Player,Nation,Pos,Squad,Age,Born,Matches Played,Game or games started by player,Minutes,90s Played90s played,Goals,Assists,Goals + Assists,Non-Penalty Goals,Penalty Kicks Made,Penalty Kicks Attempted,Yellow Cards,Red Cards,xG,npxG,xAG,"npxG + xAGNon-Penalty Expected Goals plus Assisted GoalsxG totals include penalty kicks, but do not include penalty shootouts (unless otherwise noted).Provided by Opta.An underline indicates there is a match that is missing data, but will be updated when available.Minimum 30 minutes played per squad game to qualify as a leader",PrgC,PrgP,PrgR,Goals,Assists,Goals + Assists,Non-Penalty Goals,Non-Penalty Goals + Assists/90Goals plus Assists minus Penalty Kicks made per 90 minutes,xG,xAG,"xG + xAG/90Expected Goals plus Assisted Goals per 90 minutesxG totals include penalty kicks, but do not include penalty shootouts (unless otherwise noted).Provided by Opta.An underline indicates there is a match that is missing data, but will be updated when available.Minimum 30 minutes played per squad game to qualify as a leader",npxG,"npxG + xAGNon-Penalty Expected Goals plus Assisted GoalsxG totals include penalty kicks, but do not include penalty shootouts (unless otherwise noted).Provided by Opta.An underline indicates there is a match that is missing data, but will be updated when available.Minimum 30 minutes played per squad game to qualify as a leader.1",Matches,Season,90s,Cmp,Cmp,Cmp,Cmp,Att,Att,Att,Att,Cmp%,Cmp%,Cmp%,Cmp%,Tot,Prg,Cmp,Cmp,Cmp,Cmp,Att,Att,Att,Att,Cmp%,Cmp%,Cmp%,Cmp%,Cmp,Cmp,Cmp,Cmp,Att,Att,Att,Att,Cmp%,Cmp%,Cmp%,Cmp%,Cmp,Cmp,Cmp,Cmp,Att,Att,Att,Att,Cmp%,Cmp%,Cmp%,Cmp%,Ast,xA,Assists - xAGAssists minus Expected Goals Assisted,KP,1/3,PPA,CrsPA,Gls,Sh,SoT,SoT%,Sh/90,SoT/90,G/Sh,G/SoT,Dist,FK,PK,PKatt,npxG/Shot,"Goals - xGGoals minus Expected GoalsxG totals include penalty kicks, but do not include penalty shootouts (unless otherwise noted).Provided by Opta.An underline indicates there is a match that is missing data, but will be updated when available.","Non-Penalty Goals - npxGNon-Penalty Goals minus Non-Penalty Expected GoalsxG totals include penalty kicks, but do not include penalty shootouts (unless otherwise noted).Provided by Opta.An underline indicates there is a match that is missing data, but will be updated when available.",Touches,Def Pen,Def 3rd,Mid 3rd,Att 3rd,Att Pen,Live,Succ,Succ%,Tkld,Tkld%,Carries,CPA,Mis,Dis,Rec,Tkl,Tkl,TklW,Tkl,Tkl,Tkl%,Lost,Blocks,Pass,Int,Tkl+Int,Clr,Err,SCA,SCA90,TO,TO,Fld,Fld,Def,Def,GCA,GCA90,TO,TO,Fld,Fld,Def,Def,Second Yellow Card,Fouls Committed,Fouls Drawn,Offsides,Crosses,Interceptions,Tackles Won,Penalty Kicks Won,Penalty Kicks Conceded,Own Goals,Ball Recoveries,Won,Won%,GA,PKA,CK,OG,Post-Shot Expected Goals,Post-Shot Expected Goals per Shot on Target,PSxG-GAPost-Shot Expected Goals minus Goals AllowedPositive numbers suggest better luck or an above average ability to stop shotsPSxG is expected goals based on how likely the goalkeeper is to save the shotNote,PSxG-GA/90Post-Shot Expected Goals minus Goals Allowed per 90 minutesPositive numbers suggest better luck or an above average ability to stop shotsPSxG is expected goals based on how likely the goalkeeper is to save the shotNote,Att (GK),Thr,Launch%,Launch%,Avg,Avg,Avg,Launch%,Launch%,Avg,Avg,Avg,Opp,Stp,Stp%,#OPA,#OPA/90,Avg,Avg,Avg
Luis Abram,pe PER,DF,Atlanta Utd,26,1996,22,16,1456,16.2,0.0,0.0,0.0,0.0,0.0,0.0,0.06,0.0,0.01,0.01,0.0,0.01,0.31,1.79,0.06,0.0,0.0,0.0,0.0,0.0,0.0,0.0,0.01,0.0,0.01,Matches,2023,16.2,49.1,15.4,28.3,5.06,56.0,16.7,30.3,8.21,87.8,92.3,93.5,61.7,965.8,363.2,49.1,15.4,28.3,5.06,56.0,16.7,30.3,8.21,87.8,92.3,93.5,61.7,49.1,15.4,28.3,5.06,56.0,16.7,30.3,8.21,87.8,92.3,93.5,61.7,49.1,15.4,28.3,5.06,56.0,16.7,30.3,8.21,87.8,92.3,93.5,61.7,0.0,0.01,0.0,0.06,1.23,0.06,0.0,0.0,0.12,0.0,0.0,0.12,0.0,0.0,,10.1,0.0,0.0,0.0,0.04,-0.01,-0.01,63.5,9.2,40.9,21.8,1.11,0.43,63.5,0.0,0.0,0.0,0.0,40.4,0.0,0.19,0.06,45.0,0.74,0.49,0.56,0.74,0.49,61.5,0.31,1.48,0.8,0.99,1.73,3.21,0.0,0.19,0.19,0.0,0.0,0.0,0.0,0.0,0.0,0.0,0.0,0.0,0.0,0.0,0.0,0.0,0.0,0.0,0.37,0.31,0.06,0.06,0.99,0.56,0.0,0.06,0.0,4.38,1.17,57.6,,,,,,,,,,,,,,,,,,,,,,,,,,,,
Lalas Abubakar,gh GHA,DF,Colorado Rapids,28,1994,26,23,1920,21.3,0.09,0.0,0.09,0.09,0.0,0.0,0.42,0.05,0.04,0.04,0.01,0.05,0.23,2.35,0.14,0.09,0.0,0.09,0.09,0.09,0.04,0.01,0.05,0.04,0.05,Matches,2023,21.3,44.7,18.5,22.6,3.0,52.1,20.3,24.7,5.73,85.8,91.4,91.4,52.5,783.3,267.2,44.7,18.5,22.6,3.0,52.1,20.3,24.7,5.73,85.8,91.4,91.4,52.5,44.7,18.5,22.6,3.0,52.1,20.3,24.7,5.73,85.8,91.4,91.4,52.5,44.7,18.5,22.6,3.0,52.1,20.3,24.7,5.73,85.8,91.4,91.4,52.5,0.0,0.03,-0.01,0.14,2.25,0.05,0.05,0.09,0.38,0.23,62.5,0.37,0.23,0.25,0.4,11.0,0.0,0.0,0.0,0.1,0.06,0.06,60.5,5.68,30.5,27.8,2.49,1.13,60.5,0.19,80.0,0.05,20.0,33.4,0.09,0.33,0.0,40.4,1.03,0.61,0.52,1.03,0.61,72.2,0.23,1.08,0.28,1.6,2.63,2.86,0.09,0.28,0.28,0.0,0.0,0.0,0.0,0.0,0.0,0.0,0.0,0.0,0.0,0.0,0.0,0.0,0.0,0.05,1.5,0.33,0.09,0.09,1.6,0.52,0.0,0.0,0.0,4.13,1.6,50.7,,,,,,,,,,,,,,,,,,,,,,,,,,,,
Alonso Aceves,mx MEX,DF,Chicago Fire,21,2001,20,9,853,9.5,0.0,0.0,0.0,0.0,0.0,0.0,0.11,0.0,0.03,0.03,0.04,0.07,2.21,2.53,3.58,0.0,0.0,0.0,0.0,0.0,0.04,0.04,0.07,0.04,0.07,Matches,2023,9.5,33.8,17.3,14.3,2.0,45.9,19.6,18.6,5.16,73.6,88.2,76.8,38.8,551.7,192.3,33.8,17.3,14.3,2.0,45.9,19.6,18.6,5.16,73.6,88.2,76.8,38.8,33.8,17.3,14.3,2.0,45.9,19.6,18.6,5.16,73.6,88.2,76.8,38.8,33.8,17.3,14.3,2.0,45.9,19.6,18.6,5.16,73.6,88.2,76.8,38.8,0.0,0.04,-0.04,0.74,2.63,0.74,0.42,0.0,0.32,0.0,0.0,0.32,0.0,0.0,,14.1,0.0,0.0,0.0,0.11,-0.03,-0.03,59.8,5.47,20.7,25.8,13.7,0.95,59.8,0.63,40.0,0.84,53.3,29.1,0.11,1.58,0.21,30.7,3.05,1.16,2.11,3.05,1.16,45.8,1.37,2.21,1.37,1.58,4.63,3.58,0.0,1.47,1.48,0.0,0.0,0.0,0.0,0.0,0.0,0.11,0.11,0.0,0.0,0.0,0.0,0.0,0.0,0.0,1.05,0.74,0.0,3.47,1.58,2.11,0.0,0.0,0.0,5.37,1.05,47.6,,,,,,,,,,,,,,,,,,,,,,,,,,,,
Bryan Acosta,hn HON,MF,Colorado Rapids,29,1993,14,13,1117,12.4,0.0,0.0,0.0,0.0,0.0,0.0,0.48,0.0,0.07,0.07,0.22,0.29,0.89,4.27,1.94,0.0,0.0,0.0,0.0,0.0,0.07,0.22,0.29,0.07,0.29,Matches,2023,12.4,33.6,10.2,15.2,7.74,43.0,11.6,17.2,12.6,78.2,88.2,88.7,61.5,764.1,222.3,33.6,10.2,15.2,7.74,43.0,11.6,17.2,12.6,78.2,88.2,88.7,61.5,33.6,10.2,15.2,7.74,43.0,11.6,17.2,12.6,78.2,88.2,88.7,61.5,33.6,10.2,15.2,7.74,43.0,11.6,17.2,12.6,78.2,88.2,88.7,61.5,0.0,0.14,-0.22,2.02,4.6,0.56,0.08,0.0,1.13,0.4,35.7,1.13,0.4,0.0,0.0,22.1,0.0,0.0,0.0,0.06,-0.07,-0.07,51.2,2.34,11.2,29.2,11.5,0.81,51.2,0.73,81.8,0.08,9.1,26.5,0.24,0.97,0.65,31.3,1.77,0.48,1.21,1.77,0.48,37.5,0.81,1.37,0.97,0.56,2.34,1.13,0.08,3.23,3.23,0.32,0.08,0.08,0.0,0.08,0.0,0.16,0.16,0.32,0.08,0.08,0.0,0.08,0.0,0.0,2.02,0.4,0.24,3.95,0.56,1.21,0.0,0.0,0.0,5.32,1.21,57.7,,,,,,,,,,,,,,,,,,,,,,,,,,,,
Bryan Acosta,hn HON,MF,Portland Timbers,29,1993,7,5,458,5.1,0.0,0.2,0.2,0.0,0.0,0.0,0.2,0.0,0.0,0.0,0.18,0.18,0.0,3.73,0.59,0.0,0.2,0.2,0.0,0.2,0.0,0.17,0.18,0.0,0.18,Matches,2023,5.1,37.6,13.1,18.2,5.69,43.5,14.3,20.2,7.25,86.5,91.8,90.3,78.4,729.2,182.2,37.6,13.1,18.2,5.69,43.5,14.3,20.2,7.25,86.5,91.8,90.3,78.4,37.6,13.1,18.2,5.69,43.5,14.3,20.2,7.25,86.5,91.8,90.3,78.4,37.6,13.1,18.2,5.69,43.5,14.3,20.2,7.25,86.5,91.8,90.3,78.4,0.2,0.14,0.02,0.59,5.29,0.39,0.0,0.0,0.39,0.0,0.0,0.39,0.0,0.0,,32.4,0.0,0.0,0.0,0.01,0.0,0.0,52.2,2.16,11.6,33.3,7.25,0.59,52.2,0.2,100.0,0.0,0.0,26.1,0.0,0.39,0.39,27.3,3.53,2.35,2.35,3.53,2.35,52.2,2.16,0.78,0.39,1.57,5.1,0.78,0.0,1.37,1.38,0.0,0.0,0.0,0.0,0.39,0.0,0.2,0.2,0.0,0.0,0.0,0.0,0.39,0.0,0.0,2.75,0.59,0.0,1.18,1.57,2.35,0.0,0.0,0.0,6.67,1.57,66.7,,,,,,,,,,,,,,,,,,,,,,,,,,,,
Kellyn Acosta,us USA,MF,LAFC,27,1995,24,18,1498,16.6,0.0,0.0,0.0,0.0,0.0,0.0,0.3,0.0,0.04,0.04,0.07,0.1,0.54,3.49,1.45,0.0,0.0,0.0,0.0,0.0,0.04,0.07,0.1,0.04,0.1,Matches,2023,16.6,35.2,18.4,12.2,3.49,43.3,20.2,14.7,6.69,81.2,91.0,83.2,52.3,578.7,186.3,35.2,18.4,12.2,3.49,43.3,20.2,14.7,6.69,81.2,91.0,83.2,52.3,35.2,18.4,12.2,3.49,43.3,20.2,14.7,6.69,81.2,91.0,83.2,52.3,35.2,18.4,12.2,3.49,43.3,20.2,14.7,6.69,81.2,91.0,83.2,52.3,0.0,0.09,-0.07,1.02,4.16,0.12,0.0,0.0,0.84,0.24,28.6,0.84,0.24,0.0,0.0,24.6,0.24,0.0,0.0,0.05,-0.04,-0.04,51.1,0.96,8.73,29.5,13.5,0.18,51.1,0.42,58.3,0.24,33.3,25.8,0.0,0.78,0.42,32.5,2.05,1.02,1.2,2.05,1.02,51.5,0.96,1.33,1.2,1.08,3.13,0.66,0.0,2.23,2.22,0.06,0.0,0.12,0.0,0.0,0.0,0.12,0.12,0.06,0.0,0.12,0.0,0.0,0.0,0.0,1.51,0.78,0.0,3.49,1.08,1.2,0.0,0.0,0.0,6.02,0.6,38.5,,,,,,,,,,,,,,,,,,,,,,,,,,,,
Luciano Acosta,ar ARG,MF,FC Cincinnati,28,1994,32,29,2605,28.9,0.59,0.35,0.93,0.35,0.24,0.28,0.24,0.0,0.45,0.23,0.35,0.58,4.01,7.54,7.82,0.59,0.35,0.93,0.35,0.69,0.44,0.35,0.8,0.23,0.58,Matches,2023,28.9,36.1,19.2,11.2,4.05,51.0,22.8,15.7,8.27,70.8,84.2,71.2,49.0,598.4,226.9,36.1,19.2,11.2,4.05,51.0,22.8,15.7,8.27,70.8,84.2,71.2,49.0,36.1,19.2,11.2,4.05,51.0,22.8,15.7,8.27,70.8,84.2,71.2,49.0,36.1,19.2,11.2,4.05,51.0,22.8,15.7,8.27,70.8,84.2,71.2,49.0,0.35,0.35,-0.01,3.36,4.67,2.91,0.21,0.59,2.6,1.07,41.3,2.59,1.07,0.13,0.32,22.5,0.35,0.24,0.28,0.09,0.14,0.12,65.1,0.21,4.64,29.4,31.9,4.67,64.8,3.01,46.5,3.04,47.1,40.0,1.87,2.94,2.25,48.1,1.25,0.45,0.66,1.25,0.45,31.7,0.97,0.76,0.73,0.62,1.87,0.1,0.03,7.09,7.08,0.76,0.14,0.55,0.1,0.1,0.03,1.0,1.0,0.76,0.14,0.55,0.1,0.1,0.03,0.0,1.66,2.11,0.17,4.19,0.62,0.66,0.03,0.0,0.0,4.71,0.1,18.8,,,,,,,,,,,,,,,,,,,,,,,,,,,,
Sam Adekugbe,ca CAN,"FW,DF",Vancouver W'caps,28,1995,10,4,409,4.5,0.0,0.22,0.22,0.0,0.0,0.0,0.44,0.0,0.04,0.04,0.18,0.2,1.56,3.78,7.78,0.0,0.22,0.22,0.0,0.22,0.03,0.18,0.21,0.03,0.21,Matches,2023,4.5,45.6,28.9,14.0,2.44,55.1,31.1,17.1,4.89,82.7,92.9,81.8,50.0,656.2,183.1,45.6,28.9,14.0,2.44,55.1,31.1,17.1,4.89,82.7,92.9,81.8,50.0,45.6,28.9,14.0,2.44,55.1,31.1,17.1,4.89,82.7,92.9,81.8,50.0,45.6,28.9,14.0,2.44,55.1,31.1,17.1,4.89,82.7,92.9,81.8,50.0,0.22,0.18,0.04,1.33,4.0,2.44,1.11,0.0,0.44,0.0,0.0,0.44,0.0,0.0,,17.6,0.22,0.0,0.0,0.08,-0.04,-0.04,63.3,2.67,13.8,28.4,21.6,1.11,63.3,0.89,66.7,0.44,33.3,40.0,0.44,1.56,0.22,45.8,0.89,0.22,0.67,0.89,0.22,33.3,0.44,0.89,0.67,1.56,2.44,2.22,0.0,2.22,2.21,0.0,0.0,0.0,0.0,0.0,0.0,0.22,0.22,0.0,0.0,0.0,0.0,0.0,0.0,0.0,1.78,0.44,0.0,3.56,1.56,0.67,0.0,0.0,0.0,5.11,0.89,28.6,,,,,,,,,,,,,,,,,,,,,,,,,,,,
Samuel Adeniran,us USA,FW,St. Louis,24,1998,18,11,949,10.5,0.76,0.1,0.86,0.67,0.1,0.1,0.29,0.1,0.37,0.3,0.12,0.42,3.05,1.14,4.38,0.76,0.09,0.85,0.66,0.76,0.37,0.12,0.49,0.29,0.42,Matches,2023,10.5,8.67,4.29,2.38,1.05,15.5,7.62,3.9,1.52,55.8,56.3,61.0,68.8,135.8,25.7,8.67,4.29,2.38,1.05,15.5,7.62,3.9,1.52,55.8,56.3,61.0,68.8,8.67,4.29,2.38,1.05,15.5,7.62,3.9,1.52,55.8,56.3,61.0,68.8,8.67,4.29,2.38,1.05,15.5,7.62,3.9,1.52,55.8,56.3,61.0,68.8,0.1,0.06,-0.03,0.48,0.57,0.57,0.19,0.76,3.24,1.14,35.3,3.22,1.14,0.21,0.58,16.7,0.0,0.1,0.1,0.09,0.39,0.37,29.0,1.14,2.29,9.81,17.7,5.14,29.0,1.33,48.3,1.43,51.7,16.0,1.52,3.62,0.95,19.7,0.67,0.29,0.38,0.67,0.29,50.0,0.29,0.57,0.57,0.29,0.95,0.76,0.0,1.81,1.8,0.29,0.0,0.0,0.0,0.1,0.1,0.19,0.19,0.29,0.0,0.0,0.0,0.1,0.1,0.1,1.14,0.19,0.67,1.43,0.29,0.38,0.0,0.1,0.0,1.62,3.71,59.1,,,,,,,,,,,,,,,,,,,,,,,,,,,,
Harrison Afful,gh GHA,DF,Charlotte,36,1986,15,11,951,10.6,0.0,0.09,0.09,0.0,0.0,0.0,0.28,0.0,0.02,0.02,0.07,0.08,1.32,4.72,1.04,0.0,0.09,0.09,0.0,0.09,0.02,0.06,0.08,0.02,0.08,Matches,2023,10.6,54.2,25.0,24.1,4.34,64.0,26.6,27.0,8.21,84.7,94.0,89.2,52.9,935.7,292.7,54.2,25.0,24.1,4.34,64.0,26.6,27.0,8.21,84.7,94.0,89.2,52.9,54.2,25.0,24.1,4.34,64.0,26.6,27.0,8.21,84.7,94.0,89.2,52.9,54.2,25.0,24.1,4.34,64.0,26.6,27.0,8.21,84.7,94.0,89.2,52.9,0.09,0.04,0.03,0.57,3.68,0.66,0.19,0.0,0.38,0.09,25.0,0.38,0.09,0.0,0.0,24.4,0.0,0.0,0.0,0.04,-0.02,-0.02,72.7,4.72,22.6,39.9,10.9,0.38,72.7,1.04,68.8,0.28,18.8,33.0,0.0,1.13,0.66,43.3,1.04,0.66,0.66,1.04,0.66,36.8,1.13,0.94,0.75,2.08,3.11,2.45,0.09,2.26,2.27,0.19,0.19,0.0,0.0,0.0,0.0,0.66,0.66,0.19,0.19,0.0,0.0,0.0,0.0,0.0,1.23,0.38,0.0,0.66,2.08,0.66,0.0,0.0,0.0,8.68,1.04,68.8,,,,,,,,,,,,,,,,,,,,,,,,,,,,
Stephen Afrifa,ca CAN,FW,Sporting KC,21,2001,3,1,51,0.6,0.0,0.0,0.0,0.0,0.0,0.0,0.0,0.0,0.0,0.0,0.0,0.0,1.67,0.0,1.67,0.0,0.0,0.0,0.0,0.0,0.0,0.0,0.0,0.0,0.0,Matches,2023,0.6,8.33,6.67,1.67,0.0,8.33,6.67,1.67,0.0,100.0,100.0,100.0,,93.3,0.0,8.33,6.67,1.67,0.0,8.33,6.67,1.67,0.0,100.0,100.0,100.0,,8.33,6.67,1.67,0.0,8.33,6.67,1.67,0.0,100.0,100.0,100.0,,8.33,6.67,1.67,0.0,8.33,6.67,1.67,0.0,100.0,100.0,100.0,,0.0,0.0,0.0,0.0,0.0,0.0,0.0,0.0,0.0,0.0,,0.0,0.0,,,,0.0,0.0,0.0,,0.0,0.0,23.3,1.67,1.67,6.67,15.0,5.0,23.3,1.67,33.3,1.67,33.3,10.0,1.67,6.67,0.0,5.0,0.0,0.0,0.0,0.0,0.0,,0.0,1.67,1.67,1.67,1.67,1.67,0.0,1.67,1.76,0.0,0.0,0.0,0.0,0.0,0.0,0.0,0.0,0.0,0.0,0.0,0.0,0.0,0.0,0.0,1.67,0.0,0.0,0.0,1.67,0.0,0.0,0.0,0.0,5.0,0.0,0.0,,,,,,,,,,,,,,,,,,,,,,,,,,,,
William Agada,ng NGA,FW,Sporting KC,23,1999,14,7,688,7.6,0.39,0.0,0.39,0.39,0.0,0.0,0.13,0.0,0.39,0.38,0.08,0.47,1.32,1.45,6.32,0.39,0.0,0.39,0.39,0.39,0.4,0.08,0.48,0.39,0.47,Matches,2023,7.6,17.0,11.3,4.47,0.53,21.3,12.4,6.32,0.79,79.6,91.5,70.8,66.7,231.1,28.8,17.0,11.3,4.47,0.53,21.3,12.4,6.32,0.79,79.6,91.5,70.8,66.7,17.0,11.3,4.47,0.53,21.3,12.4,6.32,0.79,79.6,91.5,70.8,66.7,17.0,11.3,4.47,0.53,21.3,12.4,6.32,0.79,79.6,91.5,70.8,66.7,0.0,0.04,-0.08,1.18,0.92,0.39,0.0,0.39,3.55,1.05,29.6,3.53,1.05,0.11,0.38,15.4,0.0,0.0,0.0,0.11,0.0,0.01,29.6,0.39,1.32,12.1,16.6,5.39,29.6,0.79,75.0,0.13,12.5,20.3,0.66,1.84,2.24,23.0,0.39,0.13,0.26,0.39,0.13,20.0,0.53,0.79,0.53,0.26,0.66,0.13,0.0,2.76,2.75,0.26,0.0,0.13,0.0,0.0,0.0,0.0,0.0,0.26,0.0,0.13,0.0,0.0,0.0,0.0,1.58,0.79,0.79,0.0,0.26,0.26,0.13,0.0,0.0,2.37,1.05,24.2,,,,,,,,,,,,,,,,,,,,,,,,,,,,
Giovanni Aguilar,us USA,MF,Vancouver W'caps,24,1998,1,0,10,0.1,0.0,0.0,0.0,0.0,0.0,0.0,0.0,0.0,0.0,0.0,0.0,0.0,0.0,0.0,0.0,0.0,0.0,0.0,0.0,0.0,0.0,0.0,0.0,0.0,0.0,Matches,2023,0.1,30.0,10.0,20.0,0.0,50.0,10.0,30.0,10.0,60.0,100.0,66.7,0.0,540.0,220.0,30.0,10.0,20.0,0.0,50.0,10.0,30.0,10.0,60.0,100.0,66.7,0.0,30.0,10.0,20.0,0.0,50.0,10.0,30.0,10.0,60.0,100.0,66.7,0.0,30.0,10.0,20.0,0.0,50.0,10.0,30.0,10.0,60.0,100.0,66.7,0.0,0.0,0.0,0.0,0.0,0.0,0.0,0.0,0.0,0.0,0.0,,0.0,0.0,,,,0.0,0.0,0.0,,0.0,0.0,60.0,0.0,30.0,30.0,0.0,0.0,60.0,0.0,,0.0,,20.0,0.0,0.0,10.0,30.0,10.0,0.0,10.0,10.0,0.0,,0.0,0.0,0.0,0.0,10.0,0.0,0.0,0.0,0.0,0.0,0.0,0.0,0.0,0.0,0.0,0.0,0.0,0.0,0.0,0.0,0.0,0.0,0.0,0.0,10.0,0.0,0.0,0.0,0.0,10.0,0.0,0.0,0.0,10.0,0.0,,,,,,,,,,,,,,,,,,,,,,,,,,,,,
Daniel Aguirre,us USA,"MF,FW",LA Galaxy,23,1999,25,3,573,6.4,0.16,0.16,0.31,0.16,0.0,0.0,0.47,0.0,0.27,0.27,0.08,0.34,3.28,5.0,7.81,0.16,0.16,0.31,0.16,0.31,0.27,0.08,0.35,0.27,0.35,Matches,2023,6.4,43.3,25.9,13.3,1.41,51.4,27.5,16.1,2.97,84.2,94.3,82.5,47.4,589.7,179.8,43.3,25.9,13.3,1.41,51.4,27.5,16.1,2.97,84.2,94.3,82.5,47.4,43.3,25.9,13.3,1.41,51.4,27.5,16.1,2.97,84.2,94.3,82.5,47.4,43.3,25.9,13.3,1.41,51.4,27.5,16.1,2.97,84.2,94.3,82.5,47.4,0.16,0.11,0.08,1.56,3.44,0.47,0.16,0.16,2.19,0.78,35.7,2.2,0.79,0.07,0.2,15.0,0.0,0.0,0.0,0.12,-0.11,-0.11,63.8,1.88,10.0,29.4,24.5,4.22,63.8,0.78,27.8,1.56,55.6,39.7,1.09,2.19,1.09,49.4,1.25,0.78,0.31,1.25,0.78,62.5,0.47,1.56,1.25,0.94,2.19,0.94,0.0,4.22,4.25,0.16,0.16,0.47,0.16,0.0,0.0,0.47,0.47,0.16,0.16,0.47,0.16,0.0,0.0,0.0,0.94,2.34,0.0,2.66,0.94,0.31,0.16,0.16,0.0,4.84,0.78,33.3,,,,,,,,,,,,,,,,,,,,,,,,,,,,
Patrick Agyemang,us USA,FW,Charlotte,22,2000,12,1,191,2.1,0.48,0.0,0.48,0.48,0.0,0.0,1.43,0.0,0.19,0.19,0.05,0.24,1.9,0.95,11.0,0.47,0.0,0.47,0.47,0.47,0.21,0.03,0.24,0.21,0.24,Matches,2023,2.1,11.9,8.57,2.38,0.0,17.1,10.0,2.86,0.48,69.4,85.7,83.3,0.0,131.4,8.1,11.9,8.57,2.38,0.0,17.1,10.0,2.86,0.48,69.4,85.7,83.3,0.0,11.9,8.57,2.38,0.0,17.1,10.0,2.86,0.48,69.4,85.7,83.3,0.0,11.9,8.57,2.38,0.0,17.1,10.0,2.86,0.48,69.4,85.7,83.3,0.0,0.0,0.0,-0.05,0.48,0.0,0.48,0.0,0.48,3.33,0.95,28.6,3.3,0.94,0.14,0.5,13.1,0.0,0.0,0.0,0.06,0.29,0.29,36.7,1.9,2.86,13.8,20.5,6.19,36.7,1.43,50.0,1.43,50.0,22.4,2.38,7.62,1.43,26.2,0.0,0.0,0.0,0.0,0.0,0.0,0.48,0.95,0.95,0.0,0.0,1.43,0.0,2.38,2.36,1.43,0.0,0.48,0.0,0.0,0.0,0.0,0.0,1.43,0.0,0.48,0.0,0.0,0.0,0.0,6.19,1.9,0.48,0.0,0.0,0.0,0.0,0.0,0.0,2.86,4.29,56.3,,,,,,,,,,,,,,,,,,,,,,,,,,,,
Ali Ahmed,ca CAN,"MF,DF",Vancouver W'caps,22,2000,22,12,1126,12.5,0.16,0.08,0.24,0.16,0.0,0.0,0.16,0.0,0.22,0.22,0.1,0.31,4.24,5.68,8.4,0.16,0.08,0.24,0.16,0.24,0.22,0.09,0.31,0.22,0.31,Matches,2023,12.5,37.2,19.4,14.2,2.72,43.1,21.0,15.8,3.84,86.3,92.4,90.4,70.8,587.6,146.7,37.2,19.4,14.2,2.72,43.1,21.0,15.8,3.84,86.3,92.4,90.4,70.8,37.2,19.4,14.2,2.72,43.1,21.0,15.8,3.84,86.3,92.4,90.4,70.8,37.2,19.4,14.2,2.72,43.1,21.0,15.8,3.84,86.3,92.4,90.4,70.8,0.08,0.14,-0.02,1.04,3.12,2.08,0.56,0.16,1.2,0.72,60.0,1.2,0.72,0.13,0.22,15.2,0.0,0.0,0.0,0.18,-0.06,-0.06,55.9,0.88,7.6,27.3,22.0,2.96,55.9,1.92,52.2,1.12,30.4,39.0,0.72,2.24,1.6,38.8,2.96,1.2,2.16,2.96,1.2,60.0,0.8,1.04,0.88,1.44,4.4,0.08,0.0,3.92,3.92,0.24,0.0,0.56,0.0,0.08,0.08,0.32,0.32,0.24,0.0,0.56,0.0,0.08,0.08,0.0,1.36,3.2,0.0,1.84,1.44,2.16,0.0,0.0,0.0,7.84,0.48,37.5,,,,,,,,,,,,,,,,,,,,,,,,,,,,
Carlos Akapo,gq EQG,DF,SJ Earthquakes,29,1993,28,25,2146,23.8,0.08,0.13,0.21,0.08,0.0,0.0,0.13,0.0,0.05,0.05,0.07,0.12,2.98,4.16,5.17,0.08,0.13,0.21,0.08,0.21,0.05,0.07,0.12,0.05,0.12,Matches,2023,23.8,41.6,22.2,15.7,2.77,54.6,25.0,20.3,4.83,76.3,88.6,77.1,57.4,660.2,263.9,41.6,22.2,15.7,2.77,54.6,25.0,20.3,4.83,76.3,88.6,77.1,57.4,41.6,22.2,15.7,2.77,54.6,25.0,20.3,4.83,76.3,88.6,77.1,57.4,41.6,22.2,15.7,2.77,54.6,25.0,20.3,4.83,76.3,88.6,77.1,57.4,0.13,0.08,0.05,0.5,2.61,0.76,0.25,0.08,1.13,0.13,11.1,1.13,0.13,0.07,0.67,17.2,0.0,0.0,0.0,0.05,0.03,0.03,69.5,4.75,21.1,28.9,20.3,2.39,69.5,1.47,46.7,1.3,41.3,34.9,0.63,1.85,0.71,37.6,2.56,1.26,1.55,2.56,1.26,53.6,1.09,1.34,1.05,1.76,4.33,3.32,0.04,1.89,1.89,0.13,0.0,0.08,0.0,0.04,0.04,0.25,0.25,0.13,0.0,0.08,0.0,0.04,0.04,0.0,1.26,1.47,0.08,2.02,1.76,1.55,0.0,0.0,0.0,6.51,2.06,50.5,,,,,,,,,,,,,,,,,,,,,,,,,,,,
Matai Akinmboni,us USA,DF,D.C. United,16,2006,3,2,182,2.0,0.0,0.0,0.0,0.0,0.0,0.0,0.0,0.0,0.05,0.05,0.0,0.05,0.0,2.0,0.0,0.0,0.0,0.0,0.0,0.0,0.05,0.0,0.05,0.05,0.05,Matches,2023,2.0,45.0,13.5,26.5,5.0,53.5,14.0,29.5,7.5,84.1,96.4,89.8,66.7,894.0,334.0,45.0,13.5,26.5,5.0,53.5,14.0,29.5,7.5,84.1,96.4,89.8,66.7,45.0,13.5,26.5,5.0,53.5,14.0,29.5,7.5,84.1,96.4,89.8,66.7,45.0,13.5,26.5,5.0,53.5,14.0,29.5,7.5,84.1,96.4,89.8,66.7,0.0,0.0,0.0,0.0,1.5,0.0,0.0,0.0,0.5,0.0,0.0,0.49,0.0,0.0,,8.0,0.0,0.0,0.0,0.1,-0.05,-0.05,58.5,6.5,33.0,22.0,3.5,0.5,58.5,0.0,,0.0,,38.5,0.0,0.0,0.0,41.0,0.5,0.5,0.5,0.5,0.5,100.0,0.0,1.0,0.0,0.5,1.0,3.0,0.0,0.5,0.49,0.0,0.0,0.0,0.0,0.0,0.0,0.0,0.0,0.0,0.0,0.0,0.0,0.0,0.0,0.0,0.5,0.5,0.0,0.5,0.5,0.5,0.0,0.5,0.0,4.0,1.5,75.0,,,,,,,,,,,,,,,,,,,,,,,,,,,,
Ayo Akinola,ca CAN,FW,Toronto FC,23,2000,14,4,558,6.2,0.0,0.0,0.0,0.0,0.0,0.0,0.0,0.0,0.16,0.16,0.05,0.21,0.97,1.29,6.45,0.0,0.0,0.0,0.0,0.0,0.17,0.05,0.21,0.17,0.21,Matches,2023,6.2,20.2,12.3,5.32,0.65,24.2,14.0,5.97,0.81,83.3,87.4,89.2,80.0,261.8,35.8,20.2,12.3,5.32,0.65,24.2,14.0,5.97,0.81,83.3,87.4,89.2,80.0,20.2,12.3,5.32,0.65,24.2,14.0,5.97,0.81,83.3,87.4,89.2,80.0,20.2,12.3,5.32,0.65,24.2,14.0,5.97,0.81,83.3,87.4,89.2,80.0,0.0,0.06,-0.05,0.65,0.16,0.65,0.32,0.0,1.77,0.48,27.3,1.77,0.48,0.0,0.0,17.3,0.0,0.0,0.0,0.1,-0.16,-0.16,33.4,0.48,2.1,13.9,17.7,2.42,33.4,0.32,28.6,0.48,42.9,19.2,0.48,3.23,1.94,26.6,0.16,0.0,0.16,0.16,0.0,0.0,0.32,0.81,0.81,0.0,0.16,0.48,0.0,2.1,2.1,0.32,0.0,0.32,0.0,0.0,0.0,0.32,0.32,0.32,0.0,0.32,0.0,0.0,0.0,0.0,1.45,0.48,1.29,0.81,0.0,0.16,0.0,0.0,0.0,2.1,0.81,31.3,,,,,,,,,,,,,,,,,,,,,,,,,,,,
Ayo Akinola,ca CAN,"FW,MF",SJ Earthquakes,23,2000,7,0,55,0.6,0.0,0.0,0.0,0.0,0.0,0.0,0.0,0.0,0.17,0.17,0.0,0.17,0.0,1.67,5.0,0.0,0.0,0.0,0.0,0.0,0.11,0.0,0.11,0.11,0.11,Matches,2023,0.6,20.0,13.3,6.67,0.0,23.3,15.0,6.67,0.0,85.7,88.9,100.0,,256.7,15.0,20.0,13.3,6.67,0.0,23.3,15.0,6.67,0.0,85.7,88.9,100.0,,20.0,13.3,6.67,0.0,23.3,15.0,6.67,0.0,85.7,88.9,100.0,,20.0,13.3,6.67,0.0,23.3,15.0,6.67,0.0,85.7,88.9,100.0,,0.0,0.0,0.0,0.0,0.0,0.0,0.0,0.0,1.67,0.0,0.0,1.64,0.0,0.0,,17.5,0.0,0.0,0.0,0.07,-0.17,-0.17,46.7,6.67,13.3,15.0,18.3,3.33,46.7,0.0,,0.0,,20.0,0.0,6.67,0.0,25.0,5.0,1.67,1.67,5.0,1.67,100.0,0.0,3.33,1.67,0.0,5.0,3.33,0.0,0.0,0.0,0.0,0.0,0.0,0.0,0.0,0.0,0.0,0.0,0.0,0.0,0.0,0.0,0.0,0.0,0.0,3.33,1.67,0.0,0.0,0.0,1.67,0.0,0.0,0.0,3.33,0.0,0.0,,,,,,,,,,,,,,,,,,,,,,,,,,,,
Joey Akpunonu,us USA,DF,FC Cincinnati,21,2001,1,0,9,0.1,0.0,0.0,0.0,0.0,0.0,0.0,0.0,0.0,0.0,0.0,0.0,0.0,0.0,0.0,0.0,0.0,0.0,0.0,0.0,0.0,0.0,0.0,0.0,0.0,0.0,Matches,2023,0.1,30.0,20.0,10.0,0.0,30.0,20.0,10.0,0.0,100.0,100.0,100.0,,450.0,240.0,30.0,20.0,10.0,0.0,30.0,20.0,10.0,0.0,100.0,100.0,100.0,,30.0,20.0,10.0,0.0,30.0,20.0,10.0,0.0,100.0,100.0,100.0,,30.0,20.0,10.0,0.0,30.0,20.0,10.0,0.0,100.0,100.0,100.0,,0.0,0.0,0.0,0.0,0.0,0.0,0.0,0.0,0.0,0.0,,0.0,0.0,,,,0.0,0.0,0.0,,0.0,0.0,40.0,0.0,30.0,10.0,0.0,0.0,40.0,0.0,,0.0,,20.0,0.0,0.0,0.0,20.0,0.0,0.0,0.0,0.0,0.0,,0.0,0.0,0.0,0.0,0.0,0.0,0.0,10.0,10.0,0.0,0.0,0.0,0.0,0.0,0.0,0.0,0.0,0.0,0.0,0.0,0.0,0.0,0.0,0.0,0.0,10.0,0.0,0.0,0.0,0.0,0.0,0.0,0.0,0.0,0.0,,,,,,,,,,,,,,,,,,,,,,,,,,,,,
Jordi Alba,es ESP,DF,Inter Miami,33,1989,7,5,439,4.9,0.2,0.0,0.2,0.2,0.0,0.0,0.2,0.0,0.12,0.12,0.2,0.33,2.65,6.53,10.0,0.21,0.0,0.21,0.21,0.21,0.12,0.21,0.33,0.12,0.33,Matches,2023,4.9,55.5,27.3,23.5,3.88,69.8,29.8,29.2,6.73,79.5,91.8,80.4,57.6,916.9,282.0,55.5,27.3,23.5,3.88,69.8,29.8,29.2,6.73,79.5,91.8,80.4,57.6,55.5,27.3,23.5,3.88,69.8,29.8,29.2,6.73,79.5,91.8,80.4,57.6,55.5,27.3,23.5,3.88,69.8,29.8,29.2,6.73,79.5,91.8,80.4,57.6,0.0,0.16,-0.2,1.02,4.9,1.63,0.2,0.2,0.2,0.2,100.0,0.21,0.21,1.0,1.0,12.5,0.0,0.0,0.0,0.58,0.08,0.08,78.0,3.47,17.1,33.7,27.6,1.84,78.0,0.41,40.0,0.41,40.0,47.3,0.41,0.61,0.41,56.9,1.84,0.82,1.02,1.84,0.82,57.1,0.61,0.41,0.41,0.2,2.04,1.84,0.0,1.43,1.44,0.0,0.0,0.0,0.0,0.0,0.0,0.0,0.0,0.0,0.0,0.0,0.0,0.0,0.0,0.0,0.2,0.82,0.0,2.86,0.2,1.02,0.0,0.0,0.0,4.9,0.0,0.0,,,,,,,,,,,,,,,,,,,,,,,,,,,,
Tony Alfaro,us USA,DF,NYCFC,29,1993,6,4,376,4.2,0.0,0.0,0.0,0.0,0.0,0.0,0.48,0.0,0.0,0.0,0.0,0.02,1.43,5.48,1.19,0.0,0.0,0.0,0.0,0.0,0.01,0.01,0.01,0.01,0.01,Matches,2023,4.2,42.6,21.2,18.8,1.67,52.4,24.0,22.4,4.05,81.4,88.1,84.0,41.2,676.9,267.6,42.6,21.2,18.8,1.67,52.4,24.0,22.4,4.05,81.4,88.1,84.0,41.2,42.6,21.2,18.8,1.67,52.4,24.0,22.4,4.05,81.4,88.1,84.0,41.2,42.6,21.2,18.8,1.67,52.4,24.0,22.4,4.05,81.4,88.1,84.0,41.2,0.0,0.02,0.0,0.24,4.29,0.24,0.24,0.0,0.24,0.0,0.0,0.24,0.0,0.0,,11.9,0.0,0.0,0.0,0.03,0.0,0.0,59.8,3.33,17.9,37.9,4.29,0.95,59.8,0.0,,0.0,,31.4,0.0,0.0,0.0,41.4,0.95,0.48,0.24,0.95,0.48,33.3,0.95,0.95,0.24,0.95,1.9,2.86,0.0,0.48,0.48,0.0,0.0,0.0,0.0,0.0,0.0,0.0,0.0,0.0,0.0,0.0,0.0,0.0,0.0,0.0,1.19,0.0,0.0,0.71,0.95,0.24,0.0,0.24,0.0,3.81,0.71,37.5,,,,,,,,,,,,,,,,,,,,,,,,,,,,
Tony Alfaro,us USA,DF,LA Galaxy,29,1993,6,4,382,4.2,0.0,0.0,0.0,0.0,0.0,0.0,0.24,0.0,0.0,0.0,0.0,0.0,0.24,1.67,0.24,0.0,0.0,0.0,0.0,0.0,0.0,0.0,0.0,0.0,0.0,Matches,2023,4.2,47.9,21.0,23.3,2.62,55.5,23.1,25.5,5.48,86.3,90.7,91.6,47.8,800.2,324.5,47.9,21.0,23.3,2.62,55.5,23.1,25.5,5.48,86.3,90.7,91.6,47.8,47.9,21.0,23.3,2.62,55.5,23.1,25.5,5.48,86.3,90.7,91.6,47.8,47.9,21.0,23.3,2.62,55.5,23.1,25.5,5.48,86.3,90.7,91.6,47.8,0.0,0.0,0.0,0.0,2.14,0.0,0.0,0.0,0.0,0.0,,0.0,0.0,,,,0.0,0.0,0.0,,0.0,0.0,65.2,13.6,40.2,25.0,0.24,0.0,65.2,0.0,,0.0,,39.3,0.0,0.48,0.0,40.7,0.95,0.48,0.71,0.95,0.48,33.3,0.95,1.9,0.24,1.19,2.14,4.52,0.0,0.0,0.0,0.0,0.0,0.0,0.0,0.0,0.0,0.0,0.0,0.0,0.0,0.0,0.0,0.0,0.0,0.0,1.67,0.24,0.0,0.0,1.19,0.71,0.0,0.0,0.0,4.76,0.95,50.0,,,,,,,,,,,,,,,,,,,,,,,,,,,,
Noah Allen,gr GRE,DF,Inter Miami,18,2004,19,14,1254,13.9,0.07,0.14,0.22,0.07,0.0,0.0,0.22,0.0,0.06,0.06,0.04,0.09,2.23,3.38,4.82,0.07,0.14,0.22,0.07,0.22,0.05,0.04,0.09,0.05,0.09,Matches,2023,13.9,50.4,24.6,22.4,2.73,59.8,26.3,26.0,4.96,84.2,93.4,86.4,55.1,831.7,216.9,50.4,24.6,22.4,2.73,59.8,26.3,26.0,4.96,84.2,93.4,86.4,55.1,50.4,24.6,22.4,2.73,59.8,26.3,26.0,4.96,84.2,93.4,86.4,55.1,50.4,24.6,22.4,2.73,59.8,26.3,26.0,4.96,84.2,93.4,86.4,55.1,0.14,0.07,0.1,0.5,2.3,0.65,0.14,0.07,0.65,0.29,44.4,0.65,0.29,0.11,0.25,21.4,0.07,0.0,0.0,0.09,0.01,0.01,68.7,3.17,21.4,32.8,14.8,1.01,68.7,0.5,53.8,0.22,23.1,40.3,0.43,0.94,0.5,44.6,2.52,1.37,1.15,2.52,1.37,59.4,0.94,0.94,0.79,1.01,3.53,2.37,0.0,1.37,1.36,0.07,0.0,0.0,0.0,0.0,0.0,0.29,0.29,0.07,0.0,0.0,0.0,0.0,0.0,0.0,1.01,0.22,0.22,1.94,1.01,1.15,0.0,0.0,0.0,5.47,0.5,58.3,,,,,,,,,,,,,,,,,,,,,,,,,,,,
Rasmus Alm,se SWE,"MF,FW",St. Louis,27,1995,21,13,1096,12.2,0.25,0.16,0.41,0.25,0.0,0.0,0.33,0.0,0.14,0.14,0.26,0.4,1.64,2.05,6.64,0.25,0.16,0.41,0.25,0.41,0.14,0.26,0.41,0.14,0.41,Matches,2023,12.2,14.7,8.03,4.43,1.48,24.9,10.7,8.03,3.36,58.9,74.8,55.1,43.9,227.6,76.0,14.7,8.03,4.43,1.48,24.9,10.7,8.03,3.36,58.9,74.8,55.1,43.9,14.7,8.03,4.43,1.48,24.9,10.7,8.03,3.36,58.9,74.8,55.1,43.9,14.7,8.03,4.43,1.48,24.9,10.7,8.03,3.36,58.9,74.8,55.1,43.9,0.16,0.16,-0.1,1.48,1.07,0.98,0.49,0.25,1.07,0.66,61.5,1.07,0.66,0.23,0.38,15.5,0.0,0.0,0.0,0.13,0.11,0.11,34.0,0.49,4.34,11.6,18.8,2.7,34.0,0.57,38.9,0.74,50.0,17.3,0.49,1.39,0.49,21.6,1.56,0.74,0.98,1.56,0.74,37.5,1.23,1.64,1.64,0.41,1.97,0.49,0.0,2.95,2.96,0.08,0.0,0.25,0.08,0.0,0.0,0.49,0.49,0.08,0.0,0.25,0.08,0.0,0.0,0.0,2.46,0.9,0.25,2.7,0.41,0.98,0.0,0.0,0.0,4.34,1.23,41.7,,,,,,,,,,,,,,,,,,,,,,,,,,,,
Thiago Almada,ar ARG,MF,Atlanta Utd,21,2001,31,31,2728,30.3,0.36,0.53,0.89,0.3,0.07,0.1,0.2,0.03,0.31,0.24,0.44,0.67,4.32,9.6,5.61,0.36,0.53,0.89,0.3,0.82,0.31,0.43,0.75,0.24,0.67,Matches,2023,30.3,51.5,24.5,16.8,8.18,64.4,27.1,20.7,12.3,79.9,90.4,81.2,66.5,948.9,263.9,51.5,24.5,16.8,8.18,64.4,27.1,20.7,12.3,79.9,90.4,81.2,66.5,51.5,24.5,16.8,8.18,64.4,27.1,20.7,12.3,79.9,90.4,81.2,66.5,51.5,24.5,16.8,8.18,64.4,27.1,20.7,12.3,79.9,90.4,81.2,66.5,0.53,0.36,0.09,3.07,6.63,3.0,0.23,0.36,3.5,1.35,38.7,3.5,1.35,0.08,0.22,23.5,0.63,0.07,0.1,0.07,0.05,0.06,75.7,0.26,7.43,38.1,31.6,2.51,75.6,3.14,54.0,2.08,35.8,53.8,0.86,2.31,2.08,61.3,0.79,0.3,0.46,0.79,0.3,28.1,0.76,0.36,0.33,0.3,1.09,0.03,0.07,6.83,6.83,0.69,0.07,0.33,0.07,0.07,0.0,1.09,1.09,0.69,0.07,0.33,0.07,0.07,0.0,0.03,0.76,1.85,0.0,4.03,0.3,0.46,0.0,0.0,0.0,5.18,0.07,16.7,,,,,,,,,,,,,,,,,,,,,,,,,,,,
Osvaldo Alonso,cu CUB,MF,Atlanta Utd,37,1985,7,0,97,1.1,0.0,0.0,0.0,0.0,0.0,0.0,0.91,0.0,0.09,0.09,0.0,0.09,0.91,8.18,0.91,0.0,0.0,0.0,0.0,0.0,0.12,0.0,0.12,0.12,0.12,Matches,2023,1.1,65.5,30.9,30.0,1.82,73.6,34.5,32.7,1.82,88.9,89.5,91.7,100.0,1009.1,301.8,65.5,30.9,30.0,1.82,73.6,34.5,32.7,1.82,88.9,89.5,91.7,100.0,65.5,30.9,30.0,1.82,73.6,34.5,32.7,1.82,88.9,89.5,91.7,100.0,65.5,30.9,30.0,1.82,73.6,34.5,32.7,1.82,88.9,89.5,91.7,100.0,0.0,0.09,0.0,0.0,10.0,0.0,0.0,0.0,1.82,0.0,0.0,1.86,0.0,0.0,,19.3,0.0,0.0,0.0,0.06,-0.09,-0.09,83.6,3.64,20.0,47.3,19.1,1.82,83.6,0.91,33.3,0.0,0.0,47.3,0.0,0.91,0.0,60.9,1.82,0.0,1.82,1.82,0.0,0.0,3.64,3.64,0.91,0.0,1.82,0.91,0.0,0.91,0.93,0.0,0.0,0.0,0.0,0.0,0.0,0.0,0.0,0.0,0.0,0.0,0.0,0.0,0.0,0.0,1.82,3.64,0.0,0.0,0.0,1.82,0.0,0.0,0.0,7.27,0.91,100.0,,,,,,,,,,,,,,,,,,,,,,,,,,,,
Jozy Altidore,us USA,FW,NE Revolution,33,1989,10,1,203,2.3,0.43,0.0,0.43,0.43,0.0,0.0,0.43,0.0,0.52,0.52,0.0,0.52,0.0,0.87,5.65,0.44,0.0,0.44,0.44,0.44,0.53,0.0,0.53,0.53,0.53,Matches,2023,2.3,17.4,11.7,4.78,0.87,22.6,14.3,6.96,0.87,76.9,81.8,68.8,100.0,246.5,53.0,17.4,11.7,4.78,0.87,22.6,14.3,6.96,0.87,76.9,81.8,68.8,100.0,17.4,11.7,4.78,0.87,22.6,14.3,6.96,0.87,76.9,81.8,68.8,100.0,17.4,11.7,4.78,0.87,22.6,14.3,6.96,0.87,76.9,81.8,68.8,100.0,0.0,0.04,0.0,0.0,1.3,0.0,0.0,0.43,1.74,0.87,50.0,1.77,0.89,0.25,0.5,9.0,0.0,0.0,0.0,0.3,-0.09,-0.09,30.0,0.0,1.74,13.9,14.3,3.48,30.0,0.0,0.0,0.43,100.0,21.7,0.0,2.61,1.74,25.7,0.0,0.0,0.0,0.0,0.0,0.0,0.87,0.0,0.0,0.0,0.0,0.0,0.0,0.87,0.88,0.0,0.0,0.0,0.0,0.0,0.0,0.0,0.0,0.0,0.0,0.0,0.0,0.0,0.0,0.0,0.87,2.61,0.0,0.0,0.0,0.0,0.0,0.0,0.0,3.48,0.87,66.7,,,,,,,,,,,,,,,,,,,,,,,,,,,,
Efrain Alvarez,mx MEX,"MF,FW",LA Galaxy,20,2002,10,5,376,4.2,0.0,0.0,0.0,0.0,0.0,0.0,0.0,0.0,0.1,0.1,0.14,0.24,1.67,4.76,9.29,0.0,0.0,0.0,0.0,0.0,0.09,0.15,0.24,0.09,0.24,Matches,2023,4.2,37.4,24.0,8.57,3.33,48.3,26.0,11.2,8.1,77.3,92.7,76.6,41.2,567.9,175.7,37.4,24.0,8.57,3.33,48.3,26.0,11.2,8.1,77.3,92.7,76.6,41.2,37.4,24.0,8.57,3.33,48.3,26.0,11.2,8.1,77.3,92.7,76.6,41.2,37.4,24.0,8.57,3.33,48.3,26.0,11.2,8.1,77.3,92.7,76.6,41.2,0.0,0.14,-0.14,1.9,4.05,1.43,0.24,0.0,1.9,0.48,25.0,1.91,0.48,0.0,0.0,17.6,0.0,0.0,0.0,0.05,-0.1,-0.1,59.0,0.95,7.62,23.8,27.6,3.81,59.0,0.48,20.0,1.9,80.0,36.4,1.19,2.62,2.38,43.3,0.24,0.0,0.0,0.24,0.0,0.0,1.19,0.71,0.71,0.71,0.95,0.0,0.0,4.76,4.77,0.0,0.0,0.0,0.0,0.0,0.0,0.71,0.72,0.0,0.0,0.0,0.0,0.0,0.0,0.0,1.19,0.48,0.0,6.19,0.71,0.0,0.0,0.0,0.0,4.52,0.0,0.0,,,,,,,,,,,,,,,,,,,,,,,,,,,,
Fernando Álvarez,co COL,DF,CF Montréal,19,2003,4,2,254,2.8,0.0,0.0,0.0,0.0,0.0,0.0,0.0,0.0,0.0,0.0,0.0,0.0,0.0,5.71,0.36,0.0,0.0,0.0,0.0,0.0,0.01,0.0,0.01,0.01,0.01,Matches,2023,2.8,44.3,17.9,24.3,2.14,50.7,21.1,26.4,2.86,87.3,84.7,91.9,75.0,771.8,301.8,44.3,17.9,24.3,2.14,50.7,21.1,26.4,2.86,87.3,84.7,91.9,75.0,44.3,17.9,24.3,2.14,50.7,21.1,26.4,2.86,87.3,84.7,91.9,75.0,44.3,17.9,24.3,2.14,50.7,21.1,26.4,2.86,87.3,84.7,91.9,75.0,0.0,0.0,0.0,0.0,3.21,0.0,0.0,0.0,0.36,0.0,0.0,0.35,0.0,0.0,,6.8,0.0,0.0,0.0,0.03,0.0,0.0,60.7,6.07,21.8,37.1,2.14,0.36,60.7,0.0,,0.0,,32.5,0.0,0.0,0.36,37.1,1.07,0.36,0.71,1.07,0.36,50.0,0.36,1.79,1.07,2.5,3.57,3.93,0.0,1.07,1.06,0.0,0.0,0.0,0.0,0.36,0.0,0.0,0.0,0.0,0.0,0.0,0.0,0.36,0.0,0.0,0.71,0.36,0.0,0.0,2.5,0.71,0.0,0.0,0.0,4.29,1.79,50.0,,,,,,,,,,,,,,,,,,,,,,,,,,,,
Luis Amarilla,py PAR,FW,Minnesota Utd,27,1995,13,8,742,8.2,0.24,0.0,0.24,0.0,0.24,0.24,0.24,0.0,0.39,0.21,0.12,0.33,1.46,2.93,8.05,0.24,0.0,0.24,0.0,0.0,0.39,0.12,0.51,0.2,0.32,Matches,2023,8.2,22.6,14.5,6.1,0.49,31.0,17.8,8.41,1.22,72.8,81.5,72.5,40.0,299.5,63.8,22.6,14.5,6.1,0.49,31.0,17.8,8.41,1.22,72.8,81.5,72.5,40.0,22.6,14.5,6.1,0.49,31.0,17.8,8.41,1.22,72.8,81.5,72.5,40.0,22.6,14.5,6.1,0.49,31.0,17.8,8.41,1.22,72.8,81.5,72.5,40.0,0.0,0.12,-0.12,1.1,1.95,0.61,0.0,0.24,2.44,0.73,30.0,2.43,0.73,0.0,0.0,16.4,0.0,0.24,0.24,0.08,-0.15,-0.21,44.3,1.46,3.78,23.7,17.4,4.63,44.0,1.34,42.3,1.46,46.2,24.8,0.49,3.9,1.71,33.8,0.61,0.12,0.37,0.61,0.12,9.1,1.22,0.37,0.37,0.0,0.61,0.98,0.0,2.56,2.55,0.37,0.0,0.12,0.12,0.0,0.0,0.12,0.12,0.37,0.0,0.12,0.12,0.0,0.0,0.0,0.61,1.95,1.1,0.12,0.0,0.37,0.12,0.0,0.0,4.02,2.8,46.9,,,,,,,,,,,,,,,,,,,,,,,,,,,,
Frankie Amaya,us USA,MF,NY Red Bulls,22,2000,25,22,1918,21.3,0.23,0.0,0.23,0.23,0.0,0.0,0.19,0.0,0.09,0.09,0.08,0.17,0.99,5.87,1.17,0.23,0.0,0.23,0.23,0.23,0.09,0.08,0.17,0.09,0.17,Matches,2023,21.3,31.9,13.7,13.9,3.43,41.5,15.4,16.9,7.09,76.9,88.7,82.3,48.3,579.9,210.1,31.9,13.7,13.9,3.43,41.5,15.4,16.9,7.09,76.9,88.7,82.3,48.3,31.9,13.7,13.9,3.43,41.5,15.4,16.9,7.09,76.9,88.7,82.3,48.3,31.9,13.7,13.9,3.43,41.5,15.4,16.9,7.09,76.9,88.7,82.3,48.3,0.0,0.12,-0.08,1.41,5.35,0.85,0.0,0.23,1.78,0.42,23.7,1.78,0.42,0.13,0.56,22.2,0.0,0.0,0.0,0.05,0.14,0.14,52.0,1.88,8.5,28.2,15.7,1.08,52.0,0.89,65.5,0.23,17.2,27.4,0.23,1.22,0.56,29.4,2.02,1.13,1.08,2.02,1.13,48.0,1.22,1.08,0.94,1.27,3.29,1.36,0.0,3.52,3.52,0.14,0.0,0.0,0.0,0.14,0.0,0.33,0.33,0.14,0.0,0.0,0.0,0.14,0.0,0.0,1.5,0.8,0.0,2.3,1.27,1.08,0.0,0.0,0.0,8.31,0.66,42.4,,,,,,,,,,,,,,,,,,,,,,,,,,,,
Malte Amundsen,dk DEN,DF,Columbus Crew,24,1998,22,21,1891,21.0,0.14,0.05,0.19,0.14,0.0,0.0,0.33,0.0,0.06,0.06,0.07,0.12,0.95,4.62,2.1,0.14,0.05,0.19,0.14,0.19,0.06,0.07,0.12,0.06,0.12,Matches,2023,21.0,53.3,22.7,25.9,4.29,61.3,24.5,28.5,6.52,87.0,92.8,91.0,65.7,949.3,360.9,53.3,22.7,25.9,4.29,61.3,24.5,28.5,6.52,87.0,92.8,91.0,65.7,53.3,22.7,25.9,4.29,61.3,24.5,28.5,6.52,87.0,92.8,91.0,65.7,53.3,22.7,25.9,4.29,61.3,24.5,28.5,6.52,87.0,92.8,91.0,65.7,0.05,0.04,-0.02,0.52,5.43,0.29,0.19,0.14,0.57,0.14,25.0,0.57,0.14,0.25,1.0,12.5,0.0,0.0,0.0,0.1,0.09,0.09,72.1,4.19,28.0,37.0,7.52,1.48,72.1,0.33,58.3,0.19,33.3,41.8,0.24,1.0,0.29,45.3,1.86,1.05,1.19,1.86,1.05,55.0,0.86,1.33,0.81,2.14,4.0,3.14,0.14,1.14,1.14,0.0,0.0,0.0,0.0,0.0,0.0,0.19,0.19,0.0,0.0,0.0,0.0,0.0,0.0,0.0,1.29,0.24,0.0,0.67,2.14,1.19,0.0,0.0,0.0,7.0,0.76,41.0,,,,,,,,,,,,,,,,,,,,,,,,,,,,
Sebastian Anderson,us USA,DF,Colorado Rapids,20,2002,4,3,272,3.0,0.0,0.0,0.0,0.0,0.0,0.0,0.0,0.0,0.0,0.0,0.0,0.0,1.33,1.33,2.0,0.0,0.0,0.0,0.0,0.0,0.01,0.0,0.01,0.01,0.01,Matches,2023,3.0,21.3,12.3,5.33,1.67,30.0,13.3,8.67,4.33,71.1,92.5,61.5,38.5,290.7,93.7,21.3,12.3,5.33,1.67,30.0,13.3,8.67,4.33,71.1,92.5,61.5,38.5,21.3,12.3,5.33,1.67,30.0,13.3,8.67,4.33,71.1,92.5,61.5,38.5,21.3,12.3,5.33,1.67,30.0,13.3,8.67,4.33,71.1,92.5,61.5,38.5,0.0,0.0,0.0,0.0,1.33,0.0,0.0,0.0,0.33,0.0,0.0,0.33,0.0,0.0,,20.9,0.0,0.0,0.0,0.04,0.0,0.0,40.0,4.33,16.0,12.7,11.7,0.33,40.0,0.67,100.0,0.0,0.0,19.3,0.0,0.67,0.0,19.0,1.67,0.67,0.67,1.67,0.67,50.0,0.67,1.0,0.67,0.33,2.0,5.33,0.0,1.0,1.0,0.0,0.0,0.0,0.0,0.0,0.0,0.0,0.0,0.0,0.0,0.0,0.0,0.0,0.0,0.0,2.33,1.67,0.0,2.33,0.33,0.67,0.0,0.0,0.0,3.33,0.33,25.0,,,,,,,,,,,,,,,,,,,,,,,,,,,,
José Andrés Martínez,ve VEN,MF,Philadelphia Union,28,1994,24,21,1823,20.3,0.15,0.05,0.2,0.15,0.0,0.0,0.54,0.0,0.04,0.04,0.03,0.07,0.94,5.47,0.84,0.15,0.05,0.2,0.15,0.2,0.04,0.04,0.07,0.04,0.07,Matches,2023,20.3,35.1,14.1,15.6,4.88,45.9,16.9,18.6,8.28,76.5,83.7,83.9,58.9,679.0,244.0,35.1,14.1,15.6,4.88,45.9,16.9,18.6,8.28,76.5,83.7,83.9,58.9,35.1,14.1,15.6,4.88,45.9,16.9,18.6,8.28,76.5,83.7,83.9,58.9,35.1,14.1,15.6,4.88,45.9,16.9,18.6,8.28,76.5,83.7,83.9,58.9,0.05,0.06,0.01,0.49,5.71,0.3,0.1,0.15,1.08,0.2,18.2,1.09,0.2,0.14,0.75,30.9,0.0,0.0,0.0,0.04,0.11,0.11,56.5,2.36,13.7,35.8,7.83,0.2,56.5,1.03,58.3,0.59,33.3,32.6,0.05,1.87,0.59,35.0,2.56,1.53,1.48,2.56,1.53,55.4,1.23,1.28,0.79,1.63,4.19,0.89,0.05,2.22,2.22,0.25,0.1,0.15,0.0,0.0,0.0,0.39,0.4,0.25,0.1,0.15,0.0,0.0,0.0,0.0,1.63,1.87,0.0,0.89,1.63,1.48,0.0,0.0,0.0,9.41,0.94,57.6,,,,,,,,,,,,,,,,,,,,,,,,,,,,
Iván Angulo,co COL,"FW,DF",Orlando City,23,1999,34,29,2482,27.6,0.18,0.22,0.4,0.18,0.0,0.0,0.18,0.0,0.18,0.18,0.12,0.29,2.72,3.55,9.17,0.18,0.22,0.4,0.18,0.4,0.18,0.12,0.3,0.18,0.3,Matches,2023,27.6,24.7,14.2,8.88,0.94,30.9,16.4,11.1,1.56,79.8,86.5,80.1,60.5,362.6,100.9,24.7,14.2,8.88,0.94,30.9,16.4,11.1,1.56,79.8,86.5,80.1,60.5,24.7,14.2,8.88,0.94,30.9,16.4,11.1,1.56,79.8,86.5,80.1,60.5,24.7,14.2,8.88,0.94,30.9,16.4,11.1,1.56,79.8,86.5,80.1,60.5,0.22,0.13,0.1,0.91,1.49,1.49,0.33,0.18,1.63,0.54,33.3,1.63,0.54,0.11,0.33,16.6,0.0,0.0,0.0,0.11,0.0,0.0,41.0,1.3,6.52,15.1,20.0,3.48,41.0,1.52,45.7,1.49,44.6,28.2,1.34,1.99,0.91,30.0,1.16,0.51,0.62,1.16,0.51,38.9,0.8,1.16,1.05,0.62,1.78,0.69,0.0,2.68,2.69,0.4,0.07,0.0,0.0,0.0,0.0,0.4,0.4,0.4,0.07,0.0,0.0,0.0,0.0,0.0,0.72,1.09,0.4,1.74,0.62,0.62,0.0,0.0,0.0,4.57,0.04,5.6,,,,,,,,,,,,,,,,,,,,,,,,,,,,
Marco Angulo,ec ECU,MF,FC Cincinnati,20,2002,24,9,785,8.7,0.0,0.11,0.11,0.0,0.0,0.0,0.23,0.0,0.06,0.06,0.05,0.11,0.34,2.64,2.53,0.0,0.11,0.11,0.0,0.11,0.06,0.05,0.11,0.06,0.11,Matches,2023,8.7,35.5,18.7,12.9,2.07,42.1,22.0,14.5,2.87,84.4,85.3,88.9,72.0,540.1,136.7,35.5,18.7,12.9,2.07,42.1,22.0,14.5,2.87,84.4,85.3,88.9,72.0,35.5,18.7,12.9,2.07,42.1,22.0,14.5,2.87,84.4,85.3,88.9,72.0,35.5,18.7,12.9,2.07,42.1,22.0,14.5,2.87,84.4,85.3,88.9,72.0,0.11,0.05,0.07,0.57,2.87,0.34,0.0,0.0,0.92,0.0,0.0,0.92,0.0,0.0,,23.7,0.0,0.0,0.0,0.07,-0.06,-0.06,52.2,1.61,11.7,30.7,10.6,0.92,52.2,1.03,75.0,0.34,25.0,29.1,0.11,2.07,1.15,31.6,2.3,1.03,1.72,2.3,1.03,56.3,0.8,1.38,1.26,1.61,3.91,0.57,0.23,1.15,1.15,0.0,0.0,0.0,0.0,0.0,0.0,0.23,0.23,0.0,0.0,0.0,0.0,0.0,0.0,0.0,1.15,0.34,0.11,0.0,1.61,1.72,0.0,0.0,0.0,8.97,0.57,27.8,,,,,,,,,,,,,,,,,,,,,,,,,,,,
Eugene Ansah,gh GHA,FW,FC Dallas,28,1994,8,0,180,2.0,0.5,0.0,0.5,0.5,0.0,0.0,0.0,0.0,0.6,0.6,0.0,0.6,1.5,0.0,7.5,0.5,0.0,0.5,0.5,0.5,0.6,0.0,0.6,0.6,0.6,Matches,2023,2.0,13.5,9.0,4.0,0.0,20.0,11.0,4.5,1.5,67.5,81.8,88.9,0.0,158.5,8.5,13.5,9.0,4.0,0.0,20.0,11.0,4.5,1.5,67.5,81.8,88.9,0.0,13.5,9.0,4.0,0.0,20.0,11.0,4.5,1.5,67.5,81.8,88.9,0.0,13.5,9.0,4.0,0.0,20.0,11.0,4.5,1.5,67.5,81.8,88.9,0.0,0.0,0.0,0.0,0.0,0.0,0.0,0.0,0.5,4.0,2.0,50.0,4.0,2.0,0.13,0.25,13.1,0.0,0.0,0.0,0.15,-0.1,-0.1,32.0,0.5,5.0,9.5,18.5,5.0,32.0,1.0,28.6,2.0,57.1,22.5,1.0,2.5,2.0,23.5,1.0,0.0,1.0,1.0,0.0,0.0,0.5,2.0,2.0,0.5,1.5,0.5,0.0,0.5,0.5,0.0,0.0,0.0,0.0,0.0,0.0,0.0,0.0,0.0,0.0,0.0,0.0,0.0,0.0,0.0,4.0,1.5,1.5,2.5,0.5,1.0,0.0,0.0,0.0,4.0,3.0,37.5,,,,,,,,,,,,,,,,,,,,,,,,,,,,
Themi Antonoglou,ca CAN,"DF,MF",Toronto FC,21,2001,11,3,480,5.3,0.0,0.0,0.0,0.0,0.0,0.0,0.38,0.0,0.04,0.04,0.02,0.06,1.13,2.26,4.72,0.0,0.0,0.0,0.0,0.0,0.04,0.01,0.05,0.04,0.05,Matches,2023,5.3,36.2,16.6,15.7,3.58,44.0,18.5,18.1,6.42,82.4,89.8,86.5,55.9,652.1,169.4,36.2,16.6,15.7,3.58,44.0,18.5,18.1,6.42,82.4,89.8,86.5,55.9,36.2,16.6,15.7,3.58,44.0,18.5,18.1,6.42,82.4,89.8,86.5,55.9,36.2,16.6,15.7,3.58,44.0,18.5,18.1,6.42,82.4,89.8,86.5,55.9,0.0,0.04,-0.02,0.19,1.51,0.94,0.38,0.0,0.38,0.19,50.0,0.37,0.19,0.0,0.0,17.6,0.0,0.0,0.0,0.1,-0.04,-0.04,52.5,3.4,17.5,23.0,12.8,0.57,52.5,0.57,42.9,0.75,57.1,30.0,0.19,0.19,0.38,31.1,1.89,1.13,0.94,1.89,1.13,40.0,1.7,1.32,1.13,0.94,2.83,1.7,0.0,1.13,1.12,0.19,0.0,0.0,0.0,0.0,0.0,0.0,0.0,0.19,0.0,0.0,0.0,0.0,0.0,0.0,1.89,0.38,0.0,1.51,0.94,0.94,0.0,0.0,0.0,6.42,0.19,25.0,,,,,,,,,,,,,,,,,,,,,,,,,,,,
Antony,br BRA,"FW,MF",Portland Timbers,21,2001,9,3,254,2.8,0.36,0.0,0.36,0.36,0.0,0.0,0.36,0.0,0.14,0.14,0.32,0.46,3.21,2.5,15.4,0.35,0.0,0.35,0.35,0.35,0.14,0.3,0.44,0.14,0.44,Matches,2023,2.8,23.9,16.1,6.79,0.36,32.1,18.6,9.64,0.71,74.4,86.5,70.4,50.0,307.9,78.9,23.9,16.1,6.79,0.36,32.1,18.6,9.64,0.71,74.4,86.5,70.4,50.0,23.9,16.1,6.79,0.36,32.1,18.6,9.64,0.71,74.4,86.5,70.4,50.0,23.9,16.1,6.79,0.36,32.1,18.6,9.64,0.71,74.4,86.5,70.4,50.0,0.0,0.21,-0.32,2.14,0.71,2.5,0.36,0.36,1.43,0.71,50.0,1.42,0.71,0.25,0.5,11.7,0.0,0.0,0.0,0.1,0.21,0.21,44.3,0.36,1.79,15.7,27.1,3.21,44.3,2.14,66.7,0.71,22.2,32.5,0.36,2.86,2.14,35.4,1.43,1.07,1.07,1.43,1.07,30.0,2.5,1.43,1.43,1.07,2.5,0.36,0.0,3.93,3.9,0.36,0.0,0.36,0.0,0.0,0.0,0.0,0.0,0.36,0.0,0.36,0.0,0.0,0.0,0.0,1.43,1.43,0.36,3.93,1.07,1.07,0.0,0.0,0.0,2.86,2.14,75.0,,,,,,,,,,,,,,,,,,,,,,,,,,,,
Brian Anunga,cm CMR,MF,Nashville SC,26,1996,16,5,566,6.3,0.0,0.0,0.0,0.0,0.0,0.0,0.32,0.0,0.0,0.0,0.02,0.02,0.32,3.17,1.11,0.0,0.0,0.0,0.0,0.0,0.0,0.01,0.02,0.0,0.02,Matches,2023,6.3,37.3,21.3,12.9,1.43,42.4,22.5,14.6,2.54,88.0,94.4,88.0,56.3,542.4,131.9,37.3,21.3,12.9,1.43,42.4,22.5,14.6,2.54,88.0,94.4,88.0,56.3,37.3,21.3,12.9,1.43,42.4,22.5,14.6,2.54,88.0,94.4,88.0,56.3,37.3,21.3,12.9,1.43,42.4,22.5,14.6,2.54,88.0,94.4,88.0,56.3,0.0,0.02,-0.02,0.32,2.54,0.63,0.0,0.0,0.16,0.16,100.0,0.16,0.16,0.0,0.0,31.4,0.0,0.0,0.0,0.03,0.0,0.0,50.6,1.11,15.1,29.5,6.98,0.16,50.6,0.63,40.0,0.79,50.0,29.0,0.0,1.11,0.63,33.5,2.22,1.27,1.59,2.22,1.27,47.1,1.43,0.95,0.48,1.75,3.97,0.63,0.0,0.63,0.64,0.0,0.0,0.0,0.0,0.0,0.0,0.16,0.16,0.0,0.0,0.0,0.0,0.0,0.0,0.0,2.22,0.32,0.0,0.16,1.75,1.59,0.0,0.0,0.0,7.94,0.79,50.0,,,,,,,,,,,,,,,,,,,,,,,,,,,,
Cristian Arango,co COL,FW,Real Salt Lake,27,1995,11,9,758,8.4,0.71,0.12,0.83,0.71,0.0,0.0,0.24,0.0,0.36,0.36,0.23,0.57,1.07,2.74,6.67,0.71,0.12,0.83,0.71,0.83,0.35,0.22,0.58,0.35,0.58,Matches,2023,8.4,14.2,7.98,4.4,0.71,18.8,9.88,5.95,1.07,75.3,80.7,74.0,66.7,205.6,48.5,14.2,7.98,4.4,0.71,18.8,9.88,5.95,1.07,75.3,80.7,74.0,66.7,14.2,7.98,4.4,0.71,18.8,9.88,5.95,1.07,75.3,80.7,74.0,66.7,14.2,7.98,4.4,0.71,18.8,9.88,5.95,1.07,75.3,80.7,74.0,66.7,0.12,0.14,-0.11,1.43,1.31,1.31,0.36,0.71,3.1,1.67,53.8,3.09,1.66,0.23,0.43,14.5,0.12,0.0,0.0,0.11,0.36,0.36,30.7,1.31,2.02,11.5,17.9,4.76,30.7,0.95,34.8,1.67,60.9,18.2,0.48,2.26,1.55,21.9,1.31,0.6,0.95,1.31,0.6,62.5,0.36,0.83,0.71,0.24,1.55,0.95,0.0,2.86,2.85,0.12,0.12,0.12,0.12,0.24,0.0,0.48,0.47,0.12,0.12,0.12,0.12,0.24,0.0,0.0,2.38,1.79,0.6,1.07,0.24,0.95,0.0,0.0,0.0,1.55,2.26,61.3,,,,,,,,,,,,,,,,,,,,,,,,,,,,
César Araujo,uy URU,MF,Orlando City,21,2001,33,31,2730,30.3,0.03,0.1,0.13,0.03,0.0,0.0,0.26,0.0,0.05,0.05,0.06,0.11,0.69,5.12,1.25,0.03,0.1,0.13,0.03,0.13,0.05,0.06,0.11,0.05,0.11,Matches,2023,30.3,46.3,21.7,18.8,4.88,55.6,23.4,22.1,7.89,83.3,92.8,85.1,61.9,822.5,298.6,46.3,21.7,18.8,4.88,55.6,23.4,22.1,7.89,83.3,92.8,85.1,61.9,46.3,21.7,18.8,4.88,55.6,23.4,22.1,7.89,83.3,92.8,85.1,61.9,46.3,21.7,18.8,4.88,55.6,23.4,22.1,7.89,83.3,92.8,85.1,61.9,0.1,0.08,0.04,0.73,5.71,0.36,0.0,0.03,0.69,0.2,28.6,0.69,0.2,0.05,0.17,18.2,0.0,0.0,0.0,0.07,-0.01,-0.01,63.7,2.28,15.7,36.8,11.7,0.96,63.7,0.43,50.0,0.23,26.9,35.5,0.1,0.73,0.46,43.7,1.68,0.96,1.02,1.68,0.96,31.9,2.05,1.32,1.09,0.76,2.44,1.02,0.0,2.05,2.04,0.07,0.0,0.17,0.07,0.07,0.0,0.3,0.3,0.07,0.0,0.17,0.07,0.07,0.0,0.0,1.55,3.3,0.03,0.36,0.76,1.02,0.0,0.0,0.0,7.36,0.56,37.0,,,,,,,,,,,,,,,,,,,,,,,,,,,,
Luiz Araújo,br BRA,FW,Atlanta Utd,26,1996,16,15,1269,14.1,0.21,0.07,0.28,0.21,0.0,0.07,0.21,0.07,0.22,0.16,0.1,0.26,4.47,4.82,8.51,0.21,0.07,0.28,0.21,0.28,0.22,0.1,0.32,0.16,0.27,Matches,2023,14.1,29.6,12.6,12.1,3.62,38.0,14.2,15.0,5.39,77.8,89.0,80.7,67.1,539.5,110.8,29.6,12.6,12.1,3.62,38.0,14.2,15.0,5.39,77.8,89.0,80.7,67.1,29.6,12.6,12.1,3.62,38.0,14.2,15.0,5.39,77.8,89.0,80.7,67.1,29.6,12.6,12.1,3.62,38.0,14.2,15.0,5.39,77.8,89.0,80.7,67.1,0.07,0.16,-0.03,1.35,1.63,1.77,0.21,0.21,2.84,0.85,30.0,2.84,0.85,0.08,0.25,22.1,0.0,0.0,0.07,0.06,-0.01,0.05,51.6,0.35,4.96,21.3,26.6,2.98,51.5,3.05,46.7,2.91,44.6,35.9,1.28,2.48,1.13,39.6,1.42,0.5,0.85,1.42,0.5,35.0,0.92,0.5,0.5,0.57,1.99,0.07,0.0,4.04,4.05,0.5,0.07,0.35,0.0,0.0,0.0,0.28,0.28,0.5,0.07,0.35,0.0,0.0,0.0,0.07,0.92,2.48,0.14,1.84,0.57,0.85,0.0,0.0,0.0,4.18,0.35,55.6,,,,,,,,,,,,,,,,,,,,,,,,,,,,
Miguel Araujo,pe PER,DF,Portland Timbers,28,1994,3,2,173,1.9,0.0,0.0,0.0,0.0,0.0,0.0,0.53,0.0,0.05,0.05,0.0,0.05,0.53,2.11,0.53,0.0,0.0,0.0,0.0,0.0,0.03,0.0,0.03,0.03,0.03,Matches,2023,1.9,47.4,6.84,32.6,7.89,53.2,7.37,33.7,12.1,89.1,92.9,96.9,65.2,1098.4,249.5,47.4,6.84,32.6,7.89,53.2,7.37,33.7,12.1,89.1,92.9,96.9,65.2,47.4,6.84,32.6,7.89,53.2,7.37,33.7,12.1,89.1,92.9,96.9,65.2,47.4,6.84,32.6,7.89,53.2,7.37,33.7,12.1,89.1,92.9,96.9,65.2,0.0,0.0,0.0,0.0,2.63,0.0,0.0,0.0,0.53,0.0,0.0,0.52,0.0,0.0,,9.2,0.0,0.0,0.0,0.05,-0.05,-0.05,59.5,2.63,23.7,34.2,2.11,0.53,59.5,0.53,100.0,0.0,0.0,36.8,0.0,0.53,0.0,43.2,2.11,1.05,1.05,2.11,1.05,100.0,0.0,0.53,0.0,1.05,3.16,0.53,0.0,1.05,1.05,0.0,0.0,0.0,0.0,0.53,0.0,0.0,0.0,0.0,0.0,0.0,0.0,0.53,0.0,0.0,0.53,0.0,0.0,0.0,1.05,1.05,0.0,0.0,0.0,4.74,1.58,42.9,,,,,,,,,,,,,,,,,,,,,,,,,,,,
Scott Arfield,ca CAN,"MF,FW",Charlotte,34,1988,13,2,415,4.6,0.43,0.0,0.43,0.43,0.0,0.0,0.22,0.0,0.2,0.2,0.04,0.22,0.43,4.78,3.26,0.43,0.0,0.43,0.43,0.43,0.19,0.04,0.22,0.19,0.22,Matches,2023,4.6,33.9,19.6,10.7,1.96,42.6,22.4,12.8,3.7,79.6,87.4,83.1,52.9,479.3,114.6,33.9,19.6,10.7,1.96,42.6,22.4,12.8,3.7,79.6,87.4,83.1,52.9,33.9,19.6,10.7,1.96,42.6,22.4,12.8,3.7,79.6,87.4,83.1,52.9,33.9,19.6,10.7,1.96,42.6,22.4,12.8,3.7,79.6,87.4,83.1,52.9,0.0,0.09,-0.04,0.65,2.61,1.09,0.22,0.43,2.39,0.65,27.3,2.39,0.65,0.18,0.67,19.7,0.0,0.0,0.0,0.08,0.24,0.24,52.6,2.17,10.4,25.7,16.5,3.26,52.6,0.87,80.0,0.22,20.0,27.0,0.43,1.09,0.43,35.9,0.43,0.0,0.43,0.43,0.0,0.0,0.87,1.96,1.74,0.65,1.09,0.87,0.0,2.39,2.39,0.22,0.0,0.0,0.0,0.0,0.0,0.22,0.22,0.22,0.0,0.0,0.0,0.0,0.0,0.0,1.3,0.22,0.0,0.65,0.65,0.43,0.0,0.0,0.0,5.65,0.87,33.3,,,,,,,,,,,,,,,,,,,,,,,,,,,,
Max Arfsten,us USA,"DF,MF",Columbus Crew,21,2001,12,3,275,3.1,0.65,0.65,1.29,0.65,0.0,0.0,0.32,0.0,0.32,0.32,0.42,0.71,4.84,2.9,10.3,0.65,0.65,1.31,0.65,1.31,0.32,0.41,0.73,0.32,0.73,Matches,2023,3.1,30.6,17.4,11.3,1.61,40.3,20.0,13.2,3.87,76.0,87.1,85.4,41.7,494.2,119.4,30.6,17.4,11.3,1.61,40.3,20.0,13.2,3.87,76.0,87.1,85.4,41.7,30.6,17.4,11.3,1.61,40.3,20.0,13.2,3.87,76.0,87.1,85.4,41.7,30.6,17.4,11.3,1.61,40.3,20.0,13.2,3.87,76.0,87.1,85.4,41.7,0.65,0.03,0.23,1.61,2.26,0.32,0.0,0.65,1.94,0.97,50.0,1.96,0.98,0.33,0.67,12.1,0.0,0.0,0.0,0.16,0.32,0.32,55.8,1.94,10.0,21.6,24.5,4.52,55.8,1.94,60.0,1.29,40.0,36.5,1.94,3.55,0.97,39.0,2.26,1.61,0.97,2.26,1.61,55.6,1.29,0.0,0.0,2.26,4.52,0.65,0.0,2.26,2.29,0.0,0.0,0.32,0.0,0.32,0.0,0.32,0.33,0.0,0.0,0.32,0.0,0.32,0.0,0.0,0.97,0.97,0.65,2.9,2.26,0.97,0.0,0.0,0.0,4.19,0.32,16.7,,,,,,,,,,,,,,,,,,,,,,,,,,,,
Santiago Arias,co COL,DF,FC Cincinnati,31,1992,26,16,1652,18.4,0.11,0.05,0.16,0.11,0.0,0.0,0.16,0.0,0.16,0.16,0.09,0.26,2.07,3.8,6.14,0.11,0.05,0.16,0.11,0.16,0.16,0.09,0.25,0.16,0.25,Matches,2023,18.4,35.3,15.4,16.2,2.83,48.3,19.1,20.7,5.11,73.1,80.7,78.2,55.3,605.8,244.7,35.3,15.4,16.2,2.83,48.3,19.1,20.7,5.11,73.1,80.7,78.2,55.3,35.3,15.4,16.2,2.83,48.3,19.1,20.7,5.11,73.1,80.7,78.2,55.3,35.3,15.4,16.2,2.83,48.3,19.1,20.7,5.11,73.1,80.7,78.2,55.3,0.05,0.15,-0.04,1.14,2.83,0.98,0.16,0.11,1.25,0.6,47.8,1.25,0.6,0.09,0.18,17.2,0.0,0.0,0.0,0.13,-0.05,-0.05,58.0,2.12,12.3,26.1,20.1,2.72,58.0,0.65,46.2,0.54,38.5,28.2,0.38,0.71,0.49,35.1,2.01,0.76,1.41,2.01,0.76,48.3,0.82,1.03,0.87,1.58,3.59,1.36,0.0,2.07,2.07,0.05,0.0,0.16,0.05,0.0,0.0,0.16,0.16,0.05,0.0,0.16,0.05,0.0,0.0,0.0,1.03,1.36,0.11,1.96,1.58,1.41,0.05,0.0,0.0,5.43,1.14,61.8,,,,,,,,,,,,,,,,,,,,,,,,,,,,
Xavier Arreaga,ec ECU,"DF,MF",Seattle Sounders,28,1994,14,3,355,3.9,0.0,0.0,0.0,0.0,0.0,0.0,0.0,0.0,0.23,0.23,0.0,0.23,0.26,2.05,0.0,0.0,0.0,0.0,0.0,0.0,0.24,0.0,0.24,0.24,0.24,Matches,2023,3.9,44.4,15.9,22.1,6.41,53.1,16.7,24.6,10.8,83.6,95.4,89.6,59.5,925.4,433.3,44.4,15.9,22.1,6.41,53.1,16.7,24.6,10.8,83.6,95.4,89.6,59.5,44.4,15.9,22.1,6.41,53.1,16.7,24.6,10.8,83.6,95.4,89.6,59.5,44.4,15.9,22.1,6.41,53.1,16.7,24.6,10.8,83.6,95.4,89.6,59.5,0.0,0.0,0.0,0.0,3.08,0.0,0.0,0.0,1.28,0.0,0.0,1.27,0.0,0.0,,6.2,0.0,0.0,0.0,0.2,-0.23,-0.23,59.5,5.13,32.1,25.6,2.05,1.54,59.5,0.51,66.7,0.0,0.0,33.3,0.0,0.0,0.51,40.5,1.54,0.77,1.54,1.54,0.77,75.0,0.26,0.51,0.26,0.26,1.79,1.54,0.0,0.77,0.76,0.0,0.0,0.0,0.0,0.0,0.0,0.0,0.0,0.0,0.0,0.0,0.0,0.0,0.0,0.0,1.54,1.03,0.0,0.0,0.26,1.54,0.0,0.0,0.0,4.36,2.56,55.6,,,,,,,,,,,,,,,,,,,,,,,,,,,,
Kervin Arriaga,hn HON,MF,Minnesota Utd,25,1998,20,11,1169,13.0,0.15,0.15,0.31,0.15,0.0,0.0,0.38,0.0,0.07,0.07,0.1,0.17,1.15,5.0,1.0,0.15,0.15,0.31,0.15,0.31,0.07,0.1,0.17,0.07,0.17,Matches,2023,13.0,39.8,18.5,17.2,3.54,50.0,22.1,20.3,6.15,79.5,84.0,84.8,57.5,710.6,237.9,39.8,18.5,17.2,3.54,50.0,22.1,20.3,6.15,79.5,84.0,84.8,57.5,39.8,18.5,17.2,3.54,50.0,22.1,20.3,6.15,79.5,84.0,84.8,57.5,39.8,18.5,17.2,3.54,50.0,22.1,20.3,6.15,79.5,84.0,84.8,57.5,0.15,0.11,0.05,0.85,5.15,0.38,0.08,0.15,1.31,0.23,17.6,1.31,0.23,0.12,0.67,23.5,0.46,0.0,0.0,0.05,0.08,0.08,61.0,4.08,15.5,38.3,7.92,1.15,61.0,1.08,53.8,0.85,42.3,32.2,0.15,1.23,1.0,37.3,1.23,0.38,0.77,1.23,0.38,26.3,1.08,1.08,0.69,1.08,2.31,2.23,0.23,1.54,1.54,0.0,0.0,0.0,0.0,0.0,0.0,0.31,0.31,0.0,0.0,0.0,0.0,0.0,0.0,0.0,1.0,1.31,0.31,0.46,1.08,0.77,0.0,0.0,0.0,7.54,3.69,73.8,,,,,,,,,,,,,,,,,,,,,,,,,,,,
Paul Arriola,us USA,"FW,MF",FC Dallas,27,1995,22,20,1655,18.4,0.11,0.22,0.33,0.11,0.0,0.0,0.22,0.0,0.2,0.2,0.23,0.43,1.85,2.93,7.45,0.11,0.22,0.33,0.11,0.33,0.2,0.24,0.43,0.2,0.43,Matches,2023,18.4,22.0,13.3,6.68,1.14,32.0,16.3,9.62,2.45,68.6,81.9,69.5,46.7,314.9,90.4,22.0,13.3,6.68,1.14,32.0,16.3,9.62,2.45,68.6,81.9,69.5,46.7,22.0,13.3,6.68,1.14,32.0,16.3,9.62,2.45,68.6,81.9,69.5,46.7,22.0,13.3,6.68,1.14,32.0,16.3,9.62,2.45,68.6,81.9,69.5,46.7,0.22,0.21,-0.02,1.58,2.23,1.3,0.22,0.11,1.52,0.49,32.1,1.52,0.49,0.07,0.22,14.5,0.0,0.0,0.0,0.13,-0.09,-0.09,41.3,0.6,4.84,17.6,19.5,4.02,41.3,0.54,38.5,0.65,46.2,26.6,0.6,2.5,0.92,31.4,1.2,0.6,0.87,1.2,0.6,39.3,0.92,0.49,0.43,0.54,1.74,0.49,0.0,2.45,2.45,0.05,0.0,0.11,0.0,0.0,0.0,0.27,0.27,0.05,0.0,0.11,0.0,0.0,0.0,0.0,1.14,1.03,0.16,1.79,0.54,0.87,0.0,0.0,0.05,3.59,0.65,40.0,,,,,,,,,,,,,,,,,,,,,,,,,,,,
Dixon Arroyo,ec ECU,MF,Inter Miami,30,1992,24,21,1787,19.9,0.05,0.0,0.05,0.05,0.0,0.0,0.2,0.0,0.04,0.04,0.02,0.05,0.2,4.37,0.5,0.05,0.0,0.05,0.05,0.05,0.04,0.01,0.05,0.04,0.05,Matches,2023,19.9,52.1,19.5,23.6,7.99,59.4,21.5,25.1,9.95,87.7,91.1,93.8,80.3,1034.3,242.4,52.1,19.5,23.6,7.99,59.4,21.5,25.1,9.95,87.7,91.1,93.8,80.3,52.1,19.5,23.6,7.99,59.4,21.5,25.1,9.95,87.7,91.1,93.8,80.3,52.1,19.5,23.6,7.99,59.4,21.5,25.1,9.95,87.7,91.1,93.8,80.3,0.0,0.04,-0.02,0.3,5.38,0.25,0.0,0.05,0.65,0.2,30.8,0.65,0.2,0.08,0.25,24.7,0.0,0.0,0.0,0.05,0.02,0.02,68.5,2.91,18.0,43.4,7.64,0.15,68.5,0.2,40.0,0.25,50.0,40.6,0.0,1.26,0.85,48.7,2.06,1.01,1.61,2.06,1.01,32.3,2.11,1.46,1.06,1.36,3.42,1.21,0.0,1.26,1.26,0.0,0.0,0.0,0.0,0.05,0.0,0.1,0.1,0.0,0.0,0.0,0.0,0.05,0.0,0.0,1.46,0.55,0.0,0.15,1.36,1.61,0.0,0.0,0.0,6.78,0.8,41.0,,,,,,,,,,,,,,,,,,,,,,,,,,,,
Artur,br BRA,MF,Houston Dynamo,26,1996,34,31,2727,30.3,0.07,0.0,0.07,0.07,0.0,0.0,0.2,0.0,0.03,0.03,0.03,0.07,0.26,4.09,0.76,0.07,0.0,0.07,0.07,0.07,0.03,0.03,0.07,0.03,0.07,Matches,2023,30.3,49.2,23.3,19.7,4.95,54.9,25.1,21.4,6.17,89.6,92.8,92.0,80.2,850.9,255.1,49.2,23.3,19.7,4.95,54.9,25.1,21.4,6.17,89.6,92.8,92.0,80.2,49.2,23.3,19.7,4.95,54.9,25.1,21.4,6.17,89.6,92.8,92.0,80.2,49.2,23.3,19.7,4.95,54.9,25.1,21.4,6.17,89.6,92.8,92.0,80.2,0.0,0.05,-0.03,0.26,4.55,0.63,0.07,0.07,0.63,0.17,26.3,0.63,0.17,0.11,0.4,24.1,0.0,0.0,0.0,0.05,0.03,0.03,63.9,3.47,21.4,34.9,8.15,0.46,63.9,1.09,67.3,0.43,26.5,38.8,0.13,0.73,0.86,44.6,2.31,0.89,1.45,2.31,0.89,50.9,0.86,1.09,0.73,1.45,3.76,1.39,0.0,1.29,1.29,0.03,0.0,0.0,0.0,0.13,0.0,0.13,0.13,0.03,0.0,0.0,0.0,0.13,0.0,0.0,1.16,0.66,0.0,0.43,1.45,1.45,0.0,0.03,0.0,7.69,0.26,32.0,,,,,,,,,,,,,,,,,,,,,,,,,,,,
Yamil Asad,ar ARG,"MF,FW",D.C. United,28,1994,21,5,523,5.8,0.0,0.0,0.0,0.0,0.0,0.0,0.52,0.0,0.1,0.1,0.07,0.16,2.24,5.0,8.45,0.0,0.0,0.0,0.0,0.0,0.1,0.06,0.16,0.1,0.16,Matches,2023,5.8,34.0,18.1,12.4,1.9,45.5,21.7,16.7,3.45,74.6,83.3,74.2,55.0,518.6,133.4,34.0,18.1,12.4,1.9,45.5,21.7,16.7,3.45,74.6,83.3,74.2,55.0,34.0,18.1,12.4,1.9,45.5,21.7,16.7,3.45,74.6,83.3,74.2,55.0,34.0,18.1,12.4,1.9,45.5,21.7,16.7,3.45,74.6,83.3,74.2,55.0,0.0,0.14,-0.07,1.38,2.93,1.55,0.17,0.0,1.9,0.69,36.4,1.89,0.69,0.0,0.0,22.6,0.17,0.0,0.0,0.05,-0.1,-0.1,58.1,0.52,5.0,26.4,27.1,3.1,58.1,0.86,33.3,1.72,66.7,31.2,0.52,1.9,1.9,40.2,1.72,0.86,0.69,1.72,0.86,21.7,3.1,1.55,1.55,0.69,2.41,0.52,0.17,3.1,3.09,0.0,0.0,0.34,0.0,0.0,0.0,0.34,0.34,0.0,0.0,0.34,0.0,0.0,0.0,0.0,2.07,2.41,0.0,1.72,0.69,0.69,0.0,0.0,0.0,6.03,0.69,30.8,,,,,,,,,,,,,,,,,,,,,,,,,,,,
Dairon Asprilla,co COL,"FW,MF",Portland Timbers,30,1992,26,16,1449,16.1,0.31,0.31,0.62,0.31,0.0,0.0,0.31,0.0,0.18,0.18,0.2,0.38,2.55,2.8,8.63,0.31,0.31,0.62,0.31,0.62,0.18,0.2,0.38,0.18,0.38,Matches,2023,16.1,20.4,12.4,5.71,1.55,30.4,16.0,9.13,2.42,67.1,77.5,62.6,64.1,313.9,83.4,20.4,12.4,5.71,1.55,30.4,16.0,9.13,2.42,67.1,77.5,62.6,64.1,20.4,12.4,5.71,1.55,30.4,16.0,9.13,2.42,67.1,77.5,62.6,64.1,20.4,12.4,5.71,1.55,30.4,16.0,9.13,2.42,67.1,77.5,62.6,64.1,0.31,0.14,0.11,1.18,1.86,0.93,0.12,0.31,2.17,0.56,25.7,2.17,0.56,0.14,0.56,16.0,0.0,0.0,0.0,0.08,0.13,0.13,44.8,0.93,4.84,17.3,23.7,4.22,44.8,1.93,43.1,2.24,50.0,28.2,0.81,3.04,1.37,33.0,1.43,0.5,0.87,1.43,0.5,30.8,1.12,1.12,1.12,0.62,2.05,0.81,0.0,2.48,2.49,0.31,0.12,0.25,0.0,0.06,0.0,0.5,0.5,0.31,0.12,0.25,0.0,0.06,0.0,0.0,1.99,1.43,0.68,2.61,0.62,0.87,0.0,0.0,0.0,4.35,3.11,47.2,,,,,,,,,,,,,,,,,,,,,,,,,,,,
Joshua Atencio,us USA,MF,Seattle Sounders,21,2002,22,10,984,10.9,0.09,0.09,0.18,0.09,0.0,0.0,0.28,0.0,0.08,0.08,0.06,0.14,2.2,5.32,3.12,0.09,0.09,0.18,0.09,0.18,0.08,0.06,0.13,0.08,0.13,Matches,2023,10.9,43.5,21.9,16.4,3.12,54.8,25.1,20.3,5.05,79.4,87.2,81.0,61.8,706.8,172.1,43.5,21.9,16.4,3.12,54.8,25.1,20.3,5.05,79.4,87.2,81.0,61.8,43.5,21.9,16.4,3.12,54.8,25.1,20.3,5.05,79.4,87.2,81.0,61.8,43.5,21.9,16.4,3.12,54.8,25.1,20.3,5.05,79.4,87.2,81.0,61.8,0.09,0.05,0.04,0.46,4.4,0.55,0.0,0.09,1.01,0.28,27.3,1.01,0.27,0.09,0.33,20.8,0.0,0.0,0.0,0.08,0.01,0.01,69.1,2.2,14.9,39.6,15.3,1.74,69.1,1.28,56.0,0.83,36.0,37.8,0.46,2.39,1.83,42.8,3.76,1.93,2.57,3.76,1.93,55.3,1.56,1.38,1.19,1.47,5.23,1.28,0.0,2.11,2.11,0.09,0.0,0.0,0.0,0.09,0.0,0.09,0.09,0.09,0.0,0.0,0.0,0.09,0.0,0.0,0.64,0.18,0.09,0.83,1.47,2.57,0.0,0.0,0.0,7.8,2.2,54.5,,,,,,,,,,,,,,,,,,,,,,,,,,,,
Julián Aude,ar ARG,DF,LA Galaxy,19,2003,22,14,1194,13.3,0.0,0.08,0.08,0.0,0.0,0.0,0.45,0.0,0.04,0.04,0.07,0.11,1.13,2.86,3.98,0.0,0.08,0.08,0.0,0.08,0.03,0.07,0.1,0.03,0.1,Matches,2023,13.3,45.9,24.9,18.1,1.95,55.7,27.2,21.1,4.74,82.5,91.4,86.1,41.3,721.4,250.8,45.9,24.9,18.1,1.95,55.7,27.2,21.1,4.74,82.5,91.4,86.1,41.3,45.9,24.9,18.1,1.95,55.7,27.2,21.1,4.74,82.5,91.4,86.1,41.3,45.9,24.9,18.1,1.95,55.7,27.2,21.1,4.74,82.5,91.4,86.1,41.3,0.08,0.05,0.01,0.45,2.71,0.38,0.38,0.0,0.83,0.08,9.1,0.83,0.08,0.0,0.0,22.2,0.0,0.0,0.0,0.04,-0.04,-0.04,66.5,3.01,23.2,30.5,12.9,0.75,66.5,0.9,50.0,0.53,29.2,34.7,0.08,1.5,0.68,41.4,2.03,1.43,1.35,2.03,1.43,50.0,1.43,1.5,1.13,1.43,3.46,2.18,0.0,1.8,1.81,0.08,0.0,0.0,0.0,0.0,0.0,0.15,0.15,0.08,0.0,0.0,0.0,0.0,0.0,0.0,1.13,1.43,0.0,1.73,1.43,1.35,0.0,0.0,0.0,5.79,0.83,52.4,,,,,,,,,,,,,,,,,,,,,,,,,,,,
Tomás Avilés,ar ARG,DF,Inter Miami,18,2004,11,11,875,9.7,0.1,0.1,0.21,0.1,0.0,0.0,0.62,0.0,0.04,0.04,0.02,0.07,0.41,2.06,0.31,0.1,0.1,0.21,0.1,0.21,0.04,0.02,0.07,0.04,0.07,Matches,2023,9.7,51.3,17.2,29.0,4.43,61.0,18.7,32.1,7.63,84.1,92.3,90.4,58.1,978.1,359.8,51.3,17.2,29.0,4.43,61.0,18.7,32.1,7.63,84.1,92.3,90.4,58.1,51.3,17.2,29.0,4.43,61.0,18.7,32.1,7.63,84.1,92.3,90.4,58.1,51.3,17.2,29.0,4.43,61.0,18.7,32.1,7.63,84.1,92.3,90.4,58.1,0.1,0.03,0.08,0.31,3.51,0.1,0.0,0.1,0.62,0.21,33.3,0.62,0.21,0.17,0.5,17.7,0.0,0.0,0.0,0.07,0.06,0.06,69.6,5.67,33.8,33.5,2.68,0.82,69.6,0.21,40.0,0.21,40.0,39.2,0.0,0.82,0.1,49.1,2.47,1.65,1.55,2.47,1.65,59.3,1.13,0.93,0.41,1.96,4.43,1.03,0.0,0.52,0.51,0.0,0.0,0.0,0.0,0.0,0.0,0.21,0.21,0.0,0.0,0.0,0.0,0.0,0.0,0.0,2.27,0.21,0.0,0.21,1.96,1.55,0.0,0.0,0.0,6.7,0.31,33.3,,,,,,,,,,,,,,,,,,,,,,,,,,,,
David Ayala,ar ARG,MF,Portland Timbers,20,2002,4,3,160,1.8,0.0,0.0,0.0,0.0,0.0,0.0,0.56,0.0,0.17,0.17,0.0,0.17,1.67,4.44,2.78,0.0,0.0,0.0,0.0,0.0,0.19,0.0,0.19,0.19,0.19,Matches,2023,1.8,32.8,13.3,11.1,6.67,44.4,15.6,12.8,11.7,73.8,85.7,87.0,57.1,673.9,147.2,32.8,13.3,11.1,6.67,44.4,15.6,12.8,11.7,73.8,85.7,87.0,57.1,32.8,13.3,11.1,6.67,44.4,15.6,12.8,11.7,73.8,85.7,87.0,57.1,32.8,13.3,11.1,6.67,44.4,15.6,12.8,11.7,73.8,85.7,87.0,57.1,0.0,0.06,0.0,0.0,6.11,0.56,0.0,0.0,2.22,0.56,25.0,2.25,0.56,0.0,0.0,17.4,0.0,0.0,0.0,0.09,-0.17,-0.17,63.3,2.78,11.1,35.0,18.9,2.22,63.3,1.11,25.0,2.22,50.0,41.1,0.0,2.78,0.56,37.8,4.44,1.11,2.78,4.44,1.11,33.3,2.22,2.22,2.22,2.22,6.67,1.67,0.0,1.67,1.69,0.0,0.0,0.0,0.0,0.0,0.0,0.0,0.0,0.0,0.0,0.0,0.0,0.0,0.0,0.0,0.56,2.78,0.0,0.56,2.22,2.78,0.0,0.0,0.0,11.1,0.56,33.3,,,,,,,,,,,,,,,,,,,,,,,,,,,,
Edison Azcona,do DOM,"MF,DF",Inter Miami,19,2003,5,0,51,0.6,0.0,0.0,0.0,0.0,0.0,0.0,0.0,0.0,0.17,0.17,0.0,0.17,8.33,0.0,23.3,0.0,0.0,0.0,0.0,0.0,0.15,0.04,0.19,0.15,0.19,Matches,2023,0.6,43.3,25.0,15.0,1.67,61.7,26.7,20.0,6.67,70.3,93.8,75.0,25.0,668.3,61.7,43.3,25.0,15.0,1.67,61.7,26.7,20.0,6.67,70.3,93.8,75.0,25.0,43.3,25.0,15.0,1.67,61.7,26.7,20.0,6.67,70.3,93.8,75.0,25.0,43.3,25.0,15.0,1.67,61.7,26.7,20.0,6.67,70.3,93.8,75.0,25.0,0.0,0.0,0.0,1.67,0.0,0.0,0.0,0.0,3.33,3.33,100.0,3.53,3.53,0.0,0.0,15.3,0.0,0.0,0.0,0.04,-0.17,-0.17,90.0,1.67,8.33,26.7,58.3,8.33,90.0,5.0,50.0,0.0,0.0,60.0,0.0,11.7,1.67,63.3,5.0,0.0,1.67,5.0,0.0,0.0,5.0,1.67,1.67,0.0,5.0,0.0,0.0,5.0,5.29,3.33,0.0,1.67,0.0,0.0,0.0,0.0,0.0,3.33,0.0,1.67,0.0,0.0,0.0,0.0,1.67,6.67,0.0,3.33,0.0,1.67,0.0,0.0,0.0,8.33,0.0,0.0,,,,,,,,,,,,,,,,,,,,,,,,,,,,
Dominique Badji,sn SEN,FW,FC Cincinnati,30,1992,23,10,916,10.2,0.49,0.29,0.78,0.49,0.0,0.0,0.0,0.0,0.38,0.38,0.27,0.66,1.96,1.27,6.47,0.49,0.29,0.79,0.49,0.79,0.38,0.27,0.66,0.38,0.66,Matches,2023,10.2,14.5,7.84,5.49,0.78,19.2,9.61,7.06,0.98,75.5,81.6,77.8,80.0,218.4,40.1,14.5,7.84,5.49,0.78,19.2,9.61,7.06,0.98,75.5,81.6,77.8,80.0,14.5,7.84,5.49,0.78,19.2,9.61,7.06,0.98,75.5,81.6,77.8,80.0,14.5,7.84,5.49,0.78,19.2,9.61,7.06,0.98,75.5,81.6,77.8,80.0,0.29,0.21,0.02,1.37,0.78,0.29,0.0,0.49,2.06,1.18,57.1,2.06,1.18,0.24,0.42,12.9,0.0,0.0,0.0,0.19,0.11,0.11,28.0,0.98,3.14,12.4,12.8,4.51,28.0,0.39,40.0,0.49,50.0,17.0,1.47,1.76,0.59,20.8,1.18,0.49,0.69,1.18,0.49,41.7,0.69,0.69,0.69,0.1,1.27,0.78,0.0,2.94,2.94,0.29,0.1,0.49,0.2,0.0,0.0,0.59,0.59,0.29,0.1,0.49,0.2,0.0,0.0,0.0,1.76,1.27,0.78,0.29,0.1,0.69,0.2,0.0,0.1,2.65,2.45,61.0,,,,,,,,,,,,,,,,,,,,,,,,,,,,
Corey Baird,us USA,FW,Houston Dynamo,27,1996,34,28,2330,25.9,0.31,0.19,0.5,0.31,0.0,0.0,0.15,0.0,0.28,0.28,0.12,0.4,1.2,1.93,5.68,0.31,0.19,0.5,0.31,0.5,0.28,0.12,0.4,0.28,0.4,Matches,2023,25.9,19.7,12.7,4.98,0.73,25.6,14.7,6.68,1.54,76.9,86.8,74.6,47.5,256.8,50.6,19.7,12.7,4.98,0.73,25.6,14.7,6.68,1.54,76.9,86.8,74.6,47.5,19.7,12.7,4.98,0.73,25.6,14.7,6.68,1.54,76.9,86.8,74.6,47.5,19.7,12.7,4.98,0.73,25.6,14.7,6.68,1.54,76.9,86.8,74.6,47.5,0.19,0.13,0.07,0.69,0.85,0.77,0.08,0.31,1.39,0.66,47.2,1.39,0.66,0.22,0.47,14.0,0.0,0.0,0.0,0.22,0.03,0.03,33.2,0.77,4.59,14.5,14.8,3.01,33.2,1.0,44.8,1.12,50.0,20.0,0.39,1.47,0.69,23.7,0.89,0.54,0.66,0.89,0.54,29.8,1.27,0.58,0.58,0.31,1.2,0.54,0.0,2.01,2.01,0.19,0.08,0.08,0.08,0.0,0.0,0.54,0.54,0.19,0.08,0.08,0.08,0.0,0.0,0.0,0.93,0.93,0.58,0.58,0.31,0.66,0.04,0.0,0.0,4.02,0.42,25.0,,,,,,,,,,,,,,,,,,,,,,,,,,,,
Esmir Bajraktarevic,ba BIH,"FW,MF",NE Revolution,17,2005,13,5,495,5.5,0.0,0.0,0.0,0.0,0.0,0.0,0.0,0.0,0.33,0.33,0.04,0.36,3.82,2.0,6.18,0.0,0.0,0.0,0.0,0.0,0.33,0.03,0.36,0.33,0.36,Matches,2023,5.5,23.1,13.6,8.0,1.09,30.5,15.8,9.64,2.55,75.6,86.2,83.0,42.9,346.5,55.8,23.1,13.6,8.0,1.09,30.5,15.8,9.64,2.55,75.6,86.2,83.0,42.9,23.1,13.6,8.0,1.09,30.5,15.8,9.64,2.55,75.6,86.2,83.0,42.9,23.1,13.6,8.0,1.09,30.5,15.8,9.64,2.55,75.6,86.2,83.0,42.9,0.0,0.05,-0.04,0.55,1.27,0.18,0.18,0.0,2.73,0.91,33.3,2.73,0.91,0.0,0.0,14.5,0.0,0.0,0.0,0.12,-0.33,-0.33,43.3,0.0,4.91,18.9,19.6,4.73,43.3,1.27,25.0,3.09,60.7,28.9,1.82,2.55,0.55,32.0,1.27,0.55,1.09,1.27,0.55,60.0,0.36,0.0,0.0,0.18,1.45,0.0,0.0,1.27,1.27,0.0,0.0,0.0,0.0,0.0,0.0,0.0,0.0,0.0,0.0,0.0,0.0,0.0,0.0,0.0,1.82,2.55,0.18,2.18,0.18,1.09,0.0,0.0,0.0,4.0,0.73,40.0,,,,,,,,,,,,,,,,,,,,,,,,,,,,
Cody Baker,us USA,DF,Seattle Sounders,19,2004,12,8,680,7.6,0.0,0.0,0.0,0.0,0.0,0.0,0.39,0.0,0.0,0.0,0.05,0.05,2.5,5.39,6.58,0.0,0.0,0.0,0.0,0.0,0.0,0.05,0.05,0.0,0.05,Matches,2023,7.6,48.2,22.8,20.4,4.34,61.4,26.3,25.0,7.11,78.4,86.5,81.6,61.1,804.2,291.2,48.2,22.8,20.4,4.34,61.4,26.3,25.0,7.11,78.4,86.5,81.6,61.1,48.2,22.8,20.4,4.34,61.4,26.3,25.0,7.11,78.4,86.5,81.6,61.1,48.2,22.8,20.4,4.34,61.4,26.3,25.0,7.11,78.4,86.5,81.6,61.1,0.0,0.17,-0.05,0.66,4.74,1.45,0.39,0.0,0.13,0.0,0.0,0.13,0.0,0.0,,25.0,0.0,0.0,0.0,0.02,0.0,0.0,70.9,2.89,17.5,33.2,20.4,0.66,70.9,0.0,0.0,0.53,100.0,31.4,0.26,1.05,0.53,44.1,2.37,1.45,1.71,2.37,1.45,64.7,0.79,0.92,0.53,0.53,2.89,2.63,0.0,1.32,1.32,0.0,0.0,0.0,0.0,0.0,0.0,0.0,0.0,0.0,0.0,0.0,0.0,0.0,0.0,0.0,0.79,1.05,0.0,1.71,0.53,1.71,0.0,0.0,0.0,5.92,1.45,52.4,,,,,,,,,,,,,,,,,,,,,,,,,,,,
Reed Baker-Whiting,us USA,"DF,FW",Seattle Sounders,17,2005,19,6,642,7.1,0.0,0.14,0.14,0.0,0.0,0.0,0.0,0.0,0.03,0.03,0.1,0.11,3.52,4.08,7.46,0.0,0.14,0.14,0.0,0.14,0.02,0.09,0.11,0.02,0.11,Matches,2023,7.1,44.9,23.4,17.9,2.54,58.0,25.4,23.2,6.9,77.4,92.2,77.0,36.7,705.8,248.9,44.9,23.4,17.9,2.54,58.0,25.4,23.2,6.9,77.4,92.2,77.0,36.7,44.9,23.4,17.9,2.54,58.0,25.4,23.2,6.9,77.4,92.2,77.0,36.7,44.9,23.4,17.9,2.54,58.0,25.4,23.2,6.9,77.4,92.2,77.0,36.7,0.14,0.13,0.04,0.7,4.08,1.13,0.7,0.0,0.42,0.14,33.3,0.42,0.14,0.0,0.0,16.7,0.0,0.0,0.0,0.05,-0.03,-0.03,70.0,2.82,18.5,30.7,21.3,2.11,70.0,2.11,51.7,1.83,44.8,42.3,0.7,0.7,1.13,44.8,2.82,1.13,1.97,2.82,1.13,50.0,1.13,1.13,1.13,0.85,3.66,2.39,0.0,1.83,1.82,0.14,0.14,0.0,0.0,0.0,0.0,0.28,0.28,0.14,0.14,0.0,0.0,0.0,0.0,0.0,0.56,0.85,0.28,3.94,0.85,1.97,0.0,0.0,0.0,5.77,1.13,47.1,,,,,,,,,,,,,,,,,,,,,,,,,,,,
Monsef Bakrar,dz ALG,FW,NYCFC,22,2001,10,10,754,8.4,0.36,0.0,0.36,0.36,0.0,0.12,0.0,0.0,0.69,0.62,0.04,0.65,1.19,1.31,5.24,0.36,0.0,0.36,0.36,0.36,0.69,0.04,0.73,0.62,0.66,Matches,2023,8.4,7.86,4.88,2.14,0.24,13.2,6.79,3.57,0.95,59.5,71.9,60.0,25.0,98.7,20.0,7.86,4.88,2.14,0.24,13.2,6.79,3.57,0.95,59.5,71.9,60.0,25.0,7.86,4.88,2.14,0.24,13.2,6.79,3.57,0.95,59.5,71.9,60.0,25.0,7.86,4.88,2.14,0.24,13.2,6.79,3.57,0.95,59.5,71.9,60.0,25.0,0.0,0.05,-0.04,0.24,0.6,0.24,0.12,0.36,3.21,0.95,29.6,3.22,0.95,0.11,0.38,14.7,0.0,0.0,0.12,0.19,-0.33,-0.26,22.3,0.48,0.71,8.81,13.0,4.64,22.1,0.48,25.0,1.31,68.8,13.2,1.19,2.14,0.36,15.6,0.24,0.0,0.0,0.24,0.0,0.0,0.12,0.24,0.24,0.24,0.48,0.48,0.0,1.31,1.31,0.0,0.0,0.0,0.0,0.0,0.0,0.12,0.12,0.0,0.0,0.0,0.0,0.0,0.0,0.0,1.07,0.48,0.83,0.36,0.24,0.0,0.0,0.0,0.0,1.9,2.02,45.9,,,,,,,,,,,,,,,,,,,,,,,,,,,,
Michael Baldisimo,ph PHI,MF,SJ Earthquakes,22,2000,10,3,294,3.3,0.0,0.0,0.0,0.0,0.0,0.0,0.3,0.0,0.0,0.0,0.0,0.0,0.3,3.33,0.91,0.0,0.0,0.0,0.0,0.0,0.0,0.0,0.0,0.0,0.0,Matches,2023,3.3,38.8,22.1,13.9,2.12,44.5,24.5,14.8,3.33,87.1,90.1,93.9,63.6,622.4,209.7,38.8,22.1,13.9,2.12,44.5,24.5,14.8,3.33,87.1,90.1,93.9,63.6,38.8,22.1,13.9,2.12,44.5,24.5,14.8,3.33,87.1,90.1,93.9,63.6,38.8,22.1,13.9,2.12,44.5,24.5,14.8,3.33,87.1,90.1,93.9,63.6,0.0,0.03,0.0,0.0,4.24,0.0,0.0,0.0,0.0,0.0,,0.0,0.0,,,,0.0,0.0,0.0,,0.0,0.0,57.3,3.03,18.8,31.5,7.88,0.3,57.3,0.91,60.0,0.61,40.0,31.5,0.0,0.3,2.73,35.2,3.33,1.52,1.82,3.33,1.52,35.7,2.73,2.12,1.52,1.52,4.85,2.42,0.0,0.61,0.61,0.0,0.0,0.0,0.0,0.0,0.0,0.0,0.0,0.0,0.0,0.0,0.0,0.0,0.0,0.0,3.03,0.61,0.0,0.91,1.52,1.82,0.0,0.3,0.0,5.76,0.61,40.0,,,,,,,,,,,,,,,,,,,,,,,,,,,,
Tai Baribo,il ISR,"FW,MF",Philadelphia Union,25,1998,5,1,153,1.7,0.0,0.0,0.0,0.0,0.0,0.0,1.18,0.0,0.06,0.06,0.0,0.06,0.0,0.59,4.12,0.0,0.0,0.0,0.0,0.0,0.06,0.0,0.06,0.06,0.06,Matches,2023,1.7,15.3,10.0,1.76,1.18,20.6,11.2,4.12,1.76,74.3,89.5,42.9,66.7,166.5,18.8,15.3,10.0,1.76,1.18,20.6,11.2,4.12,1.76,74.3,89.5,42.9,66.7,15.3,10.0,1.76,1.18,20.6,11.2,4.12,1.76,74.3,89.5,42.9,66.7,15.3,10.0,1.76,1.18,20.6,11.2,4.12,1.76,74.3,89.5,42.9,66.7,0.0,0.0,0.0,0.0,0.59,0.0,0.0,0.0,1.18,0.59,50.0,1.18,0.59,0.0,0.0,12.6,0.0,0.0,0.0,0.05,-0.06,-0.06,29.4,1.76,2.35,16.5,10.6,2.35,29.4,0.0,0.0,0.59,100.0,14.7,0.0,1.18,1.18,23.5,0.59,0.0,0.0,0.59,0.0,0.0,2.35,1.76,1.76,0.0,0.59,1.76,0.0,0.0,0.0,0.0,0.0,0.0,0.0,0.0,0.0,0.0,0.0,0.0,0.0,0.0,0.0,0.0,0.0,0.0,1.18,0.59,0.59,0.0,0.0,0.0,0.0,0.0,0.0,1.76,2.94,45.5,,,,,,,,,,,,,,,,,,,,,,,,,,,,
Tom Barlow,us USA,FW,NY Red Bulls,27,1995,34,20,1841,20.5,0.15,0.1,0.24,0.15,0.0,0.0,0.2,0.0,0.34,0.34,0.09,0.42,0.93,1.76,4.98,0.15,0.1,0.24,0.15,0.24,0.34,0.09,0.42,0.34,0.42,Matches,2023,20.5,12.5,8.24,3.07,0.34,19.7,11.7,4.88,0.73,63.5,70.7,63.0,46.7,155.0,34.0,12.5,8.24,3.07,0.34,19.7,11.7,4.88,0.73,63.5,70.7,63.0,46.7,12.5,8.24,3.07,0.34,19.7,11.7,4.88,0.73,63.5,70.7,63.0,46.7,12.5,8.24,3.07,0.34,19.7,11.7,4.88,0.73,63.5,70.7,63.0,46.7,0.1,0.05,0.01,0.78,0.88,0.49,0.0,0.15,1.56,0.73,46.9,1.56,0.73,0.09,0.2,12.1,0.0,0.0,0.0,0.22,-0.19,-0.19,28.4,0.68,2.29,11.8,14.4,3.56,28.4,0.34,36.8,0.59,63.2,14.9,0.39,2.29,0.83,20.2,0.54,0.2,0.29,0.54,0.2,30.8,0.44,0.49,0.44,0.24,0.78,0.54,0.0,1.61,1.61,0.15,0.0,0.0,0.0,0.0,0.0,0.1,0.1,0.15,0.0,0.0,0.0,0.0,0.0,0.0,2.34,0.54,0.44,0.24,0.24,0.29,0.0,0.0,0.0,3.27,3.56,43.5,,,,,,,,,,,,,,,,,,,,,,,,,,,,
Luis Barraza,us USA,GK,NYCFC,26,1996,24,24,2160,24.0,0.0,0.0,0.0,0.0,0.0,0.0,0.13,0.0,0.0,0.0,0.0,0.0,0.0,0.0,0.0,0.0,0.0,0.0,0.0,0.0,0.0,0.0,0.0,0.0,0.0,Matches,2023,24.0,36.9,7.04,23.4,6.42,45.8,7.04,23.8,14.5,80.7,100.0,98.1,44.1,860.9,453.9,36.9,7.04,23.4,6.42,45.8,7.04,23.8,14.5,80.7,100.0,98.1,44.1,36.9,7.04,23.4,6.42,45.8,7.04,23.8,14.5,80.7,100.0,98.1,44.1,36.9,7.04,23.4,6.42,45.8,7.04,23.8,14.5,80.7,100.0,98.1,44.1,0.0,0.0,0.0,0.04,0.54,0.04,0.0,0.0,0.0,0.0,,0.0,0.0,,,,0.0,0.0,0.0,,0.0,0.0,47.9,30.6,47.2,0.71,0.0,0.0,47.9,0.08,100.0,0.0,0.0,27.1,0.0,0.0,0.0,28.9,0.0,0.0,0.0,0.0,0.0,,0.0,0.0,0.0,0.04,0.04,0.5,0.04,0.08,0.08,0.0,0.0,0.0,0.0,0.0,0.0,0.0,0.0,0.0,0.0,0.0,0.0,0.0,0.0,0.0,0.04,0.0,0.0,0.0,0.04,0.0,0.0,0.0,0.0,1.29,0.17,80.0,1.29,0.08,0.21,0.04,1.12,0.27,-0.13,-0.13,38.1,4.0,20.3,37.9,28.0,37.3,12.4,20.3,37.9,28.0,37.3,12.4,13.0,0.42,3.2,0.54,0.54,28.0,37.3,12.4
Álvaro Barreal,ar ARG,DF,FC Cincinnati,22,2000,34,32,2814,31.3,0.16,0.19,0.35,0.16,0.0,0.0,0.19,0.0,0.1,0.1,0.3,0.39,2.68,4.06,7.6,0.16,0.19,0.35,0.16,0.35,0.1,0.3,0.39,0.1,0.39,Matches,2023,31.3,42.5,21.1,15.5,5.34,58.7,23.9,20.1,12.1,72.4,88.1,76.9,44.1,761.5,295.8,42.5,21.1,15.5,5.34,58.7,23.9,20.1,12.1,72.4,88.1,76.9,44.1,42.5,21.1,15.5,5.34,58.7,23.9,20.1,12.1,72.4,88.1,76.9,44.1,42.5,21.1,15.5,5.34,58.7,23.9,20.1,12.1,72.4,88.1,76.9,44.1,0.19,0.29,-0.11,2.33,3.32,1.57,0.93,0.16,1.85,0.42,22.4,1.86,0.42,0.09,0.38,21.7,0.22,0.0,0.0,0.05,0.06,0.06,70.4,2.2,16.5,31.0,23.8,3.13,70.4,1.31,43.2,1.31,43.2,36.3,0.96,1.79,0.54,42.2,1.6,0.89,1.09,1.6,0.89,40.0,1.34,1.66,1.53,1.15,2.75,1.66,0.0,3.71,3.71,0.19,0.03,0.1,0.03,0.0,0.0,0.38,0.38,0.19,0.03,0.1,0.03,0.0,0.0,0.0,1.05,1.15,0.1,7.0,1.15,1.09,0.03,0.03,0.0,6.07,0.32,35.7,,,,,,,,,,,,,,,,,,,,,,,,,,,,
Michael Barrios,co COL,"FW,MF",Colorado Rapids,31,1991,20,7,839,9.3,0.22,0.22,0.43,0.22,0.0,0.0,0.32,0.0,0.29,0.29,0.14,0.43,2.37,2.04,8.82,0.21,0.21,0.43,0.21,0.43,0.29,0.14,0.43,0.29,0.43,Matches,2023,9.3,13.4,6.99,4.84,0.75,21.3,9.68,7.42,1.83,63.1,72.2,65.2,41.2,204.3,46.9,13.4,6.99,4.84,0.75,21.3,9.68,7.42,1.83,63.1,72.2,65.2,41.2,13.4,6.99,4.84,0.75,21.3,9.68,7.42,1.83,63.1,72.2,65.2,41.2,13.4,6.99,4.84,0.75,21.3,9.68,7.42,1.83,63.1,72.2,65.2,41.2,0.22,0.12,0.08,1.18,0.86,1.08,0.54,0.22,1.94,0.97,50.0,1.93,0.97,0.11,0.22,16.3,0.0,0.0,0.0,0.15,-0.08,-0.08,32.4,0.43,3.33,11.1,18.8,3.98,32.4,0.86,22.9,2.37,62.9,20.5,1.61,2.15,0.97,22.6,0.54,0.43,0.32,0.54,0.43,33.3,0.86,0.75,0.75,0.54,1.08,0.22,0.0,2.26,2.25,0.22,0.11,0.22,0.0,0.0,0.0,0.32,0.32,0.22,0.11,0.22,0.0,0.0,0.0,0.0,1.08,1.08,0.11,2.26,0.54,0.32,0.11,0.0,0.0,3.01,0.65,21.4,,,,,,,,,,,,,,,,,,,,,,,,,,,,
Michael Barrios,co COL,"FW,MF",LA Galaxy,31,1991,6,0,114,1.3,0.77,0.0,0.77,0.77,0.0,0.0,0.0,0.0,0.46,0.46,0.23,0.62,3.85,3.08,11.5,0.79,0.0,0.79,0.79,0.79,0.44,0.2,0.65,0.44,0.65,Matches,2023,1.3,23.8,13.1,9.23,1.54,30.8,16.9,10.0,2.31,77.5,77.3,92.3,66.7,391.5,99.2,23.8,13.1,9.23,1.54,30.8,16.9,10.0,2.31,77.5,77.3,92.3,66.7,23.8,13.1,9.23,1.54,30.8,16.9,10.0,2.31,77.5,77.3,92.3,66.7,23.8,13.1,9.23,1.54,30.8,16.9,10.0,2.31,77.5,77.3,92.3,66.7,0.0,0.23,-0.23,2.31,2.31,2.31,0.77,0.77,3.85,2.31,60.0,3.95,2.37,0.2,0.33,13.6,0.0,0.0,0.0,0.11,0.31,0.31,46.9,0.77,5.38,9.23,32.3,10.8,46.9,0.0,0.0,0.77,50.0,28.5,1.54,5.38,3.08,33.1,2.31,1.54,2.31,2.31,1.54,100.0,0.0,0.77,0.77,0.0,2.31,0.77,0.0,3.85,3.95,0.0,0.0,0.0,0.0,0.0,0.0,0.77,0.79,0.0,0.0,0.0,0.0,0.0,0.0,0.0,2.31,1.54,0.0,2.31,0.0,2.31,0.0,0.0,0.0,4.62,0.77,100.0,,,,,,,,,,,,,,,,,,,,,,,,,,,,
Lucas Bartlett,us USA,DF,St. Louis,25,1997,14,12,1067,11.9,0.0,0.08,0.08,0.0,0.0,0.0,0.34,0.0,0.07,0.07,0.04,0.1,0.42,3.03,0.25,0.0,0.08,0.08,0.0,0.08,0.06,0.04,0.1,0.06,0.1,Matches,2023,11.9,31.3,10.1,17.9,3.03,40.1,12.2,20.0,6.47,78.0,82.8,89.5,46.8,612.9,250.3,31.3,10.1,17.9,3.03,40.1,12.2,20.0,6.47,78.0,82.8,89.5,46.8,31.3,10.1,17.9,3.03,40.1,12.2,20.0,6.47,78.0,82.8,89.5,46.8,31.3,10.1,17.9,3.03,40.1,12.2,20.0,6.47,78.0,82.8,89.5,46.8,0.08,0.04,0.04,0.42,2.52,0.34,0.08,0.0,0.5,0.17,33.3,0.51,0.17,0.0,0.0,7.2,0.0,0.0,0.0,0.13,-0.07,-0.07,52.7,7.23,26.6,24.9,1.76,0.76,52.7,0.17,33.3,0.34,66.7,23.8,0.0,0.67,0.08,24.5,1.51,1.18,0.92,1.51,1.18,63.6,0.67,2.02,1.26,2.1,3.61,4.29,0.0,0.76,0.76,0.0,0.0,0.0,0.0,0.08,0.0,0.08,0.08,0.0,0.0,0.0,0.0,0.08,0.0,0.0,2.1,0.5,0.0,0.08,2.1,0.92,0.0,0.0,0.0,6.81,2.61,57.4,,,,,,,,,,,,,,,,,,,,,,,,,,,,
Ethan Bartlow,us USA,DF,Houston Dynamo,22,2000,27,21,1992,22.1,0.0,0.05,0.05,0.0,0.0,0.0,0.18,0.0,0.04,0.04,0.06,0.1,0.54,1.76,0.32,0.0,0.05,0.05,0.0,0.05,0.04,0.06,0.1,0.04,0.1,Matches,2023,22.1,42.0,10.4,25.1,6.24,51.5,11.9,27.4,10.8,81.6,86.7,91.6,57.7,904.3,274.5,42.0,10.4,25.1,6.24,51.5,11.9,27.4,10.8,81.6,86.7,91.6,57.7,42.0,10.4,25.1,6.24,51.5,11.9,27.4,10.8,81.6,86.7,91.6,57.7,42.0,10.4,25.1,6.24,51.5,11.9,27.4,10.8,81.6,86.7,91.6,57.7,0.05,0.05,-0.02,0.41,2.22,0.23,0.14,0.0,0.5,0.09,18.2,0.5,0.09,0.0,0.0,13.6,0.0,0.0,0.0,0.08,-0.04,-0.04,60.2,11.0,37.9,20.1,2.49,0.95,60.2,0.36,80.0,0.05,10.0,38.4,0.09,0.18,0.09,42.1,0.63,0.23,0.45,0.63,0.23,38.5,0.36,1.0,0.23,0.59,1.22,4.62,0.05,0.86,0.86,0.05,0.0,0.05,0.0,0.0,0.0,0.09,0.09,0.05,0.0,0.05,0.0,0.0,0.0,0.0,0.59,0.5,0.0,0.27,0.59,0.45,0.0,0.05,0.0,4.21,1.67,54.4,,,,,,,,,,,,,,,,,,,,,,,,,,,,
Cole Bassett,us USA,"MF,FW",Colorado Rapids,21,2001,25,22,1898,21.1,0.28,0.05,0.33,0.28,0.0,0.0,0.24,0.0,0.18,0.18,0.11,0.29,2.09,4.45,3.46,0.28,0.05,0.33,0.28,0.33,0.19,0.11,0.29,0.19,0.29,Matches,2023,21.1,31.0,14.3,11.9,3.6,38.5,16.2,14.0,5.69,80.5,88.0,85.4,63.3,547.3,135.9,31.0,14.3,11.9,3.6,38.5,16.2,14.0,5.69,80.5,88.0,85.4,63.3,31.0,14.3,11.9,3.6,38.5,16.2,14.0,5.69,80.5,88.0,85.4,63.3,31.0,14.3,11.9,3.6,38.5,16.2,14.0,5.69,80.5,88.0,85.4,63.3,0.05,0.09,-0.06,1.18,3.08,0.95,0.05,0.28,1.85,0.66,35.9,1.85,0.66,0.15,0.43,16.5,0.09,0.0,0.0,0.1,0.1,0.1,47.5,1.28,7.54,23.6,16.7,2.18,47.5,1.14,63.2,0.57,31.6,28.9,0.43,1.85,0.57,34.1,1.75,0.52,1.09,1.75,0.52,32.4,1.09,0.71,0.62,0.38,2.13,0.71,0.0,2.65,2.65,0.24,0.05,0.05,0.0,0.0,0.0,0.19,0.19,0.24,0.05,0.05,0.0,0.0,0.0,0.0,1.71,0.62,0.0,1.52,0.38,1.09,0.0,0.0,0.0,4.31,0.71,40.5,,,,,,,,,,,,,,,,,,,,,,,,,,,,
Amine Bassi,fr FRA,"MF,FW",Houston Dynamo,25,1997,28,25,2000,22.2,0.45,0.05,0.5,0.18,0.27,0.27,0.05,0.05,0.41,0.2,0.22,0.41,1.8,6.76,4.32,0.45,0.05,0.5,0.18,0.23,0.41,0.21,0.63,0.2,0.41,Matches,2023,22.2,46.4,26.4,14.6,4.14,53.8,28.3,16.9,6.04,86.3,93.0,86.2,68.7,736.8,181.8,46.4,26.4,14.6,4.14,53.8,28.3,16.9,6.04,86.3,93.0,86.2,68.7,46.4,26.4,14.6,4.14,53.8,28.3,16.9,6.04,86.3,93.0,86.2,68.7,46.4,26.4,14.6,4.14,53.8,28.3,16.9,6.04,86.3,93.0,86.2,68.7,0.05,0.3,-0.17,2.21,4.46,2.21,0.23,0.45,1.58,0.5,31.4,1.58,0.5,0.11,0.36,22.5,0.05,0.27,0.27,0.13,0.04,-0.02,61.4,0.32,6.04,34.6,21.5,2.16,61.1,1.04,50.0,0.9,43.5,42.9,0.18,1.31,1.08,49.7,0.63,0.36,0.32,0.63,0.36,33.3,0.72,0.68,0.63,0.5,1.13,0.14,0.05,4.28,4.28,0.14,0.0,0.32,0.0,0.05,0.05,0.41,0.41,0.14,0.0,0.32,0.0,0.05,0.05,0.0,1.17,1.8,0.32,1.85,0.5,0.32,0.0,0.0,0.0,4.77,0.05,9.1,,,,,,,,,,,,,,,,,,,,,,,,,,,,
Jesús Batiz,hn HON,"MF,FW",Toronto FC,23,1999,2,0,64,0.7,0.0,0.0,0.0,0.0,0.0,0.0,0.0,0.0,0.14,0.14,0.0,0.14,4.29,2.86,11.4,0.0,0.0,0.0,0.0,0.0,0.09,0.0,0.09,0.09,0.09,Matches,2023,0.7,22.9,10.0,10.0,0.0,27.1,12.9,10.0,0.0,84.2,77.8,100.0,,341.4,55.7,22.9,10.0,10.0,0.0,27.1,12.9,10.0,0.0,84.2,77.8,100.0,,22.9,10.0,10.0,0.0,27.1,12.9,10.0,0.0,84.2,77.8,100.0,,22.9,10.0,10.0,0.0,27.1,12.9,10.0,0.0,84.2,77.8,100.0,,0.0,0.0,0.0,0.0,1.43,1.43,0.0,0.0,1.43,0.0,0.0,1.41,0.0,0.0,,17.5,0.0,0.0,0.0,0.07,-0.14,-0.14,41.4,0.0,8.57,18.6,15.7,2.86,41.4,4.29,100.0,0.0,0.0,28.6,1.43,2.86,1.43,31.4,1.43,0.0,1.43,1.43,0.0,,0.0,2.86,1.43,0.0,1.43,0.0,0.0,1.43,1.41,1.43,0.0,0.0,0.0,0.0,0.0,0.0,0.0,1.43,0.0,0.0,0.0,0.0,0.0,0.0,0.0,2.86,0.0,0.0,0.0,1.43,0.0,0.0,0.0,2.86,0.0,,,,,,,,,,,,,,,,,,,,,,,,,,,,,
Josh Bauer,us USA,DF,Nashville SC,24,1998,10,4,518,5.8,0.0,0.0,0.0,0.0,0.0,0.0,0.34,0.0,0.05,0.05,0.0,0.05,0.17,1.9,0.17,0.0,0.0,0.0,0.0,0.0,0.05,0.0,0.05,0.05,0.05,Matches,2023,5.8,42.2,14.8,22.9,4.14,49.0,15.9,25.9,6.55,86.3,93.5,88.7,63.2,817.2,241.0,42.2,14.8,22.9,4.14,49.0,15.9,25.9,6.55,86.3,93.5,88.7,63.2,42.2,14.8,22.9,4.14,49.0,15.9,25.9,6.55,86.3,93.5,88.7,63.2,42.2,14.8,22.9,4.14,49.0,15.9,25.9,6.55,86.3,93.5,88.7,63.2,0.0,0.1,0.0,0.0,2.59,0.0,0.0,0.0,0.34,0.0,0.0,0.35,0.0,0.0,,9.0,0.0,0.0,0.0,0.14,-0.05,-0.05,58.1,7.41,31.6,25.0,1.9,0.52,58.1,0.0,0.0,0.0,0.0,35.0,0.0,0.34,0.0,40.5,1.38,0.69,1.03,1.38,0.69,100.0,0.0,1.55,0.17,1.9,3.28,2.59,0.0,0.34,0.35,0.0,0.0,0.0,0.0,0.0,0.0,0.0,0.0,0.0,0.0,0.0,0.0,0.0,0.0,0.0,0.69,1.21,0.0,0.17,1.9,1.03,0.0,0.0,0.0,4.48,2.24,54.2,,,,,,,,,,,,,,,,,,,,,,,,,,,,
Tanner Beason,us USA,DF,SJ Earthquakes,25,1997,23,15,1406,15.6,0.0,0.06,0.06,0.0,0.0,0.0,0.06,0.06,0.05,0.05,0.01,0.06,0.06,1.22,0.0,0.0,0.06,0.06,0.0,0.06,0.05,0.01,0.06,0.05,0.06,Matches,2023,15.6,35.1,10.3,20.6,3.72,42.6,11.7,22.8,6.79,82.4,87.4,90.4,54.7,697.6,261.9,35.1,10.3,20.6,3.72,42.6,11.7,22.8,6.79,82.4,87.4,90.4,54.7,35.1,10.3,20.6,3.72,42.6,11.7,22.8,6.79,82.4,87.4,90.4,54.7,35.1,10.3,20.6,3.72,42.6,11.7,22.8,6.79,82.4,87.4,90.4,54.7,0.06,0.0,0.06,0.06,0.38,0.0,0.0,0.0,0.51,0.06,12.5,0.51,0.06,0.0,0.0,10.3,0.0,0.0,0.0,0.1,-0.05,-0.05,52.8,13.3,35.3,16.3,1.28,0.71,52.8,0.06,100.0,0.0,0.0,26.6,0.0,0.71,0.0,30.5,1.09,0.9,0.64,1.09,0.9,66.7,0.45,1.35,0.26,1.54,2.63,4.36,0.06,0.26,0.26,0.0,0.0,0.0,0.0,0.0,0.0,0.06,0.06,0.0,0.0,0.0,0.0,0.0,0.0,0.0,0.13,0.51,0.06,0.06,1.54,0.64,0.0,0.06,0.0,5.19,2.24,79.5,,,,,,,,,,,,,,,,,,,,,,,,,,,,
Gavin Beavers,us USA,GK,Real Salt Lake,17,2005,7,6,585,6.5,0.0,0.0,0.0,0.0,0.0,0.0,0.15,0.0,0.0,0.0,0.0,0.0,0.0,0.0,0.0,0.0,0.0,0.0,0.0,0.0,0.0,0.0,0.0,0.0,0.0,Matches,2023,6.5,20.2,4.0,8.31,7.85,28.2,4.0,8.31,15.7,71.6,100.0,100.0,50.0,601.5,442.0,20.2,4.0,8.31,7.85,28.2,4.0,8.31,15.7,71.6,100.0,100.0,50.0,20.2,4.0,8.31,7.85,28.2,4.0,8.31,15.7,71.6,100.0,100.0,50.0,20.2,4.0,8.31,7.85,28.2,4.0,8.31,15.7,71.6,100.0,100.0,50.0,0.0,0.0,0.0,0.0,0.46,0.0,0.0,0.0,0.0,0.0,,0.0,0.0,,,,0.0,0.0,0.0,,0.0,0.0,30.2,26.5,30.2,0.0,0.0,0.0,30.2,0.0,,0.0,,14.6,0.0,0.0,0.0,10.8,0.0,0.0,0.0,0.0,0.0,,0.0,0.0,0.0,0.0,0.0,0.77,0.15,0.15,0.15,0.0,0.0,0.0,0.0,0.0,0.0,0.0,0.0,0.0,0.0,0.0,0.0,0.0,0.0,0.0,0.0,0.0,0.0,0.0,0.0,0.0,0.0,0.0,0.0,2.15,0.15,100.0,2.15,0.31,0.15,0.0,1.77,0.35,-0.38,-0.38,20.2,4.15,33.6,62.7,34.2,48.0,14.0,33.6,62.7,34.2,48.0,14.0,14.5,0.77,5.3,1.69,1.69,34.2,48.0,14.0
Simon Becher,us USA,"FW,MF",Vancouver W'caps,23,1999,19,5,613,6.8,0.59,0.15,0.74,0.59,0.0,0.0,0.0,0.0,0.35,0.35,0.18,0.53,0.88,1.76,7.06,0.59,0.15,0.73,0.59,0.73,0.35,0.18,0.53,0.35,0.53,Matches,2023,6.8,10.7,6.76,3.09,0.15,15.9,9.85,4.26,0.29,67.6,68.7,72.4,50.0,138.5,32.9,10.7,6.76,3.09,0.15,15.9,9.85,4.26,0.29,67.6,68.7,72.4,50.0,10.7,6.76,3.09,0.15,15.9,9.85,4.26,0.29,67.6,68.7,72.4,50.0,10.7,6.76,3.09,0.15,15.9,9.85,4.26,0.29,67.6,68.7,72.4,50.0,0.15,0.1,-0.03,1.76,0.88,0.44,0.0,0.59,2.5,1.03,41.2,2.5,1.03,0.24,0.57,11.4,0.0,0.0,0.0,0.14,0.24,0.24,26.2,1.18,1.91,10.3,14.6,6.32,26.2,0.44,27.3,1.03,63.6,14.7,1.03,3.09,0.88,19.6,0.44,0.0,0.44,0.44,0.0,0.0,0.44,0.44,0.44,0.0,0.44,1.18,0.0,2.79,2.79,0.15,0.0,0.29,0.0,0.15,0.0,0.29,0.29,0.15,0.0,0.29,0.0,0.15,0.0,0.0,1.47,1.62,0.59,0.29,0.0,0.44,0.0,0.0,0.0,2.35,2.21,34.1,,,,,,,,,,,,,,,,,,,,,,,,,,,,
Alejandro Bedoya,us USA,MF,Philadelphia Union,35,1987,28,25,2007,22.3,0.0,0.18,0.18,0.0,0.0,0.0,0.27,0.0,0.1,0.1,0.14,0.24,1.97,5.02,6.41,0.0,0.18,0.18,0.0,0.18,0.1,0.14,0.24,0.1,0.24,Matches,2023,22.3,28.9,14.8,11.2,2.11,40.9,18.9,14.7,3.63,70.6,78.2,76.2,58.0,460.4,175.9,28.9,14.8,11.2,2.11,40.9,18.9,14.7,3.63,70.6,78.2,76.2,58.0,28.9,14.8,11.2,2.11,40.9,18.9,14.7,3.63,70.6,78.2,76.2,58.0,28.9,14.8,11.2,2.11,40.9,18.9,14.7,3.63,70.6,78.2,76.2,58.0,0.18,0.11,0.04,1.48,2.78,1.12,0.22,0.0,1.26,0.49,39.3,1.26,0.49,0.0,0.0,12.0,0.0,0.0,0.0,0.08,-0.1,-0.1,49.9,1.52,8.39,23.6,18.2,3.54,49.9,0.58,72.2,0.22,27.8,26.0,0.36,0.99,0.67,33.5,1.61,0.72,0.99,1.61,0.72,32.7,1.48,1.12,0.76,1.03,2.65,0.85,0.04,3.36,3.36,0.09,0.0,0.0,0.0,0.04,0.0,0.4,0.4,0.09,0.0,0.0,0.0,0.04,0.0,0.0,1.48,0.22,0.58,1.57,1.03,0.99,0.0,0.0,0.0,4.89,2.56,41.6,,,,,,,,,,,,,,,,,,,,,,,,,,,,
Steven Beitashour,ir IRN,DF,Colorado Rapids,35,1987,12,7,607,6.7,0.0,0.0,0.0,0.0,0.0,0.0,0.0,0.0,0.0,0.0,0.01,0.01,0.6,3.13,2.54,0.0,0.0,0.0,0.0,0.0,0.0,0.01,0.01,0.0,0.01,Matches,2023,6.7,37.6,16.6,18.5,1.94,46.0,17.2,23.1,3.88,81.8,96.5,80.0,50.0,625.7,227.5,37.6,16.6,18.5,1.94,46.0,17.2,23.1,3.88,81.8,96.5,80.0,50.0,37.6,16.6,18.5,1.94,46.0,17.2,23.1,3.88,81.8,96.5,80.0,50.0,37.6,16.6,18.5,1.94,46.0,17.2,23.1,3.88,81.8,96.5,80.0,50.0,0.0,0.01,-0.01,0.15,3.88,0.45,0.15,0.0,0.0,0.0,,0.0,0.0,,,,0.0,0.0,0.0,,0.0,0.0,52.1,4.18,17.6,27.3,7.46,0.6,52.1,0.0,0.0,0.15,100.0,28.2,0.0,1.04,0.0,32.5,0.9,0.75,0.6,0.9,0.75,50.0,0.75,0.45,0.15,0.3,1.19,2.69,0.0,0.6,0.59,0.0,0.0,0.0,0.0,0.0,0.0,0.0,0.0,0.0,0.0,0.0,0.0,0.0,0.0,0.0,1.04,1.19,0.0,0.3,0.3,0.6,0.0,0.0,0.0,4.18,1.19,61.5,,,,,,,,,,,,,,,,,,,,,,,,,,,,
Jon Bell,jm JAM,DF,St. Louis,25,1997,3,2,142,1.6,0.0,0.0,0.0,0.0,0.0,0.0,1.25,0.0,0.0,0.0,0.0,0.0,0.0,0.63,0.0,0.0,0.0,0.0,0.0,0.0,0.0,0.0,0.0,0.0,0.0,Matches,2023,1.6,31.3,5.63,20.6,5.0,40.6,6.88,23.1,9.38,76.9,81.8,89.2,53.3,666.9,280.6,31.3,5.63,20.6,5.0,40.6,6.88,23.1,9.38,76.9,81.8,89.2,53.3,31.3,5.63,20.6,5.0,40.6,6.88,23.1,9.38,76.9,81.8,89.2,53.3,31.3,5.63,20.6,5.0,40.6,6.88,23.1,9.38,76.9,81.8,89.2,53.3,0.0,0.0,0.0,0.0,1.88,0.0,0.0,0.0,0.0,0.0,,0.0,0.0,,,,0.0,0.0,0.0,,0.0,0.0,51.3,6.88,29.4,21.3,0.63,0.63,51.3,0.0,,0.0,,25.0,0.0,0.63,0.0,28.1,1.25,0.63,0.63,1.25,0.63,33.3,1.25,1.88,0.63,1.25,2.5,3.13,0.0,0.63,0.64,0.0,0.0,0.0,0.0,0.0,0.0,0.0,0.0,0.0,0.0,0.0,0.0,0.0,0.0,0.0,2.5,1.25,0.0,0.0,1.25,0.63,0.0,0.0,0.0,8.75,0.63,20.0,,,,,,,,,,,,,,,,,,,,,,,,,,,,
Zaydan Bello,au AUS,MF,Minnesota Utd,20,2002,1,0,15,0.2,0.0,0.0,0.0,0.0,0.0,0.0,5.0,0.0,0.0,0.0,0.5,0.5,5.0,5.0,5.0,0.0,0.0,0.0,0.0,0.0,0.0,0.43,0.43,0.0,0.43,Matches,2023,0.2,15.0,10.0,5.0,0.0,30.0,15.0,10.0,0.0,50.0,66.7,50.0,,175.0,35.0,15.0,10.0,5.0,0.0,30.0,15.0,10.0,0.0,50.0,66.7,50.0,,15.0,10.0,5.0,0.0,30.0,15.0,10.0,0.0,50.0,66.7,50.0,,15.0,10.0,5.0,0.0,30.0,15.0,10.0,0.0,50.0,66.7,50.0,,0.0,0.0,-0.5,5.0,0.0,0.0,0.0,0.0,0.0,0.0,,0.0,0.0,,,,0.0,0.0,0.0,,0.0,0.0,50.0,5.0,10.0,0.0,40.0,5.0,50.0,5.0,100.0,0.0,0.0,30.0,5.0,15.0,5.0,30.0,5.0,0.0,5.0,5.0,0.0,0.0,5.0,0.0,0.0,0.0,5.0,0.0,0.0,10.0,12.0,5.0,0.0,0.0,0.0,0.0,0.0,0.0,0.0,5.0,0.0,0.0,0.0,0.0,0.0,0.0,5.0,0.0,0.0,5.0,0.0,5.0,0.0,0.0,0.0,5.0,0.0,0.0,,,,,,,,,,,,,,,,,,,,,,,,,,,,
Nico Benalcázar,us USA,MF,NYCFC,21,2001,1,0,10,0.1,0.0,0.0,0.0,0.0,0.0,0.0,0.0,0.0,0.0,0.0,0.0,0.0,0.0,0.0,0.0,0.0,0.0,0.0,0.0,0.0,0.0,0.0,0.0,0.0,0.0,Matches,2023,0.1,30.0,20.0,0.0,0.0,30.0,20.0,0.0,0.0,100.0,100.0,,,250.0,80.0,30.0,20.0,0.0,0.0,30.0,20.0,0.0,0.0,100.0,100.0,,,30.0,20.0,0.0,0.0,30.0,20.0,0.0,0.0,100.0,100.0,,,30.0,20.0,0.0,0.0,30.0,20.0,0.0,0.0,100.0,100.0,,,0.0,0.0,0.0,0.0,0.0,0.0,0.0,0.0,0.0,0.0,,0.0,0.0,,,,0.0,0.0,0.0,,0.0,0.0,60.0,0.0,20.0,40.0,0.0,0.0,60.0,0.0,,0.0,,10.0,0.0,10.0,0.0,10.0,0.0,0.0,0.0,0.0,0.0,,0.0,10.0,0.0,10.0,10.0,0.0,0.0,0.0,0.0,0.0,0.0,0.0,0.0,0.0,0.0,0.0,0.0,0.0,0.0,0.0,0.0,0.0,0.0,0.0,0.0,0.0,0.0,0.0,10.0,0.0,0.0,0.0,0.0,10.0,0.0,,,,,,,,,,,,,,,,,,,,,,,,,,,,,
Ben Bender,us USA,"MF,FW",Charlotte,21,2001,17,11,906,10.1,0.3,0.2,0.5,0.3,0.0,0.0,0.1,0.0,0.15,0.15,0.13,0.27,2.48,4.85,9.31,0.3,0.2,0.5,0.3,0.5,0.15,0.13,0.27,0.15,0.27,Matches,2023,10.1,26.8,15.1,8.81,2.08,35.7,17.0,11.9,4.06,75.1,89.0,74.2,51.2,422.0,127.6,26.8,15.1,8.81,2.08,35.7,17.0,11.9,4.06,75.1,89.0,74.2,51.2,26.8,15.1,8.81,2.08,35.7,17.0,11.9,4.06,75.1,89.0,74.2,51.2,26.8,15.1,8.81,2.08,35.7,17.0,11.9,4.06,75.1,89.0,74.2,51.2,0.2,0.2,0.07,1.78,2.67,2.08,0.79,0.3,1.68,0.5,29.4,1.69,0.5,0.18,0.6,17.6,0.0,0.0,0.0,0.09,0.15,0.15,47.3,0.99,5.64,22.5,19.5,2.97,47.3,1.09,42.3,1.29,50.0,28.7,0.3,2.18,0.89,34.0,1.49,0.89,0.79,1.49,0.89,50.0,0.89,0.99,0.99,0.5,1.98,0.59,0.0,3.47,3.48,0.4,0.1,0.0,0.0,0.1,0.0,0.4,0.4,0.4,0.1,0.0,0.0,0.1,0.0,0.0,1.58,0.99,0.1,3.17,0.5,0.79,0.0,0.0,0.0,5.64,1.29,39.4,,,,,,,,,,,,,,,,,,,,,,,,,,,,
Joe Bendik,us USA,GK,Philadelphia Union,33,1989,8,7,688,7.6,0.0,0.0,0.0,0.0,0.0,0.0,0.0,0.0,0.0,0.0,0.0,0.0,0.0,0.13,0.0,0.0,0.0,0.0,0.0,0.0,0.0,0.0,0.0,0.0,0.0,Matches,2023,7.6,13.9,1.97,4.47,7.5,21.8,2.11,4.61,15.1,63.9,93.8,97.1,49.6,463.6,367.6,13.9,1.97,4.47,7.5,21.8,2.11,4.61,15.1,63.9,93.8,97.1,49.6,13.9,1.97,4.47,7.5,21.8,2.11,4.61,15.1,63.9,93.8,97.1,49.6,13.9,1.97,4.47,7.5,21.8,2.11,4.61,15.1,63.9,93.8,97.1,49.6,0.0,0.0,0.0,0.0,0.39,0.0,0.0,0.0,0.0,0.0,,0.0,0.0,,,,0.0,0.0,0.0,,0.0,0.0,23.2,20.8,23.0,0.13,0.0,0.0,23.2,0.0,,0.0,,9.47,0.0,0.0,0.0,5.39,0.0,0.0,0.0,0.0,0.0,,0.0,0.0,0.0,0.0,0.0,0.26,0.0,0.0,0.0,0.0,0.0,0.0,0.0,0.0,0.0,0.0,0.0,0.0,0.0,0.0,0.0,0.0,0.0,0.0,0.0,0.0,0.0,0.0,0.0,0.0,0.0,0.0,0.0,0.79,0.13,100.0,1.71,0.13,0.13,0.13,1.05,0.26,-0.53,-0.52,13.2,3.29,45.0,65.2,38.9,47.7,9.1,45.0,65.2,38.9,47.7,9.1,11.6,0.53,4.5,0.13,0.13,38.9,47.7,9.1
Christian Benteke,be BEL,FW,D.C. United,32,1990,31,31,2788,31.0,0.45,0.1,0.55,0.42,0.03,0.03,0.26,0.0,0.53,0.5,0.14,0.64,1.13,2.42,5.29,0.45,0.1,0.55,0.42,0.52,0.53,0.14,0.66,0.5,0.64,Matches,2023,31.0,15.8,8.45,5.19,1.29,24.8,12.5,7.77,1.74,63.7,67.9,66.8,74.1,243.5,51.8,15.8,8.45,5.19,1.29,24.8,12.5,7.77,1.74,63.7,67.9,66.8,74.1,15.8,8.45,5.19,1.29,24.8,12.5,7.77,1.74,63.7,67.9,66.8,74.1,15.8,8.45,5.19,1.29,24.8,12.5,7.77,1.74,63.7,67.9,66.8,74.1,0.1,0.13,-0.04,1.32,1.84,0.74,0.03,0.45,3.42,1.19,34.9,3.42,1.19,0.12,0.35,11.9,0.0,0.03,0.03,0.15,-0.07,-0.08,35.4,1.19,2.06,15.3,18.3,6.61,35.4,0.68,56.8,0.45,37.8,16.7,0.65,2.23,1.19,28.9,0.48,0.1,0.19,0.48,0.1,25.0,0.29,0.48,0.39,0.13,0.61,0.97,0.0,2.87,2.87,0.29,0.03,0.26,0.03,0.0,0.0,0.26,0.26,0.29,0.03,0.26,0.03,0.0,0.0,0.0,2.16,1.39,1.19,0.06,0.13,0.19,0.03,0.0,0.0,1.61,7.77,66.2,,,,,,,,,,,,,,,,,,,,,,,,,,,,
Sebastian Berhalter,us USA,MF,Vancouver W'caps,21,2001,28,11,1299,14.4,0.14,0.14,0.28,0.14,0.0,0.0,0.42,0.0,0.06,0.06,0.13,0.2,0.83,5.56,1.6,0.14,0.14,0.28,0.14,0.28,0.07,0.13,0.2,0.07,0.2,Matches,2023,14.4,41.5,14.4,19.8,6.67,51.5,16.3,22.1,11.1,80.5,88.1,89.6,60.0,839.9,253.5,41.5,14.4,19.8,6.67,51.5,16.3,22.1,11.1,80.5,88.1,89.6,60.0,41.5,14.4,19.8,6.67,51.5,16.3,22.1,11.1,80.5,88.1,89.6,60.0,41.5,14.4,19.8,6.67,51.5,16.3,22.1,11.1,80.5,88.1,89.6,60.0,0.14,0.2,0.01,1.18,4.38,1.11,0.35,0.14,1.11,0.42,37.5,1.11,0.42,0.13,0.33,25.2,0.14,0.0,0.0,0.06,0.08,0.08,61.8,3.13,13.4,37.2,11.8,0.69,61.8,0.28,66.7,0.07,16.7,28.8,0.0,0.56,0.56,36.3,2.64,1.11,1.67,2.64,1.11,55.2,0.9,1.6,1.25,1.32,3.96,1.88,0.0,2.71,2.7,0.0,0.0,0.0,0.0,0.0,0.0,0.14,0.14,0.0,0.0,0.0,0.0,0.0,0.0,0.0,2.15,0.56,0.0,3.33,1.32,1.67,0.0,0.0,0.0,6.74,0.97,46.7,,,,,,,,,,,,,,,,,,,,,,,,,,,,
Federico Bernardeschi,it ITA,"FW,MF",Toronto FC,28,1994,31,31,2601,28.9,0.17,0.07,0.24,0.14,0.03,0.03,0.24,0.03,0.17,0.15,0.19,0.34,4.05,3.91,9.13,0.17,0.07,0.24,0.14,0.21,0.17,0.2,0.37,0.15,0.34,Matches,2023,28.9,27.4,13.9,9.48,2.91,37.1,16.1,12.6,5.5,73.7,86.3,75.5,52.8,457.8,128.4,27.4,13.9,9.48,2.91,37.1,16.1,12.6,5.5,73.7,86.3,75.5,52.8,27.4,13.9,9.48,2.91,37.1,16.1,12.6,5.5,73.7,86.3,75.5,52.8,27.4,13.9,9.48,2.91,37.1,16.1,12.6,5.5,73.7,86.3,75.5,52.8,0.07,0.19,-0.12,1.9,2.28,1.8,0.45,0.17,2.73,1.07,39.2,2.73,1.07,0.05,0.13,22.1,0.48,0.03,0.03,0.05,0.0,-0.01,50.1,0.48,4.15,18.5,28.4,4.15,50.0,2.21,38.1,3.11,53.6,34.6,1.9,2.98,1.94,37.7,0.55,0.24,0.38,0.55,0.24,28.0,0.62,0.55,0.55,0.42,0.97,0.07,0.07,3.84,3.84,0.45,0.03,0.21,0.0,0.0,0.0,0.31,0.31,0.45,0.03,0.21,0.0,0.0,0.0,0.03,1.14,1.59,0.42,3.81,0.42,0.38,0.0,0.0,0.0,4.12,0.14,57.1,,,,,,,,,,,,,,,,,,,,,,,,,,,,
Miguel Berry,es ESP,FW,Atlanta Utd,25,1997,27,10,1037,11.5,0.09,0.0,0.09,0.09,0.0,0.0,0.09,0.0,0.05,0.05,0.05,0.1,0.7,1.22,2.96,0.09,0.0,0.09,0.09,0.09,0.05,0.05,0.1,0.05,0.1,Matches,2023,11.5,10.0,4.7,3.65,0.78,12.6,5.57,4.09,1.04,79.3,84.4,89.4,75.0,150.7,25.7,10.0,4.7,3.65,0.78,12.6,5.57,4.09,1.04,79.3,84.4,89.4,75.0,10.0,4.7,3.65,0.78,12.6,5.57,4.09,1.04,79.3,84.4,89.4,75.0,10.0,4.7,3.65,0.78,12.6,5.57,4.09,1.04,79.3,84.4,89.4,75.0,0.0,0.04,-0.05,0.87,0.43,0.26,0.0,0.09,0.78,0.26,33.3,0.78,0.26,0.11,0.33,15.9,0.0,0.0,0.0,0.06,0.03,0.03,19.7,0.35,1.83,9.65,8.43,2.61,19.7,0.87,43.5,1.04,52.2,10.9,0.43,2.0,0.7,13.0,0.78,0.35,0.43,0.78,0.35,50.0,0.35,0.35,0.35,0.17,0.96,0.35,0.0,1.74,1.73,0.09,0.0,0.26,0.0,0.09,0.0,0.17,0.17,0.09,0.0,0.26,0.0,0.09,0.0,0.0,1.13,1.04,0.0,0.26,0.17,0.43,0.0,0.0,0.0,1.39,1.57,40.9,,,,,,,,,,,,,,,,,,,,,,,,,,,,
Aaron Bibout,cm CMR,FW,LA Galaxy,18,2004,2,0,23,0.3,0.0,0.0,0.0,0.0,0.0,0.0,0.0,0.0,0.33,0.33,0.33,0.33,0.0,0.0,6.67,0.0,0.0,0.0,0.0,0.0,0.24,0.23,0.47,0.24,0.47,Matches,2023,0.3,26.7,23.3,3.33,0.0,33.3,26.7,6.67,0.0,80.0,87.5,50.0,,336.7,63.3,26.7,23.3,3.33,0.0,33.3,26.7,6.67,0.0,80.0,87.5,50.0,,26.7,23.3,3.33,0.0,33.3,26.7,6.67,0.0,80.0,87.5,50.0,,26.7,23.3,3.33,0.0,33.3,26.7,6.67,0.0,80.0,87.5,50.0,,0.0,0.0,-0.33,3.33,0.0,0.0,0.0,0.0,3.33,0.0,0.0,3.91,0.0,0.0,,14.6,0.0,0.0,0.0,0.06,-0.33,-0.33,43.3,0.0,0.0,23.3,20.0,6.67,43.3,0.0,,0.0,,30.0,0.0,6.67,0.0,33.3,0.0,0.0,0.0,0.0,0.0,,0.0,0.0,0.0,0.0,0.0,0.0,0.0,6.67,8.18,0.0,0.0,0.0,0.0,0.0,0.0,0.0,0.0,0.0,0.0,0.0,0.0,0.0,0.0,0.0,6.67,0.0,0.0,0.0,0.0,0.0,0.0,0.0,0.0,3.33,3.33,100.0,,,,,,,,,,,,,,,,,,,,,,,,,,,,
David Bingham,us USA,GK,Portland Timbers,33,1989,19,19,1710,19.0,0.0,0.0,0.0,0.0,0.0,0.0,0.11,0.0,0.0,0.0,0.01,0.01,0.0,0.0,0.0,0.0,0.0,0.0,0.0,0.0,0.0,0.0,0.0,0.0,0.0,Matches,2023,19.0,22.9,2.89,10.9,9.0,34.3,2.95,11.2,19.9,66.7,98.2,98.1,45.1,728.9,525.1,22.9,2.89,10.9,9.0,34.3,2.95,11.2,19.9,66.7,98.2,98.1,45.1,22.9,2.89,10.9,9.0,34.3,2.95,11.2,19.9,66.7,98.2,98.1,45.1,22.9,2.89,10.9,9.0,34.3,2.95,11.2,19.9,66.7,98.2,98.1,45.1,0.0,0.0,-0.01,0.11,1.26,0.0,0.0,0.0,0.0,0.0,,0.0,0.0,,,,0.0,0.0,0.0,,0.0,0.0,36.9,25.6,36.6,0.37,0.0,0.0,36.9,0.0,,0.0,,19.8,0.0,0.0,0.0,15.9,0.0,0.0,0.0,0.0,0.0,0.0,0.05,0.05,0.05,0.16,0.16,0.68,0.05,0.21,0.21,0.0,0.0,0.0,0.0,0.0,0.0,0.0,0.0,0.0,0.0,0.0,0.0,0.0,0.0,0.0,0.0,0.11,0.0,0.0,0.16,0.0,0.0,0.0,0.0,1.42,0.16,100.0,1.53,0.11,0.26,0.0,1.35,0.32,-0.18,-0.18,27.6,2.95,49.0,53.6,40.3,44.3,15.1,49.0,53.6,40.3,44.3,15.1,13.8,0.79,5.7,1.68,1.69,40.3,44.3,15.1
Steve Birnbaum,us USA,DF,D.C. United,32,1991,22,20,1610,17.9,0.06,0.0,0.06,0.06,0.0,0.0,0.11,0.06,0.06,0.06,0.04,0.11,0.11,1.9,0.34,0.06,0.0,0.06,0.06,0.06,0.06,0.04,0.11,0.06,0.11,Matches,2023,17.9,35.6,13.0,19.8,2.51,42.6,14.9,22.3,4.47,83.5,87.6,89.0,56.3,648.4,254.1,35.6,13.0,19.8,2.51,42.6,14.9,22.3,4.47,83.5,87.6,89.0,56.3,35.6,13.0,19.8,2.51,42.6,14.9,22.3,4.47,83.5,87.6,89.0,56.3,35.6,13.0,19.8,2.51,42.6,14.9,22.3,4.47,83.5,87.6,89.0,56.3,0.0,0.06,-0.04,0.39,1.51,0.0,0.0,0.06,0.84,0.22,26.7,0.84,0.22,0.07,0.25,9.6,0.0,0.0,0.0,0.08,-0.01,-0.01,51.6,6.76,27.8,20.9,3.07,2.35,51.6,0.0,,0.0,,25.5,0.0,0.06,0.0,31.6,0.89,0.39,0.5,0.89,0.39,63.6,0.22,0.84,0.34,1.28,2.18,4.19,0.0,0.89,0.89,0.0,0.0,0.06,0.0,0.0,0.0,0.06,0.06,0.0,0.0,0.06,0.0,0.0,0.0,0.0,1.06,0.67,0.11,0.0,1.28,0.5,0.0,0.0,0.0,3.91,4.86,79.1,,,,,,,,,,,,,,,,,,,,,,,,,,,,
Stipe Biuk,hr CRO,FW,LAFC,20,2002,30,13,1345,14.9,0.2,0.07,0.27,0.2,0.0,0.0,0.13,0.0,0.23,0.23,0.17,0.41,5.17,2.28,10.3,0.2,0.07,0.27,0.2,0.27,0.24,0.17,0.4,0.24,0.4,Matches,2023,14.9,21.7,13.9,6.24,0.54,29.4,17.0,8.32,1.14,73.7,81.5,75.0,47.1,279.6,59.4,21.7,13.9,6.24,0.54,29.4,17.0,8.32,1.14,73.7,81.5,75.0,47.1,21.7,13.9,6.24,0.54,29.4,17.0,8.32,1.14,73.7,81.5,75.0,47.1,21.7,13.9,6.24,0.54,29.4,17.0,8.32,1.14,73.7,81.5,75.0,47.1,0.07,0.18,-0.1,1.28,0.47,1.07,0.07,0.2,1.95,0.81,41.4,1.94,0.8,0.1,0.25,15.0,0.0,0.0,0.0,0.12,-0.03,-0.03,40.0,0.67,5.44,12.5,22.9,6.04,40.0,1.54,44.2,1.68,48.1,26.4,2.55,2.55,0.6,29.3,0.87,0.4,0.54,0.87,0.4,22.2,1.41,0.94,0.87,0.54,1.41,0.6,0.0,3.22,3.2,0.34,0.0,0.2,0.0,0.07,0.07,0.13,0.13,0.34,0.0,0.2,0.0,0.07,0.07,0.0,1.07,1.01,0.54,1.01,0.54,0.54,0.0,0.0,0.0,4.5,0.94,48.3,,,,,,,,,,,,,,,,,,,,,,,,,,,,
Tristan Blackmon,us USA,DF,Vancouver W'caps,26,1996,30,28,2520,28.0,0.07,0.0,0.07,0.07,0.0,0.0,0.18,0.0,0.05,0.05,0.01,0.06,0.64,3.39,0.11,0.07,0.0,0.07,0.07,0.07,0.05,0.01,0.06,0.05,0.06,Matches,2023,28.0,50.0,12.1,31.1,6.61,57.7,13.8,33.5,9.39,86.7,87.6,92.8,70.3,1053.0,378.8,50.0,12.1,31.1,6.61,57.7,13.8,33.5,9.39,86.7,87.6,92.8,70.3,50.0,12.1,31.1,6.61,57.7,13.8,33.5,9.39,86.7,87.6,92.8,70.3,50.0,12.1,31.1,6.61,57.7,13.8,33.5,9.39,86.7,87.6,92.8,70.3,0.0,0.02,-0.01,0.18,3.32,0.04,0.0,0.07,0.57,0.14,25.0,0.57,0.14,0.13,0.5,9.8,0.0,0.0,0.0,0.09,0.02,0.02,66.8,7.89,35.9,28.9,2.46,1.36,66.8,0.25,43.8,0.25,43.8,39.2,0.0,0.46,0.21,46.4,0.61,0.39,0.36,0.61,0.39,57.9,0.29,0.86,0.25,1.21,1.82,4.14,0.04,0.79,0.79,0.0,0.0,0.0,0.0,0.0,0.0,0.0,0.0,0.0,0.0,0.0,0.0,0.0,0.0,0.0,0.61,0.57,0.11,0.0,1.21,0.36,0.0,0.0,0.04,4.39,1.93,62.1,,,,,,,,,,,,,,,,,,,,,,,,,,,,
Andre Blake,jm JAM,GK,Philadelphia Union,32,1990,27,27,2372,26.4,0.0,0.0,0.0,0.0,0.0,0.0,0.04,0.0,0.0,0.0,0.0,0.0,0.0,0.0,0.0,0.0,0.0,0.0,0.0,0.0,0.0,0.0,0.0,0.0,0.0,Matches,2023,26.4,16.7,3.14,7.46,6.06,23.3,3.14,7.58,12.5,71.8,100.0,98.5,48.3,478.0,359.8,16.7,3.14,7.46,6.06,23.3,3.14,7.58,12.5,71.8,100.0,98.5,48.3,16.7,3.14,7.46,6.06,23.3,3.14,7.58,12.5,71.8,100.0,98.5,48.3,16.7,3.14,7.46,6.06,23.3,3.14,7.58,12.5,71.8,100.0,98.5,48.3,0.0,0.0,0.0,0.0,0.23,0.0,0.0,0.0,0.0,0.0,,0.0,0.0,,,,0.0,0.0,0.0,,0.0,0.0,25.4,22.7,25.4,0.0,0.0,0.0,25.4,0.04,50.0,0.0,0.0,13.1,0.0,0.08,0.0,7.84,0.0,0.0,0.0,0.0,0.0,,0.0,0.0,0.0,0.0,0.0,0.42,0.04,0.08,0.08,0.0,0.0,0.0,0.0,0.0,0.0,0.04,0.04,0.0,0.0,0.0,0.0,0.0,0.0,0.0,0.04,0.11,0.0,0.0,0.0,0.0,0.0,0.04,0.0,1.06,0.27,100.0,1.06,0.19,0.0,0.08,1.14,0.26,0.16,0.16,17.2,4.96,35.1,47.9,34.5,39.5,13.2,35.1,47.9,34.5,39.5,13.2,11.9,0.83,7.0,0.8,0.8,34.5,39.5,13.2
Sebastián Blanco,ar ARG,"FW,MF",Portland Timbers,34,1988,17,2,438,4.9,0.2,0.2,0.41,0.2,0.0,0.0,0.41,0.0,0.14,0.14,0.27,0.43,3.88,4.08,12.2,0.21,0.21,0.41,0.21,0.41,0.15,0.27,0.42,0.15,0.42,Matches,2023,4.9,28.0,12.0,12.9,1.84,42.7,14.5,19.0,6.12,65.6,83.1,67.7,30.0,462.2,139.6,28.0,12.0,12.9,1.84,42.7,14.5,19.0,6.12,65.6,83.1,67.7,30.0,28.0,12.0,12.9,1.84,42.7,14.5,19.0,6.12,65.6,83.1,67.7,30.0,28.0,12.0,12.9,1.84,42.7,14.5,19.0,6.12,65.6,83.1,67.7,30.0,0.2,0.12,-0.06,1.63,2.04,1.43,0.61,0.2,1.22,0.2,16.7,1.23,0.21,0.17,1.0,14.9,0.0,0.0,0.0,0.12,0.06,0.06,47.3,0.0,3.06,16.7,28.0,3.67,47.3,0.82,44.4,0.82,44.4,36.1,1.43,1.02,1.22,41.8,0.0,0.0,0.0,0.0,0.0,0.0,0.82,0.2,0.2,0.41,0.41,0.0,0.0,2.45,2.46,0.0,0.0,0.2,0.0,0.0,0.0,0.41,0.41,0.0,0.0,0.2,0.0,0.0,0.0,0.0,1.84,1.22,0.2,7.35,0.41,0.0,0.0,0.0,0.0,2.65,0.2,25.0,,,,,,,,,,,,,,,,,,,,,,,,,,,,
Latif Blessing,gh GHA,"FW,MF",Toronto FC,26,1996,5,1,155,1.7,0.0,0.0,0.0,0.0,0.0,0.0,0.0,0.0,0.18,0.18,0.06,0.24,0.59,3.53,6.47,0.0,0.0,0.0,0.0,0.0,0.16,0.06,0.22,0.16,0.22,Matches,2023,1.7,29.4,15.9,10.0,2.35,34.7,17.6,11.8,2.94,84.7,90.0,85.0,80.0,458.8,132.9,29.4,15.9,10.0,2.35,34.7,17.6,11.8,2.94,84.7,90.0,85.0,80.0,29.4,15.9,10.0,2.35,34.7,17.6,11.8,2.94,84.7,90.0,85.0,80.0,29.4,15.9,10.0,2.35,34.7,17.6,11.8,2.94,84.7,90.0,85.0,80.0,0.0,0.06,-0.06,1.18,0.59,0.0,0.0,0.0,0.59,0.0,0.0,0.58,0.0,0.0,,10.1,0.0,0.0,0.0,0.27,-0.18,-0.18,40.0,0.59,7.06,18.2,15.3,1.76,40.0,0.0,0.0,0.59,100.0,21.2,0.0,1.18,1.76,30.0,1.18,0.59,0.59,1.18,0.59,100.0,0.0,1.18,1.18,0.0,1.18,0.0,0.0,2.94,2.92,0.0,0.0,0.0,0.0,0.0,0.0,0.0,0.0,0.0,0.0,0.0,0.0,0.0,0.0,0.0,0.59,1.76,1.76,0.0,0.0,0.59,0.0,0.0,0.0,7.06,0.59,14.3,,,,,,,,,,,,,,,,,,,,,,,,,,,,
Latif Blessing,gh GHA,MF,NE Revolution,26,1996,15,14,1033,11.5,0.0,0.09,0.09,0.0,0.0,0.0,0.35,0.09,0.03,0.03,0.05,0.09,0.78,3.39,1.48,0.0,0.09,0.09,0.0,0.09,0.03,0.05,0.09,0.03,0.09,Matches,2023,11.5,35.1,17.2,14.4,1.91,40.6,19.4,15.7,2.78,86.5,88.8,92.2,68.8,556.7,152.9,35.1,17.2,14.4,1.91,40.6,19.4,15.7,2.78,86.5,88.8,92.2,68.8,35.1,17.2,14.4,1.91,40.6,19.4,15.7,2.78,86.5,88.8,92.2,68.8,35.1,17.2,14.4,1.91,40.6,19.4,15.7,2.78,86.5,88.8,92.2,68.8,0.09,0.06,0.03,0.87,3.57,0.26,0.0,0.0,0.43,0.17,40.0,0.44,0.17,0.0,0.0,22.4,0.0,0.0,0.0,0.08,-0.03,-0.03,50.7,2.0,10.6,30.5,10.2,1.04,50.7,1.57,58.1,0.87,32.3,29.8,0.09,1.57,0.7,31.5,3.13,1.3,1.74,3.13,1.3,41.7,1.83,1.3,1.04,1.22,4.35,0.61,0.09,1.48,1.48,0.0,0.0,0.0,0.0,0.0,0.0,0.17,0.17,0.0,0.0,0.0,0.0,0.0,0.0,0.0,2.35,1.57,0.17,0.17,1.22,1.74,0.0,0.0,0.0,8.0,1.13,59.1,,,,,,,,,,,,,,,,,,,,,,,,,,,,
Njabulo Blom,za RSA,MF,St. Louis,23,1999,26,21,1915,21.3,0.05,0.0,0.05,0.05,0.0,0.0,0.28,0.0,0.02,0.02,0.01,0.03,0.38,3.8,0.8,0.05,0.0,0.05,0.05,0.05,0.02,0.02,0.03,0.02,0.03,Matches,2023,21.3,28.2,14.4,10.8,2.3,34.1,16.4,12.6,3.66,82.6,87.4,85.8,62.8,468.0,176.8,28.2,14.4,10.8,2.3,34.1,16.4,12.6,3.66,82.6,87.4,85.8,62.8,28.2,14.4,10.8,2.3,34.1,16.4,12.6,3.66,82.6,87.4,85.8,62.8,28.2,14.4,10.8,2.3,34.1,16.4,12.6,3.66,82.6,87.4,85.8,62.8,0.0,0.02,-0.01,0.56,4.23,0.05,0.0,0.05,0.61,0.14,23.1,0.61,0.14,0.08,0.33,26.1,0.0,0.0,0.0,0.03,0.03,0.03,45.3,2.58,11.5,27.3,7.37,0.19,45.3,1.13,68.6,0.38,22.9,22.3,0.05,1.64,0.94,23.0,2.11,0.85,0.89,2.11,0.85,38.3,1.36,1.41,1.17,2.3,4.41,1.03,0.0,1.36,1.36,0.0,0.0,0.05,0.0,0.09,0.0,0.14,0.14,0.0,0.0,0.05,0.0,0.09,0.0,0.0,0.99,1.03,0.0,0.28,2.3,0.89,0.0,0.0,0.0,8.69,0.38,33.3,,,,,,,,,,,,,,,,,,,,,,,,,,,,
Emmanuel Boateng,gh GHA,"FW,MF",NE Revolution,29,1994,27,16,1437,16.0,0.13,0.13,0.25,0.13,0.0,0.0,0.06,0.0,0.21,0.21,0.19,0.39,2.88,2.69,9.25,0.13,0.13,0.25,0.13,0.25,0.21,0.19,0.39,0.21,0.39,Matches,2023,16.0,26.8,13.8,10.6,1.56,35.2,15.4,13.9,3.38,76.2,89.5,76.6,46.3,423.8,108.1,26.8,13.8,10.6,1.56,35.2,15.4,13.9,3.38,76.2,89.5,76.6,46.3,26.8,13.8,10.6,1.56,35.2,15.4,13.9,3.38,76.2,89.5,76.6,46.3,26.8,13.8,10.6,1.56,35.2,15.4,13.9,3.38,76.2,89.5,76.6,46.3,0.13,0.17,-0.06,1.38,1.81,1.38,0.88,0.13,1.06,0.38,35.3,1.06,0.38,0.12,0.33,16.6,0.0,0.0,0.0,0.22,-0.08,-0.08,42.3,1.31,6.5,16.2,20.1,2.5,42.3,1.06,56.7,0.63,33.3,28.6,0.88,1.31,0.25,31.4,0.88,0.13,0.44,0.88,0.13,18.2,0.56,0.88,0.63,0.63,1.5,0.75,0.0,2.63,2.63,0.06,0.0,0.0,0.0,0.0,0.0,0.19,0.19,0.06,0.0,0.0,0.0,0.0,0.0,0.0,0.5,0.44,0.19,4.75,0.63,0.44,0.0,0.0,0.0,4.81,0.19,14.3,,,,,,,,,,,,,,,,,,,,,,,,,,,,
Israel Boatwright,do DOM,"MF,DF",Inter Miami,17,2005,2,0,76,0.8,0.0,0.0,0.0,0.0,0.0,0.0,0.0,0.0,0.0,0.0,0.0,0.0,1.25,1.25,8.75,0.0,0.0,0.0,0.0,0.0,0.04,0.0,0.04,0.04,0.04,Matches,2023,0.8,37.5,20.0,16.3,0.0,50.0,26.3,20.0,2.5,75.0,76.2,81.3,0.0,558.8,81.3,37.5,20.0,16.3,0.0,50.0,26.3,20.0,2.5,75.0,76.2,81.3,0.0,37.5,20.0,16.3,0.0,50.0,26.3,20.0,2.5,75.0,76.2,81.3,0.0,37.5,20.0,16.3,0.0,50.0,26.3,20.0,2.5,75.0,76.2,81.3,0.0,0.0,0.0,0.0,0.0,1.25,0.0,0.0,0.0,1.25,1.25,100.0,1.18,1.18,0.0,0.0,21.1,0.0,0.0,0.0,0.04,0.0,0.0,66.3,6.25,21.3,27.5,17.5,0.0,66.3,1.25,33.3,1.25,33.3,40.0,0.0,1.25,1.25,38.8,1.25,1.25,0.0,1.25,1.25,33.3,2.5,1.25,0.0,0.0,1.25,5.0,0.0,2.5,2.37,0.0,0.0,1.25,1.25,0.0,0.0,1.25,1.18,0.0,0.0,1.25,1.25,0.0,0.0,0.0,3.75,2.5,0.0,3.75,0.0,0.0,0.0,0.0,0.0,7.5,0.0,0.0,,,,,,,,,,,,,,,,,,,,,,,,,,,,
Mateusz Bogusz,pl POL,"MF,FW",LAFC,21,2001,28,20,1739,19.3,0.16,0.16,0.31,0.1,0.05,0.05,0.31,0.0,0.2,0.16,0.22,0.38,2.9,5.7,6.58,0.16,0.16,0.31,0.1,0.26,0.2,0.22,0.42,0.16,0.38,Matches,2023,19.3,32.7,17.0,11.9,2.38,41.3,19.8,14.0,4.82,79.2,86.1,85.2,49.5,515.8,139.5,32.7,17.0,11.9,2.38,41.3,19.8,14.0,4.82,79.2,86.1,85.2,49.5,32.7,17.0,11.9,2.38,41.3,19.8,14.0,4.82,79.2,86.1,85.2,49.5,32.7,17.0,11.9,2.38,41.3,19.8,14.0,4.82,79.2,86.1,85.2,49.5,0.16,0.22,-0.07,1.5,2.75,1.55,0.31,0.16,3.01,1.24,41.4,3.0,1.24,0.03,0.08,22.2,0.36,0.05,0.05,0.05,-0.05,-0.06,52.4,0.93,4.56,21.7,27.5,3.58,52.4,1.92,64.9,0.67,22.8,34.8,0.83,2.28,0.88,36.8,1.81,0.62,1.24,1.81,0.62,33.3,1.24,0.62,0.62,0.31,2.12,0.73,0.0,3.47,3.46,0.31,0.0,0.1,0.0,0.05,0.0,0.26,0.26,0.31,0.0,0.1,0.0,0.05,0.0,0.0,2.07,2.28,0.26,3.89,0.31,1.24,0.0,0.0,0.0,5.54,0.41,34.8,,,,,,,,,,,,,,,,,,,,,,,,,,,,
Franck Boli,ci CIV,FW,Portland Timbers,29,1993,29,18,1457,16.2,0.43,0.06,0.49,0.43,0.0,0.0,0.31,0.0,0.41,0.41,0.07,0.48,1.73,1.79,6.6,0.43,0.06,0.49,0.43,0.49,0.41,0.07,0.48,0.41,0.48,Matches,2023,16.2,10.7,6.05,3.33,0.68,15.4,7.28,4.44,1.36,69.5,83.1,75.0,50.0,159.1,39.4,10.7,6.05,3.33,0.68,15.4,7.28,4.44,1.36,69.5,83.1,75.0,50.0,10.7,6.05,3.33,0.68,15.4,7.28,4.44,1.36,69.5,83.1,75.0,50.0,10.7,6.05,3.33,0.68,15.4,7.28,4.44,1.36,69.5,83.1,75.0,50.0,0.06,0.09,-0.01,0.62,0.99,0.62,0.0,0.43,3.21,1.23,38.5,3.21,1.24,0.13,0.35,15.3,0.0,0.0,0.0,0.13,0.02,0.02,27.7,0.25,1.91,11.0,15.1,5.25,27.7,1.3,38.9,1.73,51.9,18.4,1.3,3.21,2.35,20.4,0.68,0.06,0.31,0.68,0.06,14.3,0.37,0.37,0.37,0.0,0.68,0.19,0.0,2.72,2.72,0.31,0.06,0.25,0.0,0.06,0.0,0.37,0.37,0.31,0.06,0.25,0.0,0.06,0.0,0.0,0.93,0.86,0.12,0.31,0.0,0.31,0.0,0.0,0.0,2.9,0.8,30.2,,,,,,,,,,,,,,,,,,,,,,,,,,,,
Joshua Bolma,gh GHA,MF,NE Revolution,20,2002,1,0,27,0.3,0.0,0.0,0.0,0.0,0.0,0.0,0.0,0.0,0.0,0.0,0.0,0.0,3.33,6.67,0.0,0.0,0.0,0.0,0.0,0.0,0.06,0.06,0.12,0.06,0.12,Matches,2023,0.3,73.3,36.7,30.0,6.67,76.7,36.7,30.0,10.0,95.7,100.0,100.0,66.7,1206.7,146.7,73.3,36.7,30.0,6.67,76.7,36.7,30.0,10.0,95.7,100.0,100.0,66.7,73.3,36.7,30.0,6.67,76.7,36.7,30.0,10.0,95.7,100.0,100.0,66.7,73.3,36.7,30.0,6.67,76.7,36.7,30.0,10.0,95.7,100.0,100.0,66.7,0.0,0.0,0.0,3.33,0.0,0.0,0.0,0.0,3.33,0.0,0.0,3.33,0.0,0.0,,26.9,0.0,0.0,0.0,0.02,0.0,0.0,86.7,0.0,20.0,60.0,6.67,0.0,86.7,0.0,,0.0,,53.3,0.0,0.0,0.0,76.7,6.67,3.33,6.67,6.67,3.33,100.0,0.0,0.0,0.0,0.0,6.67,0.0,0.0,3.33,3.33,0.0,0.0,0.0,0.0,0.0,0.0,0.0,0.0,0.0,0.0,0.0,0.0,0.0,0.0,0.0,0.0,0.0,0.0,0.0,0.0,6.67,0.0,0.0,0.0,6.67,0.0,,,,,,,,,,,,,,,,,,,,,,,,,,,,,
Moïse Bombito,ca CAN,DF,Colorado Rapids,22,2000,11,8,751,8.3,0.0,0.0,0.0,0.0,0.0,0.0,0.72,0.12,0.17,0.17,0.06,0.24,1.45,3.86,1.33,0.0,0.0,0.0,0.0,0.0,0.17,0.06,0.23,0.17,0.23,Matches,2023,8.3,37.7,14.5,19.3,3.49,43.6,15.8,21.1,5.66,86.5,91.6,91.4,61.7,708.4,269.6,37.7,14.5,19.3,3.49,43.6,15.8,21.1,5.66,86.5,91.6,91.4,61.7,37.7,14.5,19.3,3.49,43.6,15.8,21.1,5.66,86.5,91.6,91.4,61.7,37.7,14.5,19.3,3.49,43.6,15.8,21.1,5.66,86.5,91.6,91.4,61.7,0.0,0.06,-0.06,0.6,2.89,0.36,0.12,0.0,0.96,0.24,25.0,0.96,0.24,0.0,0.0,12.5,0.0,0.0,0.0,0.18,-0.17,-0.17,56.1,6.02,27.8,21.7,7.11,1.81,56.1,0.36,75.0,0.12,25.0,29.0,0.36,1.2,0.12,33.1,2.29,1.93,1.2,2.29,1.93,94.1,0.12,1.08,0.84,1.33,3.61,4.58,0.0,1.81,1.8,0.12,0.0,0.12,0.0,0.0,0.0,0.24,0.24,0.12,0.0,0.12,0.0,0.0,0.0,0.12,1.81,0.36,0.12,0.24,1.33,1.2,0.0,0.0,0.0,4.7,2.05,58.6,,,,,,,,,,,,,,,,,,,,,,,,,,,,
Jonathan Bond,eng ENG,GK,LA Galaxy,29,1993,24,24,2049,22.8,0.0,0.0,0.0,0.0,0.0,0.0,0.0,0.0,0.0,0.0,0.0,0.0,0.0,0.0,0.0,0.0,0.0,0.0,0.0,0.0,0.0,0.0,0.0,0.0,0.0,Matches,2023,22.8,28.3,8.29,13.6,6.27,34.1,8.38,13.9,11.6,83.0,99.0,98.1,54.0,641.2,423.6,28.3,8.29,13.6,6.27,34.1,8.38,13.9,11.6,83.0,99.0,98.1,54.0,28.3,8.29,13.6,6.27,34.1,8.38,13.9,11.6,83.0,99.0,98.1,54.0,28.3,8.29,13.6,6.27,34.1,8.38,13.9,11.6,83.0,99.0,98.1,54.0,0.0,0.0,0.0,0.0,0.04,0.0,0.0,0.0,0.0,0.0,,0.0,0.0,,,,0.0,0.0,0.0,,0.0,0.0,36.9,33.6,36.9,0.04,0.0,0.0,36.9,0.04,100.0,0.0,0.0,21.1,0.0,0.09,0.0,17.5,0.0,0.0,0.0,0.0,0.0,,0.0,0.04,0.04,0.09,0.09,0.75,0.22,0.04,0.04,0.0,0.0,0.0,0.0,0.0,0.0,0.0,0.0,0.0,0.0,0.0,0.0,0.0,0.0,0.0,0.0,0.18,0.0,0.0,0.09,0.0,0.0,0.0,0.0,0.96,0.26,85.7,2.02,0.09,0.09,0.09,1.75,0.32,-0.18,-0.18,27.3,6.05,20.1,27.1,26.7,28.9,14.9,20.1,27.1,26.7,28.9,14.9,15.0,0.53,3.5,1.4,1.41,26.7,28.9,14.9
Pablo Bonilla,ve VEN,DF,Portland Timbers,23,1999,2,1,75,0.8,0.0,0.0,0.0,0.0,0.0,0.0,1.25,0.0,0.0,0.0,0.13,0.13,1.25,2.5,6.25,0.0,0.0,0.0,0.0,0.0,0.0,0.18,0.18,0.0,0.18,Matches,2023,0.8,20.0,10.0,7.5,2.5,33.8,10.0,12.5,7.5,59.3,100.0,60.0,33.3,330.0,240.0,20.0,10.0,7.5,2.5,33.8,10.0,12.5,7.5,59.3,100.0,60.0,33.3,20.0,10.0,7.5,2.5,33.8,10.0,12.5,7.5,59.3,100.0,60.0,33.3,20.0,10.0,7.5,2.5,33.8,10.0,12.5,7.5,59.3,100.0,60.0,33.3,0.0,0.0,-0.13,1.25,2.5,1.25,1.25,0.0,0.0,0.0,,0.0,0.0,,,,0.0,0.0,0.0,,0.0,0.0,41.3,3.75,13.8,8.75,18.8,1.25,41.3,0.0,,0.0,,13.8,0.0,0.0,0.0,20.0,2.5,2.5,2.5,2.5,2.5,50.0,2.5,2.5,1.25,0.0,2.5,2.5,0.0,1.25,1.2,0.0,0.0,0.0,0.0,0.0,0.0,0.0,0.0,0.0,0.0,0.0,0.0,0.0,0.0,0.0,3.75,1.25,0.0,6.25,0.0,2.5,0.0,0.0,0.0,5.0,0.0,,,,,,,,,,,,,,,,,,,,,,,,,,,,,
Alex Bono,us USA,GK,D.C. United,28,1994,10,9,855,9.5,0.0,0.0,0.0,0.0,0.0,0.0,0.0,0.0,0.0,0.0,0.0,0.0,0.0,0.0,0.0,0.0,0.0,0.0,0.0,0.0,0.0,0.0,0.0,0.0,0.0,Matches,2023,9.5,31.3,8.53,12.0,10.4,44.0,8.63,12.1,22.7,71.1,98.8,99.1,45.8,889.6,734.8,31.3,8.53,12.0,10.4,44.0,8.63,12.1,22.7,71.1,98.8,99.1,45.8,31.3,8.53,12.0,10.4,44.0,8.63,12.1,22.7,71.1,98.8,99.1,45.8,31.3,8.53,12.0,10.4,44.0,8.63,12.1,22.7,71.1,98.8,99.1,45.8,0.0,0.0,0.0,0.11,1.47,0.0,0.0,0.0,0.0,0.0,,0.0,0.0,,,,0.0,0.0,0.0,,0.0,0.0,46.6,33.4,44.7,2.0,0.0,0.0,46.6,0.21,100.0,0.0,0.0,24.3,0.0,0.0,0.0,21.9,0.11,0.11,0.0,0.11,0.11,100.0,0.0,0.0,0.0,0.0,0.11,0.32,0.0,0.32,0.32,0.0,0.0,0.0,0.0,0.0,0.0,0.0,0.0,0.0,0.0,0.0,0.0,0.0,0.0,0.0,0.0,0.11,0.0,0.0,0.0,0.0,0.0,0.0,0.0,1.89,0.11,100.0,1.16,0.21,0.32,0.0,1.39,0.29,0.23,0.23,35.2,5.37,38.0,68.7,33.2,47.9,18.6,38.0,68.7,33.2,47.9,18.6,15.8,1.26,8.0,2.0,2.0,33.2,47.9,18.6
Shanyder Borgelin,ht HAI,FW,Inter Miami,21,2001,10,0,144,1.6,0.63,0.0,0.63,0.63,0.0,0.0,0.0,0.0,0.81,0.81,0.13,0.94,0.63,1.25,5.0,0.62,0.0,0.62,0.62,0.62,0.83,0.12,0.94,0.83,0.94,Matches,2023,1.6,6.25,3.75,1.25,0.63,13.8,4.38,5.0,1.88,45.5,85.7,25.0,33.3,91.9,33.1,6.25,3.75,1.25,0.63,13.8,4.38,5.0,1.88,45.5,85.7,25.0,33.3,6.25,3.75,1.25,0.63,13.8,4.38,5.0,1.88,45.5,85.7,25.0,33.3,6.25,3.75,1.25,0.63,13.8,4.38,5.0,1.88,45.5,85.7,25.0,33.3,0.0,0.06,-0.13,1.25,1.25,0.63,0.0,0.63,5.63,2.5,44.4,5.63,2.5,0.11,0.25,11.8,0.0,0.0,0.0,0.18,-0.19,-0.19,30.6,0.63,2.5,10.0,19.4,8.13,30.6,0.63,25.0,1.25,50.0,15.6,0.63,6.25,3.75,21.9,0.0,0.0,0.0,0.0,0.0,0.0,0.63,0.63,0.63,0.63,0.63,0.63,0.0,2.5,2.52,0.0,0.0,0.0,0.0,0.0,0.0,0.63,0.63,0.0,0.0,0.0,0.0,0.0,0.0,0.0,2.5,3.13,0.0,0.0,0.63,0.0,0.0,0.0,0.0,3.75,5.63,56.3,,,,,,,,,,,,,,,,,,,,,,,,,,,,
Dylan Borrero,co COL,"FW,MF",NE Revolution,21,2002,8,7,510,5.7,0.35,0.0,0.35,0.35,0.0,0.0,0.35,0.18,0.18,0.18,0.11,0.28,4.91,3.86,9.12,0.35,0.0,0.35,0.35,0.35,0.17,0.11,0.29,0.17,0.29,Matches,2023,5.7,26.7,13.5,9.65,2.46,37.4,16.1,13.5,4.21,71.4,83.7,71.4,58.3,429.5,125.4,26.7,13.5,9.65,2.46,37.4,16.1,13.5,4.21,71.4,83.7,71.4,58.3,26.7,13.5,9.65,2.46,37.4,16.1,13.5,4.21,71.4,83.7,71.4,58.3,26.7,13.5,9.65,2.46,37.4,16.1,13.5,4.21,71.4,83.7,71.4,58.3,0.0,0.19,-0.11,1.23,3.16,1.75,0.88,0.35,2.81,1.23,43.8,2.82,1.24,0.13,0.29,18.5,0.0,0.0,0.0,0.06,0.18,0.18,50.4,1.05,5.26,20.5,25.6,4.74,50.4,2.46,51.9,1.58,33.3,34.0,2.81,2.63,1.05,37.7,1.23,0.88,0.7,1.23,0.88,55.6,0.7,1.05,1.05,0.53,1.75,0.18,0.0,2.28,2.29,0.18,0.0,0.0,0.0,0.0,0.0,0.18,0.18,0.18,0.0,0.0,0.0,0.0,0.0,0.18,0.7,1.58,0.0,5.09,0.53,0.7,0.0,0.0,0.0,5.61,0.0,0.0,,,,,,,,,,,,,,,,,,,,,,,,,,,,
Gustavo Bou,ar ARG,"FW,MF",NE Revolution,32,1990,19,14,1263,14.0,0.5,0.29,0.79,0.43,0.07,0.07,0.0,0.0,0.34,0.29,0.16,0.44,2.86,2.79,7.71,0.5,0.29,0.78,0.43,0.71,0.34,0.16,0.5,0.28,0.44,Matches,2023,14.0,21.8,10.1,8.07,2.5,31.5,12.7,11.8,4.14,69.2,79.8,68.5,60.3,377.5,87.8,21.8,10.1,8.07,2.5,31.5,12.7,11.8,4.14,69.2,79.8,68.5,60.3,21.8,10.1,8.07,2.5,31.5,12.7,11.8,4.14,69.2,79.8,68.5,60.3,21.8,10.1,8.07,2.5,31.5,12.7,11.8,4.14,69.2,79.8,68.5,60.3,0.29,0.11,0.13,1.93,1.43,1.36,0.71,0.5,3.86,1.36,35.2,3.85,1.35,0.11,0.32,19.4,0.21,0.07,0.07,0.07,0.16,0.14,43.9,0.43,2.71,15.8,25.8,5.07,43.9,1.43,45.5,1.21,38.6,26.1,1.0,1.93,1.5,31.3,0.86,0.29,0.5,0.86,0.29,25.0,0.86,0.79,0.71,0.5,1.36,0.29,0.0,3.79,3.78,0.29,0.07,0.14,0.0,0.07,0.0,0.43,0.43,0.29,0.07,0.14,0.0,0.07,0.0,0.0,0.79,0.64,0.86,3.21,0.5,0.5,0.0,0.07,0.0,3.43,0.43,33.3,,,,,,,,,,,,,,,,,,,,,,,,,,,,
Denis Bouanga,ga GAB,FW,LAFC,28,1994,31,28,2530,28.1,0.71,0.21,0.93,0.6,0.11,0.11,0.11,0.0,0.51,0.43,0.29,0.72,5.16,2.88,11.5,0.71,0.21,0.92,0.6,0.82,0.51,0.29,0.8,0.43,0.72,Matches,2023,28.1,18.4,10.8,5.34,1.25,28.0,13.7,8.47,3.2,65.6,79.0,63.0,38.9,268.4,71.6,18.4,10.8,5.34,1.25,28.0,13.7,8.47,3.2,65.6,79.0,63.0,38.9,18.4,10.8,5.34,1.25,28.0,13.7,8.47,3.2,65.6,79.0,63.0,38.9,18.4,10.8,5.34,1.25,28.0,13.7,8.47,3.2,65.6,79.0,63.0,38.9,0.21,0.21,-0.08,1.57,1.53,1.17,0.07,0.71,4.77,1.81,38.1,4.77,1.81,0.13,0.33,18.6,0.39,0.11,0.11,0.09,0.2,0.18,45.2,0.82,4.34,13.9,28.1,8.08,45.1,3.1,45.3,3.24,47.4,29.8,3.1,3.59,2.03,32.9,1.1,0.5,0.78,1.1,0.5,31.8,1.07,0.64,0.57,0.14,1.25,0.64,0.0,4.2,4.2,0.64,0.04,0.36,0.07,0.0,0.0,0.53,0.53,0.64,0.04,0.36,0.07,0.0,0.0,0.0,1.14,1.25,0.39,2.63,0.14,0.78,0.07,0.0,0.0,4.59,0.85,40.0,,,,,,,,,,,,,,,,,,,,,,,,,,,,
Ousseni Bouda,bf BFA,"FW,MF",SJ Earthquakes,22,2000,15,0,150,1.7,0.59,0.0,0.59,0.59,0.0,0.0,1.18,0.0,0.53,0.53,0.06,0.59,1.18,1.18,7.65,0.6,0.0,0.6,0.6,0.6,0.55,0.05,0.6,0.55,0.6,Matches,2023,1.7,24.1,14.1,7.06,2.35,32.9,16.5,10.6,2.35,73.2,85.7,66.7,100.0,378.2,45.9,24.1,14.1,7.06,2.35,32.9,16.5,10.6,2.35,73.2,85.7,66.7,100.0,24.1,14.1,7.06,2.35,32.9,16.5,10.6,2.35,73.2,85.7,66.7,100.0,24.1,14.1,7.06,2.35,32.9,16.5,10.6,2.35,73.2,85.7,66.7,100.0,0.0,0.06,-0.06,0.59,0.59,0.59,0.59,0.59,4.71,0.59,12.5,4.8,0.6,0.13,1.0,8.8,0.0,0.0,0.0,0.11,0.06,0.06,50.0,0.59,4.12,15.3,31.2,7.06,50.0,0.59,14.3,3.53,85.7,30.0,0.59,2.35,5.29,37.1,1.18,0.0,0.0,1.18,0.0,,0.0,1.18,0.59,1.18,2.35,0.0,0.0,1.76,1.81,0.0,0.0,0.0,0.0,0.0,0.0,0.0,0.0,0.0,0.0,0.0,0.0,0.0,0.0,0.0,5.88,0.0,0.59,1.76,1.18,0.0,0.0,0.0,0.0,4.12,4.12,63.6,,,,,,,,,,,,,,,,,,,,,,,,,,,,
Aaron Boupendza,ga GAB,FW,FC Cincinnati,26,1996,10,6,606,6.7,0.75,0.0,0.75,0.75,0.0,0.0,0.3,0.0,0.82,0.82,0.1,0.93,2.24,3.28,5.67,0.74,0.0,0.74,0.74,0.74,0.81,0.11,0.92,0.81,0.92,Matches,2023,6.7,17.3,9.1,5.82,1.94,23.3,11.8,7.31,2.54,74.4,77.2,79.6,76.5,297.2,76.9,17.3,9.1,5.82,1.94,23.3,11.8,7.31,2.54,74.4,77.2,79.6,76.5,17.3,9.1,5.82,1.94,23.3,11.8,7.31,2.54,74.4,77.2,79.6,76.5,17.3,9.1,5.82,1.94,23.3,11.8,7.31,2.54,74.4,77.2,79.6,76.5,0.0,0.12,-0.1,1.79,1.64,1.19,0.0,0.75,4.18,2.09,50.0,4.16,2.08,0.18,0.36,14.1,0.0,0.0,0.0,0.2,-0.07,-0.07,39.7,0.15,2.99,16.9,20.6,6.57,39.7,1.79,42.9,2.24,53.6,24.8,1.19,3.43,0.9,28.7,1.04,0.3,0.6,1.04,0.3,33.3,0.6,1.94,1.94,0.15,1.19,0.15,0.0,4.93,4.9,1.19,0.15,0.3,0.0,0.0,0.0,0.45,0.45,1.19,0.15,0.3,0.0,0.0,0.0,0.0,0.9,1.04,1.34,0.3,0.15,0.6,0.0,0.0,0.0,4.48,1.64,57.9,,,,,,,,,,,,,,,,,,,,,,,,,,,,
Michael Boxall,nz NZL,DF,Minnesota Utd,34,1988,32,32,2855,31.7,0.06,0.0,0.06,0.06,0.0,0.0,0.28,0.0,0.05,0.05,0.01,0.07,0.57,2.46,0.13,0.06,0.0,0.06,0.06,0.06,0.05,0.01,0.07,0.05,0.07,Matches,2023,31.7,39.6,15.3,19.4,4.7,45.1,16.4,20.9,6.94,87.8,93.3,92.9,67.7,751.2,303.5,39.6,15.3,19.4,4.7,45.1,16.4,20.9,6.94,87.8,93.3,92.9,67.7,39.6,15.3,19.4,4.7,45.1,16.4,20.9,6.94,87.8,93.3,92.9,67.7,39.6,15.3,19.4,4.7,45.1,16.4,20.9,6.94,87.8,93.3,92.9,67.7,0.0,0.02,-0.01,0.22,2.81,0.03,0.0,0.06,0.41,0.09,23.1,0.41,0.09,0.15,0.67,12.6,0.0,0.0,0.0,0.13,0.01,0.01,55.9,9.43,31.0,22.8,2.59,0.66,55.9,0.41,65.0,0.09,15.0,30.4,0.03,0.54,0.16,33.9,1.32,0.54,0.76,1.32,0.54,70.8,0.22,1.67,0.69,1.51,2.84,4.35,0.06,0.69,0.69,0.06,0.0,0.0,0.0,0.06,0.03,0.09,0.09,0.06,0.0,0.0,0.0,0.06,0.03,0.0,0.95,0.57,0.06,0.06,1.51,0.76,0.0,0.0,0.0,5.17,1.29,64.1,,,,,,,,,,,,,,,,,,,,,,,,,,,,
Tyler Boyd,us USA,"FW,MF",LA Galaxy,28,1994,34,28,2319,25.8,0.27,0.16,0.43,0.27,0.0,0.0,0.12,0.0,0.16,0.16,0.28,0.44,4.03,3.26,10.1,0.27,0.16,0.43,0.27,0.43,0.16,0.28,0.44,0.16,0.44,Matches,2023,25.8,23.4,12.3,7.75,2.52,31.6,14.1,10.2,4.57,74.3,87.6,75.8,55.1,388.3,109.1,23.4,12.3,7.75,2.52,31.6,14.1,10.2,4.57,74.3,87.6,75.8,55.1,23.4,12.3,7.75,2.52,31.6,14.1,10.2,4.57,74.3,87.6,75.8,55.1,23.4,12.3,7.75,2.52,31.6,14.1,10.2,4.57,74.3,87.6,75.8,55.1,0.16,0.22,-0.12,1.9,2.05,1.55,0.93,0.27,2.56,1.05,40.9,2.56,1.05,0.11,0.26,19.1,0.08,0.0,0.0,0.06,0.11,0.11,44.0,0.81,5.5,15.3,23.8,4.34,44.0,1.63,49.4,1.47,44.7,31.4,1.43,2.6,1.9,33.9,1.36,0.66,0.89,1.36,0.66,39.5,1.01,0.97,0.85,0.47,1.82,0.43,0.0,3.88,3.88,0.31,0.04,0.23,0.04,0.04,0.0,0.39,0.39,0.31,0.04,0.23,0.04,0.04,0.0,0.0,1.82,1.36,0.08,4.42,0.47,0.89,0.0,0.0,0.0,3.68,0.23,18.2,,,,,,,,,,,,,,,,,,,,,,,,,,,,
Michael Bradley,us USA,"MF,DF",Toronto FC,35,1987,17,17,1441,16.0,0.06,0.06,0.13,0.06,0.0,0.0,0.13,0.0,0.05,0.05,0.03,0.07,0.19,2.81,0.5,0.06,0.06,0.12,0.06,0.12,0.05,0.03,0.07,0.05,0.07,Matches,2023,16.0,48.4,23.2,19.9,4.31,54.3,24.7,21.7,5.94,89.3,93.9,91.9,72.6,828.3,327.6,48.4,23.2,19.9,4.31,54.3,24.7,21.7,5.94,89.3,93.9,91.9,72.6,48.4,23.2,19.9,4.31,54.3,24.7,21.7,5.94,89.3,93.9,91.9,72.6,48.4,23.2,19.9,4.31,54.3,24.7,21.7,5.94,89.3,93.9,91.9,72.6,0.06,0.04,0.04,0.31,1.94,0.06,0.0,0.06,0.38,0.25,66.7,0.37,0.25,0.17,0.25,19.7,0.0,0.0,0.0,0.13,0.01,0.01,63.1,9.31,29.4,31.3,2.88,0.13,63.1,0.31,55.6,0.25,44.4,35.3,0.06,0.75,0.25,41.6,1.25,0.88,1.06,1.25,0.88,60.9,0.56,0.75,0.56,1.19,2.44,3.31,0.06,0.75,0.75,0.0,0.0,0.0,0.0,0.06,0.0,0.13,0.12,0.0,0.0,0.0,0.0,0.06,0.0,0.0,0.38,0.19,0.06,0.06,1.19,1.06,0.0,0.0,0.0,6.56,0.13,25.0,,,,,,,,,,,,,,,,,,,,,,,,,,,,
Chris Brady,us USA,GK,Chicago Fire,18,2004,30,30,2639,29.3,0.0,0.0,0.0,0.0,0.0,0.0,0.1,0.0,0.0,0.0,0.0,0.0,0.0,0.0,0.0,0.0,0.0,0.0,0.0,0.0,0.0,0.0,0.0,0.0,0.0,Matches,2023,29.3,17.8,3.34,8.46,5.97,26.8,3.34,8.7,14.7,66.5,100.0,97.3,40.7,497.7,358.9,17.8,3.34,8.46,5.97,26.8,3.34,8.7,14.7,66.5,100.0,97.3,40.7,17.8,3.34,8.46,5.97,26.8,3.34,8.7,14.7,66.5,100.0,97.3,40.7,17.8,3.34,8.46,5.97,26.8,3.34,8.7,14.7,66.5,100.0,97.3,40.7,0.0,0.0,0.0,0.0,0.2,0.0,0.0,0.0,0.0,0.0,,0.0,0.0,,,,0.0,0.0,0.0,,0.0,0.0,29.8,26.3,29.7,0.07,0.0,0.0,29.8,0.0,,0.0,,13.7,0.0,0.03,0.03,9.76,0.0,0.0,0.0,0.0,0.0,0.0,0.07,0.0,0.0,0.03,0.03,0.68,0.1,0.0,0.0,0.0,0.0,0.0,0.0,0.0,0.0,0.0,0.0,0.0,0.0,0.0,0.0,0.0,0.0,0.0,0.03,0.31,0.0,0.0,0.03,0.0,0.0,0.03,0.0,0.68,0.2,85.7,1.5,0.31,0.17,0.07,1.48,0.27,0.05,0.05,18.8,4.33,39.6,53.4,35.0,41.1,13.7,39.6,53.4,35.0,41.1,13.7,14.9,0.85,5.7,1.02,1.02,35.0,41.1,13.7
Zachary Brault-Guillard,ca CAN,"DF,MF",CF Montréal,24,1998,24,14,1308,14.5,0.07,0.07,0.14,0.07,0.0,0.0,0.0,0.0,0.1,0.1,0.21,0.3,1.86,3.38,8.48,0.07,0.07,0.14,0.07,0.14,0.09,0.21,0.3,0.09,0.3,Matches,2023,14.5,31.4,16.8,11.4,2.62,43.4,19.6,14.7,5.66,72.4,85.9,77.9,46.3,522.1,169.0,31.4,16.8,11.4,2.62,43.4,19.6,14.7,5.66,72.4,85.9,77.9,46.3,31.4,16.8,11.4,2.62,43.4,19.6,14.7,5.66,72.4,85.9,77.9,46.3,31.4,16.8,11.4,2.62,43.4,19.6,14.7,5.66,72.4,85.9,77.9,46.3,0.07,0.22,-0.14,1.79,2.07,1.52,0.97,0.07,1.03,0.21,20.0,1.03,0.21,0.07,0.33,15.6,0.0,0.0,0.0,0.09,-0.03,-0.03,53.4,2.48,11.9,22.6,19.4,2.48,53.4,0.62,39.1,0.83,52.2,29.5,0.41,1.93,1.03,33.4,1.03,0.55,0.62,1.03,0.55,40.0,0.83,1.38,1.03,0.83,1.86,1.45,0.0,3.17,3.17,0.0,0.0,0.07,0.0,0.0,0.0,0.21,0.21,0.0,0.0,0.07,0.0,0.0,0.0,0.0,0.55,0.62,0.21,4.41,0.83,0.62,0.0,0.0,0.0,4.55,1.03,68.2,,,,,,,,,,,,,,,,,,,,,,,,,,,,
Claudio Bravo,ar ARG,DF,Portland Timbers,25,1997,29,27,2328,25.9,0.08,0.04,0.12,0.08,0.0,0.0,0.31,0.0,0.03,0.03,0.03,0.07,2.36,5.83,2.2,0.08,0.04,0.12,0.08,0.12,0.03,0.03,0.07,0.03,0.07,Matches,2023,25.9,38.1,15.7,17.1,4.52,53.4,18.3,22.8,9.11,71.4,85.8,74.8,49.6,708.4,328.7,38.1,15.7,17.1,4.52,53.4,18.3,22.8,9.11,71.4,85.8,74.8,49.6,38.1,15.7,17.1,4.52,53.4,18.3,22.8,9.11,71.4,85.8,74.8,49.6,38.1,15.7,17.1,4.52,53.4,18.3,22.8,9.11,71.4,85.8,74.8,49.6,0.04,0.07,0.0,0.62,5.21,0.89,0.27,0.08,0.85,0.23,27.3,0.85,0.23,0.09,0.33,23.1,0.0,0.0,0.0,0.04,0.05,0.05,65.9,4.05,20.7,33.0,13.3,0.66,65.9,1.0,60.5,0.46,27.9,32.6,0.15,1.0,0.81,33.4,2.63,1.39,1.51,2.63,1.39,39.1,2.16,1.97,1.7,1.51,4.13,2.39,0.0,1.93,1.93,0.08,0.0,0.0,0.0,0.08,0.0,0.19,0.19,0.08,0.0,0.0,0.0,0.08,0.0,0.0,2.51,0.46,0.0,2.39,1.51,1.51,0.0,0.04,0.0,8.11,0.69,47.4,,,,,,,,,,,,,,,,,,,,,,,,,,,,
Luke Brennan,us USA,MF,Atlanta Utd,17,2005,1,0,4,0.0,0.0,0.0,0.0,0.0,0.0,0.0,0.0,0.0,0.0,0.0,0.0,0.0,0.0,0.0,0.0,0.0,0.0,0.0,0.0,0.0,0.0,0.0,0.0,0.0,0.0,Matches,2023,0.0,1.0,1.0,0.0,0.0,1.0,1.0,0.0,0.0,100.0,100.0,,,11.0,0.0,1.0,1.0,0.0,0.0,1.0,1.0,0.0,0.0,100.0,100.0,,,1.0,1.0,0.0,0.0,1.0,1.0,0.0,0.0,100.0,100.0,,,1.0,1.0,0.0,0.0,1.0,1.0,0.0,0.0,100.0,100.0,,,0.0,0.0,0.0,0.0,0.0,0.0,0.0,0.0,0.0,0.0,,0.0,0.0,,,,0.0,0.0,0.0,,0.0,0.0,1.0,0.0,0.0,0.0,1.0,0.0,1.0,0.0,,0.0,,1.0,0.0,0.0,0.0,1.0,0.0,0.0,0.0,0.0,0.0,,0.0,0.0,0.0,0.0,0.0,0.0,0.0,0.0,0.0,0.0,0.0,0.0,0.0,0.0,0.0,0.0,0.0,0.0,0.0,0.0,0.0,0.0,0.0,0.0,0.0,0.0,0.0,0.0,0.0,0.0,0.0,0.0,0.0,0.0,0.0,,,,,,,,,,,,,,,,,,,,,,,,,,,,,
Brenner,br BRA,FW,FC Cincinnati,23,2000,8,6,534,5.9,0.17,0.0,0.17,0.17,0.0,0.0,0.34,0.0,0.37,0.37,0.14,0.51,1.36,4.24,6.44,0.17,0.0,0.17,0.17,0.17,0.37,0.13,0.5,0.37,0.5,Matches,2023,5.9,32.4,17.1,10.2,3.05,38.3,20.5,10.8,3.56,84.5,83.5,93.8,85.7,519.0,138.6,32.4,17.1,10.2,3.05,38.3,20.5,10.8,3.56,84.5,83.5,93.8,85.7,32.4,17.1,10.2,3.05,38.3,20.5,10.8,3.56,84.5,83.5,93.8,85.7,32.4,17.1,10.2,3.05,38.3,20.5,10.8,3.56,84.5,83.5,93.8,85.7,0.0,0.08,-0.14,1.02,3.05,0.85,0.17,0.17,3.22,1.53,47.4,3.2,1.52,0.05,0.11,20.6,0.0,0.0,0.0,0.12,-0.2,-0.2,48.0,0.34,3.73,24.4,20.5,3.73,48.0,1.19,46.7,1.19,46.7,32.2,1.02,1.69,2.03,40.0,1.02,0.68,0.85,1.02,0.68,44.4,0.85,1.02,1.02,0.34,1.36,0.34,0.0,3.56,3.54,0.34,0.0,0.17,0.0,0.0,0.0,0.51,0.51,0.34,0.0,0.17,0.0,0.0,0.0,0.0,0.68,1.36,0.51,0.17,0.34,0.85,0.0,0.0,0.0,4.92,0.34,66.7,,,,,,,,,,,,,,,,,,,,,,,,,,,,
Ethan Bristow,kn SKN,DF,Minnesota Utd,21,2001,9,6,541,6.0,0.0,0.0,0.0,0.0,0.0,0.0,0.33,0.17,0.0,0.0,0.02,0.02,2.0,2.5,4.17,0.0,0.0,0.0,0.0,0.0,0.0,0.02,0.02,0.0,0.02,Matches,2023,6.0,31.7,18.2,10.5,1.83,42.0,19.7,14.5,5.0,75.4,92.4,72.4,36.7,487.0,190.7,31.7,18.2,10.5,1.83,42.0,19.7,14.5,5.0,75.4,92.4,72.4,36.7,31.7,18.2,10.5,1.83,42.0,19.7,14.5,5.0,75.4,92.4,72.4,36.7,31.7,18.2,10.5,1.83,42.0,19.7,14.5,5.0,75.4,92.4,72.4,36.7,0.0,0.03,-0.02,0.5,1.83,0.83,0.17,0.0,0.0,0.0,,0.0,0.0,,,,0.0,0.0,0.0,,0.0,0.0,49.0,2.83,14.8,17.7,16.8,1.17,49.0,0.0,0.0,0.17,50.0,23.0,0.17,0.5,0.67,26.0,1.83,1.0,1.17,1.83,1.0,60.0,0.67,0.83,0.33,0.33,2.17,2.5,0.17,0.83,0.83,0.0,0.0,0.17,0.0,0.0,0.0,0.0,0.0,0.0,0.0,0.17,0.0,0.0,0.0,0.17,2.0,0.5,0.0,2.67,0.33,1.17,0.0,0.0,0.0,5.17,0.17,16.7,,,,,,,,,,,,,,,,,,,,,,,,,,,,
Andrew Brody,us USA,DF,Real Salt Lake,27,1995,29,25,2265,25.2,0.0,0.08,0.08,0.0,0.0,0.0,0.12,0.0,0.04,0.04,0.08,0.13,3.25,5.32,5.28,0.0,0.08,0.08,0.0,0.08,0.04,0.08,0.13,0.04,0.13,Matches,2023,25.2,42.7,19.7,19.4,3.06,53.5,22.0,23.7,5.6,79.8,89.5,82.2,54.6,726.1,263.1,42.7,19.7,19.4,3.06,53.5,22.0,23.7,5.6,79.8,89.5,82.2,54.6,42.7,19.7,19.4,3.06,53.5,22.0,23.7,5.6,79.8,89.5,82.2,54.6,42.7,19.7,19.4,3.06,53.5,22.0,23.7,5.6,79.8,89.5,82.2,54.6,0.08,0.1,-0.0,0.87,3.81,1.23,0.4,0.0,0.24,0.12,50.0,0.24,0.12,0.0,0.0,13.7,0.0,0.0,0.0,0.19,-0.04,-0.04,61.6,3.77,17.4,28.4,16.7,0.91,61.6,1.23,66.0,0.48,25.5,33.5,0.28,0.95,0.28,38.4,1.07,0.56,0.75,1.07,0.56,51.9,0.52,1.07,0.56,0.99,2.06,2.14,0.0,2.66,2.66,0.16,0.0,0.0,0.0,0.08,0.0,0.2,0.2,0.16,0.0,0.0,0.0,0.08,0.0,0.0,0.28,0.83,0.12,2.98,0.99,0.75,0.0,0.0,0.0,6.07,0.44,33.3,,,,,,,,,,,,,,,,,,,,,,,,,,,,
Brandt Bronico,us USA,MF,Charlotte,27,1995,32,30,2590,28.8,0.03,0.03,0.07,0.03,0.0,0.0,0.17,0.0,0.05,0.05,0.06,0.11,1.67,4.38,3.85,0.03,0.03,0.07,0.03,0.07,0.05,0.06,0.11,0.05,0.11,Matches,2023,28.8,31.6,15.1,12.7,2.99,39.6,17.4,15.0,4.72,79.7,87.0,84.9,63.2,541.8,152.3,31.6,15.1,12.7,2.99,39.6,17.4,15.0,4.72,79.7,87.0,84.9,63.2,31.6,15.1,12.7,2.99,39.6,17.4,15.0,4.72,79.7,87.0,84.9,63.2,31.6,15.1,12.7,2.99,39.6,17.4,15.0,4.72,79.7,87.0,84.9,63.2,0.03,0.06,-0.03,0.69,3.26,0.8,0.21,0.03,0.63,0.14,22.2,0.63,0.14,0.06,0.25,18.2,0.0,0.0,0.0,0.07,-0.01,-0.01,48.4,1.91,10.6,26.3,12.3,1.91,48.4,0.49,38.9,0.63,50.0,26.4,0.24,1.53,0.94,31.7,1.67,0.94,1.04,1.67,0.94,41.5,1.32,1.11,0.8,0.8,2.47,1.25,0.0,1.63,1.63,0.0,0.0,0.03,0.0,0.03,0.0,0.21,0.21,0.0,0.0,0.03,0.0,0.03,0.0,0.0,2.08,0.94,0.03,1.01,0.8,1.04,0.0,0.0,0.0,5.83,0.97,51.9,,,,,,,,,,,,,,,,,,,,,,,,,,,,
Javain Brown,jm JAM,DF,Vancouver W'caps,23,1999,25,21,1767,19.6,0.05,0.05,0.1,0.05,0.0,0.0,0.2,0.0,0.08,0.07,0.05,0.12,1.17,2.86,3.21,0.05,0.05,0.1,0.05,0.1,0.08,0.05,0.13,0.07,0.12,Matches,2023,19.6,43.0,15.4,23.2,4.08,56.1,17.2,28.8,8.42,76.6,89.3,80.5,48.5,817.4,264.0,43.0,15.4,23.2,4.08,56.1,17.2,28.8,8.42,76.6,89.3,80.5,48.5,43.0,15.4,23.2,4.08,56.1,17.2,28.8,8.42,76.6,89.3,80.5,48.5,43.0,15.4,23.2,4.08,56.1,17.2,28.8,8.42,76.6,89.3,80.5,48.5,0.05,0.05,0.0,0.56,3.01,0.66,0.36,0.05,1.02,0.2,20.0,1.02,0.2,0.05,0.25,11.6,0.0,0.0,0.0,0.07,-0.03,-0.02,66.2,5.46,25.5,28.7,12.5,1.43,66.2,0.46,60.0,0.26,33.3,33.7,0.1,0.41,0.36,39.1,1.68,0.92,0.92,1.68,0.92,60.0,0.61,0.97,0.61,1.07,2.76,3.42,0.05,1.63,1.63,0.0,0.0,0.1,0.0,0.0,0.0,0.1,0.1,0.0,0.0,0.1,0.0,0.0,0.0,0.0,1.17,0.66,0.0,2.5,1.07,0.92,0.0,0.05,0.0,5.15,1.58,47.7,,,,,,,,,,,,,,,,,,,,,,,,,,,,
Gastón Brugman,uy URU,MF,LA Galaxy,30,1992,22,21,1895,21.1,0.09,0.05,0.14,0.05,0.05,0.05,0.14,0.0,0.09,0.05,0.1,0.15,2.42,9.1,1.75,0.09,0.05,0.14,0.05,0.09,0.09,0.1,0.19,0.05,0.15,Matches,2023,21.1,66.0,29.4,27.4,7.11,75.1,32.4,29.7,9.43,87.9,90.8,92.3,75.4,1150.1,440.6,66.0,29.4,27.4,7.11,75.1,32.4,29.7,9.43,87.9,90.8,92.3,75.4,66.0,29.4,27.4,7.11,75.1,32.4,29.7,9.43,87.9,90.8,92.3,75.4,66.0,29.4,27.4,7.11,75.1,32.4,29.7,9.43,87.9,90.8,92.3,75.4,0.05,0.14,-0.05,1.04,8.34,1.0,0.0,0.09,1.28,0.33,25.9,1.28,0.33,0.04,0.14,25.8,0.28,0.05,0.05,0.04,0.0,-0.0,86.2,2.65,20.9,53.6,12.7,0.71,86.1,1.47,67.4,0.43,19.6,54.1,0.19,1.28,0.66,64.0,2.7,1.28,1.71,2.7,1.28,48.2,1.37,1.23,0.9,1.75,4.45,1.33,0.0,2.99,2.99,0.28,0.0,0.09,0.0,0.0,0.0,0.09,0.09,0.28,0.0,0.09,0.0,0.0,0.0,0.0,1.66,1.42,0.0,0.9,1.75,1.71,0.0,0.0,0.0,8.15,0.43,50.0,,,,,,,,,,,,,,,,,,,,,,,,,,,,
Will Bruin,us USA,FW,Austin,33,1989,19,2,353,3.9,0.77,0.26,1.03,0.77,0.0,0.0,0.51,0.0,0.54,0.54,0.08,0.62,0.26,1.03,2.56,0.76,0.25,1.02,0.76,1.02,0.54,0.07,0.61,0.54,0.61,Matches,2023,3.9,13.1,9.23,3.33,0.26,15.9,10.3,3.59,0.26,82.3,90.0,92.9,100.0,164.6,26.9,13.1,9.23,3.33,0.26,15.9,10.3,3.59,0.26,82.3,90.0,92.9,100.0,13.1,9.23,3.33,0.26,15.9,10.3,3.59,0.26,82.3,90.0,92.9,100.0,13.1,9.23,3.33,0.26,15.9,10.3,3.59,0.26,82.3,90.0,92.9,100.0,0.26,0.03,0.18,1.03,1.28,0.0,0.0,0.77,2.05,1.03,50.0,2.04,1.02,0.38,0.75,9.6,0.0,0.0,0.0,0.28,0.23,0.23,25.6,2.05,2.82,15.4,7.44,3.59,25.6,0.26,16.7,1.28,83.3,13.3,0.26,2.82,1.03,17.2,0.0,0.0,0.0,0.0,0.0,0.0,1.03,0.0,0.0,0.0,0.0,2.05,0.0,1.54,1.53,0.26,0.0,0.26,0.0,0.0,0.0,0.0,0.0,0.26,0.0,0.26,0.0,0.0,0.0,0.0,1.54,2.05,0.51,0.0,0.0,0.0,0.0,0.0,0.0,1.79,2.05,40.0,,,,,,,,,,,,,,,,,,,,,,,,,,,,
Noel Buck,eng ENG,"MF,FW",NE Revolution,17,2005,25,20,1754,19.5,0.15,0.05,0.21,0.15,0.0,0.0,0.21,0.0,0.04,0.04,0.06,0.1,2.46,3.9,2.82,0.15,0.05,0.21,0.15,0.21,0.04,0.06,0.1,0.04,0.1,Matches,2023,19.5,33.4,16.0,13.6,2.36,40.4,18.0,15.7,3.69,82.6,88.9,86.3,63.9,543.1,141.0,33.4,16.0,13.6,2.36,40.4,18.0,15.7,3.69,82.6,88.9,86.3,63.9,33.4,16.0,13.6,2.36,40.4,18.0,15.7,3.69,82.6,88.9,86.3,63.9,33.4,16.0,13.6,2.36,40.4,18.0,15.7,3.69,82.6,88.9,86.3,63.9,0.05,0.05,-0.01,0.82,3.9,0.62,0.15,0.15,0.87,0.31,35.3,0.87,0.31,0.18,0.5,22.2,0.0,0.0,0.0,0.04,0.12,0.12,50.3,1.38,9.95,27.2,13.8,1.03,50.3,1.33,60.5,0.56,25.6,30.5,0.31,1.54,0.72,35.9,2.72,1.54,1.64,2.72,1.54,49.2,1.59,1.33,1.13,0.92,3.64,0.82,0.0,1.95,1.95,0.15,0.0,0.05,0.0,0.1,0.05,0.15,0.15,0.15,0.0,0.05,0.0,0.1,0.05,0.0,1.28,1.49,0.0,0.46,0.92,1.64,0.0,0.0,0.0,4.77,0.26,23.8,,,,,,,,,,,,,,,,,,,,,,,,,,,,
Teal Bunbury,us USA,FW,Nashville SC,32,1990,31,20,1648,18.3,0.16,0.05,0.22,0.16,0.0,0.0,0.38,0.0,0.34,0.34,0.07,0.42,1.04,1.09,6.17,0.16,0.05,0.22,0.16,0.22,0.35,0.07,0.41,0.35,0.41,Matches,2023,18.3,13.4,8.96,3.33,0.38,21.3,12.2,5.52,0.71,63.2,73.2,60.4,53.8,175.7,24.2,13.4,8.96,3.33,0.38,21.3,12.2,5.52,0.71,63.2,73.2,60.4,53.8,13.4,8.96,3.33,0.38,21.3,12.2,5.52,0.71,63.2,73.2,60.4,53.8,13.4,8.96,3.33,0.38,21.3,12.2,5.52,0.71,63.2,73.2,60.4,53.8,0.05,0.03,-0.01,0.6,0.71,0.22,0.05,0.16,2.3,0.44,19.0,2.29,0.44,0.07,0.38,14.3,0.0,0.0,0.0,0.15,-0.18,-0.18,30.3,0.49,1.37,14.9,14.2,4.21,30.3,0.82,65.2,0.38,30.4,14.3,0.71,1.69,0.71,23.1,0.44,0.05,0.44,0.44,0.05,11.1,0.44,0.49,0.38,0.38,0.82,0.44,0.0,1.58,1.58,0.11,0.0,0.33,0.05,0.05,0.0,0.16,0.16,0.11,0.0,0.33,0.05,0.05,0.0,0.0,2.24,1.42,0.66,0.87,0.38,0.44,0.0,0.0,0.0,2.13,4.48,47.4,,,,,,,,,,,,,,,,,,,,,,,,,,,,
Cory Burke,jm JAM,FW,NY Red Bulls,31,1991,23,11,975,10.8,0.19,0.0,0.19,0.19,0.0,0.0,0.28,0.0,0.44,0.44,0.08,0.53,1.39,1.57,3.89,0.18,0.0,0.18,0.18,0.18,0.44,0.08,0.52,0.44,0.52,Matches,2023,10.8,8.43,4.54,2.31,0.83,18.0,8.7,4.63,1.85,46.9,52.1,50.0,45.0,130.1,44.9,8.43,4.54,2.31,0.83,18.0,8.7,4.63,1.85,46.9,52.1,50.0,45.0,8.43,4.54,2.31,0.83,18.0,8.7,4.63,1.85,46.9,52.1,50.0,45.0,8.43,4.54,2.31,0.83,18.0,8.7,4.63,1.85,46.9,52.1,50.0,45.0,0.0,0.08,-0.08,1.02,1.2,0.65,0.19,0.19,3.06,0.83,27.3,3.05,0.83,0.06,0.22,14.8,0.0,0.0,0.0,0.14,-0.26,-0.26,35.1,0.83,2.41,15.0,18.5,5.37,35.1,2.22,57.1,1.57,40.5,16.5,0.74,3.43,2.22,21.9,2.41,0.65,1.67,2.41,0.65,33.3,1.3,1.02,0.93,0.37,2.78,0.46,0.0,3.06,3.04,0.83,0.09,0.19,0.0,0.09,0.0,0.28,0.28,0.83,0.09,0.19,0.0,0.09,0.0,0.0,3.15,1.11,0.46,0.46,0.37,1.67,0.0,0.0,0.0,3.8,5.93,45.7,,,,,,,,,,,,,,,,,,,,,,,,,,,,
Roman Bürki,ch SUI,GK,St. Louis,32,1990,33,33,2970,33.0,0.0,0.0,0.0,0.0,0.0,0.0,0.03,0.0,0.0,0.0,0.01,0.01,0.0,0.03,0.0,0.0,0.0,0.0,0.0,0.0,0.0,0.01,0.01,0.0,0.01,Matches,2023,33.0,21.8,3.24,9.42,9.09,35.3,3.3,9.52,22.1,61.9,98.2,99.0,41.2,684.2,550.9,21.8,3.24,9.42,9.09,35.3,3.3,9.52,22.1,61.9,98.2,99.0,41.2,21.8,3.24,9.42,9.09,35.3,3.3,9.52,22.1,61.9,98.2,99.0,41.2,21.8,3.24,9.42,9.09,35.3,3.3,9.52,22.1,61.9,98.2,99.0,41.2,0.0,0.0,-0.01,0.09,0.97,0.06,0.0,0.0,0.0,0.0,,0.0,0.0,,,,0.0,0.0,0.0,,0.0,0.0,37.8,27.9,37.1,0.79,0.0,0.0,37.8,0.03,100.0,0.0,0.0,20.4,0.0,0.09,0.0,15.1,0.03,0.03,0.03,0.03,0.03,33.3,0.06,0.0,0.0,0.0,0.03,0.52,0.06,0.33,0.33,0.0,0.0,0.0,0.0,0.0,0.0,0.06,0.06,0.0,0.0,0.0,0.0,0.0,0.0,0.0,0.03,0.18,0.0,0.0,0.0,0.03,0.0,0.03,0.0,1.91,0.39,100.0,1.27,0.21,0.03,0.06,1.49,0.28,0.28,0.28,27.6,4.73,48.9,59.6,39.9,49.0,15.5,48.9,59.6,39.9,49.0,15.5,14.1,0.88,6.2,1.7,1.7,39.9,49.0,15.5
Kendall Burks,us USA,"DF,MF",Chicago Fire,23,1999,9,5,510,5.7,0.0,0.0,0.0,0.0,0.0,0.0,0.18,0.0,0.07,0.07,0.0,0.07,0.7,1.23,0.35,0.0,0.0,0.0,0.0,0.0,0.06,0.0,0.06,0.06,0.06,Matches,2023,5.7,29.6,12.6,13.7,2.98,36.1,14.6,16.0,4.91,82.0,86.7,85.7,60.7,544.4,219.1,29.6,12.6,13.7,2.98,36.1,14.6,16.0,4.91,82.0,86.7,85.7,60.7,29.6,12.6,13.7,2.98,36.1,14.6,16.0,4.91,82.0,86.7,85.7,60.7,29.6,12.6,13.7,2.98,36.1,14.6,16.0,4.91,82.0,86.7,85.7,60.7,0.0,0.0,0.0,0.0,2.11,0.0,0.0,0.0,0.53,0.0,0.0,0.53,0.0,0.0,,6.9,0.0,0.0,0.0,0.12,-0.07,-0.07,46.5,7.02,25.4,19.3,2.11,0.53,46.5,0.35,66.7,0.0,0.0,22.8,0.0,0.53,0.0,24.6,1.4,0.53,0.88,1.4,0.53,50.0,0.53,1.75,0.53,1.05,2.46,4.56,0.0,0.35,0.35,0.0,0.0,0.0,0.0,0.0,0.0,0.0,0.0,0.0,0.0,0.0,0.0,0.0,0.0,0.0,1.05,0.53,0.0,0.18,1.05,0.88,0.0,0.18,0.0,4.56,2.28,61.9,,,,,,,,,,,,,,,,,,,,,,,,,,,,
Sergio Busquets,es ESP,MF,Inter Miami,34,1988,11,10,931,10.3,0.0,0.1,0.1,0.0,0.0,0.0,0.29,0.0,0.0,0.0,0.09,0.09,0.97,6.89,1.07,0.0,0.1,0.1,0.0,0.1,0.0,0.08,0.09,0.0,0.09,Matches,2023,10.3,62.7,29.6,27.4,3.88,70.3,31.7,29.6,5.34,89.2,93.6,92.5,72.7,1013.4,350.9,62.7,29.6,27.4,3.88,70.3,31.7,29.6,5.34,89.2,93.6,92.5,72.7,62.7,29.6,27.4,3.88,70.3,31.7,29.6,5.34,89.2,93.6,92.5,72.7,62.7,29.6,27.4,3.88,70.3,31.7,29.6,5.34,89.2,93.6,92.5,72.7,0.1,0.08,0.01,1.07,7.67,0.49,0.0,0.0,0.1,0.0,0.0,0.1,0.0,0.0,,30.0,0.1,0.0,0.0,0.03,0.0,0.0,79.5,4.17,21.4,47.5,11.1,0.29,79.5,0.29,42.9,0.29,42.9,42.1,0.19,0.68,1.07,56.5,3.59,2.33,1.84,3.59,2.33,64.9,1.26,1.17,0.97,1.65,5.24,0.68,0.1,2.14,2.13,0.0,0.0,0.0,0.0,0.1,0.0,0.19,0.19,0.0,0.0,0.0,0.0,0.1,0.0,0.0,1.55,1.36,0.1,0.1,1.65,1.84,0.0,0.0,0.0,9.32,0.68,46.7,,,,,,,,,,,,,,,,,,,,,,,,,,,,
Brandon Bye,us USA,DF,NE Revolution,27,1995,19,19,1665,18.5,0.11,0.05,0.16,0.11,0.0,0.0,0.05,0.0,0.09,0.09,0.13,0.22,2.65,3.78,5.03,0.11,0.05,0.16,0.11,0.16,0.09,0.13,0.22,0.09,0.22,Matches,2023,18.5,38.2,17.5,17.2,2.92,53.2,21.2,21.7,6.49,71.7,82.7,79.3,45.0,653.1,245.6,38.2,17.5,17.2,2.92,53.2,21.2,21.7,6.49,71.7,82.7,79.3,45.0,38.2,17.5,17.2,2.92,53.2,21.2,21.7,6.49,71.7,82.7,79.3,45.0,38.2,17.5,17.2,2.92,53.2,21.2,21.7,6.49,71.7,82.7,79.3,45.0,0.05,0.13,-0.08,1.03,3.24,1.14,0.54,0.11,0.59,0.11,18.2,0.59,0.11,0.18,1.0,12.6,0.0,0.0,0.0,0.15,0.02,0.02,62.6,4.43,17.9,26.9,18.5,1.68,62.6,0.76,48.3,0.65,41.4,30.9,0.05,1.08,0.54,35.7,1.46,0.76,0.97,1.46,0.76,66.7,0.38,1.08,0.59,1.08,2.54,3.19,0.0,2.0,2.0,0.05,0.0,0.05,0.0,0.0,0.0,0.11,0.11,0.05,0.0,0.05,0.0,0.0,0.0,0.0,0.65,0.65,0.16,4.16,1.08,0.97,0.0,0.0,0.0,4.43,1.73,55.2,,,,,,,,,,,,,,,,,,,,,,,,,,,,
Nathan Byrne,eng ENG,DF,Charlotte,30,1992,31,29,2599,28.9,0.0,0.03,0.03,0.0,0.0,0.0,0.24,0.0,0.01,0.01,0.02,0.03,1.38,5.05,1.73,0.0,0.03,0.03,0.0,0.03,0.01,0.02,0.03,0.01,0.03,Matches,2023,28.9,47.0,22.1,20.3,3.98,57.9,24.0,24.2,7.89,81.2,92.1,83.9,50.4,818.8,302.4,47.0,22.1,20.3,3.98,57.9,24.0,24.2,7.89,81.2,92.1,83.9,50.4,47.0,22.1,20.3,3.98,57.9,24.0,24.2,7.89,81.2,92.1,83.9,50.4,47.0,22.1,20.3,3.98,57.9,24.0,24.2,7.89,81.2,92.1,83.9,50.4,0.03,0.05,0.02,0.31,4.84,0.62,0.24,0.0,0.21,0.14,66.7,0.21,0.14,0.0,0.0,20.0,0.0,0.0,0.0,0.07,-0.01,-0.01,65.3,3.36,21.8,33.7,10.4,0.52,65.3,0.31,36.0,0.38,44.0,31.4,0.14,0.62,0.28,38.8,1.42,0.93,0.93,1.42,0.93,48.2,1.0,1.0,0.8,0.69,2.11,1.94,0.03,1.04,1.04,0.0,0.0,0.0,0.0,0.0,0.0,0.1,0.1,0.0,0.0,0.0,0.0,0.0,0.0,0.0,0.97,1.52,0.03,1.56,0.69,0.93,0.0,0.07,0.0,5.95,1.0,46.8,,,,,,,,,,,,,,,,,,,,,,,,,,,,
Jorge Cabezas,co COL,"FW,MF",NY Red Bulls,19,2003,5,1,120,1.3,0.0,0.0,0.0,0.0,0.0,0.0,0.0,0.0,0.23,0.23,0.0,0.23,0.77,1.54,4.62,0.0,0.0,0.0,0.0,0.0,0.21,0.0,0.21,0.21,0.21,Matches,2023,1.3,13.8,8.46,3.08,1.54,19.2,10.8,3.08,2.31,72.0,78.6,100.0,66.7,199.2,36.9,13.8,8.46,3.08,1.54,19.2,10.8,3.08,2.31,72.0,78.6,100.0,66.7,13.8,8.46,3.08,1.54,19.2,10.8,3.08,2.31,72.0,78.6,100.0,66.7,13.8,8.46,3.08,1.54,19.2,10.8,3.08,2.31,72.0,78.6,100.0,66.7,0.0,0.0,0.0,0.0,0.77,0.77,0.0,0.0,4.62,2.31,50.0,4.5,2.25,0.0,0.0,19.0,0.0,0.0,0.0,0.05,-0.23,-0.23,40.0,1.54,2.31,13.8,23.8,5.38,40.0,3.85,83.3,0.77,16.7,20.8,0.77,6.15,0.77,23.1,1.54,0.77,0.77,1.54,0.77,33.3,1.54,1.54,1.54,0.0,1.54,0.0,0.0,2.31,2.25,0.0,0.0,0.0,0.0,0.0,0.0,0.0,0.0,0.0,0.0,0.0,0.0,0.0,0.0,0.0,1.54,0.77,1.54,0.0,0.0,0.77,0.0,0.0,0.0,2.31,0.77,9.1,,,,,,,,,,,,,,,,,,,,,,,,,,,,
Kevin Cabral,fr FRA,"FW,MF",Colorado Rapids,23,1999,27,14,1177,13.1,0.15,0.0,0.15,0.15,0.0,0.0,0.61,0.0,0.27,0.27,0.06,0.33,1.76,1.15,4.27,0.15,0.0,0.15,0.15,0.15,0.27,0.06,0.33,0.27,0.33,Matches,2023,13.1,14.0,7.63,4.2,1.07,18.8,9.01,4.96,2.21,74.4,84.7,84.6,48.3,206.1,30.6,14.0,7.63,4.2,1.07,18.8,9.01,4.96,2.21,74.4,84.7,84.6,48.3,14.0,7.63,4.2,1.07,18.8,9.01,4.96,2.21,74.4,84.7,84.6,48.3,14.0,7.63,4.2,1.07,18.8,9.01,4.96,2.21,74.4,84.7,84.6,48.3,0.0,0.1,-0.06,0.46,0.61,0.23,0.15,0.15,1.37,0.92,66.7,1.38,0.92,0.11,0.17,12.4,0.0,0.0,0.0,0.19,-0.11,-0.11,28.5,0.61,3.28,12.7,12.9,3.66,28.5,0.99,41.9,1.15,48.4,16.0,0.99,2.06,0.46,17.8,1.6,0.31,0.84,1.6,0.31,40.0,0.46,0.84,0.76,0.69,2.29,0.46,0.0,1.83,1.83,0.46,0.0,0.15,0.0,0.15,0.0,0.0,0.0,0.46,0.0,0.15,0.0,0.15,0.0,0.0,1.6,1.45,0.15,0.99,0.69,0.84,0.0,0.0,0.0,2.82,0.69,36.0,,,,,,,,,,,,,,,,,,,,,,,,,,,,
Rémi Cabral,fr FRA,DF,Colorado Rapids,23,1999,1,0,12,0.1,0.0,0.0,0.0,0.0,0.0,0.0,0.0,0.0,0.0,0.0,0.0,0.0,10.0,20.0,0.0,0.0,0.0,0.0,0.0,0.0,0.3,0.0,0.3,0.3,0.3,Matches,2023,0.1,50.0,30.0,20.0,0.0,50.0,30.0,20.0,0.0,100.0,100.0,100.0,,700.0,80.0,50.0,30.0,20.0,0.0,50.0,30.0,20.0,0.0,100.0,100.0,100.0,,50.0,30.0,20.0,0.0,50.0,30.0,20.0,0.0,100.0,100.0,100.0,,50.0,30.0,20.0,0.0,50.0,30.0,20.0,0.0,100.0,100.0,100.0,,0.0,0.0,0.0,0.0,20.0,0.0,0.0,0.0,10.0,0.0,0.0,7.5,0.0,0.0,,25.0,0.0,0.0,0.0,0.04,0.0,0.0,70.0,0.0,0.0,30.0,40.0,0.0,70.0,0.0,,0.0,,20.0,0.0,0.0,0.0,50.0,10.0,0.0,0.0,10.0,0.0,0.0,10.0,0.0,0.0,0.0,10.0,0.0,0.0,10.0,7.5,0.0,0.0,10.0,0.0,0.0,0.0,0.0,0.0,0.0,0.0,10.0,0.0,0.0,0.0,0.0,0.0,10.0,0.0,0.0,0.0,0.0,0.0,0.0,0.0,0.0,0.0,,,,,,,,,,,,,,,,,,,,,,,,,,,,,
Martín Cáceres,uy URU,DF,LA Galaxy,35,1987,15,15,1308,14.5,0.14,0.0,0.14,0.14,0.0,0.0,0.21,0.07,0.03,0.03,0.0,0.03,0.21,2.76,0.21,0.14,0.0,0.14,0.14,0.14,0.03,0.0,0.04,0.03,0.04,Matches,2023,14.5,53.2,21.0,26.6,4.34,59.0,21.6,28.6,6.76,90.2,97.1,93.0,64.3,946.3,312.0,53.2,21.0,26.6,4.34,59.0,21.6,28.6,6.76,90.2,97.1,93.0,64.3,53.2,21.0,26.6,4.34,59.0,21.6,28.6,6.76,90.2,97.1,93.0,64.3,53.2,21.0,26.6,4.34,59.0,21.6,28.6,6.76,90.2,97.1,93.0,64.3,0.0,0.01,0.0,0.07,2.83,0.07,0.0,0.14,0.34,0.14,40.0,0.34,0.14,0.4,1.0,20.7,0.0,0.0,0.0,0.1,0.1,0.1,65.8,7.17,30.9,32.6,2.34,0.48,65.8,0.0,0.0,0.07,100.0,39.7,0.0,0.34,0.0,47.0,0.34,0.14,0.21,0.34,0.14,20.0,0.55,0.9,0.28,0.69,1.03,3.31,0.07,0.48,0.48,0.0,0.0,0.0,0.0,0.0,0.0,0.07,0.07,0.0,0.0,0.0,0.0,0.0,0.0,0.07,0.41,0.41,0.0,0.0,0.69,0.21,0.0,0.07,0.0,4.21,1.1,47.1,,,,,,,,,,,,,,,,,,,,,,,,,,,,
Deiber Caicedo,co COL,"MF,FW",Vancouver W'caps,22,2000,15,0,196,2.2,0.0,0.0,0.0,0.0,0.0,0.0,0.0,0.0,0.45,0.45,0.09,0.55,5.45,4.09,9.55,0.0,0.0,0.0,0.0,0.0,0.48,0.09,0.57,0.48,0.57,Matches,2023,2.2,31.4,19.5,10.5,1.36,43.2,21.4,15.0,2.27,72.6,91.5,69.7,60.0,474.1,70.5,31.4,19.5,10.5,1.36,43.2,21.4,15.0,2.27,72.6,91.5,69.7,60.0,31.4,19.5,10.5,1.36,43.2,21.4,15.0,2.27,72.6,91.5,69.7,60.0,31.4,19.5,10.5,1.36,43.2,21.4,15.0,2.27,72.6,91.5,69.7,60.0,0.0,0.14,-0.09,0.91,0.91,2.27,0.91,0.0,2.27,0.91,40.0,2.3,0.92,0.0,0.0,16.0,0.0,0.0,0.0,0.21,-0.45,-0.45,56.4,0.91,6.36,19.5,31.4,4.55,56.4,4.09,56.3,3.18,43.8,40.0,0.45,3.18,1.82,40.0,1.82,0.91,1.36,1.82,0.91,100.0,0.0,0.91,0.91,1.36,3.18,0.45,0.0,3.64,3.67,0.0,0.0,0.45,0.45,0.45,0.0,1.36,1.38,0.0,0.0,0.45,0.45,0.45,0.0,0.0,1.36,2.73,0.45,5.0,1.36,1.36,0.45,0.0,0.0,6.82,0.0,0.0,,,,,,,,,,,,,,,,,,,,,,,,,,,,
Luís Caicedo,co COL,MF,Houston Dynamo,26,1996,25,11,1214,13.5,0.0,0.0,0.0,0.0,0.0,0.0,0.44,0.0,0.01,0.01,0.0,0.01,0.07,3.56,0.44,0.0,0.0,0.0,0.0,0.0,0.0,0.0,0.01,0.0,0.01,Matches,2023,13.5,38.4,17.2,17.4,3.11,44.4,18.8,19.7,4.44,86.5,91.3,88.3,70.0,660.5,182.7,38.4,17.2,17.4,3.11,44.4,18.8,19.7,4.44,86.5,91.3,88.3,70.0,38.4,17.2,17.4,3.11,44.4,18.8,19.7,4.44,86.5,91.3,88.3,70.0,38.4,17.2,17.4,3.11,44.4,18.8,19.7,4.44,86.5,91.3,88.3,70.0,0.0,0.02,0.0,0.15,3.7,0.22,0.0,0.0,0.22,0.0,0.0,0.22,0.0,0.0,,31.6,0.0,0.0,0.0,0.02,-0.01,-0.01,52.7,2.81,15.7,33.1,4.15,0.0,52.7,0.15,28.6,0.37,71.4,30.2,0.0,0.52,0.67,35.3,1.48,0.81,0.96,1.48,0.81,42.3,1.11,1.41,0.96,1.26,2.74,1.78,0.0,0.89,0.89,0.0,0.0,0.07,0.0,0.0,0.0,0.0,0.0,0.0,0.0,0.07,0.0,0.0,0.0,0.0,2.3,2.22,0.0,0.0,1.26,0.96,0.0,0.0,0.0,5.78,0.67,45.0,,,,,,,,,,,,,,,,,,,,,,,,,,,,
Scott Caldwell,us USA,MF,Real Salt Lake,31,1991,4,3,174,1.9,0.0,0.0,0.0,0.0,0.0,0.0,0.0,0.0,0.0,0.0,0.0,0.0,0.0,2.63,0.0,0.0,0.0,0.0,0.0,0.0,0.0,0.0,0.0,0.0,0.0,Matches,2023,1.9,28.9,13.2,11.6,4.21,35.8,17.4,13.7,4.21,80.9,75.8,84.6,100.0,517.9,121.1,28.9,13.2,11.6,4.21,35.8,17.4,13.7,4.21,80.9,75.8,84.6,100.0,28.9,13.2,11.6,4.21,35.8,17.4,13.7,4.21,80.9,75.8,84.6,100.0,28.9,13.2,11.6,4.21,35.8,17.4,13.7,4.21,80.9,75.8,84.6,100.0,0.0,0.0,0.0,0.0,1.05,0.0,0.0,0.0,0.0,0.0,,0.0,0.0,,,,0.0,0.0,0.0,,0.0,0.0,37.4,2.11,9.47,25.3,2.63,0.0,37.4,0.53,100.0,0.0,0.0,16.8,0.0,0.0,0.0,25.3,0.53,0.53,0.53,0.53,0.53,33.3,1.05,0.0,0.0,0.0,0.53,1.05,0.0,0.0,0.0,0.0,0.0,0.0,0.0,0.0,0.0,0.0,0.0,0.0,0.0,0.0,0.0,0.0,0.0,0.0,0.0,1.05,0.0,0.0,0.0,0.53,0.0,0.0,0.0,5.79,0.0,0.0,,,,,,,,,,,,,,,,,,,,,,,,,,,,
Lucas Calegari,br BRA,DF,LA Galaxy,20,2002,22,22,1934,21.5,0.0,0.05,0.05,0.0,0.0,0.0,0.09,0.0,0.03,0.03,0.1,0.13,1.49,4.42,4.56,0.0,0.05,0.05,0.0,0.05,0.03,0.1,0.14,0.03,0.14,Matches,2023,21.5,50.8,26.2,21.1,2.7,59.1,28.2,24.0,4.6,86.1,92.9,88.2,58.6,810.0,257.3,50.8,26.2,21.1,2.7,59.1,28.2,24.0,4.6,86.1,92.9,88.2,58.6,50.8,26.2,21.1,2.7,59.1,28.2,24.0,4.6,86.1,92.9,88.2,58.6,50.8,26.2,21.1,2.7,59.1,28.2,24.0,4.6,86.1,92.9,88.2,58.6,0.05,0.09,-0.06,0.98,3.26,1.02,0.42,0.0,0.51,0.14,27.3,0.51,0.14,0.0,0.0,22.1,0.0,0.0,0.0,0.07,-0.03,-0.03,68.2,3.77,21.0,32.5,15.3,0.84,68.2,1.12,57.1,0.51,26.2,39.3,0.14,1.16,0.51,44.6,1.95,1.12,1.35,1.95,1.12,58.5,0.79,1.21,0.74,1.07,3.02,1.63,0.05,2.05,2.05,0.09,0.0,0.19,0.0,0.0,0.0,0.14,0.14,0.09,0.0,0.19,0.0,0.0,0.0,0.0,0.7,1.63,0.05,1.44,1.07,1.35,0.0,0.0,0.05,5.95,0.28,31.6,,,,,,,,,,,,,,,,,,,,,,,,,,,,
Noel Caliskan,de GER,MF,Portland Timbers,22,2000,4,2,265,2.9,0.0,0.34,0.34,0.0,0.0,0.0,0.34,0.0,0.03,0.03,0.07,0.14,1.38,3.1,2.07,0.0,0.34,0.34,0.0,0.34,0.04,0.08,0.12,0.04,0.12,Matches,2023,2.9,31.7,13.4,14.1,2.07,36.6,15.2,15.9,2.41,86.8,88.6,89.1,85.7,512.1,82.4,31.7,13.4,14.1,2.07,36.6,15.2,15.9,2.41,86.8,88.6,89.1,85.7,31.7,13.4,14.1,2.07,36.6,15.2,15.9,2.41,86.8,88.6,89.1,85.7,31.7,13.4,14.1,2.07,36.6,15.2,15.9,2.41,86.8,88.6,89.1,85.7,0.34,0.03,0.28,0.69,4.14,0.0,0.0,0.0,1.03,0.0,0.0,1.02,0.0,0.0,,23.2,0.0,0.0,0.0,0.04,-0.03,-0.03,43.4,2.07,6.55,27.2,9.66,2.07,43.4,0.0,0.0,0.34,100.0,23.4,0.34,0.0,0.34,28.3,1.72,0.69,1.38,1.72,0.69,28.6,1.72,1.03,0.69,0.69,2.41,0.34,0.0,2.07,2.05,0.0,0.0,1.03,0.0,0.0,0.0,0.69,0.68,0.0,0.0,1.03,0.0,0.0,0.0,0.0,0.69,2.07,0.0,0.0,0.69,1.38,0.0,0.0,0.0,4.48,0.0,0.0,,,,,,,,,,,,,,,,,,,,,,,,,,,,
Drake Callender,us USA,GK,Inter Miami,25,1997,33,33,2970,33.0,0.0,0.0,0.0,0.0,0.0,0.0,0.0,0.0,0.0,0.0,0.0,0.0,0.0,0.0,0.0,0.0,0.0,0.0,0.0,0.0,0.0,0.0,0.0,0.0,0.0,Matches,2023,33.0,24.6,4.24,12.5,7.76,34.6,4.33,12.8,17.2,71.0,97.9,97.6,45.0,652.6,464.2,24.6,4.24,12.5,7.76,34.6,4.33,12.8,17.2,71.0,97.9,97.6,45.0,24.6,4.24,12.5,7.76,34.6,4.33,12.8,17.2,71.0,97.9,97.6,45.0,24.6,4.24,12.5,7.76,34.6,4.33,12.8,17.2,71.0,97.9,97.6,45.0,0.0,0.0,0.0,0.0,0.21,0.0,0.0,0.0,0.0,0.0,,0.0,0.0,,,,0.0,0.0,0.0,,0.0,0.0,36.8,32.7,36.6,0.18,0.0,0.0,36.8,0.0,,0.0,,20.0,0.03,0.0,0.0,15.7,0.03,0.03,0.0,0.03,0.03,50.0,0.03,0.0,0.0,0.0,0.03,0.33,0.09,0.06,0.06,0.0,0.0,0.0,0.0,0.0,0.0,0.0,0.0,0.0,0.0,0.0,0.0,0.0,0.0,0.0,0.0,0.03,0.0,0.0,0.0,0.0,0.0,0.0,0.0,1.21,0.21,70.0,1.61,0.03,0.27,0.09,1.45,0.28,-0.06,-0.06,26.9,4.79,32.2,41.3,33.7,35.7,12.6,32.2,41.3,33.7,35.7,12.6,12.1,1.09,9.0,0.85,0.85,33.7,35.7,12.6
Rudy Camacho,fr FRA,DF,Columbus Crew,31,1991,11,8,788,8.8,0.0,0.0,0.0,0.0,0.0,0.0,0.11,0.0,0.01,0.01,0.0,0.01,0.34,3.52,0.11,0.0,0.0,0.0,0.0,0.0,0.01,0.01,0.01,0.01,0.01,Matches,2023,8.8,63.5,29.1,29.8,4.2,69.9,30.2,31.5,7.16,90.9,96.2,94.6,58.7,1081.1,501.6,63.5,29.1,29.8,4.2,69.9,30.2,31.5,7.16,90.9,96.2,94.6,58.7,63.5,29.1,29.8,4.2,69.9,30.2,31.5,7.16,90.9,96.2,94.6,58.7,63.5,29.1,29.8,4.2,69.9,30.2,31.5,7.16,90.9,96.2,94.6,58.7,0.0,0.01,0.0,0.11,3.75,0.11,0.0,0.0,0.23,0.0,0.0,0.23,0.0,0.0,,9.6,0.0,0.0,0.0,0.03,-0.01,-0.01,78.3,9.66,42.8,34.2,1.82,0.34,78.3,0.23,100.0,0.0,0.0,49.0,0.0,0.11,0.11,52.3,1.14,0.45,0.68,1.14,0.45,66.7,0.23,1.02,0.91,0.91,2.05,4.66,0.11,0.57,0.57,0.0,0.0,0.0,0.0,0.0,0.0,0.0,0.0,0.0,0.0,0.0,0.0,0.0,0.0,0.0,1.59,0.34,0.0,0.0,0.91,0.68,0.0,0.0,0.0,7.61,1.14,38.5,,,,,,,,,,,,,,,,,,,,,,,,,,,,
Rudy Camacho,fr FRA,"DF,MF",CF Montréal,31,1991,20,19,1610,17.9,0.06,0.0,0.06,0.06,0.0,0.0,0.28,0.06,0.03,0.03,0.01,0.03,0.28,2.85,0.34,0.06,0.0,0.06,0.06,0.06,0.03,0.0,0.04,0.03,0.04,Matches,2023,17.9,52.5,13.7,30.8,7.32,60.8,15.4,33.6,9.94,86.3,89.1,91.7,73.6,1084.4,472.0,52.5,13.7,30.8,7.32,60.8,15.4,33.6,9.94,86.3,89.1,91.7,73.6,52.5,13.7,30.8,7.32,60.8,15.4,33.6,9.94,86.3,89.1,91.7,73.6,52.5,13.7,30.8,7.32,60.8,15.4,33.6,9.94,86.3,89.1,91.7,73.6,0.0,0.02,-0.01,0.11,2.74,0.17,0.0,0.06,0.45,0.22,50.0,0.45,0.22,0.13,0.25,11.9,0.0,0.0,0.0,0.07,0.02,0.02,70.7,10.1,40.6,27.4,2.96,0.89,70.7,0.39,100.0,0.0,0.0,37.9,0.0,0.39,0.11,43.4,1.06,0.5,0.78,1.06,0.5,64.3,0.28,1.06,0.34,1.62,2.68,4.3,0.11,0.61,0.61,0.0,0.0,0.0,0.0,0.0,0.0,0.0,0.0,0.0,0.0,0.0,0.0,0.0,0.0,0.0,1.23,0.45,0.06,0.0,1.62,0.78,0.0,0.0,0.0,6.65,2.63,67.1,,,,,,,,,,,,,,,,,,,,,,,,,,,,
Brandon Cambridge,us USA,"FW,DF",Charlotte,20,2002,9,0,136,1.5,1.33,0.0,1.33,1.33,0.0,0.0,0.0,0.0,0.53,0.53,0.0,0.53,6.0,0.0,13.3,1.32,0.0,1.32,1.32,1.32,0.53,0.0,0.53,0.53,0.53,Matches,2023,1.5,24.7,10.0,11.3,2.0,29.3,10.7,14.0,2.67,84.1,93.8,81.0,75.0,458.7,54.0,24.7,10.0,11.3,2.0,29.3,10.7,14.0,2.67,84.1,93.8,81.0,75.0,24.7,10.0,11.3,2.0,29.3,10.7,14.0,2.67,84.1,93.8,81.0,75.0,24.7,10.0,11.3,2.0,29.3,10.7,14.0,2.67,84.1,93.8,81.0,75.0,0.0,0.0,0.0,0.0,0.0,0.0,0.0,1.33,2.67,1.33,50.0,2.65,1.32,0.5,1.0,11.0,0.0,0.0,0.0,0.2,0.8,0.8,42.0,0.67,4.67,18.7,20.0,4.0,42.0,2.0,60.0,0.67,20.0,30.7,1.33,2.67,2.0,34.0,0.0,0.0,0.0,0.0,0.0,0.0,0.67,0.67,0.67,0.67,0.67,2.0,0.0,4.0,3.97,0.67,0.0,1.33,0.0,0.0,0.0,0.0,0.0,0.67,0.0,1.33,0.0,0.0,0.0,0.0,1.33,4.0,0.0,4.67,0.67,0.0,0.0,0.0,0.0,5.33,0.0,0.0,,,,,,,,,,,,,,,,,,,,,,,,,,,,
Leonardo Campana,ec ECU,FW,Inter Miami,22,2000,26,17,1636,18.2,0.49,0.16,0.66,0.38,0.11,0.16,0.22,0.0,0.48,0.35,0.12,0.47,0.93,2.14,5.0,0.5,0.17,0.66,0.39,0.55,0.48,0.12,0.6,0.35,0.47,Matches,2023,18.2,18.7,11.3,5.05,1.48,24.1,13.7,6.43,1.92,77.4,82.4,78.6,77.1,278.4,44.6,18.7,11.3,5.05,1.48,24.1,13.7,6.43,1.92,77.4,82.4,78.6,77.1,18.7,11.3,5.05,1.48,24.1,13.7,6.43,1.92,77.4,82.4,78.6,77.1,18.7,11.3,5.05,1.48,24.1,13.7,6.43,1.92,77.4,82.4,78.6,77.1,0.16,0.11,0.05,0.71,1.48,0.55,0.22,0.49,2.86,1.21,42.3,2.86,1.21,0.13,0.32,16.2,0.0,0.11,0.16,0.13,0.01,0.03,34.6,1.26,2.8,17.3,15.0,3.85,34.5,0.71,50.0,0.66,46.2,18.4,0.22,1.98,1.32,26.0,1.04,0.49,0.71,1.04,0.49,50.0,0.49,1.04,0.66,0.22,1.26,0.71,0.0,2.31,2.31,0.22,0.11,0.27,0.11,0.0,0.0,0.38,0.38,0.22,0.11,0.27,0.11,0.0,0.0,0.0,1.04,1.37,0.66,0.38,0.22,0.71,0.11,0.0,0.0,1.59,2.53,49.5,,,,,,,,,,,,,,,,,,,,,,,,,,,,
George Campbell,us USA,DF,CF Montréal,21,2001,26,21,1854,20.6,0.05,0.1,0.15,0.05,0.0,0.0,0.24,0.0,0.02,0.02,0.01,0.03,1.17,4.56,0.53,0.05,0.1,0.15,0.05,0.15,0.02,0.01,0.03,0.02,0.03,Matches,2023,20.6,47.9,17.1,26.0,4.56,57.8,19.5,29.3,8.01,82.8,88.0,88.7,57.0,912.6,333.9,47.9,17.1,26.0,4.56,57.8,19.5,29.3,8.01,82.8,88.0,88.7,57.0,47.9,17.1,26.0,4.56,57.8,19.5,29.3,8.01,82.8,88.0,88.7,57.0,47.9,17.1,26.0,4.56,57.8,19.5,29.3,8.01,82.8,88.0,88.7,57.0,0.1,0.02,0.09,0.15,4.22,0.39,0.0,0.05,0.24,0.05,20.0,0.24,0.05,0.2,1.0,12.1,0.0,0.0,0.0,0.1,0.02,0.02,67.2,6.41,31.6,31.9,4.08,0.49,67.2,0.87,64.3,0.49,35.7,39.9,0.1,0.92,0.34,43.1,2.04,1.26,1.41,2.04,1.26,66.7,0.63,1.26,0.78,1.21,3.25,2.48,0.34,0.78,0.78,0.1,0.05,0.05,0.0,0.0,0.0,0.15,0.15,0.1,0.05,0.05,0.0,0.0,0.0,0.0,1.21,0.68,0.0,0.15,1.21,1.41,0.0,0.05,0.0,7.77,1.41,48.3,,,,,,,,,,,,,,,,,,,,,,,,,,,,
Russell Canouse,us USA,MF,D.C. United,27,1995,27,27,2210,24.6,0.0,0.04,0.04,0.0,0.0,0.0,0.33,0.0,0.02,0.02,0.01,0.02,0.37,4.31,0.93,0.0,0.04,0.04,0.0,0.04,0.02,0.01,0.03,0.02,0.03,Matches,2023,24.6,37.7,16.7,17.5,2.89,44.4,19.5,18.9,4.31,85.0,85.6,92.3,67.0,645.7,215.4,37.7,16.7,17.5,2.89,44.4,19.5,18.9,4.31,85.0,85.6,92.3,67.0,37.7,16.7,17.5,2.89,44.4,19.5,18.9,4.31,85.0,85.6,92.3,67.0,37.7,16.7,17.5,2.89,44.4,19.5,18.9,4.31,85.0,85.6,92.3,67.0,0.04,0.04,0.03,0.2,4.15,0.41,0.08,0.0,0.45,0.08,18.2,0.45,0.08,0.0,0.0,21.4,0.0,0.0,0.0,0.04,-0.02,-0.02,53.8,1.67,14.3,33.2,6.95,0.37,53.8,0.73,60.0,0.28,23.3,25.9,0.0,1.06,0.85,31.7,2.72,1.38,1.83,2.72,1.38,55.7,1.1,1.42,1.02,1.26,3.98,0.89,0.0,1.34,1.35,0.0,0.0,0.08,0.0,0.0,0.0,0.08,0.08,0.0,0.0,0.08,0.0,0.0,0.0,0.0,1.46,1.3,0.0,0.24,1.26,1.83,0.0,0.04,0.0,7.15,0.57,56.0,,,,,,,,,,,,,,,,,,,,,,,,,,,,
Antonio Carlos,br BRA,DF,Orlando City,29,1993,18,16,1412,15.7,0.06,0.0,0.06,0.06,0.0,0.0,0.38,0.0,0.06,0.06,0.0,0.06,0.76,4.01,0.13,0.06,0.0,0.06,0.06,0.06,0.05,0.0,0.05,0.05,0.05,Matches,2023,15.7,39.9,12.3,20.6,6.82,46.4,13.4,22.2,9.75,86.1,91.9,92.8,69.9,843.2,366.0,39.9,12.3,20.6,6.82,46.4,13.4,22.2,9.75,86.1,91.9,92.8,69.9,39.9,12.3,20.6,6.82,46.4,13.4,22.2,9.75,86.1,91.9,92.8,69.9,39.9,12.3,20.6,6.82,46.4,13.4,22.2,9.75,86.1,91.9,92.8,69.9,0.0,0.01,0.0,0.0,3.44,0.0,0.0,0.06,0.76,0.38,50.0,0.76,0.38,0.08,0.17,10.1,0.0,0.0,0.0,0.07,0.01,0.01,55.5,9.17,29.0,25.4,1.66,1.08,55.5,0.25,100.0,0.0,0.0,32.0,0.0,0.13,0.0,35.3,0.57,0.32,0.51,0.57,0.32,38.5,0.51,1.02,0.19,1.02,1.59,4.65,0.0,0.7,0.7,0.0,0.0,0.0,0.0,0.06,0.06,0.19,0.19,0.0,0.0,0.0,0.0,0.06,0.06,0.0,1.21,0.7,0.06,0.0,1.02,0.51,0.0,0.0,0.0,3.5,2.04,62.7,,,,,,,,,,,,,,,,,,,,,,,,,,,,
Wikelman Carmona,ve VEN,"FW,MF",NY Red Bulls,19,2003,17,6,666,7.4,0.14,0.0,0.14,0.14,0.0,0.0,0.0,0.0,0.18,0.18,0.08,0.26,1.76,2.57,7.16,0.14,0.0,0.14,0.14,0.14,0.17,0.08,0.25,0.17,0.25,Matches,2023,7.4,20.5,11.2,5.95,2.16,28.9,13.8,7.57,3.65,71.0,81.4,78.6,59.3,320.7,87.8,20.5,11.2,5.95,2.16,28.9,13.8,7.57,3.65,71.0,81.4,78.6,59.3,20.5,11.2,5.95,2.16,28.9,13.8,7.57,3.65,71.0,81.4,78.6,59.3,20.5,11.2,5.95,2.16,28.9,13.8,7.57,3.65,71.0,81.4,78.6,59.3,0.0,0.05,-0.08,0.81,2.3,0.81,0.41,0.14,2.57,0.95,36.8,2.57,0.95,0.05,0.14,22.5,0.41,0.0,0.0,0.07,-0.04,-0.04,43.4,0.68,5.95,16.8,21.6,2.03,43.4,1.89,43.8,2.03,46.9,27.3,0.54,3.11,2.03,29.5,1.08,0.41,0.81,1.08,0.41,20.0,1.62,0.27,0.27,0.41,1.49,0.41,0.0,2.97,2.97,0.27,0.0,0.54,0.14,0.0,0.0,0.41,0.4,0.27,0.0,0.54,0.14,0.0,0.0,0.0,2.43,1.62,0.0,1.49,0.41,0.81,0.0,0.0,0.0,6.08,0.95,33.3,,,,,,,,,,,,,,,,,,,,,,,,,,,,
Julián Carranza,ar ARG,FW,Philadelphia Union,22,2000,31,28,2487,27.6,0.51,0.18,0.69,0.51,0.0,0.0,0.29,0.07,0.44,0.44,0.14,0.59,1.23,2.36,7.28,0.51,0.18,0.69,0.51,0.69,0.44,0.14,0.59,0.44,0.59,Matches,2023,27.6,18.2,9.67,6.16,1.12,25.9,13.3,7.79,1.49,70.3,72.8,79.1,75.6,272.1,51.8,18.2,9.67,6.16,1.12,25.9,13.3,7.79,1.49,70.3,72.8,79.1,75.6,18.2,9.67,6.16,1.12,25.9,13.3,7.79,1.49,70.3,72.8,79.1,75.6,18.2,9.67,6.16,1.12,25.9,13.3,7.79,1.49,70.3,72.8,79.1,75.6,0.18,0.12,0.04,1.01,1.45,0.51,0.04,0.51,3.04,1.16,38.1,3.04,1.16,0.17,0.44,15.9,0.04,0.0,0.0,0.15,0.07,0.07,38.9,0.91,2.72,17.0,19.7,4.86,38.9,0.65,33.3,1.16,59.3,23.9,0.43,2.83,1.38,29.3,1.23,0.25,0.51,1.23,0.25,21.9,0.91,1.12,0.98,0.43,1.67,0.69,0.0,2.64,2.64,0.04,0.0,0.43,0.14,0.04,0.0,0.51,0.51,0.04,0.0,0.43,0.14,0.04,0.0,0.04,3.33,2.39,1.05,0.69,0.43,0.51,0.11,0.04,0.0,3.15,1.7,43.9,,,,,,,,,,,,,,,,,,,,,,,,,,,,
Adalberto Carrasquilla,pa PAN,"FW,MF",Houston Dynamo,24,1998,25,22,2030,22.6,0.13,0.22,0.35,0.13,0.0,0.0,0.4,0.0,0.13,0.13,0.16,0.29,2.7,7.08,4.87,0.13,0.22,0.35,0.13,0.35,0.13,0.16,0.29,0.13,0.29,Matches,2023,22.6,34.2,17.1,12.1,3.76,45.4,20.6,15.4,6.64,75.4,83.0,78.5,56.7,577.8,185.4,34.2,17.1,12.1,3.76,45.4,20.6,15.4,6.64,75.4,83.0,78.5,56.7,34.2,17.1,12.1,3.76,45.4,20.6,15.4,6.64,75.4,83.0,78.5,56.7,34.2,17.1,12.1,3.76,45.4,20.6,15.4,6.64,75.4,83.0,78.5,56.7,0.22,0.18,0.06,1.59,5.09,2.57,0.58,0.13,1.55,0.44,28.6,1.55,0.44,0.09,0.3,18.9,0.0,0.0,0.0,0.08,0.0,0.0,55.5,0.62,6.06,28.5,21.6,2.35,55.5,2.12,52.2,1.68,41.3,38.3,0.44,2.17,1.46,44.1,0.49,0.18,0.31,0.49,0.18,14.3,1.06,0.84,0.75,0.4,0.88,0.58,0.0,3.67,3.66,0.53,0.04,0.22,0.04,0.0,0.0,0.62,0.62,0.53,0.04,0.22,0.04,0.0,0.0,0.0,1.9,1.73,0.0,2.21,0.4,0.31,0.04,0.0,0.0,4.6,0.4,34.6,,,,,,,,,,,,,,,,,,,,,,,,,,,,
Wilder Cartagena,pe PER,MF,Orlando City,28,1994,24,23,1902,21.1,0.05,0.05,0.09,0.05,0.0,0.0,0.38,0.05,0.03,0.03,0.07,0.1,0.38,5.69,0.71,0.05,0.05,0.09,0.05,0.09,0.03,0.07,0.1,0.03,0.1,Matches,2023,21.1,43.9,20.6,18.1,4.17,49.8,22.6,19.7,5.55,88.2,91.2,91.8,75.2,758.6,230.0,43.9,20.6,18.1,4.17,49.8,22.6,19.7,5.55,88.2,91.2,91.8,75.2,43.9,20.6,18.1,4.17,49.8,22.6,19.7,5.55,88.2,91.2,91.8,75.2,43.9,20.6,18.1,4.17,49.8,22.6,19.7,5.55,88.2,91.2,91.8,75.2,0.05,0.07,-0.02,0.71,5.69,0.62,0.0,0.05,0.52,0.19,36.4,0.52,0.19,0.09,0.25,22.6,0.0,0.0,0.0,0.06,0.01,0.01,58.6,1.71,12.1,39.3,7.77,0.24,58.6,0.57,57.1,0.38,38.1,33.9,0.0,0.71,1.0,41.1,2.7,1.14,1.42,2.7,1.14,41.4,1.61,1.47,1.14,0.52,3.22,1.18,0.0,1.52,1.51,0.05,0.0,0.05,0.0,0.05,0.0,0.19,0.19,0.05,0.0,0.05,0.0,0.05,0.0,0.0,2.61,1.75,0.0,0.24,0.52,1.42,0.0,0.0,0.0,6.21,1.04,51.2,,,,,,,,,,,,,,,,,,,,,,,,,,,,
Javier Casas,us USA,MF,Chicago Fire,19,2003,3,0,55,0.6,0.0,0.0,0.0,0.0,0.0,0.0,0.0,0.0,0.0,0.0,0.0,0.0,5.0,6.67,5.0,0.0,0.0,0.0,0.0,0.0,0.04,0.0,0.04,0.04,0.04,Matches,2023,0.6,31.7,25.0,5.0,1.67,40.0,25.0,6.67,8.33,79.2,100.0,75.0,20.0,413.3,198.3,31.7,25.0,5.0,1.67,40.0,25.0,6.67,8.33,79.2,100.0,75.0,20.0,31.7,25.0,5.0,1.67,40.0,25.0,6.67,8.33,79.2,100.0,75.0,20.0,31.7,25.0,5.0,1.67,40.0,25.0,6.67,8.33,79.2,100.0,75.0,20.0,0.0,0.0,0.0,0.0,1.67,1.67,0.0,0.0,1.67,0.0,0.0,1.64,0.0,0.0,,28.6,0.0,0.0,0.0,0.03,0.0,0.0,56.7,0.0,11.7,30.0,15.0,0.0,56.7,1.67,33.3,3.33,66.7,31.7,0.0,5.0,5.0,33.3,1.67,0.0,1.67,1.67,0.0,,0.0,0.0,0.0,1.67,3.33,1.67,0.0,3.33,3.27,0.0,0.0,0.0,0.0,0.0,0.0,1.67,1.64,0.0,0.0,0.0,0.0,0.0,0.0,0.0,0.0,0.0,0.0,1.67,1.67,1.67,0.0,0.0,0.0,10.0,1.67,50.0,,,,,,,,,,,,,,,,,,,,,,,,,,,,
Julio Cascante,cr CRC,DF,Austin,29,1993,24,24,2063,22.9,0.09,0.09,0.17,0.09,0.0,0.0,0.22,0.0,0.08,0.08,0.03,0.11,0.39,3.76,0.09,0.09,0.09,0.17,0.09,0.17,0.08,0.03,0.11,0.08,0.11,Matches,2023,22.9,56.6,19.1,30.5,6.59,64.6,20.5,33.0,9.87,87.7,93.2,92.3,66.8,1110.6,454.9,56.6,19.1,30.5,6.59,64.6,20.5,33.0,9.87,87.7,93.2,92.3,66.8,56.6,19.1,30.5,6.59,64.6,20.5,33.0,9.87,87.7,93.2,92.3,66.8,56.6,19.1,30.5,6.59,64.6,20.5,33.0,9.87,87.7,93.2,92.3,66.8,0.09,0.06,0.06,0.26,3.71,0.09,0.0,0.09,1.14,0.31,26.9,1.13,0.31,0.08,0.29,9.4,0.0,0.0,0.0,0.07,0.01,0.01,73.6,10.3,41.1,30.6,2.45,1.88,73.6,0.31,70.0,0.09,20.0,50.4,0.0,0.26,0.17,56.1,0.87,0.66,0.61,0.87,0.66,55.6,0.52,0.79,0.17,0.87,1.75,4.1,0.04,1.27,1.27,0.0,0.0,0.04,0.0,0.0,0.0,0.31,0.31,0.0,0.0,0.04,0.0,0.0,0.0,0.0,1.0,1.0,0.0,0.0,0.87,0.61,0.0,0.04,0.0,3.54,3.23,58.3,,,,,,,,,,,,,,,,,,,,,,,,,,,,
Cristian Cásseres Jr.,ve VEN,MF,NY Red Bulls,23,2000,17,16,1440,16.0,0.06,0.06,0.13,0.06,0.0,0.0,0.44,0.0,0.07,0.07,0.22,0.29,1.69,7.63,2.5,0.06,0.06,0.12,0.06,0.12,0.08,0.22,0.29,0.08,0.29,Matches,2023,16.0,35.8,16.9,13.6,4.06,48.9,19.3,18.1,8.13,73.3,87.7,74.8,50.0,616.9,263.2,35.8,16.9,13.6,4.06,48.9,19.3,18.1,8.13,73.3,87.7,74.8,50.0,35.8,16.9,13.6,4.06,48.9,19.3,18.1,8.13,73.3,87.7,74.8,50.0,35.8,16.9,13.6,4.06,48.9,19.3,18.1,8.13,73.3,87.7,74.8,50.0,0.06,0.24,-0.16,2.13,6.13,1.31,0.25,0.06,1.5,0.63,41.7,1.5,0.62,0.04,0.1,23.3,0.38,0.0,0.0,0.05,-0.01,-0.01,61.8,1.0,8.69,34.6,19.4,0.94,61.8,1.44,47.9,1.13,37.5,30.4,0.25,1.38,1.56,33.4,2.56,0.94,1.5,2.56,0.94,37.5,1.56,1.19,1.06,1.19,3.75,0.75,0.0,4.06,4.06,0.13,0.06,0.5,0.0,0.06,0.0,0.19,0.19,0.13,0.06,0.5,0.0,0.06,0.0,0.0,1.81,1.94,0.44,5.0,1.19,1.5,0.0,0.0,0.0,7.63,1.38,50.0,,,,,,,,,,,,,,,,,,,,,,,,,,,,
Robert Castellanos,us USA,DF,Sporting KC,24,1998,12,7,701,7.8,0.13,0.0,0.13,0.13,0.0,0.0,0.13,0.13,0.04,0.04,0.0,0.04,0.0,1.92,0.13,0.13,0.0,0.13,0.13,0.13,0.04,0.0,0.04,0.04,0.04,Matches,2023,7.8,47.1,8.72,29.7,8.33,56.8,9.74,32.9,12.6,82.8,89.5,90.3,66.3,1062.7,300.1,47.1,8.72,29.7,8.33,56.8,9.74,32.9,12.6,82.8,89.5,90.3,66.3,47.1,8.72,29.7,8.33,56.8,9.74,32.9,12.6,82.8,89.5,90.3,66.3,47.1,8.72,29.7,8.33,56.8,9.74,32.9,12.6,82.8,89.5,90.3,66.3,0.0,0.0,0.0,0.13,1.41,0.0,0.0,0.13,0.38,0.13,33.3,0.39,0.13,0.33,1.0,9.3,0.0,0.0,0.0,0.1,0.09,0.09,67.7,8.72,39.5,26.8,1.41,1.03,67.7,0.13,50.0,0.13,50.0,43.3,0.0,0.38,0.38,44.6,0.9,0.64,0.9,0.9,0.64,62.5,0.38,1.28,0.13,1.15,2.05,5.77,0.0,0.38,0.39,0.0,0.0,0.0,0.0,0.0,0.0,0.0,0.0,0.0,0.0,0.0,0.0,0.0,0.0,0.0,1.03,0.38,0.0,0.0,1.15,0.9,0.0,0.13,0.0,4.23,4.23,70.2,,,,,,,,,,,,,,,,,,,,,,,,,,,,
Roman Celentano,us USA,GK,FC Cincinnati,22,2000,33,33,2970,33.0,0.0,0.0,0.0,0.0,0.0,0.0,0.09,0.0,0.0,0.0,0.0,0.0,0.0,0.0,0.0,0.0,0.0,0.0,0.0,0.0,0.0,0.0,0.0,0.0,0.0,Matches,2023,33.0,17.2,3.94,6.79,6.06,24.8,3.97,6.85,13.6,69.0,99.2,99.1,44.5,487.2,375.8,17.2,3.94,6.79,6.06,24.8,3.97,6.85,13.6,69.0,99.2,99.1,44.5,17.2,3.94,6.79,6.06,24.8,3.97,6.85,13.6,69.0,99.2,99.1,44.5,17.2,3.94,6.79,6.06,24.8,3.97,6.85,13.6,69.0,99.2,99.1,44.5,0.0,0.0,0.0,0.0,0.33,0.0,0.0,0.0,0.0,0.0,,0.0,0.0,,,,0.0,0.0,0.0,,0.0,0.0,27.1,24.3,27.0,0.06,0.0,0.0,27.1,0.0,,0.0,,11.9,0.0,0.03,0.0,7.97,0.0,0.0,0.0,0.0,0.0,,0.0,0.0,0.0,0.0,0.0,0.48,0.09,0.15,0.15,0.0,0.0,0.0,0.0,0.0,0.0,0.0,0.0,0.0,0.0,0.0,0.0,0.0,0.0,0.0,0.03,0.15,0.0,0.0,0.0,0.0,0.0,0.03,0.03,0.73,0.27,100.0,1.12,0.15,0.06,0.06,1.07,0.26,0.01,0.01,16.9,4.15,41.9,50.4,35.8,38.8,12.1,41.9,50.4,35.8,38.8,12.1,13.5,0.64,4.7,0.61,0.61,35.8,38.8,12.1
Edwin Cerrillo,us USA,MF,FC Dallas,22,2000,19,15,1363,15.1,0.0,0.0,0.0,0.0,0.0,0.0,0.4,0.0,0.04,0.04,0.02,0.06,0.79,5.43,0.99,0.0,0.0,0.0,0.0,0.0,0.04,0.02,0.06,0.04,0.06,Matches,2023,15.1,51.7,26.3,20.6,3.38,59.6,28.4,22.7,5.43,86.7,92.5,90.7,62.2,836.3,234.2,51.7,26.3,20.6,3.38,59.6,28.4,22.7,5.43,86.7,92.5,90.7,62.2,51.7,26.3,20.6,3.38,59.6,28.4,22.7,5.43,86.7,92.5,90.7,62.2,51.7,26.3,20.6,3.38,59.6,28.4,22.7,5.43,86.7,92.5,90.7,62.2,0.0,0.03,-0.02,0.53,4.3,0.33,0.07,0.0,0.79,0.07,8.3,0.79,0.07,0.0,0.0,25.6,0.0,0.0,0.0,0.05,-0.04,-0.04,68.5,3.18,17.5,41.8,9.93,0.2,68.5,0.46,58.3,0.26,33.3,39.2,0.07,1.39,0.79,50.5,1.59,0.79,0.99,1.59,0.79,34.3,1.52,1.52,1.13,0.93,2.52,0.99,0.0,1.26,1.25,0.0,0.0,0.13,0.07,0.13,0.0,0.26,0.26,0.0,0.0,0.13,0.07,0.13,0.0,0.0,1.19,0.53,0.0,0.26,0.93,0.99,0.0,0.0,0.0,8.08,0.13,16.7,,,,,,,,,,,,,,,,,,,,,,,,,,,,
Edwin Cerrillo,us USA,MF,LA Galaxy,22,2000,11,9,807,9.0,0.0,0.11,0.11,0.0,0.0,0.0,0.33,0.0,0.02,0.02,0.03,0.06,0.67,6.11,1.11,0.0,0.11,0.11,0.0,0.11,0.02,0.03,0.05,0.02,0.05,Matches,2023,9.0,60.1,29.1,26.1,3.22,64.8,30.7,27.6,4.0,92.8,94.9,94.8,80.6,979.4,303.6,60.1,29.1,26.1,3.22,64.8,30.7,27.6,4.0,92.8,94.9,94.8,80.6,60.1,29.1,26.1,3.22,64.8,30.7,27.6,4.0,92.8,94.9,94.8,80.6,60.1,29.1,26.1,3.22,64.8,30.7,27.6,4.0,92.8,94.9,94.8,80.6,0.11,0.03,0.08,0.78,6.33,0.0,0.0,0.0,0.56,0.22,40.0,0.56,0.22,0.0,0.0,21.7,0.0,0.0,0.0,0.04,-0.02,-0.02,72.4,2.56,17.2,47.7,8.22,0.56,72.4,0.78,63.6,0.33,27.3,46.0,0.11,1.33,0.33,57.2,1.11,0.89,1.0,1.11,0.89,53.3,0.78,0.89,0.78,0.67,1.78,0.67,0.11,1.89,1.9,0.0,0.0,0.0,0.0,0.0,0.0,0.11,0.11,0.0,0.0,0.0,0.0,0.0,0.0,0.0,1.11,0.78,0.0,0.33,0.67,1.0,0.0,0.0,0.0,7.33,0.22,25.0,,,,,,,,,,,,,,,,,,,,,,,,,,,,
Tomás Chancalay,ar ARG,"FW,MF",NE Revolution,24,1999,11,10,859,9.5,0.63,0.0,0.63,0.63,0.0,0.0,0.21,0.0,0.25,0.25,0.09,0.35,3.79,2.74,7.68,0.63,0.0,0.63,0.63,0.63,0.25,0.1,0.35,0.25,0.35,Matches,2023,9.5,27.4,12.1,11.9,2.63,36.0,14.5,13.6,5.68,76.0,83.3,87.6,46.3,480.4,72.2,27.4,12.1,11.9,2.63,36.0,14.5,13.6,5.68,76.0,83.3,87.6,46.3,27.4,12.1,11.9,2.63,36.0,14.5,13.6,5.68,76.0,83.3,87.6,46.3,27.4,12.1,11.9,2.63,36.0,14.5,13.6,5.68,76.0,83.3,87.6,46.3,0.0,0.16,-0.09,0.53,1.47,0.63,0.21,0.63,4.32,1.26,29.3,4.3,1.26,0.15,0.5,21.9,0.11,0.0,0.0,0.06,0.38,0.38,50.7,0.84,4.63,24.4,22.6,3.16,50.7,2.74,61.9,1.16,26.2,35.7,0.53,3.37,1.05,37.7,1.79,0.84,1.16,1.79,0.84,36.4,1.47,0.84,0.84,0.32,2.11,0.53,0.0,2.32,2.31,0.42,0.0,0.21,0.0,0.11,0.0,0.11,0.1,0.42,0.0,0.21,0.0,0.11,0.0,0.0,1.68,0.95,0.21,2.32,0.32,1.16,0.0,0.0,0.0,4.0,0.32,27.3,,,,,,,,,,,,,,,,,,,,,,,,,,,,
Maikel Chang,cu CUB,"MF,FW",Real Salt Lake,31,1991,22,12,1015,11.3,0.0,0.35,0.35,0.0,0.0,0.0,0.09,0.0,0.06,0.06,0.22,0.28,3.1,3.19,11.0,0.0,0.35,0.35,0.0,0.35,0.06,0.22,0.28,0.06,0.28,Matches,2023,11.3,32.8,16.9,11.5,3.45,47.8,18.8,16.2,8.85,68.7,89.7,71.0,39.0,562.4,141.0,32.8,16.9,11.5,3.45,47.8,18.8,16.2,8.85,68.7,89.7,71.0,39.0,32.8,16.9,11.5,3.45,47.8,18.8,16.2,8.85,68.7,89.7,71.0,39.0,32.8,16.9,11.5,3.45,47.8,18.8,16.2,8.85,68.7,89.7,71.0,39.0,0.35,0.21,0.13,2.48,1.59,1.42,0.71,0.0,1.24,0.44,35.7,1.24,0.44,0.0,0.0,19.8,0.18,0.0,0.0,0.05,-0.06,-0.06,57.3,0.88,5.58,21.8,30.4,3.19,57.3,0.97,50.0,0.62,31.8,33.5,0.62,2.57,1.24,38.4,1.42,0.71,0.71,1.42,0.71,42.1,0.97,1.15,1.15,0.44,1.86,0.88,0.0,4.07,4.08,0.18,0.0,0.09,0.09,0.0,0.0,0.44,0.44,0.18,0.0,0.09,0.09,0.0,0.0,0.0,0.62,0.88,0.09,8.41,0.44,0.71,0.0,0.0,0.0,4.78,0.44,25.0,,,,,,,,,,,,,,,,,,,,,,,,,,,,
Maxime Chanot,lu LUX,DF,NYCFC,33,1989,19,19,1710,19.0,0.05,0.0,0.05,0.05,0.0,0.0,0.26,0.0,0.11,0.11,0.0,0.11,0.42,2.53,0.05,0.05,0.0,0.05,0.05,0.05,0.11,0.0,0.11,0.11,0.11,Matches,2023,19.0,55.6,13.2,34.1,8.11,63.4,15.1,35.7,11.8,87.7,87.5,95.3,68.8,1197.5,439.3,55.6,13.2,34.1,8.11,63.4,15.1,35.7,11.8,87.7,87.5,95.3,68.8,55.6,13.2,34.1,8.11,63.4,15.1,35.7,11.8,87.7,87.5,95.3,68.8,55.6,13.2,34.1,8.11,63.4,15.1,35.7,11.8,87.7,87.5,95.3,68.8,0.0,0.01,0.0,0.0,2.05,0.0,0.0,0.05,0.79,0.21,26.7,0.79,0.21,0.07,0.25,14.5,0.0,0.0,0.0,0.14,-0.06,-0.06,73.7,11.1,46.0,26.6,1.47,0.89,73.7,0.16,100.0,0.0,0.0,42.6,0.0,0.53,0.21,49.9,1.37,1.0,0.84,1.37,1.0,63.3,0.58,0.89,0.47,1.42,2.79,4.95,0.05,0.21,0.21,0.0,0.0,0.0,0.0,0.05,0.0,0.05,0.05,0.0,0.0,0.0,0.0,0.05,0.0,0.0,1.0,0.58,0.05,0.0,1.42,0.84,0.0,0.0,0.0,5.74,1.84,62.5,,,,,,,,,,,,,,,,,,,,,,,,,,,,
Diego Chará,co COL,MF,Portland Timbers,36,1986,29,28,2565,28.5,0.0,0.0,0.0,0.0,0.0,0.0,0.28,0.0,0.0,0.0,0.01,0.01,0.49,5.23,0.6,0.0,0.0,0.0,0.0,0.0,0.0,0.01,0.01,0.0,0.01,Matches,2023,28.5,38.6,16.6,16.4,4.74,44.2,18.4,17.8,6.14,87.3,90.3,92.3,77.1,701.3,248.8,38.6,16.6,16.4,4.74,44.2,18.4,17.8,6.14,87.3,90.3,92.3,77.1,38.6,16.6,16.4,4.74,44.2,18.4,17.8,6.14,87.3,90.3,92.3,77.1,38.6,16.6,16.4,4.74,44.2,18.4,17.8,6.14,87.3,90.3,92.3,77.1,0.0,0.04,-0.01,0.35,4.98,0.49,0.07,0.0,0.07,0.0,0.0,0.07,0.0,0.0,,29.5,0.0,0.0,0.0,0.02,0.0,0.0,51.7,2.91,13.7,32.5,6.07,0.11,51.7,0.25,38.9,0.32,50.0,26.0,0.07,0.77,0.35,31.0,2.28,0.91,1.4,2.28,0.91,44.8,1.12,0.84,0.53,1.05,3.33,1.12,0.04,1.65,1.65,0.04,0.0,0.0,0.0,0.04,0.0,0.21,0.21,0.04,0.0,0.0,0.0,0.04,0.0,0.0,1.44,1.3,0.0,0.25,1.05,1.4,0.0,0.0,0.04,7.16,0.53,50.0,,,,,,,,,,,,,,,,,,,,,,,,,,,,
Yimmi Chará,co COL,FW,Portland Timbers,31,1991,17,9,739,8.2,0.12,0.37,0.49,0.12,0.0,0.0,0.0,0.0,0.07,0.07,0.16,0.24,2.2,3.29,8.17,0.12,0.37,0.49,0.12,0.49,0.08,0.16,0.24,0.08,0.24,Matches,2023,8.2,29.0,18.4,7.2,1.46,36.8,20.5,8.78,2.56,78.8,89.9,81.9,57.1,405.4,109.5,29.0,18.4,7.2,1.46,36.8,20.5,8.78,2.56,78.8,89.9,81.9,57.1,29.0,18.4,7.2,1.46,36.8,20.5,8.78,2.56,78.8,89.9,81.9,57.1,29.0,18.4,7.2,1.46,36.8,20.5,8.78,2.56,78.8,89.9,81.9,57.1,0.37,0.16,0.21,1.59,1.22,1.59,0.24,0.12,0.98,0.12,12.5,0.97,0.12,0.13,1.0,14.2,0.0,0.0,0.0,0.08,0.05,0.05,47.3,1.34,8.17,18.2,21.7,3.9,47.3,0.61,33.3,0.98,53.3,29.3,0.73,1.71,1.34,33.3,1.95,0.61,1.34,1.95,0.61,38.5,0.98,0.85,0.85,0.61,2.56,0.98,0.0,2.8,2.8,0.12,0.0,0.24,0.0,0.0,0.0,0.61,0.61,0.12,0.0,0.24,0.0,0.0,0.0,0.0,0.85,1.34,0.49,1.59,0.61,1.34,0.0,0.0,0.0,6.46,0.24,33.3,,,,,,,,,,,,,,,,,,,,,,,,,,,,
Yevhen Cheberko,ua UKR,DF,Columbus Crew,25,1998,6,2,197,2.2,0.0,0.0,0.0,0.0,0.0,0.0,0.45,0.0,0.0,0.0,0.0,0.0,0.45,5.0,0.0,0.0,0.0,0.0,0.0,0.0,0.0,0.0,0.0,0.0,0.0,Matches,2023,2.2,53.6,27.3,20.9,5.0,58.2,28.2,21.8,6.82,92.2,96.8,95.8,73.3,901.8,374.1,53.6,27.3,20.9,5.0,58.2,28.2,21.8,6.82,92.2,96.8,95.8,73.3,53.6,27.3,20.9,5.0,58.2,28.2,21.8,6.82,92.2,96.8,95.8,73.3,53.6,27.3,20.9,5.0,58.2,28.2,21.8,6.82,92.2,96.8,95.8,73.3,0.0,0.0,0.0,0.0,5.91,0.0,0.0,0.0,0.0,0.0,,0.0,0.0,,,,0.0,0.0,0.0,,0.0,0.0,70.0,7.27,31.4,36.4,2.27,0.45,70.0,1.36,75.0,0.0,0.0,42.3,0.0,1.82,0.45,45.0,1.82,0.45,1.36,1.82,0.45,33.3,0.91,0.0,0.0,0.91,2.73,5.45,0.45,0.0,0.0,0.0,0.0,0.0,0.0,0.0,0.0,0.0,0.0,0.0,0.0,0.0,0.0,0.0,0.0,0.0,2.27,0.91,0.0,0.0,0.91,1.36,0.0,0.0,0.0,8.18,0.45,25.0,,,,,,,,,,,,,,,,,,,,,,,,,,,,
Giorgio Chiellini,it ITA,DF,LAFC,38,1984,20,17,1364,15.2,0.07,0.0,0.07,0.07,0.0,0.0,0.13,0.0,0.06,0.06,0.06,0.11,0.72,6.05,0.13,0.07,0.0,0.07,0.07,0.07,0.06,0.06,0.12,0.06,0.12,Matches,2023,15.2,55.1,13.6,33.1,8.42,66.4,15.1,37.4,13.0,82.9,90.0,88.6,64.6,1184.1,408.9,55.1,13.6,33.1,8.42,66.4,15.1,37.4,13.0,82.9,90.0,88.6,64.6,55.1,13.6,33.1,8.42,66.4,15.1,37.4,13.0,82.9,90.0,88.6,64.6,55.1,13.6,33.1,8.42,66.4,15.1,37.4,13.0,82.9,90.0,88.6,64.6,0.0,0.05,-0.06,0.66,6.12,0.46,0.07,0.07,0.53,0.13,25.0,0.53,0.13,0.13,0.5,8.9,0.0,0.0,0.0,0.11,0.01,0.01,75.5,6.38,31.8,41.2,2.96,0.86,75.5,0.2,100.0,0.0,0.0,45.5,0.0,0.26,0.13,50.9,1.18,0.53,0.72,1.18,0.53,50.0,0.53,0.59,0.2,1.91,3.09,3.82,0.0,1.91,1.91,0.0,0.0,0.13,0.0,0.0,0.0,0.2,0.2,0.0,0.0,0.13,0.0,0.0,0.0,0.0,0.72,0.72,0.07,0.13,1.91,0.72,0.0,0.0,0.07,6.64,2.3,59.3,,,,,,,,,,,,,,,,,,,,,,,,,,,,
Mathieu Choiniere,ca CAN,"MF,DF",CF Montréal,23,1999,28,27,2432,27.0,0.19,0.07,0.26,0.15,0.04,0.04,0.15,0.0,0.12,0.09,0.18,0.27,2.26,4.78,5.07,0.19,0.07,0.26,0.15,0.22,0.12,0.18,0.3,0.09,0.27,Matches,2023,27.0,32.9,17.4,12.4,2.48,43.6,20.1,15.9,5.48,75.4,86.6,77.9,45.3,534.6,172.0,32.9,17.4,12.4,2.48,43.6,20.1,15.9,5.48,75.4,86.6,77.9,45.3,32.9,17.4,12.4,2.48,43.6,20.1,15.9,5.48,75.4,86.6,77.9,45.3,32.9,17.4,12.4,2.48,43.6,20.1,15.9,5.48,75.4,86.6,77.9,45.3,0.07,0.18,-0.1,1.74,2.78,1.3,0.26,0.19,1.41,0.59,42.1,1.41,0.59,0.11,0.25,20.1,0.0,0.04,0.04,0.06,0.06,0.06,54.9,1.59,10.3,24.8,20.4,2.04,54.9,0.78,45.7,0.81,47.8,29.3,0.37,1.59,0.81,34.0,2.22,0.85,1.41,2.22,0.85,42.6,1.15,1.41,1.07,0.96,3.19,1.19,0.0,3.3,3.29,0.07,0.0,0.11,0.0,0.07,0.0,0.37,0.37,0.07,0.0,0.11,0.0,0.07,0.0,0.0,1.33,1.67,0.07,4.41,0.96,1.41,0.0,0.0,0.0,5.52,0.44,32.4,,,,,,,,,,,,,,,,,,,,,,,,,,,,
Léo Chú,br BRA,FW,Seattle Sounders,22,2000,32,26,2049,22.8,0.22,0.31,0.53,0.22,0.0,0.0,0.31,0.04,0.21,0.21,0.25,0.46,4.47,2.41,12.6,0.22,0.31,0.53,0.22,0.53,0.21,0.25,0.46,0.21,0.46,Matches,2023,22.8,20.4,13.0,6.1,0.75,30.3,16.4,9.12,1.71,67.5,79.2,66.8,43.6,288.1,80.1,20.4,13.0,6.1,0.75,30.3,16.4,9.12,1.71,67.5,79.2,66.8,43.6,20.4,13.0,6.1,0.75,30.3,16.4,9.12,1.71,67.5,79.2,66.8,43.6,20.4,13.0,6.1,0.75,30.3,16.4,9.12,1.71,67.5,79.2,66.8,43.6,0.31,0.26,0.06,1.62,0.88,2.06,0.61,0.22,1.84,0.7,38.1,1.84,0.7,0.12,0.31,17.6,0.0,0.0,0.0,0.11,0.01,0.01,41.1,0.18,3.16,14.1,24.6,5.04,41.1,1.45,36.7,2.06,52.2,29.1,2.19,2.24,0.96,31.8,1.45,0.26,0.88,1.45,0.26,20.0,1.05,0.44,0.44,0.48,1.93,0.26,0.0,3.2,3.21,0.44,0.0,0.13,0.0,0.04,0.0,0.44,0.44,0.44,0.0,0.13,0.0,0.04,0.0,0.04,1.62,1.05,0.31,3.95,0.48,0.88,0.0,0.0,0.0,3.95,0.31,33.3,,,,,,,,,,,,,,,,,,,,,,,,,,,,
José Cifuentes,ec ECU,MF,LAFC,23,1999,19,13,1362,15.1,0.07,0.2,0.26,0.07,0.0,0.0,0.26,0.0,0.13,0.13,0.2,0.32,3.05,8.74,4.17,0.07,0.2,0.26,0.07,0.26,0.12,0.2,0.32,0.12,0.32,Matches,2023,15.1,38.5,19.1,14.3,3.71,51.5,22.7,18.1,6.23,74.8,84.0,78.8,59.6,643.0,242.5,38.5,19.1,14.3,3.71,51.5,22.7,18.1,6.23,74.8,84.0,78.8,59.6,38.5,19.1,14.3,3.71,51.5,22.7,18.1,6.23,74.8,84.0,78.8,59.6,38.5,19.1,14.3,3.71,51.5,22.7,18.1,6.23,74.8,84.0,78.8,59.6,0.2,0.15,0.0,2.12,6.36,1.99,0.26,0.07,1.92,0.26,13.8,1.92,0.26,0.03,0.25,20.5,0.2,0.0,0.0,0.06,-0.06,-0.06,63.6,0.86,7.68,33.2,23.8,2.19,63.6,1.72,59.1,1.13,38.6,41.5,0.33,2.38,1.52,48.7,1.79,0.73,1.46,1.79,0.73,28.9,1.79,0.99,0.86,0.73,2.52,0.73,0.0,4.44,4.43,0.07,0.0,0.2,0.07,0.0,0.0,0.4,0.4,0.07,0.0,0.2,0.07,0.0,0.0,0.0,1.66,0.66,0.0,1.72,0.73,1.46,0.07,0.0,0.0,5.7,1.26,52.8,,,,,,,,,,,,,,,,,,,,,,,,,,,,
Cam Cilley,us USA,"FW,MF",SJ Earthquakes,22,2000,2,0,2,0.0,0.0,0.0,0.0,0.0,0.0,0.0,0.0,0.0,0.0,0.0,0.0,0.0,0.0,2.0,0.0,0.0,0.0,0.0,0.0,0.0,0.0,0.0,0.0,0.0,0.0,Matches,2023,0.0,2.0,1.0,1.0,0.0,5.0,2.0,1.0,1.0,40.0,50.0,100.0,0.0,33.0,31.0,2.0,1.0,1.0,0.0,5.0,2.0,1.0,1.0,40.0,50.0,100.0,0.0,2.0,1.0,1.0,0.0,5.0,2.0,1.0,1.0,40.0,50.0,100.0,0.0,2.0,1.0,1.0,0.0,5.0,2.0,1.0,1.0,40.0,50.0,100.0,0.0,0.0,0.0,0.0,0.0,0.0,0.0,0.0,0.0,0.0,0.0,,0.0,0.0,,,,0.0,0.0,0.0,,0.0,0.0,5.0,1.0,2.0,1.0,2.0,0.0,5.0,0.0,,0.0,,1.0,0.0,0.0,0.0,0.0,0.0,0.0,0.0,0.0,0.0,,0.0,0.0,0.0,0.0,0.0,0.0,0.0,1.0,45.0,0.0,0.0,0.0,0.0,0.0,0.0,0.0,0.0,0.0,0.0,0.0,0.0,0.0,0.0,0.0,0.0,0.0,0.0,0.0,0.0,0.0,0.0,0.0,0.0,2.0,0.0,,,,,,,,,,,,,,,,,,,,,,,,,,,,,
Abdoulaye Cissoko,fr FRA,DF,Seattle Sounders,23,1999,2,1,91,1.0,0.0,0.0,0.0,0.0,0.0,0.0,1.0,0.0,0.0,0.0,0.0,0.0,0.0,2.0,0.0,0.0,0.0,0.0,0.0,0.0,0.0,0.0,0.0,0.0,0.0,Matches,2023,1.0,70.0,21.0,40.0,8.0,76.0,22.0,42.0,11.0,92.1,95.5,95.2,72.7,1388.0,551.0,70.0,21.0,40.0,8.0,76.0,22.0,42.0,11.0,92.1,95.5,95.2,72.7,70.0,21.0,40.0,8.0,76.0,22.0,42.0,11.0,92.1,95.5,95.2,72.7,70.0,21.0,40.0,8.0,76.0,22.0,42.0,11.0,92.1,95.5,95.2,72.7,0.0,0.0,0.0,0.0,0.0,0.0,0.0,0.0,0.0,0.0,,0.0,0.0,,,,0.0,0.0,0.0,,0.0,0.0,80.0,4.0,32.0,47.0,1.0,1.0,80.0,0.0,,0.0,,41.0,0.0,1.0,0.0,63.0,1.0,0.0,0.0,1.0,0.0,,0.0,0.0,0.0,0.0,1.0,1.0,0.0,0.0,0.0,0.0,0.0,0.0,0.0,0.0,0.0,0.0,0.0,0.0,0.0,0.0,0.0,0.0,0.0,0.0,2.0,1.0,0.0,0.0,0.0,0.0,0.0,0.0,0.0,3.0,0.0,,,,,,,,,,,,,,,,,,,,,,,,,,,,,
Steve Clark,us USA,GK,Houston Dynamo,36,1986,33,33,2970,33.0,0.0,0.03,0.03,0.0,0.0,0.0,0.12,0.0,0.0,0.0,0.0,0.0,0.0,0.0,0.0,0.0,0.03,0.03,0.0,0.03,0.0,0.0,0.0,0.0,0.0,Matches,2023,33.0,26.8,7.0,13.1,6.48,33.5,7.0,13.2,12.8,80.3,100.0,99.1,50.6,640.9,440.9,26.8,7.0,13.1,6.48,33.5,7.0,13.2,12.8,80.3,100.0,99.1,50.6,26.8,7.0,13.1,6.48,33.5,7.0,13.2,12.8,80.3,100.0,99.1,50.6,26.8,7.0,13.1,6.48,33.5,7.0,13.2,12.8,80.3,100.0,99.1,50.6,0.03,0.0,0.03,0.03,0.24,0.0,0.0,0.0,0.0,0.0,,0.0,0.0,,,,0.0,0.0,0.0,,0.0,0.0,35.2,31.3,35.1,0.03,0.0,0.0,35.2,0.06,100.0,0.0,0.0,22.0,0.0,0.0,0.0,17.0,0.03,0.03,0.0,0.03,0.03,100.0,0.0,0.0,0.0,0.0,0.03,0.3,0.0,0.18,0.18,0.0,0.0,0.03,0.0,0.0,0.0,0.09,0.09,0.0,0.0,0.03,0.0,0.0,0.0,0.0,0.0,0.27,0.0,0.0,0.0,0.0,0.0,0.0,0.0,1.03,0.18,100.0,1.15,0.18,0.09,0.03,1.15,0.29,0.02,0.03,26.6,5.48,23.6,39.2,28.4,35.5,13.1,23.6,39.2,28.4,35.5,13.1,15.0,0.73,4.8,0.82,0.82,28.4,35.5,13.1
Stefan Cleveland,us USA,GK,Seattle Sounders,28,1994,2,2,180,2.0,0.0,0.0,0.0,0.0,0.0,0.0,0.0,0.0,0.0,0.0,0.0,0.0,0.0,0.0,0.0,0.0,0.0,0.0,0.0,0.0,0.0,0.0,0.0,0.0,0.0,Matches,2023,2.0,20.5,5.0,11.5,4.0,23.5,5.0,11.5,6.5,87.2,100.0,100.0,61.5,514.5,399.0,20.5,5.0,11.5,4.0,23.5,5.0,11.5,6.5,87.2,100.0,100.0,61.5,20.5,5.0,11.5,4.0,23.5,5.0,11.5,6.5,87.2,100.0,100.0,61.5,20.5,5.0,11.5,4.0,23.5,5.0,11.5,6.5,87.2,100.0,100.0,61.5,0.0,0.0,0.0,0.0,0.5,0.0,0.0,0.0,0.0,0.0,,0.0,0.0,,,,0.0,0.0,0.0,,0.0,0.0,25.0,22.5,25.0,0.0,0.0,0.0,25.0,0.0,,0.0,,9.0,0.0,0.0,0.0,7.5,0.0,0.0,0.0,0.0,0.0,,0.0,0.0,0.0,0.0,0.0,0.0,0.0,0.0,0.0,0.0,0.0,0.0,0.0,0.0,0.0,0.0,0.0,0.0,0.0,0.0,0.0,0.0,0.0,0.0,0.0,0.0,0.0,0.0,0.0,0.0,0.0,0.0,0.0,0.5,0.0,,2.0,0.5,0.5,0.0,1.8,0.32,-0.2,-0.22,14.0,4.0,17.9,11.1,26.5,30.2,3.8,17.9,11.1,26.5,30.2,3.8,14.5,0.5,3.4,0.0,0.0,26.5,30.2,3.8
Noah Cobb,us USA,DF,Atlanta Utd,17,2005,3,2,196,2.2,0.0,0.0,0.0,0.0,0.0,0.0,0.45,0.0,0.0,0.0,0.0,0.0,0.0,0.45,0.0,0.0,0.0,0.0,0.0,0.0,0.0,0.0,0.0,0.0,0.0,Matches,2023,2.2,58.2,14.5,36.4,6.36,67.3,15.9,38.2,11.4,86.5,91.4,95.2,56.0,1175.9,279.5,58.2,14.5,36.4,6.36,67.3,15.9,38.2,11.4,86.5,91.4,95.2,56.0,58.2,14.5,36.4,6.36,67.3,15.9,38.2,11.4,86.5,91.4,95.2,56.0,58.2,14.5,36.4,6.36,67.3,15.9,38.2,11.4,86.5,91.4,95.2,56.0,0.0,0.0,0.0,0.0,0.45,0.0,0.0,0.0,0.0,0.0,,0.0,0.0,,,,0.0,0.0,0.0,,0.0,0.0,74.5,6.82,40.5,34.1,0.45,0.0,74.5,0.0,,0.0,,44.1,0.0,0.91,0.0,52.7,0.91,0.45,0.45,0.91,0.45,50.0,0.45,0.91,0.45,0.0,0.91,4.09,0.0,0.0,0.0,0.0,0.0,0.0,0.0,0.0,0.0,0.0,0.0,0.0,0.0,0.0,0.0,0.0,0.0,0.0,0.45,0.45,0.0,0.0,0.0,0.45,0.0,0.0,0.0,7.73,0.91,100.0,,,,,,,,,,,,,,,,,,,,,,,,,,,,
Alonso Coello,es ESP,MF,Toronto FC,23,1999,21,13,1290,14.3,0.0,0.0,0.0,0.0,0.0,0.0,0.14,0.0,0.02,0.02,0.02,0.03,0.7,5.94,0.84,0.0,0.0,0.0,0.0,0.0,0.02,0.02,0.04,0.02,0.04,Matches,2023,14.3,61.3,27.1,26.4,6.5,70.6,28.9,29.6,9.09,86.7,93.7,89.1,71.5,1091.3,358.9,61.3,27.1,26.4,6.5,70.6,28.9,29.6,9.09,86.7,93.7,89.1,71.5,61.3,27.1,26.4,6.5,70.6,28.9,29.6,9.09,86.7,93.7,89.1,71.5,61.3,27.1,26.4,6.5,70.6,28.9,29.6,9.09,86.7,93.7,89.1,71.5,0.0,0.06,-0.02,0.63,8.25,0.84,0.14,0.0,0.42,0.07,16.7,0.42,0.07,0.0,0.0,22.6,0.07,0.0,0.0,0.05,-0.02,-0.02,81.2,2.45,24.0,49.1,9.37,0.42,81.2,1.19,70.8,0.49,29.2,50.4,0.21,1.05,0.91,60.2,4.13,2.03,2.8,4.13,2.03,50.9,1.96,1.05,0.98,1.26,5.38,0.98,0.0,1.75,1.74,0.14,0.0,0.0,0.0,0.0,0.0,0.14,0.14,0.14,0.0,0.0,0.0,0.0,0.0,0.0,0.7,0.63,0.0,1.05,1.26,2.8,0.0,0.07,0.0,7.97,0.63,40.9,,,,,,,,,,,,,,,,,,,,,,,,,,,,
Jackson Conway,us USA,FW,Atlanta Utd,21,2001,1,1,55,0.6,0.0,0.0,0.0,0.0,0.0,0.0,0.0,0.0,0.0,0.0,0.17,0.17,0.0,1.67,5.0,0.0,0.0,0.0,0.0,0.0,0.06,0.14,0.2,0.06,0.2,Matches,2023,0.6,13.3,11.7,1.67,0.0,16.7,13.3,1.67,0.0,80.0,87.5,100.0,,163.3,35.0,13.3,11.7,1.67,0.0,16.7,13.3,1.67,0.0,80.0,87.5,100.0,,13.3,11.7,1.67,0.0,16.7,13.3,1.67,0.0,80.0,87.5,100.0,,13.3,11.7,1.67,0.0,16.7,13.3,1.67,0.0,80.0,87.5,100.0,,0.0,0.0,-0.17,1.67,1.67,0.0,0.0,0.0,1.67,1.67,100.0,1.64,1.64,0.0,0.0,22.5,0.0,0.0,0.0,0.03,0.0,0.0,20.0,0.0,0.0,13.3,6.67,1.67,20.0,1.67,100.0,0.0,0.0,13.3,0.0,1.67,0.0,13.3,0.0,0.0,0.0,0.0,0.0,,0.0,0.0,0.0,0.0,0.0,0.0,0.0,3.33,3.27,1.67,0.0,0.0,0.0,0.0,0.0,0.0,0.0,1.67,0.0,0.0,0.0,0.0,0.0,0.0,3.33,0.0,0.0,0.0,0.0,0.0,0.0,0.0,0.0,5.0,0.0,0.0,,,,,,,,,,,,,,,,,,,,,,,,,,,,
Enzo Copetti,ar ARG,FW,Charlotte,27,1996,26,23,1982,22.0,0.27,0.05,0.32,0.23,0.05,0.05,0.32,0.0,0.27,0.23,0.07,0.3,0.95,1.45,6.91,0.27,0.05,0.32,0.23,0.27,0.27,0.07,0.34,0.23,0.3,Matches,2023,22.0,15.9,9.64,4.0,0.82,24.8,13.5,6.41,1.59,64.2,71.4,62.4,51.4,211.5,34.1,15.9,9.64,4.0,0.82,24.8,13.5,6.41,1.59,64.2,71.4,62.4,51.4,15.9,9.64,4.0,0.82,24.8,13.5,6.41,1.59,64.2,71.4,62.4,51.4,15.9,9.64,4.0,0.82,24.8,13.5,6.41,1.59,64.2,71.4,62.4,51.4,0.05,0.09,-0.03,0.95,0.91,0.5,0.05,0.27,1.59,0.64,40.0,1.59,0.64,0.14,0.36,11.9,0.0,0.05,0.05,0.15,0.0,-0.0,36.0,1.18,2.23,15.6,18.4,4.36,36.0,0.59,31.0,1.23,64.3,19.8,0.41,3.82,1.5,28.5,0.36,0.05,0.14,0.36,0.05,5.0,0.86,0.64,0.55,0.23,0.59,0.91,0.0,1.82,1.82,0.09,0.0,0.41,0.09,0.05,0.0,0.14,0.14,0.09,0.0,0.41,0.09,0.05,0.0,0.0,2.05,1.59,0.55,0.64,0.23,0.14,0.09,0.0,0.0,1.77,2.77,45.9,,,,,,,,,,,,,,,,,,,,,,,,,,,,
Gabriele Corbo,it ITA,DF,CF Montréal,23,2000,28,25,2285,25.4,0.0,0.04,0.04,0.0,0.0,0.0,0.24,0.0,0.02,0.02,0.02,0.05,0.55,4.49,0.91,0.0,0.04,0.04,0.0,0.04,0.02,0.02,0.05,0.02,0.05,Matches,2023,25.4,41.2,13.7,20.8,6.5,50.4,15.5,23.9,10.1,81.7,88.1,87.0,64.5,870.0,348.7,41.2,13.7,20.8,6.5,50.4,15.5,23.9,10.1,81.7,88.1,87.0,64.5,41.2,13.7,20.8,6.5,50.4,15.5,23.9,10.1,81.7,88.1,87.0,64.5,41.2,13.7,20.8,6.5,50.4,15.5,23.9,10.1,81.7,88.1,87.0,64.5,0.04,0.02,0.02,0.31,4.29,0.16,0.04,0.0,0.67,0.12,17.6,0.67,0.12,0.0,0.0,29.0,0.04,0.0,0.0,0.03,-0.02,-0.02,58.8,5.47,26.5,29.3,3.58,0.2,58.8,0.08,28.6,0.2,71.4,31.7,0.0,0.43,0.08,36.7,1.22,0.91,0.71,1.22,0.91,46.9,1.02,1.02,0.43,1.26,2.48,3.39,0.08,0.98,0.98,0.0,0.0,0.0,0.0,0.0,0.0,0.08,0.08,0.0,0.0,0.0,0.0,0.0,0.0,0.0,1.02,0.47,0.0,0.39,1.26,0.71,0.0,0.04,0.04,5.71,1.06,52.9,,,,,,,,,,,,,,,,,,,,,,,,,,,,
Sergio Córdova,ve VEN,"FW,MF",Vancouver W'caps,25,1997,19,9,842,9.4,0.21,0.0,0.21,0.21,0.0,0.0,0.21,0.0,0.3,0.3,0.13,0.43,2.34,1.81,6.17,0.21,0.0,0.21,0.21,0.21,0.3,0.12,0.43,0.3,0.43,Matches,2023,9.4,13.6,7.87,4.04,0.43,18.9,9.89,5.53,1.28,71.9,79.6,73.1,33.3,184.5,46.0,13.6,7.87,4.04,0.43,18.9,9.89,5.53,1.28,71.9,79.6,73.1,33.3,13.6,7.87,4.04,0.43,18.9,9.89,5.53,1.28,71.9,79.6,73.1,33.3,13.6,7.87,4.04,0.43,18.9,9.89,5.53,1.28,71.9,79.6,73.1,33.3,0.0,0.04,-0.13,0.74,0.96,0.53,0.11,0.21,2.02,0.85,42.1,2.03,0.86,0.11,0.25,16.4,0.0,0.0,0.0,0.15,-0.09,-0.09,30.7,1.28,3.51,11.7,16.1,4.57,30.7,1.81,48.6,1.6,42.9,18.1,1.06,2.45,0.43,21.1,1.38,0.43,1.17,1.38,0.43,57.1,0.32,0.64,0.53,0.11,1.49,1.17,0.0,2.98,3.0,0.85,0.21,0.53,0.11,0.0,0.0,0.53,0.54,0.85,0.21,0.53,0.11,0.0,0.0,0.0,1.7,2.55,1.38,0.96,0.11,1.17,0.11,0.0,0.0,3.3,2.13,38.5,,,,,,,,,,,,,,,,,,,,,,,,,,,,
Carlos Coronel,py PAR,GK,NY Red Bulls,26,1996,34,34,3060,34.0,0.0,0.0,0.0,0.0,0.0,0.0,0.12,0.0,0.0,0.0,0.0,0.0,0.0,0.03,0.0,0.0,0.0,0.0,0.0,0.0,0.0,0.0,0.0,0.0,0.0,Matches,2023,34.0,15.1,1.74,5.82,7.53,29.9,1.74,6.21,21.7,50.4,100.0,93.8,34.7,534.2,450.7,15.1,1.74,5.82,7.53,29.9,1.74,6.21,21.7,50.4,100.0,93.8,34.7,15.1,1.74,5.82,7.53,29.9,1.74,6.21,21.7,50.4,100.0,93.8,34.7,15.1,1.74,5.82,7.53,29.9,1.74,6.21,21.7,50.4,100.0,93.8,34.7,0.0,0.0,-0.0,0.06,0.94,0.0,0.0,0.0,0.0,0.0,,0.0,0.0,,,,0.0,0.0,0.0,,0.0,0.0,31.6,20.9,30.9,0.76,0.0,0.0,31.6,0.0,,0.0,,16.2,0.03,0.0,0.0,11.9,0.0,0.0,0.0,0.0,0.0,,0.0,0.0,0.0,0.0,0.0,0.62,0.15,0.24,0.24,0.0,0.0,0.0,0.0,0.0,0.0,0.0,0.0,0.0,0.0,0.0,0.0,0.0,0.0,0.0,0.0,0.21,0.0,0.0,0.0,0.0,0.0,0.0,0.0,1.56,0.15,100.0,1.15,0.18,0.18,0.06,1.09,0.34,0.0,0.0,23.8,3.06,59.8,89.1,43.1,61.2,20.7,59.8,89.1,43.1,61.2,20.7,9.68,0.29,3.0,2.12,2.12,43.1,61.2,20.7
Guzmán Corujo,uy URU,DF,Charlotte,26,1996,6,5,354,3.9,0.0,0.0,0.0,0.0,0.0,0.0,0.51,0.0,0.03,0.03,0.0,0.03,0.0,1.28,0.0,0.0,0.0,0.0,0.0,0.0,0.02,0.0,0.02,0.02,0.02,Matches,2023,3.9,33.1,6.67,21.8,3.85,41.3,8.21,23.6,7.95,80.1,81.3,92.4,48.4,690.3,218.5,33.1,6.67,21.8,3.85,41.3,8.21,23.6,7.95,80.1,81.3,92.4,48.4,33.1,6.67,21.8,3.85,41.3,8.21,23.6,7.95,80.1,81.3,92.4,48.4,33.1,6.67,21.8,3.85,41.3,8.21,23.6,7.95,80.1,81.3,92.4,48.4,0.0,0.0,0.0,0.0,1.28,0.0,0.0,0.0,0.77,0.0,0.0,0.76,0.0,0.0,,13.0,0.0,0.0,0.0,0.03,-0.03,-0.03,50.8,7.69,31.5,17.9,1.54,0.77,50.8,0.0,0.0,0.26,100.0,21.3,0.0,0.26,0.0,29.2,2.31,1.79,2.05,2.31,1.79,87.5,0.26,0.77,0.26,1.28,3.59,3.59,0.26,0.26,0.25,0.0,0.0,0.0,0.0,0.0,0.0,0.0,0.0,0.0,0.0,0.0,0.0,0.0,0.0,0.0,1.54,0.26,0.0,0.0,1.28,2.05,0.0,0.0,0.0,5.9,2.31,52.9,,,,,,,,,,,,,,,,,,,,,,,,,,,,
Douglas Costa,br BRA,"FW,MF",LA Galaxy,32,1990,19,15,1218,13.5,0.22,0.52,0.74,0.22,0.0,0.0,0.15,0.07,0.26,0.26,0.36,0.61,5.26,6.0,7.26,0.22,0.52,0.74,0.22,0.74,0.26,0.36,0.62,0.26,0.62,Matches,2023,13.5,43.5,23.3,13.3,5.48,56.4,26.4,17.0,9.78,77.1,88.2,78.6,56.1,733.2,208.2,43.5,23.3,13.3,5.48,56.4,26.4,17.0,9.78,77.1,88.2,78.6,56.1,43.5,23.3,13.3,5.48,56.4,26.4,17.0,9.78,77.1,88.2,78.6,56.1,43.5,23.3,13.3,5.48,56.4,26.4,17.0,9.78,77.1,88.2,78.6,56.1,0.52,0.32,0.16,2.81,4.3,1.33,0.15,0.22,2.89,0.74,25.6,2.88,0.74,0.08,0.3,23.9,0.67,0.0,0.0,0.09,-0.04,-0.04,67.0,0.59,7.11,30.4,30.6,2.52,67.0,3.11,56.0,2.07,37.3,46.7,1.26,1.7,1.33,51.7,0.67,0.3,0.44,0.67,0.3,22.2,1.04,0.96,0.96,0.59,1.26,0.37,0.0,5.04,5.02,0.37,0.07,0.15,0.07,0.0,0.0,0.89,0.89,0.37,0.07,0.15,0.07,0.0,0.0,0.0,0.74,1.56,0.15,6.52,0.59,0.44,0.0,0.0,0.0,4.3,0.22,33.3,,,,,,,,,,,,,,,,,,,,,,,,,,,,
Séga Coulibaly,fr FRA,DF,LA Galaxy,26,1996,3,1,88,1.0,0.0,0.0,0.0,0.0,0.0,0.0,0.0,0.0,0.0,0.0,0.0,0.0,0.0,3.0,0.0,0.0,0.0,0.0,0.0,0.0,0.0,0.0,0.0,0.0,0.0,Matches,2023,1.0,53.0,17.0,30.0,6.0,59.0,19.0,32.0,8.0,89.8,89.5,93.8,75.0,1028.0,403.0,53.0,17.0,30.0,6.0,59.0,19.0,32.0,8.0,89.8,89.5,93.8,75.0,53.0,17.0,30.0,6.0,59.0,19.0,32.0,8.0,89.8,89.5,93.8,75.0,53.0,17.0,30.0,6.0,59.0,19.0,32.0,8.0,89.8,89.5,93.8,75.0,0.0,0.0,0.0,0.0,5.0,0.0,0.0,0.0,0.0,0.0,,0.0,0.0,,,,0.0,0.0,0.0,,0.0,0.0,63.0,9.0,32.0,29.0,2.0,0.0,63.0,0.0,,0.0,,38.0,0.0,0.0,0.0,49.0,3.0,2.0,2.0,3.0,2.0,50.0,2.0,0.0,0.0,0.0,3.0,2.0,0.0,0.0,0.0,0.0,0.0,0.0,0.0,0.0,0.0,0.0,0.0,0.0,0.0,0.0,0.0,0.0,0.0,0.0,1.0,0.0,0.0,0.0,0.0,2.0,0.0,1.0,0.0,6.0,1.0,100.0,,,,,,,,,,,,,,,,,,,,,,,,,,,,
Cade Cowell,us USA,FW,SJ Earthquakes,19,2003,23,20,1538,17.1,0.06,0.12,0.18,0.06,0.0,0.0,0.12,0.0,0.28,0.28,0.06,0.35,3.45,1.29,9.01,0.06,0.12,0.18,0.06,0.18,0.28,0.06,0.34,0.28,0.34,Matches,2023,17.1,14.2,9.18,3.27,0.7,22.6,12.6,5.5,1.93,62.8,73.0,59.6,36.4,191.4,48.0,14.2,9.18,3.27,0.7,22.6,12.6,5.5,1.93,62.8,73.0,59.6,36.4,14.2,9.18,3.27,0.7,22.6,12.6,5.5,1.93,62.8,73.0,59.6,36.4,14.2,9.18,3.27,0.7,22.6,12.6,5.5,1.93,62.8,73.0,59.6,36.4,0.12,0.08,0.05,0.41,0.7,0.58,0.18,0.06,2.34,0.58,25.0,2.34,0.59,0.03,0.1,16.8,0.0,0.0,0.0,0.12,-0.22,-0.22,36.0,0.88,4.44,12.9,19.5,4.39,36.0,2.22,45.2,2.34,47.6,25.1,1.35,2.98,1.7,26.3,0.88,0.53,0.53,0.88,0.53,45.0,0.64,1.17,1.05,0.35,1.23,0.35,0.0,1.75,1.76,0.53,0.0,0.12,0.12,0.06,0.0,0.35,0.35,0.53,0.0,0.12,0.12,0.06,0.0,0.0,0.88,0.76,0.23,2.57,0.35,0.53,0.06,0.0,0.0,3.39,0.41,36.8,,,,,,,,,,,,,,,,,,,,,,,,,,,,
Ben Cremaschi,us USA,"MF,FW",Inter Miami,17,2005,28,21,1793,19.9,0.1,0.2,0.3,0.1,0.0,0.0,0.3,0.0,0.11,0.11,0.11,0.22,1.56,3.82,5.18,0.1,0.2,0.3,0.1,0.3,0.11,0.11,0.22,0.11,0.22,Matches,2023,19.9,35.8,19.8,13.1,1.61,42.6,22.2,14.9,2.26,84.0,89.1,87.5,71.1,522.6,119.5,35.8,19.8,13.1,1.61,42.6,22.2,14.9,2.26,84.0,89.1,87.5,71.1,35.8,19.8,13.1,1.61,42.6,22.2,14.9,2.26,84.0,89.1,87.5,71.1,35.8,19.8,13.1,1.61,42.6,22.2,14.9,2.26,84.0,89.1,87.5,71.1,0.2,0.12,0.09,0.9,2.61,0.8,0.1,0.1,1.26,0.35,28.0,1.25,0.35,0.08,0.29,16.9,0.0,0.0,0.0,0.09,-0.01,-0.01,55.5,1.11,8.44,29.9,18.1,2.76,55.5,1.41,49.1,1.26,43.9,35.6,0.4,3.27,1.46,41.4,2.21,1.36,1.41,2.21,1.36,35.1,2.51,1.16,1.06,0.7,2.91,0.7,0.05,2.66,2.66,0.1,0.0,0.05,0.0,0.1,0.0,0.4,0.4,0.1,0.0,0.05,0.0,0.1,0.0,0.0,1.96,1.31,0.15,0.75,0.7,1.41,0.0,0.0,0.0,4.87,1.16,48.9,,,,,,,,,,,,,,,,,,,,,,,,,,,,
Maxime Crépeau,ca CAN,GK,LAFC,28,1994,7,7,630,7.0,0.0,0.0,0.0,0.0,0.0,0.0,0.14,0.0,0.0,0.0,0.0,0.0,0.0,0.0,0.0,0.0,0.0,0.0,0.0,0.0,0.0,0.0,0.0,0.0,0.0,Matches,2023,7.0,24.3,4.86,14.1,5.14,31.0,4.86,14.3,11.7,78.3,100.0,99.0,43.9,586.0,391.4,24.3,4.86,14.1,5.14,31.0,4.86,14.3,11.7,78.3,100.0,99.0,43.9,24.3,4.86,14.1,5.14,31.0,4.86,14.3,11.7,78.3,100.0,99.0,43.9,24.3,4.86,14.1,5.14,31.0,4.86,14.3,11.7,78.3,100.0,99.0,43.9,0.0,0.0,0.0,0.0,0.14,0.0,0.0,0.0,0.0,0.0,,0.0,0.0,,,,0.0,0.0,0.0,,0.0,0.0,32.6,26.1,32.4,0.14,0.0,0.0,32.6,0.0,,0.0,,17.9,0.0,0.14,0.0,14.3,0.0,0.0,0.0,0.0,0.0,,0.0,0.0,0.0,0.0,0.0,0.43,0.0,0.14,0.14,0.0,0.0,0.0,0.0,0.0,0.0,0.0,0.0,0.0,0.0,0.0,0.0,0.0,0.0,0.0,0.0,0.29,0.0,0.0,0.0,0.0,0.0,0.0,0.0,1.29,0.29,100.0,1.0,0.0,0.0,0.14,0.93,0.32,0.07,0.07,24.6,5.29,27.3,31.1,29.9,33.4,12.4,27.3,31.1,29.9,33.4,12.4,13.4,1.29,9.6,0.57,0.57,29.9,33.4,12.4
Daniel Crisostomo,us USA,MF,LAFC,26,1997,6,3,280,3.1,0.0,0.0,0.0,0.0,0.0,0.0,0.65,0.0,0.0,0.0,0.0,0.03,0.65,3.87,2.58,0.0,0.0,0.0,0.0,0.0,0.01,0.01,0.02,0.01,0.02,Matches,2023,3.1,42.3,21.6,17.4,2.26,47.7,23.2,18.7,3.55,88.5,93.1,93.1,63.6,682.9,175.5,42.3,21.6,17.4,2.26,47.7,23.2,18.7,3.55,88.5,93.1,93.1,63.6,42.3,21.6,17.4,2.26,47.7,23.2,18.7,3.55,88.5,93.1,93.1,63.6,42.3,21.6,17.4,2.26,47.7,23.2,18.7,3.55,88.5,93.1,93.1,63.6,0.0,0.03,0.0,0.65,3.23,0.0,0.0,0.0,0.32,0.0,0.0,0.32,0.0,0.0,,15.7,0.0,0.0,0.0,0.02,0.0,0.0,55.5,1.94,14.8,27.1,13.5,0.32,55.5,1.29,80.0,0.32,20.0,38.4,0.0,0.97,0.65,37.4,1.61,0.0,1.61,1.61,0.0,0.0,1.94,0.32,0.0,1.61,3.23,0.97,0.0,1.61,1.61,0.0,0.0,0.32,0.0,0.0,0.0,0.0,0.0,0.0,0.0,0.32,0.0,0.0,0.0,0.0,1.29,1.29,0.0,0.65,1.61,1.61,0.0,0.0,0.0,5.81,0.32,20.0,,,,,,,,,,,,,,,,,,,,,,,,,,,,
Andrés Cubas,py PAR,MF,Vancouver W'caps,26,1996,28,27,2139,23.8,0.0,0.04,0.04,0.0,0.0,0.0,0.29,0.0,0.0,0.0,0.03,0.03,0.17,4.2,0.21,0.0,0.04,0.04,0.0,0.04,0.01,0.03,0.03,0.01,0.03,Matches,2023,23.8,44.4,16.7,19.9,6.85,51.2,18.3,22.1,9.16,86.6,91.3,90.1,74.8,866.1,272.7,44.4,16.7,19.9,6.85,51.2,18.3,22.1,9.16,86.6,91.3,90.1,74.8,44.4,16.7,19.9,6.85,51.2,18.3,22.1,9.16,86.6,91.3,90.1,74.8,44.4,16.7,19.9,6.85,51.2,18.3,22.1,9.16,86.6,91.3,90.1,74.8,0.04,0.02,0.01,0.34,4.58,0.17,0.0,0.0,0.21,0.08,40.0,0.21,0.08,0.0,0.0,31.6,0.0,0.0,0.0,0.02,-0.0,-0.0,60.2,2.69,16.2,41.6,3.15,0.0,60.2,0.38,52.9,0.29,41.2,32.9,0.0,0.88,0.55,38.2,2.73,1.13,1.68,2.73,1.13,40.3,1.68,1.64,1.3,2.1,4.83,1.09,0.0,1.09,1.09,0.0,0.0,0.08,0.0,0.04,0.0,0.17,0.17,0.0,0.0,0.08,0.0,0.04,0.0,0.0,2.56,0.88,0.0,0.04,2.1,1.68,0.0,0.0,0.0,8.99,0.25,37.5,,,,,,,,,,,,,,,,,,,,,,,,,,,,
Cucho,co COL,FW,Columbus Crew,23,1999,27,27,2368,26.3,0.61,0.27,0.87,0.42,0.19,0.19,0.19,0.04,0.77,0.62,0.25,0.87,3.88,4.71,8.94,0.61,0.27,0.87,0.42,0.68,0.77,0.26,1.02,0.62,0.87,Matches,2023,26.3,23.2,12.6,7.57,2.24,33.8,15.7,10.5,4.03,68.7,80.1,72.4,55.7,374.1,97.6,23.2,12.6,7.57,2.24,33.8,15.7,10.5,4.03,68.7,80.1,72.4,55.7,23.2,12.6,7.57,2.24,33.8,15.7,10.5,4.03,68.7,80.1,72.4,55.7,23.2,12.6,7.57,2.24,33.8,15.7,10.5,4.03,68.7,80.1,72.4,55.7,0.27,0.23,0.01,1.6,2.13,1.83,0.27,0.61,6.08,2.02,33.1,6.08,2.01,0.07,0.21,18.2,0.23,0.19,0.19,0.1,-0.16,-0.2,49.9,0.19,2.66,16.3,31.6,6.96,49.7,2.05,43.5,2.24,47.6,33.2,2.05,3.0,1.41,39.7,0.91,0.42,0.42,0.91,0.42,39.3,0.65,0.76,0.72,0.38,1.29,0.27,0.0,4.83,4.83,0.61,0.08,0.19,0.04,0.08,0.0,0.76,0.76,0.61,0.08,0.19,0.04,0.08,0.0,0.04,1.25,0.95,0.57,1.86,0.38,0.42,0.04,0.0,0.0,2.51,1.18,43.7,,,,,,,,,,,,,,,,,,,,,,,,,,,,
Mauricio Cuevas,us USA,DF,LA Galaxy,19,2003,8,5,424,4.7,0.0,0.0,0.0,0.0,0.0,0.0,0.43,0.0,0.0,0.0,0.13,0.13,1.91,4.04,5.96,0.0,0.0,0.0,0.0,0.0,0.0,0.13,0.13,0.0,0.13,Matches,2023,4.7,45.1,23.8,16.8,3.4,54.9,25.7,20.0,6.6,82.2,92.6,84.0,51.6,719.1,232.6,45.1,23.8,16.8,3.4,54.9,25.7,20.0,6.6,82.2,92.6,84.0,51.6,45.1,23.8,16.8,3.4,54.9,25.7,20.0,6.6,82.2,92.6,84.0,51.6,45.1,23.8,16.8,3.4,54.9,25.7,20.0,6.6,82.2,92.6,84.0,51.6,0.0,0.09,-0.13,1.06,3.19,0.64,0.43,0.0,0.0,0.0,,0.0,0.0,,,,0.0,0.0,0.0,,0.0,0.0,65.3,3.62,17.9,30.9,17.2,0.64,65.3,0.85,44.4,0.64,33.3,40.4,0.0,2.13,0.21,43.2,1.7,0.85,1.06,1.7,0.85,26.7,2.34,0.43,0.43,1.06,2.77,2.77,0.0,2.13,2.12,0.0,0.0,0.21,0.0,0.0,0.0,0.21,0.21,0.0,0.0,0.21,0.0,0.0,0.0,0.0,1.7,1.06,0.0,4.04,1.06,1.06,0.0,0.0,0.0,5.53,0.64,42.9,,,,,,,,,,,,,,,,,,,,,,,,,,,,
Braian Cufré,ar ARG,DF,NYCFC,26,1996,25,22,1866,20.7,0.1,0.14,0.24,0.1,0.0,0.0,0.29,0.05,0.06,0.06,0.17,0.23,1.35,3.14,6.04,0.1,0.14,0.24,0.1,0.24,0.06,0.17,0.23,0.06,0.23,Matches,2023,20.7,36.0,17.6,15.3,2.46,45.7,19.7,18.6,5.02,78.8,89.2,82.3,49.0,587.9,206.0,36.0,17.6,15.3,2.46,45.7,19.7,18.6,5.02,78.8,89.2,82.3,49.0,36.0,17.6,15.3,2.46,45.7,19.7,18.6,5.02,78.8,89.2,82.3,49.0,36.0,17.6,15.3,2.46,45.7,19.7,18.6,5.02,78.8,89.2,82.3,49.0,0.14,0.13,-0.02,1.11,2.27,0.87,0.34,0.1,1.16,0.29,25.0,1.16,0.29,0.08,0.33,19.2,0.1,0.0,0.0,0.05,0.03,0.03,55.3,3.09,14.7,24.6,16.4,1.69,55.3,1.06,61.1,0.58,33.3,26.7,0.34,1.26,0.72,32.5,1.88,0.87,1.21,1.88,0.87,54.5,0.72,1.45,1.26,0.82,2.71,1.79,0.0,2.37,2.37,0.05,0.0,0.1,0.05,0.0,0.0,0.24,0.24,0.05,0.0,0.1,0.05,0.0,0.0,0.0,1.5,0.63,0.1,2.27,0.82,1.21,0.05,0.0,0.0,5.41,0.24,21.7,,,,,,,,,,,,,,,,,,,,,,,,,,,,
Antony Curic,ca CAN,DF,Toronto FC,22,2001,1,0,1,0.0,0.0,0.0,0.0,0.0,0.0,0.0,0.0,0.0,0.0,0.0,0.0,0.0,0.0,0.0,0.0,0.0,0.0,0.0,0.0,0.0,0.0,0.0,0.0,0.0,0.0,Matches,2023,0.0,2.0,1.0,1.0,0.0,2.0,1.0,1.0,0.0,100.0,100.0,100.0,,27.0,9.0,2.0,1.0,1.0,0.0,2.0,1.0,1.0,0.0,100.0,100.0,100.0,,2.0,1.0,1.0,0.0,2.0,1.0,1.0,0.0,100.0,100.0,100.0,,2.0,1.0,1.0,0.0,2.0,1.0,1.0,0.0,100.0,100.0,100.0,,0.0,0.0,0.0,0.0,0.0,0.0,0.0,0.0,0.0,0.0,,0.0,0.0,,,,0.0,0.0,0.0,,0.0,0.0,4.0,0.0,0.0,4.0,0.0,0.0,4.0,0.0,,0.0,,2.0,0.0,1.0,0.0,3.0,0.0,0.0,0.0,0.0,0.0,,0.0,0.0,0.0,0.0,0.0,0.0,0.0,0.0,0.0,0.0,0.0,0.0,0.0,0.0,0.0,0.0,0.0,0.0,0.0,0.0,0.0,0.0,0.0,0.0,0.0,0.0,0.0,0.0,0.0,0.0,0.0,0.0,0.0,0.0,0.0,,,,,,,,,,,,,,,,,,,,,,,,,,,,,
Rafael Czichos,de GER,DF,Chicago Fire,32,1990,32,28,2515,27.9,0.07,0.0,0.07,0.04,0.04,0.04,0.22,0.0,0.13,0.1,0.0,0.1,0.5,2.65,0.25,0.07,0.0,0.07,0.04,0.04,0.13,0.0,0.13,0.1,0.1,Matches,2023,27.9,38.0,11.6,20.4,5.81,45.1,12.9,23.0,8.03,84.3,90.0,88.3,72.3,788.5,370.4,38.0,11.6,20.4,5.81,45.1,12.9,23.0,8.03,84.3,90.0,88.3,72.3,38.0,11.6,20.4,5.81,45.1,12.9,23.0,8.03,84.3,90.0,88.3,72.3,38.0,11.6,20.4,5.81,45.1,12.9,23.0,8.03,84.3,90.0,88.3,72.3,0.0,0.01,0.0,0.04,2.4,0.0,0.0,0.07,0.54,0.25,46.7,0.54,0.25,0.07,0.14,8.9,0.0,0.04,0.04,0.19,-0.06,-0.07,54.7,9.28,31.5,22.0,1.79,1.08,54.7,0.32,60.0,0.18,33.3,30.4,0.07,0.39,0.14,33.2,1.72,0.86,1.22,1.72,0.86,61.5,0.54,1.25,0.61,1.58,3.3,3.69,0.04,0.5,0.5,0.0,0.0,0.0,0.0,0.0,0.0,0.0,0.0,0.0,0.0,0.0,0.0,0.0,0.0,0.0,1.08,0.61,0.11,0.14,1.58,1.22,0.0,0.04,0.0,5.38,1.86,57.1,,,,,,,,,,,,,,,,,,,,,,,,,,,,
Cristián Dajome,co COL,"FW,DF",D.C. United,29,1994,19,7,780,8.7,0.23,0.11,0.34,0.23,0.0,0.0,0.23,0.0,0.14,0.14,0.1,0.24,3.1,2.76,8.16,0.23,0.12,0.35,0.23,0.35,0.13,0.11,0.24,0.13,0.24,Matches,2023,8.7,20.2,11.3,7.36,0.8,28.9,13.0,10.6,1.95,70.1,86.7,69.6,41.2,294.7,85.7,20.2,11.3,7.36,0.8,28.9,13.0,10.6,1.95,70.1,86.7,69.6,41.2,20.2,11.3,7.36,0.8,28.9,13.0,10.6,1.95,70.1,86.7,69.6,41.2,20.2,11.3,7.36,0.8,28.9,13.0,10.6,1.95,70.1,86.7,69.6,41.2,0.11,0.1,0.01,1.49,1.38,0.8,0.23,0.23,1.26,0.69,54.5,1.27,0.69,0.18,0.33,15.6,0.0,0.0,0.0,0.11,0.09,0.09,40.6,1.26,4.6,17.8,18.6,3.68,40.6,1.49,44.8,1.26,37.9,26.3,1.26,2.87,1.61,29.3,1.61,0.46,1.15,1.61,0.46,21.1,1.72,0.57,0.46,0.46,2.07,0.57,0.0,3.56,3.57,0.11,0.0,0.34,0.0,0.11,0.0,0.46,0.46,0.11,0.0,0.34,0.0,0.11,0.0,0.0,1.72,1.95,0.23,2.41,0.46,1.15,0.0,0.0,0.0,4.02,1.26,39.3,,,,,,,,,,,,,,,,,,,,,,,,,,,,
Cristián Dajome,co COL,"MF,FW",Vancouver W'caps,29,1994,7,4,297,3.3,0.0,0.0,0.0,0.0,0.0,0.0,0.0,0.0,0.15,0.15,0.09,0.24,3.03,2.42,8.48,0.0,0.0,0.0,0.0,0.0,0.15,0.09,0.24,0.15,0.24,Matches,2023,3.3,25.2,13.9,9.39,1.21,33.6,17.3,11.2,3.64,74.8,80.7,83.8,33.3,374.2,83.3,25.2,13.9,9.39,1.21,33.6,17.3,11.2,3.64,74.8,80.7,83.8,33.3,25.2,13.9,9.39,1.21,33.6,17.3,11.2,3.64,74.8,80.7,83.8,33.3,25.2,13.9,9.39,1.21,33.6,17.3,11.2,3.64,74.8,80.7,83.8,33.3,0.0,0.09,-0.09,1.52,1.82,0.91,0.3,0.0,2.42,0.61,25.0,2.42,0.61,0.0,0.0,19.3,0.0,0.0,0.0,0.06,-0.15,-0.15,46.7,0.61,5.76,13.3,28.2,3.64,46.7,1.82,37.5,2.12,43.8,22.4,0.61,2.12,1.82,29.1,1.82,0.91,0.91,1.82,0.91,42.9,1.21,0.61,0.61,1.21,3.03,0.3,0.0,2.42,2.42,0.61,0.0,0.0,0.0,0.0,0.0,0.0,0.0,0.61,0.0,0.0,0.0,0.0,0.0,0.0,0.61,1.52,0.91,3.33,1.21,0.91,0.0,0.0,0.0,5.76,0.61,18.2,,,,,,,,,,,,,,,,,,,,,,,,,,,,
Dagur Dan Þórhallsson,is ISL,"DF,MF",Orlando City,22,2000,30,12,1206,13.4,0.15,0.22,0.37,0.15,0.0,0.0,0.15,0.0,0.13,0.13,0.14,0.28,2.46,2.69,3.13,0.15,0.22,0.37,0.15,0.37,0.14,0.14,0.28,0.14,0.28,Matches,2023,13.4,37.8,21.9,12.2,2.54,44.1,23.5,15.1,3.58,85.6,93.3,81.2,70.8,563.4,148.4,37.8,21.9,12.2,2.54,44.1,23.5,15.1,3.58,85.6,93.3,81.2,70.8,37.8,21.9,12.2,2.54,44.1,23.5,15.1,3.58,85.6,93.3,81.2,70.8,37.8,21.9,12.2,2.54,44.1,23.5,15.1,3.58,85.6,93.3,81.2,70.8,0.22,0.14,0.08,0.75,2.61,0.9,0.22,0.15,0.97,0.22,23.1,0.97,0.22,0.15,0.67,21.4,0.0,0.0,0.0,0.14,0.01,0.01,51.7,2.16,13.0,23.1,16.4,1.34,51.7,1.49,71.4,0.37,17.9,31.7,0.45,1.27,0.9,33.6,0.82,0.3,0.67,0.82,0.3,28.6,0.75,0.9,0.75,0.67,1.49,1.49,0.0,2.09,2.08,0.37,0.15,0.07,0.07,0.0,0.0,0.45,0.45,0.37,0.15,0.07,0.07,0.0,0.0,0.0,1.27,0.82,0.0,1.42,0.67,0.67,0.07,0.0,0.0,5.15,0.52,36.8,,,,,,,,,,,,,,,,,,,,,,,,,,,,
Daniel,br BRA,GK,SJ Earthquakes,28,1994,22,22,1945,21.6,0.0,0.0,0.0,0.0,0.0,0.0,0.05,0.05,0.0,0.0,0.0,0.0,0.0,0.05,0.0,0.0,0.0,0.0,0.0,0.0,0.0,0.0,0.0,0.0,0.0,Matches,2023,21.6,18.8,6.06,7.31,5.19,24.5,6.06,7.41,10.6,76.7,100.0,98.8,48.7,472.8,329.5,18.8,6.06,7.31,5.19,24.5,6.06,7.41,10.6,76.7,100.0,98.8,48.7,18.8,6.06,7.31,5.19,24.5,6.06,7.41,10.6,76.7,100.0,98.8,48.7,18.8,6.06,7.31,5.19,24.5,6.06,7.41,10.6,76.7,100.0,98.8,48.7,0.0,0.0,0.0,0.0,0.56,0.0,0.0,0.0,0.0,0.0,,0.0,0.0,,,,0.0,0.0,0.0,,0.0,0.0,27.0,24.7,26.8,0.32,0.0,0.0,27.0,0.05,100.0,0.0,0.0,12.1,0.0,0.0,0.0,6.85,0.0,0.0,0.0,0.0,0.0,,0.0,0.0,0.0,0.0,0.0,0.46,0.0,0.0,0.0,0.0,0.0,0.0,0.0,0.0,0.0,0.0,0.0,0.0,0.0,0.0,0.0,0.0,0.0,0.0,0.05,0.23,0.0,0.0,0.0,0.0,0.0,0.0,0.0,1.11,0.23,100.0,1.3,0.14,0.19,0.0,1.63,0.29,0.34,0.34,15.7,3.94,33.9,35.6,33.0,31.9,13.0,33.9,35.6,33.0,31.9,13.0,15.0,0.56,3.7,0.69,0.69,33.0,31.9,13.0
Jesús Daniel Bueno,ve VEN,MF,Philadelphia Union,23,1999,24,10,962,10.7,0.0,0.0,0.0,0.0,0.0,0.0,0.28,0.19,0.07,0.07,0.07,0.13,1.21,3.74,2.24,0.0,0.0,0.0,0.0,0.0,0.06,0.07,0.13,0.06,0.13,Matches,2023,10.7,35.0,18.6,12.4,2.9,42.8,21.2,14.7,4.49,81.9,87.7,84.7,64.6,561.7,157.8,35.0,18.6,12.4,2.9,42.8,21.2,14.7,4.49,81.9,87.7,84.7,64.6,35.0,18.6,12.4,2.9,42.8,21.2,14.7,4.49,81.9,87.7,84.7,64.6,35.0,18.6,12.4,2.9,42.8,21.2,14.7,4.49,81.9,87.7,84.7,64.6,0.0,0.08,-0.07,0.84,3.27,0.47,0.28,0.0,1.12,0.47,41.7,1.12,0.47,0.0,0.0,22.7,0.0,0.0,0.0,0.06,-0.07,-0.07,54.0,2.24,10.7,33.3,10.7,0.56,54.0,0.28,27.3,0.56,54.5,25.8,0.19,0.93,0.84,32.0,3.46,1.68,1.96,3.46,1.68,48.6,1.78,1.59,1.5,1.59,5.05,1.59,0.09,2.06,2.06,0.0,0.0,0.0,0.0,0.0,0.0,0.09,0.09,0.0,0.0,0.0,0.0,0.0,0.0,0.0,1.96,1.31,0.0,0.75,1.59,1.96,0.0,0.0,0.0,7.2,0.65,46.7,,,,,,,,,,,,,,,,,,,,,,,,,,,,
Juan David Mosquera,co COL,DF,Portland Timbers,20,2002,29,27,2406,26.7,0.07,0.15,0.22,0.07,0.0,0.0,0.04,0.0,0.08,0.08,0.11,0.19,2.85,4.31,4.38,0.07,0.15,0.22,0.07,0.22,0.08,0.11,0.19,0.08,0.19,Matches,2023,26.7,42.2,21.6,16.4,3.41,53.5,24.0,20.6,5.92,79.0,89.7,80.0,57.6,702.8,253.8,42.2,21.6,16.4,3.41,53.5,24.0,20.6,5.92,79.0,89.7,80.0,57.6,42.2,21.6,16.4,3.41,53.5,24.0,20.6,5.92,79.0,89.7,80.0,57.6,42.2,21.6,16.4,3.41,53.5,24.0,20.6,5.92,79.0,89.7,80.0,57.6,0.15,0.13,0.04,1.05,3.71,1.2,0.64,0.07,0.94,0.37,40.0,0.94,0.37,0.08,0.2,19.3,0.0,0.0,0.0,0.08,-0.0,-0.0,62.5,2.1,13.3,29.4,20.8,1.76,62.5,1.31,53.0,0.86,34.8,32.1,0.52,1.76,1.12,35.9,1.42,0.52,1.01,1.42,0.52,35.9,0.94,0.64,0.6,0.67,2.1,1.31,0.0,2.55,2.54,0.07,0.0,0.07,0.0,0.15,0.04,0.26,0.26,0.07,0.0,0.07,0.0,0.15,0.04,0.0,0.52,1.2,0.04,3.6,0.67,1.01,0.0,0.0,0.0,6.44,0.6,37.2,,,,,,,,,,,,,,,,,,,,,,,,,,,,
Jesús David Murillo,co COL,DF,LAFC,28,1994,19,14,1426,15.8,0.0,0.0,0.0,0.0,0.0,0.0,0.25,0.0,0.04,0.04,0.01,0.05,0.89,3.16,0.51,0.0,0.0,0.0,0.0,0.0,0.04,0.01,0.05,0.04,0.05,Matches,2023,15.8,40.5,12.6,21.4,6.01,48.9,13.9,23.8,9.94,82.9,90.5,89.9,60.5,817.9,320.4,40.5,12.6,21.4,6.01,48.9,13.9,23.8,9.94,82.9,90.5,89.9,60.5,40.5,12.6,21.4,6.01,48.9,13.9,23.8,9.94,82.9,90.5,89.9,60.5,40.5,12.6,21.4,6.01,48.9,13.9,23.8,9.94,82.9,90.5,89.9,60.5,0.0,0.01,-0.01,0.32,2.85,0.25,0.0,0.0,0.57,0.0,0.0,0.57,0.0,0.0,,11.6,0.0,0.0,0.0,0.07,-0.04,-0.04,58.8,6.33,30.4,25.9,3.1,1.27,58.8,0.51,72.7,0.06,9.1,35.0,0.06,0.32,0.13,37.5,1.84,1.08,0.95,1.84,1.08,54.8,0.89,1.27,0.76,1.2,3.04,3.73,0.0,0.89,0.88,0.0,0.0,0.0,0.0,0.0,0.0,0.06,0.06,0.0,0.0,0.0,0.0,0.0,0.0,0.0,0.95,0.44,0.0,0.0,1.2,0.95,0.0,0.0,0.0,6.01,1.39,50.0,,,,,,,,,,,,,,,,,,,,,,,,,,,,
Erick Davis,pa PAN,DF,D.C. United,31,1991,8,6,538,6.0,0.0,0.0,0.0,0.0,0.0,0.0,0.0,0.0,0.03,0.03,0.13,0.15,1.5,5.17,2.83,0.0,0.0,0.0,0.0,0.0,0.03,0.13,0.16,0.03,0.16,Matches,2023,6.0,40.3,20.0,16.3,3.83,57.2,22.5,23.7,9.0,70.6,88.9,69.0,42.6,701.8,334.3,40.3,20.0,16.3,3.83,57.2,22.5,23.7,9.0,70.6,88.9,69.0,42.6,40.3,20.0,16.3,3.83,57.2,22.5,23.7,9.0,70.6,88.9,69.0,42.6,40.3,20.0,16.3,3.83,57.2,22.5,23.7,9.0,70.6,88.9,69.0,42.6,0.0,0.15,-0.13,1.17,3.0,2.0,1.0,0.0,0.5,0.0,0.0,0.5,0.0,0.0,,24.7,0.33,0.0,0.0,0.05,-0.03,-0.03,66.8,4.0,17.5,33.2,17.3,0.33,66.8,0.83,55.6,0.5,33.3,33.0,0.0,0.83,1.0,33.7,1.33,1.0,0.83,1.33,1.0,54.5,0.83,1.67,1.33,1.5,2.83,2.0,0.0,2.33,2.34,0.0,0.0,0.17,0.0,0.0,0.0,0.0,0.0,0.0,0.0,0.17,0.0,0.0,0.0,0.0,0.0,0.83,0.0,5.33,1.5,0.83,0.0,0.0,0.0,7.17,1.0,60.0,,,,,,,,,,,,,,,,,,,,,,,,,,,,
Jake Davis,us USA,DF,Sporting KC,21,2002,26,24,2037,22.6,0.0,0.04,0.04,0.0,0.0,0.0,0.13,0.0,0.0,0.0,0.07,0.08,1.55,4.47,4.87,0.0,0.04,0.04,0.0,0.04,0.01,0.07,0.08,0.01,0.08,Matches,2023,22.6,47.8,24.4,18.9,3.05,58.7,26.8,23.1,5.84,81.5,91.1,82.1,52.3,772.2,293.3,47.8,24.4,18.9,3.05,58.7,26.8,23.1,5.84,81.5,91.1,82.1,52.3,47.8,24.4,18.9,3.05,58.7,26.8,23.1,5.84,81.5,91.1,82.1,52.3,47.8,24.4,18.9,3.05,58.7,26.8,23.1,5.84,81.5,91.1,82.1,52.3,0.04,0.08,-0.03,0.53,4.42,0.8,0.27,0.0,0.31,0.04,14.3,0.31,0.04,0.0,0.0,29.5,0.0,0.0,0.0,0.02,-0.0,-0.0,68.9,2.57,19.4,32.8,17.1,0.62,68.9,0.75,56.7,0.4,30.0,36.0,0.18,1.28,0.71,43.5,2.96,1.55,1.77,2.96,1.55,44.3,1.95,1.19,0.84,1.5,4.47,2.35,0.0,1.37,1.37,0.09,0.04,0.04,0.0,0.0,0.0,0.13,0.13,0.09,0.04,0.04,0.0,0.0,0.0,0.0,1.24,0.44,0.0,2.21,1.5,1.77,0.0,0.0,0.0,4.82,0.53,42.9,,,,,,,,,,,,,,,,,,,,,,,,,,,,
Sean Davis,us USA,MF,Nashville SC,29,1993,32,21,1869,20.8,0.0,0.05,0.05,0.0,0.0,0.0,0.0,0.0,0.04,0.04,0.01,0.05,0.19,4.09,0.82,0.0,0.05,0.05,0.0,0.05,0.04,0.01,0.05,0.04,0.05,Matches,2023,20.8,31.5,15.6,12.6,2.4,37.6,17.3,14.3,3.89,83.8,90.0,88.3,61.7,511.4,146.7,31.5,15.6,12.6,2.4,37.6,17.3,14.3,3.89,83.8,90.0,88.3,61.7,31.5,15.6,12.6,2.4,37.6,17.3,14.3,3.89,83.8,90.0,88.3,61.7,31.5,15.6,12.6,2.4,37.6,17.3,14.3,3.89,83.8,90.0,88.3,61.7,0.05,0.03,0.03,0.29,3.13,0.19,0.05,0.0,0.58,0.05,8.3,0.58,0.05,0.0,0.0,18.6,0.0,0.0,0.0,0.06,-0.04,-0.04,46.0,2.4,11.4,28.0,6.88,1.06,46.0,0.34,53.8,0.24,38.5,21.8,0.05,0.67,0.48,27.7,1.3,0.82,0.63,1.3,0.82,42.5,1.11,1.63,0.91,1.44,2.74,1.39,0.0,0.91,0.91,0.0,0.0,0.0,0.0,0.0,0.0,0.1,0.1,0.0,0.0,0.0,0.0,0.0,0.0,0.0,0.82,0.58,0.0,0.34,1.44,0.63,0.0,0.0,0.0,5.63,0.96,66.7,,,,,,,,,,,,,,,,,,,,,,,,,,,,
Jonathan Dean,us USA,DF,Chicago Fire,25,1997,22,13,1377,15.3,0.0,0.07,0.07,0.0,0.0,0.0,0.33,0.0,0.0,0.0,0.08,0.08,1.9,3.59,3.73,0.0,0.07,0.07,0.0,0.07,0.0,0.08,0.08,0.0,0.08,Matches,2023,15.3,32.8,17.5,13.0,1.96,42.7,19.7,16.7,4.12,76.8,88.7,78.0,47.6,536.0,200.4,32.8,17.5,13.0,1.96,42.7,19.7,16.7,4.12,76.8,88.7,78.0,47.6,32.8,17.5,13.0,1.96,42.7,19.7,16.7,4.12,76.8,88.7,78.0,47.6,32.8,17.5,13.0,1.96,42.7,19.7,16.7,4.12,76.8,88.7,78.0,47.6,0.07,0.07,-0.01,0.85,2.48,0.85,0.52,0.0,0.0,0.0,,0.0,0.0,,,,0.0,0.0,0.0,,0.0,0.0,53.1,4.18,18.5,25.1,9.74,0.39,53.1,0.46,46.7,0.33,33.3,24.6,0.07,1.11,0.33,27.9,1.57,0.78,0.85,1.57,0.78,52.2,0.72,1.37,1.05,1.5,3.07,3.2,0.07,1.76,1.76,0.0,0.0,0.07,0.07,0.0,0.0,0.26,0.26,0.0,0.0,0.07,0.07,0.0,0.0,0.0,0.78,0.59,0.0,1.96,1.5,0.85,0.0,0.13,0.0,5.42,1.37,47.7,,,,,,,,,,,,,,,,,,,,,,,,,,,,
Miloš Degenek,au AUS,DF,Columbus Crew,28,1994,12,10,858,9.5,0.0,0.0,0.0,0.0,0.0,0.0,0.32,0.0,0.01,0.01,0.0,0.01,0.21,4.21,0.0,0.0,0.0,0.0,0.0,0.0,0.01,0.0,0.01,0.01,0.01,Matches,2023,9.5,54.3,17.7,29.7,6.84,63.3,19.8,32.6,10.1,85.9,89.4,91.0,67.7,1107.5,451.6,54.3,17.7,29.7,6.84,63.3,19.8,32.6,10.1,85.9,89.4,91.0,67.7,54.3,17.7,29.7,6.84,63.3,19.8,32.6,10.1,85.9,89.4,91.0,67.7,54.3,17.7,29.7,6.84,63.3,19.8,32.6,10.1,85.9,89.4,91.0,67.7,0.0,0.02,0.0,0.11,4.0,0.21,0.21,0.0,0.32,0.0,0.0,0.31,0.0,0.0,,17.7,0.0,0.0,0.0,0.04,-0.01,-0.01,73.6,9.68,39.8,31.5,2.84,0.74,73.6,0.32,75.0,0.11,25.0,42.5,0.0,0.21,0.11,43.7,1.68,0.74,1.05,1.68,0.74,58.3,0.53,1.58,0.21,1.58,3.26,3.89,0.11,0.63,0.63,0.0,0.0,0.0,0.0,0.0,0.0,0.11,0.1,0.0,0.0,0.0,0.0,0.0,0.0,0.0,1.05,0.53,0.0,0.32,1.58,1.05,0.0,0.11,0.11,5.89,2.42,52.3,,,,,,,,,,,,,,,,,,,,,,,,,,,,
Brecht Dejaegere,be BEL,"FW,MF",Charlotte,31,1991,9,7,481,5.3,0.19,0.0,0.19,0.19,0.0,0.0,0.0,0.0,0.21,0.21,0.11,0.32,3.02,5.09,7.36,0.19,0.0,0.19,0.19,0.19,0.21,0.1,0.31,0.21,0.31,Matches,2023,5.3,30.2,16.8,10.9,1.51,38.7,20.6,14.0,2.08,78.0,81.7,78.4,72.7,452.1,155.5,30.2,16.8,10.9,1.51,38.7,20.6,14.0,2.08,78.0,81.7,78.4,72.7,30.2,16.8,10.9,1.51,38.7,20.6,14.0,2.08,78.0,81.7,78.4,72.7,30.2,16.8,10.9,1.51,38.7,20.6,14.0,2.08,78.0,81.7,78.4,72.7,0.0,0.15,-0.11,0.94,2.45,1.7,0.0,0.19,2.26,0.57,25.0,2.25,0.56,0.08,0.33,14.6,0.0,0.0,0.0,0.09,-0.02,-0.02,52.5,0.57,5.85,22.1,24.5,4.34,52.5,0.75,25.0,1.51,50.0,35.7,0.94,2.83,1.7,38.7,1.89,0.75,1.13,1.89,0.75,50.0,0.75,1.89,1.89,0.94,2.83,0.57,0.0,3.4,3.36,0.38,0.0,0.57,0.0,0.0,0.0,0.38,0.37,0.38,0.0,0.57,0.0,0.0,0.0,0.0,1.13,1.7,0.38,2.08,0.94,1.13,0.0,0.19,0.0,5.85,0.75,50.0,,,,,,,,,,,,,,,,,,,,,,,,,,,,
Marky Delgado,us USA,MF,LA Galaxy,27,1995,30,25,2313,25.7,0.08,0.08,0.16,0.08,0.0,0.0,0.23,0.0,0.07,0.07,0.11,0.18,2.26,7.04,6.15,0.08,0.08,0.16,0.08,0.16,0.07,0.11,0.18,0.07,0.18,Matches,2023,25.7,50.7,27.6,17.2,2.96,59.4,30.1,20.1,4.4,85.3,91.8,85.9,67.3,755.8,250.6,50.7,27.6,17.2,2.96,59.4,30.1,20.1,4.4,85.3,91.8,85.9,67.3,50.7,27.6,17.2,2.96,59.4,30.1,20.1,4.4,85.3,91.8,85.9,67.3,50.7,27.6,17.2,2.96,59.4,30.1,20.1,4.4,85.3,91.8,85.9,67.3,0.08,0.14,-0.03,1.48,5.64,1.25,0.19,0.08,0.82,0.19,23.8,0.82,0.19,0.1,0.4,19.6,0.0,0.0,0.0,0.09,0.01,0.01,69.6,1.95,13.7,38.7,17.7,1.52,69.6,0.47,46.2,0.47,46.2,40.4,0.23,1.13,0.7,50.6,2.14,1.01,1.28,2.14,1.01,40.0,1.52,1.79,1.4,1.4,3.54,1.01,0.0,3.77,3.77,0.08,0.0,0.04,0.0,0.12,0.0,0.23,0.23,0.08,0.0,0.04,0.0,0.12,0.0,0.0,1.21,0.89,0.08,1.91,1.4,1.28,0.0,0.0,0.0,6.34,0.54,46.7,,,,,,,,,,,,,,,,,,,,,,,,,,,,
Luis Díaz,cr CRC,FW,Colorado Rapids,24,1998,3,0,92,1.0,0.0,0.0,0.0,0.0,0.0,0.0,1.0,0.0,0.3,0.3,0.0,0.3,8.0,2.0,13.0,0.0,0.0,0.0,0.0,0.0,0.28,0.03,0.32,0.28,0.32,Matches,2023,1.0,23.0,14.0,5.0,3.0,36.0,16.0,8.0,5.0,63.9,87.5,62.5,60.0,369.0,89.0,23.0,14.0,5.0,3.0,36.0,16.0,8.0,5.0,63.9,87.5,62.5,60.0,23.0,14.0,5.0,3.0,36.0,16.0,8.0,5.0,63.9,87.5,62.5,60.0,23.0,14.0,5.0,3.0,36.0,16.0,8.0,5.0,63.9,87.5,62.5,60.0,0.0,0.2,0.0,1.0,1.0,3.0,1.0,0.0,5.0,3.0,60.0,4.89,2.93,0.0,0.0,19.9,0.0,0.0,0.0,0.06,-0.3,-0.3,54.0,1.0,7.0,17.0,30.0,7.0,54.0,1.0,14.3,4.0,57.1,35.0,2.0,2.0,2.0,40.0,2.0,1.0,1.0,2.0,1.0,50.0,1.0,0.0,0.0,0.0,2.0,0.0,0.0,2.0,1.94,0.0,0.0,1.0,0.0,0.0,0.0,0.0,0.0,0.0,0.0,1.0,0.0,0.0,0.0,0.0,3.0,2.0,0.0,9.0,0.0,1.0,0.0,0.0,0.0,5.0,1.0,50.0,,,,,,,,,,,,,,,,,,,,,,,,,,,,
Luis Díaz,cr CRC,"DF,MF",Columbus Crew,24,1998,4,0,83,0.9,0.0,0.0,0.0,0.0,0.0,0.0,0.0,0.0,0.0,0.0,0.0,0.0,3.33,4.44,15.6,0.0,0.0,0.0,0.0,0.0,0.0,0.0,0.0,0.0,0.0,Matches,2023,0.9,33.3,14.4,13.3,3.33,44.4,16.7,20.0,5.56,75.0,86.7,66.7,60.0,582.2,101.1,33.3,14.4,13.3,3.33,44.4,16.7,20.0,5.56,75.0,86.7,66.7,60.0,33.3,14.4,13.3,3.33,44.4,16.7,20.0,5.56,75.0,86.7,66.7,60.0,33.3,14.4,13.3,3.33,44.4,16.7,20.0,5.56,75.0,86.7,66.7,60.0,0.0,0.11,0.0,0.0,0.0,2.22,1.11,0.0,0.0,0.0,,0.0,0.0,,,,0.0,0.0,0.0,,0.0,0.0,54.4,2.22,4.44,20.0,33.3,3.33,54.4,6.67,85.7,0.0,0.0,43.3,2.22,6.67,1.11,43.3,1.11,0.0,1.11,1.11,0.0,,0.0,0.0,0.0,0.0,1.11,1.11,0.0,1.11,1.08,0.0,0.0,0.0,0.0,0.0,0.0,1.11,1.08,0.0,0.0,0.0,0.0,0.0,0.0,0.0,4.44,1.11,0.0,4.44,0.0,1.11,0.0,0.0,0.0,5.56,0.0,0.0,,,,,,,,,,,,,,,,,,,,,,,,,,,,
Bakaye Dibassy,ml MLI,DF,Minnesota Utd,33,1989,8,5,481,5.3,0.0,0.0,0.0,0.0,0.0,0.0,0.0,0.0,0.02,0.02,0.02,0.04,0.94,2.26,3.58,0.0,0.0,0.0,0.0,0.0,0.02,0.02,0.03,0.02,0.03,Matches,2023,5.3,34.0,14.5,16.6,2.83,39.6,16.4,18.3,4.34,85.7,88.5,90.7,65.2,630.0,172.8,34.0,14.5,16.6,2.83,39.6,16.4,18.3,4.34,85.7,88.5,90.7,65.2,34.0,14.5,16.6,2.83,39.6,16.4,18.3,4.34,85.7,88.5,90.7,65.2,34.0,14.5,16.6,2.83,39.6,16.4,18.3,4.34,85.7,88.5,90.7,65.2,0.0,0.02,-0.02,0.19,2.26,0.38,0.38,0.0,0.57,0.19,33.3,0.56,0.19,0.0,0.0,21.2,0.0,0.0,0.0,0.03,-0.02,-0.02,47.7,3.96,19.1,22.6,6.23,1.13,47.7,0.38,66.7,0.19,33.3,24.3,0.0,1.32,0.19,31.7,1.13,0.38,0.57,1.13,0.38,50.0,0.38,1.13,0.57,0.57,1.7,2.64,0.0,0.38,0.37,0.0,0.0,0.19,0.19,0.0,0.0,0.19,0.19,0.0,0.0,0.19,0.19,0.0,0.0,0.0,1.32,0.38,0.0,0.75,0.57,0.57,0.0,0.19,0.0,4.15,0.94,41.7,,,,,,,,,,,,,,,,,,,,,,,,,,,,
Adama Diomande,no NOR,FW,Toronto FC,32,1990,5,2,166,1.8,0.0,0.0,0.0,0.0,0.0,0.0,0.0,0.0,0.06,0.06,0.06,0.11,0.56,2.78,2.22,0.0,0.0,0.0,0.0,0.0,0.04,0.07,0.1,0.04,0.1,Matches,2023,1.8,17.8,11.7,3.89,0.56,25.0,15.0,5.56,1.67,71.1,77.8,70.0,33.3,228.9,53.9,17.8,11.7,3.89,0.56,25.0,15.0,5.56,1.67,71.1,77.8,70.0,33.3,17.8,11.7,3.89,0.56,25.0,15.0,5.56,1.67,71.1,77.8,70.0,33.3,17.8,11.7,3.89,0.56,25.0,15.0,5.56,1.67,71.1,77.8,70.0,33.3,0.0,0.06,-0.06,1.11,2.22,0.56,0.0,0.0,0.56,0.0,0.0,0.54,0.0,0.0,,17.1,0.0,0.0,0.0,0.07,-0.06,-0.06,29.4,1.11,1.67,16.1,11.7,0.56,29.4,0.0,,0.0,,15.0,0.0,1.11,1.11,25.0,0.0,0.0,0.0,0.0,0.0,0.0,1.67,0.56,0.56,0.0,0.0,1.11,0.0,1.67,1.63,0.0,0.0,0.0,0.0,0.0,0.0,0.0,0.0,0.0,0.0,0.0,0.0,0.0,0.0,0.0,0.56,0.56,0.56,0.56,0.0,0.0,0.0,0.0,0.0,0.56,1.67,50.0,,,,,,,,,,,,,,,,,,,,,,,,,,,,
Clément Diop,sn SEN,GK,Atlanta Utd,29,1993,2,1,135,1.5,0.0,0.0,0.0,0.0,0.0,0.0,0.67,0.0,0.0,0.0,0.0,0.0,0.0,0.0,0.0,0.0,0.0,0.0,0.0,0.0,0.0,0.0,0.0,0.0,0.0,Matches,2023,1.5,27.3,6.0,9.33,12.0,31.3,6.0,10.0,14.7,87.2,100.0,93.3,81.8,768.0,556.7,27.3,6.0,9.33,12.0,31.3,6.0,10.0,14.7,87.2,100.0,93.3,81.8,27.3,6.0,9.33,12.0,31.3,6.0,10.0,14.7,87.2,100.0,93.3,81.8,27.3,6.0,9.33,12.0,31.3,6.0,10.0,14.7,87.2,100.0,93.3,81.8,0.0,0.0,0.0,0.0,0.0,0.0,0.0,0.0,0.0,0.0,,0.0,0.0,,,,0.0,0.0,0.0,,0.0,0.0,33.3,29.3,33.3,0.0,0.0,0.0,33.3,0.0,,0.0,,16.7,0.0,0.0,0.0,18.0,0.0,0.0,0.0,0.0,0.0,,0.0,0.0,0.0,0.0,0.0,0.0,0.0,0.0,0.0,0.0,0.0,0.0,0.0,0.0,0.0,0.0,0.0,0.0,0.0,0.0,0.0,0.0,0.0,0.0,0.0,0.0,0.0,0.0,0.0,0.0,0.0,0.0,0.0,0.67,0.0,,2.67,0.0,0.67,0.0,2.33,0.52,-0.33,-0.34,24.7,3.33,27.0,11.1,30.4,23.8,21.0,27.0,11.1,30.4,23.8,21.0,18.7,0.0,0.0,1.33,1.33,30.4,23.8,21.0
Hamady Diop,sn SEN,"DF,MF",Charlotte,20,2002,3,0,36,0.4,0.0,0.0,0.0,0.0,0.0,0.0,0.0,0.0,0.0,0.0,0.0,0.0,2.5,2.5,0.0,0.0,0.0,0.0,0.0,0.0,0.0,0.0,0.0,0.0,0.0,Matches,2023,0.4,20.0,12.5,2.5,2.5,32.5,15.0,7.5,5.0,61.5,83.3,33.3,50.0,312.5,212.5,20.0,12.5,2.5,2.5,32.5,15.0,7.5,5.0,61.5,83.3,33.3,50.0,20.0,12.5,2.5,2.5,32.5,15.0,7.5,5.0,61.5,83.3,33.3,50.0,20.0,12.5,2.5,2.5,32.5,15.0,7.5,5.0,61.5,83.3,33.3,50.0,0.0,0.0,0.0,0.0,0.0,0.0,0.0,0.0,0.0,0.0,,0.0,0.0,,,,0.0,0.0,0.0,,0.0,0.0,52.5,12.5,42.5,10.0,0.0,0.0,52.5,2.5,100.0,0.0,0.0,17.5,0.0,0.0,0.0,15.0,2.5,0.0,2.5,2.5,0.0,0.0,2.5,2.5,2.5,0.0,2.5,12.5,0.0,0.0,0.0,0.0,0.0,0.0,0.0,0.0,0.0,0.0,0.0,0.0,0.0,0.0,0.0,0.0,0.0,0.0,0.0,2.5,0.0,0.0,0.0,2.5,0.0,0.0,0.0,5.0,7.5,100.0,,,,,,,,,,,,,,,,,,,,,,,,,,,,
Sofiane Djeffal,fr FRA,MF,Austin,23,1999,7,3,314,3.5,0.0,0.0,0.0,0.0,0.0,0.0,0.29,0.0,0.03,0.03,0.06,0.09,0.57,3.71,2.0,0.0,0.0,0.0,0.0,0.0,0.02,0.06,0.07,0.02,0.07,Matches,2023,3.5,30.3,12.6,13.7,2.57,36.9,15.1,14.9,4.0,82.2,83.0,92.3,64.3,539.1,178.0,30.3,12.6,13.7,2.57,36.9,15.1,14.9,4.0,82.2,83.0,92.3,64.3,30.3,12.6,13.7,2.57,36.9,15.1,14.9,4.0,82.2,83.0,92.3,64.3,30.3,12.6,13.7,2.57,36.9,15.1,14.9,4.0,82.2,83.0,92.3,64.3,0.0,0.11,-0.06,0.57,4.0,0.29,0.0,0.0,0.29,0.0,0.0,0.29,0.0,0.0,,15.9,0.0,0.0,0.0,0.06,-0.03,-0.03,44.6,2.29,12.9,25.4,6.57,0.29,44.6,2.0,87.5,0.29,12.5,24.0,0.0,0.57,0.57,30.0,1.43,0.57,0.86,1.43,0.57,40.0,0.86,1.14,0.86,0.57,2.0,1.43,0.0,2.0,2.01,0.57,0.0,0.29,0.0,0.0,0.0,0.29,0.29,0.57,0.0,0.29,0.0,0.0,0.0,0.0,2.29,0.86,0.0,0.29,0.57,0.86,0.0,0.0,0.0,3.43,2.0,77.8,,,,,,,,,,,,,,,,,,,,,,,,,,,,
Ethan Dobbelaere,us USA,FW,Seattle Sounders,20,2002,3,1,97,1.1,0.0,0.0,0.0,0.0,0.0,0.0,0.0,0.0,0.0,0.0,0.09,0.09,0.91,0.91,8.18,0.0,0.0,0.0,0.0,0.0,0.04,0.06,0.1,0.04,0.1,Matches,2023,1.1,22.7,17.3,5.45,0.0,27.3,18.2,8.18,0.0,83.3,95.0,66.7,,285.5,59.1,22.7,17.3,5.45,0.0,27.3,18.2,8.18,0.0,83.3,95.0,66.7,,22.7,17.3,5.45,0.0,27.3,18.2,8.18,0.0,83.3,95.0,66.7,,22.7,17.3,5.45,0.0,27.3,18.2,8.18,0.0,83.3,95.0,66.7,,0.0,0.0,-0.09,0.91,0.0,1.82,0.91,0.0,0.91,0.0,0.0,0.93,0.0,0.0,,15.4,0.0,0.0,0.0,0.04,0.0,0.0,31.8,0.0,1.82,14.5,15.5,1.82,31.8,0.91,50.0,0.91,50.0,21.8,0.91,2.73,0.91,28.2,0.0,0.0,0.0,0.0,0.0,0.0,2.73,0.0,0.0,0.0,0.0,0.0,0.0,1.82,1.84,0.0,0.0,0.91,0.91,0.0,0.0,0.91,0.92,0.0,0.0,0.91,0.91,0.0,0.0,0.0,0.91,0.91,0.0,0.91,0.0,0.0,0.0,0.0,0.0,0.91,0.0,0.0,,,,,,,,,,,,,,,,,,,,,,,,,,,,
Ronald Donkor,ml MLI,"MF,DF",NY Red Bulls,18,2004,3,0,47,0.5,0.0,2.0,2.0,0.0,0.0,0.0,0.0,0.0,0.0,0.0,0.2,0.2,6.0,6.0,10.0,0.0,1.91,1.91,0.0,1.91,0.0,0.28,0.28,0.0,0.28,Matches,2023,0.5,24.0,16.0,4.0,4.0,42.0,24.0,12.0,6.0,57.1,66.7,33.3,66.7,386.0,158.0,24.0,16.0,4.0,4.0,42.0,24.0,12.0,6.0,57.1,66.7,33.3,66.7,24.0,16.0,4.0,4.0,42.0,24.0,12.0,6.0,57.1,66.7,33.3,66.7,24.0,16.0,4.0,4.0,42.0,24.0,12.0,6.0,57.1,66.7,33.3,66.7,2.0,0.4,1.8,2.0,2.0,0.0,0.0,0.0,0.0,0.0,,0.0,0.0,,,,0.0,0.0,0.0,,0.0,0.0,56.0,0.0,6.0,26.0,26.0,8.0,56.0,4.0,40.0,6.0,60.0,40.0,2.0,0.0,2.0,30.0,6.0,0.0,4.0,6.0,0.0,,0.0,0.0,0.0,2.0,8.0,0.0,0.0,4.0,3.83,0.0,0.0,0.0,0.0,0.0,0.0,2.0,1.91,0.0,0.0,0.0,0.0,0.0,0.0,0.0,4.0,0.0,0.0,4.0,2.0,4.0,0.0,0.0,0.0,12.0,0.0,0.0,,,,,,,,,,,,,,,,,,,,,,,,,,,,
Christopher Donovan,us USA,FW,Philadelphia Union,22,2000,18,4,390,4.3,0.23,0.23,0.47,0.23,0.0,0.0,0.23,0.0,0.33,0.33,0.26,0.56,1.16,2.09,6.28,0.23,0.23,0.46,0.23,0.46,0.31,0.25,0.56,0.31,0.56,Matches,2023,4.3,16.7,10.0,6.05,0.47,26.5,14.2,9.07,0.47,63.2,70.5,66.7,100.0,233.3,51.6,16.7,10.0,6.05,0.47,26.5,14.2,9.07,0.47,63.2,70.5,66.7,100.0,16.7,10.0,6.05,0.47,26.5,14.2,9.07,0.47,63.2,70.5,66.7,100.0,16.7,10.0,6.05,0.47,26.5,14.2,9.07,0.47,63.2,70.5,66.7,100.0,0.23,0.19,-0.02,1.16,1.63,0.7,0.0,0.23,1.63,0.7,42.9,1.62,0.69,0.14,0.33,13.7,0.0,0.0,0.0,0.19,-0.09,-0.09,39.3,0.93,3.49,19.1,17.7,4.88,39.3,0.47,25.0,1.4,75.0,18.8,1.16,2.56,1.4,26.7,1.16,0.93,0.93,1.16,0.93,33.3,1.86,1.16,0.93,0.47,1.63,0.47,0.0,1.86,1.84,0.0,0.0,0.0,0.0,0.0,0.0,0.47,0.46,0.0,0.0,0.0,0.0,0.0,0.0,0.0,1.63,0.93,0.47,0.7,0.47,0.93,0.0,0.0,0.0,4.19,6.74,53.7,,,,,,,,,,,,,,,,,,,,,,,,,,,,
Griffin Dorsey,us USA,DF,Houston Dynamo,23,1999,19,10,1027,11.4,0.26,0.18,0.44,0.26,0.0,0.0,0.61,0.0,0.04,0.04,0.26,0.31,3.33,2.81,5.44,0.26,0.18,0.44,0.26,0.44,0.04,0.26,0.31,0.04,0.31,Matches,2023,11.4,36.1,18.3,14.2,2.89,44.6,20.4,16.9,4.74,80.9,89.7,83.9,61.1,602.5,155.2,36.1,18.3,14.2,2.89,44.6,20.4,16.9,4.74,80.9,89.7,83.9,61.1,36.1,18.3,14.2,2.89,44.6,20.4,16.9,4.74,80.9,89.7,83.9,61.1,36.1,18.3,14.2,2.89,44.6,20.4,16.9,4.74,80.9,89.7,83.9,61.1,0.18,0.19,-0.09,1.32,1.84,1.14,0.53,0.26,0.96,0.44,45.5,0.96,0.44,0.27,0.6,15.6,0.0,0.0,0.0,0.05,0.22,0.22,56.6,3.6,17.5,22.4,17.3,2.19,56.6,1.23,40.0,1.23,40.0,30.9,0.44,1.4,0.53,36.5,1.23,0.35,0.88,1.23,0.35,50.0,0.35,1.14,0.88,1.14,2.37,2.98,0.0,2.37,2.37,0.09,0.0,0.35,0.09,0.0,0.0,0.26,0.26,0.09,0.0,0.35,0.09,0.0,0.0,0.0,1.67,1.23,0.0,2.81,1.14,0.88,0.09,0.0,0.0,4.74,0.88,50.0,,,,,,,,,,,,,,,,,,,,,,,,,,,,
C.J. dos Santos,us USA,GK,Inter Miami,22,2000,1,1,90,1.0,0.0,0.0,0.0,0.0,0.0,0.0,0.0,0.0,0.0,0.0,0.0,0.0,0.0,0.0,0.0,0.0,0.0,0.0,0.0,0.0,0.0,0.0,0.0,0.0,0.0,Matches,2023,1.0,42.0,9.0,23.0,10.0,59.0,9.0,24.0,25.0,71.2,100.0,95.8,40.0,976.0,703.0,42.0,9.0,23.0,10.0,59.0,9.0,24.0,25.0,71.2,100.0,95.8,40.0,42.0,9.0,23.0,10.0,59.0,9.0,24.0,25.0,71.2,100.0,95.8,40.0,42.0,9.0,23.0,10.0,59.0,9.0,24.0,25.0,71.2,100.0,95.8,40.0,0.0,0.0,0.0,0.0,1.0,0.0,0.0,0.0,0.0,0.0,,0.0,0.0,,,,0.0,0.0,0.0,,0.0,0.0,60.0,50.0,59.0,1.0,0.0,0.0,60.0,0.0,,0.0,,43.0,0.0,0.0,0.0,33.0,0.0,0.0,0.0,0.0,0.0,,0.0,0.0,0.0,0.0,0.0,1.0,0.0,0.0,0.0,0.0,0.0,0.0,0.0,0.0,0.0,0.0,0.0,0.0,0.0,0.0,0.0,0.0,0.0,0.0,0.0,0.0,0.0,0.0,0.0,0.0,0.0,0.0,0.0,2.0,3.0,100.0,1.0,0.0,0.0,0.0,1.9,0.48,0.9,0.92,53.0,8.0,26.4,60.0,30.4,46.2,23.2,26.4,60.0,30.4,46.2,23.2,9.0,2.0,22.2,6.0,6.0,30.4,46.2,23.2
Hassani Dotson,us USA,"MF,FW",Minnesota Utd,25,1997,34,29,2572,28.6,0.1,0.1,0.21,0.1,0.0,0.0,0.1,0.0,0.18,0.18,0.11,0.29,0.94,5.28,3.64,0.1,0.1,0.21,0.1,0.21,0.18,0.11,0.29,0.18,0.29,Matches,2023,28.6,35.0,16.9,14.0,3.15,43.4,19.8,16.4,4.44,80.8,85.0,85.1,70.9,586.5,177.2,35.0,16.9,14.0,3.15,43.4,19.8,16.4,4.44,80.8,85.0,85.1,70.9,35.0,16.9,14.0,3.15,43.4,19.8,16.4,4.44,80.8,85.0,85.1,70.9,35.0,16.9,14.0,3.15,43.4,19.8,16.4,4.44,80.8,85.0,85.1,70.9,0.1,0.16,-0.0,1.22,3.74,1.4,0.24,0.1,1.71,0.52,30.6,1.71,0.52,0.06,0.2,18.4,0.07,0.0,0.0,0.1,-0.07,-0.07,56.8,2.1,11.6,28.3,17.7,2.34,56.8,1.4,55.6,1.08,43.1,30.8,0.24,1.78,1.68,36.8,2.27,0.94,1.19,2.27,0.94,57.4,0.7,1.68,1.36,1.12,3.39,1.75,0.0,3.15,3.15,0.14,0.0,0.14,0.03,0.03,0.03,0.38,0.39,0.14,0.0,0.14,0.03,0.03,0.03,0.0,0.73,1.15,0.03,1.08,1.12,1.19,0.03,0.0,0.0,5.91,1.54,46.3,,,,,,,,,,,,,,,,,,,,,,,,,,,,
Ousmane Doumbia,ci CIV,MF,Chicago Fire,30,1992,11,9,811,9.0,0.0,0.11,0.11,0.0,0.0,0.0,0.44,0.0,0.02,0.02,0.03,0.06,0.67,5.11,0.56,0.0,0.11,0.11,0.0,0.11,0.02,0.04,0.05,0.02,0.05,Matches,2023,9.0,39.1,16.8,18.8,3.22,45.8,19.2,20.4,4.78,85.4,87.3,91.8,67.4,697.3,239.2,39.1,16.8,18.8,3.22,45.8,19.2,20.4,4.78,85.4,87.3,91.8,67.4,39.1,16.8,18.8,3.22,45.8,19.2,20.4,4.78,85.4,87.3,91.8,67.4,39.1,16.8,18.8,3.22,45.8,19.2,20.4,4.78,85.4,87.3,91.8,67.4,0.11,0.04,0.08,0.44,3.78,0.67,0.22,0.0,0.44,0.0,0.0,0.44,0.0,0.0,,22.6,0.0,0.0,0.0,0.04,-0.02,-0.02,54.9,3.0,17.8,30.6,7.0,0.44,54.9,0.33,50.0,0.33,50.0,30.9,0.0,1.22,0.56,38.1,2.11,1.0,1.22,2.11,1.0,39.1,1.56,1.11,0.78,1.67,3.78,0.78,0.11,1.67,1.66,0.0,0.0,0.0,0.0,0.11,0.0,0.33,0.33,0.0,0.0,0.0,0.0,0.11,0.0,0.0,2.11,0.67,0.11,0.67,1.67,1.22,0.0,0.0,0.0,6.89,0.56,71.4,,,,,,,,,,,,,,,,,,,,,,,,,,,,
Sebastián Driussi,ar ARG,"MF,FW",Austin,26,1996,28,26,2306,25.6,0.43,0.16,0.59,0.35,0.08,0.08,0.04,0.0,0.4,0.34,0.15,0.5,2.77,5.23,5.27,0.43,0.16,0.59,0.35,0.51,0.4,0.15,0.56,0.34,0.5,Matches,2023,25.6,27.5,13.4,10.3,3.13,34.3,15.3,12.3,4.38,80.2,87.8,84.1,71.4,482.3,109.5,27.5,13.4,10.3,3.13,34.3,15.3,12.3,4.38,80.2,87.8,84.1,71.4,27.5,13.4,10.3,3.13,34.3,15.3,12.3,4.38,80.2,87.8,84.1,71.4,27.5,13.4,10.3,3.13,34.3,15.3,12.3,4.38,80.2,87.8,84.1,71.4,0.16,0.13,0.0,0.82,3.13,0.9,0.12,0.43,2.89,1.13,39.2,2.89,1.13,0.12,0.31,18.3,0.16,0.08,0.08,0.12,0.03,0.01,47.1,1.72,5.63,23.9,18.8,3.4,47.0,2.38,48.4,2.15,43.7,30.4,0.51,1.95,1.29,34.2,1.33,0.43,0.9,1.33,0.43,33.3,0.86,1.13,0.9,0.31,1.64,1.29,0.0,2.81,2.81,0.27,0.04,0.16,0.04,0.04,0.0,0.47,0.47,0.27,0.04,0.16,0.04,0.04,0.0,0.0,0.86,1.33,0.04,1.64,0.31,0.9,0.04,0.0,0.0,3.71,0.9,37.7,,,,,,,,,,,,,,,,,,,,,,,,,,,,
Erik Duenas,us USA,"MF,DF",LAFC,18,2004,18,8,757,8.4,0.0,0.0,0.0,0.0,0.0,0.0,0.24,0.0,0.07,0.07,0.05,0.12,1.9,5.6,3.33,0.0,0.0,0.0,0.0,0.0,0.07,0.04,0.12,0.07,0.12,Matches,2023,8.4,40.4,21.7,16.9,1.31,47.0,23.8,18.3,2.86,85.8,91.0,92.2,45.8,601.4,165.1,40.4,21.7,16.9,1.31,47.0,23.8,18.3,2.86,85.8,91.0,92.2,45.8,40.4,21.7,16.9,1.31,47.0,23.8,18.3,2.86,85.8,91.0,92.2,45.8,40.4,21.7,16.9,1.31,47.0,23.8,18.3,2.86,85.8,91.0,92.2,45.8,0.0,0.04,-0.05,1.31,3.69,0.6,0.12,0.0,1.19,0.12,10.0,1.19,0.12,0.0,0.0,24.7,0.0,0.0,0.0,0.06,-0.07,-0.07,61.2,1.07,10.7,33.1,18.1,0.6,61.2,1.9,55.2,1.19,34.5,37.6,0.12,2.98,2.26,39.5,3.45,2.26,1.67,3.45,2.26,47.5,2.5,1.55,1.43,1.55,5.0,0.71,0.0,2.98,2.98,0.24,0.0,0.12,0.0,0.0,0.0,0.24,0.24,0.24,0.0,0.12,0.0,0.0,0.0,0.0,2.26,1.79,0.0,0.36,1.55,1.67,0.0,0.0,0.0,7.62,0.12,33.3,,,,,,,,,,,,,,,,,,,,,,,,,,,,
Bryce Duke,us USA,MF,Inter Miami,21,2001,7,4,439,4.9,0.0,0.0,0.0,0.0,0.0,0.0,0.2,0.0,0.06,0.06,0.02,0.06,0.2,5.92,3.27,0.0,0.0,0.0,0.0,0.0,0.05,0.02,0.07,0.05,0.07,Matches,2023,4.9,55.9,31.0,20.0,4.29,65.9,32.9,23.5,6.33,84.8,94.4,85.2,67.7,901.2,182.9,55.9,31.0,20.0,4.29,65.9,32.9,23.5,6.33,84.8,94.4,85.2,67.7,55.9,31.0,20.0,4.29,65.9,32.9,23.5,6.33,84.8,94.4,85.2,67.7,55.9,31.0,20.0,4.29,65.9,32.9,23.5,6.33,84.8,94.4,85.2,67.7,0.0,0.06,-0.02,0.61,4.29,0.41,0.0,0.0,0.61,0.2,33.3,0.62,0.21,0.0,0.0,18.3,0.0,0.0,0.0,0.08,-0.06,-0.06,78.4,1.02,8.37,52.0,19.2,0.61,78.4,0.61,23.1,2.04,76.9,45.1,0.0,2.45,1.43,57.3,1.84,1.02,0.61,1.84,1.02,83.3,0.2,0.61,0.61,1.43,3.27,0.0,0.0,2.04,2.05,0.2,0.0,0.2,0.0,0.0,0.0,0.2,0.21,0.2,0.0,0.2,0.0,0.0,0.0,0.0,1.02,1.43,0.0,0.61,1.43,0.61,0.0,0.0,0.0,6.94,0.2,8.3,,,,,,,,,,,,,,,,,,,,,,,,,,,,
Bryce Duke,us USA,"MF,FW",CF Montréal,21,2001,26,20,1465,16.3,0.12,0.06,0.18,0.12,0.0,0.0,0.12,0.0,0.1,0.1,0.17,0.28,2.33,4.91,5.15,0.12,0.06,0.18,0.12,0.18,0.1,0.17,0.28,0.1,0.28,Matches,2023,16.3,29.3,15.3,9.88,3.19,41.4,19.0,13.4,6.38,70.8,80.6,73.5,50.0,492.2,150.7,29.3,15.3,9.88,3.19,41.4,19.0,13.4,6.38,70.8,80.6,73.5,50.0,29.3,15.3,9.88,3.19,41.4,19.0,13.4,6.38,70.8,80.6,73.5,50.0,29.3,15.3,9.88,3.19,41.4,19.0,13.4,6.38,70.8,80.6,73.5,50.0,0.06,0.17,-0.11,1.9,3.44,1.04,0.18,0.12,1.53,0.55,36.0,1.54,0.55,0.08,0.22,23.5,0.12,0.0,0.0,0.07,0.02,0.02,52.5,0.31,5.21,27.1,20.7,1.17,52.5,0.86,28.0,1.72,56.0,31.7,0.12,2.7,0.92,36.1,1.47,0.86,0.8,1.47,0.86,58.3,0.61,0.8,0.8,0.92,2.39,0.12,0.0,3.8,3.81,0.06,0.0,0.31,0.0,0.12,0.0,0.12,0.12,0.06,0.0,0.31,0.0,0.12,0.0,0.0,1.04,2.21,0.18,3.62,0.92,0.8,0.0,0.0,0.0,4.48,0.37,37.5,,,,,,,,,,,,,,,,,,,,,,,,,,,,
Cameron Duke,us USA,DF,Sporting KC,21,2001,4,1,135,1.5,0.0,0.0,0.0,0.0,0.0,0.0,0.0,0.0,0.0,0.0,0.0,0.0,2.0,4.67,6.67,0.0,0.0,0.0,0.0,0.0,0.0,0.01,0.01,0.0,0.01,Matches,2023,1.5,46.7,18.7,23.3,4.67,60.7,21.3,29.3,9.33,76.9,87.5,79.5,50.0,826.0,259.3,46.7,18.7,23.3,4.67,60.7,21.3,29.3,9.33,76.9,87.5,79.5,50.0,46.7,18.7,23.3,4.67,60.7,21.3,29.3,9.33,76.9,87.5,79.5,50.0,46.7,18.7,23.3,4.67,60.7,21.3,29.3,9.33,76.9,87.5,79.5,50.0,0.0,0.0,0.0,0.67,6.67,0.0,0.0,0.0,0.0,0.0,,0.0,0.0,,,,0.0,0.0,0.0,,0.0,0.0,78.7,3.33,21.3,43.3,16.0,0.0,78.7,0.67,25.0,2.0,75.0,43.3,0.0,3.33,0.67,42.7,3.33,0.67,2.0,3.33,0.67,25.0,2.0,0.0,0.0,3.33,6.67,2.0,0.0,1.33,1.33,0.0,0.0,0.0,0.0,0.0,0.0,0.0,0.0,0.0,0.0,0.0,0.0,0.0,0.0,0.0,0.0,0.67,0.0,2.67,3.33,2.0,0.0,0.0,0.0,9.33,0.67,50.0,,,,,,,,,,,,,,,,,,,,,,,,,,,,
Cameron Dunbar,us USA,"MF,FW",Minnesota Utd,20,2002,3,1,113,1.3,0.0,0.0,0.0,0.0,0.0,0.0,0.0,0.0,0.15,0.15,0.08,0.15,1.54,2.31,7.69,0.0,0.0,0.0,0.0,0.0,0.13,0.05,0.18,0.13,0.18,Matches,2023,1.3,10.0,4.62,3.08,2.31,20.0,6.15,3.85,8.46,50.0,75.0,80.0,27.3,186.2,50.8,10.0,4.62,3.08,2.31,20.0,6.15,3.85,8.46,50.0,75.0,80.0,27.3,10.0,4.62,3.08,2.31,20.0,6.15,3.85,8.46,50.0,75.0,80.0,27.3,10.0,4.62,3.08,2.31,20.0,6.15,3.85,8.46,50.0,75.0,80.0,27.3,0.0,0.15,-0.08,0.77,0.77,1.54,0.77,0.0,1.54,0.0,0.0,1.59,0.0,0.0,,16.9,0.0,0.0,0.0,0.08,-0.15,-0.15,35.4,1.54,6.92,12.3,16.9,3.85,35.4,0.77,16.7,3.08,66.7,20.8,0.0,2.31,1.54,16.2,1.54,0.77,0.0,1.54,0.77,33.3,1.54,0.0,0.0,1.54,3.08,1.54,0.0,2.31,2.39,0.0,0.0,0.0,0.0,0.0,0.0,0.0,0.0,0.0,0.0,0.0,0.0,0.0,0.0,0.0,0.0,3.08,0.0,6.92,1.54,0.0,0.0,0.0,0.0,6.92,0.0,0.0,,,,,,,,,,,,,,,,,,,,,,,,,,,,
Kyle Duncan,us USA,DF,NY Red Bulls,25,1997,25,19,1848,20.5,0.0,0.1,0.1,0.0,0.0,0.0,0.54,0.0,0.04,0.04,0.16,0.2,2.73,2.44,4.15,0.0,0.1,0.1,0.0,0.1,0.04,0.15,0.19,0.04,0.19,Matches,2023,20.5,29.9,16.4,10.6,1.56,45.1,20.0,17.0,4.88,66.2,82.2,62.5,32.0,451.6,198.3,29.9,16.4,10.6,1.56,45.1,20.0,17.0,4.88,66.2,82.2,62.5,32.0,29.9,16.4,10.6,1.56,45.1,20.0,17.0,4.88,66.2,82.2,62.5,32.0,29.9,16.4,10.6,1.56,45.1,20.0,17.0,4.88,66.2,82.2,62.5,32.0,0.1,0.13,-0.06,1.22,2.29,0.73,0.24,0.0,0.63,0.2,30.8,0.63,0.19,0.0,0.0,22.1,0.0,0.0,0.0,0.06,-0.04,-0.04,58.6,2.44,13.9,27.1,18.9,1.71,58.6,1.51,45.6,1.37,41.2,26.4,0.68,1.95,0.73,24.5,2.63,1.8,1.85,2.63,1.8,68.5,0.83,1.8,1.61,1.46,4.1,1.56,0.0,2.39,2.39,0.2,0.0,0.24,0.05,0.15,0.0,0.24,0.24,0.2,0.0,0.24,0.05,0.15,0.0,0.0,2.1,1.8,0.0,1.76,1.46,1.85,0.0,0.1,0.0,8.83,2.0,52.6,,,,,,,,,,,,,,,,,,,,,,,,,,,,
Chris Durkin,us USA,MF,D.C. United,22,2000,31,24,1971,21.9,0.14,0.09,0.23,0.14,0.0,0.0,0.09,0.0,0.06,0.06,0.15,0.21,1.28,3.7,4.75,0.14,0.09,0.23,0.14,0.23,0.06,0.15,0.21,0.06,0.21,Matches,2023,21.9,25.1,12.9,9.13,2.28,34.6,14.9,12.5,4.84,72.5,86.8,73.3,47.2,413.3,147.6,25.1,12.9,9.13,2.28,34.6,14.9,12.5,4.84,72.5,86.8,73.3,47.2,25.1,12.9,9.13,2.28,34.6,14.9,12.5,4.84,72.5,86.8,73.3,47.2,25.1,12.9,9.13,2.28,34.6,14.9,12.5,4.84,72.5,86.8,73.3,47.2,0.09,0.16,-0.06,1.32,3.24,1.14,0.41,0.14,0.91,0.23,25.0,0.91,0.23,0.15,0.6,23.4,0.0,0.0,0.0,0.06,0.08,0.08,44.4,1.64,9.0,21.1,15.0,2.1,44.4,0.96,58.3,0.55,33.3,24.5,0.37,1.23,1.37,27.4,2.1,1.14,1.55,2.1,1.14,53.2,1.0,1.19,0.87,0.96,3.06,1.23,0.05,2.79,2.78,0.18,0.09,0.14,0.0,0.23,0.05,0.27,0.27,0.18,0.09,0.14,0.0,0.23,0.05,0.0,1.69,1.55,0.09,2.42,0.96,1.55,0.0,0.05,0.0,5.48,0.59,31.7,,,,,,,,,,,,,,,,,,,,,,,,,,,,
Jeremy Ebobisse,us USA,FW,SJ Earthquakes,25,1997,34,34,2963,32.9,0.3,0.06,0.36,0.27,0.03,0.03,0.09,0.0,0.29,0.26,0.1,0.37,1.06,2.83,4.32,0.3,0.06,0.36,0.27,0.33,0.29,0.1,0.39,0.26,0.37,Matches,2023,32.9,16.7,8.72,5.35,1.7,21.8,10.6,6.72,2.31,76.3,82.5,79.6,73.7,266.5,52.7,16.7,8.72,5.35,1.7,21.8,10.6,6.72,2.31,76.3,82.5,79.6,73.7,16.7,8.72,5.35,1.7,21.8,10.6,6.72,2.31,76.3,82.5,79.6,73.7,16.7,8.72,5.35,1.7,21.8,10.6,6.72,2.31,76.3,82.5,79.6,73.7,0.06,0.09,-0.04,0.97,1.58,0.82,0.18,0.3,1.88,0.61,32.3,1.88,0.61,0.15,0.45,16.1,0.09,0.03,0.03,0.14,0.02,0.01,30.0,0.58,2.13,14.4,14.0,3.25,30.0,1.61,63.9,0.73,28.9,19.6,0.4,1.98,1.61,23.5,0.49,0.18,0.27,0.49,0.18,24.0,0.58,0.3,0.21,0.43,0.91,0.4,0.0,2.28,2.28,0.06,0.0,0.36,0.09,0.03,0.0,0.27,0.27,0.06,0.0,0.36,0.09,0.03,0.0,0.0,0.58,1.79,0.21,0.49,0.43,0.27,0.09,0.0,0.0,2.1,0.76,41.7,,,,,,,,,,,,,,,,,,,,,,,,,,,,
Daniel Edelman,us USA,MF,NY Red Bulls,19,2003,23,22,1854,20.6,0.05,0.0,0.05,0.05,0.0,0.0,0.24,0.0,0.01,0.01,0.07,0.08,0.63,5.78,1.02,0.05,0.0,0.05,0.05,0.05,0.01,0.07,0.08,0.01,0.08,Matches,2023,20.6,35.9,16.5,14.7,3.59,46.3,20.3,17.4,6.02,77.6,81.1,84.4,59.7,618.1,178.9,35.9,16.5,14.7,3.59,46.3,20.3,17.4,6.02,77.6,81.1,84.4,59.7,35.9,16.5,14.7,3.59,46.3,20.3,17.4,6.02,77.6,81.1,84.4,59.7,35.9,16.5,14.7,3.59,46.3,20.3,17.4,6.02,77.6,81.1,84.4,59.7,0.0,0.07,-0.07,0.68,6.26,0.58,0.05,0.05,0.49,0.1,20.0,0.49,0.1,0.1,0.5,26.7,0.0,0.0,0.0,0.03,0.03,0.03,55.1,1.8,8.54,36.3,10.9,0.15,55.1,0.29,50.0,0.19,33.3,25.8,0.05,0.68,0.53,31.6,2.23,1.31,1.17,2.23,1.31,45.8,1.55,1.55,1.46,1.31,3.54,1.07,0.0,1.94,1.94,0.0,0.0,0.0,0.0,0.1,0.0,0.05,0.05,0.0,0.0,0.0,0.0,0.1,0.0,0.0,1.21,1.8,0.0,0.39,1.31,1.17,0.0,0.0,0.0,7.96,1.84,55.1,,,,,,,,,,,,,,,,,,,,,,,,,,,,
Earl Edwards Jr.,us USA,GK,NE Revolution,31,1992,10,10,900,10.0,0.0,0.0,0.0,0.0,0.0,0.0,0.2,0.0,0.0,0.0,0.0,0.0,0.0,0.0,0.0,0.0,0.0,0.0,0.0,0.0,0.0,0.0,0.0,0.0,0.0,Matches,2023,10.0,24.3,3.3,11.6,9.3,34.6,3.4,11.6,19.2,70.2,97.1,100.0,48.4,750.5,600.9,24.3,3.3,11.6,9.3,34.6,3.4,11.6,19.2,70.2,97.1,100.0,48.4,24.3,3.3,11.6,9.3,34.6,3.4,11.6,19.2,70.2,97.1,100.0,48.4,24.3,3.3,11.6,9.3,34.6,3.4,11.6,19.2,70.2,97.1,100.0,48.4,0.0,0.0,0.0,0.0,0.7,0.0,0.0,0.0,0.0,0.0,,0.0,0.0,,,,0.0,0.0,0.0,,0.0,0.0,36.4,32.5,36.3,0.1,0.0,0.0,36.4,0.0,,0.0,,19.8,0.0,0.0,0.0,13.7,0.0,0.0,0.0,0.0,0.0,0.0,0.1,0.0,0.0,0.0,0.0,0.4,0.1,0.3,0.3,0.0,0.0,0.0,0.0,0.0,0.0,0.0,0.0,0.0,0.0,0.0,0.0,0.0,0.0,0.0,0.0,0.0,0.0,0.0,0.0,0.0,0.0,0.0,0.0,1.7,0.2,66.7,1.5,0.0,0.3,0.0,1.24,0.28,-0.26,-0.26,24.3,5.7,39.5,59.0,35.3,45.5,12.4,39.5,59.0,35.3,45.5,12.4,14.2,0.6,4.2,0.5,0.5,35.3,45.5,12.4
Raheem Edwards,ca CAN,DF,LA Galaxy,27,1995,30,21,1871,20.8,0.1,0.14,0.24,0.1,0.0,0.0,0.38,0.0,0.05,0.05,0.12,0.16,2.69,3.17,5.96,0.1,0.14,0.24,0.1,0.24,0.05,0.11,0.17,0.05,0.17,Matches,2023,20.8,43.4,23.2,15.6,3.51,52.8,26.1,17.9,5.29,82.2,89.0,87.1,66.4,687.4,219.3,43.4,23.2,15.6,3.51,52.8,26.1,17.9,5.29,82.2,89.0,87.1,66.4,43.4,23.2,15.6,3.51,52.8,26.1,17.9,5.29,82.2,89.0,87.1,66.4,43.4,23.2,15.6,3.51,52.8,26.1,17.9,5.29,82.2,89.0,87.1,66.4,0.14,0.09,0.03,0.96,1.63,1.15,0.43,0.1,0.82,0.29,35.3,0.82,0.29,0.12,0.33,17.1,0.0,0.0,0.0,0.06,0.04,0.04,66.0,3.7,21.2,27.7,18.0,2.45,66.0,1.97,57.7,0.87,25.4,38.1,0.77,2.31,0.87,42.1,2.79,1.59,1.59,2.79,1.59,52.4,1.44,1.49,1.25,1.15,3.94,2.16,0.05,2.55,2.55,0.24,0.05,0.14,0.05,0.19,0.0,0.34,0.34,0.24,0.05,0.14,0.05,0.19,0.0,0.0,1.44,1.73,0.29,2.36,1.15,1.59,0.05,0.0,0.0,6.49,1.15,48.0,,,,,,,,,,,,,,,,,,,,,,,,,,,,
Jack Elliott,eng ENG,DF,Philadelphia Union,27,1995,32,31,2791,31.0,0.0,0.03,0.03,0.0,0.0,0.0,0.23,0.03,0.09,0.09,0.02,0.11,0.42,2.0,0.23,0.0,0.03,0.03,0.0,0.03,0.09,0.02,0.11,0.09,0.11,Matches,2023,31.0,34.8,8.13,18.7,7.77,42.8,9.19,20.5,12.3,81.3,88.4,91.6,63.1,804.8,348.8,34.8,8.13,18.7,7.77,42.8,9.19,20.5,12.3,81.3,88.4,91.6,63.1,34.8,8.13,18.7,7.77,42.8,9.19,20.5,12.3,81.3,88.4,91.6,63.1,34.8,8.13,18.7,7.77,42.8,9.19,20.5,12.3,81.3,88.4,91.6,63.1,0.03,0.02,0.01,0.26,1.94,0.1,0.0,0.0,1.03,0.1,9.4,1.03,0.1,0.0,0.0,12.7,0.1,0.0,0.0,0.09,-0.09,-0.09,53.0,8.39,32.1,19.0,2.23,1.32,53.0,0.16,50.0,0.1,30.0,27.6,0.0,0.26,0.16,30.8,1.32,0.68,0.74,1.32,0.68,52.5,0.61,1.29,0.65,1.48,2.81,4.03,0.0,0.84,0.84,0.0,0.0,0.0,0.0,0.0,0.0,0.03,0.03,0.0,0.0,0.0,0.0,0.0,0.0,0.03,0.81,0.35,0.13,0.03,1.48,0.74,0.0,0.03,0.0,6.16,1.84,61.3,,,,,,,,,,,,,,,,,,,,,,,,,,,,
Herbert Endeley,us USA,"MF,FW",FC Dallas,21,2001,8,2,212,2.4,0.0,0.0,0.0,0.0,0.0,0.0,0.0,0.0,0.0,0.0,0.0,0.04,2.08,3.33,4.17,0.0,0.0,0.0,0.0,0.0,0.02,0.01,0.03,0.02,0.03,Matches,2023,2.4,18.3,7.5,9.58,0.83,24.6,10.0,12.5,0.83,74.6,75.0,76.7,100.0,307.1,93.3,18.3,7.5,9.58,0.83,24.6,10.0,12.5,0.83,74.6,75.0,76.7,100.0,18.3,7.5,9.58,0.83,24.6,10.0,12.5,0.83,74.6,75.0,76.7,100.0,18.3,7.5,9.58,0.83,24.6,10.0,12.5,0.83,74.6,75.0,76.7,100.0,0.0,0.04,0.0,0.42,0.83,1.25,0.0,0.0,0.42,0.42,100.0,0.42,0.42,0.0,0.0,15.5,0.0,0.0,0.0,0.04,0.0,0.0,35.0,2.08,9.17,14.6,11.7,2.08,35.0,1.67,50.0,0.83,25.0,18.3,1.25,2.92,2.08,19.6,1.67,1.25,1.67,1.67,1.25,60.0,0.83,0.83,0.83,0.42,2.08,1.25,0.0,2.08,2.12,0.0,0.0,0.42,0.0,0.0,0.0,0.0,0.0,0.0,0.0,0.42,0.0,0.0,0.0,0.0,0.42,2.5,0.0,1.25,0.42,1.67,0.0,0.0,0.0,4.17,0.42,50.0,,,,,,,,,,,,,,,,,,,,,,,,,,,,
Emeka Eneli,us USA,"DF,MF",Real Salt Lake,23,1999,21,13,1324,14.7,0.0,0.0,0.0,0.0,0.0,0.0,0.34,0.0,0.01,0.01,0.07,0.08,1.9,4.63,2.52,0.0,0.0,0.0,0.0,0.0,0.01,0.07,0.08,0.01,0.08,Matches,2023,14.7,41.8,20.9,17.8,1.9,48.2,22.9,19.9,2.72,86.9,91.4,89.7,70.0,664.6,194.0,41.8,20.9,17.8,1.9,48.2,22.9,19.9,2.72,86.9,91.4,89.7,70.0,41.8,20.9,17.8,1.9,48.2,22.9,19.9,2.72,86.9,91.4,89.7,70.0,41.8,20.9,17.8,1.9,48.2,22.9,19.9,2.72,86.9,91.4,89.7,70.0,0.0,0.08,-0.07,0.75,3.54,0.41,0.07,0.0,0.2,0.07,33.3,0.2,0.07,0.0,0.0,22.3,0.0,0.0,0.0,0.06,-0.01,-0.01,57.5,2.11,13.9,30.1,14.5,0.61,57.5,1.97,63.0,0.82,26.1,31.6,0.27,0.88,0.34,34.1,1.63,0.88,0.82,1.63,0.88,46.4,1.02,1.5,1.09,0.88,2.52,1.16,0.0,2.24,2.24,0.07,0.0,0.41,0.0,0.0,0.0,0.0,0.0,0.07,0.0,0.41,0.0,0.0,0.0,0.0,0.75,1.9,0.14,0.88,0.88,0.82,0.0,0.0,0.0,7.28,0.68,41.7,,,,,,,,,,,,,,,,,,,,,,,,,,,,
Ramiro Enrique,ar ARG,FW,Orlando City,21,2001,30,7,1038,11.5,0.35,0.09,0.43,0.35,0.0,0.0,0.35,0.0,0.36,0.36,0.05,0.41,1.74,1.57,5.48,0.35,0.09,0.43,0.35,0.43,0.35,0.05,0.4,0.35,0.4,Matches,2023,11.5,16.3,9.74,5.04,0.61,22.8,12.1,7.13,1.22,71.4,80.6,70.7,50.0,220.3,35.0,16.3,9.74,5.04,0.61,22.8,12.1,7.13,1.22,71.4,80.6,70.7,50.0,16.3,9.74,5.04,0.61,22.8,12.1,7.13,1.22,71.4,80.6,70.7,50.0,16.3,9.74,5.04,0.61,22.8,12.1,7.13,1.22,71.4,80.6,70.7,50.0,0.09,0.05,0.03,0.43,0.96,0.35,0.09,0.35,3.04,0.7,22.9,3.03,0.69,0.11,0.5,14.4,0.0,0.0,0.0,0.12,-0.01,-0.01,33.7,1.57,4.0,14.8,15.4,4.96,33.7,1.13,72.2,0.43,27.8,17.7,0.61,1.65,1.22,25.3,1.04,0.26,0.52,1.04,0.26,50.0,0.26,0.61,0.61,0.35,1.39,1.13,0.0,1.57,1.56,0.35,0.0,0.17,0.0,0.0,0.0,0.26,0.26,0.35,0.0,0.17,0.0,0.0,0.0,0.0,2.09,2.0,0.43,0.61,0.35,0.52,0.0,0.09,0.0,1.65,4.17,44.9,,,,,,,,,,,,,,,,,,,,,,,,,,,,
Franco Escobar,ar ARG,DF,Houston Dynamo,27,1995,28,24,2223,24.7,0.08,0.0,0.08,0.08,0.0,0.0,0.45,0.0,0.06,0.06,0.03,0.09,1.5,2.47,4.86,0.08,0.0,0.08,0.08,0.08,0.07,0.03,0.09,0.07,0.09,Matches,2023,24.7,40.2,23.2,14.7,1.74,47.9,25.8,17.0,3.16,84.0,89.8,86.0,55.1,599.5,186.3,40.2,23.2,14.7,1.74,47.9,25.8,17.0,3.16,84.0,89.8,86.0,55.1,40.2,23.2,14.7,1.74,47.9,25.8,17.0,3.16,84.0,89.8,86.0,55.1,40.2,23.2,14.7,1.74,47.9,25.8,17.0,3.16,84.0,89.8,86.0,55.1,0.0,0.04,-0.03,0.4,1.98,0.61,0.28,0.08,0.73,0.4,55.6,0.73,0.4,0.11,0.2,14.4,0.0,0.0,0.0,0.09,0.02,0.02,59.0,3.16,18.4,26.4,14.7,1.54,59.0,1.09,61.4,0.57,31.8,31.1,0.32,1.46,0.73,34.3,2.91,1.7,1.98,2.91,1.7,67.7,0.81,1.26,0.93,1.42,4.33,1.5,0.0,1.38,1.38,0.16,0.0,0.08,0.0,0.08,0.0,0.08,0.08,0.16,0.0,0.08,0.0,0.08,0.0,0.0,0.97,0.77,0.2,1.17,1.42,1.98,0.0,0.0,0.0,5.47,0.93,38.3,,,,,,,,,,,,,,,,,,,,,,,,,,,,
Cristian Espinoza,ar ARG,"FW,MF",SJ Earthquakes,27,1995,34,34,3030,33.7,0.39,0.24,0.62,0.27,0.12,0.12,0.18,0.0,0.23,0.14,0.39,0.54,4.07,3.77,10.4,0.39,0.24,0.62,0.27,0.5,0.23,0.4,0.63,0.14,0.54,Matches,2023,33.7,30.5,15.7,10.1,3.35,46.3,19.0,14.8,8.19,65.8,82.5,68.4,40.9,510.6,147.8,30.5,15.7,10.1,3.35,46.3,19.0,14.8,8.19,65.8,82.5,68.4,40.9,30.5,15.7,10.1,3.35,46.3,19.0,14.8,8.19,65.8,82.5,68.4,40.9,30.5,15.7,10.1,3.35,46.3,19.0,14.8,8.19,65.8,82.5,68.4,40.9,0.24,0.39,-0.16,3.0,1.6,1.96,0.95,0.39,1.75,0.8,45.8,1.75,0.8,0.15,0.33,22.4,0.18,0.12,0.12,0.08,0.15,0.13,57.9,0.77,6.05,17.5,35.0,3.74,57.8,1.75,43.7,2.14,53.3,33.4,1.39,2.34,1.25,38.5,1.39,0.65,0.98,1.39,0.65,26.2,1.84,1.1,1.04,0.62,2.02,0.68,0.0,5.22,5.23,0.45,0.06,0.0,0.0,0.12,0.0,0.45,0.45,0.45,0.06,0.0,0.0,0.12,0.0,0.0,1.31,0.59,0.3,11.1,0.62,0.98,0.0,0.0,0.0,4.04,0.15,13.9,,,,,,,,,,,,,,,,,,,,,,,,,,,,
Roger Espinoza,hn HON,MF,Sporting KC,36,1986,22,7,728,8.1,0.0,0.25,0.25,0.0,0.0,0.0,0.37,0.0,0.07,0.07,0.17,0.25,2.1,6.67,4.81,0.0,0.25,0.25,0.0,0.25,0.08,0.18,0.25,0.08,0.25,Matches,2023,8.1,40.1,16.5,17.2,5.93,51.7,19.8,20.2,9.51,77.6,83.8,84.8,62.3,767.8,229.8,40.1,16.5,17.2,5.93,51.7,19.8,20.2,9.51,77.6,83.8,84.8,62.3,40.1,16.5,17.2,5.93,51.7,19.8,20.2,9.51,77.6,83.8,84.8,62.3,40.1,16.5,17.2,5.93,51.7,19.8,20.2,9.51,77.6,83.8,84.8,62.3,0.25,0.1,0.07,1.11,7.53,1.36,0.0,0.0,1.48,0.62,41.7,1.48,0.62,0.0,0.0,20.1,0.0,0.0,0.0,0.05,-0.07,-0.07,60.6,1.36,9.88,33.6,17.8,1.73,60.6,0.86,70.0,0.37,30.0,34.8,0.49,1.48,1.11,42.3,2.1,1.23,0.99,2.1,1.23,47.6,1.36,0.99,0.86,0.99,3.09,1.11,0.0,2.1,2.1,0.0,0.0,0.0,0.0,0.12,0.0,0.25,0.25,0.0,0.0,0.0,0.0,0.12,0.0,0.0,1.98,1.6,0.12,1.6,0.99,0.99,0.0,0.0,0.0,5.8,1.36,64.7,,,,,,,,,,,,,,,,,,,,,,,,,,,,
Derrick Etienne,ht HAI,"FW,MF",Atlanta Utd,26,1996,21,11,1042,11.6,0.0,0.09,0.09,0.0,0.0,0.0,0.09,0.0,0.12,0.12,0.12,0.24,3.53,3.28,9.4,0.0,0.09,0.09,0.0,0.09,0.12,0.12,0.24,0.12,0.24,Matches,2023,11.6,22.2,11.8,7.76,1.72,28.3,13.4,9.83,2.59,78.4,87.8,78.9,66.7,352.5,75.7,22.2,11.8,7.76,1.72,28.3,13.4,9.83,2.59,78.4,87.8,78.9,66.7,22.2,11.8,7.76,1.72,28.3,13.4,9.83,2.59,78.4,87.8,78.9,66.7,22.2,11.8,7.76,1.72,28.3,13.4,9.83,2.59,78.4,87.8,78.9,66.7,0.09,0.17,-0.03,1.55,1.12,1.72,0.43,0.0,0.86,0.17,20.0,0.86,0.17,0.0,0.0,14.9,0.0,0.0,0.0,0.14,-0.12,-0.12,38.2,0.86,4.4,12.1,22.3,4.74,38.2,0.86,29.4,1.72,58.8,27.0,1.72,2.07,0.69,27.9,0.86,0.52,0.69,0.86,0.52,28.6,1.29,0.52,0.52,0.43,1.29,0.17,0.0,2.76,2.76,0.0,0.0,0.26,0.17,0.0,0.0,0.34,0.34,0.0,0.0,0.26,0.17,0.0,0.0,0.0,0.95,1.38,0.78,2.59,0.43,0.69,0.0,0.0,0.0,5.17,0.09,16.7,,,,,,,,,,,,,,,,,,,,,,,,,,,,
Evander,br BRA,"MF,FW",Portland Timbers,24,1998,27,25,2208,24.5,0.37,0.16,0.53,0.33,0.04,0.04,0.2,0.0,0.29,0.25,0.14,0.4,2.78,6.37,5.02,0.37,0.16,0.53,0.33,0.49,0.28,0.14,0.43,0.25,0.4,Matches,2023,24.5,34.0,14.4,13.2,5.22,45.3,16.9,15.5,9.84,75.1,85.3,85.3,53.1,636.5,204.0,34.0,14.4,13.2,5.22,45.3,16.9,15.5,9.84,75.1,85.3,85.3,53.1,34.0,14.4,13.2,5.22,45.3,16.9,15.5,9.84,75.1,85.3,85.3,53.1,34.0,14.4,13.2,5.22,45.3,16.9,15.5,9.84,75.1,85.3,85.3,53.1,0.16,0.19,0.02,2.12,4.24,1.67,0.16,0.37,2.94,1.18,40.3,2.93,1.18,0.11,0.28,23.3,0.69,0.04,0.04,0.09,0.08,0.07,55.6,0.49,5.35,25.8,25.4,2.73,55.6,2.24,64.0,0.94,26.7,32.0,0.9,2.12,1.31,37.7,0.9,0.57,0.45,0.9,0.57,26.4,1.59,0.82,0.73,0.57,1.47,0.2,0.0,4.49,4.48,0.37,0.04,0.33,0.0,0.12,0.04,0.33,0.33,0.37,0.04,0.33,0.0,0.12,0.04,0.0,1.27,1.31,0.0,6.04,0.57,0.45,0.0,0.04,0.0,4.65,0.16,21.1,,,,,,,,,,,,,,,,,,,,,,,,,,,,
Diego Fagúndez,uy URU,"FW,MF",Austin,27,1995,19,14,1022,11.4,0.18,0.09,0.26,0.18,0.0,0.0,0.09,0.0,0.12,0.12,0.11,0.25,1.58,3.68,7.37,0.18,0.09,0.26,0.18,0.26,0.13,0.12,0.24,0.13,0.24,Matches,2023,11.4,28.8,16.3,9.39,2.46,37.0,17.9,11.8,5.44,77.7,91.2,79.9,45.2,449.6,120.4,28.8,16.3,9.39,2.46,37.0,17.9,11.8,5.44,77.7,91.2,79.9,45.2,28.8,16.3,9.39,2.46,37.0,17.9,11.8,5.44,77.7,91.2,79.9,45.2,28.8,16.3,9.39,2.46,37.0,17.9,11.8,5.44,77.7,91.2,79.9,45.2,0.09,0.11,-0.03,1.67,2.19,0.7,0.09,0.18,1.67,0.61,36.8,1.67,0.62,0.11,0.29,20.1,0.44,0.0,0.0,0.08,0.05,0.05,45.4,1.23,5.88,15.4,24.6,2.89,45.4,0.96,30.6,1.93,61.1,24.7,0.53,1.23,1.05,29.5,1.05,0.26,0.61,1.05,0.26,21.4,0.96,0.79,0.79,0.26,1.32,0.96,0.0,3.77,3.79,0.26,0.0,0.18,0.0,0.0,0.0,0.26,0.26,0.26,0.0,0.18,0.0,0.0,0.0,0.0,1.05,0.96,0.09,4.56,0.26,0.61,0.0,0.0,0.0,3.6,0.18,18.2,,,,,,,,,,,,,,,,,,,,,,,,,,,,
Diego Fagúndez,uy URU,"FW,MF",LA Galaxy,27,1995,11,6,576,6.4,0.16,0.16,0.31,0.16,0.0,0.0,0.0,0.0,0.05,0.05,0.19,0.23,1.72,3.28,7.97,0.16,0.16,0.31,0.16,0.31,0.05,0.19,0.24,0.05,0.24,Matches,2023,6.4,30.3,17.5,9.38,2.19,39.2,18.9,11.7,5.0,77.3,92.6,80.0,43.8,463.3,131.9,30.3,17.5,9.38,2.19,39.2,18.9,11.7,5.0,77.3,92.6,80.0,43.8,30.3,17.5,9.38,2.19,39.2,18.9,11.7,5.0,77.3,92.6,80.0,43.8,30.3,17.5,9.38,2.19,39.2,18.9,11.7,5.0,77.3,92.6,80.0,43.8,0.16,0.23,-0.03,1.88,2.19,1.72,0.47,0.16,0.78,0.47,60.0,0.78,0.47,0.2,0.33,13.9,0.0,0.0,0.0,0.06,0.11,0.11,46.9,1.56,8.28,16.4,23.0,2.34,46.9,0.63,40.0,0.94,60.0,28.8,0.16,1.09,0.94,31.4,1.88,0.78,1.09,1.88,0.78,55.6,0.63,1.25,0.78,0.16,2.03,0.78,0.0,3.75,3.76,0.0,0.0,0.31,0.0,0.0,0.0,0.47,0.47,0.0,0.0,0.31,0.0,0.0,0.0,0.0,0.78,0.63,0.0,5.47,0.16,1.09,0.0,0.0,0.0,4.69,0.31,66.7,,,,,,,,,,,,,,,,,,,,,,,,,,,,
José Fajardo,pa PAN,"FW,MF",D.C. United,29,1993,7,3,245,2.7,0.0,0.0,0.0,0.0,0.0,0.0,0.0,0.0,0.26,0.26,0.15,0.41,1.48,2.96,3.7,0.0,0.0,0.0,0.0,0.0,0.27,0.13,0.4,0.27,0.4,Matches,2023,2.7,11.5,5.56,4.81,0.74,16.7,7.04,7.04,1.11,68.9,78.9,68.4,66.7,175.9,51.5,11.5,5.56,4.81,0.74,16.7,7.04,7.04,1.11,68.9,78.9,68.4,66.7,11.5,5.56,4.81,0.74,16.7,7.04,7.04,1.11,68.9,78.9,68.4,66.7,11.5,5.56,4.81,0.74,16.7,7.04,7.04,1.11,68.9,78.9,68.4,66.7,0.0,0.07,-0.15,1.11,0.37,0.37,0.0,0.0,2.59,0.37,14.3,2.57,0.37,0.0,0.0,12.0,0.0,0.0,0.0,0.1,-0.26,-0.26,27.8,0.37,2.22,8.89,17.0,5.93,27.8,0.74,25.0,1.85,62.5,14.4,1.11,1.48,0.74,15.9,1.48,0.0,0.37,1.48,0.0,0.0,0.37,0.37,0.37,0.0,1.48,0.0,0.0,1.85,1.84,0.0,0.0,0.0,0.0,0.0,0.0,0.0,0.0,0.0,0.0,0.0,0.0,0.0,0.0,0.0,2.96,1.48,0.37,0.0,0.0,0.37,0.0,0.0,0.0,2.59,1.48,44.4,,,,,,,,,,,,,,,,,,,,,,,,,,,,
Mamadou Fall,sn SEN,DF,LAFC,20,2002,1,1,90,1.0,0.0,0.0,0.0,0.0,0.0,0.0,0.0,0.0,0.1,0.1,0.1,0.2,2.0,4.0,0.0,0.0,0.0,0.0,0.0,0.0,0.06,0.15,0.21,0.06,0.21,Matches,2023,1.0,47.0,15.0,23.0,9.0,62.0,17.0,28.0,15.0,75.8,88.2,82.1,60.0,1059.0,506.0,47.0,15.0,23.0,9.0,62.0,17.0,28.0,15.0,75.8,88.2,82.1,60.0,47.0,15.0,23.0,9.0,62.0,17.0,28.0,15.0,75.8,88.2,82.1,60.0,47.0,15.0,23.0,9.0,62.0,17.0,28.0,15.0,75.8,88.2,82.1,60.0,0.0,0.3,-0.1,1.0,7.0,1.0,0.0,0.0,1.0,0.0,0.0,1.0,0.0,0.0,,11.6,0.0,0.0,0.0,0.06,-0.1,-0.1,69.0,6.0,33.0,31.0,5.0,2.0,69.0,1.0,100.0,0.0,0.0,37.0,0.0,1.0,0.0,44.0,1.0,0.0,0.0,1.0,0.0,0.0,2.0,0.0,0.0,2.0,3.0,3.0,0.0,2.0,2.0,0.0,0.0,0.0,0.0,0.0,0.0,0.0,0.0,0.0,0.0,0.0,0.0,0.0,0.0,0.0,1.0,1.0,0.0,0.0,2.0,0.0,0.0,0.0,0.0,10.0,2.0,66.7,,,,,,,,,,,,,,,,,,,,,,,,,,,,
Marco Farfan,us USA,DF,FC Dallas,24,1998,32,31,2683,29.8,0.03,0.1,0.13,0.03,0.0,0.0,0.17,0.0,0.03,0.03,0.06,0.09,1.48,2.68,3.93,0.03,0.1,0.13,0.03,0.13,0.03,0.06,0.09,0.03,0.09,Matches,2023,29.8,36.9,21.7,12.8,1.68,44.6,23.5,15.2,3.42,82.8,92.4,84.3,49.0,551.7,160.0,36.9,21.7,12.8,1.68,44.6,23.5,15.2,3.42,82.8,92.4,84.3,49.0,36.9,21.7,12.8,1.68,44.6,23.5,15.2,3.42,82.8,92.4,84.3,49.0,36.9,21.7,12.8,1.68,44.6,23.5,15.2,3.42,82.8,92.4,84.3,49.0,0.1,0.06,0.04,0.54,2.18,0.64,0.37,0.03,0.37,0.1,27.3,0.37,0.1,0.09,0.33,13.0,0.0,0.0,0.0,0.08,0.01,0.01,53.4,2.99,17.4,24.4,12.1,1.14,53.4,0.87,66.7,0.37,28.2,26.0,0.2,1.04,0.74,31.7,1.61,1.11,0.87,1.61,1.11,55.0,0.91,1.11,0.7,0.97,2.58,1.81,0.0,1.01,1.01,0.0,0.0,0.03,0.0,0.0,0.0,0.1,0.1,0.0,0.0,0.03,0.0,0.0,0.0,0.0,0.7,1.54,0.07,1.95,0.97,0.87,0.0,0.0,0.0,3.86,1.07,44.4,,,,,,,,,,,,,,,,,,,,,,,,,,,,
Jordan Faria,ca CAN,FW,Toronto FC,22,2000,1,0,25,0.3,0.0,0.0,0.0,0.0,0.0,0.0,0.0,0.0,0.0,0.0,0.0,0.0,0.0,0.0,3.33,0.0,0.0,0.0,0.0,0.0,0.0,0.0,0.0,0.0,0.0,Matches,2023,0.3,26.7,13.3,6.67,3.33,33.3,16.7,10.0,3.33,80.0,80.0,66.7,100.0,446.7,140.0,26.7,13.3,6.67,3.33,33.3,16.7,10.0,3.33,80.0,80.0,66.7,100.0,26.7,13.3,6.67,3.33,33.3,16.7,10.0,3.33,80.0,80.0,66.7,100.0,26.7,13.3,6.67,3.33,33.3,16.7,10.0,3.33,80.0,80.0,66.7,100.0,0.0,0.0,0.0,0.0,0.0,0.0,0.0,0.0,0.0,0.0,,0.0,0.0,,,,0.0,0.0,0.0,,0.0,0.0,43.3,0.0,0.0,30.0,13.3,3.33,43.3,0.0,0.0,3.33,100.0,26.7,0.0,3.33,3.33,26.7,0.0,0.0,0.0,0.0,0.0,,0.0,0.0,0.0,0.0,0.0,0.0,0.0,0.0,0.0,0.0,0.0,0.0,0.0,0.0,0.0,0.0,0.0,0.0,0.0,0.0,0.0,0.0,0.0,0.0,3.33,0.0,0.0,3.33,0.0,0.0,0.0,0.0,0.0,3.33,0.0,,,,,,,,,,,,,,,,,,,,,,,,,,,,,
Facundo Farías,ar ARG,"FW,MF",Inter Miami,20,2002,11,9,836,9.3,0.32,0.11,0.43,0.32,0.0,0.0,0.43,0.0,0.18,0.18,0.17,0.35,3.55,4.95,5.05,0.32,0.11,0.43,0.32,0.43,0.18,0.17,0.35,0.18,0.35,Matches,2023,9.3,35.3,19.1,12.4,2.9,45.3,22.8,14.9,5.27,77.9,84.0,82.7,55.1,567.8,112.6,35.3,19.1,12.4,2.9,45.3,22.8,14.9,5.27,77.9,84.0,82.7,55.1,35.3,19.1,12.4,2.9,45.3,22.8,14.9,5.27,77.9,84.0,82.7,55.1,35.3,19.1,12.4,2.9,45.3,22.8,14.9,5.27,77.9,84.0,82.7,55.1,0.11,0.2,-0.06,1.4,3.87,1.4,0.32,0.32,2.47,0.65,26.1,2.48,0.65,0.13,0.5,19.9,0.0,0.0,0.0,0.07,0.14,0.14,56.7,0.0,2.58,26.0,28.6,3.23,56.7,1.61,39.5,2.15,52.6,40.0,1.29,3.44,2.15,47.1,0.54,0.32,0.43,0.54,0.32,42.9,0.43,0.32,0.32,0.0,0.54,0.0,0.0,3.55,3.55,0.32,0.0,0.0,0.0,0.0,0.0,0.43,0.43,0.32,0.0,0.0,0.0,0.0,0.0,0.0,1.18,1.18,0.22,2.8,0.0,0.43,0.0,0.0,0.0,4.09,0.0,0.0,,,,,,,,,,,,,,,,,,,,,,,,,,,,
Andrew Farrell,us USA,DF,NE Revolution,30,1992,23,21,1931,21.5,0.0,0.0,0.0,0.0,0.0,0.0,0.05,0.0,0.0,0.0,0.0,0.01,0.33,3.16,0.47,0.0,0.0,0.0,0.0,0.0,0.0,0.01,0.01,0.0,0.01,Matches,2023,21.5,40.9,12.0,22.2,6.28,47.6,13.2,24.2,9.35,85.8,91.2,91.6,67.2,865.3,360.9,40.9,12.0,22.2,6.28,47.6,13.2,24.2,9.35,85.8,91.2,91.6,67.2,40.9,12.0,22.2,6.28,47.6,13.2,24.2,9.35,85.8,91.2,91.6,67.2,40.9,12.0,22.2,6.28,47.6,13.2,24.2,9.35,85.8,91.2,91.6,67.2,0.0,0.01,-0.0,0.19,2.6,0.14,0.0,0.0,0.05,0.0,0.0,0.05,0.0,0.0,,9.7,0.0,0.0,0.0,0.06,-0.0,-0.0,55.4,7.02,28.1,25.6,2.05,0.19,55.4,0.28,60.0,0.19,40.0,31.7,0.0,0.28,0.19,34.6,1.3,0.79,0.84,1.3,0.79,48.6,0.84,1.49,0.42,1.12,2.42,3.12,0.05,0.7,0.7,0.0,0.0,0.0,0.0,0.05,0.0,0.09,0.09,0.0,0.0,0.0,0.0,0.05,0.0,0.0,0.51,0.6,0.0,0.23,1.12,0.84,0.0,0.09,0.05,6.47,0.56,42.9,,,,,,,,,,,,,,,,,,,,,,,,,,,,
Mohamed Farsi,dz ALG,"DF,MF",Columbus Crew,23,1999,31,23,2159,24.0,0.0,0.17,0.17,0.0,0.0,0.0,0.04,0.0,0.04,0.04,0.11,0.15,3.5,3.79,9.88,0.0,0.17,0.17,0.0,0.17,0.04,0.11,0.15,0.04,0.15,Matches,2023,24.0,42.3,22.4,16.7,2.33,51.0,24.8,20.3,3.46,83.0,90.3,82.3,67.5,666.3,164.0,42.3,22.4,16.7,2.33,51.0,24.8,20.3,3.46,83.0,90.3,82.3,67.5,42.3,22.4,16.7,2.33,51.0,24.8,20.3,3.46,83.0,90.3,82.3,67.5,42.3,22.4,16.7,2.33,51.0,24.8,20.3,3.46,83.0,90.3,82.3,67.5,0.17,0.13,0.05,1.08,1.71,1.04,0.33,0.0,0.33,0.08,25.0,0.33,0.08,0.0,0.0,13.6,0.0,0.0,0.0,0.13,-0.04,-0.04,60.9,1.58,12.7,22.7,26.2,2.63,60.9,0.96,39.7,1.38,56.9,37.1,0.92,1.46,0.79,38.9,1.25,0.67,0.88,1.25,0.67,64.0,0.38,1.29,1.08,0.67,1.92,1.33,0.0,1.96,1.96,0.17,0.04,0.04,0.0,0.04,0.0,0.33,0.33,0.17,0.04,0.04,0.0,0.04,0.0,0.0,1.17,1.33,0.25,2.04,0.67,0.88,0.0,0.04,0.0,4.63,0.38,23.7,,,,,,,,,,,,,,,,,,,,,,,,,,,,
Felipe,br BRA,MF,Orlando City,32,1990,16,6,566,6.3,0.0,0.0,0.0,0.0,0.0,0.0,0.63,0.0,0.13,0.13,0.03,0.14,0.79,7.62,0.79,0.0,0.0,0.0,0.0,0.0,0.12,0.03,0.15,0.12,0.15,Matches,2023,6.3,48.6,27.5,16.5,3.49,57.9,29.5,18.7,6.19,83.8,93.0,88.1,56.4,767.6,289.2,48.6,27.5,16.5,3.49,57.9,29.5,18.7,6.19,83.8,93.0,88.1,56.4,48.6,27.5,16.5,3.49,57.9,29.5,18.7,6.19,83.8,93.0,88.1,56.4,48.6,27.5,16.5,3.49,57.9,29.5,18.7,6.19,83.8,93.0,88.1,56.4,0.0,0.08,-0.03,0.48,5.08,1.27,0.0,0.0,1.43,0.48,33.3,1.43,0.48,0.0,0.0,19.2,0.16,0.0,0.0,0.08,-0.13,-0.13,66.3,2.7,14.6,37.9,14.6,1.43,66.3,0.32,50.0,0.32,50.0,38.9,0.16,0.32,0.95,51.3,1.43,0.63,0.95,1.43,0.63,28.6,1.59,0.48,0.16,1.27,2.7,1.11,0.0,2.38,2.39,0.0,0.0,0.16,0.0,0.16,0.0,0.32,0.32,0.0,0.0,0.16,0.0,0.16,0.0,0.0,0.95,1.75,0.16,1.43,1.27,0.95,0.0,0.0,0.0,6.03,0.79,41.7,,,,,,,,,,,,,,,,,,,,,,,,,,,,
Julián Fernández,ar ARG,"FW,MF",NYCFC,19,2004,9,2,323,3.6,0.56,0.0,0.56,0.56,0.0,0.0,0.28,0.0,0.31,0.31,0.19,0.5,4.17,8.33,13.3,0.56,0.0,0.56,0.56,0.56,0.3,0.21,0.51,0.3,0.51,Matches,2023,3.6,40.0,21.1,12.8,4.17,54.2,26.4,15.6,7.78,73.8,80.0,82.1,53.6,656.4,234.4,40.0,21.1,12.8,4.17,54.2,26.4,15.6,7.78,73.8,80.0,82.1,53.6,40.0,21.1,12.8,4.17,54.2,26.4,15.6,7.78,73.8,80.0,82.1,53.6,40.0,21.1,12.8,4.17,54.2,26.4,15.6,7.78,73.8,80.0,82.1,53.6,0.0,0.31,-0.19,3.89,5.0,3.61,0.83,0.56,4.17,1.67,40.0,4.18,1.67,0.13,0.33,17.8,0.28,0.0,0.0,0.07,0.25,0.25,71.7,0.28,7.22,26.4,38.3,5.56,71.7,1.39,50.0,1.39,50.0,43.3,2.5,5.83,2.5,52.2,1.94,1.67,1.39,1.94,1.67,50.0,1.67,2.78,2.78,0.56,2.5,0.0,0.0,6.39,6.43,0.56,0.0,0.0,0.0,0.0,0.0,0.28,0.28,0.56,0.0,0.0,0.0,0.0,0.0,0.0,1.39,0.83,0.0,5.28,0.56,1.39,0.0,0.0,0.0,5.0,0.83,42.9,,,,,,,,,,,,,,,,,,,,,,,,,,,,
Omir Fernandez,us USA,"MF,FW",NY Red Bulls,23,1999,30,22,1745,19.4,0.31,0.15,0.46,0.21,0.1,0.1,0.1,0.0,0.3,0.22,0.12,0.34,2.01,2.37,5.41,0.31,0.15,0.46,0.21,0.36,0.3,0.12,0.42,0.22,0.34,Matches,2023,19.4,16.4,9.69,5.26,0.52,21.3,11.6,6.44,0.93,76.8,83.6,81.6,55.6,219.9,67.8,16.4,9.69,5.26,0.52,21.3,11.6,6.44,0.93,76.8,83.6,81.6,55.6,16.4,9.69,5.26,0.52,21.3,11.6,6.44,0.93,76.8,83.6,81.6,55.6,16.4,9.69,5.26,0.52,21.3,11.6,6.44,0.93,76.8,83.6,81.6,55.6,0.15,0.11,0.03,1.49,1.49,0.72,0.1,0.31,1.96,0.77,39.5,1.96,0.77,0.11,0.27,15.8,0.0,0.1,0.1,0.11,0.01,-0.01,34.0,0.62,3.51,13.6,17.3,3.56,33.9,1.08,36.8,1.49,50.9,20.8,0.88,2.47,1.65,22.1,1.55,0.82,0.88,1.55,0.82,43.2,1.08,1.19,1.08,0.41,1.96,0.46,0.0,2.99,2.99,0.36,0.0,0.31,0.0,0.0,0.0,0.31,0.31,0.36,0.0,0.31,0.0,0.0,0.0,0.0,0.31,1.7,0.15,0.52,0.41,0.88,0.05,0.0,0.0,4.18,0.36,24.1,,,,,,,,,,,,,,,,,,,,,,,,,,,,
Jesús Ferreira,us USA,FW,FC Dallas,22,2000,27,25,2264,25.2,0.48,0.16,0.63,0.44,0.04,0.04,0.08,0.0,0.38,0.35,0.22,0.56,1.51,4.09,5.56,0.48,0.16,0.64,0.44,0.6,0.38,0.22,0.6,0.35,0.57,Matches,2023,25.2,26.9,12.5,9.96,3.45,38.1,14.7,13.7,6.9,70.8,85.1,72.5,50.0,471.9,140.5,26.9,12.5,9.96,3.45,38.1,14.7,13.7,6.9,70.8,85.1,72.5,50.0,26.9,12.5,9.96,3.45,38.1,14.7,13.7,6.9,70.8,85.1,72.5,50.0,26.9,12.5,9.96,3.45,38.1,14.7,13.7,6.9,70.8,85.1,72.5,50.0,0.16,0.21,-0.06,2.14,2.9,1.19,0.28,0.48,2.42,0.91,37.7,2.42,0.91,0.18,0.48,15.4,0.16,0.04,0.04,0.15,0.1,0.09,46.0,0.67,3.93,20.8,21.7,3.69,46.0,0.63,55.2,0.48,41.4,24.7,0.6,1.71,0.67,31.6,1.19,0.44,0.56,1.19,0.44,36.7,0.75,0.24,0.24,0.56,1.75,0.63,0.0,4.29,4.29,0.28,0.12,0.0,0.0,0.08,0.0,0.52,0.52,0.28,0.12,0.0,0.0,0.08,0.0,0.0,0.4,0.28,0.2,4.56,0.56,0.56,0.0,0.0,0.0,2.66,0.24,20.7,,,,,,,,,,,,,,,,,,,,,,,,,,,,
Sebastián Ferreira,py PAR,FW,Houston Dynamo,24,1998,11,2,302,3.4,0.0,0.0,0.0,0.0,0.0,0.0,0.29,0.0,0.24,0.24,0.06,0.32,0.29,1.18,7.35,0.0,0.0,0.0,0.0,0.0,0.25,0.06,0.31,0.25,0.31,Matches,2023,3.4,20.9,12.4,5.88,0.0,28.5,15.3,8.53,0.59,73.2,80.8,69.0,0.0,242.9,32.9,20.9,12.4,5.88,0.0,28.5,15.3,8.53,0.59,73.2,80.8,69.0,0.0,20.9,12.4,5.88,0.0,28.5,15.3,8.53,0.59,73.2,80.8,69.0,0.0,20.9,12.4,5.88,0.0,28.5,15.3,8.53,0.59,73.2,80.8,69.0,0.0,0.0,0.09,-0.06,0.88,0.59,0.29,0.0,0.0,2.06,0.88,42.9,2.09,0.89,0.0,0.0,14.1,0.0,0.0,0.0,0.12,-0.24,-0.24,40.0,0.0,0.88,18.2,21.2,5.59,40.0,1.18,100.0,0.0,0.0,22.9,0.59,4.12,2.06,30.9,1.47,0.88,0.59,1.47,0.88,42.9,1.18,0.29,0.29,0.0,1.47,0.0,0.0,2.06,2.09,0.29,0.0,0.29,0.0,0.0,0.0,0.0,0.0,0.29,0.0,0.29,0.0,0.0,0.0,0.0,0.88,1.76,0.59,0.29,0.0,0.59,0.0,0.0,0.0,3.24,2.35,44.4,,,,,,,,,,,,,,,,,,,,,,,,,,,,
Ethan Finlay,us USA,"FW,MF",Austin,32,1990,34,20,1694,18.8,0.27,0.16,0.43,0.27,0.0,0.0,0.11,0.0,0.21,0.21,0.1,0.31,1.28,1.91,7.87,0.27,0.16,0.43,0.27,0.43,0.21,0.1,0.31,0.21,0.31,Matches,2023,18.8,14.2,7.61,5.64,0.53,20.2,9.1,7.45,1.65,70.3,83.6,75.7,32.3,212.9,53.2,14.2,7.61,5.64,0.53,20.2,9.1,7.45,1.65,70.3,83.6,75.7,32.3,14.2,7.61,5.64,0.53,20.2,9.1,7.45,1.65,70.3,83.6,75.7,32.3,14.2,7.61,5.64,0.53,20.2,9.1,7.45,1.65,70.3,83.6,75.7,32.3,0.16,0.11,0.06,0.74,1.06,0.64,0.32,0.27,1.33,0.53,40.0,1.33,0.53,0.2,0.5,13.1,0.0,0.0,0.0,0.16,0.05,0.05,28.9,1.06,5.21,10.2,13.8,2.93,28.9,0.69,44.8,0.8,51.7,16.3,0.43,1.76,0.64,18.0,1.38,0.59,0.74,1.38,0.59,42.3,0.8,1.17,1.06,0.37,1.76,0.64,0.0,1.86,1.86,0.11,0.0,0.05,0.0,0.0,0.0,0.32,0.32,0.11,0.0,0.05,0.0,0.0,0.0,0.0,0.69,0.43,0.37,2.5,0.37,0.74,0.0,0.0,0.0,2.5,0.69,34.2,,,,,,,,,,,,,,,,,,,,,,,,,,,,
Nicolas Firmino,us USA,MF,Atlanta Utd,22,2001,1,0,4,0.0,1.0,0.0,1.0,1.0,0.0,0.0,0.0,0.0,0.1,0.1,0.0,0.2,0.0,0.0,0.0,22.5,0.0,22.5,22.5,22.5,2.8,0.84,3.64,2.8,3.64,Matches,2023,0.0,8.0,7.0,1.0,0.0,9.0,7.0,1.0,0.0,88.9,100.0,100.0,,110.0,7.0,8.0,7.0,1.0,0.0,9.0,7.0,1.0,0.0,88.9,100.0,100.0,,8.0,7.0,1.0,0.0,9.0,7.0,1.0,0.0,88.9,100.0,100.0,,8.0,7.0,1.0,0.0,9.0,7.0,1.0,0.0,88.9,100.0,100.0,,0.0,0.0,0.0,1.0,0.0,0.0,0.0,1.0,1.0,1.0,100.0,22.5,22.5,1.0,1.0,9.5,0.0,0.0,0.0,0.12,0.9,0.9,13.0,0.0,0.0,9.0,4.0,2.0,13.0,0.0,0.0,2.0,100.0,7.0,0.0,0.0,1.0,11.0,1.0,0.0,1.0,1.0,0.0,,0.0,0.0,0.0,0.0,1.0,0.0,0.0,1.0,22.5,0.0,0.0,0.0,0.0,1.0,0.0,0.0,0.0,0.0,0.0,0.0,0.0,1.0,0.0,0.0,0.0,0.0,0.0,0.0,0.0,1.0,0.0,0.0,0.0,0.0,0.0,,,,,,,,,,,,,,,,,,,,,,,,,,,,,
Leon Flach,us USA,MF,Philadelphia Union,21,2001,25,21,1794,19.9,0.05,0.05,0.1,0.05,0.0,0.0,0.25,0.0,0.03,0.03,0.04,0.07,0.3,2.26,1.36,0.05,0.05,0.1,0.05,0.1,0.03,0.04,0.06,0.03,0.06,Matches,2023,19.9,19.1,10.5,6.88,1.01,24.6,12.1,8.64,1.96,77.9,86.3,79.7,51.3,287.1,103.7,19.1,10.5,6.88,1.01,24.6,12.1,8.64,1.96,77.9,86.3,79.7,51.3,19.1,10.5,6.88,1.01,24.6,12.1,8.64,1.96,77.9,86.3,79.7,51.3,19.1,10.5,6.88,1.01,24.6,12.1,8.64,1.96,77.9,86.3,79.7,51.3,0.05,0.04,0.02,0.6,1.86,0.5,0.15,0.05,0.45,0.05,11.1,0.45,0.05,0.11,1.0,18.8,0.0,0.0,0.0,0.06,0.03,0.03,33.3,1.71,9.15,15.9,8.44,0.45,33.3,0.1,33.3,0.2,66.7,15.0,0.0,0.7,0.5,16.6,1.76,0.75,0.95,1.76,0.75,38.5,1.21,1.41,1.11,1.61,3.37,1.11,0.0,1.46,1.46,0.0,0.0,0.0,0.0,0.1,0.0,0.15,0.15,0.0,0.0,0.0,0.0,0.1,0.0,0.0,1.46,0.6,0.0,0.5,1.61,0.95,0.0,0.0,0.0,4.87,0.5,50.0,,,,,,,,,,,,,,,,,,,,,,,,,,,,
Kristian Fletcher,us USA,"FW,MF",D.C. United,17,2005,10,1,133,1.5,0.0,0.67,0.67,0.0,0.0,0.0,0.0,0.0,0.07,0.07,0.13,0.2,4.0,1.33,12.7,0.0,0.68,0.68,0.0,0.68,0.08,0.11,0.19,0.08,0.19,Matches,2023,1.5,22.0,16.7,5.33,0.0,32.0,18.7,8.67,0.67,68.8,89.3,61.5,0.0,254.0,56.0,22.0,16.7,5.33,0.0,32.0,18.7,8.67,0.67,68.8,89.3,61.5,0.0,22.0,16.7,5.33,0.0,32.0,18.7,8.67,0.67,68.8,89.3,61.5,0.0,22.0,16.7,5.33,0.0,32.0,18.7,8.67,0.67,68.8,89.3,61.5,0.0,0.67,0.13,0.53,0.67,0.67,0.67,0.0,0.0,1.33,0.67,50.0,1.35,0.68,0.0,0.0,17.2,0.0,0.0,0.0,0.06,-0.07,-0.07,45.3,0.0,2.0,18.0,25.3,7.33,45.3,1.33,28.6,3.33,71.4,30.0,2.67,4.0,4.0,38.7,1.33,0.67,1.33,1.33,0.67,20.0,2.67,0.0,0.0,0.0,1.33,0.0,0.0,2.67,2.75,0.0,0.0,0.0,0.0,0.0,0.0,1.33,1.37,0.0,0.0,0.0,0.0,0.0,0.0,0.0,2.0,0.67,0.67,0.67,0.0,1.33,0.0,0.0,0.0,2.67,1.33,22.2,,,,,,,,,,,,,,,,,,,,,,,,,,,,
Danny Flores,us USA,MF,Sporting KC,20,2002,1,0,7,0.1,0.0,0.0,0.0,0.0,0.0,0.0,0.0,0.0,0.0,0.0,0.0,0.0,0.0,0.0,0.0,0.0,0.0,0.0,0.0,0.0,0.0,0.0,0.0,0.0,0.0,Matches,2023,0.1,10.0,0.0,0.0,10.0,20.0,10.0,0.0,10.0,50.0,0.0,,100.0,450.0,0.0,10.0,0.0,0.0,10.0,20.0,10.0,0.0,10.0,50.0,0.0,,100.0,10.0,0.0,0.0,10.0,20.0,10.0,0.0,10.0,50.0,0.0,,100.0,10.0,0.0,0.0,10.0,20.0,10.0,0.0,10.0,50.0,0.0,,100.0,0.0,0.0,0.0,0.0,0.0,0.0,0.0,0.0,0.0,0.0,,0.0,0.0,,,,0.0,0.0,0.0,,0.0,0.0,30.0,0.0,0.0,30.0,0.0,0.0,30.0,0.0,,0.0,,20.0,0.0,10.0,0.0,30.0,0.0,0.0,0.0,0.0,0.0,,0.0,0.0,0.0,0.0,0.0,0.0,0.0,0.0,0.0,0.0,0.0,0.0,0.0,0.0,0.0,0.0,0.0,0.0,0.0,0.0,0.0,0.0,0.0,0.0,0.0,0.0,0.0,0.0,0.0,0.0,0.0,0.0,0.0,0.0,0.0,,,,,,,,,,,,,,,,,,,,,,,,,,,,,
CJ Fodrey,us USA,"DF,FW",Austin,18,2004,3,0,32,0.4,0.0,0.0,0.0,0.0,0.0,0.0,0.0,0.0,0.0,0.0,0.5,0.5,0.0,2.5,15.0,0.0,0.0,0.0,0.0,0.0,0.0,0.52,0.52,0.0,0.52,Matches,2023,0.4,30.0,25.0,5.0,0.0,45.0,27.5,15.0,2.5,66.7,90.9,33.3,0.0,415.0,72.5,30.0,25.0,5.0,0.0,45.0,27.5,15.0,2.5,66.7,90.9,33.3,0.0,30.0,25.0,5.0,0.0,45.0,27.5,15.0,2.5,66.7,90.9,33.3,0.0,30.0,25.0,5.0,0.0,45.0,27.5,15.0,2.5,66.7,90.9,33.3,0.0,0.0,0.5,-0.5,2.5,2.5,0.0,0.0,0.0,0.0,0.0,,0.0,0.0,,,,0.0,0.0,0.0,,0.0,0.0,52.5,0.0,2.5,20.0,30.0,7.5,52.5,5.0,100.0,0.0,0.0,37.5,0.0,2.5,0.0,37.5,0.0,0.0,0.0,0.0,0.0,,0.0,2.5,2.5,0.0,0.0,0.0,0.0,2.5,2.81,0.0,0.0,0.0,0.0,0.0,0.0,0.0,0.0,0.0,0.0,0.0,0.0,0.0,0.0,0.0,0.0,2.5,0.0,15.0,0.0,0.0,0.0,0.0,0.0,2.5,2.5,25.0,,,,,,,,,,,,,,,,,,,,,,,,,,,,
Nathan Fogaça,br BRA,FW,Portland Timbers,23,1999,16,5,566,6.3,0.16,0.32,0.48,0.16,0.0,0.0,0.32,0.0,0.24,0.24,0.14,0.38,0.95,2.7,6.51,0.16,0.32,0.48,0.16,0.48,0.24,0.15,0.38,0.24,0.38,Matches,2023,6.3,18.1,10.5,4.92,1.43,25.7,14.0,6.35,1.9,70.4,75.0,77.5,75.0,261.7,76.0,18.1,10.5,4.92,1.43,25.7,14.0,6.35,1.9,70.4,75.0,77.5,75.0,18.1,10.5,4.92,1.43,25.7,14.0,6.35,1.9,70.4,75.0,77.5,75.0,18.1,10.5,4.92,1.43,25.7,14.0,6.35,1.9,70.4,75.0,77.5,75.0,0.32,0.05,0.17,1.27,1.75,0.32,0.0,0.16,2.22,0.79,35.7,2.23,0.8,0.07,0.2,14.0,0.0,0.0,0.0,0.11,-0.08,-0.08,39.7,0.63,3.65,17.0,19.7,5.56,39.7,0.79,41.7,1.11,58.3,23.0,0.79,4.29,2.7,29.2,0.63,0.0,0.63,0.63,0.0,0.0,1.11,0.79,0.79,0.16,0.79,0.48,0.0,3.02,3.02,0.63,0.32,0.0,0.0,0.0,0.0,0.63,0.64,0.63,0.32,0.0,0.0,0.0,0.0,0.0,2.7,1.27,0.63,0.63,0.16,0.63,0.0,0.0,0.0,3.17,3.17,43.5,,,,,,,,,,,,,,,,,,,,,,,,,,,,
Andreu Fontàs,es ESP,DF,Sporting KC,33,1989,28,27,2392,26.6,0.0,0.0,0.0,0.0,0.0,0.0,0.15,0.04,0.03,0.03,0.01,0.04,0.53,4.77,0.04,0.0,0.0,0.0,0.0,0.0,0.03,0.01,0.04,0.03,0.04,Matches,2023,26.6,65.3,18.3,37.2,9.47,73.2,19.6,39.4,13.1,89.3,93.3,94.6,72.2,1357.6,502.9,65.3,18.3,37.2,9.47,73.2,19.6,39.4,13.1,89.3,93.3,94.6,72.2,65.3,18.3,37.2,9.47,73.2,19.6,39.4,13.1,89.3,93.3,94.6,72.2,65.3,18.3,37.2,9.47,73.2,19.6,39.4,13.1,89.3,93.3,94.6,72.2,0.0,0.02,-0.01,0.26,6.09,0.15,0.0,0.0,0.49,0.04,7.7,0.49,0.04,0.0,0.0,13.0,0.0,0.0,0.0,0.05,-0.03,-0.03,82.1,7.86,39.1,39.8,3.46,0.75,82.1,0.23,85.7,0.04,14.3,51.8,0.0,0.34,0.23,62.1,2.07,1.13,1.32,2.07,1.13,53.6,0.98,1.2,0.6,1.5,3.57,2.86,0.04,0.94,0.94,0.0,0.0,0.0,0.0,0.04,0.0,0.11,0.11,0.0,0.0,0.0,0.0,0.04,0.0,0.0,0.71,0.38,0.0,0.0,1.5,1.32,0.0,0.0,0.0,5.75,1.05,62.2,,,,,,,,,,,,,,,,,,,,,,,,,,,,
Ajani Fortune,tt TRI,MF,Atlanta Utd,20,2002,14,3,374,4.2,0.0,0.24,0.24,0.0,0.0,0.0,0.71,0.0,0.17,0.17,0.02,0.21,1.19,3.33,1.9,0.0,0.24,0.24,0.0,0.24,0.18,0.03,0.21,0.18,0.21,Matches,2023,4.2,34.5,15.0,14.3,3.81,38.8,15.7,15.2,4.76,89.0,95.5,93.8,80.0,592.6,122.1,34.5,15.0,14.3,3.81,38.8,15.7,15.2,4.76,89.0,95.5,93.8,80.0,34.5,15.0,14.3,3.81,38.8,15.7,15.2,4.76,89.0,95.5,93.8,80.0,34.5,15.0,14.3,3.81,38.8,15.7,15.2,4.76,89.0,95.5,93.8,80.0,0.24,0.05,0.21,0.24,3.1,0.0,0.0,0.0,1.19,0.0,0.0,1.2,0.0,0.0,,18.3,0.0,0.0,0.0,0.15,-0.17,-0.17,47.1,2.14,13.3,26.7,7.86,1.9,47.1,0.95,80.0,0.24,20.0,29.0,0.0,1.19,0.0,35.0,1.9,0.71,0.48,1.9,0.71,42.9,0.95,0.71,0.24,0.95,2.86,1.19,0.24,0.71,0.72,0.24,0.0,0.0,0.0,0.0,0.0,0.0,0.0,0.24,0.0,0.0,0.0,0.0,0.0,0.0,2.86,0.95,0.24,0.0,0.95,0.48,0.0,0.0,0.0,4.76,0.0,0.0,,,,,,,,,,,,,,,,,,,,,,,,,,,,
Taxiarchis Fountas,gr GRE,"FW,MF",D.C. United,27,1995,17,12,1099,12.2,0.49,0.0,0.49,0.41,0.08,0.08,0.25,0.0,0.46,0.39,0.05,0.44,2.62,3.28,6.48,0.49,0.0,0.49,0.41,0.41,0.46,0.05,0.51,0.39,0.44,Matches,2023,12.2,19.0,10.8,6.15,0.74,24.8,13.2,7.3,1.39,76.8,82.0,84.3,52.9,259.9,67.9,19.0,10.8,6.15,0.74,24.8,13.2,7.3,1.39,76.8,82.0,84.3,52.9,19.0,10.8,6.15,0.74,24.8,13.2,7.3,1.39,76.8,82.0,84.3,52.9,19.0,10.8,6.15,0.74,24.8,13.2,7.3,1.39,76.8,82.0,84.3,52.9,0.0,0.09,-0.05,0.66,2.62,1.23,0.08,0.49,4.18,1.48,35.3,4.18,1.47,0.1,0.28,20.6,0.25,0.08,0.08,0.09,0.03,0.02,36.8,0.33,1.31,16.1,19.8,4.26,36.7,1.23,57.7,0.49,23.1,23.4,0.74,2.05,0.98,28.0,1.23,0.49,0.57,1.23,0.49,27.3,1.31,1.31,1.23,0.41,1.64,0.08,0.0,2.87,2.87,0.25,0.0,0.41,0.08,0.16,0.0,0.25,0.25,0.25,0.0,0.41,0.08,0.16,0.0,0.0,1.48,1.48,0.33,0.49,0.41,0.57,0.08,0.0,0.0,2.79,0.41,33.3,,,,,,,,,,,,,,,,,,,,,,,,,,,,
Franco Fragapane,ar ARG,"MF,FW",Minnesota Utd,29,1993,24,14,1330,14.8,0.07,0.14,0.2,0.07,0.0,0.0,0.14,0.0,0.17,0.17,0.18,0.34,2.03,4.73,7.7,0.07,0.14,0.2,0.07,0.2,0.17,0.18,0.34,0.17,0.34,Matches,2023,14.8,30.1,15.1,11.8,2.23,40.4,17.8,15.3,4.05,74.6,84.8,77.4,55.0,483.0,156.2,30.1,15.1,11.8,2.23,40.4,17.8,15.3,4.05,74.6,84.8,77.4,55.0,30.1,15.1,11.8,2.23,40.4,17.8,15.3,4.05,74.6,84.8,77.4,55.0,30.1,15.1,11.8,2.23,40.4,17.8,15.3,4.05,74.6,84.8,77.4,55.0,0.14,0.24,-0.04,2.16,2.97,1.35,0.14,0.07,1.28,0.61,47.4,1.29,0.61,0.05,0.11,13.4,0.0,0.0,0.0,0.13,-0.1,-0.1,50.9,0.27,5.88,21.4,24.3,4.59,50.9,1.22,42.9,1.35,47.6,28.4,0.81,2.36,0.95,35.9,1.42,0.88,0.81,1.42,0.88,48.1,0.95,0.88,0.88,0.74,2.16,0.2,0.0,4.19,4.19,0.07,0.0,0.2,0.07,0.0,0.0,0.27,0.27,0.07,0.0,0.2,0.07,0.0,0.0,0.0,0.68,1.55,0.27,3.18,0.74,0.81,0.0,0.0,0.0,5.34,0.41,40.0,,,,,,,,,,,,,,,,,,,,,,,,,,,,
Iván Franco,py PAR,"FW,MF",Houston Dynamo,22,2000,26,11,1065,11.8,0.25,0.08,0.34,0.25,0.0,0.0,0.25,0.0,0.29,0.29,0.08,0.36,2.12,2.71,6.78,0.25,0.08,0.34,0.25,0.34,0.29,0.08,0.37,0.29,0.37,Matches,2023,11.8,22.7,13.6,7.03,0.68,31.0,16.5,9.66,1.53,73.2,82.6,72.8,44.4,304.7,67.7,22.7,13.6,7.03,0.68,31.0,16.5,9.66,1.53,73.2,82.6,72.8,44.4,22.7,13.6,7.03,0.68,31.0,16.5,9.66,1.53,73.2,82.6,72.8,44.4,22.7,13.6,7.03,0.68,31.0,16.5,9.66,1.53,73.2,82.6,72.8,44.4,0.08,0.1,0.01,0.93,1.19,0.68,0.0,0.25,2.29,1.02,44.4,2.28,1.01,0.11,0.25,11.5,0.0,0.0,0.0,0.13,-0.03,-0.03,44.3,0.85,7.46,18.6,19.0,4.92,44.3,1.36,47.1,1.02,35.3,26.5,0.68,2.97,1.1,29.2,1.69,0.59,0.93,1.69,0.59,22.6,2.03,1.44,1.36,0.42,2.12,0.59,0.0,2.54,2.53,0.25,0.0,0.25,0.0,0.0,0.0,0.25,0.25,0.25,0.0,0.25,0.0,0.0,0.0,0.0,1.95,1.61,0.25,0.59,0.42,0.93,0.0,0.0,0.0,5.59,1.86,44.0,,,,,,,,,,,,,,,,,,,,,,,,,,,,
Kobe Franklin,ca CAN,"DF,MF",Toronto FC,19,2003,27,23,2172,24.1,0.0,0.04,0.04,0.0,0.0,0.0,0.08,0.0,0.02,0.02,0.05,0.07,1.45,4.23,3.28,0.0,0.04,0.04,0.0,0.04,0.02,0.05,0.07,0.02,0.07,Matches,2023,24.1,43.5,22.6,16.3,3.61,52.6,24.4,18.8,6.51,82.6,92.5,86.8,55.4,732.9,246.9,43.5,22.6,16.3,3.61,52.6,24.4,18.8,6.51,82.6,92.5,86.8,55.4,43.5,22.6,16.3,3.61,52.6,24.4,18.8,6.51,82.6,92.5,86.8,55.4,43.5,22.6,16.3,3.61,52.6,24.4,18.8,6.51,82.6,92.5,86.8,55.4,0.04,0.05,-0.01,0.79,3.65,0.5,0.08,0.0,0.41,0.04,10.0,0.41,0.04,0.0,0.0,20.4,0.0,0.0,0.0,0.05,-0.02,-0.02,64.5,3.57,23.6,29.6,12.0,0.91,64.5,0.75,46.2,0.66,41.0,36.1,0.12,1.54,0.46,38.9,2.28,1.54,1.33,2.28,1.54,60.7,1.0,1.2,0.83,1.29,3.57,2.78,0.04,1.74,1.74,0.04,0.0,0.04,0.0,0.04,0.0,0.12,0.12,0.04,0.0,0.04,0.0,0.04,0.0,0.0,0.54,1.2,0.0,1.29,1.29,1.33,0.0,0.0,0.0,6.31,0.62,33.3,,,,,,,,,,,,,,,,,,,,,,,,,,,,
Liam Fraser,ca CAN,MF,FC Dallas,24,1998,7,4,369,4.1,0.0,0.0,0.0,0.0,0.0,0.0,0.0,0.0,0.05,0.05,0.0,0.05,0.49,3.41,0.24,0.0,0.0,0.0,0.0,0.0,0.05,0.0,0.05,0.05,0.05,Matches,2023,4.1,45.6,23.4,17.6,4.15,54.1,25.1,18.8,8.29,84.2,93.2,93.5,50.0,776.8,228.8,45.6,23.4,17.6,4.15,54.1,25.1,18.8,8.29,84.2,93.2,93.5,50.0,45.6,23.4,17.6,4.15,54.1,25.1,18.8,8.29,84.2,93.2,93.5,50.0,45.6,23.4,17.6,4.15,54.1,25.1,18.8,8.29,84.2,93.2,93.5,50.0,0.0,0.05,0.0,0.0,4.63,0.73,0.24,0.0,0.73,0.0,0.0,0.73,0.0,0.0,,17.4,0.0,0.0,0.0,0.07,-0.05,-0.05,61.7,3.17,14.9,38.5,8.54,1.22,61.7,0.73,75.0,0.24,25.0,30.2,0.0,0.98,0.24,43.7,1.46,0.98,1.22,1.46,0.98,57.1,0.73,1.46,0.73,1.46,2.93,0.98,0.0,0.49,0.49,0.0,0.0,0.0,0.0,0.0,0.0,0.24,0.24,0.0,0.0,0.0,0.0,0.0,0.0,0.0,0.73,0.24,0.0,1.46,1.46,1.22,0.0,0.0,0.0,5.12,1.71,87.5,,,,,,,,,,,,,,,,,,,,,,,,,,,,
Ian Fray,jm JAM,"DF,MF",Inter Miami,20,2002,11,7,655,7.3,0.14,0.0,0.14,0.14,0.0,0.0,0.55,0.0,0.03,0.03,0.03,0.05,2.47,7.4,0.96,0.14,0.0,0.14,0.14,0.14,0.03,0.02,0.05,0.03,0.05,Matches,2023,7.3,50.8,20.1,25.1,4.93,59.2,22.2,27.5,6.85,85.9,90.7,91.0,72.0,957.8,330.5,50.8,20.1,25.1,4.93,59.2,22.2,27.5,6.85,85.9,90.7,91.0,72.0,50.8,20.1,25.1,4.93,59.2,22.2,27.5,6.85,85.9,90.7,91.0,72.0,50.8,20.1,25.1,4.93,59.2,22.2,27.5,6.85,85.9,90.7,91.0,72.0,0.0,0.04,-0.03,0.41,5.89,0.68,0.14,0.14,0.82,0.55,66.7,0.82,0.55,0.17,0.25,19.0,0.0,0.0,0.0,0.04,0.11,0.11,71.5,3.97,24.1,38.6,9.45,1.1,71.5,1.64,54.5,0.82,27.3,47.0,0.41,1.78,0.68,48.4,2.47,1.64,1.23,2.47,1.64,63.2,0.96,1.51,0.96,1.23,3.7,2.19,0.14,2.19,2.2,0.14,0.0,0.0,0.0,0.14,0.0,0.27,0.28,0.14,0.0,0.0,0.0,0.14,0.0,0.0,1.37,2.19,0.0,0.68,1.23,1.23,0.0,0.0,0.0,5.07,1.1,47.1,,,,,,,,,,,,,,,,,,,,,,,,,,,,
Alex Freeman,us USA,DF,Orlando City,18,2004,1,0,1,0.0,0.0,0.0,0.0,0.0,0.0,0.0,0.0,0.0,0.0,0.0,0.0,0.0,0.0,0.0,0.0,0.0,0.0,0.0,0.0,0.0,0.0,0.0,0.0,0.0,0.0,Matches,2023,0.0,0.0,0.0,0.0,0.0,0.0,0.0,0.0,0.0,,,,,0.0,0.0,0.0,0.0,0.0,0.0,0.0,0.0,0.0,0.0,,,,,0.0,0.0,0.0,0.0,0.0,0.0,0.0,0.0,,,,,0.0,0.0,0.0,0.0,0.0,0.0,0.0,0.0,,,,,0.0,0.0,0.0,0.0,0.0,0.0,0.0,0.0,0.0,0.0,,0.0,0.0,,,,0.0,0.0,0.0,,0.0,0.0,0.0,0.0,0.0,0.0,0.0,0.0,0.0,0.0,,0.0,,0.0,0.0,0.0,0.0,0.0,0.0,0.0,0.0,0.0,0.0,,0.0,0.0,0.0,0.0,0.0,0.0,0.0,0.0,0.0,0.0,0.0,0.0,0.0,0.0,0.0,0.0,0.0,0.0,0.0,0.0,0.0,0.0,0.0,0.0,0.0,0.0,0.0,0.0,0.0,0.0,0.0,0.0,0.0,0.0,0.0,,,,,,,,,,,,,,,,,,,,,,,,,,,,,
Matt Freese,us USA,GK,NYCFC,24,1998,10,10,900,10.0,0.0,0.0,0.0,0.0,0.0,0.0,0.0,0.0,0.0,0.0,0.0,0.0,0.0,0.0,0.0,0.0,0.0,0.0,0.0,0.0,0.0,0.0,0.0,0.0,0.0,Matches,2023,10.0,29.3,5.5,16.7,7.0,38.9,5.5,17.0,16.2,75.3,100.0,98.2,43.2,740.8,490.2,29.3,5.5,16.7,7.0,38.9,5.5,17.0,16.2,75.3,100.0,98.2,43.2,29.3,5.5,16.7,7.0,38.9,5.5,17.0,16.2,75.3,100.0,98.2,43.2,29.3,5.5,16.7,7.0,38.9,5.5,17.0,16.2,75.3,100.0,98.2,43.2,0.0,0.0,0.0,0.0,0.5,0.0,0.0,0.0,0.0,0.0,,0.0,0.0,,,,0.0,0.0,0.0,,0.0,0.0,40.3,33.1,40.1,0.2,0.0,0.0,40.3,0.0,,0.0,,24.2,0.0,0.0,0.0,20.3,0.0,0.0,0.0,0.0,0.0,,0.0,0.0,0.0,0.0,0.0,0.1,0.0,0.0,0.0,0.0,0.0,0.0,0.0,0.0,0.0,0.0,0.0,0.0,0.0,0.0,0.0,0.0,0.0,0.0,0.0,0.0,0.0,0.0,0.0,0.0,0.0,0.0,0.0,0.5,0.1,100.0,0.8,0.2,0.1,0.0,0.94,0.2,0.14,0.14,30.7,6.0,28.0,49.4,31.4,39.7,14.6,28.0,49.4,31.4,39.7,14.6,12.7,0.3,2.4,0.4,0.4,31.4,39.7,14.6
Stefan Frei,ch SUI,GK,Seattle Sounders,36,1986,32,32,2880,32.0,0.0,0.0,0.0,0.0,0.0,0.0,0.0,0.0,0.0,0.0,0.0,0.0,0.0,0.03,0.0,0.0,0.0,0.0,0.0,0.0,0.0,0.0,0.0,0.0,0.0,Matches,2023,32.0,18.1,3.13,8.03,6.84,26.9,3.13,8.16,15.4,67.2,100.0,98.5,44.5,517.5,395.9,18.1,3.13,8.03,6.84,26.9,3.13,8.16,15.4,67.2,100.0,98.5,44.5,18.1,3.13,8.03,6.84,26.9,3.13,8.16,15.4,67.2,100.0,98.5,44.5,18.1,3.13,8.03,6.84,26.9,3.13,8.16,15.4,67.2,100.0,98.5,44.5,0.0,0.0,0.0,0.0,0.25,0.0,0.0,0.0,0.0,0.0,,0.0,0.0,,,,0.0,0.0,0.0,,0.0,0.0,28.3,24.5,28.3,0.09,0.0,0.0,28.3,0.0,,0.0,,14.2,0.0,0.0,0.0,11.7,0.0,0.0,0.0,0.0,0.0,,0.0,0.0,0.0,0.0,0.0,0.31,0.06,0.09,0.09,0.0,0.0,0.0,0.0,0.0,0.0,0.0,0.0,0.0,0.0,0.0,0.0,0.0,0.0,0.0,0.0,0.19,0.0,0.0,0.0,0.0,0.0,0.0,0.03,1.0,0.09,75.0,0.88,0.0,0.13,0.06,0.91,0.29,0.1,0.1,19.6,3.16,44.2,47.4,36.8,40.7,13.1,44.2,47.4,36.8,40.7,13.1,13.6,0.78,5.7,0.69,0.69,36.8,40.7,13.1
Ray Gaddis,us USA,DF,FC Cincinnati,33,1990,28,15,1248,13.9,0.0,0.0,0.0,0.0,0.0,0.0,0.22,0.0,0.01,0.01,0.03,0.03,0.72,2.95,2.88,0.0,0.0,0.0,0.0,0.0,0.0,0.03,0.03,0.0,0.03,Matches,2023,13.9,32.0,15.6,14.1,1.73,40.0,17.8,16.8,3.38,80.0,87.5,83.8,51.1,518.6,191.8,32.0,15.6,14.1,1.73,40.0,17.8,16.8,3.38,80.0,87.5,83.8,51.1,32.0,15.6,14.1,1.73,40.0,17.8,16.8,3.38,80.0,87.5,83.8,51.1,32.0,15.6,14.1,1.73,40.0,17.8,16.8,3.38,80.0,87.5,83.8,51.1,0.0,0.02,-0.03,0.29,2.3,0.29,0.07,0.0,0.14,0.0,0.0,0.14,0.0,0.0,,16.6,0.0,0.0,0.0,0.03,-0.01,-0.01,48.2,2.81,14.8,24.4,9.5,0.58,48.2,0.79,68.8,0.36,31.3,22.7,0.22,1.01,0.58,24.3,1.8,1.08,1.22,1.8,1.08,71.4,0.43,1.65,1.37,0.94,2.73,1.37,0.14,0.86,0.86,0.0,0.0,0.0,0.0,0.0,0.0,0.0,0.0,0.0,0.0,0.0,0.0,0.0,0.0,0.0,0.5,0.43,0.07,0.65,0.94,1.22,0.0,0.0,0.0,6.55,0.43,35.3,,,,,,,,,,,,,,,,,,,,,,,,,,,,
Julian Gaines,us USA,DF,LAFC,20,2002,2,1,65,0.7,0.0,0.0,0.0,0.0,0.0,0.0,0.0,0.0,0.0,0.0,0.0,0.0,0.0,1.43,4.29,0.0,0.0,0.0,0.0,0.0,0.0,0.0,0.0,0.0,0.0,Matches,2023,0.7,32.9,15.7,14.3,1.43,34.3,17.1,14.3,1.43,95.8,91.7,100.0,100.0,505.7,102.9,32.9,15.7,14.3,1.43,34.3,17.1,14.3,1.43,95.8,91.7,100.0,100.0,32.9,15.7,14.3,1.43,34.3,17.1,14.3,1.43,95.8,91.7,100.0,100.0,32.9,15.7,14.3,1.43,34.3,17.1,14.3,1.43,95.8,91.7,100.0,100.0,0.0,0.0,0.0,0.0,0.0,0.0,0.0,0.0,0.0,0.0,,0.0,0.0,,,,0.0,0.0,0.0,,0.0,0.0,45.7,2.86,15.7,18.6,11.4,1.43,45.7,0.0,,0.0,,18.6,0.0,4.29,0.0,24.3,2.86,2.86,0.0,2.86,2.86,50.0,2.86,1.43,1.43,0.0,2.86,1.43,0.0,0.0,0.0,0.0,0.0,0.0,0.0,0.0,0.0,0.0,0.0,0.0,0.0,0.0,0.0,0.0,0.0,0.0,1.43,0.0,0.0,0.0,0.0,0.0,0.0,0.0,0.0,5.71,0.0,0.0,,,,,,,,,,,,,,,,,,,,,,,,,,,,
McKinze Gaines,us USA,"FW,MF",Charlotte,24,1998,18,8,738,8.2,0.12,0.12,0.24,0.12,0.0,0.0,0.37,0.0,0.06,0.06,0.21,0.26,3.41,2.32,8.17,0.12,0.12,0.24,0.12,0.24,0.06,0.2,0.26,0.06,0.26,Matches,2023,8.2,22.8,12.3,7.8,1.71,30.5,14.3,10.6,2.8,74.8,86.3,73.6,60.9,356.6,89.6,22.8,12.3,7.8,1.71,30.5,14.3,10.6,2.8,74.8,86.3,73.6,60.9,22.8,12.3,7.8,1.71,30.5,14.3,10.6,2.8,74.8,86.3,73.6,60.9,22.8,12.3,7.8,1.71,30.5,14.3,10.6,2.8,74.8,86.3,73.6,60.9,0.12,0.16,-0.09,1.46,1.46,1.34,0.85,0.12,0.85,0.37,42.9,0.85,0.37,0.14,0.33,17.8,0.0,0.0,0.0,0.07,0.06,0.06,40.0,0.49,4.51,14.9,21.3,3.05,40.0,3.05,67.6,1.34,29.7,24.9,0.85,2.93,1.59,30.4,0.98,0.12,0.61,0.98,0.12,11.1,0.98,0.49,0.37,0.24,1.22,0.24,0.0,3.17,3.18,0.98,0.0,0.12,0.0,0.12,0.0,0.12,0.12,0.98,0.0,0.12,0.0,0.12,0.0,0.0,1.71,0.98,0.49,4.27,0.24,0.61,0.0,0.0,0.0,3.78,0.37,25.0,,,,,,,,,,,,,,,,,,,,,,,,,,,,
Jon Gallagher,ie IRL,"DF,MF",Austin,26,1996,34,31,2788,31.0,0.16,0.13,0.29,0.16,0.0,0.0,0.13,0.0,0.08,0.08,0.15,0.22,3.06,3.61,6.94,0.16,0.13,0.29,0.16,0.29,0.08,0.14,0.22,0.08,0.22,Matches,2023,31.0,33.7,15.4,15.2,2.77,45.0,17.2,19.1,6.74,74.9,89.8,79.4,41.1,581.0,125.1,33.7,15.4,15.2,2.77,45.0,17.2,19.1,6.74,74.9,89.8,79.4,41.1,33.7,15.4,15.2,2.77,45.0,17.2,19.1,6.74,74.9,89.8,79.4,41.1,33.7,15.4,15.2,2.77,45.0,17.2,19.1,6.74,74.9,89.8,79.4,41.1,0.13,0.07,-0.02,0.77,2.35,0.84,0.42,0.16,0.84,0.29,34.6,0.84,0.29,0.19,0.56,20.2,0.0,0.0,0.0,0.1,0.08,0.08,53.9,2.61,13.1,22.4,18.8,1.61,53.9,0.9,39.4,1.1,47.9,32.3,0.32,1.06,0.55,34.1,1.29,0.68,0.77,1.29,0.68,50.0,0.68,0.87,0.68,0.71,2.0,1.45,0.03,2.13,2.13,0.13,0.0,0.06,0.03,0.0,0.0,0.35,0.36,0.13,0.0,0.06,0.03,0.0,0.0,0.0,0.71,1.03,0.06,3.29,0.71,0.77,0.03,0.0,0.0,4.74,0.55,40.5,,,,,,,,,,,,,,,,,,,,,,,,,,,,
Pedro Gallese,pe PER,GK,Orlando City,32,1990,30,30,2700,30.0,0.0,0.0,0.0,0.0,0.0,0.0,0.1,0.0,0.0,0.0,0.0,0.0,0.0,0.03,0.0,0.0,0.0,0.0,0.0,0.0,0.0,0.0,0.0,0.0,0.0,Matches,2023,30.0,20.8,6.93,7.93,5.63,28.7,6.97,8.1,13.2,72.4,99.5,97.9,42.7,499.0,372.3,20.8,6.93,7.93,5.63,28.7,6.97,8.1,13.2,72.4,99.5,97.9,42.7,20.8,6.93,7.93,5.63,28.7,6.97,8.1,13.2,72.4,99.5,97.9,42.7,20.8,6.93,7.93,5.63,28.7,6.97,8.1,13.2,72.4,99.5,97.9,42.7,0.0,0.0,-0.0,0.07,0.27,0.0,0.0,0.0,0.0,0.0,,0.0,0.0,,,,0.0,0.0,0.0,,0.0,0.0,30.9,25.5,30.6,0.23,0.0,0.0,30.9,0.03,100.0,0.0,0.0,15.0,0.0,0.03,0.0,11.1,0.03,0.0,0.03,0.03,0.0,,0.0,0.03,0.03,0.0,0.03,0.33,0.03,0.23,0.23,0.0,0.0,0.0,0.0,0.0,0.0,0.03,0.03,0.0,0.0,0.0,0.0,0.0,0.0,0.0,0.0,0.3,0.0,0.0,0.0,0.03,0.0,0.0,0.0,1.17,0.1,75.0,1.1,0.07,0.1,0.03,1.11,0.28,0.05,0.05,20.9,3.23,36.0,33.6,32.6,29.4,15.7,36.0,33.6,32.6,29.4,15.7,12.2,0.8,6.6,1.23,1.23,32.6,29.4,15.7
Braian Galván,ar ARG,"FW,DF",Colorado Rapids,22,2000,20,6,664,7.4,0.14,0.0,0.14,0.0,0.14,0.14,0.14,0.27,0.15,0.04,0.08,0.12,2.43,5.54,7.03,0.14,0.0,0.14,0.0,0.0,0.15,0.08,0.23,0.04,0.12,Matches,2023,7.4,27.6,14.2,9.73,3.24,39.3,18.1,13.6,5.68,70.1,78.4,71.3,57.1,483.8,192.6,27.6,14.2,9.73,3.24,39.3,18.1,13.6,5.68,70.1,78.4,71.3,57.1,27.6,14.2,9.73,3.24,39.3,18.1,13.6,5.68,70.1,78.4,71.3,57.1,27.6,14.2,9.73,3.24,39.3,18.1,13.6,5.68,70.1,78.4,71.3,57.1,0.0,0.11,-0.08,1.22,4.73,2.03,0.27,0.14,1.22,0.27,22.2,1.22,0.27,0.0,0.0,27.9,0.41,0.14,0.14,0.04,-0.01,-0.04,49.7,1.22,8.11,23.5,18.9,1.22,49.6,1.22,31.0,2.03,51.7,33.5,0.0,1.89,0.41,34.7,0.81,0.54,0.27,0.81,0.54,50.0,0.54,0.68,0.54,1.08,1.89,0.41,0.0,2.84,2.85,0.14,0.0,0.41,0.14,0.14,0.0,0.14,0.14,0.14,0.0,0.41,0.14,0.14,0.0,0.0,0.54,1.35,0.0,3.11,1.08,0.27,0.0,0.0,0.0,5.0,0.27,40.0,,,,,,,,,,,,,,,,,,,,,,,,,,,,
Mender García,co COL,"FW,MF",Minnesota Utd,24,1998,30,13,1029,11.4,0.26,0.09,0.35,0.26,0.0,0.0,0.0,0.0,0.38,0.38,0.27,0.64,1.14,1.49,5.88,0.26,0.09,0.35,0.26,0.35,0.37,0.27,0.64,0.37,0.64,Matches,2023,11.4,14.2,8.86,4.12,0.44,18.6,10.4,5.26,0.53,76.4,85.6,78.3,83.3,185.8,33.9,14.2,8.86,4.12,0.44,18.6,10.4,5.26,0.53,76.4,85.6,78.3,83.3,14.2,8.86,4.12,0.44,18.6,10.4,5.26,0.53,76.4,85.6,78.3,83.3,14.2,8.86,4.12,0.44,18.6,10.4,5.26,0.53,76.4,85.6,78.3,83.3,0.09,0.26,-0.18,1.49,0.53,0.53,0.0,0.26,2.19,0.7,32.0,2.19,0.7,0.12,0.38,12.7,0.0,0.0,0.0,0.17,-0.11,-0.11,30.7,0.09,0.96,13.9,16.3,5.53,30.7,0.96,57.9,0.61,36.8,16.5,0.88,3.95,1.05,20.2,1.05,0.35,0.61,1.05,0.35,33.3,0.7,1.05,1.05,0.35,1.4,0.09,0.0,2.54,2.53,0.18,0.0,0.09,0.0,0.09,0.0,0.18,0.17,0.18,0.0,0.09,0.0,0.09,0.0,0.0,1.75,0.61,0.96,0.44,0.35,0.61,0.0,0.0,0.0,3.42,1.67,23.2,,,,,,,,,,,,,,,,,,,,,,,,,,,,
Chase Gasper,us USA,DF,Houston Dynamo,27,1996,5,3,209,2.3,0.0,0.0,0.0,0.0,0.0,0.0,0.43,0.0,0.0,0.0,0.0,0.0,0.87,3.91,5.65,0.0,0.0,0.0,0.0,0.0,0.0,0.0,0.0,0.0,0.0,Matches,2023,2.3,30.9,14.8,14.3,1.74,44.8,17.0,20.0,7.39,68.9,87.2,71.7,23.5,550.4,275.7,30.9,14.8,14.3,1.74,44.8,17.0,20.0,7.39,68.9,87.2,71.7,23.5,30.9,14.8,14.3,1.74,44.8,17.0,20.0,7.39,68.9,87.2,71.7,23.5,30.9,14.8,14.3,1.74,44.8,17.0,20.0,7.39,68.9,87.2,71.7,23.5,0.0,0.04,0.0,0.0,3.04,0.43,0.0,0.0,0.0,0.0,,0.0,0.0,,,,0.0,0.0,0.0,,0.0,0.0,52.6,3.91,14.3,25.7,12.6,0.0,52.6,0.0,0.0,0.87,100.0,29.1,0.0,0.43,0.43,31.3,0.87,0.87,0.43,0.87,0.87,40.0,1.3,0.87,0.87,0.43,1.3,3.48,0.0,0.87,0.86,0.0,0.0,0.0,0.0,0.0,0.0,0.0,0.0,0.0,0.0,0.0,0.0,0.0,0.0,0.0,1.74,0.87,0.0,2.61,0.43,0.43,0.0,0.43,0.0,4.35,2.61,100.0,,,,,,,,,,,,,,,,,,,,,,,,,,,,
Ryan Gauld,sct SCO,"FW,MF",Vancouver W'caps,27,1995,32,30,2632,29.2,0.38,0.41,0.79,0.17,0.21,0.27,0.17,0.0,0.48,0.26,0.34,0.61,2.64,6.95,6.85,0.38,0.41,0.79,0.17,0.58,0.48,0.34,0.82,0.26,0.6,Matches,2023,29.2,32.1,15.4,11.8,4.25,42.8,17.8,15.1,7.77,74.8,86.5,77.8,54.6,573.5,184.3,32.1,15.4,11.8,4.25,42.8,17.8,15.1,7.77,74.8,86.5,77.8,54.6,32.1,15.4,11.8,4.25,42.8,17.8,15.1,7.77,74.8,86.5,77.8,54.6,32.1,15.4,11.8,4.25,42.8,17.8,15.1,7.77,74.8,86.5,77.8,54.6,0.41,0.32,0.07,2.74,3.25,2.91,0.89,0.38,2.33,0.68,29.4,2.33,0.68,0.07,0.25,18.7,0.1,0.21,0.27,0.11,-0.1,-0.09,53.0,0.62,4.01,22.2,27.8,4.01,52.7,0.99,54.7,0.68,37.7,28.4,0.24,1.68,0.72,36.2,2.19,0.55,1.34,2.19,0.55,34.8,1.03,1.27,1.2,0.55,2.74,0.51,0.0,4.79,4.79,0.03,0.0,0.1,0.03,0.07,0.0,0.65,0.65,0.03,0.0,0.1,0.03,0.07,0.0,0.0,1.3,1.06,0.21,5.72,0.55,1.34,0.03,0.0,0.0,4.21,0.86,43.9,,,,,,,,,,,,,,,,,,,,,,,,,,,,
Luka Gavran,ca CAN,GK,Toronto FC,22,2000,4,4,360,4.0,0.0,0.0,0.0,0.0,0.0,0.0,0.0,0.0,0.0,0.0,0.0,0.0,0.0,0.0,0.0,0.0,0.0,0.0,0.0,0.0,0.0,0.0,0.0,0.0,0.0,Matches,2023,4.0,21.3,4.75,10.3,6.25,36.0,5.0,10.8,20.3,59.0,95.0,95.3,30.9,584.5,486.5,21.3,4.75,10.3,6.25,36.0,5.0,10.8,20.3,59.0,95.0,95.3,30.9,21.3,4.75,10.3,6.25,36.0,5.0,10.8,20.3,59.0,95.0,95.3,30.9,21.3,4.75,10.3,6.25,36.0,5.0,10.8,20.3,59.0,95.0,95.3,30.9,0.0,0.0,0.0,0.0,0.25,0.0,0.0,0.0,0.0,0.0,,0.0,0.0,,,,0.0,0.0,0.0,,0.0,0.0,41.3,39.0,41.3,0.0,0.0,0.0,41.3,0.0,,0.0,,19.3,0.0,0.5,0.0,16.5,0.0,0.0,0.0,0.0,0.0,,0.0,0.0,0.0,0.0,0.0,0.5,0.0,0.25,0.25,0.0,0.0,0.0,0.0,0.0,0.0,0.0,0.0,0.0,0.0,0.0,0.0,0.0,0.0,0.0,0.25,0.0,0.0,0.0,0.0,0.0,0.0,0.25,0.0,1.0,0.0,,3.0,0.5,0.0,0.0,3.17,0.31,0.17,0.18,26.0,5.5,45.2,55.0,37.5,45.7,12.3,45.2,55.0,37.5,45.7,12.3,16.5,1.25,7.6,0.75,0.75,37.5,45.7,12.3
Dániel Gazdag,hu HUN,MF,Philadelphia Union,26,1996,32,30,2730,30.3,0.46,0.2,0.66,0.1,0.36,0.36,0.17,0.0,0.45,0.16,0.16,0.32,1.29,4.95,5.08,0.46,0.2,0.66,0.1,0.3,0.45,0.16,0.61,0.16,0.32,Matches,2023,30.3,28.9,16.3,9.44,1.78,38.0,19.0,12.1,3.53,76.1,85.7,77.7,50.5,423.4,128.8,28.9,16.3,9.44,1.78,38.0,19.0,12.1,3.53,76.1,85.7,77.7,50.5,28.9,16.3,9.44,1.78,38.0,19.0,12.1,3.53,76.1,85.7,77.7,50.5,28.9,16.3,9.44,1.78,38.0,19.0,12.1,3.53,76.1,85.7,77.7,50.5,0.2,0.19,0.04,1.52,3.63,1.39,0.03,0.46,1.78,0.59,33.3,1.78,0.59,0.06,0.17,23.8,0.0,0.36,0.36,0.09,0.01,-0.06,46.2,0.36,3.63,24.3,19.0,3.07,45.9,0.43,27.1,0.89,56.3,28.8,0.5,1.19,1.09,35.5,0.99,0.53,0.43,0.99,0.53,35.6,0.96,0.56,0.5,0.3,1.29,0.23,0.0,3.6,3.59,0.1,0.03,0.26,0.07,0.03,0.0,0.63,0.63,0.1,0.03,0.26,0.07,0.03,0.0,0.0,0.96,1.55,0.53,0.96,0.3,0.43,0.07,0.0,0.0,4.22,0.23,33.3,,,,,,,,,,,,,,,,,,,,,,,,,,,,
Geovane,br BRA,DF,FC Dallas,21,2001,19,11,987,11.0,0.0,0.18,0.18,0.0,0.0,0.0,0.45,0.0,0.04,0.04,0.1,0.14,1.73,2.36,4.55,0.0,0.18,0.18,0.0,0.18,0.04,0.1,0.14,0.04,0.14,Matches,2023,11.0,30.2,15.1,13.0,1.55,42.2,18.1,17.5,4.45,71.6,83.4,74.1,34.7,500.2,173.5,30.2,15.1,13.0,1.55,42.2,18.1,17.5,4.45,71.6,83.4,74.1,34.7,30.2,15.1,13.0,1.55,42.2,18.1,17.5,4.45,71.6,83.4,74.1,34.7,30.2,15.1,13.0,1.55,42.2,18.1,17.5,4.45,71.6,83.4,74.1,34.7,0.18,0.1,0.08,0.64,1.73,0.82,0.73,0.0,1.0,0.36,36.4,1.0,0.36,0.0,0.0,18.9,0.0,0.0,0.0,0.04,-0.04,-0.04,55.4,5.0,16.9,26.4,12.8,1.45,55.4,1.09,70.6,0.27,17.6,20.1,0.27,1.36,0.27,27.5,1.36,1.0,0.91,1.36,1.0,55.0,0.82,1.36,0.82,1.36,2.73,3.82,0.0,2.0,2.01,0.18,0.09,0.27,0.0,0.09,0.0,0.27,0.27,0.18,0.09,0.27,0.0,0.09,0.0,0.0,1.45,2.18,0.0,2.18,1.36,0.91,0.0,0.0,0.0,3.36,4.82,69.7,,,,,,,,,,,,,,,,,,,,,,,,,,,,
Alex Gersbach,au AUS,"DF,MF",Colorado Rapids,25,1997,3,3,261,2.9,0.0,0.0,0.0,0.0,0.0,0.0,0.0,0.0,0.03,0.03,0.03,0.03,2.41,2.76,3.45,0.0,0.0,0.0,0.0,0.0,0.02,0.02,0.04,0.02,0.04,Matches,2023,2.9,28.6,15.2,12.1,1.03,42.4,19.7,16.2,4.14,67.5,77.2,74.5,25.0,433.8,110.0,28.6,15.2,12.1,1.03,42.4,19.7,16.2,4.14,67.5,77.2,74.5,25.0,28.6,15.2,12.1,1.03,42.4,19.7,16.2,4.14,67.5,77.2,74.5,25.0,28.6,15.2,12.1,1.03,42.4,19.7,16.2,4.14,67.5,77.2,74.5,25.0,0.0,0.0,-0.03,0.34,1.38,0.34,0.34,0.0,0.34,0.0,0.0,0.34,0.0,0.0,,25.8,0.34,0.0,0.0,0.06,-0.03,-0.03,53.4,3.79,20.0,22.8,11.0,0.34,53.4,0.34,33.3,0.34,33.3,24.5,0.0,0.69,0.34,27.2,1.72,1.03,0.69,1.72,1.03,60.0,0.69,2.07,1.72,2.07,3.79,3.45,0.0,1.03,1.03,0.0,0.0,0.0,0.0,0.0,0.0,0.0,0.0,0.0,0.0,0.0,0.0,0.0,0.0,0.0,1.03,0.34,0.0,1.72,2.07,0.69,0.0,0.0,0.0,4.48,0.34,12.5,,,,,,,,,,,,,,,,,,,,,,,,,,,,
Giorgos Giakoumakis,gr GRE,FW,Atlanta Utd,28,1994,27,21,1781,19.8,0.86,0.0,0.86,0.86,0.0,0.0,0.35,0.0,0.64,0.64,0.08,0.72,0.51,1.01,5.3,0.86,0.0,0.86,0.86,0.86,0.63,0.08,0.71,0.63,0.71,Matches,2023,19.8,12.5,7.37,3.38,1.11,17.7,9.44,4.7,1.46,70.7,78.1,72.0,75.9,179.2,27.4,12.5,7.37,3.38,1.11,17.7,9.44,4.7,1.46,70.7,78.1,72.0,75.9,12.5,7.37,3.38,1.11,17.7,9.44,4.7,1.46,70.7,78.1,72.0,75.9,12.5,7.37,3.38,1.11,17.7,9.44,4.7,1.46,70.7,78.1,72.0,75.9,0.0,0.1,-0.08,0.86,0.81,0.35,0.0,0.86,3.33,1.57,47.0,3.34,1.57,0.26,0.55,13.9,0.0,0.0,0.0,0.19,0.22,0.22,30.9,1.92,3.74,14.1,13.2,5.2,30.9,0.56,37.9,0.76,51.7,17.1,0.2,2.27,0.96,22.0,1.16,0.51,0.81,1.16,0.51,33.3,1.01,1.01,0.81,0.1,1.26,1.72,0.0,1.87,1.87,0.1,0.1,0.3,0.05,0.05,0.0,0.3,0.3,0.1,0.1,0.3,0.05,0.05,0.0,0.0,2.22,2.27,0.91,0.15,0.1,0.81,0.0,0.0,0.0,1.87,1.87,51.4,,,,,,,,,,,,,,,,,,,,,,,,,,,,
Carles Gil,es ESP,MF,NE Revolution,30,1992,32,29,2620,29.1,0.38,0.27,0.65,0.31,0.07,0.07,0.14,0.0,0.26,0.21,0.31,0.51,4.81,10.4,5.91,0.38,0.27,0.65,0.31,0.58,0.26,0.31,0.57,0.21,0.51,Matches,2023,29.1,49.1,19.5,20.5,8.49,63.4,22.6,24.8,13.6,77.5,86.2,82.7,62.4,982.2,302.0,49.1,19.5,20.5,8.49,63.4,22.6,24.8,13.6,77.5,86.2,82.7,62.4,49.1,19.5,20.5,8.49,63.4,22.6,24.8,13.6,77.5,86.2,82.7,62.4,49.1,19.5,20.5,8.49,63.4,22.6,24.8,13.6,77.5,86.2,82.7,62.4,0.27,0.34,-0.03,3.3,6.87,3.06,0.34,0.38,2.58,1.0,38.7,2.58,1.0,0.12,0.31,23.7,0.45,0.07,0.07,0.08,0.12,0.1,73.1,0.17,6.49,35.7,32.2,2.78,73.0,2.75,55.2,1.58,31.7,50.1,0.86,2.1,0.89,55.4,0.76,0.41,0.65,0.76,0.41,33.3,0.82,0.41,0.38,0.48,1.24,0.17,0.0,6.91,6.91,0.52,0.03,0.38,0.0,0.07,0.03,1.0,1.0,0.52,0.03,0.38,0.0,0.07,0.03,0.0,0.31,2.44,0.03,6.32,0.48,0.65,0.0,0.0,0.0,5.74,0.03,20.0,,,,,,,,,,,,,,,,,,,,,,,,,,,,
Nacho Gil,es ESP,"FW,DF",NE Revolution,27,1995,9,8,526,5.8,0.0,0.34,0.34,0.0,0.0,0.0,0.34,0.0,0.03,0.03,0.12,0.16,3.62,3.28,6.9,0.0,0.34,0.34,0.0,0.34,0.03,0.12,0.15,0.03,0.15,Matches,2023,5.8,27.2,14.1,10.9,1.21,35.0,16.9,12.9,1.55,77.8,83.7,84.0,77.8,420.0,99.7,27.2,14.1,10.9,1.21,35.0,16.9,12.9,1.55,77.8,83.7,84.0,77.8,27.2,14.1,10.9,1.21,35.0,16.9,12.9,1.55,77.8,83.7,84.0,77.8,27.2,14.1,10.9,1.21,35.0,16.9,12.9,1.55,77.8,83.7,84.0,77.8,0.34,0.12,0.22,1.21,1.38,1.72,0.52,0.0,0.69,0.17,25.0,0.68,0.17,0.0,0.0,15.6,0.0,0.0,0.0,0.04,-0.03,-0.03,44.3,0.52,7.24,15.9,21.9,3.28,44.3,1.38,47.1,1.38,47.1,27.6,1.21,1.72,0.86,33.1,1.72,0.34,1.21,1.72,0.34,28.6,0.86,0.52,0.34,0.69,2.41,0.52,0.0,2.76,2.74,0.0,0.0,0.17,0.0,0.0,0.0,0.52,0.51,0.0,0.0,0.17,0.0,0.0,0.0,0.0,1.55,2.41,0.17,2.93,0.69,1.21,0.0,0.0,0.0,3.45,0.52,33.3,,,,,,,,,,,,,,,,,,,,,,,,,,,,
Gastón Giménez,py PAR,MF,Chicago Fire,31,1991,31,27,2200,24.4,0.04,0.04,0.08,0.04,0.0,0.0,0.41,0.04,0.07,0.07,0.05,0.12,0.82,4.06,0.74,0.04,0.04,0.08,0.04,0.08,0.06,0.05,0.12,0.06,0.12,Matches,2023,24.4,41.4,16.3,19.5,5.08,50.3,18.0,22.1,8.4,82.3,90.4,88.3,60.5,787.2,259.1,41.4,16.3,19.5,5.08,50.3,18.0,22.1,8.4,82.3,90.4,88.3,60.5,41.4,16.3,19.5,5.08,50.3,18.0,22.1,8.4,82.3,90.4,88.3,60.5,41.4,16.3,19.5,5.08,50.3,18.0,22.1,8.4,82.3,90.4,88.3,60.5,0.04,0.09,-0.01,0.7,4.3,0.61,0.16,0.04,1.07,0.16,15.4,1.06,0.16,0.04,0.25,22.8,0.08,0.0,0.0,0.06,-0.02,-0.02,59.7,2.34,16.2,35.1,8.98,0.57,59.7,1.11,84.4,0.2,15.6,30.6,0.12,1.19,0.61,36.3,2.34,1.19,1.64,2.34,1.19,56.9,0.9,1.89,1.19,1.15,3.48,1.02,0.04,1.8,1.8,0.0,0.0,0.0,0.0,0.12,0.04,0.16,0.16,0.0,0.0,0.0,0.0,0.12,0.04,0.04,1.56,0.66,0.0,1.76,1.15,1.64,0.0,0.0,0.0,7.95,0.82,54.1,,,,,,,,,,,,,,,,,,,,,,,,,,,,
Nicholas Gioacchini,us USA,"FW,MF",St. Louis,22,2000,32,24,2095,23.3,0.43,0.04,0.47,0.39,0.04,0.04,0.09,0.0,0.32,0.29,0.12,0.4,1.03,1.97,6.18,0.43,0.04,0.47,0.39,0.43,0.32,0.12,0.44,0.29,0.4,Matches,2023,23.3,16.0,10.0,3.95,0.82,23.9,13.7,5.97,1.07,67.0,72.8,66.2,76.0,210.4,44.9,16.0,10.0,3.95,0.82,23.9,13.7,5.97,1.07,67.0,72.8,66.2,76.0,16.0,10.0,3.95,0.82,23.9,13.7,5.97,1.07,67.0,72.8,66.2,76.0,16.0,10.0,3.95,0.82,23.9,13.7,5.97,1.07,67.0,72.8,66.2,76.0,0.04,0.07,-0.07,1.33,1.03,0.6,0.04,0.43,1.85,0.86,46.5,1.85,0.86,0.21,0.45,11.2,0.0,0.04,0.04,0.17,0.11,0.1,36.2,0.69,2.88,14.6,19.0,4.42,36.2,0.82,39.6,0.86,41.7,18.6,0.47,3.13,1.2,27.2,1.03,0.21,0.64,1.03,0.21,33.3,0.43,1.2,1.03,0.43,1.46,0.6,0.0,2.96,2.96,0.09,0.0,0.52,0.04,0.04,0.0,0.34,0.34,0.09,0.0,0.52,0.04,0.04,0.0,0.0,1.85,2.66,0.43,0.13,0.43,0.64,0.0,0.0,0.0,2.58,2.58,33.9,,,,,,,,,,,,,,,,,,,,,,,,,,,,
Justen Glad,us USA,DF,Real Salt Lake,25,1997,32,31,2714,30.2,0.17,0.0,0.17,0.17,0.0,0.0,0.23,0.03,0.08,0.08,0.01,0.08,0.36,3.28,0.03,0.17,0.0,0.17,0.17,0.17,0.08,0.01,0.08,0.08,0.08,Matches,2023,30.2,51.0,14.5,26.9,9.21,58.1,15.4,28.7,12.9,87.8,94.2,93.4,71.3,1097.3,415.9,51.0,14.5,26.9,9.21,58.1,15.4,28.7,12.9,87.8,94.2,93.4,71.3,51.0,14.5,26.9,9.21,58.1,15.4,28.7,12.9,87.8,94.2,93.4,71.3,51.0,14.5,26.9,9.21,58.1,15.4,28.7,12.9,87.8,94.2,93.4,71.3,0.0,0.01,-0.01,0.17,3.11,0.03,0.03,0.17,0.5,0.23,46.7,0.5,0.23,0.33,0.71,10.0,0.0,0.0,0.0,0.15,0.09,0.09,68.2,7.38,38.4,28.4,1.69,0.79,68.2,0.07,33.3,0.07,33.3,40.6,0.0,0.53,0.17,45.9,1.29,0.73,0.83,1.29,0.73,62.9,0.43,1.23,0.36,1.66,2.95,3.97,0.03,0.7,0.7,0.0,0.0,0.0,0.0,0.03,0.0,0.0,0.0,0.0,0.0,0.0,0.0,0.03,0.0,0.0,0.96,0.4,0.0,0.1,1.66,0.83,0.0,0.0,0.03,5.46,1.82,55.6,,,,,,,,,,,,,,,,,,,,,,,,,,,,
Jakob Glesnes,no NOR,DF,Philadelphia Union,28,1994,31,31,2790,31.0,0.06,0.0,0.06,0.06,0.0,0.0,0.19,0.0,0.04,0.04,0.02,0.05,1.1,3.65,0.1,0.06,0.0,0.06,0.06,0.06,0.04,0.02,0.05,0.04,0.05,Matches,2023,31.0,32.5,9.13,15.8,7.29,40.8,10.6,18.2,10.9,79.6,85.8,87.1,66.7,764.0,331.5,32.5,9.13,15.8,7.29,40.8,10.6,18.2,10.9,79.6,85.8,87.1,66.7,32.5,9.13,15.8,7.29,40.8,10.6,18.2,10.9,79.6,85.8,87.1,66.7,32.5,9.13,15.8,7.29,40.8,10.6,18.2,10.9,79.6,85.8,87.1,66.7,0.0,0.04,-0.02,0.26,4.39,0.32,0.0,0.06,0.71,0.23,31.8,0.71,0.23,0.09,0.29,20.9,0.06,0.0,0.0,0.06,0.03,0.03,49.9,6.16,22.7,25.1,2.9,0.77,49.9,0.35,84.6,0.06,15.4,27.0,0.0,0.58,0.03,27.9,1.55,0.74,0.87,1.55,0.74,47.9,0.81,1.42,0.58,1.48,3.03,2.9,0.03,1.1,1.1,0.03,0.0,0.0,0.0,0.03,0.0,0.13,0.13,0.03,0.0,0.0,0.0,0.03,0.0,0.0,0.87,0.35,0.0,0.13,1.48,0.87,0.0,0.03,0.03,5.68,1.68,59.8,,,,,,,,,,,,,,,,,,,,,,,,,,,,
Caden Glover,us USA,MF,St. Louis,15,2007,1,0,14,0.2,0.0,0.0,0.0,0.0,0.0,0.0,0.0,0.0,0.0,0.0,0.0,0.0,0.0,0.0,0.0,0.0,0.0,0.0,0.0,0.0,0.0,0.0,0.0,0.0,0.0,Matches,2023,0.2,0.0,0.0,0.0,0.0,0.0,0.0,0.0,0.0,,,,,0.0,0.0,0.0,0.0,0.0,0.0,0.0,0.0,0.0,0.0,,,,,0.0,0.0,0.0,0.0,0.0,0.0,0.0,0.0,,,,,0.0,0.0,0.0,0.0,0.0,0.0,0.0,0.0,,,,,0.0,0.0,0.0,0.0,0.0,0.0,0.0,0.0,0.0,0.0,,0.0,0.0,,,,0.0,0.0,0.0,,0.0,0.0,5.0,0.0,0.0,5.0,0.0,0.0,5.0,0.0,,0.0,,0.0,0.0,0.0,0.0,0.0,0.0,0.0,0.0,0.0,0.0,,0.0,5.0,5.0,0.0,0.0,0.0,0.0,0.0,0.0,0.0,0.0,0.0,0.0,0.0,0.0,0.0,0.0,0.0,0.0,0.0,0.0,0.0,0.0,0.0,0.0,0.0,0.0,0.0,0.0,0.0,0.0,0.0,0.0,0.0,0.0,0.0,,,,,,,,,,,,,,,,,,,,,,,,,,,,
Aníbal Godoy,pa PAN,MF,Nashville SC,32,1990,23,19,1664,18.5,0.0,0.0,0.0,0.0,0.0,0.0,0.27,0.0,0.03,0.03,0.03,0.06,0.86,5.46,1.08,0.0,0.0,0.0,0.0,0.0,0.03,0.03,0.06,0.03,0.06,Matches,2023,18.5,50.1,21.6,19.8,7.24,55.9,23.1,21.1,8.97,89.6,93.2,94.1,80.7,941.2,283.8,50.1,21.6,19.8,7.24,55.9,23.1,21.1,8.97,89.6,93.2,94.1,80.7,50.1,21.6,19.8,7.24,55.9,23.1,21.1,8.97,89.6,93.2,94.1,80.7,50.1,21.6,19.8,7.24,55.9,23.1,21.1,8.97,89.6,93.2,94.1,80.7,0.0,0.06,-0.03,0.59,5.41,0.81,0.05,0.0,0.38,0.16,42.9,0.38,0.16,0.0,0.0,17.6,0.0,0.0,0.0,0.08,-0.03,-0.03,63.6,2.11,14.6,41.9,7.73,0.43,63.6,0.59,64.7,0.27,29.4,36.3,0.0,0.86,0.59,46.5,1.68,0.59,0.86,1.68,0.59,61.1,0.38,1.03,0.76,1.08,2.76,0.81,0.0,1.41,1.41,0.0,0.0,0.05,0.0,0.0,0.0,0.05,0.05,0.0,0.0,0.05,0.0,0.0,0.0,0.0,1.08,1.41,0.0,0.38,1.08,0.86,0.0,0.05,0.0,7.08,0.97,50.0,,,,,,,,,,,,,,,,,,,,,,,,,,,,
Yeimar Gómez Andrade,co COL,DF,Seattle Sounders,30,1992,33,32,2887,32.1,0.06,0.0,0.06,0.06,0.0,0.0,0.19,0.0,0.05,0.05,0.02,0.07,0.5,3.61,0.31,0.06,0.0,0.06,0.06,0.06,0.05,0.02,0.07,0.05,0.07,Matches,2023,32.1,45.2,16.9,23.2,4.27,53.7,19.0,26.1,7.01,84.2,89.0,89.0,60.9,833.8,325.2,45.2,16.9,23.2,4.27,53.7,19.0,26.1,7.01,84.2,89.0,89.0,60.9,45.2,16.9,23.2,4.27,53.7,19.0,26.1,7.01,84.2,89.0,89.0,60.9,45.2,16.9,23.2,4.27,53.7,19.0,26.1,7.01,84.2,89.0,89.0,60.9,0.0,0.04,-0.02,0.16,4.36,0.03,0.0,0.06,0.56,0.12,22.2,0.56,0.12,0.11,0.5,10.6,0.0,0.0,0.0,0.09,0.01,0.01,64.9,7.85,28.6,34.0,2.65,1.03,64.9,0.22,63.6,0.09,27.3,34.1,0.06,0.59,0.09,39.9,1.5,0.72,0.93,1.5,0.72,50.0,0.72,0.97,0.37,2.27,3.77,4.45,0.0,0.44,0.44,0.0,0.0,0.0,0.0,0.06,0.0,0.0,0.0,0.0,0.0,0.0,0.0,0.06,0.0,0.0,1.15,0.34,0.09,0.03,2.27,0.93,0.0,0.03,0.03,6.42,2.49,62.5,,,,,,,,,,,,,,,,,,,,,,,,,,,,
Carlos Gómez,co COL,"MF,FW",Real Salt Lake,20,2002,30,15,1399,15.5,0.06,0.32,0.39,0.06,0.0,0.0,0.13,0.0,0.17,0.17,0.25,0.41,4.13,3.1,10.5,0.06,0.32,0.39,0.06,0.39,0.17,0.24,0.41,0.17,0.41,Matches,2023,15.5,17.6,10.9,5.35,0.97,26.5,13.2,8.45,2.45,66.4,82.8,63.4,39.5,253.7,97.4,17.6,10.9,5.35,0.97,26.5,13.2,8.45,2.45,66.4,82.8,63.4,39.5,17.6,10.9,5.35,0.97,26.5,13.2,8.45,2.45,66.4,82.8,63.4,39.5,17.6,10.9,5.35,0.97,26.5,13.2,8.45,2.45,66.4,82.8,63.4,39.5,0.32,0.24,0.08,1.94,1.87,1.29,0.58,0.06,2.84,1.23,43.2,2.83,1.22,0.02,0.05,21.3,0.0,0.0,0.0,0.06,-0.1,-0.1,43.2,0.9,5.16,13.5,26.2,4.84,43.2,2.97,40.7,3.94,54.0,28.8,1.61,3.94,2.0,28.7,1.74,0.65,1.42,1.74,0.65,31.3,1.42,1.42,1.29,0.52,2.26,0.19,0.0,4.45,4.44,0.71,0.06,0.06,0.0,0.13,0.0,0.52,0.51,0.71,0.06,0.06,0.0,0.13,0.0,0.0,1.23,0.65,0.19,3.48,0.52,1.42,0.0,0.0,0.0,5.42,0.26,21.1,,,,,,,,,,,,,,,,,,,,,,,,,,,,
Diego Gómez,py PAR,"MF,FW",Inter Miami,19,2003,5,5,416,4.6,0.22,0.0,0.22,0.22,0.0,0.0,0.43,0.0,0.17,0.17,0.22,0.39,1.52,2.83,3.26,0.22,0.0,0.22,0.22,0.22,0.16,0.22,0.38,0.16,0.38,Matches,2023,4.6,33.9,17.6,13.5,1.96,42.8,20.0,16.3,3.48,79.2,88.0,82.7,56.3,509.6,143.3,33.9,17.6,13.5,1.96,42.8,20.0,16.3,3.48,79.2,88.0,82.7,56.3,33.9,17.6,13.5,1.96,42.8,20.0,16.3,3.48,79.2,88.0,82.7,56.3,33.9,17.6,13.5,1.96,42.8,20.0,16.3,3.48,79.2,88.0,82.7,56.3,0.0,0.22,-0.22,1.09,1.52,0.22,0.0,0.22,1.09,0.22,20.0,1.08,0.22,0.2,1.0,13.6,0.0,0.0,0.0,0.15,0.04,0.04,53.0,0.87,11.3,28.7,14.8,2.39,53.0,1.52,58.3,0.87,33.3,30.2,0.22,2.17,0.43,34.8,2.83,1.52,1.3,2.83,1.52,50.0,1.52,1.52,1.3,1.09,3.91,0.22,0.0,1.96,1.95,0.0,0.0,0.22,0.0,0.22,0.0,0.43,0.43,0.0,0.0,0.22,0.0,0.22,0.0,0.0,2.39,1.3,1.3,0.22,1.09,1.3,0.0,0.0,0.0,6.96,1.96,60.0,,,,,,,,,,,,,,,,,,,,,,,,,,,,
Gaston Gonzalez,ar ARG,"FW,DF",Orlando City,21,2001,18,7,720,8.0,0.0,0.25,0.25,0.0,0.0,0.0,0.0,0.0,0.05,0.05,0.07,0.13,3.38,1.25,8.13,0.0,0.25,0.25,0.0,0.25,0.05,0.08,0.12,0.05,0.12,Matches,2023,8.0,20.0,13.1,5.75,0.88,30.1,15.4,8.75,3.25,66.4,85.4,65.7,26.9,286.4,76.0,20.0,13.1,5.75,0.88,30.1,15.4,8.75,3.25,66.4,85.4,65.7,26.9,20.0,13.1,5.75,0.88,30.1,15.4,8.75,3.25,66.4,85.4,65.7,26.9,20.0,13.1,5.75,0.88,30.1,15.4,8.75,3.25,66.4,85.4,65.7,26.9,0.25,0.07,0.17,0.75,1.0,1.0,0.63,0.0,0.75,0.38,50.0,0.75,0.37,0.0,0.0,15.7,0.0,0.0,0.0,0.06,-0.05,-0.05,43.3,1.88,9.5,13.6,21.1,3.5,43.3,1.13,26.5,2.88,67.6,25.4,0.75,2.38,1.25,28.5,1.63,1.0,1.13,1.63,1.0,53.3,0.88,1.0,0.75,0.63,2.25,1.25,0.0,1.38,1.38,0.0,0.0,0.13,0.0,0.13,0.0,0.25,0.25,0.0,0.0,0.13,0.0,0.13,0.0,0.0,1.88,0.88,0.13,5.0,0.63,1.13,0.0,0.0,0.0,4.38,0.5,28.6,,,,,,,,,,,,,,,,,,,,,,,,,,,,
Mario González,es ESP,FW,LAFC,26,1996,8,5,386,4.3,0.23,0.23,0.47,0.23,0.0,0.0,0.0,0.0,0.58,0.58,0.26,0.84,0.47,0.7,4.65,0.23,0.23,0.47,0.23,0.47,0.59,0.25,0.84,0.59,0.84,Matches,2023,4.3,8.84,3.95,3.49,0.0,12.3,6.28,3.72,0.23,71.7,63.0,93.8,0.0,116.3,16.3,8.84,3.95,3.49,0.0,12.3,6.28,3.72,0.23,71.7,63.0,93.8,0.0,8.84,3.95,3.49,0.0,12.3,6.28,3.72,0.23,71.7,63.0,93.8,0.0,8.84,3.95,3.49,0.0,12.3,6.28,3.72,0.23,71.7,63.0,93.8,0.0,0.23,0.09,-0.02,0.93,0.23,0.23,0.0,0.23,1.86,0.93,50.0,1.87,0.93,0.13,0.25,12.5,0.0,0.0,0.0,0.32,-0.35,-0.35,20.2,0.7,1.63,9.07,9.53,4.19,20.2,1.16,55.6,0.93,44.4,13.5,0.7,2.33,0.93,16.3,0.23,0.0,0.0,0.23,0.0,,0.0,0.47,0.47,0.0,0.23,0.7,0.0,1.63,1.63,0.23,0.23,0.0,0.0,0.0,0.0,0.47,0.47,0.23,0.23,0.0,0.0,0.0,0.0,0.0,0.7,0.47,0.23,0.0,0.0,0.0,0.0,0.0,0.0,0.93,0.93,36.4,,,,,,,,,,,,,,,,,,,,,,,,,,,,
Omar Gonzalez,us USA,DF,NE Revolution,34,1988,15,9,864,9.6,0.1,0.0,0.1,0.1,0.0,0.0,0.31,0.0,0.02,0.02,0.0,0.03,0.0,1.77,0.0,0.1,0.0,0.1,0.1,0.1,0.03,0.0,0.03,0.03,0.03,Matches,2023,9.6,35.5,10.1,20.6,4.69,43.0,11.7,22.5,8.33,82.6,86.6,91.7,56.3,717.7,299.0,35.5,10.1,20.6,4.69,43.0,11.7,22.5,8.33,82.6,86.6,91.7,56.3,35.5,10.1,20.6,4.69,43.0,11.7,22.5,8.33,82.6,86.6,91.7,56.3,35.5,10.1,20.6,4.69,43.0,11.7,22.5,8.33,82.6,86.6,91.7,56.3,0.0,0.0,0.0,0.1,1.35,0.0,0.0,0.1,0.21,0.1,50.0,0.21,0.1,0.5,1.0,7.9,0.0,0.0,0.0,0.12,0.08,0.08,53.5,8.13,33.5,19.2,0.94,0.52,53.5,0.0,,0.0,,31.9,0.0,0.31,0.0,33.8,0.63,0.21,0.42,0.63,0.21,33.3,0.42,1.46,0.31,0.52,1.15,5.52,0.0,0.31,0.31,0.0,0.0,0.0,0.0,0.0,0.0,0.1,0.1,0.0,0.0,0.0,0.0,0.0,0.0,0.0,0.94,0.31,0.0,0.0,0.52,0.42,0.0,0.0,0.0,3.85,2.19,65.6,,,,,,,,,,,,,,,,,,,,,,,,,,,,
Zavier Gozo,us USA,FW,Real Salt Lake,15,2007,1,0,7,0.1,0.0,0.0,0.0,0.0,0.0,0.0,0.0,0.0,0.0,0.0,0.0,0.0,0.0,0.0,10.0,0.0,0.0,0.0,0.0,0.0,0.0,0.0,0.0,0.0,0.0,Matches,2023,0.1,20.0,10.0,10.0,0.0,40.0,10.0,20.0,0.0,50.0,100.0,50.0,,390.0,80.0,20.0,10.0,10.0,0.0,40.0,10.0,20.0,0.0,50.0,100.0,50.0,,20.0,10.0,10.0,0.0,40.0,10.0,20.0,0.0,50.0,100.0,50.0,,20.0,10.0,10.0,0.0,40.0,10.0,20.0,0.0,50.0,100.0,50.0,,0.0,0.0,0.0,0.0,0.0,0.0,0.0,0.0,0.0,0.0,,0.0,0.0,,,,0.0,0.0,0.0,,0.0,0.0,50.0,0.0,0.0,30.0,20.0,20.0,50.0,10.0,100.0,0.0,0.0,30.0,0.0,0.0,10.0,40.0,0.0,0.0,0.0,0.0,0.0,,0.0,0.0,0.0,0.0,0.0,0.0,0.0,0.0,0.0,0.0,0.0,0.0,0.0,0.0,0.0,0.0,0.0,0.0,0.0,0.0,0.0,0.0,0.0,0.0,0.0,0.0,0.0,0.0,0.0,0.0,0.0,0.0,0.0,0.0,0.0,0.0,,,,,,,,,,,,,,,,,,,,,,,,,,,,
Alejandro Granados,es ESP,FW,Orlando City,16,2006,1,0,1,0.0,0.0,0.0,0.0,0.0,0.0,0.0,0.0,0.0,0.0,0.0,0.0,0.0,0.0,0.0,0.0,0.0,0.0,0.0,0.0,0.0,2.12,0.0,2.12,2.12,2.12,Matches,2023,0.0,8.0,6.0,2.0,0.0,9.0,6.0,3.0,0.0,88.9,100.0,66.7,,96.0,10.0,8.0,6.0,2.0,0.0,9.0,6.0,3.0,0.0,88.9,100.0,66.7,,8.0,6.0,2.0,0.0,9.0,6.0,3.0,0.0,88.9,100.0,66.7,,8.0,6.0,2.0,0.0,9.0,6.0,3.0,0.0,88.9,100.0,66.7,,0.0,0.0,0.0,0.0,1.0,0.0,0.0,0.0,1.0,0.0,0.0,90.0,0.0,0.0,,32.9,0.0,0.0,0.0,0.02,0.0,0.0,10.0,0.0,0.0,8.0,2.0,0.0,10.0,0.0,,0.0,,9.0,0.0,0.0,0.0,9.0,0.0,0.0,0.0,0.0,0.0,,0.0,0.0,0.0,0.0,0.0,0.0,0.0,0.0,0.0,0.0,0.0,0.0,0.0,0.0,0.0,0.0,0.0,0.0,0.0,0.0,0.0,0.0,0.0,0.0,1.0,0.0,0.0,0.0,0.0,0.0,0.0,0.0,0.0,0.0,0.0,,,,,,,,,,,,,,,,,,,,,,,,,,,,,
Tayvon Gray,jm JAM,DF,NYCFC,20,2002,28,24,2044,22.7,0.0,0.04,0.04,0.0,0.0,0.0,0.18,0.0,0.0,0.0,0.01,0.02,1.41,4.01,1.41,0.0,0.04,0.04,0.0,0.04,0.01,0.01,0.02,0.01,0.02,Matches,2023,22.7,47.4,18.9,24.3,3.7,56.6,20.8,27.9,6.17,83.8,90.5,87.0,60.0,843.7,294.9,47.4,18.9,24.3,3.7,56.6,20.8,27.9,6.17,83.8,90.5,87.0,60.0,47.4,18.9,24.3,3.7,56.6,20.8,27.9,6.17,83.8,90.5,87.0,60.0,47.4,18.9,24.3,3.7,56.6,20.8,27.9,6.17,83.8,90.5,87.0,60.0,0.04,0.03,0.03,0.22,3.83,0.35,0.18,0.0,0.26,0.13,50.0,0.26,0.13,0.0,0.0,22.8,0.0,0.0,0.0,0.02,-0.0,-0.0,67.2,4.98,26.1,34.6,6.87,0.18,67.2,0.53,52.2,0.31,30.4,35.7,0.09,0.53,0.26,41.9,1.72,0.88,0.93,1.72,0.88,71.4,0.35,1.06,0.7,1.19,2.91,3.26,0.0,1.32,1.32,0.09,0.0,0.04,0.0,0.0,0.0,0.04,0.04,0.09,0.0,0.04,0.0,0.0,0.0,0.0,0.88,1.01,0.04,1.01,1.19,0.93,0.0,0.04,0.0,5.77,1.37,70.5,,,,,,,,,,,,,,,,,,,,,,,,,,,,
Jacob Greene,us USA,DF,D.C. United,19,2003,11,5,482,5.4,0.19,0.0,0.19,0.19,0.0,0.0,0.19,0.0,0.06,0.06,0.02,0.07,0.56,1.85,3.52,0.19,0.0,0.19,0.19,0.19,0.05,0.03,0.08,0.05,0.08,Matches,2023,5.4,26.9,15.4,9.81,1.11,36.7,18.9,12.2,1.67,73.2,81.4,80.3,66.7,420.7,173.9,26.9,15.4,9.81,1.11,36.7,18.9,12.2,1.67,73.2,81.4,80.3,66.7,26.9,15.4,9.81,1.11,36.7,18.9,12.2,1.67,73.2,81.4,80.3,66.7,26.9,15.4,9.81,1.11,36.7,18.9,12.2,1.67,73.2,81.4,80.3,66.7,0.0,0.06,-0.02,0.37,1.3,0.56,0.19,0.19,0.37,0.19,50.0,0.37,0.19,0.5,1.0,19.7,0.0,0.0,0.0,0.13,0.13,0.13,49.1,3.15,17.2,18.9,13.3,0.37,49.1,0.37,22.2,1.11,66.7,18.5,0.19,1.11,0.56,21.1,2.41,2.04,1.3,2.41,2.04,64.7,1.11,1.48,0.74,0.37,2.78,3.33,0.0,0.93,0.94,0.0,0.0,0.19,0.0,0.0,0.0,0.0,0.0,0.0,0.0,0.19,0.0,0.0,0.0,0.0,0.93,1.3,0.0,0.37,0.37,1.3,0.0,0.0,0.0,5.56,0.93,55.6,,,,,,,,,,,,,,,,,,,,,,,,,,,,
Gregore,br BRA,MF,Inter Miami,28,1994,5,5,385,4.3,0.0,0.23,0.23,0.0,0.0,0.0,0.47,0.0,0.07,0.07,0.23,0.28,1.86,6.28,0.7,0.0,0.23,0.23,0.0,0.23,0.06,0.22,0.28,0.06,0.28,Matches,2023,4.3,42.3,19.8,17.0,4.65,52.3,22.6,20.0,7.21,80.9,87.6,84.9,64.5,729.8,215.8,42.3,19.8,17.0,4.65,52.3,22.6,20.0,7.21,80.9,87.6,84.9,64.5,42.3,19.8,17.0,4.65,52.3,22.6,20.0,7.21,80.9,87.6,84.9,64.5,42.3,19.8,17.0,4.65,52.3,22.6,20.0,7.21,80.9,87.6,84.9,64.5,0.23,0.02,0.0,0.23,5.12,0.23,0.0,0.0,0.23,0.0,0.0,0.23,0.0,0.0,,6.8,0.0,0.0,0.0,0.25,-0.07,-0.07,61.4,4.19,15.6,37.2,9.53,0.47,61.4,0.47,50.0,0.47,50.0,38.6,0.0,0.93,0.93,39.1,1.63,1.4,1.16,1.63,1.4,50.0,1.4,1.63,1.4,0.7,2.33,1.16,0.0,0.93,0.94,0.0,0.0,0.0,0.0,0.0,0.0,0.23,0.23,0.0,0.0,0.0,0.0,0.0,0.0,0.0,2.33,1.63,0.0,0.7,0.7,1.16,0.0,0.0,0.0,7.67,2.09,64.3,,,,,,,,,,,,,,,,,,,,,,,,,,,,
Ján Greguš,sk SVK,MF,Nashville SC,32,1991,15,1,223,2.5,0.0,0.0,0.0,0.0,0.0,0.0,0.4,0.0,0.04,0.04,0.04,0.08,1.6,12.4,1.2,0.0,0.0,0.0,0.0,0.0,0.05,0.02,0.07,0.05,0.07,Matches,2023,2.5,66.0,25.6,33.2,6.8,78.4,28.8,35.6,12.4,84.2,88.9,93.3,54.8,1260.8,417.6,66.0,25.6,33.2,6.8,78.4,28.8,35.6,12.4,84.2,88.9,93.3,54.8,66.0,25.6,33.2,6.8,78.4,28.8,35.6,12.4,84.2,88.9,93.3,54.8,66.0,25.6,33.2,6.8,78.4,28.8,35.6,12.4,84.2,88.9,93.3,54.8,0.0,0.08,-0.04,0.8,10.8,1.6,0.0,0.0,0.4,0.0,0.0,0.4,0.0,0.0,,16.1,0.0,0.0,0.0,0.13,-0.04,-0.04,89.2,2.8,20.4,61.2,8.0,0.8,89.2,1.2,100.0,0.0,0.0,50.0,0.4,1.6,1.2,59.2,6.0,2.8,3.6,6.0,2.8,53.8,2.4,0.8,0.8,1.6,7.6,0.4,0.0,2.8,2.79,0.0,0.0,0.0,0.0,0.0,0.0,0.4,0.4,0.0,0.0,0.0,0.0,0.0,0.0,0.0,1.6,0.4,0.0,0.4,1.6,3.6,0.0,0.0,0.0,10.0,0.4,20.0,,,,,,,,,,,,,,,,,,,,,,,,,,,,
Ján Greguš,sk SVK,MF,Minnesota Utd,32,1991,12,10,904,10.0,0.1,0.0,0.1,0.1,0.0,0.0,0.2,0.0,0.05,0.05,0.09,0.15,1.4,7.4,0.8,0.1,0.0,0.1,0.1,0.1,0.05,0.09,0.15,0.05,0.15,Matches,2023,10.0,53.4,24.0,21.2,6.9,60.2,25.6,23.3,9.3,88.7,93.8,91.0,74.2,945.5,253.0,53.4,24.0,21.2,6.9,60.2,25.6,23.3,9.3,88.7,93.8,91.0,74.2,53.4,24.0,21.2,6.9,60.2,25.6,23.3,9.3,88.7,93.8,91.0,74.2,53.4,24.0,21.2,6.9,60.2,25.6,23.3,9.3,88.7,93.8,91.0,74.2,0.0,0.1,-0.09,1.3,6.2,0.9,0.1,0.1,1.0,0.1,10.0,1.0,0.1,0.1,1.0,23.8,0.1,0.0,0.0,0.05,0.05,0.05,65.6,1.5,12.1,39.2,14.8,0.5,65.6,0.5,55.6,0.2,22.2,39.6,0.0,0.4,0.4,46.8,1.0,0.5,0.7,1.0,0.5,50.0,0.5,0.3,0.3,0.8,1.8,1.0,0.0,2.3,2.29,0.1,0.0,0.1,0.0,0.0,0.0,0.1,0.1,0.1,0.0,0.1,0.0,0.0,0.0,0.0,0.8,0.8,0.0,2.2,0.8,0.7,0.0,0.0,0.0,6.4,0.7,100.0,,,,,,,,,,,,,,,,,,,,,,,,,,,,
Julian Gressel,us USA,"DF,MF",Columbus Crew,29,1993,11,9,740,8.2,0.12,0.12,0.24,0.12,0.0,0.0,0.0,0.0,0.15,0.15,0.3,0.46,3.05,5.24,10.4,0.12,0.12,0.24,0.12,0.24,0.15,0.31,0.46,0.15,0.46,Matches,2023,8.2,40.7,21.2,14.6,4.02,56.0,24.9,18.9,8.66,72.8,85.3,77.4,46.5,685.9,239.0,40.7,21.2,14.6,4.02,56.0,24.9,18.9,8.66,72.8,85.3,77.4,46.5,40.7,21.2,14.6,4.02,56.0,24.9,18.9,8.66,72.8,85.3,77.4,46.5,40.7,21.2,14.6,4.02,56.0,24.9,18.9,8.66,72.8,85.3,77.4,46.5,0.12,0.2,-0.18,3.17,2.2,2.32,0.24,0.12,0.98,0.24,25.0,0.97,0.24,0.13,0.5,13.9,0.0,0.0,0.0,0.15,-0.02,-0.02,63.4,1.22,7.8,24.1,32.3,2.93,63.4,0.24,50.0,0.24,50.0,34.0,0.73,1.34,0.37,41.7,2.07,1.34,1.34,2.07,1.34,55.0,1.1,1.1,0.98,0.73,2.8,0.98,0.0,5.37,5.36,0.12,0.0,0.0,0.0,0.0,0.0,0.12,0.12,0.12,0.0,0.0,0.0,0.0,0.0,0.0,1.22,0.37,0.0,8.78,0.73,1.34,0.0,0.0,0.0,3.29,0.37,42.9,,,,,,,,,,,,,,,,,,,,,,,,,,,,
Julian Gressel,us USA,MF,Vancouver W'caps,29,1993,18,16,1357,15.1,0.2,0.33,0.53,0.2,0.0,0.0,0.13,0.0,0.17,0.17,0.4,0.58,2.12,6.69,6.09,0.2,0.33,0.53,0.2,0.53,0.17,0.4,0.58,0.17,0.58,Matches,2023,15.1,43.1,17.5,17.9,6.82,57.4,20.3,20.8,13.5,75.1,86.6,86.3,50.5,843.8,297.8,43.1,17.5,17.9,6.82,57.4,20.3,20.8,13.5,75.1,86.6,86.3,50.5,43.1,17.5,17.9,6.82,57.4,20.3,20.8,13.5,75.1,86.6,86.3,50.5,43.1,17.5,17.9,6.82,57.4,20.3,20.8,13.5,75.1,86.6,86.3,50.5,0.33,0.31,-0.07,2.32,5.3,2.05,0.6,0.2,2.12,0.66,31.3,2.12,0.66,0.09,0.3,22.8,0.46,0.0,0.0,0.08,0.03,0.03,66.5,1.66,9.67,35.8,21.4,2.78,66.5,0.66,43.5,0.86,56.5,33.2,0.2,0.99,0.66,44.6,1.52,0.99,0.66,1.52,0.99,45.5,1.19,0.99,0.79,0.93,2.45,0.79,0.0,5.1,5.11,0.2,0.0,0.0,0.0,0.13,0.0,0.53,0.53,0.2,0.0,0.0,0.0,0.13,0.0,0.0,0.79,0.53,0.0,7.02,0.93,0.66,0.0,0.0,0.0,6.89,0.4,46.2,,,,,,,,,,,,,,,,,,,,,,,,,,,,
Victor Griffith,pa PAN,MF,Portland Timbers,22,2000,1,1,90,1.0,0.0,0.0,0.0,0.0,0.0,0.0,1.0,0.0,0.0,0.0,0.0,0.0,0.0,2.0,0.0,0.0,0.0,0.0,0.0,0.0,0.0,0.01,0.01,0.0,0.01,Matches,2023,1.0,28.0,10.0,14.0,3.0,33.0,13.0,14.0,4.0,84.8,76.9,100.0,75.0,497.0,102.0,28.0,10.0,14.0,3.0,33.0,13.0,14.0,4.0,84.8,76.9,100.0,75.0,28.0,10.0,14.0,3.0,33.0,13.0,14.0,4.0,84.8,76.9,100.0,75.0,28.0,10.0,14.0,3.0,33.0,13.0,14.0,4.0,84.8,76.9,100.0,75.0,0.0,0.0,0.0,1.0,3.0,0.0,0.0,0.0,0.0,0.0,,0.0,0.0,,,,0.0,0.0,0.0,,0.0,0.0,43.0,4.0,12.0,29.0,2.0,0.0,43.0,0.0,,0.0,,17.0,0.0,1.0,0.0,21.0,0.0,0.0,0.0,0.0,0.0,,0.0,2.0,2.0,0.0,0.0,3.0,0.0,1.0,1.0,0.0,0.0,0.0,0.0,0.0,0.0,0.0,0.0,0.0,0.0,0.0,0.0,0.0,0.0,0.0,2.0,0.0,0.0,0.0,0.0,0.0,0.0,0.0,0.0,7.0,1.0,33.3,,,,,,,,,,,,,,,,,,,,,,,,,,,,
Carlos Gruezo,ec ECU,MF,SJ Earthquakes,27,1995,28,25,2152,23.9,0.0,0.08,0.08,0.0,0.0,0.04,0.38,0.0,0.05,0.02,0.03,0.05,0.25,3.77,0.42,0.0,0.08,0.08,0.0,0.08,0.05,0.03,0.08,0.02,0.05,Matches,2023,23.9,35.1,13.7,16.7,4.27,41.3,15.1,18.5,6.15,85.0,90.9,89.8,69.4,673.9,189.6,35.1,13.7,16.7,4.27,41.3,15.1,18.5,6.15,85.0,90.9,89.8,69.4,35.1,13.7,16.7,4.27,41.3,15.1,18.5,6.15,85.0,90.9,89.8,69.4,35.1,13.7,16.7,4.27,41.3,15.1,18.5,6.15,85.0,90.9,89.8,69.4,0.08,0.03,0.05,0.54,3.6,0.29,0.0,0.0,0.46,0.13,27.3,0.46,0.13,0.0,0.0,27.7,0.0,0.0,0.04,0.04,-0.05,-0.02,48.7,3.39,14.8,30.7,3.72,0.29,48.7,0.29,46.7,0.21,33.3,26.5,0.0,0.59,0.46,31.3,1.67,0.88,1.05,1.67,0.88,42.9,1.17,1.3,0.92,1.05,2.72,1.3,0.0,1.13,1.13,0.0,0.0,0.04,0.0,0.04,0.0,0.13,0.13,0.0,0.0,0.04,0.0,0.04,0.0,0.0,1.42,0.25,0.0,0.08,1.05,1.05,0.0,0.0,0.0,7.03,0.42,43.5,,,,,,,,,,,,,,,,,,,,,,,,,,,,
Brian Gutiérrez,us USA,"FW,MF",Chicago Fire,19,2003,32,28,2388,26.5,0.08,0.23,0.3,0.08,0.0,0.0,0.08,0.0,0.15,0.15,0.17,0.32,2.15,6.0,5.47,0.08,0.23,0.3,0.08,0.3,0.15,0.17,0.33,0.15,0.33,Matches,2023,26.5,28.3,15.5,8.83,2.79,37.6,18.1,11.4,4.83,75.2,86.0,77.7,57.8,453.5,149.3,28.3,15.5,8.83,2.79,37.6,18.1,11.4,4.83,75.2,86.0,77.7,57.8,28.3,15.5,8.83,2.79,37.6,18.1,11.4,4.83,75.2,86.0,77.7,57.8,28.3,15.5,8.83,2.79,37.6,18.1,11.4,4.83,75.2,86.0,77.7,57.8,0.23,0.17,0.06,1.62,3.66,1.43,0.3,0.08,1.74,0.45,26.1,1.73,0.45,0.04,0.17,17.9,0.04,0.0,0.0,0.09,-0.08,-0.08,49.1,0.94,6.64,24.6,18.6,3.25,49.1,1.62,52.4,1.06,34.1,29.6,0.57,2.64,1.09,35.5,1.7,0.53,0.83,1.7,0.53,28.6,1.32,1.09,0.98,0.3,2.0,0.42,0.04,3.74,3.74,0.34,0.0,0.49,0.08,0.0,0.0,0.45,0.45,0.34,0.0,0.49,0.08,0.0,0.0,0.0,1.25,2.11,0.15,1.74,0.3,0.83,0.04,0.0,0.0,4.94,0.3,23.5,,,,,,,,,,,,,,,,,,,,,,,,,,,,
Cristián Gutiérrez,cl CHI,DF,Toronto FC,25,1997,6,4,244,2.7,0.0,0.37,0.37,0.0,0.0,0.0,0.0,0.0,0.0,0.0,0.11,0.11,1.48,1.11,4.44,0.0,0.37,0.37,0.0,0.37,0.01,0.12,0.12,0.01,0.12,Matches,2023,2.7,40.4,23.0,15.2,1.48,49.3,25.6,18.1,2.59,82.0,89.9,83.7,57.1,611.5,164.4,40.4,23.0,15.2,1.48,49.3,25.6,18.1,2.59,82.0,89.9,83.7,57.1,40.4,23.0,15.2,1.48,49.3,25.6,18.1,2.59,82.0,89.9,83.7,57.1,40.4,23.0,15.2,1.48,49.3,25.6,18.1,2.59,82.0,89.9,83.7,57.1,0.37,0.15,0.26,0.74,1.11,0.37,0.37,0.0,0.37,0.0,0.0,0.37,0.0,0.0,,14.4,0.0,0.0,0.0,0.02,0.0,0.0,57.8,2.59,23.0,21.9,13.0,1.48,57.8,0.74,50.0,0.74,50.0,31.9,0.37,0.74,0.37,36.7,0.74,0.74,0.0,0.74,0.74,50.0,0.74,1.48,1.48,1.85,2.59,0.74,0.0,1.11,1.11,0.0,0.0,0.0,0.0,0.0,0.0,0.37,0.37,0.0,0.0,0.0,0.0,0.0,0.0,0.0,0.0,0.74,0.37,1.48,1.85,0.0,0.0,0.0,0.0,5.93,0.37,20.0,,,,,,,,,,,,,,,,,,,,,,,,,,,,
Diego Gutierrez,us USA,"FW,MF",Portland Timbers,23,1999,9,3,246,2.7,0.0,0.37,0.37,0.0,0.0,0.0,0.0,0.0,0.0,0.0,0.07,0.07,2.96,1.85,6.67,0.0,0.37,0.37,0.0,0.37,0.02,0.06,0.07,0.02,0.07,Matches,2023,2.7,17.4,11.1,5.19,1.11,28.5,13.3,7.04,4.44,61.0,83.3,73.7,25.0,272.2,93.3,17.4,11.1,5.19,1.11,28.5,13.3,7.04,4.44,61.0,83.3,73.7,25.0,17.4,11.1,5.19,1.11,28.5,13.3,7.04,4.44,61.0,83.3,73.7,25.0,17.4,11.1,5.19,1.11,28.5,13.3,7.04,4.44,61.0,83.3,73.7,25.0,0.37,0.19,0.3,0.37,1.85,0.0,0.0,0.0,0.37,0.37,100.0,0.37,0.37,0.0,0.0,20.5,0.0,0.0,0.0,0.04,0.0,0.0,41.5,0.37,9.26,17.4,16.3,2.22,41.5,1.48,28.6,3.33,64.3,25.2,0.74,3.33,1.48,26.7,0.74,0.37,0.37,0.74,0.37,33.3,0.74,0.0,0.0,1.11,1.85,0.74,0.0,1.48,1.46,0.0,0.0,0.0,0.0,0.0,0.0,0.37,0.37,0.0,0.0,0.0,0.0,0.0,0.0,0.0,0.74,1.11,0.0,4.81,1.11,0.37,0.0,0.0,0.0,4.81,0.0,0.0,,,,,,,,,,,,,,,,,,,,,,,,,,,,
Felipe Gutiérrez,cl CHI,MF,Sporting KC,32,1990,8,4,293,3.3,0.0,0.0,0.0,0.0,0.0,0.0,0.3,0.0,0.09,0.09,0.09,0.18,1.21,4.85,2.42,0.0,0.0,0.0,0.0,0.0,0.1,0.09,0.19,0.1,0.19,Matches,2023,3.3,44.2,20.0,17.9,4.55,51.8,21.8,18.8,6.67,85.4,91.7,95.2,68.2,777.0,177.3,44.2,20.0,17.9,4.55,51.8,21.8,18.8,6.67,85.4,91.7,95.2,68.2,44.2,20.0,17.9,4.55,51.8,21.8,18.8,6.67,85.4,91.7,95.2,68.2,44.2,20.0,17.9,4.55,51.8,21.8,18.8,6.67,85.4,91.7,95.2,68.2,0.0,0.09,-0.09,1.82,4.24,0.61,0.0,0.0,2.12,0.91,42.9,2.15,0.92,0.0,0.0,28.8,0.61,0.0,0.0,0.05,-0.09,-0.09,60.6,0.61,6.97,37.3,16.7,1.52,60.6,0.91,100.0,0.0,0.0,39.4,0.0,1.82,1.52,44.5,2.42,0.61,1.52,2.42,0.61,33.3,1.21,0.3,0.3,0.91,3.33,0.91,0.0,3.64,3.69,0.3,0.0,0.3,0.0,0.3,0.0,0.3,0.31,0.3,0.0,0.3,0.0,0.3,0.0,0.0,1.52,1.52,0.0,2.12,0.91,1.52,0.0,0.0,0.0,5.76,0.0,,,,,,,,,,,,,,,,,,,,,,,,,,,,,
Andrew Gutman,us USA,DF,Atlanta Utd,26,1996,18,16,1385,15.4,0.19,0.13,0.32,0.19,0.0,0.0,0.19,0.06,0.11,0.11,0.14,0.24,1.75,5.39,4.16,0.19,0.13,0.32,0.19,0.32,0.11,0.14,0.24,0.11,0.24,Matches,2023,15.4,47.1,23.5,18.8,3.7,56.8,26.4,21.5,5.97,83.0,89.2,87.3,62.0,781.4,267.7,47.1,23.5,18.8,3.7,56.8,26.4,21.5,5.97,83.0,89.2,87.3,62.0,47.1,23.5,18.8,3.7,56.8,26.4,21.5,5.97,83.0,89.2,87.3,62.0,47.1,23.5,18.8,3.7,56.8,26.4,21.5,5.97,83.0,89.2,87.3,62.0,0.13,0.13,-0.01,0.91,3.31,1.1,0.39,0.19,0.97,0.39,40.0,0.97,0.39,0.2,0.5,15.4,0.0,0.0,0.0,0.11,0.08,0.08,68.0,3.64,20.6,33.2,14.9,2.27,68.0,1.1,43.6,1.36,53.8,36.1,0.45,1.17,0.45,41.4,2.01,1.3,1.17,2.01,1.3,58.8,0.91,1.3,0.71,0.84,2.86,1.95,0.0,2.53,2.53,0.13,0.06,0.0,0.0,0.06,0.0,0.45,0.45,0.13,0.06,0.0,0.0,0.06,0.0,0.0,1.17,1.1,0.0,1.62,0.84,1.17,0.0,0.06,0.0,5.97,1.43,66.7,,,,,,,,,,,,,,,,,,,,,,,,,,,,
Andrew Gutman,us USA,DF,Colorado Rapids,26,1996,12,12,1008,11.2,0.09,0.0,0.09,0.09,0.0,0.0,0.09,0.0,0.06,0.06,0.03,0.09,2.41,2.95,3.66,0.09,0.0,0.09,0.09,0.09,0.06,0.03,0.09,0.06,0.09,Matches,2023,11.2,28.0,13.7,11.0,2.41,37.9,16.1,13.8,5.89,74.1,85.0,79.4,40.9,461.9,167.0,28.0,13.7,11.0,2.41,37.9,16.1,13.8,5.89,74.1,85.0,79.4,40.9,28.0,13.7,11.0,2.41,37.9,16.1,13.8,5.89,74.1,85.0,79.4,40.9,28.0,13.7,11.0,2.41,37.9,16.1,13.8,5.89,74.1,85.0,79.4,40.9,0.0,0.04,-0.03,0.71,2.5,0.89,0.09,0.09,1.43,0.27,18.8,1.43,0.27,0.06,0.33,19.4,0.0,0.0,0.0,0.04,0.03,0.03,52.0,4.73,19.0,19.4,14.6,2.23,52.0,1.7,52.8,1.43,44.4,26.6,0.63,1.43,0.36,25.9,1.88,1.43,1.34,1.88,1.43,59.3,0.98,1.16,0.89,1.34,3.21,2.77,0.0,2.23,2.23,0.45,0.0,0.09,0.09,0.18,0.0,0.18,0.18,0.45,0.0,0.09,0.09,0.18,0.0,0.0,0.98,1.34,0.18,1.34,1.34,1.34,0.0,0.0,0.0,5.89,1.16,61.9,,,,,,,,,,,,,,,,,,,,,,,,,,,,
Brad Guzan,us USA,GK,Atlanta Utd,38,1984,27,27,2430,27.0,0.0,0.0,0.0,0.0,0.0,0.0,0.07,0.0,0.0,0.0,0.0,0.0,0.0,0.0,0.0,0.0,0.0,0.0,0.0,0.0,0.0,0.0,0.0,0.0,0.0,Matches,2023,27.0,28.0,5.19,12.2,10.4,35.7,5.22,12.3,17.9,78.2,99.3,99.4,58.2,768.7,511.2,28.0,5.19,12.2,10.4,35.7,5.22,12.3,17.9,78.2,99.3,99.4,58.2,28.0,5.19,12.2,10.4,35.7,5.22,12.3,17.9,78.2,99.3,99.4,58.2,28.0,5.19,12.2,10.4,35.7,5.22,12.3,17.9,78.2,99.3,99.4,58.2,0.0,0.0,0.0,0.0,0.3,0.0,0.0,0.0,0.0,0.0,,0.0,0.0,,,,0.0,0.0,0.0,,0.0,0.0,37.3,33.2,37.1,0.11,0.0,0.0,37.3,0.0,0.0,0.0,0.0,20.3,0.0,0.04,0.0,17.4,0.0,0.0,0.0,0.0,0.0,0.0,0.04,0.0,0.0,0.0,0.0,0.19,0.07,0.07,0.07,0.0,0.0,0.0,0.0,0.0,0.0,0.0,0.0,0.0,0.0,0.0,0.0,0.0,0.0,0.0,0.0,0.19,0.0,0.0,0.0,0.0,0.0,0.0,0.0,1.33,0.22,100.0,1.44,0.04,0.04,0.0,1.27,0.33,-0.18,-0.18,27.7,4.0,31.6,43.5,32.5,36.2,14.3,31.6,43.5,32.5,36.2,14.3,13.9,0.81,5.9,1.04,1.04,32.5,36.2,14.3
Justin Haak,us USA,"DF,MF",NYCFC,21,2001,14,10,911,10.1,0.1,0.0,0.1,0.1,0.0,0.0,0.3,0.0,0.01,0.01,0.01,0.02,0.89,3.76,0.4,0.1,0.0,0.1,0.1,0.1,0.01,0.01,0.02,0.01,0.02,Matches,2023,10.1,47.0,17.9,25.2,3.47,52.8,19.4,27.2,4.46,89.1,92.3,92.7,77.8,862.8,276.1,47.0,17.9,25.2,3.47,52.8,19.4,27.2,4.46,89.1,92.3,92.7,77.8,47.0,17.9,25.2,3.47,52.8,19.4,27.2,4.46,89.1,92.3,92.7,77.8,47.0,17.9,25.2,3.47,52.8,19.4,27.2,4.46,89.1,92.3,92.7,77.8,0.0,0.01,-0.01,0.2,2.28,0.2,0.0,0.1,0.1,0.1,100.0,0.1,0.1,1.0,1.0,18.4,0.0,0.0,0.0,0.1,0.09,0.09,61.7,6.24,27.4,32.4,2.28,0.2,61.7,0.4,80.0,0.1,20.0,38.3,0.1,0.1,0.5,41.9,1.09,0.69,0.79,1.09,0.69,58.3,0.5,0.89,0.5,1.98,3.07,3.56,0.2,0.59,0.59,0.0,0.0,0.0,0.0,0.0,0.0,0.0,0.0,0.0,0.0,0.0,0.0,0.0,0.0,0.0,1.39,0.99,0.0,0.1,1.98,0.79,0.0,0.0,0.0,5.94,2.18,88.0,,,,,,,,,,,,,,,,,,,,,,,,,,,,
Luke Haakenson,us USA,"MF,FW",Nashville SC,25,1997,14,2,272,3.0,0.0,0.0,0.0,0.0,0.0,0.0,0.67,0.0,0.07,0.07,0.07,0.13,0.67,0.67,5.33,0.0,0.0,0.0,0.0,0.0,0.07,0.06,0.12,0.07,0.12,Matches,2023,3.0,16.3,10.7,4.0,0.67,25.7,15.0,6.33,1.33,63.6,71.1,63.2,50.0,220.3,73.7,16.3,10.7,4.0,0.67,25.7,15.0,6.33,1.33,63.6,71.1,63.2,50.0,16.3,10.7,4.0,0.67,25.7,15.0,6.33,1.33,63.6,71.1,63.2,50.0,16.3,10.7,4.0,0.67,25.7,15.0,6.33,1.33,63.6,71.1,63.2,50.0,0.0,0.1,-0.07,1.0,1.67,0.33,0.0,0.0,0.67,0.0,0.0,0.66,0.0,0.0,,9.2,0.0,0.0,0.0,0.1,-0.07,-0.07,36.3,1.33,7.33,15.0,15.0,3.0,36.3,0.0,0.0,0.67,50.0,22.0,0.0,1.67,1.33,22.3,1.67,0.67,0.67,1.67,0.67,28.6,1.67,0.67,0.33,0.67,2.33,0.67,0.0,1.33,1.32,0.0,0.0,0.0,0.0,0.0,0.0,0.0,0.0,0.0,0.0,0.0,0.0,0.0,0.0,0.0,2.0,2.33,0.33,0.67,0.67,0.67,0.0,0.0,0.0,4.33,1.67,71.4,,,,,,,,,,,,,,,,,,,,,,,,,,,,
Teenage Hadebe,zw ZIM,DF,Houston Dynamo,27,1995,12,12,1035,11.5,0.09,0.0,0.09,0.09,0.0,0.0,0.09,0.0,0.03,0.03,0.01,0.03,0.0,2.35,0.09,0.09,0.0,0.09,0.09,0.09,0.03,0.01,0.04,0.03,0.04,Matches,2023,11.5,50.6,18.0,26.8,5.3,56.9,19.0,28.1,8.7,89.0,95.0,95.4,61.0,964.6,395.9,50.6,18.0,26.8,5.3,56.9,19.0,28.1,8.7,89.0,95.0,95.4,61.0,50.6,18.0,26.8,5.3,56.9,19.0,28.1,8.7,89.0,95.0,95.4,61.0,50.6,18.0,26.8,5.3,56.9,19.0,28.1,8.7,89.0,95.0,95.4,61.0,0.0,0.03,-0.01,0.09,1.65,0.17,0.09,0.09,0.09,0.09,100.0,0.09,0.09,1.0,1.0,5.5,0.0,0.0,0.0,0.32,0.06,0.06,67.2,12.4,42.7,23.5,1.13,0.52,67.2,0.17,100.0,0.0,0.0,40.4,0.0,0.52,0.17,47.7,0.78,0.35,0.43,0.78,0.35,28.6,0.87,1.91,0.26,1.13,1.91,4.96,0.09,0.26,0.26,0.0,0.0,0.0,0.0,0.09,0.0,0.0,0.0,0.0,0.0,0.0,0.0,0.09,0.0,0.0,0.52,0.35,0.17,0.09,1.13,0.43,0.0,0.09,0.0,4.43,1.39,59.3,,,,,,,,,,,,,,,,,,,,,,,,,,,,
Nick Hagglund,us USA,DF,FC Cincinnati,30,1992,27,26,2154,23.9,0.04,0.0,0.04,0.04,0.0,0.0,0.08,0.04,0.03,0.03,0.02,0.05,0.71,3.18,0.29,0.04,0.0,0.04,0.04,0.04,0.03,0.02,0.05,0.03,0.05,Matches,2023,23.9,35.9,13.0,19.5,3.1,43.6,14.8,22.0,5.98,82.3,88.1,89.0,51.7,666.7,293.6,35.9,13.0,19.5,3.1,43.6,14.8,22.0,5.98,82.3,88.1,89.0,51.7,35.9,13.0,19.5,3.1,43.6,14.8,22.0,5.98,82.3,88.1,89.0,51.7,35.9,13.0,19.5,3.1,43.6,14.8,22.0,5.98,82.3,88.1,89.0,51.7,0.0,0.04,-0.02,0.17,3.97,0.17,0.04,0.04,0.33,0.04,12.5,0.33,0.04,0.13,1.0,10.0,0.0,0.0,0.0,0.08,0.01,0.01,53.6,6.95,26.8,24.2,2.85,0.88,53.6,0.04,50.0,0.0,0.0,26.8,0.0,0.63,0.04,33.2,1.17,0.59,0.75,1.17,0.59,58.3,0.42,1.0,0.5,1.34,2.51,4.77,0.0,0.5,0.5,0.0,0.0,0.0,0.0,0.0,0.0,0.04,0.04,0.0,0.0,0.0,0.0,0.0,0.0,0.0,0.84,0.54,0.04,0.08,1.34,0.75,0.0,0.04,0.0,4.1,3.18,69.7,,,,,,,,,,,,,,,,,,,,,,,,,,,,
Maren Haile-Selassie,ch SUI,"FW,DF",Chicago Fire,23,1999,32,20,1910,21.2,0.28,0.14,0.42,0.28,0.0,0.0,0.05,0.0,0.18,0.18,0.14,0.32,2.69,3.11,8.02,0.28,0.14,0.42,0.28,0.42,0.18,0.14,0.32,0.18,0.32,Matches,2023,21.2,24.2,14.3,6.7,1.51,30.9,16.4,8.4,3.25,78.2,87.4,79.8,46.4,344.9,96.0,24.2,14.3,6.7,1.51,30.9,16.4,8.4,3.25,78.2,87.4,79.8,46.4,24.2,14.3,6.7,1.51,30.9,16.4,8.4,3.25,78.2,87.4,79.8,46.4,24.2,14.3,6.7,1.51,30.9,16.4,8.4,3.25,78.2,87.4,79.8,46.4,0.14,0.14,0.0,1.65,1.65,1.27,0.24,0.28,1.23,0.57,46.2,1.23,0.57,0.23,0.5,15.6,0.09,0.0,0.0,0.15,0.1,0.1,41.1,0.99,6.04,15.7,20.1,3.4,41.1,1.13,34.8,1.98,60.9,25.2,0.9,1.7,0.8,28.1,1.37,0.57,0.9,1.37,0.57,52.2,0.52,0.61,0.57,0.85,2.22,0.71,0.0,3.16,3.16,0.24,0.0,0.05,0.05,0.05,0.0,0.33,0.33,0.24,0.0,0.05,0.05,0.05,0.0,0.0,0.66,0.75,0.57,2.88,0.85,0.9,0.0,0.0,0.05,5.05,0.09,11.8,,,,,,,,,,,,,,,,,,,,,,,,,,,,
Julian Hall,us USA,FW,NY Red Bulls,14,2008,1,0,10,0.1,0.0,0.0,0.0,0.0,0.0,0.0,0.0,0.0,0.0,0.0,0.0,0.0,0.0,0.0,0.0,0.0,0.0,0.0,0.0,0.0,0.0,0.0,0.0,0.0,0.0,Matches,2023,0.1,0.0,0.0,0.0,0.0,20.0,0.0,10.0,10.0,0.0,,0.0,0.0,0.0,0.0,0.0,0.0,0.0,0.0,20.0,0.0,10.0,10.0,0.0,,0.0,0.0,0.0,0.0,0.0,0.0,20.0,0.0,10.0,10.0,0.0,,0.0,0.0,0.0,0.0,0.0,0.0,20.0,0.0,10.0,10.0,0.0,,0.0,0.0,0.0,0.0,0.0,0.0,0.0,0.0,0.0,0.0,0.0,0.0,,0.0,0.0,,,,0.0,0.0,0.0,,0.0,0.0,40.0,0.0,20.0,20.0,0.0,0.0,40.0,0.0,,0.0,,30.0,0.0,20.0,0.0,30.0,0.0,0.0,0.0,0.0,0.0,,0.0,0.0,0.0,0.0,0.0,0.0,0.0,0.0,0.0,0.0,0.0,0.0,0.0,0.0,0.0,0.0,0.0,0.0,0.0,0.0,0.0,0.0,0.0,0.0,0.0,0.0,0.0,0.0,0.0,0.0,0.0,0.0,0.0,10.0,0.0,,,,,,,,,,,,,,,,,,,,,,,,,,,,,
Michael Halliday,us USA,DF,Orlando City,20,2003,18,9,853,9.5,0.0,0.21,0.21,0.0,0.0,0.0,0.21,0.0,0.04,0.04,0.12,0.16,2.0,1.58,5.89,0.0,0.21,0.21,0.0,0.21,0.04,0.11,0.15,0.04,0.15,Matches,2023,9.5,29.2,14.1,12.2,1.68,39.2,16.1,16.0,3.68,74.5,87.6,76.3,45.7,463.7,127.9,29.2,14.1,12.2,1.68,39.2,16.1,16.0,3.68,74.5,87.6,76.3,45.7,29.2,14.1,12.2,1.68,39.2,16.1,16.0,3.68,74.5,87.6,76.3,45.7,29.2,14.1,12.2,1.68,39.2,16.1,16.0,3.68,74.5,87.6,76.3,45.7,0.21,0.12,0.09,1.16,0.63,0.53,0.32,0.0,0.32,0.0,0.0,0.32,0.0,0.0,,14.9,0.0,0.0,0.0,0.13,-0.04,-0.04,50.2,5.16,19.2,18.0,13.5,2.53,50.2,0.42,36.4,0.53,45.5,21.8,0.74,1.16,0.11,24.3,2.11,1.26,1.05,2.11,1.26,60.0,0.84,1.79,1.47,0.95,3.05,3.47,0.0,1.68,1.69,0.0,0.0,0.11,0.0,0.0,0.0,0.21,0.21,0.0,0.0,0.11,0.0,0.0,0.0,0.0,0.74,0.32,0.0,2.84,0.95,1.05,0.0,0.0,0.0,6.74,1.16,64.7,,,,,,,,,,,,,,,,,,,,,,,,,,,,
Bret Halsey,us USA,DF,FC Cincinnati,22,2000,10,2,231,2.6,0.0,0.0,0.0,0.0,0.0,0.0,0.38,0.0,0.08,0.08,0.12,0.23,1.92,2.31,7.31,0.0,0.0,0.0,0.0,0.0,0.09,0.13,0.22,0.09,0.22,Matches,2023,2.6,36.9,23.8,10.8,1.54,45.8,25.0,15.8,2.69,80.7,95.4,68.3,57.1,521.9,170.0,36.9,23.8,10.8,1.54,45.8,25.0,15.8,2.69,80.7,95.4,68.3,57.1,36.9,23.8,10.8,1.54,45.8,25.0,15.8,2.69,80.7,95.4,68.3,57.1,36.9,23.8,10.8,1.54,45.8,25.0,15.8,2.69,80.7,95.4,68.3,57.1,0.0,0.15,-0.12,1.15,0.77,0.77,0.0,0.0,1.15,0.38,33.3,1.17,0.39,0.0,0.0,12.1,0.0,0.0,0.0,0.08,-0.08,-0.08,55.8,1.92,15.4,19.2,21.5,3.85,55.8,0.0,0.0,1.15,60.0,27.7,0.77,0.77,0.0,32.3,2.31,1.54,1.92,2.31,1.54,44.4,1.92,1.15,0.77,0.38,2.69,1.54,0.0,3.46,3.51,0.0,0.0,0.0,0.0,0.0,0.0,0.77,0.78,0.0,0.0,0.0,0.0,0.0,0.0,0.0,1.15,0.77,0.0,2.31,0.38,1.92,0.0,0.0,0.0,6.15,0.77,50.0,,,,,,,,,,,,,,,,,,,,,,,,,,,,
Ahmed Hamdi,eg EGY,"MF,FW",CF Montréal,24,1998,13,4,474,5.3,0.19,0.0,0.19,0.19,0.0,0.0,0.19,0.0,0.08,0.08,0.08,0.15,2.45,4.34,3.02,0.19,0.0,0.19,0.19,0.19,0.07,0.08,0.15,0.07,0.15,Matches,2023,5.3,28.3,16.4,9.62,1.51,37.7,19.4,11.9,2.64,75.0,84.5,81.0,57.1,444.2,123.8,28.3,16.4,9.62,1.51,37.7,19.4,11.9,2.64,75.0,84.5,81.0,57.1,28.3,16.4,9.62,1.51,37.7,19.4,11.9,2.64,75.0,84.5,81.0,57.1,28.3,16.4,9.62,1.51,37.7,19.4,11.9,2.64,75.0,84.5,81.0,57.1,0.0,0.09,-0.08,1.13,2.83,0.75,0.0,0.19,0.94,0.57,60.0,0.95,0.57,0.2,0.33,19.0,0.0,0.0,0.0,0.07,0.11,0.11,51.7,0.38,9.43,26.0,17.2,3.58,51.7,1.13,25.0,3.02,66.7,29.2,1.32,2.45,0.57,31.7,3.02,0.57,0.94,3.02,0.57,27.3,1.51,1.32,1.32,0.19,3.21,0.75,0.0,2.64,2.65,0.0,0.0,0.0,0.0,0.0,0.0,0.0,0.0,0.0,0.0,0.0,0.0,0.0,0.0,0.0,1.13,0.38,0.0,0.19,0.19,0.94,0.0,0.0,0.0,5.85,0.38,50.0,,,,,,,,,,,,,,,,,,,,,,,,,,,,
Yosuke Hanya,jp JPN,"FW,MF",Colorado Rapids,24,1999,2,0,48,0.5,0.0,0.0,0.0,0.0,0.0,0.0,0.0,0.0,0.4,0.4,0.0,0.4,4.0,0.0,12.0,0.0,0.0,0.0,0.0,0.0,0.29,0.0,0.29,0.29,0.29,Matches,2023,0.5,14.0,6.0,6.0,2.0,22.0,8.0,10.0,4.0,63.6,75.0,60.0,50.0,204.0,12.0,14.0,6.0,6.0,2.0,22.0,8.0,10.0,4.0,63.6,75.0,60.0,50.0,14.0,6.0,6.0,2.0,22.0,8.0,10.0,4.0,63.6,75.0,60.0,50.0,14.0,6.0,6.0,2.0,22.0,8.0,10.0,4.0,63.6,75.0,60.0,50.0,0.0,0.0,0.0,0.0,2.0,0.0,0.0,0.0,2.0,0.0,0.0,1.87,0.0,0.0,,5.3,0.0,0.0,0.0,0.15,-0.4,-0.4,30.0,0.0,0.0,14.0,16.0,4.0,30.0,0.0,,0.0,,16.0,0.0,4.0,0.0,20.0,0.0,0.0,0.0,0.0,0.0,,0.0,0.0,0.0,0.0,0.0,0.0,0.0,0.0,0.0,0.0,0.0,0.0,0.0,0.0,0.0,0.0,0.0,0.0,0.0,0.0,0.0,0.0,0.0,0.0,2.0,2.0,0.0,4.0,0.0,0.0,0.0,0.0,0.0,4.0,2.0,100.0,,,,,,,,,,,,,,,,,,,,,,,,,,,,
Ian Harkes,us USA,MF,NE Revolution,27,1995,9,7,603,6.7,0.3,0.0,0.3,0.3,0.0,0.0,0.15,0.0,0.1,0.1,0.03,0.15,0.9,4.03,2.99,0.3,0.0,0.3,0.3,0.3,0.11,0.03,0.14,0.11,0.14,Matches,2023,6.7,39.7,18.1,17.2,3.73,46.9,20.1,19.1,5.07,84.7,89.6,89.8,73.5,684.9,171.5,39.7,18.1,17.2,3.73,46.9,20.1,19.1,5.07,84.7,89.6,89.8,73.5,39.7,18.1,17.2,3.73,46.9,20.1,19.1,5.07,84.7,89.6,89.8,73.5,39.7,18.1,17.2,3.73,46.9,20.1,19.1,5.07,84.7,89.6,89.8,73.5,0.0,0.09,-0.03,0.75,2.99,0.3,0.15,0.3,0.9,0.6,66.7,0.9,0.6,0.33,0.5,21.0,0.0,0.0,0.0,0.12,0.19,0.19,55.5,1.34,14.0,30.9,11.0,1.04,55.5,0.9,54.5,0.45,27.3,29.3,0.3,1.04,0.3,39.9,1.79,0.6,0.3,1.79,0.6,40.0,0.9,0.75,0.75,1.34,3.13,0.6,0.0,2.09,2.09,0.3,0.0,0.0,0.0,0.0,0.0,0.15,0.15,0.3,0.0,0.0,0.0,0.0,0.0,0.0,1.49,1.49,0.0,0.9,1.34,0.3,0.0,0.0,0.0,5.67,1.04,50.0,,,,,,,,,,,,,,,,,,,,,,,,,,,,
Cameron Harper,us USA,"DF,MF",NY Red Bulls,21,2001,31,24,2149,23.9,0.08,0.08,0.17,0.08,0.0,0.0,0.29,0.04,0.12,0.12,0.14,0.26,4.39,2.97,5.61,0.08,0.08,0.17,0.08,0.17,0.12,0.14,0.26,0.12,0.26,Matches,2023,23.9,27.4,15.4,9.04,1.67,40.6,18.3,13.9,5.31,67.4,84.2,65.1,31.5,412.1,143.1,27.4,15.4,9.04,1.67,40.6,18.3,13.9,5.31,67.4,84.2,65.1,31.5,27.4,15.4,9.04,1.67,40.6,18.3,13.9,5.31,67.4,84.2,65.1,31.5,27.4,15.4,9.04,1.67,40.6,18.3,13.9,5.31,67.4,84.2,65.1,31.5,0.08,0.14,-0.05,1.09,1.55,1.05,0.59,0.08,1.34,0.38,28.1,1.34,0.38,0.06,0.22,18.1,0.0,0.0,0.0,0.09,-0.04,-0.04,54.2,1.63,10.3,21.4,23.4,2.85,54.2,1.92,39.0,2.3,46.6,29.5,1.26,2.8,0.88,29.6,1.67,1.05,1.26,1.67,1.05,39.7,1.59,1.55,1.42,0.46,2.13,1.13,0.04,2.01,2.01,0.13,0.0,0.04,0.0,0.08,0.0,0.08,0.08,0.13,0.0,0.04,0.0,0.08,0.0,0.04,1.51,0.88,0.0,4.18,0.46,1.26,0.0,0.0,0.0,7.03,0.5,38.7,,,,,,,,,,,,,,,,,,,,,,,,,,,,
Nathan Harriel,us USA,DF,Philadelphia Union,21,2001,25,18,1670,18.6,0.05,0.0,0.05,0.05,0.0,0.0,0.27,0.0,0.07,0.07,0.05,0.12,1.61,3.23,3.66,0.05,0.0,0.05,0.05,0.05,0.07,0.05,0.12,0.07,0.12,Matches,2023,18.6,30.0,14.4,13.3,1.83,41.2,17.0,18.0,4.19,72.8,84.5,74.3,43.6,501.4,182.5,30.0,14.4,13.3,1.83,41.2,17.0,18.0,4.19,72.8,84.5,74.3,43.6,30.0,14.4,13.3,1.83,41.2,17.0,18.0,4.19,72.8,84.5,74.3,43.6,30.0,14.4,13.3,1.83,41.2,17.0,18.0,4.19,72.8,84.5,74.3,43.6,0.0,0.05,-0.05,0.75,2.58,0.65,0.27,0.05,0.7,0.22,30.8,0.7,0.22,0.08,0.25,14.9,0.0,0.0,0.0,0.1,-0.02,-0.02,54.4,3.71,15.5,23.3,15.9,1.24,54.4,0.65,42.9,0.65,42.9,22.7,0.27,1.18,0.59,25.3,2.26,1.24,1.83,2.26,1.24,59.0,0.86,1.77,1.51,2.37,4.62,2.63,0.05,1.61,1.62,0.11,0.0,0.05,0.0,0.16,0.0,0.11,0.11,0.11,0.0,0.05,0.0,0.16,0.0,0.0,1.45,1.02,0.05,1.18,2.37,1.83,0.0,0.0,0.05,4.84,2.2,60.3,,,,,,,,,,,,,,,,,,,,,,,,,,,,
Calvin Harris,eng ENG,FW,Colorado Rapids,22,2000,18,11,899,10.0,0.1,0.3,0.4,0.1,0.0,0.0,0.0,0.0,0.1,0.1,0.09,0.19,5.1,1.5,6.3,0.1,0.3,0.4,0.1,0.4,0.1,0.09,0.19,0.1,0.19,Matches,2023,10.0,14.6,6.8,6.1,1.0,20.9,9.0,7.8,2.0,69.9,75.6,78.2,50.0,236.3,46.4,14.6,6.8,6.1,1.0,20.9,9.0,7.8,2.0,69.9,75.6,78.2,50.0,14.6,6.8,6.1,1.0,20.9,9.0,7.8,2.0,69.9,75.6,78.2,50.0,14.6,6.8,6.1,1.0,20.9,9.0,7.8,2.0,69.9,75.6,78.2,50.0,0.3,0.09,0.21,0.8,1.1,0.2,0.1,0.1,1.1,0.6,54.5,1.1,0.6,0.09,0.17,17.4,0.0,0.0,0.0,0.09,0.0,0.0,31.2,1.4,5.1,13.5,13.3,3.3,31.2,0.3,18.8,1.1,68.8,20.4,2.1,2.5,0.7,20.3,1.2,0.6,0.6,1.2,0.6,75.0,0.2,0.7,0.6,0.5,1.7,0.9,0.0,1.4,1.4,0.1,0.1,0.0,0.0,0.0,0.0,0.3,0.3,0.1,0.1,0.0,0.0,0.0,0.0,0.0,0.7,1.3,0.1,2.7,0.5,0.6,0.0,0.0,0.0,4.7,0.8,34.8,,,,,,,,,,,,,,,,,,,,,,,,,,,,
Thomas Hasal,ca CAN,GK,Vancouver W'caps,23,1999,1,1,90,1.0,0.0,0.0,0.0,0.0,0.0,0.0,0.0,0.0,0.0,0.0,0.0,0.0,0.0,0.0,0.0,0.0,0.0,0.0,0.0,0.0,0.0,0.0,0.0,0.0,0.0,Matches,2023,1.0,33.0,8.0,19.0,6.0,42.0,8.0,19.0,15.0,78.6,100.0,100.0,40.0,786.0,482.0,33.0,8.0,19.0,6.0,42.0,8.0,19.0,15.0,78.6,100.0,100.0,40.0,33.0,8.0,19.0,6.0,42.0,8.0,19.0,15.0,78.6,100.0,100.0,40.0,33.0,8.0,19.0,6.0,42.0,8.0,19.0,15.0,78.6,100.0,100.0,40.0,0.0,0.0,0.0,0.0,1.0,0.0,0.0,0.0,0.0,0.0,,0.0,0.0,,,,0.0,0.0,0.0,,0.0,0.0,45.0,37.0,45.0,0.0,0.0,0.0,45.0,0.0,,0.0,,24.0,0.0,0.0,0.0,21.0,0.0,0.0,0.0,0.0,0.0,,0.0,0.0,0.0,0.0,0.0,0.0,0.0,0.0,0.0,0.0,0.0,0.0,0.0,0.0,0.0,0.0,0.0,0.0,0.0,0.0,0.0,0.0,0.0,0.0,0.0,0.0,0.0,0.0,0.0,0.0,0.0,0.0,0.0,1.0,0.0,,3.0,0.0,0.0,1.0,3.2,0.49,1.2,1.16,33.0,8.0,21.2,66.7,27.1,48.8,13.0,21.2,66.7,27.1,48.8,13.0,19.0,0.0,0.0,0.0,0.0,27.1,48.8,13.0
Héber,br BRA,"FW,MF",Seattle Sounders,31,1991,22,12,1062,11.8,0.17,0.08,0.25,0.17,0.0,0.0,0.0,0.0,0.62,0.62,0.12,0.74,0.68,1.61,5.93,0.17,0.08,0.25,0.17,0.25,0.62,0.12,0.74,0.62,0.74,Matches,2023,11.8,20.6,12.0,5.51,1.19,25.2,14.0,6.69,1.69,81.8,86.1,82.3,70.0,273.7,36.0,20.6,12.0,5.51,1.19,25.2,14.0,6.69,1.69,81.8,86.1,82.3,70.0,20.6,12.0,5.51,1.19,25.2,14.0,6.69,1.69,81.8,86.1,82.3,70.0,20.6,12.0,5.51,1.19,25.2,14.0,6.69,1.69,81.8,86.1,82.3,70.0,0.08,0.11,-0.03,1.53,1.61,0.51,0.08,0.17,3.22,1.02,31.6,3.22,1.02,0.05,0.17,10.0,0.0,0.0,0.0,0.19,-0.45,-0.45,34.2,0.34,1.61,15.3,17.2,5.42,34.2,0.34,44.4,0.34,44.4,18.9,0.25,1.53,0.68,27.7,0.51,0.17,0.51,0.51,0.17,16.7,0.85,0.68,0.68,0.0,0.51,0.17,0.0,2.71,2.71,0.25,0.0,0.08,0.0,0.0,0.0,0.17,0.17,0.25,0.0,0.08,0.0,0.0,0.0,0.0,1.1,0.51,0.42,0.25,0.0,0.51,0.0,0.0,0.0,1.53,0.76,22.0,,,,,,,,,,,,,,,,,,,,,,,,,,,,
Matt Hedges,us USA,DF,Toronto FC,32,1990,14,13,1068,11.9,0.0,0.0,0.0,0.0,0.0,0.0,0.25,0.0,0.03,0.03,0.0,0.03,0.25,3.28,0.0,0.0,0.0,0.0,0.0,0.0,0.03,0.0,0.03,0.03,0.03,Matches,2023,11.9,43.1,13.1,23.7,5.97,52.6,14.2,26.7,10.4,81.9,92.3,88.7,57.3,895.5,407.6,43.1,13.1,23.7,5.97,52.6,14.2,26.7,10.4,81.9,92.3,88.7,57.3,43.1,13.1,23.7,5.97,52.6,14.2,26.7,10.4,81.9,92.3,88.7,57.3,43.1,13.1,23.7,5.97,52.6,14.2,26.7,10.4,81.9,92.3,88.7,57.3,0.0,0.01,0.0,0.0,2.86,0.08,0.0,0.0,0.25,0.0,0.0,0.25,0.0,0.0,,8.5,0.0,0.0,0.0,0.14,-0.03,-0.03,63.0,8.91,35.2,27.1,1.01,0.67,63.0,0.0,,0.0,,32.7,0.0,0.25,0.34,41.0,1.51,0.84,0.92,1.51,0.84,58.8,0.59,1.09,0.5,1.51,3.03,4.79,0.0,0.08,0.08,0.0,0.0,0.0,0.0,0.0,0.0,0.0,0.0,0.0,0.0,0.0,0.0,0.0,0.0,0.0,0.67,0.59,0.08,0.0,1.51,0.92,0.0,0.0,0.0,5.13,1.51,50.0,,,,,,,,,,,,,,,,,,,,,,,,,,,,
Matt Hedges,us USA,DF,Austin,32,1990,6,3,307,3.4,0.29,0.0,0.29,0.29,0.0,0.0,0.0,0.0,0.09,0.09,0.03,0.12,0.0,2.35,0.29,0.29,0.0,0.29,0.29,0.29,0.08,0.03,0.11,0.08,0.11,Matches,2023,3.4,46.2,16.8,24.4,3.82,52.9,17.4,27.1,6.76,87.2,96.6,90.2,56.5,860.0,338.2,46.2,16.8,24.4,3.82,52.9,17.4,27.1,6.76,87.2,96.6,90.2,56.5,46.2,16.8,24.4,3.82,52.9,17.4,27.1,6.76,87.2,96.6,90.2,56.5,46.2,16.8,24.4,3.82,52.9,17.4,27.1,6.76,87.2,96.6,90.2,56.5,0.0,0.03,-0.03,0.29,0.88,0.29,0.0,0.29,1.18,0.29,25.0,1.17,0.29,0.25,1.0,9.9,0.0,0.0,0.0,0.07,0.21,0.21,61.5,7.35,35.3,24.4,2.06,1.47,61.5,0.29,100.0,0.0,0.0,36.2,0.0,0.59,0.0,41.2,0.59,0.0,0.29,0.59,0.0,0.0,0.59,1.18,0.29,0.88,1.47,4.12,0.0,0.88,0.88,0.0,0.0,0.0,0.0,0.0,0.0,0.0,0.0,0.0,0.0,0.0,0.0,0.0,0.0,0.0,0.29,0.29,0.0,0.0,0.88,0.29,0.0,0.0,0.0,5.29,3.24,57.9,,,,,,,,,,,,,,,,,,,,,,,,,,,,
Chris Hegardt,us USA,"FW,MF",Charlotte,21,2002,4,0,56,0.6,0.0,0.0,0.0,0.0,0.0,0.0,1.67,0.0,0.0,0.0,0.17,0.17,0.0,5.0,5.0,0.0,0.0,0.0,0.0,0.0,0.0,0.13,0.13,0.0,0.13,Matches,2023,0.6,40.0,20.0,13.3,6.67,53.3,21.7,15.0,13.3,75.0,92.3,88.9,50.0,715.0,300.0,40.0,20.0,13.3,6.67,53.3,21.7,15.0,13.3,75.0,92.3,88.9,50.0,40.0,20.0,13.3,6.67,53.3,21.7,15.0,13.3,75.0,92.3,88.9,50.0,40.0,20.0,13.3,6.67,53.3,21.7,15.0,13.3,75.0,92.3,88.9,50.0,0.0,0.67,-0.17,3.33,6.67,0.0,0.0,0.0,0.0,0.0,,0.0,0.0,,,,0.0,0.0,0.0,,0.0,0.0,61.7,0.0,3.33,26.7,31.7,5.0,61.7,0.0,0.0,1.67,100.0,35.0,0.0,1.67,1.67,40.0,3.33,0.0,1.67,3.33,0.0,,0.0,0.0,0.0,0.0,3.33,0.0,0.0,5.0,4.74,0.0,0.0,0.0,0.0,0.0,0.0,0.0,0.0,0.0,0.0,0.0,0.0,0.0,0.0,0.0,5.0,1.67,0.0,10.0,0.0,1.67,0.0,0.0,0.0,3.33,1.67,100.0,,,,,,,,,,,,,,,,,,,,,,,,,,,,
Fabian Herbers,de GER,"MF,FW",Chicago Fire,29,1993,32,24,1973,21.9,0.18,0.09,0.27,0.18,0.0,0.0,0.37,0.05,0.17,0.17,0.13,0.3,2.24,4.75,4.38,0.18,0.09,0.27,0.18,0.27,0.17,0.13,0.3,0.17,0.3,Matches,2023,21.9,34.9,18.5,12.7,2.47,42.8,20.8,14.8,3.97,81.4,89.2,85.5,62.1,538.8,154.7,34.9,18.5,12.7,2.47,42.8,20.8,14.8,3.97,81.4,89.2,85.5,62.1,34.9,18.5,12.7,2.47,42.8,20.8,14.8,3.97,81.4,89.2,85.5,62.1,34.9,18.5,12.7,2.47,42.8,20.8,14.8,3.97,81.4,89.2,85.5,62.1,0.09,0.14,-0.04,0.91,2.92,0.96,0.14,0.18,1.19,0.41,34.6,1.19,0.41,0.15,0.44,16.5,0.0,0.0,0.0,0.15,0.01,0.01,52.1,1.46,9.63,28.0,14.9,2.24,52.1,0.82,54.5,0.5,33.3,30.1,0.37,1.64,0.78,35.2,1.92,0.82,1.42,1.92,0.82,46.2,0.96,1.1,0.82,0.82,2.74,0.91,0.0,1.96,1.96,0.0,0.0,0.0,0.0,0.0,0.0,0.23,0.23,0.0,0.0,0.0,0.0,0.0,0.0,0.05,1.1,1.83,0.23,1.69,0.82,1.42,0.0,0.05,0.0,6.71,0.59,25.5,,,,,,,,,,,,,,,,,,,,,,,,,,,,
Felipe Hernandez,us USA,MF,Sporting KC,24,1998,11,2,321,3.6,0.28,0.0,0.28,0.28,0.0,0.0,0.0,0.0,0.22,0.22,0.14,0.36,1.94,3.06,4.44,0.28,0.0,0.28,0.28,0.28,0.22,0.14,0.36,0.22,0.36,Matches,2023,3.6,22.2,11.9,8.61,1.39,30.6,14.2,11.4,3.33,72.7,84.3,75.6,41.7,375.6,132.8,22.2,11.9,8.61,1.39,30.6,14.2,11.4,3.33,72.7,84.3,75.6,41.7,22.2,11.9,8.61,1.39,30.6,14.2,11.4,3.33,72.7,84.3,75.6,41.7,22.2,11.9,8.61,1.39,30.6,14.2,11.4,3.33,72.7,84.3,75.6,41.7,0.0,0.11,-0.14,1.11,2.78,0.56,0.0,0.28,1.94,0.83,42.9,1.96,0.84,0.14,0.33,17.5,0.0,0.0,0.0,0.11,0.06,0.06,44.4,0.28,5.28,21.9,18.1,1.94,44.4,0.56,33.3,0.83,50.0,25.8,0.56,3.61,1.39,25.3,3.06,1.94,1.67,3.06,1.94,50.0,1.94,1.39,1.39,1.11,4.17,0.28,0.0,1.11,1.12,0.0,0.0,0.0,0.0,0.28,0.0,0.0,0.0,0.0,0.0,0.0,0.0,0.28,0.0,0.0,1.39,1.39,0.28,3.33,1.11,1.67,0.0,0.0,0.0,5.83,0.28,33.3,,,,,,,,,,,,,,,,,,,,,,,,,,,,
Javier Hernández,mx MEX,FW,LA Galaxy,34,1988,9,7,688,7.6,0.13,0.13,0.26,0.13,0.0,0.0,0.66,0.13,0.53,0.53,0.18,0.7,0.79,2.76,8.03,0.13,0.13,0.26,0.13,0.26,0.52,0.18,0.7,0.52,0.7,Matches,2023,7.6,17.4,8.95,5.53,1.58,22.0,11.4,6.97,1.97,79.0,78.2,79.2,80.0,280.8,45.8,17.4,8.95,5.53,1.58,22.0,11.4,6.97,1.97,79.0,78.2,79.2,80.0,17.4,8.95,5.53,1.58,22.0,11.4,6.97,1.97,79.0,78.2,79.2,80.0,17.4,8.95,5.53,1.58,22.0,11.4,6.97,1.97,79.0,78.2,79.2,80.0,0.13,0.05,-0.05,1.58,1.71,0.53,0.0,0.13,3.16,1.32,41.7,3.14,1.31,0.04,0.1,14.3,0.0,0.0,0.0,0.17,-0.39,-0.39,31.4,0.26,1.18,12.4,18.2,5.26,31.4,1.18,52.9,0.92,41.2,21.3,0.53,1.71,1.32,26.8,0.26,0.13,0.13,0.26,0.13,33.3,0.26,0.13,0.13,0.53,0.79,0.26,0.0,2.76,2.75,0.13,0.0,0.13,0.0,0.0,0.0,0.0,0.0,0.13,0.0,0.13,0.0,0.0,0.0,0.13,1.05,1.97,1.45,0.53,0.53,0.13,0.0,0.0,0.0,0.92,0.66,45.5,,,,,,,,,,,,,,,,,,,,,,,,,,,,
Ronald Hernández,ve VEN,DF,Atlanta Utd,25,1997,10,8,700,7.8,0.0,0.0,0.0,0.0,0.0,0.0,0.13,0.0,0.03,0.03,0.01,0.04,1.28,5.26,3.33,0.0,0.0,0.0,0.0,0.0,0.03,0.01,0.04,0.03,0.04,Matches,2023,7.8,44.6,21.3,18.2,4.36,53.8,23.3,20.8,7.44,82.9,91.2,87.7,58.6,765.8,247.6,44.6,21.3,18.2,4.36,53.8,23.3,20.8,7.44,82.9,91.2,87.7,58.6,44.6,21.3,18.2,4.36,53.8,23.3,20.8,7.44,82.9,91.2,87.7,58.6,44.6,21.3,18.2,4.36,53.8,23.3,20.8,7.44,82.9,91.2,87.7,58.6,0.0,0.09,-0.01,0.13,4.23,0.51,0.13,0.0,0.77,0.13,16.7,0.77,0.13,0.0,0.0,22.3,0.0,0.0,0.0,0.04,-0.03,-0.03,62.3,3.46,19.7,30.8,12.4,1.15,62.3,1.03,80.0,0.13,10.0,37.7,0.0,1.28,0.26,39.7,1.79,1.28,1.03,1.79,1.28,52.6,1.15,0.9,0.64,1.15,2.95,1.67,0.0,1.41,1.41,0.13,0.0,0.13,0.0,0.0,0.0,0.13,0.13,0.13,0.0,0.13,0.0,0.0,0.0,0.0,1.41,0.77,0.13,0.77,1.15,1.03,0.0,0.0,0.0,5.38,0.26,50.0,,,,,,,,,,,,,,,,,,,,,,,,,,,,
Aaron Herrera,gt GUA,"DF,MF",CF Montréal,25,1997,19,16,1407,15.6,0.0,0.13,0.13,0.0,0.0,0.0,0.19,0.0,0.04,0.04,0.1,0.13,1.86,4.42,4.1,0.0,0.13,0.13,0.0,0.13,0.04,0.1,0.13,0.04,0.13,Matches,2023,15.6,37.0,16.4,15.6,4.55,49.3,18.8,19.4,9.36,75.0,87.4,80.5,48.6,688.8,250.4,37.0,16.4,15.6,4.55,49.3,18.8,19.4,9.36,75.0,87.4,80.5,48.6,37.0,16.4,15.6,4.55,49.3,18.8,19.4,9.36,75.0,87.4,80.5,48.6,37.0,16.4,15.6,4.55,49.3,18.8,19.4,9.36,75.0,87.4,80.5,48.6,0.13,0.08,0.03,1.15,3.21,0.96,0.38,0.0,0.32,0.06,20.0,0.32,0.06,0.0,0.0,22.6,0.0,0.0,0.0,0.11,-0.04,-0.04,58.8,3.33,17.6,25.9,16.1,0.96,58.8,0.77,50.0,0.58,37.5,32.2,0.19,1.22,1.03,35.3,1.92,0.45,1.35,1.92,0.45,36.8,0.77,1.28,0.96,0.9,2.82,1.99,0.0,2.12,2.11,0.0,0.0,0.13,0.0,0.0,0.0,0.19,0.19,0.0,0.0,0.13,0.0,0.0,0.0,0.0,1.47,0.38,0.0,4.17,0.9,1.35,0.0,0.0,0.0,5.96,0.83,56.5,,,,,,,,,,,,,,,,,,,,,,,,,,,,
Héctor Herrera,mx MEX,MF,Houston Dynamo,32,1990,30,29,2530,28.1,0.14,0.39,0.53,0.14,0.0,0.0,0.36,0.07,0.16,0.16,0.2,0.36,2.1,8.75,3.24,0.14,0.39,0.53,0.14,0.53,0.16,0.2,0.36,0.16,0.36,Matches,2023,28.1,66.0,31.5,23.7,8.61,80.1,34.6,27.9,13.4,82.4,91.0,84.9,64.4,1169.4,433.4,66.0,31.5,23.7,8.61,80.1,34.6,27.9,13.4,82.4,91.0,84.9,64.4,66.0,31.5,23.7,8.61,80.1,34.6,27.9,13.4,82.4,91.0,84.9,64.4,66.0,31.5,23.7,8.61,80.1,34.6,27.9,13.4,82.4,91.0,84.9,64.4,0.39,0.27,0.19,2.17,7.97,1.46,0.25,0.14,2.31,0.85,36.9,2.31,0.85,0.06,0.17,22.6,0.53,0.0,0.0,0.07,-0.01,-0.01,91.2,1.6,18.0,49.2,25.1,2.46,91.2,2.03,73.1,0.6,21.8,53.7,0.46,1.81,1.17,65.7,1.96,0.71,1.32,1.96,0.71,38.5,1.14,1.71,1.28,0.68,2.63,0.57,0.0,5.16,5.16,0.46,0.0,0.28,0.07,0.0,0.0,0.78,0.78,0.46,0.0,0.28,0.07,0.0,0.0,0.07,1.42,1.85,0.07,5.73,0.68,1.32,0.04,0.0,0.0,6.87,0.93,41.3,,,,,,,,,,,,,,,,,,,,,,,,,,,,
Bode Hidalgo,us USA,DF,Real Salt Lake,20,2002,23,13,1180,13.1,0.0,0.08,0.08,0.0,0.0,0.0,0.15,0.0,0.05,0.05,0.05,0.11,2.37,4.73,4.35,0.0,0.08,0.08,0.0,0.08,0.05,0.05,0.1,0.05,0.1,Matches,2023,13.1,45.9,21.5,19.1,4.43,58.4,24.8,22.8,7.86,78.6,86.8,83.6,56.3,799.8,251.8,45.9,21.5,19.1,4.43,58.4,24.8,22.8,7.86,78.6,86.8,83.6,56.3,45.9,21.5,19.1,4.43,58.4,24.8,22.8,7.86,78.6,86.8,83.6,56.3,45.9,21.5,19.1,4.43,58.4,24.8,22.8,7.86,78.6,86.8,83.6,56.3,0.08,0.05,0.03,1.07,3.59,0.92,0.15,0.0,0.61,0.08,12.5,0.61,0.08,0.0,0.0,24.1,0.0,0.0,0.0,0.09,-0.05,-0.05,67.2,2.44,17.2,32.7,17.7,1.07,67.2,0.99,48.1,0.99,48.1,34.5,0.31,0.99,0.53,41.6,1.68,0.92,1.15,1.68,0.92,54.5,0.76,1.15,0.84,1.15,2.82,1.91,0.0,2.6,2.59,0.15,0.0,0.0,0.0,0.0,0.0,0.23,0.23,0.15,0.0,0.0,0.0,0.0,0.0,0.0,0.84,0.53,0.0,2.14,1.15,1.15,0.0,0.0,0.0,6.03,1.07,82.4,,,,,,,,,,,,,,,,,,,,,,,,,,,,
Kyle Hiebert,ca CAN,DF,St. Louis,25,1997,27,24,2128,23.6,0.08,0.0,0.08,0.08,0.0,0.0,0.25,0.04,0.05,0.05,0.01,0.06,0.59,3.35,0.81,0.08,0.0,0.08,0.08,0.08,0.05,0.01,0.06,0.05,0.06,Matches,2023,23.6,29.1,11.4,15.3,2.16,39.7,14.4,18.7,5.55,73.1,79.4,81.6,38.9,526.1,219.0,29.1,11.4,15.3,2.16,39.7,14.4,18.7,5.55,73.1,79.4,81.6,38.9,29.1,11.4,15.3,2.16,39.7,14.4,18.7,5.55,73.1,79.4,81.6,38.9,29.1,11.4,15.3,2.16,39.7,14.4,18.7,5.55,73.1,79.4,81.6,38.9,0.0,0.02,-0.01,0.34,2.46,0.08,0.04,0.08,0.47,0.13,27.3,0.47,0.13,0.18,0.67,11.4,0.0,0.0,0.0,0.11,0.03,0.03,50.7,5.68,24.7,21.0,5.38,0.85,50.7,0.08,40.0,0.08,40.0,20.3,0.0,0.42,0.25,22.8,1.91,1.14,1.02,1.91,1.14,62.8,0.68,1.74,1.19,1.23,3.14,4.03,0.0,0.89,0.89,0.0,0.0,0.0,0.0,0.04,0.0,0.08,0.08,0.0,0.0,0.0,0.0,0.04,0.0,0.04,0.68,0.64,0.13,0.38,1.23,1.02,0.0,0.13,0.0,6.27,2.37,57.7,,,,,,,,,,,,,,,,,,,,,,,,,,,,
Brendan Hines-Ike,us USA,DF,D.C. United,28,1994,12,9,933,10.4,0.0,0.0,0.0,0.0,0.0,0.0,0.29,0.0,0.04,0.04,0.0,0.04,0.48,2.02,0.29,0.0,0.0,0.0,0.0,0.0,0.04,0.0,0.04,0.04,0.04,Matches,2023,10.4,28.2,10.4,15.2,2.31,33.6,11.1,17.0,4.9,84.0,93.9,89.3,47.1,545.4,204.1,28.2,10.4,15.2,2.31,33.6,11.1,17.0,4.9,84.0,93.9,89.3,47.1,28.2,10.4,15.2,2.31,33.6,11.1,17.0,4.9,84.0,93.9,89.3,47.1,28.2,10.4,15.2,2.31,33.6,11.1,17.0,4.9,84.0,93.9,89.3,47.1,0.0,0.01,0.0,0.0,1.63,0.1,0.0,0.0,0.38,0.0,0.0,0.39,0.0,0.0,,13.1,0.0,0.0,0.0,0.1,-0.04,-0.04,42.8,7.31,23.6,17.9,1.54,0.58,42.8,0.1,50.0,0.1,50.0,21.3,0.0,0.1,0.1,23.9,1.15,0.48,0.87,1.15,0.48,50.0,0.48,1.35,0.29,1.06,2.21,4.42,0.1,0.48,0.48,0.0,0.0,0.1,0.0,0.0,0.0,0.0,0.0,0.0,0.0,0.1,0.0,0.0,0.0,0.0,1.15,0.58,0.19,0.29,1.06,0.87,0.0,0.0,0.1,4.52,1.25,68.4,,,,,,,,,,,,,,,,,,,,,,,,,,,,
Bongokuhle Hlongwane,za RSA,FW,Minnesota Utd,22,2000,30,29,2488,27.6,0.29,0.11,0.4,0.29,0.0,0.0,0.07,0.0,0.47,0.47,0.15,0.62,2.68,3.08,8.15,0.29,0.11,0.4,0.29,0.4,0.47,0.15,0.62,0.47,0.62,Matches,2023,27.6,20.0,12.6,5.62,0.94,29.1,16.2,7.72,2.17,68.7,77.5,72.8,43.3,273.0,75.5,20.0,12.6,5.62,0.94,29.1,16.2,7.72,2.17,68.7,77.5,72.8,43.3,20.0,12.6,5.62,0.94,29.1,16.2,7.72,2.17,68.7,77.5,72.8,43.3,20.0,12.6,5.62,0.94,29.1,16.2,7.72,2.17,68.7,77.5,72.8,43.3,0.11,0.2,-0.04,1.12,1.34,1.3,0.07,0.29,3.08,1.23,40.0,3.07,1.23,0.09,0.24,13.7,0.0,0.0,0.0,0.16,-0.18,-0.18,45.8,1.3,6.99,16.7,22.8,6.05,45.8,1.96,45.8,2.21,51.7,28.2,1.01,2.93,1.96,30.0,1.74,0.62,1.27,1.74,0.62,42.5,0.83,1.96,1.78,0.94,2.68,0.94,0.0,3.8,3.8,0.62,0.04,0.36,0.04,0.04,0.0,0.51,0.51,0.62,0.04,0.36,0.04,0.04,0.0,0.0,0.91,2.14,0.87,1.12,0.94,1.27,0.0,0.0,0.0,5.76,1.56,47.3,,,,,,,,,,,,,,,,,,,,,,,,,,,,
Junior Hoilett,ca CAN,"FW,MF",Vancouver W'caps,32,1990,7,2,233,2.6,0.0,0.0,0.0,0.0,0.0,0.0,0.0,0.0,0.15,0.15,0.12,0.27,1.92,5.77,7.69,0.0,0.0,0.0,0.0,0.0,0.14,0.12,0.26,0.14,0.26,Matches,2023,2.6,25.4,12.7,7.69,4.23,34.2,15.4,9.23,6.92,74.2,82.5,83.3,61.1,452.7,149.6,25.4,12.7,7.69,4.23,34.2,15.4,9.23,6.92,74.2,82.5,83.3,61.1,25.4,12.7,7.69,4.23,34.2,15.4,9.23,6.92,74.2,82.5,83.3,61.1,25.4,12.7,7.69,4.23,34.2,15.4,9.23,6.92,74.2,82.5,83.3,61.1,0.0,0.23,-0.12,2.31,3.08,1.54,0.38,0.0,1.92,0.0,0.0,1.93,0.0,0.0,,19.1,0.0,0.0,0.0,0.07,-0.15,-0.15,41.5,0.77,3.85,16.5,21.9,3.46,41.5,1.54,100.0,0.0,0.0,23.8,0.77,1.54,1.54,26.2,1.15,0.77,0.77,1.15,0.77,50.0,0.77,0.77,0.77,1.15,2.31,0.0,0.0,4.23,4.27,0.38,0.0,0.0,0.0,0.0,0.0,0.0,0.0,0.38,0.0,0.0,0.0,0.0,0.0,0.0,1.54,1.54,0.0,5.38,1.15,0.77,0.0,0.0,0.0,5.77,0.77,22.2,,,,,,,,,,,,,,,,,,,,,,,,,,,,
Ryan Hollingshead,us USA,DF,LAFC,31,1991,32,25,2346,26.1,0.15,0.0,0.15,0.15,0.0,0.0,0.19,0.0,0.09,0.09,0.05,0.15,2.15,5.13,3.37,0.15,0.0,0.15,0.15,0.15,0.09,0.05,0.15,0.09,0.15,Matches,2023,26.1,43.6,22.6,18.4,1.88,53.3,25.6,21.6,3.87,81.8,88.5,85.1,48.5,680.7,263.4,43.6,22.6,18.4,1.88,53.3,25.6,21.6,3.87,81.8,88.5,85.1,48.5,43.6,22.6,18.4,1.88,53.3,25.6,21.6,3.87,81.8,88.5,85.1,48.5,43.6,22.6,18.4,1.88,53.3,25.6,21.6,3.87,81.8,88.5,85.1,48.5,0.0,0.07,-0.05,0.88,4.02,0.38,0.04,0.15,0.8,0.27,33.3,0.81,0.27,0.19,0.57,13.5,0.0,0.0,0.0,0.12,0.06,0.06,64.9,3.37,19.3,31.5,14.6,2.22,64.9,0.8,55.3,0.61,42.1,33.4,0.38,1.07,0.65,35.9,2.8,1.57,1.95,2.8,1.57,56.9,1.19,1.38,1.07,1.65,4.44,2.03,0.0,1.8,1.81,0.08,0.0,0.08,0.0,0.08,0.0,0.11,0.12,0.08,0.0,0.08,0.0,0.08,0.0,0.0,1.38,0.77,0.11,0.23,1.65,1.95,0.0,0.08,0.0,7.47,2.41,63.6,,,,,,,,,,,,,,,,,,,,,,,,,,,,
Erik Holt,us USA,DF,Real Salt Lake,26,1996,2,1,54,0.6,0.0,0.0,0.0,0.0,0.0,0.0,0.0,0.0,0.0,0.0,0.0,0.0,0.0,3.33,0.0,0.0,0.0,0.0,0.0,0.0,0.0,0.0,0.0,0.0,0.0,Matches,2023,0.6,63.3,8.33,38.3,16.7,71.7,8.33,41.7,21.7,88.4,100.0,92.0,76.9,1596.7,693.3,63.3,8.33,38.3,16.7,71.7,8.33,41.7,21.7,88.4,100.0,92.0,76.9,63.3,8.33,38.3,16.7,71.7,8.33,41.7,21.7,88.4,100.0,92.0,76.9,63.3,8.33,38.3,16.7,71.7,8.33,41.7,21.7,88.4,100.0,92.0,76.9,0.0,0.0,0.0,0.0,5.0,0.0,0.0,0.0,0.0,0.0,,0.0,0.0,,,,0.0,0.0,0.0,,0.0,0.0,83.3,6.67,58.3,23.3,1.67,0.0,83.3,0.0,,0.0,,41.7,0.0,0.0,1.67,63.3,1.67,0.0,1.67,1.67,0.0,0.0,1.67,0.0,0.0,3.33,5.0,5.0,0.0,0.0,0.0,0.0,0.0,0.0,0.0,0.0,0.0,0.0,0.0,0.0,0.0,0.0,0.0,0.0,0.0,0.0,1.67,0.0,0.0,0.0,3.33,1.67,0.0,0.0,0.0,5.0,0.0,,,,,,,,,,,,,,,,,,,,,,,,,,,,,
Jackson Hopkins,us USA,MF,D.C. United,18,2004,7,2,195,2.2,0.0,0.0,0.0,0.0,0.0,0.0,0.0,0.0,0.18,0.18,0.05,0.23,0.91,3.64,5.45,0.0,0.0,0.0,0.0,0.0,0.19,0.03,0.22,0.19,0.22,Matches,2023,2.2,28.6,13.6,12.3,2.27,35.5,14.5,13.6,4.55,80.8,93.8,90.0,50.0,482.7,152.3,28.6,13.6,12.3,2.27,35.5,14.5,13.6,4.55,80.8,93.8,90.0,50.0,28.6,13.6,12.3,2.27,35.5,14.5,13.6,4.55,80.8,93.8,90.0,50.0,28.6,13.6,12.3,2.27,35.5,14.5,13.6,4.55,80.8,93.8,90.0,50.0,0.0,0.09,-0.05,0.45,3.64,1.82,0.45,0.0,2.27,0.91,40.0,2.31,0.92,0.0,0.0,18.4,0.0,0.0,0.0,0.08,-0.18,-0.18,45.9,0.91,7.73,21.4,17.7,3.18,45.9,0.45,20.0,1.82,80.0,29.5,0.91,1.36,1.36,30.9,0.91,0.45,0.45,0.91,0.45,33.3,0.91,0.0,0.0,0.91,1.82,0.91,0.0,1.82,1.85,0.0,0.0,0.0,0.0,0.0,0.0,0.0,0.0,0.0,0.0,0.0,0.0,0.0,0.0,0.0,1.36,0.91,0.0,1.36,0.91,0.45,0.0,0.0,0.0,6.36,0.91,33.3,,,,,,,,,,,,,,,,,,,,,,,,,,,,
Matthew Hoppe,us USA,"FW,MF",SJ Earthquakes,21,2001,7,4,421,4.7,0.43,0.0,0.43,0.43,0.0,0.0,0.0,0.0,0.47,0.47,0.11,0.57,2.98,2.34,8.51,0.43,0.0,0.43,0.43,0.43,0.47,0.1,0.57,0.47,0.57,Matches,2023,4.7,18.7,13.0,3.83,1.28,27.4,15.5,5.96,3.19,68.2,83.6,64.3,40.0,262.8,64.5,18.7,13.0,3.83,1.28,27.4,15.5,5.96,3.19,68.2,83.6,64.3,40.0,18.7,13.0,3.83,1.28,27.4,15.5,5.96,3.19,68.2,83.6,64.3,40.0,18.7,13.0,3.83,1.28,27.4,15.5,5.96,3.19,68.2,83.6,64.3,40.0,0.0,0.13,-0.11,0.64,1.49,1.28,0.43,0.43,2.13,0.64,30.0,2.14,0.64,0.2,0.67,12.9,0.0,0.0,0.0,0.22,-0.04,-0.04,39.4,0.85,5.11,15.5,20.2,5.53,39.4,1.28,33.3,2.55,66.7,25.3,0.85,2.13,1.49,27.7,1.49,0.64,1.06,1.49,0.64,30.0,1.49,0.64,0.64,0.21,1.7,0.21,0.0,1.7,1.71,0.0,0.0,0.0,0.0,0.0,0.0,0.0,0.0,0.0,0.0,0.0,0.0,0.0,0.0,0.0,1.06,0.43,0.43,2.77,0.21,1.06,0.0,0.0,0.0,5.96,0.21,50.0,,,,,,,,,,,,,,,,,,,,,,,,,,,,
Keegan Hughes,us USA,DF,Columbus Crew,22,2000,1,0,2,0.0,0.0,0.0,0.0,0.0,0.0,0.0,0.0,0.0,0.0,0.0,0.0,0.0,0.0,0.0,0.0,0.0,0.0,0.0,0.0,0.0,0.0,0.0,0.0,0.0,0.0,Matches,2023,0.0,0.0,0.0,0.0,0.0,1.0,1.0,0.0,0.0,0.0,0.0,,,0.0,0.0,0.0,0.0,0.0,0.0,1.0,1.0,0.0,0.0,0.0,0.0,,,0.0,0.0,0.0,0.0,1.0,1.0,0.0,0.0,0.0,0.0,,,0.0,0.0,0.0,0.0,1.0,1.0,0.0,0.0,0.0,0.0,,,0.0,0.0,0.0,0.0,0.0,0.0,0.0,0.0,0.0,0.0,,0.0,0.0,,,,0.0,0.0,0.0,,0.0,0.0,1.0,0.0,0.0,1.0,0.0,0.0,1.0,0.0,,0.0,,1.0,0.0,0.0,0.0,1.0,0.0,0.0,0.0,0.0,0.0,,0.0,0.0,0.0,0.0,0.0,0.0,0.0,0.0,0.0,0.0,0.0,0.0,0.0,0.0,0.0,0.0,0.0,0.0,0.0,0.0,0.0,0.0,0.0,0.0,1.0,0.0,0.0,0.0,0.0,0.0,0.0,0.0,0.0,0.0,0.0,,,,,,,,,,,,,,,,,,,,,,,,,,,,,
Erik Hurtado,us USA,"FW,MF",D.C. United,32,1990,7,1,274,3.0,0.0,0.0,0.0,0.0,0.0,0.0,0.0,0.0,0.27,0.27,0.13,0.43,1.67,0.33,6.67,0.0,0.0,0.0,0.0,0.0,0.28,0.14,0.42,0.28,0.42,Matches,2023,3.0,12.3,8.33,2.0,0.0,16.7,10.3,2.67,0.33,74.0,80.6,75.0,0.0,136.7,20.3,12.3,8.33,2.0,0.0,16.7,10.3,2.67,0.33,74.0,80.6,75.0,0.0,12.3,8.33,2.0,0.0,16.7,10.3,2.67,0.33,74.0,80.6,75.0,0.0,12.3,8.33,2.0,0.0,16.7,10.3,2.67,0.33,74.0,80.6,75.0,0.0,0.0,0.23,-0.13,1.33,0.33,0.33,0.33,0.0,2.67,1.67,62.5,2.63,1.64,0.0,0.0,14.2,0.0,0.0,0.0,0.11,-0.27,-0.27,28.3,0.67,1.0,7.0,20.3,8.33,28.3,0.0,0.0,1.0,100.0,15.3,1.67,4.0,1.33,20.3,0.33,0.33,0.33,0.33,0.33,50.0,0.33,0.67,0.67,0.0,0.33,0.33,0.0,2.67,2.63,0.0,0.0,0.0,0.0,0.0,0.0,0.0,0.0,0.0,0.0,0.0,0.0,0.0,0.0,0.0,2.67,0.33,1.0,1.0,0.0,0.33,0.0,0.0,0.0,1.67,2.0,42.9,,,,,,,,,,,,,,,,,,,,,,,,,,,,
Franco Ibarra,ar ARG,MF,Toronto FC,21,2001,7,5,440,4.9,0.0,0.0,0.0,0.0,0.0,0.0,0.2,0.0,0.02,0.02,0.0,0.02,0.41,4.69,1.02,0.0,0.0,0.0,0.0,0.0,0.02,0.0,0.02,0.02,0.02,Matches,2023,4.9,38.8,16.1,17.3,4.29,46.5,17.3,20.8,5.71,83.3,92.9,83.3,75.0,721.0,248.6,38.8,16.1,17.3,4.29,46.5,17.3,20.8,5.71,83.3,92.9,83.3,75.0,38.8,16.1,17.3,4.29,46.5,17.3,20.8,5.71,83.3,92.9,83.3,75.0,38.8,16.1,17.3,4.29,46.5,17.3,20.8,5.71,83.3,92.9,83.3,75.0,0.0,0.02,0.0,0.2,5.1,0.41,0.0,0.0,0.61,0.2,33.3,0.61,0.2,0.0,0.0,26.1,0.0,0.0,0.0,0.03,-0.02,-0.02,57.1,2.86,16.7,35.7,5.1,0.0,57.1,1.02,50.0,1.02,50.0,35.9,0.0,0.82,2.04,42.7,2.24,0.82,1.43,2.24,0.82,26.7,2.24,1.43,0.82,1.63,3.88,1.84,0.0,0.82,0.82,0.0,0.0,0.0,0.0,0.0,0.0,0.0,0.0,0.0,0.0,0.0,0.0,0.0,0.0,0.0,1.63,1.43,0.0,0.0,1.63,1.43,0.0,0.0,0.0,5.1,0.61,75.0,,,,,,,,,,,,,,,,,,,,,,,,,,,,
Franco Ibarra,ar ARG,MF,Atlanta Utd,21,2001,17,15,1276,14.2,0.0,0.0,0.0,0.0,0.0,0.0,0.56,0.07,0.01,0.01,0.02,0.04,0.77,5.56,0.49,0.0,0.0,0.0,0.0,0.0,0.01,0.02,0.03,0.01,0.03,Matches,2023,14.2,42.7,17.3,19.6,4.37,50.6,19.6,22.5,5.85,84.4,88.1,86.9,74.7,751.3,250.6,42.7,17.3,19.6,4.37,50.6,19.6,22.5,5.85,84.4,88.1,86.9,74.7,42.7,17.3,19.6,4.37,50.6,19.6,22.5,5.85,84.4,88.1,86.9,74.7,42.7,17.3,19.6,4.37,50.6,19.6,22.5,5.85,84.4,88.1,86.9,74.7,0.0,0.04,-0.02,0.28,5.77,0.42,0.07,0.0,0.42,0.0,0.0,0.42,0.0,0.0,,21.2,0.0,0.0,0.0,0.03,-0.01,-0.01,63.3,3.03,16.6,39.8,7.18,0.42,63.3,0.92,59.1,0.35,22.7,36.1,0.0,1.48,0.28,40.2,4.3,2.32,2.32,4.3,2.32,53.2,2.04,2.18,2.11,0.99,5.28,2.18,0.07,0.92,0.92,0.07,0.0,0.07,0.0,0.07,0.0,0.0,0.0,0.07,0.0,0.07,0.0,0.07,0.0,0.0,2.25,2.75,0.0,0.14,0.99,2.32,0.0,0.0,0.0,6.13,1.41,50.0,,,,,,,,,,,,,,,,,,,,,,,,,,,,
Sebastien Ibeagha,us USA,DF,FC Dallas,31,1992,31,26,2385,26.5,0.04,0.04,0.08,0.04,0.0,0.0,0.15,0.0,0.02,0.02,0.01,0.03,0.34,2.04,0.19,0.04,0.04,0.08,0.04,0.08,0.02,0.01,0.03,0.02,0.03,Matches,2023,26.5,41.9,15.0,23.4,3.17,50.1,16.2,25.8,7.09,83.6,92.3,90.4,44.7,777.9,296.3,41.9,15.0,23.4,3.17,50.1,16.2,25.8,7.09,83.6,92.3,90.4,44.7,41.9,15.0,23.4,3.17,50.1,16.2,25.8,7.09,83.6,92.3,90.4,44.7,41.9,15.0,23.4,3.17,50.1,16.2,25.8,7.09,83.6,92.3,90.4,44.7,0.04,0.01,0.03,0.04,1.47,0.0,0.0,0.04,0.38,0.11,30.0,0.38,0.11,0.1,0.33,13.7,0.0,0.0,0.0,0.06,0.02,0.02,60.1,9.62,35.8,22.8,1.55,0.87,60.1,0.15,57.1,0.08,28.6,33.4,0.04,0.42,0.04,38.7,0.64,0.26,0.34,0.64,0.26,38.9,0.42,1.17,0.38,1.06,1.7,5.62,0.0,0.42,0.42,0.0,0.0,0.0,0.0,0.0,0.0,0.08,0.08,0.0,0.0,0.0,0.0,0.0,0.0,0.0,0.45,0.6,0.04,0.04,1.06,0.34,0.0,0.0,0.0,4.53,2.11,64.4,,,,,,,,,,,,,,,,,,,,,,,,,,,,
Aliyu Ibrahim,ng NGA,FW,Houston Dynamo,21,2002,24,16,1205,13.4,0.22,0.15,0.37,0.22,0.0,0.0,0.15,0.0,0.4,0.4,0.1,0.5,2.24,1.04,7.24,0.22,0.15,0.37,0.22,0.37,0.4,0.1,0.5,0.4,0.5,Matches,2023,13.4,15.2,8.73,5.3,0.3,20.4,11.2,6.64,0.6,74.7,78.0,79.8,50.0,209.6,27.3,15.2,8.73,5.3,0.3,20.4,11.2,6.64,0.6,74.7,78.0,79.8,50.0,15.2,8.73,5.3,0.3,20.4,11.2,6.64,0.6,74.7,78.0,79.8,50.0,15.2,8.73,5.3,0.3,20.4,11.2,6.64,0.6,74.7,78.0,79.8,50.0,0.15,0.06,0.05,0.67,0.45,0.45,0.15,0.22,1.49,0.75,50.0,1.49,0.75,0.15,0.3,11.3,0.0,0.0,0.0,0.27,-0.18,-0.18,31.4,0.22,3.28,12.6,15.9,4.85,31.4,1.04,50.0,0.9,42.9,20.4,1.12,3.81,2.16,22.7,1.19,0.45,0.82,1.19,0.45,42.9,0.6,0.67,0.67,0.07,1.27,0.3,0.0,1.57,1.57,0.07,0.0,0.0,0.0,0.0,0.0,0.15,0.15,0.07,0.0,0.0,0.0,0.0,0.0,0.0,2.09,0.6,0.67,0.67,0.07,0.82,0.0,0.0,0.0,3.21,1.27,38.6,,,,,,,,,,,,,,,,,,,,,,,,,,,,
Sunusi Ibrahim,ng NGA,"FW,MF",CF Montréal,20,2002,25,11,1173,13.0,0.23,0.23,0.46,0.23,0.0,0.0,0.0,0.0,0.38,0.38,0.2,0.58,2.0,1.77,7.77,0.23,0.23,0.46,0.23,0.46,0.37,0.2,0.57,0.37,0.57,Matches,2023,13.0,15.8,10.3,4.08,1.0,22.6,12.9,6.38,2.15,69.7,79.8,63.9,46.4,230.2,39.7,15.8,10.3,4.08,1.0,22.6,12.9,6.38,2.15,69.7,79.8,63.9,46.4,15.8,10.3,4.08,1.0,22.6,12.9,6.38,2.15,69.7,79.8,63.9,46.4,15.8,10.3,4.08,1.0,22.6,12.9,6.38,2.15,69.7,79.8,63.9,46.4,0.23,0.14,0.03,1.54,1.23,0.69,0.23,0.23,2.54,0.77,30.3,2.53,0.77,0.09,0.3,13.8,0.0,0.0,0.0,0.15,-0.15,-0.15,31.3,0.15,1.69,13.2,16.8,3.92,31.3,0.85,45.8,0.92,50.0,19.5,0.62,2.62,1.46,25.0,0.54,0.08,0.15,0.54,0.08,25.0,0.23,0.23,0.23,0.15,0.69,0.08,0.0,2.92,2.92,0.15,0.0,0.15,0.0,0.08,0.08,0.31,0.31,0.15,0.0,0.15,0.0,0.08,0.08,0.0,0.92,1.54,0.85,1.54,0.15,0.15,0.0,0.0,0.0,2.23,1.85,40.7,,,,,,,,,,,,,,,,,,,,,,,,,,,,
Tega Ikoba,us USA,FW,Portland Timbers,19,2003,4,1,86,1.0,1.0,0.0,1.0,1.0,0.0,0.0,0.0,0.0,0.3,0.3,0.0,0.3,2.0,0.0,4.0,1.05,0.0,1.05,1.05,1.05,0.27,0.01,0.28,0.27,0.28,Matches,2023,1.0,11.0,10.0,0.0,0.0,19.0,16.0,1.0,1.0,57.9,62.5,0.0,0.0,96.0,9.0,11.0,10.0,0.0,0.0,19.0,16.0,1.0,1.0,57.9,62.5,0.0,0.0,11.0,10.0,0.0,0.0,19.0,16.0,1.0,1.0,57.9,62.5,0.0,0.0,11.0,10.0,0.0,0.0,19.0,16.0,1.0,1.0,57.9,62.5,0.0,0.0,0.0,0.1,0.0,1.0,0.0,0.0,0.0,1.0,3.0,2.0,66.7,3.14,2.09,0.33,0.5,15.2,0.0,0.0,0.0,0.08,0.7,0.7,33.0,0.0,0.0,14.0,19.0,6.0,33.0,0.0,,0.0,,22.0,1.0,5.0,4.0,27.0,1.0,1.0,1.0,1.0,1.0,100.0,0.0,1.0,1.0,0.0,1.0,0.0,0.0,5.0,5.23,0.0,0.0,1.0,0.0,0.0,0.0,0.0,0.0,0.0,0.0,1.0,0.0,0.0,0.0,0.0,5.0,4.0,2.0,1.0,0.0,1.0,0.0,0.0,0.0,5.0,5.0,41.7,,,,,,,,,,,,,,,,,,,,,,,,,,,,
Mitja Ilenič,si SVN,DF,NYCFC,18,2004,22,13,1192,13.2,0.0,0.15,0.15,0.0,0.0,0.0,0.38,0.0,0.02,0.02,0.08,0.11,1.36,3.48,6.14,0.0,0.15,0.15,0.0,0.15,0.02,0.08,0.1,0.02,0.1,Matches,2023,13.2,34.8,18.3,14.1,1.67,45.7,20.2,18.3,4.92,76.1,90.6,77.2,33.8,544.1,192.9,34.8,18.3,14.1,1.67,45.7,20.2,18.3,4.92,76.1,90.6,77.2,33.8,34.8,18.3,14.1,1.67,45.7,20.2,18.3,4.92,76.1,90.6,77.2,33.8,34.8,18.3,14.1,1.67,45.7,20.2,18.3,4.92,76.1,90.6,77.2,33.8,0.15,0.11,0.07,0.98,2.12,0.76,0.45,0.0,0.53,0.15,28.6,0.53,0.15,0.0,0.0,20.3,0.0,0.0,0.0,0.04,-0.02,-0.02,55.2,3.33,17.4,23.2,14.8,1.97,55.2,0.83,47.8,0.68,39.1,27.4,0.3,1.29,0.45,32.8,1.97,1.44,1.21,1.97,1.44,59.4,0.98,1.36,1.14,0.53,2.5,1.97,0.0,1.52,1.51,0.0,0.0,0.0,0.0,0.0,0.0,0.23,0.23,0.0,0.0,0.0,0.0,0.0,0.0,0.0,1.14,0.68,0.08,3.26,0.53,1.21,0.0,0.0,0.0,3.71,0.61,53.3,,,,,,,,,,,,,,,,,,,,,,,,,,,,
Ilias Iliadis,gr GRE,"DF,MF",CF Montréal,21,2001,6,4,251,2.8,0.0,0.0,0.0,0.0,0.0,0.0,1.07,0.36,0.04,0.04,0.07,0.14,1.07,1.79,3.57,0.0,0.0,0.0,0.0,0.0,0.04,0.09,0.13,0.04,0.13,Matches,2023,2.8,28.2,11.1,15.4,1.43,45.7,15.7,22.5,5.0,61.7,70.5,68.3,28.6,499.6,141.4,28.2,11.1,15.4,1.43,45.7,15.7,22.5,5.0,61.7,70.5,68.3,28.6,28.2,11.1,15.4,1.43,45.7,15.7,22.5,5.0,61.7,70.5,68.3,28.6,28.2,11.1,15.4,1.43,45.7,15.7,22.5,5.0,61.7,70.5,68.3,28.6,0.0,0.07,-0.07,1.07,1.07,0.36,0.36,0.0,0.71,0.0,0.0,0.72,0.0,0.0,,24.0,0.0,0.0,0.0,0.05,-0.04,-0.04,53.9,1.07,13.2,26.8,13.9,0.71,53.9,0.36,33.3,0.71,66.7,25.0,0.36,1.07,0.0,30.7,1.79,1.07,1.07,1.79,1.07,75.0,0.36,0.0,0.0,1.79,3.57,1.43,0.0,2.5,2.51,0.0,0.0,0.0,0.0,0.0,0.0,0.0,0.0,0.0,0.0,0.0,0.0,0.0,0.0,0.36,2.14,0.71,0.0,2.5,1.79,1.07,0.0,0.0,0.0,3.93,0.71,25.0,,,,,,,,,,,,,,,,,,,,,,,,,,,,
Marko Ilić,rs SRB,GK,Colorado Rapids,24,1998,13,13,1170,13.0,0.0,0.0,0.0,0.0,0.0,0.0,0.0,0.0,0.0,0.0,0.0,0.0,0.0,0.0,0.0,0.0,0.0,0.0,0.0,0.0,0.0,0.0,0.0,0.0,0.0,Matches,2023,13.0,20.5,4.38,8.77,7.08,29.2,4.46,9.08,15.2,70.2,98.3,96.6,46.7,571.7,413.5,20.5,4.38,8.77,7.08,29.2,4.46,9.08,15.2,70.2,98.3,96.6,46.7,20.5,4.38,8.77,7.08,29.2,4.46,9.08,15.2,70.2,98.3,96.6,46.7,20.5,4.38,8.77,7.08,29.2,4.46,9.08,15.2,70.2,98.3,96.6,46.7,0.0,0.0,0.0,0.0,0.23,0.0,0.0,0.0,0.0,0.0,,0.0,0.0,,,,0.0,0.0,0.0,,0.0,0.0,32.0,29.2,32.0,0.0,0.0,0.0,32.0,0.08,100.0,0.0,0.0,13.6,0.0,0.0,0.0,12.1,0.08,0.08,0.0,0.08,0.08,50.0,0.08,0.0,0.0,0.0,0.08,0.69,0.08,0.15,0.15,0.0,0.0,0.0,0.0,0.0,0.0,0.0,0.0,0.0,0.0,0.0,0.0,0.0,0.0,0.0,0.0,0.0,0.0,0.0,0.0,0.0,0.0,0.0,0.0,1.38,0.08,100.0,2.15,0.08,0.38,0.0,1.77,0.33,-0.38,-0.38,20.0,3.23,27.7,69.2,30.7,45.4,13.3,27.7,69.2,30.7,45.4,13.3,17.8,0.31,1.7,0.85,0.85,30.7,45.4,13.3
Asier Illarramendi,es ESP,MF,FC Dallas,32,1990,11,7,695,7.7,0.0,0.0,0.0,0.0,0.0,0.0,0.52,0.0,0.0,0.0,0.0,0.0,1.82,8.44,1.43,0.0,0.0,0.0,0.0,0.0,0.01,0.0,0.01,0.01,0.01,Matches,2023,7.7,68.3,36.1,26.1,3.64,76.6,38.8,28.1,4.81,89.2,93.0,93.1,75.7,1056.5,312.6,68.3,36.1,26.1,3.64,76.6,38.8,28.1,4.81,89.2,93.0,93.1,75.7,68.3,36.1,26.1,3.64,76.6,38.8,28.1,4.81,89.2,93.0,93.1,75.7,68.3,36.1,26.1,3.64,76.6,38.8,28.1,4.81,89.2,93.0,93.1,75.7,0.0,0.12,0.0,0.0,9.48,0.91,0.0,0.0,0.39,0.0,0.0,0.39,0.0,0.0,,31.1,0.0,0.0,0.0,0.02,0.0,0.0,85.8,3.25,19.6,51.9,15.1,0.13,85.8,0.52,66.7,0.26,33.3,51.2,0.13,0.91,0.65,61.0,2.21,1.04,1.3,2.21,1.04,40.0,1.56,1.95,1.56,2.34,4.55,1.17,0.0,1.43,1.42,0.0,0.0,0.26,0.0,0.0,0.0,0.26,0.26,0.0,0.0,0.26,0.0,0.0,0.0,0.0,1.3,1.04,0.0,0.13,2.34,1.3,0.0,0.0,0.0,9.35,0.39,42.9,,,,,,,,,,,,,,,,,,,,,,,,,,,,
Lorenzo Insigne,it ITA,"FW,MF",Toronto FC,31,1991,20,18,1520,16.9,0.24,0.24,0.47,0.24,0.0,0.0,0.12,0.0,0.32,0.32,0.21,0.53,4.62,5.33,8.22,0.24,0.24,0.47,0.24,0.47,0.32,0.21,0.53,0.32,0.53,Matches,2023,16.9,49.5,26.7,15.5,5.8,61.2,30.2,18.8,8.28,80.9,88.6,82.6,70.0,826.1,186.4,49.5,26.7,15.5,5.8,61.2,30.2,18.8,8.28,80.9,88.6,82.6,70.0,49.5,26.7,15.5,5.8,61.2,30.2,18.8,8.28,80.9,88.6,82.6,70.0,49.5,26.7,15.5,5.8,61.2,30.2,18.8,8.28,80.9,88.6,82.6,70.0,0.24,0.2,0.03,2.07,4.26,1.72,0.06,0.24,3.85,1.3,33.8,3.85,1.3,0.06,0.18,21.8,0.59,0.0,0.0,0.08,-0.08,-0.08,74.6,0.77,9.88,35.9,29.9,3.73,74.6,2.54,41.7,3.14,51.5,53.0,1.66,2.37,1.07,59.1,0.59,0.18,0.41,0.59,0.18,14.3,1.07,0.41,0.41,0.77,1.36,0.06,0.0,4.44,4.44,0.53,0.0,0.06,0.0,0.06,0.0,0.36,0.36,0.53,0.0,0.06,0.0,0.06,0.0,0.0,0.24,1.24,0.3,2.01,0.77,0.41,0.0,0.0,0.0,6.39,0.06,25.0,,,,,,,,,,,,,,,,,,,,,,,,,,,,
Clint Irwin,us USA,GK,Minnesota Utd,33,1989,4,4,360,4.0,0.0,0.0,0.0,0.0,0.0,0.0,0.25,0.0,0.0,0.0,0.0,0.0,0.0,0.0,0.0,0.0,0.0,0.0,0.0,0.0,0.0,0.0,0.0,0.0,0.0,Matches,2023,4.0,23.5,3.0,12.5,8.0,30.0,3.0,12.8,14.3,78.3,100.0,98.0,56.1,646.5,482.0,23.5,3.0,12.5,8.0,30.0,3.0,12.8,14.3,78.3,100.0,98.0,56.1,23.5,3.0,12.5,8.0,30.0,3.0,12.8,14.3,78.3,100.0,98.0,56.1,23.5,3.0,12.5,8.0,30.0,3.0,12.8,14.3,78.3,100.0,98.0,56.1,0.0,0.0,0.0,0.0,0.5,0.0,0.0,0.0,0.0,0.0,,0.0,0.0,,,,0.0,0.0,0.0,,0.0,0.0,33.0,31.0,33.0,0.0,0.0,0.0,33.0,0.0,,0.0,,14.8,0.0,0.0,0.0,7.75,0.0,0.0,0.0,0.0,0.0,,0.0,0.0,0.0,0.0,0.0,1.0,0.0,0.0,0.0,0.0,0.0,0.0,0.0,0.0,0.0,0.0,0.0,0.0,0.0,0.0,0.0,0.0,0.0,0.0,0.0,0.5,0.0,0.0,0.0,0.0,0.0,0.0,0.0,1.5,1.0,100.0,2.0,0.25,0.0,0.0,2.13,0.35,0.13,0.11,19.3,5.0,37.7,37.2,33.5,33.8,11.4,37.7,37.2,33.5,33.8,11.4,17.8,1.0,5.6,1.0,1.0,33.5,33.8,11.4
Aljaž Ivačič,si SVN,GK,Portland Timbers,29,1993,15,15,1350,15.0,0.0,0.0,0.0,0.0,0.0,0.0,0.0,0.0,0.0,0.0,0.0,0.0,0.0,0.0,0.0,0.0,0.0,0.0,0.0,0.0,0.0,0.0,0.0,0.0,0.0,Matches,2023,15.0,16.2,2.13,6.2,7.87,31.1,2.13,6.33,22.5,52.0,100.0,97.9,34.9,570.9,465.3,16.2,2.13,6.2,7.87,31.1,2.13,6.33,22.5,52.0,100.0,97.9,34.9,16.2,2.13,6.2,7.87,31.1,2.13,6.33,22.5,52.0,100.0,97.9,34.9,16.2,2.13,6.2,7.87,31.1,2.13,6.33,22.5,52.0,100.0,97.9,34.9,0.0,0.0,0.0,0.0,0.87,0.0,0.0,0.0,0.0,0.0,,0.0,0.0,,,,0.0,0.0,0.0,,0.0,0.0,34.2,28.7,33.9,0.27,0.0,0.0,34.2,0.0,,0.0,,15.5,0.0,0.0,0.0,10.8,0.0,0.0,0.0,0.0,0.0,0.0,0.13,0.0,0.0,0.0,0.0,0.6,0.07,0.13,0.13,0.0,0.0,0.0,0.0,0.0,0.0,0.0,0.0,0.0,0.0,0.0,0.0,0.0,0.0,0.0,0.0,0.0,0.0,0.0,0.0,0.0,0.0,0.0,0.0,1.07,0.4,100.0,1.93,0.07,0.13,0.2,1.51,0.27,-0.23,-0.23,21.7,2.53,63.8,70.5,45.4,52.6,14.5,63.8,70.5,45.4,52.6,14.5,16.9,0.27,1.6,1.0,1.0,45.4,52.6,14.5
Emmanuel Iwe,us USA,FW,Minnesota Utd,22,2000,3,0,53,0.6,0.0,0.0,0.0,0.0,0.0,0.0,0.0,0.0,0.83,0.83,0.0,0.83,11.7,1.67,11.7,0.0,0.0,0.0,0.0,0.0,0.86,0.0,0.86,0.86,0.86,Matches,2023,0.6,13.3,10.0,0.0,1.67,21.7,11.7,5.0,3.33,61.5,85.7,0.0,50.0,155.0,46.7,13.3,10.0,0.0,1.67,21.7,11.7,5.0,3.33,61.5,85.7,0.0,50.0,13.3,10.0,0.0,1.67,21.7,11.7,5.0,3.33,61.5,85.7,0.0,50.0,13.3,10.0,0.0,1.67,21.7,11.7,5.0,3.33,61.5,85.7,0.0,50.0,0.0,0.0,0.0,0.0,0.0,0.0,0.0,0.0,6.67,1.67,25.0,6.79,1.7,0.0,0.0,10.8,0.0,0.0,0.0,0.13,-0.83,-0.83,31.7,0.0,3.33,5.0,26.7,11.7,31.7,10.0,85.7,1.67,14.3,25.0,6.67,1.67,0.0,26.7,0.0,0.0,0.0,0.0,0.0,0.0,1.67,0.0,0.0,0.0,0.0,0.0,0.0,3.33,3.4,1.67,0.0,0.0,0.0,0.0,0.0,0.0,0.0,1.67,0.0,0.0,0.0,0.0,0.0,0.0,0.0,1.67,0.0,3.33,0.0,0.0,0.0,0.0,0.0,3.33,0.0,0.0,,,,,,,,,,,,,,,,,,,,,,,,,,,,
Ousman Jabang,us USA,DF,CF Montréal,21,2001,3,1,77,0.9,0.0,0.0,0.0,0.0,0.0,0.0,1.11,0.0,0.11,0.11,0.11,0.22,1.11,4.44,0.0,0.0,0.0,0.0,0.0,0.0,0.14,0.1,0.24,0.14,0.24,Matches,2023,0.9,43.3,20.0,16.7,5.56,48.9,24.4,17.8,5.56,88.6,81.8,93.8,100.0,736.7,254.4,43.3,20.0,16.7,5.56,48.9,24.4,17.8,5.56,88.6,81.8,93.8,100.0,43.3,20.0,16.7,5.56,48.9,24.4,17.8,5.56,88.6,81.8,93.8,100.0,43.3,20.0,16.7,5.56,48.9,24.4,17.8,5.56,88.6,81.8,93.8,100.0,0.0,0.22,-0.11,1.11,4.44,0.0,0.0,0.0,1.11,1.11,100.0,1.17,1.17,0.0,0.0,6.5,0.0,0.0,0.0,0.12,-0.11,-0.11,64.4,5.56,30.0,31.1,4.44,1.11,64.4,2.22,50.0,1.11,25.0,40.0,0.0,2.22,0.0,40.0,3.33,3.33,0.0,3.33,3.33,75.0,1.11,2.22,0.0,2.22,5.56,3.33,1.11,1.11,1.17,0.0,0.0,0.0,0.0,0.0,0.0,0.0,0.0,0.0,0.0,0.0,0.0,0.0,0.0,0.0,2.22,2.22,0.0,0.0,2.22,0.0,0.0,0.0,0.0,4.44,0.0,,,,,,,,,,,,,,,,,,,,,,,,,,,,,
Aziel Jackson,us USA,"MF,FW",St. Louis,21,2001,25,12,1119,12.4,0.08,0.32,0.4,0.08,0.0,0.0,0.24,0.0,0.15,0.15,0.17,0.32,2.26,4.44,5.56,0.08,0.32,0.4,0.08,0.4,0.15,0.17,0.32,0.15,0.32,Matches,2023,12.4,22.0,11.4,7.5,1.94,28.4,13.1,8.95,3.39,77.6,87.0,83.8,57.1,341.6,101.6,22.0,11.4,7.5,1.94,28.4,13.1,8.95,3.39,77.6,87.0,83.8,57.1,22.0,11.4,7.5,1.94,28.4,13.1,8.95,3.39,77.6,87.0,83.8,57.1,22.0,11.4,7.5,1.94,28.4,13.1,8.95,3.39,77.6,87.0,83.8,57.1,0.32,0.19,0.15,1.61,1.94,1.69,0.24,0.08,2.42,1.13,46.7,2.41,1.13,0.03,0.07,21.3,0.0,0.0,0.0,0.06,-0.06,-0.06,44.5,0.65,5.32,16.9,23.1,3.71,44.5,1.61,46.5,1.37,39.5,27.1,1.21,3.95,2.02,29.6,2.18,1.13,1.21,2.18,1.13,38.9,1.77,1.37,1.21,0.4,2.58,0.24,0.0,4.19,4.19,0.32,0.08,0.56,0.16,0.16,0.0,0.73,0.73,0.32,0.08,0.56,0.16,0.16,0.0,0.0,1.69,2.34,0.08,1.37,0.4,1.21,0.16,0.0,0.0,5.65,0.48,27.3,,,,,,,,,,,,,,,,,,,,,,,,,,,,
Jacob Jackson,us USA,GK,NE Revolution,22,2000,2,2,180,2.0,0.0,0.0,0.0,0.0,0.0,0.0,0.0,0.0,0.0,0.0,0.0,0.0,0.0,0.0,0.0,0.0,0.0,0.0,0.0,0.0,0.0,0.0,0.0,0.0,0.0,Matches,2023,2.0,24.0,4.5,10.0,9.0,31.5,4.5,10.0,16.5,76.2,100.0,100.0,54.5,625.5,432.5,24.0,4.5,10.0,9.0,31.5,4.5,10.0,16.5,76.2,100.0,100.0,54.5,24.0,4.5,10.0,9.0,31.5,4.5,10.0,16.5,76.2,100.0,100.0,54.5,24.0,4.5,10.0,9.0,31.5,4.5,10.0,16.5,76.2,100.0,100.0,54.5,0.0,0.0,0.0,0.0,0.5,0.0,0.0,0.0,0.0,0.0,,0.0,0.0,,,,0.0,0.0,0.0,,0.0,0.0,33.5,31.0,33.5,0.0,0.0,0.0,33.5,0.0,,0.0,,18.0,0.0,0.5,0.0,12.0,0.0,0.0,0.0,0.0,0.0,,0.0,0.0,0.0,0.0,0.0,0.0,0.0,0.5,0.5,0.0,0.0,0.0,0.0,0.0,0.0,0.0,0.0,0.0,0.0,0.0,0.0,0.0,0.0,0.0,0.0,0.0,0.0,0.0,0.0,0.0,0.0,0.0,0.0,1.0,0.0,,2.0,0.0,0.0,0.0,1.95,0.3,-0.05,-0.07,22.5,6.0,26.7,22.2,32.9,31.3,17.3,26.7,22.2,32.9,31.3,17.3,13.0,0.5,3.8,1.0,1.0,32.9,31.3,17.3
Bertin Jacquesson,fr FRA,"FW,MF",Real Salt Lake,22,2001,10,4,358,4.0,0.0,0.0,0.0,0.0,0.0,0.0,0.0,0.0,0.2,0.2,0.07,0.28,1.75,2.0,5.75,0.0,0.0,0.0,0.0,0.0,0.2,0.07,0.27,0.2,0.27,Matches,2023,4.0,10.5,6.25,4.0,0.25,19.3,8.5,5.75,2.5,54.5,73.5,69.6,10.0,149.8,30.0,10.5,6.25,4.0,0.25,19.3,8.5,5.75,2.5,54.5,73.5,69.6,10.0,10.5,6.25,4.0,0.25,19.3,8.5,5.75,2.5,54.5,73.5,69.6,10.0,10.5,6.25,4.0,0.25,19.3,8.5,5.75,2.5,54.5,73.5,69.6,10.0,0.0,0.1,-0.07,0.75,0.25,1.0,0.0,0.0,3.0,1.0,33.3,3.02,1.01,0.0,0.0,18.5,0.0,0.0,0.0,0.06,-0.2,-0.2,29.3,0.5,2.0,9.0,18.5,3.5,29.3,1.0,33.3,1.25,41.7,15.5,0.25,2.5,1.0,19.5,0.5,0.5,0.25,0.5,0.5,66.7,0.25,0.0,0.0,0.0,0.5,0.0,0.0,1.75,1.76,0.0,0.0,0.0,0.0,0.0,0.0,0.25,0.25,0.0,0.0,0.0,0.0,0.0,0.0,0.0,1.5,0.25,0.0,4.25,0.0,0.25,0.0,0.0,0.0,2.25,1.25,45.5,,,,,,,,,,,,,,,,,,,,,,,,,,,,
Eldin Jakupović,ch SUI,GK,LAFC,38,1984,2,2,180,2.0,0.0,0.0,0.0,0.0,0.0,0.0,0.0,0.0,0.0,0.0,0.0,0.0,0.0,0.0,0.0,0.0,0.0,0.0,0.0,0.0,0.0,0.0,0.0,0.0,0.0,Matches,2023,2.0,14.5,2.0,8.0,4.5,21.5,2.0,8.0,11.0,67.4,100.0,100.0,40.9,423.0,303.0,14.5,2.0,8.0,4.5,21.5,2.0,8.0,11.0,67.4,100.0,100.0,40.9,14.5,2.0,8.0,4.5,21.5,2.0,8.0,11.0,67.4,100.0,100.0,40.9,14.5,2.0,8.0,4.5,21.5,2.0,8.0,11.0,67.4,100.0,100.0,40.9,0.0,0.0,0.0,0.0,0.5,0.0,0.0,0.0,0.0,0.0,,0.0,0.0,,,,0.0,0.0,0.0,,0.0,0.0,23.5,22.5,23.5,0.0,0.0,0.0,23.5,0.0,,0.0,,16.0,0.0,0.0,0.0,12.5,0.0,0.0,0.0,0.0,0.0,,0.0,0.0,0.0,0.0,0.0,0.0,0.0,0.0,0.0,0.0,0.0,0.0,0.0,0.0,0.0,0.0,0.0,0.0,0.0,0.0,0.0,0.0,0.0,0.0,0.0,0.0,0.0,0.0,0.0,0.0,0.0,0.0,0.0,0.0,0.0,,0.5,0.0,0.0,0.0,0.25,0.06,-0.25,-0.27,17.0,3.0,35.3,62.5,34.7,48.6,11.5,35.3,62.5,34.7,48.6,11.5,10.0,1.0,10.0,0.0,0.0,34.7,48.6,11.5
Robin Jansson,se SWE,DF,Orlando City,31,1991,34,31,2880,32.0,0.0,0.0,0.0,0.0,0.0,0.0,0.16,0.0,0.01,0.01,0.02,0.03,0.22,1.91,0.09,0.0,0.0,0.0,0.0,0.0,0.01,0.02,0.03,0.01,0.03,Matches,2023,32.0,43.3,13.2,25.0,4.88,50.8,14.4,26.7,8.81,85.2,91.3,93.6,55.3,877.7,373.6,43.3,13.2,25.0,4.88,50.8,14.4,26.7,8.81,85.2,91.3,93.6,55.3,43.3,13.2,25.0,4.88,50.8,14.4,26.7,8.81,85.2,91.3,93.6,55.3,43.3,13.2,25.0,4.88,50.8,14.4,26.7,8.81,85.2,91.3,93.6,55.3,0.0,0.02,-0.02,0.19,2.0,0.19,0.0,0.0,0.13,0.0,0.0,0.12,0.0,0.0,,22.0,0.0,0.0,0.0,0.08,-0.01,-0.01,57.4,8.53,33.1,23.5,1.06,0.38,57.4,0.31,76.9,0.06,15.4,33.7,0.03,0.34,0.19,38.0,0.75,0.63,0.38,0.75,0.63,69.0,0.28,1.31,0.34,0.72,1.47,2.88,0.0,0.63,0.62,0.0,0.0,0.03,0.03,0.03,0.0,0.06,0.06,0.0,0.0,0.03,0.03,0.03,0.0,0.0,0.56,0.66,0.0,0.06,0.72,0.38,0.03,0.0,0.03,4.94,0.59,54.3,,,,,,,,,,,,,,,,,,,,,,,,,,,,
Andres Jasson,us USA,FW,NYCFC,21,2002,21,9,810,9.0,0.33,0.11,0.44,0.33,0.0,0.0,0.33,0.0,0.26,0.26,0.14,0.4,3.44,2.11,8.78,0.33,0.11,0.44,0.33,0.44,0.25,0.15,0.4,0.25,0.4,Matches,2023,9.0,19.9,9.78,7.89,1.56,26.8,11.4,9.44,2.78,74.3,85.4,83.5,56.0,320.1,88.4,19.9,9.78,7.89,1.56,26.8,11.4,9.44,2.78,74.3,85.4,83.5,56.0,19.9,9.78,7.89,1.56,26.8,11.4,9.44,2.78,74.3,85.4,83.5,56.0,19.9,9.78,7.89,1.56,26.8,11.4,9.44,2.78,74.3,85.4,83.5,56.0,0.11,0.09,-0.03,1.33,1.0,0.33,0.33,0.33,1.89,0.56,29.4,1.89,0.56,0.18,0.6,14.1,0.0,0.0,0.0,0.14,0.08,0.08,41.2,0.67,4.78,16.4,20.3,4.67,41.2,1.0,20.5,2.67,54.5,27.1,1.44,3.11,2.0,28.2,1.44,0.78,1.11,1.44,0.78,41.2,1.11,1.78,1.78,0.33,1.78,0.22,0.0,3.11,3.11,0.44,0.0,0.44,0.11,0.0,0.0,0.33,0.33,0.44,0.0,0.44,0.11,0.0,0.0,0.0,1.22,3.78,0.44,2.56,0.33,1.11,0.0,0.0,0.0,6.33,0.22,14.3,,,,,,,,,,,,,,,,,,,,,,,,,,,,
Mohanad Jeahze,iq IRQ,DF,D.C. United,25,1997,6,5,364,4.0,0.0,0.25,0.25,0.0,0.0,0.0,0.25,0.0,0.03,0.03,0.07,0.1,1.75,2.25,3.25,0.0,0.25,0.25,0.0,0.25,0.03,0.08,0.11,0.03,0.11,Matches,2023,4.0,38.0,16.8,16.5,4.5,51.3,19.3,20.3,8.5,74.1,87.0,81.5,52.9,681.3,231.0,38.0,16.8,16.5,4.5,51.3,19.3,20.3,8.5,74.1,87.0,81.5,52.9,38.0,16.8,16.5,4.5,51.3,19.3,20.3,8.5,74.1,87.0,81.5,52.9,38.0,16.8,16.5,4.5,51.3,19.3,20.3,8.5,74.1,87.0,81.5,52.9,0.25,0.13,0.17,0.75,2.5,0.75,0.25,0.0,1.0,0.0,0.0,0.99,0.0,0.0,,25.0,0.0,0.0,0.0,0.03,-0.03,-0.03,58.0,1.0,13.0,28.0,17.3,1.25,58.0,0.75,100.0,0.0,0.0,29.0,0.5,1.5,0.25,33.0,2.25,1.75,1.25,2.25,1.75,53.8,1.5,0.0,0.0,1.0,3.25,0.5,0.0,2.0,1.98,0.0,0.0,0.25,0.0,0.0,0.0,0.5,0.49,0.0,0.0,0.25,0.0,0.0,0.0,0.0,1.25,0.5,0.0,2.5,1.0,1.25,0.0,0.0,0.0,3.75,0.5,66.7,,,,,,,,,,,,,,,,,,,,,,,,,,,,
Corentin Jean,fr FRA,"FW,MF",Inter Miami,27,1995,15,12,829,9.2,0.11,0.0,0.11,0.11,0.0,0.0,0.22,0.0,0.12,0.12,0.1,0.22,2.28,2.93,6.2,0.11,0.0,0.11,0.11,0.11,0.12,0.1,0.21,0.12,0.21,Matches,2023,9.2,30.3,18.6,9.02,1.41,37.4,20.3,11.2,3.26,81.1,91.4,80.6,43.3,442.1,84.6,30.3,18.6,9.02,1.41,37.4,20.3,11.2,3.26,81.1,91.4,80.6,43.3,30.3,18.6,9.02,1.41,37.4,20.3,11.2,3.26,81.1,91.4,80.6,43.3,30.3,18.6,9.02,1.41,37.4,20.3,11.2,3.26,81.1,91.4,80.6,43.3,0.0,0.1,-0.1,1.85,1.3,0.98,0.22,0.11,1.52,0.76,50.0,1.52,0.76,0.07,0.14,19.5,0.0,0.0,0.0,0.08,-0.01,-0.01,46.2,0.98,6.52,18.7,21.6,2.07,46.2,0.54,25.0,1.09,50.0,28.4,0.22,1.09,1.2,33.6,1.96,1.2,1.3,1.96,1.2,64.7,0.65,0.43,0.33,0.33,2.28,0.76,0.0,3.7,3.69,0.0,0.0,0.22,0.0,0.0,0.0,0.33,0.33,0.0,0.0,0.22,0.0,0.0,0.0,0.0,0.98,1.63,0.11,2.72,0.33,1.3,0.0,0.0,0.0,4.89,0.54,35.7,,,,,,,,,,,,,,,,,,,,,,,,,,,,
Isak Jensen,dk DEN,"MF,FW",St. Louis,19,2003,11,0,144,1.6,0.0,0.0,0.0,0.0,0.0,0.0,0.0,0.0,0.25,0.25,0.0,0.25,6.25,3.13,3.13,0.0,0.0,0.0,0.0,0.0,0.23,0.03,0.25,0.23,0.25,Matches,2023,1.6,23.1,15.6,4.38,0.0,35.0,17.5,8.75,1.88,66.1,89.3,50.0,0.0,256.9,78.1,23.1,15.6,4.38,0.0,35.0,17.5,8.75,1.88,66.1,89.3,50.0,0.0,23.1,15.6,4.38,0.0,35.0,17.5,8.75,1.88,66.1,89.3,50.0,0.0,23.1,15.6,4.38,0.0,35.0,17.5,8.75,1.88,66.1,89.3,50.0,0.0,0.0,0.0,0.0,0.63,0.63,0.63,0.0,0.0,3.13,1.25,40.0,3.12,1.25,0.0,0.0,17.2,0.0,0.0,0.0,0.07,-0.25,-0.25,51.3,0.63,10.0,17.5,24.4,3.13,51.3,1.88,42.9,1.25,28.6,32.5,1.25,2.5,1.88,34.4,2.5,1.88,1.88,2.5,1.88,33.3,3.75,3.13,3.13,0.63,3.13,1.25,0.0,3.13,3.15,0.63,0.0,0.63,0.0,0.0,0.0,0.63,0.63,0.63,0.0,0.63,0.0,0.0,0.0,0.0,2.5,3.13,0.63,1.25,0.63,1.88,0.0,0.0,0.0,7.5,1.25,28.6,,,,,,,,,,,,,,,,,,,,,,,,,,,,
Hector Jiménez,us USA,MF,Austin,34,1988,2,1,51,0.6,0.0,0.0,0.0,0.0,0.0,0.0,0.0,0.0,0.0,0.0,0.17,0.17,1.67,1.67,5.0,0.0,0.0,0.0,0.0,0.0,0.0,0.2,0.2,0.0,0.2,Matches,2023,0.6,21.7,10.0,8.33,3.33,33.3,13.3,11.7,5.0,65.0,75.0,71.4,66.7,426.7,68.3,21.7,10.0,8.33,3.33,33.3,13.3,11.7,5.0,65.0,75.0,71.4,66.7,21.7,10.0,8.33,3.33,33.3,13.3,11.7,5.0,65.0,75.0,71.4,66.7,21.7,10.0,8.33,3.33,33.3,13.3,11.7,5.0,65.0,75.0,71.4,66.7,0.0,0.0,-0.17,3.33,3.33,0.0,0.0,0.0,0.0,0.0,,0.0,0.0,,,,0.0,0.0,0.0,,0.0,0.0,43.3,0.0,8.33,20.0,15.0,5.0,43.3,0.0,0.0,3.33,100.0,26.7,0.0,1.67,1.67,28.3,0.0,0.0,0.0,0.0,0.0,0.0,1.67,0.0,0.0,1.67,1.67,0.0,0.0,3.33,3.53,0.0,0.0,0.0,0.0,0.0,0.0,0.0,0.0,0.0,0.0,0.0,0.0,0.0,0.0,0.0,0.0,1.67,0.0,3.33,1.67,0.0,0.0,0.0,0.0,5.0,1.67,33.3,,,,,,,,,,,,,,,,,,,,,,,,,,,,
Jesús Jiménez,es ESP,"FW,MF",FC Dallas,29,1993,22,8,688,7.6,0.0,0.26,0.26,0.0,0.0,0.0,0.13,0.0,0.3,0.3,0.13,0.43,1.84,2.11,5.39,0.0,0.26,0.26,0.0,0.26,0.3,0.14,0.43,0.3,0.43,Matches,2023,7.6,19.5,12.1,5.66,0.66,24.3,13.8,7.63,1.32,80.0,87.6,74.1,50.0,276.4,49.9,19.5,12.1,5.66,0.66,24.3,13.8,7.63,1.32,80.0,87.6,74.1,50.0,19.5,12.1,5.66,0.66,24.3,13.8,7.63,1.32,80.0,87.6,74.1,50.0,19.5,12.1,5.66,0.66,24.3,13.8,7.63,1.32,80.0,87.6,74.1,50.0,0.26,0.09,0.13,0.92,1.32,0.66,0.13,0.0,2.24,0.92,41.2,2.22,0.92,0.0,0.0,11.2,0.0,0.0,0.0,0.13,-0.3,-0.3,35.8,0.79,3.03,19.5,13.8,5.39,35.8,1.18,39.1,1.58,52.2,16.4,1.05,2.76,0.92,24.2,1.05,0.53,0.53,1.05,0.53,57.1,0.39,0.92,0.92,0.26,1.32,0.13,0.13,1.71,1.69,0.0,0.0,0.0,0.0,0.0,0.0,0.26,0.26,0.0,0.0,0.0,0.0,0.0,0.0,0.0,1.05,0.66,0.39,0.53,0.26,0.53,0.0,0.0,0.0,3.42,0.92,26.9,,,,,,,,,,,,,,,,,,,,,,,,,,,,
Stiven Jimenez,us USA,FW,FC Cincinnati,15,2007,1,0,1,0.0,0.0,0.0,0.0,0.0,0.0,0.0,0.0,0.0,0.0,0.0,0.0,0.0,0.0,0.0,0.0,0.0,0.0,0.0,0.0,0.0,0.0,0.0,0.0,0.0,0.0,Matches,2023,0.0,0.0,0.0,0.0,0.0,0.0,0.0,0.0,0.0,,,,,0.0,0.0,0.0,0.0,0.0,0.0,0.0,0.0,0.0,0.0,,,,,0.0,0.0,0.0,0.0,0.0,0.0,0.0,0.0,,,,,0.0,0.0,0.0,0.0,0.0,0.0,0.0,0.0,,,,,0.0,0.0,0.0,0.0,0.0,0.0,0.0,0.0,0.0,0.0,,0.0,0.0,,,,0.0,0.0,0.0,,0.0,0.0,0.0,0.0,0.0,0.0,0.0,0.0,0.0,0.0,,0.0,,0.0,0.0,0.0,0.0,0.0,0.0,0.0,0.0,0.0,0.0,,0.0,0.0,0.0,0.0,0.0,0.0,0.0,0.0,0.0,0.0,0.0,0.0,0.0,0.0,0.0,0.0,0.0,0.0,0.0,0.0,0.0,0.0,0.0,0.0,0.0,0.0,0.0,0.0,0.0,0.0,0.0,0.0,0.0,0.0,0.0,0.0,,,,,,,,,,,,,,,,,,,,,,,,,,,,
Levonte Johnson,ca CAN,"FW,DF",Vancouver W'caps,23,1999,7,2,201,2.2,0.0,0.0,0.0,0.0,0.0,0.0,0.0,0.0,0.05,0.05,0.05,0.09,4.09,1.36,10.0,0.0,0.0,0.0,0.0,0.0,0.05,0.04,0.09,0.05,0.09,Matches,2023,2.2,20.0,10.9,8.18,0.91,29.1,12.7,11.4,2.27,68.8,85.7,72.0,40.0,313.6,99.1,20.0,10.9,8.18,0.91,29.1,12.7,11.4,2.27,68.8,85.7,72.0,40.0,20.0,10.9,8.18,0.91,29.1,12.7,11.4,2.27,68.8,85.7,72.0,40.0,20.0,10.9,8.18,0.91,29.1,12.7,11.4,2.27,68.8,85.7,72.0,40.0,0.0,0.05,-0.05,0.91,0.45,0.91,0.0,0.0,0.91,0.0,0.0,0.9,0.0,0.0,,14.1,0.0,0.0,0.0,0.06,-0.05,-0.05,37.3,1.36,8.18,8.18,21.8,5.0,37.3,2.73,66.7,0.45,11.1,22.7,3.18,1.36,0.45,26.8,1.82,0.0,1.36,1.82,0.0,0.0,1.36,0.91,0.91,0.45,2.27,0.91,0.0,3.18,3.13,0.45,0.0,0.45,0.45,0.0,0.0,0.45,0.45,0.45,0.0,0.45,0.45,0.0,0.0,0.0,0.0,1.36,0.0,3.18,0.45,1.36,0.0,0.0,0.0,5.45,0.91,40.0,,,,,,,,,,,,,,,,,,,,,,,,,,,,
Sean Johnson,us USA,GK,Toronto FC,33,1989,20,20,1800,20.0,0.0,0.0,0.0,0.0,0.0,0.0,0.05,0.0,0.0,0.0,0.01,0.01,0.0,0.0,0.0,0.0,0.0,0.0,0.0,0.0,0.0,0.01,0.01,0.0,0.01,Matches,2023,20.0,23.4,4.45,12.7,6.1,32.7,4.5,12.8,15.1,71.4,98.9,98.8,40.4,600.6,430.7,23.4,4.45,12.7,6.1,32.7,4.5,12.8,15.1,71.4,98.9,98.8,40.4,23.4,4.45,12.7,6.1,32.7,4.5,12.8,15.1,71.4,98.9,98.8,40.4,23.4,4.45,12.7,6.1,32.7,4.5,12.8,15.1,71.4,98.9,98.8,40.4,0.0,0.0,-0.01,0.15,0.3,0.05,0.0,0.0,0.0,0.0,,0.0,0.0,,,,0.0,0.0,0.0,,0.0,0.0,34.7,30.4,34.5,0.15,0.0,0.0,34.7,0.0,,0.0,,16.5,0.0,0.05,0.0,13.2,0.0,0.0,0.0,0.0,0.0,,0.0,0.05,0.05,0.0,0.0,0.4,0.1,0.15,0.15,0.0,0.0,0.0,0.0,0.0,0.0,0.0,0.0,0.0,0.0,0.0,0.0,0.0,0.0,0.0,0.0,0.1,0.0,0.0,0.0,0.0,0.0,0.0,0.0,0.9,0.2,100.0,1.2,0.0,0.15,0.05,1.01,0.27,-0.14,-0.14,24.4,4.55,30.9,43.3,32.3,38.1,11.6,30.9,43.3,32.3,38.1,11.6,15.1,0.75,5.0,0.5,0.5,32.3,38.1,11.6
DeJuan Jones,us USA,DF,NE Revolution,25,1997,25,24,2165,24.1,0.04,0.21,0.25,0.04,0.0,0.0,0.12,0.0,0.07,0.07,0.1,0.17,3.53,4.27,5.44,0.04,0.21,0.25,0.04,0.25,0.07,0.1,0.17,0.07,0.17,Matches,2023,24.1,50.4,25.7,20.6,3.15,61.2,28.6,23.9,5.64,82.2,89.8,86.1,55.9,813.1,296.4,50.4,25.7,20.6,3.15,61.2,28.6,23.9,5.64,82.2,89.8,86.1,55.9,50.4,25.7,20.6,3.15,61.2,28.6,23.9,5.64,82.2,89.8,86.1,55.9,50.4,25.7,20.6,3.15,61.2,28.6,23.9,5.64,82.2,89.8,86.1,55.9,0.21,0.14,0.11,0.95,3.11,0.91,0.5,0.04,0.41,0.29,70.0,0.42,0.29,0.1,0.14,12.2,0.0,0.0,0.0,0.18,-0.03,-0.03,73.1,3.65,22.7,33.2,18.0,1.87,73.1,1.45,50.0,1.16,40.0,41.7,0.79,1.08,1.2,43.4,1.66,0.83,0.95,1.66,0.83,43.5,1.08,1.66,1.2,1.29,2.95,2.61,0.0,2.61,2.62,0.25,0.0,0.04,0.0,0.08,0.04,0.33,0.33,0.25,0.0,0.04,0.0,0.08,0.04,0.0,0.91,0.95,0.04,2.32,1.29,0.95,0.0,0.0,0.0,6.85,0.46,44.0,,,,,,,,,,,,,,,,,,,,,,,,,,,,
Derrick Jones,us USA,"MF,DF",Charlotte,25,1997,28,20,1847,20.5,0.0,0.0,0.0,0.0,0.0,0.0,0.54,0.0,0.09,0.09,0.0,0.1,0.73,2.63,1.37,0.0,0.0,0.0,0.0,0.0,0.09,0.0,0.1,0.09,0.1,Matches,2023,20.5,32.9,15.9,14.6,1.41,37.6,17.7,15.6,2.15,87.5,89.8,94.0,65.9,527.0,130.1,32.9,15.9,14.6,1.41,37.6,17.7,15.6,2.15,87.5,89.8,94.0,65.9,32.9,15.9,14.6,1.41,37.6,17.7,15.6,2.15,87.5,89.8,94.0,65.9,32.9,15.9,14.6,1.41,37.6,17.7,15.6,2.15,87.5,89.8,94.0,65.9,0.0,0.02,-0.0,0.05,2.83,0.15,0.0,0.0,0.83,0.2,23.5,0.83,0.19,0.0,0.0,13.7,0.0,0.0,0.0,0.11,-0.09,-0.09,47.2,3.32,14.5,26.6,6.44,1.41,47.2,1.12,54.8,0.63,31.0,25.3,0.1,0.83,0.54,29.7,1.61,0.59,1.17,1.61,0.59,41.4,0.83,0.88,0.54,1.32,2.93,1.51,0.0,0.39,0.39,0.05,0.0,0.0,0.0,0.0,0.0,0.05,0.05,0.05,0.0,0.0,0.0,0.0,0.0,0.0,1.32,1.51,0.05,0.1,1.32,1.17,0.0,0.05,0.0,7.02,1.27,54.2,,,,,,,,,,,,,,,,,,,,,,,,,,,,
Juan José Sánchez,mx MEX,DF,Atlanta Utd,25,1998,28,24,2133,23.7,0.04,0.0,0.04,0.04,0.0,0.0,0.17,0.0,0.05,0.05,0.01,0.06,0.08,2.11,0.04,0.04,0.0,0.04,0.04,0.04,0.06,0.01,0.06,0.06,0.06,Matches,2023,23.7,53.0,15.7,30.3,6.62,59.4,16.7,32.4,9.16,89.1,93.7,93.2,72.4,1075.2,399.7,53.0,15.7,30.3,6.62,59.4,16.7,32.4,9.16,89.1,93.7,93.2,72.4,53.0,15.7,30.3,6.62,59.4,16.7,32.4,9.16,89.1,93.7,93.2,72.4,53.0,15.7,30.3,6.62,59.4,16.7,32.4,9.16,89.1,93.7,93.2,72.4,0.0,0.01,-0.01,0.21,1.9,0.08,0.0,0.04,0.84,0.17,20.0,0.84,0.17,0.05,0.25,14.4,0.0,0.0,0.0,0.07,-0.01,-0.01,69.7,10.8,40.6,27.8,1.69,1.18,69.7,0.08,66.7,0.04,33.3,42.7,0.04,0.3,0.04,46.8,1.39,0.68,0.59,1.39,0.68,64.0,0.38,1.01,0.3,1.56,2.95,4.14,0.0,0.72,0.72,0.0,0.0,0.0,0.0,0.0,0.0,0.08,0.08,0.0,0.0,0.0,0.0,0.0,0.0,0.0,1.35,0.42,0.21,0.0,1.56,0.59,0.0,0.04,0.04,5.11,2.57,60.4,,,,,,,,,,,,,,,,,,,,,,,,,,,,
Dejan Joveljić,rs SRB,FW,LA Galaxy,23,1999,32,19,1625,18.1,0.33,0.17,0.5,0.28,0.06,0.06,0.17,0.0,0.48,0.44,0.13,0.57,1.38,1.88,6.57,0.33,0.17,0.5,0.28,0.44,0.48,0.13,0.62,0.44,0.57,Matches,2023,18.1,17.9,10.5,4.86,0.66,23.1,13.0,5.97,0.83,77.5,80.9,81.5,80.0,238.0,34.6,17.9,10.5,4.86,0.66,23.1,13.0,5.97,0.83,77.5,80.9,81.5,80.0,17.9,10.5,4.86,0.66,23.1,13.0,5.97,0.83,77.5,80.9,81.5,80.0,17.9,10.5,4.86,0.66,23.1,13.0,5.97,0.83,77.5,80.9,81.5,80.0,0.17,0.12,0.03,1.38,0.77,0.55,0.06,0.33,2.65,1.22,45.8,2.66,1.22,0.1,0.23,11.7,0.0,0.06,0.06,0.17,-0.15,-0.16,31.5,0.72,1.55,14.0,16.2,5.58,31.5,0.77,48.3,0.66,41.4,16.9,0.66,2.15,1.33,23.8,0.44,0.06,0.33,0.44,0.06,8.3,0.61,0.5,0.33,0.17,0.61,0.28,0.0,2.93,2.93,0.22,0.0,0.17,0.0,0.06,0.06,0.44,0.44,0.22,0.0,0.17,0.0,0.06,0.06,0.0,1.16,1.1,0.44,0.28,0.17,0.33,0.0,0.0,0.0,2.04,1.55,45.9,,,,,,,,,,,,,,,,,,,,,,,,,,,,
Kamil Jóźwiak,pl POL,"FW,MF",Charlotte,24,1998,25,15,1378,15.3,0.13,0.33,0.46,0.13,0.0,0.0,0.33,0.0,0.1,0.1,0.17,0.27,3.4,3.33,7.45,0.13,0.33,0.46,0.13,0.46,0.1,0.17,0.26,0.1,0.26,Matches,2023,15.3,28.2,17.1,8.89,0.92,37.7,20.3,11.6,2.22,74.7,84.2,76.4,41.2,399.0,103.1,28.2,17.1,8.89,0.92,37.7,20.3,11.6,2.22,74.7,84.2,76.4,41.2,28.2,17.1,8.89,0.92,37.7,20.3,11.6,2.22,74.7,84.2,76.4,41.2,28.2,17.1,8.89,0.92,37.7,20.3,11.6,2.22,74.7,84.2,76.4,41.2,0.33,0.16,0.16,1.57,1.57,1.37,0.46,0.13,0.78,0.26,33.3,0.78,0.26,0.17,0.5,12.6,0.0,0.0,0.0,0.12,0.03,0.03,48.4,1.18,6.08,22.1,21.0,3.14,48.4,1.76,52.9,1.37,41.2,27.2,1.24,1.5,0.92,34.1,2.48,1.31,1.63,2.48,1.31,37.7,2.16,1.5,1.44,0.52,3.01,0.98,0.0,3.27,3.26,0.33,0.0,0.33,0.13,0.07,0.0,0.65,0.65,0.33,0.0,0.33,0.13,0.07,0.0,0.0,2.09,1.18,0.13,2.75,0.52,1.63,0.13,0.0,0.0,4.9,1.31,46.5,,,,,,,,,,,,,,,,,,,,,,,,,,,,
Preston Judd,us USA,FW,LA Galaxy,23,1999,17,6,643,7.1,0.42,0.14,0.56,0.42,0.0,0.0,0.28,0.0,0.56,0.56,0.14,0.7,2.54,0.56,7.46,0.42,0.14,0.56,0.42,0.56,0.56,0.14,0.7,0.56,0.7,Matches,2023,7.1,7.75,3.8,2.54,0.7,11.4,5.49,3.38,0.85,67.9,69.2,75.0,83.3,109.4,16.6,7.75,3.8,2.54,0.7,11.4,5.49,3.38,0.85,67.9,69.2,75.0,83.3,7.75,3.8,2.54,0.7,11.4,5.49,3.38,0.85,67.9,69.2,75.0,83.3,7.75,3.8,2.54,0.7,11.4,5.49,3.38,0.85,67.9,69.2,75.0,83.3,0.14,0.07,0.0,1.13,0.14,0.56,0.0,0.42,4.23,1.41,33.3,4.2,1.4,0.1,0.3,14.4,0.0,0.0,0.0,0.13,-0.14,-0.14,22.4,1.41,2.11,6.9,13.4,6.48,22.4,0.99,46.7,0.85,40.0,14.5,1.55,2.39,0.7,17.0,0.28,0.14,0.14,0.28,0.14,25.0,0.42,0.42,0.28,0.14,0.42,0.7,0.0,2.68,2.66,0.56,0.0,0.28,0.14,0.0,0.0,0.42,0.42,0.56,0.0,0.28,0.14,0.0,0.0,0.0,1.55,1.55,0.14,0.14,0.14,0.14,0.0,0.0,0.0,1.13,1.13,57.1,,,,,,,,,,,,,,,,,,,,,,,,,,,,
Judson,br BRA,MF,SJ Earthquakes,29,1993,16,4,467,5.2,0.0,0.0,0.0,0.0,0.0,0.0,1.15,0.19,0.0,0.0,0.0,0.02,0.38,2.5,0.58,0.0,0.0,0.0,0.0,0.0,0.01,0.0,0.01,0.01,0.01,Matches,2023,5.2,37.9,16.9,15.4,4.62,43.5,17.7,16.9,7.31,87.2,95.7,90.9,63.2,678.3,141.0,37.9,16.9,15.4,4.62,43.5,17.7,16.9,7.31,87.2,95.7,90.9,63.2,37.9,16.9,15.4,4.62,43.5,17.7,16.9,7.31,87.2,95.7,90.9,63.2,37.9,16.9,15.4,4.62,43.5,17.7,16.9,7.31,87.2,95.7,90.9,63.2,0.0,0.02,0.0,0.19,2.12,0.19,0.0,0.0,0.19,0.0,0.0,0.19,0.0,0.0,,25.5,0.0,0.0,0.0,0.05,0.0,0.0,55.6,3.27,16.3,35.2,4.23,0.0,55.6,0.96,83.3,0.19,16.7,28.3,0.0,0.77,0.19,32.9,4.04,1.73,3.08,4.04,1.73,36.0,3.08,1.15,0.77,2.12,6.15,1.15,0.0,0.96,0.96,0.0,0.0,0.19,0.0,0.0,0.0,0.19,0.19,0.0,0.0,0.19,0.0,0.0,0.0,0.19,2.31,0.77,0.0,0.0,2.12,3.08,0.0,0.0,0.0,5.77,0.58,42.9,,,,,,,,,,,,,,,,,,,,,,,,,,,,
Anderson Julio,ec ECU,FW,Real Salt Lake,26,1996,28,12,1155,12.8,0.39,0.0,0.39,0.39,0.0,0.0,0.23,0.0,0.44,0.44,0.09,0.53,2.5,0.94,6.33,0.39,0.0,0.39,0.39,0.39,0.44,0.09,0.53,0.44,0.53,Matches,2023,12.8,10.1,5.16,3.36,1.17,13.8,6.41,4.06,1.64,73.3,80.5,82.7,71.4,173.0,20.7,10.1,5.16,3.36,1.17,13.8,6.41,4.06,1.64,73.3,80.5,82.7,71.4,10.1,5.16,3.36,1.17,13.8,6.41,4.06,1.64,73.3,80.5,82.7,71.4,10.1,5.16,3.36,1.17,13.8,6.41,4.06,1.64,73.3,80.5,82.7,71.4,0.0,0.09,-0.09,1.17,0.7,0.23,0.08,0.39,2.89,1.64,56.8,2.88,1.64,0.14,0.24,16.6,0.0,0.0,0.0,0.15,-0.05,-0.05,24.8,0.94,2.19,8.44,14.7,5.7,24.8,1.41,42.9,1.56,47.6,15.2,1.72,2.34,1.25,16.1,0.63,0.23,0.47,0.63,0.23,23.1,0.78,1.02,0.94,0.16,0.78,0.78,0.0,2.5,2.5,0.55,0.08,0.08,0.0,0.23,0.08,0.16,0.16,0.55,0.08,0.08,0.0,0.23,0.08,0.0,1.17,0.39,2.11,0.47,0.16,0.47,0.0,0.0,0.0,2.81,1.33,37.0,,,,,,,,,,,,,,,,,,,,,,,,,,,,
Juninho,br BRA,MF,Orlando City,22,2001,1,0,1,0.0,0.0,0.0,0.0,0.0,0.0,0.0,0.0,0.0,0.0,0.0,0.0,0.0,0.0,0.0,0.0,0.0,0.0,0.0,0.0,0.0,2.33,0.0,2.33,2.33,2.33,Matches,2023,0.0,3.0,3.0,0.0,0.0,5.0,3.0,1.0,1.0,60.0,100.0,0.0,0.0,28.0,2.0,3.0,3.0,0.0,0.0,5.0,3.0,1.0,1.0,60.0,100.0,0.0,0.0,3.0,3.0,0.0,0.0,5.0,3.0,1.0,1.0,60.0,100.0,0.0,0.0,3.0,3.0,0.0,0.0,5.0,3.0,1.0,1.0,60.0,100.0,0.0,0.0,0.0,0.0,0.0,0.0,0.0,0.0,0.0,0.0,1.0,0.0,0.0,90.0,0.0,0.0,,27.0,0.0,0.0,0.0,0.03,0.0,0.0,6.0,0.0,0.0,5.0,1.0,0.0,6.0,0.0,,0.0,,4.0,0.0,0.0,0.0,3.0,0.0,0.0,0.0,0.0,0.0,,0.0,0.0,0.0,0.0,0.0,0.0,0.0,0.0,0.0,0.0,0.0,0.0,0.0,0.0,0.0,0.0,0.0,0.0,0.0,0.0,0.0,0.0,0.0,0.0,0.0,1.0,0.0,0.0,0.0,0.0,0.0,0.0,0.0,1.0,0.0,,,,,,,,,,,,,,,,,,,,,,,,,,,,,
Sam Junqua,us USA,"DF,MF",FC Dallas,26,1996,22,9,1022,11.4,0.18,0.0,0.18,0.18,0.0,0.0,0.0,0.0,0.05,0.05,0.06,0.11,1.49,3.25,5.53,0.18,0.0,0.18,0.18,0.18,0.05,0.06,0.12,0.05,0.12,Matches,2023,11.4,34.6,20.2,12.3,1.49,45.4,23.6,15.9,3.42,76.2,85.5,77.3,43.6,507.8,189.6,34.6,20.2,12.3,1.49,45.4,23.6,15.9,3.42,76.2,85.5,77.3,43.6,34.6,20.2,12.3,1.49,45.4,23.6,15.9,3.42,76.2,85.5,77.3,43.6,34.6,20.2,12.3,1.49,45.4,23.6,15.9,3.42,76.2,85.5,77.3,43.6,0.0,0.07,-0.06,0.61,2.28,0.35,0.09,0.18,0.79,0.26,33.3,0.79,0.26,0.22,0.67,18.1,0.0,0.0,0.0,0.07,0.12,0.12,56.3,2.63,18.2,23.5,14.8,2.19,56.3,0.88,62.5,0.53,37.5,27.7,0.53,1.4,0.88,35.1,1.49,0.96,1.05,1.49,0.96,55.0,0.79,1.75,1.4,0.96,2.46,2.02,0.0,1.05,1.06,0.09,0.0,0.0,0.0,0.0,0.0,0.09,0.09,0.09,0.0,0.0,0.0,0.0,0.0,0.0,1.67,0.61,0.09,1.75,0.96,1.05,0.0,0.09,0.09,3.77,2.37,52.9,,,,,,,,,,,,,,,,,,,,,,,,,,,,
Kristijan Kahlina,hr CRO,GK,Charlotte,30,1992,24,24,2160,24.0,0.0,0.04,0.04,0.0,0.0,0.0,0.08,0.0,0.0,0.0,0.01,0.01,0.0,0.0,0.0,0.0,0.04,0.04,0.0,0.04,0.0,0.01,0.01,0.0,0.01,Matches,2023,24.0,29.0,7.0,13.5,8.38,40.8,7.08,13.8,19.9,70.9,98.8,98.2,42.1,768.4,561.1,29.0,7.0,13.5,8.38,40.8,7.08,13.8,19.9,70.9,98.8,98.2,42.1,29.0,7.0,13.5,8.38,40.8,7.08,13.8,19.9,70.9,98.8,98.2,42.1,29.0,7.0,13.5,8.38,40.8,7.08,13.8,19.9,70.9,98.8,98.2,42.1,0.04,0.0,0.03,0.04,0.88,0.04,0.0,0.0,0.0,0.0,,0.0,0.0,,,,0.0,0.0,0.0,,0.0,0.0,43.4,33.8,43.2,0.21,0.0,0.0,43.4,0.0,,0.0,,26.2,0.0,0.0,0.0,23.0,0.08,0.08,0.04,0.08,0.08,50.0,0.08,0.0,0.0,0.0,0.08,0.67,0.04,0.04,0.04,0.0,0.0,0.0,0.0,0.0,0.0,0.04,0.04,0.0,0.0,0.0,0.0,0.0,0.0,0.0,0.0,0.08,0.0,0.0,0.0,0.04,0.0,0.0,0.04,1.75,0.13,100.0,1.38,0.21,0.13,0.04,1.52,0.3,0.19,0.19,34.2,3.71,38.4,39.6,35.3,36.3,16.2,38.4,39.6,35.3,36.3,16.2,12.0,0.63,5.2,1.67,1.67,35.3,36.3,16.2
Brent Kallman,us USA,"DF,FW",Minnesota Utd,32,1990,7,2,199,2.2,0.0,0.0,0.0,0.0,0.0,0.0,0.0,0.0,0.0,0.0,0.0,0.0,0.0,1.82,0.0,0.0,0.0,0.0,0.0,0.0,0.0,0.0,0.0,0.0,0.0,Matches,2023,2.2,37.7,9.09,23.2,5.45,44.5,10.0,26.8,7.27,84.7,90.9,86.4,75.0,801.4,381.4,37.7,9.09,23.2,5.45,44.5,10.0,26.8,7.27,84.7,90.9,86.4,75.0,37.7,9.09,23.2,5.45,44.5,10.0,26.8,7.27,84.7,90.9,86.4,75.0,37.7,9.09,23.2,5.45,44.5,10.0,26.8,7.27,84.7,90.9,86.4,75.0,0.0,0.0,0.0,0.0,0.91,0.0,0.0,0.0,0.0,0.0,,0.0,0.0,,,,0.0,0.0,0.0,,0.0,0.0,54.5,10.5,37.7,16.8,0.0,0.0,54.5,0.0,,0.0,,35.9,0.0,0.45,0.0,36.8,1.36,0.91,0.91,1.36,0.91,33.3,1.82,1.82,1.36,0.0,1.36,5.0,0.0,0.0,0.0,0.0,0.0,0.0,0.0,0.0,0.0,0.0,0.0,0.0,0.0,0.0,0.0,0.0,0.0,0.0,0.45,1.36,0.0,0.0,0.0,0.91,0.0,0.0,0.0,2.73,3.64,88.9,,,,,,,,,,,,,,,,,,,,,,,,,,,,
Kei Kamara,sl SLE,FW,Chicago Fire,38,1984,27,15,1520,16.9,0.3,0.06,0.36,0.3,0.0,0.0,0.18,0.06,0.27,0.27,0.05,0.33,1.66,1.66,6.15,0.3,0.06,0.36,0.3,0.36,0.27,0.05,0.32,0.27,0.32,Matches,2023,16.9,17.8,10.7,5.21,1.07,25.3,13.9,7.28,1.66,70.3,76.6,71.5,64.3,257.8,41.3,17.8,10.7,5.21,1.07,25.3,13.9,7.28,1.66,70.3,76.6,71.5,64.3,17.8,10.7,5.21,1.07,25.3,13.9,7.28,1.66,70.3,76.6,71.5,64.3,17.8,10.7,5.21,1.07,25.3,13.9,7.28,1.66,70.3,76.6,71.5,64.3,0.06,0.06,0.01,0.59,1.12,0.47,0.3,0.3,3.08,1.3,42.3,3.08,1.3,0.1,0.23,13.5,0.0,0.0,0.0,0.09,0.02,0.02,36.4,2.13,3.2,18.3,15.4,5.03,36.4,0.95,55.2,0.71,41.4,19.5,0.53,1.89,1.95,28.1,0.36,0.12,0.06,0.36,0.12,22.2,0.41,0.83,0.59,0.24,0.59,1.72,0.0,1.6,1.6,0.0,0.0,0.06,0.0,0.0,0.0,0.06,0.06,0.0,0.0,0.06,0.0,0.0,0.0,0.06,0.95,0.95,0.47,1.24,0.24,0.06,0.0,0.0,0.0,2.07,4.79,61.8,,,,,,,,,,,,,,,,,,,,,,,,,,,,
Bernard Kamungo,us USA,"FW,MF",FC Dallas,21,2002,16,6,500,5.6,1.07,0.0,1.07,1.07,0.0,0.0,0.0,0.0,0.68,0.68,0.09,0.77,3.93,1.79,7.32,1.08,0.0,1.08,1.08,1.08,0.69,0.08,0.77,0.69,0.77,Matches,2023,5.6,15.0,8.57,4.82,1.07,20.9,10.5,6.96,1.79,71.8,81.4,69.2,60.0,240.0,43.4,15.0,8.57,4.82,1.07,20.9,10.5,6.96,1.79,71.8,81.4,69.2,60.0,15.0,8.57,4.82,1.07,20.9,10.5,6.96,1.79,71.8,81.4,69.2,60.0,15.0,8.57,4.82,1.07,20.9,10.5,6.96,1.79,71.8,81.4,69.2,60.0,0.0,0.11,-0.09,0.71,0.54,0.89,0.0,1.07,3.57,1.43,40.0,3.6,1.44,0.3,0.75,18.7,0.0,0.0,0.0,0.19,0.39,0.39,32.9,0.89,5.54,11.6,16.3,4.29,32.9,0.89,38.5,1.25,53.8,21.8,1.96,1.79,1.43,21.4,1.96,0.71,0.89,1.96,0.71,44.4,0.89,0.54,0.54,0.54,2.5,0.89,0.0,3.04,3.06,0.89,0.0,0.18,0.0,0.18,0.0,0.18,0.18,0.89,0.0,0.18,0.0,0.18,0.0,0.0,1.79,1.43,0.0,0.54,0.54,0.89,0.0,0.0,0.0,4.46,1.07,30.0,,,,,,,,,,,,,,,,,,,,,,,,,,,,
Alec Kann,us USA,GK,FC Cincinnati,32,1990,1,1,90,1.0,0.0,0.0,0.0,0.0,0.0,0.0,0.0,0.0,0.0,0.0,0.0,0.0,0.0,0.0,0.0,0.0,0.0,0.0,0.0,0.0,0.0,0.0,0.0,0.0,0.0,Matches,2023,1.0,28.0,7.0,15.0,5.0,30.0,7.0,15.0,7.0,93.3,100.0,100.0,71.4,613.0,444.0,28.0,7.0,15.0,5.0,30.0,7.0,15.0,7.0,93.3,100.0,100.0,71.4,28.0,7.0,15.0,5.0,30.0,7.0,15.0,7.0,93.3,100.0,100.0,71.4,28.0,7.0,15.0,5.0,30.0,7.0,15.0,7.0,93.3,100.0,100.0,71.4,0.0,0.0,0.0,0.0,0.0,0.0,0.0,0.0,0.0,0.0,,0.0,0.0,,,,0.0,0.0,0.0,,0.0,0.0,31.0,27.0,31.0,0.0,0.0,0.0,31.0,0.0,,0.0,,14.0,0.0,0.0,0.0,10.0,0.0,0.0,0.0,0.0,0.0,,0.0,0.0,0.0,0.0,0.0,0.0,0.0,0.0,0.0,0.0,0.0,0.0,0.0,0.0,0.0,0.0,0.0,0.0,0.0,0.0,0.0,0.0,0.0,0.0,0.0,0.0,0.0,0.0,0.0,0.0,0.0,0.0,0.0,2.0,0.0,,2.0,0.0,0.0,0.0,0.7,0.14,-1.3,-1.3,21.0,8.0,9.5,0.0,25.9,21.7,22.7,9.5,0.0,25.9,21.7,22.7,12.0,0.0,0.0,2.0,2.0,25.9,21.7,22.7
Ercan Kara,at AUT,FW,Orlando City,27,1996,15,11,847,9.4,0.53,0.11,0.64,0.53,0.0,0.0,0.11,0.0,0.3,0.3,0.11,0.41,0.85,0.74,3.83,0.53,0.11,0.64,0.53,0.64,0.3,0.11,0.41,0.3,0.41,Matches,2023,9.4,8.62,5.74,2.02,0.11,14.0,9.26,2.77,0.21,61.4,62.1,73.1,50.0,104.4,13.8,8.62,5.74,2.02,0.11,14.0,9.26,2.77,0.21,61.4,62.1,73.1,50.0,8.62,5.74,2.02,0.11,14.0,9.26,2.77,0.21,61.4,62.1,73.1,50.0,8.62,5.74,2.02,0.11,14.0,9.26,2.77,0.21,61.4,62.1,73.1,50.0,0.11,0.06,0.0,0.85,0.43,0.21,0.0,0.53,2.45,1.06,43.5,2.44,1.06,0.22,0.5,12.3,0.11,0.0,0.0,0.12,0.23,0.23,23.7,1.49,2.02,12.7,9.26,4.57,23.7,0.32,25.0,0.74,58.3,11.3,0.11,2.45,0.64,17.2,0.32,0.11,0.21,0.32,0.11,12.5,0.74,0.32,0.11,0.21,0.53,1.06,0.0,1.6,1.59,0.0,0.0,0.21,0.11,0.0,0.0,0.43,0.43,0.0,0.0,0.21,0.11,0.0,0.0,0.0,2.02,1.38,0.96,0.0,0.21,0.21,0.0,0.0,0.0,1.38,2.77,46.4,,,,,,,,,,,,,,,,,,,,,,,,,,,,
Ibrahim Kasule,ug UGA,MF,NY Red Bulls,18,2004,1,0,27,0.3,0.0,0.0,0.0,0.0,0.0,0.0,0.0,0.0,0.0,0.0,0.0,0.0,0.0,0.0,3.33,0.0,0.0,0.0,0.0,0.0,0.0,0.0,0.0,0.0,0.0,Matches,2023,0.3,10.0,3.33,3.33,0.0,20.0,6.67,3.33,3.33,50.0,50.0,100.0,0.0,90.0,13.3,10.0,3.33,3.33,0.0,20.0,6.67,3.33,3.33,50.0,50.0,100.0,0.0,10.0,3.33,3.33,0.0,20.0,6.67,3.33,3.33,50.0,50.0,100.0,0.0,10.0,3.33,3.33,0.0,20.0,6.67,3.33,3.33,50.0,50.0,100.0,0.0,0.0,0.0,0.0,0.0,0.0,0.0,0.0,0.0,0.0,0.0,,0.0,0.0,,,,0.0,0.0,0.0,,0.0,0.0,43.3,6.67,6.67,26.7,10.0,3.33,43.3,0.0,,0.0,,33.3,0.0,10.0,6.67,36.7,0.0,0.0,0.0,0.0,0.0,0.0,3.33,6.67,3.33,0.0,0.0,3.33,0.0,3.33,3.33,0.0,0.0,3.33,0.0,0.0,0.0,0.0,0.0,0.0,0.0,3.33,0.0,0.0,0.0,0.0,0.0,3.33,0.0,0.0,0.0,0.0,0.0,0.0,0.0,3.33,0.0,0.0,,,,,,,,,,,,,,,,,,,,,,,,,,,,
Mark-Anthony Kaye,ca CAN,MF,Toronto FC,28,1994,21,21,1840,20.4,0.1,0.0,0.1,0.1,0.0,0.0,0.2,0.0,0.06,0.06,0.03,0.09,0.74,5.34,1.42,0.1,0.0,0.1,0.1,0.1,0.06,0.03,0.09,0.06,0.09,Matches,2023,20.4,50.5,25.8,20.0,3.24,59.2,28.3,22.9,5.0,85.3,91.0,87.6,64.7,809.1,252.4,50.5,25.8,20.0,3.24,59.2,28.3,22.9,5.0,85.3,91.0,87.6,64.7,50.5,25.8,20.0,3.24,59.2,28.3,22.9,5.0,85.3,91.0,87.6,64.7,50.5,25.8,20.0,3.24,59.2,28.3,22.9,5.0,85.3,91.0,87.6,64.7,0.0,0.05,-0.03,0.69,5.25,0.39,0.05,0.1,0.49,0.25,50.0,0.49,0.24,0.2,0.4,13.8,0.0,0.0,0.0,0.12,0.04,0.04,71.1,3.09,20.2,41.5,10.2,0.64,71.1,0.69,42.4,0.74,45.5,41.9,0.15,1.72,1.27,49.5,3.24,1.76,2.65,3.24,1.76,53.7,1.52,1.03,0.74,1.37,4.61,1.62,0.05,1.67,1.66,0.15,0.0,0.05,0.0,0.05,0.0,0.05,0.05,0.15,0.0,0.05,0.0,0.05,0.0,0.0,1.62,1.42,0.05,0.25,1.37,2.65,0.0,0.0,0.0,7.99,1.32,65.9,,,,,,,,,,,,,,,,,,,,,,,,,,,,
Mark-Anthony Kaye,ca CAN,MF,NE Revolution,28,1994,10,10,780,8.7,0.0,0.34,0.34,0.0,0.0,0.0,0.11,0.0,0.01,0.01,0.05,0.06,0.57,5.52,1.38,0.0,0.35,0.35,0.0,0.35,0.01,0.04,0.06,0.01,0.06,Matches,2023,8.7,45.7,20.1,20.6,3.91,53.4,23.1,22.8,5.06,85.6,87.1,90.4,77.3,785.6,255.6,45.7,20.1,20.6,3.91,53.4,23.1,22.8,5.06,85.6,87.1,90.4,77.3,45.7,20.1,20.6,3.91,53.4,23.1,22.8,5.06,85.6,87.1,90.4,77.3,45.7,20.1,20.6,3.91,53.4,23.1,22.8,5.06,85.6,87.1,90.4,77.3,0.34,0.05,0.3,0.57,5.63,0.46,0.0,0.0,0.34,0.0,0.0,0.35,0.0,0.0,,16.0,0.0,0.0,0.0,0.04,-0.01,-0.01,64.8,4.14,18.5,39.2,8.05,0.69,64.8,0.23,33.3,0.34,50.0,36.4,0.11,1.49,0.92,40.1,3.45,1.26,1.84,3.45,1.26,37.9,2.07,1.49,1.26,1.26,4.71,2.07,0.0,2.07,2.08,0.0,0.0,0.11,0.0,0.0,0.0,0.34,0.35,0.0,0.0,0.11,0.0,0.0,0.0,0.0,1.26,1.03,0.23,0.0,1.26,1.84,0.0,0.0,0.0,7.93,1.15,66.7,,,,,,,,,,,,,,,,,,,,,,,,,,,,
Axel Kei,us USA,FW,Real Salt Lake,15,2007,1,0,7,0.1,0.0,0.0,0.0,0.0,0.0,0.0,0.0,0.0,3.0,3.0,0.0,3.0,0.0,0.0,10.0,0.0,0.0,0.0,0.0,0.0,3.32,0.0,3.32,3.32,3.32,Matches,2023,0.1,0.0,0.0,0.0,0.0,0.0,0.0,0.0,0.0,,,,,0.0,0.0,0.0,0.0,0.0,0.0,0.0,0.0,0.0,0.0,,,,,0.0,0.0,0.0,0.0,0.0,0.0,0.0,0.0,,,,,0.0,0.0,0.0,0.0,0.0,0.0,0.0,0.0,,,,,0.0,0.0,0.0,0.0,0.0,0.0,0.0,0.0,30.0,10.0,33.3,38.57,12.86,0.0,0.0,17.4,0.0,0.0,0.0,0.09,-3.0,-3.0,30.0,0.0,0.0,0.0,30.0,20.0,30.0,0.0,,0.0,,10.0,0.0,0.0,0.0,10.0,0.0,0.0,0.0,0.0,0.0,,0.0,0.0,0.0,0.0,0.0,0.0,0.0,10.0,12.86,0.0,0.0,0.0,0.0,0.0,0.0,0.0,0.0,0.0,0.0,0.0,0.0,0.0,0.0,0.0,0.0,0.0,10.0,0.0,0.0,0.0,0.0,0.0,0.0,0.0,0.0,0.0,,,,,,,,,,,,,,,,,,,,,,,,,,,,
Kipp Keller,us USA,DF,Austin,22,2000,7,3,439,4.9,0.0,0.0,0.0,0.0,0.0,0.0,0.0,0.0,0.06,0.06,0.0,0.06,0.41,1.84,0.0,0.0,0.0,0.0,0.0,0.0,0.07,0.0,0.07,0.07,0.07,Matches,2023,4.9,51.6,14.7,32.7,3.88,57.1,16.3,33.9,6.53,90.4,90.0,96.4,59.4,1005.7,292.7,51.6,14.7,32.7,3.88,57.1,16.3,33.9,6.53,90.4,90.0,96.4,59.4,51.6,14.7,32.7,3.88,57.1,16.3,33.9,6.53,90.4,90.0,96.4,59.4,51.6,14.7,32.7,3.88,57.1,16.3,33.9,6.53,90.4,90.0,96.4,59.4,0.0,0.02,0.0,0.0,2.45,0.0,0.0,0.0,0.82,0.0,0.0,0.82,0.0,0.0,,10.0,0.0,0.0,0.0,0.09,-0.06,-0.06,65.1,5.71,39.2,24.9,1.63,1.22,65.1,0.2,100.0,0.0,0.0,42.0,0.0,1.22,0.0,51.0,0.2,0.0,0.2,0.2,0.0,0.0,0.61,0.82,0.2,0.0,0.2,3.88,0.2,0.41,0.41,0.0,0.0,0.0,0.0,0.0,0.0,0.2,0.21,0.0,0.0,0.0,0.0,0.0,0.0,0.0,0.0,0.61,0.0,0.0,0.0,0.2,0.0,0.0,0.0,3.47,1.63,53.3,,,,,,,,,,,,,,,,,,,,,,,,,,,,
Deandre Kerr,ca CAN,"FW,MF",Toronto FC,20,2002,23,16,1214,13.5,0.37,0.07,0.44,0.37,0.0,0.0,0.0,0.0,0.3,0.3,0.16,0.46,1.41,0.81,5.93,0.37,0.07,0.44,0.37,0.44,0.3,0.16,0.46,0.3,0.46,Matches,2023,13.5,13.0,8.52,3.85,0.37,17.1,10.1,5.11,0.67,76.2,84.6,75.4,55.6,177.1,25.1,13.0,8.52,3.85,0.37,17.1,10.1,5.11,0.67,76.2,84.6,75.4,55.6,13.0,8.52,3.85,0.37,17.1,10.1,5.11,0.67,76.2,84.6,75.4,55.6,13.0,8.52,3.85,0.37,17.1,10.1,5.11,0.67,76.2,84.6,75.4,55.6,0.07,0.08,-0.08,0.81,0.67,0.3,0.0,0.37,1.56,0.81,52.4,1.56,0.82,0.24,0.45,13.7,0.0,0.0,0.0,0.2,0.07,0.07,26.6,0.52,2.89,12.4,11.4,3.11,26.6,1.04,42.4,1.04,42.4,17.1,0.59,2.3,1.26,20.5,0.81,0.37,0.59,0.81,0.37,41.7,0.52,0.59,0.52,0.3,1.11,0.3,0.0,2.15,2.15,0.3,0.07,0.22,0.0,0.07,0.0,0.22,0.22,0.3,0.07,0.22,0.0,0.07,0.0,0.0,1.04,2.07,0.15,0.44,0.3,0.59,0.0,0.0,0.0,2.0,1.56,35.0,,,,,,,,,,,,,,,,,,,,,,,,,,,,
Henry Kessler,us USA,DF,NE Revolution,24,1998,9,8,693,7.7,0.13,0.0,0.13,0.13,0.0,0.0,0.13,0.0,0.06,0.06,0.0,0.06,0.39,2.47,0.0,0.13,0.0,0.13,0.13,0.13,0.06,0.01,0.06,0.06,0.06,Matches,2023,7.7,47.0,10.6,27.8,7.92,53.1,11.6,29.2,10.5,88.5,92.1,95.1,75.3,1038.6,363.4,47.0,10.6,27.8,7.92,53.1,11.6,29.2,10.5,88.5,92.1,95.1,75.3,47.0,10.6,27.8,7.92,53.1,11.6,29.2,10.5,88.5,92.1,95.1,75.3,47.0,10.6,27.8,7.92,53.1,11.6,29.2,10.5,88.5,92.1,95.1,75.3,0.0,0.0,0.0,0.13,2.86,0.0,0.0,0.13,0.52,0.13,25.0,0.52,0.13,0.25,1.0,9.3,0.0,0.0,0.0,0.11,0.06,0.06,63.5,8.18,35.3,27.3,1.3,0.78,63.5,0.26,100.0,0.0,0.0,35.3,0.13,0.26,0.0,41.4,1.95,0.78,1.69,1.95,0.78,85.7,0.13,2.47,0.91,0.65,2.6,3.38,0.0,0.65,0.65,0.0,0.0,0.0,0.0,0.0,0.0,0.0,0.0,0.0,0.0,0.0,0.0,0.0,0.0,0.0,1.04,0.26,0.13,0.0,0.65,1.69,0.0,0.0,0.0,6.1,2.34,58.1,,,,,,,,,,,,,,,,,,,,,,,,,,,,
Benjamin Kikanovic,us USA,"FW,MF",SJ Earthquakes,23,2000,24,7,704,7.8,0.13,0.0,0.13,0.13,0.0,0.0,0.26,0.0,0.36,0.36,0.05,0.41,2.69,1.67,5.0,0.13,0.0,0.13,0.13,0.13,0.36,0.05,0.41,0.36,0.41,Matches,2023,7.8,18.7,12.7,3.72,0.9,25.1,15.4,5.77,1.15,74.5,82.5,64.4,77.8,238.6,55.6,18.7,12.7,3.72,0.9,25.1,15.4,5.77,1.15,74.5,82.5,64.4,77.8,18.7,12.7,3.72,0.9,25.1,15.4,5.77,1.15,74.5,82.5,64.4,77.8,18.7,12.7,3.72,0.9,25.1,15.4,5.77,1.15,74.5,82.5,64.4,77.8,0.0,0.04,-0.05,0.9,1.28,0.51,0.13,0.13,1.79,0.26,14.3,1.79,0.26,0.07,0.5,13.8,0.0,0.0,0.0,0.2,-0.23,-0.23,38.5,1.28,6.92,17.6,14.9,3.33,38.5,1.03,36.4,1.41,50.0,24.0,0.51,3.21,1.28,28.2,1.15,0.38,0.64,1.15,0.38,27.3,1.03,1.15,1.15,1.03,2.18,1.15,0.0,1.79,1.79,0.38,0.0,0.26,0.0,0.0,0.0,0.13,0.13,0.38,0.0,0.26,0.0,0.0,0.0,0.0,0.9,2.31,0.38,0.9,1.03,0.64,0.0,0.0,0.0,3.85,3.21,56.8,,,,,,,,,,,,,,,,,,,,,,,,,,,,
Gadi Kinda,il ISR,MF,Sporting KC,28,1994,20,8,837,9.3,0.32,0.43,0.75,0.32,0.0,0.0,0.32,0.0,0.28,0.28,0.15,0.43,3.01,7.63,4.84,0.32,0.43,0.75,0.32,0.75,0.28,0.15,0.43,0.28,0.43,Matches,2023,9.3,38.8,21.3,11.5,4.62,48.1,23.1,13.8,7.63,80.8,92.1,83.6,60.6,640.5,191.1,38.8,21.3,11.5,4.62,48.1,23.1,13.8,7.63,80.8,92.1,83.6,60.6,38.8,21.3,11.5,4.62,48.1,23.1,13.8,7.63,80.8,92.1,83.6,60.6,38.8,21.3,11.5,4.62,48.1,23.1,13.8,7.63,80.8,92.1,83.6,60.6,0.43,0.2,0.28,2.15,5.59,1.61,0.32,0.32,1.51,0.65,42.9,1.51,0.65,0.21,0.5,18.0,0.0,0.0,0.0,0.18,0.04,0.04,60.6,0.54,7.63,30.2,24.2,3.33,60.6,2.04,44.2,1.51,32.6,43.7,0.97,2.37,1.61,48.4,2.26,1.18,1.18,2.26,1.18,52.4,1.08,0.86,0.86,0.43,2.69,0.65,0.0,4.19,4.19,0.54,0.22,0.32,0.22,0.0,0.0,0.97,0.97,0.54,0.22,0.32,0.22,0.0,0.0,0.0,1.72,3.12,0.11,3.33,0.43,1.18,0.22,0.0,0.0,4.3,0.22,28.6,,,,,,,,,,,,,,,,,,,,,,,,,,,,
Sota Kitahara,us USA,DF,Seattle Sounders,20,2003,1,0,4,0.0,0.0,0.0,0.0,0.0,0.0,0.0,0.0,0.0,0.0,0.0,0.0,0.0,0.0,0.0,0.0,0.0,0.0,0.0,0.0,0.0,0.0,0.0,0.0,0.0,0.0,Matches,2023,0.0,6.0,3.0,3.0,0.0,7.0,4.0,3.0,0.0,85.7,75.0,100.0,,87.0,28.0,6.0,3.0,3.0,0.0,7.0,4.0,3.0,0.0,85.7,75.0,100.0,,6.0,3.0,3.0,0.0,7.0,4.0,3.0,0.0,85.7,75.0,100.0,,6.0,3.0,3.0,0.0,7.0,4.0,3.0,0.0,85.7,75.0,100.0,,0.0,0.0,0.0,0.0,0.0,0.0,0.0,0.0,0.0,0.0,,0.0,0.0,,,,0.0,0.0,0.0,,0.0,0.0,7.0,0.0,0.0,4.0,3.0,0.0,7.0,0.0,,0.0,,1.0,0.0,0.0,0.0,2.0,0.0,0.0,0.0,0.0,0.0,,0.0,0.0,0.0,0.0,0.0,0.0,0.0,0.0,0.0,0.0,0.0,0.0,0.0,0.0,0.0,0.0,0.0,0.0,0.0,0.0,0.0,0.0,0.0,0.0,0.0,0.0,0.0,0.0,0.0,0.0,0.0,0.0,0.0,0.0,0.0,,,,,,,,,,,,,,,,,,,,,,,,,,,,,
Klauss,br BRA,FW,St. Louis,25,1997,19,14,1315,14.6,0.68,0.14,0.82,0.68,0.0,0.0,0.07,0.0,0.4,0.4,0.05,0.45,1.03,2.6,6.44,0.68,0.14,0.82,0.68,0.82,0.4,0.05,0.45,0.4,0.45,Matches,2023,14.6,16.8,9.11,5.62,0.89,26.0,12.8,7.67,1.99,64.7,71.1,73.2,44.8,244.5,62.1,16.8,9.11,5.62,0.89,26.0,12.8,7.67,1.99,64.7,71.1,73.2,44.8,16.8,9.11,5.62,0.89,26.0,12.8,7.67,1.99,64.7,71.1,73.2,44.8,16.8,9.11,5.62,0.89,26.0,12.8,7.67,1.99,64.7,71.1,73.2,44.8,0.14,0.08,0.09,0.96,1.58,0.89,0.14,0.68,2.88,1.3,45.2,2.87,1.3,0.24,0.53,14.1,0.0,0.0,0.0,0.14,0.29,0.29,38.8,1.71,3.77,15.5,19.9,5.62,38.8,0.89,43.3,1.1,53.3,17.4,0.75,2.33,1.1,26.3,1.03,0.27,0.48,1.03,0.27,20.0,1.1,0.62,0.48,0.48,1.51,1.37,0.0,2.6,2.6,0.14,0.14,0.14,0.0,0.21,0.0,0.27,0.27,0.14,0.14,0.14,0.0,0.21,0.0,0.0,2.12,1.23,0.27,0.62,0.48,0.48,0.0,0.0,0.0,2.95,2.74,52.6,,,,,,,,,,,,,,,,,,,,,,,,,,,,
John Klein,us USA,MF,St. Louis,23,1999,2,0,24,0.3,0.0,0.0,0.0,0.0,0.0,0.0,0.0,0.0,0.0,0.0,0.0,0.0,3.33,6.67,3.33,0.0,0.0,0.0,0.0,0.0,0.0,0.0,0.0,0.0,0.0,Matches,2023,0.3,20.0,13.3,3.33,3.33,40.0,23.3,6.67,3.33,50.0,57.1,50.0,100.0,373.3,100.0,20.0,13.3,3.33,3.33,40.0,23.3,6.67,3.33,50.0,57.1,50.0,100.0,20.0,13.3,3.33,3.33,40.0,23.3,6.67,3.33,50.0,57.1,50.0,100.0,20.0,13.3,3.33,3.33,40.0,23.3,6.67,3.33,50.0,57.1,50.0,100.0,0.0,0.0,0.0,0.0,3.33,0.0,0.0,0.0,0.0,0.0,,0.0,0.0,,,,0.0,0.0,0.0,,0.0,0.0,60.0,0.0,6.67,33.3,20.0,6.67,60.0,0.0,,0.0,,33.3,0.0,0.0,3.33,33.3,6.67,3.33,6.67,6.67,3.33,100.0,0.0,3.33,3.33,3.33,10.0,0.0,0.0,0.0,0.0,0.0,0.0,0.0,0.0,0.0,0.0,0.0,0.0,0.0,0.0,0.0,0.0,0.0,0.0,0.0,3.33,3.33,0.0,0.0,3.33,6.67,0.0,0.0,0.0,6.67,0.0,0.0,,,,,,,,,,,,,,,,,,,,,,,,,,,,
Mateusz Klich,pl POL,"MF,FW",D.C. United,32,1990,32,31,2719,30.2,0.13,0.23,0.36,0.13,0.0,0.0,0.36,0.03,0.1,0.1,0.25,0.35,1.42,6.89,4.34,0.13,0.23,0.36,0.13,0.36,0.1,0.25,0.35,0.1,0.35,Matches,2023,30.2,43.2,21.1,15.1,5.6,56.1,23.3,18.6,10.3,77.1,90.4,81.0,54.2,748.4,261.6,43.2,21.1,15.1,5.6,56.1,23.3,18.6,10.3,77.1,90.4,81.0,54.2,43.2,21.1,15.1,5.6,56.1,23.3,18.6,10.3,77.1,90.4,81.0,54.2,43.2,21.1,15.1,5.6,56.1,23.3,18.6,10.3,77.1,90.4,81.0,54.2,0.23,0.26,-0.02,2.62,3.87,1.72,0.5,0.13,1.42,0.53,37.2,1.42,0.53,0.09,0.25,22.8,0.17,0.0,0.0,0.07,0.03,0.03,64.0,1.13,9.4,30.6,24.5,1.75,64.0,0.73,61.1,0.43,36.1,33.4,0.2,1.46,1.16,41.8,1.59,0.7,1.19,1.59,0.7,35.6,1.26,1.13,0.99,0.46,2.05,0.36,0.03,4.74,4.74,0.1,0.0,0.13,0.0,0.0,0.0,0.43,0.43,0.1,0.0,0.13,0.0,0.0,0.0,0.03,1.36,0.99,0.26,6.09,0.46,1.19,0.0,0.0,0.0,5.96,0.17,41.7,,,,,,,,,,,,,,,,,,,,,,,,,,,,
Jonathan Klinsmann,us USA,GK,LA Galaxy,25,1997,10,8,831,9.2,0.0,0.0,0.0,0.0,0.0,0.0,0.0,0.0,0.0,0.0,0.0,0.0,0.0,0.0,0.0,0.0,0.0,0.0,0.0,0.0,0.0,0.0,0.0,0.0,0.0,Matches,2023,9.2,19.9,5.33,10.0,4.46,26.2,5.33,10.4,10.1,75.9,100.0,95.8,44.1,469.7,361.7,19.9,5.33,10.0,4.46,26.2,5.33,10.4,10.1,75.9,100.0,95.8,44.1,19.9,5.33,10.0,4.46,26.2,5.33,10.4,10.1,75.9,100.0,95.8,44.1,19.9,5.33,10.0,4.46,26.2,5.33,10.4,10.1,75.9,100.0,95.8,44.1,0.0,0.0,0.0,0.0,0.11,0.0,0.0,0.0,0.0,0.0,,0.0,0.0,,,,0.0,0.0,0.0,,0.0,0.0,28.3,25.4,28.2,0.11,0.0,0.0,28.3,0.0,,0.0,,14.1,0.0,0.0,0.0,9.78,0.0,0.0,0.0,0.0,0.0,,0.0,0.0,0.0,0.0,0.0,0.76,0.11,0.0,0.0,0.0,0.0,0.0,0.0,0.0,0.0,0.0,0.0,0.0,0.0,0.0,0.0,0.0,0.0,0.0,0.0,0.33,0.0,0.0,0.0,0.0,0.0,0.0,0.0,1.41,0.22,100.0,1.63,0.22,0.33,0.0,1.5,0.33,-0.13,-0.13,20.1,5.22,28.6,30.9,30.6,31.5,11.7,28.6,30.9,30.6,31.5,11.7,11.2,0.98,8.7,0.76,0.76,30.6,31.5,11.7
Žan Kolmanič,si SVN,DF,Austin,22,2000,6,6,427,4.7,0.0,0.0,0.0,0.0,0.0,0.0,0.0,0.0,0.02,0.02,0.04,0.09,4.04,4.89,3.83,0.0,0.0,0.0,0.0,0.0,0.03,0.05,0.08,0.03,0.08,Matches,2023,4.7,53.2,20.6,26.6,4.89,65.5,22.1,30.9,10.2,81.2,93.3,86.2,47.9,975.7,256.2,53.2,20.6,26.6,4.89,65.5,22.1,30.9,10.2,81.2,93.3,86.2,47.9,53.2,20.6,26.6,4.89,65.5,22.1,30.9,10.2,81.2,93.3,86.2,47.9,53.2,20.6,26.6,4.89,65.5,22.1,30.9,10.2,81.2,93.3,86.2,47.9,0.0,0.06,-0.04,0.64,2.55,1.28,1.06,0.0,0.64,0.0,0.0,0.63,0.0,0.0,,20.6,0.0,0.0,0.0,0.05,-0.02,-0.02,77.2,3.62,25.3,37.2,14.9,0.85,77.2,1.06,62.5,0.64,37.5,46.0,0.64,1.06,0.0,47.7,2.98,1.49,2.34,2.98,1.49,70.0,0.64,0.85,0.64,1.28,4.26,3.19,0.0,1.7,1.69,0.21,0.0,0.0,0.0,0.0,0.0,0.21,0.21,0.21,0.0,0.0,0.0,0.0,0.0,0.0,0.43,1.06,0.21,4.04,1.28,2.34,0.0,0.0,0.0,5.74,0.43,20.0,,,,,,,,,,,,,,,,,,,,,,,,,,,,
Amet Korca,us USA,DF,FC Dallas,22,2000,4,2,155,1.7,0.0,0.0,0.0,0.0,0.0,0.0,0.0,0.0,0.0,0.0,0.0,0.0,0.0,1.18,0.0,0.0,0.0,0.0,0.0,0.0,0.0,0.0,0.0,0.0,0.0,Matches,2023,1.7,27.1,12.4,12.9,1.76,31.8,12.9,14.7,4.12,85.2,95.5,88.0,42.9,477.6,128.8,27.1,12.4,12.9,1.76,31.8,12.9,14.7,4.12,85.2,95.5,88.0,42.9,27.1,12.4,12.9,1.76,31.8,12.9,14.7,4.12,85.2,95.5,88.0,42.9,27.1,12.4,12.9,1.76,31.8,12.9,14.7,4.12,85.2,95.5,88.0,42.9,0.0,0.0,0.0,0.0,1.76,0.0,0.0,0.0,0.0,0.0,,0.0,0.0,,,,0.0,0.0,0.0,,0.0,0.0,38.2,2.35,17.6,19.4,1.76,0.0,38.2,0.59,100.0,0.0,0.0,20.6,0.0,1.18,0.0,22.4,0.59,0.59,0.0,0.59,0.59,100.0,0.0,1.76,0.0,2.35,2.94,0.59,0.59,0.59,0.58,0.0,0.0,0.0,0.0,0.0,0.0,0.0,0.0,0.0,0.0,0.0,0.0,0.0,0.0,0.0,0.0,0.0,0.0,0.0,2.35,0.0,0.0,0.0,0.0,2.94,0.0,0.0,,,,,,,,,,,,,,,,,,,,,,,,,,,,
Georgios Koutsias,gr GRE,"FW,MF",Chicago Fire,18,2004,27,13,1018,11.3,0.27,0.09,0.35,0.27,0.0,0.0,0.35,0.0,0.28,0.28,0.06,0.35,2.48,0.97,5.93,0.27,0.09,0.35,0.27,0.35,0.28,0.07,0.35,0.28,0.35,Matches,2023,11.3,15.5,9.47,4.78,0.71,20.7,11.2,6.73,1.42,74.8,84.9,71.1,50.0,218.5,21.6,15.5,9.47,4.78,0.71,20.7,11.2,6.73,1.42,74.8,84.9,71.1,50.0,15.5,9.47,4.78,0.71,20.7,11.2,6.73,1.42,74.8,84.9,71.1,50.0,15.5,9.47,4.78,0.71,20.7,11.2,6.73,1.42,74.8,84.9,71.1,50.0,0.09,0.08,0.03,0.44,0.62,0.35,0.0,0.27,1.59,0.53,33.3,1.59,0.53,0.17,0.5,13.0,0.0,0.0,0.0,0.18,-0.02,-0.02,31.0,1.42,5.31,15.0,11.2,3.19,31.0,2.3,59.1,1.24,31.8,18.1,1.33,2.65,1.42,22.1,0.35,0.18,0.18,0.35,0.18,12.5,1.24,0.71,0.35,0.27,0.62,1.15,0.0,1.06,1.06,0.35,0.18,0.09,0.0,0.0,0.0,0.35,0.35,0.35,0.18,0.09,0.0,0.0,0.0,0.0,1.42,0.97,1.15,0.18,0.27,0.18,0.0,0.0,0.0,3.19,1.59,46.2,,,,,,,,,,,,,,,,,,,,,,,,,,,,
Sebastian Kowalczyk,pl POL,"FW,MF",Houston Dynamo,24,1998,8,5,352,3.9,0.0,0.26,0.26,0.0,0.0,0.0,0.26,0.0,0.1,0.1,0.13,0.23,1.54,4.87,5.9,0.0,0.26,0.26,0.0,0.26,0.1,0.13,0.23,0.1,0.23,Matches,2023,3.9,35.4,21.5,10.3,2.31,38.7,22.6,10.8,3.59,91.4,95.5,95.2,64.3,518.2,108.2,35.4,21.5,10.3,2.31,38.7,22.6,10.8,3.59,91.4,95.5,95.2,64.3,35.4,21.5,10.3,2.31,38.7,22.6,10.8,3.59,91.4,95.5,95.2,64.3,35.4,21.5,10.3,2.31,38.7,22.6,10.8,3.59,91.4,95.5,95.2,64.3,0.26,0.21,0.13,1.03,3.33,1.03,0.0,0.0,0.51,0.26,50.0,0.51,0.26,0.0,0.0,17.3,0.0,0.0,0.0,0.19,-0.1,-0.1,44.4,0.51,3.85,21.0,20.3,2.31,44.4,1.03,66.7,0.51,33.3,26.2,0.0,2.56,0.26,37.2,0.51,0.0,0.51,0.51,0.0,0.0,0.26,0.77,0.77,0.51,1.03,0.26,0.26,2.31,2.3,0.0,0.0,0.26,0.0,0.0,0.0,0.77,0.77,0.0,0.0,0.26,0.0,0.0,0.0,0.0,2.31,2.31,0.26,1.28,0.51,0.51,0.0,0.26,0.0,2.82,0.0,0.0,,,,,,,,,,,,,,,,,,,,,,,,,,,,
Filip Krastev,bg BUL,MF,LAFC,21,2001,9,0,158,1.8,0.56,0.0,0.56,0.56,0.0,0.0,0.0,0.0,0.33,0.33,0.11,0.44,3.33,6.67,2.22,0.57,0.0,0.57,0.57,0.57,0.37,0.1,0.47,0.37,0.47,Matches,2023,1.8,41.7,23.9,12.8,1.67,52.8,27.8,17.2,3.89,78.9,86.0,74.2,42.9,565.6,203.3,41.7,23.9,12.8,1.67,52.8,27.8,17.2,3.89,78.9,86.0,74.2,42.9,41.7,23.9,12.8,1.67,52.8,27.8,17.2,3.89,78.9,86.0,74.2,42.9,41.7,23.9,12.8,1.67,52.8,27.8,17.2,3.89,78.9,86.0,74.2,42.9,0.0,0.28,-0.11,1.11,5.0,2.22,0.0,0.56,3.89,2.22,57.1,3.99,2.28,0.14,0.25,21.2,0.0,0.0,0.0,0.09,0.22,0.22,74.4,0.56,7.78,38.3,30.0,3.33,74.4,1.11,25.0,2.22,50.0,40.6,1.11,2.78,2.22,48.9,3.33,0.56,1.67,3.33,0.56,14.3,3.33,4.44,4.44,0.56,3.89,0.56,0.0,3.89,3.99,0.0,0.0,0.0,0.0,0.56,0.0,0.0,0.0,0.0,0.0,0.0,0.0,0.56,0.0,0.0,1.67,1.67,0.0,0.56,0.56,1.67,0.0,0.0,0.0,5.56,1.67,100.0,,,,,,,,,,,,,,,,,,,,,,,,,,,,
Damir Kreilach,hr CRO,"FW,MF",Real Salt Lake,33,1989,27,15,1317,14.6,0.27,0.07,0.34,0.27,0.0,0.0,0.21,0.0,0.25,0.25,0.04,0.29,0.41,2.6,4.04,0.27,0.07,0.34,0.27,0.34,0.24,0.04,0.29,0.24,0.29,Matches,2023,14.6,25.3,15.8,7.05,1.85,31.6,17.7,8.9,2.74,80.3,88.8,79.2,67.5,371.8,62.8,25.3,15.8,7.05,1.85,31.6,17.7,8.9,2.74,80.3,88.8,79.2,67.5,25.3,15.8,7.05,1.85,31.6,17.7,8.9,2.74,80.3,88.8,79.2,67.5,25.3,15.8,7.05,1.85,31.6,17.7,8.9,2.74,80.3,88.8,79.2,67.5,0.07,0.05,0.03,0.48,1.92,0.68,0.14,0.27,2.53,0.75,29.7,2.53,0.75,0.11,0.36,14.9,0.0,0.0,0.0,0.1,0.03,0.03,38.2,1.16,2.53,21.8,14.0,3.15,38.2,0.41,75.0,0.14,25.0,19.2,0.14,1.3,0.48,32.4,0.14,0.07,0.07,0.14,0.07,11.1,0.55,0.27,0.21,0.14,0.27,1.03,0.0,1.64,1.64,0.07,0.0,0.27,0.0,0.0,0.0,0.34,0.34,0.07,0.0,0.27,0.0,0.0,0.0,0.0,0.82,1.85,1.44,0.41,0.14,0.07,0.0,0.07,0.0,2.19,2.33,51.5,,,,,,,,,,,,,,,,,,,,,,,,,,,,
Serhiy Kryvtsov,ua UKR,DF,Inter Miami,31,1991,26,25,2111,23.5,0.04,0.0,0.04,0.04,0.0,0.0,0.21,0.0,0.05,0.05,0.0,0.06,0.26,2.68,0.09,0.04,0.0,0.04,0.04,0.04,0.05,0.0,0.05,0.05,0.05,Matches,2023,23.5,49.9,13.3,28.1,8.3,57.3,14.1,30.4,12.1,87.1,94.6,92.6,68.7,1068.1,393.6,49.9,13.3,28.1,8.3,57.3,14.1,30.4,12.1,87.1,94.6,92.6,68.7,49.9,13.3,28.1,8.3,57.3,14.1,30.4,12.1,87.1,94.6,92.6,68.7,49.9,13.3,28.1,8.3,57.3,14.1,30.4,12.1,87.1,94.6,92.6,68.7,0.0,0.02,-0.0,0.09,3.57,0.13,0.0,0.04,0.21,0.04,20.0,0.21,0.04,0.2,1.0,12.4,0.0,0.0,0.0,0.24,-0.01,-0.01,65.2,8.09,34.8,29.7,0.81,0.21,65.2,0.09,66.7,0.04,33.3,42.9,0.04,0.17,0.04,47.9,0.81,0.26,0.47,0.81,0.26,46.2,0.3,1.28,0.51,1.32,2.13,3.45,0.0,0.55,0.55,0.0,0.0,0.0,0.0,0.04,0.0,0.13,0.13,0.0,0.0,0.0,0.0,0.04,0.0,0.0,0.85,0.47,0.0,0.09,1.32,0.47,0.0,0.0,0.0,4.38,1.06,47.2,,,,,,,,,,,,,,,,,,,,,,,,,,,,
Theodore Ku-Dipietro,us USA,"FW,MF",D.C. United,21,2002,26,12,1167,13.0,0.38,0.15,0.54,0.38,0.0,0.0,0.0,0.0,0.35,0.35,0.14,0.48,2.92,3.54,5.92,0.39,0.15,0.54,0.39,0.54,0.34,0.14,0.48,0.34,0.48,Matches,2023,13.0,19.9,11.9,5.38,1.23,28.2,14.9,7.38,2.08,70.8,79.9,72.9,59.3,277.4,96.8,19.9,11.9,5.38,1.23,28.2,14.9,7.38,2.08,70.8,79.9,72.9,59.3,19.9,11.9,5.38,1.23,28.2,14.9,7.38,2.08,70.8,79.9,72.9,59.3,19.9,11.9,5.38,1.23,28.2,14.9,7.38,2.08,70.8,79.9,72.9,59.3,0.15,0.15,0.02,1.0,2.31,1.15,0.15,0.38,2.31,1.0,43.3,2.31,1.0,0.17,0.38,15.3,0.0,0.0,0.0,0.15,0.04,0.04,39.7,0.08,4.0,16.2,20.3,5.54,39.7,2.92,52.8,2.46,44.4,25.4,1.31,1.92,0.69,27.6,1.62,0.38,0.92,1.62,0.38,26.3,1.08,0.46,0.46,0.46,2.08,0.15,0.0,3.46,3.47,0.92,0.08,0.08,0.0,0.08,0.08,0.38,0.39,0.92,0.08,0.08,0.0,0.08,0.08,0.0,1.08,1.08,0.08,1.38,0.46,0.92,0.0,0.0,0.0,4.38,0.77,47.6,,,,,,,,,,,,,,,,,,,,,,,,,,,,
Yuya Kubo,jp JPN,"MF,FW",FC Cincinnati,29,1993,25,10,1073,11.9,0.0,0.25,0.25,0.0,0.0,0.0,0.17,0.0,0.21,0.21,0.19,0.39,2.86,3.95,3.78,0.0,0.25,0.25,0.0,0.25,0.21,0.19,0.4,0.21,0.4,Matches,2023,11.9,29.7,14.5,10.8,2.69,36.5,16.2,12.8,3.36,81.6,89.6,84.9,80.0,479.6,121.6,29.7,14.5,10.8,2.69,36.5,16.2,12.8,3.36,81.6,89.6,84.9,80.0,29.7,14.5,10.8,2.69,36.5,16.2,12.8,3.36,81.6,89.6,84.9,80.0,29.7,14.5,10.8,2.69,36.5,16.2,12.8,3.36,81.6,89.6,84.9,80.0,0.25,0.19,0.06,1.09,2.77,1.09,0.17,0.0,2.1,0.59,28.0,2.1,0.59,0.0,0.0,19.3,0.08,0.0,0.0,0.1,-0.21,-0.21,48.0,0.76,6.81,25.4,17.1,2.35,48.0,1.18,48.3,0.92,37.9,28.2,0.42,1.51,1.43,33.9,1.51,0.34,1.01,1.51,0.34,19.0,1.43,0.76,0.67,0.84,2.35,0.67,0.0,2.86,2.85,0.17,0.0,0.08,0.0,0.08,0.0,0.34,0.34,0.17,0.0,0.08,0.0,0.08,0.0,0.0,1.85,1.85,0.17,1.09,0.84,1.01,0.0,0.0,0.0,5.8,0.67,61.5,,,,,,,,,,,,,,,,,,,,,,,,,,,,
Jojea Kwizera,rw RWA,DF,CF Montréal,24,1999,4,1,133,1.5,0.0,0.0,0.0,0.0,0.0,0.0,0.67,0.0,0.0,0.0,0.07,0.13,2.67,4.0,10.7,0.0,0.0,0.0,0.0,0.0,0.03,0.09,0.12,0.03,0.12,Matches,2023,1.5,39.3,20.7,14.0,4.0,54.7,25.3,20.0,6.0,72.0,81.6,70.0,66.7,636.0,218.7,39.3,20.7,14.0,4.0,54.7,25.3,20.0,6.0,72.0,81.6,70.0,66.7,39.3,20.7,14.0,4.0,54.7,25.3,20.0,6.0,72.0,81.6,70.0,66.7,39.3,20.7,14.0,4.0,54.7,25.3,20.0,6.0,72.0,81.6,70.0,66.7,0.0,0.07,-0.07,2.0,3.33,3.33,2.0,0.0,1.33,0.67,50.0,1.35,0.68,0.0,0.0,25.7,0.0,0.0,0.0,0.02,0.0,0.0,66.7,1.33,11.3,29.3,27.3,2.0,66.7,2.67,50.0,1.33,25.0,31.3,0.0,2.0,1.33,36.0,2.0,0.67,0.67,2.0,0.67,33.3,1.33,0.0,0.0,0.67,2.67,0.0,0.0,3.33,3.38,0.0,0.0,0.0,0.0,0.0,0.0,0.0,0.0,0.0,0.0,0.0,0.0,0.0,0.0,0.0,3.33,1.33,0.0,6.0,0.67,0.67,0.0,0.0,0.0,8.0,0.0,0.0,,,,,,,,,,,,,,,,,,,,,,,,,,,,
Mathías Laborda,uy URU,DF,Vancouver W'caps,23,1999,23,17,1536,17.1,0.06,0.0,0.06,0.06,0.0,0.0,0.47,0.06,0.08,0.08,0.07,0.15,0.94,2.57,2.05,0.06,0.0,0.06,0.06,0.06,0.08,0.07,0.15,0.08,0.15,Matches,2023,17.1,41.1,13.4,22.1,5.09,52.5,15.6,26.7,8.36,78.4,85.8,82.9,60.8,813.0,305.0,41.1,13.4,22.1,5.09,52.5,15.6,26.7,8.36,78.4,85.8,82.9,60.8,41.1,13.4,22.1,5.09,52.5,15.6,26.7,8.36,78.4,85.8,82.9,60.8,41.1,13.4,22.1,5.09,52.5,15.6,26.7,8.36,78.4,85.8,82.9,60.8,0.0,0.06,-0.07,0.58,2.46,0.58,0.29,0.06,0.88,0.23,26.7,0.88,0.23,0.07,0.25,13.0,0.0,0.0,0.0,0.09,-0.02,-0.02,62.9,5.96,29.9,26.0,7.25,1.64,62.9,0.29,41.7,0.41,58.3,33.7,0.0,0.47,0.18,37.7,2.4,1.11,1.35,2.4,1.11,43.2,1.46,0.53,0.23,1.35,3.74,3.57,0.0,1.35,1.35,0.06,0.0,0.0,0.0,0.06,0.06,0.06,0.06,0.06,0.0,0.0,0.0,0.06,0.06,0.06,1.35,0.41,0.12,1.4,1.35,1.35,0.0,0.0,0.0,4.97,2.4,67.2,,,,,,,,,,,,,,,,,,,,,,,,,,,,
Kevon Lambert,jm JAM,DF,Real Salt Lake,25,1997,2,0,24,0.3,0.0,0.0,0.0,0.0,0.0,0.0,0.0,0.0,0.0,0.0,0.0,0.0,0.0,3.33,0.0,0.0,0.0,0.0,0.0,0.0,0.0,0.0,0.0,0.0,0.0,Matches,2023,0.3,56.7,10.0,33.3,13.3,56.7,10.0,33.3,13.3,100.0,100.0,100.0,100.0,1263.3,483.3,56.7,10.0,33.3,13.3,56.7,10.0,33.3,13.3,100.0,100.0,100.0,100.0,56.7,10.0,33.3,13.3,56.7,10.0,33.3,13.3,100.0,100.0,100.0,100.0,56.7,10.0,33.3,13.3,56.7,10.0,33.3,13.3,100.0,100.0,100.0,100.0,0.0,0.0,0.0,0.0,6.67,0.0,0.0,0.0,0.0,0.0,,0.0,0.0,,,,0.0,0.0,0.0,,0.0,0.0,70.0,10.0,36.7,30.0,3.33,0.0,70.0,0.0,,0.0,,33.3,0.0,0.0,0.0,43.3,3.33,0.0,0.0,3.33,0.0,,0.0,0.0,0.0,3.33,6.67,10.0,0.0,0.0,0.0,0.0,0.0,0.0,0.0,0.0,0.0,0.0,0.0,0.0,0.0,0.0,0.0,0.0,0.0,0.0,0.0,0.0,0.0,0.0,3.33,0.0,0.0,0.0,0.0,6.67,3.33,100.0,,,,,,,,,,,,,,,,,,,,,,,,,,,,
Lassi Lappalainen,fi FIN,"DF,FW",CF Montréal,24,1998,21,13,1034,11.5,0.17,0.26,0.43,0.17,0.0,0.0,0.0,0.0,0.19,0.19,0.14,0.32,3.65,3.22,6.78,0.17,0.26,0.44,0.17,0.44,0.19,0.14,0.33,0.19,0.33,Matches,2023,11.5,24.7,13.2,9.74,1.3,32.7,16.1,12.1,2.52,75.5,82.2,80.6,51.7,384.4,117.6,24.7,13.2,9.74,1.3,32.7,16.1,12.1,2.52,75.5,82.2,80.6,51.7,24.7,13.2,9.74,1.3,32.7,16.1,12.1,2.52,75.5,82.2,80.6,51.7,24.7,13.2,9.74,1.3,32.7,16.1,12.1,2.52,75.5,82.2,80.6,51.7,0.26,0.19,0.12,1.13,1.74,1.13,0.0,0.17,1.57,0.35,22.2,1.57,0.35,0.11,0.5,16.5,0.0,0.0,0.0,0.12,-0.02,-0.02,45.0,1.04,7.39,17.8,20.3,3.39,45.0,1.48,45.9,1.39,43.2,25.0,1.22,2.52,1.22,27.0,1.65,0.87,1.22,1.65,0.87,40.0,1.3,1.48,1.48,0.7,2.35,1.04,0.0,2.96,2.97,0.09,0.09,0.09,0.09,0.17,0.0,0.43,0.44,0.09,0.09,0.09,0.09,0.17,0.0,0.0,0.52,0.7,0.43,1.04,0.7,1.22,0.09,0.0,0.0,5.04,0.61,41.2,,,,,,,,,,,,,,,,,,,,,,,,,,,,
Oliver Larraz,us USA,MF,Colorado Rapids,21,2001,1,0,22,0.2,0.0,0.0,0.0,0.0,0.0,0.0,0.0,0.0,0.0,0.0,0.0,0.0,5.0,15.0,10.0,0.0,0.0,0.0,0.0,0.0,0.0,0.0,0.0,0.0,0.0,Matches,2023,0.2,55.0,25.0,25.0,0.0,65.0,25.0,25.0,5.0,84.6,100.0,100.0,0.0,745.0,220.0,55.0,25.0,25.0,0.0,65.0,25.0,25.0,5.0,84.6,100.0,100.0,0.0,55.0,25.0,25.0,0.0,65.0,25.0,25.0,5.0,84.6,100.0,100.0,0.0,55.0,25.0,25.0,0.0,65.0,25.0,25.0,5.0,84.6,100.0,100.0,0.0,0.0,0.0,0.0,0.0,5.0,5.0,0.0,0.0,0.0,0.0,,0.0,0.0,,,,0.0,0.0,0.0,,0.0,0.0,80.0,0.0,10.0,50.0,20.0,0.0,80.0,0.0,,0.0,,60.0,0.0,10.0,0.0,65.0,5.0,0.0,5.0,5.0,0.0,,0.0,5.0,5.0,0.0,5.0,0.0,0.0,0.0,0.0,0.0,0.0,0.0,0.0,0.0,0.0,0.0,0.0,0.0,0.0,0.0,0.0,0.0,0.0,0.0,0.0,0.0,0.0,5.0,0.0,5.0,0.0,0.0,0.0,10.0,0.0,,,,,,,,,,,,,,,,,,,,,,,,,,,,,
Richie Laryea,ca CAN,DF,Toronto FC,28,1995,18,18,1610,17.9,0.11,0.17,0.28,0.11,0.0,0.0,0.22,0.0,0.04,0.04,0.08,0.13,3.24,4.58,3.52,0.11,0.17,0.28,0.11,0.28,0.04,0.09,0.13,0.04,0.13,Matches,2023,17.9,43.4,21.8,18.5,2.18,52.9,23.7,21.6,4.75,82.0,91.8,86.0,45.9,690.9,231.2,43.4,21.8,18.5,2.18,52.9,23.7,21.6,4.75,82.0,91.8,86.0,45.9,43.4,21.8,18.5,2.18,52.9,23.7,21.6,4.75,82.0,91.8,86.0,45.9,43.4,21.8,18.5,2.18,52.9,23.7,21.6,4.75,82.0,91.8,86.0,45.9,0.17,0.1,0.08,0.5,3.69,0.28,0.0,0.11,0.67,0.39,58.3,0.67,0.39,0.17,0.29,15.8,0.0,0.0,0.0,0.07,0.07,0.07,65.5,3.52,20.9,32.1,13.3,2.07,65.5,1.79,48.5,1.4,37.9,39.8,0.95,1.79,0.78,42.1,1.96,1.01,1.06,1.96,1.01,52.9,0.89,1.06,0.61,1.23,3.18,1.73,0.06,2.12,2.12,0.39,0.0,0.45,0.11,0.06,0.0,0.34,0.34,0.39,0.0,0.45,0.11,0.06,0.0,0.0,1.12,3.8,0.34,0.5,1.23,1.06,0.06,0.0,0.0,6.93,0.39,63.6,,,,,,,,,,,,,,,,,,,,,,,,,,,,
Richie Laryea,ca CAN,"FW,DF",Vancouver W'caps,28,1995,12,12,948,10.5,0.1,0.19,0.29,0.1,0.0,0.0,0.19,0.0,0.11,0.11,0.1,0.22,2.95,2.95,6.0,0.09,0.19,0.28,0.09,0.28,0.12,0.1,0.21,0.12,0.21,Matches,2023,10.5,30.1,17.6,10.7,0.86,36.2,19.7,12.6,1.62,83.2,89.4,84.8,52.9,425.8,116.3,30.1,17.6,10.7,0.86,36.2,19.7,12.6,1.62,83.2,89.4,84.8,52.9,30.1,17.6,10.7,0.86,36.2,19.7,12.6,1.62,83.2,89.4,84.8,52.9,30.1,17.6,10.7,0.86,36.2,19.7,12.6,1.62,83.2,89.4,84.8,52.9,0.19,0.1,0.1,0.57,2.0,1.14,0.19,0.1,1.05,0.38,36.4,1.04,0.38,0.09,0.25,16.7,0.0,0.0,0.0,0.11,-0.02,-0.02,45.3,1.43,11.2,17.2,17.6,4.19,45.3,1.24,48.1,0.76,29.6,31.0,2.1,1.71,1.24,33.5,1.9,0.67,1.62,1.9,0.67,77.8,0.19,0.29,0.19,0.76,2.67,0.67,0.1,2.95,2.94,0.1,0.0,0.76,0.1,0.0,0.0,0.57,0.57,0.1,0.0,0.76,0.1,0.0,0.0,0.0,0.38,4.57,0.29,0.95,0.76,1.62,0.29,0.0,0.0,5.14,0.1,33.3,,,,,,,,,,,,,,,,,,,,,,,,,,,,
Ariel Lassiter,cr CRC,"FW,MF",Inter Miami,28,1994,7,0,150,1.7,0.0,0.0,0.0,0.0,0.0,0.0,0.0,0.0,0.18,0.18,0.12,0.29,3.53,2.94,12.4,0.0,0.0,0.0,0.0,0.0,0.2,0.11,0.31,0.2,0.31,Matches,2023,1.7,27.1,16.5,7.65,2.94,33.5,18.2,10.6,2.94,80.7,90.3,72.2,100.0,456.5,78.2,27.1,16.5,7.65,2.94,33.5,18.2,10.6,2.94,80.7,90.3,72.2,100.0,27.1,16.5,7.65,2.94,33.5,18.2,10.6,2.94,80.7,90.3,72.2,100.0,27.1,16.5,7.65,2.94,33.5,18.2,10.6,2.94,80.7,90.3,72.2,100.0,0.0,0.12,-0.12,1.18,1.18,2.35,1.18,0.0,2.35,0.59,25.0,2.4,0.6,0.0,0.0,16.1,0.0,0.0,0.0,0.08,-0.18,-0.18,45.9,0.0,4.71,18.2,24.1,2.94,45.9,1.18,28.6,1.76,42.9,33.5,0.59,2.35,0.59,36.5,1.76,1.18,1.18,1.76,1.18,50.0,1.18,1.18,1.18,0.59,2.35,0.0,0.0,5.29,5.4,0.59,0.0,1.18,0.0,0.59,0.0,0.0,0.0,0.59,0.0,1.18,0.0,0.59,0.0,0.0,0.0,1.76,0.0,2.94,0.59,1.18,0.0,0.0,0.0,3.53,0.0,0.0,,,,,,,,,,,,,,,,,,,,,,,,,,,,
Ariel Lassiter,cr CRC,"DF,MF",CF Montréal,28,1994,25,17,1597,17.7,0.06,0.11,0.17,0.06,0.0,0.06,0.17,0.0,0.19,0.15,0.14,0.28,3.11,3.39,7.8,0.06,0.11,0.17,0.06,0.17,0.19,0.14,0.32,0.14,0.28,Matches,2023,17.7,26.5,12.0,11.5,2.49,37.3,14.1,15.5,4.97,71.0,85.2,73.8,50.0,465.8,134.8,26.5,12.0,11.5,2.49,37.3,14.1,15.5,4.97,71.0,85.2,73.8,50.0,26.5,12.0,11.5,2.49,37.3,14.1,15.5,4.97,71.0,85.2,73.8,50.0,26.5,12.0,11.5,2.49,37.3,14.1,15.5,4.97,71.0,85.2,73.8,50.0,0.11,0.13,-0.02,0.96,2.09,1.02,0.56,0.06,2.09,1.02,48.6,2.09,1.01,0.03,0.06,20.1,0.0,0.0,0.06,0.07,-0.14,-0.09,46.2,0.9,6.72,19.9,20.1,2.49,46.1,0.85,48.4,0.68,38.7,26.9,0.68,1.53,0.17,30.8,0.4,0.23,0.4,0.4,0.23,44.4,0.28,0.51,0.45,0.73,1.13,0.85,0.0,2.43,2.42,0.17,0.0,0.06,0.0,0.06,0.0,0.28,0.28,0.17,0.0,0.06,0.0,0.06,0.0,0.0,1.02,1.07,0.45,5.14,0.73,0.4,0.0,0.0,0.0,4.52,0.06,16.7,,,,,,,,,,,,,,,,,,,,,,,,,,,,
Kemar Lawrence,jm JAM,DF,Minnesota Utd,30,1992,14,13,1116,12.4,0.0,0.0,0.0,0.0,0.0,0.0,0.0,0.0,0.02,0.02,0.12,0.15,0.97,4.03,4.92,0.0,0.0,0.0,0.0,0.0,0.02,0.12,0.14,0.02,0.14,Matches,2023,12.4,34.0,16.1,14.2,2.98,47.0,18.5,18.2,7.02,72.4,87.3,77.9,42.5,569.9,260.8,34.0,16.1,14.2,2.98,47.0,18.5,18.2,7.02,72.4,87.3,77.9,42.5,34.0,16.1,14.2,2.98,47.0,18.5,18.2,7.02,72.4,87.3,77.9,42.5,34.0,16.1,14.2,2.98,47.0,18.5,18.2,7.02,72.4,87.3,77.9,42.5,0.0,0.09,-0.12,0.89,4.11,0.89,0.65,0.0,0.24,0.08,33.3,0.24,0.08,0.0,0.0,15.2,0.0,0.0,0.0,0.07,-0.02,-0.02,55.9,3.31,15.6,26.4,14.1,1.21,55.9,0.0,0.0,0.16,100.0,25.2,0.16,1.29,0.24,30.9,1.37,0.81,1.05,1.37,0.81,76.9,0.24,1.29,0.73,1.29,2.66,2.18,0.0,1.29,1.29,0.0,0.0,0.0,0.0,0.0,0.0,0.0,0.0,0.0,0.0,0.0,0.0,0.0,0.0,0.0,0.24,0.48,0.08,3.71,1.29,1.05,0.0,0.0,0.0,3.87,1.45,66.7,,,,,,,,,,,,,,,,,,,,,,,,,,,,
Randall Leal,cr CRC,"MF,FW",Nashville SC,26,1997,21,15,1144,12.7,0.24,0.0,0.24,0.24,0.0,0.0,0.24,0.0,0.13,0.13,0.26,0.39,1.89,4.88,4.41,0.24,0.0,0.24,0.24,0.24,0.12,0.26,0.39,0.12,0.39,Matches,2023,12.7,31.1,18.7,8.98,2.2,41.6,20.9,11.7,4.8,74.8,89.1,77.0,45.9,462.5,160.2,31.1,18.7,8.98,2.2,41.6,20.9,11.7,4.8,74.8,89.1,77.0,45.9,31.1,18.7,8.98,2.2,41.6,20.9,11.7,4.8,74.8,89.1,77.0,45.9,31.1,18.7,8.98,2.2,41.6,20.9,11.7,4.8,74.8,89.1,77.0,45.9,0.0,0.21,-0.26,1.42,3.78,1.42,0.63,0.24,1.42,0.39,27.8,1.42,0.39,0.17,0.6,23.9,0.0,0.0,0.0,0.09,0.11,0.11,49.9,0.39,7.4,27.6,15.5,1.42,49.9,0.94,42.9,1.1,50.0,30.1,0.24,1.5,1.5,35.3,1.97,0.71,1.18,1.97,0.71,28.1,1.81,0.79,0.71,0.55,2.52,0.31,0.0,2.52,2.52,0.24,0.16,0.0,0.0,0.08,0.0,0.16,0.16,0.24,0.16,0.0,0.0,0.08,0.0,0.0,1.34,1.26,0.24,3.78,0.55,1.18,0.0,0.0,0.0,5.2,0.24,17.6,,,,,,,,,,,,,,,,,,,,,,,,,,,,
Richy Ledezma,us USA,"MF,FW",NYCFC,22,2000,23,14,1187,13.2,0.0,0.3,0.3,0.0,0.0,0.0,0.23,0.0,0.21,0.21,0.19,0.4,1.89,6.44,5.61,0.0,0.3,0.3,0.0,0.3,0.21,0.19,0.4,0.21,0.4,Matches,2023,13.2,35.7,15.5,14.9,3.94,42.0,17.3,16.4,5.15,85.0,89.5,91.2,76.5,622.3,137.3,35.7,15.5,14.9,3.94,42.0,17.3,16.4,5.15,85.0,89.5,91.2,76.5,35.7,15.5,14.9,3.94,42.0,17.3,16.4,5.15,85.0,89.5,91.2,76.5,35.7,15.5,14.9,3.94,42.0,17.3,16.4,5.15,85.0,89.5,91.2,76.5,0.3,0.17,0.11,1.74,3.64,1.59,0.15,0.0,1.52,0.53,35.0,1.52,0.53,0.0,0.0,18.7,0.0,0.0,0.0,0.14,-0.21,-0.21,50.5,0.45,4.55,27.5,19.1,1.97,50.5,1.06,51.9,0.91,44.4,30.6,0.38,2.12,0.76,39.1,0.53,0.08,0.3,0.53,0.08,12.5,0.53,0.61,0.53,0.45,0.98,0.15,0.0,3.71,3.72,0.08,0.0,0.15,0.08,0.0,0.0,0.53,0.53,0.08,0.0,0.15,0.08,0.0,0.0,0.0,0.91,0.68,0.15,1.52,0.45,0.3,0.0,0.0,0.08,3.94,0.45,46.2,,,,,,,,,,,,,,,,,,,,,,,,,,,,
Kelvin Leerdam,sr SUR,DF,LA Galaxy,32,1990,20,13,1204,13.4,0.07,0.07,0.15,0.07,0.0,0.0,0.15,0.0,0.05,0.05,0.1,0.16,0.37,3.43,1.94,0.07,0.07,0.15,0.07,0.15,0.05,0.11,0.16,0.05,0.16,Matches,2023,13.4,48.0,18.2,24.7,4.55,55.2,19.7,27.4,6.64,86.9,92.4,90.2,68.5,906.1,287.2,48.0,18.2,24.7,4.55,55.2,19.7,27.4,6.64,86.9,92.4,90.2,68.5,48.0,18.2,24.7,4.55,55.2,19.7,27.4,6.64,86.9,92.4,90.2,68.5,48.0,18.2,24.7,4.55,55.2,19.7,27.4,6.64,86.9,92.4,90.2,68.5,0.07,0.1,-0.03,0.6,4.33,0.3,0.15,0.07,0.15,0.07,50.0,0.15,0.07,0.5,1.0,14.0,0.0,0.0,0.0,0.34,0.02,0.02,62.8,7.01,28.1,29.6,5.3,0.37,62.8,0.0,,0.0,,36.0,0.07,0.3,0.07,42.2,0.97,0.75,0.45,0.97,0.75,66.7,0.37,0.75,0.3,0.67,1.64,4.7,0.0,0.97,0.97,0.0,0.0,0.0,0.0,0.0,0.0,0.15,0.15,0.0,0.0,0.0,0.0,0.0,0.0,0.0,0.6,0.37,0.0,0.9,0.67,0.45,0.0,0.0,0.0,3.13,0.75,58.8,,,,,,,,,,,,,,,,,,,,,,,,,,,,
Tim Leibold,de GER,DF,Sporting KC,29,1993,17,9,872,9.7,0.0,0.21,0.21,0.0,0.0,0.0,0.21,0.0,0.04,0.04,0.12,0.15,3.61,6.6,7.01,0.0,0.21,0.21,0.0,0.21,0.04,0.12,0.16,0.04,0.16,Matches,2023,9.7,50.6,26.9,18.2,4.12,58.9,29.9,20.7,5.36,86.0,90.0,88.1,76.9,806.4,254.8,50.6,26.9,18.2,4.12,58.9,29.9,20.7,5.36,86.0,90.0,88.1,76.9,50.6,26.9,18.2,4.12,58.9,29.9,20.7,5.36,86.0,90.0,88.1,76.9,50.6,26.9,18.2,4.12,58.9,29.9,20.7,5.36,86.0,90.0,88.1,76.9,0.21,0.14,0.08,1.75,4.74,2.06,0.52,0.0,0.82,0.31,37.5,0.83,0.31,0.0,0.0,20.7,0.0,0.0,0.0,0.05,-0.04,-0.04,68.4,2.06,13.4,32.4,23.3,1.44,68.4,1.24,66.7,0.62,33.3,41.9,0.21,0.62,0.41,46.0,2.27,0.93,1.34,2.27,0.93,40.9,1.34,1.13,1.03,1.75,4.02,1.44,0.0,4.23,4.24,0.21,0.0,0.1,0.0,0.0,0.0,0.62,0.62,0.21,0.0,0.1,0.0,0.0,0.0,0.0,1.34,0.31,0.21,2.68,1.75,1.34,0.0,0.0,0.0,4.43,1.03,71.4,,,,,,,,,,,,,,,,,,,,,,,,,,,,
Brooks Lennon,us USA,DF,Atlanta Utd,25,1997,33,32,2881,32.0,0.13,0.28,0.41,0.13,0.0,0.0,0.09,0.0,0.08,0.08,0.16,0.24,2.72,3.94,7.53,0.12,0.28,0.41,0.12,0.41,0.08,0.16,0.24,0.08,0.24,Matches,2023,32.0,48.8,23.9,19.2,4.5,59.6,26.0,21.8,8.97,81.8,91.9,88.0,50.2,826.3,239.5,48.8,23.9,19.2,4.5,59.6,26.0,21.8,8.97,81.8,91.9,88.0,50.2,48.8,23.9,19.2,4.5,59.6,26.0,21.8,8.97,81.8,91.9,88.0,50.2,48.8,23.9,19.2,4.5,59.6,26.0,21.8,8.97,81.8,91.9,88.0,50.2,0.28,0.19,0.12,1.78,2.84,1.13,0.5,0.13,0.59,0.25,42.1,0.59,0.25,0.21,0.5,17.3,0.06,0.0,0.0,0.13,0.05,0.05,68.0,3.78,19.1,27.4,22.0,2.19,68.0,0.69,39.3,0.69,39.3,38.0,0.53,0.75,0.66,43.5,1.16,0.66,0.69,1.16,0.66,56.8,0.5,1.03,0.66,0.84,2.0,2.5,0.0,3.09,3.09,0.09,0.0,0.0,0.0,0.0,0.0,0.41,0.41,0.09,0.0,0.0,0.0,0.0,0.0,0.0,0.84,0.53,0.16,6.34,0.84,0.69,0.0,0.0,0.0,4.84,0.5,44.4,,,,,,,,,,,,,,,,,,,,,,,,,,,,
Jonathan Lewis,us USA,"FW,MF",Colorado Rapids,25,1997,26,12,1192,13.2,0.08,0.0,0.08,0.08,0.0,0.0,0.08,0.0,0.23,0.23,0.06,0.29,3.26,1.21,7.05,0.08,0.0,0.08,0.08,0.08,0.23,0.06,0.29,0.23,0.29,Matches,2023,13.2,15.5,8.79,5.0,0.98,20.0,10.5,5.98,1.52,77.7,84.1,83.5,65.0,227.6,45.7,15.5,8.79,5.0,0.98,20.0,10.5,5.98,1.52,77.7,84.1,83.5,65.0,15.5,8.79,5.0,0.98,20.0,10.5,5.98,1.52,77.7,84.1,83.5,65.0,15.5,8.79,5.0,0.98,20.0,10.5,5.98,1.52,77.7,84.1,83.5,65.0,0.0,0.05,-0.06,0.83,0.83,0.38,0.15,0.08,1.89,0.76,40.0,1.89,0.76,0.04,0.1,15.5,0.0,0.0,0.0,0.14,-0.15,-0.15,29.0,0.45,2.95,12.1,14.5,4.24,29.0,1.59,52.5,0.98,32.5,19.6,1.89,2.58,1.06,21.2,0.76,0.3,0.53,0.76,0.3,36.4,0.53,0.3,0.15,0.3,1.06,0.23,0.0,2.65,2.64,0.38,0.0,0.38,0.0,0.0,0.0,0.15,0.15,0.38,0.0,0.38,0.0,0.0,0.0,0.0,0.91,1.52,0.53,1.29,0.3,0.53,0.08,0.0,0.0,3.03,0.61,34.8,,,,,,,,,,,,,,,,,,,,,,,,,,,,
Danny Leyva,us USA,MF,Colorado Rapids,19,2003,16,6,636,7.1,0.0,0.0,0.0,0.0,0.0,0.0,0.14,0.0,0.03,0.03,0.08,0.11,1.13,4.37,2.96,0.0,0.0,0.0,0.0,0.0,0.03,0.09,0.12,0.03,0.12,Matches,2023,7.1,36.9,19.7,13.0,2.39,47.7,21.8,16.9,5.07,77.3,90.3,76.7,47.2,575.4,201.0,36.9,19.7,13.0,2.39,47.7,21.8,16.9,5.07,77.3,90.3,76.7,47.2,36.9,19.7,13.0,2.39,47.7,21.8,16.9,5.07,77.3,90.3,76.7,47.2,36.9,19.7,13.0,2.39,47.7,21.8,16.9,5.07,77.3,90.3,76.7,47.2,0.0,0.04,-0.08,1.55,2.82,0.42,0.14,0.0,0.7,0.42,60.0,0.71,0.42,0.0,0.0,24.2,0.0,0.0,0.0,0.04,-0.03,-0.03,59.0,1.97,12.1,34.9,12.5,0.7,59.0,0.42,25.0,1.13,66.7,34.6,0.14,1.69,0.85,41.5,0.99,0.42,0.56,0.99,0.42,21.4,1.55,0.99,0.56,1.55,2.54,0.85,0.0,2.82,2.83,0.0,0.0,0.42,0.0,0.14,0.0,0.0,0.0,0.0,0.0,0.42,0.0,0.14,0.0,0.0,1.55,3.38,0.0,1.13,1.55,0.56,0.0,0.14,0.0,6.2,1.27,56.3,,,,,,,,,,,,,,,,,,,,,,,,,,,,
Danny Leyva,us USA,"MF,FW",Seattle Sounders,19,2003,3,0,21,0.2,0.0,0.0,0.0,0.0,0.0,0.0,0.0,0.0,0.0,0.0,0.0,0.0,5.0,10.0,0.0,0.0,0.0,0.0,0.0,0.0,0.0,0.0,0.0,0.0,0.0,Matches,2023,0.2,80.0,40.0,30.0,5.0,90.0,45.0,30.0,10.0,88.9,88.9,100.0,50.0,1245.0,505.0,80.0,40.0,30.0,5.0,90.0,45.0,30.0,10.0,88.9,88.9,100.0,50.0,80.0,40.0,30.0,5.0,90.0,45.0,30.0,10.0,88.9,88.9,100.0,50.0,80.0,40.0,30.0,5.0,90.0,45.0,30.0,10.0,88.9,88.9,100.0,50.0,0.0,0.0,0.0,0.0,10.0,5.0,5.0,0.0,0.0,0.0,,0.0,0.0,,,,0.0,0.0,0.0,,0.0,0.0,120.0,15.0,40.0,55.0,30.0,0.0,120.0,0.0,0.0,0.0,0.0,85.0,0.0,0.0,0.0,85.0,0.0,0.0,0.0,0.0,0.0,0.0,5.0,5.0,5.0,10.0,10.0,5.0,0.0,0.0,0.0,0.0,0.0,0.0,0.0,0.0,0.0,0.0,0.0,0.0,0.0,0.0,0.0,0.0,0.0,0.0,0.0,5.0,0.0,5.0,10.0,0.0,0.0,0.0,0.0,5.0,0.0,,,,,,,,,,,,,,,,,,,,,,,,,,,,,
Nick Lima,us USA,DF,Austin,28,1994,33,25,2426,27.0,0.04,0.11,0.15,0.04,0.0,0.0,0.22,0.0,0.03,0.03,0.14,0.18,1.41,3.85,3.04,0.04,0.11,0.15,0.04,0.15,0.03,0.14,0.18,0.03,0.18,Matches,2023,27.0,38.2,13.3,19.5,4.7,50.4,14.8,23.4,10.5,75.8,90.2,83.5,44.9,743.7,200.7,38.2,13.3,19.5,4.7,50.4,14.8,23.4,10.5,75.8,90.2,83.5,44.9,38.2,13.3,19.5,4.7,50.4,14.8,23.4,10.5,75.8,90.2,83.5,44.9,38.2,13.3,19.5,4.7,50.4,14.8,23.4,10.5,75.8,90.2,83.5,44.9,0.11,0.11,-0.03,1.41,3.26,1.11,0.7,0.04,0.56,0.19,33.3,0.56,0.19,0.07,0.2,24.5,0.0,0.0,0.0,0.06,0.0,0.0,58.6,3.04,18.1,26.8,14.1,0.7,58.6,0.93,53.2,0.7,40.4,31.0,0.22,0.74,0.74,36.0,1.0,0.74,0.7,1.0,0.74,45.5,0.89,0.93,0.67,0.81,1.81,2.3,0.0,2.44,2.45,0.0,0.0,0.11,0.0,0.0,0.0,0.3,0.3,0.0,0.0,0.11,0.0,0.0,0.0,0.0,0.52,0.96,0.07,3.22,0.81,0.7,0.0,0.0,0.0,5.22,0.85,45.1,,,,,,,,,,,,,,,,,,,,,,,,,,,,
Jaylin Lindsey,us USA,DF,Charlotte,22,2000,21,15,1305,14.5,0.07,0.14,0.21,0.07,0.0,0.0,0.21,0.0,0.07,0.07,0.07,0.14,1.31,4.48,2.14,0.07,0.14,0.21,0.07,0.21,0.07,0.07,0.14,0.07,0.14,Matches,2023,14.5,45.1,23.4,18.4,2.41,56.6,25.2,22.6,6.62,79.7,93.2,81.7,36.5,719.3,287.2,45.1,23.4,18.4,2.41,56.6,25.2,22.6,6.62,79.7,93.2,81.7,36.5,45.1,23.4,18.4,2.41,56.6,25.2,22.6,6.62,79.7,93.2,81.7,36.5,45.1,23.4,18.4,2.41,56.6,25.2,22.6,6.62,79.7,93.2,81.7,36.5,0.14,0.11,0.07,0.69,3.52,0.9,0.48,0.07,0.41,0.07,16.7,0.41,0.07,0.17,1.0,12.2,0.0,0.0,0.0,0.17,0.0,0.0,66.3,3.17,18.6,32.6,16.0,1.17,66.3,0.34,45.5,0.28,36.4,30.3,0.07,1.03,0.28,38.2,2.07,0.76,1.31,2.07,0.76,47.8,0.83,1.59,1.31,1.03,3.1,2.41,0.0,1.45,1.45,0.0,0.0,0.0,0.0,0.07,0.0,0.34,0.34,0.0,0.0,0.0,0.0,0.07,0.0,0.0,1.24,0.48,0.0,2.28,1.03,1.31,0.0,0.07,0.0,5.45,1.52,59.5,,,,,,,,,,,,,,,,,,,,,,,,,,,,
Sebastian Lletget,us USA,"MF,FW",FC Dallas,30,1992,19,15,1160,12.9,0.0,0.16,0.16,0.0,0.0,0.0,0.16,0.0,0.08,0.08,0.12,0.19,1.24,5.12,4.11,0.0,0.16,0.16,0.0,0.16,0.07,0.12,0.19,0.07,0.19,Matches,2023,12.9,35.0,20.5,11.4,1.55,42.9,22.9,14.0,2.87,81.7,89.5,81.2,54.1,511.9,146.0,35.0,20.5,11.4,1.55,42.9,22.9,14.0,2.87,81.7,89.5,81.2,54.1,35.0,20.5,11.4,1.55,42.9,22.9,14.0,2.87,81.7,89.5,81.2,54.1,35.0,20.5,11.4,1.55,42.9,22.9,14.0,2.87,81.7,89.5,81.2,54.1,0.16,0.09,0.04,1.16,3.1,1.4,0.23,0.0,0.93,0.23,25.0,0.93,0.23,0.0,0.0,13.5,0.0,0.0,0.0,0.08,-0.08,-0.08,50.5,1.47,8.91,27.6,14.3,1.63,50.5,0.47,46.2,0.39,38.5,27.4,0.23,1.01,0.54,37.8,1.32,0.78,0.78,1.32,0.78,45.5,0.93,1.16,0.7,0.7,2.02,0.93,0.08,2.4,2.41,0.0,0.0,0.23,0.0,0.08,0.0,0.23,0.23,0.0,0.0,0.23,0.0,0.08,0.0,0.0,0.62,1.01,0.23,2.09,0.7,0.78,0.0,0.0,0.0,3.49,1.16,39.5,,,,,,,,,,,,,,,,,,,,,,,,,,,,
Saba Lobzhanidze,ge GEO,FW,Atlanta Utd,28,1994,9,6,464,5.2,0.58,0.77,1.35,0.58,0.0,0.0,0.0,0.0,0.35,0.35,0.33,0.67,4.81,2.5,11.0,0.58,0.78,1.36,0.58,1.36,0.34,0.33,0.67,0.34,0.67,Matches,2023,5.2,23.3,15.0,6.54,0.96,30.8,17.7,9.23,1.54,75.6,84.8,70.8,62.5,306.9,58.8,23.3,15.0,6.54,0.96,30.8,17.7,9.23,1.54,75.6,84.8,70.8,62.5,23.3,15.0,6.54,0.96,30.8,17.7,9.23,1.54,75.6,84.8,70.8,62.5,23.3,15.0,6.54,0.96,30.8,17.7,9.23,1.54,75.6,84.8,70.8,62.5,0.77,0.27,0.44,2.12,1.35,1.35,0.38,0.58,2.31,1.54,66.7,2.33,1.55,0.25,0.38,13.7,0.0,0.0,0.0,0.15,0.23,0.23,39.2,0.77,2.5,12.7,24.6,6.73,39.2,0.19,8.3,1.35,58.3,28.5,1.92,1.54,0.96,30.4,0.19,0.0,0.0,0.19,0.0,0.0,0.19,0.96,0.96,0.38,0.58,0.58,0.0,3.85,3.88,0.0,0.0,0.0,0.0,0.0,0.0,1.15,1.16,0.0,0.0,0.0,0.0,0.0,0.0,0.0,0.58,0.38,0.19,3.08,0.38,0.0,0.0,0.0,0.0,2.5,0.0,,,,,,,,,,,,,,,,,,,,,,,,,,,,,
Robin Lod,fi FIN,"MF,FW",Minnesota Utd,29,1993,10,10,898,10.0,0.0,0.1,0.1,0.0,0.0,0.0,0.0,0.0,0.14,0.14,0.15,0.29,2.0,6.6,4.1,0.0,0.1,0.1,0.0,0.1,0.14,0.15,0.29,0.14,0.29,Matches,2023,10.0,36.0,19.9,12.6,2.3,45.3,23.0,15.2,4.1,79.5,86.5,82.9,56.1,555.2,196.1,36.0,19.9,12.6,2.3,45.3,23.0,15.2,4.1,79.5,86.5,82.9,56.1,36.0,19.9,12.6,2.3,45.3,23.0,15.2,4.1,79.5,86.5,82.9,56.1,36.0,19.9,12.6,2.3,45.3,23.0,15.2,4.1,79.5,86.5,82.9,56.1,0.1,0.16,-0.05,1.2,5.8,1.4,0.2,0.0,1.9,0.5,26.3,1.9,0.5,0.0,0.0,17.9,0.2,0.0,0.0,0.08,-0.14,-0.14,57.2,1.1,8.3,33.2,16.4,3.0,57.2,2.0,64.5,1.0,32.3,32.2,0.2,2.1,1.4,41.3,1.8,0.4,1.0,1.8,0.4,19.0,1.7,0.9,0.8,0.6,2.4,1.0,0.1,3.4,3.41,0.7,0.0,0.1,0.0,0.0,0.0,0.3,0.3,0.7,0.0,0.1,0.0,0.0,0.0,0.0,1.6,0.8,0.0,0.8,0.6,1.0,0.0,0.0,0.0,5.4,1.2,48.0,,,,,,,,,,,,,,,,,,,,,,,,,,,,
Nicolás Lodeiro,uy URU,"MF,FW",Seattle Sounders,33,1989,33,28,2478,27.5,0.04,0.18,0.22,0.0,0.04,0.04,0.22,0.0,0.16,0.13,0.22,0.35,2.33,8.55,8.95,0.04,0.18,0.22,0.0,0.18,0.16,0.22,0.37,0.13,0.34,Matches,2023,27.5,46.1,25.1,14.9,4.29,62.9,29.2,19.6,9.49,73.3,86.1,76.3,45.2,734.3,241.0,46.1,25.1,14.9,4.29,62.9,29.2,19.6,9.49,73.3,86.1,76.3,45.2,46.1,25.1,14.9,4.29,62.9,29.2,19.6,9.49,73.3,86.1,76.3,45.2,46.1,25.1,14.9,4.29,62.9,29.2,19.6,9.49,73.3,86.1,76.3,45.2,0.18,0.29,-0.04,2.29,5.6,2.25,0.44,0.04,1.71,0.44,25.5,1.71,0.44,0.0,0.0,21.4,0.18,0.04,0.04,0.07,-0.12,-0.13,72.5,0.62,6.58,32.2,34.3,2.65,72.4,0.58,33.3,0.91,52.1,43.1,0.44,1.85,1.13,54.4,1.71,0.87,0.98,1.71,0.87,36.9,1.49,0.8,0.76,0.58,2.29,0.33,0.0,4.91,4.9,0.04,0.0,0.25,0.0,0.04,0.0,0.44,0.44,0.04,0.0,0.25,0.0,0.04,0.0,0.0,0.84,2.33,0.25,7.53,0.58,0.98,0.0,0.0,0.0,5.67,0.47,35.1,,,,,,,,,,,,,,,,,,,,,,,,,,,,
Jasper Löffelsend,de GER,MF,Real Salt Lake,25,1997,21,15,1130,12.6,0.08,0.08,0.16,0.08,0.0,0.0,0.16,0.0,0.06,0.06,0.09,0.15,0.79,5.4,3.17,0.08,0.08,0.16,0.08,0.16,0.07,0.09,0.16,0.07,0.16,Matches,2023,12.6,45.2,18.4,20.5,5.48,54.8,20.7,23.2,8.02,82.5,88.9,88.4,68.3,839.6,186.9,45.2,18.4,20.5,5.48,54.8,20.7,23.2,8.02,82.5,88.9,88.4,68.3,45.2,18.4,20.5,5.48,54.8,20.7,23.2,8.02,82.5,88.9,88.4,68.3,45.2,18.4,20.5,5.48,54.8,20.7,23.2,8.02,82.5,88.9,88.4,68.3,0.08,0.1,-0.01,0.79,4.29,0.71,0.24,0.08,1.11,0.48,42.9,1.12,0.48,0.07,0.17,26.2,0.0,0.0,0.0,0.06,0.02,0.02,66.1,2.46,15.1,39.4,12.3,0.79,66.1,1.59,55.6,1.11,38.9,38.7,0.16,1.11,0.71,44.7,2.94,1.27,1.9,2.94,1.27,41.0,1.83,1.27,1.11,0.87,3.81,1.75,0.0,2.22,2.23,0.08,0.0,0.08,0.0,0.16,0.0,0.32,0.32,0.08,0.0,0.08,0.0,0.16,0.0,0.0,1.83,1.43,0.08,1.03,0.87,1.9,0.0,0.0,0.0,7.94,0.48,40.0,,,,,,,,,,,,,,,,,,,,,,,,,,,,
Aaron Long,us USA,DF,LAFC,30,1992,21,17,1519,16.9,0.0,0.06,0.06,0.0,0.0,0.0,0.18,0.0,0.04,0.04,0.04,0.07,0.12,1.83,0.12,0.0,0.06,0.06,0.0,0.06,0.03,0.04,0.07,0.03,0.07,Matches,2023,16.9,47.5,13.0,29.0,5.09,54.9,14.2,31.3,8.05,86.5,91.7,92.6,63.2,939.8,308.9,47.5,13.0,29.0,5.09,54.9,14.2,31.3,8.05,86.5,91.7,92.6,63.2,47.5,13.0,29.0,5.09,54.9,14.2,31.3,8.05,86.5,91.7,92.6,63.2,47.5,13.0,29.0,5.09,54.9,14.2,31.3,8.05,86.5,91.7,92.6,63.2,0.06,0.02,0.02,0.18,2.25,0.06,0.0,0.0,0.47,0.06,12.5,0.47,0.06,0.0,0.0,14.9,0.0,0.0,0.0,0.07,-0.04,-0.04,65.0,7.75,35.6,27.9,1.83,0.95,65.0,0.06,33.3,0.12,66.7,37.8,0.0,0.36,0.0,42.2,1.78,0.65,1.18,1.78,0.65,84.6,0.12,1.18,0.65,1.18,2.96,4.44,0.0,0.83,0.83,0.0,0.0,0.0,0.0,0.06,0.0,0.12,0.12,0.0,0.0,0.0,0.0,0.06,0.0,0.0,0.95,0.53,0.18,0.0,1.18,1.18,0.0,0.0,0.0,5.03,2.13,65.5,,,,,,,,,,,,,,,,,,,,,,,,,,,,
Erik López,py PAR,"FW,MF",Atlanta Utd,21,2001,1,0,26,0.3,0.0,0.0,0.0,0.0,0.0,0.0,0.0,0.0,0.0,0.0,0.0,0.0,0.0,0.0,0.0,0.0,0.0,0.0,0.0,0.0,0.0,0.0,0.0,0.0,0.0,Matches,2023,0.3,10.0,6.67,0.0,3.33,16.7,6.67,3.33,3.33,60.0,100.0,0.0,100.0,220.0,43.3,10.0,6.67,0.0,3.33,16.7,6.67,3.33,3.33,60.0,100.0,0.0,100.0,10.0,6.67,0.0,3.33,16.7,6.67,3.33,3.33,60.0,100.0,0.0,100.0,10.0,6.67,0.0,3.33,16.7,6.67,3.33,3.33,60.0,100.0,0.0,100.0,0.0,0.0,0.0,0.0,0.0,0.0,0.0,0.0,0.0,0.0,,0.0,0.0,,,,0.0,0.0,0.0,,0.0,0.0,23.3,0.0,3.33,20.0,0.0,0.0,23.3,0.0,,0.0,,10.0,0.0,0.0,0.0,10.0,0.0,0.0,0.0,0.0,0.0,0.0,3.33,3.33,3.33,0.0,0.0,0.0,0.0,0.0,0.0,0.0,0.0,0.0,0.0,0.0,0.0,0.0,0.0,0.0,0.0,0.0,0.0,0.0,0.0,0.0,0.0,3.33,0.0,0.0,0.0,0.0,0.0,0.0,0.0,3.33,0.0,,,,,,,,,,,,,,,,,,,,,,,,,,,,,
Marvin Loría,cr CRC,"FW,MF",Portland Timbers,25,1997,17,9,759,8.4,0.0,0.12,0.12,0.0,0.0,0.0,0.36,0.0,0.13,0.13,0.04,0.17,2.62,2.38,6.43,0.0,0.12,0.12,0.0,0.12,0.13,0.04,0.16,0.13,0.16,Matches,2023,8.4,20.4,12.1,5.12,2.26,28.5,14.2,6.79,4.52,71.5,85.7,75.4,50.0,326.5,79.3,20.4,12.1,5.12,2.26,28.5,14.2,6.79,4.52,71.5,85.7,75.4,50.0,20.4,12.1,5.12,2.26,28.5,14.2,6.79,4.52,71.5,85.7,75.4,50.0,20.4,12.1,5.12,2.26,28.5,14.2,6.79,4.52,71.5,85.7,75.4,50.0,0.12,0.06,0.08,0.71,1.43,1.31,0.24,0.0,1.55,0.71,46.2,1.54,0.71,0.0,0.0,23.4,0.12,0.0,0.0,0.08,-0.13,-0.13,39.9,1.07,5.71,17.3,18.0,2.38,39.9,1.67,46.7,1.43,40.0,23.5,0.6,2.74,1.19,27.5,0.83,0.36,0.6,0.83,0.36,30.0,0.83,1.07,1.07,1.55,2.38,0.12,0.0,1.43,1.42,0.12,0.0,0.0,0.0,0.12,0.0,0.12,0.12,0.12,0.0,0.0,0.0,0.12,0.0,0.0,0.95,0.95,0.24,3.1,1.55,0.6,0.0,0.0,0.0,3.93,0.48,25.0,,,,,,,,,,,,,,,,,,,,,,,,,,,,
Daniel Lovitz,us USA,DF,Nashville SC,31,1991,32,32,2843,31.6,0.0,0.13,0.13,0.0,0.0,0.0,0.25,0.06,0.03,0.03,0.12,0.14,1.39,4.68,2.53,0.0,0.13,0.13,0.0,0.13,0.02,0.12,0.14,0.02,0.14,Matches,2023,31.6,44.4,15.2,22.3,6.27,60.6,18.1,27.7,12.6,73.2,83.9,80.7,49.6,891.7,377.8,44.4,15.2,22.3,6.27,60.6,18.1,27.7,12.6,73.2,83.9,80.7,49.6,44.4,15.2,22.3,6.27,60.6,18.1,27.7,12.6,73.2,83.9,80.7,49.6,44.4,15.2,22.3,6.27,60.6,18.1,27.7,12.6,73.2,83.9,80.7,49.6,0.13,0.11,0.01,1.11,4.15,1.17,0.63,0.0,0.6,0.09,15.8,0.6,0.09,0.0,0.0,20.6,0.06,0.0,0.0,0.04,-0.03,-0.03,68.6,3.61,22.9,32.6,13.7,0.47,68.6,0.51,55.2,0.38,41.4,32.7,0.09,0.63,0.22,40.9,1.74,1.01,1.04,1.74,1.01,59.3,0.7,1.11,0.79,0.89,2.63,2.31,0.0,2.03,2.03,0.03,0.0,0.0,0.0,0.03,0.0,0.19,0.19,0.03,0.0,0.0,0.0,0.03,0.0,0.06,1.3,0.51,0.09,4.05,0.89,1.04,0.0,0.06,0.0,4.65,1.04,66.0,,,,,,,,,,,,,,,,,,,,,,,,,,,,
Damion Lowe,jm JAM,DF,Philadelphia Union,29,1993,17,14,1232,13.7,0.15,0.0,0.15,0.15,0.0,0.0,0.36,0.0,0.07,0.07,0.01,0.09,0.36,1.31,0.29,0.15,0.0,0.15,0.15,0.15,0.07,0.01,0.09,0.07,0.09,Matches,2023,13.7,26.1,9.71,12.2,3.94,36.1,11.9,14.2,8.69,72.1,81.6,86.1,45.4,518.5,225.1,26.1,9.71,12.2,3.94,36.1,11.9,14.2,8.69,72.1,81.6,86.1,45.4,26.1,9.71,12.2,3.94,36.1,11.9,14.2,8.69,72.1,81.6,86.1,45.4,26.1,9.71,12.2,3.94,36.1,11.9,14.2,8.69,72.1,81.6,86.1,45.4,0.0,0.01,-0.01,0.22,1.61,0.15,0.0,0.15,0.8,0.22,27.3,0.8,0.22,0.18,0.67,16.9,0.0,0.0,0.0,0.09,0.07,0.07,49.5,7.52,26.9,20.6,3.07,1.02,49.5,1.02,73.7,0.36,26.3,23.9,0.0,0.73,0.29,22.5,2.26,1.17,1.39,2.26,1.17,50.0,1.17,1.09,0.51,2.55,4.82,4.96,0.0,0.58,0.58,0.0,0.0,0.0,0.0,0.0,0.0,0.0,0.0,0.0,0.0,0.0,0.0,0.0,0.0,0.0,1.97,1.31,0.07,0.22,2.55,1.39,0.0,0.15,0.0,8.03,2.55,61.4,,,,,,,,,,,,,,,,,,,,,,,,,,,,
Eduard Löwen,de GER,MF,St. Louis,26,1997,29,25,2308,25.6,0.23,0.35,0.59,0.12,0.12,0.12,0.12,0.0,0.21,0.11,0.14,0.26,2.97,7.77,3.91,0.23,0.35,0.58,0.12,0.47,0.21,0.14,0.35,0.11,0.26,Matches,2023,25.6,38.5,17.6,13.8,6.09,55.8,21.5,18.2,12.7,69.0,82.0,75.7,48.1,716.6,299.6,38.5,17.6,13.8,6.09,55.8,21.5,18.2,12.7,69.0,82.0,75.7,48.1,38.5,17.6,13.8,6.09,55.8,21.5,18.2,12.7,69.0,82.0,75.7,48.1,38.5,17.6,13.8,6.09,55.8,21.5,18.2,12.7,69.0,82.0,75.7,48.1,0.35,0.19,0.21,1.8,5.9,1.64,0.35,0.23,2.97,0.94,31.6,2.96,0.94,0.04,0.13,27.6,0.82,0.12,0.12,0.04,0.03,0.0,70.3,1.99,11.4,34.2,25.7,1.91,70.2,2.38,56.0,1.56,36.7,36.4,0.51,2.34,1.88,43.8,2.5,1.29,1.64,2.5,1.29,43.4,1.68,1.6,1.17,0.63,3.13,1.13,0.0,5.16,5.14,0.39,0.04,0.39,0.0,0.04,0.0,0.74,0.74,0.39,0.04,0.39,0.0,0.04,0.0,0.0,1.64,1.25,0.08,5.78,0.63,1.64,0.0,0.0,0.0,8.16,1.02,50.0,,,,,,,,,,,,,,,,,,,,,,,,,,,,
Favian Loyola,cl CHI,MF,Orlando City,17,2005,1,0,1,0.0,0.0,0.0,0.0,0.0,0.0,0.0,0.0,0.0,0.0,0.0,0.0,0.0,0.0,1.0,1.0,0.0,0.0,0.0,0.0,0.0,0.0,4.17,4.17,0.0,4.17,Matches,2023,0.0,6.0,2.0,3.0,0.0,6.0,2.0,3.0,0.0,100.0,100.0,100.0,,96.0,19.0,6.0,2.0,3.0,0.0,6.0,2.0,3.0,0.0,100.0,100.0,100.0,,6.0,2.0,3.0,0.0,6.0,2.0,3.0,0.0,100.0,100.0,100.0,,6.0,2.0,3.0,0.0,6.0,2.0,3.0,0.0,100.0,100.0,100.0,,0.0,0.0,0.0,1.0,0.0,1.0,0.0,0.0,0.0,0.0,,0.0,0.0,,,,0.0,0.0,0.0,,0.0,0.0,6.0,0.0,0.0,2.0,4.0,0.0,6.0,0.0,,0.0,,4.0,0.0,0.0,0.0,5.0,0.0,0.0,0.0,0.0,0.0,,0.0,0.0,0.0,0.0,0.0,0.0,0.0,1.0,90.0,0.0,0.0,0.0,0.0,0.0,0.0,0.0,0.0,0.0,0.0,0.0,0.0,0.0,0.0,0.0,1.0,0.0,0.0,0.0,0.0,0.0,0.0,0.0,0.0,0.0,0.0,,,,,,,,,,,,,,,,,,,,,,,,,,,,,
Diego Luna,us USA,"MF,FW",Real Salt Lake,19,2003,23,14,1197,13.3,0.38,0.08,0.45,0.38,0.0,0.0,0.08,0.0,0.2,0.2,0.17,0.37,2.86,5.64,4.59,0.38,0.08,0.45,0.38,0.45,0.2,0.17,0.37,0.2,0.37,Matches,2023,13.3,38.8,20.1,14.9,2.86,46.6,22.6,16.5,4.89,83.2,88.7,90.4,58.5,631.9,159.4,38.8,20.1,14.9,2.86,46.6,22.6,16.5,4.89,83.2,88.7,90.4,58.5,38.8,20.1,14.9,2.86,46.6,22.6,16.5,4.89,83.2,88.7,90.4,58.5,38.8,20.1,14.9,2.86,46.6,22.6,16.5,4.89,83.2,88.7,90.4,58.5,0.08,0.2,-0.09,2.86,4.29,1.5,0.15,0.38,1.73,0.75,43.5,1.73,0.75,0.22,0.5,18.1,0.0,0.0,0.0,0.12,0.17,0.17,57.8,0.98,7.29,28.5,22.6,3.23,57.8,1.58,51.2,1.28,41.5,36.5,1.43,2.26,1.5,42.8,0.83,0.38,0.6,0.83,0.38,31.3,0.83,1.5,1.35,1.13,1.95,0.45,0.08,4.89,4.89,0.53,0.0,0.0,0.0,0.08,0.0,0.3,0.3,0.53,0.0,0.0,0.0,0.08,0.0,0.0,0.75,0.75,0.23,1.35,1.13,0.6,0.0,0.0,0.0,5.26,0.15,18.2,,,,,,,,,,,,,,,,,,,,,,,,,,,,
Adam Lundqvist,se SWE,"DF,MF",Austin,28,1994,23,8,863,9.6,0.0,0.21,0.21,0.0,0.0,0.0,0.21,0.0,0.03,0.03,0.08,0.11,1.35,2.92,5.73,0.0,0.21,0.21,0.0,0.21,0.03,0.08,0.11,0.03,0.11,Matches,2023,9.6,33.2,15.5,14.1,3.33,46.1,18.3,18.6,6.88,72.0,84.7,75.4,48.5,601.1,174.0,33.2,15.5,14.1,3.33,46.1,18.3,18.6,6.88,72.0,84.7,75.4,48.5,33.2,15.5,14.1,3.33,46.1,18.3,18.6,6.88,72.0,84.7,75.4,48.5,33.2,15.5,14.1,3.33,46.1,18.3,18.6,6.88,72.0,84.7,75.4,48.5,0.21,0.11,0.13,0.94,2.19,1.15,0.63,0.0,0.63,0.31,50.0,0.63,0.31,0.0,0.0,22.0,0.0,0.0,0.0,0.05,-0.03,-0.03,57.8,3.02,16.8,26.1,15.2,0.73,57.8,0.83,66.7,0.31,25.0,26.8,0.21,1.15,0.52,29.9,3.02,1.77,1.56,3.02,1.77,51.5,1.67,1.77,1.35,1.25,4.27,2.29,0.0,1.88,1.88,0.1,0.0,0.0,0.0,0.1,0.0,0.21,0.21,0.1,0.0,0.0,0.0,0.1,0.0,0.0,0.73,1.04,0.1,3.96,1.25,1.56,0.0,0.1,0.0,5.42,1.15,47.8,,,,,,,,,,,,,,,,,,,,,,,,,,,,
Benjamin Lundt,de GER,GK,St. Louis,27,1995,1,1,90,1.0,0.0,0.0,0.0,0.0,0.0,0.0,0.0,0.0,0.0,0.0,0.0,0.0,0.0,0.0,0.0,0.0,0.0,0.0,0.0,0.0,0.0,0.0,0.0,0.0,0.0,Matches,2023,1.0,23.0,3.0,15.0,5.0,28.0,3.0,15.0,9.0,82.1,100.0,100.0,55.6,532.0,405.0,23.0,3.0,15.0,5.0,28.0,3.0,15.0,9.0,82.1,100.0,100.0,55.6,23.0,3.0,15.0,5.0,28.0,3.0,15.0,9.0,82.1,100.0,100.0,55.6,23.0,3.0,15.0,5.0,28.0,3.0,15.0,9.0,82.1,100.0,100.0,55.6,0.0,0.0,0.0,0.0,0.0,0.0,0.0,0.0,0.0,0.0,,0.0,0.0,,,,0.0,0.0,0.0,,0.0,0.0,30.0,27.0,30.0,0.0,0.0,0.0,30.0,0.0,,0.0,,16.0,0.0,0.0,0.0,9.0,0.0,0.0,0.0,0.0,0.0,,0.0,0.0,0.0,0.0,0.0,0.0,0.0,0.0,0.0,0.0,0.0,0.0,0.0,0.0,0.0,0.0,0.0,0.0,0.0,0.0,0.0,0.0,0.0,0.0,0.0,0.0,0.0,0.0,0.0,0.0,0.0,0.0,0.0,1.0,1.0,100.0,3.0,0.0,0.0,0.0,1.6,0.22,-1.4,-1.45,18.0,7.0,22.2,10.0,28.1,23.6,13.5,22.2,10.0,28.1,23.6,13.5,22.0,1.0,4.5,1.0,1.0,28.1,23.6,13.5
Luquinhas,br BRA,"MF,FW",NY Red Bulls,26,1996,26,23,2002,22.2,0.14,0.09,0.23,0.14,0.0,0.0,0.0,0.0,0.16,0.16,0.12,0.27,3.02,3.74,5.18,0.13,0.09,0.22,0.13,0.22,0.16,0.12,0.27,0.16,0.27,Matches,2023,22.2,19.4,11.4,6.13,0.77,24.5,13.3,7.66,1.31,79.1,85.8,80.0,58.6,271.3,83.4,19.4,11.4,6.13,0.77,24.5,13.3,7.66,1.31,79.1,85.8,80.0,58.6,19.4,11.4,6.13,0.77,24.5,13.3,7.66,1.31,79.1,85.8,80.0,58.6,19.4,11.4,6.13,0.77,24.5,13.3,7.66,1.31,79.1,85.8,80.0,58.6,0.09,0.11,-0.03,1.49,2.12,1.26,0.05,0.14,1.8,0.54,30.0,1.8,0.54,0.08,0.25,18.9,0.0,0.0,0.0,0.09,-0.02,-0.02,37.5,0.27,3.51,15.4,19.8,2.84,37.5,2.21,41.9,1.89,35.9,26.3,0.86,2.61,1.35,26.0,1.26,0.54,0.68,1.26,0.54,37.5,0.9,1.08,1.04,0.63,1.89,0.09,0.0,3.92,3.91,0.36,0.0,0.54,0.05,0.05,0.0,0.32,0.31,0.36,0.0,0.54,0.05,0.05,0.0,0.0,0.63,3.29,0.0,0.23,0.63,0.68,0.05,0.0,0.0,5.99,0.27,25.0,,,,,,,,,,,,,,,,,,,,,,,,,,,,
Jack Lynn,us USA,"MF,FW",Orlando City,23,2000,3,0,36,0.4,0.0,0.0,0.0,0.0,0.0,0.0,0.0,0.0,0.25,0.25,0.0,0.25,0.0,2.5,5.0,0.0,0.0,0.0,0.0,0.0,0.17,0.0,0.17,0.17,0.17,Matches,2023,0.4,15.0,7.5,2.5,5.0,20.0,10.0,5.0,5.0,75.0,75.0,50.0,100.0,332.5,215.0,15.0,7.5,2.5,5.0,20.0,10.0,5.0,5.0,75.0,75.0,50.0,100.0,15.0,7.5,2.5,5.0,20.0,10.0,5.0,5.0,75.0,75.0,50.0,100.0,15.0,7.5,2.5,5.0,20.0,10.0,5.0,5.0,75.0,75.0,50.0,100.0,0.0,0.0,0.0,0.0,2.5,0.0,0.0,0.0,2.5,2.5,100.0,2.5,2.5,0.0,0.0,11.6,0.0,0.0,0.0,0.07,-0.25,-0.25,30.0,5.0,12.5,10.0,7.5,2.5,30.0,0.0,,0.0,,5.0,0.0,0.0,0.0,15.0,0.0,0.0,0.0,0.0,0.0,,0.0,0.0,0.0,2.5,2.5,5.0,0.0,5.0,5.0,0.0,0.0,0.0,0.0,0.0,0.0,0.0,0.0,0.0,0.0,0.0,0.0,0.0,0.0,0.0,2.5,5.0,2.5,0.0,2.5,0.0,0.0,0.0,0.0,10.0,7.5,60.0,,,,,,,,,,,,,,,,,,,,,,,,,,,,
Larrys Mabiala,cd COD,DF,Portland Timbers,35,1987,21,9,879,9.8,0.1,0.0,0.1,0.1,0.0,0.0,0.31,0.0,0.16,0.16,0.0,0.16,0.41,1.73,0.0,0.1,0.0,0.1,0.1,0.1,0.16,0.0,0.17,0.16,0.17,Matches,2023,9.8,40.1,11.4,21.1,7.24,47.8,12.6,23.4,10.4,84.0,91.1,90.4,69.6,869.7,307.8,40.1,11.4,21.1,7.24,47.8,12.6,23.4,10.4,84.0,91.1,90.4,69.6,40.1,11.4,21.1,7.24,47.8,12.6,23.4,10.4,84.0,91.1,90.4,69.6,40.1,11.4,21.1,7.24,47.8,12.6,23.4,10.4,84.0,91.1,90.4,69.6,0.0,0.01,0.0,0.1,2.04,0.1,0.0,0.1,0.71,0.1,14.3,0.72,0.1,0.14,1.0,8.5,0.0,0.0,0.0,0.23,-0.06,-0.06,57.1,7.14,28.0,27.7,1.94,1.12,57.1,0.0,0.0,0.1,100.0,31.2,0.0,0.1,0.0,35.4,1.33,0.92,0.82,1.33,0.92,56.3,0.71,1.22,0.51,1.12,2.45,4.08,0.0,0.31,0.31,0.0,0.0,0.0,0.0,0.0,0.0,0.1,0.1,0.0,0.0,0.0,0.0,0.0,0.0,0.0,1.22,0.71,0.1,0.0,1.12,0.82,0.0,0.0,0.1,4.8,1.94,57.6,,,,,,,,,,,,,,,,,,,,,,,,,,,,
Aimé Mabika,zm ZAM,DF,Toronto FC,24,1998,21,17,1516,16.8,0.0,0.0,0.0,0.0,0.0,0.0,0.12,0.0,0.04,0.04,0.0,0.04,0.24,1.96,0.06,0.0,0.0,0.0,0.0,0.0,0.04,0.0,0.04,0.04,0.04,Matches,2023,16.8,45.2,17.5,23.9,3.51,50.9,19.0,25.8,4.76,88.9,91.9,92.4,73.8,827.1,313.4,45.2,17.5,23.9,3.51,50.9,19.0,25.8,4.76,88.9,91.9,92.4,73.8,45.2,17.5,23.9,3.51,50.9,19.0,25.8,4.76,88.9,91.9,92.4,73.8,45.2,17.5,23.9,3.51,50.9,19.0,25.8,4.76,88.9,91.9,92.4,73.8,0.0,0.01,0.0,0.06,1.85,0.12,0.0,0.0,0.36,0.06,16.7,0.36,0.06,0.0,0.0,8.4,0.0,0.0,0.0,0.11,-0.04,-0.04,61.2,9.76,38.2,22.4,1.25,0.54,61.2,0.71,80.0,0.12,13.3,38.4,0.06,0.77,0.24,40.6,1.49,0.65,1.13,1.49,0.65,64.7,0.36,2.14,0.48,0.65,2.14,3.63,0.06,0.24,0.24,0.0,0.0,0.0,0.0,0.0,0.0,0.0,0.0,0.0,0.0,0.0,0.0,0.0,0.0,0.0,0.6,0.65,0.0,0.0,0.65,1.13,0.0,0.0,0.06,5.3,2.5,80.8,,,,,,,,,,,,,,,,,,,,,,,,,,,,
Zac MacMath,us USA,GK,Real Salt Lake,31,1991,28,28,2475,27.5,0.0,0.0,0.0,0.0,0.0,0.0,0.07,0.0,0.0,0.0,0.0,0.0,0.0,0.0,0.0,0.0,0.0,0.0,0.0,0.0,0.0,0.0,0.0,0.0,0.0,Matches,2023,27.5,25.1,4.58,12.0,8.51,35.2,4.69,12.2,18.1,71.4,97.7,98.5,47.0,709.9,525.3,25.1,4.58,12.0,8.51,35.2,4.69,12.2,18.1,71.4,97.7,98.5,47.0,25.1,4.58,12.0,8.51,35.2,4.69,12.2,18.1,71.4,97.7,98.5,47.0,25.1,4.58,12.0,8.51,35.2,4.69,12.2,18.1,71.4,97.7,98.5,47.0,0.0,0.0,0.0,0.04,0.58,0.0,0.0,0.0,0.0,0.0,,0.0,0.0,,,,0.0,0.0,0.0,,0.0,0.0,37.8,27.5,37.1,0.73,0.0,0.0,37.8,0.04,50.0,0.04,50.0,19.5,0.04,0.0,0.0,14.6,0.0,0.0,0.0,0.0,0.0,,0.0,0.0,0.0,0.04,0.04,0.62,0.11,0.36,0.36,0.0,0.0,0.0,0.0,0.0,0.0,0.11,0.11,0.0,0.0,0.0,0.0,0.0,0.0,0.0,0.0,0.18,0.0,0.0,0.04,0.0,0.0,0.0,0.0,2.36,0.29,88.9,1.31,0.07,0.15,0.04,1.27,0.27,-0.0,0.0,27.6,4.44,34.7,57.8,34.3,44.4,17.7,34.7,57.8,34.3,44.4,17.7,12.1,0.73,6.0,2.25,2.25,34.3,44.4,17.7
Lukas MacNaughton,ca CAN,DF,Toronto FC,27,1995,3,2,180,2.0,0.0,0.0,0.0,0.0,0.0,0.0,0.0,0.0,0.0,0.0,0.0,0.0,0.0,3.0,0.0,0.0,0.0,0.0,0.0,0.0,0.0,0.0,0.0,0.0,0.0,Matches,2023,2.0,50.5,20.5,26.0,4.0,55.0,21.0,27.0,5.0,91.8,97.6,96.3,80.0,928.0,326.5,50.5,20.5,26.0,4.0,55.0,21.0,27.0,5.0,91.8,97.6,96.3,80.0,50.5,20.5,26.0,4.0,55.0,21.0,27.0,5.0,91.8,97.6,96.3,80.0,50.5,20.5,26.0,4.0,55.0,21.0,27.0,5.0,91.8,97.6,96.3,80.0,0.0,0.0,0.0,0.0,1.5,0.0,0.0,0.0,0.0,0.0,,0.0,0.0,,,,0.0,0.0,0.0,,0.0,0.0,62.5,11.0,38.0,26.0,0.0,0.0,62.5,0.5,100.0,0.0,0.0,31.5,0.0,0.0,0.0,43.5,1.5,1.0,0.5,1.5,1.0,100.0,0.0,1.0,0.0,1.0,2.5,3.0,0.5,0.0,0.0,0.0,0.0,0.0,0.0,0.0,0.0,0.0,0.0,0.0,0.0,0.0,0.0,0.0,0.0,0.0,0.5,0.5,0.0,0.0,1.0,0.5,0.0,0.0,0.5,5.5,1.0,100.0,,,,,,,,,,,,,,,,,,,,,,,,,,,,
Lukas MacNaughton,ca CAN,DF,Nashville SC,27,1995,14,13,1075,11.9,0.08,0.0,0.08,0.08,0.0,0.0,0.0,0.0,0.13,0.13,0.01,0.13,0.25,0.67,0.08,0.08,0.0,0.08,0.08,0.08,0.12,0.01,0.13,0.12,0.13,Matches,2023,11.9,45.9,13.3,25.6,6.13,53.8,14.5,28.2,9.5,85.3,91.9,90.8,64.6,950.7,339.6,45.9,13.3,25.6,6.13,53.8,14.5,28.2,9.5,85.3,91.9,90.8,64.6,45.9,13.3,25.6,6.13,53.8,14.5,28.2,9.5,85.3,91.9,90.8,64.6,45.9,13.3,25.6,6.13,53.8,14.5,28.2,9.5,85.3,91.9,90.8,64.6,0.0,0.01,-0.01,0.17,1.18,0.0,0.0,0.08,0.67,0.17,25.0,0.67,0.17,0.13,0.5,7.8,0.0,0.0,0.0,0.19,-0.04,-0.04,64.5,10.0,35.4,26.0,3.45,1.26,64.5,0.08,50.0,0.08,50.0,36.6,0.0,0.34,0.0,42.2,0.92,0.34,0.67,0.92,0.34,40.0,0.5,0.84,0.25,2.52,3.45,4.12,0.08,1.01,1.0,0.0,0.0,0.08,0.08,0.0,0.0,0.08,0.08,0.0,0.0,0.08,0.08,0.0,0.0,0.0,0.67,1.09,0.08,0.17,2.52,0.67,0.08,0.0,0.0,4.71,1.51,41.9,,,,,,,,,,,,,,,,,,,,,,,,,,,,
Talles Magno,br BRA,FW,NYCFC,20,2002,30,20,1907,21.2,0.19,0.09,0.28,0.19,0.0,0.0,0.05,0.0,0.29,0.29,0.13,0.42,3.54,3.63,8.54,0.19,0.09,0.28,0.19,0.28,0.29,0.13,0.43,0.29,0.43,Matches,2023,21.2,24.3,15.0,6.84,1.46,30.0,17.2,8.25,1.89,81.0,87.4,82.9,77.5,346.6,79.7,24.3,15.0,6.84,1.46,30.0,17.2,8.25,1.89,81.0,87.4,82.9,77.5,24.3,15.0,6.84,1.46,30.0,17.2,8.25,1.89,81.0,87.4,82.9,77.5,24.3,15.0,6.84,1.46,30.0,17.2,8.25,1.89,81.0,87.4,82.9,77.5,0.09,0.15,-0.04,1.27,2.55,1.23,0.0,0.19,2.41,1.32,54.9,2.41,1.32,0.08,0.14,14.6,0.0,0.0,0.0,0.12,-0.1,-0.1,43.9,0.61,3.11,19.8,21.6,4.81,43.9,1.89,40.8,2.08,44.9,30.2,1.42,3.3,2.08,35.0,1.42,0.66,0.75,1.42,0.66,63.6,0.38,0.75,0.75,0.24,1.65,0.38,0.0,3.02,3.02,0.19,0.0,0.19,0.05,0.05,0.0,0.28,0.28,0.19,0.0,0.19,0.05,0.05,0.0,0.0,0.9,2.31,0.75,0.33,0.24,0.75,0.0,0.0,0.0,3.58,1.18,43.9,,,,,,,,,,,,,,,,,,,,,,,,,,,,
Jack Maher,us USA,DF,Nashville SC,23,1999,32,32,2880,32.0,0.03,0.0,0.03,0.03,0.0,0.0,0.09,0.0,0.03,0.03,0.01,0.04,0.03,1.91,0.06,0.03,0.0,0.03,0.03,0.03,0.03,0.01,0.04,0.03,0.04,Matches,2023,32.0,45.2,9.94,28.5,6.56,51.2,11.0,30.3,9.34,88.3,90.6,94.1,70.2,972.3,324.4,45.2,9.94,28.5,6.56,51.2,11.0,30.3,9.34,88.3,90.6,94.1,70.2,45.2,9.94,28.5,6.56,51.2,11.0,30.3,9.34,88.3,90.6,94.1,70.2,45.2,9.94,28.5,6.56,51.2,11.0,30.3,9.34,88.3,90.6,94.1,70.2,0.0,0.01,-0.01,0.13,1.63,0.06,0.03,0.03,0.34,0.13,36.4,0.34,0.12,0.09,0.25,9.5,0.0,0.0,0.0,0.09,0.0,0.0,59.7,9.78,36.3,22.4,1.16,0.84,59.7,0.03,100.0,0.0,0.0,32.1,0.0,0.25,0.03,41.0,1.16,0.63,0.69,1.16,0.63,71.4,0.25,0.78,0.25,0.72,1.88,4.0,0.0,0.47,0.47,0.0,0.0,0.0,0.0,0.03,0.0,0.0,0.0,0.0,0.0,0.0,0.0,0.03,0.0,0.0,0.63,0.25,0.0,0.06,0.72,0.69,0.0,0.0,0.03,4.19,2.44,70.3,,,,,,,,,,,,,,,,,,,,,,,,,,,,
Cassius Mailula,za RSA,"FW,MF",Toronto FC,21,2001,3,0,71,0.8,0.0,0.0,0.0,0.0,0.0,0.0,0.0,0.0,0.25,0.25,0.0,0.37,1.25,1.25,6.25,0.0,0.0,0.0,0.0,0.0,0.31,0.03,0.35,0.31,0.35,Matches,2023,0.8,16.3,5.0,10.0,0.0,18.8,6.25,10.0,0.0,86.7,80.0,100.0,,242.5,16.3,16.3,5.0,10.0,0.0,18.8,6.25,10.0,0.0,86.7,80.0,100.0,,16.3,5.0,10.0,0.0,18.8,6.25,10.0,0.0,86.7,80.0,100.0,,16.3,5.0,10.0,0.0,18.8,6.25,10.0,0.0,86.7,80.0,100.0,,0.0,0.0,0.0,1.25,1.25,0.0,0.0,0.0,3.75,1.25,33.3,3.8,1.27,0.0,0.0,17.3,0.0,0.0,0.0,0.08,-0.25,-0.25,30.0,0.0,2.5,7.5,20.0,3.75,30.0,1.25,100.0,0.0,0.0,17.5,0.0,2.5,0.0,20.0,0.0,0.0,0.0,0.0,0.0,0.0,2.5,0.0,0.0,1.25,1.25,0.0,0.0,1.25,1.27,0.0,0.0,0.0,0.0,0.0,0.0,0.0,0.0,0.0,0.0,0.0,0.0,0.0,0.0,0.0,2.5,1.25,0.0,0.0,1.25,0.0,0.0,0.0,0.0,2.5,0.0,,,,,,,,,,,,,,,,,,,,,,,,,,,,,
Christian Makoun,ve VEN,"DF,MF",NE Revolution,22,2000,9,5,488,5.4,0.0,0.19,0.19,0.0,0.0,0.0,0.0,0.0,0.04,0.04,0.06,0.09,1.3,5.0,1.11,0.0,0.18,0.18,0.0,0.18,0.04,0.06,0.1,0.04,0.1,Matches,2023,5.4,45.0,18.9,21.1,4.44,56.5,20.6,25.2,8.33,79.7,91.9,83.8,53.3,830.9,275.9,45.0,18.9,21.1,4.44,56.5,20.6,25.2,8.33,79.7,91.9,83.8,53.3,45.0,18.9,21.1,4.44,56.5,20.6,25.2,8.33,79.7,91.9,83.8,53.3,45.0,18.9,21.1,4.44,56.5,20.6,25.2,8.33,79.7,91.9,83.8,53.3,0.19,0.07,0.13,0.56,5.0,0.37,0.19,0.0,1.11,0.37,33.3,1.11,0.37,0.0,0.0,26.7,0.0,0.0,0.0,0.03,-0.04,-0.04,67.2,3.89,21.5,39.1,6.85,1.11,67.2,0.37,66.7,0.19,33.3,39.3,0.19,0.37,0.56,46.1,2.59,0.93,1.11,2.59,0.93,62.5,0.56,1.11,0.74,1.11,3.7,2.78,0.0,0.93,0.92,0.19,0.0,0.0,0.0,0.0,0.0,0.19,0.18,0.19,0.0,0.0,0.0,0.0,0.0,0.0,1.67,0.19,0.0,0.93,1.11,1.11,0.0,0.0,0.0,5.19,0.74,40.0,,,,,,,,,,,,,,,,,,,,,,,,,,,,
Adilson Malanda,fr FRA,DF,Charlotte,21,2001,29,29,2565,28.5,0.0,0.04,0.04,0.0,0.0,0.0,0.18,0.0,0.03,0.03,0.02,0.05,0.11,2.81,0.25,0.0,0.04,0.04,0.0,0.04,0.03,0.02,0.05,0.03,0.05,Matches,2023,28.5,48.7,14.7,27.6,5.75,59.6,17.4,30.5,10.2,81.6,84.6,90.6,56.6,978.1,361.6,48.7,14.7,27.6,5.75,59.6,17.4,30.5,10.2,81.6,84.6,90.6,56.6,48.7,14.7,27.6,5.75,59.6,17.4,30.5,10.2,81.6,84.6,90.6,56.6,48.7,14.7,27.6,5.75,59.6,17.4,30.5,10.2,81.6,84.6,90.6,56.6,0.04,0.03,0.01,0.18,2.07,0.07,0.07,0.0,0.32,0.07,22.2,0.32,0.07,0.0,0.0,9.8,0.0,0.0,0.0,0.08,-0.03,-0.03,69.8,8.56,38.4,29.7,2.18,0.63,69.8,0.21,50.0,0.14,33.3,37.8,0.0,0.49,0.18,43.4,1.37,0.81,0.84,1.37,0.81,62.2,0.49,1.4,0.6,1.12,2.49,4.07,0.07,0.39,0.39,0.0,0.0,0.0,0.0,0.0,0.0,0.07,0.07,0.0,0.0,0.0,0.0,0.0,0.0,0.0,1.23,0.53,0.04,0.14,1.12,0.84,0.0,0.04,0.0,7.37,3.37,63.6,,,,,,,,,,,,,,,,,,,,,,,,,,,,
Denil Maldonado,hn HON,DF,LAFC,24,1998,21,19,1672,18.6,0.05,0.0,0.05,0.05,0.0,0.0,0.27,0.0,0.05,0.05,0.04,0.09,0.27,2.2,0.48,0.05,0.0,0.05,0.05,0.05,0.05,0.04,0.08,0.05,0.08,Matches,2023,18.6,45.1,14.5,24.5,5.7,53.2,15.8,26.6,9.25,84.7,91.5,92.1,61.6,910.1,310.3,45.1,14.5,24.5,5.7,53.2,15.8,26.6,9.25,84.7,91.5,92.1,61.6,45.1,14.5,24.5,5.7,53.2,15.8,26.6,9.25,84.7,91.5,92.1,61.6,45.1,14.5,24.5,5.7,53.2,15.8,26.6,9.25,84.7,91.5,92.1,61.6,0.0,0.03,-0.04,0.22,3.39,0.05,0.0,0.05,0.32,0.11,33.3,0.32,0.11,0.17,0.5,9.0,0.0,0.0,0.0,0.14,0.01,0.01,62.4,5.91,30.0,30.1,2.69,0.97,62.4,0.27,50.0,0.27,50.0,38.6,0.0,0.65,0.22,41.2,1.13,0.65,0.75,1.13,0.65,44.4,0.81,1.02,0.32,1.24,2.37,3.49,0.0,0.81,0.81,0.0,0.0,0.0,0.0,0.11,0.0,0.11,0.11,0.0,0.0,0.0,0.0,0.11,0.0,0.0,1.13,0.54,0.0,0.22,1.24,0.75,0.0,0.11,0.0,5.81,2.63,66.2,,,,,,,,,,,,,,,,,,,,,,,,,,,,
Machop Malual,ss SSD,"FW,MF",Atlanta Utd,24,1998,19,4,469,5.2,0.38,0.0,0.38,0.38,0.0,0.0,0.38,0.0,0.23,0.23,0.06,0.29,2.5,2.5,6.15,0.38,0.0,0.38,0.38,0.38,0.23,0.05,0.28,0.23,0.28,Matches,2023,5.2,18.3,10.4,6.73,0.38,23.8,13.5,7.5,0.58,76.6,77.1,89.7,66.7,259.4,45.2,18.3,10.4,6.73,0.38,23.8,13.5,7.5,0.58,76.6,77.1,89.7,66.7,18.3,10.4,6.73,0.38,23.8,13.5,7.5,0.58,76.6,77.1,89.7,66.7,18.3,10.4,6.73,0.38,23.8,13.5,7.5,0.58,76.6,77.1,89.7,66.7,0.0,0.06,-0.06,0.58,1.92,0.96,0.19,0.38,2.5,0.77,30.8,2.49,0.77,0.15,0.5,13.7,0.0,0.0,0.0,0.09,0.15,0.15,38.5,0.38,2.88,18.5,17.7,3.46,38.5,1.92,41.7,1.92,41.7,20.4,1.15,2.88,1.35,26.2,1.35,0.38,0.77,1.35,0.38,100.0,0.0,1.73,1.54,0.58,1.92,0.0,0.0,3.46,3.45,0.96,0.0,0.38,0.0,0.0,0.0,0.38,0.38,0.96,0.0,0.38,0.0,0.0,0.0,0.0,1.35,1.54,0.58,0.77,0.58,0.77,0.0,0.19,0.0,1.92,1.73,33.3,,,,,,,,,,,,,,,,,,,,,,,,,,,,
Elias Manoel,br BRA,FW,NY Red Bulls,21,2001,28,19,1658,18.4,0.16,0.16,0.33,0.16,0.0,0.05,0.11,0.0,0.32,0.28,0.13,0.41,1.25,0.65,7.34,0.16,0.16,0.33,0.16,0.33,0.32,0.13,0.45,0.28,0.41,Matches,2023,18.4,11.8,6.96,2.93,1.09,17.4,9.46,4.18,1.41,67.8,73.6,70.1,76.9,169.0,22.4,11.8,6.96,2.93,1.09,17.4,9.46,4.18,1.41,67.8,73.6,70.1,76.9,11.8,6.96,2.93,1.09,17.4,9.46,4.18,1.41,67.8,73.6,70.1,76.9,11.8,6.96,2.93,1.09,17.4,9.46,4.18,1.41,67.8,73.6,70.1,76.9,0.16,0.09,0.03,0.92,0.54,0.33,0.11,0.16,2.17,0.87,40.0,2.17,0.87,0.08,0.19,15.2,0.0,0.0,0.05,0.13,-0.16,-0.11,28.7,0.27,1.2,8.75,18.8,4.73,28.6,0.43,36.4,0.76,63.6,14.4,0.87,3.91,1.25,20.2,0.6,0.22,0.27,0.6,0.22,33.3,0.43,1.3,1.3,0.22,0.82,0.27,0.0,2.23,2.23,0.33,0.05,0.05,0.0,0.05,0.0,0.33,0.33,0.33,0.05,0.05,0.0,0.05,0.0,0.0,1.14,0.33,0.38,0.54,0.22,0.27,0.0,0.0,0.0,2.34,1.2,29.3,,,,,,,,,,,,,,,,,,,,,,,,,,,,
J.T. Marcinkowski,us USA,GK,SJ Earthquakes,25,1997,13,12,1112,12.4,0.0,0.0,0.0,0.0,0.0,0.0,0.08,0.0,0.0,0.0,0.0,0.0,0.0,0.0,0.0,0.0,0.0,0.0,0.0,0.0,0.0,0.0,0.0,0.0,0.0,Matches,2023,12.4,19.3,4.6,7.34,7.18,27.8,4.6,7.42,15.2,69.3,100.0,98.9,47.1,526.7,385.2,19.3,4.6,7.34,7.18,27.8,4.6,7.42,15.2,69.3,100.0,98.9,47.1,19.3,4.6,7.34,7.18,27.8,4.6,7.42,15.2,69.3,100.0,98.9,47.1,19.3,4.6,7.34,7.18,27.8,4.6,7.42,15.2,69.3,100.0,98.9,47.1,0.0,0.0,0.0,0.0,0.24,0.0,0.0,0.0,0.0,0.0,,0.0,0.0,,,,0.0,0.0,0.0,,0.0,0.0,30.3,27.1,30.2,0.08,0.0,0.0,30.3,0.0,,0.0,,15.2,0.0,0.16,0.0,10.8,0.0,0.0,0.0,0.0,0.0,,0.0,0.0,0.0,0.0,0.0,0.48,0.0,0.16,0.16,0.0,0.0,0.0,0.0,0.0,0.0,0.0,0.0,0.0,0.0,0.0,0.0,0.0,0.0,0.0,0.0,0.08,0.0,0.0,0.0,0.0,0.0,0.0,0.0,0.56,0.08,100.0,1.21,0.16,0.16,0.0,1.32,0.3,0.11,0.11,19.4,4.27,41.3,44.0,36.1,36.9,8.5,41.3,44.0,36.1,36.9,8.5,14.0,0.97,6.9,0.16,0.16,36.1,36.9,8.5
Paul Marie,fr FRA,DF,SJ Earthquakes,27,1995,33,21,2004,22.3,0.04,0.04,0.09,0.04,0.0,0.0,0.36,0.0,0.06,0.06,0.04,0.1,2.29,4.26,4.75,0.04,0.04,0.09,0.04,0.09,0.06,0.04,0.1,0.06,0.1,Matches,2023,22.3,39.1,20.3,15.8,1.84,50.9,23.1,19.7,4.93,76.8,87.6,80.2,37.3,606.8,236.1,39.1,20.3,15.8,1.84,50.9,23.1,19.7,4.93,76.8,87.6,80.2,37.3,39.1,20.3,15.8,1.84,50.9,23.1,19.7,4.93,76.8,87.6,80.2,37.3,39.1,20.3,15.8,1.84,50.9,23.1,19.7,4.93,76.8,87.6,80.2,37.3,0.04,0.08,0.01,0.58,2.69,1.08,0.27,0.04,1.03,0.22,21.7,1.03,0.22,0.04,0.2,21.3,0.0,0.0,0.0,0.06,-0.02,-0.02,63.9,3.32,21.4,27.6,15.7,1.39,63.9,1.52,49.3,1.35,43.5,34.2,0.36,1.3,0.49,35.9,2.91,1.66,1.66,2.91,1.66,46.3,1.93,1.84,1.52,1.17,4.08,2.11,0.0,1.7,1.71,0.18,0.0,0.13,0.0,0.0,0.0,0.13,0.13,0.18,0.0,0.13,0.0,0.0,0.0,0.0,1.17,1.35,0.09,1.3,1.17,1.66,0.0,0.04,0.0,5.96,0.72,40.0,,,,,,,,,,,,,,,,,,,,,,,,,,,,
Anthony Markanich,ph PHI,DF,Colorado Rapids,23,1999,10,3,340,3.8,0.0,0.0,0.0,0.0,0.0,0.0,0.0,0.0,0.18,0.18,0.05,0.24,1.58,2.37,2.63,0.0,0.0,0.0,0.0,0.0,0.19,0.05,0.24,0.19,0.24,Matches,2023,3.8,33.2,16.1,14.5,1.32,47.6,18.9,20.5,5.26,69.6,84.7,70.5,25.0,518.7,194.7,33.2,16.1,14.5,1.32,47.6,18.9,20.5,5.26,69.6,84.7,70.5,25.0,33.2,16.1,14.5,1.32,47.6,18.9,20.5,5.26,69.6,84.7,70.5,25.0,33.2,16.1,14.5,1.32,47.6,18.9,20.5,5.26,69.6,84.7,70.5,25.0,0.0,0.03,-0.05,0.53,2.63,0.53,0.26,0.0,2.11,0.0,0.0,2.12,0.0,0.0,,13.2,0.0,0.0,0.0,0.09,-0.18,-0.18,64.5,4.74,21.3,31.1,13.4,2.89,64.5,0.26,33.3,0.53,66.7,22.1,0.0,2.37,0.26,29.5,3.42,1.84,1.84,3.42,1.84,50.0,1.84,2.11,1.58,1.32,4.74,4.47,0.0,2.37,2.38,0.0,0.0,0.0,0.0,0.0,0.0,0.0,0.0,0.0,0.0,0.0,0.0,0.0,0.0,0.0,0.79,1.58,0.0,1.58,1.32,1.84,0.0,0.0,0.0,5.53,4.47,89.5,,,,,,,,,,,,,,,,,,,,,,,,,,,,
Anthony Markanich,ph PHI,DF,St. Louis,23,1999,10,7,656,7.3,0.14,0.0,0.14,0.14,0.0,0.0,0.55,0.0,0.04,0.04,0.19,0.23,2.19,2.47,2.47,0.14,0.0,0.14,0.14,0.14,0.04,0.19,0.24,0.04,0.24,Matches,2023,7.3,29.6,13.8,13.3,1.92,44.1,17.8,19.0,5.34,67.1,77.7,69.8,35.9,503.0,214.2,29.6,13.8,13.3,1.92,44.1,17.8,19.0,5.34,67.1,77.7,69.8,35.9,29.6,13.8,13.3,1.92,44.1,17.8,19.0,5.34,67.1,77.7,69.8,35.9,29.6,13.8,13.3,1.92,44.1,17.8,19.0,5.34,67.1,77.7,69.8,35.9,0.0,0.05,-0.19,1.23,3.56,0.55,0.0,0.14,0.82,0.41,50.0,0.82,0.41,0.17,0.33,22.8,0.0,0.0,0.0,0.05,0.1,0.1,55.6,3.42,17.8,26.0,12.9,1.37,55.6,0.27,28.6,0.55,57.1,21.9,0.41,0.68,0.14,26.3,2.47,0.96,1.37,2.47,0.96,46.7,1.1,1.51,1.1,1.92,4.38,1.92,0.0,1.78,1.78,0.0,0.0,0.0,0.0,0.0,0.0,0.14,0.14,0.0,0.0,0.0,0.0,0.0,0.0,0.0,1.37,0.68,0.0,2.47,1.92,1.37,0.0,0.14,0.0,5.21,2.19,72.7,,,,,,,,,,,,,,,,,,,,,,,,,,,,
George Marks,us USA,GK,Charlotte,23,1999,7,7,630,7.0,0.0,0.0,0.0,0.0,0.0,0.0,0.14,0.0,0.0,0.0,0.0,0.0,0.0,0.0,0.0,0.0,0.0,0.0,0.0,0.0,0.0,0.0,0.0,0.0,0.0,Matches,2023,7.0,28.0,5.71,12.4,9.71,36.7,5.71,12.7,18.0,76.3,100.0,97.8,54.0,783.1,579.1,28.0,5.71,12.4,9.71,36.7,5.71,12.7,18.0,76.3,100.0,97.8,54.0,28.0,5.71,12.4,9.71,36.7,5.71,12.7,18.0,76.3,100.0,97.8,54.0,28.0,5.71,12.4,9.71,36.7,5.71,12.7,18.0,76.3,100.0,97.8,54.0,0.0,0.0,0.0,0.0,0.86,0.0,0.0,0.0,0.0,0.0,,0.0,0.0,,,,0.0,0.0,0.0,,0.0,0.0,40.3,34.7,40.1,0.14,0.0,0.0,40.3,0.0,,0.0,,18.9,0.0,0.14,0.0,20.0,0.14,0.0,0.14,0.14,0.0,,0.0,0.0,0.0,0.0,0.14,0.57,0.14,0.29,0.29,0.0,0.0,0.0,0.0,0.0,0.0,0.0,0.0,0.0,0.0,0.0,0.0,0.0,0.0,0.0,0.0,0.14,0.0,0.0,0.0,0.14,0.0,0.0,0.0,0.86,0.14,100.0,1.71,0.14,0.29,0.0,1.71,0.27,0.0,0.0,29.0,3.57,32.0,43.4,32.9,40.1,11.3,32.0,43.4,32.9,40.1,11.3,11.4,0.43,3.8,0.14,0.14,32.9,40.1,11.3
Mikael Marques,se SWE,MF,Minnesota Utd,21,2001,1,0,6,0.1,0.0,0.0,0.0,0.0,0.0,0.0,0.0,0.0,0.0,0.0,0.0,0.0,0.0,10.0,0.0,0.0,0.0,0.0,0.0,0.0,0.0,0.0,0.0,0.0,0.0,Matches,2023,0.1,30.0,20.0,0.0,10.0,40.0,30.0,0.0,10.0,75.0,66.7,,100.0,550.0,280.0,30.0,20.0,0.0,10.0,40.0,30.0,0.0,10.0,75.0,66.7,,100.0,30.0,20.0,0.0,10.0,40.0,30.0,0.0,10.0,75.0,66.7,,100.0,30.0,20.0,0.0,10.0,40.0,30.0,0.0,10.0,75.0,66.7,,100.0,0.0,0.0,0.0,0.0,20.0,0.0,0.0,0.0,0.0,0.0,,0.0,0.0,,,,0.0,0.0,0.0,,0.0,0.0,60.0,10.0,20.0,40.0,0.0,0.0,60.0,0.0,0.0,10.0,100.0,20.0,0.0,0.0,10.0,20.0,0.0,0.0,0.0,0.0,0.0,,0.0,0.0,0.0,0.0,0.0,10.0,0.0,0.0,0.0,0.0,0.0,0.0,0.0,0.0,0.0,0.0,0.0,0.0,0.0,0.0,0.0,0.0,0.0,0.0,0.0,0.0,0.0,0.0,0.0,0.0,0.0,0.0,0.0,0.0,0.0,,,,,,,,,,,,,,,,,,,,,,,,,,,,,
Jahkeele Marshall-Rutty,ca CAN,"MF,DF",Toronto FC,18,2004,22,11,1148,12.8,0.0,0.08,0.08,0.0,0.0,0.0,0.23,0.08,0.1,0.1,0.05,0.16,2.97,2.42,5.86,0.0,0.08,0.08,0.0,0.08,0.1,0.06,0.16,0.1,0.16,Matches,2023,12.8,37.8,22.6,12.1,1.02,43.9,24.7,13.8,2.27,86.1,91.5,87.6,44.8,509.3,108.4,37.8,22.6,12.1,1.02,43.9,24.7,13.8,2.27,86.1,91.5,87.6,44.8,37.8,22.6,12.1,1.02,43.9,24.7,13.8,2.27,86.1,91.5,87.6,44.8,37.8,22.6,12.1,1.02,43.9,24.7,13.8,2.27,86.1,91.5,87.6,44.8,0.08,0.05,0.02,0.86,1.41,0.7,0.47,0.0,1.8,0.7,39.1,1.8,0.71,0.0,0.0,20.9,0.0,0.0,0.0,0.06,-0.1,-0.1,53.6,1.8,11.3,24.4,18.3,1.88,53.6,0.7,37.5,0.63,33.3,31.0,0.78,1.56,0.63,37.2,2.27,0.94,1.17,2.27,0.94,50.0,0.94,1.02,0.94,0.47,2.73,0.94,0.0,1.88,1.88,0.08,0.0,0.16,0.0,0.08,0.0,0.08,0.08,0.08,0.0,0.16,0.0,0.08,0.0,0.08,0.63,1.17,0.08,2.97,0.47,1.17,0.0,0.0,0.0,3.91,0.23,25.0,,,,,,,,,,,,,,,,,,,,,,,,,,,,
Alonso Martínez,cr CRC,"FW,DF",NYCFC,24,1998,3,0,33,0.4,0.0,0.0,0.0,0.0,0.0,0.0,0.0,0.0,0.0,0.0,0.0,0.0,2.5,0.0,12.5,0.0,0.0,0.0,0.0,0.0,0.1,0.0,0.1,0.1,0.1,Matches,2023,0.4,27.5,12.5,7.5,0.0,30.0,12.5,10.0,0.0,91.7,100.0,75.0,,335.0,60.0,27.5,12.5,7.5,0.0,30.0,12.5,10.0,0.0,91.7,100.0,75.0,,27.5,12.5,7.5,0.0,30.0,12.5,10.0,0.0,91.7,100.0,75.0,,27.5,12.5,7.5,0.0,30.0,12.5,10.0,0.0,91.7,100.0,75.0,,0.0,0.0,0.0,0.0,0.0,0.0,0.0,0.0,5.0,0.0,0.0,5.45,0.0,0.0,,22.5,0.0,0.0,0.0,0.02,0.0,0.0,52.5,0.0,5.0,20.0,27.5,2.5,52.5,0.0,0.0,5.0,66.7,30.0,0.0,0.0,5.0,32.5,2.5,2.5,2.5,2.5,2.5,100.0,0.0,10.0,10.0,0.0,2.5,0.0,0.0,0.0,0.0,0.0,0.0,0.0,0.0,0.0,0.0,0.0,0.0,0.0,0.0,0.0,0.0,0.0,0.0,0.0,0.0,2.5,0.0,0.0,0.0,2.5,0.0,0.0,0.0,10.0,0.0,0.0,,,,,,,,,,,,,,,,,,,,,,,,,,,,
José Martínez,es ESP,DF,FC Dallas,29,1993,22,16,1435,15.9,0.06,0.06,0.13,0.06,0.0,0.0,0.06,0.0,0.04,0.04,0.03,0.07,0.13,2.33,0.25,0.06,0.06,0.13,0.06,0.13,0.04,0.03,0.07,0.04,0.07,Matches,2023,15.9,56.1,20.4,29.5,5.66,64.6,21.5,31.4,10.6,86.9,94.7,94.0,53.6,1058.6,418.0,56.1,20.4,29.5,5.66,64.6,21.5,31.4,10.6,86.9,94.7,94.0,53.6,56.1,20.4,29.5,5.66,64.6,21.5,31.4,10.6,86.9,94.7,94.0,53.6,56.1,20.4,29.5,5.66,64.6,21.5,31.4,10.6,86.9,94.7,94.0,53.6,0.06,0.03,0.03,0.13,2.77,0.06,0.0,0.06,0.38,0.06,16.7,0.38,0.06,0.17,1.0,9.9,0.0,0.0,0.0,0.11,0.03,0.03,73.0,9.75,41.8,29.4,1.76,0.69,73.0,0.13,100.0,0.0,0.0,41.1,0.06,0.19,0.06,53.1,1.13,0.57,0.75,1.13,0.57,69.2,0.25,0.88,0.38,1.01,2.14,4.15,0.0,0.5,0.5,0.0,0.0,0.0,0.0,0.0,0.0,0.13,0.13,0.0,0.0,0.0,0.0,0.0,0.0,0.0,0.44,0.13,0.06,0.06,1.01,0.75,0.0,0.0,0.0,4.84,1.19,50.0,,,,,,,,,,,,,,,,,,,,,,,,,,,,
Josef Martínez,ve VEN,FW,Inter Miami,29,1993,27,20,1737,19.3,0.36,0.05,0.41,0.21,0.16,0.16,0.05,0.0,0.37,0.25,0.06,0.31,0.47,1.71,4.09,0.36,0.05,0.41,0.21,0.26,0.38,0.06,0.44,0.25,0.31,Matches,2023,19.3,16.8,10.5,4.09,0.83,19.7,11.8,4.82,0.98,85.0,89.0,84.9,84.2,225.5,30.9,16.8,10.5,4.09,0.83,19.7,11.8,4.82,0.98,85.0,89.0,84.9,84.2,16.8,10.5,4.09,0.83,19.7,11.8,4.82,0.98,85.0,89.0,84.9,84.2,16.8,10.5,4.09,0.83,19.7,11.8,4.82,0.98,85.0,89.0,84.9,84.2,0.05,0.07,-0.01,0.57,1.14,0.31,0.0,0.36,2.12,0.67,31.7,2.12,0.67,0.1,0.31,15.5,0.1,0.16,0.16,0.12,-0.01,-0.05,26.3,0.83,1.5,12.8,12.1,3.06,26.2,0.16,17.6,0.57,64.7,16.5,0.1,1.35,0.57,20.4,0.26,0.16,0.16,0.26,0.16,37.5,0.26,0.26,0.21,0.05,0.31,0.62,0.0,1.45,1.45,0.0,0.0,0.1,0.0,0.0,0.0,0.16,0.16,0.0,0.0,0.1,0.0,0.0,0.0,0.0,0.62,1.35,0.62,0.05,0.05,0.16,0.0,0.0,0.0,1.45,0.67,34.2,,,,,,,,,,,,,,,,,,,,,,,,,,,,
Luís Martins,pt POR,DF,Vancouver W'caps,30,1992,20,18,1618,18.0,0.0,0.0,0.0,0.0,0.0,0.0,0.11,0.0,0.02,0.02,0.08,0.11,2.11,5.0,4.33,0.0,0.0,0.0,0.0,0.0,0.02,0.09,0.1,0.02,0.1,Matches,2023,18.0,44.2,18.5,21.1,3.94,58.1,20.8,25.6,9.39,76.1,88.8,82.4,42.0,808.7,304.2,44.2,18.5,21.1,3.94,58.1,20.8,25.6,9.39,76.1,88.8,82.4,42.0,44.2,18.5,21.1,3.94,58.1,20.8,25.6,9.39,76.1,88.8,82.4,42.0,44.2,18.5,21.1,3.94,58.1,20.8,25.6,9.39,76.1,88.8,82.4,42.0,0.0,0.1,-0.08,0.94,4.17,1.06,0.44,0.0,0.33,0.11,33.3,0.33,0.11,0.0,0.0,22.8,0.06,0.0,0.0,0.05,-0.02,-0.02,65.7,3.06,18.6,31.4,16.1,0.33,65.7,0.17,33.3,0.22,44.4,30.6,0.0,0.56,0.06,39.9,1.94,1.17,1.28,1.94,1.17,61.8,0.72,0.44,0.33,1.39,3.33,2.06,0.06,1.72,1.72,0.06,0.0,0.0,0.0,0.06,0.0,0.06,0.06,0.06,0.0,0.0,0.0,0.06,0.0,0.0,0.72,0.61,0.06,4.33,1.39,1.28,0.0,0.0,0.0,4.89,1.5,69.2,,,,,,,,,,,,,,,,,,,,,,,,,,,,
Thiago Martins,br BRA,DF,NYCFC,27,1995,26,24,2186,24.3,0.0,0.0,0.0,0.0,0.0,0.0,0.04,0.0,0.02,0.02,0.01,0.03,0.58,3.66,0.0,0.0,0.0,0.0,0.0,0.0,0.02,0.01,0.03,0.02,0.03,Matches,2023,24.3,62.1,17.7,36.8,7.08,69.1,19.1,39.2,9.59,89.9,92.7,93.9,73.8,1270.7,463.9,62.1,17.7,36.8,7.08,69.1,19.1,39.2,9.59,89.9,92.7,93.9,73.8,62.1,17.7,36.8,7.08,69.1,19.1,39.2,9.59,89.9,92.7,93.9,73.8,62.1,17.7,36.8,7.08,69.1,19.1,39.2,9.59,89.9,92.7,93.9,73.8,0.0,0.01,-0.01,0.08,3.25,0.08,0.0,0.0,0.29,0.12,42.9,0.29,0.12,0.0,0.0,11.7,0.0,0.0,0.0,0.07,-0.02,-0.02,77.6,11.8,45.9,31.2,0.7,0.49,77.6,0.16,100.0,0.0,0.0,46.9,0.0,0.41,0.08,55.3,1.23,0.78,0.82,1.23,0.78,79.2,0.21,0.86,0.45,0.49,1.73,5.02,0.04,0.7,0.7,0.0,0.0,0.0,0.0,0.0,0.0,0.08,0.08,0.0,0.0,0.0,0.0,0.0,0.0,0.0,0.78,0.16,0.0,0.0,0.49,0.82,0.0,0.04,0.0,6.26,2.55,62.0,,,,,,,,,,,,,,,,,,,,,,,,,,,,
Alexandru Mățan,ro ROU,"MF,FW",Columbus Crew,23,1999,31,27,2265,25.2,0.04,0.32,0.36,0.04,0.0,0.0,0.08,0.0,0.12,0.12,0.24,0.36,3.97,5.28,7.9,0.04,0.32,0.36,0.04,0.36,0.12,0.24,0.36,0.12,0.36,Matches,2023,25.2,32.9,19.5,10.8,1.39,40.7,22.1,13.1,2.7,81.0,88.3,82.1,51.5,472.3,127.9,32.9,19.5,10.8,1.39,40.7,22.1,13.1,2.7,81.0,88.3,82.1,51.5,32.9,19.5,10.8,1.39,40.7,22.1,13.1,2.7,81.0,88.3,82.1,51.5,32.9,19.5,10.8,1.39,40.7,22.1,13.1,2.7,81.0,88.3,82.1,51.5,0.32,0.24,0.08,1.31,3.29,1.55,0.12,0.04,1.19,0.32,26.7,1.19,0.32,0.03,0.13,15.5,0.0,0.0,0.0,0.1,-0.08,-0.08,50.5,0.32,4.84,21.3,24.6,4.33,50.5,1.71,39.4,2.02,46.8,36.2,1.63,2.3,1.19,39.7,0.56,0.24,0.44,0.56,0.24,25.0,0.71,0.75,0.71,0.48,1.03,0.12,0.0,3.33,3.34,0.28,0.04,0.24,0.04,0.08,0.0,0.52,0.52,0.28,0.04,0.24,0.04,0.08,0.0,0.0,0.91,1.75,0.08,2.1,0.48,0.44,0.04,0.0,0.0,3.41,0.04,25.0,,,,,,,,,,,,,,,,,,,,,,,,,,,,
Jimmy Maurer,us USA,GK,FC Dallas,34,1988,5,4,435,4.8,0.0,0.0,0.0,0.0,0.0,0.0,0.0,0.0,0.0,0.0,0.0,0.0,0.0,0.21,0.0,0.0,0.0,0.0,0.0,0.0,0.0,0.0,0.0,0.0,0.0,Matches,2023,4.8,25.8,5.21,13.3,7.29,35.6,5.21,13.5,16.0,72.5,100.0,98.5,45.5,672.1,499.0,25.8,5.21,13.3,7.29,35.6,5.21,13.5,16.0,72.5,100.0,98.5,45.5,25.8,5.21,13.3,7.29,35.6,5.21,13.5,16.0,72.5,100.0,98.5,45.5,25.8,5.21,13.3,7.29,35.6,5.21,13.5,16.0,72.5,100.0,98.5,45.5,0.0,0.0,0.0,0.0,0.42,0.0,0.0,0.0,0.0,0.0,,0.0,0.0,,,,0.0,0.0,0.0,,0.0,0.0,37.7,28.5,37.5,0.42,0.0,0.0,37.7,0.0,,0.0,,21.7,0.0,0.0,0.0,18.8,0.0,0.0,0.0,0.0,0.0,,0.0,0.0,0.0,0.0,0.0,0.42,0.0,0.21,0.21,0.0,0.0,0.0,0.0,0.0,0.0,0.21,0.21,0.0,0.0,0.0,0.0,0.0,0.0,0.0,0.0,0.0,0.0,0.0,0.0,0.0,0.0,0.0,0.0,2.29,0.0,,1.67,0.0,0.21,0.0,1.21,0.28,-0.46,-0.45,28.5,3.54,28.5,74.2,30.4,48.8,22.6,28.5,74.2,30.4,48.8,22.6,15.8,0.21,1.3,2.29,2.28,30.4,48.8,22.6
Chris Mavinga,cd COD,DF,LA Galaxy,31,1991,19,13,1128,12.5,0.0,0.0,0.0,0.0,0.0,0.0,0.24,0.08,0.05,0.05,0.01,0.06,0.0,1.44,0.08,0.0,0.0,0.0,0.0,0.0,0.05,0.01,0.06,0.05,0.06,Matches,2023,12.5,55.0,25.2,26.6,1.92,58.3,26.2,27.2,3.04,94.2,96.0,97.9,63.2,893.0,310.1,55.0,25.2,26.6,1.92,58.3,26.2,27.2,3.04,94.2,96.0,97.9,63.2,55.0,25.2,26.6,1.92,58.3,26.2,27.2,3.04,94.2,96.0,97.9,63.2,55.0,25.2,26.6,1.92,58.3,26.2,27.2,3.04,94.2,96.0,97.9,63.2,0.0,0.01,-0.01,0.16,1.84,0.0,0.0,0.0,0.4,0.08,20.0,0.4,0.08,0.0,0.0,9.5,0.0,0.0,0.0,0.13,-0.05,-0.05,66.1,11.4,40.7,23.8,1.68,0.8,66.1,0.08,33.3,0.16,66.7,39.9,0.0,0.24,0.0,45.0,0.64,0.32,0.32,0.64,0.32,50.0,0.32,1.28,0.4,0.8,1.44,3.44,0.16,0.56,0.56,0.0,0.0,0.0,0.0,0.0,0.0,0.0,0.0,0.0,0.0,0.0,0.0,0.0,0.0,0.08,0.72,0.32,0.0,0.0,0.8,0.32,0.0,0.08,0.0,5.12,1.12,66.7,,,,,,,,,,,,,,,,,,,,,,,,,,,,
Max,br BRA,"MF,FW",Colorado Rapids,21,2001,10,7,663,7.4,0.14,0.0,0.14,0.14,0.0,0.0,0.41,0.0,0.15,0.15,0.08,0.23,1.08,5.54,5.54,0.14,0.0,0.14,0.14,0.14,0.15,0.08,0.23,0.15,0.23,Matches,2023,7.4,26.5,11.8,10.8,3.38,34.6,14.3,14.6,4.32,76.6,82.1,74.1,78.1,495.5,119.1,26.5,11.8,10.8,3.38,34.6,14.3,14.6,4.32,76.6,82.1,74.1,78.1,26.5,11.8,10.8,3.38,34.6,14.3,14.6,4.32,76.6,82.1,74.1,78.1,26.5,11.8,10.8,3.38,34.6,14.3,14.6,4.32,76.6,82.1,74.1,78.1,0.0,0.08,-0.08,1.08,2.97,1.08,0.0,0.14,1.89,0.54,28.6,1.9,0.54,0.07,0.25,23.2,0.0,0.0,0.0,0.08,-0.01,-0.01,47.6,1.76,8.38,24.7,15.0,1.08,47.6,1.62,85.7,0.27,14.3,21.6,0.14,2.43,0.81,29.5,2.43,1.35,1.49,2.43,1.35,52.6,1.22,1.62,1.62,0.95,3.38,1.62,0.0,2.3,2.31,0.0,0.0,0.14,0.0,0.0,0.0,0.0,0.0,0.0,0.0,0.14,0.0,0.0,0.0,0.0,1.35,0.68,0.27,0.81,0.95,1.49,0.0,0.0,0.0,5.0,1.08,36.4,,,,,,,,,,,,,,,,,,,,,,,,,,,,
Andreas Maxsø,dk DEN,DF,Colorado Rapids,28,1994,33,33,2924,32.5,0.06,0.0,0.06,0.06,0.0,0.0,0.06,0.0,0.07,0.07,0.02,0.09,0.03,1.23,0.15,0.06,0.0,0.06,0.06,0.06,0.07,0.02,0.09,0.07,0.09,Matches,2023,32.5,39.0,11.8,23.6,3.2,43.9,12.8,25.1,5.23,88.8,92.5,94.1,61.2,744.6,229.1,39.0,11.8,23.6,3.2,43.9,12.8,25.1,5.23,88.8,92.5,94.1,61.2,39.0,11.8,23.6,3.2,43.9,12.8,25.1,5.23,88.8,92.5,94.1,61.2,39.0,11.8,23.6,3.2,43.9,12.8,25.1,5.23,88.8,92.5,94.1,61.2,0.0,0.03,-0.02,0.15,1.02,0.0,0.0,0.06,0.46,0.18,40.0,0.46,0.18,0.13,0.33,8.7,0.0,0.0,0.0,0.14,-0.01,-0.01,51.3,8.4,31.2,18.3,2.0,1.32,51.3,0.0,0.0,0.03,100.0,28.0,0.0,0.18,0.09,35.0,0.4,0.18,0.15,0.4,0.18,50.0,0.18,0.89,0.12,0.52,0.92,3.75,0.0,0.31,0.31,0.0,0.0,0.0,0.0,0.03,0.0,0.0,0.0,0.0,0.0,0.0,0.0,0.03,0.0,0.0,0.52,0.43,0.03,0.03,0.52,0.15,0.0,0.0,0.0,4.52,2.06,63.8,,,,,,,,,,,,,,,,,,,,,,,,,,,,
Olivier Mbaizo,cm CMR,DF,Philadelphia Union,25,1997,24,21,1837,20.4,0.0,0.05,0.05,0.0,0.0,0.0,0.15,0.0,0.01,0.01,0.04,0.05,2.45,3.73,4.31,0.0,0.05,0.05,0.0,0.05,0.01,0.04,0.05,0.01,0.05,Matches,2023,20.4,34.0,17.1,13.9,2.25,45.4,19.7,17.9,4.75,74.9,86.8,77.3,47.4,553.3,223.6,34.0,17.1,13.9,2.25,45.4,19.7,17.9,4.75,74.9,86.8,77.3,47.4,34.0,17.1,13.9,2.25,45.4,19.7,17.9,4.75,74.9,86.8,77.3,47.4,34.0,17.1,13.9,2.25,45.4,19.7,17.9,4.75,74.9,86.8,77.3,47.4,0.05,0.05,0.01,0.64,2.55,0.78,0.29,0.0,0.49,0.05,10.0,0.49,0.05,0.0,0.0,21.8,0.0,0.0,0.0,0.02,-0.01,-0.01,53.4,2.25,13.1,23.4,18.1,1.03,53.4,0.78,36.4,0.88,40.9,26.5,0.44,1.08,0.83,29.0,1.27,0.39,0.74,1.27,0.39,30.8,0.88,0.64,0.54,1.13,2.4,1.32,0.1,1.91,1.91,0.1,0.0,0.1,0.05,0.0,0.0,0.15,0.15,0.1,0.0,0.1,0.05,0.0,0.0,0.0,0.88,0.83,0.05,3.28,1.13,0.74,0.05,0.0,0.05,6.18,0.74,53.6,,,,,,,,,,,,,,,,,,,,,,,,,,,,
Hugo-Hilaire Mbongue Mbongue,ca CAN,"FW,MF",Toronto FC,18,2004,11,1,260,2.9,0.0,0.0,0.0,0.0,0.0,0.0,0.34,0.0,0.0,0.0,0.17,0.21,2.07,1.03,7.59,0.0,0.0,0.0,0.0,0.0,0.01,0.19,0.2,0.01,0.2,Matches,2023,2.9,13.8,8.97,3.45,0.69,21.4,12.8,4.48,1.38,64.5,70.3,76.9,50.0,189.3,25.9,13.8,8.97,3.45,0.69,21.4,12.8,4.48,1.38,64.5,70.3,76.9,50.0,13.8,8.97,3.45,0.69,21.4,12.8,4.48,1.38,64.5,70.3,76.9,50.0,13.8,8.97,3.45,0.69,21.4,12.8,4.48,1.38,64.5,70.3,76.9,50.0,0.0,0.28,-0.17,1.72,0.34,0.34,0.0,0.0,0.34,0.34,100.0,0.35,0.35,0.0,0.0,16.9,0.0,0.0,0.0,0.03,0.0,0.0,28.6,1.03,2.07,16.9,10.0,2.76,28.6,0.34,25.0,0.69,50.0,13.8,1.03,2.41,0.69,19.3,0.34,0.0,0.0,0.34,0.0,0.0,0.69,0.69,0.69,0.0,0.34,1.03,0.0,2.41,2.43,0.34,0.0,0.0,0.0,0.0,0.0,0.0,0.0,0.34,0.0,0.0,0.0,0.0,0.0,0.0,2.07,0.0,0.34,0.34,0.0,0.0,0.0,0.0,0.0,2.07,4.48,48.1,,,,,,,,,,,,,,,,,,,,,,,,,,,,
John McCarthy,us USA,GK,LAFC,30,1992,25,25,2250,25.0,0.0,0.0,0.0,0.0,0.0,0.0,0.0,0.0,0.0,0.0,0.0,0.0,0.0,0.0,0.04,0.0,0.0,0.0,0.0,0.0,0.0,0.0,0.0,0.0,0.0,Matches,2023,25.0,18.4,2.92,9.2,6.16,26.7,2.96,9.44,14.2,68.9,98.6,97.5,43.5,509.3,380.9,18.4,2.92,9.2,6.16,26.7,2.96,9.44,14.2,68.9,98.6,97.5,43.5,18.4,2.92,9.2,6.16,26.7,2.96,9.44,14.2,68.9,98.6,97.5,43.5,18.4,2.92,9.2,6.16,26.7,2.96,9.44,14.2,68.9,98.6,97.5,43.5,0.0,0.0,0.0,0.04,0.28,0.0,0.0,0.0,0.0,0.0,,0.0,0.0,,,,0.0,0.0,0.0,,0.0,0.0,28.7,25.3,28.4,0.28,0.04,0.0,28.7,0.0,,0.0,,14.8,0.0,0.08,0.0,11.7,0.08,0.04,0.08,0.08,0.04,100.0,0.0,0.0,0.0,0.04,0.12,0.28,0.08,0.2,0.2,0.0,0.0,0.0,0.0,0.0,0.0,0.04,0.04,0.0,0.0,0.0,0.0,0.0,0.0,0.0,0.0,0.12,0.0,0.0,0.04,0.08,0.0,0.0,0.0,0.88,0.04,100.0,1.24,0.12,0.16,0.0,1.3,0.3,0.06,0.06,19.7,4.6,40.0,47.4,35.0,38.3,15.2,40.0,47.4,35.0,38.3,15.2,12.8,0.6,4.7,0.92,0.92,35.0,38.3,15.2
Dax McCarty,us USA,MF,Nashville SC,35,1987,27,23,1891,21.0,0.05,0.05,0.1,0.05,0.0,0.0,0.33,0.0,0.02,0.02,0.06,0.08,0.71,5.76,0.71,0.05,0.05,0.1,0.05,0.1,0.02,0.05,0.08,0.02,0.08,Matches,2023,21.0,43.2,18.7,17.9,5.76,51.1,20.9,19.9,7.71,84.5,89.3,89.7,74.7,808.2,260.9,43.2,18.7,17.9,5.76,51.1,20.9,19.9,7.71,84.5,89.3,89.7,74.7,43.2,18.7,17.9,5.76,51.1,20.9,19.9,7.71,84.5,89.3,89.7,74.7,43.2,18.7,17.9,5.76,51.1,20.9,19.9,7.71,84.5,89.3,89.7,74.7,0.05,0.06,-0.01,1.1,4.71,0.62,0.1,0.05,0.43,0.05,11.1,0.43,0.05,0.11,1.0,23.0,0.0,0.0,0.0,0.06,0.02,0.02,59.6,3.43,17.8,34.7,7.52,0.71,59.6,0.38,80.0,0.05,10.0,30.5,0.05,0.86,0.48,39.1,2.29,1.24,1.33,2.29,1.24,50.0,1.24,1.24,0.67,0.95,3.24,1.71,0.0,2.19,2.19,0.05,0.0,0.05,0.05,0.14,0.05,0.19,0.19,0.05,0.0,0.05,0.05,0.14,0.05,0.0,1.05,0.9,0.05,0.24,0.95,1.33,0.05,0.05,0.0,7.33,0.67,50.0,,,,,,,,,,,,,,,,,,,,,,,,,,,,
Jack McGlynn,us USA,MF,Philadelphia Union,19,2003,27,15,1621,18.0,0.11,0.06,0.17,0.11,0.0,0.0,0.06,0.0,0.07,0.07,0.11,0.17,1.89,8.61,2.61,0.11,0.06,0.17,0.11,0.17,0.07,0.11,0.17,0.07,0.17,Matches,2023,18.0,52.7,24.9,19.2,7.61,62.9,27.3,22.0,10.9,83.8,91.1,87.4,69.9,967.9,336.1,52.7,24.9,19.2,7.61,62.9,27.3,22.0,10.9,83.8,91.1,87.4,69.9,52.7,24.9,19.2,7.61,62.9,27.3,22.0,10.9,83.8,91.1,87.4,69.9,52.7,24.9,19.2,7.61,62.9,27.3,22.0,10.9,83.8,91.1,87.4,69.9,0.06,0.12,-0.05,1.22,8.72,1.5,0.22,0.11,1.56,0.28,17.9,1.55,0.28,0.07,0.4,25.8,0.06,0.0,0.0,0.04,0.04,0.04,70.7,1.39,12.9,41.9,16.3,0.78,70.7,0.67,52.2,0.44,34.8,42.9,0.33,0.72,0.5,53.6,1.56,1.11,0.72,1.56,1.11,45.5,1.33,0.61,0.56,0.72,2.28,0.78,0.0,3.56,3.55,0.11,0.0,0.06,0.0,0.0,0.0,0.28,0.28,0.11,0.0,0.06,0.0,0.0,0.0,0.0,0.5,0.5,0.0,1.61,0.72,0.72,0.0,0.0,0.0,6.39,0.22,22.2,,,,,,,,,,,,,,,,,,,,,,,,,,,,
Zac McGraw,ca CAN,DF,Portland Timbers,25,1997,28,27,2423,26.9,0.04,0.04,0.07,0.04,0.0,0.0,0.3,0.0,0.06,0.06,0.02,0.07,0.19,1.6,0.37,0.04,0.04,0.07,0.04,0.07,0.06,0.02,0.07,0.06,0.07,Matches,2023,26.9,31.0,8.59,17.0,5.13,38.8,10.2,19.2,8.51,79.9,84.3,88.4,60.3,666.9,234.1,31.0,8.59,17.0,5.13,38.8,10.2,19.2,8.51,79.9,84.3,88.4,60.3,31.0,8.59,17.0,5.13,38.8,10.2,19.2,8.51,79.9,84.3,88.4,60.3,31.0,8.59,17.0,5.13,38.8,10.2,19.2,8.51,79.9,84.3,88.4,60.3,0.04,0.04,0.02,0.19,1.82,0.07,0.0,0.04,0.86,0.22,26.1,0.85,0.22,0.04,0.17,11.7,0.0,0.0,0.0,0.07,-0.02,-0.02,51.7,9.14,30.2,19.8,2.04,1.64,51.7,0.11,75.0,0.0,0.0,24.1,0.04,0.19,0.11,27.4,1.64,1.0,0.74,1.64,1.0,67.5,0.48,1.6,0.56,1.56,3.2,5.91,0.07,0.37,0.37,0.0,0.0,0.0,0.0,0.04,0.0,0.04,0.04,0.0,0.0,0.0,0.0,0.04,0.0,0.0,0.97,0.71,0.0,0.04,1.56,0.74,0.0,0.0,0.04,4.57,3.31,63.6,,,,,,,,,,,,,,,,,,,,,,,,,,,,
Duncan McGuire,us USA,FW,Orlando City,21,2001,29,17,1388,15.4,0.84,0.19,1.04,0.84,0.0,0.0,0.13,0.0,0.34,0.34,0.19,0.53,1.23,0.84,5.26,0.84,0.19,1.04,0.84,1.04,0.34,0.19,0.53,0.34,0.53,Matches,2023,15.4,10.5,6.17,3.31,0.52,15.2,8.64,4.29,0.65,69.2,71.4,77.3,80.0,148.0,19.0,10.5,6.17,3.31,0.52,15.2,8.64,4.29,0.65,69.2,71.4,77.3,80.0,10.5,6.17,3.31,0.52,15.2,8.64,4.29,0.65,69.2,71.4,77.3,80.0,10.5,6.17,3.31,0.52,15.2,8.64,4.29,0.65,69.2,71.4,77.3,80.0,0.19,0.14,0.01,0.97,0.39,0.32,0.06,0.84,2.14,1.56,72.7,2.14,1.56,0.39,0.54,13.9,0.0,0.0,0.0,0.16,0.5,0.5,24.5,1.43,2.66,9.16,12.9,4.81,24.5,0.65,43.5,0.84,56.5,13.6,0.84,2.08,0.97,17.3,0.32,0.06,0.19,0.32,0.06,20.0,0.26,0.84,0.78,0.13,0.45,1.1,0.0,2.08,2.07,0.32,0.13,0.19,0.0,0.13,0.0,0.32,0.32,0.32,0.13,0.19,0.0,0.13,0.0,0.0,1.36,1.04,0.65,0.13,0.13,0.19,0.0,0.0,0.0,1.43,1.75,34.6,,,,,,,,,,,,,,,,,,,,,,,,,,,,
Kendall McIntosh,us USA,GK,Sporting KC,29,1994,14,13,1192,13.2,0.0,0.0,0.0,0.0,0.0,0.0,0.08,0.0,0.0,0.0,0.0,0.0,0.0,0.0,0.0,0.0,0.0,0.0,0.0,0.0,0.0,0.0,0.0,0.0,0.0,Matches,2023,13.2,22.5,4.62,12.6,5.3,30.2,4.77,13.0,12.5,74.4,96.8,97.1,42.4,535.8,346.1,22.5,4.62,12.6,5.3,30.2,4.77,13.0,12.5,74.4,96.8,97.1,42.4,22.5,4.62,12.6,5.3,30.2,4.77,13.0,12.5,74.4,96.8,97.1,42.4,22.5,4.62,12.6,5.3,30.2,4.77,13.0,12.5,74.4,96.8,97.1,42.4,0.0,0.0,0.0,0.0,0.15,0.0,0.0,0.0,0.0,0.0,,0.0,0.0,,,,0.0,0.0,0.0,,0.0,0.0,32.8,27.5,32.7,0.15,0.0,0.0,32.8,0.0,,0.0,,16.9,0.0,0.0,0.0,15.7,0.0,0.0,0.0,0.0,0.0,0.0,0.08,0.08,0.08,0.0,0.0,0.3,0.0,0.15,0.15,0.0,0.0,0.0,0.0,0.0,0.0,0.0,0.0,0.0,0.0,0.0,0.0,0.0,0.0,0.0,0.0,0.0,0.0,0.0,0.0,0.0,0.0,0.0,0.0,0.91,0.08,100.0,1.52,0.15,0.15,0.0,1.27,0.26,-0.25,-0.25,24.0,3.71,24.3,46.3,29.9,41.8,11.0,24.3,46.3,29.9,41.8,11.0,9.47,0.38,4.0,0.3,0.3,29.9,41.8,11.0
Thomas McNamara,us USA,"MF,FW",NE Revolution,31,1991,6,1,191,2.1,0.0,0.0,0.0,0.0,0.0,0.0,0.48,0.0,0.05,0.05,0.05,0.1,0.95,4.29,0.95,0.0,0.0,0.0,0.0,0.0,0.04,0.04,0.08,0.04,0.08,Matches,2023,2.1,41.9,18.6,20.0,2.38,49.0,20.5,22.4,3.81,85.4,90.7,89.4,62.5,678.1,231.4,41.9,18.6,20.0,2.38,49.0,20.5,22.4,3.81,85.4,90.7,89.4,62.5,41.9,18.6,20.0,2.38,49.0,20.5,22.4,3.81,85.4,90.7,89.4,62.5,41.9,18.6,20.0,2.38,49.0,20.5,22.4,3.81,85.4,90.7,89.4,62.5,0.0,0.05,-0.05,1.43,5.24,0.48,0.0,0.0,0.48,0.0,0.0,0.47,0.0,0.0,,12.3,0.0,0.0,0.0,0.09,-0.05,-0.05,55.7,2.86,13.8,29.5,12.4,0.48,55.7,0.0,,0.0,,38.1,0.0,0.95,0.48,40.5,0.48,0.48,0.48,0.48,0.48,33.3,0.95,0.48,0.0,0.95,1.43,1.43,0.0,1.9,1.88,0.0,0.0,0.0,0.0,0.0,0.0,0.0,0.0,0.0,0.0,0.0,0.0,0.0,0.0,0.0,1.43,0.48,0.0,0.48,0.95,0.48,0.0,0.0,0.0,5.24,0.48,25.0,,,,,,,,,,,,,,,,,,,,,,,,,,,,
Christopher McVey,se SWE,DF,Inter Miami,25,1997,16,12,1211,13.5,0.0,0.0,0.0,0.0,0.0,0.0,0.22,0.0,0.0,0.0,0.02,0.02,0.52,2.96,0.37,0.0,0.0,0.0,0.0,0.0,0.0,0.02,0.02,0.0,0.02,Matches,2023,13.5,53.3,17.5,29.0,6.44,60.4,19.0,31.0,9.19,88.1,92.2,93.3,70.2,1049.6,381.3,53.3,17.5,29.0,6.44,60.4,19.0,31.0,9.19,88.1,92.2,93.3,70.2,53.3,17.5,29.0,6.44,60.4,19.0,31.0,9.19,88.1,92.2,93.3,70.2,53.3,17.5,29.0,6.44,60.4,19.0,31.0,9.19,88.1,92.2,93.3,70.2,0.0,0.01,-0.02,0.52,2.81,0.07,0.0,0.0,0.0,0.0,,0.0,0.0,,,,0.0,0.0,0.0,,0.0,0.0,68.4,6.44,32.5,34.4,2.22,0.15,68.4,0.3,66.7,0.0,0.0,42.4,0.0,0.59,0.07,46.9,1.56,0.67,0.67,1.56,0.67,45.0,0.81,1.04,0.44,1.7,3.26,2.52,0.0,0.74,0.74,0.0,0.0,0.0,0.0,0.07,0.0,0.0,0.0,0.0,0.0,0.0,0.0,0.07,0.0,0.0,1.19,0.52,0.07,0.0,1.7,0.67,0.0,0.0,0.07,7.56,0.59,32.0,,,,,,,,,,,,,,,,,,,,,,,,,,,,
Jimmy Medranda,co COL,"MF,DF",Columbus Crew,28,1994,10,0,105,1.2,0.83,0.0,0.83,0.83,0.0,0.0,0.83,0.0,0.17,0.17,0.17,0.42,5.0,12.5,18.3,0.86,0.0,0.86,0.86,0.86,0.18,0.21,0.4,0.18,0.4,Matches,2023,1.2,74.2,39.2,31.7,3.33,91.7,43.3,40.8,7.5,80.9,90.4,77.6,44.4,1140.8,350.0,74.2,39.2,31.7,3.33,91.7,43.3,40.8,7.5,80.9,90.4,77.6,44.4,74.2,39.2,31.7,3.33,91.7,43.3,40.8,7.5,80.9,90.4,77.6,44.4,74.2,39.2,31.7,3.33,91.7,43.3,40.8,7.5,80.9,90.4,77.6,44.4,0.0,0.25,-0.17,2.5,6.67,3.33,1.67,0.83,2.5,0.83,33.3,2.57,0.86,0.33,1.0,23.9,0.0,0.0,0.0,0.07,0.67,0.67,105.8,1.67,29.2,42.5,34.2,3.33,105.8,0.0,,0.0,,62.5,0.0,1.67,0.0,70.8,5.0,0.83,2.5,5.0,0.83,33.3,1.67,2.5,1.67,3.33,8.33,0.0,0.0,4.17,4.29,0.0,0.0,0.0,0.0,0.0,0.0,0.0,0.0,0.0,0.0,0.0,0.0,0.0,0.0,0.0,1.67,0.83,0.0,5.83,3.33,2.5,0.0,0.0,0.0,5.83,1.67,66.7,,,,,,,,,,,,,,,,,,,,,,,,,,,,
Tim Melia,us USA,GK,Sporting KC,36,1986,16,16,1418,15.8,0.0,0.0,0.0,0.0,0.0,0.0,0.13,0.0,0.0,0.0,0.0,0.0,0.0,0.0,0.0,0.0,0.0,0.0,0.0,0.0,0.0,0.0,0.0,0.0,0.0,Matches,2023,15.8,21.2,3.1,11.1,6.96,30.9,3.23,11.1,16.3,68.6,96.1,99.4,42.8,595.3,398.1,21.2,3.1,11.1,6.96,30.9,3.23,11.1,16.3,68.6,96.1,99.4,42.8,21.2,3.1,11.1,6.96,30.9,3.23,11.1,16.3,68.6,96.1,99.4,42.8,21.2,3.1,11.1,6.96,30.9,3.23,11.1,16.3,68.6,96.1,99.4,42.8,0.0,0.0,0.0,0.0,0.63,0.06,0.0,0.0,0.0,0.0,,0.0,0.0,,,,0.0,0.0,0.0,,0.0,0.0,33.4,27.0,32.8,0.51,0.0,0.0,33.4,0.0,,0.0,,16.9,0.0,0.0,0.0,14.1,0.0,0.0,0.0,0.0,0.0,,0.0,0.0,0.0,0.0,0.0,0.51,0.06,0.19,0.19,0.0,0.0,0.0,0.0,0.0,0.0,0.0,0.0,0.0,0.0,0.0,0.0,0.0,0.0,0.0,0.13,0.13,0.0,0.0,0.0,0.0,0.0,0.13,0.0,1.33,0.06,100.0,1.52,0.19,0.13,0.0,1.74,0.34,0.22,0.22,23.9,3.61,34.9,56.0,34.6,44.9,14.0,34.9,56.0,34.6,44.9,14.0,10.5,0.25,2.4,0.89,0.89,34.6,44.9,14.0
Vinicius Mello,br BRA,FW,Charlotte,20,2002,3,0,57,0.6,0.0,0.0,0.0,0.0,0.0,0.0,0.0,0.0,0.17,0.17,0.0,0.17,0.0,6.67,6.67,0.0,0.0,0.0,0.0,0.0,0.15,0.0,0.15,0.15,0.15,Matches,2023,0.6,33.3,13.3,15.0,3.33,40.0,15.0,16.7,5.0,83.3,88.9,90.0,66.7,615.0,116.7,33.3,13.3,15.0,3.33,40.0,15.0,16.7,5.0,83.3,88.9,90.0,66.7,33.3,13.3,15.0,3.33,40.0,15.0,16.7,5.0,83.3,88.9,90.0,66.7,33.3,13.3,15.0,3.33,40.0,15.0,16.7,5.0,83.3,88.9,90.0,66.7,0.0,0.0,0.0,0.0,3.33,1.67,0.0,0.0,1.67,0.0,0.0,1.58,0.0,0.0,,6.9,0.0,0.0,0.0,0.09,-0.17,-0.17,60.0,3.33,8.33,26.7,26.7,1.67,60.0,5.0,60.0,3.33,40.0,38.3,0.0,6.67,1.67,48.3,0.0,0.0,0.0,0.0,0.0,0.0,1.67,0.0,0.0,0.0,0.0,3.33,0.0,3.33,3.16,0.0,0.0,1.67,0.0,0.0,0.0,0.0,0.0,0.0,0.0,1.67,0.0,0.0,0.0,0.0,1.67,3.33,0.0,1.67,0.0,0.0,0.0,0.0,0.0,5.0,1.67,33.3,,,,,,,,,,,,,,,,,,,,,,,,,,,,
Jonathan Mensah,gh GHA,DF,SJ Earthquakes,32,1990,26,21,1952,21.7,0.0,0.0,0.0,0.0,0.0,0.0,0.14,0.0,0.03,0.03,0.03,0.06,0.09,1.89,0.41,0.0,0.0,0.0,0.0,0.0,0.03,0.03,0.06,0.03,0.06,Matches,2023,21.7,42.0,15.9,21.3,4.47,47.9,17.3,23.8,6.22,87.6,92.3,89.5,71.9,782.4,302.4,42.0,15.9,21.3,4.47,47.9,17.3,23.8,6.22,87.6,92.3,89.5,71.9,42.0,15.9,21.3,4.47,47.9,17.3,23.8,6.22,87.6,92.3,89.5,71.9,42.0,15.9,21.3,4.47,47.9,17.3,23.8,6.22,87.6,92.3,89.5,71.9,0.0,0.05,-0.03,0.23,1.98,0.05,0.0,0.0,0.78,0.09,11.8,0.78,0.09,0.0,0.0,13.1,0.0,0.0,0.0,0.04,-0.03,-0.03,56.3,9.49,32.4,21.8,2.3,1.38,56.3,0.09,100.0,0.0,0.0,31.9,0.0,0.28,0.09,36.2,0.37,0.23,0.28,0.37,0.23,50.0,0.23,1.29,0.51,0.92,1.29,4.24,0.05,0.65,0.65,0.0,0.0,0.0,0.0,0.0,0.0,0.0,0.0,0.0,0.0,0.0,0.0,0.0,0.0,0.0,0.65,0.14,0.05,0.0,0.92,0.28,0.0,0.05,0.0,5.39,2.72,67.8,,,,,,,,,,,,,,,,,,,,,,,,,,,,
Justin Meram,iq IRQ,"FW,MF",Charlotte,34,1988,25,13,1331,14.8,0.27,0.27,0.54,0.27,0.0,0.0,0.2,0.0,0.18,0.18,0.19,0.36,2.64,4.59,8.04,0.27,0.27,0.54,0.27,0.54,0.18,0.19,0.36,0.18,0.36,Matches,2023,14.8,34.9,18.8,11.8,3.51,44.7,21.0,14.5,6.35,77.9,89.4,80.9,55.3,588.0,162.8,34.9,18.8,11.8,3.51,44.7,21.0,14.5,6.35,77.9,89.4,80.9,55.3,34.9,18.8,11.8,3.51,44.7,21.0,14.5,6.35,77.9,89.4,80.9,55.3,34.9,18.8,11.8,3.51,44.7,21.0,14.5,6.35,77.9,89.4,80.9,55.3,0.27,0.19,0.08,1.62,2.64,1.96,0.68,0.27,1.22,0.68,55.6,1.22,0.68,0.22,0.4,16.1,0.07,0.0,0.0,0.14,0.09,0.09,53.6,1.28,7.23,24.4,22.6,2.7,53.6,1.69,58.1,1.15,39.5,33.2,0.68,1.49,0.88,38.9,1.15,0.81,0.68,1.15,0.81,41.4,1.15,0.81,0.81,0.47,1.62,0.74,0.0,2.84,2.84,0.27,0.0,0.0,0.0,0.0,0.0,0.41,0.41,0.27,0.0,0.0,0.0,0.0,0.0,0.0,0.88,0.95,0.14,4.73,0.47,0.68,0.0,0.0,0.0,4.66,0.61,32.1,,,,,,,,,,,,,,,,,,,,,,,,,,,,
Justin Meram,iq IRQ,"FW,MF",Real Salt Lake,34,1988,6,2,184,2.0,0.0,0.5,0.5,0.0,0.0,0.0,0.5,0.0,0.1,0.1,0.15,0.25,1.0,6.5,8.5,0.0,0.49,0.49,0.0,0.49,0.1,0.13,0.23,0.1,0.23,Matches,2023,2.0,30.5,14.5,10.5,4.5,43.0,18.5,12.0,8.0,70.9,78.4,87.5,56.3,553.5,150.5,30.5,14.5,10.5,4.5,43.0,18.5,12.0,8.0,70.9,78.4,87.5,56.3,30.5,14.5,10.5,4.5,43.0,18.5,12.0,8.0,70.9,78.4,87.5,56.3,30.5,14.5,10.5,4.5,43.0,18.5,12.0,8.0,70.9,78.4,87.5,56.3,0.5,0.15,0.35,1.0,4.0,1.0,0.5,0.0,3.0,1.5,50.0,2.93,1.47,0.0,0.0,21.0,0.0,0.0,0.0,0.03,-0.1,-0.1,62.0,4.0,11.5,28.5,22.5,2.5,62.0,1.0,25.0,2.5,62.5,35.0,1.0,3.5,1.5,38.5,5.0,3.5,4.5,5.0,3.5,63.6,2.0,1.0,0.5,2.0,7.0,2.5,0.0,3.0,2.93,0.0,0.0,0.0,0.0,0.0,0.0,0.5,0.49,0.0,0.0,0.0,0.0,0.0,0.0,0.0,1.5,2.0,0.0,5.0,2.0,4.5,0.0,0.0,0.0,6.5,2.5,62.5,,,,,,,,,,,,,,,,,,,,,,,,,,,,
Lionel Messi,ar ARG,"FW,MF",Inter Miami,35,1987,6,4,373,4.1,0.24,0.49,0.73,0.24,0.0,0.0,0.0,0.0,0.63,0.63,0.34,0.98,4.39,8.78,7.8,0.24,0.48,0.72,0.24,0.72,0.63,0.33,0.96,0.63,0.96,Matches,2023,4.1,39.3,23.2,13.2,1.95,52.7,25.4,16.8,5.85,74.5,91.3,78.3,33.3,600.2,202.7,39.3,23.2,13.2,1.95,52.7,25.4,16.8,5.85,74.5,91.3,78.3,33.3,39.3,23.2,13.2,1.95,52.7,25.4,16.8,5.85,74.5,91.3,78.3,33.3,39.3,23.2,13.2,1.95,52.7,25.4,16.8,5.85,74.5,91.3,78.3,33.3,0.49,0.34,0.15,1.46,4.63,1.95,0.0,0.24,4.88,1.71,35.0,4.83,1.69,0.05,0.14,21.8,1.71,0.0,0.0,0.14,-0.39,-0.39,63.4,0.0,1.71,25.1,37.1,3.9,63.4,3.9,53.3,1.71,23.3,49.5,0.98,2.68,2.44,55.1,0.24,0.0,0.24,0.24,0.0,0.0,0.49,0.0,0.0,0.24,0.49,0.0,0.0,6.59,6.51,1.22,0.0,1.46,0.0,0.0,0.0,0.73,0.72,1.22,0.0,1.46,0.0,0.0,0.0,0.0,0.73,3.17,0.24,1.95,0.24,0.24,0.0,0.0,0.0,1.71,0.24,33.3,,,,,,,,,,,,,,,,,,,,,,,,,,,,
Matt Miazga,us USA,DF,FC Cincinnati,27,1995,27,27,2384,26.5,0.0,0.04,0.04,0.0,0.0,0.0,0.34,0.0,0.06,0.06,0.02,0.08,0.0,2.23,0.08,0.0,0.04,0.04,0.0,0.04,0.06,0.02,0.08,0.06,0.08,Matches,2023,26.5,42.4,9.02,26.0,7.13,49.2,10.2,28.4,9.62,86.3,88.5,91.6,74.1,936.3,386.3,42.4,9.02,26.0,7.13,49.2,10.2,28.4,9.62,86.3,88.5,91.6,74.1,42.4,9.02,26.0,7.13,49.2,10.2,28.4,9.62,86.3,88.5,91.6,74.1,42.4,9.02,26.0,7.13,49.2,10.2,28.4,9.62,86.3,88.5,91.6,74.1,0.04,0.03,0.02,0.26,1.66,0.11,0.0,0.0,0.6,0.08,12.5,0.6,0.08,0.0,0.0,10.1,0.0,0.0,0.0,0.1,-0.06,-0.06,59.2,10.4,34.2,24.0,1.32,1.02,59.2,0.26,87.5,0.04,12.5,28.9,0.0,0.19,0.08,36.3,0.94,0.64,0.64,0.94,0.64,85.0,0.11,1.25,0.26,1.36,2.3,5.13,0.04,0.72,0.72,0.0,0.0,0.0,0.0,0.0,0.0,0.08,0.08,0.0,0.0,0.0,0.0,0.0,0.0,0.0,0.72,0.83,0.04,0.04,1.36,0.64,0.0,0.04,0.0,4.3,2.98,73.8,,,,,,,,,,,,,,,,,,,,,,,,,,,,
Micael,br BRA,DF,Houston Dynamo,22,2000,24,22,1975,21.9,0.05,0.0,0.05,0.05,0.0,0.0,0.37,0.05,0.05,0.05,0.0,0.05,0.32,2.01,0.18,0.05,0.0,0.05,0.05,0.05,0.04,0.0,0.04,0.04,0.04,Matches,2023,21.9,46.2,15.8,24.5,5.25,53.6,17.1,26.8,8.36,86.3,92.2,91.3,62.8,901.2,360.1,46.2,15.8,24.5,5.25,53.6,17.1,26.8,8.36,86.3,92.2,91.3,62.8,46.2,15.8,24.5,5.25,53.6,17.1,26.8,8.36,86.3,92.2,91.3,62.8,46.2,15.8,24.5,5.25,53.6,17.1,26.8,8.36,86.3,92.2,91.3,62.8,0.0,0.01,0.0,0.05,2.33,0.09,0.0,0.05,0.37,0.05,12.5,0.36,0.05,0.13,1.0,7.3,0.0,0.0,0.0,0.12,0.0,0.0,66.0,11.0,39.4,24.2,2.65,0.59,66.0,0.18,40.0,0.14,30.0,37.2,0.09,0.55,0.05,42.2,1.74,0.82,1.14,1.74,0.82,75.0,0.27,1.42,0.64,1.28,3.01,5.71,0.09,0.41,0.41,0.0,0.0,0.0,0.0,0.0,0.0,0.0,0.0,0.0,0.0,0.0,0.0,0.0,0.0,0.05,1.23,0.78,0.05,0.09,1.28,1.14,0.0,0.0,0.0,4.47,2.33,62.2,,,,,,,,,,,,,,,,,,,,,,,,,,,,
Novak Mićović,rs SRB,GK,LA Galaxy,21,2001,2,2,180,2.0,0.0,0.0,0.0,0.0,0.0,0.0,0.0,0.0,0.0,0.0,0.0,0.0,0.0,0.0,0.0,0.0,0.0,0.0,0.0,0.0,0.0,0.0,0.0,0.0,0.0,Matches,2023,2.0,24.5,6.0,13.0,5.0,28.0,6.0,13.0,8.5,87.5,100.0,100.0,58.8,527.0,320.5,24.5,6.0,13.0,5.0,28.0,6.0,13.0,8.5,87.5,100.0,100.0,58.8,24.5,6.0,13.0,5.0,28.0,6.0,13.0,8.5,87.5,100.0,100.0,58.8,24.5,6.0,13.0,5.0,28.0,6.0,13.0,8.5,87.5,100.0,100.0,58.8,0.0,0.0,0.0,0.0,0.0,0.0,0.0,0.0,0.0,0.0,,0.0,0.0,,,,0.0,0.0,0.0,,0.0,0.0,29.5,25.5,29.5,0.0,0.0,0.0,29.5,0.0,,0.0,,23.0,0.0,0.0,0.0,16.5,0.0,0.0,0.0,0.0,0.0,,0.0,0.0,0.0,0.0,0.0,0.0,0.0,0.0,0.0,0.0,0.0,0.0,0.0,0.0,0.0,0.0,0.0,0.0,0.0,0.0,0.0,0.0,0.0,0.0,0.0,0.0,0.0,0.0,0.0,0.0,0.0,0.0,0.0,2.0,0.0,,3.0,0.0,0.0,0.0,2.0,0.33,-1.0,-1.01,26.0,6.5,21.2,25.0,26.0,24.5,16.4,21.2,25.0,26.0,24.5,16.4,14.5,0.5,3.4,1.0,1.0,26.0,24.5,16.4
Matko Miljevic,us USA,"MF,FW",CF Montréal,21,2001,8,0,131,1.5,0.0,0.67,0.67,0.0,0.0,0.0,1.33,0.0,0.2,0.2,0.13,0.4,1.33,6.0,9.33,0.0,0.69,0.69,0.0,0.69,0.22,0.17,0.39,0.22,0.39,Matches,2023,1.5,34.7,16.0,12.0,6.67,54.0,20.7,14.7,14.7,64.2,77.4,81.8,45.5,671.3,195.3,34.7,16.0,12.0,6.67,54.0,20.7,14.7,14.7,64.2,77.4,81.8,45.5,34.7,16.0,12.0,6.67,54.0,20.7,14.7,14.7,64.2,77.4,81.8,45.5,34.7,16.0,12.0,6.67,54.0,20.7,14.7,14.7,64.2,77.4,81.8,45.5,0.67,0.33,0.53,0.67,2.0,0.67,0.67,0.0,4.0,0.67,16.7,4.12,0.69,0.0,0.0,22.0,0.0,0.0,0.0,0.05,-0.2,-0.2,70.0,0.67,9.33,30.7,32.7,4.0,70.0,2.0,60.0,0.67,20.0,48.7,1.33,4.67,4.0,43.3,1.33,0.0,0.67,1.33,0.0,0.0,2.0,0.0,0.0,0.67,2.0,0.0,0.0,3.33,3.46,0.67,0.0,0.67,0.0,0.0,0.0,0.67,0.69,0.67,0.0,0.67,0.0,0.0,0.0,0.0,2.67,2.0,0.0,10.0,0.67,0.67,0.0,0.0,0.0,12.0,0.67,20.0,,,,,,,,,,,,,,,,,,,,,,,,,,,,
Eric Miller,us USA,DF,Portland Timbers,30,1993,21,12,1206,13.4,0.0,0.0,0.0,0.0,0.0,0.0,0.07,0.0,0.01,0.01,0.01,0.02,0.22,1.94,1.27,0.0,0.0,0.0,0.0,0.0,0.0,0.02,0.02,0.0,0.02,Matches,2023,13.4,27.2,10.3,13.9,2.76,36.3,12.3,17.0,5.45,74.7,83.6,81.6,50.7,513.9,202.1,27.2,10.3,13.9,2.76,36.3,12.3,17.0,5.45,74.7,83.6,81.6,50.7,27.2,10.3,13.9,2.76,36.3,12.3,17.0,5.45,74.7,83.6,81.6,50.7,27.2,10.3,13.9,2.76,36.3,12.3,17.0,5.45,74.7,83.6,81.6,50.7,0.0,0.03,-0.01,0.22,1.34,0.3,0.22,0.0,0.15,0.0,0.0,0.15,0.0,0.0,,16.1,0.0,0.0,0.0,0.03,-0.01,-0.01,44.1,4.33,16.9,20.7,6.79,0.37,44.1,0.07,25.0,0.22,75.0,16.5,0.07,0.75,0.37,20.2,1.19,0.9,0.9,1.19,0.9,57.1,0.67,0.67,0.22,0.52,1.72,3.36,0.07,0.67,0.67,0.0,0.0,0.0,0.0,0.0,0.0,0.07,0.07,0.0,0.0,0.0,0.0,0.0,0.0,0.0,0.67,0.82,0.0,0.75,0.52,0.9,0.0,0.0,0.0,4.4,1.04,56.0,,,,,,,,,,,,,,,,,,,,,,,,,,,,
Kamal Miller,ca CAN,DF,Inter Miami,25,1997,22,21,1843,20.5,0.0,0.0,0.0,0.0,0.0,0.0,0.15,0.05,0.0,0.0,0.02,0.02,0.93,3.85,0.34,0.0,0.0,0.0,0.0,0.0,0.0,0.02,0.02,0.0,0.02,Matches,2023,20.5,57.3,17.2,32.2,7.51,64.7,18.6,34.6,10.4,88.5,92.4,93.2,72.0,1173.4,462.9,57.3,17.2,32.2,7.51,64.7,18.6,34.6,10.4,88.5,92.4,93.2,72.0,57.3,17.2,32.2,7.51,64.7,18.6,34.6,10.4,88.5,92.4,93.2,72.0,57.3,17.2,32.2,7.51,64.7,18.6,34.6,10.4,88.5,92.4,93.2,72.0,0.0,0.02,-0.02,0.39,4.73,0.2,0.05,0.0,0.05,0.0,0.0,0.05,0.0,0.0,,16.5,0.0,0.0,0.0,0.03,0.0,0.0,72.9,8.15,37.8,32.5,3.12,0.49,72.9,0.88,75.0,0.2,16.7,48.4,0.1,0.44,0.29,53.8,1.41,1.12,1.07,1.41,1.12,67.6,0.54,0.83,0.34,1.22,2.63,2.83,0.1,0.78,0.78,0.0,0.0,0.0,0.0,0.05,0.0,0.0,0.0,0.0,0.0,0.0,0.0,0.05,0.0,0.0,0.49,0.63,0.0,0.2,1.22,1.07,0.0,0.0,0.05,6.68,0.78,43.2,,,,,,,,,,,,,,,,,,,,,,,,,,,,
Kamal Miller,ca CAN,DF,CF Montréal,25,1997,6,6,474,5.3,0.0,0.0,0.0,0.0,0.0,0.0,0.19,0.0,0.0,0.0,0.0,0.0,0.19,5.09,0.19,0.0,0.0,0.0,0.0,0.0,0.0,0.0,0.0,0.0,0.0,Matches,2023,5.3,49.1,18.7,23.0,7.36,58.7,20.4,25.5,11.1,83.6,91.7,90.4,66.1,987.4,463.6,49.1,18.7,23.0,7.36,58.7,20.4,25.5,11.1,83.6,91.7,90.4,66.1,49.1,18.7,23.0,7.36,58.7,20.4,25.5,11.1,83.6,91.7,90.4,66.1,49.1,18.7,23.0,7.36,58.7,20.4,25.5,11.1,83.6,91.7,90.4,66.1,0.0,0.02,0.0,0.0,6.23,0.19,0.0,0.0,0.19,0.0,0.0,0.19,0.0,0.0,,29.1,0.0,0.0,0.0,0.03,0.0,0.0,64.7,4.15,28.7,32.6,3.77,0.38,64.7,0.0,0.0,0.19,100.0,34.7,0.0,1.32,0.38,45.7,0.57,0.38,0.38,0.57,0.38,40.0,0.57,0.94,0.38,1.13,1.7,2.26,0.0,0.19,0.19,0.0,0.0,0.0,0.0,0.19,0.0,0.0,0.0,0.0,0.0,0.0,0.0,0.19,0.0,0.0,0.38,0.57,0.19,0.19,1.13,0.38,0.0,0.0,0.0,6.98,1.13,75.0,,,,,,,,,,,,,,,,,,,,,,,,,,,,
Tyler Miller,us USA,GK,D.C. United,29,1993,25,25,2205,24.5,0.0,0.0,0.0,0.0,0.0,0.0,0.04,0.0,0.0,0.0,0.0,0.0,0.0,0.41,0.0,0.0,0.0,0.0,0.0,0.0,0.0,0.0,0.0,0.0,0.0,Matches,2023,24.5,36.0,8.82,14.0,13.1,49.4,8.86,14.6,25.6,72.9,99.5,96.1,51.0,1060.2,869.0,36.0,8.82,14.0,13.1,49.4,8.86,14.6,25.6,72.9,99.5,96.1,51.0,36.0,8.82,14.0,13.1,49.4,8.86,14.6,25.6,72.9,99.5,96.1,51.0,36.0,8.82,14.0,13.1,49.4,8.86,14.6,25.6,72.9,99.5,96.1,51.0,0.0,0.02,0.0,0.04,2.49,0.24,0.0,0.0,0.0,0.0,,0.0,0.0,,,,0.0,0.0,0.0,,0.0,0.0,51.4,29.9,48.6,2.82,0.0,0.0,51.4,0.12,75.0,0.0,0.0,29.9,0.04,0.08,0.0,27.6,0.0,0.0,0.0,0.0,0.0,0.0,0.08,0.0,0.0,0.08,0.08,0.86,0.2,0.41,0.41,0.0,0.0,0.0,0.0,0.0,0.0,0.0,0.0,0.0,0.0,0.0,0.0,0.0,0.0,0.0,0.04,0.33,0.0,0.0,0.08,0.0,0.0,0.04,0.0,2.24,0.2,100.0,1.55,0.12,0.12,0.04,1.38,0.32,-0.13,-0.14,42.0,4.04,39.9,62.3,34.7,47.6,23.7,39.9,62.3,34.7,47.6,23.7,12.9,1.02,7.9,4.33,4.33,34.7,47.6,23.7
Kevin Molino,tt TRI,"MF,FW",Columbus Crew,32,1990,9,0,62,0.7,0.0,0.0,0.0,0.0,0.0,0.0,0.0,0.0,0.0,0.0,0.14,0.14,4.29,10.0,12.9,0.0,0.0,0.0,0.0,0.0,0.07,0.1,0.17,0.07,0.17,Matches,2023,0.7,122.9,72.9,38.6,4.29,135.7,78.6,40.0,7.14,90.5,92.7,96.4,60.0,1642.9,392.9,122.9,72.9,38.6,4.29,135.7,78.6,40.0,7.14,90.5,92.7,96.4,60.0,122.9,72.9,38.6,4.29,135.7,78.6,40.0,7.14,90.5,92.7,96.4,60.0,122.9,72.9,38.6,4.29,135.7,78.6,40.0,7.14,90.5,92.7,96.4,60.0,0.0,0.14,-0.14,2.86,8.57,4.29,1.43,0.0,1.43,0.0,0.0,1.45,0.0,0.0,,28.4,0.0,0.0,0.0,0.05,0.0,0.0,154.3,0.0,12.9,58.6,84.3,0.0,154.3,7.14,71.4,1.43,14.3,104.3,0.0,2.86,2.86,134.3,5.71,1.43,4.29,5.71,1.43,100.0,0.0,2.86,2.86,0.0,5.71,0.0,0.0,7.14,7.26,0.0,0.0,1.43,0.0,0.0,0.0,0.0,0.0,0.0,0.0,1.43,0.0,0.0,0.0,0.0,2.86,4.29,0.0,7.14,0.0,4.29,0.0,0.0,0.0,7.14,0.0,,,,,,,,,,,,,,,,,,,,,,,,,,,,,
Alex Monis,ph PHI,FW,Chicago Fire,19,2003,1,0,10,0.1,0.0,0.0,0.0,0.0,0.0,0.0,0.0,0.0,0.0,0.0,0.0,0.0,10.0,0.0,10.0,0.0,0.0,0.0,0.0,0.0,0.0,0.0,0.0,0.0,0.0,Matches,2023,0.1,30.0,20.0,0.0,0.0,60.0,30.0,0.0,10.0,50.0,66.7,,0.0,260.0,70.0,30.0,20.0,0.0,0.0,60.0,30.0,0.0,10.0,50.0,66.7,,0.0,30.0,20.0,0.0,0.0,60.0,30.0,0.0,10.0,50.0,66.7,,0.0,30.0,20.0,0.0,0.0,60.0,30.0,0.0,10.0,50.0,66.7,,0.0,0.0,0.0,0.0,0.0,10.0,0.0,0.0,0.0,0.0,0.0,,0.0,0.0,,,,0.0,0.0,0.0,,0.0,0.0,80.0,0.0,20.0,30.0,30.0,0.0,80.0,0.0,,0.0,,40.0,0.0,10.0,0.0,40.0,10.0,10.0,10.0,10.0,10.0,100.0,0.0,0.0,0.0,10.0,20.0,0.0,0.0,0.0,0.0,0.0,0.0,0.0,0.0,0.0,0.0,0.0,0.0,0.0,0.0,0.0,0.0,0.0,0.0,0.0,0.0,0.0,0.0,20.0,10.0,10.0,0.0,0.0,0.0,10.0,0.0,,,,,,,,,,,,,,,,,,,,,,,,,,,,,
Jamiro Monteiro,cv CPV,MF,SJ Earthquakes,29,1993,28,25,2126,23.6,0.04,0.13,0.17,0.04,0.0,0.0,0.17,0.04,0.17,0.17,0.11,0.27,1.61,4.79,4.79,0.04,0.13,0.17,0.04,0.17,0.16,0.11,0.27,0.16,0.27,Matches,2023,23.6,40.8,23.1,13.1,2.75,47.1,25.0,14.8,4.15,86.6,92.2,88.5,66.3,620.9,142.0,40.8,23.1,13.1,2.75,47.1,25.0,14.8,4.15,86.6,92.2,88.5,66.3,40.8,23.1,13.1,2.75,47.1,25.0,14.8,4.15,86.6,92.2,88.5,66.3,40.8,23.1,13.1,2.75,47.1,25.0,14.8,4.15,86.6,92.2,88.5,66.3,0.13,0.13,0.02,1.1,3.64,0.76,0.08,0.04,1.27,0.38,30.0,1.27,0.38,0.03,0.11,19.5,0.13,0.0,0.0,0.13,-0.12,-0.12,56.0,0.21,7.46,30.6,18.4,2.33,56.0,1.23,51.8,0.97,41.1,39.0,0.3,2.16,1.27,45.3,1.57,0.42,1.02,1.57,0.42,20.8,1.61,0.97,0.89,0.64,2.2,0.17,0.0,3.05,3.05,0.04,0.0,0.13,0.0,0.04,0.0,0.38,0.38,0.04,0.0,0.13,0.0,0.04,0.0,0.0,0.97,2.58,0.42,0.76,0.64,1.02,0.0,0.0,0.0,6.1,0.13,15.8,,,,,,,,,,,,,,,,,,,,,,,,,,,,
Fredy Montero,co COL,"FW,MF",Seattle Sounders,35,1987,17,3,435,4.8,0.21,0.21,0.42,0.21,0.0,0.0,0.0,0.0,0.25,0.25,0.17,0.42,1.67,4.79,8.33,0.21,0.21,0.41,0.21,0.41,0.24,0.16,0.4,0.24,0.4,Matches,2023,4.8,22.5,10.0,9.17,2.5,33.1,12.9,12.5,4.79,67.9,77.4,73.3,52.2,376.9,103.8,22.5,10.0,9.17,2.5,33.1,12.9,12.5,4.79,67.9,77.4,73.3,52.2,22.5,10.0,9.17,2.5,33.1,12.9,12.5,4.79,67.9,77.4,73.3,52.2,22.5,10.0,9.17,2.5,33.1,12.9,12.5,4.79,67.9,77.4,73.3,52.2,0.21,0.21,0.04,1.67,2.71,1.04,0.21,0.21,3.33,0.83,25.0,3.31,0.83,0.06,0.25,22.0,0.21,0.0,0.0,0.07,-0.04,-0.04,44.2,0.0,2.29,19.2,23.3,4.38,44.2,0.42,25.0,0.83,50.0,29.8,0.0,1.88,2.29,36.5,1.46,0.42,1.25,1.46,0.42,28.6,1.04,0.21,0.21,0.0,1.46,0.0,0.0,3.33,3.3,0.0,0.0,0.21,0.21,0.42,0.0,0.42,0.41,0.0,0.0,0.21,0.21,0.42,0.0,0.0,2.08,2.08,0.63,3.13,0.0,1.25,0.21,0.0,0.0,3.33,1.67,50.0,,,,,,,,,,,,,,,,,,,,,,,,,,,,
Shaq Moore,us USA,DF,Nashville SC,26,1996,32,31,2771,30.8,0.0,0.13,0.13,0.0,0.0,0.0,0.13,0.03,0.01,0.01,0.1,0.11,2.18,3.44,4.16,0.0,0.13,0.13,0.0,0.13,0.01,0.1,0.11,0.01,0.11,Matches,2023,30.8,35.9,14.6,16.4,4.45,47.0,16.4,20.2,8.28,76.4,88.7,81.2,53.7,667.6,236.8,35.9,14.6,16.4,4.45,47.0,16.4,20.2,8.28,76.4,88.7,81.2,53.7,35.9,14.6,16.4,4.45,47.0,16.4,20.2,8.28,76.4,88.7,81.2,53.7,35.9,14.6,16.4,4.45,47.0,16.4,20.2,8.28,76.4,88.7,81.2,53.7,0.13,0.08,0.03,0.81,2.69,1.17,0.58,0.0,0.29,0.0,0.0,0.29,0.0,0.0,,22.4,0.0,0.0,0.0,0.03,-0.01,-0.01,57.1,2.89,17.2,25.7,14.6,1.04,57.1,1.04,45.7,0.81,35.7,29.1,0.23,1.33,0.52,33.2,2.6,1.36,1.62,2.6,1.36,70.0,0.58,1.07,0.71,0.81,3.41,1.92,0.0,1.92,1.92,0.13,0.0,0.16,0.0,0.03,0.0,0.16,0.16,0.13,0.0,0.16,0.0,0.03,0.0,0.0,1.17,0.91,0.16,2.92,0.81,1.62,0.0,0.0,0.0,4.9,0.78,52.2,,,,,,,,,,,,,,,,,,,,,,,,,,,,
Felipe Mora,cl CHI,FW,Portland Timbers,29,1993,15,8,817,9.1,0.66,0.11,0.77,0.66,0.0,0.0,0.11,0.0,0.49,0.49,0.13,0.63,0.44,2.42,6.48,0.66,0.11,0.77,0.66,0.77,0.5,0.13,0.63,0.5,0.63,Matches,2023,9.1,16.9,9.12,5.6,1.65,21.8,11.1,7.14,1.98,77.8,82.2,78.5,83.3,273.5,43.2,16.9,9.12,5.6,1.65,21.8,11.1,7.14,1.98,77.8,82.2,78.5,83.3,16.9,9.12,5.6,1.65,21.8,11.1,7.14,1.98,77.8,82.2,78.5,83.3,16.9,9.12,5.6,1.65,21.8,11.1,7.14,1.98,77.8,82.2,78.5,83.3,0.11,0.13,-0.02,0.77,1.43,0.88,0.0,0.66,2.86,1.1,38.5,2.86,1.1,0.23,0.6,12.7,0.0,0.0,0.0,0.18,0.16,0.16,28.7,0.44,1.1,12.4,15.2,4.18,28.7,0.22,40.0,0.33,60.0,16.7,0.22,1.32,1.43,22.9,0.44,0.0,0.22,0.44,0.0,0.0,0.44,0.11,0.0,0.0,0.44,0.33,0.0,2.31,2.31,0.11,0.11,0.44,0.0,0.0,0.0,0.22,0.22,0.11,0.11,0.44,0.0,0.0,0.0,0.0,0.55,2.53,0.22,0.44,0.0,0.22,0.0,0.0,0.0,1.1,1.54,35.0,,,,,,,,,,,,,,,,,,,,,,,,,,,,
Joseph Mora,cr CRC,DF,Charlotte,30,1993,4,2,191,2.1,0.0,0.0,0.0,0.0,0.0,0.0,0.0,0.0,0.0,0.0,0.05,0.05,1.43,4.29,2.38,0.0,0.0,0.0,0.0,0.0,0.0,0.03,0.03,0.0,0.03,Matches,2023,2.1,35.2,19.0,13.3,0.48,55.2,23.8,17.1,5.71,63.8,80.0,77.8,8.3,492.9,246.7,35.2,19.0,13.3,0.48,55.2,23.8,17.1,5.71,63.8,80.0,77.8,8.3,35.2,19.0,13.3,0.48,55.2,23.8,17.1,5.71,63.8,80.0,77.8,8.3,35.2,19.0,13.3,0.48,55.2,23.8,17.1,5.71,63.8,80.0,77.8,8.3,0.0,0.05,-0.05,0.48,0.95,0.95,0.48,0.0,0.0,0.0,,0.0,0.0,,,,0.0,0.0,0.0,,0.0,0.0,68.1,4.76,25.7,28.1,14.8,0.95,68.1,0.0,0.0,0.48,50.0,20.5,0.0,0.0,0.0,27.1,2.38,1.43,1.43,2.38,1.43,60.0,0.95,1.9,1.9,1.9,4.29,2.86,0.0,1.43,1.41,0.0,0.0,0.0,0.0,0.0,0.0,0.0,0.0,0.0,0.0,0.0,0.0,0.0,0.0,0.0,1.43,1.43,0.0,4.29,1.9,1.43,0.0,0.0,0.0,3.81,2.38,55.6,,,,,,,,,,,,,,,,,,,,,,,,,,,,
Alfredo Morales,us USA,MF,NYCFC,32,1990,22,11,1164,12.9,0.0,0.08,0.08,0.0,0.0,0.0,0.23,0.0,0.05,0.05,0.02,0.06,0.78,3.64,0.85,0.0,0.08,0.08,0.0,0.08,0.04,0.02,0.06,0.04,0.06,Matches,2023,12.9,38.3,18.1,16.0,3.57,44.3,20.2,17.4,5.27,86.5,89.7,92.4,67.6,657.2,180.1,38.3,18.1,16.0,3.57,44.3,20.2,17.4,5.27,86.5,89.7,92.4,67.6,38.3,18.1,16.0,3.57,44.3,20.2,17.4,5.27,86.5,89.7,92.4,67.6,38.3,18.1,16.0,3.57,44.3,20.2,17.4,5.27,86.5,89.7,92.4,67.6,0.08,0.06,0.06,0.39,4.19,0.39,0.08,0.0,0.85,0.08,9.1,0.85,0.08,0.0,0.0,17.1,0.0,0.0,0.0,0.05,-0.05,-0.05,53.0,2.4,11.4,34.1,7.91,1.63,53.0,0.54,46.7,0.62,53.3,26.8,0.0,0.78,0.85,37.4,1.78,0.7,0.7,1.78,0.7,42.9,0.93,1.32,1.01,0.85,2.64,1.55,0.0,1.09,1.08,0.0,0.0,0.0,0.0,0.0,0.0,0.16,0.15,0.0,0.0,0.0,0.0,0.0,0.0,0.0,1.24,1.24,0.0,0.39,0.85,0.7,0.0,0.0,0.0,5.12,1.47,59.4,,,,,,,,,,,,,,,,,,,,,,,,,,,,
Maximiliano Moralez,ar ARG,"MF,FW",NYCFC,35,1987,4,4,314,3.5,0.0,0.0,0.0,0.0,0.0,0.0,0.0,0.0,0.2,0.2,0.31,0.49,2.29,11.7,10.3,0.0,0.0,0.0,0.0,0.0,0.19,0.3,0.5,0.19,0.5,Matches,2023,3.5,54.0,27.1,20.6,4.86,65.7,30.6,23.1,8.29,82.2,88.8,88.9,58.6,884.9,328.0,54.0,27.1,20.6,4.86,65.7,30.6,23.1,8.29,82.2,88.8,88.9,58.6,54.0,27.1,20.6,4.86,65.7,30.6,23.1,8.29,82.2,88.8,88.9,58.6,54.0,27.1,20.6,4.86,65.7,30.6,23.1,8.29,82.2,88.8,88.9,58.6,0.0,0.29,-0.31,2.29,8.86,3.43,0.57,0.0,2.0,0.57,28.6,2.01,0.57,0.0,0.0,19.6,0.29,0.0,0.0,0.1,-0.2,-0.2,74.3,0.29,2.86,42.0,30.0,3.14,74.3,2.0,77.8,0.57,22.2,46.9,0.86,2.86,0.29,55.7,1.43,0.57,0.86,1.43,0.57,33.3,1.14,1.14,0.86,0.86,2.29,0.0,0.0,5.43,5.45,0.0,0.0,0.29,0.0,0.29,0.0,0.29,0.29,0.0,0.0,0.29,0.0,0.29,0.0,0.0,0.86,2.29,0.29,3.43,0.86,0.86,0.0,0.0,0.0,3.43,1.43,100.0,,,,,,,,,,,,,,,,,,,,,,,,,,,,
Steven Moreira,cv CPV,DF,Columbus Crew,28,1994,34,33,2922,32.5,0.0,0.09,0.09,0.0,0.0,0.0,0.09,0.0,0.02,0.02,0.08,0.1,1.42,5.23,1.2,0.0,0.09,0.09,0.0,0.09,0.02,0.08,0.1,0.02,0.1,Matches,2023,32.5,59.7,25.8,29.4,3.88,67.4,27.6,31.7,5.91,88.6,93.3,92.9,65.6,1045.8,413.5,59.7,25.8,29.4,3.88,67.4,27.6,31.7,5.91,88.6,93.3,92.9,65.6,59.7,25.8,29.4,3.88,67.4,27.6,31.7,5.91,88.6,93.3,92.9,65.6,59.7,25.8,29.4,3.88,67.4,27.6,31.7,5.91,88.6,93.3,92.9,65.6,0.09,0.08,0.01,0.74,5.23,0.83,0.25,0.0,0.18,0.06,33.3,0.18,0.06,0.0,0.0,16.7,0.0,0.0,0.0,0.09,-0.02,-0.02,74.7,5.08,26.5,40.1,8.8,0.8,74.7,1.11,66.7,0.49,29.6,51.3,0.25,0.65,0.49,55.4,1.2,0.65,0.62,1.2,0.65,56.8,0.49,1.11,0.71,0.65,1.85,1.78,0.06,1.54,1.54,0.09,0.03,0.03,0.0,0.0,0.0,0.25,0.25,0.09,0.03,0.03,0.0,0.0,0.0,0.0,0.55,0.31,0.0,0.74,0.65,0.62,0.0,0.0,0.0,6.49,0.4,33.3,,,,,,,,,,,,,,,,,,,,,,,,,,,,
Junior Moreno,ve VEN,MF,FC Cincinnati,29,1993,29,26,2253,25.0,0.16,0.08,0.24,0.16,0.0,0.0,0.0,0.0,0.05,0.05,0.04,0.09,0.32,4.6,1.0,0.16,0.08,0.24,0.16,0.24,0.05,0.04,0.09,0.05,0.09,Matches,2023,25.0,40.4,19.1,15.8,3.6,44.8,20.8,17.0,4.28,90.3,91.9,93.4,84.1,667.6,199.1,40.4,19.1,15.8,3.6,44.8,20.8,17.0,4.28,90.3,91.9,93.4,84.1,40.4,19.1,15.8,3.6,44.8,20.8,17.0,4.28,90.3,91.9,93.4,84.1,40.4,19.1,15.8,3.6,44.8,20.8,17.0,4.28,90.3,91.9,93.4,84.1,0.08,0.06,0.04,0.56,3.84,0.68,0.08,0.16,0.52,0.16,30.8,0.52,0.16,0.31,1.0,19.8,0.0,0.0,0.0,0.1,0.11,0.11,52.7,2.76,12.6,32.0,8.64,0.64,52.7,0.64,66.7,0.28,29.2,28.0,0.08,1.04,0.52,36.2,1.4,0.68,0.76,1.4,0.68,53.1,0.6,1.24,0.72,0.88,2.28,0.96,0.0,1.64,1.64,0.04,0.0,0.16,0.0,0.0,0.0,0.2,0.2,0.04,0.0,0.16,0.0,0.0,0.0,0.0,0.96,1.16,0.0,0.16,0.88,0.76,0.0,0.0,0.0,7.0,0.28,77.8,,,,,,,,,,,,,,,,,,,,,,,,,,,,
Santiago Moreno,co COL,"FW,MF",Portland Timbers,22,2000,31,29,2332,25.9,0.12,0.23,0.35,0.12,0.0,0.0,0.15,0.0,0.19,0.19,0.19,0.38,2.47,5.02,6.68,0.12,0.23,0.35,0.12,0.35,0.19,0.19,0.38,0.19,0.38,Matches,2023,25.9,29.0,14.7,10.2,2.74,39.0,18.0,12.9,4.67,74.4,82.2,78.7,58.7,466.0,139.9,29.0,14.7,10.2,2.74,39.0,18.0,12.9,4.67,74.4,82.2,78.7,58.7,29.0,14.7,10.2,2.74,39.0,18.0,12.9,4.67,74.4,82.2,78.7,58.7,29.0,14.7,10.2,2.74,39.0,18.0,12.9,4.67,74.4,82.2,78.7,58.7,0.23,0.19,0.05,1.81,3.4,1.54,0.15,0.12,1.62,0.69,42.9,1.62,0.69,0.07,0.17,16.5,0.04,0.0,0.0,0.12,-0.07,-0.07,52.2,0.81,6.25,24.5,22.2,3.4,52.2,2.28,48.4,2.08,44.3,32.2,0.81,2.59,2.08,35.7,1.89,0.54,0.93,1.89,0.54,25.0,1.62,1.47,1.35,0.89,2.78,0.42,0.0,3.63,3.63,0.27,0.04,0.04,0.0,0.0,0.0,0.46,0.46,0.27,0.04,0.04,0.0,0.0,0.0,0.0,1.43,1.16,0.0,1.97,0.89,0.93,0.0,0.04,0.0,6.41,0.97,39.7,,,,,,,,,,,,,,,,,,,,,,,,,,,,
Lewis Morgan,sct SCO,"MF,FW",NY Red Bulls,26,1996,5,3,298,3.3,0.0,0.0,0.0,0.0,0.0,0.0,0.0,0.0,0.42,0.42,0.12,0.52,2.12,3.03,7.88,0.0,0.0,0.0,0.0,0.0,0.41,0.11,0.52,0.41,0.52,Matches,2023,3.3,19.7,9.7,7.58,2.42,30.3,12.7,10.6,5.15,65.0,76.2,71.4,47.1,334.5,107.6,19.7,9.7,7.58,2.42,30.3,12.7,10.6,5.15,65.0,76.2,71.4,47.1,19.7,9.7,7.58,2.42,30.3,12.7,10.6,5.15,65.0,76.2,71.4,47.1,19.7,9.7,7.58,2.42,30.3,12.7,10.6,5.15,65.0,76.2,71.4,47.1,0.0,0.03,-0.12,1.21,1.82,0.3,0.3,0.0,4.24,1.21,28.6,4.23,1.21,0.0,0.0,22.3,0.61,0.0,0.0,0.1,-0.42,-0.42,44.2,0.61,6.06,17.3,21.8,2.73,44.2,0.91,33.3,1.21,44.4,25.5,0.61,2.42,2.12,25.5,0.3,0.0,0.3,0.3,0.0,0.0,0.3,1.52,1.52,0.3,0.61,0.91,0.0,3.94,3.94,0.61,0.0,0.3,0.0,0.0,0.0,0.0,0.0,0.61,0.0,0.3,0.0,0.0,0.0,0.0,0.3,0.91,0.0,1.52,0.3,0.3,0.0,0.0,0.0,7.88,1.21,40.0,,,,,,,,,,,,,,,,,,,,,,,,,,,,
Aidan Morris,us USA,MF,Columbus Crew,21,2001,30,30,2580,28.7,0.14,0.1,0.24,0.14,0.0,0.0,0.17,0.0,0.1,0.1,0.09,0.19,1.11,6.24,1.85,0.14,0.1,0.24,0.14,0.24,0.1,0.09,0.19,0.1,0.19,Matches,2023,28.7,60.9,30.8,24.1,4.63,66.3,32.3,25.7,5.44,92.0,95.3,93.6,85.3,996.5,254.9,60.9,30.8,24.1,4.63,66.3,32.3,25.7,5.44,92.0,95.3,93.6,85.3,60.9,30.8,24.1,4.63,66.3,32.3,25.7,5.44,92.0,95.3,93.6,85.3,60.9,30.8,24.1,4.63,66.3,32.3,25.7,5.44,92.0,95.3,93.6,85.3,0.1,0.09,0.02,1.08,6.06,0.52,0.07,0.14,0.94,0.38,40.7,0.94,0.38,0.15,0.36,19.9,0.0,0.0,0.0,0.11,0.03,0.03,76.9,1.46,14.7,47.7,15.4,1.29,76.9,1.53,66.7,0.59,25.8,46.3,0.1,1.85,0.7,55.8,3.41,1.18,2.02,3.41,1.18,35.1,2.2,1.15,1.05,1.53,4.95,0.38,0.0,2.82,2.83,0.14,0.0,0.03,0.0,0.14,0.03,0.35,0.35,0.14,0.0,0.03,0.0,0.14,0.03,0.0,1.74,1.29,0.07,0.38,1.53,2.02,0.0,0.0,0.0,7.14,0.35,37.0,,,,,,,,,,,,,,,,,,,,,,,,,,,,
Jordan Morris,us USA,FW,Seattle Sounders,28,1994,26,23,1976,22.0,0.5,0.0,0.5,0.5,0.0,0.0,0.0,0.0,0.42,0.42,0.11,0.54,1.77,1.23,6.5,0.5,0.0,0.5,0.5,0.5,0.43,0.11,0.54,0.43,0.54,Matches,2023,22.0,18.6,12.7,4.64,0.59,25.5,15.5,6.5,1.14,73.0,82.1,71.3,52.0,244.5,41.9,18.6,12.7,4.64,0.59,25.5,15.5,6.5,1.14,73.0,82.1,71.3,52.0,18.6,12.7,4.64,0.59,25.5,15.5,6.5,1.14,73.0,82.1,71.3,52.0,18.6,12.7,4.64,0.59,25.5,15.5,6.5,1.14,73.0,82.1,71.3,52.0,0.0,0.07,-0.11,0.95,0.77,0.68,0.14,0.5,1.95,0.77,39.5,1.96,0.77,0.26,0.65,10.7,0.0,0.0,0.0,0.22,0.08,0.08,32.0,0.95,3.41,11.3,17.6,4.64,32.0,0.55,60.0,0.32,35.0,18.8,0.68,1.41,0.73,24.5,0.55,0.18,0.41,0.55,0.18,50.0,0.18,0.59,0.5,0.14,0.68,0.5,0.0,1.59,1.59,0.05,0.0,0.14,0.0,0.0,0.0,0.09,0.09,0.05,0.0,0.14,0.0,0.0,0.0,0.0,0.73,0.73,0.32,1.23,0.14,0.41,0.0,0.0,0.0,3.09,2.05,47.4,,,,,,,,,,,,,,,,,,,,,,,,,,,,
Edwin Mosquera,co COL,"FW,MF",Atlanta Utd,21,2001,12,4,441,4.9,0.61,0.0,0.61,0.61,0.0,0.0,0.82,0.0,0.2,0.2,0.1,0.33,7.35,4.08,13.3,0.61,0.0,0.61,0.61,0.61,0.21,0.11,0.32,0.21,0.32,Matches,2023,4.9,24.1,11.6,10.2,1.63,35.7,14.9,14.5,2.65,67.4,78.1,70.4,61.5,379.8,93.5,24.1,11.6,10.2,1.63,35.7,14.9,14.5,2.65,67.4,78.1,70.4,61.5,24.1,11.6,10.2,1.63,35.7,14.9,14.5,2.65,67.4,78.1,70.4,61.5,24.1,11.6,10.2,1.63,35.7,14.9,14.5,2.65,67.4,78.1,70.4,61.5,0.0,0.22,-0.1,0.82,1.43,1.63,0.41,0.61,1.84,1.02,55.6,1.84,1.02,0.33,0.6,16.3,0.0,0.0,0.0,0.12,0.41,0.41,50.6,0.82,7.35,20.6,24.1,7.35,50.6,2.65,41.9,2.86,45.2,38.6,3.27,2.65,1.43,41.0,1.43,0.41,1.22,1.43,0.41,40.0,0.61,0.61,0.2,0.82,2.24,0.41,0.0,3.88,3.89,0.61,0.0,0.61,0.2,0.2,0.0,0.82,0.82,0.61,0.0,0.61,0.2,0.2,0.0,0.0,2.24,2.86,0.41,3.67,0.82,1.22,0.0,0.0,0.0,3.47,0.41,33.3,,,,,,,,,,,,,,,,,,,,,,,,,,,,
Yerson Mosquera,co COL,DF,FC Cincinnati,21,2001,26,25,2249,25.0,0.08,0.04,0.12,0.08,0.0,0.0,0.32,0.04,0.08,0.08,0.02,0.11,0.52,3.56,0.48,0.08,0.04,0.12,0.08,0.12,0.08,0.02,0.11,0.08,0.11,Matches,2023,25.0,43.0,17.0,21.3,4.0,53.0,18.8,24.7,7.56,81.2,90.6,86.2,52.9,788.4,303.8,43.0,17.0,21.3,4.0,53.0,18.8,24.7,7.56,81.2,90.6,86.2,52.9,43.0,17.0,21.3,4.0,53.0,18.8,24.7,7.56,81.2,90.6,86.2,52.9,43.0,17.0,21.3,4.0,53.0,18.8,24.7,7.56,81.2,90.6,86.2,52.9,0.04,0.03,0.02,0.24,3.6,0.2,0.0,0.08,0.68,0.12,17.6,0.68,0.12,0.12,0.67,15.6,0.0,0.0,0.0,0.12,-0.0,-0.0,66.6,7.52,33.1,30.2,3.88,1.04,66.6,0.52,52.0,0.32,32.0,35.4,0.04,1.0,0.4,39.8,1.8,0.8,1.48,1.8,0.8,54.1,0.68,1.24,0.6,1.88,3.68,4.48,0.04,0.68,0.68,0.0,0.0,0.12,0.04,0.08,0.0,0.12,0.12,0.0,0.0,0.12,0.04,0.08,0.0,0.04,1.6,1.92,0.0,0.04,1.88,1.48,0.04,0.04,0.0,7.16,3.4,65.9,,,,,,,,,,,,,,,,,,,,,,,,,,,,
Jean Mota,br BRA,MF,Inter Miami,29,1993,13,9,913,10.1,0.0,0.3,0.3,0.0,0.0,0.0,0.1,0.0,0.08,0.08,0.08,0.16,1.19,8.32,0.79,0.0,0.3,0.3,0.0,0.3,0.07,0.08,0.16,0.07,0.16,Matches,2023,10.1,56.5,22.5,25.1,7.82,71.6,25.0,29.6,13.1,79.0,89.7,84.9,59.8,1066.1,361.4,56.5,22.5,25.1,7.82,71.6,25.0,29.6,13.1,79.0,89.7,84.9,59.8,56.5,22.5,25.1,7.82,71.6,25.0,29.6,13.1,79.0,89.7,84.9,59.8,56.5,22.5,25.1,7.82,71.6,25.0,29.6,13.1,79.0,89.7,84.9,59.8,0.3,0.23,0.22,1.19,8.42,1.78,0.1,0.0,1.58,0.59,37.5,1.58,0.59,0.0,0.0,26.3,0.2,0.0,0.0,0.05,-0.08,-0.08,81.9,2.67,15.5,49.5,17.5,0.3,81.9,0.79,57.1,0.3,21.4,46.0,0.1,0.59,0.4,55.7,3.66,2.28,2.18,3.66,2.28,50.0,2.28,1.39,0.99,1.09,4.75,0.99,0.0,3.07,3.05,0.0,0.0,0.0,0.0,0.0,0.0,0.4,0.39,0.0,0.0,0.0,0.0,0.0,0.0,0.0,1.39,1.88,0.0,4.65,1.09,2.18,0.0,0.0,0.0,6.53,0.59,40.0,,,,,,,,,,,,,,,,,,,,,,,,,,,,
Chris Mueller,us USA,"FW,MF",Chicago Fire,26,1996,10,8,708,7.9,0.25,0.0,0.25,0.25,0.0,0.0,0.13,0.0,0.22,0.22,0.06,0.28,2.91,4.81,10.5,0.25,0.0,0.25,0.25,0.25,0.22,0.07,0.28,0.22,0.28,Matches,2023,7.9,28.2,17.1,8.1,2.28,36.6,19.6,10.4,3.16,77.2,87.1,78.0,72.0,431.0,110.1,28.2,17.1,8.1,2.28,36.6,19.6,10.4,3.16,77.2,87.1,78.0,72.0,28.2,17.1,8.1,2.28,36.6,19.6,10.4,3.16,77.2,87.1,78.0,72.0,28.2,17.1,8.1,2.28,36.6,19.6,10.4,3.16,77.2,87.1,78.0,72.0,0.0,0.09,-0.06,1.14,1.77,1.39,0.25,0.25,1.9,0.38,20.0,1.91,0.38,0.13,0.67,13.1,0.0,0.0,0.0,0.11,0.04,0.04,51.9,1.14,6.84,20.6,24.9,6.84,51.9,2.41,50.0,2.15,44.7,31.5,2.15,4.43,1.52,38.1,0.89,0.63,0.89,0.89,0.63,41.7,0.89,1.77,1.65,0.38,1.27,0.76,0.0,2.66,2.67,0.38,0.0,0.13,0.13,0.13,0.0,0.38,0.38,0.38,0.0,0.13,0.13,0.13,0.0,0.0,1.27,1.14,0.13,1.27,0.38,0.89,0.13,0.0,0.0,5.82,1.52,48.0,,,,,,,,,,,,,,,,,,,,,,,,,,,,
Hany Mukhtar,de GER,"FW,MF",Nashville SC,27,1995,34,30,2835,31.5,0.48,0.29,0.76,0.32,0.16,0.16,0.19,0.0,0.44,0.32,0.3,0.62,3.21,4.29,6.41,0.48,0.29,0.76,0.32,0.6,0.44,0.29,0.74,0.32,0.62,Matches,2023,31.5,28.9,14.5,10.0,3.27,38.8,16.7,12.9,6.16,74.5,86.9,77.6,53.1,482.4,129.1,28.9,14.5,10.0,3.27,38.8,16.7,12.9,6.16,74.5,86.9,77.6,53.1,28.9,14.5,10.0,3.27,38.8,16.7,12.9,6.16,74.5,86.9,77.6,53.1,28.9,14.5,10.0,3.27,38.8,16.7,12.9,6.16,74.5,86.9,77.6,53.1,0.29,0.23,-0.01,2.22,2.79,1.27,0.19,0.48,3.56,1.33,37.5,3.56,1.33,0.09,0.24,19.8,0.25,0.16,0.16,0.09,0.03,-0.01,51.0,0.06,2.38,26.1,23.4,4.41,50.9,1.94,47.3,1.78,43.4,32.0,1.21,3.02,2.6,37.9,0.51,0.32,0.32,0.51,0.32,30.3,0.73,0.48,0.48,0.19,0.7,0.16,0.0,4.92,4.92,0.54,0.13,0.35,0.06,0.03,0.0,0.76,0.76,0.54,0.13,0.35,0.06,0.03,0.0,0.0,0.67,2.03,0.79,4.76,0.19,0.32,0.0,0.0,0.0,3.3,0.35,26.2,,,,,,,,,,,,,,,,,,,,,,,,,,,,
José Mulato,co COL,"FW,MF",FC Dallas,20,2003,7,0,107,1.2,0.0,0.0,0.0,0.0,0.0,0.0,0.83,0.0,0.08,0.08,0.33,0.42,0.0,1.67,8.33,0.0,0.0,0.0,0.0,0.0,0.07,0.34,0.41,0.07,0.41,Matches,2023,1.2,10.8,5.83,4.17,0.0,16.7,6.67,5.83,0.0,65.0,87.5,71.4,,150.0,37.5,10.8,5.83,4.17,0.0,16.7,6.67,5.83,0.0,65.0,87.5,71.4,,10.8,5.83,4.17,0.0,16.7,6.67,5.83,0.0,65.0,87.5,71.4,,10.8,5.83,4.17,0.0,16.7,6.67,5.83,0.0,65.0,87.5,71.4,,0.0,0.0,-0.33,1.67,0.83,0.83,0.0,0.0,0.83,0.0,0.0,0.84,0.0,0.0,,21.6,0.0,0.0,0.0,0.08,-0.08,-0.08,28.3,0.0,1.67,9.17,17.5,5.0,28.3,1.67,66.7,0.83,33.3,13.3,0.0,4.17,0.83,20.0,1.67,0.83,1.67,1.67,0.83,50.0,0.83,0.0,0.0,0.0,1.67,0.0,0.0,0.0,0.0,0.0,0.0,0.0,0.0,0.0,0.0,0.0,0.0,0.0,0.0,0.0,0.0,0.0,0.0,0.0,1.67,0.83,0.0,0.0,0.0,1.67,0.0,0.0,0.0,3.33,4.17,50.0,,,,,,,,,,,,,,,,,,,,,,,,,,,,
O'Vonte Mullings,ca CAN,"MF,DF",NY Red Bulls,22,2000,2,0,45,0.5,0.0,0.0,0.0,0.0,0.0,0.0,0.0,0.0,0.0,0.0,0.0,0.0,2.0,2.0,6.0,0.0,0.0,0.0,0.0,0.0,0.0,0.06,0.06,0.0,0.06,Matches,2023,0.5,20.0,14.0,4.0,0.0,24.0,14.0,4.0,4.0,83.3,100.0,100.0,0.0,250.0,30.0,20.0,14.0,4.0,0.0,24.0,14.0,4.0,4.0,83.3,100.0,100.0,0.0,20.0,14.0,4.0,0.0,24.0,14.0,4.0,4.0,83.3,100.0,100.0,0.0,20.0,14.0,4.0,0.0,24.0,14.0,4.0,4.0,83.3,100.0,100.0,0.0,0.0,0.0,0.0,2.0,0.0,0.0,0.0,0.0,0.0,0.0,,0.0,0.0,,,,0.0,0.0,0.0,,0.0,0.0,38.0,0.0,10.0,16.0,14.0,6.0,38.0,2.0,100.0,0.0,0.0,26.0,0.0,6.0,0.0,20.0,2.0,0.0,2.0,2.0,0.0,,0.0,2.0,2.0,4.0,6.0,0.0,0.0,2.0,2.0,0.0,0.0,0.0,0.0,0.0,0.0,0.0,0.0,0.0,0.0,0.0,0.0,0.0,0.0,0.0,0.0,2.0,0.0,2.0,4.0,2.0,0.0,0.0,0.0,6.0,2.0,100.0,,,,,,,,,,,,,,,,,,,,,,,,,,,,
Daniel Munie,us USA,DF,SJ Earthquakes,22,2000,3,1,110,1.2,0.0,0.0,0.0,0.0,0.0,0.0,0.83,0.0,0.08,0.08,0.0,0.08,0.0,0.0,0.0,0.0,0.0,0.0,0.0,0.0,0.06,0.0,0.06,0.06,0.06,Matches,2023,1.2,32.5,12.5,18.3,1.67,46.7,12.5,24.2,9.17,69.6,100.0,75.9,18.2,580.0,233.3,32.5,12.5,18.3,1.67,46.7,12.5,24.2,9.17,69.6,100.0,75.9,18.2,32.5,12.5,18.3,1.67,46.7,12.5,24.2,9.17,69.6,100.0,75.9,18.2,32.5,12.5,18.3,1.67,46.7,12.5,24.2,9.17,69.6,100.0,75.9,18.2,0.0,0.0,0.0,0.0,3.33,0.0,0.0,0.0,0.83,0.0,0.0,0.82,0.0,0.0,,11.0,0.0,0.0,0.0,0.07,-0.08,-0.08,65.8,13.3,38.3,25.8,1.67,0.83,65.8,0.0,0.0,0.83,100.0,21.7,0.0,0.83,0.0,35.8,0.0,0.0,0.0,0.0,0.0,0.0,0.83,3.33,0.0,0.83,0.83,10.0,0.0,0.83,0.82,0.0,0.0,0.0,0.0,0.0,0.0,0.0,0.0,0.0,0.0,0.0,0.0,0.0,0.0,0.0,1.67,0.83,0.0,0.0,0.83,0.0,0.0,0.0,0.0,4.17,4.17,45.5,,,,,,,,,,,,,,,,,,,,,,,,,,,,
Ian Murphy,us USA,DF,FC Cincinnati,23,2000,23,17,1521,16.9,0.0,0.0,0.0,0.0,0.0,0.0,0.3,0.12,0.01,0.01,0.01,0.02,0.59,3.43,0.3,0.0,0.0,0.0,0.0,0.0,0.01,0.01,0.02,0.01,0.02,Matches,2023,16.9,40.4,17.9,19.1,2.54,47.8,19.5,21.4,5.27,84.5,91.5,89.5,48.3,682.7,272.7,40.4,17.9,19.1,2.54,47.8,19.5,21.4,5.27,84.5,91.5,89.5,48.3,40.4,17.9,19.1,2.54,47.8,19.5,21.4,5.27,84.5,91.5,89.5,48.3,40.4,17.9,19.1,2.54,47.8,19.5,21.4,5.27,84.5,91.5,89.5,48.3,0.0,0.01,-0.01,0.12,2.84,0.12,0.0,0.0,0.12,0.0,0.0,0.12,0.0,0.0,,9.5,0.0,0.0,0.0,0.1,-0.01,-0.01,55.7,5.74,26.2,26.7,3.37,0.18,55.7,0.18,100.0,0.0,0.0,30.0,0.0,0.36,0.18,36.6,2.01,0.71,1.18,2.01,0.71,52.2,0.65,1.18,0.71,0.59,2.6,2.49,0.0,0.47,0.47,0.0,0.0,0.0,0.0,0.06,0.06,0.12,0.12,0.0,0.0,0.0,0.0,0.06,0.06,0.12,1.42,0.18,0.0,0.06,0.59,1.18,0.0,0.0,0.0,5.5,1.01,45.9,,,,,,,,,,,,,,,,,,,,,,,,,,,,
Daniel Musovski,us USA,FW,Real Salt Lake,27,1995,24,14,1203,13.4,0.37,0.3,0.67,0.37,0.0,0.0,0.15,0.0,0.34,0.34,0.13,0.46,0.97,1.49,4.93,0.37,0.3,0.67,0.37,0.67,0.33,0.13,0.46,0.33,0.46,Matches,2023,13.4,11.4,7.16,2.69,0.6,17.4,10.0,3.96,0.97,65.7,71.6,67.9,61.5,148.7,26.4,11.4,7.16,2.69,0.6,17.4,10.0,3.96,0.97,65.7,71.6,67.9,61.5,11.4,7.16,2.69,0.6,17.4,10.0,3.96,0.97,65.7,71.6,67.9,61.5,11.4,7.16,2.69,0.6,17.4,10.0,3.96,0.97,65.7,71.6,67.9,61.5,0.3,0.08,0.17,0.67,0.9,0.45,0.0,0.37,1.94,0.97,50.0,1.95,0.97,0.19,0.38,15.2,0.0,0.0,0.0,0.17,0.04,0.04,26.9,1.04,2.54,10.8,13.7,3.73,26.9,0.97,48.1,0.97,48.1,14.2,0.6,2.54,1.34,19.4,1.12,0.22,0.82,1.12,0.22,15.8,1.19,0.75,0.67,0.07,1.19,0.67,0.0,1.49,1.5,0.07,0.0,0.0,0.0,0.0,0.0,0.37,0.37,0.07,0.0,0.0,0.0,0.0,0.0,0.0,1.87,1.27,0.52,0.3,0.07,0.82,0.0,0.0,0.0,1.57,2.54,51.5,,,,,,,,,,,,,,,,,,,,,,,,,,,,
Alex Muyl,us USA,"MF,DF",Nashville SC,27,1995,32,23,2039,22.7,0.04,0.0,0.04,0.04,0.0,0.0,0.18,0.0,0.07,0.07,0.04,0.11,1.1,2.95,4.41,0.04,0.0,0.04,0.04,0.04,0.07,0.04,0.11,0.07,0.11,Matches,2023,22.7,24.5,13.5,7.75,2.38,33.0,15.5,9.74,4.36,74.3,87.2,79.6,54.5,391.5,118.3,24.5,13.5,7.75,2.38,33.0,15.5,9.74,4.36,74.3,87.2,79.6,54.5,24.5,13.5,7.75,2.38,33.0,15.5,9.74,4.36,74.3,87.2,79.6,54.5,24.5,13.5,7.75,2.38,33.0,15.5,9.74,4.36,74.3,87.2,79.6,54.5,0.0,0.07,-0.04,0.84,1.85,0.62,0.18,0.04,1.01,0.22,21.7,1.02,0.22,0.04,0.2,16.6,0.0,0.0,0.0,0.07,-0.03,-0.03,44.5,1.94,11.4,19.6,14.1,2.16,44.5,1.06,53.3,0.79,40.0,23.1,0.31,2.03,1.19,26.3,2.03,0.75,0.84,2.03,0.75,31.5,1.63,1.63,1.41,0.97,3.0,1.1,0.0,1.67,1.68,0.04,0.0,0.18,0.0,0.04,0.0,0.22,0.22,0.04,0.0,0.18,0.0,0.04,0.0,0.0,1.5,1.72,0.26,1.15,0.97,0.84,0.0,0.04,0.0,5.99,0.88,52.6,,,,,,,,,,,,,,,,,,,,,,,,,,,,
Tristan Muyumba,fr FRA,MF,Atlanta Utd,25,1997,10,9,815,9.1,0.11,0.11,0.22,0.11,0.0,0.0,0.33,0.0,0.12,0.12,0.07,0.19,0.99,5.27,1.87,0.11,0.11,0.22,0.11,0.22,0.12,0.07,0.19,0.12,0.19,Matches,2023,9.1,50.7,28.6,16.7,3.63,56.6,31.3,17.8,4.62,89.5,91.2,93.8,78.6,769.1,243.8,50.7,28.6,16.7,3.63,56.6,31.3,17.8,4.62,89.5,91.2,93.8,78.6,50.7,28.6,16.7,3.63,56.6,31.3,17.8,4.62,89.5,91.2,93.8,78.6,50.7,28.6,16.7,3.63,56.6,31.3,17.8,4.62,89.5,91.2,93.8,78.6,0.11,0.09,0.04,0.99,4.62,0.66,0.0,0.11,0.66,0.33,50.0,0.66,0.33,0.17,0.33,15.5,0.0,0.0,0.0,0.18,-0.01,-0.01,66.3,1.43,14.6,38.1,14.8,1.65,66.3,0.99,60.0,0.55,33.3,41.0,0.0,1.32,0.44,50.0,3.41,1.32,1.65,3.41,1.32,44.4,1.65,1.43,1.32,0.44,3.85,0.22,0.11,2.86,2.87,0.0,0.0,0.11,0.0,0.0,0.0,0.22,0.22,0.0,0.0,0.11,0.0,0.0,0.0,0.0,1.54,0.88,0.0,0.11,0.44,1.65,0.0,0.0,0.0,5.6,0.22,66.7,,,,,,,,,,,,,,,,,,,,,,,,,,,,
Darlington Nagbe,us USA,MF,Columbus Crew,32,1990,34,32,2788,31.0,0.1,0.03,0.13,0.1,0.0,0.0,0.16,0.0,0.08,0.08,0.03,0.11,1.58,5.87,1.97,0.1,0.03,0.13,0.1,0.13,0.08,0.03,0.11,0.08,0.11,Matches,2023,31.0,48.0,25.6,18.9,1.9,51.4,26.6,20.2,2.1,93.3,96.2,93.9,90.8,721.5,177.2,48.0,25.6,18.9,1.9,51.4,26.6,20.2,2.1,93.3,96.2,93.9,90.8,48.0,25.6,18.9,1.9,51.4,26.6,20.2,2.1,93.3,96.2,93.9,90.8,48.0,25.6,18.9,1.9,51.4,26.6,20.2,2.1,93.3,96.2,93.9,90.8,0.03,0.05,0.0,0.68,4.81,0.55,0.0,0.1,0.58,0.23,38.9,0.58,0.23,0.17,0.43,18.5,0.0,0.0,0.0,0.13,0.02,0.02,57.9,1.71,9.68,34.9,13.9,0.65,57.9,0.9,59.6,0.35,23.4,39.1,0.16,1.06,0.58,45.5,0.94,0.45,0.48,0.94,0.45,43.8,0.58,0.74,0.58,0.68,1.61,0.65,0.0,2.29,2.29,0.03,0.0,0.19,0.0,0.16,0.0,0.19,0.19,0.03,0.0,0.19,0.0,0.16,0.0,0.0,0.9,1.81,0.03,0.06,0.68,0.48,0.0,0.0,0.0,5.45,0.9,66.7,,,,,,,,,,,,,,,,,,,,,,,,,,,,
Andy Najar,hn HON,DF,D.C. United,29,1993,21,12,1103,12.3,0.0,0.0,0.0,0.0,0.0,0.0,0.24,0.0,0.03,0.03,0.07,0.1,2.52,6.75,3.25,0.0,0.0,0.0,0.0,0.0,0.03,0.06,0.1,0.03,0.1,Matches,2023,12.3,41.2,19.0,16.1,5.45,49.4,20.8,18.8,7.48,83.4,91.4,85.7,72.8,737.9,253.1,41.2,19.0,16.1,5.45,49.4,20.8,18.8,7.48,83.4,91.4,85.7,72.8,41.2,19.0,16.1,5.45,49.4,20.8,18.8,7.48,83.4,91.4,85.7,72.8,41.2,19.0,16.1,5.45,49.4,20.8,18.8,7.48,83.4,91.4,85.7,72.8,0.0,0.1,-0.07,0.89,4.39,2.03,0.49,0.0,0.89,0.08,9.1,0.9,0.08,0.0,0.0,22.5,0.0,0.0,0.0,0.04,-0.03,-0.03,60.9,2.44,16.1,30.5,16.0,1.87,60.9,3.09,59.4,1.46,28.1,35.1,0.73,1.3,0.73,35.0,2.36,1.3,1.63,2.36,1.3,44.4,1.63,1.14,0.89,1.38,3.74,1.38,0.0,2.6,2.61,0.16,0.0,0.08,0.0,0.0,0.0,0.16,0.16,0.16,0.0,0.08,0.0,0.0,0.0,0.0,1.3,1.46,0.16,1.63,1.38,1.63,0.0,0.0,0.0,6.99,1.06,56.5,,,,,,,,,,,,,,,,,,,,,,,,,,,,
Federico Navarro,ar ARG,MF,Chicago Fire,22,2000,16,15,1099,12.2,0.0,0.0,0.0,0.0,0.0,0.0,0.25,0.08,0.02,0.02,0.02,0.03,0.41,2.79,0.33,0.0,0.0,0.0,0.0,0.0,0.01,0.02,0.03,0.01,0.03,Matches,2023,12.2,32.7,18.0,11.0,3.28,38.2,19.8,12.1,4.26,85.6,90.5,90.5,76.9,531.1,150.4,32.7,18.0,11.0,3.28,38.2,19.8,12.1,4.26,85.6,90.5,90.5,76.9,32.7,18.0,11.0,3.28,38.2,19.8,12.1,4.26,85.6,90.5,90.5,76.9,32.7,18.0,11.0,3.28,38.2,19.8,12.1,4.26,85.6,90.5,90.5,76.9,0.0,0.02,-0.02,0.33,3.03,0.25,0.0,0.0,0.41,0.08,20.0,0.41,0.08,0.0,0.0,30.9,0.0,0.0,0.0,0.03,-0.02,-0.02,47.9,3.11,15.4,28.9,4.18,0.08,47.9,1.07,81.3,0.16,12.5,28.9,0.0,1.07,0.82,29.3,2.87,1.07,1.97,2.87,1.07,38.2,1.72,1.15,0.57,1.39,4.26,1.15,0.08,1.07,1.06,0.25,0.0,0.0,0.0,0.0,0.0,0.0,0.0,0.25,0.0,0.0,0.0,0.0,0.0,0.08,2.3,0.66,0.08,0.0,1.39,1.97,0.0,0.08,0.0,6.97,0.33,40.0,,,,,,,,,,,,,,,,,,,,,,,,,,,,
Miguel Navarro,ve VEN,DF,Chicago Fire,23,1999,25,22,1971,21.9,0.0,0.18,0.18,0.0,0.0,0.0,0.27,0.0,0.01,0.01,0.11,0.12,0.73,3.15,3.56,0.0,0.18,0.18,0.0,0.18,0.02,0.1,0.12,0.02,0.12,Matches,2023,21.9,37.1,18.8,15.7,2.24,50.8,21.3,21.2,6.39,73.1,88.2,73.9,35.0,609.5,268.7,37.1,18.8,15.7,2.24,50.8,21.3,21.2,6.39,73.1,88.2,73.9,35.0,37.1,18.8,15.7,2.24,50.8,21.3,21.2,6.39,73.1,88.2,73.9,35.0,37.1,18.8,15.7,2.24,50.8,21.3,21.2,6.39,73.1,88.2,73.9,35.0,0.18,0.05,0.08,0.59,2.65,0.5,0.32,0.0,0.32,0.0,0.0,0.32,0.0,0.0,,22.0,0.0,0.0,0.0,0.05,-0.01,-0.01,62.4,4.16,24.1,26.8,11.7,0.96,62.4,0.14,25.0,0.23,41.7,27.8,0.09,1.05,0.37,33.9,2.05,1.0,1.37,2.05,1.0,64.7,0.55,1.74,1.42,2.05,4.11,3.01,0.05,1.28,1.28,0.05,0.0,0.0,0.0,0.0,0.0,0.23,0.23,0.05,0.0,0.0,0.0,0.0,0.0,0.0,1.37,2.65,0.0,2.42,2.05,1.37,0.0,0.14,0.0,5.62,1.37,58.8,,,,,,,,,,,,,,,,,,,,,,,,,,,,
Rafael Navarro,br BRA,FW,Colorado Rapids,22,2000,10,10,885,9.8,0.1,0.1,0.2,0.1,0.0,0.0,0.2,0.0,0.26,0.26,0.19,0.45,1.22,1.84,4.29,0.1,0.1,0.2,0.1,0.2,0.25,0.2,0.45,0.25,0.45,Matches,2023,9.8,11.7,6.84,3.27,0.51,16.1,8.16,4.8,1.12,72.8,83.8,68.1,45.5,160.5,35.3,11.7,6.84,3.27,0.51,16.1,8.16,4.8,1.12,72.8,83.8,68.1,45.5,11.7,6.84,3.27,0.51,16.1,8.16,4.8,1.12,72.8,83.8,68.1,45.5,11.7,6.84,3.27,0.51,16.1,8.16,4.8,1.12,72.8,83.8,68.1,45.5,0.1,0.04,-0.09,1.73,1.43,0.51,0.0,0.1,2.14,0.92,42.9,2.14,0.92,0.05,0.11,14.6,0.0,0.0,0.0,0.12,-0.15,-0.15,26.2,1.12,2.24,12.0,12.6,4.08,26.2,1.33,61.9,0.61,28.6,14.6,0.71,2.55,1.12,18.0,0.71,0.0,0.61,0.71,0.0,0.0,0.82,0.82,0.61,0.51,1.22,0.71,0.0,2.86,2.85,0.41,0.0,0.1,0.0,0.0,0.0,0.1,0.1,0.41,0.0,0.1,0.0,0.0,0.0,0.0,1.73,1.94,0.92,0.0,0.51,0.61,0.0,0.0,0.0,2.45,1.63,38.1,,,,,,,,,,,,,,,,,,,,,,,,,,,,
Hassan Ndam,cm CMR,DF,NY Red Bulls,24,1998,15,8,706,7.8,0.0,0.0,0.0,0.0,0.0,0.0,0.64,0.13,0.09,0.09,0.0,0.09,0.26,2.69,0.26,0.0,0.0,0.0,0.0,0.0,0.09,0.0,0.09,0.09,0.09,Matches,2023,7.8,35.6,11.4,20.8,2.69,46.8,13.8,24.5,6.67,76.2,82.4,84.8,40.4,667.2,253.2,35.6,11.4,20.8,2.69,46.8,13.8,24.5,6.67,76.2,82.4,84.8,40.4,35.6,11.4,20.8,2.69,46.8,13.8,24.5,6.67,76.2,82.4,84.8,40.4,35.6,11.4,20.8,2.69,46.8,13.8,24.5,6.67,76.2,82.4,84.8,40.4,0.0,0.03,0.0,0.0,2.05,0.13,0.0,0.0,1.03,0.38,37.5,1.02,0.38,0.0,0.0,16.2,0.0,0.0,0.0,0.09,-0.09,-0.09,58.3,5.0,26.2,30.3,2.31,1.03,58.3,0.13,33.3,0.26,66.7,29.5,0.0,0.13,0.0,31.3,2.05,1.41,1.41,2.05,1.41,73.3,0.51,1.79,1.03,1.92,3.97,3.33,0.0,0.26,0.25,0.0,0.0,0.0,0.0,0.0,0.0,0.0,0.0,0.0,0.0,0.0,0.0,0.0,0.0,0.13,0.9,0.51,0.0,0.0,1.92,1.41,0.0,0.0,0.0,8.46,2.31,52.9,,,,,,,,,,,,,,,,,,,,,,,,,,,,
Logan Ndenbe,be BEL,DF,Sporting KC,22,2000,21,18,1536,17.1,0.0,0.06,0.06,0.0,0.0,0.0,0.12,0.0,0.02,0.02,0.06,0.08,4.33,5.61,6.55,0.0,0.06,0.06,0.0,0.06,0.02,0.06,0.08,0.02,0.08,Matches,2023,17.1,53.9,30.9,18.5,2.98,63.7,33.5,22.2,4.56,84.7,92.1,83.2,65.4,816.5,280.4,53.9,30.9,18.5,2.98,63.7,33.5,22.2,4.56,84.7,92.1,83.2,65.4,53.9,30.9,18.5,2.98,63.7,33.5,22.2,4.56,84.7,92.1,83.2,65.4,53.9,30.9,18.5,2.98,63.7,33.5,22.2,4.56,84.7,92.1,83.2,65.4,0.06,0.08,-0.01,0.7,4.09,1.05,0.47,0.0,0.58,0.12,20.0,0.59,0.12,0.0,0.0,21.1,0.0,0.0,0.0,0.03,-0.02,-0.02,71.2,2.11,17.7,31.3,23.0,0.99,71.2,0.58,38.5,0.64,42.3,41.4,0.41,0.76,0.58,47.2,1.4,0.58,0.88,1.4,0.58,41.7,0.82,0.82,0.7,1.4,2.81,1.4,0.0,2.16,2.17,0.12,0.0,0.18,0.06,0.06,0.0,0.35,0.35,0.12,0.0,0.18,0.06,0.06,0.0,0.0,1.05,1.05,0.29,2.75,1.4,0.88,0.06,0.12,0.0,6.08,0.29,29.4,,,,,,,,,,,,,,,,,,,,,,,,,,,,
Jalen Neal,us USA,DF,LA Galaxy,19,2003,16,14,1287,14.3,0.07,0.0,0.07,0.07,0.0,0.0,0.21,0.0,0.03,0.03,0.0,0.03,0.0,1.96,0.0,0.07,0.0,0.07,0.07,0.07,0.03,0.0,0.04,0.03,0.04,Matches,2023,14.3,57.1,22.4,30.5,3.57,60.7,23.3,31.0,5.17,94.0,96.1,98.2,68.9,1026.3,383.7,57.1,22.4,30.5,3.57,60.7,23.3,31.0,5.17,94.0,96.1,98.2,68.9,57.1,22.4,30.5,3.57,60.7,23.3,31.0,5.17,94.0,96.1,98.2,68.9,57.1,22.4,30.5,3.57,60.7,23.3,31.0,5.17,94.0,96.1,98.2,68.9,0.0,0.01,0.0,0.14,1.26,0.0,0.0,0.07,0.21,0.07,33.3,0.21,0.07,0.33,1.0,7.1,0.0,0.0,0.0,0.15,0.03,0.03,70.2,11.6,40.5,29.3,0.7,0.28,70.2,0.21,60.0,0.14,40.0,42.0,0.0,0.28,0.0,51.5,0.91,0.49,0.7,0.91,0.49,53.8,0.42,1.47,0.63,1.54,2.45,4.06,0.0,0.56,0.56,0.0,0.0,0.0,0.0,0.0,0.0,0.0,0.0,0.0,0.0,0.0,0.0,0.0,0.0,0.0,0.7,0.42,0.0,0.0,1.54,0.7,0.0,0.0,0.0,5.45,0.98,53.8,,,,,,,,,,,,,,,,,,,,,,,,,,,,
Dylan Nealis,us USA,DF,NY Red Bulls,24,1998,19,10,1032,11.5,0.0,0.0,0.0,0.0,0.0,0.0,0.09,0.0,0.04,0.04,0.02,0.06,0.52,3.04,1.74,0.0,0.0,0.0,0.0,0.0,0.04,0.02,0.06,0.04,0.06,Matches,2023,11.5,34.1,13.9,16.1,3.48,49.3,17.5,21.5,7.91,69.1,79.6,74.9,44.0,619.0,268.1,34.1,13.9,16.1,3.48,49.3,17.5,21.5,7.91,69.1,79.6,74.9,44.0,34.1,13.9,16.1,3.48,49.3,17.5,21.5,7.91,69.1,79.6,74.9,44.0,34.1,13.9,16.1,3.48,49.3,17.5,21.5,7.91,69.1,79.6,74.9,44.0,0.0,0.06,-0.02,0.52,2.26,0.52,0.17,0.0,0.87,0.09,10.0,0.87,0.09,0.0,0.0,14.2,0.0,0.0,0.0,0.05,-0.04,-0.04,60.8,3.48,19.6,31.7,10.0,1.91,60.8,0.43,62.5,0.17,25.0,22.2,0.0,1.04,0.52,25.0,2.78,1.74,1.65,2.78,1.74,58.8,1.22,1.48,1.39,1.39,4.17,2.43,0.0,1.39,1.4,0.0,0.0,0.0,0.0,0.09,0.0,0.09,0.09,0.0,0.0,0.0,0.0,0.09,0.0,0.0,1.74,2.17,0.0,0.61,1.39,1.65,0.0,0.09,0.0,6.52,3.83,63.8,,,,,,,,,,,,,,,,,,,,,,,,,,,,
Sean Nealis,us USA,DF,NY Red Bulls,26,1997,31,31,2716,30.2,0.03,0.03,0.07,0.03,0.0,0.0,0.33,0.03,0.06,0.06,0.01,0.06,0.2,2.22,0.3,0.03,0.03,0.07,0.03,0.07,0.06,0.01,0.06,0.06,0.06,Matches,2023,30.2,31.7,12.6,16.6,2.02,42.3,15.4,20.5,4.64,75.0,82.2,81.2,43.6,567.1,229.5,31.7,12.6,16.6,2.02,42.3,15.4,20.5,4.64,75.0,82.2,81.2,43.6,31.7,12.6,16.6,2.02,42.3,15.4,20.5,4.64,75.0,82.2,81.2,43.6,31.7,12.6,16.6,2.02,42.3,15.4,20.5,4.64,75.0,82.2,81.2,43.6,0.03,0.02,0.03,0.13,1.79,0.13,0.0,0.03,0.46,0.17,35.7,0.46,0.17,0.07,0.2,9.9,0.0,0.0,0.0,0.12,-0.02,-0.02,51.8,4.83,25.2,24.1,2.72,1.62,51.8,0.13,57.1,0.1,42.9,23.0,0.0,0.43,0.1,24.3,1.46,1.23,0.93,1.46,1.23,62.7,0.73,1.06,0.66,0.99,2.45,3.51,0.0,0.5,0.5,0.0,0.0,0.0,0.0,0.0,0.0,0.03,0.03,0.0,0.0,0.0,0.0,0.0,0.0,0.03,1.09,0.36,0.03,0.03,0.99,0.93,0.0,0.07,0.0,6.03,4.64,58.6,,,,,,,,,,,,,,,,,,,,,,,,,,,,
Franco Negri,ar ARG,DF,Inter Miami,27,1995,16,16,1329,14.8,0.07,0.07,0.14,0.07,0.0,0.0,0.2,0.07,0.03,0.03,0.11,0.15,3.58,4.12,5.34,0.07,0.07,0.14,0.07,0.14,0.03,0.11,0.15,0.03,0.15,Matches,2023,14.8,46.4,26.6,15.4,3.38,58.6,29.7,19.7,6.62,79.0,89.7,78.1,51.0,742.4,264.4,46.4,26.6,15.4,3.38,58.6,29.7,19.7,6.62,79.0,89.7,78.1,51.0,46.4,26.6,15.4,3.38,58.6,29.7,19.7,6.62,79.0,89.7,78.1,51.0,46.4,26.6,15.4,3.38,58.6,29.7,19.7,6.62,79.0,89.7,78.1,51.0,0.07,0.14,-0.05,0.81,3.04,1.01,0.54,0.07,1.15,0.27,23.5,1.15,0.27,0.06,0.25,26.5,0.07,0.0,0.0,0.03,0.03,0.03,69.3,2.97,19.1,32.8,18.5,1.35,69.3,1.69,69.4,0.61,25.0,38.2,0.74,1.49,0.68,40.9,2.36,1.22,1.42,2.36,1.22,54.5,1.01,1.69,1.49,1.76,4.12,1.82,0.0,1.69,1.7,0.14,0.07,0.0,0.0,0.0,0.0,0.14,0.14,0.14,0.07,0.0,0.0,0.0,0.0,0.0,1.01,0.74,0.14,3.31,1.76,1.42,0.0,0.0,0.0,7.36,1.08,51.6,,,,,,,,,,,,,,,,,,,,,,,,,,,,
John Nelson,us USA,DF,St. Louis,24,1998,17,14,1266,14.1,0.0,0.0,0.0,0.0,0.0,0.0,0.14,0.07,0.03,0.03,0.04,0.07,0.99,3.69,3.9,0.0,0.0,0.0,0.0,0.0,0.03,0.05,0.07,0.03,0.07,Matches,2023,14.1,32.8,17.1,13.0,2.13,46.2,20.4,18.0,5.6,71.0,84.0,72.0,38.0,520.3,231.6,32.8,17.1,13.0,2.13,46.2,20.4,18.0,5.6,71.0,84.0,72.0,38.0,32.8,17.1,13.0,2.13,46.2,20.4,18.0,5.6,71.0,84.0,72.0,38.0,32.8,17.1,13.0,2.13,46.2,20.4,18.0,5.6,71.0,84.0,72.0,38.0,0.0,0.06,-0.04,0.71,2.27,0.57,0.35,0.0,0.35,0.14,40.0,0.36,0.14,0.0,0.0,20.5,0.0,0.0,0.0,0.08,-0.03,-0.03,57.1,2.62,16.2,26.2,15.1,0.85,57.1,0.78,73.3,0.28,26.7,21.6,0.14,0.71,0.35,25.0,2.2,1.28,1.42,2.2,1.28,46.2,1.49,1.28,1.13,1.13,3.33,3.05,0.07,1.63,1.64,0.21,0.0,0.07,0.0,0.0,0.0,0.07,0.07,0.21,0.0,0.07,0.0,0.0,0.0,0.07,0.57,0.21,0.0,2.27,1.13,1.42,0.0,0.07,0.0,5.18,1.7,38.7,,,,,,,,,,,,,,,,,,,,,,,,,,,,
Jake Nerwinski,us USA,DF,St. Louis,28,1994,29,25,2211,24.6,0.0,0.08,0.08,0.0,0.0,0.0,0.2,0.04,0.0,0.0,0.04,0.05,1.26,4.23,2.24,0.0,0.08,0.08,0.0,0.08,0.0,0.04,0.05,0.0,0.05,Matches,2023,24.6,31.6,15.4,12.5,3.17,44.3,18.1,17.8,6.71,71.3,85.4,70.3,47.3,538.6,306.7,31.6,15.4,12.5,3.17,44.3,18.1,17.8,6.71,71.3,85.4,70.3,47.3,31.6,15.4,12.5,3.17,44.3,18.1,17.8,6.71,71.3,85.4,70.3,47.3,31.6,15.4,12.5,3.17,44.3,18.1,17.8,6.71,71.3,85.4,70.3,47.3,0.08,0.07,0.04,0.61,3.5,1.06,0.57,0.0,0.2,0.04,20.0,0.2,0.04,0.0,0.0,27.5,0.0,0.0,0.0,0.02,-0.0,-0.0,53.9,3.66,17.8,23.0,13.6,0.2,53.9,0.61,51.7,0.37,31.0,21.9,0.08,0.93,0.24,24.6,1.63,0.81,0.89,1.63,0.81,35.7,1.46,1.18,1.02,1.54,3.17,2.6,0.08,1.42,1.43,0.04,0.0,0.04,0.0,0.0,0.0,0.12,0.12,0.04,0.0,0.04,0.0,0.0,0.0,0.0,1.46,0.61,0.0,2.36,1.54,0.89,0.0,0.0,0.04,5.89,1.38,59.6,,,,,,,,,,,,,,,,,,,,,,,,,,,,
Harvey Neville,ie IRL,"DF,MF",Inter Miami,20,2002,11,2,194,2.2,0.0,0.0,0.0,0.0,0.0,0.0,0.45,0.0,0.0,0.0,0.0,0.0,1.36,2.73,5.91,0.0,0.0,0.0,0.0,0.0,0.0,0.0,0.0,0.0,0.0,Matches,2023,2.2,41.8,23.6,14.1,2.27,57.7,26.4,20.5,4.09,72.4,89.7,68.9,55.6,647.3,162.3,41.8,23.6,14.1,2.27,57.7,26.4,20.5,4.09,72.4,89.7,68.9,55.6,41.8,23.6,14.1,2.27,57.7,26.4,20.5,4.09,72.4,89.7,68.9,55.6,41.8,23.6,14.1,2.27,57.7,26.4,20.5,4.09,72.4,89.7,68.9,55.6,0.0,0.0,0.0,0.0,1.82,0.0,0.0,0.0,0.0,0.0,,0.0,0.0,,,,0.0,0.0,0.0,,0.0,0.0,67.3,0.0,15.5,32.7,19.5,0.91,67.3,1.36,60.0,0.91,40.0,38.6,0.0,0.0,0.0,38.2,2.73,2.27,1.82,2.73,2.27,45.5,2.73,1.82,1.36,1.82,4.55,1.82,0.0,1.82,1.86,0.0,0.0,0.0,0.0,0.0,0.0,0.0,0.0,0.0,0.0,0.0,0.0,0.0,0.0,0.0,1.82,0.0,0.45,2.73,1.82,1.82,0.0,0.0,0.0,5.0,0.0,0.0,,,,,,,,,,,,,,,,,,,,,,,,,,,,
Jean-Claude Ngando,cm CMR,"MF,FW",Vancouver W'caps,23,1999,8,0,80,0.9,0.0,0.0,0.0,0.0,0.0,0.0,0.0,0.0,0.0,0.0,0.0,0.0,8.89,11.1,5.56,0.0,0.0,0.0,0.0,0.0,0.05,0.0,0.05,0.05,0.05,Matches,2023,0.9,61.1,30.0,23.3,5.56,80.0,36.7,28.9,7.78,76.4,81.8,80.8,71.4,1014.4,331.1,61.1,30.0,23.3,5.56,80.0,36.7,28.9,7.78,76.4,81.8,80.8,71.4,61.1,30.0,23.3,5.56,80.0,36.7,28.9,7.78,76.4,81.8,80.8,71.4,61.1,30.0,23.3,5.56,80.0,36.7,28.9,7.78,76.4,81.8,80.8,71.4,0.0,0.11,0.0,0.0,6.67,2.22,0.0,0.0,2.22,0.0,0.0,2.25,0.0,0.0,,24.1,0.0,0.0,0.0,0.02,0.0,0.0,102.2,2.22,14.4,56.7,37.8,3.33,102.2,12.2,91.7,1.11,8.3,68.9,2.22,7.78,0.0,62.2,4.44,2.22,4.44,4.44,2.22,50.0,2.22,1.11,1.11,1.11,5.56,2.22,0.0,3.33,3.42,1.11,0.0,0.0,0.0,0.0,0.0,0.0,0.0,1.11,0.0,0.0,0.0,0.0,0.0,0.0,2.22,0.0,0.0,2.22,1.11,4.44,0.0,0.0,0.0,18.9,2.22,100.0,,,,,,,,,,,,,,,,,,,,,,,,,,,,
Sam Nicholson,sct SCO,"MF,DF",Colorado Rapids,28,1995,22,20,1491,16.6,0.06,0.06,0.12,0.06,0.0,0.0,0.36,0.0,0.13,0.13,0.07,0.19,3.07,1.99,7.17,0.06,0.06,0.12,0.06,0.12,0.12,0.07,0.19,0.12,0.19,Matches,2023,16.6,25.0,13.7,10.0,0.84,34.2,16.5,12.8,2.29,73.1,82.8,77.9,36.8,375.7,111.6,25.0,13.7,10.0,0.84,34.2,16.5,12.8,2.29,73.1,82.8,77.9,36.8,25.0,13.7,10.0,0.84,34.2,16.5,12.8,2.29,73.1,82.8,77.9,36.8,25.0,13.7,10.0,0.84,34.2,16.5,12.8,2.29,73.1,82.8,77.9,36.8,0.06,0.06,-0.01,0.66,1.69,0.72,0.24,0.06,1.08,0.12,11.1,1.09,0.12,0.06,0.5,19.1,0.0,0.0,0.0,0.11,-0.07,-0.07,43.9,2.11,8.49,18.6,17.2,1.87,43.9,1.75,53.7,1.08,33.3,24.9,0.78,1.57,0.66,28.3,0.78,0.24,0.54,0.78,0.24,22.2,0.84,1.02,0.78,0.78,1.57,1.63,0.0,1.87,1.87,0.24,0.0,0.18,0.0,0.0,0.0,0.12,0.12,0.24,0.0,0.18,0.0,0.0,0.0,0.0,1.57,1.33,0.18,1.87,0.78,0.54,0.0,0.0,0.0,3.31,1.2,43.5,,,,,,,,,,,,,,,,,,,,,,,,,,,,
Jarosław Niezgoda,pl POL,FW,Portland Timbers,27,1995,20,5,659,7.3,0.14,0.0,0.14,0.14,0.0,0.0,0.0,0.0,0.23,0.23,0.04,0.27,0.55,1.37,3.97,0.14,0.0,0.14,0.14,0.14,0.23,0.04,0.27,0.23,0.27,Matches,2023,7.3,13.0,9.32,1.64,0.41,19.7,12.3,4.11,0.41,66.0,75.6,40.0,100.0,148.9,31.1,13.0,9.32,1.64,0.41,19.7,12.3,4.11,0.41,66.0,75.6,40.0,100.0,13.0,9.32,1.64,0.41,19.7,12.3,4.11,0.41,66.0,75.6,40.0,100.0,13.0,9.32,1.64,0.41,19.7,12.3,4.11,0.41,66.0,75.6,40.0,100.0,0.0,0.08,-0.04,0.55,1.37,0.27,0.0,0.14,1.1,0.41,37.5,1.09,0.41,0.13,0.33,11.9,0.0,0.0,0.0,0.21,-0.1,-0.1,27.5,0.55,2.05,11.6,14.0,3.15,27.5,0.41,50.0,0.41,50.0,12.9,0.14,2.19,1.23,18.5,0.96,0.27,0.41,0.96,0.27,28.6,0.68,0.82,0.55,0.27,1.23,0.55,0.0,0.68,0.7,0.0,0.0,0.14,0.0,0.0,0.0,0.0,0.0,0.0,0.0,0.14,0.0,0.0,0.0,0.0,0.55,0.55,0.68,0.41,0.27,0.41,0.0,0.0,0.0,1.37,2.33,51.5,,,,,,,,,,,,,,,,,,,,,,,,,,,,
Joakim Nilsson,se SWE,DF,St. Louis,28,1994,8,7,593,6.6,0.0,0.0,0.0,0.0,0.0,0.0,0.15,0.0,0.0,0.0,0.0,0.0,0.3,2.12,0.0,0.0,0.0,0.0,0.0,0.0,0.0,0.0,0.0,0.0,0.0,Matches,2023,6.6,36.8,12.6,21.5,2.73,42.3,13.6,23.0,4.7,87.1,92.2,93.4,58.1,705.0,325.3,36.8,12.6,21.5,2.73,42.3,13.6,23.0,4.7,87.1,92.2,93.4,58.1,36.8,12.6,21.5,2.73,42.3,13.6,23.0,4.7,87.1,92.2,93.4,58.1,36.8,12.6,21.5,2.73,42.3,13.6,23.0,4.7,87.1,92.2,93.4,58.1,0.0,0.02,0.0,0.15,1.67,0.0,0.0,0.0,0.0,0.0,,0.0,0.0,,,,0.0,0.0,0.0,,0.0,0.0,54.8,8.33,32.1,21.8,1.36,0.15,54.8,0.0,0.0,0.15,100.0,23.8,0.0,0.3,0.15,29.1,1.82,1.36,1.36,1.82,1.36,75.0,0.45,3.03,0.91,1.82,3.64,4.39,0.0,0.3,0.3,0.0,0.0,0.0,0.0,0.0,0.0,0.0,0.0,0.0,0.0,0.0,0.0,0.0,0.0,0.0,1.06,1.21,0.0,0.0,1.82,1.36,0.0,0.0,0.0,5.0,1.36,75.0,,,,,,,,,,,,,,,,,,,,,,,,,,,,
Matt Nocita,us USA,DF,NY Red Bulls,22,2000,1,0,27,0.3,0.0,0.0,0.0,0.0,0.0,0.0,0.0,0.0,0.33,0.33,0.0,0.33,0.0,0.0,0.0,0.0,0.0,0.0,0.0,0.0,0.2,0.0,0.2,0.2,0.2,Matches,2023,0.3,13.3,0.0,13.3,0.0,23.3,0.0,20.0,0.0,57.1,,66.7,,273.3,106.7,13.3,0.0,13.3,0.0,23.3,0.0,20.0,0.0,57.1,,66.7,,13.3,0.0,13.3,0.0,23.3,0.0,20.0,0.0,57.1,,66.7,,13.3,0.0,13.3,0.0,23.3,0.0,20.0,0.0,57.1,,66.7,,0.0,0.0,0.0,0.0,0.0,0.0,0.0,0.0,3.33,0.0,0.0,3.33,0.0,0.0,,6.8,0.0,0.0,0.0,0.06,-0.33,-0.33,43.3,10.0,20.0,13.3,10.0,3.33,43.3,0.0,,0.0,,20.0,0.0,0.0,0.0,13.3,6.67,0.0,6.67,6.67,0.0,0.0,3.33,0.0,0.0,6.67,13.3,3.33,0.0,0.0,0.0,0.0,0.0,0.0,0.0,0.0,0.0,0.0,0.0,0.0,0.0,0.0,0.0,0.0,0.0,0.0,3.33,0.0,0.0,3.33,6.67,6.67,0.0,0.0,0.0,13.3,3.33,50.0,,,,,,,,,,,,,,,,,,,,,,,,,,,,
Nolan Norris,us USA,MF,FC Dallas,17,2005,2,2,134,1.5,0.0,0.0,0.0,0.0,0.0,0.0,0.67,0.0,0.0,0.0,0.0,0.0,1.33,2.0,0.67,0.0,0.0,0.0,0.0,0.0,0.0,0.0,0.0,0.0,0.0,Matches,2023,1.5,38.0,19.3,15.3,3.33,44.0,20.0,17.3,5.33,86.4,96.7,88.5,62.5,606.7,62.0,38.0,19.3,15.3,3.33,44.0,20.0,17.3,5.33,86.4,96.7,88.5,62.5,38.0,19.3,15.3,3.33,44.0,20.0,17.3,5.33,86.4,96.7,88.5,62.5,38.0,19.3,15.3,3.33,44.0,20.0,17.3,5.33,86.4,96.7,88.5,62.5,0.0,0.0,0.0,0.0,0.0,0.0,0.0,0.0,0.0,0.0,,0.0,0.0,,,,0.0,0.0,0.0,,0.0,0.0,49.3,3.33,14.7,32.7,2.0,0.0,49.3,0.0,,0.0,,30.7,0.0,0.0,1.33,38.7,1.33,1.33,1.33,1.33,1.33,66.7,0.67,0.67,0.0,0.0,1.33,1.33,0.0,0.67,0.67,0.0,0.0,0.0,0.0,0.0,0.0,0.0,0.0,0.0,0.0,0.0,0.0,0.0,0.0,0.0,2.0,0.0,0.0,0.0,0.0,1.33,0.0,0.0,0.67,2.0,1.33,50.0,,,,,,,,,,,,,,,,,,,,,,,,,,,,
Tsiki Ntsabeleng,za RSA,"MF,FW",FC Dallas,24,1998,15,3,354,3.9,0.0,1.03,1.03,0.0,0.0,0.0,0.77,0.0,0.08,0.08,0.15,0.26,1.54,4.87,6.67,0.0,1.02,1.02,0.0,1.02,0.09,0.16,0.24,0.09,0.24,Matches,2023,3.9,35.4,16.9,13.1,3.08,45.4,20.5,15.6,5.13,78.0,82.5,83.6,60.0,567.4,163.1,35.4,16.9,13.1,3.08,45.4,20.5,15.6,5.13,78.0,82.5,83.6,60.0,35.4,16.9,13.1,3.08,45.4,20.5,15.6,5.13,78.0,82.5,83.6,60.0,35.4,16.9,13.1,3.08,45.4,20.5,15.6,5.13,78.0,82.5,83.6,60.0,1.03,0.21,0.87,1.54,4.36,1.54,0.77,0.0,0.77,0.0,0.0,0.76,0.0,0.0,,13.9,0.0,0.0,0.0,0.11,-0.08,-0.08,55.6,1.79,9.74,27.9,18.5,2.05,55.6,0.51,25.0,1.03,50.0,34.9,0.26,2.31,2.05,40.8,1.79,0.77,0.51,1.79,0.77,50.0,0.77,1.03,0.77,0.77,2.56,0.51,0.0,1.79,1.78,0.0,0.0,0.26,0.0,0.0,0.0,0.77,0.76,0.0,0.0,0.26,0.0,0.0,0.0,0.0,2.05,2.56,0.26,1.54,0.77,0.51,0.0,0.26,0.0,5.64,1.54,54.5,,,,,,,,,,,,,,,,,,,,,,,,,,,,
Obinna Nwobodo,ng NGA,MF,FC Cincinnati,26,1996,30,30,2582,28.7,0.07,0.1,0.17,0.07,0.0,0.0,0.35,0.0,0.03,0.03,0.05,0.08,1.29,4.67,1.05,0.07,0.1,0.17,0.07,0.17,0.03,0.05,0.08,0.03,0.08,Matches,2023,28.7,37.0,16.1,16.8,3.38,43.3,18.0,18.7,4.63,85.4,89.5,90.1,72.9,649.1,166.0,37.0,16.1,16.8,3.38,43.3,18.0,18.7,4.63,85.4,89.5,90.1,72.9,37.0,16.1,16.8,3.38,43.3,18.0,18.7,4.63,85.4,89.5,90.1,72.9,37.0,16.1,16.8,3.38,43.3,18.0,18.7,4.63,85.4,89.5,90.1,72.9,0.1,0.05,0.06,0.7,4.32,0.45,0.07,0.07,0.45,0.24,53.8,0.45,0.24,0.15,0.29,22.3,0.0,0.0,0.0,0.07,0.04,0.04,54.4,2.51,12.2,34.2,9.13,0.42,54.4,0.91,59.1,0.56,36.4,27.0,0.17,0.98,0.7,31.6,3.03,1.32,2.16,3.03,1.32,43.7,1.71,1.18,1.15,1.92,4.95,1.57,0.0,1.92,1.92,0.1,0.03,0.03,0.0,0.1,0.03,0.17,0.17,0.1,0.03,0.03,0.0,0.1,0.03,0.0,1.43,0.84,0.0,0.31,1.92,2.16,0.0,0.0,0.0,8.4,0.56,53.3,,,,,,,,,,,,,,,,,,,,,,,,,,,,
Moses Nyeman,us USA,MF,Real Salt Lake,19,2003,2,0,24,0.3,0.0,0.0,0.0,0.0,0.0,0.0,0.0,0.0,0.0,0.0,0.0,0.0,0.0,3.33,0.0,0.0,0.0,0.0,0.0,0.0,0.1,0.0,0.1,0.1,0.1,Matches,2023,0.3,43.3,10.0,26.7,3.33,53.3,13.3,30.0,6.67,81.3,75.0,88.9,50.0,796.7,150.0,43.3,10.0,26.7,3.33,53.3,13.3,30.0,6.67,81.3,75.0,88.9,50.0,43.3,10.0,26.7,3.33,53.3,13.3,30.0,6.67,81.3,75.0,88.9,50.0,43.3,10.0,26.7,3.33,53.3,13.3,30.0,6.67,81.3,75.0,88.9,50.0,0.0,0.0,0.0,0.0,6.67,0.0,0.0,0.0,3.33,3.33,100.0,3.75,3.75,0.0,0.0,32.5,0.0,0.0,0.0,0.03,0.0,0.0,63.3,3.33,6.67,36.7,20.0,0.0,63.3,0.0,,0.0,,33.3,0.0,3.33,0.0,43.3,3.33,0.0,0.0,3.33,0.0,0.0,3.33,3.33,3.33,0.0,3.33,0.0,0.0,0.0,0.0,0.0,0.0,0.0,0.0,0.0,0.0,0.0,0.0,0.0,0.0,0.0,0.0,0.0,0.0,0.0,0.0,0.0,0.0,3.33,0.0,0.0,0.0,0.0,0.0,0.0,0.0,,,,,,,,,,,,,,,,,,,,,,,,,,,,,
Lewis O'Brien,eng ENG,MF,D.C. United,24,1998,17,17,1513,16.8,0.06,0.06,0.12,0.06,0.0,0.0,0.3,0.0,0.07,0.07,0.11,0.18,2.56,5.83,2.8,0.06,0.06,0.12,0.06,0.12,0.06,0.12,0.18,0.06,0.18,Matches,2023,16.8,39.7,20.6,14.2,3.1,49.4,23.1,16.7,5.95,80.4,89.2,84.7,52.0,636.0,202.4,39.7,20.6,14.2,3.1,49.4,23.1,16.7,5.95,80.4,89.2,84.7,52.0,39.7,20.6,14.2,3.1,49.4,23.1,16.7,5.95,80.4,89.2,84.7,52.0,39.7,20.6,14.2,3.1,49.4,23.1,16.7,5.95,80.4,89.2,84.7,52.0,0.06,0.13,-0.05,1.37,5.36,0.83,0.18,0.06,1.19,0.3,25.0,1.19,0.3,0.05,0.2,23.1,0.0,0.0,0.0,0.05,-0.01,-0.01,60.1,1.79,10.5,32.4,18.0,1.55,60.1,1.31,44.9,1.07,36.7,34.6,0.42,1.49,0.71,40.4,2.26,1.13,1.25,2.26,1.13,38.8,1.79,1.25,0.89,1.01,3.27,0.77,0.12,2.92,2.91,0.3,0.0,0.3,0.0,0.24,0.0,0.18,0.18,0.3,0.0,0.3,0.0,0.24,0.0,0.0,1.61,1.85,0.0,2.32,1.01,1.25,0.0,0.0,0.0,7.86,0.71,75.0,,,,,,,,,,,,,,,,,,,,,,,,,,,,
Shane O'Neill,us USA,DF,Toronto FC,29,1993,14,10,937,10.4,0.0,0.0,0.0,0.0,0.0,0.0,0.19,0.0,0.01,0.01,0.0,0.01,0.67,2.5,0.29,0.0,0.0,0.0,0.0,0.0,0.01,0.0,0.01,0.01,0.01,Matches,2023,10.4,49.7,20.7,24.3,3.94,57.1,21.7,27.0,6.83,87.0,95.1,90.0,57.7,900.4,323.9,49.7,20.7,24.3,3.94,57.1,21.7,27.0,6.83,87.0,95.1,90.0,57.7,49.7,20.7,24.3,3.94,57.1,21.7,27.0,6.83,87.0,95.1,90.0,57.7,49.7,20.7,24.3,3.94,57.1,21.7,27.0,6.83,87.0,95.1,90.0,57.7,0.0,0.01,0.0,0.1,3.65,0.19,0.1,0.0,0.29,0.0,0.0,0.29,0.0,0.0,,16.5,0.0,0.0,0.0,0.03,-0.01,-0.01,66.0,8.17,37.3,25.8,3.17,0.29,66.0,0.1,33.3,0.1,33.3,44.0,0.0,0.67,0.1,45.8,1.63,0.96,1.25,1.63,0.96,66.7,0.48,1.35,0.58,1.54,3.17,2.69,0.0,0.38,0.38,0.0,0.0,0.0,0.0,0.0,0.0,0.0,0.0,0.0,0.0,0.0,0.0,0.0,0.0,0.0,0.87,0.87,0.0,0.1,1.54,1.25,0.0,0.1,0.0,5.67,2.02,80.8,,,,,,,,,,,,,,,,,,,,,,,,,,,,
Kevin O'Toole,ie IRL,"DF,MF",NYCFC,24,1998,21,12,1198,13.3,0.0,0.0,0.0,0.0,0.0,0.0,0.23,0.0,0.03,0.03,0.1,0.12,1.58,4.21,6.54,0.0,0.0,0.0,0.0,0.0,0.03,0.09,0.12,0.03,0.12,Matches,2023,13.3,42.0,24.1,14.8,2.11,51.8,26.9,17.1,4.44,81.0,89.4,86.8,47.5,625.5,228.3,42.0,24.1,14.8,2.11,51.8,26.9,17.1,4.44,81.0,89.4,86.8,47.5,42.0,24.1,14.8,2.11,51.8,26.9,17.1,4.44,81.0,89.4,86.8,47.5,42.0,24.1,14.8,2.11,51.8,26.9,17.1,4.44,81.0,89.4,86.8,47.5,0.0,0.07,-0.1,0.83,2.63,0.98,0.45,0.0,0.45,0.23,50.0,0.45,0.23,0.0,0.0,16.0,0.0,0.0,0.0,0.06,-0.03,-0.03,63.6,3.46,18.3,27.4,18.1,1.8,63.6,0.68,31.0,1.2,55.2,31.4,0.53,1.95,0.6,38.6,1.65,1.35,1.05,1.65,1.35,54.5,1.13,1.73,1.2,1.05,2.71,2.56,0.0,1.95,1.95,0.08,0.0,0.23,0.0,0.0,0.0,0.0,0.0,0.08,0.0,0.23,0.0,0.0,0.0,0.0,0.68,0.83,0.15,2.63,1.05,1.05,0.0,0.0,0.0,5.64,0.45,16.7,,,,,,,,,,,,,,,,,,,,,,,,,,,,
Jáder Obrian,co COL,"FW,MF",FC Dallas,27,1995,29,21,1893,21.0,0.29,0.14,0.43,0.29,0.0,0.0,0.33,0.0,0.27,0.27,0.2,0.48,1.86,2.48,5.62,0.29,0.14,0.43,0.29,0.43,0.27,0.2,0.48,0.27,0.48,Matches,2023,21.0,17.0,11.0,4.48,0.52,23.1,13.4,6.0,1.0,73.8,82.3,74.6,52.4,220.8,61.7,17.0,11.0,4.48,0.52,23.1,13.4,6.0,1.0,73.8,82.3,74.6,52.4,17.0,11.0,4.48,0.52,23.1,13.4,6.0,1.0,73.8,82.3,74.6,52.4,17.0,11.0,4.48,0.52,23.1,13.4,6.0,1.0,73.8,82.3,74.6,52.4,0.14,0.19,-0.06,1.52,1.05,1.05,0.1,0.29,1.14,0.48,41.7,1.14,0.48,0.25,0.6,11.8,0.0,0.0,0.0,0.24,0.01,0.01,32.4,0.38,4.62,13.1,15.3,3.67,32.4,1.14,52.2,0.76,34.8,19.5,0.71,2.9,0.9,22.7,1.1,0.48,0.48,1.1,0.48,23.8,1.52,0.86,0.86,0.62,1.71,0.33,0.0,2.81,2.81,0.29,0.1,0.24,0.05,0.0,0.0,0.38,0.38,0.29,0.1,0.24,0.05,0.0,0.0,0.0,1.76,2.29,0.81,0.76,0.62,0.48,0.05,0.0,0.0,4.52,0.81,27.0,,,,,,,,,,,,,,,,,,,,,,,,,,,,
Chinonso Offor,ng NGA,FW,CF Montréal,22,2000,30,14,1514,16.8,0.24,0.0,0.24,0.24,0.0,0.0,0.18,0.0,0.31,0.31,0.06,0.37,0.77,1.13,4.58,0.24,0.0,0.24,0.24,0.24,0.31,0.06,0.37,0.31,0.37,Matches,2023,16.8,12.3,7.86,3.51,0.42,20.1,10.9,5.54,1.13,61.2,72.1,63.4,36.8,164.6,19.0,12.3,7.86,3.51,0.42,20.1,10.9,5.54,1.13,61.2,72.1,63.4,36.8,12.3,7.86,3.51,0.42,20.1,10.9,5.54,1.13,61.2,72.1,63.4,36.8,12.3,7.86,3.51,0.42,20.1,10.9,5.54,1.13,61.2,72.1,63.4,36.8,0.0,0.03,-0.06,0.65,0.65,0.3,0.0,0.24,2.2,0.89,40.5,2.2,0.89,0.11,0.27,12.9,0.0,0.0,0.0,0.14,-0.07,-0.07,34.5,1.31,2.62,16.4,16.0,4.23,34.5,1.19,37.7,1.85,58.5,19.7,0.54,5.18,1.25,26.4,0.54,0.12,0.36,0.54,0.12,16.7,0.6,0.71,0.6,0.12,0.65,1.07,0.0,1.37,1.36,0.12,0.0,0.24,0.0,0.0,0.0,0.12,0.12,0.12,0.0,0.24,0.0,0.0,0.0,0.0,2.38,1.67,0.65,0.36,0.12,0.36,0.0,0.0,0.0,2.74,4.11,51.1,,,,,,,,,,,,,,,,,,,,,,,,,,,,
Braian Ojeda,py PAR,MF,Real Salt Lake,22,2000,30,22,2163,24.0,0.0,0.04,0.04,0.0,0.0,0.0,0.29,0.0,0.07,0.07,0.05,0.13,1.46,6.17,1.46,0.0,0.04,0.04,0.0,0.04,0.07,0.06,0.12,0.07,0.12,Matches,2023,24.0,44.0,18.6,17.3,7.17,51.5,20.2,19.7,9.42,85.5,92.4,87.7,76.1,858.3,244.5,44.0,18.6,17.3,7.17,51.5,20.2,19.7,9.42,85.5,92.4,87.7,76.1,44.0,18.6,17.3,7.17,51.5,20.2,19.7,9.42,85.5,92.4,87.7,76.1,44.0,18.6,17.3,7.17,51.5,20.2,19.7,9.42,85.5,92.4,87.7,76.1,0.04,0.06,-0.01,0.92,5.88,1.0,0.5,0.0,1.38,0.38,27.3,1.37,0.37,0.0,0.0,22.2,0.0,0.0,0.0,0.05,-0.07,-0.07,62.8,1.71,12.7,39.1,11.9,0.79,62.8,2.13,58.6,1.0,27.6,37.1,0.04,1.21,0.67,44.5,2.29,1.08,1.33,2.29,1.08,43.3,1.42,1.13,0.88,1.71,4.0,0.88,0.0,2.75,2.74,0.17,0.0,0.21,0.08,0.04,0.0,0.25,0.25,0.17,0.0,0.21,0.08,0.04,0.0,0.0,2.21,2.13,0.0,0.71,1.71,1.33,0.0,0.0,0.0,7.13,0.83,52.6,,,,,,,,,,,,,,,,,,,,,,,,,,,,
Martín Ojeda,ar ARG,"FW,MF",Orlando City,24,1998,34,16,1757,19.5,0.31,0.36,0.67,0.31,0.0,0.0,0.0,0.0,0.24,0.24,0.24,0.48,1.74,4.56,6.87,0.31,0.36,0.67,0.31,0.67,0.24,0.24,0.48,0.24,0.48,Matches,2023,19.5,28.5,14.3,9.18,4.1,38.8,17.2,11.7,7.13,73.3,83.0,78.5,57.6,506.7,147.2,28.5,14.3,9.18,4.1,38.8,17.2,11.7,7.13,73.3,83.0,78.5,57.6,28.5,14.3,9.18,4.1,38.8,17.2,11.7,7.13,73.3,83.0,78.5,57.6,28.5,14.3,9.18,4.1,38.8,17.2,11.7,7.13,73.3,83.0,78.5,57.6,0.36,0.21,0.12,2.51,2.51,1.13,0.26,0.31,3.33,1.33,40.0,3.33,1.33,0.09,0.23,24.5,0.36,0.0,0.0,0.07,0.07,0.07,51.1,1.03,5.9,22.4,23.2,3.18,51.1,0.31,33.3,0.62,66.7,26.7,0.67,2.72,1.13,34.9,1.13,0.41,0.87,1.13,0.41,24.2,1.28,1.54,1.54,0.67,1.79,1.18,0.0,4.05,4.05,0.1,0.0,0.0,0.0,0.1,0.0,0.51,0.51,0.1,0.0,0.0,0.0,0.1,0.0,0.0,0.62,0.51,0.15,4.67,0.67,0.87,0.0,0.0,0.0,4.21,0.36,30.4,,,,,,,,,,,,,,,,,,,,,,,,,,,,
Cristian Olivera,uy URU,FW,LAFC,20,2002,10,7,601,6.7,0.3,0.0,0.3,0.3,0.0,0.0,0.15,0.0,0.6,0.6,0.07,0.67,6.57,2.69,10.7,0.3,0.0,0.3,0.3,0.3,0.6,0.08,0.68,0.6,0.68,Matches,2023,6.7,13.9,7.31,4.03,1.64,21.9,9.25,7.16,3.13,63.3,79.0,56.3,52.4,231.0,71.8,13.9,7.31,4.03,1.64,21.9,9.25,7.16,3.13,63.3,79.0,56.3,52.4,13.9,7.31,4.03,1.64,21.9,9.25,7.16,3.13,63.3,79.0,56.3,52.4,13.9,7.31,4.03,1.64,21.9,9.25,7.16,3.13,63.3,79.0,56.3,52.4,0.0,0.09,-0.07,1.19,0.9,1.49,0.75,0.3,3.73,1.79,48.0,3.74,1.8,0.08,0.17,16.3,0.0,0.0,0.0,0.16,-0.3,-0.3,39.3,0.6,4.48,11.8,24.8,6.72,39.3,2.24,31.9,4.78,68.1,27.8,2.39,3.88,0.6,27.0,2.09,1.04,1.19,2.09,1.04,50.0,1.04,1.04,1.04,0.3,2.39,0.3,0.0,2.69,2.7,0.45,0.15,0.3,0.15,0.0,0.0,0.3,0.3,0.45,0.15,0.3,0.15,0.0,0.0,0.0,1.04,1.19,0.3,3.73,0.3,1.19,0.15,0.0,0.0,4.78,0.0,0.0,,,,,,,,,,,,,,,,,,,,,,,,,,,,
Tani Oluwaseyi,ca CAN,FW,Minnesota Utd,22,2000,2,0,13,0.1,0.0,0.0,0.0,0.0,0.0,0.0,0.0,0.0,1.0,1.0,0.0,1.0,0.0,0.0,10.0,0.0,0.0,0.0,0.0,0.0,0.96,0.0,0.96,0.96,0.96,Matches,2023,0.1,0.0,0.0,0.0,0.0,10.0,10.0,0.0,0.0,0.0,0.0,,,0.0,0.0,0.0,0.0,0.0,0.0,10.0,10.0,0.0,0.0,0.0,0.0,,,0.0,0.0,0.0,0.0,10.0,10.0,0.0,0.0,0.0,0.0,,,0.0,0.0,0.0,0.0,10.0,10.0,0.0,0.0,0.0,0.0,,,0.0,0.0,0.0,0.0,0.0,0.0,0.0,0.0,10.0,0.0,0.0,6.92,0.0,0.0,,12.0,0.0,0.0,0.0,0.14,-1.0,-1.0,50.0,10.0,20.0,20.0,10.0,10.0,50.0,0.0,,0.0,,20.0,0.0,0.0,0.0,20.0,20.0,0.0,10.0,20.0,0.0,,0.0,0.0,0.0,0.0,20.0,10.0,0.0,0.0,0.0,0.0,0.0,0.0,0.0,0.0,0.0,0.0,0.0,0.0,0.0,0.0,0.0,0.0,0.0,0.0,0.0,0.0,0.0,0.0,0.0,10.0,0.0,0.0,0.0,0.0,0.0,0.0,,,,,,,,,,,,,,,,,,,,,,,,,,,,
Wyatt Omsberg,us USA,DF,Chicago Fire,27,1995,11,7,707,7.9,0.0,0.0,0.0,0.0,0.0,0.0,0.25,0.0,0.0,0.0,0.0,0.0,0.25,1.52,0.0,0.0,0.0,0.0,0.0,0.0,0.0,0.0,0.0,0.0,0.0,Matches,2023,7.9,39.1,11.9,23.8,3.16,47.8,13.0,26.6,7.47,81.7,91.3,89.5,42.4,768.5,318.1,39.1,11.9,23.8,3.16,47.8,13.0,26.6,7.47,81.7,91.3,89.5,42.4,39.1,11.9,23.8,3.16,47.8,13.0,26.6,7.47,81.7,91.3,89.5,42.4,39.1,11.9,23.8,3.16,47.8,13.0,26.6,7.47,81.7,91.3,89.5,42.4,0.0,0.0,0.0,0.0,0.63,0.0,0.0,0.0,0.0,0.0,,0.0,0.0,,,,0.0,0.0,0.0,,0.0,0.0,57.7,9.49,40.3,17.6,0.25,0.25,57.7,0.0,,0.0,,28.7,0.0,0.38,0.0,35.1,0.89,0.38,0.25,0.89,0.38,50.0,0.38,1.77,0.13,1.77,2.66,4.18,0.0,0.13,0.13,0.0,0.0,0.0,0.0,0.0,0.0,0.0,0.0,0.0,0.0,0.0,0.0,0.0,0.0,0.0,0.76,0.51,0.0,0.0,1.77,0.25,0.0,0.0,0.0,4.68,2.03,50.0,,,,,,,,,,,,,,,,,,,,,,,,,,,,
Kwadwo Opoku,gh GHA,FW,LAFC,21,2001,19,13,1176,13.1,0.15,0.15,0.31,0.15,0.0,0.0,0.08,0.08,0.25,0.25,0.11,0.36,2.21,2.9,7.25,0.15,0.15,0.31,0.15,0.31,0.25,0.11,0.36,0.25,0.36,Matches,2023,13.1,18.0,11.2,5.42,0.76,22.9,12.6,6.72,1.37,78.7,89.1,80.7,55.6,252.6,55.8,18.0,11.2,5.42,0.76,22.9,12.6,6.72,1.37,78.7,89.1,80.7,55.6,18.0,11.2,5.42,0.76,22.9,12.6,6.72,1.37,78.7,89.1,80.7,55.6,18.0,11.2,5.42,0.76,22.9,12.6,6.72,1.37,78.7,89.1,80.7,55.6,0.15,0.09,0.05,1.15,1.22,0.99,0.0,0.15,2.21,0.99,44.8,2.22,0.99,0.07,0.15,20.1,0.0,0.0,0.0,0.11,-0.1,-0.1,35.1,0.61,3.13,13.7,19.4,3.97,35.1,2.06,42.9,2.06,42.9,24.2,0.92,3.21,1.22,25.4,0.99,0.61,0.61,0.99,0.61,40.0,0.92,0.84,0.69,0.15,1.15,0.38,0.0,2.98,2.98,0.31,0.0,0.46,0.08,0.0,0.0,0.23,0.23,0.31,0.0,0.46,0.08,0.0,0.0,0.0,0.92,2.14,0.61,0.46,0.15,0.61,0.08,0.0,0.0,3.82,0.46,20.7,,,,,,,,,,,,,,,,,,,,,,,,,,,,
Kwadwo Opoku,gh GHA,FW,CF Montréal,21,2001,12,12,928,10.3,0.39,0.1,0.49,0.39,0.0,0.0,0.0,0.0,0.35,0.35,0.2,0.55,2.91,2.43,7.09,0.39,0.1,0.48,0.39,0.48,0.35,0.2,0.55,0.35,0.55,Matches,2023,10.3,17.6,8.74,7.09,1.26,22.0,10.2,8.25,2.04,79.7,85.7,85.9,61.9,281.1,48.3,17.6,8.74,7.09,1.26,22.0,10.2,8.25,2.04,79.7,85.7,85.9,61.9,17.6,8.74,7.09,1.26,22.0,10.2,8.25,2.04,79.7,85.7,85.9,61.9,17.6,8.74,7.09,1.26,22.0,10.2,8.25,2.04,79.7,85.7,85.9,61.9,0.1,0.19,-0.11,1.07,1.17,0.58,0.0,0.39,2.33,0.58,25.0,2.33,0.58,0.17,0.67,15.0,0.0,0.0,0.0,0.15,0.04,0.04,32.7,0.39,3.01,13.1,17.4,3.59,32.7,2.14,44.9,2.04,42.9,24.8,0.58,2.62,2.14,25.8,0.58,0.19,0.29,0.58,0.19,25.0,0.58,0.58,0.58,0.49,1.07,0.19,0.0,3.01,3.01,0.19,0.0,0.0,0.0,0.0,0.0,0.29,0.29,0.19,0.0,0.0,0.0,0.0,0.0,0.0,1.46,1.84,0.1,0.58,0.49,0.29,0.0,0.0,0.0,3.2,0.29,16.7,,,,,,,,,,,,,,,,,,,,,,,,,,,,
Nathan Ordaz,sv SLV,FW,LAFC,19,2004,17,2,262,2.9,0.0,0.34,0.34,0.0,0.0,0.0,0.0,0.0,0.24,0.24,0.17,0.41,3.79,3.79,10.7,0.0,0.34,0.34,0.0,0.34,0.25,0.17,0.42,0.25,0.42,Matches,2023,2.9,19.3,11.0,4.83,1.03,26.2,13.4,6.21,1.72,73.7,82.1,77.8,60.0,257.6,51.0,19.3,11.0,4.83,1.03,26.2,13.4,6.21,1.72,73.7,82.1,77.8,60.0,19.3,11.0,4.83,1.03,26.2,13.4,6.21,1.72,73.7,82.1,77.8,60.0,19.3,11.0,4.83,1.03,26.2,13.4,6.21,1.72,73.7,82.1,77.8,60.0,0.34,0.03,0.17,1.03,1.03,1.38,0.0,0.0,1.38,0.69,50.0,1.37,0.69,0.0,0.0,8.5,0.0,0.0,0.0,0.18,-0.24,-0.24,39.7,0.69,3.79,12.4,24.5,5.52,39.7,1.72,41.7,1.72,41.7,24.1,1.03,4.14,1.03,29.3,1.38,0.0,0.34,1.38,0.0,0.0,0.69,1.38,1.38,0.0,1.38,0.34,0.0,2.76,2.75,0.0,0.0,0.0,0.0,0.0,0.0,0.34,0.34,0.0,0.0,0.0,0.0,0.0,0.0,0.0,2.07,1.03,0.34,1.03,0.0,0.34,0.0,0.0,0.0,3.1,1.72,33.3,,,,,,,,,,,,,,,,,,,,,,,,,,,,
Arquimides Ordonez,gt GUA,FW,FC Cincinnati,19,2003,8,4,278,3.1,0.0,0.0,0.0,0.0,0.0,0.0,0.32,0.0,0.13,0.13,0.06,0.19,1.61,1.61,6.77,0.0,0.0,0.0,0.0,0.0,0.14,0.07,0.21,0.14,0.21,Matches,2023,3.1,16.8,8.71,6.77,1.29,19.7,10.6,6.77,1.29,85.2,81.8,100.0,100.0,262.6,30.0,16.8,8.71,6.77,1.29,19.7,10.6,6.77,1.29,85.2,81.8,100.0,100.0,16.8,8.71,6.77,1.29,19.7,10.6,6.77,1.29,85.2,81.8,100.0,100.0,16.8,8.71,6.77,1.29,19.7,10.6,6.77,1.29,85.2,81.8,100.0,100.0,0.0,0.03,-0.06,1.29,1.94,0.32,0.0,0.0,1.61,0.0,0.0,1.62,0.0,0.0,,16.2,0.0,0.0,0.0,0.08,-0.13,-0.13,31.9,0.32,2.9,13.2,16.5,4.19,31.9,2.9,42.9,2.58,38.1,19.0,0.65,0.97,1.94,23.2,1.94,0.32,1.61,1.94,0.32,50.0,0.32,0.65,0.32,0.0,1.94,0.0,0.0,3.55,3.57,1.29,0.0,0.65,0.0,0.0,0.0,0.0,0.0,1.29,0.0,0.65,0.0,0.0,0.0,0.0,1.94,2.9,0.97,0.0,0.0,1.61,0.0,0.0,0.0,2.9,0.32,11.1,,,,,,,,,,,,,,,,,,,,,,,,,,,,
Jonathan Osorio,ca CAN,"MF,FW",Toronto FC,30,1992,21,21,1876,20.8,0.19,0.19,0.38,0.19,0.0,0.0,0.05,0.0,0.15,0.15,0.1,0.25,1.73,6.35,4.66,0.19,0.19,0.38,0.19,0.38,0.15,0.1,0.24,0.15,0.24,Matches,2023,20.8,52.1,30.6,17.1,2.02,59.3,33.0,18.9,2.88,87.9,92.6,90.1,70.0,742.9,197.1,52.1,30.6,17.1,2.02,59.3,33.0,18.9,2.88,87.9,92.6,90.1,70.0,52.1,30.6,17.1,2.02,59.3,33.0,18.9,2.88,87.9,92.6,90.1,70.0,52.1,30.6,17.1,2.02,59.3,33.0,18.9,2.88,87.9,92.6,90.1,70.0,0.19,0.13,0.1,1.2,4.76,0.91,0.0,0.19,0.58,0.34,58.3,0.58,0.34,0.33,0.57,13.0,0.0,0.0,0.0,0.26,0.04,0.04,66.7,0.96,12.0,37.7,17.5,2.02,66.7,1.15,57.1,0.77,38.1,46.2,0.29,1.73,1.54,54.2,1.06,0.43,0.77,1.06,0.43,50.0,0.43,0.48,0.48,0.77,1.83,0.53,0.0,2.69,2.69,0.19,0.0,0.14,0.0,0.05,0.0,0.38,0.38,0.19,0.0,0.14,0.0,0.05,0.0,0.0,0.72,1.63,0.1,0.19,0.77,0.77,0.0,0.0,0.0,5.48,0.19,40.0,,,,,,,,,,,,,,,,,,,,,,,,,,,,
Tomáš Ostrák,cz CZE,"MF,FW",St. Louis,22,2000,30,13,1151,12.8,0.23,0.16,0.39,0.23,0.0,0.0,0.55,0.0,0.18,0.18,0.1,0.28,2.27,4.38,6.17,0.23,0.16,0.39,0.23,0.39,0.18,0.1,0.28,0.18,0.28,Matches,2023,12.8,22.7,12.5,7.66,1.95,29.4,15.0,9.14,2.89,77.4,83.3,83.8,67.6,367.3,85.5,22.7,12.5,7.66,1.95,29.4,15.0,9.14,2.89,77.4,83.3,83.8,67.6,22.7,12.5,7.66,1.95,29.4,15.0,9.14,2.89,77.4,83.3,83.8,67.6,22.7,12.5,7.66,1.95,29.4,15.0,9.14,2.89,77.4,83.3,83.8,67.6,0.16,0.05,0.05,0.94,2.27,0.47,0.0,0.23,2.5,0.94,37.5,2.5,0.94,0.09,0.25,19.7,0.0,0.0,0.0,0.07,0.05,0.05,41.4,0.63,5.0,18.9,18.6,2.42,41.4,2.11,58.7,1.25,34.8,24.1,0.78,2.27,2.03,27.9,1.95,0.86,1.33,1.95,0.86,35.5,1.56,0.86,0.86,0.16,2.11,0.39,0.0,2.97,2.98,0.31,0.0,0.16,0.0,0.0,0.0,0.39,0.39,0.31,0.0,0.16,0.0,0.0,0.0,0.0,1.72,0.94,0.0,0.7,0.16,1.33,0.0,0.0,0.0,5.47,0.7,30.0,,,,,,,,,,,,,,,,,,,,,,,,,,,,
Bryan Oviedo,cr CRC,DF,Real Salt Lake,32,1990,25,19,1792,19.9,0.0,0.15,0.15,0.0,0.0,0.0,0.15,0.0,0.03,0.03,0.12,0.14,2.16,3.97,4.57,0.0,0.15,0.15,0.0,0.15,0.02,0.11,0.14,0.02,0.14,Matches,2023,19.9,43.9,22.5,17.2,3.27,53.0,24.2,20.3,6.03,82.7,92.9,84.9,54.2,706.2,256.3,43.9,22.5,17.2,3.27,53.0,24.2,20.3,6.03,82.7,92.9,84.9,54.2,43.9,22.5,17.2,3.27,53.0,24.2,20.3,6.03,82.7,92.9,84.9,54.2,43.9,22.5,17.2,3.27,53.0,24.2,20.3,6.03,82.7,92.9,84.9,54.2,0.15,0.11,0.04,1.26,2.86,1.26,0.85,0.0,0.6,0.35,58.3,0.6,0.35,0.0,0.0,20.4,0.0,0.0,0.0,0.04,-0.03,-0.03,62.9,3.37,18.9,26.8,17.4,1.16,62.9,0.65,56.5,0.35,30.4,33.9,0.1,1.46,0.35,39.5,2.01,1.01,1.36,2.01,1.01,52.6,0.9,0.85,0.5,1.21,3.22,2.46,0.0,2.81,2.81,0.05,0.0,0.1,0.0,0.15,0.0,0.2,0.2,0.05,0.0,0.1,0.0,0.15,0.0,0.0,0.95,1.31,0.0,3.52,1.21,1.36,0.0,0.0,0.0,4.97,0.5,52.6,,,,,,,,,,,,,,,,,,,,,,,,,,,,
Prince Owusu,gh GHA,FW,Toronto FC,26,1997,6,3,257,2.9,0.0,0.0,0.0,0.0,0.0,0.0,0.34,0.0,0.14,0.14,0.0,0.14,1.72,0.69,4.14,0.0,0.0,0.0,0.0,0.0,0.14,0.0,0.14,0.14,0.14,Matches,2023,2.9,10.7,6.21,3.1,1.03,17.2,9.31,4.83,1.03,62.0,66.7,64.3,100.0,156.9,19.0,10.7,6.21,3.1,1.03,17.2,9.31,4.83,1.03,62.0,66.7,64.3,100.0,10.7,6.21,3.1,1.03,17.2,9.31,4.83,1.03,62.0,66.7,64.3,100.0,10.7,6.21,3.1,1.03,17.2,9.31,4.83,1.03,62.0,66.7,64.3,100.0,0.0,0.0,0.0,0.0,0.0,0.0,0.0,0.0,1.38,0.34,25.0,1.4,0.35,0.0,0.0,12.3,0.0,0.0,0.0,0.1,-0.14,-0.14,28.3,2.07,3.1,12.8,12.4,4.14,28.3,1.38,50.0,1.03,37.5,13.8,0.69,4.48,1.03,19.0,1.03,0.69,0.69,1.03,0.69,100.0,0.0,0.34,0.34,0.34,1.38,2.07,0.0,1.72,1.74,0.0,0.0,0.34,0.0,0.0,0.0,0.0,0.0,0.0,0.0,0.34,0.0,0.0,0.0,0.0,4.14,0.69,2.07,0.34,0.34,0.69,0.0,0.0,0.0,1.38,2.07,60.0,,,,,,,,,,,,,,,,,,,,,,,,,,,,
Devin Padelford,us USA,DF,Minnesota Utd,20,2003,8,0,154,1.7,0.59,0.0,0.59,0.59,0.0,0.0,0.0,0.0,0.18,0.18,0.0,0.18,4.12,5.29,9.41,0.58,0.0,0.58,0.58,0.58,0.19,0.0,0.19,0.19,0.19,Matches,2023,1.7,28.2,13.5,11.8,1.76,44.7,16.5,20.0,4.12,63.2,82.1,58.8,42.9,438.8,190.0,28.2,13.5,11.8,1.76,44.7,16.5,20.0,4.12,63.2,82.1,58.8,42.9,28.2,13.5,11.8,1.76,44.7,16.5,20.0,4.12,63.2,82.1,58.8,42.9,28.2,13.5,11.8,1.76,44.7,16.5,20.0,4.12,63.2,82.1,58.8,42.9,0.0,0.06,0.0,0.0,1.76,1.18,0.0,0.59,1.18,0.59,50.0,1.17,0.58,0.5,1.0,5.0,0.0,0.0,0.0,0.16,0.41,0.41,55.9,3.53,13.5,18.8,23.5,4.12,55.9,1.18,66.7,0.59,33.3,28.8,0.59,2.94,1.18,30.0,1.76,0.59,1.18,1.76,0.59,50.0,0.59,0.59,0.59,0.59,2.35,1.76,0.0,1.76,1.74,0.0,0.0,0.0,0.0,0.0,0.0,0.0,0.0,0.0,0.0,0.0,0.0,0.0,0.0,0.0,0.0,0.59,0.0,5.88,0.59,1.18,0.0,0.0,0.0,7.06,5.88,83.3,,,,,,,,,,,,,,,,,,,,,,,,,,,,
Maarten Paes,id IDN,GK,FC Dallas,24,1998,30,30,2621,29.1,0.0,0.0,0.0,0.0,0.0,0.0,0.03,0.03,0.0,0.0,0.0,0.0,0.0,0.0,0.0,0.0,0.0,0.0,0.0,0.0,0.0,0.0,0.0,0.0,0.0,Matches,2023,29.1,24.2,5.64,11.2,7.29,34.5,5.67,11.6,17.0,70.2,99.4,96.4,42.8,638.4,463.4,24.2,5.64,11.2,7.29,34.5,5.67,11.6,17.0,70.2,99.4,96.4,42.8,24.2,5.64,11.2,7.29,34.5,5.67,11.6,17.0,70.2,99.4,96.4,42.8,24.2,5.64,11.2,7.29,34.5,5.67,11.6,17.0,70.2,99.4,96.4,42.8,0.0,0.0,0.0,0.0,0.38,0.0,0.0,0.0,0.0,0.0,,0.0,0.0,,,,0.0,0.0,0.0,,0.0,0.0,37.2,31.5,37.1,0.1,0.0,0.0,37.2,0.0,,0.0,,21.3,0.0,0.0,0.0,17.4,0.1,0.1,0.03,0.1,0.1,100.0,0.0,0.0,0.0,0.0,0.1,0.62,0.07,0.14,0.14,0.0,0.0,0.0,0.0,0.0,0.0,0.0,0.0,0.0,0.0,0.0,0.0,0.0,0.0,0.0,0.07,0.1,0.0,0.0,0.0,0.03,0.0,0.03,0.0,1.1,0.14,80.0,1.0,0.03,0.1,0.14,1.02,0.24,0.16,0.16,27.1,3.95,35.0,53.1,33.3,40.7,15.9,35.0,53.1,33.3,40.7,15.9,14.0,0.41,2.9,1.2,1.2,33.3,40.7,15.9
Nelson Palacio,co COL,MF,Real Salt Lake,21,2001,11,10,864,9.6,0.0,0.1,0.1,0.0,0.0,0.0,0.31,0.0,0.03,0.03,0.01,0.04,0.21,2.81,0.94,0.0,0.1,0.1,0.0,0.1,0.03,0.01,0.04,0.03,0.04,Matches,2023,9.6,40.6,14.0,17.9,8.23,44.8,15.2,18.6,9.69,90.7,91.8,96.1,84.9,850.2,197.3,40.6,14.0,17.9,8.23,44.8,15.2,18.6,9.69,90.7,91.8,96.1,84.9,40.6,14.0,17.9,8.23,44.8,15.2,18.6,9.69,90.7,91.8,96.1,84.9,40.6,14.0,17.9,8.23,44.8,15.2,18.6,9.69,90.7,91.8,96.1,84.9,0.1,0.02,0.09,0.31,3.65,0.21,0.0,0.0,0.83,0.31,37.5,0.83,0.31,0.0,0.0,27.1,0.0,0.0,0.0,0.04,-0.03,-0.03,52.4,1.67,13.1,35.4,4.38,0.42,52.4,0.63,60.0,0.21,20.0,32.8,0.0,1.04,0.52,37.9,1.25,0.83,1.04,1.25,0.83,36.4,1.46,0.73,0.52,1.04,2.29,1.15,0.0,0.94,0.94,0.0,0.0,0.21,0.0,0.0,0.0,0.1,0.1,0.0,0.0,0.21,0.0,0.0,0.0,0.0,1.67,0.94,0.0,0.1,1.04,1.04,0.0,0.0,0.0,5.83,0.42,50.0,,,,,,,,,,,,,,,,,,,,,,,,,,,,
Diego Palacios,ec ECU,DF,LAFC,23,1999,29,28,2431,27.0,0.0,0.07,0.07,0.0,0.0,0.0,0.37,0.0,0.03,0.03,0.1,0.12,1.63,5.3,5.67,0.0,0.07,0.07,0.0,0.07,0.03,0.1,0.12,0.03,0.12,Matches,2023,27.0,52.6,28.3,20.1,2.85,63.3,31.1,24.3,5.07,83.1,91.1,82.8,56.2,823.0,277.5,52.6,28.3,20.1,2.85,63.3,31.1,24.3,5.07,83.1,91.1,82.8,56.2,52.6,28.3,20.1,2.85,63.3,31.1,24.3,5.07,83.1,91.1,82.8,56.2,52.6,28.3,20.1,2.85,63.3,31.1,24.3,5.07,83.1,91.1,82.8,56.2,0.07,0.12,-0.02,1.04,4.15,0.89,0.37,0.0,0.59,0.11,18.8,0.59,0.11,0.0,0.0,22.7,0.0,0.0,0.0,0.04,-0.03,-0.03,75.9,2.41,20.9,36.8,18.8,1.48,75.9,0.81,52.4,0.63,40.5,40.9,0.19,1.7,0.67,45.6,3.3,1.67,1.74,3.3,1.67,64.3,0.93,1.67,1.44,2.04,5.33,2.11,0.0,2.37,2.37,0.0,0.0,0.15,0.0,0.0,0.0,0.11,0.11,0.0,0.0,0.15,0.0,0.0,0.0,0.0,1.67,0.93,0.11,2.22,2.04,1.74,0.0,0.04,0.0,7.78,0.81,56.4,,,,,,,,,,,,,,,,,,,,,,,,,,,,
Sergi Palencia,es ESP,DF,LAFC,26,1996,20,14,1258,14.0,0.0,0.07,0.07,0.0,0.0,0.0,0.29,0.0,0.01,0.01,0.06,0.08,1.93,4.29,4.21,0.0,0.07,0.07,0.0,0.07,0.02,0.06,0.08,0.02,0.08,Matches,2023,14.0,45.1,22.1,18.6,3.21,57.6,25.3,22.6,6.29,78.3,87.3,82.3,51.1,733.4,278.1,45.1,22.1,18.6,3.21,57.6,25.3,22.6,6.29,78.3,87.3,82.3,51.1,45.1,22.1,18.6,3.21,57.6,25.3,22.6,6.29,78.3,87.3,82.3,51.1,45.1,22.1,18.6,3.21,57.6,25.3,22.6,6.29,78.3,87.3,82.3,51.1,0.07,0.06,0.01,1.07,3.71,1.07,0.21,0.0,0.5,0.07,14.3,0.5,0.07,0.0,0.0,25.4,0.0,0.0,0.0,0.04,-0.01,-0.01,68.1,2.57,20.4,31.6,16.7,1.36,68.1,0.93,59.1,0.57,36.4,34.1,0.07,0.86,0.71,40.0,3.07,1.86,2.14,3.07,1.86,61.9,1.14,1.5,1.29,1.57,4.64,1.43,0.0,2.64,2.64,0.07,0.07,0.07,0.0,0.14,0.0,0.21,0.21,0.07,0.07,0.07,0.0,0.14,0.0,0.0,1.57,1.0,0.0,2.29,1.57,2.14,0.0,0.0,0.0,5.93,1.21,48.6,,,,,,,,,,,,,,,,,,,,,,,,,,,,
Victor Pálsson,is ISL,"DF,MF",D.C. United,31,1991,18,17,1575,17.5,0.0,0.11,0.11,0.0,0.0,0.0,0.11,0.0,0.04,0.04,0.05,0.09,0.74,3.77,0.91,0.0,0.11,0.11,0.0,0.11,0.04,0.05,0.09,0.04,0.09,Matches,2023,17.5,33.1,14.3,15.4,3.26,43.9,16.8,19.5,6.63,75.3,85.0,78.9,49.1,608.7,240.3,33.1,14.3,15.4,3.26,43.9,16.8,19.5,6.63,75.3,85.0,78.9,49.1,33.1,14.3,15.4,3.26,43.9,16.8,19.5,6.63,75.3,85.0,78.9,49.1,33.1,14.3,15.4,3.26,43.9,16.8,19.5,6.63,75.3,85.0,78.9,49.1,0.11,0.06,0.07,0.57,3.66,0.51,0.17,0.0,0.51,0.0,0.0,0.51,0.0,0.0,,12.3,0.0,0.0,0.0,0.08,-0.04,-0.04,52.6,4.0,19.3,26.8,6.74,0.8,52.6,0.17,60.0,0.11,40.0,23.7,0.06,0.29,0.06,29.1,1.6,0.8,0.91,1.6,0.8,51.9,0.74,0.97,0.69,1.43,3.03,3.31,0.0,0.86,0.86,0.0,0.0,0.0,0.0,0.0,0.0,0.23,0.23,0.0,0.0,0.0,0.0,0.0,0.0,0.0,0.91,0.23,0.0,1.14,1.43,0.91,0.0,0.0,0.0,5.43,2.74,70.6,,,,,,,,,,,,,,,,,,,,,,,,,,,,
Jack Panayotou,us USA,"MF,DF",NE Revolution,18,2004,11,2,321,3.6,0.0,0.0,0.0,0.0,0.0,0.0,0.28,0.0,0.03,0.03,0.08,0.14,1.39,2.78,6.11,0.0,0.0,0.0,0.0,0.0,0.04,0.09,0.13,0.04,0.13,Matches,2023,3.6,21.9,12.8,7.5,1.11,29.7,14.2,10.3,2.78,73.8,90.2,73.0,40.0,327.2,75.0,21.9,12.8,7.5,1.11,29.7,14.2,10.3,2.78,73.8,90.2,73.0,40.0,21.9,12.8,7.5,1.11,29.7,14.2,10.3,2.78,73.8,90.2,73.0,40.0,21.9,12.8,7.5,1.11,29.7,14.2,10.3,2.78,73.8,90.2,73.0,40.0,0.0,0.11,-0.08,0.83,2.22,0.0,0.0,0.0,0.83,0.0,0.0,0.84,0.0,0.0,,20.6,0.0,0.0,0.0,0.04,-0.03,-0.03,43.1,0.56,5.28,22.5,15.6,3.06,43.1,0.28,12.5,1.39,62.5,27.8,0.56,2.22,2.22,30.8,2.5,1.11,1.67,2.5,1.11,44.4,1.39,0.83,0.83,0.56,3.06,0.56,0.0,2.22,2.24,0.0,0.0,0.0,0.0,0.28,0.0,0.0,0.0,0.0,0.0,0.0,0.0,0.28,0.0,0.0,2.78,1.11,0.28,2.22,0.56,1.67,0.0,0.0,0.0,3.06,0.28,20.0,,,,,,,,,,,,,,,,,,,,,,,,,,,,
Elliot Panicco,us USA,GK,Nashville SC,26,1996,2,2,180,2.0,0.0,0.0,0.0,0.0,0.0,0.0,0.0,0.0,0.0,0.0,0.0,0.0,0.0,0.0,0.0,0.0,0.0,0.0,0.0,0.0,0.0,0.0,0.0,0.0,0.0,Matches,2023,2.0,21.5,3.5,9.5,8.5,31.0,3.5,9.5,18.0,69.4,100.0,100.0,47.2,644.0,482.0,21.5,3.5,9.5,8.5,31.0,3.5,9.5,18.0,69.4,100.0,100.0,47.2,21.5,3.5,9.5,8.5,31.0,3.5,9.5,18.0,69.4,100.0,100.0,47.2,21.5,3.5,9.5,8.5,31.0,3.5,9.5,18.0,69.4,100.0,100.0,47.2,0.0,0.0,0.0,0.0,0.0,0.0,0.0,0.0,0.0,0.0,,0.0,0.0,,,,0.0,0.0,0.0,,0.0,0.0,34.0,33.0,33.5,0.5,0.0,0.0,34.0,0.0,,0.0,,19.0,0.0,0.0,0.0,13.5,0.0,0.0,0.0,0.0,0.0,,0.0,0.0,0.0,0.0,0.0,0.0,0.0,0.5,0.5,0.0,0.0,0.0,0.0,0.0,0.0,0.0,0.0,0.0,0.0,0.0,0.0,0.0,0.0,0.0,0.0,0.0,0.0,0.0,0.0,0.0,0.0,0.0,0.0,0.5,0.0,,0.5,0.0,0.0,0.0,0.85,0.19,0.35,0.36,22.5,6.0,37.8,58.8,34.4,47.1,10.0,37.8,58.8,34.4,47.1,10.0,12.5,0.5,4.0,0.5,0.5,34.4,47.1,10.0
James Pantemis,ca CAN,GK,CF Montréal,25,1997,2,2,172,1.9,0.0,0.0,0.0,0.0,0.0,0.0,0.0,0.0,0.0,0.0,0.0,0.0,0.0,0.0,0.0,0.0,0.0,0.0,0.0,0.0,0.0,0.0,0.0,0.0,0.0,Matches,2023,1.9,27.4,10.0,15.3,2.11,33.7,10.0,15.8,7.89,81.3,100.0,96.7,26.7,541.6,403.2,27.4,10.0,15.3,2.11,33.7,10.0,15.8,7.89,81.3,100.0,96.7,26.7,27.4,10.0,15.3,2.11,33.7,10.0,15.8,7.89,81.3,100.0,96.7,26.7,27.4,10.0,15.3,2.11,33.7,10.0,15.8,7.89,81.3,100.0,96.7,26.7,0.0,0.0,0.0,0.0,0.0,0.0,0.0,0.0,0.0,0.0,,0.0,0.0,,,,0.0,0.0,0.0,,0.0,0.0,37.9,33.2,37.9,0.0,0.0,0.0,37.9,0.0,,0.0,,12.1,0.0,0.0,0.0,12.6,0.0,0.0,0.0,0.0,0.0,,0.0,0.0,0.0,0.0,0.0,1.05,0.0,0.0,0.0,0.0,0.0,0.0,0.0,0.0,0.0,0.0,0.0,0.0,0.0,0.0,0.0,0.0,0.0,0.0,0.0,0.0,0.0,0.0,0.0,0.0,0.0,0.0,0.0,3.16,0.53,100.0,2.63,0.0,0.53,0.0,2.53,0.4,-0.11,-0.11,23.7,4.74,22.2,10.5,25.4,22.3,11.4,22.2,10.5,25.4,22.3,11.4,12.1,0.0,0.0,1.05,1.05,25.4,22.3,11.4
Cristhian Paredes,py PAR,MF,Portland Timbers,24,1998,28,22,1910,21.2,0.09,0.05,0.14,0.09,0.0,0.0,0.24,0.0,0.12,0.12,0.11,0.23,0.99,4.81,2.41,0.09,0.05,0.14,0.09,0.14,0.12,0.11,0.23,0.12,0.23,Matches,2023,21.2,23.6,13.0,8.49,1.32,31.6,15.7,10.8,2.45,74.8,82.6,78.6,53.8,362.5,139.1,23.6,13.0,8.49,1.32,31.6,15.7,10.8,2.45,74.8,82.6,78.6,53.8,23.6,13.0,8.49,1.32,31.6,15.7,10.8,2.45,74.8,82.6,78.6,53.8,23.6,13.0,8.49,1.32,31.6,15.7,10.8,2.45,74.8,82.6,78.6,53.8,0.05,0.14,-0.06,1.37,3.4,0.94,0.0,0.09,1.18,0.28,24.0,1.18,0.28,0.08,0.33,19.1,0.0,0.0,0.0,0.1,-0.02,-0.02,42.9,1.98,9.1,20.9,13.6,2.26,42.9,0.47,43.5,0.42,39.1,21.0,0.09,1.75,0.71,24.7,3.44,1.51,1.79,3.44,1.51,51.6,1.42,1.27,1.04,0.85,4.29,0.9,0.0,2.78,2.78,0.14,0.0,0.14,0.0,0.09,0.0,0.14,0.14,0.14,0.0,0.14,0.0,0.09,0.0,0.0,1.93,1.08,0.09,0.42,0.85,1.79,0.0,0.0,0.0,5.85,1.08,42.6,,,,,,,,,,,,,,,,,,,,,,,,,,,,
Isaiah Parente,us USA,"MF,FW",Columbus Crew,22,2000,7,0,45,0.5,0.0,0.0,0.0,0.0,0.0,0.0,0.0,0.0,2.0,2.0,0.0,2.0,4.0,10.0,2.0,0.0,0.0,0.0,0.0,0.0,1.88,0.08,1.96,1.88,1.96,Matches,2023,0.5,46.0,18.0,20.0,2.0,56.0,18.0,22.0,6.0,82.1,100.0,90.9,33.3,690.0,170.0,46.0,18.0,20.0,2.0,56.0,18.0,22.0,6.0,82.1,100.0,90.9,33.3,46.0,18.0,20.0,2.0,56.0,18.0,22.0,6.0,82.1,100.0,90.9,33.3,46.0,18.0,20.0,2.0,56.0,18.0,22.0,6.0,82.1,100.0,90.9,33.3,0.0,0.0,0.0,2.0,0.0,0.0,0.0,0.0,8.0,2.0,25.0,8.0,2.0,0.0,0.0,9.8,0.0,0.0,0.0,0.26,-2.0,-2.0,82.0,4.0,16.0,34.0,32.0,8.0,82.0,0.0,,0.0,,40.0,0.0,0.0,0.0,42.0,4.0,0.0,4.0,4.0,0.0,0.0,10.0,2.0,2.0,2.0,6.0,2.0,0.0,4.0,3.91,0.0,0.0,0.0,0.0,0.0,0.0,0.0,0.0,0.0,0.0,0.0,0.0,0.0,0.0,0.0,4.0,4.0,0.0,2.0,2.0,4.0,0.0,0.0,0.0,6.0,2.0,25.0,,,,,,,,,,,,,,,,,,,,,,,,,,,,
Tim Parker,us USA,DF,St. Louis,29,1993,29,29,2565,28.5,0.14,0.0,0.14,0.14,0.0,0.0,0.35,0.0,0.05,0.05,0.0,0.05,0.14,2.63,0.11,0.14,0.0,0.14,0.14,0.14,0.05,0.0,0.05,0.05,0.05,Matches,2023,28.5,34.6,9.3,21.1,3.82,41.0,10.4,23.7,6.32,84.3,89.8,89.1,60.6,700.1,286.6,34.6,9.3,21.1,3.82,41.0,10.4,23.7,6.32,84.3,89.8,89.1,60.6,34.6,9.3,21.1,3.82,41.0,10.4,23.7,6.32,84.3,89.8,89.1,60.6,34.6,9.3,21.1,3.82,41.0,10.4,23.7,6.32,84.3,89.8,89.1,60.6,0.0,0.01,0.0,0.07,2.35,0.0,0.0,0.14,0.53,0.14,26.7,0.53,0.14,0.27,1.0,9.0,0.0,0.0,0.0,0.1,0.09,0.09,51.4,7.75,29.6,20.4,1.65,0.77,51.4,0.14,66.7,0.07,33.3,24.0,0.0,0.32,0.14,26.9,1.02,0.46,0.7,1.02,0.46,48.1,0.49,0.91,0.21,1.58,2.6,5.3,0.04,0.63,0.63,0.0,0.0,0.0,0.0,0.07,0.0,0.11,0.11,0.0,0.0,0.0,0.0,0.07,0.0,0.0,1.05,0.35,0.04,0.04,1.58,0.7,0.0,0.0,0.04,5.86,2.42,71.9,,,,,,,,,,,,,,,,,,,,,,,,,,,,
Keaton Parks,us USA,MF,NYCFC,25,1997,32,30,2509,27.9,0.07,0.07,0.14,0.07,0.0,0.0,0.18,0.0,0.12,0.12,0.08,0.19,1.51,6.49,2.22,0.07,0.07,0.14,0.07,0.14,0.12,0.08,0.2,0.12,0.2,Matches,2023,27.9,45.2,21.6,18.6,4.23,51.7,23.9,20.4,5.34,87.4,90.4,91.2,79.2,776.0,237.2,45.2,21.6,18.6,4.23,51.7,23.9,20.4,5.34,87.4,90.4,91.2,79.2,45.2,21.6,18.6,4.23,51.7,23.9,20.4,5.34,87.4,90.4,91.2,79.2,45.2,21.6,18.6,4.23,51.7,23.9,20.4,5.34,87.4,90.4,91.2,79.2,0.07,0.11,-0.01,1.04,5.16,0.86,0.0,0.07,1.54,0.57,37.2,1.54,0.57,0.05,0.13,17.8,0.0,0.0,0.0,0.08,-0.05,-0.05,61.9,2.58,14.1,37.1,11.3,2.08,61.9,1.29,70.6,0.43,23.5,33.6,0.22,1.22,0.72,46.0,1.83,0.86,0.97,1.83,0.86,50.0,0.86,1.18,0.82,0.79,2.62,1.51,0.0,2.33,2.33,0.11,0.0,0.0,0.0,0.0,0.0,0.14,0.14,0.11,0.0,0.0,0.0,0.0,0.0,0.0,1.51,0.82,0.11,0.32,0.79,0.97,0.0,0.0,0.0,5.99,1.29,55.4,,,,,,,,,,,,,,,,,,,,,,,,,,,,
Ilijah Paul,us USA,"FW,MF",Real Salt Lake,20,2002,7,1,112,1.2,0.0,0.0,0.0,0.0,0.0,0.0,0.83,0.0,0.67,0.67,0.5,1.17,0.0,1.67,6.67,0.0,0.0,0.0,0.0,0.0,0.62,0.49,1.11,0.62,1.11,Matches,2023,1.2,23.3,10.8,8.33,0.83,29.2,13.3,9.17,1.67,80.0,81.3,90.9,50.0,320.8,24.2,23.3,10.8,8.33,0.83,29.2,13.3,9.17,1.67,80.0,81.3,90.9,50.0,23.3,10.8,8.33,0.83,29.2,13.3,9.17,1.67,80.0,81.3,90.9,50.0,23.3,10.8,8.33,0.83,29.2,13.3,9.17,1.67,80.0,81.3,90.9,50.0,0.0,0.42,-0.5,1.67,0.83,0.83,0.0,0.0,2.5,0.83,33.3,2.41,0.8,0.0,0.0,16.1,0.0,0.0,0.0,0.26,-0.67,-0.67,45.0,0.83,0.83,18.3,25.8,6.67,45.0,1.67,40.0,2.5,60.0,25.8,0.0,1.67,2.5,32.5,0.83,0.0,0.83,0.83,0.0,0.0,1.67,0.0,0.0,0.0,0.83,0.83,0.0,3.33,3.21,0.0,0.0,0.0,0.0,0.83,0.0,0.83,0.8,0.0,0.0,0.0,0.0,0.83,0.0,0.0,0.83,0.83,0.83,0.0,0.0,0.83,0.0,0.0,0.0,5.0,4.17,41.7,,,,,,,,,,,,,,,,,,,,,,,,,,,,
João Paulo Mior,br BRA,MF,Seattle Sounders,31,1991,31,30,2459,27.3,0.0,0.11,0.11,0.0,0.0,0.0,0.29,0.04,0.04,0.04,0.1,0.14,1.39,8.86,1.06,0.0,0.11,0.11,0.0,0.11,0.04,0.1,0.14,0.04,0.14,Matches,2023,27.3,65.9,28.2,28.6,7.4,77.1,30.3,32.0,11.7,85.4,93.1,89.4,63.1,1195.6,362.1,65.9,28.2,28.6,7.4,77.1,30.3,32.0,11.7,85.4,93.1,89.4,63.1,65.9,28.2,28.6,7.4,77.1,30.3,32.0,11.7,85.4,93.1,89.4,63.1,65.9,28.2,28.6,7.4,77.1,30.3,32.0,11.7,85.4,93.1,89.4,63.1,0.11,0.13,0.01,1.1,9.05,1.1,0.33,0.0,0.73,0.04,5.0,0.73,0.04,0.0,0.0,24.2,0.0,0.0,0.0,0.05,-0.04,-0.04,87.3,2.89,17.5,54.8,16.2,0.7,87.3,1.03,57.1,0.59,32.7,49.8,0.22,0.99,0.51,63.3,2.56,1.79,1.43,2.56,1.79,47.6,1.98,1.1,0.84,1.76,4.32,1.72,0.0,2.75,2.75,0.15,0.0,0.04,0.0,0.07,0.0,0.15,0.15,0.15,0.0,0.04,0.0,0.07,0.0,0.04,1.72,2.09,0.0,3.08,1.76,1.43,0.0,0.0,0.0,8.64,0.55,41.7,,,,,,,,,,,,,,,,,,,,,,,,,,,,
Adam Pearlman,ca CAN,DF,Toronto FC,17,2005,1,0,7,0.1,0.0,0.0,0.0,0.0,0.0,0.0,0.0,0.0,0.0,0.0,0.0,0.0,0.0,0.0,0.0,0.0,0.0,0.0,0.0,0.0,0.0,0.0,0.0,0.0,0.0,Matches,2023,0.1,70.0,20.0,30.0,10.0,110.0,30.0,50.0,20.0,63.6,66.7,60.0,50.0,1260.0,380.0,70.0,20.0,30.0,10.0,110.0,30.0,50.0,20.0,63.6,66.7,60.0,50.0,70.0,20.0,30.0,10.0,110.0,30.0,50.0,20.0,63.6,66.7,60.0,50.0,70.0,20.0,30.0,10.0,110.0,30.0,50.0,20.0,63.6,66.7,60.0,50.0,0.0,1.0,0.0,0.0,10.0,10.0,10.0,0.0,0.0,0.0,,0.0,0.0,,,,0.0,0.0,0.0,,0.0,0.0,140.0,10.0,50.0,70.0,20.0,10.0,140.0,0.0,,0.0,,50.0,0.0,10.0,0.0,70.0,10.0,0.0,0.0,10.0,0.0,,0.0,10.0,10.0,0.0,10.0,0.0,10.0,0.0,0.0,0.0,0.0,0.0,0.0,0.0,0.0,0.0,0.0,0.0,0.0,0.0,0.0,0.0,0.0,0.0,0.0,0.0,0.0,10.0,0.0,0.0,0.0,0.0,0.0,10.0,10.0,100.0,,,,,,,,,,,,,,,,,,,,,,,,,,,,
Matías Pellegrini,ar ARG,"FW,MF",NYCFC,22,2000,24,14,1149,12.8,0.08,0.08,0.16,0.08,0.0,0.0,0.63,0.0,0.09,0.09,0.23,0.33,2.03,3.2,7.27,0.08,0.08,0.16,0.08,0.16,0.09,0.23,0.32,0.09,0.32,Matches,2023,12.8,26.5,14.1,8.98,2.27,34.9,16.1,12.1,3.28,75.8,87.4,74.2,69.0,415.6,93.7,26.5,14.1,8.98,2.27,34.9,16.1,12.1,3.28,75.8,87.4,74.2,69.0,26.5,14.1,8.98,2.27,34.9,16.1,12.1,3.28,75.8,87.4,74.2,69.0,26.5,14.1,8.98,2.27,34.9,16.1,12.1,3.28,75.8,87.4,74.2,69.0,0.08,0.26,-0.16,1.41,2.27,1.17,0.23,0.08,1.33,0.23,17.6,1.33,0.23,0.06,0.33,20.5,0.08,0.0,0.0,0.07,-0.02,-0.02,47.5,0.55,4.77,23.7,19.8,2.58,47.5,1.72,46.8,1.48,40.4,23.4,0.47,2.89,1.25,31.9,1.88,0.86,1.17,1.88,0.86,29.7,2.03,1.8,1.72,0.55,2.42,0.78,0.08,2.42,2.42,0.0,0.0,0.16,0.0,0.0,0.0,0.08,0.08,0.0,0.0,0.16,0.0,0.0,0.0,0.0,1.72,1.64,0.31,2.97,0.55,1.17,0.0,0.0,0.0,4.53,1.02,43.3,,,,,,,,,,,,,,,,,,,,,,,,,,,,
Andrés Perea,us USA,MF,Philadelphia Union,22,2000,8,1,151,1.7,0.59,0.0,0.59,0.59,0.0,0.0,0.0,0.0,0.41,0.41,0.0,0.41,0.59,4.12,5.88,0.6,0.0,0.6,0.6,0.6,0.39,0.02,0.41,0.39,0.41,Matches,2023,1.7,28.2,14.1,11.8,2.35,37.1,18.8,13.5,3.53,76.2,75.0,87.0,66.7,474.1,131.2,28.2,14.1,11.8,2.35,37.1,18.8,13.5,3.53,76.2,75.0,87.0,66.7,28.2,14.1,11.8,2.35,37.1,18.8,13.5,3.53,76.2,75.0,87.0,66.7,28.2,14.1,11.8,2.35,37.1,18.8,13.5,3.53,76.2,75.0,87.0,66.7,0.0,0.06,0.0,0.59,1.76,0.59,0.0,0.59,5.29,1.18,22.2,5.36,1.19,0.11,0.5,15.0,0.0,0.0,0.0,0.08,0.18,0.18,55.3,6.47,12.9,22.9,20.0,5.29,55.3,1.18,66.7,0.59,33.3,28.2,0.0,2.35,0.0,35.3,1.76,0.59,1.18,1.76,0.59,25.0,1.76,1.76,1.18,1.18,2.94,4.12,0.0,4.71,4.77,0.0,0.0,1.76,0.0,0.0,0.0,0.59,0.6,0.0,0.0,1.76,0.0,0.0,0.0,0.0,0.59,2.35,0.0,0.0,1.18,1.18,0.0,0.0,0.0,5.29,2.35,44.4,,,,,,,,,,,,,,,,,,,,,,,,,,,,
Andrés Perea,us USA,MF,NYCFC,22,2000,10,8,773,8.6,0.12,0.0,0.12,0.12,0.0,0.0,0.58,0.0,0.19,0.19,0.1,0.29,1.51,4.3,2.56,0.12,0.0,0.12,0.12,0.12,0.18,0.11,0.29,0.18,0.29,Matches,2023,8.6,37.4,20.1,14.0,1.74,45.2,22.1,16.0,3.72,82.8,91.1,87.0,46.9,552.4,147.6,37.4,20.1,14.0,1.74,45.2,22.1,16.0,3.72,82.8,91.1,87.0,46.9,37.4,20.1,14.0,1.74,45.2,22.1,16.0,3.72,82.8,91.1,87.0,46.9,37.4,20.1,14.0,1.74,45.2,22.1,16.0,3.72,82.8,91.1,87.0,46.9,0.0,0.1,-0.1,0.35,3.14,0.47,0.0,0.12,2.21,0.58,26.3,2.21,0.58,0.05,0.2,14.3,0.0,0.0,0.0,0.08,-0.07,-0.07,55.1,2.21,10.2,33.1,12.1,2.79,55.1,0.7,66.7,0.35,33.3,29.9,0.47,1.16,1.16,39.8,1.63,0.81,1.4,1.63,0.81,41.2,1.16,1.05,0.81,0.93,2.56,0.81,0.0,1.86,1.86,0.23,0.0,0.12,0.0,0.0,0.0,0.0,0.0,0.23,0.0,0.12,0.0,0.0,0.0,0.0,1.74,1.51,0.0,0.58,0.93,1.4,0.0,0.0,0.0,5.35,1.28,57.9,,,,,,,,,,,,,,,,,,,,,,,,,,,,
Daniel Pereira,ve VEN,MF,Austin,22,2000,32,29,2525,28.1,0.0,0.18,0.18,0.0,0.0,0.0,0.32,0.04,0.01,0.01,0.07,0.08,1.81,5.77,1.57,0.0,0.18,0.18,0.0,0.18,0.01,0.07,0.08,0.01,0.08,Matches,2023,28.1,48.3,20.1,21.5,5.84,55.6,21.9,23.2,8.33,86.9,92.0,92.6,70.1,897.3,230.7,48.3,20.1,21.5,5.84,55.6,21.9,23.2,8.33,86.9,92.0,92.6,70.1,48.3,20.1,21.5,5.84,55.6,21.9,23.2,8.33,86.9,92.0,92.6,70.1,48.3,20.1,21.5,5.84,55.6,21.9,23.2,8.33,86.9,92.0,92.6,70.1,0.18,0.07,0.11,0.96,4.48,0.82,0.28,0.0,0.57,0.18,31.3,0.57,0.18,0.0,0.0,28.5,0.0,0.0,0.0,0.02,-0.01,-0.01,64.4,2.92,17.8,36.2,11.9,0.39,64.4,1.89,59.6,0.82,25.8,42.6,0.14,0.93,0.78,47.2,1.39,0.46,0.82,1.39,0.46,17.8,2.14,1.25,0.96,1.14,2.53,0.89,0.07,2.78,2.78,0.14,0.0,0.28,0.0,0.0,0.0,0.39,0.39,0.14,0.0,0.28,0.0,0.0,0.0,0.04,1.64,2.28,0.0,1.0,1.14,0.82,0.0,0.0,0.0,6.94,0.21,40.0,,,,,,,,,,,,,,,,,,,,,,,,,,,,
Gabriel Pereira,br BRA,"FW,MF",NYCFC,21,2001,22,18,1539,17.1,0.35,0.18,0.53,0.35,0.0,0.0,0.12,0.0,0.26,0.26,0.22,0.48,2.46,3.98,9.01,0.35,0.18,0.53,0.35,0.53,0.26,0.22,0.48,0.26,0.48,Matches,2023,17.1,19.5,9.24,7.13,2.46,28.1,10.9,9.18,5.79,69.2,84.5,77.7,42.4,347.7,118.8,19.5,9.24,7.13,2.46,28.1,10.9,9.18,5.79,69.2,84.5,77.7,42.4,19.5,9.24,7.13,2.46,28.1,10.9,9.18,5.79,69.2,84.5,77.7,42.4,19.5,9.24,7.13,2.46,28.1,10.9,9.18,5.79,69.2,84.5,77.7,42.4,0.18,0.22,-0.05,1.81,1.52,1.58,0.23,0.35,2.87,1.29,44.9,2.87,1.29,0.12,0.27,18.2,0.12,0.0,0.0,0.09,0.09,0.09,39.6,0.53,3.86,14.1,22.3,4.21,39.6,2.46,50.6,1.99,41.0,24.3,1.17,2.16,0.94,27.9,0.82,0.23,0.64,0.82,0.23,28.6,0.58,0.7,0.7,0.53,1.35,0.41,0.0,4.21,4.21,0.58,0.0,0.41,0.0,0.0,0.0,0.23,0.23,0.58,0.0,0.41,0.0,0.0,0.0,0.0,0.53,1.75,0.35,3.98,0.53,0.64,0.0,0.0,0.0,3.98,0.53,32.1,,,,,,,,,,,,,,,,,,,,,,,,,,,,
Mauricio Pereyra,uy URU,MF,Orlando City,32,1990,31,27,2112,23.5,0.0,0.17,0.17,0.0,0.0,0.0,0.13,0.0,0.1,0.1,0.16,0.26,1.96,9.32,4.51,0.0,0.17,0.17,0.0,0.17,0.1,0.16,0.26,0.1,0.26,Matches,2023,23.5,42.0,20.6,14.6,5.57,54.3,24.1,17.5,9.7,77.2,85.4,83.7,57.5,738.6,246.4,42.0,20.6,14.6,5.57,54.3,24.1,17.5,9.7,77.2,85.4,83.7,57.5,42.0,20.6,14.6,5.57,54.3,24.1,17.5,9.7,77.2,85.4,83.7,57.5,42.0,20.6,14.6,5.57,54.3,24.1,17.5,9.7,77.2,85.4,83.7,57.5,0.17,0.24,0.01,1.91,7.23,1.87,0.09,0.0,0.68,0.17,25.0,0.68,0.17,0.0,0.0,16.0,0.09,0.0,0.0,0.15,-0.1,-0.1,61.7,0.64,6.34,34.5,21.6,1.83,61.7,1.06,56.8,0.55,29.5,35.2,0.21,1.32,1.45,46.4,1.7,0.98,1.19,1.7,0.98,44.2,1.23,0.47,0.38,0.47,2.17,0.34,0.04,4.34,4.35,0.13,0.04,0.13,0.0,0.09,0.0,0.55,0.55,0.13,0.04,0.13,0.0,0.09,0.0,0.0,1.28,1.74,0.04,2.89,0.47,1.19,0.0,0.0,0.0,4.34,0.3,24.1,,,,,,,,,,,,,,,,,,,,,,,,,,,,
Jonathan Perez,mx MEX,"DF,MF",LA Galaxy,20,2003,6,0,113,1.3,0.0,0.77,0.77,0.0,0.0,0.0,0.77,0.0,0.15,0.15,0.54,0.69,9.23,1.54,13.8,0.0,0.8,0.8,0.0,0.8,0.13,0.59,0.72,0.13,0.72,Matches,2023,1.3,60.0,33.1,18.5,6.92,70.8,33.8,23.8,10.8,84.8,97.7,77.4,64.3,991.5,123.8,60.0,33.1,18.5,6.92,70.8,33.8,23.8,10.8,84.8,97.7,77.4,64.3,60.0,33.1,18.5,6.92,70.8,33.8,23.8,10.8,84.8,97.7,77.4,64.3,60.0,33.1,18.5,6.92,70.8,33.8,23.8,10.8,84.8,97.7,77.4,64.3,0.77,0.46,0.23,6.15,2.31,2.31,2.31,0.0,3.85,0.77,20.0,3.98,0.8,0.0,0.0,21.2,0.0,0.0,0.0,0.03,-0.15,-0.15,83.1,2.31,6.92,25.4,50.8,5.38,83.1,3.08,66.7,0.77,16.7,61.5,1.54,2.31,0.0,66.9,2.31,0.0,0.77,2.31,0.0,0.0,0.77,0.77,0.77,1.54,3.85,0.77,0.0,10.0,10.35,0.77,0.0,0.77,0.0,0.0,0.0,1.54,1.59,0.77,0.0,0.77,0.0,0.0,0.0,0.0,1.54,3.08,0.0,9.23,1.54,0.77,0.0,0.0,0.0,3.85,0.0,,,,,,,,,,,,,,,,,,,,,,,,,,,,,
Miguel Perez,us USA,MF,St. Louis,17,2005,15,7,610,6.8,0.15,0.0,0.15,0.15,0.0,0.0,0.29,0.0,0.18,0.18,0.07,0.25,0.59,4.26,1.76,0.15,0.0,0.15,0.15,0.15,0.18,0.08,0.26,0.18,0.26,Matches,2023,6.8,26.6,12.8,11.6,1.76,37.4,18.4,13.4,2.94,71.3,69.6,86.8,60.0,440.0,148.2,26.6,12.8,11.6,1.76,37.4,18.4,13.4,2.94,71.3,69.6,86.8,60.0,26.6,12.8,11.6,1.76,37.4,18.4,13.4,2.94,71.3,69.6,86.8,60.0,26.6,12.8,11.6,1.76,37.4,18.4,13.4,2.94,71.3,69.6,86.8,60.0,0.0,0.04,-0.07,1.32,4.12,0.44,0.0,0.15,1.47,0.29,20.0,1.48,0.3,0.1,0.5,18.0,0.0,0.0,0.0,0.12,-0.03,-0.03,53.1,2.06,11.9,31.5,9.85,1.62,53.1,0.29,28.6,0.44,42.9,23.4,0.0,2.79,0.74,26.2,3.38,1.91,1.76,3.38,1.91,46.4,2.21,1.76,1.62,1.47,4.85,1.32,0.0,2.5,2.51,0.0,0.0,0.0,0.0,0.0,0.0,0.0,0.0,0.0,0.0,0.0,0.0,0.0,0.0,0.0,2.06,0.88,0.0,0.29,1.47,1.76,0.0,0.0,0.0,7.35,1.91,48.1,,,,,,,,,,,,,,,,,,,,,,,,,,,,
Jordan Perruzza,ca CAN,"FW,MF",Toronto FC,22,2001,5,1,125,1.4,0.0,0.0,0.0,0.0,0.0,0.0,0.0,0.0,0.29,0.29,0.0,0.36,1.43,1.43,8.57,0.0,0.0,0.0,0.0,0.0,0.31,0.03,0.34,0.31,0.34,Matches,2023,1.4,14.3,10.0,2.86,0.0,20.0,13.6,5.0,0.0,71.4,73.7,57.1,,175.7,24.3,14.3,10.0,2.86,0.0,20.0,13.6,5.0,0.0,71.4,73.7,57.1,,14.3,10.0,2.86,0.0,20.0,13.6,5.0,0.0,71.4,73.7,57.1,,14.3,10.0,2.86,0.0,20.0,13.6,5.0,0.0,71.4,73.7,57.1,,0.0,0.07,0.0,0.71,0.71,0.71,0.0,0.0,2.86,0.0,0.0,2.88,0.0,0.0,,16.4,0.0,0.0,0.0,0.11,-0.29,-0.29,32.9,0.0,0.71,8.57,23.6,9.29,32.9,1.43,50.0,1.43,50.0,18.6,1.43,5.0,2.14,23.6,0.71,0.0,0.0,0.71,0.0,0.0,0.71,0.0,0.0,0.0,0.71,0.0,0.0,2.14,2.16,0.71,0.0,0.0,0.0,0.0,0.0,0.0,0.0,0.71,0.0,0.0,0.0,0.0,0.0,0.0,1.43,0.0,0.71,0.0,0.0,0.0,0.0,0.0,0.0,2.86,0.71,50.0,,,,,,,,,,,,,,,,,,,,,,,,,,,,
Luca Petrasso,ca CAN,"DF,FW",Orlando City,22,2000,12,4,435,4.8,0.0,0.0,0.0,0.0,0.0,0.0,0.0,0.0,0.04,0.04,0.06,0.1,1.67,3.96,7.71,0.0,0.0,0.0,0.0,0.0,0.04,0.06,0.1,0.04,0.1,Matches,2023,4.8,40.6,24.4,13.8,1.88,52.7,27.9,17.3,4.58,77.1,87.3,79.5,40.9,615.8,252.3,40.6,24.4,13.8,1.88,52.7,27.9,17.3,4.58,77.1,87.3,79.5,40.9,40.6,24.4,13.8,1.88,52.7,27.9,17.3,4.58,77.1,87.3,79.5,40.9,40.6,24.4,13.8,1.88,52.7,27.9,17.3,4.58,77.1,87.3,79.5,40.9,0.0,0.04,-0.06,0.83,3.13,0.63,0.0,0.0,0.42,0.0,0.0,0.41,0.0,0.0,,12.4,0.0,0.0,0.0,0.09,-0.04,-0.04,61.9,2.92,19.8,24.6,17.7,2.08,61.9,0.21,10.0,1.67,80.0,31.5,0.21,1.46,0.42,40.2,1.67,0.83,1.04,1.67,0.83,66.7,0.42,0.83,0.63,0.63,2.29,1.25,0.0,1.46,1.45,0.0,0.0,0.0,0.0,0.0,0.0,0.0,0.0,0.0,0.0,0.0,0.0,0.0,0.0,0.0,0.83,0.21,0.0,1.67,0.63,1.04,0.0,0.0,0.0,3.75,0.63,30.0,,,,,,,,,,,,,,,,,,,,,,,,,,,,
Raoul Petretta,it ITA,DF,Toronto FC,25,1997,24,22,1742,19.4,0.0,0.05,0.05,0.0,0.0,0.0,0.26,0.05,0.02,0.02,0.06,0.08,1.03,3.76,3.14,0.0,0.05,0.05,0.0,0.05,0.02,0.06,0.08,0.02,0.08,Matches,2023,19.4,53.9,31.1,18.2,3.45,63.7,33.9,20.8,6.19,84.6,91.9,87.4,55.8,823.8,338.0,53.9,31.1,18.2,3.45,63.7,33.9,20.8,6.19,84.6,91.9,87.4,55.8,53.9,31.1,18.2,3.45,63.7,33.9,20.8,6.19,84.6,91.9,87.4,55.8,53.9,31.1,18.2,3.45,63.7,33.9,20.8,6.19,84.6,91.9,87.4,55.8,0.05,0.05,-0.01,0.46,3.76,0.72,0.15,0.0,0.31,0.1,33.3,0.31,0.1,0.0,0.0,16.6,0.0,0.0,0.0,0.06,-0.02,-0.02,73.9,2.99,27.5,33.5,13.5,0.82,73.9,0.52,41.7,0.72,58.3,39.7,0.21,0.98,0.62,49.2,2.94,2.01,1.91,2.94,2.01,78.0,0.57,1.03,0.77,1.29,4.23,2.37,0.0,1.13,1.14,0.0,0.0,0.0,0.0,0.0,0.0,0.1,0.1,0.0,0.0,0.0,0.0,0.0,0.0,0.0,1.08,1.08,0.0,1.49,1.29,1.91,0.0,0.05,0.0,4.38,0.98,47.5,,,,,,,,,,,,,,,,,,,,,,,,,,,,
Đorđe Petrović,rs SRB,GK,NE Revolution,23,1999,22,22,1980,22.0,0.0,0.05,0.05,0.0,0.0,0.0,0.0,0.0,0.0,0.0,0.0,0.0,0.0,0.05,0.0,0.0,0.05,0.05,0.0,0.05,0.0,0.0,0.0,0.0,0.0,Matches,2023,22.0,21.5,2.91,11.4,7.14,32.1,2.91,11.5,17.4,67.1,100.0,98.8,41.1,605.3,427.5,21.5,2.91,11.4,7.14,32.1,2.91,11.5,17.4,67.1,100.0,98.8,41.1,21.5,2.91,11.4,7.14,32.1,2.91,11.5,17.4,67.1,100.0,98.8,41.1,21.5,2.91,11.4,7.14,32.1,2.91,11.5,17.4,67.1,100.0,98.8,41.1,0.05,0.0,0.04,0.05,0.55,0.0,0.0,0.0,0.0,0.0,,0.0,0.0,,,,0.0,0.0,0.0,,0.0,0.0,34.9,30.0,34.8,0.05,0.0,0.0,34.9,0.0,,0.0,,17.8,0.0,0.05,0.0,12.7,0.0,0.0,0.0,0.0,0.0,0.0,0.05,0.0,0.0,0.05,0.05,0.32,0.05,0.18,0.18,0.0,0.0,0.0,0.0,0.0,0.0,0.09,0.09,0.0,0.0,0.0,0.0,0.0,0.0,0.0,0.0,0.09,0.0,0.0,0.05,0.0,0.0,0.0,0.0,0.95,0.14,75.0,1.23,0.14,0.09,0.05,1.45,0.23,0.27,0.27,23.2,5.32,36.4,56.3,35.4,45.5,12.8,36.4,56.3,35.4,45.5,12.8,14.5,1.0,6.9,0.64,0.64,35.4,45.5,12.8
Fafà Picault,ht HAI,"FW,MF",Nashville SC,31,1991,27,19,1618,18.0,0.28,0.06,0.33,0.28,0.0,0.0,0.28,0.06,0.22,0.22,0.1,0.32,2.33,1.39,7.28,0.28,0.06,0.33,0.28,0.33,0.22,0.1,0.32,0.22,0.32,Matches,2023,18.0,16.5,9.83,5.22,0.67,24.8,12.2,7.83,1.94,66.4,80.8,66.7,34.3,227.8,42.0,16.5,9.83,5.22,0.67,24.8,12.2,7.83,1.94,66.4,80.8,66.7,34.3,16.5,9.83,5.22,0.67,24.8,12.2,7.83,1.94,66.4,80.8,66.7,34.3,16.5,9.83,5.22,0.67,24.8,12.2,7.83,1.94,66.4,80.8,66.7,34.3,0.06,0.06,-0.04,0.89,0.78,0.5,0.22,0.28,1.89,0.89,47.1,1.89,0.89,0.15,0.31,14.1,0.0,0.0,0.0,0.12,0.06,0.06,37.5,0.5,5.39,15.8,17.1,3.83,37.5,1.94,48.6,1.33,33.3,21.8,0.89,2.39,0.78,25.2,1.17,0.22,0.89,1.17,0.22,26.7,0.61,1.33,1.11,0.83,2.0,0.72,0.0,2.0,2.0,0.28,0.0,0.28,0.11,0.06,0.0,0.22,0.22,0.28,0.0,0.28,0.11,0.06,0.0,0.06,1.06,2.0,0.61,1.72,0.83,0.89,0.0,0.0,0.0,5.22,1.94,40.7,,,,,,,,,,,,,,,,,,,,,,,,,,,,
Selmir Pidro,ba BIH,DF,St. Louis,24,1998,2,0,43,0.5,0.0,0.0,0.0,0.0,0.0,0.0,0.0,0.0,0.0,0.0,0.4,0.4,0.0,4.0,0.0,0.0,0.0,0.0,0.0,0.0,0.0,0.44,0.44,0.0,0.44,Matches,2023,0.5,32.0,16.0,14.0,0.0,38.0,18.0,16.0,0.0,84.2,88.9,87.5,,430.0,324.0,32.0,16.0,14.0,0.0,38.0,18.0,16.0,0.0,84.2,88.9,87.5,,32.0,16.0,14.0,0.0,38.0,18.0,16.0,0.0,84.2,88.9,87.5,,32.0,16.0,14.0,0.0,38.0,18.0,16.0,0.0,84.2,88.9,87.5,,0.0,0.4,-0.4,2.0,2.0,0.0,0.0,0.0,0.0,0.0,,0.0,0.0,,,,0.0,0.0,0.0,,0.0,0.0,52.0,4.0,26.0,22.0,4.0,0.0,52.0,0.0,,0.0,,18.0,0.0,4.0,0.0,20.0,6.0,2.0,2.0,6.0,2.0,50.0,2.0,2.0,0.0,0.0,6.0,2.0,0.0,4.0,4.19,0.0,0.0,0.0,0.0,0.0,0.0,0.0,0.0,0.0,0.0,0.0,0.0,0.0,0.0,0.0,4.0,0.0,0.0,0.0,0.0,2.0,0.0,0.0,0.0,12.0,2.0,100.0,,,,,,,,,,,,,,,,,,,,,,,,,,,,
Kayden Pierre,us USA,DF,Sporting KC,19,2003,1,0,5,0.1,0.0,0.0,0.0,0.0,0.0,0.0,0.0,0.0,0.0,0.0,0.0,0.0,10.0,20.0,20.0,0.0,0.0,0.0,0.0,0.0,0.0,0.0,0.0,0.0,0.0,Matches,2023,0.1,60.0,30.0,30.0,0.0,60.0,30.0,30.0,0.0,100.0,100.0,100.0,,840.0,110.0,60.0,30.0,30.0,0.0,60.0,30.0,30.0,0.0,100.0,100.0,100.0,,60.0,30.0,30.0,0.0,60.0,30.0,30.0,0.0,100.0,100.0,100.0,,60.0,30.0,30.0,0.0,60.0,30.0,30.0,0.0,100.0,100.0,100.0,,0.0,0.0,0.0,0.0,10.0,0.0,0.0,0.0,0.0,0.0,,0.0,0.0,,,,0.0,0.0,0.0,,0.0,0.0,80.0,10.0,10.0,30.0,40.0,0.0,80.0,0.0,0.0,0.0,0.0,40.0,0.0,0.0,0.0,50.0,0.0,0.0,0.0,0.0,0.0,,0.0,0.0,0.0,0.0,0.0,0.0,0.0,0.0,0.0,0.0,0.0,0.0,0.0,0.0,0.0,0.0,0.0,0.0,0.0,0.0,0.0,0.0,0.0,0.0,0.0,20.0,0.0,0.0,0.0,0.0,0.0,0.0,0.0,0.0,0.0,,,,,,,,,,,,,,,,,,,,,,,,,,,,,
Samuel Piette,ca CAN,MF,CF Montréal,28,1994,16,14,1093,12.1,0.0,0.0,0.0,0.0,0.0,0.0,0.25,0.0,0.01,0.01,0.03,0.03,0.17,4.13,0.58,0.0,0.0,0.0,0.0,0.0,0.01,0.03,0.04,0.01,0.04,Matches,2023,12.1,42.3,17.4,18.8,5.45,48.3,19.8,20.3,6.78,87.5,88.3,92.3,80.5,774.0,244.0,42.3,17.4,18.8,5.45,48.3,19.8,20.3,6.78,87.5,88.3,92.3,80.5,42.3,17.4,18.8,5.45,48.3,19.8,20.3,6.78,87.5,88.3,92.3,80.5,42.3,17.4,18.8,5.45,48.3,19.8,20.3,6.78,87.5,88.3,92.3,80.5,0.0,0.04,-0.03,0.58,3.97,0.08,0.0,0.0,0.17,0.0,0.0,0.16,0.0,0.0,,19.5,0.0,0.0,0.0,0.03,-0.01,-0.01,56.5,3.22,18.2,33.2,5.62,0.5,56.5,0.5,75.0,0.08,12.5,27.9,0.0,0.74,0.25,34.4,2.23,1.16,1.49,2.23,1.16,46.7,1.32,0.99,0.66,0.91,3.14,1.32,0.0,1.4,1.4,0.0,0.0,0.08,0.0,0.0,0.0,0.0,0.0,0.0,0.0,0.08,0.0,0.0,0.0,0.0,1.16,0.91,0.0,0.08,0.91,1.49,0.0,0.0,0.0,8.1,0.58,30.4,,,,,,,,,,,,,,,,,,,,,,,,,,,,
Mauricio Pineda,us USA,"DF,MF",Chicago Fire,25,1997,24,16,1570,17.4,0.06,0.0,0.06,0.06,0.0,0.0,0.4,0.0,0.02,0.02,0.03,0.05,0.57,2.76,0.57,0.06,0.0,0.06,0.06,0.06,0.02,0.03,0.05,0.02,0.05,Matches,2023,17.4,39.3,12.8,20.7,5.34,46.3,14.1,22.6,8.16,84.7,90.6,91.6,65.5,794.1,281.1,39.3,12.8,20.7,5.34,46.3,14.1,22.6,8.16,84.7,90.6,91.6,65.5,39.3,12.8,20.7,5.34,46.3,14.1,22.6,8.16,84.7,90.6,91.6,65.5,39.3,12.8,20.7,5.34,46.3,14.1,22.6,8.16,84.7,90.6,91.6,65.5,0.0,0.01,-0.03,0.23,2.3,0.06,0.0,0.06,0.52,0.11,22.2,0.52,0.11,0.11,0.5,17.2,0.0,0.0,0.0,0.05,0.03,0.03,57.6,6.26,29.5,25.1,3.22,0.86,57.6,0.34,37.5,0.4,43.8,32.5,0.06,0.52,1.03,34.7,2.07,1.21,1.09,2.07,1.21,63.6,0.69,1.78,1.21,1.55,3.62,3.22,0.0,0.57,0.57,0.0,0.0,0.06,0.0,0.06,0.0,0.0,0.0,0.0,0.0,0.06,0.0,0.06,0.0,0.0,0.75,0.92,0.0,0.11,1.55,1.09,0.0,0.0,0.0,6.61,1.21,45.7,,,,,,,,,,,,,,,,,,,,,,,,,,,,
Donovan Pines,us USA,DF,D.C. United,24,1998,22,21,1846,20.5,0.15,0.0,0.15,0.15,0.0,0.0,0.24,0.0,0.07,0.07,0.04,0.11,0.24,2.05,0.1,0.15,0.0,0.15,0.15,0.15,0.07,0.04,0.11,0.07,0.11,Matches,2023,20.5,36.0,14.5,18.7,2.34,41.0,16.1,20.4,3.66,87.6,90.3,91.6,64.0,630.6,197.7,36.0,14.5,18.7,2.34,41.0,16.1,20.4,3.66,87.6,90.3,91.6,64.0,36.0,14.5,18.7,2.34,41.0,16.1,20.4,3.66,87.6,90.3,91.6,64.0,36.0,14.5,18.7,2.34,41.0,16.1,20.4,3.66,87.6,90.3,91.6,64.0,0.0,0.02,-0.04,0.34,1.51,0.1,0.0,0.15,0.59,0.24,41.7,0.59,0.24,0.25,0.6,7.9,0.0,0.0,0.0,0.15,0.08,0.08,52.0,6.05,29.1,21.6,1.85,1.07,52.0,0.24,71.4,0.05,14.3,24.9,0.0,0.39,0.44,30.0,1.76,0.98,1.32,1.76,0.98,74.1,0.34,1.07,0.34,2.2,3.95,4.29,0.05,0.93,0.93,0.05,0.0,0.1,0.0,0.1,0.0,0.1,0.1,0.05,0.0,0.1,0.0,0.1,0.0,0.0,0.88,0.88,0.05,0.05,2.2,1.32,0.0,0.0,0.0,5.46,2.24,68.7,,,,,,,,,,,,,,,,,,,,,,,,,,,,
Malik Pinto,us USA,MF,FC Cincinnati,20,2002,22,2,396,4.4,0.0,0.0,0.0,0.0,0.0,0.0,0.68,0.0,0.02,0.02,0.0,0.02,0.68,5.23,1.59,0.0,0.0,0.0,0.0,0.0,0.01,0.01,0.02,0.01,0.02,Matches,2023,4.4,34.5,18.2,13.4,2.05,39.8,20.2,16.1,2.5,86.9,89.9,83.1,81.8,525.0,169.3,34.5,18.2,13.4,2.05,39.8,20.2,16.1,2.5,86.9,89.9,83.1,81.8,34.5,18.2,13.4,2.05,39.8,20.2,16.1,2.5,86.9,89.9,83.1,81.8,34.5,18.2,13.4,2.05,39.8,20.2,16.1,2.5,86.9,89.9,83.1,81.8,0.0,0.07,0.0,0.23,3.86,0.68,0.0,0.0,0.23,0.0,0.0,0.23,0.0,0.0,,21.8,0.0,0.0,0.0,0.05,-0.02,-0.02,49.8,1.59,11.6,29.8,8.41,0.45,49.8,0.23,25.0,0.45,50.0,22.3,0.0,1.14,0.91,33.6,2.5,1.36,0.91,2.5,1.36,35.3,2.5,2.27,1.36,0.23,2.73,1.36,0.0,1.36,1.37,0.0,0.0,0.23,0.0,0.0,0.0,0.0,0.0,0.0,0.0,0.23,0.0,0.0,0.0,0.0,2.5,1.36,0.0,0.0,0.23,0.91,0.0,0.0,0.0,4.77,1.14,41.7,,,,,,,,,,,,,,,,,,,,,,,,,,,,
Gabriel Pirani,br BRA,MF,D.C. United,20,2002,10,10,831,9.2,0.11,0.0,0.11,0.11,0.0,0.0,0.0,0.0,0.17,0.17,0.05,0.23,2.61,4.78,6.41,0.11,0.0,0.11,0.11,0.11,0.17,0.05,0.22,0.17,0.22,Matches,2023,9.2,22.0,12.3,8.04,1.09,27.1,13.7,9.46,1.52,81.1,89.7,85.1,71.4,326.8,95.3,22.0,12.3,8.04,1.09,27.1,13.7,9.46,1.52,81.1,89.7,85.1,71.4,22.0,12.3,8.04,1.09,27.1,13.7,9.46,1.52,81.1,89.7,85.1,71.4,22.0,12.3,8.04,1.09,27.1,13.7,9.46,1.52,81.1,89.7,85.1,71.4,0.0,0.08,-0.05,0.98,2.61,0.87,0.11,0.11,2.07,0.87,42.1,2.06,0.87,0.05,0.13,18.9,0.0,0.0,0.0,0.08,-0.07,-0.07,39.9,0.22,4.13,17.5,19.2,5.33,39.9,1.96,35.3,3.26,58.8,27.2,1.85,2.72,1.85,31.0,1.3,0.22,0.87,1.3,0.22,28.6,0.54,0.76,0.76,0.22,1.52,0.11,0.0,2.5,2.49,0.11,0.0,0.11,0.0,0.0,0.0,0.0,0.0,0.11,0.0,0.11,0.0,0.0,0.0,0.0,0.98,1.74,0.11,0.98,0.22,0.87,0.0,0.0,0.0,4.13,0.22,33.3,,,,,,,,,,,,,,,,,,,,,,,,,,,,
Rodolfo Pizarro,mx MEX,"MF,FW",Inter Miami,28,1994,13,11,924,10.3,0.0,0.1,0.1,0.0,0.0,0.0,0.1,0.0,0.07,0.07,0.19,0.26,3.5,5.53,6.99,0.0,0.1,0.1,0.0,0.1,0.07,0.19,0.27,0.07,0.27,Matches,2023,10.3,37.3,20.5,12.7,2.62,46.0,23.1,15.0,4.27,81.0,88.7,85.1,61.4,588.4,145.3,37.3,20.5,12.7,2.62,46.0,23.1,15.0,4.27,81.0,88.7,85.1,61.4,37.3,20.5,12.7,2.62,46.0,23.1,15.0,4.27,81.0,88.7,85.1,61.4,37.3,20.5,12.7,2.62,46.0,23.1,15.0,4.27,81.0,88.7,85.1,61.4,0.1,0.17,-0.1,2.23,4.27,1.17,0.39,0.0,1.26,0.39,30.8,1.27,0.39,0.0,0.0,18.9,0.1,0.0,0.0,0.06,-0.07,-0.07,57.4,0.49,5.15,27.0,26.0,3.2,57.4,1.84,63.3,0.78,26.7,42.0,1.07,2.82,2.82,44.3,1.84,0.97,0.68,1.84,0.97,58.8,0.68,1.07,0.97,0.39,2.23,0.19,0.0,4.08,4.09,0.19,0.0,0.19,0.0,0.0,0.0,0.0,0.0,0.19,0.0,0.19,0.0,0.0,0.0,0.0,0.78,2.04,0.1,1.84,0.39,0.68,0.0,0.0,0.0,4.95,0.1,8.3,,,,,,,,,,,,,,,,,,,,,,,,,,,,
Matt Polster,us USA,"MF,DF",NE Revolution,29,1993,31,31,2734,30.4,0.07,0.03,0.1,0.07,0.0,0.0,0.3,0.0,0.05,0.05,0.04,0.09,1.15,5.26,1.68,0.07,0.03,0.1,0.07,0.1,0.05,0.04,0.09,0.05,0.09,Matches,2023,30.4,48.4,20.1,22.0,5.13,55.5,22.6,24.3,6.41,87.3,89.2,90.8,80.0,873.4,250.3,48.4,20.1,22.0,5.13,55.5,22.6,24.3,6.41,87.3,89.2,90.8,80.0,48.4,20.1,22.0,5.13,55.5,22.6,24.3,6.41,87.3,89.2,90.8,80.0,48.4,20.1,22.0,5.13,55.5,22.6,24.3,6.41,87.3,89.2,90.8,80.0,0.03,0.06,-0.01,0.56,3.78,0.36,0.0,0.07,0.63,0.16,26.3,0.63,0.16,0.11,0.4,19.1,0.0,0.0,0.0,0.07,0.02,0.02,64.2,3.09,19.0,36.6,9.14,0.82,64.2,0.76,67.6,0.33,29.4,36.3,0.1,1.22,0.82,43.1,1.78,1.02,0.99,1.78,1.02,47.7,1.12,0.76,0.46,1.48,3.26,1.45,0.1,1.51,1.51,0.0,0.0,0.03,0.03,0.07,0.0,0.23,0.23,0.0,0.0,0.03,0.03,0.07,0.0,0.0,1.61,0.63,0.07,0.23,1.48,0.99,0.03,0.0,0.0,7.57,1.05,64.0,,,,,,,,,,,,,,,,,,,,,,,,,,,,
Célio Pompeu,br BRA,"FW,MF",St. Louis,23,1999,26,9,975,10.8,0.09,0.0,0.09,0.09,0.0,0.0,0.19,0.0,0.18,0.18,0.14,0.31,5.46,2.31,8.15,0.09,0.0,0.09,0.09,0.09,0.18,0.14,0.32,0.18,0.32,Matches,2023,10.8,18.5,11.4,5.37,1.11,28.9,13.9,8.7,3.33,64.1,82.0,61.7,33.3,262.0,91.2,18.5,11.4,5.37,1.11,28.9,13.9,8.7,3.33,64.1,82.0,61.7,33.3,18.5,11.4,5.37,1.11,28.9,13.9,8.7,3.33,64.1,82.0,61.7,33.3,18.5,11.4,5.37,1.11,28.9,13.9,8.7,3.33,64.1,82.0,61.7,33.3,0.0,0.15,-0.14,1.85,1.2,1.3,0.46,0.09,2.04,0.65,31.8,2.03,0.65,0.05,0.14,17.7,0.0,0.0,0.0,0.09,-0.08,-0.08,44.6,1.02,7.22,14.2,24.4,4.72,44.6,3.15,56.7,1.94,35.0,28.0,2.31,2.13,2.13,27.7,3.33,1.67,2.41,3.33,1.67,43.9,2.13,2.59,2.5,0.65,3.98,0.56,0.0,4.91,4.89,1.02,0.0,0.46,0.09,0.0,0.0,0.37,0.37,1.02,0.0,0.46,0.09,0.0,0.0,0.0,2.5,1.3,0.19,3.89,0.65,2.41,0.0,0.0,0.0,5.46,0.56,33.3,,,,,,,,,,,,,,,,,,,,,,,,,,,,
Paxton Pomykal,us USA,MF,FC Dallas,23,1999,24,19,1598,17.8,0.0,0.11,0.11,0.0,0.0,0.0,0.28,0.0,0.02,0.02,0.11,0.13,1.4,4.72,2.87,0.0,0.11,0.11,0.0,0.11,0.02,0.11,0.13,0.02,0.13,Matches,2023,17.8,39.6,20.4,14.7,3.03,46.7,22.4,17.2,4.44,84.6,91.5,85.0,68.4,641.7,168.5,39.6,20.4,14.7,3.03,46.7,22.4,17.2,4.44,84.6,91.5,85.0,68.4,39.6,20.4,14.7,3.03,46.7,22.4,17.2,4.44,84.6,91.5,85.0,68.4,39.6,20.4,14.7,3.03,46.7,22.4,17.2,4.44,84.6,91.5,85.0,68.4,0.11,0.11,0.0,0.84,2.81,1.29,0.28,0.0,0.56,0.17,30.0,0.56,0.17,0.0,0.0,20.8,0.0,0.0,0.0,0.04,-0.02,-0.02,56.1,2.08,13.0,30.1,13.4,1.24,56.1,0.62,36.7,0.67,40.0,32.9,0.06,1.18,0.45,38.9,2.08,1.01,1.52,2.08,1.01,36.7,1.74,1.46,1.07,1.57,3.65,0.84,0.0,2.13,2.14,0.22,0.0,0.22,0.06,0.0,0.0,0.28,0.28,0.22,0.0,0.22,0.06,0.0,0.0,0.0,1.69,2.42,0.0,1.35,1.57,1.52,0.0,0.0,0.0,5.22,0.79,43.8,,,,,,,,,,,,,,,,,,,,,,,,,,,,
Alvas Powell,jm JAM,DF,FC Cincinnati,28,1994,25,10,958,10.6,0.0,0.09,0.09,0.0,0.0,0.0,0.19,0.09,0.05,0.05,0.13,0.18,1.98,2.08,2.45,0.0,0.09,0.09,0.0,0.09,0.04,0.13,0.18,0.04,0.18,Matches,2023,10.6,29.6,9.06,15.7,4.34,39.8,10.3,19.2,8.3,74.4,88.1,81.4,52.3,608.3,238.1,29.6,9.06,15.7,4.34,39.8,10.3,19.2,8.3,74.4,88.1,81.4,52.3,29.6,9.06,15.7,4.34,39.8,10.3,19.2,8.3,74.4,88.1,81.4,52.3,29.6,9.06,15.7,4.34,39.8,10.3,19.2,8.3,74.4,88.1,81.4,52.3,0.09,0.08,-0.04,0.75,1.89,0.57,0.28,0.0,0.57,0.09,16.7,0.56,0.09,0.0,0.0,14.8,0.0,0.0,0.0,0.08,-0.05,-0.05,52.9,4.72,22.4,22.3,8.87,1.13,52.9,1.13,48.0,1.04,44.0,28.4,0.28,1.98,1.23,30.4,2.17,1.6,1.32,2.17,1.6,58.6,1.13,1.13,0.75,1.13,3.3,3.21,0.0,1.51,1.5,0.09,0.0,0.09,0.0,0.0,0.0,0.19,0.19,0.09,0.0,0.09,0.0,0.0,0.0,0.09,1.23,1.79,0.0,1.42,1.13,1.32,0.0,0.0,0.0,6.23,1.42,62.5,,,,,,,,,,,,,,,,,,,,,,,,,,,,
Jack Price,eng ENG,MF,Colorado Rapids,30,1992,2,0,38,0.4,0.0,0.0,0.0,0.0,0.0,0.0,2.5,0.0,0.0,0.0,0.25,0.25,0.0,2.5,0.0,0.0,0.0,0.0,0.0,0.0,0.0,0.31,0.31,0.0,0.31,Matches,2023,0.4,60.0,30.0,20.0,10.0,77.5,35.0,22.5,20.0,77.4,85.7,88.9,50.0,1072.5,280.0,60.0,30.0,20.0,10.0,77.5,35.0,22.5,20.0,77.4,85.7,88.9,50.0,60.0,30.0,20.0,10.0,77.5,35.0,22.5,20.0,77.4,85.7,88.9,50.0,60.0,30.0,20.0,10.0,77.5,35.0,22.5,20.0,77.4,85.7,88.9,50.0,0.0,0.5,-0.25,2.5,5.0,0.0,0.0,0.0,0.0,0.0,,0.0,0.0,,,,0.0,0.0,0.0,,0.0,0.0,87.5,0.0,17.5,52.5,17.5,0.0,87.5,0.0,,0.0,,30.0,0.0,0.0,0.0,52.5,5.0,2.5,2.5,5.0,2.5,100.0,0.0,0.0,0.0,2.5,7.5,0.0,0.0,5.0,4.74,0.0,0.0,0.0,0.0,0.0,0.0,0.0,0.0,0.0,0.0,0.0,0.0,0.0,0.0,0.0,2.5,0.0,0.0,12.5,2.5,2.5,0.0,0.0,0.0,2.5,0.0,,,,,,,,,,,,,,,,,,,,,,,,,,,,,
Ralph Priso-Mbongue,ca CAN,MF,Colorado Rapids,20,2002,26,11,1032,11.5,0.0,0.0,0.0,0.0,0.0,0.0,0.7,0.0,0.02,0.02,0.02,0.04,0.61,3.22,1.22,0.0,0.0,0.0,0.0,0.0,0.02,0.02,0.04,0.02,0.04,Matches,2023,11.5,29.4,15.8,10.9,1.65,35.0,17.8,12.1,2.78,83.9,88.8,89.9,59.4,457.7,114.2,29.4,15.8,10.9,1.65,35.0,17.8,12.1,2.78,83.9,88.8,89.9,59.4,29.4,15.8,10.9,1.65,35.0,17.8,12.1,2.78,83.9,88.8,89.9,59.4,29.4,15.8,10.9,1.65,35.0,17.8,12.1,2.78,83.9,88.8,89.9,59.4,0.0,0.03,-0.02,0.61,3.13,0.09,0.0,0.0,0.26,0.0,0.0,0.26,0.0,0.0,,21.4,0.0,0.0,0.0,0.07,-0.02,-0.02,44.4,1.91,11.0,25.7,8.43,0.17,44.4,0.78,60.0,0.35,26.7,24.1,0.09,1.74,0.78,27.7,2.43,1.04,1.22,2.43,1.04,44.4,1.3,0.96,0.87,0.78,3.22,1.04,0.0,1.91,1.91,0.09,0.0,0.0,0.0,0.0,0.0,0.26,0.26,0.09,0.0,0.0,0.0,0.0,0.0,0.0,2.7,0.7,0.0,0.26,0.78,1.22,0.0,0.09,0.0,5.65,0.35,23.5,,,,,,,,,,,,,,,,,,,,,,,,,,,,
Andrew Privett,us USA,DF,Charlotte,22,2000,12,11,1044,11.6,0.0,0.0,0.0,0.0,0.0,0.0,0.0,0.0,0.02,0.02,0.0,0.02,0.43,4.14,0.34,0.0,0.0,0.0,0.0,0.0,0.02,0.0,0.02,0.02,0.02,Matches,2023,11.6,50.3,16.0,29.6,4.48,57.8,17.5,31.3,8.36,87.2,91.6,94.5,53.6,973.9,384.8,50.3,16.0,29.6,4.48,57.8,17.5,31.3,8.36,87.2,91.6,94.5,53.6,50.3,16.0,29.6,4.48,57.8,17.5,31.3,8.36,87.2,91.6,94.5,53.6,50.3,16.0,29.6,4.48,57.8,17.5,31.3,8.36,87.2,91.6,94.5,53.6,0.0,0.04,0.0,0.09,2.67,0.09,0.0,0.0,0.43,0.09,20.0,0.43,0.09,0.0,0.0,18.9,0.0,0.0,0.0,0.04,-0.02,-0.02,65.9,5.86,32.2,30.3,3.88,0.86,65.9,0.0,,0.0,,43.2,0.0,1.29,0.09,46.5,1.38,0.52,0.95,1.38,0.52,40.0,0.78,0.86,0.78,0.95,2.33,1.98,0.17,0.52,0.52,0.0,0.0,0.0,0.0,0.0,0.0,0.09,0.09,0.0,0.0,0.0,0.0,0.0,0.0,0.0,0.6,0.34,0.09,0.26,0.95,0.95,0.0,0.0,0.0,5.78,0.69,28.6,,,,,,,,,,,,,,,,,,,,,,,,,,,,
Kacper Przybyłko,pl POL,FW,Chicago Fire,29,1993,25,11,975,10.8,0.37,0.19,0.56,0.37,0.0,0.0,0.19,0.0,0.34,0.34,0.17,0.51,0.83,2.31,5.19,0.37,0.18,0.55,0.37,0.55,0.34,0.16,0.51,0.34,0.51,Matches,2023,10.8,20.2,12.8,5.93,0.28,28.4,16.9,7.96,0.56,71.0,75.4,74.4,50.0,253.1,46.5,20.2,12.8,5.93,0.28,28.4,16.9,7.96,0.56,71.0,75.4,74.4,50.0,20.2,12.8,5.93,0.28,28.4,16.9,7.96,0.56,71.0,75.4,74.4,50.0,20.2,12.8,5.93,0.28,28.4,16.9,7.96,0.56,71.0,75.4,74.4,50.0,0.19,0.1,0.02,0.93,1.76,0.74,0.28,0.37,1.94,0.83,42.9,1.94,0.83,0.19,0.44,13.7,0.0,0.0,0.0,0.2,0.03,0.03,37.7,1.85,3.89,20.8,13.2,2.87,37.7,0.37,66.7,0.09,16.7,16.9,0.28,2.31,0.46,27.4,0.56,0.28,0.28,0.56,0.28,60.0,0.19,0.93,0.65,0.28,0.83,1.39,0.0,2.87,2.86,0.09,0.0,0.28,0.0,0.0,0.0,0.46,0.46,0.09,0.0,0.28,0.0,0.0,0.0,0.0,0.65,1.57,1.11,0.83,0.28,0.28,0.0,0.0,0.0,2.13,3.61,43.8,,,,,,,,,,,,,,,,,,,,,,,,,,,,
Riqui Puig,es ESP,"MF,FW",LA Galaxy,23,1999,29,28,2525,28.1,0.25,0.14,0.39,0.18,0.07,0.07,0.28,0.0,0.27,0.22,0.13,0.35,5.62,12.3,4.13,0.25,0.14,0.39,0.18,0.32,0.28,0.13,0.41,0.22,0.35,Matches,2023,28.1,68.2,31.5,26.2,8.26,80.6,35.0,29.9,10.7,84.6,89.8,87.8,77.1,1208.5,385.3,68.2,31.5,26.2,8.26,80.6,35.0,29.9,10.7,84.6,89.8,87.8,77.1,68.2,31.5,26.2,8.26,80.6,35.0,29.9,10.7,84.6,89.8,87.8,77.1,68.2,31.5,26.2,8.26,80.6,35.0,29.9,10.7,84.6,89.8,87.8,77.1,0.14,0.2,0.01,2.06,10.6,2.17,0.07,0.25,3.06,1.1,36.0,3.07,1.1,0.06,0.16,23.9,0.14,0.07,0.07,0.07,-0.02,-0.04,90.9,0.32,10.5,56.3,25.7,1.92,90.8,3.27,61.7,1.49,28.2,65.6,0.57,1.96,1.39,78.0,0.68,0.43,0.46,0.68,0.43,46.2,0.5,0.46,0.43,0.43,1.1,0.07,0.0,5.34,5.35,0.32,0.04,0.36,0.04,0.11,0.0,0.43,0.43,0.32,0.04,0.36,0.04,0.11,0.0,0.0,0.5,2.46,0.07,1.35,0.43,0.46,0.04,0.0,0.0,4.52,0.04,20.0,,,,,,,,,,,,,,,,,,,,,,,,,,,,
Teemu Pukki,fi FIN,FW,Minnesota Utd,32,1990,14,13,1031,11.5,0.87,0.09,0.96,0.78,0.09,0.09,0.0,0.0,0.55,0.48,0.21,0.7,1.48,0.96,5.57,0.87,0.09,0.96,0.79,0.87,0.55,0.21,0.76,0.48,0.69,Matches,2023,11.5,10.5,5.04,4.17,0.87,13.8,6.35,4.7,0.96,76.1,79.5,88.9,90.9,165.3,26.2,10.5,5.04,4.17,0.87,13.8,6.35,4.7,0.96,76.1,79.5,88.9,90.9,10.5,5.04,4.17,0.87,13.8,6.35,4.7,0.96,76.1,79.5,88.9,90.9,10.5,5.04,4.17,0.87,13.8,6.35,4.7,0.96,76.1,79.5,88.9,90.9,0.09,0.22,-0.12,0.78,0.78,0.61,0.35,0.87,3.3,1.65,50.0,3.32,1.66,0.24,0.47,15.7,0.0,0.09,0.09,0.14,0.32,0.3,23.4,0.96,1.3,7.74,14.5,5.74,23.3,0.78,30.0,1.83,70.0,15.0,0.87,1.74,1.13,15.7,0.0,0.0,0.0,0.0,0.0,0.0,0.52,0.35,0.35,0.09,0.09,0.7,0.0,1.57,1.57,0.0,0.0,0.0,0.0,0.0,0.0,0.17,0.17,0.0,0.0,0.0,0.0,0.0,0.0,0.0,0.52,0.26,0.26,0.7,0.09,0.0,0.0,0.0,0.0,1.57,0.17,28.6,,,,,,,,,,,,,,,,,,,,,,,,,,,,
Alan Pulido,mx MEX,FW,Sporting KC,31,1991,28,26,2207,24.5,0.57,0.04,0.61,0.45,0.12,0.16,0.08,0.0,0.34,0.21,0.11,0.31,1.55,2.82,5.47,0.57,0.04,0.61,0.45,0.49,0.34,0.11,0.45,0.21,0.31,Matches,2023,24.5,26.1,15.4,8.04,1.55,31.6,17.3,9.18,2.04,82.7,89.4,87.6,76.0,382.3,53.8,26.1,15.4,8.04,1.55,31.6,17.3,9.18,2.04,82.7,89.4,87.6,76.0,26.1,15.4,8.04,1.55,31.6,17.3,9.18,2.04,82.7,89.4,87.6,76.0,26.1,15.4,8.04,1.55,31.6,17.3,9.18,2.04,82.7,89.4,87.6,76.0,0.04,0.07,-0.07,1.18,1.51,1.02,0.12,0.57,2.04,1.02,50.0,2.04,1.02,0.22,0.44,16.4,0.04,0.12,0.16,0.1,0.23,0.24,42.4,0.61,2.65,20.0,20.4,4.53,42.2,1.31,39.0,1.84,54.9,27.1,0.78,2.69,1.88,32.9,0.53,0.04,0.29,0.53,0.04,10.0,0.37,0.29,0.2,0.16,0.69,0.45,0.0,2.37,2.37,0.24,0.04,0.16,0.0,0.04,0.0,0.2,0.2,0.24,0.04,0.16,0.0,0.04,0.0,0.0,0.29,1.22,0.37,0.37,0.16,0.29,0.0,0.0,0.0,2.69,1.1,38.0,,,,,,,,,,,,,,,,,,,,,,,,,,,,
John Pulskamp,us USA,GK,Sporting KC,21,2001,5,5,450,5.0,0.0,0.0,0.0,0.0,0.0,0.0,0.0,0.0,0.0,0.0,0.0,0.0,0.0,0.0,0.0,0.0,0.0,0.0,0.0,0.0,0.0,0.0,0.0,0.0,0.0,Matches,2023,5.0,18.4,3.4,9.0,5.8,24.4,3.4,9.0,11.8,75.4,100.0,100.0,49.2,500.6,327.6,18.4,3.4,9.0,5.8,24.4,3.4,9.0,11.8,75.4,100.0,100.0,49.2,18.4,3.4,9.0,5.8,24.4,3.4,9.0,11.8,75.4,100.0,100.0,49.2,18.4,3.4,9.0,5.8,24.4,3.4,9.0,11.8,75.4,100.0,100.0,49.2,0.0,0.0,0.0,0.0,0.4,0.0,0.0,0.0,0.0,0.0,,0.0,0.0,,,,0.0,0.0,0.0,,0.0,0.0,27.2,23.4,27.0,0.2,0.0,0.0,27.2,0.0,,0.0,,14.0,0.0,0.0,0.0,11.6,0.2,0.2,0.0,0.2,0.2,100.0,0.0,0.0,0.0,0.0,0.2,0.6,0.0,0.2,0.2,0.0,0.0,0.0,0.0,0.0,0.0,0.0,0.0,0.0,0.0,0.0,0.0,0.0,0.0,0.0,0.0,0.0,0.0,0.0,0.0,0.0,0.0,0.0,0.0,0.6,0.2,100.0,1.4,0.0,0.0,0.0,1.4,0.35,0.0,-0.01,18.4,4.2,28.3,56.7,31.5,40.5,16.9,28.3,56.7,31.5,40.5,16.9,10.8,0.4,3.7,1.4,1.4,31.5,40.5,16.9
Facundo Quignon,ar ARG,MF,FC Dallas,29,1993,29,22,1915,21.3,0.05,0.05,0.09,0.05,0.0,0.0,0.19,0.0,0.11,0.11,0.03,0.14,0.47,3.94,0.56,0.05,0.05,0.09,0.05,0.09,0.11,0.03,0.14,0.11,0.14,Matches,2023,21.3,44.4,22.3,18.0,2.96,53.1,24.7,20.8,5.21,83.6,90.1,86.7,56.8,727.9,212.3,44.4,22.3,18.0,2.96,53.1,24.7,20.8,5.21,83.6,90.1,86.7,56.8,44.4,22.3,18.0,2.96,53.1,24.7,20.8,5.21,83.6,90.1,86.7,56.8,44.4,22.3,18.0,2.96,53.1,24.7,20.8,5.21,83.6,90.1,86.7,56.8,0.05,0.04,0.02,0.47,4.6,0.42,0.05,0.05,0.94,0.42,45.0,0.94,0.42,0.05,0.11,15.3,0.05,0.0,0.0,0.12,-0.07,-0.07,62.7,2.96,16.8,38.1,8.08,1.08,62.7,0.42,75.0,0.14,25.0,30.8,0.14,0.61,0.89,41.9,2.44,1.13,1.27,2.44,1.13,44.4,1.41,1.17,0.99,1.41,3.85,2.02,0.0,1.36,1.36,0.05,0.0,0.09,0.0,0.0,0.0,0.14,0.14,0.05,0.0,0.09,0.0,0.0,0.0,0.0,1.46,0.89,0.09,0.19,1.41,1.27,0.0,0.0,0.0,6.85,0.99,55.3,,,,,,,,,,,,,,,,,,,,,,,,,,,,
Nelson Quiñones,co COL,"FW,MF",Houston Dynamo,20,2002,28,19,1473,16.4,0.24,0.06,0.3,0.24,0.0,0.0,0.3,0.06,0.14,0.14,0.09,0.23,4.39,1.28,8.96,0.24,0.06,0.31,0.24,0.31,0.14,0.09,0.23,0.14,0.23,Matches,2023,16.4,20.9,13.0,6.22,1.4,26.3,14.8,7.8,2.62,79.4,88.4,79.7,53.5,316.8,64.6,20.9,13.0,6.22,1.4,26.3,14.8,7.8,2.62,79.4,88.4,79.7,53.5,20.9,13.0,6.22,1.4,26.3,14.8,7.8,2.62,79.4,88.4,79.7,53.5,20.9,13.0,6.22,1.4,26.3,14.8,7.8,2.62,79.4,88.4,79.7,53.5,0.06,0.1,-0.03,1.1,0.67,0.49,0.18,0.24,1.59,0.79,50.0,1.59,0.79,0.15,0.31,17.4,0.06,0.0,0.0,0.09,0.1,0.1,39.8,0.61,5.3,13.6,22.1,5.18,39.8,1.16,27.5,2.38,56.5,29.1,2.99,2.62,1.71,29.6,2.2,0.61,1.65,2.2,0.61,47.6,0.67,0.85,0.85,0.85,3.05,0.49,0.06,2.2,2.2,0.06,0.0,0.3,0.12,0.06,0.0,0.24,0.24,0.06,0.0,0.3,0.12,0.06,0.0,0.0,1.65,1.89,0.37,1.77,0.85,1.65,0.06,0.0,0.0,4.45,0.37,46.2,,,,,,,,,,,,,,,,,,,,,,,,,,,,
Philip Quinton,us USA,DF,Columbus Crew,23,1999,12,10,939,10.4,0.1,0.0,0.1,0.1,0.0,0.0,0.19,0.0,0.02,0.02,0.02,0.04,0.19,3.94,0.0,0.1,0.0,0.1,0.1,0.1,0.02,0.01,0.04,0.02,0.04,Matches,2023,10.4,53.5,21.9,27.8,3.37,61.2,24.0,30.1,6.06,87.4,91.2,92.3,55.6,943.7,395.8,53.5,21.9,27.8,3.37,61.2,24.0,30.1,6.06,87.4,91.2,92.3,55.6,53.5,21.9,27.8,3.37,61.2,24.0,30.1,6.06,87.4,91.2,92.3,55.6,53.5,21.9,27.8,3.37,61.2,24.0,30.1,6.06,87.4,91.2,92.3,55.6,0.0,0.04,-0.02,0.29,3.65,0.19,0.0,0.1,0.19,0.1,50.0,0.19,0.1,0.5,1.0,9.2,0.0,0.0,0.0,0.12,0.08,0.08,71.3,9.62,35.0,35.1,1.63,0.58,71.3,0.48,100.0,0.0,0.0,43.1,0.0,1.06,0.19,43.5,0.96,0.48,0.38,0.96,0.48,35.7,0.87,0.77,0.29,1.73,2.69,3.17,0.0,0.38,0.38,0.0,0.0,0.0,0.0,0.0,0.0,0.0,0.0,0.0,0.0,0.0,0.0,0.0,0.0,0.0,0.67,0.38,0.1,0.0,1.73,0.38,0.0,0.1,0.0,6.25,2.21,56.1,,,,,,,,,,,,,,,,,,,,,,,,,,,,
Romell Quioto,hn HON,FW,CF Montréal,31,1991,13,10,797,8.9,0.34,0.11,0.45,0.22,0.11,0.11,0.22,0.0,0.35,0.26,0.07,0.33,2.58,2.25,7.19,0.34,0.11,0.45,0.23,0.34,0.35,0.06,0.42,0.26,0.33,Matches,2023,8.9,18.5,8.99,6.97,1.91,26.3,11.1,8.99,4.04,70.5,80.8,77.5,47.2,324.3,70.2,18.5,8.99,6.97,1.91,26.3,11.1,8.99,4.04,70.5,80.8,77.5,47.2,18.5,8.99,6.97,1.91,26.3,11.1,8.99,4.04,70.5,80.8,77.5,47.2,18.5,8.99,6.97,1.91,26.3,11.1,8.99,4.04,70.5,80.8,77.5,47.2,0.11,0.11,0.04,0.79,1.57,0.79,0.34,0.34,2.36,0.9,38.1,2.37,0.9,0.1,0.25,17.1,0.11,0.11,0.11,0.11,-0.01,-0.03,34.9,1.01,2.13,14.9,18.1,4.61,34.8,1.12,45.5,1.12,45.5,22.1,1.35,1.57,0.79,27.6,0.56,0.0,0.22,0.56,0.0,0.0,0.34,0.22,0.11,0.0,0.56,0.79,0.0,1.91,1.92,0.34,0.0,0.0,0.0,0.0,0.0,0.11,0.11,0.34,0.0,0.0,0.0,0.0,0.0,0.0,0.67,1.12,0.79,3.26,0.0,0.22,0.0,0.0,0.0,1.24,1.24,32.4,,,,,,,,,,,,,,,,,,,,,,,,,,,,
Nemanja Radoja,rs SRB,MF,Sporting KC,29,1993,25,21,1713,19.0,0.0,0.11,0.11,0.0,0.0,0.0,0.21,0.0,0.04,0.04,0.04,0.08,0.74,5.53,0.74,0.0,0.11,0.11,0.0,0.11,0.04,0.04,0.08,0.04,0.08,Matches,2023,19.0,46.3,16.8,21.3,7.32,50.9,18.6,21.9,8.53,90.9,90.7,97.1,85.8,925.3,251.3,46.3,16.8,21.3,7.32,50.9,18.6,21.9,8.53,90.9,90.7,97.1,85.8,46.3,16.8,21.3,7.32,50.9,18.6,21.9,8.53,90.9,90.7,97.1,85.8,46.3,16.8,21.3,7.32,50.9,18.6,21.9,8.53,90.9,90.7,97.1,85.8,0.11,0.02,0.07,0.79,5.11,0.32,0.0,0.0,0.53,0.05,10.0,0.53,0.05,0.0,0.0,22.7,0.0,0.0,0.0,0.08,-0.04,-0.04,58.1,1.21,12.7,39.3,6.95,0.42,58.1,1.05,71.4,0.21,14.3,36.5,0.0,1.0,0.37,40.4,1.74,1.21,1.11,1.74,1.21,54.8,1.0,0.74,0.63,1.53,3.26,0.26,0.0,1.68,1.68,0.05,0.0,0.11,0.0,0.0,0.0,0.21,0.21,0.05,0.0,0.11,0.0,0.0,0.0,0.0,1.0,0.95,0.0,0.05,1.53,1.11,0.0,0.05,0.0,7.37,0.63,46.2,,,,,,,,,,,,,,,,,,,,,,,,,,,,
Aleksandar Radovanović,rs SRB,DF,Austin,29,1993,7,4,351,3.9,0.0,0.0,0.0,0.0,0.0,0.0,0.0,0.0,0.03,0.03,0.03,0.05,0.0,3.85,0.0,0.0,0.0,0.0,0.0,0.0,0.02,0.02,0.04,0.02,0.04,Matches,2023,3.9,49.7,14.9,27.4,7.18,61.5,16.4,31.0,12.6,80.8,90.6,88.4,57.1,1036.2,356.7,49.7,14.9,27.4,7.18,61.5,16.4,31.0,12.6,80.8,90.6,88.4,57.1,49.7,14.9,27.4,7.18,61.5,16.4,31.0,12.6,80.8,90.6,88.4,57.1,49.7,14.9,27.4,7.18,61.5,16.4,31.0,12.6,80.8,90.6,88.4,57.1,0.0,0.0,-0.03,0.51,3.59,0.26,0.0,0.0,0.51,0.0,0.0,0.51,0.0,0.0,,12.8,0.0,0.0,0.0,0.05,-0.03,-0.03,71.5,5.64,33.6,34.4,3.85,1.28,71.5,0.0,0.0,0.26,100.0,44.9,0.0,0.51,0.26,50.8,1.79,0.0,1.03,1.79,0.0,0.0,0.77,1.03,0.51,1.54,3.33,3.33,0.26,1.03,1.03,0.0,0.0,0.0,0.0,0.0,0.0,0.0,0.0,0.0,0.0,0.0,0.0,0.0,0.0,0.0,0.77,0.26,0.0,0.26,1.54,1.03,0.0,0.0,0.0,2.56,3.85,75.0,,,,,,,,,,,,,,,,,,,,,,,,,,,,
Jeremy Rafanello,us USA,MF,Philadelphia Union,22,2000,1,0,13,0.1,0.0,0.0,0.0,0.0,0.0,0.0,0.0,0.0,0.0,0.0,0.0,0.0,20.0,0.0,0.0,0.0,0.0,0.0,0.0,0.0,0.0,0.0,0.0,0.0,0.0,Matches,2023,0.1,40.0,30.0,10.0,0.0,40.0,30.0,10.0,0.0,100.0,100.0,100.0,,460.0,60.0,40.0,30.0,10.0,0.0,40.0,30.0,10.0,0.0,100.0,100.0,100.0,,40.0,30.0,10.0,0.0,40.0,30.0,10.0,0.0,100.0,100.0,100.0,,40.0,30.0,10.0,0.0,40.0,30.0,10.0,0.0,100.0,100.0,100.0,,0.0,0.0,0.0,0.0,0.0,0.0,0.0,0.0,0.0,0.0,,0.0,0.0,,,,0.0,0.0,0.0,,0.0,0.0,60.0,10.0,20.0,30.0,20.0,0.0,60.0,0.0,0.0,10.0,100.0,50.0,0.0,0.0,0.0,40.0,0.0,0.0,0.0,0.0,0.0,0.0,10.0,0.0,0.0,0.0,0.0,10.0,0.0,0.0,0.0,0.0,0.0,0.0,0.0,0.0,0.0,0.0,0.0,0.0,0.0,0.0,0.0,0.0,0.0,0.0,10.0,0.0,0.0,0.0,0.0,0.0,0.0,0.0,0.0,10.0,0.0,,,,,,,,,,,,,,,,,,,,,,,,,,,,,
Jackson Ragen,us USA,DF,Seattle Sounders,24,1998,32,32,2844,31.6,0.0,0.13,0.13,0.0,0.0,0.0,0.25,0.0,0.03,0.03,0.08,0.1,0.16,2.72,0.22,0.0,0.13,0.13,0.0,0.13,0.02,0.08,0.1,0.02,0.1,Matches,2023,31.6,51.4,15.4,28.4,7.28,56.9,16.6,29.9,9.68,90.3,92.7,95.0,75.2,1062.2,463.4,51.4,15.4,28.4,7.28,56.9,16.6,29.9,9.68,90.3,92.7,95.0,75.2,51.4,15.4,28.4,7.28,56.9,16.6,29.9,9.68,90.3,92.7,95.0,75.2,51.4,15.4,28.4,7.28,56.9,16.6,29.9,9.68,90.3,92.7,95.0,75.2,0.13,0.03,0.05,0.25,3.73,0.09,0.0,0.0,0.41,0.09,23.1,0.41,0.09,0.0,0.0,9.1,0.0,0.0,0.0,0.06,-0.03,-0.03,66.7,8.73,36.8,28.1,2.06,1.04,66.7,0.09,50.0,0.06,33.3,38.7,0.0,0.25,0.06,46.0,1.01,0.66,0.7,1.01,0.66,60.0,0.44,1.68,0.7,0.98,1.99,4.49,0.0,0.57,0.57,0.0,0.0,0.0,0.0,0.0,0.0,0.19,0.19,0.0,0.0,0.0,0.0,0.0,0.0,0.0,0.92,0.47,0.0,0.0,0.98,0.7,0.0,0.0,0.0,4.59,2.63,62.9,,,,,,,,,,,,,,,,,,,,,,,,,,,,
Brooklyn Raines,us USA,"MF,FW",Houston Dynamo,17,2005,7,3,202,2.2,0.0,0.0,0.0,0.0,0.0,0.0,0.0,0.0,0.05,0.05,0.0,0.05,1.82,2.27,4.55,0.0,0.0,0.0,0.0,0.0,0.06,0.01,0.06,0.06,0.06,Matches,2023,2.2,31.8,19.1,10.9,0.45,36.8,22.3,11.4,0.45,86.4,85.7,96.0,100.0,451.4,105.5,31.8,19.1,10.9,0.45,36.8,22.3,11.4,0.45,86.4,85.7,96.0,100.0,31.8,19.1,10.9,0.45,36.8,22.3,11.4,0.45,86.4,85.7,96.0,100.0,31.8,19.1,10.9,0.45,36.8,22.3,11.4,0.45,86.4,85.7,96.0,100.0,0.0,0.05,0.0,0.45,2.27,0.0,0.0,0.0,0.91,0.0,0.0,0.89,0.0,0.0,,13.1,0.0,0.0,0.0,0.06,-0.05,-0.05,46.4,1.36,8.64,26.4,12.3,2.73,46.4,1.36,75.0,0.45,25.0,32.3,0.91,1.36,2.73,35.5,1.82,0.91,1.82,1.82,0.91,100.0,0.0,1.36,1.36,1.82,3.64,0.45,0.0,0.45,0.45,0.0,0.0,0.0,0.0,0.0,0.0,0.0,0.0,0.0,0.0,0.0,0.0,0.0,0.0,0.0,3.64,1.82,0.0,0.0,1.82,1.82,0.0,0.0,0.0,5.0,0.91,66.7,,,,,,,,,,,,,,,,,,,,,,,,,,,,
Christian Ramirez,us USA,"FW,MF",Columbus Crew,31,1991,30,19,1612,17.9,0.45,0.17,0.61,0.45,0.0,0.0,0.11,0.0,0.37,0.37,0.11,0.48,0.39,2.18,4.53,0.45,0.17,0.61,0.45,0.61,0.37,0.11,0.48,0.37,0.48,Matches,2023,17.9,14.5,8.55,3.85,0.5,19.8,11.1,4.97,1.12,73.0,77.3,77.5,45.0,186.3,47.5,14.5,8.55,3.85,0.5,19.8,11.1,4.97,1.12,73.0,77.3,77.5,45.0,14.5,8.55,3.85,0.5,19.8,11.1,4.97,1.12,73.0,77.3,77.5,45.0,14.5,8.55,3.85,0.5,19.8,11.1,4.97,1.12,73.0,77.3,77.5,45.0,0.17,0.08,0.06,1.4,1.06,0.61,0.0,0.45,2.63,0.78,29.8,2.62,0.78,0.17,0.57,14.0,0.0,0.0,0.0,0.14,0.07,0.07,27.5,1.12,2.29,12.1,13.3,4.75,27.5,0.22,40.0,0.34,60.0,15.9,0.17,1.96,0.5,20.8,0.06,0.0,0.0,0.06,0.0,0.0,0.28,0.45,0.39,0.11,0.17,0.84,0.0,2.4,2.4,0.06,0.06,0.11,0.0,0.0,0.0,0.34,0.33,0.06,0.06,0.11,0.0,0.0,0.0,0.0,0.5,0.78,0.56,0.39,0.11,0.0,0.0,0.0,0.0,1.73,0.56,27.8,,,,,,,,,,,,,,,,,,,,,,,,,,,,
Greg Ranjitsingh,tt TRI,GK,Toronto FC,29,1993,4,4,360,4.0,0.0,0.0,0.0,0.0,0.0,0.0,0.0,0.0,0.0,0.0,0.0,0.0,0.0,0.0,0.0,0.0,0.0,0.0,0.0,0.0,0.0,0.0,0.0,0.0,0.0,Matches,2023,4.0,25.3,7.75,8.5,8.75,38.0,8.0,8.5,21.3,66.4,96.9,100.0,41.2,722.5,607.3,25.3,7.75,8.5,8.75,38.0,8.0,8.5,21.3,66.4,96.9,100.0,41.2,25.3,7.75,8.5,8.75,38.0,8.0,8.5,21.3,66.4,96.9,100.0,41.2,25.3,7.75,8.5,8.75,38.0,8.0,8.5,21.3,66.4,96.9,100.0,41.2,0.0,0.0,0.0,0.0,1.25,0.0,0.0,0.0,0.0,0.0,,0.0,0.0,,,,0.0,0.0,0.0,,0.0,0.0,41.3,36.0,41.0,0.0,0.25,0.0,41.3,0.0,,0.0,,22.8,0.0,0.0,0.0,15.3,0.0,0.0,0.0,0.0,0.0,0.0,0.25,0.0,0.0,0.25,0.25,1.25,0.25,0.25,0.25,0.0,0.0,0.0,0.0,0.0,0.0,0.0,0.0,0.0,0.0,0.0,0.0,0.0,0.0,0.0,0.0,0.0,0.0,0.0,0.25,0.0,0.0,0.0,0.0,2.0,0.25,100.0,2.5,0.0,0.5,0.0,1.77,0.31,-0.72,-0.74,29.5,6.75,38.1,70.6,33.5,49.6,19.3,38.1,70.6,33.5,49.6,19.3,11.5,0.75,6.5,4.0,4.0,33.5,49.6,19.3
Ryan Raposo,ca CAN,"DF,FW",Vancouver W'caps,23,1999,26,16,1331,14.8,0.0,0.14,0.14,0.0,0.0,0.0,0.27,0.0,0.05,0.05,0.18,0.23,3.58,3.18,6.55,0.0,0.14,0.14,0.0,0.14,0.06,0.17,0.23,0.06,0.23,Matches,2023,14.8,33.9,16.9,13.9,2.7,47.0,19.0,17.8,8.04,72.1,89.0,77.7,33.6,573.9,178.3,33.9,16.9,13.9,2.7,47.0,19.0,17.8,8.04,72.1,89.0,77.7,33.6,33.9,16.9,13.9,2.7,47.0,19.0,17.8,8.04,72.1,89.0,77.7,33.6,33.9,16.9,13.9,2.7,47.0,19.0,17.8,8.04,72.1,89.0,77.7,33.6,0.14,0.16,-0.04,1.08,2.36,1.49,0.88,0.0,1.08,0.27,25.0,1.08,0.27,0.0,0.0,19.1,0.0,0.0,0.0,0.05,-0.05,-0.05,57.7,2.5,13.0,24.5,21.1,2.23,57.7,1.62,60.0,0.61,22.5,30.8,0.54,1.35,0.74,33.8,1.28,0.61,0.88,1.28,0.61,50.0,0.61,1.01,0.74,1.49,2.77,2.23,0.0,2.36,2.36,0.2,0.0,0.07,0.0,0.14,0.0,0.14,0.14,0.2,0.0,0.07,0.0,0.14,0.0,0.0,1.01,1.35,0.07,5.81,1.49,0.88,0.0,0.0,0.0,5.07,0.47,36.8,,,,,,,,,,,,,,,,,,,,,,,,,,,,
Justin Rasmussen,us USA,DF,Portland Timbers,24,1998,6,4,333,3.7,0.0,0.0,0.0,0.0,0.0,0.0,0.0,0.0,0.03,0.03,0.27,0.3,1.08,1.62,1.35,0.0,0.0,0.0,0.0,0.0,0.04,0.26,0.3,0.04,0.3,Matches,2023,3.7,30.0,14.3,12.4,2.97,45.7,16.8,17.6,8.92,65.7,85.5,70.8,33.3,518.4,228.1,30.0,14.3,12.4,2.97,45.7,16.8,17.6,8.92,65.7,85.5,70.8,33.3,30.0,14.3,12.4,2.97,45.7,16.8,17.6,8.92,65.7,85.5,70.8,33.3,30.0,14.3,12.4,2.97,45.7,16.8,17.6,8.92,65.7,85.5,70.8,33.3,0.0,0.22,-0.27,0.81,2.7,0.54,0.54,0.0,0.27,0.0,0.0,0.27,0.0,0.0,,20.6,0.0,0.0,0.0,0.13,-0.03,-0.03,53.2,4.59,21.9,23.5,7.84,0.81,53.2,0.0,,0.0,,20.0,0.0,0.81,0.0,24.6,2.43,1.35,2.16,2.43,1.35,50.0,1.35,0.81,0.54,0.81,3.24,2.16,0.0,1.08,1.08,0.0,0.0,0.0,0.0,0.27,0.0,0.0,0.0,0.0,0.0,0.0,0.0,0.27,0.0,0.0,0.81,0.54,0.0,2.16,0.81,2.16,0.0,0.0,0.0,7.57,0.27,25.0,,,,,,,,,,,,,,,,,,,,,,,,,,,,
Sean Rea,ca CAN,"MF,FW",CF Montréal,20,2002,15,7,745,8.3,0.0,0.0,0.0,0.0,0.0,0.0,0.24,0.0,0.04,0.04,0.05,0.1,1.93,2.41,6.39,0.0,0.0,0.0,0.0,0.0,0.04,0.05,0.09,0.04,0.09,Matches,2023,8.3,22.5,14.1,6.39,1.57,30.8,17.0,9.16,2.77,73.0,83.0,69.7,56.5,334.7,75.7,22.5,14.1,6.39,1.57,30.8,17.0,9.16,2.77,73.0,83.0,69.7,56.5,22.5,14.1,6.39,1.57,30.8,17.0,9.16,2.77,73.0,83.0,69.7,56.5,22.5,14.1,6.39,1.57,30.8,17.0,9.16,2.77,73.0,83.0,69.7,56.5,0.0,0.07,-0.05,1.33,1.2,0.72,0.12,0.0,0.6,0.24,40.0,0.6,0.24,0.0,0.0,22.3,0.0,0.0,0.0,0.07,-0.04,-0.04,38.3,0.24,3.13,18.8,17.0,1.33,38.3,0.96,34.8,1.69,60.9,25.4,0.24,1.57,2.29,29.3,0.6,0.0,0.36,0.6,0.0,0.0,0.48,0.84,0.84,0.24,0.84,0.0,0.0,2.53,2.53,0.0,0.0,0.0,0.0,0.0,0.0,0.24,0.24,0.0,0.0,0.0,0.0,0.0,0.0,0.0,0.72,0.6,0.12,3.13,0.24,0.36,0.0,0.0,0.0,4.1,0.0,0.0,,,,,,,,,,,,,,,,,,,,,,,,,,,,
Matthew Real,us USA,"DF,MF",Philadelphia Union,23,1999,13,5,497,5.5,0.0,0.18,0.18,0.0,0.0,0.0,0.18,0.0,0.05,0.05,0.04,0.09,1.82,2.73,2.0,0.0,0.18,0.18,0.0,0.18,0.06,0.04,0.1,0.06,0.1,Matches,2023,5.5,31.5,12.0,15.5,3.64,42.4,14.2,18.7,7.09,74.2,84.6,82.5,51.3,587.5,239.1,31.5,12.0,15.5,3.64,42.4,14.2,18.7,7.09,74.2,84.6,82.5,51.3,31.5,12.0,15.5,3.64,42.4,14.2,18.7,7.09,74.2,84.6,82.5,51.3,31.5,12.0,15.5,3.64,42.4,14.2,18.7,7.09,74.2,84.6,82.5,51.3,0.18,0.07,0.15,0.91,2.91,0.91,0.55,0.0,0.55,0.18,33.3,0.54,0.18,0.0,0.0,11.1,0.0,0.0,0.0,0.11,-0.05,-0.05,52.7,3.64,17.1,22.7,12.9,0.91,52.7,0.55,100.0,0.0,0.0,24.9,0.0,1.45,0.55,27.3,2.55,1.64,1.27,2.55,1.64,75.0,0.55,2.36,1.45,0.55,3.09,1.27,0.0,1.27,1.27,0.0,0.0,0.0,0.0,0.0,0.0,0.18,0.18,0.0,0.0,0.0,0.0,0.0,0.0,0.0,1.82,1.09,0.0,1.82,0.55,1.27,0.0,0.0,0.0,8.18,1.09,54.5,,,,,,,,,,,,,,,,,,,,,,,,,,,,
Rodney Redes,py PAR,"MF,FW",Austin,22,2000,11,5,482,5.4,0.19,0.19,0.37,0.19,0.0,0.0,0.56,0.19,0.11,0.11,0.2,0.3,1.85,2.41,8.52,0.19,0.19,0.37,0.19,0.37,0.1,0.2,0.31,0.1,0.31,Matches,2023,5.4,18.0,8.7,7.22,1.48,26.9,11.1,10.4,2.41,66.9,78.3,69.6,61.5,296.5,82.4,18.0,8.7,7.22,1.48,26.9,11.1,10.4,2.41,66.9,78.3,69.6,61.5,18.0,8.7,7.22,1.48,26.9,11.1,10.4,2.41,66.9,78.3,69.6,61.5,18.0,8.7,7.22,1.48,26.9,11.1,10.4,2.41,66.9,78.3,69.6,61.5,0.19,0.19,-0.02,1.3,1.48,0.56,0.56,0.19,0.93,0.56,60.0,0.93,0.56,0.2,0.33,16.2,0.0,0.0,0.0,0.11,0.07,0.07,35.9,0.93,4.81,12.8,19.1,2.41,35.9,0.37,22.2,0.93,55.6,22.2,0.0,1.67,1.3,25.4,1.3,0.37,0.74,1.3,0.37,33.3,0.74,1.11,0.93,0.56,1.85,0.93,0.0,2.04,2.05,0.0,0.0,0.37,0.0,0.0,0.0,0.19,0.19,0.0,0.0,0.37,0.0,0.0,0.0,0.19,1.67,2.96,0.0,4.63,0.56,0.74,0.0,0.0,0.0,2.96,0.74,28.6,,,,,,,,,,,,,,,,,,,,,,,,,,,,
Jayden Reid,us USA,MF,NY Red Bulls,21,2001,1,0,1,0.0,0.0,0.0,0.0,0.0,0.0,0.0,0.0,0.0,0.0,0.0,0.0,0.0,0.0,0.0,0.0,0.0,0.0,0.0,0.0,0.0,0.0,0.0,0.0,0.0,0.0,Matches,2023,0.0,0.0,0.0,0.0,0.0,0.0,0.0,0.0,0.0,,,,,0.0,0.0,0.0,0.0,0.0,0.0,0.0,0.0,0.0,0.0,,,,,0.0,0.0,0.0,0.0,0.0,0.0,0.0,0.0,,,,,0.0,0.0,0.0,0.0,0.0,0.0,0.0,0.0,,,,,0.0,0.0,0.0,0.0,0.0,0.0,0.0,0.0,0.0,0.0,,0.0,0.0,,,,0.0,0.0,0.0,,0.0,0.0,1.0,0.0,0.0,1.0,0.0,0.0,1.0,0.0,,0.0,,0.0,0.0,0.0,1.0,0.0,0.0,0.0,0.0,0.0,0.0,,0.0,0.0,0.0,0.0,0.0,0.0,0.0,0.0,0.0,0.0,0.0,0.0,0.0,0.0,0.0,0.0,0.0,0.0,0.0,0.0,0.0,0.0,0.0,0.0,0.0,0.0,0.0,0.0,0.0,0.0,0.0,0.0,0.0,0.0,0.0,,,,,,,,,,,,,,,,,,,,,,,,,,,,,
Justin Rennicks,us USA,"FW,MF",NE Revolution,23,1999,15,2,391,4.3,0.0,0.0,0.0,0.0,0.0,0.0,0.0,0.0,0.12,0.12,0.09,0.23,2.79,0.93,8.14,0.0,0.0,0.0,0.0,0.0,0.12,0.1,0.22,0.12,0.22,Matches,2023,4.3,16.5,9.07,6.74,0.0,22.3,11.2,9.3,0.47,74.0,81.3,72.5,0.0,230.7,34.9,16.5,9.07,6.74,0.0,22.3,11.2,9.3,0.47,74.0,81.3,72.5,0.0,16.5,9.07,6.74,0.0,22.3,11.2,9.3,0.47,74.0,81.3,72.5,0.0,16.5,9.07,6.74,0.0,22.3,11.2,9.3,0.47,74.0,81.3,72.5,0.0,0.0,0.05,-0.09,0.93,0.23,0.7,0.0,0.0,0.7,0.23,33.3,0.69,0.23,0.0,0.0,14.9,0.0,0.0,0.0,0.18,-0.12,-0.12,33.7,1.86,6.05,9.3,18.6,2.33,33.7,1.16,35.7,1.63,50.0,20.5,1.16,2.56,1.4,24.2,2.33,1.63,1.16,2.33,1.63,53.8,1.4,1.63,1.63,0.23,2.56,1.16,0.0,2.56,2.53,0.47,0.0,0.0,0.0,0.0,0.0,0.0,0.0,0.47,0.0,0.0,0.0,0.0,0.0,0.0,1.16,1.63,0.23,1.16,0.23,1.16,0.0,0.23,0.0,3.02,0.93,36.4,,,,,,,,,,,,,,,,,,,,,,,,,,,,
Andrés Reyes,co COL,DF,NY Red Bulls,23,1999,29,28,2382,26.5,0.08,0.0,0.08,0.08,0.0,0.0,0.49,0.04,0.08,0.08,0.01,0.09,0.79,4.45,0.3,0.08,0.0,0.08,0.08,0.08,0.08,0.01,0.09,0.08,0.09,Matches,2023,26.5,32.1,11.8,16.4,3.17,43.8,14.8,20.8,6.11,73.3,79.4,78.8,51.9,596.0,242.1,32.1,11.8,16.4,3.17,43.8,14.8,20.8,6.11,73.3,79.4,78.8,51.9,32.1,11.8,16.4,3.17,43.8,14.8,20.8,6.11,73.3,79.4,78.8,51.9,32.1,11.8,16.4,3.17,43.8,14.8,20.8,6.11,73.3,79.4,78.8,51.9,0.0,0.03,-0.01,0.15,3.09,0.3,0.0,0.08,0.91,0.15,16.7,0.91,0.15,0.08,0.5,10.1,0.0,0.0,0.0,0.09,-0.0,-0.0,55.2,4.19,22.2,29.3,4.08,1.77,55.2,0.26,53.8,0.19,38.5,23.2,0.04,0.75,0.15,23.7,1.77,0.91,1.21,1.77,0.91,64.9,0.49,0.98,0.57,2.3,4.08,3.28,0.0,0.94,0.94,0.0,0.0,0.0,0.0,0.04,0.0,0.04,0.04,0.0,0.0,0.0,0.0,0.04,0.0,0.04,2.83,1.36,0.04,0.15,2.3,1.21,0.0,0.08,0.08,8.34,4.26,71.1,,,,,,,,,,,,,,,,,,,,,,,,,,,,
Emanuel Reynoso,ar ARG,MF,Minnesota Utd,27,1995,18,16,1364,15.2,0.39,0.26,0.66,0.33,0.07,0.07,0.26,0.0,0.36,0.3,0.43,0.74,5.07,9.8,7.43,0.4,0.26,0.66,0.33,0.59,0.36,0.43,0.79,0.3,0.74,Matches,2023,15.2,40.6,21.8,12.8,4.28,57.4,24.4,17.0,11.4,70.7,89.2,75.2,37.6,671.3,286.3,40.6,21.8,12.8,4.28,57.4,24.4,17.0,11.4,70.7,89.2,75.2,37.6,40.6,21.8,12.8,4.28,57.4,24.4,17.0,11.4,70.7,89.2,75.2,37.6,40.6,21.8,12.8,4.28,57.4,24.4,17.0,11.4,70.7,89.2,75.2,37.6,0.26,0.49,-0.16,3.68,5.72,3.88,1.12,0.39,3.03,1.05,34.8,3.04,1.06,0.11,0.31,22.1,0.59,0.07,0.07,0.1,0.04,0.03,73.9,0.0,3.29,29.5,42.4,4.01,73.8,4.47,50.7,3.75,42.5,49.3,1.32,3.68,3.03,53.3,1.38,0.59,0.72,1.38,0.59,42.9,0.79,0.92,0.92,0.33,1.71,0.0,0.0,8.36,8.38,0.99,0.2,0.66,0.07,0.13,0.0,0.66,0.66,0.99,0.2,0.66,0.07,0.13,0.0,0.0,1.32,3.09,0.07,10.2,0.33,0.72,0.07,0.0,0.0,5.33,0.66,40.0,,,,,,,,,,,,,,,,,,,,,,,,,,,,
Spencer Richey,us USA,GK,Chicago Fire,30,1992,5,4,421,4.7,0.0,0.0,0.0,0.0,0.0,0.0,0.0,0.0,0.0,0.0,0.0,0.0,0.0,0.0,0.0,0.0,0.0,0.0,0.0,0.0,0.0,0.0,0.0,0.0,0.0,Matches,2023,4.7,19.4,3.4,10.2,5.53,24.9,3.4,10.2,10.6,77.8,100.0,100.0,52.0,521.5,330.0,19.4,3.4,10.2,5.53,24.9,3.4,10.2,10.6,77.8,100.0,100.0,52.0,19.4,3.4,10.2,5.53,24.9,3.4,10.2,10.6,77.8,100.0,100.0,52.0,19.4,3.4,10.2,5.53,24.9,3.4,10.2,10.6,77.8,100.0,100.0,52.0,0.0,0.0,0.0,0.0,0.21,0.0,0.0,0.0,0.0,0.0,,0.0,0.0,,,,0.0,0.0,0.0,,0.0,0.0,27.7,23.6,27.7,0.0,0.0,0.0,27.7,0.21,100.0,0.0,0.0,13.6,0.0,0.21,0.0,10.6,0.21,0.21,0.21,0.21,0.21,100.0,0.0,0.0,0.0,0.0,0.21,0.64,0.21,0.0,0.0,0.0,0.0,0.0,0.0,0.0,0.0,0.0,0.0,0.0,0.0,0.0,0.0,0.0,0.0,0.0,0.0,0.0,0.0,0.0,0.0,0.21,0.0,0.0,0.0,1.28,0.21,100.0,1.49,0.21,0.21,0.0,1.0,0.22,-0.49,-0.49,16.4,2.55,31.2,34.2,31.2,33.6,20.0,31.2,34.2,31.2,33.6,20.0,12.3,0.85,6.9,2.77,2.78,31.2,33.6,20.0
Emiliano Rigoni,ar ARG,"FW,MF",Austin,29,1993,33,25,2191,24.3,0.21,0.16,0.37,0.21,0.0,0.0,0.12,0.0,0.23,0.23,0.19,0.42,2.43,2.26,7.04,0.21,0.16,0.37,0.21,0.37,0.23,0.19,0.42,0.23,0.42,Matches,2023,24.3,19.8,9.09,6.95,3.25,30.5,11.1,10.0,7.33,64.8,82.2,69.3,44.4,371.4,96.3,19.8,9.09,6.95,3.25,30.5,11.1,10.0,7.33,64.8,82.2,69.3,44.4,19.8,9.09,6.95,3.25,30.5,11.1,10.0,7.33,64.8,82.2,69.3,44.4,19.8,9.09,6.95,3.25,30.5,11.1,10.0,7.33,64.8,82.2,69.3,44.4,0.16,0.2,-0.03,1.81,1.36,0.66,0.41,0.21,1.93,0.91,46.8,1.93,0.9,0.11,0.23,15.1,0.12,0.0,0.0,0.12,-0.02,-0.02,40.6,2.14,5.43,13.9,21.7,2.88,40.6,1.11,37.5,1.56,52.8,22.5,0.62,1.4,1.03,25.7,0.91,0.41,0.66,0.91,0.41,40.0,0.62,0.95,0.78,0.21,1.11,1.44,0.0,2.88,2.87,0.21,0.0,0.0,0.0,0.04,0.0,0.25,0.25,0.21,0.0,0.0,0.0,0.04,0.0,0.0,0.91,0.53,0.7,7.24,0.21,0.66,0.0,0.0,0.04,2.84,0.82,40.0,,,,,,,,,,,,,,,,,,,,,,,,,,,,
Chris Rindov,us USA,DF,Sporting KC,21,2001,1,0,5,0.1,0.0,0.0,0.0,0.0,0.0,0.0,0.0,0.0,0.0,0.0,0.0,0.0,0.0,0.0,0.0,0.0,0.0,0.0,0.0,0.0,0.0,0.0,0.0,0.0,0.0,Matches,2023,0.1,60.0,0.0,60.0,0.0,90.0,10.0,70.0,10.0,66.7,0.0,85.7,0.0,1460.0,430.0,60.0,0.0,60.0,0.0,90.0,10.0,70.0,10.0,66.7,0.0,85.7,0.0,60.0,0.0,60.0,0.0,90.0,10.0,70.0,10.0,66.7,0.0,85.7,0.0,60.0,0.0,60.0,0.0,90.0,10.0,70.0,10.0,66.7,0.0,85.7,0.0,0.0,0.0,0.0,0.0,10.0,0.0,0.0,0.0,0.0,0.0,,0.0,0.0,,,,0.0,0.0,0.0,,0.0,0.0,100.0,0.0,30.0,70.0,0.0,0.0,100.0,0.0,,0.0,,70.0,0.0,0.0,0.0,60.0,0.0,0.0,0.0,0.0,0.0,,0.0,10.0,0.0,0.0,0.0,0.0,0.0,0.0,0.0,0.0,0.0,0.0,0.0,0.0,0.0,0.0,0.0,0.0,0.0,0.0,0.0,0.0,0.0,0.0,0.0,0.0,0.0,0.0,0.0,0.0,0.0,0.0,0.0,20.0,0.0,,,,,,,,,,,,,,,,,,,,,,,,,,,,,
Alexander Ring,fi FIN,"DF,MF",Austin,31,1991,28,25,2153,23.9,0.08,0.04,0.13,0.08,0.0,0.0,0.13,0.0,0.06,0.06,0.12,0.18,0.84,5.98,1.67,0.08,0.04,0.13,0.08,0.13,0.06,0.12,0.18,0.06,0.18,Matches,2023,23.9,50.9,20.0,23.4,7.03,61.2,21.8,25.6,12.3,83.1,91.8,91.7,57.1,1001.5,381.0,50.9,20.0,23.4,7.03,61.2,21.8,25.6,12.3,83.1,91.8,91.7,57.1,50.9,20.0,23.4,7.03,61.2,21.8,25.6,12.3,83.1,91.8,91.7,57.1,50.9,20.0,23.4,7.03,61.2,21.8,25.6,12.3,83.1,91.8,91.7,57.1,0.04,0.11,-0.08,0.63,5.65,0.88,0.21,0.08,0.79,0.25,31.6,0.79,0.25,0.11,0.33,18.2,0.0,0.0,0.0,0.08,0.02,0.02,69.7,6.15,28.6,35.1,6.19,1.26,69.7,0.25,66.7,0.08,22.2,43.0,0.21,0.63,0.29,49.0,1.55,0.84,1.0,1.55,0.84,42.6,1.13,1.13,0.42,1.13,2.68,2.89,0.08,1.63,1.63,0.04,0.0,0.04,0.0,0.0,0.0,0.17,0.17,0.04,0.0,0.04,0.0,0.0,0.0,0.0,1.0,0.29,0.21,1.13,1.13,1.0,0.0,0.0,0.0,5.61,1.09,52.0,,,,,,,,,,,,,,,,,,,,,,,,,,,,
Birk Risa,no NOR,DF,NYCFC,24,1998,10,10,860,9.6,0.0,0.1,0.1,0.0,0.0,0.0,0.1,0.0,0.01,0.01,0.01,0.02,0.63,3.65,0.1,0.0,0.1,0.1,0.0,0.1,0.01,0.02,0.03,0.01,0.03,Matches,2023,9.6,46.0,13.6,25.6,6.56,54.1,14.5,27.8,10.9,85.2,94.2,92.1,60.0,975.5,341.8,46.0,13.6,25.6,6.56,54.1,14.5,27.8,10.9,85.2,94.2,92.1,60.0,46.0,13.6,25.6,6.56,54.1,14.5,27.8,10.9,85.2,94.2,92.1,60.0,46.0,13.6,25.6,6.56,54.1,14.5,27.8,10.9,85.2,94.2,92.1,60.0,0.1,0.02,0.09,0.21,3.44,0.31,0.0,0.0,0.31,0.1,33.3,0.31,0.1,0.0,0.0,23.5,0.21,0.0,0.0,0.03,-0.01,-0.01,60.7,5.0,29.0,30.9,1.04,0.21,60.7,0.1,50.0,0.0,0.0,38.0,0.0,0.21,0.1,43.4,0.94,0.63,0.42,0.94,0.63,54.5,0.52,0.42,0.1,0.83,1.77,3.44,0.0,0.73,0.73,0.0,0.0,0.0,0.0,0.0,0.0,0.1,0.1,0.0,0.0,0.0,0.0,0.0,0.0,0.0,0.94,0.52,0.1,0.1,0.83,0.42,0.0,0.0,0.0,3.23,2.5,77.4,,,,,,,,,,,,,,,,,,,,,,,,,,,,
Damien Rivera,gt GUA,"FW,MF",NE Revolution,20,2002,7,2,182,2.0,0.0,0.0,0.0,0.0,0.0,0.0,0.0,0.0,0.35,0.35,0.1,0.4,3.5,2.5,9.0,0.0,0.0,0.0,0.0,0.0,0.32,0.1,0.42,0.32,0.42,Matches,2023,2.0,22.5,15.5,5.5,0.5,34.5,19.5,9.0,2.0,65.2,79.5,61.1,25.0,294.5,58.5,22.5,15.5,5.5,0.5,34.5,19.5,9.0,2.0,65.2,79.5,61.1,25.0,22.5,15.5,5.5,0.5,34.5,19.5,9.0,2.0,65.2,79.5,61.1,25.0,22.5,15.5,5.5,0.5,34.5,19.5,9.0,2.0,65.2,79.5,61.1,25.0,0.0,0.05,-0.1,1.0,1.5,0.5,0.0,0.0,3.0,1.0,33.3,2.97,0.99,0.0,0.0,14.5,0.0,0.0,0.0,0.11,-0.35,-0.35,51.0,2.5,12.0,23.0,16.5,4.0,51.0,1.5,33.3,2.5,55.6,36.5,1.5,3.5,1.5,35.0,0.5,0.5,0.5,0.5,0.5,50.0,0.5,1.0,1.0,0.5,1.0,1.5,0.0,3.0,2.97,0.5,0.0,0.0,0.0,0.0,0.0,0.0,0.0,0.5,0.0,0.0,0.0,0.0,0.0,0.0,1.0,2.5,0.5,3.5,0.5,0.5,0.0,0.0,0.0,7.0,2.0,57.1,,,,,,,,,,,,,,,,,,,,,,,,,,,,
Nigel Robertha,nl NED,"FW,MF",D.C. United,24,1998,10,3,309,3.4,0.29,0.0,0.29,0.29,0.0,0.0,0.0,0.0,0.38,0.38,0.0,0.38,2.35,1.47,7.94,0.29,0.0,0.29,0.29,0.29,0.39,0.0,0.39,0.39,0.39,Matches,2023,3.4,12.9,8.53,2.65,1.47,19.1,10.3,4.12,2.06,67.7,82.9,64.3,71.4,190.6,38.8,12.9,8.53,2.65,1.47,19.1,10.3,4.12,2.06,67.7,82.9,64.3,71.4,12.9,8.53,2.65,1.47,19.1,10.3,4.12,2.06,67.7,82.9,64.3,71.4,12.9,8.53,2.65,1.47,19.1,10.3,4.12,2.06,67.7,82.9,64.3,71.4,0.0,0.03,0.0,0.0,2.06,0.59,0.59,0.29,2.06,1.18,57.1,2.04,1.17,0.14,0.25,14.3,0.0,0.0,0.0,0.19,-0.09,-0.09,28.2,0.0,0.59,12.1,15.9,3.24,28.2,1.76,54.5,1.18,36.4,21.2,0.0,2.06,2.65,25.0,0.59,0.29,0.29,0.59,0.29,50.0,0.29,0.59,0.59,0.0,0.59,0.29,0.0,1.47,1.46,0.59,0.0,0.29,0.0,0.0,0.0,0.29,0.29,0.59,0.0,0.29,0.0,0.0,0.0,0.0,1.76,0.88,0.88,2.06,0.0,0.29,0.0,0.0,0.0,1.76,0.59,25.0,,,,,,,,,,,,,,,,,,,,,,,,,,,,
Miles Robinson,us USA,DF,Atlanta Utd,25,1997,27,26,2367,26.3,0.08,0.04,0.11,0.08,0.0,0.0,0.08,0.0,0.06,0.06,0.02,0.07,0.38,3.0,0.08,0.08,0.04,0.11,0.08,0.11,0.06,0.02,0.07,0.06,0.07,Matches,2023,26.3,50.6,14.9,30.0,5.13,58.9,16.4,32.2,9.09,85.9,90.5,92.9,56.5,1011.9,360.7,50.6,14.9,30.0,5.13,58.9,16.4,32.2,9.09,85.9,90.5,92.9,56.5,50.6,14.9,30.0,5.13,58.9,16.4,32.2,9.09,85.9,90.5,92.9,56.5,50.6,14.9,30.0,5.13,58.9,16.4,32.2,9.09,85.9,90.5,92.9,56.5,0.04,0.03,0.02,0.08,3.0,0.04,0.0,0.08,0.46,0.19,41.7,0.46,0.19,0.17,0.4,9.2,0.0,0.0,0.0,0.13,0.02,0.02,67.8,8.33,36.9,29.3,1.86,0.84,67.8,0.19,71.4,0.04,14.3,45.4,0.04,0.57,0.23,49.0,1.37,0.57,0.91,1.37,0.57,57.7,0.42,0.99,0.27,0.95,2.32,3.76,0.0,0.3,0.3,0.0,0.0,0.0,0.0,0.0,0.0,0.04,0.04,0.0,0.0,0.0,0.0,0.0,0.0,0.0,0.49,0.49,0.08,0.0,0.95,0.91,0.0,0.0,0.0,4.33,2.21,73.4,,,,,,,,,,,,,,,,,,,,,,,,,,,,
Robbie Robinson,us USA,"FW,MF",Inter Miami,24,1998,9,3,342,3.8,0.26,0.0,0.26,0.26,0.0,0.0,0.26,0.0,0.66,0.66,0.11,0.74,8.16,3.68,12.4,0.26,0.0,0.26,0.26,0.26,0.65,0.1,0.74,0.65,0.74,Matches,2023,3.8,36.1,27.4,6.84,1.32,44.5,29.5,9.21,2.63,81.1,92.9,74.3,50.0,473.2,98.4,36.1,27.4,6.84,1.32,44.5,29.5,9.21,2.63,81.1,92.9,74.3,50.0,36.1,27.4,6.84,1.32,44.5,29.5,9.21,2.63,81.1,92.9,74.3,50.0,36.1,27.4,6.84,1.32,44.5,29.5,9.21,2.63,81.1,92.9,74.3,50.0,0.0,0.18,-0.11,1.32,2.89,1.05,0.26,0.26,4.21,1.05,25.0,4.21,1.05,0.06,0.25,16.7,0.0,0.0,0.0,0.15,-0.39,-0.39,59.7,0.79,5.0,25.3,30.5,8.16,59.7,3.16,52.2,2.11,34.8,45.0,4.21,3.68,1.05,49.5,1.84,0.26,1.05,1.84,0.26,14.3,1.58,0.53,0.26,0.26,2.11,0.26,0.0,4.47,4.47,1.32,0.0,0.26,0.0,0.0,0.0,0.0,0.0,1.32,0.0,0.26,0.0,0.0,0.0,0.0,1.32,2.37,1.05,1.05,0.26,1.05,0.0,0.0,0.0,3.95,0.53,66.7,,,,,,,,,,,,,,,,,,,,,,,,,,,,
Rodrigues,br BRA,DF,SJ Earthquakes,25,1997,34,34,2998,33.3,0.03,0.03,0.06,0.03,0.0,0.0,0.18,0.0,0.09,0.09,0.04,0.13,0.87,3.42,0.24,0.03,0.03,0.06,0.03,0.06,0.09,0.04,0.12,0.09,0.12,Matches,2023,33.3,44.2,14.6,23.6,5.74,52.2,16.2,26.0,8.62,84.8,90.0,90.8,66.6,889.6,377.7,44.2,14.6,23.6,5.74,52.2,16.2,26.0,8.62,84.8,90.0,90.8,66.6,44.2,14.6,23.6,5.74,52.2,16.2,26.0,8.62,84.8,90.0,90.8,66.6,44.2,14.6,23.6,5.74,52.2,16.2,26.0,8.62,84.8,90.0,90.8,66.6,0.03,0.02,-0.01,0.24,2.28,0.06,0.0,0.03,0.75,0.15,20.0,0.75,0.15,0.04,0.2,9.5,0.0,0.0,0.0,0.12,-0.06,-0.06,63.6,11.8,37.6,24.2,2.55,1.38,63.6,1.11,82.2,0.12,8.9,39.2,0.06,0.75,0.21,40.2,2.16,1.44,1.38,2.16,1.44,64.9,0.78,1.29,0.48,1.74,3.9,4.56,0.03,0.84,0.84,0.03,0.03,0.03,0.0,0.0,0.0,0.09,0.09,0.03,0.03,0.03,0.0,0.0,0.0,0.0,0.81,0.69,0.21,0.09,1.74,1.38,0.0,0.06,0.0,7.3,2.55,66.9,,,,,,,,,,,,,,,,,,,,,,,,,,,,
Abraham Rodriguez,us USA,GK,Colorado Rapids,20,2002,1,1,90,1.0,0.0,0.0,0.0,0.0,0.0,0.0,0.0,0.0,0.0,0.0,0.0,0.0,0.0,0.0,0.0,0.0,0.0,0.0,0.0,0.0,0.0,0.0,0.0,0.0,0.0,Matches,2023,1.0,24.0,7.0,10.0,7.0,28.0,7.0,10.0,11.0,85.7,100.0,100.0,63.6,598.0,468.0,24.0,7.0,10.0,7.0,28.0,7.0,10.0,11.0,85.7,100.0,100.0,63.6,24.0,7.0,10.0,7.0,28.0,7.0,10.0,11.0,85.7,100.0,100.0,63.6,24.0,7.0,10.0,7.0,28.0,7.0,10.0,11.0,85.7,100.0,100.0,63.6,0.0,0.0,0.0,0.0,0.0,0.0,0.0,0.0,0.0,0.0,,0.0,0.0,,,,0.0,0.0,0.0,,0.0,0.0,30.0,28.0,30.0,0.0,0.0,0.0,30.0,0.0,,0.0,,21.0,0.0,0.0,0.0,11.0,0.0,0.0,0.0,0.0,0.0,,0.0,0.0,0.0,0.0,0.0,1.0,0.0,0.0,0.0,0.0,0.0,0.0,0.0,0.0,0.0,0.0,0.0,0.0,0.0,0.0,0.0,0.0,0.0,0.0,0.0,1.0,0.0,0.0,0.0,0.0,0.0,0.0,0.0,5.0,1.0,100.0,1.0,0.0,0.0,0.0,1.4,0.27,0.4,0.37,24.0,7.0,20.8,50.0,26.8,40.8,10.3,20.8,50.0,26.8,40.8,10.3,10.0,1.0,10.0,1.0,1.0,26.8,40.8,10.3
Memo Rodriguez,us USA,"FW,MF",Austin,27,1995,9,2,240,2.7,0.0,0.0,0.0,0.0,0.0,0.0,0.0,0.0,0.33,0.33,0.11,0.44,1.48,2.96,5.19,0.0,0.0,0.0,0.0,0.0,0.33,0.1,0.43,0.33,0.43,Matches,2023,2.7,13.7,5.93,5.19,2.22,22.2,7.78,6.67,5.93,61.7,76.2,77.8,37.5,248.9,79.6,13.7,5.93,5.19,2.22,22.2,7.78,6.67,5.93,61.7,76.2,77.8,37.5,13.7,5.93,5.19,2.22,22.2,7.78,6.67,5.93,61.7,76.2,77.8,37.5,13.7,5.93,5.19,2.22,22.2,7.78,6.67,5.93,61.7,76.2,77.8,37.5,0.0,0.11,-0.11,1.48,1.48,0.37,0.0,0.0,2.59,1.85,71.4,2.62,1.87,0.0,0.0,23.5,0.37,0.0,0.0,0.12,-0.33,-0.33,34.8,1.48,7.78,10.0,17.0,1.48,34.8,1.48,80.0,0.37,20.0,17.0,0.37,2.22,0.37,16.7,2.59,1.11,1.85,2.59,1.11,50.0,1.11,0.37,0.37,0.74,3.33,2.22,0.0,2.96,3.0,0.0,0.0,0.0,0.0,0.0,0.0,0.37,0.37,0.0,0.0,0.0,0.0,0.0,0.0,0.0,1.11,0.74,1.11,4.81,0.74,1.85,0.0,0.0,0.0,4.07,0.37,33.3,,,,,,,,,,,,,,,,,,,,,,,,,,,,
Memo Rodriguez,us USA,"MF,FW",LA Galaxy,27,1995,12,9,665,7.4,0.14,0.14,0.27,0.14,0.0,0.0,0.27,0.0,0.09,0.09,0.09,0.19,1.22,3.78,8.11,0.14,0.14,0.27,0.14,0.27,0.09,0.1,0.19,0.09,0.19,Matches,2023,7.4,30.0,17.3,9.32,1.76,40.0,19.5,10.9,5.68,75.0,88.9,85.2,31.0,456.4,130.9,30.0,17.3,9.32,1.76,40.0,19.5,10.9,5.68,75.0,88.9,85.2,31.0,30.0,17.3,9.32,1.76,40.0,19.5,10.9,5.68,75.0,88.9,85.2,31.0,30.0,17.3,9.32,1.76,40.0,19.5,10.9,5.68,75.0,88.9,85.2,31.0,0.14,0.11,0.04,1.22,1.62,0.68,0.0,0.14,2.03,0.54,26.7,2.03,0.54,0.07,0.25,22.0,0.27,0.0,0.0,0.05,0.04,0.04,49.1,1.22,6.76,19.6,23.6,2.57,49.1,1.49,64.7,0.81,35.3,30.0,0.81,1.76,1.49,36.8,1.76,0.81,0.95,1.76,0.81,37.5,1.35,0.68,0.27,0.27,2.03,0.14,0.0,2.43,2.44,0.41,0.14,0.27,0.0,0.0,0.0,0.27,0.27,0.41,0.14,0.27,0.0,0.0,0.0,0.0,1.22,1.22,0.27,5.14,0.27,0.95,0.0,0.0,0.0,3.92,0.14,14.3,,,,,,,,,,,,,,,,,,,,,,,,,,,,
Missael Rodriguez,us USA,FW,Chicago Fire,19,2003,1,0,15,0.2,0.0,0.0,0.0,0.0,0.0,0.0,0.0,0.0,0.0,0.0,0.0,0.0,5.0,0.0,0.0,0.0,0.0,0.0,0.0,0.0,0.0,0.0,0.0,0.0,0.0,Matches,2023,0.2,20.0,15.0,5.0,0.0,25.0,15.0,10.0,0.0,80.0,100.0,50.0,,230.0,50.0,20.0,15.0,5.0,0.0,25.0,15.0,10.0,0.0,80.0,100.0,50.0,,20.0,15.0,5.0,0.0,25.0,15.0,10.0,0.0,80.0,100.0,50.0,,20.0,15.0,5.0,0.0,25.0,15.0,10.0,0.0,80.0,100.0,50.0,,0.0,0.0,0.0,0.0,0.0,0.0,0.0,0.0,0.0,0.0,,0.0,0.0,,,,0.0,0.0,0.0,,0.0,0.0,50.0,5.0,30.0,15.0,5.0,0.0,50.0,0.0,,0.0,,10.0,0.0,0.0,0.0,20.0,15.0,10.0,5.0,15.0,10.0,66.7,5.0,0.0,0.0,0.0,15.0,5.0,0.0,0.0,0.0,0.0,0.0,0.0,0.0,0.0,0.0,0.0,0.0,0.0,0.0,0.0,0.0,0.0,0.0,0.0,5.0,5.0,0.0,0.0,0.0,5.0,0.0,0.0,0.0,5.0,5.0,50.0,,,,,,,,,,,,,,,,,,,,,,,,,,,,
Santiago Rodríguez,uy URU,"MF,FW",NYCFC,23,2000,31,28,2580,28.7,0.17,0.17,0.35,0.14,0.03,0.07,0.31,0.0,0.17,0.11,0.22,0.33,3.14,5.51,6.03,0.17,0.17,0.35,0.14,0.31,0.17,0.22,0.39,0.12,0.33,Matches,2023,28.7,34.4,16.7,12.4,4.11,44.0,18.9,14.8,6.62,78.1,88.2,83.6,62.1,591.0,180.1,34.4,16.7,12.4,4.11,44.0,18.9,14.8,6.62,78.1,88.2,83.6,62.1,34.4,16.7,12.4,4.11,44.0,18.9,14.8,6.62,78.1,88.2,83.6,62.1,34.4,16.7,12.4,4.11,44.0,18.9,14.8,6.62,78.1,88.2,83.6,62.1,0.17,0.21,-0.04,2.3,3.55,1.22,0.1,0.17,1.57,0.52,33.3,1.57,0.52,0.09,0.27,21.2,0.24,0.03,0.07,0.07,0.0,0.02,56.0,0.56,5.44,28.6,23.2,2.44,55.9,2.26,46.1,2.2,44.7,35.7,0.8,2.47,2.58,42.0,1.25,0.35,0.66,1.25,0.35,24.4,1.08,0.94,0.91,0.38,1.64,0.35,0.03,4.56,4.57,0.28,0.03,0.49,0.0,0.03,0.0,0.35,0.35,0.28,0.03,0.49,0.0,0.03,0.0,0.0,1.57,2.79,0.45,3.97,0.38,0.66,0.03,0.0,0.0,5.16,0.17,18.5,,,,,,,,,,,,,,,,,,,,,,,,,,,,
Alex Roldan,sv SLV,DF,Seattle Sounders,26,1996,28,27,2421,26.9,0.04,0.07,0.11,0.04,0.0,0.0,0.19,0.0,0.03,0.03,0.16,0.2,1.23,4.05,6.1,0.04,0.07,0.11,0.04,0.11,0.03,0.16,0.2,0.03,0.2,Matches,2023,26.9,53.5,27.5,20.2,4.35,66.2,29.9,24.9,7.47,80.8,92.0,81.2,58.2,871.8,279.9,53.5,27.5,20.2,4.35,66.2,29.9,24.9,7.47,80.8,92.0,81.2,58.2,53.5,27.5,20.2,4.35,66.2,29.9,24.9,7.47,80.8,92.0,81.2,58.2,53.5,27.5,20.2,4.35,66.2,29.9,24.9,7.47,80.8,92.0,81.2,58.2,0.07,0.13,-0.09,1.12,3.64,1.64,0.78,0.04,0.71,0.15,21.1,0.71,0.15,0.05,0.25,18.7,0.0,0.0,0.0,0.05,0.0,0.0,75.6,2.49,16.0,35.6,24.4,1.23,75.6,0.63,48.6,0.41,31.4,40.3,0.3,0.97,0.56,48.7,1.97,1.23,1.41,1.97,1.23,55.9,0.97,0.93,0.74,0.86,2.83,1.9,0.04,2.6,2.6,0.07,0.0,0.04,0.0,0.0,0.0,0.22,0.22,0.07,0.0,0.04,0.0,0.0,0.0,0.0,0.74,1.12,0.11,3.27,0.86,1.41,0.0,0.0,0.0,5.87,1.04,43.1,,,,,,,,,,,,,,,,,,,,,,,,,,,,
Cristian Roldan,us USA,"FW,DF",Seattle Sounders,27,1995,16,14,1251,13.9,0.22,0.14,0.36,0.22,0.0,0.0,0.14,0.0,0.24,0.24,0.18,0.42,1.87,3.53,6.33,0.22,0.14,0.36,0.22,0.36,0.24,0.18,0.42,0.24,0.42,Matches,2023,13.9,32.2,19.3,10.0,1.65,42.6,21.6,13.2,3.96,75.5,89.3,76.0,41.8,470.9,141.7,32.2,19.3,10.0,1.65,42.6,21.6,13.2,3.96,75.5,89.3,76.0,41.8,32.2,19.3,10.0,1.65,42.6,21.6,13.2,3.96,75.5,89.3,76.0,41.8,32.2,19.3,10.0,1.65,42.6,21.6,13.2,3.96,75.5,89.3,76.0,41.8,0.14,0.16,-0.04,1.58,2.88,1.15,0.22,0.22,1.58,0.72,45.5,1.58,0.72,0.14,0.3,12.7,0.0,0.0,0.0,0.17,-0.02,-0.02,52.5,2.09,7.48,23.4,22.2,3.53,52.5,1.08,50.0,0.94,43.3,27.0,0.5,1.58,0.79,36.0,1.58,0.72,1.01,1.58,0.72,47.6,0.79,1.01,1.01,0.65,2.23,1.01,0.0,3.96,3.96,0.22,0.07,0.58,0.0,0.0,0.0,0.43,0.43,0.22,0.07,0.58,0.0,0.0,0.0,0.0,1.01,1.51,0.14,2.66,0.65,1.01,0.0,0.0,0.0,5.97,2.3,65.3,,,,,,,,,,,,,,,,,,,,,,,,,,,,
Tomas Romero,sv SLV,GK,Toronto FC,22,2000,6,6,540,6.0,0.0,0.0,0.0,0.0,0.0,0.0,0.17,0.0,0.0,0.0,0.02,0.02,0.0,0.0,0.0,0.0,0.0,0.0,0.0,0.0,0.0,0.01,0.01,0.0,0.01,Matches,2023,6.0,24.2,6.17,10.5,7.17,31.2,6.33,10.7,13.7,77.5,97.4,98.4,52.4,640.8,492.2,24.2,6.17,10.5,7.17,31.2,6.33,10.7,13.7,77.5,97.4,98.4,52.4,24.2,6.17,10.5,7.17,31.2,6.33,10.7,13.7,77.5,97.4,98.4,52.4,24.2,6.17,10.5,7.17,31.2,6.33,10.7,13.7,77.5,97.4,98.4,52.4,0.0,0.02,-0.02,0.17,0.33,0.17,0.0,0.0,0.0,0.0,,0.0,0.0,,,,0.0,0.0,0.0,,0.0,0.0,35.0,31.0,34.8,0.17,0.0,0.0,35.0,0.17,100.0,0.0,0.0,17.0,0.0,0.17,0.0,11.8,0.0,0.0,0.0,0.0,0.0,,0.0,0.0,0.0,0.0,0.0,0.83,0.33,0.33,0.33,0.0,0.0,0.0,0.0,0.0,0.0,0.0,0.0,0.0,0.0,0.0,0.0,0.0,0.0,0.0,0.0,0.0,0.0,0.0,0.0,0.0,0.0,0.0,0.0,1.17,0.17,100.0,2.17,0.17,0.17,0.17,2.13,0.34,0.13,0.13,21.8,5.5,32.8,39.3,32.9,33.3,14.9,32.8,39.3,32.9,33.3,14.9,15.7,0.83,5.3,1.33,1.33,32.9,33.3,14.9
David Romney,us USA,DF,NE Revolution,29,1993,34,34,3060,34.0,0.03,0.03,0.06,0.03,0.0,0.0,0.03,0.0,0.03,0.03,0.04,0.06,0.09,2.53,0.12,0.03,0.03,0.06,0.03,0.06,0.03,0.04,0.07,0.03,0.07,Matches,2023,34.0,46.3,12.4,27.4,6.26,54.8,14.1,29.7,9.79,84.5,88.1,92.1,64.0,961.7,354.1,46.3,12.4,27.4,6.26,54.8,14.1,29.7,9.79,84.5,88.1,92.1,64.0,46.3,12.4,27.4,6.26,54.8,14.1,29.7,9.79,84.5,88.1,92.1,64.0,46.3,12.4,27.4,6.26,54.8,14.1,29.7,9.79,84.5,88.1,92.1,64.0,0.03,0.01,-0.01,0.15,2.29,0.06,0.0,0.03,0.41,0.09,21.4,0.41,0.09,0.07,0.33,10.8,0.0,0.0,0.0,0.07,0.0,0.0,64.8,9.71,37.0,26.3,1.59,0.62,64.8,0.0,,0.0,,34.2,0.0,0.18,0.12,41.9,0.68,0.56,0.41,0.68,0.56,55.9,0.44,1.47,0.56,1.09,1.76,4.76,0.06,0.5,0.5,0.0,0.0,0.0,0.0,0.06,0.0,0.18,0.18,0.0,0.0,0.0,0.0,0.06,0.0,0.0,0.32,0.24,0.0,0.15,1.09,0.41,0.0,0.0,0.0,4.56,3.21,58.3,,,,,,,,,,,,,,,,,,,,,,,,,,,,
Connor Ronan,ie IRL,MF,Colorado Rapids,24,1998,34,33,2846,31.6,0.03,0.25,0.28,0.0,0.03,0.06,0.09,0.0,0.08,0.03,0.21,0.24,1.42,6.42,1.68,0.03,0.25,0.28,0.0,0.25,0.08,0.21,0.29,0.03,0.24,Matches,2023,31.6,51.6,22.1,19.7,8.77,63.4,23.9,22.8,14.6,81.5,92.4,86.5,60.2,1014.7,358.1,51.6,22.1,19.7,8.77,63.4,23.9,22.8,14.6,81.5,92.4,86.5,60.2,51.6,22.1,19.7,8.77,63.4,23.9,22.8,14.6,81.5,92.4,86.5,60.2,51.6,22.1,19.7,8.77,63.4,23.9,22.8,14.6,81.5,92.4,86.5,60.2,0.25,0.23,0.04,2.03,6.58,0.82,0.25,0.03,0.79,0.16,20.0,0.79,0.16,0.0,0.0,27.5,0.03,0.03,0.06,0.04,-0.05,-0.03,69.7,1.65,16.6,38.8,15.1,0.44,69.7,0.85,55.1,0.63,40.8,39.9,0.06,1.39,0.47,48.7,1.01,0.63,0.63,1.01,0.63,33.3,1.27,0.7,0.54,0.63,1.65,0.82,0.06,3.67,3.67,0.06,0.0,0.03,0.0,0.03,0.0,0.35,0.35,0.06,0.0,0.03,0.0,0.03,0.0,0.0,0.57,0.44,0.03,6.11,0.63,0.63,0.0,0.0,0.0,6.39,0.16,33.3,,,,,,,,,,,,,,,,,,,,,,,,,,,,
Eloy Room,cw CUW,GK,Columbus Crew,33,1989,3,3,270,3.0,0.0,0.0,0.0,0.0,0.0,0.0,0.0,0.0,0.0,0.0,0.0,0.0,0.0,0.0,0.0,0.0,0.0,0.0,0.0,0.0,0.0,0.0,0.0,0.0,0.0,Matches,2023,3.0,23.0,6.0,12.3,4.67,31.3,6.0,12.7,12.7,73.4,100.0,97.4,36.8,535.7,383.0,23.0,6.0,12.3,4.67,31.3,6.0,12.7,12.7,73.4,100.0,97.4,36.8,23.0,6.0,12.3,4.67,31.3,6.0,12.7,12.7,73.4,100.0,97.4,36.8,23.0,6.0,12.3,4.67,31.3,6.0,12.7,12.7,73.4,100.0,97.4,36.8,0.0,0.0,0.0,0.0,0.33,0.0,0.0,0.0,0.0,0.0,,0.0,0.0,,,,0.0,0.0,0.0,,0.0,0.0,33.3,30.0,33.0,0.33,0.0,0.0,33.3,0.0,,0.0,,19.0,0.0,0.0,0.0,13.7,0.0,0.0,0.0,0.0,0.0,,0.0,0.0,0.0,0.0,0.0,0.67,0.0,0.33,0.33,0.0,0.0,0.0,0.0,0.0,0.0,0.0,0.0,0.0,0.0,0.0,0.0,0.0,0.0,0.0,0.0,0.0,0.0,0.0,0.0,0.0,0.0,0.0,0.0,2.0,0.0,,1.0,0.0,0.0,0.0,0.63,0.19,-0.37,-0.37,24.3,3.33,19.2,23.8,29.5,26.1,19.2,19.2,23.8,29.5,26.1,19.2,10.7,0.33,3.1,2.33,2.33,29.5,26.1,19.2
Joseph Rosales,hn HON,"FW,MF",Minnesota Utd,22,2000,18,13,1090,12.1,0.08,0.0,0.08,0.08,0.0,0.0,0.0,0.0,0.11,0.11,0.06,0.17,2.56,3.55,7.52,0.08,0.0,0.08,0.08,0.08,0.1,0.06,0.16,0.1,0.16,Matches,2023,12.1,28.8,16.4,10.0,1.57,40.0,19.2,12.7,4.88,71.9,85.8,78.6,32.2,445.0,132.7,28.8,16.4,10.0,1.57,40.0,19.2,12.7,4.88,71.9,85.8,78.6,32.2,28.8,16.4,10.0,1.57,40.0,19.2,12.7,4.88,71.9,85.8,78.6,32.2,28.8,16.4,10.0,1.57,40.0,19.2,12.7,4.88,71.9,85.8,78.6,32.2,0.0,0.05,-0.06,0.83,2.15,0.41,0.08,0.08,1.32,0.33,25.0,1.32,0.33,0.06,0.25,21.1,0.0,0.0,0.0,0.08,-0.02,-0.02,52.5,1.57,10.7,21.9,20.5,1.9,52.5,1.49,52.9,0.83,29.4,29.6,0.33,1.65,1.57,33.2,2.64,1.16,1.82,2.64,1.16,51.9,1.07,1.57,1.4,0.99,3.64,1.16,0.08,2.15,2.15,0.17,0.0,0.17,0.0,0.08,0.0,0.0,0.0,0.17,0.0,0.17,0.0,0.08,0.0,0.0,2.31,1.07,0.08,4.55,0.99,1.82,0.0,0.0,0.0,5.62,0.74,34.6,,,,,,,,,,,,,,,,,,,,,,,,,,,,
Oriol Rosell,es ESP,MF,LA Galaxy,30,1992,16,12,843,9.4,0.0,0.11,0.11,0.0,0.0,0.0,0.0,0.0,0.01,0.01,0.07,0.09,0.11,4.47,1.38,0.0,0.11,0.11,0.0,0.11,0.01,0.08,0.09,0.01,0.09,Matches,2023,9.4,61.6,31.7,25.5,2.45,66.4,33.8,27.1,2.55,92.8,93.7,94.1,95.8,956.5,259.3,61.6,31.7,25.5,2.45,66.4,33.8,27.1,2.55,92.8,93.7,94.1,95.8,61.6,31.7,25.5,2.45,66.4,33.8,27.1,2.55,92.8,93.7,94.1,95.8,61.6,31.7,25.5,2.45,66.4,33.8,27.1,2.55,92.8,93.7,94.1,95.8,0.11,0.06,0.03,0.64,5.53,0.11,0.0,0.0,0.32,0.0,0.0,0.32,0.0,0.0,,20.3,0.0,0.0,0.0,0.04,-0.01,-0.01,74.1,3.09,20.2,46.1,8.09,0.32,74.1,0.43,100.0,0.0,0.0,40.6,0.0,0.74,0.74,54.6,1.91,0.53,1.17,1.91,0.53,29.4,1.28,1.38,1.06,0.64,2.55,1.49,0.11,1.81,1.81,0.0,0.0,0.11,0.0,0.0,0.0,0.11,0.11,0.0,0.0,0.11,0.0,0.0,0.0,0.0,1.49,0.64,0.0,0.32,0.64,1.17,0.0,0.0,0.0,5.96,0.96,60.0,,,,,,,,,,,,,,,,,,,,,,,,,,,,
Keegan Rosenberry,us USA,DF,Colorado Rapids,29,1993,26,25,2267,25.2,0.0,0.0,0.0,0.0,0.0,0.0,0.12,0.0,0.03,0.03,0.06,0.09,0.95,4.56,4.21,0.0,0.0,0.0,0.0,0.0,0.03,0.06,0.09,0.03,0.09,Matches,2023,25.2,43.0,17.8,19.2,5.36,54.4,19.1,22.7,10.1,78.9,92.9,84.5,53.1,820.4,275.6,43.0,17.8,19.2,5.36,54.4,19.1,22.7,10.1,78.9,92.9,84.5,53.1,43.0,17.8,19.2,5.36,54.4,19.1,22.7,10.1,78.9,92.9,84.5,53.1,43.0,17.8,19.2,5.36,54.4,19.1,22.7,10.1,78.9,92.9,84.5,53.1,0.0,0.07,-0.06,0.71,3.69,0.71,0.36,0.0,0.71,0.24,33.3,0.71,0.24,0.0,0.0,22.0,0.0,0.0,0.0,0.04,-0.03,-0.03,63.4,3.89,21.9,29.2,12.5,1.11,63.4,0.48,44.4,0.4,37.0,32.3,0.2,0.75,0.36,38.0,1.27,0.83,0.95,1.27,0.83,55.3,0.67,0.95,0.44,1.83,3.1,2.14,0.0,1.43,1.43,0.04,0.0,0.0,0.0,0.0,0.0,0.0,0.0,0.04,0.0,0.0,0.0,0.0,0.0,0.0,0.52,0.28,0.0,1.79,1.83,0.95,0.0,0.0,0.0,5.71,0.75,43.2,,,,,,,,,,,,,,,,,,,,,,,,,,,,
Daniel Rosero,co COL,DF,Sporting KC,29,1993,26,26,2262,25.1,0.08,0.0,0.08,0.08,0.0,0.0,0.32,0.0,0.08,0.08,0.0,0.08,0.12,1.83,0.0,0.08,0.0,0.08,0.08,0.08,0.08,0.0,0.08,0.08,0.08,Matches,2023,25.1,49.6,12.9,30.5,5.86,55.0,13.9,32.0,7.97,90.3,92.9,95.1,73.5,1042.9,338.8,49.6,12.9,30.5,5.86,55.0,13.9,32.0,7.97,90.3,92.9,95.1,73.5,49.6,12.9,30.5,5.86,55.0,13.9,32.0,7.97,90.3,92.9,95.1,73.5,49.6,12.9,30.5,5.86,55.0,13.9,32.0,7.97,90.3,92.9,95.1,73.5,0.0,0.01,-0.0,0.16,1.67,0.08,0.0,0.08,0.8,0.28,35.0,0.8,0.28,0.1,0.29,11.4,0.0,0.0,0.0,0.09,0.0,0.0,65.5,9.12,36.7,27.5,1.59,1.04,65.5,0.44,64.7,0.12,17.6,39.8,0.0,0.52,0.0,45.1,1.12,0.68,0.52,1.12,0.68,50.0,0.68,1.35,0.44,1.35,2.47,4.1,0.08,0.64,0.64,0.04,0.0,0.0,0.0,0.12,0.0,0.0,0.0,0.04,0.0,0.0,0.0,0.12,0.0,0.0,1.04,0.8,0.0,0.0,1.35,0.52,0.0,0.0,0.0,5.82,2.55,64.0,,,,,,,,,,,,,,,,,,,,,,,,,,,,
Matheus Rossetto,br BRA,MF,Atlanta Utd,26,1996,30,19,1831,20.3,0.05,0.05,0.1,0.05,0.0,0.0,0.2,0.0,0.05,0.05,0.06,0.11,1.18,5.27,1.43,0.05,0.05,0.1,0.05,0.1,0.05,0.06,0.11,0.05,0.11,Matches,2023,20.3,58.2,28.2,23.2,4.58,63.7,30.1,24.7,5.42,91.3,93.5,93.6,84.5,942.4,276.8,58.2,28.2,23.2,4.58,63.7,30.1,24.7,5.42,91.3,93.5,93.6,84.5,58.2,28.2,23.2,4.58,63.7,30.1,24.7,5.42,91.3,93.5,93.6,84.5,58.2,28.2,23.2,4.58,63.7,30.1,24.7,5.42,91.3,93.5,93.6,84.5,0.05,0.07,-0.01,0.99,5.02,0.44,0.05,0.05,0.74,0.34,46.7,0.74,0.34,0.07,0.14,23.7,0.0,0.0,0.0,0.07,0.0,0.0,72.9,2.46,18.1,44.0,11.5,0.84,72.9,1.03,70.0,0.44,30.0,45.2,0.0,1.13,0.84,54.5,2.66,0.89,1.58,2.66,0.89,46.2,1.03,0.94,0.84,0.84,3.5,1.13,0.05,2.02,2.01,0.1,0.0,0.05,0.05,0.05,0.0,0.3,0.29,0.1,0.0,0.05,0.05,0.05,0.0,0.0,1.23,0.34,0.05,0.15,0.84,1.58,0.05,0.0,0.0,7.14,0.44,40.9,,,,,,,,,,,,,,,,,,,,,,,,,,,,
Diego Rossi,uy URU,"MF,FW",Columbus Crew,24,1998,10,8,770,8.6,0.35,0.23,0.58,0.35,0.0,0.0,0.0,0.0,0.3,0.3,0.22,0.53,4.07,4.88,8.84,0.35,0.23,0.58,0.35,0.58,0.31,0.23,0.53,0.31,0.53,Matches,2023,8.6,29.9,17.2,9.88,1.51,38.4,19.9,12.0,3.84,77.9,86.5,82.5,39.4,434.1,106.3,29.9,17.2,9.88,1.51,38.4,19.9,12.0,3.84,77.9,86.5,82.5,39.4,29.9,17.2,9.88,1.51,38.4,19.9,12.0,3.84,77.9,86.5,82.5,39.4,29.9,17.2,9.88,1.51,38.4,19.9,12.0,3.84,77.9,86.5,82.5,39.4,0.23,0.17,0.01,2.33,2.56,1.74,0.35,0.35,3.02,1.16,38.5,3.04,1.17,0.12,0.3,18.1,0.12,0.0,0.0,0.1,0.05,0.05,48.6,0.35,2.91,17.2,29.0,5.35,48.6,1.05,37.5,1.51,54.2,34.9,1.74,2.67,1.05,39.1,0.47,0.12,0.35,0.47,0.12,33.3,0.23,0.93,0.93,0.35,0.81,0.35,0.0,4.42,4.44,0.12,0.0,0.23,0.12,0.12,0.0,0.47,0.47,0.12,0.0,0.23,0.12,0.12,0.0,0.0,1.28,1.28,0.35,3.02,0.35,0.35,0.12,0.0,0.0,3.14,0.23,40.0,,,,,,,,,,,,,,,,,,,,,,,,,,,,
Sigurd Rosted,no NOR,DF,Toronto FC,28,1994,21,18,1645,18.3,0.0,0.0,0.0,0.0,0.0,0.0,0.05,0.0,0.02,0.02,0.01,0.03,0.05,1.48,0.0,0.0,0.0,0.0,0.0,0.0,0.02,0.01,0.03,0.02,0.03,Matches,2023,18.3,38.9,12.5,23.1,3.28,46.4,13.9,25.8,6.17,83.9,89.4,89.4,53.1,751.6,273.2,38.9,12.5,23.1,3.28,46.4,13.9,25.8,6.17,83.9,89.4,89.4,53.1,38.9,12.5,23.1,3.28,46.4,13.9,25.8,6.17,83.9,89.4,89.4,53.1,38.9,12.5,23.1,3.28,46.4,13.9,25.8,6.17,83.9,89.4,89.4,53.1,0.0,0.01,-0.01,0.05,1.58,0.05,0.0,0.0,0.27,0.0,0.0,0.27,0.0,0.0,,11.4,0.0,0.0,0.0,0.07,-0.02,-0.02,56.4,9.29,32.8,22.8,1.09,0.44,56.4,0.16,50.0,0.11,33.3,27.8,0.05,0.33,0.16,36.9,1.26,0.77,0.6,1.26,0.77,66.7,0.38,1.15,0.38,1.64,2.9,4.04,0.05,0.38,0.38,0.0,0.0,0.0,0.0,0.0,0.0,0.0,0.0,0.0,0.0,0.0,0.0,0.0,0.0,0.0,1.09,0.93,0.0,0.0,1.64,0.6,0.0,0.0,0.0,4.32,1.86,57.6,,,,,,,,,,,,,,,,,,,,,,,,,,,,
Paul Rothrock,us USA,FW,Seattle Sounders,24,1999,4,0,44,0.5,2.0,0.0,2.0,2.0,0.0,0.0,0.0,0.0,1.6,1.6,0.0,1.6,4.0,2.0,20.0,2.05,0.0,2.05,2.05,2.05,1.54,0.0,1.54,1.54,1.54,Matches,2023,0.5,38.0,14.0,20.0,0.0,48.0,16.0,24.0,0.0,79.2,87.5,83.3,,530.0,58.0,38.0,14.0,20.0,0.0,48.0,16.0,24.0,0.0,79.2,87.5,83.3,,38.0,14.0,20.0,0.0,48.0,16.0,24.0,0.0,79.2,87.5,83.3,,38.0,14.0,20.0,0.0,48.0,16.0,24.0,0.0,79.2,87.5,83.3,,0.0,0.0,0.0,0.0,0.0,0.0,0.0,2.0,2.0,2.0,100.0,2.05,2.05,1.0,1.0,3.7,0.0,0.0,0.0,0.75,0.4,0.4,64.0,0.0,4.0,14.0,46.0,6.0,64.0,2.0,33.3,4.0,66.7,52.0,2.0,2.0,10.0,52.0,6.0,0.0,6.0,6.0,0.0,,0.0,0.0,0.0,0.0,6.0,0.0,0.0,0.0,0.0,0.0,0.0,0.0,0.0,0.0,0.0,0.0,0.0,0.0,0.0,0.0,0.0,0.0,0.0,0.0,2.0,8.0,0.0,4.0,0.0,6.0,0.0,0.0,0.0,4.0,0.0,0.0,,,,,,,,,,,,,,,,,,,,,,,,,,,,
Kelyn Rowe,us USA,DF,Seattle Sounders,31,1991,9,3,341,3.8,0.0,0.0,0.0,0.0,0.0,0.0,0.0,0.0,0.05,0.05,0.03,0.08,0.53,5.79,2.11,0.0,0.0,0.0,0.0,0.0,0.04,0.03,0.07,0.04,0.07,Matches,2023,3.8,55.0,25.0,23.4,5.79,66.3,26.6,28.9,8.95,82.9,94.1,80.9,64.7,991.8,395.3,55.0,25.0,23.4,5.79,66.3,26.6,28.9,8.95,82.9,94.1,80.9,64.7,55.0,25.0,23.4,5.79,66.3,26.6,28.9,8.95,82.9,94.1,80.9,64.7,55.0,25.0,23.4,5.79,66.3,26.6,28.9,8.95,82.9,94.1,80.9,64.7,0.0,0.03,-0.03,0.79,4.74,0.26,0.0,0.0,0.79,0.26,33.3,0.79,0.26,0.0,0.0,17.4,0.0,0.0,0.0,0.06,-0.05,-0.05,75.0,1.32,17.9,42.9,14.7,1.32,75.0,0.26,20.0,0.79,60.0,40.3,0.26,0.79,0.79,48.7,2.89,2.37,2.63,2.89,2.37,60.0,1.58,0.26,0.26,2.37,5.26,0.79,0.0,1.84,1.85,0.0,0.0,0.0,0.0,0.0,0.0,0.0,0.0,0.0,0.0,0.0,0.0,0.0,0.0,0.0,0.79,1.32,0.0,1.32,2.37,2.63,0.0,0.0,0.0,5.53,1.84,50.0,,,,,,,,,,,,,,,,,,,,,,,,,,,,
Ruan,br BRA,"DF,MF",D.C. United,27,1995,24,15,1422,15.8,0.0,0.32,0.32,0.0,0.0,0.0,0.19,0.0,0.05,0.05,0.29,0.34,2.72,2.47,6.58,0.0,0.32,0.32,0.0,0.32,0.05,0.29,0.34,0.05,0.34,Matches,2023,15.8,28.1,15.3,10.3,2.03,37.1,17.3,13.4,3.8,75.8,88.0,76.4,53.3,445.1,136.0,28.1,15.3,10.3,2.03,37.1,17.3,13.4,3.8,75.8,88.0,76.4,53.3,28.1,15.3,10.3,2.03,37.1,17.3,13.4,3.8,75.8,88.0,76.4,53.3,28.1,15.3,10.3,2.03,37.1,17.3,13.4,3.8,75.8,88.0,76.4,53.3,0.32,0.26,0.03,1.9,1.33,1.08,0.63,0.0,0.57,0.13,22.2,0.57,0.13,0.0,0.0,16.7,0.0,0.0,0.0,0.09,-0.05,-0.05,47.0,3.1,11.3,17.2,19.3,2.66,47.0,0.76,38.7,1.01,51.6,22.6,0.76,1.01,0.51,23.7,2.22,0.89,1.2,2.22,0.89,50.0,0.89,0.51,0.38,0.63,2.85,1.39,0.06,3.23,3.23,0.13,0.0,0.19,0.0,0.06,0.0,0.44,0.44,0.13,0.0,0.19,0.0,0.06,0.0,0.0,1.27,1.9,0.06,2.91,0.63,1.2,0.0,0.0,0.0,5.76,0.38,46.2,,,,,,,,,,,,,,,,,,,,,,,,,,,,
Rubio Rubin,gt GUA,"FW,MF",Real Salt Lake,26,1996,22,14,1294,14.4,0.14,0.14,0.28,0.14,0.0,0.0,0.21,0.0,0.28,0.28,0.09,0.37,1.11,2.64,5.07,0.14,0.14,0.28,0.14,0.28,0.28,0.09,0.37,0.28,0.37,Matches,2023,14.4,16.4,8.61,6.39,1.04,21.7,10.2,7.99,1.6,75.6,84.4,80.0,65.2,267.6,58.3,16.4,8.61,6.39,1.04,21.7,10.2,7.99,1.6,75.6,84.4,80.0,65.2,16.4,8.61,6.39,1.04,21.7,10.2,7.99,1.6,75.6,84.4,80.0,65.2,16.4,8.61,6.39,1.04,21.7,10.2,7.99,1.6,75.6,84.4,80.0,65.2,0.14,0.09,0.05,1.04,1.53,0.69,0.14,0.14,2.01,0.56,27.6,2.02,0.56,0.07,0.25,13.4,0.0,0.0,0.0,0.14,-0.14,-0.14,29.4,0.63,1.74,15.2,12.7,3.54,29.4,0.76,44.0,0.83,48.0,17.2,0.07,1.6,0.97,21.9,0.42,0.0,0.28,0.42,0.0,0.0,0.35,0.42,0.35,0.28,0.69,0.42,0.0,2.71,2.71,0.07,0.0,0.07,0.0,0.07,0.0,0.35,0.35,0.07,0.0,0.07,0.0,0.07,0.0,0.0,1.04,0.9,0.14,0.63,0.28,0.28,0.0,0.0,0.0,2.64,2.08,42.9,,,,,,,,,,,,,,,,,,,,,,,,,,,,
Diego Rubio,cl CHI,"MF,FW",Colorado Rapids,29,1993,16,13,1073,11.9,0.25,0.17,0.42,0.25,0.0,0.08,0.25,0.0,0.22,0.15,0.17,0.32,1.76,4.12,5.04,0.25,0.17,0.42,0.25,0.42,0.22,0.17,0.39,0.15,0.32,Matches,2023,11.9,19.9,8.32,7.98,2.77,30.1,11.3,10.5,5.46,66.2,73.9,76.0,50.8,364.0,88.8,19.9,8.32,7.98,2.77,30.1,11.3,10.5,5.46,66.2,73.9,76.0,50.8,19.9,8.32,7.98,2.77,30.1,11.3,10.5,5.46,66.2,73.9,76.0,50.8,19.9,8.32,7.98,2.77,30.1,11.3,10.5,5.46,66.2,73.9,76.0,50.8,0.17,0.14,0.0,1.09,2.18,1.6,0.5,0.25,2.52,1.18,46.7,2.52,1.17,0.1,0.21,21.2,0.25,0.0,0.08,0.06,0.03,0.1,41.0,1.51,4.71,20.6,16.1,2.94,40.9,1.51,69.2,0.42,19.2,23.7,0.84,1.51,1.09,31.7,1.43,0.42,1.01,1.43,0.42,38.5,0.67,0.67,0.59,0.5,1.93,1.51,0.0,3.19,3.19,0.25,0.08,0.34,0.08,0.0,0.0,0.59,0.59,0.25,0.08,0.34,0.08,0.0,0.0,0.0,0.84,2.61,0.17,1.68,0.5,1.01,0.08,0.0,0.0,2.94,1.6,42.2,,,,,,,,,,,,,,,,,,,,,,,,,,,,
Raúl Ruidíaz,pe PER,FW,Seattle Sounders,32,1990,18,11,1053,11.7,0.43,0.09,0.51,0.43,0.0,0.0,0.09,0.0,0.49,0.49,0.09,0.58,0.6,1.97,5.13,0.43,0.09,0.51,0.43,0.51,0.49,0.09,0.58,0.49,0.58,Matches,2023,11.7,18.2,10.2,6.24,1.03,22.6,11.8,7.44,1.2,80.7,86.2,83.9,85.7,273.9,38.8,18.2,10.2,6.24,1.03,22.6,11.8,7.44,1.2,80.7,86.2,83.9,85.7,18.2,10.2,6.24,1.03,22.6,11.8,7.44,1.2,80.7,86.2,83.9,85.7,18.2,10.2,6.24,1.03,22.6,11.8,7.44,1.2,80.7,86.2,83.9,85.7,0.09,0.06,0.0,0.43,1.03,0.34,0.09,0.43,3.5,1.71,48.8,3.5,1.71,0.12,0.25,16.1,0.17,0.0,0.0,0.14,-0.06,-0.06,32.4,0.09,1.97,14.4,16.2,4.62,32.4,0.85,52.6,0.77,47.4,19.9,0.34,2.74,1.2,25.3,0.51,0.17,0.17,0.51,0.17,20.0,0.68,1.03,1.03,0.0,0.51,0.26,0.0,1.62,1.62,0.17,0.09,0.0,0.0,0.0,0.0,0.09,0.09,0.17,0.09,0.0,0.0,0.0,0.0,0.0,0.68,1.37,0.43,0.51,0.0,0.17,0.0,0.0,0.0,1.28,0.94,44.0,,,,,,,,,,,,,,,,,,,,,,,,,,,,
David Ruíz,hn HON,MF,Inter Miami,18,2004,20,14,1186,13.2,0.15,0.08,0.23,0.15,0.0,0.0,0.53,0.08,0.08,0.08,0.04,0.13,0.68,3.26,2.2,0.15,0.08,0.23,0.15,0.23,0.09,0.04,0.13,0.09,0.13,Matches,2023,13.2,38.8,20.6,14.9,1.82,44.5,22.8,16.2,2.73,87.2,90.4,92.1,66.7,598.8,131.7,38.8,20.6,14.9,1.82,44.5,22.8,16.2,2.73,87.2,90.4,92.1,66.7,38.8,20.6,14.9,1.82,44.5,22.8,16.2,2.73,87.2,90.4,92.1,66.7,38.8,20.6,14.9,1.82,44.5,22.8,16.2,2.73,87.2,90.4,92.1,66.7,0.08,0.05,0.04,0.45,3.41,0.38,0.0,0.15,0.61,0.23,37.5,0.61,0.23,0.25,0.67,14.0,0.0,0.0,0.0,0.14,0.07,0.07,53.9,1.21,10.7,31.7,11.7,1.06,53.9,0.83,50.0,0.45,27.3,32.2,0.08,1.67,1.67,39.7,2.35,0.91,1.67,2.35,0.91,37.5,1.52,0.98,0.83,0.98,3.33,0.15,0.0,1.36,1.36,0.08,0.08,0.15,0.08,0.0,0.0,0.38,0.38,0.08,0.08,0.15,0.08,0.0,0.0,0.08,2.12,1.74,0.08,0.3,0.98,1.67,0.08,0.0,0.08,3.86,0.68,29.0,,,,,,,,,,,,,,,,,,,,,,,,,,,,
Pablo Ruíz,ar ARG,MF,Real Salt Lake,24,1998,17,15,1376,15.3,0.26,0.26,0.52,0.26,0.0,0.0,0.46,0.07,0.08,0.08,0.25,0.33,0.78,6.8,1.11,0.26,0.26,0.52,0.26,0.52,0.08,0.25,0.33,0.08,0.33,Matches,2023,15.3,48.8,15.8,21.0,11.4,60.1,17.2,23.5,16.9,81.2,91.6,89.2,67.6,1072.4,329.9,48.8,15.8,21.0,11.4,60.1,17.2,23.5,16.9,81.2,91.6,89.2,67.6,48.8,15.8,21.0,11.4,60.1,17.2,23.5,16.9,81.2,91.6,89.2,67.6,48.8,15.8,21.0,11.4,60.1,17.2,23.5,16.9,81.2,91.6,89.2,67.6,0.26,0.24,0.01,2.29,6.27,1.05,0.13,0.26,1.83,0.65,35.7,1.83,0.65,0.14,0.4,31.5,0.13,0.0,0.0,0.04,0.18,0.18,69.5,1.44,14.6,42.6,13.3,0.33,69.5,0.92,70.0,0.39,30.0,36.4,0.07,0.92,0.46,44.2,2.75,1.63,1.83,2.75,1.63,44.6,2.03,1.5,1.31,0.98,3.73,0.52,0.13,3.86,3.86,0.13,0.0,0.0,0.0,0.0,0.0,0.39,0.39,0.13,0.0,0.0,0.0,0.0,0.0,0.07,1.57,0.46,0.0,4.31,0.98,1.83,0.0,0.07,0.0,8.1,0.33,23.8,,,,,,,,,,,,,,,,,,,,,,,,,,,,
Albert Rusnák,sk SVK,"MF,FW",Seattle Sounders,28,1994,32,30,2620,29.1,0.17,0.0,0.17,0.17,0.0,0.0,0.17,0.0,0.15,0.15,0.09,0.24,2.1,6.15,3.26,0.17,0.0,0.17,0.17,0.17,0.15,0.09,0.24,0.15,0.24,Matches,2023,29.1,45.8,21.4,17.5,5.43,53.0,23.3,19.0,7.84,86.4,91.9,91.9,69.3,803.9,191.8,45.8,21.4,17.5,5.43,53.0,23.3,19.0,7.84,86.4,91.9,91.9,69.3,45.8,21.4,17.5,5.43,53.0,23.3,19.0,7.84,86.4,91.9,91.9,69.3,45.8,21.4,17.5,5.43,53.0,23.3,19.0,7.84,86.4,91.9,91.9,69.3,0.0,0.12,-0.09,1.27,4.64,1.07,0.07,0.17,2.34,0.41,17.6,2.34,0.41,0.07,0.42,20.3,0.21,0.0,0.0,0.06,0.02,0.02,59.8,0.38,6.94,33.4,20.0,2.13,59.8,0.89,60.5,0.48,32.6,35.2,0.31,1.13,0.65,45.3,0.62,0.24,0.27,0.62,0.24,23.3,0.79,0.45,0.38,0.76,1.37,0.17,0.0,3.44,3.44,0.07,0.0,0.0,0.0,0.0,0.0,0.14,0.14,0.07,0.0,0.0,0.0,0.0,0.0,0.0,0.89,0.38,0.14,1.62,0.76,0.27,0.0,0.0,0.0,5.19,0.24,46.7,,,,,,,,,,,,,,,,,,,,,,,,,,,,
Johnny Russell,sct SCO,FW,Sporting KC,32,1990,25,21,1687,18.7,0.43,0.16,0.59,0.37,0.05,0.05,0.05,0.05,0.25,0.21,0.15,0.36,3.9,3.48,6.68,0.43,0.16,0.59,0.37,0.53,0.25,0.15,0.4,0.21,0.35,Matches,2023,18.7,25.4,12.0,8.82,3.53,36.7,14.1,12.1,7.49,69.2,85.2,72.7,47.1,454.8,121.3,25.4,12.0,8.82,3.53,36.7,14.1,12.1,7.49,69.2,85.2,72.7,47.1,25.4,12.0,8.82,3.53,36.7,14.1,12.1,7.49,69.2,85.2,72.7,47.1,25.4,12.0,8.82,3.53,36.7,14.1,12.1,7.49,69.2,85.2,72.7,47.1,0.16,0.17,0.01,1.44,2.35,0.91,0.11,0.43,2.09,0.86,41.0,2.08,0.85,0.18,0.44,16.0,0.0,0.05,0.05,0.1,0.18,0.17,48.0,1.34,5.45,18.8,25.0,5.19,48.0,1.98,43.5,2.09,45.9,30.4,1.93,1.66,0.86,34.0,0.86,0.37,0.43,0.86,0.37,41.2,0.53,1.12,1.07,0.96,1.82,0.96,0.0,2.94,2.93,0.43,0.11,0.21,0.0,0.0,0.0,0.27,0.27,0.43,0.11,0.21,0.0,0.0,0.0,0.0,0.86,2.25,0.21,4.71,0.96,0.43,0.0,0.0,0.0,3.85,1.18,48.9,,,,,,,,,,,,,,,,,,,,,,,,,,,,
Jacen Russell-Rowe,ca CAN,"FW,MF",Columbus Crew,20,2002,21,4,538,6.0,0.67,0.33,1.0,0.67,0.0,0.0,0.33,0.0,0.5,0.5,0.32,0.83,2.33,4.5,9.0,0.67,0.33,1.0,0.67,1.0,0.51,0.32,0.83,0.51,0.83,Matches,2023,6.0,20.3,12.5,6.33,0.5,28.0,15.5,8.0,1.17,72.6,80.6,79.2,42.9,274.0,75.8,20.3,12.5,6.33,0.5,28.0,15.5,8.0,1.17,72.6,80.6,79.2,42.9,20.3,12.5,6.33,0.5,28.0,15.5,8.0,1.17,72.6,80.6,79.2,42.9,20.3,12.5,6.33,0.5,28.0,15.5,8.0,1.17,72.6,80.6,79.2,42.9,0.33,0.12,0.02,2.0,1.0,2.17,0.17,0.67,3.17,1.67,52.6,3.18,1.67,0.21,0.4,13.0,0.0,0.0,0.0,0.16,0.17,0.17,42.0,0.33,2.67,17.7,22.0,6.83,42.0,1.0,40.0,1.5,60.0,27.7,0.83,4.0,1.67,32.7,1.17,0.5,0.67,1.17,0.5,33.3,1.0,1.0,1.0,0.33,1.5,0.33,0.0,3.83,3.85,0.33,0.0,0.0,0.0,0.17,0.0,0.33,0.33,0.33,0.0,0.0,0.0,0.17,0.0,0.0,1.67,0.17,0.0,0.33,0.33,0.67,0.0,0.0,0.0,3.0,1.0,28.6,,,,,,,,,,,,,,,,,,,,,,,,,,,,
Ryan Sailor,us USA,"DF,FW",Inter Miami,24,1998,8,2,310,3.4,0.0,0.0,0.0,0.0,0.0,0.0,0.0,0.0,0.0,0.0,0.0,0.0,0.0,0.88,0.0,0.0,0.0,0.0,0.0,0.0,0.0,0.0,0.0,0.0,0.0,Matches,2023,3.4,24.1,7.65,11.2,5.29,29.4,9.12,12.4,7.94,82.0,83.9,90.5,66.7,513.5,196.8,24.1,7.65,11.2,5.29,29.4,9.12,12.4,7.94,82.0,83.9,90.5,66.7,24.1,7.65,11.2,5.29,29.4,9.12,12.4,7.94,82.0,83.9,90.5,66.7,24.1,7.65,11.2,5.29,29.4,9.12,12.4,7.94,82.0,83.9,90.5,66.7,0.0,0.0,0.0,0.29,0.59,0.0,0.0,0.0,0.0,0.0,,0.0,0.0,,,,0.0,0.0,0.0,,0.0,0.0,40.9,12.4,27.1,13.8,0.29,0.29,40.9,0.0,,0.0,,21.2,0.0,0.29,0.0,20.3,1.18,0.29,0.59,1.18,0.29,100.0,0.0,0.88,0.29,0.88,2.06,7.94,0.29,0.59,0.58,0.0,0.0,0.0,0.0,0.0,0.0,0.0,0.0,0.0,0.0,0.0,0.0,0.0,0.0,0.0,0.88,0.0,0.0,0.0,0.88,0.59,0.0,0.0,0.0,5.29,1.18,44.4,,,,,,,,,,,,,,,,,,,,,,,,,,,,
Nathan Saliba,ca CAN,MF,CF Montréal,18,2004,28,20,1771,19.7,0.0,0.0,0.0,0.0,0.0,0.0,0.15,0.0,0.05,0.05,0.02,0.07,1.42,4.06,2.34,0.0,0.0,0.0,0.0,0.0,0.05,0.02,0.07,0.05,0.07,Matches,2023,19.7,30.4,15.0,12.2,2.64,39.0,17.9,14.6,4.16,77.9,83.6,84.0,63.4,519.3,126.8,30.4,15.0,12.2,2.64,39.0,17.9,14.6,4.16,77.9,83.6,84.0,63.4,30.4,15.0,12.2,2.64,39.0,17.9,14.6,4.16,77.9,83.6,84.0,63.4,30.4,15.0,12.2,2.64,39.0,17.9,14.6,4.16,77.9,83.6,84.0,63.4,0.0,0.06,-0.02,0.41,3.65,0.41,0.1,0.0,1.02,0.15,15.0,1.02,0.15,0.0,0.0,23.6,0.0,0.0,0.0,0.05,-0.05,-0.05,49.0,1.07,10.4,28.3,10.9,0.71,49.0,1.32,66.7,0.56,28.2,27.0,0.05,1.78,0.66,31.2,2.49,1.07,1.37,2.49,1.07,45.7,1.27,1.32,1.07,0.81,3.3,0.56,0.0,1.52,1.52,0.0,0.0,0.0,0.0,0.05,0.0,0.05,0.05,0.0,0.0,0.0,0.0,0.05,0.0,0.0,1.83,0.76,0.0,0.66,0.81,1.37,0.0,0.0,0.0,6.5,0.51,40.0,,,,,,,,,,,,,,,,,,,,,,,,,,,,
Abdi Salim,so SOM,DF,Orlando City,21,2001,3,2,148,1.6,0.0,0.0,0.0,0.0,0.0,0.0,0.0,0.0,0.0,0.0,0.0,0.0,0.0,1.88,0.0,0.0,0.0,0.0,0.0,0.0,0.0,0.0,0.0,0.0,0.0,Matches,2023,1.6,25.6,7.5,17.5,0.63,30.0,8.75,19.4,1.25,85.4,85.7,90.3,50.0,471.9,161.3,25.6,7.5,17.5,0.63,30.0,8.75,19.4,1.25,85.4,85.7,90.3,50.0,25.6,7.5,17.5,0.63,30.0,8.75,19.4,1.25,85.4,85.7,90.3,50.0,25.6,7.5,17.5,0.63,30.0,8.75,19.4,1.25,85.4,85.7,90.3,50.0,0.0,0.0,0.0,0.0,0.0,0.63,0.63,0.0,0.0,0.0,,0.0,0.0,,,,0.0,0.0,0.0,,0.0,0.0,40.0,5.63,19.4,15.6,5.0,0.63,40.0,0.0,,0.0,,16.9,0.0,0.63,0.63,18.8,2.5,1.88,1.25,2.5,1.88,100.0,0.0,1.25,0.63,2.5,5.0,1.88,0.0,0.0,0.0,0.0,0.0,0.0,0.0,0.0,0.0,0.0,0.0,0.0,0.0,0.0,0.0,0.0,0.0,0.0,0.0,0.0,0.0,0.63,2.5,1.25,0.0,0.0,0.0,5.0,1.25,66.7,,,,,,,,,,,,,,,,,,,,,,,,,,,,
Dániel Sallói,hu HUN,FW,Sporting KC,26,1996,34,33,2867,31.9,0.22,0.25,0.47,0.22,0.0,0.0,0.16,0.0,0.22,0.22,0.23,0.45,3.76,3.54,9.59,0.22,0.25,0.47,0.22,0.47,0.22,0.23,0.45,0.22,0.45,Matches,2023,31.9,26.1,14.6,8.4,2.29,35.1,17.1,11.1,4.42,74.3,85.5,75.5,51.8,415.1,111.2,26.1,14.6,8.4,2.29,35.1,17.1,11.1,4.42,74.3,85.5,75.5,51.8,26.1,14.6,8.4,2.29,35.1,17.1,11.1,4.42,74.3,85.5,75.5,51.8,26.1,14.6,8.4,2.29,35.1,17.1,11.1,4.42,74.3,85.5,75.5,51.8,0.25,0.25,0.03,1.88,1.69,1.6,0.5,0.22,2.32,1.0,43.2,2.32,1.0,0.09,0.22,18.5,0.0,0.0,0.0,0.1,0.0,0.0,44.5,0.78,3.89,13.4,27.7,4.98,44.5,1.47,46.5,1.35,42.6,30.4,1.5,1.91,1.22,34.2,0.56,0.25,0.5,0.56,0.25,40.0,0.38,0.75,0.6,0.5,1.07,0.66,0.0,3.92,3.93,0.19,0.0,0.06,0.0,0.06,0.0,0.31,0.31,0.19,0.0,0.06,0.0,0.06,0.0,0.0,0.78,1.1,0.22,4.39,0.5,0.5,0.0,0.0,0.0,3.17,0.6,43.2,,,,,,,,,,,,,,,,,,,,,,,,,,,,
Gaoussou Samaké,ci CIV,"MF,DF",D.C. United,25,1997,5,5,358,4.0,0.0,0.0,0.0,0.0,0.0,0.0,0.0,0.0,0.03,0.03,0.1,0.1,1.25,2.5,7.25,0.0,0.0,0.0,0.0,0.0,0.02,0.09,0.11,0.02,0.11,Matches,2023,4.0,31.5,17.0,11.0,2.25,42.3,20.3,14.5,4.25,74.6,84.0,75.9,52.9,485.3,169.3,31.5,17.0,11.0,2.25,42.3,20.3,14.5,4.25,74.6,84.0,75.9,52.9,31.5,17.0,11.0,2.25,42.3,20.3,14.5,4.25,74.6,84.0,75.9,52.9,31.5,17.0,11.0,2.25,42.3,20.3,14.5,4.25,74.6,84.0,75.9,52.9,0.0,0.15,-0.1,1.0,1.0,1.5,1.25,0.0,0.75,0.0,0.0,0.75,0.0,0.0,,20.5,0.0,0.0,0.0,0.03,-0.03,-0.03,53.0,2.25,15.8,18.8,18.8,2.25,53.0,0.5,28.6,1.25,71.4,26.8,0.5,2.0,0.0,30.8,1.75,1.0,1.0,1.75,1.0,33.3,2.0,1.0,0.75,2.0,3.75,1.0,0.0,1.25,1.26,0.0,0.0,0.25,0.0,0.0,0.0,0.0,0.0,0.0,0.0,0.25,0.0,0.0,0.0,0.0,2.25,0.25,0.0,3.5,2.0,1.0,0.0,0.0,0.0,5.5,1.0,66.7,,,,,,,,,,,,,,,,,,,,,,,,,,,,
Ilie Sánchez,es ESP,MF,LAFC,32,1990,34,31,2595,28.8,0.03,0.1,0.14,0.03,0.0,0.0,0.24,0.0,0.02,0.02,0.06,0.08,0.63,5.69,0.76,0.03,0.1,0.14,0.03,0.14,0.02,0.06,0.08,0.02,0.08,Matches,2023,28.8,48.3,19.9,22.8,4.24,56.1,22.2,25.2,6.22,86.2,90.0,90.2,68.2,852.1,299.7,48.3,19.9,22.8,4.24,56.1,22.2,25.2,6.22,86.2,90.0,90.2,68.2,48.3,19.9,22.8,4.24,56.1,22.2,25.2,6.22,86.2,90.0,90.2,68.2,48.3,19.9,22.8,4.24,56.1,22.2,25.2,6.22,86.2,90.0,90.2,68.2,0.1,0.06,0.05,0.73,6.25,0.66,0.0,0.03,0.42,0.14,33.3,0.42,0.14,0.08,0.25,18.8,0.0,0.0,0.0,0.04,0.02,0.02,64.2,2.36,16.2,39.1,9.65,0.31,64.2,0.31,60.0,0.14,26.7,35.1,0.0,0.59,0.21,42.2,2.08,1.04,1.18,2.08,1.04,40.0,1.56,1.08,0.8,1.25,3.33,1.15,0.0,1.67,1.66,0.0,0.0,0.03,0.0,0.14,0.0,0.21,0.21,0.0,0.0,0.03,0.0,0.14,0.0,0.0,1.11,0.52,0.03,0.1,1.25,1.18,0.0,0.0,0.0,7.4,1.63,73.4,,,,,,,,,,,,,,,,,,,,,,,,,,,,
James Sands,us USA,"MF,DF",NYCFC,22,2000,26,24,2166,24.1,0.0,0.0,0.0,0.0,0.0,0.0,0.17,0.0,0.02,0.02,0.01,0.03,0.62,4.44,0.5,0.0,0.0,0.0,0.0,0.0,0.02,0.01,0.03,0.02,0.03,Matches,2023,24.1,52.2,21.2,24.6,5.6,58.8,23.0,26.5,7.14,88.8,92.1,93.0,78.5,946.8,288.8,52.2,21.2,24.6,5.6,58.8,23.0,26.5,7.14,88.8,92.1,93.0,78.5,52.2,21.2,24.6,5.6,58.8,23.0,26.5,7.14,88.8,92.1,93.0,78.5,52.2,21.2,24.6,5.6,58.8,23.0,26.5,7.14,88.8,92.1,93.0,78.5,0.0,0.02,-0.01,0.25,4.61,0.21,0.0,0.0,0.29,0.08,28.6,0.29,0.08,0.0,0.0,19.0,0.0,0.0,0.0,0.08,-0.02,-0.02,67.3,3.4,22.7,40.0,5.19,0.37,67.3,0.41,62.5,0.12,18.8,36.2,0.08,0.87,0.33,45.4,2.45,1.04,1.49,2.45,1.04,52.1,0.95,1.58,1.16,1.08,3.53,1.2,0.0,0.95,0.96,0.04,0.0,0.12,0.0,0.04,0.0,0.12,0.12,0.04,0.0,0.12,0.0,0.04,0.0,0.0,1.49,1.49,0.0,0.04,1.08,1.49,0.0,0.04,0.0,6.93,1.24,54.5,,,,,,,,,,,,,,,,,,,,,,,,,,,,
William Sands,us USA,"DF,MF",Columbus Crew,22,2000,7,7,484,5.4,0.0,0.19,0.19,0.0,0.0,0.0,0.19,0.0,0.02,0.02,0.11,0.13,3.15,2.96,9.81,0.0,0.19,0.19,0.0,0.19,0.02,0.12,0.14,0.02,0.14,Matches,2023,5.4,35.7,22.0,11.7,1.11,45.0,26.7,14.1,2.04,79.4,82.6,82.9,54.5,502.8,126.1,35.7,22.0,11.7,1.11,45.0,26.7,14.1,2.04,79.4,82.6,82.9,54.5,35.7,22.0,11.7,1.11,45.0,26.7,14.1,2.04,79.4,82.6,82.9,54.5,35.7,22.0,11.7,1.11,45.0,26.7,14.1,2.04,79.4,82.6,82.9,54.5,0.19,0.06,0.07,0.56,1.67,0.56,0.0,0.0,0.37,0.0,0.0,0.37,0.0,0.0,,20.1,0.0,0.0,0.0,0.05,-0.02,-0.02,56.7,2.59,10.2,23.5,23.5,2.22,56.7,1.67,37.5,2.04,45.8,30.6,0.74,2.04,0.19,33.3,2.04,1.3,1.67,2.04,1.3,63.6,0.74,1.48,0.93,0.74,2.78,0.93,0.0,1.3,1.3,0.37,0.19,0.0,0.0,0.0,0.0,0.56,0.56,0.37,0.19,0.0,0.0,0.0,0.0,0.0,1.11,0.93,0.0,2.22,0.74,1.67,0.0,0.0,0.0,5.0,1.3,50.0,,,,,,,,,,,,,,,,,,,,,,,,,,,,
Jeong Sangbin,kr KOR,"FW,MF",Minnesota Utd,20,2002,23,9,962,10.7,0.09,0.09,0.19,0.09,0.0,0.09,0.19,0.0,0.36,0.28,0.21,0.5,2.43,1.5,8.97,0.09,0.09,0.19,0.09,0.19,0.36,0.21,0.57,0.28,0.5,Matches,2023,10.7,16.0,8.79,5.14,1.12,25.5,11.0,8.69,3.74,62.6,79.7,59.1,30.0,246.2,78.4,16.0,8.79,5.14,1.12,25.5,11.0,8.69,3.74,62.6,79.7,59.1,30.0,16.0,8.79,5.14,1.12,25.5,11.0,8.69,3.74,62.6,79.7,59.1,30.0,16.0,8.79,5.14,1.12,25.5,11.0,8.69,3.74,62.6,79.7,59.1,30.0,0.09,0.12,-0.12,1.31,0.93,1.03,0.37,0.09,1.87,0.56,30.0,1.87,0.56,0.05,0.17,18.6,0.0,0.0,0.09,0.15,-0.26,-0.19,34.9,0.19,3.93,11.9,19.9,3.64,34.8,1.21,50.0,1.21,50.0,20.1,1.03,2.52,1.4,23.4,0.37,0.19,0.19,0.37,0.19,66.7,0.09,0.19,0.19,0.65,1.03,0.28,0.0,2.9,2.9,0.28,0.0,0.28,0.0,0.09,0.0,0.19,0.19,0.28,0.0,0.28,0.0,0.09,0.0,0.0,0.84,0.75,0.47,4.11,0.65,0.19,0.09,0.0,0.0,3.46,0.84,39.1,,,,,,,,,,,,,,,,,,,,,,,,,,,,
Sergio Santos Gomes,br BRA,"FW,MF",FC Cincinnati,28,1994,25,11,904,10.0,0.4,0.1,0.5,0.4,0.0,0.0,0.5,0.0,0.46,0.46,0.21,0.68,1.6,2.2,8.2,0.4,0.1,0.5,0.4,0.5,0.46,0.21,0.67,0.46,0.67,Matches,2023,10.0,16.5,9.6,4.8,0.6,23.7,12.2,6.8,1.3,69.6,78.7,70.6,46.2,224.9,39.3,16.5,9.6,4.8,0.6,23.7,12.2,6.8,1.3,69.6,78.7,70.6,46.2,16.5,9.6,4.8,0.6,23.7,12.2,6.8,1.3,69.6,78.7,70.6,46.2,16.5,9.6,4.8,0.6,23.7,12.2,6.8,1.3,69.6,78.7,70.6,46.2,0.1,0.08,-0.11,1.1,1.0,0.3,0.0,0.4,2.8,1.0,35.7,2.79,1.0,0.14,0.4,13.5,0.0,0.0,0.0,0.16,-0.06,-0.06,37.9,0.8,3.3,13.6,21.3,7.1,37.9,0.7,24.1,2.1,72.4,22.3,1.0,3.6,2.0,28.3,1.8,0.2,1.6,1.8,0.2,40.0,0.3,0.6,0.6,0.1,1.9,0.6,0.0,2.6,2.59,0.2,0.0,0.1,0.0,0.0,0.0,0.3,0.3,0.2,0.0,0.1,0.0,0.0,0.0,0.0,2.4,1.6,0.5,0.8,0.1,1.6,0.0,0.0,0.0,3.9,1.8,36.7,,,,,,,,,,,,,,,,,,,,,,,,,,,,
Nuno Santos,pt POR,MF,Charlotte,23,1999,5,2,218,2.4,0.0,0.0,0.0,0.0,0.0,0.0,0.42,0.0,0.38,0.38,0.04,0.42,0.42,9.17,5.42,0.0,0.0,0.0,0.0,0.0,0.35,0.06,0.41,0.35,0.41,Matches,2023,2.4,38.8,11.3,20.0,6.25,52.5,14.6,23.3,11.7,73.8,77.1,85.7,53.6,764.6,300.8,38.8,11.3,20.0,6.25,52.5,14.6,23.3,11.7,73.8,77.1,85.7,53.6,38.8,11.3,20.0,6.25,52.5,14.6,23.3,11.7,73.8,77.1,85.7,53.6,38.8,11.3,20.0,6.25,52.5,14.6,23.3,11.7,73.8,77.1,85.7,53.6,0.0,0.25,-0.04,0.42,5.83,2.5,0.83,0.0,2.08,0.83,40.0,2.06,0.83,0.0,0.0,15.1,0.42,0.0,0.0,0.17,-0.38,-0.38,60.0,1.25,5.83,35.0,20.8,1.25,60.0,3.75,75.0,1.25,25.0,32.9,0.0,1.25,0.0,40.4,1.67,1.25,0.0,1.67,1.25,75.0,0.42,1.25,0.83,0.83,2.5,0.0,0.0,2.5,2.48,0.42,0.0,0.0,0.0,0.0,0.0,0.0,0.0,0.42,0.0,0.0,0.0,0.0,0.0,0.0,1.25,0.83,0.0,5.83,0.83,0.0,0.0,0.0,0.0,9.17,0.42,33.3,,,,,,,,,,,,,,,,,,,,,,,,,,,,
Pedro Santos,pt POR,"DF,MF",D.C. United,34,1988,21,16,1499,16.7,0.06,0.06,0.12,0.06,0.0,0.0,0.18,0.0,0.05,0.05,0.05,0.1,2.1,3.71,6.17,0.06,0.06,0.12,0.06,0.12,0.05,0.05,0.1,0.05,0.1,Matches,2023,16.7,31.7,15.9,12.8,2.51,46.6,19.4,17.7,7.01,68.1,82.1,72.0,35.9,531.6,221.9,31.7,15.9,12.8,2.51,46.6,19.4,17.7,7.01,68.1,82.1,72.0,35.9,31.7,15.9,12.8,2.51,46.6,19.4,17.7,7.01,68.1,82.1,72.0,35.9,31.7,15.9,12.8,2.51,46.6,19.4,17.7,7.01,68.1,82.1,72.0,35.9,0.06,0.1,0.01,0.78,2.93,1.44,0.54,0.06,1.08,0.36,33.3,1.08,0.36,0.06,0.17,23.3,0.18,0.0,0.0,0.05,0.01,0.01,57.4,2.4,13.8,24.4,19.6,1.08,57.4,0.96,48.5,0.78,39.4,29.3,0.3,0.96,0.54,33.5,3.35,2.1,2.4,3.35,2.1,53.8,1.8,1.32,1.2,0.6,3.95,1.38,0.06,1.68,1.68,0.0,0.0,0.12,0.0,0.0,0.0,0.12,0.12,0.0,0.0,0.12,0.0,0.0,0.0,0.0,1.26,1.86,0.06,4.97,0.6,2.4,0.0,0.06,0.0,5.81,0.24,16.7,,,,,,,,,,,,,,,,,,,,,,,,,,,,
Rafael Santos,br BRA,DF,Orlando City,24,1998,26,23,1992,22.1,0.05,0.09,0.14,0.05,0.0,0.0,0.09,0.0,0.03,0.03,0.08,0.1,2.04,5.79,4.25,0.05,0.09,0.14,0.05,0.14,0.03,0.08,0.1,0.03,0.1,Matches,2023,22.1,43.5,20.3,18.2,4.21,57.2,22.6,22.6,9.28,76.0,90.0,80.8,45.4,759.8,318.6,43.5,20.3,18.2,4.21,57.2,22.6,22.6,9.28,76.0,90.0,80.8,45.4,43.5,20.3,18.2,4.21,57.2,22.6,22.6,9.28,76.0,90.0,80.8,45.4,43.5,20.3,18.2,4.21,57.2,22.6,22.6,9.28,76.0,90.0,80.8,45.4,0.09,0.09,0.01,0.68,3.62,1.27,0.68,0.05,0.86,0.14,15.8,0.86,0.14,0.05,0.33,24.9,0.0,0.0,0.0,0.03,0.02,0.02,65.1,3.26,22.0,29.0,14.8,0.41,65.1,0.45,76.9,0.14,23.1,35.6,0.05,0.95,0.45,40.1,2.08,0.95,1.13,2.08,0.95,56.8,0.72,0.77,0.63,1.22,3.3,2.08,0.0,1.58,1.58,0.0,0.0,0.0,0.0,0.05,0.0,0.32,0.32,0.0,0.0,0.0,0.0,0.05,0.0,0.0,0.77,0.36,0.0,3.94,1.22,1.13,0.0,0.0,0.0,5.97,1.04,57.5,,,,,,,,,,,,,,,,,,,,,,,,,,,,
C.J. Sapong,us USA,FW,Toronto FC,34,1988,20,15,1269,14.1,0.07,0.0,0.07,0.07,0.0,0.0,0.0,0.0,0.19,0.19,0.04,0.23,1.56,1.84,3.97,0.07,0.0,0.07,0.07,0.07,0.19,0.04,0.23,0.19,0.23,Matches,2023,14.1,11.4,6.03,4.4,0.35,17.1,8.01,6.45,1.06,66.8,75.2,68.1,33.3,164.3,22.9,11.4,6.03,4.4,0.35,17.1,8.01,6.45,1.06,66.8,75.2,68.1,33.3,11.4,6.03,4.4,0.35,17.1,8.01,6.45,1.06,66.8,75.2,68.1,33.3,11.4,6.03,4.4,0.35,17.1,8.01,6.45,1.06,66.8,75.2,68.1,33.3,0.0,0.08,-0.04,0.64,0.78,0.43,0.0,0.07,1.63,0.21,13.0,1.63,0.21,0.04,0.33,13.1,0.0,0.0,0.0,0.12,-0.12,-0.12,25.7,1.28,3.19,11.3,11.9,3.12,25.7,0.78,50.0,0.5,31.8,14.5,0.35,2.48,0.78,19.3,0.57,0.07,0.28,0.57,0.07,20.0,0.28,0.14,0.07,0.5,1.06,1.13,0.0,1.63,1.63,0.14,0.0,0.14,0.0,0.07,0.0,0.07,0.07,0.14,0.0,0.14,0.0,0.07,0.0,0.0,0.85,2.13,0.43,0.21,0.5,0.28,0.0,0.0,0.0,2.27,3.33,54.0,,,,,,,,,,,,,,,,,,,,,,,,,,,,
C.J. Sapong,us USA,FW,Nashville SC,34,1988,8,4,382,4.2,0.0,0.0,0.0,0.0,0.0,0.0,0.0,0.0,0.21,0.21,0.0,0.21,0.48,2.86,5.48,0.0,0.0,0.0,0.0,0.0,0.22,0.01,0.22,0.22,0.22,Matches,2023,4.2,16.4,9.29,6.43,0.71,24.3,12.1,9.29,0.95,67.6,76.5,69.2,75.0,247.1,44.8,16.4,9.29,6.43,0.71,24.3,12.1,9.29,0.95,67.6,76.5,69.2,75.0,16.4,9.29,6.43,0.71,24.3,12.1,9.29,0.95,67.6,76.5,69.2,75.0,16.4,9.29,6.43,0.71,24.3,12.1,9.29,0.95,67.6,76.5,69.2,75.0,0.0,0.05,0.0,0.24,1.19,1.19,0.24,0.0,1.43,0.48,33.3,1.41,0.47,0.0,0.0,11.0,0.0,0.0,0.0,0.15,-0.21,-0.21,32.4,0.95,1.9,15.7,15.2,2.62,32.4,0.24,50.0,0.0,0.0,15.5,0.0,1.43,0.24,23.6,1.19,0.24,0.24,1.19,0.24,100.0,0.0,0.71,0.71,0.71,1.9,0.95,0.0,2.38,2.37,0.24,0.0,0.24,0.0,0.0,0.0,0.0,0.0,0.24,0.0,0.24,0.0,0.0,0.0,0.0,0.95,1.43,0.71,0.95,0.71,0.24,0.0,0.0,0.0,3.33,5.0,50.0,,,,,,,,,,,,,,,,,,,,,,,,,,,,
Hayden Sargis,us USA,DF,D.C. United,20,2002,2,0,17,0.2,0.0,0.0,0.0,0.0,0.0,0.0,0.0,0.0,0.0,0.0,0.0,0.0,0.0,0.0,0.0,0.0,0.0,0.0,0.0,0.0,0.0,0.0,0.0,0.0,0.0,Matches,2023,0.2,20.0,10.0,10.0,0.0,30.0,15.0,10.0,5.0,66.7,66.7,100.0,0.0,310.0,115.0,20.0,10.0,10.0,0.0,30.0,15.0,10.0,5.0,66.7,66.7,100.0,0.0,20.0,10.0,10.0,0.0,30.0,15.0,10.0,5.0,66.7,66.7,100.0,0.0,20.0,10.0,10.0,0.0,30.0,15.0,10.0,5.0,66.7,66.7,100.0,0.0,0.0,0.0,0.0,0.0,5.0,0.0,0.0,0.0,0.0,0.0,,0.0,0.0,,,,0.0,0.0,0.0,,0.0,0.0,35.0,10.0,25.0,10.0,0.0,0.0,35.0,0.0,,0.0,,30.0,0.0,0.0,0.0,25.0,0.0,0.0,0.0,0.0,0.0,,0.0,0.0,0.0,0.0,0.0,5.0,0.0,0.0,0.0,0.0,0.0,0.0,0.0,0.0,0.0,0.0,0.0,0.0,0.0,0.0,0.0,0.0,0.0,0.0,0.0,0.0,0.0,0.0,0.0,0.0,0.0,0.0,0.0,10.0,0.0,,,,,,,,,,,,,,,,,,,,,,,,,,,,,
Jefferson Savarino,ve VEN,"MF,FW",Real Salt Lake,26,1996,24,22,1946,21.6,0.32,0.14,0.46,0.32,0.0,0.0,0.05,0.0,0.24,0.24,0.19,0.44,2.96,5.37,6.81,0.32,0.14,0.46,0.32,0.46,0.24,0.19,0.44,0.24,0.44,Matches,2023,21.6,28.5,14.4,9.35,3.47,39.8,16.3,12.8,7.45,71.6,88.6,72.9,46.6,491.4,158.2,28.5,14.4,9.35,3.47,39.8,16.3,12.8,7.45,71.6,88.6,72.9,46.6,28.5,14.4,9.35,3.47,39.8,16.3,12.8,7.45,71.6,88.6,72.9,46.6,28.5,14.4,9.35,3.47,39.8,16.3,12.8,7.45,71.6,88.6,72.9,46.6,0.14,0.23,-0.06,2.22,3.47,1.76,0.56,0.32,3.24,1.11,34.3,3.24,1.11,0.1,0.29,21.4,0.09,0.0,0.0,0.07,0.08,0.08,49.2,0.19,4.12,20.1,25.7,3.43,49.2,1.76,52.1,1.2,35.6,32.5,1.16,2.04,1.57,37.5,0.83,0.32,0.74,0.83,0.32,30.4,0.74,0.28,0.28,0.19,1.02,0.19,0.0,4.91,4.9,0.56,0.09,0.23,0.05,0.0,0.0,0.51,0.51,0.56,0.09,0.23,0.05,0.0,0.0,0.0,0.28,0.97,0.09,6.57,0.19,0.74,0.0,0.0,0.0,3.19,0.14,20.0,,,,,,,,,,,,,,,,,,,,,,,,,,,,
Rodrigo Schlegel,ar ARG,DF,Orlando City,25,1997,26,22,1973,21.9,0.0,0.0,0.0,0.0,0.0,0.0,0.14,0.0,0.01,0.01,0.01,0.02,0.41,2.1,0.14,0.0,0.0,0.0,0.0,0.0,0.01,0.01,0.02,0.01,0.02,Matches,2023,21.9,37.5,12.6,21.4,3.24,44.5,14.0,23.7,5.75,84.4,90.5,90.2,56.3,704.7,253.1,37.5,12.6,21.4,3.24,44.5,14.0,23.7,5.75,84.4,90.5,90.2,56.3,37.5,12.6,21.4,3.24,44.5,14.0,23.7,5.75,84.4,90.5,90.2,56.3,37.5,12.6,21.4,3.24,44.5,14.0,23.7,5.75,84.4,90.5,90.2,56.3,0.0,0.01,-0.01,0.14,2.05,0.0,0.0,0.0,0.32,0.09,28.6,0.32,0.09,0.0,0.0,11.1,0.0,0.0,0.0,0.04,-0.01,-0.01,53.9,7.26,27.9,24.2,2.28,0.59,53.9,0.18,80.0,0.05,20.0,28.4,0.0,0.27,0.14,32.7,1.55,0.91,0.64,1.55,0.91,58.8,0.64,1.05,0.37,1.1,2.65,4.2,0.05,0.41,0.41,0.05,0.05,0.0,0.0,0.0,0.0,0.05,0.05,0.05,0.05,0.0,0.0,0.0,0.0,0.0,1.23,0.91,0.0,0.05,1.1,0.64,0.0,0.05,0.0,4.84,1.42,41.9,,,,,,,,,,,,,,,,,,,,,,,,,,,,
Tate Schmitt,us USA,DF,Houston Dynamo,25,1997,5,5,397,4.4,0.23,0.0,0.23,0.23,0.0,0.0,0.23,0.0,0.07,0.07,0.09,0.16,3.86,4.32,6.59,0.23,0.0,0.23,0.23,0.23,0.07,0.1,0.17,0.07,0.17,Matches,2023,4.4,46.4,21.4,19.1,5.45,58.6,24.1,21.6,9.77,79.1,88.7,88.4,55.8,855.7,245.0,46.4,21.4,19.1,5.45,58.6,24.1,21.6,9.77,79.1,88.7,88.4,55.8,46.4,21.4,19.1,5.45,58.6,24.1,21.6,9.77,79.1,88.7,88.4,55.8,46.4,21.4,19.1,5.45,58.6,24.1,21.6,9.77,79.1,88.7,88.4,55.8,0.0,0.09,-0.09,1.36,2.5,1.82,0.68,0.23,0.68,0.45,66.7,0.68,0.45,0.33,0.5,8.9,0.0,0.0,0.0,0.1,0.16,0.16,65.0,1.14,16.4,31.1,18.2,1.36,65.0,0.45,50.0,0.23,25.0,41.6,0.45,1.14,1.36,43.6,0.91,0.23,0.45,0.91,0.23,50.0,0.23,0.91,0.91,0.91,1.82,0.91,0.0,2.05,2.05,0.0,0.0,0.0,0.0,0.0,0.0,0.0,0.0,0.0,0.0,0.0,0.0,0.0,0.0,0.0,1.36,0.45,0.23,3.64,0.91,0.45,0.0,0.0,0.0,6.36,1.82,66.7,,,,,,,,,,,,,,,,,,,,,,,,,,,,
Alessandro Schöpf,at AUT,MF,Vancouver W'caps,28,1994,28,21,1774,19.7,0.05,0.0,0.05,0.05,0.0,0.0,0.25,0.0,0.07,0.07,0.03,0.11,1.62,4.21,3.3,0.05,0.0,0.05,0.05,0.05,0.07,0.03,0.1,0.07,0.1,Matches,2023,19.7,33.6,18.9,11.7,2.18,38.7,20.7,13.1,2.74,86.9,91.6,88.8,79.6,521.2,126.2,33.6,18.9,11.7,2.18,38.7,20.7,13.1,2.74,86.9,91.6,88.8,79.6,33.6,18.9,11.7,2.18,38.7,20.7,13.1,2.74,86.9,91.6,88.8,79.6,33.6,18.9,11.7,2.18,38.7,20.7,13.1,2.74,86.9,91.6,88.8,79.6,0.0,0.07,-0.03,0.71,2.69,0.76,0.1,0.05,0.96,0.36,36.8,0.96,0.36,0.05,0.14,21.3,0.0,0.0,0.0,0.07,-0.02,-0.02,48.4,1.62,8.73,26.0,14.2,1.83,48.4,0.71,46.7,0.61,40.0,27.6,0.15,1.98,1.02,33.1,1.93,0.71,1.02,1.93,0.71,43.8,0.91,1.22,0.96,0.81,2.74,0.81,0.0,2.13,2.13,0.05,0.0,0.1,0.0,0.0,0.0,0.2,0.2,0.05,0.0,0.1,0.0,0.0,0.0,0.0,1.27,1.12,0.0,0.61,0.81,1.02,0.0,0.0,0.0,6.19,0.25,38.5,,,,,,,,,,,,,,,,,,,,,,,,,,,,
Patrick Schulte,us USA,GK,Columbus Crew,21,2001,31,31,2790,31.0,0.0,0.03,0.03,0.0,0.0,0.0,0.1,0.0,0.0,0.0,0.0,0.0,0.0,0.03,0.0,0.0,0.03,0.03,0.0,0.03,0.0,0.0,0.0,0.0,0.0,Matches,2023,31.0,29.0,9.1,14.6,5.16,36.6,9.19,15.1,11.9,79.2,98.9,96.4,43.2,633.9,447.0,29.0,9.1,14.6,5.16,36.6,9.19,15.1,11.9,79.2,98.9,96.4,43.2,29.0,9.1,14.6,5.16,36.6,9.19,15.1,11.9,79.2,98.9,96.4,43.2,29.0,9.1,14.6,5.16,36.6,9.19,15.1,11.9,79.2,98.9,96.4,43.2,0.03,0.0,0.03,0.03,0.48,0.0,0.0,0.0,0.0,0.0,,0.0,0.0,,,,0.0,0.0,0.0,,0.0,0.0,38.2,29.1,37.5,0.74,0.03,0.03,38.2,0.03,100.0,0.0,0.0,24.7,0.0,0.06,0.0,18.6,0.0,0.0,0.0,0.0,0.0,0.0,0.03,0.0,0.0,0.0,0.0,0.23,0.06,0.06,0.06,0.0,0.0,0.0,0.0,0.0,0.0,0.03,0.03,0.0,0.0,0.0,0.0,0.0,0.0,0.0,0.06,0.0,0.0,0.0,0.0,0.0,0.0,0.03,0.0,2.29,0.19,66.7,1.39,0.1,0.23,0.03,1.33,0.3,-0.02,-0.02,30.7,5.84,19.5,32.2,27.1,31.9,19.2,19.5,32.2,27.1,31.9,19.2,9.97,0.39,3.9,1.58,1.58,27.1,31.9,19.2
Dante Sealy,tt TRI,"MF,DF",FC Dallas,19,2003,10,2,285,3.2,0.0,0.0,0.0,0.0,0.0,0.0,0.0,0.0,0.16,0.16,0.03,0.19,3.13,3.13,4.06,0.0,0.0,0.0,0.0,0.0,0.14,0.03,0.17,0.14,0.17,Matches,2023,3.2,26.6,16.3,7.19,2.81,36.9,19.4,11.3,5.0,72.0,83.9,63.9,56.3,393.4,133.1,26.6,16.3,7.19,2.81,36.9,19.4,11.3,5.0,72.0,83.9,63.9,56.3,26.6,16.3,7.19,2.81,36.9,19.4,11.3,5.0,72.0,83.9,63.9,56.3,26.6,16.3,7.19,2.81,36.9,19.4,11.3,5.0,72.0,83.9,63.9,56.3,0.0,0.06,-0.03,0.94,2.5,1.56,0.31,0.0,0.63,0.31,50.0,0.63,0.32,0.0,0.0,14.1,0.0,0.0,0.0,0.23,-0.16,-0.16,52.8,4.69,13.1,21.3,19.1,1.88,52.8,3.75,63.2,1.88,31.6,29.4,0.94,3.75,1.88,33.8,2.19,0.94,1.56,2.19,0.94,37.5,1.56,1.88,0.94,0.31,2.5,2.19,0.0,2.19,2.2,0.63,0.0,0.0,0.0,0.31,0.0,0.31,0.31,0.63,0.0,0.0,0.0,0.31,0.0,0.0,2.81,1.56,1.25,2.5,0.31,1.56,0.0,0.0,0.0,5.31,1.56,55.6,,,,,,,,,,,,,,,,,,,,,,,,,,,,
Gabe Segal,us USA,FW,NYCFC,21,2001,10,4,418,4.6,0.43,0.0,0.43,0.43,0.0,0.0,0.0,0.0,0.43,0.43,0.11,0.52,0.22,1.3,6.96,0.43,0.0,0.43,0.43,0.43,0.42,0.1,0.52,0.42,0.52,Matches,2023,4.6,19.8,12.6,5.87,0.0,27.2,14.8,8.7,0.43,72.8,85.3,67.5,0.0,234.3,42.2,19.8,12.6,5.87,0.0,27.2,14.8,8.7,0.43,72.8,85.3,67.5,0.0,19.8,12.6,5.87,0.0,27.2,14.8,8.7,0.43,72.8,85.3,67.5,0.0,19.8,12.6,5.87,0.0,27.2,14.8,8.7,0.43,72.8,85.3,67.5,0.0,0.0,0.07,-0.11,1.09,0.87,0.65,0.0,0.43,3.04,0.87,28.6,3.01,0.86,0.14,0.5,15.7,0.0,0.0,0.0,0.14,0.0,0.0,36.5,0.65,3.04,19.6,13.9,3.26,36.5,0.0,0.0,0.0,0.0,16.1,0.0,1.74,0.22,25.7,1.74,0.87,1.52,1.74,0.87,66.7,0.43,0.65,0.65,0.22,1.96,0.43,0.0,3.04,3.01,0.0,0.0,0.22,0.0,0.22,0.0,0.43,0.43,0.0,0.0,0.22,0.0,0.22,0.0,0.0,1.74,1.3,0.65,0.22,0.22,1.52,0.0,0.0,0.0,3.48,0.87,19.0,,,,,,,,,,,,,,,,,,,,,,,,,,,,
Amar Sejdic,us USA,MF,Atlanta Utd,26,1996,23,14,1061,11.8,0.0,0.0,0.0,0.0,0.0,0.0,0.17,0.0,0.03,0.03,0.02,0.05,0.34,3.64,1.02,0.0,0.0,0.0,0.0,0.0,0.03,0.02,0.05,0.03,0.05,Matches,2023,11.8,36.3,15.7,15.3,4.07,42.4,16.9,17.2,5.68,85.6,92.5,89.2,71.6,658.6,136.0,36.3,15.7,15.3,4.07,42.4,16.9,17.2,5.68,85.6,92.5,89.2,71.6,36.3,15.7,15.3,4.07,42.4,16.9,17.2,5.68,85.6,92.5,89.2,71.6,36.3,15.7,15.3,4.07,42.4,16.9,17.2,5.68,85.6,92.5,89.2,71.6,0.0,0.03,-0.02,0.34,4.24,0.42,0.08,0.0,0.76,0.17,22.2,0.76,0.17,0.0,0.0,21.1,0.0,0.0,0.0,0.04,-0.03,-0.03,50.7,0.93,9.92,31.9,9.24,0.68,50.7,0.34,80.0,0.08,20.0,29.1,0.0,1.27,0.17,34.7,1.53,0.51,1.02,1.53,0.51,20.7,1.95,1.44,1.19,1.02,2.54,0.59,0.0,1.61,1.61,0.0,0.0,0.0,0.0,0.17,0.08,0.08,0.08,0.0,0.0,0.0,0.0,0.17,0.08,0.0,1.61,0.68,0.0,0.25,1.02,1.02,0.0,0.0,0.0,5.08,0.34,28.6,,,,,,,,,,,,,,,,,,,,,,,,,,,,
Brandon Servania,us USA,"MF,FW",Toronto FC,23,1999,28,21,1698,18.9,0.05,0.05,0.11,0.05,0.0,0.0,0.16,0.0,0.05,0.05,0.1,0.14,1.16,3.6,2.7,0.05,0.05,0.11,0.05,0.11,0.05,0.09,0.15,0.05,0.15,Matches,2023,18.9,35.8,19.5,12.1,2.54,43.1,22.0,13.7,4.34,83.1,88.7,88.4,58.5,547.8,178.0,35.8,19.5,12.1,2.54,43.1,22.0,13.7,4.34,83.1,88.7,88.4,58.5,35.8,19.5,12.1,2.54,43.1,22.0,13.7,4.34,83.1,88.7,88.4,58.5,35.8,19.5,12.1,2.54,43.1,22.0,13.7,4.34,83.1,88.7,88.4,58.5,0.05,0.07,-0.04,1.11,3.54,0.53,0.11,0.05,0.95,0.32,33.3,0.95,0.32,0.06,0.17,21.8,0.05,0.0,0.0,0.06,0.0,0.0,52.9,1.69,12.1,26.8,14.7,1.32,52.9,0.79,60.0,0.37,28.0,28.1,0.16,1.8,1.43,36.3,2.75,1.22,1.59,2.75,1.22,40.4,1.8,1.32,1.16,0.53,3.28,0.9,0.0,2.12,2.12,0.0,0.0,0.05,0.0,0.05,0.0,0.11,0.11,0.0,0.0,0.05,0.0,0.05,0.0,0.0,1.11,0.48,0.0,1.53,0.53,1.59,0.0,0.0,0.0,5.29,0.63,38.7,,,,,,,,,,,,,,,,,,,,,,,,,,,,
Jacob Shaffelburg,ca CAN,"FW,MF",Nashville SC,23,1999,28,15,1315,14.6,0.21,0.07,0.27,0.21,0.0,0.0,0.07,0.0,0.28,0.28,0.17,0.45,3.08,2.05,8.56,0.21,0.07,0.27,0.21,0.27,0.28,0.17,0.45,0.28,0.45,Matches,2023,14.6,13.2,7.4,3.9,1.64,23.5,10.1,6.85,3.15,56.0,73.5,57.0,52.2,220.3,73.4,13.2,7.4,3.9,1.64,23.5,10.1,6.85,3.15,56.0,73.5,57.0,52.2,13.2,7.4,3.9,1.64,23.5,10.1,6.85,3.15,56.0,73.5,57.0,52.2,13.2,7.4,3.9,1.64,23.5,10.1,6.85,3.15,56.0,73.5,57.0,52.2,0.07,0.09,-0.1,1.16,1.16,1.3,0.55,0.21,2.05,0.62,30.0,2.05,0.62,0.1,0.33,15.4,0.0,0.0,0.0,0.14,-0.08,-0.08,34.3,0.62,4.93,12.9,17.1,4.11,34.3,1.3,57.6,0.89,39.4,19.5,1.16,1.78,0.96,21.9,0.62,0.34,0.34,0.62,0.34,22.7,1.16,1.44,1.44,1.1,1.71,0.41,0.0,2.53,2.53,0.27,0.07,0.27,0.21,0.0,0.0,0.34,0.34,0.27,0.07,0.27,0.21,0.0,0.0,0.0,0.48,0.89,0.07,4.25,1.1,0.34,0.21,0.0,0.0,3.49,0.68,33.3,,,,,,,,,,,,,,,,,,,,,,,,,,,,
Xherdan Shaqiri,ch SUI,MF,Chicago Fire,31,1991,28,22,2051,22.8,0.22,0.18,0.39,0.18,0.04,0.04,0.18,0.04,0.18,0.14,0.26,0.4,1.71,7.11,5.53,0.22,0.18,0.39,0.18,0.35,0.17,0.26,0.43,0.14,0.4,Matches,2023,22.8,33.9,17.2,10.9,4.69,47.6,19.8,14.8,9.34,71.2,87.1,73.6,50.2,592.0,218.5,33.9,17.2,10.9,4.69,47.6,19.8,14.8,9.34,71.2,87.1,73.6,50.2,33.9,17.2,10.9,4.69,47.6,19.8,14.8,9.34,71.2,87.1,73.6,50.2,33.9,17.2,10.9,4.69,47.6,19.8,14.8,9.34,71.2,87.1,73.6,50.2,0.18,0.29,-0.09,1.71,4.82,2.28,0.35,0.22,1.54,0.53,34.3,1.54,0.53,0.11,0.33,21.8,0.31,0.04,0.04,0.09,0.04,0.04,55.4,0.35,6.49,27.6,21.8,1.67,55.4,0.88,46.5,0.88,46.5,37.0,0.48,2.41,2.02,43.5,0.44,0.09,0.26,0.44,0.09,20.0,0.35,0.53,0.44,0.22,0.66,0.04,0.09,3.68,3.68,0.13,0.0,0.26,0.0,0.0,0.0,0.31,0.31,0.13,0.0,0.26,0.0,0.0,0.0,0.04,0.61,1.89,0.31,5.57,0.22,0.26,0.0,0.0,0.0,4.39,0.22,29.4,,,,,,,,,,,,,,,,,,,,,,,,,,,,
Billy Sharp,eng ENG,FW,LA Galaxy,36,1986,12,8,711,7.9,0.76,0.13,0.89,0.63,0.13,0.13,0.13,0.0,0.76,0.66,0.06,0.72,1.9,0.89,4.43,0.76,0.13,0.89,0.63,0.76,0.76,0.06,0.82,0.66,0.72,Matches,2023,7.9,9.62,5.82,2.91,0.38,13.0,7.09,4.18,0.63,73.8,82.1,69.7,60.0,126.8,20.4,9.62,5.82,2.91,0.38,13.0,7.09,4.18,0.63,73.8,82.1,69.7,60.0,9.62,5.82,2.91,0.38,13.0,7.09,4.18,0.63,73.8,82.1,69.7,60.0,9.62,5.82,2.91,0.38,13.0,7.09,4.18,0.63,73.8,82.1,69.7,60.0,0.13,0.06,0.06,0.63,0.63,0.38,0.0,0.76,2.78,1.65,59.1,2.78,1.65,0.23,0.38,10.8,0.0,0.13,0.13,0.24,0.0,-0.03,21.5,1.27,1.77,9.62,10.3,5.06,21.4,0.25,66.7,0.13,33.3,14.4,0.89,2.66,1.14,16.3,0.25,0.0,0.13,0.25,0.0,0.0,0.13,0.51,0.13,0.0,0.25,0.89,0.0,2.03,2.03,0.13,0.0,0.13,0.0,0.0,0.0,0.25,0.25,0.13,0.0,0.13,0.0,0.0,0.0,0.0,1.27,0.89,0.63,0.89,0.0,0.13,0.0,0.0,0.0,1.01,0.89,38.9,,,,,,,,,,,,,,,,,,,,,,,,,,,,
Khiry Shelton,us USA,"FW,MF",Sporting KC,29,1993,24,7,842,9.4,0.11,0.0,0.11,0.11,0.0,0.0,0.21,0.0,0.13,0.13,0.15,0.28,1.81,4.57,7.66,0.11,0.0,0.11,0.11,0.11,0.13,0.15,0.28,0.13,0.28,Matches,2023,9.4,25.2,15.2,8.3,1.06,32.6,17.6,10.5,1.28,77.5,86.7,78.8,83.3,365.4,110.0,25.2,15.2,8.3,1.06,32.6,17.6,10.5,1.28,77.5,86.7,78.8,83.3,25.2,15.2,8.3,1.06,32.6,17.6,10.5,1.28,77.5,86.7,78.8,83.3,25.2,15.2,8.3,1.06,32.6,17.6,10.5,1.28,77.5,86.7,78.8,83.3,0.0,0.07,-0.15,1.17,1.38,1.06,0.21,0.11,0.64,0.32,50.0,0.64,0.32,0.17,0.33,12.8,0.0,0.0,0.0,0.2,-0.02,-0.02,44.4,1.28,7.87,18.3,19.4,2.02,44.4,1.7,55.2,1.06,34.5,27.8,0.32,3.19,1.91,30.1,0.85,0.21,0.53,0.85,0.21,33.3,0.43,0.53,0.53,1.7,2.55,1.06,0.0,1.6,1.6,0.21,0.0,0.0,0.0,0.11,0.0,0.0,0.0,0.21,0.0,0.0,0.0,0.11,0.0,0.0,2.02,1.17,0.32,1.7,1.7,0.53,0.0,0.0,0.0,5.21,2.34,55.0,,,,,,,,,,,,,,,,,,,,,,,,,,,,
Andre Shinyashiki,br BRA,"MF,FW",Charlotte,27,1995,5,2,192,2.1,0.0,0.0,0.0,0.0,0.0,0.0,0.48,0.0,0.1,0.1,0.1,0.19,0.95,4.76,6.19,0.0,0.0,0.0,0.0,0.0,0.09,0.1,0.19,0.09,0.19,Matches,2023,2.1,27.1,10.5,12.4,2.86,38.1,12.9,16.2,5.71,71.3,81.5,76.5,50.0,475.2,109.0,27.1,10.5,12.4,2.86,38.1,12.9,16.2,5.71,71.3,81.5,76.5,50.0,27.1,10.5,12.4,2.86,38.1,12.9,16.2,5.71,71.3,81.5,76.5,50.0,27.1,10.5,12.4,2.86,38.1,12.9,16.2,5.71,71.3,81.5,76.5,50.0,0.0,0.24,-0.1,1.43,2.38,0.95,0.0,0.0,1.43,0.48,33.3,1.41,0.47,0.0,0.0,18.0,0.0,0.0,0.0,0.06,-0.1,-0.1,52.4,0.0,7.62,25.2,21.0,4.76,52.4,1.43,37.5,1.9,50.0,32.4,0.48,2.38,3.81,36.2,2.86,1.43,1.43,2.86,1.43,33.3,2.86,0.95,0.95,0.48,3.33,0.0,0.0,3.33,3.28,0.48,0.0,0.48,0.0,0.0,0.0,0.0,0.0,0.48,0.0,0.48,0.0,0.0,0.0,0.0,2.86,2.38,0.0,4.29,0.48,1.43,0.0,0.0,0.0,7.62,0.48,33.3,,,,,,,,,,,,,,,,,,,,,,,,,,,,
Marcelo Silva,uy URU,DF,Real Salt Lake,33,1989,16,15,1436,16.0,0.0,0.0,0.0,0.0,0.0,0.0,0.13,0.0,0.03,0.03,0.01,0.05,0.06,1.38,0.0,0.0,0.0,0.0,0.0,0.0,0.03,0.02,0.05,0.03,0.05,Matches,2023,16.0,41.9,12.1,24.3,4.81,46.6,13.3,26.3,6.0,90.1,91.1,92.6,80.2,837.4,270.6,41.9,12.1,24.3,4.81,46.6,13.3,26.3,6.0,90.1,91.1,92.6,80.2,41.9,12.1,24.3,4.81,46.6,13.3,26.3,6.0,90.1,91.1,92.6,80.2,41.9,12.1,24.3,4.81,46.6,13.3,26.3,6.0,90.1,91.1,92.6,80.2,0.0,0.01,-0.01,0.06,1.25,0.0,0.0,0.0,0.75,0.06,8.3,0.75,0.06,0.0,0.0,11.8,0.0,0.0,0.0,0.04,-0.03,-0.03,55.1,5.94,31.5,22.7,1.38,1.13,55.1,0.0,0.0,0.06,100.0,30.1,0.0,0.19,0.0,35.8,1.19,0.88,0.63,1.19,0.88,53.8,0.75,1.13,0.44,1.25,2.44,3.13,0.0,0.25,0.25,0.0,0.0,0.0,0.0,0.0,0.0,0.0,0.0,0.0,0.0,0.0,0.0,0.0,0.0,0.0,1.06,0.19,0.0,0.06,1.25,0.63,0.0,0.13,0.0,5.19,1.75,57.1,,,,,,,,,,,,,,,,,,,,,,,,,,,,
Xande Silva,pt POR,FW,Atlanta Utd,25,1997,10,8,635,7.1,0.28,0.28,0.56,0.28,0.0,0.0,0.14,0.0,0.2,0.2,0.28,0.48,4.08,3.52,9.3,0.28,0.28,0.57,0.28,0.57,0.19,0.28,0.47,0.19,0.47,Matches,2023,7.1,29.0,17.5,7.61,1.55,36.2,20.1,9.15,2.54,80.2,86.7,83.1,61.1,381.4,97.9,29.0,17.5,7.61,1.55,36.2,20.1,9.15,2.54,80.2,86.7,83.1,61.1,29.0,17.5,7.61,1.55,36.2,20.1,9.15,2.54,80.2,86.7,83.1,61.1,29.0,17.5,7.61,1.55,36.2,20.1,9.15,2.54,80.2,86.7,83.1,61.1,0.28,0.27,0.0,1.69,1.27,1.41,0.14,0.28,2.25,0.99,43.8,2.27,0.99,0.13,0.29,18.0,0.0,0.0,0.0,0.09,0.08,0.08,47.7,0.99,4.37,22.0,22.1,4.51,47.7,2.39,50.0,2.11,44.1,34.1,1.97,1.13,1.27,37.7,0.56,0.14,0.0,0.56,0.14,16.7,0.7,0.14,0.14,0.56,1.13,0.99,0.0,3.66,3.68,0.42,0.14,0.0,0.0,0.0,0.0,0.56,0.57,0.42,0.14,0.0,0.0,0.0,0.0,0.0,0.85,0.85,0.14,1.13,0.56,0.0,0.0,0.0,0.0,3.66,0.14,100.0,,,,,,,,,,,,,,,,,,,,,,,,,,,,
Jonathan Sirois,ca CAN,GK,CF Montréal,21,2001,33,32,2888,32.1,0.0,0.0,0.0,0.0,0.0,0.0,0.03,0.0,0.0,0.0,0.0,0.0,0.0,0.09,0.0,0.0,0.0,0.0,0.0,0.0,0.0,0.0,0.0,0.0,0.0,Matches,2023,32.1,25.1,6.95,11.3,6.67,34.9,6.98,11.7,15.7,72.1,99.6,96.3,42.5,633.1,461.6,25.1,6.95,11.3,6.67,34.9,6.98,11.7,15.7,72.1,99.6,96.3,42.5,25.1,6.95,11.3,6.67,34.9,6.98,11.7,15.7,72.1,99.6,96.3,42.5,25.1,6.95,11.3,6.67,34.9,6.98,11.7,15.7,72.1,99.6,96.3,42.5,0.0,0.0,0.0,0.03,0.28,0.0,0.0,0.0,0.0,0.0,,0.0,0.0,,,,0.0,0.0,0.0,,0.0,0.0,36.8,29.2,36.4,0.4,0.0,0.0,36.8,0.0,,0.0,,20.8,0.0,0.0,0.0,15.4,0.12,0.12,0.03,0.12,0.12,66.7,0.06,0.0,0.0,0.03,0.16,0.37,0.03,0.12,0.12,0.0,0.0,0.0,0.0,0.0,0.0,0.0,0.0,0.0,0.0,0.0,0.0,0.0,0.0,0.0,0.03,0.06,0.0,0.0,0.03,0.03,0.0,0.03,0.03,1.62,0.25,100.0,1.46,0.09,0.09,0.09,1.36,0.29,-0.01,-0.01,27.0,5.67,30.5,46.7,31.4,37.1,17.7,30.5,46.7,31.4,37.1,17.7,11.7,0.44,3.7,1.65,1.65,31.4,37.1,17.7
Pablo Sisniega,mx MEX,GK,Charlotte,27,1995,3,3,270,3.0,0.0,0.0,0.0,0.0,0.0,0.0,0.0,0.0,0.0,0.0,0.0,0.0,0.0,0.0,0.0,0.0,0.0,0.0,0.0,0.0,0.0,0.0,0.0,0.0,0.0,Matches,2023,3.0,15.7,4.0,8.0,3.67,23.0,4.0,8.67,10.3,68.1,100.0,92.3,35.5,415.0,325.0,15.7,4.0,8.0,3.67,23.0,4.0,8.67,10.3,68.1,100.0,92.3,35.5,15.7,4.0,8.0,3.67,23.0,4.0,8.67,10.3,68.1,100.0,92.3,35.5,15.7,4.0,8.0,3.67,23.0,4.0,8.67,10.3,68.1,100.0,92.3,35.5,0.0,0.0,0.0,0.0,0.67,0.0,0.0,0.0,0.0,0.0,,0.0,0.0,,,,0.0,0.0,0.0,,0.0,0.0,25.7,22.7,25.7,0.0,0.0,0.0,25.7,0.0,,0.0,,11.7,0.0,0.0,0.33,10.7,0.0,0.0,0.0,0.0,0.0,,0.0,0.0,0.0,0.0,0.0,0.67,0.0,0.0,0.0,0.0,0.0,0.0,0.0,0.0,0.0,0.0,0.0,0.0,0.0,0.0,0.0,0.0,0.0,0.0,0.0,0.0,0.0,0.0,0.0,0.0,0.0,0.0,0.0,1.67,0.33,100.0,2.33,0.33,0.0,0.33,1.37,0.21,-0.63,-0.63,18.7,3.67,35.7,46.2,34.5,38.6,11.6,35.7,46.2,34.5,38.6,11.6,10.3,0.33,3.2,0.33,0.33,34.5,38.6,11.6
Jack Skahan,us USA,"FW,MF",SJ Earthquakes,24,1998,9,4,362,4.0,0.25,0.25,0.5,0.25,0.0,0.0,0.25,0.0,0.25,0.25,0.1,0.35,2.5,4.25,4.25,0.25,0.25,0.5,0.25,0.5,0.24,0.1,0.34,0.24,0.34,Matches,2023,4.0,22.3,11.8,8.5,2.0,27.3,13.0,10.0,3.0,81.7,90.4,85.0,66.7,359.8,88.5,22.3,11.8,8.5,2.0,27.3,13.0,10.0,3.0,81.7,90.4,85.0,66.7,22.3,11.8,8.5,2.0,27.3,13.0,10.0,3.0,81.7,90.4,85.0,66.7,22.3,11.8,8.5,2.0,27.3,13.0,10.0,3.0,81.7,90.4,85.0,66.7,0.25,0.1,0.15,1.25,2.25,1.5,0.25,0.25,1.0,0.25,25.0,0.99,0.25,0.25,1.0,13.8,0.0,0.0,0.0,0.24,0.0,0.0,39.0,1.5,8.25,16.3,15.0,2.25,39.0,2.0,47.1,2.25,52.9,25.0,0.75,3.25,2.0,28.5,0.75,0.25,0.75,0.75,0.25,20.0,1.0,1.0,1.0,0.75,1.5,0.5,0.0,3.0,2.99,0.25,0.0,0.25,0.0,0.25,0.25,0.75,0.75,0.25,0.0,0.25,0.0,0.25,0.25,0.0,1.0,1.25,0.5,1.0,0.75,0.75,0.25,0.0,0.0,4.5,0.5,66.7,,,,,,,,,,,,,,,,,,,,,,,,,,,,
Brad Smith,au AUS,"DF,FW",Houston Dynamo,28,1994,18,3,481,5.3,0.19,0.38,0.57,0.19,0.0,0.0,0.0,0.0,0.08,0.08,0.17,0.26,2.83,2.26,8.68,0.19,0.37,0.56,0.19,0.56,0.08,0.18,0.26,0.08,0.26,Matches,2023,5.3,29.8,16.0,11.1,2.64,42.1,18.1,15.5,5.47,70.9,88.5,72.0,48.3,494.3,162.1,29.8,16.0,11.1,2.64,42.1,18.1,15.5,5.47,70.9,88.5,72.0,48.3,29.8,16.0,11.1,2.64,42.1,18.1,15.5,5.47,70.9,88.5,72.0,48.3,29.8,16.0,11.1,2.64,42.1,18.1,15.5,5.47,70.9,88.5,72.0,48.3,0.38,0.19,0.21,0.75,1.7,0.75,0.19,0.19,1.51,0.75,50.0,1.5,0.75,0.13,0.25,15.6,0.0,0.0,0.0,0.05,0.11,0.11,53.0,3.21,12.3,17.5,23.6,2.26,53.0,0.19,14.3,1.13,85.7,25.1,0.94,0.94,0.75,31.9,1.51,0.38,0.94,1.51,0.38,25.0,1.13,0.94,0.75,0.38,1.89,2.64,0.0,1.51,1.49,0.0,0.0,0.0,0.0,0.0,0.0,0.38,0.37,0.0,0.0,0.0,0.0,0.0,0.0,0.0,0.75,0.0,0.19,5.66,0.38,0.94,0.0,0.0,0.0,3.21,0.94,45.5,,,,,,,,,,,,,,,,,,,,,,,,,,,,
Collin Smith,us USA,"DF,MF",FC Dallas,19,2003,2,2,107,1.2,0.0,0.0,0.0,0.0,0.0,0.0,0.0,0.0,0.0,0.0,0.0,0.0,0.0,1.67,2.5,0.0,0.0,0.0,0.0,0.0,0.0,0.0,0.0,0.0,0.0,Matches,2023,1.2,16.7,10.8,5.83,0.0,22.5,13.3,6.67,1.67,74.1,81.3,87.5,0.0,227.5,75.8,16.7,10.8,5.83,0.0,22.5,13.3,6.67,1.67,74.1,81.3,87.5,0.0,16.7,10.8,5.83,0.0,22.5,13.3,6.67,1.67,74.1,81.3,87.5,0.0,16.7,10.8,5.83,0.0,22.5,13.3,6.67,1.67,74.1,81.3,87.5,0.0,0.0,0.0,0.0,0.0,0.83,0.83,0.0,0.0,0.0,0.0,,0.0,0.0,,,,0.0,0.0,0.0,,0.0,0.0,28.3,2.5,9.17,15.0,5.0,0.83,28.3,0.0,0.0,0.83,100.0,15.8,0.83,0.83,0.83,16.7,0.0,0.0,0.0,0.0,0.0,0.0,1.67,0.0,0.0,0.83,0.83,1.67,0.0,0.0,0.0,0.0,0.0,0.0,0.0,0.0,0.0,0.0,0.0,0.0,0.0,0.0,0.0,0.0,0.0,0.0,2.5,0.0,0.0,0.83,0.83,0.0,0.0,0.0,0.0,2.5,0.0,0.0,,,,,,,,,,,,,,,,,,,,,,,,,,,,
Kyle Smith,us USA,DF,Orlando City,31,1992,25,17,1495,16.6,0.06,0.12,0.18,0.06,0.0,0.0,0.3,0.0,0.02,0.02,0.08,0.1,1.2,4.1,2.95,0.06,0.12,0.18,0.06,0.18,0.03,0.08,0.11,0.03,0.11,Matches,2023,16.6,42.7,21.7,17.4,3.07,54.9,24.0,21.6,5.72,77.8,90.2,80.5,53.7,713.6,268.9,42.7,21.7,17.4,3.07,54.9,24.0,21.6,5.72,77.8,90.2,80.5,53.7,42.7,21.7,17.4,3.07,54.9,24.0,21.6,5.72,77.8,90.2,80.5,53.7,42.7,21.7,17.4,3.07,54.9,24.0,21.6,5.72,77.8,90.2,80.5,53.7,0.12,0.09,0.04,0.66,3.43,0.9,0.3,0.06,0.42,0.12,28.6,0.42,0.12,0.14,0.5,18.2,0.0,0.0,0.0,0.06,0.04,0.04,63.7,3.43,24.1,26.9,13.1,0.66,63.7,0.24,30.8,0.3,38.5,34.0,0.0,0.66,0.66,38.8,2.11,1.2,1.2,2.11,1.2,46.5,1.39,0.66,0.54,0.96,3.07,2.71,0.0,1.08,1.09,0.0,0.0,0.0,0.0,0.0,0.0,0.18,0.18,0.0,0.0,0.0,0.0,0.0,0.0,0.0,1.2,0.48,0.0,1.81,0.96,1.2,0.0,0.06,0.0,5.3,1.14,50.0,,,,,,,,,,,,,,,,,,,,,,,,,,,,
Jan Sobociński,pl POL,DF,Charlotte,23,1999,13,6,644,7.2,0.0,0.0,0.0,0.0,0.0,0.0,0.56,0.0,0.03,0.03,0.0,0.03,0.14,2.64,0.0,0.0,0.0,0.0,0.0,0.0,0.03,0.0,0.03,0.03,0.03,Matches,2023,7.2,49.0,16.4,26.0,6.25,58.6,17.8,28.8,11.4,83.6,92.2,90.3,54.9,1008.1,375.8,49.0,16.4,26.0,6.25,58.6,17.8,28.8,11.4,83.6,92.2,90.3,54.9,49.0,16.4,26.0,6.25,58.6,17.8,28.8,11.4,83.6,92.2,90.3,54.9,49.0,16.4,26.0,6.25,58.6,17.8,28.8,11.4,83.6,92.2,90.3,54.9,0.0,0.01,0.0,0.0,3.47,0.14,0.0,0.0,0.42,0.14,33.3,0.42,0.14,0.0,0.0,10.7,0.0,0.0,0.0,0.07,-0.03,-0.03,68.1,8.75,35.6,31.5,1.39,0.56,68.1,0.0,0.0,0.14,100.0,37.6,0.14,0.56,0.14,45.4,2.08,0.97,1.53,2.08,0.97,46.7,1.11,1.11,0.42,0.97,3.06,3.61,0.14,0.69,0.7,0.0,0.0,0.0,0.0,0.0,0.0,0.14,0.14,0.0,0.0,0.0,0.0,0.0,0.0,0.0,1.39,1.11,0.0,0.14,0.97,1.53,0.0,0.0,0.0,5.0,1.81,54.2,,,,,,,,,,,,,,,,,,,,,,,,,,,,
Santiago Sosa,ar ARG,MF,Atlanta Utd,23,1999,17,11,918,10.2,0.0,0.1,0.1,0.0,0.0,0.0,0.29,0.0,0.07,0.07,0.02,0.09,0.78,6.47,0.78,0.0,0.1,0.1,0.0,0.1,0.07,0.02,0.09,0.07,0.09,Matches,2023,10.2,49.3,19.6,20.5,7.75,57.9,22.9,23.7,8.63,85.1,85.5,86.4,89.8,952.6,251.5,49.3,19.6,20.5,7.75,57.9,22.9,23.7,8.63,85.1,85.5,86.4,89.8,49.3,19.6,20.5,7.75,57.9,22.9,23.7,8.63,85.1,85.5,86.4,89.8,49.3,19.6,20.5,7.75,57.9,22.9,23.7,8.63,85.1,85.5,86.4,89.8,0.1,0.03,0.08,0.59,6.86,0.39,0.1,0.0,1.18,0.29,25.0,1.18,0.29,0.0,0.0,15.2,0.0,0.0,0.0,0.06,-0.07,-0.07,68.1,3.92,17.9,41.2,9.41,1.27,68.1,0.29,33.3,0.59,66.7,36.3,0.0,0.69,0.49,46.7,2.35,1.37,1.67,2.35,1.37,60.9,0.88,0.98,0.59,1.76,4.12,2.06,0.1,1.76,1.77,0.0,0.0,0.1,0.0,0.2,0.0,0.1,0.1,0.0,0.0,0.1,0.0,0.2,0.0,0.0,1.96,1.27,0.0,0.29,1.76,1.67,0.0,0.0,0.0,6.86,3.33,70.8,,,,,,,,,,,,,,,,,,,,,,,,,,,,
Arnaud Souquet,fr FRA,DF,Chicago Fire,30,1992,25,22,1825,20.3,0.0,0.15,0.15,0.0,0.0,0.0,0.3,0.05,0.02,0.02,0.06,0.08,2.71,3.94,4.33,0.0,0.15,0.15,0.0,0.15,0.02,0.06,0.08,0.02,0.08,Matches,2023,20.3,36.2,18.8,14.4,2.12,47.1,21.5,17.4,4.93,76.8,87.2,82.8,43.0,566.0,240.7,36.2,18.8,14.4,2.12,47.1,21.5,17.4,4.93,76.8,87.2,82.8,43.0,36.2,18.8,14.4,2.12,47.1,21.5,17.4,4.93,76.8,87.2,82.8,43.0,36.2,18.8,14.4,2.12,47.1,21.5,17.4,4.93,76.8,87.2,82.8,43.0,0.15,0.08,0.09,0.64,3.35,1.23,0.69,0.0,0.44,0.1,22.2,0.44,0.1,0.0,0.0,25.0,0.0,0.0,0.0,0.04,-0.02,-0.02,56.8,3.3,17.1,26.8,13.6,0.74,56.8,0.94,52.8,0.74,41.7,28.2,0.25,1.48,0.59,32.6,1.67,0.79,1.18,1.67,0.79,43.2,1.03,0.99,0.64,1.08,2.76,2.12,0.0,1.58,1.58,0.1,0.0,0.1,0.0,0.0,0.0,0.15,0.15,0.1,0.0,0.1,0.0,0.0,0.0,0.05,1.82,1.48,0.0,2.66,1.08,1.18,0.0,0.05,0.0,5.71,0.64,37.1,,,,,,,,,,,,,,,,,,,,,,,,,,,,
Ryan Spaulding,us USA,DF,NE Revolution,24,1998,9,6,623,6.9,0.0,0.0,0.0,0.0,0.0,0.0,0.0,0.0,0.04,0.04,0.01,0.06,2.61,3.04,3.91,0.0,0.0,0.0,0.0,0.0,0.04,0.01,0.05,0.04,0.05,Matches,2023,6.9,44.3,23.6,17.1,1.88,54.1,25.8,20.3,4.2,82.0,91.6,84.3,44.8,671.6,193.6,44.3,23.6,17.1,1.88,54.1,25.8,20.3,4.2,82.0,91.6,84.3,44.8,44.3,23.6,17.1,1.88,54.1,25.8,20.3,4.2,82.0,91.6,84.3,44.8,44.3,23.6,17.1,1.88,54.1,25.8,20.3,4.2,82.0,91.6,84.3,44.8,0.0,0.01,-0.01,0.43,3.19,0.14,0.0,0.0,0.43,0.14,33.3,0.43,0.14,0.0,0.0,19.6,0.0,0.0,0.0,0.09,-0.04,-0.04,63.8,3.19,16.8,32.0,15.7,1.74,63.8,1.3,69.2,0.29,15.4,37.7,0.72,1.74,1.01,41.0,0.72,0.29,0.43,0.72,0.29,66.7,0.14,1.3,1.3,0.72,1.45,2.46,0.0,1.45,1.44,0.14,0.0,0.14,0.14,0.0,0.0,0.43,0.43,0.14,0.0,0.14,0.14,0.0,0.0,0.0,0.87,1.59,0.14,1.74,0.72,0.43,0.0,0.0,0.0,4.2,1.16,61.5,,,,,,,,,,,,,,,,,,,,,,,,,,,,
Dayne St. Clair,ca CAN,GK,Minnesota Utd,25,1997,30,30,2700,30.0,0.0,0.03,0.03,0.0,0.0,0.0,0.07,0.0,0.0,0.0,0.0,0.0,0.0,0.0,0.0,0.0,0.03,0.03,0.0,0.03,0.0,0.0,0.0,0.0,0.0,Matches,2023,30.0,23.5,4.33,13.5,5.7,31.0,4.37,13.7,12.8,76.0,99.2,98.5,44.5,598.3,406.9,23.5,4.33,13.5,5.7,31.0,4.37,13.7,12.8,76.0,99.2,98.5,44.5,23.5,4.33,13.5,5.7,31.0,4.37,13.7,12.8,76.0,99.2,98.5,44.5,23.5,4.33,13.5,5.7,31.0,4.37,13.7,12.8,76.0,99.2,98.5,44.5,0.03,0.0,0.03,0.03,0.27,0.0,0.0,0.0,0.0,0.0,,0.0,0.0,,,,0.0,0.0,0.0,,0.0,0.0,32.8,28.6,32.7,0.1,0.03,0.03,32.8,0.0,,0.0,,17.7,0.0,0.03,0.0,13.0,0.0,0.0,0.0,0.0,0.0,0.0,0.07,0.0,0.0,0.0,0.0,0.47,0.0,0.1,0.1,0.0,0.0,0.0,0.0,0.0,0.0,0.03,0.03,0.0,0.0,0.0,0.0,0.0,0.0,0.0,0.0,0.1,0.0,0.0,0.0,0.0,0.0,0.0,0.0,1.43,0.1,100.0,1.43,0.0,0.27,0.03,1.32,0.3,-0.08,-0.08,21.6,3.97,28.5,40.8,30.6,37.0,15.5,28.5,40.8,30.6,37.0,15.5,15.0,0.23,1.6,0.77,0.77,30.6,37.0,15.5
Mason Stajduhar,us USA,GK,Orlando City,25,1997,4,4,360,4.0,0.0,0.25,0.25,0.0,0.0,0.0,0.25,0.0,0.0,0.0,0.0,0.0,0.0,0.0,0.0,0.0,0.25,0.25,0.0,0.25,0.0,0.01,0.01,0.0,0.01,Matches,2023,4.0,19.5,5.25,6.25,7.75,28.5,5.5,6.75,16.0,68.4,95.5,92.6,48.4,550.3,429.0,19.5,5.25,6.25,7.75,28.5,5.5,6.75,16.0,68.4,95.5,92.6,48.4,19.5,5.25,6.25,7.75,28.5,5.5,6.75,16.0,68.4,95.5,92.6,48.4,19.5,5.25,6.25,7.75,28.5,5.5,6.75,16.0,68.4,95.5,92.6,48.4,0.25,0.0,0.25,0.25,0.0,0.0,0.0,0.0,0.0,0.0,,0.0,0.0,,,,0.0,0.0,0.0,,0.0,0.0,30.5,27.0,30.5,0.0,0.0,0.0,30.5,0.25,100.0,0.0,0.0,16.3,0.0,0.25,0.0,7.25,0.0,0.0,0.0,0.0,0.0,,0.0,0.0,0.0,0.0,0.0,0.5,0.25,0.25,0.25,0.0,0.0,0.0,0.0,0.0,0.0,0.25,0.25,0.0,0.0,0.0,0.0,0.0,0.0,0.0,0.0,0.5,0.0,0.0,0.0,0.0,0.0,0.0,0.0,0.25,0.25,100.0,1.5,0.0,0.0,0.0,1.4,0.31,-0.1,-0.09,19.3,6.5,49.4,35.1,38.6,32.3,10.8,49.4,35.1,38.6,32.3,10.8,17.5,1.75,10.0,1.25,1.25,38.6,32.3,10.8
Nicolás Stefanelli,ar ARG,"FW,MF",Inter Miami,28,1994,25,17,1331,14.8,0.14,0.0,0.14,0.14,0.0,0.0,0.14,0.0,0.16,0.16,0.05,0.2,2.5,3.11,7.23,0.14,0.0,0.14,0.14,0.14,0.15,0.05,0.2,0.15,0.2,Matches,2023,14.8,28.2,15.3,10.0,1.69,38.2,18.4,12.5,3.18,73.9,83.1,80.0,53.2,431.6,89.7,28.2,15.3,10.0,1.69,38.2,18.4,12.5,3.18,73.9,83.1,80.0,53.2,28.2,15.3,10.0,1.69,38.2,18.4,12.5,3.18,73.9,83.1,80.0,53.2,28.2,15.3,10.0,1.69,38.2,18.4,12.5,3.18,73.9,83.1,80.0,53.2,0.0,0.09,-0.05,1.01,2.16,0.61,0.34,0.14,1.76,0.54,30.8,1.76,0.54,0.08,0.25,18.2,0.0,0.0,0.0,0.09,-0.02,-0.02,49.7,0.41,4.53,24.9,21.1,3.45,49.7,1.35,41.7,1.62,50.0,35.1,0.74,2.91,1.42,38.1,1.35,0.68,0.95,1.35,0.68,31.3,1.49,0.88,0.81,0.74,2.09,0.14,0.0,2.23,2.23,0.14,0.0,0.07,0.0,0.0,0.0,0.07,0.07,0.14,0.0,0.07,0.0,0.0,0.0,0.0,1.22,1.69,0.34,1.76,0.74,0.95,0.07,0.0,0.0,5.0,0.2,15.0,,,,,,,,,,,,,,,,,,,,,,,,,,,,
Lazar Stefanovic,ca CAN,DF,Toronto FC,16,2006,2,0,79,0.9,0.0,0.0,0.0,0.0,0.0,0.0,0.0,0.0,0.0,0.0,0.0,0.0,0.0,1.11,0.0,0.0,0.0,0.0,0.0,0.0,0.0,0.0,0.0,0.0,0.0,Matches,2023,0.9,28.9,15.6,10.0,3.33,32.2,15.6,12.2,4.44,89.7,100.0,81.8,75.0,473.3,215.6,28.9,15.6,10.0,3.33,32.2,15.6,12.2,4.44,89.7,100.0,81.8,75.0,28.9,15.6,10.0,3.33,32.2,15.6,12.2,4.44,89.7,100.0,81.8,75.0,28.9,15.6,10.0,3.33,32.2,15.6,12.2,4.44,89.7,100.0,81.8,75.0,0.0,0.0,0.0,0.0,3.33,0.0,0.0,0.0,0.0,0.0,,0.0,0.0,,,,0.0,0.0,0.0,,0.0,0.0,44.4,13.3,25.6,16.7,2.22,0.0,44.4,0.0,,0.0,,18.9,0.0,1.11,0.0,20.0,1.11,1.11,0.0,1.11,1.11,50.0,1.11,0.0,0.0,2.22,3.33,8.89,1.11,0.0,0.0,0.0,0.0,0.0,0.0,0.0,0.0,0.0,0.0,0.0,0.0,0.0,0.0,0.0,0.0,0.0,0.0,0.0,0.0,0.0,2.22,0.0,0.0,0.0,0.0,4.44,0.0,0.0,,,,,,,,,,,,,,,,,,,,,,,,,,,,
Daniel Steres,us USA,DF,Houston Dynamo,32,1990,26,21,1865,20.7,0.1,0.1,0.19,0.1,0.0,0.0,0.1,0.0,0.07,0.07,0.07,0.14,0.39,1.88,0.48,0.1,0.1,0.19,0.1,0.19,0.07,0.07,0.14,0.07,0.14,Matches,2023,20.7,39.6,14.5,19.9,4.93,47.2,16.2,22.1,7.97,83.8,89.6,90.0,61.8,766.5,281.8,39.6,14.5,19.9,4.93,47.2,16.2,22.1,7.97,83.8,89.6,90.0,61.8,39.6,14.5,19.9,4.93,47.2,16.2,22.1,7.97,83.8,89.6,90.0,61.8,39.6,14.5,19.9,4.93,47.2,16.2,22.1,7.97,83.8,89.6,90.0,61.8,0.1,0.05,0.03,0.34,2.85,0.34,0.14,0.1,0.48,0.1,20.0,0.48,0.1,0.2,1.0,12.1,0.0,0.0,0.0,0.14,0.03,0.03,55.7,4.44,24.4,25.1,6.47,1.06,55.7,0.29,85.7,0.05,14.3,27.9,0.05,0.43,0.19,32.9,1.84,0.97,1.26,1.84,0.97,64.5,0.53,1.45,1.01,0.82,2.66,2.85,0.0,0.72,0.72,0.0,0.0,0.0,0.0,0.0,0.0,0.05,0.05,0.0,0.0,0.0,0.0,0.0,0.0,0.0,0.72,0.29,0.05,0.68,0.82,1.26,0.0,0.05,0.0,4.01,1.69,55.6,,,,,,,,,,,,,,,,,,,,,,,,,,,,
Benjamin Stitz,us USA,FW,FC Cincinnati,22,2000,1,0,18,0.2,0.0,0.0,0.0,0.0,0.0,0.0,0.0,0.0,0.0,0.0,0.0,0.0,0.0,0.0,20.0,0.0,0.0,0.0,0.0,0.0,0.0,0.0,0.0,0.0,0.0,Matches,2023,0.2,20.0,20.0,0.0,0.0,20.0,20.0,0.0,0.0,100.0,100.0,,,175.0,70.0,20.0,20.0,0.0,0.0,20.0,20.0,0.0,0.0,100.0,100.0,,,20.0,20.0,0.0,0.0,20.0,20.0,0.0,0.0,100.0,100.0,,,20.0,20.0,0.0,0.0,20.0,20.0,0.0,0.0,100.0,100.0,,,0.0,0.0,0.0,0.0,0.0,0.0,0.0,0.0,0.0,0.0,,0.0,0.0,,,,0.0,0.0,0.0,,0.0,0.0,45.0,0.0,0.0,25.0,20.0,0.0,45.0,0.0,,0.0,,15.0,0.0,15.0,5.0,35.0,0.0,0.0,0.0,0.0,0.0,0.0,5.0,5.0,5.0,0.0,0.0,0.0,0.0,0.0,0.0,0.0,0.0,0.0,0.0,0.0,0.0,0.0,0.0,0.0,0.0,0.0,0.0,0.0,0.0,0.0,0.0,5.0,0.0,0.0,0.0,0.0,0.0,0.0,0.0,10.0,5.0,33.3,,,,,,,,,,,,,,,,,,,,,,,,,,,,
Jared Stroud,us USA,"MF,FW",St. Louis,26,1996,31,25,1971,21.9,0.23,0.23,0.46,0.23,0.0,0.0,0.37,0.0,0.19,0.19,0.09,0.28,2.28,2.28,6.53,0.23,0.23,0.46,0.23,0.46,0.19,0.09,0.28,0.19,0.28,Matches,2023,21.9,20.1,9.22,8.4,1.69,30.6,12.1,11.3,3.56,65.6,75.9,74.5,47.4,337.0,101.0,20.1,9.22,8.4,1.69,30.6,12.1,11.3,3.56,65.6,75.9,74.5,47.4,20.1,9.22,8.4,1.69,30.6,12.1,11.3,3.56,65.6,75.9,74.5,47.4,20.1,9.22,8.4,1.69,30.6,12.1,11.3,3.56,65.6,75.9,74.5,47.4,0.23,0.09,0.14,1.05,1.6,1.05,0.59,0.23,2.01,0.78,38.6,2.01,0.78,0.11,0.29,19.4,0.0,0.0,0.0,0.09,0.04,0.04,42.9,0.96,7.9,18.3,17.8,3.11,42.9,0.55,37.5,0.82,56.3,24.0,0.46,2.51,0.73,25.2,2.01,0.82,1.14,2.01,0.82,26.1,2.33,1.32,1.28,0.64,2.65,0.68,0.05,2.15,2.14,0.0,0.0,0.14,0.09,0.14,0.0,0.46,0.46,0.0,0.0,0.14,0.09,0.14,0.0,0.0,1.64,1.42,0.18,3.38,0.64,1.14,0.0,0.0,0.0,7.12,0.27,23.1,,,,,,,,,,,,,,,,,,,,,,,,,,,,
Peter Stroud,us USA,MF,NY Red Bulls,20,2002,25,9,1020,11.3,0.0,0.0,0.0,0.0,0.0,0.0,0.09,0.0,0.02,0.02,0.03,0.04,1.59,3.19,2.21,0.0,0.0,0.0,0.0,0.0,0.02,0.03,0.04,0.02,0.04,Matches,2023,11.3,34.6,19.2,12.3,1.95,43.4,21.6,14.9,3.63,79.8,88.9,82.7,53.7,519.4,124.9,34.6,19.2,12.3,1.95,43.4,21.6,14.9,3.63,79.8,88.9,82.7,53.7,34.6,19.2,12.3,1.95,43.4,21.6,14.9,3.63,79.8,88.9,82.7,53.7,34.6,19.2,12.3,1.95,43.4,21.6,14.9,3.63,79.8,88.9,82.7,53.7,0.0,0.05,-0.03,0.53,2.65,0.27,0.09,0.0,0.35,0.0,0.0,0.35,0.0,0.0,,19.8,0.0,0.0,0.0,0.05,-0.02,-0.02,53.3,0.88,9.12,33.7,11.3,1.06,53.3,1.24,70.0,0.27,15.0,24.8,0.35,1.77,0.8,32.3,2.65,1.42,2.12,2.65,1.42,57.1,1.06,1.5,1.33,1.86,4.51,0.27,0.0,1.95,1.94,0.0,0.0,0.27,0.0,0.0,0.0,0.0,0.0,0.0,0.0,0.27,0.0,0.0,0.0,0.0,1.59,1.95,0.0,0.71,1.86,2.12,0.0,0.0,0.0,7.61,1.06,66.7,,,,,,,,,,,,,,,,,,,,,,,,,,,,
Brad Stuver,us USA,GK,Austin,31,1991,34,34,3060,34.0,0.0,0.0,0.0,0.0,0.0,0.0,0.0,0.0,0.0,0.0,0.0,0.0,0.0,0.12,0.0,0.0,0.0,0.0,0.0,0.0,0.0,0.0,0.0,0.0,0.0,Matches,2023,34.0,30.8,7.15,16.5,7.12,41.2,7.21,16.7,17.0,74.8,99.2,98.6,41.9,764.5,557.7,30.8,7.15,16.5,7.12,41.2,7.21,16.7,17.0,74.8,99.2,98.6,41.9,30.8,7.15,16.5,7.12,41.2,7.21,16.7,17.0,74.8,99.2,98.6,41.9,30.8,7.15,16.5,7.12,41.2,7.21,16.7,17.0,74.8,99.2,98.6,41.9,0.0,0.0,0.0,0.0,0.59,0.0,0.0,0.0,0.0,0.0,,0.0,0.0,,,,0.0,0.0,0.0,,0.0,0.0,43.9,36.0,43.0,0.94,0.0,0.0,43.9,0.09,100.0,0.0,0.0,24.1,0.0,0.06,0.0,20.3,0.06,0.0,0.03,0.06,0.0,,0.0,0.0,0.0,0.0,0.06,0.35,0.09,0.06,0.06,0.0,0.0,0.0,0.0,0.0,0.0,0.0,0.0,0.0,0.0,0.0,0.0,0.0,0.0,0.0,0.0,0.09,0.0,0.0,0.0,0.03,0.0,0.0,0.0,1.32,0.09,75.0,1.62,0.09,0.26,0.03,1.64,0.3,0.06,0.06,32.3,4.88,25.9,52.3,30.0,42.5,13.6,25.9,52.3,30.0,42.5,13.6,15.3,0.94,6.1,0.94,0.94,30.0,42.5,13.6
Yekeson Subah,lr LBR,FW,LAFC,18,2004,1,0,14,0.2,0.0,0.0,0.0,0.0,0.0,0.0,0.0,0.0,0.0,0.0,0.0,0.0,0.0,5.0,5.0,0.0,0.0,0.0,0.0,0.0,0.0,0.0,0.0,0.0,0.0,Matches,2023,0.2,5.0,5.0,0.0,0.0,5.0,5.0,0.0,0.0,100.0,100.0,,,55.0,30.0,5.0,5.0,0.0,0.0,5.0,5.0,0.0,0.0,100.0,100.0,,,5.0,5.0,0.0,0.0,5.0,5.0,0.0,0.0,100.0,100.0,,,5.0,5.0,0.0,0.0,5.0,5.0,0.0,0.0,100.0,100.0,,,0.0,0.0,0.0,0.0,0.0,0.0,0.0,0.0,0.0,0.0,,0.0,0.0,,,,0.0,0.0,0.0,,0.0,0.0,25.0,0.0,5.0,5.0,15.0,10.0,25.0,0.0,0.0,5.0,100.0,15.0,5.0,5.0,5.0,10.0,10.0,5.0,10.0,10.0,5.0,100.0,0.0,0.0,0.0,0.0,10.0,0.0,0.0,0.0,0.0,0.0,0.0,0.0,0.0,0.0,0.0,0.0,0.0,0.0,0.0,0.0,0.0,0.0,0.0,0.0,5.0,5.0,0.0,0.0,0.0,10.0,0.0,0.0,0.0,15.0,0.0,,,,,,,,,,,,,,,,,,,,,,,,,,,,,
Quinn Sullivan,us USA,"FW,MF",Philadelphia Union,18,2004,22,7,690,7.7,0.26,0.13,0.39,0.26,0.0,0.0,0.39,0.0,0.19,0.19,0.09,0.29,2.08,1.43,7.4,0.26,0.13,0.39,0.26,0.39,0.19,0.1,0.29,0.19,0.29,Matches,2023,7.7,23.0,14.3,6.62,1.04,28.7,16.4,8.7,1.69,80.1,87.3,76.1,61.5,319.9,45.1,23.0,14.3,6.62,1.04,28.7,16.4,8.7,1.69,80.1,87.3,76.1,61.5,23.0,14.3,6.62,1.04,28.7,16.4,8.7,1.69,80.1,87.3,76.1,61.5,23.0,14.3,6.62,1.04,28.7,16.4,8.7,1.69,80.1,87.3,76.1,61.5,0.13,0.08,0.04,1.17,1.04,0.52,0.13,0.26,1.82,0.91,50.0,1.83,0.91,0.14,0.29,18.6,0.0,0.0,0.0,0.1,0.06,0.06,39.4,0.65,4.03,14.0,21.9,3.12,39.4,0.78,46.2,0.65,38.5,24.8,0.78,3.25,1.3,27.0,0.91,0.26,0.65,0.91,0.26,22.2,0.91,1.04,1.04,0.78,1.69,0.52,0.0,2.6,2.62,0.13,0.0,0.0,0.0,0.0,0.0,0.39,0.39,0.13,0.0,0.0,0.0,0.0,0.0,0.0,1.82,0.39,0.52,1.82,0.78,0.65,0.0,0.0,0.0,5.32,0.26,10.0,,,,,,,,,,,,,,,,,,,,,,,,,,,,
Lawson Sunderland,us USA,"MF,FW",Inter Miami,21,2001,2,1,61,0.7,0.0,0.0,0.0,0.0,0.0,0.0,0.0,0.0,0.0,0.0,0.0,0.0,2.86,2.86,7.14,0.0,0.0,0.0,0.0,0.0,0.0,0.02,0.02,0.0,0.02,Matches,2023,0.7,35.7,22.9,11.4,0.0,45.7,27.1,15.7,0.0,78.1,84.2,72.7,,471.4,128.6,35.7,22.9,11.4,0.0,45.7,27.1,15.7,0.0,78.1,84.2,72.7,,35.7,22.9,11.4,0.0,45.7,27.1,15.7,0.0,78.1,84.2,72.7,,35.7,22.9,11.4,0.0,45.7,27.1,15.7,0.0,78.1,84.2,72.7,,0.0,0.0,0.0,1.43,1.43,0.0,0.0,0.0,0.0,0.0,,0.0,0.0,,,,0.0,0.0,0.0,,0.0,0.0,58.6,4.29,14.3,27.1,18.6,0.0,58.6,1.43,100.0,0.0,0.0,35.7,0.0,4.29,0.0,44.3,5.71,1.43,2.86,5.71,1.43,50.0,1.43,0.0,0.0,0.0,5.71,2.86,0.0,1.43,1.48,0.0,0.0,0.0,0.0,0.0,0.0,0.0,0.0,0.0,0.0,0.0,0.0,0.0,0.0,0.0,0.0,0.0,0.0,0.0,0.0,2.86,0.0,0.0,0.0,4.29,0.0,,,,,,,,,,,,,,,,,,,,,,,,,,,,,
Sam Surridge,eng ENG,FW,Nashville SC,24,1998,9,6,499,5.5,0.36,0.0,0.36,0.36,0.0,0.0,0.18,0.0,0.38,0.38,0.16,0.55,1.82,2.18,4.55,0.36,0.0,0.36,0.36,0.36,0.38,0.16,0.54,0.38,0.54,Matches,2023,5.5,13.5,6.18,4.73,1.45,20.4,9.27,5.64,2.55,66.1,66.7,83.9,57.1,229.3,60.0,13.5,6.18,4.73,1.45,20.4,9.27,5.64,2.55,66.1,66.7,83.9,57.1,13.5,6.18,4.73,1.45,20.4,9.27,5.64,2.55,66.1,66.7,83.9,57.1,13.5,6.18,4.73,1.45,20.4,9.27,5.64,2.55,66.1,66.7,83.9,57.1,0.0,0.11,-0.16,1.45,1.27,0.18,0.0,0.36,2.36,0.91,38.5,2.34,0.9,0.15,0.4,13.6,0.0,0.0,0.0,0.16,-0.02,-0.02,28.7,1.45,4.55,13.6,10.7,3.45,28.7,0.36,40.0,0.55,60.0,14.7,0.91,1.82,0.55,21.6,0.55,0.0,0.55,0.55,0.0,0.0,0.36,0.18,0.18,0.0,0.55,1.45,0.0,2.73,2.71,0.18,0.0,0.0,0.0,0.0,0.0,0.18,0.18,0.18,0.0,0.0,0.0,0.0,0.0,0.0,1.09,1.09,0.91,1.09,0.0,0.55,0.0,0.0,0.0,1.82,2.55,37.8,,,,,,,,,,,,,,,,,,,,,,,,,,,,
Erik Sviatchenko,dk DEN,DF,Houston Dynamo,31,1991,17,16,1354,15.0,0.0,0.0,0.0,0.0,0.0,0.0,0.47,0.0,0.05,0.05,0.01,0.06,0.53,2.73,0.4,0.0,0.0,0.0,0.0,0.0,0.05,0.01,0.06,0.05,0.06,Matches,2023,15.0,37.3,10.6,20.3,5.87,46.2,11.9,22.7,10.5,80.7,88.8,89.1,56.1,789.1,253.7,37.3,10.6,20.3,5.87,46.2,11.9,22.7,10.5,80.7,88.8,89.1,56.1,37.3,10.6,20.3,5.87,46.2,11.9,22.7,10.5,80.7,88.8,89.1,56.1,37.3,10.6,20.3,5.87,46.2,11.9,22.7,10.5,80.7,88.8,89.1,56.1,0.0,0.03,-0.01,0.2,3.27,0.2,0.0,0.0,1.07,0.07,6.3,1.06,0.07,0.0,0.0,15.5,0.0,0.0,0.0,0.05,-0.05,-0.05,55.7,8.8,29.8,22.2,4.13,2.0,55.7,0.2,33.3,0.4,66.7,33.8,0.07,0.67,0.07,38.0,0.6,0.4,0.33,0.6,0.4,50.0,0.4,1.13,0.6,0.73,1.33,3.87,0.0,0.67,0.66,0.0,0.0,0.0,0.0,0.0,0.0,0.2,0.2,0.0,0.0,0.0,0.0,0.0,0.0,0.0,0.93,0.67,0.07,0.33,0.73,0.33,0.0,0.0,0.07,3.87,2.4,73.5,,,,,,,,,,,,,,,,,,,,,,,,,,,,
Ben Sweat,us USA,DF,NE Revolution,31,1991,10,3,330,3.7,0.0,0.0,0.0,0.0,0.0,0.0,0.0,0.0,0.03,0.03,0.03,0.05,2.43,3.78,2.97,0.0,0.0,0.0,0.0,0.0,0.03,0.01,0.05,0.03,0.05,Matches,2023,3.7,37.3,18.9,15.9,1.89,50.8,21.4,20.3,7.3,73.4,88.6,78.7,25.9,598.6,244.1,37.3,18.9,15.9,1.89,50.8,21.4,20.3,7.3,73.4,88.6,78.7,25.9,37.3,18.9,15.9,1.89,50.8,21.4,20.3,7.3,73.4,88.6,78.7,25.9,37.3,18.9,15.9,1.89,50.8,21.4,20.3,7.3,73.4,88.6,78.7,25.9,0.0,0.05,-0.03,0.54,1.89,0.27,0.0,0.0,0.54,0.0,0.0,0.55,0.0,0.0,,17.2,0.0,0.0,0.0,0.06,-0.03,-0.03,60.0,4.86,21.1,27.8,12.4,1.08,60.0,1.08,50.0,1.08,50.0,26.2,0.27,0.54,0.81,33.0,1.35,0.54,1.35,1.35,0.54,40.0,0.81,1.08,1.08,1.08,2.43,2.7,0.0,2.43,2.45,0.54,0.0,0.0,0.0,0.27,0.0,0.0,0.0,0.54,0.0,0.0,0.0,0.27,0.0,0.0,1.35,0.0,0.54,2.16,1.08,1.35,0.0,0.0,0.0,5.95,1.62,60.0,,,,,,,,,,,,,,,,,,,,,,,,,,,,
Ben Sweat,us USA,DF,Sporting KC,31,1991,5,4,314,3.5,0.0,0.0,0.0,0.0,0.0,0.0,0.57,0.29,0.03,0.03,0.03,0.06,2.86,5.14,4.29,0.0,0.0,0.0,0.0,0.0,0.02,0.03,0.05,0.02,0.05,Matches,2023,3.5,51.1,25.7,19.7,4.57,66.0,28.9,23.4,10.6,77.5,89.1,84.1,43.2,853.4,360.0,51.1,25.7,19.7,4.57,66.0,28.9,23.4,10.6,77.5,89.1,84.1,43.2,51.1,25.7,19.7,4.57,66.0,28.9,23.4,10.6,77.5,89.1,84.1,43.2,51.1,25.7,19.7,4.57,66.0,28.9,23.4,10.6,77.5,89.1,84.1,43.2,0.0,0.09,-0.03,0.57,6.57,1.14,0.29,0.0,0.29,0.0,0.0,0.29,0.0,0.0,,21.5,0.0,0.0,0.0,0.06,-0.03,-0.03,73.7,3.71,23.4,34.6,16.6,0.0,73.7,1.14,66.7,0.57,33.3,39.7,0.0,1.14,0.29,47.1,0.57,0.0,0.57,0.57,0.0,0.0,1.14,0.57,0.57,1.43,2.0,3.14,0.0,2.29,2.29,0.0,0.0,0.0,0.0,0.29,0.0,0.29,0.29,0.0,0.0,0.0,0.0,0.29,0.0,0.29,1.14,0.29,0.29,3.71,1.43,0.57,0.0,0.0,0.0,4.29,1.14,80.0,,,,,,,,,,,,,,,,,,,,,,,,,,,,
Karol Świderski,pl POL,"FW,MF",Charlotte,26,1997,31,29,2416,26.8,0.45,0.15,0.6,0.3,0.15,0.15,0.26,0.0,0.44,0.32,0.14,0.46,1.19,2.57,6.16,0.45,0.15,0.6,0.3,0.45,0.44,0.14,0.58,0.32,0.46,Matches,2023,26.8,19.5,10.5,6.57,1.46,28.5,13.2,9.07,3.21,68.4,79.7,72.4,45.3,307.1,65.5,19.5,10.5,6.57,1.46,28.5,13.2,9.07,3.21,68.4,79.7,72.4,45.3,19.5,10.5,6.57,1.46,28.5,13.2,9.07,3.21,68.4,79.7,72.4,45.3,19.5,10.5,6.57,1.46,28.5,13.2,9.07,3.21,68.4,79.7,72.4,45.3,0.15,0.18,0.01,1.04,1.57,0.97,0.15,0.45,2.84,0.86,30.3,2.83,0.86,0.11,0.35,17.7,0.45,0.15,0.15,0.11,0.01,-0.03,39.1,0.75,2.46,18.0,18.9,4.18,38.9,0.75,34.5,1.23,56.9,22.5,0.56,2.31,1.08,29.2,0.6,0.34,0.37,0.6,0.34,32.1,0.71,0.93,0.82,0.22,0.82,0.52,0.0,1.98,1.97,0.11,0.04,0.11,0.0,0.0,0.0,0.3,0.3,0.11,0.04,0.11,0.0,0.0,0.0,0.0,0.75,1.34,0.04,2.13,0.22,0.37,0.0,0.04,0.0,3.77,0.97,39.4,,,,,,,,,,,,,,,,,,,,,,,,,,,,
Nkosi Tafari,us USA,DF,FC Dallas,25,1997,30,27,2489,27.7,0.11,0.11,0.22,0.11,0.0,0.0,0.14,0.0,0.03,0.03,0.07,0.09,0.36,3.07,0.25,0.11,0.11,0.22,0.11,0.22,0.03,0.07,0.09,0.03,0.09,Matches,2023,27.7,47.7,16.0,25.5,6.03,57.0,17.9,28.1,10.4,83.7,89.5,91.0,58.0,958.9,388.1,47.7,16.0,25.5,6.03,57.0,17.9,28.1,10.4,83.7,89.5,91.0,58.0,47.7,16.0,25.5,6.03,57.0,17.9,28.1,10.4,83.7,89.5,91.0,58.0,47.7,16.0,25.5,6.03,57.0,17.9,28.1,10.4,83.7,89.5,91.0,58.0,0.11,0.03,0.04,0.25,3.03,0.11,0.07,0.11,0.47,0.11,23.1,0.47,0.11,0.23,1.0,14.4,0.0,0.0,0.0,0.05,0.08,0.08,65.9,11.0,36.3,27.9,1.95,1.05,65.9,0.18,71.4,0.07,28.6,40.8,0.0,0.43,0.11,45.1,0.9,0.65,0.4,0.9,0.65,75.0,0.22,1.16,0.36,0.87,1.77,4.4,0.04,0.65,0.65,0.04,0.0,0.0,0.0,0.04,0.04,0.14,0.14,0.04,0.0,0.0,0.0,0.04,0.04,0.0,0.83,0.18,0.07,0.11,0.87,0.4,0.0,0.0,0.04,4.62,1.7,61.0,,,,,,,,,,,,,,,,,,,,,,,,,,,,
Ismael Tajouri-Shradi,ly LBY,FW,Minnesota Utd,28,1994,10,2,347,3.9,0.26,0.51,0.77,0.26,0.0,0.0,0.26,0.0,0.41,0.41,0.28,0.69,4.1,4.87,6.41,0.26,0.52,0.78,0.26,0.78,0.41,0.29,0.71,0.41,0.71,Matches,2023,3.9,35.4,21.3,10.3,2.56,40.8,22.8,11.5,3.08,86.8,93.3,88.9,83.3,531.5,134.9,35.4,21.3,10.3,2.56,40.8,22.8,11.5,3.08,86.8,93.3,88.9,83.3,35.4,21.3,10.3,2.56,40.8,22.8,11.5,3.08,86.8,93.3,88.9,83.3,35.4,21.3,10.3,2.56,40.8,22.8,11.5,3.08,86.8,93.3,88.9,83.3,0.51,0.26,0.23,1.28,3.85,1.03,0.0,0.26,4.36,2.05,47.1,4.41,2.07,0.06,0.13,21.4,0.0,0.0,0.0,0.09,-0.15,-0.15,53.8,0.77,6.92,22.1,26.2,3.85,53.8,2.31,50.0,1.54,33.3,37.7,0.77,2.05,1.54,39.5,1.28,0.26,0.77,1.28,0.26,14.3,1.54,0.77,0.77,0.0,1.28,0.51,0.0,4.36,4.41,0.26,0.0,0.0,0.0,0.0,0.0,1.03,1.04,0.26,0.0,0.0,0.0,0.0,0.0,0.0,1.03,1.28,0.51,1.54,0.0,0.77,0.0,0.0,0.0,5.38,0.26,11.1,,,,,,,,,,,,,,,,,,,,,,,,,,,,
Yohei Takaoka,jp JPN,GK,Vancouver W'caps,26,1996,33,33,2970,33.0,0.0,0.0,0.0,0.0,0.0,0.0,0.0,0.0,0.0,0.0,0.0,0.0,0.0,0.0,0.0,0.0,0.0,0.0,0.0,0.0,0.0,0.0,0.0,0.0,0.0,Matches,2023,33.0,21.3,4.24,10.5,6.36,29.8,4.27,10.5,14.8,71.3,99.3,100.0,43.0,588.0,408.5,21.3,4.24,10.5,6.36,29.8,4.27,10.5,14.8,71.3,99.3,100.0,43.0,21.3,4.24,10.5,6.36,29.8,4.27,10.5,14.8,71.3,99.3,100.0,43.0,21.3,4.24,10.5,6.36,29.8,4.27,10.5,14.8,71.3,99.3,100.0,43.0,0.0,0.0,0.0,0.0,0.36,0.03,0.0,0.0,0.0,0.0,,0.0,0.0,,,,0.0,0.0,0.0,,0.0,0.0,31.7,26.3,31.6,0.09,0.0,0.0,31.7,0.0,,0.0,,17.4,0.0,0.06,0.0,15.0,0.03,0.03,0.03,0.03,0.03,100.0,0.0,0.03,0.03,0.0,0.03,0.27,0.06,0.12,0.12,0.0,0.0,0.0,0.0,0.0,0.0,0.06,0.06,0.0,0.0,0.0,0.0,0.0,0.0,0.0,0.0,0.15,0.0,0.0,0.0,0.03,0.0,0.0,0.0,1.18,0.39,92.9,1.36,0.0,0.21,0.0,1.39,0.33,0.02,0.02,22.6,3.0,35.7,52.6,34.5,47.0,11.6,35.7,52.6,34.5,47.0,11.6,13.6,0.79,5.8,0.61,0.61,34.5,47.0,11.6
Miguel Tapias,mx MEX,DF,Minnesota Utd,26,1997,32,32,2859,31.8,0.03,0.0,0.03,0.03,0.0,0.0,0.16,0.0,0.02,0.02,0.03,0.05,0.31,2.89,0.0,0.03,0.0,0.03,0.03,0.03,0.02,0.03,0.05,0.02,0.05,Matches,2023,31.8,39.2,12.1,20.3,6.57,46.2,13.4,22.8,9.25,84.8,90.6,89.0,71.1,824.8,318.2,39.2,12.1,20.3,6.57,46.2,13.4,22.8,9.25,84.8,90.6,89.0,71.1,39.2,12.1,20.3,6.57,46.2,13.4,22.8,9.25,84.8,90.6,89.0,71.1,39.2,12.1,20.3,6.57,46.2,13.4,22.8,9.25,84.8,90.6,89.0,71.1,0.0,0.01,-0.03,0.13,2.01,0.09,0.03,0.03,0.44,0.09,21.4,0.44,0.09,0.07,0.33,16.6,0.0,0.0,0.0,0.04,0.01,0.01,56.7,8.33,35.0,20.7,1.29,0.6,56.7,0.03,100.0,0.0,0.0,31.0,0.0,0.28,0.06,34.8,1.29,0.85,0.97,1.29,0.85,61.4,0.53,1.23,0.28,1.16,2.45,5.03,0.0,0.63,0.63,0.0,0.0,0.0,0.0,0.0,0.0,0.0,0.0,0.0,0.0,0.0,0.0,0.0,0.0,0.0,1.1,0.19,0.03,0.03,1.16,0.97,0.0,0.0,0.03,5.19,1.64,54.2,,,,,,,,,,,,,,,,,,,,,,,,,,,,
Andrew Tarbell,us USA,GK,Houston Dynamo,29,1993,1,1,90,1.0,0.0,0.0,0.0,0.0,0.0,0.0,0.0,0.0,0.0,0.0,0.0,0.0,0.0,0.0,0.0,0.0,0.0,0.0,0.0,0.0,0.0,0.0,0.0,0.0,0.0,Matches,2023,1.0,24.0,8.0,12.0,4.0,24.0,8.0,12.0,4.0,100.0,100.0,100.0,100.0,500.0,280.0,24.0,8.0,12.0,4.0,24.0,8.0,12.0,4.0,100.0,100.0,100.0,100.0,24.0,8.0,12.0,4.0,24.0,8.0,12.0,4.0,100.0,100.0,100.0,100.0,24.0,8.0,12.0,4.0,24.0,8.0,12.0,4.0,100.0,100.0,100.0,100.0,0.0,0.0,0.0,0.0,0.0,0.0,0.0,0.0,0.0,0.0,,0.0,0.0,,,,0.0,0.0,0.0,,0.0,0.0,26.0,26.0,26.0,0.0,0.0,0.0,26.0,0.0,,0.0,,16.0,0.0,0.0,0.0,11.0,0.0,0.0,0.0,0.0,0.0,,0.0,0.0,0.0,0.0,0.0,0.0,0.0,0.0,0.0,0.0,0.0,0.0,0.0,0.0,0.0,0.0,0.0,0.0,0.0,0.0,0.0,0.0,0.0,0.0,0.0,0.0,0.0,0.0,0.0,0.0,0.0,0.0,0.0,2.0,0.0,,0.0,0.0,0.0,0.0,0.4,0.11,0.4,0.44,19.0,5.0,5.3,0.0,21.8,17.0,7.8,5.3,0.0,21.8,17.0,7.8,18.0,2.0,11.1,0.0,0.0,21.8,17.0,7.8
Sidnei Tavares,,MF,Colorado Rapids,21,2001,5,5,299,3.3,0.0,0.0,0.0,0.0,0.0,0.0,0.61,0.0,0.0,0.0,0.03,0.03,1.82,4.55,2.12,0.0,0.0,0.0,0.0,0.0,0.01,0.03,0.04,0.01,0.04,Matches,2023,3.3,25.5,11.5,10.9,2.12,31.5,14.5,12.1,3.33,80.8,79.2,90.0,63.6,427.9,129.1,25.5,11.5,10.9,2.12,31.5,14.5,12.1,3.33,80.8,79.2,90.0,63.6,25.5,11.5,10.9,2.12,31.5,14.5,12.1,3.33,80.8,79.2,90.0,63.6,25.5,11.5,10.9,2.12,31.5,14.5,12.1,3.33,80.8,79.2,90.0,63.6,0.0,0.06,-0.03,0.61,3.33,0.61,0.0,0.0,0.61,0.0,0.0,0.6,0.0,0.0,,27.4,0.0,0.0,0.0,0.02,0.0,0.0,39.1,0.3,7.27,22.4,10.6,0.3,39.1,1.82,46.2,1.21,30.8,25.8,0.0,1.21,0.3,31.2,0.61,0.3,0.0,0.61,0.3,20.0,1.21,0.61,0.61,0.3,0.91,0.0,0.0,1.52,1.51,0.3,0.0,0.3,0.0,0.0,0.0,0.0,0.0,0.3,0.0,0.3,0.0,0.0,0.0,0.0,1.82,3.03,0.0,0.3,0.3,0.0,0.0,0.0,0.0,3.64,0.0,0.0,,,,,,,,,,,,,,,,,,,,,,,,,,,,
D.J. Taylor,us USA,DF,Minnesota Utd,25,1997,30,29,2511,27.9,0.0,0.0,0.0,0.0,0.0,0.0,0.29,0.0,0.03,0.03,0.06,0.1,1.65,4.66,5.81,0.0,0.0,0.0,0.0,0.0,0.03,0.07,0.1,0.03,0.1,Matches,2023,27.9,36.8,18.2,14.1,3.73,51.6,20.8,19.7,8.1,71.3,87.8,71.6,46.0,635.7,289.7,36.8,18.2,14.1,3.73,51.6,20.8,19.7,8.1,71.3,87.8,71.6,46.0,36.8,18.2,14.1,3.73,51.6,20.8,19.7,8.1,71.3,87.8,71.6,46.0,36.8,18.2,14.1,3.73,51.6,20.8,19.7,8.1,71.3,87.8,71.6,46.0,0.0,0.09,-0.06,0.79,3.23,1.36,0.57,0.0,0.5,0.11,21.4,0.5,0.11,0.0,0.0,18.7,0.0,0.0,0.0,0.06,-0.03,-0.03,61.1,3.73,19.0,23.8,18.6,1.83,61.1,0.22,31.6,0.39,57.9,27.8,0.18,0.47,0.32,33.9,2.37,1.36,1.65,2.37,1.36,60.3,0.9,0.9,0.43,1.11,3.48,3.08,0.0,2.22,2.22,0.04,0.0,0.0,0.0,0.04,0.0,0.07,0.07,0.04,0.0,0.0,0.0,0.04,0.0,0.0,1.0,0.43,0.11,3.66,1.11,1.65,0.0,0.0,0.0,4.8,1.15,49.2,,,,,,,,,,,,,,,,,,,,,,,,,,,,
Robert Taylor,fi FIN,"FW,DF",Inter Miami,28,1994,27,15,1457,16.2,0.25,0.31,0.56,0.25,0.0,0.0,0.37,0.0,0.06,0.06,0.14,0.2,3.02,4.51,9.2,0.25,0.31,0.56,0.25,0.56,0.06,0.13,0.2,0.06,0.2,Matches,2023,16.2,38.0,21.9,13.0,2.35,48.8,24.6,15.6,5.8,77.7,89.2,83.0,40.4,584.9,152.5,38.0,21.9,13.0,2.35,48.8,24.6,15.6,5.8,77.7,89.2,83.0,40.4,38.0,21.9,13.0,2.35,48.8,24.6,15.6,5.8,77.7,89.2,83.0,40.4,38.0,21.9,13.0,2.35,48.8,24.6,15.6,5.8,77.7,89.2,83.0,40.4,0.31,0.15,0.17,1.79,2.47,1.85,0.31,0.25,1.11,0.49,44.4,1.11,0.49,0.22,0.5,20.2,0.0,0.0,0.0,0.06,0.19,0.19,57.8,0.68,8.7,22.5,27.4,1.98,57.8,0.93,37.5,1.42,57.5,36.0,0.49,1.98,0.86,41.4,1.05,0.62,0.62,1.05,0.62,58.8,0.43,0.86,0.68,1.17,2.22,0.43,0.06,2.9,2.9,0.12,0.0,0.0,0.0,0.12,0.0,0.62,0.62,0.12,0.0,0.0,0.0,0.12,0.0,0.0,0.93,0.43,0.12,4.2,1.17,0.62,0.0,0.0,0.0,4.51,0.31,41.7,,,,,,,,,,,,,,,,,,,,,,,,,,,,
Russell Teibert,ca CAN,MF,Vancouver W'caps,30,1992,7,0,153,1.7,0.0,0.0,0.0,0.0,0.0,0.0,0.0,0.0,0.06,0.06,0.0,0.06,1.18,1.76,4.12,0.0,0.0,0.0,0.0,0.0,0.09,0.0,0.09,0.09,0.09,Matches,2023,1.7,35.9,22.9,12.4,0.59,42.9,24.7,15.3,1.18,83.6,92.9,80.8,50.0,479.4,82.4,35.9,22.9,12.4,0.59,42.9,24.7,15.3,1.18,83.6,92.9,80.8,50.0,35.9,22.9,12.4,0.59,42.9,24.7,15.3,1.18,83.6,92.9,80.8,50.0,35.9,22.9,12.4,0.59,42.9,24.7,15.3,1.18,83.6,92.9,80.8,50.0,0.0,0.0,0.0,0.0,2.94,0.0,0.0,0.0,1.76,0.59,33.3,1.76,0.59,0.0,0.0,20.9,0.0,0.0,0.0,0.05,-0.06,-0.06,50.0,0.59,8.82,29.4,12.4,1.76,50.0,0.0,0.0,0.0,0.0,27.6,0.0,0.59,0.0,35.9,0.59,0.0,0.0,0.59,0.0,0.0,1.18,1.76,1.76,0.59,1.18,0.59,0.0,1.18,1.18,0.0,0.0,0.0,0.0,0.0,0.0,0.59,0.59,0.0,0.0,0.0,0.0,0.0,0.0,0.0,0.59,0.0,0.0,0.59,0.59,0.0,0.0,0.0,0.0,3.53,0.59,33.3,,,,,,,,,,,,,,,,,,,,,,,,,,,,
Carlos Terán,co COL,DF,Chicago Fire,22,2000,24,18,1574,17.5,0.06,0.0,0.06,0.06,0.0,0.0,0.29,0.0,0.03,0.03,0.01,0.04,0.46,2.29,0.34,0.06,0.0,0.06,0.06,0.06,0.03,0.01,0.04,0.03,0.04,Matches,2023,17.5,41.7,11.7,22.5,7.43,53.0,13.5,25.9,12.6,78.6,86.4,86.6,59.1,901.1,340.6,41.7,11.7,22.5,7.43,53.0,13.5,25.9,12.6,78.6,86.4,86.6,59.1,41.7,11.7,22.5,7.43,53.0,13.5,25.9,12.6,78.6,86.4,86.6,59.1,41.7,11.7,22.5,7.43,53.0,13.5,25.9,12.6,78.6,86.4,86.6,59.1,0.0,0.01,-0.01,0.23,1.94,0.11,0.06,0.06,0.57,0.17,30.0,0.57,0.17,0.1,0.33,15.3,0.0,0.0,0.0,0.05,0.03,0.03,62.4,8.74,35.6,23.2,4.06,0.97,62.4,0.46,88.9,0.0,0.0,30.4,0.23,0.51,0.34,36.4,1.6,0.8,0.91,1.6,0.8,77.8,0.23,1.2,0.57,1.2,2.8,3.94,0.0,0.51,0.51,0.0,0.0,0.0,0.0,0.0,0.0,0.11,0.11,0.0,0.0,0.0,0.0,0.0,0.0,0.0,0.91,0.8,0.0,0.34,1.2,0.91,0.0,0.0,0.06,8.0,1.66,54.7,,,,,,,,,,,,,,,,,,,,,,,,,,,,
Dylan Teves,us USA,FW,Seattle Sounders,22,2000,13,3,383,4.3,0.0,0.0,0.0,0.0,0.0,0.0,0.0,0.0,0.21,0.21,0.05,0.26,2.33,3.02,11.2,0.0,0.0,0.0,0.0,0.0,0.21,0.05,0.25,0.21,0.25,Matches,2023,4.3,28.8,18.8,9.07,0.7,38.6,22.3,12.1,1.86,74.7,84.4,75.0,37.5,397.9,64.7,28.8,18.8,9.07,0.7,38.6,22.3,12.1,1.86,74.7,84.4,75.0,37.5,28.8,18.8,9.07,0.7,38.6,22.3,12.1,1.86,74.7,84.4,75.0,37.5,28.8,18.8,9.07,0.7,38.6,22.3,12.1,1.86,74.7,84.4,75.0,37.5,0.0,0.12,-0.05,0.23,1.86,0.23,0.0,0.0,0.93,0.23,25.0,0.94,0.23,0.0,0.0,8.8,0.0,0.0,0.0,0.22,-0.21,-0.21,46.7,0.7,4.65,17.9,24.2,5.58,46.7,0.93,44.4,0.93,44.4,26.7,0.47,2.09,2.56,38.1,0.7,0.23,0.7,0.7,0.23,14.3,1.4,1.16,0.93,0.23,0.93,0.0,0.0,1.4,1.41,0.0,0.0,0.0,0.0,0.0,0.0,0.0,0.0,0.0,0.0,0.0,0.0,0.0,0.0,0.0,0.93,1.16,0.47,3.72,0.23,0.7,0.0,0.0,0.0,5.58,0.93,26.7,,,,,,,,,,,,,,,,,,,,,,,,,,,,
Thiago,br BRA,"FW,MF",NYCFC,22,2000,4,1,137,1.5,0.67,0.0,0.67,0.67,0.0,0.0,0.67,0.0,0.2,0.2,0.07,0.27,0.67,0.0,8.0,0.66,0.0,0.66,0.66,0.66,0.2,0.09,0.28,0.2,0.28,Matches,2023,1.5,23.3,12.7,6.67,0.67,26.7,14.7,7.33,0.67,87.5,86.4,90.9,100.0,284.7,18.7,23.3,12.7,6.67,0.67,26.7,14.7,7.33,0.67,87.5,86.4,90.9,100.0,23.3,12.7,6.67,0.67,26.7,14.7,7.33,0.67,87.5,86.4,90.9,100.0,23.3,12.7,6.67,0.67,26.7,14.7,7.33,0.67,87.5,86.4,90.9,100.0,0.0,0.13,-0.07,2.0,1.33,0.0,0.0,0.67,0.67,0.67,100.0,0.66,0.66,1.0,1.0,9.4,0.0,0.0,0.0,0.3,0.47,0.47,43.3,2.0,6.67,25.3,12.7,2.0,43.3,2.67,80.0,0.67,20.0,30.7,0.67,4.67,4.67,32.7,2.67,0.0,1.33,2.67,0.0,0.0,0.67,1.33,0.67,0.0,2.67,0.67,0.0,2.67,2.63,0.0,0.0,0.0,0.0,0.0,0.0,0.0,0.0,0.0,0.0,0.0,0.0,0.0,0.0,0.0,3.33,1.33,0.0,0.0,0.0,1.33,0.0,0.0,0.0,5.33,0.67,33.3,,,,,,,,,,,,,,,,,,,,,,,,,,,,
Jamal Thiaré,sn SEN,FW,Atlanta Utd,29,1993,4,0,50,0.6,0.0,0.0,0.0,0.0,0.0,0.0,3.33,0.0,0.67,0.67,0.0,0.67,1.67,1.67,5.0,0.0,0.0,0.0,0.0,0.0,0.72,0.0,0.72,0.72,0.72,Matches,2023,0.6,1.67,1.67,0.0,0.0,15.0,6.67,5.0,0.0,11.1,25.0,0.0,,20.0,18.3,1.67,1.67,0.0,0.0,15.0,6.67,5.0,0.0,11.1,25.0,0.0,,1.67,1.67,0.0,0.0,15.0,6.67,5.0,0.0,11.1,25.0,0.0,,1.67,1.67,0.0,0.0,15.0,6.67,5.0,0.0,11.1,25.0,0.0,,0.0,0.0,0.0,0.0,1.67,0.0,0.0,0.0,3.33,0.0,0.0,3.6,0.0,0.0,,7.1,0.0,0.0,0.0,0.19,-0.67,-0.67,25.0,1.67,1.67,11.7,11.7,3.33,25.0,0.0,,0.0,,10.0,0.0,1.67,0.0,16.7,0.0,0.0,0.0,0.0,0.0,,0.0,1.67,1.67,1.67,1.67,1.67,0.0,1.67,1.87,0.0,0.0,1.67,0.0,0.0,0.0,0.0,0.0,0.0,0.0,1.67,0.0,0.0,0.0,0.0,5.0,1.67,3.33,0.0,1.67,0.0,0.0,0.0,0.0,1.67,6.67,50.0,,,,,,,,,,,,,,,,,,,,,,,,,,,,
Erik Thommy,de GER,"MF,FW",Sporting KC,28,1994,34,32,2580,28.7,0.17,0.17,0.35,0.17,0.0,0.03,0.24,0.0,0.19,0.16,0.11,0.28,3.83,5.37,5.78,0.17,0.17,0.35,0.17,0.35,0.19,0.11,0.31,0.16,0.28,Matches,2023,28.7,38.9,18.6,14.7,4.46,47.6,20.2,17.2,6.83,81.8,91.9,85.4,65.3,687.0,144.4,38.9,18.6,14.7,4.46,47.6,20.2,17.2,6.83,81.8,91.9,85.4,65.3,38.9,18.6,14.7,4.46,47.6,20.2,17.2,6.83,81.8,91.9,85.4,65.3,38.9,18.6,14.7,4.46,47.6,20.2,17.2,6.83,81.8,91.9,85.4,65.3,0.17,0.11,0.06,1.5,3.69,1.05,0.17,0.17,2.79,0.87,31.3,2.79,0.87,0.06,0.2,21.9,0.38,0.0,0.03,0.06,-0.02,0.01,59.2,0.8,6.66,26.2,27.3,3.1,59.2,1.74,51.0,1.25,36.7,38.5,1.22,1.81,1.53,44.1,1.53,0.73,0.94,1.53,0.73,42.0,1.01,1.5,1.29,0.84,2.37,0.38,0.03,4.04,4.05,0.24,0.07,0.17,0.03,0.0,0.0,0.52,0.52,0.24,0.07,0.17,0.03,0.0,0.0,0.0,0.98,1.99,0.07,4.36,0.84,0.94,0.0,0.0,0.0,4.67,0.28,40.0,,,,,,,,,,,,,,,,,,,,,,,,,,,,
Kosi Thompson,ca CAN,"MF,FW",Toronto FC,20,2003,14,6,582,6.5,0.15,0.0,0.15,0.15,0.0,0.0,0.0,0.0,0.09,0.09,0.14,0.23,0.62,2.0,1.69,0.15,0.0,0.15,0.15,0.15,0.1,0.13,0.23,0.1,0.23,Matches,2023,6.5,30.8,16.6,12.0,1.38,36.5,18.8,13.5,2.0,84.4,88.5,88.6,69.2,459.4,95.8,30.8,16.6,12.0,1.38,36.5,18.8,13.5,2.0,84.4,88.5,88.6,69.2,30.8,16.6,12.0,1.38,36.5,18.8,13.5,2.0,84.4,88.5,88.6,69.2,30.8,16.6,12.0,1.38,36.5,18.8,13.5,2.0,84.4,88.5,88.6,69.2,0.0,0.12,-0.14,0.77,3.23,0.0,0.0,0.15,0.77,0.46,60.0,0.77,0.46,0.2,0.33,13.6,0.0,0.0,0.0,0.13,0.06,0.06,48.0,2.77,12.9,27.4,8.15,1.85,48.0,0.31,25.0,0.77,62.5,26.9,0.0,1.38,1.85,31.5,1.85,0.46,0.92,1.85,0.46,42.9,0.62,2.0,1.54,1.69,3.54,1.69,0.0,1.08,1.08,0.0,0.0,0.0,0.0,0.0,0.0,0.0,0.0,0.0,0.0,0.0,0.0,0.0,0.0,0.0,1.69,1.08,0.0,0.62,1.69,0.92,0.0,0.0,0.0,5.08,0.77,41.7,,,,,,,,,,,,,,,,,,,,,,,,,,,,
Tommy Thompson,us USA,"MF,DF",SJ Earthquakes,27,1995,19,1,355,3.9,0.0,0.0,0.0,0.0,0.0,0.0,0.26,0.0,0.21,0.21,0.05,0.26,1.54,4.62,5.9,0.0,0.0,0.0,0.0,0.0,0.19,0.06,0.25,0.19,0.25,Matches,2023,3.9,39.0,21.5,13.8,1.54,44.9,22.6,15.4,2.82,86.9,95.5,90.0,54.5,551.8,154.9,39.0,21.5,13.8,1.54,44.9,22.6,15.4,2.82,86.9,95.5,90.0,54.5,39.0,21.5,13.8,1.54,44.9,22.6,15.4,2.82,86.9,95.5,90.0,54.5,39.0,21.5,13.8,1.54,44.9,22.6,15.4,2.82,86.9,95.5,90.0,54.5,0.0,0.13,-0.05,1.54,2.31,0.77,0.26,0.0,2.05,0.26,12.5,2.03,0.25,0.0,0.0,14.7,0.0,0.0,0.0,0.09,-0.21,-0.21,58.5,3.85,15.6,22.1,21.0,5.13,58.5,1.54,66.7,0.51,22.2,29.2,0.51,2.05,1.54,35.6,1.79,1.03,1.54,1.79,1.03,44.4,1.28,0.51,0.51,0.51,2.31,2.82,0.0,3.85,3.8,0.26,0.0,0.26,0.0,0.0,0.0,0.26,0.25,0.26,0.0,0.26,0.0,0.0,0.0,0.0,1.54,2.05,0.0,0.51,0.51,1.54,0.0,0.0,0.0,6.15,0.26,25.0,,,,,,,,,,,,,,,,,,,,,,,,,,,,
Timmy Tillman,us USA,MF,LAFC,24,1999,25,20,1648,18.3,0.22,0.05,0.27,0.22,0.0,0.0,0.33,0.0,0.12,0.12,0.05,0.17,1.75,5.52,3.17,0.22,0.05,0.27,0.22,0.27,0.12,0.05,0.17,0.12,0.17,Matches,2023,18.3,38.4,18.2,15.0,3.5,44.6,19.7,16.6,4.86,86.0,92.5,90.5,71.9,643.8,166.3,38.4,18.2,15.0,3.5,44.6,19.7,16.6,4.86,86.0,92.5,90.5,71.9,38.4,18.2,15.0,3.5,44.6,19.7,16.6,4.86,86.0,92.5,90.5,71.9,38.4,18.2,15.0,3.5,44.6,19.7,16.6,4.86,86.0,92.5,90.5,71.9,0.05,0.09,0.0,1.09,4.32,1.15,0.05,0.22,1.37,0.49,36.0,1.37,0.49,0.16,0.44,20.3,0.0,0.0,0.0,0.09,0.1,0.1,55.7,1.53,8.2,31.6,16.7,1.69,55.7,1.69,50.8,1.37,41.0,35.3,0.44,1.37,1.15,38.3,2.24,1.04,1.37,2.24,1.04,36.5,1.8,1.48,1.37,0.93,3.17,0.66,0.0,2.35,2.35,0.05,0.0,0.27,0.05,0.0,0.0,0.16,0.16,0.05,0.0,0.27,0.05,0.0,0.0,0.0,1.42,2.35,0.05,1.09,0.93,1.37,0.05,0.0,0.0,7.38,0.6,40.7,,,,,,,,,,,,,,,,,,,,,,,,,,,,
John Tolkin,us USA,DF,NY Red Bulls,20,2002,27,27,2377,26.4,0.11,0.23,0.34,0.08,0.04,0.04,0.19,0.0,0.11,0.08,0.17,0.24,2.05,4.13,3.26,0.11,0.23,0.34,0.08,0.3,0.11,0.17,0.27,0.08,0.24,Matches,2023,26.4,40.0,17.9,16.1,5.3,57.1,21.0,21.6,12.0,70.0,85.2,74.9,44.3,739.5,293.8,40.0,17.9,16.1,5.3,57.1,21.0,21.6,12.0,70.0,85.2,74.9,44.3,40.0,17.9,16.1,5.3,57.1,21.0,21.6,12.0,70.0,85.2,74.9,44.3,40.0,17.9,16.1,5.3,57.1,21.0,21.6,12.0,70.0,85.2,74.9,44.3,0.23,0.17,0.06,1.67,3.45,0.91,0.34,0.11,1.25,0.34,27.3,1.25,0.34,0.06,0.22,22.8,0.38,0.04,0.04,0.06,0.01,0.0,67.0,2.08,17.5,31.1,19.2,1.21,66.9,0.57,37.5,0.76,50.0,32.8,0.38,1.1,0.57,35.4,2.05,1.33,1.29,2.05,1.33,66.0,0.68,0.98,0.83,0.98,3.03,1.67,0.0,3.03,3.03,0.08,0.0,0.11,0.04,0.0,0.0,0.27,0.27,0.08,0.0,0.11,0.04,0.0,0.0,0.0,0.38,1.29,0.11,6.02,0.98,1.29,0.04,0.0,0.0,6.82,1.06,62.2,,,,,,,,,,,,,,,,,,,,,,,,,,,,
Nouhou Tolo,cm CMR,DF,Seattle Sounders,25,1997,28,23,2048,22.8,0.0,0.0,0.0,0.0,0.0,0.0,0.26,0.0,0.02,0.02,0.03,0.04,2.28,5.09,1.27,0.0,0.0,0.0,0.0,0.0,0.02,0.02,0.04,0.02,0.04,Matches,2023,22.8,48.2,24.4,18.9,3.99,57.3,26.4,22.1,6.58,84.0,92.4,85.3,60.7,816.2,264.3,48.2,24.4,18.9,3.99,57.3,26.4,22.1,6.58,84.0,92.4,85.3,60.7,48.2,24.4,18.9,3.99,57.3,26.4,22.1,6.58,84.0,92.4,85.3,60.7,48.2,24.4,18.9,3.99,57.3,26.4,22.1,6.58,84.0,92.4,85.3,60.7,0.0,0.04,-0.03,0.39,5.35,0.39,0.31,0.0,0.35,0.09,25.0,0.35,0.09,0.0,0.0,19.0,0.0,0.0,0.0,0.05,-0.02,-0.02,67.1,3.77,21.3,37.5,9.43,0.53,67.1,1.27,67.4,0.31,16.3,36.7,0.13,0.7,0.57,40.2,2.19,1.58,1.8,2.19,1.58,69.2,0.7,1.14,0.88,0.92,3.11,3.38,0.0,1.4,1.41,0.04,0.0,0.0,0.0,0.09,0.0,0.0,0.0,0.04,0.0,0.0,0.0,0.09,0.0,0.0,0.96,1.32,0.09,1.32,0.92,1.8,0.0,0.0,0.0,7.41,1.32,57.7,,,,,,,,,,,,,,,,,,,,,,,,,,,,
Facundo Torres,uy URU,"FW,MF",Orlando City,22,2000,30,28,2367,26.3,0.53,0.11,0.65,0.34,0.19,0.19,0.08,0.0,0.39,0.24,0.16,0.4,3.65,5.32,9.85,0.53,0.11,0.65,0.34,0.46,0.39,0.16,0.55,0.24,0.4,Matches,2023,26.3,31.6,18.7,9.13,3.04,39.6,20.5,11.4,5.1,79.8,91.5,80.0,59.7,506.0,124.6,31.6,18.7,9.13,3.04,39.6,20.5,11.4,5.1,79.8,91.5,80.0,59.7,31.6,18.7,9.13,3.04,39.6,20.5,11.4,5.1,79.8,91.5,80.0,59.7,31.6,18.7,9.13,3.04,39.6,20.5,11.4,5.1,79.8,91.5,80.0,59.7,0.11,0.17,-0.05,1.9,2.97,1.75,0.49,0.53,2.28,0.8,35.0,2.28,0.8,0.15,0.43,20.0,0.04,0.19,0.19,0.1,0.14,0.1,50.0,0.49,3.92,20.1,26.7,4.07,49.8,1.52,36.4,2.24,53.6,34.0,0.87,1.9,0.84,39.3,0.57,0.27,0.38,0.57,0.27,25.9,0.76,0.53,0.53,0.34,0.91,0.19,0.04,4.18,4.18,0.15,0.0,0.27,0.08,0.04,0.0,0.42,0.42,0.15,0.0,0.27,0.08,0.04,0.0,0.0,0.42,2.43,0.27,3.46,0.34,0.38,0.0,0.0,0.0,4.14,0.53,33.3,,,,,,,,,,,,,,,,,,,,,,,,,,,,
Jairo Torres,mx MEX,"MF,FW",Chicago Fire,22,2000,22,8,763,8.5,0.0,0.0,0.0,0.0,0.0,0.0,0.24,0.0,0.22,0.22,0.06,0.28,2.94,3.76,6.0,0.0,0.0,0.0,0.0,0.0,0.23,0.06,0.29,0.23,0.29,Matches,2023,8.5,30.0,17.3,9.41,2.59,38.1,19.1,11.4,4.82,78.7,90.7,82.5,53.7,480.1,131.4,30.0,17.3,9.41,2.59,38.1,19.1,11.4,4.82,78.7,90.7,82.5,53.7,30.0,17.3,9.41,2.59,38.1,19.1,11.4,4.82,78.7,90.7,82.5,53.7,30.0,17.3,9.41,2.59,38.1,19.1,11.4,4.82,78.7,90.7,82.5,53.7,0.0,0.05,-0.06,1.06,2.35,0.59,0.35,0.0,2.12,0.47,22.2,2.12,0.47,0.0,0.0,17.2,0.12,0.0,0.0,0.11,-0.22,-0.22,51.1,1.41,9.29,24.9,17.4,3.29,51.1,1.88,42.1,1.88,42.1,31.1,0.59,2.35,1.41,37.1,0.82,0.35,0.47,0.82,0.35,20.0,1.41,0.59,0.59,0.71,1.53,1.18,0.12,2.24,2.24,0.0,0.0,0.24,0.0,0.0,0.0,0.12,0.12,0.0,0.0,0.24,0.0,0.0,0.0,0.0,1.41,2.82,0.24,2.71,0.71,0.47,0.0,0.0,0.0,4.59,1.06,75.0,,,,,,,,,,,,,,,,,,,,,,,,,,,,
Joaquín Torres,ar ARG,"MF,FW",Philadelphia Union,26,1997,13,3,352,3.9,0.26,0.26,0.51,0.26,0.0,0.0,0.77,0.0,0.13,0.13,0.18,0.31,2.56,4.1,8.21,0.26,0.26,0.51,0.26,0.51,0.13,0.17,0.29,0.13,0.29,Matches,2023,3.9,21.5,10.3,7.18,3.85,33.6,12.8,9.74,7.44,64.1,80.0,73.7,51.7,394.6,120.3,21.5,10.3,7.18,3.85,33.6,12.8,9.74,7.44,64.1,80.0,73.7,51.7,21.5,10.3,7.18,3.85,33.6,12.8,9.74,7.44,64.1,80.0,73.7,51.7,21.5,10.3,7.18,3.85,33.6,12.8,9.74,7.44,64.1,80.0,73.7,51.7,0.26,0.23,0.08,2.31,1.79,2.56,1.28,0.26,3.33,0.51,15.4,3.32,0.51,0.08,0.5,23.0,0.0,0.0,0.0,0.04,0.13,0.13,49.5,0.0,4.1,20.0,26.4,4.62,49.5,3.59,48.3,3.33,44.8,33.8,1.03,2.56,3.85,37.7,1.03,0.26,1.03,1.03,0.26,50.0,0.26,0.77,0.77,0.51,1.54,0.0,0.0,3.59,3.56,0.26,0.26,0.0,0.0,0.26,0.0,0.51,0.51,0.26,0.26,0.0,0.0,0.26,0.0,0.0,1.03,1.79,0.26,3.33,0.51,1.03,0.0,0.0,0.0,6.92,0.26,50.0,,,,,,,,,,,,,,,,,,,,,,,,,,,,
Mason Toye,us USA,FW,CF Montréal,24,1998,14,8,676,7.5,0.4,0.0,0.4,0.4,0.0,0.0,0.0,0.0,0.28,0.28,0.05,0.33,0.93,1.2,6.13,0.4,0.0,0.4,0.4,0.4,0.28,0.05,0.33,0.28,0.33,Matches,2023,7.5,13.5,7.47,4.53,1.47,20.5,10.1,6.53,2.0,65.6,73.7,69.4,73.3,228.1,27.7,13.5,7.47,4.53,1.47,20.5,10.1,6.53,2.0,65.6,73.7,69.4,73.3,13.5,7.47,4.53,1.47,20.5,10.1,6.53,2.0,65.6,73.7,69.4,73.3,13.5,7.47,4.53,1.47,20.5,10.1,6.53,2.0,65.6,73.7,69.4,73.3,0.0,0.03,-0.05,1.07,0.27,0.53,0.0,0.4,2.4,0.67,27.8,2.4,0.67,0.17,0.6,17.6,0.0,0.0,0.0,0.12,0.12,0.12,29.3,0.4,0.53,14.1,15.1,2.0,29.3,1.2,52.9,1.07,47.1,18.1,0.13,2.53,0.8,22.9,0.27,0.13,0.13,0.27,0.13,100.0,0.0,0.4,0.4,0.27,0.53,0.4,0.0,2.27,2.28,0.53,0.27,0.13,0.0,0.13,0.0,0.4,0.4,0.53,0.27,0.13,0.0,0.13,0.0,0.0,0.8,0.67,0.4,1.33,0.27,0.13,0.0,0.0,0.0,1.33,1.07,61.5,,,,,,,,,,,,,,,,,,,,,,,,,,,,
Wil Trapp,us USA,MF,Minnesota Utd,30,1993,30,28,2419,26.9,0.0,0.0,0.0,0.0,0.0,0.0,0.22,0.0,0.03,0.03,0.06,0.08,0.63,6.21,0.63,0.0,0.0,0.0,0.0,0.0,0.03,0.06,0.08,0.03,0.08,Matches,2023,26.9,43.7,18.4,19.0,5.58,51.6,20.8,21.4,7.51,84.6,88.4,88.6,74.3,811.0,272.0,43.7,18.4,19.0,5.58,51.6,20.8,21.4,7.51,84.6,88.4,88.6,74.3,43.7,18.4,19.0,5.58,51.6,20.8,21.4,7.51,84.6,88.4,88.6,74.3,43.7,18.4,19.0,5.58,51.6,20.8,21.4,7.51,84.6,88.4,88.6,74.3,0.0,0.09,-0.06,0.78,5.91,0.74,0.11,0.0,0.86,0.11,13.0,0.86,0.11,0.0,0.0,27.4,0.0,0.0,0.0,0.03,-0.03,-0.03,60.1,2.34,15.8,35.1,9.48,0.37,60.1,0.48,81.3,0.11,18.8,33.6,0.04,0.78,0.48,39.6,2.08,0.78,1.41,2.08,0.78,29.2,1.9,1.04,0.78,1.12,3.2,1.19,0.04,2.16,2.16,0.0,0.0,0.04,0.0,0.04,0.0,0.11,0.11,0.0,0.0,0.04,0.0,0.04,0.0,0.0,1.12,0.37,0.0,0.48,1.12,1.41,0.0,0.0,0.0,6.54,0.93,48.1,,,,,,,,,,,,,,,,,,,,,,,,,,,,
Miguel Trauco,pe PER,DF,SJ Earthquakes,30,1992,27,24,2005,22.3,0.13,0.0,0.13,0.13,0.0,0.0,0.09,0.0,0.04,0.04,0.06,0.09,1.03,5.38,1.84,0.13,0.0,0.13,0.13,0.13,0.04,0.06,0.09,0.04,0.09,Matches,2023,22.3,47.0,22.2,18.2,6.05,60.2,24.5,22.4,10.9,78.0,90.8,81.4,55.8,875.7,397.4,47.0,22.2,18.2,6.05,60.2,24.5,22.4,10.9,78.0,90.8,81.4,55.8,47.0,22.2,18.2,6.05,60.2,24.5,22.4,10.9,78.0,90.8,81.4,55.8,47.0,22.2,18.2,6.05,60.2,24.5,22.4,10.9,78.0,90.8,81.4,55.8,0.0,0.11,-0.06,0.85,4.93,1.66,0.22,0.13,1.03,0.22,21.7,1.03,0.22,0.13,0.6,24.8,0.0,0.0,0.0,0.04,0.09,0.09,67.3,2.6,23.5,31.7,13.0,0.4,67.3,0.58,40.6,0.81,56.3,37.5,0.09,0.63,0.58,42.9,1.43,0.72,1.26,1.43,0.72,40.0,1.08,0.58,0.45,0.94,2.38,1.48,0.0,2.11,2.11,0.04,0.0,0.0,0.0,0.0,0.0,0.04,0.04,0.04,0.0,0.0,0.0,0.0,0.0,0.0,1.03,0.4,0.0,1.97,0.94,1.26,0.0,0.04,0.0,4.84,0.36,27.6,,,,,,,,,,,,,,,,,,,,,,,,,,,,
Niko Tsakiris,us USA,MF,SJ Earthquakes,17,2005,15,7,609,6.8,0.0,0.0,0.0,0.0,0.0,0.0,0.59,0.0,0.06,0.06,0.1,0.15,2.21,5.74,2.94,0.0,0.0,0.0,0.0,0.0,0.05,0.1,0.15,0.05,0.15,Matches,2023,6.8,46.5,26.2,15.3,3.09,55.9,29.6,17.1,5.0,83.2,88.6,89.7,61.8,682.5,160.1,46.5,26.2,15.3,3.09,55.9,29.6,17.1,5.0,83.2,88.6,89.7,61.8,46.5,26.2,15.3,3.09,55.9,29.6,17.1,5.0,83.2,88.6,89.7,61.8,46.5,26.2,15.3,3.09,55.9,29.6,17.1,5.0,83.2,88.6,89.7,61.8,0.0,0.09,-0.1,0.88,3.24,1.32,0.0,0.0,0.88,0.15,16.7,0.89,0.15,0.0,0.0,20.1,0.0,0.0,0.0,0.06,-0.06,-0.06,67.4,1.32,10.9,37.4,19.4,2.21,67.4,1.18,36.4,1.47,45.5,44.6,0.59,1.91,1.47,51.8,2.35,1.18,1.18,2.35,1.18,66.7,0.59,0.59,0.44,0.59,2.94,0.74,0.0,3.24,3.25,0.15,0.0,0.59,0.15,0.0,0.0,0.15,0.15,0.15,0.0,0.59,0.15,0.0,0.0,0.0,1.18,1.76,0.15,0.74,0.59,1.18,0.0,0.0,0.0,5.0,0.74,55.6,,,,,,,,,,,,,,,,,,,,,,,,,,,,
Bill Tuiloma,nz NZL,DF,Charlotte,27,1995,17,15,1353,15.0,0.0,0.0,0.0,0.0,0.0,0.0,0.13,0.0,0.03,0.03,0.01,0.03,0.13,4.0,0.2,0.0,0.0,0.0,0.0,0.0,0.03,0.01,0.03,0.03,0.03,Matches,2023,15.0,46.3,14.7,26.3,5.07,55.2,16.7,28.8,8.73,83.8,88.0,91.2,58.0,931.8,375.7,46.3,14.7,26.3,5.07,55.2,16.7,28.8,8.73,83.8,88.0,91.2,58.0,46.3,14.7,26.3,5.07,55.2,16.7,28.8,8.73,83.8,88.0,91.2,58.0,46.3,14.7,26.3,5.07,55.2,16.7,28.8,8.73,83.8,88.0,91.2,58.0,0.0,0.01,-0.01,0.13,2.93,0.2,0.0,0.0,0.4,0.13,33.3,0.4,0.13,0.0,0.0,20.4,0.13,0.0,0.0,0.06,-0.03,-0.03,64.1,7.73,34.8,27.8,1.93,0.33,64.1,0.07,33.3,0.0,0.0,29.8,0.0,0.33,0.0,41.1,0.6,0.33,0.13,0.6,0.33,50.0,0.33,1.07,0.47,1.4,2.0,3.93,0.07,0.6,0.6,0.0,0.0,0.0,0.0,0.0,0.0,0.13,0.13,0.0,0.0,0.0,0.0,0.0,0.0,0.0,0.67,0.93,0.2,0.07,1.4,0.13,0.0,0.0,0.07,4.47,2.27,52.3,,,,,,,,,,,,,,,,,,,,,,,,,,,,
Stephen Turnbull,us USA,"DF,MF",NYCFC,24,1998,11,5,483,5.4,0.0,0.0,0.0,0.0,0.0,0.0,0.19,0.0,0.0,0.0,0.15,0.15,1.85,3.52,6.48,0.0,0.0,0.0,0.0,0.0,0.01,0.15,0.15,0.01,0.15,Matches,2023,5.4,33.9,20.4,12.4,0.93,45.7,23.0,16.3,3.7,74.1,88.7,76.1,25.0,510.6,159.6,33.9,20.4,12.4,0.93,45.7,23.0,16.3,3.7,74.1,88.7,76.1,25.0,33.9,20.4,12.4,0.93,45.7,23.0,16.3,3.7,74.1,88.7,76.1,25.0,33.9,20.4,12.4,0.93,45.7,23.0,16.3,3.7,74.1,88.7,76.1,25.0,0.0,0.13,-0.15,1.67,2.04,0.93,0.19,0.0,0.19,0.0,0.0,0.19,0.0,0.0,,19.0,0.0,0.0,0.0,0.03,0.0,0.0,55.0,2.78,14.3,23.7,17.2,1.67,55.0,1.11,60.0,0.74,40.0,24.3,0.37,1.11,0.93,30.7,2.04,1.67,1.3,2.04,1.67,56.3,1.3,1.67,1.11,0.74,2.78,1.85,0.0,2.22,2.23,0.0,0.0,0.0,0.0,0.0,0.0,0.19,0.19,0.0,0.0,0.0,0.0,0.0,0.0,0.0,1.11,1.3,0.19,2.59,0.74,1.3,0.0,0.0,0.0,5.19,1.11,46.2,,,,,,,,,,,,,,,,,,,,,,,,,,,,
Ema Twumasi,gh GHA,DF,FC Dallas,25,1997,23,18,1576,17.5,0.06,0.0,0.06,0.06,0.0,0.0,0.17,0.06,0.01,0.01,0.05,0.05,2.51,3.49,3.37,0.06,0.0,0.06,0.06,0.06,0.01,0.05,0.05,0.01,0.05,Matches,2023,17.5,43.2,24.3,15.5,2.23,51.3,26.1,17.8,4.8,84.2,93.2,87.2,46.4,650.2,176.4,43.2,24.3,15.5,2.23,51.3,26.1,17.8,4.8,84.2,93.2,87.2,46.4,43.2,24.3,15.5,2.23,51.3,26.1,17.8,4.8,84.2,93.2,87.2,46.4,43.2,24.3,15.5,2.23,51.3,26.1,17.8,4.8,84.2,93.2,87.2,46.4,0.0,0.07,-0.05,0.46,2.17,0.91,0.4,0.06,0.06,0.06,100.0,0.06,0.06,1.0,1.0,18.6,0.0,0.0,0.0,0.1,0.05,0.05,58.7,3.54,18.9,27.5,13.4,0.97,58.7,1.2,70.0,0.29,16.7,32.4,0.4,1.26,0.74,35.7,1.2,0.46,0.69,1.2,0.46,40.0,0.69,1.03,0.86,0.63,1.83,2.17,0.0,1.49,1.48,0.17,0.0,0.06,0.0,0.0,0.0,0.11,0.11,0.17,0.0,0.06,0.0,0.0,0.0,0.0,1.31,0.34,0.11,2.17,0.63,0.69,0.0,0.0,0.0,6.74,0.69,60.0,,,,,,,,,,,,,,,,,,,,,,,,,,,,
Marinos Tzionis,cy CYP,"FW,MF",Sporting KC,21,2001,21,6,725,8.1,0.0,0.12,0.12,0.0,0.0,0.0,0.0,0.0,0.12,0.12,0.02,0.15,2.59,3.21,9.26,0.0,0.12,0.12,0.0,0.12,0.13,0.03,0.15,0.13,0.15,Matches,2023,8.1,26.8,17.4,7.16,1.11,33.6,19.6,8.89,2.84,79.8,88.7,80.6,39.1,348.6,79.3,26.8,17.4,7.16,1.11,33.6,19.6,8.89,2.84,79.8,88.7,80.6,39.1,26.8,17.4,7.16,1.11,33.6,19.6,8.89,2.84,79.8,88.7,80.6,39.1,26.8,17.4,7.16,1.11,33.6,19.6,8.89,2.84,79.8,88.7,80.6,39.1,0.12,0.05,0.1,0.37,1.36,1.11,0.0,0.0,1.98,0.37,18.8,1.99,0.37,0.0,0.0,21.0,0.0,0.0,0.0,0.06,-0.12,-0.12,48.5,0.86,4.44,16.9,27.7,2.47,48.5,2.35,43.2,2.35,43.2,32.2,0.62,3.21,1.36,35.1,2.59,0.99,1.36,2.59,0.99,38.1,1.6,1.48,1.23,0.37,2.96,0.49,0.0,2.72,2.73,0.12,0.0,0.74,0.0,0.0,0.0,0.12,0.12,0.12,0.0,0.74,0.0,0.0,0.0,0.0,1.36,2.35,0.25,1.6,0.37,1.36,0.0,0.0,0.0,3.83,0.37,23.1,,,,,,,,,,,,,,,,,,,,,,,,,,,,
Mikael Uhre,dk DEN,FW,Philadelphia Union,28,1994,33,26,2143,23.8,0.38,0.17,0.55,0.38,0.0,0.0,0.13,0.0,0.33,0.33,0.14,0.47,1.85,1.13,7.14,0.38,0.17,0.55,0.38,0.55,0.33,0.14,0.47,0.33,0.47,Matches,2023,23.8,10.5,6.18,3.15,0.29,17.2,8.57,5.04,0.84,60.9,72.1,62.5,35.0,142.0,30.0,10.5,6.18,3.15,0.29,17.2,8.57,5.04,0.84,60.9,72.1,62.5,35.0,10.5,6.18,3.15,0.29,17.2,8.57,5.04,0.84,60.9,72.1,62.5,35.0,10.5,6.18,3.15,0.29,17.2,8.57,5.04,0.84,60.9,72.1,62.5,35.0,0.17,0.11,0.03,1.22,0.63,0.67,0.21,0.38,2.44,0.88,36.2,2.44,0.88,0.16,0.43,14.1,0.0,0.0,0.0,0.14,0.05,0.05,28.0,0.8,1.72,10.4,16.1,4.79,28.0,0.13,11.1,0.8,70.4,15.7,0.88,2.56,0.84,20.1,0.97,0.25,0.55,0.97,0.25,30.0,0.59,0.71,0.71,0.38,1.34,0.8,0.0,2.82,2.81,0.08,0.0,0.42,0.13,0.08,0.0,0.34,0.34,0.08,0.0,0.42,0.13,0.08,0.0,0.0,1.26,1.76,0.71,1.55,0.38,0.55,0.13,0.0,0.0,2.1,1.47,38.0,,,,,,,,,,,,,,,,,,,,,,,,,,,,
Þorleifur Úlfarsson,is ISL,"FW,MF",Houston Dynamo,22,2000,18,1,477,5.3,0.57,0.19,0.75,0.57,0.0,0.0,0.19,0.0,0.25,0.25,0.21,0.45,0.94,1.13,6.6,0.57,0.19,0.75,0.57,0.75,0.25,0.21,0.45,0.25,0.45,Matches,2023,5.3,11.5,7.92,2.08,0.57,17.7,10.9,3.77,1.13,64.9,72.4,55.0,50.0,145.5,15.3,11.5,7.92,2.08,0.57,17.7,10.9,3.77,1.13,64.9,72.4,55.0,50.0,11.5,7.92,2.08,0.57,17.7,10.9,3.77,1.13,64.9,72.4,55.0,50.0,11.5,7.92,2.08,0.57,17.7,10.9,3.77,1.13,64.9,72.4,55.0,50.0,0.19,0.09,-0.02,1.89,0.38,0.57,0.19,0.57,3.02,1.7,56.3,3.02,1.7,0.19,0.33,15.7,0.19,0.0,0.0,0.08,0.32,0.32,26.2,0.75,1.32,10.0,14.9,6.04,26.2,0.19,16.7,0.94,83.3,14.5,0.75,1.51,0.57,18.9,0.19,0.0,0.19,0.19,0.0,0.0,1.13,0.19,0.19,0.38,0.57,0.75,0.0,3.02,3.01,0.0,0.0,0.38,0.0,0.0,0.0,0.38,0.38,0.0,0.0,0.38,0.0,0.0,0.0,0.0,1.13,0.94,0.38,1.7,0.38,0.19,0.0,0.0,0.0,1.51,1.7,26.5,,,,,,,,,,,,,,,,,,,,,,,,,,,,
Victor Ulloa,us USA,MF,Inter Miami,30,1992,10,2,161,1.8,0.0,0.0,0.0,0.0,0.0,0.0,0.0,0.0,0.0,0.0,0.0,0.0,0.56,5.0,1.11,0.0,0.0,0.0,0.0,0.0,0.0,0.01,0.01,0.0,0.01,Matches,2023,1.8,41.7,27.2,11.7,2.22,46.7,30.0,12.8,3.33,89.3,90.7,91.3,66.7,627.8,185.6,41.7,27.2,11.7,2.22,46.7,30.0,12.8,3.33,89.3,90.7,91.3,66.7,41.7,27.2,11.7,2.22,46.7,30.0,12.8,3.33,89.3,90.7,91.3,66.7,41.7,27.2,11.7,2.22,46.7,30.0,12.8,3.33,89.3,90.7,91.3,66.7,0.0,0.0,0.0,0.56,5.56,0.0,0.0,0.0,0.0,0.0,,0.0,0.0,,,,0.0,0.0,0.0,,0.0,0.0,57.8,2.78,20.0,33.9,3.89,0.0,57.8,1.11,66.7,0.56,33.3,30.0,0.0,2.22,0.56,40.0,3.33,2.22,1.67,3.33,2.22,36.4,3.89,0.56,0.0,1.11,4.44,1.11,0.0,0.56,0.56,0.0,0.0,0.0,0.0,0.0,0.0,0.0,0.0,0.0,0.0,0.0,0.0,0.0,0.0,0.0,2.22,1.11,0.0,0.0,1.11,1.67,0.0,0.0,0.0,3.89,0.56,12.5,,,,,,,,,,,,,,,,,,,,,,,,,,,,
Jere Uronen,fi FIN,DF,Charlotte,28,1994,9,7,608,6.8,0.0,0.0,0.0,0.0,0.0,0.0,0.0,0.0,0.03,0.03,0.04,0.06,0.88,5.0,2.79,0.0,0.0,0.0,0.0,0.0,0.03,0.04,0.07,0.03,0.07,Matches,2023,6.8,42.1,24.0,15.0,2.5,51.2,25.9,17.5,6.03,82.2,92.6,85.7,41.5,668.4,224.0,42.1,24.0,15.0,2.5,51.2,25.9,17.5,6.03,82.2,92.6,85.7,41.5,42.1,24.0,15.0,2.5,51.2,25.9,17.5,6.03,82.2,92.6,85.7,41.5,42.1,24.0,15.0,2.5,51.2,25.9,17.5,6.03,82.2,92.6,85.7,41.5,0.0,0.15,-0.04,0.44,4.26,0.15,0.0,0.0,0.74,0.0,0.0,0.74,0.0,0.0,,23.1,0.0,0.0,0.0,0.04,-0.03,-0.03,58.7,2.79,16.0,27.4,15.4,1.03,58.7,0.15,50.0,0.15,50.0,25.1,0.15,0.44,0.29,31.2,1.18,0.29,0.74,1.18,0.29,28.6,0.74,1.18,0.59,1.32,2.5,1.76,0.0,1.18,1.18,0.0,0.0,0.0,0.0,0.0,0.0,0.15,0.15,0.0,0.0,0.0,0.0,0.0,0.0,0.0,1.62,0.74,0.0,2.65,1.32,0.74,0.0,0.0,0.0,5.44,1.62,57.9,,,,,,,,,,,,,,,,,,,,,,,,,,,,
Maximiliano Urruti,ar ARG,FW,Austin,31,1991,25,10,971,10.8,0.09,0.0,0.09,0.09,0.0,0.0,0.28,0.0,0.27,0.27,0.02,0.29,1.02,1.48,2.69,0.09,0.0,0.09,0.09,0.09,0.27,0.02,0.29,0.27,0.29,Matches,2023,10.8,8.8,4.91,2.59,0.74,12.0,5.93,3.43,1.48,73.1,82.8,75.7,50.0,133.9,29.4,8.8,4.91,2.59,0.74,12.0,5.93,3.43,1.48,73.1,82.8,75.7,50.0,8.8,4.91,2.59,0.74,12.0,5.93,3.43,1.48,73.1,82.8,75.7,50.0,8.8,4.91,2.59,0.74,12.0,5.93,3.43,1.48,73.1,82.8,75.7,50.0,0.0,0.07,-0.02,0.65,0.65,0.83,0.0,0.09,2.13,0.28,13.0,2.13,0.28,0.04,0.33,13.5,0.0,0.0,0.0,0.13,-0.18,-0.18,20.6,0.19,2.31,8.7,9.81,3.24,20.6,0.74,47.1,0.56,35.3,11.9,0.56,1.94,0.74,12.3,1.48,0.83,0.83,1.48,0.83,39.1,1.3,0.46,0.28,0.37,1.85,0.09,0.0,1.39,1.39,0.09,0.0,0.19,0.0,0.09,0.0,0.0,0.0,0.09,0.0,0.19,0.0,0.09,0.0,0.0,1.57,1.85,0.56,0.19,0.37,0.83,0.0,0.0,0.0,2.87,0.28,30.0,,,,,,,,,,,,,,,,,,,,,,,,,,,,
Júnior Urso,br BRA,"MF,FW",Orlando City,33,1989,9,2,256,2.8,0.0,0.0,0.0,0.0,0.0,0.0,0.36,0.0,0.04,0.04,0.0,0.04,0.36,0.71,2.5,0.0,0.0,0.0,0.0,0.0,0.04,0.0,0.04,0.04,0.04,Matches,2023,2.8,32.1,21.1,8.93,1.43,41.4,23.6,10.7,2.86,77.6,89.4,83.3,50.0,459.6,58.6,32.1,21.1,8.93,1.43,41.4,23.6,10.7,2.86,77.6,89.4,83.3,50.0,32.1,21.1,8.93,1.43,41.4,23.6,10.7,2.86,77.6,89.4,83.3,50.0,32.1,21.1,8.93,1.43,41.4,23.6,10.7,2.86,77.6,89.4,83.3,50.0,0.0,0.04,0.0,0.0,1.07,0.0,0.0,0.0,1.07,0.0,0.0,1.05,0.0,0.0,,23.8,0.0,0.0,0.0,0.04,-0.04,-0.04,53.2,1.43,13.6,28.9,12.1,1.07,53.2,1.43,80.0,0.36,20.0,30.7,0.36,2.5,1.07,38.2,1.79,1.07,1.07,1.79,1.07,60.0,0.71,0.71,0.71,0.71,2.5,1.79,0.0,0.71,0.7,0.36,0.0,0.0,0.0,0.0,0.0,0.0,0.0,0.36,0.0,0.0,0.0,0.0,0.0,0.0,0.71,0.71,0.0,0.0,0.71,1.07,0.0,0.0,0.0,5.71,1.43,40.0,,,,,,,,,,,,,,,,,,,,,,,,,,,,
Leo Väisänen,fi FIN,DF,Austin,25,1997,21,20,1762,19.6,0.05,0.05,0.1,0.05,0.0,0.0,0.2,0.0,0.06,0.06,0.03,0.08,0.2,2.76,0.0,0.05,0.05,0.1,0.05,0.1,0.05,0.03,0.08,0.05,0.08,Matches,2023,19.6,51.6,18.5,27.7,4.74,58.8,20.8,30.1,6.94,87.8,89.2,91.9,68.4,969.4,374.2,51.6,18.5,27.7,4.74,58.8,20.8,30.1,6.94,87.8,89.2,91.9,68.4,51.6,18.5,27.7,4.74,58.8,20.8,30.1,6.94,87.8,89.2,91.9,68.4,51.6,18.5,27.7,4.74,58.8,20.8,30.1,6.94,87.8,89.2,91.9,68.4,0.05,0.03,0.03,0.31,2.04,0.31,0.1,0.05,0.56,0.1,18.2,0.56,0.1,0.09,0.5,9.3,0.0,0.0,0.0,0.1,-0.01,-0.01,67.6,8.62,35.2,30.8,1.94,1.17,67.6,0.2,80.0,0.05,20.0,39.9,0.0,0.36,0.15,46.7,0.92,0.61,0.36,0.92,0.61,52.2,0.56,1.43,0.2,1.12,2.04,3.57,0.05,0.87,0.87,0.0,0.0,0.0,0.0,0.0,0.0,0.1,0.1,0.0,0.0,0.0,0.0,0.0,0.0,0.0,0.87,0.2,0.0,0.15,1.12,0.36,0.0,0.05,0.0,5.0,3.27,59.3,,,,,,,,,,,,,,,,,,,,,,,,,,,,
Jhojan Valencia,co COL,MF,Austin,26,1996,27,16,1432,15.9,0.0,0.06,0.06,0.0,0.0,0.0,0.25,0.0,0.02,0.02,0.03,0.05,0.31,3.96,0.69,0.0,0.06,0.06,0.0,0.06,0.02,0.03,0.05,0.02,0.05,Matches,2023,15.9,40.8,17.5,18.0,4.53,46.7,19.1,19.5,6.04,87.2,91.4,92.3,75.0,739.6,186.7,40.8,17.5,18.0,4.53,46.7,19.1,19.5,6.04,87.2,91.4,92.3,75.0,40.8,17.5,18.0,4.53,46.7,19.1,19.5,6.04,87.2,91.4,92.3,75.0,40.8,17.5,18.0,4.53,46.7,19.1,19.5,6.04,87.2,91.4,92.3,75.0,0.06,0.04,0.03,0.44,3.08,0.25,0.06,0.0,0.69,0.0,0.0,0.69,0.0,0.0,,27.8,0.0,0.0,0.0,0.03,-0.02,-0.02,56.9,2.58,16.9,33.5,7.11,0.38,56.9,0.82,76.5,0.19,17.6,29.8,0.06,1.32,0.75,36.0,2.7,1.13,1.7,2.7,1.13,56.3,0.88,1.57,1.01,1.89,4.59,1.19,0.06,1.13,1.13,0.06,0.0,0.0,0.0,0.0,0.0,0.06,0.06,0.06,0.0,0.0,0.0,0.0,0.0,0.0,1.95,0.63,0.0,0.19,1.89,1.7,0.0,0.0,0.0,5.85,1.13,45.0,,,,,,,,,,,,,,,,,,,,,,,,,,,,
Zarek Valentin,pr PUR,DF,Minnesota Utd,31,1991,20,15,1322,14.7,0.0,0.14,0.14,0.0,0.0,0.0,0.0,0.0,0.0,0.0,0.07,0.07,1.09,3.54,3.2,0.0,0.14,0.14,0.0,0.14,0.0,0.08,0.08,0.0,0.08,Matches,2023,14.7,32.7,13.4,14.8,4.22,45.7,14.4,20.9,8.44,71.6,93.4,70.7,50.0,615.3,265.0,32.7,13.4,14.8,4.22,45.7,14.4,20.9,8.44,71.6,93.4,70.7,50.0,32.7,13.4,14.8,4.22,45.7,14.4,20.9,8.44,71.6,93.4,70.7,50.0,32.7,13.4,14.8,4.22,45.7,14.4,20.9,8.44,71.6,93.4,70.7,50.0,0.14,0.08,0.06,0.68,3.54,0.68,0.2,0.0,0.0,0.0,,0.0,0.0,,,,0.0,0.0,0.0,,0.0,0.0,52.5,3.61,17.5,24.2,11.0,0.2,52.5,0.14,50.0,0.14,50.0,25.4,0.14,0.41,0.34,27.6,1.09,0.54,0.61,1.09,0.54,42.1,0.75,1.09,0.61,0.88,1.97,2.38,0.0,1.63,1.64,0.0,0.0,0.0,0.0,0.0,0.0,0.14,0.14,0.0,0.0,0.0,0.0,0.0,0.0,0.0,0.68,0.34,0.0,1.43,0.88,0.61,0.0,0.0,0.0,5.99,0.88,41.9,,,,,,,,,,,,,,,,,,,,,,,,,,,,
Gerardo Valenzuela,us USA,MF,FC Cincinnati,18,2004,2,0,9,0.1,0.0,0.0,0.0,0.0,0.0,0.0,0.0,0.0,0.0,0.0,0.0,0.0,0.0,0.0,0.0,0.0,0.0,0.0,0.0,0.0,0.0,0.0,0.0,0.0,0.0,Matches,2023,0.1,40.0,40.0,0.0,0.0,50.0,40.0,0.0,0.0,80.0,100.0,,,320.0,0.0,40.0,40.0,0.0,0.0,50.0,40.0,0.0,0.0,80.0,100.0,,,40.0,40.0,0.0,0.0,50.0,40.0,0.0,0.0,80.0,100.0,,,40.0,40.0,0.0,0.0,50.0,40.0,0.0,0.0,80.0,100.0,,,0.0,0.0,0.0,0.0,0.0,0.0,0.0,0.0,0.0,0.0,,0.0,0.0,,,,0.0,0.0,0.0,,0.0,0.0,70.0,10.0,30.0,40.0,0.0,0.0,70.0,0.0,,0.0,,20.0,0.0,0.0,0.0,30.0,10.0,10.0,0.0,10.0,10.0,100.0,0.0,0.0,0.0,10.0,20.0,0.0,0.0,0.0,0.0,0.0,0.0,0.0,0.0,0.0,0.0,0.0,0.0,0.0,0.0,0.0,0.0,0.0,0.0,0.0,0.0,10.0,0.0,0.0,10.0,0.0,0.0,0.0,0.0,10.0,0.0,0.0,,,,,,,,,,,,,,,,,,,,,,,,,,,,
Gustavo Vallecilla,ec ECU,DF,Columbus Crew,23,1999,12,10,844,9.4,0.0,0.0,0.0,0.0,0.0,0.0,0.32,0.0,0.01,0.01,0.0,0.01,1.17,6.38,0.53,0.0,0.0,0.0,0.0,0.0,0.01,0.0,0.01,0.01,0.01,Matches,2023,9.4,53.9,21.6,28.2,3.94,65.4,23.8,32.1,7.98,82.4,90.6,87.7,49.3,972.2,392.7,53.9,21.6,28.2,3.94,65.4,23.8,32.1,7.98,82.4,90.6,87.7,49.3,53.9,21.6,28.2,3.94,65.4,23.8,32.1,7.98,82.4,90.6,87.7,49.3,53.9,21.6,28.2,3.94,65.4,23.8,32.1,7.98,82.4,90.6,87.7,49.3,0.0,0.03,0.0,0.11,7.23,0.21,0.11,0.0,0.32,0.11,33.3,0.32,0.11,0.0,0.0,17.9,0.0,0.0,0.0,0.03,-0.01,-0.01,73.9,3.94,25.9,43.4,5.53,0.53,73.9,0.64,75.0,0.21,25.0,48.5,0.11,1.38,0.32,51.3,1.81,1.06,1.28,1.81,1.06,45.5,1.28,1.28,0.74,1.06,2.87,1.7,0.0,0.53,0.53,0.0,0.0,0.0,0.0,0.0,0.0,0.0,0.0,0.0,0.0,0.0,0.0,0.0,0.0,0.0,1.49,0.0,0.0,0.32,1.06,1.28,0.0,0.0,0.0,7.34,1.49,50.0,,,,,,,,,,,,,,,,,,,,,,,,,,,,
Dante Vanzeir,be BEL,"FW,MF",NY Red Bulls,24,1998,19,8,749,8.3,0.24,0.12,0.36,0.24,0.0,0.0,0.24,0.0,0.28,0.28,0.16,0.42,2.41,1.93,8.55,0.24,0.12,0.36,0.24,0.36,0.27,0.15,0.42,0.27,0.42,Matches,2023,8.3,12.3,6.27,4.1,1.2,21.0,7.95,7.11,2.17,58.6,78.8,57.6,55.6,179.6,44.5,12.3,6.27,4.1,1.2,21.0,7.95,7.11,2.17,58.6,78.8,57.6,55.6,12.3,6.27,4.1,1.2,21.0,7.95,7.11,2.17,58.6,78.8,57.6,55.6,12.3,6.27,4.1,1.2,21.0,7.95,7.11,2.17,58.6,78.8,57.6,55.6,0.12,0.14,-0.04,1.57,1.2,1.69,0.36,0.24,2.89,0.6,20.8,2.88,0.6,0.08,0.4,16.0,0.24,0.0,0.0,0.09,-0.04,-0.04,31.3,0.6,1.81,10.7,19.2,4.1,31.3,0.96,61.5,0.6,38.5,19.3,0.96,2.65,1.33,22.8,0.6,0.24,0.36,0.6,0.24,18.2,1.08,0.36,0.24,0.36,0.96,0.6,0.0,2.29,2.28,0.0,0.0,0.0,0.0,0.12,0.0,0.12,0.12,0.0,0.0,0.0,0.0,0.12,0.0,0.0,0.72,0.48,1.33,2.53,0.36,0.36,0.0,0.0,0.0,2.65,0.96,34.8,,,,,,,,,,,,,,,,,,,,,,,,,,,,
Kerwin Vargas,co COL,"FW,MF",Charlotte,21,2002,29,18,1489,16.5,0.24,0.18,0.42,0.24,0.0,0.0,0.24,0.0,0.1,0.1,0.22,0.32,2.85,3.94,10.4,0.24,0.18,0.42,0.24,0.42,0.1,0.22,0.31,0.1,0.31,Matches,2023,16.5,32.0,17.5,11.1,2.55,43.4,19.6,14.4,6.97,73.7,88.9,76.9,36.5,509.2,159.0,32.0,17.5,11.1,2.55,43.4,19.6,14.4,6.97,73.7,88.9,76.9,36.5,32.0,17.5,11.1,2.55,43.4,19.6,14.4,6.97,73.7,88.9,76.9,36.5,32.0,17.5,11.1,2.55,43.4,19.6,14.4,6.97,73.7,88.9,76.9,36.5,0.18,0.21,-0.04,1.64,2.12,2.12,1.15,0.24,2.12,0.79,37.1,2.12,0.79,0.11,0.31,21.8,0.06,0.0,0.0,0.05,0.15,0.15,53.3,0.97,6.06,22.8,24.9,2.18,53.3,1.52,49.0,1.21,39.2,32.4,0.48,1.58,0.67,39.7,0.48,0.12,0.42,0.48,0.12,14.3,0.73,1.09,1.09,1.21,1.7,0.85,0.0,3.03,3.02,0.18,0.0,0.24,0.0,0.0,0.0,0.3,0.3,0.18,0.0,0.24,0.0,0.0,0.0,0.0,0.79,1.33,0.61,7.09,1.21,0.42,0.0,0.0,0.0,5.09,0.85,46.7,,,,,,,,,,,,,,,,,,,,,,,,,,,,
Marlon Vargas,sv SLV,MF,Colorado Rapids,22,2001,1,0,12,0.1,0.0,0.0,0.0,0.0,0.0,0.0,0.0,0.0,0.0,0.0,0.0,0.0,10.0,0.0,0.0,0.0,0.0,0.0,0.0,0.0,0.0,0.0,0.0,0.0,0.0,Matches,2023,0.1,60.0,40.0,20.0,0.0,90.0,40.0,30.0,0.0,66.7,100.0,66.7,,970.0,210.0,60.0,40.0,20.0,0.0,90.0,40.0,30.0,0.0,66.7,100.0,66.7,,60.0,40.0,20.0,0.0,90.0,40.0,30.0,0.0,66.7,100.0,66.7,,60.0,40.0,20.0,0.0,90.0,40.0,30.0,0.0,66.7,100.0,66.7,,0.0,0.0,0.0,0.0,0.0,0.0,0.0,0.0,0.0,0.0,,0.0,0.0,,,,0.0,0.0,0.0,,0.0,0.0,90.0,0.0,0.0,90.0,0.0,0.0,90.0,0.0,,0.0,,70.0,0.0,0.0,0.0,80.0,0.0,0.0,0.0,0.0,0.0,,0.0,0.0,0.0,0.0,0.0,0.0,0.0,0.0,0.0,0.0,0.0,0.0,0.0,0.0,0.0,0.0,0.0,0.0,0.0,0.0,0.0,0.0,0.0,0.0,0.0,0.0,0.0,0.0,0.0,0.0,0.0,0.0,0.0,0.0,0.0,,,,,,,,,,,,,,,,,,,,,,,,,,,,,
Obed Vargas,mx MEX,MF,Seattle Sounders,17,2005,22,14,1321,14.7,0.0,0.07,0.07,0.0,0.0,0.0,0.0,0.0,0.01,0.01,0.04,0.05,1.02,4.49,2.18,0.0,0.07,0.07,0.0,0.07,0.01,0.04,0.05,0.01,0.05,Matches,2023,14.7,42.0,22.6,15.7,2.65,48.2,24.6,17.4,3.33,87.1,92.0,90.2,79.6,650.1,158.3,42.0,22.6,15.7,2.65,48.2,24.6,17.4,3.33,87.1,92.0,90.2,79.6,42.0,22.6,15.7,2.65,48.2,24.6,17.4,3.33,87.1,92.0,90.2,79.6,42.0,22.6,15.7,2.65,48.2,24.6,17.4,3.33,87.1,92.0,90.2,79.6,0.07,0.05,0.03,0.41,3.27,0.27,0.07,0.0,0.27,0.07,25.0,0.27,0.07,0.0,0.0,19.6,0.0,0.0,0.0,0.05,-0.01,-0.01,57.0,1.77,11.3,34.4,11.9,0.95,57.0,0.41,42.9,0.27,28.6,33.5,0.14,1.16,0.75,40.9,2.45,1.09,1.5,2.45,1.09,44.4,1.36,1.22,1.02,1.16,3.61,0.82,0.0,1.63,1.64,0.0,0.0,0.27,0.07,0.0,0.0,0.27,0.27,0.0,0.0,0.27,0.07,0.0,0.0,0.0,0.82,1.5,0.14,0.34,1.16,1.5,0.0,0.0,0.0,4.97,0.54,50.0,,,,,,,,,,,,,,,,,,,,,,,,,,,,
Indiana Vassilev,us USA,MF,St. Louis,21,2001,34,25,2112,23.5,0.09,0.17,0.26,0.09,0.0,0.0,0.09,0.0,0.09,0.09,0.11,0.2,2.09,3.79,3.02,0.09,0.17,0.26,0.09,0.26,0.09,0.11,0.2,0.09,0.2,Matches,2023,23.5,24.3,11.8,8.94,2.94,33.4,14.0,11.7,6.0,72.5,84.8,76.6,48.9,425.0,136.8,24.3,11.8,8.94,2.94,33.4,14.0,11.7,6.0,72.5,84.8,76.6,48.9,24.3,11.8,8.94,2.94,33.4,14.0,11.7,6.0,72.5,84.8,76.6,48.9,24.3,11.8,8.94,2.94,33.4,14.0,11.7,6.0,72.5,84.8,76.6,48.9,0.17,0.12,0.06,1.62,2.77,1.02,0.26,0.09,1.45,0.43,29.4,1.45,0.43,0.06,0.2,22.8,0.21,0.0,0.0,0.06,-0.01,-0.01,43.1,0.77,6.3,21.4,16.3,0.98,43.1,0.89,37.5,1.4,58.9,24.2,0.55,1.4,1.11,25.9,1.96,1.15,1.15,1.96,1.15,41.5,1.62,1.23,1.06,0.43,2.38,0.34,0.04,3.7,3.7,0.17,0.04,0.43,0.13,0.04,0.0,0.43,0.43,0.17,0.04,0.43,0.13,0.04,0.0,0.0,0.72,1.53,0.09,3.79,0.43,1.15,0.09,0.0,0.0,5.45,0.34,29.6,,,,,,,,,,,,,,,,,,,,,,,,,,,,
Brandon Vazquez,us USA,FW,FC Cincinnati,24,1998,29,27,2373,26.4,0.3,0.08,0.38,0.27,0.04,0.04,0.11,0.0,0.42,0.39,0.12,0.51,1.55,1.74,6.17,0.3,0.08,0.38,0.27,0.34,0.43,0.12,0.54,0.4,0.51,Matches,2023,26.4,16.1,9.36,4.55,1.29,23.2,11.9,6.52,1.93,69.5,78.9,69.8,66.7,246.7,44.1,16.1,9.36,4.55,1.29,23.2,11.9,6.52,1.93,69.5,78.9,69.8,66.7,16.1,9.36,4.55,1.29,23.2,11.9,6.52,1.93,69.5,78.9,69.8,66.7,16.1,9.36,4.55,1.29,23.2,11.9,6.52,1.93,69.5,78.9,69.8,66.7,0.08,0.06,-0.04,0.8,0.8,0.68,0.08,0.3,2.58,1.1,42.6,2.58,1.1,0.1,0.24,14.1,0.0,0.04,0.04,0.15,-0.12,-0.13,34.2,0.72,3.18,15.2,16.3,4.39,34.2,0.91,46.2,0.8,40.4,21.4,0.57,3.03,1.48,27.8,0.45,0.3,0.38,0.45,0.3,26.7,0.83,1.17,1.06,0.15,0.61,0.53,0.0,1.89,1.9,0.23,0.04,0.23,0.0,0.04,0.0,0.27,0.27,0.23,0.04,0.23,0.0,0.04,0.0,0.0,1.1,1.86,0.34,0.27,0.15,0.38,0.0,0.0,0.0,3.07,2.61,48.9,,,,,,,,,,,,,,,,,,,,,,,,,,,,
Víctor Vázquez,es ESP,"MF,FW",Toronto FC,36,1987,12,3,241,2.7,0.0,0.0,0.0,0.0,0.0,0.0,0.37,0.0,0.04,0.04,0.04,0.07,1.48,7.78,2.59,0.0,0.0,0.0,0.0,0.0,0.03,0.04,0.06,0.03,0.06,Matches,2023,2.7,68.9,28.5,25.9,9.26,78.5,29.6,28.1,13.7,87.7,96.3,92.1,67.6,1192.6,387.4,68.9,28.5,25.9,9.26,78.5,29.6,28.1,13.7,87.7,96.3,92.1,67.6,68.9,28.5,25.9,9.26,78.5,29.6,28.1,13.7,87.7,96.3,92.1,67.6,68.9,28.5,25.9,9.26,78.5,29.6,28.1,13.7,87.7,96.3,92.1,67.6,0.0,0.19,-0.04,1.11,7.41,1.48,0.0,0.0,0.74,0.37,50.0,0.75,0.37,0.0,0.0,28.0,0.37,0.0,0.0,0.04,-0.04,-0.04,87.4,2.59,16.7,48.5,23.0,0.37,87.4,1.48,44.4,1.11,33.3,50.7,0.0,1.85,0.74,65.2,1.11,0.0,0.74,1.11,0.0,,0.0,0.37,0.0,0.74,1.85,0.74,0.37,3.33,3.36,0.0,0.0,0.0,0.0,0.0,0.0,0.0,0.0,0.0,0.0,0.0,0.0,0.0,0.0,0.0,0.0,1.85,0.0,1.48,0.74,0.74,0.0,0.0,0.0,7.41,0.0,,,,,,,,,,,,,,,,,,,,,,,,,,,,,
Carlos Vela,mx MEX,FW,LAFC,33,1989,34,23,2066,23.0,0.39,0.3,0.7,0.26,0.13,0.22,0.0,0.0,0.49,0.32,0.24,0.56,1.65,7.17,7.83,0.39,0.3,0.7,0.26,0.57,0.49,0.25,0.73,0.32,0.56,Matches,2023,23.0,29.4,11.8,12.7,3.91,40.8,14.2,15.5,8.13,72.1,83.1,82.3,48.1,545.0,203.5,29.4,11.8,12.7,3.91,40.8,14.2,15.5,8.13,72.1,83.1,82.3,48.1,29.4,11.8,12.7,3.91,40.8,14.2,15.5,8.13,72.1,83.1,82.3,48.1,29.4,11.8,12.7,3.91,40.8,14.2,15.5,8.13,72.1,83.1,82.3,48.1,0.3,0.24,0.06,2.91,3.48,2.87,0.35,0.39,2.43,0.91,37.5,2.44,0.91,0.11,0.29,18.4,0.17,0.13,0.22,0.13,-0.1,-0.06,49.3,0.3,2.65,19.7,27.5,3.48,49.1,0.87,39.2,1.09,49.0,30.3,0.48,2.35,1.17,34.7,0.43,0.26,0.26,0.43,0.26,27.3,0.7,0.52,0.52,0.22,0.65,0.26,0.0,5.48,5.5,0.13,0.04,0.35,0.0,0.09,0.04,0.7,0.7,0.13,0.04,0.35,0.0,0.09,0.04,0.0,1.04,1.26,0.57,5.35,0.22,0.26,0.09,0.0,0.0,3.43,0.3,36.8,,,,,,,,,,,,,,,,,,,,,,,,,,,,
Alan Velasco,ar ARG,"FW,MF",FC Dallas,20,2002,28,27,2258,25.1,0.16,0.08,0.24,0.16,0.0,0.0,0.24,0.0,0.11,0.11,0.12,0.23,3.9,3.71,5.58,0.16,0.08,0.24,0.16,0.24,0.11,0.12,0.23,0.11,0.23,Matches,2023,25.1,28.0,13.7,9.52,3.78,36.9,15.4,12.1,6.49,76.0,88.9,78.9,58.3,487.0,118.2,28.0,13.7,9.52,3.78,36.9,15.4,12.1,6.49,76.0,88.9,78.9,58.3,28.0,13.7,9.52,3.78,36.9,15.4,12.1,6.49,76.0,88.9,78.9,58.3,28.0,13.7,9.52,3.78,36.9,15.4,12.1,6.49,76.0,88.9,78.9,58.3,0.08,0.15,-0.04,1.35,2.79,0.84,0.2,0.16,2.15,0.72,33.3,2.15,0.72,0.07,0.22,23.7,0.36,0.0,0.0,0.05,0.05,0.05,50.5,0.44,5.66,23.0,22.8,2.31,50.5,2.79,53.0,1.87,35.6,33.8,0.96,3.11,1.67,35.6,1.79,0.76,1.16,1.79,0.76,31.7,1.63,0.92,0.92,0.8,2.59,0.56,0.0,3.23,3.23,0.52,0.04,0.24,0.0,0.08,0.0,0.24,0.24,0.52,0.04,0.24,0.0,0.08,0.0,0.0,1.63,2.11,0.36,3.59,0.8,1.16,0.0,0.0,0.0,4.9,0.28,36.8,,,,,,,,,,,,,,,,,,,,,,,,,,,,
Brayan Vera,co COL,DF,Real Salt Lake,24,1999,24,24,2039,22.7,0.13,0.04,0.18,0.13,0.0,0.0,0.48,0.0,0.04,0.04,0.03,0.07,0.93,3.35,0.35,0.13,0.04,0.18,0.13,0.18,0.04,0.03,0.07,0.04,0.07,Matches,2023,22.7,40.6,11.8,20.3,8.28,51.1,13.3,23.0,13.8,79.4,88.7,88.0,60.1,903.6,388.5,40.6,11.8,20.3,8.28,51.1,13.3,23.0,13.8,79.4,88.7,88.0,60.1,40.6,11.8,20.3,8.28,51.1,13.3,23.0,13.8,79.4,88.7,88.0,60.1,40.6,11.8,20.3,8.28,51.1,13.3,23.0,13.8,79.4,88.7,88.0,60.1,0.04,0.03,0.02,0.62,3.7,0.4,0.13,0.13,1.15,0.26,23.1,1.15,0.26,0.12,0.5,27.6,0.18,0.0,0.0,0.04,0.09,0.09,62.2,7.36,33.1,25.1,4.71,0.57,62.2,0.57,61.9,0.22,23.8,34.6,0.04,0.88,0.26,39.0,1.81,0.97,1.23,1.81,0.97,53.7,0.84,1.59,1.01,1.1,2.91,3.48,0.04,1.54,1.54,0.09,0.0,0.04,0.0,0.13,0.0,0.13,0.13,0.09,0.0,0.04,0.0,0.13,0.0,0.0,1.76,0.75,0.0,1.06,1.1,1.23,0.0,0.04,0.0,6.04,1.28,44.6,,,,,,,,,,,,,,,,,,,,,,,,,,,,
Ranko Veselinović,rs SRB,DF,Vancouver W'caps,23,1999,32,31,2823,31.4,0.06,0.06,0.13,0.06,0.0,0.0,0.06,0.0,0.04,0.04,0.04,0.08,0.19,2.61,0.22,0.06,0.06,0.13,0.06,0.13,0.04,0.04,0.08,0.04,0.08,Matches,2023,31.4,48.0,10.7,32.4,4.49,54.6,11.8,33.9,7.87,87.9,90.8,95.6,57.1,996.1,338.2,48.0,10.7,32.4,4.49,54.6,11.8,33.9,7.87,87.9,90.8,95.6,57.1,48.0,10.7,32.4,4.49,54.6,11.8,33.9,7.87,87.9,90.8,95.6,57.1,48.0,10.7,32.4,4.49,54.6,11.8,33.9,7.87,87.9,90.8,95.6,57.1,0.06,0.04,0.02,0.22,2.48,0.19,0.0,0.06,0.57,0.06,11.1,0.57,0.06,0.11,1.0,9.9,0.0,0.0,0.0,0.07,0.03,0.03,64.2,10.5,38.1,23.9,2.42,1.43,64.2,0.22,87.5,0.0,0.0,38.5,0.0,0.38,0.1,47.0,0.92,0.67,0.7,0.92,0.67,63.6,0.38,1.15,0.29,1.05,1.97,4.94,0.1,0.7,0.7,0.03,0.0,0.03,0.0,0.0,0.0,0.1,0.1,0.03,0.0,0.03,0.0,0.0,0.0,0.0,0.67,0.22,0.06,0.16,1.05,0.7,0.0,0.0,0.0,3.47,1.91,53.1,,,,,,,,,,,,,,,,,,,,,,,,,,,,
Jules-Anthony Vilsaint,ca CAN,FW,CF Montréal,20,2003,11,4,410,4.6,0.22,0.22,0.43,0.22,0.0,0.0,0.0,0.0,0.37,0.37,0.11,0.48,2.39,1.96,6.09,0.22,0.22,0.44,0.22,0.44,0.36,0.12,0.48,0.36,0.48,Matches,2023,4.6,9.35,3.91,3.91,1.09,14.6,5.43,6.09,1.74,64.2,72.0,64.3,62.5,160.0,38.7,9.35,3.91,3.91,1.09,14.6,5.43,6.09,1.74,64.2,72.0,64.3,62.5,9.35,3.91,3.91,1.09,14.6,5.43,6.09,1.74,64.2,72.0,64.3,62.5,9.35,3.91,3.91,1.09,14.6,5.43,6.09,1.74,64.2,72.0,64.3,62.5,0.22,0.04,0.11,0.87,1.09,0.65,0.0,0.22,2.83,1.3,46.2,2.85,1.32,0.08,0.17,16.2,0.0,0.0,0.0,0.13,-0.15,-0.15,25.9,0.43,1.3,10.2,14.3,5.43,25.9,0.43,28.6,1.09,71.4,17.8,1.09,2.17,1.96,19.3,1.09,0.22,0.65,1.09,0.22,33.3,0.43,0.87,0.87,0.22,1.3,0.43,0.0,1.52,1.53,0.0,0.0,0.0,0.0,0.22,0.22,0.43,0.44,0.0,0.0,0.0,0.0,0.22,0.22,0.0,1.3,1.09,0.0,0.87,0.22,0.65,0.0,0.0,0.0,1.96,1.09,27.8,,,,,,,,,,,,,,,,,,,,,,,,,,,,
Pedro Vite,ec ECU,"MF,FW",Vancouver W'caps,20,2002,34,24,2151,23.9,0.17,0.0,0.17,0.17,0.0,0.0,0.17,0.0,0.12,0.12,0.12,0.24,1.46,7.15,5.19,0.17,0.0,0.17,0.17,0.17,0.12,0.12,0.24,0.12,0.24,Matches,2023,23.9,39.5,19.5,15.5,3.51,47.9,21.5,17.9,5.56,82.4,90.7,86.9,63.2,668.7,232.3,39.5,19.5,15.5,3.51,47.9,21.5,17.9,5.56,82.4,90.7,86.9,63.2,39.5,19.5,15.5,3.51,47.9,21.5,17.9,5.56,82.4,90.7,86.9,63.2,39.5,19.5,15.5,3.51,47.9,21.5,17.9,5.56,82.4,90.7,86.9,63.2,0.0,0.19,-0.12,1.21,5.02,1.76,0.33,0.17,1.17,0.38,32.1,1.17,0.38,0.14,0.44,19.5,0.04,0.0,0.0,0.1,0.05,0.05,58.2,0.84,7.7,33.2,18.0,2.18,58.2,0.67,31.4,1.26,58.8,34.2,0.17,1.59,0.71,42.1,1.76,0.46,1.17,1.76,0.46,25.0,1.38,1.55,1.55,1.09,2.85,0.25,0.0,2.68,2.68,0.0,0.0,0.08,0.0,0.08,0.0,0.21,0.21,0.0,0.0,0.08,0.0,0.08,0.0,0.0,1.26,1.05,0.13,1.76,1.09,1.17,0.0,0.0,0.0,6.32,0.38,42.9,,,,,,,,,,,,,,,,,,,,,,,,,,,,
Gino Vivi,cr CRC,"MF,DF",LA Galaxy,22,2000,3,1,81,0.9,0.0,0.0,0.0,0.0,0.0,0.0,0.0,0.0,0.0,0.0,0.0,0.0,4.44,1.11,6.67,0.0,0.0,0.0,0.0,0.0,0.0,0.05,0.05,0.0,0.05,Matches,2023,0.9,38.9,26.7,10.0,0.0,44.4,27.8,13.3,0.0,87.5,96.0,75.0,,447.8,48.9,38.9,26.7,10.0,0.0,44.4,27.8,13.3,0.0,87.5,96.0,75.0,,38.9,26.7,10.0,0.0,44.4,27.8,13.3,0.0,87.5,96.0,75.0,,38.9,26.7,10.0,0.0,44.4,27.8,13.3,0.0,87.5,96.0,75.0,,0.0,0.0,0.0,1.11,0.0,0.0,0.0,0.0,0.0,0.0,,0.0,0.0,,,,0.0,0.0,0.0,,0.0,0.0,51.1,0.0,11.1,25.6,15.6,1.11,51.1,3.33,75.0,1.11,25.0,31.1,1.11,0.0,1.11,37.8,0.0,0.0,0.0,0.0,0.0,0.0,1.11,0.0,0.0,3.33,3.33,0.0,0.0,1.11,1.11,0.0,0.0,0.0,0.0,0.0,0.0,0.0,0.0,0.0,0.0,0.0,0.0,0.0,0.0,0.0,1.11,2.22,0.0,3.33,3.33,0.0,0.0,0.0,0.0,4.44,0.0,,,,,,,,,,,,,,,,,,,,,,,,,,,,,
Robert Voloder,ba BIH,DF,Sporting KC,21,2001,14,11,1030,11.4,0.0,0.0,0.0,0.0,0.0,0.0,0.18,0.0,0.03,0.03,0.0,0.03,1.58,2.89,0.96,0.0,0.0,0.0,0.0,0.0,0.02,0.0,0.02,0.02,0.02,Matches,2023,11.4,49.2,15.1,27.3,6.58,59.7,17.0,31.2,10.2,82.4,88.7,87.4,64.7,983.1,275.6,49.2,15.1,27.3,6.58,59.7,17.0,31.2,10.2,82.4,88.7,87.4,64.7,49.2,15.1,27.3,6.58,59.7,17.0,31.2,10.2,82.4,88.7,87.4,64.7,49.2,15.1,27.3,6.58,59.7,17.0,31.2,10.2,82.4,88.7,87.4,64.7,0.0,0.01,0.0,0.0,2.81,0.0,0.0,0.0,0.18,0.0,0.0,0.17,0.0,0.0,,5.9,0.0,0.0,0.0,0.13,-0.03,-0.03,69.9,5.96,32.0,31.3,7.02,0.53,69.9,0.96,57.9,0.53,31.6,41.7,0.18,0.44,0.35,45.0,1.58,0.79,0.44,1.58,0.79,50.0,0.79,1.14,0.7,1.84,3.42,2.89,0.18,0.88,0.87,0.0,0.0,0.0,0.0,0.0,0.0,0.18,0.17,0.0,0.0,0.0,0.0,0.0,0.0,0.0,0.79,0.88,0.0,0.61,1.84,0.44,0.0,0.09,0.0,4.82,1.67,51.4,,,,,,,,,,,,,,,,,,,,,,,,,,,,
Giacomo Vrioni,al ALB,FW,NE Revolution,24,1998,29,13,1312,14.6,0.41,0.07,0.48,0.41,0.0,0.0,0.0,0.0,0.35,0.35,0.03,0.38,1.1,1.1,3.49,0.41,0.07,0.48,0.41,0.48,0.35,0.03,0.38,0.35,0.38,Matches,2023,14.6,10.1,5.27,3.56,0.96,14.1,6.92,4.73,1.1,71.4,76.2,75.4,87.5,163.8,22.5,10.1,5.27,3.56,0.96,14.1,6.92,4.73,1.1,71.4,76.2,75.4,87.5,10.1,5.27,3.56,0.96,14.1,6.92,4.73,1.1,71.4,76.2,75.4,87.5,10.1,5.27,3.56,0.96,14.1,6.92,4.73,1.1,71.4,76.2,75.4,87.5,0.07,0.02,0.04,0.55,0.41,0.27,0.0,0.41,2.74,1.23,45.0,2.74,1.23,0.15,0.33,14.4,0.0,0.0,0.0,0.13,0.06,0.06,24.0,1.3,2.19,12.3,9.79,3.63,24.0,0.62,52.9,0.41,35.3,11.5,0.62,2.67,1.1,16.5,0.48,0.14,0.34,0.48,0.14,12.5,0.96,0.55,0.34,0.27,0.75,0.82,0.0,1.37,1.37,0.14,0.07,0.21,0.0,0.0,0.0,0.27,0.27,0.14,0.07,0.21,0.0,0.0,0.0,0.0,1.64,1.92,0.75,0.07,0.27,0.34,0.0,0.0,0.0,1.51,2.67,50.6,,,,,,,,,,,,,,,,,,,,,,,,,,,,
Kai Wagner,de GER,DF,Philadelphia Union,25,1997,28,28,2441,27.1,0.04,0.26,0.3,0.04,0.0,0.0,0.22,0.0,0.01,0.01,0.26,0.28,1.59,3.8,3.54,0.04,0.26,0.29,0.04,0.29,0.02,0.26,0.28,0.02,0.28,Matches,2023,27.1,42.8,16.4,18.6,7.16,61.9,19.2,23.9,16.5,69.1,85.4,78.1,43.5,859.0,344.7,42.8,16.4,18.6,7.16,61.9,19.2,23.9,16.5,69.1,85.4,78.1,43.5,42.8,16.4,18.6,7.16,61.9,19.2,23.9,16.5,69.1,85.4,78.1,43.5,42.8,16.4,18.6,7.16,61.9,19.2,23.9,16.5,69.1,85.4,78.1,43.5,0.26,0.24,-0.0,2.58,3.43,1.44,0.66,0.04,0.48,0.11,23.1,0.48,0.11,0.08,0.33,26.3,0.11,0.0,0.0,0.03,0.02,0.02,70.4,3.03,20.8,30.1,20.1,0.52,70.4,0.33,45.0,0.3,40.0,31.6,0.07,0.48,0.15,35.8,2.21,1.33,1.44,2.21,1.33,57.1,1.0,1.73,1.11,1.7,3.91,1.11,0.0,3.76,3.76,0.04,0.0,0.11,0.0,0.07,0.0,0.3,0.29,0.04,0.0,0.11,0.0,0.07,0.0,0.0,0.92,1.14,0.0,9.7,1.7,1.44,0.0,0.0,0.0,7.01,0.92,61.0,,,,,,,,,,,,,,,,,,,,,,,,,,,,
Rémi Walter,fr FRA,MF,Sporting KC,27,1995,33,29,2737,30.4,0.07,0.07,0.13,0.07,0.0,0.0,0.07,0.0,0.06,0.06,0.03,0.09,1.05,5.2,1.64,0.07,0.07,0.13,0.07,0.13,0.06,0.03,0.09,0.06,0.09,Matches,2023,30.4,43.0,19.6,17.4,5.39,47.5,21.0,18.7,6.28,90.5,93.6,93.0,85.9,798.2,166.1,43.0,19.6,17.4,5.39,47.5,21.0,18.7,6.28,90.5,93.6,93.0,85.9,43.0,19.6,17.4,5.39,47.5,21.0,18.7,6.28,90.5,93.6,93.0,85.9,43.0,19.6,17.4,5.39,47.5,21.0,18.7,6.28,90.5,93.6,93.0,85.9,0.07,0.05,0.04,0.59,4.87,0.39,0.13,0.07,0.82,0.26,32.0,0.82,0.26,0.08,0.25,22.9,0.0,0.0,0.0,0.07,0.01,0.01,54.1,1.91,9.67,33.7,11.7,0.69,54.1,0.53,53.3,0.26,26.7,32.9,0.16,0.82,0.72,36.6,1.09,0.49,0.86,1.09,0.49,31.3,1.09,0.66,0.39,1.12,2.2,1.02,0.03,1.94,1.94,0.03,0.03,0.1,0.0,0.03,0.0,0.23,0.23,0.03,0.03,0.1,0.0,0.03,0.0,0.0,0.72,0.46,0.0,0.76,1.12,0.86,0.0,0.0,0.0,7.34,0.86,59.1,,,,,,,,,,,,,,,,,,,,,,,,,,,,
Victor Wanyama,ke KEN,MF,CF Montréal,31,1991,25,20,1789,19.9,0.0,0.0,0.0,0.0,0.0,0.0,0.3,0.0,0.04,0.04,0.02,0.06,0.55,4.47,0.8,0.0,0.0,0.0,0.0,0.0,0.04,0.01,0.06,0.04,0.06,Matches,2023,19.9,35.1,15.3,15.9,3.72,42.7,17.3,17.7,6.48,82.2,88.1,89.8,57.4,635.2,174.4,35.1,15.3,15.9,3.72,42.7,17.3,17.7,6.48,82.2,88.1,89.8,57.4,35.1,15.3,15.9,3.72,42.7,17.3,17.7,6.48,82.2,88.1,89.8,57.4,35.1,15.3,15.9,3.72,42.7,17.3,17.7,6.48,82.2,88.1,89.8,57.4,0.0,0.03,-0.02,0.5,3.92,0.1,0.0,0.0,0.55,0.15,27.3,0.55,0.15,0.0,0.0,20.2,0.0,0.0,0.0,0.08,-0.04,-0.04,50.7,1.81,11.0,34.2,6.13,0.3,50.7,0.75,46.9,0.6,37.5,27.7,0.05,0.7,0.75,32.2,1.56,0.45,0.8,1.56,0.45,29.0,1.11,0.6,0.5,1.16,2.71,1.21,0.05,1.11,1.11,0.05,0.0,0.05,0.0,0.0,0.0,0.05,0.05,0.05,0.0,0.05,0.0,0.0,0.0,0.0,1.41,1.71,0.0,0.0,1.16,0.8,0.0,0.0,0.0,8.29,1.21,48.0,,,,,,,,,,,,,,,,,,,,,,,,,,,,
Taylor Washington,us USA,"DF,MF",Nashville SC,29,1993,22,3,483,5.4,0.19,0.0,0.19,0.19,0.0,0.0,1.3,0.19,0.07,0.07,0.0,0.07,2.04,3.33,3.33,0.19,0.0,0.19,0.19,0.19,0.07,0.0,0.07,0.07,0.07,Matches,2023,5.4,38.3,20.4,16.3,1.48,48.1,23.5,19.8,3.52,79.6,86.6,82.2,42.1,600.9,197.2,38.3,20.4,16.3,1.48,48.1,23.5,19.8,3.52,79.6,86.6,82.2,42.1,38.3,20.4,16.3,1.48,48.1,23.5,19.8,3.52,79.6,86.6,82.2,42.1,38.3,20.4,16.3,1.48,48.1,23.5,19.8,3.52,79.6,86.6,82.2,42.1,0.0,0.04,0.0,0.0,2.04,0.56,0.37,0.19,0.93,0.37,40.0,0.93,0.37,0.2,0.5,14.4,0.0,0.0,0.0,0.08,0.11,0.11,58.1,3.52,19.6,24.1,15.0,1.3,58.1,0.0,0.0,0.19,50.0,30.4,0.19,0.93,0.37,34.3,1.85,0.93,0.93,1.85,0.93,71.4,0.37,0.93,0.56,1.85,3.7,2.96,0.0,0.93,0.93,0.0,0.0,0.19,0.0,0.0,0.0,0.0,0.0,0.0,0.0,0.19,0.0,0.0,0.0,0.19,1.67,1.48,0.37,2.59,1.85,0.93,0.0,0.0,0.0,6.11,1.85,62.5,,,,,,,,,,,,,,,,,,,,,,,,,,,,
Joel Waterman,ca CAN,DF,CF Montréal,27,1996,28,27,2373,26.4,0.04,0.04,0.08,0.04,0.0,0.0,0.3,0.04,0.04,0.04,0.03,0.07,0.68,4.92,0.49,0.04,0.04,0.08,0.04,0.08,0.04,0.03,0.07,0.04,0.07,Matches,2023,26.4,55.8,16.2,29.8,9.51,65.0,17.6,32.3,13.7,85.8,92.0,92.4,69.3,1199.8,495.0,55.8,16.2,29.8,9.51,65.0,17.6,32.3,13.7,85.8,92.0,92.4,69.3,55.8,16.2,29.8,9.51,65.0,17.6,32.3,13.7,85.8,92.0,92.4,69.3,55.8,16.2,29.8,9.51,65.0,17.6,32.3,13.7,85.8,92.0,92.4,69.3,0.04,0.04,0.0,0.19,4.47,0.27,0.04,0.04,0.15,0.08,50.0,0.15,0.08,0.25,0.5,15.1,0.0,0.0,0.0,0.25,0.0,0.0,74.6,7.84,36.5,34.7,3.94,0.38,74.6,0.34,90.0,0.04,10.0,44.8,0.0,0.53,0.19,48.4,1.21,0.76,0.72,1.21,0.76,58.8,0.53,1.97,0.72,1.17,2.39,3.3,0.0,1.06,1.06,0.0,0.0,0.04,0.0,0.04,0.0,0.11,0.11,0.0,0.0,0.04,0.0,0.04,0.0,0.0,1.14,1.02,0.04,0.45,1.17,0.72,0.0,0.0,0.04,8.41,0.57,34.1,,,,,,,,,,,,,,,,,,,,,,,,,,,,
Akil Watts,us USA,"DF,MF",St. Louis,22,2000,18,11,880,9.8,0.0,0.1,0.1,0.0,0.0,0.0,0.0,0.0,0.01,0.01,0.07,0.08,1.73,3.27,2.76,0.0,0.1,0.1,0.0,0.1,0.01,0.07,0.08,0.01,0.08,Matches,2023,9.8,29.9,15.0,11.8,1.63,41.1,17.7,14.9,5.31,72.7,85.0,79.5,30.8,465.2,175.4,29.9,15.0,11.8,1.63,41.1,17.7,14.9,5.31,72.7,85.0,79.5,30.8,29.9,15.0,11.8,1.63,41.1,17.7,14.9,5.31,72.7,85.0,79.5,30.8,29.9,15.0,11.8,1.63,41.1,17.7,14.9,5.31,72.7,85.0,79.5,30.8,0.1,0.06,0.03,0.92,3.16,0.61,0.31,0.0,0.41,0.0,0.0,0.41,0.0,0.0,,28.7,0.0,0.0,0.0,0.02,-0.01,-0.01,51.1,2.65,13.6,24.1,14.5,0.61,51.1,0.41,57.1,0.2,28.6,21.5,0.1,1.12,0.92,24.2,3.16,1.43,1.84,3.16,1.43,48.3,1.53,0.82,0.61,1.43,4.59,2.65,0.0,1.63,1.63,0.0,0.0,0.0,0.0,0.1,0.0,0.1,0.1,0.0,0.0,0.0,0.0,0.1,0.0,0.0,0.92,0.0,0.1,2.96,1.43,1.84,0.0,0.0,0.0,5.82,0.51,45.5,,,,,,,,,,,,,,,,,,,,,,,,,,,,
Quentin Westberg,us USA,GK,Atlanta Utd,36,1986,6,6,495,5.5,0.0,0.0,0.0,0.0,0.0,0.0,0.0,0.0,0.0,0.0,0.0,0.0,0.0,0.0,0.0,0.0,0.0,0.0,0.0,0.0,0.0,0.0,0.0,0.0,0.0,Matches,2023,5.5,32.4,6.73,18.7,6.91,36.7,6.73,19.3,10.7,88.1,100.0,97.2,64.4,761.8,485.1,32.4,6.73,18.7,6.91,36.7,6.73,19.3,10.7,88.1,100.0,97.2,64.4,32.4,6.73,18.7,6.91,36.7,6.73,19.3,10.7,88.1,100.0,97.2,64.4,32.4,6.73,18.7,6.91,36.7,6.73,19.3,10.7,88.1,100.0,97.2,64.4,0.0,0.0,0.0,0.0,0.18,0.0,0.0,0.0,0.0,0.0,,0.0,0.0,,,,0.0,0.0,0.0,,0.0,0.0,38.7,32.0,38.7,0.0,0.0,0.0,38.7,0.0,0.0,0.18,100.0,25.3,0.0,0.18,0.0,23.1,0.0,0.0,0.0,0.0,0.0,,0.0,0.0,0.0,0.0,0.0,0.18,0.0,0.18,0.18,0.0,0.0,0.0,0.0,0.0,0.0,0.0,0.0,0.0,0.0,0.0,0.0,0.0,0.0,0.0,0.0,0.0,0.0,0.0,0.0,0.0,0.0,0.0,0.0,2.18,0.18,50.0,1.82,0.36,0.0,0.18,1.45,0.32,-0.18,-0.18,32.2,3.45,13.6,24.0,26.1,29.5,18.2,13.6,24.0,26.1,29.5,18.2,10.5,0.18,1.7,1.82,1.82,26.1,29.5,18.2
Ashley Westwood,eng ENG,MF,Charlotte,32,1990,29,29,2527,28.1,0.11,0.07,0.18,0.11,0.0,0.0,0.21,0.0,0.03,0.03,0.11,0.15,0.68,7.83,2.38,0.11,0.07,0.18,0.11,0.18,0.03,0.11,0.14,0.03,0.14,Matches,2023,28.1,47.4,22.5,19.5,4.59,59.1,24.2,22.8,9.96,80.3,92.9,85.5,46.1,816.8,275.8,47.4,22.5,19.5,4.59,59.1,24.2,22.8,9.96,80.3,92.9,85.5,46.1,47.4,22.5,19.5,4.59,59.1,24.2,22.8,9.96,80.3,92.9,85.5,46.1,47.4,22.5,19.5,4.59,59.1,24.2,22.8,9.96,80.3,92.9,85.5,46.1,0.07,0.14,-0.04,1.25,5.69,1.53,0.25,0.11,0.57,0.11,18.8,0.57,0.11,0.19,1.0,19.6,0.04,0.0,0.0,0.06,0.07,0.07,63.8,2.06,12.7,35.1,16.3,0.96,63.8,0.28,50.0,0.18,31.3,33.6,0.11,0.96,0.57,46.0,0.53,0.28,0.32,0.53,0.28,34.8,0.53,0.57,0.36,0.36,0.89,0.64,0.04,2.67,2.67,0.04,0.04,0.07,0.04,0.0,0.0,0.39,0.39,0.04,0.04,0.07,0.04,0.0,0.0,0.0,1.21,1.0,0.04,3.77,0.36,0.32,0.04,0.0,0.0,6.19,0.25,70.0,,,,,,,,,,,,,,,,,,,,,,,,,,,,
Brian White,us USA,FW,Vancouver W'caps,26,1996,32,30,2542,28.2,0.53,0.14,0.67,0.53,0.0,0.0,0.14,0.0,0.55,0.55,0.16,0.71,0.74,1.38,6.31,0.53,0.14,0.67,0.53,0.67,0.55,0.16,0.71,0.55,0.71,Matches,2023,28.2,14.1,8.97,3.94,0.5,20.2,11.6,5.43,0.82,69.9,77.6,72.5,60.9,187.9,27.2,14.1,8.97,3.94,0.5,20.2,11.6,5.43,0.82,69.9,77.6,72.5,60.9,14.1,8.97,3.94,0.5,20.2,11.6,5.43,0.82,69.9,77.6,72.5,60.9,14.1,8.97,3.94,0.5,20.2,11.6,5.43,0.82,69.9,77.6,72.5,60.9,0.14,0.11,-0.02,1.28,0.78,0.43,0.0,0.53,3.37,1.56,46.3,3.36,1.56,0.16,0.34,12.1,0.0,0.0,0.0,0.16,-0.02,-0.02,31.2,1.03,1.63,13.9,15.7,6.38,31.2,0.43,40.0,0.6,56.7,16.5,0.46,2.7,0.74,23.5,0.74,0.18,0.39,0.74,0.18,31.3,0.39,0.78,0.64,0.14,0.89,0.85,0.0,2.41,2.41,0.14,0.0,0.21,0.11,0.11,0.04,0.35,0.35,0.14,0.0,0.21,0.11,0.11,0.04,0.0,1.1,0.74,0.6,0.07,0.14,0.39,0.07,0.0,0.0,1.38,2.48,44.9,,,,,,,,,,,,,,,,,,,,,,,,,,,,
Caleb Wiley,us USA,"DF,FW",Atlanta Utd,18,2004,30,28,2327,25.9,0.15,0.12,0.27,0.15,0.0,0.0,0.04,0.0,0.08,0.08,0.08,0.17,2.36,3.13,5.64,0.15,0.12,0.27,0.15,0.27,0.08,0.09,0.17,0.08,0.17,Matches,2023,25.9,37.9,21.0,13.4,1.89,47.1,23.7,15.5,3.94,80.6,88.9,86.3,48.0,563.0,195.5,37.9,21.0,13.4,1.89,47.1,23.7,15.5,3.94,80.6,88.9,86.3,48.0,37.9,21.0,13.4,1.89,47.1,23.7,15.5,3.94,80.6,88.9,86.3,48.0,37.9,21.0,13.4,1.89,47.1,23.7,15.5,3.94,80.6,88.9,86.3,48.0,0.12,0.07,0.03,0.81,2.05,0.81,0.19,0.15,0.42,0.23,54.5,0.43,0.23,0.36,0.67,16.4,0.0,0.0,0.0,0.2,0.07,0.07,56.6,2.12,17.2,25.1,14.9,2.32,56.6,0.58,41.7,0.69,50.0,32.5,0.66,1.62,0.73,37.1,1.58,1.0,1.0,1.58,1.0,53.1,0.89,1.0,0.77,1.12,2.7,1.35,0.0,1.74,1.74,0.04,0.0,0.04,0.0,0.0,0.0,0.23,0.23,0.04,0.0,0.04,0.0,0.0,0.0,0.0,1.04,0.66,0.12,1.54,1.12,1.0,0.0,0.0,0.0,4.56,0.89,45.1,,,,,,,,,,,,,,,,,,,,,,,,,,,,
Derrick Williams,ie IRL,DF,D.C. United,30,1993,24,21,1848,20.5,0.05,0.0,0.05,0.05,0.0,0.0,0.2,0.0,0.06,0.06,0.02,0.08,0.34,3.27,0.24,0.05,0.0,0.05,0.05,0.05,0.06,0.02,0.08,0.06,0.08,Matches,2023,20.5,44.4,13.2,25.2,5.71,52.5,14.8,27.6,9.32,84.5,89.4,91.3,61.3,903.4,354.6,44.4,13.2,25.2,5.71,52.5,14.8,27.6,9.32,84.5,89.4,91.3,61.3,44.4,13.2,25.2,5.71,52.5,14.8,27.6,9.32,84.5,89.4,91.3,61.3,44.4,13.2,25.2,5.71,52.5,14.8,27.6,9.32,84.5,89.4,91.3,61.3,0.0,0.03,-0.02,0.29,3.61,0.29,0.0,0.05,0.68,0.1,14.3,0.68,0.1,0.07,0.5,12.3,0.0,0.0,0.0,0.09,-0.01,-0.01,61.3,7.85,33.8,24.0,4.15,1.27,61.3,0.2,80.0,0.05,20.0,35.1,0.0,0.54,0.05,40.0,0.98,0.59,0.54,0.98,0.59,57.1,0.44,1.12,0.34,1.22,2.2,3.61,0.05,0.98,0.97,0.0,0.0,0.05,0.0,0.05,0.0,0.05,0.05,0.0,0.0,0.05,0.0,0.05,0.0,0.0,0.78,0.2,0.1,0.2,1.22,0.54,0.0,0.0,0.0,5.41,2.24,67.6,,,,,,,,,,,,,,,,,,,,,,,,,,,,
Eryk Williamson,us USA,MF,Portland Timbers,25,1997,6,6,529,5.9,0.0,0.17,0.17,0.0,0.0,0.0,0.34,0.0,0.0,0.0,0.08,0.1,2.03,5.25,2.88,0.0,0.17,0.17,0.0,0.17,0.0,0.09,0.1,0.0,0.1,Matches,2023,5.9,28.3,13.6,9.49,3.56,39.0,15.8,12.0,5.93,72.6,86.0,78.9,60.0,487.5,187.1,28.3,13.6,9.49,3.56,39.0,15.8,12.0,5.93,72.6,86.0,78.9,60.0,28.3,13.6,9.49,3.56,39.0,15.8,12.0,5.93,72.6,86.0,78.9,60.0,28.3,13.6,9.49,3.56,39.0,15.8,12.0,5.93,72.6,86.0,78.9,60.0,0.17,0.08,0.08,1.36,3.56,1.19,0.0,0.0,0.17,0.0,0.0,0.17,0.0,0.0,,30.1,0.0,0.0,0.0,0.02,0.0,0.0,50.2,1.02,9.66,26.4,14.4,1.53,50.2,2.03,48.0,1.69,40.0,23.1,0.68,2.03,1.53,27.6,1.86,0.34,1.19,1.86,0.34,28.6,0.85,1.36,1.36,0.68,2.54,0.34,0.0,2.71,2.72,0.17,0.0,0.17,0.0,0.0,0.0,0.51,0.51,0.17,0.0,0.17,0.0,0.0,0.0,0.0,2.03,3.05,0.0,3.05,0.68,1.19,0.0,0.0,0.0,7.12,0.51,42.9,,,,,,,,,,,,,,,,,,,,,,,,,,,,
Joe Willis,us USA,GK,Nashville SC,34,1988,32,32,2880,32.0,0.0,0.0,0.0,0.0,0.0,0.0,0.0,0.0,0.0,0.0,0.0,0.0,0.0,0.03,0.0,0.0,0.0,0.0,0.0,0.0,0.0,0.0,0.0,0.0,0.0,Matches,2023,32.0,19.8,3.75,7.66,8.31,30.2,3.75,7.78,18.3,65.6,100.0,98.4,45.3,602.4,464.6,19.8,3.75,7.66,8.31,30.2,3.75,7.78,18.3,65.6,100.0,98.4,45.3,19.8,3.75,7.66,8.31,30.2,3.75,7.78,18.3,65.6,100.0,98.4,45.3,19.8,3.75,7.66,8.31,30.2,3.75,7.78,18.3,65.6,100.0,98.4,45.3,0.0,0.0,0.0,0.0,0.59,0.0,0.0,0.0,0.0,0.0,,0.0,0.0,,,,0.0,0.0,0.0,,0.0,0.0,31.5,27.6,31.1,0.41,0.0,0.0,31.5,0.03,100.0,0.0,0.0,16.0,0.0,0.06,0.0,12.2,0.0,0.0,0.0,0.0,0.0,0.0,0.03,0.0,0.0,0.0,0.0,0.09,0.03,0.34,0.34,0.0,0.0,0.0,0.0,0.0,0.0,0.06,0.06,0.0,0.0,0.0,0.0,0.0,0.0,0.0,0.0,0.16,0.0,0.0,0.0,0.0,0.0,0.0,0.0,0.78,0.41,92.9,0.97,0.16,0.13,0.03,1.06,0.23,0.12,0.12,22.0,4.44,47.5,58.8,37.2,42.9,13.5,47.5,58.8,37.2,42.9,13.5,13.2,1.38,10.4,0.59,0.59,37.2,42.9,13.5
Danny Wilson,sct SCO,DF,Colorado Rapids,31,1991,29,25,2315,25.7,0.04,0.04,0.08,0.04,0.0,0.0,0.19,0.0,0.06,0.06,0.04,0.1,0.19,3.04,0.0,0.04,0.04,0.08,0.04,0.08,0.06,0.04,0.1,0.06,0.1,Matches,2023,25.7,39.3,10.5,21.2,7.43,49.6,11.4,23.2,14.2,79.2,92.5,91.6,52.2,879.7,378.4,39.3,10.5,21.2,7.43,49.6,11.4,23.2,14.2,79.2,92.5,91.6,52.2,39.3,10.5,21.2,7.43,49.6,11.4,23.2,14.2,79.2,92.5,91.6,52.2,39.3,10.5,21.2,7.43,49.6,11.4,23.2,14.2,79.2,92.5,91.6,52.2,0.04,0.03,0.0,0.23,3.11,0.31,0.04,0.04,0.47,0.16,33.3,0.47,0.16,0.08,0.25,7.9,0.0,0.0,0.0,0.13,-0.02,-0.02,58.7,8.52,32.9,24.5,1.75,0.89,58.7,0.12,100.0,0.0,0.0,33.0,0.04,0.23,0.04,39.3,0.93,0.31,0.35,0.93,0.31,32.0,0.66,1.63,0.62,0.82,1.75,4.16,0.04,0.7,0.7,0.0,0.0,0.04,0.0,0.0,0.0,0.04,0.04,0.0,0.0,0.04,0.0,0.0,0.0,0.0,0.78,0.43,0.04,0.04,0.82,0.35,0.0,0.04,0.0,3.89,2.02,57.1,,,,,,,,,,,,,,,,,,,,,,,,,,,,
Owen Wolff,us USA,MF,Austin,18,2004,27,21,1882,20.9,0.1,0.1,0.19,0.1,0.0,0.0,0.14,0.0,0.04,0.04,0.04,0.08,1.48,3.73,2.44,0.1,0.1,0.19,0.1,0.19,0.04,0.04,0.08,0.04,0.08,Matches,2023,20.9,28.1,12.7,12.6,2.39,34.3,14.3,14.4,3.49,82.0,89.0,87.4,68.5,492.3,133.7,28.1,12.7,12.6,2.39,34.3,14.3,14.4,3.49,82.0,89.0,87.4,68.5,28.1,12.7,12.6,2.39,34.3,14.3,14.4,3.49,82.0,89.0,87.4,68.5,28.1,12.7,12.6,2.39,34.3,14.3,14.4,3.49,82.0,89.0,87.4,68.5,0.1,0.06,0.05,0.72,3.35,0.48,0.14,0.1,0.72,0.29,40.0,0.72,0.29,0.13,0.33,21.2,0.0,0.0,0.0,0.05,0.06,0.06,43.9,2.06,10.4,23.3,10.7,1.1,43.9,1.24,54.2,0.81,35.4,25.4,0.24,1.34,0.62,29.2,1.29,0.72,0.57,1.29,0.72,38.5,1.15,1.1,0.81,1.1,2.39,1.0,0.05,2.01,2.01,0.29,0.0,0.05,0.0,0.0,0.0,0.19,0.19,0.29,0.0,0.05,0.0,0.0,0.0,0.0,1.2,1.53,0.0,0.72,1.1,0.57,0.0,0.0,0.0,4.35,0.33,30.4,,,,,,,,,,,,,,,,,,,,,,,,,,,,
Tyler Wolff,us USA,"FW,MF",Atlanta Utd,19,2003,18,6,649,7.2,0.69,0.14,0.83,0.69,0.0,0.0,0.42,0.0,0.35,0.35,0.11,0.46,1.94,3.33,5.97,0.69,0.14,0.83,0.69,0.83,0.35,0.12,0.46,0.35,0.46,Matches,2023,7.2,24.4,13.1,8.89,1.39,27.8,14.4,9.72,1.67,88.0,90.4,91.4,83.3,379.9,93.5,24.4,13.1,8.89,1.39,27.8,14.4,9.72,1.67,88.0,90.4,91.4,83.3,24.4,13.1,8.89,1.39,27.8,14.4,9.72,1.67,88.0,90.4,91.4,83.3,24.4,13.1,8.89,1.39,27.8,14.4,9.72,1.67,88.0,90.4,91.4,83.3,0.14,0.07,0.03,0.83,1.67,0.69,0.28,0.69,1.53,1.11,72.7,1.53,1.11,0.45,0.63,11.9,0.0,0.0,0.0,0.23,0.35,0.35,39.3,0.42,6.53,18.3,15.1,4.03,39.3,1.25,45.0,1.25,45.0,24.3,0.83,2.64,0.97,25.6,2.64,1.11,1.25,2.64,1.11,34.8,2.08,1.25,0.97,0.56,3.19,0.42,0.0,2.08,2.08,0.14,0.0,0.0,0.0,0.14,0.14,0.56,0.56,0.14,0.0,0.0,0.0,0.14,0.14,0.0,1.94,1.39,0.14,0.69,0.56,1.25,0.0,0.0,0.0,4.31,0.0,0.0,,,,,,,,,,,,,,,,,,,,,,,,,,,,
Bobby Wood,us USA,FW,NE Revolution,30,1992,29,19,1483,16.5,0.42,0.3,0.73,0.42,0.0,0.0,0.24,0.0,0.33,0.33,0.05,0.38,0.61,1.33,5.27,0.42,0.3,0.73,0.42,0.73,0.33,0.05,0.38,0.33,0.38,Matches,2023,16.5,12.3,7.27,4.06,0.18,17.4,9.15,5.33,0.55,70.7,79.5,76.1,33.3,156.5,21.6,12.3,7.27,4.06,0.18,17.4,9.15,5.33,0.55,70.7,79.5,76.1,33.3,12.3,7.27,4.06,0.18,17.4,9.15,5.33,0.55,70.7,79.5,76.1,33.3,12.3,7.27,4.06,0.18,17.4,9.15,5.33,0.55,70.7,79.5,76.1,33.3,0.3,0.04,0.25,0.67,1.09,0.06,0.0,0.42,1.88,0.73,38.7,1.88,0.73,0.23,0.58,11.6,0.0,0.0,0.0,0.17,0.1,0.1,27.9,0.97,1.94,13.2,12.9,3.39,27.9,0.67,37.9,0.97,55.2,15.0,0.48,2.85,1.52,21.9,0.55,0.3,0.3,0.55,0.3,41.7,0.42,0.42,0.24,0.18,0.73,0.79,0.0,1.82,1.82,0.36,0.06,0.18,0.0,0.0,0.0,0.42,0.43,0.36,0.06,0.18,0.0,0.0,0.0,0.0,1.52,1.82,0.67,0.12,0.18,0.3,0.0,0.0,0.0,2.18,2.18,41.9,,,,,,,,,,,,,,,,,,,,,,,,,,,,
Karifa Yao,ca CAN,MF,Vancouver W'caps,22,2000,1,0,1,0.0,0.0,0.0,0.0,0.0,0.0,0.0,0.0,0.0,0.0,0.0,0.0,0.0,0.0,0.0,0.0,0.0,0.0,0.0,0.0,0.0,0.0,0.0,0.0,0.0,0.0,Matches,2023,0.0,0.0,0.0,0.0,0.0,0.0,0.0,0.0,0.0,,,,,0.0,0.0,0.0,0.0,0.0,0.0,0.0,0.0,0.0,0.0,,,,,0.0,0.0,0.0,0.0,0.0,0.0,0.0,0.0,,,,,0.0,0.0,0.0,0.0,0.0,0.0,0.0,0.0,,,,,0.0,0.0,0.0,0.0,0.0,0.0,0.0,0.0,0.0,0.0,,0.0,0.0,,,,0.0,0.0,0.0,,0.0,0.0,0.0,0.0,0.0,0.0,0.0,0.0,0.0,0.0,,0.0,,0.0,0.0,0.0,0.0,0.0,0.0,0.0,0.0,0.0,0.0,,0.0,0.0,0.0,0.0,0.0,0.0,0.0,0.0,0.0,0.0,0.0,0.0,0.0,0.0,0.0,0.0,0.0,0.0,0.0,0.0,0.0,0.0,0.0,0.0,0.0,0.0,0.0,0.0,0.0,0.0,0.0,0.0,0.0,0.0,0.0,,,,,,,,,,,,,,,,,,,,,,,,,,,,,
Darren Yapi,us USA,"FW,MF",Colorado Rapids,18,2004,20,8,891,9.9,0.0,0.1,0.1,0.0,0.0,0.0,0.3,0.0,0.23,0.23,0.16,0.39,1.11,0.91,4.65,0.0,0.1,0.1,0.0,0.1,0.23,0.16,0.39,0.23,0.39,Matches,2023,9.9,11.3,5.66,3.94,0.61,17.7,8.59,5.35,1.21,64.0,65.9,73.6,50.0,160.4,28.7,11.3,5.66,3.94,0.61,17.7,8.59,5.35,1.21,64.0,65.9,73.6,50.0,11.3,5.66,3.94,0.61,17.7,8.59,5.35,1.21,64.0,65.9,73.6,50.0,11.3,5.66,3.94,0.61,17.7,8.59,5.35,1.21,64.0,65.9,73.6,50.0,0.1,0.06,-0.06,1.01,0.51,0.51,0.1,0.0,1.31,0.4,30.8,1.31,0.4,0.0,0.0,13.5,0.0,0.0,0.0,0.18,-0.23,-0.23,30.6,1.21,3.03,14.6,13.5,3.54,30.6,1.82,40.0,2.22,48.9,16.9,0.91,3.74,1.72,21.3,1.11,0.3,1.01,1.11,0.3,27.3,0.81,0.4,0.3,0.2,1.31,1.11,0.0,2.12,2.12,0.3,0.0,0.3,0.0,0.1,0.0,0.1,0.1,0.3,0.0,0.3,0.0,0.1,0.0,0.0,2.63,1.41,0.4,0.71,0.2,1.01,0.0,0.0,0.0,3.13,2.22,36.7,,,,,,,,,,,,,,,,,,,,,,,,,,,,
William Yarbrough,us USA,GK,Colorado Rapids,33,1989,20,20,1800,20.0,0.0,0.0,0.0,0.0,0.0,0.0,0.0,0.0,0.0,0.0,0.0,0.0,0.0,0.05,0.0,0.0,0.0,0.0,0.0,0.0,0.0,0.0,0.0,0.0,0.0,Matches,2023,20.0,24.2,6.25,10.4,7.3,32.8,6.25,10.6,15.6,73.8,100.0,99.1,46.9,609.0,419.7,24.2,6.25,10.4,7.3,32.8,6.25,10.6,15.6,73.8,100.0,99.1,46.9,24.2,6.25,10.4,7.3,32.8,6.25,10.6,15.6,73.8,100.0,99.1,46.9,24.2,6.25,10.4,7.3,32.8,6.25,10.6,15.6,73.8,100.0,99.1,46.9,0.0,0.0,0.0,0.0,0.3,0.0,0.0,0.0,0.0,0.0,,0.0,0.0,,,,0.0,0.0,0.0,,0.0,0.0,35.5,31.2,35.4,0.2,0.0,0.0,35.5,0.1,66.7,0.0,0.0,17.6,0.0,0.0,0.0,13.8,0.0,0.0,0.0,0.0,0.0,0.0,0.1,0.0,0.0,0.0,0.0,0.65,0.05,0.05,0.05,0.0,0.0,0.0,0.0,0.0,0.0,0.0,0.0,0.0,0.0,0.0,0.0,0.0,0.0,0.0,0.0,0.05,0.0,0.0,0.0,0.0,0.0,0.0,0.0,1.95,0.2,100.0,1.25,0.05,0.15,0.0,1.28,0.28,0.03,0.03,23.6,4.8,33.3,37.6,32.2,34.9,17.1,33.3,37.6,32.2,34.9,17.1,13.1,0.6,4.6,1.75,1.75,32.2,34.9,17.1
Joshua Yaro,gh GHA,DF,St. Louis,28,1994,16,9,907,10.1,0.0,0.0,0.0,0.0,0.0,0.0,0.2,0.0,0.0,0.0,0.01,0.01,0.3,2.87,0.1,0.0,0.0,0.0,0.0,0.0,0.0,0.01,0.01,0.0,0.01,Matches,2023,10.1,34.2,9.6,21.3,3.07,41.5,10.7,23.4,6.24,82.3,89.8,91.1,49.2,678.3,249.3,34.2,9.6,21.3,3.07,41.5,10.7,23.4,6.24,82.3,89.8,91.1,49.2,34.2,9.6,21.3,3.07,41.5,10.7,23.4,6.24,82.3,89.8,91.1,49.2,34.2,9.6,21.3,3.07,41.5,10.7,23.4,6.24,82.3,89.8,91.1,49.2,0.0,0.01,-0.01,0.2,2.67,0.0,0.0,0.0,0.0,0.0,,0.0,0.0,,,,0.0,0.0,0.0,,0.0,0.0,53.6,7.03,29.2,22.5,1.98,0.0,53.6,0.1,100.0,0.0,0.0,26.1,0.1,0.2,0.2,27.2,2.28,0.99,1.68,2.28,0.99,83.3,0.2,1.29,0.69,1.78,4.06,4.75,0.0,0.89,0.89,0.0,0.0,0.0,0.0,0.2,0.0,0.0,0.0,0.0,0.0,0.0,0.0,0.2,0.0,0.0,0.69,0.3,0.0,0.0,1.78,1.68,0.0,0.0,0.0,6.44,2.67,56.3,,,,,,,,,,,,,,,,,,,,,,,,,,,,
Dru Yearwood,eng ENG,MF,NY Red Bulls,22,2000,20,11,826,9.2,0.0,0.0,0.0,0.0,0.0,0.0,0.43,0.0,0.03,0.03,0.12,0.15,1.74,4.35,3.15,0.0,0.0,0.0,0.0,0.0,0.03,0.12,0.15,0.03,0.15,Matches,2023,9.2,21.3,9.24,8.7,2.93,33.4,12.6,12.5,5.98,63.8,73.3,69.6,49.1,397.8,130.0,21.3,9.24,8.7,2.93,33.4,12.6,12.5,5.98,63.8,73.3,69.6,49.1,21.3,9.24,8.7,2.93,33.4,12.6,12.5,5.98,63.8,73.3,69.6,49.1,21.3,9.24,8.7,2.93,33.4,12.6,12.5,5.98,63.8,73.3,69.6,49.1,0.0,0.08,-0.12,1.09,3.8,0.87,0.22,0.0,0.87,0.11,12.5,0.87,0.11,0.0,0.0,24.1,0.0,0.0,0.0,0.04,-0.03,-0.03,45.3,0.98,6.3,22.5,17.1,2.17,45.3,1.41,46.4,1.63,53.6,24.8,0.22,2.17,0.87,27.6,2.17,0.54,1.41,2.17,0.54,38.5,0.87,0.87,0.76,1.85,4.02,0.33,0.11,2.5,2.51,0.11,0.0,0.11,0.0,0.22,0.0,0.0,0.0,0.11,0.0,0.11,0.0,0.22,0.0,0.0,1.74,0.87,0.22,1.85,1.85,1.41,0.0,0.0,0.0,5.98,0.76,46.7,,,,,,,,,,,,,,,,,,,,,,,,,,,,
Yaw Yeboah,gh GHA,"DF,MF",Columbus Crew,25,1997,31,22,1982,22.0,0.14,0.18,0.32,0.14,0.0,0.0,0.14,0.0,0.16,0.16,0.2,0.36,3.18,3.77,11.0,0.14,0.18,0.32,0.14,0.32,0.16,0.2,0.37,0.16,0.37,Matches,2023,22.0,38.9,22.0,14.2,1.82,47.9,25.1,16.8,3.0,81.1,87.9,84.6,60.6,594.2,163.7,38.9,22.0,14.2,1.82,47.9,25.1,16.8,3.0,81.1,87.9,84.6,60.6,38.9,22.0,14.2,1.82,47.9,25.1,16.8,3.0,81.1,87.9,84.6,60.6,38.9,22.0,14.2,1.82,47.9,25.1,16.8,3.0,81.1,87.9,84.6,60.6,0.18,0.19,-0.02,1.64,2.41,1.23,0.45,0.14,1.41,0.55,38.7,1.41,0.54,0.1,0.25,18.4,0.09,0.0,0.0,0.12,-0.03,-0.03,57.9,0.73,6.86,22.5,28.8,3.82,57.9,1.32,38.2,1.45,42.1,38.4,1.23,1.68,0.82,40.4,1.41,0.86,0.95,1.41,0.86,35.2,1.59,1.05,1.0,0.91,2.32,0.23,0.0,3.27,3.27,0.32,0.05,0.14,0.05,0.05,0.0,0.32,0.32,0.32,0.05,0.14,0.05,0.05,0.0,0.0,1.09,1.36,0.18,2.86,0.91,0.95,0.05,0.0,0.0,5.23,0.32,30.4,,,,,,,,,,,,,,,,,,,,,,,,,,,,
DeAndre Yedlin,us USA,DF,Inter Miami,29,1993,28,25,2320,25.8,0.0,0.08,0.08,0.0,0.0,0.0,0.27,0.0,0.0,0.0,0.04,0.04,1.43,3.06,4.92,0.0,0.08,0.08,0.0,0.08,0.0,0.04,0.04,0.0,0.04,Matches,2023,25.8,43.6,22.2,18.1,2.33,53.6,24.7,21.6,4.5,81.3,89.7,84.0,51.7,692.3,219.2,43.6,22.2,18.1,2.33,53.6,24.7,21.6,4.5,81.3,89.7,84.0,51.7,43.6,22.2,18.1,2.33,53.6,24.7,21.6,4.5,81.3,89.7,84.0,51.7,43.6,22.2,18.1,2.33,53.6,24.7,21.6,4.5,81.3,89.7,84.0,51.7,0.08,0.07,0.04,0.5,2.17,0.7,0.23,0.0,0.12,0.0,0.0,0.12,0.0,0.0,,22.5,0.0,0.0,0.0,0.04,-0.0,-0.0,62.1,3.45,17.9,27.7,16.9,1.01,62.1,0.47,46.2,0.39,38.5,30.5,0.16,1.09,0.16,37.2,1.55,0.85,0.85,1.55,0.85,46.8,0.97,1.32,1.01,1.2,2.75,1.94,0.0,1.32,1.32,0.04,0.04,0.04,0.0,0.0,0.0,0.16,0.16,0.04,0.04,0.04,0.0,0.0,0.0,0.0,1.28,0.54,0.16,1.47,1.2,0.85,0.0,0.04,0.0,5.54,0.7,58.1,,,,,,,,,,,,,,,,,,,,,,,,,,,,
Maya Yoshida,jp JPN,DF,LA Galaxy,34,1988,12,12,1080,12.0,0.08,0.08,0.17,0.08,0.0,0.0,0.25,0.0,0.06,0.06,0.01,0.07,0.0,1.92,0.08,0.08,0.08,0.17,0.08,0.17,0.05,0.01,0.06,0.05,0.06,Matches,2023,12.0,55.9,21.0,30.8,4.0,61.6,22.1,32.7,6.25,90.8,95.1,94.1,64.0,1026.4,407.2,55.9,21.0,30.8,4.0,61.6,22.1,32.7,6.25,90.8,95.1,94.1,64.0,55.9,21.0,30.8,4.0,61.6,22.1,32.7,6.25,90.8,95.1,94.1,64.0,55.9,21.0,30.8,4.0,61.6,22.1,32.7,6.25,90.8,95.1,94.1,64.0,0.08,0.01,0.07,0.17,1.42,0.0,0.0,0.08,0.75,0.25,33.3,0.75,0.25,0.11,0.33,12.5,0.0,0.0,0.0,0.07,0.02,0.02,71.6,11.7,42.1,28.0,1.75,1.08,71.6,0.08,50.0,0.08,50.0,41.0,0.0,0.33,0.08,50.8,0.83,0.33,0.75,0.83,0.33,40.0,0.5,1.33,0.5,2.17,3.0,4.17,0.0,0.33,0.33,0.0,0.0,0.0,0.0,0.0,0.0,0.17,0.17,0.0,0.0,0.0,0.0,0.0,0.0,0.0,0.75,0.58,0.0,0.0,2.17,0.75,0.0,0.0,0.0,5.25,2.0,68.6,,,,,,,,,,,,,,,,,,,,,,,,,,,,
Jackson Yueill,us USA,MF,SJ Earthquakes,25,1997,31,31,2716,30.2,0.03,0.13,0.17,0.03,0.0,0.0,0.2,0.0,0.05,0.05,0.07,0.13,1.06,7.32,1.62,0.03,0.13,0.17,0.03,0.17,0.05,0.07,0.13,0.05,0.13,Matches,2023,30.2,53.6,26.7,21.4,3.97,61.2,28.7,23.3,6.29,87.7,93.1,91.7,63.2,879.4,338.5,53.6,26.7,21.4,3.97,61.2,28.7,23.3,6.29,87.7,93.1,91.7,63.2,53.6,26.7,21.4,3.97,61.2,28.7,23.3,6.29,87.7,93.1,91.7,63.2,53.6,26.7,21.4,3.97,61.2,28.7,23.3,6.29,87.7,93.1,91.7,63.2,0.13,0.08,0.06,0.96,6.99,0.83,0.1,0.03,0.93,0.23,25.0,0.93,0.23,0.04,0.14,22.5,0.07,0.0,0.0,0.06,-0.02,-0.02,68.8,2.15,14.8,42.0,12.8,0.79,68.8,1.13,63.0,0.5,27.8,44.7,0.03,1.23,0.79,52.6,1.32,0.6,0.76,1.32,0.6,39.1,0.93,0.7,0.56,1.06,2.38,0.96,0.0,2.42,2.42,0.13,0.0,0.07,0.0,0.03,0.0,0.17,0.17,0.13,0.0,0.07,0.0,0.03,0.0,0.0,0.66,1.06,0.0,0.4,1.06,0.76,0.0,0.0,0.0,6.46,0.2,46.2,,,,,,,,,,,,,,,,,,,,,,,,,,,,
Gyasi Zardes,us USA,FW,Austin,31,1991,28,17,1465,16.3,0.37,0.12,0.49,0.37,0.0,0.0,0.18,0.0,0.31,0.31,0.11,0.41,0.92,1.66,3.8,0.37,0.12,0.49,0.37,0.49,0.31,0.11,0.41,0.31,0.41,Matches,2023,16.3,11.3,6.32,3.56,0.61,15.8,7.55,5.46,1.1,71.7,83.7,65.2,55.6,156.5,27.3,11.3,6.32,3.56,0.61,15.8,7.55,5.46,1.1,71.7,83.7,65.2,55.6,11.3,6.32,3.56,0.61,15.8,7.55,5.46,1.1,71.7,83.7,65.2,55.6,11.3,6.32,3.56,0.61,15.8,7.55,5.46,1.1,71.7,83.7,65.2,55.6,0.12,0.1,0.01,0.8,0.67,0.18,0.0,0.37,1.84,0.74,40.0,1.84,0.74,0.2,0.5,10.4,0.0,0.0,0.0,0.17,0.06,0.06,25.2,1.1,3.37,11.5,10.6,3.74,25.2,0.8,44.8,0.86,48.3,14.1,0.43,2.02,1.23,18.5,0.8,0.49,0.49,0.8,0.49,47.1,0.55,0.49,0.43,0.06,0.86,0.98,0.0,1.53,1.53,0.06,0.0,0.12,0.0,0.06,0.0,0.25,0.25,0.06,0.0,0.12,0.0,0.06,0.0,0.0,0.8,1.53,0.67,0.18,0.06,0.49,0.0,0.0,0.0,2.64,2.94,45.3,,,,,,,,,,,,,,,,,,,,,,,,,,,,
Eriq Zavaleta,sv SLV,DF,LA Galaxy,30,1992,11,4,487,5.4,0.37,0.0,0.37,0.37,0.0,0.0,0.19,0.0,0.11,0.11,0.0,0.11,0.19,1.67,0.0,0.37,0.0,0.37,0.37,0.37,0.12,0.0,0.12,0.12,0.12,Matches,2023,5.4,47.4,18.3,25.9,2.96,53.0,19.6,28.0,5.0,89.5,93.4,92.7,59.3,854.1,252.0,47.4,18.3,25.9,2.96,53.0,19.6,28.0,5.0,89.5,93.4,92.7,59.3,47.4,18.3,25.9,2.96,53.0,19.6,28.0,5.0,89.5,93.4,92.7,59.3,47.4,18.3,25.9,2.96,53.0,19.6,28.0,5.0,89.5,93.4,92.7,59.3,0.0,0.02,0.0,0.0,1.11,0.0,0.0,0.37,0.74,0.37,50.0,0.74,0.37,0.5,1.0,7.7,0.0,0.0,0.0,0.16,0.26,0.26,59.4,6.67,37.8,20.0,1.67,1.11,59.4,0.19,100.0,0.0,0.0,35.4,0.0,0.19,0.0,43.7,0.74,0.56,0.74,0.74,0.56,37.5,0.93,0.37,0.0,0.93,1.67,2.96,0.0,0.19,0.18,0.0,0.0,0.0,0.0,0.0,0.0,0.0,0.0,0.0,0.0,0.0,0.0,0.0,0.0,0.0,0.37,0.0,0.0,0.0,0.93,0.74,0.0,0.0,0.19,3.89,1.67,56.3,,,,,,,,,,,,,,,,,,,,,,,,,,,,
Sean Zawadzki,us USA,"DF,MF",Columbus Crew,22,2000,30,15,1578,17.5,0.17,0.0,0.17,0.17,0.0,0.0,0.34,0.0,0.05,0.05,0.01,0.06,1.03,4.46,0.46,0.17,0.0,0.17,0.17,0.17,0.05,0.01,0.06,0.05,0.06,Matches,2023,17.5,52.9,24.2,24.7,3.09,59.1,26.1,26.5,4.69,89.5,92.8,93.1,65.9,879.8,315.4,52.9,24.2,24.7,3.09,59.1,26.1,26.5,4.69,89.5,92.8,93.1,65.9,52.9,24.2,24.7,3.09,59.1,26.1,26.5,4.69,89.5,92.8,93.1,65.9,52.9,24.2,24.7,3.09,59.1,26.1,26.5,4.69,89.5,92.8,93.1,65.9,0.0,0.02,-0.01,0.29,4.74,0.11,0.0,0.17,0.8,0.34,42.9,0.8,0.34,0.21,0.5,13.8,0.0,0.0,0.0,0.07,0.12,0.12,68.8,4.51,25.0,37.5,6.74,0.91,68.8,0.51,56.3,0.29,31.3,42.4,0.11,0.91,0.69,48.7,1.89,0.86,1.2,1.89,0.86,65.2,0.46,1.26,0.91,2.0,3.89,1.94,0.06,1.03,1.03,0.0,0.0,0.0,0.0,0.0,0.0,0.06,0.06,0.0,0.0,0.0,0.0,0.0,0.0,0.0,1.09,0.57,0.06,0.06,2.0,1.2,0.0,0.0,0.0,6.17,1.2,80.8,,,,,,,,,,,,,,,,,,,,,,,,,,,,
Lucas Zelarayán,am ARM,"MF,FW",Columbus Crew,30,1992,20,20,1702,18.9,0.53,0.32,0.85,0.42,0.11,0.11,0.21,0.0,0.35,0.27,0.27,0.54,4.18,9.26,7.41,0.53,0.32,0.85,0.42,0.74,0.35,0.27,0.62,0.27,0.54,Matches,2023,18.9,39.8,19.0,13.3,6.56,53.3,21.7,16.4,11.7,74.6,87.3,81.0,56.1,734.7,236.8,39.8,19.0,13.3,6.56,53.3,21.7,16.4,11.7,74.6,87.3,81.0,56.1,39.8,19.0,13.3,6.56,53.3,21.7,16.4,11.7,74.6,87.3,81.0,56.1,39.8,19.0,13.3,6.56,53.3,21.7,16.4,11.7,74.6,87.3,81.0,56.1,0.32,0.28,0.05,2.91,5.82,2.28,0.58,0.53,3.39,1.16,34.4,3.38,1.16,0.13,0.36,23.3,0.63,0.11,0.11,0.08,0.17,0.15,67.2,0.37,3.7,29.5,35.2,3.76,67.1,3.86,55.3,2.22,31.8,43.5,0.69,2.8,2.17,51.6,1.11,0.32,0.48,1.11,0.32,22.2,1.11,0.53,0.53,0.37,1.48,0.42,0.0,5.77,5.76,0.74,0.16,0.26,0.05,0.05,0.0,0.58,0.58,0.74,0.16,0.26,0.05,0.05,0.0,0.0,1.16,1.8,0.26,6.61,0.37,0.48,0.05,0.0,0.0,3.65,0.21,30.8,,,,,,,,,,,,,,,,,,,,,,,,,,,,
Walker Zimmerman,us USA,DF,Nashville SC,29,1993,24,22,1841,20.5,0.1,0.05,0.15,0.1,0.0,0.0,0.24,0.05,0.08,0.08,0.07,0.15,0.0,2.1,0.83,0.1,0.05,0.15,0.1,0.15,0.08,0.07,0.15,0.08,0.15,Matches,2023,20.5,43.9,11.6,26.4,5.71,52.0,13.4,29.1,8.59,84.4,86.5,90.9,66.5,928.5,354.9,43.9,11.6,26.4,5.71,52.0,13.4,29.1,8.59,84.4,86.5,90.9,66.5,43.9,11.6,26.4,5.71,52.0,13.4,29.1,8.59,84.4,86.5,90.9,66.5,43.9,11.6,26.4,5.71,52.0,13.4,29.1,8.59,84.4,86.5,90.9,66.5,0.05,0.05,-0.02,0.44,2.29,0.05,0.0,0.1,0.59,0.2,33.3,0.59,0.2,0.17,0.5,10.5,0.0,0.0,0.0,0.14,0.02,0.02,62.9,9.8,34.4,25.8,3.12,1.95,62.9,0.15,100.0,0.0,0.0,33.1,0.0,0.24,0.1,39.2,1.51,0.59,0.93,1.51,0.59,50.0,0.59,1.51,0.59,1.56,3.07,4.88,0.0,0.93,0.93,0.05,0.05,0.0,0.0,0.0,0.0,0.15,0.15,0.05,0.05,0.0,0.0,0.0,0.0,0.05,1.02,0.39,0.0,0.15,1.56,0.93,0.0,0.0,0.0,5.85,2.78,59.4,,,,,,,,,,,,,,,,,,,,,,,,,,,,
Rida Zouhir,ca CAN,"MF,FW",CF Montréal,19,2003,5,1,221,2.5,0.0,0.0,0.0,0.0,0.0,0.0,0.4,0.0,0.04,0.04,0.04,0.08,1.6,2.0,2.0,0.0,0.0,0.0,0.0,0.0,0.02,0.04,0.06,0.02,0.06,Matches,2023,2.5,30.8,12.8,14.8,2.4,38.8,14.0,16.8,5.6,79.4,91.4,88.1,42.9,548.0,75.2,30.8,12.8,14.8,2.4,38.8,14.0,16.8,5.6,79.4,91.4,88.1,42.9,30.8,12.8,14.8,2.4,38.8,14.0,16.8,5.6,79.4,91.4,88.1,42.9,30.8,12.8,14.8,2.4,38.8,14.0,16.8,5.6,79.4,91.4,88.1,42.9,0.0,0.04,-0.04,0.4,2.0,0.8,0.4,0.0,0.8,0.0,0.0,0.81,0.0,0.0,,29.1,0.0,0.0,0.0,0.03,-0.04,-0.04,46.8,0.8,10.0,30.8,7.2,0.4,46.8,1.2,42.9,1.6,57.1,26.4,0.0,0.0,1.2,30.4,2.0,0.4,1.2,2.0,0.4,33.3,0.8,0.4,0.4,0.8,2.8,0.8,0.0,0.4,0.41,0.0,0.0,0.0,0.0,0.0,0.0,0.0,0.0,0.0,0.0,0.0,0.0,0.0,0.0,0.0,0.8,1.2,0.4,1.6,0.8,1.2,0.0,0.0,0.0,6.8,0.8,100.0,,,,,,,,,,,,,,,,,,,,,,,,,,,,
Ethan Zubak,us USA,FW,Nashville SC,24,1998,9,0,141,1.6,0.0,0.0,0.0,0.0,0.0,0.0,0.63,0.0,0.25,0.25,0.06,0.31,1.88,2.5,8.75,0.0,0.0,0.0,0.0,0.0,0.26,0.07,0.33,0.26,0.33,Matches,2023,1.6,22.5,11.3,8.75,0.0,35.0,14.4,14.4,0.63,64.3,78.3,60.9,0.0,303.1,70.6,22.5,11.3,8.75,0.0,35.0,14.4,14.4,0.63,64.3,78.3,60.9,0.0,22.5,11.3,8.75,0.0,35.0,14.4,14.4,0.63,64.3,78.3,60.9,0.0,22.5,11.3,8.75,0.0,35.0,14.4,14.4,0.63,64.3,78.3,60.9,0.0,0.0,0.06,-0.06,1.25,1.88,0.63,0.0,0.0,1.25,0.0,0.0,1.28,0.0,0.0,,7.7,0.0,0.0,0.0,0.2,-0.25,-0.25,46.9,3.13,8.75,19.4,20.6,3.13,46.9,0.63,20.0,1.88,60.0,23.8,0.63,1.88,1.25,33.8,1.25,1.25,0.63,1.25,1.25,100.0,0.0,0.0,0.0,0.0,1.25,3.13,0.0,3.13,3.17,0.0,0.0,0.0,0.0,0.0,0.0,0.0,0.0,0.0,0.0,0.0,0.0,0.0,0.0,0.0,3.13,1.88,1.88,1.25,0.0,0.63,0.0,0.0,0.0,6.25,8.13,59.1,,,,,,,,,,,,,,,,,,,,,,,,,,,,
Dario Župarić,ba BIH,DF,Portland Timbers,30,1992,31,31,2790,31.0,0.03,0.03,0.06,0.03,0.0,0.0,0.32,0.0,0.02,0.02,0.01,0.03,0.29,2.42,0.19,0.03,0.03,0.06,0.03,0.06,0.02,0.01,0.03,0.02,0.03,Matches,2023,31.0,31.7,8.74,17.0,5.71,39.6,9.97,20.1,8.74,80.0,87.7,84.9,65.3,687.5,233.4,31.7,8.74,17.0,5.71,39.6,9.97,20.1,8.74,80.0,87.7,84.9,65.3,31.7,8.74,17.0,5.71,39.6,9.97,20.1,8.74,80.0,87.7,84.9,65.3,31.7,8.74,17.0,5.71,39.6,9.97,20.1,8.74,80.0,87.7,84.9,65.3,0.03,0.01,0.02,0.16,1.87,0.06,0.0,0.03,0.26,0.06,25.0,0.26,0.06,0.13,0.5,14.1,0.0,0.0,0.0,0.09,0.01,0.01,47.7,5.23,23.8,22.2,2.0,0.65,47.7,0.1,60.0,0.0,0.0,25.3,0.03,0.32,0.06,27.5,1.1,0.65,0.77,1.1,0.65,62.5,0.39,1.13,0.58,1.32,2.42,3.35,0.0,0.32,0.32,0.0,0.0,0.03,0.0,0.03,0.0,0.03,0.03,0.0,0.0,0.03,0.0,0.03,0.0,0.0,1.42,0.87,0.03,0.03,1.32,0.77,0.0,0.0,0.0,4.77,2.29,64.0,,,,,,,,,,,,,,,,,,,,,,,,,,,,
Graham Zusi,us USA,DF,Sporting KC,36,1986,14,9,865,9.6,0.0,0.1,0.1,0.0,0.0,0.0,0.0,0.0,0.02,0.02,0.14,0.16,2.19,6.88,3.75,0.0,0.1,0.1,0.0,0.1,0.02,0.13,0.16,0.02,0.16,Matches,2023,9.6,51.3,19.1,24.6,7.19,69.5,21.9,30.3,15.1,73.8,87.1,81.1,47.6,1009.8,398.0,51.3,19.1,24.6,7.19,69.5,21.9,30.3,15.1,73.8,87.1,81.1,47.6,51.3,19.1,24.6,7.19,69.5,21.9,30.3,15.1,73.8,87.1,81.1,47.6,51.3,19.1,24.6,7.19,69.5,21.9,30.3,15.1,73.8,87.1,81.1,47.6,0.1,0.16,-0.03,1.25,7.08,1.46,0.52,0.0,0.94,0.21,22.2,0.94,0.21,0.0,0.0,29.3,0.0,0.0,0.0,0.02,-0.02,-0.02,79.4,3.23,23.0,38.2,19.2,0.73,79.4,0.94,75.0,0.31,25.0,45.6,0.1,1.15,0.83,47.6,1.98,1.46,1.46,1.98,1.46,63.6,0.83,1.25,0.83,1.15,3.13,2.6,0.0,2.71,2.71,0.1,0.0,0.31,0.0,0.0,0.0,0.1,0.1,0.1,0.0,0.31,0.0,0.0,0.0,0.0,0.52,1.25,0.0,4.79,1.15,1.46,0.0,0.0,0.0,6.88,1.04,62.5,,,,,,,,,,,,,,,,,,,,,,,,,,,,
Nökkvi Þórisson,is ISL,"FW,MF",St. Louis,23,1999,9,1,268,3.0,0.33,0.0,0.33,0.33,0.0,0.0,0.0,0.0,0.1,0.1,0.0,0.13,2.33,1.67,5.33,0.34,0.0,0.34,0.34,0.34,0.11,0.01,0.12,0.11,0.12,Matches,2023,3.0,19.0,12.0,6.33,0.33,25.3,14.0,7.0,2.33,75.0,85.7,90.5,14.3,268.3,57.3,19.0,12.0,6.33,0.33,25.3,14.0,7.0,2.33,75.0,85.7,90.5,14.3,19.0,12.0,6.33,0.33,25.3,14.0,7.0,2.33,75.0,85.7,90.5,14.3,19.0,12.0,6.33,0.33,25.3,14.0,7.0,2.33,75.0,85.7,90.5,14.3,0.0,0.03,0.0,0.67,1.0,0.67,0.0,0.33,1.67,0.67,40.0,1.68,0.67,0.2,0.5,18.5,0.0,0.0,0.0,0.07,0.23,0.23,42.3,2.0,7.33,18.0,17.7,2.33,42.3,1.0,33.3,1.33,44.4,23.7,0.0,3.67,0.67,26.0,2.67,0.67,0.33,2.67,0.67,33.3,1.33,2.33,2.33,1.0,3.67,0.67,0.0,2.33,2.35,0.0,0.0,0.33,0.0,0.0,0.0,0.0,0.0,0.0,0.0,0.33,0.0,0.0,0.0,0.0,1.67,0.67,0.33,1.67,1.0,0.33,0.0,0.0,0.0,3.33,1.33,40.0,,,,,,,,,,,,,,,,,,,,,,,,,,,,
Róbert Þorkelsson,is ISL,DF,CF Montréal,20,2002,9,2,226,2.5,0.0,0.0,0.0,0.0,0.0,0.0,0.8,0.0,0.0,0.0,0.0,0.0,1.2,4.0,0.8,0.0,0.0,0.0,0.0,0.0,0.0,0.0,0.0,0.0,0.0,Matches,2023,2.5,44.0,18.8,22.0,2.0,52.4,21.2,25.6,4.4,84.0,88.7,85.9,45.5,726.4,293.6,44.0,18.8,22.0,2.0,52.4,21.2,25.6,4.4,84.0,88.7,85.9,45.5,44.0,18.8,22.0,2.0,52.4,21.2,25.6,4.4,84.0,88.7,85.9,45.5,44.0,18.8,22.0,2.0,52.4,21.2,25.6,4.4,84.0,88.7,85.9,45.5,0.0,0.0,0.0,0.0,3.2,0.0,0.0,0.0,0.0,0.0,,0.0,0.0,,,,0.0,0.0,0.0,,0.0,0.0,64.4,4.4,25.6,31.2,7.6,0.0,64.4,0.0,,0.0,,33.6,0.0,0.8,2.0,35.6,2.8,1.2,2.0,2.8,1.2,42.9,1.6,2.0,2.0,1.2,4.0,1.6,0.0,0.8,0.8,0.0,0.0,0.0,0.0,0.0,0.0,0.0,0.0,0.0,0.0,0.0,0.0,0.0,0.0,0.0,2.4,1.6,0.0,1.2,1.2,2.0,0.0,0.0,0.0,6.8,0.8,22.2,,,,,,,,,,,,,,,,,,,,,,,,,,,,
