Player,Nation,Pos,Squad,Age,Born,Matches Played,Game or games started by player,Minutes,90s Played90s played,Goals,Assists,Goals + Assists,Non-Penalty Goals,Penalty Kicks Made,Penalty Kicks Attempted,Yellow Cards,Red Cards,xG,npxG,xAG,"npxG + xAGNon-Penalty Expected Goals plus Assisted GoalsxG totals include penalty kicks, but do not include penalty shootouts (unless otherwise noted).Provided by Opta.An underline indicates there is a match that is missing data, but will be updated when available.Minimum 30 minutes played per squad game to qualify as a leader",PrgC,PrgP,PrgR,Goals,Assists,Goals + Assists,Non-Penalty Goals,Non-Penalty Goals + Assists/90Goals plus Assists minus Penalty Kicks made per 90 minutes,xG,xAG,"xG + xAG/90Expected Goals plus Assisted Goals per 90 minutesxG totals include penalty kicks, but do not include penalty shootouts (unless otherwise noted).Provided by Opta.An underline indicates there is a match that is missing data, but will be updated when available.Minimum 30 minutes played per squad game to qualify as a leader",npxG,"npxG + xAGNon-Penalty Expected Goals plus Assisted GoalsxG totals include penalty kicks, but do not include penalty shootouts (unless otherwise noted).Provided by Opta.An underline indicates there is a match that is missing data, but will be updated when available.Minimum 30 minutes played per squad game to qualify as a leader.1",Matches,Season,90s,Cmp,Cmp,Cmp,Cmp,Att,Att,Att,Att,Cmp%,Cmp%,Cmp%,Cmp%,Tot,Prg,Cmp,Cmp,Cmp,Cmp,Att,Att,Att,Att,Cmp%,Cmp%,Cmp%,Cmp%,Cmp,Cmp,Cmp,Cmp,Att,Att,Att,Att,Cmp%,Cmp%,Cmp%,Cmp%,Cmp,Cmp,Cmp,Cmp,Att,Att,Att,Att,Cmp%,Cmp%,Cmp%,Cmp%,Ast,xA,Assists - xAGAssists minus Expected Goals Assisted,KP,1/3,PPA,CrsPA,Gls,Sh,SoT,SoT%,Sh/90,SoT/90,G/Sh,G/SoT,Dist,FK,PK,PKatt,npxG/Shot,"Goals - xGGoals minus Expected GoalsxG totals include penalty kicks, but do not include penalty shootouts (unless otherwise noted).Provided by Opta.An underline indicates there is a match that is missing data, but will be updated when available.","Non-Penalty Goals - npxGNon-Penalty Goals minus Non-Penalty Expected GoalsxG totals include penalty kicks, but do not include penalty shootouts (unless otherwise noted).Provided by Opta.An underline indicates there is a match that is missing data, but will be updated when available.",Touches,Def Pen,Def 3rd,Mid 3rd,Att 3rd,Att Pen,Live,Succ,Succ%,Tkld,Tkld%,Carries,CPA,Mis,Dis,Rec,Tkl,Tkl,TklW,Tkl,Tkl,Tkl%,Lost,Blocks,Pass,Int,Tkl+Int,Clr,Err,SCA,SCA90,TO,TO,Fld,Fld,Def,Def,GCA,GCA90,TO,TO,Fld,Fld,Def,Def,Second Yellow Card,Fouls Committed,Fouls Drawn,Offsides,Crosses,Interceptions,Tackles Won,Penalty Kicks Won,Penalty Kicks Conceded,Own Goals,Ball Recoveries,Won,Won%,GA,PKA,CK,OG,Post-Shot Expected Goals,Post-Shot Expected Goals per Shot on Target,PSxG-GAPost-Shot Expected Goals minus Goals AllowedPositive numbers suggest better luck or an above average ability to stop shotsPSxG is expected goals based on how likely the goalkeeper is to save the shotNote,PSxG-GA/90Post-Shot Expected Goals minus Goals Allowed per 90 minutesPositive numbers suggest better luck or an above average ability to stop shotsPSxG is expected goals based on how likely the goalkeeper is to save the shotNote,Att (GK),Thr,Launch%,Launch%,Avg,Avg,Avg,Launch%,Launch%,Avg,Avg,Avg,Opp,Stp,Stp%,#OPA,#OPA/90,Avg,Avg,Avg
Liel Abada,il ISR,FW,Charlotte,22,2001,24,20,1637,18.2,0.38,0.05,0.44,0.38,0.0,0.0,0.11,0.0,0.34,0.34,0.16,0.51,4.4,3.46,8.57,0.38,0.05,0.44,0.38,0.44,0.34,0.16,0.5,0.34,0.5,Matches,2024,18.2,18.1,10.0,6.43,0.88,25.5,12.6,8.68,2.42,71.0,79.5,74.1,36.4,267.7,86.6,18.1,10.0,6.43,0.88,25.5,12.6,8.68,2.42,71.0,79.5,74.1,36.4,18.1,10.0,6.43,0.88,25.5,12.6,8.68,2.42,71.0,79.5,74.1,36.4,18.1,10.0,6.43,0.88,25.5,12.6,8.68,2.42,71.0,79.5,74.1,36.4,0.05,0.2,-0.11,1.54,1.37,1.54,0.27,0.38,2.91,1.54,52.8,2.91,1.54,0.13,0.25,16.5,0.0,0.0,0.0,0.12,0.04,0.04,35.2,0.22,3.02,10.7,22.3,5.16,35.2,1.15,41.2,1.54,54.9,24.2,2.2,1.87,1.87,26.4,0.55,0.27,0.44,0.55,0.27,31.3,0.6,0.55,0.55,0.27,0.82,0.22,0.0,3.3,3.3,0.27,0.05,0.11,0.0,0.0,0.0,0.22,0.22,0.27,0.05,0.11,0.0,0.0,0.0,0.0,0.49,0.6,0.71,2.36,0.27,0.44,0.0,0.0,0.0,3.74,0.11,11.1,,,,,,,,,,,,,,,,,,,,,,,,,,,,
Jose Casas de Abadal,us USA,"FW,DF",Inter Miami,23,2000,2,0,31,0.3,0.0,0.0,0.0,0.0,0.0,0.0,0.0,0.0,0.0,0.0,0.0,0.0,3.33,10.0,10.0,0.0,0.0,0.0,0.0,0.0,0.0,0.0,0.0,0.0,0.0,Matches,2024,0.3,76.7,30.0,40.0,3.33,100.0,40.0,43.3,6.67,76.7,75.0,92.3,50.0,1206.7,380.0,76.7,30.0,40.0,3.33,100.0,40.0,43.3,6.67,76.7,75.0,92.3,50.0,76.7,30.0,40.0,3.33,100.0,40.0,43.3,6.67,76.7,75.0,92.3,50.0,76.7,30.0,40.0,3.33,100.0,40.0,43.3,6.67,76.7,75.0,92.3,50.0,0.0,0.0,0.0,0.0,13.3,0.0,0.0,0.0,0.0,0.0,,0.0,0.0,,,,0.0,0.0,0.0,,0.0,0.0,110.0,0.0,13.3,66.7,33.3,0.0,110.0,3.33,100.0,0.0,0.0,63.3,0.0,0.0,0.0,83.3,6.67,0.0,3.33,6.67,0.0,0.0,3.33,0.0,0.0,0.0,6.67,0.0,0.0,0.0,0.0,0.0,0.0,0.0,0.0,0.0,0.0,0.0,0.0,0.0,0.0,0.0,0.0,0.0,0.0,0.0,6.67,3.33,0.0,3.33,0.0,3.33,0.0,0.0,0.0,20.0,0.0,,,,,,,,,,,,,,,,,,,,,,,,,,,,,
Luis Abram,pe PER,DF,Atlanta Utd,27,1996,19,11,1102,12.2,0.0,0.0,0.0,0.0,0.0,0.0,0.16,0.0,0.06,0.06,0.01,0.07,0.16,2.87,0.25,0.0,0.0,0.0,0.0,0.0,0.06,0.01,0.07,0.06,0.07,Matches,2024,12.2,49.1,14.3,28.2,6.23,55.1,15.1,30.6,8.85,89.1,95.1,92.2,70.4,1003.8,410.2,49.1,14.3,28.2,6.23,55.1,15.1,30.6,8.85,89.1,95.1,92.2,70.4,49.1,14.3,28.2,6.23,55.1,15.1,30.6,8.85,89.1,95.1,92.2,70.4,49.1,14.3,28.2,6.23,55.1,15.1,30.6,8.85,89.1,95.1,92.2,70.4,0.0,0.01,-0.01,0.25,2.46,0.08,0.08,0.0,0.66,0.08,12.5,0.65,0.08,0.0,0.0,9.4,0.0,0.0,0.0,0.09,-0.06,-0.06,63.7,9.34,35.1,26.6,2.46,1.56,63.7,0.16,66.7,0.08,33.3,35.1,0.0,0.25,0.08,44.5,0.66,0.25,0.41,0.66,0.25,37.5,0.41,0.9,0.16,0.74,1.39,4.1,0.08,0.98,0.98,0.0,0.0,0.0,0.0,0.08,0.0,0.0,0.0,0.0,0.0,0.0,0.0,0.08,0.0,0.0,0.41,0.16,0.0,0.16,0.74,0.41,0.0,0.0,0.0,3.44,1.39,50.0,,,,,,,,,,,,,,,,,,,,,,,,,,,,
Lalas Abubakar,gh GHA,DF,Colorado Rapids,29,1994,18,15,1278,14.2,0.0,0.07,0.07,0.0,0.0,0.0,0.21,0.0,0.03,0.03,0.01,0.04,0.14,2.89,0.07,0.0,0.07,0.07,0.0,0.07,0.03,0.01,0.04,0.03,0.04,Matches,2024,14.2,43.0,15.7,24.0,2.96,47.7,16.9,26.1,4.23,90.1,92.9,92.2,70.0,774.6,245.1,43.0,15.7,24.0,2.96,47.7,16.9,26.1,4.23,90.1,92.9,92.2,70.0,43.0,15.7,24.0,2.96,47.7,16.9,26.1,4.23,90.1,92.9,92.2,70.0,43.0,15.7,24.0,2.96,47.7,16.9,26.1,4.23,90.1,92.9,92.2,70.0,0.07,0.01,0.06,0.14,2.04,0.0,0.0,0.0,0.42,0.0,0.0,0.42,0.0,0.0,,7.6,0.0,0.0,0.0,0.07,-0.03,-0.03,57.1,6.27,27.7,28.2,1.55,0.99,57.1,0.0,,0.0,,32.3,0.0,0.28,0.0,38.4,0.77,0.42,0.56,0.77,0.42,54.5,0.35,1.06,0.07,1.34,2.11,4.23,0.0,0.35,0.35,0.0,0.0,0.0,0.0,0.07,0.07,0.14,0.14,0.0,0.0,0.0,0.0,0.07,0.07,0.0,0.85,0.35,0.0,0.0,1.34,0.56,0.0,0.07,0.07,2.61,2.46,64.8,,,,,,,,,,,,,,,,,,,,,,,,,,,,
Kellyn Acosta,us USA,MF,Chicago Fire,28,1995,34,27,2302,25.6,0.12,0.08,0.2,0.12,0.0,0.0,0.23,0.0,0.04,0.04,0.11,0.15,0.82,4.65,1.76,0.12,0.08,0.2,0.12,0.2,0.04,0.11,0.15,0.04,0.15,Matches,2024,25.6,41.3,18.9,18.1,3.55,51.7,21.6,20.5,7.58,79.9,87.7,88.4,46.9,724.3,195.5,41.3,18.9,18.1,3.55,51.7,21.6,20.5,7.58,79.9,87.7,88.4,46.9,41.3,18.9,18.1,3.55,51.7,21.6,20.5,7.58,79.9,87.7,88.4,46.9,41.3,18.9,18.1,3.55,51.7,21.6,20.5,7.58,79.9,87.7,88.4,46.9,0.08,0.11,-0.03,1.13,3.79,0.9,0.16,0.12,0.9,0.27,30.4,0.9,0.27,0.13,0.43,26.3,0.12,0.0,0.0,0.05,0.07,0.07,59.8,0.66,10.7,34.6,14.8,0.55,59.8,0.63,50.0,0.59,46.9,33.4,0.12,1.17,0.74,41.3,1.84,0.7,1.33,1.84,0.7,36.7,1.21,0.78,0.66,1.17,3.01,0.47,0.04,2.58,2.58,0.12,0.0,0.04,0.0,0.04,0.0,0.16,0.16,0.12,0.0,0.04,0.0,0.04,0.0,0.0,1.56,0.66,0.0,3.44,1.17,1.33,0.0,0.0,0.0,5.27,0.47,38.7,,,,,,,,,,,,,,,,,,,,,,,,,,,,
Luciano Acosta,ar ARG,MF,FC Cincinnati,29,1994,32,29,2704,30.0,0.47,0.53,1.0,0.37,0.1,0.13,0.23,0.0,0.33,0.22,0.39,0.61,4.03,8.33,7.9,0.47,0.53,1.0,0.37,0.9,0.33,0.39,0.72,0.22,0.61,Matches,2024,30.0,40.5,21.8,13.1,4.4,55.3,26.3,16.7,8.0,73.3,82.7,78.3,55.0,685.3,242.3,40.5,21.8,13.1,4.4,55.3,26.3,16.7,8.0,73.3,82.7,78.3,55.0,40.5,21.8,13.1,4.4,55.3,26.3,16.7,8.0,73.3,82.7,78.3,55.0,40.5,21.8,13.1,4.4,55.3,26.3,16.7,8.0,73.3,82.7,78.3,55.0,0.53,0.44,0.14,3.63,5.07,3.5,0.4,0.47,2.67,0.8,30.0,2.66,0.8,0.14,0.46,21.4,0.4,0.1,0.13,0.08,0.14,0.14,69.3,0.27,3.67,29.1,37.4,5.0,69.2,2.87,40.4,4.0,56.3,43.0,1.8,2.6,1.73,50.9,1.3,0.6,0.83,1.3,0.6,51.4,0.57,0.9,0.87,0.47,1.77,0.17,0.0,7.47,7.46,0.87,0.23,0.23,0.03,0.1,0.0,0.97,0.97,0.87,0.23,0.23,0.03,0.1,0.0,0.0,1.57,1.67,0.77,5.23,0.47,0.83,0.03,0.0,0.0,4.0,0.3,50.0,,,,,,,,,,,,,,,,,,,,,,,,,,,,
Jordan Adebayo-Smith,ng NGA,"FW,MF",Minnesota Utd,24,2000,11,1,254,2.8,0.0,0.0,0.0,0.0,0.0,0.0,0.71,0.0,0.14,0.14,0.0,0.14,1.07,1.07,5.36,0.0,0.0,0.0,0.0,0.0,0.14,0.01,0.15,0.14,0.15,Matches,2024,2.8,12.1,7.86,3.21,0.0,18.6,10.7,5.0,0.0,65.4,73.3,64.3,,148.2,16.8,12.1,7.86,3.21,0.0,18.6,10.7,5.0,0.0,65.4,73.3,64.3,,12.1,7.86,3.21,0.0,18.6,10.7,5.0,0.0,65.4,73.3,64.3,,12.1,7.86,3.21,0.0,18.6,10.7,5.0,0.0,65.4,73.3,64.3,,0.0,0.04,0.0,0.36,1.07,0.36,0.0,0.0,1.79,1.07,60.0,1.77,1.06,0.0,0.0,14.3,0.0,0.0,0.0,0.08,-0.14,-0.14,28.6,0.0,2.86,13.2,12.9,2.14,28.6,0.36,33.3,0.71,66.7,13.2,0.71,2.14,0.0,17.9,1.79,0.0,1.07,1.79,0.0,0.0,0.71,1.43,1.43,0.71,2.5,0.36,0.0,1.43,1.42,0.36,0.0,0.0,0.0,0.0,0.0,0.36,0.35,0.36,0.0,0.0,0.0,0.0,0.0,0.0,2.86,0.36,0.36,1.07,0.71,1.07,0.0,0.0,0.0,1.79,1.79,26.3,,,,,,,,,,,,,,,,,,,,,,,,,,,,
Sam Adekugbe,ca CAN,"DF,MF",Vancouver W'caps,29,1995,16,8,751,8.3,0.12,0.24,0.36,0.12,0.0,0.0,0.48,0.0,0.08,0.08,0.39,0.47,3.73,4.7,11.3,0.12,0.24,0.36,0.12,0.36,0.08,0.38,0.46,0.08,0.46,Matches,2024,8.3,48.0,24.3,20.5,2.17,58.1,26.9,24.3,4.34,82.6,90.6,84.2,50.0,763.4,228.2,48.0,24.3,20.5,2.17,58.1,26.9,24.3,4.34,82.6,90.6,84.2,50.0,48.0,24.3,20.5,2.17,58.1,26.9,24.3,4.34,82.6,90.6,84.2,50.0,48.0,24.3,20.5,2.17,58.1,26.9,24.3,4.34,82.6,90.6,84.2,50.0,0.24,0.33,-0.14,1.69,2.89,2.29,1.08,0.12,1.08,0.36,33.3,1.08,0.36,0.11,0.33,13.3,0.0,0.0,0.0,0.08,0.04,0.04,66.5,2.41,8.55,31.7,26.4,3.13,66.5,0.36,42.9,0.12,14.3,43.0,0.48,1.81,0.12,53.7,0.6,0.36,0.24,0.6,0.36,60.0,0.24,0.6,0.24,0.6,1.2,2.29,0.0,2.53,2.51,0.0,0.0,0.0,0.0,0.0,0.0,0.36,0.36,0.0,0.0,0.0,0.0,0.0,0.0,0.0,1.57,0.6,0.24,4.82,0.6,0.24,0.0,0.0,0.0,3.86,1.57,61.9,,,,,,,,,,,,,,,,,,,,,,,,,,,,
Samuel Adeniran,us USA,FW,Philadelphia Union,25,1998,7,0,137,1.5,0.0,0.0,0.0,0.0,0.0,0.0,0.0,0.0,0.93,0.93,0.0,1.0,4.67,2.67,6.67,0.0,0.0,0.0,0.0,0.0,0.95,0.03,0.98,0.95,0.98,Matches,2024,1.5,14.0,8.0,4.67,1.33,22.7,12.0,8.0,1.33,61.8,66.7,58.3,100.0,243.3,77.3,14.0,8.0,4.67,1.33,22.7,12.0,8.0,1.33,61.8,66.7,58.3,100.0,14.0,8.0,4.67,1.33,22.7,12.0,8.0,1.33,61.8,66.7,58.3,100.0,14.0,8.0,4.67,1.33,22.7,12.0,8.0,1.33,61.8,66.7,58.3,100.0,0.0,0.07,0.0,0.67,0.67,1.33,0.0,0.0,6.67,3.33,50.0,6.57,3.28,0.0,0.0,14.8,0.0,0.0,0.0,0.15,-0.93,-0.93,44.0,0.0,3.33,17.3,25.3,8.67,44.0,0.67,25.0,2.0,75.0,26.0,2.67,2.67,2.0,28.0,4.0,2.0,2.67,4.0,2.0,100.0,0.0,0.67,0.67,2.0,6.0,0.0,0.0,3.33,3.28,0.67,0.0,0.0,0.0,0.0,0.0,0.67,0.66,0.67,0.0,0.0,0.0,0.0,0.0,0.0,2.0,0.67,0.0,2.0,2.0,2.67,0.0,0.0,0.0,6.0,2.67,30.8,,,,,,,,,,,,,,,,,,,,,,,,,,,,
Samuel Adeniran,us USA,"FW,MF",St. Louis,25,1998,17,4,596,6.6,0.3,0.15,0.45,0.3,0.0,0.0,0.3,0.0,0.33,0.33,0.12,0.45,2.42,1.36,7.73,0.3,0.15,0.45,0.3,0.45,0.34,0.12,0.45,0.34,0.45,Matches,2024,6.6,13.5,7.58,4.24,0.76,18.9,9.85,6.21,1.21,71.2,76.9,68.3,62.5,189.4,32.7,13.5,7.58,4.24,0.76,18.9,9.85,6.21,1.21,71.2,76.9,68.3,62.5,13.5,7.58,4.24,0.76,18.9,9.85,6.21,1.21,71.2,76.9,68.3,62.5,13.5,7.58,4.24,0.76,18.9,9.85,6.21,1.21,71.2,76.9,68.3,62.5,0.15,0.09,0.03,1.21,1.21,0.76,0.15,0.3,3.94,0.91,23.1,3.93,0.91,0.08,0.33,16.6,0.0,0.0,0.0,0.09,-0.03,-0.03,33.6,0.91,2.27,11.5,20.5,5.91,33.6,0.91,35.3,1.36,52.9,19.7,1.52,4.39,1.67,24.7,0.45,0.0,0.15,0.45,0.0,,0.0,0.45,0.3,0.3,0.76,0.91,0.0,1.82,1.81,0.3,0.15,0.0,0.0,0.0,0.0,0.3,0.3,0.3,0.15,0.0,0.0,0.0,0.0,0.0,1.82,0.45,0.45,0.61,0.3,0.15,0.0,0.0,0.0,2.12,3.03,55.6,,,,,,,,,,,,,,,,,,,,,,,,,,,,
Leonardo Afonso,br BRA,"FW,MF",Inter Miami,22,2001,11,1,247,2.7,0.74,0.0,0.74,0.74,0.0,0.0,0.0,0.0,0.26,0.26,0.07,0.37,2.59,2.96,11.5,0.73,0.0,0.73,0.73,0.73,0.26,0.09,0.35,0.26,0.35,Matches,2024,2.7,23.3,11.5,8.15,1.48,36.3,16.3,10.4,2.96,64.3,70.5,78.6,50.0,336.7,75.9,23.3,11.5,8.15,1.48,36.3,16.3,10.4,2.96,64.3,70.5,78.6,50.0,23.3,11.5,8.15,1.48,36.3,16.3,10.4,2.96,64.3,70.5,78.6,50.0,23.3,11.5,8.15,1.48,36.3,16.3,10.4,2.96,64.3,70.5,78.6,50.0,0.0,0.11,-0.07,1.85,1.48,1.11,0.0,0.74,1.85,0.74,40.0,1.82,0.73,0.4,1.0,15.9,0.0,0.0,0.0,0.14,0.48,0.48,51.5,1.11,7.04,22.6,23.0,4.81,51.5,1.85,71.4,0.74,28.6,29.3,0.74,3.33,0.74,35.2,2.96,0.74,2.22,2.96,0.74,28.6,1.85,0.74,0.74,2.22,5.19,0.74,0.0,4.81,4.74,0.74,0.37,0.74,0.37,0.0,0.0,0.74,0.73,0.74,0.37,0.74,0.37,0.0,0.0,0.0,1.85,2.96,0.37,1.85,2.22,2.22,0.37,0.0,0.0,3.7,1.48,30.8,,,,,,,,,,,,,,,,,,,,,,,,,,,,
Stephen Afrifa,ca CAN,FW,Sporting KC,22,2001,24,9,795,8.8,0.45,0.23,0.68,0.45,0.0,0.0,0.0,0.0,0.3,0.3,0.1,0.4,3.3,1.93,11.4,0.45,0.23,0.68,0.45,0.68,0.29,0.1,0.39,0.29,0.39,Matches,2024,8.8,18.9,12.2,5.91,0.45,25.9,14.5,7.5,1.48,72.8,83.6,78.8,30.8,256.8,55.6,18.9,12.2,5.91,0.45,25.9,14.5,7.5,1.48,72.8,83.6,78.8,30.8,18.9,12.2,5.91,0.45,25.9,14.5,7.5,1.48,72.8,83.6,78.8,30.8,18.9,12.2,5.91,0.45,25.9,14.5,7.5,1.48,72.8,83.6,78.8,30.8,0.23,0.08,0.13,1.48,1.59,0.11,0.11,0.45,3.52,1.14,32.3,3.51,1.13,0.13,0.4,15.3,0.0,0.0,0.0,0.08,0.16,0.16,44.8,0.8,3.75,15.0,27.2,6.14,44.8,4.43,52.0,3.98,46.7,28.5,1.7,2.73,2.16,30.9,2.16,1.14,0.68,2.16,1.14,45.5,1.36,2.27,2.27,0.23,2.39,0.57,0.0,3.75,3.73,0.8,0.0,0.23,0.0,0.0,0.0,0.11,0.11,0.8,0.0,0.23,0.0,0.0,0.0,0.0,1.93,1.36,0.45,0.8,0.23,0.68,0.0,0.0,0.0,3.98,1.14,37.0,,,,,,,,,,,,,,,,,,,,,,,,,,,,
William Agada,ng NGA,FW,Sporting KC,24,1999,32,20,1732,19.2,0.52,0.16,0.68,0.52,0.0,0.1,0.05,0.05,0.76,0.68,0.1,0.78,0.94,1.2,6.15,0.52,0.16,0.68,0.52,0.68,0.76,0.1,0.86,0.68,0.78,Matches,2024,19.2,16.7,9.27,5.31,0.99,21.8,11.4,6.88,1.3,76.6,81.3,77.3,76.0,245.9,27.1,16.7,9.27,5.31,0.99,21.8,11.4,6.88,1.3,76.6,81.3,77.3,76.0,16.7,9.27,5.31,0.99,21.8,11.4,6.88,1.3,76.6,81.3,77.3,76.0,16.7,9.27,5.31,0.99,21.8,11.4,6.88,1.3,76.6,81.3,77.3,76.0,0.16,0.07,0.06,1.35,0.47,0.31,0.1,0.52,4.32,1.25,28.9,4.31,1.25,0.12,0.42,14.2,0.0,0.0,0.1,0.16,-0.24,-0.16,32.9,0.42,1.04,12.4,19.6,6.41,32.8,0.31,28.6,0.73,66.7,19.4,0.73,2.92,1.35,25.2,0.63,0.05,0.26,0.63,0.05,33.3,0.1,0.36,0.31,0.26,0.89,0.26,0.05,2.71,2.7,0.05,0.05,0.21,0.0,0.05,0.0,0.31,0.31,0.05,0.05,0.21,0.0,0.05,0.0,0.0,2.4,0.99,0.99,0.42,0.26,0.26,0.0,0.0,0.0,2.34,2.19,47.2,,,,,,,,,,,,,,,,,,,,,,,,,,,,
London Aghedo,us USA,DF,FC Cincinnati,23,2000,2,0,7,0.1,0.0,0.0,0.0,0.0,0.0,0.0,0.0,0.0,0.0,0.0,0.0,0.0,0.0,0.0,0.0,0.0,0.0,0.0,0.0,0.0,0.0,0.0,0.0,0.0,0.0,Matches,2024,0.1,70.0,20.0,50.0,0.0,90.0,20.0,50.0,10.0,77.8,100.0,100.0,0.0,1220.0,330.0,70.0,20.0,50.0,0.0,90.0,20.0,50.0,10.0,77.8,100.0,100.0,0.0,70.0,20.0,50.0,0.0,90.0,20.0,50.0,10.0,77.8,100.0,100.0,0.0,70.0,20.0,50.0,0.0,90.0,20.0,50.0,10.0,77.8,100.0,100.0,0.0,0.0,0.0,0.0,0.0,0.0,0.0,0.0,0.0,0.0,0.0,,0.0,0.0,,,,0.0,0.0,0.0,,0.0,0.0,100.0,20.0,50.0,50.0,0.0,0.0,100.0,0.0,,0.0,,70.0,0.0,0.0,0.0,70.0,0.0,0.0,0.0,0.0,0.0,0.0,10.0,0.0,0.0,10.0,10.0,0.0,0.0,0.0,0.0,0.0,0.0,0.0,0.0,0.0,0.0,0.0,0.0,0.0,0.0,0.0,0.0,0.0,0.0,0.0,20.0,0.0,0.0,0.0,10.0,0.0,0.0,0.0,0.0,0.0,0.0,0.0,,,,,,,,,,,,,,,,,,,,,,,,,,,,
Daniel Aguirre,us USA,"MF,FW",LA Galaxy,24,1999,10,0,107,1.2,0.0,0.0,0.0,0.0,0.0,0.0,0.0,0.0,0.25,0.25,0.17,0.42,4.17,11.7,9.17,0.0,0.0,0.0,0.0,0.0,0.28,0.17,0.45,0.28,0.45,Matches,2024,1.2,73.3,45.0,20.8,1.67,82.5,46.7,22.5,1.67,88.9,96.4,92.6,100.0,952.5,312.5,73.3,45.0,20.8,1.67,82.5,46.7,22.5,1.67,88.9,96.4,92.6,100.0,73.3,45.0,20.8,1.67,82.5,46.7,22.5,1.67,88.9,96.4,92.6,100.0,73.3,45.0,20.8,1.67,82.5,46.7,22.5,1.67,88.9,96.4,92.6,100.0,0.0,0.17,-0.17,1.67,8.33,0.83,0.0,0.0,2.5,0.0,0.0,2.52,0.0,0.0,,14.1,0.0,0.0,0.0,0.11,-0.25,-0.25,98.3,0.83,16.7,48.3,33.3,5.83,98.3,0.0,,0.0,,50.8,1.67,3.33,0.83,75.8,4.17,1.67,0.83,4.17,1.67,40.0,2.5,0.0,0.0,0.83,5.0,2.5,0.0,4.17,4.17,0.0,0.0,0.83,0.0,0.0,0.0,0.83,0.83,0.0,0.0,0.83,0.0,0.0,0.0,0.0,0.83,1.67,0.0,0.83,0.83,0.83,0.0,0.0,0.0,7.5,2.5,75.0,,,,,,,,,,,,,,,,,,,,,,,,,,,,
Patrick Agyemang,us USA,FW,Charlotte,23,2000,31,19,1838,20.4,0.49,0.15,0.64,0.49,0.0,0.0,0.2,0.05,0.4,0.4,0.07,0.46,2.4,1.37,4.61,0.49,0.15,0.64,0.49,0.64,0.4,0.07,0.46,0.4,0.46,Matches,2024,20.4,7.25,3.97,2.5,0.1,10.8,5.49,3.33,0.25,67.0,72.3,75.0,40.0,96.1,20.4,7.25,3.97,2.5,0.1,10.8,5.49,3.33,0.25,67.0,72.3,75.0,40.0,7.25,3.97,2.5,0.1,10.8,5.49,3.33,0.25,67.0,72.3,75.0,40.0,7.25,3.97,2.5,0.1,10.8,5.49,3.33,0.25,67.0,72.3,75.0,40.0,0.15,0.05,0.08,1.03,0.74,0.44,0.0,0.49,2.79,1.13,40.4,2.79,1.13,0.18,0.43,12.6,0.0,0.0,0.0,0.14,0.09,0.09,22.2,0.74,1.08,7.79,14.0,5.69,22.2,1.37,50.9,1.18,43.6,14.5,1.67,3.33,1.81,16.6,0.69,0.29,0.39,0.69,0.29,46.2,0.34,0.29,0.25,0.05,0.74,0.64,0.0,2.79,2.79,0.74,0.29,0.44,0.05,0.1,0.05,0.74,0.73,0.74,0.29,0.44,0.05,0.1,0.05,0.0,2.16,1.76,0.34,0.2,0.05,0.39,0.0,0.0,0.0,2.45,1.57,48.5,,,,,,,,,,,,,,,,,,,,,,,,,,,,
Ali Ahmed,ca CAN,"MF,DF",Vancouver W'caps,23,2000,22,15,1350,15.0,0.07,0.0,0.07,0.07,0.0,0.0,0.2,0.0,0.07,0.07,0.19,0.25,4.87,4.47,9.8,0.07,0.0,0.07,0.07,0.07,0.07,0.19,0.25,0.07,0.25,Matches,2024,15.0,36.2,19.1,14.5,1.87,45.2,21.2,17.2,3.33,80.1,90.3,84.1,56.0,570.7,163.9,36.2,19.1,14.5,1.87,45.2,21.2,17.2,3.33,80.1,90.3,84.1,56.0,36.2,19.1,14.5,1.87,45.2,21.2,17.2,3.33,80.1,90.3,84.1,56.0,36.2,19.1,14.5,1.87,45.2,21.2,17.2,3.33,80.1,90.3,84.1,56.0,0.0,0.15,-0.19,1.6,2.27,1.53,0.4,0.07,1.07,0.27,25.0,1.07,0.27,0.06,0.25,16.9,0.07,0.0,0.0,0.06,0.0,0.0,56.9,1.67,7.93,24.0,26.1,3.33,56.9,1.93,56.9,1.13,33.3,36.7,1.53,2.2,1.4,40.0,1.87,1.0,1.13,1.87,1.0,42.9,1.33,1.33,1.33,1.6,3.47,1.07,0.0,3.47,3.47,0.4,0.07,0.13,0.0,0.0,0.0,0.27,0.27,0.4,0.07,0.13,0.0,0.0,0.0,0.0,1.27,2.53,0.2,3.07,1.6,1.13,0.0,0.0,0.0,6.2,0.2,25.0,,,,,,,,,,,,,,,,,,,,,,,,,,,,
Forster Ajago,gh GHA,FW,Nashville SC,22,2001,12,3,379,4.2,0.0,0.0,0.0,0.0,0.0,0.0,0.48,0.0,0.33,0.33,0.14,0.48,0.95,0.71,6.67,0.0,0.0,0.0,0.0,0.0,0.33,0.15,0.48,0.33,0.48,Matches,2024,4.2,12.1,6.19,5.0,0.71,18.6,8.57,7.14,1.19,65.4,72.2,70.0,60.0,197.9,17.6,12.1,6.19,5.0,0.71,18.6,8.57,7.14,1.19,65.4,72.2,70.0,60.0,12.1,6.19,5.0,0.71,18.6,8.57,7.14,1.19,65.4,72.2,70.0,60.0,12.1,6.19,5.0,0.71,18.6,8.57,7.14,1.19,65.4,72.2,70.0,60.0,0.0,0.1,-0.14,0.95,0.71,0.48,0.48,0.0,2.38,0.71,30.0,2.37,0.71,0.0,0.0,12.9,0.0,0.0,0.0,0.14,-0.33,-0.33,33.1,1.19,2.38,12.1,18.8,4.29,33.1,0.71,42.9,0.71,42.9,16.9,0.24,5.24,1.19,23.3,1.9,0.95,0.71,1.9,0.95,66.7,0.48,0.95,0.95,0.95,2.86,0.95,0.0,1.9,1.9,0.24,0.0,0.24,0.0,0.0,0.0,0.0,0.0,0.24,0.0,0.24,0.0,0.0,0.0,0.0,2.62,1.43,1.19,1.19,0.95,0.71,0.0,0.0,0.0,2.38,3.33,48.3,,,,,,,,,,,,,,,,,,,,,,,,,,,,
Carlos Akapo,gq EQG,DF,SJ Earthquakes,30,1993,21,20,1601,17.8,0.0,0.06,0.06,0.0,0.0,0.0,0.39,0.0,0.04,0.04,0.03,0.07,2.08,4.21,2.75,0.0,0.06,0.06,0.0,0.06,0.05,0.03,0.07,0.05,0.07,Matches,2024,17.8,46.1,21.4,19.7,4.21,57.2,24.4,23.5,5.79,80.6,87.8,83.5,72.8,790.2,294.2,46.1,21.4,19.7,4.21,57.2,24.4,23.5,5.79,80.6,87.8,83.5,72.8,46.1,21.4,19.7,4.21,57.2,24.4,23.5,5.79,80.6,87.8,83.5,72.8,46.1,21.4,19.7,4.21,57.2,24.4,23.5,5.79,80.6,87.8,83.5,72.8,0.06,0.06,0.03,0.51,2.3,0.67,0.11,0.0,0.56,0.11,20.0,0.56,0.11,0.0,0.0,20.5,0.0,0.0,0.0,0.08,-0.04,-0.04,70.4,4.94,27.2,31.6,12.1,0.79,70.4,0.67,52.2,0.56,43.5,32.0,0.17,1.12,0.73,37.4,2.92,1.35,1.46,2.92,1.35,53.3,1.18,1.01,0.73,1.8,4.72,3.88,0.0,1.74,1.74,0.0,0.0,0.06,0.0,0.17,0.0,0.28,0.28,0.0,0.0,0.06,0.0,0.17,0.0,0.0,1.18,1.85,0.0,1.35,1.8,1.46,0.0,0.0,0.0,5.39,2.08,55.2,,,,,,,,,,,,,,,,,,,,,,,,,,,,
Matai Akinmboni,us USA,DF,D.C. United,17,2006,8,4,438,4.9,0.0,0.2,0.2,0.0,0.0,0.0,0.61,0.2,0.0,0.0,0.02,0.02,0.41,2.86,0.41,0.0,0.21,0.21,0.0,0.21,0.0,0.01,0.01,0.0,0.01,Matches,2024,4.9,36.1,11.6,20.8,3.27,43.7,12.4,22.4,7.96,82.7,93.4,92.7,41.0,706.5,274.5,36.1,11.6,20.8,3.27,43.7,12.4,22.4,7.96,82.7,93.4,92.7,41.0,36.1,11.6,20.8,3.27,43.7,12.4,22.4,7.96,82.7,93.4,92.7,41.0,36.1,11.6,20.8,3.27,43.7,12.4,22.4,7.96,82.7,93.4,92.7,41.0,0.2,0.02,0.18,0.2,2.04,0.41,0.2,0.0,0.0,0.0,,0.0,0.0,,,,0.0,0.0,0.0,,0.0,0.0,53.9,6.33,24.3,25.3,4.29,0.0,53.9,0.0,,0.0,,28.2,0.0,0.0,0.2,30.6,2.04,1.02,1.43,2.04,1.02,83.3,0.2,1.43,0.61,2.04,4.08,3.47,0.0,0.61,0.62,0.0,0.0,0.0,0.0,0.0,0.0,0.2,0.21,0.0,0.0,0.0,0.0,0.0,0.0,0.2,1.43,0.2,0.2,0.61,2.04,1.43,0.0,0.2,0.0,2.86,0.82,44.4,,,,,,,,,,,,,,,,,,,,,,,,,,,,
Ayo Akinola,ca CAN,"FW,MF",Toronto FC,24,2000,5,0,87,1.0,0.0,0.0,0.0,0.0,0.0,0.0,1.0,0.0,0.3,0.3,0.3,0.6,0.0,3.0,5.0,0.0,0.0,0.0,0.0,0.0,0.35,0.31,0.66,0.35,0.66,Matches,2024,1.0,18.0,11.0,5.0,1.0,23.0,13.0,7.0,1.0,78.3,84.6,71.4,100.0,246.0,31.0,18.0,11.0,5.0,1.0,23.0,13.0,7.0,1.0,78.3,84.6,71.4,100.0,18.0,11.0,5.0,1.0,23.0,13.0,7.0,1.0,78.3,84.6,71.4,100.0,18.0,11.0,5.0,1.0,23.0,13.0,7.0,1.0,78.3,84.6,71.4,100.0,0.0,0.3,-0.3,1.0,1.0,1.0,0.0,0.0,2.0,0.0,0.0,2.07,0.0,0.0,,9.8,0.0,0.0,0.0,0.17,-0.3,-0.3,33.0,0.0,1.0,16.0,16.0,3.0,33.0,0.0,0.0,2.0,100.0,24.0,0.0,2.0,5.0,29.0,0.0,0.0,0.0,0.0,0.0,0.0,1.0,0.0,0.0,1.0,1.0,0.0,0.0,1.0,1.03,0.0,0.0,0.0,0.0,0.0,0.0,0.0,0.0,0.0,0.0,0.0,0.0,0.0,0.0,0.0,4.0,1.0,1.0,1.0,1.0,0.0,0.0,0.0,0.0,2.0,1.0,16.7,,,,,,,,,,,,,,,,,,,,,,,,,,,,
Jordi Alba,es ESP,DF,Inter Miami,34,1989,28,24,2234,24.8,0.16,0.4,0.56,0.16,0.0,0.0,0.32,0.0,0.08,0.08,0.32,0.4,2.06,6.9,8.71,0.16,0.4,0.56,0.16,0.56,0.09,0.32,0.4,0.09,0.4,Matches,2024,24.8,63.0,31.2,25.1,5.89,77.8,34.1,29.8,10.1,81.0,91.5,84.1,58.2,1082.9,375.4,63.0,31.2,25.1,5.89,77.8,34.1,29.8,10.1,81.0,91.5,84.1,58.2,63.0,31.2,25.1,5.89,77.8,34.1,29.8,10.1,81.0,91.5,84.1,58.2,63.0,31.2,25.1,5.89,77.8,34.1,29.8,10.1,81.0,91.5,84.1,58.2,0.4,0.25,0.08,1.77,4.92,1.98,0.48,0.16,0.73,0.28,38.9,0.73,0.28,0.22,0.57,20.3,0.0,0.0,0.0,0.12,0.08,0.08,84.4,3.19,22.2,37.6,25.5,3.1,84.4,0.52,50.0,0.52,50.0,47.2,0.44,0.77,0.2,60.5,1.13,0.56,0.69,1.13,0.56,41.2,0.81,0.81,0.52,0.6,1.73,1.57,0.08,3.35,3.34,0.0,0.0,0.0,0.0,0.0,0.0,0.56,0.56,0.0,0.0,0.0,0.0,0.0,0.0,0.0,0.4,0.48,0.6,3.91,0.6,0.69,0.0,0.0,0.0,5.81,0.08,28.6,,,,,,,,,,,,,,,,,,,,,,,,,,,,
Noah Allen,gr GRE,DF,Inter Miami,19,2004,18,8,927,10.3,0.0,0.0,0.0,0.0,0.0,0.0,0.49,0.0,0.01,0.01,0.01,0.02,1.36,3.2,0.58,0.0,0.0,0.0,0.0,0.0,0.01,0.01,0.02,0.01,0.02,Matches,2024,10.3,58.3,25.0,28.3,4.27,66.9,26.3,30.4,8.16,87.1,94.8,93.3,52.4,1025.9,328.1,58.3,25.0,28.3,4.27,66.9,26.3,30.4,8.16,87.1,94.8,93.3,52.4,58.3,25.0,28.3,4.27,66.9,26.3,30.4,8.16,87.1,94.8,93.3,52.4,58.3,25.0,28.3,4.27,66.9,26.3,30.4,8.16,87.1,94.8,93.3,52.4,0.0,0.02,-0.01,0.39,3.79,0.1,0.0,0.0,0.1,0.0,0.0,0.1,0.0,0.0,,10.9,0.0,0.0,0.0,0.07,-0.01,-0.01,77.5,8.16,41.1,32.3,4.47,0.39,77.5,0.19,50.0,0.19,50.0,48.7,0.1,0.97,0.68,55.4,2.33,1.17,1.46,2.33,1.17,63.2,0.68,1.75,0.97,0.87,3.2,3.3,0.1,0.58,0.58,0.0,0.0,0.0,0.0,0.0,0.0,0.0,0.0,0.0,0.0,0.0,0.0,0.0,0.0,0.0,1.07,0.87,0.0,0.49,0.87,1.46,0.0,0.1,0.0,5.63,0.49,29.4,,,,,,,,,,,,,,,,,,,,,,,,,,,,
Rasmus Alm,se SWE,"FW,MF",St. Louis,28,1995,20,11,836,9.3,0.22,0.22,0.43,0.22,0.0,0.0,0.32,0.0,0.1,0.1,0.16,0.26,0.65,2.58,6.56,0.22,0.22,0.43,0.22,0.43,0.1,0.16,0.26,0.1,0.26,Matches,2024,9.3,15.8,7.74,6.45,1.4,24.6,10.4,9.35,2.69,64.2,74.2,69.0,52.0,265.6,90.4,15.8,7.74,6.45,1.4,24.6,10.4,9.35,2.69,64.2,74.2,69.0,52.0,15.8,7.74,6.45,1.4,24.6,10.4,9.35,2.69,64.2,74.2,69.0,52.0,15.8,7.74,6.45,1.4,24.6,10.4,9.35,2.69,64.2,74.2,69.0,52.0,0.22,0.16,0.05,0.86,0.97,1.4,0.32,0.22,1.4,0.22,15.4,1.4,0.22,0.15,1.0,19.5,0.0,0.0,0.0,0.07,0.12,0.12,36.8,0.97,5.7,13.0,18.4,2.69,36.8,0.75,38.9,1.18,61.1,17.8,0.0,1.94,1.18,21.4,2.04,1.29,1.4,2.04,1.29,57.1,0.97,1.4,1.4,0.65,2.69,0.75,0.0,1.83,1.83,0.32,0.0,0.0,0.0,0.0,0.0,0.22,0.22,0.32,0.0,0.0,0.0,0.0,0.0,0.0,2.04,1.08,0.22,2.15,0.65,1.4,0.0,0.0,0.0,3.76,1.4,56.5,,,,,,,,,,,,,,,,,,,,,,,,,,,,
Thiago Almada,ar ARG,"MF,FW",Atlanta Utd,22,2001,17,16,1392,15.5,0.39,0.06,0.45,0.26,0.13,0.13,0.32,0.0,0.37,0.26,0.23,0.49,4.0,9.48,4.97,0.39,0.06,0.45,0.26,0.32,0.37,0.22,0.59,0.26,0.49,Matches,2024,15.5,53.2,25.6,17.4,8.26,67.1,27.8,21.4,13.8,79.3,92.1,81.3,59.8,962.8,334.1,53.2,25.6,17.4,8.26,67.1,27.8,21.4,13.8,79.3,92.1,81.3,59.8,53.2,25.6,17.4,8.26,67.1,27.8,21.4,13.8,79.3,92.1,81.3,59.8,53.2,25.6,17.4,8.26,67.1,27.8,21.4,13.8,79.3,92.1,81.3,59.8,0.06,0.25,-0.16,2.77,6.97,2.26,0.26,0.39,3.35,1.16,34.6,3.36,1.16,0.08,0.22,22.3,0.45,0.13,0.13,0.08,0.02,-0.01,77.4,0.45,8.39,38.1,32.7,2.97,77.3,3.1,59.3,1.81,34.6,47.8,1.1,1.87,2.19,59.4,1.16,0.45,0.58,1.16,0.45,35.0,0.84,0.32,0.32,0.06,1.23,0.32,0.06,7.87,7.89,0.58,0.06,0.26,0.0,0.0,0.0,0.77,0.78,0.58,0.06,0.26,0.0,0.0,0.0,0.0,0.65,1.35,0.0,5.29,0.06,0.58,0.0,0.0,0.0,5.68,0.06,11.1,,,,,,,,,,,,,,,,,,,,,,,,,,,,
Fernando Álvarez,co COL,DF,CF Montréal,20,2003,27,24,2140,23.8,0.04,0.04,0.08,0.04,0.0,0.0,0.13,0.0,0.01,0.01,0.02,0.04,0.8,2.61,0.17,0.04,0.04,0.08,0.04,0.08,0.01,0.02,0.04,0.01,0.04,Matches,2024,23.8,53.2,20.7,28.5,3.32,61.1,21.8,31.3,6.34,87.1,94.8,90.9,52.3,956.2,306.4,53.2,20.7,28.5,3.32,61.1,21.8,31.3,6.34,87.1,94.8,90.9,52.3,53.2,20.7,28.5,3.32,61.1,21.8,31.3,6.34,87.1,94.8,90.9,52.3,53.2,20.7,28.5,3.32,61.1,21.8,31.3,6.34,87.1,94.8,90.9,52.3,0.04,0.02,0.02,0.21,2.77,0.04,0.0,0.04,0.17,0.04,25.0,0.17,0.04,0.25,1.0,13.2,0.0,0.0,0.0,0.09,0.03,0.03,69.6,6.97,35.6,31.7,2.52,0.25,69.6,0.08,40.0,0.13,60.0,41.3,0.0,0.25,0.13,49.9,1.26,0.88,0.88,1.26,0.88,70.0,0.38,0.97,0.42,1.34,2.61,3.66,0.0,0.63,0.63,0.0,0.0,0.0,0.0,0.04,0.0,0.08,0.08,0.0,0.0,0.0,0.0,0.04,0.0,0.0,0.67,0.21,0.0,0.08,1.34,0.88,0.0,0.0,0.0,3.28,1.18,47.5,,,,,,,,,,,,,,,,,,,,,,,,,,,,
Pedro Amador,pt POR,DF,Atlanta Utd,25,1998,9,9,809,9.0,0.0,0.44,0.44,0.0,0.0,0.0,0.0,0.0,0.03,0.03,0.19,0.22,2.33,4.44,3.44,0.0,0.44,0.44,0.0,0.44,0.03,0.19,0.22,0.03,0.22,Matches,2024,9.0,40.2,17.8,17.1,4.11,52.7,20.3,22.2,7.11,76.4,87.4,77.0,57.8,705.2,242.9,40.2,17.8,17.1,4.11,52.7,20.3,22.2,7.11,76.4,87.4,77.0,57.8,40.2,17.8,17.1,4.11,52.7,20.3,22.2,7.11,76.4,87.4,77.0,57.8,40.2,17.8,17.1,4.11,52.7,20.3,22.2,7.11,76.4,87.4,77.0,57.8,0.44,0.16,0.26,1.44,4.22,1.44,0.89,0.0,0.89,0.11,12.5,0.89,0.11,0.0,0.0,26.9,0.0,0.0,0.0,0.03,-0.03,-0.03,64.4,4.89,19.8,28.4,16.8,0.78,64.4,0.11,33.3,0.22,66.7,30.8,0.22,0.44,0.22,36.3,1.78,1.0,1.22,1.78,1.0,47.4,1.11,2.11,1.67,1.44,3.22,3.67,0.0,2.67,2.67,0.0,0.0,0.11,0.0,0.11,0.0,0.44,0.44,0.0,0.0,0.11,0.0,0.11,0.0,0.0,0.67,0.67,0.11,4.11,1.44,1.22,0.0,0.0,0.0,4.67,0.78,31.8,,,,,,,,,,,,,,,,,,,,,,,,,,,,
Frankie Amaya,us USA,MF,NY Red Bulls,23,2000,20,18,1608,17.9,0.06,0.11,0.17,0.06,0.0,0.0,0.22,0.0,0.05,0.05,0.06,0.11,1.12,5.75,1.51,0.06,0.11,0.17,0.06,0.17,0.05,0.06,0.11,0.05,0.11,Matches,2024,17.9,38.2,17.2,16.6,4.02,47.5,19.8,18.9,7.26,80.4,86.7,87.6,55.4,694.7,216.8,38.2,17.2,16.6,4.02,47.5,19.8,18.9,7.26,80.4,86.7,87.6,55.4,38.2,17.2,16.6,4.02,47.5,19.8,18.9,7.26,80.4,86.7,87.6,55.4,38.2,17.2,16.6,4.02,47.5,19.8,18.9,7.26,80.4,86.7,87.6,55.4,0.11,0.06,0.05,0.95,6.98,0.5,0.11,0.06,1.17,0.5,42.9,1.18,0.5,0.05,0.11,26.6,0.0,0.0,0.0,0.04,0.01,0.01,56.9,1.68,11.6,34.4,11.5,0.39,56.9,0.34,66.7,0.11,22.2,33.2,0.06,0.84,0.39,38.4,1.9,0.73,1.34,1.9,0.73,38.2,1.17,1.06,0.84,1.34,3.24,1.28,0.0,2.23,2.24,0.06,0.0,0.17,0.0,0.11,0.06,0.22,0.22,0.06,0.0,0.17,0.0,0.11,0.06,0.0,1.51,1.06,0.0,0.78,1.34,1.34,0.0,0.0,0.0,5.08,0.5,50.0,,,,,,,,,,,,,,,,,,,,,,,,,,,,
Malte Amundsen,dk DEN,DF,Columbus Crew,25,1998,31,26,2295,25.5,0.04,0.08,0.12,0.04,0.0,0.0,0.27,0.0,0.0,0.0,0.06,0.06,0.94,5.53,1.06,0.04,0.08,0.12,0.04,0.12,0.0,0.06,0.06,0.0,0.06,Matches,2024,25.5,65.5,28.9,29.8,5.8,75.1,31.2,32.6,8.78,87.3,92.7,91.3,66.1,1154.4,484.2,65.5,28.9,29.8,5.8,75.1,31.2,32.6,8.78,87.3,92.7,91.3,66.1,65.5,28.9,29.8,5.8,75.1,31.2,32.6,8.78,87.3,92.7,91.3,66.1,65.5,28.9,29.8,5.8,75.1,31.2,32.6,8.78,87.3,92.7,91.3,66.1,0.08,0.06,0.02,0.67,7.33,0.75,0.2,0.04,0.12,0.04,33.3,0.12,0.04,0.33,1.0,20.0,0.0,0.0,0.0,0.04,0.04,0.04,84.2,4.78,34.3,42.7,7.96,0.51,84.2,0.47,80.0,0.12,20.0,48.4,0.04,0.82,0.24,57.8,1.88,1.18,1.06,1.88,1.18,60.0,0.78,1.14,0.75,1.88,3.76,2.47,0.04,1.57,1.57,0.0,0.0,0.0,0.0,0.0,0.0,0.2,0.2,0.0,0.0,0.0,0.0,0.0,0.0,0.0,0.59,0.59,0.0,0.67,1.88,1.06,0.0,0.0,0.0,5.14,1.41,55.4,,,,,,,,,,,,,,,,,,,,,,,,,,,,
Markus Anderson,us USA,"MF,FW",Philadelphia Union,20,2003,4,2,97,1.1,0.0,0.0,0.0,0.0,0.0,0.0,0.0,0.0,0.27,0.27,0.0,0.36,2.73,0.91,4.55,0.0,0.0,0.0,0.0,0.0,0.28,0.04,0.32,0.28,0.32,Matches,2024,1.1,4.55,2.73,1.82,0.0,11.8,6.36,3.64,0.0,38.5,42.9,50.0,,59.1,12.7,4.55,2.73,1.82,0.0,11.8,6.36,3.64,0.0,38.5,42.9,50.0,,4.55,2.73,1.82,0.0,11.8,6.36,3.64,0.0,38.5,42.9,50.0,,4.55,2.73,1.82,0.0,11.8,6.36,3.64,0.0,38.5,42.9,50.0,,0.0,0.0,0.0,1.82,0.91,0.0,0.0,0.0,1.82,0.0,0.0,1.86,0.0,0.0,,8.6,0.0,0.0,0.0,0.15,-0.27,-0.27,26.4,0.0,10.0,7.27,9.09,4.55,26.4,1.82,66.7,0.91,33.3,12.7,1.82,2.73,0.91,14.5,0.0,0.0,0.0,0.0,0.0,0.0,1.82,1.82,1.82,0.91,0.91,1.82,0.0,3.64,3.67,0.0,0.0,0.91,0.0,0.0,0.0,0.91,0.92,0.0,0.0,0.91,0.0,0.0,0.0,0.0,3.64,3.64,0.0,0.0,0.91,0.0,0.0,0.0,0.0,4.55,1.82,66.7,,,,,,,,,,,,,,,,,,,,,,,,,,,,
Sebastian Anderson,us USA,DF,Colorado Rapids,21,2002,9,5,507,5.6,0.0,0.18,0.18,0.0,0.0,0.0,0.18,0.0,0.02,0.02,0.25,0.29,1.61,3.57,4.11,0.0,0.18,0.18,0.0,0.18,0.02,0.26,0.28,0.02,0.28,Matches,2024,5.6,36.1,16.4,14.5,3.75,49.3,19.1,18.9,7.32,73.2,86.0,76.4,51.2,613.4,235.0,36.1,16.4,14.5,3.75,49.3,19.1,18.9,7.32,73.2,86.0,76.4,51.2,36.1,16.4,14.5,3.75,49.3,19.1,18.9,7.32,73.2,86.0,76.4,51.2,36.1,16.4,14.5,3.75,49.3,19.1,18.9,7.32,73.2,86.0,76.4,51.2,0.18,0.13,-0.07,0.54,2.32,1.07,0.36,0.0,0.18,0.0,0.0,0.18,0.0,0.0,,4.3,0.0,0.0,0.0,0.11,-0.02,-0.02,58.2,3.39,16.4,27.0,15.4,1.07,58.2,0.89,50.0,0.89,50.0,26.1,0.36,0.36,0.18,32.1,1.07,0.89,0.89,1.07,0.89,29.4,2.14,0.89,0.71,1.07,2.14,3.57,0.0,1.25,1.24,0.0,0.0,0.0,0.0,0.0,0.0,0.36,0.36,0.0,0.0,0.0,0.0,0.0,0.0,0.0,0.89,1.07,0.0,1.43,1.07,0.89,0.0,0.0,0.0,2.5,0.71,44.4,,,,,,,,,,,,,,,,,,,,,,,,,,,,
José Andrés Martínez,ve VEN,MF,Philadelphia Union,29,1994,16,13,1016,11.3,0.0,0.09,0.09,0.0,0.0,0.0,0.35,0.0,0.03,0.03,0.09,0.12,1.06,5.93,1.06,0.0,0.09,0.09,0.0,0.09,0.02,0.09,0.11,0.02,0.11,Matches,2024,11.3,37.5,14.8,16.3,5.66,47.7,17.5,19.4,8.5,78.7,84.3,84.0,66.7,735.1,264.2,37.5,14.8,16.3,5.66,47.7,17.5,19.4,8.5,78.7,84.3,84.0,66.7,37.5,14.8,16.3,5.66,47.7,17.5,19.4,8.5,78.7,84.3,84.0,66.7,37.5,14.8,16.3,5.66,47.7,17.5,19.4,8.5,78.7,84.3,84.0,66.7,0.09,0.13,0.0,0.88,5.93,0.8,0.18,0.0,1.24,0.35,28.6,1.24,0.35,0.0,0.0,29.7,0.0,0.0,0.0,0.02,-0.03,-0.03,59.1,1.68,15.6,34.3,10.0,0.8,59.1,0.97,57.9,0.71,42.1,32.8,0.09,2.12,0.71,36.5,2.39,1.06,1.15,2.39,1.06,52.2,0.97,0.8,0.35,1.33,3.72,0.62,0.09,2.12,2.13,0.0,0.0,0.09,0.0,0.09,0.09,0.27,0.27,0.0,0.0,0.09,0.0,0.09,0.09,0.0,1.77,1.86,0.0,1.33,1.33,1.15,0.0,0.0,0.0,8.23,1.59,60.0,,,,,,,,,,,,,,,,,,,,,,,,,,,,
Tomas Ángel,co COL,"FW,MF",LAFC,20,2003,5,0,51,0.6,1.67,0.0,1.67,1.67,0.0,0.0,0.0,0.0,2.33,2.33,0.0,2.33,1.67,1.67,5.0,1.76,0.0,1.76,1.76,1.76,2.47,0.01,2.48,2.47,2.48,Matches,2024,0.6,28.3,10.0,10.0,3.33,36.7,11.7,15.0,5.0,77.3,85.7,66.7,66.7,443.3,90.0,28.3,10.0,10.0,3.33,36.7,11.7,15.0,5.0,77.3,85.7,66.7,66.7,28.3,10.0,10.0,3.33,36.7,11.7,15.0,5.0,77.3,85.7,66.7,66.7,28.3,10.0,10.0,3.33,36.7,11.7,15.0,5.0,77.3,85.7,66.7,66.7,0.0,0.17,0.0,1.67,0.0,1.67,0.0,1.67,6.67,1.67,25.0,7.06,1.76,0.25,1.0,13.5,0.0,0.0,0.0,0.35,-0.67,-0.67,48.3,0.0,3.33,13.3,31.7,10.0,48.3,0.0,0.0,1.67,100.0,31.7,1.67,1.67,0.0,33.3,1.67,0.0,1.67,1.67,0.0,0.0,5.0,0.0,0.0,0.0,1.67,0.0,0.0,5.0,5.29,0.0,0.0,1.67,0.0,0.0,0.0,0.0,0.0,0.0,0.0,1.67,0.0,0.0,0.0,0.0,1.67,1.67,0.0,1.67,0.0,1.67,0.0,0.0,0.0,5.0,1.67,25.0,,,,,,,,,,,,,,,,,,,,,,,,,,,,
Iván Angulo,co COL,"FW,MF",Orlando City,24,1999,34,34,2759,30.7,0.16,0.2,0.36,0.16,0.0,0.0,0.13,0.0,0.16,0.16,0.16,0.32,3.52,4.76,9.51,0.16,0.2,0.36,0.16,0.36,0.16,0.16,0.32,0.16,0.32,Matches,2024,30.7,35.7,22.5,11.1,0.75,42.8,25.2,13.0,1.5,83.4,89.5,85.0,50.0,479.6,119.8,35.7,22.5,11.1,0.75,42.8,25.2,13.0,1.5,83.4,89.5,85.0,50.0,35.7,22.5,11.1,0.75,42.8,25.2,13.0,1.5,83.4,89.5,85.0,50.0,35.7,22.5,11.1,0.75,42.8,25.2,13.0,1.5,83.4,89.5,85.0,50.0,0.2,0.15,0.04,1.34,1.6,1.4,0.1,0.16,1.04,0.29,28.1,1.04,0.29,0.16,0.56,15.4,0.0,0.0,0.0,0.15,0.0,0.0,52.9,0.85,8.24,19.8,25.4,3.88,52.9,1.43,43.6,1.69,51.5,35.3,1.73,1.86,0.81,40.1,1.53,0.42,0.94,1.53,0.42,44.8,0.52,0.72,0.65,0.62,2.15,0.49,0.0,3.03,3.03,0.16,0.0,0.23,0.07,0.13,0.0,0.46,0.46,0.16,0.0,0.23,0.07,0.13,0.0,0.0,0.78,1.17,0.2,1.3,0.62,0.94,0.07,0.03,0.0,4.76,0.23,36.8,,,,,,,,,,,,,,,,,,,,,,,,,,,,
Eugene Ansah,gh GHA,"FW,MF",FC Dallas,29,1994,17,5,434,4.8,0.21,0.0,0.21,0.21,0.0,0.0,0.0,0.0,0.25,0.25,0.21,0.46,2.08,1.67,6.46,0.21,0.0,0.21,0.21,0.21,0.26,0.2,0.46,0.26,0.46,Matches,2024,4.8,15.0,8.54,5.0,0.63,20.4,10.0,6.46,2.5,73.5,85.4,77.4,25.0,201.9,25.4,15.0,8.54,5.0,0.63,20.4,10.0,6.46,2.5,73.5,85.4,77.4,25.0,15.0,8.54,5.0,0.63,20.4,10.0,6.46,2.5,73.5,85.4,77.4,25.0,15.0,8.54,5.0,0.63,20.4,10.0,6.46,2.5,73.5,85.4,77.4,25.0,0.0,0.23,-0.21,1.88,0.63,0.63,0.0,0.21,2.71,1.46,53.8,2.7,1.45,0.08,0.14,18.0,0.0,0.0,0.0,0.1,-0.04,-0.04,31.5,0.83,4.58,11.3,15.6,4.38,31.5,0.83,40.0,1.25,60.0,19.0,1.46,2.71,1.46,23.3,1.04,0.21,1.04,1.04,0.21,100.0,0.0,0.42,0.42,0.42,1.46,0.83,0.0,3.33,3.32,0.21,0.0,0.21,0.0,0.0,0.0,0.0,0.0,0.21,0.0,0.21,0.0,0.0,0.0,0.0,2.29,0.63,0.63,1.67,0.42,1.04,0.0,0.0,0.0,2.29,1.25,31.6,,,,,,,,,,,,,,,,,,,,,,,,,,,,
Conner Antley,us USA,DF,D.C. United,28,1995,7,4,434,4.8,0.0,0.21,0.21,0.0,0.0,0.0,0.42,0.0,0.04,0.04,0.25,0.29,0.63,2.08,0.63,0.0,0.21,0.21,0.0,0.21,0.03,0.25,0.28,0.03,0.28,Matches,2024,4.8,28.1,12.5,13.1,2.29,42.5,16.7,17.9,5.83,66.2,75.0,73.3,39.3,485.2,232.5,28.1,12.5,13.1,2.29,42.5,16.7,17.9,5.83,66.2,75.0,73.3,39.3,28.1,12.5,13.1,2.29,42.5,16.7,17.9,5.83,66.2,75.0,73.3,39.3,28.1,12.5,13.1,2.29,42.5,16.7,17.9,5.83,66.2,75.0,73.3,39.3,0.21,0.13,-0.04,0.63,1.88,0.21,0.0,0.0,0.42,0.0,0.0,0.41,0.0,0.0,,10.5,0.0,0.0,0.0,0.08,-0.04,-0.04,54.8,3.96,22.9,25.6,7.92,1.25,54.8,0.83,66.7,0.42,33.3,24.0,0.21,1.04,0.21,21.0,3.33,1.67,2.08,3.33,1.67,61.5,1.04,1.67,1.04,1.25,4.58,3.54,0.0,1.04,1.04,0.0,0.0,0.0,0.0,0.0,0.0,0.21,0.21,0.0,0.0,0.0,0.0,0.0,0.0,0.0,0.63,0.63,0.0,0.63,1.25,2.08,0.0,0.21,0.0,8.33,2.29,61.1,,,,,,,,,,,,,,,,,,,,,,,,,,,,
Antony,br BRA,"FW,MF",Portland Timbers,22,2001,33,20,1886,21.0,0.29,0.19,0.48,0.29,0.0,0.0,0.0,0.0,0.23,0.23,0.14,0.37,4.19,1.9,9.62,0.29,0.19,0.48,0.29,0.48,0.23,0.14,0.37,0.23,0.37,Matches,2024,21.0,23.7,14.0,7.38,1.24,31.9,16.8,10.0,2.24,74.3,83.8,73.5,55.3,346.0,65.3,23.7,14.0,7.38,1.24,31.9,16.8,10.0,2.24,74.3,83.8,73.5,55.3,23.7,14.0,7.38,1.24,31.9,16.8,10.0,2.24,74.3,83.8,73.5,55.3,23.7,14.0,7.38,1.24,31.9,16.8,10.0,2.24,74.3,83.8,73.5,55.3,0.19,0.13,0.05,1.24,1.24,1.0,0.29,0.29,1.81,0.62,34.2,1.81,0.62,0.16,0.46,17.3,0.0,0.0,0.0,0.13,0.05,0.05,47.1,0.95,7.24,19.6,21.8,4.19,47.1,1.81,33.9,3.05,57.1,29.4,1.52,2.57,1.29,32.4,2.48,0.95,1.81,2.48,0.95,46.5,1.1,1.0,0.95,0.9,3.38,0.81,0.0,3.57,3.58,0.52,0.05,0.29,0.05,0.0,0.0,0.57,0.57,0.52,0.05,0.29,0.05,0.0,0.0,0.0,1.33,1.43,0.24,1.71,0.9,1.81,0.05,0.0,0.0,5.14,0.48,43.5,,,,,,,,,,,,,,,,,,,,,,,,,,,,
Brian Anunga,cm CMR,MF,Nashville SC,27,1996,30,17,1453,16.1,0.0,0.0,0.0,0.0,0.0,0.0,0.19,0.06,0.01,0.01,0.02,0.03,0.68,3.29,1.3,0.0,0.0,0.0,0.0,0.0,0.01,0.02,0.03,0.01,0.03,Matches,2024,16.1,41.6,18.6,19.1,3.23,48.3,20.4,20.5,5.53,86.1,91.2,93.0,58.4,703.2,200.0,41.6,18.6,19.1,3.23,48.3,20.4,20.5,5.53,86.1,91.2,93.0,58.4,41.6,18.6,19.1,3.23,48.3,20.4,20.5,5.53,86.1,91.2,93.0,58.4,41.6,18.6,19.1,3.23,48.3,20.4,20.5,5.53,86.1,91.2,93.0,58.4,0.0,0.03,-0.02,0.31,3.48,0.25,0.12,0.0,0.31,0.06,20.0,0.31,0.06,0.0,0.0,21.9,0.0,0.0,0.0,0.03,-0.01,-0.01,57.9,2.73,16.1,34.0,8.2,0.5,57.9,0.87,70.0,0.25,20.0,32.2,0.06,1.43,0.93,38.3,2.67,1.12,1.49,2.67,1.12,56.3,0.87,1.43,1.18,1.74,4.41,0.93,0.0,0.99,0.99,0.06,0.0,0.0,0.0,0.19,0.0,0.0,0.0,0.06,0.0,0.0,0.0,0.19,0.0,0.0,1.86,0.75,0.06,0.43,1.74,1.49,0.0,0.06,0.0,6.34,0.62,41.7,,,,,,,,,,,,,,,,,,,,,,,,,,,,
Cristian Arango,co COL,"FW,MF",Real Salt Lake,28,1995,30,26,2286,25.4,0.67,0.24,0.91,0.59,0.08,0.08,0.28,0.0,0.59,0.53,0.27,0.8,2.68,3.86,6.61,0.67,0.24,0.91,0.59,0.83,0.59,0.27,0.86,0.53,0.8,Matches,2024,25.4,16.2,7.6,6.22,1.65,23.6,10.2,8.27,2.87,68.5,74.8,75.2,57.5,273.8,81.2,16.2,7.6,6.22,1.65,23.6,10.2,8.27,2.87,68.5,74.8,75.2,57.5,16.2,7.6,6.22,1.65,23.6,10.2,8.27,2.87,68.5,74.8,75.2,57.5,16.2,7.6,6.22,1.65,23.6,10.2,8.27,2.87,68.5,74.8,75.2,57.5,0.24,0.17,-0.03,1.93,2.6,1.34,0.12,0.67,4.57,1.69,37.1,4.57,1.69,0.13,0.35,18.1,0.12,0.08,0.08,0.12,0.07,0.06,36.6,0.24,1.14,15.0,21.0,5.91,36.5,1.38,39.8,1.89,54.5,24.5,0.94,2.05,1.69,27.9,0.75,0.31,0.47,0.75,0.31,42.1,0.43,0.75,0.71,0.12,0.87,0.12,0.0,3.78,3.78,0.24,0.0,0.24,0.04,0.0,0.0,0.59,0.59,0.24,0.0,0.24,0.04,0.0,0.0,0.0,1.69,1.85,0.87,1.61,0.12,0.47,0.0,0.0,0.0,2.72,1.22,49.2,,,,,,,,,,,,,,,,,,,,,,,,,,,,
César Araujo,uy URU,MF,Orlando City,22,2001,30,28,2418,26.9,0.04,0.04,0.07,0.04,0.0,0.0,0.45,0.0,0.06,0.06,0.08,0.13,1.0,5.39,1.0,0.04,0.04,0.07,0.04,0.07,0.06,0.08,0.13,0.06,0.13,Matches,2024,26.9,49.1,24.7,19.0,4.42,55.7,26.7,21.0,5.95,88.1,92.5,90.1,74.4,828.1,258.2,49.1,24.7,19.0,4.42,55.7,26.7,21.0,5.95,88.1,92.5,90.1,74.4,49.1,24.7,19.0,4.42,55.7,26.7,21.0,5.95,88.1,92.5,90.1,74.4,49.1,24.7,19.0,4.42,55.7,26.7,21.0,5.95,88.1,92.5,90.1,74.4,0.04,0.08,-0.04,0.45,6.17,0.56,0.04,0.04,0.97,0.07,7.7,0.97,0.07,0.04,0.5,20.9,0.11,0.0,0.0,0.06,-0.02,-0.02,64.5,1.93,15.0,37.7,12.5,0.63,64.5,0.41,50.0,0.26,31.8,35.1,0.04,0.74,0.71,46.6,2.38,1.3,1.41,2.38,1.3,45.5,1.56,1.52,1.23,1.08,3.46,0.82,0.0,1.67,1.67,0.04,0.0,0.22,0.0,0.0,0.0,0.11,0.11,0.04,0.0,0.22,0.0,0.0,0.0,0.0,1.75,2.64,0.04,0.41,1.08,1.41,0.0,0.07,0.0,5.91,0.67,39.1,,,,,,,,,,,,,,,,,,,,,,,,,,,,
Miguel Araujo,pe PER,DF,Portland Timbers,29,1994,22,17,1543,17.1,0.0,0.12,0.12,0.0,0.0,0.0,0.12,0.0,0.05,0.05,0.04,0.09,0.18,2.75,0.18,0.0,0.12,0.12,0.0,0.12,0.05,0.04,0.09,0.05,0.09,Matches,2024,17.1,40.6,11.5,22.9,5.67,48.7,12.2,24.9,10.4,83.4,93.8,91.8,54.8,845.4,318.0,40.6,11.5,22.9,5.67,48.7,12.2,24.9,10.4,83.4,93.8,91.8,54.8,40.6,11.5,22.9,5.67,48.7,12.2,24.9,10.4,83.4,93.8,91.8,54.8,40.6,11.5,22.9,5.67,48.7,12.2,24.9,10.4,83.4,93.8,91.8,54.8,0.12,0.04,0.08,0.23,2.46,0.23,0.06,0.0,0.53,0.06,11.1,0.52,0.06,0.0,0.0,10.9,0.0,0.0,0.0,0.1,-0.05,-0.05,58.7,7.72,31.3,26.4,1.46,0.82,58.7,0.23,80.0,0.06,20.0,31.0,0.0,0.18,0.18,37.1,1.81,0.76,1.05,1.81,0.76,65.0,0.41,1.4,0.47,1.35,3.16,4.27,0.0,0.88,0.87,0.0,0.0,0.0,0.0,0.06,0.0,0.23,0.23,0.0,0.0,0.0,0.0,0.06,0.0,0.0,0.99,0.18,0.06,0.06,1.35,1.05,0.0,0.06,0.0,4.04,1.4,57.1,,,,,,,,,,,,,,,,,,,,,,,,,,,,
Scott Arfield,ca CAN,"MF,FW",Charlotte,35,1988,14,4,381,4.2,0.0,0.24,0.24,0.0,0.0,0.0,0.48,0.24,0.14,0.14,0.05,0.19,0.71,3.33,4.76,0.0,0.24,0.24,0.0,0.24,0.13,0.05,0.18,0.13,0.18,Matches,2024,4.2,25.2,14.0,8.33,0.71,31.2,16.4,9.29,1.67,80.9,85.5,89.7,42.9,334.0,68.3,25.2,14.0,8.33,0.71,31.2,16.4,9.29,1.67,80.9,85.5,89.7,42.9,25.2,14.0,8.33,0.71,31.2,16.4,9.29,1.67,80.9,85.5,89.7,42.9,25.2,14.0,8.33,0.71,31.2,16.4,9.29,1.67,80.9,85.5,89.7,42.9,0.24,0.29,0.19,1.19,2.86,0.24,0.0,0.0,1.67,0.48,28.6,1.65,0.47,0.0,0.0,18.4,0.24,0.0,0.0,0.08,-0.14,-0.14,39.0,0.95,4.52,17.4,17.6,3.1,39.0,0.71,42.9,0.95,57.1,21.7,0.0,2.14,0.24,26.7,0.48,0.24,0.24,0.48,0.24,33.3,0.48,1.19,1.19,0.24,0.71,0.48,0.0,3.1,3.08,0.24,0.0,0.0,0.0,0.24,0.0,0.24,0.24,0.24,0.0,0.0,0.0,0.24,0.0,0.0,1.9,0.71,0.24,0.0,0.24,0.24,0.0,0.0,0.0,4.05,0.0,0.0,,,,,,,,,,,,,,,,,,,,,,,,,,,,
Max Arfsten,us USA,DF,Columbus Crew,22,2001,31,23,1966,21.8,0.18,0.23,0.41,0.18,0.0,0.0,0.09,0.0,0.15,0.15,0.25,0.4,3.3,3.62,10.0,0.18,0.23,0.41,0.18,0.41,0.15,0.25,0.4,0.15,0.4,Matches,2024,21.8,41.4,23.7,14.7,2.29,50.5,25.9,17.9,4.36,82.0,91.5,82.3,52.6,645.0,152.9,41.4,23.7,14.7,2.29,50.5,25.9,17.9,4.36,82.0,91.5,82.3,52.6,41.4,23.7,14.7,2.29,50.5,25.9,17.9,4.36,82.0,91.5,82.3,52.6,41.4,23.7,14.7,2.29,50.5,25.9,17.9,4.36,82.0,91.5,82.3,52.6,0.23,0.18,-0.02,1.51,1.93,1.38,0.6,0.18,1.88,0.55,29.3,1.88,0.55,0.1,0.33,16.7,0.09,0.0,0.0,0.08,0.04,0.04,61.1,1.47,12.8,22.6,26.5,4.22,61.1,2.43,63.1,1.19,31.0,39.4,1.19,1.19,1.01,42.6,1.88,1.15,1.1,1.88,1.15,50.0,1.15,1.06,0.96,0.64,2.52,1.51,0.0,3.07,3.07,0.5,0.05,0.0,0.0,0.09,0.0,0.6,0.59,0.5,0.05,0.0,0.0,0.09,0.0,0.0,0.96,0.83,0.5,3.58,0.64,1.1,0.0,0.0,0.0,5.73,0.64,53.8,,,,,,,,,,,,,,,,,,,,,,,,,,,,
Allan Arigoni,ch SUI,DF,Chicago Fire,25,1998,28,25,2096,23.3,0.04,0.0,0.04,0.04,0.0,0.0,0.26,0.0,0.05,0.05,0.06,0.12,2.15,2.58,4.94,0.04,0.0,0.04,0.04,0.04,0.05,0.07,0.12,0.05,0.12,Matches,2024,23.3,41.7,22.2,16.1,2.36,52.8,24.5,19.2,5.67,78.9,90.4,83.5,41.7,654.7,211.5,41.7,22.2,16.1,2.36,52.8,24.5,19.2,5.67,78.9,90.4,83.5,41.7,41.7,22.2,16.1,2.36,52.8,24.5,19.2,5.67,78.9,90.4,83.5,41.7,41.7,22.2,16.1,2.36,52.8,24.5,19.2,5.67,78.9,90.4,83.5,41.7,0.0,0.07,-0.06,0.52,2.53,0.47,0.21,0.04,0.77,0.21,27.8,0.77,0.21,0.06,0.2,18.4,0.0,0.0,0.0,0.07,-0.01,-0.01,64.1,2.66,20.6,28.6,15.3,1.42,64.1,0.77,34.0,1.37,60.4,34.4,0.56,1.59,0.94,40.1,1.63,1.03,1.2,1.63,1.03,64.9,0.56,1.5,1.29,0.82,2.45,2.06,0.0,1.55,1.55,0.13,0.0,0.09,0.0,0.04,0.0,0.04,0.04,0.13,0.0,0.09,0.0,0.04,0.0,0.0,1.37,1.46,0.09,2.36,0.82,1.2,0.0,0.04,0.0,4.59,0.77,37.5,,,,,,,,,,,,,,,,,,,,,,,,,,,,
Daniel Armando Ríos,mx MEX,FW,Atlanta Utd,28,1995,27,16,1359,15.1,0.46,0.2,0.66,0.46,0.0,0.07,0.0,0.0,0.41,0.36,0.1,0.46,0.93,1.99,4.57,0.46,0.2,0.66,0.46,0.66,0.41,0.1,0.52,0.36,0.46,Matches,2024,15.1,16.2,9.67,4.97,0.73,21.9,11.8,6.42,0.99,74.0,82.0,77.3,73.3,230.5,33.7,16.2,9.67,4.97,0.73,21.9,11.8,6.42,0.99,74.0,82.0,77.3,73.3,16.2,9.67,4.97,0.73,21.9,11.8,6.42,0.99,74.0,82.0,77.3,73.3,16.2,9.67,4.97,0.73,21.9,11.8,6.42,0.99,74.0,82.0,77.3,73.3,0.2,0.07,0.1,0.93,1.13,0.46,0.07,0.46,2.78,1.39,50.0,2.78,1.39,0.17,0.33,14.4,0.0,0.0,0.07,0.13,0.05,0.11,32.3,1.19,2.12,13.8,16.4,5.36,32.2,0.4,46.2,0.46,53.8,18.9,0.86,2.78,0.99,23.6,0.73,0.2,0.46,0.73,0.2,30.0,0.46,0.93,0.79,0.07,0.79,0.99,0.0,2.52,2.52,0.07,0.0,0.2,0.0,0.0,0.0,0.4,0.4,0.07,0.0,0.2,0.0,0.0,0.0,0.0,1.32,0.79,0.26,0.46,0.07,0.46,0.0,0.0,0.0,2.05,2.52,48.1,,,,,,,,,,,,,,,,,,,,,,,,,,,,
Stuart Armstrong,sct SCO,"MF,FW",Vancouver W'caps,31,1992,6,1,128,1.4,0.71,0.0,0.71,0.71,0.0,0.0,0.71,0.0,0.29,0.29,0.43,0.71,2.14,7.14,7.86,0.7,0.0,0.7,0.7,0.7,0.31,0.42,0.73,0.31,0.73,Matches,2024,1.4,50.0,27.9,16.4,5.0,58.6,30.0,20.0,5.0,85.4,92.9,82.1,100.0,821.4,241.4,50.0,27.9,16.4,5.0,58.6,30.0,20.0,5.0,85.4,92.9,82.1,100.0,50.0,27.9,16.4,5.0,58.6,30.0,20.0,5.0,85.4,92.9,82.1,100.0,50.0,27.9,16.4,5.0,58.6,30.0,20.0,5.0,85.4,92.9,82.1,100.0,0.0,0.21,-0.43,3.57,5.71,3.57,1.43,0.71,2.86,0.71,25.0,2.81,0.7,0.25,1.0,23.9,0.0,0.0,0.0,0.11,0.43,0.43,73.6,2.14,5.71,32.9,35.0,5.71,73.6,2.86,40.0,4.29,60.0,37.9,0.0,0.71,0.0,56.4,0.71,0.0,0.0,0.71,0.0,0.0,0.71,0.71,0.0,0.0,0.71,1.43,0.0,6.43,6.33,0.0,0.0,0.0,0.0,0.0,0.0,0.71,0.7,0.0,0.0,0.0,0.0,0.0,0.0,0.0,1.43,0.71,0.0,1.43,0.0,0.0,0.0,0.0,0.0,3.57,1.43,100.0,,,,,,,,,,,,,,,,,,,,,,,,,,,,
Xavier Arreaga,ec ECU,DF,NE Revolution,29,1994,23,22,1934,21.5,0.0,0.0,0.0,0.0,0.0,0.0,0.28,0.0,0.07,0.07,0.02,0.09,0.37,2.23,0.23,0.0,0.0,0.0,0.0,0.0,0.07,0.03,0.09,0.07,0.09,Matches,2024,21.5,46.7,14.0,27.3,4.88,54.0,15.0,29.3,8.28,86.5,93.5,93.3,59.0,920.9,339.5,46.7,14.0,27.3,4.88,54.0,15.0,29.3,8.28,86.5,93.5,93.3,59.0,46.7,14.0,27.3,4.88,54.0,15.0,29.3,8.28,86.5,93.5,93.3,59.0,46.7,14.0,27.3,4.88,54.0,15.0,29.3,8.28,86.5,93.5,93.3,59.0,0.0,0.03,-0.02,0.47,2.56,0.14,0.0,0.0,0.51,0.14,27.3,0.51,0.14,0.0,0.0,11.1,0.0,0.0,0.0,0.13,-0.07,-0.07,65.8,10.5,40.2,23.4,2.51,0.7,65.8,0.37,66.7,0.14,25.0,36.6,0.0,0.33,0.23,44.8,2.09,1.4,1.12,2.09,1.4,78.9,0.37,1.3,0.79,1.81,3.91,5.21,0.09,0.88,0.88,0.0,0.0,0.05,0.0,0.0,0.0,0.09,0.09,0.0,0.0,0.05,0.0,0.0,0.0,0.0,1.16,0.6,0.14,0.09,1.81,1.12,0.0,0.05,0.0,4.56,1.26,52.9,,,,,,,,,,,,,,,,,,,,,,,,,,,,
Xavier Arreaga,ec ECU,DF,Seattle Sounders,29,1994,5,2,255,2.8,0.0,0.0,0.0,0.0,0.0,0.0,0.36,0.0,0.04,0.04,0.0,0.04,0.0,3.57,0.0,0.0,0.0,0.0,0.0,0.0,0.02,0.0,0.02,0.02,0.02,Matches,2024,2.8,56.8,11.1,36.1,9.64,64.3,11.4,37.1,14.6,88.3,96.9,97.1,65.9,1323.9,621.1,56.8,11.1,36.1,9.64,64.3,11.4,37.1,14.6,88.3,96.9,97.1,65.9,56.8,11.1,36.1,9.64,64.3,11.4,37.1,14.6,88.3,96.9,97.1,65.9,56.8,11.1,36.1,9.64,64.3,11.4,37.1,14.6,88.3,96.9,97.1,65.9,0.0,0.0,0.0,0.36,3.93,0.0,0.0,0.0,0.36,0.0,0.0,0.35,0.0,0.0,,9.7,0.0,0.0,0.0,0.05,-0.04,-0.04,73.2,6.43,40.4,32.1,1.43,1.07,73.2,0.36,50.0,0.36,50.0,44.6,0.0,0.36,0.0,53.6,1.43,0.71,1.07,1.43,0.71,40.0,1.07,1.79,0.71,2.14,3.57,2.5,0.36,0.36,0.35,0.0,0.0,0.0,0.0,0.0,0.0,0.0,0.0,0.0,0.0,0.0,0.0,0.0,0.0,0.0,1.07,0.36,0.0,0.0,2.14,1.07,0.0,0.0,0.0,2.86,0.71,25.0,,,,,,,,,,,,,,,,,,,,,,,,,,,,
Kervin Arriaga,hn HON,"DF,MF",Minnesota Utd,26,1998,13,9,880,9.8,0.31,0.0,0.31,0.31,0.0,0.0,0.31,0.0,0.08,0.08,0.01,0.09,0.51,3.57,0.31,0.31,0.0,0.31,0.31,0.31,0.09,0.01,0.09,0.09,0.09,Matches,2024,9.8,40.4,16.6,17.8,5.61,50.1,18.4,20.6,9.8,80.7,90.6,86.1,57.3,781.6,301.2,40.4,16.6,17.8,5.61,50.1,18.4,20.6,9.8,80.7,90.6,86.1,57.3,40.4,16.6,17.8,5.61,50.1,18.4,20.6,9.8,80.7,90.6,86.1,57.3,40.4,16.6,17.8,5.61,50.1,18.4,20.6,9.8,80.7,90.6,86.1,57.3,0.0,0.02,-0.01,0.31,4.29,0.31,0.0,0.31,1.63,0.41,25.0,1.64,0.41,0.19,0.75,18.1,0.41,0.0,0.0,0.05,0.22,0.22,63.3,6.84,26.2,31.2,6.22,1.43,63.3,0.51,50.0,0.2,20.0,29.5,0.0,0.82,0.41,32.9,1.63,0.92,1.43,1.63,0.92,52.9,0.82,1.43,0.71,0.92,2.55,4.08,0.0,0.92,0.92,0.0,0.0,0.0,0.0,0.0,0.0,0.1,0.1,0.0,0.0,0.0,0.0,0.0,0.0,0.0,1.02,1.33,0.0,0.1,0.92,1.43,0.0,0.0,0.0,7.04,3.78,62.7,,,,,,,,,,,,,,,,,,,,,,,,,,,,
Paul Arriola,us USA,"DF,MF",FC Dallas,28,1995,31,28,2456,27.3,0.18,0.07,0.26,0.11,0.07,0.07,0.26,0.0,0.17,0.11,0.11,0.22,2.2,3.88,5.75,0.18,0.07,0.26,0.11,0.18,0.17,0.11,0.28,0.11,0.22,Matches,2024,27.3,30.5,17.0,10.7,2.05,40.3,20.2,13.3,4.51,75.8,84.4,80.4,45.5,479.2,163.3,30.5,17.0,10.7,2.05,40.3,20.2,13.3,4.51,75.8,84.4,80.4,45.5,30.5,17.0,10.7,2.05,40.3,20.2,13.3,4.51,75.8,84.4,80.4,45.5,30.5,17.0,10.7,2.05,40.3,20.2,13.3,4.51,75.8,84.4,80.4,45.5,0.07,0.11,-0.03,1.21,2.45,1.06,0.26,0.18,1.72,0.73,42.6,1.72,0.73,0.06,0.15,18.8,0.0,0.07,0.07,0.07,0.01,-0.0,50.3,1.58,12.5,21.4,17.0,2.86,50.2,0.55,35.7,0.84,54.8,28.6,0.66,1.9,0.81,34.4,1.5,0.73,0.92,1.5,0.73,37.0,1.25,1.03,0.92,0.37,1.87,1.17,0.0,3.26,3.26,0.15,0.0,0.11,0.11,0.04,0.0,0.51,0.51,0.15,0.0,0.11,0.11,0.04,0.0,0.0,1.25,1.28,0.18,1.94,0.37,0.92,0.04,0.0,0.0,3.7,0.59,41.0,,,,,,,,,,,,,,,,,,,,,,,,,,,,
Artur,br BRA,MF,Houston Dynamo,27,1996,34,34,3038,33.8,0.0,0.03,0.03,0.0,0.0,0.0,0.12,0.0,0.04,0.04,0.01,0.06,0.41,7.07,0.71,0.0,0.03,0.03,0.0,0.03,0.04,0.01,0.06,0.04,0.06,Matches,2024,33.8,66.0,30.7,26.0,7.34,74.3,32.8,28.2,10.0,88.8,93.5,92.4,73.4,1162.1,375.7,66.0,30.7,26.0,7.34,74.3,32.8,28.2,10.0,88.8,93.5,92.4,73.4,66.0,30.7,26.0,7.34,74.3,32.8,28.2,10.0,88.8,93.5,92.4,73.4,66.0,30.7,26.0,7.34,74.3,32.8,28.2,10.0,88.8,93.5,92.4,73.4,0.03,0.05,0.01,0.41,6.78,0.86,0.03,0.0,0.95,0.27,28.1,0.95,0.27,0.0,0.0,26.3,0.0,0.0,0.0,0.05,-0.04,-0.04,83.1,3.61,22.7,50.1,10.6,0.24,83.1,0.53,64.3,0.27,32.1,48.5,0.03,0.77,0.53,62.1,2.43,1.3,1.69,2.43,1.3,57.9,0.95,1.04,0.77,1.01,3.43,1.63,0.09,1.57,1.57,0.03,0.03,0.03,0.0,0.06,0.0,0.12,0.12,0.03,0.03,0.03,0.0,0.06,0.0,0.0,0.98,1.01,0.03,0.21,1.01,1.69,0.0,0.09,0.0,6.07,0.38,36.1,,,,,,,,,,,,,,,,,,,,,,,,,,,,
Yamil Asad,ar ARG,DF,FC Cincinnati,29,1994,23,8,800,8.9,0.34,0.56,0.9,0.34,0.0,0.0,0.11,0.0,0.13,0.13,0.27,0.4,3.37,6.52,11.6,0.34,0.56,0.9,0.34,0.9,0.14,0.27,0.41,0.14,0.41,Matches,2024,8.9,56.0,30.3,20.9,3.6,70.4,35.7,26.2,5.17,79.4,84.9,79.8,69.6,880.4,270.4,56.0,30.3,20.9,3.6,70.4,35.7,26.2,5.17,79.4,84.9,79.8,69.6,56.0,30.3,20.9,3.6,70.4,35.7,26.2,5.17,79.4,84.9,79.8,69.6,56.0,30.3,20.9,3.6,70.4,35.7,26.2,5.17,79.4,84.9,79.8,69.6,0.56,0.18,0.29,2.25,3.6,3.03,0.0,0.34,2.02,1.01,50.0,2.03,1.01,0.17,0.33,18.8,0.0,0.0,0.0,0.07,0.2,0.2,83.4,1.8,16.6,32.5,34.7,3.26,83.4,1.12,43.5,1.24,47.8,51.0,0.45,2.36,0.79,57.9,2.13,1.46,1.46,2.13,1.46,59.1,1.01,1.8,1.57,0.67,2.81,0.79,0.11,5.17,5.19,0.34,0.0,0.0,0.0,0.0,0.0,0.79,0.79,0.34,0.0,0.0,0.0,0.0,0.0,0.0,1.24,2.47,0.22,1.01,0.67,1.46,0.0,0.0,0.0,5.28,0.67,40.0,,,,,,,,,,,,,,,,,,,,,,,,,,,,
Dairon Asprilla,co COL,"FW,DF",Portland Timbers,31,1992,19,7,687,7.6,0.13,0.13,0.26,0.13,0.0,0.0,0.13,0.0,0.09,0.09,0.12,0.21,1.71,1.58,6.58,0.13,0.13,0.26,0.13,0.26,0.09,0.12,0.22,0.09,0.22,Matches,2024,7.6,24.2,13.2,8.95,0.92,32.4,15.8,10.7,1.58,74.8,83.3,84.0,58.3,358.7,74.1,24.2,13.2,8.95,0.92,32.4,15.8,10.7,1.58,74.8,83.3,84.0,58.3,24.2,13.2,8.95,0.92,32.4,15.8,10.7,1.58,74.8,83.3,84.0,58.3,24.2,13.2,8.95,0.92,32.4,15.8,10.7,1.58,74.8,83.3,84.0,58.3,0.13,0.14,0.01,0.92,0.92,0.39,0.13,0.13,1.18,0.26,22.2,1.18,0.26,0.11,0.5,18.0,0.0,0.0,0.0,0.08,0.04,0.04,47.2,2.5,9.21,21.4,18.3,2.24,47.2,1.18,40.9,1.58,54.5,26.3,0.26,3.55,1.45,29.7,1.45,0.66,0.26,1.45,0.66,35.7,1.18,0.66,0.66,0.66,2.11,1.71,0.0,2.11,2.1,0.13,0.0,0.26,0.0,0.0,0.0,0.53,0.52,0.13,0.0,0.26,0.0,0.0,0.0,0.0,2.24,2.5,0.79,1.71,0.66,0.26,0.0,0.0,0.0,5.26,2.63,40.8,,,,,,,,,,,,,,,,,,,,,,,,,,,,
Joshua Atencio,us USA,MF,Seattle Sounders,22,2002,22,12,1069,11.9,0.0,0.08,0.08,0.0,0.0,0.0,0.25,0.08,0.11,0.11,0.09,0.2,2.27,6.39,3.95,0.0,0.08,0.08,0.0,0.08,0.11,0.09,0.2,0.11,0.2,Matches,2024,11.9,50.0,25.5,19.1,3.78,62.9,29.1,23.4,6.89,79.4,87.6,81.7,54.9,796.4,210.3,50.0,25.5,19.1,3.78,62.9,29.1,23.4,6.89,79.4,87.6,81.7,54.9,50.0,25.5,19.1,3.78,62.9,29.1,23.4,6.89,79.4,87.6,81.7,54.9,50.0,25.5,19.1,3.78,62.9,29.1,23.4,6.89,79.4,87.6,81.7,54.9,0.08,0.08,-0.01,1.01,6.3,0.67,0.08,0.0,2.18,0.5,23.1,2.19,0.51,0.0,0.0,20.5,0.0,0.0,0.0,0.05,-0.11,-0.11,79.5,2.61,15.5,42.1,23.0,2.61,79.5,1.09,61.9,0.67,38.1,40.5,0.42,2.61,1.43,52.0,3.11,1.6,1.6,3.11,1.6,47.5,1.76,2.27,1.93,2.1,5.21,1.43,0.08,2.86,2.87,0.08,0.0,0.0,0.0,0.08,0.0,0.08,0.08,0.08,0.0,0.0,0.0,0.08,0.0,0.08,1.26,0.92,0.0,1.76,2.1,1.6,0.0,0.0,0.0,6.47,2.1,47.2,,,,,,,,,,,,,,,,,,,,,,,,,,,,
Eduard Atuesta,co COL,MF,LAFC,26,1997,28,25,2190,24.3,0.16,0.08,0.25,0.16,0.0,0.0,0.37,0.04,0.12,0.12,0.11,0.22,1.52,8.81,2.96,0.16,0.08,0.25,0.16,0.25,0.12,0.11,0.22,0.12,0.22,Matches,2024,24.3,47.7,19.1,21.7,5.93,58.4,20.8,24.6,10.7,81.6,91.9,88.3,55.6,899.7,312.0,47.7,19.1,21.7,5.93,58.4,20.8,24.6,10.7,81.6,91.9,88.3,55.6,47.7,19.1,21.7,5.93,58.4,20.8,24.6,10.7,81.6,91.9,88.3,55.6,47.7,19.1,21.7,5.93,58.4,20.8,24.6,10.7,81.6,91.9,88.3,55.6,0.08,0.15,-0.02,1.77,7.82,1.23,0.16,0.16,1.48,0.53,36.1,1.48,0.53,0.11,0.31,21.2,0.21,0.0,0.0,0.08,0.05,0.05,69.3,1.52,12.6,38.7,18.8,1.52,69.3,1.44,50.7,1.11,39.1,41.6,0.21,1.81,1.4,47.9,1.77,0.95,0.82,1.77,0.95,39.7,1.44,1.03,0.86,1.69,3.46,0.53,0.08,4.4,4.4,0.21,0.04,0.16,0.04,0.04,0.0,0.41,0.41,0.21,0.04,0.16,0.04,0.04,0.0,0.04,1.73,1.36,0.04,4.24,1.69,0.82,0.04,0.04,0.0,6.34,0.74,42.9,,,,,,,,,,,,,,,,,,,,,,,,,,,,
Julián Aude,ar ARG,DF,LA Galaxy,20,2003,25,21,1692,18.8,0.05,0.11,0.16,0.05,0.0,0.0,0.16,0.0,0.04,0.04,0.07,0.11,1.38,2.93,3.56,0.05,0.11,0.16,0.05,0.16,0.04,0.07,0.11,0.04,0.11,Matches,2024,18.8,47.7,27.3,17.7,2.02,57.1,29.5,21.2,4.15,83.4,92.6,83.7,48.7,725.2,237.9,47.7,27.3,17.7,2.02,57.1,29.5,21.2,4.15,83.4,92.6,83.7,48.7,47.7,27.3,17.7,2.02,57.1,29.5,21.2,4.15,83.4,92.6,83.7,48.7,47.7,27.3,17.7,2.02,57.1,29.5,21.2,4.15,83.4,92.6,83.7,48.7,0.11,0.1,0.03,0.53,2.13,0.32,0.11,0.05,0.64,0.11,16.7,0.64,0.11,0.08,0.5,21.0,0.0,0.0,0.0,0.07,0.02,0.02,69.2,4.47,24.9,30.7,14.3,1.17,69.2,1.44,61.4,0.69,29.5,35.6,0.21,1.38,1.01,44.7,2.61,1.76,1.6,2.61,1.76,53.2,1.54,1.65,1.28,1.12,3.72,3.4,0.05,1.22,1.22,0.11,0.0,0.11,0.0,0.0,0.0,0.16,0.16,0.11,0.0,0.11,0.0,0.0,0.0,0.0,0.9,2.07,0.05,1.01,1.12,1.6,0.0,0.05,0.0,3.83,1.22,57.5,,,,,,,,,,,,,,,,,,,,,,,,,,,,
Tomás Avilés,ar ARG,DF,Inter Miami,19,2004,27,26,2200,24.4,0.0,0.0,0.0,0.0,0.0,0.0,0.61,0.08,0.02,0.02,0.02,0.04,0.61,2.99,0.16,0.0,0.0,0.0,0.0,0.0,0.03,0.02,0.04,0.03,0.04,Matches,2024,24.4,63.2,18.9,37.6,6.23,69.6,20.2,39.0,8.81,90.8,93.3,96.4,70.7,1249.5,391.5,63.2,18.9,37.6,6.23,69.6,20.2,39.0,8.81,90.8,93.3,96.4,70.7,63.2,18.9,37.6,6.23,69.6,20.2,39.0,8.81,90.8,93.3,96.4,70.7,63.2,18.9,37.6,6.23,69.6,20.2,39.0,8.81,90.8,93.3,96.4,70.7,0.0,0.02,-0.02,0.16,2.75,0.04,0.04,0.0,0.33,0.08,25.0,0.33,0.08,0.0,0.0,15.1,0.0,0.0,0.0,0.08,-0.02,-0.02,79.5,9.47,43.3,34.7,1.76,0.7,79.5,0.2,50.0,0.2,50.0,48.6,0.04,0.74,0.12,60.1,1.97,0.7,1.19,1.97,0.7,48.6,0.74,1.15,0.53,1.56,3.52,2.95,0.16,0.45,0.45,0.0,0.0,0.0,0.0,0.0,0.0,0.08,0.08,0.0,0.0,0.0,0.0,0.0,0.0,0.08,1.15,0.16,0.0,0.12,1.56,1.19,0.0,0.04,0.0,4.55,0.57,51.9,,,,,,,,,,,,,,,,,,,,,,,,,,,,
Chidozie Awaziem,ng NGA,DF,FC Cincinnati,27,1997,7,7,533,5.9,0.0,0.34,0.34,0.0,0.0,0.0,0.51,0.0,0.08,0.08,0.08,0.17,1.53,7.97,1.19,0.0,0.34,0.34,0.0,0.34,0.08,0.09,0.17,0.08,0.17,Matches,2024,5.9,65.1,22.7,35.3,6.44,74.2,24.7,37.3,10.5,87.7,91.8,94.5,61.3,1259.0,544.1,65.1,22.7,35.3,6.44,74.2,24.7,37.3,10.5,87.7,91.8,94.5,61.3,65.1,22.7,35.3,6.44,74.2,24.7,37.3,10.5,87.7,91.8,94.5,61.3,65.1,22.7,35.3,6.44,74.2,24.7,37.3,10.5,87.7,91.8,94.5,61.3,0.34,0.05,0.25,0.68,7.46,0.34,0.0,0.0,1.19,0.17,14.3,1.18,0.17,0.0,0.0,12.0,0.0,0.0,0.0,0.07,-0.08,-0.08,81.5,5.42,27.1,49.5,5.59,1.36,81.5,0.17,100.0,0.0,0.0,53.4,0.0,0.51,0.34,59.0,0.68,0.34,0.51,0.68,0.34,66.7,0.17,1.02,0.68,0.85,1.53,2.54,0.0,1.02,1.01,0.0,0.0,0.0,0.0,0.0,0.0,0.34,0.34,0.0,0.0,0.0,0.0,0.0,0.0,0.0,2.2,0.68,0.0,0.17,0.85,0.51,0.0,0.0,0.0,6.44,2.71,80.0,,,,,,,,,,,,,,,,,,,,,,,,,,,,
David Ayala,ar ARG,MF,Portland Timbers,21,2002,30,19,1468,16.3,0.06,0.06,0.12,0.06,0.0,0.0,0.12,0.0,0.07,0.07,0.07,0.14,0.43,6.07,1.23,0.06,0.06,0.12,0.06,0.12,0.07,0.08,0.14,0.07,0.14,Matches,2024,16.3,47.1,15.1,22.5,8.9,55.2,17.1,24.7,11.5,85.2,88.2,90.8,77.1,996.3,251.0,47.1,15.1,22.5,8.9,55.2,17.1,24.7,11.5,85.2,88.2,90.8,77.1,47.1,15.1,22.5,8.9,55.2,17.1,24.7,11.5,85.2,88.2,90.8,77.1,47.1,15.1,22.5,8.9,55.2,17.1,24.7,11.5,85.2,88.2,90.8,77.1,0.06,0.06,-0.01,0.98,6.38,0.86,0.25,0.06,0.92,0.18,20.0,0.92,0.18,0.07,0.33,22.0,0.0,0.0,0.0,0.07,-0.01,-0.01,67.8,3.87,19.4,40.1,8.65,0.67,67.8,1.23,69.0,0.43,24.1,38.9,0.12,0.67,1.17,44.4,3.13,1.29,1.78,3.13,1.29,41.2,1.84,1.53,1.35,1.96,5.09,2.15,0.06,1.78,1.78,0.12,0.0,0.0,0.0,0.12,0.0,0.06,0.06,0.12,0.0,0.0,0.0,0.12,0.0,0.0,1.1,0.98,0.0,0.55,1.96,1.78,0.0,0.0,0.0,6.75,1.6,61.9,,,,,,,,,,,,,,,,,,,,,,,,,,,,
Hugo Bacharach,es ESP,DF,Minnesota Utd,22,2001,1,1,90,1.0,0.0,0.0,0.0,0.0,0.0,0.0,0.0,0.0,0.0,0.0,0.0,0.0,0.0,6.0,0.0,0.0,0.0,0.0,0.0,0.0,0.0,0.0,0.0,0.0,0.0,Matches,2024,1.0,53.0,12.0,33.0,6.0,59.0,13.0,36.0,8.0,89.8,92.3,91.7,75.0,1103.0,397.0,53.0,12.0,33.0,6.0,59.0,13.0,36.0,8.0,89.8,92.3,91.7,75.0,53.0,12.0,33.0,6.0,59.0,13.0,36.0,8.0,89.8,92.3,91.7,75.0,53.0,12.0,33.0,6.0,59.0,13.0,36.0,8.0,89.8,92.3,91.7,75.0,0.0,0.0,0.0,0.0,5.0,0.0,0.0,0.0,0.0,0.0,,0.0,0.0,,,,0.0,0.0,0.0,,0.0,0.0,66.0,5.0,31.0,35.0,0.0,0.0,66.0,0.0,,0.0,,46.0,0.0,1.0,0.0,45.0,2.0,1.0,1.0,2.0,1.0,50.0,1.0,0.0,0.0,3.0,5.0,2.0,0.0,1.0,1.0,0.0,0.0,0.0,0.0,0.0,0.0,0.0,0.0,0.0,0.0,0.0,0.0,0.0,0.0,0.0,1.0,1.0,0.0,0.0,3.0,1.0,0.0,0.0,0.0,5.0,0.0,0.0,,,,,,,,,,,,,,,,,,,,,,,,,,,,
Dominique Badji,sn SEN,"MF,FW",D.C. United,31,1992,9,3,299,3.3,0.3,0.0,0.3,0.3,0.0,0.0,0.61,0.0,0.27,0.27,0.0,0.27,2.73,2.73,6.67,0.3,0.0,0.3,0.3,0.3,0.26,0.0,0.26,0.26,0.26,Matches,2024,3.3,15.2,9.39,5.15,0.0,22.1,11.5,6.36,0.61,68.5,81.6,81.0,0.0,201.8,34.8,15.2,9.39,5.15,0.0,22.1,11.5,6.36,0.61,68.5,81.6,81.0,0.0,15.2,9.39,5.15,0.0,22.1,11.5,6.36,0.61,68.5,81.6,81.0,0.0,15.2,9.39,5.15,0.0,22.1,11.5,6.36,0.61,68.5,81.6,81.0,0.0,0.0,0.06,0.0,0.0,0.61,1.21,0.0,0.3,2.42,0.91,37.5,2.41,0.9,0.13,0.33,11.4,0.0,0.0,0.0,0.11,0.03,0.03,30.0,0.61,1.82,10.6,17.6,5.45,30.0,0.91,75.0,0.3,25.0,20.3,0.91,1.21,0.91,22.1,0.0,0.0,0.0,0.0,0.0,0.0,0.61,0.91,0.91,0.61,0.61,0.91,0.0,1.21,1.2,0.0,0.0,0.0,0.0,0.3,0.0,0.0,0.0,0.0,0.0,0.0,0.0,0.3,0.0,0.0,3.64,0.91,1.21,0.91,0.61,0.0,0.0,0.0,0.0,3.33,3.33,68.8,,,,,,,,,,,,,,,,,,,,,,,,,,,,
Corey Baird,us USA,"FW,MF",FC Cincinnati,28,1996,22,11,952,10.6,0.28,0.19,0.47,0.28,0.0,0.0,0.09,0.0,0.27,0.27,0.09,0.37,0.66,1.79,4.62,0.28,0.19,0.47,0.28,0.47,0.28,0.09,0.37,0.28,0.37,Matches,2024,10.6,16.6,9.43,5.57,0.28,21.1,11.4,6.13,0.57,78.6,82.6,90.8,50.0,218.0,39.2,16.6,9.43,5.57,0.28,21.1,11.4,6.13,0.57,78.6,82.6,90.8,50.0,16.6,9.43,5.57,0.28,21.1,11.4,6.13,0.57,78.6,82.6,90.8,50.0,16.6,9.43,5.57,0.28,21.1,11.4,6.13,0.57,78.6,82.6,90.8,50.0,0.19,0.11,0.09,1.32,0.85,0.66,0.0,0.28,1.7,0.66,38.9,1.7,0.66,0.17,0.43,11.7,0.0,0.0,0.0,0.16,0.01,0.01,28.7,0.57,4.43,10.8,13.9,3.49,28.7,0.47,55.6,0.38,44.4,16.4,0.09,1.42,1.32,20.9,0.94,0.38,0.47,0.94,0.38,36.4,0.66,0.47,0.47,0.28,1.23,0.57,0.0,2.83,2.84,0.0,0.0,0.09,0.0,0.0,0.0,0.28,0.28,0.0,0.0,0.09,0.0,0.0,0.0,0.0,1.13,1.6,0.85,0.28,0.28,0.47,0.0,0.0,0.0,2.92,0.57,31.6,,,,,,,,,,,,,,,,,,,,,,,,,,,,
Esmir Bajraktarevic,ba BIH,"FW,MF",NE Revolution,18,2005,29,22,1984,22.0,0.14,0.05,0.18,0.14,0.0,0.0,0.05,0.0,0.13,0.13,0.1,0.23,3.18,3.05,7.05,0.14,0.05,0.18,0.14,0.18,0.13,0.1,0.23,0.13,0.23,Matches,2024,22.0,27.6,15.5,9.64,1.95,35.7,17.5,12.1,4.09,77.5,88.6,79.4,47.8,440.1,102.1,27.6,15.5,9.64,1.95,35.7,17.5,12.1,4.09,77.5,88.6,79.4,47.8,27.6,15.5,9.64,1.95,35.7,17.5,12.1,4.09,77.5,88.6,79.4,47.8,27.6,15.5,9.64,1.95,35.7,17.5,12.1,4.09,77.5,88.6,79.4,47.8,0.05,0.1,-0.05,1.18,2.41,1.14,0.36,0.14,2.09,0.73,34.8,2.09,0.73,0.07,0.19,17.5,0.0,0.0,0.0,0.06,0.01,0.01,45.8,0.95,5.59,19.3,22.0,3.82,45.8,1.68,52.9,1.36,42.9,30.1,1.36,2.09,1.18,33.1,1.5,0.45,0.91,1.5,0.45,35.7,0.82,0.82,0.77,0.23,1.73,0.5,0.0,3.5,3.49,0.27,0.0,0.23,0.05,0.18,0.0,0.27,0.27,0.27,0.0,0.23,0.05,0.18,0.0,0.0,0.77,1.32,0.05,3.55,0.23,0.91,0.0,0.0,0.0,4.18,0.18,33.3,,,,,,,,,,,,,,,,,,,,,,,,,,,,
Cody Baker,us USA,"DF,MF",Seattle Sounders,20,2004,13,4,479,5.3,0.0,0.19,0.19,0.0,0.0,0.0,0.19,0.0,0.0,0.0,0.11,0.11,2.45,4.53,5.85,0.0,0.19,0.19,0.0,0.19,0.01,0.11,0.11,0.01,0.11,Matches,2024,5.3,44.0,25.7,15.7,2.26,58.3,28.7,20.6,6.23,75.4,89.5,76.1,36.4,685.8,230.2,44.0,25.7,15.7,2.26,58.3,28.7,20.6,6.23,75.4,89.5,76.1,36.4,44.0,25.7,15.7,2.26,58.3,28.7,20.6,6.23,75.4,89.5,76.1,36.4,44.0,25.7,15.7,2.26,58.3,28.7,20.6,6.23,75.4,89.5,76.1,36.4,0.19,0.15,0.08,1.13,3.21,1.51,0.38,0.0,0.19,0.0,0.0,0.19,0.0,0.0,,27.4,0.0,0.0,0.0,0.03,0.0,0.0,69.8,3.77,15.7,34.7,19.8,1.51,69.8,0.38,33.3,0.75,66.7,37.4,0.94,1.51,0.75,42.1,3.02,1.89,2.64,3.02,1.89,83.3,0.38,0.75,0.57,0.75,3.77,2.64,0.0,2.26,2.25,0.0,0.0,0.0,0.0,0.0,0.0,0.57,0.56,0.0,0.0,0.0,0.0,0.0,0.0,0.0,0.38,1.51,0.0,2.64,0.75,2.64,0.0,0.0,0.0,3.77,0.75,36.4,,,,,,,,,,,,,,,,,,,,,,,,,,,,
Reed Baker-Whiting,us USA,"DF,FW",Seattle Sounders,18,2005,22,6,786,8.7,0.0,0.0,0.0,0.0,0.0,0.0,0.46,0.11,0.01,0.01,0.05,0.06,2.41,4.14,7.13,0.0,0.0,0.0,0.0,0.0,0.01,0.05,0.07,0.01,0.06,Matches,2024,8.7,42.8,22.5,17.0,2.3,53.7,25.2,20.8,5.52,79.7,89.5,81.8,41.7,690.0,161.4,42.8,22.5,17.0,2.3,53.7,25.2,20.8,5.52,79.7,89.5,81.8,41.7,42.8,22.5,17.0,2.3,53.7,25.2,20.8,5.52,79.7,89.5,81.8,41.7,42.8,22.5,17.0,2.3,53.7,25.2,20.8,5.52,79.7,89.5,81.8,41.7,0.0,0.08,-0.05,0.8,3.45,1.15,0.69,0.0,0.57,0.11,20.0,0.57,0.11,0.0,0.0,21.0,0.0,0.0,0.0,0.02,-0.01,-0.01,68.6,3.79,17.2,29.8,22.5,1.49,68.6,1.38,48.0,1.26,44.0,34.0,0.46,1.61,0.92,43.0,2.99,1.72,1.49,2.99,1.72,68.2,0.8,1.84,1.72,1.72,4.71,2.3,0.11,2.41,2.4,0.11,0.0,0.34,0.0,0.0,0.0,0.0,0.0,0.11,0.0,0.34,0.0,0.0,0.0,0.11,1.72,0.8,0.34,3.33,1.72,1.49,0.0,0.0,0.0,4.48,1.26,68.8,,,,,,,,,,,,,,,,,,,,,,,,,,,,
Monsef Bakrar,dz ALG,FW,NYCFC,23,2001,28,14,1350,15.0,0.27,0.0,0.27,0.27,0.0,0.0,0.2,0.0,0.42,0.42,0.05,0.47,1.67,1.33,8.33,0.27,0.0,0.27,0.27,0.27,0.42,0.05,0.47,0.42,0.47,Matches,2024,15.0,11.2,7.13,2.8,0.27,17.3,9.4,4.07,0.47,64.6,75.9,68.9,57.1,138.3,30.6,11.2,7.13,2.8,0.27,17.3,9.4,4.07,0.47,64.6,75.9,68.9,57.1,11.2,7.13,2.8,0.27,17.3,9.4,4.07,0.47,64.6,75.9,68.9,57.1,11.2,7.13,2.8,0.27,17.3,9.4,4.07,0.47,64.6,75.9,68.9,57.1,0.0,0.07,-0.05,0.87,1.0,0.6,0.2,0.27,4.0,1.33,33.3,4.0,1.33,0.07,0.2,14.4,0.0,0.0,0.0,0.11,-0.15,-0.15,33.7,0.67,1.93,11.1,21.1,7.47,33.7,1.0,39.5,1.33,52.6,17.7,1.13,4.4,1.93,22.9,1.27,0.6,0.67,1.27,0.6,60.0,0.4,1.6,1.53,0.2,1.47,0.67,0.0,2.73,2.73,0.47,0.13,0.13,0.07,0.2,0.0,0.27,0.27,0.47,0.13,0.13,0.07,0.2,0.0,0.0,1.6,1.27,0.93,1.0,0.2,0.67,0.0,0.0,0.0,2.8,1.13,37.8,,,,,,,,,,,,,,,,,,,,,,,,,,,,
Michael Baldisimo,ph PHI,MF,SJ Earthquakes,23,2000,2,0,25,0.3,0.0,0.0,0.0,0.0,0.0,0.0,0.0,0.0,0.0,0.0,0.0,0.0,0.0,6.67,3.33,0.0,0.0,0.0,0.0,0.0,0.0,0.0,0.0,0.0,0.0,Matches,2024,0.3,20.0,6.67,13.3,0.0,23.3,10.0,13.3,0.0,85.7,66.7,100.0,,296.7,66.7,20.0,6.67,13.3,0.0,23.3,10.0,13.3,0.0,85.7,66.7,100.0,,20.0,6.67,13.3,0.0,23.3,10.0,13.3,0.0,85.7,66.7,100.0,,20.0,6.67,13.3,0.0,23.3,10.0,13.3,0.0,85.7,66.7,100.0,,0.0,0.0,0.0,0.0,3.33,0.0,0.0,0.0,0.0,0.0,,0.0,0.0,,,,0.0,0.0,0.0,,0.0,0.0,46.7,0.0,16.7,26.7,6.67,3.33,46.7,0.0,,0.0,,16.7,0.0,0.0,0.0,23.3,13.3,6.67,0.0,13.3,6.67,50.0,6.67,0.0,0.0,6.67,20.0,6.67,0.0,0.0,0.0,0.0,0.0,0.0,0.0,0.0,0.0,0.0,0.0,0.0,0.0,0.0,0.0,0.0,0.0,0.0,6.67,0.0,0.0,3.33,6.67,0.0,0.0,0.0,0.0,0.0,0.0,0.0,,,,,,,,,,,,,,,,,,,,,,,,,,,,
Fidel Barajas,mx MEX,FW,Real Salt Lake,17,2006,17,5,564,6.3,0.0,0.32,0.32,0.0,0.0,0.0,0.16,0.0,0.17,0.17,0.11,0.29,2.86,2.86,9.52,0.0,0.32,0.32,0.0,0.32,0.18,0.11,0.28,0.18,0.28,Matches,2024,6.3,22.2,11.7,8.25,1.27,27.8,13.0,9.84,3.02,80.0,90.2,83.9,42.1,343.2,89.5,22.2,11.7,8.25,1.27,27.8,13.0,9.84,3.02,80.0,90.2,83.9,42.1,22.2,11.7,8.25,1.27,27.8,13.0,9.84,3.02,80.0,90.2,83.9,42.1,22.2,11.7,8.25,1.27,27.8,13.0,9.84,3.02,80.0,90.2,83.9,42.1,0.32,0.14,0.21,1.27,1.27,1.27,0.63,0.0,2.54,0.95,37.5,2.55,0.96,0.0,0.0,18.2,0.0,0.0,0.0,0.07,-0.17,-0.17,39.8,0.16,3.49,12.9,24.0,3.33,39.8,0.32,16.7,1.59,83.3,27.3,0.79,2.86,1.59,29.2,0.79,0.16,0.48,0.79,0.16,25.0,0.48,0.32,0.32,0.16,0.95,0.32,0.0,2.38,2.39,0.0,0.0,0.0,0.0,0.0,0.0,0.32,0.32,0.0,0.0,0.0,0.0,0.0,0.0,0.0,0.95,0.32,0.32,3.97,0.16,0.48,0.0,0.0,0.0,2.38,0.0,0.0,,,,,,,,,,,,,,,,,,,,,,,,,,,,
Tai Baribo,il ISR,FW,Philadelphia Union,26,1998,20,16,1409,15.7,0.57,0.13,0.7,0.57,0.0,0.0,0.13,0.0,0.65,0.65,0.08,0.73,0.51,1.4,4.14,0.57,0.13,0.7,0.57,0.7,0.65,0.08,0.74,0.65,0.74,Matches,2024,15.7,16.2,10.8,3.95,0.7,20.5,12.7,4.78,0.89,78.9,85.0,82.7,78.6,214.9,31.3,16.2,10.8,3.95,0.7,20.5,12.7,4.78,0.89,78.9,85.0,82.7,78.6,16.2,10.8,3.95,0.7,20.5,12.7,4.78,0.89,78.9,85.0,82.7,78.6,16.2,10.8,3.95,0.7,20.5,12.7,4.78,0.89,78.9,85.0,82.7,78.6,0.13,0.07,0.04,1.08,0.83,0.19,0.0,0.57,3.12,1.34,42.9,3.13,1.34,0.18,0.43,11.2,0.0,0.0,0.0,0.21,-0.08,-0.08,30.2,0.19,2.55,13.8,14.1,5.35,30.2,0.32,25.0,0.89,70.0,15.4,0.32,1.53,1.08,19.4,1.53,0.64,0.89,1.53,0.64,45.5,0.76,0.76,0.76,0.45,1.97,0.19,0.0,2.36,2.36,0.06,0.0,0.0,0.0,0.19,0.0,0.19,0.19,0.06,0.0,0.0,0.0,0.19,0.0,0.0,1.46,1.21,0.19,0.0,0.45,0.89,0.0,0.0,0.0,2.87,1.91,43.5,,,,,,,,,,,,,,,,,,,,,,,,,,,,
Tom Barlow,us USA,"FW,MF",Chicago Fire,28,1995,28,5,749,8.3,0.24,0.0,0.24,0.24,0.0,0.0,0.24,0.0,0.52,0.52,0.08,0.6,1.08,1.33,5.9,0.24,0.0,0.24,0.24,0.24,0.52,0.08,0.6,0.52,0.6,Matches,2024,8.3,14.2,9.4,3.73,0.24,21.7,12.0,5.78,0.96,65.6,78.0,64.6,25.0,184.5,36.0,14.2,9.4,3.73,0.24,21.7,12.0,5.78,0.96,65.6,78.0,64.6,25.0,14.2,9.4,3.73,0.24,21.7,12.0,5.78,0.96,65.6,78.0,64.6,25.0,14.2,9.4,3.73,0.24,21.7,12.0,5.78,0.96,65.6,78.0,64.6,25.0,0.0,0.06,-0.08,0.72,0.96,0.36,0.12,0.24,3.01,1.2,40.0,3.0,1.2,0.08,0.2,13.6,0.0,0.0,0.0,0.17,-0.28,-0.28,31.4,1.08,3.01,12.7,16.1,5.06,31.4,0.12,50.0,0.12,50.0,17.8,0.36,2.65,0.96,22.8,0.84,0.36,0.6,0.84,0.36,33.3,0.72,0.6,0.48,0.36,1.2,0.72,0.0,1.69,1.68,0.12,0.0,0.0,0.0,0.12,0.0,0.0,0.0,0.12,0.0,0.0,0.0,0.12,0.0,0.0,1.93,1.2,0.84,1.08,0.36,0.6,0.0,0.0,0.0,2.89,2.77,54.8,,,,,,,,,,,,,,,,,,,,,,,,,,,,
Luis Barraza,us USA,GK,NYCFC,27,1996,1,0,79,0.9,0.0,0.0,0.0,0.0,0.0,0.0,0.0,0.0,0.0,0.0,0.0,0.0,0.0,0.0,0.0,0.0,0.0,0.0,0.0,0.0,0.0,0.0,0.0,0.0,0.0,Matches,2024,0.9,30.0,5.56,18.9,5.56,35.6,5.56,20.0,10.0,84.4,100.0,94.4,55.6,728.9,462.2,30.0,5.56,18.9,5.56,35.6,5.56,20.0,10.0,84.4,100.0,94.4,55.6,30.0,5.56,18.9,5.56,35.6,5.56,20.0,10.0,84.4,100.0,94.4,55.6,30.0,5.56,18.9,5.56,35.6,5.56,20.0,10.0,84.4,100.0,94.4,55.6,0.0,0.0,0.0,0.0,1.11,0.0,0.0,0.0,0.0,0.0,,0.0,0.0,,,,0.0,0.0,0.0,,0.0,0.0,35.6,27.8,35.6,0.0,0.0,0.0,35.6,0.0,,0.0,,12.2,0.0,0.0,0.0,23.3,0.0,0.0,0.0,0.0,0.0,,0.0,0.0,0.0,0.0,0.0,0.0,0.0,0.0,0.0,0.0,0.0,0.0,0.0,0.0,0.0,0.0,0.0,0.0,0.0,0.0,0.0,0.0,0.0,0.0,0.0,0.0,0.0,0.0,0.0,0.0,0.0,0.0,0.0,2.22,0.0,,4.44,0.0,0.0,0.0,3.56,0.67,-0.89,-0.87,30.0,3.33,22.2,0.0,28.7,23.0,11.0,22.2,0.0,28.7,23.0,11.0,10.0,1.11,11.1,0.0,0.0,28.7,23.0,11.0
Lucas Bartlett,us USA,DF,D.C. United,26,1997,32,31,2740,30.4,0.07,0.1,0.16,0.07,0.0,0.0,0.2,0.03,0.07,0.07,0.05,0.13,0.43,3.42,0.46,0.07,0.1,0.16,0.07,0.16,0.07,0.05,0.12,0.07,0.12,Matches,2024,30.4,39.8,15.0,19.9,4.34,49.4,17.2,22.8,7.34,80.5,86.8,87.0,59.2,764.5,330.6,39.8,15.0,19.9,4.34,49.4,17.2,22.8,7.34,80.5,86.8,87.0,59.2,39.8,15.0,19.9,4.34,49.4,17.2,22.8,7.34,80.5,86.8,87.0,59.2,39.8,15.0,19.9,4.34,49.4,17.2,22.8,7.34,80.5,86.8,87.0,59.2,0.1,0.03,0.05,0.36,3.42,0.13,0.0,0.07,0.76,0.16,21.7,0.76,0.16,0.09,0.4,9.4,0.0,0.0,0.0,0.09,-0.01,-0.01,59.9,6.84,27.2,30.2,2.8,1.55,59.9,0.07,50.0,0.07,50.0,30.8,0.03,0.72,0.13,33.7,1.12,0.59,0.72,1.12,0.59,60.0,0.39,1.48,0.69,1.15,2.27,3.85,0.03,1.09,1.08,0.0,0.0,0.03,0.0,0.0,0.0,0.2,0.2,0.0,0.0,0.03,0.0,0.0,0.0,0.0,1.22,0.95,0.1,0.13,1.15,0.72,0.0,0.0,0.0,4.84,3.62,66.3,,,,,,,,,,,,,,,,,,,,,,,,,,,,
Ethan Bartlow,us USA,DF,Houston Dynamo,23,2000,16,9,851,9.5,0.0,0.0,0.0,0.0,0.0,0.0,0.0,0.0,0.01,0.01,0.0,0.01,0.42,3.26,0.21,0.0,0.0,0.0,0.0,0.0,0.01,0.0,0.02,0.01,0.02,Matches,2024,9.5,54.5,14.6,29.7,9.68,63.7,15.7,31.6,14.7,85.6,93.3,94.0,65.7,1203.9,480.6,54.5,14.6,29.7,9.68,63.7,15.7,31.6,14.7,85.6,93.3,94.0,65.7,54.5,14.6,29.7,9.68,63.7,15.7,31.6,14.7,85.6,93.3,94.0,65.7,54.5,14.6,29.7,9.68,63.7,15.7,31.6,14.7,85.6,93.3,94.0,65.7,0.0,0.02,0.0,0.11,3.37,0.63,0.11,0.0,0.32,0.0,0.0,0.32,0.0,0.0,,13.8,0.0,0.0,0.0,0.03,-0.01,-0.01,73.3,10.6,42.0,29.3,2.0,0.74,73.3,0.63,75.0,0.21,25.0,43.8,0.11,0.21,0.11,51.6,1.89,1.26,1.26,1.89,1.26,80.0,0.32,2.11,0.84,0.42,2.32,4.11,0.0,0.32,0.32,0.11,0.0,0.0,0.0,0.0,0.0,0.0,0.0,0.11,0.0,0.0,0.0,0.0,0.0,0.0,0.74,0.63,0.0,0.32,0.42,1.26,0.0,0.0,0.0,3.58,2.11,58.8,,,,,,,,,,,,,,,,,,,,,,,,,,,,
Cole Bassett,us USA,"MF,FW",Colorado Rapids,22,2001,30,29,2569,28.5,0.32,0.25,0.56,0.28,0.04,0.04,0.04,0.0,0.22,0.19,0.17,0.36,2.7,7.82,4.81,0.32,0.25,0.56,0.28,0.53,0.22,0.17,0.4,0.19,0.36,Matches,2024,28.5,50.5,25.1,20.3,3.79,59.3,27.3,23.1,6.11,85.0,92.0,88.0,62.1,824.5,239.2,50.5,25.1,20.3,3.79,59.3,27.3,23.1,6.11,85.0,92.0,88.0,62.1,50.5,25.1,20.3,3.79,59.3,27.3,23.1,6.11,85.0,92.0,88.0,62.1,50.5,25.1,20.3,3.79,59.3,27.3,23.1,6.11,85.0,92.0,88.0,62.1,0.25,0.15,0.07,1.19,6.46,0.98,0.07,0.32,2.39,0.81,33.8,2.38,0.81,0.12,0.35,17.6,0.14,0.04,0.04,0.08,0.09,0.09,70.2,1.51,10.4,35.6,24.9,3.61,70.2,0.7,54.1,0.49,37.8,44.6,0.7,1.44,1.4,53.3,2.32,1.3,1.19,2.32,1.3,46.8,1.47,1.16,1.02,0.67,2.98,0.88,0.07,3.19,3.19,0.11,0.0,0.04,0.0,0.11,0.04,0.49,0.49,0.11,0.0,0.04,0.0,0.11,0.04,0.0,0.84,1.12,0.04,2.0,0.67,1.19,0.0,0.0,0.0,4.63,1.12,50.8,,,,,,,,,,,,,,,,,,,,,,,,,,,,
Amine Bassi,fr FRA,MF,Houston Dynamo,26,1997,31,30,2533,28.1,0.11,0.21,0.32,0.11,0.0,0.0,0.18,0.0,0.22,0.22,0.19,0.4,3.31,8.58,7.3,0.11,0.21,0.32,0.11,0.32,0.22,0.18,0.4,0.22,0.4,Matches,2024,28.1,56.0,31.1,17.0,5.16,66.2,34.0,19.3,7.79,84.6,91.5,88.0,66.2,882.4,232.1,56.0,31.1,17.0,5.16,66.2,34.0,19.3,7.79,84.6,91.5,88.0,66.2,56.0,31.1,17.0,5.16,66.2,34.0,19.3,7.79,84.6,91.5,88.0,66.2,56.0,31.1,17.0,5.16,66.2,34.0,19.3,7.79,84.6,91.5,88.0,66.2,0.21,0.25,0.03,2.78,5.62,2.42,0.53,0.11,2.03,0.53,26.3,2.03,0.53,0.05,0.2,21.3,0.11,0.0,0.0,0.11,-0.11,-0.11,73.8,0.11,5.94,36.7,31.6,2.99,73.8,0.71,51.3,0.53,38.5,46.5,0.57,1.71,0.93,61.6,0.64,0.21,0.39,0.64,0.21,30.0,0.5,0.6,0.6,0.25,0.89,0.25,0.0,5.55,5.55,0.04,0.04,0.11,0.04,0.04,0.0,0.46,0.46,0.04,0.04,0.11,0.04,0.04,0.0,0.0,1.17,1.81,0.36,3.95,0.25,0.39,0.04,0.0,0.0,3.52,0.28,30.8,,,,,,,,,,,,,,,,,,,,,,,,,,,,
Zorhan Bassong,ca CAN,"DF,MF",Sporting KC,24,1999,21,14,1248,13.9,0.0,0.07,0.07,0.0,0.0,0.0,0.22,0.07,0.01,0.01,0.18,0.19,1.87,5.54,3.38,0.0,0.07,0.07,0.0,0.07,0.01,0.18,0.19,0.01,0.19,Matches,2024,13.9,43.3,21.3,17.6,3.6,53.1,23.7,20.4,6.62,81.6,89.7,86.2,54.3,728.8,260.9,43.3,21.3,17.6,3.6,53.1,23.7,20.4,6.62,81.6,89.7,86.2,54.3,43.3,21.3,17.6,3.6,53.1,23.7,20.4,6.62,81.6,89.7,86.2,54.3,43.3,21.3,17.6,3.6,53.1,23.7,20.4,6.62,81.6,89.7,86.2,54.3,0.07,0.12,-0.11,1.44,3.67,1.51,0.72,0.0,0.29,0.0,0.0,0.29,0.0,0.0,,21.6,0.0,0.0,0.0,0.03,-0.01,-0.01,62.5,2.16,16.4,28.9,17.6,1.01,62.5,0.58,61.5,0.36,38.5,34.3,0.22,1.22,0.58,39.4,2.66,1.15,2.01,2.66,1.15,64.0,0.65,1.29,1.01,0.94,3.6,1.87,0.0,2.73,2.74,0.07,0.0,0.22,0.0,0.07,0.0,0.22,0.22,0.07,0.0,0.22,0.0,0.07,0.0,0.0,2.66,0.72,0.0,2.37,0.94,2.01,0.0,0.14,0.0,4.6,1.15,50.0,,,,,,,,,,,,,,,,,,,,,,,,,,,,
Josh Bauer,us USA,DF,Nashville SC,25,1998,26,19,1861,20.7,0.0,0.0,0.0,0.0,0.0,0.0,0.24,0.0,0.08,0.08,0.01,0.09,0.63,2.51,0.68,0.0,0.0,0.0,0.0,0.0,0.08,0.01,0.09,0.08,0.09,Matches,2024,20.7,42.0,15.2,22.7,3.48,50.3,16.9,25.4,6.04,83.5,90.0,89.5,57.6,777.4,269.1,42.0,15.2,22.7,3.48,50.3,16.9,25.4,6.04,83.5,90.0,89.5,57.6,42.0,15.2,22.7,3.48,50.3,16.9,25.4,6.04,83.5,90.0,89.5,57.6,42.0,15.2,22.7,3.48,50.3,16.9,25.4,6.04,83.5,90.0,89.5,57.6,0.0,0.01,-0.01,0.14,2.46,0.19,0.05,0.0,0.48,0.05,10.0,0.48,0.05,0.0,0.0,9.2,0.0,0.0,0.0,0.16,-0.08,-0.08,60.0,5.94,29.5,26.0,4.69,0.82,60.0,0.05,11.1,0.34,77.8,31.6,0.05,0.58,0.34,38.0,1.74,0.97,1.21,1.74,0.97,66.7,0.48,1.16,0.34,1.06,2.8,3.24,0.05,0.53,0.53,0.0,0.0,0.0,0.0,0.0,0.0,0.05,0.05,0.0,0.0,0.0,0.0,0.0,0.0,0.0,0.97,0.53,0.0,0.34,1.06,1.21,0.0,0.05,0.0,3.38,1.93,62.5,,,,,,,,,,,,,,,,,,,,,,,,,,,,
Tanner Beason,us USA,DF,SJ Earthquakes,26,1997,26,17,1625,18.1,0.0,0.0,0.0,0.0,0.0,0.0,0.06,0.0,0.02,0.02,0.04,0.06,0.11,1.66,0.28,0.0,0.0,0.0,0.0,0.0,0.02,0.04,0.06,0.02,0.06,Matches,2024,18.1,36.0,11.5,18.5,5.14,43.3,12.9,20.2,8.62,83.0,88.9,91.3,59.6,716.0,249.4,36.0,11.5,18.5,5.14,43.3,12.9,20.2,8.62,83.0,88.9,91.3,59.6,36.0,11.5,18.5,5.14,43.3,12.9,20.2,8.62,83.0,88.9,91.3,59.6,36.0,11.5,18.5,5.14,43.3,12.9,20.2,8.62,83.0,88.9,91.3,59.6,0.0,0.06,-0.04,0.28,1.38,0.28,0.06,0.0,0.33,0.06,16.7,0.33,0.06,0.0,0.0,11.4,0.0,0.0,0.0,0.06,-0.02,-0.02,54.4,9.89,33.9,18.4,2.1,0.88,54.4,0.11,40.0,0.11,40.0,26.1,0.0,0.39,0.0,32.6,0.99,0.55,0.39,0.99,0.55,66.7,0.28,1.71,0.44,0.94,1.93,5.75,0.0,0.61,0.61,0.0,0.0,0.0,0.0,0.0,0.0,0.0,0.0,0.0,0.0,0.0,0.0,0.0,0.0,0.0,0.17,0.77,0.0,0.22,0.94,0.39,0.0,0.0,0.06,3.2,1.6,52.7,,,,,,,,,,,,,,,,,,,,,,,,,,,,
Adam Beaudry,us USA,GK,Colorado Rapids,17,2006,1,1,90,1.0,0.0,0.0,0.0,0.0,0.0,0.0,0.0,0.0,0.0,0.0,0.0,0.0,0.0,0.0,0.0,0.0,0.0,0.0,0.0,0.0,0.0,0.0,0.0,0.0,0.0,Matches,2024,1.0,14.0,4.0,5.0,5.0,22.0,4.0,5.0,11.0,63.6,100.0,100.0,45.5,445.0,340.0,14.0,4.0,5.0,5.0,22.0,4.0,5.0,11.0,63.6,100.0,100.0,45.5,14.0,4.0,5.0,5.0,22.0,4.0,5.0,11.0,63.6,100.0,100.0,45.5,14.0,4.0,5.0,5.0,22.0,4.0,5.0,11.0,63.6,100.0,100.0,45.5,0.0,0.0,0.0,0.0,0.0,0.0,0.0,0.0,0.0,0.0,,0.0,0.0,,,,0.0,0.0,0.0,,0.0,0.0,25.0,18.0,25.0,0.0,0.0,0.0,25.0,0.0,,0.0,,7.0,0.0,0.0,0.0,9.0,0.0,0.0,0.0,0.0,0.0,,0.0,0.0,0.0,0.0,0.0,1.0,0.0,0.0,0.0,0.0,0.0,0.0,0.0,0.0,0.0,0.0,0.0,0.0,0.0,0.0,0.0,0.0,0.0,0.0,0.0,0.0,0.0,0.0,0.0,0.0,0.0,0.0,0.0,1.0,1.0,100.0,3.0,1.0,0.0,0.0,2.0,0.27,-1.0,-1.0,12.0,2.0,41.7,62.5,34.7,45.0,18.5,41.7,62.5,34.7,45.0,18.5,20.0,0.0,0.0,3.0,3.0,34.7,45.0,18.5
Gavin Beavers,us USA,GK,Real Salt Lake,18,2005,11,11,990,11.0,0.0,0.09,0.09,0.0,0.0,0.0,0.0,0.0,0.0,0.0,0.0,0.0,0.0,0.09,0.0,0.0,0.09,0.09,0.0,0.09,0.0,0.0,0.0,0.0,0.0,Matches,2024,11.0,25.2,7.27,11.5,6.36,32.9,7.27,11.5,14.0,76.5,100.0,99.2,45.5,591.6,383.5,25.2,7.27,11.5,6.36,32.9,7.27,11.5,14.0,76.5,100.0,99.2,45.5,25.2,7.27,11.5,6.36,32.9,7.27,11.5,14.0,76.5,100.0,99.2,45.5,25.2,7.27,11.5,6.36,32.9,7.27,11.5,14.0,76.5,100.0,99.2,45.5,0.09,0.0,0.09,0.09,0.27,0.0,0.0,0.0,0.0,0.0,,0.0,0.0,,,,0.0,0.0,0.0,,0.0,0.0,35.5,28.6,34.9,0.55,0.0,0.0,35.5,0.0,,0.0,,20.6,0.0,0.27,0.0,16.9,0.0,0.0,0.0,0.0,0.0,,0.0,0.0,0.0,0.0,0.0,0.45,0.0,0.18,0.18,0.0,0.0,0.0,0.0,0.0,0.0,0.09,0.09,0.0,0.0,0.0,0.0,0.0,0.0,0.0,0.0,0.0,0.0,0.0,0.0,0.0,0.0,0.0,0.0,1.55,0.09,100.0,1.82,0.27,0.18,0.0,1.7,0.28,-0.12,-0.12,26.4,5.82,27.9,34.7,30.2,33.9,15.6,27.9,34.7,30.2,33.9,15.6,13.9,1.45,10.5,1.27,1.27,30.2,33.9,15.6
Simon Becher,us USA,FW,St. Louis,24,1999,9,6,547,6.1,0.66,0.0,0.66,0.66,0.0,0.0,0.16,0.0,0.26,0.26,0.03,0.31,2.13,1.31,5.74,0.66,0.0,0.66,0.66,0.66,0.27,0.03,0.3,0.27,0.3,Matches,2024,6.1,14.1,8.69,4.43,0.33,20.3,11.0,5.9,0.49,69.4,79.1,75.0,66.7,193.4,35.1,14.1,8.69,4.43,0.33,20.3,11.0,5.9,0.49,69.4,79.1,75.0,66.7,14.1,8.69,4.43,0.33,20.3,11.0,5.9,0.49,69.4,79.1,75.0,66.7,14.1,8.69,4.43,0.33,20.3,11.0,5.9,0.49,69.4,79.1,75.0,66.7,0.0,0.03,-0.03,0.82,0.98,0.33,0.0,0.66,1.48,0.98,66.7,1.48,0.99,0.44,0.67,14.1,0.0,0.0,0.0,0.18,0.39,0.39,31.8,0.16,2.46,18.0,12.0,3.61,31.8,0.98,33.3,1.64,55.6,19.0,0.98,3.93,3.11,24.4,0.66,0.33,0.66,0.66,0.33,50.0,0.33,0.49,0.49,0.33,0.98,0.49,0.0,2.13,2.14,0.0,0.0,0.49,0.16,0.0,0.0,0.16,0.16,0.0,0.0,0.49,0.16,0.0,0.0,0.0,1.97,2.79,0.49,0.0,0.33,0.66,0.16,0.0,0.0,2.62,2.13,46.4,,,,,,,,,,,,,,,,,,,,,,,,,,,,
Alejandro Bedoya,us USA,MF,Philadelphia Union,36,1987,30,13,1455,16.2,0.12,0.12,0.25,0.12,0.0,0.0,0.37,0.0,0.09,0.09,0.13,0.23,0.86,4.2,5.8,0.12,0.12,0.25,0.12,0.25,0.09,0.13,0.23,0.09,0.23,Matches,2024,16.2,34.7,18.8,13.4,2.1,46.5,23.5,16.8,3.21,74.6,79.8,79.8,65.4,552.2,215.4,34.7,18.8,13.4,2.1,46.5,23.5,16.8,3.21,74.6,79.8,79.8,65.4,34.7,18.8,13.4,2.1,46.5,23.5,16.8,3.21,74.6,79.8,79.8,65.4,34.7,18.8,13.4,2.1,46.5,23.5,16.8,3.21,74.6,79.8,79.8,65.4,0.12,0.2,-0.01,1.36,3.52,0.8,0.31,0.12,1.3,0.49,38.1,1.3,0.49,0.1,0.25,13.8,0.0,0.0,0.0,0.07,0.03,0.03,55.9,1.73,9.14,28.7,18.1,4.38,55.9,0.31,62.5,0.19,37.5,29.5,0.06,0.56,0.43,38.0,2.16,0.86,1.23,2.16,0.86,58.3,0.62,0.93,0.86,0.99,3.15,1.11,0.0,3.09,3.09,0.06,0.0,0.0,0.0,0.0,0.0,0.31,0.31,0.06,0.0,0.0,0.0,0.0,0.0,0.0,1.67,0.37,0.31,1.36,0.99,1.23,0.0,0.0,0.0,4.2,3.33,47.4,,,,,,,,,,,,,,,,,,,,,,,,,,,,
Jon Bell,jm JAM,DF,Seattle Sounders,26,1997,10,5,487,5.4,0.19,0.0,0.19,0.19,0.0,0.0,0.0,0.0,0.02,0.02,0.02,0.02,0.19,2.96,0.0,0.18,0.0,0.18,0.18,0.18,0.01,0.01,0.03,0.01,0.03,Matches,2024,5.4,44.1,14.4,23.1,6.11,51.7,15.7,24.8,9.44,85.3,91.8,93.3,64.7,879.8,332.2,44.1,14.4,23.1,6.11,51.7,15.7,24.8,9.44,85.3,91.8,93.3,64.7,44.1,14.4,23.1,6.11,51.7,15.7,24.8,9.44,85.3,91.8,93.3,64.7,44.1,14.4,23.1,6.11,51.7,15.7,24.8,9.44,85.3,91.8,93.3,64.7,0.0,0.02,-0.02,0.19,2.78,0.56,0.19,0.19,0.37,0.19,50.0,0.37,0.18,0.5,1.0,10.3,0.0,0.0,0.0,0.04,0.17,0.17,61.9,7.41,32.0,27.0,2.96,0.74,61.9,0.0,,0.0,,31.3,0.0,0.0,0.19,38.5,1.48,0.74,0.56,1.48,0.74,66.7,0.37,1.67,0.56,1.3,2.78,4.63,0.0,0.19,0.18,0.0,0.0,0.0,0.0,0.0,0.0,0.0,0.0,0.0,0.0,0.0,0.0,0.0,0.0,0.0,0.37,0.0,0.0,0.56,1.3,0.56,0.0,0.0,0.0,4.26,2.59,51.9,,,,,,,,,,,,,,,,,,,,,,,,,,,,
Matthew Bell,jm JAM,FW,Real Salt Lake,21,2002,1,0,20,0.2,0.0,0.0,0.0,0.0,0.0,0.0,0.0,0.0,0.0,0.0,0.5,0.5,30.0,10.0,20.0,0.0,0.0,0.0,0.0,0.0,0.0,0.63,0.63,0.0,0.63,Matches,2024,0.2,55.0,40.0,15.0,0.0,60.0,45.0,15.0,0.0,91.7,88.9,100.0,,775.0,160.0,55.0,40.0,15.0,0.0,60.0,45.0,15.0,0.0,91.7,88.9,100.0,,55.0,40.0,15.0,0.0,60.0,45.0,15.0,0.0,91.7,88.9,100.0,,55.0,40.0,15.0,0.0,60.0,45.0,15.0,0.0,91.7,88.9,100.0,,0.0,0.0,-0.5,15.0,5.0,5.0,0.0,0.0,0.0,0.0,,0.0,0.0,,,,0.0,0.0,0.0,,0.0,0.0,80.0,0.0,5.0,35.0,40.0,10.0,80.0,0.0,0.0,5.0,50.0,50.0,10.0,0.0,0.0,60.0,5.0,5.0,5.0,5.0,5.0,100.0,0.0,5.0,5.0,0.0,5.0,0.0,0.0,20.0,18.0,0.0,0.0,0.0,0.0,0.0,0.0,0.0,0.0,0.0,0.0,0.0,0.0,0.0,0.0,0.0,0.0,5.0,0.0,0.0,0.0,5.0,0.0,0.0,0.0,0.0,0.0,,,,,,,,,,,,,,,,,,,,,,,,,,,,,
Ben Bender,us USA,"MF,FW",Charlotte,22,2001,6,2,194,2.2,0.45,0.0,0.45,0.45,0.0,0.0,0.45,0.0,0.09,0.09,0.14,0.18,2.27,3.18,7.27,0.46,0.0,0.46,0.46,0.46,0.07,0.13,0.2,0.07,0.2,Matches,2024,2.2,21.4,9.55,10.5,1.36,27.7,10.9,12.3,2.27,77.0,87.5,85.2,60.0,361.4,119.5,21.4,9.55,10.5,1.36,27.7,10.9,12.3,2.27,77.0,87.5,85.2,60.0,21.4,9.55,10.5,1.36,27.7,10.9,12.3,2.27,77.0,87.5,85.2,60.0,21.4,9.55,10.5,1.36,27.7,10.9,12.3,2.27,77.0,87.5,85.2,60.0,0.0,0.09,-0.14,1.36,3.18,0.91,0.45,0.45,1.82,1.82,100.0,1.86,1.86,0.25,0.25,20.8,0.0,0.0,0.0,0.04,0.36,0.36,35.0,0.45,4.09,16.4,15.0,3.64,35.0,1.36,75.0,0.0,0.0,22.7,0.0,1.36,1.36,27.3,0.91,0.0,0.0,0.91,0.0,0.0,0.91,0.91,0.91,0.0,0.91,0.45,0.0,2.27,2.31,0.0,0.0,0.0,0.0,0.0,0.0,0.45,0.46,0.0,0.0,0.0,0.0,0.0,0.0,0.0,1.36,0.45,0.45,1.36,0.0,0.0,0.0,0.0,0.0,2.73,0.91,50.0,,,,,,,,,,,,,,,,,,,,,,,,,,,,
Christian Benteke,be BEL,FW,D.C. United,33,1990,30,30,2594,28.8,0.8,0.17,0.97,0.69,0.1,0.1,0.28,0.03,0.63,0.54,0.18,0.72,0.52,2.88,4.03,0.8,0.17,0.97,0.69,0.87,0.62,0.18,0.8,0.54,0.72,Matches,2024,28.8,15.1,8.4,4.72,0.97,25.8,13.8,8.16,1.42,58.6,61.1,57.9,68.3,220.3,57.5,15.1,8.4,4.72,0.97,25.8,13.8,8.16,1.42,58.6,61.1,57.9,68.3,15.1,8.4,4.72,0.97,25.8,13.8,8.16,1.42,58.6,61.1,57.9,68.3,15.1,8.4,4.72,0.97,25.8,13.8,8.16,1.42,58.6,61.1,57.9,68.3,0.17,0.15,-0.0,1.28,1.91,0.56,0.0,0.8,3.16,1.46,46.2,3.16,1.46,0.22,0.48,11.6,0.0,0.1,0.1,0.17,0.17,0.15,35.4,1.42,2.12,16.0,17.5,6.25,35.3,0.35,33.3,0.69,66.7,16.1,0.38,1.77,0.76,28.8,0.21,0.07,0.17,0.21,0.07,25.0,0.21,0.49,0.35,0.07,0.28,1.18,0.0,2.67,2.67,0.14,0.03,0.17,0.03,0.0,0.0,0.35,0.35,0.14,0.03,0.17,0.03,0.0,0.0,0.0,2.43,1.28,0.73,0.07,0.07,0.17,0.03,0.0,0.0,1.35,10.8,73.3,,,,,,,,,,,,,,,,,,,,,,,,,,,,
Nimfasha Berchimas,us USA,"FW,MF",Charlotte,15,2008,3,0,23,0.3,0.0,0.0,0.0,0.0,0.0,0.0,0.0,0.0,0.0,0.0,0.0,0.0,0.0,0.0,16.7,0.0,0.0,0.0,0.0,0.0,0.15,0.0,0.15,0.15,0.15,Matches,2024,0.3,20.0,16.7,0.0,0.0,20.0,16.7,0.0,0.0,100.0,100.0,,,140.0,26.7,20.0,16.7,0.0,0.0,20.0,16.7,0.0,0.0,100.0,100.0,,,20.0,16.7,0.0,0.0,20.0,16.7,0.0,0.0,100.0,100.0,,,20.0,16.7,0.0,0.0,20.0,16.7,0.0,0.0,100.0,100.0,,,0.0,0.0,0.0,0.0,3.33,0.0,0.0,0.0,3.33,3.33,100.0,3.91,3.91,0.0,0.0,22.8,0.0,0.0,0.0,0.04,0.0,0.0,60.0,0.0,10.0,23.3,26.7,0.0,60.0,0.0,0.0,10.0,100.0,36.7,0.0,10.0,10.0,36.7,3.33,3.33,0.0,3.33,3.33,100.0,0.0,6.67,6.67,0.0,3.33,0.0,0.0,0.0,0.0,0.0,0.0,0.0,0.0,0.0,0.0,0.0,0.0,0.0,0.0,0.0,0.0,0.0,0.0,0.0,0.0,0.0,0.0,0.0,0.0,0.0,0.0,0.0,0.0,3.33,0.0,,,,,,,,,,,,,,,,,,,,,,,,,,,,,
Sebastian Berhalter,us USA,"MF,DF",Vancouver W'caps,22,2001,31,18,1866,20.7,0.1,0.14,0.24,0.1,0.0,0.0,0.24,0.0,0.09,0.09,0.24,0.33,1.11,5.36,3.38,0.1,0.14,0.24,0.1,0.24,0.09,0.24,0.33,0.09,0.33,Matches,2024,20.7,37.4,14.0,15.3,7.58,49.6,15.5,18.7,13.3,75.5,90.3,81.7,56.9,796.3,262.5,37.4,14.0,15.3,7.58,49.6,15.5,18.7,13.3,75.5,90.3,81.7,56.9,37.4,14.0,15.3,7.58,49.6,15.5,18.7,13.3,75.5,90.3,81.7,56.9,37.4,14.0,15.3,7.58,49.6,15.5,18.7,13.3,75.5,90.3,81.7,56.9,0.14,0.25,-0.1,2.22,5.12,1.79,0.77,0.1,1.55,0.34,21.9,1.54,0.34,0.06,0.29,22.5,0.24,0.0,0.0,0.06,0.01,0.01,61.2,2.66,11.8,29.4,20.3,1.64,61.2,0.34,41.2,0.48,58.8,29.5,0.14,1.16,0.97,37.8,2.46,1.06,1.3,2.46,1.06,46.8,1.21,1.69,1.3,1.01,3.48,1.64,0.1,4.25,4.24,0.1,0.0,0.05,0.0,0.0,0.0,0.34,0.34,0.1,0.0,0.05,0.0,0.0,0.0,0.0,1.59,0.77,0.14,6.62,1.01,1.3,0.0,0.0,0.05,3.67,0.72,41.7,,,,,,,,,,,,,,,,,,,,,,,,,,,,
Federico Bernardeschi,it ITA,"DF,MF",Toronto FC,29,1994,29,28,2457,27.3,0.29,0.22,0.51,0.29,0.0,0.11,0.48,0.11,0.28,0.19,0.23,0.42,5.09,4.76,10.6,0.29,0.22,0.51,0.29,0.51,0.28,0.23,0.51,0.19,0.42,Matches,2024,27.3,36.5,18.7,11.3,5.57,48.2,21.1,14.8,8.9,75.7,88.9,76.3,62.6,679.6,196.5,36.5,18.7,11.3,5.57,48.2,21.1,14.8,8.9,75.7,88.9,76.3,62.6,36.5,18.7,11.3,5.57,48.2,21.1,14.8,8.9,75.7,88.9,76.3,62.6,36.5,18.7,11.3,5.57,48.2,21.1,14.8,8.9,75.7,88.9,76.3,62.6,0.22,0.31,-0.01,2.23,2.71,2.12,0.51,0.29,3.48,1.17,33.7,3.48,1.17,0.08,0.25,21.0,0.29,0.0,0.11,0.05,0.01,0.1,62.5,1.61,8.61,21.4,33.9,5.46,62.4,3.15,48.6,2.82,43.5,39.1,2.71,2.6,1.65,43.1,0.88,0.59,0.55,0.88,0.59,51.6,0.55,0.55,0.44,0.81,1.68,0.62,0.0,5.02,5.02,0.7,0.07,0.18,0.04,0.07,0.04,0.59,0.59,0.7,0.07,0.18,0.04,0.07,0.04,0.11,0.81,1.5,0.22,5.57,0.81,0.55,0.07,0.0,0.0,5.24,0.44,44.4,,,,,,,,,,,,,,,,,,,,,,,,,,,,
Miguel Berry,es ESP,FW,LA Galaxy,26,1997,31,6,826,9.2,0.22,0.33,0.54,0.22,0.0,0.0,0.11,0.0,0.29,0.29,0.16,0.46,1.85,1.41,4.89,0.22,0.33,0.54,0.22,0.54,0.29,0.16,0.46,0.29,0.46,Matches,2024,9.2,12.6,8.26,2.93,0.22,18.2,10.2,4.24,0.54,69.5,80.9,69.2,40.0,149.0,32.5,12.6,8.26,2.93,0.22,18.2,10.2,4.24,0.54,69.5,80.9,69.2,40.0,12.6,8.26,2.93,0.22,18.2,10.2,4.24,0.54,69.5,80.9,69.2,40.0,12.6,8.26,2.93,0.22,18.2,10.2,4.24,0.54,69.5,80.9,69.2,40.0,0.33,0.13,0.16,1.52,0.87,0.43,0.0,0.22,1.2,0.33,27.3,1.2,0.33,0.18,0.67,11.6,0.0,0.0,0.0,0.24,-0.08,-0.08,28.3,1.3,2.72,10.9,15.1,4.35,28.3,0.76,43.8,0.87,50.0,14.0,0.76,2.72,1.63,18.0,0.98,0.11,0.22,0.98,0.11,33.3,0.22,0.98,0.76,0.11,1.09,1.3,0.0,2.39,2.4,0.0,0.0,0.11,0.0,0.0,0.0,0.33,0.33,0.0,0.0,0.11,0.0,0.0,0.0,0.0,0.98,0.87,0.11,0.11,0.11,0.22,0.0,0.0,0.0,2.17,2.39,36.1,,,,,,,,,,,,,,,,,,,,,,,,,,,,
Pep Biel,es ESP,"FW,MF",Charlotte,27,1996,9,8,613,6.8,0.29,0.44,0.74,0.29,0.0,0.0,0.15,0.0,0.26,0.26,0.19,0.46,3.97,4.26,9.26,0.29,0.44,0.73,0.29,0.73,0.27,0.19,0.46,0.27,0.46,Matches,2024,6.8,26.3,13.2,9.71,2.35,35.3,15.0,12.8,5.15,74.6,88.2,75.9,45.7,430.1,124.3,26.3,13.2,9.71,2.35,35.3,15.0,12.8,5.15,74.6,88.2,75.9,45.7,26.3,13.2,9.71,2.35,35.3,15.0,12.8,5.15,74.6,88.2,75.9,45.7,26.3,13.2,9.71,2.35,35.3,15.0,12.8,5.15,74.6,88.2,75.9,45.7,0.44,0.25,0.25,2.35,2.21,1.76,0.44,0.29,2.5,1.03,41.2,2.5,1.03,0.12,0.29,18.8,0.0,0.0,0.0,0.11,0.03,0.03,47.8,0.88,6.03,18.1,24.4,3.38,47.8,1.18,34.8,2.21,65.2,29.1,1.18,2.06,1.18,34.1,0.88,0.29,0.59,0.88,0.29,22.2,1.03,1.18,1.18,1.18,2.06,0.15,0.0,3.97,3.96,0.15,0.0,0.0,0.0,0.0,0.0,0.59,0.59,0.15,0.0,0.0,0.0,0.0,0.0,0.0,0.74,0.29,0.0,3.82,1.18,0.59,0.0,0.0,0.0,3.53,0.15,12.5,,,,,,,,,,,,,,,,,,,,,,,,,,,,
Alessandro Biello,ca CAN,MF,CF Montréal,17,2006,2,0,16,0.2,0.0,0.0,0.0,0.0,0.0,0.0,0.0,0.0,0.0,0.0,0.0,0.0,0.0,0.0,0.0,0.0,0.0,0.0,0.0,0.0,0.0,0.0,0.0,0.0,0.0,Matches,2024,0.2,60.0,35.0,20.0,5.0,60.0,35.0,20.0,5.0,100.0,100.0,100.0,100.0,870.0,315.0,60.0,35.0,20.0,5.0,60.0,35.0,20.0,5.0,100.0,100.0,100.0,100.0,60.0,35.0,20.0,5.0,60.0,35.0,20.0,5.0,100.0,100.0,100.0,100.0,60.0,35.0,20.0,5.0,60.0,35.0,20.0,5.0,100.0,100.0,100.0,100.0,0.0,0.0,0.0,0.0,15.0,0.0,0.0,0.0,0.0,0.0,,0.0,0.0,,,,0.0,0.0,0.0,,0.0,0.0,80.0,5.0,10.0,55.0,15.0,0.0,80.0,0.0,,0.0,,65.0,0.0,0.0,10.0,55.0,5.0,5.0,5.0,5.0,5.0,100.0,0.0,0.0,0.0,5.0,10.0,0.0,0.0,5.0,5.63,0.0,0.0,0.0,0.0,0.0,0.0,0.0,0.0,0.0,0.0,0.0,0.0,0.0,0.0,0.0,5.0,0.0,0.0,0.0,5.0,5.0,0.0,0.0,0.0,10.0,0.0,,,,,,,,,,,,,,,,,,,,,,,,,,,,,
Steve Birnbaum,us USA,DF,D.C. United,33,1991,6,4,346,3.8,0.0,0.26,0.26,0.0,0.0,0.0,0.53,0.0,0.03,0.03,0.11,0.13,0.53,2.89,0.53,0.0,0.26,0.26,0.0,0.26,0.04,0.1,0.13,0.04,0.13,Matches,2024,3.8,36.8,11.3,21.3,4.21,45.3,13.2,25.0,6.58,81.4,86.0,85.3,64.0,721.3,336.8,36.8,11.3,21.3,4.21,45.3,13.2,25.0,6.58,81.4,86.0,85.3,64.0,36.8,11.3,21.3,4.21,45.3,13.2,25.0,6.58,81.4,86.0,85.3,64.0,36.8,11.3,21.3,4.21,45.3,13.2,25.0,6.58,81.4,86.0,85.3,64.0,0.26,0.11,0.16,0.26,2.63,0.26,0.26,0.0,0.53,0.0,0.0,0.52,0.0,0.0,,14.1,0.0,0.0,0.0,0.07,-0.03,-0.03,53.7,3.95,24.2,26.6,2.89,2.37,53.7,0.26,100.0,0.0,0.0,23.7,0.0,0.26,0.26,30.8,0.53,0.0,0.26,0.53,0.0,0.0,0.79,1.05,0.0,1.05,1.58,3.68,0.0,1.05,1.04,0.26,0.0,0.0,0.0,0.0,0.0,0.26,0.26,0.26,0.0,0.0,0.0,0.0,0.0,0.0,1.58,1.05,0.0,0.26,1.05,0.26,0.0,0.0,0.0,2.89,5.79,61.1,,,,,,,,,,,,,,,,,,,,,,,,,,,,
Guilherme Biro,br BRA,DF,Austin,23,2000,31,26,2286,25.4,0.12,0.0,0.12,0.12,0.0,0.0,0.24,0.04,0.09,0.09,0.07,0.16,1.54,3.27,2.6,0.12,0.0,0.12,0.12,0.12,0.09,0.07,0.16,0.09,0.16,Matches,2024,25.4,41.1,19.3,17.2,3.82,51.6,21.6,20.7,7.01,79.6,89.6,83.0,54.5,707.9,248.3,41.1,19.3,17.2,3.82,51.6,21.6,20.7,7.01,79.6,89.6,83.0,54.5,41.1,19.3,17.2,3.82,51.6,21.6,20.7,7.01,79.6,89.6,83.0,54.5,41.1,19.3,17.2,3.82,51.6,21.6,20.7,7.01,79.6,89.6,83.0,54.5,0.0,0.06,-0.07,0.55,3.58,0.63,0.43,0.12,0.79,0.16,20.0,0.79,0.16,0.15,0.75,18.0,0.04,0.0,0.0,0.12,0.03,0.03,61.2,3.54,21.2,27.1,13.4,1.57,61.2,0.91,59.0,0.47,30.8,31.2,0.16,0.87,0.71,37.0,1.93,1.06,1.18,1.93,1.06,65.9,0.55,1.34,0.87,0.98,2.91,2.28,0.0,1.42,1.42,0.04,0.0,0.08,0.04,0.0,0.0,0.12,0.12,0.04,0.0,0.08,0.04,0.0,0.0,0.0,1.26,1.3,0.12,1.85,0.98,1.18,0.0,0.0,0.0,3.86,1.61,51.9,,,,,,,,,,,,,,,,,,,,,,,,,,,,
Tristan Blackmon,us USA,DF,Vancouver W'caps,27,1996,25,21,1886,21.0,0.0,0.05,0.05,0.0,0.0,0.0,0.19,0.0,0.04,0.04,0.02,0.06,0.57,3.86,0.57,0.0,0.05,0.05,0.0,0.05,0.04,0.02,0.06,0.04,0.06,Matches,2024,21.0,56.6,16.5,32.5,7.29,65.7,17.8,35.5,11.0,86.2,93.0,91.4,65.9,1142.0,434.1,56.6,16.5,32.5,7.29,65.7,17.8,35.5,11.0,86.2,93.0,91.4,65.9,56.6,16.5,32.5,7.29,65.7,17.8,35.5,11.0,86.2,93.0,91.4,65.9,56.6,16.5,32.5,7.29,65.7,17.8,35.5,11.0,86.2,93.0,91.4,65.9,0.05,0.04,0.02,0.48,4.24,0.1,0.05,0.0,0.43,0.05,11.1,0.43,0.05,0.0,0.0,11.0,0.0,0.0,0.0,0.09,-0.04,-0.04,74.2,6.52,35.0,33.3,6.24,1.43,74.2,0.1,66.7,0.05,33.3,41.8,0.05,0.38,0.19,51.1,0.52,0.24,0.38,0.52,0.24,83.3,0.05,0.86,0.38,0.95,1.48,4.19,0.0,1.29,1.29,0.05,0.0,0.05,0.0,0.0,0.0,0.05,0.05,0.05,0.0,0.05,0.0,0.0,0.0,0.0,0.43,0.38,0.1,0.33,0.95,0.38,0.0,0.0,0.0,3.48,1.81,54.3,,,,,,,,,,,,,,,,,,,,,,,,,,,,
Andre Blake,jm JAM,GK,Philadelphia Union,33,1990,14,14,1112,12.4,0.0,0.0,0.0,0.0,0.0,0.0,0.08,0.0,0.0,0.0,0.0,0.0,0.0,0.0,0.0,0.0,0.0,0.0,0.0,0.0,0.0,0.0,0.0,0.0,0.0,Matches,2024,12.4,17.3,2.9,8.63,5.73,23.1,2.98,9.11,10.9,74.6,97.3,94.7,52.6,476.2,355.8,17.3,2.9,8.63,5.73,23.1,2.98,9.11,10.9,74.6,97.3,94.7,52.6,17.3,2.9,8.63,5.73,23.1,2.98,9.11,10.9,74.6,97.3,94.7,52.6,17.3,2.9,8.63,5.73,23.1,2.98,9.11,10.9,74.6,97.3,94.7,52.6,0.0,0.0,0.0,0.08,0.08,0.0,0.0,0.0,0.0,0.0,,0.0,0.0,,,,0.0,0.0,0.0,,0.0,0.0,25.5,23.1,25.2,0.24,0.0,0.0,25.5,0.0,,0.0,,13.5,0.0,0.0,0.0,8.06,0.16,0.16,0.08,0.16,0.16,100.0,0.0,0.0,0.0,0.0,0.16,0.16,0.08,0.08,0.08,0.0,0.0,0.0,0.0,0.0,0.0,0.0,0.0,0.0,0.0,0.0,0.0,0.0,0.0,0.0,0.0,0.32,0.0,0.0,0.0,0.08,0.0,0.0,0.0,1.53,0.24,100.0,1.13,0.0,0.16,0.08,1.25,0.3,0.2,0.2,16.3,4.27,26.2,54.1,29.5,42.7,12.7,26.2,54.1,29.5,42.7,12.7,14.3,0.65,4.5,0.56,0.57,29.5,42.7,12.7
Latif Blessing,gh GHA,"FW,MF",Houston Dynamo,27,1996,27,12,986,11.0,0.45,0.09,0.55,0.45,0.0,0.0,0.09,0.0,0.52,0.52,0.19,0.71,1.91,2.0,5.0,0.46,0.09,0.55,0.46,0.55,0.52,0.19,0.71,0.52,0.71,Matches,2024,11.0,23.1,14.5,6.82,0.64,29.0,16.1,8.73,1.36,79.6,90.4,78.1,46.7,308.3,56.9,23.1,14.5,6.82,0.64,29.0,16.1,8.73,1.36,79.6,90.4,78.1,46.7,23.1,14.5,6.82,0.64,29.0,16.1,8.73,1.36,79.6,90.4,78.1,46.7,23.1,14.5,6.82,0.64,29.0,16.1,8.73,1.36,79.6,90.4,78.1,46.7,0.09,0.11,-0.1,1.18,1.0,0.55,0.0,0.45,1.82,0.64,35.0,1.83,0.64,0.25,0.71,11.5,0.0,0.0,0.0,0.29,-0.06,-0.06,38.7,0.73,6.36,18.9,13.5,3.73,38.7,0.27,20.0,1.0,73.3,23.9,0.64,1.82,1.36,27.3,1.64,0.27,1.27,1.64,0.27,21.4,1.0,0.64,0.64,0.82,2.45,0.73,0.09,2.18,2.19,0.09,0.0,0.09,0.09,0.09,0.09,0.27,0.27,0.09,0.0,0.09,0.09,0.09,0.09,0.0,1.45,1.91,0.73,0.27,0.82,1.27,0.0,0.0,0.0,4.91,1.18,44.8,,,,,,,,,,,,,,,,,,,,,,,,,,,,
Njabulo Blom,za RSA,MF,St. Louis,24,1999,16,11,877,9.7,0.1,0.0,0.1,0.1,0.0,0.0,0.41,0.0,0.01,0.01,0.01,0.02,1.03,4.54,1.44,0.1,0.0,0.1,0.1,0.1,0.01,0.01,0.02,0.01,0.02,Matches,2024,9.7,34.0,19.6,12.5,1.55,41.2,22.1,14.2,2.78,82.5,88.8,87.7,55.6,520.5,174.0,34.0,19.6,12.5,1.55,41.2,22.1,14.2,2.78,82.5,88.8,87.7,55.6,34.0,19.6,12.5,1.55,41.2,22.1,14.2,2.78,82.5,88.8,87.7,55.6,34.0,19.6,12.5,1.55,41.2,22.1,14.2,2.78,82.5,88.8,87.7,55.6,0.0,0.03,-0.01,0.31,3.92,0.21,0.0,0.1,0.31,0.21,66.7,0.31,0.21,0.33,0.5,24.2,0.0,0.0,0.0,0.02,0.09,0.09,48.4,0.93,10.7,29.6,9.28,0.52,48.4,0.62,75.0,0.21,25.0,25.8,0.21,1.44,0.93,29.3,1.65,0.82,1.24,1.65,0.82,44.4,1.03,0.93,0.72,1.65,3.3,0.31,0.1,1.75,1.75,0.0,0.0,0.1,0.0,0.1,0.0,0.1,0.1,0.0,0.0,0.1,0.0,0.1,0.0,0.0,1.34,1.13,0.0,0.72,1.65,1.24,0.0,0.0,0.0,6.49,0.62,75.0,,,,,,,,,,,,,,,,,,,,,,,,,,,,
Emmanuel Boateng,gh GHA,FW,NE Revolution,30,1994,23,8,706,7.8,0.26,0.26,0.51,0.26,0.0,0.0,0.38,0.0,0.19,0.19,0.17,0.36,2.05,2.31,10.1,0.25,0.25,0.51,0.25,0.51,0.19,0.17,0.36,0.19,0.36,Matches,2024,7.8,22.8,12.7,7.82,1.54,31.5,15.3,10.0,3.21,72.4,83.2,78.2,48.0,355.4,95.3,22.8,12.7,7.82,1.54,31.5,15.3,10.0,3.21,72.4,83.2,78.2,48.0,22.8,12.7,7.82,1.54,31.5,15.3,10.0,3.21,72.4,83.2,78.2,48.0,22.8,12.7,7.82,1.54,31.5,15.3,10.0,3.21,72.4,83.2,78.2,48.0,0.26,0.09,0.09,1.15,1.79,1.28,0.64,0.26,1.54,0.77,50.0,1.53,0.76,0.17,0.33,14.0,0.0,0.0,0.0,0.12,0.06,0.06,43.5,1.03,5.26,17.8,20.5,3.59,43.5,0.64,38.5,1.03,61.5,27.4,0.64,2.44,1.28,30.6,1.79,0.38,0.9,1.79,0.38,50.0,0.38,1.79,1.67,1.03,2.82,0.77,0.0,2.31,2.29,0.0,0.0,0.0,0.0,0.0,0.0,0.26,0.25,0.0,0.0,0.0,0.0,0.0,0.0,0.0,1.54,0.77,0.0,4.1,1.03,0.9,0.0,0.0,0.0,3.85,0.64,38.5,,,,,,,,,,,,,,,,,,,,,,,,,,,,
Isaac Boehmer,us USA,GK,Vancouver W'caps,22,2001,1,1,90,1.0,0.0,0.0,0.0,0.0,0.0,0.0,0.0,0.0,0.0,0.0,0.0,0.0,0.0,0.0,0.0,0.0,0.0,0.0,0.0,0.0,0.0,0.0,0.0,0.0,0.0,Matches,2024,1.0,17.0,3.0,9.0,5.0,36.0,3.0,9.0,23.0,47.2,100.0,100.0,21.7,559.0,416.0,17.0,3.0,9.0,5.0,36.0,3.0,9.0,23.0,47.2,100.0,100.0,21.7,17.0,3.0,9.0,5.0,36.0,3.0,9.0,23.0,47.2,100.0,100.0,21.7,17.0,3.0,9.0,5.0,36.0,3.0,9.0,23.0,47.2,100.0,100.0,21.7,0.0,0.0,0.0,0.0,0.0,0.0,0.0,0.0,0.0,0.0,,0.0,0.0,,,,0.0,0.0,0.0,,0.0,0.0,38.0,30.0,38.0,0.0,0.0,0.0,38.0,0.0,,0.0,,21.0,0.0,0.0,0.0,15.0,0.0,0.0,0.0,0.0,0.0,0.0,1.0,0.0,0.0,0.0,0.0,0.0,0.0,0.0,0.0,0.0,0.0,0.0,0.0,0.0,0.0,0.0,0.0,0.0,0.0,0.0,0.0,0.0,0.0,0.0,0.0,1.0,0.0,0.0,0.0,0.0,0.0,0.0,1.0,0.0,0.0,,2.0,0.0,0.0,1.0,1.6,0.26,0.6,0.57,27.0,2.0,51.9,100.0,39.7,66.6,15.7,51.9,100.0,39.7,66.6,15.7,22.0,0.0,0.0,0.0,0.0,39.7,66.6,15.7
Mateusz Bogusz,pl POL,FW,LAFC,22,2001,32,31,2610,29.0,0.52,0.21,0.72,0.52,0.0,0.0,0.21,0.0,0.29,0.29,0.19,0.47,2.48,4.55,6.97,0.52,0.21,0.72,0.52,0.72,0.28,0.19,0.47,0.28,0.47,Matches,2024,29.0,29.4,13.8,11.4,3.38,37.5,15.8,13.5,5.9,78.6,87.4,84.7,57.3,508.3,126.3,29.4,13.8,11.4,3.38,37.5,15.8,13.5,5.9,78.6,87.4,84.7,57.3,29.4,13.8,11.4,3.38,37.5,15.8,13.5,5.9,78.6,87.4,84.7,57.3,29.4,13.8,11.4,3.38,37.5,15.8,13.5,5.9,78.6,87.4,84.7,57.3,0.21,0.18,0.02,2.28,2.79,1.62,0.17,0.52,2.93,1.31,44.7,2.93,1.31,0.18,0.39,19.4,0.21,0.0,0.0,0.1,0.23,0.23,47.4,0.31,3.72,20.7,23.6,3.31,47.4,1.07,46.3,1.14,49.3,29.3,0.48,2.17,1.31,33.9,1.28,0.45,0.72,1.28,0.45,32.5,0.93,0.28,0.28,0.34,1.62,0.28,0.0,4.17,4.17,0.21,0.0,0.24,0.03,0.1,0.0,0.34,0.34,0.21,0.0,0.24,0.03,0.1,0.0,0.0,1.38,1.03,0.34,3.9,0.34,0.72,0.0,0.0,0.0,3.41,0.28,32.0,,,,,,,,,,,,,,,,,,,,,,,,,,,,
Moïse Bombito,ca CAN,DF,Colorado Rapids,23,2000,18,17,1548,17.2,0.12,0.0,0.12,0.12,0.0,0.0,0.17,0.0,0.05,0.05,0.01,0.06,0.7,4.53,0.52,0.12,0.0,0.12,0.12,0.12,0.05,0.0,0.06,0.05,0.06,Matches,2024,17.2,42.0,12.9,23.4,4.94,49.6,14.8,25.9,7.5,84.6,87.1,90.4,65.9,834.1,310.3,42.0,12.9,23.4,4.94,49.6,14.8,25.9,7.5,84.6,87.1,90.4,65.9,42.0,12.9,23.4,4.94,49.6,14.8,25.9,7.5,84.6,87.1,90.4,65.9,42.0,12.9,23.4,4.94,49.6,14.8,25.9,7.5,84.6,87.1,90.4,65.9,0.0,0.03,-0.01,0.12,4.24,0.23,0.0,0.12,0.64,0.29,45.5,0.64,0.29,0.18,0.4,12.7,0.0,0.0,0.0,0.08,0.06,0.06,59.7,5.81,24.5,32.3,3.37,1.4,59.7,0.23,57.1,0.17,42.9,34.9,0.06,0.76,0.17,36.3,1.86,1.05,1.16,1.86,1.05,75.0,0.35,0.81,0.23,1.16,3.02,4.07,0.06,0.81,0.81,0.0,0.0,0.06,0.0,0.0,0.0,0.06,0.06,0.0,0.0,0.06,0.0,0.0,0.0,0.0,0.99,0.47,0.0,0.12,1.16,1.16,0.0,0.0,0.0,5.0,2.21,60.3,,,,,,,,,,,,,,,,,,,,,,,,,,,,
Alex Bono,us USA,GK,D.C. United,29,1994,29,29,2610,29.0,0.0,0.0,0.0,0.0,0.0,0.0,0.0,0.0,0.0,0.0,0.0,0.0,0.0,0.14,0.0,0.0,0.0,0.0,0.0,0.0,0.0,0.0,0.0,0.0,0.0,Matches,2024,29.0,22.9,2.76,7.59,12.5,36.4,2.79,7.83,25.5,62.8,98.8,96.9,49.0,852.3,745.2,22.9,2.76,7.59,12.5,36.4,2.79,7.83,25.5,62.8,98.8,96.9,49.0,22.9,2.76,7.59,12.5,36.4,2.79,7.83,25.5,62.8,98.8,96.9,49.0,22.9,2.76,7.59,12.5,36.4,2.79,7.83,25.5,62.8,98.8,96.9,49.0,0.0,0.01,0.0,0.0,2.41,0.0,0.0,0.0,0.0,0.0,,0.0,0.0,,,,0.0,0.0,0.0,,0.0,0.0,38.7,26.8,37.3,1.34,0.0,0.0,38.7,0.0,0.0,0.03,100.0,21.4,0.0,0.03,0.0,15.6,0.07,0.07,0.0,0.07,0.07,66.7,0.03,0.0,0.0,0.0,0.07,0.59,0.03,0.24,0.24,0.0,0.0,0.0,0.0,0.0,0.0,0.0,0.0,0.0,0.0,0.0,0.0,0.0,0.0,0.0,0.0,0.1,0.0,0.0,0.0,0.0,0.0,0.0,0.0,1.76,0.21,100.0,1.9,0.1,0.21,0.07,1.72,0.37,-0.11,-0.11,29.7,3.79,56.2,87.4,41.2,58.9,19.6,56.2,87.4,41.2,58.9,19.6,12.0,0.48,4.0,2.0,2.0,41.2,58.9,19.6
Shanyder Borgelin,ht HAI,"FW,MF",Inter Miami,22,2001,6,1,137,1.5,0.0,0.0,0.0,0.0,0.0,0.0,0.0,0.0,0.4,0.4,0.0,0.4,2.0,0.0,3.33,0.0,0.0,0.0,0.0,0.0,0.36,0.0,0.36,0.36,0.36,Matches,2024,1.5,10.7,6.0,2.67,0.67,20.7,10.7,3.33,2.67,51.6,56.3,80.0,25.0,138.0,3.33,10.7,6.0,2.67,0.67,20.7,10.7,3.33,2.67,51.6,56.3,80.0,25.0,10.7,6.0,2.67,0.67,20.7,10.7,3.33,2.67,51.6,56.3,80.0,25.0,10.7,6.0,2.67,0.67,20.7,10.7,3.33,2.67,51.6,56.3,80.0,25.0,0.0,0.07,0.0,0.0,0.67,0.0,0.0,0.0,2.0,0.0,0.0,1.97,0.0,0.0,,11.4,0.0,0.0,0.0,0.2,-0.4,-0.4,32.0,2.0,5.33,12.7,14.7,4.67,32.0,0.0,0.0,0.67,50.0,19.3,2.0,3.33,1.33,22.0,1.33,0.0,1.33,1.33,0.0,0.0,0.67,0.0,0.0,0.0,1.33,2.0,0.0,1.33,1.31,0.0,0.0,0.0,0.0,0.0,0.0,0.0,0.0,0.0,0.0,0.0,0.0,0.0,0.0,0.0,4.0,4.0,0.0,2.67,0.0,1.33,0.0,0.0,0.0,1.33,3.33,45.5,,,,,,,,,,,,,,,,,,,,,,,,,,,,
Dylan Borrero,co COL,"FW,MF",NE Revolution,22,2002,17,10,943,10.5,0.1,0.29,0.38,0.1,0.0,0.0,0.38,0.1,0.12,0.12,0.15,0.29,3.24,5.52,10.5,0.1,0.29,0.38,0.1,0.38,0.13,0.16,0.29,0.13,0.29,Matches,2024,10.5,39.6,20.2,13.9,4.67,49.8,22.9,18.0,6.67,79.5,88.3,77.2,70.0,685.6,185.8,39.6,20.2,13.9,4.67,49.8,22.9,18.0,6.67,79.5,88.3,77.2,70.0,39.6,20.2,13.9,4.67,49.8,22.9,18.0,6.67,79.5,88.3,77.2,70.0,39.6,20.2,13.9,4.67,49.8,22.9,18.0,6.67,79.5,88.3,77.2,70.0,0.29,0.14,0.13,1.52,3.52,2.19,0.57,0.1,2.67,0.86,32.1,2.67,0.86,0.04,0.11,21.0,0.0,0.0,0.0,0.05,-0.03,-0.03,61.0,0.67,8.19,26.4,27.3,3.33,61.0,1.05,40.7,1.43,55.6,36.6,1.05,2.48,0.76,48.1,0.48,0.19,0.48,0.48,0.19,25.0,0.57,0.76,0.76,1.05,1.52,0.48,0.0,2.95,2.96,0.1,0.0,0.0,0.0,0.0,0.0,0.29,0.29,0.1,0.0,0.0,0.0,0.0,0.0,0.1,0.57,0.48,0.29,3.14,1.05,0.48,0.0,0.0,0.0,4.86,0.1,16.7,,,,,,,,,,,,,,,,,,,,,,,,,,,,
Denis Bouanga,ga GAB,FW,LAFC,29,1994,32,30,2753,30.6,0.65,0.29,0.95,0.42,0.23,0.26,0.1,0.0,0.69,0.48,0.32,0.81,5.42,2.52,10.2,0.65,0.29,0.95,0.42,0.72,0.69,0.32,1.01,0.48,0.81,Matches,2024,30.6,16.0,8.66,5.1,1.67,23.7,10.8,7.32,3.27,67.6,80.3,69.6,51.0,259.2,68.9,16.0,8.66,5.1,1.67,23.7,10.8,7.32,3.27,67.6,80.3,69.6,51.0,16.0,8.66,5.1,1.67,23.7,10.8,7.32,3.27,67.6,80.3,69.6,51.0,16.0,8.66,5.1,1.67,23.7,10.8,7.32,3.27,67.6,80.3,69.6,51.0,0.29,0.21,-0.03,1.8,0.82,1.11,0.1,0.65,4.71,1.63,34.7,4.71,1.63,0.09,0.26,18.7,0.2,0.23,0.26,0.1,-0.04,-0.06,42.5,0.65,3.66,11.8,28.3,8.66,42.3,2.97,37.4,4.61,58.0,27.7,3.43,3.56,1.7,29.8,1.05,0.39,0.65,1.05,0.39,36.4,0.69,0.78,0.78,0.26,1.31,0.42,0.0,5.1,5.1,1.24,0.26,0.33,0.16,0.03,0.03,0.92,0.92,1.24,0.26,0.33,0.16,0.03,0.03,0.0,1.5,0.82,0.52,2.91,0.26,0.65,0.16,0.0,0.03,4.05,0.62,39.6,,,,,,,,,,,,,,,,,,,,,,,,,,,,
Ousseni Bouda,bf BFA,FW,SJ Earthquakes,23,2000,12,3,374,4.2,0.24,0.0,0.24,0.24,0.0,0.0,0.24,0.0,0.19,0.19,0.05,0.24,1.9,1.67,7.86,0.24,0.0,0.24,0.24,0.24,0.2,0.04,0.24,0.2,0.24,Matches,2024,4.2,18.1,10.5,6.43,0.71,23.3,12.1,7.38,1.67,77.6,86.3,87.1,42.9,248.3,30.5,18.1,10.5,6.43,0.71,23.3,12.1,7.38,1.67,77.6,86.3,87.1,42.9,18.1,10.5,6.43,0.71,23.3,12.1,7.38,1.67,77.6,86.3,87.1,42.9,18.1,10.5,6.43,0.71,23.3,12.1,7.38,1.67,77.6,86.3,87.1,42.9,0.0,0.02,-0.05,0.24,0.71,0.24,0.0,0.24,2.38,0.71,30.0,2.41,0.72,0.1,0.33,15.1,0.0,0.0,0.0,0.08,0.05,0.05,35.0,1.43,3.33,18.3,13.6,3.1,35.0,0.95,57.1,0.71,42.9,20.7,0.48,3.81,0.95,25.5,0.71,0.48,0.48,0.71,0.48,66.7,0.24,0.48,0.48,0.24,0.95,1.67,0.0,0.95,0.97,0.0,0.0,0.0,0.0,0.0,0.0,0.0,0.0,0.0,0.0,0.0,0.0,0.0,0.0,0.0,3.57,1.43,0.71,1.19,0.24,0.48,0.0,0.0,0.0,2.62,1.43,40.0,,,,,,,,,,,,,,,,,,,,,,,,,,,,
Aaron Boupendza,ga GAB,"FW,MF",FC Cincinnati,27,1996,14,5,553,6.1,0.33,0.16,0.49,0.33,0.0,0.0,0.33,0.0,0.38,0.38,0.05,0.43,1.15,1.31,6.72,0.33,0.16,0.49,0.33,0.49,0.38,0.04,0.42,0.38,0.42,Matches,2024,6.1,15.6,9.67,4.26,0.66,23.0,13.0,6.39,1.48,67.9,74.7,66.7,44.4,211.3,55.2,15.6,9.67,4.26,0.66,23.0,13.0,6.39,1.48,67.9,74.7,66.7,44.4,15.6,9.67,4.26,0.66,23.0,13.0,6.39,1.48,67.9,74.7,66.7,44.4,15.6,9.67,4.26,0.66,23.0,13.0,6.39,1.48,67.9,74.7,66.7,44.4,0.16,0.05,0.11,0.82,1.48,0.16,0.0,0.33,2.95,1.48,50.0,2.93,1.46,0.11,0.22,19.0,0.16,0.0,0.0,0.13,-0.05,-0.05,35.9,1.31,3.28,15.1,17.7,3.93,35.9,1.31,47.1,0.98,35.3,20.7,0.66,3.77,1.48,26.9,0.66,0.16,0.33,0.66,0.16,14.3,0.98,0.66,0.33,0.49,1.15,0.98,0.0,1.8,1.79,0.16,0.0,0.16,0.0,0.0,0.0,0.0,0.0,0.16,0.0,0.16,0.0,0.0,0.0,0.0,1.15,1.31,1.15,0.49,0.49,0.33,0.0,0.0,0.0,2.95,2.13,39.4,,,,,,,,,,,,,,,,,,,,,,,,,,,,
Giuseppe Bovalina,au AUS,"DF,FW",Vancouver W'caps,19,2004,11,1,173,1.9,0.0,0.0,0.0,0.0,0.0,0.0,0.0,0.0,0.21,0.21,0.0,0.26,1.58,1.05,8.42,0.0,0.0,0.0,0.0,0.0,0.23,0.02,0.25,0.23,0.25,Matches,2024,1.9,18.9,9.47,5.26,3.68,28.9,12.1,8.42,5.26,65.5,78.3,62.5,70.0,342.6,110.5,18.9,9.47,5.26,3.68,28.9,12.1,8.42,5.26,65.5,78.3,62.5,70.0,18.9,9.47,5.26,3.68,28.9,12.1,8.42,5.26,65.5,78.3,62.5,70.0,18.9,9.47,5.26,3.68,28.9,12.1,8.42,5.26,65.5,78.3,62.5,70.0,0.0,0.11,0.0,0.53,0.53,0.0,0.0,0.0,4.21,1.58,37.5,4.16,1.56,0.0,0.0,18.9,0.0,0.0,0.0,0.06,-0.21,-0.21,41.1,2.63,7.89,16.3,18.4,4.74,41.1,1.05,66.7,0.53,33.3,20.0,0.0,1.58,0.53,24.2,1.58,1.05,1.05,1.58,1.05,100.0,0.0,0.0,0.0,0.0,1.58,2.63,0.0,2.63,2.6,0.53,0.0,0.0,0.0,0.0,0.0,0.0,0.0,0.53,0.0,0.0,0.0,0.0,0.0,0.0,0.0,0.53,0.0,2.63,0.0,1.05,0.0,0.0,0.0,3.68,0.53,12.5,,,,,,,,,,,,,,,,,,,,,,,,,,,,
Michael Boxall,nz NZL,DF,Minnesota Utd,35,1988,32,32,2835,31.5,0.03,0.0,0.03,0.03,0.0,0.0,0.29,0.0,0.06,0.06,0.01,0.07,0.29,1.87,0.19,0.03,0.0,0.03,0.03,0.03,0.06,0.01,0.07,0.06,0.07,Matches,2024,31.5,32.0,11.1,16.9,3.4,38.0,12.3,18.6,5.68,84.2,90.9,90.8,59.8,615.3,234.6,32.0,11.1,16.9,3.4,38.0,12.3,18.6,5.68,84.2,90.9,90.8,59.8,32.0,11.1,16.9,3.4,38.0,12.3,18.6,5.68,84.2,90.9,90.8,59.8,32.0,11.1,16.9,3.4,38.0,12.3,18.6,5.68,84.2,90.9,90.8,59.8,0.0,0.02,-0.01,0.25,2.03,0.13,0.0,0.03,0.38,0.06,16.7,0.38,0.06,0.08,0.5,12.6,0.0,0.0,0.0,0.16,-0.03,-0.03,47.6,8.51,27.6,17.4,2.79,0.86,47.6,0.22,70.0,0.1,30.0,21.9,0.03,0.51,0.19,25.3,0.95,0.57,0.51,0.95,0.57,64.3,0.32,1.27,0.51,0.89,1.84,4.92,0.06,0.73,0.73,0.03,0.0,0.0,0.0,0.06,0.0,0.1,0.1,0.03,0.0,0.0,0.0,0.06,0.0,0.0,1.24,0.73,0.13,0.1,0.89,0.51,0.0,0.0,0.0,3.84,1.59,66.7,,,,,,,,,,,,,,,,,,,,,,,,,,,,
Tyler Boyd,us USA,"FW,MF",Nashville SC,29,1994,21,13,1133,12.6,0.16,0.16,0.32,0.16,0.0,0.0,0.16,0.0,0.15,0.15,0.1,0.25,2.54,3.41,5.16,0.16,0.16,0.32,0.16,0.32,0.15,0.1,0.25,0.15,0.25,Matches,2024,12.6,21.2,11.8,6.19,2.62,28.7,14.2,7.62,4.52,73.8,83.2,81.3,57.9,359.8,98.0,21.2,11.8,6.19,2.62,28.7,14.2,7.62,4.52,73.8,83.2,81.3,57.9,21.2,11.8,6.19,2.62,28.7,14.2,7.62,4.52,73.8,83.2,81.3,57.9,21.2,11.8,6.19,2.62,28.7,14.2,7.62,4.52,73.8,83.2,81.3,57.9,0.16,0.16,0.06,1.03,2.62,1.11,0.24,0.16,1.35,0.63,47.1,1.35,0.64,0.12,0.25,18.3,0.0,0.0,0.0,0.11,0.01,0.01,39.2,0.63,6.43,19.0,14.6,2.62,39.2,1.27,42.1,1.59,52.6,24.4,0.63,2.3,1.59,27.5,1.11,0.79,0.95,1.11,0.79,43.5,1.03,0.87,0.79,0.4,1.51,0.48,0.0,2.7,2.71,0.16,0.0,0.24,0.08,0.08,0.08,0.48,0.48,0.16,0.0,0.24,0.08,0.08,0.08,0.0,1.03,1.11,0.16,1.75,0.4,0.95,0.08,0.0,0.0,4.44,0.79,58.8,,,,,,,,,,,,,,,,,,,,,,,,,,,,
Chris Brady,us USA,GK,Chicago Fire,19,2004,33,33,2970,33.0,0.0,0.03,0.03,0.0,0.0,0.0,0.06,0.0,0.0,0.0,0.0,0.0,0.0,0.03,0.0,0.0,0.03,0.03,0.0,0.03,0.0,0.0,0.0,0.0,0.0,Matches,2024,33.0,20.0,3.58,10.4,5.82,28.1,3.61,10.7,13.6,71.2,99.2,97.5,42.9,538.8,383.6,20.0,3.58,10.4,5.82,28.1,3.61,10.7,13.6,71.2,99.2,97.5,42.9,20.0,3.58,10.4,5.82,28.1,3.61,10.7,13.6,71.2,99.2,97.5,42.9,20.0,3.58,10.4,5.82,28.1,3.61,10.7,13.6,71.2,99.2,97.5,42.9,0.03,0.0,0.03,0.03,0.24,0.0,0.0,0.0,0.0,0.0,,0.0,0.0,,,,0.0,0.0,0.0,,0.0,0.0,30.8,25.6,30.5,0.33,0.0,0.0,30.8,0.0,,0.0,,15.3,0.0,0.03,0.0,11.3,0.0,0.0,0.0,0.0,0.0,0.0,0.06,0.0,0.0,0.0,0.0,0.61,0.12,0.12,0.12,0.0,0.0,0.0,0.0,0.0,0.0,0.03,0.03,0.0,0.0,0.0,0.0,0.0,0.0,0.0,0.03,0.03,0.0,0.0,0.0,0.0,0.0,0.03,0.0,0.76,0.15,100.0,1.85,0.24,0.06,0.03,1.72,0.31,-0.09,-0.09,20.4,4.82,30.7,53.4,32.3,43.4,14.6,30.7,53.4,32.3,43.4,14.6,11.1,0.76,6.8,0.94,0.94,32.3,43.4,14.6
Alejandro Bran,cr CRC,MF,Minnesota Utd,22,2001,11,6,430,4.8,0.21,0.0,0.21,0.21,0.0,0.0,0.63,0.0,0.17,0.17,0.02,0.17,0.63,4.58,2.08,0.21,0.0,0.21,0.21,0.21,0.17,0.01,0.18,0.17,0.18,Matches,2024,4.8,36.0,17.9,12.1,4.58,44.2,19.2,14.4,7.5,81.6,93.5,84.1,61.1,628.5,168.3,36.0,17.9,12.1,4.58,44.2,19.2,14.4,7.5,81.6,93.5,84.1,61.1,36.0,17.9,12.1,4.58,44.2,19.2,14.4,7.5,81.6,93.5,84.1,61.1,36.0,17.9,12.1,4.58,44.2,19.2,14.4,7.5,81.6,93.5,84.1,61.1,0.0,0.02,-0.02,0.42,4.58,0.42,0.0,0.21,1.67,0.42,25.0,1.67,0.42,0.13,0.5,25.8,0.0,0.0,0.0,0.1,0.04,0.04,54.4,0.83,11.5,32.1,11.7,1.04,54.4,0.21,50.0,0.21,50.0,34.4,0.0,2.29,0.83,39.6,1.46,0.83,0.63,1.46,0.83,44.4,1.04,1.46,1.25,1.04,2.5,0.63,0.0,1.25,1.26,0.0,0.0,0.0,0.0,0.0,0.0,0.0,0.0,0.0,0.0,0.0,0.0,0.0,0.0,0.0,2.08,2.29,0.21,1.25,1.04,0.63,0.0,0.0,0.21,5.0,1.25,54.5,,,,,,,,,,,,,,,,,,,,,,,,,,,,
Claudio Bravo,ar ARG,DF,Portland Timbers,26,1997,22,19,1593,17.7,0.0,0.11,0.11,0.0,0.0,0.0,0.17,0.0,0.02,0.02,0.03,0.05,2.49,4.8,3.67,0.0,0.11,0.11,0.0,0.11,0.01,0.04,0.05,0.01,0.05,Matches,2024,17.7,43.2,19.1,18.6,4.52,56.3,21.8,22.2,8.87,76.6,87.6,84.0,51.0,772.8,304.2,43.2,19.1,18.6,4.52,56.3,21.8,22.2,8.87,76.6,87.6,84.0,51.0,43.2,19.1,18.6,4.52,56.3,21.8,22.2,8.87,76.6,87.6,84.0,51.0,43.2,19.1,18.6,4.52,56.3,21.8,22.2,8.87,76.6,87.6,84.0,51.0,0.11,0.08,0.08,0.62,4.52,0.9,0.4,0.0,0.56,0.0,0.0,0.56,0.0,0.0,,21.0,0.0,0.0,0.0,0.03,-0.02,-0.02,69.7,4.41,21.0,36.2,13.2,0.62,69.7,1.13,54.1,0.9,43.2,34.4,0.17,1.07,0.79,39.0,3.45,1.86,2.09,3.45,1.86,47.1,2.09,2.49,1.98,1.47,4.92,2.88,0.06,1.86,1.87,0.0,0.0,0.06,0.0,0.17,0.0,0.17,0.17,0.0,0.0,0.06,0.0,0.17,0.0,0.0,1.47,0.79,0.0,2.82,1.47,2.09,0.0,0.06,0.0,5.65,0.62,47.8,,,,,,,,,,,,,,,,,,,,,,,,,,,,
David Brekalo,si SVN,DF,Orlando City,25,1998,19,12,1131,12.6,0.08,0.0,0.08,0.08,0.0,0.0,0.08,0.0,0.1,0.1,0.0,0.11,0.63,3.25,0.16,0.08,0.0,0.08,0.08,0.08,0.11,0.0,0.11,0.11,0.11,Matches,2024,12.6,42.1,16.8,21.4,3.49,49.4,18.1,23.6,6.59,85.1,93.0,90.9,53.0,764.8,283.7,42.1,16.8,21.4,3.49,49.4,18.1,23.6,6.59,85.1,93.0,90.9,53.0,42.1,16.8,21.4,3.49,49.4,18.1,23.6,6.59,85.1,93.0,90.9,53.0,42.1,16.8,21.4,3.49,49.4,18.1,23.6,6.59,85.1,93.0,90.9,53.0,0.0,0.02,0.0,0.16,2.62,0.0,0.0,0.08,0.63,0.24,37.5,0.64,0.24,0.13,0.33,8.5,0.0,0.0,0.0,0.17,-0.02,-0.02,58.5,6.43,26.8,29.0,2.94,1.03,58.5,0.32,80.0,0.08,20.0,29.6,0.0,0.32,0.08,37.9,1.51,1.03,0.32,1.51,1.03,72.2,0.4,0.95,0.56,1.43,2.94,3.25,0.0,0.63,0.64,0.0,0.0,0.0,0.0,0.08,0.0,0.0,0.0,0.0,0.0,0.0,0.0,0.08,0.0,0.0,0.79,0.56,0.0,0.0,1.43,0.32,0.0,0.0,0.0,3.41,1.98,41.0,,,,,,,,,,,,,,,,,,,,,,,,,,,,
Luke Brennan,us USA,"FW,DF",Atlanta Utd,18,2005,7,0,150,1.7,0.0,0.0,0.0,0.0,0.0,0.0,0.59,0.0,0.18,0.18,0.29,0.47,1.76,0.59,5.29,0.0,0.0,0.0,0.0,0.0,0.19,0.3,0.5,0.19,0.5,Matches,2024,1.7,12.4,7.06,2.94,1.18,15.3,8.24,3.53,1.76,80.8,85.7,83.3,66.7,187.6,13.5,12.4,7.06,2.94,1.18,15.3,8.24,3.53,1.76,80.8,85.7,83.3,66.7,12.4,7.06,2.94,1.18,15.3,8.24,3.53,1.76,80.8,85.7,83.3,66.7,12.4,7.06,2.94,1.18,15.3,8.24,3.53,1.76,80.8,85.7,83.3,66.7,0.0,0.35,-0.29,1.18,1.18,0.0,0.0,0.0,1.18,0.0,0.0,1.2,0.0,0.0,,15.4,0.0,0.0,0.0,0.16,-0.18,-0.18,30.0,0.0,1.76,13.5,15.9,2.94,30.0,2.35,28.6,5.29,64.3,21.2,0.59,4.12,2.94,19.4,0.59,0.59,0.59,0.59,0.59,50.0,0.59,1.18,1.18,0.0,0.59,0.0,0.0,2.35,2.4,0.0,0.0,0.59,0.0,0.0,0.0,0.0,0.0,0.0,0.0,0.59,0.0,0.0,0.0,0.0,2.94,2.35,0.59,1.76,0.0,0.59,0.0,0.0,0.0,4.71,0.0,0.0,,,,,,,,,,,,,,,,,,,,,,,,,,,,
Sebastian Breza,ca CAN,GK,CF Montréal,25,1998,1,1,90,1.0,0.0,0.0,0.0,0.0,0.0,0.0,0.0,0.0,0.0,0.0,0.0,0.0,0.0,0.0,0.0,0.0,0.0,0.0,0.0,0.0,0.0,0.0,0.0,0.0,0.0,Matches,2024,1.0,16.0,3.0,8.0,4.0,37.0,3.0,8.0,25.0,43.2,100.0,100.0,16.0,439.0,311.0,16.0,3.0,8.0,4.0,37.0,3.0,8.0,25.0,43.2,100.0,100.0,16.0,16.0,3.0,8.0,4.0,37.0,3.0,8.0,25.0,43.2,100.0,100.0,16.0,16.0,3.0,8.0,4.0,37.0,3.0,8.0,25.0,43.2,100.0,100.0,16.0,0.0,0.0,0.0,0.0,1.0,0.0,0.0,0.0,0.0,0.0,,0.0,0.0,,,,0.0,0.0,0.0,,0.0,0.0,42.0,39.0,42.0,0.0,0.0,0.0,42.0,0.0,,0.0,,14.0,0.0,0.0,0.0,9.0,0.0,0.0,0.0,0.0,0.0,,0.0,0.0,0.0,0.0,0.0,1.0,0.0,0.0,0.0,0.0,0.0,0.0,0.0,0.0,0.0,0.0,0.0,0.0,0.0,0.0,0.0,0.0,0.0,0.0,1.0,0.0,0.0,0.0,0.0,0.0,0.0,1.0,0.0,0.0,0.0,,2.0,1.0,0.0,0.0,2.8,0.18,0.8,0.75,20.0,4.0,60.0,58.8,41.1,40.5,4.5,60.0,58.8,41.1,40.5,4.5,28.0,0.0,0.0,0.0,0.0,41.1,40.5,4.5
Yannick Bright,it ITA,MF,Inter Miami,22,2001,23,14,1408,15.6,0.0,0.13,0.13,0.0,0.0,0.0,0.26,0.0,0.01,0.01,0.04,0.05,0.26,3.14,0.71,0.0,0.13,0.13,0.0,0.13,0.01,0.04,0.05,0.01,0.05,Matches,2024,15.6,42.5,21.2,17.6,2.24,49.0,23.1,19.4,3.65,86.7,91.4,91.1,61.4,680.1,172.4,42.5,21.2,17.6,2.24,49.0,23.1,19.4,3.65,86.7,91.4,91.1,61.4,42.5,21.2,17.6,2.24,49.0,23.1,19.4,3.65,86.7,91.4,91.1,61.4,42.5,21.2,17.6,2.24,49.0,23.1,19.4,3.65,86.7,91.4,91.1,61.4,0.13,0.02,0.09,0.45,3.33,0.13,0.0,0.0,0.19,0.0,0.0,0.19,0.0,0.0,,21.2,0.0,0.0,0.0,0.07,-0.01,-0.01,61.7,4.36,18.7,37.6,5.96,0.26,61.7,0.58,37.5,0.9,58.3,30.4,0.06,1.28,0.83,39.7,3.14,1.35,2.18,3.14,1.35,45.7,1.6,1.99,1.15,2.05,5.19,2.31,0.0,1.54,1.53,0.0,0.0,0.06,0.0,0.13,0.0,0.32,0.32,0.0,0.0,0.06,0.0,0.13,0.0,0.0,2.05,1.67,0.06,0.0,2.05,2.18,0.0,0.06,0.0,6.47,1.15,64.3,,,,,,,,,,,,,,,,,,,,,,,,,,,,
Andrew Brody,us USA,DF,Real Salt Lake,28,1995,33,23,2108,23.4,0.0,0.04,0.04,0.0,0.0,0.0,0.0,0.0,0.02,0.02,0.04,0.06,1.97,4.91,2.22,0.0,0.04,0.04,0.0,0.04,0.02,0.04,0.06,0.02,0.06,Matches,2024,23.4,55.1,27.4,23.3,3.68,64.4,30.0,27.0,5.64,85.5,91.2,86.4,65.2,898.2,286.8,55.1,27.4,23.3,3.68,64.4,30.0,27.0,5.64,85.5,91.2,86.4,65.2,55.1,27.4,23.3,3.68,64.4,30.0,27.0,5.64,85.5,91.2,86.4,65.2,55.1,27.4,23.3,3.68,64.4,30.0,27.0,5.64,85.5,91.2,86.4,65.2,0.04,0.06,0.0,0.64,4.19,0.6,0.34,0.0,0.3,0.04,14.3,0.3,0.04,0.0,0.0,17.1,0.0,0.0,0.0,0.06,-0.02,-0.02,72.6,3.55,20.1,37.9,15.0,0.43,72.6,0.51,41.4,0.73,58.6,39.3,0.04,0.51,0.21,45.4,0.85,0.38,0.68,0.85,0.38,37.5,0.64,0.85,0.38,1.15,2.01,2.35,0.04,1.45,1.45,0.04,0.0,0.0,0.0,0.0,0.0,0.09,0.09,0.04,0.0,0.0,0.0,0.0,0.0,0.0,0.09,0.38,0.09,1.03,1.15,0.68,0.0,0.0,0.04,4.1,1.03,48.0,,,,,,,,,,,,,,,,,,,,,,,,,,,,
Brandt Bronico,us USA,MF,Charlotte,28,1995,25,19,1734,19.3,0.05,0.26,0.31,0.05,0.0,0.0,0.21,0.0,0.11,0.11,0.16,0.26,1.24,2.69,5.49,0.05,0.26,0.31,0.05,0.31,0.11,0.16,0.26,0.11,0.26,Matches,2024,19.3,20.5,9.53,8.81,1.35,27.0,11.7,10.7,2.64,75.8,81.8,82.1,51.0,338.2,78.2,20.5,9.53,8.81,1.35,27.0,11.7,10.7,2.64,75.8,81.8,82.1,51.0,20.5,9.53,8.81,1.35,27.0,11.7,10.7,2.64,75.8,81.8,82.1,51.0,20.5,9.53,8.81,1.35,27.0,11.7,10.7,2.64,75.8,81.8,82.1,51.0,0.26,0.08,0.1,0.93,2.18,0.57,0.05,0.05,1.04,0.21,20.0,1.04,0.21,0.05,0.25,16.3,0.0,0.0,0.0,0.1,-0.06,-0.06,35.0,1.4,6.94,17.0,11.4,2.59,35.0,0.21,23.5,0.57,64.7,17.5,0.31,0.78,0.57,22.6,1.4,0.62,0.78,1.4,0.62,42.9,0.83,1.14,0.83,0.67,2.07,1.24,0.0,1.81,1.82,0.1,0.0,0.05,0.0,0.05,0.05,0.36,0.36,0.1,0.0,0.05,0.0,0.05,0.05,0.0,1.76,0.47,0.16,0.78,0.67,0.78,0.0,0.0,0.0,2.69,0.47,39.1,,,,,,,,,,,,,,,,,,,,,,,,,,,,
Lachlan Brook,au AUS,FW,Real Salt Lake,22,2001,7,3,234,2.6,0.0,0.0,0.0,0.0,0.0,0.0,0.38,0.0,0.31,0.31,0.08,0.38,1.92,2.31,6.92,0.0,0.0,0.0,0.0,0.0,0.31,0.09,0.4,0.31,0.4,Matches,2024,2.6,25.0,13.1,7.31,3.08,32.7,15.0,8.46,6.15,76.5,87.2,86.4,50.0,410.0,104.6,25.0,13.1,7.31,3.08,32.7,15.0,8.46,6.15,76.5,87.2,86.4,50.0,25.0,13.1,7.31,3.08,32.7,15.0,8.46,6.15,76.5,87.2,86.4,50.0,25.0,13.1,7.31,3.08,32.7,15.0,8.46,6.15,76.5,87.2,86.4,50.0,0.0,0.12,-0.08,1.54,2.31,0.77,0.0,0.0,5.0,3.08,61.5,5.0,3.08,0.0,0.0,20.4,0.0,0.0,0.0,0.06,-0.31,-0.31,48.8,1.54,6.54,19.6,22.7,3.85,48.8,0.0,0.0,0.38,50.0,27.7,1.54,3.85,0.77,32.7,1.54,0.38,0.38,1.54,0.38,25.0,1.15,0.38,0.0,1.54,3.08,1.15,0.0,2.69,2.69,0.0,0.0,0.0,0.0,0.0,0.0,0.38,0.38,0.0,0.0,0.0,0.0,0.0,0.0,0.0,0.77,1.15,0.0,1.54,1.54,0.38,0.0,0.0,0.0,3.46,0.77,100.0,,,,,,,,,,,,,,,,,,,,,,,,,,,,
Javain Brown,jm JAM,DF,Vancouver W'caps,24,1999,16,11,968,10.8,0.0,0.09,0.09,0.0,0.0,0.0,0.09,0.0,0.04,0.04,0.04,0.07,0.46,2.87,3.24,0.0,0.09,0.09,0.0,0.09,0.04,0.04,0.07,0.04,0.07,Matches,2024,10.8,46.2,14.9,26.9,4.17,58.4,17.2,31.4,8.61,79.1,86.6,85.5,48.4,897.6,295.2,46.2,14.9,26.9,4.17,58.4,17.2,31.4,8.61,79.1,86.6,85.5,48.4,46.2,14.9,26.9,4.17,58.4,17.2,31.4,8.61,79.1,86.6,85.5,48.4,46.2,14.9,26.9,4.17,58.4,17.2,31.4,8.61,79.1,86.6,85.5,48.4,0.09,0.07,0.06,0.46,3.15,0.83,0.56,0.0,0.83,0.37,44.4,0.84,0.37,0.0,0.0,11.0,0.0,0.0,0.0,0.04,-0.04,-0.04,67.2,4.54,27.3,27.0,13.2,1.11,67.2,0.28,42.9,0.19,28.6,35.5,0.09,0.37,0.19,42.7,1.3,0.93,0.83,1.3,0.93,83.3,0.19,1.3,0.56,0.93,2.22,3.43,0.09,1.48,1.49,0.0,0.0,0.09,0.0,0.0,0.0,0.09,0.09,0.0,0.0,0.09,0.0,0.0,0.0,0.0,0.65,1.3,0.0,3.06,0.93,0.83,0.0,0.09,0.0,3.89,2.04,61.1,,,,,,,,,,,,,,,,,,,,,,,,,,,,
Javain Brown,jm JAM,DF,Real Salt Lake,24,1999,6,4,333,3.7,0.0,0.0,0.0,0.0,0.0,0.0,0.27,0.0,0.0,0.0,0.14,0.14,1.89,4.59,1.89,0.0,0.0,0.0,0.0,0.0,0.01,0.13,0.14,0.01,0.14,Matches,2024,3.7,43.5,16.2,21.4,5.41,56.8,18.1,24.6,12.4,76.7,89.6,86.8,43.5,843.5,270.0,43.5,16.2,21.4,5.41,56.8,18.1,24.6,12.4,76.7,89.6,86.8,43.5,43.5,16.2,21.4,5.41,56.8,18.1,24.6,12.4,76.7,89.6,86.8,43.5,43.5,16.2,21.4,5.41,56.8,18.1,24.6,12.4,76.7,89.6,86.8,43.5,0.0,0.11,-0.14,0.81,4.59,1.08,0.27,0.0,0.27,0.0,0.0,0.27,0.0,0.0,,26.8,0.0,0.0,0.0,0.04,0.0,0.0,68.6,5.68,22.2,33.2,13.2,0.27,68.6,0.0,,0.0,,25.7,0.0,0.81,0.54,38.4,1.35,0.54,0.81,1.35,0.54,66.7,0.27,1.08,0.54,0.81,2.16,6.49,0.0,1.08,1.08,0.0,0.0,0.0,0.0,0.0,0.0,0.0,0.0,0.0,0.0,0.0,0.0,0.0,0.0,0.0,1.35,0.27,0.0,2.16,0.81,0.81,0.0,0.0,0.0,2.97,2.16,80.0,,,,,,,,,,,,,,,,,,,,,,,,,,,,
Gastón Brugman,uy URU,MF,LA Galaxy,31,1992,22,12,1186,13.2,0.0,0.08,0.08,0.0,0.0,0.0,0.38,0.0,0.09,0.09,0.09,0.17,0.91,9.17,1.97,0.0,0.08,0.08,0.0,0.08,0.09,0.09,0.18,0.09,0.18,Matches,2024,13.2,68.6,33.4,26.7,5.91,76.7,36.1,28.9,7.73,89.4,92.5,92.4,76.5,1125.9,374.8,68.6,33.4,26.7,5.91,76.7,36.1,28.9,7.73,89.4,92.5,92.4,76.5,68.6,33.4,26.7,5.91,76.7,36.1,28.9,7.73,89.4,92.5,92.4,76.5,68.6,33.4,26.7,5.91,76.7,36.1,28.9,7.73,89.4,92.5,92.4,76.5,0.08,0.11,-0.02,0.98,7.12,1.29,0.15,0.0,1.52,0.45,30.0,1.52,0.46,0.0,0.0,24.7,0.3,0.0,0.0,0.06,-0.09,-0.09,88.3,3.26,20.2,51.2,17.7,0.83,88.3,0.23,30.0,0.53,70.0,51.1,0.15,0.91,0.61,66.3,2.88,1.59,1.36,2.88,1.59,65.6,0.83,1.82,0.91,2.27,5.15,1.74,0.0,2.95,2.96,0.0,0.0,0.23,0.0,0.08,0.0,0.3,0.3,0.0,0.0,0.23,0.0,0.08,0.0,0.0,2.65,1.59,0.0,0.68,2.27,1.36,0.0,0.0,0.0,5.83,0.68,47.4,,,,,,,,,,,,,,,,,,,,,,,,,,,,
Pavel Bucha,cz CZE,MF,FC Cincinnati,25,1998,33,33,2913,32.4,0.12,0.06,0.19,0.12,0.0,0.0,0.15,0.0,0.09,0.09,0.04,0.13,1.33,5.43,2.81,0.12,0.06,0.19,0.12,0.19,0.09,0.04,0.13,0.09,0.13,Matches,2024,32.4,45.6,23.8,17.3,3.21,51.4,25.8,19.1,3.92,88.6,92.3,90.3,81.9,724.1,187.9,45.6,23.8,17.3,3.21,51.4,25.8,19.1,3.92,88.6,92.3,90.3,81.9,45.6,23.8,17.3,3.21,51.4,25.8,19.1,3.92,88.6,92.3,90.3,81.9,45.6,23.8,17.3,3.21,51.4,25.8,19.1,3.92,88.6,92.3,90.3,81.9,0.06,0.07,0.02,0.71,3.64,0.8,0.03,0.12,1.33,0.34,25.6,1.33,0.34,0.09,0.36,20.1,0.0,0.0,0.0,0.07,0.03,0.03,61.1,1.57,11.8,35.8,14.0,1.48,61.1,0.9,50.0,0.9,50.0,36.5,0.22,1.42,1.11,43.3,1.7,1.05,1.05,1.7,1.05,51.5,0.99,1.42,1.02,1.23,2.93,0.71,0.06,2.13,2.13,0.12,0.0,0.03,0.0,0.0,0.0,0.28,0.28,0.12,0.0,0.03,0.0,0.0,0.0,0.0,0.74,0.52,0.03,0.22,1.23,1.05,0.0,0.0,0.0,6.39,0.43,38.9,,,,,,,,,,,,,,,,,,,,,,,,,,,,
Noel Buck,eng ENG,"MF,FW",NE Revolution,18,2005,13,7,537,6.0,0.17,0.17,0.33,0.17,0.0,0.0,0.0,0.0,0.07,0.07,0.12,0.17,1.17,5.17,2.67,0.17,0.17,0.34,0.17,0.34,0.06,0.11,0.18,0.06,0.18,Matches,2024,6.0,34.3,14.2,17.7,1.67,39.2,15.5,18.8,3.0,87.7,91.4,93.8,55.6,583.3,147.2,34.3,14.2,17.7,1.67,39.2,15.5,18.8,3.0,87.7,91.4,93.8,55.6,34.3,14.2,17.7,1.67,39.2,15.5,18.8,3.0,87.7,91.4,93.8,55.6,34.3,14.2,17.7,1.67,39.2,15.5,18.8,3.0,87.7,91.4,93.8,55.6,0.17,0.1,0.05,1.0,3.5,0.67,0.0,0.17,0.67,0.33,50.0,0.67,0.34,0.25,0.5,18.0,0.0,0.0,0.0,0.09,0.1,0.1,48.0,1.83,11.8,27.5,9.33,0.67,48.0,0.33,28.6,0.67,57.1,28.3,0.0,2.17,1.33,34.8,1.83,0.67,0.67,1.83,0.67,80.0,0.17,1.17,0.67,0.5,2.33,0.67,0.0,2.0,2.01,0.0,0.0,0.0,0.0,0.0,0.0,0.17,0.17,0.0,0.0,0.0,0.0,0.0,0.0,0.0,1.0,0.83,0.17,0.33,0.5,0.67,0.0,0.0,0.0,3.83,0.67,50.0,,,,,,,,,,,,,,,,,,,,,,,,,,,,
Dawid Bugaj,pl POL,DF,CF Montréal,19,2004,5,2,160,1.8,0.0,0.0,0.0,0.0,0.0,0.0,0.0,0.0,0.0,0.0,0.0,0.0,1.11,2.22,4.44,0.0,0.0,0.0,0.0,0.0,0.0,0.0,0.0,0.0,0.0,Matches,2024,1.8,22.2,15.0,6.11,0.0,31.1,17.2,9.44,1.11,71.4,87.1,64.7,0.0,275.0,68.3,22.2,15.0,6.11,0.0,31.1,17.2,9.44,1.11,71.4,87.1,64.7,0.0,22.2,15.0,6.11,0.0,31.1,17.2,9.44,1.11,71.4,87.1,64.7,0.0,22.2,15.0,6.11,0.0,31.1,17.2,9.44,1.11,71.4,87.1,64.7,0.0,0.0,0.06,0.0,0.0,0.56,0.0,0.0,0.0,0.0,0.0,,0.0,0.0,,,,0.0,0.0,0.0,,0.0,0.0,39.4,2.78,12.2,18.3,8.89,1.11,39.4,0.56,100.0,0.0,0.0,20.6,0.56,1.11,0.56,23.9,1.67,0.56,0.56,1.67,0.56,100.0,0.0,1.11,0.56,0.0,1.67,3.33,0.0,1.11,1.13,0.0,0.0,0.0,0.0,0.0,0.0,0.56,0.56,0.0,0.0,0.0,0.0,0.0,0.0,0.0,1.11,0.56,0.0,1.11,0.0,0.56,0.0,0.0,0.0,4.44,0.56,16.7,,,,,,,,,,,,,,,,,,,,,,,,,,,,
Osman Bukari,gh GHA,"FW,MF",Austin,25,1998,9,8,614,6.8,0.15,0.29,0.44,0.15,0.0,0.0,0.15,0.0,0.21,0.21,0.28,0.49,4.26,2.65,8.24,0.15,0.29,0.44,0.15,0.44,0.21,0.27,0.49,0.21,0.49,Matches,2024,6.8,14.6,7.65,5.88,0.74,22.2,9.85,8.68,2.21,65.6,77.6,67.8,33.3,224.3,56.9,14.6,7.65,5.88,0.74,22.2,9.85,8.68,2.21,65.6,77.6,67.8,33.3,14.6,7.65,5.88,0.74,22.2,9.85,8.68,2.21,65.6,77.6,67.8,33.3,14.6,7.65,5.88,0.74,22.2,9.85,8.68,2.21,65.6,77.6,67.8,33.3,0.29,0.25,0.01,1.91,1.03,1.91,0.44,0.15,1.47,0.44,30.0,1.47,0.44,0.1,0.33,17.9,0.0,0.0,0.0,0.14,-0.06,-0.06,31.9,1.03,4.12,10.1,19.3,4.26,31.9,2.35,59.3,1.62,40.7,23.1,1.62,2.35,0.88,23.7,1.03,0.44,0.44,1.03,0.44,37.5,0.74,1.03,0.88,0.44,1.47,0.44,0.0,4.26,4.26,0.74,0.15,0.15,0.0,0.15,0.0,0.59,0.59,0.74,0.15,0.15,0.0,0.15,0.0,0.0,0.74,0.74,0.59,3.24,0.44,0.44,0.0,0.0,0.0,3.53,0.44,50.0,,,,,,,,,,,,,,,,,,,,,,,,,,,,
Teal Bunbury,us USA,FW,Nashville SC,33,1990,27,12,1150,12.8,0.23,0.16,0.39,0.08,0.16,0.16,0.08,0.0,0.27,0.15,0.09,0.24,0.78,1.95,5.39,0.23,0.16,0.39,0.08,0.23,0.27,0.1,0.37,0.15,0.25,Matches,2024,12.8,17.8,10.2,6.17,1.02,25.6,13.0,9.3,1.25,69.5,78.3,66.4,81.3,270.6,38.0,17.8,10.2,6.17,1.02,25.6,13.0,9.3,1.25,69.5,78.3,66.4,81.3,17.8,10.2,6.17,1.02,25.6,13.0,9.3,1.25,69.5,78.3,66.4,81.3,17.8,10.2,6.17,1.02,25.6,13.0,9.3,1.25,69.5,78.3,66.4,81.3,0.16,0.05,0.06,0.78,1.25,0.31,0.0,0.23,1.48,0.31,21.1,1.49,0.31,0.05,0.25,14.1,0.0,0.16,0.16,0.1,-0.04,-0.07,35.2,0.86,3.98,18.0,13.4,3.05,35.0,0.31,36.4,0.55,63.6,18.6,0.39,2.66,0.78,28.4,0.86,0.23,0.31,0.86,0.23,37.5,0.39,0.55,0.47,0.63,1.48,0.86,0.0,1.41,1.41,0.0,0.0,0.0,0.0,0.0,0.0,0.16,0.16,0.0,0.0,0.0,0.0,0.0,0.0,0.0,1.41,2.11,0.78,0.31,0.63,0.31,0.0,0.0,0.0,2.58,3.91,45.0,,,,,,,,,,,,,,,,,,,,,,,,,,,,
Cory Burke,jm JAM,FW,NY Red Bulls,32,1991,18,1,298,3.3,0.3,0.3,0.61,0.3,0.0,0.0,0.61,0.0,0.58,0.58,0.27,0.85,1.52,3.03,7.27,0.3,0.3,0.6,0.3,0.6,0.57,0.28,0.85,0.57,0.85,Matches,2024,3.3,10.0,5.45,2.42,1.82,17.9,9.09,3.64,2.73,55.9,60.0,66.7,66.7,169.4,93.6,10.0,5.45,2.42,1.82,17.9,9.09,3.64,2.73,55.9,60.0,66.7,66.7,10.0,5.45,2.42,1.82,17.9,9.09,3.64,2.73,55.9,60.0,66.7,66.7,10.0,5.45,2.42,1.82,17.9,9.09,3.64,2.73,55.9,60.0,66.7,66.7,0.3,0.15,0.03,1.21,3.03,0.3,0.0,0.3,3.03,1.21,40.0,3.02,1.21,0.1,0.25,14.6,0.0,0.0,0.0,0.19,-0.27,-0.27,33.9,2.12,4.24,11.8,18.5,6.97,33.9,1.21,40.0,1.82,60.0,14.5,0.61,3.03,1.82,22.1,2.12,0.3,1.21,2.12,0.3,33.3,0.61,1.21,1.21,0.3,2.42,1.82,0.0,2.42,2.4,0.61,0.0,0.3,0.0,0.3,0.0,0.3,0.3,0.61,0.0,0.3,0.0,0.3,0.0,0.0,3.33,1.21,0.91,0.61,0.3,1.21,0.0,0.0,0.0,3.33,6.97,46.9,,,,,,,,,,,,,,,,,,,,,,,,,,,,
Roman Bürki,ch SUI,GK,St. Louis,33,1990,32,32,2821,31.3,0.0,0.0,0.0,0.0,0.0,0.0,0.0,0.0,0.0,0.0,0.0,0.0,0.0,0.38,0.0,0.0,0.0,0.0,0.0,0.0,0.0,0.0,0.0,0.0,0.0,Matches,2024,31.3,26.0,3.58,12.7,9.65,36.3,3.61,13.1,19.5,71.6,99.1,97.6,49.6,778.1,583.5,26.0,3.58,12.7,9.65,36.3,3.61,13.1,19.5,71.6,99.1,97.6,49.6,26.0,3.58,12.7,9.65,36.3,3.61,13.1,19.5,71.6,99.1,97.6,49.6,26.0,3.58,12.7,9.65,36.3,3.61,13.1,19.5,71.6,99.1,97.6,49.6,0.0,0.0,0.0,0.06,1.73,0.03,0.0,0.0,0.03,0.0,0.0,0.03,0.0,0.0,,39.2,0.0,0.0,0.0,0.01,0.0,0.0,38.8,26.6,36.9,1.95,0.0,0.0,38.8,0.03,100.0,0.0,0.0,22.2,0.0,0.03,0.0,19.6,0.0,0.0,0.0,0.0,0.0,0.0,0.03,0.0,0.0,0.0,0.0,0.29,0.16,0.32,0.32,0.0,0.0,0.0,0.0,0.0,0.0,0.03,0.03,0.0,0.0,0.0,0.0,0.0,0.0,0.0,0.0,0.06,0.0,0.03,0.0,0.0,0.0,0.0,0.0,1.47,0.19,100.0,1.76,0.16,0.06,0.13,1.87,0.36,0.24,0.24,30.7,3.9,39.8,50.0,36.9,44.6,15.6,39.8,50.0,36.9,44.6,15.6,12.7,0.38,3.0,1.31,1.31,36.9,44.6,15.6
Evan Bush,us USA,GK,Columbus Crew,37,1986,2,2,124,1.4,0.0,0.0,0.0,0.0,0.0,0.0,0.71,0.0,0.0,0.0,0.0,0.0,0.0,0.0,0.0,0.0,0.0,0.0,0.0,0.0,0.0,0.0,0.0,0.0,0.0,Matches,2024,1.4,30.0,11.4,12.1,5.71,40.0,11.4,13.6,13.6,75.0,100.0,89.5,42.1,619.3,418.6,30.0,11.4,12.1,5.71,40.0,11.4,13.6,13.6,75.0,100.0,89.5,42.1,30.0,11.4,12.1,5.71,40.0,11.4,13.6,13.6,75.0,100.0,89.5,42.1,30.0,11.4,12.1,5.71,40.0,11.4,13.6,13.6,75.0,100.0,89.5,42.1,0.0,0.0,0.0,0.0,0.0,0.0,0.0,0.0,0.0,0.0,,0.0,0.0,,,,0.0,0.0,0.0,,0.0,0.0,42.1,30.7,42.1,0.0,0.0,0.0,42.1,0.0,,0.0,,21.4,0.0,0.0,0.0,14.3,0.0,0.0,0.0,0.0,0.0,,0.0,0.0,0.0,0.0,0.0,0.0,0.0,0.0,0.0,0.0,0.0,0.0,0.0,0.0,0.0,0.0,0.0,0.0,0.0,0.0,0.0,0.0,0.0,0.0,0.0,0.71,0.0,0.0,0.0,0.0,0.0,0.0,0.0,0.0,0.0,,1.43,0.0,0.0,0.0,2.21,0.39,0.79,0.8,30.7,5.71,25.6,16.7,28.7,24.8,3.0,25.6,16.7,28.7,24.8,3.0,14.3,0.0,0.0,0.0,0.0,28.7,24.8,3.0
Sergio Busquets,es ESP,"MF,DF",Inter Miami,35,1988,30,27,2484,27.6,0.04,0.14,0.18,0.04,0.0,0.0,0.25,0.04,0.01,0.01,0.11,0.12,0.83,6.41,0.98,0.04,0.14,0.18,0.04,0.18,0.01,0.11,0.12,0.01,0.12,Matches,2024,27.6,67.6,28.2,30.1,7.14,76.2,30.6,32.4,9.46,88.7,92.1,92.9,75.5,1200.6,472.7,67.6,28.2,30.1,7.14,76.2,30.6,32.4,9.46,88.7,92.1,92.9,75.5,67.6,28.2,30.1,7.14,76.2,30.6,32.4,9.46,88.7,92.1,92.9,75.5,67.6,28.2,30.1,7.14,76.2,30.6,32.4,9.46,88.7,92.1,92.9,75.5,0.14,0.12,0.04,0.72,6.38,0.51,0.0,0.04,0.07,0.07,100.0,0.07,0.07,0.5,0.5,8.8,0.0,0.0,0.0,0.13,0.03,0.03,84.8,6.05,30.4,47.2,7.75,0.51,84.8,0.51,63.6,0.14,18.2,46.9,0.0,0.72,0.36,61.2,2.61,1.7,1.63,2.61,1.7,56.0,1.34,1.63,1.09,1.09,3.7,1.59,0.22,1.67,1.67,0.04,0.0,0.0,0.0,0.07,0.0,0.43,0.43,0.04,0.0,0.0,0.0,0.07,0.0,0.04,1.01,1.92,0.04,0.0,1.09,1.63,0.0,0.04,0.0,6.16,1.09,53.6,,,,,,,,,,,,,,,,,,,,,,,,,,,,
Brandon Bye,us USA,DF,NE Revolution,28,1995,13,10,787,8.7,0.11,0.11,0.23,0.11,0.0,0.0,0.0,0.0,0.05,0.05,0.08,0.14,1.49,2.76,5.29,0.11,0.11,0.23,0.11,0.23,0.05,0.09,0.13,0.05,0.13,Matches,2024,8.7,37.8,17.8,16.2,3.33,52.1,21.4,20.6,6.67,72.6,83.3,78.8,50.0,677.2,261.6,37.8,17.8,16.2,3.33,52.1,21.4,20.6,6.67,72.6,83.3,78.8,50.0,37.8,17.8,16.2,3.33,52.1,21.4,20.6,6.67,72.6,83.3,78.8,50.0,37.8,17.8,16.2,3.33,52.1,21.4,20.6,6.67,72.6,83.3,78.8,50.0,0.11,0.13,0.03,0.46,1.84,0.69,0.23,0.11,0.57,0.11,20.0,0.57,0.11,0.2,1.0,15.2,0.0,0.0,0.0,0.08,0.07,0.07,60.8,5.17,22.8,21.4,16.8,1.49,60.8,0.23,40.0,0.34,60.0,26.8,0.11,0.8,0.46,33.4,0.57,0.23,0.11,0.57,0.23,16.7,1.15,1.15,0.57,1.49,2.07,3.1,0.0,1.26,1.26,0.0,0.0,0.0,0.0,0.0,0.0,0.11,0.11,0.0,0.0,0.0,0.0,0.0,0.0,0.0,0.8,0.46,0.0,4.25,1.49,0.11,0.0,0.0,0.0,3.56,2.07,62.1,,,,,,,,,,,,,,,,,,,,,,,,,,,,
Nathan Byrne,eng ENG,DF,Charlotte,31,1992,31,31,2790,31.0,0.0,0.06,0.06,0.0,0.0,0.0,0.19,0.0,0.01,0.01,0.06,0.07,2.29,4.97,2.84,0.0,0.06,0.06,0.0,0.06,0.01,0.06,0.07,0.01,0.07,Matches,2024,31.0,40.4,18.2,17.6,3.87,51.1,20.2,20.7,8.23,79.0,90.3,85.0,47.1,711.8,249.7,40.4,18.2,17.6,3.87,51.1,20.2,20.7,8.23,79.0,90.3,85.0,47.1,40.4,18.2,17.6,3.87,51.1,20.2,20.7,8.23,79.0,90.3,85.0,47.1,40.4,18.2,17.6,3.87,51.1,20.2,20.7,8.23,79.0,90.3,85.0,47.1,0.06,0.06,0.0,0.65,4.84,0.87,0.55,0.0,0.13,0.03,25.0,0.13,0.03,0.0,0.0,26.6,0.0,0.0,0.0,0.05,-0.01,-0.01,58.5,3.74,17.9,29.5,11.5,0.55,58.5,0.39,50.0,0.29,37.5,30.1,0.26,0.55,0.48,36.1,1.0,0.65,0.52,1.0,0.65,60.6,0.42,0.77,0.42,0.81,1.81,2.58,0.06,1.65,1.65,0.03,0.0,0.03,0.0,0.03,0.0,0.13,0.13,0.03,0.0,0.03,0.0,0.03,0.0,0.0,0.74,1.29,0.1,1.97,0.81,0.52,0.0,0.0,0.0,3.42,0.77,44.4,,,,,,,,,,,,,,,,,,,,,,,,,,,,
Kevin Cabral,fr FRA,"FW,MF",Colorado Rapids,24,1999,23,18,1309,14.5,0.34,0.14,0.48,0.34,0.0,0.0,0.28,0.07,0.45,0.45,0.14,0.59,2.28,2.28,6.34,0.34,0.14,0.48,0.34,0.48,0.45,0.14,0.59,0.45,0.59,Matches,2024,14.5,17.3,11.3,4.07,1.31,23.1,13.2,5.66,1.93,74.9,85.4,72.0,67.9,246.1,58.9,17.3,11.3,4.07,1.31,23.1,13.2,5.66,1.93,74.9,85.4,72.0,67.9,17.3,11.3,4.07,1.31,23.1,13.2,5.66,1.93,74.9,85.4,72.0,67.9,17.3,11.3,4.07,1.31,23.1,13.2,5.66,1.93,74.9,85.4,72.0,67.9,0.14,0.14,-0.01,1.03,1.17,1.1,0.28,0.34,2.28,0.97,42.4,2.27,0.96,0.15,0.36,13.1,0.0,0.0,0.0,0.2,-0.1,-0.1,35.5,1.31,5.1,12.1,18.4,5.31,35.5,0.83,34.3,1.31,54.3,20.5,1.31,2.48,1.03,23.0,1.03,0.41,0.48,1.03,0.41,28.6,1.03,1.17,1.03,0.83,1.86,1.1,0.07,2.41,2.41,0.14,0.0,0.41,0.14,0.0,0.0,0.41,0.41,0.14,0.0,0.41,0.14,0.0,0.0,0.07,1.45,1.66,0.69,1.31,0.83,0.48,0.14,0.0,0.0,2.62,0.41,26.1,,,,,,,,,,,,,,,,,,,,,,,,,,,,
Martín Cáceres,uy URU,DF,LA Galaxy,36,1987,15,14,1070,11.9,0.0,0.0,0.0,0.0,0.0,0.0,0.25,0.08,0.03,0.03,0.03,0.06,0.34,2.18,0.17,0.0,0.0,0.0,0.0,0.0,0.04,0.02,0.06,0.04,0.06,Matches,2024,11.9,56.1,25.5,26.7,2.44,59.9,26.4,27.6,3.87,93.7,96.5,96.7,63.0,913.7,316.6,56.1,25.5,26.7,2.44,59.9,26.4,27.6,3.87,93.7,96.5,96.7,63.0,56.1,25.5,26.7,2.44,59.9,26.4,27.6,3.87,93.7,96.5,96.7,63.0,56.1,25.5,26.7,2.44,59.9,26.4,27.6,3.87,93.7,96.5,96.7,63.0,0.0,0.01,-0.03,0.17,2.1,0.0,0.0,0.0,0.34,0.25,75.0,0.34,0.25,0.0,0.0,10.7,0.0,0.0,0.0,0.11,-0.03,-0.03,68.0,8.49,36.2,30.8,1.18,0.5,68.0,0.0,0.0,0.08,100.0,43.4,0.0,0.34,0.25,50.7,1.09,0.5,0.67,1.09,0.5,75.0,0.17,1.01,0.17,0.84,1.93,3.95,0.0,0.42,0.42,0.0,0.0,0.0,0.0,0.0,0.0,0.0,0.0,0.0,0.0,0.0,0.0,0.0,0.0,0.0,0.42,0.5,0.0,0.0,0.84,0.67,0.0,0.0,0.0,3.36,1.18,58.3,,,,,,,,,,,,,,,,,,,,,,,,,,,,
Deiber Caicedo,co COL,"FW,DF",Vancouver W'caps,23,2000,5,1,126,1.4,0.0,0.0,0.0,0.0,0.0,0.0,0.0,0.0,0.57,0.57,0.0,0.57,6.43,6.43,12.1,0.0,0.0,0.0,0.0,0.0,0.54,0.0,0.54,0.54,0.54,Matches,2024,1.4,29.3,15.0,12.1,1.43,35.7,16.4,15.7,1.43,82.0,91.3,77.3,100.0,462.1,96.4,29.3,15.0,12.1,1.43,35.7,16.4,15.7,1.43,82.0,91.3,77.3,100.0,29.3,15.0,12.1,1.43,35.7,16.4,15.7,1.43,82.0,91.3,77.3,100.0,29.3,15.0,12.1,1.43,35.7,16.4,15.7,1.43,82.0,91.3,77.3,100.0,0.0,0.07,0.0,0.0,2.14,0.71,0.0,0.0,5.71,1.43,25.0,5.71,1.43,0.0,0.0,17.8,0.71,0.0,0.0,0.1,-0.57,-0.57,51.4,0.0,1.43,16.4,33.6,10.7,51.4,1.43,40.0,2.14,60.0,32.1,3.57,3.57,1.43,36.4,1.43,1.43,0.71,1.43,1.43,100.0,0.0,0.71,0.71,0.71,2.14,0.0,0.0,5.71,5.67,0.0,0.0,0.71,0.0,0.0,0.0,0.0,0.0,0.0,0.0,0.71,0.0,0.0,0.0,0.0,0.0,2.14,0.0,1.43,0.71,0.71,0.0,0.0,0.0,1.43,0.71,100.0,,,,,,,,,,,,,,,,,,,,,,,,,,,,
Noel Caliskan,de GER,MF,Real Salt Lake,23,2000,5,2,202,2.2,0.0,0.0,0.0,0.0,0.0,0.0,0.0,0.0,0.05,0.05,0.09,0.14,0.0,5.91,1.82,0.0,0.0,0.0,0.0,0.0,0.04,0.08,0.12,0.04,0.12,Matches,2024,2.2,56.4,30.0,20.0,4.09,65.5,32.7,22.7,5.91,86.1,91.7,88.0,69.2,870.5,207.7,56.4,30.0,20.0,4.09,65.5,32.7,22.7,5.91,86.1,91.7,88.0,69.2,56.4,30.0,20.0,4.09,65.5,32.7,22.7,5.91,86.1,91.7,88.0,69.2,56.4,30.0,20.0,4.09,65.5,32.7,22.7,5.91,86.1,91.7,88.0,69.2,0.0,0.09,-0.09,1.36,7.27,0.45,0.0,0.0,0.45,0.0,0.0,0.45,0.0,0.0,,22.3,0.0,0.0,0.0,0.09,-0.05,-0.05,77.3,1.36,15.0,50.5,12.7,0.45,77.3,0.0,0.0,1.36,100.0,43.6,0.0,0.91,0.91,54.1,2.73,1.82,1.36,2.73,1.82,80.0,0.45,1.36,0.91,2.27,5.0,1.36,0.0,2.27,2.23,0.0,0.0,0.0,0.0,0.0,0.0,0.0,0.0,0.0,0.0,0.0,0.0,0.0,0.0,0.0,3.64,1.36,0.0,0.0,2.27,1.36,0.0,0.0,0.0,5.0,0.91,40.0,,,,,,,,,,,,,,,,,,,,,,,,,,,,
Drake Callender,us USA,GK,Inter Miami,26,1997,32,32,2880,32.0,0.0,0.0,0.0,0.0,0.0,0.0,0.0,0.0,0.0,0.0,0.0,0.0,0.0,0.0,0.0,0.0,0.0,0.0,0.0,0.0,0.0,0.0,0.0,0.0,0.0,Matches,2024,32.0,28.2,6.25,15.6,6.19,34.9,6.34,15.9,12.5,80.8,98.5,98.4,49.4,657.2,431.7,28.2,6.25,15.6,6.19,34.9,6.34,15.9,12.5,80.8,98.5,98.4,49.4,28.2,6.25,15.6,6.19,34.9,6.34,15.9,12.5,80.8,98.5,98.4,49.4,28.2,6.25,15.6,6.19,34.9,6.34,15.9,12.5,80.8,98.5,98.4,49.4,0.0,0.0,0.0,0.0,0.13,0.0,0.0,0.0,0.0,0.0,,0.0,0.0,,,,0.0,0.0,0.0,,0.0,0.0,37.1,33.3,36.9,0.13,0.0,0.0,37.1,0.0,,0.0,,20.8,0.0,0.06,0.0,17.9,0.06,0.03,0.03,0.06,0.03,100.0,0.0,0.0,0.0,0.03,0.09,0.47,0.16,0.03,0.03,0.0,0.0,0.0,0.0,0.0,0.0,0.0,0.0,0.0,0.0,0.0,0.0,0.0,0.0,0.0,0.0,0.16,0.0,0.0,0.03,0.03,0.0,0.0,0.0,1.41,0.22,100.0,1.41,0.16,0.19,0.06,1.45,0.28,0.11,0.11,27.1,5.47,20.9,27.7,28.2,30.7,11.7,20.9,27.7,28.2,30.7,11.7,13.1,1.09,8.4,0.84,0.84,28.2,30.7,11.7
Rudy Camacho,fr FRA,DF,Columbus Crew,32,1991,28,27,2311,25.7,0.04,0.04,0.08,0.04,0.0,0.0,0.19,0.04,0.02,0.02,0.02,0.03,0.54,2.96,0.12,0.04,0.04,0.08,0.04,0.08,0.02,0.01,0.03,0.02,0.03,Matches,2024,25.7,66.7,27.1,32.7,6.3,75.3,28.7,36.0,9.11,88.6,94.6,91.0,69.2,1208.6,551.6,66.7,27.1,32.7,6.3,75.3,28.7,36.0,9.11,88.6,94.6,91.0,69.2,66.7,27.1,32.7,6.3,75.3,28.7,36.0,9.11,88.6,94.6,91.0,69.2,66.7,27.1,32.7,6.3,75.3,28.7,36.0,9.11,88.6,94.6,91.0,69.2,0.04,0.01,0.02,0.16,3.66,0.04,0.0,0.04,0.31,0.08,25.0,0.31,0.08,0.13,0.5,11.8,0.0,0.0,0.0,0.05,0.02,0.02,84.4,11.5,48.8,33.4,2.61,0.7,84.4,0.27,63.6,0.16,36.4,49.3,0.0,0.39,0.16,57.4,1.48,0.93,0.74,1.48,0.93,77.4,0.27,1.25,0.47,1.6,3.07,2.92,0.12,0.74,0.74,0.0,0.0,0.0,0.0,0.04,0.0,0.04,0.04,0.0,0.0,0.0,0.0,0.04,0.0,0.04,1.13,0.62,0.0,0.0,1.6,0.74,0.0,0.04,0.0,4.55,1.83,52.2,,,,,,,,,,,,,,,,,,,,,,,,,,,,
Brandon Cambridge,us USA,FW,Charlotte,21,2002,4,0,30,0.3,0.0,0.0,0.0,0.0,0.0,0.0,0.0,0.0,0.0,0.0,0.0,0.0,20.0,3.33,26.7,0.0,0.0,0.0,0.0,0.0,0.0,0.0,0.0,0.0,0.0,Matches,2024,0.3,16.7,13.3,3.33,0.0,46.7,20.0,26.7,0.0,35.7,66.7,12.5,,216.7,56.7,16.7,13.3,3.33,0.0,46.7,20.0,26.7,0.0,35.7,66.7,12.5,,16.7,13.3,3.33,0.0,46.7,20.0,26.7,0.0,35.7,66.7,12.5,,16.7,13.3,3.33,0.0,46.7,20.0,26.7,0.0,35.7,66.7,12.5,,0.0,0.0,0.0,0.0,0.0,0.0,0.0,0.0,0.0,0.0,,0.0,0.0,,,,0.0,0.0,0.0,,0.0,0.0,66.7,0.0,3.33,10.0,53.3,16.7,66.7,0.0,0.0,6.67,100.0,46.7,10.0,3.33,0.0,46.7,0.0,0.0,0.0,0.0,0.0,0.0,3.33,0.0,0.0,0.0,0.0,0.0,0.0,3.33,3.0,0.0,0.0,0.0,0.0,0.0,0.0,0.0,0.0,0.0,0.0,0.0,0.0,0.0,0.0,0.0,0.0,3.33,0.0,16.7,0.0,0.0,0.0,0.0,0.0,0.0,0.0,0.0,,,,,,,,,,,,,,,,,,,,,,,,,,,,
Leonardo Campana,ec ECU,FW,Inter Miami,23,2000,28,14,1280,14.2,0.56,0.14,0.7,0.56,0.0,0.0,0.42,0.0,0.46,0.46,0.09,0.56,0.85,2.18,5.35,0.56,0.14,0.7,0.56,0.7,0.47,0.09,0.56,0.47,0.56,Matches,2024,14.2,20.1,11.5,5.63,1.34,26.5,14.6,7.04,1.76,75.9,79.2,80.0,76.0,283.0,41.0,20.1,11.5,5.63,1.34,26.5,14.6,7.04,1.76,75.9,79.2,80.0,76.0,20.1,11.5,5.63,1.34,26.5,14.6,7.04,1.76,75.9,79.2,80.0,76.0,20.1,11.5,5.63,1.34,26.5,14.6,7.04,1.76,75.9,79.2,80.0,76.0,0.14,0.16,0.05,0.63,0.92,0.77,0.14,0.56,2.46,1.2,48.6,2.46,1.2,0.23,0.47,13.9,0.14,0.0,0.0,0.19,0.1,0.1,37.5,0.99,2.18,18.9,16.5,3.8,37.5,0.35,35.7,0.56,57.1,18.9,0.28,3.1,1.34,28.4,0.92,0.21,0.56,0.92,0.21,25.0,0.63,0.77,0.63,0.14,1.06,0.77,0.0,1.76,1.76,0.14,0.0,0.07,0.0,0.0,0.0,0.56,0.56,0.14,0.0,0.07,0.0,0.0,0.0,0.0,2.25,1.2,0.63,0.49,0.14,0.56,0.0,0.0,0.0,2.11,1.62,41.1,,,,,,,,,,,,,,,,,,,,,,,,,,,,
George Campbell,us USA,DF,CF Montréal,22,2001,28,25,2197,24.4,0.0,0.08,0.08,0.0,0.0,0.0,0.33,0.0,0.01,0.01,0.05,0.05,1.52,4.88,0.78,0.0,0.08,0.08,0.0,0.08,0.01,0.05,0.05,0.01,0.05,Matches,2024,24.4,62.3,27.1,30.7,3.81,73.3,28.9,33.9,8.32,85.0,93.8,90.5,45.8,1084.5,396.3,62.3,27.1,30.7,3.81,73.3,28.9,33.9,8.32,85.0,93.8,90.5,45.8,62.3,27.1,30.7,3.81,73.3,28.9,33.9,8.32,85.0,93.8,90.5,45.8,62.3,27.1,30.7,3.81,73.3,28.9,33.9,8.32,85.0,93.8,90.5,45.8,0.08,0.03,0.04,0.37,5.74,0.29,0.0,0.0,0.2,0.0,0.0,0.2,0.0,0.0,,14.4,0.0,0.0,0.0,0.05,-0.01,-0.01,83.6,8.85,37.7,40.3,5.9,0.61,83.6,0.45,50.0,0.37,40.9,51.4,0.04,0.66,0.25,58.8,1.48,0.86,1.07,1.48,0.86,63.6,0.49,1.48,0.61,1.48,2.95,3.89,0.16,0.94,0.94,0.0,0.0,0.04,0.04,0.04,0.04,0.25,0.25,0.0,0.0,0.04,0.04,0.04,0.04,0.0,1.23,0.78,0.0,0.29,1.48,1.07,0.0,0.04,0.0,6.35,1.8,64.7,,,,,,,,,,,,,,,,,,,,,,,,,,,,
Omar Campos,mx MEX,"DF,MF",LAFC,21,2002,27,17,1612,17.9,0.0,0.11,0.11,0.0,0.0,0.0,0.06,0.0,0.01,0.01,0.15,0.16,3.02,3.52,5.03,0.0,0.11,0.11,0.0,0.11,0.01,0.15,0.16,0.01,0.16,Matches,2024,17.9,36.9,17.9,16.3,2.23,47.3,20.3,19.8,5.2,78.1,88.2,82.5,43.0,610.7,188.8,36.9,17.9,16.3,2.23,47.3,20.3,19.8,5.2,78.1,88.2,82.5,43.0,36.9,17.9,16.3,2.23,47.3,20.3,19.8,5.2,78.1,88.2,82.5,43.0,36.9,17.9,16.3,2.23,47.3,20.3,19.8,5.2,78.1,88.2,82.5,43.0,0.11,0.12,-0.04,1.62,1.79,0.89,0.22,0.0,0.45,0.11,25.0,0.45,0.11,0.0,0.0,23.3,0.0,0.0,0.0,0.02,-0.01,-0.01,56.8,2.79,17.4,22.8,17.0,1.79,56.8,0.84,45.5,0.89,48.5,29.7,0.61,0.56,0.45,33.2,1.4,1.01,0.67,1.4,1.01,43.9,1.28,0.73,0.67,1.68,3.07,2.29,0.0,2.85,2.85,0.17,0.0,0.11,0.06,0.06,0.0,0.28,0.28,0.17,0.0,0.11,0.06,0.06,0.0,0.0,0.78,1.45,0.11,2.91,1.68,0.67,0.0,0.06,0.0,3.63,0.73,46.4,,,,,,,,,,,,,,,,,,,,,,,,,,,,
Reggie Cannon,us USA,DF,Colorado Rapids,25,1998,6,4,343,3.8,0.26,0.0,0.26,0.26,0.0,0.0,0.26,0.0,0.05,0.05,0.0,0.05,0.79,3.42,6.58,0.26,0.0,0.26,0.26,0.26,0.05,0.0,0.05,0.05,0.05,Matches,2024,3.8,43.4,26.6,14.2,2.37,50.5,27.6,17.4,3.68,85.9,96.2,81.8,64.3,641.8,166.8,43.4,26.6,14.2,2.37,50.5,27.6,17.4,3.68,85.9,96.2,81.8,64.3,43.4,26.6,14.2,2.37,50.5,27.6,17.4,3.68,85.9,96.2,81.8,64.3,43.4,26.6,14.2,2.37,50.5,27.6,17.4,3.68,85.9,96.2,81.8,64.3,0.0,0.03,0.0,0.0,2.37,0.0,0.0,0.26,0.79,0.26,33.3,0.79,0.26,0.33,1.0,15.6,0.0,0.0,0.0,0.06,0.21,0.21,59.2,3.68,17.9,25.8,15.5,1.84,59.2,0.53,100.0,0.0,0.0,31.6,0.26,1.05,0.53,37.1,1.05,0.53,0.0,1.05,0.53,66.7,0.26,0.79,0.26,1.05,2.11,2.37,0.0,1.05,1.05,0.26,0.0,0.0,0.0,0.0,0.0,0.26,0.26,0.26,0.0,0.0,0.0,0.0,0.0,0.0,0.79,1.05,0.0,1.05,1.05,0.0,0.0,0.0,0.0,2.63,0.53,33.3,,,,,,,,,,,,,,,,,,,,,,,,,,,,
Russell Canouse,us USA,"MF,DF",D.C. United,28,1995,2,0,15,0.2,0.0,0.0,0.0,0.0,0.0,0.0,0.0,0.0,0.0,0.0,0.0,0.0,0.0,5.0,0.0,0.0,0.0,0.0,0.0,0.0,0.0,0.0,0.0,0.0,0.0,Matches,2024,0.2,15.0,5.0,5.0,5.0,25.0,5.0,10.0,10.0,60.0,100.0,50.0,50.0,335.0,110.0,15.0,5.0,5.0,5.0,25.0,5.0,10.0,10.0,60.0,100.0,50.0,50.0,15.0,5.0,5.0,5.0,25.0,5.0,10.0,10.0,60.0,100.0,50.0,50.0,15.0,5.0,5.0,5.0,25.0,5.0,10.0,10.0,60.0,100.0,50.0,50.0,0.0,0.0,0.0,0.0,0.0,0.0,0.0,0.0,0.0,0.0,,0.0,0.0,,,,0.0,0.0,0.0,,0.0,0.0,50.0,0.0,25.0,20.0,5.0,0.0,50.0,0.0,,0.0,,20.0,0.0,5.0,0.0,20.0,10.0,0.0,10.0,10.0,0.0,,0.0,5.0,0.0,5.0,15.0,0.0,0.0,0.0,0.0,0.0,0.0,0.0,0.0,0.0,0.0,0.0,0.0,0.0,0.0,0.0,0.0,0.0,0.0,0.0,0.0,0.0,0.0,0.0,5.0,10.0,0.0,0.0,0.0,5.0,0.0,,,,,,,,,,,,,,,,,,,,,,,,,,,,,
Felipe Carballo,uy URU,MF,NY Red Bulls,27,1996,8,5,449,5.0,0.0,0.0,0.0,0.0,0.0,0.0,0.4,0.0,0.16,0.16,0.08,0.24,0.6,8.0,3.0,0.0,0.0,0.0,0.0,0.0,0.15,0.09,0.24,0.15,0.24,Matches,2024,5.0,43.0,15.8,22.4,4.8,51.8,18.2,24.8,6.4,83.0,86.8,90.3,75.0,812.2,308.0,43.0,15.8,22.4,4.8,51.8,18.2,24.8,6.4,83.0,86.8,90.3,75.0,43.0,15.8,22.4,4.8,51.8,18.2,24.8,6.4,83.0,86.8,90.3,75.0,43.0,15.8,22.4,4.8,51.8,18.2,24.8,6.4,83.0,86.8,90.3,75.0,0.0,0.08,-0.08,0.6,5.8,1.0,0.2,0.0,1.2,0.4,33.3,1.2,0.4,0.0,0.0,13.3,0.0,0.0,0.0,0.13,-0.16,-0.16,61.8,0.8,11.0,39.8,11.4,1.4,61.8,0.4,28.6,0.8,57.1,34.4,0.2,1.8,0.6,41.8,2.2,1.6,1.0,2.2,1.6,72.7,0.6,1.0,1.0,1.4,3.6,0.2,0.0,1.6,1.61,0.0,0.0,0.0,0.0,0.0,0.0,0.0,0.0,0.0,0.0,0.0,0.0,0.0,0.0,0.0,2.2,0.8,0.0,0.8,1.4,1.0,0.0,0.2,0.0,7.6,0.8,50.0,,,,,,,,,,,,,,,,,,,,,,,,,,,,
Nathan Cardoso,br BRA,DF,Seattle Sounders,28,1995,4,1,90,1.0,0.0,0.0,0.0,0.0,0.0,0.0,0.0,0.0,0.0,0.0,0.0,0.0,1.0,3.0,0.0,0.0,0.0,0.0,0.0,0.0,0.0,0.0,0.0,0.0,0.0,Matches,2024,1.0,57.0,21.0,35.0,1.0,62.0,23.0,36.0,3.0,91.9,91.3,97.2,33.3,1064.0,455.0,57.0,21.0,35.0,1.0,62.0,23.0,36.0,3.0,91.9,91.3,97.2,33.3,57.0,21.0,35.0,1.0,62.0,23.0,36.0,3.0,91.9,91.3,97.2,33.3,57.0,21.0,35.0,1.0,62.0,23.0,36.0,3.0,91.9,91.3,97.2,33.3,0.0,0.0,0.0,0.0,1.0,0.0,0.0,0.0,0.0,0.0,,0.0,0.0,,,,0.0,0.0,0.0,,0.0,0.0,80.0,16.0,39.0,39.0,2.0,0.0,80.0,0.0,,0.0,,32.0,0.0,2.0,0.0,56.0,3.0,1.0,2.0,3.0,1.0,100.0,0.0,4.0,1.0,0.0,3.0,10.0,0.0,1.0,1.0,0.0,0.0,0.0,0.0,0.0,0.0,0.0,0.0,0.0,0.0,0.0,0.0,0.0,0.0,0.0,0.0,0.0,0.0,0.0,0.0,2.0,0.0,0.0,0.0,2.0,0.0,,,,,,,,,,,,,,,,,,,,,,,,,,,,,
Wikelman Carmona,ve VEN,"MF,FW",NY Red Bulls,20,2003,24,18,1593,17.7,0.17,0.23,0.4,0.17,0.0,0.0,0.11,0.0,0.12,0.12,0.18,0.29,1.98,3.39,4.52,0.17,0.23,0.4,0.17,0.4,0.12,0.18,0.29,0.12,0.29,Matches,2024,17.7,26.3,14.0,9.38,2.2,34.1,16.2,11.2,4.29,77.3,86.4,83.8,51.3,434.0,125.3,26.3,14.0,9.38,2.2,34.1,16.2,11.2,4.29,77.3,86.4,83.8,51.3,26.3,14.0,9.38,2.2,34.1,16.2,11.2,4.29,77.3,86.4,83.8,51.3,26.3,14.0,9.38,2.2,34.1,16.2,11.2,4.29,77.3,86.4,83.8,51.3,0.23,0.16,0.05,1.47,2.82,0.9,0.28,0.17,2.09,0.85,40.5,2.09,0.85,0.08,0.2,22.3,0.0,0.0,0.0,0.06,0.05,0.05,47.2,1.13,8.7,19.2,19.9,2.2,47.2,0.79,45.2,0.85,48.4,24.7,0.68,2.54,1.24,28.2,2.99,1.19,2.03,2.99,1.19,53.8,1.02,1.81,1.69,0.85,3.84,0.73,0.06,3.45,3.45,0.17,0.0,0.06,0.0,0.17,0.0,0.17,0.17,0.17,0.0,0.06,0.0,0.17,0.0,0.0,1.13,0.73,0.06,1.58,0.85,2.03,0.0,0.0,0.0,5.71,0.28,29.4,,,,,,,,,,,,,,,,,,,,,,,,,,,,
Julián Carranza,ar ARG,FW,Philadelphia Union,23,2000,12,11,1073,11.9,0.5,0.0,0.5,0.5,0.0,0.0,0.42,0.0,0.5,0.5,0.13,0.62,0.92,2.1,5.46,0.5,0.0,0.5,0.5,0.5,0.49,0.13,0.62,0.49,0.62,Matches,2024,11.9,16.2,9.66,4.79,0.76,23.1,11.9,6.3,1.01,70.2,81.0,76.0,75.0,224.8,39.0,16.2,9.66,4.79,0.76,23.1,11.9,6.3,1.01,70.2,81.0,76.0,75.0,16.2,9.66,4.79,0.76,23.1,11.9,6.3,1.01,70.2,81.0,76.0,75.0,16.2,9.66,4.79,0.76,23.1,11.9,6.3,1.01,70.2,81.0,76.0,75.0,0.0,0.08,-0.13,0.92,1.09,0.42,0.0,0.5,3.78,1.26,33.3,3.77,1.26,0.13,0.4,13.5,0.08,0.0,0.0,0.13,0.01,0.01,38.2,1.68,3.7,17.4,17.7,5.8,38.2,0.17,16.7,0.76,75.0,22.1,0.67,3.45,1.34,27.9,1.34,0.42,1.18,1.34,0.42,50.0,0.42,0.92,0.84,0.84,2.18,1.6,0.0,2.77,2.77,0.17,0.0,0.42,0.17,0.08,0.0,0.25,0.25,0.17,0.0,0.42,0.17,0.08,0.0,0.0,2.44,3.03,0.5,0.17,0.84,1.18,0.0,0.0,0.0,2.94,2.02,38.1,,,,,,,,,,,,,,,,,,,,,,,,,,,,
Adalberto Carrasquilla,pa PAN,"FW,MF",Houston Dynamo,25,1998,28,26,2294,25.5,0.12,0.2,0.31,0.12,0.0,0.0,0.24,0.0,0.06,0.06,0.17,0.23,2.2,6.78,4.27,0.12,0.2,0.31,0.12,0.31,0.06,0.17,0.23,0.06,0.23,Matches,2024,25.5,46.7,24.8,16.7,4.0,56.8,27.9,19.9,5.88,82.3,88.8,83.7,68.0,753.1,219.9,46.7,24.8,16.7,4.0,56.8,27.9,19.9,5.88,82.3,88.8,83.7,68.0,46.7,24.8,16.7,4.0,56.8,27.9,19.9,5.88,82.3,88.8,83.7,68.0,46.7,24.8,16.7,4.0,56.8,27.9,19.9,5.88,82.3,88.8,83.7,68.0,0.2,0.14,0.03,1.76,4.98,1.92,0.12,0.12,1.25,0.51,40.6,1.26,0.51,0.09,0.23,21.4,0.0,0.0,0.0,0.05,0.05,0.05,66.1,0.98,10.3,34.4,21.8,1.92,66.1,0.94,35.8,1.45,55.2,44.8,0.47,1.69,1.37,53.5,1.06,0.71,0.59,1.06,0.71,47.4,0.78,0.9,0.75,0.43,1.49,0.24,0.04,3.45,3.45,0.2,0.0,0.16,0.0,0.04,0.0,0.31,0.31,0.2,0.0,0.16,0.0,0.04,0.0,0.0,1.57,1.53,0.16,1.73,0.43,0.59,0.0,0.0,0.0,4.86,0.27,31.8,,,,,,,,,,,,,,,,,,,,,,,,,,,,
Wilder Cartagena,pe PER,"MF,DF",Orlando City,29,1994,27,25,2192,24.4,0.0,0.04,0.04,0.0,0.0,0.0,0.29,0.0,0.05,0.05,0.06,0.11,0.61,5.78,0.78,0.0,0.04,0.04,0.0,0.04,0.05,0.06,0.11,0.05,0.11,Matches,2024,24.4,48.2,20.7,21.8,4.8,55.9,23.0,23.9,6.8,86.1,90.2,91.4,70.5,847.0,331.0,48.2,20.7,21.8,4.8,55.9,23.0,23.9,6.8,86.1,90.2,91.4,70.5,48.2,20.7,21.8,4.8,55.9,23.0,23.9,6.8,86.1,90.2,91.4,70.5,48.2,20.7,21.8,4.8,55.9,23.0,23.9,6.8,86.1,90.2,91.4,70.5,0.04,0.07,-0.02,0.7,6.84,0.74,0.08,0.0,0.94,0.29,30.4,0.94,0.29,0.0,0.0,21.4,0.0,0.0,0.0,0.06,-0.05,-0.05,65.4,3.77,18.6,37.1,10.1,0.78,65.4,0.53,50.0,0.49,46.2,36.6,0.08,0.82,0.61,46.1,3.11,1.52,1.97,3.11,1.52,56.9,1.15,1.23,0.86,0.82,3.93,1.72,0.04,1.48,1.48,0.08,0.0,0.0,0.0,0.16,0.0,0.08,0.08,0.08,0.0,0.0,0.0,0.16,0.0,0.0,1.97,1.11,0.0,0.53,0.82,1.97,0.0,0.0,0.0,5.12,0.9,37.9,,,,,,,,,,,,,,,,,,,,,,,,,,,,
Javier Casas,us USA,MF,Chicago Fire,20,2003,1,0,1,0.0,0.0,0.0,0.0,0.0,0.0,0.0,0.0,0.0,0.0,0.0,0.0,0.0,0.0,0.0,0.0,0.0,0.0,0.0,0.0,0.0,0.0,0.0,0.0,0.0,0.0,Matches,2024,0.0,4.0,1.0,0.0,0.0,4.0,1.0,0.0,0.0,100.0,100.0,,,18.0,7.0,4.0,1.0,0.0,0.0,4.0,1.0,0.0,0.0,100.0,100.0,,,4.0,1.0,0.0,0.0,4.0,1.0,0.0,0.0,100.0,100.0,,,4.0,1.0,0.0,0.0,4.0,1.0,0.0,0.0,100.0,100.0,,,0.0,0.0,0.0,0.0,0.0,0.0,0.0,0.0,0.0,0.0,,0.0,0.0,,,,0.0,0.0,0.0,,0.0,0.0,4.0,0.0,0.0,4.0,0.0,0.0,4.0,0.0,,0.0,,4.0,0.0,0.0,0.0,4.0,0.0,0.0,0.0,0.0,0.0,,0.0,0.0,0.0,0.0,0.0,0.0,0.0,0.0,0.0,0.0,0.0,0.0,0.0,0.0,0.0,0.0,0.0,0.0,0.0,0.0,0.0,0.0,0.0,0.0,0.0,0.0,0.0,0.0,0.0,0.0,0.0,0.0,0.0,0.0,0.0,,,,,,,,,,,,,,,,,,,,,,,,,,,,,
Julio Cascante,cr CRC,DF,Austin,30,1993,25,21,1867,20.7,0.1,0.0,0.1,0.1,0.0,0.0,0.53,0.0,0.08,0.08,0.01,0.09,0.24,3.09,0.29,0.1,0.0,0.1,0.1,0.1,0.08,0.01,0.09,0.08,0.09,Matches,2024,20.7,47.1,14.8,27.3,4.83,53.9,17.1,28.9,7.15,87.4,86.7,94.3,67.6,938.3,386.1,47.1,14.8,27.3,4.83,53.9,17.1,28.9,7.15,87.4,86.7,94.3,67.6,47.1,14.8,27.3,4.83,53.9,17.1,28.9,7.15,87.4,86.7,94.3,67.6,47.1,14.8,27.3,4.83,53.9,17.1,28.9,7.15,87.4,86.7,94.3,67.6,0.0,0.01,-0.01,0.24,3.53,0.19,0.0,0.1,0.48,0.24,50.0,0.48,0.24,0.2,0.4,7.8,0.0,0.0,0.0,0.17,0.01,0.01,62.9,8.31,33.3,27.3,2.71,1.55,62.9,0.39,88.9,0.05,11.1,37.7,0.0,0.24,0.24,43.9,1.4,0.68,1.06,1.4,0.68,46.7,0.77,1.21,0.29,1.11,2.51,4.06,0.0,0.68,0.67,0.0,0.0,0.0,0.0,0.0,0.0,0.0,0.0,0.0,0.0,0.0,0.0,0.0,0.0,0.0,1.4,0.68,0.0,0.0,1.11,1.06,0.0,0.0,0.0,3.67,2.51,61.9,,,,,,,,,,,,,,,,,,,,,,,,,,,,
Robert Castellanos,us USA,DF,Sporting KC,25,1998,14,10,1034,11.5,0.09,0.0,0.09,0.09,0.0,0.0,0.17,0.0,0.08,0.08,0.01,0.09,0.09,1.74,0.0,0.09,0.0,0.09,0.09,0.09,0.08,0.01,0.09,0.08,0.09,Matches,2024,11.5,49.6,13.5,30.0,5.83,57.7,14.8,31.9,9.48,85.8,91.2,94.0,61.5,1031.8,349.6,49.6,13.5,30.0,5.83,57.7,14.8,31.9,9.48,85.8,91.2,94.0,61.5,49.6,13.5,30.0,5.83,57.7,14.8,31.9,9.48,85.8,91.2,94.0,61.5,49.6,13.5,30.0,5.83,57.7,14.8,31.9,9.48,85.8,91.2,94.0,61.5,0.0,0.01,-0.01,0.17,1.65,0.0,0.0,0.09,0.61,0.26,42.9,0.61,0.26,0.14,0.33,8.2,0.0,0.0,0.0,0.13,0.01,0.01,66.8,7.74,38.1,27.3,1.48,1.13,66.8,0.17,100.0,0.0,0.0,40.7,0.0,0.26,0.0,45.2,0.52,0.17,0.35,0.52,0.17,33.3,0.35,1.04,0.09,1.04,1.57,4.78,0.0,0.52,0.52,0.0,0.0,0.0,0.0,0.0,0.0,0.0,0.0,0.0,0.0,0.0,0.0,0.0,0.0,0.0,0.96,0.35,0.09,0.09,1.04,0.35,0.0,0.0,0.0,3.13,4.17,70.6,,,,,,,,,,,,,,,,,,,,,,,,,,,,
Roman Celentano,us USA,GK,FC Cincinnati,23,2000,30,30,2700,30.0,0.0,0.0,0.0,0.0,0.0,0.0,0.03,0.0,0.0,0.0,0.0,0.0,0.0,0.0,0.0,0.0,0.0,0.0,0.0,0.0,0.0,0.0,0.0,0.0,0.0,Matches,2024,30.0,22.7,7.0,10.1,5.4,29.3,7.0,10.5,11.2,77.7,100.0,96.5,48.1,536.2,370.1,22.7,7.0,10.1,5.4,29.3,7.0,10.5,11.2,77.7,100.0,96.5,48.1,22.7,7.0,10.1,5.4,29.3,7.0,10.5,11.2,77.7,100.0,96.5,48.1,22.7,7.0,10.1,5.4,29.3,7.0,10.5,11.2,77.7,100.0,96.5,48.1,0.0,0.0,0.0,0.0,0.07,0.0,0.0,0.0,0.0,0.0,,0.0,0.0,,,,0.0,0.0,0.0,,0.0,0.0,31.5,26.6,31.4,0.1,0.0,0.0,31.5,0.0,,0.0,,15.9,0.0,0.03,0.0,13.1,0.0,0.0,0.0,0.0,0.0,0.0,0.1,0.0,0.0,0.0,0.0,0.4,0.07,0.03,0.03,0.0,0.0,0.0,0.0,0.0,0.0,0.0,0.0,0.0,0.0,0.0,0.0,0.0,0.0,0.0,0.0,0.2,0.0,0.0,0.0,0.0,0.0,0.0,0.0,1.4,0.3,100.0,1.4,0.17,0.2,0.07,1.36,0.28,0.03,0.03,22.1,4.3,27.9,31.6,29.9,30.3,13.3,27.9,31.6,29.9,30.3,13.3,12.0,0.93,7.8,0.83,0.83,29.9,30.3,13.3
Edwin Cerrillo,us USA,MF,LA Galaxy,23,2000,33,24,2082,23.1,0.04,0.0,0.04,0.04,0.0,0.0,0.3,0.0,0.0,0.0,0.01,0.02,0.3,3.51,0.74,0.04,0.0,0.04,0.04,0.04,0.01,0.01,0.02,0.01,0.02,Matches,2024,23.1,65.8,33.8,24.8,4.24,69.8,35.2,25.5,5.28,94.2,96.1,97.1,80.3,1035.5,277.5,65.8,33.8,24.8,4.24,69.8,35.2,25.5,5.28,94.2,96.1,97.1,80.3,65.8,33.8,24.8,4.24,69.8,35.2,25.5,5.28,94.2,96.1,97.1,80.3,65.8,33.8,24.8,4.24,69.8,35.2,25.5,5.28,94.2,96.1,97.1,80.3,0.0,0.03,-0.01,0.26,4.68,0.13,0.0,0.04,0.13,0.04,33.3,0.13,0.04,0.33,1.0,27.0,0.0,0.0,0.0,0.04,0.04,0.04,76.9,3.42,20.6,49.1,7.92,0.04,76.9,0.52,50.0,0.48,45.8,48.6,0.0,0.69,0.74,61.1,1.47,0.65,0.91,1.47,0.65,46.9,0.74,1.17,0.78,0.61,2.08,1.43,0.04,0.78,0.78,0.0,0.0,0.0,0.0,0.09,0.0,0.04,0.04,0.0,0.0,0.0,0.0,0.09,0.0,0.0,1.82,0.95,0.0,0.0,0.61,0.91,0.0,0.0,0.0,5.32,0.3,33.3,,,,,,,,,,,,,,,,,,,,,,,,,,,,
Dylan Chambost,fr FRA,"MF,FW",Columbus Crew,26,1997,10,6,552,6.1,0.0,0.66,0.66,0.0,0.0,0.0,0.0,0.0,0.08,0.08,0.26,0.34,1.31,7.21,2.79,0.0,0.65,0.65,0.0,0.65,0.08,0.26,0.34,0.08,0.34,Matches,2024,6.1,66.9,32.0,27.9,6.72,79.7,35.1,30.8,11.1,84.0,91.1,90.4,60.3,1191.5,347.5,66.9,32.0,27.9,6.72,79.7,35.1,30.8,11.1,84.0,91.1,90.4,60.3,66.9,32.0,27.9,6.72,79.7,35.1,30.8,11.1,84.0,91.1,90.4,60.3,66.9,32.0,27.9,6.72,79.7,35.1,30.8,11.1,84.0,91.1,90.4,60.3,0.66,0.15,0.39,2.62,6.56,0.82,0.0,0.0,1.15,0.49,42.9,1.14,0.49,0.0,0.0,25.8,0.16,0.0,0.0,0.07,-0.08,-0.08,87.9,0.98,15.7,46.6,26.2,0.98,87.9,0.49,50.0,0.49,50.0,47.5,0.16,0.98,0.33,68.7,1.48,0.33,0.82,1.48,0.33,50.0,0.33,1.64,1.48,0.82,2.3,0.82,0.0,4.75,4.73,0.0,0.0,0.0,0.0,0.16,0.16,0.98,0.98,0.0,0.0,0.0,0.0,0.16,0.16,0.0,0.82,0.49,0.16,4.92,0.82,0.82,0.0,0.0,0.0,5.41,0.66,33.3,,,,,,,,,,,,,,,,,,,,,,,,,,,,
Tomás Chancalay,ar ARG,FW,NE Revolution,25,1999,12,11,929,10.3,0.19,0.1,0.29,0.19,0.0,0.0,0.39,0.0,0.31,0.31,0.18,0.49,2.04,3.4,7.57,0.19,0.1,0.29,0.19,0.29,0.31,0.18,0.49,0.31,0.49,Matches,2024,10.3,24.5,11.0,9.42,3.4,33.8,12.4,12.0,6.7,72.4,88.3,78.2,50.7,468.2,99.6,24.5,11.0,9.42,3.4,33.8,12.4,12.0,6.7,72.4,88.3,78.2,50.7,24.5,11.0,9.42,3.4,33.8,12.4,12.0,6.7,72.4,88.3,78.2,50.7,24.5,11.0,9.42,3.4,33.8,12.4,12.0,6.7,72.4,88.3,78.2,50.7,0.1,0.19,-0.09,1.26,2.14,0.87,0.39,0.19,4.37,1.46,33.3,4.36,1.45,0.04,0.13,19.6,0.0,0.0,0.0,0.07,-0.12,-0.12,45.8,0.78,5.34,19.3,21.7,4.47,45.8,1.94,66.7,0.97,33.3,27.8,0.68,2.14,1.94,32.9,0.97,0.39,0.39,0.97,0.39,20.0,1.55,0.97,0.97,0.1,1.07,0.19,0.1,2.72,2.71,0.49,0.0,0.0,0.0,0.0,0.0,0.1,0.1,0.49,0.0,0.0,0.0,0.0,0.0,0.0,1.55,0.39,0.49,3.4,0.1,0.39,0.0,0.0,0.0,3.59,0.78,36.4,,,,,,,,,,,,,,,,,,,,,,,,,,,,
Maikel Chang,cu CUB,"FW,MF",Real Salt Lake,32,1991,22,3,368,4.1,0.0,0.73,0.73,0.0,0.0,0.0,0.49,0.0,0.05,0.05,0.2,0.24,2.2,7.32,14.1,0.0,0.73,0.73,0.0,0.73,0.05,0.19,0.24,0.05,0.24,Matches,2024,4.1,38.8,16.6,17.6,3.9,56.6,20.2,22.4,9.02,68.5,81.9,78.3,43.2,699.3,202.0,38.8,16.6,17.6,3.9,56.6,20.2,22.4,9.02,68.5,81.9,78.3,43.2,38.8,16.6,17.6,3.9,56.6,20.2,22.4,9.02,68.5,81.9,78.3,43.2,38.8,16.6,17.6,3.9,56.6,20.2,22.4,9.02,68.5,81.9,78.3,43.2,0.73,0.15,0.54,2.44,2.93,3.17,0.49,0.0,0.98,0.0,0.0,0.98,0.0,0.0,,14.7,0.0,0.0,0.0,0.05,-0.05,-0.05,68.8,1.95,10.5,25.9,33.4,3.17,68.8,0.73,37.5,0.73,37.5,37.8,0.73,1.71,0.98,45.9,2.2,1.22,1.71,2.2,1.22,41.7,1.71,2.44,2.44,0.73,2.93,1.71,0.0,5.12,5.12,0.24,0.0,0.49,0.0,0.0,0.0,0.73,0.73,0.24,0.0,0.49,0.0,0.0,0.0,0.0,0.73,1.46,0.24,8.05,0.73,1.71,0.0,0.0,0.0,4.63,0.73,25.0,,,,,,,,,,,,,,,,,,,,,,,,,,,,
Maxime Chanot,lu LUX,DF,LAFC,34,1989,23,15,1333,14.8,0.0,0.14,0.14,0.0,0.0,0.0,0.34,0.0,0.09,0.09,0.01,0.11,0.2,1.82,0.14,0.0,0.14,0.14,0.0,0.14,0.09,0.01,0.1,0.09,0.1,Matches,2024,14.8,53.5,14.4,33.3,5.14,58.3,15.0,34.5,7.7,91.8,95.9,96.5,66.7,1061.3,349.7,53.5,14.4,33.3,5.14,58.3,15.0,34.5,7.7,91.8,95.9,96.5,66.7,53.5,14.4,33.3,5.14,58.3,15.0,34.5,7.7,91.8,95.9,96.5,66.7,53.5,14.4,33.3,5.14,58.3,15.0,34.5,7.7,91.8,95.9,96.5,66.7,0.14,0.01,0.12,0.27,1.69,0.27,0.07,0.0,0.95,0.07,7.1,0.95,0.07,0.0,0.0,13.0,0.0,0.0,0.0,0.1,-0.09,-0.09,70.1,10.7,40.0,28.0,2.36,1.15,70.1,0.34,83.3,0.0,0.0,39.7,0.07,0.34,0.27,47.2,1.35,0.74,1.01,1.35,0.74,57.9,0.54,1.76,0.34,1.62,2.97,5.34,0.0,0.61,0.61,0.0,0.0,0.0,0.0,0.0,0.0,0.0,0.0,0.0,0.0,0.0,0.0,0.0,0.0,0.0,0.61,0.61,0.0,0.07,1.62,1.01,0.0,0.0,0.0,3.24,1.82,62.8,,,,,,,,,,,,,,,,,,,,,,,,,,,,
Diego Chará,co COL,MF,Portland Timbers,37,1986,32,28,2424,26.9,0.0,0.0,0.0,0.0,0.0,0.0,0.33,0.04,0.0,0.0,0.03,0.03,0.41,5.13,0.82,0.0,0.0,0.0,0.0,0.0,0.0,0.03,0.03,0.0,0.03,Matches,2024,26.9,47.3,21.9,19.9,4.46,51.9,23.4,21.3,5.5,91.1,93.8,93.5,81.1,820.7,274.6,47.3,21.9,19.9,4.46,51.9,23.4,21.3,5.5,91.1,93.8,93.5,81.1,47.3,21.9,19.9,4.46,51.9,23.4,21.3,5.5,91.1,93.8,93.5,81.1,47.3,21.9,19.9,4.46,51.9,23.4,21.3,5.5,91.1,93.8,93.5,81.1,0.0,0.04,-0.03,0.48,5.84,0.41,0.15,0.0,0.04,0.0,0.0,0.04,0.0,0.0,,25.0,0.0,0.0,0.0,0.03,0.0,0.0,59.2,2.68,15.3,39.6,4.91,0.15,59.2,0.33,50.0,0.22,33.3,31.2,0.04,0.71,0.22,40.1,2.34,1.12,1.49,2.34,1.12,69.8,0.48,0.93,0.56,1.26,3.61,1.26,0.07,1.71,1.71,0.0,0.0,0.19,0.0,0.04,0.0,0.15,0.15,0.0,0.0,0.19,0.0,0.04,0.0,0.04,1.78,1.3,0.0,0.3,1.26,1.49,0.0,0.07,0.0,6.1,0.22,35.3,,,,,,,,,,,,,,,,,,,,,,,,,,,,
Gabriel Chaves,br BRA,FW,LA Galaxy,22,2001,33,30,2727,30.3,0.53,0.4,0.92,0.5,0.03,0.07,0.03,0.0,0.48,0.42,0.35,0.77,6.44,3.8,12.3,0.53,0.4,0.92,0.5,0.89,0.48,0.35,0.83,0.42,0.77,Matches,2024,30.3,39.5,22.7,13.1,1.58,46.3,24.2,14.9,2.74,85.4,94.0,88.0,57.8,557.3,106.9,39.5,22.7,13.1,1.58,46.3,24.2,14.9,2.74,85.4,94.0,88.0,57.8,39.5,22.7,13.1,1.58,46.3,24.2,14.9,2.74,85.4,94.0,88.0,57.8,39.5,22.7,13.1,1.58,46.3,24.2,14.9,2.74,85.4,94.0,88.0,57.8,0.4,0.29,0.04,1.75,1.29,1.58,0.1,0.53,4.03,1.88,46.7,4.03,1.88,0.12,0.26,17.6,0.13,0.03,0.07,0.11,0.05,0.08,59.9,0.5,5.28,20.9,35.1,7.0,59.9,2.21,43.8,2.44,48.4,40.9,2.87,2.74,1.85,46.2,1.25,0.43,0.83,1.25,0.43,36.1,0.76,0.86,0.76,0.66,1.91,0.26,0.0,4.09,4.09,0.46,0.1,0.17,0.0,0.07,0.0,0.79,0.79,0.46,0.1,0.17,0.0,0.07,0.0,0.0,0.92,1.35,0.26,2.05,0.66,0.83,0.0,0.0,0.0,4.59,0.26,26.7,,,,,,,,,,,,,,,,,,,,,,,,,,,,
Yevhen Cheberko,ua UKR,DF,Columbus Crew,26,1998,25,17,1689,18.8,0.05,0.0,0.05,0.05,0.0,0.0,0.21,0.0,0.02,0.02,0.02,0.04,0.96,4.26,0.48,0.05,0.0,0.05,0.05,0.05,0.02,0.02,0.04,0.02,0.04,Matches,2024,18.8,73.8,33.9,34.0,4.89,80.7,35.4,36.0,7.23,91.4,95.9,94.4,67.6,1259.0,542.2,73.8,33.9,34.0,4.89,80.7,35.4,36.0,7.23,91.4,95.9,94.4,67.6,73.8,33.9,34.0,4.89,80.7,35.4,36.0,7.23,91.4,95.9,94.4,67.6,73.8,33.9,34.0,4.89,80.7,35.4,36.0,7.23,91.4,95.9,94.4,67.6,0.0,0.03,-0.02,0.16,5.43,0.27,0.0,0.05,0.32,0.05,16.7,0.32,0.05,0.17,1.0,14.0,0.0,0.0,0.0,0.07,0.03,0.03,90.4,8.72,40.9,45.3,4.89,0.69,90.4,0.21,26.7,0.48,60.0,55.7,0.0,0.27,0.21,65.2,1.38,0.69,0.74,1.38,0.69,50.0,0.69,1.38,0.59,1.44,2.82,3.56,0.0,0.74,0.75,0.0,0.0,0.0,0.0,0.0,0.0,0.16,0.16,0.0,0.0,0.0,0.0,0.0,0.0,0.0,0.53,0.8,0.0,0.16,1.44,0.74,0.0,0.0,0.0,4.47,1.33,47.2,,,,,,,,,,,,,,,,,,,,,,,,,,,,
Mathieu Choiniere,ca CAN,MF,CF Montréal,24,1999,17,17,1497,16.6,0.12,0.06,0.18,0.06,0.06,0.06,0.3,0.0,0.08,0.03,0.1,0.13,1.39,4.88,2.59,0.12,0.06,0.18,0.06,0.12,0.08,0.1,0.18,0.03,0.13,Matches,2024,16.6,50.4,28.4,16.6,3.01,60.1,31.7,19.0,5.72,84.0,89.7,87.6,52.6,747.5,228.7,50.4,28.4,16.6,3.01,60.1,31.7,19.0,5.72,84.0,89.7,87.6,52.6,50.4,28.4,16.6,3.01,60.1,31.7,19.0,5.72,84.0,89.7,87.6,52.6,50.4,28.4,16.6,3.01,60.1,31.7,19.0,5.72,84.0,89.7,87.6,52.6,0.06,0.13,-0.04,1.14,3.86,0.9,0.12,0.12,0.6,0.12,20.0,0.6,0.12,0.1,0.5,24.7,0.0,0.06,0.06,0.05,0.04,0.03,68.9,2.41,15.2,36.1,18.3,1.2,68.9,0.66,55.0,0.42,35.0,37.5,0.24,1.51,0.72,48.8,2.05,0.9,1.33,2.05,0.9,53.6,0.78,1.2,0.96,0.42,2.47,1.14,0.12,2.65,2.65,0.0,0.0,0.06,0.06,0.06,0.0,0.24,0.24,0.0,0.0,0.06,0.06,0.06,0.0,0.0,1.27,1.45,0.0,3.25,0.42,1.33,0.0,0.0,0.06,5.06,0.48,32.0,,,,,,,,,,,,,,,,,,,,,,,,,,,,
Léo Chú,br BRA,"FW,MF",Seattle Sounders,23,2000,14,12,714,7.9,0.13,0.25,0.38,0.13,0.0,0.0,0.0,0.0,0.1,0.1,0.14,0.24,3.04,1.77,9.62,0.13,0.25,0.38,0.13,0.38,0.11,0.13,0.24,0.11,0.24,Matches,2024,7.9,18.2,11.9,4.81,0.63,25.2,14.4,6.71,1.65,72.4,82.5,71.7,38.5,239.5,60.4,18.2,11.9,4.81,0.63,25.2,14.4,6.71,1.65,72.4,82.5,71.7,38.5,18.2,11.9,4.81,0.63,25.2,14.4,6.71,1.65,72.4,82.5,71.7,38.5,18.2,11.9,4.81,0.63,25.2,14.4,6.71,1.65,72.4,82.5,71.7,38.5,0.25,0.14,0.11,1.27,0.89,1.27,0.38,0.13,1.14,0.51,44.4,1.13,0.5,0.11,0.25,16.8,0.0,0.0,0.0,0.09,0.03,0.03,39.0,0.25,4.68,10.9,23.9,4.43,39.0,1.39,35.5,2.41,61.3,23.7,2.03,2.91,1.27,27.0,2.41,0.25,1.27,2.41,0.25,33.3,0.51,1.27,1.27,0.51,2.91,0.25,0.0,2.66,2.64,0.13,0.0,0.13,0.0,0.0,0.0,0.25,0.25,0.13,0.0,0.13,0.0,0.0,0.0,0.0,1.27,0.51,0.0,2.15,0.51,1.27,0.0,0.0,0.0,4.56,0.38,50.0,,,,,,,,,,,,,,,,,,,,,,,,,,,,
Caden Clark,us USA,"DF,FW",Minnesota Utd,20,2003,23,11,1032,11.5,0.0,0.0,0.0,0.0,0.0,0.0,0.26,0.0,0.06,0.06,0.1,0.16,2.52,3.48,7.48,0.0,0.0,0.0,0.0,0.0,0.06,0.1,0.16,0.06,0.16,Matches,2024,11.5,24.6,13.2,9.74,1.04,36.0,17.1,12.4,3.04,68.4,77.2,78.3,34.3,382.3,122.0,24.6,13.2,9.74,1.04,36.0,17.1,12.4,3.04,68.4,77.2,78.3,34.3,24.6,13.2,9.74,1.04,36.0,17.1,12.4,3.04,68.4,77.2,78.3,34.3,24.6,13.2,9.74,1.04,36.0,17.1,12.4,3.04,68.4,77.2,78.3,34.3,0.0,0.12,-0.1,0.87,1.74,0.87,0.09,0.0,1.39,0.09,6.3,1.4,0.09,0.0,0.0,20.4,0.0,0.0,0.0,0.04,-0.06,-0.06,50.6,1.83,10.3,22.4,18.2,3.22,50.6,0.96,42.3,1.3,57.7,26.3,0.61,2.43,0.61,30.5,2.7,1.13,1.74,2.7,1.13,52.0,1.04,2.09,1.57,1.3,4.0,1.22,0.09,1.83,1.83,0.26,0.0,0.0,0.0,0.0,0.0,0.17,0.17,0.26,0.0,0.0,0.0,0.0,0.0,0.0,1.48,0.61,0.17,1.65,1.3,1.74,0.0,0.0,0.0,3.91,0.87,47.6,,,,,,,,,,,,,,,,,,,,,,,,,,,,
Caden Clark,us USA,MF,CF Montréal,20,2003,9,8,669,7.4,0.54,0.27,0.81,0.54,0.0,0.0,0.14,0.0,0.36,0.36,0.15,0.51,2.43,4.46,5.95,0.54,0.27,0.81,0.54,0.81,0.36,0.14,0.51,0.36,0.51,Matches,2024,7.4,25.3,15.8,7.84,0.81,30.5,17.4,9.46,1.49,82.7,90.7,82.9,54.5,354.5,106.8,25.3,15.8,7.84,0.81,30.5,17.4,9.46,1.49,82.7,90.7,82.9,54.5,25.3,15.8,7.84,0.81,30.5,17.4,9.46,1.49,82.7,90.7,82.9,54.5,25.3,15.8,7.84,0.81,30.5,17.4,9.46,1.49,82.7,90.7,82.9,54.5,0.27,0.16,0.12,1.62,2.16,1.62,0.14,0.54,1.89,1.08,57.1,1.88,1.08,0.29,0.5,16.7,0.0,0.0,0.0,0.2,0.18,0.18,42.2,0.41,6.76,18.9,17.2,2.97,42.2,1.08,57.1,0.54,28.6,28.6,0.68,2.7,1.35,30.8,2.03,0.95,1.49,2.03,0.95,77.8,0.27,1.08,0.95,0.0,2.03,0.68,0.0,4.32,4.3,0.27,0.14,0.14,0.0,0.0,0.0,0.68,0.67,0.27,0.14,0.14,0.0,0.0,0.0,0.0,1.35,2.3,0.0,0.81,0.0,1.49,0.0,0.0,0.0,4.05,0.27,22.2,,,,,,,,,,,,,,,,,,,,,,,,,,,,
Steve Clark,us USA,GK,Houston Dynamo,37,1986,31,31,2772,30.8,0.0,0.0,0.0,0.0,0.0,0.0,0.03,0.0,0.0,0.0,0.0,0.0,0.0,0.0,0.0,0.0,0.0,0.0,0.0,0.0,0.0,0.0,0.0,0.0,0.0,Matches,2024,30.8,24.4,7.92,10.6,5.58,29.1,7.99,10.9,9.9,83.8,99.2,97.0,56.4,538.6,353.6,24.4,7.92,10.6,5.58,29.1,7.99,10.9,9.9,83.8,99.2,97.0,56.4,24.4,7.92,10.6,5.58,29.1,7.99,10.9,9.9,83.8,99.2,97.0,56.4,24.4,7.92,10.6,5.58,29.1,7.99,10.9,9.9,83.8,99.2,97.0,56.4,0.0,0.0,0.0,0.0,0.1,0.0,0.0,0.0,0.0,0.0,,0.0,0.0,,,,0.0,0.0,0.0,,0.0,0.0,30.9,27.1,30.8,0.13,0.0,0.0,30.9,0.03,100.0,0.0,0.0,19.5,0.0,0.03,0.03,15.9,0.03,0.03,0.03,0.03,0.03,100.0,0.0,0.0,0.0,0.0,0.03,0.42,0.06,0.13,0.13,0.0,0.0,0.0,0.0,0.0,0.0,0.06,0.06,0.0,0.0,0.0,0.0,0.0,0.0,0.0,0.0,0.13,0.0,0.0,0.0,0.03,0.0,0.0,0.0,1.72,0.19,85.7,1.1,0.13,0.19,0.03,1.3,0.3,0.22,0.22,24.6,3.99,17.5,30.4,25.8,31.5,14.6,17.5,30.4,25.8,31.5,14.6,12.9,0.58,4.5,1.1,1.1,25.8,31.5,14.6
Noah Cobb,us USA,DF,Atlanta Utd,18,2005,19,16,1353,15.0,0.0,0.0,0.0,0.0,0.0,0.0,0.07,0.0,0.03,0.03,0.0,0.03,0.13,3.0,0.07,0.0,0.0,0.0,0.0,0.0,0.03,0.0,0.03,0.03,0.03,Matches,2024,15.0,42.0,12.7,23.9,5.07,50.5,14.4,26.1,9.27,83.1,88.0,91.8,54.7,863.3,323.9,42.0,12.7,23.9,5.07,50.5,14.4,26.1,9.27,83.1,88.0,91.8,54.7,42.0,12.7,23.9,5.07,50.5,14.4,26.1,9.27,83.1,88.0,91.8,54.7,42.0,12.7,23.9,5.07,50.5,14.4,26.1,9.27,83.1,88.0,91.8,54.7,0.0,0.01,0.0,0.13,2.4,0.0,0.0,0.0,0.13,0.07,50.0,0.13,0.07,0.0,0.0,7.1,0.0,0.0,0.0,0.22,-0.03,-0.03,59.3,6.27,34.1,24.5,0.73,0.13,59.3,0.0,,0.0,,34.1,0.0,0.4,0.13,40.0,1.33,1.0,0.93,1.33,1.0,68.2,0.47,1.6,0.53,0.6,1.93,4.0,0.0,0.4,0.4,0.0,0.0,0.0,0.0,0.0,0.0,0.0,0.0,0.0,0.0,0.0,0.0,0.0,0.0,0.0,0.53,0.2,0.0,0.07,0.6,0.93,0.0,0.0,0.0,3.33,1.93,46.8,,,,,,,,,,,,,,,,,,,,,,,,,,,,
Matías Cóccaro,uy URU,"FW,MF",CF Montréal,26,1997,22,10,902,10.0,0.4,0.1,0.5,0.2,0.2,0.2,0.2,0.0,0.44,0.28,0.08,0.36,0.9,1.9,5.1,0.4,0.1,0.5,0.2,0.3,0.44,0.08,0.51,0.28,0.36,Matches,2024,10.0,15.3,9.0,4.3,0.7,22.3,12.1,6.4,1.6,68.6,74.4,67.2,43.8,206.3,32.7,15.3,9.0,4.3,0.7,22.3,12.1,6.4,1.6,68.6,74.4,67.2,43.8,15.3,9.0,4.3,0.7,22.3,12.1,6.4,1.6,68.6,74.4,67.2,43.8,15.3,9.0,4.3,0.7,22.3,12.1,6.4,1.6,68.6,74.4,67.2,43.8,0.1,0.06,0.02,0.7,0.7,0.4,0.0,0.4,2.6,1.1,42.3,2.59,1.1,0.08,0.18,16.4,0.0,0.2,0.2,0.11,-0.04,-0.08,35.3,1.4,3.4,16.1,16.1,5.0,35.1,0.7,33.3,1.1,52.4,19.9,0.5,2.1,1.2,24.8,0.9,0.4,0.7,0.9,0.4,66.7,0.2,1.9,1.6,0.3,1.2,1.0,0.0,3.2,3.17,0.3,0.0,0.5,0.2,0.2,0.1,0.5,0.5,0.3,0.0,0.5,0.2,0.2,0.1,0.0,1.9,2.5,0.5,0.8,0.3,0.7,0.2,0.0,0.0,2.7,2.3,46.9,,,,,,,,,,,,,,,,,,,,,,,,,,,,
Alonso Coello,es ESP,MF,Toronto FC,24,1999,25,20,1530,17.0,0.06,0.12,0.18,0.06,0.0,0.0,0.24,0.0,0.02,0.02,0.09,0.12,0.65,8.18,0.71,0.06,0.12,0.18,0.06,0.18,0.02,0.09,0.12,0.02,0.12,Matches,2024,17.0,59.8,25.1,25.4,7.82,70.6,27.6,28.7,11.2,84.6,90.6,88.3,69.6,1114.7,374.9,59.8,25.1,25.4,7.82,70.6,27.6,28.7,11.2,84.6,90.6,88.3,69.6,59.8,25.1,25.4,7.82,70.6,27.6,28.7,11.2,84.6,90.6,88.3,69.6,59.8,25.1,25.4,7.82,70.6,27.6,28.7,11.2,84.6,90.6,88.3,69.6,0.12,0.09,0.02,1.06,7.41,1.18,0.06,0.06,0.47,0.24,50.0,0.47,0.24,0.13,0.25,17.0,0.0,0.0,0.0,0.05,0.04,0.04,79.9,2.35,20.5,49.5,10.5,0.59,79.9,0.82,63.6,0.35,27.3,43.6,0.0,1.0,0.82,58.9,2.59,1.47,1.41,2.59,1.47,59.5,1.0,1.53,1.29,1.59,4.18,0.65,0.06,2.94,2.94,0.12,0.0,0.06,0.0,0.06,0.0,0.47,0.47,0.12,0.0,0.06,0.0,0.06,0.0,0.0,0.59,0.41,0.0,0.29,1.59,1.41,0.0,0.0,0.0,6.82,0.71,57.1,,,,,,,,,,,,,,,,,,,,,,,,,,,,
Josh Cohen,us USA,GK,Atlanta Utd,31,1992,3,2,209,2.3,0.0,0.0,0.0,0.0,0.0,0.0,0.0,0.0,0.0,0.0,0.0,0.0,0.0,0.0,0.0,0.0,0.0,0.0,0.0,0.0,0.0,0.0,0.0,0.0,0.0,Matches,2024,2.3,30.4,5.65,15.2,8.7,36.1,5.65,15.7,13.5,84.3,100.0,97.2,64.5,794.3,530.9,30.4,5.65,15.2,8.7,36.1,5.65,15.7,13.5,84.3,100.0,97.2,64.5,30.4,5.65,15.2,8.7,36.1,5.65,15.7,13.5,84.3,100.0,97.2,64.5,30.4,5.65,15.2,8.7,36.1,5.65,15.7,13.5,84.3,100.0,97.2,64.5,0.0,0.0,0.0,0.0,0.43,0.0,0.0,0.0,0.0,0.0,,0.0,0.0,,,,0.0,0.0,0.0,,0.0,0.0,36.5,30.4,36.5,0.0,0.0,0.0,36.5,0.0,,0.0,,21.7,0.0,0.0,0.0,19.1,0.0,0.0,0.0,0.0,0.0,,0.0,0.0,0.0,0.0,0.0,0.0,0.0,0.0,0.0,0.0,0.0,0.0,0.0,0.0,0.0,0.0,0.0,0.0,0.0,0.0,0.0,0.0,0.0,0.0,0.0,0.0,0.0,0.0,0.0,0.0,0.0,0.0,0.0,1.74,0.0,,2.17,0.0,0.0,0.43,0.65,0.15,-1.09,-1.07,32.2,6.09,31.1,11.1,29.5,22.1,10.7,31.1,11.1,29.5,22.1,10.7,10.9,0.43,4.0,0.0,0.0,29.5,22.1,10.7
Enzo Copetti,ar ARG,FW,Charlotte,28,1996,9,6,495,5.5,0.18,0.18,0.36,0.18,0.0,0.0,0.18,0.0,0.31,0.31,0.09,0.4,1.45,0.91,3.27,0.18,0.18,0.36,0.18,0.36,0.31,0.09,0.39,0.31,0.39,Matches,2024,5.5,13.8,7.82,2.91,0.91,21.3,11.3,5.09,1.45,65.0,69.4,57.1,62.5,179.3,29.5,13.8,7.82,2.91,0.91,21.3,11.3,5.09,1.45,65.0,69.4,57.1,62.5,13.8,7.82,2.91,0.91,21.3,11.3,5.09,1.45,65.0,69.4,57.1,62.5,13.8,7.82,2.91,0.91,21.3,11.3,5.09,1.45,65.0,69.4,57.1,62.5,0.18,0.11,0.09,1.09,0.55,0.36,0.18,0.18,1.45,1.09,75.0,1.45,1.09,0.13,0.17,11.4,0.0,0.0,0.0,0.21,-0.13,-0.13,29.5,0.73,1.64,11.6,16.5,3.82,29.5,0.73,44.4,0.91,55.6,15.1,0.73,2.0,0.55,20.7,0.18,0.0,0.0,0.18,0.0,0.0,0.55,0.36,0.18,0.36,0.55,0.55,0.0,2.73,2.73,0.55,0.18,0.0,0.0,0.18,0.0,0.18,0.18,0.55,0.18,0.0,0.0,0.18,0.0,0.0,1.27,1.27,1.45,0.55,0.36,0.0,0.0,0.0,0.0,2.18,2.18,38.7,,,,,,,,,,,,,,,,,,,,,,,,,,,,
Gabriele Corbo,it ITA,DF,CF Montréal,24,2000,28,18,1725,19.2,0.0,0.0,0.0,0.0,0.0,0.0,0.05,0.0,0.02,0.02,0.06,0.07,0.42,3.65,0.36,0.0,0.0,0.0,0.0,0.0,0.01,0.06,0.07,0.01,0.07,Matches,2024,19.2,55.4,19.5,29.6,5.89,64.8,20.4,32.6,10.4,85.5,95.4,90.9,56.8,1070.5,458.5,55.4,19.5,29.6,5.89,64.8,20.4,32.6,10.4,85.5,95.4,90.9,56.8,55.4,19.5,29.6,5.89,64.8,20.4,32.6,10.4,85.5,95.4,90.9,56.8,55.4,19.5,29.6,5.89,64.8,20.4,32.6,10.4,85.5,95.4,90.9,56.8,0.0,0.04,-0.06,0.42,4.11,0.16,0.05,0.0,0.42,0.0,0.0,0.42,0.0,0.0,,26.3,0.05,0.0,0.0,0.04,-0.02,-0.02,75.1,12.0,45.2,26.4,3.65,0.42,75.1,0.1,100.0,0.0,0.0,44.8,0.0,0.68,0.21,53.2,0.83,0.42,0.57,0.83,0.42,57.1,0.31,1.51,0.31,0.73,1.56,5.31,0.0,1.09,1.1,0.0,0.0,0.0,0.0,0.0,0.0,0.05,0.05,0.0,0.0,0.0,0.0,0.0,0.0,0.0,0.78,0.36,0.05,0.31,0.73,0.57,0.0,0.0,0.0,3.54,0.63,37.5,,,,,,,,,,,,,,,,,,,,,,,,,,,,
Carlos Coronel,py PAR,GK,NY Red Bulls,27,1996,27,27,2430,27.0,0.0,0.0,0.0,0.0,0.0,0.0,0.07,0.0,0.0,0.0,0.0,0.0,0.0,0.0,0.0,0.0,0.0,0.0,0.0,0.0,0.0,0.0,0.0,0.0,0.0,Matches,2024,27.0,20.8,3.67,9.93,7.22,33.0,3.74,9.96,19.2,63.1,98.0,99.6,37.6,616.0,458.6,20.8,3.67,9.93,7.22,33.0,3.74,9.96,19.2,63.1,98.0,99.6,37.6,20.8,3.67,9.93,7.22,33.0,3.74,9.96,19.2,63.1,98.0,99.6,37.6,20.8,3.67,9.93,7.22,33.0,3.74,9.96,19.2,63.1,98.0,99.6,37.6,0.0,0.0,0.0,0.0,0.48,0.0,0.0,0.0,0.0,0.0,,0.0,0.0,,,,0.0,0.0,0.0,,0.0,0.0,35.3,28.3,35.3,0.07,0.0,0.0,35.3,0.04,100.0,0.0,0.0,19.6,0.0,0.04,0.0,16.2,0.0,0.0,0.0,0.0,0.0,0.0,0.11,0.0,0.0,0.0,0.0,0.78,0.07,0.11,0.11,0.0,0.0,0.0,0.0,0.0,0.0,0.04,0.04,0.0,0.0,0.0,0.0,0.0,0.0,0.0,0.0,0.11,0.0,0.0,0.0,0.0,0.0,0.0,0.0,1.04,0.26,77.8,1.63,0.22,0.15,0.07,1.45,0.3,-0.11,-0.11,26.2,3.74,43.4,69.2,37.8,52.0,14.1,43.4,69.2,37.8,52.0,14.1,13.1,0.74,5.7,1.26,1.26,37.8,52.0,14.1
Vitor Costa,br BRA,DF,SJ Earthquakes,29,1994,29,22,2101,23.3,0.09,0.13,0.21,0.09,0.0,0.0,0.34,0.0,0.08,0.08,0.07,0.15,1.46,2.32,3.65,0.09,0.13,0.21,0.09,0.21,0.08,0.07,0.15,0.08,0.15,Matches,2024,23.3,33.9,15.6,14.3,3.18,44.3,17.6,18.0,6.27,76.6,88.3,79.5,50.7,593.0,190.0,33.9,15.6,14.3,3.18,44.3,17.6,18.0,6.27,76.6,88.3,79.5,50.7,33.9,15.6,14.3,3.18,44.3,17.6,18.0,6.27,76.6,88.3,79.5,50.7,33.9,15.6,14.3,3.18,44.3,17.6,18.0,6.27,76.6,88.3,79.5,50.7,0.13,0.05,0.06,0.6,2.02,0.6,0.17,0.09,0.86,0.13,15.0,0.86,0.13,0.1,0.67,16.8,0.0,0.0,0.0,0.1,0.0,0.0,57.6,4.76,22.2,24.1,11.8,1.85,57.6,0.56,59.1,0.26,27.3,27.3,0.21,0.86,0.52,30.5,3.48,1.93,1.85,3.48,1.93,58.4,1.37,1.24,0.94,1.2,4.68,3.99,0.04,1.59,1.58,0.13,0.04,0.0,0.0,0.04,0.0,0.21,0.21,0.13,0.04,0.0,0.0,0.04,0.0,0.0,1.29,1.5,0.17,1.46,1.2,1.85,0.0,0.0,0.0,4.16,1.42,51.6,,,,,,,,,,,,,,,,,,,,,,,,,,,,
Ben Cremaschi,us USA,MF,Inter Miami,18,2005,22,12,1140,12.7,0.31,0.08,0.39,0.31,0.0,0.0,0.24,0.0,0.3,0.3,0.09,0.38,1.65,4.72,4.09,0.32,0.08,0.39,0.32,0.39,0.3,0.08,0.38,0.3,0.38,Matches,2024,12.7,41.5,23.1,15.4,1.81,47.6,25.0,16.9,2.83,87.1,92.1,90.7,63.9,628.1,148.0,41.5,23.1,15.4,1.81,47.6,25.0,16.9,2.83,87.1,92.1,90.7,63.9,41.5,23.1,15.4,1.81,47.6,25.0,16.9,2.83,87.1,92.1,90.7,63.9,41.5,23.1,15.4,1.81,47.6,25.0,16.9,2.83,87.1,92.1,90.7,63.9,0.08,0.06,-0.01,1.02,2.91,0.71,0.0,0.31,1.42,0.55,38.9,1.42,0.55,0.22,0.57,14.4,0.0,0.0,0.0,0.21,0.02,0.02,59.4,1.57,12.6,32.4,15.1,2.44,59.4,1.18,37.5,1.89,60.0,36.1,0.39,1.89,1.42,43.4,1.5,0.71,1.18,1.5,0.71,36.0,1.26,1.1,0.87,1.26,2.76,0.94,0.0,1.73,1.73,0.0,0.0,0.08,0.08,0.0,0.0,0.31,0.32,0.0,0.0,0.08,0.08,0.0,0.0,0.0,0.71,1.18,0.08,0.24,1.26,1.18,0.0,0.0,0.0,6.22,0.63,33.3,,,,,,,,,,,,,,,,,,,,,,,,,,,,
Maxime Crépeau,ca CAN,GK,Portland Timbers,29,1994,20,20,1757,19.5,0.0,0.0,0.0,0.0,0.0,0.0,0.1,0.05,0.0,0.0,0.0,0.0,0.0,0.21,0.0,0.0,0.0,0.0,0.0,0.0,0.0,0.0,0.0,0.0,0.0,Matches,2024,19.5,30.8,4.31,16.3,10.1,39.1,4.31,16.5,18.1,78.7,100.0,98.8,56.0,867.5,623.0,30.8,4.31,16.3,10.1,39.1,4.31,16.5,18.1,78.7,100.0,98.8,56.0,30.8,4.31,16.3,10.1,39.1,4.31,16.5,18.1,78.7,100.0,98.8,56.0,30.8,4.31,16.3,10.1,39.1,4.31,16.5,18.1,78.7,100.0,98.8,56.0,0.0,0.01,0.0,0.05,0.77,0.05,0.0,0.0,0.0,0.0,,0.0,0.0,,,,0.0,0.0,0.0,,0.0,0.0,41.5,30.5,40.6,0.97,0.0,0.0,41.5,0.1,100.0,0.0,0.0,23.3,0.0,0.05,0.0,20.3,0.05,0.05,0.05,0.05,0.05,50.0,0.05,0.0,0.0,0.05,0.1,0.72,0.15,0.15,0.15,0.0,0.0,0.05,0.0,0.0,0.0,0.0,0.0,0.0,0.0,0.05,0.0,0.0,0.0,0.0,0.05,0.1,0.0,0.0,0.05,0.05,0.0,0.0,0.0,1.08,0.31,66.7,1.95,0.1,0.36,0.05,1.71,0.36,-0.18,-0.18,32.2,5.08,32.6,42.1,33.0,38.3,15.5,32.6,42.1,33.0,38.3,15.5,13.5,1.38,10.2,1.69,1.69,33.0,38.3,15.5
Matt Crooks,eng ENG,MF,Real Salt Lake,30,1994,29,23,1883,20.9,0.14,0.14,0.29,0.14,0.0,0.0,0.33,0.0,0.17,0.17,0.15,0.33,2.63,6.03,5.74,0.14,0.14,0.29,0.14,0.29,0.17,0.15,0.32,0.17,0.32,Matches,2024,20.9,35.5,19.4,13.6,2.01,42.4,22.0,15.8,2.68,83.5,88.5,86.1,75.0,557.7,150.0,35.5,19.4,13.6,2.01,42.4,22.0,15.8,2.68,83.5,88.5,86.1,75.0,35.5,19.4,13.6,2.01,42.4,22.0,15.8,2.68,83.5,88.5,86.1,75.0,35.5,19.4,13.6,2.01,42.4,22.0,15.8,2.68,83.5,88.5,86.1,75.0,0.14,0.08,-0.01,1.2,4.55,1.05,0.0,0.14,1.15,0.38,33.3,1.15,0.38,0.13,0.38,13.5,0.0,0.0,0.0,0.15,-0.03,-0.03,52.1,1.29,5.69,30.6,16.6,2.06,52.1,0.86,46.2,0.91,48.7,32.5,0.38,1.63,0.96,40.5,1.63,0.81,1.15,1.63,0.81,50.0,0.81,1.24,1.2,0.81,2.44,1.05,0.05,2.68,2.68,0.14,0.05,0.0,0.0,0.14,0.0,0.38,0.38,0.14,0.05,0.0,0.0,0.14,0.0,0.0,2.58,0.86,0.14,0.1,0.81,1.15,0.0,0.0,0.0,2.82,1.2,54.3,,,,,,,,,,,,,,,,,,,,,,,,,,,,
Andrés Cubas,py PAR,MF,Vancouver W'caps,27,1996,24,23,1931,21.5,0.0,0.05,0.05,0.0,0.0,0.0,0.33,0.0,0.01,0.01,0.03,0.03,0.19,3.58,0.09,0.0,0.05,0.05,0.0,0.05,0.01,0.03,0.03,0.01,0.03,Matches,2024,21.5,42.9,14.7,20.7,6.42,47.8,15.6,22.3,8.09,89.7,94.3,92.9,79.3,858.6,244.7,42.9,14.7,20.7,6.42,47.8,15.6,22.3,8.09,89.7,94.3,92.9,79.3,42.9,14.7,20.7,6.42,47.8,15.6,22.3,8.09,89.7,94.3,92.9,79.3,42.9,14.7,20.7,6.42,47.8,15.6,22.3,8.09,89.7,94.3,92.9,79.3,0.05,0.02,0.02,0.05,3.91,0.14,0.0,0.0,0.28,0.05,16.7,0.28,0.05,0.0,0.0,28.0,0.0,0.0,0.0,0.03,-0.01,-0.01,57.1,2.65,15.4,39.3,2.98,0.09,57.1,0.19,30.8,0.37,61.5,33.0,0.05,0.65,0.42,36.5,3.4,1.21,1.91,3.4,1.21,50.0,1.21,1.58,1.26,1.91,5.3,1.02,0.05,0.98,0.98,0.0,0.0,0.0,0.0,0.0,0.0,0.19,0.19,0.0,0.0,0.0,0.0,0.0,0.0,0.0,1.72,0.47,0.0,0.05,1.91,1.91,0.0,0.0,0.0,6.51,0.33,58.3,,,,,,,,,,,,,,,,,,,,,,,,,,,,
Cucho,co COL,"FW,MF",Columbus Crew,24,1999,27,23,2113,23.5,0.81,0.43,1.23,0.72,0.09,0.17,0.13,0.04,0.6,0.46,0.33,0.79,2.6,6.94,6.55,0.81,0.43,1.24,0.72,1.15,0.6,0.33,0.93,0.46,0.79,Matches,2024,23.5,26.7,11.8,9.49,4.6,40.9,15.4,13.8,7.49,65.3,76.3,68.6,61.4,514.4,167.6,26.7,11.8,9.49,4.6,40.9,15.4,13.8,7.49,65.3,76.3,68.6,61.4,26.7,11.8,9.49,4.6,40.9,15.4,13.8,7.49,65.3,76.3,68.6,61.4,26.7,11.8,9.49,4.6,40.9,15.4,13.8,7.49,65.3,76.3,68.6,61.4,0.43,0.28,0.09,2.3,3.96,2.43,0.51,0.81,5.53,1.66,30.0,5.54,1.66,0.13,0.44,19.0,0.34,0.09,0.17,0.08,0.21,0.26,56.2,0.26,3.02,23.4,30.4,5.87,56.0,2.0,50.5,1.87,47.3,34.5,1.28,3.11,2.21,46.0,1.28,0.43,0.77,1.28,0.43,55.6,0.34,0.89,0.85,0.51,1.79,0.3,0.0,5.7,5.7,0.68,0.04,0.21,0.0,0.21,0.04,0.68,0.68,0.68,0.04,0.21,0.0,0.21,0.04,0.0,1.15,1.87,0.43,2.68,0.51,0.77,0.0,0.0,0.0,3.02,1.49,55.6,,,,,,,,,,,,,,,,,,,,,,,,,,,,
Mauricio Cuevas,us USA,"DF,FW",LA Galaxy,20,2003,18,1,330,3.7,0.27,0.27,0.54,0.27,0.0,0.0,0.27,0.0,0.11,0.11,0.27,0.38,1.62,4.05,13.5,0.27,0.27,0.55,0.27,0.55,0.12,0.26,0.38,0.12,0.38,Matches,2024,3.7,55.4,28.6,17.8,4.32,69.5,33.0,21.1,7.84,79.8,86.9,84.6,55.2,837.3,201.4,55.4,28.6,17.8,4.32,69.5,33.0,21.1,7.84,79.8,86.9,84.6,55.2,55.4,28.6,17.8,4.32,69.5,33.0,21.1,7.84,79.8,86.9,84.6,55.2,55.4,28.6,17.8,4.32,69.5,33.0,21.1,7.84,79.8,86.9,84.6,55.2,0.27,0.27,0.0,1.08,3.78,2.43,1.08,0.27,1.08,0.27,25.0,1.09,0.27,0.25,1.0,19.8,0.0,0.0,0.0,0.11,0.16,0.16,84.9,4.86,18.1,29.2,37.8,3.78,84.9,0.81,75.0,0.27,25.0,47.3,0.54,1.35,0.54,62.2,2.7,0.54,1.89,2.7,0.54,50.0,0.54,1.08,0.54,2.97,5.68,4.05,0.0,2.16,2.18,0.27,0.27,0.0,0.0,0.0,0.0,0.54,0.54,0.27,0.27,0.0,0.0,0.0,0.0,0.0,1.35,0.81,0.27,6.76,2.97,1.89,0.0,0.0,0.0,2.7,0.54,28.6,,,,,,,,,,,,,,,,,,,,,,,,,,,,
Hugo Cuypers,be BEL,FW,Chicago Fire,26,1997,31,31,2617,29.1,0.34,0.07,0.41,0.34,0.0,0.0,0.1,0.0,0.37,0.37,0.11,0.48,1.27,1.51,4.67,0.34,0.07,0.41,0.34,0.41,0.38,0.11,0.48,0.38,0.48,Matches,2024,29.1,13.9,8.73,3.78,0.52,20.2,11.3,5.19,0.86,68.9,77.4,72.8,60.0,188.0,32.8,13.9,8.73,3.78,0.52,20.2,11.3,5.19,0.86,68.9,77.4,72.8,60.0,13.9,8.73,3.78,0.52,20.2,11.3,5.19,0.86,68.9,77.4,72.8,60.0,13.9,8.73,3.78,0.52,20.2,11.3,5.19,0.86,68.9,77.4,72.8,60.0,0.07,0.05,-0.04,1.27,0.89,0.38,0.0,0.34,2.54,1.17,45.9,2.54,1.17,0.14,0.29,12.2,0.0,0.0,0.0,0.15,-0.03,-0.03,31.8,1.17,2.65,15.0,14.4,4.54,31.8,0.65,39.6,1.0,60.4,15.8,0.79,2.44,1.07,19.9,1.27,0.41,0.86,1.27,0.41,23.5,1.34,1.34,1.2,0.34,1.62,1.0,0.0,2.58,2.58,0.21,0.0,0.03,0.0,0.1,0.03,0.17,0.17,0.21,0.0,0.03,0.0,0.1,0.03,0.0,1.24,1.07,0.38,0.55,0.34,0.86,0.0,0.0,0.0,2.3,2.23,43.9,,,,,,,,,,,,,,,,,,,,,,,,,,,,
Rafael Czichos,de GER,DF,Chicago Fire,33,1990,28,26,2336,26.0,0.04,0.08,0.12,0.04,0.0,0.0,0.23,0.0,0.05,0.05,0.04,0.09,0.96,3.77,0.38,0.04,0.08,0.12,0.04,0.12,0.05,0.04,0.09,0.05,0.09,Matches,2024,26.0,48.9,15.0,27.5,5.77,57.5,16.5,29.9,9.65,85.1,90.9,92.0,59.8,959.9,393.9,48.9,15.0,27.5,5.77,57.5,16.5,29.9,9.65,85.1,90.9,92.0,59.8,48.9,15.0,27.5,5.77,57.5,16.5,29.9,9.65,85.1,90.9,92.0,59.8,48.9,15.0,27.5,5.77,57.5,16.5,29.9,9.65,85.1,90.9,92.0,59.8,0.08,0.03,0.04,0.42,3.46,0.12,0.04,0.04,0.46,0.12,25.0,0.46,0.12,0.08,0.33,11.6,0.0,0.0,0.0,0.11,-0.01,-0.01,67.9,7.27,32.8,32.3,3.23,0.88,67.9,0.31,66.7,0.12,25.0,40.3,0.04,0.54,0.12,46.0,2.23,1.35,1.46,2.23,1.35,66.0,0.69,1.77,1.0,1.35,3.58,3.35,0.12,1.0,1.0,0.04,0.0,0.08,0.04,0.04,0.0,0.15,0.15,0.04,0.0,0.08,0.04,0.04,0.0,0.0,1.27,0.65,0.08,0.46,1.35,1.46,0.04,0.04,0.0,4.19,1.81,60.3,,,,,,,,,,,,,,,,,,,,,,,,,,,,
Cristián Dajome,co COL,"DF,FW",D.C. United,30,1994,31,23,2022,22.5,0.13,0.09,0.22,0.13,0.0,0.0,0.44,0.04,0.14,0.14,0.13,0.28,2.62,2.76,5.82,0.13,0.09,0.22,0.13,0.22,0.14,0.13,0.28,0.14,0.28,Matches,2024,22.5,21.9,12.2,7.38,1.64,28.7,15.0,9.24,2.44,76.3,81.6,79.8,67.3,339.4,101.7,21.9,12.2,7.38,1.64,28.7,15.0,9.24,2.44,76.3,81.6,79.8,67.3,21.9,12.2,7.38,1.64,28.7,15.0,9.24,2.44,76.3,81.6,79.8,67.3,21.9,12.2,7.38,1.64,28.7,15.0,9.24,2.44,76.3,81.6,79.8,67.3,0.09,0.11,-0.04,1.07,1.16,0.84,0.09,0.13,1.47,0.44,30.3,1.47,0.45,0.09,0.3,17.9,0.0,0.0,0.0,0.1,-0.01,-0.01,40.7,1.51,7.82,16.5,17.1,2.8,40.7,0.71,34.8,1.11,54.3,22.7,0.84,1.73,1.33,23.7,1.91,0.98,1.29,1.91,0.98,44.9,1.2,1.38,1.16,0.67,2.58,1.2,0.0,2.76,2.76,0.13,0.0,0.18,0.0,0.04,0.04,0.22,0.22,0.13,0.0,0.18,0.0,0.04,0.04,0.04,2.22,1.38,0.22,1.33,0.67,1.29,0.0,0.0,0.0,4.13,1.11,33.8,,,,,,,,,,,,,,,,,,,,,,,,,,,,
Dagur Dan Þórhallsson,is ISL,DF,Orlando City,23,2000,31,29,2408,26.8,0.07,0.19,0.26,0.07,0.0,0.0,0.15,0.0,0.07,0.07,0.12,0.19,2.87,3.06,4.4,0.07,0.19,0.26,0.07,0.26,0.07,0.13,0.19,0.07,0.19,Matches,2024,26.8,37.2,19.9,14.5,1.9,44.6,21.9,17.2,3.81,83.4,91.1,84.3,50.0,578.6,158.1,37.2,19.9,14.5,1.9,44.6,21.9,17.2,3.81,83.4,91.1,84.3,50.0,37.2,19.9,14.5,1.9,44.6,21.9,17.2,3.81,83.4,91.1,84.3,50.0,37.2,19.9,14.5,1.9,44.6,21.9,17.2,3.81,83.4,91.1,84.3,50.0,0.19,0.12,0.06,1.04,1.72,1.04,0.22,0.07,0.78,0.15,19.0,0.78,0.15,0.1,0.5,18.3,0.04,0.0,0.0,0.09,0.01,0.01,53.4,2.43,15.0,21.3,17.9,1.79,53.4,1.19,55.2,0.86,39.7,28.0,0.6,0.82,0.41,31.8,1.75,0.82,1.16,1.75,0.82,55.0,0.67,0.49,0.26,0.78,2.54,2.09,0.04,2.09,2.09,0.15,0.07,0.11,0.0,0.04,0.0,0.26,0.26,0.15,0.07,0.11,0.0,0.04,0.0,0.0,0.75,0.78,0.04,1.68,0.78,1.16,0.0,0.04,0.0,4.66,1.01,64.3,,,,,,,,,,,,,,,,,,,,,,,,,,,,
Daniel,br BRA,GK,SJ Earthquakes,29,1994,12,12,1080,12.0,0.0,0.0,0.0,0.0,0.0,0.0,0.08,0.0,0.0,0.0,0.01,0.01,0.0,0.0,0.0,0.0,0.0,0.0,0.0,0.0,0.0,0.01,0.01,0.0,0.01,Matches,2024,12.0,26.3,5.92,12.8,7.33,33.1,5.92,13.0,13.8,79.3,100.0,98.1,53.3,670.8,456.2,26.3,5.92,12.8,7.33,33.1,5.92,13.0,13.8,79.3,100.0,98.1,53.3,26.3,5.92,12.8,7.33,33.1,5.92,13.0,13.8,79.3,100.0,98.1,53.3,26.3,5.92,12.8,7.33,33.1,5.92,13.0,13.8,79.3,100.0,98.1,53.3,0.0,0.02,-0.01,0.17,0.5,0.0,0.0,0.0,0.0,0.0,,0.0,0.0,,,,0.0,0.0,0.0,,0.0,0.0,35.9,32.7,35.8,0.08,0.0,0.0,35.9,0.0,,0.0,,17.8,0.0,0.0,0.0,15.3,0.0,0.0,0.0,0.0,0.0,0.0,0.08,0.0,0.0,0.0,0.0,0.58,0.0,0.17,0.17,0.0,0.0,0.0,0.0,0.0,0.0,0.0,0.0,0.0,0.0,0.0,0.0,0.0,0.0,0.0,0.0,0.17,0.0,0.0,0.0,0.0,0.0,0.0,0.0,1.42,0.42,100.0,2.0,0.0,0.5,0.0,1.77,0.3,-0.23,-0.23,25.1,3.58,30.6,22.3,32.8,26.8,12.4,30.6,22.3,32.8,26.8,12.4,15.8,0.58,3.7,1.0,1.0,32.8,26.8,12.4
Jesús Daniel Bueno,ve VEN,MF,Philadelphia Union,24,1999,14,7,625,6.9,0.43,0.0,0.43,0.43,0.0,0.0,0.0,0.0,0.32,0.32,0.1,0.41,1.59,3.19,3.48,0.43,0.0,0.43,0.43,0.43,0.31,0.1,0.41,0.31,0.41,Matches,2024,6.9,35.9,19.3,13.5,2.61,45.1,22.8,15.9,4.78,79.7,84.7,84.5,54.5,578.4,143.5,35.9,19.3,13.5,2.61,45.1,22.8,15.9,4.78,79.7,84.7,84.5,54.5,35.9,19.3,13.5,2.61,45.1,22.8,15.9,4.78,79.7,84.7,84.5,54.5,35.9,19.3,13.5,2.61,45.1,22.8,15.9,4.78,79.7,84.7,84.5,54.5,0.0,0.12,-0.1,0.87,3.04,0.43,0.0,0.43,1.88,0.72,38.5,1.87,0.72,0.23,0.6,16.8,0.0,0.0,0.0,0.17,0.12,0.12,55.7,1.16,11.2,31.4,13.5,1.88,55.7,1.3,52.9,0.87,35.3,33.0,0.29,1.16,1.45,38.6,2.46,1.3,1.88,2.46,1.3,40.9,1.88,1.01,1.01,1.59,4.06,0.29,0.0,2.03,2.01,0.14,0.0,0.14,0.0,0.29,0.0,0.0,0.0,0.14,0.0,0.14,0.0,0.29,0.0,0.0,2.32,1.45,0.14,1.88,1.59,1.88,0.0,0.0,0.0,6.09,0.72,41.7,,,,,,,,,,,,,,,,,,,,,,,,,,,,
Héctor David Martínez,py PAR,DF,Inter Miami,26,1998,4,4,280,3.1,0.0,0.32,0.32,0.0,0.0,0.0,0.32,0.0,0.0,0.0,0.19,0.19,1.61,2.26,0.32,0.0,0.32,0.32,0.0,0.32,0.0,0.2,0.2,0.0,0.2,Matches,2024,3.1,56.8,15.5,30.3,11.0,66.5,15.8,32.9,16.8,85.4,98.0,92.2,65.4,1251.9,460.3,56.8,15.5,30.3,11.0,66.5,15.8,32.9,16.8,85.4,98.0,92.2,65.4,56.8,15.5,30.3,11.0,66.5,15.8,32.9,16.8,85.4,98.0,92.2,65.4,56.8,15.5,30.3,11.0,66.5,15.8,32.9,16.8,85.4,98.0,92.2,65.4,0.32,0.03,0.13,0.65,5.16,0.0,0.0,0.0,0.0,0.0,,0.0,0.0,,,,0.0,0.0,0.0,,0.0,0.0,77.7,9.68,44.5,32.3,1.61,0.32,77.7,0.0,0.0,0.32,100.0,46.8,0.0,0.65,0.0,51.6,2.26,0.97,1.94,2.26,0.97,50.0,0.97,1.29,0.97,2.58,4.84,5.48,0.0,1.29,1.29,0.0,0.0,0.0,0.0,0.0,0.0,0.65,0.64,0.0,0.0,0.0,0.0,0.0,0.0,0.0,1.61,0.32,0.0,0.0,2.58,1.94,0.0,0.0,0.0,6.45,0.65,33.3,,,,,,,,,,,,,,,,,,,,,,,,,,,,
Juan David Mosquera,co COL,DF,Portland Timbers,21,2002,34,34,2780,30.9,0.03,0.13,0.16,0.03,0.0,0.0,0.03,0.0,0.04,0.04,0.19,0.23,2.94,4.63,6.12,0.03,0.13,0.16,0.03,0.16,0.04,0.19,0.23,0.04,0.23,Matches,2024,30.9,44.6,22.7,17.2,3.79,53.7,24.7,20.5,5.79,83.1,92.0,84.2,65.4,744.1,244.0,44.6,22.7,17.2,3.79,53.7,24.7,20.5,5.79,83.1,92.0,84.2,65.4,44.6,22.7,17.2,3.79,53.7,24.7,20.5,5.79,83.1,92.0,84.2,65.4,44.6,22.7,17.2,3.79,53.7,24.7,20.5,5.79,83.1,92.0,84.2,65.4,0.13,0.21,-0.06,1.49,3.11,2.01,0.71,0.03,0.65,0.19,30.0,0.65,0.19,0.05,0.17,17.7,0.0,0.0,0.0,0.06,-0.01,-0.01,62.4,2.36,14.2,29.6,19.4,2.07,62.4,0.84,45.6,0.78,42.1,34.1,0.52,1.2,0.81,39.5,1.68,0.78,1.17,1.68,0.78,39.3,1.2,0.91,0.71,0.65,2.33,1.65,0.03,2.82,2.82,0.16,0.03,0.1,0.0,0.0,0.0,0.29,0.29,0.16,0.03,0.1,0.0,0.0,0.0,0.0,0.94,1.49,0.03,3.2,0.65,1.17,0.0,0.0,0.0,4.11,0.68,65.6,,,,,,,,,,,,,,,,,,,,,,,,,,,,
Jesús David Murillo,co COL,DF,LAFC,29,1994,22,19,1694,18.8,0.0,0.0,0.0,0.0,0.0,0.0,0.27,0.05,0.03,0.03,0.01,0.03,0.59,2.77,0.11,0.0,0.0,0.0,0.0,0.0,0.02,0.01,0.03,0.02,0.03,Matches,2024,18.8,39.4,11.1,23.7,4.26,47.5,12.4,25.8,8.03,83.0,89.7,91.8,53.0,800.9,307.1,39.4,11.1,23.7,4.26,47.5,12.4,25.8,8.03,83.0,89.7,91.8,53.0,39.4,11.1,23.7,4.26,47.5,12.4,25.8,8.03,83.0,89.7,91.8,53.0,39.4,11.1,23.7,4.26,47.5,12.4,25.8,8.03,83.0,89.7,91.8,53.0,0.0,0.02,-0.01,0.21,3.14,0.27,0.05,0.0,0.43,0.16,37.5,0.43,0.16,0.0,0.0,9.0,0.0,0.0,0.0,0.06,-0.03,-0.03,58.0,8.09,33.2,23.7,1.38,0.48,58.0,0.27,45.5,0.27,45.5,30.8,0.0,0.32,0.11,36.3,2.02,1.28,1.22,2.02,1.28,61.5,0.8,1.28,0.43,1.49,3.51,4.36,0.05,0.85,0.85,0.0,0.0,0.0,0.0,0.05,0.0,0.0,0.0,0.0,0.0,0.0,0.0,0.05,0.0,0.0,0.9,0.59,0.0,0.05,1.49,1.22,0.0,0.0,0.0,4.04,1.97,56.1,,,,,,,,,,,,,,,,,,,,,,,,,,,,
Jake Davis,us USA,"DF,MF",Sporting KC,22,2002,27,25,2225,24.7,0.12,0.12,0.24,0.12,0.0,0.0,0.45,0.04,0.02,0.02,0.1,0.12,1.9,4.98,3.32,0.12,0.12,0.24,0.12,0.24,0.02,0.1,0.12,0.02,0.12,Matches,2024,24.7,46.8,21.4,20.4,3.97,59.6,24.2,24.8,7.33,78.4,88.3,82.4,54.1,798.8,295.1,46.8,21.4,20.4,3.97,59.6,24.2,24.8,7.33,78.4,88.3,82.4,54.1,46.8,21.4,20.4,3.97,59.6,24.2,24.8,7.33,78.4,88.3,82.4,54.1,46.8,21.4,20.4,3.97,59.6,24.2,24.8,7.33,78.4,88.3,82.4,54.1,0.12,0.12,0.02,1.21,4.49,1.3,0.45,0.12,0.61,0.16,26.7,0.61,0.16,0.2,0.75,27.1,0.0,0.0,0.0,0.03,0.11,0.11,70.0,2.55,18.1,33.6,18.6,0.85,70.0,0.4,40.0,0.57,56.0,36.2,0.36,1.09,0.77,44.0,2.96,1.17,1.54,2.96,1.17,40.8,1.7,1.62,1.38,1.13,4.09,1.7,0.04,2.35,2.35,0.12,0.08,0.0,0.0,0.08,0.04,0.49,0.49,0.12,0.08,0.0,0.0,0.08,0.04,0.04,1.42,0.32,0.0,2.43,1.13,1.54,0.0,0.0,0.0,5.18,0.49,41.4,,,,,,,,,,,,,,,,,,,,,,,,,,,,
Sean Davis,us USA,MF,Nashville SC,30,1993,25,17,1359,15.1,0.0,0.0,0.0,0.0,0.0,0.0,0.13,0.0,0.01,0.01,0.01,0.01,0.53,3.58,1.46,0.0,0.0,0.0,0.0,0.0,0.0,0.0,0.01,0.0,0.01,Matches,2024,15.1,33.0,15.8,14.4,2.32,38.4,18.0,16.0,3.05,86.0,87.5,90.0,76.1,546.9,151.5,33.0,15.8,14.4,2.32,38.4,18.0,16.0,3.05,86.0,87.5,90.0,76.1,33.0,15.8,14.4,2.32,38.4,18.0,16.0,3.05,86.0,87.5,90.0,76.1,33.0,15.8,14.4,2.32,38.4,18.0,16.0,3.05,86.0,87.5,90.0,76.1,0.0,0.01,-0.01,0.26,3.51,0.26,0.0,0.0,0.2,0.0,0.0,0.2,0.0,0.0,,19.7,0.0,0.0,0.0,0.02,-0.01,-0.01,45.7,2.45,12.6,28.3,4.9,0.33,45.7,0.2,100.0,0.0,0.0,22.6,0.0,0.66,0.33,31.5,1.19,0.33,0.73,1.19,0.33,41.7,0.46,1.26,0.86,1.39,2.58,1.46,0.0,1.46,1.46,0.0,0.0,0.0,0.0,0.07,0.0,0.07,0.07,0.0,0.0,0.0,0.0,0.07,0.0,0.0,0.6,0.4,0.07,0.2,1.39,0.73,0.0,0.0,0.0,2.91,0.79,54.5,,,,,,,,,,,,,,,,,,,,,,,,,,,,
Pedro De la Vega,ar ARG,"FW,MF",Seattle Sounders,22,2001,16,9,652,7.2,0.14,0.14,0.28,0.0,0.14,0.14,0.14,0.0,0.25,0.14,0.13,0.26,2.08,3.75,7.78,0.14,0.14,0.28,0.0,0.14,0.25,0.13,0.38,0.14,0.27,Matches,2024,7.2,28.9,15.4,10.6,2.36,40.3,18.3,15.0,4.44,71.7,84.1,70.4,53.1,464.2,131.4,28.9,15.4,10.6,2.36,40.3,18.3,15.0,4.44,71.7,84.1,70.4,53.1,28.9,15.4,10.6,2.36,40.3,18.3,15.0,4.44,71.7,84.1,70.4,53.1,28.9,15.4,10.6,2.36,40.3,18.3,15.0,4.44,71.7,84.1,70.4,53.1,0.14,0.14,0.01,0.97,2.36,1.11,0.28,0.14,1.81,0.42,23.1,1.79,0.41,0.0,0.0,20.8,0.14,0.14,0.14,0.08,-0.11,-0.14,53.5,0.28,5.56,26.4,22.5,2.92,53.3,2.5,52.9,1.94,41.2,33.9,0.69,2.36,2.92,39.6,1.94,0.83,1.39,1.94,0.83,42.9,1.11,1.25,0.97,0.0,1.94,0.28,0.0,2.64,2.62,0.28,0.0,0.28,0.0,0.0,0.0,0.0,0.0,0.28,0.0,0.28,0.0,0.0,0.0,0.0,1.67,1.67,0.28,3.33,0.0,1.39,0.0,0.0,0.0,5.83,0.28,20.0,,,,,,,,,,,,,,,,,,,,,,,,,,,,
Jonathan Dean,us USA,DF,Chicago Fire,26,1997,24,12,1111,12.3,0.08,0.0,0.08,0.08,0.0,0.0,0.16,0.0,0.06,0.06,0.05,0.1,1.87,2.6,5.69,0.08,0.0,0.08,0.08,0.08,0.05,0.05,0.1,0.05,0.1,Matches,2024,12.3,33.6,17.8,12.7,1.87,42.4,20.3,16.0,3.25,79.1,87.6,79.2,57.5,510.0,143.8,33.6,17.8,12.7,1.87,42.4,20.3,16.0,3.25,79.1,87.6,79.2,57.5,33.6,17.8,12.7,1.87,42.4,20.3,16.0,3.25,79.1,87.6,79.2,57.5,33.6,17.8,12.7,1.87,42.4,20.3,16.0,3.25,79.1,87.6,79.2,57.5,0.0,0.05,-0.05,0.89,2.28,0.81,0.41,0.08,0.49,0.08,16.7,0.49,0.08,0.17,1.0,19.3,0.0,0.0,0.0,0.11,0.02,0.02,53.9,2.93,14.3,23.3,16.7,1.06,53.9,0.49,46.2,0.57,53.8,25.9,0.24,1.3,0.65,28.9,1.79,0.65,0.98,1.79,0.65,44.4,0.81,1.38,0.89,1.22,3.01,3.41,0.0,1.38,1.38,0.0,0.0,0.0,0.0,0.08,0.0,0.0,0.0,0.0,0.0,0.0,0.0,0.08,0.0,0.0,0.57,0.41,0.0,1.95,1.22,0.98,0.0,0.08,0.0,3.01,1.3,59.3,,,,,,,,,,,,,,,,,,,,,,,,,,,,
Brecht Dejaegere,be BEL,"FW,MF",Charlotte,32,1991,20,10,918,10.2,0.1,0.2,0.29,0.1,0.0,0.0,0.49,0.0,0.1,0.1,0.11,0.2,2.45,4.12,6.57,0.1,0.2,0.29,0.1,0.29,0.09,0.1,0.2,0.09,0.2,Matches,2024,10.2,21.6,10.7,7.45,1.67,29.8,13.2,10.4,2.84,72.4,80.7,71.7,58.6,324.9,97.2,21.6,10.7,7.45,1.67,29.8,13.2,10.4,2.84,72.4,80.7,71.7,58.6,21.6,10.7,7.45,1.67,29.8,13.2,10.4,2.84,72.4,80.7,71.7,58.6,21.6,10.7,7.45,1.67,29.8,13.2,10.4,2.84,72.4,80.7,71.7,58.6,0.2,0.14,0.09,0.98,2.25,0.88,0.1,0.1,0.98,0.29,30.0,0.98,0.29,0.1,0.33,17.9,0.1,0.0,0.0,0.1,0.0,0.0,42.1,1.47,4.22,17.7,20.5,2.84,42.1,1.47,55.6,1.08,40.7,24.3,0.88,2.84,1.08,27.7,2.45,0.98,1.27,2.45,0.98,38.5,1.57,1.47,1.37,0.98,3.43,0.88,0.0,2.16,2.16,0.1,0.0,0.1,0.0,0.0,0.0,0.1,0.1,0.1,0.0,0.1,0.0,0.0,0.0,0.0,1.96,1.67,0.2,2.65,0.98,1.27,0.0,0.0,0.0,3.33,0.88,45.0,,,,,,,,,,,,,,,,,,,,,,,,,,,,
Marky Delgado,us USA,MF,LA Galaxy,28,1995,32,29,2466,27.4,0.04,0.15,0.18,0.04,0.0,0.0,0.26,0.04,0.05,0.05,0.15,0.2,1.68,7.96,5.29,0.04,0.15,0.18,0.04,0.18,0.05,0.15,0.2,0.05,0.2,Matches,2024,27.4,67.8,36.0,24.1,4.27,76.4,38.3,27.0,5.69,88.7,93.9,88.9,75.0,1028.1,324.7,67.8,36.0,24.1,4.27,76.4,38.3,27.0,5.69,88.7,93.9,88.9,75.0,67.8,36.0,24.1,4.27,76.4,38.3,27.0,5.69,88.7,93.9,88.9,75.0,67.8,36.0,24.1,4.27,76.4,38.3,27.0,5.69,88.7,93.9,88.9,75.0,0.15,0.15,-0.01,1.75,7.15,1.42,0.18,0.04,0.51,0.18,35.7,0.51,0.18,0.07,0.2,21.6,0.04,0.0,0.0,0.09,-0.01,-0.01,86.9,2.99,16.5,48.6,22.0,1.79,86.9,0.44,48.0,0.47,52.0,50.0,0.4,1.35,0.62,67.4,2.48,1.28,1.61,2.48,1.28,48.6,1.35,1.86,1.53,1.2,3.69,1.2,0.07,3.28,3.29,0.04,0.0,0.04,0.0,0.0,0.0,0.29,0.29,0.04,0.0,0.04,0.0,0.0,0.0,0.04,0.73,1.06,0.04,1.31,1.2,1.61,0.0,0.0,0.0,5.51,0.51,58.3,,,,,,,,,,,,,,,,,,,,,,,,,,,,
Patrickson Delgado,ec ECU,MF,FC Dallas,20,2003,23,14,1158,12.9,0.31,0.16,0.47,0.31,0.0,0.0,0.16,0.0,0.12,0.12,0.06,0.19,1.09,3.26,3.41,0.31,0.16,0.47,0.31,0.47,0.13,0.06,0.19,0.13,0.19,Matches,2024,12.9,38.2,20.4,13.1,2.79,47.3,22.6,15.6,5.66,80.8,90.1,84.1,49.3,600.0,149.6,38.2,20.4,13.1,2.79,47.3,22.6,15.6,5.66,80.8,90.1,84.1,49.3,38.2,20.4,13.1,2.79,47.3,22.6,15.6,5.66,80.8,90.1,84.1,49.3,38.2,20.4,13.1,2.79,47.3,22.6,15.6,5.66,80.8,90.1,84.1,49.3,0.16,0.05,0.09,1.4,3.33,0.16,0.0,0.31,1.32,0.54,41.2,1.32,0.54,0.24,0.57,23.6,0.0,0.0,0.0,0.1,0.19,0.19,59.1,1.4,11.9,33.0,14.6,0.78,59.1,0.85,55.0,0.7,45.0,33.1,0.0,2.25,1.4,40.2,1.86,0.78,1.32,1.86,0.78,41.7,1.09,1.32,1.16,1.71,3.57,1.01,0.08,2.87,2.88,0.0,0.0,0.08,0.0,0.23,0.0,0.23,0.23,0.0,0.0,0.08,0.0,0.23,0.0,0.0,1.32,1.78,0.08,2.4,1.71,1.32,0.0,0.08,0.0,5.35,0.7,32.1,,,,,,,,,,,,,,,,,,,,,,,,,,,,
Mikkel Desler,dk DEN,DF,Austin,28,1995,7,6,489,5.4,0.0,0.0,0.0,0.0,0.0,0.0,0.19,0.0,0.07,0.07,0.0,0.07,1.48,3.89,2.78,0.0,0.0,0.0,0.0,0.0,0.07,0.0,0.07,0.07,0.07,Matches,2024,5.4,40.4,22.2,15.4,2.22,48.5,25.2,18.1,3.52,83.2,88.2,84.7,63.2,634.3,193.5,40.4,22.2,15.4,2.22,48.5,25.2,18.1,3.52,83.2,88.2,84.7,63.2,40.4,22.2,15.4,2.22,48.5,25.2,18.1,3.52,83.2,88.2,84.7,63.2,40.4,22.2,15.4,2.22,48.5,25.2,18.1,3.52,83.2,88.2,84.7,63.2,0.0,0.04,0.0,0.19,3.7,0.56,0.19,0.0,0.93,0.19,20.0,0.92,0.18,0.0,0.0,13.3,0.0,0.0,0.0,0.08,-0.07,-0.07,57.6,2.41,16.9,29.1,12.0,1.85,57.6,0.56,50.0,0.56,50.0,30.0,0.37,0.19,0.93,34.4,2.59,1.11,1.67,2.59,1.11,66.7,0.56,1.67,1.3,1.3,3.89,1.3,0.0,1.67,1.66,0.0,0.0,0.0,0.0,0.0,0.0,0.19,0.18,0.0,0.0,0.0,0.0,0.0,0.0,0.0,1.67,0.37,0.37,1.11,1.3,1.67,0.0,0.0,0.0,4.81,0.56,50.0,,,,,,,,,,,,,,,,,,,,,,,,,,,,
Lamine Diack,sn SEN,"FW,MF",Colorado Rapids,23,2000,4,0,19,0.2,0.0,0.0,0.0,0.0,0.0,0.0,0.0,0.0,0.0,0.0,0.0,0.0,0.0,10.0,0.0,0.0,0.0,0.0,0.0,0.0,0.0,0.0,0.0,0.0,0.0,Matches,2024,0.2,40.0,25.0,10.0,0.0,50.0,30.0,15.0,0.0,80.0,83.3,66.7,,455.0,215.0,40.0,25.0,10.0,0.0,50.0,30.0,15.0,0.0,80.0,83.3,66.7,,40.0,25.0,10.0,0.0,50.0,30.0,15.0,0.0,80.0,83.3,66.7,,40.0,25.0,10.0,0.0,50.0,30.0,15.0,0.0,80.0,83.3,66.7,,0.0,0.0,0.0,0.0,10.0,0.0,0.0,0.0,0.0,0.0,,0.0,0.0,,,,0.0,0.0,0.0,,0.0,0.0,90.0,0.0,45.0,50.0,5.0,0.0,90.0,5.0,33.3,5.0,33.3,35.0,0.0,5.0,0.0,30.0,15.0,5.0,10.0,15.0,5.0,100.0,0.0,0.0,0.0,10.0,25.0,0.0,0.0,0.0,0.0,0.0,0.0,0.0,0.0,0.0,0.0,0.0,0.0,0.0,0.0,0.0,0.0,0.0,0.0,0.0,5.0,5.0,0.0,0.0,10.0,10.0,0.0,0.0,0.0,15.0,5.0,50.0,,,,,,,,,,,,,,,,,,,,,,,,,,,,
Djibril Diani,fr FRA,MF,Charlotte,25,1998,28,21,1781,19.8,0.05,0.05,0.1,0.0,0.05,0.05,0.2,0.0,0.09,0.05,0.06,0.11,1.87,5.35,2.88,0.05,0.05,0.1,0.0,0.05,0.09,0.06,0.15,0.05,0.11,Matches,2024,19.8,33.0,15.9,14.2,2.27,38.2,17.4,16.0,3.23,86.5,91.0,89.2,70.3,552.7,145.2,33.0,15.9,14.2,2.27,38.2,17.4,16.0,3.23,86.5,91.0,89.2,70.3,33.0,15.9,14.2,2.27,38.2,17.4,16.0,3.23,86.5,91.0,89.2,70.3,33.0,15.9,14.2,2.27,38.2,17.4,16.0,3.23,86.5,91.0,89.2,70.3,0.05,0.06,-0.01,0.91,4.04,0.45,0.15,0.05,0.56,0.05,9.1,0.56,0.05,0.0,0.0,17.1,0.0,0.05,0.05,0.09,-0.04,-0.05,48.5,1.67,9.95,28.3,11.1,1.41,48.5,0.86,56.7,0.45,30.0,27.1,0.15,1.31,0.45,31.6,2.47,1.16,1.52,2.47,1.16,52.3,1.06,1.77,1.52,1.31,3.79,0.86,0.0,2.58,2.58,0.2,0.0,0.1,0.05,0.2,0.0,0.25,0.25,0.2,0.0,0.1,0.05,0.2,0.0,0.0,1.52,1.26,0.1,0.56,1.31,1.52,0.05,0.0,0.0,4.14,0.81,47.1,,,,,,,,,,,,,,,,,,,,,,,,,,,,
Marcos Dias,br BRA,FW,NE Revolution,22,2001,1,0,4,0.0,0.0,0.0,0.0,0.0,0.0,0.0,0.0,0.0,0.0,0.0,0.0,0.0,0.0,0.0,0.0,0.0,0.0,0.0,0.0,0.0,0.42,0.0,0.42,0.42,0.42,Matches,2024,0.0,1.0,0.0,1.0,0.0,1.0,0.0,1.0,0.0,100.0,,100.0,,22.0,6.0,1.0,0.0,1.0,0.0,1.0,0.0,1.0,0.0,100.0,,100.0,,1.0,0.0,1.0,0.0,1.0,0.0,1.0,0.0,100.0,,100.0,,1.0,0.0,1.0,0.0,1.0,0.0,1.0,0.0,100.0,,100.0,,0.0,0.0,0.0,0.0,0.0,0.0,0.0,0.0,1.0,0.0,0.0,22.5,0.0,0.0,,15.8,0.0,0.0,0.0,0.02,0.0,0.0,2.0,0.0,0.0,1.0,1.0,1.0,2.0,0.0,,0.0,,1.0,0.0,0.0,0.0,1.0,0.0,0.0,0.0,0.0,0.0,,0.0,0.0,0.0,0.0,0.0,0.0,0.0,1.0,22.5,0.0,0.0,0.0,0.0,0.0,0.0,0.0,0.0,0.0,0.0,0.0,0.0,0.0,0.0,0.0,0.0,0.0,0.0,0.0,0.0,0.0,0.0,0.0,0.0,0.0,0.0,,,,,,,,,,,,,,,,,,,,,,,,,,,,,
Jefferson Díaz,co COL,DF,Minnesota Utd,23,2000,9,9,797,8.9,0.0,0.0,0.0,0.0,0.0,0.0,0.45,0.0,0.02,0.02,0.01,0.04,0.56,3.15,0.67,0.0,0.0,0.0,0.0,0.0,0.03,0.01,0.04,0.03,0.04,Matches,2024,8.9,39.3,17.5,17.4,3.48,47.5,19.3,19.7,6.85,82.7,90.7,88.6,50.8,676.4,360.3,39.3,17.5,17.4,3.48,47.5,19.3,19.7,6.85,82.7,90.7,88.6,50.8,39.3,17.5,17.4,3.48,47.5,19.3,19.7,6.85,82.7,90.7,88.6,50.8,39.3,17.5,17.4,3.48,47.5,19.3,19.7,6.85,82.7,90.7,88.6,50.8,0.0,0.01,-0.01,0.22,3.48,0.11,0.0,0.0,0.56,0.0,0.0,0.56,0.0,0.0,,15.3,0.0,0.0,0.0,0.05,-0.02,-0.02,56.9,4.16,29.7,23.9,3.82,1.24,56.9,0.34,42.9,0.45,57.1,30.2,0.22,0.34,0.34,34.8,1.91,1.01,1.35,1.91,1.01,60.0,0.67,1.01,0.79,0.9,2.81,3.26,0.0,0.45,0.45,0.0,0.0,0.0,0.0,0.11,0.0,0.11,0.11,0.0,0.0,0.0,0.0,0.11,0.0,0.0,1.24,0.34,0.0,0.11,0.9,1.35,0.0,0.0,0.0,4.27,1.46,43.3,,,,,,,,,,,,,,,,,,,,,,,,,,,,
Ronald Donkor,ml MLI,"MF,DF",NY Red Bulls,19,2004,17,12,939,10.4,0.0,0.0,0.0,0.0,0.0,0.0,0.19,0.0,0.0,0.0,0.07,0.07,1.54,5.29,1.73,0.0,0.0,0.0,0.0,0.0,0.0,0.07,0.07,0.0,0.07,Matches,2024,10.4,35.7,15.2,16.1,3.37,43.2,18.2,18.9,4.62,82.6,83.6,84.8,72.9,622.8,251.8,35.7,15.2,16.1,3.37,43.2,18.2,18.9,4.62,82.6,83.6,84.8,72.9,35.7,15.2,16.1,3.37,43.2,18.2,18.9,4.62,82.6,83.6,84.8,72.9,35.7,15.2,16.1,3.37,43.2,18.2,18.9,4.62,82.6,83.6,84.8,72.9,0.0,0.09,-0.07,0.87,5.67,1.15,0.38,0.0,0.1,0.1,100.0,0.1,0.1,0.0,0.0,29.4,0.0,0.0,0.0,0.03,0.0,0.0,50.3,1.83,9.81,32.2,9.23,0.0,50.3,1.35,73.7,0.38,21.1,29.9,0.0,1.06,0.67,32.4,1.92,0.67,1.35,1.92,0.67,36.8,1.15,0.87,0.58,1.25,3.17,1.06,0.0,2.4,2.39,0.19,0.0,0.0,0.0,0.0,0.0,0.1,0.1,0.19,0.0,0.0,0.0,0.0,0.0,0.0,1.63,0.48,0.0,1.06,1.25,1.35,0.0,0.0,0.0,5.77,0.96,52.6,,,,,,,,,,,,,,,,,,,,,,,,,,,,
Christopher Donovan,us USA,"FW,MF",Philadelphia Union,23,2000,18,4,379,4.2,0.24,0.0,0.24,0.24,0.0,0.0,0.0,0.0,0.29,0.29,0.31,0.6,1.9,2.14,7.38,0.24,0.0,0.24,0.24,0.24,0.29,0.3,0.59,0.29,0.59,Matches,2024,4.2,17.4,11.7,4.29,0.48,29.3,16.4,7.86,0.95,59.3,71.0,54.5,50.0,217.4,53.6,17.4,11.7,4.29,0.48,29.3,16.4,7.86,0.95,59.3,71.0,54.5,50.0,17.4,11.7,4.29,0.48,29.3,16.4,7.86,0.95,59.3,71.0,54.5,50.0,17.4,11.7,4.29,0.48,29.3,16.4,7.86,0.95,59.3,71.0,54.5,50.0,0.0,0.19,-0.31,2.14,1.43,0.24,0.0,0.24,2.14,0.24,11.1,2.14,0.24,0.11,1.0,11.6,0.0,0.0,0.0,0.13,-0.05,-0.05,41.9,0.24,2.86,19.5,20.2,6.19,41.9,0.95,44.4,1.19,55.6,20.0,1.19,2.14,1.9,31.0,1.9,0.95,1.19,1.9,0.95,66.7,0.48,1.43,1.43,0.48,2.38,0.24,0.0,2.86,2.85,0.71,0.0,0.0,0.0,0.0,0.0,0.24,0.24,0.71,0.0,0.0,0.0,0.0,0.0,0.0,1.19,0.71,0.71,0.24,0.48,1.19,0.0,0.0,0.0,3.57,6.67,52.8,,,,,,,,,,,,,,,,,,,,,,,,,,,,
Griffin Dorsey,us USA,DF,Houston Dynamo,24,1999,32,31,2653,29.5,0.1,0.1,0.2,0.1,0.0,0.0,0.24,0.03,0.07,0.07,0.17,0.24,3.69,1.73,8.64,0.1,0.1,0.2,0.1,0.2,0.07,0.17,0.24,0.07,0.24,Matches,2024,29.5,36.3,18.2,14.9,2.31,46.5,20.5,18.4,4.34,78.2,88.8,81.2,53.1,592.5,117.8,36.3,18.2,14.9,2.31,46.5,20.5,18.4,4.34,78.2,88.8,81.2,53.1,36.3,18.2,14.9,2.31,46.5,20.5,18.4,4.34,78.2,88.8,81.2,53.1,36.3,18.2,14.9,2.31,46.5,20.5,18.4,4.34,78.2,88.8,81.2,53.1,0.1,0.17,-0.07,1.22,1.05,1.05,0.54,0.1,1.29,0.34,26.3,1.29,0.34,0.08,0.3,16.6,0.0,0.0,0.0,0.05,0.03,0.03,56.1,2.58,12.6,20.8,22.8,3.36,56.1,0.41,24.5,0.88,53.1,31.1,0.81,1.42,0.68,36.9,1.29,0.64,0.75,1.29,0.64,52.8,0.58,0.51,0.34,0.61,1.9,1.86,0.0,2.41,2.41,0.03,0.0,0.17,0.0,0.03,0.0,0.2,0.2,0.03,0.0,0.17,0.0,0.03,0.0,0.0,1.22,1.15,0.07,4.0,0.61,0.75,0.0,0.0,0.0,2.37,1.05,43.7,,,,,,,,,,,,,,,,,,,,,,,,,,,,
C.J. dos Santos,us USA,GK,Inter Miami,23,2000,1,1,90,1.0,0.0,0.0,0.0,0.0,0.0,0.0,0.0,0.0,0.0,0.0,0.0,0.0,0.0,0.0,0.0,0.0,0.0,0.0,0.0,0.0,0.0,0.0,0.0,0.0,0.0,Matches,2024,1.0,33.0,5.0,20.0,8.0,36.0,5.0,20.0,11.0,91.7,100.0,100.0,72.7,818.0,509.0,33.0,5.0,20.0,8.0,36.0,5.0,20.0,11.0,91.7,100.0,100.0,72.7,33.0,5.0,20.0,8.0,36.0,5.0,20.0,11.0,91.7,100.0,100.0,72.7,33.0,5.0,20.0,8.0,36.0,5.0,20.0,11.0,91.7,100.0,100.0,72.7,0.0,0.0,0.0,0.0,0.0,0.0,0.0,0.0,0.0,0.0,,0.0,0.0,,,,0.0,0.0,0.0,,0.0,0.0,37.0,33.0,37.0,0.0,0.0,0.0,37.0,0.0,,0.0,,13.0,0.0,0.0,0.0,17.0,0.0,0.0,0.0,0.0,0.0,,0.0,0.0,0.0,0.0,0.0,0.0,0.0,0.0,0.0,0.0,0.0,0.0,0.0,0.0,0.0,0.0,0.0,0.0,0.0,0.0,0.0,0.0,0.0,0.0,0.0,0.0,0.0,0.0,0.0,0.0,0.0,0.0,0.0,1.0,1.0,100.0,4.0,0.0,0.0,0.0,2.4,0.39,-1.6,-1.64,25.0,2.0,16.0,0.0,30.6,21.6,17.5,16.0,0.0,30.6,21.6,17.5,14.0,0.0,0.0,1.0,1.0,30.6,21.6,17.5
Hassani Dotson,us USA,MF,Minnesota Utd,26,1997,29,26,2250,25.0,0.2,0.08,0.28,0.16,0.04,0.04,0.16,0.04,0.12,0.08,0.1,0.18,1.08,5.68,2.2,0.2,0.08,0.28,0.16,0.24,0.12,0.1,0.22,0.08,0.18,Matches,2024,25.0,37.0,17.3,14.7,3.8,46.7,21.0,16.9,5.84,79.2,82.3,87.0,65.1,635.3,198.6,37.0,17.3,14.7,3.8,46.7,21.0,16.9,5.84,79.2,82.3,87.0,65.1,37.0,17.3,14.7,3.8,46.7,21.0,16.9,5.84,79.2,82.3,87.0,65.1,37.0,17.3,14.7,3.8,46.7,21.0,16.9,5.84,79.2,82.3,87.0,65.1,0.08,0.1,-0.02,0.96,4.36,1.04,0.12,0.2,1.44,0.56,38.9,1.44,0.56,0.11,0.29,23.2,0.08,0.04,0.04,0.06,0.08,0.08,58.2,1.88,10.6,33.5,14.7,1.64,58.2,0.8,51.3,0.6,38.5,29.8,0.16,1.36,1.2,38.4,1.8,0.68,1.08,1.8,0.68,56.7,0.52,1.2,1.12,1.36,3.16,1.6,0.0,2.92,2.92,0.28,0.08,0.04,0.0,0.08,0.0,0.44,0.44,0.28,0.08,0.04,0.0,0.08,0.0,0.04,1.28,1.36,0.0,0.88,1.36,1.08,0.0,0.0,0.0,4.52,1.16,46.0,,,,,,,,,,,,,,,,,,,,,,,,,,,,
Sebastián Driussi,ar ARG,"MF,FW",Austin,27,1996,27,26,2257,25.1,0.28,0.12,0.4,0.16,0.12,0.2,0.24,0.04,0.39,0.24,0.14,0.38,1.67,6.33,4.66,0.28,0.12,0.4,0.16,0.28,0.39,0.14,0.53,0.24,0.38,Matches,2024,25.1,32.1,13.9,13.1,4.18,39.9,15.6,15.2,6.37,80.5,89.0,86.1,65.6,596.2,182.2,32.1,13.9,13.1,4.18,39.9,15.6,15.2,6.37,80.5,89.0,86.1,65.6,32.1,13.9,13.1,4.18,39.9,15.6,15.2,6.37,80.5,89.0,86.1,65.6,32.1,13.9,13.1,4.18,39.9,15.6,15.2,6.37,80.5,89.0,86.1,65.6,0.12,0.14,-0.02,1.16,4.78,1.35,0.32,0.28,2.55,0.72,28.1,2.55,0.72,0.06,0.22,19.2,0.12,0.12,0.2,0.09,-0.11,-0.08,51.0,1.39,8.29,25.0,18.4,3.59,50.8,1.27,43.8,1.31,45.2,31.7,0.36,1.63,1.59,39.9,0.88,0.36,0.6,0.88,0.36,34.6,0.68,0.84,0.76,0.32,1.2,1.08,0.12,3.03,3.03,0.28,0.0,0.16,0.0,0.12,0.04,0.28,0.28,0.28,0.0,0.16,0.0,0.12,0.04,0.0,0.76,1.91,0.24,1.79,0.32,0.6,0.08,0.0,0.0,4.3,1.0,54.3,,,,,,,,,,,,,,,,,,,,,,,,,,,,
Erik Duenas,us USA,MF,LAFC,19,2004,14,4,387,4.3,0.0,0.0,0.0,0.0,0.0,0.0,0.7,0.0,0.02,0.02,0.07,0.09,2.33,6.28,2.79,0.0,0.0,0.0,0.0,0.0,0.03,0.07,0.09,0.03,0.09,Matches,2024,4.3,34.7,18.1,14.0,1.16,38.8,19.5,15.1,1.86,89.2,92.9,92.3,62.5,523.0,147.0,34.7,18.1,14.0,1.16,38.8,19.5,15.1,1.86,89.2,92.9,92.3,62.5,34.7,18.1,14.0,1.16,38.8,19.5,15.1,1.86,89.2,92.9,92.3,62.5,34.7,18.1,14.0,1.16,38.8,19.5,15.1,1.86,89.2,92.9,92.3,62.5,0.0,0.05,-0.07,1.63,3.72,0.7,0.0,0.0,0.23,0.0,0.0,0.23,0.0,0.0,,10.6,0.0,0.0,0.0,0.11,-0.02,-0.02,50.2,1.16,10.2,26.5,14.7,1.4,50.2,1.4,37.5,1.4,37.5,31.2,0.0,2.33,2.09,32.6,3.02,2.09,1.86,3.02,2.09,52.9,1.86,0.23,0.23,2.09,5.12,0.93,0.0,3.49,3.49,0.0,0.0,0.47,0.0,0.47,0.0,0.23,0.23,0.0,0.0,0.47,0.0,0.47,0.0,0.0,3.02,1.86,0.0,0.0,2.09,1.86,0.0,0.0,0.0,6.28,0.47,40.0,,,,,,,,,,,,,,,,,,,,,,,,,,,,
Morris Duggan,de GER,DF,Minnesota Utd,23,2000,2,0,49,0.5,0.0,0.0,0.0,0.0,0.0,0.0,0.0,0.0,0.0,0.0,0.0,0.0,0.0,4.0,0.0,0.0,0.0,0.0,0.0,0.0,0.0,0.0,0.0,0.0,0.0,Matches,2024,0.5,34.0,16.0,10.0,8.0,48.0,18.0,12.0,18.0,70.8,88.9,83.3,44.4,694.0,374.0,34.0,16.0,10.0,8.0,48.0,18.0,12.0,18.0,70.8,88.9,83.3,44.4,34.0,16.0,10.0,8.0,48.0,18.0,12.0,18.0,70.8,88.9,83.3,44.4,34.0,16.0,10.0,8.0,48.0,18.0,12.0,18.0,70.8,88.9,83.3,44.4,0.0,0.0,0.0,0.0,2.0,0.0,0.0,0.0,0.0,0.0,,0.0,0.0,,,,0.0,0.0,0.0,,0.0,0.0,62.0,16.0,40.0,20.0,2.0,0.0,62.0,2.0,50.0,2.0,50.0,30.0,0.0,0.0,2.0,46.0,0.0,0.0,0.0,0.0,0.0,,0.0,2.0,0.0,2.0,2.0,6.0,0.0,0.0,0.0,0.0,0.0,0.0,0.0,0.0,0.0,0.0,0.0,0.0,0.0,0.0,0.0,0.0,0.0,0.0,0.0,0.0,0.0,0.0,2.0,0.0,0.0,0.0,0.0,2.0,0.0,,,,,,,,,,,,,,,,,,,,,,,,,,,,,
Bryce Duke,us USA,MF,CF Montréal,22,2001,32,24,2145,23.8,0.13,0.17,0.29,0.13,0.0,0.0,0.08,0.0,0.1,0.1,0.18,0.28,1.39,4.96,5.17,0.13,0.17,0.29,0.13,0.29,0.1,0.18,0.28,0.1,0.28,Matches,2024,23.8,41.8,25.6,12.1,2.18,52.2,28.8,15.3,3.78,80.1,89.1,79.6,57.8,594.7,155.2,41.8,25.6,12.1,2.18,52.2,28.8,15.3,3.78,80.1,89.1,79.6,57.8,41.8,25.6,12.1,2.18,52.2,28.8,15.3,3.78,80.1,89.1,79.6,57.8,41.8,25.6,12.1,2.18,52.2,28.8,15.3,3.78,80.1,89.1,79.6,57.8,0.17,0.16,-0.01,1.76,3.66,1.26,0.04,0.13,1.39,0.5,36.4,1.38,0.5,0.09,0.25,21.6,0.13,0.0,0.0,0.07,0.03,0.03,63.3,0.59,9.92,30.0,23.8,1.81,63.3,0.84,36.4,1.34,58.2,41.8,0.29,2.65,1.09,50.4,1.39,0.59,0.92,1.39,0.59,40.0,0.88,0.92,0.84,0.8,2.18,0.59,0.04,3.61,3.62,0.13,0.0,0.25,0.04,0.04,0.0,0.34,0.34,0.13,0.0,0.25,0.04,0.04,0.0,0.0,1.68,2.14,0.13,1.89,0.8,0.92,0.0,0.0,0.0,4.2,0.25,31.6,,,,,,,,,,,,,,,,,,,,,,,,,,,,
Kyle Duncan,us USA,DF,NY Red Bulls,26,1997,21,14,1284,14.3,0.07,0.07,0.14,0.07,0.0,0.0,0.28,0.0,0.03,0.03,0.08,0.11,2.03,2.52,4.83,0.07,0.07,0.14,0.07,0.14,0.03,0.08,0.11,0.03,0.11,Matches,2024,14.3,35.7,19.1,14.0,1.75,48.3,21.9,18.6,4.55,74.0,87.2,75.2,38.5,555.9,180.8,35.7,19.1,14.0,1.75,48.3,21.9,18.6,4.55,74.0,87.2,75.2,38.5,35.7,19.1,14.0,1.75,48.3,21.9,18.6,4.55,74.0,87.2,75.2,38.5,35.7,19.1,14.0,1.75,48.3,21.9,18.6,4.55,74.0,87.2,75.2,38.5,0.07,0.08,-0.01,0.84,2.17,0.84,0.28,0.07,0.77,0.28,36.4,0.77,0.28,0.09,0.25,24.0,0.0,0.0,0.0,0.04,0.04,0.04,60.6,3.08,17.8,25.0,18.5,1.19,60.6,0.7,45.5,0.63,40.9,30.6,0.7,1.89,1.26,32.2,2.1,1.4,1.75,2.1,1.4,66.7,0.7,1.4,1.19,1.33,3.43,2.24,0.0,1.54,1.54,0.0,0.0,0.0,0.0,0.0,0.0,0.07,0.07,0.0,0.0,0.0,0.0,0.0,0.0,0.0,2.17,0.91,0.14,1.96,1.33,1.75,0.0,0.07,0.0,5.87,2.03,58.0,,,,,,,,,,,,,,,,,,,,,,,,,,,,
Chris Durkin,us USA,MF,St. Louis,23,2000,28,26,2260,25.1,0.04,0.08,0.12,0.04,0.0,0.0,0.4,0.0,0.05,0.05,0.08,0.14,0.72,4.98,2.11,0.04,0.08,0.12,0.04,0.12,0.05,0.08,0.14,0.05,0.14,Matches,2024,25.1,31.2,14.3,12.6,2.99,41.9,16.7,15.9,6.33,74.4,86.1,79.4,47.2,543.4,198.1,31.2,14.3,12.6,2.99,41.9,16.7,15.9,6.33,74.4,86.1,79.4,47.2,31.2,14.3,12.6,2.99,41.9,16.7,15.9,6.33,74.4,86.1,79.4,47.2,31.2,14.3,12.6,2.99,41.9,16.7,15.9,6.33,74.4,86.1,79.4,47.2,0.08,0.08,-0.0,0.88,4.78,0.72,0.2,0.04,1.08,0.28,25.9,1.08,0.28,0.04,0.14,21.2,0.0,0.0,0.0,0.05,-0.01,-0.01,53.1,2.19,12.8,29.2,11.8,1.51,53.1,0.32,44.4,0.24,33.3,25.8,0.16,1.51,0.8,31.9,2.67,1.47,1.71,2.67,1.47,62.7,0.88,1.47,1.27,1.55,4.22,1.43,0.04,2.31,2.31,0.16,0.0,0.2,0.0,0.08,0.0,0.16,0.16,0.16,0.0,0.2,0.0,0.08,0.0,0.0,2.31,1.51,0.04,1.08,1.55,1.71,0.0,0.04,0.0,5.22,1.55,62.9,,,,,,,,,,,,,,,,,,,,,,,,,,,,
Nikolas Dyhr,dk DEN,DF,St. Louis,22,2001,5,2,138,1.5,0.0,0.0,0.0,0.0,0.0,0.0,0.0,0.0,0.0,0.0,0.13,0.13,0.0,4.0,1.33,0.0,0.0,0.0,0.0,0.0,0.0,0.13,0.13,0.0,0.13,Matches,2024,1.5,35.3,20.7,9.33,4.0,55.3,27.3,15.3,7.33,63.9,75.6,60.9,54.5,588.0,286.7,35.3,20.7,9.33,4.0,55.3,27.3,15.3,7.33,63.9,75.6,60.9,54.5,35.3,20.7,9.33,4.0,55.3,27.3,15.3,7.33,63.9,75.6,60.9,54.5,35.3,20.7,9.33,4.0,55.3,27.3,15.3,7.33,63.9,75.6,60.9,54.5,0.0,0.13,-0.13,0.67,3.33,0.67,0.67,0.0,0.0,0.0,,0.0,0.0,,,,0.0,0.0,0.0,,0.0,0.0,66.0,2.0,19.3,32.0,14.7,0.67,66.0,0.0,0.0,1.33,100.0,20.7,0.0,0.67,0.0,28.7,1.33,1.33,0.67,1.33,1.33,50.0,1.33,0.67,0.67,0.0,1.33,3.33,0.0,1.33,1.3,0.0,0.0,0.0,0.0,0.0,0.0,0.0,0.0,0.0,0.0,0.0,0.0,0.0,0.0,0.0,2.67,2.0,0.0,1.33,0.0,0.67,0.0,0.0,0.0,4.0,0.67,50.0,,,,,,,,,,,,,,,,,,,,,,,,,,,,
Jeremy Ebobisse,us USA,FW,SJ Earthquakes,26,1997,31,25,1933,21.5,0.28,0.05,0.33,0.23,0.05,0.05,0.0,0.0,0.36,0.33,0.11,0.43,0.7,2.7,4.74,0.28,0.05,0.33,0.23,0.28,0.36,0.11,0.47,0.33,0.43,Matches,2024,21.5,19.4,10.7,6.42,1.44,24.9,13.0,7.58,2.0,77.8,82.5,84.7,72.1,297.5,57.6,19.4,10.7,6.42,1.44,24.9,13.0,7.58,2.0,77.8,82.5,84.7,72.1,19.4,10.7,6.42,1.44,24.9,13.0,7.58,2.0,77.8,82.5,84.7,72.1,19.4,10.7,6.42,1.44,24.9,13.0,7.58,2.0,77.8,82.5,84.7,72.1,0.05,0.1,-0.07,1.16,1.81,0.65,0.05,0.28,2.05,0.7,34.1,2.05,0.7,0.11,0.33,15.8,0.05,0.05,0.05,0.16,-0.08,-0.09,33.1,0.7,2.37,17.8,13.2,2.98,33.0,0.6,46.4,0.6,46.4,18.5,0.28,2.0,1.16,24.7,0.47,0.14,0.33,0.47,0.14,42.9,0.19,0.51,0.47,0.28,0.74,0.6,0.0,2.74,2.75,0.0,0.0,0.19,0.05,0.05,0.0,0.42,0.42,0.0,0.0,0.19,0.05,0.05,0.0,0.0,0.56,1.26,0.14,0.42,0.28,0.33,0.05,0.0,0.0,1.81,1.49,45.1,,,,,,,,,,,,,,,,,,,,,,,,,,,,
Daniel Edelman,us USA,MF,NY Red Bulls,20,2003,31,29,2524,28.0,0.0,0.0,0.0,0.0,0.0,0.0,0.32,0.04,0.01,0.01,0.06,0.07,0.75,6.86,1.0,0.0,0.0,0.0,0.0,0.0,0.01,0.06,0.07,0.01,0.07,Matches,2024,28.0,45.5,19.5,21.4,4.04,54.1,22.1,24.1,6.04,84.1,88.3,88.7,66.9,808.5,241.7,45.5,19.5,21.4,4.04,54.1,22.1,24.1,6.04,84.1,88.3,88.7,66.9,45.5,19.5,21.4,4.04,54.1,22.1,24.1,6.04,84.1,88.3,88.7,66.9,45.5,19.5,21.4,4.04,54.1,22.1,24.1,6.04,84.1,88.3,88.7,66.9,0.0,0.08,-0.06,0.89,6.64,0.64,0.0,0.0,0.36,0.04,10.0,0.36,0.04,0.0,0.0,26.9,0.0,0.0,0.0,0.03,-0.01,-0.01,62.8,2.5,14.1,40.6,8.32,0.21,62.8,0.43,60.0,0.18,25.0,33.8,0.0,1.07,0.43,40.1,1.57,0.61,0.75,1.57,0.61,34.0,1.18,1.57,1.11,1.21,2.79,1.54,0.07,2.25,2.25,0.0,0.0,0.18,0.0,0.04,0.0,0.11,0.11,0.0,0.0,0.18,0.0,0.04,0.0,0.04,1.07,1.5,0.0,0.14,1.21,0.75,0.0,0.0,0.0,5.36,1.14,47.8,,,,,,,,,,,,,,,,,,,,,,,,,,,,
Earl Edwards Jr.,us USA,GK,NE Revolution,32,1992,1,1,90,1.0,0.0,0.0,0.0,0.0,0.0,0.0,0.0,0.0,0.0,0.0,0.0,0.0,0.0,0.0,0.0,0.0,0.0,0.0,0.0,0.0,0.0,0.0,0.0,0.0,0.0,Matches,2024,1.0,38.0,6.0,20.0,12.0,41.0,6.0,20.0,14.0,92.7,100.0,100.0,85.7,1000.0,771.0,38.0,6.0,20.0,12.0,41.0,6.0,20.0,14.0,92.7,100.0,100.0,85.7,38.0,6.0,20.0,12.0,41.0,6.0,20.0,14.0,92.7,100.0,100.0,85.7,38.0,6.0,20.0,12.0,41.0,6.0,20.0,14.0,92.7,100.0,100.0,85.7,0.0,0.0,0.0,0.0,0.0,0.0,0.0,0.0,0.0,0.0,,0.0,0.0,,,,0.0,0.0,0.0,,0.0,0.0,43.0,38.0,43.0,0.0,0.0,0.0,43.0,0.0,,0.0,,25.0,0.0,0.0,0.0,27.0,0.0,0.0,0.0,0.0,0.0,,0.0,0.0,0.0,0.0,0.0,1.0,1.0,0.0,0.0,0.0,0.0,0.0,0.0,0.0,0.0,0.0,0.0,0.0,0.0,0.0,0.0,0.0,0.0,0.0,0.0,0.0,0.0,0.0,0.0,0.0,0.0,0.0,0.0,0.0,0.0,,1.0,0.0,0.0,0.0,1.1,0.57,0.1,0.14,33.0,2.0,18.2,12.5,25.8,30.4,8.0,18.2,12.5,25.8,30.4,8.0,9.0,0.0,0.0,0.0,0.0,25.8,30.4,8.0
Matthew Edwards,us USA,DF,Atlanta Utd,20,2003,1,0,2,0.0,0.0,0.0,0.0,0.0,0.0,0.0,0.0,0.0,0.0,0.0,0.0,0.0,0.0,0.0,0.0,0.0,0.0,0.0,0.0,0.0,0.88,0.0,0.88,0.88,0.88,Matches,2024,0.0,1.0,1.0,0.0,0.0,2.0,1.0,0.0,0.0,50.0,100.0,,,7.0,5.0,1.0,1.0,0.0,0.0,2.0,1.0,0.0,0.0,50.0,100.0,,,1.0,1.0,0.0,0.0,2.0,1.0,0.0,0.0,50.0,100.0,,,1.0,1.0,0.0,0.0,2.0,1.0,0.0,0.0,50.0,100.0,,,0.0,0.0,0.0,0.0,0.0,0.0,0.0,0.0,1.0,0.0,0.0,45.0,0.0,0.0,,30.0,0.0,0.0,0.0,0.02,0.0,0.0,3.0,0.0,1.0,1.0,1.0,0.0,3.0,0.0,,0.0,,1.0,0.0,0.0,0.0,1.0,0.0,0.0,0.0,0.0,0.0,,0.0,0.0,0.0,0.0,0.0,0.0,0.0,0.0,0.0,0.0,0.0,0.0,0.0,0.0,0.0,0.0,0.0,0.0,0.0,0.0,0.0,0.0,0.0,0.0,0.0,0.0,0.0,0.0,0.0,0.0,0.0,0.0,0.0,1.0,1.0,100.0,,,,,,,,,,,,,,,,,,,,,,,,,,,,
Michael Edwards,us USA,DF,Colorado Rapids,23,2000,4,2,208,2.3,0.43,0.0,0.43,0.43,0.0,0.0,0.43,0.0,0.3,0.3,0.0,0.3,0.43,2.17,0.87,0.43,0.0,0.43,0.43,0.43,0.32,0.01,0.32,0.32,0.32,Matches,2024,2.3,43.5,12.6,27.4,3.48,48.7,13.9,30.0,4.35,89.3,90.6,91.3,80.0,842.2,324.8,43.5,12.6,27.4,3.48,48.7,13.9,30.0,4.35,89.3,90.6,91.3,80.0,43.5,12.6,27.4,3.48,48.7,13.9,30.0,4.35,89.3,90.6,91.3,80.0,43.5,12.6,27.4,3.48,48.7,13.9,30.0,4.35,89.3,90.6,91.3,80.0,0.0,0.0,0.0,0.43,2.17,0.0,0.0,0.43,0.87,0.43,50.0,0.87,0.43,0.5,1.0,5.2,0.0,0.0,0.0,0.37,0.13,0.13,61.7,7.83,33.5,25.2,3.04,1.74,61.7,0.0,,0.0,,39.1,0.0,0.43,0.43,41.3,2.17,2.17,1.3,2.17,2.17,62.5,1.3,3.04,0.87,1.74,3.91,3.48,0.0,0.43,0.43,0.0,0.0,0.0,0.0,0.0,0.0,0.0,0.0,0.0,0.0,0.0,0.0,0.0,0.0,0.0,0.0,0.87,0.0,0.0,1.74,1.3,0.0,0.0,0.0,2.17,1.74,80.0,,,,,,,,,,,,,,,,,,,,,,,,,,,,
Raheem Edwards,ca CAN,"DF,MF",CF Montréal,28,1995,25,18,1549,17.2,0.0,0.29,0.29,0.0,0.0,0.0,0.47,0.06,0.03,0.03,0.15,0.17,2.09,4.48,6.69,0.0,0.29,0.29,0.0,0.29,0.03,0.14,0.18,0.03,0.18,Matches,2024,17.2,46.0,24.4,17.6,2.97,58.0,27.2,20.9,5.93,79.4,89.5,84.2,50.0,741.5,254.1,46.0,24.4,17.6,2.97,58.0,27.2,20.9,5.93,79.4,89.5,84.2,50.0,46.0,24.4,17.6,2.97,58.0,27.2,20.9,5.93,79.4,89.5,84.2,50.0,46.0,24.4,17.6,2.97,58.0,27.2,20.9,5.93,79.4,89.5,84.2,50.0,0.29,0.17,0.15,1.51,3.26,1.16,0.29,0.0,0.87,0.35,40.0,0.87,0.35,0.0,0.0,22.1,0.06,0.0,0.0,0.04,-0.03,-0.03,71.6,2.56,18.8,32.7,20.8,1.98,71.6,1.51,42.6,1.86,52.5,43.9,0.12,2.21,1.8,48.7,2.67,0.87,1.8,2.67,0.87,42.9,1.16,1.34,1.22,1.51,4.19,1.45,0.0,2.44,2.44,0.17,0.0,0.17,0.0,0.06,0.0,0.29,0.29,0.17,0.0,0.17,0.0,0.06,0.0,0.0,1.92,1.74,0.12,3.2,1.51,1.8,0.0,0.06,0.0,6.63,1.45,61.0,,,,,,,,,,,,,,,,,,,,,,,,,,,,
Noah Eile,se SWE,DF,NY Red Bulls,21,2002,29,27,2418,26.9,0.0,0.04,0.04,0.0,0.0,0.0,0.22,0.04,0.01,0.01,0.05,0.06,0.93,4.28,0.41,0.0,0.04,0.04,0.0,0.04,0.01,0.05,0.06,0.01,0.06,Matches,2024,26.9,54.1,16.4,29.6,7.88,62.6,17.8,32.0,11.9,86.4,91.9,92.7,66.5,1139.3,421.3,54.1,16.4,29.6,7.88,62.6,17.8,32.0,11.9,86.4,91.9,92.7,66.5,54.1,16.4,29.6,7.88,62.6,17.8,32.0,11.9,86.4,91.9,92.7,66.5,54.1,16.4,29.6,7.88,62.6,17.8,32.0,11.9,86.4,91.9,92.7,66.5,0.04,0.05,-0.01,0.37,4.57,0.3,0.04,0.0,0.48,0.19,38.5,0.48,0.19,0.0,0.0,17.6,0.0,0.0,0.0,0.03,-0.01,-0.01,72.5,6.62,36.8,32.7,3.2,1.08,72.5,0.11,60.0,0.04,20.0,43.2,0.07,0.71,0.19,49.3,1.19,0.59,0.78,1.19,0.59,69.6,0.26,0.78,0.3,1.86,3.05,3.98,0.04,1.26,1.27,0.04,0.0,0.04,0.0,0.07,0.0,0.19,0.19,0.04,0.0,0.04,0.0,0.07,0.0,0.0,0.97,0.45,0.04,0.04,1.86,0.78,0.0,0.04,0.04,4.91,2.45,60.6,,,,,,,,,,,,,,,,,,,,,,,,,,,,
Piero Elias,us USA,FW,NYCFC,21,2002,1,0,1,0.0,0.0,0.0,0.0,0.0,0.0,0.0,0.0,0.0,0.0,0.0,0.0,0.0,0.0,0.0,0.0,0.0,0.0,0.0,0.0,0.0,0.0,0.0,0.0,0.0,0.0,Matches,2024,0.0,0.0,0.0,0.0,0.0,0.0,0.0,0.0,0.0,,,,,0.0,0.0,0.0,0.0,0.0,0.0,0.0,0.0,0.0,0.0,,,,,0.0,0.0,0.0,0.0,0.0,0.0,0.0,0.0,,,,,0.0,0.0,0.0,0.0,0.0,0.0,0.0,0.0,,,,,0.0,0.0,0.0,0.0,0.0,0.0,0.0,0.0,0.0,0.0,,0.0,0.0,,,,0.0,0.0,0.0,,0.0,0.0,0.0,0.0,0.0,0.0,0.0,0.0,0.0,0.0,,0.0,,0.0,0.0,0.0,0.0,0.0,0.0,0.0,0.0,0.0,0.0,,0.0,0.0,0.0,0.0,0.0,0.0,0.0,0.0,0.0,0.0,0.0,0.0,0.0,0.0,0.0,0.0,0.0,0.0,0.0,0.0,0.0,0.0,0.0,0.0,0.0,0.0,0.0,0.0,0.0,0.0,0.0,0.0,0.0,0.0,0.0,,,,,,,,,,,,,,,,,,,,,,,,,,,,,
Jack Elliott,eng ENG,DF,Philadelphia Union,28,1995,28,27,2391,26.6,0.0,0.08,0.08,0.0,0.0,0.0,0.26,0.04,0.06,0.06,0.07,0.13,0.23,1.95,0.08,0.0,0.08,0.08,0.0,0.08,0.06,0.07,0.13,0.06,0.13,Matches,2024,26.6,38.6,8.08,21.8,8.53,47.1,8.72,23.6,13.6,82.0,92.7,92.2,62.5,924.3,379.2,38.6,8.08,21.8,8.53,47.1,8.72,23.6,13.6,82.0,92.7,92.2,62.5,38.6,8.08,21.8,8.53,47.1,8.72,23.6,13.6,82.0,92.7,92.2,62.5,38.6,8.08,21.8,8.53,47.1,8.72,23.6,13.6,82.0,92.7,92.2,62.5,0.08,0.03,0.01,0.15,2.71,0.08,0.0,0.0,0.71,0.19,26.3,0.72,0.19,0.0,0.0,13.7,0.04,0.0,0.0,0.09,-0.06,-0.06,58.0,7.89,35.7,20.9,1.8,0.75,58.0,0.08,50.0,0.08,50.0,31.1,0.0,0.38,0.0,35.0,1.77,0.94,0.98,1.77,0.94,69.4,0.41,1.84,0.68,1.35,3.12,4.32,0.04,0.75,0.75,0.0,0.0,0.0,0.0,0.0,0.0,0.15,0.15,0.0,0.0,0.0,0.0,0.0,0.0,0.0,1.09,0.3,0.0,0.0,1.35,0.98,0.0,0.04,0.04,4.77,1.8,61.5,,,,,,,,,,,,,,,,,,,,,,,,,,,,
Herbert Endeley,us USA,"MF,DF",FC Dallas,22,2001,4,1,113,1.3,0.0,0.0,0.0,0.0,0.0,0.0,0.0,0.0,0.0,0.0,0.23,0.23,0.77,1.54,4.62,0.0,0.0,0.0,0.0,0.0,0.0,0.26,0.26,0.0,0.26,Matches,2024,1.3,26.9,13.8,10.8,1.54,33.8,14.6,14.6,2.31,79.5,94.7,73.7,66.7,441.5,96.2,26.9,13.8,10.8,1.54,33.8,14.6,14.6,2.31,79.5,94.7,73.7,66.7,26.9,13.8,10.8,1.54,33.8,14.6,14.6,2.31,79.5,94.7,73.7,66.7,26.9,13.8,10.8,1.54,33.8,14.6,14.6,2.31,79.5,94.7,73.7,66.7,0.0,0.23,-0.23,1.54,2.31,0.77,0.77,0.0,0.0,0.0,,0.0,0.0,,,,0.0,0.0,0.0,,0.0,0.0,45.4,2.31,8.46,23.1,14.6,1.54,45.4,2.31,50.0,2.31,50.0,24.6,0.77,2.31,0.77,28.5,0.77,0.77,0.77,0.77,0.77,100.0,0.0,0.77,0.77,0.77,1.54,2.31,0.0,3.85,3.98,0.0,0.0,0.77,0.0,0.0,0.0,0.0,0.0,0.0,0.0,0.77,0.0,0.0,0.0,0.0,1.54,1.54,0.0,1.54,0.77,0.77,0.0,0.0,0.0,1.54,0.0,0.0,,,,,,,,,,,,,,,,,,,,,,,,,,,,
Emeka Eneli,us USA,MF,Real Salt Lake,24,1999,33,31,2668,29.6,0.03,0.03,0.07,0.03,0.0,0.0,0.2,0.0,0.07,0.07,0.03,0.09,1.62,4.76,1.59,0.03,0.03,0.07,0.03,0.07,0.07,0.03,0.1,0.07,0.1,Matches,2024,29.6,47.3,24.3,18.9,2.74,52.9,26.9,20.5,3.24,89.4,90.4,92.1,84.4,743.2,188.9,47.3,24.3,18.9,2.74,52.9,26.9,20.5,3.24,89.4,90.4,92.1,84.4,47.3,24.3,18.9,2.74,52.9,26.9,20.5,3.24,89.4,90.4,92.1,84.4,47.3,24.3,18.9,2.74,52.9,26.9,20.5,3.24,89.4,90.4,92.1,84.4,0.03,0.05,0.01,0.81,4.59,0.71,0.0,0.03,0.44,0.14,30.8,0.44,0.13,0.08,0.25,20.8,0.0,0.0,0.0,0.15,-0.03,-0.03,62.6,2.13,14.1,38.7,10.6,0.44,62.6,0.71,52.5,0.54,40.0,33.6,0.14,1.05,0.81,41.9,1.82,0.84,1.18,1.82,0.84,43.9,1.08,1.55,1.22,1.76,3.58,0.84,0.0,1.93,1.92,0.03,0.0,0.1,0.03,0.1,0.0,0.2,0.2,0.03,0.0,0.1,0.03,0.1,0.0,0.0,0.95,1.76,0.0,0.07,1.76,1.18,0.0,0.03,0.0,8.21,0.71,48.8,,,,,,,,,,,,,,,,,,,,,,,,,,,,
Lawrence Ennali,de GER,FW,Houston Dynamo,21,2002,2,0,49,0.5,2.0,0.0,2.0,2.0,0.0,0.0,0.0,0.0,2.0,2.0,0.2,2.2,6.0,2.0,18.0,1.84,0.0,1.84,1.84,1.84,1.75,0.19,1.95,1.75,1.95,Matches,2024,0.5,40.0,26.0,12.0,2.0,42.0,26.0,14.0,2.0,95.2,100.0,85.7,100.0,598.0,58.0,40.0,26.0,12.0,2.0,42.0,26.0,14.0,2.0,95.2,100.0,85.7,100.0,40.0,26.0,12.0,2.0,42.0,26.0,14.0,2.0,95.2,100.0,85.7,100.0,40.0,26.0,12.0,2.0,42.0,26.0,14.0,2.0,95.2,100.0,85.7,100.0,0.0,0.2,-0.2,2.0,0.0,0.0,0.0,2.0,2.0,2.0,100.0,1.84,1.84,1.0,1.0,5.2,0.0,0.0,0.0,0.95,0.0,0.0,58.0,0.0,2.0,16.0,40.0,12.0,58.0,6.0,75.0,2.0,25.0,42.0,8.0,4.0,0.0,48.0,2.0,0.0,0.0,2.0,0.0,,0.0,0.0,0.0,0.0,2.0,0.0,0.0,6.0,5.51,4.0,2.0,0.0,0.0,0.0,0.0,2.0,1.84,4.0,2.0,0.0,0.0,0.0,0.0,0.0,0.0,2.0,0.0,0.0,0.0,0.0,0.0,0.0,0.0,0.0,2.0,100.0,,,,,,,,,,,,,,,,,,,,,,,,,,,,
Boris Enow,cm CMR,MF,D.C. United,23,2000,7,3,302,3.4,0.0,0.0,0.0,0.0,0.0,0.0,0.88,0.29,0.03,0.03,0.0,0.03,1.18,5.59,0.59,0.0,0.0,0.0,0.0,0.0,0.02,0.0,0.02,0.02,0.02,Matches,2024,3.4,33.2,12.9,16.5,3.24,40.3,15.0,19.7,4.12,82.5,86.3,83.6,78.6,610.6,187.1,33.2,12.9,16.5,3.24,40.3,15.0,19.7,4.12,82.5,86.3,83.6,78.6,33.2,12.9,16.5,3.24,40.3,15.0,19.7,4.12,82.5,86.3,83.6,78.6,33.2,12.9,16.5,3.24,40.3,15.0,19.7,4.12,82.5,86.3,83.6,78.6,0.0,0.03,0.0,0.0,4.12,0.88,0.0,0.0,1.18,0.0,0.0,1.19,0.0,0.0,,30.3,0.0,0.0,0.0,0.02,-0.03,-0.03,52.4,3.53,12.6,33.2,7.06,0.0,52.4,1.47,71.4,0.59,28.6,26.8,0.0,0.88,0.59,30.6,2.35,0.59,1.76,2.35,0.59,50.0,0.59,1.76,1.18,0.29,2.65,2.65,0.0,1.18,1.19,0.0,0.0,0.0,0.0,0.0,0.0,0.0,0.0,0.0,0.0,0.0,0.0,0.0,0.0,0.29,2.06,0.29,0.0,0.0,0.29,1.76,0.0,0.0,0.0,5.29,2.65,69.2,,,,,,,,,,,,,,,,,,,,,,,,,,,,
Ramiro Enrique,ar ARG,FW,Orlando City,22,2001,20,12,1084,12.0,0.67,0.17,0.83,0.67,0.0,0.0,0.33,0.0,0.58,0.58,0.07,0.64,2.17,1.58,6.17,0.66,0.17,0.83,0.66,0.83,0.58,0.06,0.64,0.58,0.64,Matches,2024,12.0,16.3,10.0,4.58,0.67,21.7,11.8,6.33,1.17,75.4,84.5,72.4,57.1,220.8,40.7,16.3,10.0,4.58,0.67,21.7,11.8,6.33,1.17,75.4,84.5,72.4,57.1,16.3,10.0,4.58,0.67,21.7,11.8,6.33,1.17,75.4,84.5,72.4,57.1,16.3,10.0,4.58,0.67,21.7,11.8,6.33,1.17,75.4,84.5,72.4,57.1,0.17,0.12,0.1,1.17,1.17,0.33,0.08,0.67,3.0,1.42,47.2,2.99,1.41,0.22,0.47,12.7,0.0,0.0,0.0,0.19,0.09,0.09,31.8,1.0,2.5,12.3,17.5,5.67,31.8,1.17,46.7,0.83,33.3,19.2,1.0,1.75,1.42,25.0,0.42,0.0,0.08,0.42,0.0,0.0,0.42,0.83,0.75,0.25,0.67,1.25,0.0,3.25,3.24,0.42,0.0,0.33,0.08,0.08,0.0,0.33,0.33,0.42,0.0,0.33,0.08,0.08,0.0,0.0,1.25,1.75,0.58,0.83,0.25,0.08,0.0,0.0,0.0,1.92,2.42,49.2,,,,,,,,,,,,,,,,,,,,,,,,,,,,
Victor Enriquez,,MF,Portland Timbers,17,2006,1,0,6,0.1,0.0,0.0,0.0,0.0,0.0,0.0,0.0,0.0,0.0,0.0,0.0,0.0,0.0,20.0,0.0,0.0,0.0,0.0,0.0,0.0,0.0,0.31,0.31,0.0,0.31,Matches,2024,0.1,80.0,10.0,60.0,10.0,80.0,10.0,60.0,10.0,100.0,100.0,100.0,100.0,1730.0,630.0,80.0,10.0,60.0,10.0,80.0,10.0,60.0,10.0,100.0,100.0,100.0,100.0,80.0,10.0,60.0,10.0,80.0,10.0,60.0,10.0,100.0,100.0,100.0,100.0,80.0,10.0,60.0,10.0,80.0,10.0,60.0,10.0,100.0,100.0,100.0,100.0,0.0,1.0,0.0,10.0,10.0,0.0,0.0,0.0,0.0,0.0,,0.0,0.0,,,,0.0,0.0,0.0,,0.0,0.0,100.0,0.0,0.0,70.0,30.0,0.0,100.0,0.0,0.0,10.0,100.0,60.0,0.0,0.0,0.0,80.0,0.0,0.0,0.0,0.0,0.0,,0.0,10.0,10.0,0.0,0.0,0.0,0.0,20.0,30.0,0.0,0.0,0.0,0.0,0.0,0.0,0.0,0.0,0.0,0.0,0.0,0.0,0.0,0.0,0.0,0.0,0.0,0.0,10.0,0.0,0.0,0.0,0.0,0.0,0.0,0.0,,,,,,,,,,,,,,,,,,,,,,,,,,,,,
Victor Eriksson,se SWE,DF,Minnesota Utd,23,2000,4,2,166,1.8,0.0,0.0,0.0,0.0,0.0,0.0,0.0,0.0,0.0,0.0,0.0,0.06,0.0,0.56,0.0,0.0,0.0,0.0,0.0,0.0,0.02,0.02,0.05,0.02,0.05,Matches,2024,1.8,36.1,12.8,19.4,3.89,46.7,14.4,20.6,9.44,77.4,88.5,94.6,41.2,670.0,225.0,36.1,12.8,19.4,3.89,46.7,14.4,20.6,9.44,77.4,88.5,94.6,41.2,36.1,12.8,19.4,3.89,46.7,14.4,20.6,9.44,77.4,88.5,94.6,41.2,36.1,12.8,19.4,3.89,46.7,14.4,20.6,9.44,77.4,88.5,94.6,41.2,0.0,0.0,0.0,1.11,2.22,0.0,0.0,0.0,1.11,0.0,0.0,1.08,0.0,0.0,,12.2,0.0,0.0,0.0,0.02,0.0,0.0,54.4,3.33,28.3,22.8,3.33,1.67,54.4,0.56,100.0,0.0,0.0,33.3,0.0,1.11,0.0,40.0,0.56,0.0,0.56,0.56,0.0,,0.0,0.0,0.0,0.0,0.56,3.89,0.56,0.56,0.55,0.0,0.0,0.0,0.0,0.0,0.0,0.0,0.0,0.0,0.0,0.0,0.0,0.0,0.0,0.0,0.56,0.56,0.0,0.0,0.0,0.56,0.0,0.0,0.0,2.78,2.78,71.4,,,,,,,,,,,,,,,,,,,,,,,,,,,,
Franco Escobar,ar ARG,DF,Houston Dynamo,28,1995,24,21,1818,20.2,0.1,0.05,0.15,0.1,0.0,0.0,0.59,0.05,0.03,0.03,0.08,0.12,1.68,4.7,3.61,0.1,0.05,0.15,0.1,0.15,0.04,0.08,0.12,0.04,0.12,Matches,2024,20.2,65.1,38.4,21.9,2.87,73.3,41.3,24.2,3.71,88.9,93.0,90.4,77.3,941.2,343.7,65.1,38.4,21.9,2.87,73.3,41.3,24.2,3.71,88.9,93.0,90.4,77.3,65.1,38.4,21.9,2.87,73.3,41.3,24.2,3.71,88.9,93.0,90.4,77.3,65.1,38.4,21.9,2.87,73.3,41.3,24.2,3.71,88.9,93.0,90.4,77.3,0.05,0.07,-0.03,0.64,4.7,0.54,0.1,0.1,0.45,0.2,44.4,0.45,0.2,0.22,0.5,11.4,0.0,0.0,0.0,0.08,0.06,0.06,84.5,2.92,28.6,40.0,16.2,2.13,84.5,0.74,68.2,0.3,27.3,46.4,0.05,0.74,0.4,56.7,3.81,2.23,2.33,3.81,2.23,66.2,1.14,1.39,1.09,1.34,5.15,2.13,0.0,1.34,1.34,0.0,0.0,0.05,0.0,0.1,0.0,0.15,0.15,0.0,0.0,0.05,0.0,0.1,0.0,0.05,1.09,0.59,0.05,0.94,1.34,2.33,0.0,0.05,0.0,4.31,1.29,51.0,,,,,,,,,,,,,,,,,,,,,,,,,,,,
Cristian Espinoza,ar ARG,"FW,MF",SJ Earthquakes,28,1995,34,34,2969,33.0,0.12,0.39,0.52,0.12,0.0,0.0,0.15,0.0,0.13,0.13,0.36,0.49,3.82,4.0,8.7,0.12,0.39,0.52,0.12,0.52,0.13,0.36,0.49,0.13,0.49,Matches,2024,33.0,30.3,15.8,10.0,3.55,45.7,18.8,14.1,8.27,66.4,84.0,71.1,42.9,516.8,182.3,30.3,15.8,10.0,3.55,45.7,18.8,14.1,8.27,66.4,84.0,71.1,42.9,30.3,15.8,10.0,3.55,45.7,18.8,14.1,8.27,66.4,84.0,71.1,42.9,30.3,15.8,10.0,3.55,45.7,18.8,14.1,8.27,66.4,84.0,71.1,42.9,0.39,0.28,0.04,2.76,2.33,2.21,1.09,0.12,1.97,0.73,36.9,1.97,0.73,0.06,0.17,21.0,0.3,0.0,0.0,0.07,-0.01,-0.01,56.7,0.91,5.55,22.0,30.0,2.79,56.7,1.64,53.5,1.33,43.6,32.2,1.03,2.39,1.09,38.7,1.21,0.45,0.64,1.21,0.45,26.8,1.24,1.15,1.12,0.55,1.76,0.94,0.0,5.36,5.36,0.33,0.06,0.12,0.0,0.0,0.0,0.52,0.52,0.33,0.06,0.12,0.0,0.0,0.0,0.0,1.24,0.73,0.27,10.0,0.55,0.64,0.0,0.0,0.0,3.55,0.24,22.2,,,,,,,,,,,,,,,,,,,,,,,,,,,,
Derrick Etienne,ht HAI,"MF,FW",Toronto FC,27,1996,23,19,1649,18.3,0.16,0.0,0.16,0.16,0.0,0.0,0.11,0.0,0.16,0.16,0.1,0.27,2.02,3.28,8.03,0.16,0.0,0.16,0.16,0.16,0.16,0.11,0.27,0.16,0.27,Matches,2024,18.3,28.4,14.4,11.0,2.13,36.4,16.7,13.7,3.99,77.9,86.3,80.4,53.4,479.4,86.9,28.4,14.4,11.0,2.13,36.4,16.7,13.7,3.99,77.9,86.3,80.4,53.4,28.4,14.4,11.0,2.13,36.4,16.7,13.7,3.99,77.9,86.3,80.4,53.4,28.4,14.4,11.0,2.13,36.4,16.7,13.7,3.99,77.9,86.3,80.4,53.4,0.0,0.12,-0.1,1.2,1.69,1.15,0.16,0.16,1.31,0.38,29.2,1.31,0.38,0.13,0.43,15.2,0.0,0.0,0.0,0.12,0.0,0.0,45.6,0.82,7.6,18.9,19.7,4.21,45.6,0.93,40.5,1.15,50.0,28.1,0.98,2.68,1.04,34.7,0.6,0.27,0.55,0.6,0.27,41.7,0.38,0.93,0.77,0.38,0.98,0.6,0.0,2.24,2.24,0.11,0.0,0.16,0.0,0.0,0.0,0.0,0.0,0.11,0.0,0.16,0.0,0.0,0.0,0.0,0.87,1.42,0.66,1.86,0.38,0.55,0.0,0.0,0.0,4.21,0.44,38.1,,,,,,,,,,,,,,,,,,,,,,,,,,,,
Derrick Etienne,ht HAI,"FW,MF",Atlanta Utd,27,1996,2,0,27,0.3,0.0,0.0,0.0,0.0,0.0,0.0,0.0,0.0,0.0,0.0,0.0,0.0,3.33,3.33,10.0,0.0,0.0,0.0,0.0,0.0,0.0,0.0,0.0,0.0,0.0,Matches,2024,0.3,30.0,6.67,23.3,0.0,43.3,13.3,23.3,3.33,69.2,50.0,100.0,0.0,533.3,196.7,30.0,6.67,23.3,0.0,43.3,13.3,23.3,3.33,69.2,50.0,100.0,0.0,30.0,6.67,23.3,0.0,43.3,13.3,23.3,3.33,69.2,50.0,100.0,0.0,30.0,6.67,23.3,0.0,43.3,13.3,23.3,3.33,69.2,50.0,100.0,0.0,0.0,0.0,0.0,0.0,0.0,0.0,0.0,0.0,0.0,0.0,,0.0,0.0,,,,0.0,0.0,0.0,,0.0,0.0,63.3,3.33,6.67,26.7,33.3,3.33,63.3,0.0,0.0,6.67,100.0,30.0,0.0,0.0,3.33,40.0,3.33,3.33,3.33,3.33,3.33,100.0,0.0,0.0,0.0,6.67,10.0,0.0,0.0,0.0,0.0,0.0,0.0,0.0,0.0,0.0,0.0,0.0,0.0,0.0,0.0,0.0,0.0,0.0,0.0,0.0,3.33,0.0,0.0,0.0,6.67,3.33,0.0,0.0,0.0,10.0,0.0,,,,,,,,,,,,,,,,,,,,,,,,,,,,,
Evander,br BRA,MF,Portland Timbers,25,1998,28,27,2459,27.3,0.55,0.55,1.1,0.44,0.11,0.11,0.29,0.0,0.36,0.27,0.41,0.69,2.53,7.51,4.58,0.55,0.55,1.1,0.44,0.99,0.36,0.41,0.78,0.28,0.69,Matches,2024,27.3,41.0,19.2,14.5,5.53,53.4,21.6,17.4,10.7,76.7,88.7,83.4,51.5,729.9,243.6,41.0,19.2,14.5,5.53,53.4,21.6,17.4,10.7,76.7,88.7,83.4,51.5,41.0,19.2,14.5,5.53,53.4,21.6,17.4,10.7,76.7,88.7,83.4,51.5,41.0,19.2,14.5,5.53,53.4,21.6,17.4,10.7,76.7,88.7,83.4,51.5,0.55,0.43,0.14,3.26,6.04,2.16,0.22,0.55,3.41,1.39,40.9,3.4,1.39,0.13,0.32,23.2,0.92,0.11,0.11,0.08,0.19,0.16,65.3,0.7,5.49,33.2,27.1,3.19,65.2,1.68,45.5,1.72,46.5,38.2,0.77,2.49,1.5,47.1,1.21,0.66,0.81,1.21,0.66,45.0,0.81,0.66,0.62,0.26,1.47,0.4,0.0,6.15,6.15,0.33,0.0,0.44,0.07,0.0,0.0,0.84,0.84,0.33,0.0,0.44,0.07,0.0,0.0,0.0,1.06,2.12,0.07,5.86,0.26,0.81,0.0,0.0,0.0,3.88,0.29,32.0,,,,,,,,,,,,,,,,,,,,,,,,,,,,
Diego Fagúndez,uy URU,"FW,MF",LA Galaxy,28,1995,34,19,1671,18.6,0.22,0.05,0.27,0.22,0.0,0.0,0.11,0.0,0.18,0.18,0.16,0.34,2.1,4.41,6.34,0.22,0.05,0.27,0.22,0.27,0.18,0.16,0.34,0.18,0.34,Matches,2024,18.6,38.1,22.4,11.2,2.63,46.3,24.5,12.9,5.54,82.1,91.4,86.7,47.6,574.9,185.9,38.1,22.4,11.2,2.63,46.3,24.5,12.9,5.54,82.1,91.4,86.7,47.6,38.1,22.4,11.2,2.63,46.3,24.5,12.9,5.54,82.1,91.4,86.7,47.6,38.1,22.4,11.2,2.63,46.3,24.5,12.9,5.54,82.1,91.4,86.7,47.6,0.05,0.17,-0.11,2.26,3.6,1.77,0.05,0.22,1.45,0.75,51.9,1.45,0.75,0.15,0.29,18.6,0.32,0.0,0.0,0.12,0.04,0.04,53.2,0.81,7.96,21.1,25.2,2.42,53.2,0.48,32.1,0.91,60.7,30.6,0.43,1.02,0.91,38.5,0.91,0.43,0.48,0.91,0.43,42.1,0.59,0.7,0.65,0.27,1.18,0.54,0.0,3.82,3.83,0.11,0.0,0.22,0.05,0.0,0.0,0.38,0.38,0.11,0.0,0.22,0.05,0.0,0.0,0.0,0.65,0.7,0.22,3.98,0.27,0.48,0.05,0.0,0.0,4.19,0.16,15.8,,,,,,,,,,,,,,,,,,,,,,,,,,,,
Marco Farfan,us USA,DF,FC Dallas,25,1998,26,23,2024,22.5,0.04,0.04,0.09,0.04,0.0,0.0,0.18,0.0,0.03,0.03,0.02,0.05,0.84,2.31,2.31,0.04,0.04,0.09,0.04,0.09,0.03,0.02,0.05,0.03,0.05,Matches,2024,22.5,40.7,21.4,16.3,2.18,46.8,22.6,18.3,3.47,87.1,94.7,89.1,62.8,650.5,246.8,40.7,21.4,16.3,2.18,46.8,22.6,18.3,3.47,87.1,94.7,89.1,62.8,40.7,21.4,16.3,2.18,46.8,22.6,18.3,3.47,87.1,94.7,89.1,62.8,40.7,21.4,16.3,2.18,46.8,22.6,18.3,3.47,87.1,94.7,89.1,62.8,0.04,0.04,0.02,0.22,1.56,0.53,0.22,0.04,0.27,0.04,16.7,0.27,0.04,0.17,1.0,19.1,0.0,0.0,0.0,0.1,0.02,0.02,55.2,4.31,24.5,21.4,9.82,0.76,55.2,0.13,23.1,0.44,76.9,29.1,0.04,0.49,0.49,34.8,2.18,1.11,1.38,2.18,1.11,69.4,0.49,0.8,0.44,0.98,3.16,1.82,0.0,0.84,0.84,0.0,0.0,0.09,0.0,0.0,0.0,0.22,0.22,0.0,0.0,0.09,0.0,0.0,0.0,0.0,1.24,1.07,0.0,0.89,0.98,1.38,0.0,0.0,0.0,3.29,0.98,39.3,,,,,,,,,,,,,,,,,,,,,,,,,,,,
Bryant Farkarlun,lr LBR,FW,Austin,22,2001,1,0,7,0.1,0.0,0.0,0.0,0.0,0.0,0.0,0.0,0.0,0.0,0.0,0.0,0.0,10.0,0.0,10.0,0.0,0.0,0.0,0.0,0.0,0.0,0.0,0.0,0.0,0.0,Matches,2024,0.1,0.0,0.0,0.0,0.0,10.0,0.0,0.0,0.0,0.0,,,,0.0,0.0,0.0,0.0,0.0,0.0,10.0,0.0,0.0,0.0,0.0,,,,0.0,0.0,0.0,0.0,10.0,0.0,0.0,0.0,0.0,,,,0.0,0.0,0.0,0.0,10.0,0.0,0.0,0.0,0.0,,,,0.0,0.0,0.0,0.0,0.0,0.0,0.0,0.0,0.0,0.0,,0.0,0.0,,,,0.0,0.0,0.0,,0.0,0.0,30.0,0.0,0.0,20.0,10.0,0.0,30.0,10.0,50.0,10.0,50.0,10.0,0.0,0.0,0.0,10.0,0.0,0.0,0.0,0.0,0.0,,0.0,0.0,0.0,0.0,0.0,0.0,0.0,0.0,0.0,0.0,0.0,0.0,0.0,0.0,0.0,0.0,0.0,0.0,0.0,0.0,0.0,0.0,0.0,0.0,0.0,0.0,0.0,0.0,0.0,0.0,0.0,0.0,0.0,0.0,0.0,,,,,,,,,,,,,,,,,,,,,,,,,,,,,
Andrew Farrell,us USA,"DF,MF",NE Revolution,31,1992,14,6,552,6.1,0.0,0.0,0.0,0.0,0.0,0.0,0.0,0.0,0.02,0.02,0.0,0.02,1.31,4.1,4.26,0.0,0.0,0.0,0.0,0.0,0.02,0.0,0.02,0.02,0.02,Matches,2024,6.1,52.1,23.4,22.3,5.74,64.8,25.9,26.7,8.2,80.5,90.5,83.4,70.0,919.3,328.4,52.1,23.4,22.3,5.74,64.8,25.9,26.7,8.2,80.5,90.5,83.4,70.0,52.1,23.4,22.3,5.74,64.8,25.9,26.7,8.2,80.5,90.5,83.4,70.0,52.1,23.4,22.3,5.74,64.8,25.9,26.7,8.2,80.5,90.5,83.4,70.0,0.0,0.03,0.0,0.16,3.61,0.49,0.16,0.0,0.33,0.0,0.0,0.33,0.0,0.0,,12.0,0.0,0.0,0.0,0.06,-0.02,-0.02,71.1,3.77,21.3,36.7,13.4,0.98,71.1,0.16,33.3,0.33,66.7,39.3,0.33,0.82,0.82,48.5,1.31,0.82,1.15,1.31,0.82,71.4,0.33,1.15,0.16,0.49,1.8,1.97,0.0,2.13,2.12,0.0,0.0,0.0,0.0,0.0,0.0,0.33,0.33,0.0,0.0,0.0,0.0,0.0,0.0,0.0,0.82,0.66,0.0,1.97,0.49,1.15,0.0,0.16,0.0,4.1,0.33,28.6,,,,,,,,,,,,,,,,,,,,,,,,,,,,
Logan Farrington,us USA,"FW,MF",FC Dallas,22,2001,29,10,1225,13.6,0.29,0.37,0.66,0.29,0.0,0.0,0.29,0.0,0.26,0.26,0.24,0.5,2.5,2.35,6.91,0.29,0.37,0.66,0.29,0.66,0.26,0.24,0.5,0.26,0.5,Matches,2024,13.6,18.6,11.8,5.29,0.29,25.0,14.6,7.28,0.81,74.4,81.3,72.7,36.4,238.2,53.5,18.6,11.8,5.29,0.29,25.0,14.6,7.28,0.81,74.4,81.3,72.7,36.4,18.6,11.8,5.29,0.29,25.0,14.6,7.28,0.81,74.4,81.3,72.7,36.4,18.6,11.8,5.29,0.29,25.0,14.6,7.28,0.81,74.4,81.3,72.7,36.4,0.37,0.15,0.13,1.4,1.18,1.32,0.22,0.29,2.72,1.1,40.5,2.72,1.1,0.11,0.27,17.5,0.22,0.0,0.0,0.1,0.03,0.03,37.5,1.18,4.34,14.6,18.7,4.56,37.5,0.96,38.2,1.32,52.9,24.1,1.25,2.79,2.13,29.9,0.96,0.29,0.59,0.96,0.29,33.3,0.59,1.1,0.96,0.44,1.4,1.03,0.07,4.04,4.05,0.29,0.0,0.44,0.0,0.22,0.07,0.81,0.81,0.29,0.0,0.44,0.0,0.22,0.07,0.0,1.84,2.65,0.74,1.03,0.44,0.59,0.0,0.07,0.0,2.65,1.4,37.3,,,,,,,,,,,,,,,,,,,,,,,,,,,,
Mohamed Farsi,dz ALG,DF,Columbus Crew,24,1999,27,21,1872,20.8,0.19,0.1,0.29,0.19,0.0,0.0,0.05,0.0,0.16,0.16,0.13,0.28,2.6,2.98,10.9,0.19,0.1,0.29,0.19,0.29,0.16,0.13,0.29,0.16,0.29,Matches,2024,20.8,48.1,28.8,15.3,2.84,55.3,30.7,17.8,4.09,87.0,93.7,86.2,69.4,730.5,166.6,48.1,28.8,15.3,2.84,55.3,30.7,17.8,4.09,87.0,93.7,86.2,69.4,48.1,28.8,15.3,2.84,55.3,30.7,17.8,4.09,87.0,93.7,86.2,69.4,48.1,28.8,15.3,2.84,55.3,30.7,17.8,4.09,87.0,93.7,86.2,69.4,0.1,0.12,-0.03,1.35,1.92,1.44,0.48,0.19,0.58,0.29,50.0,0.58,0.29,0.33,0.67,10.7,0.0,0.0,0.0,0.28,0.03,0.03,63.3,1.83,11.2,27.1,25.5,2.79,63.3,0.72,34.1,1.3,61.4,40.2,0.82,1.01,0.72,45.7,1.01,0.53,0.67,1.01,0.53,57.9,0.38,0.96,0.87,0.34,1.35,1.2,0.0,2.64,2.65,0.05,0.0,0.14,0.1,0.0,0.0,0.38,0.38,0.05,0.0,0.14,0.1,0.0,0.0,0.0,0.29,1.2,0.43,2.07,0.34,0.67,0.1,0.0,0.0,3.7,0.24,17.2,,,,,,,,,,,,,,,,,,,,,,,,,,,,
Felipe,br BRA,"MF,FW",Orlando City,33,1990,14,4,355,3.9,0.0,0.0,0.0,0.0,0.0,0.0,0.77,0.0,0.23,0.23,0.08,0.28,0.26,8.21,0.51,0.0,0.0,0.0,0.0,0.0,0.22,0.07,0.29,0.22,0.29,Matches,2024,3.9,48.7,26.2,19.2,1.54,54.9,27.9,19.7,3.85,88.8,93.6,97.4,40.0,730.3,258.7,48.7,26.2,19.2,1.54,54.9,27.9,19.7,3.85,88.8,93.6,97.4,40.0,48.7,26.2,19.2,1.54,54.9,27.9,19.7,3.85,88.8,93.6,97.4,40.0,48.7,26.2,19.2,1.54,54.9,27.9,19.7,3.85,88.8,93.6,97.4,40.0,0.0,0.1,-0.08,1.28,8.46,1.28,0.0,0.0,1.03,0.0,0.0,1.01,0.0,0.0,,15.9,0.0,0.0,0.0,0.22,-0.23,-0.23,64.4,3.08,15.6,42.1,7.18,0.77,64.4,0.0,0.0,0.26,100.0,30.5,0.0,0.26,0.77,43.8,2.82,2.05,2.56,2.82,2.05,57.1,1.54,0.77,0.77,1.54,4.36,1.79,0.26,2.05,2.03,0.0,0.0,0.0,0.0,0.0,0.0,0.0,0.0,0.0,0.0,0.0,0.0,0.0,0.0,0.0,2.05,1.03,0.26,0.0,1.54,2.56,0.0,0.0,0.0,6.92,0.0,0.0,,,,,,,,,,,,,,,,,,,,,,,,,,,,
Joaquín Fernández,es ESP,DF,Sporting KC,27,1996,2,2,115,1.3,0.0,0.0,0.0,0.0,0.0,0.0,0.0,0.0,0.0,0.0,0.0,0.0,0.77,1.54,0.0,0.0,0.0,0.0,0.0,0.0,0.04,0.0,0.04,0.04,0.04,Matches,2024,1.3,40.8,10.8,23.8,6.15,50.8,13.1,25.4,9.23,80.3,82.4,93.9,66.7,872.3,312.3,40.8,10.8,23.8,6.15,50.8,13.1,25.4,9.23,80.3,82.4,93.9,66.7,40.8,10.8,23.8,6.15,50.8,13.1,25.4,9.23,80.3,82.4,93.9,66.7,40.8,10.8,23.8,6.15,50.8,13.1,25.4,9.23,80.3,82.4,93.9,66.7,0.0,0.0,0.0,0.0,1.54,0.0,0.0,0.0,0.77,0.77,100.0,0.78,0.78,0.0,0.0,7.0,0.0,0.0,0.0,0.05,0.0,0.0,65.4,8.46,30.0,33.8,1.54,0.77,65.4,0.0,,0.0,,35.4,0.0,0.0,0.0,36.2,3.85,3.08,0.77,3.85,3.08,100.0,0.0,1.54,0.0,2.31,6.15,4.62,0.0,0.0,0.0,0.0,0.0,0.0,0.0,0.0,0.0,0.0,0.0,0.0,0.0,0.0,0.0,0.0,0.0,0.0,0.77,1.54,0.0,0.0,2.31,0.77,0.0,0.0,0.77,6.92,2.31,75.0,,,,,,,,,,,,,,,,,,,,,,,,,,,,
Julián Fernández,ar ARG,"FW,MF",NYCFC,20,2004,21,6,674,7.5,0.27,0.27,0.53,0.27,0.0,0.0,0.13,0.13,0.27,0.27,0.16,0.43,2.93,4.0,9.07,0.27,0.27,0.53,0.27,0.53,0.26,0.17,0.43,0.26,0.43,Matches,2024,7.5,32.0,19.1,9.47,2.13,43.6,22.7,12.0,5.47,73.4,84.1,78.9,39.0,481.9,109.3,32.0,19.1,9.47,2.13,43.6,22.7,12.0,5.47,73.4,84.1,78.9,39.0,32.0,19.1,9.47,2.13,43.6,22.7,12.0,5.47,73.4,84.1,78.9,39.0,32.0,19.1,9.47,2.13,43.6,22.7,12.0,5.47,73.4,84.1,78.9,39.0,0.27,0.24,0.11,1.6,2.13,1.33,0.4,0.27,2.67,1.2,45.0,2.67,1.2,0.1,0.22,19.0,0.13,0.0,0.0,0.1,0.0,0.0,57.9,0.13,4.53,22.7,31.5,6.93,57.9,1.87,43.8,2.13,50.0,34.1,1.47,2.8,2.27,39.2,1.47,0.4,1.07,1.47,0.4,42.9,0.53,2.0,2.0,0.67,2.13,0.0,0.13,3.47,3.47,0.27,0.0,0.13,0.0,0.0,0.0,0.4,0.4,0.27,0.0,0.13,0.0,0.0,0.0,0.0,1.33,1.6,0.0,3.87,0.67,1.07,0.0,0.0,0.0,5.73,0.13,8.3,,,,,,,,,,,,,,,,,,,,,,,,,,,,
Omir Fernandez,us USA,"FW,MF",Colorado Rapids,24,1999,33,19,1691,18.8,0.11,0.16,0.27,0.05,0.05,0.05,0.0,0.0,0.21,0.18,0.12,0.29,2.34,2.61,7.77,0.11,0.16,0.27,0.05,0.21,0.22,0.12,0.34,0.17,0.3,Matches,2024,18.8,19.3,12.0,5.27,0.64,25.1,14.0,6.54,1.49,76.9,85.6,80.5,42.9,254.8,76.6,19.3,12.0,5.27,0.64,25.1,14.0,6.54,1.49,76.9,85.6,80.5,42.9,19.3,12.0,5.27,0.64,25.1,14.0,6.54,1.49,76.9,85.6,80.5,42.9,19.3,12.0,5.27,0.64,25.1,14.0,6.54,1.49,76.9,85.6,80.5,42.9,0.16,0.15,0.04,1.22,1.54,1.12,0.21,0.11,1.38,0.53,38.5,1.38,0.53,0.04,0.1,17.9,0.0,0.05,0.05,0.13,-0.11,-0.12,36.2,0.74,4.52,12.2,20.3,4.04,36.2,1.38,44.8,1.49,48.3,23.0,1.06,2.61,1.22,25.1,1.38,0.74,0.96,1.38,0.74,53.8,0.64,0.85,0.8,0.53,1.91,0.48,0.0,2.61,2.61,0.11,0.0,0.27,0.11,0.0,0.0,0.48,0.48,0.11,0.0,0.27,0.11,0.0,0.0,0.0,0.32,1.97,0.43,1.33,0.53,0.96,0.11,0.0,0.0,3.83,0.32,20.7,,,,,,,,,,,,,,,,,,,,,,,,,,,,
Jesús Ferreira,us USA,"MF,FW",FC Dallas,23,2000,22,14,1319,14.7,0.34,0.2,0.54,0.27,0.07,0.14,0.0,0.0,0.35,0.24,0.15,0.39,1.29,5.78,6.67,0.34,0.2,0.55,0.27,0.48,0.35,0.15,0.49,0.24,0.39,Matches,2024,14.7,35.6,18.7,13.1,2.72,47.1,22.1,16.7,4.97,75.6,84.6,78.4,54.8,561.1,166.8,35.6,18.7,13.1,2.72,47.1,22.1,16.7,4.97,75.6,84.6,78.4,54.8,35.6,18.7,13.1,2.72,47.1,22.1,16.7,4.97,75.6,84.6,78.4,54.8,35.6,18.7,13.1,2.72,47.1,22.1,16.7,4.97,75.6,84.6,78.4,54.8,0.2,0.23,0.05,1.97,2.99,2.24,0.34,0.34,1.77,0.68,38.5,1.77,0.68,0.15,0.4,20.2,0.27,0.07,0.14,0.14,-0.01,0.03,54.1,1.09,6.73,26.2,21.5,2.38,53.9,0.34,45.5,0.41,54.5,30.4,0.54,1.9,0.68,40.3,1.22,0.48,0.82,1.22,0.48,43.8,0.61,0.54,0.48,0.34,1.56,0.75,0.0,4.22,4.22,0.0,0.0,0.0,0.0,0.0,0.0,0.41,0.41,0.0,0.0,0.0,0.0,0.0,0.0,0.0,0.2,0.54,0.34,2.59,0.34,0.82,0.0,0.0,0.0,3.47,0.14,50.0,,,,,,,,,,,,,,,,,,,,,,,,,,,,
Sebastián Ferreira,py PAR,FW,Houston Dynamo,25,1998,18,6,723,8.0,0.63,0.38,1.0,0.5,0.13,0.13,0.25,0.0,0.44,0.35,0.14,0.49,0.5,1.38,6.25,0.62,0.37,1.0,0.5,0.87,0.44,0.14,0.57,0.34,0.48,Matches,2024,8.0,19.6,11.6,4.88,1.25,26.0,14.1,6.25,1.5,75.5,82.3,78.0,83.3,255.5,34.0,19.6,11.6,4.88,1.25,26.0,14.1,6.25,1.5,75.5,82.3,78.0,83.3,19.6,11.6,4.88,1.25,26.0,14.1,6.25,1.5,75.5,82.3,78.0,83.3,19.6,11.6,4.88,1.25,26.0,14.1,6.25,1.5,75.5,82.3,78.0,83.3,0.38,0.13,0.24,1.25,1.0,0.13,0.0,0.63,3.25,0.88,26.9,3.24,0.87,0.15,0.57,13.6,0.0,0.13,0.13,0.11,0.19,0.15,35.1,0.63,2.5,16.8,16.4,6.0,35.0,0.5,80.0,0.13,20.0,19.3,0.38,2.25,1.75,27.8,0.63,0.13,0.38,0.63,0.13,11.1,1.0,1.0,0.88,0.0,0.63,0.5,0.0,2.88,2.86,0.13,0.0,0.0,0.0,0.0,0.0,0.63,0.62,0.13,0.0,0.0,0.0,0.0,0.0,0.0,1.13,1.0,0.75,0.13,0.0,0.38,0.0,0.0,0.0,2.38,1.88,50.0,,,,,,,,,,,,,,,,,,,,,,,,,,,,
Ethan Finlay,us USA,"FW,MF",Austin,33,1990,22,8,831,9.2,0.11,0.0,0.11,0.11,0.0,0.0,0.0,0.0,0.07,0.07,0.02,0.1,1.3,2.17,7.93,0.11,0.0,0.11,0.11,0.11,0.07,0.02,0.09,0.07,0.09,Matches,2024,9.2,16.6,9.57,5.54,1.2,22.4,10.4,7.72,2.07,74.3,91.7,71.8,57.9,249.6,61.1,16.6,9.57,5.54,1.2,22.4,10.4,7.72,2.07,74.3,91.7,71.8,57.9,16.6,9.57,5.54,1.2,22.4,10.4,7.72,2.07,74.3,91.7,71.8,57.9,16.6,9.57,5.54,1.2,22.4,10.4,7.72,2.07,74.3,91.7,71.8,57.9,0.0,0.07,-0.02,0.33,0.76,1.2,0.54,0.11,0.54,0.22,40.0,0.54,0.22,0.2,0.5,13.2,0.0,0.0,0.0,0.13,0.04,0.04,31.2,1.41,5.65,9.67,15.9,1.74,31.2,0.22,20.0,0.76,70.0,17.4,0.22,2.28,1.2,21.1,1.41,0.76,0.65,1.41,0.76,46.7,0.87,0.76,0.65,0.11,1.52,0.98,0.0,0.87,0.87,0.11,0.0,0.0,0.0,0.0,0.0,0.0,0.0,0.11,0.0,0.0,0.0,0.0,0.0,0.0,0.98,0.76,0.33,3.15,0.11,0.65,0.0,0.0,0.0,1.96,0.43,33.3,,,,,,,,,,,,,,,,,,,,,,,,,,,,
Nicolas Firmino,us USA,"FW,MF",Atlanta Utd,23,2001,8,2,165,1.8,0.0,0.0,0.0,0.0,0.0,0.0,0.0,0.0,0.06,0.06,0.06,0.06,1.67,3.33,6.11,0.0,0.0,0.0,0.0,0.0,0.03,0.04,0.07,0.03,0.07,Matches,2024,1.8,25.0,16.7,5.56,0.56,30.0,17.8,8.89,1.11,83.3,93.8,62.5,50.0,297.8,63.9,25.0,16.7,5.56,0.56,30.0,17.8,8.89,1.11,83.3,93.8,62.5,50.0,25.0,16.7,5.56,0.56,30.0,17.8,8.89,1.11,83.3,93.8,62.5,50.0,25.0,16.7,5.56,0.56,30.0,17.8,8.89,1.11,83.3,93.8,62.5,50.0,0.0,0.11,-0.06,0.56,2.22,1.11,0.0,0.0,1.11,0.56,50.0,1.09,0.55,0.0,0.0,14.7,0.0,0.0,0.0,0.03,-0.06,-0.06,42.2,0.56,5.0,23.9,14.4,2.78,42.2,1.11,40.0,1.67,60.0,28.3,0.0,2.22,2.22,31.7,0.56,0.56,0.56,0.56,0.56,100.0,0.0,1.11,1.11,0.56,1.11,0.0,0.0,3.33,3.27,0.0,0.0,1.11,0.0,0.0,0.0,0.56,0.55,0.0,0.0,1.11,0.0,0.0,0.0,0.0,1.67,3.89,0.56,0.56,0.56,0.56,0.0,0.0,0.0,5.56,0.56,16.7,,,,,,,,,,,,,,,,,,,,,,,,,,,,
Leon Flach,us USA,MF,Philadelphia Union,22,2001,23,22,1823,20.3,0.0,0.15,0.15,0.0,0.0,0.0,0.1,0.0,0.01,0.01,0.09,0.1,0.39,2.76,1.18,0.0,0.15,0.15,0.0,0.15,0.01,0.09,0.1,0.01,0.1,Matches,2024,20.3,25.9,13.8,10.1,1.53,30.2,14.9,12.1,2.22,85.5,93.0,84.1,68.9,411.0,138.3,25.9,13.8,10.1,1.53,30.2,14.9,12.1,2.22,85.5,93.0,84.1,68.9,25.9,13.8,10.1,1.53,30.2,14.9,12.1,2.22,85.5,93.0,84.1,68.9,25.9,13.8,10.1,1.53,30.2,14.9,12.1,2.22,85.5,93.0,84.1,68.9,0.15,0.07,0.06,0.64,2.61,0.49,0.1,0.0,0.39,0.0,0.0,0.39,0.0,0.0,,27.1,0.0,0.0,0.0,0.04,-0.01,-0.01,40.1,1.82,10.6,23.3,6.55,0.44,40.1,0.2,57.1,0.15,42.9,18.4,0.05,0.99,0.64,23.3,2.46,1.13,1.28,2.46,1.13,60.5,0.74,1.53,1.28,2.07,4.53,1.08,0.0,1.63,1.63,0.0,0.0,0.1,0.0,0.05,0.0,0.25,0.25,0.0,0.0,0.1,0.0,0.05,0.0,0.0,0.84,0.79,0.0,0.2,2.07,1.28,0.0,0.0,0.0,3.89,0.49,62.5,,,,,,,,,,,,,,,,,,,,,,,,,,,,
Kristian Fletcher,us USA,"FW,MF",D.C. United,18,2005,13,1,246,2.7,0.37,0.0,0.37,0.37,0.0,0.0,0.37,0.0,0.33,0.33,0.04,0.37,2.59,2.59,15.6,0.37,0.0,0.37,0.37,0.37,0.34,0.04,0.38,0.34,0.38,Matches,2024,2.7,30.0,17.4,10.7,1.11,43.0,23.7,13.0,2.96,69.8,73.4,82.9,37.5,442.2,77.4,30.0,17.4,10.7,1.11,43.0,23.7,13.0,2.96,69.8,73.4,82.9,37.5,30.0,17.4,10.7,1.11,43.0,23.7,13.0,2.96,69.8,73.4,82.9,37.5,30.0,17.4,10.7,1.11,43.0,23.7,13.0,2.96,69.8,73.4,82.9,37.5,0.0,0.07,-0.04,1.11,1.11,0.74,0.0,0.37,2.59,1.11,42.9,2.56,1.1,0.14,0.33,17.4,0.0,0.0,0.0,0.13,0.04,0.04,67.8,1.11,8.15,29.6,30.7,4.81,67.8,2.96,33.3,5.56,62.5,46.3,1.48,7.41,2.96,48.1,1.11,1.11,0.74,1.11,1.11,37.5,1.85,1.48,1.48,0.74,1.85,1.11,0.0,2.96,2.91,0.74,0.0,0.0,0.0,0.0,0.0,0.0,0.0,0.74,0.0,0.0,0.0,0.0,0.0,0.0,1.85,1.11,0.0,1.85,0.74,0.74,0.0,0.0,0.0,8.15,2.59,58.3,,,,,,,,,,,,,,,,,,,,,,,,,,,,
Nicolas Fleuriau,ca CAN,"DF,FW",Vancouver W'caps,21,2002,2,0,40,0.4,0.0,0.0,0.0,0.0,0.0,0.0,2.5,0.0,0.75,0.75,0.0,0.75,2.5,0.0,2.5,0.0,0.0,0.0,0.0,0.0,0.59,0.0,0.59,0.59,0.59,Matches,2024,0.4,10.0,7.5,2.5,0.0,17.5,7.5,5.0,0.0,57.1,100.0,50.0,,130.0,30.0,10.0,7.5,2.5,0.0,17.5,7.5,5.0,0.0,57.1,100.0,50.0,,10.0,7.5,2.5,0.0,17.5,7.5,5.0,0.0,57.1,100.0,50.0,,10.0,7.5,2.5,0.0,17.5,7.5,5.0,0.0,57.1,100.0,50.0,,0.0,0.0,0.0,0.0,0.0,0.0,0.0,0.0,5.0,0.0,0.0,4.5,0.0,0.0,,9.8,0.0,0.0,0.0,0.13,-0.75,-0.75,37.5,0.0,2.5,17.5,17.5,7.5,37.5,2.5,100.0,0.0,0.0,15.0,2.5,5.0,2.5,20.0,0.0,0.0,0.0,0.0,0.0,,0.0,5.0,5.0,0.0,0.0,2.5,0.0,0.0,0.0,0.0,0.0,0.0,0.0,0.0,0.0,0.0,0.0,0.0,0.0,0.0,0.0,0.0,0.0,0.0,2.5,0.0,0.0,0.0,0.0,0.0,0.0,0.0,0.0,5.0,7.5,100.0,,,,,,,,,,,,,,,,,,,,,,,,,,,,
Deybi Flores,hn HON,MF,Toronto FC,27,1996,29,23,2089,23.2,0.04,0.04,0.09,0.04,0.0,0.0,0.39,0.0,0.04,0.04,0.02,0.06,0.34,5.47,0.6,0.04,0.04,0.09,0.04,0.09,0.04,0.02,0.06,0.04,0.06,Matches,2024,23.2,52.1,24.1,21.3,5.52,60.8,26.1,23.8,9.14,85.6,92.2,89.7,60.4,923.2,306.5,52.1,24.1,21.3,5.52,60.8,26.1,23.8,9.14,85.6,92.2,89.7,60.4,52.1,24.1,21.3,5.52,60.8,26.1,23.8,9.14,85.6,92.2,89.7,60.4,52.1,24.1,21.3,5.52,60.8,26.1,23.8,9.14,85.6,92.2,89.7,60.4,0.04,0.04,0.03,0.34,6.25,0.56,0.04,0.04,0.78,0.17,22.2,0.78,0.17,0.06,0.25,18.0,0.0,0.0,0.0,0.05,0.0,0.0,71.3,3.41,21.3,45.0,6.12,0.86,71.3,0.65,51.7,0.52,41.4,38.8,0.0,0.78,0.6,49.9,2.8,1.16,1.9,2.8,1.16,45.0,1.42,0.95,0.6,1.55,4.35,2.07,0.04,1.21,1.21,0.0,0.0,0.0,0.0,0.09,0.0,0.13,0.13,0.0,0.0,0.0,0.0,0.09,0.0,0.0,1.59,1.16,0.09,0.04,1.55,1.9,0.0,0.0,0.0,6.64,1.47,64.2,,,,,,,,,,,,,,,,,,,,,,,,,,,,
CJ Fodrey,us USA,"FW,MF",Austin,19,2004,12,0,196,2.2,0.0,0.45,0.45,0.0,0.0,0.0,1.36,0.0,0.09,0.09,0.14,0.23,2.73,2.27,11.4,0.0,0.46,0.46,0.0,0.46,0.09,0.12,0.22,0.09,0.22,Matches,2024,2.2,20.5,13.2,5.0,1.36,36.4,17.3,10.9,4.55,56.3,76.3,45.8,30.0,302.3,71.4,20.5,13.2,5.0,1.36,36.4,17.3,10.9,4.55,56.3,76.3,45.8,30.0,20.5,13.2,5.0,1.36,36.4,17.3,10.9,4.55,56.3,76.3,45.8,30.0,20.5,13.2,5.0,1.36,36.4,17.3,10.9,4.55,56.3,76.3,45.8,30.0,0.45,0.0,0.32,1.82,1.82,0.0,0.0,0.0,1.82,1.36,75.0,1.84,1.38,0.0,0.0,11.9,0.0,0.0,0.0,0.05,-0.09,-0.09,52.7,1.82,5.45,16.8,30.9,3.64,52.7,1.82,44.4,2.27,55.6,26.4,0.91,5.91,1.82,34.5,2.27,0.45,0.91,2.27,0.45,25.0,1.36,0.45,0.45,0.45,2.73,0.45,0.0,2.73,2.73,0.91,0.0,0.0,0.0,0.0,0.0,0.45,0.45,0.91,0.0,0.0,0.0,0.0,0.0,0.0,3.18,0.45,1.36,7.73,0.45,0.91,0.0,0.0,0.0,4.09,3.18,70.0,,,,,,,,,,,,,,,,,,,,,,,,,,,,
Nathan Fogaça,br BRA,"FW,MF",Portland Timbers,24,1999,16,1,182,2.0,0.5,0.0,0.5,0.5,0.0,0.0,0.5,0.0,0.35,0.35,0.0,0.35,3.5,2.5,9.5,0.49,0.0,0.49,0.49,0.49,0.34,0.0,0.34,0.34,0.34,Matches,2024,2.0,12.5,8.0,4.5,0.0,21.0,10.0,7.0,0.5,59.5,80.0,64.3,0.0,165.5,42.5,12.5,8.0,4.5,0.0,21.0,10.0,7.0,0.5,59.5,80.0,64.3,0.0,12.5,8.0,4.5,0.0,21.0,10.0,7.0,0.5,59.5,80.0,64.3,0.0,12.5,8.0,4.5,0.0,21.0,10.0,7.0,0.5,59.5,80.0,64.3,0.0,0.0,0.05,0.0,0.0,0.5,0.5,0.0,0.5,4.0,2.0,50.0,3.96,1.98,0.13,0.25,14.6,0.0,0.0,0.0,0.09,0.15,0.15,38.5,0.5,2.5,16.0,21.5,7.0,38.5,0.0,0.0,1.5,60.0,26.5,1.0,5.5,4.5,33.0,0.0,0.0,0.0,0.0,0.0,0.0,1.0,0.5,0.5,1.0,1.0,1.0,0.0,3.5,3.44,0.0,0.0,1.5,0.5,0.0,0.0,0.5,0.49,0.0,0.0,1.5,0.5,0.0,0.0,0.0,3.5,4.0,1.0,1.0,1.0,0.0,0.0,0.0,0.0,4.5,3.5,41.2,,,,,,,,,,,,,,,,,,,,,,,,,,,,
Andreu Fontàs,es ESP,DF,Sporting KC,34,1989,17,16,1409,15.7,0.0,0.06,0.06,0.0,0.0,0.0,0.25,0.0,0.01,0.01,0.04,0.05,0.25,4.33,0.0,0.0,0.06,0.06,0.0,0.06,0.01,0.04,0.05,0.01,0.05,Matches,2024,15.7,64.1,18.7,35.1,9.55,72.9,20.3,37.8,13.4,87.9,92.1,92.9,71.4,1348.0,576.6,64.1,18.7,35.1,9.55,72.9,20.3,37.8,13.4,87.9,92.1,92.9,71.4,64.1,18.7,35.1,9.55,72.9,20.3,37.8,13.4,87.9,92.1,92.9,71.4,64.1,18.7,35.1,9.55,72.9,20.3,37.8,13.4,87.9,92.1,92.9,71.4,0.06,0.03,0.03,0.38,5.54,0.25,0.06,0.0,0.13,0.0,0.0,0.13,0.0,0.0,,7.5,0.0,0.0,0.0,0.06,-0.01,-0.01,81.2,8.34,41.8,37.5,2.17,0.25,81.2,0.13,100.0,0.0,0.0,47.5,0.0,0.25,0.19,58.8,1.4,0.83,0.83,1.4,0.83,37.1,1.4,1.27,0.89,1.59,2.99,2.8,0.0,1.21,1.21,0.0,0.0,0.0,0.0,0.06,0.0,0.19,0.19,0.0,0.0,0.0,0.0,0.06,0.0,0.0,0.64,0.45,0.06,0.13,1.59,0.83,0.0,0.0,0.0,5.1,0.7,42.3,,,,,,,,,,,,,,,,,,,,,,,,,,,,
Emil Forsberg,se SWE,MF,NY Red Bulls,32,1991,19,15,1356,15.1,0.6,0.26,0.86,0.26,0.33,0.33,0.07,0.0,0.43,0.17,0.23,0.4,2.72,5.76,5.3,0.6,0.27,0.86,0.27,0.53,0.43,0.24,0.67,0.17,0.4,Matches,2024,15.1,27.4,13.4,11.1,2.38,35.4,15.1,13.0,5.23,77.2,88.6,84.8,45.6,468.6,145.0,27.4,13.4,11.1,2.38,35.4,15.1,13.0,5.23,77.2,88.6,84.8,45.6,27.4,13.4,11.1,2.38,35.4,15.1,13.0,5.23,77.2,88.6,84.8,45.6,27.4,13.4,11.1,2.38,35.4,15.1,13.0,5.23,77.2,88.6,84.8,45.6,0.26,0.15,0.03,2.19,3.97,2.19,0.07,0.6,2.45,0.93,37.8,2.46,0.93,0.11,0.29,24.5,0.79,0.33,0.33,0.07,0.17,0.1,46.4,0.33,2.45,20.9,23.9,3.11,46.1,2.25,47.2,1.92,40.3,31.6,0.93,2.52,1.06,34.1,0.86,0.26,0.66,0.86,0.26,25.0,0.79,0.46,0.4,0.26,1.13,0.26,0.0,4.83,4.85,0.33,0.07,0.53,0.07,0.13,0.0,0.53,0.53,0.33,0.07,0.53,0.07,0.13,0.0,0.0,0.33,1.85,0.0,2.78,0.26,0.66,0.0,0.0,0.0,3.58,0.2,27.3,,,,,,,,,,,,,,,,,,,,,,,,,,,,
Ajani Fortune,tt TRI,"MF,FW",Atlanta Utd,21,2002,27,13,1307,14.5,0.07,0.14,0.21,0.07,0.0,0.0,0.28,0.0,0.06,0.06,0.06,0.11,1.59,5.1,2.28,0.07,0.14,0.21,0.07,0.21,0.05,0.06,0.11,0.05,0.11,Matches,2024,14.5,39.3,17.7,16.3,4.28,46.2,19.5,18.7,5.72,85.1,90.8,87.1,74.7,699.4,199.3,39.3,17.7,16.3,4.28,46.2,19.5,18.7,5.72,85.1,90.8,87.1,74.7,39.3,17.7,16.3,4.28,46.2,19.5,18.7,5.72,85.1,90.8,87.1,74.7,39.3,17.7,16.3,4.28,46.2,19.5,18.7,5.72,85.1,90.8,87.1,74.7,0.14,0.08,0.08,0.76,4.34,0.76,0.0,0.07,1.03,0.34,33.3,1.03,0.34,0.07,0.2,20.4,0.0,0.0,0.0,0.05,0.01,0.01,54.7,1.52,10.1,32.7,12.6,1.24,54.7,0.69,62.5,0.34,31.3,33.5,0.14,0.97,0.41,38.9,1.86,0.83,1.45,1.86,0.83,60.0,0.55,0.9,0.55,1.17,3.03,1.1,0.0,1.93,1.93,0.21,0.0,0.0,0.0,0.0,0.0,0.21,0.21,0.21,0.0,0.0,0.0,0.0,0.0,0.0,1.59,1.24,0.0,0.69,1.17,1.45,0.0,0.07,0.0,4.62,0.34,38.5,,,,,,,,,,,,,,,,,,,,,,,,,,,,
Isaiah Foster,us USA,DF,FC Cincinnati,20,2003,1,0,4,0.0,0.0,0.0,0.0,0.0,0.0,0.0,0.0,0.0,0.0,0.0,0.0,0.0,0.0,0.0,1.0,0.0,0.0,0.0,0.0,0.0,0.0,0.0,0.0,0.0,0.0,Matches,2024,0.0,1.0,1.0,0.0,0.0,3.0,1.0,1.0,1.0,33.3,100.0,0.0,0.0,13.0,0.0,1.0,1.0,0.0,0.0,3.0,1.0,1.0,1.0,33.3,100.0,0.0,0.0,1.0,1.0,0.0,0.0,3.0,1.0,1.0,1.0,33.3,100.0,0.0,0.0,1.0,1.0,0.0,0.0,3.0,1.0,1.0,1.0,33.3,100.0,0.0,0.0,0.0,0.0,0.0,0.0,0.0,0.0,0.0,0.0,0.0,0.0,,0.0,0.0,,,,0.0,0.0,0.0,,0.0,0.0,4.0,0.0,3.0,0.0,1.0,0.0,4.0,0.0,,0.0,,2.0,0.0,0.0,0.0,1.0,0.0,0.0,0.0,0.0,0.0,,0.0,0.0,0.0,0.0,0.0,0.0,0.0,0.0,0.0,0.0,0.0,0.0,0.0,0.0,0.0,0.0,0.0,0.0,0.0,0.0,0.0,0.0,0.0,0.0,0.0,0.0,0.0,0.0,0.0,0.0,0.0,0.0,0.0,1.0,0.0,,,,,,,,,,,,,,,,,,,,,,,,,,,,,
Franco Fragapane,ar ARG,"MF,FW",Minnesota Utd,30,1993,24,6,830,9.2,0.11,0.22,0.33,0.11,0.0,0.0,0.11,0.0,0.23,0.23,0.18,0.42,2.39,5.87,7.5,0.11,0.22,0.33,0.11,0.33,0.23,0.19,0.42,0.23,0.42,Matches,2024,9.2,36.1,20.9,12.8,1.09,43.9,23.9,15.2,1.96,82.2,87.3,84.3,55.6,513.7,137.6,36.1,20.9,12.8,1.09,43.9,23.9,15.2,1.96,82.2,87.3,84.3,55.6,36.1,20.9,12.8,1.09,43.9,23.9,15.2,1.96,82.2,87.3,84.3,55.6,36.1,20.9,12.8,1.09,43.9,23.9,15.2,1.96,82.2,87.3,84.3,55.6,0.22,0.18,0.03,1.74,3.04,1.63,0.22,0.11,1.74,0.87,50.0,1.73,0.87,0.06,0.13,12.9,0.0,0.0,0.0,0.13,-0.12,-0.12,52.8,0.54,5.98,24.8,22.6,3.91,52.8,0.87,42.1,0.98,47.4,33.2,0.22,0.98,1.74,39.1,1.2,0.54,0.65,1.2,0.54,27.8,1.41,0.54,0.54,0.33,1.52,0.33,0.0,4.24,4.22,0.11,0.0,0.0,0.0,0.11,0.0,0.65,0.65,0.11,0.0,0.0,0.0,0.11,0.0,0.0,0.87,1.74,0.0,0.65,0.33,0.65,0.0,0.0,0.0,4.67,0.43,33.3,,,,,,,,,,,,,,,,,,,,,,,,,,,,
Kobe Franklin,ca CAN,"DF,MF",Toronto FC,20,2003,21,5,709,7.9,0.0,0.13,0.13,0.0,0.0,0.0,0.13,0.0,0.1,0.1,0.1,0.2,0.63,1.27,5.57,0.0,0.13,0.13,0.0,0.13,0.1,0.1,0.2,0.1,0.2,Matches,2024,7.9,33.3,20.0,10.1,2.41,40.5,21.5,12.2,3.92,82.2,92.9,83.3,61.3,517.0,134.6,33.3,20.0,10.1,2.41,40.5,21.5,12.2,3.92,82.2,92.9,83.3,61.3,33.3,20.0,10.1,2.41,40.5,21.5,12.2,3.92,82.2,92.9,83.3,61.3,33.3,20.0,10.1,2.41,40.5,21.5,12.2,3.92,82.2,92.9,83.3,61.3,0.13,0.08,0.03,1.14,1.77,0.51,0.51,0.0,1.27,0.25,20.0,1.27,0.25,0.0,0.0,13.6,0.0,0.0,0.0,0.08,-0.1,-0.1,50.1,2.41,11.4,22.5,16.2,2.41,50.1,0.38,30.0,0.76,60.0,24.6,0.0,1.65,0.63,29.0,0.63,0.51,0.51,0.63,0.51,44.4,0.63,0.89,0.76,0.51,1.14,2.41,0.0,2.03,2.03,0.0,0.0,0.0,0.0,0.0,0.0,0.13,0.13,0.0,0.0,0.0,0.0,0.0,0.0,0.0,1.27,1.14,0.25,3.04,0.51,0.51,0.0,0.0,0.0,4.68,0.76,30.0,,,,,,,,,,,,,,,,,,,,,,,,,,,,
Liam Fraser,ca CAN,MF,FC Dallas,25,1998,18,17,1378,15.3,0.07,0.07,0.13,0.07,0.0,0.0,0.26,0.0,0.04,0.04,0.01,0.05,0.33,4.44,0.72,0.07,0.07,0.13,0.07,0.13,0.04,0.01,0.05,0.04,0.05,Matches,2024,15.3,49.7,25.6,18.6,4.05,58.6,27.9,20.9,6.99,84.7,91.8,88.8,57.9,819.3,294.2,49.7,25.6,18.6,4.05,58.6,27.9,20.9,6.99,84.7,91.8,88.8,57.9,49.7,25.6,18.6,4.05,58.6,27.9,20.9,6.99,84.7,91.8,88.8,57.9,49.7,25.6,18.6,4.05,58.6,27.9,20.9,6.99,84.7,91.8,88.8,57.9,0.07,0.05,0.06,0.2,6.08,0.52,0.07,0.07,0.59,0.26,44.4,0.59,0.26,0.11,0.25,23.3,0.0,0.0,0.0,0.06,0.03,0.03,65.8,3.66,18.7,41.4,6.08,0.13,65.8,0.13,40.0,0.2,60.0,36.3,0.0,0.98,0.33,50.5,1.24,0.92,0.72,1.24,0.92,66.7,0.46,1.31,0.59,0.85,2.09,1.31,0.07,1.5,1.5,0.0,0.0,0.07,0.0,0.07,0.0,0.26,0.26,0.0,0.0,0.07,0.0,0.07,0.0,0.0,0.98,0.26,0.13,0.98,0.85,0.72,0.0,0.0,0.0,4.77,0.65,71.4,,,,,,,,,,,,,,,,,,,,,,,,,,,,
Ian Fray,jm JAM,DF,Inter Miami,21,2002,14,7,653,7.3,0.27,0.0,0.27,0.27,0.0,0.0,0.55,0.0,0.05,0.05,0.05,0.12,2.47,2.05,1.37,0.28,0.0,0.28,0.28,0.28,0.06,0.06,0.12,0.06,0.12,Matches,2024,7.3,37.8,14.2,20.8,2.33,44.8,16.0,24.1,3.97,84.4,88.9,86.4,58.6,693.4,184.5,37.8,14.2,20.8,2.33,44.8,16.0,24.1,3.97,84.4,88.9,86.4,58.6,37.8,14.2,20.8,2.33,44.8,16.0,24.1,3.97,84.4,88.9,86.4,58.6,37.8,14.2,20.8,2.33,44.8,16.0,24.1,3.97,84.4,88.9,86.4,58.6,0.0,0.04,-0.05,0.68,2.33,0.14,0.14,0.27,0.82,0.55,66.7,0.83,0.55,0.33,0.5,9.0,0.0,0.0,0.0,0.07,0.22,0.22,57.3,5.21,26.0,25.9,6.44,1.37,57.3,1.78,54.2,0.96,29.2,34.7,0.41,0.96,0.82,37.7,2.33,0.96,1.64,2.33,0.96,53.8,0.82,1.37,0.82,1.92,4.25,2.33,0.27,1.51,1.52,0.14,0.0,0.14,0.14,0.14,0.0,0.27,0.28,0.14,0.0,0.14,0.14,0.14,0.0,0.0,1.37,2.74,0.0,0.41,1.92,1.64,0.0,0.14,0.0,4.66,0.96,50.0,,,,,,,,,,,,,,,,,,,,,,,,,,,,
Carl Fred Sainté,ht HAI,MF,FC Dallas,21,2002,6,1,149,1.7,0.0,0.0,0.0,0.0,0.0,0.0,0.0,0.0,0.0,0.0,0.0,0.06,0.0,1.18,1.18,0.0,0.0,0.0,0.0,0.0,0.01,0.02,0.03,0.01,0.03,Matches,2024,1.7,33.5,18.2,11.8,2.35,37.6,20.6,12.9,2.35,89.1,88.6,90.9,100.0,548.2,124.7,33.5,18.2,11.8,2.35,37.6,20.6,12.9,2.35,89.1,88.6,90.9,100.0,33.5,18.2,11.8,2.35,37.6,20.6,12.9,2.35,89.1,88.6,90.9,100.0,33.5,18.2,11.8,2.35,37.6,20.6,12.9,2.35,89.1,88.6,90.9,100.0,0.0,0.0,0.0,0.59,1.18,0.0,0.0,0.0,0.59,0.0,0.0,0.6,0.0,0.0,,26.5,0.0,0.0,0.0,0.02,0.0,0.0,52.4,5.88,23.5,25.9,2.94,0.59,52.4,0.0,,0.0,,21.2,0.0,0.59,0.0,30.6,2.35,1.76,1.76,2.35,1.76,60.0,1.18,2.94,1.76,2.94,5.29,5.29,0.0,2.35,2.42,0.0,0.0,0.0,0.0,0.59,0.0,0.0,0.0,0.0,0.0,0.0,0.0,0.59,0.0,0.0,2.35,1.18,0.0,0.0,2.94,1.76,0.0,0.0,0.0,5.29,1.18,100.0,,,,,,,,,,,,,,,,,,,,,,,,,,,,
Wayne Frederick,tt TRI,MF,Colorado Rapids,19,2004,1,0,1,0.0,0.0,0.0,0.0,0.0,0.0,0.0,0.0,0.0,0.0,0.0,0.0,0.0,0.0,1.0,0.0,0.0,0.0,0.0,0.0,0.0,0.0,0.0,0.0,0.0,0.0,Matches,2024,0.0,1.0,0.0,1.0,0.0,1.0,0.0,1.0,0.0,100.0,,100.0,,21.0,14.0,1.0,0.0,1.0,0.0,1.0,0.0,1.0,0.0,100.0,,100.0,,1.0,0.0,1.0,0.0,1.0,0.0,1.0,0.0,100.0,,100.0,,1.0,0.0,1.0,0.0,1.0,0.0,1.0,0.0,100.0,,100.0,,0.0,0.0,0.0,0.0,0.0,0.0,0.0,0.0,0.0,0.0,,0.0,0.0,,,,0.0,0.0,0.0,,0.0,0.0,2.0,1.0,1.0,1.0,0.0,0.0,2.0,0.0,,0.0,,1.0,0.0,0.0,0.0,1.0,0.0,0.0,0.0,0.0,0.0,,0.0,0.0,0.0,0.0,0.0,1.0,0.0,0.0,0.0,0.0,0.0,0.0,0.0,0.0,0.0,0.0,0.0,0.0,0.0,0.0,0.0,0.0,0.0,0.0,0.0,0.0,0.0,0.0,0.0,0.0,0.0,0.0,0.0,0.0,1.0,100.0,,,,,,,,,,,,,,,,,,,,,,,,,,,,
Alex Freeman,us USA,"DF,MF",Orlando City,19,2004,2,0,10,0.1,0.0,10.0,10.0,0.0,0.0,0.0,0.0,0.0,2.0,2.0,1.0,3.0,0.0,0.0,30.0,0.0,9.0,9.0,0.0,9.0,1.88,1.27,3.15,1.88,3.15,Matches,2024,0.1,140.0,90.0,10.0,10.0,150.0,100.0,10.0,10.0,93.3,90.0,100.0,100.0,1380.0,440.0,140.0,90.0,10.0,10.0,150.0,100.0,10.0,10.0,93.3,90.0,100.0,100.0,140.0,90.0,10.0,10.0,150.0,100.0,10.0,10.0,93.3,90.0,100.0,100.0,140.0,90.0,10.0,10.0,150.0,100.0,10.0,10.0,93.3,90.0,100.0,100.0,10.0,0.0,9.0,20.0,0.0,0.0,0.0,0.0,20.0,10.0,50.0,18.0,9.0,0.0,0.0,7.7,0.0,0.0,0.0,0.09,-2.0,-2.0,170.0,0.0,10.0,80.0,80.0,20.0,170.0,0.0,,0.0,,140.0,0.0,0.0,0.0,140.0,0.0,0.0,0.0,0.0,0.0,,0.0,0.0,0.0,0.0,0.0,0.0,0.0,20.0,20.0,0.0,0.0,0.0,0.0,0.0,0.0,10.0,10.0,0.0,0.0,0.0,0.0,0.0,0.0,0.0,0.0,0.0,0.0,10.0,0.0,0.0,0.0,0.0,0.0,0.0,10.0,50.0,,,,,,,,,,,,,,,,,,,,,,,,,,,,
Matt Freese,us USA,GK,NYCFC,25,1998,34,34,2981,33.1,0.0,0.0,0.0,0.0,0.0,0.0,0.09,0.0,0.0,0.0,0.0,0.0,0.0,0.0,0.0,0.0,0.0,0.0,0.0,0.0,0.0,0.0,0.0,0.0,0.0,Matches,2024,33.1,31.5,5.77,21.1,4.56,39.6,5.83,21.3,12.2,79.5,99.0,99.0,37.3,716.7,439.6,31.5,5.77,21.1,4.56,39.6,5.83,21.3,12.2,79.5,99.0,99.0,37.3,31.5,5.77,21.1,4.56,39.6,5.83,21.3,12.2,79.5,99.0,99.0,37.3,31.5,5.77,21.1,4.56,39.6,5.83,21.3,12.2,79.5,99.0,99.0,37.3,0.0,0.0,-0.0,0.03,0.45,0.03,0.0,0.0,0.0,0.0,,0.0,0.0,,,,0.0,0.0,0.0,,0.0,0.0,41.7,32.3,41.5,0.18,0.0,0.0,41.7,0.0,,0.0,,25.3,0.0,0.03,0.0,21.7,0.06,0.06,0.03,0.06,0.06,40.0,0.09,0.03,0.03,0.0,0.06,0.33,0.18,0.21,0.21,0.0,0.0,0.0,0.0,0.0,0.0,0.0,0.0,0.0,0.0,0.0,0.0,0.0,0.0,0.0,0.0,0.18,0.0,0.0,0.0,0.03,0.0,0.0,0.0,0.82,0.18,85.7,1.36,0.12,0.15,0.0,1.54,0.29,0.18,0.18,32.8,6.19,22.5,34.1,28.4,33.5,14.6,22.5,34.1,28.4,33.5,14.6,12.5,0.85,6.8,1.0,1.0,28.4,33.5,14.6
Stefan Frei,ch SUI,GK,Seattle Sounders,37,1986,29,29,2464,27.4,0.0,0.0,0.0,0.0,0.0,0.0,0.0,0.04,0.0,0.0,0.0,0.0,0.0,0.04,0.0,0.0,0.0,0.0,0.0,0.0,0.0,0.0,0.0,0.0,0.0,Matches,2024,27.4,21.1,3.1,9.96,7.99,29.1,3.14,10.0,15.8,72.7,98.8,99.3,50.7,610.2,455.9,21.1,3.1,9.96,7.99,29.1,3.14,10.0,15.8,72.7,98.8,99.3,50.7,21.1,3.1,9.96,7.99,29.1,3.14,10.0,15.8,72.7,98.8,99.3,50.7,21.1,3.1,9.96,7.99,29.1,3.14,10.0,15.8,72.7,98.8,99.3,50.7,0.0,0.0,0.0,0.0,0.36,0.0,0.0,0.0,0.0,0.0,,0.0,0.0,,,,0.0,0.0,0.0,,0.0,0.0,30.5,26.0,30.2,0.26,0.0,0.0,30.5,0.0,,0.0,,15.5,0.0,0.0,0.0,13.1,0.0,0.0,0.0,0.0,0.0,0.0,0.04,0.0,0.0,0.0,0.0,0.22,0.11,0.15,0.15,0.0,0.0,0.0,0.0,0.0,0.0,0.0,0.0,0.0,0.0,0.0,0.0,0.0,0.0,0.0,0.04,0.29,0.0,0.0,0.0,0.0,0.0,0.04,0.0,0.77,0.15,100.0,0.99,0.11,0.04,0.0,0.97,0.27,-0.01,-0.01,21.4,3.58,35.0,46.2,35.2,41.0,10.2,35.0,46.2,35.2,41.0,10.2,13.7,0.99,7.2,0.4,0.4,35.2,41.0,10.2
Nicolás Freire,ar ARG,DF,Inter Miami,29,1994,10,9,738,8.2,0.0,0.0,0.0,0.0,0.0,0.0,0.12,0.0,0.0,0.0,0.0,0.0,1.1,4.88,0.0,0.0,0.0,0.0,0.0,0.0,0.01,0.0,0.01,0.01,0.01,Matches,2024,8.2,77.1,24.6,46.5,5.12,85.0,26.3,49.3,7.8,90.7,93.5,94.3,65.6,1444.9,511.6,77.1,24.6,46.5,5.12,85.0,26.3,49.3,7.8,90.7,93.5,94.3,65.6,77.1,24.6,46.5,5.12,85.0,26.3,49.3,7.8,90.7,93.5,94.3,65.6,77.1,24.6,46.5,5.12,85.0,26.3,49.3,7.8,90.7,93.5,94.3,65.6,0.0,0.02,0.0,0.0,3.17,0.12,0.0,0.0,0.12,0.0,0.0,0.12,0.0,0.0,,10.7,0.0,0.0,0.0,0.05,0.0,0.0,96.7,13.2,52.1,43.8,1.1,0.37,96.7,0.0,,0.0,,59.0,0.0,0.49,0.24,71.2,1.1,0.85,0.49,1.1,0.85,63.6,0.49,1.95,0.85,1.59,2.68,5.0,0.0,0.49,0.49,0.0,0.0,0.0,0.0,0.0,0.0,0.0,0.0,0.0,0.0,0.0,0.0,0.0,0.0,0.0,0.85,0.24,0.0,0.0,1.59,0.49,0.0,0.0,0.0,4.88,1.95,59.3,,,,,,,,,,,,,,,,,,,,,,,,,,,,
Malcolm Fry,us USA,FW,NE Revolution,18,2005,2,0,31,0.3,0.0,0.0,0.0,0.0,0.0,0.0,0.0,0.0,0.0,0.0,0.0,0.0,3.33,0.0,23.3,0.0,0.0,0.0,0.0,0.0,0.09,0.0,0.09,0.09,0.09,Matches,2024,0.3,20.0,13.3,6.67,0.0,30.0,16.7,10.0,0.0,66.7,80.0,66.7,,280.0,36.7,20.0,13.3,6.67,0.0,30.0,16.7,10.0,0.0,66.7,80.0,66.7,,20.0,13.3,6.67,0.0,30.0,16.7,10.0,0.0,66.7,80.0,66.7,,20.0,13.3,6.67,0.0,30.0,16.7,10.0,0.0,66.7,80.0,66.7,,0.0,0.0,0.0,0.0,6.67,0.0,0.0,0.0,3.33,0.0,0.0,2.9,0.0,0.0,,11.8,0.0,0.0,0.0,0.03,0.0,0.0,46.7,0.0,0.0,20.0,26.7,10.0,46.7,6.67,100.0,0.0,0.0,23.3,3.33,6.67,3.33,33.3,0.0,0.0,0.0,0.0,0.0,,0.0,0.0,0.0,0.0,0.0,0.0,0.0,3.33,2.9,3.33,0.0,0.0,0.0,0.0,0.0,0.0,0.0,3.33,0.0,0.0,0.0,0.0,0.0,0.0,0.0,3.33,0.0,0.0,0.0,0.0,0.0,0.0,0.0,10.0,0.0,,,,,,,,,,,,,,,,,,,,,,,,,,,,,
Julian Gaines,us USA,DF,Nashville SC,21,2002,4,2,222,2.5,0.0,0.0,0.0,0.0,0.0,0.0,0.4,0.0,0.0,0.0,0.0,0.0,0.8,2.0,3.2,0.0,0.0,0.0,0.0,0.0,0.0,0.0,0.0,0.0,0.0,Matches,2024,2.5,43.2,16.4,24.0,2.0,52.0,18.0,27.2,4.4,83.1,91.1,88.2,45.5,716.4,192.0,43.2,16.4,24.0,2.0,52.0,18.0,27.2,4.4,83.1,91.1,88.2,45.5,43.2,16.4,24.0,2.0,52.0,18.0,27.2,4.4,83.1,91.1,88.2,45.5,43.2,16.4,24.0,2.0,52.0,18.0,27.2,4.4,83.1,91.1,88.2,45.5,0.0,0.04,0.0,0.0,2.0,0.4,0.0,0.0,0.0,0.0,,0.0,0.0,,,,0.0,0.0,0.0,,0.0,0.0,62.0,2.0,29.2,21.2,12.0,0.4,62.0,0.8,40.0,1.2,60.0,30.4,0.4,0.8,0.0,38.0,2.4,2.0,2.0,2.4,2.0,100.0,0.0,0.8,0.4,2.8,5.2,2.8,0.0,1.2,1.22,0.0,0.0,0.4,0.0,0.0,0.0,0.4,0.41,0.0,0.0,0.4,0.0,0.0,0.0,0.0,0.8,2.4,0.0,0.8,2.8,2.0,0.0,0.0,0.0,7.6,1.2,60.0,,,,,,,,,,,,,,,,,,,,,,,,,,,,
McKinze Gaines,us USA,"FW,MF",Houston Dynamo,25,1998,11,0,154,1.7,0.0,0.0,0.0,0.0,0.0,0.0,0.59,0.0,0.06,0.06,0.0,0.06,7.65,0.59,15.3,0.0,0.0,0.0,0.0,0.0,0.07,0.0,0.07,0.07,0.07,Matches,2024,1.7,27.1,20.0,6.47,0.59,36.5,21.2,10.6,1.76,74.2,94.4,61.1,33.3,364.1,52.9,27.1,20.0,6.47,0.59,36.5,21.2,10.6,1.76,74.2,94.4,61.1,33.3,27.1,20.0,6.47,0.59,36.5,21.2,10.6,1.76,74.2,94.4,61.1,33.3,27.1,20.0,6.47,0.59,36.5,21.2,10.6,1.76,74.2,94.4,61.1,33.3,0.0,0.06,0.0,0.0,1.18,1.18,0.59,0.0,1.76,1.18,66.7,1.75,1.17,0.0,0.0,13.5,0.0,0.0,0.0,0.04,-0.06,-0.06,54.1,1.18,4.12,12.9,37.6,5.29,54.1,2.94,50.0,2.94,50.0,37.6,3.53,4.71,1.76,40.6,2.94,1.18,2.35,2.94,1.18,100.0,0.0,1.76,1.76,0.59,3.53,0.0,0.0,2.35,2.32,0.0,0.0,0.0,0.0,0.0,0.0,0.59,0.58,0.0,0.0,0.0,0.0,0.0,0.0,0.0,1.76,0.0,0.59,8.24,0.59,2.35,0.0,0.0,0.0,1.18,0.0,0.0,,,,,,,,,,,,,,,,,,,,,,,,,,,,
McKinze Gaines,us USA,"MF,DF",Nashville SC,25,1998,4,1,124,1.4,0.0,0.71,0.71,0.0,0.0,0.0,0.0,0.0,0.07,0.07,0.14,0.21,5.71,1.43,8.57,0.0,0.73,0.73,0.0,0.73,0.04,0.16,0.2,0.04,0.2,Matches,2024,1.4,15.7,8.57,4.29,0.71,22.1,11.4,5.71,1.43,71.0,75.0,75.0,50.0,215.0,20.0,15.7,8.57,4.29,0.71,22.1,11.4,5.71,1.43,71.0,75.0,75.0,50.0,15.7,8.57,4.29,0.71,22.1,11.4,5.71,1.43,71.0,75.0,75.0,50.0,15.7,8.57,4.29,0.71,22.1,11.4,5.71,1.43,71.0,75.0,75.0,50.0,0.71,0.14,0.57,2.14,0.0,0.0,0.0,0.0,1.43,0.0,0.0,1.45,0.0,0.0,,22.6,0.0,0.0,0.0,0.03,-0.07,-0.07,30.0,0.0,1.43,10.7,20.7,4.29,30.0,1.43,50.0,0.71,25.0,20.7,2.86,1.43,1.43,20.7,0.71,0.0,0.71,0.71,0.0,0.0,1.43,0.0,0.0,0.0,0.71,0.0,0.0,3.57,3.6,0.0,0.0,0.71,0.0,0.0,0.0,0.71,0.72,0.0,0.0,0.71,0.0,0.0,0.0,0.0,0.0,2.14,0.0,2.86,0.0,0.71,0.0,0.0,0.0,5.71,0.71,25.0,,,,,,,,,,,,,,,,,,,,,,,,,,,,
Jon Gallagher,ie IRL,DF,Austin,27,1996,32,30,2661,29.6,0.1,0.07,0.17,0.1,0.0,0.0,0.17,0.0,0.07,0.07,0.08,0.16,2.57,3.01,4.73,0.1,0.07,0.17,0.1,0.17,0.08,0.08,0.16,0.08,0.16,Matches,2024,29.6,34.0,13.3,16.2,3.75,44.0,15.1,20.3,6.52,77.3,88.4,79.7,57.5,629.3,177.9,34.0,13.3,16.2,3.75,44.0,15.1,20.3,6.52,77.3,88.4,79.7,57.5,34.0,13.3,16.2,3.75,44.0,15.1,20.3,6.52,77.3,88.4,79.7,57.5,34.0,13.3,16.2,3.75,44.0,15.1,20.3,6.52,77.3,88.4,79.7,57.5,0.07,0.1,-0.01,0.81,2.53,1.18,0.81,0.1,0.54,0.24,43.8,0.54,0.24,0.19,0.43,16.9,0.0,0.0,0.0,0.14,0.03,0.03,51.7,2.6,14.6,20.7,16.8,1.05,51.7,0.57,42.5,0.57,42.5,26.4,0.27,1.11,0.47,31.2,1.39,0.71,1.05,1.39,0.71,48.8,0.74,0.71,0.47,0.51,1.89,1.82,0.0,1.79,1.79,0.1,0.0,0.07,0.0,0.03,0.0,0.14,0.14,0.1,0.0,0.07,0.0,0.03,0.0,0.0,0.84,1.08,0.14,2.87,0.51,1.05,0.0,0.03,0.0,2.77,0.27,25.8,,,,,,,,,,,,,,,,,,,,,,,,,,,,
Pedro Gallese,pe PER,GK,Orlando City,33,1990,29,29,2610,29.0,0.0,0.0,0.0,0.0,0.0,0.0,0.07,0.0,0.0,0.0,0.01,0.01,0.0,0.03,0.0,0.0,0.0,0.0,0.0,0.0,0.0,0.01,0.01,0.0,0.01,Matches,2024,29.0,17.9,4.86,7.0,5.69,24.4,4.9,7.14,11.8,73.4,99.3,98.1,48.1,466.3,356.7,17.9,4.86,7.0,5.69,24.4,4.9,7.14,11.8,73.4,99.3,98.1,48.1,17.9,4.86,7.0,5.69,24.4,4.9,7.14,11.8,73.4,99.3,98.1,48.1,17.9,4.86,7.0,5.69,24.4,4.9,7.14,11.8,73.4,99.3,98.1,48.1,0.0,0.0,-0.01,0.03,0.41,0.0,0.0,0.0,0.0,0.0,,0.0,0.0,,,,0.0,0.0,0.0,,0.0,0.0,26.5,22.6,26.3,0.14,0.0,0.0,26.5,0.03,100.0,0.0,0.0,12.4,0.0,0.03,0.0,9.41,0.0,0.0,0.0,0.0,0.0,0.0,0.03,0.0,0.0,0.0,0.0,0.28,0.1,0.14,0.14,0.0,0.0,0.0,0.0,0.0,0.0,0.03,0.03,0.0,0.0,0.0,0.0,0.0,0.0,0.0,0.0,0.17,0.0,0.0,0.0,0.0,0.0,0.0,0.0,1.45,0.28,80.0,1.34,0.14,0.1,0.0,1.31,0.32,-0.04,-0.04,17.9,3.17,36.1,37.6,33.1,33.1,15.5,36.1,37.6,33.1,33.1,15.5,11.4,0.62,5.4,1.07,1.07,33.1,33.1,15.5
Jeremy Garay,sv SLV,FW,D.C. United,20,2003,2,0,10,0.1,0.0,0.0,0.0,0.0,0.0,0.0,0.0,0.0,0.0,0.0,0.0,0.0,0.0,0.0,0.0,0.0,0.0,0.0,0.0,0.0,0.0,0.0,0.0,0.0,0.0,Matches,2024,0.1,60.0,40.0,20.0,0.0,60.0,40.0,20.0,0.0,100.0,100.0,100.0,,690.0,210.0,60.0,40.0,20.0,0.0,60.0,40.0,20.0,0.0,100.0,100.0,100.0,,60.0,40.0,20.0,0.0,60.0,40.0,20.0,0.0,100.0,100.0,100.0,,60.0,40.0,20.0,0.0,60.0,40.0,20.0,0.0,100.0,100.0,100.0,,0.0,0.0,0.0,0.0,0.0,0.0,0.0,0.0,0.0,0.0,,0.0,0.0,,,,0.0,0.0,0.0,,0.0,0.0,80.0,0.0,40.0,40.0,0.0,0.0,80.0,0.0,,0.0,,50.0,0.0,0.0,10.0,70.0,10.0,0.0,10.0,10.0,0.0,,0.0,0.0,0.0,10.0,20.0,0.0,0.0,0.0,0.0,0.0,0.0,0.0,0.0,0.0,0.0,0.0,0.0,0.0,0.0,0.0,0.0,0.0,0.0,0.0,0.0,0.0,0.0,0.0,10.0,10.0,0.0,0.0,0.0,10.0,0.0,,,,,,,,,,,,,,,,,,,,,,,,,,,,,
Carlos Garcés,co COL,DF,LA Galaxy,22,2001,9,4,396,4.4,0.0,0.0,0.0,0.0,0.0,0.0,0.0,0.0,0.0,0.0,0.0,0.0,0.45,1.59,0.0,0.0,0.0,0.0,0.0,0.0,0.0,0.0,0.0,0.0,0.0,Matches,2024,4.4,49.8,18.6,27.7,2.27,54.5,19.5,28.9,3.64,91.3,95.3,96.1,62.5,871.4,274.5,49.8,18.6,27.7,2.27,54.5,19.5,28.9,3.64,91.3,95.3,96.1,62.5,49.8,18.6,27.7,2.27,54.5,19.5,28.9,3.64,91.3,95.3,96.1,62.5,49.8,18.6,27.7,2.27,54.5,19.5,28.9,3.64,91.3,95.3,96.1,62.5,0.0,0.0,0.0,0.0,0.45,0.0,0.0,0.0,0.0,0.0,,0.0,0.0,,,,0.0,0.0,0.0,,0.0,0.0,64.5,7.95,41.1,24.3,0.23,0.0,64.5,0.45,100.0,0.0,0.0,38.9,0.0,0.0,0.0,45.2,3.64,0.91,1.59,3.64,0.91,50.0,0.91,1.14,0.91,1.36,5.0,4.55,0.0,0.23,0.23,0.0,0.0,0.0,0.0,0.0,0.0,0.0,0.0,0.0,0.0,0.0,0.0,0.0,0.0,0.0,1.36,0.45,0.0,0.0,1.36,1.59,0.0,0.0,0.0,4.55,1.59,70.0,,,,,,,,,,,,,,,,,,,,,,,,,,,,
Chase Gasper,us USA,DF,Chicago Fire,28,1996,4,2,240,2.7,0.0,0.0,0.0,0.0,0.0,0.0,0.37,0.0,0.0,0.0,0.04,0.04,1.11,1.11,3.7,0.0,0.0,0.0,0.0,0.0,0.0,0.03,0.03,0.0,0.03,Matches,2024,2.7,40.0,19.3,14.8,3.7,52.2,20.4,18.9,8.52,76.6,94.5,78.4,43.5,626.7,305.6,40.0,19.3,14.8,3.7,52.2,20.4,18.9,8.52,76.6,94.5,78.4,43.5,40.0,19.3,14.8,3.7,52.2,20.4,18.9,8.52,76.6,94.5,78.4,43.5,40.0,19.3,14.8,3.7,52.2,20.4,18.9,8.52,76.6,94.5,78.4,43.5,0.0,0.04,-0.04,0.37,2.59,0.0,0.0,0.0,0.0,0.0,,0.0,0.0,,,,0.0,0.0,0.0,,0.0,0.0,63.3,5.93,25.2,25.2,13.3,0.74,63.3,2.22,100.0,0.0,0.0,33.0,0.0,1.11,0.0,36.3,0.74,0.74,0.37,0.74,0.74,100.0,0.0,1.11,1.11,2.59,3.33,5.19,0.0,2.22,2.25,0.0,0.0,0.0,0.0,0.0,0.0,0.37,0.37,0.0,0.0,0.0,0.0,0.0,0.0,0.0,1.85,0.37,0.0,2.96,2.59,0.37,0.0,0.37,0.0,4.44,1.11,60.0,,,,,,,,,,,,,,,,,,,,,,,,,,,,
Ryan Gauld,sct SCO,"FW,MF",Vancouver W'caps,28,1995,30,28,2455,27.3,0.37,0.44,0.81,0.29,0.07,0.07,0.11,0.0,0.27,0.22,0.39,0.6,1.5,6.45,5.38,0.37,0.44,0.81,0.29,0.73,0.27,0.39,0.66,0.22,0.6,Matches,2024,27.3,33.7,14.8,13.2,5.2,44.7,16.5,16.6,8.97,75.3,89.8,79.1,58.0,632.9,187.2,33.7,14.8,13.2,5.2,44.7,16.5,16.6,8.97,75.3,89.8,79.1,58.0,33.7,14.8,13.2,5.2,44.7,16.5,16.6,8.97,75.3,89.8,79.1,58.0,33.7,14.8,13.2,5.2,44.7,16.5,16.6,8.97,75.3,89.8,79.1,58.0,0.44,0.35,0.05,3.0,4.18,2.16,0.51,0.37,1.76,0.73,41.7,1.76,0.73,0.17,0.4,19.2,0.11,0.07,0.07,0.13,0.09,0.08,53.6,0.37,4.32,24.5,25.6,2.71,53.6,0.73,54.1,0.51,37.8,29.1,0.18,1.72,0.77,36.7,2.2,0.84,1.25,2.2,0.84,50.0,0.84,1.14,1.14,0.26,2.45,0.44,0.04,5.16,5.17,0.07,0.0,0.11,0.0,0.11,0.0,0.81,0.81,0.07,0.0,0.11,0.0,0.11,0.0,0.0,1.17,1.1,0.15,6.04,0.26,1.25,0.0,0.0,0.0,4.25,0.66,45.0,,,,,,,,,,,,,,,,,,,,,,,,,,,,
Luka Gavran,ca CAN,GK,Toronto FC,23,2000,9,9,810,9.0,0.0,0.0,0.0,0.0,0.0,0.0,0.0,0.0,0.0,0.0,0.0,0.0,0.0,0.0,0.0,0.0,0.0,0.0,0.0,0.0,0.0,0.0,0.0,0.0,0.0,Matches,2024,9.0,23.7,5.78,10.3,7.33,31.6,5.78,10.9,14.6,75.0,100.0,94.9,50.4,616.4,447.2,23.7,5.78,10.3,7.33,31.6,5.78,10.9,14.6,75.0,100.0,94.9,50.4,23.7,5.78,10.3,7.33,31.6,5.78,10.9,14.6,75.0,100.0,94.9,50.4,23.7,5.78,10.3,7.33,31.6,5.78,10.9,14.6,75.0,100.0,94.9,50.4,0.0,0.0,0.0,0.0,0.44,0.0,0.0,0.0,0.0,0.0,,0.0,0.0,,,,0.0,0.0,0.0,,0.0,0.0,34.8,30.3,34.6,0.22,0.0,0.0,34.8,0.0,,0.0,,16.8,0.0,0.22,0.0,16.9,0.22,0.11,0.22,0.22,0.11,100.0,0.0,0.0,0.0,0.0,0.22,0.78,0.22,0.0,0.0,0.0,0.0,0.0,0.0,0.0,0.0,0.0,0.0,0.0,0.0,0.0,0.0,0.0,0.0,0.0,0.0,0.22,0.0,0.0,0.0,0.22,0.0,0.0,0.0,0.78,0.22,100.0,2.0,0.0,0.11,0.0,1.83,0.33,-0.17,-0.17,24.4,4.56,32.7,28.6,33.5,29.9,13.8,32.7,28.6,33.5,29.9,13.8,11.9,0.67,5.6,1.22,1.22,33.5,29.9,13.8
Dániel Gazdag,hu HUN,"MF,FW",Philadelphia Union,27,1996,30,28,2498,27.8,0.61,0.07,0.68,0.47,0.14,0.18,0.22,0.0,0.53,0.38,0.14,0.53,1.76,5.0,5.47,0.61,0.07,0.68,0.47,0.54,0.53,0.14,0.67,0.39,0.53,Matches,2024,27.8,30.4,16.9,10.9,1.44,38.0,19.1,13.3,2.77,79.9,88.7,81.7,51.9,449.5,103.0,30.4,16.9,10.9,1.44,38.0,19.1,13.3,2.77,79.9,88.7,81.7,51.9,30.4,16.9,10.9,1.44,38.0,19.1,13.3,2.77,79.9,88.7,81.7,51.9,30.4,16.9,10.9,1.44,38.0,19.1,13.3,2.77,79.9,88.7,81.7,51.9,0.07,0.18,-0.07,1.37,3.09,1.47,0.0,0.61,1.62,1.04,64.4,1.62,1.04,0.29,0.45,14.4,0.0,0.14,0.18,0.24,0.09,0.08,45.1,0.36,4.35,23.6,17.9,3.13,44.9,0.65,48.6,0.65,48.6,29.4,0.36,1.19,1.01,34.1,1.15,0.29,0.72,1.15,0.29,32.0,0.61,0.54,0.5,0.29,1.44,0.25,0.0,3.53,3.53,0.07,0.04,0.18,0.07,0.14,0.04,0.32,0.32,0.07,0.04,0.18,0.07,0.14,0.04,0.0,0.94,1.44,0.61,0.5,0.29,0.72,0.04,0.0,0.0,5.79,0.25,33.3,,,,,,,,,,,,,,,,,,,,,,,,,,,,
Giorgos Giakoumakis,gr GRE,FW,Atlanta Utd,29,1994,11,8,721,8.0,0.63,0.13,0.75,0.5,0.13,0.13,0.38,0.0,0.61,0.53,0.05,0.56,0.88,1.5,4.0,0.62,0.12,0.75,0.5,0.62,0.62,0.05,0.67,0.52,0.57,Matches,2024,8.0,12.9,6.63,4.13,1.0,17.8,8.38,5.63,1.38,72.5,79.1,73.3,72.7,199.8,28.6,12.9,6.63,4.13,1.0,17.8,8.38,5.63,1.38,72.5,79.1,73.3,72.7,12.9,6.63,4.13,1.0,17.8,8.38,5.63,1.38,72.5,79.1,73.3,72.7,12.9,6.63,4.13,1.0,17.8,8.38,5.63,1.38,72.5,79.1,73.3,72.7,0.13,0.03,0.07,0.63,1.13,0.38,0.0,0.63,4.88,1.38,28.2,4.87,1.37,0.1,0.36,15.4,0.0,0.13,0.13,0.11,0.01,-0.03,32.3,1.38,3.0,16.4,12.9,5.25,32.1,0.25,33.3,0.25,33.3,14.6,0.25,2.13,0.38,22.4,1.13,0.75,0.88,1.13,0.75,75.0,0.25,0.75,0.63,0.38,1.5,1.25,0.0,2.0,2.0,0.0,0.0,0.38,0.25,0.0,0.0,0.63,0.62,0.0,0.0,0.38,0.25,0.0,0.0,0.0,2.13,1.88,0.88,0.38,0.38,0.88,0.25,0.0,0.0,2.5,1.75,40.0,,,,,,,,,,,,,,,,,,,,,,,,,,,,
Carles Gil,es ESP,MF,NE Revolution,31,1992,26,26,2288,25.4,0.28,0.2,0.47,0.24,0.04,0.04,0.16,0.0,0.15,0.11,0.29,0.41,5.91,11.9,6.06,0.28,0.2,0.47,0.24,0.43,0.15,0.29,0.43,0.11,0.4,Matches,2024,25.4,52.9,21.9,21.5,8.94,66.0,24.6,25.3,13.9,80.1,89.0,85.0,64.5,1041.2,329.4,52.9,21.9,21.5,8.94,66.0,24.6,25.3,13.9,80.1,89.0,85.0,64.5,52.9,21.9,21.5,8.94,66.0,24.6,25.3,13.9,80.1,89.0,85.0,64.5,52.9,21.9,21.5,8.94,66.0,24.6,25.3,13.9,80.1,89.0,85.0,64.5,0.2,0.28,-0.09,3.54,7.32,3.66,0.67,0.28,1.85,0.71,38.3,1.85,0.71,0.13,0.33,23.9,0.43,0.04,0.04,0.06,0.13,0.12,74.5,0.35,7.09,37.4,31.3,2.09,74.4,2.4,49.2,1.97,40.3,49.9,0.91,2.01,1.1,56.9,0.43,0.16,0.31,0.43,0.16,21.1,0.59,0.59,0.59,0.24,0.67,0.12,0.04,7.32,7.32,0.43,0.04,0.2,0.0,0.04,0.04,0.59,0.59,0.43,0.04,0.2,0.0,0.04,0.04,0.0,0.59,2.17,0.0,6.3,0.24,0.31,0.0,0.04,0.0,5.24,0.04,16.7,,,,,,,,,,,,,,,,,,,,,,,,,,,,
Nacho Gil,es ESP,"FW,MF",NE Revolution,28,1995,17,6,632,7.0,0.14,0.14,0.29,0.14,0.0,0.0,0.43,0.0,0.3,0.3,0.17,0.47,2.57,5.14,6.29,0.14,0.14,0.28,0.14,0.28,0.29,0.18,0.47,0.29,0.47,Matches,2024,7.0,33.3,18.1,12.1,2.0,42.0,20.3,14.7,3.71,79.3,89.4,82.5,53.8,523.3,145.4,33.3,18.1,12.1,2.0,42.0,20.3,14.7,3.71,79.3,89.4,82.5,53.8,33.3,18.1,12.1,2.0,42.0,20.3,14.7,3.71,79.3,89.4,82.5,53.8,33.3,18.1,12.1,2.0,42.0,20.3,14.7,3.71,79.3,89.4,82.5,53.8,0.14,0.13,-0.03,2.0,2.0,1.86,0.43,0.14,1.71,0.57,33.3,1.71,0.57,0.08,0.25,13.5,0.14,0.0,0.0,0.17,-0.16,-0.16,55.1,0.71,8.71,25.3,22.4,4.0,55.1,1.0,30.4,2.14,65.2,33.9,0.57,2.86,1.14,40.6,1.86,0.43,1.14,1.86,0.43,27.3,1.14,0.71,0.57,1.0,2.86,0.57,0.0,3.86,3.84,0.43,0.0,0.14,0.0,0.0,0.0,0.29,0.28,0.43,0.0,0.14,0.0,0.0,0.0,0.0,2.71,2.57,0.29,2.0,1.0,1.14,0.0,0.0,0.0,5.29,0.71,55.6,,,,,,,,,,,,,,,,,,,,,,,,,,,,
Gastón Giménez,py PAR,MF,Chicago Fire,32,1991,29,18,1690,18.8,0.05,0.11,0.16,0.05,0.0,0.0,0.11,0.0,0.05,0.05,0.1,0.15,1.17,5.74,0.37,0.05,0.11,0.16,0.05,0.16,0.05,0.1,0.15,0.05,0.15,Matches,2024,18.8,49.7,19.6,23.6,5.8,58.8,22.0,26.4,8.72,84.5,89.3,89.3,66.5,932.2,262.6,49.7,19.6,23.6,5.8,58.8,22.0,26.4,8.72,84.5,89.3,89.3,66.5,49.7,19.6,23.6,5.8,58.8,22.0,26.4,8.72,84.5,89.3,89.3,66.5,49.7,19.6,23.6,5.8,58.8,22.0,26.4,8.72,84.5,89.3,89.3,66.5,0.11,0.07,0.01,0.96,5.21,0.69,0.11,0.05,1.12,0.27,23.8,1.12,0.27,0.05,0.2,28.8,0.05,0.0,0.0,0.04,0.01,0.01,68.7,3.09,16.5,44.3,8.88,0.48,68.7,0.8,71.4,0.32,28.6,38.8,0.0,0.59,0.59,44.4,2.82,1.33,2.02,2.82,1.33,51.0,1.28,1.49,1.12,1.81,4.63,1.6,0.0,2.39,2.4,0.05,0.0,0.0,0.0,0.0,0.0,0.21,0.21,0.05,0.0,0.0,0.0,0.0,0.0,0.0,1.54,1.33,0.0,0.64,1.81,2.02,0.0,0.05,0.0,8.19,0.9,58.6,,,,,,,,,,,,,,,,,,,,,,,,,,,,
Nicholas Gioacchini,us USA,"FW,MF",FC Cincinnati,23,2000,8,6,433,4.8,0.0,0.0,0.0,0.0,0.0,0.0,0.0,0.0,0.13,0.13,0.06,0.19,0.63,0.83,6.04,0.0,0.0,0.0,0.0,0.0,0.13,0.06,0.2,0.13,0.2,Matches,2024,4.8,16.9,10.2,5.21,0.21,21.7,11.5,6.25,0.21,77.9,89.1,83.3,100.0,218.3,25.2,16.9,10.2,5.21,0.21,21.7,11.5,6.25,0.21,77.9,89.1,83.3,100.0,16.9,10.2,5.21,0.21,21.7,11.5,6.25,0.21,77.9,89.1,83.3,100.0,16.9,10.2,5.21,0.21,21.7,11.5,6.25,0.21,77.9,89.1,83.3,100.0,0.0,0.02,-0.06,0.21,0.83,0.21,0.0,0.0,1.25,0.21,16.7,1.25,0.21,0.0,0.0,15.0,0.0,0.0,0.0,0.11,-0.13,-0.13,30.2,0.21,1.46,16.0,13.5,3.54,30.2,0.21,12.5,0.83,50.0,19.0,0.21,2.08,1.46,23.3,1.04,0.42,1.04,1.04,0.42,33.3,0.83,1.46,1.25,0.42,1.46,0.0,0.0,1.04,1.04,0.0,0.0,0.83,0.42,0.0,0.0,0.42,0.42,0.0,0.0,0.83,0.42,0.0,0.0,0.0,1.88,3.13,1.04,0.0,0.42,1.04,0.0,0.0,0.0,2.5,1.46,70.0,,,,,,,,,,,,,,,,,,,,,,,,,,,,
Jake Girdwood-Reich,au AUS,"MF,FW",St. Louis,19,2004,8,1,149,1.7,0.0,0.0,0.0,0.0,0.0,0.0,0.0,0.0,0.0,0.0,0.0,0.0,0.59,3.53,1.18,0.0,0.0,0.0,0.0,0.0,0.0,0.02,0.02,0.0,0.02,Matches,2024,1.7,41.8,22.4,18.2,1.18,48.2,25.9,19.4,2.94,86.6,86.4,93.9,40.0,672.9,165.3,41.8,22.4,18.2,1.18,48.2,25.9,19.4,2.94,86.6,86.4,93.9,40.0,41.8,22.4,18.2,1.18,48.2,25.9,19.4,2.94,86.6,86.4,93.9,40.0,41.8,22.4,18.2,1.18,48.2,25.9,19.4,2.94,86.6,86.4,93.9,40.0,0.0,0.0,0.0,0.59,3.53,0.59,0.0,0.0,0.0,0.0,,0.0,0.0,,,,0.0,0.0,0.0,,0.0,0.0,58.2,2.35,12.9,40.0,5.29,0.0,58.2,0.59,50.0,0.59,50.0,28.8,0.0,0.59,0.0,37.6,2.35,1.18,1.76,2.35,1.18,40.0,1.76,2.35,1.76,1.18,3.53,0.59,0.0,0.59,0.6,0.0,0.0,0.0,0.0,0.0,0.0,0.0,0.0,0.0,0.0,0.0,0.0,0.0,0.0,0.0,1.76,0.59,0.0,0.0,1.18,1.76,0.0,0.0,0.0,4.71,0.59,33.3,,,,,,,,,,,,,,,,,,,,,,,,,,,,
Olivier Giroud,fr FRA,FW,LAFC,37,1986,10,7,605,6.7,0.0,0.15,0.15,0.0,0.0,0.0,0.0,0.0,0.15,0.15,0.03,0.18,0.45,1.64,3.88,0.0,0.15,0.15,0.0,0.15,0.14,0.03,0.18,0.14,0.18,Matches,2024,6.7,15.5,11.3,3.88,0.0,21.6,14.2,4.78,0.45,71.7,80.0,81.3,0.0,199.1,29.7,15.5,11.3,3.88,0.0,21.6,14.2,4.78,0.45,71.7,80.0,81.3,0.0,15.5,11.3,3.88,0.0,21.6,14.2,4.78,0.45,71.7,80.0,81.3,0.0,15.5,11.3,3.88,0.0,21.6,14.2,4.78,0.45,71.7,80.0,81.3,0.0,0.15,0.01,0.12,0.6,0.9,0.3,0.0,0.0,1.34,0.3,22.2,1.34,0.3,0.0,0.0,14.9,0.0,0.0,0.0,0.11,-0.15,-0.15,29.4,1.34,3.43,15.7,10.3,2.39,29.4,0.15,50.0,0.15,50.0,12.2,0.15,1.04,0.75,19.9,0.45,0.15,0.3,0.45,0.15,33.3,0.3,0.75,0.6,0.15,0.6,1.04,0.0,2.09,2.08,0.0,0.0,0.0,0.0,0.0,0.0,0.3,0.3,0.0,0.0,0.0,0.0,0.0,0.0,0.0,0.75,1.64,0.9,0.3,0.15,0.3,0.0,0.0,0.0,1.64,2.84,44.2,,,,,,,,,,,,,,,,,,,,,,,,,,,,
Dennis Gjengaar,no NOR,"MF,FW",NY Red Bulls,19,2004,25,9,933,10.4,0.19,0.0,0.19,0.19,0.0,0.0,0.0,0.0,0.24,0.24,0.14,0.38,2.02,2.31,6.73,0.19,0.0,0.19,0.19,0.19,0.24,0.15,0.39,0.24,0.39,Matches,2024,10.4,18.3,10.7,5.96,1.06,26.1,13.7,7.4,2.12,70.1,78.2,80.5,50.0,273.3,75.0,18.3,10.7,5.96,1.06,26.1,13.7,7.4,2.12,70.1,78.2,80.5,50.0,18.3,10.7,5.96,1.06,26.1,13.7,7.4,2.12,70.1,78.2,80.5,50.0,18.3,10.7,5.96,1.06,26.1,13.7,7.4,2.12,70.1,78.2,80.5,50.0,0.0,0.11,-0.14,1.25,1.63,0.96,0.58,0.19,1.25,0.67,53.8,1.25,0.68,0.15,0.29,14.4,0.0,0.0,0.0,0.19,-0.05,-0.05,36.2,0.29,4.42,14.9,17.2,3.65,36.2,0.48,25.0,1.35,70.0,22.1,0.67,2.21,0.96,25.1,0.87,0.38,0.38,0.87,0.38,25.0,1.15,1.73,1.63,0.58,1.44,0.48,0.0,2.02,2.02,0.0,0.0,0.0,0.0,0.1,0.0,0.1,0.1,0.0,0.0,0.0,0.0,0.1,0.0,0.0,0.38,0.67,0.29,2.12,0.58,0.38,0.0,0.0,0.0,3.37,0.1,5.6,,,,,,,,,,,,,,,,,,,,,,,,,,,,
Justen Glad,us USA,DF,Real Salt Lake,26,1997,26,25,2250,25.0,0.0,0.0,0.0,0.0,0.0,0.0,0.16,0.0,0.04,0.04,0.0,0.05,0.08,2.32,0.04,0.0,0.0,0.0,0.0,0.0,0.04,0.0,0.05,0.04,0.05,Matches,2024,25.0,56.1,17.1,31.5,7.12,61.6,18.2,32.8,9.32,91.2,93.6,96.0,76.4,1141.8,395.7,56.1,17.1,31.5,7.12,61.6,18.2,32.8,9.32,91.2,93.6,96.0,76.4,56.1,17.1,31.5,7.12,61.6,18.2,32.8,9.32,91.2,93.6,96.0,76.4,56.1,17.1,31.5,7.12,61.6,18.2,32.8,9.32,91.2,93.6,96.0,76.4,0.0,0.01,-0.0,0.16,1.88,0.0,0.0,0.0,0.6,0.04,6.7,0.6,0.04,0.0,0.0,13.3,0.0,0.0,0.0,0.07,-0.04,-0.04,70.9,10.4,38.8,31.0,1.56,0.84,70.9,0.2,71.4,0.08,28.6,41.3,0.0,0.28,0.16,47.7,0.88,0.44,0.6,0.88,0.44,45.8,0.52,1.72,0.48,1.6,2.48,3.2,0.04,0.72,0.72,0.0,0.0,0.0,0.0,0.0,0.0,0.04,0.04,0.0,0.0,0.0,0.0,0.0,0.0,0.0,1.0,0.36,0.0,0.04,1.6,0.6,0.0,0.04,0.0,4.16,1.96,57.0,,,,,,,,,,,,,,,,,,,,,,,,,,,,
Omari Glasgow,gy GUY,MF,Chicago Fire,20,2003,2,0,36,0.4,0.0,0.0,0.0,0.0,0.0,0.0,0.0,0.0,0.25,0.25,0.0,0.25,2.5,5.0,15.0,0.0,0.0,0.0,0.0,0.0,0.23,0.08,0.31,0.23,0.31,Matches,2024,0.4,27.5,7.5,20.0,0.0,50.0,10.0,27.5,7.5,55.0,75.0,72.7,0.0,505.0,165.0,27.5,7.5,20.0,0.0,50.0,10.0,27.5,7.5,55.0,75.0,72.7,0.0,27.5,7.5,20.0,0.0,50.0,10.0,27.5,7.5,55.0,75.0,72.7,0.0,27.5,7.5,20.0,0.0,50.0,10.0,27.5,7.5,55.0,75.0,72.7,0.0,0.0,0.25,0.0,2.5,2.5,5.0,2.5,0.0,2.5,0.0,0.0,2.5,0.0,0.0,,16.8,0.0,0.0,0.0,0.09,-0.25,-0.25,67.5,2.5,7.5,20.0,40.0,7.5,67.5,0.0,0.0,2.5,100.0,42.5,5.0,5.0,5.0,32.5,2.5,2.5,2.5,2.5,2.5,100.0,0.0,5.0,2.5,0.0,2.5,0.0,0.0,2.5,2.5,0.0,0.0,0.0,0.0,0.0,0.0,0.0,0.0,0.0,0.0,0.0,0.0,0.0,0.0,0.0,2.5,0.0,0.0,12.5,0.0,2.5,0.0,0.0,0.0,15.0,2.5,100.0,,,,,,,,,,,,,,,,,,,,,,,,,,,,
Jakob Glesnes,no NOR,DF,Philadelphia Union,29,1994,32,31,2804,31.2,0.06,0.06,0.13,0.06,0.0,0.0,0.1,0.0,0.04,0.04,0.03,0.08,0.8,3.75,0.06,0.06,0.06,0.13,0.06,0.13,0.04,0.03,0.08,0.04,0.08,Matches,2024,31.2,35.7,9.97,18.9,6.67,43.9,11.8,21.4,10.0,81.3,84.5,88.3,66.7,811.6,357.0,35.7,9.97,18.9,6.67,43.9,11.8,21.4,10.0,81.3,84.5,88.3,66.7,35.7,9.97,18.9,6.67,43.9,11.8,21.4,10.0,81.3,84.5,88.3,66.7,35.7,9.97,18.9,6.67,43.9,11.8,21.4,10.0,81.3,84.5,88.3,66.7,0.06,0.04,0.03,0.29,4.2,0.22,0.1,0.06,0.77,0.16,20.8,0.77,0.16,0.08,0.4,19.5,0.0,0.0,0.0,0.06,0.02,0.02,54.1,6.54,26.5,25.5,2.47,0.71,54.1,0.19,75.0,0.06,25.0,28.9,0.0,0.35,0.03,31.7,1.67,1.09,0.77,1.67,1.09,56.7,0.83,1.41,0.45,1.51,3.17,3.97,0.03,1.15,1.16,0.03,0.0,0.03,0.0,0.0,0.0,0.13,0.13,0.03,0.0,0.03,0.0,0.0,0.0,0.0,0.51,0.38,0.06,0.26,1.51,0.77,0.0,0.0,0.03,3.85,1.76,67.9,,,,,,,,,,,,,,,,,,,,,,,,,,,,
Caden Glover,us USA,FW,St. Louis,16,2007,5,0,54,0.6,0.0,0.0,0.0,0.0,0.0,0.0,0.0,0.0,0.5,0.5,0.0,0.5,0.0,0.0,0.0,0.0,0.0,0.0,0.0,0.0,0.48,0.0,0.48,0.48,0.48,Matches,2024,0.6,5.0,3.33,1.67,0.0,13.3,8.33,3.33,0.0,37.5,40.0,50.0,,66.7,0.0,5.0,3.33,1.67,0.0,13.3,8.33,3.33,0.0,37.5,40.0,50.0,,5.0,3.33,1.67,0.0,13.3,8.33,3.33,0.0,37.5,40.0,50.0,,5.0,3.33,1.67,0.0,13.3,8.33,3.33,0.0,37.5,40.0,50.0,,0.0,0.0,0.0,0.0,0.0,0.0,0.0,0.0,5.0,3.33,66.7,5.0,3.33,0.0,0.0,10.7,0.0,0.0,0.0,0.1,-0.5,-0.5,21.7,1.67,1.67,10.0,10.0,6.67,21.7,0.0,,0.0,,8.33,0.0,0.0,0.0,11.7,0.0,0.0,0.0,0.0,0.0,,0.0,0.0,0.0,0.0,0.0,1.67,0.0,1.67,1.67,0.0,0.0,0.0,0.0,0.0,0.0,0.0,0.0,0.0,0.0,0.0,0.0,0.0,0.0,0.0,1.67,3.33,1.67,0.0,0.0,0.0,0.0,0.0,0.0,0.0,3.33,33.3,,,,,,,,,,,,,,,,,,,,,,,,,,,,
Aníbal Godoy,pa PAN,MF,Nashville SC,33,1990,23,17,1492,16.6,0.06,0.18,0.24,0.06,0.0,0.0,0.48,0.0,0.07,0.07,0.07,0.13,0.84,7.41,0.72,0.06,0.18,0.24,0.06,0.24,0.07,0.07,0.13,0.06,0.13,Matches,2024,16.6,53.0,22.0,24.9,5.24,59.5,23.6,27.3,6.81,89.1,93.4,91.2,77.0,973.6,309.4,53.0,22.0,24.9,5.24,59.5,23.6,27.3,6.81,89.1,93.4,91.2,77.0,53.0,22.0,24.9,5.24,59.5,23.6,27.3,6.81,89.1,93.4,91.2,77.0,53.0,22.0,24.9,5.24,59.5,23.6,27.3,6.81,89.1,93.4,91.2,77.0,0.18,0.07,0.11,0.78,6.81,0.6,0.0,0.06,0.66,0.18,27.3,0.66,0.18,0.09,0.33,17.0,0.0,0.0,0.0,0.1,-0.01,-0.01,67.7,1.69,14.3,45.7,8.31,0.42,67.7,0.36,42.9,0.36,42.9,36.1,0.0,0.9,0.48,49.3,1.99,0.96,1.33,1.99,0.96,59.3,0.66,0.96,0.78,1.99,3.98,0.54,0.06,2.35,2.35,0.0,0.0,0.12,0.0,0.12,0.0,0.3,0.3,0.0,0.0,0.12,0.0,0.12,0.0,0.0,1.75,2.11,0.0,0.18,1.99,1.33,0.0,0.0,0.0,6.39,0.54,45.0,,,,,,,,,,,,,,,,,,,,,,,,,,,,
Yeimar Gómez Andrade,co COL,DF,Seattle Sounders,31,1992,30,28,2470,27.4,0.04,0.0,0.04,0.04,0.0,0.0,0.18,0.0,0.04,0.04,0.01,0.05,0.33,3.36,0.07,0.04,0.0,0.04,0.04,0.04,0.04,0.01,0.05,0.04,0.05,Matches,2024,27.4,48.2,19.5,23.8,4.38,56.1,20.5,26.8,7.23,86.0,94.8,88.8,60.6,872.9,359.7,48.2,19.5,23.8,4.38,56.1,20.5,26.8,7.23,86.0,94.8,88.8,60.6,48.2,19.5,23.8,4.38,56.1,20.5,26.8,7.23,86.0,94.8,88.8,60.6,48.2,19.5,23.8,4.38,56.1,20.5,26.8,7.23,86.0,94.8,88.8,60.6,0.0,0.03,-0.01,0.26,4.05,0.07,0.04,0.04,0.73,0.15,20.0,0.73,0.15,0.05,0.25,13.8,0.0,0.0,0.0,0.05,-0.0,-0.0,68.2,8.58,32.8,32.5,3.14,0.91,68.2,0.22,60.0,0.15,40.0,36.4,0.0,0.62,0.07,43.7,1.64,0.62,1.17,1.64,0.62,58.6,0.44,1.35,0.62,2.08,3.72,5.15,0.04,0.84,0.84,0.0,0.0,0.04,0.04,0.04,0.0,0.07,0.07,0.0,0.0,0.04,0.04,0.04,0.0,0.0,0.91,0.69,0.04,0.04,2.08,1.17,0.04,0.04,0.0,4.78,2.48,67.3,,,,,,,,,,,,,,,,,,,,,,,,,,,,
Carlos Gómez,co COL,FW,Real Salt Lake,21,2002,23,22,1807,20.1,0.65,0.35,1.0,0.65,0.0,0.0,0.3,0.0,0.42,0.42,0.41,0.83,4.03,2.24,11.7,0.65,0.35,1.0,0.65,1.0,0.42,0.41,0.83,0.42,0.83,Matches,2024,20.1,19.9,11.7,6.37,0.95,29.8,14.0,9.75,2.99,66.8,84.0,65.3,31.7,292.0,83.7,19.9,11.7,6.37,0.95,29.8,14.0,9.75,2.99,66.8,84.0,65.3,31.7,19.9,11.7,6.37,0.95,29.8,14.0,9.75,2.99,66.8,84.0,65.3,31.7,19.9,11.7,6.37,0.95,29.8,14.0,9.75,2.99,66.8,84.0,65.3,31.7,0.35,0.27,-0.06,1.84,1.09,1.24,0.4,0.65,3.38,1.59,47.1,3.39,1.59,0.19,0.41,17.0,0.1,0.0,0.0,0.12,0.22,0.22,47.8,0.8,5.62,16.8,26.8,5.92,47.8,2.49,36.5,4.18,61.3,34.0,1.99,3.83,1.94,35.4,1.94,0.75,1.34,1.94,0.75,36.6,1.29,1.19,1.0,0.35,2.29,0.55,0.0,4.18,4.18,0.8,0.15,0.15,0.0,0.1,0.0,0.85,0.85,0.8,0.15,0.15,0.0,0.1,0.0,0.0,1.0,1.19,0.25,5.12,0.35,1.34,0.0,0.0,0.0,5.02,0.2,16.7,,,,,,,,,,,,,,,,,,,,,,,,,,,,
Diego Gómez,py PAR,"FW,MF",Inter Miami,20,2003,19,15,1354,15.0,0.2,0.2,0.4,0.2,0.0,0.0,0.4,0.0,0.14,0.14,0.23,0.37,2.27,3.73,6.13,0.2,0.2,0.4,0.2,0.4,0.14,0.23,0.37,0.14,0.37,Matches,2024,15.0,32.5,16.3,11.6,3.13,40.6,18.9,13.4,4.4,80.1,86.3,86.6,71.2,532.5,131.2,32.5,16.3,11.6,3.13,40.6,18.9,13.4,4.4,80.1,86.3,86.6,71.2,32.5,16.3,11.6,3.13,40.6,18.9,13.4,4.4,80.1,86.3,86.6,71.2,32.5,16.3,11.6,3.13,40.6,18.9,13.4,4.4,80.1,86.3,86.6,71.2,0.2,0.25,-0.03,1.07,2.93,0.67,0.0,0.2,1.53,0.87,56.5,1.53,0.86,0.13,0.23,17.5,0.0,0.0,0.0,0.09,0.06,0.06,53.4,1.53,9.13,27.6,17.7,4.0,53.4,1.27,51.4,1.07,43.2,32.1,0.93,2.33,1.0,37.3,3.2,1.4,1.87,3.2,1.4,37.5,2.33,1.87,1.8,0.87,4.07,0.67,0.07,2.67,2.66,0.2,0.0,0.0,0.0,0.13,0.0,0.6,0.6,0.2,0.0,0.0,0.0,0.13,0.0,0.0,2.07,1.2,0.27,0.67,0.87,1.87,0.0,0.0,0.0,5.2,1.33,52.6,,,,,,,,,,,,,,,,,,,,,,,,,,,,
Nicksoen Gomis,fr FRA,DF,Toronto FC,21,2002,24,23,2041,22.7,0.0,0.0,0.0,0.0,0.0,0.0,0.22,0.04,0.0,0.0,0.01,0.01,0.57,2.6,0.7,0.0,0.0,0.0,0.0,0.0,0.0,0.01,0.01,0.0,0.01,Matches,2024,22.7,45.2,17.3,24.0,3.44,51.3,18.5,25.7,5.73,88.1,93.3,93.2,60.0,819.5,311.9,45.2,17.3,24.0,3.44,51.3,18.5,25.7,5.73,88.1,93.3,93.2,60.0,45.2,17.3,24.0,3.44,51.3,18.5,25.7,5.73,88.1,93.3,93.2,60.0,45.2,17.3,24.0,3.44,51.3,18.5,25.7,5.73,88.1,93.3,93.2,60.0,0.0,0.01,-0.01,0.22,2.47,0.22,0.04,0.0,0.0,0.0,,0.0,0.0,,,,0.0,0.0,0.0,,0.0,0.0,58.9,5.55,32.2,24.2,3.13,0.09,58.9,0.35,57.1,0.22,35.7,37.2,0.04,0.7,0.53,41.4,1.63,0.88,0.97,1.63,0.88,87.0,0.13,0.97,0.62,0.88,2.51,1.94,0.09,0.7,0.71,0.0,0.0,0.0,0.0,0.0,0.0,0.0,0.0,0.0,0.0,0.0,0.0,0.0,0.0,0.04,0.75,0.44,0.0,0.18,0.88,0.97,0.0,0.04,0.04,5.15,1.01,47.9,,,,,,,,,,,,,,,,,,,,,,,,,,,,
Diogo Gonçalves,pt POR,"MF,FW",Real Salt Lake,26,1997,9,6,550,6.1,0.33,0.0,0.33,0.16,0.16,0.16,0.0,0.0,0.39,0.26,0.18,0.44,1.8,3.77,6.56,0.33,0.0,0.33,0.16,0.16,0.39,0.18,0.57,0.26,0.44,Matches,2024,6.1,26.9,15.1,8.85,2.62,38.2,17.2,11.5,6.72,70.4,87.6,77.1,39.0,440.0,117.7,26.9,15.1,8.85,2.62,38.2,17.2,11.5,6.72,70.4,87.6,77.1,39.0,26.9,15.1,8.85,2.62,38.2,17.2,11.5,6.72,70.4,87.6,77.1,39.0,26.9,15.1,8.85,2.62,38.2,17.2,11.5,6.72,70.4,87.6,77.1,39.0,0.0,0.15,-0.18,2.3,2.62,1.15,0.16,0.33,2.3,0.82,35.7,2.29,0.82,0.07,0.2,22.1,0.16,0.16,0.16,0.11,-0.07,-0.1,46.9,0.33,2.46,18.0,26.9,3.44,46.7,0.33,28.6,0.82,71.4,22.1,0.33,2.46,0.66,30.0,1.48,0.16,0.66,1.48,0.16,14.3,0.98,0.66,0.66,0.33,1.8,0.16,0.0,4.59,4.57,0.0,0.0,0.0,0.0,0.16,0.0,0.33,0.33,0.0,0.0,0.0,0.0,0.16,0.0,0.0,0.66,0.33,0.49,5.41,0.33,0.66,0.0,0.0,0.0,3.11,0.33,50.0,,,,,,,,,,,,,,,,,,,,,,,,,,,,
Omar Gonzalez,us USA,DF,FC Dallas,35,1988,15,10,837,9.3,0.0,0.0,0.0,0.0,0.0,0.0,0.22,0.0,0.02,0.02,0.0,0.02,0.0,1.61,0.0,0.0,0.0,0.0,0.0,0.0,0.02,0.0,0.03,0.02,0.03,Matches,2024,9.3,51.5,26.2,22.0,3.01,55.7,26.8,23.1,5.27,92.5,98.0,95.3,57.1,843.8,355.3,51.5,26.2,22.0,3.01,55.7,26.8,23.1,5.27,92.5,98.0,95.3,57.1,51.5,26.2,22.0,3.01,55.7,26.8,23.1,5.27,92.5,98.0,95.3,57.1,51.5,26.2,22.0,3.01,55.7,26.8,23.1,5.27,92.5,98.0,95.3,57.1,0.0,0.01,0.0,0.11,0.75,0.0,0.0,0.0,0.43,0.11,25.0,0.43,0.11,0.0,0.0,8.1,0.0,0.0,0.0,0.06,-0.02,-0.02,63.5,14.4,43.5,19.9,0.65,0.65,63.5,0.0,,0.0,,38.9,0.0,0.11,0.0,44.7,0.43,0.11,0.22,0.43,0.11,50.0,0.11,1.4,0.43,0.43,0.86,4.62,0.11,0.22,0.22,0.0,0.0,0.0,0.0,0.0,0.0,0.0,0.0,0.0,0.0,0.0,0.0,0.0,0.0,0.0,0.32,0.22,0.11,0.0,0.43,0.22,0.0,0.0,0.0,3.12,1.29,66.7,,,,,,,,,,,,,,,,,,,,,,,,,,,,
Zavier Gozo,us USA,FW,Real Salt Lake,16,2007,1,0,12,0.1,0.0,0.0,0.0,0.0,0.0,0.0,0.0,0.0,0.0,0.0,0.0,0.0,0.0,0.0,0.0,0.0,0.0,0.0,0.0,0.0,0.0,0.0,0.0,0.0,0.0,Matches,2024,0.1,30.0,20.0,0.0,10.0,30.0,20.0,0.0,10.0,100.0,100.0,,100.0,610.0,210.0,30.0,20.0,0.0,10.0,30.0,20.0,0.0,10.0,100.0,100.0,,100.0,30.0,20.0,0.0,10.0,30.0,20.0,0.0,10.0,100.0,100.0,,100.0,30.0,20.0,0.0,10.0,30.0,20.0,0.0,10.0,100.0,100.0,,100.0,0.0,0.0,0.0,0.0,0.0,0.0,0.0,0.0,0.0,0.0,,0.0,0.0,,,,0.0,0.0,0.0,,0.0,0.0,50.0,0.0,0.0,40.0,10.0,0.0,50.0,0.0,,0.0,,10.0,0.0,0.0,10.0,20.0,0.0,0.0,0.0,0.0,0.0,,0.0,10.0,10.0,10.0,10.0,0.0,0.0,0.0,0.0,0.0,0.0,0.0,0.0,0.0,0.0,0.0,0.0,0.0,0.0,0.0,0.0,0.0,0.0,0.0,10.0,0.0,0.0,0.0,10.0,0.0,0.0,0.0,0.0,0.0,0.0,,,,,,,,,,,,,,,,,,,,,,,,,,,,,
Tayvon Gray,jm JAM,DF,NYCFC,21,2002,27,19,1635,18.2,0.05,0.38,0.44,0.05,0.0,0.0,0.22,0.0,0.03,0.03,0.27,0.3,1.76,4.12,5.38,0.06,0.39,0.44,0.06,0.44,0.03,0.28,0.3,0.03,0.3,Matches,2024,18.2,42.9,22.2,16.8,2.69,55.6,24.6,21.0,6.92,77.1,90.4,79.6,38.9,676.9,250.5,42.9,22.2,16.8,2.69,55.6,24.6,21.0,6.92,77.1,90.4,79.6,38.9,42.9,22.2,16.8,2.69,55.6,24.6,21.0,6.92,77.1,90.4,79.6,38.9,42.9,22.2,16.8,2.69,55.6,24.6,21.0,6.92,77.1,90.4,79.6,38.9,0.38,0.2,0.11,1.21,3.35,1.26,0.71,0.05,0.6,0.27,45.5,0.61,0.28,0.09,0.2,20.9,0.0,0.0,0.0,0.05,0.03,0.03,66.2,2.8,19.6,31.7,15.4,1.54,66.2,0.44,57.1,0.27,35.7,31.9,0.38,0.82,0.55,40.0,2.03,1.32,1.1,2.03,1.32,68.6,0.6,1.32,1.04,1.59,3.63,2.14,0.0,2.2,2.2,0.05,0.0,0.0,0.0,0.05,0.0,0.38,0.39,0.05,0.0,0.0,0.0,0.05,0.0,0.0,1.15,0.77,0.16,2.86,1.59,1.1,0.0,0.05,0.0,4.29,0.66,42.9,,,,,,,,,,,,,,,,,,,,,,,,,,,,
Ján Greguš,sk SVK,MF,Houston Dynamo,33,1991,7,4,382,4.2,0.0,0.0,0.0,0.0,0.0,0.0,0.0,0.0,0.02,0.02,0.02,0.05,0.71,6.43,0.71,0.0,0.0,0.0,0.0,0.0,0.02,0.02,0.04,0.02,0.04,Matches,2024,4.2,69.8,33.3,30.0,4.76,76.2,35.5,31.9,5.48,91.6,94.0,94.0,87.0,1183.1,316.2,69.8,33.3,30.0,4.76,76.2,35.5,31.9,5.48,91.6,94.0,94.0,87.0,69.8,33.3,30.0,4.76,76.2,35.5,31.9,5.48,91.6,94.0,94.0,87.0,69.8,33.3,30.0,4.76,76.2,35.5,31.9,5.48,91.6,94.0,94.0,87.0,0.0,0.05,-0.02,0.71,7.86,0.24,0.24,0.0,0.48,0.0,0.0,0.47,0.0,0.0,,21.5,0.0,0.0,0.0,0.03,-0.02,-0.02,81.4,0.71,16.0,53.3,12.4,0.24,81.4,0.48,66.7,0.24,33.3,50.2,0.0,1.19,0.95,64.3,0.95,0.24,0.95,0.95,0.24,25.0,0.71,0.71,0.71,0.95,1.9,0.24,0.24,1.43,1.42,0.0,0.0,0.0,0.0,0.0,0.0,0.0,0.0,0.0,0.0,0.0,0.0,0.0,0.0,0.0,0.95,0.95,0.0,0.48,0.95,0.95,0.0,0.0,0.0,6.19,0.95,57.1,,,,,,,,,,,,,,,,,,,,,,,,,,,,
Julian Gressel,us USA,"MF,FW",Inter Miami,30,1993,32,31,2340,26.0,0.04,0.35,0.38,0.04,0.0,0.0,0.08,0.0,0.1,0.1,0.23,0.33,1.54,3.77,4.65,0.04,0.35,0.38,0.04,0.38,0.1,0.24,0.33,0.1,0.33,Matches,2024,26.0,36.3,17.6,14.4,3.35,46.3,20.1,17.2,6.12,78.4,87.7,83.9,54.7,623.8,168.1,36.3,17.6,14.4,3.35,46.3,20.1,17.2,6.12,78.4,87.7,83.9,54.7,36.3,17.6,14.4,3.35,46.3,20.1,17.2,6.12,78.4,87.7,83.9,54.7,36.3,17.6,14.4,3.35,46.3,20.1,17.2,6.12,78.4,87.7,83.9,54.7,0.35,0.2,0.11,1.69,3.58,0.88,0.35,0.04,1.12,0.31,27.6,1.12,0.31,0.03,0.13,19.6,0.0,0.0,0.0,0.09,-0.06,-0.06,52.9,0.92,8.65,27.7,17.0,2.73,52.9,0.27,35.0,0.5,65.0,30.7,0.46,1.5,0.5,39.5,1.04,0.38,0.58,1.04,0.38,31.3,0.85,0.65,0.5,0.46,1.5,0.5,0.08,3.0,3.0,0.08,0.0,0.04,0.0,0.04,0.0,0.46,0.46,0.08,0.0,0.04,0.0,0.04,0.0,0.0,0.77,0.58,0.19,3.96,0.46,0.58,0.0,0.0,0.0,3.62,0.54,48.3,,,,,,,,,,,,,,,,,,,,,,,,,,,,
Carlos Gruezo,ec ECU,MF,SJ Earthquakes,28,1995,24,23,1969,21.9,0.0,0.0,0.0,0.0,0.0,0.0,0.41,0.0,0.03,0.03,0.01,0.05,0.27,3.61,0.5,0.0,0.0,0.0,0.0,0.0,0.03,0.02,0.05,0.03,0.05,Matches,2024,21.9,31.8,13.2,14.7,3.74,37.1,14.8,15.9,5.21,85.8,88.9,92.0,71.9,597.1,178.9,31.8,13.2,14.7,3.74,37.1,14.8,15.9,5.21,85.8,88.9,92.0,71.9,31.8,13.2,14.7,3.74,37.1,14.8,15.9,5.21,85.8,88.9,92.0,71.9,31.8,13.2,14.7,3.74,37.1,14.8,15.9,5.21,85.8,88.9,92.0,71.9,0.0,0.02,-0.01,0.37,3.29,0.27,0.0,0.0,0.82,0.09,11.1,0.82,0.09,0.0,0.0,24.5,0.0,0.0,0.0,0.04,-0.03,-0.03,45.3,2.69,14.5,27.2,3.97,0.14,45.3,0.37,88.9,0.05,11.1,20.8,0.05,0.68,0.37,25.8,2.42,0.96,1.23,2.42,0.96,46.7,1.1,0.82,0.78,1.28,3.7,1.74,0.09,1.14,1.14,0.0,0.0,0.05,0.05,0.0,0.0,0.14,0.14,0.0,0.0,0.05,0.05,0.0,0.0,0.0,2.69,0.55,0.05,0.14,1.28,1.23,0.0,0.05,0.0,5.21,0.55,57.1,,,,,,,,,,,,,,,,,,,,,,,,,,,,
Brian Gutiérrez,us USA,"MF,FW",Chicago Fire,20,2003,32,26,2374,26.4,0.23,0.11,0.34,0.15,0.08,0.08,0.19,0.0,0.2,0.15,0.19,0.33,2.69,5.91,5.23,0.23,0.11,0.34,0.15,0.27,0.21,0.19,0.39,0.15,0.33,Matches,2024,26.4,33.2,18.1,11.7,2.42,42.4,20.8,14.1,4.51,78.3,87.0,83.1,53.8,517.1,155.4,33.2,18.1,11.7,2.42,42.4,20.8,14.1,4.51,78.3,87.0,83.1,53.8,33.2,18.1,11.7,2.42,42.4,20.8,14.1,4.51,78.3,87.0,83.1,53.8,33.2,18.1,11.7,2.42,42.4,20.8,14.1,4.51,78.3,87.0,83.1,53.8,0.11,0.2,-0.07,1.7,3.56,1.59,0.15,0.23,2.23,0.68,30.5,2.24,0.68,0.07,0.22,23.4,0.04,0.08,0.08,0.07,0.02,0.0,53.8,0.49,6.06,26.3,22.2,3.14,53.7,1.55,47.1,1.63,49.4,33.1,0.83,2.31,1.02,39.5,1.67,0.72,0.72,1.67,0.72,44.2,0.91,0.64,0.64,0.64,2.31,0.34,0.0,3.64,3.64,0.34,0.0,0.11,0.04,0.08,0.0,0.27,0.27,0.34,0.0,0.11,0.04,0.08,0.0,0.0,1.7,0.87,0.04,1.97,0.64,0.72,0.04,0.0,0.0,4.36,0.53,35.9,,,,,,,,,,,,,,,,,,,,,,,,,,,,
Andrew Gutman,us USA,DF,Chicago Fire,27,1996,11,11,727,8.1,0.12,0.12,0.25,0.12,0.0,0.0,0.12,0.0,0.07,0.07,0.01,0.09,1.85,2.72,3.95,0.12,0.12,0.25,0.12,0.25,0.08,0.01,0.09,0.08,0.09,Matches,2024,8.1,33.0,13.2,15.3,4.07,45.9,15.6,20.4,8.4,71.8,84.9,75.2,48.5,619.9,192.2,33.0,13.2,15.3,4.07,45.9,15.6,20.4,8.4,71.8,84.9,75.2,48.5,33.0,13.2,15.3,4.07,45.9,15.6,20.4,8.4,71.8,84.9,75.2,48.5,33.0,13.2,15.3,4.07,45.9,15.6,20.4,8.4,71.8,84.9,75.2,48.5,0.12,0.02,0.11,0.49,2.35,0.74,0.12,0.12,1.6,0.25,15.4,1.61,0.25,0.08,0.5,17.5,0.0,0.0,0.0,0.05,0.05,0.05,58.9,3.83,20.4,24.1,14.8,3.21,58.9,1.11,47.4,1.23,52.6,29.6,0.49,2.22,0.99,33.5,2.59,0.99,1.98,2.59,0.99,53.3,0.86,0.74,0.49,1.11,3.7,2.47,0.25,1.11,1.11,0.0,0.0,0.0,0.0,0.0,0.0,0.0,0.0,0.0,0.0,0.0,0.0,0.0,0.0,0.0,0.25,1.36,0.12,2.35,1.11,1.98,0.0,0.0,0.0,3.83,0.99,57.1,,,,,,,,,,,,,,,,,,,,,,,,,,,,
Brad Guzan,us USA,GK,Atlanta Utd,39,1984,32,32,2849,31.7,0.0,0.0,0.0,0.0,0.0,0.0,0.09,0.03,0.0,0.0,0.0,0.0,0.0,0.0,0.0,0.0,0.0,0.0,0.0,0.0,0.0,0.0,0.0,0.0,0.0,Matches,2024,31.7,28.4,3.34,13.3,11.7,37.6,3.41,13.4,20.6,75.5,98.1,99.5,56.7,876.3,646.2,28.4,3.34,13.3,11.7,37.6,3.41,13.4,20.6,75.5,98.1,99.5,56.7,28.4,3.34,13.3,11.7,37.6,3.41,13.4,20.6,75.5,98.1,99.5,56.7,28.4,3.34,13.3,11.7,37.6,3.41,13.4,20.6,75.5,98.1,99.5,56.7,0.0,0.0,-0.0,0.06,1.2,0.0,0.0,0.0,0.0,0.0,,0.0,0.0,,,,0.0,0.0,0.0,,0.0,0.0,39.9,33.5,39.8,0.09,0.0,0.0,39.9,0.03,100.0,0.0,0.0,23.7,0.0,0.03,0.0,20.1,0.0,0.0,0.0,0.0,0.0,,0.0,0.03,0.03,0.03,0.03,0.47,0.03,0.19,0.19,0.0,0.0,0.0,0.0,0.0,0.0,0.03,0.03,0.0,0.0,0.0,0.0,0.0,0.0,0.0,0.06,0.16,0.0,0.0,0.03,0.0,0.0,0.03,0.0,1.17,0.22,100.0,1.39,0.09,0.25,0.0,1.53,0.28,0.14,0.14,31.3,4.29,38.0,50.3,35.6,41.7,14.0,38.0,50.3,35.6,41.7,14.0,13.4,0.76,5.6,0.91,0.92,35.6,41.7,14.0
Justin Haak,us USA,"DF,MF",NYCFC,22,2001,15,6,782,8.7,0.0,0.0,0.0,0.0,0.0,0.0,0.57,0.0,0.08,0.08,0.05,0.13,0.46,4.14,1.61,0.0,0.0,0.0,0.0,0.0,0.08,0.05,0.13,0.08,0.13,Matches,2024,8.7,37.4,14.5,19.8,2.41,44.6,16.3,22.0,4.25,83.8,88.7,90.1,56.8,663.3,234.5,37.4,14.5,19.8,2.41,44.6,16.3,22.0,4.25,83.8,88.7,90.1,56.8,37.4,14.5,19.8,2.41,44.6,16.3,22.0,4.25,83.8,88.7,90.1,56.8,37.4,14.5,19.8,2.41,44.6,16.3,22.0,4.25,83.8,88.7,90.1,56.8,0.0,0.05,-0.05,0.34,2.87,0.57,0.23,0.0,0.92,0.34,37.5,0.92,0.35,0.0,0.0,15.3,0.0,0.0,0.0,0.09,-0.08,-0.08,55.6,2.76,20.1,29.0,7.59,1.15,55.6,0.8,70.0,0.34,30.0,31.0,0.0,1.49,0.23,35.5,1.49,0.92,1.26,1.49,0.92,50.0,0.92,1.95,1.26,1.72,3.22,2.3,0.0,0.69,0.69,0.11,0.0,0.0,0.0,0.11,0.0,0.11,0.12,0.11,0.0,0.0,0.0,0.11,0.0,0.0,2.07,1.03,0.0,1.26,1.72,1.26,0.0,0.0,0.0,4.02,1.49,44.8,,,,,,,,,,,,,,,,,,,,,,,,,,,,
Taha Habroune,us USA,MF,Columbus Crew,17,2006,5,1,92,1.0,0.0,0.0,0.0,0.0,0.0,0.0,1.0,0.0,0.1,0.1,0.1,0.2,2.0,4.0,5.0,0.0,0.0,0.0,0.0,0.0,0.11,0.11,0.22,0.11,0.22,Matches,2024,1.0,47.0,33.0,9.0,2.0,55.0,35.0,10.0,3.0,85.5,94.3,90.0,66.7,594.0,143.0,47.0,33.0,9.0,2.0,55.0,35.0,10.0,3.0,85.5,94.3,90.0,66.7,47.0,33.0,9.0,2.0,55.0,35.0,10.0,3.0,85.5,94.3,90.0,66.7,47.0,33.0,9.0,2.0,55.0,35.0,10.0,3.0,85.5,94.3,90.0,66.7,0.0,0.1,-0.1,3.0,6.0,1.0,0.0,0.0,1.0,0.0,0.0,0.98,0.0,0.0,,17.2,0.0,0.0,0.0,0.11,-0.1,-0.1,76.0,3.0,13.0,40.0,23.0,3.0,76.0,2.0,50.0,2.0,50.0,45.0,0.0,4.0,1.0,55.0,3.0,2.0,2.0,3.0,2.0,50.0,2.0,6.0,5.0,1.0,4.0,2.0,0.0,5.0,4.95,0.0,0.0,0.0,0.0,0.0,0.0,0.0,0.0,0.0,0.0,0.0,0.0,0.0,0.0,0.0,3.0,2.0,0.0,0.0,1.0,2.0,0.0,0.0,0.0,2.0,2.0,100.0,,,,,,,,,,,,,,,,,,,,,,,,,,,,
Teenage Hadebe,zw ZIM,DF,FC Cincinnati,28,1995,4,3,186,2.1,0.0,0.48,0.48,0.0,0.0,0.0,0.48,0.0,0.0,0.0,0.0,0.0,0.0,7.62,0.48,0.0,0.48,0.48,0.0,0.48,0.0,0.01,0.01,0.0,0.01,Matches,2024,2.1,60.5,20.0,36.2,3.33,71.4,21.4,41.9,5.71,84.7,93.3,86.4,58.3,1116.2,485.2,60.5,20.0,36.2,3.33,71.4,21.4,41.9,5.71,84.7,93.3,86.4,58.3,60.5,20.0,36.2,3.33,71.4,21.4,41.9,5.71,84.7,93.3,86.4,58.3,60.5,20.0,36.2,3.33,71.4,21.4,41.9,5.71,84.7,93.3,86.4,58.3,0.48,0.0,0.48,0.48,5.71,0.0,0.0,0.0,0.0,0.0,,0.0,0.0,,,,0.0,0.0,0.0,,0.0,0.0,81.9,2.38,29.5,48.1,4.29,0.0,81.9,0.0,,0.0,,42.9,0.0,0.95,0.0,53.3,1.43,0.48,1.43,1.43,0.48,50.0,0.48,2.86,2.38,2.38,3.81,2.38,0.0,0.48,0.49,0.0,0.0,0.0,0.0,0.0,0.0,0.48,0.49,0.0,0.0,0.0,0.0,0.0,0.0,0.0,1.43,0.95,0.0,0.0,2.38,1.43,0.0,0.0,0.0,4.29,2.38,71.4,,,,,,,,,,,,,,,,,,,,,,,,,,,,
Nicholas Hagen,gt GUA,GK,Columbus Crew,27,1996,4,3,326,3.6,0.0,0.0,0.0,0.0,0.0,0.0,0.0,0.0,0.0,0.0,0.0,0.0,0.0,0.0,0.0,0.0,0.0,0.0,0.0,0.0,0.0,0.0,0.0,0.0,0.0,Matches,2024,3.6,29.2,10.0,14.7,4.44,36.1,10.6,15.0,10.6,80.8,94.7,98.1,42.1,611.1,434.4,29.2,10.0,14.7,4.44,36.1,10.6,15.0,10.6,80.8,94.7,98.1,42.1,29.2,10.0,14.7,4.44,36.1,10.6,15.0,10.6,80.8,94.7,98.1,42.1,29.2,10.0,14.7,4.44,36.1,10.6,15.0,10.6,80.8,94.7,98.1,42.1,0.0,0.0,0.0,0.0,0.0,0.0,0.0,0.0,0.0,0.0,,0.0,0.0,,,,0.0,0.0,0.0,,0.0,0.0,39.7,33.1,39.7,0.0,0.0,0.0,39.7,0.0,,0.0,,23.6,0.0,0.0,0.0,20.0,0.0,0.0,0.0,0.0,0.0,,0.0,0.0,0.0,0.0,0.0,0.56,0.56,0.0,0.0,0.0,0.0,0.0,0.0,0.0,0.0,0.0,0.0,0.0,0.0,0.0,0.0,0.0,0.0,0.0,0.0,0.0,0.0,0.0,0.0,0.0,0.0,0.0,0.0,1.94,0.0,0.0,1.39,0.28,0.56,0.0,1.72,0.24,0.33,0.33,29.2,4.44,17.1,32.0,25.8,34.0,12.3,17.1,32.0,25.8,34.0,12.3,11.4,0.28,2.4,0.56,0.55,25.8,34.0,12.3
Nick Hagglund,us USA,DF,FC Cincinnati,31,1992,10,6,462,5.1,0.0,0.0,0.0,0.0,0.0,0.0,0.0,0.0,0.02,0.02,0.0,0.02,0.59,4.51,0.0,0.0,0.0,0.0,0.0,0.0,0.03,0.0,0.03,0.03,0.03,Matches,2024,5.1,46.9,16.5,27.8,2.35,57.5,19.0,29.8,6.47,81.6,86.6,93.4,36.4,867.5,377.3,46.9,16.5,27.8,2.35,57.5,19.0,29.8,6.47,81.6,86.6,93.4,36.4,46.9,16.5,27.8,2.35,57.5,19.0,29.8,6.47,81.6,86.6,93.4,36.4,46.9,16.5,27.8,2.35,57.5,19.0,29.8,6.47,81.6,86.6,93.4,36.4,0.0,0.0,0.0,0.0,4.31,0.0,0.0,0.0,0.2,0.2,100.0,0.19,0.19,0.0,0.0,13.4,0.0,0.0,0.0,0.13,-0.02,-0.02,67.5,8.04,33.1,30.8,3.73,1.37,67.5,0.0,,0.0,,33.3,0.0,0.39,0.0,42.2,0.98,0.78,0.98,0.98,0.78,80.0,0.2,0.78,0.39,1.76,2.75,4.51,0.0,0.2,0.2,0.0,0.0,0.0,0.0,0.0,0.0,0.0,0.0,0.0,0.0,0.0,0.0,0.0,0.0,0.0,1.18,0.98,0.0,0.2,1.76,0.98,0.0,0.0,0.0,3.14,3.53,72.0,,,,,,,,,,,,,,,,,,,,,,,,,,,,
Maren Haile-Selassie,ch SUI,"FW,MF",Chicago Fire,24,1999,27,23,2035,22.6,0.22,0.09,0.31,0.18,0.04,0.04,0.04,0.0,0.27,0.24,0.19,0.43,2.61,3.58,8.23,0.22,0.09,0.31,0.18,0.27,0.28,0.19,0.47,0.24,0.43,Matches,2024,22.6,29.4,17.0,9.34,1.73,36.8,18.8,11.5,3.72,79.9,90.4,81.5,46.4,431.8,106.7,29.4,17.0,9.34,1.73,36.8,18.8,11.5,3.72,79.9,90.4,81.5,46.4,29.4,17.0,9.34,1.73,36.8,18.8,11.5,3.72,79.9,90.4,81.5,46.4,29.4,17.0,9.34,1.73,36.8,18.8,11.5,3.72,79.9,90.4,81.5,46.4,0.09,0.21,-0.11,1.5,1.81,1.5,0.4,0.22,1.73,0.75,43.6,1.72,0.75,0.1,0.24,16.5,0.0,0.04,0.04,0.14,-0.05,-0.06,45.6,0.71,4.42,18.7,23.0,3.67,45.6,1.19,43.5,1.5,54.8,28.1,0.88,2.08,1.19,33.8,0.62,0.35,0.53,0.62,0.35,34.8,0.66,0.84,0.8,0.4,1.02,0.31,0.0,3.36,3.36,0.18,0.04,0.0,0.0,0.09,0.04,0.44,0.44,0.18,0.04,0.0,0.0,0.09,0.04,0.0,0.75,0.97,0.44,3.81,0.4,0.53,0.0,0.0,0.0,3.89,0.53,46.2,,,,,,,,,,,,,,,,,,,,,,,,,,,,
Belal Halbouni,sy SYR,DF,Vancouver W'caps,24,1999,3,2,168,1.9,0.0,0.0,0.0,0.0,0.0,0.0,0.0,0.0,0.16,0.16,0.0,0.16,1.58,4.74,0.53,0.0,0.0,0.0,0.0,0.0,0.17,0.0,0.17,0.17,0.17,Matches,2024,1.9,57.4,22.6,31.6,2.63,63.2,24.7,33.2,4.74,90.8,91.5,95.2,55.6,1018.4,382.1,57.4,22.6,31.6,2.63,63.2,24.7,33.2,4.74,90.8,91.5,95.2,55.6,57.4,22.6,31.6,2.63,63.2,24.7,33.2,4.74,90.8,91.5,95.2,55.6,57.4,22.6,31.6,2.63,63.2,24.7,33.2,4.74,90.8,91.5,95.2,55.6,0.0,0.0,0.0,0.0,7.89,0.0,0.0,0.0,2.11,0.0,0.0,2.14,0.0,0.0,,15.1,0.0,0.0,0.0,0.08,-0.16,-0.16,71.1,4.21,21.1,44.7,6.32,2.63,71.1,2.11,100.0,0.0,0.0,42.1,0.0,0.0,0.53,52.6,1.05,0.53,1.05,1.05,0.53,33.3,1.05,1.58,1.58,0.0,1.05,2.11,0.0,1.05,1.07,0.0,0.0,0.0,0.0,0.0,0.0,0.0,0.0,0.0,0.0,0.0,0.0,0.0,0.0,0.0,0.53,0.0,0.0,0.0,0.0,1.05,0.0,0.0,0.0,3.16,0.0,0.0,,,,,,,,,,,,,,,,,,,,,,,,,,,,
Julian Hall,us USA,"MF,FW",NY Red Bulls,15,2008,11,0,160,1.8,1.11,0.56,1.67,1.11,0.0,0.0,0.0,0.0,0.44,0.44,0.61,1.06,0.56,3.33,6.67,1.13,0.56,1.69,1.13,1.69,0.44,0.61,1.05,0.44,1.05,Matches,2024,1.8,25.0,15.0,6.67,2.22,33.9,18.9,9.44,2.22,73.8,79.4,70.6,100.0,378.3,126.1,25.0,15.0,6.67,2.22,33.9,18.9,9.44,2.22,73.8,79.4,70.6,100.0,25.0,15.0,6.67,2.22,33.9,18.9,9.44,2.22,73.8,79.4,70.6,100.0,25.0,15.0,6.67,2.22,33.9,18.9,9.44,2.22,73.8,79.4,70.6,100.0,0.56,0.44,-0.06,2.22,1.11,2.22,1.67,1.11,2.78,1.11,40.0,2.81,1.13,0.4,1.0,12.2,0.0,0.0,0.0,0.16,0.67,0.67,48.3,0.0,6.67,21.1,21.1,4.44,48.3,1.11,40.0,0.56,20.0,26.7,0.56,1.67,0.0,33.9,1.67,1.11,1.11,1.67,1.11,100.0,0.0,1.11,1.11,1.11,2.78,0.0,0.0,5.56,5.63,1.11,1.11,0.56,0.0,0.0,0.0,1.67,1.69,1.11,1.11,0.56,0.0,0.0,0.0,0.0,0.0,3.33,0.0,2.22,1.11,1.11,0.0,0.0,0.0,6.67,0.56,25.0,,,,,,,,,,,,,,,,,,,,,,,,,,,,
Michael Halliday,us USA,DF,Orlando City,21,2003,6,0,110,1.2,0.0,0.0,0.0,0.0,0.0,0.0,0.83,0.0,0.17,0.17,0.0,0.17,1.67,2.5,10.8,0.0,0.0,0.0,0.0,0.0,0.13,0.0,0.13,0.13,0.13,Matches,2024,1.2,40.0,26.7,10.0,3.33,54.2,30.8,15.0,5.0,73.8,86.5,66.7,66.7,564.2,170.0,40.0,26.7,10.0,3.33,54.2,30.8,15.0,5.0,73.8,86.5,66.7,66.7,40.0,26.7,10.0,3.33,54.2,30.8,15.0,5.0,73.8,86.5,66.7,66.7,40.0,26.7,10.0,3.33,54.2,30.8,15.0,5.0,73.8,86.5,66.7,66.7,0.0,0.0,0.0,0.0,0.83,0.0,0.0,0.0,2.5,0.83,33.3,2.45,0.82,0.0,0.0,16.4,0.0,0.0,0.0,0.05,-0.17,-0.17,72.5,2.5,18.3,28.3,25.8,4.17,72.5,0.0,0.0,2.5,100.0,28.3,0.0,3.33,1.67,37.5,4.17,1.67,2.5,4.17,1.67,40.0,2.5,2.5,2.5,0.83,5.0,1.67,0.0,0.0,0.0,0.0,0.0,0.0,0.0,0.0,0.0,0.0,0.0,0.0,0.0,0.0,0.0,0.0,0.0,0.0,1.67,0.0,0.0,1.67,0.83,2.5,0.0,0.0,0.0,2.5,0.83,50.0,,,,,,,,,,,,,,,,,,,,,,,,,,,,
Bret Halsey,us USA,DF,FC Cincinnati,23,2000,21,3,482,5.4,0.0,0.0,0.0,0.0,0.0,0.0,0.37,0.19,0.19,0.19,0.15,0.33,4.63,3.52,9.07,0.0,0.0,0.0,0.0,0.0,0.19,0.15,0.33,0.19,0.33,Matches,2024,5.4,49.4,25.7,20.4,2.41,60.9,28.7,23.1,5.19,81.2,89.7,88.0,46.4,788.7,188.0,49.4,25.7,20.4,2.41,60.9,28.7,23.1,5.19,81.2,89.7,88.0,46.4,49.4,25.7,20.4,2.41,60.9,28.7,23.1,5.19,81.2,89.7,88.0,46.4,49.4,25.7,20.4,2.41,60.9,28.7,23.1,5.19,81.2,89.7,88.0,46.4,0.0,0.2,-0.15,1.67,3.15,0.93,0.19,0.0,1.48,0.74,50.0,1.49,0.75,0.0,0.0,13.3,0.0,0.0,0.0,0.13,-0.19,-0.19,72.0,2.41,15.2,32.0,25.4,4.26,72.0,0.56,33.3,1.11,66.7,40.2,1.48,2.04,1.3,44.8,2.22,1.11,1.67,2.22,1.11,66.7,0.56,1.48,1.3,0.37,2.59,0.93,0.0,3.33,3.36,0.0,0.0,0.0,0.0,0.19,0.0,0.19,0.19,0.0,0.0,0.0,0.0,0.19,0.0,0.19,2.41,1.11,0.0,1.48,0.37,1.67,0.0,0.0,0.0,5.93,0.74,33.3,,,,,,,,,,,,,,,,,,,,,,,,,,,,
Ian Harkes,us USA,MF,NE Revolution,28,1995,27,17,1606,17.8,0.06,0.0,0.06,0.06,0.0,0.0,0.34,0.06,0.06,0.06,0.05,0.11,1.29,5.39,2.53,0.06,0.0,0.06,0.06,0.06,0.06,0.05,0.11,0.06,0.11,Matches,2024,17.8,42.6,19.7,19.0,3.2,50.2,22.2,21.1,5.0,85.0,88.6,90.2,64.0,738.8,216.6,42.6,19.7,19.0,3.2,50.2,22.2,21.1,5.0,85.0,88.6,90.2,64.0,42.6,19.7,19.0,3.2,50.2,22.2,21.1,5.0,85.0,88.6,90.2,64.0,42.6,19.7,19.0,3.2,50.2,22.2,21.1,5.0,85.0,88.6,90.2,64.0,0.0,0.06,-0.05,0.9,4.72,0.73,0.17,0.06,1.24,0.39,31.8,1.23,0.39,0.05,0.14,23.0,0.0,0.0,0.0,0.05,-0.01,-0.01,58.7,2.25,14.3,32.5,12.2,1.24,58.7,0.45,61.5,0.28,38.5,31.6,0.06,1.12,0.67,43.8,1.63,0.9,1.07,1.63,0.9,64.0,0.51,1.07,0.79,0.84,2.47,1.12,0.06,2.08,2.07,0.0,0.0,0.17,0.0,0.0,0.0,0.22,0.22,0.0,0.0,0.17,0.0,0.0,0.0,0.06,1.29,1.18,0.11,1.12,0.84,1.07,0.0,0.0,0.0,3.2,0.9,55.2,,,,,,,,,,,,,,,,,,,,,,,,,,,,
Cameron Harper,us USA,"MF,DF",NY Red Bulls,22,2001,27,16,1419,15.8,0.32,0.0,0.32,0.32,0.0,0.0,0.19,0.0,0.29,0.29,0.18,0.47,3.8,3.8,8.99,0.32,0.0,0.32,0.32,0.32,0.29,0.18,0.47,0.29,0.47,Matches,2024,15.8,16.7,7.72,7.66,1.2,28.4,10.9,11.8,4.18,58.8,70.5,65.1,28.8,288.0,104.9,16.7,7.72,7.66,1.2,28.4,10.9,11.8,4.18,58.8,70.5,65.1,28.8,16.7,7.72,7.66,1.2,28.4,10.9,11.8,4.18,58.8,70.5,65.1,28.8,16.7,7.72,7.66,1.2,28.4,10.9,11.8,4.18,58.8,70.5,65.1,28.8,0.0,0.16,-0.18,1.52,1.39,1.52,0.13,0.32,2.59,1.46,56.1,2.6,1.46,0.12,0.22,16.4,0.0,0.0,0.0,0.11,0.03,0.03,40.9,0.89,5.32,14.2,21.8,4.11,40.9,1.65,43.3,2.09,55.0,24.7,1.27,2.41,1.14,28.5,0.82,0.51,0.63,0.82,0.51,44.4,0.63,0.82,0.76,0.44,1.27,0.89,0.0,3.42,3.42,0.44,0.13,0.25,0.06,0.06,0.0,0.38,0.38,0.44,0.13,0.25,0.06,0.06,0.0,0.0,1.27,1.39,0.19,3.92,0.44,0.63,0.06,0.0,0.0,3.1,0.44,36.8,,,,,,,,,,,,,,,,,,,,,,,,,,,,
Nathan Harriel,us USA,DF,Philadelphia Union,22,2001,29,27,2372,26.4,0.08,0.15,0.23,0.08,0.0,0.0,0.15,0.0,0.11,0.11,0.08,0.19,1.21,2.61,3.67,0.08,0.15,0.23,0.08,0.23,0.11,0.08,0.19,0.11,0.19,Matches,2024,26.4,34.7,18.5,13.8,1.7,43.8,20.8,17.7,3.48,79.2,88.9,78.0,48.9,546.6,187.3,34.7,18.5,13.8,1.7,43.8,20.8,17.7,3.48,79.2,88.9,78.0,48.9,34.7,18.5,13.8,1.7,43.8,20.8,17.7,3.48,79.2,88.9,78.0,48.9,34.7,18.5,13.8,1.7,43.8,20.8,17.7,3.48,79.2,88.9,78.0,48.9,0.15,0.1,0.08,0.98,2.46,0.45,0.23,0.08,1.33,0.19,14.3,1.33,0.19,0.06,0.4,13.6,0.0,0.0,0.0,0.08,-0.03,-0.03,56.9,4.43,16.7,25.8,14.7,2.16,56.9,0.42,40.7,0.42,40.7,22.8,0.27,0.91,0.27,29.1,2.46,1.17,1.48,2.46,1.17,67.4,0.57,1.89,1.33,1.48,3.94,3.52,0.04,2.5,2.5,0.04,0.0,0.3,0.04,0.04,0.0,0.19,0.19,0.04,0.0,0.3,0.04,0.04,0.0,0.0,0.8,1.36,0.04,1.29,1.48,1.48,0.08,0.0,0.0,2.99,2.08,64.7,,,,,,,,,,,,,,,,,,,,,,,,,,,,
Calvin Harris,eng ENG,FW,Colorado Rapids,23,2000,32,16,1523,16.9,0.18,0.18,0.36,0.18,0.0,0.0,0.3,0.0,0.22,0.22,0.19,0.41,3.67,2.49,9.41,0.18,0.18,0.35,0.18,0.35,0.22,0.19,0.41,0.22,0.41,Matches,2024,16.9,19.6,12.5,5.44,0.71,26.0,14.6,7.22,1.54,75.4,86.2,75.4,46.2,266.7,55.7,19.6,12.5,5.44,0.71,26.0,14.6,7.22,1.54,75.4,86.2,75.4,46.2,19.6,12.5,5.44,0.71,26.0,14.6,7.22,1.54,75.4,86.2,75.4,46.2,19.6,12.5,5.44,0.71,26.0,14.6,7.22,1.54,75.4,86.2,75.4,46.2,0.18,0.15,-0.01,1.24,0.77,1.48,0.41,0.18,1.48,0.71,48.0,1.48,0.71,0.12,0.25,14.5,0.0,0.0,0.0,0.17,-0.05,-0.05,36.5,0.83,3.79,11.1,22.1,3.73,36.5,1.01,37.0,1.48,54.3,26.2,1.07,2.72,1.24,27.9,1.07,0.83,0.59,1.07,0.83,34.1,1.6,1.3,1.24,0.12,1.18,0.53,0.06,2.6,2.6,0.18,0.0,0.41,0.12,0.12,0.0,0.36,0.35,0.18,0.0,0.41,0.12,0.12,0.0,0.0,1.48,2.72,0.3,2.49,0.12,0.59,0.06,0.0,0.0,3.49,0.53,21.4,,,,,,,,,,,,,,,,,,,,,,,,,,,,
Marcel Hartel,de GER,"MF,FW",St. Louis,28,1996,9,9,810,9.0,0.33,0.56,0.89,0.22,0.11,0.11,0.33,0.0,0.21,0.12,0.19,0.32,1.67,5.0,7.0,0.33,0.56,0.89,0.22,0.78,0.21,0.19,0.41,0.13,0.32,Matches,2024,9.0,37.1,18.9,13.0,4.22,45.9,20.8,15.8,6.22,80.9,90.9,82.4,67.9,618.0,180.7,37.1,18.9,13.0,4.22,45.9,20.8,15.8,6.22,80.9,90.9,82.4,67.9,37.1,18.9,13.0,4.22,45.9,20.8,15.8,6.22,80.9,90.9,82.4,67.9,37.1,18.9,13.0,4.22,45.9,20.8,15.8,6.22,80.9,90.9,82.4,67.9,0.56,0.21,0.37,2.0,3.11,1.22,0.33,0.33,1.56,0.44,28.6,1.56,0.44,0.14,0.5,18.9,0.0,0.11,0.11,0.08,0.12,0.1,55.1,1.78,10.3,24.9,20.6,2.89,55.0,0.89,47.1,1.0,52.9,31.8,0.56,1.67,0.33,39.0,1.22,0.56,0.78,1.22,0.56,41.7,0.78,0.56,0.33,0.67,1.89,1.22,0.0,4.22,4.22,0.11,0.11,0.22,0.11,0.11,0.11,1.22,1.22,0.11,0.11,0.22,0.11,0.11,0.11,0.0,0.33,1.0,0.44,3.78,0.67,0.78,0.11,0.0,0.0,5.11,0.11,25.0,,,,,,,,,,,,,,,,,,,,,,,,,,,,
Carlos Harvey,pa PAN,"DF,MF",Minnesota Utd,23,2000,18,12,1046,11.6,0.0,0.09,0.09,0.0,0.0,0.0,0.09,0.0,0.04,0.04,0.03,0.06,0.95,3.71,1.12,0.0,0.09,0.09,0.0,0.09,0.04,0.02,0.06,0.04,0.06,Matches,2024,11.6,37.7,14.9,18.3,3.45,44.8,17.2,20.2,5.6,84.0,86.5,90.6,61.5,689.5,274.0,37.7,14.9,18.3,3.45,44.8,17.2,20.2,5.6,84.0,86.5,90.6,61.5,37.7,14.9,18.3,3.45,44.8,17.2,20.2,5.6,84.0,86.5,90.6,61.5,37.7,14.9,18.3,3.45,44.8,17.2,20.2,5.6,84.0,86.5,90.6,61.5,0.09,0.03,0.06,0.6,3.02,0.26,0.0,0.0,0.86,0.43,50.0,0.86,0.43,0.0,0.0,18.2,0.0,0.0,0.0,0.05,-0.04,-0.04,57.3,5.6,24.8,25.5,7.41,1.03,57.3,0.86,50.0,0.6,35.0,31.0,0.34,1.03,0.95,33.5,2.16,0.95,1.47,2.16,0.95,57.9,0.69,1.21,0.52,1.47,3.62,3.45,0.0,1.9,1.89,0.17,0.0,0.17,0.09,0.34,0.09,0.17,0.17,0.17,0.0,0.17,0.09,0.34,0.09,0.0,1.29,1.38,0.0,0.0,1.47,1.47,0.09,0.0,0.0,4.83,1.21,35.0,,,,,,,,,,,,,,,,,,,,,,,,,,,,
Thomas Hasal,ca CAN,GK,LAFC,24,1999,1,1,90,1.0,0.0,0.0,0.0,0.0,0.0,0.0,0.0,0.0,0.0,0.0,0.0,0.0,0.0,0.0,0.0,0.0,0.0,0.0,0.0,0.0,0.0,0.0,0.0,0.0,0.0,Matches,2024,1.0,21.0,7.0,9.0,5.0,32.0,7.0,9.0,16.0,65.6,100.0,100.0,31.3,496.0,308.0,21.0,7.0,9.0,5.0,32.0,7.0,9.0,16.0,65.6,100.0,100.0,31.3,21.0,7.0,9.0,5.0,32.0,7.0,9.0,16.0,65.6,100.0,100.0,31.3,21.0,7.0,9.0,5.0,32.0,7.0,9.0,16.0,65.6,100.0,100.0,31.3,0.0,0.0,0.0,0.0,0.0,0.0,0.0,0.0,0.0,0.0,,0.0,0.0,,,,0.0,0.0,0.0,,0.0,0.0,34.0,29.0,34.0,0.0,0.0,0.0,34.0,0.0,,0.0,,18.0,0.0,0.0,0.0,14.0,0.0,0.0,0.0,0.0,0.0,,0.0,0.0,0.0,0.0,0.0,0.0,0.0,0.0,0.0,0.0,0.0,0.0,0.0,0.0,0.0,0.0,0.0,0.0,0.0,0.0,0.0,0.0,0.0,0.0,0.0,0.0,0.0,0.0,0.0,0.0,0.0,0.0,0.0,3.0,0.0,,3.0,0.0,0.0,0.0,2.5,0.36,-0.5,-0.47,24.0,4.0,37.5,37.5,33.4,36.0,10.3,37.5,37.5,33.4,36.0,10.3,3.0,0.0,0.0,0.0,0.0,33.4,36.0,10.3
Matt Hedges,us USA,DF,Austin,33,1990,15,10,875,9.7,0.1,0.0,0.1,0.1,0.0,0.0,0.1,0.0,0.07,0.07,0.0,0.07,0.0,1.24,0.21,0.1,0.0,0.1,0.1,0.1,0.07,0.0,0.07,0.07,0.07,Matches,2024,9.7,39.1,12.7,21.0,5.15,45.9,14.5,23.5,7.22,85.2,87.2,89.5,71.4,792.9,320.2,39.1,12.7,21.0,5.15,45.9,14.5,23.5,7.22,85.2,87.2,89.5,71.4,39.1,12.7,21.0,5.15,45.9,14.5,23.5,7.22,85.2,87.2,89.5,71.4,39.1,12.7,21.0,5.15,45.9,14.5,23.5,7.22,85.2,87.2,89.5,71.4,0.0,0.02,0.0,0.1,1.86,0.0,0.0,0.1,0.62,0.21,33.3,0.62,0.21,0.17,0.5,7.8,0.0,0.0,0.0,0.12,0.03,0.03,56.0,9.9,35.7,18.7,1.65,1.24,56.0,0.0,0.0,0.1,100.0,25.8,0.0,0.0,0.0,37.1,0.62,0.52,0.21,0.62,0.52,71.4,0.21,1.44,0.41,1.03,1.65,5.88,0.0,0.31,0.31,0.0,0.0,0.0,0.0,0.0,0.0,0.0,0.0,0.0,0.0,0.0,0.0,0.0,0.0,0.0,0.52,0.31,0.1,0.0,1.03,0.21,0.0,0.0,0.0,2.27,1.96,63.3,,,,,,,,,,,,,,,,,,,,,,,,,,,,
Fabian Herbers,de GER,MF,Chicago Fire,30,1993,30,24,2037,22.6,0.13,0.18,0.31,0.13,0.0,0.0,0.35,0.0,0.11,0.11,0.16,0.27,2.39,4.78,3.58,0.13,0.18,0.31,0.13,0.31,0.11,0.16,0.27,0.11,0.27,Matches,2024,22.6,38.3,20.8,13.8,2.39,46.5,23.5,16.3,3.45,82.3,88.9,85.1,69.2,601.5,161.0,38.3,20.8,13.8,2.39,46.5,23.5,16.3,3.45,82.3,88.9,85.1,69.2,38.3,20.8,13.8,2.39,46.5,23.5,16.3,3.45,82.3,88.9,85.1,69.2,38.3,20.8,13.8,2.39,46.5,23.5,16.3,3.45,82.3,88.9,85.1,69.2,0.18,0.13,0.02,1.28,3.58,1.11,0.35,0.13,1.02,0.31,30.4,1.02,0.31,0.13,0.43,17.4,0.0,0.0,0.0,0.11,0.02,0.02,56.9,1.37,9.12,31.9,16.8,2.43,56.9,0.75,51.5,0.53,36.4,32.2,0.4,1.46,0.88,38.8,2.61,0.84,1.64,2.61,0.84,40.4,1.24,1.24,0.97,1.28,3.89,0.75,0.04,2.61,2.61,0.0,0.0,0.04,0.0,0.18,0.04,0.31,0.31,0.0,0.0,0.04,0.0,0.18,0.04,0.0,1.5,1.15,0.04,1.28,1.28,1.64,0.0,0.0,0.0,5.27,1.02,46.0,,,,,,,,,,,,,,,,,,,,,,,,,,,,
Jay Herdman,nz NZL,FW,Vancouver W'caps,19,2004,1,0,10,0.1,0.0,0.0,0.0,0.0,0.0,0.0,0.0,0.0,0.0,0.0,0.0,0.0,0.0,0.0,0.0,0.0,0.0,0.0,0.0,0.0,0.21,0.0,0.21,0.21,0.21,Matches,2024,0.1,80.0,30.0,50.0,0.0,90.0,30.0,50.0,0.0,88.9,100.0,100.0,,1350.0,160.0,80.0,30.0,50.0,0.0,90.0,30.0,50.0,0.0,88.9,100.0,100.0,,80.0,30.0,50.0,0.0,90.0,30.0,50.0,0.0,88.9,100.0,100.0,,80.0,30.0,50.0,0.0,90.0,30.0,50.0,0.0,88.9,100.0,100.0,,0.0,0.0,0.0,0.0,0.0,0.0,0.0,0.0,10.0,0.0,0.0,9.0,0.0,0.0,,29.9,0.0,0.0,0.0,0.02,0.0,0.0,100.0,0.0,10.0,60.0,30.0,0.0,100.0,0.0,,0.0,,90.0,0.0,0.0,0.0,90.0,0.0,0.0,0.0,0.0,0.0,,0.0,0.0,0.0,0.0,0.0,0.0,0.0,10.0,9.0,0.0,0.0,0.0,0.0,0.0,0.0,0.0,0.0,0.0,0.0,0.0,0.0,0.0,0.0,0.0,10.0,10.0,0.0,0.0,0.0,0.0,0.0,0.0,0.0,10.0,0.0,,,,,,,,,,,,,,,,,,,,,,,,,,,,,
Felipe Hernandez,us USA,MF,Sporting KC,25,1998,7,2,377,4.2,0.0,0.0,0.0,0.0,0.0,0.0,0.24,0.0,0.05,0.05,0.02,0.07,0.71,3.33,3.81,0.0,0.0,0.0,0.0,0.0,0.05,0.02,0.08,0.05,0.08,Matches,2024,4.2,30.5,13.6,12.6,2.62,37.6,15.5,14.8,4.29,81.0,87.7,85.5,61.1,499.5,110.2,30.5,13.6,12.6,2.62,37.6,15.5,14.8,4.29,81.0,87.7,85.5,61.1,30.5,13.6,12.6,2.62,37.6,15.5,14.8,4.29,81.0,87.7,85.5,61.1,30.5,13.6,12.6,2.62,37.6,15.5,14.8,4.29,81.0,87.7,85.5,61.1,0.0,0.02,-0.02,0.71,3.57,0.48,0.0,0.0,0.71,0.0,0.0,0.72,0.0,0.0,,17.0,0.0,0.0,0.0,0.08,-0.05,-0.05,46.2,0.24,6.9,25.7,13.6,0.71,46.2,0.24,100.0,0.0,0.0,28.1,0.0,2.14,0.95,31.9,0.95,0.24,0.24,0.95,0.24,20.0,0.95,2.38,2.14,0.48,1.43,0.24,0.0,0.95,0.95,0.0,0.0,0.0,0.0,0.0,0.0,0.0,0.0,0.0,0.0,0.0,0.0,0.0,0.0,0.0,1.43,1.19,0.24,2.38,0.48,0.24,0.0,0.0,0.0,3.1,0.24,25.0,,,,,,,,,,,,,,,,,,,,,,,,,,,,
Ronald Hernández,ve VEN,DF,Atlanta Utd,26,1997,13,7,710,7.9,0.0,0.13,0.13,0.0,0.0,0.0,0.0,0.0,0.06,0.06,0.06,0.13,0.89,3.67,2.03,0.0,0.13,0.13,0.0,0.13,0.06,0.07,0.13,0.06,0.13,Matches,2024,7.9,42.8,20.9,18.1,3.16,52.2,23.0,20.9,5.95,82.0,90.7,86.7,53.2,725.8,291.3,42.8,20.9,18.1,3.16,52.2,23.0,20.9,5.95,82.0,90.7,86.7,53.2,42.8,20.9,18.1,3.16,52.2,23.0,20.9,5.95,82.0,90.7,86.7,53.2,42.8,20.9,18.1,3.16,52.2,23.0,20.9,5.95,82.0,90.7,86.7,53.2,0.13,0.08,0.06,0.38,2.66,0.76,0.13,0.0,1.27,0.25,20.0,1.27,0.25,0.0,0.0,21.1,0.0,0.0,0.0,0.05,-0.06,-0.06,60.3,3.67,22.3,27.2,11.1,1.01,60.3,0.38,100.0,0.0,0.0,33.0,0.0,0.76,0.38,36.6,1.39,0.76,0.51,1.39,0.76,54.5,0.63,0.38,0.13,1.27,2.66,2.53,0.0,0.89,0.89,0.0,0.0,0.0,0.0,0.0,0.0,0.25,0.25,0.0,0.0,0.0,0.0,0.0,0.0,0.0,0.89,0.89,0.0,1.9,1.27,0.51,0.0,0.0,0.0,5.95,0.89,33.3,,,,,,,,,,,,,,,,,,,,,,,,,,,,
Aaron Herrera,gt GUA,DF,D.C. United,26,1997,30,29,2594,28.8,0.03,0.14,0.17,0.03,0.0,0.0,0.31,0.0,0.05,0.05,0.13,0.17,2.71,5.1,4.41,0.03,0.14,0.17,0.03,0.17,0.04,0.13,0.17,0.04,0.17,Matches,2024,28.8,40.3,16.8,17.4,5.35,52.6,18.9,21.8,9.03,76.6,88.8,79.8,59.2,761.9,310.6,40.3,16.8,17.4,5.35,52.6,18.9,21.8,9.03,76.6,88.8,79.8,59.2,40.3,16.8,17.4,5.35,52.6,18.9,21.8,9.03,76.6,88.8,79.8,59.2,40.3,16.8,17.4,5.35,52.6,18.9,21.8,9.03,76.6,88.8,79.8,59.2,0.14,0.16,0.01,1.25,3.85,1.98,0.94,0.03,1.08,0.31,29.0,1.08,0.31,0.03,0.11,24.8,0.17,0.0,0.0,0.04,-0.01,-0.01,64.0,3.82,16.6,29.2,19.1,1.42,64.0,1.28,68.5,0.56,29.6,34.1,0.45,1.15,0.69,35.8,2.26,1.25,1.35,2.26,1.25,62.1,0.76,1.77,1.11,1.46,3.72,2.15,0.03,3.54,3.54,0.21,0.0,0.07,0.0,0.14,0.0,0.28,0.28,0.21,0.0,0.07,0.0,0.14,0.0,0.0,1.28,0.73,0.0,3.68,1.46,1.35,0.0,0.0,0.0,5.35,1.18,56.7,,,,,,,,,,,,,,,,,,,,,,,,,,,,
Héctor Herrera,mx MEX,MF,Houston Dynamo,33,1990,22,19,1616,18.0,0.06,0.06,0.11,0.06,0.0,0.0,0.17,0.0,0.07,0.07,0.12,0.19,1.44,11.0,2.89,0.06,0.06,0.11,0.06,0.11,0.07,0.12,0.2,0.07,0.2,Matches,2024,18.0,89.9,47.6,29.2,10.3,102.7,50.6,31.9,14.8,87.6,94.1,91.5,69.3,1516.8,536.4,89.9,47.6,29.2,10.3,102.7,50.6,31.9,14.8,87.6,94.1,91.5,69.3,89.9,47.6,29.2,10.3,102.7,50.6,31.9,14.8,87.6,94.1,91.5,69.3,89.9,47.6,29.2,10.3,102.7,50.6,31.9,14.8,87.6,94.1,91.5,69.3,0.06,0.27,-0.07,2.72,8.83,1.89,0.17,0.06,1.56,0.44,28.6,1.56,0.45,0.04,0.13,23.8,0.28,0.0,0.0,0.05,-0.02,-0.02,112.3,2.0,25.1,61.8,26.4,2.0,112.3,1.44,61.9,0.78,33.3,64.5,0.39,1.83,1.22,86.8,1.72,0.94,1.06,1.72,0.94,48.6,1.0,1.06,1.0,0.94,2.67,0.89,0.11,5.94,5.96,0.22,0.0,0.28,0.0,0.0,0.0,0.28,0.28,0.22,0.0,0.28,0.0,0.0,0.0,0.0,1.56,2.33,0.17,5.72,0.94,1.06,0.0,0.0,0.0,5.83,0.5,36.0,,,,,,,,,,,,,,,,,,,,,,,,,,,,
Marcelo Herrera,ar ARG,DF,Columbus Crew,25,1998,10,5,472,5.2,0.19,0.0,0.19,0.19,0.0,0.0,0.19,0.0,0.4,0.4,0.06,0.44,1.15,2.88,9.42,0.19,0.0,0.19,0.19,0.19,0.39,0.05,0.44,0.39,0.44,Matches,2024,5.2,35.8,16.2,16.7,2.12,42.5,18.5,18.7,3.08,84.2,87.5,89.7,68.8,601.9,173.7,35.8,16.2,16.7,2.12,42.5,18.5,18.7,3.08,84.2,87.5,89.7,68.8,35.8,16.2,16.7,2.12,42.5,18.5,18.7,3.08,84.2,87.5,89.7,68.8,35.8,16.2,16.7,2.12,42.5,18.5,18.7,3.08,84.2,87.5,89.7,68.8,0.0,0.08,-0.06,0.77,2.31,0.38,0.19,0.19,1.92,0.58,30.0,1.91,0.57,0.1,0.33,15.8,0.0,0.0,0.0,0.21,-0.21,-0.21,51.2,1.15,11.2,22.1,18.1,2.69,51.2,0.38,50.0,0.38,50.0,24.2,0.38,1.35,0.38,35.6,1.54,0.77,1.15,1.54,0.77,80.0,0.19,0.58,0.38,0.77,2.31,1.54,0.0,1.15,1.14,0.0,0.0,0.19,0.0,0.0,0.0,0.0,0.0,0.0,0.0,0.19,0.0,0.0,0.0,0.0,0.77,0.58,0.58,2.31,0.77,1.15,0.0,0.0,0.0,2.88,0.38,40.0,,,,,,,,,,,,,,,,,,,,,,,,,,,,
Bode Hidalgo,us USA,"DF,FW",Real Salt Lake,21,2002,25,15,1455,16.2,0.0,0.06,0.06,0.0,0.0,0.0,0.12,0.0,0.02,0.02,0.09,0.11,1.23,4.63,3.21,0.0,0.06,0.06,0.0,0.06,0.03,0.09,0.11,0.03,0.11,Matches,2024,16.2,55.4,23.1,25.8,6.05,65.8,25.2,29.1,9.32,84.2,91.4,88.6,64.9,1034.0,375.3,55.4,23.1,25.8,6.05,65.8,25.2,29.1,9.32,84.2,91.4,88.6,64.9,55.4,23.1,25.8,6.05,65.8,25.2,29.1,9.32,84.2,91.4,88.6,64.9,55.4,23.1,25.8,6.05,65.8,25.2,29.1,9.32,84.2,91.4,88.6,64.9,0.06,0.07,-0.02,1.23,3.95,0.86,0.25,0.0,0.56,0.06,11.1,0.56,0.06,0.0,0.0,23.1,0.0,0.0,0.0,0.05,-0.02,-0.02,76.2,5.62,30.1,35.8,11.0,0.8,76.2,0.43,29.2,0.99,66.7,43.7,0.37,1.05,0.25,50.2,2.35,1.36,1.85,2.35,1.36,62.9,0.8,1.36,0.8,1.05,3.4,2.72,0.0,2.41,2.41,0.06,0.0,0.12,0.0,0.06,0.0,0.12,0.12,0.06,0.0,0.12,0.0,0.06,0.0,0.0,0.62,0.86,0.0,1.6,1.05,1.85,0.0,0.0,0.0,5.25,0.86,48.3,,,,,,,,,,,,,,,,,,,,,,,,,,,,
Kyle Hiebert,ca CAN,DF,St. Louis,26,1997,20,14,1365,15.2,0.0,0.0,0.0,0.0,0.0,0.0,0.07,0.0,0.03,0.03,0.01,0.03,0.2,2.11,0.92,0.0,0.0,0.0,0.0,0.0,0.03,0.01,0.03,0.03,0.03,Matches,2024,15.2,40.1,14.7,22.0,2.83,50.1,16.6,25.9,6.32,80.0,88.5,85.2,44.8,733.4,270.0,40.1,14.7,22.0,2.83,50.1,16.6,25.9,6.32,80.0,88.5,85.2,44.8,40.1,14.7,22.0,2.83,50.1,16.6,25.9,6.32,80.0,88.5,85.2,44.8,40.1,14.7,22.0,2.83,50.1,16.6,25.9,6.32,80.0,88.5,85.2,44.8,0.0,0.02,-0.01,0.26,2.17,0.33,0.07,0.0,0.59,0.07,11.1,0.59,0.07,0.0,0.0,15.1,0.0,0.0,0.0,0.04,-0.03,-0.03,60.9,7.57,32.4,23.9,4.87,0.92,60.9,0.07,25.0,0.2,75.0,28.2,0.0,0.33,0.26,33.9,1.84,1.25,1.25,1.84,1.25,67.9,0.59,1.38,0.59,1.12,2.96,4.14,0.0,0.92,0.92,0.0,0.0,0.0,0.0,0.07,0.0,0.0,0.0,0.0,0.0,0.0,0.0,0.07,0.0,0.0,0.79,0.39,0.0,0.33,1.12,1.25,0.0,0.07,0.07,3.42,2.37,60.0,,,,,,,,,,,,,,,,,,,,,,,,,,,,
Brendan Hines-Ike,us USA,DF,Austin,29,1994,28,25,2221,24.7,0.08,0.04,0.12,0.08,0.0,0.0,0.24,0.04,0.03,0.03,0.03,0.06,0.53,3.28,0.16,0.08,0.04,0.12,0.08,0.12,0.03,0.03,0.06,0.03,0.06,Matches,2024,24.7,52.9,16.9,29.4,6.28,58.5,18.1,30.9,8.66,90.4,93.3,95.1,72.4,1061.5,373.2,52.9,16.9,29.4,6.28,58.5,18.1,30.9,8.66,90.4,93.3,95.1,72.4,52.9,16.9,29.4,6.28,58.5,18.1,30.9,8.66,90.4,93.3,95.1,72.4,52.9,16.9,29.4,6.28,58.5,18.1,30.9,8.66,90.4,93.3,95.1,72.4,0.04,0.03,0.01,0.12,3.24,0.2,0.04,0.08,0.4,0.12,30.0,0.41,0.12,0.2,0.67,19.0,0.0,0.0,0.0,0.08,0.05,0.05,66.2,9.31,35.9,27.9,2.63,0.4,66.2,0.08,33.3,0.12,50.0,39.6,0.04,0.28,0.08,49.8,0.97,0.45,0.61,0.97,0.45,55.0,0.36,1.54,0.24,0.32,1.3,3.44,0.04,0.53,0.53,0.04,0.0,0.04,0.0,0.0,0.0,0.04,0.04,0.04,0.0,0.04,0.0,0.0,0.0,0.04,0.85,0.61,0.0,0.12,0.32,0.61,0.0,0.12,0.0,2.27,1.17,54.7,,,,,,,,,,,,,,,,,,,,,,,,,,,,
Marino Hinestroza,co COL,"MF,FW",Columbus Crew,21,2002,16,4,353,3.9,0.51,0.0,0.51,0.51,0.0,0.0,0.0,0.26,0.46,0.46,0.05,0.51,5.64,3.08,16.2,0.51,0.0,0.51,0.51,0.51,0.47,0.05,0.52,0.47,0.52,Matches,2024,3.9,37.4,23.6,11.0,1.03,44.9,26.2,14.4,1.03,83.4,90.2,76.8,100.0,493.6,88.5,37.4,23.6,11.0,1.03,44.9,26.2,14.4,1.03,83.4,90.2,76.8,100.0,37.4,23.6,11.0,1.03,44.9,26.2,14.4,1.03,83.4,90.2,76.8,100.0,37.4,23.6,11.0,1.03,44.9,26.2,14.4,1.03,83.4,90.2,76.8,100.0,0.0,0.13,-0.05,1.03,1.79,1.79,0.26,0.51,2.56,0.77,30.0,2.55,0.76,0.2,0.67,13.0,0.0,0.0,0.0,0.18,0.05,0.05,60.8,0.26,4.1,24.6,32.8,7.95,60.8,3.59,46.7,3.85,50.0,48.2,3.59,3.33,3.33,51.3,1.54,0.26,1.54,1.54,0.26,16.7,1.28,1.03,0.77,0.26,1.79,0.0,0.0,2.56,2.56,0.77,0.0,0.0,0.0,0.0,0.0,0.0,0.0,0.77,0.0,0.0,0.0,0.0,0.0,0.0,1.03,2.56,0.26,1.79,0.26,1.54,0.0,0.0,0.0,4.1,0.51,50.0,,,,,,,,,,,,,,,,,,,,,,,,,,,,
Bongokuhle Hlongwane,za RSA,"FW,DF",Minnesota Utd,23,2000,32,23,1921,21.3,0.52,0.19,0.7,0.52,0.0,0.0,0.09,0.0,0.44,0.42,0.17,0.59,2.63,3.29,8.64,0.52,0.19,0.7,0.52,0.7,0.44,0.17,0.61,0.42,0.59,Matches,2024,21.3,19.4,11.3,6.15,0.8,26.6,14.1,8.22,1.5,72.8,80.1,74.9,53.1,275.3,68.0,19.4,11.3,6.15,0.8,26.6,14.1,8.22,1.5,72.8,80.1,74.9,53.1,19.4,11.3,6.15,0.8,26.6,14.1,8.22,1.5,72.8,80.1,74.9,53.1,19.4,11.3,6.15,0.8,26.6,14.1,8.22,1.5,72.8,80.1,74.9,53.1,0.19,0.15,0.02,1.36,1.22,1.17,0.19,0.52,2.44,1.17,48.1,2.44,1.17,0.21,0.44,14.0,0.0,0.0,0.0,0.2,0.08,0.09,40.7,1.41,6.76,16.4,18.4,4.98,40.7,1.36,41.4,1.74,52.9,25.3,0.66,2.68,1.74,28.4,1.27,0.52,0.61,1.27,0.52,47.8,0.56,1.5,1.17,0.52,1.78,1.17,0.0,2.82,2.81,0.19,0.05,0.19,0.0,0.0,0.0,0.28,0.28,0.19,0.05,0.19,0.0,0.0,0.0,0.0,1.55,1.5,0.52,1.03,0.52,0.61,0.0,0.0,0.0,4.32,1.08,34.3,,,,,,,,,,,,,,,,,,,,,,,,,,,,
Ryan Hollingshead,us USA,"DF,MF",LAFC,32,1991,31,25,2207,24.5,0.04,0.08,0.12,0.04,0.0,0.0,0.16,0.0,0.06,0.06,0.09,0.15,2.65,4.24,4.12,0.04,0.08,0.12,0.04,0.12,0.06,0.1,0.15,0.06,0.15,Matches,2024,24.5,42.9,20.0,19.2,3.18,52.7,22.3,23.1,5.71,81.3,89.7,83.4,55.7,738.0,241.7,42.9,20.0,19.2,3.18,52.7,22.3,23.1,5.71,81.3,89.7,83.4,55.7,42.9,20.0,19.2,3.18,52.7,22.3,23.1,5.71,81.3,89.7,83.4,55.7,42.9,20.0,19.2,3.18,52.7,22.3,23.1,5.71,81.3,89.7,83.4,55.7,0.08,0.09,-0.01,1.27,3.76,0.82,0.16,0.04,0.86,0.29,33.3,0.86,0.29,0.05,0.14,15.8,0.0,0.0,0.0,0.07,-0.02,-0.02,64.2,3.8,20.1,30.7,14.0,1.96,64.2,0.45,36.7,0.65,53.3,34.6,0.29,1.22,0.49,38.6,2.57,1.51,1.8,2.57,1.51,64.9,0.82,1.27,0.94,1.63,4.2,2.57,0.0,2.33,2.32,0.0,0.0,0.04,0.0,0.04,0.0,0.24,0.24,0.0,0.0,0.04,0.0,0.04,0.0,0.0,1.14,1.1,0.16,0.94,1.63,1.8,0.0,0.0,0.0,5.14,1.22,53.6,,,,,,,,,,,,,,,,,,,,,,,,,,,,
Jackson Hopkins,us USA,MF,D.C. United,19,2004,17,12,955,10.6,0.0,0.0,0.0,0.0,0.0,0.0,0.38,0.0,0.09,0.09,0.03,0.12,1.42,3.96,0.85,0.0,0.0,0.0,0.0,0.0,0.09,0.03,0.12,0.09,0.12,Matches,2024,10.6,27.9,13.5,11.7,2.36,35.5,15.7,14.1,4.34,78.7,86.1,83.2,54.3,480.8,132.6,27.9,13.5,11.7,2.36,35.5,15.7,14.1,4.34,78.7,86.1,83.2,54.3,27.9,13.5,11.7,2.36,35.5,15.7,14.1,4.34,78.7,86.1,83.2,54.3,27.9,13.5,11.7,2.36,35.5,15.7,14.1,4.34,78.7,86.1,83.2,54.3,0.0,0.08,-0.03,0.38,4.06,0.57,0.09,0.0,0.94,0.28,30.0,0.94,0.28,0.0,0.0,23.9,0.0,0.0,0.0,0.1,-0.09,-0.09,45.6,2.17,8.87,28.7,8.3,0.47,45.6,0.57,50.0,0.38,33.3,24.3,0.28,1.23,1.32,28.0,1.98,1.13,1.23,1.98,1.13,46.2,1.32,0.94,0.94,0.19,2.17,1.79,0.0,1.6,1.6,0.0,0.0,0.09,0.0,0.09,0.0,0.19,0.19,0.0,0.0,0.09,0.0,0.09,0.0,0.0,1.6,1.7,0.0,0.38,0.19,1.23,0.0,0.0,0.0,5.28,0.57,54.5,,,,,,,,,,,,,,,,,,,,,,,,,,,,
Jannes Horn,de GER,DF,St. Louis,26,1997,9,7,561,6.2,0.0,0.16,0.16,0.0,0.0,0.0,0.65,0.0,0.03,0.03,0.1,0.11,2.1,2.26,4.03,0.0,0.16,0.16,0.0,0.16,0.03,0.09,0.12,0.03,0.12,Matches,2024,6.2,36.9,11.1,21.0,4.68,45.8,12.9,24.4,7.26,80.6,86.3,86.1,64.4,732.3,165.5,36.9,11.1,21.0,4.68,45.8,12.9,24.4,7.26,80.6,86.3,86.1,64.4,36.9,11.1,21.0,4.68,45.8,12.9,24.4,7.26,80.6,86.3,86.1,64.4,36.9,11.1,21.0,4.68,45.8,12.9,24.4,7.26,80.6,86.3,86.1,64.4,0.16,0.1,0.06,0.48,1.94,0.65,0.16,0.0,0.81,0.16,20.0,0.8,0.16,0.0,0.0,17.5,0.0,0.0,0.0,0.03,-0.03,-0.03,53.1,3.23,15.6,26.6,11.3,1.29,53.1,0.16,25.0,0.32,50.0,29.4,0.0,0.65,0.32,34.2,0.97,0.48,0.81,0.97,0.48,42.9,0.65,1.45,0.97,0.16,1.13,2.42,0.0,0.81,0.81,0.0,0.0,0.0,0.0,0.0,0.0,0.32,0.32,0.0,0.0,0.0,0.0,0.0,0.0,0.0,0.65,1.29,0.0,3.87,0.16,0.81,0.0,0.0,0.0,3.39,1.13,53.8,,,,,,,,,,,,,,,,,,,,,,,,,,,,
Sebastien Ibeagha,us USA,DF,FC Dallas,32,1992,31,31,2790,31.0,0.06,0.0,0.06,0.06,0.0,0.0,0.23,0.0,0.04,0.03,0.0,0.04,0.19,1.9,0.16,0.06,0.0,0.06,0.06,0.06,0.04,0.0,0.04,0.03,0.04,Matches,2024,31.0,43.6,19.7,20.1,3.13,52.1,21.4,22.5,6.58,83.6,91.9,89.5,47.5,753.3,348.2,43.6,19.7,20.1,3.13,52.1,21.4,22.5,6.58,83.6,91.9,89.5,47.5,43.6,19.7,20.1,3.13,52.1,21.4,22.5,6.58,83.6,91.9,89.5,47.5,43.6,19.7,20.1,3.13,52.1,21.4,22.5,6.58,83.6,91.9,89.5,47.5,0.0,0.01,-0.0,0.13,2.0,0.0,0.0,0.06,0.39,0.13,33.3,0.39,0.13,0.17,0.5,10.8,0.0,0.0,0.0,0.09,0.03,0.03,61.3,8.13,36.6,23.1,1.81,0.68,61.3,0.06,28.6,0.1,42.9,32.4,0.0,0.29,0.16,39.3,0.9,0.52,0.71,0.9,0.52,76.2,0.16,0.94,0.35,0.94,1.84,4.74,0.06,0.77,0.77,0.0,0.0,0.03,0.0,0.0,0.0,0.03,0.03,0.0,0.0,0.03,0.0,0.0,0.0,0.0,0.9,0.65,0.0,0.13,0.94,0.71,0.0,0.06,0.03,3.39,1.39,50.0,,,,,,,,,,,,,,,,,,,,,,,,,,,,
Aliyu Ibrahim,ng NGA,FW,Houston Dynamo,22,2002,34,33,2650,29.4,0.2,0.14,0.34,0.2,0.0,0.0,0.14,0.0,0.22,0.22,0.06,0.28,3.64,1.77,11.0,0.2,0.14,0.34,0.2,0.34,0.22,0.07,0.28,0.22,0.28,Matches,2024,29.4,23.8,15.6,6.43,0.54,29.2,17.9,7.86,0.85,81.7,87.1,81.8,64.0,309.9,53.3,23.8,15.6,6.43,0.54,29.2,17.9,7.86,0.85,81.7,87.1,81.8,64.0,23.8,15.6,6.43,0.54,29.2,17.9,7.86,0.85,81.7,87.1,81.8,64.0,23.8,15.6,6.43,0.54,29.2,17.9,7.86,0.85,81.7,87.1,81.8,64.0,0.14,0.11,0.07,0.85,0.65,0.88,0.07,0.2,2.28,0.92,40.3,2.28,0.92,0.09,0.22,17.1,0.0,0.0,0.0,0.1,-0.01,-0.01,40.5,0.92,5.17,13.4,22.3,4.76,40.5,1.46,39.1,2.18,58.2,25.5,1.67,1.77,1.19,29.4,1.26,0.51,0.88,1.26,0.51,41.7,0.71,0.78,0.75,0.44,1.7,0.68,0.0,2.62,2.62,0.14,0.03,0.0,0.0,0.03,0.0,0.31,0.31,0.14,0.03,0.0,0.0,0.03,0.0,0.0,1.77,0.71,0.99,0.88,0.44,0.88,0.0,0.0,0.0,4.32,0.58,37.0,,,,,,,,,,,,,,,,,,,,,,,,,,,,
Sunusi Ibrahim,ng NGA,"FW,MF",CF Montréal,21,2002,25,10,1006,11.2,0.54,0.09,0.63,0.54,0.0,0.0,0.0,0.0,0.41,0.41,0.18,0.58,1.25,2.32,6.52,0.54,0.09,0.63,0.54,0.63,0.41,0.17,0.58,0.41,0.58,Matches,2024,11.2,21.0,11.8,6.16,1.88,27.1,13.6,8.3,2.77,77.3,86.8,74.2,67.7,328.8,65.8,21.0,11.8,6.16,1.88,27.1,13.6,8.3,2.77,77.3,86.8,74.2,67.7,21.0,11.8,6.16,1.88,27.1,13.6,8.3,2.77,77.3,86.8,74.2,67.7,21.0,11.8,6.16,1.88,27.1,13.6,8.3,2.77,77.3,86.8,74.2,67.7,0.09,0.13,-0.09,1.25,1.34,0.98,0.18,0.54,2.86,0.98,34.4,2.86,0.98,0.19,0.55,17.3,0.0,0.0,0.0,0.14,0.13,0.13,39.6,1.79,4.73,20.4,14.7,3.93,39.6,0.54,50.0,0.54,50.0,20.7,0.45,3.13,1.25,26.8,0.36,0.09,0.18,0.36,0.09,20.0,0.36,0.54,0.27,0.36,0.71,1.7,0.0,2.77,2.77,0.09,0.0,0.0,0.0,0.09,0.0,0.18,0.18,0.09,0.0,0.0,0.0,0.09,0.0,0.0,0.71,1.25,0.63,0.63,0.36,0.18,0.0,0.0,0.0,2.23,1.61,29.5,,,,,,,,,,,,,,,,,,,,,,,,,,,,
Tega Ikoba,us USA,"FW,MF",Portland Timbers,20,2003,2,0,9,0.1,0.0,0.0,0.0,0.0,0.0,0.0,0.0,0.0,0.0,0.0,0.0,0.0,0.0,0.0,10.0,0.0,0.0,0.0,0.0,0.0,0.0,0.0,0.0,0.0,0.0,Matches,2024,0.1,0.0,0.0,0.0,0.0,20.0,10.0,0.0,0.0,0.0,0.0,,,0.0,0.0,0.0,0.0,0.0,0.0,20.0,10.0,0.0,0.0,0.0,0.0,,,0.0,0.0,0.0,0.0,20.0,10.0,0.0,0.0,0.0,0.0,,,0.0,0.0,0.0,0.0,20.0,10.0,0.0,0.0,0.0,0.0,,,0.0,0.0,0.0,0.0,0.0,0.0,0.0,0.0,0.0,0.0,,0.0,0.0,,,,0.0,0.0,0.0,,0.0,0.0,50.0,0.0,0.0,20.0,30.0,0.0,50.0,0.0,,0.0,,30.0,0.0,20.0,0.0,30.0,0.0,0.0,0.0,0.0,0.0,,0.0,0.0,0.0,0.0,0.0,0.0,0.0,0.0,0.0,0.0,0.0,0.0,0.0,0.0,0.0,0.0,0.0,0.0,0.0,0.0,0.0,0.0,0.0,0.0,0.0,0.0,0.0,0.0,0.0,0.0,0.0,0.0,0.0,0.0,0.0,,,,,,,,,,,,,,,,,,,,,,,,,,,,,
Mitja Ilenič,si SVN,DF,NYCFC,19,2004,23,16,1467,16.3,0.06,0.0,0.06,0.06,0.0,0.0,0.06,0.06,0.06,0.06,0.14,0.2,2.27,3.87,7.42,0.06,0.0,0.06,0.06,0.06,0.06,0.14,0.2,0.06,0.2,Matches,2024,16.3,38.7,21.7,12.3,3.37,52.6,24.6,17.5,6.69,73.4,88.0,70.5,50.5,612.3,270.1,38.7,21.7,12.3,3.37,52.6,24.6,17.5,6.69,73.4,88.0,70.5,50.5,38.7,21.7,12.3,3.37,52.6,24.6,17.5,6.69,73.4,88.0,70.5,50.5,38.7,21.7,12.3,3.37,52.6,24.6,17.5,6.69,73.4,88.0,70.5,50.5,0.0,0.11,-0.14,0.8,2.94,1.23,0.61,0.06,1.04,0.18,17.6,1.04,0.18,0.06,0.33,22.1,0.0,0.0,0.0,0.06,0.0,0.0,62.5,2.82,17.5,25.5,20.1,1.9,62.5,0.31,26.3,0.74,63.2,29.5,0.43,1.6,0.86,35.3,1.23,0.8,0.74,1.23,0.8,56.5,0.61,0.92,0.55,1.1,2.33,2.27,0.0,1.84,1.84,0.0,0.0,0.0,0.0,0.0,0.0,0.0,0.0,0.0,0.0,0.0,0.0,0.0,0.0,0.0,1.29,0.74,0.12,2.88,1.1,0.74,0.0,0.0,0.0,3.74,0.98,55.2,,,,,,,,,,,,,,,,,,,,,,,,,,,,
Asier Illarramendi,es ESP,MF,FC Dallas,33,1990,25,22,1952,21.7,0.09,0.23,0.32,0.09,0.0,0.0,0.37,0.0,0.06,0.06,0.1,0.16,1.01,7.1,1.71,0.09,0.23,0.32,0.09,0.32,0.06,0.1,0.16,0.06,0.16,Matches,2024,21.7,65.3,31.0,28.2,4.42,73.5,33.1,30.7,6.54,88.8,93.7,91.7,67.6,1082.0,357.2,65.3,31.0,28.2,4.42,73.5,33.1,30.7,6.54,88.8,93.7,91.7,67.6,65.3,31.0,28.2,4.42,73.5,33.1,30.7,6.54,88.8,93.7,91.7,67.6,65.3,31.0,28.2,4.42,73.5,33.1,30.7,6.54,88.8,93.7,91.7,67.6,0.23,0.14,0.13,1.24,7.14,1.43,0.28,0.09,1.38,0.14,10.0,1.38,0.14,0.07,0.67,24.6,0.14,0.0,0.0,0.04,0.03,0.03,84.4,4.7,23.3,50.7,11.2,0.55,84.4,0.55,60.0,0.37,40.0,50.0,0.05,0.92,0.83,59.9,2.63,1.52,1.75,2.63,1.52,47.8,1.66,1.66,1.29,1.38,4.01,1.75,0.14,3.09,3.09,0.05,0.05,0.09,0.0,0.09,0.05,0.37,0.37,0.05,0.05,0.09,0.0,0.09,0.05,0.0,2.03,1.34,0.0,0.74,1.38,1.75,0.0,0.0,0.0,7.24,0.41,56.3,,,,,,,,,,,,,,,,,,,,,,,,,,,,
Bjørn Inge Utvik,no NOR,DF,Vancouver W'caps,27,1996,23,19,1707,19.0,0.0,0.0,0.0,0.0,0.0,0.0,0.05,0.05,0.07,0.07,0.02,0.09,0.37,4.21,0.21,0.0,0.0,0.0,0.0,0.0,0.07,0.02,0.09,0.07,0.09,Matches,2024,19.0,56.3,12.1,35.4,8.58,64.1,12.8,37.7,12.6,87.8,94.7,93.9,68.2,1230.7,454.6,56.3,12.1,35.4,8.58,64.1,12.8,37.7,12.6,87.8,94.7,93.9,68.2,56.3,12.1,35.4,8.58,64.1,12.8,37.7,12.6,87.8,94.7,93.9,68.2,56.3,12.1,35.4,8.58,64.1,12.8,37.7,12.6,87.8,94.7,93.9,68.2,0.0,0.03,-0.02,0.32,5.47,0.11,0.05,0.0,0.63,0.21,33.3,0.63,0.21,0.0,0.0,10.0,0.0,0.0,0.0,0.11,-0.07,-0.07,72.3,6.84,33.0,36.0,3.53,1.37,72.3,0.11,66.7,0.05,33.3,45.4,0.0,0.37,0.0,51.3,1.11,0.74,0.68,1.11,0.74,66.7,0.37,0.89,0.32,0.42,1.53,4.05,0.0,1.0,1.0,0.0,0.0,0.0,0.0,0.0,0.0,0.0,0.0,0.0,0.0,0.0,0.0,0.0,0.0,0.0,0.47,0.42,0.05,0.11,0.42,0.68,0.0,0.11,0.0,3.32,1.89,53.7,,,,,,,,,,,,,,,,,,,,,,,,,,,,
Lorenzo Insigne,it ITA,"MF,FW",Toronto FC,32,1991,23,17,1352,15.0,0.27,0.33,0.6,0.2,0.07,0.07,0.27,0.0,0.27,0.21,0.14,0.35,3.53,8.93,6.33,0.27,0.33,0.6,0.2,0.53,0.26,0.14,0.4,0.21,0.35,Matches,2024,15.0,61.6,30.1,22.7,7.67,73.5,33.7,25.9,10.7,83.8,89.3,87.6,71.9,1091.2,293.9,61.6,30.1,22.7,7.67,73.5,33.7,25.9,10.7,83.8,89.3,87.6,71.9,61.6,30.1,22.7,7.67,73.5,33.7,25.9,10.7,83.8,89.3,87.6,71.9,61.6,30.1,22.7,7.67,73.5,33.7,25.9,10.7,83.8,89.3,87.6,71.9,0.33,0.21,0.19,1.67,5.6,2.27,0.2,0.27,3.2,1.4,43.8,3.2,1.4,0.06,0.14,23.0,0.33,0.07,0.07,0.07,0.0,-0.01,83.5,0.87,12.3,44.3,28.0,3.27,83.5,1.47,47.8,1.53,50.0,54.5,1.0,2.47,1.8,67.6,0.73,0.27,0.53,0.73,0.27,30.8,0.6,0.93,0.93,0.53,1.27,0.07,0.0,4.93,4.93,0.27,0.0,0.0,0.0,0.07,0.0,0.6,0.6,0.27,0.0,0.0,0.0,0.07,0.0,0.0,0.13,1.67,0.33,1.87,0.53,0.53,0.0,0.0,0.0,5.67,0.0,0.0,,,,,,,,,,,,,,,,,,,,,,,,,,,,
Clint Irwin,us USA,GK,Minnesota Utd,34,1989,5,5,450,5.0,0.0,0.0,0.0,0.0,0.0,0.0,0.0,0.0,0.0,0.0,0.0,0.0,0.0,0.2,0.0,0.0,0.0,0.0,0.0,0.0,0.0,0.0,0.0,0.0,0.0,Matches,2024,5.0,23.4,6.8,11.0,5.6,29.6,6.8,11.2,11.4,79.1,100.0,98.2,49.1,552.0,417.2,23.4,6.8,11.0,5.6,29.6,6.8,11.2,11.4,79.1,100.0,98.2,49.1,23.4,6.8,11.0,5.6,29.6,6.8,11.2,11.4,79.1,100.0,98.2,49.1,23.4,6.8,11.0,5.6,29.6,6.8,11.2,11.4,79.1,100.0,98.2,49.1,0.0,0.0,0.0,0.0,0.2,0.0,0.0,0.0,0.0,0.0,,0.0,0.0,,,,0.0,0.0,0.0,,0.0,0.0,33.0,29.8,32.8,0.2,0.0,0.0,33.0,0.0,,0.0,,16.6,0.0,0.0,0.0,10.8,0.0,0.0,0.0,0.0,0.0,,0.0,0.0,0.0,0.0,0.0,1.0,0.0,0.0,0.0,0.0,0.0,0.0,0.0,0.0,0.0,0.0,0.0,0.0,0.0,0.0,0.0,0.0,0.0,0.0,0.0,0.0,0.0,0.0,0.0,0.0,0.0,0.0,0.0,1.0,0.2,50.0,2.4,0.2,0.2,0.0,2.3,0.32,-0.1,-0.1,21.2,7.2,33.0,26.8,31.2,25.7,17.4,33.0,26.8,31.2,25.7,17.4,11.0,1.0,9.1,1.6,1.6,31.2,25.7,17.4
Aljaž Ivačič,si SVN,GK,NE Revolution,30,1993,25,25,2250,25.0,0.0,0.0,0.0,0.0,0.0,0.0,0.08,0.0,0.0,0.0,0.0,0.0,0.0,0.0,0.0,0.0,0.0,0.0,0.0,0.0,0.0,0.0,0.0,0.0,0.0,Matches,2024,25.0,21.5,3.64,10.9,6.84,31.5,3.72,11.0,16.5,68.4,97.8,99.3,41.4,631.4,443.9,21.5,3.64,10.9,6.84,31.5,3.72,11.0,16.5,68.4,97.8,99.3,41.4,21.5,3.64,10.9,6.84,31.5,3.72,11.0,16.5,68.4,97.8,99.3,41.4,21.5,3.64,10.9,6.84,31.5,3.72,11.0,16.5,68.4,97.8,99.3,41.4,0.0,0.0,0.0,0.0,0.6,0.0,0.0,0.0,0.0,0.0,,0.0,0.0,,,,0.0,0.0,0.0,,0.0,0.0,34.4,30.7,34.2,0.16,0.0,0.0,34.4,0.0,,0.0,,17.7,0.0,0.0,0.0,15.4,0.04,0.04,0.04,0.04,0.04,100.0,0.0,0.0,0.0,0.0,0.04,0.44,0.04,0.12,0.12,0.0,0.0,0.0,0.0,0.0,0.0,0.04,0.04,0.0,0.0,0.0,0.0,0.0,0.0,0.0,0.0,0.0,0.0,0.0,0.0,0.04,0.0,0.0,0.0,0.84,0.12,100.0,2.24,0.16,0.24,0.0,2.13,0.31,-0.11,-0.11,23.0,2.72,38.0,62.9,35.2,50.2,10.5,38.0,62.9,35.2,50.2,10.5,13.8,0.36,2.6,0.4,0.4,35.2,50.2,10.5
Ousman Jabang,us USA,DF,CF Montréal,22,2001,1,0,3,0.0,0.0,0.0,0.0,0.0,0.0,0.0,0.0,0.0,0.0,0.0,0.0,0.0,0.0,0.0,1.0,0.0,0.0,0.0,0.0,0.0,0.0,0.0,0.0,0.0,0.0,Matches,2024,0.0,3.0,2.0,1.0,0.0,8.0,2.0,4.0,1.0,37.5,100.0,25.0,0.0,38.0,26.0,3.0,2.0,1.0,0.0,8.0,2.0,4.0,1.0,37.5,100.0,25.0,0.0,3.0,2.0,1.0,0.0,8.0,2.0,4.0,1.0,37.5,100.0,25.0,0.0,3.0,2.0,1.0,0.0,8.0,2.0,4.0,1.0,37.5,100.0,25.0,0.0,0.0,0.0,0.0,0.0,0.0,0.0,0.0,0.0,0.0,0.0,,0.0,0.0,,,,0.0,0.0,0.0,,0.0,0.0,10.0,0.0,8.0,0.0,2.0,0.0,10.0,0.0,,0.0,,3.0,0.0,0.0,0.0,1.0,2.0,1.0,2.0,2.0,1.0,100.0,0.0,1.0,1.0,0.0,2.0,0.0,0.0,0.0,0.0,0.0,0.0,0.0,0.0,0.0,0.0,0.0,0.0,0.0,0.0,0.0,0.0,0.0,0.0,0.0,0.0,0.0,0.0,0.0,0.0,2.0,0.0,0.0,0.0,4.0,0.0,0.0,,,,,,,,,,,,,,,,,,,,,,,,,,,,
Aziel Jackson,us USA,MF,Columbus Crew,22,2001,9,5,357,4.0,0.5,0.5,1.0,0.5,0.0,0.0,0.0,0.0,0.38,0.38,0.13,0.47,3.0,8.25,4.5,0.5,0.5,1.01,0.5,1.01,0.37,0.12,0.49,0.37,0.49,Matches,2024,4.0,36.0,20.5,12.5,2.25,40.5,22.0,13.8,3.25,88.9,93.2,90.9,69.2,559.5,145.8,36.0,20.5,12.5,2.25,40.5,22.0,13.8,3.25,88.9,93.2,90.9,69.2,36.0,20.5,12.5,2.25,40.5,22.0,13.8,3.25,88.9,93.2,90.9,69.2,36.0,20.5,12.5,2.25,40.5,22.0,13.8,3.25,88.9,93.2,90.9,69.2,0.5,0.2,0.38,2.25,3.25,2.75,0.0,0.5,3.75,1.25,33.3,3.78,1.26,0.13,0.4,18.9,0.0,0.0,0.0,0.1,0.13,0.13,54.5,0.0,6.75,19.8,28.5,4.0,54.5,2.25,52.9,2.0,47.1,39.5,0.5,3.25,2.5,46.5,2.0,1.0,1.0,2.0,1.0,80.0,0.25,0.5,0.5,0.25,2.25,0.0,0.25,4.25,4.29,0.75,0.0,0.0,0.0,0.25,0.0,1.0,1.01,0.75,0.0,0.0,0.0,0.25,0.0,0.0,2.0,2.0,0.5,0.5,0.25,1.0,0.0,0.0,0.0,2.5,0.25,20.0,,,,,,,,,,,,,,,,,,,,,,,,,,,,
Aziel Jackson,us USA,"FW,MF",St. Louis,22,2001,16,8,800,8.9,0.0,0.0,0.0,0.0,0.0,0.0,0.34,0.0,0.17,0.17,0.11,0.28,1.69,4.38,6.4,0.0,0.0,0.0,0.0,0.0,0.17,0.11,0.28,0.17,0.28,Matches,2024,8.9,24.8,13.9,7.19,2.92,33.1,16.3,10.0,4.72,74.9,85.5,71.9,61.9,403.3,120.9,24.8,13.9,7.19,2.92,33.1,16.3,10.0,4.72,74.9,85.5,71.9,61.9,24.8,13.9,7.19,2.92,33.1,16.3,10.0,4.72,74.9,85.5,71.9,61.9,24.8,13.9,7.19,2.92,33.1,16.3,10.0,4.72,74.9,85.5,71.9,61.9,0.0,0.15,-0.11,1.35,1.91,1.8,0.22,0.0,2.36,1.12,47.6,2.36,1.13,0.0,0.0,18.4,0.34,0.0,0.0,0.07,-0.17,-0.17,49.7,0.56,3.93,18.0,28.1,4.16,49.7,1.69,38.5,2.47,56.4,29.9,0.9,4.94,2.02,34.8,1.69,0.56,1.01,1.69,0.56,38.5,0.9,0.9,0.9,0.67,2.36,0.45,0.0,3.48,3.48,0.34,0.0,0.34,0.11,0.0,0.0,0.22,0.22,0.34,0.0,0.34,0.11,0.0,0.0,0.0,1.46,2.13,0.22,3.48,0.67,1.01,0.11,0.0,0.0,4.04,0.67,50.0,,,,,,,,,,,,,,,,,,,,,,,,,,,,
Jacob Jackson,us USA,GK,SJ Earthquakes,23,2000,3,3,270,3.0,0.0,0.0,0.0,0.0,0.0,0.0,0.0,0.0,0.0,0.0,0.0,0.0,0.0,0.0,0.0,0.0,0.0,0.0,0.0,0.0,0.0,0.0,0.0,0.0,0.0,Matches,2024,3.0,25.0,5.0,15.0,4.67,33.3,5.33,15.0,12.7,75.0,93.8,100.0,36.8,613.0,353.3,25.0,5.0,15.0,4.67,33.3,5.33,15.0,12.7,75.0,93.8,100.0,36.8,25.0,5.0,15.0,4.67,33.3,5.33,15.0,12.7,75.0,93.8,100.0,36.8,25.0,5.0,15.0,4.67,33.3,5.33,15.0,12.7,75.0,93.8,100.0,36.8,0.0,0.0,0.0,0.0,0.0,0.0,0.0,0.0,0.0,0.0,,0.0,0.0,,,,0.0,0.0,0.0,,0.0,0.0,34.7,32.3,34.3,0.33,0.0,0.0,34.7,0.0,,0.0,,15.7,0.0,0.0,0.0,14.7,0.33,0.33,0.33,0.33,0.33,100.0,0.0,0.0,0.0,0.0,0.33,0.33,0.33,0.0,0.0,0.0,0.0,0.0,0.0,0.0,0.0,0.0,0.0,0.0,0.0,0.0,0.0,0.0,0.0,0.0,0.0,0.0,0.0,0.0,0.0,0.33,0.0,0.0,0.0,1.0,0.0,,3.0,0.0,0.0,0.0,1.73,0.29,-1.27,-1.27,23.3,5.33,25.7,46.7,30.2,40.7,13.5,25.7,46.7,30.2,40.7,13.5,13.7,0.67,4.9,0.67,0.67,30.2,40.7,13.5
Robin Jansson,se SWE,DF,Orlando City,32,1991,30,30,2660,29.6,0.03,0.0,0.03,0.03,0.0,0.0,0.27,0.0,0.03,0.03,0.03,0.05,0.24,1.93,0.17,0.03,0.0,0.03,0.03,0.03,0.03,0.03,0.05,0.03,0.05,Matches,2024,29.6,48.2,15.8,27.2,4.83,55.7,16.7,29.0,9.12,86.5,94.5,93.6,53.0,949.1,420.0,48.2,15.8,27.2,4.83,55.7,16.7,29.0,9.12,86.5,94.5,93.6,53.0,48.2,15.8,27.2,4.83,55.7,16.7,29.0,9.12,86.5,94.5,93.6,53.0,48.2,15.8,27.2,4.83,55.7,16.7,29.0,9.12,86.5,94.5,93.6,53.0,0.0,0.03,-0.03,0.14,2.8,0.07,0.0,0.03,0.2,0.07,33.3,0.2,0.07,0.17,0.5,12.3,0.0,0.0,0.0,0.13,0.01,0.01,62.7,7.97,34.5,26.9,1.72,0.47,62.7,0.14,80.0,0.0,0.0,35.1,0.07,0.34,0.03,43.1,0.68,0.34,0.41,0.68,0.34,47.6,0.37,1.18,0.41,1.05,1.72,3.14,0.0,0.44,0.44,0.0,0.0,0.0,0.0,0.0,0.0,0.07,0.07,0.0,0.0,0.0,0.0,0.0,0.0,0.0,0.41,1.18,0.03,0.0,1.05,0.41,0.0,0.0,0.0,3.85,0.64,41.3,,,,,,,,,,,,,,,,,,,,,,,,,,,,
Andres Jasson,us USA,"MF,FW",NYCFC,22,2002,3,2,157,1.7,0.0,0.0,0.0,0.0,0.0,0.0,0.0,0.0,0.0,0.0,0.0,0.0,2.35,1.18,5.88,0.0,0.0,0.0,0.0,0.0,0.0,0.0,0.0,0.0,0.0,Matches,2024,1.7,27.1,16.5,9.41,0.0,31.8,17.1,9.41,0.0,85.2,96.6,100.0,,348.2,56.5,27.1,16.5,9.41,0.0,31.8,17.1,9.41,0.0,85.2,96.6,100.0,,27.1,16.5,9.41,0.0,31.8,17.1,9.41,0.0,85.2,96.6,100.0,,27.1,16.5,9.41,0.0,31.8,17.1,9.41,0.0,85.2,96.6,100.0,,0.0,0.06,0.0,0.0,0.59,0.0,0.0,0.0,0.0,0.0,,0.0,0.0,,,,0.0,0.0,0.0,,0.0,0.0,48.2,2.94,14.1,18.2,16.5,2.35,48.2,0.0,0.0,0.59,100.0,25.3,0.59,4.71,1.76,27.1,4.71,1.76,2.94,4.71,1.76,60.0,1.18,0.59,0.59,0.59,5.29,2.94,0.0,2.35,2.29,0.0,0.0,0.59,0.0,0.0,0.0,0.0,0.0,0.0,0.0,0.59,0.0,0.0,0.0,0.0,2.35,4.71,1.18,1.18,0.59,2.94,0.0,0.0,0.0,7.65,1.18,50.0,,,,,,,,,,,,,,,,,,,,,,,,,,,,
Mohanad Jeahze,iq IRQ,MF,D.C. United,26,1997,1,0,1,0.0,0.0,0.0,0.0,0.0,0.0,0.0,0.0,0.0,0.0,0.0,0.0,0.0,0.0,0.0,0.0,0.0,0.0,0.0,0.0,0.0,0.0,0.0,0.0,0.0,0.0,Matches,2024,0.0,0.0,0.0,0.0,0.0,0.0,0.0,0.0,0.0,,,,,0.0,0.0,0.0,0.0,0.0,0.0,0.0,0.0,0.0,0.0,,,,,0.0,0.0,0.0,0.0,0.0,0.0,0.0,0.0,,,,,0.0,0.0,0.0,0.0,0.0,0.0,0.0,0.0,,,,,0.0,0.0,0.0,0.0,0.0,0.0,0.0,0.0,0.0,0.0,,0.0,0.0,,,,0.0,0.0,0.0,,0.0,0.0,1.0,0.0,0.0,1.0,0.0,0.0,1.0,0.0,,0.0,,0.0,0.0,0.0,0.0,0.0,0.0,0.0,0.0,0.0,0.0,,0.0,0.0,0.0,0.0,0.0,0.0,0.0,0.0,0.0,0.0,0.0,0.0,0.0,0.0,0.0,0.0,0.0,0.0,0.0,0.0,0.0,0.0,0.0,0.0,0.0,0.0,0.0,0.0,0.0,0.0,0.0,0.0,0.0,0.0,0.0,,,,,,,,,,,,,,,,,,,,,,,,,,,,,
Danley Jean-Jacques,ht HAI,MF,Philadelphia Union,23,2000,8,4,447,5.0,0.0,0.0,0.0,0.0,0.0,0.0,0.0,0.0,0.22,0.22,0.18,0.4,0.8,2.6,0.8,0.0,0.0,0.0,0.0,0.0,0.23,0.17,0.4,0.23,0.4,Matches,2024,5.0,30.4,13.2,14.2,2.6,36.8,15.2,16.4,4.4,82.6,86.8,86.6,59.1,535.4,149.8,30.4,13.2,14.2,2.6,36.8,15.2,16.4,4.4,82.6,86.8,86.6,59.1,30.4,13.2,14.2,2.6,36.8,15.2,16.4,4.4,82.6,86.8,86.6,59.1,30.4,13.2,14.2,2.6,36.8,15.2,16.4,4.4,82.6,86.8,86.6,59.1,0.0,0.14,-0.18,0.4,3.0,0.0,0.0,0.0,0.8,0.0,0.0,0.81,0.0,0.0,,19.3,0.0,0.0,0.0,0.28,-0.22,-0.22,46.2,2.0,12.0,29.0,6.2,0.6,46.2,0.8,66.7,0.4,33.3,22.4,0.0,1.4,0.8,27.8,2.8,1.2,1.4,2.8,1.2,40.0,1.8,1.4,1.2,1.6,4.4,0.8,0.0,0.8,0.81,0.0,0.0,0.0,0.0,0.0,0.0,0.2,0.2,0.0,0.0,0.0,0.0,0.0,0.0,0.0,1.2,0.4,0.0,0.0,1.6,1.4,0.0,0.0,0.0,5.4,1.2,60.0,,,,,,,,,,,,,,,,,,,,,,,,,,,,
Hector Jiménez,us USA,DF,Austin,35,1988,15,6,578,6.4,0.0,0.16,0.16,0.0,0.0,0.0,0.31,0.0,0.06,0.06,0.11,0.17,2.19,7.03,2.97,0.0,0.16,0.16,0.0,0.16,0.07,0.11,0.18,0.07,0.18,Matches,2024,6.4,46.9,20.9,21.3,3.75,54.8,22.7,23.8,5.94,85.5,92.4,89.5,63.2,805.6,286.4,46.9,20.9,21.3,3.75,54.8,22.7,23.8,5.94,85.5,92.4,89.5,63.2,46.9,20.9,21.3,3.75,54.8,22.7,23.8,5.94,85.5,92.4,89.5,63.2,46.9,20.9,21.3,3.75,54.8,22.7,23.8,5.94,85.5,92.4,89.5,63.2,0.16,0.13,0.05,0.78,5.0,1.09,0.0,0.0,0.47,0.0,0.0,0.47,0.0,0.0,,14.1,0.0,0.0,0.0,0.14,-0.06,-0.06,64.1,3.28,16.7,32.8,15.0,1.09,64.1,0.16,33.3,0.31,66.7,30.8,0.16,0.63,0.31,41.6,1.09,0.47,0.63,1.09,0.47,25.0,1.41,1.56,1.25,1.56,2.66,2.03,0.0,1.56,1.56,0.0,0.0,0.0,0.0,0.0,0.0,0.47,0.47,0.0,0.0,0.0,0.0,0.0,0.0,0.0,1.56,0.63,0.16,1.09,1.56,0.63,0.0,0.0,0.0,2.81,0.78,45.5,,,,,,,,,,,,,,,,,,,,,,,,,,,,
Stiven Jimenez,us USA,MF,FC Cincinnati,16,2007,1,0,4,0.0,0.0,0.0,0.0,0.0,0.0,0.0,0.0,0.0,0.0,0.0,0.0,0.0,0.0,0.0,0.0,0.0,0.0,0.0,0.0,0.0,0.0,0.0,0.0,0.0,0.0,Matches,2024,0.0,0.0,0.0,0.0,0.0,0.0,0.0,0.0,0.0,,,,,0.0,0.0,0.0,0.0,0.0,0.0,0.0,0.0,0.0,0.0,,,,,0.0,0.0,0.0,0.0,0.0,0.0,0.0,0.0,,,,,0.0,0.0,0.0,0.0,0.0,0.0,0.0,0.0,,,,,0.0,0.0,0.0,0.0,0.0,0.0,0.0,0.0,0.0,0.0,,0.0,0.0,,,,0.0,0.0,0.0,,0.0,0.0,0.0,0.0,0.0,0.0,0.0,0.0,0.0,0.0,,0.0,,0.0,0.0,0.0,0.0,0.0,0.0,0.0,0.0,0.0,0.0,,0.0,0.0,0.0,0.0,0.0,0.0,0.0,0.0,0.0,0.0,0.0,0.0,0.0,0.0,0.0,0.0,0.0,0.0,0.0,0.0,0.0,0.0,0.0,0.0,1.0,0.0,0.0,0.0,0.0,0.0,0.0,0.0,0.0,0.0,0.0,,,,,,,,,,,,,,,,,,,,,,,,,,,,,
Levonte Johnson,ca CAN,"FW,MF",Vancouver W'caps,24,1999,25,7,669,7.4,0.0,0.0,0.0,0.0,0.0,0.0,0.14,0.0,0.18,0.18,0.07,0.24,1.89,1.49,7.03,0.0,0.0,0.0,0.0,0.0,0.17,0.07,0.25,0.17,0.25,Matches,2024,7.4,15.8,8.92,6.22,0.41,20.5,10.0,8.11,0.68,77.0,89.2,76.7,60.0,238.2,47.6,15.8,8.92,6.22,0.41,20.5,10.0,8.11,0.68,77.0,89.2,76.7,60.0,15.8,8.92,6.22,0.41,20.5,10.0,8.11,0.68,77.0,89.2,76.7,60.0,15.8,8.92,6.22,0.41,20.5,10.0,8.11,0.68,77.0,89.2,76.7,60.0,0.0,0.05,-0.07,0.54,0.81,0.54,0.14,0.0,1.76,0.41,23.1,1.75,0.4,0.0,0.0,16.4,0.0,0.0,0.0,0.1,-0.18,-0.18,34.2,0.54,3.78,13.9,17.0,3.51,34.2,0.68,21.7,2.03,65.2,22.0,0.54,3.92,2.97,24.1,1.08,0.54,0.95,1.08,0.54,57.1,0.41,0.81,0.81,0.27,1.35,0.27,0.0,2.03,2.02,0.27,0.0,0.27,0.0,0.0,0.0,0.27,0.27,0.27,0.0,0.27,0.0,0.0,0.0,0.0,1.62,1.62,0.27,1.08,0.27,0.95,0.0,0.0,0.0,4.86,1.08,23.5,,,,,,,,,,,,,,,,,,,,,,,,,,,,
Sean Johnson,us USA,GK,Toronto FC,34,1989,25,25,2250,25.0,0.0,0.0,0.0,0.0,0.0,0.0,0.2,0.0,0.0,0.0,0.0,0.0,0.0,0.0,0.0,0.0,0.0,0.0,0.0,0.0,0.0,0.0,0.0,0.0,0.0,Matches,2024,25.0,24.5,5.56,12.3,6.52,34.6,5.64,12.4,16.2,70.9,98.6,99.4,40.2,621.2,440.0,24.5,5.56,12.3,6.52,34.6,5.64,12.4,16.2,70.9,98.6,99.4,40.2,24.5,5.56,12.3,6.52,34.6,5.64,12.4,16.2,70.9,98.6,99.4,40.2,24.5,5.56,12.3,6.52,34.6,5.64,12.4,16.2,70.9,98.6,99.4,40.2,0.0,0.0,0.0,0.0,0.24,0.0,0.0,0.0,0.0,0.0,,0.0,0.0,,,,0.0,0.0,0.0,,0.0,0.0,37.2,31.5,37.0,0.2,0.0,0.0,37.2,0.04,100.0,0.0,0.0,19.2,0.0,0.0,0.0,16.5,0.0,0.0,0.0,0.0,0.0,,0.0,0.04,0.04,0.0,0.0,0.76,0.04,0.12,0.12,0.0,0.0,0.0,0.0,0.0,0.0,0.0,0.0,0.0,0.0,0.0,0.0,0.0,0.0,0.0,0.0,0.04,0.0,0.0,0.0,0.0,0.0,0.0,0.0,1.6,0.2,100.0,1.72,0.2,0.12,0.04,1.62,0.33,-0.06,-0.05,27.5,4.0,32.3,44.2,32.4,40.0,16.8,32.3,44.2,32.4,40.0,16.8,12.4,0.68,5.5,1.36,1.36,32.4,40.0,16.8
DeJuan Jones,us USA,DF,NE Revolution,26,1997,17,16,1413,15.7,0.0,0.13,0.13,0.0,0.0,0.0,0.06,0.0,0.02,0.02,0.1,0.12,2.61,4.2,6.88,0.0,0.13,0.13,0.0,0.13,0.02,0.1,0.12,0.02,0.12,Matches,2024,15.7,47.9,22.3,22.4,2.55,59.0,25.4,26.2,4.46,81.2,87.9,85.6,57.1,789.7,243.7,47.9,22.3,22.4,2.55,59.0,25.4,26.2,4.46,81.2,87.9,85.6,57.1,47.9,22.3,22.4,2.55,59.0,25.4,26.2,4.46,81.2,87.9,85.6,57.1,47.9,22.3,22.4,2.55,59.0,25.4,26.2,4.46,81.2,87.9,85.6,57.1,0.13,0.08,0.03,0.7,3.12,0.57,0.19,0.0,0.38,0.0,0.0,0.38,0.0,0.0,,19.1,0.0,0.0,0.0,0.05,-0.02,-0.02,70.4,4.52,23.1,30.8,17.4,2.29,70.4,0.64,34.5,1.08,58.6,38.9,0.51,1.97,0.89,44.5,1.97,0.96,1.59,1.97,0.96,53.6,0.83,1.53,1.15,1.4,3.38,2.61,0.0,2.1,2.1,0.19,0.0,0.19,0.0,0.06,0.0,0.25,0.25,0.19,0.0,0.19,0.0,0.06,0.0,0.0,1.08,1.15,0.0,2.29,1.4,1.59,0.0,0.0,0.0,5.54,0.51,33.3,,,,,,,,,,,,,,,,,,,,,,,,,,,,
DeJuan Jones,us USA,DF,Columbus Crew,26,1997,10,4,409,4.5,0.44,0.0,0.44,0.44,0.0,0.0,0.0,0.0,0.16,0.16,0.02,0.16,3.11,2.44,10.9,0.44,0.0,0.44,0.44,0.44,0.15,0.02,0.16,0.15,0.16,Matches,2024,4.5,39.3,20.4,17.3,1.33,47.6,21.6,20.7,2.22,82.7,94.8,83.9,60.0,601.8,170.4,39.3,20.4,17.3,1.33,47.6,21.6,20.7,2.22,82.7,94.8,83.9,60.0,39.3,20.4,17.3,1.33,47.6,21.6,20.7,2.22,82.7,94.8,83.9,60.0,39.3,20.4,17.3,1.33,47.6,21.6,20.7,2.22,82.7,94.8,83.9,60.0,0.0,0.11,-0.02,0.67,1.56,1.56,0.67,0.44,0.89,0.44,50.0,0.88,0.44,0.5,1.0,14.4,0.0,0.0,0.0,0.17,0.29,0.29,58.0,2.44,17.1,19.6,21.8,2.22,58.0,0.44,28.6,1.11,71.4,31.8,0.44,1.78,1.11,37.8,1.56,1.56,1.33,1.56,1.56,70.0,0.67,1.11,0.89,1.11,2.67,1.33,0.0,2.22,2.2,0.22,0.0,0.0,0.0,0.0,0.0,0.0,0.0,0.22,0.0,0.0,0.0,0.0,0.0,0.0,2.0,0.22,0.22,1.56,1.11,1.33,0.0,0.0,0.0,4.22,0.67,50.0,,,,,,,,,,,,,,,,,,,,,,,,,,,,
Derrick Jones,us USA,MF,Columbus Crew,26,1997,20,4,477,5.3,0.0,0.19,0.19,0.0,0.0,0.0,0.57,0.19,0.02,0.02,0.11,0.13,1.32,3.58,0.38,0.0,0.19,0.19,0.0,0.19,0.02,0.11,0.13,0.02,0.13,Matches,2024,5.3,62.8,34.5,25.5,1.51,68.9,36.6,27.9,2.26,91.2,94.3,91.2,66.7,956.2,221.7,62.8,34.5,25.5,1.51,68.9,36.6,27.9,2.26,91.2,94.3,91.2,66.7,62.8,34.5,25.5,1.51,68.9,36.6,27.9,2.26,91.2,94.3,91.2,66.7,62.8,34.5,25.5,1.51,68.9,36.6,27.9,2.26,91.2,94.3,91.2,66.7,0.19,0.08,0.08,0.57,6.98,0.19,0.0,0.0,0.57,0.38,66.7,0.57,0.38,0.0,0.0,25.9,0.0,0.0,0.0,0.03,-0.02,-0.02,78.1,2.26,21.9,49.6,6.79,0.0,78.1,0.75,57.1,0.19,14.3,46.8,0.0,0.94,1.51,64.0,2.64,1.7,1.51,2.64,1.7,90.0,0.19,0.57,0.57,0.94,3.58,1.51,0.0,1.13,1.13,0.19,0.0,0.0,0.0,0.19,0.0,0.38,0.38,0.19,0.0,0.0,0.0,0.19,0.0,0.0,1.89,2.83,0.0,0.0,0.94,1.51,0.0,0.0,0.0,5.47,0.57,50.0,,,,,,,,,,,,,,,,,,,,,,,,,,,,
Isaiah Jones,us USA,"MF,FW",Nashville SC,17,2006,2,0,12,0.1,0.0,0.0,0.0,0.0,0.0,0.0,0.0,0.0,0.0,0.0,0.0,0.0,0.0,30.0,0.0,0.0,0.0,0.0,0.0,0.0,0.0,0.0,0.0,0.0,0.0,Matches,2024,0.1,120.0,30.0,50.0,30.0,130.0,30.0,50.0,40.0,92.3,100.0,100.0,75.0,2420.0,540.0,120.0,30.0,50.0,30.0,130.0,30.0,50.0,40.0,92.3,100.0,100.0,75.0,120.0,30.0,50.0,30.0,130.0,30.0,50.0,40.0,92.3,100.0,100.0,75.0,120.0,30.0,50.0,30.0,130.0,30.0,50.0,40.0,92.3,100.0,100.0,75.0,0.0,0.0,0.0,0.0,20.0,0.0,0.0,0.0,0.0,0.0,,0.0,0.0,,,,0.0,0.0,0.0,,0.0,0.0,160.0,0.0,20.0,130.0,10.0,0.0,160.0,0.0,0.0,10.0,100.0,70.0,0.0,10.0,10.0,90.0,10.0,0.0,10.0,10.0,0.0,,0.0,0.0,0.0,0.0,10.0,0.0,10.0,0.0,0.0,0.0,0.0,0.0,0.0,0.0,0.0,0.0,0.0,0.0,0.0,0.0,0.0,0.0,0.0,0.0,10.0,0.0,0.0,0.0,0.0,10.0,0.0,0.0,0.0,20.0,0.0,,,,,,,,,,,,,,,,,,,,,,,,,,,,,
Malachi Jones,sl SLE,FW,NYCFC,20,2003,14,4,488,5.4,0.19,0.19,0.37,0.19,0.0,0.0,0.56,0.0,0.41,0.41,0.15,0.56,4.44,1.67,12.2,0.18,0.18,0.37,0.18,0.37,0.41,0.14,0.55,0.41,0.55,Matches,2024,5.4,17.8,9.81,5.0,2.04,26.1,13.3,6.85,3.89,68.1,73.6,73.0,52.4,282.0,78.9,17.8,9.81,5.0,2.04,26.1,13.3,6.85,3.89,68.1,73.6,73.0,52.4,17.8,9.81,5.0,2.04,26.1,13.3,6.85,3.89,68.1,73.6,73.0,52.4,17.8,9.81,5.0,2.04,26.1,13.3,6.85,3.89,68.1,73.6,73.0,52.4,0.19,0.09,0.04,1.11,1.11,0.74,0.37,0.19,3.33,0.93,27.8,3.32,0.92,0.06,0.2,13.5,0.0,0.0,0.0,0.12,-0.22,-0.22,48.0,1.3,8.15,17.4,23.5,8.33,48.0,2.41,32.5,3.89,52.5,27.6,2.78,4.07,2.04,31.1,2.78,0.74,1.85,2.78,0.74,66.7,0.37,1.48,1.3,0.56,3.33,1.3,0.0,3.15,3.14,0.19,0.0,0.0,0.0,0.37,0.0,0.56,0.55,0.19,0.0,0.0,0.0,0.37,0.0,0.0,1.85,3.15,0.74,2.96,0.56,1.85,0.0,0.0,0.0,5.74,1.3,53.8,,,,,,,,,,,,,,,,,,,,,,,,,,,,
Dejan Joveljić,rs SRB,FW,LA Galaxy,24,1999,28,23,1927,21.4,0.7,0.23,0.93,0.65,0.05,0.09,0.09,0.0,0.74,0.65,0.18,0.83,0.98,1.92,4.53,0.7,0.23,0.93,0.65,0.89,0.74,0.18,0.92,0.65,0.83,Matches,2024,21.4,12.0,7.1,3.64,0.33,17.1,9.58,4.53,0.56,70.1,74.1,80.4,58.3,158.9,28.5,12.0,7.1,3.64,0.33,17.1,9.58,4.53,0.56,70.1,74.1,80.4,58.3,12.0,7.1,3.64,0.33,17.1,9.58,4.53,0.56,70.1,74.1,80.4,58.3,12.0,7.1,3.64,0.33,17.1,9.58,4.53,0.56,70.1,74.1,80.4,58.3,0.23,0.08,0.06,1.59,0.56,0.56,0.0,0.7,2.66,1.31,49.1,2.66,1.31,0.25,0.5,12.2,0.0,0.05,0.09,0.25,-0.04,0.0,26.4,1.17,2.57,9.49,14.5,5.42,26.3,0.51,33.3,0.89,57.6,14.0,0.7,2.29,1.03,19.4,0.47,0.19,0.37,0.47,0.19,36.4,0.33,0.47,0.42,0.05,0.51,1.03,0.0,2.71,2.71,0.23,0.09,0.19,0.0,0.14,0.0,0.42,0.42,0.23,0.09,0.19,0.0,0.14,0.0,0.0,0.61,0.93,0.37,0.14,0.05,0.37,0.09,0.0,0.0,1.54,0.89,38.8,,,,,,,,,,,,,,,,,,,,,,,,,,,,
Mykhi Joyner,us USA,FW,St. Louis,17,2006,1,0,45,0.5,0.0,0.0,0.0,0.0,0.0,0.0,0.0,0.0,0.0,0.0,0.0,0.0,2.0,0.0,6.0,0.0,0.0,0.0,0.0,0.0,0.0,0.1,0.1,0.0,0.1,Matches,2024,0.5,4.0,2.0,0.0,0.0,6.0,2.0,0.0,0.0,66.7,100.0,,,34.0,0.0,4.0,2.0,0.0,0.0,6.0,2.0,0.0,0.0,66.7,100.0,,,4.0,2.0,0.0,0.0,6.0,2.0,0.0,0.0,66.7,100.0,,,4.0,2.0,0.0,0.0,6.0,2.0,0.0,0.0,66.7,100.0,,,0.0,0.0,0.0,2.0,0.0,0.0,0.0,0.0,0.0,0.0,,0.0,0.0,,,,0.0,0.0,0.0,,0.0,0.0,24.0,0.0,8.0,4.0,12.0,4.0,24.0,0.0,0.0,2.0,100.0,12.0,2.0,6.0,0.0,14.0,2.0,2.0,0.0,2.0,2.0,50.0,2.0,6.0,6.0,0.0,2.0,0.0,0.0,2.0,2.0,0.0,0.0,0.0,0.0,0.0,0.0,0.0,0.0,0.0,0.0,0.0,0.0,0.0,0.0,0.0,2.0,0.0,0.0,0.0,0.0,0.0,0.0,0.0,0.0,0.0,0.0,,,,,,,,,,,,,,,,,,,,,,,,,,,,,
Preston Judd,us USA,FW,SJ Earthquakes,24,1999,26,6,720,8.0,0.13,0.0,0.13,0.13,0.0,0.0,0.5,0.13,0.28,0.28,0.14,0.41,1.25,2.0,6.25,0.12,0.0,0.12,0.12,0.12,0.28,0.13,0.41,0.28,0.41,Matches,2024,8.0,10.1,5.13,3.88,0.63,16.3,7.38,6.0,1.25,62.3,69.5,64.6,50.0,151.1,43.1,10.1,5.13,3.88,0.63,16.3,7.38,6.0,1.25,62.3,69.5,64.6,50.0,10.1,5.13,3.88,0.63,16.3,7.38,6.0,1.25,62.3,69.5,64.6,50.0,10.1,5.13,3.88,0.63,16.3,7.38,6.0,1.25,62.3,69.5,64.6,50.0,0.0,0.09,-0.14,1.0,1.13,1.0,0.13,0.13,2.25,1.0,44.4,2.25,1.0,0.06,0.13,12.7,0.0,0.0,0.0,0.12,-0.15,-0.15,26.0,0.63,1.63,13.3,11.8,4.25,26.0,0.25,16.7,1.0,66.7,13.8,0.38,2.5,0.5,17.5,0.63,0.0,0.25,0.63,0.0,0.0,0.38,1.38,1.25,0.13,0.75,0.25,0.0,1.75,1.75,0.0,0.0,0.0,0.0,0.0,0.0,0.13,0.13,0.0,0.0,0.0,0.0,0.0,0.0,0.0,2.0,1.75,0.75,0.88,0.13,0.25,0.0,0.0,0.0,1.25,1.63,33.3,,,,,,,,,,,,,,,,,,,,,,,,,,,,
Anderson Julio,ec ECU,"FW,MF",Real Salt Lake,27,1996,33,13,1394,15.5,0.58,0.19,0.77,0.58,0.0,0.0,0.06,0.0,0.48,0.48,0.14,0.63,1.94,1.1,6.97,0.58,0.19,0.77,0.58,0.77,0.48,0.14,0.63,0.48,0.63,Matches,2024,15.5,11.5,6.0,4.06,0.9,15.3,7.48,4.9,1.35,75.1,80.2,82.9,66.7,179.7,28.6,11.5,6.0,4.06,0.9,15.3,7.48,4.9,1.35,75.1,80.2,82.9,66.7,11.5,6.0,4.06,0.9,15.3,7.48,4.9,1.35,75.1,80.2,82.9,66.7,11.5,6.0,4.06,0.9,15.3,7.48,4.9,1.35,75.1,80.2,82.9,66.7,0.19,0.12,0.05,1.42,0.52,0.71,0.13,0.58,3.48,1.23,35.2,3.49,1.23,0.17,0.47,17.9,0.0,0.0,0.0,0.14,0.1,0.1,27.4,0.71,1.74,7.48,18.7,5.61,27.4,1.48,52.3,1.29,45.5,18.0,1.23,2.77,1.23,19.7,0.52,0.13,0.39,0.52,0.13,13.3,0.84,0.71,0.71,0.45,0.97,0.84,0.0,3.1,3.1,0.06,0.0,0.19,0.06,0.13,0.06,0.32,0.32,0.06,0.0,0.19,0.06,0.13,0.06,0.0,1.94,0.84,1.29,0.45,0.45,0.39,0.06,0.0,0.0,2.39,1.1,50.0,,,,,,,,,,,,,,,,,,,,,,,,,,,,
Sam Junqua,us USA,DF,FC Dallas,27,1996,31,26,2240,24.9,0.04,0.08,0.12,0.04,0.0,0.0,0.08,0.0,0.03,0.03,0.05,0.09,0.76,2.21,1.93,0.04,0.08,0.12,0.04,0.12,0.03,0.05,0.09,0.03,0.09,Matches,2024,24.9,46.5,25.1,18.2,2.73,55.9,27.3,20.7,6.1,83.1,92.0,87.8,44.7,740.2,268.0,46.5,25.1,18.2,2.73,55.9,27.3,20.7,6.1,83.1,92.0,87.8,44.7,46.5,25.1,18.2,2.73,55.9,27.3,20.7,6.1,83.1,92.0,87.8,44.7,46.5,25.1,18.2,2.73,55.9,27.3,20.7,6.1,83.1,92.0,87.8,44.7,0.08,0.06,0.03,0.36,2.49,0.56,0.24,0.04,0.56,0.2,35.7,0.56,0.2,0.07,0.2,17.1,0.0,0.0,0.0,0.06,0.01,0.01,63.7,4.02,27.3,28.5,8.11,0.76,63.7,0.32,80.0,0.08,20.0,34.9,0.08,0.32,0.12,42.5,1.41,0.96,1.08,1.41,0.96,72.7,0.36,1.2,0.68,1.2,2.61,2.61,0.0,0.92,0.92,0.0,0.0,0.0,0.0,0.0,0.0,0.16,0.16,0.0,0.0,0.0,0.0,0.0,0.0,0.0,0.92,0.92,0.0,1.41,1.2,1.08,0.0,0.0,0.04,3.17,1.37,64.2,,,,,,,,,,,,,,,,,,,,,,,,,,,,
Sawyer Jura,us USA,DF,Portland Timbers,17,2006,1,0,3,0.0,0.0,0.0,0.0,0.0,0.0,0.0,0.0,0.0,0.0,0.0,0.0,0.0,1.0,1.0,0.0,0.0,0.0,0.0,0.0,0.0,0.0,0.0,0.0,0.0,0.0,Matches,2024,0.0,4.0,2.0,2.0,0.0,6.0,4.0,2.0,0.0,66.7,50.0,100.0,,66.0,47.0,4.0,2.0,2.0,0.0,6.0,4.0,2.0,0.0,66.7,50.0,100.0,,4.0,2.0,2.0,0.0,6.0,4.0,2.0,0.0,66.7,50.0,100.0,,4.0,2.0,2.0,0.0,6.0,4.0,2.0,0.0,66.7,50.0,100.0,,0.0,0.0,0.0,0.0,0.0,0.0,0.0,0.0,0.0,0.0,,0.0,0.0,,,,0.0,0.0,0.0,,0.0,0.0,8.0,0.0,3.0,3.0,2.0,0.0,8.0,0.0,0.0,0.0,0.0,2.0,0.0,0.0,0.0,2.0,1.0,0.0,0.0,1.0,0.0,,0.0,0.0,0.0,0.0,1.0,0.0,0.0,0.0,0.0,0.0,0.0,0.0,0.0,0.0,0.0,0.0,0.0,0.0,0.0,0.0,0.0,0.0,0.0,0.0,0.0,1.0,0.0,0.0,0.0,0.0,0.0,0.0,0.0,0.0,0.0,,,,,,,,,,,,,,,,,,,,,,,,,,,,,
Cyprian Kachwele,tz TAN,MF,Vancouver W'caps,18,2005,1,0,3,0.0,0.0,0.0,0.0,0.0,0.0,0.0,0.0,0.0,0.0,0.0,0.0,0.0,0.0,0.0,0.0,0.0,0.0,0.0,0.0,0.0,0.0,0.0,0.0,0.0,0.0,Matches,2024,0.0,1.0,1.0,0.0,0.0,2.0,1.0,0.0,0.0,50.0,100.0,,,6.0,6.0,1.0,1.0,0.0,0.0,2.0,1.0,0.0,0.0,50.0,100.0,,,1.0,1.0,0.0,0.0,2.0,1.0,0.0,0.0,50.0,100.0,,,1.0,1.0,0.0,0.0,2.0,1.0,0.0,0.0,50.0,100.0,,,0.0,0.0,0.0,0.0,0.0,0.0,0.0,0.0,0.0,0.0,,0.0,0.0,,,,0.0,0.0,0.0,,0.0,0.0,2.0,0.0,0.0,1.0,1.0,0.0,2.0,0.0,,0.0,,1.0,0.0,0.0,0.0,2.0,0.0,0.0,0.0,0.0,0.0,,0.0,0.0,0.0,0.0,0.0,0.0,0.0,0.0,0.0,0.0,0.0,0.0,0.0,0.0,0.0,0.0,0.0,0.0,0.0,0.0,0.0,0.0,0.0,0.0,0.0,0.0,0.0,0.0,0.0,0.0,0.0,0.0,0.0,0.0,1.0,100.0,,,,,,,,,,,,,,,,,,,,,,,,,,,,
Kristijan Kahlina,hr CRO,GK,Charlotte,31,1992,34,34,3060,34.0,0.0,0.0,0.0,0.0,0.0,0.0,0.15,0.0,0.0,0.0,0.0,0.0,0.0,0.03,0.0,0.0,0.0,0.0,0.0,0.0,0.0,0.0,0.0,0.0,0.0,Matches,2024,34.0,27.2,4.97,15.5,6.71,34.8,5.06,15.9,13.7,78.3,98.3,97.6,48.8,700.6,479.3,27.2,4.97,15.5,6.71,34.8,5.06,15.9,13.7,78.3,98.3,97.6,48.8,27.2,4.97,15.5,6.71,34.8,5.06,15.9,13.7,78.3,98.3,97.6,48.8,27.2,4.97,15.5,6.71,34.8,5.06,15.9,13.7,78.3,98.3,97.6,48.8,0.0,0.0,0.0,0.0,0.56,0.03,0.0,0.0,0.0,0.0,,0.0,0.0,,,,0.0,0.0,0.0,,0.0,0.0,37.7,30.5,37.4,0.35,0.0,0.0,37.7,0.0,,0.0,,21.9,0.0,0.03,0.03,17.9,0.0,0.0,0.0,0.0,0.0,,0.0,0.0,0.0,0.03,0.03,0.71,0.06,0.24,0.24,0.0,0.0,0.0,0.0,0.0,0.0,0.03,0.03,0.0,0.0,0.0,0.0,0.0,0.0,0.0,0.0,0.15,0.0,0.0,0.03,0.0,0.0,0.0,0.0,1.62,0.18,85.7,1.09,0.0,0.18,0.0,1.4,0.31,0.31,0.31,28.1,4.91,27.5,39.4,30.9,38.0,16.7,27.5,39.4,30.9,38.0,16.7,15.1,1.03,6.8,1.74,1.74,30.9,38.0,16.7
Brent Kallman,us USA,DF,Nashville SC,33,1990,13,5,544,6.0,0.0,0.0,0.0,0.0,0.0,0.0,0.17,0.0,0.27,0.27,0.0,0.27,0.33,2.0,0.0,0.0,0.0,0.0,0.0,0.0,0.26,0.0,0.26,0.26,0.26,Matches,2024,6.0,39.2,10.8,23.0,5.17,46.5,11.8,25.0,8.67,84.2,91.5,92.0,59.6,794.7,380.5,39.2,10.8,23.0,5.17,46.5,11.8,25.0,8.67,84.2,91.5,92.0,59.6,39.2,10.8,23.0,5.17,46.5,11.8,25.0,8.67,84.2,91.5,92.0,59.6,39.2,10.8,23.0,5.17,46.5,11.8,25.0,8.67,84.2,91.5,92.0,59.6,0.0,0.0,0.0,0.0,1.83,0.0,0.0,0.0,1.33,0.33,25.0,1.32,0.33,0.0,0.0,8.0,0.0,0.0,0.0,0.19,-0.27,-0.27,58.8,11.0,34.3,22.5,2.33,2.0,58.8,0.0,0.0,0.17,100.0,31.8,0.17,0.33,0.0,36.3,1.17,0.67,0.5,1.17,0.67,66.7,0.33,2.0,0.83,1.5,2.67,6.0,0.0,0.0,0.0,0.0,0.0,0.0,0.0,0.0,0.0,0.0,0.0,0.0,0.0,0.0,0.0,0.0,0.0,0.0,0.5,0.5,0.0,0.0,1.5,0.5,0.0,0.0,0.0,3.83,2.0,60.0,,,,,,,,,,,,,,,,,,,,,,,,,,,,
Kei Kamara,sl SLE,FW,LAFC,39,1984,27,10,1007,11.2,0.27,0.45,0.71,0.27,0.0,0.0,0.18,0.0,0.29,0.29,0.21,0.51,0.27,1.61,2.59,0.27,0.45,0.71,0.27,0.71,0.3,0.21,0.51,0.3,0.51,Matches,2024,11.2,13.1,6.96,4.82,0.98,18.6,9.38,6.07,1.34,70.7,74.3,79.4,73.3,210.1,41.8,13.1,6.96,4.82,0.98,18.6,9.38,6.07,1.34,70.7,74.3,79.4,73.3,13.1,6.96,4.82,0.98,18.6,9.38,6.07,1.34,70.7,74.3,79.4,73.3,13.1,6.96,4.82,0.98,18.6,9.38,6.07,1.34,70.7,74.3,79.4,73.3,0.45,0.08,0.24,1.43,1.34,0.45,0.09,0.27,2.68,0.98,36.7,2.68,0.98,0.1,0.27,12.0,0.0,0.0,0.0,0.11,-0.03,-0.03,28.2,1.88,3.93,14.2,10.4,4.29,28.2,0.45,45.5,0.45,45.5,13.8,0.27,1.96,1.52,19.6,0.8,0.54,0.45,0.8,0.54,60.0,0.36,0.63,0.27,0.0,0.8,1.52,0.0,2.14,2.15,0.0,0.0,0.0,0.0,0.09,0.0,0.63,0.63,0.0,0.0,0.0,0.0,0.09,0.0,0.0,1.16,1.07,0.18,0.36,0.0,0.45,0.0,0.0,0.0,1.96,4.38,59.0,,,,,,,,,,,,,,,,,,,,,,,,,,,,
Bernard Kamungo,us USA,"MF,FW",FC Dallas,22,2002,29,13,1321,14.7,0.0,0.14,0.14,0.0,0.0,0.0,0.14,0.0,0.16,0.16,0.07,0.24,2.86,2.04,7.28,0.0,0.14,0.14,0.0,0.14,0.16,0.08,0.24,0.16,0.24,Matches,2024,14.7,18.6,10.5,5.92,1.22,24.5,12.5,7.76,1.9,75.8,83.7,76.3,64.3,278.1,63.6,18.6,10.5,5.92,1.22,24.5,12.5,7.76,1.9,75.8,83.7,76.3,64.3,18.6,10.5,5.92,1.22,24.5,12.5,7.76,1.9,75.8,83.7,76.3,64.3,18.6,10.5,5.92,1.22,24.5,12.5,7.76,1.9,75.8,83.7,76.3,64.3,0.14,0.08,0.06,0.54,1.22,0.88,0.2,0.0,1.84,0.61,33.3,1.84,0.61,0.0,0.0,19.7,0.0,0.0,0.0,0.09,-0.16,-0.16,37.5,0.82,4.29,14.5,19.3,3.61,37.5,0.88,31.0,1.77,61.9,22.9,0.95,3.27,1.77,25.1,1.56,0.54,1.16,1.56,0.54,40.0,0.82,0.95,0.88,0.41,1.97,0.82,0.0,2.24,2.25,0.14,0.0,0.2,0.07,0.0,0.0,0.41,0.41,0.14,0.0,0.2,0.07,0.0,0.0,0.0,1.43,1.63,0.54,1.77,0.41,1.16,0.14,0.0,0.0,3.88,0.61,37.5,,,,,,,,,,,,,,,,,,,,,,,,,,,,
Alec Kann,us USA,GK,FC Cincinnati,33,1990,3,3,270,3.0,0.0,0.0,0.0,0.0,0.0,0.0,0.0,0.0,0.0,0.0,0.0,0.0,0.0,0.0,0.0,0.0,0.0,0.0,0.0,0.0,0.0,0.0,0.0,0.0,0.0,Matches,2024,3.0,21.0,5.33,10.0,5.0,27.3,5.33,10.0,11.3,76.8,100.0,100.0,44.1,501.3,315.0,21.0,5.33,10.0,5.0,27.3,5.33,10.0,11.3,76.8,100.0,100.0,44.1,21.0,5.33,10.0,5.0,27.3,5.33,10.0,11.3,76.8,100.0,100.0,44.1,21.0,5.33,10.0,5.0,27.3,5.33,10.0,11.3,76.8,100.0,100.0,44.1,0.0,0.0,0.0,0.0,0.0,0.0,0.0,0.0,0.0,0.0,,0.0,0.0,,,,0.0,0.0,0.0,,0.0,0.0,29.7,26.3,29.7,0.0,0.0,0.0,29.7,0.0,,0.0,,13.7,0.0,0.33,0.0,11.3,0.0,0.0,0.0,0.0,0.0,,0.0,0.0,0.0,0.0,0.0,0.67,0.33,0.0,0.0,0.0,0.0,0.0,0.0,0.0,0.0,0.0,0.0,0.0,0.0,0.0,0.0,0.0,0.0,0.0,0.0,0.0,0.0,0.0,0.0,0.0,0.0,0.0,0.0,0.33,0.0,,1.33,0.0,0.33,0.0,0.9,0.27,-0.43,-0.42,19.7,5.33,22.0,52.2,28.2,38.0,10.6,22.0,52.2,28.2,38.0,10.6,16.3,0.0,0.0,0.0,0.0,28.2,38.0,10.6
Alexandros Katranis,gr GRE,DF,Real Salt Lake,25,1998,29,23,1994,22.2,0.14,0.14,0.27,0.14,0.0,0.0,0.41,0.0,0.04,0.04,0.06,0.1,1.44,4.1,5.54,0.14,0.14,0.27,0.14,0.27,0.04,0.07,0.1,0.04,0.1,Matches,2024,22.2,40.5,20.0,16.6,2.97,53.7,22.9,21.6,6.4,75.3,87.6,76.9,46.5,660.4,211.6,40.5,20.0,16.6,2.97,53.7,22.9,21.6,6.4,75.3,87.6,76.9,46.5,40.5,20.0,16.6,2.97,53.7,22.9,21.6,6.4,75.3,87.6,76.9,46.5,40.5,20.0,16.6,2.97,53.7,22.9,21.6,6.4,75.3,87.6,76.9,46.5,0.14,0.09,0.07,0.99,2.48,1.17,0.59,0.14,0.95,0.41,42.9,0.95,0.41,0.14,0.33,22.7,0.0,0.0,0.0,0.04,0.1,0.1,63.6,2.75,13.2,28.9,22.0,1.31,63.6,0.36,38.1,0.41,42.9,31.7,0.27,1.17,0.41,37.7,2.07,0.95,1.17,2.07,0.95,52.5,0.86,1.4,1.08,1.04,3.11,1.62,0.0,2.48,2.48,0.05,0.0,0.05,0.05,0.0,0.0,0.41,0.41,0.05,0.0,0.05,0.05,0.0,0.0,0.0,2.3,1.49,0.14,4.73,1.04,1.17,0.0,0.0,0.0,3.83,0.63,50.0,,,,,,,,,,,,,,,,,,,,,,,,,,,,
Mark-Anthony Kaye,ca CAN,MF,NE Revolution,29,1994,21,15,1392,15.5,0.0,0.0,0.0,0.0,0.0,0.0,0.06,0.0,0.03,0.03,0.03,0.06,0.71,5.61,1.16,0.0,0.0,0.0,0.0,0.0,0.03,0.03,0.06,0.03,0.06,Matches,2024,15.5,47.3,19.2,21.6,5.61,56.0,21.8,24.1,7.87,84.4,88.2,89.8,71.3,875.7,276.1,47.3,19.2,21.6,5.61,56.0,21.8,24.1,7.87,84.4,88.2,89.8,71.3,47.3,19.2,21.6,5.61,56.0,21.8,24.1,7.87,84.4,88.2,89.8,71.3,47.3,19.2,21.6,5.61,56.0,21.8,24.1,7.87,84.4,88.2,89.8,71.3,0.0,0.06,-0.03,0.97,5.87,0.52,0.06,0.0,0.52,0.13,25.0,0.52,0.13,0.0,0.0,18.3,0.0,0.0,0.0,0.06,-0.03,-0.03,67.7,2.32,18.2,41.0,9.23,0.84,67.7,0.65,66.7,0.26,26.7,35.5,0.06,1.35,1.1,44.2,3.35,1.74,2.0,3.35,1.74,54.0,1.48,2.13,1.81,0.97,4.32,1.03,0.06,2.77,2.78,0.06,0.0,0.06,0.0,0.13,0.0,0.06,0.06,0.06,0.0,0.06,0.0,0.13,0.0,0.0,1.74,1.29,0.06,0.45,0.97,2.0,0.0,0.0,0.0,6.52,1.61,61.0,,,,,,,,,,,,,,,,,,,,,,,,,,,,
Kipp Keller,us USA,DF,FC Cincinnati,23,2000,16,10,819,9.1,0.0,0.0,0.0,0.0,0.0,0.0,0.11,0.0,0.07,0.07,0.0,0.07,0.44,3.3,0.22,0.0,0.0,0.0,0.0,0.0,0.06,0.0,0.07,0.06,0.07,Matches,2024,9.1,59.9,18.5,36.8,4.4,68.9,20.2,39.9,7.14,86.9,91.3,92.3,61.5,1143.6,358.6,59.9,18.5,36.8,4.4,68.9,20.2,39.9,7.14,86.9,91.3,92.3,61.5,59.9,18.5,36.8,4.4,68.9,20.2,39.9,7.14,86.9,91.3,92.3,61.5,59.9,18.5,36.8,4.4,68.9,20.2,39.9,7.14,86.9,91.3,92.3,61.5,0.0,0.0,0.0,0.11,2.42,0.0,0.0,0.0,0.66,0.0,0.0,0.66,0.0,0.0,,8.5,0.0,0.0,0.0,0.09,-0.07,-0.07,79.6,9.89,41.9,36.3,1.87,0.66,79.6,0.33,75.0,0.11,25.0,50.1,0.0,0.44,0.11,53.8,0.88,0.55,0.88,0.88,0.55,83.3,0.11,2.09,0.22,1.21,2.09,4.07,0.11,0.55,0.55,0.0,0.0,0.0,0.0,0.0,0.0,0.0,0.0,0.0,0.0,0.0,0.0,0.0,0.0,0.0,0.99,0.66,0.0,0.11,1.21,0.88,0.0,0.0,0.0,3.96,3.63,68.8,,,,,,,,,,,,,,,,,,,,,,,,,,,,
Kevin Kelsy,ve VEN,FW,FC Cincinnati,19,2004,23,16,1241,13.8,0.43,0.0,0.43,0.43,0.0,0.0,0.43,0.0,0.21,0.21,0.06,0.27,1.09,1.23,4.49,0.44,0.0,0.44,0.44,0.44,0.21,0.06,0.27,0.21,0.27,Matches,2024,13.8,12.5,7.54,3.33,0.43,17.4,9.64,4.64,0.72,71.7,78.2,71.9,60.0,161.8,27.2,12.5,7.54,3.33,0.43,17.4,9.64,4.64,0.72,71.7,78.2,71.9,60.0,12.5,7.54,3.33,0.43,17.4,9.64,4.64,0.72,71.7,78.2,71.9,60.0,12.5,7.54,3.33,0.43,17.4,9.64,4.64,0.72,71.7,78.2,71.9,60.0,0.0,0.04,-0.06,0.65,0.72,0.43,0.0,0.43,2.32,1.16,50.0,2.32,1.16,0.19,0.38,13.0,0.0,0.0,0.0,0.09,0.22,0.22,27.6,0.65,1.81,12.5,13.9,3.7,27.6,1.16,50.0,1.09,46.9,17.4,0.43,2.75,1.67,21.8,0.43,0.14,0.29,0.43,0.14,100.0,0.0,1.01,1.01,0.36,0.8,0.58,0.0,1.88,1.88,0.22,0.0,0.36,0.07,0.0,0.0,0.14,0.14,0.22,0.0,0.36,0.07,0.0,0.0,0.0,2.39,1.52,0.36,0.22,0.36,0.29,0.0,0.0,0.0,2.46,2.61,49.3,,,,,,,,,,,,,,,,,,,,,,,,,,,,
Deandre Kerr,ca CAN,FW,Toronto FC,21,2002,26,12,990,11.0,0.27,0.09,0.36,0.27,0.0,0.0,0.18,0.0,0.31,0.31,0.04,0.35,0.73,1.0,3.73,0.27,0.09,0.36,0.27,0.36,0.31,0.04,0.35,0.31,0.35,Matches,2024,11.0,9.91,5.0,3.64,0.45,13.6,6.64,4.36,0.64,72.7,75.3,83.3,71.4,148.7,21.9,9.91,5.0,3.64,0.45,13.6,6.64,4.36,0.64,72.7,75.3,83.3,71.4,9.91,5.0,3.64,0.45,13.6,6.64,4.36,0.64,72.7,75.3,83.3,71.4,9.91,5.0,3.64,0.45,13.6,6.64,4.36,0.64,72.7,75.3,83.3,71.4,0.09,0.03,0.05,0.55,0.55,0.27,0.09,0.27,2.09,0.91,43.5,2.09,0.91,0.13,0.3,12.6,0.0,0.0,0.0,0.15,-0.04,-0.04,25.5,0.36,1.27,12.8,11.8,3.91,25.5,0.82,31.0,1.45,55.2,13.9,0.27,3.0,1.45,18.3,0.73,0.18,0.73,0.73,0.18,50.0,0.18,0.36,0.36,0.27,1.0,0.36,0.0,1.36,1.37,0.18,0.0,0.09,0.0,0.09,0.0,0.09,0.09,0.18,0.0,0.09,0.0,0.09,0.0,0.0,1.18,1.82,0.45,0.18,0.27,0.73,0.0,0.0,0.0,1.45,2.82,36.9,,,,,,,,,,,,,,,,,,,,,,,,,,,,
Henry Kessler,us USA,DF,NE Revolution,25,1998,17,15,1388,15.4,0.0,0.0,0.0,0.0,0.0,0.0,0.39,0.0,0.02,0.02,0.02,0.04,0.39,1.69,0.19,0.0,0.0,0.0,0.0,0.0,0.02,0.02,0.04,0.02,0.04,Matches,2024,15.4,57.4,16.2,35.1,5.97,65.0,17.1,37.0,9.87,88.3,94.3,94.9,60.5,1159.0,417.1,57.4,16.2,35.1,5.97,65.0,17.1,37.0,9.87,88.3,94.3,94.9,60.5,57.4,16.2,35.1,5.97,65.0,17.1,37.0,9.87,88.3,94.3,94.9,60.5,57.4,16.2,35.1,5.97,65.0,17.1,37.0,9.87,88.3,94.3,94.9,60.5,0.0,0.01,-0.02,0.13,1.88,0.0,0.0,0.0,0.32,0.06,20.0,0.32,0.06,0.0,0.0,13.5,0.0,0.0,0.0,0.06,-0.02,-0.02,74.5,9.87,47.4,26.4,1.23,0.65,74.5,0.26,66.7,0.13,33.3,41.7,0.0,0.45,0.19,52.7,1.3,0.65,0.91,1.3,0.65,66.7,0.32,1.69,0.52,0.84,2.14,3.83,0.0,0.26,0.26,0.0,0.0,0.0,0.0,0.0,0.0,0.0,0.0,0.0,0.0,0.0,0.0,0.0,0.0,0.0,1.23,0.78,0.13,0.06,0.84,0.91,0.0,0.13,0.0,4.68,1.75,51.9,,,,,,,,,,,,,,,,,,,,,,,,,,,,
Henry Kessler,us USA,DF,St. Louis,25,1998,8,8,675,7.5,0.13,0.0,0.13,0.13,0.0,0.0,0.13,0.0,0.01,0.01,0.0,0.03,0.27,2.27,0.0,0.13,0.0,0.13,0.13,0.13,0.02,0.0,0.02,0.02,0.02,Matches,2024,7.5,49.6,14.8,30.4,4.13,54.0,15.5,31.1,6.93,91.9,95.7,97.9,59.6,953.9,356.4,49.6,14.8,30.4,4.13,54.0,15.5,31.1,6.93,91.9,95.7,97.9,59.6,49.6,14.8,30.4,4.13,54.0,15.5,31.1,6.93,91.9,95.7,97.9,59.6,49.6,14.8,30.4,4.13,54.0,15.5,31.1,6.93,91.9,95.7,97.9,59.6,0.0,0.0,0.0,0.13,1.6,0.0,0.0,0.13,0.53,0.13,25.0,0.53,0.13,0.25,1.0,11.6,0.0,0.0,0.0,0.03,0.12,0.12,66.5,10.3,40.5,24.9,1.33,0.93,66.5,0.0,,0.0,,37.5,0.0,0.27,0.13,45.1,1.33,0.8,1.33,1.33,0.8,75.0,0.27,1.6,0.53,0.93,2.27,6.8,0.0,0.53,0.53,0.0,0.0,0.0,0.0,0.13,0.0,0.0,0.0,0.0,0.0,0.0,0.0,0.13,0.0,0.0,1.07,1.73,0.0,0.0,0.93,1.33,0.0,0.0,0.13,3.6,2.27,63.0,,,,,,,,,,,,,,,,,,,,,,,,,,,,
Hosei Kijima,jp JPN,"MF,FW",St. Louis,21,2002,18,8,784,8.7,0.11,0.11,0.23,0.11,0.0,0.0,0.46,0.0,0.21,0.21,0.13,0.33,2.41,4.6,4.71,0.11,0.11,0.23,0.11,0.23,0.21,0.13,0.34,0.2,0.33,Matches,2024,8.7,19.9,12.1,6.55,0.57,27.0,14.4,7.93,1.72,73.6,84.0,82.6,33.3,274.0,110.3,19.9,12.1,6.55,0.57,27.0,14.4,7.93,1.72,73.6,84.0,82.6,33.3,19.9,12.1,6.55,0.57,27.0,14.4,7.93,1.72,73.6,84.0,82.6,33.3,19.9,12.1,6.55,0.57,27.0,14.4,7.93,1.72,73.6,84.0,82.6,33.3,0.11,0.13,-0.01,1.61,2.87,1.72,0.23,0.11,1.61,0.23,14.3,1.61,0.23,0.07,0.5,18.8,0.0,0.0,0.0,0.13,-0.09,-0.09,41.3,0.92,7.47,16.2,18.6,2.87,41.3,1.15,55.6,0.8,38.9,21.7,0.69,2.87,1.26,25.6,2.3,0.8,1.26,2.3,0.8,46.7,0.92,2.07,1.95,1.38,3.68,0.8,0.0,3.79,3.78,0.34,0.0,0.57,0.0,0.0,0.0,0.11,0.11,0.34,0.0,0.57,0.0,0.0,0.0,0.0,1.95,2.3,0.23,1.03,1.38,1.26,0.0,0.0,0.0,4.48,0.46,25.0,,,,,,,,,,,,,,,,,,,,,,,,,,,,
Benjamin Kikanovic,us USA,"FW,DF",SJ Earthquakes,24,2000,24,13,1253,13.9,0.22,0.0,0.22,0.22,0.0,0.0,0.22,0.0,0.17,0.17,0.12,0.29,2.52,2.37,4.89,0.22,0.0,0.22,0.22,0.22,0.17,0.12,0.29,0.17,0.29,Matches,2024,13.9,25.0,14.5,8.13,1.44,35.0,17.6,11.2,3.31,71.4,82.4,72.9,43.5,362.9,142.8,25.0,14.5,8.13,1.44,35.0,17.6,11.2,3.31,71.4,82.4,72.9,43.5,25.0,14.5,8.13,1.44,35.0,17.6,11.2,3.31,71.4,82.4,72.9,43.5,25.0,14.5,8.13,1.44,35.0,17.6,11.2,3.31,71.4,82.4,72.9,43.5,0.0,0.06,-0.12,0.86,1.73,0.5,0.22,0.22,1.51,0.43,28.6,1.51,0.43,0.14,0.5,14.0,0.0,0.0,0.0,0.11,0.04,0.04,48.3,2.45,14.0,20.9,14.0,2.59,48.3,0.65,25.7,1.73,68.6,25.5,0.65,1.8,0.58,29.2,2.3,1.44,1.29,2.3,1.44,57.1,1.08,1.37,1.08,0.58,2.88,1.94,0.0,1.44,1.44,0.0,0.0,0.07,0.0,0.0,0.0,0.0,0.0,0.0,0.0,0.07,0.0,0.0,0.0,0.0,0.94,2.09,0.07,2.01,0.58,1.29,0.0,0.0,0.0,4.39,3.09,67.2,,,,,,,,,,,,,,,,,,,,,,,,,,,,
Sota Kitahara,us USA,"DF,MF",Seattle Sounders,21,2003,2,2,147,1.6,0.0,0.0,0.0,0.0,0.0,0.0,0.0,0.0,0.0,0.0,0.0,0.0,0.63,2.5,1.25,0.0,0.0,0.0,0.0,0.0,0.0,0.0,0.0,0.0,0.0,Matches,2024,1.6,30.0,16.3,11.3,1.25,40.6,18.8,15.6,3.13,73.8,86.7,72.0,40.0,461.3,160.6,30.0,16.3,11.3,1.25,40.6,18.8,15.6,3.13,73.8,86.7,72.0,40.0,30.0,16.3,11.3,1.25,40.6,18.8,15.6,3.13,73.8,86.7,72.0,40.0,30.0,16.3,11.3,1.25,40.6,18.8,15.6,3.13,73.8,86.7,72.0,40.0,0.0,0.0,0.0,0.0,2.5,0.0,0.0,0.0,0.0,0.0,,0.0,0.0,,,,0.0,0.0,0.0,,0.0,0.0,46.3,3.13,17.5,20.0,9.38,0.0,46.3,0.0,,0.0,,16.9,0.0,1.25,0.0,25.6,1.88,1.25,0.63,1.88,1.25,66.7,0.63,0.0,0.0,0.63,2.5,1.88,0.0,0.0,0.0,0.0,0.0,0.0,0.0,0.0,0.0,0.0,0.0,0.0,0.0,0.0,0.0,0.0,0.0,0.0,1.25,1.25,0.0,1.88,0.63,0.63,0.0,0.0,0.0,1.88,0.0,,,,,,,,,,,,,,,,,,,,,,,,,,,,,
Klauss,br BRA,FW,St. Louis,26,1997,27,23,1961,21.8,0.23,0.14,0.37,0.18,0.05,0.09,0.14,0.0,0.43,0.36,0.11,0.47,1.93,2.89,7.25,0.23,0.14,0.37,0.18,0.32,0.43,0.11,0.54,0.36,0.47,Matches,2024,21.8,16.7,9.95,4.68,1.01,25.1,13.4,7.34,1.38,66.5,74.3,63.8,73.3,232.5,60.5,16.7,9.95,4.68,1.01,25.1,13.4,7.34,1.38,66.5,74.3,63.8,73.3,16.7,9.95,4.68,1.01,25.1,13.4,7.34,1.38,66.5,74.3,63.8,73.3,16.7,9.95,4.68,1.01,25.1,13.4,7.34,1.38,66.5,74.3,63.8,73.3,0.14,0.11,0.03,1.61,1.38,0.96,0.09,0.23,3.49,0.87,25.0,3.49,0.87,0.05,0.21,16.2,0.0,0.05,0.09,0.1,-0.2,-0.17,36.6,1.15,2.11,13.6,21.5,6.28,36.5,1.24,56.3,0.87,39.6,20.2,0.96,2.16,0.96,26.1,0.96,0.41,0.55,0.96,0.41,42.9,0.55,0.69,0.64,0.18,1.15,1.06,0.0,3.81,3.81,0.37,0.05,0.23,0.0,0.09,0.0,0.23,0.23,0.37,0.05,0.23,0.0,0.09,0.0,0.0,1.83,1.38,0.46,0.73,0.18,0.55,0.0,0.0,0.0,3.17,2.71,50.0,,,,,,,,,,,,,,,,,,,,,,,,,,,,
John Klein,us USA,"FW,MF",St. Louis,24,1999,10,6,545,6.1,0.16,0.16,0.33,0.16,0.0,0.0,0.0,0.0,0.2,0.2,0.13,0.33,2.13,3.28,7.87,0.17,0.17,0.33,0.17,0.33,0.19,0.14,0.33,0.19,0.33,Matches,2024,6.1,25.1,17.4,5.57,0.66,33.8,20.7,7.38,1.8,74.3,84.1,75.6,36.4,306.4,69.7,25.1,17.4,5.57,0.66,33.8,20.7,7.38,1.8,74.3,84.1,75.6,36.4,25.1,17.4,5.57,0.66,33.8,20.7,7.38,1.8,74.3,84.1,75.6,36.4,25.1,17.4,5.57,0.66,33.8,20.7,7.38,1.8,74.3,84.1,75.6,36.4,0.16,0.15,0.03,1.48,1.8,1.15,0.16,0.16,1.8,0.82,45.5,1.82,0.83,0.09,0.2,12.7,0.0,0.0,0.0,0.11,-0.03,-0.03,44.8,1.15,5.08,16.9,23.0,4.59,44.8,0.82,62.5,0.49,37.5,26.4,0.66,2.3,1.8,30.8,2.46,0.49,0.98,2.46,0.49,30.0,1.15,0.82,0.66,0.33,2.79,0.82,0.0,2.62,2.64,0.0,0.0,0.16,0.0,0.0,0.0,0.16,0.16,0.0,0.0,0.16,0.0,0.0,0.0,0.0,1.15,0.49,0.16,1.64,0.33,0.98,0.0,0.0,0.0,3.44,0.82,29.4,,,,,,,,,,,,,,,,,,,,,,,,,,,,
Mateusz Klich,pl POL,MF,D.C. United,33,1990,31,31,2664,29.6,0.07,0.17,0.24,0.0,0.07,0.07,0.34,0.0,0.1,0.05,0.22,0.27,1.01,6.28,3.58,0.07,0.17,0.24,0.0,0.17,0.11,0.22,0.32,0.05,0.27,Matches,2024,29.6,43.6,20.6,15.3,6.05,56.5,23.2,18.5,11.5,77.2,89.1,82.5,52.8,782.4,265.2,43.6,20.6,15.3,6.05,56.5,23.2,18.5,11.5,77.2,89.1,82.5,52.8,43.6,20.6,15.3,6.05,56.5,23.2,18.5,11.5,77.2,89.1,82.5,52.8,43.6,20.6,15.3,6.05,56.5,23.2,18.5,11.5,77.2,89.1,82.5,52.8,0.17,0.31,-0.05,2.33,3.92,1.89,0.51,0.07,0.88,0.47,53.8,0.88,0.47,0.0,0.0,24.0,0.1,0.07,0.07,0.06,-0.04,-0.05,63.0,0.88,7.36,32.7,23.6,1.01,62.9,0.57,43.6,0.64,48.7,33.6,0.07,1.15,0.78,37.6,1.82,0.95,1.08,1.82,0.95,47.5,1.05,0.88,0.68,0.68,2.5,0.24,0.03,5.2,5.2,0.07,0.0,0.07,0.0,0.07,0.0,0.51,0.51,0.07,0.0,0.07,0.0,0.07,0.0,0.0,1.35,1.15,0.1,7.3,0.68,1.08,0.0,0.0,0.0,5.84,0.24,33.3,,,,,,,,,,,,,,,,,,,,,,,,,,,,
Jeorgio Kocevski,us USA,"MF,FW",Orlando City,21,2002,11,1,157,1.7,0.0,0.0,0.0,0.0,0.0,0.0,0.0,0.0,0.0,0.0,0.06,0.06,1.18,8.24,5.29,0.0,0.0,0.0,0.0,0.0,0.0,0.04,0.04,0.0,0.04,Matches,2024,1.7,50.6,29.4,16.5,1.18,64.7,35.9,17.6,4.71,78.2,82.0,93.3,25.0,690.0,278.2,50.6,29.4,16.5,1.18,64.7,35.9,17.6,4.71,78.2,82.0,93.3,25.0,50.6,29.4,16.5,1.18,64.7,35.9,17.6,4.71,78.2,82.0,93.3,25.0,50.6,29.4,16.5,1.18,64.7,35.9,17.6,4.71,78.2,82.0,93.3,25.0,0.0,0.06,-0.06,0.59,6.47,1.76,0.0,0.0,0.0,0.0,,0.0,0.0,,,,0.0,0.0,0.0,,0.0,0.0,71.2,1.76,12.9,41.8,17.1,1.18,71.2,1.76,75.0,0.59,25.0,32.4,0.0,0.0,1.18,51.2,1.76,1.18,1.76,1.76,1.18,40.0,1.76,0.59,0.59,0.59,2.35,2.35,0.0,1.18,1.15,0.0,0.0,0.0,0.0,0.0,0.0,0.0,0.0,0.0,0.0,0.0,0.0,0.0,0.0,0.0,0.59,0.0,0.0,1.18,0.59,1.76,0.0,0.0,0.0,5.29,1.76,42.9,,,,,,,,,,,,,,,,,,,,,,,,,,,,
Žan Kolmanič,si SVN,"DF,FW",Austin,23,2000,15,6,537,6.0,0.0,0.5,0.5,0.0,0.0,0.0,0.33,0.0,0.03,0.03,0.18,0.22,1.83,3.5,5.33,0.0,0.5,0.5,0.0,0.5,0.03,0.18,0.22,0.03,0.22,Matches,2024,6.0,43.5,14.8,20.2,7.33,57.7,16.3,25.2,12.7,75.4,90.8,80.1,57.9,884.3,295.0,43.5,14.8,20.2,7.33,57.7,16.3,25.2,12.7,75.4,90.8,80.1,57.9,43.5,14.8,20.2,7.33,57.7,16.3,25.2,12.7,75.4,90.8,80.1,57.9,43.5,14.8,20.2,7.33,57.7,16.3,25.2,12.7,75.4,90.8,80.1,57.9,0.5,0.23,0.32,2.17,3.5,1.83,1.17,0.0,0.5,0.0,0.0,0.5,0.0,0.0,,22.4,0.0,0.0,0.0,0.06,-0.03,-0.03,65.8,2.17,16.8,31.0,18.2,0.17,65.8,0.83,62.5,0.5,37.5,29.8,0.17,1.17,0.33,39.3,1.67,0.5,1.5,1.67,0.5,60.0,0.33,0.17,0.0,0.33,2.0,3.33,0.0,3.5,3.51,0.0,0.0,0.0,0.0,0.0,0.0,0.5,0.5,0.0,0.0,0.0,0.0,0.0,0.0,0.0,0.67,1.0,0.0,7.67,0.33,1.5,0.0,0.0,0.0,2.83,0.33,100.0,,,,,,,,,,,,,,,,,,,,,,,,,,,,
Georgios Koutsias,gr GRE,"FW,MF",Chicago Fire,19,2004,30,5,810,9.0,0.22,0.11,0.33,0.22,0.0,0.0,0.22,0.0,0.42,0.42,0.07,0.49,1.78,0.44,5.22,0.22,0.11,0.33,0.22,0.33,0.42,0.07,0.49,0.42,0.49,Matches,2024,9.0,12.8,7.22,4.67,0.44,18.0,9.22,6.22,1.11,71.0,78.3,75.0,40.0,179.7,16.6,12.8,7.22,4.67,0.44,18.0,9.22,6.22,1.11,71.0,78.3,75.0,40.0,12.8,7.22,4.67,0.44,18.0,9.22,6.22,1.11,71.0,78.3,75.0,40.0,12.8,7.22,4.67,0.44,18.0,9.22,6.22,1.11,71.0,78.3,75.0,40.0,0.11,0.04,0.04,0.44,0.56,0.0,0.0,0.22,2.78,1.44,52.0,2.78,1.44,0.08,0.15,12.7,0.0,0.0,0.0,0.15,-0.2,-0.2,27.0,0.11,2.22,11.7,13.7,4.56,27.0,0.44,36.4,0.78,63.6,16.8,1.67,2.78,0.89,19.1,1.22,0.33,0.89,1.22,0.33,30.0,0.78,0.11,0.11,0.11,1.33,0.22,0.0,1.89,1.89,0.11,0.0,0.44,0.11,0.0,0.0,0.33,0.33,0.11,0.0,0.44,0.11,0.0,0.0,0.0,0.89,0.89,0.22,0.33,0.11,0.89,0.11,0.0,0.0,3.11,1.78,45.7,,,,,,,,,,,,,,,,,,,,,,,,,,,,
Sebastian Kowalczyk,pl POL,"FW,MF",Houston Dynamo,25,1998,33,24,2147,23.9,0.17,0.04,0.21,0.17,0.0,0.0,0.29,0.0,0.19,0.19,0.08,0.27,1.42,4.06,4.73,0.17,0.04,0.21,0.17,0.21,0.19,0.08,0.27,0.19,0.27,Matches,2024,23.9,30.7,16.8,10.1,1.46,37.1,18.7,12.1,2.72,82.8,89.9,83.7,53.8,445.7,91.5,30.7,16.8,10.1,1.46,37.1,18.7,12.1,2.72,82.8,89.9,83.7,53.8,30.7,16.8,10.1,1.46,37.1,18.7,12.1,2.72,82.8,89.9,83.7,53.8,30.7,16.8,10.1,1.46,37.1,18.7,12.1,2.72,82.8,89.9,83.7,53.8,0.04,0.17,-0.04,1.05,2.34,0.96,0.08,0.17,1.72,0.59,34.1,1.72,0.59,0.1,0.29,17.6,0.0,0.0,0.0,0.11,-0.02,-0.02,44.9,0.33,4.23,23.9,17.0,2.85,44.9,0.71,41.5,0.75,43.9,28.5,0.63,1.09,0.79,35.4,0.79,0.42,0.59,0.79,0.42,38.5,0.67,0.84,0.71,0.67,1.46,0.38,0.0,2.8,2.81,0.13,0.04,0.04,0.0,0.04,0.0,0.21,0.21,0.13,0.04,0.04,0.0,0.04,0.0,0.0,1.13,1.88,0.21,1.3,0.67,0.59,0.0,0.0,0.0,2.93,0.17,16.7,,,,,,,,,,,,,,,,,,,,,,,,,,,,
Damir Kreilach,hr CRO,FW,Vancouver W'caps,34,1989,17,6,468,5.2,0.38,0.0,0.38,0.38,0.0,0.0,0.0,0.0,0.48,0.48,0.0,0.5,0.0,1.15,2.31,0.38,0.0,0.38,0.38,0.38,0.49,0.01,0.5,0.49,0.5,Matches,2024,5.2,20.0,11.7,5.77,0.58,24.6,13.8,6.73,0.77,81.3,84.7,85.7,75.0,262.1,34.2,20.0,11.7,5.77,0.58,24.6,13.8,6.73,0.77,81.3,84.7,85.7,75.0,20.0,11.7,5.77,0.58,24.6,13.8,6.73,0.77,81.3,84.7,85.7,75.0,20.0,11.7,5.77,0.58,24.6,13.8,6.73,0.77,81.3,84.7,85.7,75.0,0.0,0.02,0.0,0.38,1.15,0.0,0.0,0.38,2.5,1.35,53.8,2.5,1.35,0.15,0.29,9.0,0.0,0.0,0.0,0.2,-0.1,-0.1,32.5,1.35,3.08,17.7,11.9,4.42,32.5,0.0,,0.0,,13.1,0.0,1.73,0.38,23.8,0.19,0.19,0.19,0.19,0.19,33.3,0.38,0.38,0.38,0.58,0.77,1.15,0.0,0.96,0.96,0.0,0.0,0.19,0.0,0.0,0.0,0.0,0.0,0.0,0.0,0.19,0.0,0.0,0.0,0.0,1.15,1.35,0.19,0.19,0.58,0.19,0.0,0.0,0.0,2.5,2.5,40.6,,,,,,,,,,,,,,,,,,,,,,,,,,,,
Serhiy Kryvtsov,ua UKR,DF,Inter Miami,32,1991,23,16,1390,15.4,0.06,0.0,0.06,0.06,0.0,0.0,0.26,0.0,0.02,0.02,0.01,0.03,0.52,1.95,0.19,0.06,0.0,0.06,0.06,0.06,0.02,0.0,0.03,0.02,0.03,Matches,2024,15.4,61.4,16.6,39.7,4.29,66.4,17.4,41.6,6.1,92.5,95.1,95.6,70.2,1183.9,385.6,61.4,16.6,39.7,4.29,66.4,17.4,41.6,6.1,92.5,95.1,95.6,70.2,61.4,16.6,39.7,4.29,66.4,17.4,41.6,6.1,92.5,95.1,95.6,70.2,61.4,16.6,39.7,4.29,66.4,17.4,41.6,6.1,92.5,95.1,95.6,70.2,0.0,0.01,-0.01,0.13,1.36,0.0,0.0,0.06,0.19,0.13,66.7,0.19,0.13,0.33,0.5,9.2,0.0,0.0,0.0,0.11,0.05,0.05,76.6,12.5,46.6,29.0,1.1,0.26,76.6,0.0,0.0,0.06,100.0,49.0,0.0,0.39,0.0,56.3,0.84,0.58,0.58,0.84,0.58,45.0,0.71,2.01,0.52,1.3,2.14,4.42,0.06,0.19,0.19,0.0,0.0,0.0,0.0,0.0,0.0,0.0,0.0,0.0,0.0,0.0,0.0,0.0,0.0,0.0,1.04,0.97,0.0,0.0,1.3,0.58,0.0,0.0,0.0,3.64,1.3,57.1,,,,,,,,,,,,,,,,,,,,,,,,,,,,
Theodore Ku-Dipietro,us USA,"MF,FW",D.C. United,22,2002,29,24,1864,20.7,0.1,0.19,0.29,0.1,0.0,0.0,0.1,0.0,0.28,0.28,0.15,0.43,1.93,2.13,5.07,0.1,0.19,0.29,0.1,0.29,0.27,0.15,0.42,0.27,0.42,Matches,2024,20.7,14.2,9.71,3.29,0.53,21.9,12.6,5.56,1.5,64.8,77.0,59.1,35.5,180.9,50.0,14.2,9.71,3.29,0.53,21.9,12.6,5.56,1.5,64.8,77.0,59.1,35.5,14.2,9.71,3.29,0.53,21.9,12.6,5.56,1.5,64.8,77.0,59.1,35.5,14.2,9.71,3.29,0.53,21.9,12.6,5.56,1.5,64.8,77.0,59.1,35.5,0.19,0.13,0.04,1.3,1.11,0.68,0.05,0.1,1.84,0.48,26.3,1.83,0.48,0.05,0.2,15.7,0.0,0.0,0.0,0.15,-0.18,-0.18,32.9,0.39,4.01,12.4,17.6,4.64,32.9,1.64,53.1,1.4,45.3,20.1,0.87,3.04,0.97,22.0,1.4,0.29,1.01,1.4,0.29,30.0,0.68,0.92,0.87,0.63,2.03,0.43,0.0,2.37,2.36,0.29,0.05,0.24,0.1,0.0,0.0,0.34,0.34,0.29,0.05,0.24,0.1,0.0,0.0,0.0,0.53,0.87,0.43,0.87,0.63,1.01,0.05,0.0,0.0,3.62,0.19,13.8,,,,,,,,,,,,,,,,,,,,,,,,,,,,
Yuya Kubo,jp JPN,"FW,DF",FC Cincinnati,30,1993,32,27,2398,26.6,0.38,0.08,0.45,0.38,0.0,0.0,0.19,0.0,0.3,0.3,0.12,0.42,2.18,2.93,6.32,0.38,0.08,0.45,0.38,0.45,0.3,0.12,0.42,0.3,0.42,Matches,2024,26.6,28.9,14.7,11.4,1.62,35.3,16.9,12.7,2.67,81.7,86.7,90.2,60.6,453.1,118.9,28.9,14.7,11.4,1.62,35.3,16.9,12.7,2.67,81.7,86.7,90.2,60.6,28.9,14.7,11.4,1.62,35.3,16.9,12.7,2.67,81.7,86.7,90.2,60.6,28.9,14.7,11.4,1.62,35.3,16.9,12.7,2.67,81.7,86.7,90.2,60.6,0.08,0.12,-0.04,1.17,1.69,0.75,0.08,0.38,2.29,0.9,39.3,2.29,0.9,0.16,0.42,18.0,0.0,0.0,0.0,0.13,0.07,0.07,46.5,1.13,7.44,21.8,18.1,3.87,46.5,0.86,39.0,1.2,54.2,27.8,0.9,1.73,1.09,31.8,2.07,0.94,1.2,2.07,0.94,56.8,0.71,0.83,0.71,0.71,2.78,0.83,0.04,2.78,2.78,0.08,0.0,0.11,0.04,0.04,0.0,0.26,0.26,0.08,0.0,0.11,0.04,0.04,0.0,0.0,1.13,1.05,0.49,0.56,0.71,1.2,0.04,0.04,0.0,4.1,0.64,56.7,,,,,,,,,,,,,,,,,,,,,,,,,,,,
Mathías Laborda,uy URU,DF,Vancouver W'caps,24,1999,26,23,1953,21.7,0.09,0.0,0.09,0.09,0.0,0.0,0.14,0.0,0.11,0.11,0.03,0.14,0.46,2.44,1.2,0.09,0.0,0.09,0.09,0.09,0.11,0.03,0.14,0.11,0.14,Matches,2024,21.7,48.9,15.9,27.9,5.02,58.1,17.5,30.9,8.43,84.2,90.8,90.4,59.6,947.0,324.3,48.9,15.9,27.9,5.02,58.1,17.5,30.9,8.43,84.2,90.8,90.4,59.6,48.9,15.9,27.9,5.02,58.1,17.5,30.9,8.43,84.2,90.8,90.4,59.6,48.9,15.9,27.9,5.02,58.1,17.5,30.9,8.43,84.2,90.8,90.4,59.6,0.0,0.05,-0.03,0.37,3.09,0.41,0.14,0.09,0.97,0.18,19.0,0.97,0.18,0.1,0.5,10.8,0.0,0.0,0.0,0.11,-0.02,-0.02,68.2,6.04,34.1,26.9,7.56,1.66,68.2,0.09,33.3,0.18,66.7,37.2,0.05,1.01,0.14,43.9,1.75,1.06,1.15,1.75,1.06,50.0,1.06,1.29,0.83,1.47,3.23,3.0,0.05,0.88,0.88,0.0,0.0,0.0,0.0,0.0,0.0,0.09,0.09,0.0,0.0,0.0,0.0,0.0,0.0,0.0,1.11,0.74,0.09,1.15,1.47,1.15,0.0,0.05,0.0,3.55,2.26,63.6,,,,,,,,,,,,,,,,,,,,,,,,,,,,
Luca Langoni,ar ARG,FW,NE Revolution,21,2002,11,8,706,7.8,0.38,0.26,0.64,0.38,0.0,0.0,0.13,0.0,0.12,0.12,0.21,0.32,1.92,2.05,7.44,0.38,0.25,0.64,0.38,0.64,0.12,0.2,0.32,0.12,0.32,Matches,2024,7.8,17.6,9.49,7.05,1.03,23.8,10.9,8.46,1.92,73.7,87.1,83.3,53.3,281.8,54.4,17.6,9.49,7.05,1.03,23.8,10.9,8.46,1.92,73.7,87.1,83.3,53.3,17.6,9.49,7.05,1.03,23.8,10.9,8.46,1.92,73.7,87.1,83.3,53.3,17.6,9.49,7.05,1.03,23.8,10.9,8.46,1.92,73.7,87.1,83.3,53.3,0.26,0.1,0.05,1.41,1.41,0.51,0.26,0.38,0.9,0.64,71.4,0.89,0.64,0.43,0.6,18.6,0.0,0.0,0.0,0.13,0.27,0.27,34.1,0.26,3.97,15.6,15.3,2.31,34.1,0.9,31.8,1.54,54.5,21.9,0.9,2.05,1.67,24.7,1.79,1.28,1.03,1.79,1.28,45.5,1.54,0.9,0.77,0.77,2.56,0.26,0.0,2.31,2.29,0.26,0.13,0.13,0.13,0.0,0.0,0.51,0.51,0.26,0.13,0.13,0.13,0.0,0.0,0.0,0.9,1.79,0.13,1.92,0.77,1.03,0.13,0.0,0.0,3.97,0.0,0.0,,,,,,,,,,,,,,,,,,,,,,,,,,,,
Lassi Lappalainen,fi FIN,"DF,MF",CF Montréal,25,1998,11,1,331,3.7,0.0,0.27,0.27,0.0,0.0,0.0,0.0,0.0,0.19,0.19,0.27,0.46,4.05,3.51,8.38,0.0,0.27,0.27,0.0,0.27,0.2,0.28,0.48,0.2,0.48,Matches,2024,3.7,35.9,20.3,13.5,1.35,45.9,23.5,15.9,2.97,78.2,86.2,84.7,45.5,544.6,155.7,35.9,20.3,13.5,1.35,45.9,23.5,15.9,2.97,78.2,86.2,84.7,45.5,35.9,20.3,13.5,1.35,45.9,23.5,15.9,2.97,78.2,86.2,84.7,45.5,35.9,20.3,13.5,1.35,45.9,23.5,15.9,2.97,78.2,86.2,84.7,45.5,0.27,0.27,0.0,0.81,1.35,1.89,0.54,0.0,1.89,0.27,14.3,1.9,0.27,0.0,0.0,15.7,0.0,0.0,0.0,0.1,-0.19,-0.19,62.2,2.97,14.3,24.6,23.8,3.51,62.2,2.7,71.4,1.08,28.6,33.8,0.81,2.16,0.81,35.1,2.97,2.16,1.35,2.97,2.16,61.5,1.35,2.7,2.16,0.81,3.78,2.16,0.0,1.89,1.91,0.0,0.0,0.27,0.0,0.0,0.0,0.27,0.27,0.0,0.0,0.27,0.0,0.0,0.0,0.0,0.54,0.81,0.0,3.24,0.81,1.35,0.0,0.0,0.0,5.95,0.54,33.3,,,,,,,,,,,,,,,,,,,,,,,,,,,,
Oliver Larraz,us USA,MF,Colorado Rapids,22,2001,34,25,2198,24.4,0.04,0.0,0.04,0.04,0.0,0.0,0.08,0.0,0.07,0.07,0.07,0.14,1.27,5.12,2.7,0.04,0.0,0.04,0.04,0.04,0.07,0.07,0.14,0.07,0.14,Matches,2024,24.4,39.4,19.6,15.5,3.11,47.0,21.8,17.6,5.2,83.7,89.9,88.3,59.8,638.2,172.7,39.4,19.6,15.5,3.11,47.0,21.8,17.6,5.2,83.7,89.9,88.3,59.8,39.4,19.6,15.5,3.11,47.0,21.8,17.6,5.2,83.7,89.9,88.3,59.8,39.4,19.6,15.5,3.11,47.0,21.8,17.6,5.2,83.7,89.9,88.3,59.8,0.0,0.07,-0.07,0.86,4.75,0.86,0.2,0.04,0.7,0.25,35.3,0.7,0.25,0.06,0.17,19.4,0.0,0.0,0.0,0.09,-0.02,-0.02,59.2,1.72,11.2,32.8,15.7,1.07,59.2,0.9,41.5,1.15,52.8,34.5,0.16,1.72,0.94,39.3,2.7,1.23,1.48,2.7,1.23,43.5,1.6,1.43,1.19,1.35,4.06,1.31,0.04,2.09,2.09,0.08,0.0,0.25,0.0,0.0,0.0,0.0,0.0,0.08,0.0,0.25,0.0,0.0,0.0,0.0,1.43,1.39,0.0,1.68,1.35,1.48,0.0,0.0,0.0,4.8,0.66,53.3,,,,,,,,,,,,,,,,,,,,,,,,,,,,
Richie Laryea,ca CAN,"DF,MF",Toronto FC,29,1995,12,10,901,10.0,0.1,0.2,0.3,0.1,0.0,0.0,0.4,0.0,0.07,0.07,0.11,0.18,2.9,2.9,7.3,0.1,0.2,0.3,0.1,0.3,0.07,0.11,0.18,0.07,0.18,Matches,2024,10.0,28.8,15.5,11.1,1.8,35.7,17.2,12.8,3.7,80.7,90.1,86.7,48.6,455.8,148.7,28.8,15.5,11.1,1.8,35.7,17.2,12.8,3.7,80.7,90.1,86.7,48.6,28.8,15.5,11.1,1.8,35.7,17.2,12.8,3.7,80.7,90.1,86.7,48.6,28.8,15.5,11.1,1.8,35.7,17.2,12.8,3.7,80.7,90.1,86.7,48.6,0.2,0.08,0.09,0.9,2.0,0.6,0.1,0.1,0.5,0.3,60.0,0.5,0.3,0.2,0.33,16.6,0.0,0.0,0.0,0.14,0.03,0.03,45.8,1.8,11.1,20.6,15.2,2.8,45.8,1.2,44.4,1.2,44.4,26.5,1.2,2.1,1.1,29.8,1.9,1.0,1.1,1.9,1.0,83.3,0.2,0.9,0.8,0.6,2.5,1.1,0.0,2.3,2.3,0.1,0.0,0.5,0.1,0.0,0.0,0.3,0.3,0.1,0.0,0.5,0.1,0.0,0.0,0.0,1.7,3.6,0.3,1.0,0.6,1.1,0.1,0.0,0.0,4.3,0.4,66.7,,,,,,,,,,,,,,,,,,,,,,,,,,,,
Ariel Lassiter,cr CRC,"DF,MF",Chicago Fire,29,1994,7,5,445,4.9,0.0,0.2,0.2,0.0,0.0,0.0,0.2,0.0,0.06,0.06,0.1,0.16,5.71,4.08,8.98,0.0,0.2,0.2,0.0,0.2,0.06,0.1,0.16,0.06,0.16,Matches,2024,4.9,45.9,24.1,18.2,3.27,58.2,26.9,23.7,6.53,78.9,89.4,76.7,50.0,762.9,206.1,45.9,24.1,18.2,3.27,58.2,26.9,23.7,6.53,78.9,89.4,76.7,50.0,45.9,24.1,18.2,3.27,58.2,26.9,23.7,6.53,78.9,89.4,76.7,50.0,45.9,24.1,18.2,3.27,58.2,26.9,23.7,6.53,78.9,89.4,76.7,50.0,0.2,0.04,0.1,1.02,2.24,1.02,0.2,0.0,1.43,0.0,0.0,1.42,0.0,0.0,,17.5,0.0,0.0,0.0,0.04,-0.06,-0.06,65.9,0.61,12.7,29.2,24.3,2.86,65.9,0.82,44.4,0.82,44.4,40.8,1.02,1.43,0.0,49.4,0.82,0.61,0.61,0.82,0.61,75.0,0.2,0.41,0.41,0.61,1.43,0.41,0.41,1.84,1.82,0.0,0.0,0.0,0.0,0.2,0.0,0.2,0.2,0.0,0.0,0.0,0.0,0.2,0.0,0.0,1.22,1.02,0.0,5.51,0.61,0.61,0.0,0.0,0.0,4.49,0.0,,,,,,,,,,,,,,,,,,,,,,,,,,,,,
Ariel Lassiter,cr CRC,"DF,MF",CF Montréal,29,1994,20,20,1592,17.7,0.17,0.28,0.45,0.17,0.0,0.0,0.28,0.06,0.15,0.15,0.08,0.23,2.94,1.92,6.38,0.17,0.28,0.45,0.17,0.45,0.15,0.08,0.23,0.15,0.23,Matches,2024,17.7,29.7,16.9,9.66,1.86,37.0,19.0,11.6,3.84,80.3,89.3,83.0,48.5,439.6,99.7,29.7,16.9,9.66,1.86,37.0,19.0,11.6,3.84,80.3,89.3,83.0,48.5,29.7,16.9,9.66,1.86,37.0,19.0,11.6,3.84,80.3,89.3,83.0,48.5,29.7,16.9,9.66,1.86,37.0,19.0,11.6,3.84,80.3,89.3,83.0,48.5,0.28,0.09,0.2,0.79,1.36,0.79,0.34,0.17,1.36,0.68,50.0,1.36,0.68,0.13,0.25,22.2,0.23,0.0,0.0,0.11,0.02,0.02,44.8,1.02,7.51,19.7,18.0,1.81,44.8,0.56,32.3,1.07,61.3,26.8,0.79,2.03,0.56,33.6,0.51,0.23,0.28,0.51,0.23,30.8,0.51,0.45,0.4,0.17,0.68,0.85,0.0,2.09,2.09,0.11,0.0,0.11,0.0,0.0,0.0,0.4,0.4,0.11,0.0,0.11,0.0,0.0,0.0,0.0,0.85,1.13,0.34,3.5,0.17,0.28,0.0,0.0,0.0,3.28,0.06,33.3,,,,,,,,,,,,,,,,,,,,,,,,,,,,
Randall Leal,cr CRC,MF,Nashville SC,27,1997,4,0,47,0.5,0.0,2.0,2.0,0.0,0.0,0.0,0.0,0.0,0.4,0.4,1.2,1.6,2.0,6.0,6.0,0.0,1.91,1.91,0.0,1.91,0.36,1.15,1.51,0.36,1.51,Matches,2024,0.5,44.0,20.0,20.0,2.0,58.0,22.0,26.0,4.0,75.9,90.9,76.9,50.0,670.0,198.0,44.0,20.0,20.0,2.0,58.0,22.0,26.0,4.0,75.9,90.9,76.9,50.0,44.0,20.0,20.0,2.0,58.0,22.0,26.0,4.0,75.9,90.9,76.9,50.0,44.0,20.0,20.0,2.0,58.0,22.0,26.0,4.0,75.9,90.9,76.9,50.0,2.0,0.2,0.8,2.0,4.0,2.0,0.0,0.0,6.0,0.0,0.0,5.74,0.0,0.0,,21.9,0.0,0.0,0.0,0.06,-0.4,-0.4,66.0,2.0,6.0,28.0,32.0,6.0,66.0,0.0,,0.0,,42.0,2.0,0.0,2.0,48.0,0.0,0.0,0.0,0.0,0.0,,0.0,0.0,0.0,0.0,0.0,0.0,0.0,2.0,1.91,0.0,0.0,0.0,0.0,0.0,0.0,2.0,1.91,0.0,0.0,0.0,0.0,0.0,0.0,0.0,0.0,2.0,0.0,4.0,0.0,0.0,0.0,0.0,0.0,4.0,0.0,,,,,,,,,,,,,,,,,,,,,,,,,,,,,
Tim Leibold,de GER,DF,Sporting KC,30,1993,28,24,2201,24.5,0.04,0.04,0.08,0.04,0.0,0.0,0.2,0.0,0.02,0.02,0.11,0.13,2.33,7.39,4.37,0.04,0.04,0.08,0.04,0.08,0.03,0.11,0.13,0.03,0.13,Matches,2024,24.5,54.6,27.6,21.7,4.08,66.5,31.1,25.4,6.65,82.0,88.7,85.4,61.3,890.4,301.4,54.6,27.6,21.7,4.08,66.5,31.1,25.4,6.65,82.0,88.7,85.4,61.3,54.6,27.6,21.7,4.08,66.5,31.1,25.4,6.65,82.0,88.7,85.4,61.3,54.6,27.6,21.7,4.08,66.5,31.1,25.4,6.65,82.0,88.7,85.4,61.3,0.04,0.1,-0.07,0.98,5.8,1.47,0.29,0.04,0.57,0.16,28.6,0.57,0.16,0.07,0.25,20.8,0.0,0.0,0.0,0.04,0.02,0.02,75.1,2.2,19.1,35.9,20.7,0.9,75.1,0.2,23.8,0.53,61.9,40.6,0.16,0.86,0.24,47.7,2.49,1.47,1.55,2.49,1.47,54.5,1.22,1.1,0.94,1.14,3.63,1.22,0.08,2.33,2.33,0.0,0.0,0.08,0.0,0.12,0.04,0.12,0.12,0.0,0.0,0.08,0.0,0.12,0.04,0.0,1.02,1.18,0.12,2.2,1.14,1.55,0.0,0.04,0.0,5.14,0.73,50.0,,,,,,,,,,,,,,,,,,,,,,,,,,,,
Brooks Lennon,us USA,"DF,MF",Atlanta Utd,26,1997,33,33,2956,32.8,0.0,0.21,0.21,0.0,0.0,0.0,0.21,0.0,0.02,0.02,0.23,0.25,2.77,3.96,6.83,0.0,0.21,0.21,0.0,0.21,0.02,0.23,0.25,0.02,0.25,Matches,2024,32.8,44.3,21.8,16.3,5.27,56.6,24.0,19.9,10.2,78.3,91.1,82.1,51.8,784.4,244.4,44.3,21.8,16.3,5.27,56.6,24.0,19.9,10.2,78.3,91.1,82.1,51.8,44.3,21.8,16.3,5.27,56.6,24.0,19.9,10.2,78.3,91.1,82.1,51.8,44.3,21.8,16.3,5.27,56.6,24.0,19.9,10.2,78.3,91.1,82.1,51.8,0.21,0.25,-0.02,2.2,2.71,1.46,1.01,0.0,0.24,0.0,0.0,0.24,0.0,0.0,,16.2,0.03,0.0,0.0,0.08,-0.02,-0.02,65.8,4.09,18.6,25.3,22.1,1.77,65.8,0.4,39.4,0.55,54.5,32.3,0.55,0.79,0.49,38.7,1.55,0.85,0.95,1.55,0.85,58.3,0.61,0.82,0.55,1.19,2.74,2.99,0.0,3.2,3.2,0.06,0.0,0.06,0.0,0.0,0.0,0.27,0.27,0.06,0.0,0.06,0.0,0.0,0.0,0.0,1.07,0.46,0.12,7.8,1.19,0.95,0.0,0.03,0.0,4.18,1.04,59.6,,,,,,,,,,,,,,,,,,,,,,,,,,,,
Tucker Lepley,us USA,MF,LA Galaxy,22,2002,3,1,47,0.5,0.0,0.0,0.0,0.0,0.0,0.0,0.0,0.0,0.0,0.0,0.0,0.0,0.0,0.0,2.0,0.0,0.0,0.0,0.0,0.0,0.0,0.0,0.0,0.0,0.0,Matches,2024,0.5,32.0,14.0,14.0,2.0,34.0,14.0,14.0,4.0,94.1,100.0,100.0,50.0,544.0,194.0,32.0,14.0,14.0,2.0,34.0,14.0,14.0,4.0,94.1,100.0,100.0,50.0,32.0,14.0,14.0,2.0,34.0,14.0,14.0,4.0,94.1,100.0,100.0,50.0,32.0,14.0,14.0,2.0,34.0,14.0,14.0,4.0,94.1,100.0,100.0,50.0,0.0,0.0,0.0,0.0,0.0,0.0,0.0,0.0,0.0,0.0,,0.0,0.0,,,,0.0,0.0,0.0,,0.0,0.0,44.0,2.0,20.0,20.0,4.0,0.0,44.0,0.0,,0.0,,16.0,0.0,0.0,2.0,36.0,0.0,0.0,0.0,0.0,0.0,0.0,2.0,4.0,4.0,2.0,2.0,2.0,0.0,4.0,3.83,0.0,0.0,2.0,0.0,0.0,0.0,0.0,0.0,0.0,0.0,2.0,0.0,0.0,0.0,0.0,0.0,2.0,0.0,0.0,2.0,0.0,0.0,0.0,0.0,4.0,0.0,,,,,,,,,,,,,,,,,,,,,,,,,,,,,
Jonathan Lewis,us USA,FW,Colorado Rapids,26,1997,24,7,755,8.4,0.36,0.36,0.71,0.36,0.0,0.0,0.12,0.0,0.25,0.25,0.23,0.48,2.38,3.45,11.1,0.36,0.36,0.72,0.36,0.72,0.25,0.22,0.47,0.25,0.47,Matches,2024,8.4,19.5,13.1,4.88,0.24,25.7,14.9,6.55,0.83,75.9,88.0,74.5,28.6,243.2,70.8,19.5,13.1,4.88,0.24,25.7,14.9,6.55,0.83,75.9,88.0,74.5,28.6,19.5,13.1,4.88,0.24,25.7,14.9,6.55,0.83,75.9,88.0,74.5,28.6,19.5,13.1,4.88,0.24,25.7,14.9,6.55,0.83,75.9,88.0,74.5,28.6,0.36,0.29,0.13,1.55,0.6,1.67,0.0,0.36,2.02,0.6,29.4,2.03,0.6,0.18,0.6,15.0,0.0,0.0,0.0,0.12,0.11,0.11,36.0,0.48,3.57,10.7,21.9,4.88,36.0,1.31,52.4,0.95,38.1,22.0,1.31,1.79,0.83,26.2,2.02,0.6,1.31,2.02,0.6,50.0,0.6,0.83,0.83,0.12,2.14,0.48,0.0,3.45,3.45,0.48,0.0,0.0,0.0,0.24,0.0,0.36,0.36,0.48,0.0,0.0,0.0,0.24,0.0,0.0,0.71,1.31,0.83,1.43,0.12,1.31,0.0,0.12,0.0,3.21,1.07,52.9,,,,,,,,,,,,,,,,,,,,,,,,,,,,
Danny Leyva,us USA,MF,Seattle Sounders,20,2003,12,2,229,2.5,0.0,0.0,0.0,0.0,0.0,0.0,0.4,0.0,0.16,0.16,0.16,0.32,0.8,7.6,3.6,0.0,0.0,0.0,0.0,0.0,0.15,0.16,0.31,0.15,0.31,Matches,2024,2.5,57.6,32.0,15.6,6.8,72.0,34.0,18.0,15.2,80.0,94.1,86.7,44.7,975.6,298.8,57.6,32.0,15.6,6.8,72.0,34.0,18.0,15.2,80.0,94.1,86.7,44.7,57.6,32.0,15.6,6.8,72.0,34.0,18.0,15.2,80.0,94.1,86.7,44.7,57.6,32.0,15.6,6.8,72.0,34.0,18.0,15.2,80.0,94.1,86.7,44.7,0.0,0.28,-0.16,3.2,7.2,1.6,0.4,0.0,2.4,0.0,0.0,2.36,0.0,0.0,,19.7,0.0,0.0,0.0,0.06,-0.16,-0.16,83.2,2.0,16.0,44.0,24.0,1.2,83.2,0.8,50.0,0.8,50.0,48.0,0.0,0.8,1.2,58.0,1.6,0.0,0.8,1.6,0.0,0.0,0.8,2.4,2.4,2.4,4.0,2.8,0.0,5.2,5.11,0.0,0.0,0.8,0.0,0.0,0.0,0.0,0.0,0.0,0.0,0.8,0.0,0.0,0.0,0.0,2.0,4.8,0.0,6.8,2.4,0.8,0.0,0.0,0.0,6.8,1.6,100.0,,,,,,,,,,,,,,,,,,,,,,,,,,,,
Nick Lima,us USA,DF,NE Revolution,29,1994,25,20,1817,20.2,0.05,0.0,0.05,0.05,0.0,0.0,0.1,0.0,0.03,0.03,0.04,0.07,1.24,2.43,4.26,0.05,0.0,0.05,0.05,0.05,0.03,0.04,0.07,0.03,0.07,Matches,2024,20.2,38.7,18.3,16.5,3.17,49.3,20.1,20.4,6.53,78.5,90.9,80.8,48.5,675.7,196.7,38.7,18.3,16.5,3.17,49.3,20.1,20.4,6.53,78.5,90.9,80.8,48.5,38.7,18.3,16.5,3.17,49.3,20.1,20.4,6.53,78.5,90.9,80.8,48.5,38.7,18.3,16.5,3.17,49.3,20.1,20.4,6.53,78.5,90.9,80.8,48.5,0.0,0.06,-0.04,0.54,1.53,0.89,0.4,0.05,0.3,0.05,16.7,0.3,0.05,0.17,1.0,17.2,0.0,0.0,0.0,0.09,0.02,0.02,58.2,4.55,21.5,23.3,13.8,1.24,58.2,0.35,41.2,0.45,52.9,28.8,0.25,1.09,0.74,33.5,1.39,0.94,1.04,1.39,0.94,54.3,0.79,0.94,0.64,1.34,2.72,2.67,0.0,1.44,1.44,0.05,0.0,0.0,0.0,0.15,0.0,0.05,0.05,0.05,0.0,0.0,0.0,0.15,0.0,0.0,0.64,0.79,0.1,2.92,1.34,1.04,0.0,0.05,0.0,4.85,1.39,53.8,,,,,,,,,,,,,,,,,,,,,,,,,,,,
Jaylin Lindsey,us USA,DF,Charlotte,23,2000,7,3,303,3.4,0.0,0.0,0.0,0.0,0.0,0.0,0.29,0.0,0.0,0.0,0.06,0.06,3.82,7.06,5.29,0.0,0.0,0.0,0.0,0.0,0.0,0.05,0.05,0.0,0.05,Matches,2024,3.4,60.6,29.1,27.1,3.24,79.1,32.9,33.5,9.41,76.6,88.4,80.7,34.4,996.5,385.3,60.6,29.1,27.1,3.24,79.1,32.9,33.5,9.41,76.6,88.4,80.7,34.4,60.6,29.1,27.1,3.24,79.1,32.9,33.5,9.41,76.6,88.4,80.7,34.4,60.6,29.1,27.1,3.24,79.1,32.9,33.5,9.41,76.6,88.4,80.7,34.4,0.0,0.03,-0.06,0.59,5.0,0.29,0.29,0.0,0.0,0.0,,0.0,0.0,,,,0.0,0.0,0.0,,0.0,0.0,89.7,5.29,21.8,48.5,20.0,0.88,89.7,1.47,55.6,0.88,33.3,48.5,0.0,0.88,0.88,49.1,3.82,1.76,1.76,3.82,1.76,66.7,0.88,0.88,0.59,0.59,4.41,1.76,0.0,1.76,1.78,0.0,0.0,0.29,0.0,0.0,0.0,0.29,0.3,0.0,0.0,0.29,0.0,0.0,0.0,0.0,0.29,0.88,0.0,3.82,0.59,1.76,0.0,0.0,0.0,6.18,2.65,45.0,,,,,,,,,,,,,,,,,,,,,,,,,,,,
Sebastian Lletget,us USA,MF,FC Dallas,31,1992,31,20,1860,20.7,0.1,0.34,0.43,0.1,0.0,0.0,0.05,0.0,0.16,0.16,0.24,0.4,1.4,5.56,4.3,0.1,0.34,0.44,0.1,0.44,0.16,0.24,0.4,0.16,0.4,Matches,2024,20.7,49.4,26.5,17.4,4.06,57.2,27.9,19.8,6.76,86.3,95.0,87.8,60.0,784.5,224.9,49.4,26.5,17.4,4.06,57.2,27.9,19.8,6.76,86.3,95.0,87.8,60.0,49.4,26.5,17.4,4.06,57.2,27.9,19.8,6.76,86.3,95.0,87.8,60.0,49.4,26.5,17.4,4.06,57.2,27.9,19.8,6.76,86.3,95.0,87.8,60.0,0.34,0.25,0.1,2.13,3.96,1.3,0.43,0.1,0.87,0.43,50.0,0.87,0.44,0.11,0.22,17.5,0.0,0.0,0.0,0.19,-0.07,-0.07,66.1,2.46,14.6,34.6,17.2,1.55,66.1,0.63,46.4,0.48,35.7,37.8,0.05,1.4,0.68,47.8,1.59,0.53,1.06,1.59,0.53,44.0,0.68,0.92,0.72,0.63,2.22,1.4,0.0,3.33,3.33,0.0,0.0,0.1,0.0,0.1,0.0,0.43,0.43,0.0,0.0,0.1,0.0,0.1,0.0,0.0,0.87,1.64,0.19,4.54,0.63,1.06,0.0,0.0,0.0,4.15,0.43,42.9,,,,,,,,,,,,,,,,,,,,,,,,,,,,
Hugo Lloris,fr FRA,GK,LAFC,37,1986,33,33,2970,33.0,0.0,0.0,0.0,0.0,0.0,0.0,0.03,0.0,0.0,0.0,0.01,0.01,0.0,0.0,0.0,0.0,0.0,0.0,0.0,0.0,0.0,0.01,0.01,0.0,0.01,Matches,2024,33.0,23.8,3.15,11.8,8.76,33.3,3.24,11.9,18.1,71.4,97.2,99.5,48.5,686.4,480.9,23.8,3.15,11.8,8.76,33.3,3.24,11.9,18.1,71.4,97.2,99.5,48.5,23.8,3.15,11.8,8.76,33.3,3.24,11.9,18.1,71.4,97.2,99.5,48.5,23.8,3.15,11.8,8.76,33.3,3.24,11.9,18.1,71.4,97.2,99.5,48.5,0.0,0.0,-0.01,0.09,0.73,0.06,0.0,0.0,0.0,0.0,,0.0,0.0,,,,0.0,0.0,0.0,,0.0,0.0,35.0,28.3,34.8,0.12,0.0,0.0,35.0,0.0,,0.0,,20.2,0.0,0.0,0.0,16.6,0.03,0.03,0.03,0.03,0.03,33.3,0.06,0.0,0.0,0.0,0.03,0.36,0.09,0.24,0.24,0.0,0.0,0.0,0.0,0.0,0.0,0.09,0.09,0.0,0.0,0.0,0.0,0.0,0.0,0.0,0.0,0.06,0.0,0.0,0.0,0.03,0.0,0.0,0.0,0.91,0.15,100.0,1.21,0.03,0.18,0.09,1.16,0.28,0.04,0.04,26.5,3.73,38.7,43.9,36.0,38.0,13.8,38.7,43.9,36.0,38.0,13.8,14.4,0.88,6.1,0.79,0.79,36.0,38.0,13.8
Saba Lobzhanidze,ge GEO,"FW,MF",Atlanta Utd,29,1994,30,29,2454,27.3,0.33,0.11,0.44,0.33,0.0,0.0,0.04,0.0,0.39,0.39,0.14,0.53,3.74,2.45,9.3,0.33,0.11,0.44,0.33,0.44,0.39,0.14,0.53,0.39,0.53,Matches,2024,27.3,19.5,11.3,5.68,1.54,28.2,13.9,8.02,3.22,69.2,81.5,70.8,47.7,289.9,73.5,19.5,11.3,5.68,1.54,28.2,13.9,8.02,3.22,69.2,81.5,70.8,47.7,19.5,11.3,5.68,1.54,28.2,13.9,8.02,3.22,69.2,81.5,70.8,47.7,19.5,11.3,5.68,1.54,28.2,13.9,8.02,3.22,69.2,81.5,70.8,47.7,0.11,0.16,-0.03,1.39,0.92,1.17,0.44,0.33,3.0,0.99,32.9,3.01,0.99,0.11,0.33,15.6,0.22,0.0,0.0,0.13,-0.06,-0.06,38.9,0.88,4.14,11.3,24.1,5.75,38.9,0.84,38.3,1.21,55.0,24.2,1.83,1.9,0.92,27.9,0.73,0.26,0.55,0.73,0.26,25.0,0.77,0.84,0.7,0.62,1.36,0.33,0.0,3.0,3.01,0.22,0.0,0.11,0.0,0.04,0.0,0.29,0.29,0.22,0.0,0.11,0.0,0.04,0.0,0.0,0.22,0.18,0.33,4.1,0.62,0.55,0.04,0.0,0.0,2.6,0.26,33.3,,,,,,,,,,,,,,,,,,,,,,,,,,,,
Robin Lod,fi FIN,"MF,FW",Minnesota Utd,30,1993,32,28,2387,26.5,0.26,0.49,0.75,0.26,0.0,0.0,0.08,0.0,0.2,0.2,0.26,0.46,2.26,7.28,4.45,0.26,0.49,0.75,0.26,0.75,0.2,0.25,0.46,0.2,0.46,Matches,2024,26.5,34.0,18.3,11.9,2.42,42.6,21.1,14.3,4.3,79.6,87.1,83.1,56.1,529.2,200.1,34.0,18.3,11.9,2.42,42.6,21.1,14.3,4.3,79.6,87.1,83.1,56.1,34.0,18.3,11.9,2.42,42.6,21.1,14.3,4.3,79.6,87.1,83.1,56.1,34.0,18.3,11.9,2.42,42.6,21.1,14.3,4.3,79.6,87.1,83.1,56.1,0.49,0.28,0.23,1.85,4.38,2.53,0.23,0.26,1.51,0.53,35.0,1.51,0.53,0.18,0.5,18.5,0.08,0.0,0.0,0.13,0.06,0.06,51.8,1.09,7.17,26.2,19.3,2.79,51.8,1.36,52.2,1.21,46.4,31.0,0.64,1.81,1.21,36.8,1.7,0.75,1.17,1.7,0.75,55.6,0.6,0.6,0.53,0.6,2.3,0.57,0.0,3.62,3.62,0.15,0.08,0.04,0.0,0.08,0.0,0.68,0.68,0.15,0.08,0.04,0.0,0.08,0.0,0.0,1.28,0.75,0.08,2.04,0.6,1.17,0.0,0.0,0.0,4.68,0.3,25.8,,,,,,,,,,,,,,,,,,,,,,,,,,,,
Nicolás Lodeiro,uy URU,"MF,FW",Orlando City,34,1989,34,16,1707,19.0,0.05,0.37,0.42,0.05,0.0,0.0,0.05,0.0,0.13,0.13,0.27,0.39,2.11,10.6,5.47,0.05,0.37,0.42,0.05,0.42,0.13,0.27,0.4,0.13,0.4,Matches,2024,19.0,67.7,36.5,24.3,4.63,82.5,39.8,28.4,8.79,82.1,91.5,85.5,52.7,1049.9,355.1,67.7,36.5,24.3,4.63,82.5,39.8,28.4,8.79,82.1,91.5,85.5,52.7,67.7,36.5,24.3,4.63,82.5,39.8,28.4,8.79,82.1,91.5,85.5,52.7,67.7,36.5,24.3,4.63,82.5,39.8,28.4,8.79,82.1,91.5,85.5,52.7,0.37,0.3,0.1,2.26,6.84,2.0,0.42,0.05,1.79,0.42,23.5,1.79,0.42,0.03,0.13,18.6,0.16,0.0,0.0,0.07,-0.08,-0.08,92.6,1.05,11.5,46.5,34.8,2.79,92.6,0.37,36.8,0.53,52.6,52.3,0.37,1.53,0.84,69.8,1.89,1.0,1.05,1.89,1.0,36.5,1.74,1.42,1.26,0.74,2.63,0.47,0.0,5.05,5.06,0.05,0.0,0.0,0.0,0.0,0.0,0.74,0.74,0.05,0.0,0.0,0.0,0.0,0.0,0.0,0.84,1.37,0.32,5.47,0.74,1.05,0.0,0.11,0.0,5.63,0.47,32.1,,,,,,,,,,,,,,,,,,,,,,,,,,,,
Jasper Löffelsend,de GER,MF,Colorado Rapids,26,1997,18,2,343,3.8,0.0,0.0,0.0,0.0,0.0,0.0,0.79,0.0,0.03,0.03,0.0,0.05,1.05,4.47,1.58,0.0,0.0,0.0,0.0,0.0,0.04,0.01,0.05,0.04,0.05,Matches,2024,3.8,43.7,19.7,20.3,3.16,53.9,23.7,23.7,4.21,81.0,83.3,85.6,75.0,747.1,191.6,43.7,19.7,20.3,3.16,53.9,23.7,23.7,4.21,81.0,83.3,85.6,75.0,43.7,19.7,20.3,3.16,53.9,23.7,23.7,4.21,81.0,83.3,85.6,75.0,43.7,19.7,20.3,3.16,53.9,23.7,23.7,4.21,81.0,83.3,85.6,75.0,0.0,0.08,0.0,0.26,5.0,0.79,0.26,0.0,1.05,0.26,25.0,1.05,0.26,0.0,0.0,22.7,0.0,0.0,0.0,0.03,-0.03,-0.03,68.2,1.84,15.5,37.9,15.8,0.53,68.2,1.84,77.8,0.53,22.2,38.2,0.26,1.58,1.32,42.9,4.21,3.16,2.11,4.21,3.16,57.1,2.37,1.05,0.79,1.05,5.26,1.32,0.26,1.05,1.05,0.0,0.0,0.0,0.0,0.0,0.0,0.53,0.52,0.0,0.0,0.0,0.0,0.0,0.0,0.0,1.84,2.37,0.26,1.32,1.05,2.11,0.0,0.0,0.0,5.0,1.05,36.4,,,,,,,,,,,,,,,,,,,,,,,,,,,,
Aaron Long,us USA,DF,LAFC,31,1992,29,28,2374,26.4,0.04,0.0,0.04,0.04,0.0,0.0,0.11,0.0,0.02,0.02,0.0,0.02,0.19,2.5,0.15,0.04,0.0,0.04,0.04,0.04,0.02,0.0,0.02,0.02,0.02,Matches,2024,26.4,47.3,14.5,29.6,3.03,52.8,15.4,31.3,5.34,89.7,94.1,94.7,56.7,890.5,338.6,47.3,14.5,29.6,3.03,52.8,15.4,31.3,5.34,89.7,94.1,94.7,56.7,47.3,14.5,29.6,3.03,52.8,15.4,31.3,5.34,89.7,94.1,94.7,56.7,47.3,14.5,29.6,3.03,52.8,15.4,31.3,5.34,89.7,94.1,94.7,56.7,0.0,0.01,0.0,0.08,2.05,0.0,0.0,0.04,0.3,0.08,25.0,0.3,0.08,0.13,0.5,11.8,0.0,0.0,0.0,0.08,0.02,0.02,63.0,8.75,35.3,26.3,1.48,0.64,63.0,0.19,100.0,0.0,0.0,34.9,0.0,0.57,0.11,42.1,1.25,0.57,0.76,1.25,0.57,65.2,0.3,1.82,0.61,1.4,2.65,4.58,0.0,0.34,0.34,0.0,0.0,0.0,0.0,0.04,0.0,0.08,0.08,0.0,0.0,0.0,0.0,0.04,0.0,0.0,0.98,0.15,0.0,0.04,1.4,0.76,0.0,0.04,0.0,4.17,2.01,79.1,,,,,,,,,,,,,,,,,,,,,,,,,,,,
Kevin Long,ie IRL,DF,Toronto FC,33,1990,26,24,2114,23.5,0.0,0.0,0.0,0.0,0.0,0.0,0.38,0.04,0.01,0.01,0.03,0.04,0.13,1.83,0.09,0.0,0.0,0.0,0.0,0.0,0.01,0.03,0.04,0.01,0.04,Matches,2024,23.5,45.4,12.9,26.6,5.79,53.2,14.4,28.9,8.85,85.4,89.4,91.9,65.4,946.3,344.7,45.4,12.9,26.6,5.79,53.2,14.4,28.9,8.85,85.4,89.4,91.9,65.4,45.4,12.9,26.6,5.79,53.2,14.4,28.9,8.85,85.4,89.4,91.9,65.4,45.4,12.9,26.6,5.79,53.2,14.4,28.9,8.85,85.4,89.4,91.9,65.4,0.0,0.03,-0.03,0.3,2.26,0.04,0.0,0.0,0.26,0.04,16.7,0.26,0.04,0.0,0.0,10.9,0.0,0.0,0.0,0.03,-0.01,-0.01,64.1,11.0,41.1,21.6,1.45,1.06,64.1,0.04,50.0,0.04,50.0,33.8,0.04,0.43,0.21,41.3,1.74,0.89,0.81,1.74,0.89,70.0,0.38,1.49,0.72,0.77,2.51,4.85,0.09,0.51,0.51,0.0,0.0,0.0,0.0,0.0,0.0,0.04,0.04,0.0,0.0,0.0,0.0,0.0,0.0,0.04,1.28,0.6,0.09,0.0,0.77,0.81,0.0,0.0,0.0,3.36,3.91,75.4,,,,,,,,,,,,,,,,,,,,,,,,,,,,
Matthew Longstaff,eng ENG,MF,Toronto FC,23,2000,32,25,2220,24.7,0.08,0.08,0.16,0.08,0.0,0.0,0.24,0.0,0.12,0.12,0.06,0.18,1.3,5.71,3.85,0.08,0.08,0.16,0.08,0.16,0.12,0.06,0.18,0.12,0.18,Matches,2024,24.7,51.5,23.0,21.0,6.03,60.1,25.3,23.2,8.91,85.7,90.7,90.6,67.7,923.9,250.0,51.5,23.0,21.0,6.03,60.1,25.3,23.2,8.91,85.7,90.7,90.6,67.7,51.5,23.0,21.0,6.03,60.1,25.3,23.2,8.91,85.7,90.7,90.6,67.7,51.5,23.0,21.0,6.03,60.1,25.3,23.2,8.91,85.7,90.7,90.6,67.7,0.08,0.11,0.02,1.01,5.43,1.09,0.36,0.08,0.85,0.28,33.3,0.85,0.28,0.1,0.29,17.8,0.0,0.0,0.0,0.14,-0.04,-0.04,68.6,1.78,15.6,37.4,16.0,1.7,68.6,0.49,50.0,0.36,37.5,39.4,0.16,1.05,0.4,50.2,1.9,0.65,1.09,1.9,0.65,44.4,0.81,1.09,0.81,0.49,2.39,1.01,0.0,2.19,2.19,0.04,0.0,0.08,0.0,0.04,0.0,0.16,0.16,0.04,0.0,0.08,0.0,0.04,0.0,0.0,1.26,0.85,0.04,1.94,0.49,1.09,0.0,0.04,0.0,4.94,0.36,28.1,,,,,,,,,,,,,,,,,,,,,,,,,,,,
Antino Lopez,us USA,MF,Seattle Sounders,21,2002,1,0,6,0.1,0.0,0.0,0.0,0.0,0.0,0.0,0.0,0.0,0.0,0.0,0.0,0.0,0.0,20.0,0.0,0.0,0.0,0.0,0.0,0.0,0.0,0.0,0.0,0.0,0.0,Matches,2024,0.1,30.0,20.0,10.0,0.0,50.0,20.0,30.0,0.0,60.0,100.0,33.3,,440.0,110.0,30.0,20.0,10.0,0.0,50.0,20.0,30.0,0.0,60.0,100.0,33.3,,30.0,20.0,10.0,0.0,50.0,20.0,30.0,0.0,60.0,100.0,33.3,,30.0,20.0,10.0,0.0,50.0,20.0,30.0,0.0,60.0,100.0,33.3,,0.0,0.0,0.0,0.0,10.0,0.0,0.0,0.0,0.0,0.0,,0.0,0.0,,,,0.0,0.0,0.0,,0.0,0.0,50.0,0.0,10.0,20.0,20.0,0.0,50.0,0.0,,0.0,,30.0,0.0,0.0,0.0,40.0,0.0,0.0,0.0,0.0,0.0,,0.0,0.0,0.0,0.0,0.0,0.0,0.0,10.0,15.0,0.0,0.0,10.0,0.0,0.0,0.0,0.0,0.0,0.0,0.0,10.0,0.0,0.0,0.0,0.0,0.0,10.0,0.0,0.0,0.0,0.0,0.0,0.0,0.0,0.0,0.0,,,,,,,,,,,,,,,,,,,,,,,,,,,,,
Hernán López Muñoz,ar ARG,"MF,FW",SJ Earthquakes,23,2000,24,22,1819,20.2,0.3,0.1,0.4,0.3,0.0,0.0,0.2,0.0,0.21,0.21,0.14,0.36,1.98,5.45,3.17,0.3,0.1,0.4,0.3,0.4,0.21,0.14,0.35,0.21,0.35,Matches,2024,20.2,22.7,8.81,9.65,3.32,33.0,11.0,12.3,7.28,68.8,80.2,78.6,45.6,430.0,164.4,22.7,8.81,9.65,3.32,33.0,11.0,12.3,7.28,68.8,80.2,78.6,45.6,22.7,8.81,9.65,3.32,33.0,11.0,12.3,7.28,68.8,80.2,78.6,45.6,22.7,8.81,9.65,3.32,33.0,11.0,12.3,7.28,68.8,80.2,78.6,45.6,0.1,0.12,-0.04,1.63,4.06,1.49,0.2,0.3,2.18,0.5,22.7,2.18,0.49,0.14,0.6,23.8,0.05,0.0,0.0,0.1,0.08,0.08,48.8,0.3,5.0,26.7,18.0,2.08,48.8,2.28,37.1,3.12,50.8,30.9,0.54,3.66,2.43,34.9,2.52,0.64,1.58,2.52,0.64,31.0,1.44,0.69,0.69,0.79,3.32,0.35,0.05,4.26,4.26,0.35,0.0,0.5,0.0,0.25,0.05,0.25,0.25,0.35,0.0,0.5,0.0,0.25,0.05,0.0,1.24,2.87,0.2,2.48,0.79,1.58,0.0,0.0,0.0,4.85,0.2,33.3,,,,,,,,,,,,,,,,,,,,,,,,,,,,
Marvin Loría,cr CRC,MF,Portland Timbers,26,1997,1,0,1,0.0,0.0,0.0,0.0,0.0,0.0,0.0,0.0,0.0,0.0,0.0,0.0,0.0,0.0,0.0,0.0,0.0,0.0,0.0,0.0,0.0,0.0,0.0,0.0,0.0,0.0,Matches,2024,0.0,0.0,0.0,0.0,0.0,0.0,0.0,0.0,0.0,,,,,0.0,0.0,0.0,0.0,0.0,0.0,0.0,0.0,0.0,0.0,,,,,0.0,0.0,0.0,0.0,0.0,0.0,0.0,0.0,,,,,0.0,0.0,0.0,0.0,0.0,0.0,0.0,0.0,,,,,0.0,0.0,0.0,0.0,0.0,0.0,0.0,0.0,0.0,0.0,,0.0,0.0,,,,0.0,0.0,0.0,,0.0,0.0,0.0,0.0,0.0,0.0,0.0,0.0,0.0,0.0,,0.0,,0.0,0.0,0.0,0.0,0.0,0.0,0.0,0.0,0.0,0.0,,0.0,0.0,0.0,0.0,0.0,0.0,0.0,0.0,0.0,0.0,0.0,0.0,0.0,0.0,0.0,0.0,0.0,0.0,0.0,0.0,0.0,0.0,0.0,0.0,0.0,0.0,0.0,0.0,0.0,0.0,0.0,0.0,0.0,0.0,0.0,,,,,,,,,,,,,,,,,,,,,,,,,,,,,
Evan Louro,us USA,GK,FC Cincinnati,28,1996,1,1,90,1.0,0.0,0.0,0.0,0.0,0.0,0.0,0.0,0.0,0.0,0.0,0.0,0.0,0.0,0.0,0.0,0.0,0.0,0.0,0.0,0.0,0.0,0.0,0.0,0.0,0.0,Matches,2024,1.0,17.0,7.0,8.0,2.0,24.0,7.0,8.0,8.0,70.8,100.0,100.0,25.0,352.0,231.0,17.0,7.0,8.0,2.0,24.0,7.0,8.0,8.0,70.8,100.0,100.0,25.0,17.0,7.0,8.0,2.0,24.0,7.0,8.0,8.0,70.8,100.0,100.0,25.0,17.0,7.0,8.0,2.0,24.0,7.0,8.0,8.0,70.8,100.0,100.0,25.0,0.0,0.0,0.0,0.0,1.0,0.0,0.0,0.0,0.0,0.0,,0.0,0.0,,,,0.0,0.0,0.0,,0.0,0.0,28.0,25.0,27.0,1.0,0.0,0.0,28.0,0.0,,0.0,,10.0,0.0,0.0,0.0,12.0,0.0,0.0,0.0,0.0,0.0,,0.0,0.0,0.0,0.0,0.0,0.0,0.0,0.0,0.0,0.0,0.0,0.0,0.0,0.0,0.0,0.0,0.0,0.0,0.0,0.0,0.0,0.0,0.0,0.0,0.0,0.0,0.0,0.0,0.0,0.0,0.0,0.0,0.0,0.0,0.0,,2.0,0.0,0.0,0.0,1.8,0.18,-0.2,-0.18,17.0,4.0,41.2,16.7,34.0,20.8,,41.2,16.7,34.0,20.8,,15.0,0.0,0.0,0.0,0.0,34.0,20.8,
Daniel Lovitz,us USA,DF,Nashville SC,32,1991,28,25,2269,25.2,0.0,0.0,0.0,0.0,0.0,0.0,0.2,0.0,0.0,0.0,0.06,0.06,1.19,4.72,2.54,0.0,0.0,0.0,0.0,0.0,0.0,0.06,0.06,0.0,0.06,Matches,2024,25.2,42.9,15.3,21.9,5.48,56.3,17.5,26.2,11.0,76.3,87.1,83.6,49.6,848.2,339.8,42.9,15.3,21.9,5.48,56.3,17.5,26.2,11.0,76.3,87.1,83.6,49.6,42.9,15.3,21.9,5.48,56.3,17.5,26.2,11.0,76.3,87.1,83.6,49.6,42.9,15.3,21.9,5.48,56.3,17.5,26.2,11.0,76.3,87.1,83.6,49.6,0.0,0.1,-0.06,0.95,3.81,0.99,0.6,0.0,0.12,0.0,0.0,0.12,0.0,0.0,,22.0,0.0,0.0,0.0,0.01,0.0,0.0,63.5,3.85,22.4,30.3,11.3,0.32,63.5,0.24,37.5,0.32,50.0,30.1,0.04,0.44,0.24,38.4,1.47,1.03,1.15,1.47,1.03,56.5,0.79,0.83,0.48,1.03,2.5,2.42,0.04,2.14,2.14,0.0,0.0,0.12,0.0,0.0,0.0,0.12,0.12,0.0,0.0,0.12,0.0,0.0,0.0,0.0,0.83,0.83,0.0,2.9,1.03,1.15,0.0,0.0,0.0,3.61,1.19,68.2,,,,,,,,,,,,,,,,,,,,,,,,,,,,
Damion Lowe,jm JAM,DF,Philadelphia Union,30,1993,12,12,964,10.7,0.0,0.0,0.0,0.0,0.0,0.0,0.47,0.0,0.07,0.07,0.01,0.09,0.37,2.24,0.28,0.0,0.0,0.0,0.0,0.0,0.08,0.01,0.09,0.08,0.09,Matches,2024,10.7,35.4,12.0,16.0,7.2,45.7,13.6,19.9,11.5,77.5,88.3,80.3,62.6,754.3,303.7,35.4,12.0,16.0,7.2,45.7,13.6,19.9,11.5,77.5,88.3,80.3,62.6,35.4,12.0,16.0,7.2,45.7,13.6,19.9,11.5,77.5,88.3,80.3,62.6,35.4,12.0,16.0,7.2,45.7,13.6,19.9,11.5,77.5,88.3,80.3,62.6,0.0,0.02,-0.01,0.37,2.62,0.09,0.0,0.0,1.12,0.19,16.7,1.12,0.19,0.0,0.0,17.0,0.0,0.0,0.0,0.07,-0.07,-0.07,59.5,7.48,31.6,24.4,4.11,1.12,59.5,0.09,25.0,0.28,75.0,28.2,0.0,0.65,0.28,31.5,1.78,1.21,1.68,1.78,1.21,68.4,0.56,2.15,1.31,1.78,3.55,4.77,0.0,1.12,1.12,0.0,0.0,0.0,0.0,0.19,0.0,0.0,0.0,0.0,0.0,0.0,0.0,0.19,0.0,0.0,1.87,0.93,0.28,0.19,1.78,1.68,0.0,0.0,0.0,5.7,3.18,65.4,,,,,,,,,,,,,,,,,,,,,,,,,,,,
Eduard Löwen,de GER,MF,St. Louis,27,1997,23,21,1858,20.6,0.24,0.1,0.34,0.1,0.15,0.19,0.15,0.0,0.26,0.11,0.23,0.34,2.86,7.96,2.82,0.24,0.1,0.34,0.1,0.19,0.26,0.23,0.49,0.11,0.34,Matches,2024,20.6,49.2,23.4,18.7,5.97,66.0,26.3,23.2,12.7,74.6,89.1,80.8,47.1,891.3,349.4,49.2,23.4,18.7,5.97,66.0,26.3,23.2,12.7,74.6,89.1,80.8,47.1,49.2,23.4,18.7,5.97,66.0,26.3,23.2,12.7,74.6,89.1,80.8,47.1,49.2,23.4,18.7,5.97,66.0,26.3,23.2,12.7,74.6,89.1,80.8,47.1,0.1,0.29,-0.14,2.18,7.18,1.8,0.29,0.24,2.38,0.63,26.5,2.37,0.63,0.04,0.15,27.4,0.53,0.15,0.19,0.05,-0.01,-0.01,79.1,1.55,13.6,43.3,23.3,2.09,78.9,1.31,42.2,1.46,46.9,45.5,0.78,1.6,1.41,53.1,2.14,1.07,1.5,2.14,1.07,44.0,1.36,1.36,1.02,0.58,2.72,0.68,0.1,4.42,4.41,0.1,0.0,0.15,0.0,0.05,0.0,0.39,0.39,0.1,0.0,0.15,0.0,0.05,0.0,0.0,1.75,1.26,0.1,5.73,0.58,1.5,0.0,0.0,0.0,6.99,0.68,56.0,,,,,,,,,,,,,,,,,,,,,,,,,,,,
Diego Luna,us USA,FW,Real Salt Lake,20,2003,31,26,2207,24.5,0.33,0.33,0.65,0.33,0.0,0.0,0.2,0.0,0.25,0.25,0.24,0.49,2.41,4.86,5.96,0.33,0.33,0.65,0.33,0.65,0.25,0.24,0.49,0.25,0.49,Matches,2024,24.5,36.9,19.7,13.5,2.57,45.6,22.2,15.8,4.69,80.9,88.6,85.1,54.8,589.3,135.8,36.9,19.7,13.5,2.57,45.6,22.2,15.8,4.69,80.9,88.6,85.1,54.8,36.9,19.7,13.5,2.57,45.6,22.2,15.8,4.69,80.9,88.6,85.1,54.8,36.9,19.7,13.5,2.57,45.6,22.2,15.8,4.69,80.9,88.6,85.1,54.8,0.33,0.18,0.09,2.12,3.43,1.22,0.12,0.33,2.29,0.9,39.3,2.28,0.9,0.14,0.36,19.8,0.08,0.0,0.0,0.12,0.07,0.07,57.4,0.53,5.02,28.6,24.4,3.47,57.4,1.47,44.4,1.59,48.1,34.7,0.9,2.78,1.67,42.5,1.43,0.49,0.9,1.43,0.49,50.0,0.49,1.06,0.98,0.53,1.96,0.45,0.0,4.45,4.45,0.33,0.04,0.29,0.0,0.04,0.0,0.45,0.45,0.33,0.04,0.29,0.0,0.04,0.0,0.0,1.27,1.35,0.0,2.16,0.53,0.9,0.0,0.0,0.0,4.08,0.37,37.5,,,,,,,,,,,,,,,,,,,,,,,,,,,,
Benjamin Lundt,de GER,GK,St. Louis,28,1995,3,2,239,2.7,0.0,0.0,0.0,0.0,0.0,0.0,0.0,0.0,0.0,0.0,0.0,0.0,0.0,0.0,0.0,0.0,0.0,0.0,0.0,0.0,0.0,0.0,0.0,0.0,0.0,Matches,2024,2.7,21.5,1.48,10.7,9.26,31.1,1.48,10.7,18.9,69.0,100.0,100.0,49.0,698.9,574.8,21.5,1.48,10.7,9.26,31.1,1.48,10.7,18.9,69.0,100.0,100.0,49.0,21.5,1.48,10.7,9.26,31.1,1.48,10.7,18.9,69.0,100.0,100.0,49.0,21.5,1.48,10.7,9.26,31.1,1.48,10.7,18.9,69.0,100.0,100.0,49.0,0.0,0.0,0.0,0.0,0.37,0.0,0.0,0.0,0.0,0.0,,0.0,0.0,,,,0.0,0.0,0.0,,0.0,0.0,33.0,27.0,32.6,0.37,0.0,0.0,33.0,0.0,,0.0,,15.9,0.0,0.0,0.0,8.52,0.0,0.0,0.0,0.0,0.0,,0.0,0.0,0.0,0.0,0.0,0.0,0.0,0.0,0.0,0.0,0.0,0.0,0.0,0.0,0.0,0.0,0.0,0.0,0.0,0.0,0.0,0.0,0.0,0.0,0.0,0.0,0.0,0.0,0.0,0.0,0.0,0.0,0.0,1.11,0.37,100.0,2.96,0.0,0.0,0.0,1.89,0.34,-1.07,-1.1,21.9,4.44,47.5,52.0,38.5,44.6,16.3,47.5,52.0,38.5,44.6,16.3,16.3,1.11,6.8,1.48,1.51,38.5,44.6,16.3
Jack Lynn,us USA,"FW,MF",Orlando City,24,2000,11,2,256,2.8,0.71,0.0,0.71,0.71,0.0,0.0,0.0,0.0,0.89,0.89,0.0,0.89,1.43,1.07,6.07,0.7,0.0,0.7,0.7,0.7,0.86,0.0,0.86,0.86,0.86,Matches,2024,2.8,16.1,10.4,3.93,0.36,23.9,13.6,6.79,1.43,67.2,76.3,57.9,25.0,200.7,44.3,16.1,10.4,3.93,0.36,23.9,13.6,6.79,1.43,67.2,76.3,57.9,25.0,16.1,10.4,3.93,0.36,23.9,13.6,6.79,1.43,67.2,76.3,57.9,25.0,16.1,10.4,3.93,0.36,23.9,13.6,6.79,1.43,67.2,76.3,57.9,25.0,0.0,0.04,0.0,0.0,0.36,0.71,0.36,0.71,2.14,1.07,50.0,2.11,1.05,0.33,0.67,7.6,0.0,0.0,0.0,0.41,-0.18,-0.18,34.3,0.71,4.29,15.0,15.0,4.29,34.3,0.36,20.0,1.43,80.0,18.6,0.71,2.14,3.21,24.6,0.71,0.36,0.71,0.71,0.36,16.7,1.79,0.71,0.36,0.0,0.71,0.71,0.0,0.36,0.35,0.0,0.0,0.0,0.0,0.0,0.0,0.0,0.0,0.0,0.0,0.0,0.0,0.0,0.0,0.0,1.79,0.71,2.14,1.43,0.0,0.71,0.0,0.0,0.0,2.5,1.79,29.4,,,,,,,,,,,,,,,,,,,,,,,,,,,,
Larrys Mabiala,cd COD,DF,Portland Timbers,36,1987,1,1,45,0.5,0.0,0.0,0.0,0.0,0.0,0.0,0.0,0.0,0.0,0.0,0.0,0.0,0.0,4.0,0.0,0.0,0.0,0.0,0.0,0.0,0.07,0.0,0.07,0.07,0.07,Matches,2024,0.5,74.0,34.0,36.0,4.0,82.0,34.0,38.0,8.0,90.2,100.0,94.7,50.0,1258.0,556.0,74.0,34.0,36.0,4.0,82.0,34.0,38.0,8.0,90.2,100.0,94.7,50.0,74.0,34.0,36.0,4.0,82.0,34.0,38.0,8.0,90.2,100.0,94.7,50.0,74.0,34.0,36.0,4.0,82.0,34.0,38.0,8.0,90.2,100.0,94.7,50.0,0.0,0.0,0.0,0.0,4.0,0.0,0.0,0.0,2.0,0.0,0.0,2.0,0.0,0.0,,10.8,0.0,0.0,0.0,0.04,0.0,0.0,94.0,8.0,48.0,44.0,2.0,2.0,94.0,0.0,,0.0,,52.0,0.0,2.0,2.0,64.0,0.0,0.0,0.0,0.0,0.0,,0.0,4.0,2.0,0.0,0.0,2.0,2.0,0.0,0.0,0.0,0.0,0.0,0.0,0.0,0.0,0.0,0.0,0.0,0.0,0.0,0.0,0.0,0.0,0.0,0.0,0.0,0.0,0.0,0.0,0.0,0.0,0.0,0.0,6.0,2.0,33.3,,,,,,,,,,,,,,,,,,,,,,,,,,,,
Aimé Mabika,zm ZAM,DF,Toronto FC,25,1998,12,3,464,5.2,0.0,0.0,0.0,0.0,0.0,0.0,0.38,0.0,0.1,0.1,0.0,0.1,0.19,2.69,0.19,0.0,0.0,0.0,0.0,0.0,0.09,0.01,0.1,0.09,0.1,Matches,2024,5.2,36.5,12.3,19.4,4.04,44.4,14.6,21.9,5.77,82.3,84.2,88.6,70.0,704.0,299.6,36.5,12.3,19.4,4.04,44.4,14.6,21.9,5.77,82.3,84.2,88.6,70.0,36.5,12.3,19.4,4.04,44.4,14.6,21.9,5.77,82.3,84.2,88.6,70.0,36.5,12.3,19.4,4.04,44.4,14.6,21.9,5.77,82.3,84.2,88.6,70.0,0.0,0.0,0.0,0.19,1.54,0.19,0.0,0.0,0.77,0.0,0.0,0.78,0.0,0.0,,13.2,0.0,0.0,0.0,0.12,-0.1,-0.1,56.2,9.04,31.0,21.9,3.46,1.15,56.2,0.38,66.7,0.19,33.3,27.7,0.0,0.77,0.58,29.4,1.15,0.0,0.77,1.15,0.0,0.0,0.19,1.73,0.58,0.96,2.12,5.58,0.19,0.58,0.58,0.0,0.0,0.0,0.0,0.0,0.0,0.0,0.0,0.0,0.0,0.0,0.0,0.0,0.0,0.0,1.92,0.38,0.0,0.19,0.96,0.77,0.0,0.19,0.0,6.54,4.04,72.4,,,,,,,,,,,,,,,,,,,,,,,,,,,,
Zac MacMath,us USA,GK,Real Salt Lake,32,1991,23,23,2070,23.0,0.0,0.0,0.0,0.0,0.0,0.0,0.13,0.0,0.0,0.0,0.02,0.02,0.0,0.17,0.0,0.0,0.0,0.0,0.0,0.0,0.0,0.02,0.02,0.0,0.02,Matches,2024,23.0,32.7,6.17,17.1,9.22,41.4,6.26,17.4,17.4,78.9,98.6,98.3,53.0,854.1,617.7,32.7,6.17,17.1,9.22,41.4,6.26,17.4,17.4,78.9,98.6,98.3,53.0,32.7,6.17,17.1,9.22,41.4,6.26,17.4,17.4,78.9,98.6,98.3,53.0,32.7,6.17,17.1,9.22,41.4,6.26,17.4,17.4,78.9,98.6,98.3,53.0,0.0,0.0,-0.02,0.22,1.35,0.13,0.0,0.0,0.0,0.0,,0.0,0.0,,,,0.0,0.0,0.0,,0.0,0.0,43.7,29.6,42.7,0.91,0.0,0.0,43.7,0.04,100.0,0.0,0.0,26.8,0.0,0.13,0.0,22.1,0.0,0.0,0.0,0.0,0.0,,0.0,0.0,0.0,0.09,0.09,0.57,0.3,0.43,0.43,0.0,0.0,0.0,0.0,0.0,0.0,0.0,0.0,0.0,0.0,0.0,0.0,0.0,0.0,0.0,0.0,0.09,0.0,0.0,0.09,0.0,0.0,0.0,0.0,1.78,0.3,100.0,1.22,0.04,0.04,0.04,1.11,0.26,-0.07,-0.07,34.7,5.26,30.0,30.2,32.3,32.4,15.5,30.0,30.2,32.3,32.4,15.5,11.0,0.87,7.9,1.39,1.39,32.3,32.4,15.5
Lukas MacNaughton,ca CAN,DF,Nashville SC,28,1995,6,5,411,4.6,0.0,0.0,0.0,0.0,0.0,0.0,0.22,0.0,0.09,0.09,0.02,0.11,0.22,3.26,0.22,0.0,0.0,0.0,0.0,0.0,0.09,0.03,0.12,0.09,0.12,Matches,2024,4.6,51.1,12.6,28.7,9.57,60.4,13.0,32.4,13.5,84.5,96.7,88.6,71.0,1144.3,416.7,51.1,12.6,28.7,9.57,60.4,13.0,32.4,13.5,84.5,96.7,88.6,71.0,51.1,12.6,28.7,9.57,60.4,13.0,32.4,13.5,84.5,96.7,88.6,71.0,51.1,12.6,28.7,9.57,60.4,13.0,32.4,13.5,84.5,96.7,88.6,71.0,0.0,0.02,-0.02,0.22,2.17,0.0,0.0,0.0,0.87,0.43,50.0,0.88,0.44,0.0,0.0,7.4,0.0,0.0,0.0,0.11,-0.09,-0.09,70.7,10.4,40.2,26.1,4.57,0.65,70.7,0.0,,0.0,,32.0,0.0,0.43,0.0,42.2,1.3,0.43,0.87,1.3,0.43,40.0,0.65,1.09,0.22,0.87,2.17,5.22,0.0,1.09,1.09,0.0,0.0,0.0,0.0,0.0,0.0,0.0,0.0,0.0,0.0,0.0,0.0,0.0,0.0,0.0,0.43,0.65,0.0,0.43,0.87,0.87,0.0,0.0,0.0,3.26,2.39,50.0,,,,,,,,,,,,,,,,,,,,,,,,,,,,
Talles Magno,br BRA,"FW,MF",NYCFC,21,2002,3,0,68,0.8,1.25,0.0,1.25,0.0,1.25,1.25,0.0,0.0,1.13,0.13,0.13,0.25,2.5,3.75,10.0,1.32,0.0,1.32,0.0,0.0,1.16,0.14,1.3,0.12,0.26,Matches,2024,0.8,26.3,21.3,3.75,0.0,37.5,25.0,10.0,0.0,70.0,85.0,37.5,,288.8,73.8,26.3,21.3,3.75,0.0,37.5,25.0,10.0,0.0,70.0,85.0,37.5,,26.3,21.3,3.75,0.0,37.5,25.0,10.0,0.0,70.0,85.0,37.5,,26.3,21.3,3.75,0.0,37.5,25.0,10.0,0.0,70.0,85.0,37.5,,0.0,0.13,-0.13,1.25,0.0,2.5,0.0,1.25,2.5,1.25,50.0,2.65,1.32,0.0,0.0,20.4,0.0,1.25,1.25,0.04,0.13,-0.13,56.3,3.75,8.75,15.0,32.5,7.5,55.0,0.0,0.0,1.25,100.0,25.0,1.25,5.0,1.25,37.5,6.25,3.75,6.25,6.25,3.75,75.0,1.25,0.0,0.0,0.0,6.25,3.75,0.0,2.5,2.65,0.0,0.0,1.25,1.25,0.0,0.0,1.25,1.32,0.0,0.0,1.25,1.25,0.0,0.0,0.0,2.5,1.25,0.0,1.25,0.0,6.25,1.25,0.0,0.0,1.25,6.25,62.5,,,,,,,,,,,,,,,,,,,,,,,,,,,,
Jack Maher,us USA,DF,Nashville SC,24,1999,28,27,2428,27.0,0.04,0.0,0.04,0.04,0.0,0.0,0.07,0.0,0.05,0.05,0.0,0.05,0.15,1.48,0.15,0.04,0.0,0.04,0.04,0.04,0.05,0.0,0.05,0.05,0.05,Matches,2024,27.0,49.1,11.7,31.3,5.81,55.5,12.9,33.0,8.89,88.5,91.4,94.7,65.4,1034.6,343.6,49.1,11.7,31.3,5.81,55.5,12.9,33.0,8.89,88.5,91.4,94.7,65.4,49.1,11.7,31.3,5.81,55.5,12.9,33.0,8.89,88.5,91.4,94.7,65.4,49.1,11.7,31.3,5.81,55.5,12.9,33.0,8.89,88.5,91.4,94.7,65.4,0.0,0.01,0.0,0.04,1.59,0.07,0.0,0.04,0.26,0.07,28.6,0.26,0.07,0.14,0.5,5.8,0.0,0.0,0.0,0.19,-0.01,-0.01,64.5,9.48,38.5,24.9,1.22,0.59,64.5,0.0,,0.0,,33.4,0.0,0.22,0.11,45.1,1.15,0.81,0.78,1.15,0.81,73.3,0.3,1.48,0.44,1.04,2.19,4.11,0.0,0.33,0.33,0.0,0.0,0.0,0.0,0.04,0.0,0.04,0.04,0.0,0.0,0.0,0.0,0.04,0.0,0.0,0.89,0.07,0.0,0.11,1.04,0.78,0.0,0.07,0.0,2.93,1.74,54.0,,,,,,,,,,,,,,,,,,,,,,,,,,,,
Cassius Mailula,za RSA,"MF,DF",Toronto FC,22,2001,2,0,19,0.2,0.0,0.0,0.0,0.0,0.0,0.0,0.0,0.0,2.0,2.0,0.0,2.0,5.0,0.0,20.0,0.0,0.0,0.0,0.0,0.0,1.69,0.0,1.69,1.69,1.69,Matches,2024,0.2,30.0,30.0,0.0,0.0,50.0,40.0,5.0,0.0,60.0,75.0,0.0,,360.0,40.0,30.0,30.0,0.0,0.0,50.0,40.0,5.0,0.0,60.0,75.0,0.0,,30.0,30.0,0.0,0.0,50.0,40.0,5.0,0.0,60.0,75.0,0.0,,30.0,30.0,0.0,0.0,50.0,40.0,5.0,0.0,60.0,75.0,0.0,,0.0,0.0,0.0,0.0,5.0,0.0,0.0,0.0,10.0,5.0,50.0,9.47,4.74,0.0,0.0,13.6,0.0,0.0,0.0,0.18,-2.0,-2.0,90.0,0.0,15.0,25.0,50.0,15.0,90.0,5.0,50.0,5.0,50.0,60.0,5.0,10.0,0.0,65.0,0.0,0.0,0.0,0.0,0.0,,0.0,5.0,5.0,5.0,5.0,0.0,0.0,5.0,4.74,5.0,0.0,0.0,0.0,0.0,0.0,0.0,0.0,5.0,0.0,0.0,0.0,0.0,0.0,0.0,10.0,5.0,0.0,0.0,5.0,0.0,0.0,0.0,0.0,10.0,5.0,100.0,,,,,,,,,,,,,,,,,,,,,,,,,,,,
Adilson Malanda,fr FRA,DF,Charlotte,22,2001,32,32,2880,32.0,0.03,0.0,0.03,0.03,0.0,0.0,0.09,0.0,0.04,0.04,0.02,0.05,0.22,2.94,0.19,0.03,0.0,0.03,0.03,0.03,0.04,0.02,0.05,0.04,0.05,Matches,2024,32.0,48.2,12.0,27.4,8.19,56.5,12.9,29.6,13.0,85.4,93.4,92.7,63.1,1067.4,440.5,48.2,12.0,27.4,8.19,56.5,12.9,29.6,13.0,85.4,93.4,92.7,63.1,48.2,12.0,27.4,8.19,56.5,12.9,29.6,13.0,85.4,93.4,92.7,63.1,48.2,12.0,27.4,8.19,56.5,12.9,29.6,13.0,85.4,93.4,92.7,63.1,0.0,0.01,-0.02,0.16,2.75,0.06,0.0,0.03,0.19,0.09,50.0,0.19,0.09,0.17,0.33,17.2,0.03,0.0,0.0,0.2,-0.01,-0.01,65.6,10.2,36.9,28.1,1.09,0.44,65.6,0.22,70.0,0.06,20.0,37.3,0.0,0.22,0.19,44.3,1.19,0.84,0.72,1.19,0.84,71.1,0.34,1.44,0.41,1.06,2.25,4.81,0.06,0.56,0.56,0.0,0.0,0.03,0.03,0.06,0.03,0.09,0.09,0.0,0.0,0.03,0.03,0.06,0.03,0.0,0.69,0.66,0.0,0.16,1.06,0.72,0.0,0.03,0.0,4.66,1.5,52.7,,,,,,,,,,,,,,,,,,,,,,,,,,,,
Elias Manoel,br BRA,FW,NY Red Bulls,22,2001,33,17,1547,17.2,0.47,0.06,0.52,0.41,0.06,0.12,0.06,0.0,0.62,0.52,0.07,0.6,1.16,1.16,5.52,0.47,0.06,0.52,0.41,0.47,0.62,0.07,0.69,0.53,0.6,Matches,2024,17.2,11.2,5.64,4.36,0.58,17.4,8.14,5.81,1.16,64.5,69.3,75.0,50.0,171.6,28.8,11.2,5.64,4.36,0.58,17.4,8.14,5.81,1.16,64.5,69.3,75.0,50.0,11.2,5.64,4.36,0.58,17.4,8.14,5.81,1.16,64.5,69.3,75.0,50.0,11.2,5.64,4.36,0.58,17.4,8.14,5.81,1.16,64.5,69.3,75.0,50.0,0.06,0.06,-0.01,0.58,0.81,0.29,0.0,0.47,3.37,1.16,34.5,3.37,1.16,0.12,0.35,16.9,0.0,0.06,0.12,0.16,-0.15,-0.12,27.0,0.17,0.87,10.6,15.9,4.94,26.9,0.47,34.8,0.76,56.5,15.9,0.76,2.09,0.99,19.2,0.35,0.17,0.12,0.35,0.17,20.0,0.7,0.7,0.64,0.35,0.7,0.23,0.0,2.38,2.39,0.17,0.0,0.35,0.06,0.0,0.0,0.35,0.35,0.17,0.0,0.35,0.06,0.0,0.0,0.0,1.05,0.87,0.58,0.29,0.35,0.12,0.12,0.0,0.0,1.74,1.98,38.2,,,,,,,,,,,,,,,,,,,,,,,,,,,,
Dominik Marczuk,pl POL,FW,Real Salt Lake,20,2003,8,5,452,5.0,0.2,0.2,0.4,0.2,0.0,0.0,0.0,0.0,0.16,0.16,0.26,0.42,4.6,5.0,14.0,0.2,0.2,0.4,0.2,0.4,0.16,0.26,0.41,0.16,0.41,Matches,2024,5.0,25.2,14.8,8.8,1.2,34.4,17.0,12.8,2.2,73.3,87.1,68.8,54.5,376.2,125.4,25.2,14.8,8.8,1.2,34.4,17.0,12.8,2.2,73.3,87.1,68.8,54.5,25.2,14.8,8.8,1.2,34.4,17.0,12.8,2.2,73.3,87.1,68.8,54.5,25.2,14.8,8.8,1.2,34.4,17.0,12.8,2.2,73.3,87.1,68.8,54.5,0.2,0.14,-0.06,1.4,2.6,1.8,0.6,0.2,1.2,0.6,50.0,1.19,0.6,0.17,0.33,14.2,0.0,0.0,0.0,0.13,0.04,0.04,47.4,1.2,6.0,17.2,25.2,4.0,47.4,1.2,33.3,2.2,61.1,26.4,2.0,3.0,1.0,34.2,1.6,0.8,1.4,1.6,0.8,57.1,0.6,0.4,0.4,0.4,2.0,1.6,0.2,4.4,4.38,0.4,0.2,0.4,0.0,0.2,0.2,0.6,0.6,0.4,0.2,0.4,0.0,0.2,0.2,0.0,0.2,2.2,0.4,3.0,0.4,1.4,0.0,0.0,0.0,5.0,0.0,0.0,,,,,,,,,,,,,,,,,,,,,,,,,,,,
Paul Marie,fr FRA,"DF,FW",SJ Earthquakes,28,1995,30,16,1537,17.1,0.18,0.06,0.23,0.18,0.0,0.0,0.23,0.0,0.1,0.1,0.13,0.23,2.4,4.04,5.15,0.18,0.06,0.23,0.18,0.23,0.1,0.13,0.23,0.1,0.23,Matches,2024,17.1,35.4,17.4,14.7,2.57,45.4,19.7,17.4,6.02,78.0,88.4,84.2,42.7,587.3,217.5,35.4,17.4,14.7,2.57,45.4,19.7,17.4,6.02,78.0,88.4,84.2,42.7,35.4,17.4,14.7,2.57,45.4,19.7,17.4,6.02,78.0,88.4,84.2,42.7,35.4,17.4,14.7,2.57,45.4,19.7,17.4,6.02,78.0,88.4,84.2,42.7,0.06,0.14,-0.07,0.88,2.63,1.11,0.35,0.18,0.58,0.35,60.0,0.59,0.35,0.3,0.5,18.3,0.06,0.0,0.0,0.17,0.08,0.08,58.8,3.39,19.5,25.6,14.6,1.4,58.8,0.88,44.1,1.05,52.9,27.7,0.35,1.29,0.53,32.0,2.92,1.93,1.87,2.92,1.93,50.0,1.93,1.75,1.4,1.4,4.33,3.39,0.0,1.87,1.87,0.12,0.0,0.06,0.0,0.06,0.0,0.06,0.06,0.12,0.0,0.06,0.0,0.06,0.0,0.0,1.7,1.17,0.12,1.93,1.4,1.87,0.0,0.06,0.0,4.85,0.41,29.2,,,,,,,,,,,,,,,,,,,,,,,,,,,,
Anthony Markanich,ph PHI,"MF,DF",Minnesota Utd,24,1999,2,1,62,0.7,0.0,0.0,0.0,0.0,0.0,0.0,0.0,0.0,0.0,0.0,0.43,0.43,0.0,4.29,10.0,0.0,0.0,0.0,0.0,0.0,0.06,0.42,0.48,0.06,0.48,Matches,2024,0.7,38.6,20.0,17.1,0.0,48.6,22.9,24.3,0.0,79.4,87.5,70.6,,548.6,178.6,38.6,20.0,17.1,0.0,48.6,22.9,24.3,0.0,79.4,87.5,70.6,,38.6,20.0,17.1,0.0,48.6,22.9,24.3,0.0,79.4,87.5,70.6,,38.6,20.0,17.1,0.0,48.6,22.9,24.3,0.0,79.4,87.5,70.6,,0.0,0.14,-0.43,2.86,0.0,1.43,0.0,0.0,2.86,1.43,50.0,2.9,1.45,0.0,0.0,12.2,0.0,0.0,0.0,0.02,0.0,0.0,67.1,2.86,15.7,32.9,18.6,5.71,67.1,0.0,0.0,1.43,100.0,34.3,0.0,1.43,1.43,44.3,2.86,1.43,2.86,2.86,1.43,100.0,0.0,1.43,1.43,1.43,4.29,4.29,0.0,5.71,5.81,0.0,0.0,0.0,0.0,0.0,0.0,0.0,0.0,0.0,0.0,0.0,0.0,0.0,0.0,0.0,2.86,4.29,1.43,1.43,1.43,2.86,0.0,0.0,0.0,2.86,0.0,,,,,,,,,,,,,,,,,,,,,,,,,,,,,
Anthony Markanich,ph PHI,DF,St. Louis,24,1999,19,15,1312,14.6,0.0,0.0,0.0,0.0,0.0,0.0,0.41,0.07,0.04,0.03,0.03,0.07,1.1,5.21,2.53,0.0,0.0,0.0,0.0,0.0,0.04,0.03,0.07,0.04,0.07,Matches,2024,14.6,33.8,17.6,12.9,2.26,47.2,20.4,18.2,5.62,71.7,86.2,70.9,40.2,536.4,249.0,33.8,17.6,12.9,2.26,47.2,20.4,18.2,5.62,71.7,86.2,70.9,40.2,33.8,17.6,12.9,2.26,47.2,20.4,18.2,5.62,71.7,86.2,70.9,40.2,33.8,17.6,12.9,2.26,47.2,20.4,18.2,5.62,71.7,86.2,70.9,40.2,0.0,0.06,-0.03,0.55,3.56,0.96,0.21,0.0,1.16,0.41,35.3,1.17,0.41,0.0,0.0,23.0,0.0,0.0,0.0,0.03,-0.04,-0.03,59.6,3.97,17.5,28.2,14.2,1.1,59.6,0.07,16.7,0.27,66.7,23.7,0.14,1.03,0.27,26.8,2.47,1.16,1.23,2.47,1.16,48.6,1.23,1.85,1.51,1.78,4.25,3.56,0.07,2.33,2.33,0.0,0.0,0.0,0.0,0.14,0.0,0.07,0.07,0.0,0.0,0.0,0.0,0.14,0.0,0.07,2.05,1.03,0.0,1.37,1.78,1.23,0.0,0.0,0.0,4.52,1.78,65.0,,,,,,,,,,,,,,,,,,,,,,,,,,,,
Idan Markovich,il ISR,FW,Charlotte,19,2004,1,0,18,0.2,0.0,0.0,0.0,0.0,0.0,0.0,0.0,0.0,0.0,0.0,0.0,0.0,5.0,5.0,15.0,0.0,0.0,0.0,0.0,0.0,0.0,0.0,0.0,0.0,0.0,Matches,2024,0.2,30.0,20.0,5.0,0.0,35.0,20.0,10.0,0.0,85.7,100.0,50.0,,360.0,100.0,30.0,20.0,5.0,0.0,35.0,20.0,10.0,0.0,85.7,100.0,50.0,,30.0,20.0,5.0,0.0,35.0,20.0,10.0,0.0,85.7,100.0,50.0,,30.0,20.0,5.0,0.0,35.0,20.0,10.0,0.0,85.7,100.0,50.0,,0.0,0.0,0.0,0.0,5.0,0.0,0.0,0.0,0.0,0.0,,0.0,0.0,,,,0.0,0.0,0.0,,0.0,0.0,55.0,0.0,10.0,20.0,25.0,0.0,55.0,0.0,0.0,10.0,100.0,25.0,0.0,0.0,5.0,30.0,0.0,0.0,0.0,0.0,0.0,0.0,5.0,0.0,0.0,0.0,0.0,0.0,0.0,0.0,0.0,0.0,0.0,0.0,0.0,0.0,0.0,0.0,0.0,0.0,0.0,0.0,0.0,0.0,0.0,0.0,0.0,0.0,0.0,0.0,0.0,0.0,0.0,0.0,0.0,5.0,0.0,,,,,,,,,,,,,,,,,,,,,,,,,,,,,
Marlon,br BRA,DF,LAFC,28,1995,5,1,126,1.4,0.71,0.0,0.71,0.71,0.0,0.0,0.71,0.0,0.07,0.07,0.0,0.07,0.0,3.57,0.0,0.71,0.0,0.71,0.71,0.71,0.08,0.0,0.08,0.08,0.08,Matches,2024,1.4,56.4,15.7,37.9,2.86,60.7,16.4,38.6,5.0,92.9,95.7,98.1,57.1,1052.1,295.7,56.4,15.7,37.9,2.86,60.7,16.4,38.6,5.0,92.9,95.7,98.1,57.1,56.4,15.7,37.9,2.86,60.7,16.4,38.6,5.0,92.9,95.7,98.1,57.1,56.4,15.7,37.9,2.86,60.7,16.4,38.6,5.0,92.9,95.7,98.1,57.1,0.0,0.0,0.0,0.0,2.86,0.0,0.0,0.71,1.43,0.71,50.0,1.43,0.71,0.5,1.0,9.3,0.0,0.0,0.0,0.06,0.64,0.64,72.9,6.43,36.4,35.0,1.43,1.43,72.9,0.0,0.0,0.71,100.0,42.9,0.0,0.71,0.0,52.9,5.0,0.71,2.86,5.0,0.71,100.0,0.0,1.43,0.71,0.0,5.0,2.86,0.0,0.0,0.0,0.0,0.0,0.0,0.0,0.0,0.0,0.0,0.0,0.0,0.0,0.0,0.0,0.0,0.0,0.0,2.14,0.71,0.0,0.0,0.0,2.86,0.0,0.0,0.0,3.57,2.14,60.0,,,,,,,,,,,,,,,,,,,,,,,,,,,,
Jahkeele Marshall-Rutty,ca CAN,"DF,MF",Toronto FC,19,2004,22,10,1035,11.5,0.09,0.26,0.35,0.09,0.0,0.0,0.09,0.0,0.08,0.08,0.17,0.25,2.52,3.39,6.43,0.09,0.26,0.35,0.09,0.35,0.08,0.18,0.25,0.08,0.25,Matches,2024,11.5,34.1,17.5,12.5,2.43,42.1,19.6,15.4,3.48,81.0,89.3,81.4,70.0,548.5,153.3,34.1,17.5,12.5,2.43,42.1,19.6,15.4,3.48,81.0,89.3,81.4,70.0,34.1,17.5,12.5,2.43,42.1,19.6,15.4,3.48,81.0,89.3,81.4,70.0,34.1,17.5,12.5,2.43,42.1,19.6,15.4,3.48,81.0,89.3,81.4,70.0,0.26,0.28,0.09,1.04,1.57,1.13,0.52,0.09,1.04,0.17,16.7,1.04,0.17,0.08,0.5,16.3,0.0,0.0,0.0,0.08,0.01,0.01,52.5,2.09,14.6,20.7,18.1,3.74,52.5,1.13,48.1,0.96,40.7,28.5,0.7,1.3,0.61,31.0,1.3,0.78,1.04,1.3,0.78,64.3,0.43,0.96,0.87,0.7,2.0,1.65,0.0,1.83,1.82,0.17,0.09,0.09,0.0,0.0,0.0,0.43,0.43,0.17,0.09,0.09,0.0,0.0,0.0,0.0,1.04,1.3,0.26,3.22,0.7,1.04,0.0,0.0,0.0,4.78,0.7,44.4,,,,,,,,,,,,,,,,,,,,,,,,,,,,
Jahkeele Marshall-Rutty,ca CAN,"DF,MF",CF Montréal,19,2004,9,7,650,7.2,0.0,0.0,0.0,0.0,0.0,0.0,0.28,0.0,0.03,0.03,0.07,0.1,4.17,4.17,6.81,0.0,0.0,0.0,0.0,0.0,0.03,0.07,0.1,0.03,0.1,Matches,2024,7.2,48.5,29.6,16.0,1.53,56.7,31.4,18.8,3.47,85.5,94.2,85.2,44.0,689.4,169.3,48.5,29.6,16.0,1.53,56.7,31.4,18.8,3.47,85.5,94.2,85.2,44.0,48.5,29.6,16.0,1.53,56.7,31.4,18.8,3.47,85.5,94.2,85.2,44.0,48.5,29.6,16.0,1.53,56.7,31.4,18.8,3.47,85.5,94.2,85.2,44.0,0.0,0.1,-0.07,0.69,2.22,1.25,0.69,0.0,0.97,0.14,14.3,0.97,0.14,0.0,0.0,20.3,0.0,0.0,0.0,0.03,-0.03,-0.03,64.2,1.81,14.2,29.6,21.0,2.5,64.2,0.83,66.7,0.42,33.3,44.2,1.25,1.53,0.28,47.1,1.67,1.11,1.39,1.67,1.11,66.7,0.56,1.94,1.53,0.97,2.64,1.11,0.0,1.53,1.52,0.0,0.0,0.0,0.0,0.0,0.0,0.14,0.14,0.0,0.0,0.0,0.0,0.0,0.0,0.0,0.69,0.69,0.42,4.17,0.97,1.39,0.0,0.0,0.0,5.0,0.14,16.7,,,,,,,,,,,,,,,,,,,,,,,,,,,,
Alonso Martínez,cr CRC,FW,NYCFC,25,1998,26,19,1488,16.5,0.97,0.18,1.15,0.97,0.0,0.0,0.06,0.0,0.62,0.62,0.07,0.68,1.39,1.21,6.0,0.97,0.18,1.15,0.97,1.15,0.62,0.07,0.68,0.62,0.68,Matches,2024,16.5,13.2,8.36,2.61,0.55,17.0,10.1,3.58,0.73,77.2,82.6,72.9,75.0,154.9,26.8,13.2,8.36,2.61,0.55,17.0,10.1,3.58,0.73,77.2,82.6,72.9,75.0,13.2,8.36,2.61,0.55,17.0,10.1,3.58,0.73,77.2,82.6,72.9,75.0,13.2,8.36,2.61,0.55,17.0,10.1,3.58,0.73,77.2,82.6,72.9,75.0,0.18,0.1,0.12,0.42,0.24,0.42,0.0,0.97,3.33,1.64,49.1,3.33,1.63,0.29,0.59,16.1,0.0,0.0,0.0,0.19,0.35,0.35,26.7,0.36,1.94,11.3,13.7,4.91,26.7,0.36,30.0,0.73,60.0,16.2,0.91,1.88,0.97,19.8,0.67,0.18,0.24,0.67,0.18,33.3,0.36,0.36,0.24,0.61,1.27,0.24,0.0,1.45,1.45,0.06,0.06,0.0,0.0,0.06,0.0,0.24,0.24,0.06,0.06,0.0,0.0,0.06,0.0,0.0,0.73,0.3,0.73,0.24,0.61,0.24,0.0,0.0,0.0,2.3,0.42,20.6,,,,,,,,,,,,,,,,,,,,,,,,,,,,
David Martínez,ve VEN,"FW,MF",LAFC,17,2006,17,4,456,5.1,0.78,0.39,1.18,0.78,0.0,0.0,0.39,0.2,0.35,0.27,0.14,0.41,3.73,6.08,7.06,0.79,0.39,1.18,0.79,1.18,0.36,0.13,0.49,0.28,0.42,Matches,2024,5.1,29.8,12.0,13.1,4.31,38.0,14.3,15.1,6.27,78.4,83.6,87.0,68.8,577.6,123.7,29.8,12.0,13.1,4.31,38.0,14.3,15.1,6.27,78.4,83.6,87.0,68.8,29.8,12.0,13.1,4.31,38.0,14.3,15.1,6.27,78.4,83.6,87.0,68.8,29.8,12.0,13.1,4.31,38.0,14.3,15.1,6.27,78.4,83.6,87.0,68.8,0.39,0.16,0.25,1.37,3.33,1.76,0.0,0.78,5.1,2.16,42.3,5.13,2.17,0.15,0.36,20.6,0.0,0.0,0.0,0.05,0.43,0.51,52.5,0.59,3.92,25.3,24.5,3.53,52.5,1.57,57.1,1.18,42.9,36.5,1.57,2.75,2.75,40.0,1.37,0.2,1.18,1.37,0.2,14.3,1.18,0.59,0.59,0.78,2.16,0.78,0.0,3.53,3.56,0.39,0.0,0.0,0.0,0.0,0.0,0.59,0.59,0.39,0.0,0.0,0.0,0.0,0.0,0.2,1.18,0.78,0.2,2.75,0.78,1.18,0.0,0.0,0.0,4.51,0.39,33.3,,,,,,,,,,,,,,,,,,,,,,,,,,,,
Josef Martínez,ve VEN,"FW,MF",CF Montréal,30,1993,23,13,1376,15.3,0.72,0.2,0.92,0.65,0.07,0.07,0.13,0.0,0.61,0.56,0.12,0.69,0.85,1.57,4.77,0.72,0.2,0.92,0.65,0.85,0.61,0.13,0.74,0.56,0.69,Matches,2024,15.3,16.9,8.95,4.9,1.05,20.1,10.6,5.82,1.18,83.8,84.6,84.3,88.9,227.6,42.6,16.9,8.95,4.9,1.05,20.1,10.6,5.82,1.18,83.8,84.6,84.3,88.9,16.9,8.95,4.9,1.05,20.1,10.6,5.82,1.18,83.8,84.6,84.3,88.9,16.9,8.95,4.9,1.05,20.1,10.6,5.82,1.18,83.8,84.6,84.3,88.9,0.2,0.15,0.07,1.11,1.57,0.65,0.0,0.72,2.94,1.24,42.2,2.94,1.24,0.22,0.53,13.9,0.13,0.07,0.07,0.19,0.11,0.09,27.6,0.98,1.76,13.0,13.0,4.51,27.6,0.26,33.3,0.52,66.7,16.9,0.33,1.7,0.92,20.9,0.26,0.07,0.13,0.26,0.07,25.0,0.2,0.33,0.26,0.07,0.33,0.78,0.0,2.42,2.43,0.13,0.07,0.0,0.0,0.0,0.0,0.33,0.33,0.13,0.07,0.0,0.0,0.0,0.0,0.0,0.39,0.65,0.39,0.0,0.07,0.13,0.0,0.0,0.0,1.24,0.59,39.1,,,,,,,,,,,,,,,,,,,,,,,,,,,,
Luís Martins,pt POR,"DF,MF",Vancouver W'caps,31,1992,16,9,774,8.6,0.0,0.12,0.12,0.0,0.0,0.0,0.0,0.0,0.01,0.01,0.09,0.1,1.63,3.6,4.42,0.0,0.12,0.12,0.0,0.12,0.01,0.1,0.11,0.01,0.11,Matches,2024,8.6,45.2,16.5,23.4,4.77,57.0,18.6,27.0,8.84,79.4,88.8,86.6,53.9,848.8,279.1,45.2,16.5,23.4,4.77,57.0,18.6,27.0,8.84,79.4,88.8,86.6,53.9,45.2,16.5,23.4,4.77,57.0,18.6,27.0,8.84,79.4,88.8,86.6,53.9,45.2,16.5,23.4,4.77,57.0,18.6,27.0,8.84,79.4,88.8,86.6,53.9,0.12,0.12,0.02,0.81,3.37,1.4,0.81,0.0,0.47,0.12,25.0,0.47,0.12,0.0,0.0,24.4,0.0,0.0,0.0,0.02,-0.01,-0.01,63.4,2.44,17.7,31.3,15.1,0.81,63.4,0.12,25.0,0.35,75.0,37.4,0.12,0.93,0.93,44.9,0.93,0.58,0.7,0.93,0.58,50.0,0.58,0.81,0.7,0.93,1.86,1.16,0.0,1.63,1.63,0.0,0.0,0.12,0.0,0.0,0.0,0.12,0.12,0.0,0.0,0.12,0.0,0.0,0.0,0.0,0.47,0.47,0.12,3.49,0.93,0.7,0.0,0.0,0.0,3.6,0.93,50.0,,,,,,,,,,,,,,,,,,,,,,,,,,,,
Thiago Martins,br BRA,DF,NYCFC,28,1995,31,31,2789,31.0,0.0,0.0,0.0,0.0,0.0,0.0,0.16,0.0,0.02,0.02,0.02,0.04,0.58,4.1,0.0,0.0,0.0,0.0,0.0,0.0,0.02,0.02,0.04,0.02,0.04,Matches,2024,31.0,58.2,18.4,32.2,7.16,65.2,20.2,34.0,9.74,89.3,91.1,94.7,73.5,1169.4,436.6,58.2,18.4,32.2,7.16,65.2,20.2,34.0,9.74,89.3,91.1,94.7,73.5,58.2,18.4,32.2,7.16,65.2,20.2,34.0,9.74,89.3,91.1,94.7,73.5,58.2,18.4,32.2,7.16,65.2,20.2,34.0,9.74,89.3,91.1,94.7,73.5,0.0,0.02,-0.02,0.19,3.48,0.13,0.03,0.0,0.35,0.06,18.2,0.35,0.06,0.0,0.0,10.5,0.0,0.0,0.0,0.07,-0.02,-0.02,73.1,11.7,40.3,32.2,1.03,0.52,73.1,0.1,100.0,0.0,0.0,43.6,0.0,0.26,0.1,49.4,0.58,0.29,0.32,0.58,0.29,52.9,0.26,1.16,0.55,0.77,1.35,4.06,0.06,0.58,0.58,0.0,0.0,0.0,0.0,0.06,0.0,0.06,0.06,0.0,0.0,0.0,0.0,0.06,0.0,0.0,0.58,0.1,0.0,0.03,0.77,0.32,0.0,0.03,0.0,5.19,1.84,67.1,,,,,,,,,,,,,,,,,,,,,,,,,,,,
Alexandru Mățan,ro ROU,MF,Columbus Crew,24,1999,28,17,1441,16.0,0.25,0.13,0.38,0.25,0.0,0.0,0.13,0.0,0.17,0.17,0.11,0.28,4.38,6.56,5.13,0.25,0.12,0.37,0.25,0.37,0.17,0.11,0.28,0.17,0.28,Matches,2024,16.0,46.9,26.7,16.3,2.31,52.7,28.1,18.8,3.19,89.0,95.1,86.7,72.5,698.0,172.9,46.9,26.7,16.3,2.31,52.7,28.1,18.8,3.19,89.0,95.1,86.7,72.5,46.9,26.7,16.3,2.31,52.7,28.1,18.8,3.19,89.0,95.1,86.7,72.5,46.9,26.7,16.3,2.31,52.7,28.1,18.8,3.19,89.0,95.1,86.7,72.5,0.13,0.13,0.01,1.38,4.69,0.94,0.19,0.25,0.94,0.56,60.0,0.94,0.56,0.27,0.44,16.6,0.0,0.0,0.0,0.18,0.08,0.08,60.8,0.63,9.44,30.6,21.2,2.13,60.8,1.19,47.5,1.31,52.5,42.6,0.94,1.44,1.13,50.2,1.88,0.69,1.13,1.88,0.69,55.0,0.56,0.44,0.44,0.38,2.25,0.31,0.0,3.06,3.06,0.06,0.06,0.13,0.06,0.0,0.0,0.5,0.5,0.06,0.06,0.13,0.06,0.0,0.0,0.0,0.5,1.94,0.06,1.5,0.38,1.13,0.0,0.0,0.0,4.0,0.25,33.3,,,,,,,,,,,,,,,,,,,,,,,,,,,,
Jimmy Maurer,us USA,GK,FC Dallas,35,1988,4,4,360,4.0,0.0,0.0,0.0,0.0,0.0,0.0,0.0,0.0,0.0,0.0,0.0,0.0,0.0,0.0,0.0,0.0,0.0,0.0,0.0,0.0,0.0,0.0,0.0,0.0,0.0,Matches,2024,4.0,33.3,3.5,19.3,10.5,40.5,3.5,19.5,17.5,82.1,100.0,98.7,60.0,882.8,671.0,33.3,3.5,19.3,10.5,40.5,3.5,19.5,17.5,82.1,100.0,98.7,60.0,33.3,3.5,19.3,10.5,40.5,3.5,19.5,17.5,82.1,100.0,98.7,60.0,33.3,3.5,19.3,10.5,40.5,3.5,19.5,17.5,82.1,100.0,98.7,60.0,0.0,0.0,0.0,0.25,0.5,0.0,0.0,0.0,0.0,0.0,,0.0,0.0,,,,0.0,0.0,0.0,,0.0,0.0,44.0,35.3,44.0,0.0,0.0,0.0,44.0,0.0,,0.0,,27.0,0.0,0.0,0.0,27.5,0.25,0.25,0.25,0.25,0.25,50.0,0.25,0.0,0.0,0.0,0.25,1.0,0.0,0.25,0.25,0.0,0.0,0.0,0.0,0.0,0.0,0.0,0.0,0.0,0.0,0.0,0.0,0.0,0.0,0.0,0.0,0.0,0.0,0.0,0.0,0.25,0.0,0.0,0.0,2.0,0.75,75.0,1.0,0.0,0.0,0.0,1.65,0.32,0.65,0.66,37.8,4.25,25.2,27.3,30.5,29.3,11.7,25.2,27.3,30.5,29.3,11.7,14.0,0.0,0.0,0.75,0.75,30.5,29.3,11.7
Andreas Maxsø,dk DEN,DF,Colorado Rapids,29,1994,34,34,3060,34.0,0.0,0.03,0.03,0.0,0.0,0.0,0.09,0.0,0.02,0.02,0.01,0.04,0.35,2.76,0.18,0.0,0.03,0.03,0.0,0.03,0.02,0.01,0.03,0.02,0.03,Matches,2024,34.0,40.3,12.0,24.9,2.97,46.1,13.6,26.4,5.0,87.5,88.1,94.2,59.4,771.7,278.9,40.3,12.0,24.9,2.97,46.1,13.6,26.4,5.0,87.5,88.1,94.2,59.4,40.3,12.0,24.9,2.97,46.1,13.6,26.4,5.0,87.5,88.1,94.2,59.4,40.3,12.0,24.9,2.97,46.1,13.6,26.4,5.0,87.5,88.1,94.2,59.4,0.03,0.01,0.02,0.15,2.12,0.03,0.0,0.0,0.41,0.09,21.4,0.41,0.09,0.0,0.0,12.6,0.0,0.0,0.0,0.06,-0.02,-0.02,54.5,7.97,28.3,24.5,1.74,1.15,54.5,0.0,0.0,0.03,50.0,28.4,0.06,0.35,0.06,34.7,0.79,0.44,0.41,0.79,0.44,62.5,0.26,1.26,0.26,0.71,1.5,4.47,0.0,0.29,0.29,0.0,0.0,0.0,0.0,0.0,0.0,0.06,0.06,0.0,0.0,0.0,0.0,0.0,0.0,0.0,0.62,0.44,0.0,0.09,0.71,0.41,0.0,0.0,0.0,3.0,1.79,56.0,,,,,,,,,,,,,,,,,,,,,,,,,,,,
Olivier Mbaizo,cm CMR,DF,Philadelphia Union,26,1997,21,12,1110,12.3,0.0,0.08,0.08,0.0,0.0,0.0,0.0,0.0,0.01,0.01,0.09,0.1,0.73,2.2,4.55,0.0,0.08,0.08,0.0,0.08,0.01,0.09,0.1,0.01,0.1,Matches,2024,12.3,33.6,17.2,12.6,3.01,42.8,19.1,15.6,5.69,78.5,90.2,80.7,52.9,560.1,183.1,33.6,17.2,12.6,3.01,42.8,19.1,15.6,5.69,78.5,90.2,80.7,52.9,33.6,17.2,12.6,3.01,42.8,19.1,15.6,5.69,78.5,90.2,80.7,52.9,33.6,17.2,12.6,3.01,42.8,19.1,15.6,5.69,78.5,90.2,80.7,52.9,0.08,0.11,-0.01,1.06,1.87,0.81,0.65,0.0,0.33,0.0,0.0,0.32,0.0,0.0,,27.8,0.0,0.0,0.0,0.02,-0.01,-0.01,51.5,2.93,16.1,20.7,14.8,0.73,51.5,0.65,66.7,0.33,33.3,23.2,0.16,1.46,0.33,27.8,1.22,0.81,0.89,1.22,0.81,55.6,0.65,0.89,0.49,0.98,2.2,1.63,0.0,2.28,2.27,0.08,0.0,0.0,0.0,0.0,0.0,0.33,0.32,0.08,0.0,0.0,0.0,0.0,0.0,0.0,0.81,1.06,0.08,2.11,0.98,0.89,0.0,0.08,0.0,4.8,1.06,59.1,,,,,,,,,,,,,,,,,,,,,,,,,,,,
John McCarthy,us USA,GK,LA Galaxy,31,1992,32,32,2880,32.0,0.0,0.0,0.0,0.0,0.0,0.0,0.03,0.0,0.0,0.0,0.01,0.01,0.0,0.0,0.0,0.0,0.0,0.0,0.0,0.0,0.0,0.01,0.01,0.0,0.01,Matches,2024,32.0,20.6,5.63,9.94,4.97,29.2,5.66,10.1,13.3,70.4,99.4,98.1,37.3,491.0,366.3,20.6,5.63,9.94,4.97,29.2,5.66,10.1,13.3,70.4,99.4,98.1,37.3,20.6,5.63,9.94,4.97,29.2,5.66,10.1,13.3,70.4,99.4,98.1,37.3,20.6,5.63,9.94,4.97,29.2,5.66,10.1,13.3,70.4,99.4,98.1,37.3,0.0,0.0,-0.01,0.03,0.19,0.0,0.0,0.0,0.0,0.0,,0.0,0.0,,,,0.0,0.0,0.0,,0.0,0.0,32.3,29.7,32.3,0.06,0.0,0.0,32.3,0.0,,0.0,,16.0,0.0,0.03,0.0,13.4,0.0,0.0,0.0,0.0,0.0,,0.0,0.0,0.0,0.0,0.0,0.41,0.09,0.16,0.16,0.0,0.0,0.0,0.0,0.0,0.0,0.0,0.0,0.0,0.0,0.0,0.0,0.0,0.0,0.0,0.0,0.16,0.0,0.0,0.0,0.0,0.0,0.0,0.03,0.63,0.13,100.0,1.5,0.13,0.34,0.03,1.62,0.28,0.15,0.15,22.1,4.53,36.2,31.7,32.8,32.5,9.8,36.2,31.7,32.8,32.5,9.8,14.9,0.69,4.6,0.31,0.31,32.8,32.5,9.8
Dax McCarty,us USA,MF,Atlanta Utd,36,1987,22,10,915,10.2,0.0,0.0,0.0,0.0,0.0,0.0,0.1,0.0,0.04,0.04,0.11,0.15,0.59,5.78,0.88,0.0,0.0,0.0,0.0,0.0,0.04,0.11,0.15,0.04,0.15,Matches,2024,10.2,49.2,22.3,20.9,3.92,58.1,25.2,23.2,6.37,84.7,88.3,89.9,61.5,820.4,254.6,49.2,22.3,20.9,3.92,58.1,25.2,23.2,6.37,84.7,88.3,89.9,61.5,49.2,22.3,20.9,3.92,58.1,25.2,23.2,6.37,84.7,88.3,89.9,61.5,49.2,22.3,20.9,3.92,58.1,25.2,23.2,6.37,84.7,88.3,89.9,61.5,0.0,0.09,-0.11,1.08,5.98,0.39,0.2,0.0,0.78,0.0,0.0,0.79,0.0,0.0,,20.0,0.0,0.0,0.0,0.05,-0.04,-0.04,66.0,2.94,18.4,38.4,9.61,0.59,66.0,0.1,50.0,0.1,50.0,36.9,0.0,0.88,0.59,47.6,2.75,1.67,1.47,2.75,1.67,63.0,0.98,0.39,0.39,1.27,4.02,1.27,0.0,2.75,2.75,0.0,0.0,0.0,0.0,0.2,0.0,0.1,0.1,0.0,0.0,0.0,0.0,0.2,0.0,0.0,1.18,1.08,0.0,0.39,1.27,1.47,0.0,0.0,0.0,4.9,0.88,60.0,,,,,,,,,,,,,,,,,,,,,,,,,,,,
Christian McFarlane,eng ENG,"DF,MF",NYCFC,17,2007,8,4,364,4.0,0.0,0.0,0.0,0.0,0.0,0.0,0.0,0.0,0.03,0.03,0.07,0.1,1.25,1.25,8.0,0.0,0.0,0.0,0.0,0.0,0.02,0.08,0.09,0.02,0.09,Matches,2024,4.0,31.0,17.5,11.8,0.25,38.5,20.3,13.8,1.0,80.5,86.4,85.5,25.0,448.8,109.8,31.0,17.5,11.8,0.25,38.5,20.3,13.8,1.0,80.5,86.4,85.5,25.0,31.0,17.5,11.8,0.25,38.5,20.3,13.8,1.0,80.5,86.4,85.5,25.0,31.0,17.5,11.8,0.25,38.5,20.3,13.8,1.0,80.5,86.4,85.5,25.0,0.0,0.13,-0.07,2.0,1.25,1.25,0.5,0.0,0.5,0.25,50.0,0.49,0.25,0.0,0.0,18.7,0.0,0.0,0.0,0.03,-0.03,-0.03,46.5,3.25,10.5,18.5,17.8,0.5,46.5,0.25,25.0,0.5,50.0,18.8,0.0,0.25,0.75,25.5,2.75,1.5,2.5,2.75,1.5,54.5,1.25,1.25,0.75,1.25,4.0,2.0,0.0,2.5,2.45,0.0,0.0,0.0,0.0,0.0,0.0,0.25,0.24,0.0,0.0,0.0,0.0,0.0,0.0,0.0,1.0,0.75,0.25,2.0,1.25,2.5,0.0,0.0,0.0,2.0,0.0,0.0,,,,,,,,,,,,,,,,,,,,,,,,,,,,
Jack McGlynn,us USA,MF,Philadelphia Union,20,2003,30,25,2309,25.7,0.16,0.19,0.35,0.16,0.0,0.0,0.12,0.0,0.09,0.09,0.2,0.29,1.79,10.2,2.41,0.16,0.19,0.35,0.16,0.35,0.09,0.2,0.29,0.09,0.29,Matches,2024,25.7,56.6,23.8,23.3,8.21,67.1,25.8,26.0,12.5,84.3,92.2,90.0,65.7,1088.8,371.3,56.6,23.8,23.3,8.21,67.1,25.8,26.0,12.5,84.3,92.2,90.0,65.7,56.6,23.8,23.3,8.21,67.1,25.8,26.0,12.5,84.3,92.2,90.0,65.7,56.6,23.8,23.3,8.21,67.1,25.8,26.0,12.5,84.3,92.2,90.0,65.7,0.19,0.16,-0.0,2.06,8.09,2.22,0.58,0.16,2.02,0.74,36.5,2.03,0.74,0.08,0.21,26.2,0.16,0.0,0.0,0.04,0.07,0.07,75.5,1.21,13.2,41.8,21.2,0.82,75.5,0.47,42.9,0.54,50.0,47.6,0.23,0.89,0.62,57.6,1.83,0.89,1.17,1.83,0.89,53.5,0.78,1.09,0.97,0.47,2.3,0.86,0.0,4.51,4.52,0.0,0.0,0.19,0.0,0.08,0.0,0.31,0.31,0.0,0.0,0.19,0.0,0.08,0.0,0.0,0.39,0.82,0.0,2.96,0.47,1.17,0.0,0.0,0.0,5.68,0.39,62.5,,,,,,,,,,,,,,,,,,,,,,,,,,,,
Zac McGraw,ca CAN,DF,Portland Timbers,26,1997,13,10,857,9.5,0.0,0.0,0.0,0.0,0.0,0.0,0.21,0.0,0.01,0.01,0.0,0.01,0.11,2.42,0.11,0.0,0.0,0.0,0.0,0.0,0.01,0.0,0.01,0.01,0.01,Matches,2024,9.5,53.3,17.7,30.7,4.63,63.1,18.8,33.5,9.37,84.5,93.9,91.8,49.4,1019.5,352.6,53.3,17.7,30.7,4.63,63.1,18.8,33.5,9.37,84.5,93.9,91.8,49.4,53.3,17.7,30.7,4.63,63.1,18.8,33.5,9.37,84.5,93.9,91.8,49.4,53.3,17.7,30.7,4.63,63.1,18.8,33.5,9.37,84.5,93.9,91.8,49.4,0.0,0.01,0.0,0.0,1.47,0.11,0.0,0.0,0.21,0.11,50.0,0.21,0.11,0.0,0.0,10.9,0.0,0.0,0.0,0.06,-0.01,-0.01,77.6,13.1,45.3,31.4,1.05,0.74,77.6,0.11,33.3,0.11,33.3,36.7,0.0,0.42,0.11,46.4,1.26,0.84,0.95,1.26,0.84,66.7,0.42,2.11,0.63,1.05,2.32,7.37,0.11,0.42,0.42,0.0,0.0,0.0,0.0,0.0,0.0,0.0,0.0,0.0,0.0,0.0,0.0,0.0,0.0,0.0,0.84,1.16,0.0,0.11,1.05,0.95,0.0,0.0,0.0,3.26,3.37,59.3,,,,,,,,,,,,,,,,,,,,,,,,,,,,
Duncan McGuire,us USA,FW,Orlando City,22,2001,27,18,1600,17.8,0.56,0.11,0.67,0.56,0.0,0.0,0.34,0.0,0.4,0.4,0.1,0.49,0.96,1.57,5.28,0.56,0.11,0.68,0.56,0.68,0.4,0.1,0.5,0.4,0.5,Matches,2024,17.8,13.1,8.03,3.65,0.39,18.5,10.6,4.72,0.67,70.8,76.1,77.4,58.3,174.5,29.5,13.1,8.03,3.65,0.39,18.5,10.6,4.72,0.67,70.8,76.1,77.4,58.3,13.1,8.03,3.65,0.39,18.5,10.6,4.72,0.67,70.8,76.1,77.4,58.3,13.1,8.03,3.65,0.39,18.5,10.6,4.72,0.67,70.8,76.1,77.4,58.3,0.11,0.07,0.02,0.73,0.62,0.39,0.0,0.56,2.53,1.18,46.7,2.53,1.18,0.22,0.48,12.2,0.0,0.0,0.0,0.16,0.16,0.16,28.1,1.01,2.25,11.5,14.7,5.11,28.1,0.34,31.6,0.73,68.4,16.0,0.56,2.81,0.9,22.9,0.45,0.11,0.28,0.45,0.11,8.7,1.18,0.62,0.56,0.22,0.67,0.96,0.0,1.69,1.69,0.11,0.0,0.17,0.0,0.06,0.0,0.28,0.28,0.11,0.0,0.17,0.0,0.06,0.0,0.0,0.9,1.01,0.39,0.56,0.22,0.28,0.0,0.0,0.0,1.57,1.97,35.7,,,,,,,,,,,,,,,,,,,,,,,,,,,,
Thomas McNamara,us USA,"FW,MF",NE Revolution,32,1991,5,2,203,2.3,0.0,0.0,0.0,0.0,0.0,0.0,0.0,0.0,0.0,0.0,0.04,0.04,1.3,5.65,2.61,0.0,0.0,0.0,0.0,0.0,0.0,0.06,0.06,0.0,0.06,Matches,2024,2.3,31.3,16.5,13.9,0.87,39.1,18.7,16.5,2.61,80.0,88.4,84.2,33.3,479.6,147.4,31.3,16.5,13.9,0.87,39.1,18.7,16.5,2.61,80.0,88.4,84.2,33.3,31.3,16.5,13.9,0.87,39.1,18.7,16.5,2.61,80.0,88.4,84.2,33.3,31.3,16.5,13.9,0.87,39.1,18.7,16.5,2.61,80.0,88.4,84.2,33.3,0.0,0.09,-0.04,0.87,4.35,0.87,0.43,0.0,0.0,0.0,,0.0,0.0,,,,0.0,0.0,0.0,,0.0,0.0,43.0,0.43,4.35,23.5,16.1,1.74,43.0,0.0,0.0,0.43,100.0,27.4,0.0,1.74,0.43,36.1,0.43,0.43,0.43,0.43,0.43,33.3,0.87,0.0,0.0,0.0,0.43,0.0,0.0,2.17,2.22,0.0,0.0,0.0,0.0,0.0,0.0,0.0,0.0,0.0,0.0,0.0,0.0,0.0,0.0,0.0,0.87,0.0,0.43,1.74,0.0,0.43,0.0,0.0,0.0,2.17,0.0,,,,,,,,,,,,,,,,,,,,,,,,,,,,,
Brendan McSorley,us USA,FW,St. Louis,21,2002,1,0,9,0.1,0.0,0.0,0.0,0.0,0.0,0.0,0.0,0.0,0.0,0.0,0.0,0.0,0.0,0.0,20.0,0.0,0.0,0.0,0.0,0.0,0.0,0.0,0.0,0.0,0.0,Matches,2024,0.1,10.0,10.0,0.0,0.0,20.0,10.0,10.0,0.0,50.0,100.0,0.0,,140.0,0.0,10.0,10.0,0.0,0.0,20.0,10.0,10.0,0.0,50.0,100.0,0.0,,10.0,10.0,0.0,0.0,20.0,10.0,10.0,0.0,50.0,100.0,0.0,,10.0,10.0,0.0,0.0,20.0,10.0,10.0,0.0,50.0,100.0,0.0,,0.0,0.0,0.0,0.0,0.0,0.0,0.0,0.0,0.0,0.0,,0.0,0.0,,,,0.0,0.0,0.0,,0.0,0.0,20.0,0.0,0.0,0.0,20.0,0.0,20.0,0.0,,0.0,,20.0,0.0,0.0,0.0,20.0,0.0,0.0,0.0,0.0,0.0,,0.0,0.0,0.0,0.0,0.0,0.0,0.0,0.0,0.0,0.0,0.0,0.0,0.0,0.0,0.0,0.0,0.0,0.0,0.0,0.0,0.0,0.0,0.0,0.0,10.0,0.0,0.0,0.0,0.0,0.0,0.0,0.0,0.0,0.0,0.0,,,,,,,,,,,,,,,,,,,,,,,,,,,,,
Christopher McVey,se SWE,DF,D.C. United,26,1997,27,26,2145,23.8,0.04,0.0,0.04,0.04,0.0,0.0,0.21,0.0,0.05,0.05,0.01,0.05,0.67,3.11,0.67,0.04,0.0,0.04,0.04,0.04,0.05,0.01,0.05,0.05,0.05,Matches,2024,23.8,35.9,12.0,18.6,4.66,44.4,13.8,21.2,7.56,81.0,86.9,87.5,61.7,701.6,266.9,35.9,12.0,18.6,4.66,44.4,13.8,21.2,7.56,81.0,86.9,87.5,61.7,35.9,12.0,18.6,4.66,44.4,13.8,21.2,7.56,81.0,86.9,87.5,61.7,35.9,12.0,18.6,4.66,44.4,13.8,21.2,7.56,81.0,86.9,87.5,61.7,0.0,0.03,-0.01,0.17,2.98,0.08,0.04,0.04,0.34,0.17,50.0,0.34,0.17,0.13,0.25,12.3,0.0,0.0,0.0,0.14,-0.0,-0.0,53.9,4.54,23.6,27.8,3.19,0.84,53.9,0.21,100.0,0.0,0.0,28.9,0.0,0.55,0.04,29.4,1.34,0.8,0.76,1.34,0.8,55.9,0.63,1.51,0.59,1.55,2.9,3.15,0.0,0.67,0.67,0.0,0.0,0.04,0.0,0.04,0.0,0.04,0.04,0.0,0.0,0.04,0.0,0.04,0.0,0.0,2.02,0.46,0.08,0.17,1.55,0.76,0.0,0.04,0.0,5.55,1.55,48.7,,,,,,,,,,,,,,,,,,,,,,,,,,,,
Ryan Meara,us USA,GK,NY Red Bulls,33,1990,7,7,630,7.0,0.0,0.0,0.0,0.0,0.0,0.0,0.14,0.0,0.0,0.0,0.0,0.0,0.0,0.0,0.0,0.0,0.0,0.0,0.0,0.0,0.0,0.0,0.0,0.0,0.0,Matches,2024,7.0,16.6,3.57,8.14,4.86,26.4,3.57,8.14,14.7,62.7,100.0,100.0,33.0,447.7,351.3,16.6,3.57,8.14,4.86,26.4,3.57,8.14,14.7,62.7,100.0,100.0,33.0,16.6,3.57,8.14,4.86,26.4,3.57,8.14,14.7,62.7,100.0,100.0,33.0,16.6,3.57,8.14,4.86,26.4,3.57,8.14,14.7,62.7,100.0,100.0,33.0,0.0,0.0,0.0,0.0,0.57,0.0,0.0,0.0,0.0,0.0,,0.0,0.0,,,,0.0,0.0,0.0,,0.0,0.0,27.3,20.9,27.0,0.29,0.0,0.0,27.3,0.0,,0.0,,14.0,0.0,0.0,0.0,11.0,0.0,0.0,0.0,0.0,0.0,,0.0,0.0,0.0,0.0,0.0,0.57,0.0,0.0,0.0,0.0,0.0,0.0,0.0,0.0,0.0,0.0,0.0,0.0,0.0,0.0,0.0,0.0,0.0,0.0,0.0,0.0,0.0,0.0,0.0,0.0,0.0,0.0,0.0,1.0,0.29,100.0,0.86,0.0,0.0,0.0,0.71,0.33,-0.14,-0.15,20.1,5.0,39.0,72.7,34.8,52.2,16.1,39.0,72.7,34.8,52.2,16.1,8.0,0.57,7.1,1.29,1.29,34.8,52.2,16.1
Tim Melia,us USA,GK,Sporting KC,37,1986,28,28,2520,28.0,0.0,0.0,0.0,0.0,0.0,0.0,0.04,0.0,0.0,0.0,0.0,0.0,0.0,0.0,0.0,0.0,0.0,0.0,0.0,0.0,0.0,0.0,0.0,0.0,0.0,Matches,2024,28.0,20.4,3.5,10.7,6.14,31.1,3.57,11.0,16.5,65.6,98.0,97.4,37.3,564.4,404.0,20.4,3.5,10.7,6.14,31.1,3.57,11.0,16.5,65.6,98.0,97.4,37.3,20.4,3.5,10.7,6.14,31.1,3.57,11.0,16.5,65.6,98.0,97.4,37.3,20.4,3.5,10.7,6.14,31.1,3.57,11.0,16.5,65.6,98.0,97.4,37.3,0.0,0.0,0.0,0.07,0.5,0.0,0.0,0.0,0.0,0.0,,0.0,0.0,,,,0.0,0.0,0.0,,0.0,0.0,33.0,27.1,32.5,0.5,0.0,0.0,33.0,0.0,,0.0,,16.3,0.0,0.04,0.0,14.0,0.0,0.0,0.0,0.0,0.0,,0.0,0.0,0.0,0.04,0.04,0.46,0.11,0.14,0.14,0.0,0.0,0.0,0.0,0.0,0.0,0.0,0.0,0.0,0.0,0.0,0.0,0.0,0.0,0.0,0.11,0.07,0.0,0.0,0.04,0.0,0.0,0.07,0.04,1.61,0.14,100.0,1.89,0.07,0.21,0.11,1.76,0.38,-0.03,-0.03,24.3,4.18,38.1,62.0,35.2,48.6,13.2,38.1,62.0,35.2,48.6,13.2,10.0,0.46,4.6,0.75,0.75,35.2,48.6,13.2
Jonathan Mensah,gh GHA,"DF,FW",NE Revolution,33,1990,8,3,268,3.0,0.0,0.0,0.0,0.0,0.0,0.0,0.0,0.0,0.0,0.0,0.0,0.0,0.0,1.67,0.0,0.0,0.0,0.0,0.0,0.0,0.0,0.0,0.0,0.0,0.0,Matches,2024,3.0,44.0,14.7,25.7,3.67,49.7,16.7,27.7,4.67,88.6,88.0,92.8,78.6,846.3,332.0,44.0,14.7,25.7,3.67,49.7,16.7,27.7,4.67,88.6,88.0,92.8,78.6,44.0,14.7,25.7,3.67,49.7,16.7,27.7,4.67,88.6,88.0,92.8,78.6,44.0,14.7,25.7,3.67,49.7,16.7,27.7,4.67,88.6,88.0,92.8,78.6,0.0,0.0,0.0,0.0,0.33,0.0,0.0,0.0,0.0,0.0,,0.0,0.0,,,,0.0,0.0,0.0,,0.0,0.0,58.7,10.7,40.0,18.7,0.33,0.33,58.7,0.0,,0.0,,27.7,0.0,0.0,0.0,38.7,1.0,0.67,1.0,1.0,0.67,100.0,0.0,2.33,0.0,1.0,2.0,3.67,0.0,0.0,0.0,0.0,0.0,0.0,0.0,0.0,0.0,0.0,0.0,0.0,0.0,0.0,0.0,0.0,0.0,0.0,0.33,0.33,0.0,0.0,1.0,1.0,0.0,0.0,0.0,4.0,1.0,60.0,,,,,,,,,,,,,,,,,,,,,,,,,,,,
Loïc Mesanvi,tg TOG,"FW,MF",Minnesota Utd,20,2003,3,0,65,0.7,0.0,0.0,0.0,0.0,0.0,0.0,0.0,0.0,0.43,0.43,0.0,0.43,5.71,5.71,5.71,0.0,0.0,0.0,0.0,0.0,0.46,0.0,0.46,0.46,0.46,Matches,2024,0.7,12.9,8.57,4.29,0.0,21.4,12.9,4.29,0.0,60.0,66.7,100.0,,168.6,94.3,12.9,8.57,4.29,0.0,21.4,12.9,4.29,0.0,60.0,66.7,100.0,,12.9,8.57,4.29,0.0,21.4,12.9,4.29,0.0,60.0,66.7,100.0,,12.9,8.57,4.29,0.0,21.4,12.9,4.29,0.0,60.0,66.7,100.0,,0.0,0.0,0.0,0.0,2.86,1.43,0.0,0.0,2.86,2.86,100.0,2.77,2.77,0.0,0.0,11.2,0.0,0.0,0.0,0.17,-0.43,-0.43,44.3,1.43,5.71,12.9,25.7,5.71,44.3,2.86,28.6,7.14,71.4,25.7,1.43,2.86,2.86,24.3,1.43,0.0,1.43,1.43,0.0,,0.0,2.86,2.86,0.0,1.43,1.43,0.0,1.43,1.38,0.0,0.0,0.0,0.0,0.0,0.0,0.0,0.0,0.0,0.0,0.0,0.0,0.0,0.0,0.0,2.86,1.43,0.0,0.0,0.0,1.43,0.0,0.0,0.0,2.86,2.86,66.7,,,,,,,,,,,,,,,,,,,,,,,,,,,,
Lionel Messi,ar ARG,"FW,MF",Inter Miami,36,1987,19,15,1489,16.5,1.21,0.67,1.88,1.15,0.06,0.06,0.12,0.0,0.72,0.67,0.24,0.92,4.24,10.1,7.27,1.21,0.66,1.87,1.15,1.81,0.71,0.24,0.96,0.67,0.91,Matches,2024,16.5,40.8,22.1,13.5,4.12,53.0,24.8,16.6,7.39,77.1,88.8,81.0,55.7,674.4,249.4,40.8,22.1,13.5,4.12,53.0,24.8,16.6,7.39,77.1,88.8,81.0,55.7,40.8,22.1,13.5,4.12,53.0,24.8,16.6,7.39,77.1,88.8,81.0,55.7,40.8,22.1,13.5,4.12,53.0,24.8,16.6,7.39,77.1,88.8,81.0,55.7,0.67,0.33,0.42,1.82,5.88,4.0,0.06,1.21,5.03,2.36,47.0,5.02,2.36,0.23,0.49,19.0,0.91,0.06,0.06,0.13,0.5,0.48,66.1,0.0,2.55,33.1,31.5,5.58,66.0,3.27,54.0,2.61,43.0,45.8,1.64,1.76,2.12,54.5,0.91,0.3,0.36,0.91,0.3,55.6,0.24,0.24,0.24,0.12,1.03,0.0,0.0,6.3,6.29,1.03,0.24,0.55,0.0,0.06,0.0,1.58,1.57,1.03,0.24,0.55,0.0,0.06,0.0,0.0,0.48,1.58,0.48,1.76,0.12,0.36,0.0,0.0,0.0,2.79,0.12,33.3,,,,,,,,,,,,,,,,,,,,,,,,,,,,
Matt Miazga,us USA,DF,FC Cincinnati,28,1995,16,16,1413,15.7,0.0,0.0,0.0,0.0,0.0,0.0,0.19,0.0,0.02,0.02,0.01,0.03,0.0,2.29,0.13,0.0,0.0,0.0,0.0,0.0,0.02,0.0,0.03,0.02,0.03,Matches,2024,15.7,55.3,11.0,37.4,6.62,64.7,12.5,40.6,10.6,85.4,87.8,92.0,62.7,1182.7,453.4,55.3,11.0,37.4,6.62,64.7,12.5,40.6,10.6,85.4,87.8,92.0,62.7,55.3,11.0,37.4,6.62,64.7,12.5,40.6,10.6,85.4,87.8,92.0,62.7,55.3,11.0,37.4,6.62,64.7,12.5,40.6,10.6,85.4,87.8,92.0,62.7,0.0,0.01,-0.01,0.06,2.42,0.06,0.0,0.0,0.64,0.13,20.0,0.64,0.13,0.0,0.0,21.0,0.0,0.0,0.0,0.03,-0.02,-0.02,74.8,13.4,47.2,26.4,1.21,0.7,74.8,0.06,100.0,0.0,0.0,38.8,0.06,0.13,0.13,48.7,1.46,0.76,0.7,1.46,0.76,66.7,0.38,1.15,0.32,0.76,2.23,4.84,0.06,0.7,0.7,0.0,0.0,0.0,0.0,0.0,0.0,0.0,0.0,0.0,0.0,0.0,0.0,0.0,0.0,0.0,0.57,0.64,0.0,0.06,0.76,0.7,0.0,0.06,0.06,4.52,2.74,65.2,,,,,,,,,,,,,,,,,,,,,,,,,,,,
Micael,br BRA,DF,Houston Dynamo,23,2000,32,30,2769,30.8,0.0,0.0,0.0,0.0,0.0,0.0,0.19,0.0,0.01,0.01,0.02,0.03,0.0,1.46,0.1,0.0,0.0,0.0,0.0,0.0,0.01,0.01,0.03,0.01,0.03,Matches,2024,30.8,65.0,23.4,34.0,6.56,72.2,24.4,36.3,9.61,90.0,96.0,93.7,68.2,1223.1,541.3,65.0,23.4,34.0,6.56,72.2,24.4,36.3,9.61,90.0,96.0,93.7,68.2,65.0,23.4,34.0,6.56,72.2,24.4,36.3,9.61,90.0,96.0,93.7,68.2,65.0,23.4,34.0,6.56,72.2,24.4,36.3,9.61,90.0,96.0,93.7,68.2,0.0,0.03,-0.02,0.19,2.21,0.03,0.0,0.0,0.32,0.03,10.0,0.33,0.03,0.0,0.0,15.9,0.0,0.0,0.0,0.04,-0.01,-0.01,82.6,16.3,54.7,26.7,1.49,0.62,82.6,0.19,50.0,0.06,16.7,50.0,0.0,0.45,0.16,58.2,1.53,0.91,1.01,1.53,0.91,60.9,0.58,1.07,0.19,1.14,2.66,4.48,0.03,0.55,0.55,0.0,0.0,0.03,0.0,0.03,0.0,0.0,0.0,0.0,0.0,0.03,0.0,0.03,0.0,0.0,1.14,1.04,0.03,0.03,1.14,1.01,0.0,0.0,0.0,4.84,1.75,56.3,,,,,,,,,,,,,,,,,,,,,,,,,,,,
Benji Michel,us USA,"FW,MF",Real Salt Lake,26,1997,2,0,33,0.4,0.0,0.0,0.0,0.0,0.0,0.0,0.0,0.0,0.0,0.0,0.0,0.0,7.5,0.0,10.0,0.0,0.0,0.0,0.0,0.0,0.0,0.07,0.07,0.0,0.07,Matches,2024,0.4,22.5,10.0,7.5,2.5,35.0,12.5,12.5,5.0,64.3,80.0,60.0,50.0,327.5,5.0,22.5,10.0,7.5,2.5,35.0,12.5,12.5,5.0,64.3,80.0,60.0,50.0,22.5,10.0,7.5,2.5,35.0,12.5,12.5,5.0,64.3,80.0,60.0,50.0,22.5,10.0,7.5,2.5,35.0,12.5,12.5,5.0,64.3,80.0,60.0,50.0,0.0,0.0,0.0,2.5,2.5,0.0,0.0,0.0,0.0,0.0,,0.0,0.0,,,,0.0,0.0,0.0,,0.0,0.0,40.0,2.5,2.5,17.5,20.0,7.5,40.0,2.5,100.0,0.0,0.0,20.0,5.0,0.0,0.0,30.0,0.0,0.0,0.0,0.0,0.0,,0.0,0.0,0.0,0.0,0.0,2.5,0.0,2.5,2.73,0.0,0.0,0.0,0.0,0.0,0.0,0.0,0.0,0.0,0.0,0.0,0.0,0.0,0.0,0.0,0.0,0.0,2.5,7.5,0.0,0.0,0.0,0.0,0.0,0.0,2.5,50.0,,,,,,,,,,,,,,,,,,,,,,,,,,,,
Novak Mićović,rs SRB,GK,LA Galaxy,22,2001,2,2,180,2.0,0.0,0.0,0.0,0.0,0.0,0.0,0.5,0.0,0.0,0.0,0.0,0.0,0.0,0.0,0.0,0.0,0.0,0.0,0.0,0.0,0.0,0.0,0.0,0.0,0.0,Matches,2024,2.0,32.5,11.5,16.5,4.5,35.0,11.5,16.5,7.0,92.9,100.0,100.0,64.3,669.0,468.0,32.5,11.5,16.5,4.5,35.0,11.5,16.5,7.0,92.9,100.0,100.0,64.3,32.5,11.5,16.5,4.5,35.0,11.5,16.5,7.0,92.9,100.0,100.0,64.3,32.5,11.5,16.5,4.5,35.0,11.5,16.5,7.0,92.9,100.0,100.0,64.3,0.0,0.0,0.0,0.0,0.5,0.5,0.0,0.0,0.0,0.0,,0.0,0.0,,,,0.0,0.0,0.0,,0.0,0.0,35.5,31.0,35.0,0.5,0.0,0.0,35.5,0.0,,0.0,,23.5,0.0,0.0,0.0,16.0,0.0,0.0,0.0,0.0,0.0,,0.0,0.0,0.0,0.0,0.0,0.5,0.0,0.0,0.0,0.0,0.0,0.0,0.0,0.0,0.0,0.0,0.0,0.0,0.0,0.0,0.0,0.0,0.0,0.0,0.0,0.0,0.0,0.0,0.0,0.0,0.0,0.0,0.0,2.5,0.0,,1.0,0.0,0.0,0.0,0.45,0.16,-0.55,-0.53,25.5,6.0,9.8,15.8,21.6,27.3,15.0,9.8,15.8,21.6,27.3,15.0,10.0,0.0,0.0,1.0,1.0,21.6,27.3,15.0
Djordje Mihailovic,us USA,MF,Colorado Rapids,25,1998,29,29,2473,27.5,0.4,0.36,0.76,0.25,0.15,0.22,0.22,0.0,0.42,0.23,0.33,0.56,1.85,7.09,6.11,0.4,0.36,0.76,0.25,0.62,0.42,0.33,0.75,0.23,0.56,Matches,2024,27.5,34.9,16.5,12.4,4.91,45.9,18.9,15.1,9.67,76.1,87.1,82.6,50.8,624.9,238.1,34.9,16.5,12.4,4.91,45.9,18.9,15.1,9.67,76.1,87.1,82.6,50.8,34.9,16.5,12.4,4.91,45.9,18.9,15.1,9.67,76.1,87.1,82.6,50.8,34.9,16.5,12.4,4.91,45.9,18.9,15.1,9.67,76.1,87.1,82.6,50.8,0.36,0.35,0.04,3.16,3.85,2.33,0.29,0.4,1.82,0.8,44.0,1.82,0.8,0.14,0.32,22.2,0.58,0.15,0.22,0.13,-0.02,0.03,54.5,0.58,4.11,21.4,29.7,2.73,54.3,1.02,50.0,0.91,44.6,30.4,0.73,2.25,0.87,35.5,0.69,0.4,0.62,0.69,0.4,36.7,0.69,0.73,0.65,0.58,1.27,0.44,0.0,6.29,6.3,0.11,0.0,0.44,0.0,0.07,0.04,0.76,0.76,0.11,0.0,0.44,0.0,0.07,0.04,0.0,1.42,1.64,0.11,7.35,0.58,0.62,0.04,0.0,0.0,3.67,0.25,35.0,,,,,,,,,,,,,,,,,,,,,,,,,,,,
Jovan Mijatović,rs SRB,"FW,MF",NYCFC,18,2005,11,2,271,3.0,0.0,0.0,0.0,0.0,0.0,0.0,0.0,0.0,0.33,0.33,0.07,0.43,1.0,2.33,4.33,0.0,0.0,0.0,0.0,0.0,0.34,0.08,0.42,0.34,0.42,Matches,2024,3.0,13.0,5.67,5.0,1.67,19.7,8.67,6.67,2.33,66.1,65.4,75.0,71.4,217.7,45.3,13.0,5.67,5.0,1.67,19.7,8.67,6.67,2.33,66.1,65.4,75.0,71.4,13.0,5.67,5.0,1.67,19.7,8.67,6.67,2.33,66.1,65.4,75.0,71.4,13.0,5.67,5.0,1.67,19.7,8.67,6.67,2.33,66.1,65.4,75.0,71.4,0.0,0.03,-0.07,1.0,1.33,0.33,0.0,0.0,3.0,0.67,22.2,2.99,0.66,0.0,0.0,15.2,0.0,0.0,0.0,0.11,-0.33,-0.33,31.7,0.33,1.67,15.0,16.0,5.33,31.7,0.33,20.0,1.33,80.0,16.7,0.0,3.33,1.33,21.3,0.0,0.0,0.0,0.0,0.0,0.0,0.33,0.67,0.67,0.0,0.0,0.33,0.0,3.0,3.0,0.33,0.0,0.33,0.0,0.0,0.0,0.0,0.0,0.33,0.0,0.33,0.0,0.0,0.0,0.0,2.0,2.33,1.33,0.0,0.0,0.0,0.0,0.0,0.0,5.33,1.0,23.1,,,,,,,,,,,,,,,,,,,,,,,,,,,,
Eric Miller,us USA,DF,Portland Timbers,31,1993,25,8,1012,11.2,0.09,0.09,0.18,0.09,0.0,0.0,0.27,0.0,0.04,0.04,0.04,0.06,0.27,2.77,2.68,0.09,0.09,0.18,0.09,0.18,0.03,0.03,0.07,0.03,0.07,Matches,2024,11.2,38.8,18.4,16.6,3.21,48.7,20.4,21.2,5.45,79.8,90.0,78.5,59.0,655.2,202.1,38.8,18.4,16.6,3.21,48.7,20.4,21.2,5.45,79.8,90.0,78.5,59.0,38.8,18.4,16.6,3.21,48.7,20.4,21.2,5.45,79.8,90.0,78.5,59.0,38.8,18.4,16.6,3.21,48.7,20.4,21.2,5.45,79.8,90.0,78.5,59.0,0.09,0.02,0.05,0.18,3.04,0.18,0.18,0.09,0.54,0.18,33.3,0.53,0.18,0.17,0.5,10.5,0.0,0.0,0.0,0.06,0.05,0.05,57.1,2.68,16.5,29.8,10.9,0.98,57.1,0.0,,0.0,,25.1,0.0,0.71,0.18,31.1,1.61,0.63,1.25,1.61,0.63,100.0,0.0,1.16,0.63,0.98,2.59,2.95,0.0,0.8,0.8,0.0,0.0,0.0,0.0,0.0,0.0,0.18,0.18,0.0,0.0,0.0,0.0,0.0,0.0,0.0,0.89,0.54,0.0,0.45,0.98,1.25,0.0,0.0,0.0,3.66,1.34,44.1,,,,,,,,,,,,,,,,,,,,,,,,,,,,
Kamal Miller,ca CAN,DF,Portland Timbers,26,1997,23,22,1959,21.8,0.0,0.0,0.0,0.0,0.0,0.0,0.37,0.0,0.03,0.03,0.0,0.03,0.6,3.17,0.41,0.0,0.0,0.0,0.0,0.0,0.03,0.0,0.03,0.03,0.03,Matches,2024,21.8,49.2,15.0,26.6,7.11,57.8,16.6,28.9,11.1,85.1,90.9,92.1,63.8,1009.1,438.5,49.2,15.0,26.6,7.11,57.8,16.6,28.9,11.1,85.1,90.9,92.1,63.8,49.2,15.0,26.6,7.11,57.8,16.6,28.9,11.1,85.1,90.9,92.1,63.8,49.2,15.0,26.6,7.11,57.8,16.6,28.9,11.1,85.1,90.9,92.1,63.8,0.0,0.01,0.0,0.05,3.17,0.14,0.0,0.0,0.32,0.0,0.0,0.32,0.0,0.0,,15.5,0.0,0.0,0.0,0.09,-0.03,-0.03,67.0,8.12,33.6,31.1,2.89,0.55,67.0,0.46,52.6,0.32,36.8,38.0,0.0,0.55,0.23,44.9,0.92,0.78,0.55,0.92,0.78,73.9,0.28,1.24,0.41,1.01,1.93,3.99,0.14,0.41,0.41,0.0,0.0,0.0,0.0,0.0,0.0,0.09,0.09,0.0,0.0,0.0,0.0,0.0,0.0,0.0,1.01,0.55,0.0,0.09,1.01,0.55,0.0,0.0,0.05,4.31,1.47,61.5,,,,,,,,,,,,,,,,,,,,,,,,,,,,
Peyton Miller,us USA,DF,NE Revolution,16,2007,10,8,683,7.6,0.0,0.26,0.26,0.0,0.0,0.0,0.26,0.0,0.04,0.04,0.09,0.13,1.84,3.29,5.53,0.0,0.26,0.26,0.0,0.26,0.03,0.1,0.13,0.03,0.13,Matches,2024,7.6,35.3,18.7,14.5,1.58,45.5,21.2,16.6,6.05,77.5,88.2,87.3,26.1,558.7,150.4,35.3,18.7,14.5,1.58,45.5,21.2,16.6,6.05,77.5,88.2,87.3,26.1,35.3,18.7,14.5,1.58,45.5,21.2,16.6,6.05,77.5,88.2,87.3,26.1,35.3,18.7,14.5,1.58,45.5,21.2,16.6,6.05,77.5,88.2,87.3,26.1,0.26,0.12,0.17,0.66,1.32,0.53,0.26,0.0,0.39,0.13,33.3,0.4,0.13,0.0,0.0,22.2,0.0,0.0,0.0,0.08,-0.04,-0.04,57.2,5.26,16.7,27.4,13.8,0.79,57.2,0.92,46.7,0.79,40.0,28.3,0.13,0.79,0.39,33.2,1.45,0.92,1.05,1.45,0.92,63.6,0.53,1.97,1.05,1.45,2.89,3.42,0.0,1.97,1.98,0.26,0.0,0.0,0.0,0.0,0.0,0.26,0.26,0.26,0.0,0.0,0.0,0.0,0.0,0.0,1.32,1.32,0.0,2.76,1.45,1.05,0.0,0.0,0.0,3.29,1.32,66.7,,,,,,,,,,,,,,,,,,,,,,,,,,,,
Tyler Miller,us USA,GK,D.C. United,30,1993,5,5,450,5.0,0.0,0.0,0.0,0.0,0.0,0.0,0.2,0.0,0.0,0.0,0.0,0.0,0.0,0.0,0.0,0.0,0.0,0.0,0.0,0.0,0.0,0.0,0.0,0.0,0.0,Matches,2024,5.0,18.2,1.4,3.6,13.2,40.4,1.4,3.6,35.2,45.0,100.0,100.0,37.5,812.8,717.6,18.2,1.4,3.6,13.2,40.4,1.4,3.6,35.2,45.0,100.0,100.0,37.5,18.2,1.4,3.6,13.2,40.4,1.4,3.6,35.2,45.0,100.0,100.0,37.5,18.2,1.4,3.6,13.2,40.4,1.4,3.6,35.2,45.0,100.0,100.0,37.5,0.0,0.0,0.0,0.0,3.4,0.0,0.0,0.0,0.0,0.0,,0.0,0.0,,,,0.0,0.0,0.0,,0.0,0.0,44.0,27.0,43.2,0.8,0.0,0.0,44.0,0.0,,0.0,,21.2,0.0,0.2,0.0,16.0,0.0,0.0,0.0,0.0,0.0,,0.0,0.2,0.2,0.0,0.0,1.0,0.2,0.6,0.6,0.0,0.0,0.0,0.0,0.0,0.0,0.0,0.0,0.0,0.0,0.0,0.0,0.0,0.0,0.0,0.0,0.4,0.0,0.0,0.0,0.0,0.0,0.0,0.0,2.2,0.0,,3.0,0.4,0.4,0.0,2.14,0.3,-0.86,-0.86,31.8,1.8,77.4,100.0,51.0,67.2,18.4,77.4,100.0,51.0,67.2,18.4,13.0,0.8,6.2,3.0,3.0,51.0,67.2,18.4
Georgi Minoungou,bf BFA,FW,Seattle Sounders,21,2002,10,3,371,4.1,0.24,0.0,0.24,0.24,0.0,0.0,0.0,0.0,0.12,0.12,0.12,0.24,7.8,2.44,13.9,0.24,0.0,0.24,0.24,0.24,0.12,0.12,0.24,0.12,0.24,Matches,2024,4.1,20.7,11.2,9.51,0.0,29.5,13.4,12.9,1.46,70.2,83.6,73.6,0.0,305.1,62.9,20.7,11.2,9.51,0.0,29.5,13.4,12.9,1.46,70.2,83.6,73.6,0.0,20.7,11.2,9.51,0.0,29.5,13.4,12.9,1.46,70.2,83.6,73.6,0.0,20.7,11.2,9.51,0.0,29.5,13.4,12.9,1.46,70.2,83.6,73.6,0.0,0.0,0.17,-0.12,1.22,1.22,1.22,0.24,0.24,1.95,0.49,25.0,1.94,0.49,0.13,0.5,11.6,0.0,0.0,0.0,0.06,0.12,0.12,48.5,0.24,5.85,13.9,29.5,8.05,48.5,4.39,50.0,4.15,47.2,33.2,5.37,5.85,1.95,34.4,1.95,1.22,1.46,1.95,1.22,62.5,0.73,0.73,0.73,0.24,2.2,0.0,0.0,3.9,3.87,0.98,0.0,0.49,0.0,0.0,0.0,0.24,0.24,0.98,0.0,0.49,0.0,0.0,0.0,0.0,2.44,0.98,0.0,3.17,0.24,1.46,0.0,0.0,0.0,7.07,0.98,28.6,,,,,,,,,,,,,,,,,,,,,,,,,,,,
Aleksei Miranchuk,ru RUS,"MF,FW",Atlanta Utd,28,1995,9,8,748,8.3,0.36,0.12,0.48,0.12,0.24,0.36,0.0,0.0,0.36,0.07,0.2,0.28,2.53,6.39,5.66,0.36,0.12,0.48,0.12,0.24,0.36,0.21,0.56,0.07,0.28,Matches,2024,8.3,31.9,15.7,11.3,3.98,42.4,18.2,14.2,7.95,75.3,86.1,79.7,50.0,565.1,191.4,31.9,15.7,11.3,3.98,42.4,18.2,14.2,7.95,75.3,86.1,79.7,50.0,31.9,15.7,11.3,3.98,42.4,18.2,14.2,7.95,75.3,86.1,79.7,50.0,31.9,15.7,11.3,3.98,42.4,18.2,14.2,7.95,75.3,86.1,79.7,50.0,0.12,0.22,-0.08,2.41,5.18,1.93,0.24,0.36,1.81,0.6,33.3,1.8,0.6,0.07,0.2,23.8,0.24,0.24,0.36,0.04,0.0,0.05,50.2,0.6,4.22,21.6,24.8,3.25,49.9,1.08,56.3,0.84,43.8,31.3,0.72,1.57,0.84,35.9,0.72,0.24,0.48,0.72,0.24,33.3,0.48,0.6,0.48,0.24,0.96,0.36,0.0,4.7,4.69,0.12,0.0,0.12,0.0,0.12,0.0,0.36,0.36,0.12,0.0,0.12,0.0,0.12,0.0,0.0,1.2,0.96,0.0,4.34,0.24,0.48,0.0,0.0,0.0,4.1,0.12,16.7,,,,,,,,,,,,,,,,,,,,,,,,,,,,
Roald Mitchell,tt TRI,FW,NY Red Bulls,21,2003,2,0,18,0.2,0.0,0.0,0.0,0.0,0.0,0.0,0.0,0.0,0.0,0.0,0.0,0.0,0.0,0.0,5.0,0.0,0.0,0.0,0.0,0.0,0.0,0.0,0.0,0.0,0.0,Matches,2024,0.2,5.0,5.0,0.0,0.0,15.0,5.0,0.0,5.0,33.3,100.0,,0.0,55.0,0.0,5.0,5.0,0.0,0.0,15.0,5.0,0.0,5.0,33.3,100.0,,0.0,5.0,5.0,0.0,0.0,15.0,5.0,0.0,5.0,33.3,100.0,,0.0,5.0,5.0,0.0,0.0,15.0,5.0,0.0,5.0,33.3,100.0,,0.0,0.0,0.0,0.0,0.0,0.0,0.0,0.0,0.0,0.0,0.0,,0.0,0.0,,,,0.0,0.0,0.0,,0.0,0.0,45.0,10.0,10.0,20.0,15.0,0.0,45.0,0.0,,0.0,,25.0,0.0,15.0,0.0,35.0,0.0,0.0,0.0,0.0,0.0,,0.0,5.0,0.0,0.0,0.0,5.0,0.0,0.0,0.0,0.0,0.0,0.0,0.0,0.0,0.0,0.0,0.0,0.0,0.0,0.0,0.0,0.0,0.0,0.0,5.0,0.0,0.0,0.0,0.0,0.0,0.0,0.0,0.0,0.0,15.0,100.0,,,,,,,,,,,,,,,,,,,,,,,,,,,,
Shakur Mohammed,gh GHA,"MF,FW",Orlando City,20,2003,2,0,5,0.1,0.0,0.0,0.0,0.0,0.0,0.0,0.0,0.0,0.0,0.0,0.0,0.0,30.0,10.0,0.0,0.0,0.0,0.0,0.0,0.0,0.0,0.0,0.0,0.0,0.0,Matches,2024,0.1,50.0,50.0,0.0,0.0,60.0,50.0,10.0,0.0,83.3,100.0,0.0,,510.0,50.0,50.0,50.0,0.0,0.0,60.0,50.0,10.0,0.0,83.3,100.0,0.0,,50.0,50.0,0.0,0.0,60.0,50.0,10.0,0.0,83.3,100.0,0.0,,50.0,50.0,0.0,0.0,60.0,50.0,10.0,0.0,83.3,100.0,0.0,,0.0,0.0,0.0,0.0,10.0,0.0,0.0,0.0,0.0,0.0,,0.0,0.0,,,,0.0,0.0,0.0,,0.0,0.0,80.0,0.0,10.0,50.0,20.0,10.0,80.0,0.0,0.0,10.0,100.0,60.0,10.0,10.0,0.0,80.0,0.0,0.0,0.0,0.0,0.0,,0.0,0.0,0.0,0.0,0.0,0.0,0.0,10.0,18.0,0.0,0.0,10.0,0.0,0.0,0.0,0.0,0.0,0.0,0.0,10.0,0.0,0.0,0.0,0.0,0.0,10.0,0.0,0.0,0.0,0.0,0.0,0.0,0.0,0.0,0.0,0.0,,,,,,,,,,,,,,,,,,,,,,,,,,,,
Shaq Moore,us USA,DF,Nashville SC,27,1996,23,19,1671,18.6,0.05,0.11,0.16,0.05,0.0,0.0,0.11,0.0,0.06,0.06,0.13,0.19,1.88,3.17,6.61,0.05,0.11,0.16,0.05,0.16,0.06,0.13,0.19,0.06,0.19,Matches,2024,18.6,43.1,19.1,20.3,3.17,53.2,21.3,23.7,6.18,80.9,89.7,85.7,51.3,753.1,246.7,43.1,19.1,20.3,3.17,53.2,21.3,23.7,6.18,80.9,89.7,85.7,51.3,43.1,19.1,20.3,3.17,53.2,21.3,23.7,6.18,80.9,89.7,85.7,51.3,43.1,19.1,20.3,3.17,53.2,21.3,23.7,6.18,80.9,89.7,85.7,51.3,0.11,0.12,-0.02,0.97,2.53,1.34,0.59,0.05,0.86,0.27,31.3,0.86,0.27,0.06,0.2,19.2,0.0,0.0,0.0,0.07,-0.01,-0.01,63.7,3.87,18.4,27.8,18.0,1.77,63.7,0.59,30.6,1.08,55.6,33.1,0.16,1.45,0.48,39.8,1.61,0.97,1.02,1.61,0.97,54.5,0.81,0.97,0.7,0.81,2.42,2.58,0.0,2.1,2.1,0.16,0.0,0.05,0.0,0.0,0.0,0.22,0.22,0.16,0.0,0.05,0.0,0.0,0.0,0.0,1.02,1.13,0.0,3.28,0.81,1.02,0.0,0.0,0.05,3.98,0.54,41.7,,,,,,,,,,,,,,,,,,,,,,,,,,,,
Felipe Mora,cl CHI,FW,Portland Timbers,30,1993,29,22,1889,21.0,0.67,0.1,0.76,0.62,0.05,0.05,0.14,0.05,0.64,0.6,0.11,0.71,0.48,1.05,5.57,0.67,0.1,0.76,0.62,0.71,0.64,0.11,0.75,0.6,0.71,Matches,2024,21.0,13.1,7.33,4.14,0.38,18.3,9.29,5.52,0.62,71.7,79.0,75.0,61.5,176.8,22.1,13.1,7.33,4.14,0.38,18.3,9.29,5.52,0.62,71.7,79.0,75.0,61.5,13.1,7.33,4.14,0.38,18.3,9.29,5.52,0.62,71.7,79.0,75.0,61.5,13.1,7.33,4.14,0.38,18.3,9.29,5.52,0.62,71.7,79.0,75.0,61.5,0.1,0.14,-0.02,0.95,0.57,0.43,0.0,0.67,3.05,1.33,43.8,3.05,1.33,0.2,0.46,11.2,0.0,0.05,0.05,0.2,0.03,0.02,26.7,0.9,1.29,12.2,13.4,5.29,26.7,0.38,53.3,0.33,46.7,14.4,0.24,1.62,0.62,20.4,0.24,0.1,0.05,0.24,0.1,40.0,0.14,0.48,0.33,0.29,0.52,0.71,0.0,2.29,2.28,0.1,0.0,0.19,0.1,0.05,0.0,0.43,0.43,0.1,0.0,0.19,0.1,0.05,0.0,0.0,0.67,1.81,0.1,0.29,0.29,0.05,0.1,0.0,0.0,1.05,2.05,43.0,,,,,,,,,,,,,,,,,,,,,,,,,,,,
Alfredo Morales,us USA,MF,SJ Earthquakes,33,1990,23,4,649,7.2,0.0,0.0,0.0,0.0,0.0,0.0,0.42,0.0,0.07,0.07,0.06,0.13,0.56,4.58,1.39,0.0,0.0,0.0,0.0,0.0,0.07,0.06,0.13,0.07,0.13,Matches,2024,7.2,41.9,18.5,18.6,3.19,51.1,20.8,20.7,5.69,82.1,88.7,89.9,56.1,687.2,217.6,41.9,18.5,18.6,3.19,51.1,20.8,20.7,5.69,82.1,88.7,89.9,56.1,41.9,18.5,18.6,3.19,51.1,20.8,20.7,5.69,82.1,88.7,89.9,56.1,41.9,18.5,18.6,3.19,51.1,20.8,20.7,5.69,82.1,88.7,89.9,56.1,0.0,0.06,-0.06,0.97,4.03,0.42,0.0,0.0,0.83,0.14,16.7,0.83,0.14,0.0,0.0,13.2,0.0,0.0,0.0,0.09,-0.07,-0.07,61.3,2.78,15.8,38.3,8.19,1.11,61.3,0.97,70.0,0.28,20.0,33.3,0.0,1.39,0.97,42.9,2.22,0.56,1.11,2.22,0.56,57.1,0.42,0.56,0.42,0.56,2.78,1.39,0.0,2.22,2.22,0.0,0.0,0.14,0.0,0.14,0.0,0.0,0.0,0.0,0.0,0.14,0.0,0.14,0.0,0.0,2.08,1.67,0.0,0.42,0.56,1.11,0.0,0.0,0.0,5.42,1.39,50.0,,,,,,,,,,,,,,,,,,,,,,,,,,,,
Efrain Morales,bo BOL,DF,Atlanta Utd,19,2004,4,3,244,2.7,0.0,0.0,0.0,0.0,0.0,0.0,0.0,0.0,0.07,0.07,0.0,0.07,0.37,1.85,0.0,0.0,0.0,0.0,0.0,0.0,0.08,0.0,0.08,0.08,0.08,Matches,2024,2.7,52.2,20.0,30.0,2.22,59.3,20.7,31.1,7.04,88.1,96.4,96.4,31.6,934.4,251.9,52.2,20.0,30.0,2.22,59.3,20.7,31.1,7.04,88.1,96.4,96.4,31.6,52.2,20.0,30.0,2.22,59.3,20.7,31.1,7.04,88.1,96.4,96.4,31.6,52.2,20.0,30.0,2.22,59.3,20.7,31.1,7.04,88.1,96.4,96.4,31.6,0.0,0.0,0.0,0.0,1.11,0.0,0.0,0.0,1.11,0.37,33.3,1.11,0.37,0.0,0.0,7.9,0.0,0.0,0.0,0.07,-0.07,-0.07,70.0,7.04,37.4,31.1,1.48,1.11,70.0,0.0,,0.0,,34.4,0.0,0.0,0.0,50.7,1.11,0.74,0.37,1.11,0.74,66.7,0.37,0.74,0.0,1.11,2.22,5.56,0.0,0.0,0.0,0.0,0.0,0.0,0.0,0.0,0.0,0.0,0.0,0.0,0.0,0.0,0.0,0.0,0.0,0.0,1.48,0.37,0.0,0.0,1.11,0.37,0.0,0.0,0.0,2.59,4.07,73.3,,,,,,,,,,,,,,,,,,,,,,,,,,,,
Maximiliano Moralez,ar ARG,"MF,FW",NYCFC,36,1987,17,9,901,10.0,0.1,0.5,0.6,0.1,0.0,0.0,0.4,0.0,0.11,0.11,0.35,0.46,2.4,9.5,5.8,0.1,0.5,0.6,0.1,0.6,0.11,0.35,0.46,0.11,0.46,Matches,2024,10.0,52.7,26.8,19.9,4.5,67.5,32.1,24.2,7.5,78.1,83.5,82.2,60.0,864.6,244.9,52.7,26.8,19.9,4.5,67.5,32.1,24.2,7.5,78.1,83.5,82.2,60.0,52.7,26.8,19.9,4.5,67.5,32.1,24.2,7.5,78.1,83.5,82.2,60.0,52.7,26.8,19.9,4.5,67.5,32.1,24.2,7.5,78.1,83.5,82.2,60.0,0.5,0.22,0.15,3.0,7.6,2.8,0.6,0.1,1.1,0.4,36.4,1.1,0.4,0.09,0.25,16.0,0.1,0.0,0.0,0.1,-0.01,-0.01,75.7,0.2,4.7,38.5,32.9,3.2,75.7,0.9,64.3,0.5,35.7,45.8,0.5,1.2,1.6,59.6,1.3,0.3,0.8,1.3,0.3,25.0,0.9,0.5,0.5,0.8,2.1,0.2,0.0,6.3,6.29,0.2,0.1,0.5,0.0,0.1,0.1,1.2,1.2,0.2,0.1,0.5,0.0,0.1,0.1,0.0,0.8,2.5,0.5,3.4,0.8,0.8,0.0,0.0,0.0,4.9,0.2,25.0,,,,,,,,,,,,,,,,,,,,,,,,,,,,
Steven Moreira,cv CPV,DF,Columbus Crew,29,1994,27,23,2108,23.4,0.09,0.13,0.21,0.09,0.0,0.0,0.0,0.0,0.05,0.05,0.11,0.15,1.67,5.77,1.88,0.09,0.13,0.21,0.09,0.21,0.05,0.11,0.15,0.05,0.15,Matches,2024,23.4,65.9,32.1,29.2,3.68,73.5,33.8,31.6,5.98,89.5,95.1,92.4,61.4,1089.2,365.8,65.9,32.1,29.2,3.68,73.5,33.8,31.6,5.98,89.5,95.1,92.4,61.4,65.9,32.1,29.2,3.68,73.5,33.8,31.6,5.98,89.5,95.1,92.4,61.4,65.9,32.1,29.2,3.68,73.5,33.8,31.6,5.98,89.5,95.1,92.4,61.4,0.13,0.06,0.02,0.73,5.98,0.43,0.26,0.09,0.26,0.13,50.0,0.26,0.13,0.33,0.67,21.0,0.0,0.0,0.0,0.19,0.04,0.04,80.3,3.12,25.5,43.2,12.2,0.43,80.3,0.3,36.8,0.51,63.2,54.0,0.09,0.85,0.73,62.1,1.07,0.64,0.68,1.07,0.64,55.6,0.51,1.03,0.77,0.64,1.71,1.84,0.09,1.75,1.75,0.0,0.0,0.0,0.0,0.04,0.0,0.21,0.21,0.0,0.0,0.0,0.0,0.04,0.0,0.0,0.81,0.68,0.04,0.98,0.64,0.68,0.0,0.0,0.0,4.96,0.51,46.2,,,,,,,,,,,,,,,,,,,,,,,,,,,,
Junior Moreno,ve VEN,"MF,FW",Houston Dynamo,30,1993,2,0,22,0.2,0.0,0.0,0.0,0.0,0.0,0.0,0.0,0.0,0.0,0.0,0.0,0.0,0.0,5.0,0.0,0.0,0.0,0.0,0.0,0.0,0.16,0.0,0.16,0.16,0.16,Matches,2024,0.2,45.0,15.0,20.0,10.0,60.0,20.0,30.0,10.0,75.0,75.0,66.7,100.0,950.0,420.0,45.0,15.0,20.0,10.0,60.0,20.0,30.0,10.0,75.0,75.0,66.7,100.0,45.0,15.0,20.0,10.0,60.0,20.0,30.0,10.0,75.0,75.0,66.7,100.0,45.0,15.0,20.0,10.0,60.0,20.0,30.0,10.0,75.0,75.0,66.7,100.0,0.0,0.0,0.0,0.0,5.0,0.0,0.0,0.0,5.0,0.0,0.0,4.09,0.0,0.0,,28.2,0.0,0.0,0.0,0.04,0.0,0.0,60.0,0.0,5.0,40.0,15.0,0.0,60.0,0.0,,0.0,,35.0,0.0,0.0,0.0,50.0,0.0,0.0,0.0,0.0,0.0,,0.0,0.0,0.0,0.0,0.0,0.0,0.0,5.0,4.09,0.0,0.0,0.0,0.0,0.0,0.0,0.0,0.0,0.0,0.0,0.0,0.0,0.0,0.0,0.0,10.0,5.0,0.0,0.0,0.0,0.0,0.0,0.0,0.0,0.0,0.0,,,,,,,,,,,,,,,,,,,,,,,,,,,,,
Santiago Moreno,co COL,"FW,MF",Portland Timbers,23,2000,31,29,2435,27.1,0.22,0.37,0.59,0.22,0.0,0.0,0.04,0.0,0.19,0.19,0.26,0.45,4.02,6.79,8.45,0.22,0.37,0.59,0.22,0.59,0.19,0.26,0.45,0.19,0.45,Matches,2024,27.1,35.1,18.3,12.0,3.54,45.8,21.8,14.9,5.09,76.7,83.8,80.2,69.6,584.0,182.0,35.1,18.3,12.0,3.54,45.8,21.8,14.9,5.09,76.7,83.8,80.2,69.6,35.1,18.3,12.0,3.54,45.8,21.8,14.9,5.09,76.7,83.8,80.2,69.6,35.1,18.3,12.0,3.54,45.8,21.8,14.9,5.09,76.7,83.8,80.2,69.6,0.37,0.25,0.11,2.21,3.54,2.47,0.3,0.22,2.25,0.74,32.8,2.25,0.74,0.1,0.3,19.5,0.04,0.0,0.0,0.08,0.03,0.03,60.1,0.74,6.83,27.1,27.5,3.91,60.1,2.25,47.7,2.18,46.1,38.3,1.18,3.1,2.25,44.6,2.07,0.74,1.29,2.07,0.74,43.5,0.96,1.44,1.33,0.85,2.92,0.26,0.0,4.98,4.99,0.26,0.07,0.22,0.0,0.18,0.0,0.59,0.59,0.26,0.07,0.22,0.0,0.18,0.0,0.0,1.25,1.55,0.07,2.92,0.85,1.29,0.0,0.0,0.0,5.57,0.81,48.9,,,,,,,,,,,,,,,,,,,,,,,,,,,,
Lewis Morgan,sct SCO,"FW,MF",NY Red Bulls,27,1996,29,26,2414,26.8,0.49,0.19,0.67,0.41,0.07,0.11,0.0,0.0,0.47,0.38,0.24,0.62,2.72,3.51,6.75,0.48,0.19,0.67,0.41,0.6,0.47,0.24,0.71,0.38,0.62,Matches,2024,26.8,19.3,9.25,7.95,1.53,27.4,11.8,10.2,3.17,70.4,78.2,77.7,48.2,316.9,86.6,19.3,9.25,7.95,1.53,27.4,11.8,10.2,3.17,70.4,78.2,77.7,48.2,19.3,9.25,7.95,1.53,27.4,11.8,10.2,3.17,70.4,78.2,77.7,48.2,19.3,9.25,7.95,1.53,27.4,11.8,10.2,3.17,70.4,78.2,77.7,48.2,0.19,0.21,-0.06,1.75,2.46,1.42,0.49,0.49,3.36,1.16,34.4,3.36,1.16,0.12,0.35,18.0,0.0,0.07,0.11,0.11,0.02,0.03,38.5,0.63,2.8,14.7,21.4,4.63,38.4,1.12,48.4,1.12,48.4,23.3,0.93,2.46,1.23,27.1,0.82,0.15,0.6,0.82,0.15,28.6,0.37,0.63,0.56,0.19,1.01,0.67,0.0,3.77,3.77,0.26,0.0,0.22,0.15,0.04,0.0,0.52,0.52,0.26,0.0,0.22,0.15,0.04,0.0,0.0,0.75,0.6,0.52,2.43,0.19,0.6,0.11,0.0,0.0,3.32,1.27,32.7,,,,,,,,,,,,,,,,,,,,,,,,,,,,
Aidan Morris,us USA,MF,Columbus Crew,22,2001,16,15,1274,14.2,0.14,0.14,0.28,0.14,0.0,0.0,0.0,0.0,0.14,0.14,0.05,0.19,1.41,9.15,2.54,0.14,0.14,0.28,0.14,0.28,0.14,0.05,0.19,0.14,0.19,Matches,2024,14.2,79.4,39.5,32.9,4.93,86.1,41.0,35.2,6.34,92.2,96.4,93.4,77.8,1291.3,341.5,79.4,39.5,32.9,4.93,86.1,41.0,35.2,6.34,92.2,96.4,93.4,77.8,79.4,39.5,32.9,4.93,86.1,41.0,35.2,6.34,92.2,96.4,93.4,77.8,79.4,39.5,32.9,4.93,86.1,41.0,35.2,6.34,92.2,96.4,93.4,77.8,0.14,0.09,0.09,0.7,8.52,0.49,0.14,0.14,1.41,0.35,25.0,1.41,0.35,0.1,0.4,23.3,0.0,0.0,0.0,0.1,0.0,0.0,97.2,2.39,18.7,59.5,20.0,0.99,97.2,0.49,53.8,0.28,30.8,62.0,0.28,1.62,1.41,75.2,3.59,1.76,2.32,3.59,1.76,71.4,0.7,1.83,1.55,1.62,5.21,0.63,0.14,3.03,3.04,0.0,0.0,0.07,0.07,0.14,0.07,0.56,0.57,0.0,0.0,0.07,0.07,0.14,0.07,0.0,0.92,2.18,0.07,0.49,1.62,2.32,0.07,0.0,0.0,8.17,0.35,55.6,,,,,,,,,,,,,,,,,,,,,,,,,,,,
Jordan Morris,us USA,FW,Seattle Sounders,29,1994,34,32,2790,31.0,0.42,0.13,0.55,0.42,0.0,0.0,0.13,0.0,0.41,0.41,0.21,0.61,2.32,2.16,7.13,0.42,0.13,0.55,0.42,0.55,0.41,0.21,0.61,0.41,0.61,Matches,2024,31.0,15.9,10.5,4.39,0.48,21.2,12.9,5.71,0.74,74.9,81.0,76.8,65.2,211.1,42.7,15.9,10.5,4.39,0.48,21.2,12.9,5.71,0.74,74.9,81.0,76.8,65.2,15.9,10.5,4.39,0.48,21.2,12.9,5.71,0.74,74.9,81.0,76.8,65.2,15.9,10.5,4.39,0.48,21.2,12.9,5.71,0.74,74.9,81.0,76.8,65.2,0.13,0.13,-0.08,1.39,0.84,0.94,0.13,0.42,2.16,1.06,49.3,2.16,1.06,0.19,0.39,11.5,0.0,0.0,0.0,0.19,0.01,0.01,28.1,0.87,2.39,8.81,17.4,5.77,28.1,0.65,57.1,0.35,31.4,16.7,1.26,1.26,0.84,22.2,0.68,0.35,0.35,0.68,0.35,68.8,0.16,0.39,0.32,0.19,0.87,0.55,0.0,3.1,3.1,0.06,0.0,0.13,0.1,0.0,0.0,0.48,0.48,0.06,0.0,0.13,0.1,0.0,0.0,0.0,0.9,0.55,0.19,0.81,0.19,0.35,0.06,0.0,0.0,1.42,1.97,53.0,,,,,,,,,,,,,,,,,,,,,,,,,,,,
Edwin Mosquera,co COL,"FW,MF",Atlanta Utd,22,2001,22,5,626,7.0,0.14,0.43,0.57,0.14,0.0,0.0,0.29,0.0,0.3,0.3,0.29,0.59,8.14,3.0,10.9,0.14,0.43,0.58,0.14,0.58,0.3,0.28,0.59,0.3,0.59,Matches,2024,7.0,26.6,15.3,7.71,2.57,38.9,18.6,11.3,5.14,68.4,82.3,68.4,50.0,415.6,94.4,26.6,15.3,7.71,2.57,38.9,18.6,11.3,5.14,68.4,82.3,68.4,50.0,26.6,15.3,7.71,2.57,38.9,18.6,11.3,5.14,68.4,82.3,68.4,50.0,26.6,15.3,7.71,2.57,38.9,18.6,11.3,5.14,68.4,82.3,68.4,50.0,0.43,0.23,0.14,2.43,2.14,1.29,0.71,0.14,2.71,0.86,31.6,2.73,0.86,0.05,0.17,16.2,0.0,0.0,0.0,0.11,-0.16,-0.16,52.7,0.29,5.29,19.1,28.6,7.57,52.7,2.57,46.2,2.57,46.2,36.9,4.29,3.14,1.0,40.6,1.43,0.29,1.14,1.43,0.29,22.2,1.0,0.57,0.57,0.71,2.14,0.29,0.14,5.86,5.89,1.14,0.0,0.86,0.0,0.14,0.0,0.57,0.58,1.14,0.0,0.86,0.0,0.14,0.0,0.0,1.29,2.71,0.43,4.57,0.71,1.14,0.0,0.0,0.0,4.86,0.29,25.0,,,,,,,,,,,,,,,,,,,,,,,,,,,,
Jean Mota,br BRA,MF,Inter Miami,30,1993,2,0,26,0.3,0.0,0.0,0.0,0.0,0.0,0.0,0.0,0.0,0.0,0.0,0.0,0.0,0.0,3.33,6.67,0.0,0.0,0.0,0.0,0.0,0.0,0.0,0.0,0.0,0.0,Matches,2024,0.3,33.3,16.7,13.3,0.0,43.3,16.7,16.7,0.0,76.9,100.0,80.0,,450.0,93.3,33.3,16.7,13.3,0.0,43.3,16.7,16.7,0.0,76.9,100.0,80.0,,33.3,16.7,13.3,0.0,43.3,16.7,16.7,0.0,76.9,100.0,80.0,,33.3,16.7,13.3,0.0,43.3,16.7,16.7,0.0,76.9,100.0,80.0,,0.0,0.0,0.0,0.0,3.33,0.0,0.0,0.0,0.0,0.0,,0.0,0.0,,,,0.0,0.0,0.0,,0.0,0.0,43.3,0.0,13.3,26.7,3.33,0.0,43.3,0.0,,0.0,,23.3,0.0,0.0,0.0,33.3,0.0,0.0,0.0,0.0,0.0,,0.0,0.0,0.0,0.0,0.0,0.0,0.0,0.0,0.0,0.0,0.0,0.0,0.0,0.0,0.0,0.0,0.0,0.0,0.0,0.0,0.0,0.0,0.0,0.0,0.0,0.0,0.0,0.0,0.0,0.0,0.0,0.0,0.0,0.0,0.0,,,,,,,,,,,,,,,,,,,,,,,,,,,,,
Cole Mrowka,us USA,MF,Columbus Crew,17,2006,1,0,1,0.0,0.0,0.0,0.0,0.0,0.0,0.0,0.0,0.0,0.0,0.0,0.0,0.0,0.0,0.0,0.0,0.0,0.0,0.0,0.0,0.0,0.0,0.0,0.0,0.0,0.0,Matches,2024,0.0,2.0,0.0,1.0,1.0,2.0,0.0,1.0,1.0,100.0,,100.0,100.0,61.0,32.0,2.0,0.0,1.0,1.0,2.0,0.0,1.0,1.0,100.0,,100.0,100.0,2.0,0.0,1.0,1.0,2.0,0.0,1.0,1.0,100.0,,100.0,100.0,2.0,0.0,1.0,1.0,2.0,0.0,1.0,1.0,100.0,,100.0,100.0,0.0,0.0,0.0,0.0,1.0,0.0,0.0,0.0,0.0,0.0,,0.0,0.0,,,,0.0,0.0,0.0,,0.0,0.0,2.0,0.0,0.0,1.0,1.0,0.0,2.0,0.0,,0.0,,1.0,0.0,0.0,0.0,2.0,0.0,0.0,0.0,0.0,0.0,,0.0,0.0,0.0,0.0,0.0,0.0,0.0,0.0,0.0,0.0,0.0,0.0,0.0,0.0,0.0,0.0,0.0,0.0,0.0,0.0,0.0,0.0,0.0,0.0,0.0,1.0,0.0,0.0,0.0,0.0,0.0,0.0,0.0,0.0,0.0,,,,,,,,,,,,,,,,,,,,,,,,,,,,,
Chris Mueller,us USA,"FW,MF",Chicago Fire,27,1996,27,15,1352,15.0,0.0,0.13,0.13,0.0,0.0,0.0,0.07,0.0,0.13,0.13,0.2,0.33,4.33,3.6,8.33,0.0,0.13,0.13,0.0,0.13,0.13,0.2,0.34,0.13,0.34,Matches,2024,15.0,30.5,19.4,9.33,1.33,39.9,21.9,12.7,2.67,76.5,88.4,73.3,50.0,442.0,113.5,30.5,19.4,9.33,1.33,39.9,21.9,12.7,2.67,76.5,88.4,73.3,50.0,30.5,19.4,9.33,1.33,39.9,21.9,12.7,2.67,76.5,88.4,73.3,50.0,30.5,19.4,9.33,1.33,39.9,21.9,12.7,2.67,76.5,88.4,73.3,50.0,0.13,0.22,-0.07,1.27,2.33,1.27,0.4,0.0,1.53,0.53,34.8,1.53,0.53,0.0,0.0,16.7,0.07,0.0,0.0,0.09,-0.13,-0.13,50.8,0.67,7.2,19.5,24.6,4.67,50.8,1.27,39.6,1.67,52.1,32.6,1.93,2.53,1.73,37.6,1.2,0.8,0.67,1.2,0.8,46.2,0.93,0.87,0.87,0.93,2.13,0.67,0.0,3.07,3.06,0.13,0.0,0.2,0.0,0.07,0.0,0.33,0.33,0.13,0.0,0.2,0.0,0.07,0.0,0.0,1.4,2.0,0.2,3.73,0.93,0.67,0.0,0.0,0.0,4.73,0.73,35.5,,,,,,,,,,,,,,,,,,,,,,,,,,,,
Hany Mukhtar,de GER,"MF,FW",Nashville SC,28,1995,32,31,2745,30.5,0.26,0.3,0.56,0.16,0.1,0.16,0.16,0.0,0.37,0.24,0.3,0.54,2.69,5.18,6.1,0.26,0.3,0.56,0.16,0.46,0.37,0.3,0.67,0.24,0.54,Matches,2024,30.5,32.9,15.1,13.8,3.34,44.2,17.4,16.6,7.77,74.4,87.0,83.4,43.0,574.9,159.2,32.9,15.1,13.8,3.34,44.2,17.4,16.6,7.77,74.4,87.0,83.4,43.0,32.9,15.1,13.8,3.34,44.2,17.4,16.6,7.77,74.4,87.0,83.4,43.0,32.9,15.1,13.8,3.34,44.2,17.4,16.6,7.77,74.4,87.0,83.4,43.0,0.3,0.3,-0.0,2.66,2.59,1.31,0.16,0.26,3.18,0.89,27.8,3.18,0.89,0.05,0.19,22.4,0.33,0.1,0.16,0.08,-0.11,-0.08,55.5,0.2,3.31,27.4,25.8,3.93,55.4,1.11,43.0,1.31,50.6,30.8,0.95,2.79,2.23,39.3,1.05,0.39,0.59,1.05,0.39,35.3,0.72,0.69,0.69,0.26,1.31,0.13,0.03,5.11,5.11,0.3,0.1,0.43,0.03,0.03,0.0,0.66,0.66,0.3,0.1,0.43,0.03,0.03,0.0,0.0,0.52,2.3,0.46,6.49,0.26,0.59,0.03,0.0,0.0,4.26,0.33,25.0,,,,,,,,,,,,,,,,,,,,,,,,,,,,
Luis Müller,de GER,"FW,MF",LAFC,22,2001,4,0,8,0.1,0.0,0.0,0.0,0.0,0.0,0.0,0.0,0.0,0.0,0.0,0.0,0.0,10.0,10.0,50.0,0.0,0.0,0.0,0.0,0.0,0.25,0.0,0.25,0.25,0.25,Matches,2024,0.1,70.0,60.0,10.0,0.0,90.0,60.0,10.0,0.0,77.8,100.0,100.0,,850.0,150.0,70.0,60.0,10.0,0.0,90.0,60.0,10.0,0.0,77.8,100.0,100.0,,70.0,60.0,10.0,0.0,90.0,60.0,10.0,0.0,77.8,100.0,100.0,,70.0,60.0,10.0,0.0,90.0,60.0,10.0,0.0,77.8,100.0,100.0,,0.0,0.0,0.0,0.0,10.0,0.0,0.0,0.0,10.0,10.0,100.0,11.25,11.25,0.0,0.0,16.8,0.0,0.0,0.0,0.02,0.0,0.0,130.0,0.0,20.0,20.0,90.0,10.0,130.0,0.0,0.0,10.0,100.0,100.0,0.0,0.0,0.0,90.0,0.0,0.0,0.0,0.0,0.0,,0.0,0.0,0.0,10.0,10.0,10.0,0.0,0.0,0.0,0.0,0.0,0.0,0.0,0.0,0.0,0.0,0.0,0.0,0.0,0.0,0.0,0.0,0.0,0.0,0.0,0.0,0.0,10.0,10.0,0.0,0.0,0.0,0.0,0.0,0.0,,,,,,,,,,,,,,,,,,,,,,,,,,,,,
Daniel Munie,us USA,DF,SJ Earthquakes,23,2000,17,12,1114,12.4,0.0,0.0,0.0,0.0,0.0,0.0,0.0,0.0,0.08,0.08,0.0,0.08,0.16,2.66,0.08,0.0,0.0,0.0,0.0,0.0,0.08,0.0,0.08,0.08,0.08,Matches,2024,12.4,39.7,13.3,21.2,4.52,49.1,14.8,23.9,9.11,80.8,90.2,88.9,49.6,776.9,340.9,39.7,13.3,21.2,4.52,49.1,14.8,23.9,9.11,80.8,90.2,88.9,49.6,39.7,13.3,21.2,4.52,49.1,14.8,23.9,9.11,80.8,90.2,88.9,49.6,39.7,13.3,21.2,4.52,49.1,14.8,23.9,9.11,80.8,90.2,88.9,49.6,0.0,0.01,0.0,0.0,1.85,0.08,0.0,0.0,0.56,0.08,14.3,0.57,0.08,0.0,0.0,9.5,0.0,0.0,0.0,0.15,-0.08,-0.08,59.3,10.0,39.2,18.6,1.77,0.65,59.3,0.08,100.0,0.0,0.0,30.4,0.0,0.65,0.0,37.3,0.73,0.4,0.48,0.73,0.4,41.7,0.56,1.94,0.81,0.97,1.69,4.68,0.08,0.56,0.57,0.0,0.0,0.0,0.0,0.0,0.0,0.0,0.0,0.0,0.0,0.0,0.0,0.0,0.0,0.0,0.16,0.24,0.0,0.0,0.97,0.48,0.0,0.0,0.0,4.27,1.85,53.5,,,,,,,,,,,,,,,,,,,,,,,,,,,,
Luis Muriel,co COL,"FW,MF",Orlando City,32,1991,33,14,1583,17.6,0.28,0.28,0.57,0.17,0.11,0.11,0.11,0.0,0.26,0.17,0.28,0.45,4.15,6.65,7.73,0.28,0.28,0.57,0.17,0.45,0.26,0.28,0.54,0.17,0.45,Matches,2024,17.6,31.9,17.6,10.3,1.93,40.6,20.2,12.8,3.47,78.5,86.8,80.5,55.7,478.4,162.0,31.9,17.6,10.3,1.93,40.6,20.2,12.8,3.47,78.5,86.8,80.5,55.7,31.9,17.6,10.3,1.93,40.6,20.2,12.8,3.47,78.5,86.8,80.5,55.7,31.9,17.6,10.3,1.93,40.6,20.2,12.8,3.47,78.5,86.8,80.5,55.7,0.28,0.32,0.01,2.1,3.12,2.78,0.11,0.28,2.95,0.85,28.8,2.96,0.85,0.06,0.2,24.0,0.28,0.11,0.11,0.06,0.02,0.0,53.7,0.51,4.15,20.1,30.6,4.15,53.6,2.44,50.0,2.27,46.5,35.7,1.19,3.18,2.16,43.0,1.42,0.68,1.02,1.42,0.68,42.9,0.91,0.45,0.45,0.17,1.59,0.4,0.0,4.94,4.94,0.28,0.0,0.23,0.06,0.17,0.0,0.68,0.68,0.28,0.0,0.23,0.06,0.17,0.0,0.0,1.59,1.31,0.34,1.08,0.17,1.02,0.06,0.0,0.0,3.35,0.97,38.6,,,,,,,,,,,,,,,,,,,,,,,,,,,,
Ian Murphy,us USA,DF,FC Cincinnati,24,2000,31,23,2290,25.4,0.0,0.0,0.0,0.0,0.0,0.0,0.31,0.0,0.01,0.01,0.0,0.01,0.94,5.16,0.59,0.0,0.0,0.0,0.0,0.0,0.01,0.0,0.01,0.01,0.01,Matches,2024,25.4,59.4,23.5,32.6,2.56,68.7,24.9,35.9,5.51,86.5,94.5,90.8,46.4,1021.1,405.0,59.4,23.5,32.6,2.56,68.7,24.9,35.9,5.51,86.5,94.5,90.8,46.4,59.4,23.5,32.6,2.56,68.7,24.9,35.9,5.51,86.5,94.5,90.8,46.4,59.4,23.5,32.6,2.56,68.7,24.9,35.9,5.51,86.5,94.5,90.8,46.4,0.0,0.03,-0.0,0.12,4.65,0.16,0.0,0.0,0.12,0.0,0.0,0.12,0.0,0.0,,8.9,0.0,0.0,0.0,0.08,-0.01,-0.01,77.0,6.22,35.2,37.7,4.49,0.28,77.0,0.04,25.0,0.12,75.0,48.0,0.04,0.51,0.2,55.2,1.54,0.63,1.1,1.54,0.63,64.0,0.35,1.14,0.67,1.18,2.72,2.6,0.04,0.63,0.63,0.0,0.0,0.0,0.0,0.0,0.0,0.08,0.08,0.0,0.0,0.0,0.0,0.0,0.0,0.0,1.06,0.24,0.0,0.12,1.18,1.1,0.0,0.04,0.04,4.17,1.54,60.0,,,,,,,,,,,,,,,,,,,,,,,,,,,,
Jacob Murrell,us USA,"FW,MF",D.C. United,19,2004,27,6,884,9.8,0.1,0.2,0.31,0.1,0.0,0.0,0.2,0.0,0.39,0.39,0.13,0.52,0.82,1.84,5.2,0.1,0.2,0.31,0.1,0.31,0.39,0.13,0.52,0.39,0.52,Matches,2024,9.8,11.5,7.04,2.65,1.02,17.2,9.69,3.98,1.33,66.9,72.6,66.7,76.9,168.7,39.4,11.5,7.04,2.65,1.02,17.2,9.69,3.98,1.33,66.9,72.6,66.7,76.9,11.5,7.04,2.65,1.02,17.2,9.69,3.98,1.33,66.9,72.6,66.7,76.9,11.5,7.04,2.65,1.02,17.2,9.69,3.98,1.33,66.9,72.6,66.7,76.9,0.2,0.1,0.07,1.02,0.71,0.61,0.2,0.1,3.16,1.12,35.5,3.16,1.12,0.03,0.09,14.7,0.0,0.0,0.0,0.12,-0.29,-0.29,29.4,2.04,4.8,10.3,14.5,4.29,29.4,0.0,0.0,0.71,87.5,16.1,0.41,2.04,1.63,19.2,0.51,0.2,0.31,0.51,0.2,15.4,1.12,0.61,0.51,0.2,0.71,1.94,0.0,2.24,2.24,0.0,0.0,0.0,0.0,0.0,0.0,0.51,0.51,0.0,0.0,0.0,0.0,0.0,0.0,0.0,0.61,0.41,0.0,0.92,0.2,0.31,0.0,0.0,0.0,2.45,2.14,32.8,,,,,,,,,,,,,,,,,,,,,,,,,,,,
Petar Musa,hr CRO,FW,FC Dallas,25,1998,30,27,2297,25.5,0.63,0.12,0.75,0.59,0.04,0.04,0.24,0.0,0.39,0.36,0.11,0.47,0.94,2.31,5.1,0.63,0.12,0.74,0.59,0.71,0.39,0.11,0.5,0.36,0.47,Matches,2024,25.5,15.8,8.43,4.98,1.37,23.6,11.6,7.02,2.2,67.1,72.6,70.9,62.5,248.2,58.1,15.8,8.43,4.98,1.37,23.6,11.6,7.02,2.2,67.1,72.6,70.9,62.5,15.8,8.43,4.98,1.37,23.6,11.6,7.02,2.2,67.1,72.6,70.9,62.5,15.8,8.43,4.98,1.37,23.6,11.6,7.02,2.2,67.1,72.6,70.9,62.5,0.12,0.09,0.01,1.14,1.69,0.27,0.12,0.63,3.37,1.1,32.6,3.37,1.1,0.17,0.54,18.0,0.04,0.04,0.04,0.11,0.24,0.23,36.0,1.18,3.61,18.0,15.1,5.18,36.0,0.9,46.0,0.98,50.0,20.3,0.71,3.06,1.73,25.9,0.47,0.08,0.24,0.47,0.08,13.3,0.51,0.82,0.71,0.35,0.82,1.18,0.04,2.27,2.27,0.2,0.08,0.04,0.0,0.0,0.0,0.24,0.23,0.2,0.08,0.04,0.0,0.0,0.0,0.0,1.92,0.94,0.67,0.63,0.35,0.24,0.0,0.0,0.0,2.47,3.1,62.7,,,,,,,,,,,,,,,,,,,,,,,,,,,,
Daniel Musovski,us USA,"FW,MF",Seattle Sounders,28,1995,24,4,516,5.7,0.18,0.18,0.35,0.18,0.0,0.0,0.18,0.0,0.32,0.32,0.11,0.42,2.28,2.28,6.14,0.17,0.17,0.35,0.17,0.35,0.31,0.11,0.42,0.31,0.42,Matches,2024,5.7,16.7,10.7,4.91,0.35,22.5,13.0,7.02,0.53,74.2,82.4,70.0,66.7,224.9,47.5,16.7,10.7,4.91,0.35,22.5,13.0,7.02,0.53,74.2,82.4,70.0,66.7,16.7,10.7,4.91,0.35,22.5,13.0,7.02,0.53,74.2,82.4,70.0,66.7,16.7,10.7,4.91,0.35,22.5,13.0,7.02,0.53,74.2,82.4,70.0,66.7,0.18,0.09,0.07,0.7,1.23,1.23,0.18,0.18,2.28,1.23,53.8,2.27,1.22,0.08,0.14,12.4,0.0,0.0,0.0,0.14,-0.14,-0.14,36.1,0.88,3.86,13.7,19.1,3.51,36.1,1.75,47.6,1.58,42.9,20.7,0.88,2.81,1.23,24.9,2.11,0.53,1.23,2.11,0.53,42.9,0.7,0.7,0.53,0.18,2.28,0.7,0.0,1.75,1.73,0.18,0.0,0.18,0.18,0.0,0.0,0.35,0.35,0.18,0.0,0.18,0.18,0.0,0.0,0.0,2.63,2.98,0.35,0.18,0.18,1.23,0.0,0.0,0.0,3.51,2.98,41.5,,,,,,,,,,,,,,,,,,,,,,,,,,,,
Alex Muyl,us USA,"FW,DF",Nashville SC,28,1995,34,27,2302,25.6,0.2,0.04,0.23,0.2,0.0,0.0,0.12,0.0,0.18,0.18,0.06,0.23,1.13,2.73,4.61,0.2,0.04,0.23,0.2,0.23,0.18,0.06,0.24,0.18,0.24,Matches,2024,25.6,26.5,13.7,10.4,2.03,34.7,15.7,13.4,3.52,76.4,87.3,77.5,57.8,434.8,126.1,26.5,13.7,10.4,2.03,34.7,15.7,13.4,3.52,76.4,87.3,77.5,57.8,26.5,13.7,10.4,2.03,34.7,15.7,13.4,3.52,76.4,87.3,77.5,57.8,26.5,13.7,10.4,2.03,34.7,15.7,13.4,3.52,76.4,87.3,77.5,57.8,0.04,0.1,-0.02,0.94,1.8,1.05,0.27,0.2,1.29,0.43,33.3,1.29,0.43,0.15,0.45,12.9,0.0,0.0,0.0,0.14,0.02,0.02,46.3,1.29,10.4,21.0,15.4,2.7,46.3,1.09,41.8,1.41,53.7,24.3,0.39,2.5,1.17,28.9,1.64,0.59,1.13,1.64,0.59,39.5,0.9,1.09,0.98,0.86,2.5,0.86,0.0,2.11,2.11,0.2,0.04,0.12,0.0,0.12,0.0,0.12,0.12,0.2,0.04,0.12,0.0,0.12,0.0,0.0,1.45,1.72,0.31,1.25,0.86,1.13,0.0,0.0,0.04,4.49,0.7,34.6,,,,,,,,,,,,,,,,,,,,,,,,,,,,
Tristan Muyumba,fr FRA,MF,Atlanta Utd,26,1997,30,25,2115,23.5,0.0,0.09,0.09,0.0,0.0,0.0,0.21,0.0,0.06,0.06,0.05,0.11,1.57,4.43,1.74,0.0,0.09,0.09,0.0,0.09,0.06,0.05,0.1,0.06,0.1,Matches,2024,23.5,45.2,22.6,17.6,3.06,51.1,24.7,19.0,3.96,88.5,91.7,92.6,77.4,723.6,190.6,45.2,22.6,17.6,3.06,51.1,24.7,19.0,3.96,88.5,91.7,92.6,77.4,45.2,22.6,17.6,3.06,51.1,24.7,19.0,3.96,88.5,91.7,92.6,77.4,45.2,22.6,17.6,3.06,51.1,24.7,19.0,3.96,88.5,91.7,92.6,77.4,0.09,0.07,0.04,0.89,3.62,0.72,0.0,0.0,1.19,0.04,3.6,1.19,0.04,0.0,0.0,20.5,0.0,0.0,0.0,0.05,-0.06,-0.06,62.2,2.09,14.3,34.1,14.2,2.13,62.2,1.53,56.3,1.15,42.2,35.0,0.55,1.36,0.81,44.7,3.02,1.45,2.13,3.02,1.45,61.8,0.89,1.06,0.85,0.94,3.96,1.06,0.0,2.3,2.3,0.17,0.0,0.13,0.0,0.04,0.0,0.13,0.13,0.17,0.0,0.13,0.0,0.04,0.0,0.0,1.36,1.23,0.0,0.17,0.94,2.13,0.0,0.04,0.0,4.85,0.21,27.8,,,,,,,,,,,,,,,,,,,,,,,,,,,,
Darlington Nagbe,us USA,MF,Columbus Crew,33,1990,29,28,2347,26.1,0.0,0.04,0.04,0.0,0.0,0.0,0.08,0.0,0.0,0.0,0.03,0.04,0.77,4.18,0.73,0.0,0.04,0.04,0.0,0.04,0.0,0.04,0.04,0.0,0.04,Matches,2024,26.1,55.5,29.7,22.7,2.11,58.0,30.7,23.3,2.38,95.8,96.8,97.7,88.7,854.9,197.3,55.5,29.7,22.7,2.11,58.0,30.7,23.3,2.38,95.8,96.8,97.7,88.7,55.5,29.7,22.7,2.11,58.0,30.7,23.3,2.38,95.8,96.8,97.7,88.7,55.5,29.7,22.7,2.11,58.0,30.7,23.3,2.38,95.8,96.8,97.7,88.7,0.04,0.04,0.0,0.69,4.33,0.31,0.04,0.0,0.15,0.04,25.0,0.15,0.04,0.0,0.0,24.6,0.0,0.0,0.0,0.03,-0.0,-0.0,63.1,1.76,12.9,40.6,10.0,0.0,63.1,0.5,68.4,0.11,15.8,40.1,0.0,0.88,0.8,51.2,1.03,0.38,0.57,1.03,0.38,45.5,0.46,0.77,0.57,0.31,1.34,0.65,0.0,1.69,1.69,0.0,0.0,0.08,0.0,0.0,0.0,0.15,0.15,0.0,0.0,0.08,0.0,0.0,0.0,0.0,0.54,2.26,0.0,0.08,0.31,0.57,0.0,0.0,0.0,5.63,0.31,44.4,,,,,,,,,,,,,,,,,,,,,,,,,,,,
Federico Navarro,ar ARG,MF,Chicago Fire,23,2000,16,8,679,7.5,0.0,0.13,0.13,0.0,0.0,0.0,0.67,0.0,0.03,0.03,0.0,0.03,0.27,3.87,0.93,0.0,0.13,0.13,0.0,0.13,0.02,0.0,0.02,0.02,0.02,Matches,2024,7.5,40.4,18.7,17.2,3.73,46.8,20.4,19.9,5.07,86.3,91.5,86.6,73.7,695.5,160.0,40.4,18.7,17.2,3.73,46.8,20.4,19.9,5.07,86.3,91.5,86.6,73.7,40.4,18.7,17.2,3.73,46.8,20.4,19.9,5.07,86.3,91.5,86.6,73.7,40.4,18.7,17.2,3.73,46.8,20.4,19.9,5.07,86.3,91.5,86.6,73.7,0.13,0.01,0.13,0.13,2.93,0.27,0.0,0.0,0.4,0.13,33.3,0.4,0.13,0.0,0.0,17.4,0.0,0.0,0.0,0.05,-0.03,-0.03,60.8,4.4,19.9,37.3,4.13,0.4,60.8,0.93,46.7,1.07,53.3,32.5,0.13,1.47,0.93,32.8,4.0,1.6,2.4,4.0,1.6,70.6,0.67,1.47,0.93,2.0,6.0,2.13,0.13,1.6,1.59,0.13,0.0,0.13,0.0,0.0,0.0,0.13,0.13,0.13,0.0,0.13,0.0,0.0,0.0,0.0,2.27,1.07,0.13,0.0,2.0,2.4,0.0,0.0,0.0,9.07,0.8,50.0,,,,,,,,,,,,,,,,,,,,,,,,,,,,
Rafael Navarro,br BRA,FW,Colorado Rapids,23,2000,34,33,2773,30.8,0.49,0.03,0.52,0.36,0.13,0.23,0.19,0.0,0.52,0.31,0.07,0.39,1.4,2.27,6.07,0.49,0.03,0.52,0.36,0.39,0.52,0.07,0.59,0.31,0.39,Matches,2024,30.8,16.1,9.45,4.19,0.62,22.6,12.2,5.62,1.07,71.2,77.4,74.6,57.6,207.5,46.2,16.1,9.45,4.19,0.62,22.6,12.2,5.62,1.07,71.2,77.4,74.6,57.6,16.1,9.45,4.19,0.62,22.6,12.2,5.62,1.07,71.2,77.4,74.6,57.6,16.1,9.45,4.19,0.62,22.6,12.2,5.62,1.07,71.2,77.4,74.6,57.6,0.03,0.08,-0.04,0.84,0.88,0.91,0.1,0.49,2.66,1.04,39.0,2.66,1.04,0.13,0.34,15.4,0.0,0.13,0.23,0.12,-0.03,0.05,36.6,0.68,3.12,14.6,19.6,5.29,36.4,1.66,44.7,1.82,49.1,20.5,0.84,2.37,1.62,25.3,1.79,0.45,1.14,1.79,0.45,38.9,0.71,1.59,1.46,0.26,2.05,0.45,0.0,2.86,2.86,0.23,0.03,0.45,0.03,0.03,0.0,0.45,0.45,0.23,0.03,0.45,0.03,0.03,0.0,0.0,1.62,2.05,0.91,0.45,0.26,1.14,0.1,0.0,0.0,2.92,2.21,36.4,,,,,,,,,,,,,,,,,,,,,,,,,,,,
Logan Ndenbe,be BEL,DF,Sporting KC,23,2000,5,3,239,2.7,0.0,0.0,0.0,0.0,0.0,0.0,0.0,0.0,0.07,0.07,0.04,0.11,3.7,8.89,6.3,0.0,0.0,0.0,0.0,0.0,0.06,0.05,0.11,0.06,0.11,Matches,2024,2.7,62.6,33.3,24.8,3.33,78.1,35.6,30.0,5.56,80.1,93.8,82.7,60.0,992.6,425.6,62.6,33.3,24.8,3.33,78.1,35.6,30.0,5.56,80.1,93.8,82.7,60.0,62.6,33.3,24.8,3.33,78.1,35.6,30.0,5.56,80.1,93.8,82.7,60.0,62.6,33.3,24.8,3.33,78.1,35.6,30.0,5.56,80.1,93.8,82.7,60.0,0.0,0.07,-0.04,0.74,6.67,1.48,0.74,0.0,1.85,0.74,40.0,1.88,0.75,0.0,0.0,21.1,0.0,0.0,0.0,0.03,-0.07,-0.07,86.3,0.74,18.1,38.9,30.0,1.48,86.3,1.11,50.0,1.11,50.0,51.5,0.37,1.11,1.11,55.2,1.85,0.37,1.11,1.85,0.37,50.0,0.37,0.74,0.74,1.85,3.7,1.11,0.0,2.59,2.62,0.37,0.0,0.0,0.0,0.37,0.0,0.0,0.0,0.37,0.0,0.0,0.0,0.37,0.0,0.0,1.48,0.74,0.0,4.81,1.85,1.11,0.0,0.0,0.0,5.93,0.74,100.0,,,,,,,,,,,,,,,,,,,,,,,,,,,,
Jalen Neal,us USA,DF,LA Galaxy,20,2003,18,14,1383,15.4,0.0,0.0,0.0,0.0,0.0,0.0,0.26,0.0,0.0,0.0,0.01,0.01,0.13,2.73,0.26,0.0,0.0,0.0,0.0,0.0,0.0,0.01,0.01,0.0,0.01,Matches,2024,15.4,67.2,27.3,35.1,3.12,71.0,28.1,36.3,4.09,94.7,97.5,96.8,76.2,1145.2,407.3,67.2,27.3,35.1,3.12,71.0,28.1,36.3,4.09,94.7,97.5,96.8,76.2,67.2,27.3,35.1,3.12,71.0,28.1,36.3,4.09,94.7,97.5,96.8,76.2,67.2,27.3,35.1,3.12,71.0,28.1,36.3,4.09,94.7,97.5,96.8,76.2,0.0,0.01,-0.01,0.13,3.64,0.0,0.0,0.0,0.06,0.0,0.0,0.07,0.0,0.0,,11.4,0.0,0.0,0.0,0.03,0.0,0.0,79.2,7.34,38.5,38.8,2.01,0.19,79.2,0.06,33.3,0.13,66.7,49.6,0.0,0.26,0.13,61.6,1.56,0.71,0.84,1.56,0.71,57.9,0.52,0.97,0.13,0.97,2.53,3.44,0.06,0.58,0.59,0.0,0.0,0.0,0.0,0.0,0.0,0.0,0.0,0.0,0.0,0.0,0.0,0.0,0.0,0.0,0.91,0.06,0.0,0.0,0.97,0.84,0.0,0.0,0.0,3.12,1.1,53.1,,,,,,,,,,,,,,,,,,,,,,,,,,,,
Dylan Nealis,us USA,DF,NY Red Bulls,25,1998,30,25,2331,25.9,0.0,0.12,0.12,0.0,0.0,0.0,0.12,0.04,0.07,0.07,0.09,0.17,1.24,4.83,4.09,0.0,0.12,0.12,0.0,0.12,0.07,0.09,0.17,0.07,0.17,Matches,2024,25.9,40.7,17.1,18.7,4.05,54.0,20.3,23.1,8.11,75.3,84.6,80.9,50.0,744.3,250.7,40.7,17.1,18.7,4.05,54.0,20.3,23.1,8.11,75.3,84.6,80.9,50.0,40.7,17.1,18.7,4.05,54.0,20.3,23.1,8.11,75.3,84.6,80.9,50.0,40.7,17.1,18.7,4.05,54.0,20.3,23.1,8.11,75.3,84.6,80.9,50.0,0.12,0.1,0.02,1.24,3.55,1.04,0.27,0.0,1.27,0.15,12.1,1.27,0.15,0.0,0.0,16.2,0.0,0.0,0.0,0.06,-0.07,-0.07,65.2,3.13,18.3,30.9,16.4,2.16,65.2,0.66,58.6,0.39,34.5,29.0,0.12,1.0,0.39,33.9,2.24,1.2,1.47,2.24,1.2,53.4,1.04,1.58,1.43,0.85,3.09,2.82,0.0,2.9,2.9,0.04,0.0,0.12,0.0,0.04,0.0,0.35,0.35,0.04,0.0,0.12,0.0,0.04,0.0,0.0,1.51,1.78,0.04,1.27,0.85,1.47,0.0,0.0,0.0,4.48,3.13,75.0,,,,,,,,,,,,,,,,,,,,,,,,,,,,
Sean Nealis,us USA,DF,NY Red Bulls,27,1997,28,24,2236,24.8,0.0,0.08,0.08,0.0,0.0,0.0,0.16,0.08,0.05,0.05,0.04,0.09,0.16,3.15,0.08,0.0,0.08,0.08,0.0,0.08,0.05,0.04,0.09,0.05,0.09,Matches,2024,24.8,46.0,16.2,25.7,3.79,52.5,17.3,27.6,6.81,87.5,93.3,93.1,55.6,870.6,301.9,46.0,16.2,25.7,3.79,52.5,17.3,27.6,6.81,87.5,93.3,93.1,55.6,46.0,16.2,25.7,3.79,52.5,17.3,27.6,6.81,87.5,93.3,93.1,55.6,46.0,16.2,25.7,3.79,52.5,17.3,27.6,6.81,87.5,93.3,93.1,55.6,0.08,0.04,0.04,0.2,2.06,0.16,0.0,0.0,0.73,0.12,16.7,0.72,0.12,0.0,0.0,10.7,0.0,0.0,0.0,0.07,-0.05,-0.05,61.9,7.38,32.9,26.7,2.5,1.21,61.9,0.08,66.7,0.0,0.0,34.5,0.0,0.36,0.16,39.1,1.29,0.85,0.73,1.29,0.85,60.0,0.56,1.05,0.4,1.13,2.42,3.75,0.04,0.81,0.8,0.0,0.0,0.08,0.04,0.0,0.0,0.16,0.16,0.0,0.0,0.08,0.04,0.0,0.0,0.04,0.89,0.44,0.0,0.0,1.13,0.73,0.08,0.08,0.04,4.44,2.86,60.7,,,,,,,,,,,,,,,,,,,,,,,,,,,,
Franco Negri,ar ARG,DF,Inter Miami,28,1995,11,9,790,8.8,0.0,0.11,0.11,0.0,0.0,0.0,0.11,0.0,0.0,0.0,0.09,0.1,1.48,3.3,4.43,0.0,0.11,0.11,0.0,0.11,0.01,0.09,0.1,0.01,0.1,Matches,2024,8.8,42.5,23.9,15.7,2.39,53.0,26.8,19.7,4.55,80.3,89.0,79.8,52.5,651.7,221.9,42.5,23.9,15.7,2.39,53.0,26.8,19.7,4.55,80.3,89.0,79.8,52.5,42.5,23.9,15.7,2.39,53.0,26.8,19.7,4.55,80.3,89.0,79.8,52.5,42.5,23.9,15.7,2.39,53.0,26.8,19.7,4.55,80.3,89.0,79.8,52.5,0.11,0.1,0.02,0.91,3.86,0.91,0.57,0.0,0.23,0.0,0.0,0.23,0.0,0.0,,25.6,0.0,0.0,0.0,0.02,0.0,0.0,64.3,4.09,21.9,29.4,13.6,1.02,64.3,0.57,55.6,0.34,33.3,30.1,0.23,0.91,0.68,38.3,2.5,2.05,1.93,2.5,2.05,66.7,1.02,1.48,1.14,1.7,4.2,2.84,0.0,1.82,1.82,0.0,0.0,0.11,0.0,0.0,0.0,0.34,0.34,0.0,0.0,0.11,0.0,0.0,0.0,0.0,0.68,0.57,0.34,2.27,1.7,1.93,0.0,0.0,0.11,5.11,0.68,42.9,,,,,,,,,,,,,,,,,,,,,,,,,,,,
John Nelson,us USA,DF,LA Galaxy,25,1998,23,12,1166,13.0,0.0,0.0,0.0,0.0,0.0,0.0,0.15,0.0,0.0,0.0,0.06,0.06,1.38,4.46,3.38,0.0,0.0,0.0,0.0,0.0,0.0,0.06,0.06,0.0,0.06,Matches,2024,13.0,48.2,26.7,18.3,1.92,56.1,28.9,20.9,4.08,86.0,92.3,87.5,47.2,723.7,240.2,48.2,26.7,18.3,1.92,56.1,28.9,20.9,4.08,86.0,92.3,87.5,47.2,48.2,26.7,18.3,1.92,56.1,28.9,20.9,4.08,86.0,92.3,87.5,47.2,48.2,26.7,18.3,1.92,56.1,28.9,20.9,4.08,86.0,92.3,87.5,47.2,0.0,0.05,-0.06,0.38,3.62,0.62,0.08,0.0,0.15,0.0,0.0,0.15,0.0,0.0,,32.0,0.0,0.0,0.0,0.01,0.0,0.0,64.8,4.62,22.4,30.5,12.2,0.62,64.8,0.23,60.0,0.15,40.0,36.1,0.08,0.38,0.08,42.8,1.77,0.77,1.08,1.77,0.77,62.5,0.46,0.92,0.69,1.15,2.92,3.38,0.08,0.85,0.85,0.0,0.0,0.0,0.0,0.0,0.0,0.08,0.08,0.0,0.0,0.0,0.0,0.0,0.0,0.0,0.54,0.38,0.0,0.85,1.15,1.08,0.0,0.0,0.0,4.38,0.62,42.1,,,,,,,,,,,,,,,,,,,,,,,,,,,,
Jake Nerwinski,us USA,DF,St. Louis,29,1994,11,6,558,6.2,0.16,0.0,0.16,0.16,0.0,0.0,0.16,0.0,0.03,0.03,0.02,0.05,0.48,3.87,1.94,0.16,0.0,0.16,0.16,0.16,0.03,0.01,0.04,0.03,0.04,Matches,2024,6.2,46.9,20.8,22.9,2.1,57.6,23.4,26.9,5.16,81.5,89.0,85.0,40.6,770.2,343.9,46.9,20.8,22.9,2.1,57.6,23.4,26.9,5.16,81.5,89.0,85.0,40.6,46.9,20.8,22.9,2.1,57.6,23.4,26.9,5.16,81.5,89.0,85.0,40.6,46.9,20.8,22.9,2.1,57.6,23.4,26.9,5.16,81.5,89.0,85.0,40.6,0.0,0.03,-0.02,0.32,3.39,0.32,0.0,0.16,0.16,0.16,100.0,0.16,0.16,1.0,1.0,8.6,0.0,0.0,0.0,0.21,0.13,0.13,68.7,6.29,25.5,32.4,11.1,0.32,68.7,0.16,50.0,0.16,50.0,33.4,0.0,0.48,1.29,40.6,1.45,0.81,0.48,1.45,0.81,71.4,0.32,2.1,0.81,1.61,3.06,3.06,0.16,0.65,0.65,0.0,0.0,0.16,0.0,0.0,0.0,0.0,0.0,0.0,0.0,0.16,0.0,0.0,0.0,0.0,0.32,1.29,0.0,0.97,1.61,0.48,0.0,0.0,0.0,3.71,2.42,57.7,,,,,,,,,,,,,,,,,,,,,,,,,,,,
Serge Ngoma,us USA,"MF,FW",NY Red Bulls,18,2005,8,0,117,1.3,0.77,0.0,0.77,0.77,0.0,0.0,1.54,0.0,0.0,0.0,0.0,0.0,2.31,0.77,10.0,0.77,0.0,0.77,0.77,0.77,0.04,0.0,0.04,0.04,0.04,Matches,2024,1.3,25.4,14.6,6.15,3.85,38.5,20.8,8.46,3.85,66.0,70.4,72.7,100.0,449.2,42.3,25.4,14.6,6.15,3.85,38.5,20.8,8.46,3.85,66.0,70.4,72.7,100.0,25.4,14.6,6.15,3.85,38.5,20.8,8.46,3.85,66.0,70.4,72.7,100.0,25.4,14.6,6.15,3.85,38.5,20.8,8.46,3.85,66.0,70.4,72.7,100.0,0.0,0.0,0.0,0.0,0.77,0.0,0.0,0.77,0.77,0.77,100.0,0.77,0.77,1.0,1.0,14.6,0.0,0.0,0.0,0.05,0.77,0.77,53.8,1.54,10.0,20.0,23.8,3.08,53.8,0.77,12.5,5.38,87.5,34.6,2.31,5.38,1.54,39.2,0.0,0.0,0.0,0.0,0.0,0.0,0.77,0.77,0.77,0.0,0.0,0.77,0.77,0.0,0.0,0.0,0.0,0.0,0.0,0.0,0.0,0.0,0.0,0.0,0.0,0.0,0.0,0.0,0.0,0.0,2.31,0.0,0.0,3.85,0.0,0.0,0.0,0.0,0.0,1.54,1.54,28.6,,,,,,,,,,,,,,,,,,,,,,,,,,,,
Joakim Nilsson,se SWE,DF,St. Louis,29,1994,19,15,1211,13.5,0.07,0.0,0.07,0.07,0.0,0.0,0.37,0.0,0.04,0.04,0.01,0.04,0.44,3.63,0.07,0.07,0.0,0.07,0.07,0.07,0.04,0.01,0.04,0.04,0.04,Matches,2024,13.5,39.6,16.2,20.6,2.3,47.3,18.7,23.4,4.15,83.7,86.9,88.0,55.4,697.3,311.6,39.6,16.2,20.6,2.3,47.3,18.7,23.4,4.15,83.7,86.9,88.0,55.4,39.6,16.2,20.6,2.3,47.3,18.7,23.4,4.15,83.7,86.9,88.0,55.4,39.6,16.2,20.6,2.3,47.3,18.7,23.4,4.15,83.7,86.9,88.0,55.4,0.0,0.02,-0.01,0.15,2.44,0.15,0.0,0.07,0.44,0.07,16.7,0.45,0.07,0.17,1.0,12.2,0.0,0.0,0.0,0.08,0.04,0.04,59.7,6.74,31.3,26.1,2.44,0.81,59.7,0.07,33.3,0.15,66.7,26.4,0.0,0.3,0.0,31.0,2.15,1.48,1.41,2.15,1.48,54.1,1.26,1.11,0.67,1.93,4.07,5.19,0.07,0.44,0.45,0.0,0.0,0.0,0.0,0.0,0.0,0.0,0.0,0.0,0.0,0.0,0.0,0.0,0.0,0.0,1.63,0.74,0.0,0.0,1.93,1.41,0.0,0.07,0.0,3.41,3.26,65.7,,,,,,,,,,,,,,,,,,,,,,,,,,,,
Nolan Norris,us USA,MF,FC Dallas,18,2005,4,2,194,2.2,0.0,0.0,0.0,0.0,0.0,0.0,1.36,0.0,0.0,0.0,0.0,0.0,0.0,4.09,1.36,0.0,0.0,0.0,0.0,0.0,0.0,0.02,0.02,0.0,0.02,Matches,2024,2.2,40.5,22.3,15.0,2.27,46.4,23.2,16.8,3.64,87.3,96.1,89.2,62.5,646.4,185.0,40.5,22.3,15.0,2.27,46.4,23.2,16.8,3.64,87.3,96.1,89.2,62.5,40.5,22.3,15.0,2.27,46.4,23.2,16.8,3.64,87.3,96.1,89.2,62.5,40.5,22.3,15.0,2.27,46.4,23.2,16.8,3.64,87.3,96.1,89.2,62.5,0.0,0.0,0.0,0.91,2.73,0.0,0.0,0.0,0.0,0.0,,0.0,0.0,,,,0.0,0.0,0.0,,0.0,0.0,58.6,4.09,18.2,33.6,7.27,1.36,58.6,0.45,25.0,1.36,75.0,28.2,0.45,0.91,1.36,39.5,1.82,0.91,0.45,1.82,0.91,100.0,0.0,0.91,0.45,0.91,2.73,3.18,0.0,1.82,1.86,0.0,0.0,0.0,0.0,0.0,0.0,0.0,0.0,0.0,0.0,0.0,0.0,0.0,0.0,0.0,1.82,0.91,0.0,0.45,0.91,0.45,0.0,0.0,0.0,2.27,1.36,100.0,,,,,,,,,,,,,,,,,,,,,,,,,,,,
Tsiki Ntsabeleng,za RSA,"MF,FW",FC Dallas,25,1998,25,11,1085,12.1,0.08,0.08,0.17,0.08,0.0,0.0,0.25,0.0,0.08,0.08,0.1,0.18,1.74,5.12,2.89,0.08,0.08,0.17,0.08,0.17,0.08,0.1,0.19,0.08,0.19,Matches,2024,12.1,36.1,21.3,12.1,2.07,43.5,23.7,13.9,3.72,83.1,89.9,86.9,55.6,546.4,171.5,36.1,21.3,12.1,2.07,43.5,23.7,13.9,3.72,83.1,89.9,86.9,55.6,36.1,21.3,12.1,2.07,43.5,23.7,13.9,3.72,83.1,89.9,86.9,55.6,36.1,21.3,12.1,2.07,43.5,23.7,13.9,3.72,83.1,89.9,86.9,55.6,0.08,0.16,-0.02,1.16,3.64,1.57,0.0,0.08,0.58,0.17,28.6,0.58,0.17,0.14,0.5,17.8,0.0,0.0,0.0,0.14,0.0,0.0,52.1,0.99,10.4,28.5,14.2,1.57,52.1,1.24,53.6,0.66,28.6,34.4,0.08,1.65,1.74,39.8,1.9,0.66,1.32,1.9,0.66,50.0,0.66,0.74,0.66,0.74,2.64,0.5,0.0,2.56,2.57,0.0,0.0,0.08,0.0,0.0,0.0,0.25,0.25,0.0,0.0,0.08,0.0,0.0,0.0,0.0,1.16,1.82,0.08,0.74,0.74,1.32,0.0,0.0,0.0,4.21,0.33,30.8,,,,,,,,,,,,,,,,,,,,,,,,,,,,
Obinna Nwobodo,ng NGA,MF,FC Cincinnati,27,1996,30,29,2456,27.3,0.0,0.04,0.04,0.0,0.0,0.0,0.33,0.04,0.02,0.02,0.03,0.05,0.88,4.07,1.14,0.0,0.04,0.04,0.0,0.04,0.02,0.03,0.05,0.02,0.05,Matches,2024,27.3,43.7,19.0,19.9,3.66,51.1,21.6,22.1,4.8,85.5,88.1,90.1,76.3,756.3,190.8,43.7,19.0,19.9,3.66,51.1,21.6,22.1,4.8,85.5,88.1,90.1,76.3,43.7,19.0,19.9,3.66,51.1,21.6,22.1,4.8,85.5,88.1,90.1,76.3,43.7,19.0,19.9,3.66,51.1,21.6,22.1,4.8,85.5,88.1,90.1,76.3,0.04,0.03,0.01,0.59,4.98,0.15,0.0,0.0,0.44,0.15,33.3,0.44,0.15,0.0,0.0,25.2,0.0,0.0,0.0,0.04,-0.02,-0.02,61.0,1.9,13.7,38.6,9.63,0.37,61.0,0.77,67.7,0.29,25.8,33.2,0.04,1.1,0.92,39.4,2.38,0.84,1.54,2.38,0.84,48.9,0.88,1.1,0.66,1.9,4.29,1.06,0.04,1.43,1.43,0.04,0.04,0.0,0.0,0.0,0.0,0.29,0.29,0.04,0.04,0.0,0.0,0.0,0.0,0.04,1.68,0.7,0.0,0.15,1.9,1.54,0.0,0.04,0.0,7.25,0.44,46.2,,,,,,,,,,,,,,,,,,,,,,,,,,,,
Moses Nyeman,us USA,MF,Minnesota Utd,20,2003,4,1,133,1.5,0.0,0.0,0.0,0.0,0.0,0.0,0.0,0.67,0.0,0.0,0.0,0.0,0.0,4.0,0.0,0.0,0.0,0.0,0.0,0.0,0.0,0.02,0.02,0.0,0.02,Matches,2024,1.5,25.3,13.3,9.33,0.0,32.0,15.3,12.0,1.33,79.2,87.0,77.8,0.0,328.7,144.7,25.3,13.3,9.33,0.0,32.0,15.3,12.0,1.33,79.2,87.0,77.8,0.0,25.3,13.3,9.33,0.0,32.0,15.3,12.0,1.33,79.2,87.0,77.8,0.0,25.3,13.3,9.33,0.0,32.0,15.3,12.0,1.33,79.2,87.0,77.8,0.0,0.0,0.0,0.0,0.67,2.67,0.0,0.0,0.0,0.0,0.0,,0.0,0.0,,,,0.0,0.0,0.0,,0.0,0.0,42.7,2.67,17.3,22.0,3.33,0.67,42.7,0.67,100.0,0.0,0.0,16.7,0.0,0.67,0.0,22.0,2.67,0.67,0.67,2.67,0.67,25.0,2.0,2.0,2.0,2.67,5.33,0.67,0.0,1.33,1.35,0.0,0.0,0.0,0.0,0.0,0.0,0.0,0.0,0.0,0.0,0.0,0.0,0.0,0.0,0.0,0.67,0.0,0.0,0.67,2.67,0.67,0.0,0.0,0.0,7.33,0.0,,,,,,,,,,,,,,,,,,,,,,,,,,,,,
Lewis O'Brien,eng ENG,MF,LAFC,25,1998,9,9,784,8.7,0.0,0.11,0.11,0.0,0.0,0.0,0.11,0.11,0.05,0.05,0.11,0.16,1.38,7.01,2.87,0.0,0.11,0.11,0.0,0.11,0.05,0.11,0.16,0.05,0.16,Matches,2024,8.7,40.0,20.5,16.1,2.99,46.6,22.1,18.5,3.79,85.9,92.7,87.0,78.8,653.9,193.1,40.0,20.5,16.1,2.99,46.6,22.1,18.5,3.79,85.9,92.7,87.0,78.8,40.0,20.5,16.1,2.99,46.6,22.1,18.5,3.79,85.9,92.7,87.0,78.8,40.0,20.5,16.1,2.99,46.6,22.1,18.5,3.79,85.9,92.7,87.0,78.8,0.11,0.09,0.0,2.18,5.29,0.57,0.23,0.0,1.03,0.34,33.3,1.03,0.34,0.0,0.0,22.7,0.0,0.0,0.0,0.05,-0.05,-0.05,56.3,2.3,9.89,31.5,15.5,0.8,56.3,0.46,33.3,0.8,58.3,32.1,0.0,1.26,0.34,39.1,2.07,0.8,1.26,2.07,0.8,38.9,1.26,1.03,0.46,1.72,3.79,1.49,0.0,3.91,3.9,0.23,0.0,0.0,0.0,0.0,0.0,0.23,0.23,0.23,0.0,0.0,0.0,0.0,0.0,0.0,1.49,1.03,0.0,0.57,1.72,1.26,0.0,0.0,0.0,5.75,0.57,38.5,,,,,,,,,,,,,,,,,,,,,,,,,,,,
Aidan O'Connor,us USA,DF,NY Red Bulls,22,2001,2,0,19,0.2,0.0,0.0,0.0,0.0,0.0,0.0,0.0,0.0,0.0,0.0,0.0,0.0,0.0,0.0,0.0,0.0,0.0,0.0,0.0,0.0,0.0,0.0,0.0,0.0,0.0,Matches,2024,0.2,10.0,5.0,5.0,0.0,35.0,10.0,15.0,10.0,28.6,50.0,33.3,0.0,150.0,155.0,10.0,5.0,5.0,0.0,35.0,10.0,15.0,10.0,28.6,50.0,33.3,0.0,10.0,5.0,5.0,0.0,35.0,10.0,15.0,10.0,28.6,50.0,33.3,0.0,10.0,5.0,5.0,0.0,35.0,10.0,15.0,10.0,28.6,50.0,33.3,0.0,0.0,0.0,0.0,0.0,0.0,0.0,0.0,0.0,0.0,0.0,,0.0,0.0,,,,0.0,0.0,0.0,,0.0,0.0,70.0,15.0,45.0,25.0,5.0,0.0,70.0,0.0,,0.0,,5.0,5.0,5.0,0.0,0.0,10.0,5.0,0.0,10.0,5.0,100.0,0.0,0.0,0.0,5.0,15.0,5.0,0.0,0.0,0.0,0.0,0.0,0.0,0.0,0.0,0.0,0.0,0.0,0.0,0.0,0.0,0.0,0.0,0.0,0.0,0.0,0.0,0.0,0.0,5.0,0.0,0.0,0.0,0.0,5.0,0.0,,,,,,,,,,,,,,,,,,,,,,,,,,,,,
Rory O'Driscoll,us USA,"FW,MF",Minnesota Utd,23,2000,1,0,1,0.0,0.0,0.0,0.0,0.0,0.0,0.0,0.0,0.0,0.0,0.0,0.0,0.0,0.0,0.0,0.0,0.0,0.0,0.0,0.0,0.0,0.0,0.0,0.0,0.0,0.0,Matches,2024,0.0,2.0,2.0,0.0,0.0,3.0,2.0,0.0,0.0,66.7,100.0,,,22.0,0.0,2.0,2.0,0.0,0.0,3.0,2.0,0.0,0.0,66.7,100.0,,,2.0,2.0,0.0,0.0,3.0,2.0,0.0,0.0,66.7,100.0,,,2.0,2.0,0.0,0.0,3.0,2.0,0.0,0.0,66.7,100.0,,,0.0,0.0,0.0,0.0,0.0,0.0,0.0,0.0,0.0,0.0,,0.0,0.0,,,,0.0,0.0,0.0,,0.0,0.0,4.0,0.0,2.0,2.0,0.0,0.0,4.0,0.0,,0.0,,1.0,0.0,1.0,0.0,4.0,0.0,0.0,0.0,0.0,0.0,,0.0,0.0,0.0,0.0,0.0,0.0,0.0,0.0,0.0,0.0,0.0,0.0,0.0,0.0,0.0,0.0,0.0,0.0,0.0,0.0,0.0,0.0,0.0,0.0,0.0,0.0,0.0,0.0,0.0,0.0,0.0,0.0,0.0,0.0,0.0,,,,,,,,,,,,,,,,,,,,,,,,,,,,,
Shane O'Neill,us USA,DF,Toronto FC,30,1993,20,14,1135,12.6,0.0,0.0,0.0,0.0,0.0,0.0,0.56,0.0,0.0,0.0,0.04,0.04,0.63,2.86,1.19,0.0,0.0,0.0,0.0,0.0,0.0,0.04,0.04,0.0,0.04,Matches,2024,12.6,37.2,15.8,18.6,2.14,46.7,18.2,21.0,5.56,79.6,86.9,88.6,38.6,642.9,246.6,37.2,15.8,18.6,2.14,46.7,18.2,21.0,5.56,79.6,86.9,88.6,38.6,37.2,15.8,18.6,2.14,46.7,18.2,21.0,5.56,79.6,86.9,88.6,38.6,37.2,15.8,18.6,2.14,46.7,18.2,21.0,5.56,79.6,86.9,88.6,38.6,0.0,0.04,-0.04,0.4,2.7,0.24,0.24,0.0,0.0,0.0,,0.0,0.0,,,,0.0,0.0,0.0,,0.0,0.0,57.0,4.13,26.0,24.0,7.22,0.87,57.0,0.56,43.8,0.63,50.0,27.6,0.0,0.95,0.48,33.6,1.9,0.95,1.19,1.9,0.95,66.7,0.48,1.11,0.63,1.27,3.17,3.25,0.0,0.79,0.79,0.0,0.0,0.0,0.0,0.0,0.0,0.0,0.0,0.0,0.0,0.0,0.0,0.0,0.0,0.0,2.22,0.63,0.0,0.48,1.27,1.19,0.0,0.16,0.0,4.21,2.06,68.4,,,,,,,,,,,,,,,,,,,,,,,,,,,,
Kevin O'Toole,ie IRL,DF,NYCFC,25,1998,30,28,2394,26.6,0.04,0.11,0.15,0.04,0.0,0.0,0.04,0.0,0.05,0.05,0.11,0.16,1.92,4.17,4.44,0.04,0.11,0.15,0.04,0.15,0.05,0.11,0.16,0.05,0.16,Matches,2024,26.6,44.7,27.8,13.8,1.43,54.1,30.2,17.0,2.78,82.6,92.0,81.4,51.4,620.1,243.0,44.7,27.8,13.8,1.43,54.1,30.2,17.0,2.78,82.6,92.0,81.4,51.4,44.7,27.8,13.8,1.43,54.1,30.2,17.0,2.78,82.6,92.0,81.4,51.4,44.7,27.8,13.8,1.43,54.1,30.2,17.0,2.78,82.6,92.0,81.4,51.4,0.11,0.08,0.0,0.94,3.23,0.94,0.41,0.04,0.71,0.11,15.8,0.71,0.11,0.05,0.33,18.2,0.0,0.0,0.0,0.07,-0.01,-0.01,65.3,3.46,17.6,29.8,18.3,1.65,65.3,0.34,31.0,0.64,58.6,30.3,0.23,1.5,0.9,38.3,1.99,1.13,1.35,1.99,1.13,60.0,0.75,1.35,1.05,1.09,3.08,2.56,0.0,1.88,1.88,0.11,0.0,0.04,0.04,0.0,0.0,0.19,0.19,0.11,0.0,0.04,0.04,0.0,0.0,0.0,0.75,0.38,0.04,2.07,1.09,1.35,0.04,0.04,0.0,4.21,1.13,36.1,,,,,,,,,,,,,,,,,,,,,,,,,,,,
Jáder Obrian,co COL,"FW,MF",Austin,28,1995,34,30,2246,25.0,0.28,0.08,0.36,0.28,0.0,0.0,0.2,0.0,0.18,0.18,0.07,0.25,1.92,2.48,8.76,0.28,0.08,0.36,0.28,0.36,0.18,0.07,0.25,0.18,0.25,Matches,2024,25.0,18.9,11.5,5.8,0.8,26.8,14.4,7.88,1.44,70.5,79.5,73.6,55.6,267.2,72.6,18.9,11.5,5.8,0.8,26.8,14.4,7.88,1.44,70.5,79.5,73.6,55.6,18.9,11.5,5.8,0.8,26.8,14.4,7.88,1.44,70.5,79.5,73.6,55.6,18.9,11.5,5.8,0.8,26.8,14.4,7.88,1.44,70.5,79.5,73.6,55.6,0.08,0.08,0.01,0.68,1.08,1.24,0.2,0.28,1.32,0.48,36.4,1.32,0.48,0.21,0.58,14.5,0.0,0.0,0.0,0.13,0.1,0.1,36.2,0.76,4.72,12.7,19.2,3.84,36.2,0.72,31.6,1.4,61.4,21.9,0.96,1.76,1.28,26.2,1.16,0.56,0.48,1.16,0.56,33.3,1.12,1.52,1.44,0.48,1.64,0.36,0.0,1.8,1.8,0.0,0.0,0.24,0.0,0.0,0.0,0.16,0.16,0.0,0.0,0.24,0.0,0.0,0.0,0.0,0.96,1.72,0.6,1.96,0.48,0.48,0.0,0.0,0.0,3.12,0.32,20.0,,,,,,,,,,,,,,,,,,,,,,,,,,,,
Édier Ocampo,co COL,"DF,FW",Vancouver W'caps,20,2003,6,1,177,2.0,0.0,0.0,0.0,0.0,0.0,0.0,0.0,0.0,0.15,0.15,0.0,0.15,4.0,0.5,9.0,0.0,0.0,0.0,0.0,0.0,0.16,0.0,0.16,0.16,0.16,Matches,2024,2.0,21.5,12.5,6.5,2.0,29.0,13.5,9.5,3.5,74.1,92.6,68.4,57.1,366.0,70.0,21.5,12.5,6.5,2.0,29.0,13.5,9.5,3.5,74.1,92.6,68.4,57.1,21.5,12.5,6.5,2.0,29.0,13.5,9.5,3.5,74.1,92.6,68.4,57.1,21.5,12.5,6.5,2.0,29.0,13.5,9.5,3.5,74.1,92.6,68.4,57.1,0.0,0.05,0.0,0.0,1.0,0.5,0.5,0.0,2.5,1.5,60.0,2.54,1.53,0.0,0.0,17.6,0.0,0.0,0.0,0.06,-0.15,-0.15,44.0,1.5,5.5,18.0,21.0,4.0,44.0,1.5,33.3,2.5,55.6,28.5,1.0,3.0,1.0,33.0,2.0,1.0,1.5,2.0,1.0,100.0,0.0,0.0,0.0,1.5,3.5,1.0,0.0,1.0,1.02,0.0,0.0,1.0,0.0,0.0,0.0,0.0,0.0,0.0,0.0,1.0,0.0,0.0,0.0,0.0,2.0,3.0,0.5,5.0,1.5,1.5,0.0,0.0,0.0,3.5,1.0,66.7,,,,,,,,,,,,,,,,,,,,,,,,,,,,
Agustin Ojeda,ar ARG,FW,NYCFC,19,2004,22,11,925,10.3,0.29,0.0,0.29,0.29,0.0,0.0,0.1,0.0,0.38,0.38,0.16,0.53,4.47,3.01,9.81,0.29,0.0,0.29,0.29,0.29,0.38,0.16,0.53,0.38,0.53,Matches,2024,10.3,33.0,21.9,8.25,1.36,40.0,24.2,10.5,2.04,82.5,90.8,78.7,66.7,439.5,92.6,33.0,21.9,8.25,1.36,40.0,24.2,10.5,2.04,82.5,90.8,78.7,66.7,33.0,21.9,8.25,1.36,40.0,24.2,10.5,2.04,82.5,90.8,78.7,66.7,33.0,21.9,8.25,1.36,40.0,24.2,10.5,2.04,82.5,90.8,78.7,66.7,0.0,0.11,-0.16,1.46,2.23,0.87,0.19,0.29,2.14,0.97,45.5,2.14,0.97,0.14,0.3,16.2,0.0,0.0,0.0,0.18,-0.09,-0.09,50.7,0.39,5.24,21.8,25.1,5.83,50.7,1.55,42.1,1.94,52.6,33.6,2.14,2.52,0.97,38.9,1.36,0.68,1.07,1.36,0.68,63.6,0.39,0.58,0.58,0.49,1.84,0.39,0.0,3.01,3.01,0.19,0.0,0.1,0.0,0.0,0.0,0.1,0.1,0.19,0.0,0.1,0.0,0.0,0.0,0.0,1.55,1.07,0.58,1.84,0.49,1.07,0.0,0.0,0.0,4.66,0.58,50.0,,,,,,,,,,,,,,,,,,,,,,,,,,,,
Braian Ojeda,py PAR,MF,Real Salt Lake,23,2000,33,31,2690,29.9,0.07,0.13,0.2,0.07,0.0,0.0,0.2,0.03,0.08,0.08,0.07,0.15,1.24,5.85,1.71,0.07,0.13,0.2,0.07,0.2,0.08,0.07,0.15,0.08,0.15,Matches,2024,29.9,53.2,25.7,20.2,5.99,59.7,27.5,22.0,7.89,89.2,93.6,91.8,75.8,929.4,230.0,53.2,25.7,20.2,5.99,59.7,27.5,22.0,7.89,89.2,93.6,91.8,75.8,53.2,25.7,20.2,5.99,59.7,27.5,22.0,7.89,89.2,93.6,91.8,75.8,53.2,25.7,20.2,5.99,59.7,27.5,22.0,7.89,89.2,93.6,91.8,75.8,0.13,0.06,0.06,0.97,5.55,0.47,0.03,0.07,1.17,0.37,31.4,1.17,0.37,0.06,0.18,21.9,0.0,0.0,0.0,0.07,-0.02,-0.02,70.3,1.84,12.5,44.3,14.1,0.8,70.3,1.61,60.8,0.87,32.9,41.5,0.1,1.77,1.1,53.0,1.57,0.57,1.07,1.57,0.57,39.5,0.87,0.74,0.6,1.07,2.64,1.27,0.1,2.54,2.54,0.2,0.0,0.17,0.03,0.2,0.03,0.3,0.3,0.2,0.0,0.17,0.03,0.2,0.03,0.03,2.07,2.37,0.0,0.37,1.07,1.07,0.0,0.07,0.0,6.32,0.97,59.2,,,,,,,,,,,,,,,,,,,,,,,,,,,,
Martín Ojeda,ar ARG,"MF,FW",Orlando City,25,1998,34,24,1905,21.2,0.19,0.42,0.61,0.19,0.0,0.0,0.09,0.0,0.24,0.24,0.33,0.56,2.41,3.73,8.87,0.19,0.43,0.61,0.19,0.61,0.24,0.33,0.56,0.24,0.56,Matches,2024,21.2,36.8,17.3,12.7,5.57,49.9,19.6,16.0,10.3,73.8,88.2,79.6,54.1,676.7,154.6,36.8,17.3,12.7,5.57,49.9,19.6,16.0,10.3,73.8,88.2,79.6,54.1,36.8,17.3,12.7,5.57,49.9,19.6,16.0,10.3,73.8,88.2,79.6,54.1,36.8,17.3,12.7,5.57,49.9,19.6,16.0,10.3,73.8,88.2,79.6,54.1,0.42,0.25,0.09,2.74,2.55,1.79,0.71,0.19,2.74,1.04,37.9,2.74,1.04,0.07,0.18,18.9,0.24,0.0,0.0,0.09,-0.05,-0.05,60.0,0.57,5.38,23.8,31.4,3.63,60.0,0.57,28.6,1.23,61.9,32.4,0.14,1.79,0.94,42.3,0.85,0.14,0.42,0.85,0.14,21.4,0.52,0.8,0.75,0.38,1.23,0.28,0.05,4.48,4.5,0.14,0.05,0.0,0.0,0.05,0.0,0.61,0.62,0.14,0.05,0.0,0.0,0.05,0.0,0.0,0.61,1.04,0.57,9.29,0.38,0.42,0.0,0.0,0.0,3.92,0.24,21.7,,,,,,,,,,,,,,,,,,,,,,,,,,,,
Cristian Olivera,uy URU,"FW,MF",LAFC,21,2002,21,21,1714,19.0,0.32,0.05,0.37,0.32,0.0,0.0,0.05,0.0,0.41,0.41,0.25,0.66,3.58,1.79,8.58,0.32,0.05,0.37,0.32,0.37,0.41,0.25,0.66,0.41,0.66,Matches,2024,19.0,15.4,8.74,5.32,1.05,22.4,11.1,7.53,1.74,68.5,79.0,70.6,60.6,245.7,59.1,15.4,8.74,5.32,1.05,22.4,11.1,7.53,1.74,68.5,79.0,70.6,60.6,15.4,8.74,5.32,1.05,22.4,11.1,7.53,1.74,68.5,79.0,70.6,60.6,15.4,8.74,5.32,1.05,22.4,11.1,7.53,1.74,68.5,79.0,70.6,60.6,0.05,0.12,-0.2,1.21,0.84,1.0,0.58,0.32,3.05,1.42,46.6,3.05,1.42,0.1,0.22,17.4,0.0,0.0,0.0,0.13,-0.09,-0.09,34.6,0.26,4.21,10.2,20.9,5.21,34.6,1.58,39.0,2.0,49.4,22.4,1.95,2.11,1.11,23.5,1.74,0.79,1.21,1.74,0.79,31.9,1.68,1.11,1.05,0.37,2.11,0.32,0.0,3.16,3.15,0.42,0.0,0.21,0.0,0.11,0.05,0.26,0.26,0.42,0.0,0.21,0.0,0.11,0.05,0.0,1.42,1.37,0.42,3.58,0.37,1.21,0.0,0.0,0.0,3.42,0.37,28.0,,,,,,,,,,,,,,,,,,,,,,,,,,,,
Christopher Olney,us USA,MF,Philadelphia Union,17,2006,1,0,19,0.2,0.0,0.0,0.0,0.0,0.0,0.0,0.0,0.0,0.0,0.0,0.0,0.0,0.0,5.0,15.0,0.0,0.0,0.0,0.0,0.0,0.0,0.0,0.0,0.0,0.0,Matches,2024,0.2,35.0,30.0,0.0,0.0,40.0,35.0,0.0,0.0,87.5,85.7,,,335.0,70.0,35.0,30.0,0.0,0.0,40.0,35.0,0.0,0.0,87.5,85.7,,,35.0,30.0,0.0,0.0,40.0,35.0,0.0,0.0,87.5,85.7,,,35.0,30.0,0.0,0.0,40.0,35.0,0.0,0.0,87.5,85.7,,,0.0,0.0,0.0,0.0,0.0,5.0,0.0,0.0,0.0,0.0,,0.0,0.0,,,,0.0,0.0,0.0,,0.0,0.0,60.0,0.0,10.0,30.0,20.0,0.0,60.0,0.0,,0.0,,50.0,0.0,0.0,0.0,50.0,0.0,0.0,0.0,0.0,0.0,0.0,5.0,0.0,0.0,5.0,5.0,0.0,0.0,0.0,0.0,0.0,0.0,0.0,0.0,0.0,0.0,0.0,0.0,0.0,0.0,0.0,0.0,0.0,0.0,0.0,5.0,0.0,0.0,0.0,5.0,0.0,0.0,0.0,0.0,0.0,0.0,0.0,,,,,,,,,,,,,,,,,,,,,,,,,,,,
Tani Oluwaseyi,ca CAN,"FW,MF",Minnesota Utd,23,2000,25,10,1084,12.0,0.67,0.42,1.08,0.67,0.0,0.0,0.33,0.0,0.69,0.69,0.2,0.89,1.67,1.25,4.33,0.66,0.42,1.08,0.66,1.08,0.69,0.2,0.89,0.69,0.89,Matches,2024,12.0,9.0,5.75,2.42,0.33,15.8,8.42,3.92,1.08,56.8,68.3,61.7,30.8,125.7,25.8,9.0,5.75,2.42,0.33,15.8,8.42,3.92,1.08,56.8,68.3,61.7,30.8,9.0,5.75,2.42,0.33,15.8,8.42,3.92,1.08,56.8,68.3,61.7,30.8,9.0,5.75,2.42,0.33,15.8,8.42,3.92,1.08,56.8,68.3,61.7,30.8,0.42,0.14,0.22,0.75,0.92,0.42,0.0,0.67,3.0,1.33,44.4,2.99,1.33,0.22,0.5,12.5,0.0,0.0,0.0,0.23,-0.02,-0.02,27.8,0.92,2.67,11.6,13.7,4.33,27.8,0.42,21.7,1.42,73.9,14.3,1.0,2.67,1.0,18.6,0.67,0.17,0.5,0.67,0.17,22.2,0.58,1.17,0.92,0.42,1.08,0.67,0.0,1.58,1.58,0.08,0.0,0.42,0.0,0.0,0.0,0.5,0.5,0.08,0.0,0.42,0.0,0.0,0.0,0.0,3.42,1.33,1.0,0.25,0.42,0.5,0.0,0.0,0.0,2.17,2.92,44.3,,,,,,,,,,,,,,,,,,,,,,,,,,,,
Wyatt Omsberg,us USA,DF,Chicago Fire,28,1995,12,11,835,9.3,0.0,0.0,0.0,0.0,0.0,0.0,0.43,0.0,0.01,0.01,0.02,0.03,0.11,1.72,0.22,0.0,0.0,0.0,0.0,0.0,0.01,0.02,0.03,0.01,0.03,Matches,2024,9.3,60.2,17.5,36.5,5.91,70.9,18.9,40.2,10.9,85.0,92.6,90.6,54.5,1197.4,421.5,60.2,17.5,36.5,5.91,70.9,18.9,40.2,10.9,85.0,92.6,90.6,54.5,60.2,17.5,36.5,5.91,70.9,18.9,40.2,10.9,85.0,92.6,90.6,54.5,60.2,17.5,36.5,5.91,70.9,18.9,40.2,10.9,85.0,92.6,90.6,54.5,0.0,0.02,-0.02,0.22,1.83,0.11,0.0,0.0,0.32,0.0,0.0,0.32,0.0,0.0,,9.3,0.0,0.0,0.0,0.03,-0.01,-0.01,81.0,10.0,48.2,31.4,1.61,0.97,81.0,0.0,,0.0,,47.4,0.0,0.11,0.11,56.3,0.97,0.54,0.65,0.97,0.54,62.5,0.32,0.75,0.22,2.15,3.12,5.7,0.0,0.75,0.75,0.0,0.0,0.0,0.0,0.0,0.0,0.11,0.11,0.0,0.0,0.0,0.0,0.0,0.0,0.0,0.86,0.22,0.11,0.0,2.15,0.65,0.0,0.0,0.0,3.12,1.51,48.3,,,,,,,,,,,,,,,,,,,,,,,,,,,,
Kwadwo Opoku,gh GHA,"MF,FW",CF Montréal,22,2001,16,6,522,5.8,0.34,0.17,0.52,0.34,0.0,0.0,0.0,0.0,0.41,0.41,0.14,0.55,2.24,3.28,8.45,0.34,0.17,0.52,0.34,0.52,0.42,0.14,0.56,0.42,0.56,Matches,2024,5.8,24.8,16.7,7.07,0.86,29.5,18.1,8.45,1.55,84.2,92.4,83.7,55.6,341.0,57.2,24.8,16.7,7.07,0.86,29.5,18.1,8.45,1.55,84.2,92.4,83.7,55.6,24.8,16.7,7.07,0.86,29.5,18.1,8.45,1.55,84.2,92.4,83.7,55.6,24.8,16.7,7.07,0.86,29.5,18.1,8.45,1.55,84.2,92.4,83.7,55.6,0.17,0.09,0.03,0.86,1.55,1.03,0.0,0.34,2.24,1.03,46.2,2.24,1.03,0.15,0.33,17.3,0.0,0.0,0.0,0.19,-0.07,-0.07,40.5,0.34,3.28,17.6,20.3,2.41,40.5,1.55,52.9,1.03,35.3,29.8,0.69,4.14,2.07,33.1,0.17,0.0,0.0,0.17,0.0,0.0,1.21,0.17,0.17,0.17,0.34,0.69,0.0,2.24,2.24,0.17,0.17,0.0,0.0,0.0,0.0,0.86,0.86,0.17,0.17,0.0,0.0,0.0,0.0,0.0,1.03,1.38,0.34,0.86,0.17,0.0,0.0,0.0,0.0,3.28,0.34,20.0,,,,,,,,,,,,,,,,,,,,,,,,,,,,
Nathan Ordaz,sv SLV,"FW,MF",LAFC,20,2004,17,3,381,4.2,0.24,0.48,0.71,0.24,0.0,0.0,0.24,0.0,0.5,0.5,0.36,0.86,2.62,1.9,8.33,0.24,0.47,0.71,0.24,0.71,0.5,0.36,0.86,0.5,0.86,Matches,2024,4.2,18.8,11.9,5.24,0.95,24.0,14.5,6.9,0.95,78.2,82.0,75.9,100.0,262.9,41.7,18.8,11.9,5.24,0.95,24.0,14.5,6.9,0.95,78.2,82.0,75.9,100.0,18.8,11.9,5.24,0.95,24.0,14.5,6.9,0.95,78.2,82.0,75.9,100.0,18.8,11.9,5.24,0.95,24.0,14.5,6.9,0.95,78.2,82.0,75.9,100.0,0.48,0.17,0.12,0.95,0.95,0.48,0.0,0.24,1.67,0.71,42.9,1.65,0.71,0.14,0.33,9.2,0.0,0.0,0.0,0.3,-0.26,-0.26,37.1,0.24,3.1,13.3,21.0,4.76,37.1,0.71,30.0,1.43,60.0,23.3,0.95,3.81,0.95,28.1,1.19,0.48,0.48,1.19,0.48,50.0,0.48,0.95,0.95,0.24,1.43,0.24,0.0,1.9,1.89,0.0,0.0,0.0,0.0,0.0,0.0,0.95,0.94,0.0,0.0,0.0,0.0,0.0,0.0,0.0,1.67,1.9,1.19,0.71,0.24,0.48,0.0,0.0,0.0,0.95,1.19,41.7,,,,,,,,,,,,,,,,,,,,,,,,,,,,
Luca Orellano,ar ARG,"DF,FW",FC Cincinnati,23,2000,33,30,2644,29.4,0.34,0.17,0.51,0.34,0.0,0.0,0.2,0.0,0.24,0.24,0.23,0.48,5.31,3.57,7.76,0.34,0.17,0.51,0.34,0.51,0.24,0.23,0.48,0.24,0.48,Matches,2024,29.4,37.6,20.3,13.1,3.1,49.9,23.4,16.7,6.16,75.3,86.5,78.4,50.3,610.1,179.8,37.6,20.3,13.1,3.1,49.9,23.4,16.7,6.16,75.3,86.5,78.4,50.3,37.6,20.3,13.1,3.1,49.9,23.4,16.7,6.16,75.3,86.5,78.4,50.3,37.6,20.3,13.1,3.1,49.9,23.4,16.7,6.16,75.3,86.5,78.4,50.3,0.17,0.24,-0.06,1.87,2.99,1.7,0.61,0.34,3.03,1.36,44.9,3.03,1.36,0.11,0.25,23.5,0.51,0.0,0.0,0.08,0.1,0.1,62.8,1.29,10.4,26.3,27.4,3.64,62.8,2.31,47.2,2.28,46.5,38.8,1.73,1.94,1.77,42.2,1.29,0.71,0.78,1.29,0.71,46.7,0.82,0.88,0.85,0.34,1.63,0.99,0.1,4.08,4.08,0.51,0.07,0.31,0.0,0.0,0.0,0.34,0.34,0.51,0.07,0.31,0.0,0.0,0.0,0.0,1.16,1.5,0.03,4.86,0.34,0.78,0.0,0.03,0.0,4.83,0.24,33.3,,,,,,,,,,,,,,,,,,,,,,,,,,,,
Jonathan Osorio,ca CAN,"MF,FW",Toronto FC,31,1992,22,21,1853,20.6,0.1,0.05,0.15,0.1,0.0,0.0,0.39,0.0,0.09,0.09,0.09,0.18,1.8,5.1,4.17,0.1,0.05,0.15,0.1,0.15,0.09,0.09,0.18,0.09,0.18,Matches,2024,20.6,38.7,21.4,14.2,2.18,44.4,23.3,15.6,3.11,87.3,91.7,91.0,70.3,592.7,159.0,38.7,21.4,14.2,2.18,44.4,23.3,15.6,3.11,87.3,91.7,91.0,70.3,38.7,21.4,14.2,2.18,44.4,23.3,15.6,3.11,87.3,91.7,91.0,70.3,38.7,21.4,14.2,2.18,44.4,23.3,15.6,3.11,87.3,91.7,91.0,70.3,0.05,0.1,-0.04,1.41,3.64,0.87,0.0,0.1,0.78,0.34,43.8,0.78,0.34,0.13,0.29,17.1,0.05,0.0,0.0,0.12,0.0,0.0,53.8,1.6,8.11,28.0,18.2,2.23,53.8,0.97,50.0,0.78,40.0,30.4,0.44,1.84,0.97,37.9,1.12,0.39,0.83,1.12,0.39,40.0,0.58,0.97,0.87,0.49,1.6,0.73,0.0,3.5,3.5,0.15,0.0,0.24,0.0,0.1,0.0,0.29,0.29,0.15,0.0,0.24,0.0,0.1,0.0,0.0,0.49,1.89,0.15,0.97,0.49,0.83,0.05,0.0,0.0,5.0,0.29,26.1,,,,,,,,,,,,,,,,,,,,,,,,,,,,
Tomáš Ostrák,cz CZE,MF,St. Louis,23,2000,12,8,689,7.7,0.13,0.0,0.13,0.13,0.0,0.0,0.39,0.0,0.16,0.16,0.04,0.19,1.17,7.53,3.12,0.13,0.0,0.13,0.13,0.13,0.16,0.04,0.2,0.16,0.2,Matches,2024,7.7,37.0,15.8,17.4,2.73,43.2,17.8,19.5,3.64,85.6,89.1,89.3,75.0,639.7,198.3,37.0,15.8,17.4,2.73,43.2,17.8,19.5,3.64,85.6,89.1,89.3,75.0,37.0,15.8,17.4,2.73,43.2,17.8,19.5,3.64,85.6,89.1,89.3,75.0,37.0,15.8,17.4,2.73,43.2,17.8,19.5,3.64,85.6,89.1,89.3,75.0,0.0,0.04,-0.04,0.52,4.81,1.43,0.13,0.13,2.21,0.65,29.4,2.22,0.65,0.06,0.2,24.1,0.0,0.0,0.0,0.07,-0.03,-0.03,55.7,1.3,8.44,30.4,17.4,1.82,55.7,0.65,27.8,1.69,72.2,31.6,0.39,1.56,1.04,37.4,1.69,0.65,0.78,1.69,0.65,29.4,1.56,1.43,1.3,1.3,2.99,0.91,0.0,2.47,2.49,0.13,0.0,0.13,0.0,0.26,0.0,0.39,0.39,0.13,0.0,0.13,0.0,0.26,0.0,0.0,0.78,0.65,0.0,0.52,1.3,0.78,0.0,0.0,0.0,6.49,0.0,0.0,,,,,,,,,,,,,,,,,,,,,,,,,,,,
Javier Otero,ve VEN,GK,Orlando City,21,2002,1,0,62,0.7,0.0,0.0,0.0,0.0,0.0,0.0,0.0,0.0,0.0,0.0,0.0,0.0,0.0,0.0,0.0,0.0,0.0,0.0,0.0,0.0,0.0,0.0,0.0,0.0,0.0,Matches,2024,0.7,21.4,2.86,12.9,4.29,30.0,2.86,12.9,12.9,71.4,100.0,100.0,33.3,547.1,388.6,21.4,2.86,12.9,4.29,30.0,2.86,12.9,12.9,71.4,100.0,100.0,33.3,21.4,2.86,12.9,4.29,30.0,2.86,12.9,12.9,71.4,100.0,100.0,33.3,21.4,2.86,12.9,4.29,30.0,2.86,12.9,12.9,71.4,100.0,100.0,33.3,0.0,0.0,0.0,0.0,0.0,0.0,0.0,0.0,0.0,0.0,,0.0,0.0,,,,0.0,0.0,0.0,,0.0,0.0,30.0,25.7,30.0,0.0,0.0,0.0,30.0,0.0,,0.0,,12.9,0.0,0.0,0.0,8.57,0.0,0.0,0.0,0.0,0.0,,0.0,0.0,0.0,0.0,0.0,0.0,0.0,0.0,0.0,0.0,0.0,0.0,0.0,0.0,0.0,0.0,0.0,0.0,0.0,0.0,0.0,0.0,0.0,0.0,0.0,0.0,0.0,0.0,0.0,0.0,0.0,0.0,0.0,5.71,0.0,,4.29,0.0,0.0,0.0,3.0,0.7,-1.29,-1.31,22.9,5.71,25.0,60.0,30.1,41.0,14.6,25.0,60.0,30.1,41.0,14.6,5.71,1.43,25.0,1.43,1.45,30.1,41.0,14.6
Bryan Oviedo,cr CRC,DF,Real Salt Lake,33,1990,15,6,635,7.1,0.0,0.28,0.28,0.0,0.0,0.0,0.28,0.0,0.01,0.01,0.07,0.08,2.39,3.94,3.8,0.0,0.28,0.28,0.0,0.28,0.01,0.08,0.09,0.01,0.09,Matches,2024,7.1,54.5,24.1,26.3,3.38,62.7,25.4,28.2,7.18,87.0,95.0,93.5,47.1,934.2,288.0,54.5,24.1,26.3,3.38,62.7,25.4,28.2,7.18,87.0,95.0,93.5,47.1,54.5,24.1,26.3,3.38,62.7,25.4,28.2,7.18,87.0,95.0,93.5,47.1,54.5,24.1,26.3,3.38,62.7,25.4,28.2,7.18,87.0,95.0,93.5,47.1,0.28,0.06,0.21,0.99,2.25,0.56,0.0,0.0,0.42,0.0,0.0,0.43,0.0,0.0,,24.0,0.0,0.0,0.0,0.03,-0.01,-0.01,70.8,2.25,26.8,31.1,13.5,0.99,70.8,0.14,20.0,0.42,60.0,43.8,0.28,0.99,0.14,47.7,1.41,0.85,1.13,1.41,0.85,60.0,0.56,0.99,0.42,1.69,3.1,1.41,0.0,2.82,2.83,0.0,0.0,0.14,0.0,0.14,0.14,0.56,0.57,0.0,0.0,0.14,0.0,0.14,0.14,0.0,1.69,0.99,0.0,2.96,1.69,1.13,0.0,0.14,0.0,5.92,0.7,38.5,,,,,,,,,,,,,,,,,,,,,,,,,,,,
Prince Owusu,gh GHA,FW,Toronto FC,27,1997,31,20,1839,20.4,0.44,0.0,0.44,0.34,0.1,0.1,0.1,0.0,0.45,0.37,0.09,0.47,1.23,1.08,4.71,0.44,0.0,0.44,0.34,0.34,0.45,0.09,0.54,0.37,0.46,Matches,2024,20.4,12.8,8.38,3.24,0.64,18.4,10.6,4.85,0.98,69.9,78.8,66.7,65.0,174.3,22.9,12.8,8.38,3.24,0.64,18.4,10.6,4.85,0.98,69.9,78.8,66.7,65.0,12.8,8.38,3.24,0.64,18.4,10.6,4.85,0.98,69.9,78.8,66.7,65.0,12.8,8.38,3.24,0.64,18.4,10.6,4.85,0.98,69.9,78.8,66.7,65.0,0.0,0.05,-0.09,0.74,0.74,0.25,0.05,0.44,2.11,0.88,41.9,2.1,0.88,0.16,0.39,11.8,0.0,0.1,0.1,0.18,-0.01,-0.03,30.3,1.42,2.75,14.6,13.2,4.02,30.2,0.88,47.4,0.93,50.0,16.4,0.34,2.75,1.57,20.9,1.37,0.44,0.54,1.37,0.44,52.9,0.39,0.98,0.93,0.44,1.81,1.13,0.0,1.57,1.57,0.05,0.0,0.2,0.05,0.05,0.0,0.1,0.1,0.05,0.0,0.2,0.05,0.05,0.0,0.0,2.75,1.52,0.64,0.25,0.44,0.54,0.05,0.0,0.0,2.21,2.16,41.1,,,,,,,,,,,,,,,,,,,,,,,,,,,,
Devin Padelford,us USA,DF,Minnesota Utd,21,2003,24,19,1589,17.7,0.0,0.0,0.0,0.0,0.0,0.0,0.23,0.0,0.03,0.03,0.03,0.06,1.19,2.54,1.92,0.0,0.0,0.0,0.0,0.0,0.03,0.03,0.06,0.03,0.06,Matches,2024,17.7,30.2,13.2,13.5,3.05,43.6,15.5,19.6,6.55,69.4,84.7,68.9,46.6,537.7,216.0,30.2,13.2,13.5,3.05,43.6,15.5,19.6,6.55,69.4,84.7,68.9,46.6,30.2,13.2,13.5,3.05,43.6,15.5,19.6,6.55,69.4,84.7,68.9,46.6,30.2,13.2,13.5,3.05,43.6,15.5,19.6,6.55,69.4,84.7,68.9,46.6,0.0,0.04,-0.03,0.45,2.15,0.56,0.34,0.0,0.17,0.06,33.3,0.17,0.06,0.0,0.0,8.3,0.0,0.0,0.0,0.17,-0.03,-0.03,53.8,4.01,21.1,23.7,9.38,0.56,53.8,0.45,50.0,0.4,43.8,22.7,0.06,0.85,0.56,26.3,1.98,1.3,1.3,1.98,1.3,65.7,0.68,0.73,0.68,1.58,3.56,3.56,0.06,0.85,0.85,0.06,0.0,0.06,0.0,0.0,0.0,0.11,0.11,0.06,0.0,0.06,0.0,0.0,0.0,0.0,0.73,0.9,0.0,1.3,1.58,1.3,0.0,0.0,0.0,3.56,1.81,57.1,,,,,,,,,,,,,,,,,,,,,,,,,,,,
Maarten Paes,id IDN,GK,FC Dallas,25,1998,30,30,2700,30.0,0.0,0.0,0.0,0.0,0.0,0.0,0.07,0.0,0.0,0.0,0.0,0.0,0.0,0.03,0.0,0.0,0.0,0.0,0.0,0.0,0.0,0.0,0.0,0.0,0.0,Matches,2024,30.0,26.7,7.87,12.1,6.67,34.0,7.87,12.5,13.4,78.5,100.0,96.5,49.6,638.0,447.0,26.7,7.87,12.1,6.67,34.0,7.87,12.5,13.4,78.5,100.0,96.5,49.6,26.7,7.87,12.1,6.67,34.0,7.87,12.5,13.4,78.5,100.0,96.5,49.6,26.7,7.87,12.1,6.67,34.0,7.87,12.5,13.4,78.5,100.0,96.5,49.6,0.0,0.0,0.0,0.0,0.53,0.0,0.0,0.0,0.0,0.0,,0.0,0.0,,,,0.0,0.0,0.0,,0.0,0.0,37.0,30.5,36.7,0.33,0.0,0.0,37.0,0.0,,0.0,,20.5,0.0,0.03,0.0,16.7,0.0,0.0,0.0,0.0,0.0,,0.0,0.0,0.0,0.0,0.0,0.5,0.2,0.17,0.17,0.0,0.0,0.0,0.0,0.0,0.0,0.03,0.03,0.0,0.0,0.0,0.0,0.0,0.0,0.0,0.03,0.07,0.0,0.0,0.0,0.0,0.0,0.03,0.0,1.87,0.07,66.7,1.73,0.17,0.2,0.07,1.64,0.25,-0.03,-0.03,27.0,4.13,25.7,37.5,29.1,33.8,16.0,25.7,37.5,29.1,33.8,16.0,12.8,0.4,3.1,1.3,1.3,29.1,33.8,16.0
Joseph Paintsil,gh GHA,FW,LA Galaxy,25,1998,29,28,2294,25.5,0.39,0.27,0.67,0.35,0.04,0.08,0.27,0.0,0.51,0.44,0.21,0.65,3.18,2.67,11.5,0.39,0.27,0.67,0.35,0.63,0.51,0.21,0.72,0.45,0.66,Matches,2024,25.5,27.4,15.6,8.94,1.25,34.5,17.6,11.0,2.39,79.4,88.9,81.1,52.5,387.3,84.2,27.4,15.6,8.94,1.25,34.5,17.6,11.0,2.39,79.4,88.9,81.1,52.5,27.4,15.6,8.94,1.25,34.5,17.6,11.0,2.39,79.4,88.9,81.1,52.5,27.4,15.6,8.94,1.25,34.5,17.6,11.0,2.39,79.4,88.9,81.1,52.5,0.27,0.17,0.06,1.76,0.98,1.61,0.27,0.39,2.75,1.14,41.4,2.75,1.14,0.13,0.31,17.8,0.04,0.04,0.08,0.16,-0.11,-0.09,45.9,0.67,5.06,13.7,27.5,6.24,45.8,1.25,35.6,1.92,54.4,33.5,1.65,2.63,1.49,36.6,0.82,0.27,0.43,0.82,0.27,50.0,0.27,0.67,0.55,0.27,1.1,0.59,0.0,3.84,3.84,0.2,0.0,0.43,0.04,0.0,0.0,0.59,0.59,0.2,0.0,0.43,0.04,0.0,0.0,0.0,1.25,2.63,0.75,2.55,0.27,0.43,0.04,0.04,0.0,3.61,0.08,33.3,,,,,,,,,,,,,,,,,,,,,,,,,,,,
Nelson Palacio,co COL,MF,Real Salt Lake,22,2001,23,5,744,8.3,0.12,0.12,0.24,0.12,0.0,0.0,0.24,0.0,0.04,0.04,0.07,0.1,0.48,6.63,1.69,0.12,0.12,0.24,0.12,0.24,0.03,0.07,0.1,0.03,0.1,Matches,2024,8.3,59.0,23.5,23.6,10.8,65.9,26.4,24.8,13.0,89.6,89.0,95.1,83.3,1204.2,306.0,59.0,23.5,23.6,10.8,65.9,26.4,24.8,13.0,89.6,89.0,95.1,83.3,59.0,23.5,23.6,10.8,65.9,26.4,24.8,13.0,89.6,89.0,95.1,83.3,59.0,23.5,23.6,10.8,65.9,26.4,24.8,13.0,89.6,89.0,95.1,83.3,0.12,0.06,0.05,0.84,7.71,0.72,0.24,0.12,0.96,0.24,25.0,0.97,0.24,0.13,0.5,26.0,0.0,0.0,0.0,0.03,0.08,0.08,77.7,2.53,18.1,49.5,10.8,0.36,77.7,0.48,44.4,0.6,55.6,44.7,0.0,0.96,0.96,58.4,1.81,0.72,0.72,1.81,0.72,33.3,1.45,0.84,0.72,1.33,3.13,2.17,0.0,2.53,2.54,0.0,0.0,0.12,0.0,0.0,0.0,0.24,0.24,0.0,0.0,0.12,0.0,0.0,0.0,0.0,1.45,1.2,0.0,0.48,1.33,0.72,0.0,0.12,0.0,6.99,1.45,63.2,,,,,,,,,,,,,,,,,,,,,,,,,,,,
Sergi Palencia,es ESP,"DF,MF",LAFC,27,1996,30,26,2289,25.4,0.0,0.08,0.08,0.0,0.0,0.0,0.35,0.04,0.03,0.03,0.09,0.13,1.26,4.33,4.45,0.0,0.08,0.08,0.0,0.08,0.03,0.1,0.12,0.03,0.12,Matches,2024,25.4,45.0,21.7,19.2,3.15,56.4,24.4,23.5,5.51,79.7,89.0,81.7,57.1,746.5,304.6,45.0,21.7,19.2,3.15,56.4,24.4,23.5,5.51,79.7,89.0,81.7,57.1,45.0,21.7,19.2,3.15,56.4,24.4,23.5,5.51,79.7,89.0,81.7,57.1,45.0,21.7,19.2,3.15,56.4,24.4,23.5,5.51,79.7,89.0,81.7,57.1,0.08,0.11,-0.02,0.83,3.19,1.3,0.39,0.0,0.24,0.08,33.3,0.24,0.08,0.0,0.0,18.4,0.0,0.0,0.0,0.12,-0.03,-0.03,65.7,2.95,20.3,30.5,15.8,0.75,65.7,0.79,46.5,0.79,46.5,31.5,0.24,0.83,0.55,38.7,3.35,1.85,2.2,3.35,1.85,74.6,0.63,1.14,0.79,1.14,4.49,2.05,0.0,2.09,2.08,0.08,0.0,0.12,0.04,0.12,0.0,0.28,0.28,0.08,0.0,0.12,0.04,0.12,0.0,0.04,1.97,1.14,0.04,2.56,1.14,2.2,0.0,0.0,0.04,4.57,1.1,50.9,,,,,,,,,,,,,,,,,,,,,,,,,,,,
Jack Panayotou,us USA,"FW,MF",NE Revolution,19,2004,6,3,262,2.9,0.0,0.0,0.0,0.0,0.0,0.0,0.34,0.0,0.03,0.03,0.0,0.03,2.07,5.17,5.86,0.0,0.0,0.0,0.0,0.0,0.04,0.0,0.04,0.04,0.04,Matches,2024,2.9,28.3,15.9,10.0,2.07,36.6,17.2,11.7,4.48,77.4,92.0,85.3,46.2,440.3,115.5,28.3,15.9,10.0,2.07,36.6,17.2,11.7,4.48,77.4,92.0,85.3,46.2,28.3,15.9,10.0,2.07,36.6,17.2,11.7,4.48,77.4,92.0,85.3,46.2,28.3,15.9,10.0,2.07,36.6,17.2,11.7,4.48,77.4,92.0,85.3,46.2,0.0,0.03,0.0,0.0,2.76,0.69,0.34,0.0,1.38,0.0,0.0,1.37,0.0,0.0,,22.3,0.0,0.0,0.0,0.03,-0.03,-0.03,43.8,0.34,5.86,19.7,19.7,1.38,43.8,3.1,69.2,1.03,23.1,26.2,0.69,0.0,0.0,32.1,1.38,1.38,0.69,1.38,1.38,57.1,1.03,1.03,1.03,0.0,1.38,0.69,0.0,1.38,1.37,1.03,0.0,0.0,0.0,0.0,0.0,0.0,0.0,1.03,0.0,0.0,0.0,0.0,0.0,0.0,0.69,0.69,0.0,2.76,0.0,0.69,0.0,0.0,0.0,4.48,0.0,0.0,,,,,,,,,,,,,,,,,,,,,,,,,,,,
Elliot Panicco,us USA,GK,Nashville SC,27,1996,6,5,432,4.8,0.0,0.0,0.0,0.0,0.0,0.0,0.0,0.0,0.0,0.0,0.0,0.0,0.0,0.0,0.0,0.0,0.0,0.0,0.0,0.0,0.0,0.0,0.0,0.0,0.0,Matches,2024,4.8,18.3,4.38,5.63,8.13,29.4,4.38,6.04,18.1,62.4,100.0,93.1,44.8,540.4,400.0,18.3,4.38,5.63,8.13,29.4,4.38,6.04,18.1,62.4,100.0,93.1,44.8,18.3,4.38,5.63,8.13,29.4,4.38,6.04,18.1,62.4,100.0,93.1,44.8,18.3,4.38,5.63,8.13,29.4,4.38,6.04,18.1,62.4,100.0,93.1,44.8,0.0,0.0,0.0,0.0,0.21,0.0,0.0,0.0,0.0,0.0,,0.0,0.0,,,,0.0,0.0,0.0,,0.0,0.0,31.9,29.2,31.9,0.0,0.0,0.0,31.9,0.0,,0.0,,17.1,0.0,0.0,0.0,12.7,0.0,0.0,0.0,0.0,0.0,,0.0,0.0,0.0,0.0,0.0,0.0,0.21,0.0,0.0,0.0,0.0,0.0,0.0,0.0,0.0,0.0,0.0,0.0,0.0,0.0,0.0,0.0,0.0,0.0,0.0,0.0,0.0,0.0,0.0,0.0,0.0,0.0,0.0,0.83,0.21,100.0,2.08,0.0,0.63,0.0,2.17,0.28,0.08,0.08,22.7,6.25,39.4,71.0,33.7,48.3,17.5,39.4,71.0,33.7,48.3,17.5,12.3,0.83,6.8,0.42,0.42,33.7,48.3,17.5
James Pantemis,ca CAN,GK,Portland Timbers,26,1997,15,14,1301,14.5,0.0,0.0,0.0,0.0,0.0,0.0,0.0,0.0,0.0,0.0,0.0,0.0,0.0,0.0,0.0,0.0,0.0,0.0,0.0,0.0,0.0,0.0,0.0,0.0,0.0,Matches,2024,14.5,26.5,3.45,15.3,7.59,37.7,3.52,15.6,18.2,70.2,98.0,98.2,41.7,750.1,590.8,26.5,3.45,15.3,7.59,37.7,3.52,15.6,18.2,70.2,98.0,98.2,41.7,26.5,3.45,15.3,7.59,37.7,3.52,15.6,18.2,70.2,98.0,98.2,41.7,26.5,3.45,15.3,7.59,37.7,3.52,15.6,18.2,70.2,98.0,98.2,41.7,0.0,0.0,0.0,0.0,0.76,0.0,0.0,0.0,0.0,0.0,,0.0,0.0,,,,0.0,0.0,0.0,,0.0,0.0,40.9,28.6,40.6,0.34,0.0,0.0,40.9,0.0,,0.0,,22.4,0.0,0.07,0.0,19.9,0.0,0.0,0.0,0.0,0.0,,0.0,0.07,0.07,0.07,0.07,1.17,0.07,0.07,0.07,0.0,0.0,0.0,0.0,0.0,0.0,0.0,0.0,0.0,0.0,0.0,0.0,0.0,0.0,0.0,0.0,0.14,0.0,0.0,0.07,0.0,0.0,0.0,0.0,1.72,0.41,100.0,1.24,0.0,0.34,0.07,1.39,0.33,0.21,0.21,31.0,3.17,39.6,44.7,35.6,40.9,12.6,39.6,44.7,35.6,40.9,12.6,14.6,0.55,3.8,1.1,1.11,35.6,40.9,12.6
Cristhian Paredes,py PAR,MF,Portland Timbers,25,1998,31,13,1350,15.0,0.0,0.13,0.13,0.0,0.0,0.0,0.27,0.0,0.05,0.05,0.07,0.11,0.67,3.93,1.33,0.0,0.13,0.13,0.0,0.13,0.04,0.07,0.11,0.04,0.11,Matches,2024,15.0,35.4,17.7,14.6,2.53,44.0,19.9,17.3,4.33,80.5,88.9,84.2,58.5,585.9,154.1,35.4,17.7,14.6,2.53,44.0,19.9,17.3,4.33,80.5,88.9,84.2,58.5,35.4,17.7,14.6,2.53,44.0,19.9,17.3,4.33,80.5,88.9,84.2,58.5,35.4,17.7,14.6,2.53,44.0,19.9,17.3,4.33,80.5,88.9,84.2,58.5,0.13,0.05,0.07,1.0,3.87,0.67,0.13,0.0,0.67,0.4,60.0,0.67,0.4,0.0,0.0,19.7,0.0,0.0,0.0,0.07,-0.05,-0.05,55.9,3.33,12.6,34.3,9.4,1.27,55.9,0.6,52.9,0.47,41.2,27.0,0.27,1.67,0.67,37.0,2.2,1.0,1.33,2.2,1.0,37.5,1.67,1.67,1.27,1.6,3.8,1.73,0.0,1.93,1.93,0.13,0.0,0.13,0.07,0.0,0.0,0.33,0.33,0.13,0.0,0.13,0.07,0.0,0.0,0.0,1.4,1.27,0.0,0.6,1.6,1.33,0.0,0.0,0.07,5.27,1.07,59.3,,,,,,,,,,,,,,,,,,,,,,,,,,,,
Isaiah Parente,us USA,MF,LA Galaxy,23,2000,6,0,44,0.5,0.0,0.0,0.0,0.0,0.0,0.0,0.0,0.0,0.0,0.0,0.0,0.0,2.0,8.0,0.0,0.0,0.0,0.0,0.0,0.0,0.0,0.09,0.09,0.0,0.09,Matches,2024,0.5,98.0,42.0,28.0,18.0,106.0,44.0,32.0,20.0,92.5,95.5,87.5,90.0,1822.0,446.0,98.0,42.0,28.0,18.0,106.0,44.0,32.0,20.0,92.5,95.5,87.5,90.0,98.0,42.0,28.0,18.0,106.0,44.0,32.0,20.0,92.5,95.5,87.5,90.0,98.0,42.0,28.0,18.0,106.0,44.0,32.0,20.0,92.5,95.5,87.5,90.0,0.0,0.2,0.0,2.0,10.0,0.0,0.0,0.0,0.0,0.0,,0.0,0.0,,,,0.0,0.0,0.0,,0.0,0.0,114.0,2.0,16.0,76.0,22.0,0.0,114.0,0.0,,0.0,,76.0,0.0,0.0,4.0,90.0,0.0,0.0,0.0,0.0,0.0,0.0,2.0,0.0,0.0,2.0,2.0,0.0,0.0,2.0,2.0,0.0,0.0,0.0,0.0,0.0,0.0,0.0,0.0,0.0,0.0,0.0,0.0,0.0,0.0,0.0,0.0,0.0,0.0,4.0,2.0,0.0,0.0,0.0,0.0,14.0,2.0,100.0,,,,,,,,,,,,,,,,,,,,,,,,,,,,
Tim Parker,us USA,DF,NE Revolution,30,1993,7,4,400,4.4,0.0,0.0,0.0,0.0,0.0,0.0,0.45,0.0,0.02,0.02,0.0,0.02,0.0,4.55,0.0,0.0,0.0,0.0,0.0,0.0,0.02,0.0,0.03,0.02,0.03,Matches,2024,4.4,58.9,16.8,37.5,4.55,64.3,17.7,40.0,6.59,91.5,94.9,93.8,69.0,1166.8,382.5,58.9,16.8,37.5,4.55,64.3,17.7,40.0,6.59,91.5,94.9,93.8,69.0,58.9,16.8,37.5,4.55,64.3,17.7,40.0,6.59,91.5,94.9,93.8,69.0,58.9,16.8,37.5,4.55,64.3,17.7,40.0,6.59,91.5,94.9,93.8,69.0,0.0,0.0,0.0,0.23,3.41,0.0,0.0,0.0,0.23,0.0,0.0,0.23,0.0,0.0,,7.3,0.0,0.0,0.0,0.1,-0.02,-0.02,73.4,15.5,44.5,27.7,1.36,0.23,73.4,0.0,,0.0,,40.2,0.0,0.45,0.23,52.3,2.05,1.14,1.59,2.05,1.14,62.5,0.68,0.91,0.45,0.23,2.27,5.0,0.0,0.68,0.68,0.0,0.0,0.0,0.0,0.0,0.0,0.0,0.0,0.0,0.0,0.0,0.0,0.0,0.0,0.0,1.14,0.0,0.0,0.0,0.23,1.59,0.0,0.0,0.0,4.32,2.5,78.6,,,,,,,,,,,,,,,,,,,,,,,,,,,,
Tim Parker,us USA,DF,St. Louis,30,1993,21,20,1789,19.9,0.0,0.0,0.0,0.0,0.0,0.0,0.3,0.0,0.08,0.08,0.03,0.11,0.5,3.77,0.1,0.0,0.0,0.0,0.0,0.0,0.07,0.03,0.1,0.07,0.1,Matches,2024,19.9,39.0,13.5,21.5,3.52,45.6,15.0,23.4,6.33,85.6,90.0,91.8,55.6,747.6,353.9,39.0,13.5,21.5,3.52,45.6,15.0,23.4,6.33,85.6,90.0,91.8,55.6,39.0,13.5,21.5,3.52,45.6,15.0,23.4,6.33,85.6,90.0,91.8,55.6,39.0,13.5,21.5,3.52,45.6,15.0,23.4,6.33,85.6,90.0,91.8,55.6,0.0,0.03,-0.03,0.3,3.92,0.3,0.0,0.0,0.6,0.15,25.0,0.6,0.15,0.0,0.0,9.0,0.0,0.0,0.0,0.12,-0.08,-0.08,53.2,5.43,28.2,22.5,2.66,1.06,53.2,0.15,75.0,0.05,25.0,29.5,0.0,0.25,0.0,31.8,1.01,0.55,0.8,1.01,0.55,73.3,0.2,1.06,0.25,1.01,2.01,2.76,0.0,0.8,0.8,0.0,0.0,0.0,0.0,0.05,0.0,0.0,0.0,0.0,0.0,0.0,0.0,0.05,0.0,0.0,1.01,0.6,0.0,0.05,1.01,0.8,0.0,0.0,0.05,4.32,2.11,71.2,,,,,,,,,,,,,,,,,,,,,,,,,,,,
Keaton Parks,us USA,MF,NYCFC,26,1997,32,30,2504,27.8,0.07,0.07,0.14,0.07,0.0,0.0,0.25,0.04,0.15,0.15,0.11,0.26,1.29,6.19,3.27,0.07,0.07,0.14,0.07,0.14,0.15,0.11,0.26,0.15,0.26,Matches,2024,27.8,47.3,23.8,17.8,3.67,55.1,26.5,20.0,4.75,86.0,90.0,89.0,77.3,757.4,224.2,47.3,23.8,17.8,3.67,55.1,26.5,20.0,4.75,86.0,90.0,89.0,77.3,47.3,23.8,17.8,3.67,55.1,26.5,20.0,4.75,86.0,90.0,89.0,77.3,47.3,23.8,17.8,3.67,55.1,26.5,20.0,4.75,86.0,90.0,89.0,77.3,0.07,0.1,-0.04,0.97,5.0,0.86,0.07,0.07,1.08,0.22,20.0,1.08,0.22,0.07,0.33,14.5,0.0,0.0,0.0,0.14,-0.08,-0.08,65.1,2.19,12.0,38.9,14.9,2.23,65.1,0.68,47.5,0.68,47.5,34.2,0.4,1.69,0.76,47.1,1.8,0.94,1.26,1.8,0.94,45.6,1.12,0.97,0.79,0.54,2.34,1.47,0.0,2.19,2.19,0.07,0.0,0.04,0.0,0.04,0.0,0.18,0.18,0.07,0.0,0.04,0.0,0.04,0.0,0.0,1.65,1.29,0.04,0.36,0.54,1.26,0.0,0.0,0.0,6.12,2.3,58.2,,,,,,,,,,,,,,,,,,,,,,,,,,,,
Jamie Paterson,eng ENG,"FW,MF",Charlotte,32,1991,4,0,49,0.5,0.0,0.0,0.0,0.0,0.0,0.0,0.0,0.0,0.6,0.6,0.4,1.0,2.0,4.0,16.0,0.0,0.0,0.0,0.0,0.0,0.56,0.41,0.97,0.56,0.97,Matches,2024,0.5,32.0,20.0,8.0,2.0,46.0,28.0,10.0,4.0,69.6,71.4,80.0,50.0,484.0,104.0,32.0,20.0,8.0,2.0,46.0,28.0,10.0,4.0,69.6,71.4,80.0,50.0,32.0,20.0,8.0,2.0,46.0,28.0,10.0,4.0,69.6,71.4,80.0,50.0,32.0,20.0,8.0,2.0,46.0,28.0,10.0,4.0,69.6,71.4,80.0,50.0,0.0,0.6,-0.4,2.0,2.0,4.0,2.0,0.0,4.0,0.0,0.0,3.67,0.0,0.0,,12.7,0.0,0.0,0.0,0.16,-0.6,-0.6,62.0,0.0,10.0,22.0,30.0,6.0,62.0,0.0,0.0,8.0,100.0,26.0,0.0,2.0,0.0,42.0,2.0,2.0,2.0,2.0,2.0,50.0,2.0,0.0,0.0,2.0,4.0,0.0,0.0,2.0,1.8,0.0,0.0,0.0,0.0,0.0,0.0,0.0,0.0,0.0,0.0,0.0,0.0,0.0,0.0,0.0,0.0,0.0,0.0,4.0,2.0,2.0,0.0,0.0,0.0,10.0,0.0,0.0,,,,,,,,,,,,,,,,,,,,,,,,,,,,
João Paulo Mior,br BRA,MF,Seattle Sounders,32,1991,21,16,1276,14.2,0.0,0.07,0.07,0.0,0.0,0.0,0.14,0.0,0.06,0.06,0.1,0.15,1.34,8.1,1.27,0.0,0.07,0.07,0.0,0.07,0.06,0.1,0.15,0.06,0.15,Matches,2024,14.2,69.2,34.5,26.7,5.92,80.8,37.0,31.3,9.37,85.5,93.3,85.4,63.2,1158.9,367.2,69.2,34.5,26.7,5.92,80.8,37.0,31.3,9.37,85.5,93.3,85.4,63.2,69.2,34.5,26.7,5.92,80.8,37.0,31.3,9.37,85.5,93.3,85.4,63.2,69.2,34.5,26.7,5.92,80.8,37.0,31.3,9.37,85.5,93.3,85.4,63.2,0.07,0.15,-0.03,1.48,7.75,1.13,0.21,0.0,1.41,0.28,20.0,1.41,0.28,0.0,0.0,24.8,0.14,0.0,0.0,0.04,-0.06,-0.06,91.1,3.24,20.3,53.7,17.5,0.42,91.1,0.7,52.6,0.35,26.3,50.8,0.07,0.92,0.99,66.4,1.69,0.7,1.06,1.69,0.7,37.0,1.2,1.34,1.06,1.97,3.66,1.34,0.07,3.38,3.39,0.21,0.0,0.28,0.0,0.07,0.0,0.14,0.14,0.21,0.0,0.28,0.0,0.07,0.0,0.0,1.06,2.18,0.0,3.31,1.97,1.06,0.0,0.0,0.0,6.83,0.7,43.5,,,,,,,,,,,,,,,,,,,,,,,,,,,,
Tom Pearce,eng ENG,DF,CF Montréal,25,1998,8,3,251,2.8,0.36,0.36,0.71,0.36,0.0,0.0,0.71,0.0,0.0,0.0,0.18,0.18,2.5,3.57,9.29,0.36,0.36,0.72,0.36,0.72,0.01,0.18,0.19,0.01,0.19,Matches,2024,2.8,38.9,21.1,14.3,3.57,53.2,22.9,19.6,9.64,73.2,92.2,72.7,37.0,652.5,192.1,38.9,21.1,14.3,3.57,53.2,22.9,19.6,9.64,73.2,92.2,72.7,37.0,38.9,21.1,14.3,3.57,53.2,22.9,19.6,9.64,73.2,92.2,72.7,37.0,38.9,21.1,14.3,3.57,53.2,22.9,19.6,9.64,73.2,92.2,72.7,37.0,0.36,0.32,0.18,1.07,1.43,1.43,0.71,0.36,0.36,0.36,100.0,0.36,0.36,1.0,1.0,33.7,0.36,0.0,0.0,0.04,0.36,0.36,62.1,3.21,15.4,24.6,22.9,0.36,62.1,0.0,,0.0,,42.5,0.0,1.07,0.36,42.1,1.07,0.36,0.36,1.07,0.36,33.3,0.71,0.0,0.0,1.43,2.5,3.21,0.0,1.79,1.81,0.0,0.0,0.0,0.0,0.0,0.0,0.36,0.36,0.0,0.0,0.0,0.0,0.0,0.0,0.0,0.71,0.0,0.36,10.0,1.43,0.36,0.0,0.0,0.0,2.5,0.71,100.0,,,,,,,,,,,,,,,,,,,,,,,,,,,,
João Pedro,br BRA,DF,Charlotte,20,2003,7,5,460,5.1,0.0,0.0,0.0,0.0,0.0,0.0,0.2,0.0,0.02,0.02,0.04,0.06,2.16,4.31,3.53,0.0,0.0,0.0,0.0,0.0,0.02,0.03,0.05,0.02,0.05,Matches,2024,5.1,45.5,21.0,19.4,4.12,61.8,22.5,25.7,9.41,73.7,93.0,75.6,43.8,768.8,231.8,45.5,21.0,19.4,4.12,61.8,22.5,25.7,9.41,73.7,93.0,75.6,43.8,45.5,21.0,19.4,4.12,61.8,22.5,25.7,9.41,73.7,93.0,75.6,43.8,45.5,21.0,19.4,4.12,61.8,22.5,25.7,9.41,73.7,93.0,75.6,43.8,0.0,0.08,-0.04,0.98,3.14,0.98,0.39,0.0,0.59,0.0,0.0,0.59,0.0,0.0,,31.8,0.2,0.0,0.0,0.03,-0.02,-0.02,70.4,3.73,19.4,34.5,17.1,0.39,70.4,0.59,60.0,0.39,40.0,35.3,0.2,0.78,0.78,41.2,1.76,0.78,1.37,1.76,0.78,33.3,1.57,0.78,0.59,0.98,2.75,2.55,0.0,1.96,1.96,0.0,0.0,0.2,0.0,0.0,0.0,0.0,0.0,0.0,0.0,0.2,0.0,0.0,0.0,0.0,0.98,0.59,0.0,3.73,0.98,1.37,0.0,0.0,0.0,8.43,0.39,28.6,,,,,,,,,,,,,,,,,,,,,,,,,,,,
Amahl Pellegrino,no NOR,FW,SJ Earthquakes,33,1990,32,22,1725,19.2,0.36,0.1,0.47,0.36,0.0,0.0,0.0,0.0,0.41,0.41,0.14,0.55,1.09,1.67,5.57,0.37,0.1,0.47,0.37,0.47,0.41,0.14,0.55,0.41,0.55,Matches,2024,19.2,16.6,9.53,5.31,1.15,22.7,11.6,7.14,1.72,72.9,82.4,74.5,66.7,256.4,51.9,16.6,9.53,5.31,1.15,22.7,11.6,7.14,1.72,72.9,82.4,74.5,66.7,16.6,9.53,5.31,1.15,22.7,11.6,7.14,1.72,72.9,82.4,74.5,66.7,16.6,9.53,5.31,1.15,22.7,11.6,7.14,1.72,72.9,82.4,74.5,66.7,0.1,0.11,-0.03,0.89,0.63,0.42,0.05,0.36,2.24,0.78,34.9,2.24,0.78,0.16,0.47,13.5,0.0,0.0,0.0,0.18,-0.05,-0.05,32.8,0.83,5.68,14.4,13.2,4.01,32.8,0.89,43.6,1.09,53.8,18.6,0.89,1.82,0.94,22.1,1.2,0.73,0.57,1.2,0.73,53.8,0.63,0.83,0.78,0.78,1.98,0.68,0.05,2.14,2.14,0.31,0.1,0.16,0.0,0.0,0.0,0.26,0.26,0.31,0.1,0.16,0.0,0.0,0.0,0.0,0.16,0.52,0.31,0.57,0.78,0.57,0.0,0.0,0.0,3.59,0.26,27.8,,,,,,,,,,,,,,,,,,,,,,,,,,,,
Matti Peltola,fi FIN,"MF,DF",D.C. United,21,2002,31,24,2218,24.6,0.0,0.0,0.0,0.0,0.0,0.0,0.16,0.04,0.01,0.01,0.05,0.06,0.37,3.74,0.2,0.0,0.0,0.0,0.0,0.0,0.01,0.05,0.06,0.01,0.06,Matches,2024,24.6,31.7,12.8,15.1,2.97,38.5,14.6,17.1,5.2,82.6,87.5,88.3,57.0,577.2,177.9,31.7,12.8,15.1,2.97,38.5,14.6,17.1,5.2,82.6,87.5,88.3,57.0,31.7,12.8,15.1,2.97,38.5,14.6,17.1,5.2,82.6,87.5,88.3,57.0,31.7,12.8,15.1,2.97,38.5,14.6,17.1,5.2,82.6,87.5,88.3,57.0,0.0,0.04,-0.05,0.53,3.29,0.28,0.04,0.0,0.45,0.0,0.0,0.45,0.0,0.0,,27.1,0.0,0.0,0.0,0.03,-0.01,-0.01,47.5,3.01,14.3,27.8,5.81,0.12,47.5,0.45,55.0,0.2,25.0,25.4,0.0,0.65,0.37,26.3,2.8,1.59,1.99,2.8,1.59,62.9,0.93,1.34,0.81,1.63,4.43,1.46,0.12,1.3,1.3,0.04,0.0,0.04,0.0,0.0,0.0,0.0,0.0,0.04,0.0,0.04,0.0,0.0,0.0,0.04,1.22,1.14,0.0,0.16,1.63,1.99,0.0,0.04,0.08,5.49,0.57,48.3,,,,,,,,,,,,,,,,,,,,,,,,,,,,
Andrés Perea,us USA,MF,NYCFC,23,2000,28,11,1206,13.4,0.22,0.07,0.3,0.22,0.0,0.0,0.37,0.0,0.2,0.2,0.07,0.27,1.42,3.66,3.66,0.22,0.07,0.3,0.22,0.3,0.2,0.07,0.27,0.2,0.27,Matches,2024,13.4,34.0,19.3,11.0,1.72,42.4,21.6,13.9,2.84,80.3,89.0,79.0,60.5,487.9,154.3,34.0,19.3,11.0,1.72,42.4,21.6,13.9,2.84,80.3,89.0,79.0,60.5,34.0,19.3,11.0,1.72,42.4,21.6,13.9,2.84,80.3,89.0,79.0,60.5,34.0,19.3,11.0,1.72,42.4,21.6,13.9,2.84,80.3,89.0,79.0,60.5,0.07,0.11,0.01,0.75,3.13,0.37,0.0,0.22,1.27,0.37,29.4,1.27,0.37,0.18,0.6,15.8,0.0,0.0,0.0,0.16,0.02,0.02,53.9,1.64,10.5,30.7,13.1,2.09,53.9,1.04,51.9,0.75,37.0,26.0,0.22,1.27,1.12,35.8,2.24,1.34,1.12,2.24,1.34,50.0,1.34,1.34,1.27,1.42,3.66,1.57,0.0,2.69,2.68,0.15,0.0,0.15,0.07,0.07,0.0,0.22,0.22,0.15,0.0,0.15,0.07,0.07,0.0,0.0,1.27,1.19,0.0,0.67,1.42,1.12,0.07,0.0,0.0,5.67,1.79,47.1,,,,,,,,,,,,,,,,,,,,,,,,,,,,
Daniel Pereira,ve VEN,MF,Austin,23,2000,26,23,2033,22.6,0.04,0.18,0.22,0.04,0.0,0.0,0.4,0.0,0.02,0.02,0.14,0.16,1.28,5.49,2.21,0.04,0.18,0.22,0.04,0.22,0.02,0.14,0.16,0.02,0.16,Matches,2024,22.6,43.5,17.8,20.0,4.73,49.4,18.6,22.0,6.64,88.0,95.7,90.6,71.3,793.1,209.4,43.5,17.8,20.0,4.73,49.4,18.6,22.0,6.64,88.0,95.7,90.6,71.3,43.5,17.8,20.0,4.73,49.4,18.6,22.0,6.64,88.0,95.7,90.6,71.3,43.5,17.8,20.0,4.73,49.4,18.6,22.0,6.64,88.0,95.7,90.6,71.3,0.18,0.13,0.04,1.06,3.89,1.19,0.22,0.04,0.49,0.13,27.3,0.49,0.13,0.09,0.33,27.4,0.04,0.0,0.0,0.04,0.03,0.03,58.8,1.77,15.4,29.7,14.4,1.11,58.8,1.5,54.8,1.02,37.1,34.4,0.31,1.42,1.02,41.8,1.19,0.49,0.58,1.19,0.49,33.3,0.97,1.28,0.97,1.11,2.3,0.71,0.09,2.96,2.97,0.13,0.04,0.18,0.0,0.09,0.0,0.31,0.31,0.13,0.04,0.18,0.0,0.09,0.0,0.0,1.64,2.17,0.0,1.68,1.11,0.58,0.0,0.0,0.0,4.87,0.04,16.7,,,,,,,,,,,,,,,,,,,,,,,,,,,,
Joaquín Pereyra,ar ARG,"MF,FW",Minnesota Utd,25,1998,7,7,407,4.5,0.0,0.22,0.22,0.0,0.0,0.0,0.44,0.0,0.07,0.07,0.18,0.24,2.22,5.78,3.11,0.0,0.22,0.22,0.0,0.22,0.07,0.17,0.24,0.07,0.24,Matches,2024,4.5,31.6,18.0,10.7,2.0,43.6,21.1,13.6,5.78,72.4,85.3,78.7,34.6,495.3,152.9,31.6,18.0,10.7,2.0,43.6,21.1,13.6,5.78,72.4,85.3,78.7,34.6,31.6,18.0,10.7,2.0,43.6,21.1,13.6,5.78,72.4,85.3,78.7,34.6,31.6,18.0,10.7,2.0,43.6,21.1,13.6,5.78,72.4,85.3,78.7,34.6,0.22,0.13,0.04,1.78,4.67,1.33,0.0,0.0,0.89,0.22,25.0,0.88,0.22,0.0,0.0,20.9,0.0,0.0,0.0,0.08,-0.07,-0.07,53.1,0.89,6.22,27.1,20.2,2.22,53.1,0.22,12.5,1.56,87.5,30.7,0.44,1.11,1.56,35.3,2.0,0.22,1.33,2.0,0.22,11.1,1.78,1.56,1.33,0.67,2.67,0.67,0.0,4.22,4.2,0.22,0.0,0.22,0.0,0.0,0.0,0.22,0.22,0.22,0.0,0.22,0.0,0.0,0.0,0.0,1.78,1.56,0.0,4.89,0.67,1.33,0.0,0.0,0.0,4.67,0.67,30.0,,,,,,,,,,,,,,,,,,,,,,,,,,,,
Jonathan Perez,mx MEX,"MF,FW",Nashville SC,21,2003,6,2,236,2.6,0.0,0.0,0.0,0.0,0.0,0.0,0.0,0.0,0.38,0.38,0.04,0.42,5.0,3.85,6.15,0.0,0.0,0.0,0.0,0.0,0.37,0.05,0.42,0.37,0.42,Matches,2024,2.6,21.9,10.0,9.23,1.92,26.9,11.2,9.62,3.85,81.4,89.7,96.0,50.0,375.0,97.3,21.9,10.0,9.23,1.92,26.9,11.2,9.62,3.85,81.4,89.7,96.0,50.0,21.9,10.0,9.23,1.92,26.9,11.2,9.62,3.85,81.4,89.7,96.0,50.0,21.9,10.0,9.23,1.92,26.9,11.2,9.62,3.85,81.4,89.7,96.0,50.0,0.0,0.15,-0.04,0.77,0.77,1.15,0.77,0.0,3.08,0.0,0.0,3.05,0.0,0.0,,17.7,0.0,0.0,0.0,0.12,-0.38,-0.38,37.7,1.15,5.38,10.0,23.8,3.08,37.7,0.77,28.6,1.92,71.4,25.4,1.54,1.54,1.92,26.9,2.31,0.77,1.15,2.31,0.77,40.0,1.15,0.38,0.38,0.38,2.69,0.77,0.0,3.08,3.05,0.0,0.0,0.0,0.0,0.0,0.0,0.77,0.76,0.0,0.0,0.0,0.0,0.0,0.0,0.0,1.15,0.38,0.0,3.08,0.38,1.15,0.0,0.0,0.0,5.77,0.0,0.0,,,,,,,,,,,,,,,,,,,,,,,,,,,,
Jonathan Perez,mx MEX,"FW,MF",LA Galaxy,21,2003,6,2,133,1.5,0.0,0.0,0.0,0.0,0.0,0.0,0.0,0.0,0.13,0.13,0.2,0.33,4.67,1.33,12.0,0.0,0.0,0.0,0.0,0.0,0.14,0.18,0.32,0.14,0.32,Matches,2024,1.5,38.0,20.0,9.33,5.33,43.3,22.0,10.0,6.67,87.7,90.9,93.3,80.0,638.0,180.0,38.0,20.0,9.33,5.33,43.3,22.0,10.0,6.67,87.7,90.9,93.3,80.0,38.0,20.0,9.33,5.33,43.3,22.0,10.0,6.67,87.7,90.9,93.3,80.0,38.0,20.0,9.33,5.33,43.3,22.0,10.0,6.67,87.7,90.9,93.3,80.0,0.0,0.13,-0.2,2.67,0.67,0.67,0.0,0.0,2.67,0.67,25.0,2.71,0.68,0.0,0.0,16.5,0.0,0.0,0.0,0.05,-0.13,-0.13,59.3,2.67,9.33,17.3,34.0,7.33,59.3,1.33,28.6,2.0,42.9,36.0,2.67,0.67,0.67,38.0,2.0,2.0,2.0,2.0,2.0,60.0,1.33,0.67,0.67,0.0,2.0,2.0,0.0,7.33,7.5,0.0,0.0,0.0,0.0,0.0,0.0,0.0,0.0,0.0,0.0,0.0,0.0,0.0,0.0,0.0,1.33,2.67,0.67,6.0,0.0,2.0,0.0,0.0,0.0,4.67,0.67,50.0,,,,,,,,,,,,,,,,,,,,,,,,,,,,
Nikola Petković,rs SRB,MF,Charlotte,20,2003,14,5,500,5.6,0.18,0.18,0.36,0.18,0.0,0.0,0.54,0.0,0.21,0.21,0.13,0.34,1.61,2.5,6.25,0.18,0.18,0.36,0.18,0.36,0.22,0.13,0.35,0.22,0.35,Matches,2024,5.6,21.1,9.29,9.46,1.79,29.3,11.6,11.6,3.21,72.0,80.0,81.5,55.6,351.6,68.6,21.1,9.29,9.46,1.79,29.3,11.6,11.6,3.21,72.0,80.0,81.5,55.6,21.1,9.29,9.46,1.79,29.3,11.6,11.6,3.21,72.0,80.0,81.5,55.6,21.1,9.29,9.46,1.79,29.3,11.6,11.6,3.21,72.0,80.0,81.5,55.6,0.18,0.05,0.05,0.89,0.89,0.89,0.18,0.18,2.32,0.71,30.8,2.34,0.72,0.08,0.25,19.6,0.0,0.0,0.0,0.09,-0.04,-0.04,38.0,0.89,4.11,20.7,13.4,2.14,38.0,0.54,60.0,0.36,40.0,20.2,0.36,1.61,0.89,25.4,1.61,0.71,0.89,1.61,0.71,50.0,0.71,1.07,0.89,0.71,2.32,0.36,0.0,2.68,2.71,0.18,0.18,0.0,0.0,0.0,0.0,0.18,0.18,0.18,0.18,0.0,0.0,0.0,0.0,0.0,1.79,1.07,0.0,1.79,0.71,0.89,0.0,0.0,0.0,4.46,0.36,13.3,,,,,,,,,,,,,,,,,,,,,,,,,,,,
Luca Petrasso,ca CAN,"MF,FW",Orlando City,23,2000,2,0,23,0.3,0.0,0.0,0.0,0.0,0.0,0.0,0.0,0.0,0.0,0.0,0.67,0.67,6.67,0.0,10.0,0.0,0.0,0.0,0.0,0.0,0.09,0.72,0.81,0.09,0.81,Matches,2024,0.3,30.0,10.0,6.67,10.0,36.7,16.7,6.67,10.0,81.8,60.0,100.0,100.0,686.7,190.0,30.0,10.0,6.67,10.0,36.7,16.7,6.67,10.0,81.8,60.0,100.0,100.0,30.0,10.0,6.67,10.0,36.7,16.7,6.67,10.0,81.8,60.0,100.0,100.0,30.0,10.0,6.67,10.0,36.7,16.7,6.67,10.0,81.8,60.0,100.0,100.0,0.0,0.33,-0.67,3.33,3.33,3.33,3.33,0.0,3.33,3.33,100.0,3.91,3.91,0.0,0.0,12.9,0.0,0.0,0.0,0.02,0.0,0.0,50.0,0.0,6.67,10.0,33.3,3.33,50.0,0.0,,0.0,,43.3,3.33,0.0,0.0,43.3,0.0,0.0,0.0,0.0,0.0,,0.0,3.33,3.33,0.0,0.0,3.33,0.0,6.67,7.83,0.0,0.0,0.0,0.0,0.0,0.0,0.0,0.0,0.0,0.0,0.0,0.0,0.0,0.0,0.0,3.33,0.0,0.0,10.0,0.0,0.0,0.0,0.0,0.0,3.33,0.0,,,,,,,,,,,,,,,,,,,,,,,,,,,,,
Raoul Petretta,it ITA,DF,Toronto FC,26,1997,27,25,1902,21.1,0.05,0.14,0.19,0.05,0.0,0.0,0.28,0.0,0.05,0.05,0.04,0.09,1.18,3.46,2.42,0.05,0.14,0.19,0.05,0.19,0.05,0.04,0.09,0.05,0.09,Matches,2024,21.1,47.3,26.3,17.7,2.51,53.8,27.7,19.9,4.22,88.0,94.9,89.0,59.6,737.9,284.0,47.3,26.3,17.7,2.51,53.8,27.7,19.9,4.22,88.0,94.9,89.0,59.6,47.3,26.3,17.7,2.51,53.8,27.7,19.9,4.22,88.0,94.9,89.0,59.6,47.3,26.3,17.7,2.51,53.8,27.7,19.9,4.22,88.0,94.9,89.0,59.6,0.14,0.05,0.1,0.57,3.36,0.57,0.09,0.05,0.57,0.09,16.7,0.57,0.09,0.08,0.5,17.2,0.0,0.0,0.0,0.08,0.0,0.0,62.7,3.55,24.2,28.4,10.4,1.04,62.7,0.38,50.0,0.33,43.8,33.9,0.14,1.28,0.66,43.1,1.61,0.9,1.0,1.61,0.9,57.6,0.66,1.42,1.0,1.42,3.03,2.09,0.05,1.33,1.32,0.0,0.0,0.05,0.0,0.05,0.0,0.14,0.14,0.0,0.0,0.05,0.0,0.05,0.0,0.0,0.85,0.95,0.05,0.71,1.42,1.0,0.0,0.0,0.0,3.6,1.0,43.8,,,,,,,,,,,,,,,,,,,,,,,,,,,,
Fafà Picault,ht HAI,"FW,MF",Vancouver W'caps,32,1991,29,18,1675,18.6,0.48,0.27,0.75,0.48,0.0,0.05,0.43,0.05,0.51,0.46,0.19,0.66,2.31,2.37,8.17,0.48,0.27,0.75,0.48,0.75,0.51,0.2,0.7,0.46,0.66,Matches,2024,18.6,23.2,12.0,8.71,1.72,30.2,14.0,11.1,2.9,76.7,85.8,78.6,59.3,371.6,69.9,23.2,12.0,8.71,1.72,30.2,14.0,11.1,2.9,76.7,85.8,78.6,59.3,23.2,12.0,8.71,1.72,30.2,14.0,11.1,2.9,76.7,85.8,78.6,59.3,23.2,12.0,8.71,1.72,30.2,14.0,11.1,2.9,76.7,85.8,78.6,59.3,0.27,0.15,0.08,1.02,1.34,1.45,0.59,0.48,2.47,1.02,41.3,2.47,1.02,0.2,0.47,13.7,0.05,0.0,0.05,0.19,-0.02,0.02,43.2,1.08,4.14,18.2,21.4,4.78,43.2,1.67,45.6,1.72,47.1,27.7,1.08,3.01,0.75,32.6,1.02,0.27,0.65,1.02,0.27,26.3,0.75,1.08,0.91,0.75,1.77,0.81,0.0,3.17,3.17,0.48,0.11,0.48,0.05,0.05,0.0,0.48,0.48,0.48,0.11,0.48,0.05,0.05,0.0,0.05,1.08,2.04,0.7,2.63,0.75,0.65,0.05,0.0,0.0,3.01,1.45,40.3,,,,,,,,,,,,,,,,,,,,,,,,,,,,
Kayden Pierre,us USA,DF,Sporting KC,20,2003,7,7,454,5.0,0.0,0.2,0.2,0.0,0.0,0.0,0.0,0.0,0.02,0.02,0.02,0.04,1.4,3.0,1.6,0.0,0.2,0.2,0.0,0.2,0.02,0.02,0.04,0.02,0.04,Matches,2024,5.0,42.2,20.4,18.0,3.6,51.0,22.4,21.6,5.0,82.7,91.1,83.3,72.0,724.2,262.6,42.2,20.4,18.0,3.6,51.0,22.4,21.6,5.0,82.7,91.1,83.3,72.0,42.2,20.4,18.0,3.6,51.0,22.4,21.6,5.0,82.7,91.1,83.3,72.0,42.2,20.4,18.0,3.6,51.0,22.4,21.6,5.0,82.7,91.1,83.3,72.0,0.2,0.02,0.18,0.6,3.6,0.2,0.0,0.0,0.2,0.0,0.0,0.2,0.0,0.0,,12.8,0.0,0.0,0.0,0.1,-0.02,-0.02,60.0,3.0,18.6,28.6,14.0,0.8,60.0,1.4,63.6,0.6,27.3,35.8,0.4,1.2,0.2,37.2,2.0,1.2,1.6,2.0,1.2,75.0,0.4,0.8,0.4,1.2,3.2,2.4,0.0,1.2,1.19,0.2,0.0,0.0,0.0,0.2,0.0,0.2,0.2,0.2,0.0,0.0,0.0,0.2,0.0,0.0,0.8,1.0,0.0,1.6,1.2,1.6,0.0,0.0,0.0,4.0,0.0,0.0,,,,,,,,,,,,,,,,,,,,,,,,,,,,
Samuel Piette,ca CAN,MF,CF Montréal,29,1994,27,26,2136,23.7,0.04,0.04,0.08,0.04,0.0,0.0,0.25,0.0,0.07,0.07,0.04,0.11,0.25,4.43,0.38,0.04,0.04,0.08,0.04,0.08,0.07,0.04,0.11,0.07,0.11,Matches,2024,23.7,53.0,26.2,21.7,3.76,58.6,28.4,23.4,4.64,90.4,92.3,92.8,80.9,866.7,229.7,53.0,26.2,21.7,3.76,58.6,28.4,23.4,4.64,90.4,92.3,92.8,80.9,53.0,26.2,21.7,3.76,58.6,28.4,23.4,4.64,90.4,92.3,92.8,80.9,53.0,26.2,21.7,3.76,58.6,28.4,23.4,4.64,90.4,92.3,92.8,80.9,0.04,0.05,0.0,0.59,5.11,0.25,0.0,0.04,0.46,0.13,27.3,0.46,0.13,0.09,0.33,16.9,0.0,0.0,0.0,0.15,-0.03,-0.03,67.0,3.54,20.0,39.7,7.81,0.63,67.0,0.21,62.5,0.13,37.5,35.3,0.0,0.51,0.38,47.8,2.32,1.27,1.52,2.32,1.27,51.7,1.18,1.22,0.89,1.01,3.33,1.48,0.0,1.48,1.47,0.0,0.0,0.0,0.0,0.04,0.0,0.13,0.13,0.0,0.0,0.0,0.0,0.04,0.0,0.0,1.6,0.59,0.0,0.21,1.01,1.52,0.0,0.0,0.0,5.78,0.97,53.5,,,,,,,,,,,,,,,,,,,,,,,,,,,,
Mauricio Pineda,us USA,"DF,MF",Chicago Fire,26,1997,21,11,1149,12.8,0.08,0.0,0.08,0.08,0.0,0.0,0.39,0.0,0.02,0.02,0.0,0.02,0.39,3.67,0.55,0.08,0.0,0.08,0.08,0.08,0.02,0.0,0.02,0.02,0.02,Matches,2024,12.8,51.6,18.4,28.9,3.98,57.7,19.0,30.3,6.8,89.6,96.7,95.4,58.6,973.4,356.0,51.6,18.4,28.9,3.98,57.7,19.0,30.3,6.8,89.6,96.7,95.4,58.6,51.6,18.4,28.9,3.98,57.7,19.0,30.3,6.8,89.6,96.7,95.4,58.6,51.6,18.4,28.9,3.98,57.7,19.0,30.3,6.8,89.6,96.7,95.4,58.6,0.0,0.02,0.0,0.08,3.83,0.16,0.08,0.08,0.31,0.08,25.0,0.31,0.08,0.25,1.0,19.8,0.0,0.0,0.0,0.06,0.06,0.06,65.8,5.86,32.0,30.9,3.13,0.39,65.8,0.16,40.0,0.23,60.0,39.5,0.0,0.86,0.39,46.6,1.25,0.86,0.7,1.25,0.86,57.9,0.63,1.41,0.94,0.63,1.88,2.66,0.08,0.86,0.86,0.0,0.0,0.0,0.0,0.0,0.0,0.16,0.16,0.0,0.0,0.0,0.0,0.0,0.0,0.0,1.02,0.39,0.08,0.31,0.63,0.7,0.0,0.08,0.0,4.22,0.86,55.0,,,,,,,,,,,,,,,,,,,,,,,,,,,,
Malik Pinto,us USA,"MF,FW",FC Cincinnati,21,2002,11,1,157,1.7,0.0,0.0,0.0,0.0,0.0,0.0,0.0,0.0,0.0,0.0,0.12,0.18,0.59,5.88,1.18,0.0,0.0,0.0,0.0,0.0,0.03,0.13,0.15,0.03,0.15,Matches,2024,1.7,47.6,21.8,22.4,2.94,56.5,24.1,24.1,3.53,84.4,90.2,92.7,83.3,812.9,204.7,47.6,21.8,22.4,2.94,56.5,24.1,24.1,3.53,84.4,90.2,92.7,83.3,47.6,21.8,22.4,2.94,56.5,24.1,24.1,3.53,84.4,90.2,92.7,83.3,47.6,21.8,22.4,2.94,56.5,24.1,24.1,3.53,84.4,90.2,92.7,83.3,0.0,0.06,-0.12,1.18,3.53,1.18,0.0,0.0,0.59,0.0,0.0,0.57,0.0,0.0,,18.1,0.0,0.0,0.0,0.05,0.0,0.0,71.8,1.76,13.5,48.8,10.0,0.59,71.8,0.59,33.3,0.59,33.3,40.6,0.0,1.76,1.76,44.1,6.47,2.94,5.88,6.47,2.94,62.5,1.76,2.35,2.35,0.59,7.06,0.59,0.0,1.18,1.13,0.0,0.0,0.0,0.0,0.0,0.0,0.0,0.0,0.0,0.0,0.0,0.0,0.0,0.0,0.0,2.94,1.76,0.0,0.59,0.59,5.88,0.0,0.0,0.0,12.4,0.59,50.0,,,,,,,,,,,,,,,,,,,,,,,,,,,,
Gabriel Pirani,br BRA,"MF,FW",D.C. United,21,2002,33,13,1338,14.9,0.4,0.07,0.47,0.4,0.0,0.0,0.2,0.0,0.26,0.26,0.12,0.38,2.82,3.69,5.64,0.4,0.07,0.47,0.4,0.47,0.26,0.12,0.38,0.26,0.38,Matches,2024,14.9,21.9,12.3,7.25,0.94,29.3,14.9,9.33,1.54,74.8,82.4,77.7,60.9,302.8,74.0,21.9,12.3,7.25,0.94,29.3,14.9,9.33,1.54,74.8,82.4,77.7,60.9,21.9,12.3,7.25,0.94,29.3,14.9,9.33,1.54,74.8,82.4,77.7,60.9,21.9,12.3,7.25,0.94,29.3,14.9,9.33,1.54,74.8,82.4,77.7,60.9,0.07,0.11,-0.05,1.41,1.81,1.41,0.0,0.4,3.09,1.07,34.8,3.09,1.08,0.13,0.38,17.9,0.0,0.0,0.0,0.08,0.15,0.15,41.6,0.47,4.5,16.7,21.4,3.83,41.6,1.54,44.2,1.88,53.8,26.1,0.87,2.68,1.88,28.4,1.28,0.47,0.74,1.28,0.47,43.8,0.6,0.6,0.6,0.27,1.54,0.2,0.0,3.62,3.63,0.54,0.2,0.13,0.0,0.0,0.0,0.54,0.54,0.54,0.2,0.13,0.0,0.0,0.0,0.0,1.14,0.94,0.2,1.01,0.27,0.74,0.0,0.0,0.0,4.56,0.27,21.1,,,,,,,,,,,,,,,,,,,,,,,,,,,,
Matt Polster,us USA,MF,NE Revolution,30,1993,31,31,2634,29.3,0.0,0.03,0.03,0.0,0.0,0.0,0.31,0.0,0.02,0.02,0.01,0.04,0.41,4.78,1.02,0.0,0.03,0.03,0.0,0.03,0.02,0.01,0.04,0.02,0.04,Matches,2024,29.3,55.1,23.4,26.0,4.78,61.8,25.5,27.7,6.08,89.1,91.7,93.7,78.7,976.3,280.3,55.1,23.4,26.0,4.78,61.8,25.5,27.7,6.08,89.1,91.7,93.7,78.7,55.1,23.4,26.0,4.78,61.8,25.5,27.7,6.08,89.1,91.7,93.7,78.7,55.1,23.4,26.0,4.78,61.8,25.5,27.7,6.08,89.1,91.7,93.7,78.7,0.03,0.04,0.02,0.38,4.16,0.27,0.0,0.0,0.38,0.07,18.2,0.38,0.07,0.0,0.0,20.3,0.0,0.0,0.0,0.06,-0.02,-0.02,69.5,2.9,19.5,42.8,7.99,0.89,69.5,0.34,55.6,0.24,38.9,37.9,0.07,1.13,0.75,50.9,1.47,0.75,0.96,1.47,0.75,51.2,0.72,0.89,0.61,1.6,3.07,1.13,0.0,0.99,0.99,0.0,0.0,0.03,0.0,0.0,0.0,0.07,0.07,0.0,0.0,0.03,0.0,0.0,0.0,0.0,1.81,0.89,0.07,0.17,1.6,0.96,0.0,0.0,0.0,5.46,1.23,64.3,,,,,,,,,,,,,,,,,,,,,,,,,,,,
Célio Pompeu,br BRA,"FW,MF",St. Louis,24,1999,17,15,1243,13.8,0.22,0.22,0.43,0.22,0.0,0.0,0.36,0.0,0.09,0.09,0.2,0.29,4.71,4.13,7.75,0.22,0.22,0.43,0.22,0.43,0.09,0.2,0.29,0.09,0.29,Matches,2024,13.8,19.9,10.1,7.03,1.81,31.0,12.5,10.1,5.0,64.3,80.9,69.8,36.2,306.6,143.2,19.9,10.1,7.03,1.81,31.0,12.5,10.1,5.0,64.3,80.9,69.8,36.2,19.9,10.1,7.03,1.81,31.0,12.5,10.1,5.0,64.3,80.9,69.8,36.2,19.9,10.1,7.03,1.81,31.0,12.5,10.1,5.0,64.3,80.9,69.8,36.2,0.22,0.18,0.02,2.54,1.59,2.03,0.36,0.22,1.81,0.94,52.0,1.81,0.94,0.12,0.23,19.8,0.07,0.0,0.0,0.05,0.12,0.12,44.0,0.65,4.13,14.0,26.7,4.28,44.0,2.32,60.4,1.3,34.0,23.8,2.1,2.61,1.3,25.6,1.88,1.09,1.16,1.88,1.09,50.0,1.09,1.45,1.38,0.58,2.46,0.58,0.0,4.42,4.42,0.65,0.0,0.14,0.07,0.0,0.0,0.29,0.29,0.65,0.0,0.14,0.07,0.0,0.0,0.0,2.25,0.72,0.22,4.93,0.58,1.16,0.07,0.07,0.0,5.58,0.43,33.3,,,,,,,,,,,,,,,,,,,,,,,,,,,,
Paxton Pomykal,us USA,MF,FC Dallas,24,1999,1,0,7,0.1,0.0,0.0,0.0,0.0,0.0,0.0,0.0,0.0,0.0,0.0,0.0,0.0,10.0,20.0,0.0,0.0,0.0,0.0,0.0,0.0,0.0,0.0,0.0,0.0,0.0,Matches,2024,0.1,110.0,70.0,30.0,0.0,120.0,80.0,30.0,0.0,91.7,87.5,100.0,,1280.0,510.0,110.0,70.0,30.0,0.0,120.0,80.0,30.0,0.0,91.7,87.5,100.0,,110.0,70.0,30.0,0.0,120.0,80.0,30.0,0.0,91.7,87.5,100.0,,110.0,70.0,30.0,0.0,120.0,80.0,30.0,0.0,91.7,87.5,100.0,,0.0,0.0,0.0,0.0,20.0,0.0,0.0,0.0,0.0,0.0,,0.0,0.0,,,,0.0,0.0,0.0,,0.0,0.0,140.0,0.0,20.0,80.0,40.0,10.0,140.0,0.0,0.0,10.0,100.0,110.0,0.0,0.0,0.0,110.0,10.0,0.0,0.0,10.0,0.0,,0.0,0.0,0.0,0.0,10.0,0.0,0.0,0.0,0.0,0.0,0.0,0.0,0.0,0.0,0.0,0.0,0.0,0.0,0.0,0.0,0.0,0.0,0.0,0.0,0.0,0.0,0.0,0.0,0.0,0.0,0.0,0.0,0.0,0.0,0.0,,,,,,,,,,,,,,,,,,,,,,,,,,,,,
Ezequiel Ponce,ar ARG,FW,Houston Dynamo,26,1997,10,9,741,8.2,0.61,0.0,0.61,0.49,0.12,0.12,0.37,0.0,0.45,0.35,0.09,0.44,0.49,1.22,6.71,0.61,0.0,0.61,0.49,0.49,0.45,0.08,0.53,0.35,0.44,Matches,2024,8.2,15.7,10.5,3.29,0.24,20.6,12.8,4.39,0.24,76.3,81.9,75.0,100.0,178.3,20.4,15.7,10.5,3.29,0.24,20.6,12.8,4.39,0.24,76.3,81.9,75.0,100.0,15.7,10.5,3.29,0.24,20.6,12.8,4.39,0.24,76.3,81.9,75.0,100.0,15.7,10.5,3.29,0.24,20.6,12.8,4.39,0.24,76.3,81.9,75.0,100.0,0.0,0.05,-0.09,0.85,0.24,0.12,0.0,0.61,2.93,1.46,50.0,2.91,1.46,0.17,0.33,14.8,0.0,0.12,0.12,0.12,0.16,0.13,30.2,0.85,2.2,14.0,14.1,5.37,30.1,0.61,45.5,0.73,54.5,18.9,0.12,2.56,1.46,25.4,0.37,0.12,0.12,0.37,0.12,100.0,0.0,0.24,0.24,0.12,0.49,0.61,0.0,1.71,1.71,0.12,0.0,0.0,0.0,0.12,0.0,0.0,0.0,0.12,0.0,0.0,0.0,0.12,0.0,0.0,2.32,1.46,0.37,0.0,0.12,0.12,0.0,0.0,0.0,1.83,1.46,52.2,,,,,,,,,,,,,,,,,,,,,,,,,,,,
Tomas Pondeca,us USA,MF,FC Dallas,22,2001,3,2,116,1.3,0.0,0.0,0.0,0.0,0.0,0.0,0.0,0.0,0.0,0.0,0.08,0.15,2.31,2.31,3.85,0.0,0.0,0.0,0.0,0.0,0.02,0.1,0.12,0.02,0.12,Matches,2024,1.3,19.2,10.0,6.92,0.77,23.1,10.0,9.23,1.54,83.3,100.0,75.0,50.0,283.8,106.2,19.2,10.0,6.92,0.77,23.1,10.0,9.23,1.54,83.3,100.0,75.0,50.0,19.2,10.0,6.92,0.77,23.1,10.0,9.23,1.54,83.3,100.0,75.0,50.0,19.2,10.0,6.92,0.77,23.1,10.0,9.23,1.54,83.3,100.0,75.0,50.0,0.0,0.0,-0.08,1.54,0.77,0.77,0.0,0.0,0.77,0.0,0.0,0.78,0.0,0.0,,33.0,0.0,0.0,0.0,0.02,0.0,0.0,30.8,0.0,3.85,15.4,12.3,4.62,30.8,1.54,50.0,1.54,50.0,25.4,1.54,0.0,4.62,26.2,1.54,0.0,0.77,1.54,0.0,0.0,2.31,0.0,0.0,0.77,2.31,0.0,0.0,2.31,2.33,0.77,0.0,0.77,0.0,0.0,0.0,0.0,0.0,0.77,0.0,0.77,0.0,0.0,0.0,0.0,0.0,2.31,0.0,0.77,0.77,0.77,0.0,0.0,0.0,1.54,0.0,,,,,,,,,,,,,,,,,,,,,,,,,,,,,
Alvas Powell,jm JAM,DF,FC Cincinnati,29,1994,20,10,784,8.7,0.0,0.0,0.0,0.0,0.0,0.0,0.46,0.11,0.05,0.05,0.05,0.1,2.87,3.79,3.1,0.0,0.0,0.0,0.0,0.0,0.05,0.05,0.1,0.05,0.1,Matches,2024,8.7,35.2,10.8,20.2,3.79,46.3,12.8,23.4,8.16,75.9,84.7,86.3,46.5,699.1,229.0,35.2,10.8,20.2,3.79,46.3,12.8,23.4,8.16,75.9,84.7,86.3,46.5,35.2,10.8,20.2,3.79,46.3,12.8,23.4,8.16,75.9,84.7,86.3,46.5,35.2,10.8,20.2,3.79,46.3,12.8,23.4,8.16,75.9,84.7,86.3,46.5,0.0,0.02,-0.05,0.34,2.53,0.46,0.0,0.0,0.8,0.34,42.9,0.8,0.34,0.0,0.0,15.9,0.0,0.0,0.0,0.07,-0.05,-0.05,59.3,2.76,23.1,27.7,10.3,1.26,59.3,1.84,51.6,1.26,35.5,33.4,0.46,2.07,0.69,35.1,2.76,1.72,2.3,2.76,1.72,71.4,0.69,0.69,0.34,1.15,3.91,2.53,0.0,2.07,2.07,0.11,0.0,0.46,0.0,0.11,0.0,0.0,0.0,0.11,0.0,0.46,0.0,0.11,0.0,0.11,1.03,2.53,0.0,0.92,1.15,2.3,0.0,0.0,0.0,7.7,1.03,56.3,,,,,,,,,,,,,,,,,,,,,,,,,,,,
Ralph Priso-Mbongue,ca CAN,MF,Vancouver W'caps,21,2002,14,5,479,5.3,0.0,0.19,0.19,0.0,0.0,0.0,0.38,0.0,0.0,0.0,0.02,0.02,0.75,3.96,0.94,0.0,0.19,0.19,0.0,0.19,0.0,0.01,0.01,0.0,0.01,Matches,2024,5.3,37.0,17.0,15.3,3.4,43.8,18.3,16.8,5.28,84.5,92.8,91.0,64.3,634.5,143.8,37.0,17.0,15.3,3.4,43.8,18.3,16.8,5.28,84.5,92.8,91.0,64.3,37.0,17.0,15.3,3.4,43.8,18.3,16.8,5.28,84.5,92.8,91.0,64.3,37.0,17.0,15.3,3.4,43.8,18.3,16.8,5.28,84.5,92.8,91.0,64.3,0.19,0.02,0.17,0.38,3.77,0.38,0.0,0.0,0.0,0.0,,0.0,0.0,,,,0.0,0.0,0.0,,0.0,0.0,54.7,2.26,13.0,34.7,7.92,0.38,54.7,0.57,100.0,0.0,0.0,26.8,0.0,1.13,0.57,34.2,3.02,1.51,1.32,3.02,1.51,61.5,0.94,1.51,0.75,1.7,4.72,1.13,0.0,1.7,1.69,0.0,0.0,0.0,0.0,0.0,0.0,0.38,0.37,0.0,0.0,0.0,0.0,0.0,0.0,0.0,1.89,0.57,0.0,0.0,1.7,1.32,0.0,0.0,0.0,6.04,0.19,33.3,,,,,,,,,,,,,,,,,,,,,,,,,,,,
Andrew Privett,us USA,DF,Charlotte,23,2000,30,30,2681,29.8,0.0,0.0,0.0,0.0,0.0,0.0,0.17,0.0,0.03,0.03,0.0,0.03,0.6,2.42,0.2,0.0,0.0,0.0,0.0,0.0,0.03,0.0,0.03,0.03,0.03,Matches,2024,29.8,45.1,10.1,26.9,7.79,53.3,11.3,29.2,11.7,84.5,89.3,92.4,66.7,1005.1,350.5,45.1,10.1,26.9,7.79,53.3,11.3,29.2,11.7,84.5,89.3,92.4,66.7,45.1,10.1,26.9,7.79,53.3,11.3,29.2,11.7,84.5,89.3,92.4,66.7,45.1,10.1,26.9,7.79,53.3,11.3,29.2,11.7,84.5,89.3,92.4,66.7,0.0,0.01,-0.0,0.07,2.11,0.03,0.0,0.0,0.34,0.07,20.0,0.34,0.07,0.0,0.0,12.0,0.0,0.0,0.0,0.08,-0.03,-0.03,62.4,10.3,35.7,25.5,1.85,0.6,62.4,0.1,50.0,0.07,33.3,37.1,0.03,0.5,0.03,42.1,1.21,0.6,0.81,1.21,0.6,66.7,0.3,1.54,0.5,0.5,1.71,4.33,0.13,0.54,0.54,0.0,0.0,0.0,0.0,0.03,0.0,0.07,0.07,0.0,0.0,0.0,0.0,0.03,0.0,0.0,0.44,0.37,0.07,0.13,0.5,0.81,0.0,0.0,0.0,3.76,1.61,57.8,,,,,,,,,,,,,,,,,,,,,,,,,,,,
Riqui Puig,es ESP,MF,LA Galaxy,24,1999,29,28,2539,28.2,0.46,0.32,0.78,0.43,0.04,0.07,0.35,0.0,0.31,0.26,0.26,0.52,5.39,15.1,3.9,0.46,0.32,0.78,0.43,0.74,0.31,0.26,0.57,0.26,0.52,Matches,2024,28.2,86.6,40.4,33.4,10.5,101.7,45.3,37.6,13.2,85.2,89.2,89.0,79.6,1535.0,502.6,86.6,40.4,33.4,10.5,101.7,45.3,37.6,13.2,85.2,89.2,89.0,79.6,86.6,40.4,33.4,10.5,101.7,45.3,37.6,13.2,85.2,89.2,89.0,79.6,86.6,40.4,33.4,10.5,101.7,45.3,37.6,13.2,85.2,89.2,89.0,79.6,0.32,0.24,0.06,2.06,12.3,3.16,0.04,0.46,3.72,1.21,32.4,3.72,1.21,0.11,0.35,22.5,0.04,0.04,0.07,0.07,0.15,0.17,111.6,0.35,12.9,65.6,34.6,2.62,111.5,2.45,57.0,1.35,31.4,84.2,0.78,1.74,1.42,98.2,0.71,0.21,0.53,0.71,0.21,19.4,0.89,0.67,0.57,0.5,1.21,0.11,0.04,6.38,6.38,0.5,0.04,0.25,0.04,0.11,0.0,0.89,0.89,0.5,0.04,0.25,0.04,0.11,0.0,0.0,0.71,2.94,0.07,0.28,0.5,0.53,0.04,0.0,0.0,4.61,0.18,35.7,,,,,,,,,,,,,,,,,,,,,,,,,,,,
Teemu Pukki,fi FIN,FW,Minnesota Utd,33,1990,21,11,939,10.4,0.38,0.0,0.38,0.38,0.0,0.0,0.0,0.0,0.37,0.37,0.13,0.5,1.54,2.21,7.12,0.38,0.0,0.38,0.38,0.38,0.37,0.13,0.49,0.37,0.49,Matches,2024,10.4,11.3,6.73,3.56,0.58,16.5,9.04,4.42,0.77,68.6,74.5,80.4,75.0,159.1,30.1,11.3,6.73,3.56,0.58,16.5,9.04,4.42,0.77,68.6,74.5,80.4,75.0,11.3,6.73,3.56,0.58,16.5,9.04,4.42,0.77,68.6,74.5,80.4,75.0,11.3,6.73,3.56,0.58,16.5,9.04,4.42,0.77,68.6,74.5,80.4,75.0,0.0,0.13,-0.13,1.06,0.29,0.77,0.0,0.38,3.65,1.25,34.2,3.64,1.25,0.11,0.31,16.8,0.0,0.0,0.0,0.1,0.02,0.02,28.4,0.38,1.35,9.81,17.7,6.25,28.4,0.77,25.0,2.21,71.9,16.9,0.77,2.31,1.25,19.3,0.38,0.19,0.0,0.38,0.19,25.0,0.58,1.44,1.25,0.19,0.58,0.19,0.0,2.88,2.87,0.1,0.0,0.19,0.1,0.1,0.0,0.29,0.29,0.1,0.0,0.19,0.1,0.1,0.0,0.0,0.96,0.48,0.19,0.48,0.19,0.0,0.0,0.0,0.0,2.5,0.67,24.1,,,,,,,,,,,,,,,,,,,,,,,,,,,,
Alan Pulido,mx MEX,"FW,MF",Sporting KC,32,1991,31,22,1953,21.7,0.32,0.18,0.51,0.32,0.0,0.0,0.05,0.0,0.22,0.22,0.11,0.32,1.11,2.63,5.48,0.32,0.18,0.51,0.32,0.51,0.22,0.11,0.32,0.22,0.32,Matches,2024,21.7,25.2,12.9,9.08,1.34,30.9,15.1,10.4,1.71,81.5,85.4,87.6,78.4,374.7,53.9,25.2,12.9,9.08,1.34,30.9,15.1,10.4,1.71,81.5,85.4,87.6,78.4,25.2,12.9,9.08,1.34,30.9,15.1,10.4,1.71,81.5,85.4,87.6,78.4,25.2,12.9,9.08,1.34,30.9,15.1,10.4,1.71,81.5,85.4,87.6,78.4,0.18,0.08,0.07,1.29,1.47,0.55,0.14,0.32,1.94,0.74,38.1,1.94,0.74,0.17,0.44,17.1,0.0,0.0,0.0,0.11,0.11,0.11,39.5,0.41,2.03,18.6,19.1,3.59,39.5,0.69,40.5,0.92,54.1,26.2,0.69,2.76,1.84,32.2,0.69,0.09,0.28,0.69,0.09,20.0,0.37,0.14,0.14,0.28,0.97,0.32,0.0,2.76,2.76,0.09,0.09,0.14,0.0,0.09,0.0,0.51,0.51,0.09,0.09,0.14,0.0,0.09,0.0,0.0,0.46,1.29,0.51,0.69,0.28,0.28,0.0,0.0,0.0,2.81,0.65,25.0,,,,,,,,,,,,,,,,,,,,,,,,,,,,
John Pulskamp,us USA,GK,Sporting KC,22,2001,6,6,540,6.0,0.0,0.0,0.0,0.0,0.0,0.0,0.17,0.0,0.0,0.0,0.0,0.0,0.0,0.0,0.0,0.0,0.0,0.0,0.0,0.0,0.0,0.0,0.0,0.0,0.0,Matches,2024,6.0,15.0,3.83,6.17,5.0,24.7,3.83,7.17,13.2,60.8,100.0,86.0,38.0,426.8,334.7,15.0,3.83,6.17,5.0,24.7,3.83,7.17,13.2,60.8,100.0,86.0,38.0,15.0,3.83,6.17,5.0,24.7,3.83,7.17,13.2,60.8,100.0,86.0,38.0,15.0,3.83,6.17,5.0,24.7,3.83,7.17,13.2,60.8,100.0,86.0,38.0,0.0,0.0,0.0,0.0,0.17,0.0,0.0,0.0,0.0,0.0,,0.0,0.0,,,,0.0,0.0,0.0,,0.0,0.0,26.3,21.5,26.3,0.0,0.0,0.0,26.3,0.0,,0.0,,12.3,0.0,0.0,0.0,10.5,0.17,0.17,0.0,0.17,0.17,100.0,0.0,0.0,0.0,0.0,0.17,0.33,0.0,0.0,0.0,0.0,0.0,0.0,0.0,0.0,0.0,0.0,0.0,0.0,0.0,0.0,0.0,0.0,0.0,0.0,0.0,0.0,0.0,0.0,0.0,0.0,0.0,0.0,0.0,0.67,0.0,,2.17,0.0,0.33,0.17,1.48,0.41,-0.52,-0.52,17.8,3.33,43.9,43.6,38.1,39.2,16.2,43.9,43.6,38.1,39.2,16.2,11.2,0.17,1.5,0.83,0.83,38.1,39.2,16.2
Philip Quinton,us USA,DF,Columbus Crew,24,1999,1,1,90,1.0,0.0,0.0,0.0,0.0,0.0,0.0,1.0,0.0,0.0,0.0,0.0,0.0,0.0,0.0,0.0,0.0,0.0,0.0,0.0,0.0,0.0,0.0,0.0,0.0,0.0,Matches,2024,1.0,45.0,18.0,24.0,3.0,52.0,21.0,27.0,4.0,86.5,85.7,88.9,75.0,825.0,399.0,45.0,18.0,24.0,3.0,52.0,21.0,27.0,4.0,86.5,85.7,88.9,75.0,45.0,18.0,24.0,3.0,52.0,21.0,27.0,4.0,86.5,85.7,88.9,75.0,45.0,18.0,24.0,3.0,52.0,21.0,27.0,4.0,86.5,85.7,88.9,75.0,0.0,0.0,0.0,0.0,1.0,0.0,0.0,0.0,0.0,0.0,,0.0,0.0,,,,0.0,0.0,0.0,,0.0,0.0,56.0,4.0,31.0,26.0,0.0,0.0,56.0,0.0,,0.0,,32.0,0.0,2.0,0.0,40.0,0.0,0.0,0.0,0.0,0.0,,0.0,1.0,0.0,0.0,0.0,3.0,0.0,1.0,1.0,0.0,0.0,0.0,0.0,0.0,0.0,0.0,0.0,0.0,0.0,0.0,0.0,0.0,0.0,0.0,1.0,0.0,0.0,0.0,0.0,0.0,0.0,0.0,0.0,3.0,0.0,0.0,,,,,,,,,,,,,,,,,,,,,,,,,,,,
Philip Quinton,us USA,DF,Real Salt Lake,24,1999,19,15,1227,13.6,0.07,0.0,0.07,0.07,0.0,0.0,0.0,0.0,0.02,0.02,0.01,0.03,0.74,3.68,0.44,0.07,0.0,0.07,0.07,0.07,0.02,0.01,0.03,0.02,0.03,Matches,2024,13.6,50.0,17.2,28.0,4.63,57.3,18.6,30.5,7.13,87.3,92.5,91.8,64.9,950.4,308.5,50.0,17.2,28.0,4.63,57.3,18.6,30.5,7.13,87.3,92.5,91.8,64.9,50.0,17.2,28.0,4.63,57.3,18.6,30.5,7.13,87.3,92.5,91.8,64.9,50.0,17.2,28.0,4.63,57.3,18.6,30.5,7.13,87.3,92.5,91.8,64.9,0.0,0.01,-0.01,0.29,3.68,0.15,0.0,0.07,0.51,0.15,28.6,0.51,0.15,0.14,0.5,15.6,0.0,0.0,0.0,0.04,0.05,0.05,68.9,8.68,30.7,34.1,4.26,0.59,68.9,0.22,60.0,0.15,40.0,37.1,0.07,0.51,0.22,44.0,1.54,1.1,0.96,1.54,1.1,62.5,0.66,2.21,1.32,0.66,2.21,4.56,0.15,0.59,0.59,0.0,0.0,0.0,0.0,0.0,0.0,0.07,0.07,0.0,0.0,0.0,0.0,0.0,0.0,0.0,0.29,0.51,0.0,0.0,0.66,0.96,0.0,0.0,0.0,3.75,1.4,54.3,,,,,,,,,,,,,,,,,,,,,,,,,,,,
Nemanja Radoja,rs SRB,MF,Sporting KC,30,1993,25,25,2127,23.6,0.04,0.13,0.17,0.04,0.0,0.0,0.21,0.0,0.06,0.06,0.06,0.12,0.68,4.96,0.81,0.04,0.13,0.17,0.04,0.17,0.06,0.06,0.12,0.06,0.12,Matches,2024,23.6,50.3,19.5,24.6,5.42,57.5,21.6,26.9,7.12,87.4,90.4,91.3,76.2,937.9,261.4,50.3,19.5,24.6,5.42,57.5,21.6,26.9,7.12,87.4,90.4,91.3,76.2,50.3,19.5,24.6,5.42,57.5,21.6,26.9,7.12,87.4,90.4,91.3,76.2,50.3,19.5,24.6,5.42,57.5,21.6,26.9,7.12,87.4,90.4,91.3,76.2,0.13,0.04,0.06,0.64,5.42,0.21,0.0,0.04,0.64,0.21,33.3,0.63,0.21,0.07,0.2,14.9,0.0,0.0,0.0,0.1,-0.02,-0.02,64.9,1.91,16.0,42.6,7.08,0.64,64.9,0.64,60.0,0.3,28.0,37.7,0.0,0.64,0.47,45.1,1.82,0.89,1.1,1.82,0.89,56.8,0.68,1.02,0.85,0.85,2.67,1.19,0.04,1.86,1.86,0.0,0.0,0.0,0.0,0.04,0.0,0.21,0.21,0.0,0.0,0.0,0.0,0.04,0.0,0.0,1.06,1.02,0.0,0.13,0.85,1.1,0.0,0.0,0.0,6.19,1.14,64.3,,,,,,,,,,,,,,,,,,,,,,,,,,,,
Jeremy Rafanello,us USA,MF,Philadelphia Union,23,2000,11,4,321,3.6,0.0,0.0,0.0,0.0,0.0,0.0,0.0,0.0,0.06,0.06,0.14,0.22,0.83,3.06,3.33,0.0,0.0,0.0,0.0,0.0,0.06,0.15,0.21,0.06,0.21,Matches,2024,3.6,28.9,17.2,9.44,1.39,38.9,20.0,12.5,3.61,74.3,86.1,75.6,38.5,440.3,113.6,28.9,17.2,9.44,1.39,38.9,20.0,12.5,3.61,74.3,86.1,75.6,38.5,28.9,17.2,9.44,1.39,38.9,20.0,12.5,3.61,74.3,86.1,75.6,38.5,28.9,17.2,9.44,1.39,38.9,20.0,12.5,3.61,74.3,86.1,75.6,38.5,0.0,0.06,-0.14,1.39,2.78,1.11,0.28,0.0,1.67,0.56,33.3,1.68,0.56,0.0,0.0,24.2,0.28,0.0,0.0,0.04,-0.06,-0.06,49.2,1.11,7.5,24.4,17.8,1.11,49.2,0.56,33.3,0.83,50.0,28.1,0.0,1.94,1.11,33.3,1.11,0.56,0.83,1.11,0.56,28.6,1.39,1.11,1.11,0.28,1.39,1.39,0.0,2.78,2.8,0.0,0.0,0.0,0.0,0.0,0.0,0.56,0.56,0.0,0.0,0.0,0.0,0.0,0.0,0.0,0.56,0.0,0.0,1.39,0.28,0.83,0.0,0.0,0.0,4.72,1.67,46.2,,,,,,,,,,,,,,,,,,,,,,,,,,,,
Jackson Ragen,us USA,DF,Seattle Sounders,25,1998,33,33,2902,32.2,0.09,0.03,0.12,0.09,0.0,0.0,0.16,0.03,0.05,0.05,0.01,0.06,0.5,3.73,0.09,0.09,0.03,0.12,0.09,0.12,0.05,0.01,0.06,0.05,0.06,Matches,2024,32.2,58.6,17.5,32.3,8.57,65.1,18.7,34.0,11.5,89.9,93.5,95.0,74.6,1216.1,520.5,58.6,17.5,32.3,8.57,65.1,18.7,34.0,11.5,89.9,93.5,95.0,74.6,58.6,17.5,32.3,8.57,65.1,18.7,34.0,11.5,89.9,93.5,95.0,74.6,58.6,17.5,32.3,8.57,65.1,18.7,34.0,11.5,89.9,93.5,95.0,74.6,0.03,0.03,0.02,0.25,3.35,0.19,0.0,0.09,0.59,0.09,15.8,0.59,0.09,0.16,1.0,11.3,0.0,0.0,0.0,0.08,0.05,0.05,73.7,9.25,38.9,32.6,2.36,1.27,73.7,0.09,33.3,0.16,55.6,44.1,0.0,0.4,0.31,52.9,0.93,0.4,0.59,0.93,0.4,61.9,0.25,1.06,0.4,0.84,1.77,3.88,0.09,0.9,0.9,0.03,0.0,0.03,0.0,0.0,0.0,0.03,0.03,0.03,0.0,0.03,0.0,0.0,0.0,0.0,0.87,0.53,0.0,0.03,0.84,0.59,0.0,0.03,0.0,4.22,2.14,67.6,,,,,,,,,,,,,,,,,,,,,,,,,,,,
Brooklyn Raines,us USA,"MF,FW",Houston Dynamo,18,2005,15,4,421,4.7,0.0,0.0,0.0,0.0,0.0,0.0,0.64,0.0,0.0,0.0,0.04,0.04,1.06,5.53,1.7,0.0,0.0,0.0,0.0,0.0,0.01,0.05,0.05,0.01,0.05,Matches,2024,4.7,56.4,32.6,21.1,1.91,60.9,34.0,22.1,2.98,92.7,95.6,95.2,64.3,846.2,206.4,56.4,32.6,21.1,1.91,60.9,34.0,22.1,2.98,92.7,95.6,95.2,64.3,56.4,32.6,21.1,1.91,60.9,34.0,22.1,2.98,92.7,95.6,95.2,64.3,56.4,32.6,21.1,1.91,60.9,34.0,22.1,2.98,92.7,95.6,95.2,64.3,0.0,0.04,-0.04,0.85,5.74,0.64,0.0,0.0,0.21,0.0,0.0,0.21,0.0,0.0,,26.6,0.0,0.0,0.0,0.04,0.0,0.0,68.3,2.77,13.4,44.3,11.1,0.21,68.3,0.43,50.0,0.21,25.0,42.1,0.21,1.91,0.21,54.0,1.91,0.43,1.7,1.91,0.43,66.7,0.21,1.28,1.06,0.21,2.13,0.43,0.21,1.7,1.71,0.43,0.0,0.21,0.0,0.0,0.0,0.0,0.0,0.43,0.0,0.21,0.0,0.0,0.0,0.0,1.49,1.91,0.0,0.21,0.21,1.7,0.0,0.0,0.0,4.89,0.43,33.3,,,,,,,,,,,,,,,,,,,,,,,,,,,,
Alonso Ramírez,mx MEX,MF,Austin,22,2001,2,0,23,0.3,0.0,0.0,0.0,0.0,0.0,0.0,0.0,0.0,0.0,0.0,0.0,0.0,0.0,0.0,0.0,0.0,0.0,0.0,0.0,0.0,0.0,0.0,0.0,0.0,0.0,Matches,2024,0.3,73.3,46.7,23.3,3.33,80.0,50.0,26.7,3.33,91.7,93.3,87.5,100.0,1120.0,190.0,73.3,46.7,23.3,3.33,80.0,50.0,26.7,3.33,91.7,93.3,87.5,100.0,73.3,46.7,23.3,3.33,80.0,50.0,26.7,3.33,91.7,93.3,87.5,100.0,73.3,46.7,23.3,3.33,80.0,50.0,26.7,3.33,91.7,93.3,87.5,100.0,0.0,0.0,0.0,0.0,3.33,0.0,0.0,0.0,0.0,0.0,,0.0,0.0,,,,0.0,0.0,0.0,,0.0,0.0,86.7,3.33,13.3,63.3,10.0,0.0,86.7,3.33,100.0,0.0,0.0,73.3,0.0,0.0,0.0,80.0,0.0,0.0,0.0,0.0,0.0,,0.0,0.0,0.0,3.33,3.33,0.0,0.0,0.0,0.0,0.0,0.0,0.0,0.0,0.0,0.0,0.0,0.0,0.0,0.0,0.0,0.0,0.0,0.0,0.0,0.0,3.33,0.0,0.0,3.33,0.0,0.0,0.0,0.0,3.33,0.0,,,,,,,,,,,,,,,,,,,,,,,,,,,,,
Anthony Ramirez,us USA,MF,FC Dallas,18,2005,1,0,1,0.0,0.0,0.0,0.0,0.0,0.0,0.0,0.0,0.0,0.0,0.0,0.0,0.0,0.0,0.0,0.0,0.0,0.0,0.0,0.0,0.0,0.0,0.0,0.0,0.0,0.0,Matches,2024,0.0,3.0,2.0,1.0,0.0,4.0,2.0,1.0,1.0,75.0,100.0,100.0,0.0,39.0,6.0,3.0,2.0,1.0,0.0,4.0,2.0,1.0,1.0,75.0,100.0,100.0,0.0,3.0,2.0,1.0,0.0,4.0,2.0,1.0,1.0,75.0,100.0,100.0,0.0,3.0,2.0,1.0,0.0,4.0,2.0,1.0,1.0,75.0,100.0,100.0,0.0,0.0,0.0,0.0,0.0,0.0,0.0,0.0,0.0,0.0,0.0,,0.0,0.0,,,,0.0,0.0,0.0,,0.0,0.0,4.0,0.0,0.0,2.0,2.0,0.0,4.0,0.0,,0.0,,1.0,0.0,0.0,0.0,1.0,0.0,0.0,0.0,0.0,0.0,,0.0,0.0,0.0,0.0,0.0,0.0,0.0,0.0,0.0,0.0,0.0,0.0,0.0,0.0,0.0,0.0,0.0,0.0,0.0,0.0,0.0,0.0,0.0,0.0,0.0,0.0,0.0,1.0,0.0,0.0,0.0,0.0,0.0,0.0,0.0,,,,,,,,,,,,,,,,,,,,,,,,,,,,,
Christian Ramirez,us USA,"MF,FW",Columbus Crew,32,1991,25,16,1429,15.9,0.5,0.19,0.69,0.5,0.0,0.0,0.0,0.0,0.46,0.46,0.33,0.78,0.69,4.34,5.22,0.5,0.19,0.69,0.5,0.69,0.46,0.33,0.78,0.46,0.78,Matches,2024,15.9,25.0,13.6,8.68,1.45,31.8,16.4,10.5,2.52,78.6,83.1,82.6,57.5,376.1,119.2,25.0,13.6,8.68,1.45,31.8,16.4,10.5,2.52,78.6,83.1,82.6,57.5,25.0,13.6,8.68,1.45,31.8,16.4,10.5,2.52,78.6,83.1,82.6,57.5,25.0,13.6,8.68,1.45,31.8,16.4,10.5,2.52,78.6,83.1,82.6,57.5,0.19,0.16,-0.14,1.7,2.83,1.19,0.31,0.5,2.77,1.32,47.7,2.77,1.32,0.18,0.38,15.3,0.0,0.0,0.0,0.17,0.04,0.04,38.3,0.75,3.58,19.9,14.8,3.9,38.3,0.0,0.0,0.19,100.0,21.3,0.19,1.13,0.69,31.4,0.13,0.06,0.06,0.13,0.06,50.0,0.06,0.13,0.06,0.06,0.19,0.88,0.0,2.96,2.96,0.0,0.0,0.06,0.0,0.06,0.0,0.57,0.57,0.0,0.0,0.06,0.0,0.06,0.0,0.0,0.38,0.75,0.38,1.01,0.06,0.06,0.0,0.0,0.0,2.26,0.69,57.9,,,,,,,,,,,,,,,,,,,,,,,,,,,,
Rubén Ramos,us USA,"FW,MF",LA Galaxy,17,2007,2,0,14,0.2,0.0,0.0,0.0,0.0,0.0,0.0,0.0,0.0,0.0,0.0,0.0,0.0,0.0,5.0,10.0,0.0,0.0,0.0,0.0,0.0,0.0,0.0,0.0,0.0,0.0,Matches,2024,0.2,20.0,15.0,5.0,0.0,25.0,15.0,5.0,0.0,80.0,100.0,100.0,,255.0,25.0,20.0,15.0,5.0,0.0,25.0,15.0,5.0,0.0,80.0,100.0,100.0,,20.0,15.0,5.0,0.0,25.0,15.0,5.0,0.0,80.0,100.0,100.0,,20.0,15.0,5.0,0.0,25.0,15.0,5.0,0.0,80.0,100.0,100.0,,0.0,0.0,0.0,0.0,0.0,0.0,0.0,0.0,0.0,0.0,,0.0,0.0,,,,0.0,0.0,0.0,,0.0,0.0,35.0,0.0,5.0,5.0,25.0,5.0,35.0,0.0,,0.0,,25.0,0.0,5.0,0.0,25.0,0.0,0.0,0.0,0.0,0.0,,0.0,0.0,0.0,0.0,0.0,0.0,0.0,0.0,0.0,0.0,0.0,0.0,0.0,0.0,0.0,0.0,0.0,0.0,0.0,0.0,0.0,0.0,0.0,0.0,0.0,0.0,0.0,5.0,0.0,0.0,0.0,0.0,0.0,0.0,0.0,0.0,,,,,,,,,,,,,,,,,,,,,,,,,,,,
Ryan Raposo,ca CAN,"DF,MF",Vancouver W'caps,24,1999,30,18,1584,17.6,0.17,0.23,0.4,0.17,0.0,0.0,0.17,0.0,0.1,0.1,0.13,0.23,1.93,2.1,8.52,0.17,0.23,0.4,0.17,0.4,0.1,0.13,0.23,0.1,0.23,Matches,2024,17.6,31.7,13.8,13.8,3.41,41.7,16.3,16.4,6.7,76.0,84.7,84.1,50.8,567.7,131.0,31.7,13.8,13.8,3.41,41.7,16.3,16.4,6.7,76.0,84.7,84.1,50.8,31.7,13.8,13.8,3.41,41.7,16.3,16.4,6.7,76.0,84.7,84.1,50.8,31.7,13.8,13.8,3.41,41.7,16.3,16.4,6.7,76.0,84.7,84.1,50.8,0.23,0.21,0.1,1.76,1.53,1.42,0.91,0.17,0.91,0.34,37.5,0.91,0.34,0.19,0.5,13.8,0.0,0.0,0.0,0.11,0.07,0.07,52.2,2.61,10.7,19.8,22.0,2.84,52.2,0.74,38.2,1.02,52.9,29.0,0.57,1.36,0.34,35.2,1.87,0.97,0.97,1.87,0.97,73.9,0.34,0.91,0.34,1.08,2.95,1.25,0.0,3.18,3.18,0.06,0.06,0.23,0.0,0.06,0.0,0.28,0.28,0.06,0.06,0.23,0.0,0.06,0.0,0.0,0.68,1.7,0.06,5.0,1.08,0.97,0.0,0.0,0.0,3.41,0.51,29.0,,,,,,,,,,,,,,,,,,,,,,,,,,,,
Henrich Ravas,sk SVK,GK,NE Revolution,26,1997,8,8,720,8.0,0.0,0.0,0.0,0.0,0.0,0.0,0.0,0.0,0.0,0.0,0.0,0.0,0.0,0.0,0.0,0.0,0.0,0.0,0.0,0.0,0.0,0.0,0.0,0.0,0.0,Matches,2024,8.0,20.1,3.25,10.9,6.0,29.4,3.25,11.0,14.9,68.5,100.0,98.9,40.3,537.5,370.5,20.1,3.25,10.9,6.0,29.4,3.25,11.0,14.9,68.5,100.0,98.9,40.3,20.1,3.25,10.9,6.0,29.4,3.25,11.0,14.9,68.5,100.0,98.9,40.3,20.1,3.25,10.9,6.0,29.4,3.25,11.0,14.9,68.5,100.0,98.9,40.3,0.0,0.0,0.0,0.0,0.0,0.0,0.0,0.0,0.0,0.0,,0.0,0.0,,,,0.0,0.0,0.0,,0.0,0.0,31.4,28.1,31.1,0.25,0.0,0.0,31.4,0.0,,0.0,,14.9,0.0,0.0,0.13,12.4,0.0,0.0,0.0,0.0,0.0,0.0,0.13,0.13,0.13,0.0,0.0,0.13,0.25,0.0,0.0,0.0,0.0,0.0,0.0,0.0,0.0,0.0,0.0,0.0,0.0,0.0,0.0,0.0,0.0,0.0,0.13,0.0,0.0,0.0,0.0,0.0,0.0,0.13,0.0,1.25,0.25,66.7,2.13,0.25,0.13,0.0,2.1,0.34,-0.03,-0.03,20.6,3.5,31.5,55.9,32.4,44.4,12.4,31.5,55.9,32.4,44.4,12.4,10.3,0.63,6.1,0.25,0.25,32.4,44.4,12.4
Tim Ream,us USA,DF,Charlotte,36,1987,9,9,795,8.8,0.11,0.0,0.11,0.11,0.0,0.0,0.0,0.0,0.07,0.07,0.0,0.07,1.25,5.45,0.34,0.11,0.0,0.11,0.11,0.11,0.07,0.0,0.07,0.07,0.07,Matches,2024,8.8,51.0,15.3,28.9,6.36,59.0,16.4,31.9,9.66,86.5,93.8,90.4,65.9,1029.0,361.7,51.0,15.3,28.9,6.36,59.0,16.4,31.9,9.66,86.5,93.8,90.4,65.9,51.0,15.3,28.9,6.36,59.0,16.4,31.9,9.66,86.5,93.8,90.4,65.9,51.0,15.3,28.9,6.36,59.0,16.4,31.9,9.66,86.5,93.8,90.4,65.9,0.0,0.02,0.0,0.0,5.68,0.11,0.0,0.11,0.45,0.23,50.0,0.45,0.23,0.25,0.5,7.8,0.0,0.0,0.0,0.16,0.05,0.05,66.9,6.02,28.9,34.5,3.86,0.68,66.9,0.11,100.0,0.0,0.0,37.3,0.0,0.45,0.11,42.4,0.45,0.11,0.34,0.45,0.11,33.3,0.23,1.59,0.68,1.02,1.48,3.75,0.0,0.68,0.68,0.0,0.0,0.0,0.0,0.0,0.0,0.0,0.0,0.0,0.0,0.0,0.0,0.0,0.0,0.0,0.34,0.45,0.0,0.11,1.02,0.34,0.0,0.0,0.0,3.98,0.68,46.2,,,,,,,,,,,,,,,,,,,,,,,,,,,,
Federico Redondo,ar ARG,MF,Inter Miami,21,2003,16,14,1118,12.4,0.16,0.16,0.32,0.16,0.0,0.0,0.4,0.0,0.1,0.1,0.06,0.15,1.37,5.56,2.02,0.16,0.16,0.32,0.16,0.32,0.1,0.06,0.15,0.1,0.15,Matches,2024,12.4,60.8,29.6,24.8,4.76,68.2,32.3,26.9,5.97,89.1,91.8,91.9,79.7,1004.3,287.3,60.8,29.6,24.8,4.76,68.2,32.3,26.9,5.97,89.1,91.8,91.9,79.7,60.8,29.6,24.8,4.76,68.2,32.3,26.9,5.97,89.1,91.8,91.9,79.7,60.8,29.6,24.8,4.76,68.2,32.3,26.9,5.97,89.1,91.8,91.9,79.7,0.16,0.07,0.1,0.81,6.37,0.4,0.0,0.16,0.81,0.24,30.0,0.81,0.24,0.2,0.67,19.5,0.0,0.0,0.0,0.12,0.06,0.06,75.5,1.37,17.3,45.7,13.3,1.29,75.5,1.37,73.9,0.4,21.7,44.8,0.16,0.89,0.89,59.9,2.98,1.21,1.37,2.98,1.21,55.6,0.97,0.89,0.73,0.65,3.63,0.32,0.0,1.69,1.69,0.0,0.0,0.0,0.0,0.0,0.0,0.24,0.24,0.0,0.0,0.0,0.0,0.0,0.0,0.0,2.34,0.89,0.0,0.16,0.65,1.37,0.0,0.0,0.0,7.02,0.56,70.0,,,,,,,,,,,,,,,,,,,,,,,,,,,,
Jayden Reid,us USA,DF,St. Louis,22,2001,12,7,732,8.1,0.0,0.25,0.25,0.0,0.0,0.0,0.37,0.0,0.01,0.01,0.12,0.12,2.47,4.07,2.1,0.0,0.25,0.25,0.0,0.25,0.01,0.12,0.13,0.01,0.13,Matches,2024,8.1,34.6,16.4,15.7,1.98,44.3,18.8,18.8,4.32,78.0,87.5,83.6,45.7,585.6,218.5,34.6,16.4,15.7,1.98,44.3,18.8,18.8,4.32,78.0,87.5,83.6,45.7,34.6,16.4,15.7,1.98,44.3,18.8,18.8,4.32,78.0,87.5,83.6,45.7,34.6,16.4,15.7,1.98,44.3,18.8,18.8,4.32,78.0,87.5,83.6,45.7,0.25,0.1,0.12,0.74,2.96,1.6,0.99,0.0,0.37,0.12,33.3,0.37,0.12,0.0,0.0,27.4,0.0,0.0,0.0,0.02,-0.01,-0.01,56.0,4.07,17.9,28.9,10.6,0.37,56.0,1.48,75.0,0.49,25.0,25.7,0.12,0.74,0.74,30.5,1.98,0.74,0.99,1.98,0.74,60.0,0.49,1.85,1.73,1.48,3.46,2.59,0.0,2.96,2.95,0.37,0.12,0.12,0.12,0.0,0.0,0.62,0.61,0.37,0.12,0.12,0.12,0.0,0.0,0.0,1.36,1.11,0.0,2.96,1.48,0.99,0.0,0.0,0.12,4.07,0.62,35.7,,,,,,,,,,,,,,,,,,,,,,,,,,,,
Marco Reus,de GER,MF,LA Galaxy,34,1989,6,4,358,4.0,0.25,0.5,0.75,0.25,0.0,0.0,0.0,0.0,0.33,0.33,0.23,0.53,3.5,6.5,8.25,0.25,0.5,0.75,0.25,0.75,0.32,0.21,0.53,0.32,0.53,Matches,2024,4.0,54.5,36.8,13.5,2.0,63.0,38.8,15.3,4.25,86.5,94.8,88.5,47.1,716.8,163.8,54.5,36.8,13.5,2.0,63.0,38.8,15.3,4.25,86.5,94.8,88.5,47.1,54.5,36.8,13.5,2.0,63.0,38.8,15.3,4.25,86.5,94.8,88.5,47.1,54.5,36.8,13.5,2.0,63.0,38.8,15.3,4.25,86.5,94.8,88.5,47.1,0.5,0.23,0.28,2.75,5.75,1.5,0.0,0.25,1.5,0.75,50.0,1.51,0.75,0.17,0.33,17.6,0.5,0.0,0.0,0.25,-0.07,-0.07,70.8,0.5,7.0,34.0,30.5,3.75,70.8,1.0,40.0,1.25,50.0,47.5,0.75,1.5,0.75,56.8,0.5,0.25,0.5,0.5,0.25,16.7,1.25,0.25,0.25,1.0,1.5,0.25,0.0,6.25,6.28,0.25,0.0,0.25,0.0,0.25,0.0,0.75,0.75,0.25,0.0,0.25,0.0,0.25,0.0,0.0,1.0,1.25,0.25,2.0,1.0,0.5,0.0,0.0,0.0,3.0,0.25,33.3,,,,,,,,,,,,,,,,,,,,,,,,,,,,
Andrés Reyes,co COL,DF,NY Red Bulls,24,1999,23,18,1492,16.6,0.06,0.0,0.06,0.06,0.0,0.0,0.18,0.06,0.03,0.03,0.02,0.05,0.3,2.71,0.0,0.06,0.0,0.06,0.06,0.06,0.03,0.02,0.05,0.03,0.05,Matches,2024,16.6,35.2,10.9,19.9,4.1,43.7,12.3,23.1,7.29,80.7,88.7,85.9,56.2,699.6,256.9,35.2,10.9,19.9,4.1,43.7,12.3,23.1,7.29,80.7,88.7,85.9,56.2,35.2,10.9,19.9,4.1,43.7,12.3,23.1,7.29,80.7,88.7,85.9,56.2,35.2,10.9,19.9,4.1,43.7,12.3,23.1,7.29,80.7,88.7,85.9,56.2,0.0,0.01,-0.02,0.12,2.29,0.0,0.0,0.06,0.54,0.06,11.1,0.54,0.06,0.11,1.0,11.1,0.0,0.0,0.0,0.06,0.03,0.03,55.2,6.51,27.7,26.2,1.69,1.08,55.2,0.3,100.0,0.0,0.0,27.0,0.0,0.54,0.24,29.9,1.39,0.96,0.66,1.39,0.96,51.6,0.9,2.41,1.27,1.14,2.53,4.04,0.06,0.66,0.66,0.12,0.12,0.0,0.0,0.0,0.0,0.24,0.24,0.12,0.12,0.0,0.0,0.0,0.0,0.0,1.87,0.78,0.0,0.0,1.14,0.66,0.0,0.0,0.0,4.46,2.71,65.2,,,,,,,,,,,,,,,,,,,,,,,,,,,,
Justin Reynolds,us USA,DF,Chicago Fire,19,2004,8,1,224,2.5,0.0,0.0,0.0,0.0,0.0,0.0,0.0,0.0,0.08,0.08,0.08,0.16,2.8,1.6,6.8,0.0,0.0,0.0,0.0,0.0,0.09,0.07,0.15,0.09,0.15,Matches,2024,2.5,46.0,28.0,15.6,1.2,58.4,32.4,20.8,2.4,78.8,86.4,75.0,50.0,646.0,180.8,46.0,28.0,15.6,1.2,58.4,32.4,20.8,2.4,78.8,86.4,75.0,50.0,46.0,28.0,15.6,1.2,58.4,32.4,20.8,2.4,78.8,86.4,75.0,50.0,46.0,28.0,15.6,1.2,58.4,32.4,20.8,2.4,78.8,86.4,75.0,50.0,0.0,0.08,-0.08,0.8,2.0,0.8,0.8,0.0,1.2,0.4,33.3,1.21,0.4,0.0,0.0,14.7,0.0,0.0,0.0,0.07,-0.08,-0.08,68.0,1.6,14.0,28.4,25.6,1.6,68.0,0.8,25.0,2.0,62.5,40.8,0.4,1.2,1.2,46.8,0.8,0.4,0.0,0.8,0.4,50.0,0.4,1.6,1.2,2.0,2.8,0.0,0.0,1.2,1.21,0.0,0.0,0.0,0.0,0.0,0.0,0.0,0.0,0.0,0.0,0.0,0.0,0.0,0.0,0.0,2.0,2.0,0.0,6.8,2.0,0.0,0.0,0.0,0.0,3.2,2.0,62.5,,,,,,,,,,,,,,,,,,,,,,,,,,,,
Emanuel Reynoso,ar ARG,MF,Minnesota Utd,28,1995,1,0,31,0.3,0.0,0.0,0.0,0.0,0.0,0.0,0.0,0.0,0.0,0.0,0.0,0.0,3.33,10.0,23.3,0.0,0.0,0.0,0.0,0.0,0.0,0.0,0.0,0.0,0.0,Matches,2024,0.3,53.3,36.7,10.0,3.33,73.3,46.7,16.7,3.33,72.7,78.6,60.0,100.0,750.0,303.3,53.3,36.7,10.0,3.33,73.3,46.7,16.7,3.33,72.7,78.6,60.0,100.0,53.3,36.7,10.0,3.33,73.3,46.7,16.7,3.33,72.7,78.6,60.0,100.0,53.3,36.7,10.0,3.33,73.3,46.7,16.7,3.33,72.7,78.6,60.0,100.0,0.0,0.67,0.0,0.0,6.67,3.33,0.0,0.0,0.0,0.0,,0.0,0.0,,,,0.0,0.0,0.0,,0.0,0.0,90.0,0.0,10.0,16.7,63.3,6.67,90.0,6.67,100.0,0.0,0.0,66.7,3.33,3.33,3.33,83.3,3.33,0.0,3.33,3.33,0.0,,0.0,0.0,0.0,0.0,3.33,0.0,0.0,3.33,2.9,0.0,0.0,0.0,0.0,0.0,0.0,0.0,0.0,0.0,0.0,0.0,0.0,0.0,0.0,0.0,3.33,6.67,0.0,6.67,0.0,3.33,0.0,0.0,0.0,10.0,3.33,33.3,,,,,,,,,,,,,,,,,,,,,,,,,,,,
Spencer Richey,us USA,GK,Chicago Fire,31,1992,1,1,90,1.0,0.0,0.0,0.0,0.0,0.0,0.0,0.0,0.0,0.0,0.0,0.0,0.0,0.0,0.0,0.0,0.0,0.0,0.0,0.0,0.0,0.0,0.0,0.0,0.0,0.0,Matches,2024,1.0,18.0,6.0,5.0,7.0,30.0,6.0,5.0,19.0,60.0,100.0,100.0,36.8,443.0,332.0,18.0,6.0,5.0,7.0,30.0,6.0,5.0,19.0,60.0,100.0,100.0,36.8,18.0,6.0,5.0,7.0,30.0,6.0,5.0,19.0,60.0,100.0,100.0,36.8,18.0,6.0,5.0,7.0,30.0,6.0,5.0,19.0,60.0,100.0,100.0,36.8,0.0,0.0,0.0,0.0,0.0,0.0,0.0,0.0,0.0,0.0,,0.0,0.0,,,,0.0,0.0,0.0,,0.0,0.0,33.0,30.0,33.0,0.0,0.0,0.0,33.0,0.0,,0.0,,16.0,0.0,0.0,0.0,7.0,0.0,0.0,0.0,0.0,0.0,,0.0,0.0,0.0,0.0,0.0,1.0,1.0,0.0,0.0,0.0,0.0,0.0,0.0,0.0,0.0,0.0,0.0,0.0,0.0,0.0,0.0,0.0,0.0,0.0,0.0,0.0,0.0,0.0,0.0,0.0,0.0,0.0,0.0,3.0,0.0,,1.0,0.0,0.0,0.0,1.3,0.37,0.3,0.32,21.0,5.0,38.1,66.7,33.9,40.7,17.0,38.1,66.7,33.9,40.7,17.0,17.0,0.0,0.0,2.0,2.0,33.9,40.7,17.0
Will Richmond,us USA,FW,SJ Earthquakes,23,2000,1,0,2,0.0,0.0,0.0,0.0,0.0,0.0,0.0,0.0,0.0,0.0,0.0,0.0,0.0,0.0,0.0,1.0,0.0,0.0,0.0,0.0,0.0,0.28,0.0,0.28,0.28,0.28,Matches,2024,0.0,0.0,0.0,0.0,0.0,0.0,0.0,0.0,0.0,,,,,0.0,0.0,0.0,0.0,0.0,0.0,0.0,0.0,0.0,0.0,,,,,0.0,0.0,0.0,0.0,0.0,0.0,0.0,0.0,,,,,0.0,0.0,0.0,0.0,0.0,0.0,0.0,0.0,,,,,0.0,0.0,0.0,0.0,0.0,0.0,0.0,0.0,1.0,0.0,0.0,45.0,0.0,0.0,,12.8,0.0,0.0,0.0,0.01,0.0,0.0,1.0,0.0,0.0,0.0,1.0,1.0,1.0,0.0,,0.0,,1.0,0.0,0.0,0.0,2.0,0.0,0.0,0.0,0.0,0.0,,0.0,0.0,0.0,0.0,0.0,0.0,0.0,0.0,0.0,0.0,0.0,0.0,0.0,0.0,0.0,0.0,0.0,0.0,0.0,0.0,0.0,0.0,0.0,0.0,1.0,0.0,0.0,0.0,0.0,0.0,0.0,0.0,0.0,0.0,1.0,100.0,,,,,,,,,,,,,,,,,,,,,,,,,,,,
Andrew Rick,us USA,GK,Philadelphia Union,18,2006,6,6,540,6.0,0.0,0.0,0.0,0.0,0.0,0.0,0.0,0.0,0.0,0.0,0.0,0.0,0.0,0.17,0.0,0.0,0.0,0.0,0.0,0.0,0.0,0.0,0.0,0.0,0.0,Matches,2024,6.0,15.0,1.0,5.0,9.0,26.8,1.0,5.17,20.5,55.9,100.0,96.8,43.9,559.2,451.5,15.0,1.0,5.0,9.0,26.8,1.0,5.17,20.5,55.9,100.0,96.8,43.9,15.0,1.0,5.0,9.0,26.8,1.0,5.17,20.5,55.9,100.0,96.8,43.9,15.0,1.0,5.0,9.0,26.8,1.0,5.17,20.5,55.9,100.0,96.8,43.9,0.0,0.0,0.0,0.0,0.83,0.0,0.0,0.0,0.0,0.0,,0.0,0.0,,,,0.0,0.0,0.0,,0.0,0.0,29.5,24.2,29.2,0.33,0.0,0.0,29.5,0.0,,0.0,,12.3,0.0,0.0,0.0,8.83,0.17,0.17,0.0,0.17,0.17,100.0,0.0,0.0,0.0,0.0,0.17,0.67,0.0,0.0,0.0,0.0,0.0,0.0,0.0,0.0,0.0,0.0,0.0,0.0,0.0,0.0,0.0,0.0,0.0,0.0,0.0,0.0,0.0,0.0,0.0,0.0,0.0,0.0,0.0,0.33,0.33,100.0,2.0,0.0,0.17,0.17,1.82,0.34,-0.02,-0.02,18.2,3.0,61.5,78.4,44.0,49.5,17.8,61.5,78.4,44.0,49.5,17.8,13.0,0.5,3.8,1.0,1.0,44.0,49.5,17.8
Jamar Ricketts,us USA,MF,SJ Earthquakes,22,2001,1,0,35,0.4,0.0,0.0,0.0,0.0,0.0,0.0,0.0,0.0,0.0,0.0,0.0,0.0,0.0,0.0,2.5,0.0,0.0,0.0,0.0,0.0,0.0,0.0,0.0,0.0,0.0,Matches,2024,0.4,0.0,0.0,0.0,0.0,0.0,0.0,0.0,0.0,,,,,0.0,0.0,0.0,0.0,0.0,0.0,0.0,0.0,0.0,0.0,,,,,0.0,0.0,0.0,0.0,0.0,0.0,0.0,0.0,,,,,0.0,0.0,0.0,0.0,0.0,0.0,0.0,0.0,,,,,0.0,0.0,0.0,0.0,0.0,0.0,0.0,0.0,0.0,0.0,,0.0,0.0,,,,0.0,0.0,0.0,,0.0,0.0,17.5,7.5,10.0,2.5,5.0,0.0,17.5,2.5,50.0,2.5,50.0,7.5,0.0,5.0,0.0,5.0,5.0,2.5,5.0,5.0,2.5,33.3,5.0,0.0,0.0,0.0,5.0,5.0,0.0,0.0,0.0,0.0,0.0,0.0,0.0,0.0,0.0,0.0,0.0,0.0,0.0,0.0,0.0,0.0,0.0,0.0,0.0,2.5,0.0,0.0,0.0,5.0,0.0,0.0,0.0,2.5,0.0,,,,,,,,,,,,,,,,,,,,,,,,,,,,,
Kalani Rienzi,us USA,"DF,FW",Seattle Sounders,21,2002,1,0,13,0.1,0.0,0.0,0.0,0.0,0.0,0.0,10.0,0.0,0.0,0.0,0.0,0.0,0.0,0.0,20.0,0.0,0.0,0.0,0.0,0.0,0.0,0.0,0.0,0.0,0.0,Matches,2024,0.1,30.0,20.0,0.0,0.0,60.0,40.0,10.0,0.0,50.0,50.0,0.0,,230.0,140.0,30.0,20.0,0.0,0.0,60.0,40.0,10.0,0.0,50.0,50.0,0.0,,30.0,20.0,0.0,0.0,60.0,40.0,10.0,0.0,50.0,50.0,0.0,,30.0,20.0,0.0,0.0,60.0,40.0,10.0,0.0,50.0,50.0,0.0,,0.0,0.0,0.0,0.0,10.0,0.0,0.0,0.0,0.0,0.0,,0.0,0.0,,,,0.0,0.0,0.0,,0.0,0.0,100.0,10.0,60.0,30.0,10.0,0.0,100.0,0.0,,0.0,,40.0,0.0,10.0,0.0,40.0,20.0,20.0,0.0,20.0,20.0,66.7,10.0,0.0,0.0,0.0,20.0,10.0,0.0,10.0,6.92,0.0,0.0,0.0,0.0,0.0,0.0,0.0,0.0,0.0,0.0,0.0,0.0,0.0,0.0,0.0,10.0,0.0,0.0,0.0,0.0,0.0,0.0,0.0,0.0,20.0,10.0,100.0,,,,,,,,,,,,,,,,,,,,,,,,,,,,
Emiliano Rigoni,ar ARG,FW,Austin,30,1993,11,7,702,7.8,0.13,0.0,0.13,0.13,0.0,0.0,0.0,0.0,0.12,0.12,0.17,0.28,2.56,2.82,6.92,0.13,0.0,0.13,0.13,0.13,0.11,0.16,0.28,0.11,0.28,Matches,2024,7.8,21.0,9.62,8.33,2.44,29.5,11.8,10.8,4.87,71.3,81.5,77.4,50.0,378.7,107.9,21.0,9.62,8.33,2.44,29.5,11.8,10.8,4.87,71.3,81.5,77.4,50.0,21.0,9.62,8.33,2.44,29.5,11.8,10.8,4.87,71.3,81.5,77.4,50.0,21.0,9.62,8.33,2.44,29.5,11.8,10.8,4.87,71.3,81.5,77.4,50.0,0.0,0.13,-0.17,1.41,0.9,1.41,0.64,0.13,1.54,0.38,25.0,1.54,0.38,0.08,0.33,19.7,0.13,0.0,0.0,0.07,0.01,0.01,39.1,2.05,6.54,11.0,21.5,2.44,39.1,0.77,31.6,1.41,57.9,21.2,0.64,1.54,0.26,24.0,1.03,0.77,0.51,1.03,0.77,60.0,0.51,1.28,0.64,0.51,1.54,1.28,0.0,2.69,2.69,0.13,0.0,0.0,0.0,0.0,0.0,0.0,0.0,0.13,0.0,0.0,0.0,0.0,0.0,0.0,1.54,0.64,0.26,6.54,0.51,0.51,0.0,0.0,0.0,3.08,0.77,28.6,,,,,,,,,,,,,,,,,,,,,,,,,,,,
Alexander Ring,fi FIN,MF,Austin,32,1991,34,29,2596,28.8,0.07,0.14,0.21,0.03,0.03,0.03,0.17,0.0,0.11,0.09,0.11,0.19,0.87,5.28,3.37,0.07,0.14,0.21,0.03,0.17,0.12,0.11,0.22,0.09,0.19,Matches,2024,28.8,36.8,16.7,15.0,4.27,46.6,19.0,17.3,8.09,79.0,88.1,86.7,52.8,661.9,200.8,36.8,16.7,15.0,4.27,46.6,19.0,17.3,8.09,79.0,88.1,86.7,52.8,36.8,16.7,15.0,4.27,46.6,19.0,17.3,8.09,79.0,88.1,86.7,52.8,36.8,16.7,15.0,4.27,46.6,19.0,17.3,8.09,79.0,88.1,86.7,52.8,0.14,0.1,0.03,1.18,4.2,0.73,0.1,0.07,1.15,0.35,30.3,1.14,0.35,0.03,0.1,19.5,0.1,0.03,0.03,0.08,-0.05,-0.05,55.2,3.13,13.8,28.0,14.0,1.74,55.2,0.28,33.3,0.56,66.7,25.2,0.35,0.73,0.76,36.0,1.67,0.52,0.97,1.67,0.52,23.4,1.7,1.15,0.56,1.08,2.74,1.6,0.03,2.15,2.15,0.03,0.0,0.03,0.0,0.03,0.03,0.42,0.42,0.03,0.0,0.03,0.0,0.03,0.03,0.0,1.46,0.59,0.03,3.33,1.08,0.97,0.0,0.1,0.0,4.62,0.49,56.0,,,,,,,,,,,,,,,,,,,,,,,,,,,,
Birk Risa,no NOR,DF,NYCFC,25,1998,29,25,2155,23.9,0.0,0.0,0.0,0.0,0.0,0.0,0.08,0.0,0.01,0.01,0.01,0.02,0.21,3.43,0.08,0.0,0.0,0.0,0.0,0.0,0.01,0.01,0.02,0.01,0.02,Matches,2024,23.9,46.7,14.3,27.0,4.94,54.9,15.4,28.7,9.79,85.0,93.2,94.3,50.4,945.0,357.5,46.7,14.3,27.0,4.94,54.9,15.4,28.7,9.79,85.0,93.2,94.3,50.4,46.7,14.3,27.0,4.94,54.9,15.4,28.7,9.79,85.0,93.2,94.3,50.4,46.7,14.3,27.0,4.94,54.9,15.4,28.7,9.79,85.0,93.2,94.3,50.4,0.0,0.03,-0.01,0.08,2.76,0.17,0.0,0.0,0.25,0.08,33.3,0.25,0.08,0.0,0.0,22.2,0.08,0.0,0.0,0.04,-0.01,-0.01,62.3,6.28,32.0,29.7,0.92,0.21,62.3,0.04,33.3,0.04,33.3,36.2,0.0,0.38,0.08,44.4,0.75,0.5,0.5,0.75,0.5,60.0,0.33,1.0,0.21,0.79,1.55,3.64,0.13,0.42,0.42,0.0,0.0,0.0,0.0,0.04,0.0,0.0,0.0,0.0,0.0,0.0,0.0,0.04,0.0,0.0,0.71,0.79,0.04,0.04,0.79,0.5,0.0,0.0,0.0,2.55,1.46,50.7,,,,,,,,,,,,,,,,,,,,,,,,,,,,
Miles Robinson,us USA,DF,FC Cincinnati,26,1997,25,25,2229,24.8,0.04,0.0,0.04,0.04,0.0,0.0,0.2,0.04,0.02,0.02,0.05,0.08,0.52,4.27,0.16,0.04,0.0,0.04,0.04,0.04,0.03,0.05,0.08,0.03,0.08,Matches,2024,24.8,53.9,15.0,33.8,4.84,62.1,16.3,36.5,7.94,86.8,91.6,92.5,60.9,1079.4,449.6,53.9,15.0,33.8,4.84,62.1,16.3,36.5,7.94,86.8,91.6,92.5,60.9,53.9,15.0,33.8,4.84,62.1,16.3,36.5,7.94,86.8,91.6,92.5,60.9,53.9,15.0,33.8,4.84,62.1,16.3,36.5,7.94,86.8,91.6,92.5,60.9,0.0,0.04,-0.05,0.32,3.67,0.28,0.0,0.04,0.32,0.04,12.5,0.32,0.04,0.13,1.0,11.4,0.0,0.0,0.0,0.08,0.02,0.02,71.2,6.9,34.7,34.0,2.9,0.81,71.2,0.12,60.0,0.08,40.0,41.6,0.04,0.32,0.12,47.3,1.94,0.89,1.37,1.94,0.89,78.6,0.24,1.17,0.69,1.13,3.06,3.71,0.0,0.81,0.81,0.0,0.0,0.04,0.0,0.08,0.0,0.12,0.12,0.0,0.0,0.04,0.0,0.08,0.0,0.0,0.85,0.65,0.04,0.04,1.13,1.37,0.0,0.04,0.0,3.91,3.1,72.6,,,,,,,,,,,,,,,,,,,,,,,,,,,,
Stian Rode Gregersen,no NOR,DF,Atlanta Utd,28,1995,23,20,1761,19.6,0.1,0.0,0.1,0.1,0.0,0.0,0.46,0.05,0.05,0.05,0.03,0.08,0.56,2.81,0.05,0.1,0.0,0.1,0.1,0.1,0.05,0.02,0.08,0.05,0.08,Matches,2024,19.6,40.3,14.4,21.7,3.83,45.8,14.7,22.9,7.3,88.1,97.6,95.1,52.4,769.4,283.4,40.3,14.4,21.7,3.83,45.8,14.7,22.9,7.3,88.1,97.6,95.1,52.4,40.3,14.4,21.7,3.83,45.8,14.7,22.9,7.3,88.1,97.6,95.1,52.4,40.3,14.4,21.7,3.83,45.8,14.7,22.9,7.3,88.1,97.6,95.1,52.4,0.0,0.04,-0.03,0.15,2.65,0.15,0.0,0.1,0.56,0.31,54.5,0.56,0.31,0.18,0.33,9.1,0.0,0.0,0.0,0.1,0.05,0.05,55.6,6.12,29.7,24.1,2.19,1.07,55.6,0.0,0.0,0.1,100.0,31.4,0.1,0.15,0.1,38.0,1.99,0.97,1.22,1.99,0.97,65.5,0.51,1.48,0.61,0.92,2.91,4.08,0.05,0.77,0.77,0.0,0.0,0.1,0.0,0.05,0.0,0.05,0.05,0.0,0.0,0.1,0.0,0.05,0.0,0.05,1.48,1.17,0.05,0.05,0.92,1.22,0.05,0.05,0.0,3.88,1.68,67.3,,,,,,,,,,,,,,,,,,,,,,,,,,,,
Rodrigues,br BRA,DF,SJ Earthquakes,26,1997,31,31,2758,30.6,0.1,0.03,0.13,0.1,0.0,0.0,0.1,0.0,0.12,0.12,0.02,0.14,1.01,3.24,0.16,0.1,0.03,0.13,0.1,0.13,0.12,0.02,0.14,0.12,0.14,Matches,2024,30.6,42.8,12.5,23.9,5.92,50.3,14.0,26.0,8.76,85.2,89.0,91.8,67.5,883.0,342.0,42.8,12.5,23.9,5.92,50.3,14.0,26.0,8.76,85.2,89.0,91.8,67.5,42.8,12.5,23.9,5.92,50.3,14.0,26.0,8.76,85.2,89.0,91.8,67.5,42.8,12.5,23.9,5.92,50.3,14.0,26.0,8.76,85.2,89.0,91.8,67.5,0.03,0.02,0.01,0.26,2.39,0.1,0.0,0.1,0.78,0.26,33.3,0.78,0.26,0.13,0.38,9.9,0.0,0.0,0.0,0.15,-0.02,-0.02,62.8,12.4,38.0,23.1,2.35,1.31,62.8,0.85,72.2,0.29,25.0,38.2,0.03,0.98,0.36,40.3,1.86,1.31,1.05,1.86,1.31,53.3,1.14,1.31,0.52,1.47,3.33,4.61,0.03,0.78,0.78,0.03,0.0,0.0,0.0,0.03,0.0,0.07,0.07,0.03,0.0,0.0,0.0,0.03,0.0,0.0,0.33,1.08,0.03,0.16,1.47,1.05,0.0,0.03,0.0,5.85,1.83,58.3,,,,,,,,,,,,,,,,,,,,,,,,,,,,
Jonathan Rodríguez,uy URU,FW,Portland Timbers,30,1993,29,27,2427,27.0,0.59,0.19,0.78,0.56,0.04,0.04,0.26,0.0,0.46,0.43,0.2,0.63,2.74,2.3,8.15,0.59,0.19,0.78,0.56,0.74,0.46,0.2,0.66,0.43,0.63,Matches,2024,27.0,19.9,10.4,7.67,1.15,27.1,13.1,9.89,1.7,73.5,79.4,77.5,67.4,311.1,57.2,19.9,10.4,7.67,1.15,27.1,13.1,9.89,1.7,73.5,79.4,77.5,67.4,19.9,10.4,7.67,1.15,27.1,13.1,9.89,1.7,73.5,79.4,77.5,67.4,19.9,10.4,7.67,1.15,27.1,13.1,9.89,1.7,73.5,79.4,77.5,67.4,0.19,0.14,-0.01,1.19,1.07,0.74,0.11,0.59,3.44,1.48,43.0,3.45,1.48,0.16,0.38,14.5,0.04,0.04,0.04,0.13,0.13,0.12,38.4,0.74,2.85,15.9,20.2,6.74,38.3,0.93,43.9,1.04,49.1,23.1,1.3,2.67,1.3,28.7,0.7,0.3,0.44,0.7,0.3,36.4,0.52,0.56,0.52,0.22,0.93,0.89,0.0,2.93,2.93,0.41,0.04,0.07,0.04,0.04,0.04,0.44,0.44,0.41,0.04,0.07,0.04,0.04,0.04,0.0,1.15,0.81,0.89,0.85,0.22,0.44,0.04,0.0,0.0,2.78,2.04,59.8,,,,,,,,,,,,,,,,,,,,,,,,,,,,
Martín Rodríguez,cl CHI,MF,D.C. United,29,1994,25,12,1257,14.0,0.14,0.14,0.29,0.14,0.0,0.0,0.36,0.0,0.06,0.06,0.08,0.14,0.93,5.07,2.86,0.14,0.14,0.29,0.14,0.29,0.06,0.08,0.14,0.06,0.14,Matches,2024,14.0,45.1,22.7,16.0,4.57,53.2,25.1,18.2,6.29,84.7,90.3,87.8,72.7,740.1,173.6,45.1,22.7,16.0,4.57,53.2,25.1,18.2,6.29,84.7,90.3,87.8,72.7,45.1,22.7,16.0,4.57,53.2,25.1,18.2,6.29,84.7,90.3,87.8,72.7,45.1,22.7,16.0,4.57,53.2,25.1,18.2,6.29,84.7,90.3,87.8,72.7,0.14,0.11,0.06,1.29,4.29,0.86,0.36,0.14,0.57,0.21,37.5,0.57,0.21,0.25,0.67,21.2,0.07,0.0,0.0,0.11,0.09,0.09,65.2,2.14,12.2,39.1,14.5,1.14,65.2,0.86,37.5,1.43,62.5,39.9,0.0,1.64,1.07,42.4,2.5,1.36,1.5,2.5,1.36,54.3,1.14,1.07,0.93,1.71,4.21,1.29,0.07,2.36,2.36,0.0,0.0,0.0,0.0,0.14,0.07,0.43,0.43,0.0,0.0,0.0,0.0,0.14,0.07,0.0,1.14,0.93,0.07,1.86,1.71,1.5,0.0,0.0,0.0,5.93,0.43,28.6,,,,,,,,,,,,,,,,,,,,,,,,,,,,
Memo Rodriguez,us USA,MF,Sporting KC,28,1995,26,18,1615,17.9,0.11,0.28,0.39,0.11,0.0,0.0,0.39,0.0,0.06,0.06,0.17,0.23,0.84,6.2,1.96,0.11,0.28,0.39,0.11,0.39,0.06,0.17,0.23,0.06,0.23,Matches,2024,17.9,41.9,18.6,16.2,6.42,53.0,20.6,19.7,11.1,79.0,90.2,82.2,58.1,812.3,267.9,41.9,18.6,16.2,6.42,53.0,20.6,19.7,11.1,79.0,90.2,82.2,58.1,41.9,18.6,16.2,6.42,53.0,20.6,19.7,11.1,79.0,90.2,82.2,58.1,41.9,18.6,16.2,6.42,53.0,20.6,19.7,11.1,79.0,90.2,82.2,58.1,0.28,0.22,0.11,2.07,5.7,1.01,0.11,0.11,1.68,0.39,23.3,1.67,0.39,0.07,0.29,25.6,0.11,0.0,0.0,0.04,0.05,0.05,62.1,0.67,7.93,33.6,21.1,0.67,62.1,0.5,47.4,0.45,42.1,34.0,0.11,0.89,0.5,42.4,2.79,1.28,1.34,2.79,1.28,45.1,1.56,0.95,0.84,1.17,3.97,0.56,0.0,4.69,4.68,0.22,0.0,0.22,0.0,0.17,0.0,0.39,0.39,0.22,0.0,0.22,0.0,0.17,0.0,0.0,1.68,1.34,0.11,4.97,1.17,1.34,0.06,0.0,0.0,4.58,0.45,47.1,,,,,,,,,,,,,,,,,,,,,,,,,,,,
Santiago Rodríguez,uy URU,"FW,MF",NYCFC,24,2000,32,32,2792,31.0,0.39,0.19,0.58,0.26,0.13,0.13,0.26,0.0,0.35,0.25,0.3,0.55,3.16,7.32,6.0,0.39,0.19,0.58,0.26,0.45,0.35,0.3,0.65,0.25,0.55,Matches,2024,31.0,41.4,21.0,14.3,4.65,54.0,23.9,18.2,8.13,76.6,88.0,78.7,57.1,689.9,221.2,41.4,21.0,14.3,4.65,54.0,23.9,18.2,8.13,76.6,88.0,78.7,57.1,41.4,21.0,14.3,4.65,54.0,23.9,18.2,8.13,76.6,88.0,78.7,57.1,41.4,21.0,14.3,4.65,54.0,23.9,18.2,8.13,76.6,88.0,78.7,57.1,0.19,0.28,-0.11,2.32,4.87,2.74,0.29,0.39,2.81,0.9,32.2,2.8,0.9,0.09,0.29,21.7,0.42,0.13,0.13,0.09,0.04,0.01,68.2,0.32,4.06,33.8,31.7,3.48,68.1,2.74,47.2,2.61,45.0,42.0,0.9,3.23,2.32,51.2,1.39,0.52,1.0,1.39,0.52,39.0,0.81,0.87,0.84,0.45,1.84,0.26,0.03,5.35,5.35,0.55,0.16,0.35,0.1,0.03,0.0,0.68,0.68,0.55,0.16,0.35,0.1,0.03,0.0,0.0,2.0,2.55,0.26,4.71,0.45,1.0,0.03,0.0,0.0,4.65,0.42,34.2,,,,,,,,,,,,,,,,,,,,,,,,,,,,
Matías Rojas,py PAR,"MF,FW",Inter Miami,28,1995,14,9,802,8.9,0.45,0.22,0.67,0.45,0.0,0.0,0.11,0.0,0.16,0.16,0.17,0.34,1.01,5.17,5.17,0.45,0.22,0.67,0.45,0.67,0.16,0.17,0.33,0.16,0.33,Matches,2024,8.9,36.5,19.4,11.9,3.6,46.5,21.5,15.4,5.62,78.5,90.6,77.4,64.0,607.3,182.7,36.5,19.4,11.9,3.6,46.5,21.5,15.4,5.62,78.5,90.6,77.4,64.0,36.5,19.4,11.9,3.6,46.5,21.5,15.4,5.62,78.5,90.6,77.4,64.0,36.5,19.4,11.9,3.6,46.5,21.5,15.4,5.62,78.5,90.6,77.4,64.0,0.22,0.13,0.06,1.01,4.94,0.79,0.0,0.45,2.02,1.01,50.0,2.02,1.01,0.22,0.44,27.3,0.45,0.0,0.0,0.08,0.29,0.29,55.4,0.56,8.31,31.9,15.6,1.12,55.4,0.22,33.3,0.34,50.0,35.4,0.0,1.69,0.67,45.8,1.8,0.56,1.01,1.8,0.56,38.5,0.9,1.24,1.12,0.56,2.36,0.22,0.0,2.92,2.92,0.11,0.11,0.11,0.0,0.11,0.0,0.56,0.56,0.11,0.11,0.11,0.0,0.11,0.0,0.0,1.01,1.12,0.0,1.8,0.56,1.01,0.0,0.0,0.0,3.03,0.11,20.0,,,,,,,,,,,,,,,,,,,,,,,,,,,,
Alex Roldan,sv SLV,DF,Seattle Sounders,27,1996,29,27,2284,25.4,0.04,0.0,0.04,0.04,0.0,0.0,0.04,0.04,0.06,0.06,0.03,0.09,1.77,5.12,4.72,0.04,0.0,0.04,0.04,0.04,0.06,0.03,0.09,0.06,0.09,Matches,2024,25.4,54.7,27.5,21.1,5.31,66.4,29.8,25.0,8.94,82.3,92.2,84.5,59.5,932.8,266.9,54.7,27.5,21.1,5.31,66.4,29.8,25.0,8.94,82.3,92.2,84.5,59.5,54.7,27.5,21.1,5.31,66.4,29.8,25.0,8.94,82.3,92.2,84.5,59.5,54.7,27.5,21.1,5.31,66.4,29.8,25.0,8.94,82.3,92.2,84.5,59.5,0.0,0.08,-0.03,0.67,3.78,1.06,0.16,0.04,0.75,0.08,10.5,0.75,0.08,0.05,0.5,21.5,0.04,0.0,0.0,0.08,-0.02,-0.02,76.9,3.31,20.0,35.0,22.6,0.94,76.9,0.87,53.7,0.63,39.0,42.4,0.2,1.38,0.98,50.8,1.77,0.94,1.26,1.77,0.94,53.3,0.83,1.61,1.18,0.91,2.68,2.09,0.04,2.17,2.17,0.16,0.0,0.08,0.0,0.0,0.0,0.12,0.12,0.16,0.0,0.08,0.0,0.0,0.0,0.0,0.79,1.14,0.12,2.87,0.91,1.26,0.0,0.0,0.0,4.76,1.02,52.0,,,,,,,,,,,,,,,,,,,,,,,,,,,,
Cristian Roldan,us USA,"MF,FW",Seattle Sounders,28,1995,33,32,2839,31.5,0.03,0.03,0.06,0.03,0.0,0.0,0.06,0.0,0.08,0.08,0.1,0.18,1.52,6.67,5.62,0.03,0.03,0.06,0.03,0.06,0.08,0.1,0.18,0.08,0.18,Matches,2024,31.5,48.1,22.8,19.0,4.98,59.1,25.6,22.1,7.9,81.5,89.2,85.9,63.1,839.0,266.3,48.1,22.8,19.0,4.98,59.1,25.6,22.1,7.9,81.5,89.2,85.9,63.1,48.1,22.8,19.0,4.98,59.1,25.6,22.1,7.9,81.5,89.2,85.9,63.1,48.1,22.8,19.0,4.98,59.1,25.6,22.1,7.9,81.5,89.2,85.9,63.1,0.03,0.16,-0.07,1.08,5.87,1.52,0.25,0.03,0.95,0.19,20.0,0.95,0.19,0.03,0.17,19.1,0.0,0.0,0.0,0.09,-0.05,-0.05,68.7,1.9,12.5,36.1,20.7,2.32,68.7,0.83,48.1,0.83,48.1,39.1,0.38,1.56,1.17,50.3,2.25,1.24,1.43,2.25,1.24,60.9,0.79,1.37,1.11,0.76,3.02,1.21,0.0,3.08,3.08,0.1,0.0,0.13,0.03,0.03,0.0,0.32,0.32,0.1,0.0,0.13,0.03,0.03,0.0,0.0,0.57,1.56,0.1,2.6,0.76,1.43,0.0,0.0,0.0,6.73,1.3,58.6,,,,,,,,,,,,,,,,,,,,,,,,,,,,
Kage Romanshyn,us USA,FW,Minnesota Utd,18,2005,1,0,12,0.1,0.0,0.0,0.0,0.0,0.0,0.0,0.0,0.0,0.0,0.0,0.0,0.0,0.0,0.0,0.0,0.0,0.0,0.0,0.0,0.0,0.0,0.0,0.0,0.0,0.0,Matches,2024,0.1,30.0,20.0,0.0,0.0,50.0,20.0,0.0,10.0,60.0,100.0,,0.0,210.0,50.0,30.0,20.0,0.0,0.0,50.0,20.0,0.0,10.0,60.0,100.0,,0.0,30.0,20.0,0.0,0.0,50.0,20.0,0.0,10.0,60.0,100.0,,0.0,30.0,20.0,0.0,0.0,50.0,20.0,0.0,10.0,60.0,100.0,,0.0,0.0,0.0,0.0,0.0,0.0,0.0,0.0,0.0,0.0,0.0,,0.0,0.0,,,,0.0,0.0,0.0,,0.0,0.0,60.0,0.0,10.0,40.0,10.0,0.0,60.0,0.0,,0.0,,20.0,0.0,0.0,0.0,30.0,0.0,0.0,0.0,0.0,0.0,,0.0,0.0,0.0,0.0,0.0,0.0,0.0,10.0,7.5,0.0,0.0,0.0,0.0,0.0,0.0,0.0,0.0,0.0,0.0,0.0,0.0,0.0,0.0,0.0,10.0,0.0,0.0,0.0,0.0,0.0,0.0,0.0,0.0,10.0,0.0,,,,,,,,,,,,,,,,,,,,,,,,,,,,,
Abraham Romero,mx MEX,GK,Columbus Crew,25,1998,2,2,134,1.5,0.0,0.0,0.0,0.0,0.0,0.0,0.0,0.67,0.0,0.0,0.0,0.0,0.0,0.0,0.0,0.0,0.0,0.0,0.0,0.0,0.0,0.0,0.0,0.0,0.0,Matches,2024,1.5,19.3,5.33,9.33,4.67,23.3,5.33,9.33,8.67,82.9,100.0,100.0,53.8,419.3,296.0,19.3,5.33,9.33,4.67,23.3,5.33,9.33,8.67,82.9,100.0,100.0,53.8,19.3,5.33,9.33,4.67,23.3,5.33,9.33,8.67,82.9,100.0,100.0,53.8,19.3,5.33,9.33,4.67,23.3,5.33,9.33,8.67,82.9,100.0,100.0,53.8,0.0,0.0,0.0,0.0,0.0,0.0,0.0,0.0,0.0,0.0,,0.0,0.0,,,,0.0,0.0,0.0,,0.0,0.0,24.0,22.7,24.0,0.0,0.0,0.0,24.0,0.0,,0.0,,18.0,0.0,0.0,0.0,17.3,0.0,0.0,0.0,0.0,0.0,,0.0,0.0,0.0,0.0,0.0,0.0,0.0,0.0,0.0,0.0,0.0,0.0,0.0,0.0,0.0,0.0,0.0,0.0,0.0,0.0,0.0,0.0,0.0,0.0,0.67,0.0,0.0,0.0,0.0,0.0,0.0,0.0,0.0,3.33,0.0,,0.0,0.0,0.0,0.0,0.27,0.13,0.27,0.27,21.3,1.33,12.5,66.7,24.3,52.3,13.7,12.5,66.7,24.3,52.3,13.7,4.67,0.0,0.0,0.67,0.67,24.3,52.3,13.7
David Romney,us USA,DF,NE Revolution,30,1993,27,24,2218,24.6,0.0,0.0,0.0,0.0,0.0,0.0,0.04,0.0,0.02,0.02,0.0,0.02,0.16,2.4,0.24,0.0,0.0,0.0,0.0,0.0,0.02,0.0,0.02,0.02,0.02,Matches,2024,24.6,51.4,14.7,30.5,5.98,59.5,16.6,33.0,8.9,86.3,88.3,92.3,67.1,1033.5,371.9,51.4,14.7,30.5,5.98,59.5,16.6,33.0,8.9,86.3,88.3,92.3,67.1,51.4,14.7,30.5,5.98,59.5,16.6,33.0,8.9,86.3,88.3,92.3,67.1,51.4,14.7,30.5,5.98,59.5,16.6,33.0,8.9,86.3,88.3,92.3,67.1,0.0,0.01,0.0,0.08,2.28,0.0,0.0,0.0,0.28,0.12,42.9,0.28,0.12,0.0,0.0,12.3,0.0,0.0,0.0,0.07,-0.02,-0.02,70.8,13.5,44.2,25.3,1.5,0.65,70.8,0.08,100.0,0.0,0.0,34.5,0.0,0.12,0.04,47.0,1.1,0.65,0.45,1.1,0.65,66.7,0.33,1.91,0.69,0.69,1.79,6.14,0.0,0.41,0.41,0.0,0.0,0.0,0.0,0.0,0.0,0.04,0.04,0.0,0.0,0.0,0.0,0.0,0.0,0.0,0.61,0.41,0.0,0.16,0.69,0.45,0.0,0.04,0.0,3.37,2.56,58.3,,,,,,,,,,,,,,,,,,,,,,,,,,,,
Connor Ronan,ie IRL,MF,Colorado Rapids,25,1998,26,21,1809,20.1,0.05,0.05,0.1,0.05,0.0,0.0,0.1,0.0,0.01,0.01,0.08,0.09,1.74,10.1,2.29,0.05,0.05,0.1,0.05,0.1,0.01,0.08,0.09,0.01,0.09,Matches,2024,20.1,65.0,30.4,25.8,7.06,78.2,33.3,29.4,11.9,83.2,91.5,87.6,59.4,1117.7,413.1,65.0,30.4,25.8,7.06,78.2,33.3,29.4,11.9,83.2,91.5,87.6,59.4,65.0,30.4,25.8,7.06,78.2,33.3,29.4,11.9,83.2,91.5,87.6,59.4,65.0,30.4,25.8,7.06,78.2,33.3,29.4,11.9,83.2,91.5,87.6,59.4,0.05,0.14,-0.03,0.85,10.2,1.09,0.3,0.05,0.5,0.25,50.0,0.5,0.25,0.1,0.2,26.5,0.0,0.0,0.0,0.02,0.04,0.04,86.3,1.89,15.5,52.0,19.6,0.45,86.3,0.6,44.4,0.7,51.9,54.1,0.1,1.44,0.65,64.4,1.79,1.09,0.9,1.79,1.09,39.3,1.69,1.04,0.85,1.24,3.03,0.95,0.0,2.34,2.34,0.0,0.0,0.0,0.0,0.0,0.0,0.15,0.15,0.0,0.0,0.0,0.0,0.0,0.0,0.0,0.75,0.45,0.05,3.63,1.24,0.9,0.0,0.05,0.0,6.22,0.25,62.5,,,,,,,,,,,,,,,,,,,,,,,,,,,,
Joseph Rosales,hn HON,"DF,MF",Minnesota Utd,23,2000,30,26,2399,26.7,0.0,0.26,0.26,0.0,0.0,0.04,0.26,0.04,0.1,0.07,0.3,0.36,3.26,3.41,6.63,0.0,0.26,0.26,0.0,0.26,0.1,0.3,0.39,0.07,0.36,Matches,2024,26.7,37.8,19.8,12.7,4.42,54.3,22.5,17.5,10.9,69.5,87.7,73.0,40.5,644.4,235.9,37.8,19.8,12.7,4.42,54.3,22.5,17.5,10.9,69.5,87.7,73.0,40.5,37.8,19.8,12.7,4.42,54.3,22.5,17.5,10.9,69.5,87.7,73.0,40.5,37.8,19.8,12.7,4.42,54.3,22.5,17.5,10.9,69.5,87.7,73.0,40.5,0.26,0.26,-0.03,2.25,2.43,1.39,0.56,0.0,1.35,0.52,38.9,1.35,0.53,0.0,0.0,24.3,0.15,0.0,0.04,0.05,-0.1,-0.07,67.6,2.96,19.1,26.1,23.7,2.21,67.6,1.87,60.2,1.16,37.3,33.3,0.75,2.21,1.27,33.9,2.77,1.54,1.69,2.77,1.54,63.1,0.9,1.09,0.94,1.99,4.76,1.91,0.0,3.9,3.9,0.19,0.0,0.07,0.0,0.04,0.0,0.52,0.53,0.19,0.0,0.07,0.0,0.04,0.0,0.04,2.13,0.64,0.15,7.15,1.99,1.69,0.0,0.0,0.0,8.01,0.82,40.7,,,,,,,,,,,,,,,,,,,,,,,,,,,,
Keegan Rosenberry,us USA,DF,Colorado Rapids,30,1993,31,29,2623,29.1,0.0,0.03,0.03,0.0,0.0,0.0,0.03,0.0,0.03,0.03,0.08,0.11,1.13,4.78,4.57,0.0,0.03,0.03,0.0,0.03,0.03,0.08,0.11,0.03,0.11,Matches,2024,29.1,42.9,20.2,17.3,4.6,57.9,23.0,21.8,10.3,74.1,87.9,79.4,44.7,761.3,299.2,42.9,20.2,17.3,4.6,57.9,23.0,21.8,10.3,74.1,87.9,79.4,44.7,42.9,20.2,17.3,4.6,57.9,23.0,21.8,10.3,74.1,87.9,79.4,44.7,42.9,20.2,17.3,4.6,57.9,23.0,21.8,10.3,74.1,87.9,79.4,44.7,0.03,0.13,-0.04,0.58,4.33,0.86,0.45,0.0,0.55,0.1,18.8,0.55,0.1,0.0,0.0,19.5,0.0,0.0,0.0,0.05,-0.03,-0.03,67.2,3.54,18.8,32.6,16.2,0.96,67.2,0.21,37.5,0.31,56.3,32.3,0.03,0.62,0.34,38.6,1.2,0.86,0.76,1.2,0.86,65.8,0.45,1.31,0.76,1.41,2.61,2.82,0.0,1.34,1.34,0.0,0.0,0.03,0.0,0.0,0.0,0.1,0.1,0.0,0.0,0.03,0.0,0.0,0.0,0.0,0.27,0.27,0.0,1.72,1.41,0.76,0.0,0.03,0.0,3.78,1.24,61.0,,,,,,,,,,,,,,,,,,,,,,,,,,,,
Daniel Rosero,co COL,DF,Sporting KC,30,1993,23,22,1891,21.0,0.1,0.0,0.1,0.1,0.0,0.0,0.24,0.0,0.08,0.08,0.0,0.08,0.0,2.33,0.19,0.1,0.0,0.1,0.1,0.1,0.07,0.0,0.08,0.07,0.08,Matches,2024,21.0,45.2,13.3,25.3,6.19,52.0,15.0,26.7,8.9,86.8,88.6,94.7,69.5,928.9,334.4,45.2,13.3,25.3,6.19,52.0,15.0,26.7,8.9,86.8,88.6,94.7,69.5,45.2,13.3,25.3,6.19,52.0,15.0,26.7,8.9,86.8,88.6,94.7,69.5,45.2,13.3,25.3,6.19,52.0,15.0,26.7,8.9,86.8,88.6,94.7,69.5,0.0,0.01,-0.0,0.1,2.05,0.05,0.0,0.1,0.48,0.14,30.0,0.48,0.14,0.2,0.67,7.7,0.0,0.0,0.0,0.16,0.02,0.02,62.1,9.33,35.6,25.5,1.43,1.0,62.1,0.38,72.7,0.1,18.2,34.0,0.05,0.67,0.29,40.2,1.19,0.52,0.86,1.19,0.52,61.1,0.33,1.0,0.38,1.14,2.33,4.52,0.05,0.33,0.33,0.0,0.0,0.0,0.0,0.0,0.0,0.0,0.0,0.0,0.0,0.0,0.0,0.0,0.0,0.0,1.38,0.95,0.0,0.05,1.14,0.86,0.0,0.0,0.0,4.71,1.9,67.8,,,,,,,,,,,,,,,,,,,,,,,,,,,,
Diego Rossi,uy URU,"MF,FW",Columbus Crew,25,1998,34,30,2627,29.2,0.41,0.24,0.65,0.38,0.03,0.07,0.1,0.0,0.4,0.34,0.19,0.53,2.64,4.55,7.57,0.41,0.24,0.65,0.38,0.62,0.4,0.19,0.59,0.34,0.53,Matches,2024,29.2,32.0,17.9,10.7,2.02,39.9,19.5,13.1,4.49,80.1,91.6,81.7,45.0,481.4,125.6,32.0,17.9,10.7,2.02,39.9,19.5,13.1,4.49,80.1,91.6,81.7,45.0,32.0,17.9,10.7,2.02,39.9,19.5,13.1,4.49,80.1,91.6,81.7,45.0,32.0,17.9,10.7,2.02,39.9,19.5,13.1,4.49,80.1,91.6,81.7,45.0,0.24,0.19,0.05,1.78,2.57,1.06,0.1,0.41,2.36,0.99,42.0,2.36,0.99,0.16,0.38,15.8,0.07,0.03,0.07,0.15,0.01,0.03,49.9,0.14,4.18,19.8,26.5,5.24,49.8,1.37,46.5,1.34,45.3,31.5,1.23,2.64,1.78,38.7,0.27,0.07,0.1,0.27,0.07,11.1,0.55,0.65,0.65,0.31,0.58,0.24,0.0,3.8,3.8,0.17,0.0,0.07,0.0,0.0,0.0,0.51,0.51,0.17,0.0,0.07,0.0,0.0,0.0,0.0,0.72,1.64,0.34,4.42,0.31,0.1,0.03,0.0,0.0,2.5,0.17,25.0,,,,,,,,,,,,,,,,,,,,,,,,,,,,
Sigurd Rosted,no NOR,DF,Toronto FC,29,1994,25,19,1752,19.5,0.0,0.0,0.0,0.0,0.0,0.0,0.21,0.0,0.01,0.01,0.01,0.02,0.51,2.87,0.72,0.0,0.0,0.0,0.0,0.0,0.01,0.01,0.02,0.01,0.02,Matches,2024,19.5,39.4,15.0,19.6,4.21,47.9,16.3,22.3,7.69,82.3,92.1,88.0,54.7,736.4,313.1,39.4,15.0,19.6,4.21,47.9,16.3,22.3,7.69,82.3,92.1,88.0,54.7,39.4,15.0,19.6,4.21,47.9,16.3,22.3,7.69,82.3,92.1,88.0,54.7,39.4,15.0,19.6,4.21,47.9,16.3,22.3,7.69,82.3,92.1,88.0,54.7,0.0,0.03,-0.01,0.26,2.82,0.26,0.1,0.0,0.36,0.1,28.6,0.36,0.1,0.0,0.0,19.3,0.0,0.0,0.0,0.02,-0.01,-0.01,56.7,4.92,28.5,23.6,4.77,0.77,56.7,0.15,50.0,0.1,33.3,31.9,0.1,0.62,0.15,38.0,1.54,1.03,0.72,1.54,1.03,69.0,0.46,1.03,0.51,1.54,3.08,2.41,0.05,0.36,0.36,0.0,0.0,0.0,0.0,0.0,0.0,0.0,0.0,0.0,0.0,0.0,0.0,0.0,0.0,0.0,2.1,0.62,0.05,0.56,1.54,0.72,0.0,0.0,0.0,2.92,1.03,50.0,,,,,,,,,,,,,,,,,,,,,,,,,,,,
Paul Rothrock,us USA,FW,Seattle Sounders,25,1999,25,13,1316,14.6,0.34,0.14,0.48,0.34,0.0,0.0,0.21,0.0,0.29,0.29,0.23,0.51,3.84,2.47,10.5,0.34,0.14,0.48,0.34,0.48,0.29,0.23,0.52,0.29,0.52,Matches,2024,14.6,21.3,10.5,9.11,1.1,30.5,13.1,11.8,2.6,69.7,80.6,76.9,42.1,340.1,62.1,21.3,10.5,9.11,1.1,30.5,13.1,11.8,2.6,69.7,80.6,76.9,42.1,21.3,10.5,9.11,1.1,30.5,13.1,11.8,2.6,69.7,80.6,76.9,42.1,21.3,10.5,9.11,1.1,30.5,13.1,11.8,2.6,69.7,80.6,76.9,42.1,0.14,0.17,-0.09,0.89,0.68,1.16,0.34,0.34,2.19,0.75,34.4,2.19,0.75,0.16,0.45,15.0,0.0,0.0,0.0,0.13,0.05,0.05,41.6,0.89,5.48,13.8,23.3,4.79,41.6,1.03,40.5,1.3,51.4,27.5,1.71,2.19,1.1,30.3,1.16,0.55,0.96,1.16,0.55,53.3,0.48,1.03,0.96,0.68,1.85,0.75,0.0,2.33,2.33,0.21,0.0,0.41,0.27,0.0,0.0,0.48,0.48,0.21,0.0,0.41,0.27,0.0,0.0,0.0,1.92,2.4,0.27,3.29,0.68,0.96,0.14,0.0,0.0,4.25,0.62,27.3,,,,,,,,,,,,,,,,,,,,,,,,,,,,
Ruan,br BRA,"DF,MF",FC Dallas,28,1995,6,5,427,4.7,0.0,0.21,0.21,0.0,0.0,0.0,0.21,0.0,0.0,0.0,0.32,0.32,3.19,2.77,9.57,0.0,0.21,0.21,0.0,0.21,0.0,0.33,0.33,0.0,0.33,Matches,2024,4.7,34.0,21.1,11.1,1.7,42.6,24.0,13.6,2.77,80.0,87.6,81.3,61.5,512.1,137.2,34.0,21.1,11.1,1.7,42.6,24.0,13.6,2.77,80.0,87.6,81.3,61.5,34.0,21.1,11.1,1.7,42.6,24.0,13.6,2.77,80.0,87.6,81.3,61.5,34.0,21.1,11.1,1.7,42.6,24.0,13.6,2.77,80.0,87.6,81.3,61.5,0.21,0.38,-0.11,1.7,1.28,1.06,0.43,0.0,0.0,0.0,,0.0,0.0,,,,0.0,0.0,0.0,,0.0,0.0,51.7,1.91,10.2,20.6,21.1,2.13,51.7,0.85,40.0,1.28,60.0,28.5,1.06,1.7,0.43,31.5,1.28,0.64,0.85,1.28,0.64,42.9,0.85,0.85,0.64,0.43,1.7,0.64,0.0,3.19,3.16,0.0,0.0,0.0,0.0,0.0,0.0,0.21,0.21,0.0,0.0,0.0,0.0,0.0,0.0,0.0,0.64,1.7,0.0,1.91,0.43,0.85,0.0,0.0,0.0,4.47,0.64,50.0,,,,,,,,,,,,,,,,,,,,,,,,,,,,
Ruan,br BRA,"DF,MF",CF Montréal,28,1995,25,24,1993,22.1,0.09,0.14,0.23,0.09,0.0,0.0,0.09,0.0,0.09,0.09,0.15,0.24,4.25,2.49,7.96,0.09,0.14,0.23,0.09,0.23,0.09,0.15,0.24,0.09,0.24,Matches,2024,22.1,32.9,18.5,12.4,1.58,41.1,21.2,14.9,2.62,80.1,87.4,83.0,60.3,496.3,119.7,32.9,18.5,12.4,1.58,41.1,21.2,14.9,2.62,80.1,87.4,83.0,60.3,32.9,18.5,12.4,1.58,41.1,21.2,14.9,2.62,80.1,87.4,83.0,60.3,32.9,18.5,12.4,1.58,41.1,21.2,14.9,2.62,80.1,87.4,83.0,60.3,0.14,0.16,-0.02,1.04,0.9,1.27,0.45,0.09,0.45,0.09,20.0,0.45,0.09,0.2,1.0,11.6,0.0,0.0,0.0,0.19,0.0,0.0,49.5,1.9,13.2,16.9,20.2,2.22,49.5,0.9,38.5,1.22,51.9,28.9,0.95,1.45,0.45,32.2,0.81,0.18,0.63,0.81,0.18,25.0,0.54,0.77,0.63,0.45,1.27,1.49,0.05,2.22,2.21,0.23,0.05,0.14,0.0,0.05,0.0,0.27,0.27,0.23,0.05,0.14,0.0,0.05,0.0,0.0,0.45,1.22,0.14,2.99,0.45,0.63,0.0,0.0,0.0,5.02,0.18,40.0,,,,,,,,,,,,,,,,,,,,,,,,,,,,
Diego Rubio,cl CHI,FW,Austin,30,1993,33,23,1882,20.9,0.19,0.05,0.24,0.19,0.0,0.0,0.33,0.0,0.21,0.21,0.06,0.26,0.72,3.21,4.35,0.19,0.05,0.24,0.19,0.24,0.21,0.06,0.26,0.21,0.26,Matches,2024,20.9,18.3,9.57,6.32,1.53,25.4,12.2,8.09,2.39,72.1,78.1,78.1,64.0,283.4,64.2,18.3,9.57,6.32,1.53,25.4,12.2,8.09,2.39,72.1,78.1,78.1,64.0,18.3,9.57,6.32,1.53,25.4,12.2,8.09,2.39,72.1,78.1,78.1,64.0,18.3,9.57,6.32,1.53,25.4,12.2,8.09,2.39,72.1,78.1,78.1,64.0,0.05,0.08,-0.01,0.57,1.29,0.57,0.05,0.19,1.87,0.53,28.2,1.87,0.53,0.1,0.36,14.8,0.0,0.0,0.0,0.11,-0.01,-0.01,34.8,0.57,4.02,16.8,14.1,3.21,34.8,0.62,48.1,0.53,40.7,19.8,0.1,2.49,1.24,26.7,1.24,0.67,0.77,1.24,0.67,41.2,0.96,1.05,0.96,0.33,1.58,0.33,0.0,1.67,1.67,0.0,0.0,0.24,0.1,0.0,0.0,0.24,0.24,0.0,0.0,0.24,0.1,0.0,0.0,0.0,1.96,2.3,0.38,0.57,0.33,0.77,0.1,0.0,0.0,2.49,2.54,53.0,,,,,,,,,,,,,,,,,,,,,,,,,,,,
Raúl Ruidíaz,pe PER,FW,Seattle Sounders,33,1990,24,14,1352,15.0,0.53,0.0,0.53,0.27,0.27,0.27,0.13,0.07,0.61,0.39,0.09,0.48,0.47,3.6,6.13,0.53,0.0,0.53,0.27,0.27,0.6,0.08,0.69,0.39,0.48,Matches,2024,15.0,22.5,10.9,9.0,1.87,27.8,12.1,10.3,2.93,81.1,89.6,87.1,63.6,366.3,62.7,22.5,10.9,9.0,1.87,27.8,12.1,10.3,2.93,81.1,89.6,87.1,63.6,22.5,10.9,9.0,1.87,27.8,12.1,10.3,2.93,81.1,89.6,87.1,63.6,22.5,10.9,9.0,1.87,27.8,12.1,10.3,2.93,81.1,89.6,87.1,63.6,0.0,0.07,-0.09,0.93,1.93,0.67,0.0,0.53,4.87,1.73,35.6,4.86,1.73,0.05,0.15,21.7,0.27,0.27,0.27,0.08,-0.07,-0.13,40.9,0.2,2.87,16.7,21.6,4.47,40.7,1.07,30.8,2.2,63.5,23.7,0.33,1.73,1.07,28.7,0.53,0.2,0.33,0.53,0.2,42.9,0.27,0.73,0.6,0.07,0.6,0.4,0.0,3.2,3.2,0.2,0.0,0.07,0.0,0.07,0.0,0.13,0.13,0.2,0.0,0.07,0.0,0.07,0.0,0.0,0.87,1.07,0.27,1.8,0.07,0.33,0.0,0.0,0.0,3.33,0.93,38.9,,,,,,,,,,,,,,,,,,,,,,,,,,,,
David Ruíz,hn HON,"MF,DF",Inter Miami,19,2004,28,11,1085,12.1,0.08,0.17,0.25,0.08,0.0,0.0,0.25,0.08,0.08,0.08,0.05,0.13,2.64,3.97,4.46,0.08,0.17,0.25,0.08,0.25,0.09,0.05,0.14,0.09,0.14,Matches,2024,12.1,45.2,25.0,17.3,1.98,51.9,27.0,19.0,3.39,87.1,92.7,90.9,58.5,687.5,156.6,45.2,25.0,17.3,1.98,51.9,27.0,19.0,3.39,87.1,92.7,90.9,58.5,45.2,25.0,17.3,1.98,51.9,27.0,19.0,3.39,87.1,92.7,90.9,58.5,45.2,25.0,17.3,1.98,51.9,27.0,19.0,3.39,87.1,92.7,90.9,58.5,0.17,0.07,0.12,0.5,2.89,0.33,0.08,0.08,0.99,0.25,25.0,1.0,0.25,0.08,0.33,17.3,0.0,0.0,0.0,0.09,0.0,0.0,65.0,2.15,15.9,36.4,13.5,1.9,65.0,1.74,56.8,1.07,35.1,39.3,0.66,2.31,1.32,47.9,2.56,1.24,2.15,2.56,1.24,41.7,1.74,1.24,0.91,1.32,3.88,0.99,0.08,1.4,1.41,0.08,0.0,0.08,0.0,0.0,0.0,0.33,0.33,0.08,0.0,0.08,0.0,0.0,0.0,0.08,1.32,1.74,0.0,0.91,1.32,2.15,0.0,0.0,0.0,5.37,0.33,26.7,,,,,,,,,,,,,,,,,,,,,,,,,,,,
Pablo Ruíz,ar ARG,"MF,FW",Real Salt Lake,25,1998,3,2,170,1.9,0.0,0.0,0.0,0.0,0.0,0.0,0.53,0.0,0.16,0.16,0.21,0.42,1.05,8.42,8.42,0.0,0.0,0.0,0.0,0.0,0.18,0.24,0.41,0.18,0.41,Matches,2024,1.9,37.4,15.3,13.7,8.42,55.3,18.9,17.4,12.6,67.6,80.6,78.8,66.7,752.6,309.5,37.4,15.3,13.7,8.42,55.3,18.9,17.4,12.6,67.6,80.6,78.8,66.7,37.4,15.3,13.7,8.42,55.3,18.9,17.4,12.6,67.6,80.6,78.8,66.7,37.4,15.3,13.7,8.42,55.3,18.9,17.4,12.6,67.6,80.6,78.8,66.7,0.0,0.37,-0.21,3.16,4.74,3.16,0.0,0.0,4.21,0.53,12.5,4.24,0.53,0.0,0.0,22.9,0.53,0.0,0.0,0.04,-0.16,-0.16,67.4,0.0,3.68,32.6,31.1,2.63,67.4,1.58,60.0,1.05,40.0,35.8,0.0,3.16,1.05,46.3,0.0,0.0,0.0,0.0,0.0,0.0,1.05,1.05,1.05,0.53,0.53,0.0,0.0,5.26,5.29,0.0,0.0,0.0,0.0,0.0,0.0,0.0,0.0,0.0,0.0,0.0,0.0,0.0,0.0,0.0,1.58,0.53,0.53,5.79,0.53,0.0,0.0,0.0,0.0,4.74,0.0,,,,,,,,,,,,,,,,,,,,,,,,,,,,,
Albert Rusnák,sk SVK,MF,Seattle Sounders,29,1994,32,28,2530,28.1,0.36,0.43,0.78,0.25,0.11,0.14,0.07,0.0,0.26,0.15,0.28,0.43,1.53,5.77,4.16,0.36,0.43,0.78,0.25,0.68,0.26,0.28,0.54,0.15,0.43,Matches,2024,28.1,39.7,18.0,15.4,4.95,48.0,19.6,17.5,8.22,82.7,91.7,88.2,60.2,701.0,211.9,39.7,18.0,15.4,4.95,48.0,19.6,17.5,8.22,82.7,91.7,88.2,60.2,39.7,18.0,15.4,4.95,48.0,19.6,17.5,8.22,82.7,91.7,88.2,60.2,39.7,18.0,15.4,4.95,48.0,19.6,17.5,8.22,82.7,91.7,88.2,60.2,0.43,0.25,0.15,2.85,4.23,1.53,0.28,0.36,1.81,0.71,39.2,1.81,0.71,0.14,0.35,21.4,0.21,0.11,0.14,0.08,0.09,0.1,53.9,0.46,4.34,26.6,23.3,2.6,53.7,0.39,44.0,0.43,48.0,28.8,0.43,0.89,0.75,37.0,0.53,0.21,0.39,0.53,0.21,35.3,0.39,0.39,0.39,0.64,1.17,0.21,0.0,4.56,4.55,0.07,0.0,0.07,0.04,0.11,0.04,0.68,0.68,0.07,0.0,0.07,0.04,0.11,0.04,0.0,0.6,0.78,0.07,5.16,0.64,0.39,0.04,0.0,0.0,3.74,0.18,25.0,,,,,,,,,,,,,,,,,,,,,,,,,,,,
Johnny Russell,sct SCO,FW,Sporting KC,33,1990,29,18,1731,19.2,0.21,0.16,0.36,0.21,0.0,0.05,0.26,0.0,0.22,0.19,0.18,0.36,3.13,3.7,7.66,0.21,0.16,0.36,0.21,0.36,0.23,0.18,0.41,0.18,0.36,Matches,2024,19.2,28.8,14.3,9.79,3.44,39.5,16.9,12.4,7.19,72.9,84.6,79.0,47.8,493.4,151.5,28.8,14.3,9.79,3.44,39.5,16.9,12.4,7.19,72.9,84.6,79.0,47.8,28.8,14.3,9.79,3.44,39.5,16.9,12.4,7.19,72.9,84.6,79.0,47.8,28.8,14.3,9.79,3.44,39.5,16.9,12.4,7.19,72.9,84.6,79.0,47.8,0.16,0.19,-0.03,1.46,2.5,0.83,0.26,0.21,2.4,0.78,32.6,2.39,0.78,0.09,0.27,19.0,0.31,0.0,0.05,0.08,-0.02,0.02,52.3,1.04,5.89,21.3,26.2,4.32,52.3,1.41,37.5,1.88,50.0,30.7,1.72,1.93,1.61,37.0,1.88,0.94,1.25,1.88,0.94,58.1,0.68,1.41,1.3,0.52,2.4,0.68,0.0,3.65,3.64,0.31,0.05,0.47,0.05,0.0,0.0,0.36,0.36,0.31,0.05,0.47,0.05,0.0,0.0,0.0,0.83,2.45,0.05,4.17,0.52,1.25,0.0,0.0,0.0,3.59,1.67,50.8,,,,,,,,,,,,,,,,,,,,,,,,,,,,
Jacen Russell-Rowe,ca CAN,"MF,FW",Columbus Crew,21,2002,22,10,1033,11.5,0.43,0.09,0.52,0.43,0.0,0.0,0.0,0.0,0.3,0.3,0.09,0.39,1.74,3.3,5.39,0.44,0.09,0.52,0.44,0.52,0.31,0.08,0.39,0.31,0.39,Matches,2024,11.5,19.7,11.0,6.61,0.87,26.9,13.9,8.35,1.3,73.1,78.8,79.2,66.7,287.7,61.8,19.7,11.0,6.61,0.87,26.9,13.9,8.35,1.3,73.1,78.8,79.2,66.7,19.7,11.0,6.61,0.87,26.9,13.9,8.35,1.3,73.1,78.8,79.2,66.7,19.7,11.0,6.61,0.87,26.9,13.9,8.35,1.3,73.1,78.8,79.2,66.7,0.09,0.09,0.0,1.3,1.91,0.87,0.0,0.43,2.87,1.39,48.5,2.88,1.39,0.15,0.31,14.7,0.0,0.0,0.0,0.11,0.13,0.13,37.8,0.17,1.83,17.5,18.8,4.26,37.8,0.87,38.5,1.39,61.5,23.0,0.7,2.61,1.39,28.9,0.78,0.35,0.43,0.78,0.35,50.0,0.35,0.52,0.52,0.26,1.04,0.17,0.0,2.52,2.52,0.09,0.0,0.09,0.0,0.09,0.0,0.0,0.0,0.09,0.0,0.09,0.0,0.09,0.0,0.0,1.3,1.3,0.17,0.43,0.26,0.43,0.0,0.0,0.0,2.0,0.52,22.2,,,,,,,,,,,,,,,,,,,,,,,,,,,,
Ryan Sailor,us USA,DF,Inter Miami,25,1998,9,2,316,3.5,0.0,0.0,0.0,0.0,0.0,0.0,0.29,0.0,0.06,0.06,0.0,0.06,0.0,3.71,0.0,0.0,0.0,0.0,0.0,0.0,0.06,0.0,0.06,0.06,0.06,Matches,2024,3.5,48.6,12.3,30.6,5.71,56.3,14.3,32.9,8.57,86.3,86.0,93.0,66.7,991.7,257.7,48.6,12.3,30.6,5.71,56.3,14.3,32.9,8.57,86.3,86.0,93.0,66.7,48.6,12.3,30.6,5.71,56.3,14.3,32.9,8.57,86.3,86.0,93.0,66.7,48.6,12.3,30.6,5.71,56.3,14.3,32.9,8.57,86.3,86.0,93.0,66.7,0.0,0.0,0.0,0.0,2.57,0.29,0.0,0.0,0.57,0.0,0.0,0.57,0.0,0.0,,9.2,0.0,0.0,0.0,0.1,-0.06,-0.06,67.1,10.9,38.6,26.9,1.71,1.14,67.1,0.0,,0.0,,31.1,0.0,0.57,0.0,45.1,1.14,0.86,0.86,1.14,0.86,100.0,0.0,1.14,0.0,1.14,2.29,4.57,0.29,0.0,0.0,0.0,0.0,0.0,0.0,0.0,0.0,0.0,0.0,0.0,0.0,0.0,0.0,0.0,0.0,0.0,0.57,0.29,0.0,0.0,1.14,0.86,0.0,0.29,0.0,2.29,2.0,70.0,,,,,,,,,,,,,,,,,,,,,,,,,,,,
Nathan Saliba,ca CAN,MF,CF Montréal,19,2004,24,18,1651,18.3,0.05,0.05,0.11,0.05,0.0,0.0,0.38,0.05,0.05,0.05,0.05,0.1,1.04,5.79,1.31,0.05,0.05,0.11,0.05,0.11,0.06,0.05,0.1,0.06,0.1,Matches,2024,18.3,47.3,22.6,19.9,3.66,55.1,25.4,22.1,5.25,85.9,89.2,90.1,69.8,793.2,212.7,47.3,22.6,19.9,3.66,55.1,25.4,22.1,5.25,85.9,89.2,90.1,69.8,47.3,22.6,19.9,3.66,55.1,25.4,22.1,5.25,85.9,89.2,90.1,69.8,47.3,22.6,19.9,3.66,55.1,25.4,22.1,5.25,85.9,89.2,90.1,69.8,0.05,0.1,0.01,0.49,5.3,0.6,0.05,0.05,1.37,0.27,20.0,1.36,0.27,0.04,0.2,24.2,0.0,0.0,0.0,0.04,0.0,0.0,65.1,2.62,14.9,39.1,12.0,0.66,65.1,1.42,72.2,0.55,27.8,40.3,0.16,1.26,1.15,50.7,2.3,1.09,1.04,2.3,1.09,54.1,0.93,0.98,0.6,0.55,2.84,1.69,0.0,1.64,1.64,0.11,0.0,0.0,0.0,0.0,0.0,0.05,0.05,0.11,0.0,0.0,0.0,0.0,0.0,0.05,2.08,0.55,0.0,0.38,0.55,1.04,0.0,0.0,0.0,4.32,0.87,45.7,,,,,,,,,,,,,,,,,,,,,,,,,,,,
Dániel Sallói,hu HUN,FW,Sporting KC,27,1996,30,23,2120,23.6,0.13,0.17,0.3,0.13,0.0,0.0,0.17,0.0,0.11,0.11,0.15,0.26,2.42,3.01,8.94,0.13,0.17,0.3,0.13,0.3,0.11,0.15,0.26,0.11,0.26,Matches,2024,23.6,24.1,14.2,7.16,1.69,33.0,16.6,9.41,3.69,73.0,85.5,76.1,46.0,354.2,93.6,24.1,14.2,7.16,1.69,33.0,16.6,9.41,3.69,73.0,85.5,76.1,46.0,24.1,14.2,7.16,1.69,33.0,16.6,9.41,3.69,73.0,85.5,76.1,46.0,24.1,14.2,7.16,1.69,33.0,16.6,9.41,3.69,73.0,85.5,76.1,46.0,0.17,0.14,0.02,1.36,1.91,1.02,0.3,0.13,2.03,0.81,39.6,2.04,0.81,0.06,0.16,20.2,0.0,0.0,0.0,0.06,0.01,0.01,43.5,0.59,4.24,15.7,24.0,3.69,43.5,0.93,30.1,1.91,61.6,28.1,1.02,1.91,0.59,32.6,1.02,0.47,0.47,1.02,0.47,73.3,0.17,0.97,0.97,0.42,1.44,0.59,0.0,3.39,3.39,0.3,0.0,0.08,0.0,0.04,0.0,0.34,0.34,0.3,0.0,0.08,0.0,0.04,0.0,0.0,1.1,1.23,0.34,3.01,0.42,0.47,0.0,0.0,0.0,3.09,0.38,21.4,,,,,,,,,,,,,,,,,,,,,,,,,,,,
Tobias Salquist,dk DEN,DF,Chicago Fire,28,1995,14,10,919,10.2,0.0,0.1,0.1,0.0,0.0,0.0,0.1,0.0,0.0,0.0,0.01,0.01,0.29,2.35,0.1,0.0,0.1,0.1,0.0,0.1,0.0,0.01,0.01,0.0,0.01,Matches,2024,10.2,56.2,18.8,33.1,3.63,63.7,20.1,35.9,6.37,88.2,93.7,92.3,56.9,1043.2,350.5,56.2,18.8,33.1,3.63,63.7,20.1,35.9,6.37,88.2,93.7,92.3,56.9,56.2,18.8,33.1,3.63,63.7,20.1,35.9,6.37,88.2,93.7,92.3,56.9,56.2,18.8,33.1,3.63,63.7,20.1,35.9,6.37,88.2,93.7,92.3,56.9,0.1,0.01,0.09,0.2,2.75,0.2,0.0,0.0,0.1,0.1,100.0,0.1,0.1,0.0,0.0,11.2,0.0,0.0,0.0,0.04,0.0,0.0,72.9,9.9,38.4,33.8,1.08,0.29,72.9,0.1,100.0,0.0,0.0,47.1,0.1,0.29,0.0,52.2,0.88,0.69,0.49,0.88,0.69,70.0,0.29,0.88,0.0,1.08,1.96,4.9,0.1,0.59,0.59,0.0,0.0,0.0,0.0,0.0,0.0,0.29,0.29,0.0,0.0,0.0,0.0,0.0,0.0,0.0,0.39,0.2,0.2,0.0,1.08,0.49,0.0,0.1,0.1,3.92,1.27,59.1,,,,,,,,,,,,,,,,,,,,,,,,,,,,
Ilie Sánchez,es ESP,MF,LAFC,33,1990,31,24,2156,24.0,0.04,0.04,0.08,0.04,0.0,0.0,0.21,0.0,0.02,0.02,0.07,0.08,0.5,5.17,0.88,0.04,0.04,0.08,0.04,0.08,0.02,0.07,0.08,0.02,0.08,Matches,2024,24.0,43.0,17.7,21.3,3.33,49.8,19.8,23.2,5.21,86.3,89.1,91.9,64.0,759.2,244.0,43.0,17.7,21.3,3.33,49.8,19.8,23.2,5.21,86.3,89.1,91.9,64.0,43.0,17.7,21.3,3.33,49.8,19.8,23.2,5.21,86.3,89.1,91.9,64.0,43.0,17.7,21.3,3.33,49.8,19.8,23.2,5.21,86.3,89.1,91.9,64.0,0.04,0.04,-0.02,0.46,5.08,0.5,0.0,0.04,0.42,0.13,30.0,0.42,0.13,0.1,0.33,13.4,0.0,0.0,0.0,0.04,0.02,0.02,58.9,3.54,17.7,34.3,7.5,0.5,58.9,0.33,80.0,0.04,10.0,28.0,0.0,0.46,0.29,39.0,1.79,0.92,1.13,1.79,0.92,48.9,0.96,1.38,0.58,2.0,3.79,1.83,0.0,1.54,1.54,0.04,0.0,0.04,0.0,0.04,0.0,0.21,0.21,0.04,0.0,0.04,0.0,0.04,0.0,0.0,1.25,0.54,0.0,0.04,2.0,1.13,0.0,0.0,0.0,4.54,1.25,66.7,,,,,,,,,,,,,,,,,,,,,,,,,,,,
James Sands,us USA,MF,NYCFC,23,2000,29,29,2555,28.4,0.04,0.04,0.07,0.04,0.0,0.0,0.35,0.04,0.02,0.02,0.02,0.04,0.74,5.77,0.67,0.04,0.04,0.07,0.04,0.07,0.02,0.02,0.04,0.02,0.04,Matches,2024,28.4,52.6,24.2,23.1,4.26,60.8,26.7,25.3,6.41,86.5,90.8,91.4,66.5,902.6,302.8,52.6,24.2,23.1,4.26,60.8,26.7,25.3,6.41,86.5,90.8,91.4,66.5,52.6,24.2,23.1,4.26,60.8,26.7,25.3,6.41,86.5,90.8,91.4,66.5,52.6,24.2,23.1,4.26,60.8,26.7,25.3,6.41,86.5,90.8,91.4,66.5,0.04,0.04,0.01,0.35,5.95,0.46,0.11,0.04,0.32,0.07,22.2,0.32,0.07,0.11,0.5,18.5,0.0,0.0,0.0,0.06,0.02,0.02,71.4,3.24,19.6,45.7,6.65,0.25,71.4,0.56,66.7,0.18,20.8,35.0,0.0,1.02,0.35,46.8,2.85,1.2,1.9,2.85,1.2,66.7,0.6,1.55,1.06,1.58,4.44,1.83,0.04,1.27,1.27,0.0,0.0,0.04,0.0,0.11,0.0,0.14,0.14,0.0,0.0,0.04,0.0,0.11,0.0,0.0,2.04,1.55,0.0,0.32,1.58,1.9,0.0,0.04,0.0,6.83,1.83,65.0,,,,,,,,,,,,,,,,,,,,,,,,,,,,
William Sands,us USA,DF,NE Revolution,23,2000,5,5,433,4.8,0.0,0.42,0.42,0.0,0.0,0.0,0.0,0.0,0.02,0.02,0.13,0.15,2.5,2.92,4.38,0.0,0.42,0.42,0.0,0.42,0.01,0.12,0.14,0.01,0.14,Matches,2024,4.8,46.9,24.6,19.0,2.08,53.5,26.9,21.0,3.75,87.5,91.5,90.1,55.6,722.9,242.5,46.9,24.6,19.0,2.08,53.5,26.9,21.0,3.75,87.5,91.5,90.1,55.6,46.9,24.6,19.0,2.08,53.5,26.9,21.0,3.75,87.5,91.5,90.1,55.6,46.9,24.6,19.0,2.08,53.5,26.9,21.0,3.75,87.5,91.5,90.1,55.6,0.42,0.06,0.29,1.04,2.5,0.63,0.63,0.0,0.42,0.0,0.0,0.42,0.0,0.0,,17.2,0.0,0.0,0.0,0.03,-0.02,-0.02,66.0,3.54,24.8,27.9,14.2,0.83,66.0,0.63,30.0,1.46,70.0,37.3,0.63,1.04,1.25,40.0,1.88,1.04,1.25,1.88,1.04,83.3,0.21,1.46,0.83,1.04,2.92,3.96,0.0,1.46,1.45,0.0,0.0,0.0,0.0,0.21,0.0,0.42,0.42,0.0,0.0,0.0,0.0,0.21,0.0,0.0,0.63,2.08,0.0,2.71,1.04,1.25,0.0,0.0,0.0,4.38,0.21,25.0,,,,,,,,,,,,,,,,,,,,,,,,,,,,
William Sands,us USA,DF,Columbus Crew,23,2000,6,4,256,2.8,0.0,0.0,0.0,0.0,0.0,0.0,0.0,0.0,0.04,0.04,0.04,0.07,2.5,2.5,13.9,0.0,0.0,0.0,0.0,0.0,0.04,0.04,0.08,0.04,0.08,Matches,2024,2.8,45.0,25.0,15.4,2.5,50.0,26.4,16.8,3.57,90.0,94.6,91.5,70.0,669.6,116.4,45.0,25.0,15.4,2.5,50.0,26.4,16.8,3.57,90.0,94.6,91.5,70.0,45.0,25.0,15.4,2.5,50.0,26.4,16.8,3.57,90.0,94.6,91.5,70.0,45.0,25.0,15.4,2.5,50.0,26.4,16.8,3.57,90.0,94.6,91.5,70.0,0.0,0.07,-0.04,0.71,1.07,0.71,0.36,0.0,0.71,0.71,100.0,0.7,0.7,0.0,0.0,13.9,0.0,0.0,0.0,0.05,-0.04,-0.04,62.5,2.14,9.29,28.2,25.4,1.43,62.5,0.36,12.5,2.5,87.5,43.2,0.36,2.14,1.07,46.1,2.14,0.71,1.07,2.14,0.71,50.0,0.71,1.07,1.07,0.71,2.86,1.07,0.0,1.43,1.41,0.0,0.0,0.0,0.0,0.0,0.0,0.0,0.0,0.0,0.0,0.0,0.0,0.0,0.0,0.0,1.43,2.5,0.0,2.14,0.71,1.07,0.0,0.0,0.0,3.21,0.36,20.0,,,,,,,,,,,,,,,,,,,,,,,,,,,,
Jeong Sangbin,kr KOR,"FW,MF",Minnesota Utd,21,2002,32,25,2171,24.1,0.25,0.04,0.29,0.25,0.0,0.0,0.17,0.0,0.2,0.2,0.12,0.32,2.24,2.2,7.84,0.25,0.04,0.29,0.25,0.29,0.2,0.12,0.32,0.2,0.32,Matches,2024,24.1,20.2,11.2,7.14,1.12,31.2,14.6,10.4,3.11,64.9,76.7,68.5,36.0,307.0,97.3,20.2,11.2,7.14,1.12,31.2,14.6,10.4,3.11,64.9,76.7,68.5,36.0,20.2,11.2,7.14,1.12,31.2,14.6,10.4,3.11,64.9,76.7,68.5,36.0,20.2,11.2,7.14,1.12,31.2,14.6,10.4,3.11,64.9,76.7,68.5,36.0,0.04,0.11,-0.07,1.16,1.33,0.79,0.29,0.25,1.54,0.66,43.2,1.53,0.66,0.16,0.38,15.5,0.12,0.0,0.0,0.13,0.05,0.05,40.5,0.83,6.56,15.6,19.0,3.15,40.5,1.12,40.9,1.49,54.5,23.0,0.71,1.74,0.71,26.4,0.75,0.41,0.5,0.75,0.41,35.7,0.75,0.66,0.62,0.46,1.2,0.58,0.04,2.53,2.53,0.12,0.0,0.12,0.04,0.0,0.0,0.12,0.12,0.12,0.0,0.12,0.04,0.0,0.0,0.0,1.04,1.24,0.08,3.86,0.46,0.5,0.04,0.0,0.0,3.11,1.24,37.5,,,,,,,,,,,,,,,,,,,,,,,,,,,,
Sergio Santos Gomes,br BRA,FW,FC Cincinnati,29,1994,28,6,924,10.3,0.29,0.1,0.39,0.29,0.0,0.0,0.1,0.0,0.42,0.42,0.11,0.52,1.36,2.23,7.48,0.29,0.1,0.39,0.29,0.39,0.42,0.11,0.53,0.42,0.53,Matches,2024,10.3,20.7,12.1,6.02,1.17,29.3,15.3,7.09,2.04,70.5,79.1,84.9,57.1,287.4,52.6,20.7,12.1,6.02,1.17,29.3,15.3,7.09,2.04,70.5,79.1,84.9,57.1,20.7,12.1,6.02,1.17,29.3,15.3,7.09,2.04,70.5,79.1,84.9,57.1,20.7,12.1,6.02,1.17,29.3,15.3,7.09,2.04,70.5,79.1,84.9,57.1,0.1,0.12,-0.01,1.75,0.97,0.87,0.29,0.29,2.33,1.36,58.3,2.34,1.36,0.13,0.21,12.0,0.0,0.0,0.0,0.18,-0.13,-0.13,43.3,1.07,3.59,17.4,22.6,6.7,43.3,0.49,26.3,1.26,68.4,25.1,0.58,3.11,1.26,30.9,1.75,0.49,0.97,1.75,0.49,35.7,0.87,0.78,0.78,0.49,2.23,1.07,0.1,3.59,3.6,0.1,0.0,0.58,0.1,0.1,0.1,0.49,0.49,0.1,0.0,0.58,0.1,0.1,0.1,0.0,2.14,2.52,1.26,0.87,0.49,0.97,0.0,0.0,0.0,2.72,3.3,40.5,,,,,,,,,,,,,,,,,,,,,,,,,,,,
Pedro Santos,pt POR,"DF,MF",D.C. United,35,1988,30,20,1800,20.0,0.15,0.15,0.3,0.15,0.0,0.0,0.3,0.05,0.07,0.07,0.13,0.18,1.65,4.95,4.25,0.15,0.15,0.3,0.15,0.3,0.06,0.12,0.19,0.06,0.19,Matches,2024,20.0,32.4,14.8,12.9,4.25,47.6,17.2,19.0,9.3,68.0,85.8,68.2,45.7,589.5,255.4,32.4,14.8,12.9,4.25,47.6,17.2,19.0,9.3,68.0,85.8,68.2,45.7,32.4,14.8,12.9,4.25,47.6,17.2,19.0,9.3,68.0,85.8,68.2,45.7,32.4,14.8,12.9,4.25,47.6,17.2,19.0,9.3,68.0,85.8,68.2,45.7,0.15,0.13,0.03,1.0,3.4,1.3,0.3,0.15,1.45,0.5,34.5,1.45,0.5,0.1,0.3,22.7,0.2,0.0,0.0,0.04,0.08,0.08,62.0,3.25,16.1,26.9,19.8,1.5,62.0,0.8,40.0,1.2,60.0,28.7,0.1,0.9,0.45,30.4,3.55,1.8,2.2,3.55,1.8,53.7,1.55,1.65,1.45,1.35,4.9,3.25,0.0,2.95,2.95,0.15,0.0,0.15,0.0,0.05,0.0,0.3,0.3,0.15,0.0,0.15,0.0,0.05,0.0,0.0,1.15,2.15,0.05,4.85,1.35,2.2,0.0,0.05,0.0,5.3,1.3,55.3,,,,,,,,,,,,,,,,,,,,,,,,,,,,
Rafael Santos,br BRA,DF,Orlando City,25,1998,32,23,2069,23.0,0.04,0.13,0.17,0.04,0.0,0.0,0.09,0.0,0.01,0.01,0.08,0.09,1.78,6.65,5.17,0.04,0.13,0.17,0.04,0.17,0.01,0.08,0.09,0.01,0.09,Matches,2024,23.0,60.0,31.6,23.7,3.74,74.4,34.5,28.2,8.26,80.5,91.7,84.0,45.3,970.8,399.6,60.0,31.6,23.7,3.74,74.4,34.5,28.2,8.26,80.5,91.7,84.0,45.3,60.0,31.6,23.7,3.74,74.4,34.5,28.2,8.26,80.5,91.7,84.0,45.3,60.0,31.6,23.7,3.74,74.4,34.5,28.2,8.26,80.5,91.7,84.0,45.3,0.13,0.1,0.05,0.7,5.39,1.26,0.78,0.04,0.52,0.17,33.3,0.52,0.17,0.08,0.25,26.9,0.0,0.0,0.0,0.02,0.03,0.03,82.5,3.22,27.0,33.0,23.3,0.39,82.5,0.43,52.6,0.35,42.1,43.8,0.0,1.26,0.17,55.0,1.48,0.87,0.74,1.48,0.87,47.6,0.96,0.78,0.65,0.96,2.43,2.17,0.04,1.78,1.78,0.0,0.0,0.04,0.0,0.09,0.0,0.17,0.17,0.0,0.0,0.04,0.0,0.09,0.0,0.0,0.52,0.57,0.17,4.35,0.96,0.74,0.0,0.0,0.0,6.48,0.87,50.0,,,,,,,,,,,,,,,,,,,,,,,,,,,,
Hayden Sargis,us USA,DF,D.C. United,21,2002,1,0,30,0.3,0.0,0.0,0.0,0.0,0.0,0.0,3.33,0.0,0.0,0.0,0.0,0.0,0.0,0.0,0.0,0.0,0.0,0.0,0.0,0.0,0.0,0.0,0.0,0.0,0.0,Matches,2024,0.3,43.3,30.0,13.3,0.0,50.0,33.3,13.3,3.33,86.7,90.0,100.0,0.0,546.7,200.0,43.3,30.0,13.3,0.0,50.0,33.3,13.3,3.33,86.7,90.0,100.0,0.0,43.3,30.0,13.3,0.0,50.0,33.3,13.3,3.33,86.7,90.0,100.0,0.0,43.3,30.0,13.3,0.0,50.0,33.3,13.3,3.33,86.7,90.0,100.0,0.0,0.0,0.0,0.0,0.0,0.0,0.0,0.0,0.0,0.0,0.0,,0.0,0.0,,,,0.0,0.0,0.0,,0.0,0.0,63.3,13.3,30.0,33.3,0.0,0.0,63.3,0.0,,0.0,,40.0,0.0,0.0,0.0,40.0,0.0,0.0,0.0,0.0,0.0,,0.0,3.33,0.0,3.33,3.33,6.67,0.0,0.0,0.0,0.0,0.0,0.0,0.0,0.0,0.0,0.0,0.0,0.0,0.0,0.0,0.0,0.0,0.0,0.0,3.33,0.0,0.0,0.0,3.33,0.0,0.0,0.0,0.0,3.33,0.0,0.0,,,,,,,,,,,,,,,,,,,,,,,,,,,,
Nick Scardina,us USA,FW,Charlotte,22,2001,1,0,1,0.0,0.0,0.0,0.0,0.0,0.0,0.0,0.0,0.0,0.0,0.0,0.0,0.0,0.0,2.0,0.0,0.0,0.0,0.0,0.0,0.0,0.0,2.03,2.03,0.0,2.03,Matches,2024,0.0,3.0,1.0,2.0,0.0,3.0,1.0,2.0,0.0,100.0,100.0,100.0,,51.0,30.0,3.0,1.0,2.0,0.0,3.0,1.0,2.0,0.0,100.0,100.0,100.0,,3.0,1.0,2.0,0.0,3.0,1.0,2.0,0.0,100.0,100.0,100.0,,3.0,1.0,2.0,0.0,3.0,1.0,2.0,0.0,100.0,100.0,100.0,,0.0,0.0,0.0,1.0,2.0,0.0,0.0,0.0,0.0,0.0,,0.0,0.0,,,,0.0,0.0,0.0,,0.0,0.0,3.0,0.0,0.0,3.0,0.0,0.0,3.0,0.0,,0.0,,2.0,0.0,0.0,0.0,2.0,0.0,0.0,0.0,0.0,0.0,,0.0,0.0,0.0,0.0,0.0,0.0,0.0,1.0,90.0,0.0,0.0,0.0,0.0,0.0,0.0,0.0,0.0,0.0,0.0,0.0,0.0,0.0,0.0,0.0,0.0,0.0,0.0,0.0,0.0,0.0,0.0,0.0,0.0,0.0,0.0,0.0,,,,,,,,,,,,,,,,,,,,,,,,,,,,
Rodrigo Schlegel,ar ARG,DF,Orlando City,26,1997,28,26,2296,25.5,0.04,0.0,0.04,0.04,0.0,0.0,0.2,0.04,0.03,0.03,0.01,0.04,0.43,3.37,0.16,0.04,0.0,0.04,0.04,0.04,0.03,0.01,0.04,0.03,0.04,Matches,2024,25.5,46.5,14.9,26.7,4.43,52.1,15.8,28.6,6.59,89.2,94.3,93.3,67.3,900.9,336.7,46.5,14.9,26.7,4.43,52.1,15.8,28.6,6.59,89.2,94.3,93.3,67.3,46.5,14.9,26.7,4.43,52.1,15.8,28.6,6.59,89.2,94.3,93.3,67.3,46.5,14.9,26.7,4.43,52.1,15.8,28.6,6.59,89.2,94.3,93.3,67.3,0.0,0.03,-0.01,0.16,3.92,0.16,0.0,0.04,0.55,0.12,21.4,0.55,0.12,0.07,0.33,10.9,0.0,0.0,0.0,0.06,0.01,0.01,60.7,6.59,27.6,30.3,3.22,1.14,60.7,0.04,33.3,0.08,66.7,31.8,0.08,0.24,0.12,39.7,1.61,0.98,0.98,1.61,0.98,69.4,0.43,1.14,0.75,1.02,2.63,3.33,0.08,0.59,0.59,0.0,0.0,0.04,0.0,0.04,0.0,0.04,0.04,0.0,0.0,0.04,0.0,0.04,0.0,0.0,1.02,0.59,0.04,0.0,1.02,0.98,0.0,0.04,0.0,2.55,1.49,53.5,,,,,,,,,,,,,,,,,,,,,,,,,,,,
Tate Schmitt,us USA,DF,Houston Dynamo,26,1997,16,4,435,4.8,0.0,0.0,0.0,0.0,0.0,0.0,0.21,0.0,0.17,0.17,0.06,0.25,1.88,4.79,5.83,0.0,0.0,0.0,0.0,0.0,0.17,0.07,0.24,0.17,0.24,Matches,2024,4.8,55.6,23.8,25.0,5.83,76.3,27.5,29.4,14.4,73.0,86.4,85.1,40.6,1009.0,297.9,55.6,23.8,25.0,5.83,76.3,27.5,29.4,14.4,73.0,86.4,85.1,40.6,55.6,23.8,25.0,5.83,76.3,27.5,29.4,14.4,73.0,86.4,85.1,40.6,55.6,23.8,25.0,5.83,76.3,27.5,29.4,14.4,73.0,86.4,85.1,40.6,0.0,0.1,-0.06,1.46,4.38,1.04,0.83,0.0,1.46,0.42,28.6,1.45,0.41,0.0,0.0,13.2,0.0,0.0,0.0,0.12,-0.17,-0.17,86.5,3.96,26.3,40.4,20.2,2.5,86.5,0.21,25.0,0.63,75.0,50.2,0.21,1.04,0.83,56.3,1.46,1.04,1.25,1.46,1.04,62.5,0.63,1.04,0.83,1.04,2.5,1.88,0.21,2.92,2.88,0.0,0.0,0.0,0.0,0.0,0.0,0.0,0.0,0.0,0.0,0.0,0.0,0.0,0.0,0.0,0.21,0.63,0.21,6.04,1.04,1.25,0.0,0.0,0.0,6.67,1.46,58.3,,,,,,,,,,,,,,,,,,,,,,,,,,,,
David Schnegg,at AUT,DF,D.C. United,25,1998,2,1,121,1.3,0.77,0.0,0.77,0.77,0.0,0.0,0.77,0.0,0.31,0.31,0.08,0.38,0.77,3.85,4.62,0.74,0.0,0.74,0.74,0.74,0.26,0.08,0.34,0.26,0.34,Matches,2024,1.3,30.8,10.0,16.2,3.08,46.2,12.3,20.8,9.23,66.7,81.3,77.8,33.3,555.4,227.7,30.8,10.0,16.2,3.08,46.2,12.3,20.8,9.23,66.7,81.3,77.8,33.3,30.8,10.0,16.2,3.08,46.2,12.3,20.8,9.23,66.7,81.3,77.8,33.3,30.8,10.0,16.2,3.08,46.2,12.3,20.8,9.23,66.7,81.3,77.8,33.3,0.0,0.08,-0.08,1.54,1.54,1.54,0.0,0.77,1.54,1.54,100.0,1.49,1.49,0.5,0.5,11.5,0.0,0.0,0.0,0.18,0.46,0.46,60.8,1.54,13.8,29.2,18.5,5.38,60.8,2.31,60.0,1.54,40.0,23.1,0.0,2.31,0.0,36.9,3.85,3.85,0.77,3.85,3.85,71.4,1.54,1.54,1.54,2.31,6.15,0.77,0.0,4.62,4.46,0.0,0.0,0.77,0.0,0.77,0.0,0.0,0.0,0.0,0.0,0.77,0.0,0.77,0.0,0.0,3.85,0.77,0.0,3.85,2.31,0.77,0.0,0.0,0.0,3.85,0.77,50.0,,,,,,,,,,,,,,,,,,,,,,,,,,,,
Alessandro Schöpf,at AUT,"MF,DF",Vancouver W'caps,29,1994,30,23,1938,21.5,0.05,0.05,0.09,0.05,0.0,0.0,0.28,0.05,0.09,0.09,0.09,0.18,2.7,5.58,2.93,0.05,0.05,0.09,0.05,0.09,0.09,0.09,0.18,0.09,0.18,Matches,2024,21.5,42.8,19.7,18.7,3.58,48.0,21.3,20.0,4.42,89.2,92.4,93.5,81.1,736.0,162.0,42.8,19.7,18.7,3.58,48.0,21.3,20.0,4.42,89.2,92.4,93.5,81.1,42.8,19.7,18.7,3.58,48.0,21.3,20.0,4.42,89.2,92.4,93.5,81.1,42.8,19.7,18.7,3.58,48.0,21.3,20.0,4.42,89.2,92.4,93.5,81.1,0.05,0.12,-0.05,0.88,4.28,0.65,0.28,0.05,1.49,0.42,28.1,1.49,0.42,0.03,0.11,21.7,0.0,0.0,0.0,0.06,-0.04,-0.04,57.2,1.81,9.44,32.0,16.5,1.53,57.2,0.79,50.0,0.7,44.1,35.0,0.28,1.44,1.26,40.5,1.07,0.47,0.79,1.07,0.47,35.7,0.84,0.98,0.84,0.84,1.91,1.02,0.0,2.6,2.6,0.14,0.05,0.09,0.0,0.0,0.0,0.33,0.33,0.14,0.05,0.09,0.0,0.0,0.0,0.05,1.02,0.6,0.0,1.12,0.84,0.79,0.05,0.0,0.0,6.0,0.51,61.1,,,,,,,,,,,,,,,,,,,,,,,,,,,,
Patrick Schulte,us USA,GK,Columbus Crew,22,2001,27,27,2430,27.0,0.0,0.0,0.0,0.0,0.0,0.0,0.11,0.0,0.0,0.0,0.0,0.0,0.0,0.0,0.0,0.0,0.0,0.0,0.0,0.0,0.0,0.0,0.0,0.0,0.0,Matches,2024,27.0,28.4,8.04,14.0,6.07,35.0,8.11,14.4,12.0,81.2,99.1,96.7,50.5,648.8,461.7,28.4,8.04,14.0,6.07,35.0,8.11,14.4,12.0,81.2,99.1,96.7,50.5,28.4,8.04,14.0,6.07,35.0,8.11,14.4,12.0,81.2,99.1,96.7,50.5,28.4,8.04,14.0,6.07,35.0,8.11,14.4,12.0,81.2,99.1,96.7,50.5,0.0,0.0,0.0,0.0,0.52,0.0,0.0,0.0,0.0,0.0,,0.0,0.0,,,,0.0,0.0,0.0,,0.0,0.0,36.7,29.9,36.5,0.19,0.0,0.0,36.7,0.0,,0.0,,22.7,0.0,0.0,0.0,17.9,0.04,0.04,0.0,0.04,0.04,50.0,0.04,0.0,0.0,0.0,0.04,0.15,0.19,0.15,0.15,0.0,0.0,0.0,0.0,0.0,0.0,0.0,0.0,0.0,0.0,0.0,0.0,0.0,0.0,0.0,0.04,0.07,0.0,0.0,0.0,0.0,0.0,0.04,0.0,1.93,0.22,100.0,1.07,0.07,0.07,0.0,1.19,0.3,0.11,0.12,29.8,5.0,21.1,26.4,28.2,29.2,14.5,21.1,26.4,28.2,29.2,14.5,10.5,0.48,4.6,0.96,0.96,28.2,29.2,14.5
Tarik Scott,us USA,FW,FC Dallas,18,2005,2,0,54,0.6,0.0,0.0,0.0,0.0,0.0,0.0,1.67,0.0,0.0,0.0,0.17,0.17,5.0,1.67,15.0,0.0,0.0,0.0,0.0,0.0,0.0,0.12,0.12,0.0,0.12,Matches,2024,0.6,33.3,21.7,8.33,3.33,50.0,23.3,15.0,6.67,66.7,92.9,55.6,50.0,475.0,66.7,33.3,21.7,8.33,3.33,50.0,23.3,15.0,6.67,66.7,92.9,55.6,50.0,33.3,21.7,8.33,3.33,50.0,23.3,15.0,6.67,66.7,92.9,55.6,50.0,33.3,21.7,8.33,3.33,50.0,23.3,15.0,6.67,66.7,92.9,55.6,50.0,0.0,0.0,-0.17,1.67,3.33,1.67,1.67,0.0,0.0,0.0,,0.0,0.0,,,,0.0,0.0,0.0,,0.0,0.0,65.0,0.0,5.0,20.0,43.3,3.33,65.0,1.67,33.3,1.67,33.3,40.0,1.67,3.33,0.0,38.3,3.33,1.67,1.67,3.33,1.67,100.0,0.0,3.33,3.33,1.67,5.0,0.0,0.0,3.33,3.33,0.0,0.0,1.67,1.67,0.0,0.0,1.67,1.67,0.0,0.0,1.67,1.67,0.0,0.0,0.0,3.33,5.0,0.0,6.67,1.67,1.67,1.67,0.0,0.0,8.33,0.0,0.0,,,,,,,,,,,,,,,,,,,,,,,,,,,,
Dante Sealy,tt TRI,"DF,MF",FC Dallas,20,2003,17,9,861,9.6,0.1,0.0,0.1,0.1,0.0,0.0,0.31,0.0,0.17,0.17,0.06,0.23,1.98,2.08,5.31,0.1,0.0,0.1,0.1,0.1,0.16,0.07,0.23,0.16,0.23,Matches,2024,9.6,26.6,14.7,10.5,1.25,35.0,16.7,13.6,3.23,75.9,88.1,77.1,38.7,403.4,90.2,26.6,14.7,10.5,1.25,35.0,16.7,13.6,3.23,75.9,88.1,77.1,38.7,26.6,14.7,10.5,1.25,35.0,16.7,13.6,3.23,75.9,88.1,77.1,38.7,26.6,14.7,10.5,1.25,35.0,16.7,13.6,3.23,75.9,88.1,77.1,38.7,0.0,0.07,-0.06,0.73,0.63,1.04,0.42,0.1,2.08,0.73,35.0,2.09,0.73,0.05,0.14,21.1,0.42,0.0,0.0,0.08,-0.06,-0.06,48.1,1.88,10.9,20.4,17.3,2.08,48.1,1.46,42.4,1.46,42.4,27.0,0.73,2.6,0.83,30.0,1.46,0.83,0.83,1.46,0.83,66.7,0.42,0.52,0.42,1.25,2.71,1.56,0.0,2.5,2.52,0.21,0.0,0.31,0.1,0.0,0.0,0.21,0.21,0.21,0.0,0.31,0.1,0.0,0.0,0.0,2.5,1.88,0.0,1.77,1.25,0.83,0.0,0.0,0.0,4.27,0.83,61.5,,,,,,,,,,,,,,,,,,,,,,,,,,,,
Gabe Segal,us USA,FW,Houston Dynamo,22,2001,13,2,202,2.2,0.91,0.0,0.91,0.91,0.0,0.0,0.45,0.0,0.64,0.64,0.14,0.77,0.91,0.91,3.18,0.89,0.0,0.89,0.89,0.89,0.61,0.13,0.74,0.61,0.74,Matches,2024,2.2,15.9,8.64,5.45,0.91,22.3,11.4,7.27,0.91,71.4,76.0,75.0,100.0,226.4,35.9,15.9,8.64,5.45,0.91,22.3,11.4,7.27,0.91,71.4,76.0,75.0,100.0,15.9,8.64,5.45,0.91,22.3,11.4,7.27,0.91,71.4,76.0,75.0,100.0,15.9,8.64,5.45,0.91,22.3,11.4,7.27,0.91,71.4,76.0,75.0,100.0,0.0,0.05,-0.14,1.82,0.45,0.91,0.0,0.91,4.09,1.82,44.4,4.01,1.78,0.22,0.5,15.4,0.0,0.0,0.0,0.15,0.27,0.27,31.8,0.91,1.82,15.5,14.5,4.09,31.8,0.0,0.0,0.45,50.0,16.8,0.45,0.91,0.45,23.6,1.36,0.45,0.91,1.36,0.45,33.3,0.91,0.45,0.45,0.0,1.36,0.91,0.0,2.27,2.23,0.0,0.0,0.0,0.0,0.0,0.0,0.0,0.0,0.0,0.0,0.0,0.0,0.0,0.0,0.0,2.73,0.91,0.45,0.0,0.0,0.91,0.0,0.0,0.0,1.82,1.82,66.7,,,,,,,,,,,,,,,,,,,,,,,,,,,,
Eddie Segura,co COL,"DF,MF",LAFC,26,1997,27,12,1348,15.0,0.0,0.07,0.07,0.0,0.0,0.0,0.27,0.0,0.06,0.06,0.03,0.09,0.4,2.93,0.27,0.0,0.07,0.07,0.0,0.07,0.06,0.03,0.08,0.06,0.08,Matches,2024,15.0,53.5,19.6,29.1,4.27,61.1,21.4,32.1,6.4,87.6,91.6,90.9,66.7,983.1,334.3,53.5,19.6,29.1,4.27,61.1,21.4,32.1,6.4,87.6,91.6,90.9,66.7,53.5,19.6,29.1,4.27,61.1,21.4,32.1,6.4,87.6,91.6,90.9,66.7,53.5,19.6,29.1,4.27,61.1,21.4,32.1,6.4,87.6,91.6,90.9,66.7,0.07,0.05,0.04,0.53,3.4,0.2,0.0,0.0,0.8,0.27,33.3,0.8,0.27,0.0,0.0,15.0,0.0,0.0,0.0,0.07,-0.06,-0.06,71.6,5.73,31.8,35.9,4.27,1.07,71.6,0.2,42.9,0.27,57.1,40.3,0.0,0.73,0.2,48.1,1.13,0.67,0.53,1.13,0.67,47.6,0.73,1.53,0.8,1.4,2.53,3.47,0.2,0.8,0.8,0.0,0.0,0.07,0.0,0.07,0.0,0.07,0.07,0.0,0.0,0.07,0.0,0.07,0.0,0.0,1.8,0.2,0.0,0.07,1.4,0.53,0.0,0.0,0.07,4.73,1.33,48.8,,,,,,,,,,,,,,,,,,,,,,,,,,,,
Amar Sejdic,us USA,MF,Nashville SC,27,1996,17,1,306,3.4,0.0,0.0,0.0,0.0,0.0,0.0,0.0,0.0,0.12,0.12,0.06,0.18,2.35,9.71,2.06,0.0,0.0,0.0,0.0,0.0,0.12,0.07,0.18,0.12,0.18,Matches,2024,3.4,70.0,29.7,28.5,10.6,78.2,31.2,30.9,13.8,89.5,95.3,92.4,76.6,1341.2,366.8,70.0,29.7,28.5,10.6,78.2,31.2,30.9,13.8,89.5,95.3,92.4,76.6,70.0,29.7,28.5,10.6,78.2,31.2,30.9,13.8,89.5,95.3,92.4,76.6,70.0,29.7,28.5,10.6,78.2,31.2,30.9,13.8,89.5,95.3,92.4,76.6,0.0,0.24,-0.06,1.76,10.9,1.18,0.29,0.0,1.76,0.59,33.3,1.76,0.59,0.0,0.0,24.1,0.0,0.0,0.0,0.07,-0.12,-0.12,92.1,2.06,14.4,63.2,15.0,0.88,92.1,0.29,20.0,1.18,80.0,55.6,0.0,1.76,0.59,65.3,2.65,1.47,1.76,2.65,1.47,55.6,1.18,1.47,0.88,1.76,4.41,0.88,0.59,3.24,3.22,0.0,0.0,0.0,0.0,0.0,0.0,0.0,0.0,0.0,0.0,0.0,0.0,0.0,0.0,0.0,0.88,0.88,0.29,0.88,1.76,1.76,0.0,0.0,0.0,6.76,0.59,50.0,,,,,,,,,,,,,,,,,,,,,,,,,,,,
Oliver Semmle,de GER,GK,Philadelphia Union,25,1998,17,14,1408,15.6,0.0,0.0,0.0,0.0,0.0,0.0,0.06,0.0,0.0,0.0,0.0,0.0,0.0,0.0,0.0,0.0,0.0,0.0,0.0,0.0,0.0,0.0,0.0,0.0,0.0,Matches,2024,15.6,19.2,3.59,8.53,6.86,28.3,3.59,8.65,15.8,67.6,100.0,98.5,43.5,559.6,435.3,19.2,3.59,8.53,6.86,28.3,3.59,8.65,15.8,67.6,100.0,98.5,43.5,19.2,3.59,8.53,6.86,28.3,3.59,8.65,15.8,67.6,100.0,98.5,43.5,19.2,3.59,8.53,6.86,28.3,3.59,8.65,15.8,67.6,100.0,98.5,43.5,0.0,0.0,0.0,0.0,0.45,0.0,0.0,0.0,0.0,0.0,,0.0,0.0,,,,0.0,0.0,0.0,,0.0,0.0,31.0,24.0,30.8,0.19,0.0,0.0,31.0,0.0,,0.0,,15.1,0.0,0.0,0.0,11.2,0.06,0.06,0.0,0.06,0.06,100.0,0.0,0.0,0.0,0.0,0.06,0.45,0.0,0.19,0.19,0.0,0.0,0.0,0.0,0.0,0.0,0.0,0.0,0.0,0.0,0.0,0.0,0.0,0.0,0.0,0.0,0.26,0.0,0.0,0.0,0.0,0.0,0.0,0.0,1.03,0.0,0.0,1.86,0.13,0.13,0.0,1.88,0.36,0.02,0.02,21.5,4.1,36.9,67.6,33.7,48.1,15.8,36.9,67.6,33.7,48.1,15.8,13.0,0.45,3.4,0.77,0.77,33.7,48.1,15.8
Brandon Servania,us USA,MF,Toronto FC,24,1999,3,1,65,0.7,0.0,0.0,0.0,0.0,0.0,0.0,0.0,0.0,0.0,0.0,0.14,0.14,1.43,4.29,1.43,0.0,0.0,0.0,0.0,0.0,0.06,0.1,0.16,0.06,0.16,Matches,2024,0.7,27.1,18.6,8.57,0.0,44.3,25.7,14.3,2.86,61.3,72.2,60.0,0.0,404.3,128.6,27.1,18.6,8.57,0.0,44.3,25.7,14.3,2.86,61.3,72.2,60.0,0.0,27.1,18.6,8.57,0.0,44.3,25.7,14.3,2.86,61.3,72.2,60.0,0.0,27.1,18.6,8.57,0.0,44.3,25.7,14.3,2.86,61.3,72.2,60.0,0.0,0.0,0.14,-0.14,1.43,2.86,0.0,0.0,0.0,1.43,0.0,0.0,1.38,0.0,0.0,,17.9,0.0,0.0,0.0,0.05,0.0,0.0,57.1,2.86,18.6,24.3,14.3,2.86,57.1,0.0,,0.0,,28.6,1.43,4.29,0.0,30.0,4.29,1.43,2.86,4.29,1.43,100.0,0.0,0.0,0.0,0.0,4.29,2.86,0.0,1.43,1.38,0.0,0.0,0.0,0.0,0.0,0.0,0.0,0.0,0.0,0.0,0.0,0.0,0.0,0.0,0.0,1.43,1.43,0.0,1.43,0.0,2.86,0.0,0.0,0.0,7.14,0.0,,,,,,,,,,,,,,,,,,,,,,,,,,,,,
Jacob Shaffelburg,ca CAN,"FW,DF",Nashville SC,24,1999,23,16,1409,15.7,0.13,0.19,0.32,0.13,0.0,0.0,0.13,0.0,0.12,0.12,0.23,0.35,3.69,1.91,9.87,0.13,0.19,0.32,0.13,0.32,0.12,0.23,0.35,0.12,0.35,Matches,2024,15.7,16.2,7.77,6.69,1.46,28.5,10.3,10.2,4.71,56.9,75.3,65.6,31.1,280.4,84.8,16.2,7.77,6.69,1.46,28.5,10.3,10.2,4.71,56.9,75.3,65.6,31.1,16.2,7.77,6.69,1.46,28.5,10.3,10.2,4.71,56.9,75.3,65.6,31.1,16.2,7.77,6.69,1.46,28.5,10.3,10.2,4.71,56.9,75.3,65.6,31.1,0.19,0.17,-0.04,1.02,1.21,1.21,0.83,0.13,1.34,0.38,28.6,1.34,0.38,0.1,0.33,18.7,0.0,0.0,0.0,0.09,0.01,0.01,40.0,0.7,5.35,13.9,21.4,2.61,40.0,1.08,34.0,1.46,46.0,22.2,1.15,2.68,0.7,26.2,1.08,0.51,0.64,1.08,0.51,38.1,0.83,1.91,1.78,0.76,1.85,0.51,0.0,2.1,2.11,0.25,0.0,0.25,0.0,0.06,0.0,0.19,0.19,0.25,0.0,0.25,0.0,0.06,0.0,0.0,1.02,1.4,0.25,6.24,0.76,0.64,0.06,0.0,0.0,3.18,0.51,33.3,,,,,,,,,,,,,,,,,,,,,,,,,,,,
Xherdan Shaqiri,ch SUI,"MF,FW",Chicago Fire,32,1991,12,9,741,8.2,0.24,0.12,0.37,0.0,0.24,0.24,0.12,0.0,0.22,0.02,0.13,0.16,1.1,7.07,5.0,0.24,0.12,0.36,0.0,0.12,0.21,0.13,0.35,0.02,0.16,Matches,2024,8.2,37.0,16.6,13.9,5.12,50.5,18.3,17.4,11.2,73.2,90.7,79.7,45.7,656.2,197.6,37.0,16.6,13.9,5.12,50.5,18.3,17.4,11.2,73.2,90.7,79.7,45.7,37.0,16.6,13.9,5.12,50.5,18.3,17.4,11.2,73.2,90.7,79.7,45.7,37.0,16.6,13.9,5.12,50.5,18.3,17.4,11.2,73.2,90.7,79.7,45.7,0.12,0.28,-0.01,1.46,4.15,2.68,0.37,0.24,0.73,0.24,33.3,0.73,0.24,0.0,0.0,39.9,0.12,0.24,0.24,0.03,0.02,-0.02,55.9,0.24,5.37,28.3,22.4,1.1,55.6,0.61,38.5,0.73,46.2,35.7,0.24,1.22,1.71,42.7,0.37,0.24,0.12,0.37,0.24,33.3,0.49,0.24,0.24,0.12,0.49,0.12,0.0,3.17,3.16,0.0,0.0,0.0,0.0,0.0,0.0,0.61,0.61,0.0,0.0,0.0,0.0,0.0,0.0,0.0,0.49,1.22,0.24,5.37,0.12,0.12,0.0,0.0,0.0,5.49,0.49,44.4,,,,,,,,,,,,,,,,,,,,,,,,,,,,
Charles Sharp,us USA,"FW,MF",Toronto FC,22,2001,2,0,27,0.3,0.0,0.0,0.0,0.0,0.0,0.0,0.0,0.0,0.0,0.0,0.0,0.0,0.0,0.0,0.0,0.0,0.0,0.0,0.0,0.0,0.0,0.0,0.0,0.0,0.0,Matches,2024,0.3,3.33,3.33,0.0,0.0,23.3,3.33,10.0,0.0,14.3,100.0,0.0,,40.0,0.0,3.33,3.33,0.0,0.0,23.3,3.33,10.0,0.0,14.3,100.0,0.0,,3.33,3.33,0.0,0.0,23.3,3.33,10.0,0.0,14.3,100.0,0.0,,3.33,3.33,0.0,0.0,23.3,3.33,10.0,0.0,14.3,100.0,0.0,,0.0,0.0,0.0,0.0,0.0,0.0,0.0,0.0,0.0,0.0,,0.0,0.0,,,,0.0,0.0,0.0,,0.0,0.0,46.7,3.33,6.67,23.3,16.7,0.0,46.7,0.0,0.0,3.33,100.0,16.7,0.0,6.67,3.33,23.3,0.0,0.0,0.0,0.0,0.0,,0.0,3.33,3.33,3.33,3.33,3.33,0.0,0.0,0.0,0.0,0.0,0.0,0.0,0.0,0.0,0.0,0.0,0.0,0.0,0.0,0.0,0.0,0.0,0.0,0.0,0.0,0.0,0.0,3.33,0.0,0.0,0.0,0.0,3.33,10.0,75.0,,,,,,,,,,,,,,,,,,,,,,,,,,,,
Samuel Shashoua,eng ENG,"MF,FW",Minnesota Utd,24,1999,3,0,22,0.2,0.0,0.0,0.0,0.0,0.0,0.0,0.0,0.0,1.0,1.0,0.0,1.0,25.0,20.0,0.0,0.0,0.0,0.0,0.0,0.0,0.88,0.0,0.88,0.88,0.88,Matches,2024,0.2,80.0,65.0,15.0,0.0,100.0,75.0,25.0,0.0,80.0,86.7,60.0,,900.0,340.0,80.0,65.0,15.0,0.0,100.0,75.0,25.0,0.0,80.0,86.7,60.0,,80.0,65.0,15.0,0.0,100.0,75.0,25.0,0.0,80.0,86.7,60.0,,80.0,65.0,15.0,0.0,100.0,75.0,25.0,0.0,80.0,86.7,60.0,,0.0,0.0,0.0,0.0,0.0,10.0,0.0,0.0,20.0,5.0,25.0,16.36,4.09,0.0,0.0,18.3,5.0,0.0,0.0,0.05,-1.0,-1.0,125.0,0.0,0.0,70.0,60.0,15.0,125.0,15.0,100.0,0.0,0.0,80.0,5.0,5.0,0.0,95.0,0.0,0.0,0.0,0.0,0.0,,0.0,0.0,0.0,0.0,0.0,0.0,0.0,15.0,12.27,10.0,0.0,0.0,0.0,0.0,0.0,0.0,0.0,10.0,0.0,0.0,0.0,0.0,0.0,0.0,0.0,5.0,0.0,0.0,0.0,0.0,0.0,0.0,0.0,5.0,0.0,,,,,,,,,,,,,,,,,,,,,,,,,,,,,
Khiry Shelton,us USA,DF,Sporting KC,30,1993,19,9,1033,11.5,0.0,0.17,0.17,0.0,0.0,0.0,0.26,0.0,0.03,0.03,0.04,0.08,2.0,4.7,2.0,0.0,0.17,0.17,0.0,0.17,0.03,0.05,0.08,0.03,0.08,Matches,2024,11.5,47.5,23.1,20.2,3.04,55.2,25.5,23.0,4.52,86.0,90.8,87.9,67.3,778.2,272.3,47.5,23.1,20.2,3.04,55.2,25.5,23.0,4.52,86.0,90.8,87.9,67.3,47.5,23.1,20.2,3.04,55.2,25.5,23.0,4.52,86.0,90.8,87.9,67.3,47.5,23.1,20.2,3.04,55.2,25.5,23.0,4.52,86.0,90.8,87.9,67.3,0.17,0.06,0.13,0.61,4.26,0.52,0.09,0.0,0.43,0.09,20.0,0.44,0.09,0.0,0.0,14.2,0.0,0.0,0.0,0.08,-0.03,-0.03,65.9,2.78,18.3,34.8,13.7,0.96,65.9,1.04,54.5,0.7,36.4,32.8,0.09,2.0,0.61,37.9,2.17,0.78,1.22,2.17,0.78,45.0,0.96,1.13,1.04,1.57,3.74,1.83,0.09,1.3,1.31,0.17,0.0,0.0,0.0,0.0,0.0,0.26,0.26,0.17,0.0,0.0,0.0,0.0,0.0,0.0,0.96,0.78,0.0,0.43,1.57,1.22,0.0,0.0,0.09,6.87,1.48,73.9,,,,,,,,,,,,,,,,,,,,,,,,,,,,
Show,ao ANG,MF,FC Dallas,24,1999,7,6,491,5.5,0.0,0.0,0.0,0.0,0.0,0.0,0.0,0.0,0.05,0.05,0.04,0.09,1.09,5.09,2.91,0.0,0.0,0.0,0.0,0.0,0.05,0.04,0.08,0.05,0.08,Matches,2024,5.5,49.1,22.0,22.7,3.09,57.5,24.7,24.5,5.45,85.4,89.0,92.6,56.7,820.4,237.1,49.1,22.0,22.7,3.09,57.5,24.7,24.5,5.45,85.4,89.0,92.6,56.7,49.1,22.0,22.7,3.09,57.5,24.7,24.5,5.45,85.4,89.0,92.6,56.7,49.1,22.0,22.7,3.09,57.5,24.7,24.5,5.45,85.4,89.0,92.6,56.7,0.0,0.02,-0.04,0.55,5.64,0.55,0.0,0.0,1.09,0.18,16.7,1.1,0.18,0.0,0.0,22.4,0.0,0.0,0.0,0.04,-0.05,-0.05,68.0,2.36,18.0,41.6,9.27,0.73,68.0,1.45,80.0,0.18,10.0,42.4,0.0,1.45,0.91,53.1,2.0,0.36,1.09,2.0,0.36,25.0,1.09,1.27,1.27,1.45,3.45,1.09,0.0,2.55,2.57,0.18,0.0,0.0,0.0,0.0,0.0,0.18,0.18,0.18,0.0,0.0,0.0,0.0,0.0,0.0,2.18,2.0,0.0,0.18,1.45,1.09,0.0,0.0,0.0,4.91,1.09,50.0,,,,,,,,,,,,,,,,,,,,,,,,,,,,
Marcelo Silva,uy URU,DF,Real Salt Lake,34,1989,3,2,181,2.0,0.0,0.0,0.0,0.0,0.0,0.0,0.0,0.0,0.05,0.05,0.0,0.05,0.5,4.0,0.0,0.0,0.0,0.0,0.0,0.0,0.04,0.0,0.04,0.04,0.04,Matches,2024,2.0,42.0,16.5,22.0,2.5,52.0,18.5,24.5,7.5,80.8,89.2,89.8,33.3,752.0,313.5,42.0,16.5,22.0,2.5,52.0,18.5,24.5,7.5,80.8,89.2,89.8,33.3,42.0,16.5,22.0,2.5,52.0,18.5,24.5,7.5,80.8,89.2,89.8,33.3,42.0,16.5,22.0,2.5,52.0,18.5,24.5,7.5,80.8,89.2,89.8,33.3,0.0,0.0,0.0,0.0,2.5,0.0,0.0,0.0,1.0,0.0,0.0,0.99,0.0,0.0,,10.7,0.0,0.0,0.0,0.04,-0.05,-0.05,64.5,8.5,30.5,31.0,3.0,2.0,64.5,0.5,100.0,0.0,0.0,30.0,0.0,0.0,0.0,38.0,1.0,0.5,1.0,1.0,0.5,33.3,1.0,1.0,0.0,1.0,2.0,8.0,0.0,0.0,0.0,0.0,0.0,0.0,0.0,0.0,0.0,0.0,0.0,0.0,0.0,0.0,0.0,0.0,0.0,0.0,1.0,0.0,0.0,0.0,1.0,1.0,0.0,0.0,0.0,4.5,3.0,54.5,,,,,,,,,,,,,,,,,,,,,,,,,,,,
Tommy Silva,us USA,DF,Real Salt Lake,21,2002,1,0,19,0.2,0.0,0.0,0.0,0.0,0.0,0.0,0.0,0.0,0.0,0.0,0.0,0.0,0.0,0.0,5.0,0.0,0.0,0.0,0.0,0.0,0.0,0.0,0.0,0.0,0.0,Matches,2024,0.2,20.0,10.0,5.0,5.0,35.0,10.0,15.0,10.0,57.1,100.0,33.3,50.0,370.0,55.0,20.0,10.0,5.0,5.0,35.0,10.0,15.0,10.0,57.1,100.0,33.3,50.0,20.0,10.0,5.0,5.0,35.0,10.0,15.0,10.0,57.1,100.0,33.3,50.0,20.0,10.0,5.0,5.0,35.0,10.0,15.0,10.0,57.1,100.0,33.3,50.0,0.0,0.0,0.0,0.0,0.0,0.0,0.0,0.0,0.0,0.0,,0.0,0.0,,,,0.0,0.0,0.0,,0.0,0.0,75.0,35.0,50.0,15.0,10.0,0.0,75.0,0.0,,0.0,,20.0,0.0,0.0,0.0,15.0,0.0,0.0,0.0,0.0,0.0,,0.0,0.0,0.0,10.0,10.0,15.0,0.0,0.0,0.0,0.0,0.0,0.0,0.0,0.0,0.0,0.0,0.0,0.0,0.0,0.0,0.0,0.0,0.0,0.0,5.0,0.0,0.0,5.0,10.0,0.0,0.0,0.0,0.0,10.0,0.0,,,,,,,,,,,,,,,,,,,,,,,,,,,,,
Xande Silva,pt POR,"FW,MF",Atlanta Utd,26,1997,23,17,1453,16.1,0.12,0.06,0.19,0.12,0.0,0.0,0.12,0.0,0.18,0.18,0.15,0.33,3.73,3.98,8.51,0.12,0.06,0.19,0.12,0.19,0.18,0.15,0.33,0.18,0.33,Matches,2024,16.1,25.2,12.6,9.19,2.05,31.5,14.3,11.2,2.55,80.1,88.3,82.2,80.5,396.7,86.0,25.2,12.6,9.19,2.05,31.5,14.3,11.2,2.55,80.1,88.3,82.2,80.5,25.2,12.6,9.19,2.05,31.5,14.3,11.2,2.55,80.1,88.3,82.2,80.5,25.2,12.6,9.19,2.05,31.5,14.3,11.2,2.55,80.1,88.3,82.2,80.5,0.06,0.16,-0.09,1.68,1.68,1.18,0.19,0.12,2.67,1.37,51.2,2.66,1.36,0.05,0.09,18.0,0.0,0.0,0.0,0.07,-0.06,-0.06,44.8,0.19,4.29,18.8,22.5,5.47,44.8,1.8,39.7,2.48,54.8,29.9,1.61,2.61,1.8,33.5,1.49,0.75,1.12,1.49,0.75,46.2,0.87,1.18,1.12,0.5,1.99,0.43,0.0,3.73,3.72,0.5,0.0,0.06,0.0,0.0,0.0,0.25,0.25,0.5,0.0,0.06,0.0,0.0,0.0,0.0,1.3,1.12,0.12,1.93,0.5,1.12,0.0,0.0,0.0,3.6,0.75,46.2,,,,,,,,,,,,,,,,,,,,,,,,,,,,
Jonathan Sirois,ca CAN,GK,CF Montréal,22,2001,33,33,2970,33.0,0.0,0.0,0.0,0.0,0.0,0.0,0.03,0.0,0.0,0.0,0.0,0.0,0.0,0.0,0.03,0.0,0.0,0.0,0.0,0.0,0.0,0.0,0.0,0.0,0.0,Matches,2024,33.0,30.4,10.8,14.1,5.09,38.3,10.9,14.6,12.2,79.4,98.9,96.5,41.6,635.2,409.3,30.4,10.8,14.1,5.09,38.3,10.9,14.6,12.2,79.4,98.9,96.5,41.6,30.4,10.8,14.1,5.09,38.3,10.9,14.6,12.2,79.4,98.9,96.5,41.6,30.4,10.8,14.1,5.09,38.3,10.9,14.6,12.2,79.4,98.9,96.5,41.6,0.0,0.0,0.0,0.0,0.12,0.0,0.0,0.0,0.0,0.0,,0.0,0.0,,,,0.0,0.0,0.0,,0.0,0.0,40.8,33.4,40.6,0.21,0.0,0.0,40.8,0.0,,0.0,,22.9,0.0,0.0,0.0,18.6,0.06,0.06,0.03,0.06,0.06,66.7,0.03,0.0,0.0,0.0,0.06,0.79,0.12,0.06,0.06,0.0,0.0,0.0,0.0,0.0,0.0,0.0,0.0,0.0,0.0,0.0,0.0,0.0,0.0,0.0,0.03,0.03,0.0,0.0,0.0,0.03,0.0,0.03,0.0,1.76,0.21,77.8,1.88,0.12,0.24,0.03,1.86,0.34,0.02,0.02,30.4,6.82,19.2,30.6,26.3,29.3,15.4,19.2,30.6,26.3,29.3,15.4,15.1,0.82,5.4,1.36,1.36,26.3,29.3,15.4
Jack Skahan,us USA,"MF,FW",SJ Earthquakes,25,1998,29,6,860,9.6,0.1,0.1,0.21,0.1,0.0,0.0,0.63,0.0,0.29,0.29,0.18,0.47,2.4,3.23,6.67,0.1,0.1,0.21,0.1,0.21,0.29,0.18,0.47,0.29,0.47,Matches,2024,9.6,21.1,10.0,8.75,1.98,28.3,12.1,10.5,3.44,74.6,82.8,83.2,57.6,350.2,99.9,21.1,10.0,8.75,1.98,28.3,12.1,10.5,3.44,74.6,82.8,83.2,57.6,21.1,10.0,8.75,1.98,28.3,12.1,10.5,3.44,74.6,82.8,83.2,57.6,21.1,10.0,8.75,1.98,28.3,12.1,10.5,3.44,74.6,82.8,83.2,57.6,0.1,0.26,-0.07,1.56,2.19,0.63,0.42,0.1,2.19,1.04,47.6,2.2,1.05,0.05,0.1,17.2,0.0,0.0,0.0,0.13,-0.19,-0.19,40.1,0.52,4.58,18.0,18.1,3.85,40.1,1.46,48.3,1.46,48.3,23.1,0.94,3.02,1.88,28.5,0.63,0.42,0.31,0.63,0.42,33.3,0.83,1.04,1.04,0.1,0.73,0.42,0.1,3.54,3.56,0.31,0.1,0.1,0.0,0.0,0.0,0.42,0.42,0.31,0.1,0.1,0.0,0.0,0.0,0.0,1.77,0.94,0.42,2.08,0.1,0.31,0.0,0.0,0.0,2.71,0.94,39.1,,,,,,,,,,,,,,,,,,,,,,,,,,,,
Joseph Skinner,us USA,FW,Nashville SC,20,2003,2,0,5,0.1,0.0,0.0,0.0,0.0,0.0,0.0,0.0,0.0,0.0,0.0,0.0,0.0,0.0,0.0,30.0,0.0,0.0,0.0,0.0,0.0,0.0,0.28,0.28,0.0,0.28,Matches,2024,0.1,30.0,20.0,0.0,10.0,40.0,30.0,0.0,10.0,75.0,66.7,,100.0,510.0,320.0,30.0,20.0,0.0,10.0,40.0,30.0,0.0,10.0,75.0,66.7,,100.0,30.0,20.0,0.0,10.0,40.0,30.0,0.0,10.0,75.0,66.7,,100.0,30.0,20.0,0.0,10.0,40.0,30.0,0.0,10.0,75.0,66.7,,100.0,0.0,1.0,0.0,10.0,0.0,10.0,10.0,0.0,0.0,0.0,,0.0,0.0,,,,0.0,0.0,0.0,,0.0,0.0,70.0,0.0,10.0,30.0,30.0,0.0,70.0,0.0,,0.0,,50.0,0.0,10.0,0.0,50.0,10.0,0.0,0.0,10.0,0.0,0.0,20.0,10.0,10.0,0.0,10.0,0.0,0.0,10.0,18.0,0.0,0.0,0.0,0.0,0.0,0.0,0.0,0.0,0.0,0.0,0.0,0.0,0.0,0.0,0.0,0.0,0.0,0.0,10.0,0.0,0.0,0.0,0.0,0.0,0.0,0.0,,,,,,,,,,,,,,,,,,,,,,,,,,,,,
Bartosz Slisz,pl POL,MF,Atlanta Utd,24,1999,28,27,2398,26.6,0.04,0.0,0.04,0.04,0.0,0.0,0.11,0.0,0.04,0.04,0.09,0.13,2.11,6.39,1.39,0.04,0.0,0.04,0.04,0.04,0.04,0.08,0.13,0.04,0.13,Matches,2024,26.6,46.5,20.3,20.9,4.25,54.5,22.6,24.0,5.6,85.4,89.5,86.9,75.8,808.5,239.5,46.5,20.3,20.9,4.25,54.5,22.6,24.0,5.6,85.4,89.5,86.9,75.8,46.5,20.3,20.9,4.25,54.5,22.6,24.0,5.6,85.4,89.5,86.9,75.8,46.5,20.3,20.9,4.25,54.5,22.6,24.0,5.6,85.4,89.5,86.9,75.8,0.0,0.09,-0.09,0.71,5.9,0.68,0.04,0.04,0.94,0.11,12.0,0.94,0.11,0.04,0.33,24.4,0.08,0.0,0.0,0.04,-0.0,-0.0,63.6,2.33,14.5,38.2,11.8,1.2,63.6,0.41,55.0,0.26,35.0,34.7,0.19,0.86,0.71,42.3,1.99,0.79,0.98,1.99,0.79,43.8,1.02,1.17,0.71,1.35,3.35,1.43,0.08,2.41,2.4,0.0,0.0,0.08,0.0,0.04,0.0,0.11,0.11,0.0,0.0,0.08,0.0,0.04,0.0,0.0,1.05,1.09,0.0,0.64,1.35,0.98,0.0,0.0,0.0,5.79,1.5,59.7,,,,,,,,,,,,,,,,,,,,,,,,,,,,
Tyger Smalls,,FW,Charlotte,21,2002,15,1,225,2.5,0.0,0.0,0.0,0.0,0.0,0.0,1.2,0.0,0.28,0.28,0.24,0.48,4.4,3.6,10.0,0.0,0.0,0.0,0.0,0.0,0.26,0.23,0.49,0.26,0.49,Matches,2024,2.5,17.2,10.4,4.4,1.6,23.2,12.8,6.0,2.8,74.1,81.3,73.3,57.1,258.8,97.6,17.2,10.4,4.4,1.6,23.2,12.8,6.0,2.8,74.1,81.3,73.3,57.1,17.2,10.4,4.4,1.6,23.2,12.8,6.0,2.8,74.1,81.3,73.3,57.1,17.2,10.4,4.4,1.6,23.2,12.8,6.0,2.8,74.1,81.3,73.3,57.1,0.0,0.08,-0.24,2.0,1.2,1.6,0.0,0.0,1.6,0.0,0.0,1.6,0.0,0.0,,14.9,0.0,0.0,0.0,0.17,-0.28,-0.28,43.6,0.8,6.4,17.2,21.2,4.4,43.6,2.4,50.0,2.0,41.7,22.8,1.6,4.4,0.8,24.0,3.6,0.8,2.8,3.6,0.8,22.2,2.8,2.8,2.4,0.8,4.4,1.2,0.0,4.4,4.38,0.8,0.0,0.4,0.0,0.0,0.0,0.0,0.0,0.8,0.0,0.4,0.0,0.0,0.0,0.0,3.6,1.6,0.0,1.6,0.8,2.8,0.0,0.0,0.0,4.4,0.8,33.3,,,,,,,,,,,,,,,,,,,,,,,,,,,,
Alec Smir,us USA,GK,Minnesota Utd,24,1999,3,3,270,3.0,0.0,0.0,0.0,0.0,0.0,0.0,0.0,0.0,0.0,0.0,0.0,0.0,0.0,0.0,0.0,0.0,0.0,0.0,0.0,0.0,0.0,0.0,0.0,0.0,0.0,Matches,2024,3.0,16.3,6.33,5.67,4.33,24.3,6.33,6.0,11.7,67.1,100.0,94.4,37.1,408.7,302.3,16.3,6.33,5.67,4.33,24.3,6.33,6.0,11.7,67.1,100.0,94.4,37.1,16.3,6.33,5.67,4.33,24.3,6.33,6.0,11.7,67.1,100.0,94.4,37.1,16.3,6.33,5.67,4.33,24.3,6.33,6.0,11.7,67.1,100.0,94.4,37.1,0.0,0.0,0.0,0.0,0.33,0.0,0.0,0.0,0.0,0.0,,0.0,0.0,,,,0.0,0.0,0.0,,0.0,0.0,27.0,23.3,27.0,0.0,0.0,0.0,27.0,0.0,,0.0,,12.3,0.0,0.0,0.0,9.67,0.0,0.0,0.0,0.0,0.0,,0.0,0.0,0.0,0.0,0.0,1.67,0.0,0.0,0.0,0.0,0.0,0.0,0.0,0.0,0.0,0.0,0.0,0.0,0.0,0.0,0.0,0.0,0.0,0.0,0.0,0.33,0.0,0.0,0.0,0.0,0.0,0.0,0.0,1.33,0.0,,2.0,0.0,0.67,0.0,1.77,0.41,-0.23,-0.24,17.3,4.0,44.2,30.0,35.2,33.6,9.2,44.2,30.0,35.2,33.6,9.2,12.3,0.33,2.7,0.67,0.67,35.2,33.6,9.2
Brad Smith,au AUS,"FW,DF",Houston Dynamo,29,1994,20,1,401,4.5,0.44,0.44,0.89,0.44,0.0,0.0,0.22,0.0,0.13,0.13,0.24,0.38,2.22,2.67,12.4,0.45,0.45,0.9,0.45,0.9,0.14,0.24,0.38,0.14,0.38,Matches,2024,4.5,36.4,22.2,10.7,2.0,47.1,23.8,14.7,4.67,77.4,93.5,72.7,42.9,533.6,151.6,36.4,22.2,10.7,2.0,47.1,23.8,14.7,4.67,77.4,93.5,72.7,42.9,36.4,22.2,10.7,2.0,47.1,23.8,14.7,4.67,77.4,93.5,72.7,42.9,36.4,22.2,10.7,2.0,47.1,23.8,14.7,4.67,77.4,93.5,72.7,42.9,0.44,0.18,0.2,1.56,1.78,1.33,0.89,0.44,1.78,0.67,37.5,1.8,0.67,0.25,0.67,18.8,0.0,0.0,0.0,0.08,0.31,0.31,57.8,2.0,10.4,20.4,26.9,3.11,57.8,0.22,12.5,1.33,75.0,33.6,0.22,1.56,0.44,41.6,1.56,0.67,0.67,1.56,0.67,33.3,1.33,0.89,0.67,0.22,1.78,1.78,0.0,2.22,2.24,0.0,0.0,0.0,0.0,0.0,0.0,0.44,0.45,0.0,0.0,0.0,0.0,0.0,0.0,0.0,1.78,0.89,0.0,6.0,0.22,0.67,0.0,0.0,0.0,2.22,0.67,42.9,,,,,,,,,,,,,,,,,,,,,,,,,,,,
Kyle Smith,us USA,"DF,MF",Orlando City,32,1992,29,12,1150,12.8,0.0,0.08,0.08,0.0,0.0,0.0,0.16,0.0,0.05,0.05,0.08,0.13,1.02,6.48,4.14,0.0,0.08,0.08,0.0,0.08,0.05,0.07,0.13,0.05,0.13,Matches,2024,12.8,53.0,28.0,18.9,5.16,64.1,30.5,22.7,8.67,82.6,91.8,83.4,59.5,886.1,330.5,53.0,28.0,18.9,5.16,64.1,30.5,22.7,8.67,82.6,91.8,83.4,59.5,53.0,28.0,18.9,5.16,64.1,30.5,22.7,8.67,82.6,91.8,83.4,59.5,53.0,28.0,18.9,5.16,64.1,30.5,22.7,8.67,82.6,91.8,83.4,59.5,0.08,0.06,0.0,0.63,5.23,0.47,0.31,0.0,0.39,0.0,0.0,0.39,0.0,0.0,,15.2,0.0,0.0,0.0,0.14,-0.05,-0.05,74.5,4.69,23.6,32.7,18.6,0.63,74.5,0.31,57.1,0.23,42.9,36.2,0.08,1.02,0.63,47.4,1.72,0.94,0.47,1.72,0.94,54.5,0.78,1.17,0.94,0.7,2.42,3.13,0.0,2.42,2.42,0.0,0.0,0.08,0.0,0.0,0.0,0.31,0.31,0.0,0.0,0.08,0.0,0.0,0.0,0.0,1.02,0.86,0.0,1.56,0.7,0.47,0.0,0.08,0.0,3.75,1.02,35.1,,,,,,,,,,,,,,,,,,,,,,,,,,,,
Mohammed Sofo,gh GHA,MF,NY Red Bulls,19,2004,1,0,28,0.3,0.0,0.0,0.0,0.0,0.0,0.0,0.0,0.0,0.0,0.0,0.0,0.0,0.0,3.33,10.0,0.0,0.0,0.0,0.0,0.0,0.0,0.0,0.0,0.0,0.0,Matches,2024,0.3,26.7,26.7,0.0,0.0,36.7,36.7,0.0,0.0,72.7,72.7,,,270.0,60.0,26.7,26.7,0.0,0.0,36.7,36.7,0.0,0.0,72.7,72.7,,,26.7,26.7,0.0,0.0,36.7,36.7,0.0,0.0,72.7,72.7,,,26.7,26.7,0.0,0.0,36.7,36.7,0.0,0.0,72.7,72.7,,,0.0,0.0,0.0,0.0,0.0,0.0,0.0,0.0,0.0,0.0,,0.0,0.0,,,,0.0,0.0,0.0,,0.0,0.0,50.0,0.0,0.0,13.3,36.7,3.33,50.0,0.0,,0.0,,36.7,0.0,6.67,3.33,40.0,3.33,0.0,3.33,3.33,0.0,0.0,3.33,3.33,3.33,0.0,3.33,0.0,0.0,0.0,0.0,0.0,0.0,0.0,0.0,0.0,0.0,0.0,0.0,0.0,0.0,0.0,0.0,0.0,0.0,0.0,6.67,3.33,0.0,0.0,0.0,3.33,0.0,0.0,0.0,0.0,0.0,,,,,,,,,,,,,,,,,,,,,,,,,,,,,
Joaquin Sosa,uy URU,DF,CF Montréal,22,2002,19,15,1270,14.1,0.0,0.0,0.0,0.0,0.0,0.0,0.28,0.0,0.08,0.08,0.09,0.16,1.21,5.25,2.55,0.0,0.0,0.0,0.0,0.0,0.08,0.08,0.16,0.08,0.16,Matches,2024,14.1,53.2,25.0,23.9,3.62,64.2,27.9,27.7,6.45,82.9,89.6,86.4,56.0,913.1,302.4,53.2,25.0,23.9,3.62,64.2,27.9,27.7,6.45,82.9,89.6,86.4,56.0,53.2,25.0,23.9,3.62,64.2,27.9,27.7,6.45,82.9,89.6,86.4,56.0,53.2,25.0,23.9,3.62,64.2,27.9,27.7,6.45,82.9,89.6,86.4,56.0,0.0,0.05,-0.09,0.43,3.12,0.57,0.14,0.0,0.85,0.21,25.0,0.85,0.21,0.0,0.0,15.3,0.0,0.0,0.0,0.09,-0.08,-0.08,74.7,4.68,29.3,37.0,8.72,1.49,74.7,0.43,60.0,0.21,30.0,43.5,0.14,1.21,0.35,51.6,2.62,1.77,1.7,2.62,1.77,71.4,0.71,1.28,0.92,1.21,3.83,2.84,0.0,0.99,0.99,0.14,0.0,0.07,0.07,0.07,0.0,0.21,0.21,0.14,0.0,0.07,0.07,0.07,0.0,0.0,1.21,0.28,0.07,1.49,1.21,1.7,0.07,0.0,0.0,3.83,1.63,60.5,,,,,,,,,,,,,,,,,,,,,,,,,,,,
Arnaud Souquet,fr FRA,DF,Chicago Fire,31,1992,26,21,1868,20.8,0.0,0.05,0.05,0.0,0.0,0.0,0.0,0.0,0.02,0.02,0.03,0.05,1.92,4.81,2.6,0.0,0.05,0.05,0.0,0.05,0.02,0.03,0.05,0.02,0.05,Matches,2024,20.8,52.8,24.7,24.2,3.27,64.6,26.6,27.9,7.6,81.7,92.8,86.7,43.0,889.0,305.3,52.8,24.7,24.2,3.27,64.6,26.6,27.9,7.6,81.7,92.8,86.7,43.0,52.8,24.7,24.2,3.27,64.6,26.6,27.9,7.6,81.7,92.8,86.7,43.0,52.8,24.7,24.2,3.27,64.6,26.6,27.9,7.6,81.7,92.8,86.7,43.0,0.05,0.03,0.01,0.38,4.71,0.58,0.14,0.0,0.58,0.19,33.3,0.58,0.19,0.0,0.0,22.0,0.0,0.0,0.0,0.03,-0.02,-0.02,74.5,3.27,27.7,35.4,11.8,0.72,74.5,0.67,42.4,0.77,48.5,43.4,0.24,0.77,0.72,51.1,1.88,1.01,1.39,1.88,1.01,60.0,0.67,1.3,0.91,1.3,3.17,2.31,0.0,1.44,1.45,0.0,0.0,0.05,0.0,0.0,0.0,0.05,0.05,0.0,0.0,0.05,0.0,0.0,0.0,0.0,1.06,1.25,0.0,2.26,1.3,1.39,0.0,0.0,0.0,4.66,1.01,53.8,,,,,,,,,,,,,,,,,,,,,,,,,,,,
Ryan Spaulding,us USA,"DF,MF",NE Revolution,25,1998,11,4,447,5.0,0.0,0.0,0.0,0.0,0.0,0.0,0.0,0.2,0.02,0.02,0.08,0.1,3.6,2.0,6.2,0.0,0.0,0.0,0.0,0.0,0.02,0.08,0.1,0.02,0.1,Matches,2024,5.0,36.6,20.4,12.4,2.4,47.2,22.8,16.6,3.8,77.5,89.5,74.7,63.2,564.8,166.4,36.6,20.4,12.4,2.4,47.2,22.8,16.6,3.8,77.5,89.5,74.7,63.2,36.6,20.4,12.4,2.4,47.2,22.8,16.6,3.8,77.5,89.5,74.7,63.2,36.6,20.4,12.4,2.4,47.2,22.8,16.6,3.8,77.5,89.5,74.7,63.2,0.0,0.18,-0.08,0.6,1.2,1.2,0.6,0.0,1.0,0.2,20.0,1.01,0.2,0.0,0.0,25.3,0.0,0.0,0.0,0.02,-0.02,-0.02,61.2,3.4,16.4,27.0,18.6,2.0,61.2,1.0,62.5,0.6,37.5,32.8,0.8,1.6,1.8,34.8,3.0,1.6,1.2,3.0,1.6,72.7,0.6,1.6,1.2,1.4,4.4,2.8,0.0,1.0,1.0,0.2,0.0,0.0,0.0,0.0,0.0,0.0,0.0,0.2,0.0,0.0,0.0,0.0,0.0,0.0,1.2,1.2,0.4,4.0,1.4,1.2,0.0,0.0,0.0,3.6,0.8,44.4,,,,,,,,,,,,,,,,,,,,,,,,,,,,
Tyrese Spicer,tt TRI,"DF,MF",Toronto FC,23,2000,19,13,1064,11.8,0.17,0.08,0.25,0.17,0.0,0.0,0.17,0.0,0.08,0.08,0.14,0.22,2.8,1.44,6.69,0.17,0.08,0.25,0.17,0.25,0.08,0.13,0.22,0.08,0.22,Matches,2024,11.8,22.9,12.6,7.88,1.86,34.6,15.5,11.3,4.92,66.2,81.4,69.9,37.9,370.9,127.2,22.9,12.6,7.88,1.86,34.6,15.5,11.3,4.92,66.2,81.4,69.9,37.9,22.9,12.6,7.88,1.86,34.6,15.5,11.3,4.92,66.2,81.4,69.9,37.9,22.9,12.6,7.88,1.86,34.6,15.5,11.3,4.92,66.2,81.4,69.9,37.9,0.08,0.13,-0.05,0.51,1.02,1.1,0.68,0.17,1.19,0.42,35.7,1.18,0.42,0.14,0.4,15.5,0.0,0.0,0.0,0.07,0.08,0.08,47.8,2.03,13.1,18.4,17.8,2.71,47.8,1.53,41.9,1.86,51.2,23.9,0.51,1.36,1.69,25.2,2.29,0.42,1.78,2.29,0.42,38.5,0.68,2.2,2.03,0.93,3.22,1.36,0.08,1.27,1.27,0.17,0.0,0.08,0.0,0.0,0.0,0.17,0.17,0.17,0.0,0.08,0.0,0.0,0.0,0.0,0.76,0.93,0.68,3.31,0.93,1.78,0.0,0.0,0.0,5.0,1.36,44.4,,,,,,,,,,,,,,,,,,,,,,,,,,,,
Dayne St. Clair,ca CAN,GK,Minnesota Utd,26,1997,26,26,2340,26.0,0.0,0.0,0.0,0.0,0.0,0.0,0.08,0.0,0.0,0.0,0.0,0.0,0.0,0.08,0.0,0.0,0.0,0.0,0.0,0.0,0.0,0.0,0.0,0.0,0.0,Matches,2024,26.0,18.0,2.92,8.12,6.81,32.1,2.92,8.27,20.7,56.0,100.0,98.1,32.9,538.5,411.3,18.0,2.92,8.12,6.81,32.1,2.92,8.27,20.7,56.0,100.0,98.1,32.9,18.0,2.92,8.12,6.81,32.1,2.92,8.27,20.7,56.0,100.0,98.1,32.9,18.0,2.92,8.12,6.81,32.1,2.92,8.27,20.7,56.0,100.0,98.1,32.9,0.0,0.0,0.0,0.0,0.46,0.08,0.0,0.0,0.0,0.0,,0.0,0.0,,,,0.0,0.0,0.0,,0.0,0.0,34.4,26.4,34.1,0.31,0.0,0.0,34.4,0.0,,0.0,,18.4,0.0,0.04,0.0,13.4,0.12,0.12,0.08,0.12,0.12,50.0,0.12,0.04,0.04,0.0,0.12,0.62,0.04,0.27,0.27,0.0,0.0,0.0,0.0,0.0,0.0,0.0,0.0,0.0,0.0,0.0,0.0,0.0,0.0,0.0,0.0,0.19,0.0,0.0,0.0,0.08,0.0,0.0,0.0,1.58,0.19,83.3,1.19,0.04,0.19,0.04,1.23,0.31,0.08,0.08,25.3,3.69,48.2,71.4,39.1,50.1,16.5,48.2,71.4,39.1,50.1,16.5,14.9,0.27,1.8,1.54,1.54,39.1,50.1,16.5
Mason Stajduhar,us USA,GK,Orlando City,26,1997,5,5,388,4.3,0.0,0.0,0.0,0.0,0.0,0.0,0.0,0.0,0.0,0.0,0.0,0.0,0.0,0.0,0.0,0.0,0.0,0.0,0.0,0.0,0.0,0.0,0.0,0.0,0.0,Matches,2024,4.3,18.4,5.81,6.05,6.28,22.8,5.81,6.05,10.5,80.6,100.0,100.0,60.0,464.4,384.2,18.4,5.81,6.05,6.28,22.8,5.81,6.05,10.5,80.6,100.0,100.0,60.0,18.4,5.81,6.05,6.28,22.8,5.81,6.05,10.5,80.6,100.0,100.0,60.0,18.4,5.81,6.05,6.28,22.8,5.81,6.05,10.5,80.6,100.0,100.0,60.0,0.0,0.0,0.0,0.0,0.23,0.0,0.0,0.0,0.0,0.0,,0.0,0.0,,,,0.0,0.0,0.0,,0.0,0.0,25.1,22.1,25.1,0.0,0.0,0.0,25.1,0.0,,0.0,,10.5,0.0,0.0,0.0,7.44,0.0,0.0,0.0,0.0,0.0,0.0,0.23,0.0,0.0,0.0,0.0,0.23,0.0,0.0,0.0,0.0,0.0,0.0,0.0,0.0,0.0,0.0,0.0,0.0,0.0,0.0,0.0,0.0,0.0,0.0,0.0,0.0,0.0,0.0,0.0,0.0,0.0,0.0,0.0,1.16,0.0,,1.86,0.47,0.0,0.0,2.33,0.29,0.47,0.45,17.4,5.81,32.0,18.2,31.8,31.0,13.3,32.0,18.2,31.8,31.0,13.3,8.84,0.93,10.5,0.93,0.93,31.8,31.0,13.3
Zack Steffen,us USA,GK,Colorado Rapids,28,1995,33,33,2970,33.0,0.0,0.0,0.0,0.0,0.0,0.0,0.09,0.0,0.0,0.0,0.0,0.0,0.0,0.0,0.0,0.0,0.0,0.0,0.0,0.0,0.0,0.0,0.0,0.0,0.0,Matches,2024,33.0,22.3,3.97,10.0,8.27,32.1,3.97,10.2,17.5,69.5,100.0,97.6,47.2,644.5,474.0,22.3,3.97,10.0,8.27,32.1,3.97,10.2,17.5,69.5,100.0,97.6,47.2,22.3,3.97,10.0,8.27,32.1,3.97,10.2,17.5,69.5,100.0,97.6,47.2,22.3,3.97,10.0,8.27,32.1,3.97,10.2,17.5,69.5,100.0,97.6,47.2,0.0,0.0,0.0,0.03,0.52,0.03,0.0,0.0,0.0,0.0,,0.0,0.0,,,,0.0,0.0,0.0,,0.0,0.0,35.0,25.1,34.6,0.48,0.0,0.0,35.0,0.0,,0.0,,18.3,0.0,0.06,0.0,13.7,0.09,0.09,0.0,0.09,0.09,75.0,0.03,0.0,0.0,0.0,0.09,0.73,0.06,0.27,0.27,0.0,0.0,0.0,0.0,0.0,0.0,0.0,0.0,0.0,0.0,0.0,0.0,0.0,0.0,0.0,0.0,0.06,0.0,0.0,0.0,0.0,0.0,0.0,0.0,2.33,0.15,100.0,1.73,0.06,0.18,0.06,1.39,0.29,-0.28,-0.27,24.3,4.55,33.8,58.3,34.8,46.4,18.7,33.8,58.3,34.8,46.4,18.7,12.2,0.45,3.7,2.27,2.27,34.8,46.4,18.7
Daniel Steres,us USA,DF,Houston Dynamo,33,1990,21,12,1171,13.0,0.15,0.15,0.31,0.15,0.0,0.0,0.38,0.0,0.04,0.04,0.06,0.1,1.0,3.92,2.15,0.15,0.15,0.31,0.15,0.31,0.04,0.06,0.1,0.04,0.1,Matches,2024,13.0,52.4,23.9,23.1,4.54,61.6,26.2,26.8,6.69,85.0,91.5,86.2,67.8,908.0,319.5,52.4,23.9,23.1,4.54,61.6,26.2,26.8,6.69,85.0,91.5,86.2,67.8,52.4,23.9,23.1,4.54,61.6,26.2,26.8,6.69,85.0,91.5,86.2,67.8,52.4,23.9,23.1,4.54,61.6,26.2,26.8,6.69,85.0,91.5,86.2,67.8,0.15,0.05,0.09,0.77,3.77,0.38,0.15,0.15,0.69,0.31,44.4,0.69,0.31,0.22,0.5,17.2,0.0,0.0,0.0,0.06,0.12,0.12,71.2,4.15,26.0,34.6,10.7,1.54,71.2,0.62,72.7,0.15,18.2,35.4,0.0,0.92,0.08,46.3,2.15,1.31,1.62,2.15,1.31,77.3,0.38,0.77,0.54,0.69,2.85,2.69,0.08,1.46,1.46,0.0,0.0,0.0,0.0,0.0,0.0,0.23,0.23,0.0,0.0,0.0,0.0,0.0,0.0,0.0,1.38,0.46,0.08,0.85,0.69,1.62,0.0,0.0,0.0,2.0,2.0,68.4,,,,,,,,,,,,,,,,,,,,,,,,,,,,
Kimani Stewart-Baynes,ca CAN,"FW,MF",Colorado Rapids,19,2005,12,0,140,1.6,0.0,0.63,0.63,0.0,0.0,0.0,0.0,0.0,0.06,0.06,0.25,0.25,3.13,1.88,14.4,0.0,0.64,0.64,0.0,0.64,0.06,0.22,0.29,0.06,0.29,Matches,2024,1.6,21.9,11.9,8.75,0.63,29.4,15.0,11.3,1.88,74.5,79.2,77.8,33.3,320.0,54.4,21.9,11.9,8.75,0.63,29.4,15.0,11.3,1.88,74.5,79.2,77.8,33.3,21.9,11.9,8.75,0.63,29.4,15.0,11.3,1.88,74.5,79.2,77.8,33.3,21.9,11.9,8.75,0.63,29.4,15.0,11.3,1.88,74.5,79.2,77.8,33.3,0.63,0.19,0.37,1.25,2.5,0.0,0.0,0.0,0.63,0.0,0.0,0.64,0.0,0.0,,10.2,0.0,0.0,0.0,0.1,-0.06,-0.06,51.3,1.25,6.88,16.3,29.4,5.0,51.3,1.25,22.2,4.38,77.8,34.4,1.25,5.0,1.25,34.4,4.38,2.5,1.88,4.38,2.5,66.7,1.25,1.25,0.63,1.25,5.63,0.63,0.0,1.88,1.91,0.0,0.0,0.63,0.0,0.0,0.0,0.63,0.64,0.0,0.0,0.63,0.0,0.0,0.0,0.0,2.5,0.63,0.63,3.13,1.25,1.88,0.0,0.0,0.0,4.38,0.63,14.3,,,,,,,,,,,,,,,,,,,,,,,,,,,,
Jared Stroud,us USA,"MF,FW",D.C. United,27,1996,33,32,2496,27.7,0.11,0.25,0.36,0.11,0.0,0.0,0.14,0.0,0.19,0.19,0.22,0.41,2.78,2.67,9.42,0.11,0.25,0.36,0.11,0.36,0.19,0.22,0.41,0.19,0.41,Matches,2024,27.7,21.0,11.7,6.97,1.44,31.6,14.4,9.86,3.36,66.7,81.4,70.7,43.0,322.8,87.3,21.0,11.7,6.97,1.44,31.6,14.4,9.86,3.36,66.7,81.4,70.7,43.0,21.0,11.7,6.97,1.44,31.6,14.4,9.86,3.36,66.7,81.4,70.7,43.0,21.0,11.7,6.97,1.44,31.6,14.4,9.86,3.36,66.7,81.4,70.7,43.0,0.25,0.17,0.03,1.52,1.19,1.26,0.72,0.11,2.13,0.43,20.3,2.13,0.43,0.05,0.25,19.7,0.0,0.0,0.0,0.09,-0.08,-0.08,41.8,0.58,5.27,15.5,21.6,4.12,41.8,0.58,40.0,0.76,52.5,27.8,0.61,1.91,1.55,30.2,1.52,0.94,0.97,1.52,0.94,46.4,1.08,0.87,0.83,0.51,2.02,0.47,0.04,2.53,2.53,0.14,0.0,0.18,0.04,0.0,0.0,0.36,0.36,0.14,0.0,0.18,0.04,0.0,0.0,0.0,0.69,1.95,0.69,4.95,0.51,0.97,0.04,0.0,0.0,4.01,0.22,26.1,,,,,,,,,,,,,,,,,,,,,,,,,,,,
Peter Stroud,us USA,MF,NY Red Bulls,21,2002,14,12,844,9.4,0.0,0.11,0.11,0.0,0.0,0.0,0.21,0.0,0.03,0.03,0.02,0.05,1.81,3.3,3.4,0.0,0.11,0.11,0.0,0.11,0.03,0.03,0.06,0.03,0.06,Matches,2024,9.4,32.9,19.8,11.2,1.17,39.0,22.0,12.8,2.55,84.2,89.9,87.5,45.8,481.7,118.5,32.9,19.8,11.2,1.17,39.0,22.0,12.8,2.55,84.2,89.9,87.5,45.8,32.9,19.8,11.2,1.17,39.0,22.0,12.8,2.55,84.2,89.9,87.5,45.8,32.9,19.8,11.2,1.17,39.0,22.0,12.8,2.55,84.2,89.9,87.5,45.8,0.11,0.04,0.09,0.43,3.83,0.32,0.0,0.0,0.32,0.11,33.3,0.32,0.11,0.0,0.0,14.1,0.0,0.0,0.0,0.1,-0.03,-0.03,49.6,1.28,10.1,28.2,11.6,1.06,49.6,0.64,54.5,0.43,36.4,26.9,0.21,1.6,0.64,30.5,2.45,1.38,1.49,2.45,1.38,59.1,0.96,1.28,1.06,0.85,3.3,1.49,0.0,1.91,1.92,0.0,0.0,0.11,0.0,0.11,0.0,0.21,0.21,0.0,0.0,0.11,0.0,0.11,0.0,0.0,1.17,2.34,0.11,0.43,0.85,1.49,0.0,0.11,0.0,5.85,0.64,31.6,,,,,,,,,,,,,,,,,,,,,,,,,,,,
Brad Stuver,us USA,GK,Austin,32,1991,34,34,3060,34.0,0.0,0.0,0.0,0.0,0.0,0.0,0.06,0.0,0.0,0.0,0.0,0.0,0.0,0.09,0.0,0.0,0.0,0.0,0.0,0.0,0.0,0.0,0.0,0.0,0.0,Matches,2024,34.0,32.4,7.21,16.1,8.97,42.1,7.24,16.2,18.4,76.9,99.6,99.3,48.8,845.2,624.7,32.4,7.21,16.1,8.97,42.1,7.24,16.2,18.4,76.9,99.6,99.3,48.8,32.4,7.21,16.1,8.97,42.1,7.24,16.2,18.4,76.9,99.6,99.3,48.8,32.4,7.21,16.1,8.97,42.1,7.24,16.2,18.4,76.9,99.6,99.3,48.8,0.0,0.0,0.0,0.0,1.0,0.0,0.0,0.0,0.0,0.0,,0.0,0.0,,,,0.0,0.0,0.0,,0.0,0.0,45.0,35.8,44.4,0.62,0.0,0.0,45.0,0.0,,0.0,,23.9,0.03,0.0,0.0,21.0,0.0,0.0,0.0,0.0,0.0,0.0,0.12,0.0,0.0,0.03,0.03,0.59,0.06,0.29,0.29,0.0,0.0,0.0,0.0,0.0,0.0,0.03,0.03,0.0,0.0,0.0,0.0,0.0,0.0,0.0,0.03,0.18,0.0,0.0,0.03,0.0,0.0,0.0,0.0,1.41,0.12,80.0,1.41,0.24,0.09,0.0,1.61,0.26,0.19,0.2,34.5,5.94,29.4,54.0,31.3,43.3,13.1,29.4,54.0,31.3,43.3,13.1,14.2,1.03,7.3,1.18,1.18,31.3,43.3,13.1
Luis Suárez,uy URU,FW,Inter Miami,37,1987,27,21,1918,21.3,0.94,0.42,1.36,0.94,0.0,0.0,0.28,0.0,0.63,0.63,0.3,0.92,1.13,3.29,8.17,0.94,0.42,1.36,0.94,1.36,0.63,0.29,0.92,0.63,0.92,Matches,2024,21.3,24.2,13.6,7.46,1.64,32.6,16.9,10.3,2.11,74.1,80.1,72.6,77.8,353.9,73.5,24.2,13.6,7.46,1.64,32.6,16.9,10.3,2.11,74.1,80.1,72.6,77.8,24.2,13.6,7.46,1.64,32.6,16.9,10.3,2.11,74.1,80.1,72.6,77.8,24.2,13.6,7.46,1.64,32.6,16.9,10.3,2.11,74.1,80.1,72.6,77.8,0.42,0.19,0.13,1.6,1.41,1.55,0.14,0.94,3.47,2.21,63.5,3.47,2.21,0.27,0.43,14.8,0.09,0.0,0.0,0.18,0.31,0.31,41.5,0.75,1.74,17.7,22.3,5.87,41.5,1.08,44.2,1.31,53.8,22.3,0.7,1.78,1.08,34.4,0.14,0.0,0.09,0.14,0.0,0.0,0.23,0.19,0.09,0.14,0.28,0.56,0.0,3.57,3.56,0.33,0.14,0.38,0.14,0.0,0.0,0.94,0.94,0.33,0.14,0.38,0.14,0.0,0.0,0.0,1.03,1.69,0.66,0.94,0.14,0.09,0.0,0.0,0.05,1.78,0.61,41.9,,,,,,,,,,,,,,,,,,,,,,,,,,,,
Cavan Sullivan,us USA,"MF,FW",Philadelphia Union,14,2009,3,0,10,0.1,0.0,0.0,0.0,0.0,0.0,0.0,0.0,0.0,1.0,1.0,0.0,1.0,30.0,10.0,20.0,0.0,0.0,0.0,0.0,0.0,0.52,0.0,0.52,0.52,0.52,Matches,2024,0.1,50.0,10.0,30.0,10.0,50.0,10.0,30.0,10.0,100.0,100.0,100.0,100.0,1070.0,700.0,50.0,10.0,30.0,10.0,50.0,10.0,30.0,10.0,100.0,100.0,100.0,100.0,50.0,10.0,30.0,10.0,50.0,10.0,30.0,10.0,100.0,100.0,100.0,100.0,50.0,10.0,30.0,10.0,50.0,10.0,30.0,10.0,100.0,100.0,100.0,100.0,0.0,0.0,0.0,0.0,0.0,0.0,0.0,0.0,20.0,20.0,100.0,18.0,18.0,0.0,0.0,23.9,0.0,0.0,0.0,0.03,-1.0,-1.0,90.0,0.0,20.0,50.0,30.0,0.0,90.0,0.0,,0.0,,80.0,0.0,10.0,0.0,70.0,10.0,0.0,10.0,10.0,0.0,,0.0,0.0,0.0,0.0,10.0,0.0,0.0,0.0,0.0,0.0,0.0,0.0,0.0,0.0,0.0,0.0,0.0,0.0,0.0,0.0,0.0,0.0,0.0,0.0,0.0,10.0,0.0,0.0,0.0,10.0,0.0,0.0,0.0,20.0,0.0,,,,,,,,,,,,,,,,,,,,,,,,,,,,,
Quinn Sullivan,us USA,"MF,FW",Philadelphia Union,19,2004,34,25,2403,26.7,0.19,0.3,0.49,0.19,0.0,0.0,0.15,0.0,0.15,0.15,0.28,0.42,4.34,4.19,8.54,0.19,0.3,0.49,0.19,0.49,0.15,0.28,0.42,0.15,0.42,Matches,2024,26.7,24.4,14.2,7.9,1.54,34.3,17.0,11.0,3.82,71.1,83.1,72.0,40.2,373.4,115.9,24.4,14.2,7.9,1.54,34.3,17.0,11.0,3.82,71.1,83.1,72.0,40.2,24.4,14.2,7.9,1.54,34.3,17.0,11.0,3.82,71.1,83.1,72.0,40.2,24.4,14.2,7.9,1.54,34.3,17.0,11.0,3.82,71.1,83.1,72.0,40.2,0.3,0.23,0.02,1.61,2.02,1.76,0.52,0.19,2.88,0.86,29.9,2.88,0.86,0.06,0.22,21.3,0.0,0.0,0.0,0.05,0.04,0.04,46.0,0.82,5.17,16.4,25.2,4.08,46.0,1.05,38.9,1.46,54.2,28.2,1.5,2.28,0.71,31.8,1.27,0.41,0.67,1.27,0.41,27.5,1.09,1.2,1.16,0.34,1.61,0.64,0.0,3.45,3.45,0.34,0.04,0.11,0.0,0.04,0.0,0.56,0.56,0.34,0.04,0.11,0.0,0.04,0.0,0.0,0.82,0.79,0.19,3.71,0.34,0.67,0.0,0.0,0.0,4.12,0.56,40.5,,,,,,,,,,,,,,,,,,,,,,,,,,,,
Lawson Sunderland,us USA,MF,Inter Miami,22,2001,5,3,193,2.1,0.0,0.48,0.48,0.0,0.0,0.0,0.0,0.0,0.05,0.05,0.48,0.48,1.43,5.24,3.81,0.0,0.47,0.47,0.0,0.47,0.03,0.45,0.48,0.03,0.48,Matches,2024,2.1,47.1,27.6,14.3,3.33,53.8,31.4,15.7,3.33,87.6,87.9,90.9,100.0,690.5,150.5,47.1,27.6,14.3,3.33,53.8,31.4,15.7,3.33,87.6,87.9,90.9,100.0,47.1,27.6,14.3,3.33,53.8,31.4,15.7,3.33,87.6,87.9,90.9,100.0,47.1,27.6,14.3,3.33,53.8,31.4,15.7,3.33,87.6,87.9,90.9,100.0,0.48,0.29,0.0,1.9,4.76,0.95,0.95,0.0,0.48,0.0,0.0,0.47,0.0,0.0,,24.8,0.0,0.0,0.0,0.07,-0.05,-0.05,64.8,1.9,11.0,36.7,17.1,2.86,64.8,0.48,100.0,0.0,0.0,34.3,0.0,2.86,0.48,46.7,1.9,0.48,1.43,1.9,0.48,25.0,1.43,2.86,2.38,1.43,3.33,0.48,0.0,2.86,2.81,0.0,0.0,0.0,0.0,0.0,0.0,0.48,0.47,0.0,0.0,0.0,0.0,0.0,0.0,0.0,0.95,0.0,0.0,0.95,1.43,1.43,0.0,0.0,0.0,4.76,1.43,50.0,,,,,,,,,,,,,,,,,,,,,,,,,,,,
Finn Surman,nz NZL,DF,Portland Timbers,20,2003,1,1,90,1.0,0.0,0.0,0.0,0.0,0.0,0.0,0.0,0.0,0.0,0.0,0.0,0.0,0.0,4.0,0.0,0.0,0.0,0.0,0.0,0.0,0.0,0.0,0.0,0.0,0.0,Matches,2024,1.0,38.0,14.0,20.0,2.0,46.0,14.0,21.0,9.0,82.6,100.0,95.2,22.2,676.0,217.0,38.0,14.0,20.0,2.0,46.0,14.0,21.0,9.0,82.6,100.0,95.2,22.2,38.0,14.0,20.0,2.0,46.0,14.0,21.0,9.0,82.6,100.0,95.2,22.2,38.0,14.0,20.0,2.0,46.0,14.0,21.0,9.0,82.6,100.0,95.2,22.2,0.0,0.0,0.0,0.0,1.0,0.0,0.0,0.0,0.0,0.0,,0.0,0.0,,,,0.0,0.0,0.0,,0.0,0.0,55.0,10.0,32.0,23.0,0.0,0.0,55.0,0.0,,0.0,,29.0,0.0,0.0,0.0,36.0,0.0,0.0,0.0,0.0,0.0,0.0,1.0,3.0,1.0,1.0,1.0,2.0,0.0,0.0,0.0,0.0,0.0,0.0,0.0,0.0,0.0,0.0,0.0,0.0,0.0,0.0,0.0,0.0,0.0,0.0,1.0,0.0,0.0,0.0,1.0,0.0,0.0,0.0,0.0,2.0,1.0,50.0,,,,,,,,,,,,,,,,,,,,,,,,,,,,
Sam Surridge,eng ENG,FW,Nashville SC,25,1998,28,27,2387,26.5,0.45,0.08,0.53,0.45,0.0,0.0,0.15,0.0,0.38,0.38,0.07,0.46,1.36,1.85,5.7,0.45,0.08,0.53,0.45,0.53,0.39,0.07,0.46,0.39,0.46,Matches,2024,26.5,15.0,7.02,6.53,0.98,22.0,9.7,8.42,1.74,68.2,72.4,77.6,56.5,243.7,53.7,15.0,7.02,6.53,0.98,22.0,9.7,8.42,1.74,68.2,72.4,77.6,56.5,15.0,7.02,6.53,0.98,22.0,9.7,8.42,1.74,68.2,72.4,77.6,56.5,15.0,7.02,6.53,0.98,22.0,9.7,8.42,1.74,68.2,72.4,77.6,56.5,0.08,0.06,0.0,0.75,1.06,0.38,0.11,0.45,2.38,0.94,39.7,2.38,0.94,0.19,0.48,11.7,0.0,0.0,0.0,0.16,0.07,0.07,30.8,1.02,4.0,14.6,12.6,4.64,30.8,0.57,53.6,0.45,42.9,16.1,0.72,2.04,0.87,22.8,0.87,0.3,0.57,0.87,0.3,47.1,0.34,0.53,0.49,0.23,1.09,1.02,0.0,2.04,2.04,0.19,0.08,0.11,0.04,0.0,0.0,0.19,0.19,0.19,0.08,0.11,0.04,0.0,0.0,0.0,1.51,1.51,0.6,0.87,0.23,0.57,0.0,0.0,0.0,2.45,2.42,40.3,,,,,,,,,,,,,,,,,,,,,,,,,,,,
Oleksandr Svatok,ua UKR,DF,Austin,29,1994,6,4,408,4.5,0.0,0.0,0.0,0.0,0.0,0.0,0.22,0.0,0.02,0.02,0.0,0.02,0.22,1.56,0.0,0.0,0.0,0.0,0.0,0.0,0.03,0.0,0.03,0.03,0.03,Matches,2024,4.5,42.9,10.4,29.3,2.89,48.4,11.6,31.3,4.89,88.5,90.4,93.6,59.1,858.9,293.6,42.9,10.4,29.3,2.89,48.4,11.6,31.3,4.89,88.5,90.4,93.6,59.1,42.9,10.4,29.3,2.89,48.4,11.6,31.3,4.89,88.5,90.4,93.6,59.1,42.9,10.4,29.3,2.89,48.4,11.6,31.3,4.89,88.5,90.4,93.6,59.1,0.0,0.0,0.0,0.0,1.56,0.0,0.0,0.0,0.22,0.0,0.0,0.22,0.0,0.0,,5.0,0.0,0.0,0.0,0.12,-0.02,-0.02,56.9,6.44,27.8,28.0,1.33,0.44,56.9,0.0,,0.0,,36.4,0.0,0.44,0.0,40.2,0.89,0.44,0.44,0.89,0.44,40.0,0.67,1.33,0.22,2.0,2.89,2.89,0.0,0.22,0.22,0.0,0.0,0.0,0.0,0.0,0.0,0.0,0.0,0.0,0.0,0.0,0.0,0.0,0.0,0.0,1.11,0.0,0.0,0.22,2.0,0.44,0.0,0.0,0.0,2.0,1.11,45.5,,,,,,,,,,,,,,,,,,,,,,,,,,,,
Erik Sviatchenko,dk DEN,DF,Houston Dynamo,32,1991,31,29,2433,27.0,0.04,0.11,0.15,0.04,0.0,0.0,0.07,0.0,0.07,0.07,0.04,0.11,0.52,3.3,0.3,0.04,0.11,0.15,0.04,0.15,0.07,0.04,0.11,0.07,0.11,Matches,2024,27.0,45.5,16.4,23.7,4.74,55.0,18.0,26.8,8.63,82.7,91.2,88.7,54.9,878.6,291.2,45.5,16.4,23.7,4.74,55.0,18.0,26.8,8.63,82.7,91.2,88.7,54.9,45.5,16.4,23.7,4.74,55.0,18.0,26.8,8.63,82.7,91.2,88.7,54.9,45.5,16.4,23.7,4.74,55.0,18.0,26.8,8.63,82.7,91.2,88.7,54.9,0.11,0.06,0.07,0.33,3.96,0.26,0.11,0.04,1.44,0.63,43.6,1.44,0.63,0.03,0.06,14.0,0.0,0.0,0.0,0.05,-0.03,-0.03,64.2,7.81,29.0,29.6,5.85,2.7,64.2,0.37,71.4,0.15,28.6,36.8,0.07,0.37,0.26,44.0,0.93,0.52,0.63,0.93,0.52,73.7,0.19,0.81,0.15,0.96,1.89,3.44,0.11,1.0,1.0,0.04,0.0,0.04,0.0,0.04,0.0,0.19,0.19,0.04,0.0,0.04,0.0,0.04,0.0,0.0,0.74,0.59,0.11,0.59,0.96,0.63,0.0,0.0,0.04,3.63,2.78,63.0,,,,,,,,,,,,,,,,,,,,,,,,,,,,
Karol Świderski,pl POL,FW,Charlotte,27,1997,10,8,530,5.9,1.02,0.34,1.36,0.68,0.34,0.34,0.17,0.0,1.08,0.83,0.15,0.98,1.02,2.54,3.9,1.02,0.34,1.36,0.68,1.02,1.1,0.16,1.25,0.83,0.98,Matches,2024,5.9,12.9,6.44,4.24,0.51,16.4,7.63,4.58,1.86,78.4,84.4,92.6,27.3,186.8,40.5,12.9,6.44,4.24,0.51,16.4,7.63,4.58,1.86,78.4,84.4,92.6,27.3,12.9,6.44,4.24,0.51,16.4,7.63,4.58,1.86,78.4,84.4,92.6,27.3,12.9,6.44,4.24,0.51,16.4,7.63,4.58,1.86,78.4,84.4,92.6,27.3,0.34,0.05,0.19,1.36,0.85,1.02,0.0,1.02,4.07,1.86,45.8,4.08,1.87,0.17,0.36,14.2,0.0,0.34,0.34,0.22,-0.07,-0.15,26.6,0.68,1.69,10.2,15.1,4.58,26.3,0.51,42.9,0.51,42.9,16.1,0.0,1.53,1.53,17.5,0.85,0.17,0.51,0.85,0.17,20.0,0.68,0.34,0.17,0.51,1.36,0.51,0.0,3.56,3.57,0.17,0.0,0.51,0.0,0.0,0.0,0.68,0.68,0.17,0.0,0.51,0.0,0.0,0.0,0.0,1.02,1.53,0.34,0.68,0.51,0.51,0.0,0.0,0.0,2.2,1.69,62.5,,,,,,,,,,,,,,,,,,,,,,,,,,,,
Nkosi Tafari,us USA,DF,FC Dallas,26,1997,28,25,2251,25.0,0.12,0.0,0.12,0.12,0.0,0.0,0.24,0.04,0.06,0.06,0.02,0.09,0.16,2.96,0.4,0.12,0.0,0.12,0.12,0.12,0.06,0.02,0.09,0.06,0.09,Matches,2024,25.0,47.6,18.6,23.8,4.96,56.2,19.6,26.0,9.44,84.7,94.9,91.6,52.5,918.6,386.1,47.6,18.6,23.8,4.96,56.2,19.6,26.0,9.44,84.7,94.9,91.6,52.5,47.6,18.6,23.8,4.96,56.2,19.6,26.0,9.44,84.7,94.9,91.6,52.5,47.6,18.6,23.8,4.96,56.2,19.6,26.0,9.44,84.7,94.9,91.6,52.5,0.0,0.04,-0.02,0.2,3.24,0.56,0.04,0.12,0.8,0.36,45.0,0.8,0.36,0.15,0.33,12.3,0.0,0.0,0.0,0.08,0.06,0.06,65.1,10.4,38.0,24.9,2.56,1.12,65.1,0.04,16.7,0.16,66.7,40.4,0.0,0.36,0.12,46.0,1.08,0.52,0.88,1.08,0.52,72.2,0.2,1.04,0.2,0.88,1.96,3.84,0.04,0.72,0.72,0.0,0.0,0.0,0.0,0.0,0.0,0.0,0.0,0.0,0.0,0.0,0.0,0.0,0.0,0.04,0.84,0.56,0.16,0.16,0.88,0.88,0.0,0.04,0.0,4.32,1.08,46.6,,,,,,,,,,,,,,,,,,,,,,,,,,,,
Yohei Takaoka,jp JPN,GK,Vancouver W'caps,27,1996,33,33,2970,33.0,0.0,0.0,0.0,0.0,0.0,0.0,0.06,0.0,0.0,0.0,0.0,0.0,0.0,0.03,0.0,0.0,0.0,0.0,0.0,0.0,0.0,0.0,0.0,0.0,0.0,Matches,2024,33.0,21.8,4.0,10.8,6.88,29.6,4.0,10.9,14.6,73.4,100.0,99.4,47.2,623.9,418.6,21.8,4.0,10.8,6.88,29.6,4.0,10.9,14.6,73.4,100.0,99.4,47.2,21.8,4.0,10.8,6.88,29.6,4.0,10.9,14.6,73.4,100.0,99.4,47.2,21.8,4.0,10.8,6.88,29.6,4.0,10.9,14.6,73.4,100.0,99.4,47.2,0.0,0.0,-0.0,0.03,0.52,0.0,0.0,0.0,0.0,0.0,,0.0,0.0,,,,0.0,0.0,0.0,,0.0,0.0,31.4,27.0,31.0,0.33,0.0,0.0,31.4,0.06,100.0,0.0,0.0,18.0,0.0,0.03,0.03,16.8,0.0,0.0,0.0,0.0,0.0,,0.0,0.0,0.0,0.0,0.0,0.27,0.09,0.18,0.18,0.0,0.0,0.0,0.0,0.0,0.0,0.03,0.03,0.0,0.0,0.0,0.0,0.0,0.0,0.0,0.0,0.03,0.0,0.0,0.0,0.0,0.0,0.0,0.0,0.88,0.27,75.0,1.42,0.15,0.12,0.03,1.48,0.33,0.08,0.08,23.5,2.97,32.8,58.9,34.4,49.8,12.2,32.8,58.9,34.4,49.8,12.2,13.6,0.64,4.7,0.55,0.55,34.4,49.8,12.2
Strahinja Tanasijević,rs SRB,DF,NYCFC,26,1997,16,10,990,11.0,0.0,0.0,0.0,0.0,0.0,0.0,0.55,0.0,0.01,0.01,0.04,0.05,0.36,2.91,0.18,0.0,0.0,0.0,0.0,0.0,0.01,0.04,0.05,0.01,0.05,Matches,2024,11.0,49.5,18.2,25.6,4.91,56.4,19.8,27.9,7.09,87.9,91.7,91.9,69.2,936.5,354.3,49.5,18.2,25.6,4.91,56.4,19.8,27.9,7.09,87.9,91.7,91.9,69.2,49.5,18.2,25.6,4.91,56.4,19.8,27.9,7.09,87.9,91.7,91.9,69.2,49.5,18.2,25.6,4.91,56.4,19.8,27.9,7.09,87.9,91.7,91.9,69.2,0.0,0.04,-0.04,0.18,2.09,0.0,0.0,0.0,0.27,0.09,33.3,0.27,0.09,0.0,0.0,20.7,0.0,0.0,0.0,0.04,-0.01,-0.01,65.7,7.91,35.1,28.2,2.73,0.73,65.7,0.18,50.0,0.09,25.0,37.7,0.09,0.36,0.09,45.2,1.0,0.36,0.64,1.0,0.36,57.1,0.27,1.36,0.64,1.0,2.0,4.0,0.0,0.45,0.46,0.0,0.0,0.09,0.0,0.09,0.0,0.0,0.0,0.0,0.0,0.09,0.0,0.09,0.0,0.0,1.45,1.82,0.0,0.18,1.0,0.64,0.0,0.0,0.0,2.82,1.18,37.1,,,,,,,,,,,,,,,,,,,,,,,,,,,,
Miguel Tapias,mx MEX,DF,Minnesota Utd,27,1997,25,23,2087,23.2,0.0,0.0,0.0,0.0,0.0,0.0,0.26,0.04,0.04,0.04,0.02,0.07,0.22,2.76,0.09,0.0,0.0,0.0,0.0,0.0,0.04,0.02,0.07,0.04,0.07,Matches,2024,23.2,37.2,11.1,19.9,5.86,44.4,12.6,22.0,8.62,83.9,88.4,90.4,68.0,786.5,330.3,37.2,11.1,19.9,5.86,44.4,12.6,22.0,8.62,83.9,88.4,90.4,68.0,37.2,11.1,19.9,5.86,44.4,12.6,22.0,8.62,83.9,88.4,90.4,68.0,37.2,11.1,19.9,5.86,44.4,12.6,22.0,8.62,83.9,88.4,90.4,68.0,0.0,0.02,-0.02,0.3,2.46,0.22,0.0,0.0,0.39,0.04,11.1,0.39,0.04,0.0,0.0,7.7,0.0,0.0,0.0,0.11,-0.04,-0.04,53.7,6.55,30.5,21.6,1.55,0.65,53.7,0.09,66.7,0.04,33.3,26.5,0.0,0.34,0.09,31.5,1.21,0.86,0.91,1.21,0.86,62.5,0.52,1.03,0.52,0.95,2.16,4.53,0.04,0.78,0.78,0.0,0.0,0.0,0.0,0.04,0.0,0.0,0.0,0.0,0.0,0.0,0.0,0.04,0.0,0.04,0.78,0.3,0.09,0.09,0.95,0.91,0.0,0.04,0.0,4.78,2.16,59.5,,,,,,,,,,,,,,,,,,,,,,,,,,,,
Andrew Tarbell,us USA,GK,Houston Dynamo,30,1993,4,3,288,3.2,0.0,0.0,0.0,0.0,0.0,0.0,0.0,0.0,0.0,0.0,0.0,0.0,0.0,0.0,0.0,0.0,0.0,0.0,0.0,0.0,0.0,0.0,0.0,0.0,0.0,Matches,2024,3.2,22.8,4.38,11.6,6.88,29.1,4.38,11.9,12.8,78.5,100.0,97.4,53.7,602.8,398.4,22.8,4.38,11.6,6.88,29.1,4.38,11.9,12.8,78.5,100.0,97.4,53.7,22.8,4.38,11.6,6.88,29.1,4.38,11.9,12.8,78.5,100.0,97.4,53.7,22.8,4.38,11.6,6.88,29.1,4.38,11.9,12.8,78.5,100.0,97.4,53.7,0.0,0.0,0.0,0.0,0.31,0.0,0.0,0.0,0.0,0.0,,0.0,0.0,,,,0.0,0.0,0.0,,0.0,0.0,32.8,30.6,32.8,0.0,0.0,0.0,32.8,0.0,,0.0,,17.8,0.0,0.0,0.0,14.1,0.0,0.0,0.0,0.0,0.0,,0.0,0.0,0.0,0.0,0.0,0.63,0.0,0.0,0.0,0.0,0.0,0.0,0.0,0.0,0.0,0.0,0.0,0.0,0.0,0.0,0.0,0.0,0.0,0.0,0.31,0.0,0.0,0.0,0.0,0.0,0.0,0.31,0.0,0.63,0.0,,1.56,0.0,0.0,0.0,1.72,0.24,0.16,0.15,24.7,5.63,27.8,57.1,30.8,41.6,6.9,27.8,57.1,30.8,41.6,6.9,14.1,0.31,2.2,0.0,0.0,30.8,41.6,6.9
Iuri Tavares,cv CPV,FW,Charlotte,22,2001,28,8,896,10.0,0.3,0.1,0.4,0.3,0.0,0.1,0.5,0.0,0.45,0.37,0.12,0.48,2.7,3.5,9.1,0.3,0.1,0.4,0.3,0.4,0.45,0.12,0.56,0.37,0.49,Matches,2024,10.0,16.5,7.9,6.3,1.3,25.6,10.6,8.3,2.3,64.5,74.5,75.9,56.5,258.6,74.6,16.5,7.9,6.3,1.3,25.6,10.6,8.3,2.3,64.5,74.5,75.9,56.5,16.5,7.9,6.3,1.3,25.6,10.6,8.3,2.3,64.5,74.5,75.9,56.5,16.5,7.9,6.3,1.3,25.6,10.6,8.3,2.3,64.5,74.5,75.9,56.5,0.1,0.18,-0.02,1.0,1.8,1.7,0.1,0.3,2.6,0.9,34.6,2.61,0.9,0.12,0.33,13.0,0.0,0.0,0.1,0.14,-0.15,-0.07,45.0,2.3,6.0,16.9,23.0,5.5,44.9,2.2,39.3,3.1,55.4,26.6,1.4,3.7,1.7,30.0,2.2,0.9,1.2,2.2,0.9,52.9,0.8,2.4,1.9,0.5,2.7,1.8,0.0,2.6,2.61,0.7,0.0,0.3,0.1,0.1,0.0,0.3,0.3,0.7,0.0,0.3,0.1,0.1,0.0,0.0,2.0,1.3,0.2,1.3,0.5,1.2,0.1,0.0,0.0,3.8,1.3,50.0,,,,,,,,,,,,,,,,,,,,,,,,,,,,
D.J. Taylor,us USA,"DF,MF",Minnesota Utd,26,1997,24,17,1485,16.5,0.0,0.06,0.06,0.0,0.0,0.0,0.18,0.0,0.04,0.04,0.1,0.14,1.76,4.12,3.82,0.0,0.06,0.06,0.0,0.06,0.04,0.11,0.14,0.04,0.14,Matches,2024,16.5,32.2,15.0,13.5,3.09,42.1,17.5,17.1,5.82,76.5,86.1,78.7,53.1,559.5,217.8,32.2,15.0,13.5,3.09,42.1,17.5,17.1,5.82,76.5,86.1,78.7,53.1,32.2,15.0,13.5,3.09,42.1,17.5,17.1,5.82,76.5,86.1,78.7,53.1,32.2,15.0,13.5,3.09,42.1,17.5,17.1,5.82,76.5,86.1,78.7,53.1,0.06,0.09,-0.04,0.73,2.73,0.85,0.24,0.0,0.67,0.12,18.2,0.67,0.12,0.0,0.0,19.1,0.0,0.0,0.0,0.05,-0.04,-0.04,52.5,3.52,17.2,22.7,12.8,1.58,52.5,0.18,27.3,0.42,63.6,22.7,0.36,0.48,0.06,27.6,2.3,1.45,1.64,2.3,1.45,64.9,0.79,0.73,0.61,1.94,4.24,3.27,0.0,1.82,1.82,0.0,0.0,0.0,0.0,0.06,0.0,0.18,0.18,0.0,0.0,0.0,0.0,0.06,0.0,0.0,1.21,0.24,0.06,1.94,1.94,1.64,0.0,0.18,0.0,2.91,0.67,52.4,,,,,,,,,,,,,,,,,,,,,,,,,,,,
Robert Taylor,fi FIN,"FW,MF",Inter Miami,29,1994,27,22,1644,18.3,0.27,0.16,0.44,0.27,0.0,0.0,0.11,0.0,0.17,0.17,0.17,0.36,2.24,2.51,8.36,0.27,0.16,0.44,0.27,0.44,0.18,0.18,0.35,0.18,0.35,Matches,2024,18.3,26.6,15.5,9.13,1.2,33.4,17.7,10.7,2.51,79.6,87.9,85.6,47.8,390.1,84.4,26.6,15.5,9.13,1.2,33.4,17.7,10.7,2.51,79.6,87.9,85.6,47.8,26.6,15.5,9.13,1.2,33.4,17.7,10.7,2.51,79.6,87.9,85.6,47.8,26.6,15.5,9.13,1.2,33.4,17.7,10.7,2.51,79.6,87.9,85.6,47.8,0.16,0.14,-0.01,1.26,1.2,0.93,0.16,0.27,1.37,0.66,48.0,1.37,0.66,0.2,0.42,18.8,0.0,0.0,0.0,0.13,0.1,0.1,41.5,0.44,5.96,16.8,19.3,3.22,41.5,1.26,52.3,1.15,47.7,24.0,1.04,1.37,0.38,30.2,0.77,0.16,0.49,0.77,0.16,18.8,0.71,0.82,0.82,0.6,1.37,0.33,0.0,3.01,3.01,0.33,0.11,0.05,0.0,0.05,0.0,0.38,0.38,0.33,0.11,0.05,0.0,0.05,0.0,0.0,0.6,0.49,0.49,1.42,0.6,0.49,0.0,0.0,0.0,3.88,0.27,71.4,,,,,,,,,,,,,,,,,,,,,,,,,,,,
Carlos Terán,co COL,DF,Chicago Fire,23,2000,18,14,1219,13.5,0.07,0.07,0.15,0.07,0.0,0.0,0.22,0.07,0.07,0.07,0.04,0.1,0.15,3.11,0.07,0.07,0.07,0.15,0.07,0.15,0.07,0.03,0.1,0.07,0.1,Matches,2024,13.5,54.5,13.4,32.7,7.93,65.9,14.9,35.4,14.2,82.7,90.0,92.3,55.7,1166.7,395.3,54.5,13.4,32.7,7.93,65.9,14.9,35.4,14.2,82.7,90.0,92.3,55.7,54.5,13.4,32.7,7.93,65.9,14.9,35.4,14.2,82.7,90.0,92.3,55.7,54.5,13.4,32.7,7.93,65.9,14.9,35.4,14.2,82.7,90.0,92.3,55.7,0.07,0.06,0.04,0.44,2.74,0.3,0.07,0.07,0.59,0.22,37.5,0.59,0.22,0.13,0.33,19.1,0.0,0.0,0.0,0.12,0.01,0.01,77.1,8.15,40.4,32.2,4.52,1.19,77.1,0.37,83.3,0.07,16.7,44.1,0.0,1.11,0.15,50.1,2.0,1.04,1.48,2.0,1.04,82.4,0.22,1.63,0.74,2.07,4.07,3.33,0.07,1.41,1.4,0.0,0.0,0.0,0.0,0.0,0.0,0.15,0.15,0.0,0.0,0.0,0.0,0.0,0.0,0.0,1.7,0.89,0.0,0.22,2.07,1.48,0.0,0.0,0.0,5.41,2.37,62.7,,,,,,,,,,,,,,,,,,,,,,,,,,,,
Cedric Teuchert,de GER,"MF,FW",St. Louis,27,1997,10,10,754,8.4,0.6,0.48,1.07,0.6,0.0,0.0,0.24,0.0,0.26,0.26,0.26,0.52,2.02,4.05,3.81,0.6,0.48,1.07,0.6,1.07,0.26,0.26,0.52,0.26,0.52,Matches,2024,8.4,16.8,7.26,7.74,1.31,25.0,10.1,9.17,2.38,67.1,71.8,84.4,55.0,276.9,83.1,16.8,7.26,7.74,1.31,25.0,10.1,9.17,2.38,67.1,71.8,84.4,55.0,16.8,7.26,7.74,1.31,25.0,10.1,9.17,2.38,67.1,71.8,84.4,55.0,16.8,7.26,7.74,1.31,25.0,10.1,9.17,2.38,67.1,71.8,84.4,55.0,0.48,0.29,0.21,1.67,1.79,1.43,0.36,0.6,3.1,1.07,34.6,3.1,1.07,0.19,0.56,20.4,0.0,0.0,0.0,0.08,0.33,0.33,36.3,0.71,3.1,18.7,15.1,2.62,36.3,1.31,57.9,0.71,31.6,22.5,0.24,2.86,1.55,24.9,1.55,0.48,1.19,1.55,0.48,30.8,1.07,1.19,1.07,0.24,1.79,0.36,0.0,3.81,3.82,0.24,0.0,0.24,0.0,0.12,0.0,0.71,0.72,0.24,0.0,0.24,0.0,0.12,0.0,0.0,0.83,1.43,0.12,1.07,0.24,1.19,0.0,0.0,0.0,3.93,0.24,28.6,,,,,,,,,,,,,,,,,,,,,,,,,,,,
Dylan Teves,us USA,"MF,FW",Seattle Sounders,23,2000,6,1,89,1.0,1.0,0.0,1.0,1.0,0.0,0.0,1.0,0.0,0.5,0.5,0.5,1.0,2.0,1.0,3.0,1.01,0.0,1.01,1.01,1.01,0.51,0.58,1.09,0.51,1.09,Matches,2024,1.0,28.0,20.0,6.0,0.0,36.0,21.0,12.0,0.0,77.8,95.2,50.0,,325.0,45.0,28.0,20.0,6.0,0.0,36.0,21.0,12.0,0.0,77.8,95.2,50.0,,28.0,20.0,6.0,0.0,36.0,21.0,12.0,0.0,77.8,95.2,50.0,,28.0,20.0,6.0,0.0,36.0,21.0,12.0,0.0,77.8,95.2,50.0,,0.0,0.3,-0.5,1.0,1.0,0.0,0.0,1.0,1.0,1.0,100.0,1.01,1.01,1.0,1.0,10.0,0.0,0.0,0.0,0.47,0.5,0.5,51.0,1.0,11.0,18.0,22.0,3.0,51.0,2.0,66.7,1.0,33.3,23.0,0.0,6.0,1.0,31.0,3.0,2.0,2.0,3.0,2.0,66.7,1.0,1.0,1.0,0.0,3.0,1.0,0.0,2.0,2.14,0.0,0.0,0.0,0.0,0.0,0.0,0.0,0.0,0.0,0.0,0.0,0.0,0.0,0.0,0.0,4.0,3.0,0.0,2.0,0.0,2.0,0.0,0.0,0.0,6.0,1.0,100.0,,,,,,,,,,,,,,,,,,,,,,,,,,,,
Jamal Thiaré,sn SEN,FW,Atlanta Utd,30,1993,25,12,1145,12.7,0.47,0.0,0.47,0.47,0.0,0.0,0.0,0.0,0.46,0.46,0.07,0.53,0.87,1.1,2.6,0.47,0.0,0.47,0.47,0.47,0.45,0.07,0.53,0.45,0.53,Matches,2024,12.7,7.24,4.88,1.73,0.39,11.7,6.61,3.23,0.63,61.7,73.8,53.7,62.5,97.4,22.0,7.24,4.88,1.73,0.39,11.7,6.61,3.23,0.63,61.7,73.8,53.7,62.5,7.24,4.88,1.73,0.39,11.7,6.61,3.23,0.63,61.7,73.8,53.7,62.5,7.24,4.88,1.73,0.39,11.7,6.61,3.23,0.63,61.7,73.8,53.7,62.5,0.0,0.06,-0.07,0.47,0.87,0.08,0.0,0.47,2.13,1.1,51.9,2.12,1.1,0.22,0.43,10.2,0.0,0.0,0.0,0.21,0.02,0.02,22.1,1.65,3.07,10.9,8.27,4.33,22.1,0.55,46.7,0.39,33.3,11.4,0.39,3.54,0.55,15.1,0.55,0.08,0.39,0.55,0.08,14.3,0.47,0.31,0.24,0.16,0.71,1.42,0.0,1.57,1.57,0.24,0.08,0.39,0.16,0.0,0.0,0.24,0.24,0.24,0.08,0.39,0.16,0.0,0.0,0.0,1.65,1.97,0.87,0.08,0.16,0.39,0.16,0.0,0.0,2.2,4.41,52.8,,,,,,,,,,,,,,,,,,,,,,,,,,,,
Andrew Thomas,ru RUS,GK,Seattle Sounders,25,1998,7,5,593,6.6,0.0,0.0,0.0,0.0,0.0,0.0,0.0,0.0,0.0,0.0,0.0,0.0,0.0,0.0,0.0,0.0,0.0,0.0,0.0,0.0,0.0,0.0,0.0,0.0,0.0,Matches,2024,6.6,14.2,3.18,6.36,4.7,23.3,3.18,6.36,13.8,61.0,100.0,100.0,34.1,408.9,306.5,14.2,3.18,6.36,4.7,23.3,3.18,6.36,13.8,61.0,100.0,100.0,34.1,14.2,3.18,6.36,4.7,23.3,3.18,6.36,13.8,61.0,100.0,100.0,34.1,14.2,3.18,6.36,4.7,23.3,3.18,6.36,13.8,61.0,100.0,100.0,34.1,0.0,0.0,0.0,0.0,0.45,0.0,0.0,0.0,0.0,0.0,,0.0,0.0,,,,0.0,0.0,0.0,,0.0,0.0,25.0,21.8,24.7,0.3,0.0,0.0,25.0,0.0,,0.0,,12.4,0.0,0.0,0.0,7.27,0.0,0.0,0.0,0.0,0.0,0.0,0.15,0.0,0.0,0.0,0.0,0.45,0.0,0.0,0.0,0.0,0.0,0.0,0.0,0.0,0.0,0.0,0.0,0.0,0.0,0.0,0.0,0.0,0.0,0.0,0.0,0.0,0.0,0.0,0.0,0.0,0.0,0.0,0.0,1.21,0.15,50.0,1.21,0.15,0.15,0.0,1.18,0.21,-0.03,-0.03,18.3,3.48,52.9,57.6,40.2,43.8,11.1,52.9,57.6,40.2,43.8,11.1,14.5,1.82,12.5,0.45,0.46,40.2,43.8,11.1
Erik Thommy,de GER,"MF,FW",Sporting KC,29,1994,30,26,2323,25.8,0.27,0.16,0.43,0.27,0.0,0.0,0.12,0.0,0.21,0.21,0.12,0.33,4.96,4.22,7.17,0.27,0.15,0.43,0.27,0.43,0.21,0.12,0.33,0.21,0.33,Matches,2024,25.8,33.5,17.8,11.3,3.02,42.7,20.0,13.4,5.43,78.5,89.0,84.3,55.7,539.6,107.1,33.5,17.8,11.3,3.02,42.7,20.0,13.4,5.43,78.5,89.0,84.3,55.7,33.5,17.8,11.3,3.02,42.7,20.0,13.4,5.43,78.5,89.0,84.3,55.7,33.5,17.8,11.3,3.02,42.7,20.0,13.4,5.43,78.5,89.0,84.3,55.7,0.16,0.12,0.03,1.59,2.83,1.12,0.23,0.27,3.06,0.81,26.6,3.06,0.81,0.09,0.33,22.3,0.31,0.0,0.0,0.07,0.06,0.06,54.7,0.78,5.12,21.3,29.1,2.91,54.7,1.43,45.7,1.2,38.3,35.8,1.32,2.64,1.4,41.0,1.24,0.62,0.89,1.24,0.62,48.5,0.66,1.2,1.09,0.5,1.74,0.5,0.04,3.95,3.95,0.27,0.08,0.5,0.0,0.04,0.0,0.35,0.35,0.27,0.08,0.5,0.0,0.04,0.0,0.0,1.36,2.36,0.31,3.76,0.5,0.89,0.08,0.0,0.0,3.95,0.23,22.2,,,,,,,,,,,,,,,,,,,,,,,,,,,,
Kosi Thompson,ca CAN,"MF,DF",Toronto FC,21,2003,29,6,1107,12.3,0.0,0.0,0.0,0.0,0.0,0.0,0.41,0.0,0.02,0.02,0.03,0.06,1.22,3.66,2.52,0.0,0.0,0.0,0.0,0.0,0.02,0.03,0.06,0.02,0.06,Matches,2024,12.3,42.2,21.1,16.8,3.41,49.0,23.2,19.3,4.23,86.1,91.2,87.3,80.8,696.2,226.7,42.2,21.1,16.8,3.41,49.0,23.2,19.3,4.23,86.1,91.2,87.3,80.8,42.2,21.1,16.8,3.41,49.0,23.2,19.3,4.23,86.1,91.2,87.3,80.8,42.2,21.1,16.8,3.41,49.0,23.2,19.3,4.23,86.1,91.2,87.3,80.8,0.0,0.04,-0.03,0.57,4.15,0.49,0.33,0.0,0.49,0.0,0.0,0.49,0.0,0.0,,20.4,0.0,0.0,0.0,0.05,-0.02,-0.02,60.6,2.93,18.9,32.0,10.0,0.89,60.6,0.41,35.7,0.49,42.9,34.3,0.24,1.3,0.65,41.4,2.28,1.46,1.3,2.28,1.46,72.0,0.57,2.2,1.71,0.65,2.93,2.11,0.08,1.38,1.38,0.08,0.0,0.0,0.0,0.08,0.0,0.24,0.24,0.08,0.0,0.0,0.0,0.08,0.0,0.0,1.46,0.89,0.08,0.81,0.65,1.3,0.0,0.0,0.0,3.98,0.98,44.4,,,,,,,,,,,,,,,,,,,,,,,,,,,,
Tommy Thompson,us USA,"DF,FW",SJ Earthquakes,28,1995,10,0,92,1.0,0.0,0.0,0.0,0.0,0.0,0.0,1.0,0.0,0.1,0.1,0.0,0.1,0.0,7.0,4.0,0.0,0.0,0.0,0.0,0.0,0.11,0.03,0.14,0.11,0.14,Matches,2024,1.0,57.0,37.0,18.0,2.0,61.0,38.0,18.0,4.0,93.4,97.4,100.0,50.0,822.0,234.0,57.0,37.0,18.0,2.0,61.0,38.0,18.0,4.0,93.4,97.4,100.0,50.0,57.0,37.0,18.0,2.0,61.0,38.0,18.0,4.0,93.4,97.4,100.0,50.0,57.0,37.0,18.0,2.0,61.0,38.0,18.0,4.0,93.4,97.4,100.0,50.0,0.0,0.0,0.0,1.0,4.0,1.0,0.0,0.0,2.0,0.0,0.0,1.96,0.0,0.0,,11.6,0.0,0.0,0.0,0.05,-0.1,-0.1,75.0,5.0,17.0,32.0,27.0,3.0,75.0,2.0,100.0,0.0,0.0,42.0,0.0,2.0,3.0,51.0,4.0,2.0,2.0,4.0,2.0,50.0,2.0,0.0,0.0,2.0,6.0,4.0,0.0,1.0,0.98,0.0,0.0,0.0,0.0,0.0,0.0,0.0,0.0,0.0,0.0,0.0,0.0,0.0,0.0,0.0,3.0,1.0,0.0,1.0,2.0,2.0,0.0,0.0,0.0,5.0,1.0,100.0,,,,,,,,,,,,,,,,,,,,,,,,,,,,
Timmy Tillman,us USA,MF,LAFC,25,1999,32,29,2478,27.5,0.15,0.11,0.25,0.15,0.0,0.0,0.29,0.0,0.15,0.15,0.11,0.26,2.04,5.6,3.16,0.15,0.11,0.25,0.15,0.25,0.15,0.11,0.26,0.15,0.26,Matches,2024,27.5,36.7,17.4,15.5,2.84,43.9,18.9,17.5,4.47,83.5,92.1,89.0,63.4,615.9,180.9,36.7,17.4,15.5,2.84,43.9,18.9,17.5,4.47,83.5,92.1,89.0,63.4,36.7,17.4,15.5,2.84,43.9,18.9,17.5,4.47,83.5,92.1,89.0,63.4,36.7,17.4,15.5,2.84,43.9,18.9,17.5,4.47,83.5,92.1,89.0,63.4,0.11,0.14,-0.0,1.31,4.29,1.42,0.29,0.15,1.31,0.33,25.0,1.31,0.33,0.11,0.44,18.5,0.0,0.0,0.0,0.11,0.0,0.0,55.7,1.71,11.1,30.2,15.6,1.82,55.7,1.42,45.9,1.49,48.2,34.4,0.25,1.64,0.8,38.1,2.62,1.2,1.75,2.62,1.2,50.8,1.16,1.24,0.87,1.24,3.85,0.98,0.0,3.6,3.6,0.29,0.0,0.22,0.04,0.22,0.0,0.4,0.4,0.29,0.0,0.22,0.04,0.22,0.0,0.0,1.2,2.65,0.0,1.27,1.24,1.75,0.04,0.0,0.0,6.47,0.4,45.8,,,,,,,,,,,,,,,,,,,,,,,,,,,,
John Tolkin,us USA,DF,NY Red Bulls,21,2002,28,27,2386,26.5,0.08,0.04,0.11,0.08,0.0,0.0,0.11,0.0,0.03,0.03,0.15,0.18,2.11,3.43,5.43,0.08,0.04,0.11,0.08,0.11,0.03,0.15,0.18,0.03,0.18,Matches,2024,26.5,40.5,17.9,16.0,5.96,55.2,20.2,21.1,11.7,73.4,88.4,75.7,51.0,769.3,279.3,40.5,17.9,16.0,5.96,55.2,20.2,21.1,11.7,73.4,88.4,75.7,51.0,40.5,17.9,16.0,5.96,55.2,20.2,21.1,11.7,73.4,88.4,75.7,51.0,40.5,17.9,16.0,5.96,55.2,20.2,21.1,11.7,73.4,88.4,75.7,51.0,0.04,0.17,-0.11,2.11,3.06,0.91,0.42,0.08,0.57,0.19,33.3,0.57,0.19,0.13,0.4,24.7,0.15,0.0,0.0,0.05,0.05,0.05,64.7,2.53,17.4,27.2,20.6,0.87,64.7,0.64,40.5,0.79,50.0,31.7,0.3,1.28,0.45,34.6,1.66,0.64,1.09,1.66,0.64,53.1,0.57,1.32,1.17,1.09,2.75,1.7,0.08,3.55,3.54,0.08,0.0,0.15,0.04,0.0,0.0,0.11,0.11,0.08,0.0,0.15,0.04,0.0,0.0,0.0,0.79,1.02,0.11,6.45,1.09,1.09,0.04,0.0,0.0,4.38,0.64,43.6,,,,,,,,,,,,,,,,,,,,,,,,,,,,
Nouhou Tolo,cm CMR,DF,Seattle Sounders,26,1997,27,26,2202,24.5,0.0,0.0,0.0,0.0,0.0,0.0,0.41,0.04,0.01,0.01,0.03,0.04,2.78,4.29,2.29,0.0,0.0,0.0,0.0,0.0,0.01,0.03,0.04,0.01,0.04,Matches,2024,24.5,47.0,23.8,19.8,2.41,56.4,25.7,22.6,5.63,83.2,92.5,87.9,42.8,757.3,218.1,47.0,23.8,19.8,2.41,56.4,25.7,22.6,5.63,83.2,92.5,87.9,42.8,47.0,23.8,19.8,2.41,56.4,25.7,22.6,5.63,83.2,92.5,87.9,42.8,47.0,23.8,19.8,2.41,56.4,25.7,22.6,5.63,83.2,92.5,87.9,42.8,0.0,0.05,-0.03,0.41,4.04,0.33,0.2,0.0,0.49,0.08,16.7,0.49,0.08,0.0,0.0,25.9,0.0,0.0,0.0,0.03,-0.01,-0.01,67.1,3.63,19.8,36.5,11.6,0.69,67.1,1.06,48.1,0.73,33.3,37.0,0.08,1.35,0.65,43.0,1.43,0.86,0.98,1.43,0.86,60.0,0.57,1.06,0.57,1.27,2.69,3.27,0.0,1.18,1.19,0.04,0.0,0.08,0.0,0.0,0.0,0.0,0.0,0.04,0.0,0.08,0.0,0.0,0.0,0.04,1.18,1.39,0.04,2.24,1.27,0.98,0.0,0.08,0.0,5.22,1.06,49.1,,,,,,,,,,,,,,,,,,,,,,,,,,,,
Ervin Torres,us USA,MF,Austin,16,2007,1,0,8,0.1,0.0,0.0,0.0,0.0,0.0,0.0,0.0,0.0,0.0,0.0,0.0,0.0,0.0,10.0,10.0,0.0,0.0,0.0,0.0,0.0,0.0,0.0,0.0,0.0,0.0,Matches,2024,0.1,20.0,0.0,10.0,10.0,40.0,0.0,10.0,10.0,50.0,,100.0,100.0,530.0,130.0,20.0,0.0,10.0,10.0,40.0,0.0,10.0,10.0,50.0,,100.0,100.0,20.0,0.0,10.0,10.0,40.0,0.0,10.0,10.0,50.0,,100.0,100.0,20.0,0.0,10.0,10.0,40.0,0.0,10.0,10.0,50.0,,100.0,100.0,0.0,0.0,0.0,0.0,0.0,10.0,0.0,0.0,0.0,0.0,,0.0,0.0,,,,0.0,0.0,0.0,,0.0,0.0,40.0,0.0,0.0,10.0,30.0,0.0,40.0,0.0,,0.0,,20.0,0.0,0.0,0.0,20.0,0.0,0.0,0.0,0.0,0.0,,0.0,0.0,0.0,0.0,0.0,0.0,0.0,0.0,0.0,0.0,0.0,0.0,0.0,0.0,0.0,0.0,0.0,0.0,0.0,0.0,0.0,0.0,0.0,0.0,0.0,0.0,0.0,0.0,0.0,0.0,0.0,0.0,0.0,0.0,10.0,100.0,,,,,,,,,,,,,,,,,,,,,,,,,,,,
Facundo Torres,uy URU,"FW,MF",Orlando City,23,2000,32,30,2633,29.3,0.48,0.1,0.58,0.41,0.07,0.1,0.1,0.0,0.29,0.22,0.12,0.33,2.01,5.94,10.6,0.48,0.1,0.58,0.41,0.51,0.29,0.12,0.41,0.21,0.33,Matches,2024,29.3,40.9,24.8,12.2,1.98,50.1,27.4,14.6,3.75,81.6,90.6,83.2,52.7,570.6,142.3,40.9,24.8,12.2,1.98,50.1,27.4,14.6,3.75,81.6,90.6,83.2,52.7,40.9,24.8,12.2,1.98,50.1,27.4,14.6,3.75,81.6,90.6,83.2,52.7,40.9,24.8,12.2,1.98,50.1,27.4,14.6,3.75,81.6,90.6,83.2,52.7,0.1,0.17,-0.01,1.47,3.07,1.67,0.58,0.48,1.98,0.96,48.3,1.98,0.96,0.21,0.43,17.3,0.0,0.07,0.1,0.11,0.18,0.19,59.7,0.58,5.77,24.9,29.4,4.78,59.6,0.78,40.4,0.99,50.9,40.5,0.51,1.95,1.37,49.0,0.99,0.58,0.51,0.99,0.58,56.7,0.44,0.82,0.78,0.44,1.43,0.41,0.0,3.31,3.31,0.17,0.0,0.14,0.0,0.03,0.0,0.27,0.27,0.17,0.0,0.14,0.0,0.03,0.0,0.0,0.65,1.6,0.24,3.21,0.44,0.51,0.03,0.0,0.0,4.74,0.68,46.5,,,,,,,,,,,,,,,,,,,,,,,,,,,,
Tomas Totland,no NOR,DF,St. Louis,25,1998,30,28,2486,27.6,0.07,0.04,0.11,0.07,0.0,0.0,0.25,0.0,0.06,0.06,0.08,0.14,1.38,3.8,5.14,0.07,0.04,0.11,0.07,0.11,0.06,0.08,0.14,0.06,0.14,Matches,2024,27.6,32.3,16.3,13.4,2.14,44.6,19.1,17.4,5.54,72.4,85.6,77.5,38.6,531.2,226.7,32.3,16.3,13.4,2.14,44.6,19.1,17.4,5.54,72.4,85.6,77.5,38.6,32.3,16.3,13.4,2.14,44.6,19.1,17.4,5.54,72.4,85.6,77.5,38.6,32.3,16.3,13.4,2.14,44.6,19.1,17.4,5.54,72.4,85.6,77.5,38.6,0.04,0.09,-0.04,0.91,2.54,1.34,0.36,0.07,0.62,0.25,41.2,0.62,0.25,0.12,0.29,20.2,0.04,0.0,0.0,0.1,0.01,0.01,56.0,3.91,16.1,23.0,17.2,1.59,56.0,0.72,52.6,0.62,44.7,25.6,0.25,0.94,0.94,27.2,2.07,1.49,1.01,2.07,1.49,63.1,0.87,1.34,0.91,1.63,3.7,2.97,0.04,2.07,2.06,0.11,0.04,0.07,0.0,0.0,0.0,0.18,0.18,0.11,0.04,0.07,0.0,0.0,0.0,0.0,0.76,0.98,0.07,2.86,1.63,1.01,0.0,0.0,0.0,5.18,0.83,47.9,,,,,,,,,,,,,,,,,,,,,,,,,,,,
Mason Toye,us USA,"FW,MF",Portland Timbers,25,1998,5,1,148,1.6,0.0,0.0,0.0,0.0,0.0,0.0,0.0,0.0,0.56,0.56,0.0,0.63,1.88,0.63,5.0,0.0,0.0,0.0,0.0,0.0,0.56,0.03,0.58,0.56,0.58,Matches,2024,1.6,7.5,5.0,2.5,0.0,10.0,5.63,2.5,0.63,75.0,88.9,100.0,0.0,100.6,15.6,7.5,5.0,2.5,0.0,10.0,5.63,2.5,0.63,75.0,88.9,100.0,0.0,7.5,5.0,2.5,0.0,10.0,5.63,2.5,0.63,75.0,88.9,100.0,0.0,7.5,5.0,2.5,0.0,10.0,5.63,2.5,0.63,75.0,88.9,100.0,0.0,0.0,0.06,0.0,0.63,0.0,1.25,0.63,0.0,4.38,1.88,42.9,4.26,1.82,0.0,0.0,12.2,0.0,0.0,0.0,0.13,-0.56,-0.56,20.0,1.88,2.5,5.0,12.5,5.0,20.0,0.0,0.0,0.63,100.0,10.0,0.63,1.25,0.0,13.8,0.0,0.0,0.0,0.0,0.0,0.0,0.63,1.25,0.0,0.0,0.0,0.63,0.0,1.25,1.22,0.0,0.0,0.63,0.0,0.0,0.0,0.0,0.0,0.0,0.0,0.63,0.0,0.0,0.0,0.0,3.13,0.63,0.0,1.88,0.0,0.0,0.0,0.0,0.0,0.0,0.63,10.0,,,,,,,,,,,,,,,,,,,,,,,,,,,,
Mason Toye,us USA,"FW,MF",CF Montréal,25,1998,12,6,476,5.3,0.19,0.0,0.19,0.19,0.0,0.0,0.0,0.0,0.21,0.21,0.23,0.43,2.64,0.75,4.53,0.19,0.0,0.19,0.19,0.19,0.21,0.22,0.43,0.21,0.43,Matches,2024,5.3,15.7,9.06,4.34,1.51,21.9,11.5,5.85,1.89,71.6,78.7,74.2,80.0,234.7,35.5,15.7,9.06,4.34,1.51,21.9,11.5,5.85,1.89,71.6,78.7,74.2,80.0,15.7,9.06,4.34,1.51,21.9,11.5,5.85,1.89,71.6,78.7,74.2,80.0,15.7,9.06,4.34,1.51,21.9,11.5,5.85,1.89,71.6,78.7,74.2,80.0,0.0,0.11,-0.23,0.75,0.57,0.57,0.38,0.19,1.32,0.75,57.1,1.32,0.76,0.14,0.25,22.9,0.0,0.0,0.0,0.16,-0.02,-0.02,30.0,0.75,3.02,16.8,10.6,2.45,30.0,0.75,44.4,0.94,55.6,15.1,1.13,2.08,0.94,21.5,0.0,0.0,0.0,0.0,0.0,0.0,0.57,0.94,0.75,0.75,0.75,0.75,0.0,1.7,1.7,0.19,0.19,0.0,0.0,0.0,0.0,0.19,0.19,0.19,0.19,0.0,0.0,0.0,0.0,0.0,0.94,0.38,0.75,1.13,0.75,0.0,0.0,0.0,0.0,2.26,1.13,40.0,,,,,,,,,,,,,,,,,,,,,,,,,,,,
Wil Trapp,us USA,MF,Minnesota Utd,31,1993,27,26,2296,25.5,0.04,0.04,0.08,0.0,0.04,0.04,0.2,0.0,0.07,0.04,0.05,0.09,0.67,6.39,1.02,0.04,0.04,0.08,0.0,0.04,0.07,0.05,0.12,0.04,0.09,Matches,2024,25.5,39.5,18.1,17.0,3.61,47.0,20.7,19.3,5.22,84.1,87.5,88.2,69.2,682.5,219.5,39.5,18.1,17.0,3.61,47.0,20.7,19.3,5.22,84.1,87.5,88.2,69.2,39.5,18.1,17.0,3.61,47.0,20.7,19.3,5.22,84.1,87.5,88.2,69.2,39.5,18.1,17.0,3.61,47.0,20.7,19.3,5.22,84.1,87.5,88.2,69.2,0.04,0.07,-0.01,0.71,5.18,0.78,0.16,0.04,0.78,0.12,15.0,0.78,0.12,0.0,0.0,26.2,0.0,0.04,0.04,0.05,-0.04,-0.04,55.7,1.84,12.1,32.7,10.9,0.47,55.7,0.63,59.3,0.35,33.3,30.5,0.04,0.82,0.9,37.3,2.12,1.02,1.18,2.12,1.02,54.2,0.86,0.98,0.59,0.98,3.1,1.18,0.0,2.24,2.23,0.04,0.0,0.08,0.0,0.04,0.0,0.2,0.2,0.04,0.0,0.08,0.0,0.04,0.0,0.0,1.49,0.63,0.0,0.75,0.98,1.18,0.0,0.0,0.0,4.47,0.82,45.7,,,,,,,,,,,,,,,,,,,,,,,,,,,,
Jackson Travis,us USA,DF,Colorado Rapids,19,2004,9,6,482,5.4,0.0,0.0,0.0,0.0,0.0,0.0,0.0,0.0,0.0,0.0,0.02,0.02,2.59,4.07,3.52,0.0,0.0,0.0,0.0,0.0,0.0,0.02,0.02,0.0,0.02,Matches,2024,5.4,41.1,23.5,14.8,2.04,52.4,26.7,17.6,4.63,78.4,88.2,84.2,44.0,616.9,203.3,41.1,23.5,14.8,2.04,52.4,26.7,17.6,4.63,78.4,88.2,84.2,44.0,41.1,23.5,14.8,2.04,52.4,26.7,17.6,4.63,78.4,88.2,84.2,44.0,41.1,23.5,14.8,2.04,52.4,26.7,17.6,4.63,78.4,88.2,84.2,44.0,0.0,0.04,-0.02,0.74,2.78,0.74,0.56,0.0,0.0,0.0,,0.0,0.0,,,,0.0,0.0,0.0,,0.0,0.0,62.6,3.33,20.9,27.2,15.4,0.74,62.6,0.56,50.0,0.56,50.0,31.3,0.37,0.93,0.37,36.5,2.04,0.93,1.48,2.04,0.93,55.6,0.74,2.04,1.48,0.56,2.59,2.41,0.0,1.11,1.12,0.0,0.0,0.0,0.0,0.0,0.0,0.0,0.0,0.0,0.0,0.0,0.0,0.0,0.0,0.0,1.11,0.0,0.0,0.93,0.56,1.48,0.0,0.0,0.0,4.81,0.56,27.3,,,,,,,,,,,,,,,,,,,,,,,,,,,,
Niko Tsakiris,us USA,MF,SJ Earthquakes,18,2005,25,19,1468,16.3,0.0,0.06,0.06,0.0,0.0,0.0,0.06,0.0,0.04,0.04,0.09,0.13,1.78,3.31,2.45,0.0,0.06,0.06,0.0,0.06,0.04,0.09,0.13,0.04,0.13,Matches,2024,16.3,36.0,18.0,14.1,2.21,42.9,20.7,16.1,3.56,83.7,86.9,87.8,62.1,563.6,138.5,36.0,18.0,14.1,2.21,42.9,20.7,16.1,3.56,83.7,86.9,87.8,62.1,36.0,18.0,14.1,2.21,42.9,20.7,16.1,3.56,83.7,86.9,87.8,62.1,36.0,18.0,14.1,2.21,42.9,20.7,16.1,3.56,83.7,86.9,87.8,62.1,0.06,0.09,-0.03,0.74,3.44,0.61,0.12,0.0,0.67,0.06,9.1,0.67,0.06,0.0,0.0,23.0,0.0,0.0,0.0,0.05,-0.04,-0.04,53.1,2.39,12.6,31.9,9.26,1.1,53.1,0.49,32.0,0.67,44.0,31.2,0.12,1.72,0.98,37.5,1.66,0.86,1.04,1.66,0.86,43.8,1.1,1.29,0.98,0.8,2.45,1.23,0.0,1.78,1.78,0.06,0.0,0.12,0.0,0.0,0.0,0.06,0.06,0.06,0.0,0.12,0.0,0.0,0.0,0.0,0.92,1.53,0.0,0.61,0.8,1.04,0.0,0.06,0.0,4.66,0.37,30.0,,,,,,,,,,,,,,,,,,,,,,,,,,,,
Yutaro Tsukada,jp JPN,FW,Orlando City,22,2001,3,0,21,0.2,0.0,0.0,0.0,0.0,0.0,0.0,0.0,0.0,0.0,0.0,0.0,0.0,20.0,0.0,20.0,0.0,0.0,0.0,0.0,0.0,0.2,0.0,0.2,0.2,0.2,Matches,2024,0.2,45.0,25.0,15.0,0.0,65.0,25.0,15.0,10.0,69.2,100.0,100.0,0.0,520.0,90.0,45.0,25.0,15.0,0.0,65.0,25.0,15.0,10.0,69.2,100.0,100.0,0.0,45.0,25.0,15.0,0.0,65.0,25.0,15.0,10.0,69.2,100.0,100.0,0.0,45.0,25.0,15.0,0.0,65.0,25.0,15.0,10.0,69.2,100.0,100.0,0.0,0.0,0.0,0.0,0.0,0.0,0.0,0.0,0.0,5.0,0.0,0.0,4.29,0.0,0.0,,12.9,0.0,0.0,0.0,0.05,0.0,0.0,85.0,5.0,15.0,40.0,40.0,15.0,85.0,5.0,50.0,5.0,50.0,70.0,0.0,5.0,0.0,65.0,5.0,5.0,5.0,5.0,5.0,100.0,0.0,0.0,0.0,0.0,5.0,0.0,0.0,0.0,0.0,0.0,0.0,0.0,0.0,0.0,0.0,0.0,0.0,0.0,0.0,0.0,0.0,0.0,0.0,0.0,5.0,0.0,0.0,5.0,0.0,5.0,0.0,0.0,0.0,10.0,0.0,,,,,,,,,,,,,,,,,,,,,,,,,,,,,
Garrison Tubbs,us USA,DF,D.C. United,21,2002,15,7,551,6.1,0.0,0.0,0.0,0.0,0.0,0.0,0.16,0.0,0.08,0.08,0.0,0.08,0.16,2.46,0.16,0.0,0.0,0.0,0.0,0.0,0.08,0.0,0.08,0.08,0.08,Matches,2024,6.1,35.7,13.4,20.0,1.97,40.8,15.1,21.1,3.61,87.6,89.1,94.6,54.5,626.4,185.2,35.7,13.4,20.0,1.97,40.8,15.1,21.1,3.61,87.6,89.1,94.6,54.5,35.7,13.4,20.0,1.97,40.8,15.1,21.1,3.61,87.6,89.1,94.6,54.5,35.7,13.4,20.0,1.97,40.8,15.1,21.1,3.61,87.6,89.1,94.6,54.5,0.0,0.0,0.0,0.0,0.98,0.33,0.0,0.0,0.66,0.16,25.0,0.65,0.16,0.0,0.0,9.3,0.0,0.0,0.0,0.13,-0.08,-0.08,50.2,3.77,21.6,25.4,3.28,1.15,50.2,0.0,0.0,0.33,100.0,28.0,0.0,0.49,0.33,29.7,2.79,1.8,1.31,2.79,1.8,91.7,0.16,0.98,0.49,0.98,3.77,2.62,0.0,0.33,0.33,0.0,0.0,0.16,0.16,0.0,0.0,0.16,0.16,0.0,0.0,0.16,0.16,0.0,0.0,0.0,0.98,0.98,0.16,0.16,0.98,1.31,0.16,0.0,0.0,4.26,1.31,53.3,,,,,,,,,,,,,,,,,,,,,,,,,,,,
Bill Tuiloma,nz NZL,DF,Charlotte,28,1995,4,2,199,2.2,0.0,0.0,0.0,0.0,0.0,0.0,0.0,0.0,0.05,0.05,0.27,0.32,0.0,2.73,0.45,0.0,0.0,0.0,0.0,0.0,0.06,0.25,0.31,0.06,0.31,Matches,2024,2.2,50.9,12.7,30.9,7.27,65.9,14.5,33.2,17.3,77.2,87.5,93.2,42.1,1099.5,448.2,50.9,12.7,30.9,7.27,65.9,14.5,33.2,17.3,77.2,87.5,93.2,42.1,50.9,12.7,30.9,7.27,65.9,14.5,33.2,17.3,77.2,87.5,93.2,42.1,50.9,12.7,30.9,7.27,65.9,14.5,33.2,17.3,77.2,87.5,93.2,42.1,0.0,0.09,-0.27,0.45,3.64,0.45,0.0,0.0,0.91,0.45,50.0,0.9,0.45,0.0,0.0,15.9,0.45,0.0,0.0,0.07,-0.05,-0.05,73.6,7.27,37.3,35.5,1.36,0.45,73.6,0.0,,0.0,,54.5,0.0,0.45,0.0,53.6,0.45,0.45,0.45,0.45,0.45,100.0,0.0,0.91,0.45,0.45,0.91,4.09,0.0,0.45,0.45,0.0,0.0,0.0,0.0,0.0,0.0,0.0,0.0,0.0,0.0,0.0,0.0,0.0,0.0,0.0,0.91,0.45,0.0,0.0,0.45,0.45,0.0,0.0,0.0,2.73,4.09,60.0,,,,,,,,,,,,,,,,,,,,,,,,,,,,
Ema Twumasi,gh GHA,DF,FC Dallas,26,1997,19,13,1181,13.1,0.0,0.08,0.08,0.0,0.0,0.0,0.23,0.0,0.01,0.01,0.1,0.11,1.68,2.6,2.98,0.0,0.08,0.08,0.0,0.08,0.01,0.1,0.11,0.01,0.11,Matches,2024,13.1,41.6,24.0,15.4,1.37,49.1,25.6,17.7,3.28,84.8,93.5,87.1,41.9,612.4,158.8,41.6,24.0,15.4,1.37,49.1,25.6,17.7,3.28,84.8,93.5,87.1,41.9,41.6,24.0,15.4,1.37,49.1,25.6,17.7,3.28,84.8,93.5,87.1,41.9,41.6,24.0,15.4,1.37,49.1,25.6,17.7,3.28,84.8,93.5,87.1,41.9,0.08,0.05,-0.02,0.69,1.83,0.61,0.08,0.0,0.15,0.0,0.0,0.15,0.0,0.0,,15.1,0.0,0.0,0.0,0.04,-0.01,-0.01,57.3,3.51,20.5,26.2,10.8,0.76,57.3,0.23,30.0,0.53,70.0,29.7,0.38,0.99,1.15,34.7,1.91,1.07,1.22,1.91,1.07,58.3,0.76,0.84,0.46,0.38,2.29,2.21,0.08,1.15,1.14,0.0,0.0,0.0,0.0,0.0,0.0,0.15,0.15,0.0,0.0,0.0,0.0,0.0,0.0,0.0,1.3,0.53,0.08,0.76,0.38,1.22,0.0,0.15,0.0,3.66,0.92,57.1,,,,,,,,,,,,,,,,,,,,,,,,,,,,
Marinos Tzionis,cy CYP,"FW,MF",Sporting KC,22,2001,9,4,279,3.1,0.32,0.0,0.32,0.32,0.0,0.0,0.0,0.0,0.13,0.13,0.06,0.16,2.9,1.61,8.06,0.32,0.0,0.32,0.32,0.32,0.12,0.05,0.17,0.12,0.17,Matches,2024,3.1,24.5,16.1,5.48,1.94,30.0,18.1,7.1,2.26,81.7,89.3,77.3,85.7,353.5,71.9,24.5,16.1,5.48,1.94,30.0,18.1,7.1,2.26,81.7,89.3,77.3,85.7,24.5,16.1,5.48,1.94,30.0,18.1,7.1,2.26,81.7,89.3,77.3,85.7,24.5,16.1,5.48,1.94,30.0,18.1,7.1,2.26,81.7,89.3,77.3,85.7,0.0,0.06,-0.06,1.29,0.97,0.32,0.32,0.32,0.97,0.32,33.3,0.97,0.32,0.33,1.0,15.7,0.0,0.0,0.0,0.12,0.19,0.19,45.5,0.97,4.52,18.4,22.9,3.23,45.5,1.94,42.9,2.58,57.1,28.7,0.65,2.26,2.26,31.3,1.94,0.0,0.97,1.94,0.0,0.0,0.32,1.94,1.61,0.97,2.9,0.65,0.0,2.58,2.59,0.0,0.0,0.0,0.0,0.32,0.0,0.0,0.0,0.0,0.0,0.0,0.0,0.32,0.0,0.0,0.97,1.94,0.0,0.97,0.97,0.97,0.0,0.0,0.0,3.87,0.65,40.0,,,,,,,,,,,,,,,,,,,,,,,,,,,,
Mikael Uhre,dk DEN,FW,Philadelphia Union,29,1994,30,25,2005,22.3,0.45,0.22,0.67,0.45,0.0,0.0,0.18,0.0,0.37,0.37,0.11,0.48,1.97,1.39,6.14,0.45,0.22,0.67,0.45,0.67,0.37,0.11,0.48,0.37,0.48,Matches,2024,22.3,10.5,6.19,3.45,0.27,17.3,9.24,5.25,0.67,61.0,67.0,65.8,40.0,147.4,30.5,10.5,6.19,3.45,0.27,17.3,9.24,5.25,0.67,61.0,67.0,65.8,40.0,10.5,6.19,3.45,0.27,17.3,9.24,5.25,0.67,61.0,67.0,65.8,40.0,10.5,6.19,3.45,0.27,17.3,9.24,5.25,0.67,61.0,67.0,65.8,40.0,0.22,0.15,0.12,0.81,0.45,0.81,0.18,0.45,2.24,1.12,50.0,2.24,1.12,0.2,0.4,14.3,0.0,0.0,0.0,0.16,0.08,0.08,27.7,0.99,2.2,9.24,16.3,4.66,27.7,0.18,19.0,0.67,71.4,15.5,0.9,2.56,0.99,19.5,1.12,0.49,0.63,1.12,0.49,50.0,0.49,0.67,0.58,0.18,1.3,0.76,0.0,2.29,2.29,0.09,0.04,0.4,0.0,0.0,0.0,0.49,0.49,0.09,0.04,0.4,0.0,0.0,0.0,0.0,1.88,1.75,0.94,1.39,0.18,0.63,0.0,0.0,0.0,2.38,2.29,44.7,,,,,,,,,,,,,,,,,,,,,,,,,,,,
Jere Uronen,fi FIN,DF,Charlotte,29,1994,26,24,2129,23.7,0.0,0.17,0.17,0.0,0.0,0.0,0.08,0.0,0.02,0.02,0.08,0.1,1.81,4.73,2.83,0.0,0.17,0.17,0.0,0.17,0.02,0.08,0.1,0.02,0.1,Matches,2024,23.7,43.0,22.1,17.3,2.91,53.5,24.5,20.9,5.91,80.4,90.2,82.6,49.3,707.8,244.9,43.0,22.1,17.3,2.91,53.5,24.5,20.9,5.91,80.4,90.2,82.6,49.3,43.0,22.1,17.3,2.91,53.5,24.5,20.9,5.91,80.4,90.2,82.6,49.3,43.0,22.1,17.3,2.91,53.5,24.5,20.9,5.91,80.4,90.2,82.6,49.3,0.17,0.09,0.09,0.8,4.18,0.8,0.25,0.0,0.34,0.13,37.5,0.34,0.13,0.0,0.0,25.0,0.17,0.0,0.0,0.06,-0.02,-0.02,63.2,3.88,18.1,28.5,16.9,0.55,63.2,0.3,41.2,0.38,52.9,30.1,0.13,0.72,0.42,35.7,1.86,1.31,1.1,1.86,1.31,63.3,0.76,1.39,1.01,1.18,3.04,2.74,0.0,1.77,1.78,0.0,0.0,0.13,0.0,0.0,0.0,0.21,0.21,0.0,0.0,0.13,0.0,0.0,0.0,0.0,0.84,0.72,0.04,3.38,1.18,1.1,0.0,0.0,0.0,3.21,1.1,53.1,,,,,,,,,,,,,,,,,,,,,,,,,,,,
Júnior Urso,br BRA,MF,Charlotte,34,1989,21,11,1023,11.4,0.09,0.0,0.09,0.09,0.0,0.0,0.26,0.0,0.11,0.11,0.11,0.22,1.14,2.37,1.84,0.09,0.0,0.09,0.09,0.09,0.11,0.11,0.22,0.11,0.22,Matches,2024,11.4,28.6,13.6,11.7,1.67,35.3,16.1,13.3,2.81,81.1,84.2,87.5,59.4,453.2,92.0,28.6,13.6,11.7,1.67,35.3,16.1,13.3,2.81,81.1,84.2,87.5,59.4,28.6,13.6,11.7,1.67,35.3,16.1,13.3,2.81,81.1,84.2,87.5,59.4,28.6,13.6,11.7,1.67,35.3,16.1,13.3,2.81,81.1,84.2,87.5,59.4,0.0,0.04,-0.11,0.61,2.63,0.61,0.18,0.09,1.58,0.44,27.8,1.58,0.44,0.06,0.2,14.0,0.0,0.0,0.0,0.07,-0.03,-0.03,46.4,2.46,11.0,26.1,9.65,2.46,46.4,0.96,50.0,0.79,40.9,25.4,0.44,0.79,0.88,30.5,2.54,0.88,1.49,2.54,0.88,45.5,1.05,1.05,0.7,1.14,3.68,1.58,0.0,1.4,1.41,0.0,0.0,0.09,0.0,0.09,0.0,0.09,0.09,0.0,0.0,0.09,0.0,0.09,0.0,0.0,1.49,1.67,0.0,0.26,1.14,1.49,0.0,0.0,0.0,4.47,1.05,75.0,,,,,,,,,,,,,,,,,,,,,,,,,,,,
Óscar Ustari,ar ARG,GK,Inter Miami,37,1986,1,1,90,1.0,0.0,0.0,0.0,0.0,0.0,0.0,0.0,0.0,0.0,0.0,0.0,0.0,0.0,0.0,0.0,0.0,0.0,0.0,0.0,0.0,0.0,0.0,0.0,0.0,0.0,Matches,2024,1.0,42.0,11.0,26.0,5.0,48.0,11.0,26.0,10.0,87.5,100.0,100.0,50.0,934.0,596.0,42.0,11.0,26.0,5.0,48.0,11.0,26.0,10.0,87.5,100.0,100.0,50.0,42.0,11.0,26.0,5.0,48.0,11.0,26.0,10.0,87.5,100.0,100.0,50.0,42.0,11.0,26.0,5.0,48.0,11.0,26.0,10.0,87.5,100.0,100.0,50.0,0.0,0.0,0.0,0.0,0.0,0.0,0.0,0.0,0.0,0.0,,0.0,0.0,,,,0.0,0.0,0.0,,0.0,0.0,50.0,44.0,50.0,0.0,0.0,0.0,50.0,0.0,,0.0,,29.0,0.0,0.0,0.0,24.0,0.0,0.0,0.0,0.0,0.0,,0.0,0.0,0.0,0.0,0.0,0.0,0.0,0.0,0.0,0.0,0.0,0.0,0.0,0.0,0.0,0.0,0.0,0.0,0.0,0.0,0.0,0.0,0.0,0.0,0.0,0.0,0.0,0.0,0.0,0.0,0.0,0.0,0.0,2.0,0.0,,0.0,0.0,0.0,0.0,1.1,0.18,1.1,1.1,38.0,9.0,15.8,22.2,24.8,26.0,14.3,15.8,22.2,24.8,26.0,14.3,11.0,1.0,9.1,2.0,2.0,24.8,26.0,14.3
Leo Väisänen,fi FIN,DF,Austin,26,1997,13,9,831,9.2,0.0,0.0,0.0,0.0,0.0,0.0,0.0,0.0,0.03,0.03,0.0,0.03,0.33,3.59,0.0,0.0,0.0,0.0,0.0,0.0,0.03,0.0,0.03,0.03,0.03,Matches,2024,9.2,50.8,16.8,27.0,5.87,55.2,18.4,28.5,6.74,91.9,91.7,94.7,87.1,973.7,323.6,50.8,16.8,27.0,5.87,55.2,18.4,28.5,6.74,91.9,91.7,94.7,87.1,50.8,16.8,27.0,5.87,55.2,18.4,28.5,6.74,91.9,91.7,94.7,87.1,50.8,16.8,27.0,5.87,55.2,18.4,28.5,6.74,91.9,91.7,94.7,87.1,0.0,0.01,0.0,0.0,2.72,0.11,0.0,0.0,0.43,0.22,50.0,0.43,0.22,0.0,0.0,14.0,0.0,0.0,0.0,0.07,-0.03,-0.03,65.0,8.48,36.5,27.6,0.98,0.43,65.0,0.0,,0.0,,31.7,0.0,0.11,0.0,45.8,1.63,0.98,0.98,1.63,0.98,81.8,0.22,1.41,0.33,0.65,2.28,4.35,0.11,0.43,0.43,0.0,0.0,0.0,0.0,0.0,0.0,0.0,0.0,0.0,0.0,0.0,0.0,0.0,0.0,0.0,0.43,0.0,0.0,0.0,0.65,0.98,0.0,0.0,0.0,3.8,1.2,52.4,,,,,,,,,,,,,,,,,,,,,,,,,,,,
Jhojan Valencia,co COL,MF,Austin,27,1996,27,16,1438,16.0,0.0,0.0,0.0,0.0,0.0,0.0,0.5,0.0,0.01,0.01,0.02,0.03,0.25,4.25,0.31,0.0,0.0,0.0,0.0,0.0,0.01,0.02,0.03,0.01,0.03,Matches,2024,16.0,43.8,15.1,20.6,7.19,49.7,16.4,21.9,9.19,88.2,91.6,94.3,78.2,878.9,244.6,43.8,15.1,20.6,7.19,49.7,16.4,21.9,9.19,88.2,91.6,94.3,78.2,43.8,15.1,20.6,7.19,49.7,16.4,21.9,9.19,88.2,91.6,94.3,78.2,43.8,15.1,20.6,7.19,49.7,16.4,21.9,9.19,88.2,91.6,94.3,78.2,0.0,0.02,-0.02,0.25,5.69,0.19,0.0,0.0,0.5,0.06,12.5,0.5,0.06,0.0,0.0,27.1,0.0,0.0,0.0,0.03,-0.01,-0.01,59.0,3.38,18.5,35.3,5.44,0.25,59.0,0.88,70.0,0.38,30.0,27.9,0.0,1.06,0.56,40.6,2.25,0.81,1.44,2.25,0.81,41.9,1.13,1.0,0.63,0.88,3.13,1.88,0.06,0.94,0.94,0.0,0.0,0.0,0.0,0.06,0.0,0.13,0.13,0.0,0.0,0.0,0.0,0.06,0.0,0.0,2.19,0.69,0.0,0.0,0.88,1.44,0.0,0.0,0.0,5.69,0.56,50.0,,,,,,,,,,,,,,,,,,,,,,,,,,,,
Omar Valencia,pa PAN,MF,NY Red Bulls,19,2004,1,0,2,0.0,0.0,0.0,0.0,0.0,0.0,0.0,0.0,0.0,0.0,0.0,0.0,0.0,0.0,0.0,0.0,0.0,0.0,0.0,0.0,0.0,0.0,0.0,0.0,0.0,0.0,Matches,2024,0.0,3.0,3.0,0.0,0.0,4.0,4.0,0.0,0.0,75.0,75.0,,,32.0,21.0,3.0,3.0,0.0,0.0,4.0,4.0,0.0,0.0,75.0,75.0,,,3.0,3.0,0.0,0.0,4.0,4.0,0.0,0.0,75.0,75.0,,,3.0,3.0,0.0,0.0,4.0,4.0,0.0,0.0,75.0,75.0,,,0.0,0.0,0.0,0.0,0.0,0.0,0.0,0.0,0.0,0.0,,0.0,0.0,,,,0.0,0.0,0.0,,0.0,0.0,7.0,1.0,3.0,2.0,2.0,0.0,7.0,0.0,0.0,1.0,100.0,4.0,0.0,0.0,0.0,4.0,1.0,1.0,1.0,1.0,1.0,100.0,0.0,0.0,0.0,0.0,1.0,1.0,0.0,0.0,0.0,0.0,0.0,0.0,0.0,0.0,0.0,0.0,0.0,0.0,0.0,0.0,0.0,0.0,0.0,0.0,0.0,0.0,0.0,0.0,0.0,1.0,0.0,0.0,0.0,0.0,0.0,,,,,,,,,,,,,,,,,,,,,,,,,,,,,
Zarek Valentin,pr PUR,"DF,MF",Minnesota Utd,32,1991,4,0,37,0.4,0.0,0.0,0.0,0.0,0.0,0.0,0.0,0.0,0.0,0.0,0.0,0.0,0.0,5.0,7.5,0.0,0.0,0.0,0.0,0.0,0.0,0.0,0.0,0.0,0.0,Matches,2024,0.4,20.0,7.5,2.5,7.5,27.5,7.5,2.5,15.0,72.7,100.0,100.0,50.0,372.5,187.5,20.0,7.5,2.5,7.5,27.5,7.5,2.5,15.0,72.7,100.0,100.0,50.0,20.0,7.5,2.5,7.5,27.5,7.5,2.5,15.0,72.7,100.0,100.0,50.0,20.0,7.5,2.5,7.5,27.5,7.5,2.5,15.0,72.7,100.0,100.0,50.0,0.0,0.0,0.0,0.0,2.5,2.5,0.0,0.0,0.0,0.0,,0.0,0.0,,,,0.0,0.0,0.0,,0.0,0.0,40.0,2.5,10.0,22.5,7.5,0.0,40.0,0.0,,0.0,,20.0,0.0,0.0,0.0,20.0,0.0,0.0,0.0,0.0,0.0,,0.0,2.5,2.5,0.0,0.0,7.5,0.0,0.0,0.0,0.0,0.0,0.0,0.0,0.0,0.0,0.0,0.0,0.0,0.0,0.0,0.0,0.0,0.0,0.0,0.0,0.0,0.0,2.5,0.0,0.0,0.0,0.0,0.0,2.5,2.5,50.0,,,,,,,,,,,,,,,,,,,,,,,,,,,,
Gerardo Valenzuela,us USA,"MF,FW",FC Cincinnati,19,2004,30,11,962,10.7,0.09,0.09,0.19,0.09,0.0,0.0,0.19,0.0,0.12,0.12,0.15,0.28,2.43,3.74,6.17,0.09,0.09,0.19,0.09,0.19,0.13,0.15,0.28,0.13,0.28,Matches,2024,10.7,29.3,15.4,9.53,2.8,35.8,17.2,11.5,3.93,82.0,89.7,82.9,71.4,459.0,110.0,29.3,15.4,9.53,2.8,35.8,17.2,11.5,3.93,82.0,89.7,82.9,71.4,29.3,15.4,9.53,2.8,35.8,17.2,11.5,3.93,82.0,89.7,82.9,71.4,29.3,15.4,9.53,2.8,35.8,17.2,11.5,3.93,82.0,89.7,82.9,71.4,0.09,0.19,-0.06,1.21,2.15,1.4,0.28,0.09,1.87,0.37,20.0,1.87,0.37,0.05,0.25,20.3,0.09,0.0,0.0,0.07,-0.03,-0.03,50.1,0.75,4.77,23.8,22.4,2.52,50.1,0.93,33.3,1.87,66.7,33.2,0.47,3.64,1.4,39.3,2.15,0.93,1.5,2.15,0.93,47.6,1.03,1.31,1.12,0.37,2.52,1.03,0.0,2.9,2.91,0.09,0.0,0.65,0.0,0.09,0.0,0.37,0.37,0.09,0.0,0.65,0.0,0.09,0.0,0.0,2.52,2.99,0.28,1.68,0.37,1.5,0.0,0.0,0.0,4.39,0.93,33.3,,,,,,,,,,,,,,,,,,,,,,,,,,,,
Jefferson Valverde,ec ECU,DF,Houston Dynamo,24,1999,1,0,13,0.1,0.0,0.0,0.0,0.0,0.0,0.0,0.0,0.0,0.0,0.0,0.0,0.0,0.0,20.0,0.0,0.0,0.0,0.0,0.0,0.0,0.0,0.0,0.0,0.0,0.0,Matches,2024,0.1,90.0,40.0,40.0,10.0,90.0,40.0,40.0,10.0,100.0,100.0,100.0,100.0,1660.0,710.0,90.0,40.0,40.0,10.0,90.0,40.0,40.0,10.0,100.0,100.0,100.0,100.0,90.0,40.0,40.0,10.0,90.0,40.0,40.0,10.0,100.0,100.0,100.0,100.0,90.0,40.0,40.0,10.0,90.0,40.0,40.0,10.0,100.0,100.0,100.0,100.0,0.0,0.0,0.0,0.0,10.0,0.0,0.0,0.0,0.0,0.0,,0.0,0.0,,,,0.0,0.0,0.0,,0.0,0.0,100.0,0.0,10.0,90.0,0.0,0.0,100.0,0.0,,0.0,,40.0,0.0,10.0,0.0,70.0,0.0,0.0,0.0,0.0,0.0,0.0,10.0,0.0,0.0,0.0,0.0,0.0,0.0,0.0,0.0,0.0,0.0,0.0,0.0,0.0,0.0,0.0,0.0,0.0,0.0,0.0,0.0,0.0,0.0,0.0,0.0,0.0,0.0,0.0,0.0,0.0,0.0,0.0,0.0,10.0,0.0,0.0,,,,,,,,,,,,,,,,,,,,,,,,,,,,
Dante Vanzeir,be BEL,FW,NY Red Bulls,25,1998,32,27,2081,23.1,0.17,0.39,0.56,0.17,0.0,0.0,0.09,0.0,0.36,0.36,0.22,0.58,1.99,1.9,6.62,0.17,0.39,0.56,0.17,0.56,0.36,0.22,0.58,0.36,0.58,Matches,2024,23.1,11.7,7.06,3.46,0.74,19.3,9.78,5.41,1.69,60.9,72.1,64.0,43.6,173.3,44.3,11.7,7.06,3.46,0.74,19.3,9.78,5.41,1.69,60.9,72.1,64.0,43.6,11.7,7.06,3.46,0.74,19.3,9.78,5.41,1.69,60.9,72.1,64.0,43.6,11.7,7.06,3.46,0.74,19.3,9.78,5.41,1.69,60.9,72.1,64.0,43.6,0.39,0.15,0.17,1.43,0.95,0.87,0.22,0.17,2.25,0.78,34.6,2.25,0.78,0.08,0.22,13.4,0.04,0.0,0.0,0.16,-0.19,-0.19,29.3,0.35,1.47,9.83,18.3,5.28,29.3,1.04,49.0,1.0,46.9,17.4,1.13,3.2,0.91,21.3,0.69,0.26,0.35,0.69,0.26,50.0,0.26,0.52,0.52,0.3,1.0,0.26,0.0,2.86,2.85,0.22,0.04,0.04,0.0,0.09,0.0,0.61,0.61,0.22,0.04,0.04,0.0,0.09,0.0,0.0,1.3,0.52,0.61,1.26,0.3,0.35,0.0,0.0,0.0,1.99,1.56,32.1,,,,,,,,,,,,,,,,,,,,,,,,,,,,
Alenis Vargas,hn HON,FW,Sporting KC,20,2003,20,8,633,7.0,0.29,0.14,0.43,0.29,0.0,0.0,0.14,0.0,0.11,0.11,0.21,0.33,3.57,2.0,9.71,0.28,0.14,0.43,0.28,0.43,0.12,0.21,0.33,0.12,0.33,Matches,2024,7.0,16.4,10.3,4.57,1.0,23.3,11.6,7.14,1.71,70.6,88.9,64.0,58.3,229.7,45.1,16.4,10.3,4.57,1.0,23.3,11.6,7.14,1.71,70.6,88.9,64.0,58.3,16.4,10.3,4.57,1.0,23.3,11.6,7.14,1.71,70.6,88.9,64.0,58.3,16.4,10.3,4.57,1.0,23.3,11.6,7.14,1.71,70.6,88.9,64.0,58.3,0.14,0.14,-0.07,0.86,0.86,0.71,0.14,0.29,1.57,0.86,54.5,1.56,0.85,0.18,0.33,14.5,0.0,0.0,0.0,0.08,0.17,0.17,35.7,0.71,3.57,11.7,21.0,4.86,35.7,1.0,25.9,2.29,59.3,26.7,2.43,3.43,1.57,27.7,1.0,0.57,0.57,1.0,0.57,33.3,1.14,0.29,0.14,0.43,1.43,0.57,0.0,2.29,2.27,0.43,0.14,0.29,0.0,0.0,0.0,0.29,0.28,0.43,0.14,0.29,0.0,0.0,0.0,0.0,1.86,2.71,0.14,2.57,0.43,0.57,0.0,0.0,0.0,4.14,1.0,30.4,,,,,,,,,,,,,,,,,,,,,,,,,,,,
Kerwin Vargas,co COL,FW,Charlotte,22,2002,33,29,2453,27.3,0.22,0.07,0.29,0.22,0.0,0.04,0.26,0.0,0.19,0.16,0.11,0.28,1.83,3.04,8.83,0.22,0.07,0.29,0.22,0.29,0.2,0.11,0.31,0.17,0.28,Matches,2024,27.3,21.6,11.1,7.99,1.83,29.7,12.7,10.5,4.1,72.8,87.0,76.2,44.6,352.1,101.4,21.6,11.1,7.99,1.83,29.7,12.7,10.5,4.1,72.8,87.0,76.2,44.6,21.6,11.1,7.99,1.83,29.7,12.7,10.5,4.1,72.8,87.0,76.2,44.6,21.6,11.1,7.99,1.83,29.7,12.7,10.5,4.1,72.8,87.0,76.2,44.6,0.07,0.1,-0.04,1.06,1.65,1.32,0.48,0.22,2.27,0.66,29.0,2.27,0.66,0.1,0.33,18.2,0.07,0.0,0.04,0.07,0.03,0.05,39.2,1.28,5.31,13.1,21.2,2.78,39.1,0.7,39.6,1.03,58.3,24.2,0.81,1.39,0.59,28.8,0.99,0.55,0.55,0.99,0.55,75.0,0.18,0.88,0.81,0.4,1.39,1.36,0.0,2.27,2.27,0.18,0.0,0.15,0.04,0.04,0.0,0.11,0.11,0.18,0.0,0.15,0.04,0.04,0.0,0.0,1.06,1.25,0.33,3.63,0.4,0.55,0.07,0.0,0.0,3.7,0.59,30.2,,,,,,,,,,,,,,,,,,,,,,,,,,,,
Obed Vargas,mx MEX,"MF,FW",Seattle Sounders,18,2005,30,28,2536,28.2,0.04,0.14,0.18,0.04,0.0,0.0,0.18,0.04,0.08,0.08,0.11,0.19,0.99,3.83,3.37,0.04,0.14,0.18,0.04,0.18,0.08,0.11,0.19,0.08,0.19,Matches,2024,28.2,35.9,18.9,12.9,1.91,42.9,21.4,14.8,3.05,83.6,88.4,87.7,62.8,532.5,117.6,35.9,18.9,12.9,1.91,42.9,21.4,14.8,3.05,83.6,88.4,87.7,62.8,35.9,18.9,12.9,1.91,42.9,21.4,14.8,3.05,83.6,88.4,87.7,62.8,35.9,18.9,12.9,1.91,42.9,21.4,14.8,3.05,83.6,88.4,87.7,62.8,0.14,0.09,0.04,1.03,2.59,0.6,0.04,0.04,0.82,0.25,30.4,0.82,0.25,0.04,0.14,18.3,0.0,0.0,0.0,0.1,-0.05,-0.05,55.2,2.23,11.5,29.7,14.5,2.13,55.2,0.85,46.2,0.82,44.2,29.6,0.46,1.56,1.28,37.2,2.41,0.78,1.45,2.41,0.78,52.4,0.71,1.81,1.1,1.28,3.69,1.28,0.07,2.59,2.59,0.14,0.04,0.18,0.04,0.07,0.04,0.5,0.5,0.14,0.04,0.18,0.04,0.07,0.04,0.04,0.85,1.99,0.04,0.64,1.28,1.45,0.07,0.0,0.0,4.79,0.43,40.0,,,,,,,,,,,,,,,,,,,,,,,,,,,,
Indiana Vassilev,us USA,"MF,FW",St. Louis,22,2001,29,23,1838,20.4,0.15,0.2,0.34,0.15,0.0,0.0,0.25,0.0,0.18,0.18,0.18,0.36,2.55,3.24,6.86,0.15,0.2,0.34,0.15,0.34,0.18,0.18,0.36,0.18,0.36,Matches,2024,20.4,24.9,13.3,7.7,3.09,34.0,15.7,9.71,6.03,73.2,84.4,79.3,51.2,419.5,111.9,24.9,13.3,7.7,3.09,34.0,15.7,9.71,6.03,73.2,84.4,79.3,51.2,24.9,13.3,7.7,3.09,34.0,15.7,9.71,6.03,73.2,84.4,79.3,51.2,24.9,13.3,7.7,3.09,34.0,15.7,9.71,6.03,73.2,84.4,79.3,51.2,0.2,0.18,0.02,1.81,1.96,1.03,0.34,0.15,1.81,0.34,18.9,1.81,0.34,0.08,0.43,18.6,0.25,0.0,0.0,0.1,-0.03,-0.03,45.0,0.44,3.43,17.5,24.9,2.7,45.0,0.74,34.1,1.13,52.3,26.0,0.74,2.7,2.4,29.4,1.27,0.59,0.78,1.27,0.59,30.8,1.32,1.42,1.37,0.34,1.62,0.49,0.0,3.43,3.43,0.15,0.0,0.1,0.0,0.0,0.0,0.25,0.25,0.15,0.0,0.1,0.0,0.0,0.0,0.0,1.23,1.23,0.1,4.85,0.34,0.78,0.0,0.0,0.0,4.02,0.83,47.2,,,,,,,,,,,,,,,,,,,,,,,,,,,,
Alan Velasco,ar ARG,"FW,MF",FC Dallas,21,2002,8,5,370,4.1,0.49,0.0,0.49,0.24,0.24,0.24,0.73,0.0,0.37,0.17,0.05,0.2,3.17,3.9,3.9,0.49,0.0,0.49,0.24,0.24,0.36,0.04,0.39,0.16,0.2,Matches,2024,4.1,27.3,13.7,9.51,3.66,39.0,16.3,13.4,5.85,70.0,83.6,70.9,62.5,479.3,128.8,27.3,13.7,9.51,3.66,39.0,16.3,13.4,5.85,70.0,83.6,70.9,62.5,27.3,13.7,9.51,3.66,39.0,16.3,13.4,5.85,70.0,83.6,70.9,62.5,27.3,13.7,9.51,3.66,39.0,16.3,13.4,5.85,70.0,83.6,70.9,62.5,0.0,0.05,-0.05,0.98,2.68,0.49,0.24,0.49,2.68,0.98,36.4,2.68,0.97,0.09,0.25,24.3,0.24,0.24,0.24,0.06,0.12,0.07,50.7,0.73,5.61,29.0,17.1,2.44,50.5,1.22,45.5,0.98,36.4,34.9,1.22,1.71,1.95,40.7,1.22,0.24,0.98,1.22,0.24,14.3,1.46,0.98,0.98,0.98,2.2,0.24,0.0,2.68,2.68,0.24,0.0,0.0,0.0,0.0,0.0,0.49,0.49,0.24,0.0,0.0,0.0,0.0,0.0,0.0,1.71,3.41,0.24,0.73,0.98,0.98,0.0,0.0,0.0,3.9,0.24,25.0,,,,,,,,,,,,,,,,,,,,,,,,,,,,
Brayan Vera,co COL,DF,Real Salt Lake,25,1999,24,24,2107,23.4,0.09,0.09,0.17,0.04,0.04,0.04,0.38,0.04,0.07,0.04,0.08,0.12,0.85,4.06,0.26,0.09,0.09,0.17,0.04,0.13,0.07,0.07,0.15,0.04,0.11,Matches,2024,23.4,49.9,12.9,28.0,8.68,61.4,14.4,31.5,14.4,81.2,89.6,89.0,60.2,1112.1,437.9,49.9,12.9,28.0,8.68,61.4,14.4,31.5,14.4,81.2,89.6,89.0,60.2,49.9,12.9,28.0,8.68,61.4,14.4,31.5,14.4,81.2,89.6,89.0,60.2,49.9,12.9,28.0,8.68,61.4,14.4,31.5,14.4,81.2,89.6,89.0,60.2,0.09,0.09,0.01,0.68,5.47,0.38,0.04,0.09,0.9,0.3,33.3,0.9,0.3,0.05,0.14,30.1,0.34,0.04,0.04,0.04,0.01,0.0,70.6,6.5,30.4,36.1,4.4,0.3,70.6,0.17,66.7,0.09,33.3,39.4,0.04,0.47,0.17,46.9,1.62,0.64,0.98,1.62,0.64,62.5,0.38,1.67,0.64,0.6,2.22,3.21,0.0,1.32,1.32,0.0,0.0,0.0,0.0,0.0,0.0,0.17,0.17,0.0,0.0,0.0,0.0,0.0,0.0,0.0,1.28,0.68,0.04,2.48,0.6,0.98,0.0,0.0,0.0,4.1,0.68,42.1,,,,,,,,,,,,,,,,,,,,,,,,,,,,
Oscar Verhoeven,us USA,DF,SJ Earthquakes,17,2006,6,5,401,4.5,0.0,0.0,0.0,0.0,0.0,0.0,0.22,0.0,0.0,0.0,0.0,0.0,0.22,1.33,1.56,0.0,0.0,0.0,0.0,0.0,0.0,0.0,0.0,0.0,0.0,Matches,2024,4.5,35.3,17.3,13.8,2.44,45.1,19.3,17.1,5.78,78.3,89.7,80.5,42.3,569.3,190.0,35.3,17.3,13.8,2.44,45.1,19.3,17.1,5.78,78.3,89.7,80.5,42.3,35.3,17.3,13.8,2.44,45.1,19.3,17.1,5.78,78.3,89.7,80.5,42.3,35.3,17.3,13.8,2.44,45.1,19.3,17.1,5.78,78.3,89.7,80.5,42.3,0.0,0.02,0.0,0.0,1.11,0.22,0.0,0.0,0.0,0.0,,0.0,0.0,,,,0.0,0.0,0.0,,0.0,0.0,56.0,3.78,21.6,26.2,8.89,0.22,56.0,1.56,77.8,0.44,22.2,24.7,0.0,1.56,0.67,32.4,1.33,1.11,0.89,1.33,1.11,71.4,0.44,0.67,0.22,1.33,2.67,5.11,0.0,0.44,0.45,0.0,0.0,0.0,0.0,0.0,0.0,0.0,0.0,0.0,0.0,0.0,0.0,0.0,0.0,0.0,0.22,0.22,0.0,1.11,1.33,0.89,0.0,0.0,0.0,4.22,1.56,50.0,,,,,,,,,,,,,,,,,,,,,,,,,,,,
Ranko Veselinović,rs SRB,DF,Vancouver W'caps,24,1999,32,31,2764,30.7,0.07,0.03,0.1,0.07,0.0,0.0,0.13,0.0,0.03,0.03,0.0,0.04,0.16,0.98,0.26,0.07,0.03,0.1,0.07,0.1,0.03,0.0,0.04,0.03,0.04,Matches,2024,30.7,47.1,7.79,34.2,5.08,51.4,8.57,35.2,7.1,91.7,90.9,97.0,71.6,1006.4,269.5,47.1,7.79,34.2,5.08,51.4,8.57,35.2,7.1,91.7,90.9,97.0,71.6,47.1,7.79,34.2,5.08,51.4,8.57,35.2,7.1,91.7,90.9,97.0,71.6,47.1,7.79,34.2,5.08,51.4,8.57,35.2,7.1,91.7,90.9,97.0,71.6,0.03,0.02,0.03,0.1,1.86,0.1,0.0,0.07,0.39,0.1,25.0,0.39,0.1,0.17,0.67,10.5,0.0,0.0,0.0,0.08,0.03,0.03,61.0,13.9,38.9,20.5,1.86,1.17,61.0,0.03,33.3,0.0,0.0,37.7,0.03,0.36,0.1,44.7,0.75,0.39,0.52,0.75,0.39,57.1,0.29,1.3,0.59,0.52,1.27,5.8,0.03,0.42,0.42,0.0,0.0,0.0,0.0,0.0,0.0,0.1,0.1,0.0,0.0,0.0,0.0,0.0,0.0,0.0,0.55,0.39,0.03,0.0,0.52,0.52,0.0,0.03,0.0,2.25,1.63,60.2,,,,,,,,,,,,,,,,,,,,,,,,,,,,
Jules-Anthony Vilsaint,ca CAN,"MF,FW",CF Montréal,21,2003,19,10,839,9.3,0.22,0.22,0.43,0.22,0.0,0.0,0.11,0.0,0.38,0.38,0.17,0.55,1.4,1.83,5.38,0.21,0.21,0.43,0.21,0.43,0.37,0.17,0.54,0.37,0.54,Matches,2024,9.3,18.2,9.57,6.45,1.4,23.4,11.4,8.06,2.04,77.5,84.0,80.0,68.4,282.3,50.8,18.2,9.57,6.45,1.4,23.4,11.4,8.06,2.04,77.5,84.0,80.0,68.4,18.2,9.57,6.45,1.4,23.4,11.4,8.06,2.04,77.5,84.0,80.0,68.4,18.2,9.57,6.45,1.4,23.4,11.4,8.06,2.04,77.5,84.0,80.0,68.4,0.22,0.11,0.04,0.97,1.29,0.54,0.22,0.22,2.9,0.86,29.6,2.9,0.86,0.07,0.25,15.3,0.0,0.0,0.0,0.13,-0.16,-0.16,33.8,0.97,3.76,16.1,14.5,2.8,33.8,0.75,50.0,0.54,35.7,22.5,0.43,2.15,1.08,26.1,1.08,0.54,0.54,1.08,0.54,71.4,0.22,0.54,0.43,0.32,1.4,0.65,0.0,2.69,2.65,0.32,0.0,0.32,0.22,0.0,0.0,0.75,0.74,0.32,0.0,0.32,0.22,0.0,0.0,0.0,0.54,2.15,0.54,0.32,0.32,0.54,0.11,0.0,0.0,2.26,0.54,33.3,,,,,,,,,,,,,,,,,,,,,,,,,,,,
Sam Vines,us USA,DF,Colorado Rapids,24,1999,27,24,2168,24.1,0.04,0.04,0.08,0.04,0.0,0.0,0.0,0.0,0.07,0.07,0.07,0.15,2.16,6.22,6.6,0.04,0.04,0.08,0.04,0.08,0.07,0.07,0.15,0.07,0.15,Matches,2024,24.1,48.0,26.1,17.1,2.74,59.3,28.5,22.0,5.23,80.9,91.7,77.9,52.4,735.3,275.9,48.0,26.1,17.1,2.74,59.3,28.5,22.0,5.23,80.9,91.7,77.9,52.4,48.0,26.1,17.1,2.74,59.3,28.5,22.0,5.23,80.9,91.7,77.9,52.4,48.0,26.1,17.1,2.74,59.3,28.5,22.0,5.23,80.9,91.7,77.9,52.4,0.04,0.09,-0.03,0.62,4.65,1.29,0.37,0.04,0.54,0.17,30.8,0.54,0.17,0.08,0.25,19.8,0.04,0.0,0.0,0.14,-0.03,-0.03,67.1,2.78,16.8,30.2,20.5,1.0,67.1,0.37,56.3,0.29,43.8,36.8,0.29,1.24,0.37,43.2,1.24,1.04,0.71,1.24,1.04,62.5,0.62,1.16,0.87,1.0,2.24,1.99,0.04,1.62,1.62,0.04,0.0,0.12,0.04,0.0,0.0,0.17,0.17,0.04,0.0,0.12,0.04,0.0,0.0,0.0,0.08,0.33,0.17,2.16,1.0,0.71,0.0,0.0,0.04,3.9,0.33,32.0,,,,,,,,,,,,,,,,,,,,,,,,,,,,
Pedro Vite,ec ECU,MF,Vancouver W'caps,21,2002,28,23,2019,22.4,0.04,0.04,0.09,0.04,0.0,0.0,0.13,0.0,0.06,0.06,0.04,0.11,1.07,8.21,2.19,0.04,0.04,0.09,0.04,0.09,0.06,0.05,0.11,0.06,0.11,Matches,2024,22.4,49.6,18.6,22.6,7.32,57.3,20.2,25.3,9.46,86.7,92.3,89.6,77.4,974.9,296.8,49.6,18.6,22.6,7.32,57.3,20.2,25.3,9.46,86.7,92.3,89.6,77.4,49.6,18.6,22.6,7.32,57.3,20.2,25.3,9.46,86.7,92.3,89.6,77.4,49.6,18.6,22.6,7.32,57.3,20.2,25.3,9.46,86.7,92.3,89.6,77.4,0.04,0.12,0.0,0.67,6.56,1.07,0.13,0.04,1.12,0.36,32.0,1.11,0.36,0.04,0.13,22.4,0.04,0.0,0.0,0.06,-0.02,-0.02,65.5,1.65,13.3,40.2,12.8,0.54,65.5,0.54,38.7,0.67,48.4,40.4,0.04,1.16,0.63,48.0,1.83,0.63,1.43,1.83,0.63,41.2,0.89,0.94,0.71,1.29,3.13,0.54,0.04,2.19,2.19,0.04,0.0,0.13,0.0,0.04,0.0,0.18,0.18,0.04,0.0,0.13,0.0,0.04,0.0,0.0,1.03,1.56,0.04,0.8,1.29,1.43,0.0,0.04,0.0,7.37,0.31,53.8,,,,,,,,,,,,,,,,,,,,,,,,,,,,
Robert Voloder,ba BIH,DF,Sporting KC,22,2001,21,19,1761,19.6,0.0,0.05,0.05,0.0,0.0,0.0,0.1,0.0,0.01,0.01,0.04,0.04,0.56,3.67,0.2,0.0,0.05,0.05,0.0,0.05,0.0,0.03,0.04,0.0,0.04,Matches,2024,19.6,45.3,11.8,27.0,5.97,53.1,12.9,28.7,10.4,85.2,91.7,94.1,57.6,952.2,319.6,45.3,11.8,27.0,5.97,53.1,12.9,28.7,10.4,85.2,91.7,94.1,57.6,45.3,11.8,27.0,5.97,53.1,12.9,28.7,10.4,85.2,91.7,94.1,57.6,45.3,11.8,27.0,5.97,53.1,12.9,28.7,10.4,85.2,91.7,94.1,57.6,0.05,0.03,0.02,0.15,4.59,0.15,0.0,0.0,0.1,0.0,0.0,0.1,0.0,0.0,,11.0,0.0,0.0,0.0,0.03,-0.01,-0.01,62.4,6.33,30.8,29.8,2.24,0.36,62.4,0.26,83.3,0.05,16.7,37.9,0.0,0.61,0.36,41.3,1.63,0.66,1.02,1.63,0.66,54.2,0.56,1.58,0.92,1.38,3.01,3.52,0.1,0.2,0.2,0.0,0.0,0.0,0.0,0.0,0.0,0.05,0.05,0.0,0.0,0.0,0.0,0.0,0.0,0.0,0.87,0.71,0.0,0.05,1.38,1.02,0.0,0.0,0.05,5.15,1.22,42.9,,,,,,,,,,,,,,,,,,,,,,,,,,,,
Giacomo Vrioni,al ALB,FW,NE Revolution,25,1998,31,26,2236,24.8,0.36,0.04,0.4,0.36,0.0,0.0,0.24,0.04,0.45,0.45,0.06,0.5,0.89,0.81,4.27,0.36,0.04,0.4,0.36,0.4,0.45,0.06,0.5,0.45,0.5,Matches,2024,24.8,8.1,3.91,2.86,0.73,12.4,5.93,3.99,0.93,65.3,66.0,71.7,78.3,125.0,12.9,8.1,3.91,2.86,0.73,12.4,5.93,3.99,0.93,65.3,66.0,71.7,78.3,8.1,3.91,2.86,0.73,12.4,5.93,3.99,0.93,65.3,66.0,71.7,78.3,8.1,3.91,2.86,0.73,12.4,5.93,3.99,0.93,65.3,66.0,71.7,78.3,0.04,0.02,-0.02,0.44,0.28,0.16,0.0,0.36,3.23,1.25,38.8,3.22,1.25,0.11,0.29,14.5,0.0,0.0,0.0,0.14,-0.08,-0.08,21.7,0.28,1.01,10.5,10.5,4.31,21.7,0.48,34.3,0.89,62.9,12.0,0.69,2.5,1.33,15.8,0.48,0.16,0.36,0.48,0.16,40.0,0.24,0.24,0.24,0.04,0.52,0.2,0.0,1.33,1.33,0.08,0.04,0.2,0.0,0.04,0.0,0.12,0.12,0.08,0.04,0.2,0.0,0.04,0.0,0.04,2.02,1.65,0.93,0.04,0.04,0.36,0.0,0.0,0.0,1.57,2.82,45.2,,,,,,,,,,,,,,,,,,,,,,,,,,,,
Kai Wagner,de GER,DF,Philadelphia Union,26,1997,34,32,2905,32.3,0.03,0.31,0.34,0.03,0.0,0.0,0.22,0.0,0.02,0.02,0.33,0.35,0.99,3.84,4.86,0.03,0.31,0.34,0.03,0.34,0.02,0.33,0.35,0.02,0.35,Matches,2024,32.3,44.5,17.2,18.4,8.61,61.3,19.3,22.9,16.8,72.6,89.1,80.4,51.2,925.3,336.1,44.5,17.2,18.4,8.61,61.3,19.3,22.9,16.8,72.6,89.1,80.4,51.2,44.5,17.2,18.4,8.61,61.3,19.3,22.9,16.8,72.6,89.1,80.4,51.2,44.5,17.2,18.4,8.61,61.3,19.3,22.9,16.8,72.6,89.1,80.4,51.2,0.31,0.29,-0.02,3.1,3.16,1.7,0.8,0.03,0.5,0.09,18.8,0.5,0.09,0.06,0.33,22.9,0.06,0.0,0.0,0.04,0.01,0.01,69.2,3.34,19.3,28.8,21.6,0.93,69.2,0.15,45.5,0.19,54.5,34.3,0.12,0.68,0.12,39.1,1.83,1.05,1.18,1.83,1.05,61.8,0.65,1.21,0.71,1.18,3.0,1.98,0.0,5.17,5.18,0.03,0.0,0.06,0.0,0.03,0.03,0.43,0.43,0.03,0.0,0.06,0.0,0.03,0.03,0.0,0.77,0.59,0.03,9.2,1.18,1.18,0.0,0.0,0.0,4.95,1.02,54.1,,,,,,,,,,,,,,,,,,,,,,,,,,,,
Rémi Walter,fr FRA,MF,Sporting KC,28,1995,19,14,1282,14.2,0.21,0.0,0.21,0.21,0.0,0.0,0.0,0.0,0.04,0.04,0.03,0.07,0.85,4.86,0.85,0.21,0.0,0.21,0.21,0.21,0.04,0.03,0.07,0.04,0.07,Matches,2024,14.2,48.1,19.4,22.3,5.63,53.0,20.6,23.8,6.76,90.8,93.9,93.8,83.3,886.7,185.6,48.1,19.4,22.3,5.63,53.0,20.6,23.8,6.76,90.8,93.9,93.8,83.3,48.1,19.4,22.3,5.63,53.0,20.6,23.8,6.76,90.8,93.9,93.8,83.3,48.1,19.4,22.3,5.63,53.0,20.6,23.8,6.76,90.8,93.9,93.8,83.3,0.0,0.05,-0.03,0.63,5.56,0.07,0.0,0.21,0.49,0.21,42.9,0.49,0.21,0.43,1.0,24.5,0.07,0.0,0.0,0.07,0.18,0.18,59.3,2.25,10.0,36.3,13.7,0.28,59.3,0.28,33.3,0.35,41.7,31.7,0.07,0.77,0.63,39.6,1.69,0.92,0.99,1.69,0.92,72.2,0.35,0.42,0.28,0.77,2.46,1.13,0.0,2.32,2.32,0.0,0.0,0.07,0.0,0.07,0.0,0.28,0.28,0.0,0.0,0.07,0.0,0.07,0.0,0.0,0.56,0.92,0.0,0.99,0.77,0.99,0.0,0.0,0.0,6.27,0.77,42.3,,,,,,,,,,,,,,,,,,,,,,,,,,,,
Victor Wanyama,ke KEN,MF,CF Montréal,32,1991,12,4,406,4.5,0.0,0.0,0.0,0.0,0.0,0.0,0.22,0.0,0.02,0.02,0.0,0.02,0.44,3.78,0.67,0.0,0.0,0.0,0.0,0.0,0.01,0.01,0.02,0.01,0.02,Matches,2024,4.5,50.2,26.9,19.3,2.0,57.8,28.7,22.4,3.56,86.9,93.8,86.1,56.3,768.0,213.3,50.2,26.9,19.3,2.0,57.8,28.7,22.4,3.56,86.9,93.8,86.1,56.3,50.2,26.9,19.3,2.0,57.8,28.7,22.4,3.56,86.9,93.8,86.1,56.3,50.2,26.9,19.3,2.0,57.8,28.7,22.4,3.56,86.9,93.8,86.1,56.3,0.0,0.02,0.0,0.44,4.67,0.22,0.0,0.0,0.44,0.0,0.0,0.44,0.0,0.0,,28.6,0.0,0.0,0.0,0.03,-0.02,-0.02,65.6,3.78,19.1,41.8,5.56,0.0,65.6,0.89,66.7,0.44,33.3,38.4,0.0,1.11,0.44,48.9,1.78,1.11,1.33,1.78,1.11,41.7,1.56,0.89,0.44,1.11,2.89,2.22,0.0,1.11,1.11,0.22,0.0,0.0,0.0,0.22,0.0,0.0,0.0,0.22,0.0,0.0,0.0,0.22,0.0,0.0,1.78,1.11,0.0,0.0,1.11,1.33,0.0,0.0,0.0,6.0,0.89,80.0,,,,,,,,,,,,,,,,,,,,,,,,,,,,
Taylor Washington,us USA,DF,Nashville SC,30,1993,15,8,755,8.4,0.0,0.24,0.24,0.0,0.0,0.0,0.0,0.0,0.01,0.01,0.11,0.12,1.43,5.0,4.05,0.0,0.24,0.24,0.0,0.24,0.01,0.11,0.12,0.01,0.12,Matches,2024,8.4,42.6,16.9,19.5,6.07,53.6,18.1,23.7,10.1,79.6,93.4,82.4,60.0,806.4,312.0,42.6,16.9,19.5,6.07,53.6,18.1,23.7,10.1,79.6,93.4,82.4,60.0,42.6,16.9,19.5,6.07,53.6,18.1,23.7,10.1,79.6,93.4,82.4,60.0,42.6,16.9,19.5,6.07,53.6,18.1,23.7,10.1,79.6,93.4,82.4,60.0,0.24,0.06,0.13,1.43,4.05,1.31,1.07,0.0,0.12,0.0,0.0,0.12,0.0,0.0,,8.3,0.0,0.0,0.0,0.06,-0.01,-0.01,61.1,3.45,22.3,28.0,11.2,0.36,61.1,0.24,66.7,0.12,33.3,29.5,0.0,0.36,0.48,38.9,2.14,1.31,1.67,2.14,1.31,50.0,1.31,0.95,0.48,0.95,3.1,2.62,0.0,2.02,2.03,0.0,0.0,0.0,0.0,0.24,0.0,0.12,0.12,0.0,0.0,0.0,0.0,0.24,0.0,0.0,0.71,0.83,0.12,3.57,0.95,1.67,0.0,0.12,0.0,2.62,2.02,56.7,,,,,,,,,,,,,,,,,,,,,,,,,,,,
Joel Waterman,ca CAN,DF,CF Montréal,28,1996,25,24,2128,23.6,0.0,0.0,0.0,0.0,0.0,0.0,0.25,0.0,0.0,0.0,0.02,0.03,0.21,3.31,0.34,0.0,0.0,0.0,0.0,0.0,0.01,0.02,0.02,0.01,0.02,Matches,2024,23.6,69.3,23.9,37.3,7.37,76.7,25.3,39.5,10.5,90.4,94.5,94.5,70.4,1330.9,540.4,69.3,23.9,37.3,7.37,76.7,25.3,39.5,10.5,90.4,94.5,94.5,70.4,69.3,23.9,37.3,7.37,76.7,25.3,39.5,10.5,90.4,94.5,94.5,70.4,69.3,23.9,37.3,7.37,76.7,25.3,39.5,10.5,90.4,94.5,94.5,70.4,0.0,0.01,-0.02,0.25,3.56,0.04,0.0,0.0,0.13,0.08,66.7,0.13,0.08,0.0,0.0,12.8,0.0,0.0,0.0,0.04,-0.0,-0.0,85.7,13.8,48.7,35.6,1.95,0.3,85.7,0.34,80.0,0.04,10.0,55.7,0.0,0.21,0.3,61.9,1.23,0.68,0.76,1.23,0.68,66.7,0.34,1.44,0.34,1.82,3.05,3.86,0.04,0.59,0.59,0.0,0.0,0.0,0.0,0.08,0.0,0.04,0.04,0.0,0.0,0.0,0.0,0.08,0.0,0.0,1.06,0.85,0.0,0.13,1.82,0.76,0.0,0.04,0.0,6.48,1.06,51.0,,,,,,,,,,,,,,,,,,,,,,,,,,,,
Akil Watts,us USA,"DF,MF",St. Louis,23,2000,17,9,966,10.7,0.0,0.09,0.09,0.0,0.0,0.0,0.19,0.0,0.05,0.05,0.04,0.08,1.59,3.64,2.8,0.0,0.09,0.09,0.0,0.09,0.05,0.03,0.08,0.05,0.08,Matches,2024,10.7,37.8,20.9,14.3,2.24,46.5,22.4,17.5,4.11,81.1,93.3,81.8,54.5,597.9,207.5,37.8,20.9,14.3,2.24,46.5,22.4,17.5,4.11,81.1,93.3,81.8,54.5,37.8,20.9,14.3,2.24,46.5,22.4,17.5,4.11,81.1,93.3,81.8,54.5,37.8,20.9,14.3,2.24,46.5,22.4,17.5,4.11,81.1,93.3,81.8,54.5,0.09,0.07,0.06,0.28,2.15,0.75,0.19,0.0,0.75,0.09,12.5,0.75,0.09,0.0,0.0,21.0,0.0,0.0,0.0,0.06,-0.05,-0.05,57.9,2.24,18.2,25.9,15.0,1.12,57.9,1.03,68.8,0.47,31.3,27.3,0.28,1.03,0.56,30.8,3.64,1.87,2.9,3.64,1.87,69.0,0.84,2.71,1.87,0.65,4.3,1.4,0.09,1.78,1.77,0.28,0.0,0.0,0.0,0.19,0.0,0.09,0.09,0.28,0.0,0.0,0.0,0.19,0.0,0.0,1.12,0.84,0.09,2.43,0.65,2.9,0.0,0.09,0.0,5.51,1.03,50.0,,,,,,,,,,,,,,,,,,,,,,,,,,,,
Patrick Weah,lr LBR,FW,Minnesota Utd,20,2003,3,0,35,0.4,0.0,0.0,0.0,0.0,0.0,0.0,0.0,0.0,0.0,0.0,0.0,0.0,0.0,0.0,5.0,0.0,0.0,0.0,0.0,0.0,0.0,0.0,0.0,0.0,0.0,Matches,2024,0.4,12.5,5.0,0.0,5.0,25.0,10.0,5.0,7.5,50.0,50.0,0.0,66.7,207.5,5.0,12.5,5.0,0.0,5.0,25.0,10.0,5.0,7.5,50.0,50.0,0.0,66.7,12.5,5.0,0.0,5.0,25.0,10.0,5.0,7.5,50.0,50.0,0.0,66.7,12.5,5.0,0.0,5.0,25.0,10.0,5.0,7.5,50.0,50.0,0.0,66.7,0.0,0.0,0.0,0.0,0.0,0.0,0.0,0.0,0.0,0.0,,0.0,0.0,,,,0.0,0.0,0.0,,0.0,0.0,35.0,0.0,10.0,15.0,10.0,0.0,35.0,0.0,,0.0,,32.5,0.0,2.5,2.5,35.0,0.0,0.0,0.0,0.0,0.0,,0.0,2.5,0.0,0.0,0.0,0.0,0.0,7.5,7.71,0.0,0.0,5.0,0.0,0.0,0.0,0.0,0.0,0.0,0.0,5.0,0.0,0.0,0.0,0.0,7.5,7.5,2.5,0.0,0.0,0.0,0.0,0.0,0.0,0.0,5.0,66.7,,,,,,,,,,,,,,,,,,,,,,,,,,,,
Marcelo Weigandt,ar ARG,"DF,MF",Inter Miami,24,2000,23,22,1998,22.2,0.0,0.09,0.09,0.0,0.0,0.0,0.36,0.0,0.09,0.09,0.08,0.17,1.85,2.52,4.5,0.0,0.09,0.09,0.0,0.09,0.09,0.08,0.17,0.09,0.17,Matches,2024,22.2,42.3,24.1,15.2,1.85,50.0,25.9,17.3,3.83,84.7,92.9,87.8,48.2,629.8,187.6,42.3,24.1,15.2,1.85,50.0,25.9,17.3,3.83,84.7,92.9,87.8,48.2,42.3,24.1,15.2,1.85,50.0,25.9,17.3,3.83,84.7,92.9,87.8,48.2,42.3,24.1,15.2,1.85,50.0,25.9,17.3,3.83,84.7,92.9,87.8,48.2,0.09,0.07,0.01,0.86,1.35,1.17,0.41,0.0,0.77,0.18,23.5,0.77,0.18,0.0,0.0,14.9,0.0,0.0,0.0,0.12,-0.09,-0.09,60.5,4.14,19.8,26.4,14.6,1.67,60.5,0.5,45.8,0.45,41.7,30.5,0.32,0.95,0.45,37.3,2.52,1.67,1.67,2.52,1.67,54.4,1.4,1.49,1.13,0.72,3.24,2.61,0.0,1.67,1.67,0.09,0.0,0.05,0.05,0.05,0.0,0.32,0.32,0.09,0.0,0.05,0.05,0.05,0.0,0.0,1.26,1.13,0.18,2.07,0.72,1.67,0.0,0.05,0.0,4.73,1.13,53.2,,,,,,,,,,,,,,,,,,,,,,,,,,,,
Michael Wentzel,de GER,DF,St. Louis,21,2002,4,2,174,1.9,0.0,0.0,0.0,0.0,0.0,0.0,0.0,0.0,0.0,0.0,0.0,0.0,0.0,3.16,0.0,0.0,0.0,0.0,0.0,0.0,0.0,0.0,0.0,0.0,0.0,Matches,2024,1.9,29.5,5.79,21.6,1.58,41.1,6.32,24.7,8.95,71.8,91.7,87.2,17.6,605.8,206.8,29.5,5.79,21.6,1.58,41.1,6.32,24.7,8.95,71.8,91.7,87.2,17.6,29.5,5.79,21.6,1.58,41.1,6.32,24.7,8.95,71.8,91.7,87.2,17.6,29.5,5.79,21.6,1.58,41.1,6.32,24.7,8.95,71.8,91.7,87.2,17.6,0.0,0.0,0.0,0.0,1.05,0.0,0.0,0.0,0.0,0.0,,0.0,0.0,,,,0.0,0.0,0.0,,0.0,0.0,53.7,9.47,35.3,17.9,0.53,0.53,53.7,0.0,,0.0,,26.8,0.0,1.05,0.0,28.4,1.58,0.53,0.53,1.58,0.53,25.0,1.58,1.05,0.53,0.0,1.58,7.89,0.0,0.0,0.0,0.0,0.0,0.0,0.0,0.0,0.0,0.0,0.0,0.0,0.0,0.0,0.0,0.0,0.0,0.0,2.63,0.53,0.0,0.53,0.0,0.53,0.0,0.0,0.0,1.58,2.63,83.3,,,,,,,,,,,,,,,,,,,,,,,,,,,,
Ashley Westwood,eng ENG,MF,Charlotte,33,1990,33,33,2970,33.0,0.06,0.15,0.21,0.06,0.0,0.0,0.21,0.0,0.02,0.02,0.18,0.2,0.55,6.97,0.88,0.06,0.15,0.21,0.06,0.21,0.02,0.18,0.2,0.02,0.2,Matches,2024,33.0,48.8,17.8,24.1,6.18,60.7,19.5,27.5,11.5,80.5,91.1,87.3,53.7,944.8,305.7,48.8,17.8,24.1,6.18,60.7,19.5,27.5,11.5,80.5,91.1,87.3,53.7,48.8,17.8,24.1,6.18,60.7,19.5,27.5,11.5,80.5,91.1,87.3,53.7,48.8,17.8,24.1,6.18,60.7,19.5,27.5,11.5,80.5,91.1,87.3,53.7,0.15,0.18,-0.03,1.58,6.06,1.33,0.27,0.06,0.24,0.06,25.0,0.24,0.06,0.25,1.0,22.6,0.09,0.0,0.0,0.08,0.04,0.04,65.2,3.03,15.6,38.5,11.7,0.3,65.2,0.24,72.7,0.06,18.2,34.9,0.03,0.42,0.33,46.0,0.61,0.21,0.27,0.61,0.21,38.9,0.33,0.52,0.27,0.79,1.39,1.36,0.03,2.97,2.97,0.0,0.0,0.06,0.0,0.03,0.0,0.21,0.21,0.0,0.0,0.06,0.0,0.03,0.0,0.0,0.52,0.94,0.0,2.85,0.79,0.27,0.0,0.0,0.0,6.64,0.15,55.6,,,,,,,,,,,,,,,,,,,,,,,,,,,,
Brian White,us USA,FW,Vancouver W'caps,27,1996,30,28,2450,27.2,0.55,0.07,0.63,0.55,0.0,0.0,0.18,0.0,0.47,0.47,0.1,0.57,0.48,0.99,4.45,0.55,0.07,0.62,0.55,0.62,0.47,0.1,0.57,0.47,0.57,Matches,2024,27.2,12.4,7.57,3.9,0.4,18.2,9.85,5.81,0.7,67.9,76.9,67.1,57.9,169.0,23.1,12.4,7.57,3.9,0.4,18.2,9.85,5.81,0.7,67.9,76.9,67.1,57.9,12.4,7.57,3.9,0.4,18.2,9.85,5.81,0.7,67.9,76.9,67.1,57.9,12.4,7.57,3.9,0.4,18.2,9.85,5.81,0.7,67.9,76.9,67.1,57.9,0.07,0.1,-0.03,0.77,0.4,0.33,0.07,0.55,2.57,0.99,38.6,2.57,0.99,0.21,0.56,11.4,0.0,0.0,0.0,0.18,0.08,0.08,27.5,1.95,2.54,12.1,13.0,4.41,27.5,0.22,46.2,0.22,46.2,13.2,0.33,2.24,0.77,19.8,0.48,0.15,0.26,0.48,0.15,33.3,0.29,0.63,0.48,0.29,0.77,1.65,0.0,1.51,1.51,0.07,0.0,0.04,0.0,0.04,0.04,0.15,0.15,0.07,0.0,0.04,0.0,0.04,0.04,0.0,0.74,0.59,0.66,0.37,0.29,0.26,0.0,0.0,0.0,1.51,2.87,53.1,,,,,,,,,,,,,,,,,,,,,,,,,,,,
Caleb Wiley,us USA,DF,Atlanta Utd,19,2004,21,21,1884,20.9,0.05,0.05,0.1,0.05,0.0,0.0,0.1,0.0,0.01,0.01,0.19,0.21,2.44,4.07,4.35,0.05,0.05,0.1,0.05,0.1,0.01,0.19,0.21,0.01,0.21,Matches,2024,20.9,43.2,22.8,15.7,3.49,52.5,25.2,18.7,5.55,82.3,90.7,84.1,62.9,699.6,236.5,43.2,22.8,15.7,3.49,52.5,25.2,18.7,5.55,82.3,90.7,84.1,62.9,43.2,22.8,15.7,3.49,52.5,25.2,18.7,5.55,82.3,90.7,84.1,62.9,43.2,22.8,15.7,3.49,52.5,25.2,18.7,5.55,82.3,90.7,84.1,62.9,0.05,0.12,-0.14,1.39,3.01,1.15,0.43,0.05,0.38,0.19,50.0,0.38,0.19,0.13,0.25,23.3,0.0,0.0,0.0,0.04,0.03,0.03,64.0,3.64,20.4,27.9,16.2,1.34,64.0,0.67,40.0,0.96,57.1,32.2,0.24,1.48,0.72,37.3,1.53,1.0,1.15,1.53,1.0,56.8,0.77,1.44,1.0,1.2,2.73,2.87,0.0,2.39,2.39,0.0,0.0,0.1,0.0,0.0,0.0,0.1,0.1,0.0,0.0,0.1,0.0,0.0,0.0,0.0,1.29,0.48,0.05,1.63,1.2,1.15,0.0,0.0,0.0,5.12,1.05,59.5,,,,,,,,,,,,,,,,,,,,,,,,,,,,
Derrick Williams,ie IRL,DF,Atlanta Utd,31,1993,27,26,2260,25.1,0.0,0.0,0.0,0.0,0.0,0.0,0.12,0.0,0.08,0.08,0.02,0.1,0.36,1.71,0.12,0.0,0.0,0.0,0.0,0.0,0.07,0.03,0.1,0.07,0.1,Matches,2024,25.1,42.6,13.7,23.6,4.78,49.1,14.7,25.5,8.05,86.8,93.5,92.7,59.4,845.0,327.7,42.6,13.7,23.6,4.78,49.1,14.7,25.5,8.05,86.8,93.5,92.7,59.4,42.6,13.7,23.6,4.78,49.1,14.7,25.5,8.05,86.8,93.5,92.7,59.4,42.6,13.7,23.6,4.78,49.1,14.7,25.5,8.05,86.8,93.5,92.7,59.4,0.0,0.02,-0.02,0.24,2.35,0.16,0.04,0.0,0.72,0.2,27.8,0.72,0.2,0.0,0.0,9.0,0.0,0.0,0.0,0.1,-0.08,-0.08,59.2,11.0,35.8,21.5,2.23,1.24,59.2,0.04,100.0,0.0,0.0,32.9,0.0,0.36,0.04,38.1,1.24,0.6,0.84,1.24,0.6,65.2,0.32,1.63,0.52,1.0,2.23,4.62,0.08,0.8,0.8,0.0,0.0,0.0,0.0,0.0,0.0,0.04,0.04,0.0,0.0,0.0,0.0,0.0,0.0,0.0,0.88,0.32,0.0,0.16,1.0,0.84,0.0,0.04,0.04,3.31,1.63,64.1,,,,,,,,,,,,,,,,,,,,,,,,,,,,
Eryk Williamson,us USA,MF,Portland Timbers,26,1997,28,10,1068,11.9,0.17,0.17,0.34,0.17,0.0,0.0,0.42,0.0,0.12,0.12,0.06,0.18,1.76,6.47,2.61,0.17,0.17,0.34,0.17,0.34,0.12,0.06,0.18,0.12,0.18,Matches,2024,11.9,38.2,18.5,15.6,2.69,46.2,20.8,17.6,4.79,82.5,89.1,89.0,56.1,626.1,220.4,38.2,18.5,15.6,2.69,46.2,20.8,17.6,4.79,82.5,89.1,89.0,56.1,38.2,18.5,15.6,2.69,46.2,20.8,17.6,4.79,82.5,89.1,89.0,56.1,38.2,18.5,15.6,2.69,46.2,20.8,17.6,4.79,82.5,89.1,89.0,56.1,0.17,0.14,0.11,0.92,4.29,0.92,0.17,0.17,0.67,0.42,62.5,0.67,0.42,0.25,0.4,12.5,0.08,0.0,0.0,0.18,0.05,0.05,55.9,1.51,8.66,34.5,13.1,1.51,55.9,1.01,48.0,0.84,40.0,31.8,0.34,2.02,1.68,38.9,1.51,0.34,0.92,1.51,0.34,30.8,0.76,0.76,0.42,1.18,2.69,0.5,0.0,2.44,2.44,0.0,0.0,0.25,0.0,0.17,0.0,0.17,0.17,0.0,0.0,0.25,0.0,0.17,0.0,0.0,1.26,2.35,0.08,2.02,1.18,0.92,0.0,0.0,0.0,5.13,0.25,18.8,,,,,,,,,,,,,,,,,,,,,,,,,,,,
Joe Willis,us USA,GK,Nashville SC,35,1988,30,29,2626,29.2,0.0,0.0,0.0,0.0,0.0,0.0,0.03,0.03,0.0,0.0,0.01,0.01,0.0,0.0,0.0,0.0,0.0,0.0,0.0,0.0,0.0,0.02,0.02,0.0,0.02,Matches,2024,29.2,23.0,4.79,9.35,8.87,32.1,4.83,9.69,17.3,71.8,99.3,96.5,51.2,654.5,490.0,23.0,4.79,9.35,8.87,32.1,4.83,9.69,17.3,71.8,99.3,96.5,51.2,23.0,4.79,9.35,8.87,32.1,4.83,9.69,17.3,71.8,99.3,96.5,51.2,23.0,4.79,9.35,8.87,32.1,4.83,9.69,17.3,71.8,99.3,96.5,51.2,0.0,0.0,-0.01,0.03,0.38,0.0,0.0,0.0,0.0,0.0,,0.0,0.0,,,,0.0,0.0,0.0,,0.0,0.0,34.0,29.6,33.9,0.1,0.0,0.0,34.0,0.0,,0.0,,16.6,0.0,0.0,0.0,14.7,0.03,0.03,0.03,0.03,0.03,33.3,0.07,0.0,0.0,0.03,0.07,0.24,0.03,0.1,0.1,0.0,0.0,0.0,0.0,0.0,0.0,0.0,0.0,0.0,0.0,0.0,0.0,0.0,0.0,0.0,0.03,0.07,0.0,0.0,0.03,0.03,0.0,0.0,0.0,1.03,0.07,40.0,1.51,0.07,0.24,0.1,1.36,0.29,-0.04,-0.04,24.3,5.21,37.2,48.0,34.2,39.6,14.0,37.2,48.0,34.2,39.6,14.0,13.2,0.82,6.3,0.75,0.75,34.2,39.6,14.0
Bruno Wilson,pt POR,DF,SJ Earthquakes,27,1996,13,12,1041,11.6,0.09,0.17,0.26,0.09,0.0,0.0,0.26,0.09,0.06,0.06,0.07,0.13,0.26,1.64,0.09,0.09,0.17,0.26,0.09,0.26,0.06,0.07,0.13,0.06,0.13,Matches,2024,11.6,36.0,9.14,22.0,4.57,42.4,9.74,23.6,8.1,85.0,93.8,93.1,56.4,747.2,275.3,36.0,9.14,22.0,4.57,42.4,9.74,23.6,8.1,85.0,93.8,93.1,56.4,36.0,9.14,22.0,4.57,42.4,9.74,23.6,8.1,85.0,93.8,93.1,56.4,36.0,9.14,22.0,4.57,42.4,9.74,23.6,8.1,85.0,93.8,93.1,56.4,0.17,0.01,0.1,0.43,1.38,0.09,0.0,0.09,0.34,0.17,50.0,0.35,0.17,0.25,0.5,9.2,0.0,0.0,0.0,0.17,0.03,0.03,53.9,10.5,34.4,18.3,1.38,0.95,53.9,0.09,100.0,0.0,0.0,29.5,0.0,0.17,0.09,34.3,0.6,0.26,0.34,0.6,0.26,50.0,0.26,1.72,0.26,1.72,2.33,5.43,0.0,0.6,0.61,0.0,0.0,0.0,0.0,0.0,0.0,0.17,0.17,0.0,0.0,0.0,0.0,0.0,0.0,0.0,1.38,0.95,0.0,0.0,1.72,0.34,0.0,0.17,0.0,2.76,1.72,50.0,,,,,,,,,,,,,,,,,,,,,,,,,,,,
Henry Wingo,us USA,DF,Toronto FC,28,1995,4,2,175,1.9,0.0,0.0,0.0,0.0,0.0,0.0,0.0,0.0,0.0,0.0,0.0,0.0,3.68,3.16,1.05,0.0,0.0,0.0,0.0,0.0,0.0,0.0,0.0,0.0,0.0,Matches,2024,1.9,46.8,18.9,25.3,2.11,56.3,22.1,27.4,3.68,83.2,85.7,92.3,57.1,807.9,252.1,46.8,18.9,25.3,2.11,56.3,22.1,27.4,3.68,83.2,85.7,92.3,57.1,46.8,18.9,25.3,2.11,56.3,22.1,27.4,3.68,83.2,85.7,92.3,57.1,46.8,18.9,25.3,2.11,56.3,22.1,27.4,3.68,83.2,85.7,92.3,57.1,0.0,0.0,0.0,0.0,2.63,0.0,0.0,0.0,0.0,0.0,,0.0,0.0,,,,0.0,0.0,0.0,,0.0,0.0,61.1,2.63,25.3,26.3,10.5,0.53,61.1,1.05,66.7,0.53,33.3,43.2,0.0,1.05,1.05,47.9,1.05,0.0,1.05,1.05,0.0,,0.0,1.05,1.05,0.0,1.05,0.53,0.53,1.05,1.03,0.53,0.0,0.0,0.0,0.0,0.0,0.53,0.51,0.53,0.0,0.0,0.0,0.0,0.0,0.0,1.58,0.0,0.0,1.58,0.0,1.05,0.0,0.0,0.0,3.16,0.53,20.0,,,,,,,,,,,,,,,,,,,,,,,,,,,,
Hannes Wolf,at AUT,"FW,MF",NYCFC,24,1999,34,32,2559,28.4,0.18,0.25,0.42,0.18,0.0,0.0,0.11,0.0,0.17,0.17,0.29,0.45,3.03,5.07,7.61,0.18,0.25,0.42,0.18,0.42,0.16,0.29,0.45,0.16,0.45,Matches,2024,28.4,27.8,17.1,7.75,0.99,36.2,20.0,9.86,2.11,76.7,85.4,78.6,46.7,367.3,110.6,27.8,17.1,7.75,0.99,36.2,20.0,9.86,2.11,76.7,85.4,78.6,46.7,27.8,17.1,7.75,0.99,36.2,20.0,9.86,2.11,76.7,85.4,78.6,46.7,27.8,17.1,7.75,0.99,36.2,20.0,9.86,2.11,76.7,85.4,78.6,46.7,0.25,0.24,-0.04,2.29,2.04,1.9,0.18,0.18,1.58,0.67,42.2,1.58,0.67,0.11,0.26,16.0,0.07,0.0,0.0,0.1,0.01,0.01,48.0,0.39,5.07,19.0,24.8,4.47,48.0,1.76,44.2,2.15,54.0,26.3,1.55,2.04,1.83,33.3,1.76,0.85,1.02,1.76,0.85,37.5,1.41,1.23,1.23,0.25,2.01,0.25,0.04,4.23,4.22,0.39,0.07,0.14,0.0,0.07,0.04,0.42,0.42,0.39,0.07,0.14,0.0,0.07,0.04,0.0,0.92,0.99,0.32,2.01,0.25,1.02,0.0,0.04,0.0,5.42,0.18,23.8,,,,,,,,,,,,,,,,,,,,,,,,,,,,
Owen Wolff,us USA,"FW,MF",Austin,19,2004,33,17,1782,19.8,0.05,0.15,0.2,0.05,0.0,0.0,0.2,0.0,0.09,0.09,0.12,0.2,1.52,4.39,6.26,0.05,0.15,0.2,0.05,0.2,0.08,0.12,0.2,0.08,0.2,Matches,2024,19.8,31.5,14.4,14.0,2.47,38.4,15.7,16.6,4.44,82.0,91.6,84.5,55.7,538.4,127.0,31.5,14.4,14.0,2.47,38.4,15.7,16.6,4.44,82.0,91.6,84.5,55.7,31.5,14.4,14.0,2.47,38.4,15.7,16.6,4.44,82.0,91.6,84.5,55.7,31.5,14.4,14.0,2.47,38.4,15.7,16.6,4.44,82.0,91.6,84.5,55.7,0.15,0.15,0.04,1.31,2.17,1.36,0.3,0.05,0.76,0.1,13.3,0.76,0.1,0.07,0.5,16.7,0.0,0.0,0.0,0.11,-0.04,-0.04,48.2,1.72,7.73,18.7,22.3,2.37,48.2,0.91,40.9,1.16,52.3,26.9,0.3,1.77,0.61,33.0,1.36,0.76,0.81,1.36,0.76,60.0,0.51,1.01,0.66,0.3,1.67,1.52,0.0,3.03,3.03,0.15,0.1,0.3,0.1,0.05,0.0,0.56,0.55,0.15,0.1,0.3,0.1,0.05,0.0,0.0,2.12,1.97,0.05,3.28,0.3,0.81,0.1,0.1,0.0,3.94,0.3,25.0,,,,,,,,,,,,,,,,,,,,,,,,,,,,
Tyler Wolff,us USA,"FW,MF",Atlanta Utd,20,2003,18,6,479,5.3,0.19,0.0,0.19,0.19,0.0,0.0,0.0,0.0,0.23,0.23,0.04,0.26,1.7,2.45,9.06,0.19,0.0,0.19,0.19,0.19,0.22,0.05,0.26,0.22,0.26,Matches,2024,5.3,27.0,16.2,6.98,2.08,34.0,17.9,9.43,2.83,79.4,90.5,74.0,73.3,391.9,87.9,27.0,16.2,6.98,2.08,34.0,17.9,9.43,2.83,79.4,90.5,74.0,73.3,27.0,16.2,6.98,2.08,34.0,17.9,9.43,2.83,79.4,90.5,74.0,73.3,27.0,16.2,6.98,2.08,34.0,17.9,9.43,2.83,79.4,90.5,74.0,73.3,0.0,0.06,-0.04,0.94,1.7,0.57,0.0,0.19,1.89,0.38,20.0,1.88,0.38,0.1,0.5,15.8,0.0,0.0,0.0,0.12,-0.04,-0.04,49.4,0.94,9.25,19.4,21.3,3.77,49.4,1.13,46.2,1.32,53.8,25.8,0.94,3.02,2.26,32.8,2.83,1.51,1.51,2.83,1.51,44.4,1.89,2.83,2.64,0.94,3.77,0.57,0.0,2.64,2.63,0.19,0.0,0.19,0.0,0.0,0.0,0.0,0.0,0.19,0.0,0.19,0.0,0.0,0.0,0.0,1.13,1.51,0.19,0.75,0.94,1.51,0.0,0.0,0.0,4.15,0.0,0.0,,,,,,,,,,,,,,,,,,,,,,,,,,,,
Bobby Wood,us USA,FW,NE Revolution,31,1992,18,6,556,6.2,0.65,0.0,0.65,0.65,0.0,0.0,0.16,0.0,0.48,0.48,0.02,0.5,0.16,1.13,3.87,0.65,0.0,0.65,0.65,0.65,0.49,0.02,0.51,0.49,0.51,Matches,2024,6.2,13.9,6.45,5.81,0.65,19.4,8.87,6.77,1.29,71.7,72.7,85.7,50.0,206.6,27.1,13.9,6.45,5.81,0.65,19.4,8.87,6.77,1.29,71.7,72.7,85.7,50.0,13.9,6.45,5.81,0.65,19.4,8.87,6.77,1.29,71.7,72.7,85.7,50.0,13.9,6.45,5.81,0.65,19.4,8.87,6.77,1.29,71.7,72.7,85.7,50.0,0.0,0.05,-0.02,0.32,0.48,0.32,0.0,0.65,2.42,0.97,40.0,2.43,0.97,0.27,0.67,12.2,0.0,0.0,0.0,0.2,0.16,0.16,28.9,0.97,2.42,14.0,12.7,3.87,28.9,0.0,0.0,0.65,100.0,12.1,0.0,2.26,1.29,18.9,0.81,0.16,0.65,0.81,0.16,50.0,0.16,0.16,0.16,0.16,0.97,0.97,0.0,1.13,1.14,0.0,0.0,0.16,0.0,0.0,0.0,0.0,0.0,0.0,0.0,0.16,0.0,0.0,0.0,0.0,0.97,1.61,0.32,0.0,0.16,0.65,0.0,0.0,0.0,2.42,2.9,41.9,,,,,,,,,,,,,,,,,,,,,,,,,,,,
Miki Yamane,jp JPN,DF,LA Galaxy,30,1993,33,33,2921,32.5,0.0,0.12,0.12,0.0,0.0,0.0,0.06,0.0,0.01,0.01,0.08,0.09,1.35,4.8,5.29,0.0,0.12,0.12,0.0,0.12,0.01,0.08,0.09,0.01,0.09,Matches,2024,32.5,60.4,34.1,22.0,2.37,68.1,36.3,25.0,3.85,88.7,93.8,88.2,61.6,890.6,264.9,60.4,34.1,22.0,2.37,68.1,36.3,25.0,3.85,88.7,93.8,88.2,61.6,60.4,34.1,22.0,2.37,68.1,36.3,25.0,3.85,88.7,93.8,88.2,61.6,60.4,34.1,22.0,2.37,68.1,36.3,25.0,3.85,88.7,93.8,88.2,61.6,0.12,0.07,0.05,0.65,4.34,0.71,0.31,0.0,0.15,0.03,20.0,0.15,0.03,0.0,0.0,17.8,0.0,0.0,0.0,0.05,-0.01,-0.01,77.8,4.15,23.2,35.6,19.4,1.08,77.8,0.77,52.1,0.62,41.7,40.3,0.18,0.74,0.37,54.4,1.78,1.14,1.17,1.78,1.14,52.9,1.02,1.08,0.74,1.05,2.83,3.05,0.06,1.75,1.76,0.09,0.03,0.0,0.0,0.0,0.0,0.25,0.25,0.09,0.03,0.0,0.0,0.0,0.0,0.0,0.55,0.77,0.06,1.54,1.05,1.17,0.0,0.06,0.0,4.12,0.55,40.9,,,,,,,,,,,,,,,,,,,,,,,,,,,,
Dominik Yankov,bg BUL,"MF,FW",CF Montréal,23,2000,21,6,699,7.8,0.26,0.13,0.38,0.26,0.0,0.0,0.51,0.0,0.27,0.27,0.05,0.32,1.92,2.56,7.31,0.26,0.13,0.39,0.26,0.39,0.27,0.05,0.32,0.27,0.32,Matches,2024,7.8,22.4,14.9,5.0,0.9,29.1,17.4,6.15,1.92,77.1,85.3,81.3,46.7,298.7,85.8,22.4,14.9,5.0,0.9,29.1,17.4,6.15,1.92,77.1,85.3,81.3,46.7,22.4,14.9,5.0,0.9,29.1,17.4,6.15,1.92,77.1,85.3,81.3,46.7,22.4,14.9,5.0,0.9,29.1,17.4,6.15,1.92,77.1,85.3,81.3,46.7,0.13,0.12,0.08,1.15,1.67,0.64,0.0,0.26,2.05,0.9,43.8,2.06,0.9,0.13,0.29,15.8,0.0,0.0,0.0,0.13,-0.01,-0.01,42.9,0.38,5.64,18.3,19.5,4.49,42.9,1.15,33.3,2.05,59.3,28.7,1.28,3.97,2.44,33.1,1.41,0.64,0.51,1.41,0.64,33.3,1.28,1.28,1.28,0.26,1.67,0.26,0.0,2.44,2.45,0.13,0.0,0.26,0.13,0.0,0.0,0.38,0.39,0.13,0.0,0.26,0.13,0.0,0.0,0.0,1.41,0.77,0.26,1.15,0.26,0.51,0.0,0.0,0.0,3.97,0.13,9.1,,,,,,,,,,,,,,,,,,,,,,,,,,,,
Darren Yapi,us USA,FW,Colorado Rapids,19,2004,31,5,750,8.3,0.24,0.12,0.36,0.24,0.0,0.0,0.6,0.12,0.27,0.27,0.05,0.3,2.05,1.57,6.02,0.24,0.12,0.36,0.24,0.36,0.26,0.04,0.3,0.26,0.3,Matches,2024,8.3,12.5,7.95,3.49,0.0,18.8,9.88,6.02,0.24,66.7,80.5,58.0,0.0,147.8,29.8,12.5,7.95,3.49,0.0,18.8,9.88,6.02,0.24,66.7,80.5,58.0,0.0,12.5,7.95,3.49,0.0,18.8,9.88,6.02,0.24,66.7,80.5,58.0,0.0,12.5,7.95,3.49,0.0,18.8,9.88,6.02,0.24,66.7,80.5,58.0,0.0,0.12,0.07,0.07,0.84,0.72,0.36,0.0,0.24,1.69,0.48,28.6,1.68,0.48,0.14,0.5,12.8,0.0,0.0,0.0,0.15,-0.02,-0.02,31.8,0.72,3.37,12.9,16.0,3.25,31.8,1.57,50.0,1.45,46.2,18.7,0.72,3.49,2.29,23.3,2.05,0.6,1.08,2.05,0.6,45.5,0.72,0.84,0.84,0.36,2.41,0.6,0.0,1.81,1.8,0.0,0.0,0.36,0.24,0.0,0.0,0.36,0.36,0.0,0.0,0.36,0.24,0.0,0.0,0.0,2.41,1.69,0.48,0.36,0.36,1.08,0.24,0.0,0.0,2.89,2.29,38.8,,,,,,,,,,,,,,,,,,,,,,,,,,,,
William Yarbrough,us USA,GK,SJ Earthquakes,34,1989,19,19,1710,19.0,0.0,0.0,0.0,0.0,0.0,0.0,0.05,0.0,0.0,0.0,0.0,0.0,0.0,0.0,0.0,0.0,0.0,0.0,0.0,0.0,0.0,0.0,0.0,0.0,0.0,Matches,2024,19.0,22.5,3.37,10.9,8.11,29.4,3.37,11.2,14.6,76.5,100.0,97.2,55.4,674.9,498.4,22.5,3.37,10.9,8.11,29.4,3.37,11.2,14.6,76.5,100.0,97.2,55.4,22.5,3.37,10.9,8.11,29.4,3.37,11.2,14.6,76.5,100.0,97.2,55.4,22.5,3.37,10.9,8.11,29.4,3.37,11.2,14.6,76.5,100.0,97.2,55.4,0.0,0.0,0.0,0.0,0.37,0.0,0.0,0.0,0.0,0.0,,0.0,0.0,,,,0.0,0.0,0.0,,0.0,0.0,31.9,27.9,31.5,0.42,0.0,0.0,31.9,0.05,50.0,0.05,50.0,16.2,0.0,0.0,0.0,11.4,0.0,0.0,0.0,0.0,0.0,,0.0,0.0,0.0,0.0,0.0,0.42,0.05,0.47,0.47,0.0,0.0,0.0,0.0,0.0,0.0,0.0,0.0,0.0,0.0,0.0,0.0,0.0,0.0,0.0,0.11,0.05,0.0,0.0,0.0,0.0,0.0,0.11,0.0,0.74,0.37,87.5,2.37,0.37,0.21,0.05,1.9,0.3,-0.42,-0.42,21.9,4.84,32.1,67.4,32.6,47.2,11.5,32.1,67.4,32.6,47.2,11.5,16.0,1.11,6.9,0.58,0.58,32.6,47.2,11.5
Joshua Yaro,gh GHA,DF,St. Louis,29,1994,13,7,772,8.6,0.12,0.0,0.12,0.12,0.0,0.0,0.12,0.0,0.05,0.05,0.0,0.05,0.0,2.09,0.23,0.12,0.0,0.12,0.12,0.12,0.04,0.0,0.04,0.04,0.04,Matches,2024,8.6,39.2,13.6,21.6,3.37,46.2,14.7,23.7,5.81,84.9,92.9,91.2,58.0,740.5,275.8,39.2,13.6,21.6,3.37,46.2,14.7,23.7,5.81,84.9,92.9,91.2,58.0,39.2,13.6,21.6,3.37,46.2,14.7,23.7,5.81,84.9,92.9,91.2,58.0,39.2,13.6,21.6,3.37,46.2,14.7,23.7,5.81,84.9,92.9,91.2,58.0,0.0,0.02,0.0,0.0,2.56,0.0,0.0,0.12,0.23,0.12,50.0,0.23,0.12,0.5,1.0,5.8,0.0,0.0,0.0,0.18,0.07,0.07,57.0,6.86,31.0,24.7,1.74,0.7,57.0,0.12,100.0,0.0,0.0,29.8,0.0,0.7,0.0,32.3,1.16,0.81,0.93,1.16,0.81,100.0,0.0,1.98,0.58,1.63,2.79,4.19,0.12,0.12,0.12,0.0,0.0,0.0,0.0,0.0,0.0,0.12,0.12,0.0,0.0,0.0,0.0,0.0,0.0,0.0,0.7,0.23,0.0,0.12,1.63,0.93,0.0,0.0,0.0,4.42,2.79,48.0,,,,,,,,,,,,,,,,,,,,,,,,,,,,
Patrick Yazbek,au AUS,MF,Nashville SC,21,2002,7,4,375,4.2,0.0,0.0,0.0,0.0,0.0,0.0,0.48,0.0,0.02,0.02,0.14,0.19,0.95,5.48,1.67,0.0,0.0,0.0,0.0,0.0,0.03,0.16,0.19,0.03,0.19,Matches,2024,4.2,44.5,20.2,20.5,3.57,51.2,22.9,22.6,4.29,87.0,88.5,90.5,83.3,771.2,257.6,44.5,20.2,20.5,3.57,51.2,22.9,22.6,4.29,87.0,88.5,90.5,83.3,44.5,20.2,20.5,3.57,51.2,22.9,22.6,4.29,87.0,88.5,90.5,83.3,44.5,20.2,20.5,3.57,51.2,22.9,22.6,4.29,87.0,88.5,90.5,83.3,0.0,0.12,-0.14,1.19,5.71,0.95,0.0,0.0,0.71,0.0,0.0,0.72,0.0,0.0,,15.2,0.0,0.0,0.0,0.05,-0.02,-0.02,61.0,3.1,15.7,36.9,8.81,1.43,61.0,0.24,33.3,0.48,66.7,30.5,0.24,1.19,1.19,42.9,2.62,0.71,1.67,2.62,0.71,27.3,1.9,1.43,0.71,1.19,3.81,1.67,0.0,1.67,1.68,0.0,0.0,0.0,0.0,0.0,0.0,0.0,0.0,0.0,0.0,0.0,0.0,0.0,0.0,0.0,1.43,0.71,0.0,0.0,1.19,1.67,0.0,0.0,0.0,5.48,0.95,80.0,,,,,,,,,,,,,,,,,,,,,,,,,,,,
Dru Yearwood,eng ENG,MF,Nashville SC,23,2000,25,20,1515,16.8,0.06,0.06,0.12,0.06,0.0,0.0,0.3,0.0,0.04,0.04,0.05,0.09,0.71,4.11,1.49,0.06,0.06,0.12,0.06,0.12,0.04,0.05,0.09,0.04,0.09,Matches,2024,16.8,32.6,12.4,15.3,4.35,39.7,14.1,17.4,6.49,82.0,88.2,88.0,67.0,624.6,178.5,32.6,12.4,15.3,4.35,39.7,14.1,17.4,6.49,82.0,88.2,88.0,67.0,32.6,12.4,15.3,4.35,39.7,14.1,17.4,6.49,82.0,88.2,88.0,67.0,32.6,12.4,15.3,4.35,39.7,14.1,17.4,6.49,82.0,88.2,88.0,67.0,0.06,0.07,0.01,0.65,3.93,0.71,0.18,0.06,1.01,0.3,29.4,1.01,0.3,0.06,0.2,23.2,0.0,0.0,0.0,0.04,0.02,0.02,49.8,1.19,10.8,31.0,8.69,0.48,49.8,0.83,73.7,0.3,26.3,24.3,0.06,1.43,1.01,31.3,2.38,1.07,1.55,2.38,1.07,38.3,1.73,1.85,1.73,1.19,3.57,0.95,0.0,1.79,1.78,0.24,0.06,0.12,0.06,0.0,0.0,0.36,0.36,0.24,0.06,0.12,0.06,0.0,0.0,0.0,1.37,0.95,0.0,0.36,1.19,1.55,0.06,0.0,0.0,4.94,0.54,39.1,,,,,,,,,,,,,,,,,,,,,,,,,,,,
Kelvin Yeboah,it ITA,FW,Minnesota Utd,23,2000,9,8,709,7.9,0.89,0.13,1.01,0.51,0.38,0.38,0.38,0.0,0.62,0.33,0.09,0.42,2.03,0.89,5.44,0.89,0.13,1.02,0.51,0.63,0.63,0.09,0.72,0.33,0.42,Matches,2024,7.9,10.6,6.33,3.29,0.25,16.7,8.73,4.94,0.51,63.6,72.5,66.7,50.0,139.5,18.7,10.6,6.33,3.29,0.25,16.7,8.73,4.94,0.51,63.6,72.5,66.7,50.0,10.6,6.33,3.29,0.25,16.7,8.73,4.94,0.51,63.6,72.5,66.7,50.0,10.6,6.33,3.29,0.25,16.7,8.73,4.94,0.51,63.6,72.5,66.7,50.0,0.13,0.06,0.04,0.51,0.38,0.38,0.0,0.89,3.54,1.77,50.0,3.55,1.78,0.14,0.29,17.4,0.0,0.38,0.38,0.09,0.27,0.18,27.3,0.63,2.41,10.8,14.4,6.33,27.0,1.65,65.0,0.89,35.0,17.0,2.03,1.77,1.39,19.5,0.13,0.0,0.13,0.13,0.0,0.0,0.38,0.51,0.38,0.13,0.25,0.63,0.0,1.9,1.9,0.13,0.0,0.25,0.13,0.0,0.0,0.38,0.38,0.13,0.0,0.25,0.13,0.0,0.0,0.0,1.65,1.14,0.51,0.13,0.13,0.13,0.13,0.0,0.0,2.66,1.39,25.0,,,,,,,,,,,,,,,,,,,,,,,,,,,,
Yaw Yeboah,gh GHA,"DF,MF",Columbus Crew,26,1997,24,10,1051,11.7,0.09,0.43,0.51,0.09,0.0,0.0,0.26,0.0,0.15,0.15,0.29,0.44,3.59,4.36,13.2,0.09,0.43,0.51,0.09,0.51,0.15,0.29,0.44,0.15,0.44,Matches,2024,11.7,41.5,26.5,13.1,0.43,49.6,29.0,15.6,1.71,83.6,91.4,83.6,25.0,551.8,153.6,41.5,26.5,13.1,0.43,49.6,29.0,15.6,1.71,83.6,91.4,83.6,25.0,41.5,26.5,13.1,0.43,49.6,29.0,15.6,1.71,83.6,91.4,83.6,25.0,41.5,26.5,13.1,0.43,49.6,29.0,15.6,1.71,83.6,91.4,83.6,25.0,0.43,0.23,0.14,2.31,1.71,1.88,0.34,0.09,1.54,0.34,22.2,1.54,0.34,0.06,0.25,15.4,0.09,0.0,0.0,0.1,-0.06,-0.06,59.7,0.17,7.95,19.1,33.3,4.96,59.7,1.45,39.5,1.88,51.2,39.3,1.45,1.71,0.94,45.5,1.03,0.77,0.26,1.03,0.77,40.9,1.11,0.6,0.6,0.77,1.79,0.6,0.0,4.02,4.02,0.34,0.09,0.43,0.0,0.0,0.0,0.85,0.86,0.34,0.09,0.43,0.0,0.0,0.0,0.0,0.94,1.71,0.68,2.39,0.77,0.26,0.0,0.17,0.0,4.02,0.26,23.1,,,,,,,,,,,,,,,,,,,,,,,,,,,,
DeAndre Yedlin,us USA,DF,Inter Miami,30,1993,3,3,270,3.0,0.0,0.0,0.0,0.0,0.0,0.0,0.0,0.0,0.0,0.0,0.0,0.0,0.0,1.0,7.0,0.0,0.0,0.0,0.0,0.0,0.0,0.0,0.0,0.0,0.0,Matches,2024,3.0,38.3,23.3,12.3,2.33,44.7,25.3,14.3,3.67,85.8,92.1,86.0,63.6,575.0,116.3,38.3,23.3,12.3,2.33,44.7,25.3,14.3,3.67,85.8,92.1,86.0,63.6,38.3,23.3,12.3,2.33,44.7,25.3,14.3,3.67,85.8,92.1,86.0,63.6,38.3,23.3,12.3,2.33,44.7,25.3,14.3,3.67,85.8,92.1,86.0,63.6,0.0,0.0,0.0,0.0,1.0,0.33,0.0,0.0,0.0,0.0,,0.0,0.0,,,,0.0,0.0,0.0,,0.0,0.0,55.3,3.67,20.3,23.0,12.0,0.33,55.3,0.33,50.0,0.33,50.0,26.3,0.0,0.67,0.33,30.7,2.0,1.0,0.67,2.0,1.0,42.9,1.33,1.33,1.0,2.33,4.33,3.67,0.0,0.0,0.0,0.0,0.0,0.0,0.0,0.0,0.0,0.0,0.0,0.0,0.0,0.0,0.0,0.0,0.0,0.0,1.0,0.33,0.0,1.0,2.33,0.67,0.0,0.0,0.0,5.0,0.33,33.3,,,,,,,,,,,,,,,,,,,,,,,,,,,,
DeAndre Yedlin,us USA,DF,FC Cincinnati,30,1993,28,25,2193,24.4,0.0,0.12,0.12,0.0,0.0,0.0,0.37,0.0,0.04,0.04,0.12,0.16,1.11,2.95,4.47,0.0,0.12,0.12,0.0,0.12,0.04,0.12,0.16,0.04,0.16,Matches,2024,24.4,42.3,18.6,19.8,3.11,51.8,21.2,22.8,5.57,81.6,87.8,87.1,55.9,728.9,257.1,42.3,18.6,19.8,3.11,51.8,21.2,22.8,5.57,81.6,87.8,87.1,55.9,42.3,18.6,19.8,3.11,51.8,21.2,22.8,5.57,81.6,87.8,87.1,55.9,42.3,18.6,19.8,3.11,51.8,21.2,22.8,5.57,81.6,87.8,87.1,55.9,0.12,0.1,0.0,0.82,2.38,0.74,0.12,0.0,0.41,0.12,30.0,0.41,0.12,0.0,0.0,15.6,0.0,0.0,0.0,0.1,-0.04,-0.04,61.6,2.91,19.8,28.5,13.6,1.8,61.6,0.2,19.2,0.82,76.9,33.6,0.2,0.98,0.41,38.6,1.97,1.02,1.07,1.97,1.02,55.6,0.82,1.23,0.9,1.11,3.07,1.97,0.08,1.68,1.68,0.0,0.0,0.0,0.0,0.04,0.0,0.2,0.21,0.0,0.0,0.0,0.0,0.04,0.0,0.0,1.27,0.61,0.12,0.9,1.11,1.07,0.0,0.0,0.0,3.81,1.07,55.3,,,,,,,,,,,,,,,,,,,,,,,,,,,,
Maya Yoshida,jp JPN,DF,LA Galaxy,35,1988,34,34,3035,33.7,0.06,0.0,0.06,0.06,0.0,0.0,0.06,0.0,0.04,0.04,0.0,0.04,0.03,2.02,0.12,0.06,0.0,0.06,0.06,0.06,0.04,0.0,0.04,0.04,0.04,Matches,2024,33.7,65.0,24.2,34.3,5.55,69.8,25.4,35.4,7.51,93.1,95.6,96.8,73.9,1192.0,451.1,65.0,24.2,34.3,5.55,69.8,25.4,35.4,7.51,93.1,95.6,96.8,73.9,65.0,24.2,34.3,5.55,69.8,25.4,35.4,7.51,93.1,95.6,96.8,73.9,65.0,24.2,34.3,5.55,69.8,25.4,35.4,7.51,93.1,95.6,96.8,73.9,0.0,0.01,-0.0,0.09,2.67,0.03,0.0,0.06,0.5,0.18,35.3,0.5,0.18,0.12,0.33,9.9,0.0,0.0,0.0,0.08,0.02,0.02,79.6,12.6,46.1,32.4,1.42,0.95,79.6,0.18,85.7,0.03,14.3,46.1,0.0,0.36,0.09,58.2,0.71,0.36,0.42,0.71,0.36,52.2,0.33,1.51,0.39,1.51,2.23,4.63,0.12,0.59,0.59,0.0,0.0,0.0,0.0,0.0,0.0,0.12,0.12,0.0,0.0,0.0,0.0,0.0,0.0,0.0,0.77,0.45,0.06,0.0,1.51,0.42,0.0,0.0,0.0,4.01,2.17,68.2,,,,,,,,,,,,,,,,,,,,,,,,,,,,
Jackson Yueill,us USA,MF,SJ Earthquakes,26,1997,32,28,2452,27.2,0.04,0.04,0.07,0.04,0.0,0.0,0.15,0.04,0.07,0.07,0.1,0.17,0.92,5.51,1.4,0.04,0.04,0.07,0.04,0.07,0.07,0.1,0.17,0.07,0.17,Matches,2024,27.2,50.4,24.6,20.3,4.15,56.8,25.8,22.5,6.14,88.7,95.3,90.5,67.7,848.9,305.2,50.4,24.6,20.3,4.15,56.8,25.8,22.5,6.14,88.7,95.3,90.5,67.7,50.4,24.6,20.3,4.15,56.8,25.8,22.5,6.14,88.7,95.3,90.5,67.7,50.4,24.6,20.3,4.15,56.8,25.8,22.5,6.14,88.7,95.3,90.5,67.7,0.04,0.08,-0.06,0.88,5.37,0.66,0.18,0.04,0.7,0.15,21.1,0.7,0.15,0.05,0.25,19.2,0.0,0.0,0.0,0.1,-0.04,-0.04,64.0,2.35,15.3,39.3,9.85,0.81,64.0,0.37,45.5,0.44,54.5,39.0,0.07,0.81,0.51,47.0,1.54,0.7,0.81,1.54,0.7,47.5,0.77,0.48,0.4,0.96,2.5,1.43,0.04,1.88,1.87,0.04,0.04,0.04,0.0,0.0,0.0,0.11,0.11,0.04,0.04,0.04,0.0,0.0,0.0,0.04,0.63,0.63,0.0,0.55,0.96,0.81,0.0,0.0,0.0,4.74,0.33,45.0,,,,,,,,,,,,,,,,,,,,,,,,,,,,
Alhassan Yusuf,ng NGA,MF,NE Revolution,23,2000,7,5,446,5.0,0.0,0.2,0.2,0.0,0.0,0.0,0.0,0.0,0.16,0.16,0.22,0.38,2.2,8.6,2.8,0.0,0.2,0.2,0.0,0.2,0.16,0.22,0.38,0.16,0.38,Matches,2024,5.0,52.0,22.8,21.2,6.4,60.0,24.8,23.0,7.8,86.7,91.9,92.2,82.1,931.0,272.6,52.0,22.8,21.2,6.4,60.0,24.8,23.0,7.8,86.7,91.9,92.2,82.1,52.0,22.8,21.2,6.4,60.0,24.8,23.0,7.8,86.7,91.9,92.2,82.1,52.0,22.8,21.2,6.4,60.0,24.8,23.0,7.8,86.7,91.9,92.2,82.1,0.2,0.18,-0.02,0.8,5.4,2.2,0.0,0.0,1.8,0.4,22.2,1.82,0.4,0.0,0.0,19.7,0.0,0.0,0.0,0.1,-0.16,-0.16,72.0,1.6,17.2,41.0,15.2,2.2,72.0,1.0,38.5,1.6,61.5,43.0,0.4,1.2,1.6,47.8,3.4,2.6,1.4,3.4,2.6,76.5,0.8,1.2,0.8,1.8,5.2,0.8,0.0,2.8,2.82,0.0,0.0,0.0,0.0,0.0,0.0,0.4,0.4,0.0,0.0,0.0,0.0,0.0,0.0,0.0,1.6,1.4,0.0,0.6,1.8,1.4,0.0,0.0,0.0,7.8,0.8,33.3,,,,,,,,,,,,,,,,,,,,,,,,,,,,
Gyasi Zardes,us USA,FW,Austin,32,1991,33,10,1186,13.2,0.23,0.15,0.38,0.23,0.0,0.0,0.15,0.0,0.28,0.28,0.02,0.3,0.83,1.44,3.79,0.23,0.15,0.38,0.23,0.38,0.28,0.02,0.31,0.28,0.31,Matches,2024,13.2,13.6,8.56,3.79,0.68,19.8,10.7,5.83,0.91,68.7,80.1,64.9,75.0,184.5,32.8,13.6,8.56,3.79,0.68,19.8,10.7,5.83,0.91,68.7,80.1,64.9,75.0,13.6,8.56,3.79,0.68,19.8,10.7,5.83,0.91,68.7,80.1,64.9,75.0,13.6,8.56,3.79,0.68,19.8,10.7,5.83,0.91,68.7,80.1,64.9,75.0,0.15,0.04,0.13,0.38,0.91,0.23,0.08,0.23,1.97,0.61,30.8,1.97,0.61,0.12,0.38,12.3,0.0,0.0,0.0,0.14,-0.05,-0.05,30.9,1.59,6.21,12.8,12.1,3.86,30.9,0.38,29.4,0.76,58.8,13.9,0.45,1.67,1.52,20.7,1.29,0.53,0.98,1.29,0.53,70.0,0.23,0.61,0.45,0.45,1.74,1.52,0.08,1.29,1.29,0.08,0.08,0.0,0.0,0.0,0.0,0.3,0.3,0.08,0.08,0.0,0.0,0.0,0.0,0.0,1.97,1.52,0.76,0.53,0.45,0.98,0.0,0.0,0.0,2.88,3.03,37.4,,,,,,,,,,,,,,,,,,,,,,,,,,,,
Eriq Zavaleta,sv SLV,DF,LA Galaxy,31,1992,5,1,161,1.8,0.56,0.0,0.56,0.56,0.0,0.0,0.0,0.56,0.06,0.06,0.0,0.06,0.0,0.56,0.0,0.56,0.0,0.56,0.56,0.56,0.06,0.0,0.06,0.06,0.06,Matches,2024,1.8,48.3,23.9,23.3,0.56,53.9,23.9,25.0,3.89,89.7,100.0,93.3,14.3,750.0,282.2,48.3,23.9,23.3,0.56,53.9,23.9,25.0,3.89,89.7,100.0,93.3,14.3,48.3,23.9,23.3,0.56,53.9,23.9,25.0,3.89,89.7,100.0,93.3,14.3,48.3,23.9,23.3,0.56,53.9,23.9,25.0,3.89,89.7,100.0,93.3,14.3,0.0,0.0,0.0,0.0,0.0,0.0,0.0,0.56,1.11,0.56,50.0,1.12,0.56,0.5,1.0,11.1,0.0,0.0,0.0,0.06,0.5,0.5,64.4,12.8,49.4,13.3,1.67,1.67,64.4,0.56,100.0,0.0,0.0,37.8,0.0,0.0,0.0,43.9,1.67,1.11,1.11,1.67,1.11,100.0,0.0,1.67,0.0,1.11,2.78,5.0,0.0,0.56,0.56,0.0,0.0,0.0,0.0,0.0,0.0,0.0,0.0,0.0,0.0,0.0,0.0,0.0,0.0,0.0,1.67,0.0,0.0,0.0,1.11,1.11,0.0,0.56,0.0,2.78,0.56,25.0,,,,,,,,,,,,,,,,,,,,,,,,,,,,
Sean Zawadzki,us USA,"MF,DF",Columbus Crew,23,2000,27,20,1875,20.8,0.05,0.05,0.1,0.05,0.0,0.0,0.14,0.0,0.03,0.03,0.07,0.1,1.25,4.9,1.25,0.05,0.05,0.1,0.05,0.1,0.03,0.07,0.1,0.03,0.1,Matches,2024,20.8,57.0,28.3,24.1,3.75,63.1,30.1,25.5,5.19,90.3,93.9,94.4,72.2,943.8,314.3,57.0,28.3,24.1,3.75,63.1,30.1,25.5,5.19,90.3,93.9,94.4,72.2,57.0,28.3,24.1,3.75,63.1,30.1,25.5,5.19,90.3,93.9,94.4,72.2,57.0,28.3,24.1,3.75,63.1,30.1,25.5,5.19,90.3,93.9,94.4,72.2,0.05,0.04,-0.02,0.43,5.72,0.43,0.0,0.05,0.58,0.19,33.3,0.58,0.19,0.08,0.25,17.1,0.0,0.0,0.0,0.05,0.02,0.02,72.1,4.52,21.3,41.5,9.71,0.67,72.1,0.63,48.1,0.58,44.4,42.5,0.19,0.43,0.48,51.8,2.6,1.2,1.54,2.6,1.2,61.0,0.77,1.15,0.91,1.39,3.99,1.92,0.05,1.97,1.97,0.0,0.0,0.1,0.0,0.24,0.05,0.24,0.24,0.0,0.0,0.1,0.0,0.24,0.05,0.0,0.87,1.59,0.0,0.1,1.39,1.54,0.0,0.0,0.0,4.62,1.11,63.9,,,,,,,,,,,,,,,,,,,,,,,,,,,,
Walker Zimmerman,us USA,DF,Nashville SC,30,1993,25,22,1927,21.4,0.05,0.05,0.09,0.05,0.0,0.0,0.09,0.0,0.07,0.07,0.03,0.1,0.19,3.41,0.42,0.05,0.05,0.09,0.05,0.09,0.07,0.03,0.1,0.07,0.1,Matches,2024,21.4,52.3,14.1,31.4,6.59,59.0,15.1,33.6,9.49,88.6,93.2,93.3,69.5,1079.5,456.3,52.3,14.1,31.4,6.59,59.0,15.1,33.6,9.49,88.6,93.2,93.3,69.5,52.3,14.1,31.4,6.59,59.0,15.1,33.6,9.49,88.6,93.2,93.3,69.5,52.3,14.1,31.4,6.59,59.0,15.1,33.6,9.49,88.6,93.2,93.3,69.5,0.05,0.03,0.01,0.28,4.39,0.19,0.0,0.05,0.75,0.14,18.8,0.75,0.14,0.06,0.33,9.7,0.0,0.0,0.0,0.09,-0.02,-0.02,70.6,10.8,38.1,30.1,2.62,1.45,70.6,0.09,100.0,0.0,0.0,40.0,0.0,0.23,0.14,47.6,1.17,0.7,0.65,1.17,0.7,62.5,0.42,1.12,0.37,1.96,3.13,5.47,0.0,1.03,1.03,0.0,0.0,0.09,0.05,0.05,0.0,0.14,0.14,0.0,0.0,0.09,0.05,0.05,0.0,0.0,0.42,0.33,0.05,0.09,1.96,0.65,0.05,0.0,0.05,2.99,2.8,65.9,,,,,,,,,,,,,,,,,,,,,,,,,,,,
Rida Zouhir,ca CAN,"MF,DF",CF Montréal,20,2003,7,1,178,2.0,0.0,0.0,0.0,0.0,0.0,0.0,1.0,0.0,0.0,0.0,0.0,0.0,0.5,8.0,0.5,0.0,0.0,0.0,0.0,0.0,0.0,0.0,0.0,0.0,0.0,Matches,2024,2.0,60.0,31.5,22.5,3.0,69.0,34.0,25.0,5.0,87.0,92.6,90.0,60.0,916.0,236.5,60.0,31.5,22.5,3.0,69.0,34.0,25.0,5.0,87.0,92.6,90.0,60.0,60.0,31.5,22.5,3.0,69.0,34.0,25.0,5.0,87.0,92.6,90.0,60.0,60.0,31.5,22.5,3.0,69.0,34.0,25.0,5.0,87.0,92.6,90.0,60.0,0.0,0.05,0.0,0.0,5.0,0.5,0.5,0.0,0.0,0.0,,0.0,0.0,,,,0.0,0.0,0.0,,0.0,0.0,76.0,2.0,15.5,43.5,17.0,0.5,76.0,1.0,66.7,0.5,33.3,44.0,0.0,1.0,1.0,59.5,2.5,1.0,1.5,2.5,1.0,66.7,0.5,1.0,1.0,1.0,3.5,0.0,0.0,2.0,2.08,0.0,0.0,0.0,0.0,0.0,0.0,0.0,0.0,0.0,0.0,0.0,0.0,0.0,0.0,0.0,4.0,0.5,0.0,3.5,1.0,1.5,0.0,0.0,0.0,3.5,0.5,33.3,,,,,,,,,,,,,,,,,,,,,,,,,,,,
Dario Župarić,ba BIH,DF,Portland Timbers,31,1992,28,24,2222,24.7,0.0,0.0,0.0,0.0,0.0,0.0,0.24,0.0,0.02,0.02,0.0,0.02,0.12,2.55,0.16,0.0,0.0,0.0,0.0,0.0,0.02,0.0,0.02,0.02,0.02,Matches,2024,24.7,45.9,13.5,26.1,5.83,52.5,14.7,28.8,7.89,87.4,91.7,90.6,73.8,929.1,350.8,45.9,13.5,26.1,5.83,52.5,14.7,28.8,7.89,87.4,91.7,90.6,73.8,45.9,13.5,26.1,5.83,52.5,14.7,28.8,7.89,87.4,91.7,90.6,73.8,45.9,13.5,26.1,5.83,52.5,14.7,28.8,7.89,87.4,91.7,90.6,73.8,0.0,0.03,0.0,0.08,2.39,0.16,0.0,0.0,0.2,0.04,20.0,0.2,0.04,0.0,0.0,13.5,0.0,0.0,0.0,0.09,-0.02,-0.02,63.8,7.09,34.2,28.6,1.17,0.32,63.8,0.12,75.0,0.0,0.0,34.5,0.04,0.36,0.0,39.3,1.98,1.01,1.21,1.98,1.01,67.6,0.49,1.66,0.81,1.54,3.52,4.94,0.04,0.85,0.85,0.0,0.0,0.04,0.0,0.0,0.0,0.04,0.04,0.0,0.0,0.04,0.0,0.0,0.0,0.0,0.93,1.17,0.04,0.0,1.54,1.21,0.0,0.0,0.0,3.16,2.63,67.0,,,,,,,,,,,,,,,,,,,,,,,,,,,,
Nökkvi Þórisson,is ISL,"FW,MF",St. Louis,24,1999,30,10,1190,13.2,0.3,0.0,0.3,0.3,0.0,0.0,0.23,0.0,0.42,0.42,0.14,0.56,2.2,1.89,7.27,0.3,0.0,0.3,0.3,0.3,0.41,0.15,0.56,0.41,0.56,Matches,2024,13.2,16.5,10.0,4.85,1.21,24.0,13.1,7.12,1.82,68.8,76.3,68.1,66.7,240.9,59.6,16.5,10.0,4.85,1.21,24.0,13.1,7.12,1.82,68.8,76.3,68.1,66.7,16.5,10.0,4.85,1.21,24.0,13.1,7.12,1.82,68.8,76.3,68.1,66.7,16.5,10.0,4.85,1.21,24.0,13.1,7.12,1.82,68.8,76.3,68.1,66.7,0.0,0.09,-0.14,1.29,0.91,0.76,0.08,0.3,3.41,1.14,33.3,3.4,1.13,0.09,0.27,13.2,0.0,0.0,0.0,0.12,-0.11,-0.11,36.5,1.29,5.53,13.5,18.0,5.76,36.5,1.06,51.9,0.98,48.1,19.7,1.06,2.95,0.98,24.8,1.14,0.38,0.68,1.14,0.38,29.4,0.91,0.98,0.83,0.45,1.59,1.21,0.0,2.88,2.87,0.3,0.08,0.08,0.0,0.0,0.0,0.45,0.45,0.3,0.08,0.08,0.0,0.0,0.0,0.0,2.27,0.61,0.83,0.68,0.45,0.68,0.0,0.08,0.0,3.33,2.88,57.6,,,,,,,,,,,,,,,,,,,,,,,,,,,,
