Player,Nation,Pos,Squad,Age,Born,Matches Played,Game or games started by player,Minutes,90s Played90s played,Goals,Assists,Goals + Assists,Non-Penalty Goals,Penalty Kicks Made,Penalty Kicks Attempted,Yellow Cards,Red Cards,xG,npxG,xAG,"npxG + xAGNon-Penalty Expected Goals plus Assisted GoalsxG totals include penalty kicks, but do not include penalty shootouts (unless otherwise noted).Provided by Opta.An underline indicates there is a match that is missing data, but will be updated when available.Minimum 30 minutes played per squad game to qualify as a leader",PrgC,PrgP,PrgR,Non-Penalty Goals + Assists/90Goals plus Assists minus Penalty Kicks made per 90 minutes,"xG + xAG/90Expected Goals plus Assisted Goals per 90 minutesxG totals include penalty kicks, but do not include penalty shootouts (unless otherwise noted).Provided by Opta.An underline indicates there is a match that is missing data, but will be updated when available.Minimum 30 minutes played per squad game to qualify as a leader","npxG + xAGNon-Penalty Expected Goals plus Assisted GoalsxG totals include penalty kicks, but do not include penalty shootouts (unless otherwise noted).Provided by Opta.An underline indicates there is a match that is missing data, but will be updated when available.Minimum 30 minutes played per squad game to qualify as a leader.1",Matches,Season,90s,Cmp,Att,Cmp%,Tot,Prg,Ast,xA,Assists - xAGAssists minus Expected Goals Assisted,KP,1/3,PPA,CrsPA,Gls,Sh,SoT,SoT%,Sh/90,SoT/90,G/Sh,G/SoT,Dist,FK,PK,PKatt,npxG/Shot,"Goals - xGGoals minus Expected GoalsxG totals include penalty kicks, but do not include penalty shootouts (unless otherwise noted).Provided by Opta.An underline indicates there is a match that is missing data, but will be updated when available.","Non-Penalty Goals - npxGNon-Penalty Goals minus Non-Penalty Expected GoalsxG totals include penalty kicks, but do not include penalty shootouts (unless otherwise noted).Provided by Opta.An underline indicates there is a match that is missing data, but will be updated when available.",Touches,Def Pen,Def 3rd,Mid 3rd,Att 3rd,Att Pen,Live,Succ,Succ%,Tkld,Tkld%,Carries,CPA,Mis,Dis,Rec,Tkl,TklW,Tkl%,Lost,Blocks,Pass,Int,Tkl+Int,Clr,Err,SCA,SCA90,TO,Fld,Def,GCA,GCA90,Second Yellow Card,Fouls Committed,Fouls Drawn,Offsides,Crosses,Interceptions,Tackles Won,Penalty Kicks Won,Penalty Kicks Conceded,Own Goals,Ball Recoveries,Won,Won%,GA,PKA,CK,OG,Post-Shot Expected Goals,Post-Shot Expected Goals per Shot on Target,PSxG-GAPost-Shot Expected Goals minus Goals AllowedPositive numbers suggest better luck or an above average ability to stop shotsPSxG is expected goals based on how likely the goalkeeper is to save the shotNote,PSxG-GA/90Post-Shot Expected Goals minus Goals Allowed per 90 minutesPositive numbers suggest better luck or an above average ability to stop shotsPSxG is expected goals based on how likely the goalkeeper is to save the shotNote,Att (GK),Thr,Launch%,Avg,Opp,Stp,Stp%,#OPA,#OPA/90
Paxten Aaronson,us USA,MF,Colorado Rapids,22-100,2003,7,6,572,6.4,0.16,0.0,0.16,0.16,0.0,0.0,0.47,0.0,0.42,0.42,0.09,0.52,4.06,6.56,4.38,0.16,0.52,0.52,Matches,2025,6.4,34.1,39.5,86.2,541.4,149.2,0.0,0.16,-0.09,1.56,4.53,0.78,0.0,0.16,3.44,1.09,31.8,3.46,1.1,0.05,0.14,18.7,0.0,0.0,0.0,0.12,-0.27,-0.27,51.7,1.25,5.16,26.3,21.3,3.91,51.7,1.56,50.0,1.25,40.0,34.1,1.09,1.41,0.63,39.4,1.25,0.94,18.2,1.41,0.94,0.78,0.31,1.56,0.94,0.0,4.84,4.88,0.47,0.63,0.0,0.16,0.16,0.0,1.09,2.19,0.16,2.03,0.31,0.94,0.16,0.0,0.0,2.97,0.31,28.6,,,,,,,,,,,,,,,,,
Liel Abada,il ISR,"FW,MF",Charlotte,24-062,2001,32,17,1481,16.5,0.3,0.06,0.36,0.3,0.0,0.0,0.06,0.0,0.42,0.42,0.17,0.59,4.06,3.15,8.3,0.36,0.59,0.59,Matches,2025,16.5,21.3,28.1,75.6,304.7,91.5,0.06,0.16,-0.11,1.64,1.58,1.64,0.24,0.3,2.67,0.91,34.1,2.67,0.91,0.11,0.33,16.5,0.0,0.0,0.0,0.16,-0.12,-0.12,38.1,0.48,4.79,12.8,20.9,4.55,38.1,0.61,28.6,1.39,65.7,25.9,1.33,1.58,1.45,28.3,1.7,0.97,52.6,1.09,0.73,0.61,0.3,2.0,0.42,0.0,3.03,3.04,0.18,0.12,0.06,0.3,0.3,0.0,0.73,1.03,0.24,1.76,0.3,0.97,0.0,0.06,0.0,4.06,0.12,13.3,,,,,,,,,,,,,,,,,
Wessam Abou Ali,ps PLE,FW,Columbus Crew,26-334,1999,5,4,303,3.4,0.88,0.0,0.88,0.88,0.0,0.0,0.0,0.0,0.24,0.24,0.18,0.41,1.76,2.35,8.82,0.89,0.41,0.41,Matches,2025,3.4,16.5,23.5,70.0,214.4,40.6,0.0,0.09,-0.18,1.18,1.18,0.59,0.0,0.88,1.47,1.18,80.0,1.49,1.19,0.6,0.75,12.2,0.0,0.0,0.0,0.16,0.65,0.65,34.1,0.88,1.76,12.9,20.0,4.71,34.1,0.59,50.0,0.29,25.0,18.8,0.59,4.41,1.76,24.4,0.88,0.29,0.0,0.29,0.29,0.29,0.0,0.88,0.88,0.0,2.35,2.4,0.0,0.29,0.0,0.59,0.6,0.0,1.76,1.18,0.29,0.0,0.0,0.29,0.29,0.0,0.0,3.24,0.59,22.2,,,,,,,,,,,,,,,,,
Luis Abram,pe PER,DF,Atlanta Utd,29-280,1996,21,16,1493,16.6,0.0,0.0,0.0,0.0,0.0,0.0,0.06,0.0,0.01,0.01,0.0,0.01,0.9,4.52,0.24,0.0,0.0,0.0,Matches,2025,16.6,53.2,60.5,87.9,1034.4,380.9,0.0,0.02,0.0,0.0,4.64,0.3,0.06,0.0,0.06,0.0,0.0,0.06,0.0,0.0,,6.4,0.0,0.0,0.0,0.07,-0.01,-0.01,68.9,6.14,32.2,34.6,2.29,0.24,68.9,0.0,,0.0,,42.9,0.06,0.24,0.0,51.3,1.02,0.42,52.6,0.54,0.72,0.42,0.36,1.39,4.52,0.0,0.6,0.6,0.0,0.0,0.0,0.0,0.0,0.0,0.6,0.24,0.0,0.18,0.36,0.42,0.0,0.06,0.0,3.55,1.57,52.0,,,,,,,,,,,,,,,,,
Lalas Abubakar,gh GHA,DF,FC Dallas,30-344,1994,29,18,1656,18.4,0.05,0.0,0.05,0.05,0.0,0.0,0.27,0.05,0.03,0.03,0.01,0.04,0.33,1.79,0.43,0.05,0.04,0.04,Matches,2025,18.4,32.4,37.4,86.6,530.3,229.7,0.0,0.02,-0.01,0.22,2.17,0.16,0.0,0.05,0.43,0.16,37.5,0.43,0.16,0.13,0.33,14.5,0.0,0.0,0.0,0.07,0.03,0.03,48.2,9.67,28.2,17.0,3.32,1.03,48.2,0.11,100.0,0.0,0.0,22.2,0.0,0.65,0.0,26.0,1.36,0.71,61.1,0.38,1.47,0.54,1.2,2.55,5.65,0.0,0.54,0.54,0.0,0.0,0.05,0.05,0.05,0.05,1.03,0.49,0.16,0.11,1.2,0.71,0.0,0.05,0.0,3.04,1.41,59.1,,,,,,,,,,,,,,,,,
Bryan Acosta,hn HON,MF,Nashville SC,32-010,1993,14,1,221,2.5,0.0,0.0,0.0,0.0,0.0,0.0,0.4,0.0,0.0,0.0,0.24,0.24,0.8,6.8,1.6,0.0,0.26,0.26,Matches,2025,2.5,68.4,74.8,91.4,1180.8,338.4,0.0,0.2,-0.24,0.8,9.2,1.2,0.0,0.0,0.4,0.0,0.0,0.41,0.0,0.0,,37.7,0.0,0.0,0.0,0.01,0.0,0.0,86.0,3.2,21.2,57.2,9.2,0.4,86.0,0.4,100.0,0.0,0.0,53.6,0.0,1.6,0.8,60.4,5.6,3.2,60.0,0.8,2.8,1.6,1.2,6.8,1.2,0.0,1.2,1.22,0.0,0.0,0.8,0.4,0.41,0.0,2.8,0.0,0.0,1.2,1.2,3.2,0.0,0.0,0.0,6.8,0.4,50.0,,,,,,,,,,,,,,,,,
Kellyn Acosta,us USA,MF,Chicago Fire,30-133,1995,19,6,655,7.3,0.0,0.0,0.0,0.0,0.0,0.0,0.27,0.0,0.01,0.01,0.05,0.07,0.68,3.7,1.1,0.0,0.06,0.06,Matches,2025,7.3,46.7,53.6,87.2,699.9,180.3,0.0,0.03,-0.05,0.41,3.56,0.55,0.0,0.0,0.27,0.27,100.0,0.27,0.27,0.0,0.0,24.8,0.0,0.0,0.0,0.03,-0.01,-0.01,62.1,2.33,18.1,34.8,9.45,0.96,62.1,0.14,20.0,0.55,80.0,33.8,0.27,0.96,0.82,45.5,0.96,0.55,27.3,1.1,1.1,0.82,1.92,2.88,1.64,0.0,1.51,1.51,0.0,0.0,0.0,0.0,0.0,0.0,1.51,1.64,0.14,0.27,1.92,0.55,0.0,0.14,0.0,4.11,0.68,55.6,,,,,,,,,,,,,,,,,
Luciano Acosta,ar ARG,"MF,FW",FC Dallas,31-187,1994,21,18,1695,18.8,0.27,0.05,0.32,0.21,0.05,0.11,0.43,0.0,0.29,0.2,0.21,0.41,3.14,6.91,6.65,0.27,0.49,0.41,Matches,2025,18.8,36.5,51.4,70.9,628.7,261.9,0.05,0.31,-0.15,2.23,5.8,2.55,0.53,0.27,1.49,0.64,42.9,1.49,0.64,0.14,0.33,19.9,0.32,0.05,0.11,0.14,-0.02,0.01,64.1,0.69,6.17,27.6,31.2,4.15,64.0,2.18,46.6,2.39,51.1,35.1,1.17,2.93,1.33,44.5,1.17,0.8,34.6,0.9,1.06,1.06,0.48,1.65,0.85,0.0,5.0,4.99,0.21,0.21,0.11,0.48,0.48,0.0,1.76,1.91,0.16,5.27,0.48,0.8,0.11,0.0,0.0,3.46,0.16,27.3,,,,,,,,,,,,,,,,,
Sam Adekugbe,ca CAN,DF,Vancouver W'caps,30-322,1995,7,4,291,3.2,0.63,0.0,0.63,0.63,0.0,0.0,0.0,0.0,0.41,0.41,0.09,0.53,3.13,5.0,10.3,0.62,0.52,0.52,Matches,2025,3.2,64.7,74.4,87.0,946.3,306.9,0.0,0.06,-0.09,0.63,5.0,0.63,0.0,0.63,1.56,0.63,40.0,1.55,0.62,0.4,1.0,12.2,0.0,0.0,0.0,0.27,0.22,0.22,85.6,3.75,15.9,44.7,25.3,1.56,85.6,0.31,33.3,0.31,33.3,54.1,0.0,2.19,0.0,65.0,0.94,0.63,100.0,0.0,0.63,0.63,0.94,1.88,4.06,0.0,2.19,2.16,0.0,0.0,0.0,0.31,0.31,0.0,0.94,0.94,0.0,2.19,0.94,0.63,0.0,0.0,0.0,1.88,2.81,64.3,,,,,,,,,,,,,,,,,
Leonardo Afonso,br BRA,"DF,FW",Atlanta Utd,24-144,2001,3,1,77,0.9,0.0,0.0,0.0,0.0,0.0,0.0,0.0,0.0,0.11,0.11,0.67,0.78,1.11,3.33,8.89,0.0,0.78,0.78,Matches,2025,0.9,30.0,42.2,71.1,397.8,105.6,0.0,0.11,-0.67,3.33,0.0,3.33,0.0,0.0,2.22,1.11,50.0,2.34,1.17,0.0,0.0,21.5,1.11,0.0,0.0,0.05,-0.11,-0.11,58.9,1.11,21.1,18.9,18.9,2.22,58.9,1.11,25.0,3.33,75.0,25.6,1.11,0.0,1.11,33.3,3.33,1.11,40.0,3.33,2.22,2.22,1.11,4.44,3.33,0.0,4.44,4.68,0.0,0.0,0.0,0.0,0.0,0.0,1.11,0.0,0.0,1.11,1.11,1.11,0.0,0.0,0.0,1.11,0.0,0.0,,,,,,,,,,,,,,,,,
Leonardo Afonso,br BRA,"FW,MF",Inter Miami,24-144,2001,3,1,87,1.0,0.0,0.0,0.0,0.0,0.0,0.0,1.0,0.0,0.4,0.4,0.0,0.4,1.0,1.0,7.0,0.0,0.38,0.38,Matches,2025,1.0,12.0,17.0,70.6,152.0,9.0,0.0,0.0,0.0,0.0,0.0,1.0,0.0,0.0,1.0,1.0,100.0,1.03,1.03,0.0,0.0,9.2,0.0,0.0,0.0,0.37,-0.4,-0.4,34.0,1.0,2.0,12.0,20.0,3.0,34.0,0.0,0.0,1.0,100.0,17.0,1.0,6.0,3.0,21.0,3.0,0.0,,0.0,1.0,1.0,1.0,4.0,1.0,0.0,2.0,2.07,0.0,0.0,0.0,2.0,2.07,0.0,4.0,1.0,0.0,0.0,1.0,0.0,0.0,0.0,0.0,1.0,0.0,0.0,,,,,,,,,,,,,,,,,
Stephen Afrifa,ca CAN,"MF,FW",Sporting KC,24-288,2001,9,1,138,1.5,0.0,0.0,0.0,0.0,0.0,0.0,0.67,0.0,0.27,0.27,0.13,0.33,7.33,4.67,14.0,0.0,0.35,0.35,Matches,2025,1.5,38.7,47.3,81.7,490.7,101.3,0.0,0.13,-0.13,2.0,0.67,0.67,0.0,0.0,4.0,1.33,33.3,3.91,1.3,0.0,0.0,11.9,0.0,0.0,0.0,0.06,-0.27,-0.27,75.3,0.0,6.0,18.7,52.7,14.7,75.3,6.0,50.0,6.0,50.0,45.3,5.33,3.33,4.67,52.0,3.33,2.0,80.0,0.67,2.67,2.67,0.67,4.0,0.67,0.0,5.33,5.18,0.67,0.67,0.67,0.0,0.0,0.0,4.0,4.0,0.67,2.67,0.67,2.0,0.67,0.0,0.0,5.33,1.33,28.6,,,,,,,,,,,,,,,,,
William Agada,ng NGA,FW,Sporting KC,26-078,1999,6,1,99,1.1,0.0,0.0,0.0,0.0,0.0,0.0,0.0,0.0,0.45,0.45,0.18,0.55,0.0,1.82,1.82,0.0,0.58,0.58,Matches,2025,1.1,19.1,20.0,95.5,278.2,40.9,0.0,0.36,-0.18,1.82,0.0,0.91,0.0,0.0,5.45,0.0,0.0,5.45,0.0,0.0,,14.6,0.0,0.0,0.0,0.08,-0.45,-0.45,34.5,0.91,3.64,10.0,21.8,10.0,34.5,0.0,,0.0,,18.2,0.0,6.36,2.73,25.5,0.0,0.0,0.0,0.91,0.0,0.0,0.0,0.0,0.91,0.0,1.82,1.82,0.0,0.0,0.0,0.0,0.0,0.0,4.55,0.91,0.0,0.0,0.0,0.0,0.0,0.0,0.0,2.73,2.73,75.0,,,,,,,,,,,,,,,,,
William Agada,ng NGA,FW,Real Salt Lake,26-078,1999,22,12,1173,13.0,0.15,0.15,0.31,0.15,0.0,0.0,0.46,0.08,0.25,0.25,0.12,0.37,1.23,0.85,4.62,0.31,0.37,0.37,Matches,2025,13.0,13.5,17.8,76.2,179.2,22.4,0.15,0.08,0.04,1.31,1.0,0.23,0.0,0.15,2.62,0.54,20.6,2.61,0.54,0.06,0.29,15.3,0.0,0.0,0.0,0.1,-0.1,-0.1,27.1,1.31,2.15,12.3,13.0,4.77,27.1,0.38,41.7,0.54,58.3,15.4,0.62,2.38,1.0,20.3,0.54,0.15,40.0,0.23,0.23,0.08,0.15,0.69,1.31,0.0,2.31,2.3,0.15,0.15,0.0,0.23,0.23,0.08,2.77,1.15,0.62,0.08,0.15,0.15,0.0,0.08,0.0,2.23,2.08,45.0,,,,,,,,,,,,,,,,,
Patrick Agyemang,us USA,FW,Charlotte,25-027,2000,16,15,1224,13.6,0.44,0.07,0.51,0.37,0.07,0.07,0.22,0.0,0.39,0.34,0.18,0.51,2.13,1.4,6.03,0.44,0.57,0.52,Matches,2025,13.6,11.9,15.5,76.8,159.0,25.9,0.07,0.1,-0.11,1.4,0.74,0.44,0.0,0.44,2.5,1.18,47.1,2.5,1.18,0.15,0.31,14.9,0.0,0.07,0.07,0.13,0.05,0.03,27.1,1.18,1.76,12.1,13.8,5.74,27.1,1.03,36.8,1.4,50.0,17.8,1.69,2.87,1.62,20.5,0.44,0.29,40.0,0.22,0.37,0.37,0.15,0.59,1.1,0.0,2.87,2.87,0.22,0.66,0.0,0.37,0.37,0.0,1.84,2.57,0.51,0.07,0.15,0.29,0.07,0.0,0.0,1.62,1.4,47.5,,,,,,,,,,,,,,,,,
Ali Ahmed,ca CAN,FW,Vancouver W'caps,25-055,2000,22,12,1288,14.3,0.0,0.56,0.56,0.0,0.0,0.0,0.14,0.0,0.15,0.15,0.34,0.49,5.38,5.59,15.7,0.56,0.49,0.49,Matches,2025,14.3,38.7,48.0,80.6,582.6,152.9,0.56,0.38,0.22,2.59,2.52,2.87,0.77,0.0,1.75,0.63,36.0,1.75,0.63,0.0,0.0,16.5,0.0,0.0,0.0,0.08,-0.15,-0.15,59.4,0.98,4.76,19.0,36.4,7.06,59.4,1.47,44.7,1.61,48.9,38.7,3.29,2.38,1.26,46.9,1.19,0.7,47.6,0.77,1.19,1.19,0.42,1.61,0.77,0.0,5.52,5.52,0.35,0.28,0.07,1.12,1.12,0.0,0.7,1.75,0.21,3.08,0.42,0.7,0.07,0.0,0.0,3.15,0.77,45.8,,,,,,,,,,,,,,,,,
Forster Ajago,gh GHA,FW,Real Salt Lake,24-110,2001,6,3,259,2.9,0.34,0.0,0.34,0.34,0.0,0.0,0.69,0.0,0.21,0.21,0.03,0.24,0.34,0.34,5.17,0.35,0.25,0.25,Matches,2025,2.9,6.9,8.97,76.9,85.5,8.28,0.0,0.0,-0.03,1.03,0.34,0.0,0.0,0.34,1.38,1.03,75.0,1.39,1.04,0.25,0.33,18.6,0.0,0.0,0.0,0.16,0.14,0.14,21.0,1.38,3.1,8.97,9.31,3.1,21.0,0.34,20.0,1.38,80.0,12.4,0.69,3.79,1.38,13.8,1.72,1.03,50.0,0.34,0.69,0.69,0.0,1.72,1.03,0.0,1.38,1.39,0.0,0.0,0.0,0.34,0.35,0.0,2.41,1.38,1.38,0.0,0.0,1.03,0.0,0.0,0.0,0.0,1.03,14.3,,,,,,,,,,,,,,,,,
Jordi Alba,es ESP,DF,Inter Miami,36-258,1989,30,29,2563,28.5,0.21,0.39,0.6,0.21,0.0,0.0,0.21,0.0,0.09,0.09,0.31,0.4,1.79,6.56,10.4,0.6,0.4,0.4,Matches,2025,28.5,60.5,75.2,80.4,1049.2,326.4,0.39,0.27,0.08,1.96,4.32,2.11,0.46,0.21,0.67,0.32,47.4,0.67,0.32,0.32,0.67,18.7,0.0,0.0,0.0,0.14,0.12,0.12,82.1,2.46,19.9,34.9,27.7,2.88,82.1,0.42,52.2,0.39,47.8,48.8,0.56,0.74,0.25,60.5,0.95,0.63,53.8,0.42,0.7,0.46,0.67,1.61,1.47,0.07,3.3,3.3,0.11,0.0,0.04,0.67,0.67,0.0,0.49,0.67,0.11,4.14,0.67,0.63,0.0,0.0,0.0,5.37,0.14,50.0,,,,,,,,,,,,,,,,,
Noah Allen,gr GRE,DF,Inter Miami,21-220,2004,26,20,1898,21.1,0.0,0.05,0.05,0.0,0.0,0.0,0.19,0.0,0.01,0.01,0.06,0.07,0.62,3.79,2.32,0.05,0.07,0.07,Matches,2025,21.1,57.9,65.0,89.1,1104.5,331.3,0.05,0.05,-0.01,0.24,3.51,0.33,0.09,0.0,0.24,0.09,40.0,0.24,0.09,0.0,0.0,23.3,0.0,0.0,0.0,0.04,-0.01,-0.01,74.5,7.06,33.0,33.6,8.29,0.52,74.5,0.09,20.0,0.33,70.0,47.3,0.0,0.62,0.28,53.4,2.23,1.42,57.1,0.85,1.28,0.9,0.81,3.03,3.32,0.05,0.85,0.85,0.0,0.0,0.0,0.24,0.24,0.0,0.95,0.57,0.05,0.76,0.81,1.42,0.0,0.0,0.0,4.03,0.85,51.4,,,,,,,,,,,,,,,,,
Tadeo Allende,ar ARG,"MF,FW",Inter Miami,26-287,1999,31,26,2154,23.9,0.46,0.04,0.5,0.46,0.0,0.0,0.04,0.0,0.43,0.43,0.1,0.54,1.51,1.76,7.99,0.5,0.54,0.54,Matches,2025,23.9,20.0,26.7,75.0,269.5,48.9,0.04,0.09,-0.06,0.92,0.59,0.67,0.21,0.46,2.18,1.13,51.9,2.17,1.13,0.21,0.41,13.7,0.04,0.0,0.0,0.2,0.03,0.03,38.0,1.17,4.81,16.6,16.9,4.56,38.0,0.84,43.5,1.09,56.5,22.2,0.96,2.85,1.05,27.9,0.54,0.29,33.3,0.59,0.75,0.63,0.54,1.09,1.05,0.13,2.09,2.09,0.08,0.08,0.0,0.17,0.17,0.0,0.67,0.59,0.5,0.88,0.54,0.29,0.0,0.0,0.0,2.64,2.38,71.3,,,,,,,,,,,,,,,,,
Rasmus Alm,se SWE,DF,St. Louis,30-109,1995,1,0,8,0.1,0.0,0.0,0.0,0.0,0.0,0.0,0.0,0.0,0.0,0.0,0.0,0.0,0.0,0.0,0.0,0.0,0.59,0.59,Matches,2025,0.1,20.0,40.0,50.0,500.0,0.0,0.0,0.0,0.0,0.0,0.0,0.0,0.0,0.0,10.0,0.0,0.0,11.25,0.0,0.0,,24.7,0.0,0.0,0.0,0.05,0.0,0.0,50.0,0.0,0.0,30.0,20.0,0.0,50.0,0.0,,0.0,,40.0,0.0,0.0,0.0,40.0,0.0,0.0,,0.0,0.0,0.0,0.0,0.0,0.0,0.0,0.0,0.0,0.0,0.0,0.0,0.0,0.0,0.0,0.0,0.0,0.0,0.0,0.0,0.0,0.0,0.0,0.0,10.0,0.0,,,,,,,,,,,,,,,,,,
Miguel Almirón,py PAR,"FW,MF",Atlanta Utd,31-297,1994,31,31,2706,30.1,0.2,0.13,0.33,0.1,0.1,0.1,0.13,0.0,0.3,0.22,0.1,0.33,3.49,7.08,7.04,0.23,0.4,0.32,Matches,2025,30.1,35.4,43.4,81.5,569.0,159.1,0.13,0.18,0.03,1.46,3.95,1.89,0.2,0.2,2.16,0.63,29.2,2.16,0.63,0.05,0.16,19.2,0.07,0.1,0.1,0.1,-0.1,-0.12,53.8,0.43,5.18,24.9,24.4,3.46,53.7,1.46,53.7,1.1,40.2,38.6,0.9,2.06,1.36,43.1,1.53,0.86,45.5,0.6,0.9,0.86,0.37,1.89,0.3,0.07,4.02,4.03,0.13,0.3,0.07,0.37,0.37,0.0,1.0,1.86,0.4,1.3,0.37,0.86,0.0,0.0,0.0,4.39,0.17,26.3,,,,,,,,,,,,,,,,,
Alejandro Alvarado Jr.,us USA,MF,San Diego FC,22-128,2003,12,6,488,5.4,0.0,0.0,0.0,0.0,0.0,0.0,0.37,0.0,0.06,0.06,0.04,0.09,0.93,6.11,3.15,0.0,0.09,0.09,Matches,2025,5.4,58.3,66.5,87.7,724.3,199.1,0.0,0.09,-0.04,0.56,4.26,0.56,0.0,0.0,1.11,0.56,50.0,1.11,0.55,0.0,0.0,21.7,0.0,0.0,0.0,0.06,-0.06,-0.06,79.6,2.22,14.1,46.9,19.4,1.85,79.6,0.56,42.9,0.56,42.9,48.9,0.0,1.3,0.93,59.6,4.44,2.22,50.0,2.22,1.11,1.11,2.59,7.04,0.93,0.0,1.67,1.66,0.0,0.0,0.0,0.19,0.18,0.0,2.96,1.85,0.0,0.37,2.59,2.22,0.0,0.0,0.0,3.89,0.74,66.7,,,,,,,,,,,,,,,,,
Fernando Álvarez,co COL,DF,CF Montréal,22-102,2003,22,11,1094,12.2,0.0,0.08,0.08,0.0,0.0,0.0,0.33,0.0,0.01,0.01,0.05,0.06,0.16,3.93,0.0,0.08,0.06,0.06,Matches,2025,12.2,47.4,55.7,85.1,940.8,329.2,0.08,0.02,0.03,0.16,3.69,0.16,0.0,0.0,0.41,0.16,40.0,0.41,0.16,0.0,0.0,11.9,0.0,0.0,0.0,0.03,-0.01,-0.01,66.2,6.64,34.1,29.0,3.28,0.82,66.2,0.08,50.0,0.08,50.0,38.4,0.08,0.49,0.16,44.4,1.48,0.98,44.4,0.82,1.31,0.82,1.31,2.79,4.75,0.16,0.82,0.82,0.0,0.0,0.08,0.08,0.08,0.0,1.48,0.33,0.08,0.16,1.31,0.98,0.0,0.0,0.0,3.11,1.89,51.1,,,,,,,,,,,,,,,,,
Steven Alzate,co COL,MF,Atlanta Utd,27-087,1998,10,7,649,7.2,0.0,0.14,0.14,0.0,0.0,0.0,0.28,0.0,0.04,0.04,0.11,0.15,1.11,4.31,1.39,0.14,0.15,0.15,Matches,2025,7.2,54.6,61.3,89.1,858.8,266.0,0.14,0.14,0.03,1.11,5.42,0.42,0.0,0.0,0.83,0.42,50.0,0.83,0.42,0.0,0.0,25.9,0.0,0.0,0.0,0.05,-0.04,-0.04,71.3,2.22,15.6,39.9,16.3,0.56,71.3,1.25,52.9,1.11,47.1,41.8,0.0,1.67,1.67,52.8,2.36,1.39,36.4,0.97,0.69,0.69,1.11,3.47,0.69,0.56,3.06,3.05,0.0,0.14,0.28,0.28,0.28,0.0,0.97,0.97,0.0,1.53,1.11,1.39,0.0,0.0,0.0,3.75,0.69,50.0,,,,,,,,,,,,,,,,,
Pedro Amador,pt POR,DF,Atlanta Utd,26-351,1998,26,24,2078,23.1,0.04,0.0,0.04,0.04,0.0,0.0,0.17,0.0,0.02,0.02,0.08,0.1,1.65,3.81,5.15,0.04,0.1,0.1,Matches,2025,23.1,42.5,53.8,78.9,714.8,251.3,0.0,0.09,-0.08,0.69,3.2,1.08,0.3,0.04,0.61,0.17,28.6,0.61,0.17,0.07,0.25,25.7,0.0,0.0,0.0,0.04,0.02,0.02,63.3,3.46,19.7,27.3,16.8,1.3,63.3,0.3,29.2,0.74,70.8,32.6,0.35,0.87,0.13,38.6,1.47,0.65,58.3,0.65,1.3,0.95,0.82,2.29,3.03,0.0,1.39,1.39,0.0,0.0,0.0,0.04,0.04,0.0,0.61,0.52,0.17,3.03,0.82,0.65,0.0,0.0,0.0,4.29,0.74,45.9,,,,,,,,,,,,,,,,,
Daouda Amadou,cm CMR,MF,Colorado Rapids,23-063,2002,1,0,11,0.1,0.0,0.0,0.0,0.0,0.0,0.0,0.0,0.0,0.0,0.0,0.0,0.0,0.0,20.0,0.0,0.0,0.0,0.0,Matches,2025,0.1,140.0,150.0,93.3,2670.0,1230.0,0.0,0.0,0.0,0.0,10.0,0.0,0.0,0.0,0.0,0.0,,0.0,0.0,,,,0.0,0.0,0.0,,0.0,0.0,170.0,0.0,70.0,110.0,0.0,0.0,170.0,0.0,,0.0,,80.0,0.0,0.0,10.0,110.0,20.0,10.0,100.0,0.0,0.0,0.0,0.0,20.0,0.0,0.0,0.0,0.0,0.0,0.0,0.0,0.0,0.0,0.0,0.0,0.0,0.0,0.0,0.0,10.0,0.0,0.0,0.0,10.0,0.0,,,,,,,,,,,,,,,,,,
Frankie Amaya,us USA,MF,LAFC,25-069,2000,19,3,433,4.8,0.21,0.0,0.21,0.21,0.0,0.0,0.21,0.0,0.13,0.13,0.08,0.21,0.83,5.0,3.75,0.21,0.2,0.2,Matches,2025,4.8,50.4,55.0,91.7,749.0,157.3,0.0,0.1,-0.08,2.08,5.42,1.25,0.0,0.21,1.25,0.63,50.0,1.25,0.62,0.17,0.33,16.3,0.0,0.0,0.0,0.1,0.08,0.08,65.8,1.04,10.2,36.9,19.2,2.29,65.8,0.42,25.0,1.25,75.0,40.6,0.83,1.25,0.21,50.0,3.33,1.88,46.2,1.46,0.42,0.42,1.04,4.38,0.83,0.0,3.33,3.33,0.0,0.0,0.21,0.0,0.0,0.0,0.83,0.42,0.0,0.0,1.04,1.88,0.0,0.0,0.0,3.33,0.42,33.3,,,,,,,,,,,,,,,,,
Malte Amundsen,dk DEN,DF,Columbus Crew,27-296,1998,24,21,1780,19.8,0.05,0.1,0.15,0.05,0.0,0.0,0.15,0.05,0.06,0.06,0.06,0.12,1.16,6.01,1.72,0.15,0.12,0.12,Matches,2025,19.8,60.3,69.6,86.6,977.4,371.3,0.1,0.06,0.04,0.3,7.22,0.71,0.15,0.05,0.56,0.1,18.2,0.56,0.1,0.09,0.5,22.0,0.0,0.0,0.0,0.11,-0.01,-0.01,79.9,3.94,26.4,43.8,10.3,0.61,79.9,0.76,71.4,0.25,23.8,44.9,0.1,0.56,0.51,53.7,1.62,1.26,56.5,0.51,1.26,0.51,1.16,2.78,3.79,0.0,1.31,1.31,0.15,0.0,0.1,0.15,0.15,0.0,0.81,0.35,0.0,0.45,1.16,1.26,0.0,0.0,0.0,4.95,1.21,46.2,,,,,,,,,,,,,,,,,
Markus Anderson,us USA,FW,Philadelphia Union,21-358,2003,3,1,100,1.1,0.91,0.0,0.91,0.91,0.0,0.0,0.0,0.0,0.09,0.09,0.0,0.09,0.91,2.73,6.36,0.9,0.07,0.07,Matches,2025,1.1,7.27,13.6,53.3,103.6,41.8,0.0,0.0,0.0,0.0,2.73,0.91,0.0,0.91,0.91,0.91,100.0,0.9,0.9,1.0,1.0,15.1,0.0,0.0,0.0,0.08,0.82,0.82,26.4,0.91,3.64,12.7,10.9,2.73,26.4,0.91,25.0,2.73,75.0,16.4,0.91,2.73,1.82,22.7,0.91,0.0,0.0,0.91,0.0,0.0,0.0,0.91,1.82,0.0,0.91,0.9,0.0,0.91,0.0,0.0,0.0,0.0,2.73,2.73,0.91,0.0,0.0,0.0,0.0,0.0,0.0,0.0,5.45,46.2,,,,,,,,,,,,,,,,,
Tomas Ángel,co COL,FW,San Diego FC,22-287,2003,22,9,715,7.9,0.38,0.25,0.63,0.38,0.0,0.0,0.13,0.0,0.19,0.19,0.13,0.3,1.14,2.66,6.08,0.63,0.31,0.31,Matches,2025,7.9,18.2,23.4,77.8,263.3,51.9,0.25,0.15,0.13,1.52,1.39,0.89,0.0,0.38,1.65,0.51,30.8,1.64,0.5,0.23,0.75,15.6,0.13,0.0,0.0,0.11,0.19,0.19,31.5,0.38,2.78,14.6,14.4,3.29,31.5,0.63,71.4,0.25,28.6,18.0,0.51,2.41,1.52,23.5,0.76,0.25,25.0,0.38,0.25,0.13,0.38,1.14,0.38,0.0,2.66,2.64,0.13,0.13,0.0,0.38,0.38,0.0,1.27,0.76,0.38,0.38,0.38,0.25,0.0,0.0,0.0,2.78,0.89,41.2,,,,,,,,,,,,,,,,,
Iván Angulo,co COL,"MF,FW",Orlando City,26-257,1999,33,30,2305,25.6,0.0,0.16,0.16,0.0,0.0,0.0,0.16,0.0,0.12,0.12,0.16,0.27,3.32,4.34,8.24,0.16,0.27,0.27,Matches,2025,25.6,27.0,32.6,82.9,394.8,121.0,0.16,0.16,0.0,1.45,1.91,1.95,0.2,0.0,1.33,0.39,29.4,1.33,0.39,0.0,0.0,17.3,0.0,0.0,0.0,0.09,-0.12,-0.12,43.6,1.17,8.01,16.0,20.2,3.63,43.6,1.33,38.2,2.03,58.4,27.5,1.95,1.56,1.13,30.3,2.11,1.17,48.7,0.78,1.09,0.94,0.7,2.81,0.66,0.04,3.13,3.12,0.16,0.16,0.08,0.27,0.27,0.0,0.78,1.02,0.16,1.09,0.7,1.17,0.0,0.0,0.0,4.38,0.08,16.7,,,,,,,,,,,,,,,,,
Conner Antley,us USA,"DF,MF",D.C. United,30-257,1995,20,17,1343,14.9,0.07,0.07,0.13,0.07,0.0,0.0,0.07,0.0,0.06,0.06,0.02,0.09,1.61,2.48,3.69,0.13,0.09,0.09,Matches,2025,14.9,26.6,37.7,70.6,487.4,145.8,0.07,0.03,0.05,0.4,1.95,0.4,0.07,0.07,0.4,0.13,33.3,0.4,0.13,0.17,0.5,10.3,0.0,0.0,0.0,0.16,0.01,0.01,47.8,4.03,18.8,19.4,10.0,1.54,47.8,0.47,33.3,0.81,57.1,22.6,0.4,0.81,0.27,25.6,1.95,1.28,71.0,0.6,0.87,0.47,1.21,3.15,3.29,0.0,1.34,1.34,0.07,0.13,0.0,0.2,0.2,0.0,1.14,1.01,0.07,0.87,1.21,1.28,0.0,0.0,0.07,3.09,1.01,51.7,,,,,,,,,,,,,,,,,
Antony,br BRA,"FW,MF",Portland Timbers,24-087,2001,28,26,2202,24.5,0.29,0.2,0.49,0.29,0.0,0.0,0.2,0.0,0.32,0.32,0.11,0.44,4.12,3.8,10.3,0.49,0.44,0.44,Matches,2025,24.5,30.0,39.0,76.9,452.4,117.4,0.2,0.09,0.09,1.18,2.24,1.1,0.16,0.29,2.57,1.14,44.4,2.57,1.14,0.11,0.25,18.4,0.0,0.0,0.0,0.13,-0.04,-0.04,53.4,1.14,7.8,22.4,24.7,4.37,53.4,2.33,44.2,2.82,53.5,35.5,1.51,2.53,1.47,39.3,1.96,1.1,43.6,1.27,0.78,0.73,0.53,2.49,0.82,0.0,2.98,2.98,0.41,0.16,0.0,0.41,0.41,0.0,1.63,1.39,0.61,1.18,0.53,1.1,0.0,0.04,0.0,5.59,0.37,26.5,,,,,,,,,,,,,,,,,
Seth Antwi,gh GHA,MF,St. Louis,26-025,1999,2,0,15,0.2,0.0,0.0,0.0,0.0,0.0,0.0,0.0,0.0,0.0,0.0,0.0,0.0,0.0,5.0,0.0,0.0,0.29,0.29,Matches,2025,0.2,30.0,35.0,85.7,405.0,115.0,0.0,0.0,0.0,5.0,5.0,0.0,0.0,0.0,0.0,0.0,,0.0,0.0,,,,0.0,0.0,0.0,,0.0,0.0,65.0,15.0,15.0,50.0,0.0,0.0,65.0,0.0,,0.0,,20.0,0.0,5.0,0.0,25.0,5.0,5.0,50.0,5.0,0.0,0.0,5.0,10.0,10.0,0.0,5.0,6.0,0.0,0.0,0.0,0.0,0.0,0.0,0.0,0.0,0.0,0.0,5.0,5.0,0.0,0.0,0.0,10.0,0.0,,,,,,,,,,,,,,,,,,
Brian Anunga,cm CMR,MF,FC Cincinnati,29-116,1996,30,19,1700,18.9,0.0,0.05,0.05,0.0,0.0,0.0,0.11,0.05,0.05,0.05,0.02,0.06,0.69,3.33,0.9,0.05,0.06,0.06,Matches,2025,18.9,40.8,46.9,86.9,661.0,159.9,0.05,0.03,0.04,0.32,3.23,0.16,0.0,0.0,0.48,0.11,22.2,0.48,0.11,0.0,0.0,19.8,0.0,0.0,0.0,0.1,-0.05,-0.05,56.2,2.43,14.1,34.7,8.2,0.42,56.2,0.63,70.6,0.26,29.4,26.4,0.05,1.38,0.53,34.0,2.17,1.38,61.5,0.53,1.96,1.27,1.06,3.23,1.01,0.11,1.01,1.01,0.05,0.05,0.0,0.21,0.21,0.0,1.64,0.48,0.0,0.05,1.06,1.38,0.0,0.0,0.0,6.83,0.53,58.8,,,,,,,,,,,,,,,,,
Chris Applewhite,us USA,DF,Nashville SC,18-103,2007,5,2,190,2.1,0.0,0.0,0.0,0.0,0.0,0.0,0.0,0.0,0.0,0.0,0.0,0.0,0.48,2.86,0.0,0.0,0.0,0.0,Matches,2025,2.1,58.1,62.9,92.4,1061.0,365.2,0.0,0.14,0.0,0.0,3.81,0.48,0.0,0.0,0.0,0.0,,0.0,0.0,,,,0.0,0.0,0.0,,0.0,0.0,71.4,9.05,36.7,34.3,0.48,0.48,71.4,0.48,100.0,0.0,0.0,42.4,0.0,0.48,0.0,52.9,0.48,0.48,100.0,0.0,0.48,0.48,0.48,0.95,4.29,0.0,0.95,0.95,0.0,0.0,0.0,0.0,0.0,0.0,2.38,0.95,0.0,0.0,0.48,0.48,0.0,0.0,0.0,3.81,3.81,66.7,,,,,,,,,,,,,,,,,
Cristian Arango,co COL,"FW,MF",SJ Earthquakes,30-270,1995,30,30,2551,28.3,0.46,0.11,0.57,0.35,0.11,0.11,0.21,0.0,0.52,0.43,0.15,0.58,2.51,4.17,5.94,0.46,0.66,0.58,Matches,2025,28.3,18.1,25.9,69.6,294.5,86.2,0.11,0.18,-0.04,0.99,2.33,1.38,0.14,0.46,4.28,1.38,32.2,4.27,1.38,0.08,0.26,20.0,0.39,0.11,0.11,0.1,-0.06,-0.08,40.2,0.95,2.76,18.1,19.7,5.48,40.1,0.99,33.3,1.84,61.9,24.3,0.88,2.9,1.66,29.5,1.45,0.81,51.4,0.6,0.74,0.71,0.25,1.7,0.67,0.0,3.43,3.42,0.25,0.28,0.07,0.53,0.53,0.0,1.84,1.91,0.46,1.34,0.25,0.81,0.04,0.0,0.0,3.43,1.59,58.4,,,,,,,,,,,,,,,,,
César Araujo,uy URU,MF,Orlando City,24-246,2001,22,20,1798,20.0,0.1,0.15,0.25,0.1,0.0,0.0,0.3,0.05,0.04,0.04,0.09,0.14,1.0,6.0,1.5,0.25,0.13,0.13,Matches,2025,20.0,52.5,58.0,90.5,848.3,260.3,0.15,0.05,0.06,0.95,6.6,0.35,0.0,0.1,0.95,0.3,31.6,0.95,0.3,0.11,0.33,19.6,0.15,0.0,0.0,0.05,0.06,0.06,66.2,2.05,15.6,39.5,11.7,1.0,66.2,0.15,33.3,0.25,55.6,36.5,0.05,0.9,0.8,48.9,1.9,1.3,44.7,1.3,1.55,1.25,0.45,2.35,1.05,0.05,2.65,2.65,0.0,0.2,0.15,0.35,0.35,0.0,1.55,2.9,0.05,0.25,0.45,1.3,0.0,0.0,0.0,5.3,0.2,23.5,,,,,,,,,,,,,,,,,
Max Arfsten,us USA,"DF,MF",Columbus Crew,24-229,2001,29,29,2562,28.5,0.14,0.18,0.32,0.14,0.0,0.0,0.14,0.0,0.19,0.19,0.22,0.4,2.67,6.07,10.3,0.32,0.41,0.41,Matches,2025,28.5,43.7,52.1,83.8,621.4,184.0,0.18,0.28,-0.05,1.51,2.81,2.46,0.53,0.14,1.61,0.56,34.8,1.62,0.56,0.09,0.25,15.3,0.0,0.0,0.0,0.11,-0.05,-0.05,62.5,1.19,9.93,22.5,30.9,3.61,62.5,1.72,58.3,1.05,35.7,37.9,0.81,1.19,0.88,44.7,2.18,1.23,50.8,1.12,0.95,0.88,0.74,2.91,1.26,0.0,3.09,3.09,0.28,0.07,0.04,0.42,0.42,0.0,1.12,1.16,0.32,3.33,0.74,1.23,0.0,0.0,0.0,4.14,0.56,44.4,,,,,,,,,,,,,,,,,
Daniel Armando Ríos,mx MEX,FW,Vancouver W'caps,30-285,1995,31,16,1416,15.7,0.19,0.13,0.32,0.19,0.0,0.13,0.19,0.0,0.39,0.29,0.14,0.43,0.83,1.59,5.41,0.32,0.53,0.43,Matches,2025,15.7,15.9,20.1,78.8,211.4,29.6,0.13,0.1,-0.01,0.96,0.64,0.45,0.0,0.19,2.55,0.57,22.5,2.54,0.57,0.08,0.33,14.8,0.06,0.0,0.13,0.12,-0.2,-0.1,31.6,1.34,2.29,13.6,15.8,5.92,31.5,0.38,31.6,0.83,68.4,17.6,0.7,2.99,1.27,22.7,0.19,0.13,33.3,0.25,0.32,0.19,0.45,0.64,1.15,0.0,1.91,1.9,0.13,0.13,0.0,0.25,0.25,0.0,1.4,0.7,0.19,0.32,0.45,0.13,0.0,0.0,0.0,1.85,1.34,33.3,,,,,,,,,,,,,,,,,
Paul Arriola,us USA,"FW,DF",Seattle Sounders,30-302,1995,2,0,75,0.8,0.0,0.0,0.0,0.0,0.0,0.0,0.0,0.0,0.0,0.0,0.0,0.0,2.5,2.5,21.3,0.0,0.06,0.06,Matches,2025,0.8,36.3,51.3,70.7,585.0,130.0,0.0,0.25,0.0,0.0,1.25,1.25,1.25,0.0,1.25,0.0,0.0,1.2,0.0,0.0,,12.5,0.0,0.0,0.0,0.05,0.0,0.0,56.3,0.0,3.75,22.5,31.3,6.25,56.3,1.25,100.0,0.0,0.0,40.0,0.0,0.0,2.5,47.5,0.0,0.0,0.0,1.25,1.25,1.25,0.0,0.0,0.0,0.0,1.25,1.2,0.0,0.0,0.0,0.0,0.0,0.0,5.0,0.0,1.25,6.25,0.0,0.0,0.0,0.0,0.0,5.0,0.0,0.0,,,,,,,,,,,,,,,,,
Artur,br BRA,MF,Houston Dynamo,29-268,1996,33,32,2850,31.7,0.03,0.0,0.03,0.03,0.0,0.0,0.16,0.03,0.01,0.01,0.01,0.02,0.44,5.3,0.85,0.03,0.02,0.02,Matches,2025,31.7,54.0,61.5,87.8,873.4,263.2,0.0,0.03,-0.01,0.28,4.67,0.54,0.09,0.03,0.35,0.06,18.2,0.35,0.06,0.09,0.5,27.6,0.0,0.0,0.0,0.03,0.02,0.02,69.8,3.0,19.0,41.9,9.5,0.19,69.8,0.63,58.8,0.35,32.4,40.6,0.03,0.66,0.5,48.9,1.8,0.98,48.9,0.73,1.1,0.79,1.36,3.15,1.2,0.09,1.58,1.58,0.0,0.06,0.0,0.06,0.06,0.03,1.29,0.85,0.0,0.41,1.36,0.98,0.0,0.0,0.0,5.65,0.41,44.8,,,,,,,,,,,,,,,,,
Joshua Atencio,us USA,MF,Colorado Rapids,23-307,2002,27,23,1771,19.7,0.0,0.0,0.0,0.0,0.0,0.0,0.1,0.0,0.05,0.05,0.06,0.11,0.96,5.84,1.42,0.0,0.11,0.11,Matches,2025,19.7,44.0,54.3,81.0,701.0,261.4,0.0,0.07,-0.06,0.56,6.75,0.56,0.0,0.0,0.66,0.0,0.0,0.66,0.0,0.0,,19.0,0.0,0.0,0.0,0.07,-0.05,-0.05,65.4,2.49,14.4,38.6,13.5,0.86,65.4,0.56,68.8,0.2,25.0,33.5,0.0,1.27,0.61,39.6,2.64,1.42,54.4,1.32,1.62,1.52,1.47,4.11,1.37,0.0,1.88,1.88,0.0,0.0,0.0,0.05,0.05,0.0,0.96,0.41,0.0,0.51,1.47,1.42,0.0,0.0,0.05,6.24,0.96,48.7,,,,,,,,,,,,,,,,,
Eduard Atuesta,co COL,MF,Orlando City,28-169,1997,28,25,2268,25.2,0.0,0.24,0.24,0.0,0.0,0.0,0.24,0.0,0.09,0.09,0.2,0.29,0.99,6.79,2.34,0.24,0.29,0.29,Matches,2025,25.2,49.2,57.5,85.6,825.0,285.8,0.24,0.15,0.04,2.14,6.67,1.07,0.0,0.0,1.11,0.24,21.4,1.11,0.24,0.0,0.0,21.6,0.0,0.0,0.0,0.08,-0.09,-0.09,68.1,2.42,14.6,37.1,16.9,1.27,68.1,0.83,41.2,0.99,49.0,40.6,0.32,1.55,1.39,50.0,1.55,0.83,39.1,1.11,1.03,0.79,0.87,2.42,1.23,0.08,4.09,4.09,0.08,0.12,0.04,0.6,0.6,0.0,2.06,1.67,0.08,1.51,0.87,0.83,0.04,0.0,0.0,5.63,1.03,54.2,,,,,,,,,,,,,,,,,
Julián Aude,ar ARG,DF,LA Galaxy,22-255,2003,28,11,1221,13.6,0.0,0.0,0.0,0.0,0.0,0.0,0.22,0.0,0.02,0.02,0.07,0.09,2.06,6.03,6.84,0.0,0.09,0.09,Matches,2025,13.6,59.9,68.9,87.0,933.9,249.6,0.0,0.07,-0.07,0.88,5.81,1.18,0.51,0.0,0.29,0.07,25.0,0.29,0.07,0.0,0.0,18.2,0.0,0.0,0.0,0.07,-0.02,-0.02,80.5,3.82,21.3,37.6,22.2,0.96,80.5,1.47,57.1,1.03,40.0,42.9,0.22,0.96,0.51,54.9,2.65,1.62,51.1,1.62,1.1,0.88,0.96,3.6,2.79,0.07,2.13,2.14,0.0,0.07,0.15,0.07,0.07,0.0,1.4,1.62,0.07,2.06,0.96,1.62,0.0,0.0,0.07,4.63,1.18,61.5,,,,,,,,,,,,,,,,,
Tomás Avilés,ar ARG,DF,Inter Miami,21-304,2004,25,15,1195,13.3,0.15,0.0,0.15,0.15,0.0,0.0,0.38,0.15,0.05,0.05,0.0,0.05,0.75,3.31,0.15,0.15,0.05,0.05,Matches,2025,13.3,68.9,75.4,91.3,1362.9,423.8,0.0,0.02,0.0,0.0,3.08,0.23,0.08,0.15,0.3,0.15,50.0,0.3,0.15,0.5,1.0,19.2,0.0,0.0,0.0,0.15,0.11,0.11,84.7,6.92,41.6,41.5,2.03,0.15,84.7,0.08,25.0,0.23,75.0,56.2,0.0,0.53,0.15,64.5,2.26,0.9,62.5,0.68,1.2,0.68,1.28,3.53,2.41,0.08,0.53,0.53,0.0,0.0,0.0,0.15,0.15,0.08,1.05,0.08,0.0,0.3,1.28,0.9,0.0,0.0,0.0,5.11,0.68,45.0,,,,,,,,,,,,,,,,,
Chidozie Awaziem,ng NGA,DF,Colorado Rapids,28-337,1997,20,20,1773,19.7,0.0,0.05,0.05,0.0,0.0,0.0,0.3,0.0,0.07,0.07,0.05,0.11,0.36,2.99,0.2,0.05,0.11,0.11,Matches,2025,19.7,41.0,48.5,84.6,798.7,311.7,0.05,0.04,0.01,0.41,2.79,0.0,0.0,0.0,0.66,0.1,15.4,0.66,0.1,0.0,0.0,11.9,0.05,0.0,0.0,0.1,-0.07,-0.07,58.7,8.38,29.7,27.1,2.13,1.27,58.7,0.3,100.0,0.0,0.0,32.3,0.0,0.46,0.1,35.6,1.27,0.66,63.6,0.41,0.66,0.41,1.12,2.39,5.23,0.1,0.66,0.66,0.0,0.0,0.0,0.05,0.05,0.0,1.02,0.76,0.0,0.0,1.12,0.66,0.0,0.0,0.0,4.77,1.52,50.8,,,,,,,,,,,,,,,,,
Obafemi Awodesu,us USA,DF,Houston Dynamo,24-243,2001,24,17,1546,17.2,0.06,0.0,0.06,0.06,0.0,0.0,0.17,0.06,0.03,0.03,0.01,0.04,0.12,1.86,0.23,0.06,0.04,0.04,Matches,2025,17.2,48.4,55.2,87.7,820.3,289.8,0.0,0.02,-0.01,0.12,2.33,0.12,0.0,0.06,0.17,0.06,33.3,0.17,0.06,0.33,1.0,8.0,0.0,0.0,0.0,0.17,0.03,0.03,68.0,11.2,41.7,24.3,2.21,0.76,68.0,0.23,100.0,0.0,0.0,38.5,0.06,0.29,0.17,44.4,0.99,0.47,81.8,0.12,1.16,0.7,0.93,1.92,8.14,0.0,0.35,0.35,0.0,0.06,0.0,0.0,0.0,0.0,1.22,0.81,0.06,0.0,0.93,0.47,0.0,0.06,0.0,3.26,1.74,73.2,,,,,,,,,,,,,,,,,
David Ayala,ar ARG,MF,Portland Timbers,23-131,2002,33,32,2624,29.2,0.07,0.03,0.1,0.07,0.0,0.0,0.14,0.0,0.06,0.06,0.04,0.1,0.51,6.61,0.82,0.1,0.1,0.1,Matches,2025,29.2,56.0,63.9,87.6,1108.7,292.8,0.03,0.05,-0.0,0.55,6.88,0.38,0.0,0.07,1.13,0.21,18.2,1.13,0.21,0.06,0.33,18.9,0.0,0.0,0.0,0.05,0.01,0.01,74.9,2.95,18.7,46.3,10.5,1.13,74.9,0.75,64.7,0.34,29.4,46.8,0.07,1.03,0.62,53.4,3.01,1.92,70.5,0.62,1.2,0.96,1.64,4.66,1.85,0.0,1.68,1.68,0.07,0.07,0.14,0.07,0.07,0.0,1.23,1.1,0.0,0.48,1.64,1.92,0.0,0.0,0.0,5.96,0.92,56.3,,,,,,,,,,,,,,,,,
Dominique Badji,sn SEN,"FW,MF",D.C. United,33-049,1992,21,6,748,8.3,0.12,0.0,0.12,0.12,0.0,0.0,0.36,0.0,0.3,0.3,0.04,0.33,1.08,1.08,6.51,0.12,0.33,0.33,Matches,2025,8.3,13.0,20.2,64.3,181.0,24.0,0.0,0.06,-0.04,0.6,0.72,0.0,0.0,0.12,1.93,0.84,43.8,1.93,0.84,0.06,0.14,12.6,0.0,0.0,0.0,0.16,-0.18,-0.18,28.2,0.96,2.05,10.8,15.7,3.13,28.2,0.12,14.3,0.6,71.4,16.0,0.48,2.29,1.08,22.5,0.36,0.24,100.0,0.0,0.12,0.0,0.0,0.36,1.08,0.0,1.2,1.2,0.0,0.12,0.0,0.0,0.0,0.0,2.29,2.17,0.6,0.72,0.0,0.24,0.0,0.0,0.0,2.05,4.7,50.0,,,,,,,,,,,,,,,,,
Jeevan Badwal,ca CAN,"MF,FW",Vancouver W'caps,19-268,2006,25,9,896,10.0,0.1,0.2,0.3,0.1,0.0,0.0,0.1,0.0,0.08,0.08,0.13,0.21,1.0,2.8,3.0,0.3,0.21,0.21,Matches,2025,10.0,29.7,33.5,88.7,453.6,83.7,0.2,0.06,0.07,0.5,1.7,1.0,0.2,0.1,0.7,0.5,71.4,0.7,0.5,0.14,0.2,13.1,0.0,0.0,0.0,0.11,0.02,0.02,42.1,1.0,7.6,21.3,13.5,1.2,42.1,0.6,35.3,0.9,52.9,24.0,0.0,1.2,0.3,27.7,1.8,0.9,44.4,1.0,0.9,0.7,1.5,3.3,0.6,0.0,2.1,2.1,0.0,0.3,0.2,0.5,0.5,0.0,1.4,1.9,0.0,0.8,1.5,0.9,0.0,0.0,0.0,3.5,0.7,36.8,,,,,,,,,,,,,,,,,
Corey Baird,us USA,FW,San Diego FC,29-308,1996,5,3,263,2.9,0.0,0.0,0.0,0.0,0.0,0.0,0.0,0.0,0.07,0.07,0.03,0.1,1.03,2.07,5.17,0.0,0.11,0.11,Matches,2025,2.9,21.7,27.6,78.8,294.8,74.8,0.0,0.03,-0.03,0.69,2.41,0.69,0.0,0.0,1.03,0.0,0.0,1.03,0.0,0.0,,19.1,0.0,0.0,0.0,0.07,-0.07,-0.07,34.8,1.38,4.83,15.5,14.5,2.41,34.8,0.0,0.0,0.34,100.0,17.2,0.34,2.07,0.34,26.2,0.0,0.0,0.0,0.69,0.69,0.34,0.0,0.0,1.03,0.0,1.38,1.37,0.0,0.0,0.0,0.0,0.0,0.0,0.69,1.38,0.34,0.69,0.0,0.0,0.0,0.0,0.0,1.38,0.34,25.0,,,,,,,,,,,,,,,,,
Corey Baird,us USA,"FW,MF",FC Cincinnati,29-308,1996,18,3,422,4.7,0.0,0.0,0.0,0.0,0.0,0.0,0.85,0.0,0.19,0.19,0.11,0.3,2.98,2.55,6.17,0.0,0.3,0.3,Matches,2025,4.7,30.2,37.7,80.2,421.3,94.7,0.0,0.15,-0.11,1.49,0.85,1.06,0.21,0.0,1.7,0.64,37.5,1.71,0.64,0.0,0.0,13.7,0.0,0.0,0.0,0.11,-0.19,-0.19,47.0,0.85,5.32,22.6,19.4,3.62,47.0,0.43,33.3,0.85,66.7,26.2,0.85,1.91,1.7,33.2,1.28,1.06,37.5,1.06,0.43,0.43,0.21,1.49,0.85,0.0,2.98,2.99,0.0,0.0,0.0,0.43,0.43,0.0,0.85,1.28,0.21,1.06,0.21,1.06,0.0,0.0,0.0,4.89,1.49,50.0,,,,,,,,,,,,,,,,,
Cody Baker,us USA,"DF,MF",Seattle Sounders,21-331,2004,3,1,117,1.3,0.0,0.0,0.0,0.0,0.0,0.0,0.0,0.0,0.0,0.0,0.0,0.0,1.54,2.31,0.0,0.0,0.0,0.0,Matches,2025,1.3,60.8,68.5,88.8,1010.0,343.1,0.0,0.0,0.0,0.0,3.85,0.0,0.0,0.0,0.0,0.0,,0.0,0.0,,,,0.0,0.0,0.0,,0.0,0.0,78.5,4.62,29.2,41.5,7.69,0.0,78.5,0.0,,0.0,,41.5,0.0,0.0,0.77,54.6,1.54,1.54,100.0,0.0,1.54,0.77,0.77,2.31,3.08,0.0,0.77,0.77,0.0,0.0,0.0,0.0,0.0,0.0,0.0,0.0,0.0,0.0,0.77,1.54,0.0,0.0,0.77,6.15,0.77,100.0,,,,,,,,,,,,,,,,,
Reed Baker-Whiting,us USA,DF,Seattle Sounders,20-248,2005,14,6,544,6.0,0.0,0.17,0.17,0.0,0.0,0.0,0.83,0.17,0.02,0.02,0.28,0.3,1.5,4.5,5.83,0.17,0.31,0.31,Matches,2025,6.0,47.7,57.3,83.1,754.3,203.2,0.17,0.18,-0.12,1.5,3.33,1.83,1.17,0.0,0.5,0.17,33.3,0.5,0.17,0.0,0.0,18.7,0.0,0.0,0.0,0.04,-0.02,-0.02,73.7,4.5,22.0,31.2,21.7,1.17,73.7,0.67,40.0,0.83,50.0,39.8,0.33,2.17,0.83,44.5,2.83,1.17,55.6,1.33,2.17,1.83,1.33,4.17,4.67,0.0,2.0,1.98,0.0,0.17,0.0,0.17,0.17,0.17,2.67,0.5,0.17,3.33,1.33,1.17,0.0,0.17,0.0,4.67,1.0,60.0,,,,,,,,,,,,,,,,,
Monsef Bakrar,dz ALG,"FW,MF",NYCFC,24-325,2001,21,5,601,6.7,0.3,0.0,0.3,0.3,0.0,0.0,0.15,0.0,0.28,0.28,0.06,0.36,0.6,1.34,7.61,0.3,0.35,0.35,Matches,2025,6.7,14.5,20.4,70.8,185.2,41.8,0.0,0.09,-0.06,0.9,1.04,0.6,0.0,0.3,2.84,0.75,26.3,2.85,0.75,0.11,0.4,15.9,0.0,0.0,0.0,0.1,0.01,0.01,36.4,2.09,5.07,13.0,19.0,4.93,36.4,0.45,18.8,1.79,75.0,19.4,0.3,3.73,1.64,23.1,1.19,0.75,50.0,0.9,0.6,0.6,0.6,1.79,2.09,0.0,2.24,2.25,0.0,0.15,0.0,0.0,0.0,0.0,2.24,1.79,0.0,0.15,0.6,0.75,0.0,0.0,0.0,3.73,2.69,47.4,,,,,,,,,,,,,,,,,
Alexandru Băluță,ro ROU,"MF,FW",LAFC,32-082,1993,1,0,15,0.2,0.0,0.0,0.0,0.0,0.0,0.0,0.0,0.0,2.5,2.5,0.0,2.5,10.0,0.0,15.0,0.0,2.98,2.98,Matches,2025,0.2,25.0,25.0,100.0,270.0,50.0,0.0,0.0,0.0,0.0,0.0,0.0,0.0,0.0,10.0,5.0,50.0,12.0,6.0,0.0,0.0,25.4,0.0,0.0,0.0,0.25,-2.5,-2.5,40.0,0.0,0.0,15.0,30.0,5.0,40.0,0.0,,0.0,,35.0,5.0,0.0,0.0,35.0,0.0,0.0,,0.0,0.0,0.0,0.0,0.0,0.0,0.0,5.0,6.0,0.0,0.0,0.0,0.0,0.0,0.0,10.0,0.0,5.0,0.0,0.0,0.0,0.0,0.0,0.0,5.0,0.0,,,,,,,,,,,,,,,,,,
Jonathan Bamba,ci CIV,FW,Chicago Fire,29-253,1996,34,32,2456,27.3,0.18,0.15,0.33,0.18,0.0,0.0,0.11,0.0,0.22,0.22,0.19,0.4,4.14,4.29,7.84,0.33,0.4,0.4,Matches,2025,27.3,29.0,36.3,79.9,446.0,125.2,0.15,0.18,-0.04,1.83,2.71,1.98,0.22,0.18,2.09,0.88,42.1,2.09,0.88,0.09,0.21,18.3,0.04,0.0,0.0,0.1,-0.03,-0.03,48.4,0.88,7.18,21.6,20.7,4.43,48.4,1.32,38.3,1.94,56.4,32.1,1.32,2.56,1.68,37.1,0.77,0.48,45.2,0.62,0.88,0.84,0.73,1.5,0.77,0.07,4.14,4.14,0.18,0.26,0.04,0.48,0.48,0.0,0.95,2.09,0.33,1.5,0.73,0.48,0.0,0.04,0.0,4.91,0.48,46.4,,,,,,,,,,,,,,,,,
Fidel Barajas,mx MEX,FW,D.C. United,19-243,2006,4,0,38,0.4,0.0,0.0,0.0,0.0,0.0,0.0,0.0,0.0,0.0,0.0,0.25,0.25,0.0,7.5,25.0,0.0,0.2,0.2,Matches,2025,0.4,52.5,62.5,84.0,630.0,157.5,0.0,0.25,-0.25,5.0,0.0,5.0,0.0,0.0,0.0,0.0,,0.0,0.0,,,,0.0,0.0,0.0,,0.0,0.0,80.0,0.0,2.5,17.5,60.0,5.0,80.0,0.0,0.0,2.5,100.0,52.5,0.0,5.0,5.0,62.5,5.0,5.0,50.0,2.5,0.0,0.0,0.0,5.0,0.0,0.0,7.5,7.11,0.0,0.0,0.0,0.0,0.0,0.0,0.0,2.5,0.0,7.5,0.0,5.0,0.0,0.0,0.0,7.5,0.0,,,,,,,,,,,,,,,,,,
Jesús Barea,es ESP,FW,Real Salt Lake,23-220,2002,11,1,263,2.9,0.0,0.0,0.0,0.0,0.0,0.0,0.0,0.0,0.55,0.55,0.03,0.59,0.69,2.76,4.83,0.0,0.6,0.6,Matches,2025,2.9,22.8,28.3,80.5,313.1,46.9,0.0,0.03,-0.03,1.38,0.69,0.34,0.0,0.0,3.79,1.72,45.5,3.76,1.71,0.0,0.0,11.5,0.0,0.0,0.0,0.15,-0.55,-0.55,45.2,1.03,3.45,19.7,23.1,4.83,45.2,1.03,42.9,1.38,57.1,26.9,0.0,5.86,4.48,30.7,1.72,1.38,50.0,0.34,0.69,0.34,0.0,1.72,0.69,0.0,3.79,3.76,0.0,1.03,0.0,0.0,0.0,0.0,0.69,4.83,0.34,0.34,0.0,1.38,0.0,0.0,0.0,4.83,0.34,16.7,,,,,,,,,,,,,,,,,
Tai Baribo,il ISR,FW,Philadelphia Union,27-323,1998,29,20,1867,20.7,0.77,0.1,0.87,0.72,0.05,0.05,0.34,0.0,0.66,0.62,0.11,0.73,0.53,1.69,5.31,0.82,0.77,0.73,Matches,2025,20.7,19.8,25.8,76.4,260.2,40.3,0.1,0.05,-0.01,1.06,1.45,0.34,0.0,0.77,2.61,1.06,40.7,2.6,1.06,0.28,0.68,10.9,0.0,0.05,0.05,0.24,0.11,0.1,37.6,0.34,2.03,18.4,17.5,4.93,37.6,0.53,50.0,0.53,50.0,19.2,0.29,2.75,1.11,25.4,0.72,0.48,25.0,0.58,1.26,1.26,0.29,1.01,0.34,0.0,2.17,2.17,0.05,0.1,0.0,0.19,0.19,0.0,1.55,0.82,0.58,0.1,0.29,0.48,0.0,0.0,0.0,2.95,1.64,34.0,,,,,,,,,,,,,,,,,
Tom Barlow,us USA,"FW,MF",Chicago Fire,30-149,1995,22,1,373,4.1,0.73,0.0,0.73,0.73,0.0,0.0,0.24,0.0,0.37,0.37,0.05,0.41,0.49,1.46,3.9,0.72,0.4,0.4,Matches,2025,4.1,10.5,18.5,56.6,159.0,36.6,0.0,0.02,-0.05,0.73,0.98,0.73,0.24,0.73,1.95,0.98,50.0,1.93,0.97,0.38,0.75,11.7,0.0,0.0,0.0,0.18,0.37,0.37,30.5,1.71,3.41,12.7,14.4,3.41,30.5,0.0,0.0,1.22,100.0,15.1,0.24,3.17,1.22,20.0,0.73,0.73,,0.0,0.98,0.73,0.24,0.98,1.46,0.0,1.46,1.45,0.0,0.24,0.0,0.24,0.24,0.0,2.68,0.98,0.98,0.49,0.24,0.73,0.0,0.24,0.0,1.71,1.71,35.0,,,,,,,,,,,,,,,,,
Leonardo Barroso,pt POR,DF,Chicago Fire,20-175,2005,19,11,1045,11.6,0.09,0.09,0.17,0.09,0.0,0.0,0.09,0.0,0.04,0.04,0.07,0.11,2.16,3.19,3.88,0.17,0.11,0.11,Matches,2025,11.6,33.4,43.4,77.1,521.2,161.1,0.09,0.03,0.02,0.69,2.33,0.6,0.0,0.09,0.95,0.34,36.4,0.95,0.34,0.09,0.25,20.9,0.0,0.0,0.0,0.04,0.04,0.04,56.5,3.28,18.9,23.7,14.8,1.29,56.5,1.9,57.9,1.21,36.8,27.2,0.17,2.59,0.52,30.6,3.36,2.84,65.4,0.78,0.78,0.78,0.52,3.88,2.84,0.17,1.64,1.64,0.09,0.0,0.0,0.34,0.34,0.0,0.6,0.86,0.0,1.55,0.52,2.84,0.0,0.0,0.0,4.74,0.26,21.4,,,,,,,,,,,,,,,,,
Jacob Bartlett,us USA,MF,Sporting KC,20-058,2005,30,22,1935,21.5,0.0,0.05,0.05,0.0,0.0,0.0,0.37,0.0,0.01,0.01,0.05,0.06,0.28,3.02,0.37,0.05,0.06,0.06,Matches,2025,21.5,45.5,53.4,85.3,879.1,234.7,0.05,0.11,0.0,0.65,4.37,0.05,0.05,0.0,0.19,0.0,0.0,0.19,0.0,0.0,,19.7,0.0,0.0,0.0,0.05,-0.01,-0.01,63.2,3.86,15.4,36.5,11.7,0.37,63.2,0.14,37.5,0.14,37.5,32.4,0.0,0.65,0.37,39.9,1.63,0.98,44.0,0.65,1.21,0.6,1.4,3.02,2.14,0.05,1.58,1.58,0.0,0.0,0.05,0.14,0.14,0.0,1.3,0.7,0.0,2.05,1.4,0.98,0.0,0.05,0.05,3.35,0.23,26.3,,,,,,,,,,,,,,,,,
Lucas Bartlett,us USA,DF,D.C. United,28-131,1997,30,29,2603,28.9,0.0,0.0,0.0,0.0,0.0,0.0,0.21,0.0,0.04,0.04,0.05,0.09,0.28,1.87,0.31,0.0,0.09,0.09,Matches,2025,28.9,41.3,49.5,83.5,801.9,319.1,0.0,0.04,-0.05,0.38,1.83,0.17,0.03,0.0,0.38,0.1,27.3,0.38,0.1,0.0,0.0,11.9,0.0,0.0,0.0,0.1,-0.04,-0.04,61.8,10.5,39.5,19.2,3.39,1.59,61.8,0.1,100.0,0.0,0.0,32.0,0.0,0.55,0.24,37.7,1.28,0.66,73.3,0.28,1.42,0.45,1.21,2.49,6.82,0.07,0.69,0.69,0.0,0.0,0.0,0.03,0.03,0.0,1.21,0.55,0.07,0.1,1.21,0.66,0.0,0.07,0.03,4.05,3.08,64.5,,,,,,,,,,,,,,,,,
Ethan Bartlow,us USA,DF,Houston Dynamo,25-305,2000,22,14,1326,14.7,0.0,0.14,0.14,0.0,0.0,0.0,0.14,0.0,0.08,0.08,0.06,0.14,0.68,4.22,0.41,0.14,0.14,0.14,Matches,2025,14.7,43.3,53.4,81.1,815.1,347.4,0.14,0.05,0.07,0.34,5.58,0.27,0.0,0.0,0.68,0.14,20.0,0.68,0.14,0.0,0.0,14.4,0.0,0.0,0.0,0.12,-0.08,-0.08,64.0,7.82,29.6,29.4,5.31,1.16,64.0,0.41,85.7,0.07,14.3,35.5,0.07,0.2,0.14,43.7,1.29,0.75,81.3,0.2,1.16,0.54,0.27,1.56,6.46,0.07,1.16,1.15,0.07,0.0,0.07,0.14,0.14,0.0,0.82,0.48,0.0,0.88,0.27,0.75,0.0,0.0,0.0,2.65,1.97,64.4,,,,,,,,,,,,,,,,,
Cole Bassett,us USA,"MF,FW",Colorado Rapids,24-129,2001,28,25,2196,24.4,0.12,0.12,0.25,0.08,0.04,0.04,0.16,0.0,0.21,0.18,0.14,0.32,2.87,5.16,4.55,0.2,0.35,0.32,Matches,2025,24.4,38.9,48.9,79.5,648.7,196.6,0.12,0.2,-0.02,1.27,4.3,1.31,0.33,0.12,1.72,0.57,33.3,1.72,0.57,0.05,0.14,17.8,0.12,0.04,0.04,0.1,-0.09,-0.1,59.0,1.76,8.69,30.3,20.3,2.91,59.0,0.7,39.5,1.02,58.1,34.3,0.53,1.35,0.7,41.9,1.19,0.7,35.0,1.07,1.11,1.02,0.16,1.35,1.07,0.0,3.24,3.24,0.04,0.04,0.08,0.41,0.41,0.0,0.78,0.82,0.0,2.79,0.16,0.7,0.0,0.0,0.0,3.4,0.82,60.6,,,,,,,,,,,,,,,,,
Sam Bassett,us USA,"FW,MF",Colorado Rapids,22-235,2003,12,3,339,3.8,0.0,0.26,0.26,0.0,0.0,0.0,0.26,0.0,0.26,0.26,0.13,0.39,1.32,2.37,5.53,0.27,0.4,0.4,Matches,2025,3.8,27.1,35.8,75.7,328.7,96.6,0.26,0.05,0.13,0.53,2.37,0.0,0.0,0.0,1.05,0.0,0.0,1.06,0.0,0.0,,12.1,0.0,0.0,0.0,0.26,-0.26,-0.26,44.2,0.53,5.53,21.8,17.6,2.37,44.2,0.53,50.0,0.53,50.0,28.9,0.26,1.32,1.05,31.8,2.37,1.58,54.5,1.32,0.26,0.26,0.53,2.89,1.05,0.0,1.84,1.86,0.0,0.26,0.0,0.26,0.27,0.0,1.05,0.79,0.0,0.79,0.53,1.58,0.0,0.26,0.0,4.74,0.26,20.0,,,,,,,,,,,,,,,,,
Amine Bassi,fr FRA,"MF,FW",Houston Dynamo,28-007,1997,29,20,1749,19.4,0.1,0.15,0.26,0.1,0.0,0.0,0.21,0.0,0.11,0.11,0.2,0.31,1.86,6.34,6.6,0.26,0.31,0.31,Matches,2025,19.4,47.5,54.6,87.1,668.2,177.3,0.15,0.16,-0.05,2.27,4.18,1.39,0.15,0.1,0.88,0.21,23.5,0.87,0.21,0.12,0.5,19.8,0.05,0.0,0.0,0.12,-0.01,-0.01,62.0,0.15,5.67,32.9,23.8,2.27,62.0,0.46,42.9,0.57,52.4,40.0,0.31,2.11,0.98,49.4,1.08,0.67,38.1,0.67,0.67,0.67,0.82,1.91,0.31,0.0,3.76,3.76,0.0,0.21,0.05,0.26,0.26,0.0,1.86,1.86,0.41,1.96,0.82,0.67,0.0,0.0,0.0,3.76,0.26,21.7,,,,,,,,,,,,,,,,,
Zorhan Bassong,ca CAN,"MF,DF",Sporting KC,26-211,1999,25,18,1665,18.5,0.05,0.0,0.05,0.05,0.0,0.0,0.43,0.0,0.03,0.03,0.08,0.1,1.3,6.54,2.81,0.05,0.1,0.1,Matches,2025,18.5,46.3,53.8,85.9,755.6,228.6,0.0,0.11,-0.08,0.7,6.22,1.14,0.32,0.05,0.54,0.22,40.0,0.54,0.22,0.1,0.25,18.0,0.0,0.0,0.0,0.05,0.03,0.03,63.4,2.16,12.2,36.0,16.1,0.76,63.4,0.49,64.3,0.22,28.6,33.6,0.16,1.24,0.49,44.5,2.05,1.14,50.0,0.7,1.24,0.7,1.08,3.14,1.62,0.05,2.0,2.0,0.0,0.0,0.0,0.16,0.16,0.0,2.05,0.81,0.05,1.24,1.08,1.14,0.0,0.05,0.0,4.86,0.97,60.0,,,,,,,,,,,,,,,,,
Andy Batioja,co COL,FW,Houston Dynamo,19-307,2006,1,0,10,0.1,0.0,0.0,0.0,0.0,0.0,0.0,0.0,0.0,0.0,0.0,0.0,0.0,0.0,0.0,10.0,0.0,0.0,0.0,Matches,2025,0.1,40.0,50.0,80.0,390.0,10.0,0.0,0.0,0.0,0.0,0.0,0.0,0.0,0.0,0.0,0.0,,0.0,0.0,,,,0.0,0.0,0.0,,0.0,0.0,50.0,0.0,0.0,10.0,40.0,0.0,50.0,10.0,100.0,0.0,0.0,30.0,0.0,0.0,0.0,50.0,0.0,0.0,,0.0,0.0,0.0,0.0,0.0,0.0,0.0,0.0,0.0,0.0,0.0,0.0,0.0,0.0,0.0,0.0,0.0,0.0,10.0,0.0,0.0,0.0,0.0,0.0,0.0,0.0,,,,,,,,,,,,,,,,,,
Josh Bauer,us USA,DF,Nashville SC,27-135,1998,24,9,844,9.4,0.21,0.21,0.43,0.21,0.0,0.0,0.0,0.0,0.07,0.07,0.1,0.17,1.06,4.36,4.04,0.43,0.17,0.17,Matches,2025,9.4,42.6,53.4,79.7,723.7,261.8,0.21,0.11,0.12,1.17,2.87,0.85,0.11,0.21,0.85,0.32,37.5,0.85,0.32,0.25,0.67,11.6,0.0,0.0,0.0,0.09,0.14,0.14,66.1,4.79,25.2,25.3,15.6,2.66,66.1,0.11,14.3,0.64,85.7,31.1,0.11,0.85,0.64,38.7,1.7,0.74,63.6,0.43,0.96,0.53,0.85,2.55,4.79,0.0,2.02,2.03,0.0,0.0,0.0,0.32,0.32,0.0,0.74,0.96,0.0,1.28,0.85,0.74,0.0,0.0,0.0,3.09,1.81,58.6,,,,,,,,,,,,,,,,,
Timo Baumgartl,de GER,DF,St. Louis,29-275,1996,22,20,1754,19.5,0.0,0.05,0.05,0.0,0.0,0.0,0.21,0.0,0.06,0.06,0.02,0.08,0.26,2.56,0.21,0.05,0.08,0.08,Matches,2025,19.5,47.5,53.7,88.4,884.8,395.6,0.05,0.05,0.03,0.36,2.1,0.26,0.05,0.0,0.51,0.05,10.0,0.51,0.05,0.0,0.0,10.1,0.0,0.0,0.0,0.11,-0.06,-0.06,64.0,12.8,38.9,22.5,2.82,1.18,64.0,0.0,0.0,0.1,100.0,37.4,0.0,0.21,0.15,42.0,1.74,0.97,76.0,0.31,1.85,0.72,0.82,2.56,4.36,0.05,0.82,0.82,0.0,0.05,0.0,0.15,0.15,0.0,1.08,0.21,0.0,0.21,0.82,0.97,0.0,0.05,0.0,3.23,1.38,61.4,,,,,,,,,,,,,,,,,
Tanner Beason,us USA,DF,NE Revolution,28-256,1997,27,22,1946,21.6,0.0,0.05,0.05,0.0,0.0,0.0,0.05,0.0,0.0,0.0,0.01,0.02,0.19,2.45,0.51,0.05,0.02,0.02,Matches,2025,21.6,37.3,45.9,81.2,709.2,289.1,0.05,0.03,0.03,0.19,2.87,0.14,0.14,0.0,0.14,0.09,66.7,0.14,0.09,0.0,0.0,10.8,0.0,0.0,0.0,0.04,-0.0,-0.0,58.3,7.18,31.2,23.9,3.43,0.42,58.3,0.09,40.0,0.14,60.0,30.0,0.0,0.42,0.05,38.4,2.36,1.48,57.4,0.93,1.67,0.42,0.97,3.33,5.83,0.05,0.6,0.6,0.05,0.0,0.05,0.14,0.14,0.0,0.37,0.79,0.0,0.56,0.97,1.48,0.0,0.0,0.0,2.31,1.57,57.6,,,,,,,,,,,,,,,,,
Simon Becher,us USA,"FW,MF",St. Louis,26-137,1999,32,11,1249,13.9,0.22,0.14,0.36,0.22,0.0,0.0,0.29,0.0,0.61,0.61,0.19,0.8,1.87,1.73,7.19,0.36,0.8,0.8,Matches,2025,13.9,13.5,20.3,66.3,186.3,40.9,0.14,0.09,-0.04,1.15,1.15,0.58,0.07,0.22,3.09,1.29,41.9,3.1,1.3,0.07,0.17,12.5,0.0,0.0,0.0,0.2,-0.4,-0.4,33.5,1.15,4.53,13.5,15.9,5.54,33.5,0.94,43.3,1.22,56.7,19.1,1.08,3.24,1.94,22.9,0.5,0.43,36.4,0.5,0.72,0.58,0.43,0.94,1.15,0.0,3.02,3.02,0.29,0.29,0.07,0.58,0.58,0.0,1.37,2.01,0.79,0.72,0.43,0.43,0.07,0.0,0.0,2.37,2.81,41.1,,,,,,,,,,,,,,,,,
Alejandro Bedoya,us USA,"MF,DF",Philadelphia Union,38-219,1987,24,9,749,8.3,0.12,0.12,0.24,0.12,0.0,0.0,0.48,0.0,0.18,0.18,0.16,0.33,1.45,5.06,8.19,0.24,0.33,0.33,Matches,2025,8.3,35.5,48.8,72.8,547.1,212.8,0.12,0.22,-0.04,1.69,4.46,1.45,0.6,0.12,1.57,0.36,23.1,1.56,0.36,0.08,0.33,11.3,0.0,0.0,0.0,0.11,-0.06,-0.06,59.5,1.69,8.43,27.8,23.4,5.66,59.5,0.0,0.0,0.24,100.0,31.6,0.24,0.96,0.0,38.9,2.65,2.05,60.0,0.72,1.57,1.33,0.6,3.25,1.33,0.0,2.89,2.88,0.0,0.0,0.12,0.36,0.36,0.0,2.89,0.36,0.24,2.05,0.6,2.05,0.0,0.12,0.0,3.13,3.25,49.1,,,,,,,,,,,,,,,,,
Jon Bell,jm JAM,DF,Seattle Sounders,28-100,1997,21,13,1327,14.7,0.0,0.0,0.0,0.0,0.0,0.0,0.07,0.07,0.01,0.01,0.0,0.01,0.27,2.79,0.27,0.0,0.02,0.02,Matches,2025,14.7,52.4,59.4,88.3,945.8,390.1,0.0,0.03,0.0,0.07,3.74,0.2,0.0,0.0,0.2,0.0,0.0,0.2,0.0,0.0,,12.7,0.0,0.0,0.0,0.07,-0.01,-0.01,69.9,7.41,31.6,35.5,2.93,0.27,69.9,0.68,83.3,0.14,16.7,43.4,0.0,0.75,0.27,51.1,1.16,0.82,70.0,0.2,1.02,0.48,1.02,2.18,4.97,0.2,0.68,0.68,0.0,0.0,0.0,0.14,0.14,0.0,0.75,0.27,0.0,0.34,1.02,0.82,0.0,0.07,0.0,3.74,1.5,53.7,,,,,,,,,,,,,,,,,
Ben Bender,us USA,"MF,FW",Philadelphia Union,24-272,2001,7,4,321,3.6,0.0,0.0,0.0,0.0,0.0,0.0,0.83,0.0,0.06,0.06,0.11,0.17,0.56,2.78,9.44,0.0,0.16,0.16,Matches,2025,3.6,28.3,39.2,72.3,450.6,118.1,0.0,0.25,-0.11,0.56,1.94,1.67,0.83,0.0,1.39,0.0,0.0,1.4,0.0,0.0,,20.9,0.0,0.0,0.0,0.04,-0.06,-0.06,49.4,0.0,3.61,20.0,26.1,3.89,49.4,0.56,25.0,1.67,75.0,29.2,0.28,2.22,1.11,35.0,0.83,0.28,25.0,1.67,0.83,0.83,0.0,0.83,0.0,0.0,2.22,2.24,0.0,0.0,0.0,0.28,0.28,0.0,1.11,1.11,0.28,4.17,0.0,0.28,0.0,0.0,0.0,5.0,2.22,88.9,,,,,,,,,,,,,,,,,
Ramiro Benetti,br BRA,"MF,DF",FC Dallas,32-196,1993,29,27,2301,25.6,0.0,0.08,0.08,0.0,0.0,0.0,0.35,0.0,0.01,0.01,0.08,0.09,0.51,5.23,1.13,0.08,0.09,0.09,Matches,2025,25.6,41.9,51.6,81.2,645.3,258.0,0.08,0.11,-0.0,0.82,4.26,0.74,0.2,0.0,0.23,0.12,50.0,0.23,0.12,0.0,0.0,28.6,0.0,0.0,0.0,0.03,-0.01,-0.01,61.6,3.67,18.3,33.5,10.3,0.51,61.6,0.27,70.0,0.12,30.0,26.2,0.0,1.05,0.39,37.7,2.07,1.05,37.7,1.29,1.45,1.25,1.56,3.63,2.38,0.04,1.91,1.92,0.0,0.08,0.0,0.35,0.35,0.0,1.56,0.74,0.08,0.63,1.56,1.05,0.0,0.04,0.04,4.34,0.55,30.4,,,,,,,,,,,,,,,,,
Christian Benteke,be BEL,FW,D.C. United,35-001,1990,25,23,1877,20.9,0.43,0.14,0.57,0.33,0.1,0.14,0.33,0.0,0.57,0.46,0.13,0.6,1.1,2.11,4.21,0.48,0.7,0.6,Matches,2025,20.9,13.3,21.7,61.4,216.5,46.6,0.14,0.08,0.01,0.91,1.15,0.77,0.0,0.43,3.59,1.63,45.3,3.6,1.63,0.09,0.21,13.0,0.0,0.1,0.14,0.13,-0.14,-0.13,31.7,1.29,2.63,14.2,15.1,6.41,31.6,0.19,21.1,0.67,73.7,15.0,0.72,1.48,1.0,24.3,0.33,0.14,66.7,0.1,0.91,0.77,0.05,0.38,1.1,0.05,2.2,2.21,0.1,0.1,0.0,0.24,0.24,0.0,1.39,1.39,0.96,0.0,0.05,0.14,0.05,0.0,0.0,1.67,7.8,71.2,,,,,,,,,,,,,,,,,
Gustav Berggren,se SWE,MF,NY Red Bulls,28-088,1997,6,4,353,3.9,0.0,0.0,0.0,0.0,0.0,0.0,0.0,0.0,0.0,0.0,0.05,0.05,0.77,3.85,1.54,0.0,0.04,0.04,Matches,2025,3.9,40.8,46.4,87.8,722.3,181.0,0.0,0.05,-0.05,1.54,3.33,0.77,0.26,0.0,0.0,0.0,,0.0,0.0,,,,0.0,0.0,0.0,,0.0,0.0,52.8,2.05,12.3,27.7,13.3,0.0,52.8,0.51,100.0,0.0,0.0,26.7,0.0,0.26,0.77,34.4,1.54,1.28,50.0,0.51,0.77,0.51,1.28,2.82,0.77,0.0,2.31,2.29,0.0,0.0,0.0,0.26,0.25,0.0,2.31,0.0,0.0,0.51,1.28,1.28,0.0,0.0,0.0,5.9,1.03,80.0,,,,,,,,,,,,,,,,,
Sebastian Berhalter,us USA,MF,Vancouver W'caps,24-201,2001,29,25,2295,25.5,0.16,0.39,0.55,0.16,0.0,0.0,0.24,0.0,0.1,0.1,0.3,0.4,1.1,7.84,3.69,0.55,0.4,0.4,Matches,2025,25.5,52.5,67.9,77.3,1054.9,378.6,0.39,0.31,0.09,2.9,7.57,1.92,0.63,0.16,2.12,0.71,33.3,2.12,0.71,0.07,0.22,23.7,0.27,0.0,0.0,0.05,0.06,0.06,79.8,2.51,13.9,40.6,25.7,1.53,79.8,0.31,53.3,0.27,46.7,41.2,0.2,1.41,1.02,51.4,2.67,1.45,63.4,0.59,1.02,0.75,1.33,4.0,1.65,0.12,5.22,5.22,0.04,0.0,0.08,0.67,0.67,0.0,1.69,1.18,0.04,8.94,1.33,1.45,0.0,0.08,0.0,4.55,0.82,45.7,,,,,,,,,,,,,,,,,
Federico Bernardeschi,it ITA,"FW,MF",Toronto FC,31-291,1994,15,15,1298,14.4,0.28,0.21,0.49,0.21,0.07,0.07,0.35,0.0,0.26,0.2,0.26,0.47,3.89,4.31,8.54,0.42,0.52,0.47,Matches,2025,14.4,27.4,37.7,72.7,494.7,133.5,0.21,0.24,-0.06,1.74,2.01,2.36,0.56,0.28,3.26,1.04,31.9,3.26,1.04,0.06,0.2,20.8,0.14,0.07,0.07,0.06,0.02,0.01,51.0,1.32,6.11,18.1,27.8,4.31,50.9,2.36,44.7,2.92,55.3,34.7,2.36,2.36,1.6,37.8,0.76,0.49,42.9,0.28,0.49,0.42,0.14,0.9,0.49,0.07,4.03,4.02,0.49,0.14,0.0,0.42,0.42,0.0,1.25,1.25,0.35,4.93,0.14,0.49,0.0,0.0,0.0,3.06,0.28,57.1,,,,,,,,,,,,,,,,,
Juan Berrocal,es ESP,DF,Atlanta Utd,26-214,1999,10,5,577,6.4,0.0,0.0,0.0,0.0,0.0,0.0,0.0,0.0,0.03,0.03,0.0,0.03,0.16,2.19,0.0,0.0,0.03,0.03,Matches,2025,6.4,42.2,45.3,93.1,788.4,314.7,0.0,0.02,0.0,0.0,2.66,0.0,0.0,0.0,0.16,0.0,0.0,0.16,0.0,0.0,,5.2,0.0,0.0,0.0,0.16,-0.03,-0.03,55.9,10.0,33.8,21.6,0.94,0.31,55.9,0.0,,0.0,,29.8,0.0,0.47,0.0,33.9,1.56,1.09,55.6,0.63,1.25,0.16,2.19,3.75,4.69,0.0,0.78,0.78,0.0,0.0,0.0,0.16,0.16,0.0,1.56,0.16,0.0,0.0,2.19,1.09,0.0,0.16,0.0,3.91,1.41,50.0,,,,,,,,,,,,,,,,,
Miguel Berry,es ESP,FW,LA Galaxy,28-079,1997,17,7,681,7.6,0.0,0.26,0.26,0.0,0.0,0.0,0.0,0.0,0.14,0.14,0.2,0.33,0.79,1.71,4.34,0.26,0.34,0.34,Matches,2025,7.6,11.3,15.0,75.4,155.5,39.3,0.26,0.09,0.07,1.58,0.39,0.39,0.13,0.0,1.05,0.53,50.0,1.06,0.53,0.0,0.0,9.7,0.0,0.0,0.0,0.14,-0.14,-0.14,22.4,0.66,1.32,9.61,11.6,4.61,22.4,0.13,33.3,0.26,66.7,11.3,0.39,2.37,0.39,15.5,0.13,0.13,,0.0,0.26,0.26,0.26,0.39,0.53,0.0,2.5,2.52,0.13,0.13,0.0,0.26,0.27,0.0,1.71,0.66,0.0,0.26,0.26,0.13,0.0,0.0,0.0,0.79,1.71,40.6,,,,,,,,,,,,,,,,,
Pep Biel,es ESP,"MF,FW",Charlotte,29-090,1996,26,24,2006,22.3,0.45,0.49,0.94,0.45,0.0,0.0,0.18,0.0,0.3,0.3,0.48,0.78,1.75,4.75,5.65,0.94,0.78,0.78,Matches,2025,22.3,24.8,33.7,73.5,425.7,134.7,0.49,0.3,0.01,2.15,3.23,1.17,0.18,0.45,2.47,1.03,41.8,2.47,1.03,0.18,0.43,17.0,0.18,0.0,0.0,0.12,0.15,0.15,43.1,0.36,3.9,17.9,21.7,2.91,43.1,0.85,33.9,1.57,62.5,26.0,0.45,1.7,1.79,30.9,0.81,0.67,36.4,0.63,0.58,0.58,0.72,1.52,0.4,0.04,3.9,3.9,0.13,0.0,0.04,0.63,0.63,0.0,1.21,0.63,0.04,3.54,0.72,0.67,0.0,0.0,0.0,2.69,0.27,22.2,,,,,,,,,,,,,,,,,
Guilherme Biro,br BRA,DF,Austin,25-217,2000,32,31,2623,29.1,0.1,0.03,0.14,0.1,0.0,0.0,0.24,0.0,0.05,0.05,0.07,0.12,1.37,3.23,2.44,0.14,0.12,0.12,Matches,2025,29.1,39.7,48.7,81.6,671.0,225.2,0.03,0.1,-0.03,0.79,2.89,0.58,0.38,0.1,0.79,0.24,30.4,0.79,0.24,0.13,0.43,14.9,0.0,0.0,0.0,0.07,0.05,0.05,60.5,5.09,21.4,27.6,12.0,1.75,60.5,0.34,43.5,0.45,56.5,30.4,0.14,0.52,0.58,36.4,1.41,0.86,69.7,0.34,1.62,1.13,1.48,2.89,4.12,0.0,1.51,1.51,0.03,0.03,0.0,0.1,0.1,0.0,0.76,0.72,0.14,1.51,1.48,0.86,0.0,0.0,0.0,3.57,2.54,58.3,,,,,,,,,,,,,,,,,
Tristan Blackmon,us USA,DF,Vancouver W'caps,29-114,1996,25,23,2070,23.0,0.09,0.04,0.13,0.09,0.0,0.0,0.17,0.0,0.07,0.06,0.03,0.1,0.87,6.26,0.43,0.13,0.1,0.1,Matches,2025,23.0,62.5,69.7,89.6,1220.7,473.1,0.04,0.04,0.01,0.39,7.26,0.13,0.0,0.09,0.48,0.09,18.2,0.48,0.09,0.18,1.0,13.4,0.0,0.0,0.0,0.12,0.02,0.03,79.8,7.22,33.8,39.8,6.65,1.22,79.8,0.43,71.4,0.09,14.3,49.3,0.04,0.43,0.04,55.7,1.04,0.65,84.6,0.09,1.0,0.52,1.22,2.26,4.74,0.13,1.22,1.22,0.0,0.04,0.0,0.17,0.17,0.0,1.0,1.26,0.04,0.35,1.22,0.65,0.04,0.04,0.0,3.87,1.48,66.7,,,,,,,,,,,,,,,,,
Emmanuel Boateng,gh GHA,FW,San Diego FC,31-321,1994,13,0,242,2.7,0.0,0.0,0.0,0.0,0.0,0.0,1.11,0.0,0.0,0.0,0.0,0.0,2.59,2.22,6.3,0.0,0.02,0.02,Matches,2025,2.7,23.3,33.0,70.8,283.7,56.7,0.0,0.07,0.0,0.37,0.37,1.11,0.37,0.0,0.0,0.0,,0.0,0.0,,,,0.0,0.0,0.0,,0.0,0.0,43.7,2.59,8.52,14.1,21.9,2.96,43.7,1.11,60.0,0.74,40.0,25.9,0.0,1.11,1.11,31.5,2.22,1.11,33.3,0.74,0.74,0.37,1.11,3.33,0.74,0.0,1.85,1.86,0.0,0.0,0.0,0.0,0.0,0.0,2.96,0.37,0.37,2.22,1.11,1.11,0.0,0.0,0.0,2.59,0.0,0.0,,,,,,,,,,,,,,,,,
Wiktor Bogacz,pl POL,FW,NY Red Bulls,21-143,2004,19,1,317,3.5,0.29,0.29,0.57,0.29,0.0,0.0,0.29,0.0,0.14,0.14,0.2,0.34,0.86,1.71,7.71,0.57,0.36,0.36,Matches,2025,3.5,16.3,22.0,74.0,202.6,28.3,0.29,0.06,0.09,1.71,0.0,0.57,0.0,0.29,1.71,0.86,50.0,1.7,0.85,0.17,0.33,12.0,0.0,0.0,0.0,0.09,0.14,0.14,31.1,0.86,1.71,11.1,18.3,3.43,31.1,0.86,42.9,1.14,57.1,17.7,0.29,1.71,2.86,25.7,0.57,0.57,50.0,0.29,0.29,0.0,0.0,0.57,0.57,0.0,3.14,3.13,0.57,0.0,0.0,0.29,0.28,0.0,1.43,1.71,0.86,0.29,0.0,0.57,0.0,0.0,0.0,3.43,2.86,30.3,,,,,,,,,,,,,,,,,
Luca Bombino,us USA,DF,San Diego FC,19-147,2006,26,24,2122,23.6,0.04,0.08,0.13,0.04,0.0,0.0,0.21,0.0,0.05,0.05,0.11,0.16,1.61,5.64,4.49,0.13,0.16,0.16,Matches,2025,23.6,53.3,62.6,85.1,844.0,301.2,0.08,0.13,-0.02,0.76,4.32,0.93,0.38,0.04,0.72,0.17,23.5,0.72,0.17,0.06,0.25,19.5,0.0,0.0,0.0,0.07,-0.0,-0.0,73.8,2.71,22.6,36.5,15.1,1.27,73.8,0.51,44.4,0.55,48.1,38.1,0.17,1.19,0.72,47.1,2.67,1.78,60.8,0.85,0.85,0.72,1.31,3.98,3.14,0.08,1.82,1.82,0.08,0.08,0.17,0.17,0.17,0.0,1.53,1.53,0.17,1.57,1.31,1.78,0.0,0.0,0.0,3.39,0.97,56.1,,,,,,,,,,,,,,,,,
Denis Bouanga,ga GAB,FW,LAFC,31-023,1994,31,29,2654,29.5,0.81,0.24,1.05,0.58,0.24,0.27,0.1,0.0,0.74,0.53,0.26,0.79,5.9,2.92,13.1,0.81,1.0,0.79,Matches,2025,29.5,22.9,33.3,68.8,354.1,85.6,0.24,0.23,-0.02,1.59,1.32,1.59,0.17,0.81,4.54,2.03,44.8,4.54,2.03,0.13,0.28,18.4,0.41,0.24,0.27,0.12,0.07,0.05,49.9,0.71,3.42,14.2,33.6,8.44,49.6,3.05,43.7,3.66,52.4,32.1,3.9,3.76,1.76,37.3,0.75,0.41,32.1,0.64,0.54,0.51,0.17,0.92,0.54,0.0,4.75,4.75,0.78,0.41,0.07,0.71,0.71,0.0,1.76,1.12,0.47,4.51,0.17,0.41,0.17,0.03,0.0,3.32,0.75,40.7,,,,,,,,,,,,,,,,,
Ousseni Bouda,bf BFA,"FW,MF",SJ Earthquakes,25-220,2000,34,13,1329,14.8,0.2,0.07,0.27,0.2,0.0,0.0,0.27,0.0,0.31,0.31,0.18,0.49,3.31,2.97,7.5,0.27,0.49,0.49,Matches,2025,14.8,25.0,32.7,76.4,410.0,95.7,0.07,0.14,-0.11,1.35,1.08,1.22,0.47,0.2,2.77,1.15,41.5,2.78,1.15,0.07,0.18,17.8,0.0,0.0,0.0,0.11,-0.11,-0.11,47.1,1.35,6.15,18.4,23.1,4.32,47.1,1.08,39.0,1.55,56.1,29.3,0.88,2.97,2.57,33.2,1.15,0.81,50.0,0.54,1.42,1.35,0.61,1.76,0.68,0.0,3.24,3.26,0.07,0.27,0.07,0.14,0.14,0.0,1.49,2.16,0.34,3.45,0.61,0.81,0.0,0.0,0.0,4.32,0.41,23.1,,,,,,,,,,,,,,,,,
Giuseppe Bovalina,au AUS,DF,Vancouver W'caps,21-023,2004,7,2,205,2.3,0.0,0.87,0.87,0.0,0.0,0.0,0.0,0.0,0.26,0.26,0.35,0.61,1.74,1.3,6.96,0.88,0.61,0.61,Matches,2025,2.3,33.9,44.3,76.5,526.1,105.2,0.87,0.22,0.52,1.3,0.43,0.43,0.0,0.0,1.74,0.87,50.0,1.76,0.88,0.0,0.0,11.8,0.0,0.0,0.0,0.16,-0.26,-0.26,57.4,3.91,17.8,16.5,23.0,4.35,57.4,0.0,0.0,0.87,100.0,29.6,0.43,0.87,1.74,32.2,1.3,1.3,40.0,1.3,2.61,1.3,0.87,2.17,2.61,0.43,2.61,2.63,0.0,0.0,0.0,0.87,0.88,0.0,0.87,0.87,0.43,2.17,0.87,1.3,0.0,0.0,0.0,3.04,0.87,28.6,,,,,,,,,,,,,,,,,
Michael Boxall,nz NZL,DF,Minnesota Utd,37-108,1988,31,28,2651,29.5,0.03,0.03,0.07,0.03,0.0,0.0,0.17,0.0,0.03,0.03,0.04,0.06,0.27,1.05,0.37,0.07,0.07,0.07,Matches,2025,29.5,29.8,37.7,79.2,565.8,224.3,0.03,0.05,-0.0,0.34,0.61,0.24,0.1,0.03,0.17,0.03,20.0,0.17,0.03,0.2,1.0,9.1,0.0,0.0,0.0,0.17,0.01,0.01,48.5,10.4,28.5,12.6,7.66,1.05,48.5,0.1,60.0,0.07,40.0,19.3,0.03,0.58,0.07,23.6,0.71,0.41,69.2,0.14,0.98,0.27,0.75,1.46,6.44,0.0,1.08,1.09,0.0,0.03,0.0,0.14,0.14,0.0,1.08,0.71,0.1,0.34,0.75,0.41,0.0,0.1,0.0,2.34,1.93,70.4,,,,,,,,,,,,,,,,,
Tyler Boyd,us USA,MF,Nashville SC,30-339,1994,5,1,161,1.8,0.0,0.56,0.56,0.0,0.0,0.0,0.0,0.0,0.0,0.0,0.33,0.33,0.56,2.78,6.67,0.56,0.34,0.34,Matches,2025,1.8,26.7,33.3,80.0,403.9,61.7,0.56,0.22,0.22,2.22,0.56,0.0,0.0,0.0,0.0,0.0,,0.0,0.0,,,,0.0,0.0,0.0,,0.0,0.0,41.1,0.0,5.0,17.2,18.9,1.67,41.1,1.11,33.3,2.22,66.7,31.1,0.56,1.67,3.89,38.3,0.56,0.56,100.0,0.0,0.0,0.0,0.56,1.11,0.0,0.0,3.33,3.35,0.0,1.11,0.0,0.56,0.56,0.0,1.67,2.22,0.0,2.78,0.56,0.56,0.0,0.0,0.0,1.67,0.0,,,,,,,,,,,,,,,,,,
Claudio Bravo,ar ARG,DF,Portland Timbers,28-266,1997,8,3,330,3.7,0.0,0.0,0.0,0.0,0.0,0.0,0.27,0.0,0.08,0.08,0.16,0.24,1.08,4.59,2.7,0.0,0.25,0.25,Matches,2025,3.7,49.5,63.8,77.5,919.2,377.6,0.0,0.22,-0.16,1.08,4.05,1.35,0.54,0.0,0.81,0.81,100.0,0.82,0.82,0.0,0.0,10.8,0.0,0.0,0.0,0.12,-0.08,-0.08,78.6,4.32,31.4,34.9,13.0,2.16,78.6,1.08,66.7,0.27,16.7,38.6,0.54,0.27,0.27,44.3,3.78,1.89,64.3,1.35,3.51,2.7,1.89,5.68,4.59,0.0,1.89,1.91,0.0,0.0,0.0,0.0,0.0,0.0,1.62,0.81,0.0,2.97,1.89,1.89,0.0,0.27,0.0,7.3,1.08,40.0,,,,,,,,,,,,,,,,,
David Brekalo,si SVN,DF,Orlando City,27-001,1998,29,27,2402,26.7,0.04,0.07,0.11,0.04,0.0,0.0,0.19,0.0,0.12,0.12,0.05,0.17,1.01,4.34,0.75,0.11,0.17,0.17,Matches,2025,26.7,48.3,55.0,87.9,854.5,293.0,0.07,0.06,0.02,0.34,3.86,0.26,0.04,0.04,0.94,0.19,20.0,0.94,0.19,0.04,0.2,10.9,0.0,0.0,0.0,0.12,-0.08,-0.08,65.6,6.37,24.8,33.6,7.68,1.5,65.6,0.56,75.0,0.11,15.0,35.0,0.11,0.41,0.3,42.7,1.76,0.94,57.7,0.82,1.05,0.56,1.05,2.81,4.53,0.0,1.46,1.46,0.07,0.0,0.07,0.19,0.19,0.0,1.31,1.2,0.04,0.15,1.05,0.94,0.0,0.0,0.0,2.92,1.91,55.4,,,,,,,,,,,,,,,,,
Luke Brennan,us USA,"FW,MF",Atlanta Utd,20-283,2005,14,6,530,5.9,0.0,0.17,0.17,0.0,0.0,0.0,0.17,0.0,0.1,0.1,0.29,0.41,4.41,2.54,12.4,0.17,0.4,0.4,Matches,2025,5.9,20.5,27.1,75.6,320.7,73.2,0.17,0.2,-0.12,0.85,1.19,0.85,0.51,0.0,0.85,0.17,20.0,0.85,0.17,0.0,0.0,14.0,0.0,0.0,0.0,0.13,-0.1,-0.1,37.1,0.34,5.42,12.2,20.3,4.58,37.1,1.36,34.8,2.2,56.5,26.6,2.03,2.03,1.86,27.3,0.68,0.68,66.7,0.17,0.34,0.34,0.0,0.68,0.51,0.0,2.37,2.37,0.34,0.34,0.0,0.17,0.17,0.0,1.69,2.03,0.34,3.39,0.0,0.68,0.17,0.0,0.0,4.58,0.68,57.1,,,,,,,,,,,,,,,,,
Brenner,br BRA,"FW,MF",FC Cincinnati,25-322,2000,6,6,516,5.7,0.7,0.18,0.88,0.7,0.0,0.0,0.18,0.0,0.7,0.7,0.18,0.89,1.93,4.21,7.72,0.87,0.88,0.88,Matches,2025,5.7,28.6,33.2,86.2,445.4,110.0,0.18,0.14,0.0,1.4,3.86,1.05,0.18,0.7,3.16,1.58,50.0,3.14,1.57,0.22,0.44,16.6,0.0,0.0,0.0,0.22,0.0,0.0,43.0,0.18,3.33,22.1,18.4,3.51,43.0,1.05,54.5,0.88,45.5,27.2,0.35,2.11,1.23,35.6,0.88,0.53,80.0,0.18,0.53,0.53,0.18,1.05,0.18,0.0,3.33,3.31,0.18,0.0,0.0,0.7,0.7,0.0,0.35,2.46,0.18,0.35,0.18,0.53,0.0,0.0,0.0,3.16,0.18,33.3,,,,,,,,,,,,,,,,,
Yannick Bright,it ITA,MF,Inter Miami,24-092,2001,27,16,1352,15.0,0.07,0.0,0.07,0.07,0.0,0.0,0.33,0.0,0.01,0.01,0.01,0.03,0.8,4.33,1.8,0.07,0.03,0.03,Matches,2025,15.0,47.0,53.2,88.3,737.9,166.6,0.0,0.06,-0.01,0.47,3.53,0.67,0.07,0.07,0.4,0.13,33.3,0.4,0.13,0.17,0.5,22.6,0.0,0.0,0.0,0.04,0.05,0.05,66.9,2.8,15.5,38.0,14.3,0.67,66.9,0.87,41.9,0.93,45.2,36.8,0.2,1.73,0.67,44.1,3.8,2.4,48.8,1.47,2.13,1.73,1.27,5.07,2.13,0.13,1.27,1.26,0.0,0.13,0.0,0.33,0.33,0.0,1.93,2.13,0.0,0.13,1.27,2.4,0.0,0.0,0.0,6.2,0.8,37.5,,,,,,,,,,,,,,,,,
Andrew Brody,us USA,DF,Sporting KC,30-215,1995,12,6,493,5.5,0.0,0.0,0.0,0.0,0.0,0.0,0.0,0.0,0.04,0.04,0.16,0.2,2.36,3.45,6.55,0.0,0.2,0.2,Matches,2025,5.5,40.4,44.9,89.9,572.0,154.2,0.0,0.15,-0.16,1.27,2.55,1.09,0.55,0.0,0.18,0.0,0.0,0.18,0.0,0.0,,12.2,0.0,0.0,0.0,0.18,-0.04,-0.04,53.5,2.73,11.1,21.3,21.5,1.27,53.5,0.73,100.0,0.0,0.0,33.3,0.18,1.45,0.36,35.3,1.64,1.45,85.7,0.18,0.73,0.55,0.73,2.36,2.55,0.0,1.82,1.83,0.18,0.0,0.0,0.18,0.18,0.0,0.18,0.73,0.0,1.82,0.73,1.45,0.0,0.0,0.0,2.73,0.55,75.0,,,,,,,,,,,,,,,,,
Brandt Bronico,us USA,MF,Charlotte,30-167,1995,31,28,2325,25.8,0.08,0.12,0.19,0.08,0.0,0.0,0.39,0.0,0.1,0.1,0.06,0.16,1.4,4.3,2.64,0.19,0.16,0.16,Matches,2025,25.8,27.9,34.3,81.4,465.5,115.7,0.12,0.1,0.06,0.39,3.22,0.62,0.23,0.08,0.7,0.16,22.2,0.7,0.15,0.11,0.5,15.5,0.0,0.0,0.0,0.16,-0.03,-0.03,42.7,2.05,10.1,22.4,10.6,1.67,42.7,0.47,46.2,0.5,50.0,23.2,0.19,0.97,0.58,27.1,1.55,1.12,48.5,0.66,1.12,0.66,1.16,2.71,1.47,0.0,1.67,1.67,0.08,0.08,0.08,0.35,0.35,0.0,1.98,0.39,0.12,0.62,1.16,1.12,0.04,0.0,0.0,2.98,0.58,44.1,,,,,,,,,,,,,,,,,
Lachlan Brook,au AUS,FW,Real Salt Lake,24-299,2001,5,0,100,1.1,0.0,0.0,0.0,0.0,0.0,0.0,0.91,0.0,0.27,0.27,0.36,0.64,0.91,2.73,5.45,0.0,0.63,0.63,Matches,2025,1.1,37.3,44.5,83.7,459.1,131.8,0.0,0.18,-0.36,1.82,3.64,1.82,1.82,0.0,4.55,0.0,0.0,4.5,0.0,0.0,,24.7,0.91,0.0,0.0,0.07,-0.27,-0.27,60.9,0.0,4.55,24.5,31.8,1.82,60.9,0.0,0.0,0.91,100.0,39.1,0.91,3.64,0.0,41.8,2.73,1.82,50.0,0.91,1.82,1.82,0.0,2.73,0.0,0.0,3.64,3.6,0.0,0.0,0.91,0.0,0.0,0.0,0.91,0.0,0.91,3.64,0.0,1.82,0.0,0.0,0.0,3.64,0.0,0.0,,,,,,,,,,,,,,,,,
Javain Brown,jm JAM,DF,Real Salt Lake,26-270,1999,3,3,194,2.2,0.0,0.0,0.0,0.0,0.0,0.0,0.45,0.0,0.14,0.14,0.0,0.14,1.36,2.73,0.45,0.0,0.13,0.13,Matches,2025,2.2,57.7,66.4,87.0,1022.7,295.9,0.0,0.0,0.0,0.0,2.27,0.45,0.0,0.0,1.82,0.45,25.0,1.86,0.46,0.0,0.0,7.0,0.0,0.0,0.0,0.07,-0.14,-0.14,77.7,3.18,32.7,37.7,7.27,1.82,77.7,0.0,,0.0,,39.1,0.0,0.45,1.82,50.0,2.73,1.82,66.7,0.45,0.0,0.0,0.45,3.18,3.64,0.0,0.91,0.93,0.0,0.0,0.0,0.0,0.0,0.0,2.27,0.91,0.0,0.91,0.45,1.82,0.0,0.0,0.0,2.27,2.73,75.0,,,,,,,,,,,,,,,,,
Tristan Brown,us USA,"DF,FW",Columbus Crew,18-048,2007,6,0,41,0.5,0.0,0.0,0.0,0.0,0.0,0.0,0.0,0.0,0.0,0.0,0.0,0.2,12.0,4.0,14.0,0.0,0.15,0.15,Matches,2025,0.5,52.0,64.0,81.3,728.0,184.0,0.0,0.0,0.0,2.0,6.0,0.0,0.0,0.0,2.0,0.0,0.0,2.2,0.0,0.0,,19.6,0.0,0.0,0.0,0.02,0.0,0.0,94.0,4.0,10.0,26.0,58.0,10.0,94.0,2.0,25.0,6.0,75.0,56.0,10.0,6.0,2.0,56.0,4.0,2.0,100.0,0.0,0.0,0.0,0.0,4.0,8.0,0.0,4.0,4.39,0.0,0.0,0.0,0.0,0.0,0.0,2.0,0.0,0.0,2.0,0.0,2.0,0.0,0.0,0.0,4.0,0.0,0.0,,,,,,,,,,,,,,,,,
Gastón Brugman,uy URU,MF,Nashville SC,33-088,1992,24,14,1278,14.2,0.0,0.07,0.07,0.0,0.0,0.0,0.14,0.0,0.09,0.09,0.27,0.36,0.7,9.23,2.18,0.07,0.36,0.36,Matches,2025,14.2,58.3,68.9,84.6,1053.1,402.7,0.07,0.25,-0.2,1.9,7.61,2.25,0.28,0.0,1.06,0.21,20.0,1.06,0.21,0.0,0.0,21.9,0.07,0.0,0.0,0.09,-0.09,-0.09,79.9,2.04,16.6,50.9,12.9,0.63,79.9,0.63,42.9,0.85,57.1,45.6,0.07,0.92,0.42,58.9,2.61,1.48,47.7,1.62,1.41,1.06,1.55,4.15,1.41,0.07,3.94,3.94,0.14,0.07,0.21,0.28,0.28,0.0,1.97,1.27,0.0,0.85,1.55,1.48,0.0,0.0,0.0,5.28,0.56,88.9,,,,,,,,,,,,,,,,,
Snyder Brunell,us USA,"MF,FW",Seattle Sounders,18-256,2007,6,3,293,3.3,0.61,0.0,0.61,0.61,0.0,0.0,0.0,0.0,0.42,0.42,0.03,0.48,2.12,2.73,3.64,0.61,0.48,0.48,Matches,2025,3.3,40.3,45.8,88.1,549.4,120.3,0.0,0.06,-0.03,0.91,2.73,0.91,0.0,0.61,1.52,0.61,40.0,1.54,0.61,0.4,1.0,14.2,0.0,0.0,0.0,0.29,0.18,0.18,60.0,0.91,13.0,32.4,14.8,1.82,60.0,0.91,30.0,1.82,60.0,38.2,0.3,2.42,0.0,39.1,2.73,1.82,66.7,0.61,1.21,1.21,1.52,4.24,0.91,0.61,3.64,3.69,0.3,0.3,0.0,0.0,0.0,0.0,0.91,2.12,0.0,0.61,1.52,1.82,0.0,0.0,0.0,5.45,0.0,,,,,,,,,,,,,,,,,,
Ola Brynhildsen,no NOR,"FW,MF",Toronto FC,26-221,1999,21,18,1335,14.8,0.14,0.07,0.2,0.14,0.0,0.0,0.0,0.0,0.37,0.37,0.03,0.41,1.55,0.95,3.11,0.2,0.4,0.4,Matches,2025,14.8,7.97,12.3,64.8,112.0,21.6,0.07,0.02,0.03,0.41,0.34,0.2,0.0,0.14,2.09,0.54,25.8,2.09,0.54,0.06,0.25,12.9,0.0,0.0,0.0,0.18,-0.24,-0.24,22.2,0.54,2.3,9.46,11.1,3.11,22.2,0.81,32.4,1.55,62.2,15.5,0.95,3.38,1.22,16.9,0.88,0.74,62.5,0.2,0.34,0.27,0.14,1.01,0.34,0.0,1.55,1.55,0.07,0.47,0.14,0.14,0.13,0.0,1.69,1.82,0.27,0.07,0.14,0.74,0.0,0.0,0.0,2.36,0.81,26.7,,,,,,,,,,,,,,,,,
Pavel Bucha,cz CZE,MF,FC Cincinnati,27-268,1998,33,32,2883,32.0,0.09,0.09,0.19,0.09,0.0,0.0,0.09,0.0,0.08,0.08,0.11,0.18,0.94,5.28,2.53,0.19,0.18,0.18,Matches,2025,32.0,42.7,48.9,87.2,641.9,171.8,0.09,0.11,-0.01,1.69,4.25,0.97,0.06,0.09,0.78,0.25,32.0,0.78,0.25,0.12,0.38,19.8,0.0,0.0,0.0,0.1,0.02,0.02,57.8,1.81,11.4,32.6,14.4,1.63,57.8,0.78,51.0,0.75,49.0,32.8,0.19,1.16,1.06,40.4,1.53,0.88,55.6,0.63,0.94,0.81,0.72,2.25,1.16,0.06,3.03,3.03,0.06,0.09,0.06,0.28,0.28,0.0,0.97,0.69,0.03,0.38,0.72,0.88,0.0,0.0,0.0,6.38,0.31,43.5,,,,,,,,,,,,,,,,,
Noel Buck,eng ENG,"MF,DF",NE Revolution,20-243,2005,2,0,24,0.3,0.0,0.0,0.0,0.0,0.0,0.0,0.0,0.0,0.0,0.0,0.0,0.0,0.0,6.67,6.67,0.0,0.0,0.0,Matches,2025,0.3,36.7,50.0,73.3,633.3,93.3,0.0,0.0,0.0,0.0,0.0,0.0,0.0,0.0,0.0,0.0,,0.0,0.0,,,,0.0,0.0,0.0,,0.0,0.0,73.3,6.67,26.7,26.7,23.3,6.67,73.3,0.0,,0.0,,36.7,3.33,3.33,3.33,30.0,3.33,3.33,0.0,3.33,10.0,10.0,0.0,3.33,3.33,0.0,0.0,0.0,0.0,0.0,0.0,0.0,0.0,0.0,3.33,0.0,0.0,0.0,0.0,3.33,0.0,0.0,0.0,13.3,0.0,,,,,,,,,,,,,,,,,,
Noel Buck,eng ENG,"MF,DF",SJ Earthquakes,20-243,2005,9,0,151,1.7,0.0,0.59,0.59,0.0,0.0,0.0,0.0,0.0,0.0,0.0,0.24,0.24,0.0,1.76,1.76,0.6,0.22,0.22,Matches,2025,1.7,32.9,42.9,76.7,597.1,118.8,0.59,0.06,0.35,1.18,0.59,0.0,0.0,0.0,0.0,0.0,,0.0,0.0,,,,0.0,0.0,0.0,,0.0,0.0,53.5,2.35,7.65,26.5,19.4,2.94,53.5,0.0,0.0,1.18,100.0,24.7,0.0,1.76,0.0,33.5,2.35,0.59,40.0,1.76,1.76,1.18,0.59,2.94,1.18,0.0,4.12,4.2,0.0,0.0,1.18,0.0,0.0,0.0,0.59,0.0,0.0,1.18,0.59,0.59,0.0,0.0,0.0,2.35,0.0,,,,,,,,,,,,,,,,,,
Dawid Bugaj,pl POL,DF,CF Montréal,21-148,2004,23,19,1726,19.2,0.0,0.1,0.1,0.0,0.0,0.0,0.21,0.0,0.02,0.02,0.1,0.11,1.15,2.03,1.98,0.1,0.12,0.12,Matches,2025,19.2,29.6,37.2,79.6,480.3,180.3,0.1,0.07,0.01,0.57,2.4,0.42,0.26,0.0,0.42,0.0,0.0,0.42,0.0,0.0,,24.6,0.0,0.0,0.0,0.04,-0.02,-0.02,47.1,3.18,16.3,22.1,9.17,0.99,47.1,0.31,35.3,0.36,41.2,19.6,0.36,1.3,0.42,23.1,1.88,0.94,51.5,0.83,0.99,0.47,1.09,2.97,2.86,0.05,1.25,1.25,0.0,0.1,0.05,0.16,0.16,0.0,0.73,0.94,0.0,1.09,1.09,0.94,0.05,0.0,0.0,2.76,0.57,57.9,,,,,,,,,,,,,,,,,
Osman Bukari,gh GHA,"FW,MF",Austin,26-356,1998,33,27,2318,25.8,0.12,0.12,0.23,0.12,0.0,0.0,0.08,0.0,0.14,0.14,0.19,0.32,4.07,2.91,9.34,0.23,0.32,0.32,Matches,2025,25.8,20.5,27.6,74.2,310.4,69.4,0.12,0.17,-0.07,1.43,0.78,1.32,0.31,0.12,1.63,0.81,50.0,1.63,0.82,0.07,0.14,17.2,0.0,0.0,0.0,0.08,-0.02,-0.02,38.2,0.27,4.73,11.6,22.4,4.65,38.2,1.55,43.5,1.86,52.2,24.3,1.94,2.13,1.28,26.6,1.28,0.66,38.2,0.81,0.93,0.93,0.54,1.82,0.62,0.0,3.57,3.57,0.43,0.16,0.04,0.27,0.27,0.0,1.47,0.78,0.54,2.87,0.54,0.66,0.04,0.0,0.0,3.37,0.62,42.1,,,,,,,,,,,,,,,,,
Teal Bunbury,us USA,"FW,MF",Nashville SC,35-280,1990,21,1,211,2.3,0.0,0.0,0.0,0.0,0.0,0.0,0.0,0.0,0.78,0.78,0.0,0.78,0.43,0.43,8.26,0.0,0.77,0.77,Matches,2025,2.3,22.2,30.4,72.9,242.2,30.4,0.0,0.04,0.0,0.43,0.43,0.0,0.0,0.0,4.35,1.3,30.0,4.27,1.28,0.0,0.0,10.7,0.0,0.0,0.0,0.18,-0.78,-0.78,51.7,1.3,4.35,23.0,24.3,9.13,51.7,0.87,100.0,0.0,0.0,28.7,0.43,9.13,4.35,40.4,0.87,0.43,25.0,1.3,1.74,1.3,0.43,1.3,0.43,0.0,0.87,0.86,0.0,0.0,0.0,0.0,0.0,0.0,3.04,3.91,1.74,0.0,0.43,0.43,0.0,0.0,0.0,3.04,3.04,35.0,,,,,,,,,,,,,,,,,
Sergio Busquets,es ESP,MF,Inter Miami,37-141,1988,33,32,2867,31.9,0.0,0.25,0.25,0.0,0.0,0.0,0.16,0.0,0.01,0.01,0.2,0.21,0.6,7.52,0.94,0.25,0.21,0.21,Matches,2025,31.9,62.5,69.3,90.1,1104.9,435.5,0.25,0.15,0.05,1.19,7.46,0.69,0.0,0.0,0.09,0.03,33.3,0.09,0.03,0.0,0.0,8.7,0.0,0.0,0.0,0.1,-0.01,-0.01,78.2,2.6,20.6,47.6,10.4,0.44,78.2,0.25,44.4,0.22,38.9,43.3,0.0,0.66,0.38,57.0,2.54,1.69,65.0,0.88,1.25,0.97,1.13,3.67,0.91,0.06,2.82,2.83,0.0,0.13,0.09,0.47,0.47,0.0,0.82,1.47,0.0,0.0,1.13,1.69,0.0,0.03,0.0,5.39,0.94,52.6,,,,,,,,,,,,,,,,,
Brandon Bye,us USA,DF,NE Revolution,30-005,1995,26,12,1107,12.3,0.0,0.0,0.0,0.0,0.0,0.0,0.0,0.0,0.06,0.06,0.11,0.16,0.57,2.44,7.15,0.0,0.16,0.16,Matches,2025,12.3,36.4,47.3,77.0,562.3,212.8,0.0,0.13,-0.11,1.14,2.11,1.06,0.57,0.0,0.73,0.08,11.1,0.73,0.08,0.0,0.0,11.8,0.0,0.0,0.0,0.08,-0.06,-0.06,57.9,4.39,19.0,21.5,17.9,2.2,57.9,0.57,70.0,0.24,30.0,24.6,0.16,1.14,0.49,31.6,1.3,0.65,52.4,0.81,1.95,0.89,0.81,2.11,3.17,0.16,1.79,1.79,0.0,0.0,0.0,0.0,0.0,0.0,0.33,0.08,0.08,3.41,0.81,0.65,0.0,0.0,0.0,3.82,2.68,60.0,,,,,,,,,,,,,,,,,
Nathan Byrne,eng ENG,DF,Charlotte,33-182,1992,17,17,1527,17.0,0.0,0.0,0.0,0.0,0.0,0.0,0.18,0.0,0.0,0.0,0.01,0.01,1.71,4.59,3.12,0.0,0.01,0.01,Matches,2025,17.0,44.9,56.2,80.0,776.5,257.5,0.0,0.04,-0.01,0.35,4.71,0.71,0.24,0.0,0.0,0.0,,0.0,0.0,,,,0.0,0.0,0.0,,0.0,0.0,64.0,3.65,20.2,29.4,14.8,0.41,64.0,0.35,42.9,0.29,35.7,33.9,0.06,0.88,0.41,40.2,1.47,1.06,51.5,0.94,0.76,0.35,0.47,1.94,2.88,0.06,0.94,0.94,0.0,0.0,0.0,0.0,0.0,0.0,0.47,1.0,0.0,2.59,0.47,1.06,0.0,0.0,0.0,2.71,0.59,50.0,,,,,,,,,,,,,,,,,
Kevin Cabral,fr FRA,"FW,MF",Colorado Rapids,26-147,1999,18,10,767,8.5,0.0,0.0,0.0,0.0,0.0,0.0,0.47,0.0,0.16,0.16,0.02,0.18,1.41,1.18,6.82,0.0,0.18,0.18,Matches,2025,8.5,13.4,19.1,70.4,215.6,49.2,0.0,0.04,-0.02,0.59,1.18,0.12,0.12,0.0,1.53,0.35,23.1,1.53,0.35,0.0,0.0,14.5,0.0,0.0,0.0,0.11,-0.16,-0.16,29.4,0.82,3.65,11.1,15.2,3.53,29.4,0.12,14.3,0.59,71.4,16.6,0.59,1.88,1.41,19.1,1.88,1.18,50.0,0.94,1.65,1.41,0.59,2.47,0.71,0.0,1.18,1.17,0.0,0.12,0.24,0.0,0.0,0.0,1.65,1.88,0.12,1.88,0.59,1.18,0.0,0.0,0.0,2.24,0.35,16.7,,,,,,,,,,,,,,,,,
Kenji Cabrera,pe PER,"MF,FW",Vancouver W'caps,22-311,2003,6,2,180,2.0,0.5,0.0,0.5,0.5,0.0,0.0,0.0,0.0,0.3,0.3,0.1,0.4,4.0,7.5,14.5,0.5,0.4,0.4,Matches,2025,2.0,52.0,60.5,86.0,849.0,203.5,0.0,0.15,-0.1,1.5,3.0,2.0,0.5,0.5,2.0,0.5,25.0,2.0,0.5,0.25,1.0,10.6,0.0,0.0,0.0,0.16,0.2,0.2,75.5,1.5,7.0,21.0,49.5,4.5,75.5,1.0,33.3,1.5,50.0,45.5,0.5,2.5,0.5,55.5,3.0,2.0,50.0,1.0,1.0,1.0,0.5,3.5,2.0,0.0,6.5,6.5,0.5,0.0,0.0,0.5,0.5,0.0,0.5,2.0,0.0,3.0,0.5,2.0,0.0,0.0,0.0,4.5,0.5,33.3,,,,,,,,,,,,,,,,,
Noel Caliskan,de GER,"DF,MF",Real Salt Lake,25-097,2000,25,22,1988,22.1,0.05,0.05,0.09,0.05,0.0,0.0,0.18,0.0,0.02,0.02,0.04,0.05,1.54,4.89,1.31,0.09,0.06,0.06,Matches,2025,22.1,51.6,59.3,87.0,860.6,273.2,0.05,0.05,0.01,0.63,4.98,0.68,0.32,0.05,0.68,0.14,20.0,0.68,0.14,0.07,0.33,21.1,0.0,0.0,0.0,0.03,0.02,0.02,69.0,3.35,21.5,36.1,11.9,0.72,69.0,0.09,18.2,0.32,63.6,39.4,0.14,0.68,0.27,44.2,2.26,1.27,64.6,0.77,1.31,0.81,1.09,3.35,2.44,0.0,2.22,2.22,0.05,0.0,0.05,0.14,0.14,0.0,1.13,1.09,0.05,1.13,1.09,1.27,0.0,0.0,0.0,4.75,0.23,33.3,,,,,,,,,,,,,,,,,
Brandon Cambridge,us USA,FW,Charlotte,23-093,2002,1,0,1,0.0,0.0,0.0,0.0,0.0,0.0,0.0,0.0,0.0,0.3,0.3,0.0,0.3,0.0,0.0,0.0,0.0,25.82,25.82,Matches,2025,0.0,0.0,0.0,,0.0,0.0,0.0,0.0,0.0,0.0,0.0,0.0,0.0,0.0,1.0,0.0,0.0,90.0,0.0,0.0,,2.7,0.0,0.0,0.0,0.29,-0.3,-0.3,1.0,0.0,0.0,0.0,1.0,1.0,1.0,0.0,,0.0,,1.0,0.0,0.0,0.0,1.0,0.0,0.0,,0.0,0.0,0.0,0.0,0.0,0.0,0.0,0.0,0.0,0.0,0.0,0.0,0.0,0.0,0.0,0.0,0.0,0.0,0.0,0.0,0.0,0.0,0.0,0.0,0.0,0.0,,,,,,,,,,,,,,,,,,
Leonardo Campana,ec ECU,FW,NE Revolution,25-133,2000,24,20,1645,18.3,0.38,0.05,0.44,0.38,0.0,0.0,0.27,0.0,0.38,0.38,0.07,0.45,0.71,2.13,4.64,0.44,0.45,0.45,Matches,2025,18.3,16.7,22.3,75.0,258.2,45.6,0.05,0.04,-0.02,0.93,1.64,0.55,0.0,0.38,3.5,1.09,31.3,3.5,1.09,0.11,0.35,15.4,0.0,0.0,0.0,0.11,0.0,0.0,33.3,1.69,3.66,16.3,13.7,4.04,33.3,0.6,64.7,0.33,35.3,15.3,0.27,2.13,1.2,22.6,0.98,0.55,26.1,0.93,1.09,0.82,0.11,1.09,1.58,0.05,2.19,2.19,0.11,0.05,0.0,0.16,0.16,0.0,2.13,0.38,0.27,0.44,0.11,0.55,0.0,0.0,0.0,1.91,2.35,47.8,,,,,,,,,,,,,,,,,
George Campbell,us USA,DF,CF Montréal,24-165,2001,16,15,1345,14.9,0.0,0.07,0.07,0.0,0.0,0.0,0.27,0.0,0.04,0.04,0.1,0.15,0.6,3.96,0.34,0.07,0.15,0.15,Matches,2025,14.9,59.7,69.3,86.2,1148.7,414.0,0.07,0.05,-0.03,0.4,3.49,0.54,0.0,0.0,0.74,0.13,18.2,0.74,0.13,0.0,0.0,17.6,0.0,0.0,0.0,0.06,-0.04,-0.04,82.0,11.8,45.6,33.4,3.89,0.94,82.0,0.47,58.3,0.13,16.7,47.0,0.07,1.54,0.27,50.7,2.15,1.48,72.7,0.4,1.41,0.4,1.48,3.62,4.56,0.2,1.81,1.81,0.0,0.07,0.07,0.07,0.07,0.0,1.21,1.34,0.0,0.0,1.48,1.48,0.0,0.0,0.0,7.58,1.21,47.4,,,,,,,,,,,,,,,,,
Reggie Cannon,us USA,DF,Colorado Rapids,27-176,1998,28,28,2443,27.1,0.0,0.0,0.0,0.0,0.0,0.0,0.37,0.0,0.01,0.01,0.04,0.05,1.14,2.99,2.92,0.0,0.05,0.05,Matches,2025,27.1,36.6,45.5,80.5,599.6,182.2,0.0,0.07,-0.04,0.37,2.1,0.52,0.18,0.0,0.15,0.07,50.0,0.15,0.07,0.0,0.0,22.3,0.0,0.0,0.0,0.05,-0.01,-0.01,54.5,3.14,18.1,24.6,12.3,0.92,54.5,0.44,44.4,0.48,48.1,26.3,0.18,0.63,0.33,29.7,1.4,0.85,63.6,0.44,0.77,0.48,1.99,3.39,2.69,0.04,1.29,1.29,0.07,0.04,0.0,0.07,0.07,0.0,1.44,1.18,0.04,1.33,1.99,0.85,0.0,0.0,0.0,3.8,0.52,41.2,,,,,,,,,,,,,,,,,
Christian Cappis,us USA,MF,FC Dallas,26-113,1999,11,9,819,9.1,0.11,0.22,0.33,0.11,0.0,0.0,0.22,0.0,0.11,0.11,0.11,0.23,0.66,4.18,2.2,0.33,0.23,0.23,Matches,2025,9.1,29.0,35.6,81.5,477.4,158.9,0.22,0.09,0.11,0.99,3.96,1.1,0.44,0.11,0.55,0.22,40.0,0.55,0.22,0.2,0.5,13.5,0.0,0.0,0.0,0.21,0.0,0.0,44.4,2.53,9.45,24.2,11.8,1.65,44.4,0.44,33.3,0.77,58.3,22.9,0.11,1.1,0.44,28.5,1.43,0.99,40.0,0.99,1.76,0.77,0.44,1.87,1.98,0.0,1.65,1.65,0.0,0.0,0.0,0.11,0.11,0.0,0.99,0.77,0.0,1.32,0.44,0.99,0.0,0.0,0.0,4.29,1.43,61.9,,,,,,,,,,,,,,,,,
Gustavo Caraballo,ve VEN,"MF,FW",Orlando City,17-097,2008,5,0,17,0.2,0.0,0.0,0.0,0.0,0.0,0.0,0.0,0.0,0.5,0.5,1.0,2.0,10.0,15.0,10.0,0.0,1.95,1.95,Matches,2025,0.2,85.0,105.0,81.0,1395.0,450.0,0.0,1.0,-1.0,10.0,5.0,5.0,0.0,0.0,5.0,0.0,0.0,5.29,0.0,0.0,,5.8,0.0,0.0,0.0,0.14,-0.5,-0.5,130.0,0.0,30.0,30.0,75.0,5.0,130.0,0.0,0.0,5.0,100.0,85.0,0.0,0.0,0.0,105.0,5.0,0.0,,0.0,5.0,0.0,0.0,5.0,0.0,0.0,15.0,15.88,0.0,0.0,0.0,0.0,0.0,0.0,5.0,15.0,0.0,15.0,0.0,0.0,0.0,0.0,0.0,20.0,5.0,100.0,,,,,,,,,,,,,,,,,
Felipe Carballo,uy URU,MF,NY Red Bulls,29-061,1996,16,10,941,10.5,0.0,0.1,0.1,0.0,0.0,0.0,0.29,0.1,0.07,0.07,0.1,0.16,1.43,7.81,2.48,0.1,0.16,0.16,Matches,2025,10.5,58.5,68.5,85.4,963.1,310.7,0.1,0.15,0.0,0.76,8.29,1.33,0.29,0.0,1.52,0.19,12.5,1.53,0.19,0.0,0.0,21.5,0.0,0.0,0.0,0.04,-0.07,-0.07,81.1,2.19,15.9,48.1,17.5,1.33,81.1,0.57,46.2,0.67,53.8,47.2,0.1,1.14,0.86,57.7,2.95,2.0,37.9,1.71,1.9,1.52,1.33,4.29,1.71,0.0,2.48,2.49,0.1,0.19,0.0,0.48,0.48,0.1,1.33,0.95,0.0,2.57,1.33,2.0,0.0,0.0,0.0,5.9,0.67,58.3,,,,,,,,,,,,,,,,,
Felipe Carballo,uy URU,MF,Portland Timbers,29-061,1996,2,2,123,1.4,0.0,0.0,0.0,0.0,0.0,0.0,0.0,0.0,0.07,0.07,0.36,0.43,1.43,4.29,0.0,0.0,0.43,0.43,Matches,2025,1.4,40.7,45.7,89.1,687.1,267.9,0.0,0.5,-0.36,2.14,5.0,0.71,0.71,0.0,2.14,0.71,33.3,2.2,0.73,0.0,0.0,18.9,0.0,0.0,0.0,0.04,-0.07,-0.07,57.1,3.57,14.3,35.0,8.57,2.86,57.1,0.0,0.0,0.71,100.0,32.1,0.0,0.71,0.71,37.9,1.43,0.71,40.0,2.14,2.86,1.43,1.43,2.86,1.43,0.0,3.57,3.63,0.0,0.0,0.0,0.0,0.0,0.0,0.0,0.71,0.0,0.71,1.43,0.71,0.0,0.0,0.0,4.29,0.0,,,,,,,,,,,,,,,,,,
Alan Carleton,us USA,"MF,FW",Nashville SC,20-259,2005,2,0,38,0.4,0.0,0.0,0.0,0.0,0.0,0.0,0.0,0.0,0.0,0.0,0.0,0.0,0.0,10.0,7.5,0.0,0.0,0.0,Matches,2025,0.4,52.5,57.5,91.3,812.5,307.5,0.0,0.0,0.0,0.0,2.5,0.0,0.0,0.0,0.0,0.0,,0.0,0.0,,,,0.0,0.0,0.0,,0.0,0.0,67.5,0.0,2.5,35.0,30.0,0.0,67.5,0.0,,0.0,,52.5,0.0,0.0,5.0,57.5,0.0,0.0,,0.0,2.5,2.5,0.0,0.0,0.0,0.0,0.0,0.0,0.0,0.0,0.0,0.0,0.0,0.0,0.0,2.5,0.0,2.5,0.0,0.0,0.0,0.0,0.0,5.0,2.5,50.0,,,,,,,,,,,,,,,,,
Antonio Carlos,br BRA,DF,Houston Dynamo,32-272,1993,8,7,603,6.7,0.15,0.0,0.15,0.15,0.0,0.0,0.3,0.0,0.06,0.06,0.04,0.1,0.45,3.28,0.3,0.15,0.1,0.1,Matches,2025,6.7,50.6,56.4,89.7,916.9,375.7,0.0,0.01,-0.04,0.45,2.69,0.0,0.0,0.15,1.19,0.3,25.0,1.19,0.3,0.13,0.5,10.6,0.0,0.0,0.0,0.05,0.09,0.09,70.4,13.1,44.2,22.5,3.88,2.39,70.4,0.0,,0.0,,36.9,0.15,0.6,0.0,43.0,0.75,0.6,100.0,0.0,1.19,0.45,1.64,2.39,8.06,0.0,0.75,0.75,0.0,0.0,0.0,0.0,0.0,0.0,1.04,0.15,0.0,0.15,1.64,0.6,0.0,0.0,0.0,4.33,1.94,61.9,,,,,,,,,,,,,,,,,
Wikelman Carmona,ve VEN,"FW,MF",NY Red Bulls,22-283,2003,34,21,1891,21.0,0.0,0.05,0.05,0.0,0.0,0.0,0.05,0.0,0.08,0.08,0.04,0.12,1.57,2.62,6.1,0.05,0.12,0.12,Matches,2025,21.0,25.8,32.0,80.8,383.3,70.1,0.05,0.05,0.0,0.33,1.57,0.38,0.14,0.0,1.57,0.38,24.2,1.57,0.38,0.0,0.0,22.2,0.0,0.0,0.0,0.05,-0.08,-0.08,43.1,1.0,5.05,19.0,19.3,1.86,43.1,0.76,42.1,0.9,50.0,25.3,0.52,1.48,1.14,30.1,1.9,1.19,43.2,1.0,1.95,1.86,0.62,2.52,0.76,0.05,1.48,1.48,0.05,0.24,0.0,0.24,0.24,0.0,1.19,1.57,0.14,1.52,0.62,1.19,0.0,0.0,0.0,4.48,0.76,35.6,,,,,,,,,,,,,,,,,
Maxi Carrizo,us USA,"MF,FW",NYCFC,17-279,2008,5,0,89,1.0,0.0,0.0,0.0,0.0,0.0,0.0,0.0,0.0,0.1,0.1,0.0,0.1,1.0,3.0,8.0,0.0,0.15,0.15,Matches,2025,1.0,34.0,44.0,77.3,409.0,99.0,0.0,0.1,0.0,2.0,3.0,1.0,0.0,0.0,1.0,0.0,0.0,1.01,0.0,0.0,,20.7,0.0,0.0,0.0,0.1,-0.1,-0.1,61.0,0.0,4.0,20.0,38.0,1.0,61.0,0.0,0.0,2.0,100.0,28.0,0.0,5.0,1.0,45.0,2.0,1.0,0.0,1.0,2.0,2.0,1.0,3.0,0.0,0.0,2.0,2.02,0.0,0.0,0.0,1.0,1.01,0.0,2.0,1.0,1.0,1.0,1.0,1.0,0.0,0.0,0.0,2.0,3.0,100.0,,,,,,,,,,,,,,,,,
Julio Cascante,cr CRC,DF,Austin,32-062,1993,13,9,760,8.4,0.0,0.0,0.0,0.0,0.0,0.0,0.12,0.0,0.01,0.01,0.01,0.02,0.24,4.05,0.0,0.0,0.02,0.02,Matches,2025,8.4,52.6,57.5,91.5,1010.0,423.9,0.0,0.04,-0.01,0.24,3.69,0.12,0.0,0.0,0.48,0.0,0.0,0.47,0.0,0.0,,13.0,0.0,0.0,0.0,0.03,-0.01,-0.01,66.7,8.45,26.8,38.0,2.02,1.43,66.7,0.0,0.0,0.12,100.0,40.0,0.0,0.12,0.12,49.8,0.48,0.36,42.9,0.48,1.07,0.12,1.19,1.67,4.52,0.0,0.71,0.72,0.0,0.0,0.0,0.12,0.12,0.0,0.83,0.6,0.0,0.12,1.19,0.36,0.0,0.0,0.0,2.86,2.38,54.1,,,,,,,,,,,,,,,,,
Jackson Castro,us USA,MF,Vancouver W'caps,22-345,2002,1,0,1,0.0,0.0,0.0,0.0,0.0,0.0,0.0,0.0,0.0,0.0,0.0,0.0,0.0,0.0,1.0,0.0,0.0,0.0,0.0,Matches,2025,0.0,2.0,4.0,50.0,24.0,12.0,0.0,0.0,0.0,0.0,1.0,0.0,0.0,0.0,0.0,0.0,,0.0,0.0,,,,0.0,0.0,0.0,,0.0,0.0,5.0,0.0,0.0,1.0,4.0,0.0,5.0,0.0,0.0,1.0,100.0,2.0,0.0,0.0,0.0,3.0,0.0,0.0,,0.0,0.0,0.0,0.0,0.0,0.0,0.0,0.0,0.0,0.0,0.0,0.0,0.0,0.0,0.0,0.0,0.0,0.0,2.0,0.0,0.0,0.0,0.0,0.0,0.0,0.0,,,,,,,,,,,,,,,,,,
Nico Cavallo,us USA,"DF,MF",NYCFC,23-342,2001,15,2,319,3.5,0.0,0.0,0.0,0.0,0.0,0.0,0.29,0.0,0.03,0.03,0.0,0.03,1.43,4.29,4.29,0.0,0.03,0.03,Matches,2025,3.5,49.4,58.9,84.0,796.6,322.0,0.0,0.06,0.0,0.29,4.57,1.14,0.29,0.0,0.57,0.0,0.0,0.56,0.0,0.0,,23.9,0.0,0.0,0.0,0.04,-0.03,-0.03,71.7,5.14,26.0,33.4,13.4,0.57,71.7,0.29,50.0,0.29,50.0,32.0,0.0,1.14,0.29,37.4,4.29,2.29,60.0,1.71,1.14,1.14,2.0,6.29,4.57,0.0,1.71,1.69,0.0,0.0,0.0,0.0,0.0,0.0,0.57,0.0,0.0,1.43,2.0,2.29,0.0,0.29,0.0,6.57,0.86,42.9,,,,,,,,,,,,,,,,,
Brayan Ceballos,co COL,DF,NE Revolution,24-194,2001,29,29,2551,28.3,0.04,0.0,0.04,0.04,0.0,0.0,0.32,0.0,0.02,0.02,0.01,0.03,0.49,2.16,0.28,0.04,0.03,0.03,Matches,2025,28.3,42.9,49.2,87.2,818.4,303.4,0.0,0.02,-0.01,0.14,2.61,0.14,0.07,0.04,0.39,0.07,18.2,0.39,0.07,0.09,0.5,11.1,0.0,0.0,0.0,0.06,0.01,0.01,62.0,8.83,37.0,23.6,1.87,0.64,62.0,0.6,65.4,0.25,26.9,36.7,0.0,0.67,0.21,41.6,1.8,1.2,74.2,0.28,1.59,0.81,1.52,3.32,5.3,0.07,0.46,0.46,0.0,0.04,0.0,0.0,0.0,0.0,1.38,0.67,0.11,0.25,1.52,1.2,0.0,0.0,0.0,3.92,1.8,54.3,,,,,,,,,,,,,,,,,
Edwin Cerrillo,us USA,MF,LA Galaxy,25-062,2000,32,32,2673,29.7,0.0,0.0,0.0,0.0,0.0,0.0,0.44,0.03,0.03,0.03,0.05,0.07,1.01,6.8,0.88,0.0,0.07,0.07,Matches,2025,29.7,67.4,73.2,92.1,1142.0,308.3,0.0,0.06,-0.05,0.74,6.67,0.94,0.03,0.0,0.77,0.1,13.0,0.77,0.1,0.0,0.0,25.3,0.0,0.0,0.0,0.03,-0.03,-0.03,81.2,3.16,20.5,49.3,12.1,0.24,81.2,0.57,58.6,0.37,37.9,49.5,0.07,1.11,0.74,64.5,1.38,0.77,52.8,0.57,1.25,0.91,0.61,1.99,1.31,0.03,2.09,2.09,0.0,0.0,0.07,0.13,0.13,0.03,1.78,0.61,0.0,0.13,0.61,0.77,0.0,0.0,0.0,5.59,0.24,50.0,,,,,,,,,,,,,,,,,
Dylan Chambost,fr FRA,MF,Columbus Crew,28-107,1997,34,30,2627,29.2,0.03,0.17,0.21,0.03,0.0,0.0,0.14,0.0,0.11,0.11,0.13,0.24,1.51,9.69,3.9,0.21,0.24,0.24,Matches,2025,29.2,68.1,80.9,84.2,1101.2,349.3,0.17,0.18,0.04,1.61,9.52,1.88,0.31,0.03,1.16,0.27,23.5,1.16,0.27,0.03,0.13,21.7,0.14,0.0,0.0,0.1,-0.08,-0.08,88.5,2.05,14.3,46.9,28.0,1.37,88.5,0.27,47.1,0.31,52.9,54.7,0.17,0.82,0.75,68.8,1.4,0.86,44.4,0.68,1.16,0.92,0.86,2.26,1.23,0.03,3.39,3.39,0.03,0.1,0.1,0.34,0.34,0.0,0.79,0.41,0.0,4.52,0.86,0.86,0.0,0.0,0.0,4.45,0.65,51.4,,,,,,,,,,,,,,,,,
Tomás Chancalay,ar ARG,"FW,MF",NE Revolution,26-337,1999,26,12,1175,13.1,0.31,0.15,0.46,0.31,0.0,0.0,0.31,0.0,0.46,0.46,0.2,0.66,2.52,3.51,6.26,0.46,0.66,0.66,Matches,2025,13.1,26.0,36.6,71.0,493.0,111.4,0.15,0.18,-0.05,1.37,2.52,1.3,0.38,0.31,4.05,1.76,43.4,4.06,1.76,0.08,0.17,19.8,0.15,0.0,0.0,0.11,-0.15,-0.15,49.2,0.76,4.73,22.6,22.9,3.05,49.2,1.22,53.3,0.99,43.3,30.1,0.61,3.28,1.22,35.8,1.45,0.76,38.9,0.84,1.3,1.22,0.08,1.53,0.84,0.08,3.44,3.45,0.46,0.15,0.0,0.23,0.23,0.0,2.52,1.6,0.46,4.5,0.08,0.76,0.0,0.0,0.0,3.74,0.69,34.6,,,,,,,,,,,,,,,,,
Kieran Chandler,us USA,DF,Minnesota Utd,20-178,2005,1,1,64,0.7,0.0,0.0,0.0,0.0,0.0,0.0,0.0,0.0,0.0,0.0,0.0,0.0,1.43,0.0,2.86,0.0,0.0,0.0,Matches,2025,0.7,7.14,14.3,50.0,111.4,60.0,0.0,0.0,0.0,0.0,0.0,0.0,0.0,0.0,0.0,0.0,,0.0,0.0,,,,0.0,0.0,0.0,,0.0,0.0,37.1,7.14,22.9,8.57,5.71,0.0,37.1,0.0,0.0,1.43,100.0,11.4,0.0,1.43,0.0,10.0,2.86,0.0,100.0,0.0,1.43,1.43,1.43,4.29,8.57,0.0,0.0,0.0,0.0,0.0,0.0,0.0,0.0,0.0,0.0,0.0,0.0,2.86,1.43,0.0,0.0,0.0,0.0,2.86,1.43,100.0,,,,,,,,,,,,,,,,,
Maxime Chanot,lu LUX,DF,LAFC,36-013,1989,1,1,67,0.7,0.0,0.0,0.0,0.0,0.0,0.0,0.0,0.0,0.0,0.0,0.0,0.0,0.0,0.0,0.0,0.0,0.0,0.0,Matches,2025,0.7,31.4,40.0,78.6,621.4,208.6,0.0,0.0,0.0,0.0,0.0,0.0,0.0,0.0,0.0,0.0,,0.0,0.0,,,,0.0,0.0,0.0,,0.0,0.0,62.9,15.7,42.9,20.0,0.0,0.0,62.9,0.0,,0.0,,11.4,0.0,0.0,0.0,21.4,2.86,2.86,100.0,0.0,2.86,0.0,4.29,7.14,10.0,0.0,0.0,0.0,0.0,0.0,0.0,0.0,0.0,0.0,0.0,0.0,0.0,0.0,4.29,2.86,0.0,0.0,0.0,4.29,1.43,100.0,,,,,,,,,,,,,,,,,
Diego Chará,co COL,MF,Portland Timbers,39-243,1986,27,10,1195,13.3,0.0,0.08,0.08,0.0,0.0,0.0,0.23,0.0,0.0,0.0,0.03,0.03,0.45,5.64,0.6,0.08,0.03,0.03,Matches,2025,13.3,48.6,55.0,88.3,840.0,277.3,0.08,0.05,0.05,0.68,5.41,0.3,0.0,0.0,0.15,0.0,0.0,0.15,0.0,0.0,,28.4,0.0,0.0,0.0,0.02,0.0,0.0,64.0,3.38,16.9,40.1,7.59,0.0,64.0,0.38,83.3,0.08,16.7,33.9,0.0,0.83,0.6,42.2,3.23,2.41,62.1,0.83,0.98,0.53,1.5,4.74,2.03,0.08,1.73,1.73,0.0,0.0,0.15,0.15,0.15,0.0,2.33,1.05,0.0,0.08,1.5,2.41,0.0,0.08,0.0,5.56,0.53,53.8,,,,,,,,,,,,,,,,,
Gabriel Chaves,br BRA,FW,LA Galaxy,24-296,2001,29,27,2472,27.5,0.25,0.07,0.33,0.22,0.04,0.04,0.29,0.0,0.4,0.37,0.16,0.53,4.87,4.8,9.09,0.29,0.56,0.53,Matches,2025,27.5,38.1,45.4,84.1,595.4,125.4,0.07,0.2,-0.09,0.87,3.27,1.45,0.11,0.25,3.96,1.56,39.4,3.97,1.57,0.06,0.14,18.6,0.15,0.04,0.04,0.09,-0.15,-0.15,59.8,0.4,5.93,24.0,31.4,5.38,59.8,2.22,46.2,2.33,48.5,40.8,2.18,2.8,1.42,45.8,1.09,0.58,28.6,0.91,0.51,0.51,0.65,1.75,0.25,0.0,3.38,3.39,0.51,0.15,0.04,0.51,0.51,0.0,1.45,1.67,0.07,1.93,0.65,0.58,0.0,0.0,0.0,4.15,0.11,18.8,,,,,,,,,,,,,,,,,
Yevhen Cheberko,ua UKR,DF,Columbus Crew,27-315,1998,30,25,2315,25.7,0.0,0.0,0.0,0.0,0.0,0.0,0.08,0.0,0.02,0.02,0.04,0.05,1.56,5.88,0.78,0.0,0.06,0.06,Matches,2025,25.7,73.5,79.5,92.5,1174.3,505.3,0.0,0.06,-0.04,0.47,6.19,0.51,0.12,0.0,0.27,0.0,0.0,0.27,0.0,0.0,,23.6,0.04,0.0,0.0,0.06,-0.02,-0.02,88.5,6.73,34.0,47.9,7.08,0.62,88.5,0.35,52.9,0.23,35.3,55.0,0.08,0.62,0.31,64.9,1.83,1.28,73.0,0.39,0.93,0.31,1.21,3.04,3.42,0.04,1.21,1.21,0.0,0.04,0.04,0.0,0.0,0.0,0.97,1.05,0.04,0.47,1.21,1.28,0.0,0.08,0.0,4.55,1.21,44.3,,,,,,,,,,,,,,,,,
Ștefan Chirilă,ro ROU,MF,FC Cincinnati,18-323,2007,2,0,8,0.1,0.0,0.0,0.0,0.0,0.0,0.0,0.0,0.0,0.0,0.0,1.0,1.0,0.0,0.0,10.0,0.0,1.14,1.14,Matches,2025,0.1,20.0,20.0,100.0,180.0,0.0,0.0,0.0,-1.0,10.0,0.0,0.0,0.0,0.0,0.0,0.0,,0.0,0.0,,,,0.0,0.0,0.0,,0.0,0.0,20.0,0.0,0.0,0.0,20.0,10.0,20.0,0.0,,0.0,,20.0,0.0,0.0,20.0,20.0,0.0,0.0,,0.0,0.0,0.0,0.0,0.0,0.0,0.0,10.0,11.25,0.0,0.0,0.0,0.0,0.0,0.0,0.0,0.0,0.0,0.0,0.0,0.0,0.0,0.0,0.0,0.0,0.0,,,,,,,,,,,,,,,,,,
Mathieu Choiniere,ca CAN,MF,LAFC,26-300,1999,10,7,643,7.1,0.14,0.0,0.14,0.14,0.0,0.0,0.14,0.0,0.08,0.08,0.06,0.14,0.56,5.49,1.41,0.14,0.14,0.14,Matches,2025,7.1,55.9,63.0,88.8,850.4,285.8,0.0,0.08,-0.06,0.7,4.79,1.13,0.0,0.14,0.99,0.28,28.6,0.98,0.28,0.14,0.5,16.6,0.0,0.0,0.0,0.08,0.06,0.06,72.5,1.55,15.1,45.2,12.8,0.7,72.5,0.28,40.0,0.28,40.0,43.5,0.0,0.7,0.99,54.8,3.52,1.83,60.0,1.13,1.41,1.41,1.13,4.65,1.13,0.0,2.82,2.8,0.0,0.0,0.14,0.28,0.28,0.0,0.99,1.41,0.0,0.42,1.13,1.83,0.0,0.0,0.0,5.21,0.99,63.6,,,,,,,,,,,,,,,,,
Dominik Chong Qui,us USA,DF,Atlanta Utd,17-340,2007,3,2,150,1.7,0.0,0.0,0.0,0.0,0.0,0.0,0.0,0.0,0.06,0.06,0.0,0.06,3.53,2.35,4.12,0.0,0.06,0.06,Matches,2025,1.7,18.8,28.2,66.7,265.9,91.2,0.0,0.0,0.0,0.59,1.76,0.59,0.0,0.0,0.59,0.59,100.0,0.6,0.6,0.0,0.0,19.8,0.0,0.0,0.0,0.07,-0.06,-0.06,37.1,3.53,11.2,13.5,12.4,1.76,37.1,0.0,0.0,1.18,100.0,21.8,0.59,1.76,1.76,26.5,2.35,1.18,66.7,0.59,0.0,0.0,0.0,2.35,0.0,0.59,1.18,1.21,0.0,0.0,0.0,0.0,0.0,0.0,0.59,0.0,0.0,2.35,0.0,1.18,0.0,0.0,0.0,2.94,0.59,100.0,,,,,,,,,,,,,,,,,
Léo Chú,br BRA,"FW,MF",FC Dallas,25-242,2000,4,3,210,2.3,0.43,0.0,0.43,0.43,0.0,0.0,0.0,0.0,0.43,0.43,0.13,0.52,0.87,2.61,6.52,0.43,0.52,0.52,Matches,2025,2.3,16.1,21.7,74.0,241.7,55.7,0.0,0.04,-0.13,0.87,2.61,1.3,0.43,0.43,2.61,0.43,16.7,2.57,0.43,0.17,1.0,15.4,0.0,0.0,0.0,0.16,0.0,0.0,33.0,0.87,2.17,13.5,17.8,4.35,33.0,0.43,16.7,2.17,83.3,18.3,0.43,2.17,0.43,23.5,0.0,0.0,0.0,1.3,0.43,0.43,0.87,0.87,0.43,0.0,1.3,1.29,0.0,0.0,0.0,0.0,0.0,0.0,1.3,0.43,0.0,1.3,0.87,0.0,0.0,0.0,0.0,0.87,0.0,0.0,,,,,,,,,,,,,,,,,
José Cifuentes,ec ECU,MF,Toronto FC,26-267,1999,7,6,487,5.4,0.0,0.19,0.19,0.0,0.0,0.0,0.0,0.0,0.06,0.06,0.09,0.15,2.22,5.0,2.22,0.18,0.14,0.14,Matches,2025,5.4,36.5,43.1,84.5,609.1,164.1,0.19,0.06,0.09,2.04,5.19,0.0,0.0,0.0,0.37,0.0,0.0,0.37,0.0,0.0,,23.3,0.0,0.0,0.0,0.14,-0.06,-0.06,52.8,3.7,11.5,29.6,12.6,0.93,52.8,1.85,76.9,0.56,23.1,33.0,0.19,1.67,1.48,36.7,1.67,1.11,37.5,0.93,1.85,1.67,0.19,1.85,2.78,0.37,2.59,2.59,0.0,0.19,0.0,0.37,0.37,0.0,2.04,1.48,0.0,0.74,0.19,1.11,0.0,0.0,0.0,4.26,1.3,53.8,,,,,,,,,,,,,,,,,
Markus Cimermancic,ca CAN,"DF,MF",Toronto FC,21-064,2004,9,3,258,2.9,0.0,0.0,0.0,0.0,0.0,0.0,0.0,0.0,0.0,0.0,0.07,0.1,0.69,2.07,5.86,0.0,0.09,0.09,Matches,2025,2.9,34.1,42.1,81.1,566.9,108.6,0.0,0.03,-0.07,1.38,1.38,0.0,0.0,0.0,0.34,0.0,0.0,0.35,0.0,0.0,,10.7,0.0,0.0,0.0,0.03,0.0,0.0,53.4,2.07,18.3,20.7,15.2,1.72,53.4,1.03,75.0,0.34,25.0,25.9,0.0,2.41,1.03,29.3,3.79,3.45,83.3,0.34,1.72,1.38,0.34,4.14,2.41,0.0,2.07,2.09,0.34,0.0,0.0,0.0,0.0,0.0,2.41,0.69,0.69,0.69,0.34,3.45,0.0,0.0,0.0,6.21,1.03,42.9,,,,,,,,,,,,,,,,,
Caden Clark,us USA,"FW,MF",D.C. United,22-191,2003,4,1,140,1.6,0.0,0.0,0.0,0.0,0.0,0.0,0.63,0.0,0.13,0.13,0.06,0.19,3.75,3.75,5.0,0.0,0.21,0.21,Matches,2025,1.6,16.3,24.4,66.7,278.8,86.9,0.0,0.06,-0.06,0.63,1.25,2.5,1.25,0.0,1.88,0.63,33.3,1.93,0.64,0.0,0.0,18.0,0.0,0.0,0.0,0.07,-0.13,-0.13,33.8,1.88,6.88,11.9,15.0,3.13,33.8,1.25,100.0,0.0,0.0,20.0,1.88,1.25,0.63,21.9,1.88,1.88,66.7,0.63,1.88,1.88,0.63,2.5,1.88,0.0,2.5,2.57,0.63,0.0,0.0,0.0,0.0,0.0,1.25,0.0,0.0,2.5,0.63,1.88,0.0,0.0,0.0,0.63,0.63,33.3,,,,,,,,,,,,,,,,,
Caden Clark,us USA,"FW,MF",CF Montréal,22-191,2003,26,17,1567,17.4,0.0,0.23,0.23,0.0,0.0,0.0,0.29,0.0,0.08,0.08,0.15,0.24,1.38,3.05,5.34,0.23,0.23,0.23,Matches,2025,17.4,17.1,23.1,74.1,263.8,68.3,0.23,0.1,0.08,1.09,1.26,0.92,0.06,0.0,1.09,0.34,31.6,1.09,0.34,0.0,0.0,18.3,0.0,0.0,0.0,0.08,-0.08,-0.08,33.2,0.52,4.66,14.0,15.1,1.95,33.2,0.57,47.6,0.63,52.4,18.2,0.46,2.53,0.92,21.4,2.13,1.15,54.5,0.57,0.92,0.92,0.57,2.7,0.86,0.11,2.82,2.81,0.11,0.29,0.17,0.4,0.4,0.0,1.67,1.21,0.4,1.67,0.57,1.15,0.0,0.0,0.0,2.47,0.4,28.0,,,,,,,,,,,,,,,,,
Noah Cobb,us USA,"DF,FW",Atlanta Utd,20-137,2005,13,3,432,4.8,0.0,0.0,0.0,0.0,0.0,0.0,0.0,0.0,0.0,0.0,0.02,0.04,1.04,3.96,1.25,0.0,0.04,0.04,Matches,2025,4.8,59.2,67.1,88.2,1164.0,406.9,0.0,0.13,-0.02,0.21,6.67,0.21,0.0,0.0,0.21,0.0,0.0,0.21,0.0,0.0,,16.7,0.0,0.0,0.0,0.03,0.0,0.0,79.0,8.54,34.4,41.3,3.75,0.83,79.0,0.21,100.0,0.0,0.0,43.8,0.0,0.63,0.0,54.2,1.67,0.83,60.0,0.83,0.42,0.0,1.04,2.71,6.67,0.42,0.42,0.42,0.0,0.0,0.0,0.0,0.0,0.0,1.88,0.42,0.0,0.63,1.04,0.83,0.0,0.0,0.0,3.54,2.29,50.0,,,,,,,,,,,,,,,,,
Noah Cobb,us USA,DF,Colorado Rapids,20-137,2005,4,4,360,4.0,0.0,0.0,0.0,0.0,0.0,0.0,0.0,0.0,0.05,0.05,0.0,0.05,0.25,4.25,0.0,0.0,0.05,0.05,Matches,2025,4.0,43.5,49.8,87.4,821.5,255.8,0.0,0.0,0.0,0.0,2.25,0.0,0.0,0.0,0.5,0.25,50.0,0.5,0.25,0.0,0.0,7.5,0.0,0.0,0.0,0.12,-0.05,-0.05,62.5,6.5,31.8,29.3,1.75,0.75,62.5,0.0,,0.0,,40.0,0.0,0.25,0.0,43.0,2.0,1.0,83.3,0.25,1.75,0.25,1.25,3.25,5.0,0.0,0.25,0.25,0.0,0.0,0.0,0.0,0.0,0.0,0.25,1.25,0.0,0.0,1.25,1.0,0.0,0.0,0.0,2.25,0.5,22.2,,,,,,,,,,,,,,,,,
Alonso Coello,es ESP,MF,Toronto FC,26-053,1999,31,24,2168,24.1,0.04,0.0,0.04,0.04,0.0,0.0,0.17,0.04,0.03,0.03,0.09,0.12,0.62,5.48,0.71,0.04,0.12,0.12,Matches,2025,24.1,53.1,63.9,83.1,1035.6,387.2,0.0,0.08,-0.09,1.12,6.47,0.5,0.12,0.04,0.54,0.21,38.5,0.54,0.21,0.08,0.2,25.7,0.08,0.0,0.0,0.05,0.01,0.01,74.4,4.81,24.1,40.7,10.2,0.33,74.4,0.83,69.0,0.37,31.0,43.8,0.04,1.2,0.37,50.4,3.15,1.66,62.3,0.95,1.08,0.91,1.45,4.61,2.16,0.04,2.78,2.78,0.0,0.0,0.17,0.08,0.08,0.0,1.08,0.62,0.0,2.7,1.45,1.66,0.0,0.0,0.0,5.23,1.08,60.5,,,,,,,,,,,,,,,,,
Theo Corbeanu,ca CAN,"FW,MF",Toronto FC,23-201,2002,32,26,2300,25.6,0.23,0.08,0.31,0.2,0.04,0.04,0.08,0.0,0.2,0.17,0.14,0.31,7.07,1.45,8.55,0.27,0.34,0.31,Matches,2025,25.6,21.4,29.8,72.0,361.0,55.9,0.08,0.1,-0.06,1.29,0.74,1.17,1.02,0.23,2.15,0.94,43.6,2.15,0.94,0.09,0.21,17.3,0.0,0.04,0.04,0.08,0.04,0.03,41.4,0.35,3.48,17.1,22.3,4.26,41.3,2.34,51.7,1.88,41.4,29.6,2.34,2.89,0.94,32.4,0.63,0.23,33.3,0.78,0.82,0.78,0.39,1.02,0.47,0.0,2.73,2.74,0.31,0.16,0.04,0.23,0.23,0.0,0.94,1.41,0.35,5.31,0.39,0.23,0.04,0.0,0.0,3.95,0.63,40.0,,,,,,,,,,,,,,,,,
Matthew Corcoran,us USA,MF,Nashville SC,19-290,2006,8,3,257,2.9,0.0,0.0,0.0,0.0,0.0,0.0,0.34,0.0,0.0,0.0,0.0,0.0,2.07,3.79,1.03,0.0,0.01,0.01,Matches,2025,2.9,61.0,72.1,84.7,957.9,310.0,0.0,0.07,0.0,0.34,7.59,0.34,0.0,0.0,0.0,0.0,,0.0,0.0,,,,0.0,0.0,0.0,,0.0,0.0,80.7,1.72,23.1,50.7,7.93,0.69,80.7,0.0,0.0,0.34,50.0,53.1,0.0,2.07,1.72,60.3,3.1,1.72,60.0,0.69,0.69,0.69,0.69,3.79,1.03,0.0,2.41,2.45,0.0,0.0,0.34,0.69,0.7,0.0,1.72,0.34,0.0,0.0,0.69,1.72,0.0,0.0,0.0,4.83,0.0,0.0,,,,,,,,,,,,,,,,,
David Costa,pt POR,"MF,FW",Portland Timbers,24-333,2001,32,28,2514,27.9,0.14,0.22,0.36,0.14,0.0,0.0,0.07,0.0,0.15,0.15,0.2,0.35,4.84,6.27,6.74,0.36,0.35,0.35,Matches,2025,27.9,39.2,48.1,81.4,624.9,167.3,0.22,0.27,0.02,2.08,4.05,1.86,0.29,0.14,1.61,0.68,42.2,1.61,0.68,0.09,0.21,18.9,0.22,0.0,0.0,0.1,-0.01,-0.01,55.6,0.43,5.27,27.2,23.9,3.33,55.6,1.25,48.6,1.33,51.4,39.6,1.18,2.04,0.97,44.9,0.39,0.14,30.8,0.32,0.47,0.47,0.25,0.65,0.32,0.07,4.01,4.01,0.11,0.04,0.0,0.36,0.36,0.0,0.36,0.43,0.11,3.84,0.25,0.14,0.0,0.0,0.0,3.05,0.04,20.0,,,,,,,,,,,,,,,,,
Vitor Costa,br BRA,"DF,MF",SJ Earthquakes,31-156,1994,25,19,1612,17.9,0.06,0.11,0.17,0.06,0.0,0.0,0.28,0.0,0.16,0.16,0.13,0.28,2.23,3.13,7.26,0.17,0.29,0.29,Matches,2025,17.9,38.7,48.7,79.4,625.3,189.1,0.11,0.15,-0.02,1.45,2.35,1.45,0.73,0.06,1.23,0.17,13.6,1.23,0.17,0.05,0.33,15.5,0.0,0.0,0.0,0.13,-0.1,-0.1,60.1,3.07,13.7,25.6,21.2,3.24,60.1,0.39,35.0,0.67,60.0,32.1,0.67,0.84,0.39,34.8,1.9,1.28,39.3,0.95,1.4,1.12,1.06,2.96,3.58,0.06,2.79,2.79,0.06,0.22,0.0,0.34,0.33,0.0,0.67,1.34,0.34,3.24,1.06,1.28,0.06,0.0,0.0,4.53,0.84,57.7,,,,,,,,,,,,,,,,,
Baye Coulibaly,ml MLI,MF,Charlotte,19-330,2006,2,0,10,0.1,0.0,0.0,0.0,0.0,0.0,0.0,0.0,0.0,0.0,0.0,0.0,0.0,0.0,0.0,0.0,0.0,0.0,0.0,Matches,2025,0.1,20.0,30.0,66.7,270.0,0.0,0.0,0.0,0.0,0.0,0.0,0.0,0.0,0.0,0.0,0.0,,0.0,0.0,,,,0.0,0.0,0.0,,0.0,0.0,60.0,20.0,50.0,10.0,0.0,0.0,60.0,0.0,,0.0,,10.0,0.0,10.0,0.0,10.0,10.0,0.0,,0.0,0.0,0.0,10.0,20.0,0.0,0.0,0.0,0.0,0.0,0.0,0.0,0.0,0.0,0.0,0.0,0.0,0.0,0.0,10.0,0.0,0.0,0.0,0.0,20.0,0.0,,,,,,,,,,,,,,,,,,
Antoine Coupland,ca CAN,FW,Vancouver W'caps,21-357,2003,2,0,16,0.2,5.0,0.0,5.0,5.0,0.0,0.0,0.0,0.0,0.0,0.0,0.0,0.0,0.0,5.0,5.0,5.63,0.24,0.24,Matches,2025,0.2,15.0,20.0,75.0,305.0,100.0,0.0,0.5,0.0,0.0,0.0,5.0,0.0,5.0,5.0,5.0,100.0,5.63,5.63,1.0,1.0,15.1,0.0,0.0,0.0,0.04,5.0,5.0,40.0,0.0,10.0,10.0,25.0,10.0,40.0,10.0,66.7,5.0,33.3,25.0,0.0,10.0,0.0,20.0,0.0,0.0,,0.0,0.0,0.0,0.0,0.0,0.0,0.0,0.0,0.0,0.0,0.0,0.0,0.0,0.0,0.0,10.0,0.0,0.0,5.0,0.0,0.0,0.0,0.0,0.0,10.0,0.0,,,,,,,,,,,,,,,,,,
Brandan Craig,us USA,"DF,MF",CF Montréal,21-241,2004,23,14,1439,16.0,0.0,0.0,0.0,0.0,0.0,0.0,0.19,0.0,0.04,0.04,0.02,0.06,0.19,3.31,0.31,0.0,0.06,0.06,Matches,2025,16.0,44.4,54.8,81.1,948.0,400.2,0.0,0.04,-0.02,0.5,4.0,0.13,0.06,0.0,0.75,0.19,25.0,0.75,0.19,0.0,0.0,23.4,0.38,0.0,0.0,0.05,-0.04,-0.04,64.1,7.19,32.5,26.6,5.19,0.31,64.1,0.13,66.7,0.06,33.3,34.4,0.0,0.19,0.13,40.3,1.38,0.94,57.1,0.38,1.0,0.38,0.94,2.31,4.56,0.0,1.31,1.31,0.0,0.0,0.06,0.06,0.06,0.0,0.69,0.56,0.0,2.5,0.94,0.94,0.0,0.0,0.0,2.56,1.19,47.5,,,,,,,,,,,,,,,,,
Ben Cremaschi,us USA,"MF,FW",Inter Miami,20-277,2005,22,16,1388,15.4,0.06,0.13,0.19,0.06,0.0,0.0,0.39,0.0,0.1,0.1,0.16,0.26,1.3,2.66,5.65,0.19,0.26,0.26,Matches,2025,15.4,37.2,45.5,81.9,572.7,120.7,0.13,0.15,-0.03,1.04,1.69,0.78,0.19,0.06,0.78,0.19,25.0,0.78,0.19,0.08,0.33,15.4,0.06,0.0,0.0,0.13,-0.04,-0.04,55.1,0.71,10.2,26.3,19.5,2.27,55.1,0.78,40.0,1.04,53.3,33.1,0.45,1.56,0.71,38.7,2.4,1.36,51.5,1.04,0.91,0.84,0.71,3.12,0.32,0.0,2.08,2.07,0.0,0.0,0.06,0.26,0.26,0.0,1.17,0.84,0.06,2.27,0.71,1.36,0.0,0.0,0.0,4.81,0.84,50.0,,,,,,,,,,,,,,,,,
Andrés Cubas,py PAR,MF,Vancouver W'caps,29-196,1996,26,25,1980,22.0,0.0,0.0,0.0,0.0,0.0,0.0,0.41,0.0,0.02,0.02,0.01,0.03,0.32,5.45,0.68,0.0,0.03,0.03,Matches,2025,22.0,45.6,51.1,89.2,840.1,236.2,0.0,0.03,-0.01,0.32,6.41,0.41,0.05,0.0,0.36,0.05,12.5,0.36,0.05,0.0,0.0,24.9,0.0,0.0,0.0,0.05,-0.02,-0.02,60.8,2.32,13.0,39.5,8.73,0.27,60.8,0.5,61.1,0.32,38.9,32.5,0.05,0.91,0.86,39.6,3.0,2.05,42.9,1.27,1.59,1.23,1.55,4.55,1.41,0.0,1.36,1.37,0.05,0.0,0.09,0.09,0.09,0.0,2.77,0.73,0.0,0.18,1.55,2.05,0.0,0.0,0.0,5.95,0.41,45.0,,,,,,,,,,,,,,,,,
Mauricio Cuevas,us USA,"DF,FW",LA Galaxy,22-297,2003,24,8,791,8.8,0.23,0.34,0.57,0.23,0.0,0.0,0.45,0.0,0.06,0.06,0.32,0.37,2.39,4.32,11.7,0.57,0.38,0.38,Matches,2025,8.8,48.3,63.2,76.4,756.1,275.7,0.34,0.3,0.02,1.36,3.3,1.93,0.8,0.23,0.57,0.23,40.0,0.57,0.23,0.4,1.0,22.0,0.11,0.0,0.0,0.11,0.17,0.17,73.4,3.3,16.9,26.5,30.1,2.16,73.4,0.68,42.9,0.8,50.0,42.0,0.57,1.48,0.8,50.7,2.39,1.82,60.9,1.02,1.14,0.91,0.34,2.73,2.16,0.11,3.07,3.08,0.11,0.11,0.0,0.8,0.8,0.0,0.91,1.14,0.23,6.48,0.34,1.82,0.0,0.0,0.0,3.75,0.34,23.1,,,,,,,,,,,,,,,,,
Christopher Cupps,us USA,DF,Chicago Fire,17-192,2008,4,3,285,3.2,0.0,0.0,0.0,0.0,0.0,0.0,0.31,0.0,0.0,0.0,0.0,0.0,0.0,0.31,0.0,0.0,0.0,0.0,Matches,2025,3.2,50.6,54.1,93.6,889.4,418.1,0.0,0.0,0.0,0.0,0.63,0.0,0.0,0.0,0.0,0.0,,0.0,0.0,,,,0.0,0.0,0.0,,0.0,0.0,68.8,17.2,46.9,22.2,0.0,0.0,68.8,0.0,,0.0,,39.1,0.0,0.0,0.0,45.0,1.56,0.63,100.0,0.0,1.88,0.31,0.31,1.88,9.06,0.0,0.31,0.32,0.0,0.0,0.0,0.0,0.0,0.0,0.94,0.0,0.0,0.0,0.31,0.63,0.0,0.0,0.0,2.5,0.94,37.5,,,,,,,,,,,,,,,,,
Hugo Cuypers,be BEL,FW,Chicago Fire,28-300,1997,33,33,2801,31.1,0.55,0.06,0.61,0.45,0.1,0.13,0.0,0.0,0.63,0.52,0.13,0.65,1.0,1.61,4.92,0.51,0.76,0.65,Matches,2025,31.1,12.7,17.9,71.0,183.0,36.0,0.06,0.1,-0.06,1.09,0.87,0.45,0.03,0.55,2.54,1.22,48.1,2.54,1.22,0.18,0.37,11.9,0.0,0.1,0.13,0.21,-0.08,-0.07,30.0,1.19,3.25,13.9,13.2,4.5,29.8,0.39,30.8,0.77,61.5,14.8,0.55,2.64,0.71,19.1,1.48,1.03,37.0,0.93,1.16,1.06,0.68,2.15,1.13,0.0,2.38,2.38,0.19,0.16,0.0,0.19,0.19,0.0,1.06,1.0,0.58,0.29,0.68,1.03,0.03,0.0,0.0,2.19,1.54,39.7,,,,,,,,,,,,,,,,,
Bruno Damiani,uy URU,"FW,MF",Philadelphia Union,23-230,2002,33,23,2030,22.6,0.31,0.04,0.35,0.27,0.04,0.09,0.27,0.0,0.53,0.42,0.08,0.5,0.44,2.08,4.73,0.31,0.6,0.5,Matches,2025,22.6,19.1,27.6,69.3,238.9,46.1,0.04,0.11,-0.03,1.37,1.37,0.53,0.04,0.31,3.14,1.37,43.7,3.15,1.37,0.08,0.19,13.0,0.0,0.04,0.09,0.13,-0.22,-0.15,42.9,1.55,3.41,19.5,20.3,5.18,42.8,0.31,26.9,0.75,65.4,22.2,0.22,3.58,1.99,31.4,1.19,0.84,42.1,0.49,1.37,1.28,0.71,1.9,1.33,0.0,2.7,2.7,0.0,0.27,0.0,0.18,0.18,0.0,2.96,3.27,0.22,0.18,0.71,0.84,0.04,0.0,0.0,3.23,4.91,47.6,,,,,,,,,,,,,,,,,
Dagur Dan Þórhallsson,is ISL,"MF,DF",Orlando City,25-216,2000,31,11,1116,12.4,0.24,0.0,0.24,0.24,0.0,0.0,0.24,0.0,0.19,0.19,0.05,0.24,2.1,2.58,4.35,0.24,0.24,0.24,Matches,2025,12.4,39.6,45.2,87.5,577.5,115.0,0.0,0.09,-0.05,0.81,1.77,0.56,0.16,0.24,0.65,0.24,37.5,0.65,0.24,0.38,1.0,14.1,0.0,0.0,0.0,0.3,0.05,0.05,56.0,2.9,16.5,24.4,15.9,1.77,56.0,1.29,66.7,0.56,29.2,31.8,0.48,1.21,0.89,36.4,1.61,1.05,38.1,1.05,1.05,0.48,0.56,2.18,2.98,0.08,2.5,2.5,0.08,0.08,0.0,0.16,0.16,0.0,0.81,1.29,0.08,0.89,0.56,1.05,0.0,0.0,0.0,5.73,0.56,38.9,,,,,,,,,,,,,,,,,
Jesús Daniel Bueno,ve VEN,MF,Philadelphia Union,26-233,1999,20,11,906,10.1,0.1,0.0,0.1,0.1,0.0,0.0,0.3,0.0,0.08,0.08,0.04,0.13,0.89,3.37,1.19,0.1,0.13,0.13,Matches,2025,10.1,34.1,43.2,78.9,539.0,138.1,0.0,0.08,-0.04,0.59,2.67,0.79,0.1,0.1,1.29,0.3,23.1,1.29,0.3,0.08,0.33,19.0,0.0,0.0,0.0,0.06,0.02,0.02,54.3,0.89,11.3,30.8,13.4,0.99,54.3,0.3,25.0,0.69,58.3,24.3,0.1,1.49,0.79,28.2,2.77,1.58,52.4,0.99,1.58,1.49,1.09,3.86,0.69,0.0,2.77,2.79,0.0,0.2,0.1,0.0,0.0,0.0,1.78,1.78,0.1,1.39,1.09,1.58,0.0,0.2,0.0,6.53,0.89,64.3,,,,,,,,,,,,,,,,,
Héctor David Martínez,py PAR,DF,Inter Miami,27-317,1998,9,3,382,4.2,0.24,0.0,0.24,0.24,0.0,0.0,0.71,0.0,0.05,0.05,0.17,0.21,0.71,4.29,0.48,0.24,0.21,0.21,Matches,2025,4.2,61.4,73.3,83.8,1224.3,394.5,0.0,0.07,-0.17,0.95,3.81,0.48,0.0,0.24,0.71,0.24,33.3,0.71,0.24,0.33,1.0,8.2,0.0,0.0,0.0,0.08,0.19,0.19,88.1,11.2,43.8,41.2,3.81,1.43,88.1,0.0,,0.0,,52.6,0.0,0.71,0.0,61.7,3.57,1.43,66.7,0.95,0.95,0.48,0.48,4.05,6.67,0.0,0.71,0.71,0.0,0.0,0.0,0.24,0.24,0.0,1.67,0.0,0.0,0.0,0.48,1.43,0.0,0.0,0.0,4.52,1.19,71.4,,,,,,,,,,,,,,,,,
Juan David Mosquera,co COL,DF,Portland Timbers,23-090,2002,28,26,2266,25.2,0.04,0.08,0.12,0.04,0.0,0.0,0.08,0.0,0.04,0.04,0.14,0.18,2.74,3.89,5.87,0.12,0.18,0.18,Matches,2025,25.2,43.1,51.9,83.1,713.3,237.5,0.08,0.13,-0.06,1.07,2.98,1.39,0.56,0.04,0.83,0.2,23.8,0.83,0.2,0.05,0.2,20.5,0.0,0.0,0.0,0.05,0.0,0.0,60.6,2.54,14.4,27.9,19.2,1.79,60.6,0.75,50.0,0.63,42.1,34.0,0.75,1.27,0.87,37.9,1.39,0.91,50.0,0.79,0.79,0.75,0.4,1.79,2.06,0.04,2.18,2.18,0.08,0.12,0.0,0.28,0.28,0.0,0.36,0.99,0.0,3.53,0.4,0.91,0.04,0.0,0.0,5.44,0.4,43.5,,,,,,,,,,,,,,,,,
Edward Davis,us USA,FW,Philadelphia Union,19-170,2006,1,0,3,0.0,0.0,0.0,0.0,0.0,0.0,0.0,0.0,0.0,0.0,0.0,0.0,0.0,0.0,0.0,1.0,0.0,0.0,0.0,Matches,2025,0.0,0.0,0.0,,0.0,0.0,0.0,0.0,0.0,0.0,0.0,0.0,0.0,0.0,0.0,0.0,,0.0,0.0,,,,0.0,0.0,0.0,,0.0,0.0,1.0,0.0,0.0,0.0,1.0,0.0,1.0,0.0,,0.0,,1.0,0.0,0.0,1.0,1.0,0.0,0.0,,0.0,0.0,0.0,0.0,0.0,0.0,0.0,0.0,0.0,0.0,0.0,0.0,0.0,0.0,0.0,0.0,0.0,0.0,0.0,0.0,0.0,0.0,0.0,0.0,0.0,0.0,,,,,,,,,,,,,,,,,,
Jake Davis,us USA,"MF,DF",Sporting KC,23-335,2002,28,19,1865,20.7,0.0,0.05,0.05,0.0,0.0,0.0,0.34,0.05,0.05,0.05,0.11,0.17,1.64,7.05,3.96,0.05,0.17,0.17,Matches,2025,20.7,46.8,58.4,80.1,754.3,244.3,0.05,0.14,-0.06,1.16,5.07,1.45,0.34,0.0,1.06,0.14,13.6,1.06,0.14,0.0,0.0,23.2,0.14,0.0,0.0,0.05,-0.05,-0.05,68.2,1.45,10.0,33.5,25.1,1.74,68.2,1.01,70.0,0.39,26.7,37.9,0.39,1.64,0.53,46.1,2.03,1.16,31.3,1.59,0.97,0.82,1.06,3.09,1.26,0.05,2.51,2.51,0.1,0.1,0.0,0.24,0.24,0.05,1.45,0.68,0.0,3.24,1.06,1.16,0.0,0.0,0.0,4.54,0.43,37.5,,,,,,,,,,,,,,,,,
Pedro De la Vega,ar ARG,"FW,MF",Seattle Sounders,24-300,2001,26,15,1173,13.0,0.31,0.31,0.62,0.31,0.0,0.0,0.0,0.0,0.22,0.22,0.22,0.45,3.08,3.0,8.08,0.61,0.44,0.44,Matches,2025,13.0,31.2,38.7,80.7,448.8,83.2,0.31,0.15,0.08,1.46,1.46,1.15,0.31,0.31,2.92,0.69,23.7,2.92,0.69,0.11,0.44,20.3,0.08,0.0,0.0,0.08,0.08,0.08,51.8,0.54,5.62,21.8,25.6,3.69,51.8,2.62,50.7,2.23,43.3,36.3,0.77,1.92,1.38,39.5,1.46,0.85,45.0,0.85,1.31,1.23,0.62,2.08,0.31,0.08,3.54,3.53,0.62,0.08,0.08,0.38,0.38,0.0,1.23,1.85,0.08,3.0,0.62,0.85,0.0,0.0,0.0,5.38,0.62,57.1,,,,,,,,,,,,,,,,,
Rodrigo De Paul,ar ARG,MF,Inter Miami,31-194,1994,11,9,890,9.9,0.0,0.3,0.3,0.0,0.0,0.0,0.2,0.0,0.08,0.08,0.11,0.2,2.73,9.29,3.64,0.3,0.2,0.2,Matches,2025,9.9,67.7,79.7,84.9,1272.5,332.4,0.3,0.18,0.19,1.72,8.08,1.72,0.4,0.0,1.11,0.0,0.0,1.11,0.0,0.0,,23.5,0.0,0.0,0.0,0.08,-0.08,-0.08,86.6,1.62,12.3,51.2,24.0,1.62,86.6,0.91,45.0,0.91,45.0,58.8,0.3,1.11,0.91,69.4,1.11,0.61,53.8,0.61,0.3,0.2,0.3,1.41,0.61,0.1,4.24,4.25,0.0,0.2,0.0,0.51,0.51,0.0,1.82,2.12,0.1,2.93,0.3,0.61,0.1,0.0,0.0,5.56,0.1,50.0,,,,,,,,,,,,,,,,,
Osaze De Rosario,gy GUY,FW,Seattle Sounders,24-138,2001,12,3,259,2.9,0.34,0.0,0.34,0.34,0.0,0.0,0.69,0.0,1.14,1.14,0.0,1.14,1.03,0.34,4.14,0.35,1.15,1.15,Matches,2025,2.9,11.7,15.2,77.3,125.5,12.1,0.0,0.03,0.0,0.0,0.34,0.0,0.0,0.34,6.21,1.38,22.2,6.25,1.39,0.06,0.25,14.1,0.0,0.0,0.0,0.18,-0.79,-0.79,29.7,0.69,2.41,12.1,15.9,5.86,29.7,0.69,40.0,1.03,60.0,16.6,0.34,3.79,1.38,23.1,1.03,0.34,100.0,0.0,0.34,0.34,0.34,1.38,0.69,0.0,0.34,0.35,0.34,0.0,0.0,0.0,0.0,0.0,2.07,2.07,0.69,0.0,0.34,0.34,0.0,0.0,0.0,3.45,4.48,65.0,,,,,,,,,,,,,,,,,
Jonathan Dean,us USA,"DF,MF",Chicago Fire,28-203,1997,29,18,1672,18.6,0.05,0.16,0.22,0.05,0.0,0.0,0.11,0.0,0.06,0.06,0.09,0.15,1.67,3.01,5.32,0.22,0.15,0.15,Matches,2025,18.6,34.0,43.3,78.6,550.2,167.8,0.16,0.08,0.07,0.65,1.88,0.81,0.16,0.05,0.43,0.22,50.0,0.43,0.22,0.13,0.25,16.1,0.0,0.0,0.0,0.15,-0.01,-0.01,55.3,4.03,19.7,21.1,14.7,1.83,55.3,0.54,62.5,0.32,37.5,23.8,0.22,0.65,0.27,30.8,2.04,0.97,80.0,0.22,1.45,0.97,1.83,3.87,3.82,0.0,1.45,1.45,0.0,0.05,0.0,0.22,0.22,0.0,1.02,0.75,0.0,1.24,1.83,0.97,0.0,0.0,0.0,1.94,1.29,46.2,,,,,,,,,,,,,,,,,
Louicius Deedson,ht HAI,FW,FC Dallas,24-296,2001,2,0,23,0.3,0.0,0.0,0.0,0.0,0.0,0.0,0.0,0.0,0.0,0.0,0.0,0.0,0.0,0.0,3.33,0.0,0.07,0.07,Matches,2025,0.3,6.67,13.3,50.0,126.7,0.0,0.0,0.0,0.0,0.0,0.0,0.0,0.0,0.0,3.33,0.0,0.0,3.91,0.0,0.0,,28.4,0.0,0.0,0.0,0.02,0.0,0.0,20.0,3.33,3.33,6.67,10.0,0.0,20.0,0.0,,0.0,,6.67,0.0,0.0,0.0,6.67,0.0,0.0,,0.0,3.33,3.33,0.0,0.0,3.33,0.0,0.0,0.0,0.0,0.0,0.0,0.0,0.0,0.0,10.0,0.0,0.0,0.0,0.0,0.0,0.0,0.0,0.0,0.0,0.0,,,,,,,,,,,,,,,,,,
Marky Delgado,us USA,MF,LAFC,30-202,1995,34,30,2570,28.6,0.1,0.1,0.21,0.1,0.0,0.0,0.14,0.0,0.07,0.07,0.1,0.17,1.08,9.44,2.45,0.21,0.17,0.17,Matches,2025,28.6,62.5,71.0,88.0,1019.5,301.0,0.1,0.14,0.0,1.33,9.65,1.54,0.1,0.1,0.63,0.24,38.9,0.63,0.25,0.17,0.43,18.1,0.03,0.0,0.0,0.11,0.04,0.04,80.2,1.96,12.6,49.7,18.6,0.87,80.2,0.59,65.4,0.21,23.1,48.4,0.03,1.29,0.7,60.0,1.99,1.36,48.2,1.01,1.43,1.22,1.29,3.29,0.98,0.0,3.25,3.26,0.07,0.1,0.14,0.49,0.49,0.0,0.94,1.22,0.03,0.91,1.29,1.36,0.0,0.0,0.0,6.33,0.52,46.9,,,,,,,,,,,,,,,,,
Patrickson Delgado,ec ECU,"MF,FW",FC Dallas,22-048,2003,30,22,1709,19.0,0.05,0.32,0.37,0.05,0.0,0.0,0.16,0.0,0.11,0.11,0.15,0.26,1.84,3.89,3.79,0.37,0.26,0.26,Matches,2025,19.0,34.3,44.0,78.0,544.6,177.9,0.32,0.15,0.16,1.47,3.53,1.0,0.47,0.05,1.26,0.21,16.7,1.26,0.21,0.04,0.25,22.9,0.05,0.0,0.0,0.08,-0.05,-0.05,54.8,2.16,10.8,26.1,18.6,1.16,54.8,0.63,52.2,0.47,39.1,27.1,0.11,1.63,1.11,36.2,2.0,1.47,60.6,0.68,1.79,1.53,0.84,2.84,1.42,0.11,2.68,2.69,0.0,0.11,0.05,0.42,0.42,0.0,0.89,1.37,0.05,3.53,0.84,1.47,0.0,0.05,0.0,4.05,0.58,26.2,,,,,,,,,,,,,,,,,
Kévin Denkey,tg TOG,FW,FC Cincinnati,25-004,2000,29,26,2273,25.3,0.59,0.04,0.63,0.47,0.12,0.12,0.28,0.0,0.43,0.34,0.09,0.43,1.54,1.46,5.77,0.51,0.52,0.43,Matches,2025,25.3,16.5,19.9,82.9,224.4,36.2,0.04,0.07,-0.05,0.99,0.99,0.59,0.04,0.59,2.92,1.3,44.6,2.93,1.31,0.16,0.36,16.6,0.0,0.12,0.12,0.12,0.16,0.13,31.6,0.51,2.41,14.1,15.5,4.23,31.5,0.95,44.4,1.11,51.9,19.1,0.63,3.56,2.06,24.3,0.43,0.28,30.8,0.36,0.2,0.12,0.32,0.75,0.47,0.0,2.65,2.65,0.2,0.2,0.08,0.24,0.24,0.0,1.38,1.3,0.79,0.12,0.32,0.28,0.04,0.04,0.0,2.65,1.62,40.2,,,,,,,,,,,,,,,,,
Mikkel Desler,dk DEN,"DF,MF",Austin,30-288,1995,20,18,1338,14.9,0.07,0.2,0.27,0.07,0.0,0.0,0.34,0.0,0.07,0.07,0.06,0.13,1.07,4.56,2.62,0.27,0.14,0.14,Matches,2025,14.9,43.7,49.9,87.6,688.7,197.0,0.2,0.12,0.14,0.54,3.62,0.54,0.2,0.07,0.47,0.07,14.3,0.47,0.07,0.14,1.0,16.6,0.0,0.0,0.0,0.15,-0.01,-0.01,62.1,4.77,19.1,28.9,14.6,1.34,62.1,0.54,47.1,0.54,47.1,33.4,0.13,0.74,0.67,37.0,2.75,1.48,65.0,0.94,1.61,1.07,0.94,3.69,4.23,0.07,1.14,1.14,0.07,0.0,0.0,0.2,0.2,0.0,1.14,1.21,0.13,1.28,0.94,1.48,0.0,0.13,0.0,3.15,0.81,60.0,,,,,,,,,,,,,,,,,
Djibril Diani,fr FRA,MF,Charlotte,27-296,1998,25,14,1152,12.8,0.0,0.0,0.0,0.0,0.0,0.0,0.08,0.0,0.06,0.06,0.02,0.09,1.33,3.44,1.48,0.0,0.09,0.09,Matches,2025,12.8,37.4,41.3,90.5,647.8,154.8,0.0,0.04,-0.02,0.39,4.92,0.55,0.16,0.0,0.7,0.39,55.6,0.7,0.39,0.0,0.0,17.6,0.0,0.0,0.0,0.09,-0.06,-0.06,53.2,2.97,14.3,27.3,11.8,1.09,53.2,0.31,33.3,0.55,58.3,29.3,0.31,1.02,0.78,34.5,3.36,2.11,60.7,0.86,1.72,1.25,1.95,5.31,1.8,0.0,1.02,1.02,0.0,0.0,0.0,0.16,0.16,0.0,1.88,1.02,0.0,0.63,1.95,2.11,0.0,0.08,0.0,3.44,1.09,35.9,,,,,,,,,,,,,,,,,
Jefferson Díaz,co COL,DF,Minnesota Utd,24-364,2000,27,24,1899,21.1,0.0,0.14,0.14,0.0,0.0,0.0,0.14,0.0,0.05,0.05,0.07,0.12,0.85,2.7,1.23,0.14,0.12,0.12,Matches,2025,21.1,29.4,38.7,75.9,475.6,227.3,0.14,0.05,0.07,0.66,2.37,0.57,0.14,0.0,0.76,0.14,18.8,0.76,0.14,0.0,0.0,13.6,0.0,0.0,0.0,0.06,-0.05,-0.05,49.6,5.5,21.8,20.7,7.35,2.42,49.6,0.71,71.4,0.24,23.8,22.9,0.09,0.62,0.47,27.6,1.23,0.81,46.9,0.81,1.33,0.76,1.14,2.37,4.6,0.14,1.18,1.18,0.09,0.0,0.0,0.19,0.19,0.0,1.52,0.71,0.09,0.76,1.14,0.81,0.0,0.0,0.0,3.74,2.09,48.4,,,,,,,,,,,,,,,,,
Luis Díaz,cr CRC,"FW,DF",NE Revolution,26-363,1998,19,1,398,4.4,0.0,0.23,0.23,0.0,0.0,0.0,0.45,0.0,0.2,0.2,0.45,0.66,3.18,1.59,13.2,0.23,0.65,0.65,Matches,2025,4.4,27.5,35.9,76.6,381.8,88.9,0.23,0.32,-0.23,1.36,0.91,1.59,0.91,0.0,2.95,1.36,46.2,2.94,1.36,0.0,0.0,17.2,0.0,0.0,0.0,0.07,-0.2,-0.2,54.5,0.91,6.82,19.3,29.1,6.14,54.5,1.36,27.3,2.73,54.5,35.2,2.5,5.23,0.91,38.2,2.95,1.36,66.7,0.68,0.23,0.23,0.45,3.41,0.45,0.0,4.32,4.28,0.23,0.91,0.0,0.68,0.68,0.0,1.82,4.77,0.68,4.32,0.45,1.36,0.0,0.0,0.0,4.09,0.91,40.0,,,,,,,,,,,,,,,,,
Mamadou Dieng,sn SEN,FW,Minnesota Utd,21-303,2004,4,1,114,1.3,0.0,0.0,0.0,0.0,0.0,0.0,0.0,0.0,0.54,0.54,0.0,0.54,1.54,2.31,3.08,0.0,0.51,0.51,Matches,2025,1.3,10.0,16.2,61.9,142.3,28.5,0.0,0.0,0.0,0.0,0.0,0.0,0.0,0.0,2.31,0.0,0.0,2.37,0.0,0.0,,7.9,0.0,0.0,0.0,0.22,-0.54,-0.54,25.4,0.77,2.31,8.46,14.6,4.62,25.4,0.0,,0.0,,11.5,0.77,3.85,1.54,17.7,0.77,0.0,,0.0,0.0,0.0,0.0,0.77,0.0,0.0,0.0,0.0,0.0,0.0,0.0,0.0,0.0,0.0,1.54,0.77,0.77,1.54,0.0,0.0,0.0,0.0,0.0,1.54,5.38,63.6,,,,,,,,,,,,,,,,,
Javairô Dilrosun,nl NED,FW,LAFC,27-165,1998,6,6,429,4.8,0.42,0.0,0.42,0.42,0.0,0.0,0.0,0.0,0.19,0.19,0.06,0.25,3.75,2.71,10.0,0.42,0.24,0.24,Matches,2025,4.8,28.3,34.4,82.4,453.1,75.4,0.0,0.15,-0.06,0.63,1.46,1.25,0.0,0.42,2.5,1.04,41.7,2.52,1.05,0.17,0.4,16.6,0.0,0.0,0.0,0.07,0.23,0.23,43.5,0.63,4.79,13.1,26.0,4.38,43.5,0.63,27.3,1.04,45.5,29.6,2.29,1.67,0.83,35.4,0.42,0.21,33.3,0.42,0.83,0.83,0.21,0.63,0.63,0.0,2.5,2.52,0.21,0.21,0.0,0.21,0.21,0.0,0.0,1.25,0.0,1.67,0.21,0.21,0.0,0.0,0.0,2.08,0.0,0.0,,,,,,,,,,,,,,,,,
Hamady Diop,sn SEN,DF,San Diego FC,23-181,2002,7,0,196,2.2,0.0,0.0,0.0,0.0,0.0,0.0,0.45,0.0,0.05,0.05,0.05,0.09,1.82,8.18,0.91,0.0,0.09,0.09,Matches,2025,2.2,84.1,92.7,90.7,1355.0,549.1,0.0,0.05,-0.05,1.36,10.5,0.0,0.0,0.0,0.91,0.45,50.0,0.92,0.46,0.0,0.0,31.5,0.45,0.0,0.0,0.04,-0.05,-0.05,102.3,3.64,27.3,60.9,14.5,0.0,102.3,0.45,33.3,0.45,33.3,64.5,0.0,1.36,0.45,75.5,0.91,0.91,25.0,1.36,1.36,0.91,0.45,1.36,3.64,0.0,3.64,3.67,0.0,0.0,0.0,0.45,0.46,0.0,1.82,2.27,0.0,1.82,0.45,0.91,0.0,0.0,0.0,1.82,1.82,66.7,,,,,,,,,,,,,,,,,
Innocent Dje,ci CIV,MF,Chicago Fire,22-213,2003,21,11,1169,13.0,0.15,0.08,0.23,0.15,0.0,0.0,0.31,0.08,0.02,0.02,0.08,0.1,1.23,5.15,0.92,0.23,0.1,0.1,Matches,2025,13.0,54.8,60.4,90.8,912.3,274.5,0.08,0.03,0.0,0.46,5.23,0.31,0.0,0.15,0.38,0.15,40.0,0.38,0.15,0.4,1.0,16.6,0.0,0.0,0.0,0.07,0.13,0.13,71.0,3.69,23.4,41.4,7.38,0.54,71.0,0.77,47.6,0.62,38.1,41.2,0.08,1.54,0.77,51.9,2.15,1.31,39.1,1.08,1.0,0.69,2.15,4.31,1.54,0.23,1.31,1.31,0.0,0.08,0.08,0.15,0.15,0.08,2.08,1.38,0.0,0.08,2.15,1.31,0.0,0.08,0.0,5.38,0.54,46.7,,,,,,,,,,,,,,,,,
Derek Dodson,us USA,"DF,MF",D.C. United,27-031,1998,14,5,577,6.4,0.0,0.16,0.16,0.0,0.0,0.0,0.16,0.0,0.02,0.02,0.09,0.09,0.94,2.81,5.31,0.16,0.1,0.1,Matches,2025,6.4,29.7,38.9,76.3,471.1,146.9,0.16,0.2,0.06,0.94,2.19,0.47,0.47,0.0,0.16,0.16,100.0,0.16,0.16,0.0,0.0,15.6,0.0,0.0,0.0,0.08,-0.02,-0.02,48.6,3.28,14.2,23.6,10.9,1.88,48.6,0.47,60.0,0.31,40.0,17.8,0.31,0.63,0.78,25.6,3.13,1.88,50.0,1.41,1.56,0.78,0.94,4.06,2.81,0.0,1.88,1.87,0.31,0.0,0.0,0.31,0.31,0.0,2.03,0.47,0.0,2.5,0.94,1.88,0.0,0.0,0.0,2.34,0.94,37.5,,,,,,,,,,,,,,,,,
Maxime Dominguez,ch SUI,MF,Toronto FC,29-306,1996,24,15,1415,15.7,0.0,0.06,0.06,0.0,0.0,0.0,0.32,0.0,0.06,0.06,0.09,0.15,1.66,5.03,3.25,0.06,0.16,0.16,Matches,2025,15.7,35.9,41.8,86.0,558.7,156.5,0.06,0.06,-0.03,0.96,4.71,0.76,0.0,0.0,1.21,0.19,15.8,1.21,0.19,0.0,0.0,22.2,0.0,0.0,0.0,0.05,-0.06,-0.06,52.5,0.83,9.43,29.8,14.5,0.96,52.5,0.7,50.0,0.57,40.9,31.3,0.25,1.15,1.21,36.6,2.87,2.29,42.9,1.78,1.59,1.53,1.21,4.08,0.76,0.0,2.36,2.36,0.06,0.0,0.13,0.25,0.25,0.0,2.17,1.34,0.0,0.32,1.21,2.29,0.0,0.0,0.0,4.65,0.06,33.3,,,,,,,,,,,,,,,,,
Ronald Donkor,ml MLI,MF,NY Red Bulls,21-014,2004,20,8,867,9.6,0.0,0.21,0.21,0.0,0.0,0.0,0.52,0.0,0.02,0.02,0.1,0.13,1.77,9.27,3.13,0.21,0.12,0.12,Matches,2025,9.6,58.2,66.0,88.2,988.4,337.1,0.21,0.15,0.1,1.67,11.4,1.67,0.0,0.0,0.52,0.1,20.0,0.52,0.1,0.0,0.0,27.9,0.0,0.0,0.0,0.03,-0.02,-0.02,76.0,2.08,11.9,48.2,17.0,1.35,76.0,1.25,75.0,0.42,25.0,44.7,0.31,2.19,0.83,53.4,3.33,2.5,39.1,1.46,0.52,0.42,2.08,5.42,1.15,0.1,3.96,3.94,0.0,0.0,0.1,0.52,0.52,0.0,1.88,0.73,0.1,0.21,2.08,2.5,0.0,0.0,0.0,7.4,0.52,41.7,,,,,,,,,,,,,,,,,
Christopher Donovan,us USA,"FW,MF",Philadelphia Union,25-118,2000,20,6,545,6.1,0.0,0.0,0.0,0.0,0.0,0.0,0.0,0.0,0.26,0.26,0.08,0.34,2.46,1.64,8.03,0.0,0.34,0.34,Matches,2025,6.1,16.6,29.3,56.4,185.1,39.3,0.0,0.11,-0.08,0.66,1.15,0.33,0.0,0.0,1.64,0.49,30.0,1.65,0.5,0.0,0.0,13.2,0.0,0.0,0.0,0.16,-0.26,-0.26,43.6,0.66,3.93,18.4,22.0,5.57,43.6,0.66,44.4,0.82,55.6,22.8,0.98,3.77,2.46,31.1,1.64,0.82,38.5,1.31,2.95,2.79,0.33,1.97,0.98,0.0,2.95,2.97,0.0,0.49,0.0,0.33,0.33,0.0,0.66,1.64,0.33,0.66,0.33,0.82,0.16,0.0,0.0,5.08,8.36,61.4,,,,,,,,,,,,,,,,,
Griffin Dorsey,us USA,DF,Houston Dynamo,26-274,1999,33,29,2667,29.6,0.07,0.14,0.2,0.07,0.0,0.0,0.27,0.0,0.08,0.08,0.16,0.24,2.94,1.52,7.8,0.2,0.24,0.24,Matches,2025,29.6,29.2,38.5,75.7,458.3,115.2,0.14,0.13,-0.02,1.11,0.74,1.42,0.88,0.07,1.18,0.27,22.9,1.18,0.27,0.06,0.25,15.0,0.0,0.0,0.0,0.07,-0.02,-0.02,49.2,2.57,13.8,16.3,19.4,2.87,49.2,0.44,61.9,0.24,33.3,24.6,0.61,1.55,0.54,28.9,1.32,0.74,65.8,0.44,0.91,0.74,0.95,2.26,2.53,0.03,2.2,2.19,0.14,0.07,0.0,0.2,0.2,0.0,1.25,0.78,0.17,4.12,0.95,0.74,0.0,0.03,0.0,2.84,1.35,48.8,,,,,,,,,,,,,,,,,
Hassani Dotson,us USA,MF,Minnesota Utd,28-120,1997,8,5,416,4.6,0.22,0.0,0.22,0.22,0.0,0.0,0.43,0.0,0.02,0.02,0.22,0.22,0.65,3.91,2.39,0.22,0.23,0.23,Matches,2025,4.6,27.6,35.9,77.0,389.3,123.9,0.0,0.11,-0.22,1.3,3.26,0.65,0.22,0.22,0.43,0.43,100.0,0.43,0.43,0.5,0.5,20.3,0.0,0.0,0.0,0.05,0.2,0.2,44.3,1.96,12.2,24.8,8.04,0.65,44.3,0.65,60.0,0.43,40.0,18.9,0.22,1.74,0.43,25.2,1.3,1.09,33.3,0.43,1.3,0.65,1.09,2.39,1.96,0.0,1.96,1.95,0.22,0.0,0.0,0.0,0.0,0.0,0.87,1.3,0.0,0.87,1.09,1.09,0.0,0.0,0.0,5.43,0.65,37.5,,,,,,,,,,,,,,,,,
Souleyman Doumbia,ci CIV,DF,Charlotte,29-071,1996,11,8,600,6.7,0.0,0.15,0.15,0.0,0.0,0.0,0.0,0.0,0.0,0.0,0.06,0.06,2.69,3.73,2.09,0.15,0.06,0.06,Matches,2025,6.7,48.4,57.2,84.6,724.9,241.9,0.15,0.1,0.09,0.3,3.13,0.75,0.0,0.0,0.0,0.0,,0.0,0.0,,,,0.0,0.0,0.0,,0.0,0.0,67.0,5.67,25.4,32.8,9.25,0.6,67.0,0.6,40.0,0.75,50.0,39.9,0.15,0.15,0.9,41.9,1.64,1.34,75.0,0.15,1.49,0.75,1.49,3.13,2.84,0.0,0.75,0.75,0.0,0.0,0.0,0.3,0.3,0.0,0.75,1.04,0.0,1.79,1.49,1.34,0.0,0.0,0.0,5.22,1.04,50.0,,,,,,,,,,,,,,,,,
Anders Dreyer,dk DEN,FW,San Diego FC,27-216,1998,34,34,3019,33.5,0.57,0.51,1.07,0.48,0.09,0.12,0.09,0.0,0.51,0.41,0.35,0.76,2.42,4.24,7.97,0.98,0.86,0.76,Matches,2025,33.5,35.5,46.9,75.7,562.7,148.6,0.51,0.31,0.16,2.45,2.69,1.85,0.3,0.57,2.99,1.28,43.0,2.98,1.28,0.16,0.37,19.0,0.15,0.09,0.12,0.14,0.06,0.07,54.7,0.21,4.66,22.4,28.1,5.25,54.6,0.69,46.9,0.75,51.0,31.7,1.13,1.64,0.72,43.3,0.45,0.3,55.6,0.24,0.48,0.48,0.24,0.69,0.15,0.06,4.6,4.59,0.27,0.12,0.03,0.9,0.89,0.0,0.3,0.6,0.57,4.72,0.24,0.3,0.0,0.0,0.0,2.21,0.03,33.3,,,,,,,,,,,,,,,,,
Manu Duah,gh GHA,DF,San Diego FC,20-182,2005,14,12,1039,11.5,0.0,0.0,0.0,0.0,0.0,0.0,0.17,0.0,0.01,0.01,0.03,0.03,0.7,2.96,0.17,0.0,0.04,0.04,Matches,2025,11.5,77.7,85.0,91.5,1283.3,530.3,0.0,0.05,-0.03,0.26,4.0,0.26,0.0,0.0,0.26,0.0,0.0,0.26,0.0,0.0,,15.4,0.0,0.0,0.0,0.04,-0.01,-0.01,94.3,11.0,52.2,40.0,2.87,0.26,94.3,0.52,54.5,0.17,18.2,61.5,0.0,0.52,0.35,71.1,1.74,1.3,72.7,0.26,1.3,0.26,0.78,2.52,3.65,0.26,1.13,1.13,0.0,0.0,0.0,0.0,0.0,0.0,0.26,1.3,0.0,0.09,0.78,1.3,0.0,0.0,0.09,6.17,1.13,54.2,,,,,,,,,,,,,,,,,
Nicolás Dubersarsky,ar ARG,MF,Austin,20-348,2004,22,7,694,7.7,0.0,0.13,0.13,0.0,0.0,0.0,0.26,0.0,0.04,0.04,0.01,0.06,1.3,5.06,0.91,0.13,0.06,0.06,Matches,2025,7.7,38.3,45.3,84.5,636.2,182.6,0.13,0.04,0.12,0.39,4.16,0.39,0.13,0.0,0.39,0.0,0.0,0.39,0.0,0.0,,16.2,0.0,0.0,0.0,0.11,-0.04,-0.04,54.4,3.64,15.5,32.7,7.01,0.52,54.4,0.39,42.9,0.52,57.1,28.6,0.26,0.78,0.65,33.6,2.6,1.17,75.0,0.39,1.69,1.3,0.65,3.25,1.95,0.13,1.56,1.55,0.13,0.0,0.13,0.65,0.65,0.0,2.47,1.04,0.0,0.52,0.65,1.17,0.0,0.26,0.0,5.45,0.52,57.1,,,,,,,,,,,,,,,,,
Erik Duenas,us USA,"MF,FW",Houston Dynamo,21-047,2004,8,1,158,1.8,0.0,0.56,0.56,0.0,0.0,0.0,1.67,0.0,0.11,0.11,0.17,0.28,2.22,5.0,6.11,0.57,0.3,0.3,Matches,2025,1.8,28.3,34.4,82.3,363.9,147.8,0.56,0.17,0.39,2.22,3.89,1.11,0.0,0.0,1.67,1.11,66.7,1.71,1.14,0.0,0.0,17.2,0.0,0.0,0.0,0.06,-0.11,-0.11,51.1,1.67,12.8,25.0,14.4,3.33,51.1,0.56,25.0,1.67,75.0,27.8,1.67,2.22,2.78,33.9,2.78,1.67,100.0,0.0,0.56,0.56,3.89,6.67,3.89,0.0,3.89,3.99,0.56,0.0,0.0,1.11,1.14,0.0,4.44,1.11,0.0,0.56,3.89,1.67,0.0,0.0,0.0,6.11,0.0,0.0,,,,,,,,,,,,,,,,,
Morris Duggan,de GER,DF,Minnesota Utd,25-041,2000,21,14,1311,14.6,0.0,0.07,0.07,0.0,0.0,0.0,0.07,0.0,0.03,0.03,0.03,0.06,0.82,2.26,0.41,0.07,0.06,0.06,Matches,2025,14.6,27.2,32.8,82.9,492.7,182.9,0.07,0.03,0.04,0.21,1.51,0.14,0.0,0.0,0.48,0.27,57.1,0.48,0.27,0.0,0.0,13.3,0.0,0.0,0.0,0.07,-0.03,-0.03,46.3,8.84,26.5,15.5,4.38,1.92,46.3,0.14,40.0,0.21,60.0,20.3,0.07,0.34,0.21,24.0,1.16,0.62,63.6,0.27,0.96,0.21,0.55,1.71,7.81,0.07,0.96,0.96,0.0,0.0,0.0,0.21,0.21,0.0,0.62,0.07,0.14,0.14,0.55,0.62,0.0,0.0,0.07,2.67,2.67,54.2,,,,,,,,,,,,,,,,,
Bryce Duke,us USA,"MF,FW",CF Montréal,24-279,2001,18,7,679,7.5,0.0,0.13,0.13,0.0,0.0,0.0,0.13,0.0,0.08,0.08,0.16,0.24,1.47,4.8,5.07,0.13,0.24,0.24,Matches,2025,7.5,32.1,44.7,71.9,536.9,147.7,0.13,0.12,-0.03,1.87,2.93,0.8,0.27,0.0,1.07,0.53,50.0,1.06,0.53,0.0,0.0,18.1,0.13,0.0,0.0,0.08,-0.08,-0.08,54.1,1.07,9.07,25.1,20.4,1.87,54.1,0.67,33.3,1.2,60.0,26.0,0.4,1.33,0.8,34.9,1.33,0.67,45.5,0.8,1.2,1.2,0.53,1.87,0.8,0.0,4.13,4.11,0.13,0.4,0.0,0.27,0.27,0.0,1.33,2.13,0.0,4.27,0.53,0.67,0.0,0.0,0.0,5.6,0.27,18.2,,,,,,,,,,,,,,,,,
Kyle Duncan,us USA,DF,NY Red Bulls,28-118,1997,20,17,1531,17.0,0.0,0.18,0.18,0.0,0.0,0.0,0.18,0.06,0.05,0.05,0.18,0.22,2.12,4.76,4.53,0.18,0.23,0.23,Matches,2025,17.0,50.2,62.5,80.3,842.6,243.0,0.18,0.15,0.0,1.12,4.18,1.47,0.41,0.0,0.76,0.12,15.4,0.76,0.12,0.0,0.0,22.4,0.0,0.0,0.0,0.07,-0.05,-0.05,74.6,3.53,18.2,36.9,20.1,1.12,74.6,1.06,58.1,0.76,41.9,39.8,0.18,1.88,0.76,45.0,2.41,1.41,68.3,0.76,1.12,0.59,1.06,3.47,2.94,0.12,2.18,2.18,0.06,0.12,0.06,0.29,0.29,0.0,1.41,0.88,0.0,2.76,1.06,1.41,0.0,0.0,0.06,6.35,1.47,53.2,,,,,,,,,,,,,,,,,
Chris Durkin,us USA,MF,St. Louis,25-299,2000,18,14,1104,12.3,0.0,0.08,0.08,0.0,0.0,0.0,0.33,0.08,0.06,0.06,0.04,0.1,0.49,5.45,2.44,0.08,0.1,0.1,Matches,2025,12.3,34.2,43.2,79.3,571.0,189.0,0.08,0.08,0.04,0.49,4.72,0.98,0.24,0.0,0.98,0.24,25.0,0.98,0.24,0.0,0.0,17.5,0.0,0.0,0.0,0.06,-0.06,-0.06,55.9,4.39,15.9,30.5,9.84,1.79,55.9,0.24,60.0,0.16,40.0,24.6,0.24,1.38,0.41,34.0,1.87,1.22,45.5,0.98,1.54,1.14,1.46,3.33,3.66,0.08,1.79,1.79,0.0,0.08,0.0,0.16,0.16,0.0,2.6,0.98,0.16,0.65,1.46,1.22,0.0,0.16,0.0,4.15,1.06,48.1,,,,,,,,,,,,,,,,,
Leonard Duru,eng ENG,DF,San Diego FC,20-326,2005,2,0,39,0.4,0.0,0.0,0.0,0.0,0.0,0.0,0.0,0.0,0.0,0.0,0.0,0.0,0.0,10.0,5.0,0.0,0.0,0.0,Matches,2025,0.4,35.0,42.5,82.4,577.5,230.0,0.0,0.0,0.0,0.0,5.0,0.0,0.0,0.0,0.0,0.0,,0.0,0.0,,,,0.0,0.0,0.0,,0.0,0.0,57.5,2.5,15.0,17.5,25.0,0.0,57.5,0.0,0.0,5.0,100.0,20.0,0.0,0.0,0.0,27.5,2.5,0.0,0.0,2.5,2.5,2.5,0.0,2.5,0.0,0.0,0.0,0.0,0.0,0.0,0.0,0.0,0.0,0.0,0.0,2.5,0.0,0.0,0.0,0.0,0.0,0.0,0.0,5.0,0.0,0.0,,,,,,,,,,,,,,,,,
Jeremy Ebobisse,us USA,FW,LAFC,28-293,1997,22,9,876,9.7,0.41,0.1,0.52,0.41,0.0,0.0,0.0,0.0,0.34,0.34,0.15,0.49,0.72,2.27,3.92,0.51,0.5,0.5,Matches,2025,9.7,18.6,21.9,84.9,263.1,63.2,0.1,0.15,-0.05,0.93,2.16,0.41,0.1,0.41,1.96,0.93,47.4,1.95,0.92,0.21,0.44,14.9,0.1,0.0,0.0,0.18,0.07,0.07,31.0,1.03,2.16,14.7,14.3,3.3,31.0,0.72,58.3,0.52,41.7,17.6,0.21,2.58,1.03,23.1,0.31,0.1,33.3,0.41,0.41,0.41,0.21,0.52,0.72,0.0,2.58,2.57,0.1,0.21,0.0,0.31,0.31,0.0,1.03,1.13,0.41,0.1,0.21,0.1,0.1,0.0,0.0,2.58,0.93,39.1,,,,,,,,,,,,,,,,,
Ender Echenique,ve VEN,"DF,FW",FC Cincinnati,21-246,2004,8,6,506,5.6,0.18,0.18,0.36,0.18,0.0,0.0,0.0,0.0,0.2,0.2,0.18,0.38,3.93,1.61,8.39,0.36,0.38,0.38,Matches,2025,5.6,24.1,30.9,78.0,324.5,58.6,0.18,0.21,0.0,1.61,0.89,1.25,0.36,0.18,1.61,0.36,22.2,1.6,0.36,0.11,0.5,16.7,0.0,0.0,0.0,0.13,-0.02,-0.02,42.5,1.61,8.57,14.3,20.4,5.36,42.5,1.61,56.3,1.25,43.8,24.5,1.79,2.32,1.07,26.8,1.25,0.71,55.6,0.71,0.18,0.0,0.89,2.14,2.5,0.0,3.39,3.37,0.36,0.18,0.18,0.18,0.18,0.0,0.54,0.71,0.18,3.04,0.89,0.71,0.0,0.0,0.0,4.11,0.36,33.3,,,,,,,,,,,,,,,,,
Daniel Edelman,us USA,MF,NY Red Bulls,22-220,2003,26,25,2018,22.4,0.04,0.0,0.04,0.04,0.0,0.0,0.22,0.0,0.03,0.03,0.01,0.04,0.71,6.43,1.16,0.04,0.05,0.05,Matches,2025,22.4,49.6,58.4,84.9,795.2,253.8,0.0,0.04,-0.01,0.31,6.96,0.89,0.04,0.04,0.63,0.18,28.6,0.62,0.18,0.07,0.25,23.4,0.0,0.0,0.0,0.05,0.01,0.01,68.3,2.32,13.5,44.3,10.7,0.18,68.3,0.31,46.7,0.36,53.3,35.6,0.04,1.03,0.67,45.8,1.43,0.89,39.1,1.25,1.16,0.8,1.52,2.95,1.88,0.0,1.38,1.38,0.04,0.09,0.09,0.09,0.09,0.0,0.67,1.79,0.0,0.27,1.52,0.89,0.0,0.0,0.0,6.21,1.25,57.1,,,,,,,,,,,,,,,,,
Matthew Edwards,us USA,DF,Atlanta Utd,22-290,2003,20,14,1207,13.4,0.0,0.07,0.07,0.0,0.0,0.0,0.22,0.0,0.04,0.04,0.06,0.1,0.6,2.76,2.91,0.07,0.09,0.09,Matches,2025,13.4,51.6,59.6,86.5,890.6,256.4,0.07,0.1,0.01,0.67,3.06,0.75,0.52,0.0,0.22,0.07,33.3,0.22,0.07,0.0,0.0,5.6,0.0,0.0,0.0,0.16,-0.04,-0.04,68.4,3.13,24.8,32.8,11.0,0.6,68.4,0.15,50.0,0.15,50.0,36.9,0.07,0.9,0.3,45.1,1.34,0.82,62.5,0.45,0.97,0.45,0.75,2.09,3.13,0.0,1.57,1.56,0.0,0.0,0.0,0.22,0.22,0.0,1.04,0.82,0.0,1.57,0.75,0.82,0.0,0.0,0.0,4.33,0.9,44.4,,,,,,,,,,,,,,,,,
Michael Edwards,us USA,DF,Colorado Rapids,25-007,2000,1,0,27,0.3,0.0,0.0,0.0,0.0,0.0,0.0,0.0,0.0,0.0,0.0,0.0,0.0,0.0,3.33,0.0,0.0,0.0,0.0,Matches,2025,0.3,30.0,36.7,81.8,486.7,163.3,0.0,0.0,0.0,0.0,0.0,0.0,0.0,0.0,0.0,0.0,,0.0,0.0,,,,0.0,0.0,0.0,,0.0,0.0,56.7,16.7,30.0,23.3,3.33,0.0,56.7,0.0,,0.0,,33.3,0.0,0.0,0.0,30.0,0.0,0.0,,0.0,0.0,0.0,3.33,3.33,16.7,0.0,0.0,0.0,0.0,0.0,0.0,0.0,0.0,0.0,0.0,0.0,0.0,0.0,3.33,0.0,0.0,0.0,0.0,6.67,3.33,100.0,,,,,,,,,,,,,,,,,
Raheem Edwards,ca CAN,DF,NY Red Bulls,30-142,1995,24,15,1427,15.9,0.0,0.0,0.0,0.0,0.0,0.0,0.31,0.06,0.04,0.04,0.06,0.1,2.2,4.97,6.1,0.0,0.1,0.1,Matches,2025,15.9,40.7,54.3,75.0,715.7,283.2,0.0,0.1,-0.06,1.01,3.65,1.19,0.13,0.0,0.69,0.25,36.4,0.69,0.25,0.0,0.0,21.0,0.06,0.0,0.0,0.07,-0.04,-0.04,67.9,3.33,18.9,29.9,19.9,1.26,67.9,1.64,52.0,1.38,44.0,32.3,0.25,1.26,1.7,37.7,3.14,2.33,41.5,1.95,2.01,1.82,1.51,4.65,2.2,0.13,2.64,2.65,0.06,0.06,0.0,0.25,0.25,0.0,1.64,1.07,0.0,3.14,1.51,2.33,0.06,0.0,0.0,6.29,1.07,60.7,,,,,,,,,,,,,,,,,
Noah Eile,se SWE,DF,NY Red Bulls,23-138,2002,30,29,2610,29.0,0.03,0.0,0.03,0.03,0.0,0.0,0.28,0.0,0.07,0.07,0.01,0.08,1.0,4.07,0.38,0.03,0.08,0.08,Matches,2025,29.0,60.7,68.3,88.9,1159.6,410.2,0.0,0.03,-0.01,0.17,5.1,0.14,0.0,0.03,0.66,0.21,31.6,0.66,0.21,0.05,0.17,14.3,0.0,0.0,0.0,0.1,-0.03,-0.03,80.4,7.97,36.1,40.0,5.0,1.1,80.4,0.24,43.8,0.24,43.8,47.2,0.1,0.52,0.31,54.3,1.48,0.79,85.7,0.14,1.21,0.59,1.21,2.69,5.83,0.0,0.93,0.93,0.03,0.0,0.0,0.14,0.14,0.0,1.1,0.38,0.0,0.03,1.21,0.79,0.0,0.0,0.0,5.14,1.76,56.0,,,,,,,,,,,,,,,,,
Jack Elliott,eng ENG,DF,Chicago Fire,30-101,1995,33,33,2938,32.6,0.09,0.09,0.18,0.09,0.0,0.0,0.21,0.0,0.07,0.07,0.04,0.1,0.43,2.79,0.34,0.18,0.1,0.1,Matches,2025,32.6,50.8,58.5,86.9,1013.7,434.4,0.09,0.03,0.06,0.25,2.67,0.15,0.03,0.09,0.86,0.31,35.7,0.86,0.31,0.11,0.3,15.3,0.12,0.0,0.0,0.08,0.02,0.02,70.5,15.2,46.3,21.3,3.19,1.56,70.5,0.18,85.7,0.0,0.0,35.9,0.0,0.28,0.18,45.4,1.29,0.86,61.5,0.46,1.44,0.46,1.01,2.3,6.63,0.18,0.67,0.67,0.0,0.0,0.03,0.15,0.15,0.0,0.95,0.43,0.03,0.06,1.01,0.86,0.0,0.03,0.03,3.93,2.36,58.8,,,,,,,,,,,,,,,,,
Justin Ellis,us USA,FW,Orlando City,18-204,2007,1,0,3,0.0,0.0,0.0,0.0,0.0,0.0,0.0,0.0,0.0,0.0,0.0,0.0,0.0,0.0,0.0,0.0,0.0,0.0,0.0,Matches,2025,0.0,2.0,2.0,100.0,8.0,1.0,0.0,0.0,0.0,0.0,0.0,0.0,0.0,0.0,0.0,0.0,,0.0,0.0,,,,0.0,0.0,0.0,,0.0,0.0,4.0,0.0,1.0,0.0,3.0,0.0,4.0,0.0,0.0,1.0,100.0,2.0,0.0,0.0,0.0,2.0,0.0,0.0,0.0,1.0,0.0,0.0,1.0,1.0,0.0,0.0,0.0,0.0,0.0,0.0,0.0,0.0,0.0,0.0,0.0,0.0,0.0,0.0,1.0,0.0,0.0,0.0,0.0,0.0,0.0,,,,,,,,,,,,,,,,,,
Rayan Elloumi,ca CAN,FW,Vancouver W'caps,18-078,2007,7,2,203,2.3,0.87,0.0,0.87,0.87,0.0,0.0,0.0,0.0,0.43,0.43,0.04,0.48,0.43,1.74,3.48,0.89,0.47,0.47,Matches,2025,2.3,16.1,20.4,78.7,203.9,28.3,0.0,0.04,-0.04,0.87,0.43,0.43,0.0,0.87,2.61,0.87,33.3,2.66,0.89,0.33,1.0,9.0,0.0,0.0,0.0,0.16,0.43,0.43,32.6,1.3,3.04,13.9,15.7,4.35,32.6,0.43,25.0,1.3,75.0,16.1,0.0,3.04,2.17,23.0,1.74,1.3,0.0,0.87,0.87,0.87,0.0,1.74,0.87,0.0,1.3,1.33,0.0,0.0,0.0,0.0,0.0,0.0,2.17,0.87,0.43,0.43,0.0,1.3,0.0,0.0,0.0,0.43,1.74,57.1,,,,,,,,,,,,,,,,,
Emeka Eneli,us USA,MF,Real Salt Lake,26-047,1999,28,19,1805,20.1,0.0,0.05,0.05,0.0,0.0,0.0,0.15,0.0,0.01,0.01,0.09,0.1,2.04,4.78,1.89,0.05,0.1,0.1,Matches,2025,20.1,43.8,49.4,88.6,635.2,184.8,0.05,0.07,-0.04,1.0,3.88,0.7,0.1,0.0,0.4,0.05,12.5,0.4,0.05,0.0,0.0,24.0,0.0,0.0,0.0,0.03,-0.01,-0.01,60.2,2.09,13.4,34.9,12.9,0.75,60.2,1.24,55.6,0.85,37.8,34.4,0.0,1.84,0.75,40.8,1.99,1.14,47.5,1.04,1.54,1.14,0.95,2.94,1.29,0.0,2.79,2.79,0.15,0.2,0.0,0.15,0.15,0.0,1.34,2.79,0.0,0.5,0.95,1.14,0.0,0.0,0.0,6.67,0.45,45.0,,,,,,,,,,,,,,,,,
Lukas Engel,dk DEN,DF,FC Cincinnati,26-355,1998,33,31,2721,30.2,0.0,0.13,0.13,0.0,0.0,0.0,0.13,0.0,0.03,0.03,0.09,0.12,1.46,4.54,3.61,0.13,0.12,0.12,Matches,2025,30.2,45.8,59.0,77.7,864.7,322.3,0.13,0.1,0.05,0.99,4.07,0.89,0.23,0.0,0.53,0.13,25.0,0.53,0.13,0.0,0.0,16.8,0.0,0.0,0.0,0.06,-0.03,-0.03,70.4,4.4,23.3,35.4,12.3,1.59,70.4,0.6,45.0,0.7,52.5,33.4,0.2,0.96,0.43,42.8,1.79,1.13,65.4,0.6,1.42,1.06,1.39,3.18,3.97,0.1,2.02,2.02,0.1,0.0,0.07,0.36,0.36,0.0,0.76,0.96,0.1,1.62,1.39,1.13,0.0,0.0,0.0,4.27,1.82,63.2,,,,,,,,,,,,,,,,,
Lawrence Ennali,de GER,"MF,FW",Houston Dynamo,23-272,2002,18,10,994,11.0,0.09,0.36,0.45,0.09,0.0,0.0,0.18,0.0,0.25,0.25,0.19,0.45,5.18,1.0,10.5,0.45,0.44,0.44,Matches,2025,11.0,22.3,27.0,82.5,304.6,36.5,0.36,0.19,0.17,1.18,0.45,0.64,0.36,0.09,2.18,0.64,29.2,2.17,0.63,0.04,0.14,16.4,0.0,0.0,0.0,0.12,-0.15,-0.15,39.5,0.64,3.73,10.4,26.0,6.0,39.5,2.09,39.7,2.73,51.7,28.5,2.82,1.82,2.09,30.1,1.0,0.55,100.0,0.0,0.82,0.64,0.18,1.18,1.0,0.0,3.55,3.53,0.55,0.36,0.09,0.55,0.54,0.0,1.09,2.27,0.0,1.73,0.18,0.55,0.0,0.0,0.0,3.55,0.09,25.0,,,,,,,,,,,,,,,,,
Boris Enow,cm CMR,MF,D.C. United,25-249,2000,29,17,1636,18.2,0.05,0.0,0.05,0.05,0.0,0.0,0.44,0.0,0.03,0.03,0.02,0.04,0.38,4.89,0.66,0.06,0.04,0.04,Matches,2025,18.2,41.3,48.8,84.6,709.6,199.3,0.0,0.04,-0.02,0.38,4.12,0.55,0.0,0.05,0.49,0.11,22.2,0.5,0.11,0.11,0.5,27.6,0.11,0.0,0.0,0.06,0.03,0.03,57.5,1.1,14.1,36.0,7.86,0.27,57.5,0.44,61.5,0.27,38.5,28.5,0.05,0.82,0.93,36.9,1.98,1.1,38.9,1.21,1.32,1.15,1.54,3.52,1.15,0.22,1.59,1.6,0.05,0.0,0.05,0.16,0.17,0.0,2.64,0.66,0.0,0.11,1.54,1.1,0.0,0.0,0.0,5.82,0.6,37.9,,,,,,,,,,,,,,,,,
Ramiro Enrique,ar ARG,FW,Orlando City,24-214,2001,24,8,942,10.5,0.76,0.0,0.76,0.76,0.0,0.0,0.19,0.0,0.7,0.7,0.02,0.72,1.24,1.24,4.67,0.76,0.73,0.73,Matches,2025,10.5,16.3,21.9,74.3,217.1,26.8,0.0,0.06,-0.02,0.57,0.86,0.29,0.0,0.76,2.86,1.52,53.3,2.87,1.53,0.27,0.5,12.3,0.0,0.0,0.0,0.25,0.06,0.06,33.6,1.43,3.14,14.4,16.5,5.14,33.6,0.67,29.2,1.43,62.5,16.5,0.48,2.95,1.05,23.5,0.76,0.57,42.9,0.38,0.57,0.48,0.29,1.05,1.43,0.0,1.9,1.91,0.19,0.0,0.1,0.29,0.29,0.0,1.43,1.05,0.38,0.38,0.29,0.57,0.0,0.0,0.0,1.9,3.33,56.5,,,,,,,,,,,,,,,,,
Franco Escobar,ar ARG,DF,Houston Dynamo,30-286,1995,23,18,1569,17.4,0.11,0.11,0.23,0.11,0.0,0.0,0.57,0.06,0.12,0.12,0.06,0.18,1.21,4.37,2.53,0.23,0.18,0.18,Matches,2025,17.4,54.5,62.7,87.0,781.3,319.4,0.11,0.09,0.05,0.69,3.28,0.69,0.06,0.11,0.69,0.17,25.0,0.69,0.17,0.17,0.67,12.2,0.0,0.0,0.0,0.17,-0.01,-0.01,74.7,4.31,29.8,32.3,13.7,2.64,74.7,0.92,76.2,0.29,23.8,40.3,0.11,1.26,0.8,47.2,2.82,1.95,66.7,0.92,1.55,0.92,1.84,4.66,3.22,0.0,1.67,1.66,0.11,0.06,0.0,0.29,0.29,0.06,1.44,0.75,0.06,1.15,1.84,1.95,0.0,0.0,0.0,5.46,1.15,42.6,,,,,,,,,,,,,,,,,
Olger Escobar,gt GUA,MF,CF Montréal,19-084,2006,13,4,450,5.0,0.2,0.2,0.4,0.2,0.0,0.0,0.2,0.0,0.12,0.12,0.12,0.22,1.8,4.0,2.6,0.4,0.23,0.23,Matches,2025,5.0,19.2,23.4,82.1,313.2,115.4,0.2,0.1,0.08,1.2,2.8,0.8,0.2,0.2,1.6,0.6,37.5,1.6,0.6,0.13,0.33,19.8,0.0,0.0,0.0,0.07,0.08,0.08,35.8,1.0,4.0,16.8,15.6,2.2,35.8,1.2,35.3,1.8,52.9,21.2,0.4,1.4,1.2,23.6,1.6,0.6,100.0,0.0,0.6,0.6,0.4,2.0,0.6,0.0,4.2,4.2,0.8,0.4,0.0,0.6,0.6,0.0,1.8,1.6,0.0,0.4,0.4,0.6,0.0,0.0,0.0,4.4,0.2,20.0,,,,,,,,,,,,,,,,,
Cristian Espinoza,ar ARG,"MF,FW",SJ Earthquakes,30-245,1995,31,30,2688,29.9,0.13,0.27,0.4,0.1,0.03,0.03,0.27,0.0,0.14,0.11,0.41,0.52,3.44,5.79,8.8,0.37,0.55,0.52,Matches,2025,29.9,39.5,58.3,67.9,703.7,254.3,0.27,0.42,-0.14,3.91,3.31,2.94,0.97,0.13,1.44,0.5,34.9,1.44,0.5,0.07,0.2,22.1,0.27,0.03,0.03,0.08,-0.0,-0.01,69.5,0.9,8.33,26.0,36.4,2.68,69.5,1.27,41.8,1.64,53.8,37.8,0.64,2.68,1.24,43.5,1.44,0.84,48.1,0.9,0.9,0.9,0.67,2.11,0.84,0.07,6.45,6.46,0.23,0.07,0.07,0.67,0.67,0.0,1.27,0.94,0.23,11.4,0.67,0.84,0.0,0.0,0.0,5.25,0.57,43.6,,,,,,,,,,,,,,,,,
Derrick Etienne,ht HAI,"FW,DF",Toronto FC,29-009,1996,25,10,987,11.0,0.0,0.18,0.18,0.0,0.0,0.0,0.18,0.0,0.09,0.09,0.14,0.23,2.82,1.64,6.91,0.18,0.23,0.23,Matches,2025,11.0,18.9,25.8,73.2,321.0,89.5,0.18,0.09,0.05,0.73,1.64,0.55,0.27,0.0,1.18,0.27,23.1,1.19,0.27,0.0,0.0,15.3,0.0,0.0,0.0,0.08,-0.09,-0.09,35.8,0.82,6.82,13.3,16.2,3.36,35.8,0.82,42.9,1.0,52.4,21.7,1.27,2.55,1.36,24.4,0.82,0.45,60.0,0.36,0.82,0.73,0.36,1.18,1.09,0.0,1.45,1.46,0.0,0.18,0.09,0.27,0.27,0.0,1.18,1.0,0.27,1.73,0.36,0.45,0.0,0.0,0.0,3.91,0.64,28.0,,,,,,,,,,,,,,,,,
Evander,br BRA,MF,FC Cincinnati,27-178,1998,32,31,2737,30.4,0.59,0.46,1.05,0.59,0.0,0.0,0.2,0.0,0.26,0.26,0.3,0.56,3.72,6.25,4.11,1.05,0.56,0.56,Matches,2025,30.4,35.8,45.7,78.4,645.0,209.1,0.46,0.34,0.16,2.53,4.38,2.5,0.2,0.59,3.75,1.71,45.6,3.75,1.71,0.16,0.35,23.4,0.66,0.0,0.0,0.07,0.34,0.34,57.7,0.53,5.72,27.6,25.4,3.26,57.7,1.41,47.8,1.38,46.7,34.7,1.25,2.57,1.28,41.5,1.25,0.66,45.2,0.76,0.99,0.92,0.3,1.55,0.46,0.0,5.82,5.82,0.46,0.49,0.07,0.76,0.76,0.0,1.12,1.45,0.13,4.18,0.3,0.66,0.0,0.0,0.0,4.01,0.26,24.2,,,,,,,,,,,,,,,,,
Nicolás Ezequiel Fernández,ar ARG,FW,NYCFC,25-327,2000,11,10,883,9.8,0.31,0.1,0.41,0.31,0.0,0.0,0.2,0.0,0.18,0.18,0.18,0.38,3.37,5.2,6.22,0.41,0.37,0.37,Matches,2025,9.8,31.7,41.8,75.9,543.6,151.0,0.1,0.15,-0.08,1.53,3.27,1.33,0.51,0.31,1.63,0.61,37.5,1.63,0.61,0.19,0.5,19.0,0.0,0.0,0.0,0.12,0.12,0.12,52.9,0.51,5.31,25.2,23.2,3.06,52.9,1.43,66.7,0.61,28.6,31.9,0.82,2.45,1.84,37.0,1.84,1.33,38.5,0.82,1.73,1.73,0.51,2.35,0.41,0.0,4.29,4.28,0.51,0.41,0.1,0.41,0.41,0.0,2.14,2.24,0.0,5.1,0.51,1.33,0.0,0.0,0.0,3.98,0.1,11.1,,,,,,,,,,,,,,,,,
Diego Fagúndez,uy URU,"MF,FW",LA Galaxy,30-293,1995,32,29,2464,27.4,0.22,0.07,0.29,0.22,0.0,0.0,0.18,0.0,0.1,0.1,0.13,0.23,1.82,6.9,4.74,0.29,0.23,0.23,Matches,2025,27.4,51.5,60.0,85.9,807.0,247.2,0.07,0.19,-0.06,1.86,5.66,2.08,0.4,0.22,0.95,0.22,23.1,0.95,0.22,0.23,1.0,21.2,0.15,0.0,0.0,0.11,0.12,0.12,66.8,1.13,7.77,31.9,27.7,1.53,66.8,0.4,34.4,0.69,59.4,39.7,0.29,1.13,0.8,51.4,1.06,0.66,37.5,0.55,0.69,0.66,0.22,1.28,0.66,0.04,3.5,3.5,0.07,0.04,0.0,0.07,0.07,0.0,0.95,0.8,0.04,3.58,0.22,0.66,0.0,0.0,0.0,3.61,0.22,30.0,,,,,,,,,,,,,,,,,
Maximiliano Falcón,uy URU,DF,Inter Miami,28-217,1997,24,21,1872,20.8,0.05,0.0,0.05,0.05,0.0,0.0,0.38,0.0,0.03,0.03,0.0,0.03,0.29,2.12,0.1,0.05,0.03,0.03,Matches,2025,20.8,50.8,54.3,93.6,986.6,268.7,0.0,0.0,0.0,0.0,1.97,0.0,0.0,0.05,0.24,0.1,40.0,0.24,0.1,0.2,0.5,10.7,0.0,0.0,0.0,0.12,0.02,0.02,63.8,8.08,38.0,25.1,0.91,0.38,63.8,0.05,33.3,0.1,66.7,40.3,0.0,0.43,0.14,45.3,1.2,0.77,50.0,0.72,1.39,0.53,1.2,2.4,3.8,0.05,0.19,0.19,0.0,0.0,0.0,0.0,0.0,0.0,0.87,0.96,0.0,0.0,1.2,0.77,0.0,0.0,0.0,2.74,0.91,38.0,,,,,,,,,,,,,,,,,
Fallou Fall,sn SEN,DF,St. Louis,21-233,2004,8,6,589,6.5,0.0,0.15,0.15,0.0,0.0,0.0,0.15,0.0,0.06,0.06,0.17,0.23,0.77,3.23,0.15,0.15,0.23,0.23,Matches,2025,6.5,44.0,48.9,89.9,871.2,373.7,0.15,0.11,-0.02,0.77,2.62,0.31,0.0,0.0,0.92,0.15,16.7,0.92,0.15,0.0,0.0,10.5,0.0,0.0,0.0,0.07,-0.06,-0.06,61.4,9.69,31.2,26.5,3.69,2.15,61.4,0.15,100.0,0.0,0.0,36.6,0.0,0.15,0.31,40.6,1.23,0.92,42.9,0.62,1.38,0.0,1.38,2.62,6.0,0.15,1.69,1.68,0.15,0.0,0.0,0.15,0.15,0.0,0.46,0.31,0.0,0.15,1.38,0.92,0.0,0.0,0.0,4.46,2.62,54.8,,,,,,,,,,,,,,,,,
Marco Farfan,us USA,DF,FC Dallas,27-022,1998,17,14,1291,14.3,0.0,0.0,0.0,0.0,0.0,0.0,0.07,0.0,0.01,0.01,0.1,0.1,1.4,2.52,2.45,0.0,0.11,0.11,Matches,2025,14.3,35.9,43.8,81.9,520.4,202.2,0.0,0.1,-0.1,0.84,1.33,0.7,0.49,0.0,0.28,0.0,0.0,0.28,0.0,0.0,,14.3,0.0,0.0,0.0,0.05,-0.01,-0.01,55.2,4.83,20.4,22.5,12.5,0.91,55.2,0.35,33.3,0.56,53.3,22.9,0.14,1.33,0.63,30.8,1.96,1.12,57.1,0.84,0.7,0.35,0.7,2.66,3.85,0.21,1.4,1.39,0.0,0.14,0.0,0.07,0.07,0.0,1.54,1.33,0.14,0.98,0.7,1.12,0.0,0.0,0.0,3.36,1.05,46.9,,,,,,,,,,,,,,,,,
Andrew Farrell,us USA,"MF,DF",NE Revolution,33-246,1992,3,0,23,0.3,0.0,0.0,0.0,0.0,0.0,0.0,0.0,0.0,0.0,0.0,0.33,0.33,0.0,6.67,0.0,0.0,0.27,0.27,Matches,2025,0.3,30.0,36.7,81.8,676.7,233.3,0.0,0.0,-0.33,3.33,6.67,0.0,0.0,0.0,0.0,0.0,,0.0,0.0,,,,0.0,0.0,0.0,,0.0,0.0,50.0,3.33,16.7,30.0,3.33,0.0,50.0,0.0,,0.0,,13.3,0.0,0.0,0.0,13.3,3.33,0.0,,0.0,3.33,3.33,0.0,3.33,6.67,0.0,3.33,3.91,0.0,0.0,0.0,0.0,0.0,0.0,0.0,3.33,0.0,0.0,0.0,0.0,0.0,0.0,0.0,3.33,0.0,0.0,,,,,,,,,,,,,,,,,
Logan Farrington,us USA,"FW,MF",FC Dallas,23-355,2001,32,18,1570,17.4,0.29,0.17,0.46,0.29,0.0,0.0,0.23,0.06,0.18,0.18,0.13,0.31,2.93,2.47,6.55,0.46,0.31,0.31,Matches,2025,17.4,18.9,25.6,73.7,250.4,62.4,0.17,0.11,0.05,0.86,1.03,0.8,0.17,0.29,1.67,0.69,41.4,1.66,0.69,0.17,0.42,15.4,0.06,0.0,0.0,0.11,0.1,0.1,38.7,1.9,6.38,14.1,19.4,4.37,38.7,1.38,41.4,1.72,51.7,20.9,1.32,2.87,1.78,26.6,1.26,0.86,57.9,0.46,0.63,0.34,0.29,1.55,1.95,0.0,2.36,2.35,0.17,0.4,0.06,0.29,0.29,0.0,0.92,2.47,0.46,0.52,0.29,0.86,0.06,0.0,0.0,4.54,1.38,34.8,,,,,,,,,,,,,,,,,
Mohamed Farsi,dz ALG,"DF,MF",Columbus Crew,25-353,1999,18,16,1481,16.5,0.06,0.18,0.24,0.06,0.0,0.0,0.12,0.0,0.16,0.16,0.16,0.32,2.42,3.21,12.2,0.24,0.32,0.32,Matches,2025,16.5,53.8,62.0,86.7,741.6,169.6,0.18,0.17,0.02,1.27,2.36,1.58,0.42,0.06,0.97,0.48,50.0,0.97,0.49,0.06,0.13,15.5,0.0,0.0,0.0,0.16,-0.1,-0.1,70.2,1.88,8.67,29.4,32.7,4.0,70.2,0.3,26.3,0.61,52.6,43.6,1.21,1.39,0.79,52.8,1.15,0.42,62.5,0.36,0.79,0.67,0.42,1.58,1.15,0.0,2.61,2.61,0.06,0.06,0.0,0.42,0.43,0.0,0.67,1.27,0.3,1.88,0.42,0.42,0.0,0.0,0.0,3.39,0.24,21.1,,,,,,,,,,,,,,,,,
Ilay Feingold,il ISR,DF,NE Revolution,21-103,2004,29,26,2239,24.9,0.12,0.12,0.24,0.12,0.0,0.0,0.12,0.0,0.07,0.07,0.12,0.19,2.61,2.33,6.02,0.24,0.19,0.19,Matches,2025,24.9,42.0,51.5,81.6,671.8,187.2,0.12,0.14,0.0,0.76,1.49,1.04,0.76,0.12,0.56,0.24,42.9,0.56,0.24,0.21,0.5,14.6,0.0,0.0,0.0,0.13,0.05,0.05,61.3,3.57,20.4,25.0,16.7,1.89,61.3,1.04,53.1,0.8,40.8,35.3,0.68,1.29,0.64,40.4,1.29,0.92,59.5,0.6,1.12,0.64,0.8,2.09,2.33,0.04,1.85,1.85,0.24,0.12,0.0,0.2,0.2,0.0,0.72,1.73,0.32,4.34,0.8,0.92,0.0,0.0,0.0,3.86,0.48,46.2,,,,,,,,,,,,,,,,,
Joaquín Fernández,es ESP,DF,Sporting KC,29-187,1996,17,16,1298,14.4,0.0,0.0,0.0,0.0,0.0,0.0,0.42,0.0,0.03,0.03,0.02,0.05,0.35,3.4,0.0,0.0,0.05,0.05,Matches,2025,14.4,46.3,50.7,91.2,975.2,361.9,0.0,0.02,-0.02,0.21,2.99,0.14,0.0,0.0,0.49,0.0,0.0,0.49,0.0,0.0,,12.0,0.0,0.0,0.0,0.06,-0.03,-0.03,61.4,7.08,28.2,31.9,1.67,0.9,61.4,0.07,100.0,0.0,0.0,35.4,0.0,0.28,0.0,41.1,1.32,0.9,69.2,0.28,1.18,0.56,0.9,2.22,5.83,0.0,0.69,0.69,0.0,0.0,0.0,0.28,0.28,0.0,1.32,0.97,0.14,0.07,0.9,0.9,0.0,0.0,0.0,4.24,1.39,48.8,,,,,,,,,,,,,,,,,
Julián Fernández,ar ARG,"FW,MF",NYCFC,21-335,2004,32,14,1411,15.7,0.19,0.32,0.51,0.19,0.0,0.0,0.38,0.0,0.21,0.21,0.38,0.59,3.12,4.08,9.62,0.51,0.59,0.59,Matches,2025,15.7,35.4,48.5,72.9,530.3,150.1,0.32,0.32,-0.06,2.87,3.63,1.4,0.06,0.19,2.42,0.64,26.3,2.42,0.64,0.08,0.3,18.2,0.19,0.0,0.0,0.09,-0.02,-0.02,61.7,1.02,8.09,25.2,29.8,4.2,61.7,1.53,42.9,1.72,48.2,36.1,1.02,3.18,0.76,43.1,1.59,0.76,36.4,1.34,1.59,1.46,0.45,2.04,0.64,0.06,4.65,4.66,0.25,0.13,0.19,0.25,0.26,0.0,1.34,1.46,0.06,4.97,0.45,0.76,0.0,0.0,0.0,4.59,0.76,38.7,,,,,,,,,,,,,,,,,
Nick Fernandez,us USA,MF,SJ Earthquakes,23-347,2001,2,2,117,1.3,0.0,0.0,0.0,0.0,0.0,0.0,0.0,0.0,0.08,0.08,0.08,0.15,0.0,2.31,0.77,0.0,0.13,0.13,Matches,2025,1.3,21.5,32.3,66.7,320.0,70.0,0.0,0.08,-0.08,1.54,1.54,0.0,0.0,0.0,2.31,0.0,0.0,2.31,0.0,0.0,,26.0,0.77,0.0,0.0,0.03,-0.08,-0.08,43.8,0.77,7.69,26.2,10.8,0.0,43.8,0.0,0.0,0.77,100.0,20.0,0.0,0.0,0.77,25.4,4.62,4.62,40.0,2.31,0.0,0.0,1.54,6.15,0.77,0.0,1.54,1.54,0.0,0.0,0.77,0.0,0.0,0.0,0.77,1.54,0.0,0.77,1.54,4.62,0.0,0.0,0.0,3.85,0.0,0.0,,,,,,,,,,,,,,,,,
Omir Fernandez,us USA,"MF,FW",Colorado Rapids,26-299,1999,8,0,182,2.0,0.0,1.0,1.0,0.0,0.0,0.0,0.0,0.0,0.1,0.1,1.05,1.15,5.0,2.5,9.0,0.99,1.14,1.14,Matches,2025,2.0,21.5,29.0,74.1,287.0,92.0,1.0,0.7,-0.05,4.5,0.5,2.0,1.0,0.0,1.0,0.0,0.0,0.99,0.0,0.0,,15.8,0.0,0.0,0.0,0.08,-0.1,-0.1,44.0,0.5,6.0,9.5,29.0,6.0,44.0,0.5,16.7,2.0,66.7,28.5,2.5,2.0,3.0,29.5,0.5,0.5,0.0,1.5,1.5,1.5,1.0,1.5,1.5,0.0,6.5,6.43,0.5,0.0,0.0,1.0,0.99,0.0,1.5,1.5,0.0,3.0,1.0,0.5,0.0,0.0,0.0,4.5,0.5,25.0,,,,,,,,,,,,,,,,,
Omir Fernandez,us USA,"MF,FW",Portland Timbers,26-299,1999,18,3,426,4.7,0.21,0.0,0.21,0.21,0.0,0.0,0.0,0.0,0.17,0.17,0.15,0.32,3.4,4.26,11.9,0.21,0.32,0.32,Matches,2025,4.7,33.4,43.0,77.7,474.7,121.5,0.0,0.19,-0.15,1.06,2.13,1.06,0.21,0.21,1.28,0.43,33.3,1.27,0.42,0.17,0.5,11.8,0.0,0.0,0.0,0.13,0.04,0.04,55.1,0.85,5.11,23.6,26.8,5.11,55.1,1.49,35.0,2.77,65.0,36.6,2.13,2.34,0.64,44.3,1.91,1.06,27.3,1.7,0.64,0.64,0.64,2.55,0.64,0.0,3.4,3.38,0.0,0.21,0.0,0.0,0.0,0.0,1.06,3.19,0.21,2.98,0.64,1.06,0.0,0.0,0.0,4.68,0.43,18.2,,,,,,,,,,,,,,,,,
Jesús Ferreira,us USA,"FW,MF",Seattle Sounders,24-345,2000,32,27,2176,24.2,0.17,0.17,0.33,0.17,0.0,0.0,0.12,0.0,0.22,0.22,0.15,0.37,1.53,4.38,6.49,0.33,0.37,0.37,Matches,2025,24.2,34.9,43.4,80.4,560.0,127.6,0.17,0.14,0.01,1.45,2.64,1.45,0.08,0.17,1.57,0.74,47.4,1.57,0.74,0.11,0.22,17.4,0.08,0.0,0.0,0.14,-0.06,-0.06,50.6,0.5,5.0,23.8,22.0,3.06,50.6,0.25,30.0,0.54,65.0,29.7,0.41,1.32,0.54,38.6,1.24,0.7,34.6,0.7,0.54,0.5,0.7,1.94,0.25,0.0,3.31,3.31,0.08,0.0,0.0,0.41,0.41,0.0,0.91,0.45,0.29,1.86,0.7,0.7,0.0,0.0,0.0,3.06,0.41,41.7,,,,,,,,,,,,,,,,,
Dominik Fitz,at AUT,"FW,DF",Minnesota Utd,26-171,1999,5,1,151,1.7,0.0,0.0,0.0,0.0,0.0,0.0,0.0,0.0,0.12,0.12,0.29,0.41,1.76,4.12,8.82,0.0,0.44,0.44,Matches,2025,1.7,27.1,38.8,69.7,416.5,189.4,0.0,0.24,-0.29,2.94,3.53,1.18,0.0,0.0,1.18,0.59,50.0,1.19,0.6,0.0,0.0,16.5,0.0,0.0,0.0,0.11,-0.12,-0.12,53.5,0.59,8.24,22.9,22.9,3.53,53.5,0.59,20.0,1.76,60.0,29.4,1.76,4.12,1.18,32.4,0.0,0.0,,0.0,1.76,1.18,0.59,0.59,1.18,0.0,5.29,5.36,0.0,0.0,0.0,0.59,0.6,0.0,0.59,0.59,0.59,5.29,0.59,0.0,0.0,0.0,0.0,5.88,0.0,0.0,,,,,,,,,,,,,,,,,
Kristian Fletcher,us USA,FW,D.C. United,20-120,2005,3,0,77,0.9,0.0,0.0,0.0,0.0,0.0,0.0,0.0,0.0,0.11,0.11,0.0,0.11,1.11,1.11,5.56,0.0,0.09,0.09,Matches,2025,0.9,11.1,14.4,76.9,171.1,23.3,0.0,0.0,0.0,1.11,1.11,0.0,0.0,0.0,2.22,0.0,0.0,2.34,0.0,0.0,,28.3,0.0,0.0,0.0,0.03,-0.11,-0.11,33.3,1.11,4.44,15.6,13.3,2.22,33.3,0.0,0.0,3.33,100.0,20.0,1.11,4.44,3.33,21.1,2.22,1.11,66.7,1.11,0.0,0.0,0.0,2.22,1.11,0.0,1.11,1.17,0.0,0.0,0.0,0.0,0.0,0.0,1.11,0.0,0.0,0.0,0.0,1.11,0.0,0.0,0.0,2.22,1.11,33.3,,,,,,,,,,,,,,,,,
Nicolas Fleuriau,ca CAN,"DF,FW",Vancouver W'caps,23-197,2002,2,0,8,0.1,0.0,0.0,0.0,0.0,0.0,0.0,0.0,0.0,1.0,1.0,0.0,1.0,0.0,0.0,30.0,0.0,1.29,1.29,Matches,2025,0.1,10.0,20.0,50.0,140.0,0.0,0.0,0.0,0.0,0.0,0.0,0.0,0.0,0.0,20.0,10.0,50.0,22.5,11.25,0.0,0.0,11.0,0.0,0.0,0.0,0.06,-1.0,-1.0,80.0,0.0,0.0,40.0,40.0,20.0,80.0,10.0,100.0,0.0,0.0,30.0,0.0,0.0,10.0,40.0,10.0,10.0,0.0,10.0,10.0,10.0,0.0,10.0,0.0,0.0,30.0,33.75,10.0,10.0,10.0,0.0,0.0,0.0,10.0,10.0,0.0,0.0,0.0,10.0,0.0,0.0,0.0,0.0,0.0,,,,,,,,,,,,,,,,,,
Deybi Flores,hn HON,MF,Toronto FC,29-171,1996,19,16,1360,15.1,0.13,0.13,0.26,0.13,0.0,0.0,0.33,0.0,0.07,0.07,0.05,0.12,0.53,3.71,0.33,0.26,0.12,0.12,Matches,2025,15.1,40.1,49.1,81.6,710.7,224.6,0.13,0.03,0.08,0.46,5.56,0.26,0.0,0.13,0.93,0.26,28.6,0.93,0.26,0.14,0.5,19.4,0.0,0.0,0.0,0.07,0.07,0.07,62.6,4.77,19.7,37.1,6.89,0.86,62.6,0.07,20.0,0.26,80.0,30.4,0.07,0.93,0.26,34.6,3.31,1.85,41.9,1.66,1.32,0.99,1.92,5.23,4.04,0.0,1.46,1.46,0.0,0.07,0.07,0.26,0.26,0.0,1.79,1.59,0.07,0.33,1.92,1.85,0.0,0.0,0.0,7.48,1.06,42.1,,,,,,,,,,,,,,,,,
Gilberto Flores,py PAR,DF,FC Cincinnati,22-247,2003,16,12,1181,13.1,0.0,0.0,0.0,0.0,0.0,0.0,0.38,0.08,0.03,0.03,0.0,0.03,0.08,2.6,0.08,0.0,0.03,0.03,Matches,2025,13.1,42.5,50.8,83.8,826.9,306.1,0.0,0.01,0.0,0.15,2.21,0.08,0.0,0.0,0.69,0.15,22.2,0.69,0.15,0.0,0.0,14.4,0.0,0.0,0.0,0.05,-0.03,-0.03,64.9,7.4,33.4,29.6,2.21,0.84,64.9,0.23,75.0,0.08,25.0,33.7,0.0,0.76,0.23,39.5,2.82,2.21,52.1,1.76,1.53,0.53,1.3,4.12,6.56,0.08,0.76,0.76,0.0,0.08,0.23,0.08,0.08,0.08,0.61,0.76,0.0,0.08,1.3,2.21,0.0,0.0,0.0,4.12,2.52,66.0,,,,,,,,,,,,,,,,,
Max Floriani,us USA,DF,SJ Earthquakes,22-301,2003,14,9,822,9.1,0.0,0.0,0.0,0.0,0.0,0.0,0.44,0.0,0.0,0.0,0.0,0.0,0.22,2.75,0.33,0.0,0.0,0.0,Matches,2025,9.1,38.2,43.8,87.2,672.1,283.2,0.0,0.01,0.0,0.22,3.08,0.0,0.0,0.0,0.0,0.0,,0.0,0.0,,,,0.0,0.0,0.0,,0.0,0.0,54.7,5.05,26.7,26.0,2.42,0.33,54.7,0.44,80.0,0.11,20.0,28.6,0.0,1.1,0.33,34.3,1.87,0.99,60.0,0.66,1.43,0.44,1.76,3.63,3.41,0.22,0.88,0.88,0.0,0.11,0.0,0.0,0.0,0.0,1.32,0.77,0.0,0.11,1.76,0.99,0.0,0.0,0.0,3.74,1.32,60.0,,,,,,,,,,,,,,,,,
CJ Fodrey,us USA,"FW,MF",Austin,21-297,2004,22,2,335,3.7,0.27,0.27,0.54,0.27,0.0,0.0,0.0,0.0,0.38,0.38,0.43,0.81,1.08,2.16,3.51,0.54,0.81,0.81,Matches,2025,3.7,13.8,21.4,64.6,210.0,34.3,0.27,0.24,-0.16,1.35,0.54,0.0,0.0,0.27,4.59,1.08,23.5,4.57,1.07,0.06,0.25,11.5,0.0,0.0,0.0,0.08,-0.11,-0.11,36.8,1.08,6.22,17.0,15.4,6.49,36.8,1.08,66.7,0.27,16.7,15.9,0.54,2.7,2.16,21.1,1.62,0.81,0.0,1.08,0.81,0.81,0.81,2.43,1.35,0.0,3.51,3.48,0.54,0.0,0.0,0.54,0.54,0.0,1.62,1.35,1.08,0.81,0.81,0.81,0.0,0.0,0.0,4.05,5.68,60.0,,,,,,,,,,,,,,,,,
Mamadou Fofana,ml MLI,DF,NE Revolution,27-317,1998,30,30,2571,28.6,0.0,0.03,0.03,0.0,0.0,0.0,0.31,0.0,0.01,0.01,0.01,0.02,0.24,2.06,0.07,0.04,0.02,0.02,Matches,2025,28.6,45.6,49.7,91.8,936.0,312.8,0.03,0.01,0.02,0.1,1.89,0.03,0.0,0.0,0.17,0.0,0.0,0.18,0.0,0.0,,22.6,0.0,0.0,0.0,0.04,-0.01,-0.01,62.0,10.5,39.3,21.9,1.19,0.24,62.0,0.21,85.7,0.03,14.3,36.2,0.0,0.35,0.21,40.4,2.17,1.22,52.9,0.84,1.78,0.77,1.71,3.88,5.49,0.1,0.56,0.56,0.0,0.0,0.03,0.03,0.04,0.0,1.19,0.31,0.07,0.03,1.71,1.22,0.0,0.1,0.0,4.79,0.7,42.6,,,,,,,,,,,,,,,,,
Emil Forsberg,se SWE,"MF,FW",NY Red Bulls,34-042,1991,33,33,2866,31.8,0.35,0.25,0.6,0.28,0.06,0.06,0.13,0.0,0.32,0.27,0.23,0.5,1.07,4.4,5.6,0.53,0.55,0.5,Matches,2025,31.8,25.3,33.5,75.4,444.6,116.2,0.25,0.21,0.02,1.64,3.08,1.38,0.06,0.35,2.01,0.69,34.4,2.01,0.69,0.14,0.41,21.0,0.44,0.06,0.06,0.13,0.03,0.02,40.9,0.13,1.54,19.4,20.5,2.48,40.8,0.63,39.2,0.94,58.8,24.2,0.35,1.64,1.01,29.7,0.66,0.5,47.4,0.31,0.41,0.38,0.22,0.88,0.31,0.03,3.43,3.42,0.13,0.35,0.0,0.44,0.44,0.0,0.85,1.13,0.44,3.62,0.22,0.5,0.0,0.0,0.0,2.74,0.38,34.3,,,,,,,,,,,,,,,,,
Ajani Fortune,tt TRI,"MF,DF",Atlanta Utd,22-339,2002,15,8,784,8.7,0.11,0.0,0.11,0.11,0.0,0.0,0.46,0.0,0.08,0.08,0.11,0.2,2.07,6.44,3.91,0.11,0.19,0.19,Matches,2025,8.7,46.8,53.4,87.5,793.7,214.6,0.0,0.11,-0.11,1.03,4.48,1.49,0.23,0.11,0.8,0.34,42.9,0.8,0.34,0.14,0.33,18.2,0.0,0.0,0.0,0.1,0.03,0.03,64.0,1.84,13.0,33.6,17.8,1.61,64.0,0.92,57.1,0.46,28.6,38.4,0.34,1.38,0.11,45.1,2.41,1.84,66.7,0.46,1.15,0.92,1.61,4.02,1.61,0.0,2.87,2.87,0.0,0.23,0.0,0.0,0.0,0.0,2.07,1.84,0.0,0.57,1.61,1.84,0.0,0.0,0.0,4.14,0.69,40.0,,,,,,,,,,,,,,,,,
Jimer Fory,co COL,DF,Portland Timbers,23-194,2002,26,23,2061,22.9,0.0,0.09,0.09,0.0,0.0,0.0,0.39,0.0,0.02,0.02,0.06,0.08,1.53,5.11,3.32,0.09,0.08,0.08,Matches,2025,22.9,48.9,58.3,83.8,804.0,311.6,0.09,0.05,0.03,0.61,4.59,0.31,0.04,0.0,0.35,0.09,25.0,0.35,0.09,0.0,0.0,21.6,0.0,0.0,0.0,0.06,-0.02,-0.02,70.8,4.24,22.7,36.2,12.4,0.83,70.8,0.74,65.4,0.39,34.6,36.2,0.17,0.87,0.44,42.6,1.7,1.05,60.0,0.52,1.7,1.31,1.4,3.1,4.85,0.04,1.35,1.35,0.0,0.04,0.09,0.13,0.13,0.0,1.83,0.83,0.04,1.79,1.4,1.05,0.0,0.0,0.0,4.67,2.36,63.5,,,,,,,,,,,,,,,,,
André Franco,pt POR,MF,Chicago Fire,27-236,1998,6,5,400,4.4,0.0,0.91,0.91,0.0,0.0,0.0,0.23,0.0,0.02,0.02,0.41,0.43,1.59,5.91,2.5,0.9,0.44,0.44,Matches,2025,4.4,58.4,71.4,81.8,1010.9,321.8,0.91,0.39,0.5,2.73,6.14,2.27,0.0,0.0,1.14,0.23,20.0,1.13,0.23,0.0,0.0,25.7,0.0,0.0,0.0,0.03,-0.02,-0.02,79.3,2.73,21.4,38.6,19.8,1.59,79.3,0.91,44.4,1.14,55.6,46.1,0.45,2.73,0.68,62.5,1.36,0.68,25.0,1.36,0.91,0.91,0.45,1.82,0.23,0.23,5.23,5.18,0.23,0.23,0.0,1.59,1.58,0.0,0.91,1.14,0.0,4.55,0.45,0.68,0.0,0.0,0.0,2.5,0.45,40.0,,,,,,,,,,,,,,,,,
Kobe Franklin,ca CAN,DF,Toronto FC,22-208,2003,15,8,785,8.7,0.0,0.0,0.0,0.0,0.0,0.0,0.23,0.0,0.0,0.0,0.0,0.0,0.8,2.64,2.18,0.0,0.01,0.01,Matches,2025,8.7,38.2,45.7,83.4,647.0,205.9,0.0,0.02,0.0,0.0,2.76,0.34,0.11,0.0,0.34,0.11,33.3,0.34,0.11,0.0,0.0,23.9,0.0,0.0,0.0,0.01,0.0,0.0,54.1,3.22,21.0,24.3,9.31,0.34,54.1,0.34,50.0,0.23,33.3,29.8,0.11,0.57,0.69,31.5,2.18,1.72,100.0,0.0,0.57,0.46,1.03,3.22,2.64,0.0,1.26,1.26,0.0,0.11,0.0,0.0,0.0,0.0,1.03,0.92,0.0,1.03,1.03,1.72,0.0,0.0,0.0,4.48,0.46,36.4,,,,,,,,,,,,,,,,,
Ian Fray,jm JAM,DF,Inter Miami,23-095,2002,21,13,1231,13.7,0.07,0.15,0.22,0.07,0.0,0.0,0.22,0.07,0.04,0.04,0.15,0.2,2.48,1.9,4.09,0.22,0.19,0.19,Matches,2025,13.7,41.8,48.1,86.8,670.1,194.5,0.15,0.17,-0.01,0.73,1.68,0.58,0.44,0.07,0.73,0.36,50.0,0.73,0.37,0.1,0.2,12.9,0.0,0.0,0.0,0.06,0.03,0.03,61.2,3.07,22.3,27.1,12.4,2.12,61.2,1.46,46.5,1.39,44.2,32.6,0.66,2.34,0.88,36.4,2.7,1.75,73.0,0.73,1.61,1.31,1.02,3.72,1.61,0.15,1.46,1.46,0.07,0.22,0.0,0.29,0.29,0.0,1.53,2.04,0.15,1.02,1.02,1.75,0.0,0.0,0.0,5.99,0.88,52.2,,,,,,,,,,,,,,,,,
Wayne Frederick,tt TRI,MF,Colorado Rapids,21-174,2004,9,2,222,2.5,0.0,0.0,0.0,0.0,0.0,0.0,1.2,0.4,0.04,0.04,0.0,0.04,0.8,1.6,2.0,0.0,0.03,0.03,Matches,2025,2.5,30.0,36.0,83.3,378.4,124.0,0.0,0.08,0.0,0.0,3.6,0.4,0.0,0.0,0.8,0.0,0.0,0.81,0.0,0.0,,17.3,0.0,0.0,0.0,0.04,-0.04,-0.04,55.2,7.6,16.0,30.8,9.6,2.8,55.2,0.8,66.7,0.4,33.3,21.2,0.8,2.8,0.0,28.0,1.6,0.0,0.0,1.6,2.8,1.6,2.8,4.4,5.2,0.0,0.0,0.0,0.0,0.0,0.0,0.0,0.0,0.0,3.2,1.2,0.0,0.4,2.8,0.0,0.0,0.0,0.0,5.2,3.6,75.0,,,,,,,,,,,,,,,,,
Alex Freeman,us USA,DF,Orlando City,21-117,2004,29,26,2453,27.3,0.22,0.11,0.33,0.22,0.0,0.0,0.15,0.0,0.21,0.21,0.19,0.39,2.49,4.03,7.03,0.33,0.39,0.39,Matches,2025,27.3,38.7,47.7,81.2,629.1,184.5,0.11,0.19,-0.08,1.61,2.53,1.03,0.18,0.22,1.68,0.55,32.6,1.69,0.55,0.13,0.4,11.5,0.0,0.0,0.0,0.12,0.01,0.01,59.7,3.41,16.3,23.7,20.4,4.18,59.7,1.32,55.4,0.95,40.0,31.1,0.99,0.88,0.99,36.9,1.54,0.99,61.1,0.51,1.03,0.7,0.95,2.49,3.44,0.0,3.77,3.78,0.37,0.11,0.04,0.18,0.18,0.0,0.73,1.32,0.26,1.39,0.95,0.99,0.0,0.0,0.0,4.76,2.05,58.3,,,,,,,,,,,,,,,,,
Julian Gaines,us USA,"FW,DF",Nashville SC,23-029,2002,3,0,25,0.3,0.0,0.0,0.0,0.0,0.0,0.0,0.0,0.0,0.0,0.0,0.0,0.0,3.33,3.33,3.33,0.0,0.04,0.04,Matches,2025,0.3,96.7,110.0,87.9,1413.3,386.7,0.0,0.0,0.0,0.0,6.67,0.0,0.0,0.0,3.33,0.0,0.0,3.6,0.0,0.0,,33.9,0.0,0.0,0.0,0.01,0.0,0.0,140.0,0.0,46.7,50.0,43.3,0.0,140.0,0.0,,0.0,,73.3,0.0,3.33,0.0,73.3,10.0,0.0,,0.0,0.0,0.0,3.33,13.3,0.0,0.0,0.0,0.0,0.0,0.0,0.0,0.0,0.0,0.0,3.33,3.33,0.0,3.33,3.33,0.0,0.0,0.0,0.0,10.0,6.67,50.0,,,,,,,,,,,,,,,,,
Jon Gallagher,ie IRL,"DF,MF",Austin,29-284,1996,34,25,2354,26.2,0.04,0.0,0.04,0.04,0.0,0.0,0.11,0.0,0.04,0.04,0.07,0.11,2.18,2.71,5.95,0.04,0.11,0.11,Matches,2025,26.2,30.8,40.5,76.2,538.7,165.0,0.0,0.09,-0.07,0.61,1.98,0.92,0.61,0.04,0.46,0.15,33.3,0.46,0.15,0.08,0.25,17.8,0.0,0.0,0.0,0.08,0.0,0.0,49.5,3.4,13.5,20.0,16.4,1.34,49.5,0.5,48.1,0.46,44.4,26.7,0.34,1.18,0.27,30.4,0.99,0.69,57.7,0.42,0.92,0.61,0.42,1.41,3.28,0.04,1.64,1.64,0.0,0.0,0.0,0.0,0.0,0.0,0.69,0.99,0.15,3.32,0.42,0.69,0.0,0.0,0.0,2.63,0.46,36.4,,,,,,,,,,,,,,,,,
Ignatius Ganago,cm CMR,"FW,MF",NE Revolution,26-291,1999,20,19,1574,17.5,0.17,0.11,0.29,0.17,0.0,0.0,0.06,0.0,0.35,0.35,0.1,0.46,1.6,1.2,6.46,0.29,0.46,0.46,Matches,2025,17.5,14.5,20.5,70.5,204.6,33.2,0.11,0.08,0.01,0.63,0.8,0.34,0.0,0.17,2.23,0.86,38.5,2.23,0.86,0.08,0.2,12.9,0.0,0.0,0.0,0.16,-0.18,-0.18,30.8,0.97,4.4,13.7,13.2,5.14,30.8,0.57,33.3,0.74,43.3,18.6,0.91,2.17,1.09,22.4,0.97,0.86,36.8,0.69,0.57,0.46,0.23,1.2,1.14,0.0,1.6,1.6,0.0,0.23,0.06,0.34,0.34,0.0,1.09,2.06,0.69,0.63,0.23,0.86,0.11,0.0,0.0,3.09,2.4,39.6,,,,,,,,,,,,,,,,,
Carlos Garcés,co COL,DF,LA Galaxy,24-054,2001,23,19,1715,19.1,0.05,0.05,0.1,0.05,0.0,0.0,0.31,0.0,0.02,0.02,0.03,0.04,0.26,3.51,0.1,0.1,0.04,0.04,Matches,2025,19.1,61.4,66.2,92.7,1038.2,357.5,0.05,0.02,0.03,0.37,4.03,0.1,0.0,0.05,0.26,0.1,40.0,0.26,0.1,0.2,0.5,17.5,0.0,0.0,0.0,0.06,0.04,0.04,77.2,6.18,36.5,39.2,1.73,0.58,77.2,0.26,50.0,0.26,50.0,50.7,0.1,1.41,0.16,56.0,3.14,2.09,78.9,0.42,1.26,0.84,1.41,4.55,2.62,0.26,0.63,0.63,0.0,0.0,0.0,0.05,0.05,0.0,1.1,0.89,0.05,0.0,1.41,2.09,0.0,0.05,0.0,6.49,0.99,67.9,,,,,,,,,,,,,,,,,
Diego García,us USA,MF,FC Dallas,19-048,2006,2,0,12,0.1,0.0,0.0,0.0,0.0,0.0,0.0,0.0,0.0,0.0,0.0,0.0,0.0,0.0,0.0,10.0,0.0,0.0,0.0,Matches,2025,0.1,40.0,70.0,57.1,520.0,10.0,0.0,0.0,0.0,0.0,0.0,0.0,0.0,0.0,0.0,0.0,,0.0,0.0,,,,0.0,0.0,0.0,,0.0,0.0,160.0,40.0,80.0,60.0,20.0,10.0,160.0,0.0,0.0,10.0,100.0,50.0,0.0,10.0,10.0,50.0,0.0,0.0,,0.0,20.0,20.0,0.0,0.0,30.0,0.0,0.0,0.0,0.0,0.0,0.0,0.0,0.0,0.0,0.0,0.0,0.0,10.0,0.0,0.0,0.0,0.0,0.0,0.0,0.0,,,,,,,,,,,,,,,,,,
Manu García,es ESP,MF,Sporting KC,27-336,1998,27,23,2094,23.3,0.09,0.3,0.39,0.09,0.0,0.0,0.21,0.0,0.06,0.06,0.16,0.22,2.02,9.27,2.53,0.39,0.22,0.22,Matches,2025,23.3,41.2,52.3,78.8,796.2,258.9,0.3,0.21,0.14,1.89,8.2,2.45,0.39,0.09,0.9,0.21,23.8,0.9,0.21,0.1,0.4,20.5,0.0,0.0,0.0,0.07,0.03,0.03,62.4,0.82,6.27,30.4,26.7,1.2,62.4,1.63,47.5,1.67,48.8,39.6,0.17,1.93,1.37,47.8,1.29,0.99,42.4,0.82,0.73,0.64,0.47,1.76,0.6,0.13,4.08,4.08,0.3,0.34,0.13,0.47,0.47,0.0,1.12,2.06,0.09,2.4,0.47,0.99,0.0,0.0,0.0,4.42,0.13,18.8,,,,,,,,,,,,,,,,,
Ryan Gauld,sct SCO,"FW,MF",Vancouver W'caps,29-353,1995,6,3,245,2.7,0.37,0.37,0.74,0.37,0.0,0.0,0.37,0.0,0.33,0.33,0.19,0.52,1.48,6.3,11.1,0.73,0.52,0.52,Matches,2025,2.7,40.4,52.6,76.8,704.1,185.6,0.37,0.3,0.19,2.59,1.85,1.48,0.0,0.37,2.96,1.48,50.0,2.94,1.47,0.13,0.25,14.8,0.37,0.0,0.0,0.11,0.04,0.04,65.6,0.0,3.33,26.7,36.7,6.3,65.6,0.0,0.0,0.37,100.0,35.6,0.37,1.85,1.48,45.2,3.33,1.48,63.6,1.48,1.48,1.48,1.48,4.81,0.0,0.0,6.3,6.24,0.0,0.0,0.0,0.74,0.73,0.0,1.11,0.37,0.37,5.19,1.48,1.48,0.0,0.0,0.0,4.81,1.11,50.0,,,,,,,,,,,,,,,,,
Dániel Gazdag,hu HUN,"MF,FW",Philadelphia Union,29-277,1996,6,6,494,5.5,0.36,0.36,0.73,0.36,0.0,0.0,0.18,0.0,0.2,0.2,0.53,0.73,1.09,3.64,5.64,0.73,0.73,0.73,Matches,2025,5.5,32.7,40.4,81.1,437.8,108.7,0.36,0.25,-0.16,2.18,4.36,1.27,0.55,0.36,0.91,0.55,60.0,0.91,0.55,0.4,0.67,9.2,0.0,0.0,0.0,0.22,0.16,0.16,48.9,0.18,4.18,26.9,18.4,3.64,48.9,0.18,10.0,1.64,90.0,29.8,0.18,1.27,0.91,36.9,2.36,1.64,58.3,0.91,0.73,0.73,0.18,2.55,0.18,0.18,4.0,4.01,0.0,0.36,0.18,0.55,0.55,0.0,1.09,2.0,0.36,0.91,0.18,1.64,0.0,0.0,0.0,4.73,0.0,0.0,,,,,,,,,,,,,,,,,
Dániel Gazdag,hu HUN,"MF,FW",Columbus Crew,29-277,1996,26,23,2060,22.9,0.17,0.13,0.31,0.09,0.09,0.09,0.22,0.0,0.35,0.28,0.11,0.4,1.83,6.72,7.51,0.22,0.47,0.4,Matches,2025,22.9,42.2,48.4,87.2,569.1,137.3,0.13,0.11,0.02,0.83,4.5,1.09,0.09,0.17,1.79,0.66,36.6,1.79,0.66,0.05,0.13,12.3,0.0,0.09,0.09,0.16,-0.18,-0.2,56.9,0.35,3.89,27.3,26.0,3.71,56.9,0.44,34.5,0.66,51.7,38.5,0.26,1.88,1.14,50.0,0.87,0.48,29.6,0.83,0.79,0.66,0.31,1.18,0.17,0.0,2.27,2.27,0.09,0.13,0.0,0.35,0.35,0.0,1.22,2.31,0.52,0.39,0.31,0.48,0.04,0.0,0.0,2.75,0.35,38.1,,,,,,,,,,,,,,,,,
Owen Géne,fr FRA,MF,Minnesota Utd,22-260,2003,22,5,655,7.3,0.0,0.0,0.0,0.0,0.0,0.0,0.0,0.0,0.03,0.03,0.0,0.03,0.68,3.7,2.19,0.0,0.03,0.03,Matches,2025,7.3,36.0,41.4,87.1,522.1,173.0,0.0,0.04,0.0,0.27,3.15,0.68,0.0,0.0,0.55,0.14,25.0,0.55,0.14,0.0,0.0,21.4,0.0,0.0,0.0,0.05,-0.03,-0.03,51.6,2.74,15.5,27.1,9.45,0.96,51.6,1.1,72.7,0.41,27.3,24.7,0.14,0.96,1.64,31.6,1.37,0.96,50.0,0.82,2.05,1.23,1.51,2.88,1.37,0.0,0.96,0.96,0.0,0.0,0.0,0.27,0.27,0.0,1.78,1.1,0.0,0.27,1.51,0.96,0.0,0.0,0.0,5.21,1.1,44.4,,,,,,,,,,,,,,,,,
Sharod George,us USA,MF,NE Revolution,21-208,2004,1,0,5,0.1,0.0,0.0,0.0,0.0,0.0,0.0,0.0,0.0,0.0,0.0,0.0,0.0,0.0,0.0,10.0,0.0,0.0,0.0,Matches,2025,0.1,0.0,10.0,0.0,0.0,0.0,0.0,0.0,0.0,0.0,0.0,0.0,0.0,0.0,0.0,0.0,,0.0,0.0,,,,0.0,0.0,0.0,,0.0,0.0,40.0,0.0,10.0,20.0,10.0,0.0,40.0,0.0,0.0,10.0,100.0,10.0,0.0,0.0,0.0,10.0,0.0,0.0,,0.0,10.0,10.0,0.0,0.0,10.0,0.0,0.0,0.0,0.0,0.0,0.0,0.0,0.0,0.0,0.0,0.0,0.0,0.0,0.0,0.0,0.0,0.0,0.0,0.0,0.0,,,,,,,,,,,,,,,,,,
Joran Gerbet,fr FRA,MF,Orlando City,24-157,2001,20,13,1117,12.4,0.0,0.08,0.08,0.0,0.0,0.0,0.16,0.0,0.01,0.01,0.03,0.04,0.24,4.52,0.4,0.08,0.04,0.04,Matches,2025,12.4,42.5,47.3,89.9,711.7,207.9,0.08,0.05,0.05,0.4,6.05,0.32,0.0,0.0,0.24,0.0,0.0,0.24,0.0,0.0,,29.3,0.0,0.0,0.0,0.02,-0.01,-0.01,56.2,2.66,15.0,34.3,7.1,0.16,56.2,0.4,55.6,0.16,22.2,28.4,0.0,0.81,0.32,36.1,1.85,1.37,61.5,0.4,1.29,0.81,1.13,2.98,1.77,0.0,1.45,1.45,0.0,0.16,0.0,0.16,0.16,0.0,0.97,2.02,0.0,0.0,1.13,1.37,0.08,0.0,0.0,3.95,1.53,47.5,,,,,,,,,,,,,,,,,
Samuel Gidi,sk SVK,MF,FC Cincinnati,21-233,2004,5,3,301,3.3,0.0,0.0,0.0,0.0,0.0,0.0,0.61,0.0,0.03,0.03,0.03,0.06,0.91,3.94,1.52,0.0,0.06,0.06,Matches,2025,3.3,46.1,52.7,87.4,842.4,207.6,0.0,0.06,-0.03,0.3,3.64,0.3,0.0,0.0,0.61,0.3,50.0,0.6,0.3,0.0,0.0,23.6,0.0,0.0,0.0,0.07,-0.03,-0.03,70.6,7.27,20.3,41.8,9.09,0.91,70.6,0.3,33.3,0.61,66.7,38.2,0.0,2.42,0.91,43.6,3.64,1.21,55.6,1.21,1.82,0.91,0.61,4.24,4.24,0.0,1.21,1.2,0.0,0.3,0.0,0.0,0.0,0.0,1.52,0.91,0.0,0.0,0.61,1.21,0.0,0.0,0.0,8.79,0.61,66.7,,,,,,,,,,,,,,,,,
Carles Gil,es ESP,"MF,FW",NE Revolution,33-012,1992,34,34,3054,33.9,0.29,0.27,0.56,0.15,0.15,0.15,0.09,0.0,0.24,0.12,0.3,0.42,4.48,11.5,4.45,0.41,0.54,0.42,Matches,2025,33.9,49.3,63.3,77.8,940.1,341.4,0.27,0.35,-0.04,3.01,8.14,3.45,0.65,0.29,2.12,0.74,34.7,2.12,0.74,0.07,0.2,26.5,0.38,0.15,0.15,0.06,0.06,0.03,72.6,0.27,6.49,38.8,28.1,1.56,72.5,2.09,48.3,1.8,41.5,50.2,0.44,1.8,1.3,56.2,0.94,0.68,41.3,0.8,0.38,0.35,0.38,1.33,0.24,0.0,6.31,6.31,0.32,0.47,0.06,0.62,0.62,0.0,0.41,3.01,0.03,5.84,0.38,0.68,0.06,0.0,0.0,4.19,0.12,80.0,,,,,,,,,,,,,,,,,
Jake Girdwood-Reich,au AUS,"DF,MF",St. Louis,21-192,2004,10,5,495,5.5,0.0,0.0,0.0,0.0,0.0,0.0,0.0,0.0,0.0,0.0,0.0,0.0,0.36,2.18,0.0,0.0,0.0,0.0,Matches,2025,5.5,45.6,51.5,88.7,743.1,254.4,0.0,0.02,0.0,0.0,2.18,0.18,0.0,0.0,0.0,0.0,,0.0,0.0,,,,0.0,0.0,0.0,,0.0,0.0,64.0,6.36,28.0,31.1,5.09,0.36,64.0,0.55,50.0,0.55,50.0,36.9,0.18,0.36,0.36,42.7,2.55,1.27,55.6,0.73,1.27,0.91,1.27,3.82,5.09,0.0,0.36,0.36,0.0,0.18,0.0,0.0,0.0,0.0,1.09,2.18,0.0,0.0,1.27,1.27,0.0,0.0,0.0,2.55,3.27,52.9,,,,,,,,,,,,,,,,,
Olivier Giroud,fr FRA,FW,LAFC,39-065,1986,11,6,528,5.9,0.51,0.17,0.68,0.51,0.0,0.0,0.17,0.0,0.53,0.53,0.12,0.64,0.68,2.37,6.78,0.68,0.65,0.65,Matches,2025,5.9,15.8,25.1,62.8,257.3,46.9,0.17,0.07,0.05,1.69,1.53,0.68,0.0,0.51,3.39,1.53,45.0,3.41,1.53,0.15,0.33,13.8,0.34,0.0,0.0,0.15,-0.02,-0.02,38.1,1.36,2.88,20.3,15.1,6.1,38.1,0.0,0.0,0.17,50.0,15.3,0.17,4.07,0.17,25.8,0.68,0.34,50.0,0.17,0.68,0.51,0.17,0.85,1.02,0.0,3.05,3.07,0.0,0.34,0.0,0.68,0.68,0.0,1.19,1.53,0.51,0.17,0.17,0.34,0.0,0.0,0.0,1.36,3.39,57.1,,,,,,,,,,,,,,,,,
Dennis Gjengaar,no NOR,"FW,MF",NY Red Bulls,21-283,2004,21,8,763,8.5,0.24,0.12,0.35,0.24,0.0,0.0,0.24,0.0,0.32,0.32,0.12,0.44,2.59,3.18,6.47,0.35,0.44,0.44,Matches,2025,8.5,25.5,32.7,78.1,348.8,79.1,0.12,0.09,0.0,0.71,1.53,0.94,0.24,0.24,1.41,0.82,58.3,1.42,0.83,0.17,0.29,14.9,0.0,0.0,0.0,0.23,-0.08,-0.08,43.2,1.18,6.12,17.1,20.8,3.76,43.2,0.35,20.0,1.41,80.0,26.4,1.18,2.94,1.53,30.2,0.82,0.59,37.5,1.18,0.59,0.59,0.82,1.65,0.59,0.0,1.53,1.54,0.0,0.0,0.12,0.35,0.35,0.0,1.06,0.24,0.12,2.0,0.82,0.59,0.0,0.0,0.0,5.06,0.12,14.3,,,,,,,,,,,,,,,,,
Justen Glad,us USA,DF,Real Salt Lake,28-279,1997,31,31,2778,30.9,0.0,0.03,0.03,0.0,0.0,0.0,0.29,0.0,0.04,0.04,0.04,0.08,0.23,2.62,0.19,0.03,0.08,0.08,Matches,2025,30.9,62.2,69.2,89.9,1171.5,436.2,0.03,0.03,-0.01,0.39,3.11,0.1,0.06,0.0,0.49,0.03,6.7,0.49,0.03,0.0,0.0,12.2,0.0,0.0,0.0,0.08,-0.04,-0.04,80.6,12.2,43.6,34.3,2.98,0.94,80.6,0.06,66.7,0.03,33.3,48.1,0.03,0.19,0.03,54.6,1.13,0.49,59.1,0.29,1.49,0.45,1.33,2.46,5.79,0.03,1.04,1.04,0.0,0.06,0.03,0.16,0.16,0.0,1.26,0.32,0.0,0.36,1.33,0.49,0.03,0.03,0.0,3.43,2.23,53.9,,,,,,,,,,,,,,,,,
Omari Glasgow,gy GUY,"DF,FW",Chicago Fire,22-012,2003,14,4,529,5.9,0.0,0.17,0.17,0.0,0.0,0.0,0.0,0.0,0.05,0.05,0.15,0.2,1.53,2.54,7.8,0.17,0.21,0.21,Matches,2025,5.9,35.4,44.6,79.5,560.5,140.2,0.17,0.17,0.02,0.68,1.53,1.02,0.34,0.0,1.02,0.17,16.7,1.02,0.17,0.0,0.0,20.8,0.0,0.0,0.0,0.05,-0.05,-0.05,58.1,2.2,14.4,23.1,21.0,2.2,58.1,0.34,14.3,2.03,85.7,33.4,0.68,1.86,1.36,35.8,2.03,1.02,50.0,1.02,2.03,1.69,0.34,2.37,2.37,0.0,2.03,2.04,0.0,0.17,0.0,0.17,0.17,0.0,1.86,1.36,0.17,3.22,0.34,1.02,0.0,0.17,0.0,4.07,0.68,36.4,,,,,,,,,,,,,,,,,
Ian Glavinovich,ar ARG,DF,Philadelphia Union,24-038,2001,4,3,257,2.9,0.34,0.0,0.34,0.34,0.0,0.0,0.34,0.0,0.07,0.07,0.0,0.07,0.34,4.14,0.0,0.35,0.08,0.08,Matches,2025,2.9,30.0,36.6,82.1,580.0,291.7,0.0,0.0,0.0,0.0,5.17,0.34,0.0,0.34,1.72,0.34,20.0,1.75,0.35,0.2,1.0,14.6,0.0,0.0,0.0,0.05,0.28,0.28,51.4,4.48,19.7,27.9,4.48,2.41,51.4,0.0,0.0,0.69,100.0,21.7,0.0,0.69,0.34,21.4,1.03,0.69,0.0,0.34,1.38,1.03,1.72,2.76,6.21,0.0,0.34,0.35,0.0,0.0,0.0,0.0,0.0,0.0,1.03,1.03,0.0,0.34,1.72,0.69,0.0,0.0,0.0,6.55,3.45,83.3,,,,,,,,,,,,,,,,,
Jakob Glesnes,no NOR,DF,Philadelphia Union,31-254,1994,31,30,2624,29.2,0.03,0.03,0.07,0.03,0.0,0.0,0.34,0.0,0.03,0.03,0.04,0.07,0.62,3.63,0.1,0.07,0.07,0.07,Matches,2025,29.2,33.0,41.5,79.7,634.8,313.0,0.03,0.03,-0.0,0.31,2.6,0.27,0.0,0.03,0.75,0.1,13.6,0.75,0.1,0.05,0.33,24.9,0.17,0.0,0.0,0.04,0.0,0.0,54.3,5.82,26.1,26.1,2.71,0.72,54.3,0.07,50.0,0.07,50.0,24.8,0.07,0.58,0.14,26.8,1.71,1.03,56.5,0.68,1.4,0.58,1.88,3.6,5.58,0.0,1.1,1.1,0.0,0.03,0.03,0.1,0.1,0.0,1.47,0.51,0.07,0.24,1.88,1.03,0.0,0.03,0.0,3.77,2.16,63.6,,,,,,,,,,,,,,,,,
Aníbal Godoy,pa PAN,MF,San Diego FC,35-297,1990,25,21,1717,19.1,0.05,0.05,0.1,0.05,0.0,0.0,0.31,0.0,0.07,0.07,0.03,0.1,0.94,7.75,1.36,0.1,0.11,0.11,Matches,2025,19.1,74.9,82.1,91.2,1176.0,414.7,0.05,0.1,0.02,0.63,8.17,0.68,0.1,0.05,0.89,0.31,35.3,0.89,0.31,0.06,0.17,20.1,0.0,0.0,0.0,0.09,-0.02,-0.02,90.5,3.19,21.0,54.7,15.3,0.79,90.5,0.42,44.4,0.37,38.9,51.5,0.05,1.05,0.58,74.7,1.47,0.68,45.0,0.58,1.1,0.84,0.94,2.41,0.89,0.0,2.2,2.2,0.0,0.16,0.0,0.26,0.26,0.0,1.88,1.94,0.0,0.16,0.94,0.68,0.05,0.0,0.0,5.08,0.94,75.0,,,,,,,,,,,,,,,,,
Yeimar Gómez Andrade,co COL,DF,Seattle Sounders,33-157,1992,24,24,1760,19.6,0.0,0.05,0.05,0.0,0.0,0.0,0.15,0.0,0.05,0.05,0.01,0.06,0.66,4.69,0.2,0.05,0.06,0.06,Matches,2025,19.6,53.2,61.2,86.9,889.4,381.5,0.05,0.02,0.04,0.1,5.92,0.05,0.0,0.0,0.87,0.2,23.5,0.87,0.2,0.0,0.0,13.0,0.0,0.0,0.0,0.05,-0.05,-0.05,74.9,6.12,29.9,41.1,4.44,1.38,74.9,0.31,75.0,0.1,25.0,42.8,0.05,0.61,0.15,48.4,2.45,1.73,68.4,0.61,0.92,0.61,1.73,4.18,5.92,0.05,0.46,0.46,0.0,0.05,0.0,0.05,0.05,0.0,1.28,0.92,0.1,0.1,1.73,1.73,0.0,0.05,0.1,5.2,2.45,70.6,,,,,,,,,,,,,,,,,
Nicksoen Gomis,fr FRA,DF,Toronto FC,23-264,2002,6,6,479,5.3,0.0,0.0,0.0,0.0,0.0,0.0,0.0,0.0,0.04,0.04,0.0,0.04,0.38,2.08,0.0,0.0,0.04,0.04,Matches,2025,5.3,34.3,41.1,83.5,614.7,248.9,0.0,0.0,0.0,0.0,2.08,0.19,0.0,0.0,0.19,0.0,0.0,0.19,0.0,0.0,,5.6,0.0,0.0,0.0,0.22,-0.04,-0.04,49.2,5.09,24.7,22.1,2.83,0.75,49.2,0.0,0.0,0.57,100.0,29.1,0.0,0.75,0.57,31.3,1.89,0.75,75.0,0.38,0.75,0.38,0.75,2.64,2.08,0.19,0.38,0.38,0.0,0.0,0.0,0.0,0.0,0.0,0.75,0.57,0.0,0.0,0.75,0.75,0.0,0.0,0.0,4.91,0.75,50.0,,,,,,,,,,,,,,,,,
Diogo Gonçalves,pt POR,"FW,MF",Real Salt Lake,28-301,1997,29,26,2175,24.2,0.17,0.17,0.33,0.17,0.0,0.0,0.08,0.0,0.22,0.22,0.17,0.39,2.19,4.21,4.92,0.33,0.39,0.39,Matches,2025,24.2,26.6,33.8,78.7,401.8,109.5,0.17,0.17,-0.01,1.82,2.48,1.32,0.08,0.17,2.6,0.87,33.3,2.61,0.87,0.06,0.19,21.5,0.12,0.0,0.0,0.08,-0.05,-0.05,42.9,0.58,4.46,20.2,19.0,2.56,42.9,0.79,42.2,1.03,55.6,26.2,0.5,1.69,0.95,30.5,0.5,0.33,15.4,0.45,0.99,0.99,0.74,1.24,0.7,0.0,3.51,3.52,0.21,0.08,0.0,0.41,0.41,0.0,0.87,0.95,0.12,1.45,0.74,0.33,0.0,0.0,0.0,3.39,0.21,41.7,,,,,,,,,,,,,,,,,
Omar Gonzalez,us USA,DF,Chicago Fire,37-054,1988,12,3,427,4.7,0.0,0.0,0.0,0.0,0.0,0.0,0.64,0.0,0.0,0.0,0.02,0.02,0.0,1.06,0.21,0.0,0.01,0.01,Matches,2025,4.7,40.9,48.3,84.6,743.6,315.3,0.0,0.02,-0.02,0.21,0.85,0.0,0.0,0.0,0.0,0.0,,0.0,0.0,,,,0.0,0.0,0.0,,0.0,0.0,63.8,15.3,47.2,15.5,1.06,0.85,63.8,0.0,,0.0,,32.8,0.0,0.0,0.0,38.9,0.85,0.64,42.9,0.85,0.85,0.64,1.06,1.91,10.0,0.0,0.85,0.84,0.0,0.0,0.0,0.0,0.0,0.0,1.06,0.43,0.0,0.0,1.06,0.64,0.0,0.21,0.0,1.91,4.26,80.0,,,,,,,,,,,,,,,,,
Archie Goodwin,au AUS,"MF,FW",Charlotte,21-027,2004,6,0,40,0.4,0.0,0.0,0.0,0.0,0.0,0.0,0.0,0.0,0.0,0.0,0.25,0.25,0.0,2.5,5.0,0.0,0.24,0.24,Matches,2025,0.4,15.0,25.0,60.0,200.0,70.0,0.0,0.25,-0.25,2.5,0.0,0.0,0.0,0.0,0.0,0.0,,0.0,0.0,,,,0.0,0.0,0.0,,0.0,0.0,60.0,0.0,7.5,17.5,35.0,10.0,60.0,0.0,0.0,2.5,100.0,30.0,2.5,20.0,0.0,37.5,5.0,2.5,,0.0,0.0,0.0,0.0,5.0,2.5,0.0,2.5,2.31,0.0,0.0,0.0,0.0,0.0,0.0,2.5,0.0,0.0,0.0,0.0,2.5,0.0,0.0,0.0,2.5,2.5,33.3,,,,,,,,,,,,,,,,,
Zavier Gozo,us USA,"MF,FW",Real Salt Lake,18-257,2007,25,21,1810,20.1,0.2,0.15,0.35,0.2,0.0,0.0,0.2,0.0,0.23,0.23,0.11,0.35,3.43,1.34,8.26,0.35,0.35,0.35,Matches,2025,20.1,15.7,23.2,67.7,213.0,51.0,0.15,0.09,0.03,1.0,0.65,0.95,0.3,0.2,1.94,0.95,48.7,1.94,0.94,0.1,0.21,15.3,0.0,0.0,0.0,0.12,-0.03,-0.03,38.8,0.85,6.22,12.7,20.7,4.33,38.8,1.89,44.7,2.24,52.9,22.7,2.14,2.64,1.19,23.8,2.69,1.39,42.4,1.69,1.79,1.74,0.65,3.33,0.9,0.0,2.69,2.69,0.25,0.05,0.15,0.25,0.25,0.0,1.59,0.9,0.6,3.03,0.65,1.39,0.0,0.0,0.0,3.58,0.6,30.0,,,,,,,,,,,,,,,,,
Owen Graham Roache,ca CAN,FW,CF Montréal,17-296,2008,6,1,123,1.4,0.0,0.0,0.0,0.0,0.0,0.0,0.0,0.0,0.07,0.07,0.0,0.07,0.71,1.43,6.43,0.0,0.11,0.11,Matches,2025,1.4,8.57,12.1,70.6,102.1,14.3,0.0,0.07,0.0,0.71,0.71,0.71,0.0,0.0,0.71,0.71,100.0,0.73,0.73,0.0,0.0,16.3,0.0,0.0,0.0,0.13,-0.07,-0.07,25.0,0.0,0.0,12.1,12.9,4.29,25.0,0.0,0.0,0.71,100.0,19.3,2.14,7.14,3.57,22.9,0.71,0.71,,0.0,0.71,0.71,0.71,1.43,0.0,0.0,1.43,1.46,0.0,0.71,0.0,0.0,0.0,0.0,2.14,2.14,0.0,0.0,0.71,0.71,0.0,0.0,0.0,3.57,2.86,40.0,,,,,,,,,,,,,,,,,
Tayvon Gray,jm JAM,DF,NYCFC,23-107,2002,26,22,1756,19.5,0.0,0.0,0.0,0.0,0.0,0.0,0.26,0.0,0.02,0.02,0.1,0.12,1.28,4.62,2.51,0.0,0.12,0.12,Matches,2025,19.5,56.0,68.1,82.3,997.1,348.4,0.0,0.13,-0.1,0.82,5.69,1.03,0.21,0.0,0.46,0.15,33.3,0.46,0.15,0.0,0.0,22.5,0.0,0.0,0.0,0.03,-0.02,-0.02,78.4,3.85,27.0,40.3,11.7,0.72,78.4,0.62,66.7,0.26,27.8,40.7,0.1,0.97,0.62,50.8,2.26,1.49,73.3,0.41,1.59,1.18,0.82,3.08,3.13,0.1,1.95,1.95,0.1,0.0,0.0,0.05,0.05,0.0,1.23,1.49,0.05,2.15,0.82,1.49,0.0,0.05,0.0,5.03,1.33,57.8,,,,,,,,,,,,,,,,,
Julian Gressel,us USA,"DF,MF",Minnesota Utd,31-353,1993,21,12,1086,12.1,0.08,0.25,0.33,0.08,0.0,0.0,0.17,0.0,0.05,0.05,0.16,0.21,0.66,2.07,2.98,0.33,0.21,0.21,Matches,2025,12.1,26.9,37.4,71.7,476.7,144.5,0.25,0.18,0.09,1.32,1.07,0.91,0.5,0.08,0.83,0.25,30.0,0.83,0.25,0.1,0.33,24.2,0.0,0.0,0.0,0.06,0.03,0.03,47.1,3.06,14.0,18.8,14.7,0.83,47.1,0.33,50.0,0.25,37.5,22.5,0.08,1.07,0.08,26.2,2.31,1.32,64.0,0.74,0.91,0.41,0.74,3.06,2.64,0.0,1.9,1.91,0.0,0.0,0.0,0.25,0.25,0.0,0.91,0.5,0.08,6.12,0.74,1.32,0.0,0.0,0.0,4.13,0.74,47.4,,,,,,,,,,,,,,,,,
Yuri Guboglo,ht HAI,"DF,FW",CF Montréal,18-259,2007,23,10,1011,11.2,0.0,0.09,0.09,0.0,0.0,0.0,0.09,0.0,0.02,0.02,0.04,0.05,2.95,1.7,5.71,0.09,0.05,0.05,Matches,2025,11.2,25.3,31.9,79.3,373.7,96.3,0.09,0.04,0.05,0.54,0.89,0.63,0.54,0.0,0.54,0.18,33.3,0.53,0.18,0.0,0.0,13.9,0.0,0.0,0.0,0.03,-0.02,-0.02,43.4,2.77,13.0,17.0,13.8,2.23,43.4,1.52,47.2,1.61,50.0,25.0,1.25,1.43,0.98,26.2,2.05,1.25,50.0,0.8,0.89,0.63,0.27,2.32,2.5,0.0,1.34,1.33,0.09,0.09,0.0,0.18,0.18,0.0,1.7,1.61,0.0,2.23,0.27,1.25,0.0,0.0,0.0,4.2,0.63,30.4,,,,,,,,,,,,,,,,,
Gage Guerra,,"FW,MF",Portland Timbers,22-348,2002,6,0,133,1.5,0.0,0.0,0.0,0.0,0.0,0.0,0.0,0.0,0.2,0.2,0.07,0.2,0.67,0.67,7.33,0.0,0.23,0.23,Matches,2025,1.5,22.7,32.0,70.8,268.0,53.3,0.0,0.0,-0.07,0.67,1.33,0.0,0.0,0.0,2.0,0.0,0.0,2.03,0.0,0.0,,8.2,0.0,0.0,0.0,0.09,-0.2,-0.2,40.7,0.0,2.0,18.7,20.0,4.0,40.7,0.0,0.0,0.67,100.0,16.7,0.0,2.67,2.0,26.7,0.67,0.67,0.0,0.67,0.67,0.67,1.33,2.0,0.0,0.0,0.67,0.68,0.0,0.0,0.0,0.0,0.0,0.0,1.33,0.67,0.67,3.33,1.33,0.67,0.0,0.0,0.0,6.0,4.0,46.2,,,,,,,,,,,,,,,,,
Colin Guske,us USA,"MF,FW",Orlando City,18-309,2007,5,0,16,0.2,0.0,0.0,0.0,0.0,0.0,0.0,5.0,0.0,0.0,0.0,0.0,0.0,15.0,10.0,0.0,0.0,0.0,0.0,Matches,2025,0.2,75.0,75.0,100.0,1340.0,440.0,0.0,0.0,0.0,0.0,5.0,0.0,0.0,0.0,0.0,0.0,,0.0,0.0,,,,0.0,0.0,0.0,,0.0,0.0,115.0,5.0,35.0,65.0,15.0,5.0,115.0,0.0,,0.0,,65.0,5.0,5.0,0.0,65.0,5.0,0.0,,0.0,5.0,5.0,0.0,5.0,10.0,0.0,5.0,5.63,0.0,5.0,0.0,0.0,0.0,0.0,5.0,15.0,0.0,0.0,0.0,0.0,0.0,0.0,0.0,10.0,5.0,50.0,,,,,,,,,,,,,,,,,
Raul Gustavo,br BRA,DF,NYCFC,26-224,1999,5,5,419,4.7,0.0,0.21,0.21,0.0,0.0,0.0,0.0,0.0,0.02,0.02,0.02,0.04,1.28,3.4,0.85,0.21,0.04,0.04,Matches,2025,4.7,49.1,61.7,79.7,935.7,358.3,0.21,0.02,0.19,0.64,4.04,0.43,0.43,0.0,0.64,0.0,0.0,0.64,0.0,0.0,,16.5,0.0,0.0,0.0,0.02,-0.02,-0.02,74.9,7.66,34.9,34.3,6.17,1.06,74.9,0.43,33.3,0.85,66.7,45.1,0.43,1.06,0.43,47.4,2.13,1.7,77.8,0.43,1.06,0.64,0.85,2.98,5.74,0.0,1.7,1.71,0.21,0.21,0.0,0.43,0.43,0.0,0.64,0.64,0.21,0.43,0.85,1.7,0.0,0.0,0.0,2.55,2.98,63.6,,,,,,,,,,,,,,,,,
Brian Gutiérrez,us USA,"MF,FW",Chicago Fire,22-170,2003,29,24,2045,22.7,0.4,0.13,0.53,0.31,0.09,0.09,0.26,0.04,0.3,0.23,0.21,0.44,2.51,7.53,3.96,0.44,0.52,0.45,Matches,2025,22.7,38.6,47.1,82.0,633.3,242.2,0.13,0.2,-0.08,2.25,5.02,2.03,0.13,0.4,2.91,1.19,40.9,2.9,1.19,0.11,0.26,22.5,0.09,0.09,0.09,0.08,0.09,0.07,60.2,1.15,10.9,30.6,20.0,3.35,60.1,1.67,44.7,1.85,49.4,34.9,0.84,1.98,1.1,44.1,1.72,0.97,50.0,0.66,1.1,0.88,0.93,2.64,0.44,0.0,5.33,5.33,0.26,0.44,0.13,0.57,0.57,0.0,1.5,1.63,0.04,0.93,0.93,0.97,0.04,0.0,0.0,5.77,0.26,50.0,,,,,,,,,,,,,,,,,
Andrew Gutman,us USA,DF,Chicago Fire,29-063,1996,34,34,2863,31.8,0.09,0.25,0.35,0.09,0.0,0.0,0.13,0.0,0.1,0.1,0.14,0.25,1.54,3.68,4.53,0.35,0.25,0.25,Matches,2025,31.8,35.9,45.3,79.4,604.4,250.6,0.25,0.08,0.11,0.88,2.36,1.07,0.09,0.09,1.19,0.25,21.1,1.19,0.25,0.08,0.38,16.0,0.0,0.0,0.0,0.09,-0.01,-0.01,57.0,4.87,24.6,19.4,13.6,2.42,57.0,0.19,22.2,0.6,70.4,27.5,0.57,1.07,0.47,33.8,1.82,1.1,61.2,0.6,0.97,0.5,1.16,2.99,3.74,0.06,2.14,2.14,0.0,0.06,0.06,0.47,0.47,0.0,0.91,0.72,0.31,1.23,1.16,1.1,0.06,0.03,0.0,4.4,1.42,62.5,,,,,,,,,,,,,,,,,
Justin Haak,us USA,"DF,MF",NYCFC,24-083,2001,34,34,3008,33.4,0.03,0.12,0.15,0.03,0.0,0.0,0.18,0.0,0.03,0.03,0.06,0.1,1.02,4.22,0.84,0.15,0.1,0.1,Matches,2025,33.4,51.5,58.5,87.9,917.7,341.0,0.12,0.06,0.06,0.36,3.32,0.24,0.0,0.03,0.45,0.15,33.3,0.45,0.15,0.07,0.2,14.5,0.0,0.0,0.0,0.07,-0.0,-0.0,69.9,8.2,32.5,33.3,4.49,0.9,69.9,0.48,59.3,0.3,37.0,42.5,0.09,0.99,0.75,48.0,1.5,0.78,54.8,0.57,1.68,0.81,1.35,2.84,4.04,0.03,0.84,0.84,0.0,0.03,0.0,0.21,0.21,0.0,1.14,1.05,0.03,0.09,1.35,0.78,0.0,0.03,0.03,4.49,1.08,51.4,,,,,,,,,,,,,,,,,
Taha Habroune,us USA,"MF,FW",Columbus Crew,19-302,2006,18,5,569,6.3,0.16,0.16,0.32,0.16,0.0,0.0,0.32,0.0,0.16,0.16,0.06,0.22,1.27,6.03,4.92,0.32,0.22,0.22,Matches,2025,6.3,54.4,63.3,86.0,720.6,195.6,0.16,0.14,0.1,0.79,4.29,1.59,0.0,0.16,0.95,0.48,50.0,0.95,0.47,0.17,0.33,12.8,0.0,0.0,0.0,0.17,0.0,0.0,79.0,1.59,14.8,38.9,26.2,2.38,79.0,1.11,36.8,1.75,57.9,46.0,0.16,2.38,2.06,56.8,4.13,2.22,58.3,1.59,1.43,1.43,0.79,4.92,1.43,0.0,3.17,3.16,0.48,0.0,0.0,0.32,0.32,0.0,2.06,1.9,0.0,0.63,0.79,2.22,0.0,0.0,0.0,5.87,0.95,66.7,,,,,,,,,,,,,,,,,
Alexander Hack,de GER,DF,NY Red Bulls,32-087,1993,22,16,1451,16.1,0.06,0.0,0.06,0.06,0.0,0.0,0.37,0.0,0.07,0.07,0.03,0.11,1.43,10.0,0.31,0.06,0.11,0.11,Matches,2025,16.1,61.2,77.0,79.6,1260.4,568.1,0.0,0.06,-0.03,0.43,9.13,0.75,0.06,0.06,0.62,0.31,50.0,0.62,0.31,0.1,0.2,13.4,0.0,0.0,0.0,0.12,-0.01,-0.01,89.6,5.28,33.2,51.6,5.34,1.68,89.6,0.25,80.0,0.06,20.0,46.9,0.06,0.37,0.06,56.6,2.17,1.43,59.5,0.93,1.3,0.75,1.8,3.98,5.59,0.06,1.43,1.43,0.0,0.0,0.0,0.12,0.12,0.0,1.24,0.62,0.0,0.93,1.8,1.43,0.0,0.06,0.0,5.16,3.29,65.4,,,,,,,,,,,,,,,,,
Teenage Hadebe,zw ZIM,DF,FC Cincinnati,30-078,1995,20,9,953,10.6,0.0,0.0,0.0,0.0,0.0,0.0,0.28,0.0,0.01,0.01,0.0,0.01,0.28,2.92,0.57,0.0,0.01,0.01,Matches,2025,10.6,48.6,55.8,87.1,847.3,316.2,0.0,0.01,0.0,0.09,2.92,0.0,0.0,0.0,0.19,0.0,0.0,0.19,0.0,0.0,,14.7,0.0,0.0,0.0,0.03,-0.01,-0.01,70.8,6.98,36.2,31.9,3.11,0.47,70.8,0.09,50.0,0.09,50.0,35.2,0.0,0.85,0.19,42.8,2.55,1.13,76.5,0.38,1.32,0.47,2.36,4.91,6.23,0.0,0.38,0.38,0.0,0.0,0.0,0.0,0.0,0.0,1.32,0.66,0.0,0.09,2.36,1.13,0.0,0.09,0.0,4.25,1.98,55.3,,,,,,,,,,,,,,,,,
Nick Hagglund,us USA,DF,FC Cincinnati,33-081,1992,17,16,1163,12.9,0.08,0.0,0.08,0.08,0.0,0.0,0.16,0.0,0.08,0.08,0.02,0.09,0.54,3.8,0.31,0.08,0.09,0.09,Matches,2025,12.9,49.7,57.4,86.5,939.1,404.4,0.0,0.02,-0.02,0.23,3.57,0.16,0.0,0.08,0.54,0.16,28.6,0.54,0.15,0.14,0.5,13.0,0.0,0.0,0.0,0.14,0.0,0.0,70.6,9.61,37.8,29.5,3.41,0.78,70.6,0.0,,0.0,,36.6,0.0,0.39,0.08,46.9,0.54,0.39,60.0,0.16,2.02,0.31,0.78,1.32,7.6,0.0,0.85,0.85,0.0,0.0,0.0,0.31,0.31,0.0,1.16,0.47,0.08,0.23,0.78,0.39,0.0,0.16,0.0,3.26,2.71,59.3,,,,,,,,,,,,,,,,,
Maren Haile-Selassie,ch SUI,"FW,MF",Chicago Fire,26-266,1999,30,5,936,10.4,0.19,0.58,0.77,0.19,0.0,0.0,0.1,0.0,0.31,0.31,0.16,0.47,3.37,4.33,7.31,0.77,0.47,0.47,Matches,2025,10.4,36.1,42.8,84.3,513.6,126.7,0.58,0.2,0.41,1.73,2.79,1.92,0.0,0.19,2.21,0.67,30.4,2.21,0.67,0.09,0.29,15.9,0.0,0.0,0.0,0.14,-0.12,-0.12,53.5,1.15,10.0,21.3,23.4,3.94,53.5,1.54,51.6,1.25,41.9,31.5,0.77,1.83,1.15,37.6,1.44,0.96,63.2,0.67,1.15,1.15,0.48,1.92,1.06,0.0,4.62,4.61,0.38,0.19,0.0,1.06,1.06,0.0,0.38,1.25,0.19,2.4,0.48,0.96,0.0,0.0,0.0,4.9,0.19,50.0,,,,,,,,,,,,,,,,,
Belal Halbouni,sy SYR,DF,Vancouver W'caps,25-340,1999,13,7,732,8.1,0.0,0.0,0.0,0.0,0.0,0.0,0.49,0.0,0.02,0.02,0.05,0.07,0.74,5.93,0.12,0.0,0.07,0.07,Matches,2025,8.1,69.8,74.8,93.2,1390.5,434.1,0.0,0.06,-0.05,0.49,9.63,0.37,0.12,0.0,0.25,0.0,0.0,0.25,0.0,0.0,,7.9,0.0,0.0,0.0,0.1,-0.02,-0.02,82.8,6.91,35.3,42.5,5.68,1.11,82.8,0.37,75.0,0.12,25.0,52.2,0.0,0.37,0.49,62.8,0.86,0.49,55.6,0.49,0.74,0.25,0.74,1.6,3.58,0.25,0.99,0.98,0.0,0.0,0.0,0.0,0.0,0.0,0.86,0.37,0.0,0.37,0.74,0.49,0.0,0.0,0.0,5.68,1.73,51.9,,,,,,,,,,,,,,,,,
Julian Hall,us USA,"FW,MF",NY Red Bulls,17-255,2008,26,4,681,7.6,0.13,0.0,0.13,0.13,0.0,0.0,0.0,0.0,0.2,0.2,0.04,0.25,2.63,2.24,8.95,0.13,0.25,0.25,Matches,2025,7.6,19.1,25.4,75.1,280.7,50.0,0.0,0.09,-0.04,0.66,2.11,0.26,0.26,0.13,2.11,0.66,31.3,2.11,0.66,0.06,0.2,13.8,0.0,0.0,0.0,0.1,-0.07,-0.07,37.0,0.26,3.42,13.9,20.0,4.61,37.0,1.71,50.0,1.45,42.3,23.2,1.71,3.42,1.18,26.8,0.92,0.39,16.7,0.66,0.79,0.79,0.66,1.58,0.26,0.0,3.03,3.03,0.39,0.39,0.13,0.26,0.26,0.0,1.32,1.71,0.13,0.79,0.66,0.39,0.13,0.0,0.0,1.97,1.05,30.8,,,,,,,,,,,,,,,,,
Bret Halsey,us USA,DF,FC Cincinnati,25-186,2000,1,0,33,0.4,0.0,0.0,0.0,0.0,0.0,0.0,0.0,0.0,0.0,0.0,0.25,0.25,2.5,2.5,2.5,0.0,0.28,0.28,Matches,2025,0.4,30.0,42.5,70.6,382.5,92.5,0.0,0.0,-0.25,2.5,0.0,0.0,0.0,0.0,0.0,0.0,,0.0,0.0,,,,0.0,0.0,0.0,,0.0,0.0,67.5,5.0,30.0,30.0,12.5,0.0,67.5,5.0,66.7,2.5,33.3,27.5,0.0,0.0,2.5,30.0,7.5,2.5,100.0,0.0,0.0,0.0,2.5,10.0,7.5,0.0,2.5,2.73,0.0,0.0,0.0,0.0,0.0,0.0,0.0,0.0,0.0,5.0,2.5,2.5,0.0,0.0,0.0,5.0,0.0,,,,,,,,,,,,,,,,,,
Aiden Harangi,us USA,DF,San Diego FC,19-299,2006,5,5,335,3.7,0.0,0.0,0.0,0.0,0.0,0.0,0.27,0.0,0.05,0.05,0.05,0.11,1.35,3.24,5.95,0.0,0.12,0.12,Matches,2025,3.7,48.1,57.0,84.4,716.5,160.5,0.0,0.08,-0.05,0.81,2.97,0.54,0.27,0.0,0.54,0.0,0.0,0.54,0.0,0.0,,15.9,0.0,0.0,0.0,0.1,-0.05,-0.05,66.5,3.51,17.3,31.4,17.8,1.89,66.5,0.54,100.0,0.0,0.0,33.5,0.27,1.62,0.0,41.6,0.81,0.0,100.0,0.0,1.35,0.81,0.81,1.62,2.97,0.0,1.62,1.61,0.0,0.0,0.0,0.0,0.0,0.0,1.89,1.08,0.0,2.43,0.81,0.0,0.0,0.0,0.0,3.78,1.08,66.7,,,,,,,,,,,,,,,,,
Ian Harkes,us USA,MF,SJ Earthquakes,30-249,1995,30,26,2145,23.8,0.13,0.08,0.21,0.13,0.0,0.0,0.29,0.04,0.07,0.07,0.15,0.22,0.88,4.62,2.02,0.21,0.22,0.22,Matches,2025,23.8,36.6,43.8,83.5,588.7,164.2,0.08,0.13,-0.07,1.05,3.49,1.34,0.25,0.13,1.34,0.42,31.3,1.34,0.42,0.09,0.3,22.3,0.0,0.0,0.0,0.05,0.06,0.06,54.8,1.89,11.2,30.7,13.5,1.34,54.8,0.21,27.8,0.42,55.6,30.1,0.17,1.68,0.92,36.6,1.22,0.55,50.0,0.88,1.34,1.09,0.97,2.18,1.47,0.04,2.9,2.9,0.0,0.08,0.04,0.21,0.21,0.04,1.55,1.34,0.04,0.55,0.97,0.55,0.0,0.04,0.0,4.41,1.01,52.2,,,,,,,,,,,,,,,,,
Cameron Harper,us USA,"DF,MF",NY Red Bulls,24-015,2001,12,8,668,7.4,0.41,0.27,0.68,0.41,0.0,0.0,0.27,0.0,0.35,0.35,0.2,0.55,5.54,2.84,9.86,0.67,0.55,0.55,Matches,2025,7.4,26.9,40.9,65.7,416.4,122.4,0.27,0.11,0.07,0.95,1.49,0.81,0.41,0.41,2.57,0.68,26.3,2.56,0.67,0.16,0.6,16.6,0.0,0.0,0.0,0.14,0.05,0.05,53.0,0.54,8.11,20.3,25.8,5.0,53.0,2.16,51.6,1.76,41.9,33.6,1.08,2.84,0.95,36.6,1.22,0.95,38.5,1.08,0.54,0.54,0.27,1.49,0.68,0.0,3.11,3.1,0.54,0.54,0.14,0.41,0.4,0.0,2.03,2.3,0.27,4.59,0.27,0.95,0.14,0.0,0.0,4.59,0.41,27.3,,,,,,,,,,,,,,,,,
Nathan Harriel,us USA,DF,Philadelphia Union,24-225,2001,25,23,2099,23.3,0.09,0.0,0.09,0.09,0.0,0.0,0.3,0.0,0.08,0.08,0.03,0.1,0.56,3.0,2.1,0.09,0.11,0.11,Matches,2025,23.3,31.6,41.5,76.1,520.6,220.6,0.0,0.04,-0.03,0.47,2.96,0.39,0.17,0.09,0.56,0.17,30.8,0.56,0.17,0.15,0.5,12.0,0.0,0.0,0.0,0.14,0.01,0.01,56.3,5.15,20.1,26.5,9.91,1.29,56.3,0.3,41.2,0.3,41.2,24.9,0.0,0.99,0.6,27.3,1.67,0.99,58.3,0.43,1.55,1.2,2.62,4.29,5.71,0.04,1.16,1.16,0.0,0.09,0.04,0.0,0.0,0.0,1.16,1.89,0.0,0.77,2.62,0.99,0.0,0.0,0.0,3.99,2.36,63.2,,,,,,,,,,,,,,,,,
Alex Harris,us USA,"MF,FW",Colorado Rapids,20-291,2005,4,0,44,0.5,0.0,0.0,0.0,0.0,0.0,0.0,0.0,0.0,0.0,0.0,0.0,0.0,2.0,2.0,4.0,0.0,0.0,0.0,Matches,2025,0.5,20.0,28.0,71.4,274.0,56.0,0.0,0.0,0.0,0.0,0.0,0.0,0.0,0.0,0.0,0.0,,0.0,0.0,,,,0.0,0.0,0.0,,0.0,0.0,32.0,0.0,2.0,8.0,24.0,0.0,32.0,2.0,100.0,0.0,0.0,26.0,0.0,2.0,4.0,28.0,0.0,0.0,,0.0,0.0,0.0,0.0,0.0,0.0,0.0,0.0,0.0,0.0,0.0,0.0,0.0,0.0,0.0,4.0,0.0,2.0,2.0,0.0,0.0,0.0,0.0,0.0,2.0,2.0,100.0,,,,,,,,,,,,,,,,,
Calvin Harris,eng ENG,"FW,MF",Colorado Rapids,25-259,2000,27,13,1334,14.8,0.34,0.07,0.41,0.34,0.0,0.0,0.14,0.0,0.34,0.34,0.07,0.43,3.11,1.62,5.95,0.4,0.42,0.42,Matches,2025,14.8,17.5,22.0,79.4,232.1,53.0,0.07,0.07,-0.01,0.81,0.54,0.95,0.27,0.34,2.16,0.61,28.1,2.16,0.61,0.16,0.56,14.0,0.0,0.0,0.0,0.16,-0.01,-0.01,34.1,1.49,4.32,11.2,19.0,4.19,34.1,0.88,43.3,0.88,43.3,21.5,1.42,2.36,1.28,23.0,1.08,0.68,36.8,0.81,0.95,0.74,0.27,1.35,0.95,0.0,2.5,2.5,0.07,0.47,0.0,0.2,0.2,0.0,0.68,2.57,0.34,1.76,0.27,0.68,0.0,0.0,0.0,3.51,0.54,28.6,,,,,,,,,,,,,,,,,
Marcel Hartel,de GER,"MF,FW",St. Louis,29-319,1996,34,34,3022,33.6,0.27,0.12,0.39,0.24,0.03,0.03,0.03,0.0,0.22,0.2,0.29,0.49,2.14,5.63,5.6,0.36,0.51,0.49,Matches,2025,33.6,36.4,47.7,76.3,582.0,202.7,0.12,0.27,-0.17,2.95,3.24,1.67,0.39,0.27,2.2,0.74,33.8,2.2,0.74,0.11,0.32,17.4,0.06,0.03,0.03,0.09,0.05,0.04,56.4,1.4,8.69,25.2,23.2,3.54,56.3,0.68,34.8,1.19,60.6,32.6,0.51,1.46,0.68,39.1,0.6,0.45,29.6,0.57,0.6,0.48,0.8,1.4,0.74,0.0,5.33,5.33,0.21,0.12,0.0,0.3,0.3,0.0,0.36,0.54,0.12,5.71,0.8,0.45,0.0,0.0,0.0,3.6,0.12,22.2,,,,,,,,,,,,,,,,,
Carlos Harvey,pa PAN,"DF,MF",Minnesota Utd,25-304,2000,25,16,1526,17.0,0.12,0.06,0.18,0.12,0.0,0.0,0.12,0.0,0.08,0.08,0.06,0.15,0.65,2.18,1.82,0.18,0.15,0.15,Matches,2025,17.0,30.5,37.8,80.7,478.6,176.8,0.06,0.05,0.0,0.59,2.18,0.41,0.06,0.12,1.24,0.59,47.6,1.24,0.59,0.1,0.2,17.2,0.0,0.0,0.0,0.07,0.04,0.04,54.1,5.76,23.6,21.6,9.65,2.53,54.1,0.82,40.0,1.0,48.6,25.5,0.18,1.29,0.47,30.2,3.06,1.71,62.2,1.0,1.59,0.88,1.35,4.41,4.24,0.0,1.24,1.24,0.0,0.06,0.06,0.06,0.06,0.0,1.47,1.29,0.18,0.18,1.35,1.71,0.0,0.0,0.0,4.59,2.29,46.4,,,,,,,,,,,,,,,,,
Stuart Hawkins,us USA,"DF,MF",Seattle Sounders,19-077,2006,4,0,127,1.4,0.0,0.0,0.0,0.0,0.0,0.0,0.0,0.0,0.14,0.14,0.0,0.14,0.71,7.14,0.0,0.0,0.15,0.15,Matches,2025,1.4,32.1,39.3,81.8,540.7,220.7,0.0,0.0,0.0,0.0,4.29,0.0,0.0,0.0,1.43,0.0,0.0,1.42,0.0,0.0,,6.4,0.0,0.0,0.0,0.11,-0.14,-0.14,53.6,6.43,25.7,20.7,7.14,2.14,53.6,0.0,,0.0,,30.0,0.0,0.71,0.0,33.6,0.71,0.0,100.0,0.0,1.43,0.71,0.0,0.71,7.86,0.0,0.0,0.0,0.0,0.0,0.0,0.0,0.0,0.0,0.0,0.0,0.0,0.0,0.0,0.0,0.0,0.0,0.0,4.29,2.14,42.9,,,,,,,,,,,,,,,,,
Kobi Henry,tt TRI,"DF,FW",Real Salt Lake,21-222,2004,3,0,41,0.5,0.0,0.0,0.0,0.0,0.0,0.0,0.0,0.0,0.0,0.0,0.0,0.0,0.0,2.0,2.0,0.0,0.04,0.04,Matches,2025,0.5,38.0,62.0,61.3,636.0,276.0,0.0,0.0,0.0,0.0,0.0,0.0,0.0,0.0,2.0,0.0,0.0,2.2,0.0,0.0,,27.1,0.0,0.0,0.0,0.02,0.0,0.0,76.0,2.0,38.0,28.0,10.0,6.0,76.0,0.0,0.0,2.0,100.0,52.0,0.0,4.0,0.0,58.0,0.0,0.0,,0.0,0.0,0.0,2.0,2.0,2.0,0.0,0.0,0.0,0.0,0.0,0.0,0.0,0.0,0.0,2.0,2.0,0.0,0.0,2.0,0.0,0.0,0.0,0.0,0.0,2.0,33.3,,,,,,,,,,,,,,,,,
Malik Henry,ca CAN,"MF,FW",Toronto FC,23-134,2002,9,0,118,1.3,0.0,0.77,0.77,0.0,0.0,0.0,1.54,0.0,0.46,0.46,0.38,0.85,3.08,3.85,3.85,0.76,0.84,0.84,Matches,2025,1.3,19.2,30.0,64.1,378.5,105.4,0.77,0.15,0.38,1.54,1.54,2.31,0.77,0.0,1.54,0.0,0.0,1.53,0.0,0.0,,12.3,0.0,0.0,0.0,0.32,-0.46,-0.46,45.4,3.08,10.0,14.6,21.5,2.31,45.4,0.77,33.3,1.54,66.7,24.6,0.77,2.31,3.08,26.2,1.54,0.77,0.0,2.31,0.77,0.77,0.0,1.54,3.08,0.0,3.08,3.05,0.0,0.77,0.0,1.54,1.53,0.0,3.08,0.77,0.0,3.08,0.0,0.77,0.0,0.0,0.0,3.08,0.0,0.0,,,,,,,,,,,,,,,,,
Fabian Herbers,de GER,"MF,FW",CF Montréal,32-109,1993,16,11,723,8.0,0.13,0.0,0.13,0.13,0.0,0.0,0.38,0.0,0.1,0.1,0.13,0.23,1.75,6.13,3.75,0.12,0.22,0.22,Matches,2025,8.0,30.5,39.6,77.0,536.6,177.5,0.0,0.19,-0.13,1.5,3.5,1.38,0.0,0.13,1.63,0.25,15.4,1.62,0.25,0.08,0.5,16.1,0.0,0.0,0.0,0.06,0.03,0.03,48.4,1.75,8.5,26.8,13.8,2.38,48.4,0.38,37.5,0.38,37.5,29.0,0.38,1.0,1.25,34.1,2.13,1.5,37.5,0.63,0.5,0.5,1.0,3.13,1.25,0.0,3.88,3.85,0.0,0.13,0.13,0.38,0.37,0.0,1.38,1.88,0.13,0.63,1.0,1.5,0.0,0.0,0.0,4.88,0.88,58.3,,,,,,,,,,,,,,,,,
Ronald Hernández,ve VEN,DF,Atlanta Utd,28-074,1997,21,16,1316,14.6,0.07,0.07,0.14,0.07,0.0,0.0,0.21,0.0,0.03,0.03,0.11,0.14,1.71,3.7,5.21,0.14,0.14,0.14,Matches,2025,14.6,45.8,56.9,80.5,740.1,244.0,0.07,0.14,-0.04,0.89,2.81,0.75,0.48,0.07,0.48,0.14,28.6,0.48,0.14,0.14,0.5,15.7,0.0,0.0,0.0,0.07,0.03,0.03,67.3,3.84,22.5,28.2,17.1,1.44,67.3,0.21,42.9,0.21,42.9,37.1,0.07,1.58,0.62,42.9,1.71,1.03,48.4,1.1,0.89,0.55,1.37,3.08,3.42,0.0,1.64,1.64,0.0,0.07,0.07,0.14,0.14,0.0,1.1,1.1,0.07,3.08,1.37,1.03,0.0,0.0,0.0,4.04,1.1,51.6,,,,,,,,,,,,,,,,,
Aaron Herrera,gt GUA,"DF,MF",D.C. United,28-181,1997,26,24,2066,23.0,0.0,0.09,0.09,0.0,0.0,0.0,0.43,0.09,0.03,0.03,0.13,0.16,1.7,3.96,3.26,0.09,0.16,0.16,Matches,2025,23.0,37.6,50.0,75.2,769.0,281.0,0.09,0.18,-0.04,1.57,2.3,1.61,0.83,0.0,0.7,0.17,25.0,0.7,0.17,0.0,0.0,23.6,0.09,0.0,0.0,0.05,-0.03,-0.03,60.3,3.39,18.3,25.9,16.7,1.13,60.3,0.7,44.4,0.83,52.8,30.8,0.39,0.91,0.61,33.1,1.57,0.87,70.3,0.48,1.26,0.83,1.22,2.78,2.87,0.09,3.26,3.27,0.04,0.0,0.04,0.3,0.3,0.04,1.22,0.48,0.04,5.17,1.22,0.87,0.0,0.0,0.0,4.13,1.43,62.3,,,,,,,,,,,,,,,,,
Marcelo Herrera,ar ARG,DF,Columbus Crew,27-031,1998,20,15,1369,15.2,0.26,0.13,0.39,0.26,0.0,0.0,0.07,0.0,0.19,0.19,0.14,0.34,1.84,4.34,9.8,0.39,0.34,0.34,Matches,2025,15.2,33.8,43.6,77.4,475.5,186.6,0.13,0.18,-0.01,1.05,3.36,1.45,0.53,0.26,1.58,0.46,29.2,1.58,0.46,0.17,0.57,17.1,0.07,0.0,0.0,0.12,0.07,0.07,55.5,1.58,11.1,22.2,22.4,3.68,55.5,0.66,58.8,0.46,41.2,32.2,0.86,0.92,0.59,38.6,2.11,1.45,50.0,0.92,2.11,1.84,1.32,3.42,2.3,0.0,2.17,2.17,0.13,0.0,0.07,0.26,0.26,0.0,1.32,0.99,1.05,2.76,1.32,1.45,0.0,0.0,0.0,2.04,0.72,39.3,,,,,,,,,,,,,,,,,
Son Heung-min,kr KOR,FW,LAFC,33-149,1992,10,9,803,8.9,1.01,0.22,1.24,1.01,0.0,0.0,0.0,0.0,0.6,0.6,0.33,0.93,3.71,4.83,4.61,1.23,0.93,0.93,Matches,2025,8.9,27.2,34.2,79.6,409.1,131.7,0.22,0.26,-0.1,3.71,2.58,1.91,0.0,1.01,3.93,2.13,54.3,3.92,2.13,0.26,0.47,18.1,0.22,0.0,0.0,0.15,0.42,0.42,45.3,0.45,2.25,16.4,27.3,4.94,45.3,2.02,42.9,2.13,45.2,27.4,1.35,1.69,2.25,33.9,0.67,0.56,42.9,0.45,0.11,0.11,0.0,0.67,0.45,0.0,6.07,6.05,0.34,0.45,0.0,0.79,0.78,0.0,0.34,1.8,0.45,4.04,0.0,0.56,0.11,0.0,0.0,2.81,0.22,40.0,,,,,,,,,,,,,,,,,
Aiden Hezarkhani,us USA,"FW,MF",Real Salt Lake,18-159,2007,2,0,58,0.6,0.0,0.0,0.0,0.0,0.0,0.0,0.0,0.0,0.0,0.0,0.0,0.0,1.67,1.67,10.0,0.0,0.04,0.04,Matches,2025,0.6,11.7,25.0,46.7,170.0,50.0,0.0,0.0,0.0,0.0,3.33,0.0,0.0,0.0,1.67,0.0,0.0,1.55,0.0,0.0,,23.1,0.0,0.0,0.0,0.03,0.0,0.0,36.7,0.0,1.67,20.0,15.0,3.33,36.7,1.67,25.0,5.0,75.0,20.0,1.67,5.0,0.0,26.7,0.0,0.0,,0.0,0.0,0.0,0.0,0.0,0.0,1.67,1.67,1.55,1.67,0.0,0.0,0.0,0.0,0.0,1.67,1.67,0.0,1.67,0.0,0.0,0.0,0.0,0.0,1.67,1.67,50.0,,,,,,,,,,,,,,,,,
Bode Hidalgo,us USA,DF,Real Salt Lake,23-285,2002,18,8,821,9.1,0.0,0.0,0.0,0.0,0.0,0.0,0.55,0.11,0.04,0.04,0.02,0.07,2.2,4.73,2.97,0.0,0.06,0.06,Matches,2025,9.1,54.3,64.2,84.6,940.1,308.5,0.0,0.03,-0.02,0.44,3.08,0.44,0.22,0.0,0.77,0.33,42.9,0.77,0.33,0.0,0.0,23.6,0.0,0.0,0.0,0.06,-0.04,-0.04,74.8,5.05,28.6,35.1,11.5,0.88,74.8,0.22,50.0,0.11,25.0,41.9,0.44,0.66,0.33,48.7,2.09,1.21,46.2,1.54,1.1,0.44,0.88,2.97,4.4,0.11,1.87,1.86,0.0,0.0,0.0,0.11,0.11,0.11,1.21,0.77,0.0,0.77,0.88,1.21,0.0,0.0,0.0,3.63,0.77,50.0,,,,,,,,,,,,,,,,,
Bode Hidalgo,us USA,DF,CF Montréal,23-285,2002,6,4,349,3.9,0.0,0.0,0.0,0.0,0.0,0.0,0.26,0.0,0.05,0.05,0.05,0.1,1.28,3.59,2.05,0.0,0.11,0.11,Matches,2025,3.9,40.3,48.5,83.1,690.8,249.2,0.0,0.08,-0.05,0.51,3.59,1.03,0.0,0.0,0.51,0.26,50.0,0.52,0.26,0.0,0.0,16.9,0.0,0.0,0.0,0.09,-0.05,-0.05,59.0,2.56,19.0,27.9,12.1,0.26,59.0,0.77,33.3,1.54,66.7,34.6,0.0,1.28,0.0,37.4,2.56,1.03,55.6,1.03,0.51,0.26,0.77,3.33,1.28,0.0,1.54,1.55,0.0,0.0,0.0,0.26,0.26,0.0,1.28,1.03,0.0,0.77,0.77,1.03,0.0,0.0,0.0,4.1,0.26,50.0,,,,,,,,,,,,,,,,,
Kyle Hiebert,ca CAN,DF,St. Louis,28-127,1997,22,19,1692,18.8,0.05,0.05,0.11,0.05,0.0,0.0,0.16,0.0,0.06,0.06,0.02,0.08,0.64,3.3,0.9,0.11,0.08,0.08,Matches,2025,18.8,38.9,47.0,82.8,674.9,245.6,0.05,0.04,0.04,0.27,2.39,0.32,0.11,0.05,0.21,0.05,25.0,0.21,0.05,0.25,1.0,8.3,0.0,0.0,0.0,0.29,-0.01,-0.01,57.8,6.22,27.1,25.1,5.9,0.69,57.8,0.21,57.1,0.16,42.9,30.2,0.05,0.48,0.48,35.4,1.12,0.43,66.7,0.27,1.81,0.8,0.48,1.6,4.89,0.0,0.64,0.64,0.0,0.0,0.0,0.11,0.11,0.0,0.8,0.32,0.05,0.59,0.48,0.43,0.0,0.0,0.0,3.72,1.33,49.0,,,,,,,,,,,,,,,,,
Luke Hille,us USA,MF,Minnesota Utd,22-288,2003,1,0,1,0.0,0.0,0.0,0.0,0.0,0.0,0.0,0.0,0.0,0.0,0.0,0.0,0.0,0.0,0.0,1.0,0.0,0.0,0.0,Matches,2025,0.0,0.0,0.0,,0.0,0.0,0.0,0.0,0.0,0.0,0.0,0.0,0.0,0.0,0.0,0.0,,0.0,0.0,,,,0.0,0.0,0.0,,0.0,0.0,2.0,0.0,1.0,0.0,1.0,0.0,2.0,0.0,,0.0,,1.0,0.0,1.0,0.0,1.0,1.0,0.0,,0.0,0.0,0.0,0.0,1.0,0.0,0.0,0.0,0.0,0.0,0.0,0.0,0.0,0.0,0.0,0.0,0.0,0.0,0.0,0.0,0.0,0.0,0.0,0.0,0.0,0.0,,,,,,,,,,,,,,,,,,
Brendan Hines-Ike,us USA,DF,Austin,31-004,1994,31,31,2761,30.7,0.0,0.03,0.03,0.0,0.0,0.0,0.13,0.03,0.04,0.04,0.02,0.06,0.42,1.92,0.07,0.03,0.06,0.06,Matches,2025,30.7,43.8,48.0,91.1,859.3,301.0,0.03,0.02,0.01,0.07,2.44,0.07,0.0,0.0,0.33,0.0,0.0,0.33,0.0,0.0,,12.4,0.0,0.0,0.0,0.11,-0.04,-0.04,57.8,9.97,31.8,24.3,1.89,0.52,57.8,0.16,100.0,0.0,0.0,36.3,0.03,0.49,0.07,41.4,0.55,0.36,40.0,0.2,1.14,0.2,0.49,1.04,6.12,0.1,0.33,0.33,0.03,0.03,0.0,0.07,0.07,0.03,0.59,0.68,0.0,0.13,0.49,0.36,0.0,0.0,0.0,2.35,1.07,62.3,,,,,,,,,,,,,,,,,
Bongokuhle Hlongwane,za RSA,"DF,MF",Minnesota Utd,25-167,2000,34,27,2379,26.4,0.11,0.04,0.15,0.11,0.0,0.0,0.04,0.0,0.15,0.15,0.08,0.23,1.93,2.54,4.39,0.15,0.23,0.23,Matches,2025,26.4,19.6,25.2,77.7,292.1,81.6,0.04,0.09,-0.05,0.76,1.4,0.64,0.15,0.11,1.17,0.38,32.3,1.17,0.38,0.1,0.3,15.4,0.0,0.0,0.0,0.13,-0.03,-0.03,37.8,2.88,10.6,16.8,11.0,2.58,37.8,0.95,36.2,1.33,50.7,19.9,0.8,1.93,1.36,22.1,1.52,1.06,52.1,0.87,0.64,0.49,0.95,2.46,2.99,0.0,2.5,2.5,0.15,0.3,0.0,0.27,0.26,0.0,1.06,1.86,0.3,0.68,0.95,1.06,0.04,0.0,0.0,4.39,0.83,39.3,,,,,,,,,,,,,,,,,
Rob Holding,eng ENG,DF,Colorado Rapids,30-075,1995,6,6,526,5.8,0.0,0.0,0.0,0.0,0.0,0.0,0.17,0.0,0.07,0.07,0.0,0.07,1.03,5.34,0.52,0.0,0.06,0.06,Matches,2025,5.8,61.9,70.0,88.4,1228.3,466.9,0.0,0.03,0.0,0.0,4.31,0.34,0.0,0.0,0.86,0.34,40.0,0.86,0.34,0.0,0.0,12.8,0.0,0.0,0.0,0.07,-0.07,-0.07,81.6,9.48,38.4,39.3,4.31,1.21,81.6,0.34,50.0,0.34,50.0,48.3,0.0,0.52,0.0,58.3,1.38,1.03,22.2,1.21,1.55,0.0,1.38,2.76,5.34,0.17,0.52,0.51,0.0,0.0,0.0,0.0,0.0,0.0,1.03,0.0,0.0,0.34,1.38,1.03,0.0,0.0,0.0,4.66,3.1,66.7,,,,,,,,,,,,,,,,,
Ryan Hollingshead,us USA,"DF,MF",LAFC,34-232,1991,31,22,2109,23.4,0.09,0.13,0.21,0.09,0.0,0.0,0.21,0.0,0.17,0.17,0.14,0.31,3.12,5.77,6.2,0.21,0.31,0.31,Matches,2025,23.4,49.4,58.1,85.1,755.3,230.4,0.13,0.12,-0.01,1.11,4.19,0.81,0.09,0.09,0.9,0.38,42.9,0.9,0.38,0.1,0.22,10.2,0.0,0.0,0.0,0.19,-0.09,-0.09,69.8,3.85,17.3,32.8,20.3,3.5,69.8,0.56,41.9,0.68,51.6,37.6,0.68,1.28,0.38,46.7,1.92,1.24,61.9,0.68,1.15,0.77,1.32,3.25,3.12,0.0,2.65,2.65,0.04,0.13,0.17,0.26,0.26,0.0,1.03,0.94,0.21,0.94,1.32,1.24,0.04,0.09,0.0,3.89,2.22,58.4,,,,,,,,,,,,,,,,,
Duane Holmes,us USA,"MF,FW",Houston Dynamo,31-028,1994,18,5,583,6.5,0.15,0.0,0.15,0.15,0.0,0.0,0.46,0.0,0.15,0.15,0.08,0.22,2.31,3.23,6.62,0.15,0.22,0.22,Matches,2025,6.5,27.4,37.4,73.3,410.8,114.2,0.0,0.11,-0.08,1.23,1.54,1.54,0.62,0.15,1.38,0.31,22.2,1.39,0.31,0.11,0.5,19.7,0.15,0.0,0.0,0.11,0.0,0.0,48.8,1.69,7.85,19.1,22.6,1.85,48.8,0.92,40.0,1.38,60.0,27.8,0.15,2.31,1.69,31.4,1.69,0.62,28.6,0.77,1.54,1.08,0.31,2.0,0.92,0.0,2.92,2.93,0.0,0.15,0.0,0.15,0.15,0.0,2.15,2.15,0.31,2.62,0.31,0.62,0.15,0.0,0.0,3.38,0.31,40.0,,,,,,,,,,,,,,,,,
Jackson Hopkins,us USA,"MF,FW",D.C. United,21-156,2004,17,11,839,9.3,0.32,0.0,0.32,0.32,0.0,0.0,0.43,0.0,0.05,0.05,0.03,0.09,1.08,3.33,2.47,0.32,0.08,0.08,Matches,2025,9.3,25.3,30.9,81.9,436.6,129.2,0.0,0.09,-0.03,0.75,2.04,0.43,0.11,0.32,0.86,0.43,50.0,0.86,0.43,0.38,0.75,18.9,0.0,0.0,0.0,0.06,0.27,0.27,39.0,1.4,8.17,21.7,9.78,1.08,39.0,1.4,65.0,0.75,35.0,23.8,0.11,1.29,1.83,25.8,1.4,0.97,30.8,0.97,1.29,1.08,0.32,1.72,0.86,0.0,2.47,2.47,0.11,0.0,0.0,0.0,0.0,0.0,1.4,2.04,0.0,1.72,0.32,0.97,0.0,0.0,0.0,4.52,0.11,12.5,,,,,,,,,,,,,,,,,
Jannes Horn,de GER,DF,St. Louis,28-301,1997,9,9,719,8.0,0.0,0.13,0.13,0.0,0.0,0.0,0.25,0.0,0.0,0.0,0.13,0.14,2.38,3.0,3.5,0.13,0.13,0.13,Matches,2025,8.0,40.6,51.3,79.3,699.3,264.0,0.13,0.06,0.0,0.88,1.63,0.88,0.38,0.0,0.25,0.0,0.0,0.25,0.0,0.0,,25.5,0.0,0.0,0.0,0.02,0.0,0.0,59.3,3.63,26.0,23.1,10.4,0.38,59.3,0.13,20.0,0.25,40.0,31.0,0.25,0.5,0.25,36.6,1.63,1.0,81.8,0.25,0.75,0.63,0.5,2.13,2.38,0.0,1.5,1.5,0.0,0.13,0.0,0.13,0.13,0.0,0.25,1.0,0.0,2.63,0.5,1.0,0.0,0.0,0.0,4.0,0.13,12.5,,,,,,,,,,,,,,,,,
Jung Hoyeon,kr KOR,MF,Minnesota Utd,25-067,2000,4,1,89,1.0,0.0,0.0,0.0,0.0,0.0,0.0,0.0,0.0,0.0,0.0,0.0,0.0,1.0,5.0,0.0,0.0,0.0,0.0,Matches,2025,1.0,21.0,26.0,80.8,301.0,93.0,0.0,0.0,0.0,0.0,3.0,2.0,0.0,0.0,0.0,0.0,,0.0,0.0,,,,0.0,0.0,0.0,,0.0,0.0,39.0,3.0,17.0,13.0,10.0,0.0,39.0,1.0,50.0,1.0,50.0,16.0,0.0,1.0,3.0,20.0,3.0,2.0,0.0,2.0,4.0,3.0,2.0,5.0,3.0,0.0,1.0,1.02,0.0,0.0,0.0,1.0,1.02,0.0,4.0,1.0,0.0,0.0,2.0,2.0,0.0,0.0,0.0,5.0,1.0,50.0,,,,,,,,,,,,,,,,,
Keegan Hughes,us USA,DF,NE Revolution,25-135,2000,7,4,369,4.1,0.0,0.0,0.0,0.0,0.0,0.0,0.49,0.0,0.02,0.02,0.0,0.02,0.0,3.66,0.24,0.0,0.03,0.03,Matches,2025,4.1,45.9,52.2,87.9,793.7,287.1,0.0,0.0,0.0,0.24,3.9,0.0,0.0,0.0,0.24,0.0,0.0,0.24,0.0,0.0,,8.7,0.0,0.0,0.0,0.08,-0.02,-0.02,64.1,9.02,32.0,28.3,4.15,0.98,64.1,0.0,,0.0,,36.6,0.0,0.24,0.24,41.7,2.68,1.71,66.7,0.49,0.98,0.0,1.71,4.39,5.37,0.0,0.0,0.0,0.0,0.0,0.0,0.0,0.0,0.0,2.2,1.22,0.0,0.24,1.71,1.71,0.0,0.24,0.0,2.93,2.44,62.5,,,,,,,,,,,,,,,,,
Sebastien Ibeagha,us USA,DF,FC Dallas,33-317,1992,33,30,2763,30.7,0.03,0.0,0.03,0.03,0.0,0.0,0.13,0.03,0.06,0.06,0.02,0.07,0.0,2.18,0.1,0.03,0.08,0.08,Matches,2025,30.7,26.7,31.7,84.3,508.6,218.7,0.0,0.02,-0.02,0.23,1.99,0.2,0.0,0.03,0.49,0.23,46.7,0.49,0.23,0.07,0.14,9.7,0.0,0.0,0.0,0.11,-0.02,-0.02,42.3,7.95,24.2,16.5,1.73,0.81,42.3,0.03,100.0,0.0,0.0,17.6,0.0,0.33,0.0,22.1,0.65,0.36,64.3,0.16,1.21,0.23,0.78,1.43,6.45,0.0,0.36,0.36,0.0,0.0,0.0,0.0,0.0,0.0,0.59,0.33,0.07,0.03,0.78,0.36,0.0,0.03,0.0,2.51,2.21,65.4,,,,,,,,,,,,,,,,,
Aliyu Ibrahim,ng NGA,"MF,FW",Houston Dynamo,23-322,2002,8,2,176,2.0,0.0,0.0,0.0,0.0,0.0,0.0,0.5,0.0,0.15,0.15,0.0,0.15,1.5,2.0,11.5,0.0,0.16,0.16,Matches,2025,2.0,24.0,36.0,66.7,321.0,46.5,0.0,0.0,0.0,1.0,2.0,0.0,0.0,0.0,1.0,0.5,50.0,1.02,0.51,0.0,0.0,10.4,0.0,0.0,0.0,0.13,-0.15,-0.15,51.5,1.0,12.5,19.5,20.5,2.0,51.5,2.0,50.0,2.0,50.0,28.0,0.0,3.0,3.0,35.0,4.0,3.0,66.7,0.5,2.0,2.0,1.0,5.0,1.0,0.0,1.5,1.53,0.0,0.0,0.0,0.0,0.0,0.0,3.0,0.5,2.0,0.5,1.0,3.0,0.0,0.0,0.0,6.5,1.5,50.0,,,,,,,,,,,,,,,,,
Aliyu Ibrahim,ng NGA,"FW,DF",Columbus Crew,23-322,2002,23,12,1204,13.4,0.22,0.15,0.37,0.22,0.0,0.0,0.15,0.0,0.25,0.25,0.22,0.47,2.84,1.87,13.0,0.37,0.47,0.47,Matches,2025,13.4,25.9,32.0,80.9,338.4,64.5,0.15,0.16,-0.07,1.64,0.67,1.27,0.37,0.22,1.79,0.45,25.0,1.79,0.45,0.13,0.5,12.0,0.0,0.0,0.0,0.14,-0.03,-0.03,43.6,1.04,5.45,12.7,26.0,6.34,43.6,1.34,48.6,1.34,48.6,26.9,1.57,2.31,2.01,31.9,1.79,1.04,65.0,0.52,1.04,0.82,0.45,2.24,0.75,0.07,3.06,3.06,0.15,0.0,0.15,0.3,0.3,0.0,1.64,0.45,1.34,1.72,0.45,1.04,0.0,0.0,0.0,3.73,1.04,37.8,,,,,,,,,,,,,,,,,
Sunusi Ibrahim,ng NGA,FW,CF Montréal,23-064,2002,10,0,78,0.9,0.0,0.0,0.0,0.0,0.0,0.0,0.0,0.0,1.0,1.0,0.11,1.0,3.33,8.89,6.67,0.0,1.09,1.09,Matches,2025,0.9,26.7,34.4,77.4,535.6,128.9,0.0,0.11,-0.11,1.11,6.67,0.0,0.0,0.0,6.67,0.0,0.0,6.92,0.0,0.0,,16.2,0.0,0.0,0.0,0.15,-1.0,-1.0,50.0,0.0,0.0,18.9,31.1,7.78,50.0,1.11,100.0,0.0,0.0,31.1,2.22,7.78,2.22,38.9,0.0,0.0,,0.0,0.0,0.0,0.0,0.0,0.0,0.0,4.44,4.62,1.11,0.0,0.0,0.0,0.0,0.0,2.22,1.11,0.0,0.0,0.0,0.0,0.0,0.0,0.0,1.11,3.33,33.3,,,,,,,,,,,,,,,,,
Igor,br BRA,MF,LAFC,22-272,2003,24,22,1855,20.6,0.0,0.05,0.05,0.0,0.0,0.0,0.19,0.05,0.06,0.06,0.04,0.1,0.63,3.59,0.63,0.05,0.1,0.1,Matches,2025,20.6,52.9,58.3,90.7,901.6,240.4,0.05,0.06,0.01,0.44,4.85,0.49,0.0,0.0,0.73,0.1,13.3,0.73,0.1,0.0,0.0,25.5,0.0,0.0,0.0,0.08,-0.06,-0.06,68.0,2.96,14.8,43.5,10.1,0.24,68.0,0.78,59.3,0.53,40.7,39.9,0.05,1.26,1.12,49.5,2.28,1.17,59.5,0.83,1.17,0.97,1.36,3.64,1.36,0.05,1.55,1.55,0.0,0.05,0.05,0.15,0.15,0.05,0.78,1.94,0.0,0.1,1.36,1.17,0.0,0.0,0.0,6.07,0.49,50.0,,,,,,,,,,,,,,,,,
Mitja Ilenič,si SVN,DF,NYCFC,20-343,2004,19,10,1092,12.1,0.17,0.17,0.33,0.17,0.0,0.0,0.08,0.0,0.07,0.07,0.07,0.13,1.4,4.63,4.3,0.33,0.13,0.13,Matches,2025,12.1,51.4,63.8,80.6,799.3,291.6,0.17,0.07,0.1,0.58,4.63,0.83,0.41,0.17,0.99,0.33,33.3,0.99,0.33,0.17,0.5,19.5,0.0,0.0,0.0,0.06,0.1,0.1,74.7,2.98,24.5,32.7,18.1,1.24,74.7,0.5,46.2,0.58,53.8,41.1,0.08,1.07,1.07,48.3,0.91,0.5,61.5,0.41,0.83,0.74,1.07,1.98,3.55,0.0,1.4,1.4,0.0,0.08,0.0,0.17,0.16,0.0,0.66,1.4,0.0,2.48,1.07,0.5,0.0,0.0,0.0,4.46,1.07,72.2,,,,,,,,,,,,,,,,,
Milan Iloski,us USA,"MF,FW",Philadelphia Union,26-128,1999,9,7,595,6.6,0.3,0.61,0.91,0.3,0.0,0.0,0.15,0.0,0.26,0.26,0.24,0.5,2.73,4.09,6.67,0.91,0.49,0.49,Matches,2025,6.6,22.9,33.6,68.0,403.2,140.8,0.61,0.29,0.36,1.52,2.73,1.06,0.3,0.3,4.39,1.52,34.5,4.39,1.51,0.07,0.2,22.5,0.3,0.0,0.0,0.06,0.05,0.05,47.0,0.45,3.94,18.3,25.5,5.0,47.0,1.36,52.9,1.21,47.1,26.5,0.76,2.88,1.36,31.1,0.91,0.76,45.5,0.91,0.76,0.61,0.45,1.36,1.06,0.0,5.45,5.44,0.3,0.61,0.3,1.06,1.06,0.0,1.52,1.67,0.15,3.94,0.45,0.76,0.0,0.0,0.0,5.61,0.61,25.0,,,,,,,,,,,,,,,,,
Milan Iloski,us USA,"FW,MF",San Diego FC,26-128,1999,14,3,479,5.3,1.89,0.19,2.08,1.89,0.0,0.0,0.0,0.0,0.77,0.77,0.28,1.04,2.45,3.77,7.17,2.07,1.04,1.04,Matches,2025,5.3,20.9,28.3,74.0,311.1,75.7,0.19,0.21,-0.09,1.51,1.13,1.7,0.0,1.89,5.85,3.58,61.3,5.82,3.57,0.32,0.53,17.4,0.0,0.0,0.0,0.13,1.11,1.11,40.8,0.19,2.64,13.2,25.7,6.98,40.8,0.75,50.0,0.57,37.5,23.6,1.32,2.08,0.94,30.4,0.57,0.38,14.3,1.13,0.0,0.0,0.19,0.75,0.38,0.0,4.15,4.13,0.57,0.19,0.0,1.32,1.32,0.0,2.45,1.7,0.38,2.45,0.19,0.38,0.0,0.0,0.0,1.89,0.94,35.7,,,,,,,,,,,,,,,,,
Bjørn Inge Utvik,no NOR,DF,Vancouver W'caps,29-279,1996,16,12,1029,11.4,0.0,0.0,0.0,0.0,0.0,0.0,0.09,0.0,0.04,0.04,0.01,0.05,0.44,3.07,0.18,0.0,0.05,0.05,Matches,2025,11.4,53.5,59.3,90.2,1121.8,378.8,0.0,0.02,-0.01,0.18,3.51,0.09,0.0,0.0,0.44,0.0,0.0,0.44,0.0,0.0,,8.1,0.0,0.0,0.0,0.09,-0.04,-0.04,67.5,7.72,36.9,28.2,2.46,1.49,67.5,0.09,50.0,0.09,50.0,45.9,0.0,0.09,0.0,52.3,0.7,0.7,100.0,0.0,0.61,0.09,0.35,1.05,5.26,0.09,0.26,0.26,0.0,0.0,0.0,0.0,0.0,0.0,0.44,0.09,0.09,0.18,0.35,0.7,0.0,0.0,0.0,2.28,2.63,71.4,,,,,,,,,,,,,,,,,
Marcus Ingvartsen,dk DEN,"FW,MF",San Diego FC,29-334,1996,8,5,406,4.5,0.44,0.22,0.67,0.44,0.0,0.0,0.0,0.0,0.53,0.53,0.13,0.67,2.44,2.0,5.11,0.67,0.68,0.68,Matches,2025,4.5,19.1,25.1,76.1,246.0,64.7,0.22,0.02,0.09,1.11,1.11,0.44,0.0,0.44,2.89,1.33,46.2,2.88,1.33,0.15,0.33,13.1,0.0,0.0,0.0,0.19,-0.09,-0.09,36.0,0.44,3.56,15.8,17.3,4.0,36.0,0.44,25.0,1.33,75.0,18.2,0.44,2.89,0.67,28.2,0.0,0.0,,0.0,1.11,0.89,0.44,0.44,0.44,0.0,2.22,2.22,0.0,0.67,0.0,0.44,0.44,0.0,3.11,1.56,0.67,0.22,0.44,0.0,0.0,0.0,0.0,3.11,1.11,33.3,,,,,,,,,,,,,,,,,
Lorenzo Insigne,it ITA,"MF,FW",Toronto FC,34-183,1991,12,10,861,9.6,0.1,0.21,0.31,0.1,0.0,0.0,0.1,0.0,0.16,0.16,0.08,0.24,1.35,4.27,5.21,0.31,0.24,0.24,Matches,2025,9.6,37.6,46.8,80.4,608.2,133.1,0.21,0.09,0.13,1.56,3.33,0.73,0.1,0.1,1.77,0.52,29.4,1.78,0.52,0.06,0.2,17.8,0.1,0.0,0.0,0.09,-0.05,-0.05,53.3,0.63,9.17,27.6,17.2,2.19,53.3,0.42,50.0,0.31,37.5,28.9,0.73,1.56,0.42,38.9,0.94,0.52,20.0,0.42,0.63,0.52,0.63,1.56,0.63,0.0,3.54,3.55,0.0,0.1,0.0,0.42,0.42,0.0,0.42,0.94,0.1,1.35,0.63,0.52,0.0,0.0,0.0,4.48,0.31,50.0,,,,,,,,,,,,,,,,,
Ousman Jabang,us USA,DF,CF Montréal,24-250,2001,1,1,88,1.0,0.0,0.0,0.0,0.0,0.0,0.0,1.0,0.0,0.0,0.0,0.0,0.0,5.0,5.0,2.0,0.0,0.0,0.0,Matches,2025,1.0,59.0,70.0,84.3,1083.0,283.0,0.0,0.0,0.0,0.0,9.0,0.0,0.0,0.0,0.0,0.0,,0.0,0.0,,,,0.0,0.0,0.0,,0.0,0.0,82.0,2.0,25.0,46.0,11.0,0.0,82.0,0.0,0.0,1.0,100.0,52.0,0.0,1.0,1.0,61.0,1.0,1.0,100.0,0.0,1.0,1.0,0.0,1.0,3.0,0.0,1.0,1.02,0.0,0.0,0.0,0.0,0.0,0.0,1.0,1.0,0.0,1.0,0.0,1.0,0.0,0.0,0.0,4.0,2.0,40.0,,,,,,,,,,,,,,,,,
Ayoub Jabbari,ma MAR,"FW,DF",FC Cincinnati,25-308,2000,5,1,116,1.3,0.0,0.0,0.0,0.0,0.0,0.0,0.0,0.0,0.15,0.15,0.08,0.23,3.85,1.54,3.85,0.0,0.2,0.2,Matches,2025,1.3,14.6,20.8,70.4,163.8,33.1,0.0,0.08,-0.08,0.77,0.77,0.77,0.0,0.0,2.31,0.77,33.3,2.33,0.78,0.0,0.0,15.0,0.0,0.0,0.0,0.05,-0.15,-0.15,40.8,0.77,3.85,20.8,17.7,6.15,40.8,2.31,100.0,0.0,0.0,22.3,0.77,8.46,3.85,27.7,0.0,0.0,,0.0,0.77,0.77,0.0,0.0,1.54,0.0,1.54,1.55,0.0,0.0,0.0,0.0,0.0,0.0,1.54,0.0,0.0,1.54,0.0,0.0,0.0,0.0,0.0,3.85,3.08,33.3,,,,,,,,,,,,,,,,,
Aziel Jackson,us USA,"MF,FW",Columbus Crew,24-041,2001,18,7,733,8.1,0.25,0.12,0.37,0.25,0.0,0.0,0.0,0.0,0.32,0.32,0.04,0.35,2.59,6.17,7.04,0.37,0.35,0.35,Matches,2025,8.1,33.5,37.4,89.4,514.8,123.7,0.12,0.07,0.09,0.62,3.83,2.22,0.0,0.25,3.09,1.11,36.0,3.07,1.11,0.08,0.22,18.8,0.0,0.0,0.0,0.1,-0.07,-0.07,53.6,0.99,7.9,22.6,24.2,2.72,53.6,1.98,38.1,2.96,57.1,38.6,0.25,3.46,2.22,43.2,1.23,0.62,40.0,0.74,0.99,0.99,0.86,2.1,0.86,0.12,2.35,2.34,0.12,0.25,0.12,0.12,0.12,0.0,1.73,3.09,0.25,0.25,0.86,0.62,0.0,0.0,0.0,4.07,0.12,14.3,,,,,,,,,,,,,,,,,
Ivan Jaime Pajuelo,es ESP,FW,CF Montréal,25-069,2000,6,3,307,3.4,0.0,0.29,0.29,0.0,0.0,0.0,0.29,0.0,0.41,0.41,0.32,0.74,7.65,7.06,9.12,0.29,0.75,0.75,Matches,2025,3.4,27.4,35.3,77.5,480.9,178.5,0.29,0.59,-0.03,4.12,4.12,2.94,0.0,0.0,4.12,1.18,28.6,4.1,1.17,0.0,0.0,16.2,0.0,0.0,0.0,0.1,-0.41,-0.41,52.1,0.59,4.41,17.4,31.8,6.47,52.1,3.53,57.1,2.06,33.3,35.9,2.06,2.94,2.35,35.6,1.47,0.59,50.0,0.29,2.35,2.35,0.0,1.47,0.29,0.0,7.35,7.35,0.88,0.29,0.0,0.29,0.29,0.0,1.47,2.94,0.29,2.65,0.0,0.59,0.0,0.0,0.0,5.88,0.0,,,,,,,,,,,,,,,,,,
Ian James,us USA,DF,Sporting KC,17-181,2008,8,5,491,5.5,0.0,0.0,0.0,0.0,0.0,0.0,0.18,0.0,0.02,0.02,0.0,0.02,0.91,2.0,0.18,0.0,0.02,0.02,Matches,2025,5.5,38.5,44.2,87.2,728.0,231.1,0.0,0.0,0.0,0.0,1.27,0.0,0.0,0.0,0.18,0.0,0.0,0.18,0.0,0.0,,8.0,0.0,0.0,0.0,0.12,-0.02,-0.02,54.2,4.91,24.7,28.4,1.45,0.36,54.2,0.36,100.0,0.0,0.0,32.7,0.0,0.36,0.0,37.8,1.45,0.91,44.4,0.91,1.64,0.18,0.73,2.18,5.27,0.0,0.18,0.18,0.0,0.0,0.0,0.0,0.0,0.0,0.91,0.0,0.0,0.18,0.73,0.91,0.0,0.18,0.0,2.91,0.73,40.0,,,,,,,,,,,,,,,,,
Robin Jansson,se SWE,DF,Orlando City,34-019,1991,30,30,2613,29.0,0.03,0.0,0.03,0.03,0.0,0.0,0.21,0.0,0.06,0.06,0.01,0.07,0.0,1.62,0.14,0.03,0.07,0.07,Matches,2025,29.0,43.3,48.9,88.5,823.0,368.1,0.0,0.01,-0.01,0.17,3.21,0.14,0.0,0.03,0.24,0.14,57.1,0.24,0.14,0.14,0.25,13.4,0.0,0.0,0.0,0.26,-0.03,-0.03,57.5,8.76,32.6,24.2,0.9,0.45,57.5,0.03,25.0,0.07,50.0,33.9,0.0,0.17,0.0,39.9,0.86,0.59,64.3,0.34,1.1,0.41,0.83,1.69,4.69,0.03,0.79,0.79,0.0,0.0,0.0,0.1,0.1,0.0,0.69,0.79,0.03,0.07,0.83,0.59,0.0,0.07,0.0,3.1,0.34,32.3,,,,,,,,,,,,,,,,,
Danley Jean-Jacques,ht HAI,MF,Philadelphia Union,25-198,2000,31,26,2358,26.2,0.11,0.11,0.23,0.11,0.0,0.0,0.23,0.0,0.18,0.18,0.08,0.26,1.18,5.08,1.56,0.23,0.26,0.26,Matches,2025,26.2,36.5,44.2,82.6,570.6,189.7,0.11,0.06,0.04,1.07,5.08,0.5,0.04,0.11,1.53,0.5,32.5,1.53,0.5,0.08,0.23,20.7,0.0,0.0,0.0,0.12,-0.07,-0.07,54.3,1.87,10.9,33.5,10.5,1.3,54.3,0.73,65.5,0.38,34.5,29.8,0.23,1.22,0.57,34.5,1.79,1.11,53.8,0.69,1.03,0.88,1.6,3.4,1.34,0.0,2.33,2.33,0.11,0.08,0.04,0.34,0.34,0.0,1.83,0.65,0.0,0.42,1.6,1.11,0.0,0.0,0.0,4.92,0.38,41.7,,,,,,,,,,,,,,,,,
Stiven Jimenez,us USA,MF,FC Cincinnati,18-163,2007,2,1,107,1.2,0.0,0.0,0.0,0.0,0.0,0.0,0.0,0.0,0.0,0.0,0.08,0.08,0.0,0.83,0.0,0.0,0.06,0.06,Matches,2025,1.2,24.2,28.3,85.3,378.3,98.3,0.0,0.0,-0.08,1.67,1.67,0.0,0.0,0.0,0.0,0.0,,0.0,0.0,,,,0.0,0.0,0.0,,0.0,0.0,41.7,4.17,20.0,15.8,5.83,0.0,41.7,0.0,,0.0,,11.7,0.0,0.0,0.0,23.3,2.5,1.67,50.0,0.83,3.33,2.5,0.83,3.33,4.17,0.0,1.67,1.68,0.0,0.83,0.0,0.0,0.0,0.0,1.67,2.5,0.0,0.0,0.83,1.67,0.0,0.83,0.0,4.17,2.5,60.0,,,,,,,,,,,,,,,,,
Julio Joao Ortíz,ec ECU,MF,Portland Timbers,29-217,1996,20,17,1106,12.3,0.0,0.0,0.0,0.0,0.0,0.0,0.33,0.0,0.02,0.02,0.06,0.08,0.57,3.74,1.22,0.0,0.08,0.08,Matches,2025,12.3,43.6,48.8,89.3,737.6,198.9,0.0,0.04,-0.06,0.57,3.82,0.49,0.0,0.0,0.49,0.0,0.0,0.49,0.0,0.0,,25.9,0.0,0.0,0.0,0.05,-0.02,-0.02,56.4,2.28,14.4,34.9,7.48,0.16,56.4,0.49,60.0,0.33,40.0,34.2,0.16,1.38,0.89,40.3,2.03,1.14,64.7,0.49,0.49,0.49,0.73,2.76,1.06,0.08,1.38,1.38,0.0,0.0,0.0,0.08,0.08,0.0,1.3,0.98,0.0,0.49,0.73,1.14,0.0,0.08,0.0,5.37,0.65,66.7,,,,,,,,,,,,,,,,,
Tate Johnson,us USA,DF,Vancouver W'caps,20-147,2005,29,20,1977,22.0,0.05,0.05,0.09,0.05,0.0,0.0,0.18,0.0,0.03,0.03,0.03,0.06,1.09,4.77,3.23,0.09,0.06,0.06,Matches,2025,22.0,41.7,50.8,82.1,702.6,261.0,0.05,0.07,0.01,0.59,4.41,0.73,0.09,0.05,0.36,0.14,37.5,0.36,0.14,0.13,0.33,12.6,0.0,0.0,0.0,0.08,0.02,0.02,59.9,2.68,19.2,28.2,12.7,1.18,59.9,0.32,50.0,0.27,42.9,31.5,0.23,0.77,0.73,37.3,1.59,1.05,54.8,0.86,1.09,0.86,0.95,2.55,2.86,0.0,1.86,1.87,0.0,0.23,0.05,0.09,0.09,0.0,0.68,1.55,0.0,1.09,0.95,1.05,0.0,0.0,0.0,4.0,0.73,43.2,,,,,,,,,,,,,,,,,
DeJuan Jones,us USA,DF,Columbus Crew,28-163,1997,5,3,245,2.7,0.0,0.37,0.37,0.0,0.0,0.0,0.0,0.0,0.0,0.0,0.07,0.11,3.33,4.81,9.26,0.37,0.1,0.1,Matches,2025,2.7,50.0,61.9,80.8,736.7,192.2,0.37,0.22,0.3,1.48,4.07,1.48,0.0,0.0,0.37,0.37,100.0,0.37,0.37,0.0,0.0,23.6,0.0,0.0,0.0,0.03,0.0,0.0,72.2,0.74,17.0,27.8,27.4,3.33,72.2,0.37,16.7,1.85,83.3,47.0,1.48,0.74,0.37,49.6,1.11,0.37,66.7,0.37,0.37,0.37,1.85,2.96,1.11,0.0,2.96,2.94,0.37,0.0,0.0,0.74,0.73,0.0,1.11,0.37,0.37,0.0,1.85,0.37,0.0,0.0,0.0,5.19,0.37,25.0,,,,,,,,,,,,,,,,,
DeJuan Jones,us USA,"DF,MF",SJ Earthquakes,28-163,1997,15,13,1159,12.9,0.08,0.47,0.54,0.08,0.0,0.0,0.23,0.08,0.05,0.05,0.22,0.26,3.1,3.95,7.36,0.54,0.27,0.27,Matches,2025,12.9,45.7,57.0,80.3,697.8,258.3,0.47,0.19,0.25,1.55,2.87,1.32,0.54,0.08,0.31,0.08,25.0,0.31,0.08,0.25,1.0,13.3,0.0,0.0,0.0,0.16,0.02,0.02,70.8,2.71,15.1,34.8,22.0,1.94,70.8,1.47,46.3,1.4,43.9,36.3,0.39,2.09,1.4,41.0,1.86,0.78,46.2,1.09,1.24,1.24,1.4,3.26,2.79,0.0,3.57,3.57,0.08,0.23,0.0,0.62,0.62,0.08,1.09,2.09,0.16,2.33,1.4,0.78,0.0,0.0,0.0,4.88,0.54,29.2,,,,,,,,,,,,,,,,,
Derrick Jones,us USA,MF,Columbus Crew,28-276,1997,3,0,5,0.1,0.0,0.0,0.0,0.0,0.0,0.0,0.0,0.0,0.0,0.0,0.0,0.0,0.0,0.0,10.0,0.0,0.33,0.33,Matches,2025,0.1,110.0,120.0,91.7,1680.0,40.0,0.0,0.0,0.0,0.0,10.0,0.0,0.0,0.0,10.0,0.0,0.0,18.0,0.0,0.0,,17.9,0.0,0.0,0.0,0.02,0.0,0.0,160.0,10.0,20.0,100.0,40.0,10.0,160.0,0.0,,0.0,,90.0,0.0,0.0,0.0,120.0,0.0,0.0,,0.0,0.0,0.0,0.0,0.0,10.0,0.0,10.0,18.0,0.0,0.0,0.0,0.0,0.0,0.0,0.0,0.0,0.0,0.0,0.0,0.0,0.0,0.0,0.0,0.0,0.0,,,,,,,,,,,,,,,,,,
Dejan Joveljić,rs SRB,FW,Sporting KC,26-119,1999,32,31,2763,30.7,0.59,0.07,0.65,0.42,0.16,0.2,0.1,0.0,0.46,0.3,0.09,0.39,1.04,1.76,4.69,0.49,0.55,0.39,Matches,2025,30.7,16.4,23.0,71.1,216.4,29.3,0.07,0.08,-0.03,1.01,0.65,0.65,0.0,0.59,2.05,1.07,52.4,2.05,1.07,0.21,0.39,14.3,0.03,0.16,0.2,0.15,0.13,0.12,31.9,0.72,1.63,12.4,17.9,5.93,31.7,0.55,36.2,0.94,61.7,15.7,0.94,2.38,1.04,22.0,0.68,0.46,40.0,0.29,0.26,0.23,0.07,0.75,0.65,0.03,2.48,2.48,0.13,0.26,0.0,0.23,0.23,0.0,1.24,0.98,0.36,0.1,0.07,0.46,0.07,0.0,0.0,1.76,1.4,42.2,,,,,,,,,,,,,,,,,
Mykhi Joyner,us USA,"FW,MF",St. Louis,19-096,2006,13,1,370,4.1,0.24,0.0,0.24,0.24,0.0,0.0,0.49,0.0,0.46,0.46,0.07,0.54,3.17,2.93,5.61,0.24,0.54,0.54,Matches,2025,4.1,16.3,22.9,71.3,251.0,81.0,0.0,0.07,-0.07,1.46,0.73,1.71,0.49,0.24,3.17,1.22,38.5,3.16,1.22,0.08,0.2,14.2,0.0,0.0,0.0,0.15,-0.22,-0.22,42.2,2.93,10.0,9.76,23.2,4.88,42.2,0.98,30.8,1.95,61.5,23.4,1.46,2.68,2.2,26.3,3.41,1.46,71.4,0.49,1.22,0.98,0.73,4.15,2.68,0.0,1.95,1.95,0.49,0.0,0.0,0.0,0.0,0.0,1.46,2.44,0.49,2.68,0.73,1.46,0.0,0.24,0.0,3.9,0.98,36.4,,,,,,,,,,,,,,,,,
Preston Judd,us USA,"FW,MF",SJ Earthquakes,26-190,1999,29,10,1057,11.7,0.51,0.17,0.68,0.51,0.0,0.0,0.43,0.0,0.53,0.53,0.25,0.79,2.14,1.03,6.24,0.68,0.78,0.78,Matches,2025,11.7,9.49,16.4,57.8,143.7,22.1,0.17,0.18,-0.08,1.11,0.34,0.34,0.09,0.51,3.42,1.54,45.0,3.41,1.53,0.15,0.33,11.5,0.0,0.0,0.0,0.16,-0.02,-0.02,28.0,0.51,1.03,9.49,18.2,6.5,28.0,0.85,52.6,0.77,47.4,14.5,0.94,3.08,1.03,19.9,0.51,0.43,60.0,0.17,1.03,0.94,0.17,0.68,0.34,0.0,2.48,2.47,0.17,0.34,0.17,0.34,0.34,0.0,1.88,1.54,0.17,0.94,0.17,0.43,0.09,0.0,0.0,1.62,2.82,54.1,,,,,,,,,,,,,,,,,
Anderson Julio,ec ECU,"FW,MF",FC Dallas,29-187,1996,25,17,1577,17.5,0.34,0.06,0.4,0.34,0.0,0.0,0.29,0.0,0.28,0.28,0.13,0.41,2.63,1.31,6.23,0.4,0.41,0.41,Matches,2025,17.5,13.3,17.9,74.2,201.5,48.6,0.06,0.1,-0.07,1.09,0.69,0.63,0.23,0.34,2.06,0.97,47.2,2.05,0.97,0.17,0.35,21.7,0.0,0.0,0.0,0.14,0.06,0.06,30.9,2.0,5.89,9.49,15.9,4.4,30.9,1.26,43.1,1.6,54.9,17.8,1.71,2.86,1.14,18.8,0.8,0.51,21.7,1.03,1.09,0.91,0.69,1.49,1.6,0.0,1.89,1.88,0.46,0.06,0.0,0.23,0.23,0.0,2.0,0.86,0.8,0.91,0.69,0.51,0.0,0.0,0.0,3.54,0.57,27.0,,,,,,,,,,,,,,,,,
Sam Junqua,us USA,DF,Real Salt Lake,29-025,1996,32,17,1833,20.4,0.05,0.05,0.1,0.05,0.0,0.0,0.0,0.0,0.05,0.05,0.09,0.14,2.06,2.89,3.58,0.1,0.14,0.14,Matches,2025,20.4,40.6,50.8,79.9,702.5,254.2,0.05,0.05,-0.04,1.13,2.01,0.74,0.34,0.05,0.54,0.15,27.3,0.54,0.15,0.09,0.33,17.5,0.0,0.0,0.0,0.1,-0.0,-0.0,58.8,3.28,21.2,25.7,12.2,1.42,58.8,0.25,33.3,0.39,53.3,34.3,0.29,0.64,0.2,40.2,1.32,0.59,75.0,0.2,0.98,0.44,0.74,2.06,2.11,0.05,2.11,2.11,0.05,0.25,0.05,0.0,0.0,0.0,0.83,1.23,0.1,2.21,0.74,0.59,0.0,0.0,0.0,3.43,1.13,53.5,,,,,,,,,,,,,,,,,
Mathias Jørgensen,dk DEN,DF,LA Galaxy,35-225,1990,17,16,1347,15.0,0.0,0.07,0.07,0.0,0.0,0.0,0.13,0.07,0.03,0.03,0.05,0.08,0.4,3.0,0.2,0.07,0.08,0.08,Matches,2025,15.0,58.5,65.3,89.6,1076.3,445.7,0.07,0.07,0.02,0.4,4.67,0.33,0.0,0.0,0.27,0.07,25.0,0.27,0.07,0.0,0.0,15.3,0.0,0.0,0.0,0.12,-0.03,-0.03,76.0,11.5,38.4,35.8,1.93,0.6,76.0,0.07,100.0,0.0,0.0,42.5,0.0,0.4,0.07,54.2,1.8,1.33,74.1,0.47,1.6,0.47,0.73,2.53,5.13,0.2,0.73,0.73,0.0,0.0,0.07,0.13,0.13,0.0,0.8,0.33,0.0,0.0,0.73,1.33,0.0,0.0,0.0,3.07,1.07,55.2,,,,,,,,,,,,,,,,,
Kaick,br BRA,MF,FC Dallas,20-005,2005,27,21,1662,18.5,0.11,0.0,0.11,0.11,0.0,0.0,0.38,0.05,0.05,0.05,0.06,0.11,0.86,4.97,1.62,0.11,0.11,0.11,Matches,2025,18.5,32.3,39.9,80.9,518.2,185.7,0.0,0.1,-0.06,0.76,3.95,0.76,0.11,0.11,0.81,0.22,26.7,0.81,0.22,0.13,0.5,22.9,0.0,0.0,0.0,0.06,0.06,0.06,50.2,2.05,12.9,27.6,10.3,0.76,50.2,0.59,57.9,0.27,26.3,27.1,0.05,1.68,1.35,32.8,2.49,1.68,45.5,1.62,1.14,0.81,1.14,3.62,1.24,0.11,2.0,2.0,0.0,0.11,0.0,0.11,0.11,0.0,1.68,2.54,0.0,0.65,1.14,1.68,0.0,0.0,0.0,5.68,0.22,25.0,,,,,,,,,,,,,,,,,
Kei Kamara,sl SLE,FW,FC Cincinnati,41-094,1984,19,8,786,8.7,0.0,0.0,0.0,0.0,0.0,0.0,0.23,0.0,0.18,0.18,0.2,0.38,1.61,1.15,4.94,0.0,0.38,0.38,Matches,2025,8.7,15.5,21.3,73.0,209.9,30.8,0.0,0.07,-0.2,1.03,0.8,0.34,0.0,0.0,1.61,0.34,21.4,1.6,0.34,0.0,0.0,16.3,0.0,0.0,0.0,0.11,-0.18,-0.18,31.7,1.38,2.64,16.8,13.0,3.33,31.7,1.15,47.6,1.26,52.4,18.4,0.46,2.99,1.84,27.0,0.46,0.23,60.0,0.23,0.46,0.46,0.0,0.46,1.38,0.0,2.07,2.06,0.11,0.11,0.0,0.23,0.23,0.0,0.8,1.72,0.92,0.23,0.0,0.23,0.0,0.0,0.0,1.95,4.02,64.8,,,,,,,,,,,,,,,,,
Bernard Kamungo,us USA,"DF,FW",FC Dallas,23-337,2002,28,16,1576,17.5,0.11,0.06,0.17,0.11,0.0,0.0,0.17,0.0,0.21,0.21,0.06,0.27,2.74,2.0,6.11,0.17,0.27,0.27,Matches,2025,17.5,21.0,27.5,76.1,305.0,85.9,0.06,0.09,-0.01,0.8,1.31,0.97,0.34,0.11,1.66,0.57,34.5,1.66,0.57,0.07,0.2,16.7,0.0,0.0,0.0,0.13,-0.1,-0.1,38.5,1.66,8.51,14.5,16.4,3.14,38.5,1.71,57.7,1.09,36.5,21.1,1.14,2.34,1.03,23.4,1.26,0.74,40.0,0.86,0.69,0.63,0.8,2.06,0.8,0.0,2.51,2.51,0.34,0.17,0.0,0.11,0.11,0.0,0.91,1.49,0.34,1.66,0.8,0.74,0.0,0.0,0.0,4.34,0.34,33.3,,,,,,,,,,,,,,,,,
Bibi Karamoko,us USA,FW,D.C. United,20-033,2005,1,0,20,0.2,0.0,0.0,0.0,0.0,0.0,0.0,5.0,0.0,0.0,0.0,0.0,0.0,0.0,0.0,15.0,0.0,0.11,0.11,Matches,2025,0.2,15.0,25.0,60.0,155.0,0.0,0.0,0.0,0.0,5.0,0.0,0.0,0.0,0.0,0.0,0.0,,0.0,0.0,,,,0.0,0.0,0.0,,0.0,0.0,35.0,0.0,0.0,10.0,25.0,0.0,35.0,0.0,,0.0,,15.0,0.0,10.0,0.0,30.0,0.0,0.0,,0.0,0.0,0.0,0.0,0.0,0.0,0.0,10.0,9.0,0.0,0.0,0.0,0.0,0.0,0.0,10.0,0.0,0.0,0.0,0.0,0.0,0.0,0.0,0.0,0.0,5.0,33.3,,,,,,,,,,,,,,,,,
Alexandros Katranis,gr GRE,DF,Real Salt Lake,27-214,1998,29,23,1835,20.4,0.05,0.15,0.2,0.05,0.0,0.0,0.44,0.0,0.1,0.1,0.15,0.25,1.57,3.73,5.78,0.2,0.26,0.26,Matches,2025,20.4,38.0,53.3,71.4,641.8,208.1,0.15,0.2,-0.0,1.62,2.7,1.42,0.64,0.05,1.32,0.34,25.9,1.32,0.34,0.04,0.14,21.1,0.0,0.0,0.0,0.08,-0.05,-0.05,61.5,2.6,12.4,27.5,22.4,1.72,61.5,0.59,37.5,0.88,56.3,32.7,0.25,1.03,0.34,37.9,1.23,0.64,55.0,0.44,0.49,0.39,0.44,1.67,2.06,0.05,3.14,3.14,0.15,0.0,0.0,0.29,0.29,0.0,1.81,1.18,0.34,6.32,0.44,0.64,0.0,0.05,0.0,3.19,0.34,35.0,,,,,,,,,,,,,,,,,
Mark-Anthony Kaye,ca CAN,MF,SJ Earthquakes,31-002,1994,27,10,1017,11.3,0.09,0.18,0.27,0.09,0.0,0.0,0.44,0.0,0.12,0.12,0.05,0.17,1.06,5.13,1.77,0.27,0.17,0.17,Matches,2025,11.3,41.0,50.6,80.9,671.9,210.3,0.18,0.06,0.12,0.88,3.81,0.97,0.09,0.09,1.24,0.18,14.3,1.24,0.18,0.07,0.5,17.7,0.0,0.0,0.0,0.09,-0.03,-0.03,62.4,1.59,12.5,35.0,15.6,1.24,62.4,0.71,53.3,0.44,33.3,31.9,0.18,1.42,1.06,38.7,3.19,1.86,55.0,1.59,1.59,1.5,1.86,5.04,0.88,0.0,3.45,3.45,0.09,0.0,0.18,0.27,0.27,0.0,2.12,1.24,0.0,0.88,1.86,1.86,0.0,0.0,0.0,6.9,1.06,63.2,,,,,,,,,,,,,,,,,
Kim Kee-hee,kr KOR,DF,Seattle Sounders,36-144,1989,15,10,1035,11.5,0.0,0.0,0.0,0.0,0.0,0.0,0.26,0.0,0.02,0.02,0.01,0.02,0.17,2.52,0.09,0.0,0.02,0.02,Matches,2025,11.5,46.3,52.2,88.8,812.9,298.4,0.0,0.03,-0.01,0.17,2.78,0.0,0.0,0.0,0.26,0.0,0.0,0.26,0.0,0.0,,13.6,0.0,0.0,0.0,0.05,-0.02,-0.02,62.0,8.09,30.9,29.0,2.35,0.43,62.0,0.09,100.0,0.0,0.0,39.6,0.09,0.26,0.0,42.8,1.22,0.35,63.6,0.35,1.22,0.61,1.48,2.7,4.17,0.0,0.52,0.52,0.0,0.0,0.0,0.0,0.0,0.0,1.3,0.43,0.0,0.09,1.48,0.35,0.0,0.0,0.0,3.04,1.74,66.7,,,,,,,,,,,,,,,,,
Kevin Kelsy,ve VEN,FW,Portland Timbers,21-130,2004,33,17,1605,17.8,0.39,0.06,0.45,0.34,0.06,0.06,0.17,0.0,0.33,0.28,0.09,0.37,0.51,1.57,3.99,0.39,0.42,0.37,Matches,2025,17.8,14.2,19.2,74.0,196.5,36.2,0.06,0.05,-0.03,0.79,1.12,0.22,0.0,0.39,1.91,0.73,38.2,1.91,0.73,0.18,0.46,13.6,0.0,0.06,0.06,0.15,0.07,0.06,31.1,1.35,3.88,16.2,11.6,3.99,31.0,0.56,30.3,1.29,69.7,15.6,0.34,2.98,1.8,21.5,0.51,0.39,33.3,0.22,0.79,0.62,0.34,0.84,1.35,0.0,1.69,1.68,0.06,0.28,0.0,0.22,0.22,0.0,1.74,1.46,0.73,0.11,0.34,0.39,0.0,0.0,0.0,1.74,2.36,48.8,,,,,,,,,,,,,,,,,
Ryan Kent,eng ENG,"FW,MF",Seattle Sounders,29-023,1996,15,5,543,6.0,0.0,0.5,0.5,0.0,0.0,0.0,0.0,0.0,0.03,0.03,0.3,0.32,4.17,5.17,12.0,0.5,0.32,0.32,Matches,2025,6.0,41.2,50.5,81.5,601.7,120.5,0.5,0.32,0.2,2.17,1.83,2.33,0.5,0.0,0.67,0.0,0.0,0.66,0.0,0.0,,18.3,0.0,0.0,0.0,0.04,-0.03,-0.03,63.2,1.0,8.17,24.2,31.3,5.0,63.2,2.17,38.2,3.33,58.8,49.0,3.17,1.83,1.5,48.8,1.67,0.67,50.0,1.0,1.33,1.17,1.0,2.67,0.33,0.0,4.5,4.47,0.83,0.0,0.0,0.83,0.83,0.0,1.0,1.67,0.5,3.17,1.0,0.67,0.0,0.0,0.0,5.83,0.33,33.3,,,,,,,,,,,,,,,,,
Deandre Kerr,ca CAN,FW,Toronto FC,23-015,2002,20,8,879,9.8,0.41,0.0,0.41,0.41,0.0,0.0,0.1,0.0,0.22,0.22,0.05,0.27,1.02,1.02,3.78,0.41,0.27,0.27,Matches,2025,9.8,8.78,13.2,66.7,133.6,15.5,0.0,0.02,-0.05,0.31,0.82,0.1,0.0,0.41,1.12,0.71,63.6,1.13,0.72,0.36,0.57,11.1,0.0,0.0,0.0,0.2,0.18,0.18,24.0,0.31,1.33,11.7,11.1,3.57,24.0,0.51,27.8,1.22,66.7,14.3,0.51,3.98,1.53,18.9,0.71,0.61,66.7,0.1,0.41,0.41,0.2,0.92,0.2,0.0,1.12,1.13,0.1,0.41,0.0,0.0,0.0,0.0,1.43,2.24,0.61,0.2,0.2,0.61,0.0,0.0,0.0,1.02,2.35,31.9,,,,,,,,,,,,,,,,,
Henry Kessler,us USA,DF,St. Louis,27-162,1998,17,15,1374,15.3,0.0,0.07,0.07,0.0,0.0,0.0,0.13,0.0,0.02,0.02,0.03,0.05,0.33,2.03,0.13,0.07,0.05,0.05,Matches,2025,15.3,43.7,48.0,91.0,879.7,308.6,0.07,0.03,0.03,0.26,1.9,0.07,0.0,0.0,0.39,0.07,16.7,0.39,0.07,0.0,0.0,10.9,0.0,0.0,0.0,0.05,-0.02,-0.02,60.8,10.5,40.1,18.2,2.88,1.37,60.8,0.2,75.0,0.07,25.0,33.2,0.0,0.39,0.0,37.8,1.37,0.92,85.7,0.13,1.57,0.2,0.65,2.03,6.8,0.07,0.78,0.79,0.0,0.13,0.0,0.07,0.07,0.0,0.72,1.05,0.13,0.07,0.65,0.92,0.0,0.0,0.07,4.77,1.83,48.3,,,,,,,,,,,,,,,,,
Hosei Kijima,jp JPN,"MF,FW",D.C. United,23-156,2002,29,20,1593,17.7,0.11,0.0,0.11,0.11,0.0,0.0,0.0,0.0,0.06,0.06,0.07,0.13,1.81,3.33,4.01,0.11,0.13,0.13,Matches,2025,17.7,26.7,32.9,81.1,392.3,108.8,0.0,0.07,-0.07,0.9,2.82,0.79,0.06,0.11,0.73,0.23,30.8,0.73,0.23,0.15,0.5,16.8,0.0,0.0,0.0,0.08,0.06,0.06,44.8,1.07,8.36,23.1,14.4,1.92,44.8,1.58,49.1,1.53,47.4,26.7,0.34,1.86,1.47,29.6,1.64,0.9,48.6,1.02,1.75,1.64,0.85,2.49,1.19,0.17,2.03,2.04,0.23,0.06,0.0,0.0,0.0,0.0,1.02,1.36,0.17,0.34,0.85,0.9,0.0,0.0,0.0,4.75,0.23,16.7,,,,,,,,,,,,,,,,,
Benjamin Kikanovic,us USA,"DF,MF",SJ Earthquakes,25-332,2000,10,5,422,4.7,0.0,0.0,0.0,0.0,0.0,0.0,0.64,0.0,0.04,0.04,0.15,0.19,2.77,4.26,7.45,0.0,0.2,0.2,Matches,2025,4.7,43.0,57.0,75.4,606.0,208.5,0.0,0.21,-0.15,1.06,2.77,1.49,0.85,0.0,0.21,0.0,0.0,0.21,0.0,0.0,,13.3,0.0,0.0,0.0,0.2,-0.04,-0.04,69.8,4.89,16.2,31.3,23.0,1.91,69.8,0.64,27.3,1.49,63.6,37.4,0.21,1.28,0.21,41.5,1.49,1.28,50.0,1.28,1.06,1.06,1.06,2.55,3.19,0.0,1.91,1.92,0.0,0.21,0.0,0.0,0.0,0.0,1.28,1.28,0.0,4.68,1.06,1.28,0.0,0.0,0.0,4.26,1.49,38.9,,,,,,,,,,,,,,,,,
Peter Kingston,us USA,FW,Seattle Sounders,24-143,2001,1,0,11,0.1,0.0,0.0,0.0,0.0,0.0,0.0,0.0,0.0,0.0,0.0,0.0,0.0,10.0,10.0,20.0,0.0,0.0,0.0,Matches,2025,0.1,10.0,30.0,33.3,160.0,50.0,0.0,0.0,0.0,0.0,0.0,0.0,0.0,0.0,0.0,0.0,,0.0,0.0,,,,0.0,0.0,0.0,,0.0,0.0,60.0,0.0,10.0,30.0,20.0,10.0,60.0,0.0,,0.0,,40.0,0.0,10.0,0.0,40.0,0.0,0.0,,0.0,10.0,10.0,0.0,0.0,10.0,0.0,10.0,8.18,0.0,0.0,0.0,0.0,0.0,0.0,0.0,0.0,0.0,0.0,0.0,0.0,0.0,0.0,0.0,0.0,0.0,,,,,,,,,,,,,,,,,,
Klauss,br BRA,FW,St. Louis,28-278,1997,33,29,2411,26.8,0.37,0.07,0.45,0.37,0.0,0.0,0.15,0.0,0.42,0.42,0.15,0.57,0.97,2.57,4.85,0.45,0.57,0.57,Matches,2025,26.8,16.3,22.6,72.3,227.5,55.6,0.07,0.15,-0.08,1.19,1.34,0.82,0.04,0.37,3.73,1.19,32.0,3.73,1.19,0.1,0.31,14.1,0.0,0.0,0.0,0.11,-0.04,-0.04,33.7,1.34,2.95,15.4,15.6,5.9,33.7,0.67,43.9,0.75,48.8,16.6,0.6,1.75,1.27,22.9,0.93,0.6,47.1,0.34,0.67,0.56,0.3,1.23,1.16,0.0,3.17,3.17,0.11,0.15,0.0,0.37,0.37,0.0,1.23,1.19,0.3,0.34,0.3,0.6,0.0,0.0,0.0,1.9,3.02,63.8,,,,,,,,,,,,,,,,,
Eric Klein,us USA,MF,NE Revolution,19-014,2006,2,0,2,0.0,0.0,0.0,0.0,0.0,0.0,0.0,0.0,0.0,0.0,0.0,0.0,0.0,0.0,0.0,0.0,0.0,0.0,0.0,Matches,2025,0.0,2.0,5.0,40.0,20.0,15.0,0.0,0.0,0.0,0.0,0.0,0.0,0.0,0.0,0.0,0.0,,0.0,0.0,,,,0.0,0.0,0.0,,0.0,0.0,5.0,0.0,2.0,3.0,0.0,0.0,5.0,0.0,,0.0,,2.0,0.0,0.0,1.0,3.0,0.0,0.0,,0.0,0.0,0.0,0.0,0.0,0.0,0.0,0.0,0.0,0.0,0.0,0.0,0.0,0.0,0.0,0.0,0.0,0.0,0.0,0.0,0.0,0.0,0.0,0.0,2.0,0.0,,,,,,,,,,,,,,,,,,
Mateusz Klich,pl POL,MF,Atlanta Utd,35-174,1990,16,9,795,8.8,0.0,0.11,0.11,0.0,0.0,0.0,0.45,0.0,0.03,0.03,0.13,0.16,0.8,5.8,3.3,0.11,0.16,0.16,Matches,2025,8.8,55.5,64.7,85.8,902.7,315.5,0.11,0.11,-0.01,1.25,6.93,1.02,0.11,0.0,0.8,0.23,28.6,0.79,0.23,0.0,0.0,26.2,0.0,0.0,0.0,0.04,-0.03,-0.03,71.5,0.91,14.1,43.9,14.1,1.02,71.5,0.23,40.0,0.34,60.0,41.6,0.0,1.25,0.57,51.5,1.82,0.91,29.4,1.36,0.57,0.57,1.14,2.95,0.68,0.0,1.82,1.81,0.0,0.0,0.0,0.11,0.11,0.0,1.48,1.14,0.0,0.57,1.14,0.91,0.0,0.0,0.0,6.14,0.34,60.0,,,,,,,,,,,,,,,,,
Žan Kolmanič,si SVN,"DF,MF",Austin,25-276,2000,25,5,732,8.1,0.12,0.12,0.25,0.12,0.0,0.0,0.25,0.0,0.02,0.02,0.27,0.28,2.47,2.59,7.41,0.25,0.29,0.29,Matches,2025,8.1,36.4,52.5,69.4,674.1,245.9,0.12,0.3,-0.15,2.1,2.84,1.48,0.86,0.12,0.62,0.25,40.0,0.61,0.25,0.2,0.5,23.9,0.0,0.0,0.0,0.04,0.1,0.1,62.1,3.09,17.8,24.9,20.2,0.86,62.1,0.37,30.0,0.86,70.0,29.8,0.12,0.49,0.25,35.4,1.73,0.99,85.7,0.12,1.11,0.49,0.86,2.59,3.58,0.12,3.21,3.2,0.0,0.0,0.0,0.12,0.12,0.0,0.25,0.49,0.37,8.77,0.86,0.99,0.0,0.0,0.0,3.7,0.12,14.3,,,,,,,,,,,,,,,,,
Rominigue Kouamé,ml MLI,MF,Chicago Fire,28-352,1996,18,6,564,6.3,0.48,0.16,0.63,0.48,0.0,0.0,0.16,0.0,0.22,0.22,0.1,0.32,2.86,5.71,1.43,0.64,0.32,0.32,Matches,2025,6.3,46.8,51.3,91.3,791.7,225.2,0.16,0.06,0.06,0.63,5.08,0.48,0.0,0.48,1.75,0.95,54.5,1.76,0.96,0.27,0.5,22.3,0.0,0.0,0.0,0.12,0.25,0.25,60.8,2.22,14.0,33.2,14.0,1.11,60.8,0.95,40.0,1.27,53.3,39.5,0.48,0.63,1.75,47.3,0.95,0.48,100.0,0.0,0.63,0.63,1.27,2.22,1.27,0.0,2.06,2.07,0.32,0.0,0.0,0.63,0.64,0.0,1.59,1.43,0.0,0.32,1.27,0.48,0.0,0.0,0.0,3.81,0.32,40.0,,,,,,,,,,,,,,,,,
Sebastian Kowalczyk,pl POL,"FW,MF",Houston Dynamo,27-104,1998,29,16,1498,16.6,0.06,0.06,0.12,0.06,0.0,0.0,0.24,0.0,0.1,0.1,0.07,0.17,2.29,3.67,7.65,0.12,0.17,0.17,Matches,2025,16.6,30.5,36.7,83.3,420.2,96.7,0.06,0.13,-0.01,0.96,1.81,1.2,0.36,0.06,1.33,0.42,31.8,1.32,0.42,0.05,0.14,19.6,0.06,0.0,0.0,0.07,-0.04,-0.04,46.1,1.14,6.14,18.5,21.8,3.13,46.1,0.24,17.4,1.02,73.9,29.6,0.78,1.57,0.78,35.0,1.33,0.96,34.5,1.14,1.33,1.33,0.42,1.75,0.78,0.0,3.19,3.19,0.06,0.54,0.0,0.3,0.3,0.0,1.63,2.17,0.06,1.69,0.42,0.96,0.0,0.0,0.0,3.31,0.24,30.8,,,,,,,,,,,,,,,,,
Damir Kreilach,hr CRO,"FW,MF",Vancouver W'caps,36-232,1989,4,0,23,0.3,3.33,0.0,3.33,0.0,3.33,3.33,0.0,0.0,2.67,0.0,0.0,0.0,0.0,13.3,10.0,0.0,3.09,0.0,Matches,2025,0.3,43.3,56.7,76.5,570.0,206.7,0.0,0.0,0.0,0.0,16.7,0.0,0.0,3.33,0.0,0.0,,0.0,0.0,,,,0.0,3.33,3.33,,0.67,0.0,66.7,3.33,3.33,30.0,33.3,3.33,63.3,3.33,100.0,0.0,0.0,26.7,0.0,3.33,0.0,50.0,0.0,0.0,0.0,3.33,0.0,0.0,0.0,0.0,3.33,0.0,0.0,0.0,0.0,0.0,0.0,0.0,0.0,0.0,0.0,3.33,0.0,0.0,0.0,0.0,0.0,0.0,0.0,6.67,3.33,100.0,,,,,,,,,,,,,,,,,
Theodore Ku-Dipietro,us USA,"FW,MF",Colorado Rapids,23-310,2002,25,12,1142,12.7,0.08,0.16,0.24,0.08,0.0,0.0,0.16,0.0,0.2,0.2,0.12,0.31,2.91,4.25,6.77,0.24,0.31,0.31,Matches,2025,12.7,29.0,38.3,75.6,390.9,132.9,0.16,0.18,0.04,1.42,3.23,1.34,0.31,0.08,2.05,0.94,46.2,2.05,0.95,0.04,0.08,18.3,0.0,0.0,0.0,0.09,-0.12,-0.12,50.6,0.79,5.91,20.6,24.9,3.39,50.6,1.5,38.0,2.13,54.0,33.9,1.02,2.05,1.57,39.3,0.94,0.55,41.7,0.55,1.18,0.94,0.79,1.73,0.39,0.0,3.46,3.47,0.08,0.16,0.24,0.55,0.55,0.0,0.39,1.5,0.24,1.97,0.79,0.55,0.08,0.0,0.0,3.94,0.16,16.7,,,,,,,,,,,,,,,,,
Yuya Kubo,jp JPN,"MF,FW",FC Cincinnati,31-345,1993,14,7,659,7.3,0.14,0.0,0.14,0.14,0.0,0.0,0.14,0.0,0.19,0.19,0.04,0.23,3.42,3.84,6.44,0.14,0.23,0.23,Matches,2025,7.3,27.8,34.2,81.2,473.7,116.2,0.0,0.07,-0.04,0.82,3.42,0.96,0.14,0.14,2.47,1.1,44.4,2.46,1.09,0.06,0.13,16.8,0.0,0.0,0.0,0.08,-0.05,-0.05,47.4,0.82,4.66,23.6,19.6,3.42,47.4,0.68,29.4,1.51,64.7,29.3,1.1,2.74,1.78,34.2,1.51,0.55,62.5,0.41,0.96,0.82,0.27,1.78,0.82,0.0,2.19,2.19,0.0,0.0,0.0,0.14,0.14,0.0,1.64,0.82,0.68,0.96,0.27,0.55,0.0,0.0,0.0,3.84,0.68,31.3,,,,,,,,,,,,,,,,,
Willy Kumado,gh GHA,DF,San Diego FC,23-049,2002,19,7,762,8.5,0.0,0.0,0.0,0.0,0.0,0.0,0.24,0.0,0.0,0.0,0.05,0.05,2.59,2.35,8.35,0.0,0.05,0.05,Matches,2025,8.5,48.6,59.8,81.3,800.0,176.1,0.0,0.06,-0.05,0.82,2.12,0.82,0.47,0.0,0.12,0.0,0.0,0.12,0.0,0.0,,17.0,0.0,0.0,0.0,0.02,0.0,0.0,68.1,3.29,17.5,29.3,21.8,1.53,68.1,0.59,45.5,0.71,54.5,37.2,0.35,1.06,0.12,44.6,1.88,1.29,75.0,0.35,1.06,0.71,0.35,2.24,2.94,0.12,1.88,1.89,0.12,0.0,0.0,0.59,0.59,0.0,1.06,0.82,0.24,3.29,0.35,1.29,0.0,0.12,0.0,4.12,0.35,25.0,,,,,,,,,,,,,,,,,
Luca de la Torre,us USA,MF,San Diego FC,27-195,1998,30,24,2116,23.5,0.21,0.04,0.26,0.21,0.0,0.0,0.17,0.0,0.09,0.09,0.06,0.16,2.85,5.91,5.45,0.26,0.16,0.16,Matches,2025,23.5,38.4,46.6,82.5,522.9,154.1,0.04,0.08,-0.02,0.94,4.47,1.06,0.0,0.21,1.02,0.38,37.5,1.02,0.38,0.21,0.56,17.6,0.0,0.0,0.0,0.09,0.12,0.12,54.5,0.68,7.19,28.0,19.9,2.38,54.5,0.68,55.2,0.51,41.4,33.7,0.47,1.83,1.28,42.4,1.32,0.72,38.2,0.89,1.19,0.94,0.26,1.57,0.34,0.13,2.43,2.42,0.0,0.0,0.0,0.21,0.21,0.0,1.62,0.43,0.04,1.49,0.26,0.72,0.0,0.0,0.0,4.68,0.3,38.9,,,,,,,,,,,,,,,,,
Mathías Laborda,uy URU,DF,Vancouver W'caps,26-080,1999,28,25,2181,24.2,0.21,0.04,0.25,0.21,0.0,0.0,0.21,0.04,0.19,0.19,0.12,0.31,1.2,4.96,2.56,0.25,0.31,0.31,Matches,2025,24.2,50.8,58.1,87.5,923.7,281.0,0.04,0.07,-0.07,0.74,4.3,0.87,0.37,0.21,1.4,0.29,20.6,1.4,0.29,0.15,0.71,8.7,0.0,0.0,0.0,0.14,0.01,0.01,69.3,3.55,22.7,35.9,11.2,2.44,69.3,0.12,18.8,0.5,75.0,38.9,0.12,1.12,0.25,45.8,2.36,1.32,66.0,0.74,1.32,0.91,1.03,3.39,3.1,0.04,1.53,1.53,0.0,0.08,0.04,0.25,0.25,0.0,1.53,0.7,0.04,1.4,1.03,1.32,0.04,0.0,0.0,3.68,2.15,62.7,,,,,,,,,,,,,,,,,
Luca Langoni,ar ARG,"FW,MF",NE Revolution,23-298,2002,27,19,1633,18.1,0.11,0.11,0.22,0.11,0.0,0.0,0.22,0.0,0.17,0.17,0.16,0.33,2.87,2.43,7.96,0.22,0.33,0.33,Matches,2025,18.1,22.2,29.9,74.0,335.9,76.9,0.11,0.15,-0.05,1.55,1.44,0.72,0.39,0.11,1.49,0.5,33.3,1.49,0.5,0.07,0.22,19.6,0.0,0.0,0.0,0.11,-0.06,-0.06,40.1,1.1,5.03,15.9,20.0,2.87,40.1,1.33,42.9,1.55,50.0,26.1,0.88,1.49,1.05,28.2,0.99,0.61,29.4,0.66,0.77,0.66,0.61,1.6,1.1,0.06,2.98,2.98,0.17,0.28,0.06,0.22,0.22,0.0,1.1,1.33,0.17,3.7,0.61,0.61,0.0,0.0,0.0,3.76,0.11,20.0,,,,,,,,,,,,,,,,,
Lassi Lappalainen,fi FIN,"DF,MF",Columbus Crew,27-102,1998,17,5,398,4.4,0.23,0.91,1.14,0.23,0.0,0.0,0.0,0.0,0.18,0.18,0.32,0.5,3.64,5.68,13.4,1.13,0.49,0.49,Matches,2025,4.4,40.0,50.2,79.6,578.4,172.5,0.91,0.27,0.59,1.82,1.36,3.64,0.91,0.23,2.27,0.45,20.0,2.26,0.45,0.1,0.5,14.0,0.0,0.0,0.0,0.08,0.05,0.05,65.2,0.91,7.95,20.7,36.8,5.91,65.2,1.36,37.5,1.82,50.0,36.1,1.36,2.27,2.5,43.4,2.27,0.91,58.3,1.14,0.68,0.68,1.14,3.41,1.36,0.0,3.41,3.39,0.23,0.45,0.0,0.91,0.9,0.0,1.14,0.68,0.23,2.73,1.14,0.91,0.0,0.0,0.0,4.77,0.91,44.4,,,,,,,,,,,,,,,,,
Oliver Larraz,us USA,MF,Colorado Rapids,24-079,2001,33,26,2217,24.6,0.0,0.12,0.12,0.0,0.0,0.0,0.12,0.0,0.05,0.05,0.13,0.17,0.81,4.27,2.52,0.12,0.17,0.17,Matches,2025,24.6,37.2,44.1,84.4,578.0,166.2,0.12,0.16,-0.0,1.06,4.02,1.14,0.16,0.0,0.81,0.12,15.0,0.81,0.12,0.0,0.0,22.8,0.04,0.0,0.0,0.06,-0.05,-0.05,56.5,2.56,11.8,30.1,15.4,1.02,56.5,1.02,56.8,0.57,31.8,32.2,0.0,1.87,0.93,36.2,2.2,1.3,42.0,1.18,1.95,1.5,1.63,3.82,1.38,0.0,2.4,2.4,0.12,0.04,0.08,0.28,0.28,0.0,1.87,1.26,0.04,1.06,1.63,1.3,0.0,0.0,0.0,4.72,0.65,43.2,,,,,,,,,,,,,,,,,
Richie Laryea,ca CAN,"DF,MF",Toronto FC,30-331,1995,17,14,1251,13.9,0.07,0.07,0.14,0.07,0.0,0.0,0.29,0.0,0.04,0.04,0.07,0.11,2.59,2.73,3.17,0.14,0.11,0.11,Matches,2025,13.9,29.5,35.4,83.3,470.1,146.1,0.07,0.07,0.0,0.14,2.95,0.29,0.0,0.07,0.58,0.07,12.5,0.58,0.07,0.13,1.0,18.1,0.0,0.0,0.0,0.06,0.04,0.04,45.8,2.01,13.4,22.1,10.8,1.87,45.8,0.65,40.9,0.72,45.5,26.8,1.08,1.58,1.37,28.6,1.94,1.15,58.8,0.5,1.01,0.86,1.29,3.24,1.22,0.0,0.94,0.94,0.14,0.22,0.0,0.14,0.14,0.0,1.65,3.45,0.22,0.29,1.29,1.15,0.07,0.0,0.0,3.67,0.22,37.5,,,,,,,,,,,,,,,,,
Ariel Lassiter,cr CRC,"FW,MF",Portland Timbers,31-068,1994,21,4,531,5.9,0.0,0.17,0.17,0.0,0.0,0.0,0.34,0.0,0.05,0.05,0.1,0.15,5.42,3.73,9.66,0.17,0.15,0.15,Matches,2025,5.9,28.1,39.5,71.2,493.2,133.2,0.17,0.17,0.07,1.19,2.37,1.36,0.85,0.0,1.53,0.51,33.3,1.53,0.51,0.0,0.0,21.3,0.17,0.0,0.0,0.04,-0.05,-0.05,48.1,0.85,5.42,17.5,25.4,2.37,48.1,0.68,33.3,1.19,58.3,30.3,0.85,2.54,0.85,36.1,0.17,0.17,50.0,0.17,1.02,0.85,0.0,0.17,0.17,0.0,3.39,3.39,0.0,0.34,0.0,0.34,0.34,0.0,0.68,2.2,0.34,7.12,0.0,0.17,0.0,0.0,0.0,3.05,0.0,0.0,,,,,,,,,,,,,,,,,
Emmanuel Latte Lath,ci CIV,FW,Atlanta Utd,26-337,1999,30,25,2195,24.4,0.29,0.04,0.33,0.25,0.04,0.04,0.29,0.0,0.39,0.35,0.06,0.41,1.27,1.02,4.84,0.29,0.44,0.41,Matches,2025,24.4,10.7,15.6,68.8,137.2,23.4,0.04,0.05,-0.02,0.86,0.78,0.29,0.0,0.29,2.34,0.7,29.8,2.34,0.7,0.11,0.35,12.3,0.0,0.04,0.04,0.15,-0.1,-0.11,26.4,0.98,2.62,11.0,13.3,4.84,26.4,0.74,40.0,0.98,53.3,14.0,0.61,2.62,1.19,18.3,0.74,0.41,33.3,0.25,0.82,0.66,0.37,1.11,0.9,0.0,2.05,2.05,0.2,0.16,0.0,0.16,0.16,0.0,1.11,1.11,0.57,0.12,0.37,0.41,0.04,0.04,0.0,1.72,2.5,47.7,,,,,,,,,,,,,,,,,
Randall Leal,cr CRC,"MF,FW",D.C. United,28-324,1997,15,4,523,5.8,0.0,0.17,0.17,0.0,0.0,0.0,0.0,0.0,0.1,0.1,0.17,0.28,0.86,7.76,4.14,0.17,0.27,0.27,Matches,2025,5.8,39.7,52.8,75.2,683.6,253.8,0.17,0.17,0.0,1.72,4.48,2.24,0.17,0.0,2.41,0.86,35.7,2.41,0.86,0.0,0.0,26.1,0.0,0.0,0.0,0.04,-0.1,-0.1,63.3,0.86,7.76,31.2,24.5,1.03,63.3,0.86,41.7,1.03,50.0,40.5,0.0,1.21,1.72,46.6,1.38,1.03,50.0,1.21,0.69,0.69,0.69,2.07,0.86,0.0,3.79,3.79,0.34,0.17,0.17,0.17,0.17,0.0,1.38,2.59,0.0,4.48,0.69,1.03,0.0,0.0,0.0,4.66,0.52,42.9,,,,,,,,,,,,,,,,,
Tim Leibold,de GER,DF,Sporting KC,32-004,1993,19,11,871,9.7,0.1,0.21,0.31,0.1,0.0,0.0,0.62,0.0,0.08,0.08,0.27,0.34,2.78,3.61,5.46,0.31,0.35,0.35,Matches,2025,9.7,42.0,51.5,81.4,715.9,239.7,0.21,0.16,-0.06,1.55,3.4,1.44,0.93,0.1,1.03,0.21,20.0,1.03,0.21,0.1,0.5,18.9,0.1,0.0,0.0,0.08,0.02,0.02,62.1,3.3,13.8,27.4,21.2,1.55,62.1,0.21,25.0,0.41,50.0,33.2,0.21,1.44,0.31,38.5,1.75,1.34,33.3,1.24,1.03,0.82,1.34,3.09,2.68,0.0,2.27,2.27,0.1,0.0,0.0,0.41,0.41,0.0,1.75,1.75,0.31,5.15,1.34,1.34,0.0,0.0,0.0,3.92,0.62,60.0,,,,,,,,,,,,,,,,,
Brooks Lennon,us USA,DF,Atlanta Utd,28-073,1997,25,17,1556,17.3,0.06,0.17,0.23,0.06,0.0,0.0,0.12,0.0,0.08,0.08,0.19,0.27,2.49,2.95,6.76,0.23,0.27,0.27,Matches,2025,17.3,44.2,56.0,78.9,752.1,200.8,0.17,0.17,-0.02,1.21,2.54,1.27,0.87,0.06,0.46,0.17,37.5,0.46,0.17,0.13,0.33,15.4,0.0,0.0,0.0,0.17,-0.02,-0.02,65.0,3.01,17.2,26.7,21.2,1.91,65.0,0.29,35.7,0.46,57.1,33.8,0.46,0.87,0.35,40.9,1.1,0.64,27.3,0.46,1.04,0.87,0.69,1.79,2.95,0.06,2.14,2.14,0.0,0.12,0.0,0.23,0.23,0.0,0.98,1.21,0.06,5.9,0.69,0.64,0.0,0.06,0.0,3.12,1.1,50.0,,,,,,,,,,,,,,,,,
Tucker Lepley,us USA,"MF,FW",LA Galaxy,23-321,2002,16,6,558,6.2,0.0,0.16,0.16,0.0,0.0,0.0,0.32,0.0,0.16,0.16,0.13,0.29,1.77,3.55,6.29,0.16,0.3,0.3,Matches,2025,6.2,48.5,56.0,86.7,777.6,147.3,0.16,0.08,0.03,1.45,5.32,0.65,0.0,0.0,2.1,0.65,30.8,2.1,0.65,0.0,0.0,19.9,0.0,0.0,0.0,0.08,-0.16,-0.16,66.1,1.77,10.0,31.6,25.5,2.58,66.1,0.65,44.4,0.81,55.6,42.3,0.48,1.61,0.97,48.7,0.97,0.16,33.3,0.97,0.97,0.81,0.48,1.45,1.77,0.0,3.23,3.23,0.0,0.16,0.16,0.32,0.32,0.0,0.81,1.45,0.0,1.94,0.48,0.16,0.0,0.0,0.0,5.32,0.65,40.0,,,,,,,,,,,,,,,,,
Beau Leroux,us USA,MF,SJ Earthquakes,22-095,2003,33,25,2105,23.4,0.21,0.13,0.34,0.21,0.0,0.0,0.13,0.0,0.16,0.16,0.1,0.26,1.11,5.94,2.82,0.34,0.26,0.26,Matches,2025,23.4,41.1,50.0,82.2,651.8,208.8,0.13,0.1,0.03,0.94,4.36,0.9,0.13,0.21,1.67,0.77,46.2,1.67,0.77,0.13,0.28,19.4,0.0,0.0,0.0,0.1,0.05,0.05,63.9,2.26,13.2,34.7,17.1,2.18,63.9,1.24,44.6,1.41,50.8,36.5,0.64,2.18,1.97,42.9,2.56,1.45,71.4,0.51,1.07,0.98,1.45,4.02,1.58,0.04,2.99,2.99,0.13,0.21,0.13,0.43,0.43,0.0,0.77,1.15,0.04,0.85,1.45,1.45,0.04,0.0,0.0,6.75,1.03,52.2,,,,,,,,,,,,,,,,,
Danny Leyva,us USA,"MF,FW",Seattle Sounders,22-213,2003,16,6,705,7.8,0.0,0.26,0.26,0.0,0.0,0.0,0.26,0.0,0.05,0.05,0.14,0.19,1.41,6.79,3.59,0.26,0.2,0.2,Matches,2025,7.8,70.6,82.8,85.3,1047.7,301.5,0.26,0.21,0.12,1.92,7.56,1.67,0.38,0.0,1.54,0.13,8.3,1.53,0.13,0.0,0.0,26.1,0.26,0.0,0.0,0.03,-0.05,-0.05,92.4,2.05,14.5,51.3,27.1,1.03,92.4,0.77,46.2,0.77,46.2,56.3,0.13,1.54,1.28,74.1,1.28,0.77,50.0,0.51,1.15,1.03,0.77,2.05,1.03,0.13,4.62,4.6,0.13,0.38,0.13,0.64,0.64,0.0,1.03,3.59,0.0,3.85,0.77,0.77,0.13,0.0,0.0,5.64,0.64,41.7,,,,,,,,,,,,,,,,,
Nick Lima,us USA,"MF,DF",SJ Earthquakes,31-017,1994,11,4,451,5.0,0.0,0.0,0.0,0.0,0.0,0.0,0.2,0.0,0.04,0.04,0.3,0.34,1.2,2.8,6.0,0.0,0.33,0.33,Matches,2025,5.0,41.2,53.6,76.9,738.4,238.8,0.0,0.14,-0.3,1.8,2.4,1.8,1.2,0.0,0.8,0.0,0.0,0.8,0.0,0.0,,18.7,0.0,0.0,0.0,0.05,-0.04,-0.04,64.4,3.8,17.0,28.8,19.2,0.8,64.4,1.0,45.5,1.2,54.5,30.6,0.0,1.8,1.0,37.2,1.6,1.0,53.8,1.2,1.6,1.2,1.0,2.6,2.4,0.0,3.2,3.19,0.0,0.0,0.0,0.0,0.0,0.0,2.4,1.4,0.0,4.0,1.0,1.0,0.0,0.0,0.0,3.8,2.0,76.9,,,,,,,,,,,,,,,,,
Ondřej Lingr,cz CZE,"FW,MF",Houston Dynamo,27-058,1998,26,22,1783,19.8,0.15,0.15,0.3,0.15,0.0,0.0,0.25,0.0,0.18,0.18,0.13,0.31,1.67,3.03,5.56,0.3,0.31,0.31,Matches,2025,19.8,23.7,27.9,85.1,349.2,76.2,0.15,0.11,0.02,1.31,1.36,0.96,0.35,0.15,1.97,0.4,20.5,1.97,0.4,0.08,0.38,13.6,0.0,0.0,0.0,0.09,-0.03,-0.03,36.4,0.4,3.13,16.6,17.1,2.93,36.4,0.45,27.3,1.01,60.6,24.3,0.45,1.62,1.41,27.9,0.91,0.45,50.0,0.4,0.3,0.3,0.15,1.06,0.61,0.0,2.73,2.73,0.0,0.2,0.0,0.35,0.35,0.0,1.67,1.92,0.2,1.92,0.15,0.45,0.0,0.0,0.0,2.63,0.91,50.0,,,,,,,,,,,,,,,,,
Sebastian Lletget,us USA,MF,FC Dallas,33-092,1992,20,14,1143,12.7,0.08,0.16,0.24,0.08,0.0,0.0,0.08,0.0,0.1,0.1,0.12,0.22,1.02,3.78,2.44,0.24,0.22,0.22,Matches,2025,12.7,36.1,41.3,87.4,527.4,155.9,0.16,0.11,0.04,0.87,2.76,0.87,0.39,0.08,0.79,0.31,40.0,0.79,0.31,0.1,0.25,10.4,0.0,0.0,0.0,0.13,-0.02,-0.02,51.1,2.91,13.6,24.9,13.0,2.2,51.1,0.31,28.6,0.79,71.4,23.7,0.24,1.42,0.63,33.9,1.26,0.71,53.8,0.47,0.94,0.55,0.79,2.05,2.05,0.0,2.44,2.44,0.0,0.0,0.0,0.31,0.31,0.0,0.87,0.87,0.08,2.13,0.79,0.71,0.0,0.0,0.0,3.15,0.47,35.3,,,,,,,,,,,,,,,,,
Saba Lobzhanidze,ge GEO,"FW,DF",Atlanta Utd,30-351,1994,33,23,1931,21.5,0.0,0.23,0.23,0.0,0.0,0.0,0.0,0.0,0.19,0.19,0.26,0.44,3.77,1.91,10.2,0.23,0.45,0.45,Matches,2025,21.5,19.6,28.7,68.3,280.3,70.1,0.23,0.27,-0.03,1.81,0.47,0.79,0.19,0.0,1.77,0.51,28.9,1.77,0.51,0.0,0.0,15.4,0.14,0.0,0.0,0.1,-0.19,-0.19,37.5,0.42,4.09,9.81,23.9,5.81,37.5,0.6,33.3,1.21,66.7,24.0,2.28,2.42,0.51,26.1,0.74,0.42,35.0,0.6,0.42,0.42,0.28,1.02,0.28,0.09,3.02,3.03,0.19,0.05,0.0,0.37,0.37,0.0,0.19,0.47,0.28,5.07,0.28,0.42,0.0,0.0,0.0,2.51,0.09,16.7,,,,,,,,,,,,,,,,,
Robin Lod,fi FIN,"MF,FW",Minnesota Utd,32-231,1993,33,28,2454,27.3,0.18,0.11,0.29,0.15,0.04,0.04,0.15,0.0,0.13,0.1,0.18,0.28,0.81,3.74,3.59,0.26,0.31,0.28,Matches,2025,27.3,32.2,38.3,84.0,474.4,149.7,0.11,0.16,-0.07,1.06,3.0,0.81,0.07,0.18,1.1,0.51,46.7,1.1,0.51,0.13,0.29,16.8,0.0,0.04,0.04,0.09,0.05,0.04,48.4,1.87,11.7,24.3,12.9,2.49,48.4,0.73,44.4,0.81,48.9,24.1,0.37,1.5,0.92,30.2,2.09,1.17,49.1,1.03,0.81,0.66,0.88,2.97,0.99,0.04,2.64,2.64,0.26,0.11,0.04,0.37,0.37,0.0,1.25,0.77,0.07,0.59,0.88,1.17,0.0,0.0,0.0,4.69,0.73,60.6,,,,,,,,,,,,,,,,,
Nicolás Lodeiro,uy URU,"FW,MF",Houston Dynamo,36-258,1989,16,6,580,6.4,0.16,0.16,0.31,0.16,0.0,0.0,0.0,0.0,0.05,0.05,0.23,0.28,2.5,7.34,7.66,0.31,0.27,0.27,Matches,2025,6.4,50.2,65.6,76.4,663.9,185.9,0.16,0.23,-0.08,2.03,4.22,2.19,0.31,0.16,0.94,0.31,33.3,0.93,0.31,0.17,0.5,19.5,0.0,0.0,0.0,0.05,0.11,0.11,77.3,1.09,9.53,38.0,30.9,3.59,77.3,0.78,50.0,0.78,50.0,46.9,0.78,3.28,1.56,58.3,1.56,1.41,35.3,1.72,1.41,1.25,0.31,1.88,0.47,0.0,4.38,4.34,0.0,0.94,0.16,0.31,0.31,0.0,2.03,3.28,0.0,5.16,0.31,1.41,0.0,0.0,0.0,5.16,0.94,42.9,,,,,,,,,,,,,,,,,
Jasper Löffelsend,de GER,DF,San Diego FC,28-085,1997,13,7,600,6.7,0.0,0.15,0.15,0.0,0.0,0.0,0.0,0.0,0.03,0.03,0.16,0.19,3.13,4.33,6.72,0.15,0.19,0.19,Matches,2025,6.7,44.5,55.4,80.3,646.0,208.5,0.15,0.21,-0.01,1.34,2.99,2.09,0.45,0.0,0.45,0.0,0.0,0.45,0.0,0.0,,16.4,0.0,0.0,0.0,0.07,-0.03,-0.03,66.7,2.84,16.6,27.2,23.7,3.13,66.7,0.15,16.7,0.75,83.3,35.5,0.6,1.94,0.45,40.9,3.28,2.24,57.1,1.34,0.9,0.9,1.04,4.33,1.94,0.0,2.69,2.7,0.0,0.15,0.0,0.3,0.3,0.0,0.75,1.64,0.15,2.84,1.04,2.24,0.0,0.0,0.0,3.13,0.75,50.0,,,,,,,,,,,,,,,,,
Aaron Long,us USA,DF,LAFC,33-053,1992,15,15,1271,14.1,0.07,0.0,0.07,0.07,0.0,0.0,0.0,0.0,0.06,0.06,0.01,0.06,0.43,4.04,0.14,0.07,0.07,0.07,Matches,2025,14.1,70.0,74.0,94.5,1309.4,488.4,0.0,0.02,-0.01,0.21,6.03,0.07,0.0,0.07,0.28,0.07,25.0,0.28,0.07,0.25,1.0,19.5,0.0,0.0,0.0,0.21,0.01,0.01,84.5,8.23,35.0,46.1,3.55,0.64,84.5,0.0,0.0,0.14,100.0,52.3,0.0,0.28,0.07,63.6,1.13,0.85,58.3,0.35,1.7,1.06,0.21,1.35,5.53,0.0,1.21,1.2,0.0,0.0,0.0,0.07,0.07,0.0,0.64,0.28,0.0,0.0,0.21,0.85,0.0,0.0,0.0,3.33,2.41,81.0,,,,,,,,,,,,,,,,,
Kevin Long,ie IRL,DF,Toronto FC,35-108,1990,24,23,1887,21.0,0.0,0.0,0.0,0.0,0.0,0.0,0.29,0.0,0.05,0.05,0.01,0.06,0.0,1.43,0.1,0.0,0.06,0.06,Matches,2025,21.0,37.9,45.4,83.5,790.5,289.4,0.0,0.03,-0.01,0.1,1.86,0.1,0.0,0.0,0.52,0.1,18.2,0.52,0.1,0.0,0.0,9.6,0.0,0.0,0.0,0.09,-0.05,-0.05,56.8,8.86,35.0,19.9,2.1,1.05,56.8,0.0,0.0,0.1,100.0,30.9,0.0,0.29,0.19,35.5,1.57,0.81,61.1,0.33,0.86,0.29,0.76,2.33,6.62,0.0,0.38,0.38,0.0,0.0,0.05,0.05,0.05,0.0,1.43,0.76,0.05,0.0,0.76,0.81,0.0,0.0,0.0,3.67,3.48,70.9,,,,,,,,,,,,,,,,,
Matthew Longstaff,eng ENG,"MF,FW",Toronto FC,25-258,2000,17,11,906,10.1,0.0,0.1,0.1,0.0,0.0,0.0,0.3,0.0,0.05,0.05,0.07,0.12,0.79,3.56,3.27,0.1,0.12,0.12,Matches,2025,10.1,42.1,51.0,82.5,685.1,156.5,0.1,0.09,0.03,1.09,2.97,0.5,0.0,0.0,0.89,0.3,33.3,0.89,0.3,0.0,0.0,20.9,0.0,0.0,0.0,0.05,-0.05,-0.05,59.8,2.18,13.5,30.8,16.6,2.28,59.8,0.2,33.3,0.4,66.7,30.4,0.1,0.69,0.4,39.6,2.28,1.68,55.0,0.89,0.99,0.89,1.19,3.47,1.29,0.0,2.38,2.38,0.0,0.0,0.1,0.2,0.2,0.0,0.89,1.39,0.0,1.68,1.19,1.68,0.0,0.0,0.0,5.84,0.89,50.0,,,,,,,,,,,,,,,,,
Matthew Longstaff,eng ENG,MF,CF Montréal,25-258,2000,8,6,586,6.5,0.0,0.15,0.15,0.0,0.0,0.0,0.0,0.0,0.05,0.05,0.2,0.23,0.62,4.77,2.62,0.15,0.24,0.24,Matches,2025,6.5,43.5,50.9,85.5,797.4,240.6,0.15,0.15,-0.05,1.08,3.69,0.62,0.0,0.0,0.46,0.15,33.3,0.46,0.15,0.0,0.0,17.5,0.0,0.0,0.0,0.09,-0.05,-0.05,55.8,1.69,12.8,32.5,11.1,1.23,55.8,0.15,33.3,0.31,66.7,33.7,0.0,0.62,0.77,42.5,0.92,0.31,42.9,0.62,0.31,0.31,0.46,1.38,1.23,0.0,2.62,2.61,0.0,0.0,0.0,0.15,0.15,0.0,0.31,0.46,0.0,0.77,0.46,0.31,0.0,0.0,0.0,4.31,1.08,58.3,,,,,,,,,,,,,,,,,
Antino Lopez,us USA,MF,Seattle Sounders,23-197,2002,1,0,1,0.0,0.0,0.0,0.0,0.0,0.0,0.0,0.0,0.0,0.0,0.0,0.0,0.0,0.0,0.0,0.0,0.0,0.0,0.0,Matches,2025,0.0,0.0,0.0,,0.0,0.0,0.0,0.0,0.0,0.0,0.0,0.0,0.0,0.0,0.0,0.0,,0.0,0.0,,,,0.0,0.0,0.0,,0.0,0.0,0.0,0.0,0.0,0.0,0.0,0.0,0.0,0.0,,0.0,,0.0,0.0,0.0,0.0,0.0,0.0,0.0,,0.0,0.0,0.0,0.0,0.0,0.0,0.0,0.0,0.0,0.0,0.0,0.0,0.0,0.0,0.0,0.0,0.0,0.0,0.0,0.0,0.0,0.0,0.0,0.0,0.0,0.0,,,,,,,,,,,,,,,,,,
Hernán López Muñoz,ar ARG,"MF,FW",SJ Earthquakes,25-088,2000,5,4,252,2.8,0.0,0.0,0.0,0.0,0.0,0.0,0.71,0.36,0.11,0.11,0.14,0.25,3.57,3.57,6.07,0.0,0.27,0.27,Matches,2025,2.8,17.1,30.4,56.5,315.0,134.3,0.0,0.11,-0.14,1.43,3.21,1.43,1.07,0.0,2.86,1.07,37.5,2.86,1.07,0.0,0.0,25.3,0.0,0.0,0.0,0.04,-0.11,-0.11,48.2,0.71,5.71,20.7,22.5,1.79,48.2,2.86,53.3,2.5,46.7,30.0,0.71,3.93,3.93,33.6,1.07,1.07,0.0,0.71,1.07,1.07,1.07,2.14,1.07,0.0,4.64,4.64,0.36,0.71,0.36,0.36,0.36,0.36,2.86,3.57,0.36,6.07,1.07,1.07,0.0,0.0,0.0,3.21,0.36,50.0,,,,,,,,,,,,,,,,,
Victor Loturi,ca CAN,MF,CF Montréal,24-197,2001,34,27,2506,27.8,0.07,0.0,0.07,0.07,0.0,0.0,0.25,0.0,0.06,0.06,0.05,0.12,0.83,4.75,1.98,0.07,0.12,0.12,Matches,2025,27.8,36.8,42.8,86.0,578.0,145.6,0.0,0.05,-0.05,0.79,4.32,0.58,0.0,0.07,0.43,0.25,58.3,0.43,0.25,0.17,0.29,17.8,0.0,0.0,0.0,0.14,0.01,0.01,52.1,2.01,12.6,30.6,9.5,0.9,52.1,0.86,48.0,0.76,42.0,27.7,0.14,1.33,1.51,34.7,1.69,1.04,52.3,0.76,0.97,0.5,1.01,2.7,1.69,0.04,2.01,2.01,0.11,0.07,0.04,0.11,0.11,0.0,1.33,1.83,0.07,0.29,1.01,1.04,0.0,0.0,0.0,4.35,0.72,36.4,,,,,,,,,,,,,,,,,
Daniel Lovitz,us USA,DF,Nashville SC,34-099,1991,31,30,2721,30.2,0.07,0.2,0.26,0.07,0.0,0.0,0.17,0.0,0.02,0.02,0.11,0.12,2.28,3.94,3.31,0.26,0.12,0.12,Matches,2025,30.2,41.7,54.0,77.1,777.6,283.8,0.2,0.09,0.09,0.7,3.11,1.29,0.33,0.07,0.4,0.1,25.0,0.4,0.1,0.17,0.67,19.1,0.0,0.0,0.0,0.04,0.05,0.05,62.6,3.08,19.9,29.1,14.2,0.6,62.6,0.46,48.3,0.46,48.3,32.3,0.07,0.56,0.23,39.1,2.25,1.46,58.5,0.73,0.63,0.5,1.23,3.48,2.55,0.03,1.75,1.75,0.07,0.03,0.03,0.26,0.26,0.0,1.32,0.36,0.1,1.82,1.23,1.46,0.0,0.03,0.0,3.44,0.73,44.9,,,,,,,,,,,,,,,,,
Eduard Löwen,de GER,MF,St. Louis,28-310,1997,19,16,1398,15.5,0.39,0.19,0.58,0.19,0.19,0.19,0.39,0.06,0.34,0.19,0.23,0.41,2.39,8.9,1.61,0.39,0.57,0.41,Matches,2025,15.5,55.3,68.0,81.3,1068.4,390.4,0.19,0.2,-0.03,2.0,7.03,1.94,0.45,0.39,2.52,0.71,28.2,2.51,0.71,0.08,0.27,25.0,0.58,0.19,0.19,0.07,0.05,0.01,79.0,2.13,19.9,39.0,20.5,2.19,78.8,0.65,43.5,0.65,43.5,43.0,0.65,1.35,0.84,54.0,2.39,1.16,52.9,1.03,0.97,0.77,0.58,2.97,0.9,0.06,4.39,4.38,0.06,0.19,0.0,0.32,0.32,0.06,1.48,1.35,0.0,4.39,0.58,1.16,0.0,0.0,0.0,6.06,0.97,65.2,,,,,,,,,,,,,,,,,
Hirving Lozano,mx MEX,FW,San Diego FC,30-127,1995,27,22,1824,20.3,0.44,0.39,0.84,0.34,0.1,0.1,0.25,0.0,0.49,0.42,0.22,0.64,3.69,3.84,11.6,0.74,0.72,0.64,Matches,2025,20.3,25.7,36.8,69.9,415.8,130.0,0.39,0.24,0.17,1.77,1.82,2.12,0.49,0.44,4.38,1.23,28.1,4.39,1.23,0.08,0.28,20.5,0.25,0.1,0.1,0.1,-0.05,-0.07,51.8,0.25,3.15,18.4,31.1,4.93,51.7,1.97,44.9,2.02,46.1,33.4,1.77,3.05,1.92,40.0,1.28,0.74,36.8,0.59,0.99,0.89,0.34,1.63,0.15,0.0,4.53,4.54,0.54,0.44,0.1,0.74,0.74,0.0,1.82,2.86,0.79,5.02,0.34,0.74,0.0,0.0,0.0,2.61,0.54,57.9,,,,,,,,,,,,,,,,,
Gonzalo Luján,ar ARG,DF,Inter Miami,24-221,2001,26,21,1748,19.4,0.0,0.05,0.05,0.0,0.0,0.0,0.15,0.0,0.01,0.01,0.01,0.02,0.88,3.61,0.57,0.05,0.02,0.02,Matches,2025,19.4,57.6,63.1,91.3,1085.5,362.0,0.05,0.03,0.04,0.21,3.61,0.1,0.0,0.0,0.31,0.05,16.7,0.31,0.05,0.0,0.0,13.4,0.0,0.0,0.0,0.03,-0.01,-0.01,73.1,6.91,36.3,33.5,3.71,0.46,73.1,0.52,66.7,0.26,33.3,45.4,0.05,0.57,0.05,52.7,1.96,1.34,74.2,0.41,0.82,0.52,0.93,2.89,4.28,0.0,0.57,0.57,0.05,0.0,0.0,0.1,0.1,0.0,0.93,0.26,0.0,0.26,0.93,1.34,0.0,0.0,0.0,4.79,1.91,60.7,,,,,,,,,,,,,,,,,
Jovan Lukić,rs SRB,MF,Philadelphia Union,23-318,2002,32,30,2617,29.1,0.07,0.07,0.14,0.07,0.0,0.0,0.31,0.03,0.08,0.08,0.05,0.13,1.13,5.88,1.1,0.14,0.13,0.13,Matches,2025,29.1,39.9,48.0,83.1,642.8,199.8,0.07,0.07,0.01,0.82,5.26,0.76,0.14,0.07,1.68,0.34,20.4,1.69,0.34,0.04,0.2,23.7,0.0,0.0,0.0,0.05,-0.01,-0.01,59.8,1.65,10.5,36.6,13.5,0.79,59.8,0.69,50.0,0.65,47.5,31.1,0.14,1.44,0.76,37.0,2.78,1.68,39.6,1.89,1.34,1.24,1.48,4.26,1.13,0.03,2.71,2.72,0.03,0.07,0.03,0.17,0.17,0.03,1.44,0.58,0.0,0.52,1.48,1.68,0.0,0.0,0.0,6.7,0.96,62.2,,,,,,,,,,,,,,,,,
Diego Luna,us USA,"MF,FW",Real Salt Lake,22-088,2003,27,27,2264,25.2,0.36,0.12,0.48,0.28,0.08,0.08,0.36,0.08,0.25,0.2,0.14,0.34,2.66,5.24,5.91,0.4,0.39,0.34,Matches,2025,25.2,37.3,47.0,79.3,560.4,148.7,0.12,0.17,-0.02,1.67,4.13,0.95,0.12,0.36,2.06,0.67,32.7,2.07,0.68,0.13,0.41,19.6,0.24,0.08,0.08,0.1,0.1,0.08,57.5,0.32,4.48,29.4,24.3,3.29,57.4,1.31,42.3,1.63,52.6,35.9,0.95,2.5,1.11,42.7,0.99,0.63,36.7,0.75,0.75,0.71,0.56,1.55,0.2,0.0,4.33,4.33,0.16,0.28,0.08,0.44,0.44,0.04,0.83,1.67,0.08,2.74,0.56,0.63,0.0,0.0,0.0,3.57,0.12,27.3,,,,,,,,,,,,,,,,,
Liam MacKenzie,ca CAN,FW,Vancouver W'caps,18-264,2007,1,1,64,0.7,0.0,0.0,0.0,0.0,0.0,0.0,0.0,0.0,0.0,0.0,0.0,0.0,1.43,0.0,2.86,0.0,0.0,0.0,Matches,2025,0.7,11.4,14.3,80.0,185.7,8.57,0.0,0.0,0.0,0.0,0.0,0.0,0.0,0.0,0.0,0.0,,0.0,0.0,,,,0.0,0.0,0.0,,0.0,0.0,27.1,0.0,2.86,14.3,10.0,0.0,27.1,1.43,100.0,0.0,0.0,11.4,0.0,5.71,2.86,12.9,2.86,1.43,0.0,1.43,1.43,1.43,0.0,2.86,0.0,0.0,1.43,1.45,0.0,0.0,0.0,0.0,0.0,0.0,1.43,0.0,0.0,0.0,0.0,1.43,0.0,0.0,0.0,1.43,0.0,,,,,,,,,,,,,,,,,,
Lukas MacNaughton,ca CAN,DF,D.C. United,30-271,1995,11,9,715,7.9,0.13,0.0,0.13,0.13,0.0,0.0,0.38,0.13,0.1,0.1,0.08,0.18,0.0,2.53,0.38,0.13,0.17,0.17,Matches,2025,7.9,40.1,47.0,85.4,829.6,322.5,0.0,0.05,-0.08,0.25,1.77,0.13,0.0,0.13,0.76,0.38,50.0,0.76,0.38,0.17,0.33,11.9,0.0,0.0,0.0,0.13,0.03,0.03,57.0,7.09,33.4,21.1,2.66,1.52,57.0,0.13,100.0,0.0,0.0,29.9,0.0,0.51,0.38,35.7,0.76,0.38,100.0,0.0,1.27,0.13,1.27,2.03,5.06,0.0,0.38,0.38,0.0,0.0,0.0,0.0,0.0,0.0,1.39,0.63,0.0,0.0,1.27,0.38,0.0,0.0,0.0,3.04,3.29,74.3,,,,,,,,,,,,,,,,,
Jack Maher,us USA,DF,Nashville SC,26-037,1999,30,29,2572,28.6,0.0,0.0,0.0,0.0,0.0,0.0,0.1,0.0,0.02,0.02,0.0,0.02,0.17,2.13,0.17,0.0,0.02,0.02,Matches,2025,28.6,57.2,62.1,92.0,1121.4,352.1,0.0,0.01,0.0,0.03,2.45,0.0,0.0,0.0,0.38,0.1,27.3,0.38,0.1,0.0,0.0,10.6,0.0,0.0,0.0,0.06,-0.02,-0.02,70.5,10.9,38.7,29.7,2.38,0.63,70.5,0.03,100.0,0.0,0.0,42.1,0.0,0.1,0.03,52.4,0.45,0.31,44.4,0.17,0.49,0.17,0.63,1.08,5.24,0.0,0.42,0.42,0.0,0.0,0.0,0.07,0.07,0.0,0.7,0.24,0.0,0.0,0.63,0.31,0.0,0.0,0.0,2.38,1.68,60.0,,,,,,,,,,,,,,,,,
Olwethu Makhanya,za RSA,DF,Philadelphia Union,21-218,2004,29,23,2147,23.9,0.04,0.0,0.04,0.04,0.0,0.0,0.38,0.08,0.1,0.1,0.0,0.1,0.84,3.93,0.08,0.04,0.1,0.1,Matches,2025,23.9,36.1,44.6,81.0,679.1,285.9,0.0,0.01,0.0,0.04,3.47,0.0,0.0,0.04,0.71,0.13,17.6,0.71,0.13,0.06,0.33,9.0,0.0,0.0,0.0,0.14,-0.06,-0.06,57.6,7.53,29.5,25.1,3.51,1.0,57.6,0.5,85.7,0.08,14.3,29.9,0.04,1.0,0.29,30.6,1.92,1.38,72.3,0.54,1.17,0.67,1.17,3.1,6.32,0.08,1.09,1.09,0.04,0.0,0.0,0.04,0.04,0.04,1.09,0.67,0.0,0.17,1.17,1.38,0.0,0.04,0.0,5.61,2.26,70.1,,,,,,,,,,,,,,,,,
Adilson Malanda,fr FRA,DF,Charlotte,24-036,2001,33,33,2899,32.2,0.03,0.0,0.03,0.03,0.0,0.0,0.12,0.03,0.06,0.06,0.01,0.07,0.16,2.14,0.06,0.03,0.06,0.06,Matches,2025,32.2,55.2,63.2,87.4,1230.5,457.8,0.0,0.02,-0.01,0.09,3.6,0.03,0.0,0.03,0.5,0.03,6.3,0.5,0.03,0.06,1.0,10.5,0.0,0.0,0.0,0.12,-0.02,-0.02,75.3,12.8,43.7,30.5,1.52,0.75,75.3,0.28,69.2,0.12,30.8,47.0,0.03,0.5,0.16,54.1,0.84,0.62,59.1,0.28,1.83,0.31,0.84,1.68,6.61,0.16,0.37,0.37,0.0,0.0,0.0,0.09,0.09,0.0,0.65,0.28,0.0,0.06,0.84,0.62,0.0,0.06,0.0,3.39,1.74,65.9,,,,,,,,,,,,,,,,,
Alexis Manyoma,co COL,"FW,MF",Colorado Rapids,22-335,2003,3,0,42,0.5,0.0,0.0,0.0,0.0,0.0,0.0,0.0,0.0,0.2,0.2,0.2,0.2,4.0,10.0,14.0,0.0,0.31,0.31,Matches,2025,0.5,38.0,54.0,70.4,692.0,328.0,0.0,0.0,-0.2,2.0,4.0,2.0,0.0,0.0,4.0,0.0,0.0,4.29,0.0,0.0,,22.1,0.0,0.0,0.0,0.05,-0.2,-0.2,76.0,8.0,20.0,24.0,32.0,6.0,76.0,10.0,100.0,0.0,0.0,44.0,0.0,2.0,6.0,50.0,4.0,0.0,33.3,4.0,4.0,4.0,2.0,6.0,0.0,0.0,4.0,4.29,0.0,0.0,0.0,0.0,0.0,0.0,2.0,2.0,0.0,6.0,2.0,0.0,0.0,0.0,0.0,8.0,0.0,0.0,,,,,,,,,,,,,,,,,
Dominik Marczuk,pl POL,DF,FC Cincinnati,22-033,2003,5,3,217,2.4,0.0,0.0,0.0,0.0,0.0,0.0,0.42,0.0,0.04,0.04,0.17,0.21,3.75,1.25,4.58,0.0,0.19,0.19,Matches,2025,2.4,27.5,37.9,72.5,453.8,80.8,0.0,0.08,-0.17,1.25,0.83,0.42,0.42,0.0,0.83,0.0,0.0,0.83,0.0,0.0,,17.4,0.0,0.0,0.0,0.05,-0.04,-0.04,47.5,2.92,11.3,18.8,19.2,2.08,47.5,1.25,75.0,0.42,25.0,28.3,0.42,1.67,0.0,30.0,0.83,0.83,50.0,0.83,1.25,1.25,0.42,1.25,2.5,0.0,1.67,1.66,0.0,0.0,0.0,0.0,0.0,0.0,0.42,2.08,0.0,2.5,0.42,0.83,0.0,0.0,0.0,3.75,0.0,0.0,,,,,,,,,,,,,,,,,
Dominik Marczuk,pl POL,FW,Real Salt Lake,22-033,2003,17,10,868,9.6,0.1,0.21,0.31,0.1,0.0,0.0,0.31,0.0,0.15,0.15,0.16,0.29,4.58,2.81,10.9,0.31,0.29,0.29,Matches,2025,9.6,20.8,34.0,61.3,332.6,103.3,0.21,0.15,0.05,0.83,1.67,1.35,0.31,0.1,1.77,0.52,29.4,1.76,0.52,0.06,0.2,18.8,0.0,0.0,0.0,0.08,-0.04,-0.04,43.6,1.25,6.25,16.5,21.9,3.33,43.6,0.52,31.3,1.15,68.8,29.1,0.94,1.98,1.04,32.8,1.15,0.73,26.7,1.15,0.83,0.73,0.73,1.88,0.94,0.0,1.67,1.66,0.0,0.0,0.0,0.21,0.21,0.0,0.42,1.04,0.52,4.38,0.73,0.73,0.0,0.0,0.0,4.27,0.42,40.0,,,,,,,,,,,,,,,,,
Paul Marie,fr FRA,"FW,MF",SJ Earthquakes,30-255,1995,2,1,103,1.1,0.0,0.0,0.0,0.0,0.0,0.0,0.0,0.0,0.73,0.73,0.09,0.73,1.82,0.91,5.45,0.0,0.71,0.71,Matches,2025,1.1,21.8,33.6,64.9,360.9,163.6,0.0,0.09,-0.09,0.91,0.91,0.0,0.0,0.0,3.64,0.91,25.0,3.5,0.87,0.0,0.0,16.5,0.0,0.0,0.0,0.19,-0.73,-0.73,45.5,0.0,2.73,20.0,22.7,2.73,45.5,1.82,33.3,2.73,50.0,20.9,0.0,0.0,1.82,28.2,1.82,1.82,100.0,0.0,0.91,0.91,0.0,1.82,0.0,0.0,6.36,6.12,0.91,1.82,0.0,0.0,0.0,0.0,0.91,2.73,0.0,5.45,0.0,1.82,0.0,0.0,0.0,2.73,0.0,0.0,,,,,,,,,,,,,,,,,
Adrián Marín,es ESP,DF,Orlando City,28-329,1997,5,4,327,3.6,0.0,0.0,0.0,0.0,0.0,0.0,0.28,0.0,0.06,0.06,0.03,0.08,1.39,6.67,1.94,0.0,0.07,0.07,Matches,2025,3.6,42.2,50.6,83.5,753.9,392.5,0.0,0.06,-0.03,0.83,5.0,0.83,0.0,0.0,1.11,0.0,0.0,1.1,0.0,0.0,,17.8,0.0,0.0,0.0,0.04,-0.06,-0.06,59.2,5.0,20.8,29.2,9.72,1.39,59.2,0.0,0.0,0.28,100.0,31.1,0.28,0.28,0.28,36.9,0.56,0.56,,0.0,1.11,0.56,1.94,2.5,3.89,0.0,2.22,2.2,0.0,0.0,0.0,0.56,0.55,0.0,1.11,0.28,0.28,0.56,1.94,0.56,0.0,0.0,0.0,2.78,2.5,81.8,,,,,,,,,,,,,,,,,
Anthony Markanich,ph PHI,DF,Minnesota Utd,25-343,1999,31,23,1895,21.1,0.43,0.05,0.47,0.43,0.0,0.0,0.24,0.0,0.24,0.24,0.12,0.36,0.71,2.09,3.03,0.47,0.37,0.37,Matches,2025,21.1,21.9,29.5,74.2,319.1,120.3,0.05,0.09,-0.08,0.85,1.42,0.57,0.28,0.43,1.42,0.47,33.3,1.42,0.47,0.3,0.9,11.9,0.0,0.0,0.0,0.17,0.18,0.18,43.5,4.27,16.3,16.8,10.8,2.56,43.5,0.33,46.7,0.38,53.3,19.5,0.28,1.37,0.14,23.2,2.65,1.33,67.3,0.85,1.8,1.14,1.85,4.5,3.51,0.0,1.71,1.71,0.14,0.05,0.09,0.33,0.33,0.0,1.52,0.71,0.28,0.9,1.85,1.33,0.0,0.05,0.0,3.6,2.56,65.1,,,,,,,,,,,,,,,,,
Idan Markovich,il ISR,FW,Charlotte,21-117,2004,30,19,1810,20.1,0.55,0.15,0.7,0.5,0.05,0.05,0.2,0.0,0.48,0.44,0.12,0.57,1.0,1.04,4.73,0.65,0.6,0.57,Matches,2025,20.1,13.7,17.4,78.9,180.6,23.7,0.15,0.08,0.02,1.0,0.4,0.4,0.0,0.55,2.04,1.0,48.8,2.04,0.99,0.24,0.5,11.0,0.0,0.05,0.05,0.22,0.06,0.05,28.7,1.0,1.94,12.3,14.7,4.43,28.7,1.0,40.0,1.39,56.0,16.1,0.65,2.84,1.49,20.2,0.95,0.55,62.5,0.15,0.9,0.9,0.1,1.04,1.09,0.05,2.09,2.09,0.25,0.1,0.05,0.35,0.35,0.0,1.54,1.14,0.3,0.05,0.1,0.55,0.0,0.05,0.0,1.79,2.49,46.3,,,,,,,,,,,,,,,,,
Marlon,br BRA,DF,LAFC,30-088,1995,11,7,631,7.0,0.0,0.0,0.0,0.0,0.0,0.0,0.0,0.0,0.01,0.01,0.0,0.03,0.86,3.86,0.0,0.0,0.02,0.02,Matches,2025,7.0,73.0,77.9,93.8,1339.6,466.1,0.0,0.01,0.0,0.14,5.0,0.29,0.0,0.0,0.14,0.0,0.0,0.14,0.0,0.0,,8.2,0.0,0.0,0.0,0.13,-0.01,-0.01,87.9,11.3,39.7,47.7,1.0,0.43,87.9,0.43,100.0,0.0,0.0,57.4,0.0,0.29,0.0,66.7,1.14,0.86,55.6,0.57,0.86,0.14,1.14,2.29,5.0,0.0,0.29,0.29,0.0,0.0,0.0,0.0,0.0,0.0,1.43,0.71,0.0,0.0,1.14,0.86,0.0,0.0,0.0,4.43,1.43,52.6,,,,,,,,,,,,,,,,,
Jahkeele Marshall-Rutty,ca CAN,DF,Charlotte,21-171,2004,24,19,1797,20.0,0.0,0.1,0.1,0.0,0.0,0.0,0.15,0.0,0.01,0.01,0.03,0.05,2.75,4.5,3.2,0.1,0.05,0.05,Matches,2025,20.0,47.3,55.3,85.6,786.6,263.6,0.1,0.07,0.07,0.4,4.25,0.5,0.1,0.0,0.45,0.1,22.2,0.45,0.1,0.0,0.0,23.8,0.0,0.0,0.0,0.03,-0.01,-0.01,62.9,3.0,21.4,28.3,13.7,1.1,62.9,0.35,46.7,0.3,40.0,34.9,0.3,0.75,0.35,41.5,1.5,1.1,57.7,0.55,1.05,0.8,0.75,2.25,2.5,0.05,1.15,1.15,0.0,0.0,0.05,0.3,0.3,0.0,0.8,0.95,0.1,1.55,0.75,1.1,0.0,0.0,0.0,3.6,0.65,41.9,,,,,,,,,,,,,,,,,
Jahkeele Marshall-Rutty,ca CAN,"MF,DF",CF Montréal,21-171,2004,6,2,230,2.6,0.0,0.0,0.0,0.0,0.0,0.0,0.38,0.0,0.08,0.08,0.04,0.15,0.38,3.08,6.54,0.0,0.15,0.15,Matches,2025,2.6,36.9,49.2,75.0,595.0,141.2,0.0,0.0,-0.04,0.38,1.92,0.0,0.0,0.0,1.54,0.38,25.0,1.57,0.39,0.0,0.0,20.2,0.0,0.0,0.0,0.06,-0.08,-0.08,57.7,2.31,14.2,25.4,18.1,1.54,57.7,0.38,50.0,0.38,50.0,31.9,0.0,0.38,0.77,36.9,1.15,1.15,33.3,0.77,1.15,0.38,0.77,1.92,1.92,0.0,0.38,0.39,0.0,0.0,0.0,0.0,0.0,0.0,0.77,1.54,0.0,1.92,0.77,1.15,0.0,0.0,0.0,7.31,0.0,0.0,,,,,,,,,,,,,,,,,
Alonso Martínez,cr CRC,FW,NYCFC,27-050,1998,30,29,2496,27.7,0.61,0.04,0.65,0.43,0.18,0.25,0.07,0.0,0.75,0.56,0.08,0.64,1.34,1.34,5.74,0.47,0.84,0.64,Matches,2025,27.7,9.46,13.3,71.2,135.1,26.6,0.04,0.05,-0.05,0.83,0.51,0.65,0.0,0.61,3.43,1.48,43.2,3.43,1.48,0.13,0.29,16.7,0.0,0.18,0.25,0.16,-0.14,-0.12,23.5,0.32,1.41,8.05,14.4,5.45,23.2,1.19,51.6,1.01,43.8,14.4,1.05,2.49,1.01,16.8,0.43,0.18,35.7,0.32,0.32,0.29,0.25,0.69,0.32,0.04,2.24,2.24,0.43,0.25,0.04,0.36,0.36,0.0,0.32,0.79,0.51,0.18,0.25,0.18,0.14,0.0,0.0,1.16,0.29,17.8,,,,,,,,,,,,,,,,,
David Martínez,ve VEN,FW,LAFC,19-300,2006,29,13,1171,13.0,0.23,0.38,0.62,0.23,0.0,0.08,0.31,0.0,0.29,0.23,0.15,0.38,3.46,4.23,7.92,0.61,0.44,0.38,Matches,2025,13.0,27.5,35.5,77.7,479.1,110.4,0.38,0.14,0.23,1.15,2.85,1.69,0.15,0.23,2.77,1.15,41.7,2.77,1.15,0.08,0.2,21.2,0.0,0.0,0.08,0.08,-0.06,0.0,47.5,0.62,4.54,17.6,26.5,4.31,47.4,1.77,51.1,1.62,46.7,31.2,1.31,2.69,1.62,35.9,1.46,1.15,47.6,0.85,0.77,0.77,0.23,1.69,0.31,0.08,3.69,3.69,0.38,0.15,0.23,0.69,0.69,0.0,1.69,1.08,0.15,2.85,0.23,1.15,0.08,0.0,0.0,3.38,0.15,16.7,,,,,,,,,,,,,,,,,
Josef Martínez,ve VEN,FW,SJ Earthquakes,32-199,1993,30,21,1873,20.8,0.67,0.1,0.77,0.63,0.05,0.05,0.0,0.0,0.67,0.63,0.07,0.7,0.34,1.35,3.85,0.72,0.74,0.7,Matches,2025,20.8,13.0,15.2,85.8,173.8,22.0,0.1,0.06,0.03,0.91,0.63,0.43,0.0,0.67,2.6,1.63,63.0,2.59,1.63,0.24,0.38,11.5,0.0,0.05,0.05,0.25,0.0,-0.01,20.5,0.0,0.34,10.7,9.57,4.42,20.5,0.1,33.3,0.14,50.0,10.5,0.29,1.15,0.53,14.0,0.05,0.0,20.0,0.19,0.05,0.05,0.05,0.1,0.0,0.0,2.07,2.06,0.05,0.19,0.05,0.24,0.24,0.0,0.38,0.58,0.82,0.0,0.05,0.0,0.05,0.0,0.0,1.83,0.77,33.3,,,,,,,,,,,,,,,,,
Thiago Martins,br BRA,DF,NYCFC,30-262,1995,31,30,2698,30.0,0.03,0.0,0.03,0.03,0.0,0.0,0.03,0.0,0.06,0.06,0.0,0.06,0.47,3.1,0.03,0.03,0.06,0.06,Matches,2025,30.0,62.0,70.6,87.8,1324.5,492.9,0.0,0.01,0.0,0.03,3.9,0.07,0.0,0.03,0.47,0.2,42.9,0.47,0.2,0.07,0.17,11.4,0.0,0.0,0.0,0.13,-0.03,-0.03,81.3,13.1,47.7,32.6,1.33,0.6,81.3,0.1,75.0,0.03,25.0,51.7,0.07,0.47,0.17,57.3,1.07,0.8,81.0,0.13,1.17,0.27,0.7,1.77,6.53,0.17,0.43,0.43,0.0,0.0,0.03,0.03,0.03,0.0,0.7,0.1,0.1,0.07,0.7,0.8,0.0,0.0,0.03,4.97,1.67,58.8,,,,,,,,,,,,,,,,,
Eric Maxim Choupo-Moting,cm CMR,FW,NY Red Bulls,36-256,1989,33,31,2755,30.6,0.56,0.13,0.69,0.39,0.16,0.2,0.16,0.0,0.42,0.26,0.14,0.41,1.18,3.3,7.22,0.52,0.56,0.41,Matches,2025,30.6,16.6,22.5,73.7,236.7,59.5,0.13,0.14,-0.01,1.31,1.7,0.85,0.0,0.56,1.73,0.95,54.7,1.73,0.95,0.23,0.41,14.9,0.0,0.16,0.2,0.15,0.14,0.13,32.1,0.69,1.37,13.3,17.7,4.28,31.9,1.24,50.0,1.18,47.4,18.7,0.65,2.68,2.12,24.3,0.75,0.56,58.3,0.16,0.46,0.39,0.07,0.82,0.59,0.0,2.78,2.78,0.26,0.23,0.03,0.36,0.36,0.0,1.08,1.05,1.05,0.2,0.07,0.56,0.13,0.0,0.0,2.39,2.03,39.5,,,,,,,,,,,,,,,,,
Andreas Maxsø,dk DEN,DF,Colorado Rapids,31-261,1994,32,32,2880,32.0,0.03,0.0,0.03,0.03,0.0,0.0,0.13,0.0,0.04,0.04,0.03,0.07,0.19,1.63,0.22,0.03,0.07,0.07,Matches,2025,32.0,35.5,40.1,88.5,660.2,244.5,0.0,0.02,-0.03,0.13,1.03,0.19,0.0,0.03,0.28,0.06,22.2,0.28,0.06,0.11,0.5,10.2,0.0,0.0,0.0,0.13,-0.01,-0.01,50.4,7.56,27.4,21.2,2.0,1.13,50.4,0.06,100.0,0.0,0.0,26.6,0.0,0.53,0.06,32.5,0.56,0.31,56.3,0.22,1.28,0.31,0.81,1.38,5.75,0.03,0.38,0.37,0.0,0.0,0.0,0.0,0.0,0.0,0.56,0.41,0.03,0.06,0.81,0.31,0.0,0.06,0.03,2.06,2.44,70.9,,,,,,,,,,,,,,,,,
Salvatore Mazzaferro,ca CAN,DF,Atlanta Utd,24-054,2001,1,0,74,0.8,0.0,0.0,0.0,0.0,0.0,0.0,0.0,0.0,0.0,0.0,0.0,0.0,0.0,2.5,0.0,0.0,0.0,0.0,Matches,2025,0.8,41.3,45.0,91.7,633.8,161.3,0.0,0.0,0.0,0.0,1.25,0.0,0.0,0.0,0.0,0.0,,0.0,0.0,,,,0.0,0.0,0.0,,0.0,0.0,58.8,12.5,35.0,23.8,0.0,0.0,58.8,0.0,,0.0,,35.0,0.0,0.0,1.25,40.0,2.5,1.25,66.7,1.25,2.5,2.5,0.0,2.5,10.0,0.0,0.0,0.0,0.0,0.0,0.0,0.0,0.0,0.0,0.0,1.25,0.0,0.0,0.0,1.25,0.0,0.0,0.0,5.0,0.0,,,,,,,,,,,,,,,,,,
Olivier Mbaizo,cm CMR,DF,Philadelphia Union,28-111,1997,9,6,483,5.4,0.0,0.0,0.0,0.0,0.0,0.0,0.37,0.0,0.02,0.02,0.13,0.15,2.41,3.15,2.59,0.0,0.15,0.15,Matches,2025,5.4,34.4,49.3,69.9,587.0,291.3,0.0,0.15,-0.13,1.11,2.04,1.48,0.74,0.0,0.19,0.0,0.0,0.19,0.0,0.0,,20.8,0.0,0.0,0.0,0.06,-0.02,-0.02,56.5,1.3,12.6,25.7,18.3,1.11,56.5,0.56,75.0,0.19,25.0,30.9,0.19,1.48,0.56,32.2,0.93,0.56,60.0,0.37,0.56,0.56,0.19,1.11,1.85,0.0,2.04,2.05,0.19,0.0,0.0,0.37,0.37,0.0,1.11,0.56,0.0,4.44,0.19,0.56,0.0,0.0,0.0,4.81,0.19,20.0,,,,,,,,,,,,,,,,,
Kenji Mboma Dem,fr FRA,"DF,FW",FC Cincinnati,23-316,2002,4,0,84,0.9,0.0,0.0,0.0,0.0,0.0,0.0,0.0,0.0,0.0,0.0,0.0,0.0,1.11,4.44,2.22,0.0,0.0,0.0,Matches,2025,0.9,27.8,34.4,80.6,464.4,172.2,0.0,0.11,0.0,0.0,2.22,1.11,0.0,0.0,0.0,0.0,,0.0,0.0,,,,0.0,0.0,0.0,,0.0,0.0,43.3,1.11,12.2,21.1,12.2,0.0,43.3,0.0,0.0,3.33,100.0,22.2,0.0,1.11,2.22,22.2,1.11,1.11,100.0,0.0,1.11,1.11,0.0,1.11,1.11,0.0,3.33,3.21,0.0,0.0,0.0,0.0,0.0,0.0,0.0,0.0,1.11,0.0,0.0,1.11,0.0,0.0,0.0,7.78,0.0,,,,,,,,,,,,,,,,,,
Jack McGlynn,us USA,"FW,MF",Houston Dynamo,22-150,2003,26,26,2308,25.6,0.23,0.23,0.47,0.16,0.08,0.08,0.08,0.0,0.16,0.1,0.28,0.38,2.07,9.61,4.49,0.39,0.44,0.38,Matches,2025,25.6,54.6,68.9,79.2,1027.2,387.7,0.23,0.35,-0.04,3.28,6.88,2.54,0.98,0.23,2.19,0.82,37.5,2.18,0.82,0.07,0.19,25.0,0.16,0.08,0.08,0.05,0.07,0.05,75.2,0.66,10.4,36.4,29.1,1.45,75.1,0.55,56.0,0.35,36.0,43.8,0.43,0.94,0.78,54.8,1.13,0.74,50.0,0.59,0.35,0.35,0.35,1.48,0.7,0.08,6.02,6.01,0.12,0.12,0.0,0.55,0.55,0.0,0.9,0.63,0.04,9.41,0.35,0.74,0.0,0.0,0.0,3.83,0.23,42.9,,,,,,,,,,,,,,,,,
Zac McGraw,ca CAN,DF,Portland Timbers,28-179,1997,4,3,242,2.7,0.0,0.0,0.0,0.0,0.0,0.0,0.74,0.0,0.0,0.0,0.0,0.0,0.0,1.48,0.37,0.0,0.0,0.0,Matches,2025,2.7,38.5,43.3,88.9,787.0,268.1,0.0,0.0,0.0,0.0,1.11,0.0,0.0,0.0,0.0,0.0,,0.0,0.0,,,,0.0,0.0,0.0,,0.0,0.0,54.8,7.41,33.3,22.2,0.0,0.0,54.8,0.74,100.0,0.0,0.0,30.7,0.0,0.0,0.74,36.7,2.22,1.48,100.0,0.0,2.22,1.48,1.48,3.7,5.19,0.37,0.74,0.74,0.37,0.0,0.0,0.37,0.37,0.0,1.11,0.74,0.0,0.0,1.48,1.48,0.0,0.37,0.0,1.48,1.11,33.3,,,,,,,,,,,,,,,,,
Duncan McGuire,us USA,FW,Orlando City,24-302,2001,18,6,731,8.1,0.37,0.25,0.62,0.37,0.0,0.0,0.12,0.0,0.41,0.41,0.31,0.72,0.86,1.48,5.19,0.62,0.72,0.72,Matches,2025,8.1,14.7,19.4,75.8,207.5,51.9,0.25,0.14,-0.06,2.47,0.49,1.11,0.25,0.37,2.47,0.62,25.0,2.46,0.62,0.15,0.6,13.5,0.0,0.0,0.0,0.17,-0.04,-0.04,29.3,1.6,3.83,11.7,14.1,5.06,29.3,0.25,25.0,0.74,75.0,14.6,0.37,1.85,0.99,20.4,0.12,0.0,0.0,0.12,0.0,0.0,0.12,0.25,1.6,0.0,3.46,3.45,0.0,0.37,0.0,0.25,0.25,0.0,0.99,1.48,0.62,0.37,0.12,0.0,0.0,0.0,0.0,2.1,1.6,35.1,,,,,,,,,,,,,,,,,
Paddy McNair,nir NIR,DF,San Diego FC,30-221,1995,23,21,1708,19.0,0.0,0.0,0.0,0.0,0.0,0.0,0.0,0.0,0.04,0.04,0.03,0.07,0.32,3.26,0.11,0.0,0.07,0.07,Matches,2025,19.0,78.9,84.6,93.3,1479.9,549.7,0.0,0.06,-0.03,0.26,4.53,0.21,0.05,0.0,0.53,0.26,50.0,0.53,0.26,0.0,0.0,19.5,0.11,0.0,0.0,0.07,-0.04,-0.04,93.3,14.4,51.9,39.5,2.53,0.68,93.3,0.0,0.0,0.11,100.0,59.1,0.05,0.68,0.05,70.6,0.95,0.42,70.6,0.26,0.79,0.32,0.37,1.32,4.37,0.11,1.05,1.05,0.0,0.0,0.0,0.11,0.11,0.0,0.26,1.0,0.11,0.11,0.37,0.42,0.0,0.0,0.0,5.21,1.53,63.0,,,,,,,,,,,,,,,,,
Brendan McSorley,us USA,FW,St. Louis,23-306,2002,8,2,277,3.1,0.65,0.32,0.97,0.65,0.0,0.0,0.32,0.0,0.74,0.74,0.19,0.9,2.9,2.26,7.1,0.97,0.92,0.92,Matches,2025,3.1,13.9,21.0,66.2,255.2,93.9,0.32,0.03,0.13,1.61,1.94,0.97,0.32,0.65,4.52,1.61,35.7,4.55,1.62,0.14,0.4,13.5,0.0,0.0,0.0,0.16,-0.1,-0.1,36.8,3.23,8.06,13.9,15.2,4.84,36.8,0.97,50.0,0.97,50.0,22.9,0.97,1.61,1.61,25.5,2.26,1.94,50.0,0.65,1.61,0.97,0.32,2.58,2.26,0.0,2.9,2.92,0.0,0.32,0.32,0.0,0.0,0.0,2.26,3.23,0.32,1.61,0.32,1.94,0.0,0.0,0.0,5.16,0.97,20.0,,,,,,,,,,,,,,,,,
Christopher McVey,se SWE,DF,San Diego FC,28-236,1997,32,32,2853,31.7,0.06,0.0,0.06,0.06,0.0,0.0,0.16,0.0,0.05,0.05,0.04,0.1,0.95,3.94,0.76,0.06,0.1,0.1,Matches,2025,31.7,76.9,83.4,92.2,1348.7,532.9,0.0,0.04,-0.04,0.25,4.64,0.22,0.06,0.06,0.57,0.13,22.2,0.57,0.13,0.11,0.5,14.8,0.0,0.0,0.0,0.1,0.01,0.01,91.9,9.94,46.5,41.6,4.42,0.85,91.9,0.28,64.3,0.16,35.7,59.6,0.03,0.32,0.22,72.3,1.64,1.17,68.8,0.47,0.82,0.25,0.85,2.49,3.5,0.25,1.26,1.26,0.0,0.0,0.0,0.03,0.03,0.0,1.17,0.22,0.06,0.35,0.85,1.17,0.0,0.0,0.03,5.11,1.32,57.5,,,,,,,,,,,,,,,,,
Loïc Mesanvi,tg TOG,"FW,DF",Minnesota Utd,22-059,2003,2,0,12,0.1,0.0,0.0,0.0,0.0,0.0,0.0,0.0,0.0,0.0,0.0,0.0,0.0,0.0,10.0,0.0,0.0,0.0,0.0,Matches,2025,0.1,50.0,70.0,71.4,730.0,100.0,0.0,0.0,0.0,0.0,0.0,0.0,0.0,0.0,0.0,0.0,,0.0,0.0,,,,0.0,0.0,0.0,,0.0,0.0,70.0,0.0,0.0,30.0,40.0,0.0,70.0,0.0,,0.0,,30.0,0.0,0.0,0.0,60.0,0.0,0.0,0.0,10.0,0.0,0.0,0.0,0.0,0.0,0.0,0.0,0.0,0.0,0.0,0.0,0.0,0.0,0.0,0.0,0.0,0.0,10.0,0.0,0.0,0.0,0.0,0.0,0.0,10.0,100.0,,,,,,,,,,,,,,,,,
Lionel Messi,ar ARG,"FW,MF",Inter Miami,38-163,1987,28,26,2421,26.9,1.08,0.59,1.67,1.04,0.04,0.07,0.07,0.0,0.83,0.78,0.52,1.3,5.13,10.7,8.25,1.64,1.35,1.3,Matches,2025,26.9,41.3,52.7,78.3,672.1,282.2,0.59,0.54,0.07,2.9,6.62,4.2,0.04,1.08,5.76,2.57,44.5,5.76,2.57,0.18,0.41,19.7,0.78,0.04,0.07,0.13,0.25,0.26,65.9,0.04,2.04,29.3,35.5,5.95,65.9,3.38,50.8,2.97,44.7,45.5,1.71,1.52,1.82,55.6,0.63,0.41,38.5,0.3,0.19,0.19,0.15,0.78,0.04,0.15,7.32,7.32,1.15,0.48,0.15,1.52,1.52,0.0,0.33,1.3,0.26,2.23,0.15,0.41,0.04,0.0,0.0,2.23,0.15,40.0,,,,,,,,,,,,,,,,,
Wyatt Meyer,us USA,"MF,DF",Nashville SC,24-327,2001,6,3,235,2.6,0.0,0.0,0.0,0.0,0.0,0.0,0.0,0.0,0.04,0.04,0.0,0.04,0.77,3.85,1.15,0.0,0.05,0.05,Matches,2025,2.6,44.2,50.8,87.1,673.1,180.8,0.0,0.0,0.0,0.0,2.69,0.0,0.0,0.0,1.15,0.0,0.0,1.15,0.0,0.0,,20.5,0.0,0.0,0.0,0.04,-0.04,-0.04,58.5,2.69,16.2,33.1,9.62,1.15,58.5,0.38,100.0,0.0,0.0,33.8,0.0,0.38,0.77,39.6,1.54,1.54,60.0,0.77,0.0,0.0,1.15,2.69,1.92,0.0,0.77,0.77,0.0,0.0,0.0,0.0,0.0,0.0,0.38,0.77,0.38,0.38,1.15,1.54,0.0,0.0,0.0,3.08,1.92,45.5,,,,,,,,,,,,,,,,,
Matt Miazga,us USA,DF,FC Cincinnati,30-138,1995,21,19,1533,17.0,0.0,0.06,0.06,0.0,0.0,0.0,0.18,0.0,0.02,0.02,0.01,0.02,0.0,1.53,0.12,0.06,0.02,0.02,Matches,2025,17.0,54.0,59.9,90.2,1161.7,419.7,0.06,0.02,0.05,0.12,2.0,0.0,0.0,0.0,0.24,0.06,25.0,0.23,0.06,0.0,0.0,11.2,0.0,0.0,0.0,0.06,-0.02,-0.02,71.9,11.4,43.1,27.9,1.12,0.65,71.9,0.0,0.0,0.06,100.0,36.4,0.0,0.29,0.06,47.9,1.12,0.76,55.0,0.53,1.65,0.53,0.94,2.06,6.88,0.0,0.47,0.47,0.0,0.0,0.06,0.06,0.06,0.0,0.88,1.06,0.18,0.0,0.94,0.76,0.0,0.06,0.0,3.47,2.06,79.5,,,,,,,,,,,,,,,,,
Alex Mighten,eng ENG,FW,San Diego FC,23-237,2002,26,11,1049,11.7,0.09,0.0,0.09,0.09,0.0,0.0,0.09,0.0,0.18,0.18,0.07,0.24,4.36,1.28,10.9,0.09,0.24,0.24,Matches,2025,11.7,16.1,20.9,77.0,193.8,30.5,0.0,0.09,-0.07,0.94,0.6,0.51,0.0,0.09,1.88,0.6,31.8,1.89,0.6,0.05,0.14,15.9,0.0,0.0,0.0,0.1,-0.09,-0.09,32.7,0.17,3.16,9.23,20.9,4.96,32.7,2.56,48.4,2.31,43.5,23.5,2.05,2.74,2.05,26.8,0.68,0.51,62.5,0.26,0.51,0.51,0.51,1.2,0.17,0.0,2.39,2.4,0.43,0.26,0.0,0.09,0.09,0.0,0.77,2.48,0.17,1.28,0.51,0.51,0.09,0.0,0.0,2.31,0.0,0.0,,,,,,,,,,,,,,,,,
Djordje Mihailovic,us USA,"MF,FW",Toronto FC,27-024,1998,10,10,886,9.8,0.41,0.2,0.61,0.41,0.0,0.1,0.2,0.0,0.27,0.17,0.23,0.4,1.63,3.98,5.1,0.61,0.49,0.4,Matches,2025,9.8,25.8,35.4,72.9,508.6,173.4,0.2,0.21,-0.03,2.55,3.06,1.33,0.51,0.41,1.53,0.82,53.3,1.52,0.81,0.27,0.5,20.7,0.61,0.0,0.1,0.11,0.14,0.23,43.2,1.02,3.27,21.1,19.5,1.94,43.1,0.31,25.0,0.82,66.7,24.2,0.51,1.84,0.51,27.9,1.22,0.92,23.1,1.02,0.92,0.71,0.82,2.04,0.31,0.0,4.08,4.06,0.0,0.1,0.0,0.61,0.61,0.0,0.92,1.84,0.0,7.45,0.82,0.92,0.0,0.0,0.0,2.55,0.31,33.3,,,,,,,,,,,,,,,,,
Djordje Mihailovic,us USA,"MF,FW",Colorado Rapids,27-024,1998,24,24,2055,22.8,0.39,0.26,0.66,0.22,0.18,0.26,0.09,0.0,0.38,0.17,0.3,0.47,1.97,5.04,6.1,0.48,0.68,0.47,Matches,2025,22.8,27.0,41.0,65.8,460.2,189.3,0.26,0.42,-0.04,2.5,3.07,2.11,0.26,0.39,1.89,0.61,32.6,1.88,0.61,0.12,0.36,24.3,0.53,0.18,0.26,0.09,0.01,0.05,50.1,0.75,3.9,19.9,27.1,3.64,49.9,0.66,37.5,0.96,55.0,26.8,0.66,1.89,0.92,31.3,0.66,0.35,38.1,0.57,0.92,0.79,0.66,1.32,0.66,0.04,4.25,4.25,0.13,0.31,0.09,0.53,0.53,0.0,0.75,1.49,0.13,7.68,0.66,0.35,0.04,0.0,0.0,3.73,0.39,42.9,,,,,,,,,,,,,,,,,
Enea Mihaj,al ALB,DF,Atlanta Utd,27-152,1998,9,7,631,7.0,0.0,0.14,0.14,0.0,0.0,0.0,0.0,0.0,0.06,0.06,0.06,0.1,1.0,4.0,0.0,0.14,0.11,0.11,Matches,2025,7.0,58.7,65.1,90.1,1145.1,433.9,0.14,0.01,0.09,0.29,6.86,0.14,0.0,0.0,0.43,0.29,66.7,0.43,0.29,0.0,0.0,21.5,0.0,0.0,0.0,0.13,-0.06,-0.06,73.9,7.14,36.6,36.0,1.29,0.29,73.9,0.29,100.0,0.0,0.0,48.6,0.0,0.29,0.0,55.1,0.57,0.43,50.0,0.29,1.0,0.29,1.0,1.57,4.71,0.14,0.71,0.71,0.0,0.0,0.0,0.14,0.14,0.0,0.71,0.43,0.0,0.0,1.0,0.43,0.0,0.0,0.0,1.86,1.71,57.1,,,,,,,,,,,,,,,,,
Eric Miller,us USA,"DF,MF",Portland Timbers,32-323,1993,16,3,436,4.8,0.0,0.0,0.0,0.0,0.0,0.0,0.0,0.0,0.04,0.04,0.02,0.06,1.67,2.5,3.75,0.0,0.06,0.06,Matches,2025,4.8,36.0,48.5,74.2,610.4,221.9,0.0,0.04,-0.02,0.63,2.08,0.83,0.42,0.0,0.42,0.0,0.0,0.41,0.0,0.0,,8.2,0.0,0.0,0.0,0.08,-0.04,-0.04,59.4,5.63,22.3,24.2,12.9,1.67,59.4,0.21,33.3,0.42,66.7,26.5,0.63,0.83,0.42,33.5,1.67,0.42,44.4,1.04,0.63,0.42,1.04,2.71,5.63,0.0,1.04,1.03,0.0,0.0,0.0,0.0,0.0,0.0,0.63,0.0,0.0,1.67,1.04,0.42,0.0,0.0,0.0,3.75,1.46,50.0,,,,,,,,,,,,,,,,,
Harbor Miller,us USA,"FW,DF",LA Galaxy,18-166,2007,10,9,640,7.1,0.14,0.14,0.28,0.14,0.0,0.0,0.14,0.0,0.11,0.11,0.1,0.21,2.68,2.39,7.32,0.28,0.21,0.21,Matches,2025,7.1,30.3,39.0,77.6,445.9,99.7,0.14,0.04,0.04,1.13,1.97,0.85,0.0,0.14,1.41,0.14,10.0,1.41,0.14,0.1,1.0,14.5,0.0,0.0,0.0,0.08,0.03,0.03,50.3,2.68,12.4,18.2,20.0,3.66,50.3,0.7,41.7,0.56,33.3,29.7,1.27,2.11,0.7,34.9,1.69,1.69,30.8,1.27,1.27,0.99,0.56,2.25,2.11,0.0,2.25,2.25,0.14,0.14,0.0,0.28,0.28,0.0,0.99,1.83,0.14,1.69,0.56,1.69,0.0,0.0,0.0,3.8,0.56,40.0,,,,,,,,,,,,,,,,,
Jansen Miller,us USA,DF,Sporting KC,23-297,2002,29,25,2304,25.6,0.0,0.04,0.04,0.0,0.0,0.0,0.08,0.0,0.05,0.05,0.02,0.06,0.78,3.05,0.47,0.04,0.06,0.06,Matches,2025,25.6,33.6,41.8,80.4,723.1,282.6,0.04,0.04,0.02,0.27,4.02,0.12,0.0,0.0,0.39,0.2,50.0,0.39,0.2,0.0,0.0,9.8,0.0,0.0,0.0,0.12,-0.05,-0.05,53.5,7.5,24.9,26.0,2.77,1.33,53.5,0.04,25.0,0.12,75.0,30.3,0.0,0.63,0.2,32.8,1.37,0.94,63.6,0.47,1.52,0.39,0.86,2.23,5.82,0.2,0.98,0.98,0.0,0.04,0.04,0.12,0.12,0.0,1.05,1.25,0.04,0.08,0.86,0.94,0.0,0.04,0.04,3.95,1.56,54.8,,,,,,,,,,,,,,,,,
Kamal Miller,ca CAN,DF,Portland Timbers,28-202,1997,24,23,1880,20.9,0.05,0.0,0.05,0.05,0.0,0.0,0.24,0.05,0.02,0.02,0.01,0.03,0.38,2.92,0.1,0.05,0.03,0.03,Matches,2025,20.9,54.7,61.9,88.3,1076.9,532.6,0.0,0.02,-0.01,0.14,3.25,0.29,0.0,0.05,0.33,0.14,42.9,0.34,0.14,0.14,0.33,11.9,0.0,0.0,0.0,0.06,0.03,0.03,71.4,8.18,38.7,31.3,1.48,0.62,71.4,0.14,50.0,0.14,50.0,45.0,0.05,0.48,0.19,51.2,0.62,0.33,47.1,0.43,0.86,0.33,1.15,1.77,4.78,0.05,0.62,0.62,0.0,0.0,0.0,0.0,0.0,0.0,0.91,0.48,0.05,0.14,1.15,0.33,0.0,0.0,0.0,3.49,1.67,58.3,,,,,,,,,,,,,,,,,
Peyton Miller,us USA,DF,NE Revolution,18-026,2007,26,25,2071,23.0,0.09,0.09,0.17,0.09,0.0,0.0,0.13,0.04,0.1,0.1,0.1,0.2,1.91,2.52,6.91,0.17,0.21,0.21,Matches,2025,23.0,32.9,42.5,77.5,532.0,134.2,0.09,0.1,-0.01,1.04,1.57,0.78,0.17,0.09,0.91,0.39,42.9,0.91,0.39,0.1,0.22,12.7,0.0,0.0,0.0,0.11,-0.02,-0.02,52.8,3.09,15.2,21.1,16.9,2.96,52.8,0.39,31.0,0.7,55.2,28.2,0.52,1.48,0.48,32.1,1.3,0.7,37.9,0.78,1.43,1.26,1.17,2.48,2.65,0.0,2.13,2.13,0.04,0.04,0.0,0.17,0.17,0.04,1.0,0.91,0.3,3.09,1.17,0.7,0.0,0.0,0.0,4.17,0.96,50.0,,,,,,,,,,,,,,,,,
Georgi Minoungou,bf BFA,"FW,MF",Seattle Sounders,23-132,2002,21,6,726,8.1,0.12,0.37,0.49,0.12,0.0,0.0,0.0,0.0,0.37,0.37,0.53,0.9,7.53,2.35,16.7,0.5,0.9,0.9,Matches,2025,8.1,29.9,39.4,75.9,407.5,59.9,0.37,0.36,-0.16,2.72,0.0,1.73,0.49,0.12,3.58,0.99,27.6,3.6,0.99,0.03,0.13,16.3,0.0,0.0,0.0,0.1,-0.25,-0.25,57.4,0.49,5.56,12.2,40.1,10.7,57.4,3.58,50.9,2.96,42.1,39.9,5.56,3.83,1.73,41.6,1.6,0.74,44.4,0.62,0.62,0.62,0.74,2.35,0.37,0.0,5.68,5.71,1.23,0.25,0.0,0.62,0.62,0.0,1.73,1.48,0.99,5.06,0.74,0.74,0.0,0.0,0.0,4.57,0.37,37.5,,,,,,,,,,,,,,,,,
Aleksei Miranchuk,ru RUS,"MF,FW",Atlanta Utd,30-048,1995,33,31,2747,30.5,0.2,0.1,0.3,0.2,0.0,0.0,0.07,0.0,0.15,0.15,0.2,0.35,1.87,6.98,5.38,0.29,0.35,0.35,Matches,2025,30.5,37.2,47.6,78.1,643.2,188.8,0.1,0.27,-0.1,1.61,4.85,1.61,0.26,0.2,2.16,0.69,31.8,2.16,0.69,0.09,0.29,20.9,0.1,0.0,0.0,0.07,0.05,0.05,56.1,1.25,6.85,26.4,23.4,2.49,56.1,0.66,46.5,0.66,46.5,35.5,0.46,1.74,1.11,42.3,0.79,0.49,28.6,0.49,0.36,0.23,0.56,1.34,0.82,0.1,3.97,3.96,0.1,0.13,0.03,0.2,0.2,0.0,0.75,0.89,0.16,4.0,0.56,0.49,0.0,0.03,0.0,4.46,0.3,37.5,,,,,,,,,,,,,,,,,
Shakur Mohammed,gh GHA,"FW,MF",Orlando City,22-099,2003,2,0,5,0.1,0.0,0.0,0.0,0.0,0.0,0.0,0.0,0.0,0.0,0.0,0.0,0.0,0.0,0.0,0.0,0.0,0.0,0.0,Matches,2025,0.1,30.0,30.0,100.0,620.0,130.0,0.0,0.0,0.0,0.0,0.0,0.0,0.0,0.0,0.0,0.0,,0.0,0.0,,,,0.0,0.0,0.0,,0.0,0.0,40.0,0.0,10.0,20.0,10.0,0.0,40.0,0.0,,0.0,,10.0,0.0,0.0,0.0,20.0,0.0,0.0,,0.0,0.0,0.0,0.0,0.0,0.0,0.0,0.0,0.0,0.0,0.0,0.0,0.0,0.0,0.0,0.0,0.0,0.0,0.0,0.0,0.0,0.0,0.0,0.0,10.0,10.0,33.3,,,,,,,,,,,,,,,,,
Zane Monlouis,eng ENG,DF,Toronto FC,22-049,2003,10,6,514,5.7,0.0,0.0,0.0,0.0,0.0,0.0,0.0,0.0,0.0,0.0,0.0,0.0,0.35,4.04,0.35,0.0,0.0,0.0,Matches,2025,5.7,48.2,56.5,85.4,931.4,330.5,0.0,0.02,0.0,0.0,4.56,0.0,0.0,0.0,0.0,0.0,,0.0,0.0,,,,0.0,0.0,0.0,,0.0,0.0,66.1,9.12,34.7,30.0,1.58,0.18,66.1,0.18,100.0,0.0,0.0,38.4,0.0,0.18,0.0,42.5,0.35,0.0,100.0,0.0,1.23,0.88,1.05,1.4,6.14,0.0,0.35,0.35,0.0,0.0,0.0,0.18,0.18,0.0,0.35,0.18,0.0,0.0,1.05,0.0,0.0,0.0,0.0,4.39,2.46,63.6,,,,,,,,,,,,,,,,,
Alán Montes,mx MEX,DF,Sporting KC,25-039,2000,8,5,458,5.1,0.0,0.0,0.0,0.0,0.0,0.0,0.2,0.0,0.18,0.18,0.02,0.2,0.59,2.55,0.0,0.0,0.19,0.19,Matches,2025,5.1,62.0,69.2,89.5,1274.7,395.9,0.0,0.02,-0.02,0.2,3.33,0.0,0.0,0.0,1.57,0.39,25.0,1.57,0.39,0.0,0.0,12.5,0.0,0.0,0.0,0.11,-0.18,-0.18,77.3,3.33,33.3,40.8,3.53,1.76,77.3,0.59,75.0,0.2,25.0,53.3,0.0,0.59,0.2,58.2,0.59,0.39,66.7,0.2,0.59,0.39,1.76,2.35,2.75,0.2,1.18,1.18,0.2,0.0,0.2,0.0,0.0,0.0,1.18,0.59,0.0,0.2,1.76,0.39,0.0,0.0,0.0,6.08,1.18,46.2,,,,,,,,,,,,,,,,,
Shaq Moore,us USA,"DF,MF",FC Dallas,29-032,1996,33,31,2822,31.4,0.1,0.06,0.16,0.1,0.0,0.0,0.13,0.0,0.08,0.08,0.1,0.18,2.13,2.77,4.3,0.16,0.18,0.18,Matches,2025,31.4,29.0,37.4,77.7,497.9,197.0,0.06,0.1,-0.04,0.57,2.32,0.96,0.48,0.1,0.83,0.25,30.8,0.83,0.26,0.12,0.38,18.9,0.0,0.0,0.0,0.1,0.02,0.02,48.9,4.87,18.4,18.4,12.4,1.69,48.9,0.51,45.7,0.57,51.4,22.3,0.54,1.05,0.45,27.7,1.62,1.24,65.0,0.45,0.89,0.38,0.92,2.55,3.95,0.0,1.72,1.72,0.0,0.1,0.1,0.29,0.29,0.0,1.15,0.89,0.06,2.42,0.92,1.24,0.0,0.03,0.0,3.28,0.92,47.5,,,,,,,,,,,,,,,,,
Felipe Mora,cl CHI,FW,Portland Timbers,32-124,1993,33,20,1664,18.5,0.27,0.16,0.43,0.22,0.05,0.11,0.22,0.0,0.43,0.34,0.09,0.43,0.59,2.32,5.35,0.38,0.52,0.43,Matches,2025,18.5,16.5,23.1,71.4,279.1,50.1,0.16,0.05,0.07,0.81,1.08,0.38,0.0,0.27,1.89,0.76,40.0,1.89,0.76,0.11,0.29,12.6,0.0,0.05,0.11,0.18,-0.16,-0.12,30.4,0.92,2.22,14.7,13.5,4.32,30.3,0.49,56.3,0.32,37.5,17.0,0.16,1.78,1.08,22.3,0.38,0.11,100.0,0.0,0.22,0.16,0.27,0.65,0.86,0.0,1.95,1.95,0.0,0.16,0.0,0.22,0.22,0.0,0.59,1.73,0.38,0.38,0.27,0.11,0.05,0.0,0.0,1.51,2.0,41.1,,,,,,,,,,,,,,,,,
Alfredo Morales,us USA,MF,St. Louis,35-206,1990,25,11,1102,12.2,0.0,0.16,0.16,0.0,0.0,0.0,0.49,0.08,0.02,0.02,0.14,0.16,0.33,4.67,0.66,0.16,0.16,0.16,Matches,2025,12.2,40.6,48.7,83.3,696.3,254.5,0.16,0.13,0.02,0.66,5.08,0.74,0.0,0.0,0.49,0.0,0.0,0.49,0.0,0.0,,20.6,0.0,0.0,0.0,0.04,-0.02,-0.02,58.9,3.03,17.8,35.1,6.39,0.9,58.9,0.33,44.4,0.25,33.3,31.0,0.08,1.23,0.82,38.8,1.89,0.57,55.6,0.66,1.48,0.82,1.15,3.03,1.97,0.0,1.97,1.96,0.08,0.0,0.0,0.16,0.16,0.08,1.23,0.98,0.0,0.74,1.15,0.57,0.0,0.08,0.0,5.41,1.31,72.7,,,,,,,,,,,,,,,,,
Efrain Morales,bo BOL,DF,Atlanta Utd,21-275,2004,5,5,405,4.5,0.0,0.0,0.0,0.0,0.0,0.0,0.44,0.0,0.0,0.0,0.07,0.07,1.56,4.0,0.0,0.0,0.08,0.08,Matches,2025,4.5,77.8,82.4,94.3,1531.8,483.8,0.0,0.09,-0.07,0.44,3.56,0.22,0.0,0.0,0.0,0.0,,0.0,0.0,,,,0.0,0.0,0.0,,0.0,0.0,93.8,9.56,37.1,55.3,1.78,0.89,93.8,0.44,100.0,0.0,0.0,62.2,0.0,0.44,0.0,75.3,1.56,1.11,75.0,0.44,0.89,0.22,1.11,2.67,5.56,0.22,0.22,0.22,0.0,0.0,0.0,0.0,0.0,0.0,2.0,0.22,0.0,0.0,1.11,1.11,0.0,0.0,0.0,3.33,3.11,70.0,,,,,,,,,,,,,,,,,
Efrain Morales,bo BOL,DF,CF Montréal,21-275,2004,6,5,484,5.4,0.0,0.0,0.0,0.0,0.0,0.0,0.37,0.0,0.09,0.09,0.0,0.09,0.19,3.15,0.0,0.0,0.08,0.08,Matches,2025,5.4,59.1,65.2,90.6,1132.2,428.1,0.0,0.0,0.0,0.0,2.96,0.0,0.0,0.0,0.56,0.0,0.0,0.56,0.0,0.0,,9.5,0.0,0.0,0.0,0.15,-0.09,-0.09,78.7,13.0,47.0,30.2,1.67,0.93,78.7,0.19,100.0,0.0,0.0,43.1,0.0,0.56,0.56,50.7,2.78,1.48,100.0,0.0,1.3,0.56,1.48,4.26,5.19,0.19,0.74,0.74,0.0,0.0,0.19,0.0,0.0,0.0,1.85,0.37,0.0,0.0,1.48,1.48,0.0,0.0,0.0,3.33,4.26,57.5,,,,,,,,,,,,,,,,,
Marcelo Morales,cl CHI,DF,NY Red Bulls,22-181,2003,4,2,183,2.0,0.0,0.0,0.0,0.0,0.0,0.0,0.0,0.0,0.05,0.05,0.05,0.1,1.5,7.5,7.0,0.0,0.09,0.09,Matches,2025,2.0,42.0,60.5,69.4,848.5,345.0,0.0,0.1,-0.05,1.0,5.5,1.0,1.0,0.0,1.5,0.0,0.0,1.48,0.0,0.0,,28.2,0.0,0.0,0.0,0.02,-0.05,-0.05,70.0,0.5,9.5,32.0,28.5,2.0,70.0,2.0,80.0,0.5,20.0,30.5,0.5,1.0,0.0,36.5,1.0,0.5,40.0,1.5,1.0,1.0,1.0,2.0,1.5,0.0,2.0,1.97,0.0,0.5,0.0,0.0,0.0,0.0,1.5,1.0,0.0,10.5,1.0,0.5,0.0,0.0,0.0,3.0,0.0,0.0,,,,,,,,,,,,,,,,,
Santi Morales,us USA,"MF,DF",Inter Miami,18-298,2007,4,0,30,0.3,0.0,0.0,0.0,0.0,0.0,0.0,0.0,0.0,0.0,0.0,0.0,0.0,3.33,10.0,10.0,0.0,0.0,0.0,Matches,2025,0.3,120.0,126.7,94.7,1730.0,426.7,0.0,0.0,0.0,0.0,6.67,0.0,0.0,0.0,0.0,0.0,,0.0,0.0,,,,0.0,0.0,0.0,,0.0,0.0,150.0,0.0,33.3,63.3,60.0,0.0,150.0,0.0,,0.0,,93.3,0.0,3.33,0.0,103.3,10.0,6.67,66.7,3.33,3.33,3.33,0.0,10.0,0.0,0.0,10.0,9.0,0.0,0.0,0.0,0.0,0.0,0.0,3.33,3.33,0.0,0.0,0.0,6.67,0.0,0.0,0.0,20.0,0.0,0.0,,,,,,,,,,,,,,,,,
Maximiliano Moralez,ar ARG,MF,NYCFC,38-280,1987,34,34,2744,30.5,0.07,0.23,0.3,0.07,0.0,0.0,0.2,0.0,0.11,0.11,0.19,0.31,1.74,7.67,4.49,0.3,0.31,0.31,Matches,2025,30.5,48.1,62.9,76.5,804.6,267.0,0.23,0.22,0.04,2.1,7.38,2.36,0.43,0.07,0.98,0.2,20.0,0.98,0.2,0.07,0.33,20.0,0.07,0.0,0.0,0.11,-0.05,-0.05,70.7,0.43,7.8,37.9,25.6,1.9,70.7,0.23,23.3,0.66,66.7,42.5,0.33,1.93,0.98,51.1,1.51,0.89,41.3,0.89,0.62,0.56,0.43,1.93,0.26,0.03,4.33,4.33,0.07,0.07,0.0,0.46,0.46,0.0,1.38,1.84,0.16,4.56,0.43,0.89,0.0,0.0,0.0,5.64,0.46,41.2,,,,,,,,,,,,,,,,,
Andrew Moran,ie IRL,"MF,FW",LAFC,22-050,2003,8,3,318,3.5,0.29,0.29,0.57,0.29,0.0,0.0,0.29,0.0,0.14,0.14,0.34,0.49,1.14,4.57,4.29,0.57,0.48,0.48,Matches,2025,3.5,40.0,46.9,85.4,580.3,102.6,0.29,0.17,-0.06,1.43,3.43,1.43,0.0,0.29,2.0,0.86,42.9,1.98,0.85,0.14,0.33,18.4,0.0,0.0,0.0,0.08,0.14,0.14,59.1,0.57,5.14,34.0,20.6,2.57,59.1,0.57,20.0,2.0,70.0,37.7,0.57,2.0,0.57,44.3,2.57,2.29,60.0,1.14,0.86,0.57,0.86,3.43,0.0,0.29,2.86,2.82,0.0,0.0,0.0,0.29,0.28,0.0,2.86,0.86,0.0,0.29,0.86,2.29,0.0,0.0,0.0,4.29,0.29,50.0,,,,,,,,,,,,,,,,,
Steven Moreira,cv CPV,DF,Columbus Crew,31-113,1994,30,29,2457,27.3,0.04,0.07,0.11,0.04,0.0,0.0,0.15,0.0,0.04,0.04,0.1,0.14,2.05,7.25,2.23,0.11,0.14,0.14,Matches,2025,27.3,63.9,71.9,88.9,967.4,360.7,0.07,0.11,-0.02,0.73,6.67,1.54,0.26,0.04,0.66,0.22,33.3,0.66,0.22,0.06,0.17,20.6,0.04,0.0,0.0,0.07,-0.01,-0.01,79.5,3.19,19.9,42.5,17.8,1.21,79.5,0.51,50.0,0.44,42.9,49.3,0.22,1.25,0.59,59.7,1.28,1.1,45.9,0.73,0.92,0.62,0.51,1.79,1.65,0.07,2.2,2.2,0.04,0.07,0.04,0.29,0.29,0.0,0.7,0.4,0.0,1.17,0.51,1.1,0.0,0.0,0.0,3.99,0.4,28.2,,,,,,,,,,,,,,,,,
Santiago Moreno,co COL,"FW,MF",Portland Timbers,25-227,2000,22,20,1696,18.8,0.21,0.27,0.48,0.21,0.0,0.0,0.05,0.0,0.21,0.21,0.26,0.47,3.56,4.41,7.13,0.48,0.47,0.47,Matches,2025,18.8,33.9,45.6,74.4,536.3,142.5,0.27,0.22,0.01,1.86,3.19,1.28,0.27,0.21,2.39,0.96,40.0,2.39,0.96,0.09,0.22,21.2,0.16,0.0,0.0,0.09,0.0,0.0,61.3,1.06,6.54,27.9,27.9,4.15,61.3,2.13,38.5,3.09,55.8,39.6,1.49,3.51,2.02,43.5,1.76,0.9,30.3,1.22,1.38,1.38,0.37,2.13,0.53,0.0,4.41,4.4,0.64,0.16,0.0,0.48,0.48,0.0,1.49,1.7,0.0,4.04,0.37,0.9,0.0,0.0,0.0,4.95,0.59,57.9,,,,,,,,,,,,,,,,,
Lewis Morgan,sct SCO,"MF,FW",NY Red Bulls,29-065,1996,3,2,148,1.6,0.0,0.0,0.0,0.0,0.0,0.0,0.0,0.0,0.31,0.31,0.44,0.75,3.75,2.5,9.38,0.0,0.75,0.75,Matches,2025,1.6,22.5,31.3,72.0,320.0,61.9,0.0,0.25,-0.44,1.88,1.88,1.25,0.0,0.0,2.5,0.63,25.0,2.43,0.61,0.0,0.0,15.5,0.0,0.0,0.0,0.14,-0.31,-0.31,45.0,0.0,0.63,18.8,25.6,6.25,45.0,0.63,50.0,0.63,50.0,25.0,1.88,1.25,0.0,33.8,1.88,1.25,50.0,0.63,4.38,4.38,0.63,2.5,0.0,0.0,3.75,3.65,0.63,0.0,0.0,0.63,0.61,0.0,0.0,0.63,0.0,2.5,0.63,1.25,0.0,0.0,0.0,1.88,0.0,0.0,,,,,,,,,,,,,,,,,
Jordan Morris,us USA,FW,Seattle Sounders,31-039,1994,17,8,753,8.4,0.6,0.12,0.71,0.6,0.0,0.12,0.0,0.0,0.57,0.48,0.26,0.74,1.67,2.14,5.71,0.72,0.83,0.73,Matches,2025,8.4,14.5,20.4,71.3,191.5,30.8,0.12,0.15,-0.14,1.07,0.71,1.19,0.0,0.6,2.02,1.19,58.8,2.03,1.2,0.29,0.5,11.9,0.0,0.0,0.12,0.23,0.02,0.12,28.7,0.83,2.38,10.5,16.0,5.24,28.6,0.24,40.0,0.36,60.0,16.0,1.07,2.26,0.6,20.6,0.6,0.12,50.0,0.24,0.6,0.48,0.12,0.71,0.71,0.0,2.62,2.63,0.12,0.12,0.0,0.24,0.24,0.0,0.71,0.83,0.71,0.12,0.12,0.12,0.12,0.0,0.0,1.31,3.1,53.1,,,,,,,,,,,,,,,,,
Edwin Mosquera,co COL,"FW,DF",Atlanta Utd,24-160,2001,10,0,156,1.7,0.59,0.0,0.59,0.59,0.0,0.0,1.76,0.0,0.29,0.29,0.06,0.29,8.24,6.47,15.9,0.58,0.3,0.3,Matches,2025,1.7,27.6,46.5,59.5,451.2,117.1,0.0,0.06,-0.06,0.59,2.35,2.35,0.0,0.59,4.71,1.18,25.0,4.62,1.15,0.13,0.5,18.9,0.0,0.0,0.0,0.06,0.29,0.29,61.8,0.59,5.88,22.4,34.1,7.06,61.8,1.18,50.0,1.18,50.0,43.5,2.94,2.35,2.35,46.5,1.18,1.18,0.0,1.18,0.59,0.59,1.18,2.35,1.18,0.0,1.18,1.15,0.59,0.0,0.0,0.0,0.0,0.0,2.35,1.76,0.59,8.24,1.18,1.18,0.0,0.0,0.0,4.71,0.59,33.3,,,,,,,,,,,,,,,,,
Rafael Mosquera,pa PAN,MF,NY Red Bulls,20-194,2005,1,0,9,0.1,0.0,0.0,0.0,0.0,0.0,0.0,0.0,0.0,0.0,0.0,1.0,1.0,0.0,0.0,20.0,0.0,0.96,0.96,Matches,2025,0.1,30.0,30.0,100.0,400.0,0.0,0.0,0.0,-1.0,10.0,0.0,0.0,0.0,0.0,0.0,0.0,,0.0,0.0,,,,0.0,0.0,0.0,,0.0,0.0,90.0,0.0,10.0,10.0,70.0,20.0,90.0,0.0,0.0,20.0,100.0,40.0,10.0,10.0,0.0,40.0,10.0,0.0,100.0,0.0,10.0,10.0,0.0,10.0,0.0,0.0,0.0,0.0,0.0,0.0,0.0,0.0,0.0,0.0,0.0,0.0,10.0,0.0,0.0,0.0,0.0,0.0,0.0,0.0,0.0,,,,,,,,,,,,,,,,,,
Cole Mrowka,us USA,MF,Columbus Crew,19-242,2006,2,0,28,0.3,0.0,0.0,0.0,0.0,0.0,0.0,0.0,0.0,0.0,0.0,0.0,0.33,3.33,6.67,3.33,0.0,0.2,0.2,Matches,2025,0.3,93.3,103.3,90.3,1523.3,383.3,0.0,0.33,0.0,3.33,6.67,6.67,3.33,0.0,3.33,3.33,100.0,3.21,3.21,0.0,0.0,21.8,0.0,0.0,0.0,0.04,0.0,0.0,110.0,0.0,10.0,43.3,56.7,0.0,110.0,0.0,0.0,3.33,100.0,76.7,0.0,0.0,0.0,96.7,0.0,0.0,,0.0,0.0,0.0,0.0,0.0,0.0,0.0,3.33,3.21,0.0,0.0,0.0,0.0,0.0,0.0,3.33,6.67,0.0,3.33,0.0,0.0,0.0,0.0,0.0,3.33,0.0,,,,,,,,,,,,,,,,,,
Hany Mukhtar,de GER,"FW,MF",Nashville SC,30-258,1995,34,34,2997,33.3,0.48,0.24,0.72,0.39,0.09,0.15,0.15,0.0,0.5,0.39,0.27,0.66,3.3,4.41,7.54,0.63,0.78,0.66,Matches,2025,33.3,34.1,43.4,78.5,520.1,152.3,0.24,0.35,-0.03,2.73,2.64,1.86,0.3,0.48,3.54,1.74,49.2,3.54,1.74,0.11,0.22,19.9,0.39,0.09,0.15,0.11,-0.02,0.0,55.6,0.15,3.09,25.6,27.6,4.83,55.4,0.72,30.8,1.47,62.8,30.7,1.14,2.85,2.13,40.1,0.75,0.3,29.0,0.66,0.69,0.69,0.18,0.93,0.39,0.06,5.41,5.4,0.12,0.42,0.06,0.6,0.6,0.0,1.32,1.5,0.48,5.95,0.18,0.3,0.18,0.0,0.0,2.76,0.12,12.9,,,,,,,,,,,,,,,,,
Thomas Müller,de GER,MF,Vancouver W'caps,36-082,1989,7,6,541,6.0,1.17,0.5,1.67,0.5,0.67,0.67,0.17,0.0,0.87,0.33,0.23,0.57,2.83,6.83,5.83,1.0,1.09,0.56,Matches,2025,6.0,40.7,55.8,72.8,658.5,192.8,0.5,0.3,0.27,2.17,4.67,3.5,1.0,1.17,2.67,1.67,62.5,2.66,1.66,0.19,0.3,20.2,0.0,0.67,0.67,0.13,0.3,0.17,68.5,1.33,5.17,30.5,33.7,5.67,67.8,1.17,63.6,0.67,36.4,34.5,0.33,2.67,1.17,48.8,1.17,0.33,42.9,0.67,0.83,0.5,0.17,1.33,1.0,0.0,4.67,4.66,0.17,0.17,0.0,0.67,0.67,0.0,0.83,0.67,0.17,2.83,0.17,0.33,0.0,0.0,0.0,4.83,1.0,60.0,,,,,,,,,,,,,,,,,
Daniel Munie,us USA,DF,SJ Earthquakes,25-297,2000,24,22,1991,22.1,0.09,0.09,0.18,0.09,0.0,0.0,0.18,0.0,0.08,0.08,0.01,0.1,0.72,3.3,0.5,0.18,0.09,0.09,Matches,2025,22.1,47.6,55.9,85.0,908.1,319.8,0.09,0.02,0.08,0.27,3.17,0.14,0.05,0.09,0.59,0.23,38.5,0.59,0.23,0.15,0.4,9.4,0.0,0.0,0.0,0.13,0.01,0.01,67.2,6.52,33.2,31.1,3.57,1.0,67.2,0.14,42.9,0.18,57.1,37.3,0.0,0.5,0.14,42.3,1.36,1.0,65.2,0.36,1.58,0.9,1.27,2.62,5.02,0.18,1.0,0.99,0.0,0.0,0.05,0.14,0.14,0.0,0.68,0.63,0.0,0.14,1.27,1.0,0.0,0.0,0.0,4.62,2.08,56.1,,,,,,,,,,,,,,,,,
Santiago Muñóz,mx MEX,"MF,FW",Sporting KC,23-112,2002,21,8,871,9.7,0.31,0.21,0.52,0.21,0.1,0.1,0.0,0.0,0.31,0.24,0.1,0.33,1.13,4.02,5.57,0.41,0.42,0.33,Matches,2025,9.7,31.6,36.0,88.0,492.5,74.4,0.21,0.05,0.1,1.13,3.3,0.62,0.0,0.31,2.06,0.62,30.0,2.07,0.62,0.1,0.33,14.0,0.0,0.1,0.1,0.11,0.0,-0.03,47.1,0.62,2.47,20.6,24.3,4.43,47.0,0.72,25.9,1.75,63.0,31.2,0.72,1.65,2.16,38.9,0.62,0.62,40.0,0.31,0.62,0.62,0.41,1.03,0.31,0.0,3.2,3.21,0.21,0.21,0.0,0.41,0.41,0.0,1.34,2.58,0.0,0.52,0.41,0.62,0.1,0.0,0.0,3.4,0.72,41.2,,,,,,,,,,,,,,,,,
Luis Muriel,co COL,FW,Orlando City,34-232,1991,33,25,2104,23.4,0.38,0.26,0.64,0.34,0.04,0.04,0.04,0.04,0.41,0.38,0.24,0.62,2.35,3.55,6.28,0.6,0.66,0.62,Matches,2025,23.4,20.4,29.6,69.1,304.7,102.7,0.26,0.29,0.02,1.97,1.88,1.37,0.21,0.38,3.25,1.2,36.8,3.25,1.2,0.11,0.29,19.4,0.26,0.04,0.04,0.12,-0.03,-0.04,42.5,1.03,3.85,17.4,21.7,5.09,42.4,1.28,41.7,1.67,54.2,25.6,1.2,2.86,1.67,31.9,1.37,0.9,39.3,0.73,0.38,0.34,0.17,1.54,0.81,0.04,4.4,4.4,0.34,0.38,0.0,0.77,0.77,0.0,1.11,0.98,0.47,1.71,0.17,0.9,0.04,0.0,0.0,2.31,1.32,43.1,,,,,,,,,,,,,,,,,
Ian Murphy,us USA,DF,Colorado Rapids,25-322,2000,16,12,1048,11.6,0.0,0.0,0.0,0.0,0.0,0.0,0.09,0.0,0.0,0.0,0.0,0.0,0.6,2.67,0.95,0.0,0.0,0.0,Matches,2025,11.6,35.3,42.8,82.5,569.0,212.9,0.0,0.02,0.0,0.09,1.98,0.43,0.0,0.0,0.0,0.0,,0.0,0.0,,,,0.0,0.0,0.0,,0.0,0.0,51.4,5.52,21.6,25.6,4.4,0.17,51.4,0.26,50.0,0.26,50.0,27.7,0.0,0.78,0.17,31.6,0.95,0.6,54.5,0.43,1.12,0.26,0.86,1.81,3.45,0.0,0.52,0.52,0.0,0.0,0.0,0.09,0.09,0.0,0.86,0.09,0.0,0.34,0.86,0.6,0.0,0.0,0.0,4.14,1.72,54.1,,,,,,,,,,,,,,,,,
Jacob Murrell,us USA,"FW,MF",D.C. United,21-250,2004,24,7,878,9.8,0.2,0.1,0.31,0.2,0.0,0.0,0.1,0.0,0.23,0.23,0.03,0.27,1.02,1.33,5.0,0.31,0.27,0.27,Matches,2025,9.8,8.78,17.2,50.9,125.6,28.0,0.1,0.04,0.07,0.61,0.51,0.51,0.31,0.2,1.63,0.61,37.5,1.64,0.62,0.13,0.33,12.5,0.0,0.0,0.0,0.15,-0.03,-0.03,25.1,1.02,3.06,9.69,12.4,3.06,25.1,0.31,33.3,0.61,66.7,11.0,0.71,1.84,0.41,15.7,0.71,0.41,57.1,0.31,0.51,0.51,0.2,0.92,0.92,0.0,1.33,1.33,0.0,0.0,0.0,0.1,0.1,0.0,1.33,0.31,0.1,1.53,0.2,0.41,0.0,0.0,0.0,1.63,1.84,28.6,,,,,,,,,,,,,,,,,
Petar Musa,hr CRO,FW,FC Dallas,27-275,1998,30,27,2295,25.5,0.71,0.24,0.94,0.63,0.08,0.12,0.27,0.0,0.6,0.51,0.18,0.69,0.82,3.8,5.57,0.86,0.78,0.69,Matches,2025,25.5,19.7,29.9,65.9,305.1,96.4,0.24,0.15,0.06,1.22,2.51,1.41,0.04,0.71,2.9,1.18,40.5,2.9,1.18,0.22,0.53,15.4,0.04,0.08,0.12,0.18,0.1,0.11,41.0,1.37,5.02,19.2,17.1,5.45,40.9,0.86,45.8,0.98,52.1,19.2,0.51,2.39,1.22,30.1,0.67,0.31,42.9,0.47,0.75,0.63,0.24,0.9,1.22,0.0,2.98,2.98,0.43,0.0,0.08,0.71,0.71,0.0,1.61,1.02,0.86,0.43,0.24,0.31,0.0,0.0,0.0,3.1,2.9,56.5,,,,,,,,,,,,,,,,,
Daniel Musovski,us USA,FW,Seattle Sounders,30-004,1995,31,16,1562,17.4,0.8,0.23,1.03,0.75,0.06,0.06,0.34,0.0,0.81,0.76,0.05,0.82,1.09,0.8,3.79,0.98,0.87,0.82,Matches,2025,17.4,11.7,14.9,78.5,152.8,21.8,0.23,0.05,0.18,0.52,0.23,0.23,0.0,0.8,3.05,1.44,47.2,3.05,1.44,0.25,0.52,10.3,0.0,0.06,0.06,0.25,-0.01,-0.02,24.4,0.52,1.32,10.3,12.9,5.23,24.3,0.34,31.6,0.63,57.9,12.5,0.92,1.9,1.55,17.8,0.92,0.75,25.0,0.17,0.52,0.4,0.11,1.03,0.46,0.0,1.49,1.5,0.06,0.11,0.0,0.34,0.35,0.0,2.07,1.09,0.52,0.0,0.11,0.75,0.0,0.06,0.0,2.01,2.13,38.5,,,,,,,,,,,,,,,,,
Sebastiano Musu,it ITA,FW,NYCFC,25-055,2000,1,0,14,0.2,0.0,0.0,0.0,0.0,0.0,0.0,0.0,0.0,1.0,1.0,0.5,2.0,5.0,0.0,10.0,0.0,2.33,2.33,Matches,2025,0.2,25.0,25.0,100.0,320.0,90.0,0.0,0.5,-0.5,5.0,0.0,0.0,0.0,0.0,15.0,0.0,0.0,19.29,0.0,0.0,,23.0,0.0,0.0,0.0,0.08,-1.0,-1.0,50.0,0.0,0.0,20.0,30.0,10.0,50.0,0.0,,0.0,,40.0,5.0,5.0,5.0,35.0,0.0,0.0,,0.0,0.0,0.0,0.0,0.0,5.0,0.0,5.0,6.43,0.0,0.0,0.0,0.0,0.0,0.0,5.0,0.0,0.0,0.0,0.0,0.0,0.0,0.0,0.0,5.0,5.0,100.0,,,,,,,,,,,,,,,,,
Alex Muyl,us USA,"MF,FW",Nashville SC,30-065,1995,32,28,2230,24.8,0.04,0.16,0.2,0.04,0.0,0.0,0.2,0.0,0.15,0.14,0.08,0.22,1.77,1.9,5.28,0.2,0.23,0.22,Matches,2025,24.8,20.6,27.5,75.0,294.8,70.5,0.16,0.06,0.08,0.93,1.05,0.28,0.04,0.04,1.29,0.65,50.0,1.29,0.65,0.03,0.06,15.0,0.0,0.0,0.0,0.11,-0.11,-0.1,37.5,1.09,7.54,15.9,14.6,2.86,37.5,0.81,46.5,0.85,48.8,21.7,0.56,1.98,1.25,24.6,1.45,0.85,34.6,1.37,1.01,0.89,0.89,2.34,0.69,0.0,1.9,1.9,0.08,0.08,0.12,0.2,0.2,0.0,1.49,1.45,0.2,0.85,0.89,0.85,0.0,0.0,0.0,4.52,0.48,31.6,,,,,,,,,,,,,,,,,
Tristan Muyumba,fr FRA,MF,Atlanta Utd,28-272,1997,24,15,1190,13.2,0.08,0.0,0.08,0.08,0.0,0.0,0.15,0.0,0.11,0.11,0.16,0.27,0.53,5.08,1.44,0.08,0.26,0.26,Matches,2025,13.2,50.5,56.1,89.9,845.8,219.8,0.0,0.12,-0.16,0.91,4.77,0.98,0.08,0.08,0.83,0.23,27.3,0.83,0.23,0.09,0.33,18.0,0.0,0.0,0.0,0.12,-0.03,-0.03,64.7,1.74,12.7,41.1,11.4,0.98,64.7,0.68,52.9,0.53,41.2,38.7,0.15,1.06,0.68,48.1,1.67,1.06,38.1,0.98,1.14,0.83,0.91,2.58,1.14,0.15,2.2,2.19,0.08,0.0,0.08,0.15,0.15,0.0,1.06,0.68,0.08,0.08,0.91,1.06,0.0,0.0,0.0,5.68,0.61,61.5,,,,,,,,,,,,,,,,,
Darlington Nagbe,us USA,MF,Columbus Crew,35-138,1990,30,30,2595,28.8,0.0,0.0,0.0,0.0,0.0,0.0,0.03,0.0,0.02,0.02,0.01,0.03,0.76,3.61,0.66,0.0,0.03,0.03,Matches,2025,28.8,53.0,55.4,95.6,757.4,183.4,0.0,0.04,-0.01,0.52,5.28,0.24,0.03,0.0,0.31,0.07,22.2,0.31,0.07,0.0,0.0,24.2,0.0,0.0,0.0,0.05,-0.02,-0.02,60.6,2.15,12.8,37.4,10.8,0.17,60.6,0.31,47.4,0.28,42.1,38.6,0.14,0.66,0.8,47.6,0.73,0.38,60.0,0.28,0.38,0.35,0.49,1.22,0.83,0.0,1.53,1.53,0.07,0.17,0.03,0.07,0.07,0.0,0.59,1.63,0.0,0.07,0.49,0.38,0.0,0.0,0.0,5.31,0.38,61.1,,,,,,,,,,,,,,,,,
Andy Najar,hn HON,DF,Nashville SC,32-263,1993,33,28,2541,28.2,0.07,0.25,0.32,0.07,0.0,0.0,0.14,0.0,0.03,0.03,0.16,0.19,2.52,7.52,4.04,0.32,0.19,0.19,Matches,2025,28.2,55.2,67.1,82.2,928.6,367.4,0.25,0.19,0.09,1.24,5.82,2.3,0.46,0.07,0.6,0.28,47.1,0.6,0.28,0.12,0.25,22.4,0.0,0.0,0.0,0.05,0.04,0.04,77.4,3.33,22.4,38.2,17.7,1.1,77.4,1.67,58.8,0.99,35.0,45.5,0.25,1.28,0.6,50.6,2.02,1.17,57.1,0.74,0.96,0.85,1.49,3.51,2.45,0.14,3.16,3.15,0.11,0.04,0.0,0.46,0.46,0.0,1.1,0.89,0.07,2.09,1.49,1.17,0.0,0.07,0.0,5.07,0.71,54.1,,,,,,,,,,,,,,,,,
Matheus Nascimento,br BRA,FW,LA Galaxy,21-276,2004,22,13,1166,13.0,0.23,0.15,0.38,0.23,0.0,0.0,0.08,0.0,0.18,0.18,0.19,0.38,1.15,1.31,3.92,0.39,0.38,0.38,Matches,2025,13.0,10.2,15.3,66.8,124.8,29.8,0.15,0.08,-0.04,1.23,0.46,0.62,0.0,0.23,1.38,0.85,61.1,1.39,0.85,0.17,0.27,14.2,0.0,0.0,0.0,0.14,0.05,0.05,23.5,0.62,1.46,10.2,12.1,3.54,23.5,0.62,36.4,0.92,54.5,11.6,0.46,1.77,0.77,15.2,0.92,0.38,20.0,0.31,0.85,0.69,0.23,1.15,0.31,0.0,2.0,2.01,0.08,0.0,0.08,0.15,0.15,0.0,1.08,1.31,0.46,0.08,0.23,0.38,0.0,0.0,0.0,1.69,1.31,38.6,,,,,,,,,,,,,,,,,
Rafael Navarro,br BRA,FW,Colorado Rapids,25-234,2000,31,30,2661,29.6,0.41,0.1,0.51,0.34,0.07,0.14,0.07,0.0,0.46,0.35,0.19,0.54,1.25,2.16,5.68,0.44,0.65,0.54,Matches,2025,29.6,14.3,22.0,64.9,199.7,50.7,0.1,0.18,-0.09,1.11,1.18,0.84,0.1,0.41,2.84,0.95,33.3,2.84,0.95,0.12,0.36,15.2,0.0,0.07,0.14,0.13,-0.06,-0.02,36.4,0.95,3.45,14.6,19.1,4.76,36.3,0.95,40.0,1.05,44.3,19.4,0.51,3.51,1.72,24.1,1.55,1.01,29.0,0.74,1.05,0.98,0.44,1.99,0.81,0.0,3.18,3.18,0.24,0.54,0.07,0.54,0.54,0.0,1.59,2.26,0.78,0.64,0.44,1.01,0.17,0.0,0.03,3.14,1.99,40.1,,,,,,,,,,,,,,,,,
Logan Ndenbe,be BEL,DF,Sporting KC,25-298,2000,30,22,1990,22.1,0.05,0.0,0.05,0.05,0.0,0.0,0.09,0.0,0.1,0.1,0.05,0.16,3.89,4.48,8.73,0.05,0.16,0.16,Matches,2025,22.1,46.7,57.0,81.8,699.5,213.3,0.0,0.07,-0.05,0.72,3.76,1.0,0.41,0.05,0.86,0.18,21.1,0.86,0.18,0.05,0.25,14.9,0.0,0.0,0.0,0.12,-0.06,-0.06,65.9,2.04,14.2,28.3,24.0,2.13,65.9,0.45,43.5,0.5,47.8,36.6,0.32,0.77,0.59,41.2,1.9,1.49,63.6,0.54,0.86,0.59,1.04,2.94,1.63,0.0,1.49,1.49,0.0,0.18,0.0,0.0,0.0,0.0,0.41,1.31,0.27,2.85,1.04,1.49,0.0,0.0,0.0,4.16,0.5,45.8,,,,,,,,,,,,,,,,,
Jalen Neal,us USA,DF,CF Montréal,22-102,2003,14,12,950,10.6,0.09,0.0,0.09,0.09,0.0,0.0,0.09,0.0,0.04,0.04,0.0,0.04,0.38,2.74,0.09,0.09,0.04,0.04,Matches,2025,10.6,55.2,61.4,89.9,1101.6,324.9,0.0,0.01,0.0,0.09,2.45,0.09,0.0,0.09,0.28,0.19,66.7,0.28,0.19,0.33,0.5,8.4,0.0,0.0,0.0,0.14,0.06,0.06,71.8,8.96,41.7,29.2,1.32,0.38,71.8,0.09,100.0,0.0,0.0,47.6,0.0,0.47,0.28,50.5,3.4,2.36,62.5,0.85,0.94,0.19,1.13,4.53,3.4,0.28,1.13,1.14,0.0,0.0,0.0,0.28,0.28,0.0,0.94,0.28,0.19,0.0,1.13,2.36,0.0,0.0,0.0,4.43,1.13,38.7,,,,,,,,,,,,,,,,,
Dylan Nealis,us USA,DF,NY Red Bulls,27-127,1998,18,13,1093,12.1,0.08,0.0,0.08,0.08,0.0,0.0,0.25,0.0,0.08,0.08,0.04,0.12,1.65,3.22,6.45,0.08,0.12,0.12,Matches,2025,12.1,48.1,63.2,76.1,862.1,225.4,0.0,0.08,-0.04,0.74,2.81,0.99,0.5,0.08,0.83,0.25,30.0,0.82,0.25,0.1,0.33,15.4,0.0,0.0,0.0,0.1,0.0,0.0,74.5,2.73,19.3,32.2,23.4,2.81,74.5,0.58,43.8,0.5,37.5,37.9,0.33,1.98,0.99,46.8,1.9,1.49,61.3,0.99,0.99,0.83,0.74,2.64,2.81,0.0,1.98,1.97,0.17,0.33,0.0,0.08,0.08,0.0,1.4,1.65,0.0,2.48,0.74,1.49,0.08,0.0,0.0,3.55,1.74,50.0,,,,,,,,,,,,,,,,,
Sean Nealis,us USA,DF,NY Red Bulls,28-325,1997,25,20,1833,20.4,0.0,0.0,0.0,0.0,0.0,0.0,0.39,0.0,0.01,0.01,0.02,0.03,0.54,2.84,0.25,0.0,0.04,0.04,Matches,2025,20.4,52.8,59.5,88.8,918.9,293.5,0.0,0.01,-0.02,0.15,2.65,0.05,0.0,0.0,0.25,0.05,20.0,0.25,0.05,0.0,0.0,14.8,0.0,0.0,0.0,0.06,-0.01,-0.01,71.7,7.89,35.0,34.0,2.99,0.93,71.7,0.1,40.0,0.15,60.0,37.6,0.05,0.15,0.2,46.8,1.37,0.98,84.0,0.2,0.98,0.29,1.62,2.99,6.76,0.05,0.59,0.59,0.0,0.0,0.0,0.05,0.05,0.0,0.93,0.15,0.05,0.05,1.62,0.98,0.0,0.05,0.0,3.87,2.55,57.8,,,,,,,,,,,,,,,,,
Jack Neeley,us USA,DF,Charlotte,20-268,2005,1,0,3,0.0,0.0,0.0,0.0,0.0,0.0,0.0,0.0,0.0,0.0,0.0,0.0,0.0,0.0,0.0,0.0,0.0,0.0,0.0,Matches,2025,0.0,2.0,3.0,66.7,53.0,52.0,0.0,0.0,0.0,0.0,0.0,0.0,0.0,0.0,0.0,0.0,,0.0,0.0,,,,0.0,0.0,0.0,,0.0,0.0,4.0,0.0,4.0,0.0,0.0,0.0,4.0,0.0,,0.0,,1.0,0.0,0.0,0.0,1.0,1.0,1.0,,0.0,0.0,0.0,0.0,1.0,0.0,0.0,0.0,0.0,0.0,0.0,0.0,0.0,0.0,0.0,0.0,0.0,0.0,0.0,0.0,1.0,0.0,0.0,0.0,0.0,0.0,,,,,,,,,,,,,,,,,,
Franco Negri,ar ARG,DF,San Diego FC,30-287,1995,15,9,657,7.3,0.14,0.14,0.27,0.14,0.0,0.0,0.55,0.0,0.03,0.03,0.15,0.18,2.05,6.85,4.93,0.27,0.17,0.17,Matches,2025,7.3,63.6,79.0,80.4,1039.9,394.7,0.14,0.11,-0.01,0.82,6.58,1.1,0.27,0.14,0.68,0.27,40.0,0.68,0.27,0.2,0.5,18.1,0.0,0.0,0.0,0.03,0.11,0.11,90.1,2.6,21.6,44.4,24.8,1.37,90.1,0.68,35.7,1.1,57.1,47.1,0.14,1.37,0.41,61.2,2.19,1.37,100.0,0.0,1.78,1.23,1.1,3.29,2.05,0.27,1.64,1.64,0.14,0.0,0.0,0.27,0.27,0.0,1.64,0.41,0.0,3.29,1.1,1.37,0.0,0.14,0.0,4.93,0.41,42.9,,,,,,,,,,,,,,,,,
Jayden Nelson,ca CAN,FW,Vancouver W'caps,23-069,2002,23,16,1321,14.7,0.14,0.34,0.48,0.14,0.0,0.0,0.27,0.07,0.22,0.22,0.29,0.51,4.01,2.45,9.18,0.48,0.51,0.51,Matches,2025,14.7,19.9,25.9,76.9,266.9,66.3,0.34,0.24,0.05,1.22,1.29,1.16,0.14,0.14,2.04,0.61,30.0,2.04,0.61,0.07,0.22,17.2,0.07,0.0,0.0,0.11,-0.09,-0.09,42.6,0.41,4.63,12.9,26.4,5.44,42.6,2.79,41.8,3.4,51.0,29.4,2.52,4.29,1.7,30.5,1.5,1.09,28.6,1.36,0.88,0.88,0.41,1.9,0.34,0.0,3.54,3.55,0.75,0.68,0.0,0.68,0.68,0.07,2.31,1.9,0.2,2.18,0.41,1.09,0.07,0.0,0.0,4.01,0.48,30.4,,,,,,,,,,,,,,,,,
John Nelson,us USA,DF,LA Galaxy,27-146,1998,31,24,2044,22.7,0.0,0.04,0.04,0.0,0.0,0.0,0.09,0.0,0.02,0.02,0.04,0.06,1.59,4.32,3.7,0.04,0.06,0.06,Matches,2025,22.7,46.6,54.8,85.1,744.8,235.4,0.04,0.06,0.01,0.62,3.83,0.53,0.09,0.0,0.4,0.04,11.1,0.4,0.04,0.0,0.0,22.9,0.0,0.0,0.0,0.06,-0.02,-0.02,64.8,4.49,21.9,32.0,11.4,0.97,64.8,0.09,33.3,0.18,66.7,35.5,0.04,0.75,0.18,42.1,1.41,0.97,54.2,0.48,1.19,0.57,0.93,2.33,3.79,0.0,1.15,1.14,0.0,0.0,0.04,0.13,0.13,0.0,0.7,0.26,0.09,0.53,0.93,0.97,0.0,0.04,0.0,3.17,0.62,38.9,,,,,,,,,,,,,,,,,
Jean-Claude Ngando,cm CMR,"MF,FW",Vancouver W'caps,26-014,1999,25,13,1256,14.0,0.14,0.21,0.36,0.14,0.0,0.0,0.07,0.0,0.09,0.09,0.15,0.24,2.57,5.71,5.57,0.36,0.24,0.24,Matches,2025,14.0,33.9,39.7,85.4,544.8,129.1,0.21,0.2,0.06,1.93,3.14,1.86,0.21,0.14,1.0,0.43,42.9,1.0,0.43,0.14,0.33,17.2,0.0,0.0,0.0,0.09,0.05,0.05,50.1,1.43,7.57,22.2,21.1,2.93,50.1,1.07,36.6,1.64,56.1,33.4,0.86,1.43,1.07,36.6,1.36,0.86,47.8,0.86,1.29,1.0,0.43,1.79,0.5,0.07,4.07,4.08,0.14,0.21,0.14,0.5,0.5,0.0,0.64,1.57,0.14,0.79,0.43,0.86,0.0,0.0,0.0,5.07,0.43,46.2,,,,,,,,,,,,,,,,,
Serge Ngoma,us USA,"FW,MF",NY Red Bulls,20-148,2005,20,5,630,7.0,0.14,0.0,0.14,0.14,0.0,0.0,0.57,0.0,0.1,0.1,0.2,0.29,2.0,2.0,7.0,0.14,0.29,0.29,Matches,2025,7.0,12.6,19.9,63.3,172.9,51.1,0.0,0.17,-0.2,0.86,0.71,0.43,0.0,0.14,1.71,0.43,25.0,1.71,0.43,0.08,0.33,17.3,0.0,0.0,0.0,0.06,0.04,0.04,32.3,1.0,5.14,11.4,16.6,4.86,32.3,1.0,53.8,0.71,38.5,17.9,1.14,3.29,1.71,21.1,1.43,1.0,45.5,0.86,1.14,1.14,0.29,1.71,1.0,0.0,1.29,1.28,0.14,0.0,0.0,0.0,0.0,0.0,2.57,1.14,0.29,0.57,0.29,1.0,0.0,0.0,0.0,2.43,0.86,26.1,,,,,,,,,,,,,,,,,
Kenneth Nielsen,us USA,DF,LAFC,23-294,2002,2,1,94,1.0,0.0,0.0,0.0,0.0,0.0,0.0,0.0,0.0,0.1,0.1,0.0,0.1,1.0,6.0,0.0,0.0,0.07,0.07,Matches,2025,1.0,104.0,110.0,94.5,1961.0,513.0,0.0,0.0,0.0,0.0,8.0,0.0,0.0,0.0,1.0,1.0,100.0,0.96,0.96,0.0,0.0,9.0,0.0,0.0,0.0,0.07,-0.1,-0.1,122.0,10.0,54.0,65.0,4.0,1.0,122.0,0.0,,0.0,,89.0,0.0,0.0,0.0,92.0,0.0,0.0,,0.0,2.0,1.0,2.0,2.0,7.0,0.0,0.0,0.0,0.0,0.0,0.0,0.0,0.0,0.0,1.0,0.0,0.0,0.0,2.0,0.0,0.0,0.0,0.0,7.0,5.0,83.3,,,,,,,,,,,,,,,,,
Joakim Nilsson,se SWE,"DF,MF",St. Louis,31-301,1994,6,2,133,1.5,0.0,0.0,0.0,0.0,0.0,0.0,0.0,0.0,0.27,0.27,0.0,0.27,1.33,5.33,0.0,0.0,0.28,0.28,Matches,2025,1.5,60.0,70.0,85.7,1140.7,506.7,0.0,0.07,0.0,0.0,6.0,0.67,0.0,0.0,0.67,0.0,0.0,0.68,0.0,0.0,,4.5,0.0,0.0,0.0,0.41,-0.27,-0.27,82.0,13.3,42.0,36.7,3.33,0.67,82.0,0.0,,0.0,,50.7,0.0,0.0,0.67,57.3,3.33,0.67,50.0,2.0,2.0,0.67,2.0,5.33,4.67,0.0,2.0,2.03,0.0,0.0,0.0,0.0,0.0,0.0,1.33,0.0,0.0,0.67,2.0,0.67,0.0,0.0,0.0,4.67,1.33,50.0,,,,,,,,,,,,,,,,,
Nolan Norris,us USA,"DF,MF",FC Dallas,20-290,2005,13,8,635,7.1,0.0,0.14,0.14,0.0,0.0,0.0,0.42,0.0,0.08,0.08,0.17,0.25,0.99,3.38,1.55,0.14,0.26,0.26,Matches,2025,7.1,43.0,54.8,78.4,686.9,230.3,0.14,0.06,-0.03,0.42,2.54,0.56,0.14,0.0,0.7,0.14,20.0,0.71,0.14,0.0,0.0,13.1,0.0,0.0,0.0,0.12,-0.08,-0.08,67.0,4.23,27.6,32.1,7.32,0.7,67.0,0.28,33.3,0.42,50.0,32.7,0.0,0.56,0.28,40.7,2.25,1.83,60.0,1.13,1.69,1.27,1.27,3.52,4.08,0.0,0.42,0.43,0.0,0.0,0.0,0.0,0.0,0.0,2.11,1.55,0.0,0.99,1.27,1.83,0.0,0.0,0.0,4.51,2.25,76.2,,,,,,,,,,,,,,,,,
Tsiki Ntsabeleng,za RSA,MF,FC Dallas,27-298,1998,13,1,337,3.7,0.0,0.27,0.27,0.0,0.0,0.0,0.27,0.0,0.11,0.11,0.16,0.27,1.08,4.05,1.62,0.27,0.27,0.27,Matches,2025,3.7,34.6,43.5,79.5,523.8,170.8,0.27,0.05,0.11,1.08,5.41,0.54,0.27,0.0,1.62,0.27,16.7,1.6,0.27,0.0,0.0,16.5,0.0,0.0,0.0,0.07,-0.11,-0.11,55.4,0.81,14.9,31.1,9.46,1.89,55.4,0.54,50.0,0.54,50.0,28.9,0.54,1.62,0.81,39.2,2.43,1.35,37.5,1.35,0.54,0.54,1.62,4.05,1.08,0.0,1.89,1.87,0.27,0.0,0.0,0.0,0.0,0.0,1.35,1.35,0.0,0.27,1.62,1.35,0.0,0.0,0.0,4.32,0.81,75.0,,,,,,,,,,,,,,,,,
Obinna Nwobodo,ng NGA,MF,FC Cincinnati,29-005,1996,14,11,867,9.6,0.0,0.0,0.0,0.0,0.0,0.0,0.42,0.0,0.02,0.02,0.01,0.03,0.31,4.79,0.83,0.0,0.03,0.03,Matches,2025,9.6,41.5,48.5,85.4,701.1,217.4,0.0,0.02,-0.01,0.52,4.38,0.1,0.1,0.0,0.52,0.0,0.0,0.52,0.0,0.0,,24.9,0.0,0.0,0.0,0.04,-0.02,-0.02,61.3,2.29,15.9,39.4,6.56,0.1,61.3,0.73,58.3,0.31,25.0,30.1,0.0,1.25,0.31,36.4,3.33,2.08,35.7,1.88,1.35,1.04,1.98,5.31,1.56,0.0,1.77,1.77,0.1,0.0,0.0,0.0,0.0,0.0,1.56,0.83,0.0,0.21,1.98,2.08,0.0,0.0,0.0,8.23,0.42,44.4,,,,,,,,,,,,,,,,,
Aiden O'Neill,au AUS,MF,NYCFC,27-153,1998,20,17,1506,16.7,0.0,0.0,0.0,0.0,0.0,0.0,0.24,0.0,0.02,0.02,0.04,0.06,1.14,4.19,0.6,0.0,0.06,0.06,Matches,2025,16.7,50.1,57.0,87.9,839.0,234.2,0.0,0.04,-0.04,0.6,4.91,0.3,0.0,0.0,0.6,0.06,10.0,0.6,0.06,0.0,0.0,27.5,0.0,0.0,0.0,0.03,-0.02,-0.02,65.9,2.16,16.9,40.1,9.34,0.48,65.9,0.54,64.3,0.3,35.7,37.8,0.18,1.02,0.72,46.9,2.63,1.5,67.7,0.6,0.9,0.66,0.78,3.41,1.2,0.06,1.5,1.49,0.06,0.0,0.0,0.3,0.3,0.0,1.68,1.26,0.0,0.48,0.78,1.5,0.0,0.06,0.0,5.09,0.48,40.0,,,,,,,,,,,,,,,,,
Kevin O'Toole,ie IRL,"DF,MF",NYCFC,26-355,1998,26,22,1893,21.0,0.05,0.05,0.1,0.05,0.0,0.0,0.33,0.05,0.03,0.03,0.07,0.1,1.29,5.29,4.33,0.1,0.1,0.1,Matches,2025,21.0,55.3,66.3,83.4,850.5,279.5,0.05,0.06,-0.02,0.71,4.05,0.62,0.1,0.05,0.43,0.24,55.6,0.43,0.24,0.11,0.2,21.5,0.0,0.0,0.0,0.07,0.02,0.02,78.4,4.24,21.1,40.5,17.0,1.29,78.4,0.33,41.2,0.48,58.8,39.8,0.1,1.43,1.0,51.0,2.0,1.24,61.0,0.76,1.52,1.1,1.14,3.14,3.86,0.05,1.48,1.47,0.0,0.05,0.05,0.1,0.1,0.05,1.24,0.52,0.05,2.0,1.14,1.24,0.0,0.0,0.0,3.86,1.29,51.9,,,,,,,,,,,,,,,,,
Allen Obando,ec ECU,FW,Inter Miami,19-174,2006,6,1,157,1.7,0.59,0.0,0.59,0.59,0.0,0.0,0.0,0.0,0.35,0.35,0.0,0.35,0.0,2.35,2.35,0.57,0.36,0.36,Matches,2025,1.7,13.5,18.8,71.9,164.1,43.5,0.0,0.0,0.0,0.0,1.18,0.0,0.0,0.59,1.18,0.59,50.0,1.15,0.57,0.5,1.0,8.5,0.0,0.0,0.0,0.31,0.24,0.24,31.8,1.76,5.88,17.6,8.82,1.76,31.8,0.59,20.0,1.76,60.0,13.5,0.59,2.94,1.76,18.8,1.18,1.18,0.0,1.76,0.0,0.0,0.0,1.18,1.18,0.0,1.18,1.15,0.0,0.59,0.0,0.0,0.0,0.0,3.53,1.18,0.0,0.0,0.0,1.18,0.0,0.0,0.0,1.18,3.53,60.0,,,,,,,,,,,,,,,,,
Jáder Obrian,co COL,"FW,MF",Austin,30-200,1995,31,9,915,10.2,0.0,0.1,0.1,0.0,0.0,0.0,0.39,0.0,0.18,0.18,0.04,0.23,1.67,2.65,5.78,0.1,0.22,0.22,Matches,2025,10.2,17.1,24.8,68.8,250.3,83.1,0.1,0.08,0.06,0.88,1.86,1.27,0.1,0.0,1.47,0.49,33.3,1.48,0.49,0.0,0.0,19.5,0.0,0.0,0.0,0.12,-0.18,-0.18,35.0,0.88,7.25,13.7,14.6,2.84,35.0,0.88,50.0,0.69,38.9,20.5,0.88,2.25,1.08,23.4,1.96,1.37,42.9,0.78,0.98,0.88,0.2,2.16,0.88,0.0,2.16,2.16,0.29,0.1,0.0,0.1,0.1,0.0,0.98,2.35,0.78,1.37,0.2,1.37,0.0,0.0,0.0,4.51,1.37,56.0,,,,,,,,,,,,,,,,,
Édier Ocampo,co COL,DF,Vancouver W'caps,22-062,2003,30,26,2173,24.1,0.08,0.0,0.08,0.08,0.0,0.0,0.41,0.04,0.12,0.12,0.13,0.25,3.65,3.24,10.1,0.08,0.25,0.25,Matches,2025,24.1,39.2,49.0,80.0,597.8,148.3,0.0,0.18,-0.13,0.83,1.95,1.49,0.71,0.08,1.62,0.41,25.6,1.62,0.41,0.05,0.2,18.9,0.0,0.0,0.0,0.07,-0.04,-0.04,60.9,2.74,13.5,24.6,23.7,2.95,60.9,0.79,55.9,0.41,29.4,38.2,1.08,1.66,1.24,42.1,1.83,1.33,55.1,0.91,1.83,1.37,0.62,2.45,2.49,0.0,2.12,2.11,0.12,0.21,0.0,0.25,0.25,0.04,1.45,1.49,0.12,3.98,0.62,1.33,0.04,0.04,0.0,4.11,0.41,35.7,,,,,,,,,,,,,,,,,
Agustin Ojeda,ar ARG,"FW,MF",NYCFC,21-168,2004,34,12,1344,14.9,0.0,0.34,0.34,0.0,0.0,0.0,0.07,0.0,0.09,0.09,0.24,0.34,4.5,3.76,10.9,0.33,0.33,0.33,Matches,2025,14.9,32.3,40.9,79.0,475.2,111.0,0.34,0.17,0.09,1.61,2.62,1.14,0.13,0.0,1.28,0.27,21.1,1.27,0.27,0.0,0.0,19.9,0.0,0.0,0.0,0.07,-0.09,-0.09,52.6,1.54,6.98,20.4,26.0,4.63,52.6,1.48,36.1,2.48,60.7,34.6,1.95,1.81,1.01,39.4,1.68,1.21,52.4,0.67,0.67,0.6,0.74,2.42,1.01,0.07,3.36,3.35,0.2,0.2,0.2,0.54,0.54,0.0,1.01,0.94,0.67,2.28,0.74,1.21,0.07,0.0,0.0,5.3,0.54,30.8,,,,,,,,,,,,,,,,,
Braian Ojeda,py PAR,MF,Real Salt Lake,25-160,2000,30,25,2105,23.4,0.09,0.0,0.09,0.09,0.0,0.0,0.26,0.0,0.08,0.08,0.05,0.13,1.45,5.51,1.67,0.09,0.13,0.13,Matches,2025,23.4,47.1,53.8,87.5,795.5,226.3,0.0,0.12,-0.05,1.03,5.17,0.77,0.3,0.09,1.54,0.47,30.6,1.54,0.47,0.06,0.18,25.2,0.0,0.0,0.0,0.05,0.01,0.01,64.2,2.74,14.3,37.6,13.1,0.85,64.2,1.24,59.2,0.6,28.6,37.4,0.13,1.5,0.9,45.7,1.62,0.9,38.2,0.9,0.81,0.64,1.32,2.95,1.54,0.13,2.99,2.99,0.09,0.09,0.13,0.09,0.09,0.0,1.58,1.84,0.0,0.85,1.32,0.9,0.0,0.0,0.0,5.64,0.9,52.5,,,,,,,,,,,,,,,,,
Martín Ojeda,ar ARG,"MF,FW",Orlando City,27-007,1998,33,30,2680,29.8,0.54,0.3,0.84,0.47,0.07,0.07,0.0,0.0,0.4,0.35,0.35,0.69,2.18,5.84,7.75,0.77,0.74,0.69,Matches,2025,29.8,34.2,43.7,78.1,608.1,197.5,0.3,0.26,-0.04,3.29,3.72,1.64,0.57,0.54,3.46,1.28,36.9,3.46,1.28,0.14,0.37,18.4,0.2,0.07,0.07,0.1,0.14,0.12,52.9,0.4,5.23,21.8,26.5,5.03,52.9,0.64,45.2,0.74,52.4,30.8,0.84,2.18,0.84,38.9,0.91,0.64,29.0,0.74,0.54,0.54,0.37,1.28,0.23,0.0,6.14,6.15,0.2,0.13,0.07,0.67,0.67,0.0,0.64,0.87,0.3,5.74,0.37,0.64,0.0,0.0,0.0,4.19,0.2,30.0,,,,,,,,,,,,,,,,,
Victor Olatunji,ng NGA,FW,Real Salt Lake,26-090,1999,8,7,643,7.1,0.56,0.0,0.56,0.56,0.0,0.0,0.14,0.14,0.42,0.42,0.1,0.54,1.69,1.41,5.77,0.56,0.53,0.53,Matches,2025,7.1,11.4,15.8,72.3,179.2,34.5,0.0,0.11,-0.1,0.99,0.85,0.56,0.14,0.56,2.82,1.97,70.0,2.8,1.96,0.2,0.29,16.5,0.0,0.0,0.0,0.15,0.14,0.14,28.3,1.55,3.94,10.6,14.9,4.65,28.3,1.41,62.5,0.85,37.5,16.6,0.99,2.68,1.27,18.0,0.7,0.28,100.0,0.0,0.7,0.56,0.56,1.27,1.13,0.0,2.39,2.38,0.56,0.42,0.0,0.0,0.0,0.0,2.25,1.69,1.13,0.28,0.56,0.28,0.14,0.0,0.0,2.68,1.13,32.0,,,,,,,,,,,,,,,,,
Salvador Olivas,us USA,FW,Philadelphia Union,19-146,2006,3,0,47,0.5,0.0,0.0,0.0,0.0,0.0,0.0,2.0,0.0,0.6,0.6,0.0,0.8,2.0,0.0,10.0,0.0,0.67,0.67,Matches,2025,0.5,10.0,16.0,62.5,106.0,12.0,0.0,0.0,0.0,2.0,0.0,0.0,0.0,0.0,4.0,2.0,50.0,3.83,1.91,0.0,0.0,14.1,0.0,0.0,0.0,0.17,-0.6,-0.6,30.0,0.0,0.0,10.0,20.0,8.0,30.0,0.0,,0.0,,14.0,2.0,4.0,0.0,16.0,2.0,2.0,,0.0,6.0,6.0,0.0,2.0,0.0,0.0,4.0,3.83,0.0,0.0,2.0,0.0,0.0,0.0,4.0,0.0,2.0,0.0,0.0,2.0,0.0,0.0,0.0,4.0,4.0,100.0,,,,,,,,,,,,,,,,,
Toyosi Olusanya,eng ENG,"FW,MF",Houston Dynamo,28-051,1997,6,0,58,0.6,0.0,1.67,1.67,0.0,0.0,0.0,1.67,0.0,0.0,0.0,0.17,0.17,0.0,3.33,8.33,1.55,0.18,0.18,Matches,2025,0.6,18.3,26.7,68.8,175.0,23.3,1.67,0.0,1.5,1.67,1.67,1.67,0.0,0.0,1.67,1.67,100.0,1.55,1.55,0.0,0.0,21.6,0.0,0.0,0.0,0.02,0.0,0.0,38.3,0.0,3.33,8.33,26.7,3.33,38.3,1.67,100.0,0.0,0.0,23.3,0.0,1.67,1.67,26.7,1.67,1.67,,0.0,0.0,0.0,0.0,1.67,0.0,0.0,5.0,4.66,0.0,3.33,0.0,1.67,1.55,0.0,3.33,3.33,0.0,1.67,0.0,1.67,0.0,0.0,0.0,3.33,1.67,25.0,,,,,,,,,,,,,,,,,
Tani Oluwaseyi,ca CAN,"FW,MF",Minnesota Utd,25-203,2000,24,21,1856,20.6,0.49,0.34,0.83,0.49,0.0,0.0,0.24,0.0,0.47,0.47,0.22,0.68,1.65,1.12,4.37,0.82,0.68,0.68,Matches,2025,20.6,12.1,17.9,67.5,152.1,27.8,0.34,0.15,0.12,1.17,0.53,0.44,0.05,0.49,3.01,1.36,45.2,3.01,1.36,0.16,0.36,13.9,0.0,0.0,0.0,0.16,0.02,0.02,31.3,1.5,3.98,11.7,16.2,5.39,31.3,0.58,26.1,1.55,69.6,15.4,0.87,2.72,1.07,18.9,1.12,0.63,31.3,0.53,0.73,0.49,0.34,1.46,1.5,0.05,2.23,2.23,0.05,0.15,0.1,0.49,0.48,0.0,1.65,0.83,0.34,0.34,0.34,0.63,0.0,0.0,0.0,2.38,2.72,50.5,,,,,,,,,,,,,,,,,
Wyatt Omsberg,us USA,DF,NE Revolution,30-074,1995,9,4,393,4.4,0.0,0.0,0.0,0.0,0.0,0.0,0.0,0.0,0.16,0.16,0.0,0.16,0.0,1.82,0.0,0.0,0.15,0.15,Matches,2025,4.4,49.5,55.5,89.3,916.4,311.4,0.0,0.02,0.0,0.0,1.82,0.0,0.0,0.0,0.45,0.0,0.0,0.46,0.0,0.0,,5.6,0.0,0.0,0.0,0.34,-0.16,-0.16,69.5,11.1,40.5,28.0,1.36,1.14,69.5,0.0,,0.0,,41.4,0.0,0.23,0.23,45.2,2.05,0.91,60.0,0.45,2.73,0.91,0.91,2.95,6.82,0.0,0.45,0.46,0.0,0.0,0.0,0.0,0.0,0.0,0.68,0.45,0.0,0.0,0.91,0.91,0.0,0.0,0.0,2.95,2.5,52.4,,,,,,,,,,,,,,,,,
Kwadwo Opoku,gh GHA,"FW,MF",CF Montréal,24-144,2001,9,2,192,2.1,0.0,0.0,0.0,0.0,0.0,0.0,0.48,0.0,0.05,0.05,0.0,0.05,3.33,1.43,7.14,0.0,0.06,0.06,Matches,2025,2.1,21.4,27.6,77.6,277.6,67.1,0.0,0.05,0.0,0.0,1.43,0.48,0.48,0.0,1.43,0.48,33.3,1.41,0.47,0.0,0.0,16.6,0.0,0.0,0.0,0.05,-0.05,-0.05,36.7,1.43,5.24,14.8,17.6,2.86,36.7,0.95,33.3,1.9,66.7,25.7,0.48,1.43,3.33,28.6,1.9,1.43,50.0,0.48,0.95,0.48,0.0,1.9,1.43,0.0,0.48,0.47,0.48,0.0,0.0,0.0,0.0,0.0,0.48,1.43,0.48,0.95,0.0,1.43,0.0,0.0,0.0,3.81,0.0,0.0,,,,,,,,,,,,,,,,,
Nathan Ordaz,sv SLV,FW,LAFC,21-326,2004,26,15,1313,14.6,0.34,0.21,0.55,0.34,0.0,0.0,0.07,0.0,0.38,0.38,0.16,0.53,2.19,2.19,6.44,0.55,0.54,0.54,Matches,2025,14.6,22.3,27.3,81.7,301.6,51.2,0.21,0.18,0.04,1.51,0.96,1.03,0.07,0.34,1.92,0.89,46.4,1.92,0.89,0.18,0.38,14.2,0.0,0.0,0.0,0.2,-0.03,-0.03,36.1,1.16,4.25,14.8,17.8,4.38,36.1,0.68,43.5,0.89,56.5,22.6,0.96,2.12,0.82,27.2,0.48,0.21,29.4,0.82,0.82,0.75,0.55,1.03,0.62,0.0,2.6,2.61,0.14,0.14,0.0,0.41,0.41,0.0,1.03,1.16,0.75,0.89,0.55,0.21,0.0,0.0,0.07,3.22,0.14,11.8,,,,,,,,,,,,,,,,,
Sergio Oregel,us USA,MF,Chicago Fire,20-202,2005,28,25,2046,22.7,0.0,0.0,0.0,0.0,0.0,0.0,0.31,0.0,0.04,0.04,0.1,0.14,0.66,6.04,1.94,0.0,0.14,0.14,Matches,2025,22.7,55.9,61.6,90.8,906.9,288.6,0.0,0.07,-0.1,0.93,6.17,0.53,0.04,0.0,0.57,0.18,30.8,0.57,0.18,0.0,0.0,22.5,0.0,0.0,0.0,0.07,-0.04,-0.04,69.0,1.41,17.5,41.1,11.3,0.53,69.0,0.57,38.2,0.84,55.9,42.6,0.04,0.88,0.84,54.8,1.01,0.35,46.2,0.62,0.75,0.62,0.97,1.98,0.62,0.18,2.25,2.24,0.0,0.0,0.04,0.09,0.09,0.0,1.28,0.79,0.0,0.22,0.97,0.35,0.0,0.0,0.0,4.8,0.22,38.5,,,,,,,,,,,,,,,,,
Luca Orellano,ar ARG,"DF,FW",FC Cincinnati,25-257,2000,27,22,1917,21.3,0.09,0.23,0.33,0.09,0.0,0.0,0.14,0.0,0.14,0.14,0.18,0.31,5.4,4.18,8.36,0.33,0.31,0.31,Matches,2025,21.3,33.2,44.1,75.3,550.2,142.5,0.23,0.25,0.06,1.74,2.39,1.5,0.38,0.09,2.68,1.22,45.6,2.68,1.22,0.04,0.08,25.4,0.23,0.0,0.0,0.05,-0.04,-0.04,55.7,0.89,6.29,21.3,29.6,3.85,55.7,2.58,48.2,2.54,47.4,36.9,2.02,1.78,2.3,40.7,1.03,0.47,68.2,0.33,0.42,0.42,0.23,1.27,0.47,0.05,4.04,4.04,0.33,0.23,0.05,0.42,0.42,0.0,0.42,1.27,0.09,4.74,0.23,0.47,0.0,0.0,0.0,4.13,0.23,45.5,,,,,,,,,,,,,,,,,
Jaziel Orozco,us USA,DF,St. Louis,21-185,2004,7,6,531,5.9,0.17,0.0,0.17,0.17,0.0,0.0,0.17,0.0,0.05,0.05,0.02,0.05,1.36,4.58,1.86,0.17,0.06,0.06,Matches,2025,5.9,47.5,53.6,88.6,704.6,252.4,0.0,0.03,-0.02,0.51,3.9,0.51,0.17,0.17,0.68,0.17,25.0,0.68,0.17,0.25,1.0,17.3,0.0,0.0,0.0,0.07,0.12,0.12,63.4,4.92,22.4,31.5,10.2,1.19,63.4,0.51,60.0,0.34,40.0,33.9,0.34,1.36,0.51,40.0,1.53,1.19,66.7,0.34,1.53,0.34,0.85,2.37,3.22,0.0,2.2,2.2,0.0,0.0,0.0,0.17,0.17,0.0,1.86,1.69,0.0,0.68,0.85,1.19,0.0,0.34,0.0,4.41,1.53,60.0,,,,,,,,,,,,,,,,,
Pablo Ortiz,co COL,DF,Houston Dynamo,25-179,2000,20,16,1393,15.5,0.06,0.0,0.06,0.06,0.0,0.0,0.39,0.0,0.02,0.02,0.01,0.02,0.06,1.48,0.06,0.06,0.02,0.02,Matches,2025,15.5,48.1,53.6,89.7,775.7,295.5,0.0,0.02,-0.01,0.06,1.48,0.0,0.0,0.06,0.26,0.13,50.0,0.26,0.13,0.25,0.5,8.1,0.0,0.0,0.0,0.06,0.05,0.05,62.3,9.29,38.1,23.3,1.1,0.58,62.3,0.13,66.7,0.06,33.3,35.8,0.0,0.45,0.32,40.7,1.03,0.84,46.2,0.45,1.1,0.52,0.9,1.94,4.13,0.0,0.19,0.19,0.0,0.06,0.0,0.06,0.06,0.0,1.16,0.39,0.06,0.0,0.9,0.84,0.06,0.06,0.0,3.74,0.97,55.6,,,,,,,,,,,,,,,,,
Harold Osorio,sv SLV,MF,Chicago Fire,22-106,2003,1,0,1,0.0,0.0,0.0,0.0,0.0,0.0,0.0,0.0,0.0,0.0,0.0,0.0,0.0,0.0,0.0,0.0,0.0,0.0,0.0,Matches,2025,0.0,0.0,1.0,0.0,0.0,0.0,0.0,0.0,0.0,0.0,0.0,0.0,0.0,0.0,0.0,0.0,,0.0,0.0,,,,0.0,0.0,0.0,,0.0,0.0,2.0,0.0,0.0,1.0,1.0,0.0,2.0,0.0,,0.0,,0.0,0.0,0.0,0.0,1.0,0.0,0.0,,0.0,0.0,0.0,0.0,0.0,0.0,0.0,0.0,0.0,0.0,0.0,0.0,0.0,0.0,0.0,0.0,0.0,0.0,0.0,0.0,0.0,0.0,0.0,0.0,0.0,1.0,33.3,,,,,,,,,,,,,,,,,
Jonathan Osorio,ca CAN,MF,Toronto FC,33-175,1992,24,21,1920,21.3,0.19,0.05,0.23,0.19,0.0,0.0,0.05,0.0,0.12,0.12,0.06,0.18,0.8,4.46,2.11,0.23,0.18,0.18,Matches,2025,21.3,39.2,45.1,87.0,600.3,164.8,0.05,0.09,-0.01,0.8,3.76,0.66,0.0,0.19,0.75,0.47,62.5,0.75,0.47,0.25,0.4,16.5,0.0,0.0,0.0,0.16,0.07,0.07,53.4,2.44,12.1,28.4,13.4,1.31,53.4,0.38,61.5,0.23,38.5,31.5,0.19,1.27,0.85,36.5,1.69,0.75,57.1,0.56,0.8,0.47,0.85,2.54,1.13,0.0,1.74,1.73,0.05,0.05,0.05,0.14,0.14,0.0,0.8,1.69,0.05,0.75,0.85,0.75,0.0,0.0,0.0,4.98,0.42,40.9,,,,,,,,,,,,,,,,,
Tomáš Ostrák,cz CZE,MF,St. Louis,25-302,2000,23,13,1016,11.3,0.09,0.18,0.27,0.09,0.0,0.0,0.35,0.0,0.13,0.13,0.09,0.21,2.39,4.96,4.34,0.27,0.22,0.22,Matches,2025,11.3,47.6,53.1,89.7,801.1,175.8,0.18,0.04,0.09,1.06,4.25,0.53,0.09,0.09,1.59,0.35,22.2,1.59,0.35,0.06,0.25,19.6,0.0,0.0,0.0,0.08,-0.04,-0.04,65.0,1.33,13.2,37.3,15.3,1.42,65.0,1.59,54.5,1.15,39.4,40.2,0.44,2.3,1.33,47.3,3.27,1.59,57.1,1.33,0.71,0.62,1.06,4.34,0.8,0.09,3.1,3.1,0.09,0.09,0.09,0.35,0.35,0.0,1.95,1.68,0.0,0.62,1.06,1.59,0.09,0.0,0.0,5.84,0.09,20.0,,,,,,,,,,,,,,,,,
Prince Owusu,gh GHA,FW,CF Montréal,28-331,1997,34,32,2818,31.3,0.42,0.1,0.51,0.32,0.1,0.13,0.13,0.0,0.55,0.45,0.13,0.58,1.76,2.01,5.91,0.42,0.68,0.58,Matches,2025,31.3,13.3,20.4,65.2,180.6,38.5,0.1,0.12,-0.04,1.28,0.73,0.8,0.0,0.42,2.52,1.12,44.3,2.52,1.12,0.13,0.29,12.8,0.0,0.1,0.13,0.18,-0.14,-0.13,32.3,1.37,2.11,14.5,16.3,5.27,32.2,0.99,51.7,0.8,41.7,19.0,1.02,3.39,1.98,24.7,0.8,0.48,33.3,0.32,0.38,0.22,0.13,0.93,1.15,0.0,2.33,2.33,0.16,0.19,0.06,0.32,0.32,0.0,2.14,1.98,0.8,0.32,0.13,0.48,0.06,0.0,0.0,2.68,2.11,45.2,,,,,,,,,,,,,,,,,
Allan Oyirwoth,ug UGA,MF,NE Revolution,18-315,2007,5,4,286,3.2,0.0,0.0,0.0,0.0,0.0,0.0,0.94,0.0,0.03,0.03,0.03,0.06,0.63,5.63,0.31,0.0,0.08,0.08,Matches,2025,3.2,42.2,51.3,82.3,702.5,205.9,0.0,0.03,-0.03,0.94,4.38,1.25,0.0,0.0,1.56,0.31,20.0,1.57,0.31,0.0,0.0,28.1,0.0,0.0,0.0,0.03,-0.03,-0.03,63.4,2.5,20.0,36.3,8.13,0.94,63.4,0.31,25.0,0.94,75.0,31.6,0.31,2.19,0.94,35.6,1.88,1.25,30.8,2.81,1.56,1.56,1.88,3.75,1.56,0.63,1.56,1.58,0.0,0.0,0.0,0.0,0.0,0.0,2.19,0.94,0.0,0.31,1.88,1.25,0.0,0.0,0.0,7.19,1.25,44.4,,,,,,,,,,,,,,,,,
Devin Padelford,us USA,DF,Minnesota Utd,22-335,2003,4,1,105,1.2,0.0,0.0,0.0,0.0,0.0,0.0,0.0,0.0,0.0,0.0,0.0,0.0,0.0,3.33,3.33,0.0,0.0,0.0,Matches,2025,1.2,17.5,27.5,63.6,261.7,87.5,0.0,0.0,0.0,0.0,0.83,0.0,0.0,0.0,0.0,0.0,,0.0,0.0,,,,0.0,0.0,0.0,,0.0,0.0,45.0,6.67,18.3,17.5,9.17,1.67,45.0,0.0,0.0,1.67,100.0,14.2,0.0,1.67,0.0,20.0,2.5,1.67,100.0,0.0,1.67,0.83,0.0,2.5,8.33,0.0,0.0,0.0,0.0,0.0,0.0,0.0,0.0,0.0,0.0,0.83,0.0,0.83,0.0,1.67,0.0,0.0,0.0,2.5,3.33,57.1,,,,,,,,,,,,,,,,,
Devin Padelford,us USA,DF,St. Louis,22-335,2003,10,9,748,8.3,0.0,0.12,0.12,0.0,0.0,0.0,0.0,0.0,0.02,0.02,0.04,0.06,2.53,2.53,3.61,0.12,0.06,0.06,Matches,2025,8.3,34.8,46.5,74.9,568.9,198.1,0.12,0.07,0.08,0.84,2.41,0.48,0.24,0.0,0.24,0.12,50.0,0.24,0.12,0.0,0.0,17.4,0.0,0.0,0.0,0.09,-0.02,-0.02,57.6,3.49,15.5,24.9,17.5,0.96,57.6,0.6,41.7,0.84,58.3,26.3,0.24,1.33,0.6,31.2,2.41,1.33,68.4,0.72,0.72,0.72,1.08,3.49,2.53,0.0,2.05,2.05,0.12,0.0,0.0,0.24,0.24,0.0,0.72,1.45,0.12,3.01,1.08,1.33,0.0,0.0,0.0,3.49,0.48,44.4,,,,,,,,,,,,,,,,,
Joseph Paintsil,gh GHA,FW,LA Galaxy,27-306,1998,25,22,1974,21.9,0.46,0.09,0.55,0.37,0.09,0.09,0.14,0.0,0.45,0.38,0.08,0.46,4.7,2.65,11.4,0.46,0.52,0.45,Matches,2025,21.9,24.2,31.1,77.7,363.7,65.5,0.09,0.11,0.01,0.96,1.14,1.37,0.14,0.46,2.69,1.37,50.8,2.69,1.37,0.14,0.27,16.6,0.0,0.09,0.09,0.14,0.01,-0.01,43.0,0.41,3.33,12.1,28.8,6.53,42.9,2.56,45.9,2.65,47.5,30.8,2.97,2.51,1.28,33.0,0.73,0.5,43.8,0.41,0.5,0.5,0.23,0.96,0.23,0.05,3.42,3.42,0.87,0.32,0.0,0.59,0.59,0.0,1.19,2.92,0.59,2.01,0.23,0.5,0.05,0.0,0.0,3.61,0.18,57.1,,,,,,,,,,,,,,,,,
Nelson Palacio,co COL,MF,Real Salt Lake,24-171,2001,10,6,589,6.5,0.0,0.0,0.0,0.0,0.0,0.0,0.15,0.0,0.05,0.05,0.02,0.06,0.77,4.62,0.46,0.0,0.05,0.05,Matches,2025,6.5,48.5,55.5,87.3,952.9,233.5,0.0,0.03,-0.02,0.62,5.69,0.15,0.0,0.0,1.38,0.31,22.2,1.38,0.31,0.0,0.0,29.0,0.0,0.0,0.0,0.03,-0.05,-0.05,65.8,2.31,15.4,42.3,8.31,0.31,65.8,0.46,50.0,0.46,50.0,37.1,0.0,1.54,0.46,47.4,2.31,1.23,40.0,1.38,0.62,0.15,1.38,3.69,1.38,0.15,1.38,1.38,0.0,0.0,0.0,0.15,0.15,0.0,1.69,0.77,0.0,0.0,1.38,1.23,0.0,0.15,0.0,3.69,1.08,53.8,,,,,,,,,,,,,,,,,
Jeison Palacios,co COL,DF,Nashville SC,31-259,1994,22,21,1829,20.3,0.1,0.0,0.1,0.1,0.0,0.0,0.15,0.0,0.06,0.06,0.06,0.12,0.54,3.3,0.15,0.1,0.12,0.12,Matches,2025,20.3,59.7,65.7,90.9,1146.0,417.7,0.0,0.01,-0.06,0.2,3.6,0.05,0.0,0.1,0.79,0.2,25.0,0.79,0.2,0.13,0.5,11.1,0.0,0.0,0.0,0.07,0.04,0.04,77.0,11.0,41.3,32.8,3.35,1.08,77.0,0.1,66.7,0.0,0.0,44.5,0.0,0.39,0.2,54.2,2.36,1.63,85.2,0.2,0.99,0.39,0.84,3.2,5.37,0.0,1.08,1.08,0.0,0.0,0.0,0.1,0.1,0.0,0.64,0.84,0.0,0.1,0.84,1.63,0.0,0.0,0.05,4.14,1.82,56.9,,,,,,,,,,,,,,,,,
Sergi Palencia,es ESP,"DF,MF",LAFC,29-256,1996,33,32,2809,31.2,0.03,0.06,0.1,0.03,0.0,0.0,0.16,0.0,0.05,0.05,0.13,0.19,1.99,4.81,5.64,0.1,0.19,0.19,Matches,2025,31.2,54.6,65.7,83.1,846.9,284.4,0.06,0.13,-0.07,1.22,4.13,1.28,0.45,0.03,0.38,0.1,25.0,0.38,0.1,0.08,0.33,14.8,0.0,0.0,0.0,0.13,-0.02,-0.02,76.6,3.11,18.8,36.6,21.6,1.6,76.6,0.61,37.3,0.87,52.9,42.2,0.32,0.8,0.51,52.4,2.76,1.57,58.5,1.09,1.54,1.19,0.99,3.75,2.56,0.03,1.92,1.92,0.03,0.06,0.03,0.22,0.22,0.0,1.96,1.15,0.0,2.18,0.99,1.57,0.0,0.0,0.03,4.01,0.74,40.4,,,,,,,,,,,,,,,,,
Cristhian Paredes,py PAR,MF,Portland Timbers,27-200,1998,29,8,1016,11.3,0.18,0.0,0.18,0.18,0.0,0.0,0.62,0.0,0.06,0.06,0.06,0.13,0.53,6.02,2.21,0.18,0.13,0.13,Matches,2025,11.3,42.7,52.7,81.0,717.0,232.1,0.0,0.05,-0.06,1.33,5.22,0.88,0.0,0.18,0.71,0.18,25.0,0.71,0.18,0.25,1.0,14.6,0.0,0.0,0.0,0.09,0.12,0.12,64.1,3.45,15.0,36.5,13.4,1.5,64.1,0.8,60.0,0.53,40.0,36.8,0.18,1.15,0.71,42.7,2.57,1.24,37.8,2.04,1.24,0.8,1.59,4.16,1.86,0.0,2.92,2.92,0.18,0.09,0.0,0.18,0.18,0.0,2.04,1.77,0.09,0.71,1.59,1.24,0.0,0.0,0.0,5.04,1.33,53.6,,,,,,,,,,,,,,,,,
Isaiah Parente,us USA,MF,LA Galaxy,25-263,2000,25,9,1050,11.7,0.0,0.09,0.09,0.0,0.0,0.0,0.6,0.09,0.02,0.02,0.05,0.07,1.03,6.41,1.03,0.09,0.07,0.07,Matches,2025,11.7,58.6,66.7,87.9,1018.5,249.7,0.09,0.09,0.03,1.03,7.69,0.43,0.09,0.0,0.6,0.09,14.3,0.6,0.09,0.0,0.0,22.7,0.0,0.0,0.0,0.03,-0.02,-0.02,74.8,2.31,15.2,45.3,15.1,0.43,74.8,0.43,55.6,0.34,44.4,41.1,0.0,0.85,0.77,55.3,1.71,1.03,47.6,0.94,1.03,0.6,0.94,2.65,0.68,0.09,2.22,2.23,0.09,0.09,0.0,0.09,0.09,0.09,0.94,1.54,0.0,1.11,0.94,1.03,0.0,0.0,0.0,5.81,0.77,45.0,,,,,,,,,,,,,,,,,
Tim Parker,us USA,DF,NY Red Bulls,32-284,1993,13,10,867,9.6,0.1,0.0,0.1,0.1,0.0,0.0,0.21,0.0,0.1,0.1,0.02,0.13,0.52,4.79,0.21,0.1,0.13,0.13,Matches,2025,9.6,61.1,68.8,88.9,1186.9,453.3,0.0,0.02,-0.02,0.31,5.73,0.1,0.0,0.1,0.42,0.1,25.0,0.42,0.1,0.25,1.0,12.7,0.0,0.0,0.0,0.26,0.0,0.0,79.8,8.96,41.3,36.3,2.4,0.73,79.8,0.0,,0.0,,51.0,0.0,0.63,0.0,55.7,1.46,1.15,70.0,0.31,0.52,0.21,0.31,1.77,6.56,0.0,0.83,0.83,0.0,0.0,0.0,0.0,0.0,0.0,0.63,0.52,0.0,0.0,0.31,1.15,0.0,0.0,0.0,4.38,3.65,58.3,,,,,,,,,,,,,,,,,
Keaton Parks,us USA,MF,NYCFC,28-120,1997,14,10,880,9.8,0.1,0.2,0.31,0.1,0.0,0.0,0.31,0.0,0.15,0.15,0.12,0.28,1.53,6.63,2.45,0.31,0.28,0.28,Matches,2025,9.8,49.8,60.8,81.9,802.4,261.5,0.2,0.11,0.08,1.43,6.84,0.71,0.0,0.1,1.02,0.61,60.0,1.02,0.61,0.1,0.17,13.1,0.0,0.0,0.0,0.15,-0.05,-0.05,73.6,3.98,19.8,40.2,14.6,2.76,73.6,0.82,40.0,1.02,50.0,38.2,0.1,1.33,0.71,50.7,2.24,1.22,73.9,0.61,1.22,0.82,1.22,3.47,2.96,0.1,3.98,3.99,0.31,0.2,0.1,0.41,0.41,0.0,1.84,1.33,0.0,0.31,1.22,1.22,0.0,0.0,0.1,6.02,1.84,72.0,,,,,,,,,,,,,,,,,
Marco Pašalić,hr CRO,"MF,FW",Orlando City,25-081,2000,33,32,2568,28.5,0.42,0.18,0.6,0.42,0.0,0.0,0.11,0.0,0.28,0.28,0.2,0.48,3.05,4.81,6.88,0.6,0.48,0.48,Matches,2025,28.5,24.9,31.7,78.5,424.9,128.3,0.18,0.17,-0.02,1.58,2.67,2.0,0.28,0.42,3.58,1.44,40.2,3.57,1.44,0.12,0.29,20.6,0.0,0.0,0.0,0.08,0.14,0.14,44.0,0.77,4.98,18.1,21.7,3.12,44.0,1.96,52.3,1.65,43.9,29.1,1.16,2.14,1.23,32.8,0.84,0.53,25.8,0.81,1.12,1.12,0.46,1.3,0.81,0.0,3.58,3.57,0.25,0.11,0.0,0.32,0.32,0.0,0.7,0.67,0.18,1.54,0.46,0.53,0.0,0.04,0.0,3.26,0.07,11.8,,,,,,,,,,,,,,,,,
João Paulo Mior,br BRA,MF,Seattle Sounders,34-271,1991,11,6,479,5.3,0.0,0.0,0.0,0.0,0.0,0.0,0.57,0.0,0.04,0.04,0.04,0.06,0.75,4.53,0.38,0.0,0.06,0.06,Matches,2025,5.3,78.1,89.6,87.2,1248.3,333.8,0.0,0.09,-0.04,0.75,7.36,0.94,0.19,0.0,0.75,0.0,0.0,0.75,0.0,0.0,,22.8,0.0,0.0,0.0,0.04,-0.04,-0.04,102.1,2.64,22.5,68.3,11.9,0.0,102.1,0.38,25.0,0.75,50.0,53.6,0.0,1.32,1.32,74.5,3.4,1.89,58.3,0.94,2.08,1.7,2.08,5.47,1.32,0.19,2.45,2.44,0.0,0.0,0.19,0.19,0.19,0.0,1.32,3.4,0.0,1.13,2.08,1.89,0.0,0.19,0.0,8.68,0.0,0.0,,,,,,,,,,,,,,,,,
Tom Pearce,eng ENG,"MF,DF",CF Montréal,27-236,1998,21,9,911,10.1,0.0,0.1,0.1,0.0,0.0,0.0,0.2,0.0,0.12,0.12,0.18,0.31,3.27,2.08,9.9,0.1,0.3,0.3,Matches,2025,10.1,26.3,40.7,64.7,496.3,167.0,0.1,0.23,-0.08,1.39,1.58,1.49,0.99,0.0,2.28,1.09,47.8,2.27,1.09,0.0,0.0,22.6,0.4,0.0,0.0,0.05,-0.12,-0.12,52.5,1.58,10.1,19.1,23.9,1.49,52.5,0.0,0.0,0.79,100.0,25.4,0.69,1.49,0.1,31.9,1.19,0.59,66.7,0.3,1.29,1.09,0.99,2.18,3.17,0.0,2.57,2.57,0.0,0.1,0.1,0.1,0.1,0.0,1.09,0.99,0.1,8.51,0.99,0.59,0.0,0.0,0.0,2.28,0.5,38.5,,,,,,,,,,,,,,,,,
Tyson Pearce,us USA,"MF,DF",St. Louis,18-114,2007,2,0,30,0.3,0.0,0.0,0.0,0.0,0.0,0.0,0.0,0.0,0.0,0.0,0.0,0.0,3.33,3.33,0.0,0.0,0.0,0.0,Matches,2025,0.3,63.3,66.7,95.0,990.0,280.0,0.0,0.0,0.0,0.0,0.0,0.0,0.0,0.0,0.0,0.0,,0.0,0.0,,,,0.0,0.0,0.0,,0.0,0.0,86.7,3.33,20.0,56.7,10.0,0.0,86.7,0.0,0.0,3.33,100.0,46.7,0.0,3.33,0.0,60.0,6.67,6.67,100.0,0.0,0.0,0.0,0.0,6.67,3.33,0.0,0.0,0.0,0.0,0.0,0.0,0.0,0.0,0.0,0.0,0.0,0.0,0.0,0.0,6.67,0.0,0.0,0.0,0.0,0.0,,,,,,,,,,,,,,,,,,
Pedrinho,br BRA,"FW,MF",FC Dallas,22-230,2003,23,9,935,10.4,0.19,0.29,0.48,0.19,0.0,0.0,0.19,0.0,0.2,0.2,0.26,0.46,2.69,5.0,5.0,0.48,0.47,0.47,Matches,2025,10.4,28.2,38.8,72.5,449.0,163.8,0.29,0.2,0.03,1.35,2.79,1.73,0.19,0.19,1.35,0.58,42.9,1.35,0.58,0.14,0.33,15.2,0.0,0.0,0.0,0.15,-0.01,-0.01,50.2,1.54,9.04,22.0,20.3,3.65,50.2,2.31,54.5,1.63,38.6,27.5,0.77,2.5,2.02,34.6,1.73,1.35,20.0,1.54,0.96,0.77,0.48,2.21,0.58,0.0,3.37,3.37,0.29,0.1,0.0,0.48,0.48,0.0,1.15,1.15,0.0,2.79,0.48,1.35,0.0,0.0,0.0,5.0,0.29,20.0,,,,,,,,,,,,,,,,,
Peglow,br BRA,"FW,MF",D.C. United,23-331,2002,24,21,1693,18.8,0.16,0.16,0.32,0.16,0.0,0.0,0.16,0.0,0.13,0.13,0.13,0.26,2.07,4.47,6.76,0.32,0.26,0.26,Matches,2025,18.8,31.8,43.1,73.6,473.5,127.8,0.16,0.13,0.03,1.28,2.77,1.22,0.16,0.16,1.38,0.43,30.8,1.38,0.43,0.12,0.38,19.6,0.05,0.0,0.0,0.09,0.03,0.03,54.7,0.96,6.81,25.3,23.6,2.66,54.7,1.38,47.3,1.38,47.3,29.4,0.8,1.91,1.44,36.5,2.5,1.7,39.5,1.22,1.22,1.17,0.69,3.19,0.74,0.0,2.87,2.87,0.32,0.11,0.0,0.37,0.37,0.0,1.22,1.12,0.11,2.87,0.69,1.7,0.05,0.0,0.0,4.63,0.74,37.8,,,,,,,,,,,,,,,,,
Amahl Pellegrino,no NOR,FW,San Diego FC,35-169,1990,7,4,328,3.6,0.83,0.83,1.67,0.83,0.0,0.0,0.0,0.0,0.89,0.89,0.14,1.03,1.67,1.11,6.67,1.65,1.03,1.03,Matches,2025,3.6,15.8,21.1,75.0,217.2,46.1,0.83,0.14,0.69,0.83,0.56,0.56,0.0,0.83,3.33,1.39,41.7,3.29,1.37,0.25,0.6,13.5,0.28,0.0,0.0,0.27,-0.06,-0.06,31.7,0.28,2.78,10.0,18.9,6.67,31.7,0.28,16.7,1.39,83.3,18.1,1.94,2.78,0.83,25.3,1.11,0.83,100.0,0.0,0.28,0.28,0.28,1.39,0.28,0.0,1.67,1.65,0.0,0.28,0.0,0.83,0.82,0.0,0.56,1.39,0.56,0.83,0.28,0.83,0.28,0.0,0.0,1.67,0.28,33.3,,,,,,,,,,,,,,,,,
Amahl Pellegrino,no NOR,"MF,FW",SJ Earthquakes,35-169,1990,13,5,488,5.4,0.19,0.19,0.37,0.19,0.0,0.0,0.0,0.0,0.61,0.61,0.31,0.93,2.04,4.07,7.04,0.37,0.92,0.92,Matches,2025,5.4,20.2,27.8,72.7,309.4,70.7,0.19,0.15,-0.13,1.67,1.67,2.22,0.19,0.19,2.78,0.37,13.3,2.77,0.37,0.07,0.5,13.0,0.0,0.0,0.0,0.22,-0.43,-0.43,40.9,0.0,4.81,19.3,18.0,4.26,40.9,0.19,12.5,1.3,87.5,23.5,0.56,2.22,1.67,26.7,1.85,0.93,37.5,0.93,0.56,0.56,1.48,3.33,0.37,0.19,3.7,3.68,0.0,0.0,0.37,0.93,0.92,0.0,0.56,0.74,0.74,0.56,1.48,0.93,0.0,0.0,0.0,3.7,0.37,14.3,,,,,,,,,,,,,,,,,
Matti Peltola,fi FIN,"MF,DF",D.C. United,23-154,2002,26,16,1527,17.0,0.0,0.06,0.06,0.0,0.0,0.0,0.35,0.0,0.02,0.02,0.02,0.05,0.65,3.41,0.71,0.06,0.04,0.04,Matches,2025,17.0,33.8,38.5,87.6,605.0,162.4,0.06,0.04,0.04,0.35,3.06,0.53,0.0,0.0,0.53,0.0,0.0,0.53,0.0,0.0,,26.6,0.0,0.0,0.0,0.04,-0.02,-0.02,47.7,3.06,16.6,25.9,5.94,0.12,47.7,0.29,41.7,0.24,33.3,25.2,0.06,0.82,0.24,29.1,2.59,1.47,57.9,0.94,1.24,0.94,1.35,3.94,1.59,0.0,1.53,1.53,0.12,0.29,0.06,0.18,0.18,0.0,1.65,2.0,0.0,0.18,1.35,1.47,0.0,0.06,0.0,4.41,0.29,33.3,,,,,,,,,,,,,,,,,
Andrés Perea,us USA,MF,NYCFC,25-020,2000,24,20,1665,18.5,0.16,0.05,0.22,0.16,0.0,0.0,0.38,0.0,0.17,0.17,0.06,0.23,1.62,4.22,3.84,0.22,0.23,0.23,Matches,2025,18.5,33.2,41.4,80.2,491.9,152.1,0.05,0.11,-0.01,0.49,2.76,0.43,0.0,0.16,1.68,0.54,32.3,1.68,0.54,0.1,0.3,14.9,0.0,0.0,0.0,0.1,-0.01,-0.01,53.7,2.76,12.5,27.8,14.1,2.32,53.7,0.43,44.4,0.49,50.0,27.6,0.05,1.3,0.65,35.9,2.54,1.46,44.2,1.3,1.41,1.14,0.76,3.3,2.54,0.05,1.84,1.84,0.05,0.11,0.0,0.16,0.16,0.0,1.62,1.08,0.05,0.32,0.76,1.46,0.05,0.0,0.0,4.32,2.38,44.0,,,,,,,,,,,,,,,,,
Daniel Pereira,ve VEN,MF,Austin,25-143,2000,27,23,2071,23.0,0.04,0.13,0.17,0.04,0.0,0.0,0.35,0.0,0.06,0.06,0.13,0.18,1.57,6.09,2.39,0.17,0.18,0.18,Matches,2025,23.0,51.6,58.5,88.2,878.8,236.8,0.13,0.14,0.0,1.17,4.74,1.0,0.3,0.04,1.04,0.17,16.7,1.04,0.17,0.04,0.25,24.8,0.04,0.0,0.0,0.05,-0.01,-0.01,67.4,1.87,14.3,35.6,18.3,0.96,67.4,1.22,53.8,0.83,36.5,42.7,0.3,1.22,0.57,50.8,1.39,0.7,44.4,0.65,1.17,0.83,0.7,2.09,0.91,0.09,3.0,3.0,0.13,0.09,0.09,0.39,0.39,0.0,2.09,1.7,0.09,1.91,0.7,0.7,0.0,0.0,0.0,5.09,0.13,33.3,,,,,,,,,,,,,,,,,
Joaquín Pereyra,ar ARG,"MF,FW",Minnesota Utd,27-003,1998,33,29,2561,28.5,0.21,0.28,0.49,0.21,0.0,0.0,0.28,0.0,0.16,0.16,0.28,0.45,2.56,5.65,4.0,0.49,0.44,0.44,Matches,2025,28.5,33.3,46.9,71.0,598.5,235.6,0.28,0.22,0.0,2.56,4.42,1.33,0.32,0.21,2.18,0.91,41.9,2.18,0.91,0.1,0.23,21.7,0.18,0.0,0.0,0.08,0.05,0.05,58.8,0.67,9.65,28.8,21.9,2.18,58.8,1.26,37.9,1.72,51.6,33.4,0.74,2.42,1.86,39.7,2.04,1.16,43.9,1.12,0.84,0.81,0.7,2.74,0.46,0.0,5.33,5.34,0.35,0.53,0.04,0.56,0.56,0.0,1.82,1.96,0.11,5.58,0.7,1.16,0.0,0.0,0.0,5.12,0.21,25.0,,,,,,,,,,,,,,,,,
Jonathan Perez,mx MEX,"FW,MF",Nashville SC,22-320,2003,22,10,852,9.5,0.11,0.21,0.32,0.11,0.0,0.0,0.53,0.11,0.15,0.15,0.16,0.31,2.84,3.26,6.63,0.32,0.3,0.3,Matches,2025,9.5,23.2,28.7,80.6,375.4,107.7,0.21,0.17,0.05,1.47,2.0,1.37,0.53,0.11,1.79,0.63,35.3,1.8,0.63,0.06,0.17,18.4,0.0,0.0,0.0,0.08,-0.04,-0.04,41.3,0.84,5.16,20.2,16.7,2.21,41.3,1.89,47.4,1.89,47.4,25.3,0.74,2.84,1.79,29.9,1.26,0.95,40.0,0.63,1.26,1.16,0.53,1.79,0.63,0.0,2.63,2.64,0.21,0.11,0.0,0.21,0.21,0.0,1.47,1.16,0.11,1.47,0.53,0.95,0.0,0.0,0.0,4.32,0.21,15.4,,,,,,,,,,,,,,,,,
Nikola Petković,rs SRB,MF,Charlotte,22-284,2003,4,1,99,1.1,0.0,0.91,0.91,0.0,0.0,0.0,0.0,0.0,0.27,0.27,0.09,0.36,0.0,4.55,5.45,0.91,0.37,0.37,Matches,2025,1.1,28.2,35.5,79.5,432.7,138.2,0.91,0.09,0.82,2.73,2.73,1.82,0.0,0.0,2.73,0.91,33.3,2.73,0.91,0.0,0.0,11.1,0.0,0.0,0.0,0.1,-0.27,-0.27,50.0,1.82,5.45,25.5,19.1,7.27,50.0,0.0,0.0,1.82,100.0,25.5,0.0,1.82,0.0,32.7,0.91,0.0,100.0,0.0,0.91,0.0,0.0,0.91,1.82,0.0,2.73,2.73,0.0,0.0,0.0,0.91,0.91,0.0,0.91,0.0,0.91,0.0,0.0,0.0,0.0,0.0,0.0,1.82,0.91,50.0,,,,,,,,,,,,,,,,,
Luca Petrasso,ca CAN,DF,CF Montréal,25-171,2000,34,31,2708,30.1,0.07,0.13,0.2,0.07,0.0,0.0,0.13,0.0,0.03,0.03,0.13,0.16,2.03,3.46,4.02,0.2,0.16,0.16,Matches,2025,30.1,40.2,50.0,80.5,635.9,213.5,0.13,0.12,0.0,0.73,2.72,0.93,0.53,0.07,0.37,0.13,36.4,0.37,0.13,0.18,0.5,17.0,0.0,0.0,0.0,0.07,0.04,0.04,58.3,2.99,18.6,26.2,14.1,1.26,58.3,0.76,50.0,0.66,43.5,30.8,0.4,1.2,0.43,36.0,1.3,0.86,48.8,0.73,0.7,0.56,0.66,1.96,2.43,0.1,1.83,1.83,0.17,0.0,0.0,0.3,0.3,0.0,0.33,0.33,0.07,2.46,0.66,0.86,0.0,0.0,0.0,3.85,0.47,38.9,,,,,,,,,,,,,,,,,
Raoul Petretta,it ITA,DF,Toronto FC,28-255,1997,25,22,1843,20.5,0.0,0.0,0.0,0.0,0.0,0.0,0.29,0.0,0.01,0.01,0.04,0.05,1.12,2.93,1.95,0.0,0.05,0.05,Matches,2025,20.5,36.8,45.4,81.2,613.0,213.5,0.0,0.04,-0.04,0.49,2.93,0.39,0.05,0.0,0.24,0.0,0.0,0.24,0.0,0.0,,18.7,0.0,0.0,0.0,0.04,-0.01,-0.01,55.8,3.56,20.8,24.8,11.0,1.02,55.8,0.29,40.0,0.34,46.7,28.0,0.2,0.98,0.39,31.0,2.0,1.51,61.9,0.78,1.27,1.02,1.07,3.07,3.8,0.0,1.22,1.22,0.05,0.05,0.05,0.05,0.05,0.0,0.98,0.98,0.05,0.63,1.07,1.51,0.0,0.0,0.0,4.73,0.73,42.9,,,,,,,,,,,,,,,,,
Hugo Picard,fr FRA,"MF,FW",Columbus Crew,22-209,2003,8,5,504,5.6,0.0,0.0,0.0,0.0,0.0,0.0,0.18,0.0,0.07,0.07,0.16,0.23,1.79,5.89,7.32,0.0,0.23,0.23,Matches,2025,5.6,27.9,33.9,82.1,409.3,89.1,0.0,0.23,-0.16,1.79,2.86,1.43,0.0,0.0,0.71,0.18,25.0,0.71,0.18,0.0,0.0,15.8,0.0,0.0,0.0,0.1,-0.07,-0.07,43.4,0.54,6.25,15.5,22.7,3.21,43.4,1.61,52.9,1.25,41.2,28.0,0.71,2.14,1.43,32.9,2.32,0.89,50.0,0.71,0.18,0.18,0.18,2.5,0.36,0.0,3.04,3.04,0.18,0.0,0.0,0.18,0.18,0.0,1.43,1.07,1.07,0.71,0.18,0.89,0.0,0.0,0.0,4.29,0.18,11.1,,,,,,,,,,,,,,,,,
Fafà Picault,ht HAI,"FW,MF",Inter Miami,34-284,1991,20,7,760,8.4,0.48,0.0,0.48,0.48,0.0,0.0,0.0,0.0,0.43,0.43,0.11,0.54,2.26,1.67,11.5,0.47,0.53,0.53,Matches,2025,8.4,22.9,30.5,75.0,300.1,44.5,0.0,0.13,-0.11,0.24,1.19,0.48,0.12,0.48,2.38,1.07,45.0,2.37,1.07,0.2,0.44,12.8,0.0,0.0,0.0,0.18,0.05,0.05,42.4,1.19,6.07,14.3,22.6,4.05,42.4,0.6,38.5,0.95,61.5,25.7,0.71,2.02,0.95,29.5,2.38,2.14,66.7,0.24,0.48,0.48,0.36,2.74,1.31,0.0,1.43,1.42,0.12,0.0,0.0,0.24,0.24,0.0,1.55,1.31,0.6,3.1,0.36,2.14,0.0,0.0,0.0,2.98,1.67,56.0,,,,,,,,,,,,,,,,,
Neil Pierre,us USA,FW,Philadelphia Union,18-046,2007,1,0,21,0.2,0.0,0.0,0.0,0.0,0.0,0.0,0.0,0.0,0.0,0.0,0.0,0.0,0.0,0.0,0.0,0.0,0.0,0.0,Matches,2025,0.2,45.0,45.0,100.0,770.0,240.0,0.0,0.0,0.0,0.0,0.0,0.0,0.0,0.0,0.0,0.0,,0.0,0.0,,,,0.0,0.0,0.0,,0.0,0.0,60.0,5.0,25.0,30.0,5.0,0.0,60.0,0.0,,0.0,,25.0,0.0,5.0,0.0,30.0,5.0,0.0,,0.0,0.0,0.0,5.0,10.0,0.0,0.0,0.0,0.0,0.0,0.0,0.0,0.0,0.0,0.0,0.0,0.0,0.0,0.0,5.0,0.0,0.0,0.0,0.0,10.0,5.0,50.0,,,,,,,,,,,,,,,,,
Nelson Pierre,ht HAI,FW,Vancouver W'caps,20-257,2005,3,0,35,0.4,2.5,0.0,2.5,2.5,0.0,0.0,0.0,0.0,1.5,1.5,0.0,1.5,0.0,0.0,0.0,2.57,1.39,1.39,Matches,2025,0.4,17.5,17.5,100.0,187.5,22.5,0.0,0.0,0.0,0.0,0.0,0.0,0.0,2.5,2.5,2.5,100.0,2.57,2.57,1.0,1.0,6.7,0.0,0.0,0.0,0.56,1.0,1.0,25.0,0.0,2.5,15.0,10.0,2.5,25.0,0.0,,0.0,,15.0,0.0,0.0,0.0,12.5,5.0,2.5,,0.0,2.5,2.5,0.0,5.0,0.0,0.0,0.0,0.0,0.0,0.0,0.0,0.0,0.0,0.0,0.0,2.5,0.0,0.0,0.0,2.5,0.0,0.0,0.0,10.0,0.0,0.0,,,,,,,,,,,,,,,,,
Samuel Piette,ca CAN,MF,CF Montréal,31-022,1994,24,20,1538,17.1,0.0,0.0,0.0,0.0,0.0,0.0,0.23,0.0,0.01,0.01,0.02,0.03,0.18,4.56,0.47,0.0,0.03,0.03,Matches,2025,17.1,43.7,49.7,87.9,731.9,232.6,0.0,0.03,-0.02,0.41,3.98,0.29,0.0,0.0,0.18,0.06,33.3,0.18,0.06,0.0,0.0,24.7,0.0,0.0,0.0,0.04,-0.01,-0.01,59.3,3.57,18.7,34.2,6.73,0.23,59.3,0.06,25.0,0.18,75.0,29.8,0.0,0.82,0.23,36.5,1.81,1.05,47.4,1.17,1.17,0.88,1.81,3.63,2.4,0.06,1.11,1.11,0.0,0.0,0.06,0.0,0.0,0.0,1.46,0.88,0.06,0.06,1.81,1.05,0.0,0.0,0.0,5.67,0.88,55.6,,,,,,,,,,,,,,,,,
Ian Pilcher,us USA,DF,San Diego FC,22-258,2003,17,8,921,10.2,0.1,0.1,0.2,0.1,0.0,0.0,0.29,0.0,0.02,0.02,0.01,0.03,0.59,4.41,0.39,0.2,0.03,0.03,Matches,2025,10.2,75.5,81.4,92.8,1250.2,452.2,0.1,0.02,0.09,0.39,4.12,0.2,0.1,0.1,0.29,0.1,33.3,0.29,0.1,0.33,1.0,10.3,0.0,0.0,0.0,0.08,0.08,0.08,90.8,7.65,39.4,46.8,5.0,0.49,90.8,0.2,50.0,0.2,50.0,57.5,0.0,0.29,0.1,66.7,0.88,0.49,37.5,0.49,1.37,0.88,1.08,1.96,5.29,0.0,0.49,0.49,0.0,0.0,0.0,0.1,0.1,0.0,0.98,1.27,0.0,0.29,1.08,0.49,0.0,0.0,0.0,3.63,2.06,77.8,,,,,,,,,,,,,,,,,
Mauricio Pineda,us USA,MF,Chicago Fire,28-048,1997,28,18,1520,16.9,0.0,0.12,0.12,0.0,0.0,0.0,0.41,0.0,0.03,0.03,0.1,0.13,0.36,2.84,1.18,0.12,0.13,0.13,Matches,2025,16.9,53.6,59.8,89.6,850.1,229.5,0.12,0.08,0.02,0.59,4.2,0.3,0.0,0.0,0.53,0.24,44.4,0.53,0.24,0.0,0.0,24.7,0.0,0.0,0.0,0.06,-0.03,-0.03,69.8,3.08,24.6,36.5,9.11,0.71,69.8,0.06,12.5,0.36,75.0,37.2,0.0,1.36,1.07,52.8,2.31,1.07,55.6,0.95,1.6,1.3,0.95,3.25,1.12,0.06,1.66,1.66,0.0,0.0,0.0,0.18,0.18,0.0,1.3,0.95,0.0,0.06,0.95,1.07,0.0,0.0,0.0,4.44,0.53,56.3,,,,,,,,,,,,,,,,,
Dániel Pintér,us USA,MF,Inter Miami,18-181,2007,1,0,21,0.2,0.0,0.0,0.0,0.0,0.0,0.0,0.0,0.0,0.0,0.0,0.0,0.0,0.0,0.0,5.0,0.0,0.0,0.0,Matches,2025,0.2,5.0,10.0,50.0,0.0,0.0,0.0,0.0,0.0,0.0,0.0,0.0,0.0,0.0,0.0,0.0,,0.0,0.0,,,,0.0,0.0,0.0,,0.0,0.0,15.0,0.0,0.0,10.0,5.0,0.0,15.0,0.0,,0.0,,10.0,0.0,5.0,0.0,10.0,0.0,0.0,,0.0,0.0,0.0,0.0,0.0,0.0,0.0,0.0,0.0,0.0,0.0,0.0,0.0,0.0,0.0,0.0,0.0,0.0,0.0,0.0,0.0,0.0,0.0,0.0,5.0,5.0,100.0,,,,,,,,,,,,,,,,,
Ariath Piol,au AUS,"FW,MF",Real Salt Lake,21-054,2004,24,12,903,10.0,0.1,0.1,0.2,0.1,0.0,0.0,0.0,0.1,0.16,0.16,0.03,0.19,0.6,1.0,4.9,0.2,0.19,0.19,Matches,2025,10.0,11.5,14.8,77.7,161.9,20.6,0.1,0.03,0.07,0.7,0.4,0.2,0.0,0.1,1.3,0.2,15.4,1.3,0.2,0.08,0.5,18.8,0.0,0.0,0.0,0.12,-0.06,-0.06,24.7,0.6,1.4,11.9,11.7,2.8,24.7,0.4,28.6,0.7,50.0,16.0,0.5,3.8,2.0,19.1,0.3,0.2,33.3,0.2,0.7,0.7,0.2,0.5,0.5,0.0,1.7,1.69,0.1,0.1,0.0,0.2,0.2,0.0,1.1,0.8,0.8,0.2,0.2,0.2,0.0,0.0,0.0,1.3,1.2,30.8,,,,,,,,,,,,,,,,,
Gabriel Pirani,br BRA,"MF,FW",D.C. United,23-236,2002,28,22,1892,21.0,0.33,0.14,0.48,0.33,0.0,0.0,0.1,0.0,0.24,0.24,0.18,0.42,2.71,5.24,4.81,0.48,0.42,0.42,Matches,2025,21.0,26.2,32.0,81.8,416.8,115.4,0.14,0.15,-0.04,1.67,3.24,1.24,0.14,0.33,2.81,0.81,28.8,2.81,0.81,0.12,0.41,20.0,0.14,0.0,0.0,0.08,0.1,0.1,42.8,0.33,3.71,20.5,19.7,3.24,42.8,1.29,45.8,1.48,52.5,28.6,0.76,2.95,2.19,32.2,0.95,0.52,33.3,0.76,0.57,0.57,0.57,1.52,0.14,0.0,3.57,3.56,0.29,0.24,0.05,0.29,0.29,0.0,0.86,1.62,0.05,0.57,0.57,0.52,0.0,0.0,0.0,4.0,0.1,11.8,,,,,,,,,,,,,,,,,
Matt Polster,us USA,MF,NE Revolution,32-179,1993,26,26,2317,25.7,0.04,0.04,0.08,0.04,0.0,0.0,0.27,0.0,0.04,0.04,0.01,0.05,0.7,4.59,1.21,0.08,0.05,0.05,Matches,2025,25.7,55.1,60.4,91.2,950.3,289.8,0.04,0.02,0.03,0.43,5.45,0.08,0.0,0.04,0.43,0.16,36.4,0.43,0.16,0.09,0.25,16.7,0.0,0.0,0.0,0.08,0.0,0.0,68.8,3.27,19.1,43.7,6.54,0.78,68.8,0.47,70.6,0.16,23.5,39.1,0.08,0.86,0.78,49.7,1.83,0.93,53.3,0.82,0.74,0.58,1.52,3.35,1.67,0.08,1.6,1.59,0.04,0.04,0.12,0.19,0.19,0.0,1.83,0.7,0.04,0.08,1.52,0.93,0.0,0.0,0.0,4.63,1.36,62.5,,,,,,,,,,,,,,,,,
Célio Pompeu,br BRA,"FW,MF",St. Louis,25-359,1999,28,16,1478,16.4,0.12,0.18,0.3,0.12,0.0,0.0,0.18,0.0,0.09,0.09,0.19,0.28,4.33,2.26,8.96,0.3,0.28,0.28,Matches,2025,16.4,22.4,31.6,71.0,311.3,101.3,0.18,0.18,-0.01,1.46,1.59,1.65,0.91,0.12,1.89,0.37,19.4,1.89,0.37,0.06,0.33,19.4,0.0,0.0,0.0,0.05,0.04,0.04,42.5,1.1,5.91,15.7,21.9,4.27,42.5,2.07,54.0,1.65,42.9,27.4,2.2,1.95,1.28,29.6,2.32,1.4,46.2,1.28,0.49,0.37,0.79,3.11,0.79,0.0,3.96,3.96,0.43,0.18,0.18,0.24,0.24,0.0,1.77,1.52,0.37,3.9,0.79,1.4,0.0,0.06,0.0,4.33,0.18,27.3,,,,,,,,,,,,,,,,,
Paxton Pomykal,us USA,MF,FC Dallas,25-352,1999,4,0,42,0.5,0.0,0.0,0.0,0.0,0.0,0.0,0.0,0.0,0.2,0.2,0.2,0.6,2.0,6.0,2.0,0.0,0.55,0.55,Matches,2025,0.5,52.0,64.0,81.3,830.0,320.0,0.0,0.4,-0.2,2.0,6.0,2.0,2.0,0.0,2.0,2.0,100.0,2.14,2.14,0.0,0.0,17.7,0.0,0.0,0.0,0.12,-0.2,-0.2,78.0,4.0,14.0,44.0,20.0,2.0,78.0,0.0,0.0,2.0,100.0,48.0,0.0,2.0,4.0,58.0,4.0,4.0,0.0,2.0,0.0,0.0,0.0,4.0,4.0,0.0,4.0,4.29,0.0,0.0,0.0,0.0,0.0,0.0,2.0,4.0,0.0,2.0,0.0,4.0,0.0,0.0,0.0,8.0,2.0,100.0,,,,,,,,,,,,,,,,,
Ezequiel Ponce,ar ARG,FW,Houston Dynamo,28-250,1997,32,32,2669,29.7,0.34,0.03,0.37,0.3,0.03,0.03,0.27,0.0,0.4,0.38,0.06,0.44,0.51,1.04,3.7,0.34,0.47,0.44,Matches,2025,29.7,13.5,16.7,80.5,165.3,24.7,0.03,0.03,-0.03,0.47,0.94,0.17,0.0,0.34,2.69,0.77,28.8,2.7,0.78,0.11,0.39,13.5,0.13,0.03,0.03,0.14,-0.07,-0.07,27.2,1.01,2.63,14.2,10.7,3.94,27.2,0.4,26.1,1.08,69.6,16.0,0.37,2.79,1.68,20.6,0.54,0.4,38.9,0.37,0.3,0.17,0.24,0.77,0.67,0.0,1.62,1.62,0.03,0.13,0.03,0.07,0.07,0.0,2.32,1.55,0.54,0.13,0.24,0.4,0.03,0.0,0.0,1.62,1.92,46.3,,,,,,,,,,,,,,,,,
Ryan Porteous,sct SCO,DF,LAFC,26-254,1999,10,9,822,9.1,0.0,0.0,0.0,0.0,0.0,0.0,0.22,0.0,0.01,0.01,0.02,0.03,0.66,2.53,0.55,0.0,0.03,0.03,Matches,2025,9.1,58.1,64.1,90.7,978.1,396.7,0.0,0.03,-0.02,0.22,4.73,0.11,0.0,0.0,0.33,0.0,0.0,0.33,0.0,0.0,,12.1,0.0,0.0,0.0,0.04,-0.01,-0.01,74.6,7.25,30.8,39.7,4.62,0.77,74.6,0.55,100.0,0.0,0.0,40.0,0.0,0.22,0.44,51.5,1.21,0.88,53.8,0.66,1.54,0.77,1.21,2.42,5.05,0.11,0.88,0.88,0.0,0.0,0.0,0.0,0.0,0.0,1.1,0.88,0.0,0.22,1.21,0.88,0.0,0.0,0.0,3.96,1.54,53.8,,,,,,,,,,,,,,,,,
Alvas Powell,jm JAM,DF,FC Cincinnati,31-139,1994,25,8,861,9.6,0.0,0.0,0.0,0.0,0.0,0.0,0.21,0.0,0.02,0.02,0.0,0.03,2.6,3.44,1.67,0.0,0.03,0.03,Matches,2025,9.6,42.4,53.5,79.2,840.5,275.6,0.0,0.04,0.0,0.1,3.23,0.52,0.21,0.0,0.42,0.31,75.0,0.42,0.31,0.0,0.0,23.5,0.0,0.0,0.0,0.06,-0.02,-0.02,70.5,6.04,28.4,35.1,8.23,0.42,70.5,1.67,53.3,1.25,40.0,37.9,0.31,1.98,1.25,42.8,2.5,1.56,51.6,1.56,1.98,1.35,1.35,3.85,5.42,0.0,1.98,1.98,0.21,0.21,0.0,0.1,0.1,0.0,1.35,2.6,0.1,1.35,1.35,1.56,0.0,0.0,0.1,4.79,1.46,63.6,,,,,,,,,,,,,,,,,
Ralph Priso-Mbongue,ca CAN,"MF,DF",Vancouver W'caps,23-124,2002,28,14,1388,15.4,0.0,0.13,0.13,0.0,0.0,0.0,0.32,0.0,0.06,0.06,0.07,0.13,1.1,6.69,0.78,0.13,0.13,0.13,Matches,2025,15.4,50.2,55.1,91.0,869.5,255.6,0.13,0.06,0.06,0.58,6.23,0.32,0.0,0.0,0.32,0.06,20.0,0.32,0.06,0.0,0.0,15.0,0.0,0.0,0.0,0.18,-0.06,-0.06,63.5,3.18,18.4,37.3,8.77,0.32,63.5,0.78,85.7,0.13,14.3,36.8,0.06,0.58,0.71,44.6,1.56,0.91,41.2,0.65,1.23,0.71,0.84,2.4,2.21,0.06,1.82,1.81,0.0,0.13,0.13,0.26,0.26,0.0,2.27,1.1,0.0,0.39,0.84,0.91,0.0,0.0,0.0,6.1,0.71,50.0,,,,,,,,,,,,,,,,,
Andrew Privett,us USA,DF,Charlotte,25-124,2000,23,19,1798,20.0,0.05,0.0,0.05,0.05,0.0,0.0,0.1,0.05,0.03,0.03,0.01,0.03,0.15,2.75,0.15,0.05,0.03,0.03,Matches,2025,20.0,55.0,61.5,89.4,1150.8,392.5,0.0,0.03,-0.01,0.1,2.6,0.1,0.0,0.05,0.15,0.05,33.3,0.15,0.05,0.33,1.0,9.4,0.0,0.0,0.0,0.15,0.03,0.03,71.0,11.9,41.7,27.6,1.8,0.35,71.0,0.0,0.0,0.05,100.0,46.1,0.0,0.25,0.1,51.0,1.3,0.9,56.0,0.55,1.35,0.55,0.75,2.05,4.65,0.15,0.25,0.25,0.0,0.0,0.0,0.0,0.0,0.0,0.65,0.55,0.0,0.05,0.75,0.9,0.0,0.1,0.0,3.8,1.5,55.6,,,,,,,,,,,,,,,,,
Ahmed Qasem,se SWE,"FW,MF",Nashville SC,22-145,2003,28,12,1223,13.6,0.15,0.07,0.22,0.15,0.0,0.0,0.15,0.0,0.13,0.13,0.15,0.29,3.53,2.5,6.54,0.22,0.29,0.29,Matches,2025,13.6,20.1,26.0,77.3,286.0,61.6,0.07,0.13,-0.08,0.74,1.4,0.96,0.0,0.15,1.4,0.59,42.1,1.4,0.59,0.11,0.25,15.0,0.0,0.0,0.0,0.1,0.01,0.01,39.9,1.1,6.1,16.4,18.2,3.31,39.9,1.62,37.9,2.57,60.3,24.6,0.81,3.38,2.43,27.9,1.54,0.88,35.0,0.96,0.96,0.59,0.74,2.28,0.81,0.07,2.43,2.43,0.0,0.29,0.0,0.15,0.15,0.0,2.06,1.32,0.07,1.25,0.74,0.88,0.07,0.0,0.0,3.6,0.44,42.9,,,,,,,,,,,,,,,,,
Nelson Quiñones,co COL,MF,Houston Dynamo,23-106,2002,1,0,11,0.1,0.0,0.0,0.0,0.0,0.0,0.0,0.0,0.0,0.0,0.0,1.0,1.0,20.0,0.0,30.0,0.0,0.57,0.57,Matches,2025,0.1,20.0,30.0,66.7,300.0,120.0,0.0,1.0,-1.0,10.0,0.0,10.0,10.0,0.0,0.0,0.0,,0.0,0.0,,,,0.0,0.0,0.0,,0.0,0.0,90.0,0.0,10.0,10.0,70.0,40.0,90.0,0.0,,0.0,,60.0,20.0,50.0,0.0,50.0,0.0,0.0,,0.0,0.0,0.0,0.0,0.0,0.0,0.0,10.0,8.18,0.0,0.0,0.0,0.0,0.0,0.0,0.0,0.0,0.0,10.0,0.0,0.0,0.0,0.0,0.0,10.0,0.0,,,,,,,,,,,,,,,,,,
Philip Quinton,us USA,DF,Real Salt Lake,26-018,1999,16,9,812,9.0,0.0,0.0,0.0,0.0,0.0,0.0,0.22,0.0,0.02,0.02,0.0,0.03,0.33,2.44,0.56,0.0,0.03,0.03,Matches,2025,9.0,51.6,57.4,89.7,926.8,285.4,0.0,0.01,0.0,0.22,2.67,0.11,0.11,0.0,0.44,0.0,0.0,0.44,0.0,0.0,,10.4,0.0,0.0,0.0,0.06,-0.02,-0.02,69.6,9.33,36.2,30.6,2.89,0.89,69.6,0.56,71.4,0.22,28.6,39.7,0.0,0.44,0.11,46.0,0.89,0.56,42.9,0.44,1.56,0.44,0.78,1.67,6.89,0.11,1.0,1.0,0.0,0.0,0.0,0.0,0.0,0.0,0.56,0.78,0.0,0.22,0.78,0.56,0.0,0.0,0.0,4.89,0.89,42.1,,,,,,,,,,,,,,,,,
Nemanja Radoja,rs SRB,MF,Sporting KC,32-301,1993,20,13,1099,12.2,0.0,0.0,0.0,0.0,0.0,0.0,0.25,0.0,0.02,0.02,0.0,0.02,0.74,6.72,1.56,0.0,0.02,0.02,Matches,2025,12.2,50.0,58.1,86.0,847.7,226.9,0.0,0.04,0.0,0.08,6.31,0.57,0.0,0.0,0.49,0.08,16.7,0.49,0.08,0.0,0.0,22.0,0.0,0.0,0.0,0.04,-0.02,-0.02,67.5,1.56,12.3,43.4,12.3,0.57,67.5,0.49,46.2,0.49,46.2,39.8,0.0,0.82,1.07,47.7,2.62,1.72,60.9,0.74,1.23,0.9,0.98,3.61,1.15,0.0,1.39,1.39,0.0,0.08,0.0,0.16,0.16,0.0,1.89,1.72,0.0,0.08,0.98,1.72,0.0,0.0,0.0,5.66,1.23,55.6,,,,,,,,,,,,,,,,,
Jeremy Rafanello,us USA,MF,Philadelphia Union,25-234,2000,15,2,287,3.2,0.0,0.0,0.0,0.0,0.0,0.0,0.0,0.0,0.03,0.03,0.03,0.06,1.25,2.19,1.25,0.0,0.06,0.06,Matches,2025,3.2,27.2,35.3,77.0,392.2,160.9,0.0,0.03,-0.03,0.63,1.88,0.94,0.31,0.0,0.94,0.63,66.7,0.94,0.63,0.0,0.0,25.3,0.31,0.0,0.0,0.04,-0.03,-0.03,48.8,1.88,7.81,22.5,19.7,0.0,48.8,0.94,33.3,1.88,66.7,23.8,0.0,0.63,2.19,26.6,2.19,1.25,55.6,1.25,1.25,0.63,0.63,2.81,2.5,0.0,2.5,2.54,0.63,0.63,0.0,0.31,0.32,0.0,0.94,2.19,0.0,1.88,0.63,1.25,0.0,0.0,0.0,6.56,0.63,40.0,,,,,,,,,,,,,,,,,
Jackson Ragen,us USA,DF,Seattle Sounders,27-071,1998,24,21,1916,21.3,0.09,0.05,0.14,0.09,0.0,0.0,0.28,0.0,0.05,0.05,0.04,0.09,0.23,3.99,0.19,0.14,0.09,0.09,Matches,2025,21.3,70.3,75.6,93.0,1328.0,586.2,0.05,0.04,0.0,0.47,5.35,0.19,0.05,0.09,0.61,0.33,53.8,0.61,0.33,0.15,0.29,9.5,0.0,0.0,0.0,0.07,0.05,0.05,85.8,11.6,42.1,39.6,4.46,1.36,85.8,0.19,100.0,0.0,0.0,53.4,0.0,0.47,0.09,63.0,1.13,0.66,84.2,0.14,1.69,0.61,0.61,1.74,5.07,0.09,1.08,1.08,0.0,0.0,0.0,0.05,0.05,0.0,0.8,0.61,0.0,0.09,0.61,0.66,0.0,0.0,0.0,4.13,1.88,64.5,,,,,,,,,,,,,,,,,
Brooklyn Raines,us USA,MF,Houston Dynamo,20-268,2005,22,20,1695,18.8,0.0,0.0,0.0,0.0,0.0,0.0,0.43,0.05,0.01,0.01,0.02,0.03,0.32,3.24,0.53,0.0,0.03,0.03,Matches,2025,18.8,44.4,48.4,91.7,637.8,160.5,0.0,0.03,-0.02,0.59,3.19,0.05,0.0,0.0,0.37,0.0,0.0,0.37,0.0,0.0,,22.8,0.0,0.0,0.0,0.03,-0.01,-0.01,55.8,1.65,13.6,32.6,10.0,0.21,55.8,0.37,50.0,0.27,35.7,35.6,0.0,0.85,0.74,42.3,1.44,1.33,62.5,0.48,0.9,0.59,1.01,2.45,0.9,0.05,1.38,1.38,0.0,0.21,0.0,0.0,0.0,0.05,1.76,1.91,0.0,0.11,1.01,1.33,0.0,0.0,0.0,2.82,0.11,10.0,,,,,,,,,,,,,,,,,
Anthony Ramirez,us USA,MF,FC Dallas,19-347,2005,1,0,1,0.0,0.0,0.0,0.0,0.0,0.0,0.0,0.0,0.0,0.0,0.0,0.1,0.1,0.0,1.0,1.0,0.0,5.93,5.93,Matches,2025,0.0,8.0,8.0,100.0,98.0,53.0,0.0,0.0,-0.1,1.0,1.0,0.0,0.0,0.0,0.0,0.0,,0.0,0.0,,,,0.0,0.0,0.0,,0.0,0.0,8.0,0.0,2.0,5.0,2.0,0.0,8.0,0.0,,0.0,,4.0,0.0,0.0,0.0,7.0,0.0,0.0,,0.0,0.0,0.0,0.0,0.0,0.0,0.0,1.0,90.0,0.0,0.0,0.0,0.0,0.0,0.0,0.0,1.0,0.0,0.0,0.0,0.0,0.0,0.0,0.0,1.0,0.0,,,,,,,,,,,,,,,,,,
Christian Ramirez,us USA,"FW,MF",LA Galaxy,34-244,1991,25,10,917,10.2,0.39,0.1,0.49,0.39,0.0,0.0,0.1,0.0,0.37,0.37,0.18,0.55,0.2,2.45,3.73,0.49,0.55,0.55,Matches,2025,10.2,11.9,16.7,71.2,176.8,54.7,0.1,0.09,-0.08,1.18,1.37,0.59,0.0,0.39,2.25,0.88,39.1,2.26,0.88,0.17,0.44,10.5,0.0,0.0,0.0,0.17,0.02,0.02,24.3,1.27,2.25,12.3,9.8,3.63,24.3,0.1,25.0,0.29,75.0,12.5,0.2,1.27,0.69,16.7,0.49,0.2,60.0,0.2,0.59,0.59,0.2,0.69,0.98,0.0,1.47,1.47,0.0,0.1,0.0,0.2,0.2,0.0,0.59,0.98,0.59,0.2,0.2,0.2,0.0,0.0,0.0,1.47,1.18,32.4,,,,,,,,,,,,,,,,,
Rubén Ramos,us USA,"MF,FW",LA Galaxy,18-316,2007,6,1,130,1.4,0.0,0.0,0.0,0.0,0.0,0.0,0.0,0.0,0.5,0.5,0.0,0.5,1.43,3.57,3.57,0.0,0.51,0.51,Matches,2025,1.4,27.1,30.7,88.4,370.0,98.6,0.0,0.0,0.0,0.71,1.43,0.0,0.0,0.0,5.0,2.14,42.9,4.85,2.08,0.0,0.0,17.1,0.0,0.0,0.0,0.1,-0.5,-0.5,43.6,0.71,6.43,20.0,18.6,4.29,43.6,3.57,71.4,0.71,14.3,30.7,0.0,2.14,0.71,34.3,0.0,0.0,,0.0,1.43,1.43,1.43,1.43,0.71,0.0,0.71,0.69,0.0,0.0,0.0,0.0,0.0,0.0,0.71,0.71,0.0,0.71,1.43,0.0,0.0,0.0,0.0,2.14,0.71,50.0,,,,,,,,,,,,,,,,,
Alisa Randell,lr LBR,"MF,DF",Minnesota Utd,18-101,2007,4,1,64,0.7,0.0,0.0,0.0,0.0,0.0,0.0,0.0,0.0,0.0,0.0,0.0,0.0,4.29,2.86,7.14,0.0,0.0,0.0,Matches,2025,0.7,8.57,10.0,85.7,80.0,34.3,0.0,0.0,0.0,0.0,0.0,1.43,0.0,0.0,0.0,0.0,,0.0,0.0,,,,0.0,0.0,0.0,,0.0,0.0,24.3,4.29,10.0,2.86,11.4,1.43,24.3,1.43,33.3,2.86,66.7,17.1,1.43,2.86,2.86,15.7,0.0,0.0,,0.0,1.43,1.43,2.86,2.86,2.86,0.0,0.0,0.0,0.0,0.0,0.0,0.0,0.0,0.0,2.86,1.43,0.0,1.43,2.86,0.0,0.0,0.0,0.0,1.43,1.43,33.3,,,,,,,,,,,,,,,,,
Ryan Raposo,ca CAN,"DF,MF",LAFC,26-274,1999,5,0,18,0.2,0.0,0.0,0.0,0.0,0.0,0.0,0.0,0.0,0.0,0.0,0.0,0.0,15.0,15.0,15.0,0.0,0.16,0.16,Matches,2025,0.2,110.0,120.0,91.7,1665.0,405.0,0.0,0.0,0.0,5.0,0.0,5.0,5.0,0.0,0.0,0.0,,0.0,0.0,,,,0.0,0.0,0.0,,0.0,0.0,135.0,0.0,10.0,85.0,40.0,0.0,135.0,0.0,,0.0,,85.0,0.0,0.0,5.0,95.0,10.0,5.0,50.0,5.0,5.0,5.0,0.0,10.0,0.0,0.0,5.0,5.0,0.0,0.0,0.0,0.0,0.0,0.0,15.0,10.0,0.0,5.0,0.0,5.0,0.0,0.0,0.0,20.0,0.0,,,,,,,,,,,,,,,,,,
Tim Ream,us USA,DF,Charlotte,38-060,1987,27,24,2203,24.5,0.0,0.0,0.0,0.0,0.0,0.0,0.04,0.0,0.0,0.0,0.01,0.01,0.53,4.0,0.53,0.0,0.01,0.01,Matches,2025,24.5,55.1,61.3,89.8,1095.4,399.0,0.0,0.01,-0.01,0.12,4.82,0.12,0.0,0.0,0.0,0.0,,0.0,0.0,,,,0.0,0.0,0.0,,0.0,0.0,69.9,9.47,32.3,32.7,5.27,0.2,69.9,0.29,77.8,0.08,22.2,41.6,0.0,0.61,0.2,47.3,1.02,0.45,41.2,0.82,1.31,0.57,1.14,2.16,4.16,0.04,0.49,0.49,0.0,0.0,0.0,0.08,0.08,0.0,0.37,0.16,0.0,0.33,1.14,0.45,0.0,0.0,0.0,3.18,1.18,60.4,,,,,,,,,,,,,,,,,
Federico Redondo,ar ARG,MF,Inter Miami,22-320,2003,20,8,882,9.8,0.0,0.1,0.1,0.0,0.0,0.0,0.51,0.0,0.02,0.02,0.03,0.06,1.22,6.53,1.22,0.1,0.06,0.06,Matches,2025,9.8,68.8,77.8,88.5,1145.9,321.5,0.1,0.08,0.07,0.41,7.14,0.51,0.1,0.0,0.31,0.0,0.0,0.31,0.0,0.0,,24.3,0.0,0.0,0.0,0.08,-0.02,-0.02,85.4,1.84,19.4,53.2,13.8,1.02,85.4,0.82,80.0,0.2,20.0,51.7,0.2,1.84,1.12,66.5,2.04,1.22,46.2,1.43,1.12,0.82,0.82,2.86,0.82,0.1,1.73,1.74,0.1,0.0,0.0,0.1,0.1,0.0,2.45,1.12,0.0,0.2,0.82,1.22,0.0,0.0,0.0,6.53,0.61,75.0,,,,,,,,,,,,,,,,,
Jayden Reid,us USA,DF,St. Louis,24-096,2001,8,5,452,5.0,0.0,0.0,0.0,0.0,0.0,0.0,0.6,0.0,0.0,0.0,0.0,0.0,2.6,4.2,2.2,0.0,0.01,0.01,Matches,2025,5.0,43.6,49.8,87.6,654.6,236.0,0.0,0.04,0.0,0.2,3.4,0.2,0.0,0.0,0.0,0.0,,0.0,0.0,,,,0.0,0.0,0.0,,0.0,0.0,62.2,3.2,23.4,28.8,11.0,0.4,62.2,0.4,40.0,0.6,60.0,37.2,0.2,1.2,1.0,40.4,3.4,2.0,91.7,0.2,1.4,1.2,1.0,4.4,4.0,0.2,1.0,1.0,0.0,0.0,0.0,0.0,0.0,0.0,1.2,0.4,0.0,1.2,1.0,2.0,0.0,0.0,0.0,4.2,0.6,37.5,,,,,,,,,,,,,,,,,
Seymour Reid,jm JAM,FW,NYCFC,17-275,2008,9,0,80,0.9,1.11,0.0,1.11,1.11,0.0,0.0,0.0,0.0,0.78,0.78,0.33,1.11,2.22,5.56,15.6,1.13,1.12,1.12,Matches,2025,0.9,24.4,31.1,78.6,328.9,107.8,0.0,0.44,-0.33,2.22,2.22,2.22,0.0,1.11,3.33,2.22,66.7,3.38,2.25,0.33,0.5,15.0,0.0,0.0,0.0,0.25,0.33,0.33,45.6,0.0,1.11,25.6,20.0,4.44,45.6,2.22,40.0,3.33,60.0,31.1,1.11,4.44,3.33,40.0,0.0,0.0,,0.0,0.0,0.0,0.0,0.0,0.0,0.0,3.33,3.38,1.11,0.0,0.0,0.0,0.0,0.0,3.33,1.11,0.0,0.0,0.0,0.0,0.0,0.0,0.0,3.33,1.11,20.0,,,,,,,,,,,,,,,,,
William Reilly,us USA,MF,Atlanta Utd,23-001,2002,11,4,496,5.5,0.18,0.0,0.18,0.18,0.0,0.0,0.55,0.0,0.13,0.13,0.02,0.15,0.73,4.55,3.27,0.18,0.15,0.15,Matches,2025,5.5,44.0,51.8,84.9,734.5,158.5,0.0,0.04,-0.02,0.73,5.82,0.18,0.0,0.18,0.73,0.36,50.0,0.73,0.36,0.25,0.5,12.2,0.0,0.0,0.0,0.17,0.05,0.05,63.1,2.18,11.5,37.8,14.5,0.91,63.1,0.36,20.0,0.91,50.0,34.2,0.36,1.27,1.64,42.5,1.82,1.27,46.7,1.45,1.82,1.27,1.64,3.45,1.27,0.18,2.55,2.54,0.0,0.18,0.0,0.0,0.0,0.0,1.82,2.55,0.0,0.55,1.64,1.27,0.0,0.0,0.0,6.91,0.55,60.0,,,,,,,,,,,,,,,,,
Marco Reus,de GER,"MF,FW",LA Galaxy,36-187,1989,21,17,1482,16.5,0.3,0.48,0.79,0.3,0.0,0.0,0.06,0.0,0.24,0.24,0.37,0.61,1.94,7.09,4.36,0.79,0.61,0.61,Matches,2025,16.5,44.4,53.4,83.2,693.1,179.8,0.48,0.27,0.12,2.85,4.24,2.48,0.24,0.3,1.7,0.67,39.3,1.7,0.67,0.18,0.45,15.6,0.24,0.0,0.0,0.16,0.07,0.07,60.1,0.85,4.61,28.4,28.1,3.52,60.1,0.61,50.0,0.48,40.0,37.2,0.18,0.91,0.61,46.5,1.27,0.97,44.4,0.3,0.42,0.3,0.48,1.76,0.67,0.06,4.55,4.55,0.12,0.12,0.24,0.61,0.61,0.0,0.36,0.97,0.24,3.15,0.48,0.97,0.0,0.0,0.0,2.73,0.0,0.0,,,,,,,,,,,,,,,,,
Andrés Reyes,co COL,DF,San Diego FC,26-087,1999,1,1,42,0.5,0.0,0.0,0.0,0.0,0.0,0.0,4.0,2.0,0.0,0.0,0.0,0.0,0.0,0.0,0.0,0.0,0.0,0.0,Matches,2025,0.5,90.0,92.0,97.8,1432.0,452.0,0.0,0.0,0.0,0.0,0.0,0.0,0.0,0.0,0.0,0.0,,0.0,0.0,,,,0.0,0.0,0.0,,0.0,0.0,100.0,14.0,52.0,50.0,0.0,0.0,100.0,0.0,,0.0,,80.0,0.0,2.0,0.0,90.0,0.0,0.0,,0.0,2.0,0.0,0.0,0.0,2.0,0.0,0.0,0.0,0.0,0.0,0.0,0.0,0.0,2.0,6.0,2.0,0.0,0.0,0.0,0.0,0.0,2.0,0.0,2.0,2.0,100.0,,,,,,,,,,,,,,,,,
Justin Reynolds,us USA,"DF,MF",Chicago Fire,21-122,2004,4,1,146,1.6,0.63,0.0,0.63,0.63,0.0,0.0,0.0,0.0,0.63,0.63,0.06,0.69,4.38,1.88,7.5,0.62,0.66,0.66,Matches,2025,1.6,48.8,61.9,78.8,641.9,217.5,0.0,0.06,-0.06,0.63,1.88,1.88,1.25,0.63,1.25,0.63,50.0,1.23,0.62,0.5,1.0,7.4,0.0,0.0,0.0,0.5,0.0,0.0,75.6,6.25,28.8,25.6,21.9,2.5,75.6,1.25,40.0,1.88,60.0,40.0,0.63,0.63,2.5,46.3,0.63,0.63,50.0,0.63,2.5,1.88,0.63,1.25,3.13,0.63,1.25,1.23,0.0,0.0,0.0,0.0,0.0,0.0,1.25,0.63,0.0,2.5,0.63,0.63,0.0,0.0,0.0,4.38,0.0,0.0,,,,,,,,,,,,,,,,,
Alvaro Ribeiro,pt POR,DF,FC Dallas,20-231,2005,7,4,366,4.1,0.0,0.0,0.0,0.0,0.0,0.0,0.0,0.0,0.05,0.05,0.0,0.05,0.24,0.49,0.24,0.0,0.06,0.06,Matches,2025,4.1,25.6,29.3,87.5,450.0,215.1,0.0,0.0,0.0,0.0,0.24,0.0,0.0,0.0,0.49,0.24,50.0,0.49,0.25,0.0,0.0,8.9,0.0,0.0,0.0,0.11,-0.05,-0.05,41.5,9.27,31.7,9.27,0.98,0.73,41.5,0.24,100.0,0.0,0.0,18.5,0.0,0.0,0.0,22.2,1.95,1.46,100.0,0.0,2.2,0.73,1.71,3.66,5.85,0.24,0.24,0.25,0.0,0.0,0.0,0.0,0.0,0.0,0.98,0.73,0.49,0.0,1.71,1.46,0.0,0.0,0.0,3.17,1.95,80.0,,,,,,,,,,,,,,,,,
Jamar Ricketts,us USA,"DF,MF",SJ Earthquakes,24-041,2001,19,12,915,10.2,0.1,0.2,0.29,0.1,0.0,0.0,0.0,0.0,0.04,0.04,0.16,0.2,3.24,2.16,5.29,0.3,0.2,0.2,Matches,2025,10.2,30.7,40.6,75.6,496.6,158.9,0.2,0.12,0.04,0.88,1.08,1.08,0.78,0.1,0.69,0.2,28.6,0.69,0.2,0.14,0.5,18.3,0.0,0.0,0.0,0.06,0.06,0.06,53.5,2.55,14.4,24.7,15.1,1.76,53.5,1.37,53.8,1.08,42.3,25.1,0.88,2.65,0.98,29.7,1.86,1.08,47.1,0.88,1.27,0.98,1.47,3.33,2.55,0.0,1.76,1.77,0.39,0.1,0.0,0.39,0.39,0.0,1.08,1.86,0.1,2.75,1.47,1.08,0.0,0.0,0.1,3.82,0.59,30.0,,,,,,,,,,,,,,,,,
Kalani Rienzi,us USA,"DF,MF",Seattle Sounders,23-160,2002,22,15,1414,15.7,0.19,0.13,0.32,0.19,0.0,0.0,0.25,0.06,0.08,0.08,0.08,0.16,1.85,4.46,5.61,0.32,0.16,0.16,Matches,2025,15.7,39.4,48.2,81.6,576.8,167.6,0.13,0.15,0.04,0.45,2.1,1.34,0.25,0.19,0.76,0.32,41.7,0.76,0.32,0.25,0.6,19.7,0.0,0.0,0.0,0.1,0.11,0.11,59.6,3.63,16.8,23.8,19.6,1.91,59.6,0.89,53.8,0.64,38.5,30.9,0.51,1.78,0.89,35.1,2.74,1.85,54.9,1.46,0.7,0.45,1.34,4.08,2.93,0.06,1.85,1.84,0.13,0.0,0.06,0.45,0.45,0.06,0.96,0.38,0.32,1.78,1.34,1.85,0.0,0.0,0.0,4.52,0.7,44.0,,,,,,,,,,,,,,,,,
Chris Rindov,us USA,DF,LA Galaxy,24-057,2001,6,6,514,5.7,0.0,0.0,0.0,0.0,0.0,0.0,0.0,0.0,0.02,0.02,0.02,0.04,0.0,2.63,0.0,0.0,0.03,0.03,Matches,2025,5.7,51.9,58.2,89.2,915.3,315.3,0.0,0.02,-0.02,0.35,3.51,0.0,0.0,0.0,0.18,0.0,0.0,0.18,0.0,0.0,,9.8,0.0,0.0,0.0,0.09,-0.02,-0.02,69.6,8.95,33.5,35.4,0.88,0.18,69.6,0.0,,0.0,,40.9,0.0,0.18,0.18,47.2,2.81,1.05,100.0,0.0,1.58,0.88,0.53,3.33,5.26,0.0,1.05,1.05,0.0,0.0,0.0,0.0,0.0,0.0,1.05,0.35,0.0,0.0,0.53,1.05,0.0,0.0,0.0,4.74,0.53,42.9,,,,,,,,,,,,,,,,,
Birk Risa,no NOR,DF,NYCFC,27-294,1998,17,12,1057,11.7,0.0,0.0,0.0,0.0,0.0,0.0,0.09,0.0,0.03,0.03,0.06,0.09,0.85,4.87,1.54,0.0,0.08,0.08,Matches,2025,11.7,54.1,66.6,81.3,1031.9,363.5,0.0,0.09,-0.06,0.6,4.36,0.6,0.09,0.0,0.34,0.09,25.0,0.34,0.09,0.0,0.0,22.7,0.17,0.0,0.0,0.07,-0.03,-0.03,79.0,9.15,34.8,36.8,7.35,0.26,79.0,0.0,0.0,0.43,100.0,37.9,0.0,0.43,0.34,47.8,1.37,0.68,62.5,0.51,1.79,0.6,1.03,2.39,5.56,0.0,1.11,1.11,0.0,0.0,0.0,0.0,0.0,0.0,0.85,1.03,0.0,0.77,1.03,0.68,0.0,0.0,0.0,3.93,1.88,52.4,,,,,,,,,,,,,,,,,
Reid Roberts,us USA,DF,SJ Earthquakes,21-360,2003,14,10,890,9.9,0.0,0.0,0.0,0.0,0.0,0.0,0.61,0.1,0.02,0.02,0.03,0.05,0.81,3.74,1.52,0.0,0.05,0.05,Matches,2025,9.9,42.8,50.5,84.8,750.6,272.3,0.0,0.04,-0.03,0.51,3.23,0.2,0.0,0.0,0.4,0.1,25.0,0.4,0.1,0.0,0.0,8.8,0.0,0.0,0.0,0.04,-0.02,-0.02,62.8,4.65,26.4,30.3,6.87,1.31,62.8,0.71,70.0,0.3,30.0,34.2,0.1,0.81,0.4,38.4,2.12,1.52,72.2,0.51,0.91,0.71,1.82,3.94,4.75,0.1,1.11,1.11,0.0,0.0,0.0,0.0,0.0,0.1,1.92,0.71,0.0,0.51,1.82,1.52,0.0,0.0,0.0,6.36,1.62,61.5,,,,,,,,,,,,,,,,,
Miles Robinson,us USA,DF,FC Cincinnati,28-265,1997,26,26,2255,25.1,0.04,0.0,0.04,0.04,0.0,0.0,0.12,0.0,0.06,0.06,0.02,0.08,0.56,3.82,0.12,0.04,0.08,0.08,Matches,2025,25.1,57.4,65.2,88.1,1113.3,477.2,0.0,0.03,-0.02,0.28,4.1,0.16,0.0,0.04,0.6,0.08,13.3,0.6,0.08,0.07,0.5,10.3,0.0,0.0,0.0,0.1,-0.02,-0.02,76.5,9.16,39.3,34.3,3.19,0.92,76.5,0.16,57.1,0.12,42.9,45.4,0.08,0.4,0.24,54.8,1.39,0.76,73.1,0.28,1.35,0.48,1.43,2.83,5.42,0.04,1.0,1.0,0.0,0.0,0.0,0.08,0.08,0.0,0.64,0.56,0.04,0.12,1.43,0.76,0.0,0.04,0.04,3.59,2.03,63.0,,,,,,,,,,,,,,,,,
Stian Rode Gregersen,no NOR,DF,Atlanta Utd,30-201,1995,18,18,1365,15.2,0.0,0.07,0.07,0.0,0.0,0.0,0.2,0.0,0.07,0.07,0.03,0.11,1.12,3.16,0.07,0.07,0.11,0.11,Matches,2025,15.2,49.0,54.7,89.7,859.7,353.5,0.07,0.03,0.03,0.26,3.16,0.33,0.07,0.0,0.33,0.0,0.0,0.33,0.0,0.0,,8.3,0.0,0.0,0.0,0.22,-0.07,-0.07,65.3,7.57,33.8,29.9,2.11,0.53,65.3,0.2,75.0,0.07,25.0,40.4,0.0,0.46,0.13,46.9,1.71,1.25,61.9,0.53,0.79,0.33,1.58,3.29,4.87,0.0,0.79,0.79,0.0,0.0,0.0,0.2,0.2,0.0,1.71,1.51,0.0,0.13,1.58,1.25,0.0,0.0,0.0,3.62,1.51,62.2,,,,,,,,,,,,,,,,,
Rodrigues,br BRA,DF,SJ Earthquakes,28-055,1997,20,17,1481,16.5,0.06,0.06,0.12,0.06,0.0,0.0,0.24,0.0,0.06,0.06,0.04,0.1,1.52,5.45,0.61,0.12,0.1,0.1,Matches,2025,16.5,46.3,57.8,80.2,866.5,389.4,0.06,0.04,0.02,0.36,5.76,0.48,0.06,0.06,0.79,0.18,23.1,0.79,0.18,0.08,0.33,15.4,0.0,0.0,0.0,0.08,0.0,0.0,71.9,5.82,31.5,34.7,7.03,0.91,71.9,0.91,68.2,0.36,27.3,40.8,0.0,0.91,0.3,41.4,2.91,1.58,55.4,1.52,1.7,0.91,2.24,5.15,4.36,0.0,1.58,1.58,0.06,0.12,0.06,0.18,0.18,0.0,0.97,2.06,0.12,0.61,2.24,1.58,0.0,0.0,0.0,6.12,1.52,56.8,,,,,,,,,,,,,,,,,
Baltasar Rodríguez,ar ARG,"MF,FW",Inter Miami,22-148,2003,14,6,614,6.8,0.44,0.44,0.88,0.44,0.0,0.0,0.44,0.0,0.32,0.32,0.07,0.4,2.21,3.82,6.91,0.88,0.39,0.39,Matches,2025,6.8,46.2,51.6,89.5,736.0,144.0,0.44,0.13,0.37,0.44,2.94,1.47,0.15,0.44,2.35,1.03,43.8,2.35,1.03,0.19,0.43,18.7,0.0,0.0,0.0,0.14,0.12,0.12,64.0,1.47,8.53,31.0,24.9,2.65,64.0,1.91,54.2,1.47,41.7,41.9,0.74,2.5,1.03,49.1,2.21,1.62,20.0,2.94,0.88,0.88,0.88,3.09,1.03,0.0,2.94,2.93,0.0,0.29,0.15,0.59,0.59,0.0,2.06,1.76,0.29,0.74,0.88,1.62,0.0,0.0,0.0,5.29,0.44,37.5,,,,,,,,,,,,,,,,,
Jonathan Rodríguez,uy URU,FW,Portland Timbers,32-151,1993,6,0,154,1.7,0.59,0.59,1.18,0.0,0.59,0.59,1.18,0.0,0.65,0.18,0.35,0.53,2.35,4.71,7.06,0.58,1.01,0.55,Matches,2025,1.7,24.7,33.5,73.7,337.6,110.6,0.59,0.12,0.24,1.18,1.76,1.76,0.0,0.59,3.53,1.18,33.3,3.51,1.17,0.0,0.0,16.8,0.0,0.59,0.59,0.05,-0.06,-0.18,45.3,0.59,5.29,22.4,18.2,6.47,44.7,0.0,0.0,0.0,0.0,21.2,0.59,2.35,0.59,34.1,0.0,0.0,0.0,1.18,0.0,0.0,0.0,0.0,1.18,0.0,6.47,6.43,0.0,2.35,0.0,1.18,1.17,0.0,1.76,2.94,1.18,0.59,0.0,0.0,0.59,0.0,0.0,4.12,5.29,90.0,,,,,,,,,,,,,,,,,
Memo Rodriguez,us USA,MF,Sporting KC,29-342,1995,19,7,654,7.3,0.0,0.0,0.0,0.0,0.0,0.0,0.41,0.0,0.04,0.04,0.29,0.33,1.1,8.49,3.01,0.0,0.33,0.33,Matches,2025,7.3,47.1,58.6,80.4,961.2,373.4,0.0,0.37,-0.29,2.05,7.67,1.51,0.27,0.0,1.23,0.14,11.1,1.24,0.14,0.0,0.0,26.2,0.41,0.0,0.0,0.04,-0.04,-0.04,65.9,1.37,9.73,34.8,21.6,1.23,65.9,0.14,50.0,0.14,50.0,32.2,0.27,0.96,0.82,47.7,2.6,1.78,50.0,1.37,0.68,0.68,0.41,3.01,0.68,0.0,4.25,4.26,0.0,0.14,0.14,0.14,0.14,0.0,2.19,1.37,0.0,5.62,0.41,1.78,0.0,0.14,0.0,4.11,0.27,22.2,,,,,,,,,,,,,,,,,
Nicolás Rodríguez,co COL,"MF,FW",Orlando City,21-223,2004,12,2,220,2.4,0.42,0.0,0.42,0.42,0.0,0.0,0.42,0.0,0.38,0.38,0.17,0.5,1.25,3.33,6.25,0.41,0.5,0.5,Matches,2025,2.4,27.5,33.8,81.5,410.0,72.9,0.0,0.13,-0.17,1.67,0.83,1.25,0.0,0.42,1.67,1.25,75.0,1.64,1.23,0.25,0.33,22.6,0.42,0.0,0.0,0.21,0.04,0.04,48.3,0.83,7.5,17.9,22.9,2.92,48.3,0.83,40.0,1.25,60.0,25.0,0.83,2.08,0.83,34.6,0.83,0.42,0.0,0.83,2.5,2.5,0.42,1.25,2.08,0.0,2.92,2.88,0.42,0.0,0.0,0.0,0.0,0.0,1.67,2.5,0.0,2.08,0.42,0.42,0.0,0.0,0.0,0.83,1.67,80.0,,,,,,,,,,,,,,,,,
Sam Rogers,us USA,DF,Chicago Fire,26-201,1999,22,20,1701,18.9,0.0,0.0,0.0,0.0,0.0,0.0,0.32,0.0,0.05,0.05,0.03,0.07,0.32,2.59,0.16,0.0,0.08,0.08,Matches,2025,18.9,57.2,61.8,92.6,987.2,410.2,0.0,0.01,-0.03,0.11,3.02,0.05,0.0,0.0,0.42,0.16,37.5,0.42,0.16,0.0,0.0,10.5,0.0,0.0,0.0,0.14,-0.05,-0.05,72.2,11.4,45.6,24.4,2.38,0.53,72.2,0.05,50.0,0.05,50.0,38.1,0.0,0.48,0.16,49.8,1.38,0.85,47.6,0.58,1.16,0.53,1.27,2.65,4.66,0.11,0.37,0.37,0.0,0.0,0.0,0.05,0.05,0.0,0.9,0.26,0.05,0.0,1.27,0.85,0.0,0.05,0.05,3.76,1.22,59.0,,,,,,,,,,,,,,,,,
Matías Rojas,py PAR,"MF,FW",Portland Timbers,30-031,1995,7,5,352,3.9,0.26,0.0,0.26,0.26,0.0,0.0,0.0,0.0,0.18,0.18,0.15,0.33,1.28,4.62,4.87,0.26,0.34,0.34,Matches,2025,3.9,31.0,45.4,68.4,632.3,216.9,0.0,0.18,-0.15,2.82,3.08,0.26,0.26,0.26,3.59,1.54,42.9,3.58,1.53,0.07,0.17,24.6,1.03,0.0,0.0,0.05,0.08,0.08,54.4,0.26,5.38,25.6,23.3,2.05,54.4,1.03,50.0,1.03,50.0,34.4,0.26,2.31,0.51,40.3,0.51,0.51,25.0,0.77,0.51,0.51,0.26,0.77,0.0,0.26,4.62,4.6,0.0,0.0,0.0,0.26,0.26,0.0,1.03,0.77,0.51,6.67,0.26,0.51,0.0,0.0,0.0,3.59,0.77,60.0,,,,,,,,,,,,,,,,,
Alex Roldan,sv SLV,"DF,MF",Seattle Sounders,29-129,1996,29,24,2116,23.5,0.0,0.09,0.09,0.0,0.0,0.0,0.09,0.0,0.05,0.05,0.14,0.2,1.4,4.81,5.83,0.09,0.19,0.19,Matches,2025,23.5,56.7,67.1,84.5,955.4,272.1,0.09,0.14,-0.06,1.11,4.34,1.53,0.43,0.0,1.15,0.34,29.6,1.15,0.34,0.0,0.0,21.4,0.0,0.0,0.0,0.04,-0.05,-0.05,78.6,4.68,23.0,33.4,22.7,1.57,78.6,0.3,41.2,0.43,58.8,46.6,0.38,1.11,0.34,53.6,1.83,1.49,47.4,0.85,1.15,0.94,1.15,2.98,3.87,0.17,2.77,2.76,0.0,0.09,0.0,0.21,0.21,0.0,0.3,1.19,0.09,2.09,1.15,1.49,0.0,0.0,0.0,4.34,0.94,53.7,,,,,,,,,,,,,,,,,
Cristian Roldan,us USA,MF,Seattle Sounders,30-184,1995,31,30,2632,29.2,0.03,0.07,0.1,0.03,0.0,0.0,0.1,0.0,0.07,0.07,0.09,0.16,1.03,8.32,1.85,0.1,0.16,0.16,Matches,2025,29.2,62.6,71.0,88.2,1141.4,348.4,0.07,0.12,-0.02,1.16,9.38,0.86,0.21,0.03,1.16,0.45,38.2,1.16,0.44,0.03,0.08,19.2,0.0,0.0,0.0,0.06,-0.03,-0.03,83.3,3.56,17.4,49.4,17.1,1.71,83.3,0.86,61.0,0.48,34.1,50.9,0.1,1.16,0.72,61.7,2.74,1.58,56.3,1.3,1.61,1.3,1.34,4.08,1.44,0.07,3.08,3.08,0.07,0.17,0.03,0.34,0.34,0.0,1.1,1.78,0.1,0.72,1.34,1.58,0.0,0.03,0.0,6.2,1.51,53.7,,,,,,,,,,,,,,,,,
Nicolás Romero,ar ARG,DF,Minnesota Utd,22-006,2003,27,25,2125,23.6,0.0,0.21,0.21,0.0,0.0,0.0,0.42,0.0,0.07,0.07,0.11,0.18,0.38,1.86,0.59,0.21,0.18,0.18,Matches,2025,23.6,30.1,38.9,77.4,555.8,248.5,0.21,0.08,0.11,0.47,2.08,0.17,0.0,0.0,0.89,0.08,9.5,0.89,0.08,0.0,0.0,14.1,0.0,0.0,0.0,0.08,-0.07,-0.07,51.5,7.75,30.1,16.9,4.83,2.84,51.5,0.34,61.5,0.21,38.5,23.9,0.04,0.55,0.17,27.5,1.31,0.72,57.5,0.72,1.02,0.42,1.23,2.54,5.21,0.04,0.89,0.89,0.0,0.0,0.0,0.25,0.25,0.0,1.19,0.97,0.04,0.13,1.23,0.72,0.0,0.04,0.08,3.94,2.12,58.8,,,,,,,,,,,,,,,,,
David Romney,us USA,DF,SJ Earthquakes,32-175,1993,33,29,2673,29.7,0.0,0.0,0.0,0.0,0.0,0.0,0.13,0.0,0.02,0.02,0.02,0.04,0.74,4.41,0.57,0.0,0.04,0.04,Matches,2025,29.7,45.5,53.7,84.7,873.4,325.4,0.0,0.04,-0.02,0.24,4.18,0.24,0.13,0.0,0.44,0.07,15.4,0.44,0.07,0.0,0.0,12.0,0.0,0.0,0.0,0.04,-0.02,-0.02,64.4,5.89,28.2,31.9,4.81,0.98,64.4,0.07,40.0,0.1,60.0,34.7,0.03,0.27,0.1,41.5,0.98,0.51,72.4,0.27,1.18,0.51,0.61,1.58,5.89,0.03,0.81,0.81,0.0,0.0,0.0,0.07,0.07,0.0,0.64,0.2,0.0,0.57,0.61,0.51,0.0,0.0,0.0,3.03,2.9,63.2,,,,,,,,,,,,,,,,,
Connor Ronan,ie IRL,MF,Colorado Rapids,27-273,1998,24,10,1019,11.3,0.0,0.0,0.0,0.0,0.0,0.0,0.09,0.0,0.05,0.05,0.12,0.17,0.71,8.32,2.83,0.0,0.17,0.17,Matches,2025,11.3,65.6,77.7,84.4,1152.8,388.5,0.0,0.18,-0.12,1.86,7.61,1.5,0.8,0.0,0.71,0.27,37.5,0.71,0.26,0.0,0.0,21.4,0.0,0.0,0.0,0.07,-0.05,-0.05,87.2,3.98,20.1,47.5,20.0,0.97,87.2,0.8,69.2,0.35,30.8,52.7,0.0,1.24,0.53,64.6,1.24,0.71,47.1,0.8,1.77,0.97,0.8,2.04,2.39,0.09,3.27,3.27,0.09,0.09,0.0,0.0,0.0,0.0,0.53,0.53,0.0,4.6,0.8,0.71,0.0,0.0,0.0,3.72,0.0,0.0,,,,,,,,,,,,,,,,,
Anderson Rosa,br BRA,DF,Colorado Rapids,24-021,2001,2,0,23,0.3,0.0,0.0,0.0,0.0,0.0,0.0,0.0,0.0,0.0,0.0,0.0,0.0,0.0,6.67,3.33,0.0,0.0,0.0,Matches,2025,0.3,46.7,60.0,77.8,766.7,383.3,0.0,0.0,0.0,0.0,0.0,6.67,0.0,0.0,0.0,0.0,,0.0,0.0,,,,0.0,0.0,0.0,,0.0,0.0,63.3,0.0,23.3,23.3,16.7,0.0,63.3,0.0,,0.0,,10.0,0.0,0.0,0.0,23.3,3.33,0.0,,0.0,0.0,0.0,0.0,3.33,0.0,0.0,0.0,0.0,0.0,0.0,0.0,0.0,0.0,0.0,0.0,0.0,0.0,0.0,0.0,0.0,0.0,0.0,0.0,6.67,3.33,100.0,,,,,,,,,,,,,,,,,
Joseph Rosales,hn HON,"DF,MF",Minnesota Utd,25-028,2000,25,15,1449,16.1,0.06,0.12,0.19,0.06,0.0,0.0,0.12,0.0,0.09,0.09,0.14,0.23,2.48,2.98,4.41,0.19,0.23,0.23,Matches,2025,16.1,29.8,40.3,74.0,490.8,175.0,0.12,0.21,-0.02,1.55,1.8,1.68,0.62,0.06,1.06,0.31,29.4,1.06,0.31,0.06,0.2,18.8,0.06,0.0,0.0,0.08,-0.02,-0.02,53.6,2.05,14.5,22.5,17.4,1.49,53.6,1.37,47.8,1.49,52.2,29.1,0.62,2.55,1.55,31.1,2.55,1.43,57.1,1.12,0.93,0.93,0.75,3.29,1.99,0.06,3.48,3.48,0.25,0.19,0.0,0.37,0.37,0.0,1.37,0.81,0.19,4.41,0.75,1.43,0.0,0.0,0.0,6.02,0.62,40.0,,,,,,,,,,,,,,,,,
Keegan Rosenberry,us USA,DF,Colorado Rapids,31-358,1993,16,10,1051,11.7,0.17,0.0,0.17,0.17,0.0,0.0,0.0,0.0,0.03,0.03,0.03,0.06,0.85,3.93,2.56,0.17,0.06,0.06,Matches,2025,11.7,33.2,46.2,72.0,592.0,241.8,0.0,0.03,-0.03,0.34,3.08,0.34,0.09,0.17,0.51,0.26,50.0,0.51,0.26,0.33,0.67,22.0,0.0,0.0,0.0,0.06,0.14,0.14,57.7,5.9,21.5,26.1,10.8,0.26,57.7,0.77,56.3,0.6,43.8,23.9,0.0,0.6,0.51,28.2,0.94,0.6,50.0,0.51,2.22,0.94,1.71,2.65,4.44,0.09,1.37,1.37,0.0,0.0,0.0,0.26,0.26,0.0,0.51,0.17,0.17,1.45,1.71,0.6,0.0,0.0,0.0,3.68,1.03,52.2,,,,,,,,,,,,,,,,,
Daniel Rosero,co COL,DF,Sporting KC,32-059,1993,5,2,180,2.0,0.0,0.0,0.0,0.0,0.0,0.0,0.5,0.0,0.2,0.2,0.0,0.2,0.0,2.0,0.0,0.0,0.19,0.19,Matches,2025,2.0,44.5,50.5,88.1,895.0,310.0,0.0,0.0,0.0,0.0,4.0,0.0,0.0,0.0,1.5,0.5,33.3,1.5,0.5,0.0,0.0,8.0,0.0,0.0,0.0,0.13,-0.2,-0.2,63.0,7.5,30.0,27.5,6.0,2.0,63.0,0.5,50.0,0.5,50.0,29.5,0.0,0.5,1.0,37.5,2.5,1.0,75.0,0.5,0.5,0.0,3.0,5.5,4.5,0.0,0.5,0.5,0.0,0.0,0.0,0.0,0.0,0.0,1.0,0.5,0.0,0.0,3.0,1.0,0.0,0.0,0.0,4.5,3.5,70.0,,,,,,,,,,,,,,,,,
Diego Rossi,uy URU,"FW,MF",Columbus Crew,27-274,1998,29,29,2496,27.7,0.58,0.11,0.69,0.47,0.11,0.11,0.11,0.0,0.48,0.4,0.16,0.56,3.83,5.34,7.11,0.58,0.64,0.56,Matches,2025,27.7,32.5,41.5,78.2,444.0,115.8,0.11,0.23,-0.05,1.3,3.21,1.59,0.11,0.58,3.29,1.44,44.0,3.28,1.44,0.14,0.33,17.6,0.25,0.11,0.11,0.12,0.09,0.07,52.5,0.32,2.74,19.2,31.0,5.96,52.4,1.23,40.0,1.62,52.9,36.2,1.44,2.09,2.49,43.1,0.22,0.11,30.0,0.25,0.87,0.87,0.32,0.54,0.4,0.0,3.39,3.39,0.25,0.22,0.0,0.25,0.25,0.0,0.69,1.55,0.18,3.07,0.32,0.11,0.0,0.0,0.0,2.31,0.11,16.7,,,,,,,,,,,,,,,,,
Sigurd Rosted,no NOR,DF,Toronto FC,31-135,1994,31,27,2532,28.1,0.04,0.04,0.07,0.04,0.0,0.0,0.07,0.0,0.04,0.04,0.02,0.06,0.25,1.78,0.25,0.07,0.06,0.06,Matches,2025,28.1,36.5,43.8,83.4,700.5,285.8,0.04,0.04,0.01,0.18,2.38,0.0,0.0,0.04,0.39,0.11,27.3,0.39,0.11,0.09,0.33,12.6,0.0,0.0,0.0,0.09,0.0,0.0,55.2,8.19,31.6,21.3,2.31,0.96,55.2,0.04,14.3,0.07,28.6,29.4,0.04,0.64,0.18,35.3,1.17,0.57,63.3,0.39,1.39,0.25,1.21,2.38,5.69,0.04,0.6,0.6,0.0,0.07,0.0,0.07,0.07,0.0,0.85,1.07,0.0,0.04,1.21,0.57,0.04,0.0,0.0,2.63,1.17,50.0,,,,,,,,,,,,,,,,,
Paul Rothrock,us USA,"FW,MF",Seattle Sounders,26-329,1999,33,27,2163,24.0,0.17,0.21,0.38,0.17,0.0,0.0,0.17,0.0,0.19,0.19,0.23,0.42,3.25,1.58,11.0,0.37,0.42,0.42,Matches,2025,24.0,25.4,33.7,75.4,381.6,72.3,0.21,0.2,-0.02,1.38,0.71,1.04,0.46,0.17,1.5,0.46,30.6,1.5,0.46,0.11,0.36,14.6,0.0,0.0,0.0,0.13,-0.02,-0.02,43.8,1.04,6.42,13.8,24.2,4.79,43.8,0.79,32.8,1.5,62.1,30.0,2.08,1.96,1.42,32.3,0.96,0.5,25.8,0.96,1.0,0.92,0.46,1.42,0.71,0.04,2.67,2.66,0.08,0.33,0.0,0.46,0.46,0.0,1.83,1.92,0.54,3.29,0.46,0.5,0.04,0.0,0.0,3.13,0.33,22.2,,,,,,,,,,,,,,,,,
Kye Rowles,au AUS,DF,D.C. United,27-163,1998,31,29,2686,29.8,0.0,0.0,0.0,0.0,0.0,0.0,0.27,0.0,0.04,0.04,0.01,0.05,0.4,2.82,0.03,0.0,0.05,0.05,Matches,2025,29.8,43.9,51.1,85.9,863.4,334.6,0.0,0.01,-0.01,0.07,2.18,0.07,0.0,0.0,0.23,0.07,28.6,0.23,0.07,0.0,0.0,6.8,0.0,0.0,0.0,0.16,-0.04,-0.04,63.4,8.26,37.0,25.4,1.31,0.44,63.4,0.03,25.0,0.1,75.0,33.1,0.0,0.4,0.13,40.1,1.54,0.94,66.0,0.57,1.34,0.54,1.95,3.49,6.07,0.03,0.44,0.44,0.0,0.0,0.0,0.0,0.0,0.0,0.64,0.23,0.0,0.03,1.95,0.94,0.0,0.0,0.0,3.72,1.58,58.0,,,,,,,,,,,,,,,,,
Diego Rubio,cl CHI,"FW,MF",Austin,32-203,1993,25,11,936,10.4,0.19,0.19,0.38,0.19,0.0,0.0,0.29,0.0,0.15,0.15,0.12,0.27,1.15,6.54,4.13,0.38,0.27,0.27,Matches,2025,10.4,30.3,37.7,80.4,524.4,176.9,0.19,0.11,0.08,1.25,4.62,1.44,0.0,0.19,2.31,0.58,25.0,2.31,0.58,0.08,0.33,20.6,0.19,0.0,0.0,0.07,0.04,0.04,48.4,1.25,7.12,22.8,19.4,1.73,48.4,0.29,21.4,0.96,71.4,28.4,0.29,1.83,1.06,36.6,2.02,1.25,30.0,1.35,1.35,1.25,0.67,2.69,0.96,0.0,2.79,2.79,0.0,0.38,0.0,0.29,0.29,0.0,1.25,2.5,0.1,1.35,0.67,1.25,0.0,0.0,0.0,3.37,1.35,35.9,,,,,,,,,,,,,,,,,
David Ruíz,hn HON,"MF,FW",Inter Miami,21-299,2004,4,2,129,1.4,0.0,0.0,0.0,0.0,0.0,0.0,0.0,0.0,0.36,0.36,0.07,0.43,0.0,4.29,3.57,0.0,0.41,0.41,Matches,2025,1.4,34.3,37.9,90.6,552.9,97.1,0.0,0.0,-0.07,0.71,2.86,0.0,0.0,0.0,0.71,0.0,0.0,0.7,0.0,0.0,,5.6,0.0,0.0,0.0,0.5,-0.36,-0.36,50.0,0.71,13.6,26.4,11.4,1.43,50.0,2.14,50.0,1.43,33.3,29.3,0.0,0.71,1.43,35.7,5.0,2.14,75.0,0.71,0.0,0.0,0.71,5.71,0.71,0.0,2.86,2.79,0.71,0.71,0.0,0.71,0.7,0.0,1.43,2.14,0.0,0.71,0.71,2.14,0.0,0.0,0.0,5.71,2.14,75.0,,,,,,,,,,,,,,,,,
Pablo Ruíz,ar ARG,MF,Real Salt Lake,26-349,1998,21,14,1207,13.4,0.0,0.07,0.07,0.0,0.0,0.0,0.3,0.0,0.06,0.06,0.21,0.26,1.04,6.42,1.87,0.07,0.26,0.26,Matches,2025,13.4,47.8,59.6,80.2,938.5,331.8,0.07,0.17,-0.13,2.31,6.64,1.19,0.15,0.0,1.42,0.6,42.1,1.42,0.6,0.0,0.0,28.2,0.07,0.0,0.0,0.04,-0.06,-0.06,68.7,1.94,14.8,38.7,15.9,0.45,68.7,0.67,52.9,0.6,47.1,41.0,0.15,0.82,1.12,49.4,2.31,1.42,25.5,2.61,1.04,0.9,0.45,2.76,0.9,0.15,4.63,4.63,0.07,0.0,0.22,0.15,0.15,0.0,1.64,0.45,0.0,4.1,0.45,1.42,0.0,0.0,0.0,5.37,0.3,36.4,,,,,,,,,,,,,,,,,
Albert Rusnák,sk SVK,"MF,FW",Seattle Sounders,31-150,1994,29,23,2148,23.9,0.46,0.33,0.79,0.33,0.13,0.13,0.13,0.04,0.36,0.26,0.3,0.56,2.26,7.24,4.27,0.67,0.66,0.56,Matches,2025,23.9,42.8,53.0,80.7,784.3,256.9,0.33,0.36,0.03,3.31,5.19,1.97,0.42,0.46,2.38,0.96,40.4,2.39,0.96,0.14,0.35,18.6,0.21,0.13,0.13,0.11,0.1,0.07,58.8,0.42,4.39,28.3,26.6,3.01,58.7,0.25,33.3,0.5,66.7,34.6,0.38,0.88,0.46,42.1,0.54,0.25,46.7,0.33,0.25,0.25,0.17,0.71,0.29,0.04,5.23,5.24,0.04,0.0,0.04,0.5,0.5,0.0,0.5,0.33,0.08,6.95,0.17,0.25,0.0,0.0,0.0,2.76,0.29,43.8,,,,,,,,,,,,,,,,,
Johnny Russell,sct SCO,"FW,MF",Real Salt Lake,35-240,1990,12,4,348,3.9,0.51,0.0,0.51,0.51,0.0,0.0,0.26,0.0,0.26,0.26,0.1,0.36,3.08,5.13,7.69,0.52,0.36,0.36,Matches,2025,3.9,30.0,39.5,76.0,466.4,111.3,0.0,0.1,-0.1,2.05,3.59,1.79,0.51,0.51,2.82,1.28,45.5,2.84,1.29,0.18,0.4,13.1,0.0,0.0,0.0,0.09,0.26,0.26,51.0,1.03,4.36,24.9,22.3,5.64,51.0,1.03,36.4,1.79,63.6,32.1,1.54,0.77,0.51,39.7,1.28,0.77,25.0,1.54,1.28,0.77,0.51,1.79,0.77,0.0,4.62,4.67,0.26,0.0,0.0,0.26,0.26,0.0,1.54,1.54,0.0,3.33,0.51,0.77,0.0,0.0,0.0,1.54,1.28,71.4,,,,,,,,,,,,,,,,,
Jacen Russell-Rowe,ca CAN,"FW,MF",Columbus Crew,23-082,2002,31,19,1726,19.2,0.36,0.05,0.42,0.36,0.0,0.0,0.16,0.0,0.33,0.33,0.15,0.48,1.3,2.6,7.6,0.42,0.48,0.48,Matches,2025,19.2,19.9,26.9,74.0,269.2,51.3,0.05,0.11,-0.1,1.3,1.46,0.89,0.16,0.36,2.5,1.09,43.8,2.5,1.1,0.15,0.33,16.1,0.0,0.0,0.0,0.13,0.04,0.04,37.6,0.42,2.29,15.5,20.2,5.16,37.6,0.63,34.3,1.2,65.7,22.6,0.47,3.18,1.25,28.8,0.63,0.26,30.8,0.47,0.57,0.52,0.26,0.89,0.36,0.0,2.4,2.4,0.1,0.0,0.16,0.1,0.1,0.0,1.3,0.73,0.1,0.47,0.26,0.26,0.0,0.0,0.0,2.14,1.2,47.9,,,,,,,,,,,,,,,,,
Cesar Ruvalcaba,us USA,DF,Columbus Crew,24-144,2001,14,2,302,3.4,0.29,0.0,0.29,0.29,0.0,0.0,0.29,0.0,0.03,0.03,0.0,0.03,3.24,8.53,2.06,0.3,0.04,0.04,Matches,2025,3.4,60.6,69.1,87.7,922.6,358.5,0.0,0.03,0.0,0.0,5.59,0.0,0.0,0.29,1.18,0.59,50.0,1.19,0.6,0.25,0.5,17.8,0.0,0.0,0.0,0.03,0.26,0.26,83.2,7.06,25.9,42.9,15.0,1.76,83.2,0.88,42.9,1.18,57.1,47.6,0.0,0.59,0.29,56.8,1.18,0.88,33.3,0.59,3.53,2.65,1.47,2.65,4.71,0.0,1.18,1.19,0.0,0.0,0.0,0.0,0.0,0.0,0.88,0.29,0.0,0.88,1.47,0.88,0.0,0.0,0.0,4.41,2.65,69.2,,,,,,,,,,,,,,,,,
Rwan,br BRA,"FW,MF",Real Salt Lake,24-198,2001,10,8,612,6.8,0.0,0.15,0.15,0.0,0.0,0.15,0.59,0.0,0.41,0.29,0.1,0.41,2.21,3.68,7.06,0.15,0.52,0.4,Matches,2025,6.8,21.3,29.1,73.2,301.5,85.0,0.15,0.13,0.04,1.18,2.06,0.59,0.15,0.0,3.82,1.18,30.8,3.82,1.18,0.0,0.0,17.5,0.0,0.0,0.15,0.08,-0.41,-0.29,44.6,0.59,3.53,18.2,23.1,7.06,44.4,1.32,40.9,1.32,40.9,26.3,0.88,3.38,0.74,31.8,1.03,0.44,28.6,0.74,1.03,0.74,0.44,1.47,0.15,0.0,3.53,3.53,0.0,0.15,0.0,0.29,0.29,0.0,2.06,1.18,0.29,1.91,0.44,0.44,0.0,0.0,0.0,2.79,1.47,43.5,,,,,,,,,,,,,,,,,
Emmanuel Sabbi,us USA,FW,Vancouver W'caps,27-345,1997,28,23,1793,19.9,0.35,0.15,0.5,0.35,0.0,0.0,0.2,0.0,0.36,0.36,0.09,0.45,2.26,2.01,6.28,0.5,0.45,0.45,Matches,2025,19.9,15.5,20.5,75.7,245.3,55.4,0.15,0.12,0.06,0.7,1.31,0.9,0.2,0.35,2.76,0.75,27.3,2.76,0.75,0.13,0.47,15.6,0.05,0.0,0.0,0.13,-0.01,-0.01,33.4,0.7,3.22,13.2,17.7,5.63,33.4,1.31,41.3,1.51,47.6,20.9,1.01,3.57,1.11,23.2,1.26,0.75,34.8,0.75,0.4,0.35,0.35,1.61,0.75,0.0,2.51,2.51,0.3,0.35,0.05,0.35,0.35,0.0,1.91,2.01,0.25,1.26,0.35,0.75,0.15,0.0,0.0,3.17,0.6,37.5,,,,,,,,,,,,,,,,,
Besard Sabovic,se SWE,MF,Austin,27-333,1998,32,19,1759,19.5,0.05,0.0,0.05,0.05,0.0,0.0,0.36,0.0,0.07,0.07,0.07,0.14,0.87,3.69,1.44,0.05,0.14,0.14,Matches,2025,19.5,35.2,42.2,83.5,584.9,158.9,0.0,0.07,-0.07,0.92,3.38,0.51,0.1,0.05,1.13,0.21,18.2,1.13,0.2,0.05,0.25,21.6,0.21,0.0,0.0,0.06,-0.02,-0.02,50.8,2.15,11.9,28.4,10.9,1.13,50.8,0.51,58.8,0.26,29.4,27.9,0.15,0.92,0.31,34.7,1.85,1.03,60.7,0.56,0.77,0.77,1.03,2.87,1.59,0.0,2.26,2.25,0.1,0.36,0.0,0.1,0.1,0.0,3.03,2.15,0.0,0.67,1.03,1.03,0.0,0.0,0.0,3.23,0.56,45.8,,,,,,,,,,,,,,,,,
Anisse Saidi,tn TUN,MF,San Diego FC,17-167,2008,1,0,9,0.1,0.0,0.0,0.0,0.0,0.0,0.0,0.0,0.0,0.0,0.0,0.0,0.0,0.0,0.0,0.0,0.0,0.0,0.0,Matches,2025,0.1,0.0,0.0,,0.0,0.0,0.0,0.0,0.0,0.0,0.0,0.0,0.0,0.0,0.0,0.0,,0.0,0.0,,,,0.0,0.0,0.0,,0.0,0.0,0.0,0.0,0.0,0.0,0.0,0.0,0.0,0.0,,0.0,,0.0,0.0,0.0,0.0,0.0,0.0,0.0,,0.0,0.0,0.0,0.0,0.0,0.0,0.0,0.0,0.0,0.0,0.0,0.0,0.0,0.0,0.0,10.0,0.0,0.0,0.0,0.0,0.0,0.0,0.0,0.0,0.0,0.0,,,,,,,,,,,,,,,,,,
Ryan Sailor,us USA,DF,Inter Miami,27-007,1998,5,1,95,1.1,0.0,0.0,0.0,0.0,0.0,0.0,0.0,0.0,0.09,0.09,0.0,0.09,0.91,4.55,0.0,0.0,0.08,0.08,Matches,2025,1.1,66.4,70.0,94.8,1482.7,385.5,0.0,0.0,0.0,0.0,4.55,0.0,0.0,0.0,1.82,0.0,0.0,1.89,0.0,0.0,,19.7,0.0,0.0,0.0,0.04,-0.09,-0.09,90.9,12.7,41.8,46.4,2.73,1.82,90.9,0.0,,0.0,,50.0,0.0,0.91,0.0,62.7,1.82,0.91,,0.0,4.55,1.82,0.91,2.73,8.18,0.0,0.91,0.95,0.0,0.0,0.0,0.0,0.0,0.0,1.82,0.91,0.0,0.0,0.91,0.91,0.0,0.0,0.0,3.64,3.64,57.1,,,,,,,,,,,,,,,,,
Adam Saldaña,us USA,MF,LAFC,23-300,2002,2,2,180,2.0,0.0,0.0,0.0,0.0,0.0,0.0,0.5,0.0,0.0,0.0,0.0,0.0,0.5,2.0,0.5,0.0,0.01,0.01,Matches,2025,2.0,43.5,46.0,94.6,759.0,116.0,0.0,0.0,0.0,0.0,2.0,0.5,0.0,0.0,0.5,0.0,0.0,0.5,0.0,0.0,,25.3,0.0,0.0,0.0,0.01,0.0,0.0,54.0,4.0,14.0,34.0,6.0,0.0,54.0,0.5,100.0,0.0,0.0,35.0,0.0,1.0,0.0,37.0,2.5,2.0,80.0,0.5,2.0,1.5,0.5,3.0,1.5,0.5,0.5,0.5,0.0,0.0,0.0,0.0,0.0,0.0,2.0,1.0,0.0,0.0,0.5,2.0,0.0,0.0,0.0,4.0,0.5,100.0,,,,,,,,,,,,,,,,,
Nathan Saliba,ca CAN,MF,CF Montréal,21-097,2004,16,15,1260,14.0,0.07,0.0,0.07,0.07,0.0,0.0,0.36,0.0,0.11,0.11,0.03,0.13,1.5,6.07,1.21,0.07,0.13,0.13,Matches,2025,14.0,37.6,46.7,80.4,656.4,195.0,0.0,0.04,-0.03,0.57,4.71,0.86,0.21,0.07,1.36,0.36,26.3,1.36,0.36,0.05,0.2,21.8,0.14,0.0,0.0,0.08,-0.04,-0.04,56.4,1.36,10.9,33.2,12.7,1.07,56.4,0.57,40.0,0.79,55.0,30.5,0.36,1.36,0.79,36.7,2.57,1.64,57.6,1.0,0.93,0.64,0.86,3.43,0.86,0.14,1.64,1.64,0.14,0.0,0.0,0.0,0.0,0.0,1.29,1.0,0.0,1.43,0.86,1.64,0.0,0.0,0.0,4.86,1.0,41.2,,,,,,,,,,,,,,,,,
Dániel Sallói,hu HUN,"FW,MF",Sporting KC,29-138,1996,33,24,2185,24.3,0.29,0.08,0.37,0.29,0.0,0.0,0.16,0.0,0.28,0.28,0.12,0.4,2.55,2.63,8.77,0.37,0.4,0.4,Matches,2025,24.3,23.2,31.1,74.6,332.9,79.1,0.08,0.16,-0.04,0.95,1.44,1.11,0.25,0.29,2.55,1.11,43.5,2.55,1.11,0.11,0.26,16.1,0.0,0.0,0.0,0.11,0.01,0.01,42.1,0.49,4.24,13.3,25.1,5.56,42.1,0.62,31.3,1.32,66.7,25.7,1.23,2.76,0.66,32.3,0.7,0.37,26.3,0.58,0.82,0.7,0.49,1.19,0.45,0.0,2.51,2.51,0.12,0.0,0.0,0.25,0.25,0.0,1.07,0.86,0.37,2.02,0.49,0.37,0.0,0.04,0.0,3.17,0.41,30.3,,,,,,,,,,,,,,,,,
Diadie Samassékou,ml MLI,MF,Houston Dynamo,29-327,1996,1,0,1,0.0,0.0,0.0,0.0,0.0,0.0,0.0,0.0,0.0,0.0,0.0,0.0,0.0,0.0,0.0,0.0,0.0,0.0,0.0,Matches,2025,0.0,0.0,0.0,,0.0,0.0,0.0,0.0,0.0,0.0,0.0,0.0,0.0,0.0,0.0,0.0,,0.0,0.0,,,,0.0,0.0,0.0,,0.0,0.0,0.0,0.0,0.0,0.0,0.0,0.0,0.0,0.0,,0.0,,0.0,0.0,0.0,0.0,0.0,0.0,0.0,,0.0,0.0,0.0,0.0,0.0,0.0,0.0,0.0,0.0,0.0,0.0,0.0,0.0,0.0,0.0,0.0,0.0,0.0,0.0,0.0,0.0,0.0,0.0,0.0,0.0,0.0,,,,,,,,,,,,,,,,,,
Lucas Sanabria,uy URU,"MF,FW",LA Galaxy,21-343,2003,21,12,983,10.9,0.18,0.0,0.18,0.18,0.0,0.0,0.37,0.0,0.13,0.13,0.05,0.17,0.73,3.39,1.83,0.18,0.17,0.17,Matches,2025,10.9,33.3,38.6,86.2,522.8,123.8,0.0,0.07,-0.05,0.28,3.39,0.37,0.0,0.18,0.73,0.37,50.0,0.73,0.37,0.25,0.5,15.7,0.0,0.0,0.0,0.17,0.06,0.06,50.5,1.65,12.4,28.3,10.4,1.19,50.5,0.46,45.5,0.37,36.4,25.9,0.18,1.38,0.92,33.7,3.85,1.74,63.3,1.01,1.56,1.19,1.47,5.32,0.92,0.18,1.19,1.19,0.0,0.0,0.09,0.09,0.09,0.0,1.65,1.1,0.0,0.09,1.47,1.74,0.0,0.0,0.0,4.4,0.55,40.0,,,,,,,,,,,,,,,,,
Cooper Sanchez,us USA,MF,Atlanta Utd,17-253,2008,2,1,101,1.1,0.0,0.0,0.0,0.0,0.0,0.0,0.0,0.0,0.0,0.0,0.0,0.0,5.45,6.36,7.27,0.0,0.03,0.03,Matches,2025,1.1,43.6,51.8,84.2,606.4,168.2,0.0,0.09,0.0,0.91,3.64,1.82,0.0,0.0,0.0,0.0,,0.0,0.0,,,,0.0,0.0,0.0,,0.0,0.0,60.0,0.91,13.6,30.0,17.3,0.0,60.0,0.0,,0.0,,31.8,0.0,2.73,0.91,43.6,1.82,0.91,0.0,1.82,1.82,0.91,0.91,2.73,0.91,0.0,1.82,1.78,0.0,0.0,0.0,0.0,0.0,0.0,2.73,0.0,0.0,0.91,0.91,0.91,0.0,0.0,0.0,3.64,1.82,66.7,,,,,,,,,,,,,,,,,
Ilie Sánchez,es ESP,MF,Austin,35-013,1990,26,20,1641,18.2,0.05,0.0,0.05,0.05,0.0,0.0,0.33,0.0,0.06,0.06,0.02,0.08,0.6,4.84,0.77,0.05,0.08,0.08,Matches,2025,18.2,45.7,52.5,87.0,799.7,238.9,0.0,0.03,-0.02,0.44,5.11,0.33,0.05,0.05,0.71,0.16,23.1,0.71,0.16,0.08,0.33,21.1,0.0,0.0,0.0,0.09,-0.01,-0.01,60.8,3.3,15.2,36.5,9.51,0.33,60.8,0.27,71.4,0.11,28.6,28.8,0.0,0.77,0.16,40.5,1.65,0.82,38.7,1.04,1.04,0.66,1.04,2.69,1.76,0.0,1.15,1.15,0.0,0.0,0.0,0.11,0.11,0.0,1.1,0.38,0.0,0.11,1.04,0.82,0.0,0.0,0.05,3.35,0.99,50.0,,,,,,,,,,,,,,,,,
William Sands,us USA,DF,NE Revolution,25-151,2000,19,6,737,8.2,0.0,0.0,0.0,0.0,0.0,0.0,0.37,0.0,0.02,0.02,0.05,0.09,2.68,2.07,6.59,0.0,0.08,0.08,Matches,2025,8.2,29.5,39.8,74.2,442.3,138.8,0.0,0.06,-0.05,0.49,0.85,0.73,0.37,0.0,0.49,0.12,25.0,0.49,0.12,0.0,0.0,11.5,0.0,0.0,0.0,0.06,-0.02,-0.02,51.7,3.9,18.2,19.1,14.9,1.95,51.7,0.24,33.3,0.49,66.7,25.6,0.24,1.22,0.85,27.6,1.71,0.85,72.7,0.37,1.1,0.49,1.1,2.8,4.15,0.12,1.83,1.83,0.0,0.37,0.0,0.24,0.24,0.0,1.71,1.83,0.12,2.8,1.1,0.85,0.12,0.0,0.0,3.17,1.46,54.5,,,,,,,,,,,,,,,,,
Edvard Sandvik Tagseth,no NOR,MF,Nashville SC,24-315,2001,33,29,2452,27.2,0.0,0.07,0.07,0.0,0.0,0.0,0.33,0.0,0.02,0.02,0.08,0.1,0.63,4.38,1.25,0.07,0.1,0.1,Matches,2025,27.2,47.4,55.0,86.2,725.4,196.1,0.07,0.1,-0.01,1.03,3.9,0.81,0.11,0.0,0.4,0.15,36.4,0.4,0.15,0.0,0.0,25.0,0.0,0.0,0.0,0.06,-0.02,-0.02,64.4,2.28,14.7,36.8,13.3,0.48,64.4,0.44,40.0,0.63,56.7,33.5,0.07,0.99,0.37,41.7,2.43,1.25,48.6,1.36,0.99,0.92,1.07,3.49,1.21,0.07,2.5,2.5,0.0,0.04,0.04,0.18,0.18,0.0,2.06,0.66,0.07,2.32,1.07,1.25,0.0,0.0,0.0,5.66,0.33,34.6,,,,,,,,,,,,,,,,,
Jeong Sangbin,kr KOR,"FW,MF",Minnesota Utd,23-247,2002,15,2,319,3.5,0.0,0.0,0.0,0.0,0.0,0.0,0.29,0.0,0.14,0.14,0.11,0.26,2.29,1.43,4.29,0.0,0.26,0.26,Matches,2025,3.5,16.6,26.0,63.7,226.6,58.9,0.0,0.03,-0.11,0.86,1.14,0.29,0.0,0.0,1.71,0.0,0.0,1.69,0.0,0.0,,19.7,0.29,0.0,0.0,0.09,-0.14,-0.14,37.4,1.71,5.71,12.9,19.4,2.0,37.4,0.29,20.0,0.86,60.0,22.3,0.29,2.86,2.0,24.3,1.14,0.57,33.3,1.14,0.57,0.29,0.0,1.14,0.86,0.0,2.29,2.26,0.29,0.29,0.0,0.29,0.28,0.0,0.86,1.71,0.29,1.43,0.0,0.57,0.0,0.0,0.0,3.43,0.57,9.5,,,,,,,,,,,,,,,,,
Jeong Sangbin,kr KOR,FW,St. Louis,23-247,2002,9,9,633,7.0,0.14,0.14,0.29,0.14,0.0,0.0,0.14,0.0,0.16,0.16,0.19,0.36,1.57,3.29,7.43,0.28,0.35,0.35,Matches,2025,7.0,17.0,24.3,70.0,248.9,67.0,0.14,0.16,-0.04,1.29,2.71,0.86,0.14,0.14,1.14,0.29,25.0,1.14,0.28,0.13,0.5,13.3,0.0,0.0,0.0,0.14,-0.01,-0.01,32.9,0.43,3.86,13.1,16.1,2.71,32.9,1.14,34.8,1.86,56.5,21.3,0.29,2.0,1.0,23.9,0.57,0.29,42.9,0.57,0.57,0.57,0.43,1.0,0.43,0.0,2.43,2.42,0.0,0.0,0.14,0.43,0.43,0.0,1.29,1.57,0.14,0.43,0.43,0.29,0.0,0.0,0.0,4.14,0.86,46.2,,,,,,,,,,,,,,,,,
Sergio Santos Gomes,br BRA,"FW,DF",Houston Dynamo,31-091,1994,2,0,18,0.2,5.0,0.0,5.0,5.0,0.0,0.0,0.0,0.0,2.0,2.0,0.0,2.0,5.0,10.0,10.0,5.0,1.99,1.99,Matches,2025,0.2,30.0,45.0,66.7,850.0,235.0,0.0,0.0,0.0,0.0,5.0,0.0,0.0,5.0,5.0,5.0,100.0,5.0,5.0,1.0,1.0,10.0,0.0,0.0,0.0,0.4,3.0,3.0,75.0,0.0,15.0,40.0,25.0,5.0,75.0,0.0,0.0,5.0,100.0,45.0,5.0,15.0,5.0,50.0,10.0,10.0,0.0,5.0,0.0,0.0,0.0,10.0,0.0,5.0,0.0,0.0,0.0,0.0,0.0,0.0,0.0,0.0,5.0,0.0,0.0,0.0,0.0,10.0,0.0,0.0,0.0,20.0,10.0,100.0,,,,,,,,,,,,,,,,,
Sergio Santos Gomes,br BRA,"FW,MF",FC Cincinnati,31-091,1994,18,6,646,7.2,0.14,0.28,0.42,0.14,0.0,0.0,0.0,0.0,0.29,0.29,0.18,0.47,2.08,2.08,8.47,0.42,0.47,0.47,Matches,2025,7.2,17.6,26.0,67.9,283.9,58.9,0.28,0.15,0.1,1.81,1.11,0.69,0.14,0.14,1.53,0.42,27.3,1.53,0.42,0.09,0.33,11.6,0.0,0.0,0.0,0.2,-0.15,-0.15,39.6,1.67,5.42,15.4,20.0,5.28,39.6,0.69,26.3,1.67,63.2,22.2,1.11,3.33,0.83,27.1,3.19,2.08,46.2,0.97,0.69,0.56,0.0,3.19,1.39,0.0,4.44,4.46,0.0,0.28,0.0,0.42,0.42,0.0,2.22,3.19,0.28,0.83,0.0,2.08,0.0,0.0,0.0,3.33,1.81,44.8,,,,,,,,,,,,,,,,,
Rafael Santos,br BRA,"DF,FW",Colorado Rapids,27-302,1998,7,5,378,4.2,0.24,0.48,0.71,0.24,0.0,0.0,0.0,0.0,0.05,0.05,0.33,0.38,1.43,4.29,7.14,0.71,0.38,0.38,Matches,2025,4.2,43.3,60.0,72.2,773.6,269.3,0.48,0.26,0.14,2.62,2.86,1.19,0.71,0.24,1.19,0.24,20.0,1.19,0.24,0.2,1.0,26.0,0.48,0.0,0.0,0.04,0.19,0.19,69.3,3.33,18.3,27.1,24.5,0.71,69.3,0.0,,0.0,,34.0,0.0,1.43,0.0,40.2,0.71,0.24,75.0,0.24,0.48,0.48,1.19,1.9,3.81,0.0,3.57,3.57,0.0,0.0,0.0,0.71,0.71,0.0,0.48,0.0,0.0,9.52,1.19,0.24,0.0,0.0,0.0,3.33,0.71,37.5,,,,,,,,,,,,,,,,,
Rafael Santos,br BRA,DF,Orlando City,27-302,1998,17,6,677,7.5,0.0,0.0,0.0,0.0,0.0,0.0,0.4,0.13,0.03,0.03,0.15,0.17,1.6,5.2,6.93,0.0,0.17,0.17,Matches,2025,7.5,46.4,61.9,75.0,806.5,301.1,0.0,0.12,-0.15,0.93,4.27,1.87,0.8,0.0,0.8,0.27,33.3,0.8,0.27,0.0,0.0,19.7,0.0,0.0,0.0,0.03,-0.03,-0.03,71.9,3.47,23.5,27.2,21.7,0.8,71.9,0.4,30.0,0.8,60.0,41.9,0.0,0.53,1.33,47.6,2.27,1.2,57.1,0.8,1.07,0.93,0.93,3.2,2.93,0.0,2.13,2.13,0.0,0.0,0.0,0.0,0.0,0.13,0.4,0.53,0.13,6.53,0.93,1.2,0.0,0.0,0.0,3.87,1.33,66.7,,,,,,,,,,,,,,,,,
Samuel Sarver,us USA,"FW,MF",FC Dallas,22-276,2003,6,1,165,1.8,0.0,1.11,1.11,0.0,0.0,0.0,0.0,0.0,0.06,0.06,0.28,0.33,3.89,0.56,7.22,1.09,0.34,0.34,Matches,2025,1.8,11.7,21.7,53.8,170.0,52.8,1.11,0.22,0.83,1.67,0.0,0.56,0.0,0.0,1.67,0.56,33.3,1.64,0.55,0.0,0.0,24.4,0.0,0.0,0.0,0.03,-0.06,-0.06,38.9,2.22,9.44,9.44,20.0,3.33,38.9,0.56,33.3,0.0,0.0,17.8,1.67,4.44,1.67,24.4,2.22,1.11,60.0,1.11,2.22,2.22,0.0,2.22,1.11,0.0,3.33,3.27,0.0,1.11,0.0,1.67,1.64,0.0,0.56,3.89,0.56,1.11,0.0,1.11,0.56,0.0,0.0,2.78,1.11,20.0,,,,,,,,,,,,,,,,,
Nick Scardina,us USA,DF,Charlotte,24-165,2001,15,8,800,8.9,0.0,0.11,0.11,0.0,0.0,0.0,0.11,0.0,0.0,0.0,0.08,0.08,1.91,3.26,3.71,0.11,0.08,0.08,Matches,2025,8.9,47.3,56.1,84.4,786.2,236.7,0.11,0.04,0.03,0.22,3.26,0.56,0.22,0.0,0.11,0.0,0.0,0.11,0.0,0.0,,14.4,0.0,0.0,0.0,0.03,0.0,0.0,66.0,4.72,23.0,30.3,12.8,1.12,66.0,0.67,46.2,0.79,53.8,34.4,0.11,0.67,0.22,39.7,1.24,0.67,33.3,1.35,1.46,0.67,0.56,1.8,3.48,0.0,1.8,1.8,0.0,0.11,0.0,0.34,0.34,0.0,0.34,0.79,0.11,2.13,0.56,0.67,0.0,0.0,0.0,4.61,0.79,35.0,,,,,,,,,,,,,,,,,
Rodrigo Schlegel,ar ARG,DF,Orlando City,28-245,1997,31,31,2679,29.8,0.0,0.0,0.0,0.0,0.0,0.0,0.37,0.03,0.01,0.01,0.0,0.01,0.3,3.19,0.03,0.0,0.01,0.01,Matches,2025,29.8,48.5,53.2,91.2,837.2,344.3,0.0,0.02,0.0,0.03,3.12,0.03,0.0,0.0,0.47,0.13,28.6,0.47,0.13,0.0,0.0,14.2,0.0,0.0,0.0,0.03,-0.01,-0.01,63.8,8.86,32.0,29.0,3.22,0.94,63.8,0.0,,0.0,,34.3,0.0,0.13,0.0,41.5,1.41,0.77,64.3,0.5,1.41,0.64,0.97,2.38,5.91,0.07,0.64,0.64,0.0,0.0,0.0,0.07,0.07,0.03,1.17,0.81,0.0,0.03,0.97,0.77,0.0,0.03,0.0,2.58,1.28,54.3,,,,,,,,,,,,,,,,,
Tate Schmitt,us USA,DF,Nashville SC,28-190,1997,2,0,16,0.2,0.0,0.0,0.0,0.0,0.0,0.0,0.0,0.0,0.0,0.0,0.0,0.0,5.0,0.0,0.0,0.0,0.0,0.0,Matches,2025,0.2,70.0,75.0,93.3,865.0,260.0,0.0,0.0,0.0,0.0,0.0,0.0,0.0,0.0,0.0,0.0,,0.0,0.0,,,,0.0,0.0,0.0,,0.0,0.0,90.0,10.0,15.0,50.0,25.0,0.0,90.0,0.0,,0.0,,40.0,0.0,10.0,0.0,65.0,0.0,0.0,,0.0,0.0,0.0,0.0,0.0,5.0,0.0,0.0,0.0,0.0,0.0,0.0,0.0,0.0,0.0,0.0,0.0,0.0,0.0,0.0,0.0,0.0,0.0,0.0,0.0,5.0,100.0,,,,,,,,,,,,,,,,,
David Schnegg,at AUT,"DF,MF",D.C. United,27-066,1998,32,31,2698,30.0,0.0,0.03,0.03,0.0,0.0,0.0,0.27,0.0,0.05,0.05,0.11,0.16,1.9,3.17,5.2,0.03,0.16,0.16,Matches,2025,30.0,33.5,48.2,69.6,581.8,230.5,0.03,0.12,-0.08,1.03,2.3,1.1,0.5,0.0,0.53,0.13,25.0,0.53,0.13,0.0,0.0,23.5,0.03,0.0,0.0,0.1,-0.05,-0.05,61.9,4.07,18.5,25.5,18.5,1.83,61.9,0.8,49.0,0.77,46.9,28.6,0.37,1.63,0.7,32.8,2.4,1.73,57.5,1.03,1.8,1.4,1.23,3.63,3.9,0.0,1.87,1.87,0.03,0.07,0.0,0.17,0.17,0.0,1.77,0.63,0.13,4.27,1.23,1.73,0.0,0.0,0.0,4.83,1.23,66.1,,,,,,,,,,,,,,,,,
Tarik Scott,us USA,"MF,DF",FC Dallas,20-225,2005,4,0,47,0.5,0.0,0.0,0.0,0.0,0.0,0.0,0.0,0.0,0.2,0.2,0.0,0.2,0.0,2.0,4.0,0.0,0.16,0.16,Matches,2025,0.5,10.0,14.0,71.4,128.0,16.0,0.0,0.0,0.0,0.0,0.0,0.0,0.0,0.0,2.0,0.0,0.0,1.91,0.0,0.0,,8.8,0.0,0.0,0.0,0.09,-0.2,-0.2,34.0,0.0,2.0,10.0,22.0,4.0,34.0,0.0,0.0,2.0,100.0,14.0,0.0,4.0,0.0,20.0,4.0,4.0,0.0,4.0,2.0,2.0,2.0,6.0,0.0,0.0,0.0,0.0,0.0,0.0,0.0,0.0,0.0,0.0,4.0,0.0,0.0,0.0,2.0,4.0,0.0,0.0,0.0,0.0,2.0,100.0,,,,,,,,,,,,,,,,,
Dante Sealy,tt TRI,"FW,MF",CF Montréal,22-231,2003,30,28,2421,26.9,0.33,0.04,0.37,0.33,0.0,0.0,0.22,0.0,0.21,0.21,0.12,0.33,2.97,3.42,6.62,0.37,0.33,0.33,Matches,2025,26.9,22.1,31.3,70.5,362.3,128.1,0.04,0.14,-0.08,1.38,2.12,1.0,0.15,0.33,2.16,0.82,37.9,2.16,0.82,0.16,0.41,17.8,0.11,0.0,0.0,0.1,0.12,0.12,43.1,1.15,5.58,18.0,20.3,3.94,43.1,1.3,43.2,1.56,51.9,27.1,1.38,2.68,1.52,29.9,1.26,0.89,48.3,0.56,0.86,0.82,0.56,1.82,0.67,0.0,2.9,2.9,0.3,0.15,0.04,0.19,0.19,0.0,1.56,1.45,0.07,3.57,0.56,0.89,0.0,0.0,0.0,3.68,0.67,52.9,,,,,,,,,,,,,,,,,
Gabe Segal,us USA,"FW,MF",Houston Dynamo,24-201,2001,11,1,154,1.7,1.18,0.0,1.18,0.59,0.59,0.59,0.0,0.0,1.65,1.18,0.12,1.29,0.59,2.35,10.0,0.58,1.73,1.27,Matches,2025,1.7,21.8,30.6,71.2,254.1,64.1,0.0,0.0,-0.12,1.18,1.76,0.59,0.0,1.18,5.88,1.18,20.0,5.84,1.17,0.1,0.5,15.1,0.0,0.59,0.59,0.2,-0.47,-0.59,47.6,1.76,5.29,22.4,20.0,8.24,47.1,0.0,0.0,0.59,100.0,20.6,0.0,2.35,2.35,35.3,1.76,1.18,100.0,0.0,0.0,0.0,0.59,2.35,2.94,0.0,4.12,4.06,0.0,0.0,0.0,0.59,0.58,0.0,2.94,1.18,0.59,0.0,0.59,1.18,0.0,0.0,0.0,1.18,3.53,46.2,,,,,,,,,,,,,,,,,
Telasco Segovia,ve VEN,"MF,FW",Inter Miami,22-246,2003,31,19,1617,18.0,0.44,0.22,0.67,0.44,0.0,0.0,0.33,0.0,0.18,0.18,0.12,0.29,1.72,5.83,6.67,0.67,0.3,0.3,Matches,2025,18.0,46.1,52.2,88.2,728.9,144.7,0.22,0.11,0.11,1.44,4.17,1.06,0.0,0.44,1.22,0.72,59.1,1.22,0.72,0.36,0.62,16.8,0.0,0.0,0.0,0.14,0.27,0.27,61.7,0.44,7.39,30.8,24.1,2.89,61.7,1.0,62.1,0.56,34.5,37.1,0.28,2.5,0.94,47.2,2.0,1.28,57.7,0.61,0.61,0.44,0.39,2.39,0.22,0.06,3.22,3.23,0.17,0.11,0.0,0.56,0.56,0.0,2.22,0.67,0.28,1.06,0.39,1.28,0.0,0.0,0.0,4.39,0.44,33.3,,,,,,,,,,,,,,,,,
Eddie Segura,co COL,DF,LAFC,28-305,1997,31,28,2490,27.7,0.04,0.07,0.11,0.04,0.0,0.0,0.29,0.04,0.05,0.05,0.04,0.08,0.51,3.65,0.22,0.11,0.08,0.08,Matches,2025,27.7,67.3,73.2,91.9,1180.5,404.5,0.07,0.02,0.04,0.4,5.09,0.0,0.0,0.04,0.51,0.11,21.4,0.51,0.11,0.07,0.33,13.9,0.0,0.0,0.0,0.09,-0.01,-0.01,83.6,7.4,35.3,44.1,4.58,0.69,83.6,0.22,54.5,0.18,45.5,50.0,0.04,0.47,0.11,60.7,1.66,0.97,69.0,0.47,1.48,0.69,0.97,2.64,4.15,0.0,1.12,1.12,0.0,0.0,0.04,0.22,0.22,0.0,1.34,0.43,0.0,0.04,0.97,0.97,0.0,0.0,0.0,4.4,1.48,59.4,,,,,,,,,,,,,,,,,
Amar Sejdic,us USA,MF,Columbus Crew,29-005,1996,14,4,340,3.8,0.0,0.0,0.0,0.0,0.0,0.0,0.0,0.0,0.03,0.03,0.08,0.11,0.26,7.11,2.11,0.0,0.11,0.11,Matches,2025,3.8,69.2,78.9,87.7,1048.4,327.1,0.0,0.18,-0.08,0.26,8.68,1.58,0.0,0.0,0.79,0.0,0.0,0.79,0.0,0.0,,28.3,0.0,0.0,0.0,0.03,-0.03,-0.03,88.9,1.05,11.8,53.7,23.9,0.53,88.9,1.32,55.6,0.79,33.3,47.4,0.53,0.79,0.79,71.3,2.63,2.63,62.5,0.79,1.32,1.05,0.79,3.42,0.79,0.0,1.05,1.06,0.0,0.0,0.0,0.26,0.26,0.0,0.79,0.53,0.0,1.32,0.79,2.63,0.0,0.0,0.0,3.42,0.0,0.0,,,,,,,,,,,,,,,,,
Johnny Selemani,ca CAN,MF,Vancouver W'caps,17-263,2008,1,0,27,0.3,0.0,0.0,0.0,0.0,0.0,0.0,0.0,0.0,0.0,0.0,0.0,0.0,3.33,0.0,3.33,0.0,0.1,0.1,Matches,2025,0.3,13.3,13.3,100.0,276.7,0.0,0.0,0.0,0.0,0.0,0.0,0.0,0.0,0.0,3.33,3.33,100.0,3.33,3.33,0.0,0.0,14.4,0.0,0.0,0.0,0.03,0.0,0.0,23.3,0.0,0.0,10.0,13.3,6.67,23.3,3.33,100.0,0.0,0.0,20.0,3.33,3.33,3.33,20.0,0.0,0.0,0.0,3.33,0.0,0.0,0.0,0.0,0.0,0.0,0.0,0.0,0.0,0.0,0.0,0.0,0.0,0.0,3.33,0.0,0.0,0.0,0.0,0.0,0.0,0.0,0.0,0.0,0.0,0.0,,,,,,,,,,,,,,,,,
Brandon Servania,us USA,MF,D.C. United,26-267,1999,30,24,2038,22.6,0.0,0.09,0.09,0.0,0.0,0.0,0.31,0.0,0.04,0.04,0.04,0.08,0.71,3.14,1.11,0.09,0.07,0.07,Matches,2025,22.6,35.9,41.4,86.8,576.5,153.8,0.09,0.04,0.05,0.62,2.96,0.44,0.09,0.0,0.66,0.13,20.0,0.66,0.13,0.0,0.0,23.5,0.0,0.0,0.0,0.06,-0.04,-0.04,50.4,1.24,11.0,30.8,9.07,0.62,50.4,0.49,55.0,0.35,40.0,26.0,0.04,1.28,0.84,32.4,3.05,2.04,50.0,1.11,1.15,1.02,0.62,3.67,0.97,0.04,1.73,1.72,0.0,0.13,0.09,0.18,0.18,0.0,1.64,1.46,0.0,0.58,0.62,2.04,0.0,0.04,0.0,4.56,0.58,44.8,,,,,,,,,,,,,,,,,
Nykolas Sessock,us USA,DF,Atlanta Utd,25-170,2000,2,0,4,0.0,0.0,0.0,0.0,0.0,0.0,0.0,0.0,0.0,0.0,0.0,0.0,0.0,0.0,0.0,0.0,0.0,0.0,0.0,Matches,2025,0.0,3.0,3.0,100.0,47.0,0.0,0.0,0.0,0.0,0.0,0.0,0.0,0.0,0.0,0.0,0.0,,0.0,0.0,,,,0.0,0.0,0.0,,0.0,0.0,3.0,0.0,1.0,2.0,0.0,0.0,3.0,0.0,,0.0,,0.0,0.0,0.0,0.0,2.0,0.0,0.0,,0.0,0.0,0.0,0.0,0.0,0.0,0.0,0.0,0.0,0.0,0.0,0.0,0.0,0.0,0.0,0.0,0.0,1.0,0.0,0.0,0.0,0.0,0.0,0.0,0.0,0.0,,,,,,,,,,,,,,,,,,
Jacob Shaffelburg,ca CAN,"MF,FW",Nashville SC,26-008,1999,23,12,1110,12.3,0.33,0.16,0.49,0.33,0.0,0.0,0.08,0.0,0.28,0.28,0.24,0.54,2.36,2.28,10.7,0.49,0.53,0.53,Matches,2025,12.3,18.0,27.6,65.3,255.0,84.4,0.16,0.24,-0.08,1.71,1.14,1.3,0.73,0.33,1.95,0.73,37.5,1.95,0.73,0.17,0.44,14.2,0.0,0.0,0.0,0.15,0.04,0.04,37.8,0.89,4.23,14.2,20.1,5.93,37.8,0.65,34.8,1.06,56.5,23.7,1.38,1.87,1.06,27.8,1.06,0.49,26.7,0.89,1.38,1.3,0.16,1.22,0.65,0.0,3.33,3.32,0.24,0.49,0.08,0.57,0.57,0.0,0.81,1.79,0.49,3.41,0.16,0.49,0.08,0.0,0.0,3.9,0.49,33.3,,,,,,,,,,,,,,,,,
Charles Sharp,us USA,FW,Toronto FC,24-164,2001,6,1,106,1.2,0.0,0.83,0.83,0.0,0.0,0.0,0.83,0.0,0.25,0.25,0.17,0.33,0.83,4.17,2.5,0.85,0.37,0.37,Matches,2025,1.2,16.7,21.7,76.9,200.0,60.8,0.83,0.08,0.67,1.67,3.33,1.67,0.0,0.0,1.67,0.0,0.0,1.7,0.0,0.0,,12.7,0.0,0.0,0.0,0.14,-0.25,-0.25,31.7,1.67,2.5,15.0,14.2,4.17,31.7,0.0,,0.0,,13.3,0.83,1.67,1.67,22.5,0.0,0.0,,0.0,0.0,0.0,0.83,0.83,1.67,0.0,2.5,2.57,0.0,0.0,0.0,0.83,0.86,0.0,1.67,1.67,0.0,0.0,0.83,0.0,0.0,0.83,0.0,0.83,5.83,63.6,,,,,,,,,,,,,,,,,
Samuel Shashoua,eng ENG,"MF,FW",Minnesota Utd,26-205,1999,5,0,105,1.2,0.0,0.0,0.0,0.0,0.0,0.0,0.0,0.0,0.17,0.17,0.0,0.17,1.67,5.83,7.5,0.0,0.2,0.2,Matches,2025,1.2,57.5,66.7,86.3,740.8,169.2,0.0,0.08,0.0,0.83,5.83,0.83,0.0,0.0,1.67,0.83,50.0,1.71,0.86,0.0,0.0,20.7,0.83,0.0,0.0,0.1,-0.17,-0.17,75.8,0.0,7.5,35.0,33.3,5.83,75.8,0.0,,0.0,,43.3,2.5,1.67,2.5,60.8,1.67,0.83,33.3,1.67,1.67,1.67,1.67,3.33,0.0,0.0,3.33,3.43,0.0,0.0,0.0,0.0,0.0,0.0,0.83,0.0,0.0,3.33,1.67,0.83,0.0,0.0,0.0,5.0,0.0,0.0,,,,,,,,,,,,,,,,,
Khiry Shelton,us USA,DF,Sporting KC,32-161,1993,27,21,1803,20.0,0.0,0.05,0.05,0.0,0.0,0.0,0.1,0.05,0.03,0.03,0.02,0.05,1.6,4.0,3.35,0.05,0.05,0.05,Matches,2025,20.0,43.1,51.3,84.2,646.0,218.2,0.05,0.04,0.03,0.35,4.3,0.4,0.05,0.0,0.3,0.1,33.3,0.3,0.1,0.0,0.0,11.8,0.0,0.0,0.0,0.11,-0.03,-0.03,59.6,3.75,15.1,29.3,16.0,1.3,59.6,0.4,53.3,0.35,46.7,26.8,0.15,0.9,0.9,32.6,1.2,0.55,46.7,0.8,0.95,0.8,1.25,2.45,2.45,0.15,1.15,1.15,0.0,0.0,0.05,0.15,0.15,0.05,0.75,0.55,0.0,0.8,1.25,0.55,0.0,0.0,0.0,5.5,1.1,59.5,,,,,,,,,,,,,,,,,
Jason Shokalook,us USA,FW,Chicago Fire,23-065,2002,1,0,15,0.2,0.0,5.0,5.0,0.0,0.0,0.0,0.0,0.0,0.0,0.0,1.5,1.5,0.0,0.0,0.0,6.0,1.8,1.8,Matches,2025,0.2,5.0,10.0,50.0,60.0,10.0,5.0,0.0,3.5,5.0,0.0,0.0,0.0,0.0,0.0,0.0,,0.0,0.0,,,,0.0,0.0,0.0,,0.0,0.0,10.0,0.0,5.0,5.0,5.0,0.0,10.0,0.0,,0.0,,0.0,0.0,0.0,0.0,5.0,0.0,0.0,,0.0,0.0,0.0,0.0,0.0,0.0,0.0,5.0,6.0,0.0,0.0,0.0,5.0,6.0,0.0,0.0,0.0,0.0,0.0,0.0,0.0,0.0,0.0,0.0,5.0,5.0,100.0,,,,,,,,,,,,,,,,,
Jonathan Shore,us USA,MF,NYCFC,18-235,2007,28,14,1398,15.5,0.06,0.0,0.06,0.06,0.0,0.0,0.06,0.0,0.05,0.05,0.03,0.07,1.1,5.16,2.13,0.06,0.07,0.07,Matches,2025,15.5,37.4,44.0,84.9,572.9,167.2,0.0,0.04,-0.03,0.65,3.29,0.58,0.06,0.06,0.97,0.19,20.0,0.97,0.19,0.07,0.33,18.3,0.0,0.0,0.0,0.05,0.02,0.02,55.1,1.87,12.0,29.7,14.0,1.87,55.1,0.39,37.5,0.65,62.5,28.4,0.39,0.9,0.77,34.8,3.48,1.87,54.2,1.42,1.23,0.9,0.97,4.45,1.55,0.06,2.06,2.06,0.13,0.0,0.13,0.0,0.0,0.0,0.97,0.26,0.0,0.71,0.97,1.87,0.0,0.0,0.0,5.03,0.39,40.0,,,,,,,,,,,,,,,,,
Show,ao ANG,MF,FC Dallas,26-273,1999,6,4,304,3.4,0.0,0.0,0.0,0.0,0.0,0.0,0.59,0.0,0.0,0.0,0.0,0.0,1.47,3.82,2.35,0.0,0.01,0.01,Matches,2025,3.4,40.6,49.4,82.1,599.4,184.1,0.0,0.0,0.0,0.29,5.29,0.0,0.0,0.0,0.29,0.29,100.0,0.3,0.3,0.0,0.0,29.0,0.0,0.0,0.0,0.02,0.0,0.0,57.1,1.76,13.5,36.8,7.35,0.0,57.1,0.29,50.0,0.29,50.0,32.4,0.0,1.76,1.76,42.1,1.18,0.88,60.0,0.59,0.59,0.59,1.18,2.35,0.59,0.0,0.88,0.89,0.0,0.0,0.0,0.0,0.0,0.0,2.65,0.88,0.0,0.0,1.18,0.88,0.0,0.0,0.0,5.29,0.59,28.6,,,,,,,,,,,,,,,,,
Xande Silva,pt POR,FW,Atlanta Utd,28-263,1997,7,2,229,2.5,0.0,0.4,0.4,0.0,0.0,0.0,0.0,0.0,0.12,0.12,0.36,0.48,4.0,3.6,7.6,0.39,0.47,0.47,Matches,2025,2.5,31.2,40.0,78.0,566.4,142.4,0.4,0.32,0.04,2.8,3.6,2.0,0.8,0.0,2.0,0.0,0.0,1.97,0.0,0.0,,20.9,0.0,0.0,0.0,0.05,-0.12,-0.12,53.2,1.6,9.2,22.8,22.0,4.4,53.2,3.2,44.4,4.0,55.6,36.8,2.0,1.2,1.6,39.2,2.0,0.8,50.0,0.8,0.4,0.4,0.8,2.8,1.2,0.4,4.4,4.36,1.2,0.0,0.0,0.4,0.4,0.0,3.6,2.8,0.4,1.2,0.8,0.8,0.0,0.0,0.0,5.6,0.4,25.0,,,,,,,,,,,,,,,,,
Xande Silva,pt POR,"FW,MF",St. Louis,28-263,1997,11,0,215,2.4,0.0,0.0,0.0,0.0,0.0,0.0,0.42,0.0,0.08,0.08,0.21,0.29,3.75,5.83,11.3,0.0,0.29,0.29,Matches,2025,2.4,32.1,39.6,81.1,493.3,122.9,0.0,0.13,-0.21,1.25,4.58,0.83,0.0,0.0,3.33,1.25,37.5,3.35,1.26,0.0,0.0,24.4,0.0,0.0,0.0,0.03,-0.08,-0.08,56.7,1.25,4.58,27.5,24.6,2.08,56.7,1.25,27.3,3.33,72.7,34.6,0.42,2.5,0.83,42.1,2.5,2.08,66.7,0.42,1.67,1.67,0.0,2.5,0.83,0.0,3.33,3.35,0.0,0.0,0.42,0.0,0.0,0.0,2.5,1.67,0.0,0.83,0.0,2.08,0.0,0.0,0.0,4.17,1.25,75.0,,,,,,,,,,,,,,,,,
Mateo Silvetti,ar ARG,"FW,MF",Inter Miami,19-324,2006,3,1,97,1.1,0.0,0.0,0.0,0.0,0.0,0.91,1.82,0.0,0.91,0.18,0.36,0.55,3.64,0.0,9.09,0.0,1.29,0.56,Matches,2025,1.1,17.3,25.5,67.9,294.5,24.5,0.0,0.18,-0.36,0.91,0.0,0.0,0.0,0.0,1.82,0.0,0.0,1.86,0.0,0.0,,26.5,0.0,0.0,0.91,0.08,-0.91,-0.18,39.1,1.82,5.45,10.9,22.7,10.9,38.2,0.91,50.0,0.0,0.0,22.7,1.82,4.55,0.0,28.2,0.0,0.0,,0.0,1.82,1.82,0.91,0.91,1.82,0.0,2.73,2.78,0.91,0.91,0.0,0.0,0.0,0.0,2.73,0.91,0.0,0.91,0.91,0.0,0.91,0.0,0.0,2.73,1.82,50.0,,,,,,,,,,,,,,,,,
Jailson Siqueira,br BRA,"MF,DF",LAFC,30-088,1995,3,1,67,0.7,0.0,0.0,0.0,0.0,0.0,0.0,0.0,0.0,0.0,0.0,0.0,0.0,2.86,5.71,0.0,0.0,0.0,0.0,Matches,2025,0.7,71.4,75.7,94.3,1094.3,327.1,0.0,0.0,0.0,0.0,11.4,0.0,0.0,0.0,0.0,0.0,,0.0,0.0,,,,0.0,0.0,0.0,,0.0,0.0,80.0,0.0,5.71,65.7,8.57,0.0,80.0,1.43,50.0,0.0,0.0,48.6,0.0,0.0,0.0,70.0,1.43,1.43,,0.0,0.0,0.0,0.0,1.43,0.0,0.0,1.43,1.34,0.0,0.0,0.0,0.0,0.0,0.0,0.0,2.86,0.0,0.0,0.0,1.43,0.0,0.0,0.0,5.71,1.43,50.0,,,,,,,,,,,,,,,,,
Jack Skahan,us USA,"MF,FW",SJ Earthquakes,27-300,1998,5,0,58,0.6,0.0,3.33,3.33,0.0,0.0,0.0,0.0,0.0,0.33,0.33,1.5,1.83,3.33,3.33,6.67,3.1,1.7,1.7,Matches,2025,0.6,30.0,33.3,90.0,505.0,91.7,3.33,1.0,1.83,5.0,0.0,1.67,1.67,0.0,5.0,0.0,0.0,4.66,0.0,0.0,,11.5,0.0,0.0,0.0,0.08,-0.33,-0.33,53.3,3.33,10.0,18.3,25.0,10.0,53.3,0.0,0.0,1.67,100.0,28.3,1.67,3.33,1.67,33.3,1.67,0.0,0.0,3.33,0.0,0.0,0.0,1.67,3.33,0.0,5.0,4.58,0.0,0.0,0.0,3.33,3.05,0.0,6.67,0.0,0.0,3.33,0.0,0.0,0.0,0.0,0.0,6.67,1.67,25.0,,,,,,,,,,,,,,,,,
Bartosz Slisz,pl POL,MF,Atlanta Utd,26-250,1999,29,26,2293,25.5,0.08,0.04,0.12,0.08,0.0,0.0,0.39,0.0,0.07,0.07,0.06,0.13,1.69,6.51,1.37,0.12,0.13,0.13,Matches,2025,25.5,56.4,63.9,88.3,924.5,288.7,0.04,0.08,-0.02,0.9,6.94,0.71,0.08,0.08,0.94,0.31,33.3,0.94,0.31,0.08,0.25,20.1,0.0,0.0,0.0,0.07,0.01,0.01,73.8,3.73,18.0,44.9,11.6,0.98,73.8,0.63,50.0,0.51,40.6,43.4,0.08,0.9,0.51,51.9,1.92,1.25,42.5,0.9,1.41,0.78,1.53,3.45,2.31,0.08,2.2,2.2,0.08,0.08,0.08,0.16,0.16,0.0,1.49,1.1,0.0,0.55,1.53,1.25,0.0,0.04,0.0,5.96,1.57,66.7,,,,,,,,,,,,,,,,,
Tyger Smalls,,"FW,MF",Charlotte,23-077,2002,14,0,157,1.7,0.0,0.0,0.0,0.0,0.0,0.0,0.0,0.0,0.18,0.18,0.06,0.24,3.53,3.53,7.06,0.0,0.2,0.2,Matches,2025,1.7,27.6,35.9,77.0,517.1,118.2,0.0,0.06,-0.06,0.59,1.76,0.0,0.0,0.0,0.59,0.59,100.0,0.57,0.57,0.0,0.0,9.4,0.0,0.0,0.0,0.31,-0.18,-0.18,53.5,1.18,7.65,18.8,27.1,4.71,53.5,0.59,33.3,1.18,66.7,30.0,1.18,5.29,2.94,35.9,0.59,0.59,0.0,1.18,0.59,0.59,1.76,2.35,2.94,0.0,2.94,2.87,0.0,0.0,0.0,0.59,0.57,0.0,1.76,2.94,0.59,0.59,1.76,0.59,0.0,0.0,0.0,6.47,2.94,50.0,,,,,,,,,,,,,,,,,
Brad Smith,au AUS,"DF,MF",FC Cincinnati,31-239,1994,17,3,321,3.6,0.0,0.0,0.0,0.0,0.0,0.0,0.0,0.0,0.08,0.08,0.03,0.14,0.28,1.11,6.94,0.0,0.13,0.13,Matches,2025,3.6,29.2,39.4,73.9,432.5,117.2,0.0,0.06,-0.03,0.83,0.83,0.56,0.28,0.0,0.56,0.0,0.0,0.56,0.0,0.0,,15.7,0.0,0.0,0.0,0.16,-0.08,-0.08,48.6,1.39,11.1,21.1,16.9,2.5,48.6,0.0,0.0,1.39,100.0,22.8,0.0,1.94,0.28,29.7,1.39,0.56,100.0,0.0,0.83,0.56,0.28,1.67,1.11,0.0,1.67,1.68,0.0,0.0,0.0,0.0,0.0,0.0,1.39,0.0,0.0,3.61,0.28,0.56,0.0,0.0,0.0,3.61,0.83,50.0,,,,,,,,,,,,,,,,,
Ian Smith,us USA,"DF,MF",Portland Timbers,23-141,2002,20,11,1025,11.4,0.09,0.09,0.18,0.09,0.0,0.0,0.35,0.0,0.06,0.06,0.03,0.09,1.4,3.16,4.65,0.18,0.09,0.09,Matches,2025,11.4,42.0,50.8,82.7,693.7,218.2,0.09,0.04,0.06,0.44,2.54,0.44,0.09,0.09,0.88,0.26,30.0,0.88,0.26,0.1,0.33,14.6,0.0,0.0,0.0,0.07,0.03,0.03,61.1,3.95,19.6,25.3,16.6,1.93,61.1,0.61,43.8,0.7,50.0,33.8,0.26,1.05,0.44,39.9,1.75,0.96,57.1,0.53,1.05,0.79,0.44,2.19,3.07,0.0,1.58,1.58,0.0,0.09,0.09,0.18,0.18,0.0,0.96,0.96,0.26,2.46,0.44,0.96,0.0,0.0,0.09,2.72,2.02,57.5,,,,,,,,,,,,,,,,,
Kyle Smith,us USA,"DF,MF",Orlando City,33-329,1992,29,12,1151,12.8,0.0,0.16,0.16,0.0,0.0,0.0,0.39,0.0,0.08,0.08,0.08,0.16,0.55,3.05,1.56,0.16,0.16,0.16,Matches,2025,12.8,43.2,51.8,83.4,735.3,232.3,0.16,0.05,0.08,0.63,3.05,0.31,0.08,0.0,0.7,0.16,22.2,0.7,0.16,0.0,0.0,13.7,0.0,0.0,0.0,0.11,-0.08,-0.08,62.5,5.0,23.9,28.1,10.7,1.02,62.5,0.16,28.6,0.31,57.1,34.5,0.08,0.55,0.23,42.5,2.03,1.25,69.2,0.63,1.09,0.94,0.7,2.73,3.75,0.0,1.72,1.72,0.0,0.08,0.0,0.47,0.47,0.0,0.78,0.78,0.0,0.7,0.7,1.25,0.0,0.0,0.08,2.89,1.72,50.0,,,,,,,,,,,,,,,,,
Artem Smoliakov,ua UKR,"DF,MF",LAFC,22-189,2003,26,13,1124,12.5,0.08,0.24,0.32,0.08,0.0,0.0,0.08,0.0,0.06,0.06,0.26,0.31,3.2,3.84,7.84,0.32,0.31,0.31,Matches,2025,12.5,46.2,56.2,82.2,708.1,141.1,0.24,0.18,-0.02,1.04,2.32,0.64,0.4,0.08,0.96,0.32,33.3,0.96,0.32,0.08,0.25,23.7,0.0,0.0,0.0,0.06,0.02,0.02,67.6,3.12,17.2,28.8,22.0,1.6,67.6,0.64,38.1,0.88,52.4,41.8,0.16,1.28,0.56,47.2,1.44,0.8,42.1,0.88,1.52,1.04,0.96,2.4,2.72,0.0,2.16,2.16,0.0,0.08,0.0,0.4,0.4,0.0,1.2,0.88,0.16,3.36,0.96,0.8,0.0,0.0,0.0,3.76,0.64,36.4,,,,,,,,,,,,,,,,,
Mohammed Sofo,gh GHA,FW,NY Red Bulls,21-034,2004,25,19,1577,17.5,0.29,0.0,0.29,0.29,0.0,0.0,0.17,0.0,0.27,0.27,0.05,0.32,1.77,1.66,8.91,0.29,0.32,0.32,Matches,2025,17.5,19.0,24.7,76.9,275.2,50.8,0.0,0.05,-0.05,0.57,0.8,0.57,0.06,0.29,2.0,0.8,40.0,2.0,0.8,0.14,0.36,15.3,0.0,0.0,0.0,0.14,0.01,0.01,39.1,0.97,5.37,14.2,20.2,3.6,39.1,1.03,36.7,1.77,63.3,22.5,1.14,2.57,1.26,26.7,2.11,1.37,38.7,1.09,1.6,1.6,0.57,2.69,0.74,0.06,1.77,1.77,0.06,0.11,0.0,0.11,0.11,0.0,1.66,0.86,0.46,1.2,0.57,1.37,0.0,0.0,0.06,3.03,0.46,15.4,,,,,,,,,,,,,,,,,
Pedro Soma,us USA,"MF,FW",San Diego FC,19-157,2006,5,0,71,0.8,0.0,0.0,0.0,0.0,0.0,0.0,0.0,0.0,0.0,0.0,0.0,0.0,0.0,13.8,0.0,0.0,0.03,0.03,Matches,2025,0.8,83.8,95.0,88.2,1467.5,558.8,0.0,0.0,0.0,1.25,16.3,1.25,1.25,0.0,0.0,0.0,,0.0,0.0,,,,0.0,0.0,0.0,,0.0,0.0,106.3,10.0,32.5,56.3,17.5,1.25,106.3,0.0,0.0,2.5,100.0,58.8,0.0,1.25,2.5,85.0,1.25,0.0,100.0,0.0,0.0,0.0,1.25,2.5,2.5,0.0,1.25,1.27,0.0,0.0,0.0,0.0,0.0,0.0,2.5,1.25,0.0,1.25,1.25,0.0,0.0,0.0,0.0,10.0,3.75,100.0,,,,,,,,,,,,,,,,,
Tyrese Spicer,tt TRI,"DF,FW",Toronto FC,25-000,2000,21,7,867,9.6,0.21,0.0,0.21,0.21,0.0,0.0,0.1,0.0,0.18,0.18,0.07,0.25,4.27,1.04,6.15,0.21,0.25,0.25,Matches,2025,9.6,18.8,29.2,64.3,339.8,113.9,0.0,0.09,-0.07,1.15,1.25,0.42,0.42,0.21,1.46,0.63,42.9,1.45,0.62,0.14,0.33,16.7,0.0,0.0,0.0,0.12,0.03,0.03,46.8,2.08,12.5,15.3,20.0,3.33,46.8,2.19,44.7,2.4,48.9,24.9,1.35,3.44,1.88,26.8,2.81,1.35,57.1,0.63,1.25,1.15,0.94,3.75,2.29,0.0,1.77,1.76,0.1,0.0,0.1,0.1,0.1,0.0,0.52,1.15,0.63,3.85,0.94,1.35,0.0,0.1,0.0,4.17,0.63,35.3,,,,,,,,,,,,,,,,,
Tyrese Spicer,tt TRI,"MF,FW",Orlando City,25-000,2000,8,2,283,3.1,0.32,0.65,0.97,0.32,0.0,0.0,0.0,0.0,0.1,0.1,0.42,0.55,6.45,3.23,17.4,0.95,0.53,0.53,Matches,2025,3.1,22.9,38.1,60.2,404.8,127.4,0.65,0.39,0.23,2.26,1.29,2.9,1.61,0.32,2.9,0.65,22.2,2.86,0.64,0.11,0.5,17.7,0.0,0.0,0.0,0.04,0.23,0.23,55.2,0.97,3.55,20.0,34.2,7.1,55.2,3.55,57.9,1.94,31.6,36.5,2.9,2.58,1.29,40.0,2.9,1.61,75.0,0.32,0.97,0.97,1.29,4.19,0.65,0.0,4.19,4.13,1.29,0.0,0.0,0.97,0.95,0.0,0.32,0.97,0.32,8.06,1.29,1.61,0.0,0.0,0.0,2.26,0.65,50.0,,,,,,,,,,,,,,,,,
Lazar Stefanovic,ca CAN,DF,Toronto FC,19-116,2006,14,4,576,6.4,0.0,0.0,0.0,0.0,0.0,0.0,0.0,0.0,0.0,0.0,0.0,0.0,0.16,3.75,0.16,0.0,0.0,0.0,Matches,2025,6.4,48.0,56.9,84.3,947.5,350.8,0.0,0.02,0.0,0.16,5.63,0.16,0.0,0.0,0.0,0.0,,0.0,0.0,,,,0.0,0.0,0.0,,0.0,0.0,66.7,6.41,31.1,31.6,4.38,0.16,66.7,0.16,100.0,0.0,0.0,38.1,0.0,0.94,0.0,43.6,2.03,1.09,70.0,0.47,0.78,0.47,1.88,3.91,3.91,0.0,0.78,0.78,0.0,0.0,0.0,0.0,0.0,0.0,0.78,0.63,0.0,0.16,1.88,1.09,0.0,0.0,0.0,3.13,0.78,27.8,,,,,,,,,,,,,,,,,
Daniel Steres,us USA,DF,Houston Dynamo,35-023,1990,8,3,398,4.4,0.0,0.0,0.0,0.0,0.0,0.0,0.45,0.0,0.02,0.02,0.0,0.02,0.68,3.86,1.59,0.0,0.01,0.01,Matches,2025,4.4,48.4,58.2,83.2,813.6,343.2,0.0,0.02,0.0,0.0,4.55,0.0,0.0,0.0,0.23,0.0,0.0,0.23,0.0,0.0,,9.4,0.0,0.0,0.0,0.06,-0.02,-0.02,68.2,4.77,28.2,32.7,7.27,0.91,68.2,0.0,,0.0,,28.9,0.23,0.68,0.45,43.2,1.14,0.23,50.0,0.68,1.14,0.45,0.91,2.05,4.77,0.45,1.14,1.13,0.0,0.0,0.0,0.0,0.0,0.0,1.36,0.0,0.23,0.45,0.91,0.23,0.0,0.0,0.0,3.18,1.36,54.5,,,,,,,,,,,,,,,,,
Kimani Stewart-Baynes,ca CAN,"MF,FW",Colorado Rapids,20-321,2005,4,0,31,0.3,0.0,0.0,0.0,0.0,0.0,0.0,0.0,0.0,0.0,0.0,0.0,0.0,0.0,6.67,6.67,0.0,0.0,0.0,Matches,2025,0.3,30.0,40.0,75.0,426.7,103.3,0.0,0.0,0.0,0.0,3.33,0.0,0.0,0.0,0.0,0.0,,0.0,0.0,,,,0.0,0.0,0.0,,0.0,0.0,60.0,0.0,6.67,30.0,23.3,0.0,60.0,0.0,,0.0,,23.3,0.0,3.33,0.0,36.7,10.0,10.0,100.0,0.0,0.0,0.0,3.33,13.3,0.0,0.0,0.0,0.0,0.0,0.0,0.0,0.0,0.0,0.0,3.33,6.67,3.33,0.0,3.33,10.0,0.0,0.0,0.0,6.67,3.33,100.0,,,,,,,,,,,,,,,,,
Jared Stroud,us USA,"FW,MF",D.C. United,29-147,1996,29,15,1303,14.5,0.0,0.0,0.0,0.0,0.0,0.0,0.21,0.0,0.18,0.18,0.21,0.39,1.79,2.34,7.31,0.0,0.39,0.39,Matches,2025,14.5,21.5,30.3,70.9,344.8,85.4,0.0,0.23,-0.21,1.66,1.59,0.76,0.48,0.0,2.28,0.48,21.2,2.28,0.48,0.0,0.0,18.5,0.0,0.0,0.0,0.08,-0.18,-0.18,41.5,0.9,5.93,17.1,19.0,4.0,41.5,0.34,31.3,0.76,68.8,24.9,0.76,2.28,1.38,27.7,1.66,1.24,33.3,1.24,1.31,1.1,0.28,1.93,0.55,0.0,2.76,2.76,0.0,0.14,0.0,0.07,0.07,0.0,1.93,1.1,0.14,2.97,0.28,1.24,0.0,0.0,0.0,4.0,0.14,14.3,,,,,,,,,,,,,,,,,
Peter Stroud,us USA,MF,NY Red Bulls,23-225,2002,27,22,1720,19.1,0.0,0.16,0.16,0.0,0.0,0.0,0.31,0.0,0.03,0.03,0.12,0.15,0.84,5.24,1.83,0.16,0.14,0.14,Matches,2025,19.1,43.6,51.6,84.5,674.8,182.8,0.16,0.1,0.04,0.89,5.86,0.47,0.1,0.0,0.84,0.05,6.3,0.84,0.05,0.0,0.0,23.3,0.0,0.0,0.0,0.04,-0.03,-0.03,61.6,1.26,8.9,40.8,12.8,0.73,61.6,0.37,38.9,0.42,44.4,30.3,0.1,0.99,0.68,42.0,2.83,1.78,50.0,1.15,1.2,0.99,1.26,4.08,1.41,0.0,1.99,1.99,0.1,0.21,0.0,0.21,0.21,0.0,1.36,1.05,0.0,0.37,1.26,1.78,0.0,0.0,0.0,5.08,0.58,37.9,,,,,,,,,,,,,,,,,
Luis Suárez,uy URU,FW,Inter Miami,38-314,1987,28,27,2284,25.4,0.39,0.39,0.79,0.35,0.04,0.04,0.24,0.0,0.57,0.54,0.33,0.87,1.1,3.9,7.95,0.75,0.9,0.87,Matches,2025,25.4,26.7,34.7,76.8,409.9,89.1,0.39,0.23,0.06,1.89,1.65,1.61,0.24,0.39,3.11,1.14,36.7,3.11,1.14,0.11,0.31,15.3,0.0,0.04,0.04,0.17,-0.17,-0.18,44.0,0.94,2.64,19.6,21.9,4.72,44.0,0.59,35.7,0.98,59.5,22.6,0.51,2.28,0.55,34.8,0.67,0.51,45.5,0.24,0.28,0.2,0.24,0.91,0.67,0.0,3.39,3.39,0.16,0.08,0.04,0.59,0.59,0.0,1.06,1.34,0.43,0.71,0.24,0.51,0.0,0.0,0.0,2.17,0.39,43.5,,,,,,,,,,,,,,,,,
Magomed-Shapi Suleymanov,ru RUS,"FW,MF",Sporting KC,25-353,1999,32,26,2017,22.4,0.09,0.13,0.22,0.09,0.0,0.0,0.09,0.04,0.11,0.11,0.06,0.17,4.2,2.95,8.66,0.22,0.17,0.17,Matches,2025,22.4,31.5,39.4,79.9,489.2,85.4,0.13,0.12,0.08,0.85,1.16,1.03,0.18,0.09,1.61,0.36,22.2,1.61,0.36,0.06,0.25,18.6,0.13,0.0,0.0,0.07,-0.02,-0.02,48.8,0.49,4.42,16.6,28.2,4.02,48.8,0.89,29.9,1.65,55.2,34.2,2.5,1.29,1.21,37.2,1.16,0.63,59.3,0.49,0.45,0.45,0.45,1.61,0.67,0.09,2.5,2.5,0.0,0.4,0.0,0.36,0.36,0.0,0.85,2.72,0.22,3.66,0.45,0.63,0.09,0.04,0.0,3.62,0.49,28.2,,,,,,,,,,,,,,,,,
Cavan Sullivan,us USA,MF,Philadelphia Union,16-067,2009,11,1,221,2.5,0.0,0.0,0.0,0.0,0.0,0.0,0.4,0.0,0.2,0.2,0.12,0.28,1.6,6.0,9.2,0.0,0.3,0.3,Matches,2025,2.5,24.4,35.6,68.5,350.0,83.2,0.0,0.12,-0.12,1.2,2.4,2.0,0.0,0.0,2.4,0.4,16.7,2.44,0.41,0.0,0.0,16.9,0.0,0.0,0.0,0.08,-0.2,-0.2,55.2,0.4,8.4,20.8,26.0,6.8,55.2,0.0,0.0,4.8,100.0,27.6,0.8,2.4,1.6,32.0,4.0,2.0,41.7,2.8,2.8,2.8,0.0,4.0,0.4,0.0,4.0,4.09,0.0,0.0,0.4,0.0,0.0,0.0,1.6,0.8,0.4,1.6,0.0,2.0,0.0,0.0,0.0,4.0,2.4,66.7,,,,,,,,,,,,,,,,,
Michael Sullivan,us USA,MF,Toronto FC,22-276,2003,1,0,5,0.1,0.0,0.0,0.0,0.0,0.0,0.0,0.0,0.0,0.0,0.0,0.0,0.0,0.0,0.0,0.0,0.0,0.0,0.0,Matches,2025,0.1,0.0,10.0,0.0,0.0,0.0,0.0,0.0,0.0,0.0,0.0,0.0,0.0,0.0,0.0,0.0,,0.0,0.0,,,,0.0,0.0,0.0,,0.0,0.0,10.0,0.0,0.0,10.0,0.0,0.0,10.0,0.0,,0.0,,10.0,0.0,0.0,0.0,0.0,0.0,0.0,,0.0,0.0,0.0,0.0,0.0,0.0,0.0,0.0,0.0,0.0,0.0,0.0,0.0,0.0,0.0,0.0,0.0,0.0,0.0,0.0,0.0,0.0,0.0,0.0,10.0,0.0,,,,,,,,,,,,,,,,,,
Nicklaus Sullivan,us USA,"MF,DF",LA Galaxy,23-136,2002,1,0,11,0.1,0.0,0.0,0.0,0.0,0.0,0.0,0.0,0.0,1.0,1.0,0.0,1.0,0.0,0.0,20.0,0.0,0.41,0.41,Matches,2025,0.1,0.0,10.0,0.0,0.0,0.0,0.0,0.0,0.0,0.0,0.0,0.0,0.0,0.0,10.0,10.0,100.0,8.18,8.18,0.0,0.0,11.4,0.0,0.0,0.0,0.05,-1.0,-1.0,30.0,0.0,0.0,20.0,10.0,10.0,30.0,0.0,,0.0,,20.0,0.0,10.0,0.0,30.0,0.0,0.0,,0.0,0.0,0.0,0.0,0.0,0.0,0.0,0.0,0.0,0.0,0.0,0.0,0.0,0.0,0.0,0.0,0.0,0.0,0.0,0.0,0.0,0.0,0.0,0.0,0.0,10.0,33.3,,,,,,,,,,,,,,,,,
Quinn Sullivan,us USA,"MF,FW",Philadelphia Union,21-252,2004,28,24,1955,21.7,0.09,0.32,0.41,0.09,0.0,0.05,0.14,0.0,0.18,0.14,0.28,0.41,3.82,4.33,7.79,0.41,0.45,0.42,Matches,2025,21.7,26.7,39.9,66.9,399.6,125.9,0.32,0.24,0.05,2.03,2.58,1.61,0.46,0.09,2.58,0.78,30.4,2.58,0.78,0.04,0.12,21.9,0.23,0.0,0.05,0.05,-0.08,-0.05,52.1,0.6,4.61,21.0,27.6,4.65,52.0,1.47,48.5,1.47,48.5,29.8,1.47,2.53,1.38,35.5,1.61,1.29,48.4,0.74,1.15,1.15,0.32,1.94,0.83,0.0,4.56,4.56,0.14,0.05,0.05,0.55,0.55,0.0,0.88,0.83,0.09,5.3,0.32,1.29,0.0,0.0,0.0,4.33,0.65,45.2,,,,,,,,,,,,,,,,,
Finn Surman,nz NZL,DF,Portland Timbers,22-072,2003,31,31,2720,30.2,0.0,0.0,0.0,0.0,0.0,0.0,0.07,0.0,0.03,0.03,0.01,0.04,0.13,2.02,0.07,0.0,0.04,0.04,Matches,2025,30.2,47.9,52.5,91.2,903.3,312.9,0.0,0.01,-0.01,0.17,2.45,0.1,0.03,0.0,0.33,0.07,20.0,0.33,0.07,0.0,0.0,8.7,0.0,0.0,0.0,0.1,-0.03,-0.03,64.9,10.4,36.3,27.4,1.39,0.46,64.9,0.0,0.0,0.07,100.0,35.8,0.0,0.2,0.17,42.5,1.32,0.7,68.0,0.26,1.56,0.43,1.03,2.35,7.45,0.07,0.56,0.56,0.0,0.0,0.0,0.03,0.03,0.0,0.43,0.3,0.0,0.07,1.03,0.7,0.0,0.03,0.0,2.85,2.19,62.3,,,,,,,,,,,,,,,,,
Sam Surridge,eng ENG,FW,Nashville SC,27-129,1998,34,33,2934,32.6,0.74,0.09,0.83,0.58,0.15,0.18,0.06,0.0,0.74,0.59,0.15,0.74,1.5,1.75,5.64,0.67,0.89,0.74,Matches,2025,32.6,12.1,17.8,67.8,180.3,36.8,0.09,0.1,-0.06,0.86,0.67,0.67,0.09,0.74,3.13,1.47,47.1,3.13,1.47,0.19,0.4,11.7,0.0,0.15,0.18,0.19,-0.01,-0.01,28.3,1.07,3.16,11.5,14.1,5.77,28.1,0.55,34.0,0.98,60.4,14.6,0.89,1.69,0.98,20.7,0.71,0.4,52.9,0.25,0.55,0.49,0.31,1.01,1.1,0.0,2.27,2.27,0.21,0.25,0.09,0.46,0.46,0.0,1.29,1.32,0.89,0.43,0.31,0.4,0.06,0.0,0.0,2.15,3.1,53.4,,,,,,,,,,,,,,,,,
Oleksandr Svatok,ua UKR,DF,Austin,31-068,1994,29,25,2371,26.3,0.04,0.0,0.04,0.04,0.0,0.0,0.19,0.0,0.03,0.03,0.03,0.05,0.27,2.05,0.23,0.04,0.05,0.05,Matches,2025,26.3,42.8,47.8,89.6,821.2,270.1,0.0,0.02,-0.03,0.19,2.43,0.08,0.0,0.04,0.27,0.08,28.6,0.27,0.08,0.14,0.5,9.1,0.0,0.0,0.0,0.09,0.01,0.01,58.5,6.88,32.2,24.5,1.86,1.06,58.5,0.0,0.0,0.11,75.0,33.5,0.08,0.46,0.11,41.3,1.14,0.46,50.0,0.3,0.8,0.3,1.33,2.47,6.08,0.0,0.53,0.53,0.0,0.0,0.0,0.0,0.0,0.0,1.1,0.23,0.04,0.0,1.33,0.46,0.0,0.04,0.0,2.21,1.22,54.2,,,,,,,,,,,,,,,,,
Erik Sviatchenko,dk DEN,DF,Houston Dynamo,34-061,1991,15,13,960,10.7,0.0,0.0,0.0,0.0,0.0,0.0,0.09,0.09,0.07,0.07,0.0,0.07,0.09,3.46,0.19,0.0,0.07,0.07,Matches,2025,10.7,39.6,47.8,83.0,721.0,300.0,0.0,0.03,0.0,0.0,4.95,0.37,0.0,0.0,0.93,0.37,40.0,0.94,0.37,0.0,0.0,14.8,0.0,0.0,0.0,0.08,-0.07,-0.07,60.4,5.98,27.8,27.1,5.7,1.59,60.4,0.19,40.0,0.28,60.0,36.3,0.0,0.84,0.28,42.6,1.03,0.47,71.4,0.19,1.12,0.28,1.12,2.15,6.17,0.19,0.37,0.37,0.0,0.0,0.0,0.09,0.09,0.0,0.84,0.84,0.0,0.47,1.12,0.47,0.0,0.0,0.0,2.06,2.52,64.3,,,,,,,,,,,,,,,,,
Hennadii Synchuk,ua UKR,"MF,FW",CF Montréal,19-147,2006,14,10,789,8.8,0.11,0.0,0.11,0.11,0.0,0.0,0.23,0.0,0.14,0.14,0.15,0.27,5.45,4.2,10.2,0.11,0.28,0.28,Matches,2025,8.8,28.0,39.3,71.1,454.1,139.2,0.0,0.18,-0.15,1.14,2.95,1.82,0.45,0.11,2.73,0.57,20.8,2.74,0.57,0.04,0.2,20.1,0.23,0.0,0.0,0.05,-0.02,-0.02,52.5,0.45,6.48,23.4,24.2,3.52,52.5,3.41,57.7,2.05,34.6,35.7,2.16,3.07,1.7,38.1,2.61,1.7,48.0,1.48,1.02,1.02,0.34,2.95,0.57,0.0,3.41,3.42,0.45,0.23,0.23,0.0,0.0,0.0,1.36,3.52,0.34,4.77,0.34,1.7,0.0,0.0,0.0,4.55,0.45,22.2,,,,,,,,,,,,,,,,,
Nkosi Tafari,us USA,DF,LAFC,28-256,1997,25,20,1833,20.4,0.0,0.0,0.0,0.0,0.0,0.0,0.25,0.0,0.02,0.02,0.03,0.05,0.15,2.06,0.25,0.0,0.05,0.05,Matches,2025,20.4,53.4,58.3,91.5,975.0,318.1,0.0,0.03,-0.03,0.1,2.45,0.05,0.0,0.0,0.44,0.05,11.1,0.44,0.05,0.0,0.0,17.2,0.0,0.0,0.0,0.06,-0.02,-0.02,69.6,8.68,33.2,34.8,1.72,1.03,69.6,0.15,100.0,0.0,0.0,40.7,0.05,0.1,0.05,50.7,1.37,0.83,65.2,0.39,1.08,0.15,0.98,2.35,6.18,0.0,0.34,0.34,0.05,0.0,0.05,0.0,0.0,0.0,1.03,0.34,0.1,0.05,0.98,0.83,0.0,0.0,0.0,2.75,1.27,47.3,,,,,,,,,,,,,,,,,
Zakaria Taifi,us USA,"MF,DF",Orlando City,20-064,2005,6,0,40,0.4,0.0,0.0,0.0,0.0,0.0,0.0,0.0,0.0,0.0,0.0,0.0,0.0,0.0,7.5,10.0,0.0,0.0,0.0,Matches,2025,0.4,22.5,32.5,69.2,527.5,190.0,0.0,0.0,0.0,0.0,5.0,0.0,0.0,0.0,0.0,0.0,,0.0,0.0,,,,0.0,0.0,0.0,,0.0,0.0,65.0,5.0,20.0,25.0,20.0,5.0,65.0,2.5,50.0,2.5,50.0,27.5,0.0,5.0,0.0,32.5,10.0,5.0,100.0,0.0,2.5,2.5,0.0,10.0,7.5,0.0,0.0,0.0,0.0,0.0,0.0,0.0,0.0,0.0,0.0,7.5,0.0,2.5,0.0,5.0,0.0,0.0,0.0,2.5,5.0,66.7,,,,,,,,,,,,,,,,,
Strahinja Tanasijević,rs SRB,DF,NYCFC,28-175,1997,14,6,612,6.8,0.0,0.0,0.0,0.0,0.0,0.0,0.44,0.0,0.0,0.0,0.0,0.0,0.44,3.82,0.88,0.0,0.0,0.0,Matches,2025,6.8,51.5,58.7,87.7,879.6,304.0,0.0,0.01,0.0,0.0,4.12,0.15,0.0,0.0,0.0,0.0,,0.0,0.0,,,,0.0,0.0,0.0,,0.0,0.0,70.1,8.24,30.9,33.8,5.88,0.0,70.1,0.29,100.0,0.0,0.0,37.9,0.0,0.74,0.44,45.4,1.18,0.74,75.0,0.15,1.03,1.03,0.88,2.06,6.91,0.0,0.59,0.59,0.0,0.0,0.0,0.15,0.15,0.0,1.47,1.62,0.0,0.59,0.88,0.74,0.0,0.0,0.0,3.09,1.76,60.0,,,,,,,,,,,,,,,,,
Iuri Tavares,cv CPV,"MF,FW",Charlotte,24-271,2001,5,0,24,0.3,0.0,0.0,0.0,0.0,0.0,0.0,0.0,0.0,0.33,0.33,0.0,0.33,0.0,6.67,0.0,0.0,0.28,0.28,Matches,2025,0.3,26.7,40.0,66.7,340.0,40.0,0.0,0.0,0.0,0.0,0.0,3.33,0.0,0.0,3.33,0.0,0.0,3.75,0.0,0.0,,15.0,0.0,0.0,0.0,0.07,-0.33,-0.33,63.3,0.0,0.0,26.7,36.7,3.33,63.3,3.33,50.0,3.33,50.0,40.0,0.0,6.67,0.0,43.3,3.33,0.0,,0.0,10.0,10.0,3.33,6.67,0.0,0.0,0.0,0.0,0.0,0.0,0.0,0.0,0.0,0.0,6.67,0.0,3.33,3.33,3.33,0.0,0.0,0.0,0.0,3.33,6.67,40.0,,,,,,,,,,,,,,,,,
D.J. Taylor,us USA,DF,Minnesota Utd,28-100,1997,7,1,202,2.2,0.0,0.0,0.0,0.0,0.0,0.0,0.0,0.0,0.0,0.0,0.0,0.0,1.36,3.64,5.0,0.0,0.01,0.01,Matches,2025,2.2,37.3,46.8,79.6,623.6,231.8,0.0,0.05,0.0,0.45,1.82,0.91,0.45,0.0,0.0,0.0,,0.0,0.0,,,,0.0,0.0,0.0,,0.0,0.0,58.2,5.91,20.0,25.0,13.2,0.0,58.2,0.0,,0.0,,24.1,0.0,0.0,0.45,30.9,0.91,0.45,33.3,0.91,1.36,0.91,1.36,2.27,6.36,0.0,1.36,1.34,0.0,0.0,0.0,0.0,0.0,0.0,0.91,0.0,0.0,1.82,1.36,0.45,0.0,0.0,0.0,4.55,0.91,40.0,,,,,,,,,,,,,,,,,
Robert Taylor,fi FIN,"FW,MF",Austin,31-044,1994,17,1,412,4.6,0.22,0.0,0.22,0.22,0.0,0.0,0.22,0.0,0.17,0.17,0.09,0.26,3.48,5.0,7.61,0.22,0.26,0.26,Matches,2025,4.6,30.2,40.9,73.9,508.9,133.9,0.0,0.11,-0.09,1.3,2.61,1.96,0.65,0.22,2.61,0.87,33.3,2.62,0.87,0.08,0.25,20.3,0.0,0.0,0.0,0.07,0.04,0.04,53.3,0.22,5.65,21.3,27.4,3.48,53.3,1.74,57.1,1.09,35.7,32.8,0.87,3.48,1.52,38.3,1.96,1.74,66.7,0.43,0.87,0.65,1.96,3.91,0.22,0.0,2.61,2.63,0.22,0.0,0.0,0.22,0.22,0.0,0.87,0.22,0.0,2.39,1.96,1.74,0.0,0.22,0.0,4.78,0.65,42.9,,,,,,,,,,,,,,,,,
Robert Taylor,fi FIN,"MF,FW",Inter Miami,31-044,1994,4,2,198,2.2,0.45,0.0,0.45,0.45,0.0,0.0,0.0,0.0,0.59,0.59,0.18,0.73,2.27,3.18,8.64,0.45,0.74,0.74,Matches,2025,2.2,24.1,30.0,80.3,317.7,76.8,0.0,0.32,-0.18,0.91,0.45,1.36,0.45,0.45,2.27,0.91,40.0,2.27,0.91,0.2,0.5,11.9,0.0,0.0,0.0,0.25,-0.14,-0.14,40.0,0.0,4.55,16.4,20.0,4.55,40.0,0.91,28.6,2.27,71.4,27.3,0.91,0.91,1.82,30.0,2.27,0.91,75.0,0.45,0.45,0.45,0.45,2.73,0.0,0.0,1.36,1.36,0.0,0.0,0.0,0.0,0.0,0.0,0.0,0.45,0.45,0.45,0.45,0.91,0.0,0.0,0.0,3.18,0.45,50.0,,,,,,,,,,,,,,,,,
Carlos Terán,co COL,DF,Chicago Fire,25-071,2000,8,7,535,5.9,0.17,0.0,0.17,0.17,0.0,0.0,0.34,0.0,0.02,0.02,0.0,0.02,0.17,2.37,0.0,0.17,0.02,0.02,Matches,2025,5.9,49.0,57.1,85.8,904.7,382.9,0.0,0.0,0.0,0.0,2.03,0.0,0.0,0.17,0.51,0.17,33.3,0.5,0.17,0.33,1.0,13.4,0.0,0.0,0.0,0.04,0.15,0.15,68.0,14.2,42.7,24.1,1.69,0.51,68.0,0.51,100.0,0.0,0.0,38.0,0.0,0.17,0.51,45.1,2.37,1.86,50.0,1.36,0.68,0.34,2.03,4.41,4.92,0.34,0.51,0.5,0.0,0.0,0.0,0.0,0.0,0.0,1.36,0.0,0.0,0.0,2.03,1.86,0.0,0.17,0.17,4.07,2.03,75.0,,,,,,,,,,,,,,,,,
Cedric Teuchert,de GER,"FW,MF",St. Louis,28-324,1997,22,17,1238,13.8,0.22,0.07,0.29,0.22,0.0,0.0,0.07,0.0,0.27,0.27,0.06,0.33,2.46,1.81,4.49,0.29,0.33,0.33,Matches,2025,13.8,11.4,17.3,66.1,170.1,54.3,0.07,0.07,0.01,0.65,0.87,1.3,0.22,0.22,1.96,1.01,51.9,1.96,1.02,0.11,0.21,17.1,0.0,0.0,0.0,0.14,-0.05,-0.05,26.3,0.65,2.54,10.5,13.8,3.48,26.3,0.65,33.3,1.23,63.0,16.2,0.94,2.61,1.23,18.4,0.36,0.29,33.3,0.43,0.8,0.8,0.07,0.43,0.58,0.0,1.59,1.6,0.0,0.22,0.0,0.14,0.15,0.0,0.51,1.23,0.65,1.16,0.07,0.29,0.07,0.0,0.0,2.32,0.22,23.1,,,,,,,,,,,,,,,,,
Odin Thiago Holm,no NOR,"MF,FW",LAFC,22-320,2003,3,1,99,1.1,0.0,0.0,0.0,0.0,0.0,0.0,0.0,0.0,0.0,0.0,0.27,0.27,0.91,3.64,1.82,0.0,0.27,0.27,Matches,2025,1.1,19.1,26.4,72.4,320.9,103.6,0.0,0.0,-0.27,1.82,1.82,0.0,0.0,0.0,0.0,0.0,,0.0,0.0,,,,0.0,0.0,0.0,,0.0,0.0,36.4,2.73,14.5,16.4,6.36,0.91,36.4,0.0,,0.0,,17.3,0.0,0.0,0.91,20.0,5.45,3.64,100.0,0.0,2.73,1.82,1.82,7.27,1.82,0.0,2.73,2.73,0.0,0.0,0.0,0.0,0.0,0.0,0.91,0.91,0.0,0.91,1.82,3.64,0.0,0.0,0.0,3.64,0.0,,,,,,,,,,,,,,,,,,
Jamal Thiaré,sn SEN,FW,Atlanta Utd,32-248,1993,28,9,1007,11.2,0.45,0.0,0.45,0.45,0.0,0.0,0.18,0.0,0.59,0.59,0.03,0.62,0.98,0.71,5.0,0.45,0.62,0.62,Matches,2025,11.2,8.66,13.0,66.4,124.2,18.3,0.0,0.08,-0.03,0.18,0.45,0.18,0.0,0.45,3.04,1.25,41.2,3.04,1.25,0.15,0.36,10.1,0.0,0.0,0.0,0.19,-0.14,-0.14,22.4,0.54,1.43,9.73,11.8,4.91,22.4,0.71,42.1,0.89,52.6,13.1,0.89,2.77,0.54,17.6,0.27,0.09,33.3,0.18,0.27,0.27,0.27,0.54,0.36,0.0,0.54,0.54,0.09,0.18,0.0,0.18,0.18,0.0,0.98,1.52,1.25,0.0,0.27,0.09,0.18,0.0,0.0,1.43,3.84,55.1,,,,,,,,,,,,,,,,,
Erik Thommy,de GER,"FW,MF",Sporting KC,31-106,1994,25,14,1271,14.1,0.28,0.28,0.57,0.28,0.0,0.0,0.0,0.0,0.16,0.16,0.19,0.35,3.9,3.55,10.2,0.57,0.35,0.35,Matches,2025,14.1,31.8,39.4,80.9,479.8,83.3,0.28,0.18,0.09,0.99,1.63,1.21,0.14,0.28,3.19,0.85,26.7,3.19,0.85,0.09,0.33,22.3,0.71,0.0,0.0,0.05,0.12,0.12,51.2,0.78,4.75,17.9,29.2,4.11,51.2,0.64,33.3,1.06,55.6,34.1,1.56,1.91,1.13,40.4,1.35,0.78,52.9,0.57,1.21,1.06,0.64,1.99,0.57,0.0,3.19,3.19,0.07,0.5,0.14,0.5,0.5,0.0,1.28,2.7,0.14,1.84,0.64,0.78,0.0,0.0,0.0,3.62,0.21,21.4,,,,,,,,,,,,,,,,,
Kosi Thompson,ca CAN,DF,Toronto FC,22-311,2003,28,23,2119,23.5,0.0,0.0,0.0,0.0,0.0,0.0,0.34,0.0,0.03,0.03,0.06,0.08,1.06,3.49,1.15,0.0,0.08,0.08,Matches,2025,23.5,40.6,49.4,82.2,702.5,289.7,0.0,0.02,-0.06,0.26,3.96,0.13,0.0,0.0,0.26,0.13,50.0,0.25,0.13,0.0,0.0,15.2,0.0,0.0,0.0,0.1,-0.03,-0.03,61.0,4.98,23.9,31.1,6.43,0.85,61.0,1.02,66.7,0.43,27.8,32.1,0.21,0.85,0.43,37.4,2.51,1.36,56.6,0.98,1.83,0.94,0.94,3.45,3.74,0.13,0.89,0.89,0.0,0.0,0.04,0.0,0.0,0.0,0.89,0.89,0.0,0.38,0.94,1.36,0.0,0.09,0.0,3.62,0.72,42.5,,,,,,,,,,,,,,,,,
Timmy Tillman,us USA,MF,LAFC,26-334,1999,30,28,2413,26.8,0.0,0.07,0.07,0.0,0.0,0.0,0.26,0.0,0.06,0.06,0.06,0.12,1.46,6.42,3.73,0.07,0.12,0.12,Matches,2025,26.8,48.9,54.6,89.6,768.4,206.6,0.07,0.08,0.01,0.93,5.22,0.97,0.11,0.0,0.82,0.19,22.7,0.82,0.19,0.0,0.0,18.2,0.0,0.0,0.0,0.07,-0.06,-0.06,63.5,1.08,11.8,33.7,18.8,1.75,63.5,0.86,48.9,0.63,36.2,39.4,0.34,1.79,0.82,48.2,1.53,1.04,47.5,0.78,1.27,1.19,0.97,2.5,0.63,0.04,2.54,2.54,0.07,0.19,0.04,0.22,0.22,0.0,1.27,2.09,0.11,0.78,0.97,1.04,0.0,0.0,0.0,6.49,0.3,40.0,,,,,,,,,,,,,,,,,
Harry Toffolo,eng ENG,DF,Charlotte,30-107,1995,3,2,118,1.3,0.0,0.77,0.77,0.0,0.0,0.0,0.0,0.0,0.0,0.0,0.08,0.08,1.54,3.08,4.62,0.76,0.06,0.06,Matches,2025,1.3,49.2,61.5,80.0,879.2,350.8,0.77,0.0,0.69,0.77,3.85,0.77,0.77,0.0,0.0,0.0,,0.0,0.0,,,,0.0,0.0,0.0,,0.0,0.0,70.0,2.31,17.7,30.0,23.8,0.77,70.0,0.0,0.0,1.54,100.0,28.5,0.0,0.77,0.77,38.5,2.31,0.77,50.0,0.77,1.54,1.54,0.0,2.31,2.31,0.0,1.54,1.53,0.0,0.0,0.0,0.77,0.76,0.0,0.77,0.77,0.77,3.08,0.0,0.77,0.0,0.0,0.0,2.31,0.0,0.0,,,,,,,,,,,,,,,,,
Cayman Togashi,jp JPN,"MF,FW",Atlanta Utd,32-116,1993,7,0,100,1.1,0.0,0.0,0.0,0.0,0.0,0.0,0.0,0.0,0.0,0.0,0.0,0.0,0.0,2.73,3.64,0.0,0.03,0.03,Matches,2025,1.1,19.1,23.6,80.8,278.2,57.3,0.0,0.09,0.0,0.0,2.73,0.0,0.0,0.0,0.91,0.0,0.0,0.9,0.0,0.0,,11.0,0.0,0.0,0.0,0.04,0.0,0.0,32.7,0.0,1.82,19.1,12.7,3.64,32.7,0.91,20.0,3.64,80.0,22.7,0.0,1.82,0.91,26.4,0.91,0.0,,0.0,0.0,0.0,0.0,0.91,0.0,0.0,0.91,0.9,0.0,0.0,0.0,0.91,0.9,0.0,3.64,2.73,0.0,0.0,0.0,0.0,0.0,0.0,0.0,1.82,1.82,40.0,,,,,,,,,,,,,,,,,
Nouhou Tolo,cm CMR,DF,Seattle Sounders,28-164,1997,27,25,2197,24.4,0.04,0.08,0.12,0.04,0.0,0.0,0.2,0.08,0.04,0.04,0.08,0.12,1.97,4.39,1.68,0.12,0.12,0.12,Matches,2025,24.4,49.3,57.4,85.9,770.8,246.6,0.08,0.09,0.0,0.66,5.04,0.53,0.37,0.04,0.66,0.16,25.0,0.66,0.16,0.06,0.25,21.7,0.0,0.0,0.0,0.06,0.0,0.0,67.6,4.26,20.9,35.8,11.7,0.98,67.6,0.66,43.2,0.7,45.9,42.3,0.2,0.98,0.57,46.1,1.27,0.82,70.0,0.37,0.74,0.25,0.9,2.17,3.65,0.08,1.35,1.35,0.0,0.04,0.0,0.12,0.12,0.0,1.11,1.8,0.2,2.05,0.9,0.82,0.0,0.0,0.04,5.0,0.98,43.6,,,,,,,,,,,,,,,,,
Joshua Torquato,us USA,"MF,DF",FC Dallas,18-133,2007,5,3,226,2.5,0.0,0.0,0.0,0.0,0.0,0.0,0.4,0.0,0.0,0.0,0.04,0.04,0.4,0.4,3.6,0.0,0.05,0.05,Matches,2025,2.5,23.2,32.4,71.6,282.4,119.2,0.0,0.04,-0.04,0.4,0.8,0.0,0.0,0.0,0.0,0.0,,0.0,0.0,,,,0.0,0.0,0.0,,0.0,0.0,44.0,3.2,18.0,20.4,6.0,0.8,44.0,0.4,33.3,0.8,66.7,21.2,0.4,2.8,1.6,22.8,1.2,0.8,50.0,0.4,1.2,0.8,1.2,2.4,2.4,0.0,1.2,1.19,0.4,0.0,0.0,0.0,0.0,0.0,2.8,1.6,0.0,0.4,1.2,0.8,0.0,0.0,0.0,1.6,0.8,66.7,,,,,,,,,,,,,,,,,
Ervin Torres,us USA,MF,Austin,18-020,2007,1,0,8,0.1,0.0,0.0,0.0,0.0,0.0,0.0,0.0,0.0,0.0,0.0,0.0,0.0,0.0,10.0,10.0,0.0,0.0,0.0,Matches,2025,0.1,50.0,60.0,83.3,550.0,250.0,0.0,0.0,0.0,0.0,10.0,0.0,0.0,0.0,0.0,0.0,,0.0,0.0,,,,0.0,0.0,0.0,,0.0,0.0,70.0,0.0,0.0,30.0,40.0,0.0,70.0,0.0,,0.0,,60.0,0.0,10.0,0.0,60.0,0.0,0.0,,0.0,0.0,0.0,0.0,0.0,0.0,0.0,0.0,0.0,0.0,0.0,0.0,0.0,0.0,0.0,10.0,0.0,0.0,10.0,0.0,0.0,0.0,0.0,0.0,0.0,0.0,,,,,,,,,,,,,,,,,,
Tomas Totland,no NOR,DF,St. Louis,27-067,1998,17,12,1072,11.9,0.0,0.08,0.08,0.0,0.0,0.0,0.0,0.0,0.1,0.1,0.16,0.26,1.26,2.94,5.71,0.08,0.26,0.26,Matches,2025,11.9,32.4,41.4,78.3,495.1,182.8,0.08,0.15,-0.08,1.76,1.85,1.34,0.76,0.0,0.67,0.08,12.5,0.67,0.08,0.0,0.0,13.0,0.0,0.0,0.0,0.15,-0.1,-0.1,51.1,2.61,14.5,21.1,15.9,2.18,51.1,0.17,33.3,0.34,66.7,26.3,0.34,1.26,1.01,30.9,1.85,1.09,58.8,0.59,1.68,1.43,1.26,3.11,2.27,0.0,3.19,3.19,0.0,0.0,0.08,0.25,0.25,0.0,0.34,0.59,0.34,2.69,1.26,1.09,0.0,0.0,0.0,3.36,1.09,59.1,,,,,,,,,,,,,,,,,
Mason Toye,us USA,"FW,MF",Sporting KC,27-049,1998,21,4,519,5.8,0.52,0.34,0.86,0.52,0.0,0.0,0.0,0.0,0.55,0.55,0.19,0.74,2.93,1.55,6.72,0.87,0.75,0.75,Matches,2025,5.8,15.2,22.1,68.8,180.3,29.8,0.34,0.12,0.16,0.52,0.86,0.34,0.17,0.52,2.41,1.21,50.0,2.43,1.21,0.21,0.43,12.4,0.0,0.0,0.0,0.23,-0.03,-0.03,29.3,0.86,2.07,9.14,18.6,5.34,29.3,1.03,66.7,0.52,33.3,16.7,1.21,1.72,0.69,23.4,0.34,0.34,0.0,0.69,0.86,0.69,0.17,0.52,1.03,0.0,1.72,1.73,0.17,0.0,0.0,0.17,0.17,0.0,1.03,0.52,0.17,1.72,0.17,0.34,0.0,0.0,0.0,1.38,3.45,54.1,,,,,,,,,,,,,,,,,
Wil Trapp,us USA,MF,Minnesota Utd,32-323,1993,34,32,2717,30.2,0.07,0.07,0.13,0.07,0.0,0.0,0.1,0.0,0.02,0.02,0.04,0.06,0.36,3.97,0.63,0.13,0.06,0.06,Matches,2025,30.2,34.3,41.0,83.5,567.0,209.5,0.07,0.08,0.03,0.46,3.34,0.66,0.13,0.07,0.3,0.13,44.4,0.3,0.13,0.22,0.5,22.1,0.0,0.0,0.0,0.08,0.04,0.04,50.5,2.62,16.6,27.5,6.72,0.23,50.5,0.33,40.0,0.46,56.0,26.1,0.0,0.76,0.6,30.6,1.72,0.93,44.9,0.89,1.06,0.63,1.39,3.11,1.95,0.03,1.36,1.36,0.03,0.07,0.0,0.1,0.1,0.0,0.99,0.63,0.07,0.3,1.39,0.93,0.0,0.0,0.0,4.47,0.89,54.0,,,,,,,,,,,,,,,,,
Jackson Travis,us USA,DF,Colorado Rapids,21-284,2004,9,9,675,7.5,0.0,0.0,0.0,0.0,0.0,0.0,0.27,0.13,0.01,0.01,0.01,0.01,1.07,3.47,2.8,0.0,0.02,0.02,Matches,2025,7.5,34.4,44.7,77.0,550.7,162.9,0.0,0.03,-0.01,0.27,3.33,0.13,0.0,0.0,0.27,0.13,50.0,0.27,0.13,0.0,0.0,20.0,0.0,0.0,0.0,0.03,-0.01,-0.01,56.0,2.53,16.7,26.0,14.3,0.8,56.0,0.4,27.3,1.07,72.7,24.9,0.13,1.2,0.4,26.1,1.87,0.93,33.3,1.07,1.73,1.47,1.6,3.47,2.53,0.0,1.07,1.07,0.0,0.0,0.0,0.0,0.0,0.0,1.47,1.07,0.13,1.47,1.6,0.93,0.0,0.0,0.0,5.6,1.2,56.3,,,,,,,,,,,,,,,,,
Nectarios Triantis,gr GRE,MF,Minnesota Utd,22-207,2003,5,4,352,3.9,0.51,0.51,1.03,0.51,0.0,0.0,0.26,0.0,0.13,0.13,0.08,0.21,0.26,5.13,1.28,1.02,0.2,0.2,Matches,2025,3.9,35.4,40.0,88.5,573.8,183.3,0.51,0.08,0.44,1.54,4.36,0.77,0.26,0.51,1.54,0.51,33.3,1.53,0.51,0.33,1.0,30.8,0.0,0.0,0.0,0.08,0.38,0.38,50.5,3.08,13.3,28.5,8.72,0.51,50.5,1.79,70.0,0.77,30.0,29.7,0.26,1.03,0.51,33.6,1.79,1.03,60.0,0.51,0.51,0.51,0.51,2.31,1.54,0.0,2.05,2.05,0.0,0.0,0.26,0.26,0.26,0.0,1.54,1.54,0.0,0.26,0.51,1.03,0.0,0.0,0.0,5.13,0.26,50.0,,,,,,,,,,,,,,,,,
Niko Tsakiris,us USA,MF,SJ Earthquakes,20-168,2005,11,4,365,4.1,0.24,0.24,0.49,0.24,0.0,0.0,0.0,0.0,0.07,0.07,0.22,0.32,5.37,4.88,5.37,0.49,0.31,0.31,Matches,2025,4.1,37.8,49.0,77.1,587.3,178.3,0.24,0.22,0.02,1.22,5.37,1.95,0.0,0.24,1.22,0.24,20.0,1.23,0.25,0.2,1.0,20.0,0.24,0.0,0.0,0.07,0.17,0.17,61.0,0.0,5.37,30.2,26.6,2.44,61.0,0.98,40.0,1.22,50.0,36.8,0.73,2.44,1.71,43.2,2.2,1.22,20.0,0.98,0.49,0.49,0.49,2.68,0.49,0.0,4.63,4.68,0.24,0.0,0.24,0.98,0.99,0.0,0.73,1.46,0.0,5.37,0.49,1.22,0.0,0.0,0.0,4.15,0.73,42.9,,,,,,,,,,,,,,,,,
Garrison Tubbs,us USA,DF,D.C. United,23-290,2002,8,7,565,6.3,0.0,0.0,0.0,0.0,0.0,0.0,0.48,0.0,0.0,0.0,0.0,0.0,0.0,0.63,0.16,0.0,0.0,0.0,Matches,2025,6.3,36.8,39.8,92.4,662.1,226.8,0.0,0.0,0.0,0.16,0.16,0.0,0.0,0.0,0.0,0.0,,0.0,0.0,,,,0.0,0.0,0.0,,0.0,0.0,49.8,6.83,32.4,16.5,0.95,0.63,49.8,0.16,33.3,0.32,66.7,29.0,0.0,0.48,0.0,35.1,1.9,1.11,80.0,0.32,1.43,1.11,1.75,3.65,3.81,0.16,0.16,0.16,0.0,0.0,0.0,0.0,0.0,0.0,1.11,0.79,0.0,0.0,1.75,1.11,0.0,0.0,0.0,1.9,0.63,44.4,,,,,,,,,,,,,,,,,
Bill Tuiloma,nz NZL,DF,Charlotte,30-252,1995,8,6,427,4.7,0.21,0.0,0.21,0.21,0.0,0.0,0.0,0.0,0.09,0.09,0.02,0.09,0.0,2.55,0.43,0.21,0.09,0.09,Matches,2025,4.7,41.3,48.7,84.7,812.6,284.5,0.0,0.02,-0.02,0.21,4.89,0.21,0.0,0.21,0.85,0.21,25.0,0.84,0.21,0.25,1.0,10.1,0.0,0.0,0.0,0.09,0.13,0.13,56.2,4.47,21.1,31.3,4.04,0.85,56.2,0.0,,0.0,,30.9,0.0,0.0,0.0,36.8,1.28,1.28,50.0,1.06,0.21,0.21,0.21,1.49,3.83,0.21,0.43,0.42,0.0,0.0,0.0,0.21,0.21,0.0,0.85,0.64,0.0,0.43,0.21,1.28,0.0,0.0,0.0,1.91,1.49,70.0,,,,,,,,,,,,,,,,,
Dor Turgeman,il ISR,"FW,MF",NE Revolution,22-041,2003,3,2,213,2.4,1.25,0.42,1.67,1.25,0.0,0.0,0.42,0.0,0.29,0.29,0.17,0.46,2.5,1.25,4.17,1.69,0.46,0.46,Matches,2025,2.4,14.2,17.9,79.1,209.2,30.4,0.42,0.17,0.25,1.67,0.42,0.83,0.0,1.25,2.08,1.67,80.0,2.11,1.69,0.6,0.75,15.5,0.0,0.0,0.0,0.13,0.96,0.96,30.4,1.25,3.75,10.4,16.7,4.58,30.4,0.83,25.0,2.08,62.5,19.2,1.25,2.5,2.08,23.8,0.83,0.83,66.7,0.42,0.42,0.0,0.0,0.83,0.0,0.0,2.92,2.96,0.83,0.0,0.0,1.25,1.27,0.0,0.83,0.83,1.25,0.0,0.0,0.83,0.0,0.0,0.42,2.92,0.42,25.0,,,,,,,,,,,,,,,,,
Gavin Turner,us USA,"FW,MF",D.C. United,18-333,2007,1,0,25,0.3,0.0,0.0,0.0,0.0,0.0,0.0,0.0,0.0,0.0,0.0,0.0,0.0,0.0,0.0,10.0,0.0,0.16,0.16,Matches,2025,0.3,16.7,26.7,62.5,196.7,16.7,0.0,0.0,0.0,3.33,0.0,0.0,0.0,0.0,3.33,0.0,0.0,3.6,0.0,0.0,,28.3,0.0,0.0,0.0,0.02,0.0,0.0,43.3,0.0,6.67,6.67,30.0,3.33,43.3,0.0,,0.0,,26.7,0.0,6.67,0.0,26.7,0.0,0.0,,0.0,0.0,0.0,0.0,0.0,3.33,0.0,3.33,3.6,0.0,0.0,0.0,0.0,0.0,0.0,0.0,0.0,0.0,0.0,0.0,0.0,0.0,0.0,0.0,3.33,0.0,0.0,,,,,,,,,,,,,,,,,
Jeppe Tverskov,dk DEN,MF,San Diego FC,32-267,1993,33,33,2927,32.5,0.06,0.22,0.28,0.06,0.0,0.0,0.15,0.0,0.03,0.03,0.18,0.21,0.68,7.69,1.45,0.28,0.21,0.21,Matches,2025,32.5,80.3,90.2,89.0,1300.6,380.4,0.22,0.16,0.04,1.38,7.57,1.42,0.09,0.06,0.46,0.15,33.3,0.46,0.15,0.13,0.4,11.8,0.0,0.0,0.0,0.07,0.03,0.03,100.0,4.55,26.6,58.9,15.1,1.48,100.0,0.49,53.3,0.37,40.0,55.9,0.15,0.98,0.58,75.7,2.0,1.45,59.7,0.77,1.05,0.77,2.09,4.09,2.18,0.09,2.74,2.74,0.03,0.06,0.06,0.43,0.43,0.0,0.86,1.45,0.03,0.31,2.09,1.45,0.0,0.03,0.0,7.72,1.26,69.5,,,,,,,,,,,,,,,,,
Mikael Uhre,dk DEN,FW,Philadelphia Union,31-065,1994,29,16,1325,14.7,0.41,0.41,0.82,0.41,0.0,0.0,0.2,0.0,0.33,0.33,0.31,0.64,1.5,1.77,7.07,0.82,0.64,0.64,Matches,2025,14.7,17.0,25.1,67.8,222.9,36.9,0.41,0.27,0.1,1.7,0.41,1.09,0.07,0.41,2.93,1.02,34.9,2.92,1.02,0.14,0.4,15.6,0.0,0.0,0.0,0.11,0.07,0.07,36.5,0.41,2.52,13.5,20.7,5.1,36.5,0.41,28.6,1.02,71.4,20.0,0.82,1.97,1.56,26.2,1.22,0.82,50.0,0.48,0.68,0.68,0.07,1.29,0.54,0.0,2.99,2.99,0.14,0.27,0.0,0.54,0.54,0.0,1.77,1.77,0.68,1.09,0.07,0.82,0.0,0.0,0.0,2.72,2.24,36.7,,,,,,,,,,,,,,,,,
Cengiz Ünder,tr TUR,FW,LAFC,28-143,1997,12,4,446,5.0,0.4,0.4,0.8,0.4,0.0,0.0,0.0,0.0,0.36,0.36,0.32,0.66,2.8,4.0,6.8,0.81,0.67,0.67,Matches,2025,5.0,28.4,39.8,71.4,537.6,154.6,0.4,0.3,0.08,2.0,1.6,1.6,0.4,0.4,3.2,0.8,25.0,3.23,0.81,0.13,0.5,22.6,0.2,0.0,0.0,0.11,0.04,0.04,49.2,0.2,3.2,17.6,28.6,2.8,49.2,1.2,33.3,2.4,66.7,30.8,0.8,1.6,1.0,35.2,0.0,0.0,0.0,0.2,0.4,0.4,0.6,0.6,0.4,0.0,3.4,3.43,0.6,0.2,0.0,0.4,0.4,0.0,0.0,1.6,0.0,5.2,0.6,0.0,0.0,0.0,0.0,3.4,0.2,100.0,,,,,,,,,,,,,,,,,
Osaze Urhoghide,nl NED,DF,FC Dallas,25-153,2000,27,25,2201,24.5,0.08,0.0,0.08,0.08,0.0,0.0,0.24,0.0,0.03,0.03,0.0,0.04,0.24,1.84,0.24,0.08,0.04,0.04,Matches,2025,24.5,32.1,37.1,86.6,579.3,219.2,0.0,0.01,-0.0,0.08,1.51,0.0,0.0,0.08,0.49,0.2,41.7,0.49,0.2,0.17,0.4,13.1,0.0,0.0,0.0,0.07,0.05,0.05,50.4,9.02,28.7,19.8,2.53,0.94,50.4,0.61,60.0,0.29,28.0,22.1,0.08,0.94,0.61,26.5,2.08,1.51,69.7,0.41,1.76,0.69,1.22,3.31,5.71,0.08,0.41,0.41,0.0,0.0,0.04,0.12,0.12,0.0,1.51,1.35,0.12,0.04,1.22,1.51,0.0,0.08,0.0,4.61,2.49,64.9,,,,,,,,,,,,,,,,,
Maximiliano Urruti,ar ARG,FW,NE Revolution,34-285,1991,20,5,591,6.6,0.3,0.0,0.3,0.3,0.0,0.0,0.45,0.0,0.32,0.32,0.05,0.36,0.91,1.97,4.09,0.3,0.36,0.36,Matches,2025,6.6,13.8,17.3,79.8,201.8,57.6,0.0,0.05,-0.05,0.76,1.52,0.0,0.0,0.3,2.73,1.21,44.4,2.74,1.22,0.11,0.25,16.5,0.0,0.0,0.0,0.12,-0.02,-0.02,26.2,0.3,3.33,10.9,12.6,5.0,26.2,1.21,57.1,0.76,35.7,14.1,0.3,1.67,0.61,14.1,1.52,0.91,28.6,1.52,0.15,0.15,0.45,1.97,0.45,0.0,1.97,1.98,0.45,0.0,0.15,0.15,0.15,0.0,1.82,1.67,1.52,0.76,0.45,0.91,0.0,0.0,0.0,3.94,0.76,50.0,,,,,,,,,,,,,,,,,
Júnior Urso,br BRA,MF,Houston Dynamo,36-269,1989,19,11,973,10.8,0.09,0.09,0.19,0.09,0.0,0.0,0.37,0.0,0.12,0.12,0.1,0.23,0.83,3.43,1.2,0.18,0.23,0.23,Matches,2025,10.8,43.4,48.8,89.0,626.8,146.1,0.09,0.05,-0.01,0.56,3.24,0.19,0.0,0.09,1.2,0.28,23.1,1.2,0.28,0.08,0.33,16.5,0.0,0.0,0.0,0.1,-0.03,-0.03,59.7,1.94,11.9,38.1,9.91,1.39,59.7,0.83,50.0,0.46,27.8,34.5,0.09,1.39,1.48,44.4,2.31,1.67,75.0,0.37,0.93,0.74,0.65,2.96,1.76,0.19,1.48,1.48,0.19,0.0,0.0,0.0,0.0,0.0,0.83,2.69,0.0,0.19,0.65,1.67,0.0,0.0,0.0,3.8,1.02,73.3,,,,,,,,,,,,,,,,,
Myrto Uzuni,al ALB,FW,Austin,30-187,1995,27,23,2064,22.9,0.26,0.13,0.39,0.26,0.0,0.0,0.13,0.0,0.42,0.42,0.11,0.53,0.57,1.53,3.32,0.39,0.53,0.53,Matches,2025,22.9,13.1,16.2,80.8,218.7,41.6,0.13,0.11,0.02,0.83,0.7,0.52,0.13,0.26,2.36,0.96,40.7,2.35,0.96,0.11,0.27,15.2,0.13,0.0,0.0,0.18,-0.16,-0.16,23.4,0.31,2.53,10.6,10.6,3.06,23.4,0.7,59.3,0.39,33.3,12.3,0.17,1.53,1.05,14.6,0.61,0.35,41.2,0.44,0.52,0.44,0.35,0.96,0.39,0.0,2.23,2.22,0.17,0.26,0.04,0.13,0.13,0.0,0.79,0.74,0.22,0.52,0.35,0.35,0.0,0.0,0.0,2.14,0.79,29.0,,,,,,,,,,,,,,,,,
Onni Valakari,fi FIN,"MF,FW",San Diego FC,26-108,1999,34,26,2446,27.2,0.15,0.26,0.4,0.15,0.0,0.0,0.15,0.0,0.18,0.18,0.16,0.34,1.69,4.71,5.7,0.4,0.34,0.34,Matches,2025,27.2,38.6,46.8,82.6,539.0,136.0,0.26,0.15,0.1,1.1,3.53,1.18,0.0,0.15,1.1,0.37,33.3,1.1,0.37,0.13,0.4,15.5,0.07,0.0,0.0,0.16,-0.03,-0.03,56.3,1.29,9.56,29.1,18.5,3.01,56.3,0.33,32.1,0.51,50.0,32.6,0.37,2.21,0.74,44.6,1.88,1.21,52.4,0.74,1.07,0.88,0.48,2.35,0.66,0.04,2.43,2.43,0.0,0.26,0.04,0.51,0.52,0.0,1.47,2.1,0.11,0.44,0.48,1.21,0.07,0.0,0.0,4.23,0.59,55.2,,,,,,,,,,,,,,,,,
Omar Valencia,pa PAN,DF,NY Red Bulls,21-179,2004,20,17,1399,15.5,0.0,0.32,0.32,0.0,0.0,0.0,0.39,0.0,0.01,0.01,0.09,0.1,3.29,3.03,5.68,0.32,0.1,0.1,Matches,2025,15.5,39.9,51.6,77.4,653.6,160.7,0.32,0.08,0.23,1.16,2.0,0.58,0.39,0.0,0.32,0.0,0.0,0.32,0.0,0.0,,23.0,0.0,0.0,0.0,0.04,-0.01,-0.01,60.1,2.0,11.5,28.0,21.7,0.84,60.1,0.52,47.1,0.52,47.1,33.0,0.19,1.1,0.65,37.0,1.87,1.03,52.4,0.65,1.42,1.29,1.23,3.1,1.55,0.06,2.06,2.06,0.06,0.19,0.0,0.32,0.32,0.0,1.16,1.81,0.06,4.13,1.23,1.03,0.0,0.0,0.0,5.03,0.84,39.4,,,,,,,,,,,,,,,,,
Gerardo Valenzuela,us USA,"MF,FW",FC Cincinnati,21-067,2004,23,9,834,9.3,0.54,0.11,0.65,0.54,0.0,0.0,0.11,0.0,0.35,0.35,0.17,0.53,2.15,3.23,7.42,0.65,0.53,0.53,Matches,2025,9.3,28.9,35.7,81.0,393.1,91.9,0.11,0.09,-0.06,1.83,1.4,0.65,0.22,0.54,3.23,1.94,60.0,3.24,1.94,0.17,0.28,15.8,0.0,0.0,0.0,0.11,0.18,0.18,51.6,0.86,4.19,23.4,24.6,5.7,51.6,1.08,27.0,2.47,62.2,32.2,0.86,2.58,2.37,40.1,1.08,0.32,70.0,0.32,2.15,2.04,0.11,1.18,0.65,0.22,4.62,4.63,0.32,0.65,0.0,0.32,0.32,0.0,1.08,2.69,0.0,0.75,0.11,0.32,0.0,0.0,0.0,3.12,1.18,35.5,,,,,,,,,,,,,,,,,
Kerwin Vargas,co COL,"FW,MF",Charlotte,23-336,2002,34,19,1712,19.0,0.32,0.16,0.47,0.32,0.0,0.0,0.21,0.0,0.24,0.24,0.18,0.43,2.37,3.11,9.53,0.47,0.42,0.42,Matches,2025,19.0,30.2,37.9,79.6,495.2,130.1,0.16,0.21,-0.03,1.32,2.11,1.74,0.79,0.32,2.32,0.79,34.1,2.31,0.79,0.14,0.4,18.9,0.11,0.0,0.0,0.1,0.07,0.07,49.8,1.26,7.79,20.6,22.0,3.47,49.8,0.95,41.9,1.11,48.8,30.4,1.21,2.32,0.68,36.9,1.42,0.79,51.6,0.79,1.26,1.11,0.74,2.16,1.16,0.0,3.11,3.1,0.42,0.21,0.0,0.32,0.31,0.0,1.0,1.89,0.37,3.05,0.74,0.79,0.0,0.0,0.0,4.0,0.95,40.0,,,,,,,,,,,,,,,,,
Obed Vargas,mx MEX,MF,Seattle Sounders,20-121,2005,26,26,2268,25.2,0.12,0.04,0.16,0.12,0.0,0.0,0.16,0.0,0.1,0.1,0.09,0.19,1.79,5.6,3.37,0.16,0.19,0.19,Matches,2025,25.2,46.2,53.6,86.1,694.7,171.4,0.04,0.09,-0.05,0.83,4.4,0.79,0.0,0.12,1.19,0.4,33.3,1.19,0.4,0.1,0.3,22.0,0.0,0.0,0.0,0.08,0.02,0.02,64.3,2.02,12.3,32.8,19.5,1.98,64.3,0.91,51.1,0.67,37.8,40.2,0.2,1.83,0.67,48.3,1.94,1.11,54.5,0.79,1.19,0.83,1.07,3.02,0.79,0.12,3.29,3.29,0.16,0.08,0.12,0.36,0.36,0.0,1.03,2.02,0.04,0.28,1.07,1.11,0.0,0.0,0.0,4.29,0.32,50.0,,,,,,,,,,,,,,,,,
Indiana Vassilev,us USA,MF,Philadelphia Union,24-291,2001,31,21,1964,21.8,0.23,0.09,0.32,0.23,0.0,0.0,0.09,0.0,0.14,0.14,0.11,0.25,2.16,3.44,5.09,0.32,0.25,0.25,Matches,2025,21.8,24.4,32.0,76.3,352.7,101.0,0.09,0.14,-0.01,1.01,2.94,1.01,0.28,0.23,1.56,0.55,35.3,1.56,0.55,0.15,0.42,19.0,0.0,0.0,0.0,0.09,0.09,0.09,40.0,0.37,4.36,18.9,17.4,2.2,40.0,0.87,41.3,1.19,56.5,25.0,0.6,1.33,1.01,28.5,1.06,0.69,48.1,0.64,0.64,0.6,0.69,1.74,0.32,0.0,3.17,3.16,0.09,0.28,0.05,0.28,0.27,0.0,0.87,1.56,0.18,2.16,0.69,0.69,0.0,0.0,0.0,4.82,0.46,47.6,,,,,,,,,,,,,,,,,
Brandon Vazquez,us USA,FW,Austin,27-051,1998,19,19,1599,17.8,0.28,0.0,0.28,0.22,0.06,0.11,0.17,0.0,0.58,0.49,0.03,0.52,1.07,1.4,3.6,0.23,0.62,0.53,Matches,2025,17.8,10.6,16.9,62.5,185.5,36.0,0.0,0.04,-0.03,0.51,0.96,0.22,0.0,0.28,2.92,1.12,38.5,2.93,1.13,0.08,0.2,14.9,0.22,0.06,0.11,0.17,-0.3,-0.26,29.2,1.52,3.71,14.3,11.7,4.94,29.1,0.51,36.0,0.84,60.0,16.2,0.62,3.09,1.29,21.9,0.67,0.34,35.7,0.51,0.96,0.73,0.67,1.35,1.52,0.0,1.85,1.86,0.17,0.22,0.06,0.22,0.23,0.0,2.02,1.8,0.67,0.79,0.67,0.34,0.0,0.0,0.06,1.85,2.75,46.7,,,,,,,,,,,,,,,,,
David Vazquez,us USA,MF,Philadelphia Union,19-285,2006,1,0,20,0.2,0.0,0.0,0.0,0.0,0.0,0.0,0.0,0.0,0.0,0.0,0.0,0.0,5.0,0.0,10.0,0.0,0.0,0.0,Matches,2025,0.2,50.0,55.0,90.9,920.0,130.0,0.0,0.0,0.0,0.0,5.0,0.0,0.0,0.0,0.0,0.0,,0.0,0.0,,,,0.0,0.0,0.0,,0.0,0.0,60.0,0.0,5.0,35.0,20.0,10.0,60.0,0.0,,0.0,,35.0,5.0,5.0,0.0,40.0,0.0,0.0,,0.0,0.0,0.0,0.0,0.0,0.0,0.0,0.0,0.0,0.0,0.0,0.0,0.0,0.0,0.0,0.0,0.0,0.0,5.0,0.0,0.0,0.0,0.0,0.0,10.0,5.0,50.0,,,,,,,,,,,,,,,,,
David Vazquez,us USA,"FW,MF",San Diego FC,19-285,2006,4,2,177,2.0,0.0,0.0,0.0,0.0,0.0,0.0,0.0,0.0,0.05,0.05,0.05,0.1,0.5,2.5,6.5,0.0,0.09,0.09,Matches,2025,2.0,29.5,40.0,73.8,384.0,99.0,0.0,0.1,-0.05,1.0,1.5,0.5,0.0,0.0,0.5,0.0,0.0,0.51,0.0,0.0,,14.1,0.0,0.0,0.0,0.09,-0.05,-0.05,48.0,0.0,4.5,20.5,23.0,1.5,48.0,0.5,50.0,0.5,50.0,22.5,0.0,2.0,0.5,36.0,2.5,1.5,0.0,0.5,0.5,0.5,0.0,2.5,0.0,0.0,2.0,2.03,0.0,0.0,0.0,0.0,0.0,0.0,3.0,1.0,0.5,1.5,0.0,1.5,0.0,0.0,0.0,4.5,0.5,50.0,,,,,,,,,,,,,,,,,
Kristoffer Velde,no NOR,"FW,MF",Portland Timbers,26-086,1999,8,8,651,7.2,0.0,0.28,0.28,0.0,0.0,0.0,0.14,0.0,0.21,0.21,0.29,0.5,5.56,4.58,9.03,0.28,0.5,0.5,Matches,2025,7.2,20.3,29.4,68.9,364.2,136.5,0.28,0.38,-0.01,2.08,2.64,1.81,0.28,0.0,4.17,1.25,30.0,4.15,1.24,0.0,0.0,19.6,0.42,0.0,0.0,0.05,-0.21,-0.21,44.3,0.83,2.36,17.8,25.6,4.44,44.3,3.06,50.0,2.92,47.7,31.4,2.08,2.78,3.06,34.0,0.83,0.83,18.8,1.81,0.97,0.69,0.0,0.83,0.69,0.0,5.14,5.12,0.69,0.69,0.14,0.42,0.41,0.0,1.53,3.19,0.69,5.28,0.0,0.83,0.0,0.0,0.0,4.31,0.56,30.8,,,,,,,,,,,,,,,,,
Brayan Vera,co COL,DF,Real Salt Lake,26-323,1999,27,23,1984,22.0,0.05,0.0,0.05,0.05,0.0,0.0,0.36,0.0,0.05,0.05,0.04,0.1,1.41,3.91,0.32,0.05,0.1,0.1,Matches,2025,22.0,52.8,60.7,87.0,1060.3,377.0,0.0,0.03,-0.04,0.32,4.91,0.23,0.09,0.05,1.14,0.18,16.0,1.13,0.18,0.04,0.25,26.4,0.14,0.0,0.0,0.05,-0.01,-0.01,70.7,5.05,30.6,35.3,5.05,0.5,70.7,0.0,0.0,0.05,100.0,42.5,0.0,0.41,0.0,48.8,1.36,1.05,63.0,0.45,1.55,0.77,0.91,2.27,4.5,0.05,1.14,1.13,0.0,0.0,0.0,0.09,0.09,0.0,1.36,0.45,0.0,0.68,0.91,1.05,0.0,0.18,0.09,2.91,1.41,54.4,,,,,,,,,,,,,,,,,
Oscar Verhoeven,us USA,DF,San Diego FC,19-187,2006,14,11,1002,11.1,0.0,0.0,0.0,0.0,0.0,0.0,0.18,0.0,0.01,0.01,0.12,0.13,1.89,2.79,6.31,0.0,0.12,0.12,Matches,2025,11.1,49.8,58.9,84.6,755.9,203.2,0.0,0.07,-0.12,0.72,2.07,1.08,0.36,0.0,0.09,0.0,0.0,0.09,0.0,0.0,,20.5,0.0,0.0,0.0,0.08,-0.01,-0.01,65.9,3.33,19.2,28.4,18.6,0.9,65.9,0.27,60.0,0.09,20.0,35.0,0.18,1.53,0.18,44.3,1.35,0.99,61.5,0.45,0.81,0.63,0.27,1.62,2.16,0.09,1.26,1.26,0.0,0.09,0.0,0.0,0.0,0.0,0.9,0.72,0.0,1.98,0.27,0.99,0.0,0.0,0.0,4.14,0.9,47.6,,,,,,,,,,,,,,,,,
Oscar Verhoeven,us USA,MF,SJ Earthquakes,19-187,2006,1,0,6,0.1,0.0,0.0,0.0,0.0,0.0,0.0,0.0,0.0,0.0,0.0,0.0,0.0,0.0,40.0,0.0,0.0,0.0,0.0,Matches,2025,0.1,80.0,80.0,100.0,1310.0,520.0,0.0,0.0,0.0,0.0,20.0,0.0,0.0,0.0,0.0,0.0,,0.0,0.0,,,,0.0,0.0,0.0,,0.0,0.0,80.0,0.0,0.0,50.0,40.0,0.0,80.0,10.0,100.0,0.0,0.0,40.0,0.0,0.0,0.0,70.0,0.0,0.0,,0.0,0.0,0.0,0.0,0.0,0.0,0.0,10.0,15.0,0.0,0.0,0.0,0.0,0.0,0.0,0.0,0.0,0.0,0.0,0.0,0.0,0.0,0.0,0.0,0.0,0.0,,,,,,,,,,,,,,,,,,
Ranko Veselinović,rs SRB,DF,Vancouver W'caps,26-255,1999,21,20,1755,19.5,0.0,0.0,0.0,0.0,0.0,0.0,0.05,0.0,0.07,0.07,0.01,0.08,0.36,2.1,0.31,0.0,0.07,0.07,Matches,2025,19.5,53.9,57.0,94.6,1054.4,304.8,0.0,0.02,-0.01,0.21,3.23,0.0,0.0,0.0,0.72,0.21,28.6,0.72,0.21,0.0,0.0,10.0,0.0,0.0,0.0,0.09,-0.07,-0.07,65.9,8.92,30.2,32.9,2.97,1.38,65.9,0.05,33.3,0.1,66.7,43.9,0.05,0.1,0.05,48.9,0.82,0.36,70.0,0.15,0.62,0.1,1.03,1.85,4.87,0.1,0.92,0.92,0.0,0.05,0.0,0.05,0.05,0.0,0.46,0.36,0.05,0.0,1.03,0.36,0.0,0.05,0.0,3.18,1.69,55.0,,,,,,,,,,,,,,,,,
Felipe Vieira,br BRA,DF,Houston Dynamo,20-298,2005,23,19,1732,19.2,0.21,0.05,0.26,0.21,0.0,0.0,0.21,0.0,0.22,0.22,0.11,0.33,1.2,3.02,1.98,0.26,0.33,0.33,Matches,2025,19.2,40.6,46.3,87.8,610.7,220.8,0.05,0.09,-0.06,0.47,2.5,0.36,0.1,0.21,1.56,0.73,46.7,1.56,0.73,0.13,0.29,11.3,0.0,0.0,0.0,0.14,-0.01,-0.01,58.9,3.54,22.6,25.9,11.0,2.4,58.9,0.42,42.1,0.52,52.6,31.9,0.05,0.99,0.68,37.5,2.29,1.41,56.7,0.68,1.25,0.89,1.46,3.75,4.06,0.05,1.77,1.77,0.0,0.1,0.05,0.21,0.21,0.0,1.72,1.09,0.0,0.63,1.46,1.41,0.0,0.05,0.05,2.92,2.03,61.9,,,,,,,,,,,,,,,,,
Ronaldo Vieira,gw GNB,MF,SJ Earthquakes,27-138,1998,7,6,540,6.0,0.0,0.0,0.0,0.0,0.0,0.0,0.67,0.0,0.08,0.08,0.02,0.12,1.5,6.0,2.17,0.0,0.11,0.11,Matches,2025,6.0,44.5,50.3,88.4,827.5,223.7,0.0,0.07,-0.02,0.67,6.5,0.5,0.17,0.0,1.5,0.5,33.3,1.5,0.5,0.0,0.0,21.4,0.0,0.0,0.0,0.06,-0.08,-0.08,59.5,2.17,10.3,38.7,10.8,1.5,59.5,0.33,25.0,1.0,75.0,39.2,0.17,0.83,1.83,43.7,2.0,1.17,66.7,0.17,1.0,0.5,0.83,2.83,0.83,0.0,2.33,2.33,0.0,0.0,0.0,0.0,0.0,0.0,3.17,1.83,0.0,1.0,0.83,1.17,0.0,0.0,0.0,6.5,0.5,33.3,,,,,,,,,,,,,,,,,
Jules-Anthony Vilsaint,ca CAN,FW,Toronto FC,22-332,2003,7,1,179,2.0,0.5,0.0,0.5,0.5,0.0,0.0,0.5,0.0,0.7,0.7,0.0,0.7,2.0,1.5,6.5,0.5,0.71,0.71,Matches,2025,2.0,14.5,21.0,69.0,258.5,20.5,0.0,0.0,0.0,0.5,0.5,0.0,0.0,0.5,4.0,1.5,37.5,4.02,1.51,0.13,0.33,13.7,0.0,0.0,0.0,0.17,-0.2,-0.2,35.0,1.0,3.5,16.0,16.0,6.0,35.0,1.0,40.0,1.0,40.0,19.5,1.0,3.0,3.0,26.5,0.5,0.0,,0.0,2.0,2.0,0.0,0.5,1.5,0.0,2.5,2.51,0.5,0.0,0.0,1.0,1.01,0.0,3.0,2.5,0.5,0.0,0.0,0.0,0.0,0.0,0.0,2.5,2.5,71.4,,,,,,,,,,,,,,,,,
Jules-Anthony Vilsaint,ca CAN,"FW,MF",CF Montréal,22-332,2003,9,1,225,2.5,0.0,0.4,0.4,0.0,0.0,0.0,0.0,0.0,0.24,0.24,0.12,0.32,1.6,0.8,7.2,0.4,0.33,0.33,Matches,2025,2.5,13.6,19.6,69.4,204.0,57.2,0.4,0.24,0.28,1.2,0.0,1.6,1.2,0.0,1.6,1.2,75.0,1.6,1.2,0.0,0.0,14.9,0.0,0.0,0.0,0.14,-0.24,-0.24,29.2,0.4,3.2,10.4,16.0,4.0,29.2,1.2,50.0,0.4,16.7,20.8,0.8,3.2,0.8,21.2,2.0,1.2,0.0,0.8,0.0,0.0,0.0,2.0,0.4,0.0,2.4,2.4,0.0,0.0,0.0,0.4,0.4,0.0,1.6,2.0,0.4,1.2,0.0,1.2,0.0,0.0,0.0,2.0,0.8,40.0,,,,,,,,,,,,,,,,,
Sam Vines,us USA,DF,Colorado Rapids,26-187,1999,22,13,1271,14.1,0.0,0.14,0.14,0.0,0.0,0.0,0.0,0.0,0.07,0.06,0.1,0.16,2.06,4.4,5.96,0.14,0.16,0.16,Matches,2025,14.1,45.1,55.0,82.1,684.5,251.1,0.14,0.07,0.04,0.71,3.9,0.71,0.35,0.0,0.57,0.14,25.0,0.57,0.14,0.0,0.0,20.5,0.07,0.0,0.0,0.12,-0.07,-0.06,62.4,3.33,16.1,30.7,16.0,1.21,62.4,0.35,33.3,0.64,60.0,33.0,0.43,0.64,0.5,38.7,0.5,0.28,41.7,0.5,1.21,0.71,0.78,1.28,1.84,0.0,1.42,1.42,0.0,0.0,0.0,0.14,0.14,0.0,0.0,0.5,0.0,2.62,0.78,0.28,0.0,0.0,0.07,3.4,0.21,33.3,,,,,,,,,,,,,,,,,
Pedro Vite,ec ECU,"MF,FW",Vancouver W'caps,23-270,2002,19,16,1395,15.5,0.26,0.13,0.39,0.26,0.0,0.0,0.06,0.0,0.13,0.13,0.25,0.38,1.87,8.0,5.16,0.39,0.38,0.38,Matches,2025,15.5,44.3,55.7,79.5,777.7,268.3,0.13,0.3,-0.12,2.06,6.39,2.58,0.97,0.26,1.94,0.84,43.3,1.94,0.84,0.13,0.31,22.1,0.26,0.0,0.0,0.07,0.13,0.13,65.2,0.65,6.65,33.0,26.3,2.0,65.2,1.1,45.9,1.16,48.6,40.6,0.13,1.94,1.03,48.1,1.03,0.52,54.5,0.65,0.65,0.58,0.45,1.48,0.26,0.0,4.84,4.85,0.0,0.06,0.0,0.71,0.71,0.0,0.77,1.55,0.0,4.77,0.45,0.52,0.0,0.0,0.0,5.23,0.13,25.0,,,,,,,,,,,,,,,,,
Robert Voloder,ba BIH,DF,Sporting KC,24-209,2001,18,16,1490,16.6,0.0,0.0,0.0,0.0,0.0,0.0,0.06,0.0,0.0,0.0,0.0,0.0,0.78,3.55,0.12,0.0,0.0,0.0,Matches,2025,16.6,50.6,57.2,88.5,993.9,337.3,0.0,0.01,0.0,0.0,3.31,0.06,0.0,0.0,0.06,0.06,100.0,0.06,0.06,0.0,0.0,25.0,0.0,0.0,0.0,0.02,0.0,0.0,68.6,6.27,29.7,37.0,2.11,0.18,68.6,0.24,80.0,0.06,20.0,40.1,0.0,0.6,0.36,44.7,1.45,1.02,61.1,0.42,0.78,0.36,1.81,3.25,5.6,0.0,0.3,0.3,0.0,0.06,0.0,0.0,0.0,0.0,0.6,0.54,0.0,0.06,1.81,1.02,0.0,0.0,0.0,5.24,0.96,61.5,,,,,,,,,,,,,,,,,
Giacomo Vrioni,al ALB,"FW,MF",CF Montréal,27-050,1998,9,6,410,4.6,0.65,0.0,0.65,0.65,0.0,0.0,0.0,0.22,0.74,0.74,0.07,0.8,0.87,0.87,5.87,0.66,0.81,0.81,Matches,2025,4.6,7.39,10.4,70.8,112.6,16.7,0.0,0.02,-0.07,0.43,0.0,0.22,0.0,0.65,4.35,1.52,35.0,4.39,1.54,0.15,0.43,13.7,0.22,0.0,0.0,0.17,-0.09,-0.09,23.3,0.65,0.65,8.26,14.6,5.43,23.3,0.65,37.5,1.09,62.5,15.0,1.3,2.83,3.04,17.4,0.43,0.22,0.0,0.22,0.0,0.0,0.0,0.43,0.43,0.0,1.3,1.32,0.0,0.0,0.0,0.0,0.0,0.0,1.09,1.96,0.87,0.22,0.0,0.22,0.0,0.0,0.0,1.52,1.74,47.1,,,,,,,,,,,,,,,,,
Kai Wagner,de GER,DF,Philadelphia Union,28-292,1997,32,30,2769,30.8,0.06,0.32,0.39,0.06,0.0,0.0,0.16,0.0,0.02,0.02,0.36,0.38,1.56,5.1,4.55,0.39,0.38,0.38,Matches,2025,30.8,46.0,67.5,68.1,901.5,445.7,0.32,0.32,-0.04,3.02,4.48,1.82,0.94,0.06,0.55,0.16,29.4,0.55,0.16,0.12,0.4,25.9,0.13,0.0,0.0,0.03,0.05,0.05,78.1,2.73,21.4,33.2,24.7,0.65,78.1,0.65,60.6,0.29,27.3,32.7,0.19,0.88,0.19,36.3,2.99,2.31,55.1,1.14,1.56,1.46,1.36,4.35,2.79,0.06,4.97,4.97,0.06,0.23,0.03,0.49,0.49,0.0,1.2,1.14,0.06,10.9,1.36,2.31,0.0,0.0,0.0,5.36,1.49,65.7,,,,,,,,,,,,,,,,,
Conrad Wallem,no NOR,"DF,MF",St. Louis,25-178,2000,32,28,2419,26.9,0.04,0.07,0.11,0.04,0.0,0.0,0.26,0.04,0.09,0.09,0.1,0.19,2.23,4.24,5.06,0.11,0.19,0.19,Matches,2025,26.9,39.9,49.0,81.3,623.8,186.8,0.07,0.13,-0.03,1.38,2.53,1.45,0.63,0.04,0.89,0.33,37.5,0.89,0.33,0.04,0.11,17.4,0.0,0.0,0.0,0.11,-0.06,-0.06,59.6,3.83,15.8,26.6,18.0,1.9,59.6,0.89,60.0,0.45,30.0,32.5,0.63,1.52,0.78,38.9,1.64,1.0,43.1,1.23,1.23,0.71,0.82,2.45,2.45,0.04,3.01,3.01,0.07,0.11,0.0,0.3,0.3,0.04,1.86,1.49,0.15,2.38,0.82,1.0,0.0,0.0,0.0,4.72,1.56,57.5,,,,,,,,,,,,,,,,,
Joel Waterman,ca CAN,DF,Chicago Fire,29-314,1996,6,6,530,5.9,0.17,0.0,0.17,0.17,0.0,0.0,0.17,0.0,0.03,0.03,0.0,0.03,0.34,1.86,0.0,0.17,0.03,0.03,Matches,2025,5.9,63.6,69.8,91.0,1225.8,530.0,0.0,0.0,0.0,0.0,3.9,0.0,0.0,0.17,0.17,0.17,100.0,0.17,0.17,1.0,1.0,5.4,0.0,0.0,0.0,0.15,0.14,0.14,78.1,11.9,49.3,28.1,1.02,0.68,78.1,0.17,100.0,0.0,0.0,44.1,0.0,0.17,0.51,57.5,1.19,0.85,80.0,0.17,1.19,0.34,1.02,2.2,4.92,0.0,0.51,0.51,0.0,0.0,0.0,0.17,0.17,0.0,0.85,1.19,0.0,0.17,1.02,0.85,0.0,0.0,0.0,5.25,0.85,45.5,,,,,,,,,,,,,,,,,
Joel Waterman,ca CAN,DF,CF Montréal,29-314,1996,18,17,1437,16.0,0.0,0.06,0.06,0.0,0.0,0.0,0.5,0.06,0.0,0.0,0.05,0.05,0.75,5.25,1.19,0.06,0.05,0.05,Matches,2025,16.0,62.8,72.5,86.6,1217.3,451.9,0.06,0.05,0.01,0.5,5.19,0.38,0.06,0.0,0.0,0.0,,0.0,0.0,,,,0.0,0.0,0.0,,0.0,0.0,83.3,9.0,37.6,40.8,5.56,0.5,83.3,0.25,57.1,0.06,14.3,48.3,0.06,0.75,0.13,54.6,1.38,0.81,50.0,0.75,1.88,0.88,1.38,2.75,4.19,0.19,1.0,1.0,0.0,0.06,0.0,0.06,0.06,0.0,1.19,1.5,0.13,0.44,1.38,0.81,0.0,0.0,0.0,7.13,1.31,56.8,,,,,,,,,,,,,,,,,
Sydney Wathuta,ca CAN,MF,Colorado Rapids,21-176,2004,1,0,1,0.0,0.0,0.0,0.0,0.0,0.0,0.0,0.0,0.0,0.0,0.0,0.0,0.0,0.0,0.0,0.0,0.0,0.0,0.0,Matches,2025,0.0,2.0,2.0,100.0,10.0,1.0,0.0,0.0,0.0,0.0,0.0,0.0,0.0,0.0,0.0,0.0,,0.0,0.0,,,,0.0,0.0,0.0,,0.0,0.0,2.0,0.0,0.0,0.0,2.0,0.0,2.0,0.0,,0.0,,0.0,0.0,0.0,0.0,1.0,0.0,0.0,,0.0,0.0,0.0,0.0,0.0,0.0,0.0,0.0,0.0,0.0,0.0,0.0,0.0,0.0,0.0,0.0,0.0,0.0,0.0,0.0,0.0,0.0,0.0,0.0,0.0,0.0,,,,,,,,,,,,,,,,,,
Akil Watts,us USA,"MF,DF",St. Louis,25-303,2000,22,14,1418,15.8,0.06,0.0,0.06,0.06,0.0,0.0,0.06,0.0,0.09,0.09,0.06,0.16,2.03,2.97,2.59,0.06,0.16,0.16,Matches,2025,15.8,25.0,34.8,71.8,379.4,116.4,0.0,0.07,-0.06,0.57,1.77,0.89,0.19,0.06,1.01,0.38,37.5,1.02,0.38,0.06,0.17,20.4,0.0,0.0,0.0,0.1,-0.03,-0.03,46.7,2.66,14.2,22.3,11.1,1.01,46.7,0.57,42.9,0.63,47.6,22.1,0.32,1.71,1.08,26.4,2.09,1.27,54.8,0.89,1.46,1.01,1.27,3.35,1.77,0.06,1.58,1.59,0.0,0.0,0.06,0.0,0.0,0.0,0.95,1.2,0.0,1.84,1.27,1.27,0.0,0.0,0.0,2.97,1.01,59.3,,,,,,,,,,,,,,,,,
Patrick Weah,lr LBR,MF,Atlanta Utd,21-364,2003,1,0,6,0.1,0.0,0.0,0.0,0.0,0.0,0.0,0.0,0.0,0.0,0.0,0.0,0.0,0.0,0.0,0.0,0.0,0.0,0.0,Matches,2025,0.1,20.0,30.0,66.7,310.0,30.0,0.0,0.0,0.0,0.0,0.0,0.0,0.0,0.0,0.0,0.0,,0.0,0.0,,,,0.0,0.0,0.0,,0.0,0.0,30.0,0.0,0.0,20.0,10.0,0.0,30.0,0.0,,0.0,,20.0,0.0,0.0,0.0,20.0,0.0,0.0,,0.0,0.0,0.0,0.0,0.0,0.0,0.0,0.0,0.0,0.0,0.0,0.0,0.0,0.0,0.0,0.0,0.0,0.0,0.0,0.0,0.0,0.0,0.0,0.0,0.0,0.0,,,,,,,,,,,,,,,,,,
Marcelo Weigandt,ar ARG,DF,Inter Miami,25-327,2000,24,18,1537,17.1,0.06,0.12,0.18,0.06,0.0,0.0,0.23,0.0,0.06,0.06,0.08,0.15,1.11,4.09,5.44,0.18,0.15,0.15,Matches,2025,17.1,51.1,59.6,85.8,816.4,271.7,0.12,0.1,0.04,0.58,2.87,1.05,0.41,0.06,0.41,0.23,57.1,0.41,0.23,0.14,0.25,14.0,0.0,0.0,0.0,0.19,-0.01,-0.01,69.1,3.22,22.5,30.8,16.3,1.11,69.1,0.41,30.4,0.76,56.5,38.7,0.12,0.88,0.35,46.0,1.93,0.94,56.3,0.82,1.52,1.29,0.64,2.57,1.75,0.18,1.52,1.52,0.06,0.06,0.06,0.29,0.29,0.0,1.35,0.94,0.18,2.81,0.64,0.94,0.0,0.0,0.06,4.85,0.7,36.4,,,,,,,,,,,,,,,,,
Michael Wentzel,de GER,DF,St. Louis,23-238,2002,2,1,97,1.1,0.0,0.0,0.0,0.0,0.0,0.0,0.91,0.0,0.09,0.09,0.0,0.09,0.91,0.0,0.0,0.0,0.09,0.09,Matches,2025,1.1,62.7,68.2,92.0,1228.2,338.2,0.0,0.0,0.0,0.0,0.91,0.0,0.0,0.0,0.91,0.91,100.0,0.93,0.93,0.0,0.0,7.3,0.0,0.0,0.0,0.1,-0.09,-0.09,76.4,8.18,44.5,30.9,0.91,0.91,76.4,0.0,,0.0,,40.9,0.0,0.0,0.0,54.5,0.91,0.0,100.0,0.0,1.82,0.91,0.0,0.91,4.55,0.0,0.0,0.0,0.0,0.0,0.0,0.0,0.0,0.0,1.82,1.82,0.0,0.0,0.0,0.0,0.0,0.0,0.0,6.36,1.82,40.0,,,,,,,,,,,,,,,,,
Francis Westfield,us USA,DF,Philadelphia Union,19-360,2005,25,18,1728,19.2,0.05,0.16,0.21,0.05,0.0,0.0,0.26,0.05,0.07,0.07,0.14,0.21,1.25,4.22,5.57,0.21,0.21,0.21,Matches,2025,19.2,32.6,48.3,67.3,533.2,274.6,0.16,0.15,0.02,1.04,3.33,1.51,0.63,0.05,0.63,0.21,33.3,0.62,0.21,0.08,0.25,15.9,0.0,0.0,0.0,0.12,-0.02,-0.02,59.7,3.18,14.2,28.0,18.1,1.56,59.7,0.21,25.0,0.52,62.5,27.2,0.26,2.03,0.52,31.7,1.82,1.3,66.7,0.57,0.94,0.57,0.52,2.34,3.33,0.0,2.5,2.5,0.05,0.1,0.05,0.31,0.31,0.0,0.89,0.99,0.1,2.71,0.52,1.3,0.0,0.0,0.0,3.39,1.88,63.2,,,,,,,,,,,,,,,,,
Ashley Westwood,eng ENG,MF,Charlotte,35-247,1990,32,32,2880,32.0,0.03,0.13,0.16,0.03,0.0,0.0,0.28,0.0,0.05,0.05,0.11,0.16,0.44,5.72,1.0,0.16,0.16,0.16,Matches,2025,32.0,50.5,61.1,82.6,974.4,315.8,0.13,0.12,0.02,1.19,6.06,1.25,0.06,0.03,0.5,0.09,18.8,0.5,0.09,0.06,0.33,22.9,0.13,0.0,0.0,0.1,-0.02,-0.02,67.9,3.16,17.8,38.0,12.7,0.59,67.9,0.16,41.7,0.22,58.3,37.3,0.06,0.72,0.19,47.9,1.06,0.69,65.6,0.34,0.94,0.41,0.88,1.94,1.56,0.03,2.31,2.31,0.0,0.03,0.0,0.25,0.25,0.0,0.78,0.97,0.0,2.72,0.88,0.69,0.0,0.0,0.0,5.06,0.28,64.3,,,,,,,,,,,,,,,,,
Brian White,us USA,FW,Vancouver W'caps,29-304,1996,21,18,1671,18.6,0.86,0.05,0.91,0.7,0.16,0.22,0.16,0.0,0.83,0.65,0.1,0.75,0.7,1.18,4.52,0.75,0.93,0.76,Matches,2025,18.6,11.2,15.3,73.3,170.2,21.6,0.05,0.04,-0.05,0.75,0.65,0.27,0.0,0.86,2.69,1.29,48.0,2.69,1.29,0.26,0.54,12.2,0.0,0.16,0.22,0.24,0.03,0.05,25.5,1.94,2.63,11.2,11.7,5.05,25.3,0.27,33.3,0.48,60.0,13.7,0.38,2.26,0.48,18.1,0.16,0.11,20.0,0.43,0.86,0.7,0.27,0.43,1.67,0.0,1.72,1.72,0.11,0.16,0.0,0.11,0.11,0.0,1.13,0.81,0.59,0.05,0.27,0.11,0.05,0.0,0.0,0.75,2.04,47.5,,,,,,,,,,,,,,,,,
Adrian Wibowo,id IDN,FW,LAFC,19-321,2006,2,0,18,0.2,0.0,0.0,0.0,0.0,0.0,0.0,0.0,0.0,0.0,0.0,0.0,0.0,0.0,5.0,0.0,0.0,0.0,0.0,Matches,2025,0.2,35.0,40.0,87.5,350.0,90.0,0.0,0.0,0.0,0.0,0.0,0.0,0.0,0.0,0.0,0.0,,0.0,0.0,,,,0.0,0.0,0.0,,0.0,0.0,65.0,0.0,0.0,40.0,25.0,0.0,65.0,0.0,0.0,5.0,100.0,30.0,0.0,10.0,5.0,35.0,0.0,0.0,,0.0,0.0,0.0,0.0,0.0,0.0,0.0,0.0,0.0,0.0,0.0,0.0,0.0,0.0,0.0,10.0,0.0,0.0,0.0,0.0,0.0,0.0,0.0,0.0,10.0,0.0,0.0,,,,,,,,,,,,,,,,,
Derrick Williams,ie IRL,DF,Atlanta Utd,32-321,1993,17,15,1320,14.7,0.07,0.0,0.07,0.07,0.0,0.0,0.07,0.0,0.07,0.07,0.0,0.07,0.54,3.81,0.27,0.07,0.07,0.07,Matches,2025,14.7,50.5,59.0,85.7,1078.6,392.4,0.0,0.05,0.0,0.07,5.17,0.27,0.07,0.07,0.54,0.2,37.5,0.55,0.2,0.13,0.33,8.0,0.0,0.0,0.0,0.13,-0.01,-0.01,70.2,8.71,36.8,30.6,3.13,1.29,70.2,0.0,0.0,0.0,0.0,41.7,0.0,0.41,0.0,48.3,1.36,0.88,57.1,0.2,0.75,0.54,1.09,2.45,6.39,0.14,0.82,0.82,0.0,0.0,0.0,0.2,0.2,0.0,0.88,0.48,0.07,0.2,1.09,0.88,0.0,0.0,0.0,2.72,2.45,60.0,,,,,,,,,,,,,,,,,
Samuel Williams,us USA,MF,Chicago Fire,20-261,2005,7,3,314,3.5,0.0,0.0,0.0,0.0,0.0,0.0,0.0,0.0,0.03,0.03,0.0,0.03,0.0,4.0,1.71,0.0,0.04,0.04,Matches,2025,3.5,36.9,44.9,82.2,520.0,142.9,0.0,0.03,0.0,0.29,3.43,0.29,0.0,0.0,0.29,0.0,0.0,0.29,0.0,0.0,,13.7,0.0,0.0,0.0,0.08,-0.03,-0.03,50.9,2.0,10.3,30.3,10.6,0.86,50.9,0.29,50.0,0.29,50.0,29.4,0.0,0.57,0.29,37.7,0.86,0.29,66.7,0.29,1.14,1.14,0.57,1.43,1.14,0.0,0.29,0.29,0.0,0.0,0.0,0.0,0.0,0.0,0.29,1.14,0.0,1.14,0.57,0.29,0.0,0.0,0.0,4.29,1.14,57.1,,,,,,,,,,,,,,,,,
Thomas Williams,us USA,DF,Orlando City,21-111,2004,1,0,11,0.1,0.0,0.0,0.0,0.0,0.0,0.0,0.0,0.0,0.0,0.0,0.0,0.0,0.0,0.0,0.0,0.0,0.0,0.0,Matches,2025,0.1,0.0,0.0,,0.0,0.0,0.0,0.0,0.0,0.0,0.0,0.0,0.0,0.0,0.0,0.0,,0.0,0.0,,,,0.0,0.0,0.0,,0.0,0.0,50.0,40.0,40.0,10.0,0.0,0.0,50.0,0.0,,0.0,,0.0,0.0,0.0,0.0,0.0,10.0,0.0,,0.0,0.0,0.0,10.0,20.0,30.0,0.0,0.0,0.0,0.0,0.0,0.0,0.0,0.0,0.0,10.0,0.0,0.0,0.0,10.0,0.0,0.0,0.0,0.0,0.0,0.0,,,,,,,,,,,,,,,,,,
Eryk Williamson,us USA,"MF,FW",Charlotte,28-176,1997,24,4,681,7.6,0.0,0.13,0.13,0.0,0.0,0.0,0.66,0.0,0.04,0.04,0.07,0.11,0.53,6.32,4.34,0.13,0.11,0.11,Matches,2025,7.6,37.0,44.7,82.6,599.1,165.9,0.13,0.12,0.07,0.92,4.21,1.18,0.0,0.0,0.39,0.0,0.0,0.4,0.0,0.0,,17.2,0.0,0.0,0.0,0.12,-0.04,-0.04,54.2,1.84,9.08,26.7,18.9,3.29,54.2,0.66,23.8,1.58,57.1,31.2,0.13,1.45,1.18,37.2,1.71,1.18,46.2,0.92,0.79,0.53,1.18,2.89,0.53,0.26,2.24,2.26,0.0,0.13,0.0,0.13,0.13,0.0,2.63,1.71,0.13,1.84,1.18,1.18,0.0,0.13,0.0,3.95,0.92,50.0,,,,,,,,,,,,,,,,,
Bruno Wilson,pt POR,DF,SJ Earthquakes,28-342,1996,16,13,1226,13.6,0.07,0.0,0.07,0.07,0.0,0.0,0.29,0.0,0.1,0.1,0.0,0.1,0.44,3.24,0.22,0.07,0.1,0.1,Matches,2025,13.6,44.9,51.5,87.1,952.4,351.6,0.0,0.01,0.0,0.0,2.43,0.0,0.0,0.07,0.51,0.15,28.6,0.51,0.15,0.14,0.5,10.3,0.0,0.0,0.0,0.19,-0.02,-0.02,65.8,10.4,35.9,27.8,2.35,0.96,65.8,0.07,100.0,0.0,0.0,33.5,0.07,0.51,0.0,39.2,1.32,0.66,57.1,0.44,1.47,0.74,2.28,3.6,7.35,0.22,0.81,0.81,0.0,0.0,0.07,0.0,0.0,0.0,1.1,0.51,0.0,0.07,2.28,0.66,0.0,0.0,0.07,3.31,2.13,58.0,,,,,,,,,,,,,,,,,
Henry Wingo,us USA,DF,Toronto FC,30-061,1995,6,5,278,3.1,0.0,0.0,0.0,0.0,0.0,0.0,0.0,0.0,0.0,0.0,0.03,0.03,1.29,1.94,1.94,0.0,0.05,0.05,Matches,2025,3.1,43.5,53.2,81.8,818.1,295.2,0.0,0.0,-0.03,0.32,7.1,0.0,0.0,0.0,0.0,0.0,,0.0,0.0,,,,0.0,0.0,0.0,,0.0,0.0,62.6,3.55,28.1,27.7,7.1,0.0,62.6,0.32,25.0,0.97,75.0,33.2,0.0,0.97,0.65,42.9,1.29,0.97,50.0,0.65,0.65,0.65,0.65,1.94,4.19,0.32,1.29,1.29,0.0,0.0,0.0,0.0,0.0,0.0,1.61,0.0,0.32,1.29,0.65,0.97,0.0,0.32,0.0,3.23,1.29,50.0,,,,,,,,,,,,,,,,,
Hannes Wolf,at AUT,"FW,MF",NYCFC,26-232,1999,33,32,2630,29.2,0.38,0.17,0.55,0.38,0.0,0.0,0.07,0.0,0.23,0.23,0.12,0.35,3.12,3.94,10.5,0.55,0.35,0.35,Matches,2025,29.2,29.5,39.5,74.8,387.8,99.2,0.17,0.12,0.05,1.2,1.2,1.88,0.34,0.38,2.09,0.68,32.8,2.09,0.68,0.18,0.55,15.6,0.07,0.0,0.0,0.11,0.15,0.15,52.0,0.99,6.16,18.7,27.6,5.07,52.0,1.1,35.6,1.95,63.3,31.2,1.82,1.99,1.4,36.1,1.92,1.27,46.0,1.16,1.13,1.06,0.72,2.64,0.92,0.0,2.64,2.64,0.1,0.07,0.03,0.38,0.38,0.0,1.2,0.86,0.24,1.85,0.72,1.27,0.0,0.0,0.0,4.76,0.24,31.8,,,,,,,,,,,,,,,,,
Owen Wolff,us USA,"MF,FW",Austin,20-339,2004,34,31,2585,28.7,0.24,0.24,0.49,0.24,0.0,0.0,0.17,0.0,0.13,0.13,0.21,0.33,2.44,4.36,5.33,0.49,0.33,0.33,Matches,2025,28.7,33.7,42.1,80.1,547.9,162.5,0.24,0.2,0.03,2.23,2.86,1.46,0.42,0.24,1.05,0.31,30.0,1.04,0.31,0.23,0.78,18.2,0.03,0.0,0.0,0.12,0.12,0.12,52.4,1.25,6.86,22.1,24.2,1.78,52.4,1.29,47.4,1.32,48.7,28.6,0.38,2.13,1.43,35.3,1.67,0.94,54.1,0.59,1.22,1.15,1.01,2.68,0.94,0.03,3.76,3.76,0.1,0.21,0.07,0.49,0.49,0.0,1.57,1.25,0.07,5.19,1.01,0.94,0.0,0.0,0.0,4.49,0.28,25.8,,,,,,,,,,,,,,,,,
Tyler Wolff,us USA,"FW,MF",Real Salt Lake,22-294,2003,13,2,363,4.0,0.0,0.0,0.0,0.0,0.0,0.0,0.25,0.0,0.07,0.07,0.13,0.2,2.5,1.75,6.5,0.0,0.21,0.21,Matches,2025,4.0,20.8,29.5,70.3,335.8,90.5,0.0,0.07,-0.13,1.5,1.5,0.5,0.25,0.0,1.0,0.25,25.0,0.99,0.25,0.0,0.0,10.5,0.0,0.0,0.0,0.07,-0.07,-0.07,42.5,2.0,9.25,15.0,19.8,3.5,42.5,1.5,60.0,0.75,30.0,26.0,1.0,3.25,1.25,27.5,3.0,1.5,100.0,0.0,1.5,1.25,1.0,4.0,2.0,0.0,2.75,2.73,0.25,0.75,0.0,0.0,0.0,0.0,1.0,1.5,0.25,2.5,1.0,1.5,0.0,0.0,0.0,4.5,0.75,37.5,,,,,,,,,,,,,,,,,
Elijah Wynder,us USA,MF,LA Galaxy,22-269,2003,18,11,958,10.6,0.19,0.0,0.19,0.19,0.0,0.0,0.28,0.0,0.12,0.12,0.05,0.17,1.89,3.68,4.25,0.19,0.17,0.17,Matches,2025,10.6,32.3,39.3,82.0,477.5,111.7,0.0,0.08,-0.05,0.85,2.45,0.66,0.09,0.19,0.94,0.47,50.0,0.94,0.47,0.2,0.4,20.5,0.0,0.0,0.0,0.13,0.07,0.07,49.7,1.42,10.6,26.1,13.5,1.6,49.7,0.75,42.1,0.85,47.4,30.6,0.57,1.98,1.23,38.5,1.51,0.85,42.1,1.04,1.32,1.04,0.66,2.17,0.94,0.0,1.89,1.88,0.0,0.0,0.09,0.28,0.28,0.0,1.23,1.51,0.0,0.57,0.66,0.85,0.0,0.0,0.0,3.21,0.94,33.3,,,,,,,,,,,,,,,,,
Miki Yamane,jp JPN,DF,LA Galaxy,31-347,1993,31,24,2216,24.6,0.04,0.16,0.2,0.04,0.0,0.0,0.16,0.0,0.04,0.04,0.15,0.2,1.95,4.43,6.18,0.2,0.19,0.19,Matches,2025,24.6,52.0,62.1,83.8,789.2,264.4,0.16,0.17,0.02,1.02,3.5,1.26,0.41,0.04,0.45,0.12,27.3,0.45,0.12,0.09,0.33,20.2,0.0,0.0,0.0,0.1,-0.0,-0.0,73.7,3.78,20.4,33.7,20.4,1.99,73.7,0.45,36.7,0.77,63.3,37.2,0.24,1.1,0.37,49.1,2.24,1.46,50.8,1.26,1.67,1.3,1.46,3.7,3.21,0.08,2.15,2.15,0.0,0.04,0.04,0.24,0.24,0.0,0.69,0.41,0.08,1.91,1.46,1.46,0.0,0.04,0.04,3.5,0.53,41.9,,,,,,,,,,,,,,,,,
Dominik Yankov,bg BUL,MF,CF Montréal,25-129,2000,3,0,31,0.3,0.0,0.0,0.0,0.0,0.0,0.0,0.0,0.0,0.33,0.33,0.33,0.67,0.0,6.67,3.33,0.0,0.45,0.45,Matches,2025,0.3,40.0,40.0,100.0,620.0,163.3,0.0,0.33,-0.33,6.67,0.0,3.33,0.0,0.0,3.33,0.0,0.0,2.9,0.0,0.0,,21.2,0.0,0.0,0.0,0.06,-0.33,-0.33,46.7,0.0,6.67,10.0,30.0,3.33,46.7,3.33,50.0,3.33,50.0,46.7,0.0,0.0,3.33,43.3,0.0,0.0,,0.0,0.0,0.0,0.0,0.0,0.0,0.0,6.67,5.81,0.0,0.0,0.0,0.0,0.0,0.0,3.33,3.33,0.0,3.33,0.0,0.0,0.0,0.0,0.0,0.0,0.0,,,,,,,,,,,,,,,,,,
Darren Yapi,us USA,"FW,MF",Colorado Rapids,21-015,2004,29,17,1430,15.9,0.5,0.13,0.63,0.5,0.0,0.0,0.31,0.0,0.32,0.32,0.08,0.4,1.26,1.51,5.6,0.63,0.4,0.4,Matches,2025,15.9,13.3,20.1,66.5,158.8,36.2,0.13,0.05,0.04,1.01,1.19,0.44,0.0,0.5,1.82,0.94,51.7,1.83,0.94,0.28,0.53,12.6,0.0,0.0,0.0,0.18,0.18,0.18,31.6,1.13,3.27,12.1,16.5,4.53,31.6,0.88,34.1,1.51,58.5,16.5,0.57,2.33,2.01,22.6,1.07,0.82,40.0,0.75,0.69,0.63,0.13,1.19,1.07,0.0,2.2,2.2,0.06,0.25,0.06,0.31,0.31,0.0,1.26,1.64,0.69,0.06,0.13,0.82,0.13,0.0,0.0,1.89,3.71,48.0,,,,,,,,,,,,,,,,,
Joshua Yaro,gh GHA,DF,St. Louis,31-016,1994,18,14,1267,14.1,0.07,0.0,0.07,0.07,0.0,0.0,0.07,0.0,0.03,0.03,0.0,0.03,0.43,2.34,0.07,0.07,0.03,0.03,Matches,2025,14.1,39.4,44.8,88.0,706.0,243.6,0.0,0.01,0.0,0.07,1.91,0.07,0.07,0.07,0.21,0.07,33.3,0.21,0.07,0.33,1.0,11.0,0.0,0.0,0.0,0.13,0.04,0.04,56.8,7.59,34.0,21.1,1.91,0.21,56.8,0.14,40.0,0.21,60.0,30.8,0.0,0.78,0.14,35.7,0.99,0.57,83.3,0.14,1.56,0.78,1.21,2.2,5.6,0.21,0.78,0.78,0.0,0.07,0.0,0.0,0.0,0.0,0.35,0.28,0.0,0.14,1.21,0.57,0.0,0.07,0.07,4.11,0.99,35.9,,,,,,,,,,,,,,,,,
Patrick Yazbek,au AUS,MF,Nashville SC,23-243,2002,32,24,2103,23.4,0.04,0.0,0.04,0.04,0.0,0.0,0.26,0.0,0.05,0.05,0.03,0.08,1.07,3.59,1.62,0.04,0.08,0.08,Matches,2025,23.4,47.9,54.0,88.8,822.2,208.5,0.0,0.04,-0.03,0.64,3.8,0.43,0.09,0.04,0.47,0.13,27.3,0.47,0.13,0.09,0.33,21.0,0.0,0.0,0.0,0.1,-0.0,-0.0,62.6,2.14,15.8,36.6,10.6,0.81,62.6,0.77,62.1,0.47,37.9,35.6,0.3,0.77,0.51,46.8,1.75,0.94,42.3,1.28,1.45,0.85,0.9,2.65,1.07,0.04,1.58,1.58,0.04,0.0,0.04,0.26,0.26,0.0,1.67,0.38,0.04,0.56,0.9,0.94,0.0,0.04,0.0,3.68,0.34,50.0,,,,,,,,,,,,,,,,,
Kelvin Yeboah,it ITA,FW,Minnesota Utd,25-212,2000,30,23,2042,22.7,0.4,0.0,0.4,0.26,0.13,0.13,0.13,0.0,0.44,0.34,0.04,0.38,1.72,1.23,5.42,0.26,0.49,0.38,Matches,2025,22.7,10.6,16.0,66.4,138.6,27.3,0.0,0.07,-0.04,0.62,0.48,0.53,0.0,0.4,2.6,1.28,49.2,2.6,1.28,0.1,0.21,15.5,0.13,0.13,0.13,0.13,-0.05,-0.08,27.0,0.53,2.56,10.4,14.3,4.1,26.9,1.06,44.4,1.19,50.0,15.7,1.06,2.78,1.67,20.2,0.53,0.48,22.2,0.31,0.79,0.62,0.09,0.62,0.35,0.0,1.81,1.81,0.22,0.13,0.0,0.22,0.22,0.0,1.94,1.37,0.35,0.4,0.09,0.48,0.04,0.0,0.0,2.07,2.64,46.2,,,,,,,,,,,,,,,,,
Yaw Yeboah,gh GHA,"MF,FW",LAFC,28-251,1997,17,4,462,5.1,0.2,0.0,0.2,0.2,0.0,0.0,0.2,0.0,0.06,0.06,0.16,0.22,0.78,3.33,5.49,0.19,0.21,0.21,Matches,2025,5.1,39.2,45.7,85.8,606.3,134.3,0.0,0.04,-0.16,0.98,3.53,0.39,0.0,0.2,1.37,0.2,14.3,1.36,0.19,0.14,1.0,25.7,0.0,0.0,0.0,0.04,0.14,0.14,61.2,1.96,10.2,33.1,18.6,1.18,61.2,2.16,55.0,1.18,30.0,37.8,0.2,3.33,1.37,43.5,2.16,1.18,42.9,0.78,1.96,1.96,0.98,3.14,0.98,0.0,1.96,1.95,0.2,0.0,0.0,0.2,0.19,0.0,0.39,2.35,0.0,0.59,0.98,1.18,0.0,0.0,0.0,5.88,0.39,33.3,,,,,,,,,,,,,,,,,
DeAndre Yedlin,us USA,DF,FC Cincinnati,32-148,1993,27,22,1971,21.9,0.0,0.18,0.18,0.0,0.0,0.0,0.23,0.0,0.02,0.02,0.11,0.12,1.32,2.69,5.16,0.18,0.13,0.13,Matches,2025,21.9,36.6,45.6,80.3,607.0,202.6,0.18,0.09,0.08,1.1,2.05,0.64,0.18,0.0,0.27,0.09,33.3,0.27,0.09,0.0,0.0,15.6,0.0,0.0,0.0,0.08,-0.02,-0.02,55.5,3.2,17.2,23.6,15.0,1.6,55.5,0.37,42.1,0.41,47.4,25.1,0.27,0.91,0.23,32.4,1.87,1.19,60.6,0.59,1.28,1.14,0.59,2.47,2.6,0.14,2.15,2.15,0.05,0.09,0.05,0.18,0.18,0.0,1.0,0.68,0.23,1.55,0.59,1.19,0.0,0.0,0.0,3.24,0.96,51.2,,,,,,,,,,,,,,,,,
DeAndre Yedlin,us USA,DF,Real Salt Lake,32-148,1993,7,7,630,7.0,0.14,0.0,0.14,0.14,0.0,0.0,0.43,0.0,0.03,0.03,0.03,0.06,1.0,6.43,5.43,0.14,0.05,0.05,Matches,2025,7.0,57.0,67.1,84.9,939.9,344.3,0.0,0.07,-0.03,0.71,6.43,1.0,0.29,0.14,0.43,0.14,33.3,0.43,0.14,0.33,1.0,25.3,0.0,0.0,0.0,0.05,0.11,0.11,77.9,4.86,21.4,36.9,19.9,0.71,77.9,0.43,75.0,0.14,25.0,44.1,0.14,0.71,0.43,51.4,1.43,0.86,66.7,0.43,1.71,1.43,1.14,2.57,2.86,0.14,3.14,3.14,0.0,0.0,0.0,0.0,0.0,0.0,1.0,0.43,0.0,1.86,1.14,0.86,0.0,0.0,0.0,3.43,0.86,37.5,,,,,,,,,,,,,,,,,
Maya Yoshida,jp JPN,DF,LA Galaxy,37-102,1988,28,26,2345,26.1,0.08,0.0,0.08,0.08,0.0,0.0,0.11,0.0,0.11,0.11,0.04,0.15,0.23,3.3,0.31,0.08,0.15,0.15,Matches,2025,26.1,71.5,77.1,92.7,1288.4,505.1,0.0,0.03,-0.04,0.31,4.56,0.19,0.0,0.08,0.77,0.19,25.0,0.77,0.19,0.1,0.4,10.9,0.0,0.0,0.0,0.15,-0.03,-0.03,88.2,12.2,43.0,42.3,3.18,1.23,88.2,0.19,71.4,0.08,28.6,52.9,0.04,0.38,0.0,66.7,0.88,0.54,40.0,0.34,1.88,0.57,1.11,1.99,5.13,0.08,1.15,1.15,0.0,0.04,0.04,0.15,0.15,0.0,0.61,0.5,0.15,0.0,1.11,0.54,0.04,0.04,0.04,3.56,2.45,65.3,,,,,,,,,,,,,,,,,
Jackson Yueill,us USA,MF,NE Revolution,28-260,1997,14,8,726,8.1,0.0,0.0,0.0,0.0,0.0,0.0,0.12,0.0,0.01,0.01,0.02,0.04,0.25,1.98,1.98,0.0,0.04,0.04,Matches,2025,8.1,49.1,56.5,86.9,793.7,199.6,0.0,0.02,-0.02,0.86,2.84,0.12,0.0,0.0,0.37,0.0,0.0,0.37,0.0,0.0,,27.7,0.0,0.0,0.0,0.02,-0.01,-0.01,63.8,2.35,15.1,39.0,10.4,0.86,63.8,0.37,75.0,0.12,25.0,38.5,0.0,1.23,0.62,44.9,1.23,0.49,40.0,0.74,0.74,0.62,1.23,2.47,1.11,0.0,1.73,1.74,0.0,0.0,0.12,0.0,0.0,0.0,0.49,1.11,0.12,1.73,1.23,0.49,0.0,0.0,0.0,4.44,0.25,25.0,,,,,,,,,,,,,,,,,
Alhassan Yusuf,ng NGA,MF,NE Revolution,25-139,2000,34,32,2934,32.6,0.06,0.03,0.09,0.06,0.0,0.0,0.15,0.0,0.06,0.06,0.07,0.13,1.99,6.35,2.33,0.09,0.14,0.14,Matches,2025,32.6,49.9,56.9,87.7,805.1,199.8,0.03,0.06,-0.04,1.01,4.82,0.74,0.03,0.06,0.77,0.18,24.0,0.77,0.18,0.08,0.33,20.9,0.0,0.0,0.0,0.08,-0.0,-0.0,66.7,1.99,15.2,38.9,13.6,1.38,66.7,0.95,57.4,0.67,40.7,38.4,0.31,1.2,1.04,45.5,2.27,1.35,41.4,1.26,1.07,1.01,1.35,3.62,1.04,0.06,2.45,2.45,0.03,0.06,0.0,0.15,0.15,0.0,1.63,1.26,0.06,0.46,1.35,1.35,0.0,0.0,0.0,6.38,0.83,46.6,,,,,,,,,,,,,,,,,
Wilfried Zaha,ci CIV,"FW,MF",Charlotte,33-024,1992,31,31,2737,30.4,0.33,0.16,0.49,0.26,0.07,0.1,0.36,0.03,0.26,0.18,0.17,0.35,3.36,4.87,8.91,0.43,0.43,0.35,Matches,2025,30.4,34.4,41.3,83.5,554.5,119.2,0.16,0.16,-0.0,1.28,2.37,2.37,0.16,0.33,1.64,0.82,50.0,1.64,0.82,0.16,0.32,17.3,0.03,0.07,0.1,0.11,0.07,0.08,55.2,0.79,5.2,24.1,26.5,4.08,55.1,2.2,38.1,3.03,52.3,39.5,1.68,2.76,2.57,45.8,1.12,0.82,32.5,0.89,0.89,0.86,0.23,1.35,0.63,0.07,3.32,3.32,0.33,0.26,0.0,0.59,0.59,0.03,1.68,4.05,0.33,1.09,0.23,0.82,0.1,0.0,0.0,3.88,0.13,28.6,,,,,,,,,,,,,,,,,
Joseph Zalinsky,us USA,DF,St. Louis,22-335,2003,7,2,221,2.5,0.0,0.0,0.0,0.0,0.0,0.0,0.8,0.0,0.0,0.0,0.12,0.12,1.6,4.0,6.0,0.0,0.11,0.11,Matches,2025,2.5,39.2,47.6,82.4,627.2,200.0,0.0,0.28,-0.12,1.2,2.0,1.2,0.8,0.0,0.0,0.0,,0.0,0.0,,,,0.0,0.0,0.0,,0.0,0.0,62.0,2.0,14.8,28.0,19.6,1.6,62.0,0.4,33.3,0.8,66.7,29.6,0.4,2.8,0.8,33.6,4.8,3.6,60.0,1.6,2.4,1.2,2.0,6.8,1.2,0.0,2.4,2.44,0.0,0.0,0.0,0.0,0.0,0.0,3.2,2.8,0.0,2.4,2.0,3.6,0.0,0.0,0.0,4.0,2.0,83.3,,,,,,,,,,,,,,,,,
Eriq Zavaleta,sv SLV,DF,LA Galaxy,33-124,1992,5,1,144,1.6,0.0,0.0,0.0,0.0,0.0,0.0,0.0,0.0,0.0,0.0,0.0,0.0,0.63,0.0,0.63,0.0,0.0,0.0,Matches,2025,1.6,50.6,56.3,90.0,806.3,287.5,0.0,0.06,0.0,0.0,0.63,0.0,0.0,0.0,0.0,0.0,,0.0,0.0,,,,0.0,0.0,0.0,,0.0,0.0,63.8,15.6,44.4,18.1,1.25,1.25,63.8,0.0,,0.0,,33.8,0.0,0.0,0.0,43.8,1.25,1.25,66.7,0.63,1.25,0.0,1.25,2.5,3.75,0.0,0.63,0.62,0.0,0.0,0.0,0.0,0.0,0.0,0.0,0.0,0.0,0.0,1.25,1.25,0.0,0.0,0.0,1.25,0.63,50.0,,,,,,,,,,,,,,,,,
Sean Zawadzki,us USA,"DF,MF",Columbus Crew,25-227,2000,27,27,2430,27.0,0.07,0.0,0.07,0.07,0.0,0.0,0.19,0.0,0.04,0.04,0.03,0.07,0.44,5.04,1.04,0.07,0.07,0.07,Matches,2025,27.0,65.4,70.5,92.7,1098.6,514.0,0.0,0.07,-0.03,0.48,4.96,0.3,0.0,0.07,0.37,0.11,30.0,0.37,0.11,0.2,0.67,20.8,0.04,0.0,0.0,0.1,0.04,0.04,80.5,9.11,37.1,38.0,5.85,1.0,80.5,0.15,50.0,0.11,37.5,48.8,0.04,0.74,0.22,54.5,2.0,1.15,70.0,0.33,1.19,0.67,0.93,2.93,3.78,0.11,1.07,1.07,0.04,0.04,0.04,0.0,0.0,0.0,0.96,1.3,0.07,0.11,0.93,1.15,0.0,0.0,0.04,5.22,1.59,60.6,,,,,,,,,,,,,,,,,
Walker Zimmerman,us USA,DF,Nashville SC,32-199,1993,21,16,1532,17.0,0.0,0.12,0.12,0.0,0.0,0.0,0.18,0.0,0.12,0.12,0.06,0.18,0.0,2.59,0.35,0.12,0.18,0.18,Matches,2025,17.0,54.5,60.1,90.6,1006.5,425.9,0.12,0.02,0.05,0.47,3.0,0.12,0.0,0.0,1.41,0.24,16.7,1.41,0.23,0.0,0.0,10.3,0.0,0.0,0.0,0.08,-0.12,-0.12,72.4,12.3,42.1,27.5,2.82,1.94,72.4,0.0,,0.0,,41.6,0.0,0.53,0.18,49.8,1.35,0.82,68.8,0.29,1.0,0.24,1.35,2.71,5.88,0.12,1.41,1.41,0.0,0.06,0.0,0.12,0.12,0.0,1.0,0.76,0.0,0.12,1.35,0.82,0.06,0.06,0.0,3.59,2.29,76.5,,,,,,,,,,,,,,,,,
Philip Zinckernagel,dk DEN,"FW,MF",Chicago Fire,30-353,1994,32,31,2516,28.0,0.54,0.43,0.96,0.54,0.0,0.0,0.21,0.0,0.25,0.25,0.27,0.52,3.64,3.32,7.54,0.97,0.52,0.52,Matches,2025,28.0,25.3,37.0,68.4,393.3,130.4,0.43,0.26,0.16,2.29,1.75,1.29,0.14,0.54,2.64,1.07,40.5,2.65,1.07,0.2,0.5,20.9,0.32,0.0,0.0,0.09,0.29,0.29,48.9,0.61,5.18,18.0,26.7,4.64,48.9,2.32,48.1,2.29,47.4,29.5,1.57,2.36,1.96,33.9,1.5,1.0,32.7,1.18,0.64,0.57,0.18,1.68,0.29,0.07,5.11,5.12,0.75,0.21,0.11,0.75,0.75,0.0,1.96,1.93,0.21,6.18,0.18,1.0,0.0,0.0,0.0,3.96,0.14,22.2,,,,,,,,,,,,,,,,,
Rida Zouhir,ca CAN,"MF,FW",D.C. United,22-011,2003,15,2,335,3.7,0.0,0.0,0.0,0.0,0.0,0.0,0.27,0.0,0.08,0.08,0.08,0.16,1.08,4.32,1.62,0.0,0.16,0.16,Matches,2025,3.7,46.2,62.4,74.0,839.2,204.3,0.0,0.11,-0.08,0.81,3.51,1.08,0.81,0.0,1.62,0.54,33.3,1.61,0.54,0.0,0.0,22.1,0.27,0.0,0.0,0.06,-0.08,-0.08,76.5,2.7,17.3,39.7,19.5,1.62,76.5,0.54,33.3,1.08,66.7,36.8,0.0,2.16,1.89,45.7,2.7,1.35,58.3,1.35,1.35,1.08,0.81,3.51,2.7,0.0,2.16,2.15,0.0,0.0,0.0,0.54,0.54,0.0,2.43,0.81,0.0,5.41,0.81,1.35,0.0,0.0,0.0,5.14,2.43,56.3,,,,,,,,,,,,,,,,,
Dario Župarić,ba BIH,DF,Portland Timbers,33-215,1992,19,17,1568,17.4,0.0,0.0,0.0,0.0,0.0,0.0,0.23,0.0,0.02,0.02,0.01,0.02,0.17,2.36,0.0,0.0,0.02,0.02,Matches,2025,17.4,43.6,49.5,88.2,823.9,346.8,0.0,0.02,-0.01,0.17,2.41,0.11,0.06,0.0,0.34,0.06,16.7,0.34,0.06,0.0,0.0,13.7,0.0,0.0,0.0,0.06,-0.02,-0.02,61.1,6.55,29.8,29.3,2.47,0.69,61.1,0.17,60.0,0.06,20.0,35.3,0.0,0.17,0.17,38.3,1.38,0.69,57.1,0.52,1.09,0.46,2.07,3.45,5.86,0.0,0.75,0.75,0.0,0.0,0.06,0.0,0.0,0.0,0.98,0.57,0.06,0.11,2.07,0.69,0.0,0.0,0.0,3.16,1.9,62.3,,,,,,,,,,,,,,,,,
Mateja Đorđević,rs SRB,DF,Austin,22-321,2003,4,4,323,3.6,0.0,0.0,0.0,0.0,0.0,0.0,0.56,0.0,0.0,0.0,0.0,0.0,0.0,1.67,0.28,0.0,0.0,0.0,Matches,2025,3.6,30.3,37.2,81.3,631.7,213.3,0.0,0.0,0.0,0.0,1.39,0.0,0.0,0.0,0.0,0.0,,0.0,0.0,,,,0.0,0.0,0.0,,0.0,0.0,46.1,7.22,32.8,12.8,0.56,0.28,46.1,0.0,0.0,0.28,100.0,27.5,0.0,0.0,0.28,32.2,0.28,0.28,0.0,0.28,1.94,1.39,0.28,0.56,5.0,0.0,0.0,0.0,0.0,0.0,0.0,0.0,0.0,0.0,1.11,0.28,0.28,0.0,0.28,0.28,0.0,0.0,0.0,1.94,0.83,60.0,,,,,,,,,,,,,,,,,
Luis Barraza,us USA,GK,D.C. United,29-026,1996,24,24,2090,23.2,0.0,0.04,0.04,0.0,0.0,0.0,0.13,0.04,0.0,0.0,0.0,0.0,0.0,0.0,0.0,0.04,0.0,0.0,Matches,2025,23.2,5.91,17.5,33.7,,,,,,,,,,,,,,,,,,,0.0,,,,,,,,,,,,,,,,,,,,,,,,,,,,,,,,,,,,,,,,,,,,,,,,,,,,1.68,0.09,0.17,0.04,1.52,0.3,-0.12,-0.11,27.8,4.53,43.5,36.6,13.1,0.78,5.9,0.95,0.95
Adam Beaudry,us USA,GK,Colorado Rapids,19-230,2006,1,1,90,1.0,0.0,0.0,0.0,0.0,0.0,0.0,0.0,0.0,0.0,0.0,0.0,0.0,0.0,0.0,0.0,0.0,0.0,0.0,Matches,2025,1.0,4.0,18.0,22.2,,,,,,,,,,,,,,,,,,,0.0,,,,,,,,,,,,,,,,,,,,,,,,,,,,,,,,,,,,,,,,,,,,,,,,,,,,3.0,0.0,0.0,1.0,2.2,0.45,0.2,0.23,21.0,6.0,61.9,46.9,4.0,0.0,0.0,0.0,0.0
David Bingham,us USA,GK,Charlotte,36-046,1989,2,2,180,2.0,0.0,0.0,0.0,0.0,0.0,0.0,0.0,0.0,0.0,0.0,0.0,0.0,0.0,0.0,0.0,0.0,0.0,0.0,Matches,2025,2.0,1.5,9.0,16.7,,,,,,,,,,,,,,,,,,,0.0,,,,,,,,,,,,,,,,,,,,,,,,,,,,,,,,,,,,,,,,,,,,,,,,,,,,1.0,0.0,0.0,0.0,1.2,0.22,0.2,0.21,24.0,4.0,27.1,30.9,18.5,2.0,10.8,0.5,0.5
Andre Blake,jm JAM,GK,Philadelphia Union,35-013,1990,21,21,1827,20.3,0.0,0.0,0.0,0.0,0.0,0.0,0.0,0.0,0.0,0.0,0.0,0.0,0.0,0.0,0.0,0.0,0.0,0.0,Matches,2025,20.3,4.98,10.7,46.3,,,,,,,,,,,,,,,,,,,0.0,,,,,,,,,,,,,,,,,,,,,,,,,,,,,,,,,,,,,,,,,,,,,,,,,,,,0.84,0.1,0.1,0.0,1.06,0.31,0.22,0.22,22.0,2.96,37.2,33.6,10.5,0.44,4.2,1.43,1.43
Jonathan Bond,eng ENG,GK,Houston Dynamo,32-199,1993,26,26,2340,26.0,0.0,0.0,0.0,0.0,0.0,0.0,0.0,0.0,0.0,0.0,0.0,0.0,0.0,0.04,0.0,0.0,0.0,0.0,Matches,2025,26.0,3.58,9.42,38.0,,,,,,,,,,,,,,,,,,,0.04,,,,,,,,,,,,,,,,,,,,,,,,,,,,,,,,,,,,,,,,,,,,,,,,,,,,1.69,0.12,0.19,0.04,1.39,0.31,-0.26,-0.26,25.9,4.19,28.2,29.5,12.2,0.42,3.5,1.42,1.42
Chris Brady,us USA,GK,Chicago Fire,21-276,2004,28,28,2465,27.4,0.0,0.0,0.0,0.0,0.0,0.0,0.11,0.04,0.0,0.0,0.0,0.0,0.0,0.04,0.0,0.0,0.0,0.0,Matches,2025,27.4,2.15,6.5,33.1,,,,,,,,,,,,,,,,,,,0.0,,,,,,,,,,,,,,,,,,,,,,,,,,,,,,,,,,,,,,,,,,,,,,,,,,,,1.86,0.22,0.26,0.07,1.84,0.31,0.05,0.05,26.7,4.64,15.5,25.7,12.4,0.8,6.5,1.06,1.06
Sebastian Breza,ca CAN,GK,CF Montréal,27-264,1998,3,3,270,3.0,0.0,0.0,0.0,0.0,0.0,0.0,0.33,0.0,0.0,0.0,0.0,0.0,0.0,0.0,0.0,0.0,0.0,0.0,Matches,2025,3.0,3.0,9.0,33.3,,,,,,,,,,,,,,,,,,,0.0,,,,,,,,,,,,,,,,,,,,,,,,,,,,,,,,,,,,,,,,,,,,,,,,,,,,3.0,0.0,0.67,0.0,2.7,0.41,-0.3,-0.29,27.0,4.33,29.6,30.7,10.3,2.0,19.4,0.67,0.67
Roman Bürki,ch SUI,GK,St. Louis,35-020,1990,25,25,2250,25.0,0.0,0.0,0.0,0.0,0.0,0.0,0.04,0.0,0.0,0.0,0.0,0.0,0.04,0.36,0.0,0.0,0.0,0.0,Matches,2025,25.0,4.8,12.3,39.0,,,,,,,,,,,,,,,,,,,0.0,,,,,,,,,,,,,,,,,,,,,,,,,,,,,,,,,,,,,,,,,,,,,,,,,,,,1.76,0.28,0.16,0.08,1.75,0.29,0.07,0.07,30.8,4.76,31.8,32.9,13.3,0.6,4.5,1.16,1.16
Evan Bush,us USA,GK,Columbus Crew,39-273,1986,6,6,540,6.0,0.0,0.0,0.0,0.0,0.0,0.0,0.17,0.0,0.0,0.0,0.0,0.0,0.0,0.0,0.0,0.0,0.0,0.0,Matches,2025,6.0,1.17,4.5,25.9,,,,,,,,,,,,,,,,,,,0.0,,,,,,,,,,,,,,,,,,,,,,,,,,,,,,,,,,,,,,,,,,,,,,,,,,,,0.83,0.0,0.17,0.0,0.68,0.27,-0.15,-0.16,29.5,4.17,10.7,22.5,7.83,0.67,8.5,2.5,2.5
Rafael Cabral,br BRA,GK,Real Salt Lake,35-198,1990,34,34,3060,34.0,0.0,0.0,0.0,0.0,0.0,0.0,0.09,0.0,0.0,0.0,0.0,0.0,0.0,0.03,0.0,0.0,0.0,0.0,Matches,2025,34.0,3.62,9.32,38.8,,,,,,,,,,,,,,,,,,,0.0,,,,,,,,,,,,,,,,,,,,,,,,,,,,,,,,,,,,,,,,,,,,,,,,,,,,1.44,0.15,0.21,0.06,1.47,0.31,0.09,0.09,36.0,3.18,20.3,27.4,11.0,0.26,2.4,1.68,1.68
Drake Callender,us USA,GK,Inter Miami,28-058,1997,3,2,185,2.1,0.0,0.0,0.0,0.0,0.0,0.0,0.0,0.0,0.0,0.0,0.0,0.0,0.0,0.0,0.0,0.0,0.0,0.0,Matches,2025,2.1,4.76,8.1,58.8,,,,,,,,,,,,,,,,,,,0.0,,,,,,,,,,,,,,,,,,,,,,,,,,,,,,,,,,,,,,,,,,,,,,,,,,,,2.38,0.0,0.0,0.0,2.24,0.36,-0.14,-0.17,27.1,4.76,22.8,30.7,7.14,0.0,0.0,1.43,1.46
Roman Celentano,us USA,GK,FC Cincinnati,25-081,2000,30,30,2700,30.0,0.0,0.0,0.0,0.0,0.0,0.0,0.03,0.0,0.0,0.0,0.0,0.0,0.0,0.0,0.0,0.0,0.0,0.0,Matches,2025,30.0,3.37,9.8,34.4,,,,,,,,,,,,,,,,,,,0.0,,,,,,,,,,,,,,,,,,,,,,,,,,,,,,,,,,,,,,,,,,,,,,,,,,,,1.2,0.13,0.07,0.07,1.24,0.28,0.11,0.11,24.0,4.7,30.0,31.5,14.7,0.7,4.8,0.4,0.4
Michael Collodi,us USA,GK,FC Dallas,24-193,2001,9,9,735,8.2,0.0,0.0,0.0,0.0,0.0,0.0,0.0,0.12,0.0,0.0,0.0,0.0,0.0,0.0,0.0,0.0,0.0,0.0,Matches,2025,8.2,6.59,20.9,31.6,,,,,,,,,,,,,,,,,,,0.12,,,,,,,,,,,,,,,,,,,,,,,,,,,,,,,,,,,,,,,,,,,,,,,,,,,,0.98,0.12,0.0,0.0,1.27,0.26,0.29,0.29,27.3,3.9,50.4,40.4,17.9,1.46,8.2,1.59,1.59
Carlos Coronel,py PAR,GK,NY Red Bulls,28-340,1996,31,31,2790,31.0,0.0,0.0,0.0,0.0,0.0,0.0,0.0,0.0,0.0,0.0,0.0,0.0,0.0,0.03,0.0,0.0,0.0,0.0,Matches,2025,31.0,3.03,12.1,25.0,,,,,,,,,,,,,,,,,,,0.03,,,,,,,,,,,,,,,,,,,,,,,,,,,,,,,,,,,,,,,,,,,,,,,,,,,,1.35,0.06,0.13,0.06,1.54,0.33,0.25,0.25,27.0,4.9,33.1,32.1,11.7,0.77,6.6,1.87,1.87
Maxime Crépeau,ca CAN,GK,Portland Timbers,31-207,1994,15,15,1350,15.0,0.0,0.0,0.0,0.0,0.0,0.0,0.0,0.0,0.0,0.0,0.0,0.0,0.0,0.0,0.0,0.0,0.0,0.0,Matches,2025,15.0,4.2,11.7,36.0,,,,,,,,,,,,,,,,,,,0.0,,,,,,,,,,,,,,,,,,,,,,,,,,,,,,,,,,,,,,,,,,,,,,,,,,,,1.47,0.0,0.13,0.0,1.36,0.29,-0.11,-0.1,29.3,5.0,29.2,31.6,10.6,0.6,5.7,0.67,0.67
Daniel,br BRA,GK,SJ Earthquakes,31-212,1994,29,29,2495,27.7,0.0,0.0,0.0,0.0,0.0,0.0,0.11,0.0,0.0,0.0,0.0,0.0,0.0,0.0,0.0,0.0,0.0,0.0,Matches,2025,27.7,3.61,11.3,32.1,,,,,,,,,,,,,,,,,,,0.0,,,,,,,,,,,,,,,,,,,,,,,,,,,,,,,,,,,,,,,,,,,,,,,,,,,,1.81,0.04,0.18,0.07,1.83,0.35,0.1,0.1,25.3,4.37,33.8,34.1,12.4,0.65,5.2,1.59,1.59
C.J. dos Santos,us USA,GK,San Diego FC,25-102,2000,30,30,2700,30.0,0.0,0.0,0.0,0.0,0.0,0.0,0.03,0.0,0.0,0.0,0.0,0.0,0.0,0.07,0.0,0.0,0.0,0.0,Matches,2025,30.0,1.2,3.57,33.6,,,,,,,,,,,,,,,,,,,0.0,,,,,,,,,,,,,,,,,,,,,,,,,,,,,,,,,,,,,,,,,,,,,,,,,,,,1.27,0.17,0.1,0.03,1.31,0.29,0.07,0.07,29.6,4.57,9.7,21.9,9.1,0.6,6.6,1.53,1.53
Earl Edwards Jr.,us USA,GK,SJ Earthquakes,33-314,1992,7,5,565,6.3,0.0,0.0,0.0,0.0,0.0,0.0,0.16,0.0,0.0,0.0,0.0,0.0,0.0,0.16,0.0,0.0,0.0,0.0,Matches,2025,6.3,3.97,11.9,33.3,,,,,,,,,,,,,,,,,,,0.0,,,,,,,,,,,,,,,,,,,,,,,,,,,,,,,,,,,,,,,,,,,,,,,,,,,,2.06,0.16,0.16,0.0,1.49,0.34,-0.57,-0.57,22.7,5.56,42.0,36.4,9.84,0.16,1.6,1.59,1.59
Jordan Farr,us USA,GK,D.C. United,31-060,1994,3,2,248,2.8,0.0,0.0,0.0,0.0,0.0,0.0,0.0,0.0,0.0,0.0,0.0,0.0,0.0,0.0,0.0,0.0,0.0,0.0,Matches,2025,2.8,7.5,16.4,45.7,,,,,,,,,,,,,,,,,,,0.0,,,,,,,,,,,,,,,,,,,,,,,,,,,,,,,,,,,,,,,,,,,,,,,,,,,,2.86,0.0,0.36,0.36,1.96,0.33,-0.54,-0.54,25.4,3.57,52.1,39.6,14.6,0.36,2.4,3.21,3.27
Matt Freese,us USA,GK,NYCFC,27-093,1998,31,31,2766,30.7,0.0,0.0,0.0,0.0,0.0,0.0,0.1,0.0,0.0,0.0,0.0,0.0,0.0,0.0,0.0,0.0,0.0,0.0,Matches,2025,30.7,1.69,6.55,25.9,,,,,,,,,,,,,,,,,,,0.0,,,,,,,,,,,,,,,,,,,,,,,,,,,,,,,,,,,,,,,,,,,,,,,,,,,,1.37,0.1,0.13,0.1,1.37,0.3,0.1,0.1,24.5,5.96,19.4,27.2,11.8,0.65,5.5,1.5,1.5
Stefan Frei,ch SUI,GK,Seattle Sounders,39-228,1986,26,26,2340,26.0,0.0,0.0,0.0,0.0,0.0,0.0,0.0,0.0,0.0,0.0,0.0,0.0,0.0,0.0,0.0,0.0,0.0,0.0,Matches,2025,26.0,3.54,9.88,35.8,,,,,,,,,,,,,,,,,,,0.08,,,,,,,,,,,,,,,,,,,,,,,,,,,,,,,,,,,,,,,,,,,,,,,,,,,,1.19,0.12,0.19,0.12,1.14,0.26,0.06,0.06,22.8,4.0,34.6,33.6,11.8,0.62,5.2,0.62,0.62
Jeffrey Gal,us USA,GK,Chicago Fire,32-242,1993,7,6,591,6.6,0.0,0.0,0.0,0.0,0.0,0.0,0.0,0.0,0.0,0.0,0.0,0.0,0.0,0.0,0.0,0.0,0.0,0.0,Matches,2025,6.6,2.88,7.88,36.5,,,,,,,,,,,,,,,,,,,0.0,,,,,,,,,,,,,,,,,,,,,,,,,,,,,,,,,,,,,,,,,,,,,,,,,,,,1.36,0.15,0.0,0.15,0.94,0.29,-0.27,-0.27,22.6,4.09,21.5,26.4,11.1,1.06,9.6,0.45,0.46
Pedro Gallese,pe PER,GK,Orlando City,35-284,1990,32,32,2880,32.0,0.0,0.03,0.03,0.0,0.0,0.0,0.19,0.0,0.0,0.0,0.01,0.01,0.0,0.06,0.0,0.03,0.01,0.01,Matches,2025,32.0,3.94,9.69,40.6,,,,,,,,,,,,,,,,,,,0.06,,,,,,,,,,,,,,,,,,,,,,,,,,,,,,,,,,,,,,,,,,,,,,,,,,,,1.53,0.09,0.09,0.03,1.62,0.32,0.12,0.12,18.7,2.59,39.5,34.2,14.2,0.66,4.6,1.22,1.22
Luka Gavran,ca CAN,GK,Toronto FC,25-209,2000,3,3,270,3.0,0.0,0.0,0.0,0.0,0.0,0.0,0.0,0.0,0.0,0.0,0.0,0.0,0.0,0.0,0.0,0.0,0.0,0.0,Matches,2025,3.0,3.33,14.0,23.8,,,,,,,,,,,,,,,,,,,0.0,,,,,,,,,,,,,,,,,,,,,,,,,,,,,,,,,,,,,,,,,,,,,,,,,,,,1.0,0.0,0.0,0.0,0.7,0.23,-0.3,-0.31,29.0,3.67,43.7,37.9,15.3,1.0,6.5,1.0,1.0
Thomas Gillier,cl CHI,GK,CF Montréal,21-190,2004,8,8,720,8.0,0.0,0.0,0.0,0.0,0.0,0.0,0.25,0.0,0.0,0.0,0.0,0.0,0.0,0.0,0.0,0.0,0.0,0.0,Matches,2025,8.0,1.25,6.5,19.2,,,,,,,,,,,,,,,,,,,0.0,,,,,,,,,,,,,,,,,,,,,,,,,,,,,,,,,,,,,,,,,,,,,,,,,,,,1.5,0.0,0.38,0.0,1.6,0.36,0.1,0.11,32.1,4.0,18.3,26.7,11.6,0.75,6.5,1.25,1.25
Blake Gillingham,us USA,GK,Houston Dynamo,23-054,2002,4,3,294,3.3,0.0,0.0,0.0,0.0,0.0,0.0,0.0,0.0,0.0,0.0,0.0,0.0,0.0,0.0,0.0,0.0,0.0,0.0,Matches,2025,3.3,2.42,11.8,20.5,,,,,,,,,,,,,,,,,,,0.3,,,,,,,,,,,,,,,,,,,,,,,,,,,,,,,,,,,,,,,,,,,,,,,,,,,,1.21,0.0,0.0,0.0,1.85,0.41,0.64,0.64,25.2,5.45,32.5,33.3,13.3,0.61,4.5,1.21,1.22
Brad Guzan,us USA,GK,Atlanta Utd,41-086,1984,26,26,2340,26.0,0.0,0.0,0.0,0.0,0.0,0.0,0.04,0.0,0.0,0.0,0.0,0.0,0.0,0.0,0.0,0.0,0.0,0.0,Matches,2025,26.0,4.12,9.77,42.1,,,,,,,,,,,,,,,,,,,0.08,,,,,,,,,,,,,,,,,,,,,,,,,,,,,,,,,,,,,,,,,,,,,,,,,,,,1.88,0.23,0.19,0.0,1.68,0.29,-0.21,-0.21,25.5,4.73,27.0,30.7,11.2,0.31,2.7,1.27,1.27
Nicholas Hagen,gt GUA,GK,Columbus Crew,29-124,1996,3,3,270,3.0,0.0,0.0,0.0,0.0,0.0,0.0,0.0,0.0,0.0,0.0,0.0,0.0,0.0,0.0,0.0,0.0,0.0,0.0,Matches,2025,3.0,0.0,0.67,0.0,,,,,,,,,,,,,,,,,,,0.0,,,,,,,,,,,,,,,,,,,,,,,,,,,,,,,,,,,,,,,,,,,,,,,,,,,,3.33,0.0,0.33,0.0,3.1,0.43,-0.23,-0.24,17.3,4.33,3.8,18.7,7.67,0.67,8.7,1.33,1.33
Nicholas Hansen,dk DEN,GK,Colorado Rapids,24-147,2001,10,10,900,10.0,0.0,0.0,0.0,0.0,0.0,0.0,0.0,0.0,0.0,0.0,0.0,0.0,0.0,0.0,0.0,0.0,0.0,0.0,Matches,2025,10.0,4.8,18.2,26.4,,,,,,,,,,,,,,,,,,,0.0,,,,,,,,,,,,,,,,,,,,,,,,,,,,,,,,,,,,,,,,,,,,,,,,,,,,1.4,0.2,0.0,0.2,1.42,0.26,0.22,0.22,24.9,3.5,53.0,40.9,12.7,1.6,12.6,2.3,2.3
Thomas Hasal,ca CAN,GK,LAFC,26-148,1999,2,1,135,1.5,0.0,0.0,0.0,0.0,0.0,0.0,0.0,0.0,0.0,0.0,0.0,0.0,0.0,0.0,0.0,0.0,0.0,0.0,Matches,2025,1.5,0.67,10.7,6.3,,,,,,,,,,,,,,,,,,,0.0,,,,,,,,,,,,,,,,,,,,,,,,,,,,,,,,,,,,,,,,,,,,,,,,,,,,3.33,0.0,0.67,0.0,2.07,0.31,-1.27,-1.3,25.3,8.67,23.7,28.9,10.7,2.0,18.8,0.0,0.0
Jayden Hibbert,ca CAN,GK,Atlanta Utd,21-121,2004,8,8,720,8.0,0.0,0.0,0.0,0.0,0.0,0.0,0.13,0.0,0.0,0.0,0.0,0.0,0.0,0.13,0.0,0.0,0.0,0.0,Matches,2025,8.0,2.63,9.25,28.4,,,,,,,,,,,,,,,,,,,0.0,,,,,,,,,,,,,,,,,,,,,,,,,,,,,,,,,,,,,,,,,,,,,,,,,,,,1.75,0.0,0.13,0.0,1.75,0.31,0.0,0.0,27.1,4.5,26.3,30.2,12.5,0.88,7.0,1.13,1.13
Aljaž Ivačič,si SVN,GK,NE Revolution,31-340,1993,24,24,2160,24.0,0.0,0.0,0.0,0.0,0.0,0.0,0.04,0.0,0.0,0.0,0.0,0.0,0.0,0.0,0.0,0.0,0.0,0.0,Matches,2025,24.0,3.46,11.5,30.0,,,,,,,,,,,,,,,,,,,0.0,,,,,,,,,,,,,,,,,,,,,,,,,,,,,,,,,,,,,,,,,,,,,,,,,,,,1.46,0.17,0.17,0.0,1.3,0.29,-0.15,-0.15,18.3,2.38,39.5,35.7,12.2,0.38,3.1,0.46,0.46
Jacob Jackson,us USA,GK,FC Dallas,25-223,2000,4,3,342,3.8,0.0,0.0,0.0,0.0,0.0,0.0,0.26,0.0,0.0,0.0,0.0,0.0,0.0,0.0,0.0,0.0,0.0,0.0,Matches,2025,3.8,6.84,23.4,29.2,,,,,,,,,,,,,,,,,,,0.0,,,,,,,,,,,,,,,,,,,,,,,,,,,,,,,,,,,,,,,,,,,,,,,,,,,,1.05,0.0,0.26,0.26,1.5,0.24,0.71,0.72,21.8,2.89,63.9,46.2,27.9,0.79,2.8,0.79,0.79
Sean Johnson,us USA,GK,Toronto FC,36-187,1989,31,31,2790,31.0,0.0,0.0,0.0,0.0,0.0,0.0,0.03,0.0,0.0,0.0,0.0,0.0,0.0,0.0,0.0,0.0,0.0,0.0,Matches,2025,31.0,3.65,11.0,33.1,,,,,,,,,,,,,,,,,,,0.03,,,,,,,,,,,,,,,,,,,,,,,,,,,,,,,,,,,,,,,,,,,,,,,,,,,,1.32,0.13,0.1,0.0,1.67,0.33,0.35,0.35,22.6,3.77,34.1,33.0,12.7,0.48,3.8,0.68,0.68
Kim Joonhong,kr KOR,GK,D.C. United,22-184,2003,8,8,720,8.0,0.0,0.0,0.0,0.0,0.0,0.0,0.13,0.0,0.0,0.0,0.0,0.0,0.0,0.0,0.0,0.0,0.0,0.0,Matches,2025,8.0,7.38,16.9,43.7,,,,,,,,,,,,,,,,,,,0.0,,,,,,,,,,,,,,,,,,,,,,,,,,,,,,,,,,,,,,,,,,,,,,,,,,,,2.38,0.25,0.38,0.0,2.1,0.38,-0.28,-0.28,26.6,3.75,47.9,39.0,11.6,0.63,5.4,1.88,1.88
Kristijan Kahlina,hr CRO,GK,Charlotte,33-133,1992,32,32,2880,32.0,0.0,0.0,0.0,0.0,0.0,0.0,0.03,0.0,0.0,0.0,0.0,0.0,0.0,0.0,0.0,0.0,0.0,0.0,Matches,2025,32.0,2.94,7.81,37.6,,,,,,,,,,,,,,,,,,,0.03,,,,,,,,,,,,,,,,,,,,,,,,,,,,,,,,,,,,,,,,,,,,,,,,,,,,1.38,0.25,0.06,0.0,1.63,0.27,0.26,0.26,26.5,5.25,21.1,27.9,14.3,0.66,4.6,0.66,0.66
Hugo Lloris,fr FRA,GK,LAFC,38-343,1986,32,32,2835,31.5,0.0,0.0,0.0,0.0,0.0,0.0,0.03,0.0,0.0,0.0,0.0,0.0,0.0,0.0,0.0,0.0,0.0,0.0,Matches,2025,31.5,4.35,11.4,38.1,,,,,,,,,,,,,,,,,,,0.03,,,,,,,,,,,,,,,,,,,,,,,,,,,,,,,,,,,,,,,,,,,,,,,,,,,,1.08,0.1,0.16,0.06,1.0,0.29,-0.02,-0.02,21.7,3.68,40.0,35.6,12.3,0.54,4.4,0.76,0.76
Evan Louro,us USA,GK,FC Cincinnati,29-319,1996,4,4,360,4.0,0.0,0.0,0.0,0.0,0.0,0.0,0.0,0.0,0.0,0.0,0.0,0.0,0.0,0.0,0.0,0.0,0.0,0.0,Matches,2025,4.0,5.0,14.5,34.5,,,,,,,,,,,,,,,,,,,0.0,,,,,,,,,,,,,,,,,,,,,,,,,,,,,,,,,,,,,,,,,,,,,,,,,,,,1.0,0.0,0.0,0.0,1.38,0.28,0.38,0.38,20.8,1.25,38.6,34.0,16.0,0.25,1.6,2.0,2.0
Benjamin Lundt,de GER,GK,St. Louis,30-071,1995,9,9,810,9.0,0.0,0.0,0.0,0.0,0.0,0.0,0.11,0.0,0.0,0.0,0.0,0.0,0.0,0.0,0.0,0.0,0.0,0.0,Matches,2025,9.0,5.56,12.7,43.9,,,,,,,,,,,,,,,,,,,0.0,,,,,,,,,,,,,,,,,,,,,,,,,,,,,,,,,,,,,,,,,,,,,,,,,,,,1.56,0.11,0.22,0.0,1.57,0.29,0.01,0.01,23.3,4.78,32.9,34.6,14.0,0.67,4.8,0.67,0.67
J.T. Marcinkowski,us USA,GK,LA Galaxy,28-209,1997,3,3,270,3.0,0.0,0.0,0.0,0.0,0.0,0.0,0.0,0.0,0.0,0.0,0.0,0.0,0.0,0.0,0.0,0.0,0.0,0.0,Matches,2025,3.0,1.33,8.67,15.4,,,,,,,,,,,,,,,,,,,0.0,,,,,,,,,,,,,,,,,,,,,,,,,,,,,,,,,,,,,,,,,,,,,,,,,,,,1.0,0.0,0.0,0.0,0.9,0.38,-0.1,-0.11,32.7,5.0,23.5,27.8,13.7,1.0,7.3,0.67,0.67
AJ Marcucci,us USA,GK,NY Red Bulls,26-126,1999,2,2,180,2.0,0.0,0.0,0.0,0.0,0.0,0.0,0.0,0.0,0.0,0.0,0.0,0.0,0.0,0.0,0.0,0.0,0.0,0.0,Matches,2025,2.0,2.5,12.0,20.8,,,,,,,,,,,,,,,,,,,0.0,,,,,,,,,,,,,,,,,,,,,,,,,,,,,,,,,,,,,,,,,,,,,,,,,,,,1.0,0.0,0.0,0.0,0.7,0.28,-0.3,-0.31,29.5,5.0,32.2,32.7,8.5,0.5,5.9,2.0,2.0
Jimmy Maurer,us USA,GK,Houston Dynamo,37-051,1988,2,1,120,1.3,0.0,0.0,0.0,0.0,0.0,0.0,0.0,0.0,0.0,0.0,0.0,0.0,0.0,0.0,0.0,0.0,0.0,0.0,Matches,2025,1.3,4.62,15.4,30.0,,,,,,,,,,,,,,,,,,,0.0,,,,,,,,,,,,,,,,,,,,,,,,,,,,,,,,,,,,,,,,,,,,,,,,,,,,0.77,0.0,0.0,0.0,0.62,0.17,-0.15,-0.12,27.7,3.08,38.9,33.3,12.3,0.77,6.3,0.77,0.75
John McCarthy,us USA,GK,NY Red Bulls,33-153,1992,1,1,90,1.0,0.0,0.0,0.0,0.0,0.0,0.0,0.0,0.0,0.0,0.0,0.0,0.0,0.0,0.0,0.0,0.0,0.0,0.0,Matches,2025,1.0,3.0,14.0,21.4,,,,,,,,,,,,,,,,,,,0.0,,,,,,,,,,,,,,,,,,,,,,,,,,,,,,,,,,,,,,,,,,,,,,,,,,,,3.0,0.0,0.0,0.0,2.4,0.41,-0.6,-0.56,26.0,5.0,42.3,37.8,9.0,0.0,0.0,3.0,3.0
John McCarthy,us USA,GK,LA Galaxy,33-153,1992,11,11,990,11.0,0.0,0.0,0.0,0.0,0.0,0.0,0.0,0.0,0.0,0.0,0.0,0.0,0.0,0.0,0.0,0.0,0.0,0.0,Matches,2025,11.0,2.45,11.2,22.0,,,,,,,,,,,,,,,,,,,0.18,,,,,,,,,,,,,,,,,,,,,,,,,,,,,,,,,,,,,,,,,,,,,,,,,,,,2.36,0.27,0.27,0.18,1.88,0.32,-0.3,-0.3,22.3,4.18,39.2,34.7,12.3,0.73,5.9,0.82,0.82
Novak Mićović,rs SRB,GK,LA Galaxy,24-040,2001,20,20,1800,20.0,0.0,0.0,0.0,0.0,0.0,0.0,0.0,0.0,0.0,0.0,0.0,0.0,0.0,0.0,0.0,0.0,0.0,0.0,Matches,2025,20.0,1.85,9.85,18.8,,,,,,,,,,,,,,,,,,,0.0,,,,,,,,,,,,,,,,,,,,,,,,,,,,,,,,,,,,,,,,,,,,,,,,,,,,1.85,0.0,0.1,0.05,1.74,0.36,-0.07,-0.06,25.1,3.6,32.1,31.1,12.3,1.25,10.1,0.25,0.25
David Ochoa,us USA,GK,LAFC,24-322,2001,1,1,90,1.0,0.0,0.0,0.0,0.0,0.0,0.0,0.0,0.0,0.0,0.0,0.0,0.0,0.0,0.0,0.0,0.0,0.0,0.0,Matches,2025,1.0,0.0,1.0,0.0,,,,,,,,,,,,,,,,,,,0.0,,,,,,,,,,,,,,,,,,,,,,,,,,,,,,,,,,,,,,,,,,,,,,,,,,,,1.0,0.0,0.0,0.0,0.9,0.94,-0.1,-0.06,18.0,7.0,5.6,19.8,13.0,0.0,0.0,0.0,0.0
Javier Otero,ve VEN,GK,Orlando City,23-016,2002,2,2,180,2.0,0.0,0.0,0.0,0.0,0.0,0.0,0.5,0.0,0.0,0.0,0.0,0.0,0.0,0.0,0.0,0.0,0.0,0.0,Matches,2025,2.0,2.5,4.5,55.6,,,,,,,,,,,,,,,,,,,0.0,,,,,,,,,,,,,,,,,,,,,,,,,,,,,,,,,,,,,,,,,,,,,,,,,,,,1.0,0.5,0.0,0.0,1.3,0.25,0.3,0.3,16.0,5.0,25.0,26.0,19.5,2.0,10.3,0.5,0.5
Maarten Paes,id IDN,GK,FC Dallas,27-204,1998,22,22,1980,22.0,0.0,0.0,0.0,0.0,0.0,0.0,0.0,0.0,0.0,0.0,0.0,0.0,0.0,0.05,0.0,0.0,0.0,0.0,Matches,2025,22.0,5.5,12.7,43.2,,,,,,,,,,,,,,,,,,,0.0,,,,,,,,,,,,,,,,,,,,,,,,,,,,,,,,,,,,,,,,,,,,,,,,,,,,1.95,0.32,0.14,0.0,1.85,0.34,-0.1,-0.1,24.8,4.05,35.5,33.4,16.8,0.82,4.9,1.41,1.41
James Pantemis,ca CAN,GK,Portland Timbers,28-286,1997,19,19,1710,19.0,0.0,0.0,0.0,0.0,0.0,0.0,0.0,0.0,0.0,0.0,0.0,0.0,0.0,0.0,0.0,0.0,0.0,0.0,Matches,2025,19.0,4.95,11.4,43.3,,,,,,,,,,,,,,,,,,,0.16,,,,,,,,,,,,,,,,,,,,,,,,,,,,,,,,,,,,,,,,,,,,,,,,,,,,1.37,0.16,0.16,0.05,1.36,0.25,0.05,0.05,32.5,3.89,28.2,31.9,15.2,0.63,4.2,1.26,1.26
John Pulskamp,us USA,GK,Sporting KC,24-229,2001,34,34,3060,34.0,0.0,0.06,0.06,0.0,0.0,0.0,0.09,0.0,0.0,0.0,0.01,0.01,0.0,0.0,0.0,0.06,0.01,0.01,Matches,2025,34.0,4.18,14.5,28.8,,,,,,,,,,,,,,,,,,,0.0,,,,,,,,,,,,,,,,,,,,,,,,,,,,,,,,,,,,,,,,,,,,,,,,,,,,2.06,0.21,0.32,0.06,1.77,0.3,-0.23,-0.23,21.0,3.76,43.4,38.0,12.0,0.59,4.9,0.85,0.85
Andrew Rick,us USA,GK,Philadelphia Union,19-308,2006,14,13,1233,13.7,0.0,0.0,0.0,0.0,0.0,0.0,0.07,0.0,0.0,0.0,0.0,0.0,0.0,0.0,0.0,0.0,0.0,0.0,Matches,2025,13.7,5.55,16.1,34.5,,,,,,,,,,,,,,,,,,,0.07,,,,,,,,,,,,,,,,,,,,,,,,,,,,,,,,,,,,,,,,,,,,,,,,,,,,1.31,0.22,0.22,0.0,1.23,0.37,-0.08,-0.08,17.9,2.34,57.6,40.4,10.7,0.22,2.0,0.73,0.73
Rocco Ríos Novo,ar ARG,GK,Inter Miami,23-183,2002,10,7,790,8.8,0.0,0.0,0.0,0.0,0.0,0.0,0.0,0.0,0.0,0.0,0.0,0.0,0.0,0.0,0.0,0.0,0.0,0.0,Matches,2025,8.8,3.18,5.57,57.1,,,,,,,,,,,,,,,,,,,0.0,,,,,,,,,,,,,,,,,,,,,,,,,,,,,,,,,,,,,,,,,,,,,,,,,,,,1.02,0.0,0.23,0.0,1.26,0.37,0.24,0.24,33.4,4.43,12.2,25.7,10.8,0.34,3.2,1.14,1.14
Tomas Romero,sv SLV,GK,NYCFC,24-350,2000,4,3,294,3.3,0.0,0.0,0.0,0.0,0.0,0.0,0.0,0.0,0.0,0.0,0.0,0.0,0.0,0.0,0.0,0.0,0.0,0.0,Matches,2025,3.3,1.82,6.06,30.0,,,,,,,,,,,,,,,,,,,0.0,,,,,,,,,,,,,,,,,,,,,,,,,,,,,,,,,,,,,,,,,,,,,,,,,,,,0.61,0.0,0.0,0.3,1.0,0.35,0.7,0.71,24.2,3.64,11.3,23.8,14.8,0.91,6.1,0.3,0.31
Patrick Schulte,us USA,GK,Columbus Crew,24-266,2001,25,25,2250,25.0,0.0,0.0,0.0,0.0,0.0,0.0,0.12,0.0,0.0,0.0,0.03,0.03,0.0,0.2,0.0,0.0,0.03,0.03,Matches,2025,25.0,2.28,8.0,28.5,,,,,,,,,,,,,,,,,,,0.0,,,,,,,,,,,,,,,,,,,,,,,,,,,,,,,,,,,,,,,,,,,,,,,,,,,,1.44,0.08,0.08,0.04,1.46,0.36,0.06,0.07,32.5,4.72,20.1,26.1,8.88,0.32,3.6,2.08,2.08
Jonathan Sirois,ca CAN,GK,CF Montréal,24-160,2001,23,23,2070,23.0,0.0,0.0,0.0,0.0,0.0,0.0,0.0,0.0,0.0,0.0,0.0,0.0,0.0,0.0,0.0,0.0,0.0,0.0,Matches,2025,23.0,3.48,9.48,36.7,,,,,,,,,,,,,,,,,,,0.0,,,,,,,,,,,,,,,,,,,,,,,,,,,,,,,,,,,,,,,,,,,,,,,,,,,,1.7,0.0,0.22,0.0,1.52,0.31,-0.18,-0.18,35.0,4.35,21.8,28.0,9.26,0.7,7.5,1.22,1.22
Pablo Sisniega,mx MEX,GK,San Diego FC,30-150,1995,4,4,360,4.0,0.0,0.0,0.0,0.0,0.0,0.0,0.0,0.0,0.0,0.0,0.0,0.0,0.0,0.0,0.0,0.0,0.0,0.0,Matches,2025,4.0,0.75,3.0,25.0,,,,,,,,,,,,,,,,,,,0.0,,,,,,,,,,,,,,,,,,,,,,,,,,,,,,,,,,,,,,,,,,,,,,,,,,,,0.75,0.25,0.25,0.25,0.93,0.21,0.42,0.43,31.8,7.0,7.1,19.2,7.5,1.5,20.0,2.0,2.0
Alec Smir,us USA,GK,Minnesota Utd,26-235,1999,2,1,161,1.8,0.0,0.0,0.0,0.0,0.0,0.0,0.56,0.0,0.0,0.0,0.0,0.0,0.0,0.0,0.0,0.0,0.0,0.0,Matches,2025,1.8,5.56,21.1,26.3,,,,,,,,,,,,,,,,,,,0.0,,,,,,,,,,,,,,,,,,,,,,,,,,,,,,,,,,,,,,,,,,,,,,,,,,,,1.67,0.0,0.0,0.0,1.67,0.35,0.0,-0.01,22.2,1.67,70.0,50.3,17.8,0.0,0.0,1.11,1.12
Wessel Speel,nl NED,GK,Minnesota Utd,24-048,2001,3,3,199,2.2,0.0,0.0,0.0,0.0,0.0,0.0,0.0,0.0,0.0,0.0,0.0,0.0,0.0,0.0,0.0,0.0,0.0,0.0,Matches,2025,2.2,5.0,18.6,26.8,,,,,,,,,,,,,,,,,,,0.0,,,,,,,,,,,,,,,,,,,,,,,,,,,,,,,,,,,,,,,,,,,,,,,,,,,,2.73,0.45,0.45,0.0,2.45,0.46,-0.27,-0.28,25.5,0.45,64.3,43.5,14.1,0.45,3.2,0.0,0.0
Dayne St. Clair,ca CAN,GK,Minnesota Utd,28-209,1997,30,30,2700,30.0,0.0,0.0,0.0,0.0,0.0,0.0,0.13,0.0,0.0,0.0,0.0,0.0,0.0,0.03,0.0,0.0,0.0,0.0,Matches,2025,30.0,5.43,17.4,31.2,,,,,,,,,,,,,,,,,,,0.03,,,,,,,,,,,,,,,,,,,,,,,,,,,,,,,,,,,,,,,,,,,,,,,,,,,,1.0,0.07,0.17,0.1,1.22,0.25,0.32,0.32,27.0,3.13,51.9,40.0,18.3,0.6,3.3,0.57,0.57
Zack Steffen,us USA,GK,Colorado Rapids,30-246,1995,23,23,2070,23.0,0.0,0.0,0.0,0.0,0.0,0.0,0.13,0.0,0.0,0.0,0.0,0.0,0.0,0.0,0.0,0.0,0.0,0.0,Matches,2025,23.0,4.48,13.7,32.7,,,,,,,,,,,,,,,,,,,0.0,,,,,,,,,,,,,,,,,,,,,,,,,,,,,,,,,,,,,,,,,,,,,,,,,,,,1.7,0.0,0.26,0.04,1.83,0.33,0.17,0.17,23.7,4.96,41.0,37.0,15.7,0.65,4.1,1.22,1.22
Brad Stuver,us USA,GK,Austin,34-232,1991,34,34,3060,34.0,0.0,0.0,0.0,0.0,0.0,0.0,0.09,0.0,0.0,0.0,0.0,0.0,0.0,0.03,0.0,0.0,0.0,0.0,Matches,2025,34.0,5.06,15.2,33.3,,,,,,,,,,,,,,,,,,,0.06,,,,,,,,,,,,,,,,,,,,,,,,,,,,,,,,,,,,,,,,,,,,,,,,,,,,1.32,0.15,0.06,0.06,1.38,0.25,0.11,0.11,30.9,4.74,33.3,33.0,15.1,0.82,5.4,0.82,0.82
Yohei Takaoka,jp JPN,GK,Vancouver W'caps,29-263,1996,34,34,3060,34.0,0.0,0.0,0.0,0.0,0.0,0.0,0.0,0.0,0.0,0.0,0.0,0.0,0.0,0.03,0.0,0.0,0.0,0.0,Matches,2025,34.0,3.18,9.35,34.0,,,,,,,,,,,,,,,,,,,0.0,,,,,,,,,,,,,,,,,,,,,,,,,,,,,,,,,,,,,,,,,,,,,,,,,,,,1.12,0.12,0.18,0.0,1.09,0.28,-0.03,-0.03,30.6,3.53,21.8,28.7,12.1,0.71,5.9,1.79,1.79
Andrew Tarbell,us USA,GK,Houston Dynamo,32-058,1993,4,4,306,3.4,0.0,0.0,0.0,0.0,0.0,0.0,0.0,0.0,0.0,0.0,0.0,0.0,0.0,0.0,0.0,0.0,0.0,0.0,Matches,2025,3.4,3.53,9.71,36.4,,,,,,,,,,,,,,,,,,,0.0,,,,,,,,,,,,,,,,,,,,,,,,,,,,,,,,,,,,,,,,,,,,,,,,,,,,2.06,0.0,0.0,0.0,1.79,0.41,-0.26,-0.27,24.7,4.41,32.1,30.9,9.12,0.29,3.2,1.18,1.18
Andrew Thomas,ru RUS,GK,Seattle Sounders,27-094,1998,8,8,720,8.0,0.0,0.0,0.0,0.0,0.0,0.0,0.0,0.0,0.0,0.0,0.0,0.0,0.0,0.0,0.0,0.0,0.0,0.0,Matches,2025,8.0,1.38,6.88,20.0,,,,,,,,,,,,,,,,,,,0.0,,,,,,,,,,,,,,,,,,,,,,,,,,,,,,,,,,,,,,,,,,,,,,,,,,,,2.13,0.5,0.25,0.13,1.86,0.27,-0.14,-0.14,18.4,5.25,27.9,30.6,13.3,1.13,8.5,0.25,0.25
Matt Turner,us USA,GK,NE Revolution,31-163,1994,10,10,900,10.0,0.0,0.0,0.0,0.0,0.0,0.0,0.0,0.0,0.0,0.0,0.0,0.0,0.0,0.0,0.0,0.0,0.0,0.0,Matches,2025,10.0,6.2,16.8,36.9,,,,,,,,,,,,,,,,,,,0.0,,,,,,,,,,,,,,,,,,,,,,,,,,,,,,,,,,,,,,,,,,,,,,,,,,,,1.6,0.0,0.0,0.1,1.87,0.36,0.37,0.37,28.9,5.9,38.4,36.5,12.1,1.7,14.0,1.0,1.0
Óscar Ustari,ar ARG,GK,Inter Miami,39-154,1986,25,25,2082,23.1,0.0,0.0,0.0,0.0,0.0,0.0,0.0,0.04,0.0,0.0,0.0,0.0,0.0,0.0,0.0,0.0,0.0,0.0,Matches,2025,23.1,3.9,7.4,52.6,,,,,,,,,,,,,,,,,,,0.0,,,,,,,,,,,,,,,,,,,,,,,,,,,,,,,,,,,,,,,,,,,,,,,,,,,,1.77,0.04,0.26,0.04,1.55,0.31,-0.18,-0.18,33.6,5.45,17.9,26.7,11.0,0.39,3.6,2.29,2.29
Joe Willis,us USA,GK,Nashville SC,37-116,1988,34,34,3060,34.0,0.0,0.0,0.0,0.0,0.0,0.0,0.06,0.0,0.0,0.0,0.0,0.0,0.0,0.0,0.0,0.0,0.0,0.0,Matches,2025,34.0,2.94,8.26,35.6,,,,,,,,,,,,,,,,,,,0.12,,,,,,,,,,,,,,,,,,,,,,,,,,,,,,,,,,,,,,,,,,,,,,,,,,,,1.32,0.09,0.12,0.03,1.32,0.31,0.03,0.03,28.2,5.06,23.7,28.3,11.7,0.85,7.3,0.59,0.59
