player_sk,version,Season,Matches Played,Game or games started by player,Minutes,90s Played90s played,Goals,Assists,Goals + Assists,Non-Penalty Goals,Penalty Kicks Made,Penalty Kicks Attempted,Yellow Cards,Red Cards,xG,npxG,xAG,"npxG + xAGNon-Penalty Expected Goals plus Assisted GoalsxG totals include penalty kicks, but do not include penalty shootouts (unless otherwise noted).Provided by Opta.An underline indicates there is a match that is missing data, but will be updated when available.Minimum 30 minutes played per squad game to qualify as a leader",PrgC,PrgP,PrgR,Goals.1,Assists.1,Goals + Assists.1,Non-Penalty Goals.1,Non-Penalty Goals + Assists/90Goals plus Assists minus Penalty Kicks made per 90 minutes,xG.1,xAG.1,"xG + xAG/90Expected Goals plus Assisted Goals per 90 minutesxG totals include penalty kicks, but do not include penalty shootouts (unless otherwise noted).Provided by Opta.An underline indicates there is a match that is missing data, but will be updated when available.Minimum 30 minutes played per squad game to qualify as a leader",npxG.1,"npxG + xAGNon-Penalty Expected Goals plus Assisted GoalsxG totals include penalty kicks, but do not include penalty shootouts (unless otherwise noted).Provided by Opta.An underline indicates there is a match that is missing data, but will be updated when available.Minimum 30 minutes played per squad game to qualify as a leader.1",90s,Cmp,Cmp.1,Cmp.2,Cmp.3,Att,Att.1,Att.2,Att.3,Cmp%,Cmp%.1,Cmp%.2,Cmp%.3,Tot,Prg,Cmp.4,Cmp.5,Cmp.6,Cmp.7,Att.4,Att.5,Att.6,Att.7,Cmp%.4,Cmp%.5,Cmp%.6,Cmp%.7,Cmp.8,Cmp.9,Cmp.10,Cmp.11,Att.8,Att.9,Att.10,Att.11,Cmp%.8,Cmp%.9,Cmp%.10,Cmp%.11,Cmp.12,Cmp.13,Cmp.14,Cmp.15,Att.12,Att.13,Att.14,Att.15,Cmp%.12,Cmp%.13,Cmp%.14,Cmp%.15,Ast,xA,Assists - xAGAssists minus Expected Goals Assisted,KP,1/3,PPA,CrsPA,Gls,Sh,SoT,SoT%,Sh/90,SoT/90,G/Sh,G/SoT,Dist,FK,PK,PKatt,npxG/Shot,"Goals - xGGoals minus Expected GoalsxG totals include penalty kicks, but do not include penalty shootouts (unless otherwise noted).Provided by Opta.An underline indicates there is a match that is missing data, but will be updated when available.","Non-Penalty Goals - npxGNon-Penalty Goals minus Non-Penalty Expected GoalsxG totals include penalty kicks, but do not include penalty shootouts (unless otherwise noted).Provided by Opta.An underline indicates there is a match that is missing data, but will be updated when available.",Touches,Def Pen,Def 3rd,Mid 3rd,Att 3rd,Att Pen,Live,Succ,Succ%,Tkld,Tkld%,Carries,CPA,Mis,Dis,Rec,Tkl,Tkl.1,TklW,Tkl.2,Tkl.3,Tkl%,Lost,Blocks,Pass,Int,Tkl+Int,Clr,Err,SCA,SCA90,TO,TO.1,Fld,Fld.1,Def,Def.1,GCA,GCA90,TO.2,TO.3,Fld.2,Fld.3,Def.2,Def.3,Second Yellow Card,Fouls Committed,Fouls Drawn,Offsides,Crosses,Interceptions,Tackles Won,Penalty Kicks Won,Penalty Kicks Conceded,Own Goals,Ball Recoveries,Won,Won%,GA,PKA,CK,OG,Post-Shot Expected Goals,Post-Shot Expected Goals per Shot on Target,PSxG-GAPost-Shot Expected Goals minus Goals AllowedPositive numbers suggest better luck or an above average ability to stop shotsPSxG is expected goals based on how likely the goalkeeper is to save the shotNote,PSxG-GA/90Post-Shot Expected Goals minus Goals Allowed per 90 minutesPositive numbers suggest better luck or an above average ability to stop shotsPSxG is expected goals based on how likely the goalkeeper is to save the shotNote,Att (GK),Thr,Launch%,Launch%.1,Avg,Avg.1,Avg.2,Launch%.2,Launch%.3,Avg.3,Avg.4,Avg.5,Opp,Stp,Stp%,#OPA,#OPA/90,Avg.6,Avg.7,Avg.8,Player,Pos,Squad,Age,name,roster_designation,category,_features,cluster,pca1,pca2
6676507212,1,2025,7,6,572,6.4,0.16,0.0,0.16,0.16,0.0,0.0,0.47,0.0,0.42,0.42,0.09,0.52,4.06,6.56,4.38,0.16,0.0,0.16,0.16,0.16,0.42,0.1,0.52,0.42,0.52,6.4,34.1,16.1,15.0,1.72,39.5,17.5,15.9,3.91,86.2,92.0,94.1,44.0,541.4,149.2,34.1,16.1,15.0,1.72,39.5,17.5,15.9,3.91,86.2,92.0,94.1,44.0,34.1,16.1,15.0,1.72,39.5,17.5,15.9,3.91,86.2,92.0,94.1,44.0,34.1,16.1,15.0,1.72,39.5,17.5,15.9,3.91,86.2,92.0,94.1,44.0,0.0,0.16,-0.09,1.56,4.53,0.78,0.0,0.16,3.44,1.09,31.8,3.46,1.1,0.05,0.14,18.7,0.0,0.0,0.0,0.12,-0.27,-0.27,51.7,1.25,5.16,26.3,21.3,3.91,51.7,1.56,50.0,1.25,40.0,34.1,1.09,1.41,0.63,39.4,1.25,0.31,0.94,1.25,0.31,18.2,1.41,0.94,0.78,0.31,1.56,0.94,0.0,4.84,4.88,0.47,0.0,0.63,0.0,0.0,0.0,0.16,0.16,0.47,0.0,0.63,0.0,0.0,0.0,0.0,1.09,2.19,0.16,2.03,0.31,0.94,0.16,0.0,0.0,2.97,0.31,28.6,,,,,,,,,,,,,,,,,,,,,,,,,,,,,Paxten Aaronson,MF,Colorado Rapids,22-100,,,,"[ 0.07564132 -0.79755134  1.59963009  1.81596593 -0.20272134 -1.06075434
  2.09342303  1.39628754 -0.28078983  1.5333176   1.93989578 -0.45572611
 -1.05160121 -0.23987635]",-1,3.0703016125074143,0.5040459206481399
9552171774,2,2025,32,17,1481,16.5,0.3,0.06,0.36,0.3,0.0,0.0,0.06,0.0,0.42,0.42,0.17,0.59,4.06,3.15,8.3,0.3,0.06,0.36,0.3,0.36,0.42,0.17,0.59,0.42,0.59,16.5,21.3,12.8,6.79,1.09,28.1,15.3,8.91,1.88,75.6,84.1,76.2,58.1,304.7,91.5,21.3,12.8,6.79,1.09,28.1,15.3,8.91,1.88,75.6,84.1,76.2,58.1,21.3,12.8,6.79,1.09,28.1,15.3,8.91,1.88,75.6,84.1,76.2,58.1,21.3,12.8,6.79,1.09,28.1,15.3,8.91,1.88,75.6,84.1,76.2,58.1,0.06,0.16,-0.11,1.64,1.58,1.64,0.24,0.3,2.67,0.91,34.1,2.67,0.91,0.11,0.33,16.5,0.0,0.0,0.0,0.16,-0.12,-0.12,38.1,0.48,4.79,12.8,20.9,4.55,38.1,0.61,28.6,1.39,65.7,25.9,1.33,1.58,1.45,28.3,1.7,1.21,0.97,1.7,1.21,52.6,1.09,0.73,0.61,0.3,2.0,0.42,0.0,3.03,3.04,0.18,0.0,0.12,0.06,0.06,0.0,0.3,0.3,0.18,0.0,0.12,0.06,0.06,0.0,0.0,0.73,1.03,0.24,1.76,0.3,0.97,0.0,0.06,0.0,4.06,0.12,13.3,,,,,,,,,,,,,,,,,,,,,,,,,,,,,Liel Abada,"FW,MF",Charlotte,24-062,Liel Abada,Designated Player,Designated Player,"[ 0.7421104  -0.35476143  1.59963009  1.81596593  0.62676232  0.11144895
  1.3533636   1.01127015 -1.13011305 -0.37012754  1.93989578  0.13005736
 -1.07139083 -0.68760093]",0,3.5415865014831382,-0.0822764345125892
8626234972,1,2025,5,4,303,3.4,0.88,0.0,0.88,0.88,0.0,0.0,0.0,0.0,0.24,0.24,0.18,0.41,1.76,2.35,8.82,0.89,0.0,0.89,0.89,0.89,0.24,0.17,0.41,0.24,0.41,3.4,16.5,10.6,4.41,0.29,23.5,13.8,5.88,0.29,70.0,76.6,75.0,100.0,214.4,40.6,16.5,10.6,4.41,0.29,23.5,13.8,5.88,0.29,70.0,76.6,75.0,100.0,16.5,10.6,4.41,0.29,23.5,13.8,5.88,0.29,70.0,76.6,75.0,100.0,16.5,10.6,4.41,0.29,23.5,13.8,5.88,0.29,70.0,76.6,75.0,100.0,0.0,0.09,-0.18,1.18,1.18,0.59,0.0,0.88,1.47,1.18,80.0,1.49,1.19,0.6,0.75,12.2,0.0,0.0,0.0,0.16,0.65,0.65,34.1,0.88,1.76,12.9,20.0,4.71,34.1,0.59,50.0,0.29,25.0,18.8,0.59,4.41,1.76,24.4,0.88,0.0,0.29,0.88,0.0,0.0,0.29,0.29,0.29,0.0,0.88,0.88,0.0,2.35,2.4,0.0,0.0,0.29,0.29,0.0,0.0,0.59,0.6,0.0,0.0,0.29,0.29,0.0,0.0,0.0,1.76,1.18,0.29,0.0,0.0,0.29,0.29,0.0,0.0,3.24,0.59,22.2,,,,,,,,,,,,,,,,,,,,,,,,,,,,,Wessam Abou Ali,FW,Columbus Crew,26-334,,,,"[ 3.5031966  -0.79755134  0.54286327  0.65457331  0.73044778 -1.40764398
  0.20002422  1.58879624 -1.44860926 -0.81668359  0.10052184 -0.9373703
 -1.66507962 -1.62569051]",-1,3.682208207190565,-1.6395000544747216
7809543010,1,2025,21,16,1493,16.6,0.0,0.0,0.0,0.0,0.0,0.0,0.06,0.0,0.01,0.01,0.0,0.01,0.9,4.52,0.24,0.0,0.0,0.0,0.0,0.0,0.0,0.0,0.0,0.0,0.0,16.6,53.2,17.0,30.4,5.06,60.5,18.1,32.2,9.04,87.9,94.0,94.4,56.0,1034.4,380.9,53.2,17.0,30.4,5.06,60.5,18.1,32.2,9.04,87.9,94.0,94.4,56.0,53.2,17.0,30.4,5.06,60.5,18.1,32.2,9.04,87.9,94.0,94.4,56.0,53.2,17.0,30.4,5.06,60.5,18.1,32.2,9.04,87.9,94.0,94.4,56.0,0.0,0.02,0.0,0.0,4.64,0.3,0.06,0.0,0.06,0.0,0.0,0.06,0.0,0.0,,6.4,0.0,0.0,0.0,0.07,-0.01,-0.01,68.9,6.14,32.2,34.6,2.29,0.24,68.9,0.0,,0.0,,42.9,0.06,0.24,0.0,51.3,1.02,0.6,0.42,1.02,0.6,52.6,0.54,0.72,0.42,0.36,1.39,4.52,0.0,0.6,0.6,0.0,0.0,0.0,0.0,0.0,0.0,0.0,0.0,0.0,0.0,0.0,0.0,0.0,0.0,0.0,0.6,0.24,0.0,0.18,0.36,0.42,0.0,0.06,0.0,3.55,1.57,52.0,,,,,,,,,,,,,,,,,,,,,,,,,,,,,Luis Abram,DF,Atlanta Utd,29-280,Luis Abram,TAM Player,TAM Player,"[-0.68603763 -0.79755134 -0.80744988 -0.82942838 -1.13589047  0.12692359
 -1.15514955 -0.93520667  0.98655966  0.39459968 -0.58724407 -0.75512656
 -0.95265308 -0.70892115]",0,-1.8887525280451416,-0.8158018434452429
9379485952,2,2025,29,18,1656,18.4,0.05,0.0,0.05,0.05,0.0,0.0,0.27,0.05,0.03,0.03,0.01,0.04,0.33,1.79,0.43,0.05,0.0,0.05,0.05,0.05,0.03,0.01,0.04,0.03,0.04,18.4,32.4,14.9,15.2,1.63,37.4,16.1,16.7,3.48,86.6,92.3,91.2,46.9,530.3,229.7,32.4,14.9,15.2,1.63,37.4,16.1,16.7,3.48,86.6,92.3,91.2,46.9,32.4,14.9,15.2,1.63,37.4,16.1,16.7,3.48,86.6,92.3,91.2,46.9,32.4,14.9,15.2,1.63,37.4,16.1,16.7,3.48,86.6,92.3,91.2,46.9,0.0,0.02,-0.01,0.22,2.17,0.16,0.0,0.05,0.43,0.16,37.5,0.43,0.16,0.13,0.33,14.5,0.0,0.0,0.0,0.07,0.03,0.03,48.2,9.67,28.2,17.0,3.32,1.03,48.2,0.11,100.0,0.0,0.0,22.2,0.0,0.65,0.0,26.0,1.36,0.6,0.71,1.36,0.6,61.1,0.38,1.47,0.54,1.2,2.55,5.65,0.0,0.54,0.54,0.0,0.0,0.0,0.0,0.05,0.0,0.05,0.05,0.0,0.0,0.0,0.0,0.05,0.0,0.05,1.03,0.49,0.16,0.11,1.2,0.71,0.0,0.05,0.0,3.04,1.41,59.1,,,,,,,,,,,,,,,,,,,,,,,,,,,,,Lalas Abubakar,DF,FC Dallas,30-344,Lalas Abubakar,,Standard,"[-0.44801295 -0.79755134 -0.69003135 -0.70038476 -1.03220501  0.33712066
 -0.79953658 -0.59296899 -0.39359057 -1.12927282 -1.04308891 -0.3125346
  0.70967552  0.89009519]",0,-1.8877199927682338,-1.7372058164941568
953419151,2,2025,19,6,655,7.3,0.0,0.0,0.0,0.0,0.0,0.0,0.27,0.0,0.01,0.01,0.05,0.07,0.68,3.7,1.1,0.0,0.0,0.0,0.0,0.0,0.01,0.06,0.06,0.01,0.06,7.3,46.7,26.3,16.8,2.19,53.6,29.0,17.9,3.97,87.2,90.6,93.9,55.2,699.9,180.3,46.7,26.3,16.8,2.19,53.6,29.0,17.9,3.97,87.2,90.6,93.9,55.2,46.7,26.3,16.8,2.19,53.6,29.0,17.9,3.97,87.2,90.6,93.9,55.2,46.7,26.3,16.8,2.19,53.6,29.0,17.9,3.97,87.2,90.6,93.9,55.2,0.0,0.03,-0.05,0.41,3.56,0.55,0.0,0.0,0.27,0.27,100.0,0.27,0.27,0.0,0.0,24.8,0.0,0.0,0.0,0.03,-0.01,-0.01,62.1,2.33,18.1,34.8,9.45,0.96,62.1,0.14,20.0,0.55,80.0,33.8,0.27,0.96,0.82,45.5,0.96,0.41,0.55,0.96,0.41,27.3,1.1,1.1,0.82,1.92,2.88,1.64,0.0,1.51,1.51,0.0,0.0,0.0,0.0,0.0,0.0,0.0,0.0,0.0,0.0,0.0,0.0,0.0,0.0,0.0,1.51,1.64,0.14,0.27,1.92,0.55,0.0,0.14,0.0,4.11,0.68,55.6,,,,,,,,,,,,,,,,,,,,,,,,,,,,,Kellyn Acosta,MF,Chicago Fire,30-133,Kellyn Acosta,TAM Player,TAM Player,"[-0.68603763 -0.79755134 -0.80744988 -0.82942838 -0.61746318 -0.95372147
 -0.95331516 -0.35768058  0.55526271 -0.06312026 -0.76318418 -0.83323102
  2.1345286   0.10124713]",0,-2.3294356152941273,-0.7016766419917544
2416347523,2,2025,21,18,1695,18.8,0.27,0.05,0.32,0.21,0.05,0.11,0.43,0.0,0.29,0.2,0.21,0.41,3.14,6.91,6.65,0.27,0.05,0.32,0.21,0.27,0.29,0.2,0.49,0.2,0.41,18.8,36.5,18.8,12.1,4.41,51.4,22.3,16.1,8.35,70.9,84.5,75.2,52.9,628.7,261.9,36.5,18.8,12.1,4.41,51.4,22.3,16.1,8.35,70.9,84.5,75.2,52.9,36.5,18.8,12.1,4.41,51.4,22.3,16.1,8.35,70.9,84.5,75.2,52.9,36.5,18.8,12.1,4.41,51.4,22.3,16.1,8.35,70.9,84.5,75.2,52.9,0.05,0.31,-0.15,2.23,5.8,2.55,0.53,0.27,1.49,0.64,42.9,1.49,0.64,0.14,0.33,19.9,0.32,0.05,0.11,0.14,-0.02,0.01,64.1,0.69,6.17,27.6,31.2,4.15,64.0,2.18,46.6,2.39,51.1,35.1,1.17,2.93,1.33,44.5,1.17,0.48,0.8,1.17,0.48,34.6,0.9,1.06,1.06,0.48,1.65,0.85,0.0,5.0,4.99,0.21,0.11,0.21,0.05,0.11,0.0,0.48,0.48,0.21,0.11,0.21,0.05,0.11,0.0,0.0,1.76,1.91,0.16,5.27,0.48,0.8,0.11,0.0,0.0,3.46,0.16,27.3,,,,,,,,,,,,,,,,,,,,,,,,,,,,,Luciano Acosta,"MF,FW",FC Dallas,31-187,Luciano Acosta,Designated Player,Designated Player,"[ 0.5992956  -0.42855974  0.83640961  0.39648606  1.04150416  0.38741321
  0.21924654  0.43374406 -0.12154173  1.72868587  1.2041462  -0.5598654
 -0.71517756  0.01596626]",0,1.4690247117292794,1.2769293788311842
8352155128,3,2025,7,4,291,3.2,0.63,0.0,0.63,0.63,0.0,0.0,0.0,0.0,0.41,0.41,0.09,0.53,3.13,5.0,10.3,0.62,0.0,0.62,0.62,0.62,0.42,0.1,0.52,0.42,0.52,3.2,64.7,38.1,24.4,1.56,74.4,40.9,28.8,2.19,87.0,93.1,84.8,71.4,946.3,306.9,64.7,38.1,24.4,1.56,74.4,40.9,28.8,2.19,87.0,93.1,84.8,71.4,64.7,38.1,24.4,1.56,74.4,40.9,28.8,2.19,87.0,93.1,84.8,71.4,64.7,38.1,24.4,1.56,74.4,40.9,28.8,2.19,87.0,93.1,84.8,71.4,0.0,0.06,-0.09,0.63,5.0,0.63,0.0,0.63,1.56,0.63,40.0,1.55,0.62,0.4,1.0,12.2,0.0,0.0,0.0,0.27,0.22,0.22,85.6,3.75,15.9,44.7,25.3,1.56,85.6,0.31,33.3,0.31,33.3,54.1,0.0,2.19,0.0,65.0,0.94,0.63,0.63,0.94,0.63,100.0,0.0,0.63,0.63,0.94,1.88,4.06,0.0,2.19,2.16,0.0,0.0,0.0,0.0,0.0,0.0,0.31,0.31,0.0,0.0,0.0,0.0,0.0,0.0,0.0,0.94,0.94,0.0,2.19,0.94,0.63,0.0,0.0,0.0,1.88,2.81,64.3,,,,,,,,,,,,,,,,,,,,,,,,,,,,,Sam Adekugbe,DF,Vancouver W'caps,30-322,Sam Adekugbe,TAM Player,TAM Player,"[ 2.31307324 -0.79755134  1.54092082  1.75144412 -0.20272134 -1.42311861
  0.28652467  0.4123542   1.74962349  0.66253331  1.19614892 -0.85926584
  0.19514524 -0.90080311]",-1,1.9948968372969873,0.031794976584181435
7680390154,1,2025,22,12,1173,13.0,0.15,0.15,0.31,0.15,0.0,0.0,0.46,0.08,0.25,0.25,0.12,0.37,1.23,0.85,4.62,0.15,0.15,0.31,0.15,0.31,0.25,0.12,0.37,0.25,0.37,13.0,13.5,7.46,4.23,0.54,17.8,9.46,5.23,0.54,76.2,78.9,80.9,100.0,179.2,22.4,13.5,7.46,4.23,0.54,17.8,9.46,5.23,0.54,76.2,78.9,80.9,100.0,13.5,7.46,4.23,0.54,17.8,9.46,5.23,0.54,76.2,78.9,80.9,100.0,13.5,7.46,4.23,0.54,17.8,9.46,5.23,0.54,76.2,78.9,80.9,100.0,0.15,0.08,0.04,1.31,1.0,0.23,0.0,0.15,2.62,0.54,20.6,2.61,0.54,0.06,0.29,15.3,0.0,0.0,0.0,0.1,-0.1,-0.1,27.1,1.31,2.15,12.3,13.0,4.77,27.1,0.38,41.7,0.54,58.3,15.4,0.62,2.38,1.0,20.3,0.54,0.15,0.15,0.54,0.15,40.0,0.23,0.23,0.08,0.15,0.69,1.31,0.0,2.31,2.3,0.15,0.0,0.15,0.0,0.0,0.0,0.23,0.23,0.15,0.0,0.15,0.0,0.0,0.0,0.08,2.77,1.15,0.62,0.08,0.15,0.15,0.0,0.08,0.0,2.23,2.08,45.0,,,,,,,,,,,,,,,,,,,,,,,,,,,,,William Agada,FW,Real Salt Lake,26-078,William Agada,,Standard,"[ 0.02803639  0.30942344  0.60157254  0.71909512  0.10833503 -0.28573324
  1.30530779  0.21984551 -1.64766939 -1.65397618 -0.32333389 -1.37996226
 -1.36823523 -1.75361182]",0,2.6331021548459925,-1.929552889203127
7680390154,2,2025,22,12,1173,13.0,0.15,0.15,0.31,0.15,0.0,0.0,0.46,0.08,0.25,0.25,0.12,0.37,1.23,0.85,4.62,0.15,0.15,0.31,0.15,0.31,0.25,0.12,0.37,0.25,0.37,13.0,13.5,7.46,4.23,0.54,17.8,9.46,5.23,0.54,76.2,78.9,80.9,100.0,179.2,22.4,13.5,7.46,4.23,0.54,17.8,9.46,5.23,0.54,76.2,78.9,80.9,100.0,13.5,7.46,4.23,0.54,17.8,9.46,5.23,0.54,76.2,78.9,80.9,100.0,13.5,7.46,4.23,0.54,17.8,9.46,5.23,0.54,76.2,78.9,80.9,100.0,0.15,0.08,0.04,1.31,1.0,0.23,0.0,0.15,2.62,0.54,20.6,2.61,0.54,0.06,0.29,15.3,0.0,0.0,0.0,0.1,-0.1,-0.1,27.1,1.31,2.15,12.3,13.0,4.77,27.1,0.38,41.7,0.54,58.3,15.4,0.62,2.38,1.0,20.3,0.54,0.15,0.15,0.54,0.15,40.0,0.23,0.23,0.08,0.15,0.69,1.31,0.0,2.31,2.3,0.15,0.0,0.15,0.0,0.0,0.0,0.23,0.23,0.15,0.0,0.15,0.0,0.0,0.0,0.08,2.77,1.15,0.62,0.08,0.15,0.15,0.0,0.08,0.0,2.23,2.08,45.0,,,,,,,,,,,,,,,,,,,,,,,,,,,,,William Agada,FW,Real Salt Lake,26-078,William Agada,,Standard,"[ 0.02803639  0.30942344  0.60157254  0.71909512  0.10833503 -0.28573324
  1.30530779  0.21984551 -1.64766939 -1.65397618 -0.32333389 -1.37996226
 -1.36823523 -1.75361182]",0,2.6331021548459925,-1.929552889203127
9611782126,1,2025,16,15,1224,13.6,0.44,0.07,0.51,0.37,0.07,0.07,0.22,0.0,0.39,0.34,0.18,0.51,2.13,1.4,6.03,0.44,0.07,0.51,0.37,0.44,0.39,0.18,0.57,0.33,0.52,13.6,11.9,6.91,3.46,0.37,15.5,8.68,4.63,0.44,76.8,79.7,74.6,83.3,159.0,25.9,11.9,6.91,3.46,0.37,15.5,8.68,4.63,0.44,76.8,79.7,74.6,83.3,11.9,6.91,3.46,0.37,15.5,8.68,4.63,0.44,76.8,79.7,74.6,83.3,11.9,6.91,3.46,0.37,15.5,8.68,4.63,0.44,76.8,79.7,74.6,83.3,0.07,0.1,-0.11,1.4,0.74,0.44,0.0,0.44,2.5,1.18,47.1,2.5,1.18,0.15,0.31,14.9,0.0,0.07,0.07,0.13,0.05,0.03,27.1,1.18,1.76,12.1,13.8,5.74,27.1,1.03,36.8,1.4,50.0,17.8,1.69,2.87,1.62,20.5,0.44,0.15,0.29,0.44,0.15,40.0,0.22,0.37,0.37,0.15,0.59,1.1,0.0,2.87,2.87,0.22,0.07,0.66,0.22,0.0,0.0,0.37,0.37,0.22,0.07,0.66,0.22,0.0,0.0,0.0,1.84,2.57,0.51,0.07,0.15,0.29,0.07,0.0,0.0,1.62,1.4,47.5,,,,,,,,,,,,,,,,,,,,,,,,,,,,,Patrick Agyemang,FW,Charlotte,25-027,Patrick Agyemang,,Standard,"[ 1.40857949 -0.28096311  1.42350229  1.29979143  0.73044778 -0.21996606
  1.18997385  1.58879624 -1.75383479 -1.3469689   0.39642112 -1.51013636
 -1.36823523 -1.45512877]",0,4.1846035832140105,-1.740343276745237
6784524469,2,2025,22,12,1288,14.3,0.0,0.56,0.56,0.0,0.0,0.0,0.14,0.0,0.15,0.15,0.34,0.49,5.38,5.59,15.7,0.0,0.56,0.56,0.0,0.56,0.15,0.34,0.49,0.15,0.49,14.3,38.7,22.7,13.1,2.03,48.0,25.8,15.6,3.01,80.6,88.1,84.3,67.4,582.6,152.9,38.7,22.7,13.1,2.03,48.0,25.8,15.6,3.01,80.6,88.1,84.3,67.4,38.7,22.7,13.1,2.03,48.0,25.8,15.6,3.01,80.6,88.1,84.3,67.4,38.7,22.7,13.1,2.03,48.0,25.8,15.6,3.01,80.6,88.1,84.3,67.4,0.56,0.38,0.22,2.59,2.52,2.87,0.77,0.0,1.75,0.63,36.0,1.75,0.63,0.0,0.0,16.5,0.0,0.0,0.0,0.08,-0.15,-0.15,59.4,0.98,4.76,19.0,36.4,7.06,59.4,1.47,44.7,1.61,48.9,38.7,3.29,2.38,1.26,46.9,1.19,0.7,0.7,1.19,0.7,47.6,0.77,1.19,1.19,0.42,1.61,0.77,0.0,5.52,5.52,0.35,0.07,0.28,0.21,0.07,0.0,1.12,1.12,0.35,0.07,0.28,0.21,0.07,0.0,0.0,0.7,1.75,0.21,3.08,0.42,0.7,0.07,0.0,0.0,3.15,0.77,45.8,,,,,,,,,,,,,,,,,,,,,,,,,,,,,Ali Ahmed,FW,Vancouver W'caps,25-055,Ali Ahmed,,Standard,"[-0.68603763  3.33515452  0.01447986  0.07387699  2.38941512 -0.13743469
  0.46913674  0.4123542   0.0244357   0.9918684   2.99553647 -0.53383058
 -0.83391532  0.29312909]",-1,2.150378545587644,3.96723505584932
2331147427,1,2025,30,29,2563,28.5,0.21,0.39,0.6,0.21,0.0,0.0,0.21,0.0,0.09,0.09,0.31,0.4,1.79,6.56,10.4,0.21,0.39,0.6,0.21,0.6,0.09,0.31,0.4,0.09,0.4,28.5,60.5,28.2,25.7,5.26,75.2,31.9,30.6,8.74,80.4,88.5,83.9,60.2,1049.2,326.4,60.5,28.2,25.7,5.26,75.2,31.9,30.6,8.74,80.4,88.5,83.9,60.2,60.5,28.2,25.7,5.26,75.2,31.9,30.6,8.74,80.4,88.5,83.9,60.2,60.5,28.2,25.7,5.26,75.2,31.9,30.6,8.74,80.4,88.5,83.9,60.2,0.39,0.27,0.08,1.96,4.32,2.11,0.46,0.21,0.67,0.32,47.4,0.67,0.32,0.32,0.67,18.7,0.0,0.0,0.0,0.14,0.12,0.12,82.1,2.46,19.9,34.9,27.7,2.88,82.1,0.42,52.2,0.39,47.8,48.8,0.56,0.74,0.25,60.5,0.95,0.49,0.63,0.95,0.49,53.8,0.42,0.7,0.46,0.67,1.61,1.47,0.07,3.3,3.3,0.11,0.07,0.0,0.0,0.04,0.0,0.67,0.67,0.11,0.07,0.0,0.0,0.04,0.0,0.0,0.49,0.67,0.11,4.14,0.67,0.63,0.0,0.0,0.0,5.37,0.14,50.0,,,,,,,,,,,,,,,,,,,,,,,,,,,,,Jordi Alba,DF,Inter Miami,36-258,Jordi Alba,Designated Player,Designated Player,"[ 0.313666    2.0805831  -0.33777574 -0.31325388  2.07835874  1.50674484
 -0.5688687  -0.25073131  1.47093931  1.5333176   0.12451367 -0.84624843
 -0.33917467 -0.75156158]",-1,0.3904465890813854,2.87606763008582
4974415489,1,2025,26,20,1898,21.1,0.0,0.05,0.05,0.0,0.0,0.0,0.19,0.0,0.01,0.01,0.06,0.07,0.62,3.79,2.32,0.0,0.05,0.05,0.0,0.05,0.01,0.06,0.07,0.01,0.07,21.1,57.9,21.6,29.6,6.02,65.0,22.7,31.8,8.77,89.1,94.8,93.0,68.6,1104.5,331.3,57.9,21.6,29.6,6.02,65.0,22.7,31.8,8.77,89.1,94.8,93.0,68.6,57.9,21.6,29.6,6.02,65.0,22.7,31.8,8.77,89.1,94.8,93.0,68.6,57.9,21.6,29.6,6.02,65.0,22.7,31.8,8.77,89.1,94.8,93.0,68.6,0.05,0.05,-0.01,0.24,3.51,0.33,0.09,0.0,0.24,0.09,40.0,0.24,0.09,0.0,0.0,23.3,0.0,0.0,0.0,0.04,-0.01,-0.01,74.5,7.06,33.0,33.6,8.29,0.52,74.5,0.09,20.0,0.33,70.0,47.3,0.0,0.62,0.28,53.4,2.23,1.14,1.42,2.23,1.14,57.1,0.85,1.28,0.9,0.81,3.03,3.32,0.05,0.85,0.85,0.0,0.0,0.0,0.0,0.0,0.0,0.24,0.24,0.0,0.0,0.0,0.0,0.0,0.0,0.0,0.95,0.57,0.05,0.76,0.81,1.42,0.0,0.0,0.0,4.03,0.85,51.4,,,,,,,,,,,,,,,,,,,,,,,,,,,,,Noah Allen,DF,Inter Miami,21-220,Noah Allen,Homegrown Player,Homegrown,"[-0.68603763 -0.42855974 -0.80744988 -0.82942838 -0.51377772  0.64919238
 -0.98214865 -0.74269798  1.29842053 -0.01288271 -0.81116785  0.81998011
 -0.0621199   0.48501105]",0,-2.412578612145483,0.023866614719227228
9288662615,1,2025,31,26,2154,23.9,0.46,0.04,0.5,0.46,0.0,0.0,0.04,0.0,0.43,0.43,0.1,0.54,1.51,1.76,7.99,0.46,0.04,0.5,0.46,0.5,0.43,0.1,0.54,0.43,0.54,23.9,20.0,12.5,5.69,0.63,26.7,14.6,7.7,0.84,75.0,85.1,73.9,75.0,269.5,48.9,20.0,12.5,5.69,0.63,26.7,14.6,7.7,0.84,75.0,85.1,73.9,75.0,20.0,12.5,5.69,0.63,26.7,14.6,7.7,0.84,75.0,85.1,73.9,75.0,20.0,12.5,5.69,0.63,26.7,14.6,7.7,0.84,75.0,85.1,73.9,75.0,0.04,0.09,-0.06,0.92,0.59,0.67,0.21,0.46,2.18,1.13,51.9,2.17,1.13,0.21,0.41,13.7,0.04,0.0,0.0,0.2,0.03,0.03,38.0,1.17,4.81,16.6,16.9,4.56,38.0,0.84,43.5,1.09,56.5,22.2,0.96,2.85,1.05,27.9,0.54,0.29,0.29,0.54,0.29,33.3,0.59,0.75,0.63,0.54,1.09,1.05,0.13,2.09,2.09,0.08,0.0,0.08,0.0,0.0,0.0,0.17,0.17,0.08,0.0,0.08,0.0,0.0,0.0,0.0,0.67,0.59,0.5,0.88,0.54,0.29,0.0,0.0,0.0,2.64,2.38,71.3,,,,,,,,,,,,,,,,,,,,,,,,,,,,,Tadeo Allende,"MF,FW",Inter Miami,26-287,Tadeo Allende,TAM Player,TAM Player,"[ 1.50378935 -0.50235806  1.65833936  1.88048774 -0.09903589  0.97931784
  0.88241668  1.48184696 -1.21637244 -1.14601867 -0.09941011 -1.37996226
 -0.59643981 -0.64496049]",0,3.455898497702588,-2.0363656538266537
7744850144,1,2025,31,31,2706,30.1,0.2,0.13,0.33,0.1,0.1,0.1,0.13,0.0,0.3,0.22,0.1,0.33,3.49,7.08,7.04,0.2,0.13,0.33,0.1,0.23,0.3,0.1,0.4,0.22,0.32,30.1,35.4,17.5,13.7,2.76,43.4,20.2,15.9,4.02,81.5,86.4,86.4,68.6,569.0,159.1,35.4,17.5,13.7,2.76,43.4,20.2,15.9,4.02,81.5,86.4,86.4,68.6,35.4,17.5,13.7,2.76,43.4,20.2,15.9,4.02,81.5,86.4,86.4,68.6,35.4,17.5,13.7,2.76,43.4,20.2,15.9,4.02,81.5,86.4,86.4,68.6,0.13,0.18,0.03,1.46,3.95,1.89,0.2,0.2,2.16,0.63,29.2,2.16,0.63,0.05,0.16,19.2,0.07,0.1,0.1,0.1,-0.1,-0.12,53.8,0.43,5.18,24.9,24.4,3.46,53.7,1.46,53.7,1.1,40.2,38.6,0.9,2.06,1.36,43.1,1.53,0.5,0.86,1.53,0.5,45.5,0.6,0.9,0.86,0.37,1.89,0.3,0.07,4.02,4.03,0.13,0.0,0.3,0.03,0.07,0.0,0.37,0.37,0.13,0.0,0.3,0.03,0.07,0.0,0.0,1.0,1.86,0.4,1.3,0.37,0.86,0.0,0.0,0.0,4.39,0.17,26.3,,,,,,,,,,,,,,,,,,,,,,,,,,,,,Miguel Almirón,"FW,MF",Atlanta Utd,31-297,Miguel Almirón,Designated Player,Designated Player,"[ 0.26606106  0.16182681  0.89511888  0.52552968 -0.09903589  1.69115086
  0.86319436  0.4123542  -0.19453045  1.82357903  1.48405093 -0.09123862
 -0.93286345 -0.32515722]",0,1.6095054320503042,1.3422788069506593
5254284436,1,2025,12,6,488,5.4,0.0,0.0,0.0,0.0,0.0,0.0,0.37,0.0,0.06,0.06,0.04,0.09,0.93,6.11,3.15,0.0,0.0,0.0,0.0,0.0,0.06,0.03,0.09,0.06,0.09,5.4,58.3,38.5,14.3,1.11,66.5,39.8,16.3,3.33,87.7,96.7,87.5,33.3,724.3,199.1,58.3,38.5,14.3,1.11,66.5,39.8,16.3,3.33,87.7,96.7,87.5,33.3,58.3,38.5,14.3,1.11,66.5,39.8,16.3,3.33,87.7,96.7,87.5,33.3,58.3,38.5,14.3,1.11,66.5,39.8,16.3,3.33,87.7,96.7,87.5,33.3,0.0,0.09,-0.04,0.56,4.26,0.56,0.0,0.0,1.11,0.56,50.0,1.11,0.55,0.0,0.0,21.7,0.0,0.0,0.0,0.06,-0.06,-0.06,79.6,2.22,14.1,46.9,19.4,1.85,79.6,0.56,42.9,0.56,42.9,48.9,0.0,1.3,0.93,59.6,4.44,2.22,2.22,4.44,2.22,50.0,2.22,1.11,1.11,2.59,7.04,0.93,0.0,1.67,1.66,0.0,0.0,0.0,0.0,0.0,0.0,0.19,0.18,0.0,0.0,0.0,0.0,0.0,0.0,0.0,2.96,1.85,0.0,0.37,2.59,2.22,0.0,0.0,0.0,3.89,0.74,66.7,,,,,,,,,,,,,,,,,,,,,,,,,,,,,Alejandro Alvarado Jr.,MF,San Diego FC,22-128,Alejandro Alvarado Jr.,,Standard,"[-0.68603763 -0.79755134 -0.51390354 -0.50681932 -0.72114864 -1.16907675
 -0.1459776   0.26262522  1.32496188  1.28212983 -0.56325223  3.69682783
  3.46043355  0.12256735]",-1,-3.0965881541206914,1.609857361115337
8143665547,1,2025,22,11,1094,12.2,0.0,0.08,0.08,0.0,0.0,0.0,0.33,0.0,0.01,0.01,0.05,0.06,0.16,3.93,0.0,0.0,0.08,0.08,0.0,0.08,0.01,0.05,0.06,0.01,0.06,12.2,47.4,14.0,28.3,4.92,55.7,15.2,30.1,9.59,85.1,91.9,94.0,51.3,940.8,329.2,47.4,14.0,28.3,4.92,55.7,15.2,30.1,9.59,85.1,91.9,94.0,51.3,47.4,14.0,28.3,4.92,55.7,15.2,30.1,9.59,85.1,91.9,94.0,51.3,47.4,14.0,28.3,4.92,55.7,15.2,30.1,9.59,85.1,91.9,94.0,51.3,0.08,0.02,0.03,0.16,3.69,0.16,0.0,0.0,0.41,0.16,40.0,0.41,0.16,0.0,0.0,11.9,0.0,0.0,0.0,0.03,-0.01,-0.01,66.2,6.64,34.1,29.0,3.28,0.82,66.2,0.08,50.0,0.08,50.0,38.4,0.08,0.49,0.16,44.4,1.48,0.66,0.98,1.48,0.66,44.4,0.82,1.31,0.82,1.31,2.79,4.75,0.16,0.82,0.82,0.0,0.0,0.0,0.0,0.08,0.0,0.08,0.08,0.0,0.0,0.0,0.0,0.08,0.0,0.0,1.48,0.33,0.08,0.16,1.31,0.98,0.0,0.0,0.0,3.11,1.89,51.1,,,,,,,,,,,,,,,,,,,,,,,,,,,,,Fernando Álvarez,DF,CF Montréal,22-102,Fernando Álvarez,,Standard,"[-0.68603763 -0.20716479 -0.80744988 -0.82942838 -0.61746318 -0.38760789
 -0.8187589  -0.59296899  0.60171007  0.0652646  -1.17904264 -0.15632567
  0.9273614   0.54897171]",0,-2.2537372497726986,-0.38694960187694577
8504817665,1,2025,10,7,649,7.2,0.0,0.14,0.14,0.0,0.0,0.0,0.28,0.0,0.04,0.04,0.11,0.15,1.11,4.31,1.39,0.0,0.14,0.14,0.0,0.14,0.04,0.11,0.15,0.04,0.15,7.2,54.6,28.2,19.4,4.31,61.3,29.6,20.6,7.08,89.1,95.3,94.6,60.8,858.8,266.0,54.6,28.2,19.4,4.31,61.3,29.6,20.6,7.08,89.1,95.3,94.6,60.8,54.6,28.2,19.4,4.31,61.3,29.6,20.6,7.08,89.1,95.3,94.6,60.8,54.6,28.2,19.4,4.31,61.3,29.6,20.6,7.08,89.1,95.3,94.6,60.8,0.14,0.14,0.03,1.11,5.42,0.42,0.0,0.0,0.83,0.42,50.0,0.83,0.42,0.0,0.0,25.9,0.0,0.0,0.0,0.05,-0.04,-0.04,71.3,2.22,15.6,39.9,16.3,0.56,71.3,1.25,52.9,1.11,47.1,41.8,0.0,1.67,1.67,52.8,2.36,0.56,1.39,2.36,0.56,36.4,0.97,0.69,0.69,1.11,3.47,0.69,0.56,3.06,3.05,0.0,0.0,0.14,0.0,0.28,0.0,0.28,0.28,0.0,0.0,0.14,0.0,0.28,0.0,0.0,0.97,0.97,0.0,1.53,1.11,1.39,0.0,0.0,0.0,3.75,0.69,50.0,,,,,,,,,,,,,,,,,,,,,,,,,,,,,Steven Alzate,MF,Atlanta Utd,27-087,,,,"[-0.68603763  0.23562513 -0.63132208 -0.63586294  0.00464957 -0.96145879
 -0.41509012 -0.03683276  1.07945438  0.27737872 -0.41930123  0.98920645
  0.53156888 -0.7728818 ]",0,-1.36734391844199,0.7535291713487399
9430905020,1,2025,26,24,2078,23.1,0.04,0.0,0.04,0.04,0.0,0.0,0.17,0.0,0.02,0.02,0.08,0.1,1.65,3.81,5.15,0.04,0.0,0.04,0.04,0.04,0.02,0.08,0.1,0.02,0.1,23.1,42.5,18.5,19.0,3.29,53.8,21.6,23.0,6.1,78.9,85.9,82.9,53.9,714.8,251.3,42.5,18.5,19.0,3.29,53.8,21.6,23.0,6.1,78.9,85.9,82.9,53.9,42.5,18.5,19.0,3.29,53.8,21.6,23.0,6.1,78.9,85.9,82.9,53.9,42.5,18.5,19.0,3.29,53.8,21.6,23.0,6.1,78.9,85.9,82.9,53.9,0.0,0.09,-0.08,0.69,3.2,1.08,0.3,0.04,0.61,0.17,28.6,0.61,0.17,0.07,0.25,25.7,0.0,0.0,0.0,0.04,0.02,0.02,63.3,3.46,19.7,27.3,16.8,1.3,63.3,0.3,29.2,0.74,70.8,32.6,0.35,0.87,0.13,38.6,1.47,0.91,0.65,1.47,0.91,58.3,0.65,1.3,0.95,0.82,2.29,3.03,0.0,1.39,1.39,0.0,0.0,0.0,0.0,0.0,0.0,0.04,0.04,0.0,0.0,0.0,0.0,0.0,0.0,0.0,0.61,0.52,0.17,3.03,0.82,0.65,0.0,0.0,0.0,4.29,0.74,45.9,,,,,,,,,,,,,,,,,,,,,,,,,,,,,Pedro Amador,DF,Atlanta Utd,26-351,Pedro Amador,,Standard,"[-0.49561789 -0.79755134 -0.74874061 -0.76490657 -0.3064068   0.88131184
 -0.62653567 -0.57157913  0.27657853 -0.00171881  0.01255178 -0.16934308
 -0.04233028  0.52765149]",0,-1.5218544633086466,-0.25732126542452566
7921780435,2,2025,19,3,433,4.8,0.21,0.0,0.21,0.21,0.0,0.0,0.21,0.0,0.13,0.13,0.08,0.21,0.83,5.0,3.75,0.21,0.0,0.21,0.21,0.21,0.12,0.08,0.2,0.12,0.2,4.8,50.4,30.2,16.5,1.88,55.0,32.3,17.5,2.29,91.7,93.5,94.0,81.8,749.0,157.3,50.4,30.2,16.5,1.88,55.0,32.3,17.5,2.29,91.7,93.5,94.0,81.8,50.4,30.2,16.5,1.88,55.0,32.3,17.5,2.29,91.7,93.5,94.0,81.8,50.4,30.2,16.5,1.88,55.0,32.3,17.5,2.29,91.7,93.5,94.0,81.8,0.0,0.1,-0.08,2.08,5.42,1.25,0.0,0.21,1.25,0.63,50.0,1.25,0.62,0.17,0.33,16.3,0.0,0.0,0.0,0.1,0.08,0.08,65.8,1.04,10.2,36.9,19.2,2.29,65.8,0.42,25.0,1.25,75.0,40.6,0.83,1.25,0.21,50.0,3.33,1.25,1.88,3.33,1.25,46.2,1.46,0.42,0.42,1.04,4.38,0.83,0.0,3.33,3.33,0.0,0.0,0.0,0.0,0.21,0.0,0.0,0.0,0.0,0.0,0.0,0.0,0.21,0.0,0.0,0.83,0.42,0.0,0.0,1.04,1.88,0.0,0.0,0.0,3.33,0.42,33.3,,,,,,,,,,,,,,,,,,,,,,,,,,,,,Frankie Amaya,MF,LAFC,25-069,,,,"[ 0.313666   -0.79755134 -0.10293867 -0.05516663 -0.3064068  -1.24000214
 -0.01142134  0.4123542   0.8007702   0.66253331 -0.64322501  2.25189527
  0.3930415  -1.34852768]",0,-0.6919228527561712,0.3792517480415614
6030296958,1,2025,24,21,1780,19.8,0.05,0.1,0.15,0.05,0.0,0.0,0.15,0.05,0.06,0.06,0.06,0.12,1.16,6.01,1.72,0.05,0.1,0.15,0.05,0.15,0.06,0.06,0.12,0.06,0.12,19.8,60.3,32.1,23.3,3.99,69.6,33.7,26.5,6.92,86.6,95.4,88.0,57.7,977.4,371.3,60.3,32.1,23.3,3.99,69.6,33.7,26.5,6.92,86.6,95.4,88.0,57.7,60.3,32.1,23.3,3.99,69.6,33.7,26.5,6.92,86.6,95.4,88.0,57.7,60.3,32.1,23.3,3.99,69.6,33.7,26.5,6.92,86.6,95.4,88.0,57.7,0.1,0.06,0.04,0.3,7.22,0.71,0.15,0.05,0.56,0.1,18.2,0.56,0.1,0.09,0.5,22.0,0.0,0.0,0.0,0.11,-0.01,-0.01,79.9,3.94,26.4,43.8,10.3,0.61,79.9,0.76,71.4,0.25,23.8,44.9,0.1,0.56,0.51,53.7,1.62,0.66,1.26,1.62,0.66,56.5,0.51,1.26,0.51,1.16,2.78,3.79,0.0,1.31,1.31,0.15,0.0,0.0,0.0,0.1,0.05,0.15,0.15,0.15,0.0,0.0,0.0,0.1,0.05,0.0,0.81,0.35,0.0,0.45,1.16,1.26,0.0,0.0,0.0,4.95,1.21,46.2,,,,,,,,,,,,,,,,,,,,,,,,,,,,,Malte Amundsen,DF,Columbus Crew,27-296,Malte Amundsen,,Standard,"[-0.44801295 -0.05956815 -0.51390354 -0.50681932 -0.51377772  0.49702518
 -0.67459148 -0.72130812  1.45766863  1.22631032 -0.37931484  0.02591807
  0.63051701  0.44237062]",0,-1.9946250068227747,0.8481763870125886
3982200228,2,2025,22,9,715,7.9,0.38,0.25,0.63,0.38,0.0,0.0,0.13,0.0,0.19,0.19,0.13,0.3,1.14,2.66,6.08,0.38,0.25,0.63,0.38,0.63,0.18,0.12,0.31,0.18,0.31,7.9,18.2,10.9,4.94,1.39,23.4,12.8,5.7,2.15,77.8,85.1,86.7,64.7,263.3,51.9,18.2,10.9,4.94,1.39,23.4,12.8,5.7,2.15,77.8,85.1,86.7,64.7,18.2,10.9,4.94,1.39,23.4,12.8,5.7,2.15,77.8,85.1,86.7,64.7,18.2,10.9,4.94,1.39,23.4,12.8,5.7,2.15,77.8,85.1,86.7,64.7,0.25,0.15,0.13,1.52,1.39,0.89,0.0,0.38,1.65,0.51,30.8,1.64,0.5,0.23,0.75,15.6,0.13,0.0,0.0,0.11,0.19,0.19,31.5,0.38,2.78,14.6,14.4,3.29,31.5,0.63,71.4,0.25,28.6,18.0,0.51,2.41,1.52,23.5,0.76,0.13,0.25,0.76,0.13,25.0,0.38,0.25,0.13,0.38,1.14,0.38,0.0,2.66,2.64,0.13,0.13,0.13,0.0,0.0,0.0,0.38,0.38,0.13,0.13,0.13,0.0,0.0,0.0,0.0,1.27,0.76,0.38,0.38,0.38,0.25,0.0,0.0,0.0,2.78,0.89,41.2,,,,,,,,,,,,,,,,,,,,,,,,,,,,,Tomas Ángel,FW,San Diego FC,22-287,,,,"[ 1.12294988  1.04740663  0.24931693  0.33196424  0.21202049 -0.87634832
  0.37302512  0.15567594 -1.33580852 -0.64364312 -0.3953094  -1.09357923
 -0.91307383 -1.71097138]",0,2.181282166738211,-0.8867405314341229
1479788211,3,2025,33,30,2305,25.6,0.0,0.16,0.16,0.0,0.0,0.0,0.16,0.0,0.12,0.12,0.16,0.27,3.32,4.34,8.24,0.0,0.16,0.16,0.0,0.16,0.12,0.16,0.27,0.12,0.27,25.6,27.0,15.4,9.77,1.09,32.6,17.3,11.6,1.76,82.9,88.7,83.9,62.2,394.8,121.0,27.0,15.4,9.77,1.09,32.6,17.3,11.6,1.76,82.9,88.7,83.9,62.2,27.0,15.4,9.77,1.09,32.6,17.3,11.6,1.76,82.9,88.7,83.9,62.2,27.0,15.4,9.77,1.09,32.6,17.3,11.6,1.76,82.9,88.7,83.9,62.2,0.16,0.16,0.0,1.45,1.91,1.95,0.2,0.0,1.33,0.39,29.4,1.33,0.39,0.0,0.0,17.3,0.0,0.0,0.0,0.09,-0.12,-0.12,43.6,1.17,8.01,16.0,20.2,3.63,43.6,1.33,38.2,2.03,58.4,27.5,1.95,1.56,1.13,30.3,2.11,0.74,1.17,2.11,0.74,48.7,0.78,1.09,0.94,0.7,2.81,0.66,0.04,3.13,3.12,0.16,0.04,0.16,0.0,0.08,0.0,0.27,0.27,0.16,0.04,0.16,0.0,0.08,0.0,0.0,0.78,1.02,0.16,1.09,0.7,1.17,0.0,0.0,0.0,4.38,0.08,16.7,,,,,,,,,,,,,,,,,,,,,,,,,,,,,Iván Angulo,"MF,FW",Orlando City,26-257,Iván Angulo,TAM Player,TAM Player,"[-0.68603763  0.38322176 -0.16164794 -0.11968844  0.52307686  1.17404028
  0.06546796 -0.10100232 -0.75189881  0.29412457  1.34809721  0.66377119
 -0.27980579  0.07992692]",0,0.24935926147134005,1.122810792865169
8948144134,2,2025,20,17,1343,14.9,0.07,0.07,0.13,0.07,0.0,0.0,0.07,0.0,0.06,0.06,0.02,0.09,1.61,2.48,3.69,0.07,0.07,0.13,0.07,0.13,0.06,0.02,0.09,0.06,0.09,14.9,26.6,10.8,12.3,3.02,37.7,13.1,16.6,6.31,70.6,82.6,74.2,47.9,487.4,145.8,26.6,10.8,12.3,3.02,37.7,13.1,16.6,6.31,70.6,82.6,74.2,47.9,26.6,10.8,12.3,3.02,37.7,13.1,16.6,6.31,70.6,82.6,74.2,47.9,26.6,10.8,12.3,3.02,37.7,13.1,16.6,6.31,70.6,82.6,74.2,47.9,0.07,0.03,0.05,0.4,1.95,0.4,0.07,0.07,0.4,0.13,33.3,0.4,0.13,0.17,0.5,10.3,0.0,0.0,0.0,0.16,0.01,0.01,47.8,4.03,18.8,19.4,10.0,1.54,47.8,0.47,33.3,0.81,57.1,22.6,0.4,0.81,0.27,25.6,1.95,1.48,1.28,1.95,1.48,71.0,0.6,0.87,0.47,1.21,3.15,3.29,0.0,1.34,1.34,0.07,0.07,0.13,0.07,0.0,0.0,0.2,0.2,0.07,0.07,0.13,0.07,0.0,0.0,0.0,1.14,1.01,0.07,0.87,1.21,1.28,0.0,0.0,0.07,3.09,1.01,51.7,,,,,,,,,,,,,,,,,,,,,,,,,,,,,Conner Antley,"DF,MF",D.C. United,30-257,Conner Antley,,Standard,"[-0.35280309 -0.28096311 -0.51390354 -0.50681932 -0.92851955 -0.0665093
 -0.82837006 -0.65713856 -0.77844016 -0.74411823 -0.01943733  0.45549262
  0.72946514 -0.38911788]",0,-1.2256515174583207,-0.9127484786098304
3379402273,1,2025,28,26,2202,24.5,0.29,0.2,0.49,0.29,0.0,0.0,0.2,0.0,0.32,0.32,0.11,0.44,4.12,3.8,10.3,0.29,0.2,0.49,0.29,0.49,0.32,0.11,0.44,0.32,0.44,24.5,30.0,16.7,10.8,1.51,39.0,20.0,13.2,2.45,76.9,83.5,81.8,61.7,452.4,117.4,30.0,16.7,10.8,1.51,39.0,20.0,13.2,2.45,76.9,83.5,81.8,61.7,30.0,16.7,10.8,1.51,39.0,20.0,13.2,2.45,76.9,83.5,81.8,61.7,30.0,16.7,10.8,1.51,39.0,20.0,13.2,2.45,76.9,83.5,81.8,61.7,0.2,0.09,0.09,1.18,2.24,1.1,0.16,0.29,2.57,1.14,44.4,2.57,1.14,0.11,0.25,18.4,0.0,0.0,0.0,0.13,-0.04,-0.04,53.4,1.14,7.8,22.4,24.7,4.37,53.4,2.33,44.2,2.82,53.5,35.5,1.51,2.53,1.47,39.3,1.96,0.98,1.1,1.96,0.98,43.6,1.27,0.78,0.73,0.53,2.49,0.82,0.0,2.98,2.98,0.41,0.08,0.16,0.0,0.0,0.0,0.41,0.41,0.41,0.08,0.16,0.0,0.0,0.0,0.0,1.63,1.39,0.61,1.18,0.53,1.1,0.0,0.04,0.0,5.59,0.37,26.5,,,,,,,,,,,,,,,,,,,,,,,,,,,,,Antony,"FW,MF",Portland Timbers,24-087,Antony,U22 Initiative,U22 Initiative,"[ 0.69450547  0.67841504  1.01253741  1.17074781  0.00464957  1.04121636
  1.25725198  1.50323682 -0.55283868 -0.00730076  1.98787944  0.46851003
 -0.61622943 -0.58099984]",0,2.899731412563358,0.766957131390995
4396730472,2,2025,30,19,1700,18.9,0.0,0.05,0.05,0.0,0.0,0.0,0.11,0.05,0.05,0.05,0.02,0.06,0.69,3.33,0.9,0.0,0.05,0.05,0.0,0.05,0.05,0.01,0.06,0.05,0.06,18.9,40.8,18.9,17.8,2.59,46.9,21.0,19.6,3.7,86.9,90.4,90.6,70.0,661.0,159.9,40.8,18.9,17.8,2.59,46.9,21.0,19.6,3.7,86.9,90.4,90.6,70.0,40.8,18.9,17.8,2.59,46.9,21.0,19.6,3.7,86.9,90.4,90.6,70.0,40.8,18.9,17.8,2.59,46.9,21.0,19.6,3.7,86.9,90.4,90.6,70.0,0.05,0.03,0.04,0.32,3.23,0.16,0.0,0.0,0.48,0.11,22.2,0.48,0.11,0.0,0.0,19.8,0.0,0.0,0.0,0.1,-0.05,-0.05,56.2,2.43,14.1,34.7,8.2,0.42,56.2,0.63,70.6,0.26,29.4,26.4,0.05,1.38,0.53,34.0,2.17,0.85,1.38,2.17,0.85,61.5,0.53,1.96,1.27,1.06,3.23,1.01,0.11,1.01,1.01,0.05,0.05,0.05,0.0,0.0,0.0,0.21,0.21,0.05,0.05,0.05,0.0,0.0,0.0,0.0,1.64,0.48,0.0,0.05,1.06,1.38,0.0,0.0,0.0,6.83,0.53,58.8,,,,,,,,,,,,,,,,,,,,,,,,,,,,,Brian Anunga,MF,FC Cincinnati,29-116,,,,"[-0.68603763 -0.42855974 -0.57261281 -0.57134113 -0.92851955  0.39386097
 -0.75148077 -0.69991827  0.16377779 -0.26965243 -0.75518691  0.74187565
  0.43262075  1.93478587]",0,-2.3037839252654466,-0.5089233592480933
5138493660,3,2025,30,30,2551,28.3,0.46,0.11,0.57,0.35,0.11,0.11,0.21,0.0,0.52,0.43,0.15,0.58,2.51,4.17,5.94,0.46,0.11,0.56,0.35,0.46,0.52,0.15,0.66,0.43,0.58,28.3,18.1,9.22,6.57,1.45,25.9,11.6,8.62,2.65,69.6,79.3,76.2,54.7,294.5,86.2,18.1,9.22,6.57,1.45,25.9,11.6,8.62,2.65,69.6,79.3,76.2,54.7,18.1,9.22,6.57,1.45,25.9,11.6,8.62,2.65,69.6,79.3,76.2,54.7,18.1,9.22,6.57,1.45,25.9,11.6,8.62,2.65,69.6,79.3,76.2,54.7,0.11,0.18,-0.04,0.99,2.33,1.38,0.14,0.46,4.28,1.38,32.2,4.27,1.38,0.08,0.26,20.0,0.39,0.11,0.11,0.1,-0.06,-0.08,40.2,0.95,2.76,18.1,19.7,5.48,40.1,0.99,33.3,1.84,61.9,24.3,0.88,2.9,1.66,29.5,1.45,0.64,0.81,1.45,0.64,51.4,0.6,0.74,0.71,0.25,1.7,0.67,0.0,3.43,3.42,0.25,0.04,0.28,0.07,0.07,0.0,0.53,0.53,0.25,0.04,0.28,0.07,0.07,0.0,0.0,1.84,1.91,0.46,1.34,0.25,0.81,0.04,0.0,0.0,3.43,1.59,58.4,,,,,,,,,,,,,,,,,,,,,,,,,,,,,Cristian Arango,"FW,MF",SJ Earthquakes,30-270,Cristian Arango,Designated Player,Designated Player,"[ 1.50378935  0.01423017  2.18672277  1.88048774  0.41939141  1.49127021
  2.9007606   2.01659334 -1.34244386  0.19923141  0.70031769 -0.19537791
 -1.17033897 -0.66628071]",0,4.822787541332516,-0.2149626816817574
9968801670,1,2025,22,20,1798,20.0,0.1,0.15,0.25,0.1,0.0,0.0,0.3,0.05,0.04,0.04,0.09,0.14,1.0,6.0,1.5,0.1,0.15,0.25,0.1,0.25,0.04,0.09,0.13,0.04,0.13,20.0,52.5,27.1,19.9,3.9,58.0,28.4,21.6,5.55,90.5,95.4,92.1,70.3,848.3,260.3,52.5,27.1,19.9,3.9,58.0,28.4,21.6,5.55,90.5,95.4,92.1,70.3,52.5,27.1,19.9,3.9,58.0,28.4,21.6,5.55,90.5,95.4,92.1,70.3,52.5,27.1,19.9,3.9,58.0,28.4,21.6,5.55,90.5,95.4,92.1,70.3,0.15,0.05,0.06,0.95,6.6,0.35,0.0,0.1,0.95,0.3,31.6,0.95,0.3,0.11,0.33,19.6,0.15,0.0,0.0,0.05,0.06,0.06,66.2,2.05,15.6,39.5,11.7,1.0,66.2,0.15,33.3,0.25,55.6,36.5,0.05,0.9,0.8,48.9,1.9,1.05,1.3,1.9,1.05,44.7,1.3,1.55,1.25,0.45,2.35,1.05,0.05,2.65,2.65,0.0,0.0,0.2,0.05,0.15,0.0,0.35,0.35,0.0,0.0,0.2,0.05,0.15,0.0,0.0,1.55,2.9,0.05,0.25,0.45,1.3,0.0,0.0,0.0,5.3,0.2,23.5,,,,,,,,,,,,,,,,,,,,,,,,,,,,,César Araujo,MF,Orlando City,24-246,,,,"[-0.20998828  0.30942344 -0.63132208 -0.63586294 -0.20272134  0.52023712
 -0.29975618 -0.29351102  0.94011229  1.22072837 -0.50727129  0.39040557
 -0.77454644  1.06065694]",0,-1.274737067840473,1.003635750594609
891838618,3,2025,29,29,2562,28.5,0.14,0.18,0.32,0.14,0.0,0.0,0.14,0.0,0.19,0.19,0.22,0.4,2.67,6.07,10.3,0.14,0.18,0.32,0.14,0.32,0.19,0.22,0.41,0.19,0.41,28.5,43.7,27.3,13.3,1.86,52.1,29.6,16.0,3.19,83.8,92.4,83.2,58.2,621.4,184.0,43.7,27.3,13.3,1.86,52.1,29.6,16.0,3.19,83.8,92.4,83.2,58.2,43.7,27.3,13.3,1.86,52.1,29.6,16.0,3.19,83.8,92.4,83.2,58.2,43.7,27.3,13.3,1.86,52.1,29.6,16.0,3.19,83.8,92.4,83.2,58.2,0.18,0.28,-0.05,1.51,2.81,2.46,0.53,0.14,1.61,0.56,34.8,1.62,0.56,0.09,0.25,15.3,0.0,0.0,0.0,0.11,-0.05,-0.05,62.5,1.19,9.93,22.5,30.9,3.61,62.5,1.72,58.3,1.05,35.7,37.9,0.81,1.19,0.88,44.7,2.18,1.16,1.23,2.18,1.16,50.8,1.12,0.95,0.88,0.74,2.91,1.26,0.0,3.09,3.09,0.28,0.0,0.07,0.0,0.04,0.0,0.42,0.42,0.28,0.0,0.07,0.0,0.04,0.0,0.0,1.12,1.16,0.32,3.33,0.74,1.23,0.0,0.0,0.0,4.14,0.56,44.4,,,,,,,,,,,,,,,,,,,,,,,,,,,,,Max Arfsten,"DF,MF",Columbus Crew,24-229,Max Arfsten,,Standard,"[-0.01956855  0.5308184   0.24931693  0.33196424  1.14518962  1.50545529
  0.33458048  0.26262522  0.35620258  1.25980202  0.82827414  0.75489306
 -0.20064729 -0.21855613]",0,0.723429005939225,2.0245860303936025
8805124897,2,2025,31,16,1416,15.7,0.19,0.13,0.32,0.19,0.0,0.13,0.19,0.0,0.39,0.29,0.14,0.43,0.83,1.59,5.41,0.19,0.13,0.32,0.19,0.32,0.39,0.14,0.53,0.29,0.43,15.7,15.9,9.3,4.65,0.45,20.1,11.8,5.22,0.76,78.8,78.9,89.0,58.3,211.4,29.6,15.9,9.3,4.65,0.45,20.1,11.8,5.22,0.76,78.8,78.9,89.0,58.3,15.9,9.3,4.65,0.45,20.1,11.8,5.22,0.76,78.8,78.9,89.0,58.3,15.9,9.3,4.65,0.45,20.1,11.8,5.22,0.76,78.8,78.9,89.0,58.3,0.13,0.1,-0.01,0.96,0.64,0.45,0.0,0.19,2.55,0.57,22.5,2.54,0.57,0.08,0.33,14.8,0.06,0.0,0.13,0.12,-0.2,-0.1,31.6,1.34,2.29,13.6,15.8,5.92,31.5,0.38,31.6,0.83,68.4,17.6,0.7,2.99,1.27,22.7,0.19,0.13,0.13,0.19,0.13,33.3,0.25,0.32,0.19,0.45,0.64,1.15,0.0,1.91,1.9,0.13,0.0,0.13,0.0,0.0,0.0,0.25,0.25,0.13,0.0,0.13,0.0,0.0,0.0,0.0,1.4,0.7,0.19,0.32,0.45,0.13,0.0,0.0,0.0,1.85,1.34,33.3,,,,,,,,,,,,,,,,,,,,,,,,,,,,,Daniel Armando Ríos,FW,Vancouver W'caps,30-285,,,,"[ 0.21845613  0.16182681  1.42350229  0.97718237  0.31570595  0.02762804
  1.23802966  0.28401507 -1.48842129 -1.24091183 -0.64322501 -1.83557163
 -0.77454644 -1.56172986]",0,2.8526774075726253,-1.9094419249784242
4486286702,1,2025,33,32,2850,31.7,0.03,0.0,0.03,0.03,0.0,0.0,0.16,0.03,0.01,0.01,0.01,0.02,0.44,5.3,0.85,0.03,0.0,0.03,0.03,0.03,0.01,0.01,0.02,0.01,0.02,31.7,54.0,27.2,21.5,3.82,61.5,28.7,23.7,5.96,87.8,94.6,90.7,64.0,873.4,263.2,54.0,27.2,21.5,3.82,61.5,28.7,23.7,5.96,87.8,94.6,90.7,64.0,54.0,27.2,21.5,3.82,61.5,28.7,23.7,5.96,87.8,94.6,90.7,64.0,54.0,27.2,21.5,3.82,61.5,28.7,23.7,5.96,87.8,94.6,90.7,64.0,0.0,0.03,-0.01,0.28,4.67,0.54,0.09,0.03,0.35,0.06,18.2,0.35,0.06,0.09,0.5,27.6,0.0,0.0,0.0,0.03,0.02,0.02,69.8,3.0,19.0,41.9,9.5,0.19,69.8,0.63,58.8,0.35,32.4,40.6,0.03,0.66,0.5,48.9,1.8,0.69,0.98,1.8,0.69,48.9,0.73,1.1,0.79,1.36,3.15,1.2,0.09,1.58,1.58,0.0,0.0,0.06,0.0,0.0,0.0,0.06,0.06,0.0,0.0,0.06,0.0,0.0,0.0,0.03,1.29,0.85,0.0,0.41,1.36,0.98,0.0,0.0,0.0,5.65,0.41,44.8,,,,,,,,,,,,,,,,,,,,,,,,,,,,,Artur,MF,Houston Dynamo,29-268,Artur,Designated Player,Designated Player,"[-0.54322282 -0.79755134 -0.80744988 -0.82942838 -1.03220501  1.87684643
 -0.87642587 -0.80686754  1.03964236  0.82999183 -0.95511885  0.26023146
  1.02630953  0.10124713]",0,-2.6751658175824065,-0.028264541046815035
1631714026,2,2025,27,23,1771,19.7,0.0,0.0,0.0,0.0,0.0,0.0,0.1,0.0,0.05,0.05,0.06,0.11,0.96,5.84,1.42,0.0,0.0,0.0,0.0,0.0,0.05,0.06,0.11,0.05,0.11,19.7,44.0,23.2,16.0,3.3,54.3,26.8,18.7,5.74,81.0,86.6,85.6,57.5,701.0,261.4,44.0,23.2,16.0,3.3,54.3,26.8,18.7,5.74,81.0,86.6,85.6,57.5,44.0,23.2,16.0,3.3,54.3,26.8,18.7,5.74,81.0,86.6,85.6,57.5,44.0,23.2,16.0,3.3,54.3,26.8,18.7,5.74,81.0,86.6,85.6,57.5,0.0,0.07,-0.06,0.56,6.75,0.56,0.0,0.0,0.66,0.0,0.0,0.66,0.0,0.0,,19.0,0.0,0.0,0.0,0.07,-0.05,-0.05,65.4,2.49,14.4,38.6,13.5,0.86,65.4,0.56,68.8,0.2,25.0,33.5,0.0,1.27,0.61,39.6,2.64,1.57,1.42,2.64,1.57,54.4,1.32,1.62,1.52,1.47,4.11,1.37,0.0,1.88,1.88,0.0,0.0,0.0,0.0,0.0,0.0,0.05,0.05,0.0,0.0,0.0,0.0,0.0,0.0,0.0,0.96,0.41,0.0,0.51,1.47,1.42,0.0,0.0,0.05,6.24,0.96,48.7,,,,,,,,,,,,,,,,,,,,,,,,,,,,,Joshua Atencio,MF,Colorado Rapids,23-307,,,,"[-0.68603763 -0.79755134 -0.57261281 -0.57134113 -0.51377772  0.4854192
 -0.57847986 -0.93520667  0.37610859  1.13141716 -0.5392604   1.35369394
  1.24399542  1.20989846]",0,-2.6046168625732293,0.6396161317351945
1475796424,2,2025,28,25,2268,25.2,0.0,0.24,0.24,0.0,0.0,0.0,0.24,0.0,0.09,0.09,0.2,0.29,0.99,6.79,2.34,0.0,0.24,0.24,0.0,0.24,0.09,0.2,0.29,0.09,0.29,25.2,49.2,24.3,19.6,4.17,57.5,25.9,22.0,6.83,85.6,93.9,89.4,61.0,825.0,285.8,49.2,24.3,19.6,4.17,57.5,25.9,22.0,6.83,85.6,93.9,89.4,61.0,49.2,24.3,19.6,4.17,57.5,25.9,22.0,6.83,85.6,93.9,89.4,61.0,49.2,24.3,19.6,4.17,57.5,25.9,22.0,6.83,85.6,93.9,89.4,61.0,0.24,0.15,0.04,2.14,6.67,1.07,0.0,0.0,1.11,0.24,21.4,1.11,0.24,0.0,0.0,21.6,0.0,0.0,0.0,0.08,-0.09,-0.09,68.1,2.42,14.6,37.1,16.9,1.27,68.1,0.83,41.2,0.99,49.0,40.6,0.32,1.55,1.39,50.0,1.55,0.71,0.83,1.55,0.71,39.1,1.11,1.03,0.79,0.87,2.42,1.23,0.08,4.09,4.09,0.08,0.0,0.12,0.04,0.04,0.04,0.6,0.6,0.08,0.0,0.12,0.04,0.04,0.04,0.0,2.06,1.67,0.08,1.51,0.87,0.83,0.04,0.0,0.0,5.63,1.03,54.2,,,,,,,,,,,,,,,,,,,,,,,,,,,,,Eduard Atuesta,MF,Orlando City,28-169,Eduard Atuesta,TAM Player,TAM Player,"[-0.68603763  0.97360831 -0.33777574 -0.31325388  0.9378187   1.12632683
 -0.1459776  -0.42185015  0.72114615  1.66170246 -0.51526857 -0.0652038
  0.05661785 -0.04799439]",0,-0.671025713801221,1.882398189933803
8416662817,1,2025,28,11,1221,13.6,0.0,0.0,0.0,0.0,0.0,0.0,0.22,0.0,0.02,0.02,0.07,0.09,2.06,6.03,6.84,0.0,0.0,0.0,0.0,0.0,0.02,0.07,0.09,0.02,0.09,13.6,59.9,32.8,22.7,2.87,68.9,35.1,25.7,5.15,87.0,93.3,88.5,55.7,933.9,249.6,59.9,32.8,22.7,2.87,68.9,35.1,25.7,5.15,87.0,93.3,88.5,55.7,59.9,32.8,22.7,2.87,68.9,35.1,25.7,5.15,87.0,93.3,88.5,55.7,59.9,32.8,22.7,2.87,68.9,35.1,25.7,5.15,87.0,93.3,88.5,55.7,0.0,0.07,-0.07,0.88,5.81,1.18,0.51,0.0,0.29,0.07,25.0,0.29,0.07,0.0,0.0,18.2,0.0,0.0,0.0,0.07,-0.02,-0.02,80.5,3.82,21.3,37.6,22.2,0.96,80.5,1.47,57.1,1.03,40.0,42.9,0.22,0.96,0.51,54.9,2.65,1.69,1.62,2.65,1.69,51.1,1.62,1.1,0.88,0.96,3.6,2.79,0.07,2.13,2.14,0.0,0.0,0.07,0.0,0.15,0.0,0.07,0.07,0.0,0.0,0.07,0.0,0.15,0.0,0.0,1.4,1.62,0.07,2.06,0.96,1.62,0.0,0.0,0.07,4.63,1.18,61.5,,,,,,,,,,,,,,,,,,,,,,,,,,,,,Julián Aude,DF,LA Galaxy,22-255,Julián Aude,U22 Initiative,U22 Initiative,"[-0.68603763 -0.79755134 -0.74874061 -0.76490657 -0.41009226 -0.22383471
 -0.93409284 -0.78547769  1.43112728  1.23747422  0.34044018  1.36671135
  0.23472449  0.10124713]",0,-2.4190025966037463,1.1423738590186947
2137131377,1,2025,25,15,1195,13.3,0.15,0.0,0.15,0.15,0.0,0.0,0.38,0.15,0.05,0.05,0.0,0.05,0.75,3.31,0.15,0.15,0.0,0.15,0.15,0.15,0.05,0.0,0.05,0.05,0.05,13.3,68.9,21.1,40.1,7.37,75.4,22.2,41.8,10.5,91.3,94.9,95.9,70.5,1362.9,423.8,68.9,21.1,40.1,7.37,75.4,22.2,41.8,10.5,91.3,94.9,95.9,70.5,68.9,21.1,40.1,7.37,75.4,22.2,41.8,10.5,91.3,94.9,95.9,70.5,68.9,21.1,40.1,7.37,75.4,22.2,41.8,10.5,91.3,94.9,95.9,70.5,0.0,0.02,0.0,0.0,3.08,0.23,0.08,0.15,0.3,0.15,50.0,0.3,0.15,0.5,1.0,19.2,0.0,0.0,0.0,0.15,0.11,0.11,84.7,6.92,41.6,41.5,2.03,0.15,84.7,0.08,25.0,0.23,75.0,56.2,0.0,0.53,0.15,64.5,2.26,1.13,0.9,2.26,1.13,62.5,0.68,1.2,0.68,1.28,3.53,2.41,0.08,0.53,0.53,0.0,0.0,0.0,0.0,0.0,0.0,0.15,0.15,0.0,0.0,0.0,0.0,0.0,0.0,0.08,1.05,0.08,0.0,0.3,1.28,0.9,0.0,0.0,0.0,5.11,0.68,45.0,,,,,,,,,,,,,,,,,,,,,,,,,,,,,Tomás Avilés,DF,Inter Miami,21-304,Tomás Avilés,U22 Initiative,U22 Initiative,"[ 0.02803639 -0.79755134 -0.57261281 -0.57134113 -1.13589047 -0.25736308
 -0.92448168 -0.61435885  2.02830767 -0.28081634 -0.70720324  0.85903234
  0.86799253  0.31444931]",0,-2.5318215019476282,-0.36601321525207564
7597854835,2,2025,20,20,1773,19.7,0.0,0.05,0.05,0.0,0.0,0.0,0.3,0.0,0.07,0.07,0.05,0.11,0.36,2.99,0.2,0.0,0.05,0.05,0.0,0.05,0.06,0.04,0.11,0.06,0.11,19.7,41.0,13.4,23.1,4.16,48.5,14.6,25.5,7.46,84.6,91.3,90.8,55.8,798.7,311.7,41.0,13.4,23.1,4.16,48.5,14.6,25.5,7.46,84.6,91.3,90.8,55.8,41.0,13.4,23.1,4.16,48.5,14.6,25.5,7.46,84.6,91.3,90.8,55.8,41.0,13.4,23.1,4.16,48.5,14.6,25.5,7.46,84.6,91.3,90.8,55.8,0.05,0.04,0.01,0.41,2.79,0.0,0.0,0.0,0.66,0.1,15.4,0.66,0.1,0.0,0.0,11.9,0.05,0.0,0.0,0.1,-0.07,-0.07,58.7,8.38,29.7,27.1,2.13,1.27,58.7,0.3,100.0,0.0,0.0,32.3,0.0,0.46,0.1,35.6,1.27,0.71,0.66,1.27,0.71,63.6,0.41,0.66,0.41,1.12,2.39,5.23,0.1,0.66,0.66,0.0,0.0,0.0,0.0,0.0,0.0,0.05,0.05,0.0,0.0,0.0,0.0,0.0,0.0,0.0,1.02,0.76,0.0,0.0,1.12,0.66,0.0,0.0,0.0,4.77,1.52,50.8,,,,,,,,,,,,,,,,,,,,,,,,,,,,,Chidozie Awaziem,DF,Colorado Rapids,28-337,Chidozie Awaziem,TAM Player,TAM Player,"[-0.68603763 -0.42855974 -0.45519428 -0.44229751 -0.61746318  0.48799831
 -0.57847986 -0.72130812  0.17704846 -0.45943875 -1.01909708 -0.42969129
  0.55135851 -0.83684245]",0,-1.3632142956442284,-1.0327029515326713
1040278238,1,2025,24,17,1546,17.2,0.06,0.0,0.06,0.06,0.0,0.0,0.17,0.06,0.03,0.03,0.01,0.04,0.12,1.86,0.23,0.06,0.0,0.06,0.06,0.06,0.03,0.01,0.04,0.03,0.04,17.2,48.4,21.6,23.4,2.79,55.2,22.7,25.1,6.34,87.7,95.1,93.5,44.0,820.3,289.8,48.4,21.6,23.4,2.79,55.2,22.7,25.1,6.34,87.7,95.1,93.5,44.0,48.4,21.6,23.4,2.79,55.2,22.7,25.1,6.34,87.7,95.1,93.5,44.0,48.4,21.6,23.4,2.79,55.2,22.7,25.1,6.34,87.7,95.1,93.5,44.0,0.0,0.02,-0.01,0.12,2.33,0.12,0.0,0.06,0.17,0.06,33.3,0.17,0.06,0.33,1.0,8.0,0.0,0.0,0.0,0.17,0.03,0.03,68.0,11.2,41.7,24.3,2.21,0.76,68.0,0.23,100.0,0.0,0.0,38.5,0.06,0.29,0.17,44.4,0.99,0.52,0.47,0.99,0.52,81.8,0.12,1.16,0.7,0.93,1.92,8.14,0.0,0.35,0.35,0.0,0.0,0.06,0.0,0.0,0.0,0.0,0.0,0.0,0.0,0.06,0.0,0.0,0.0,0.0,1.22,0.81,0.06,0.0,0.93,0.47,0.0,0.06,0.0,3.26,1.74,73.2,,,,,,,,,,,,,,,,,,,,,,,,,,,,,Obafemi Awodesu,DF,Houston Dynamo,24-243,,,,"[-0.40040802 -0.79755134 -0.69003135 -0.70038476 -1.03220501  0.19526987
 -1.04942678 -0.80686754  0.66806345 -1.09019917 -1.21103175 -0.79417879
  0.17535561  0.22916844]",0,-2.0027435624605947,-1.755309488297207
9335012043,1,2025,33,32,2624,29.2,0.07,0.03,0.1,0.07,0.0,0.0,0.14,0.0,0.06,0.06,0.04,0.1,0.51,6.61,0.82,0.07,0.03,0.1,0.07,0.1,0.06,0.04,0.1,0.06,0.1,29.2,56.0,20.1,27.5,7.77,63.9,22.2,29.6,10.1,87.6,90.7,92.8,76.7,1108.7,292.8,56.0,20.1,27.5,7.77,63.9,22.2,29.6,10.1,87.6,90.7,92.8,76.7,56.0,20.1,27.5,7.77,63.9,22.2,29.6,10.1,87.6,90.7,92.8,76.7,56.0,20.1,27.5,7.77,63.9,22.2,29.6,10.1,87.6,90.7,92.8,76.7,0.03,0.05,-0.0,0.55,6.88,0.38,0.0,0.07,1.13,0.21,18.2,1.13,0.21,0.06,0.33,18.9,0.0,0.0,0.0,0.05,0.01,0.01,74.9,2.95,18.7,46.3,10.5,1.13,74.9,0.75,64.7,0.34,29.4,46.8,0.07,1.03,0.62,53.4,3.01,1.47,1.92,3.01,1.47,70.5,0.62,1.2,0.96,1.64,4.66,1.85,0.0,1.68,1.68,0.07,0.0,0.07,0.0,0.14,0.0,0.07,0.07,0.07,0.0,0.07,0.0,0.14,0.0,0.0,1.23,1.1,0.0,0.48,1.64,1.92,0.0,0.0,0.0,5.96,0.92,56.3,,,,,,,,,,,,,,,,,,,,,,,,,,,,,David Ayala,MF,Portland Timbers,23-131,David Ayala,U22 Initiative,U22 Initiative,"[-0.35280309 -0.57615638 -0.51390354 -0.50681932 -0.72114864  1.58540755
 -0.12675527 -0.48601971  1.17234911  1.56122735 -0.89913791  1.83533813
  1.58041907  0.31444931]",0,-2.450849714642034,1.1264504157449642
7326723158,3,2025,21,6,748,8.3,0.12,0.0,0.12,0.12,0.0,0.0,0.36,0.0,0.3,0.3,0.04,0.33,1.08,1.08,6.51,0.12,0.0,0.12,0.12,0.12,0.3,0.03,0.33,0.3,0.33,8.3,13.0,7.59,3.86,0.6,20.2,10.4,5.54,1.57,64.3,73.3,69.6,38.5,181.0,24.0,13.0,7.59,3.86,0.6,20.2,10.4,5.54,1.57,64.3,73.3,69.6,38.5,13.0,7.59,3.86,0.6,20.2,10.4,5.54,1.57,64.3,73.3,69.6,38.5,13.0,7.59,3.86,0.6,20.2,10.4,5.54,1.57,64.3,73.3,69.6,38.5,0.0,0.06,-0.04,0.6,0.72,0.0,0.0,0.12,1.93,0.84,43.8,1.93,0.84,0.06,0.14,12.6,0.0,0.0,0.0,0.16,-0.18,-0.18,28.2,0.96,2.05,10.8,15.7,3.13,28.2,0.12,14.3,0.6,71.4,16.0,0.48,2.29,1.08,22.5,0.36,0.24,0.24,0.36,0.24,100.0,0.0,0.12,0.0,0.0,0.36,1.08,0.0,1.2,1.2,0.0,0.0,0.12,0.0,0.0,0.0,0.0,0.0,0.0,0.0,0.12,0.0,0.0,0.0,0.0,2.29,2.17,0.6,0.72,0.0,0.24,0.0,0.0,0.0,2.05,4.7,50.0,,,,,,,,,,,,,,,,,,,,,,,,,,,,,Dominique Badji,"FW,MF",D.C. United,33-049,Dominique Badji,,Standard,"[-0.11477841 -0.79755134  0.89511888  1.04170418 -0.72114864 -0.83379308
  0.64213765  0.86154116 -1.68084608 -1.52559131 -0.44329306 -1.61427565
 -1.66507962 -1.98813422]",0,2.5223681337005073,-3.0018580052626858
2485491234,1,2025,25,9,896,10.0,0.1,0.2,0.3,0.1,0.0,0.0,0.1,0.0,0.08,0.08,0.13,0.21,1.0,2.8,3.0,0.1,0.2,0.3,0.1,0.3,0.08,0.13,0.21,0.08,0.21,10.0,29.7,14.7,12.4,1.1,33.5,15.8,13.4,1.6,88.7,93.0,92.5,68.8,453.6,83.7,29.7,14.7,12.4,1.1,33.5,15.8,13.4,1.6,88.7,93.0,92.5,68.8,29.7,14.7,12.4,1.1,33.5,15.8,13.4,1.6,88.7,93.0,92.5,68.8,29.7,14.7,12.4,1.1,33.5,15.8,13.4,1.6,88.7,93.0,92.5,68.8,0.2,0.06,0.07,0.5,1.7,1.0,0.2,0.1,0.7,0.5,71.4,0.7,0.5,0.14,0.2,13.1,0.0,0.0,0.0,0.11,0.02,0.02,42.1,1.0,7.6,21.3,13.5,1.2,42.1,0.6,35.3,0.9,52.9,24.0,0.0,1.2,0.3,27.7,1.8,0.8,0.9,1.8,0.8,44.4,1.0,0.9,0.7,1.5,3.3,0.6,0.0,2.1,2.1,0.0,0.0,0.3,0.0,0.2,0.0,0.5,0.5,0.0,0.0,0.3,0.0,0.2,0.0,0.0,1.4,1.9,0.0,0.8,1.5,0.9,0.0,0.0,0.0,3.5,0.7,36.8,,,,,,,,,,,,,,,,,,,,,,,,,,,,,Jeevan Badwal,"MF,FW",Vancouver W'caps,19-268,Jeevan Badwal,Homegrown Player,Homegrown,"[-0.20998828  0.67841504 -0.39648501 -0.37777569  0.21202049 -0.6429393
 -0.54003522  0.13428609 -0.57274469 -0.56549581 -0.50727129  0.26023146
  1.3033643  -0.32515722]",0,-0.5288683797453543,-0.0322804179387719
7463909220,3,2025,18,3,422,4.7,0.0,0.0,0.0,0.0,0.0,0.0,0.85,0.0,0.19,0.19,0.11,0.3,2.98,2.55,6.17,0.0,0.0,0.0,0.0,0.0,0.18,0.11,0.3,0.18,0.3,4.7,30.2,17.2,10.4,0.85,37.7,20.4,11.7,1.28,80.2,84.4,89.1,66.7,421.3,94.7,30.2,17.2,10.4,0.85,37.7,20.4,11.7,1.28,80.2,84.4,89.1,66.7,30.2,17.2,10.4,0.85,37.7,20.4,11.7,1.28,80.2,84.4,89.1,66.7,30.2,17.2,10.4,0.85,37.7,20.4,11.7,1.28,80.2,84.4,89.1,66.7,0.0,0.15,-0.11,1.49,0.85,1.06,0.21,0.0,1.7,0.64,37.5,1.71,0.64,0.0,0.0,13.7,0.0,0.0,0.0,0.11,-0.19,-0.19,47.0,0.85,5.32,22.6,19.4,3.62,47.0,0.43,33.3,0.85,66.7,26.2,0.85,1.91,1.7,33.2,1.28,0.64,1.06,1.28,0.64,37.5,1.06,0.43,0.43,0.21,1.49,0.85,0.0,2.98,2.99,0.0,0.0,0.0,0.0,0.0,0.0,0.43,0.43,0.0,0.0,0.0,0.0,0.0,0.0,0.0,0.85,1.28,0.21,1.06,0.21,1.06,0.0,0.0,0.0,4.89,1.49,50.0,,,,,,,,,,,,,,,,,,,,,,,,,,,,,Corey Baird,"FW,MF",FC Cincinnati,29-308,Corey Baird,TAM Player,TAM Player,"[-0.68603763 -0.79755134  0.24931693  0.33196424  0.00464957 -1.25418722
  0.42108093  0.43374406 -0.539568   -0.70504458  1.07618975 -0.41667388
 -1.24949747 -1.32720746]",0,1.2356181089928435,-0.8650610359063554
7463909220,4,2025,18,3,422,4.7,0.0,0.0,0.0,0.0,0.0,0.0,0.85,0.0,0.19,0.19,0.11,0.3,2.98,2.55,6.17,0.0,0.0,0.0,0.0,0.0,0.18,0.11,0.3,0.18,0.3,4.7,30.2,17.2,10.4,0.85,37.7,20.4,11.7,1.28,80.2,84.4,89.1,66.7,421.3,94.7,30.2,17.2,10.4,0.85,37.7,20.4,11.7,1.28,80.2,84.4,89.1,66.7,30.2,17.2,10.4,0.85,37.7,20.4,11.7,1.28,80.2,84.4,89.1,66.7,30.2,17.2,10.4,0.85,37.7,20.4,11.7,1.28,80.2,84.4,89.1,66.7,0.0,0.15,-0.11,1.49,0.85,1.06,0.21,0.0,1.7,0.64,37.5,1.71,0.64,0.0,0.0,13.7,0.0,0.0,0.0,0.11,-0.19,-0.19,47.0,0.85,5.32,22.6,19.4,3.62,47.0,0.43,33.3,0.85,66.7,26.2,0.85,1.91,1.7,33.2,1.28,0.64,1.06,1.28,0.64,37.5,1.06,0.43,0.43,0.21,1.49,0.85,0.0,2.98,2.99,0.0,0.0,0.0,0.0,0.0,0.0,0.43,0.43,0.0,0.0,0.0,0.0,0.0,0.0,0.0,0.85,1.28,0.21,1.06,0.21,1.06,0.0,0.0,0.0,4.89,1.49,50.0,,,,,,,,,,,,,,,,,,,,,,,,,,,,,Corey Baird,"FW,MF",FC Cincinnati,29-308,Corey Baird,TAM Player,TAM Player,"[-0.68603763 -0.79755134  0.24931693  0.33196424  0.00464957 -1.25418722
  0.42108093  0.43374406 -0.539568   -0.70504458  1.07618975 -0.41667388
 -1.24949747 -1.32720746]",0,1.2356181089928435,-0.8650610359063554
1462478439,2,2025,14,6,544,6.0,0.0,0.17,0.17,0.0,0.0,0.0,0.83,0.17,0.02,0.02,0.28,0.3,1.5,4.5,5.83,0.0,0.17,0.17,0.0,0.17,0.02,0.28,0.31,0.02,0.31,6.0,47.7,24.3,18.5,2.83,57.3,25.5,22.3,6.33,83.1,95.4,82.8,44.7,754.3,203.2,47.7,24.3,18.5,2.83,57.3,25.5,22.3,6.33,83.1,95.4,82.8,44.7,47.7,24.3,18.5,2.83,57.3,25.5,22.3,6.33,83.1,95.4,82.8,44.7,47.7,24.3,18.5,2.83,57.3,25.5,22.3,6.33,83.1,95.4,82.8,44.7,0.17,0.18,-0.12,1.5,3.33,1.83,1.17,0.0,0.5,0.17,33.3,0.5,0.17,0.0,0.0,18.7,0.0,0.0,0.0,0.04,-0.02,-0.02,73.7,4.5,22.0,31.2,21.7,1.17,73.7,0.67,40.0,0.83,50.0,39.8,0.33,2.17,0.83,44.5,2.83,1.67,1.17,2.83,1.67,55.6,1.33,2.17,1.83,1.33,4.17,4.67,0.0,2.0,1.98,0.0,0.0,0.17,0.0,0.0,0.0,0.17,0.17,0.0,0.0,0.17,0.0,0.0,0.0,0.17,2.67,0.5,0.17,3.33,1.33,1.17,0.0,0.17,0.0,4.67,1.0,60.0,,,,,,,,,,,,,,,,,,,,,,,,,,,,,Reed Baker-Whiting,DF,Seattle Sounders,20-248,Reed Baker-Whiting,Homegrown Player,Homegrown,"[-0.68603763  0.45702008 -0.74874061 -0.76490657  1.76730237 -1.09686181
 -0.73225845 -0.57157913  0.62161609  0.38343578 -0.10740739  1.60102474
  0.96694066  2.38251044]",0,-2.002613859995364,2.073974561578562
6437162040,2,2025,21,5,601,6.7,0.3,0.0,0.3,0.3,0.0,0.0,0.15,0.0,0.28,0.28,0.06,0.36,0.6,1.34,7.61,0.3,0.0,0.3,0.3,0.3,0.29,0.06,0.35,0.29,0.35,6.7,14.5,9.1,3.58,0.6,20.4,12.2,5.07,0.75,70.8,74.4,70.6,80.0,185.2,41.8,14.5,9.1,3.58,0.6,20.4,12.2,5.07,0.75,70.8,74.4,70.6,80.0,14.5,9.1,3.58,0.6,20.4,12.2,5.07,0.75,70.8,74.4,70.6,80.0,14.5,9.1,3.58,0.6,20.4,12.2,5.07,0.75,70.8,74.4,70.6,80.0,0.0,0.09,-0.06,0.9,1.04,0.6,0.0,0.3,2.84,0.75,26.3,2.85,0.75,0.11,0.4,15.9,0.0,0.0,0.0,0.1,0.01,0.01,36.4,2.09,5.07,13.0,19.0,4.93,36.4,0.45,18.8,1.79,75.0,19.4,0.3,3.73,1.64,23.1,1.19,0.9,0.75,1.19,0.9,50.0,0.9,0.6,0.6,0.6,1.79,2.09,0.0,2.24,2.25,0.0,0.0,0.15,0.0,0.0,0.0,0.0,0.0,0.0,0.0,0.15,0.0,0.0,0.0,0.0,2.24,1.79,0.0,0.15,0.6,0.75,0.0,0.0,0.0,3.73,2.69,47.4,,,,,,,,,,,,,,,,,,,,,,,,,,,,,Monsef Bakrar,"FW,MF",NYCFC,24-325,,,,"[ 0.7421104  -0.79755134  0.77770034  0.91266056 -0.51377772 -1.02335731
  1.51675334  0.66903247 -1.58131601 -1.3804606  -0.82716241 -0.53383058
 -0.47770205 -0.96476376]",0,2.169203342483382,-2.426078884626493
2239149695,1,2025,34,32,2456,27.3,0.18,0.15,0.33,0.18,0.0,0.0,0.11,0.0,0.22,0.22,0.19,0.4,4.14,4.29,7.84,0.18,0.15,0.33,0.18,0.33,0.22,0.19,0.4,0.22,0.4,27.3,29.0,16.1,10.4,1.72,36.3,18.4,12.7,2.75,79.9,87.3,81.3,62.7,446.0,125.2,29.0,16.1,10.4,1.72,36.3,18.4,12.7,2.75,79.9,87.3,81.3,62.7,29.0,16.1,10.4,1.72,36.3,18.4,12.7,2.75,79.9,87.3,81.3,62.7,29.0,16.1,10.4,1.72,36.3,18.4,12.7,2.75,79.9,87.3,81.3,62.7,0.15,0.18,-0.04,1.83,2.71,1.98,0.22,0.18,2.09,0.88,42.1,2.09,0.88,0.09,0.21,18.3,0.04,0.0,0.0,0.1,-0.03,-0.03,48.4,0.88,7.18,21.6,20.7,4.43,48.4,1.32,38.3,1.94,56.4,32.1,1.32,2.56,1.68,37.1,0.77,0.51,0.48,0.77,0.51,45.2,0.62,0.88,0.84,0.73,1.5,0.77,0.07,4.14,4.14,0.18,0.07,0.26,0.04,0.04,0.04,0.48,0.48,0.18,0.07,0.26,0.04,0.04,0.04,0.0,0.95,2.09,0.33,1.5,0.73,0.48,0.0,0.04,0.0,4.91,0.48,46.4,,,,,,,,,,,,,,,,,,,,,,,,,,,,,Jonathan Bamba,FW,Chicago Fire,29-253,Jonathan Bamba,Designated Player,Designated Player,"[ 0.17085119  0.30942344  0.42544474  0.52552968  0.83413324  1.36876272
  0.79591623  0.94710058 -0.61919206  0.26621482  2.003874   -1.08056182
 -0.22043691 -0.36779766]",0,2.177935873203389,0.8801747779836541
1766618545,2,2025,29,20,1867,20.7,0.77,0.1,0.87,0.72,0.05,0.05,0.34,0.0,0.66,0.62,0.11,0.73,0.53,1.69,5.31,0.77,0.1,0.87,0.72,0.82,0.66,0.11,0.77,0.62,0.73,20.7,19.8,11.8,5.7,0.63,25.8,14.7,7.2,0.77,76.4,80.6,79.2,81.3,260.2,40.3,19.8,11.8,5.7,0.63,25.8,14.7,7.2,0.77,76.4,80.6,79.2,81.3,19.8,11.8,5.7,0.63,25.8,14.7,7.2,0.77,76.4,80.6,79.2,81.3,19.8,11.8,5.7,0.63,25.8,14.7,7.2,0.77,76.4,80.6,79.2,81.3,0.1,0.05,-0.01,1.06,1.45,0.34,0.0,0.77,2.61,1.06,40.7,2.6,1.06,0.28,0.68,10.9,0.0,0.05,0.05,0.24,0.11,0.1,37.6,0.34,2.03,18.4,17.5,4.93,37.6,0.53,50.0,0.53,50.0,19.2,0.29,2.75,1.11,25.4,0.72,0.19,0.48,0.72,0.19,25.0,0.58,1.26,1.26,0.29,1.01,0.34,0.0,2.17,2.17,0.05,0.0,0.1,0.0,0.0,0.0,0.19,0.19,0.05,0.0,0.1,0.0,0.0,0.0,0.0,1.55,0.82,0.58,0.1,0.29,0.48,0.0,0.0,0.0,2.95,1.64,34.0,,,,,,,,,,,,,,,,,,,,,,,,,,,,,Tai Baribo,FW,Philadelphia Union,27-323,Tai Baribo,TAM Player,TAM Player,"[ 2.97954232 -0.05956815  3.00865251  3.10640218  0.00464957  0.60921625
  1.29569663  1.33211798 -1.22964312 -1.18509233 -0.88314335 -1.14564887
 -1.09118046  0.44237062]",-1,4.795976667163495,-2.346941340121778
6693448974,2,2025,22,1,373,4.1,0.73,0.0,0.73,0.73,0.0,0.0,0.24,0.0,0.37,0.37,0.05,0.41,0.49,1.46,3.9,0.72,0.0,0.72,0.72,0.72,0.35,0.05,0.4,0.35,0.4,4.1,10.5,5.12,3.9,0.73,18.5,8.54,5.85,0.73,56.6,60.0,66.7,100.0,159.0,36.6,10.5,5.12,3.9,0.73,18.5,8.54,5.85,0.73,56.6,60.0,66.7,100.0,10.5,5.12,3.9,0.73,18.5,8.54,5.85,0.73,56.6,60.0,66.7,100.0,10.5,5.12,3.9,0.73,18.5,8.54,5.85,0.73,56.6,60.0,66.7,100.0,0.0,0.02,-0.05,0.73,0.98,0.73,0.24,0.73,1.95,0.98,50.0,1.93,0.97,0.38,0.75,11.7,0.0,0.0,0.0,0.18,0.37,0.37,30.5,1.71,3.41,12.7,14.4,3.41,30.5,0.0,0.0,1.22,100.0,15.1,0.24,3.17,1.22,20.0,0.73,0.0,0.73,0.73,0.0,,0.0,0.98,0.73,0.24,0.98,1.46,0.0,1.46,1.45,0.0,0.0,0.24,0.0,0.0,0.0,0.24,0.24,0.0,0.0,0.24,0.0,0.0,0.0,0.0,2.68,0.98,0.98,0.49,0.24,0.73,0.0,0.24,0.0,1.71,1.71,35.0,,,,,,,,,,,,,,,,,,,,,,,,,,,,,Tom Barlow,"FW,MF",Chicago Fire,30-149,Tom Barlow,,Standard,"[ 2.78912258 -0.79755134  1.30608375  1.49335687 -0.61746318 -1.3173753
  0.66135997  1.16099914 -1.84672952 -1.31347719 -0.91513246 -1.13263146
 -1.19012859 -0.15459548]",-1,3.2704196130066734,-3.0021489315215963
3076274821,1,2025,19,11,1045,11.6,0.09,0.09,0.17,0.09,0.0,0.0,0.09,0.0,0.04,0.04,0.07,0.11,2.16,3.19,3.88,0.09,0.09,0.17,0.09,0.17,0.04,0.07,0.11,0.04,0.11,11.6,33.4,17.0,13.7,1.81,43.4,19.2,18.0,3.71,77.1,88.3,76.1,48.8,521.2,161.1,33.4,17.0,13.7,1.81,43.4,19.2,18.0,3.71,77.1,88.3,76.1,48.8,33.4,17.0,13.7,1.81,43.4,19.2,18.0,3.71,77.1,88.3,76.1,48.8,33.4,17.0,13.7,1.81,43.4,19.2,18.0,3.71,77.1,88.3,76.1,48.8,0.09,0.03,0.02,0.69,2.33,0.6,0.0,0.09,0.95,0.34,36.4,0.95,0.34,0.09,0.25,20.9,0.0,0.0,0.0,0.04,0.04,0.04,56.5,3.28,18.9,23.7,14.8,1.29,56.5,1.9,57.9,1.21,36.8,27.2,0.17,2.59,0.52,30.6,3.36,1.47,2.84,3.36,1.47,65.4,0.78,0.78,0.78,0.52,3.88,2.84,0.17,1.64,1.64,0.09,0.0,0.0,0.0,0.0,0.0,0.34,0.34,0.09,0.0,0.0,0.0,0.0,0.0,0.0,0.6,0.86,0.0,1.55,0.52,2.84,0.0,0.0,0.0,4.74,0.26,21.4,,,,,,,,,,,,,,,,,,,,,,,,,,,,,Leonardo Barroso,DF,Chicago Fire,20-175,Leonardo Barroso,U22 Initiative,U22 Initiative,"[-0.25759322 -0.13336647 -0.63132208 -0.63586294 -0.41009226 -0.45079597
 -0.29975618 -0.2079516  -0.3272372  -0.34779974  0.42041296  2.2909475
 -0.63601906 -0.58099984]",0,-0.789328022905796,0.2632029228907632
7881571498,1,2025,30,22,1935,21.5,0.0,0.05,0.05,0.0,0.0,0.0,0.37,0.0,0.01,0.01,0.05,0.06,0.28,3.02,0.37,0.0,0.05,0.05,0.0,0.05,0.01,0.05,0.06,0.01,0.06,21.5,45.5,17.7,20.4,6.84,53.4,19.0,22.4,10.3,85.3,93.1,91.1,66.5,879.1,234.7,45.5,17.7,20.4,6.84,53.4,19.0,22.4,10.3,85.3,93.1,91.1,66.5,45.5,17.7,20.4,6.84,53.4,19.0,22.4,10.3,85.3,93.1,91.1,66.5,45.5,17.7,20.4,6.84,53.4,19.0,22.4,10.3,85.3,93.1,91.1,66.5,0.05,0.11,0.0,0.65,4.37,0.05,0.05,0.0,0.19,0.0,0.0,0.19,0.0,0.0,,19.7,0.0,0.0,0.0,0.05,-0.01,-0.01,63.2,3.86,15.4,36.5,11.7,0.37,63.2,0.14,37.5,0.14,37.5,32.4,0.0,0.65,0.37,39.9,1.63,0.51,0.98,1.63,0.51,44.0,0.65,1.21,0.6,1.4,3.02,2.14,0.05,1.58,1.58,0.0,0.0,0.0,0.0,0.05,0.0,0.14,0.14,0.0,0.0,0.0,0.0,0.05,0.0,0.0,1.3,0.7,0.0,2.05,1.4,0.98,0.0,0.05,0.05,3.35,0.23,26.3,,,,,,,,,,,,,,,,,,,,,,,,,,,,,Jacob Bartlett,MF,Sporting KC,20-058,Jacob Bartlett,Homegrown Player,Homegrown,"[-0.68603763 -0.42855974 -0.80744988 -0.82942838 -0.61746318  0.69690582
 -1.03020445 -0.93520667  0.47563866 -0.4426929  -1.0830753   0.03893548
  1.10546804  0.33576953]",0,-2.446066616018925,-0.6657253278897534
3318473227,2,2025,30,29,2603,28.9,0.0,0.0,0.0,0.0,0.0,0.0,0.21,0.0,0.04,0.04,0.05,0.09,0.28,1.87,0.31,0.0,0.0,0.0,0.0,0.0,0.04,0.05,0.09,0.04,0.09,28.9,41.3,14.5,22.4,4.22,49.5,16.1,24.3,7.75,83.5,90.5,91.9,54.5,801.9,319.1,41.3,14.5,22.4,4.22,49.5,16.1,24.3,7.75,83.5,90.5,91.9,54.5,41.3,14.5,22.4,4.22,49.5,16.1,24.3,7.75,83.5,90.5,91.9,54.5,41.3,14.5,22.4,4.22,49.5,16.1,24.3,7.75,83.5,90.5,91.9,54.5,0.0,0.04,-0.05,0.38,1.83,0.17,0.03,0.0,0.38,0.1,27.3,0.38,0.1,0.0,0.0,11.9,0.0,0.0,0.0,0.1,-0.04,-0.04,61.8,10.5,39.5,19.2,3.39,1.59,61.8,0.1,100.0,0.0,0.0,32.0,0.0,0.55,0.24,37.7,1.28,0.76,0.66,1.28,0.76,73.3,0.28,1.42,0.45,1.21,2.49,6.82,0.07,0.69,0.69,0.0,0.0,0.0,0.0,0.0,0.0,0.03,0.03,0.0,0.0,0.0,0.0,0.0,0.0,0.0,1.21,0.55,0.07,0.1,1.21,0.66,0.0,0.07,0.03,4.05,3.08,64.5,,,,,,,,,,,,,,,,,,,,,,,,,,,,,Lucas Bartlett,DF,D.C. United,28-131,Lucas Bartlett,,Standard,"[-0.68603763 -0.79755134 -0.63132208 -0.63586294 -0.61746318  1.55832695
 -0.84759239 -0.72130812  0.19695448 -1.08461722 -1.0830753  -0.41667388
  0.72946514  0.7834941 ]",0,-2.0281189544895546,-1.3736821466477656
6942104958,1,2025,22,14,1326,14.7,0.0,0.14,0.14,0.0,0.0,0.0,0.14,0.0,0.08,0.08,0.06,0.14,0.68,4.22,0.41,0.0,0.14,0.14,0.0,0.14,0.08,0.06,0.14,0.08,0.14,14.7,43.3,17.7,19.8,5.17,53.4,19.3,21.8,10.6,81.1,91.9,90.9,48.7,815.1,347.4,43.3,17.7,19.8,5.17,53.4,19.3,21.8,10.6,81.1,91.9,90.9,48.7,43.3,17.7,19.8,5.17,53.4,19.3,21.8,10.6,81.1,91.9,90.9,48.7,43.3,17.7,19.8,5.17,53.4,19.3,21.8,10.6,81.1,91.9,90.9,48.7,0.14,0.05,0.07,0.34,5.58,0.27,0.0,0.0,0.68,0.14,20.0,0.68,0.14,0.0,0.0,14.4,0.0,0.0,0.0,0.12,-0.08,-0.08,64.0,7.82,29.6,29.4,5.31,1.16,64.0,0.41,85.7,0.07,14.3,35.5,0.07,0.2,0.14,43.7,1.29,0.88,0.75,1.29,0.88,81.3,0.2,1.16,0.54,0.27,1.56,6.46,0.07,1.16,1.15,0.07,0.0,0.0,0.0,0.07,0.0,0.14,0.14,0.07,0.0,0.0,0.0,0.07,0.0,0.0,0.82,0.48,0.0,0.88,0.27,0.75,0.0,0.0,0.0,2.65,1.97,64.4,,,,,,,,,,,,,,,,,,,,,,,,,,,,,Ethan Bartlow,DF,Houston Dynamo,25-305,Ethan Bartlow,,Standard,"[-0.68603763  0.23562513 -0.39648501 -0.37777569 -0.51377772 -0.08843169
 -0.55925754 -0.6357487   0.32966123  0.22714117 -0.76318418 -0.40365647
 -1.13075971  0.22916844]",0,-0.9472555243650798,-0.3350055674587002
2937414156,1,2025,28,25,2196,24.4,0.12,0.12,0.25,0.08,0.04,0.04,0.16,0.0,0.21,0.18,0.14,0.32,2.87,5.16,4.55,0.12,0.12,0.25,0.08,0.2,0.21,0.14,0.35,0.18,0.32,24.4,38.9,18.9,15.7,3.07,48.9,22.0,18.4,5.61,79.5,86.2,85.7,54.7,648.7,196.6,38.9,18.9,15.7,3.07,48.9,22.0,18.4,5.61,79.5,86.2,85.7,54.7,38.9,18.9,15.7,3.07,48.9,22.0,18.4,5.61,79.5,86.2,85.7,54.7,38.9,18.9,15.7,3.07,48.9,22.0,18.4,5.61,79.5,86.2,85.7,54.7,0.12,0.2,-0.02,1.27,4.3,1.31,0.33,0.12,1.72,0.57,33.3,1.72,0.57,0.05,0.14,17.8,0.12,0.04,0.04,0.1,-0.09,-0.1,59.0,1.76,8.69,30.3,20.3,2.91,59.0,0.7,39.5,1.02,58.1,34.3,0.53,1.35,0.7,41.9,1.19,0.57,0.7,1.19,0.57,35.0,1.07,1.11,1.02,0.16,1.35,1.07,0.0,3.24,3.24,0.04,0.0,0.04,0.04,0.08,0.0,0.41,0.41,0.04,0.0,0.04,0.04,0.08,0.0,0.0,0.78,0.82,0.0,2.79,0.16,0.7,0.0,0.0,0.0,3.4,0.82,60.6,,,,,,,,,,,,,,,,,,,,,,,,,,,,,Cole Bassett,"MF,FW",Colorado Rapids,24-129,Cole Bassett,U22 Initiative,U22 Initiative,"[-0.11477841  0.08802849  0.36673547  0.26744243  0.31570595  1.03347905
  0.44030325  0.28401507  0.03770637  0.75184452  0.9882197  -0.53383058
 -1.3484456   0.12256735]",0,1.10304153108999,0.6911032877562198
2135204351,1,2025,12,3,339,3.8,0.0,0.26,0.26,0.0,0.0,0.0,0.26,0.0,0.26,0.26,0.13,0.39,1.32,2.37,5.53,0.0,0.27,0.27,0.0,0.27,0.28,0.13,0.4,0.28,0.4,3.8,27.1,17.6,6.58,0.79,35.8,20.0,10.0,1.05,75.7,88.2,65.8,75.0,328.7,96.6,27.1,17.6,6.58,0.79,35.8,20.0,10.0,1.05,75.7,88.2,65.8,75.0,27.1,17.6,6.58,0.79,35.8,20.0,10.0,1.05,75.7,88.2,65.8,75.0,27.1,17.6,6.58,0.79,35.8,20.0,10.0,1.05,75.7,88.2,65.8,75.0,0.26,0.05,0.13,0.53,2.37,0.0,0.0,0.0,1.05,0.0,0.0,1.06,0.0,0.0,,12.1,0.0,0.0,0.0,0.26,-0.26,-0.26,44.2,0.53,5.53,21.8,17.6,2.37,44.2,0.53,50.0,0.53,50.0,28.9,0.26,1.32,1.05,31.8,2.37,1.58,1.58,2.37,1.58,54.5,1.32,0.26,0.26,0.53,2.89,1.05,0.0,1.84,1.86,0.0,0.0,0.26,0.0,0.0,0.0,0.26,0.27,0.0,0.0,0.26,0.0,0.0,0.0,0.0,1.05,0.79,0.0,0.79,0.53,1.58,0.0,0.26,0.0,4.74,0.26,20.0,,,,,,,,,,,,,,,,,,,,,,,,,,,,,Sam Bassett,"FW,MF",Colorado Rapids,22-235,Sam Bassett,Homegrown Player,Homegrown,"[-0.68603763  1.12120495  0.66028181  0.78361693  0.21202049 -1.36122009
 -0.20364457 -0.93520667 -0.74526347 -0.80551969 -0.25135839  1.00222386
 -0.61622943 -1.68965117]",-1,0.7139269678198552,-0.21864608823225595
5225602615,3,2025,29,20,1749,19.4,0.1,0.15,0.26,0.1,0.0,0.0,0.21,0.0,0.11,0.11,0.2,0.31,1.86,6.34,6.6,0.1,0.15,0.26,0.1,0.26,0.11,0.2,0.31,0.11,0.31,19.4,47.5,29.0,13.4,2.58,54.6,31.4,15.3,4.12,87.1,92.3,87.8,62.5,668.2,177.3,47.5,29.0,13.4,2.58,54.6,31.4,15.3,4.12,87.1,92.3,87.8,62.5,47.5,29.0,13.4,2.58,54.6,31.4,15.3,4.12,87.1,92.3,87.8,62.5,47.5,29.0,13.4,2.58,54.6,31.4,15.3,4.12,87.1,92.3,87.8,62.5,0.15,0.16,-0.05,2.27,4.18,1.39,0.15,0.1,0.88,0.21,23.5,0.87,0.21,0.12,0.5,19.8,0.05,0.0,0.0,0.12,-0.01,-0.01,62.0,0.15,5.67,32.9,23.8,2.27,62.0,0.46,42.9,0.57,52.4,40.0,0.31,2.11,0.98,49.4,1.08,0.41,0.67,1.08,0.41,38.1,0.67,0.67,0.67,0.82,1.91,0.31,0.0,3.76,3.76,0.0,0.0,0.21,0.0,0.05,0.0,0.26,0.26,0.0,0.0,0.21,0.0,0.05,0.0,0.0,1.86,1.86,0.41,1.96,0.82,0.67,0.0,0.0,0.0,3.76,0.26,21.7,,,,,,,,,,,,,,,,,,,,,,,,,,,,,Amine Bassi,"MF,FW",Houston Dynamo,28-007,Amine Bassi,TAM Player,TAM Player,"[-0.20998828  0.30942344 -0.22035721 -0.18421026  0.9378187   0.45704905
 -0.36703431 -0.48601971  0.60834541  1.41051469  0.18049462 -0.67702209
 -0.04233028 -0.81552223]",0,-0.1722289024913965,1.3588494984086992
3905261342,2,2025,25,18,1665,18.5,0.05,0.0,0.05,0.05,0.0,0.0,0.43,0.0,0.03,0.03,0.08,0.1,1.3,6.54,2.81,0.05,0.0,0.05,0.05,0.05,0.03,0.08,0.1,0.03,0.1,18.5,46.3,24.0,16.9,4.16,53.8,26.8,19.2,5.89,85.9,89.7,87.9,70.6,755.6,228.6,46.3,24.0,16.9,4.16,53.8,26.8,19.2,5.89,85.9,89.7,87.9,70.6,46.3,24.0,16.9,4.16,53.8,26.8,19.2,5.89,85.9,89.7,87.9,70.6,46.3,24.0,16.9,4.16,53.8,26.8,19.2,5.89,85.9,89.7,87.9,70.6,0.0,0.11,-0.08,0.7,6.22,1.14,0.32,0.05,0.54,0.22,40.0,0.54,0.22,0.1,0.25,18.0,0.0,0.0,0.0,0.05,0.03,0.03,63.4,2.16,12.2,36.0,16.1,0.76,63.4,0.49,64.3,0.22,28.6,33.6,0.16,1.24,0.49,44.5,2.05,0.7,1.14,2.05,0.7,50.0,0.7,1.24,0.7,1.08,3.14,1.62,0.05,2.0,2.0,0.0,0.0,0.0,0.0,0.0,0.0,0.16,0.16,0.0,0.0,0.0,0.0,0.0,0.0,0.0,2.05,0.81,0.05,1.24,1.08,1.14,0.0,0.05,0.0,4.86,0.97,60.0,,,,,,,,,,,,,,,,,,,,,,,,,,,,,Zorhan Bassong,"MF,DF",Sporting KC,26-211,Zorhan Bassong,,Standard,"[-0.44801295 -0.79755134 -0.69003135 -0.70038476 -0.3064068   0.34872663
 -0.6938138  -0.46462986  0.52872136  1.5221537  -0.26735295  0.58566672
  0.4722      0.39973018]",0,-1.941138255414665,0.7508817305812867
7830257743,1,2025,24,9,844,9.4,0.21,0.21,0.43,0.21,0.0,0.0,0.0,0.0,0.07,0.07,0.1,0.17,1.06,4.36,4.04,0.21,0.21,0.43,0.21,0.43,0.08,0.09,0.17,0.08,0.17,9.4,42.6,21.7,17.1,3.4,53.4,23.8,20.4,6.7,79.7,91.1,83.9,50.8,723.7,261.8,42.6,21.7,17.1,3.4,53.4,23.8,20.4,6.7,79.7,91.1,83.9,50.8,42.6,21.7,17.1,3.4,53.4,23.8,20.4,6.7,79.7,91.1,83.9,50.8,42.6,21.7,17.1,3.4,53.4,23.8,20.4,6.7,79.7,91.1,83.9,50.8,0.21,0.11,0.12,1.17,2.87,0.85,0.11,0.21,0.85,0.32,37.5,0.85,0.32,0.25,0.67,11.6,0.0,0.0,0.0,0.09,0.14,0.14,66.1,4.79,25.2,25.3,15.6,2.66,66.1,0.11,14.3,0.64,85.7,31.1,0.11,0.85,0.64,38.7,1.7,0.74,0.74,1.7,0.74,63.6,0.43,0.96,0.53,0.85,2.55,4.79,0.0,2.02,2.03,0.0,0.0,0.0,0.0,0.0,0.0,0.32,0.32,0.0,0.0,0.0,0.0,0.0,0.0,0.0,0.74,0.96,0.0,1.28,0.85,0.74,0.0,0.0,0.0,3.09,1.81,58.6,,,,,,,,,,,,,,,,,,,,,,,,,,,,,Josh Bauer,DF,Nashville SC,27-135,Josh Bauer,,Standard,"[ 0.313666    0.75221336 -0.45519428 -0.44229751 -0.09903589 -0.70999604
 -0.3958678  -0.25073131  0.28321387  0.30528847 -0.45928762  0.13005736
  0.0170386  -0.19723592]",0,-0.5050028645898335,0.4082330881347039
155112077,1,2025,22,20,1754,19.5,0.0,0.05,0.05,0.0,0.0,0.0,0.21,0.0,0.06,0.06,0.02,0.08,0.26,2.56,0.21,0.0,0.05,0.05,0.0,0.05,0.05,0.02,0.08,0.05,0.08,19.5,47.5,17.8,24.4,4.41,53.7,19.1,26.4,6.56,88.4,93.3,92.4,67.2,884.8,395.6,47.5,17.8,24.4,4.41,53.7,19.1,26.4,6.56,88.4,93.3,92.4,67.2,47.5,17.8,24.4,4.41,53.7,19.1,26.4,6.56,88.4,93.3,92.4,67.2,47.5,17.8,24.4,4.41,53.7,19.1,26.4,6.56,88.4,93.3,92.4,67.2,0.05,0.05,0.03,0.36,2.1,0.26,0.05,0.0,0.51,0.05,10.0,0.51,0.05,0.0,0.0,10.1,0.0,0.0,0.0,0.11,-0.06,-0.06,64.0,12.8,38.9,22.5,2.82,1.18,64.0,0.0,0.0,0.1,100.0,37.4,0.0,0.21,0.15,42.0,1.74,0.97,0.97,1.74,0.97,76.0,0.31,1.85,0.72,0.82,2.56,4.36,0.05,0.82,0.82,0.0,0.0,0.05,0.0,0.0,0.0,0.15,0.15,0.0,0.0,0.05,0.0,0.0,0.0,0.0,1.08,0.21,0.0,0.21,0.82,0.97,0.0,0.05,0.0,3.23,1.38,61.4,,,,,,,,,,,,,,,,,,,,,,,,,,,,,Timo Baumgartl,DF,St. Louis,29-275,Timo Baumgartl,,Standard,"[-0.68603763 -0.42855974 -0.51390354 -0.50681932 -0.92851955  0.46349681
 -0.72264729 -0.8282574   0.60834541 -0.69946263 -1.09906986  0.182127
 -0.04233028  1.70026347]",0,-2.175630878019772,-0.9756702371428762
5735758550,2,2025,27,22,1946,21.6,0.0,0.05,0.05,0.0,0.0,0.0,0.05,0.0,0.0,0.0,0.01,0.02,0.19,2.45,0.51,0.0,0.05,0.05,0.0,0.05,0.01,0.01,0.02,0.01,0.02,21.6,37.3,14.8,17.6,4.44,45.9,16.0,19.5,8.94,81.2,92.2,90.3,49.7,709.2,289.1,37.3,14.8,17.6,4.44,45.9,16.0,19.5,8.94,81.2,92.2,90.3,49.7,37.3,14.8,17.6,4.44,45.9,16.0,19.5,8.94,81.2,92.2,90.3,49.7,37.3,14.8,17.6,4.44,45.9,16.0,19.5,8.94,81.2,92.2,90.3,49.7,0.05,0.03,0.03,0.19,2.87,0.14,0.14,0.0,0.14,0.09,66.7,0.14,0.09,0.0,0.0,10.8,0.0,0.0,0.0,0.04,-0.0,-0.0,58.3,7.18,31.2,23.9,3.43,0.42,58.3,0.09,40.0,0.14,60.0,30.0,0.0,0.42,0.05,38.4,2.36,1.25,1.48,2.36,1.25,57.4,0.93,1.67,0.42,0.97,3.33,5.83,0.05,0.6,0.6,0.05,0.05,0.0,0.0,0.05,0.0,0.14,0.14,0.05,0.05,0.0,0.0,0.05,0.0,0.0,0.37,0.79,0.0,0.56,0.97,1.48,0.0,0.0,0.0,2.31,1.57,57.6,,,,,,,,,,,,,,,,,,,,,,,,,,,,,Tanner Beason,DF,NE Revolution,28-256,Tanner Beason,,Standard,"[-0.68603763 -0.42855974 -0.86615915 -0.89395019 -1.03220501  0.7110909
 -1.07826026 -0.74269798 -0.06845903 -0.76086409 -1.1550508   0.98920645
  0.25451412  1.31649955]",0,-2.5339516754957527,-0.9521076965360127
1308801872,3,2025,32,11,1249,13.9,0.22,0.14,0.36,0.22,0.0,0.0,0.29,0.0,0.61,0.61,0.19,0.8,1.87,1.73,7.19,0.22,0.14,0.36,0.22,0.36,0.61,0.18,0.8,0.61,0.8,13.9,13.5,7.7,3.67,0.86,20.3,10.6,5.68,1.58,66.3,72.3,64.6,54.5,186.3,40.9,13.5,7.7,3.67,0.86,20.3,10.6,5.68,1.58,66.3,72.3,64.6,54.5,13.5,7.7,3.67,0.86,20.3,10.6,5.68,1.58,66.3,72.3,64.6,54.5,13.5,7.7,3.67,0.86,20.3,10.6,5.68,1.58,66.3,72.3,64.6,54.5,0.14,0.09,-0.04,1.15,1.15,0.58,0.07,0.22,3.09,1.29,41.9,3.1,1.3,0.07,0.17,12.5,0.0,0.0,0.0,0.2,-0.4,-0.4,33.5,1.15,4.53,13.5,15.9,5.54,33.5,0.94,43.3,1.22,56.7,19.1,1.08,3.24,1.94,22.9,0.5,0.29,0.43,0.5,0.29,36.4,0.5,0.72,0.58,0.43,0.94,1.15,0.0,3.02,3.02,0.29,0.14,0.29,0.07,0.07,0.0,0.58,0.58,0.29,0.14,0.29,0.07,0.07,0.0,0.0,1.37,2.01,0.79,0.72,0.43,0.43,0.07,0.0,0.0,2.37,2.81,41.1,,,,,,,,,,,,,,,,,,,,,,,,,,,,,Simon Becher,"FW,MF",St. Louis,26-137,Simon Becher,,Standard,"[ 0.36127093  0.23562513  2.71510617  3.04188037  0.83413324 -0.18772724
  1.75703238  1.82408465 -1.64766939 -1.16276453  0.1884919  -1.4320319
 -0.8141257  -0.70892115]",0,4.955327148928598,-1.5303445208966266
1831425812,2,2025,24,9,749,8.3,0.12,0.12,0.24,0.12,0.0,0.0,0.48,0.0,0.18,0.18,0.16,0.33,1.45,5.06,8.19,0.12,0.12,0.24,0.12,0.24,0.17,0.15,0.33,0.17,0.33,8.3,35.5,19.8,12.8,2.17,48.8,24.0,16.9,3.98,72.8,82.4,75.7,54.5,547.1,212.8,35.5,19.8,12.8,2.17,48.8,24.0,16.9,3.98,72.8,82.4,75.7,54.5,35.5,19.8,12.8,2.17,48.8,24.0,16.9,3.98,72.8,82.4,75.7,54.5,35.5,19.8,12.8,2.17,48.8,24.0,16.9,3.98,72.8,82.4,75.7,54.5,0.12,0.22,-0.04,1.69,4.46,1.45,0.6,0.12,1.57,0.36,23.1,1.56,0.36,0.08,0.33,11.3,0.0,0.0,0.0,0.11,-0.06,-0.06,59.5,1.69,8.43,27.8,23.4,5.66,59.5,0.0,0.0,0.24,100.0,31.6,0.24,0.96,0.0,38.9,2.65,1.08,2.05,2.65,1.08,60.0,0.72,1.57,1.33,0.6,3.25,1.33,0.0,2.89,2.88,0.0,0.0,0.0,0.0,0.12,0.0,0.36,0.36,0.0,0.0,0.0,0.0,0.12,0.0,0.0,2.89,0.36,0.24,2.05,0.6,2.05,0.0,0.12,0.0,3.13,3.25,49.1,,,,,,,,,,,,,,,,,,,,,,,,,,,,,Alejandro Bedoya,"MF,DF",Philadelphia Union,38-219,Alejandro Bedoya,,Standard,"[-0.11477841  0.08802849  0.19060767  0.26744243  0.52307686 -0.83250353
  0.29613583 -0.16517189 -0.18789511  0.69602501 -0.14739378  1.36671135
 -0.47770205  1.10329737]",0,-0.07144694785912563,0.8777237389281207
7077902257,2,2025,21,13,1327,14.7,0.0,0.0,0.0,0.0,0.0,0.0,0.07,0.07,0.01,0.01,0.0,0.01,0.27,2.79,0.27,0.0,0.0,0.0,0.0,0.0,0.02,0.0,0.02,0.02,0.02,14.7,52.4,20.4,26.9,4.08,59.4,21.4,28.6,7.28,88.3,95.5,93.8,56.1,945.8,390.1,52.4,20.4,26.9,4.08,59.4,21.4,28.6,7.28,88.3,95.5,93.8,56.1,52.4,20.4,26.9,4.08,59.4,21.4,28.6,7.28,88.3,95.5,93.8,56.1,52.4,20.4,26.9,4.08,59.4,21.4,28.6,7.28,88.3,95.5,93.8,56.1,0.0,0.03,0.0,0.07,3.74,0.2,0.0,0.0,0.2,0.0,0.0,0.2,0.0,0.0,,12.7,0.0,0.0,0.0,0.07,-0.01,-0.01,69.9,7.41,31.6,35.5,2.93,0.27,69.9,0.68,83.3,0.14,16.7,43.4,0.0,0.75,0.27,51.1,1.16,0.48,0.82,1.16,0.48,70.0,0.2,1.02,0.48,1.02,2.18,4.97,0.2,0.68,0.68,0.0,0.0,0.0,0.0,0.0,0.0,0.14,0.14,0.0,0.0,0.0,0.0,0.0,0.0,0.0,0.75,0.27,0.0,0.34,1.02,0.82,0.0,0.07,0.0,3.74,1.5,53.7,,,,,,,,,,,,,,,,,,,,,,,,,,,,,Jon Bell,DF,Seattle Sounders,28-100,Jon Bell,,Standard,"[-0.68603763 -0.79755134 -0.80744988 -0.82942838 -1.13589047 -0.08714214
 -1.02059329 -0.93520667  0.93347696 -0.57107777 -1.09107258 -0.57288281
  0.35346225 -0.06931461]",0,-2.3620874995656047,-1.3186491910601936
2997119129,2,2025,7,4,321,3.6,0.0,0.0,0.0,0.0,0.0,0.0,0.83,0.0,0.06,0.06,0.11,0.17,0.56,2.78,9.44,0.0,0.0,0.0,0.0,0.0,0.06,0.1,0.16,0.06,0.16,3.6,28.3,15.6,9.17,2.78,39.2,18.9,12.2,3.89,72.3,82.4,75.0,71.4,450.6,118.1,28.3,15.6,9.17,2.78,39.2,18.9,12.2,3.89,72.3,82.4,75.0,71.4,28.3,15.6,9.17,2.78,39.2,18.9,12.2,3.89,72.3,82.4,75.0,71.4,28.3,15.6,9.17,2.78,39.2,18.9,12.2,3.89,72.3,82.4,75.0,71.4,0.0,0.25,-0.11,0.56,1.94,1.67,0.83,0.0,1.39,0.0,0.0,1.4,0.0,0.0,,20.9,0.0,0.0,0.0,0.04,-0.06,-0.06,49.4,0.0,3.61,20.0,26.1,3.89,49.4,0.56,25.0,1.67,75.0,29.2,0.28,2.22,1.11,35.0,0.83,0.56,0.28,0.83,0.56,25.0,1.67,0.83,0.83,0.0,0.83,0.0,0.0,2.22,2.24,0.0,0.0,0.0,0.0,0.0,0.0,0.28,0.28,0.0,0.0,0.0,0.0,0.0,0.0,0.0,1.11,1.11,0.28,4.17,0.0,0.28,0.0,0.0,0.0,5.0,2.22,88.9,,,,,,,,,,,,,,,,,,,,,,,,,,,,,Ben Bender,"MF,FW",Philadelphia Union,24-272,Ben Bender,,Standard,"[-0.68603763 -0.79755134 -0.51390354 -0.50681932  0.00464957 -1.38443203
  0.12313493 -0.93520667 -0.66563942 -0.57665972 -0.85915152 -1.00245736
 -1.66507962 -0.47439875]",0,-0.2638531126442368,-1.5246804079136564
3593532314,1,2025,29,27,2301,25.6,0.0,0.08,0.08,0.0,0.0,0.0,0.35,0.0,0.01,0.01,0.08,0.09,0.51,5.23,1.13,0.0,0.08,0.08,0.0,0.08,0.01,0.08,0.09,0.01,0.09,25.6,41.9,22.3,15.4,2.62,51.6,25.1,18.3,4.84,81.2,88.8,84.4,54.0,645.3,258.0,41.9,22.3,15.4,2.62,51.6,25.1,18.3,4.84,81.2,88.8,84.4,54.0,41.9,22.3,15.4,2.62,51.6,25.1,18.3,4.84,81.2,88.8,84.4,54.0,41.9,22.3,15.4,2.62,51.6,25.1,18.3,4.84,81.2,88.8,84.4,54.0,0.08,0.11,-0.0,0.82,4.26,0.74,0.2,0.0,0.23,0.12,50.0,0.23,0.12,0.0,0.0,28.6,0.0,0.0,0.0,0.03,-0.01,-0.01,61.6,3.67,18.3,33.5,10.3,0.51,61.6,0.27,70.0,0.12,30.0,26.2,0.0,1.05,0.39,37.7,2.07,0.78,1.05,2.07,0.78,37.7,1.29,1.45,1.25,1.56,3.63,2.38,0.04,1.91,1.92,0.0,0.0,0.08,0.0,0.0,0.0,0.35,0.35,0.0,0.0,0.08,0.0,0.0,0.0,0.0,1.56,0.74,0.08,0.63,1.56,1.05,0.0,0.04,0.04,4.34,0.55,30.4,,,,,,,,,,,,,,,,,,,,,,,,,,,,,Ramiro Benetti,"MF,DF",FC Dallas,32-196,,,,"[-0.68603763 -0.20716479 -0.80744988 -0.82942838 -0.3064068   1.16888207
 -0.99175981 -0.67852841  0.2367665   0.79091817 -0.89913791  0.61170154
  1.42210206  0.84745476]",0,-2.510844219505871,0.4933458571737801
390224602,1,2025,25,23,1877,20.9,0.43,0.14,0.57,0.33,0.1,0.14,0.33,0.0,0.57,0.46,0.13,0.6,1.1,2.11,4.21,0.43,0.14,0.58,0.34,0.48,0.57,0.13,0.7,0.47,0.6,20.9,13.3,7.08,4.74,1.1,21.7,11.3,7.08,1.63,61.4,62.4,66.9,67.6,216.5,46.6,13.3,7.08,4.74,1.1,21.7,11.3,7.08,1.63,61.4,62.4,66.9,67.6,13.3,7.08,4.74,1.1,21.7,11.3,7.08,1.63,61.4,62.4,66.9,67.6,13.3,7.08,4.74,1.1,21.7,11.3,7.08,1.63,61.4,62.4,66.9,67.6,0.14,0.08,0.01,0.91,1.15,0.77,0.0,0.43,3.59,1.63,45.3,3.6,1.63,0.09,0.21,13.0,0.0,0.1,0.14,0.13,-0.14,-0.13,31.7,1.29,2.63,14.2,15.1,6.41,31.6,0.19,21.1,0.67,73.7,15.0,0.72,1.48,1.0,24.3,0.33,0.19,0.14,0.33,0.19,66.7,0.1,0.91,0.77,0.05,0.38,1.1,0.05,2.2,2.21,0.1,0.0,0.1,0.05,0.0,0.0,0.24,0.24,0.1,0.0,0.1,0.05,0.0,0.0,0.0,1.39,1.39,0.96,0.0,0.05,0.14,0.05,0.0,0.0,1.67,7.8,71.2,,,,,,,,,,,,,,,,,,,,,,,,,,,,,Christian Benteke,FW,D.C. United,35-001,Christian Benteke,Designated Player,Designated Player,"[ 1.36097455  0.23562513  2.4802691   2.07405318  0.21202049  0.62211178
  2.23759046  2.55133972 -1.66094007 -0.9506504  -0.42729851 -1.65332788
 -1.56613149 -0.30383701]",0,5.155176360286732,-1.8680798354706396
4962839269,1,2025,6,4,353,3.9,0.0,0.0,0.0,0.0,0.0,0.0,0.0,0.0,0.0,0.0,0.05,0.05,0.77,3.85,1.54,0.0,0.0,0.0,0.0,0.0,0.0,0.04,0.04,0.0,0.04,3.9,40.8,15.9,22.3,2.56,46.4,17.7,23.8,4.1,87.8,89.9,93.5,62.5,722.3,181.0,40.8,15.9,22.3,2.56,46.4,17.7,23.8,4.1,87.8,89.9,93.5,62.5,40.8,15.9,22.3,2.56,46.4,17.7,23.8,4.1,87.8,89.9,93.5,62.5,40.8,15.9,22.3,2.56,46.4,17.7,23.8,4.1,87.8,89.9,93.5,62.5,0.0,0.05,-0.05,1.54,3.33,0.77,0.26,0.0,0.0,0.0,,0.0,0.0,,,,0.0,0.0,0.0,,0.0,0.0,52.8,2.05,12.3,27.7,13.3,0.0,52.8,0.51,100.0,0.0,0.0,26.7,0.0,0.26,0.77,34.4,1.54,0.51,1.28,1.54,0.51,50.0,0.51,0.77,0.51,1.28,2.82,0.77,0.0,2.31,2.29,0.0,0.0,0.0,0.0,0.0,0.0,0.26,0.25,0.0,0.0,0.0,0.0,0.0,0.0,0.0,2.31,0.0,0.0,0.51,1.28,1.28,0.0,0.0,0.0,5.9,1.03,80.0,,,,,,,,,,,,,,,,,,,,,,,,,,,,,Gustav Berggren,MF,NY Red Bulls,28-088,,,,"[-0.68603763 -0.79755134 -0.86615915 -0.89395019 -0.61746318 -1.34316635
 -1.21281652 -0.93520667  0.16377779  0.020609   -0.69120868 -0.07822121
  0.86799253 -0.60232006]",0,-2.219600358546282,-0.715766113976518
7281083540,3,2025,29,25,2295,25.5,0.16,0.39,0.55,0.16,0.0,0.0,0.24,0.0,0.1,0.1,0.3,0.4,1.1,7.84,3.69,0.16,0.39,0.55,0.16,0.55,0.1,0.3,0.4,0.1,0.4,25.5,52.5,21.1,20.4,9.45,67.9,23.4,23.3,17.5,77.3,90.3,87.5,54.2,1054.9,378.6,52.5,21.1,20.4,9.45,67.9,23.4,23.3,17.5,77.3,90.3,87.5,54.2,52.5,21.1,20.4,9.45,67.9,23.4,23.3,17.5,77.3,90.3,87.5,54.2,52.5,21.1,20.4,9.45,67.9,23.4,23.3,17.5,77.3,90.3,87.5,54.2,0.39,0.31,0.09,2.9,7.57,1.92,0.63,0.16,2.12,0.71,33.3,2.12,0.71,0.07,0.22,23.7,0.27,0.0,0.0,0.05,0.06,0.06,79.8,2.51,13.9,40.6,25.7,1.53,79.8,0.31,53.3,0.27,46.7,41.2,0.2,1.41,1.02,51.4,2.67,1.02,1.45,2.67,1.02,63.4,0.59,1.02,0.75,1.33,4.0,1.65,0.12,5.22,5.22,0.04,0.0,0.0,0.0,0.08,0.0,0.67,0.67,0.04,0.0,0.0,0.0,0.08,0.0,0.0,1.69,1.18,0.04,8.94,1.33,1.45,0.0,0.08,0.0,4.55,0.82,45.7,,,,,,,,,,,,,,,,,,,,,,,,,,,,,Sebastian Berhalter,MF,Vancouver W'caps,24-201,Sebastian Berhalter,,Standard,"[ 0.07564132  2.0805831  -0.27906647 -0.24873207  1.97467328  1.16114475
  0.82474971  0.58347305  0.94011229  2.24780727 -0.42729851  1.39274617
  0.96694066 -0.06931461]",-1,0.2130761166259474,3.754360043545467
3272311065,3,2025,15,15,1298,14.4,0.28,0.21,0.49,0.21,0.07,0.07,0.35,0.0,0.26,0.2,0.26,0.47,3.89,4.31,8.54,0.28,0.21,0.49,0.21,0.42,0.26,0.27,0.52,0.2,0.47,14.4,27.4,12.7,10.6,3.33,37.7,15.1,13.1,7.01,72.7,83.9,81.4,47.5,494.7,133.5,27.4,12.7,10.6,3.33,37.7,15.1,13.1,7.01,72.7,83.9,81.4,47.5,27.4,12.7,10.6,3.33,37.7,15.1,13.1,7.01,72.7,83.9,81.4,47.5,27.4,12.7,10.6,3.33,37.7,15.1,13.1,7.01,72.7,83.9,81.4,47.5,0.21,0.24,-0.06,1.74,2.01,2.36,0.56,0.28,3.26,1.04,31.9,3.26,1.04,0.06,0.2,20.8,0.14,0.07,0.07,0.06,0.02,0.01,51.0,1.32,6.11,18.1,27.8,4.31,50.9,2.36,44.7,2.92,55.3,34.7,2.36,2.36,1.6,37.8,0.76,0.21,0.49,0.76,0.21,42.9,0.28,0.49,0.42,0.14,0.9,0.49,0.07,4.03,4.02,0.49,0.0,0.14,0.0,0.0,0.0,0.42,0.42,0.49,0.0,0.14,0.0,0.0,0.0,0.0,1.25,1.25,0.35,4.93,0.14,0.49,0.0,0.0,0.0,3.06,0.28,57.1,,,,,,,,,,,,,,,,,,,,,,,,,,,,,Federico Bernardeschi,"FW,MF",Toronto FC,31-291,Federico Bernardeschi,Designated Player,Designated Player,"[ 0.64690054  0.75221336  0.66028181  0.39648606  1.55993145 -0.12453917
  1.92042213  1.28933827 -0.72535746  0.27737872  1.80394205 -1.09357923
 -1.38802485 -1.19928616]",0,3.640531974941824,1.1192296240185373
3676578012,1,2025,10,5,577,6.4,0.0,0.0,0.0,0.0,0.0,0.0,0.0,0.0,0.03,0.03,0.0,0.03,0.16,2.19,0.0,0.0,0.0,0.0,0.0,0.0,0.03,0.0,0.03,0.03,0.03,6.4,42.2,14.8,21.4,4.84,45.3,15.3,22.3,6.09,93.1,96.9,95.8,79.5,788.4,314.7,42.2,14.8,21.4,4.84,45.3,15.3,22.3,6.09,93.1,96.9,95.8,79.5,42.2,14.8,21.4,4.84,45.3,15.3,22.3,6.09,93.1,96.9,95.8,79.5,42.2,14.8,21.4,4.84,45.3,15.3,22.3,6.09,93.1,96.9,95.8,79.5,0.0,0.02,0.0,0.0,2.66,0.0,0.0,0.0,0.16,0.0,0.0,0.16,0.0,0.0,,5.2,0.0,0.0,0.0,0.16,-0.03,-0.03,55.9,10.0,33.8,21.6,0.94,0.31,55.9,0.0,,0.0,,29.8,0.0,0.47,0.0,33.9,1.56,0.78,1.09,1.56,0.78,55.6,0.63,1.25,0.16,2.19,3.75,4.69,0.0,0.78,0.78,0.0,0.0,0.0,0.0,0.0,0.0,0.16,0.16,0.0,0.0,0.0,0.0,0.0,0.0,0.0,1.56,0.16,0.0,0.0,2.19,1.09,0.0,0.16,0.0,3.91,1.41,50.0,,,,,,,,,,,,,,,,,,,,,,,,,,,,,Juan Berrocal,DF,Atlanta Utd,26-214,,,,"[-0.68603763 -0.79755134 -0.69003135 -0.70038476 -1.13589047 -1.05430657
 -1.05903794 -0.93520667  0.25667251 -0.9059948  -1.17904264 -0.05218639
  2.6688485   0.4210504 ]",0,-2.8975621389240214,-1.3723691607652468
5975049689,2,2025,17,7,681,7.6,0.0,0.26,0.26,0.0,0.0,0.0,0.0,0.0,0.14,0.14,0.2,0.33,0.79,1.71,4.34,0.0,0.26,0.26,0.0,0.26,0.14,0.19,0.34,0.14,0.34,7.6,11.3,5.79,3.82,0.53,15.0,7.37,5.0,0.53,75.4,78.6,76.3,100.0,155.5,39.3,11.3,5.79,3.82,0.53,15.0,7.37,5.0,0.53,75.4,78.6,76.3,100.0,11.3,5.79,3.82,0.53,15.0,7.37,5.0,0.53,75.4,78.6,76.3,100.0,11.3,5.79,3.82,0.53,15.0,7.37,5.0,0.53,75.4,78.6,76.3,100.0,0.26,0.09,0.07,1.58,0.39,0.39,0.13,0.0,1.05,0.53,50.0,1.06,0.53,0.0,0.0,9.7,0.0,0.0,0.0,0.14,-0.14,-0.14,22.4,0.66,1.32,9.61,11.6,4.61,22.4,0.13,33.3,0.26,66.7,11.3,0.39,2.37,0.39,15.5,0.13,0.0,0.13,0.13,0.0,,0.0,0.26,0.26,0.26,0.39,0.53,0.0,2.5,2.52,0.13,0.0,0.13,0.0,0.0,0.0,0.26,0.27,0.13,0.0,0.13,0.0,0.0,0.0,0.0,1.71,0.66,0.0,0.26,0.26,0.13,0.0,0.0,0.0,0.79,1.71,40.6,,,,,,,,,,,,,,,,,,,,,,,,,,,,,Miguel Berry,FW,LA Galaxy,28-079,Miguel Berry,,Standard,"[-0.68603763  1.12120495 -0.0442294   0.00935518  0.9378187  -0.92019311
 -0.20364457  0.19845565 -1.79364682 -1.17392843 -0.67521413 -1.91367609
 -1.15054934 -1.68965117]",0,1.6803243240354098,-1.181004421250952
7000981476,2,2025,26,24,2006,22.3,0.45,0.49,0.94,0.45,0.0,0.0,0.18,0.0,0.3,0.3,0.48,0.78,1.75,4.75,5.65,0.45,0.49,0.94,0.45,0.94,0.29,0.48,0.78,0.29,0.78,22.3,24.8,12.0,9.24,2.87,33.7,14.4,11.3,5.78,73.5,83.5,81.7,49.6,425.7,134.7,24.8,12.0,9.24,2.87,33.7,14.4,11.3,5.78,73.5,83.5,81.7,49.6,24.8,12.0,9.24,2.87,33.7,14.4,11.3,5.78,73.5,83.5,81.7,49.6,24.8,12.0,9.24,2.87,33.7,14.4,11.3,5.78,73.5,83.5,81.7,49.6,0.49,0.3,0.01,2.15,3.23,1.17,0.18,0.45,2.47,1.03,41.8,2.47,1.03,0.18,0.43,17.0,0.18,0.0,0.0,0.12,0.15,0.15,43.1,0.36,3.9,17.9,21.7,2.91,43.1,0.85,33.9,1.57,62.5,26.0,0.45,1.7,1.79,30.9,0.81,0.36,0.67,0.81,0.36,36.4,0.63,0.58,0.58,0.72,1.52,0.4,0.04,3.9,3.9,0.13,0.04,0.0,0.0,0.04,0.0,0.63,0.63,0.13,0.04,0.0,0.0,0.04,0.0,0.0,1.21,0.63,0.04,3.54,0.72,0.67,0.0,0.0,0.0,2.69,0.27,22.2,,,,,,,,,,,,,,,,,,,,,,,,,,,,,Pep Biel,"MF,FW",Charlotte,29-090,Pep Biel,TAM Player,TAM Player,"[ 1.45618442  2.81856629  0.89511888  1.04170418  3.84101154  0.78846406
  1.16114037  1.26794841 -0.89787624  0.52298455  0.09252456 -1.02849218
 -0.24022654 -1.0074042 ]",-1,4.238180935381676,2.5388551703310074
2741808880,1,2025,32,31,2623,29.1,0.1,0.03,0.14,0.1,0.0,0.0,0.24,0.0,0.05,0.05,0.07,0.12,1.37,3.23,2.44,0.1,0.03,0.14,0.1,0.14,0.06,0.07,0.12,0.06,0.12,29.1,39.7,18.7,16.2,3.75,48.7,20.5,18.8,6.8,81.6,91.1,86.1,55.1,671.0,225.2,39.7,18.7,16.2,3.75,48.7,20.5,18.8,6.8,81.6,91.1,86.1,55.1,39.7,18.7,16.2,3.75,48.7,20.5,18.8,6.8,81.6,91.1,86.1,55.1,39.7,18.7,16.2,3.75,48.7,20.5,18.8,6.8,81.6,91.1,86.1,55.1,0.03,0.1,-0.03,0.79,2.89,0.58,0.38,0.1,0.79,0.24,30.4,0.79,0.24,0.13,0.43,14.9,0.0,0.0,0.0,0.07,0.05,0.05,60.5,5.09,21.4,27.6,12.0,1.75,60.5,0.34,43.5,0.45,56.5,30.4,0.14,0.52,0.58,36.4,1.41,0.79,0.86,1.41,0.79,69.7,0.34,1.62,1.13,1.48,2.89,4.12,0.0,1.51,1.51,0.03,0.0,0.03,0.0,0.0,0.0,0.1,0.1,0.03,0.0,0.03,0.0,0.0,0.0,0.0,0.76,0.72,0.14,1.51,1.48,0.86,0.0,0.0,0.0,3.57,2.54,58.3,,,,,,,,,,,,,,,,,,,,,,,,,,,,,Guilherme Biro,DF,Austin,25-217,Guilherme Biro,,Standard,"[-0.20998828 -0.57615638 -0.57261281 -0.57134113 -0.41009226  1.584118
 -0.45353476 -0.42185015  0.09078907 -0.32547194 -0.211372   -0.24744755
  1.26378505  1.20989846]",0,-1.5973223683133717,-0.3670949925773505
1346035078,1,2025,25,23,2070,23.0,0.09,0.04,0.13,0.09,0.0,0.0,0.17,0.0,0.07,0.06,0.03,0.1,0.87,6.26,0.43,0.09,0.04,0.13,0.09,0.13,0.06,0.04,0.1,0.06,0.1,23.0,62.5,22.4,31.7,7.52,69.7,23.6,34.0,10.9,89.6,95.2,93.2,68.9,1220.7,473.1,62.5,22.4,31.7,7.52,69.7,23.6,34.0,10.9,89.6,95.2,93.2,68.9,62.5,22.4,31.7,7.52,69.7,23.6,34.0,10.9,89.6,95.2,93.2,68.9,62.5,22.4,31.7,7.52,69.7,23.6,34.0,10.9,89.6,95.2,93.2,68.9,0.04,0.04,0.01,0.39,7.26,0.13,0.0,0.09,0.48,0.09,18.2,0.48,0.09,0.18,1.0,13.4,0.0,0.0,0.0,0.12,0.02,0.03,79.8,7.22,33.8,39.8,6.65,1.22,79.8,0.43,71.4,0.09,14.3,49.3,0.04,0.43,0.04,55.7,1.04,0.48,0.65,1.04,0.48,84.6,0.09,1.0,0.52,1.22,2.26,4.74,0.13,1.22,1.22,0.0,0.0,0.04,0.04,0.0,0.0,0.17,0.17,0.0,0.0,0.04,0.04,0.0,0.0,0.0,1.0,1.26,0.04,0.35,1.22,0.65,0.04,0.04,0.0,3.87,1.48,66.7,,,,,,,,,,,,,,,,,,,,,,,,,,,,,Tristan Blackmon,DF,Vancouver W'caps,29-114,Tristan Blackmon,TAM Player,TAM Player,"[-0.25759322 -0.50235806 -0.45519428 -0.50681932 -0.8248341   0.87099542
 -0.75148077 -0.74269798  1.60364606  1.36585908 -0.6112359  -0.72909174
  0.74925477 -0.11195505]",0,-1.9837784754176466,0.3204492969865626
7333009453,1,2025,19,1,317,3.5,0.29,0.29,0.57,0.29,0.0,0.0,0.29,0.0,0.14,0.14,0.2,0.34,0.86,1.71,7.71,0.28,0.28,0.57,0.28,0.57,0.15,0.21,0.36,0.15,0.36,3.5,16.3,11.4,4.57,0.0,22.0,13.7,5.71,0.0,74.0,83.3,80.0,,202.6,28.3,16.3,11.4,4.57,0.0,22.0,13.7,5.71,0.0,74.0,83.3,80.0,,16.3,11.4,4.57,0.0,22.0,13.7,5.71,0.0,74.0,83.3,80.0,,16.3,11.4,4.57,0.0,22.0,13.7,5.71,0.0,74.0,83.3,80.0,,0.29,0.06,0.09,1.71,0.0,0.57,0.0,0.29,1.71,0.86,50.0,1.7,0.85,0.17,0.33,12.0,0.0,0.0,0.0,0.09,0.14,0.14,31.1,0.86,1.71,11.1,18.3,3.43,31.1,0.86,42.9,1.14,57.1,17.7,0.29,1.71,2.86,25.7,0.57,0.29,0.57,0.57,0.29,50.0,0.29,0.29,0.0,0.0,0.57,0.57,0.0,3.14,3.13,0.57,0.0,0.0,0.0,0.0,0.0,0.29,0.28,0.57,0.0,0.0,0.0,0.0,0.0,0.0,1.43,1.71,0.86,0.29,0.0,0.57,0.0,0.0,0.0,3.43,2.86,30.3,,,,,,,,,,,,,,,,,,,,,,,,,,,,,Wiktor Bogacz,FW,NY Red Bulls,21-143,Wiktor Bogacz,U22 Initiative,U22 Initiative,"[ 0.69450547  1.34259991 -0.0442294   0.00935518  0.9378187  -1.38959024
  0.43069209  0.90432087 -1.46187994 -1.17392843 -0.61923318 -1.34091003
 -1.66507962 -1.62569051]",0,2.5985745379563636,-0.9084583546928309
3799772656,1,2025,26,24,2122,23.6,0.04,0.08,0.13,0.04,0.0,0.0,0.21,0.0,0.05,0.05,0.11,0.16,1.61,5.64,4.49,0.04,0.08,0.13,0.04,0.13,0.05,0.11,0.16,0.05,0.16,23.6,53.3,28.2,21.1,3.18,62.6,30.5,24.4,5.89,85.1,92.4,86.8,54.0,844.0,301.2,53.3,28.2,21.1,3.18,62.6,30.5,24.4,5.89,85.1,92.4,86.8,54.0,53.3,28.2,21.1,3.18,62.6,30.5,24.4,5.89,85.1,92.4,86.8,54.0,53.3,28.2,21.1,3.18,62.6,30.5,24.4,5.89,85.1,92.4,86.8,54.0,0.08,0.13,-0.02,0.76,4.32,0.93,0.38,0.04,0.72,0.17,23.5,0.72,0.17,0.06,0.25,19.5,0.0,0.0,0.0,0.07,-0.0,-0.0,73.8,2.71,22.6,36.5,15.1,1.27,73.8,0.51,44.4,0.55,48.1,38.1,0.17,1.19,0.72,47.1,2.67,1.31,1.78,2.67,1.31,60.8,0.85,0.85,0.72,1.31,3.98,3.14,0.08,1.82,1.82,0.08,0.0,0.08,0.0,0.17,0.04,0.17,0.17,0.08,0.0,0.08,0.0,0.17,0.04,0.0,1.53,1.53,0.17,1.57,1.31,1.78,0.0,0.0,0.0,3.39,0.97,56.1,,,,,,,,,,,,,,,,,,,,,,,,,,,,,Luca Bombino,DF,San Diego FC,19-147,Luca Bombino,Homegrown Player,Homegrown,"[-0.49561789 -0.20716479 -0.57261281 -0.57134113  0.00464957  0.93805216
 -0.52081289 -0.57157913  0.99319499  1.01977815 -0.01943733  1.39274617
  0.9273614  -0.43175831]",0,-1.7885607481122696,1.3139640953982161
3799772656,1,2025,26,24,2122,23.6,0.04,0.08,0.13,0.04,0.0,0.0,0.21,0.0,0.05,0.05,0.11,0.16,1.61,5.64,4.49,0.04,0.08,0.13,0.04,0.13,0.05,0.11,0.16,0.05,0.16,23.6,53.3,28.2,21.1,3.18,62.6,30.5,24.4,5.89,85.1,92.4,86.8,54.0,844.0,301.2,53.3,28.2,21.1,3.18,62.6,30.5,24.4,5.89,85.1,92.4,86.8,54.0,53.3,28.2,21.1,3.18,62.6,30.5,24.4,5.89,85.1,92.4,86.8,54.0,53.3,28.2,21.1,3.18,62.6,30.5,24.4,5.89,85.1,92.4,86.8,54.0,0.08,0.13,-0.02,0.76,4.32,0.93,0.38,0.04,0.72,0.17,23.5,0.72,0.17,0.06,0.25,19.5,0.0,0.0,0.0,0.07,-0.0,-0.0,73.8,2.71,22.6,36.5,15.1,1.27,73.8,0.51,44.4,0.55,48.1,38.1,0.17,1.19,0.72,47.1,2.67,1.31,1.78,2.67,1.31,60.8,0.85,0.85,0.72,1.31,3.98,3.14,0.08,1.82,1.82,0.08,0.0,0.08,0.0,0.17,0.04,0.17,0.17,0.08,0.0,0.08,0.0,0.17,0.04,0.0,1.53,1.53,0.17,1.57,1.31,1.78,0.0,0.0,0.0,3.39,0.97,56.1,,,,,,,,,,,,,,,,,,,,,,,,,,,,,Luca Bombino,DF,San Diego FC,19-147,Luca Bombino,,Standard,"[-0.49561789 -0.20716479 -0.57261281 -0.57134113  0.00464957  0.93805216
 -0.52081289 -0.57157913  0.99319499  1.01977815 -0.01943733  1.39274617
  0.9273614  -0.43175831]",0,-1.7885607481122696,1.3139640953982161
4119006719,1,2025,31,29,2654,29.5,0.81,0.24,1.05,0.58,0.24,0.27,0.1,0.0,0.74,0.53,0.26,0.79,5.9,2.92,13.1,0.81,0.24,1.05,0.58,0.81,0.74,0.26,1.0,0.53,0.79,29.5,22.9,13.5,7.12,1.66,33.3,16.4,10.7,4.0,68.8,82.4,66.7,41.5,354.1,85.6,22.9,13.5,7.12,1.66,33.3,16.4,10.7,4.0,68.8,82.4,66.7,41.5,22.9,13.5,7.12,1.66,33.3,16.4,10.7,4.0,68.8,82.4,66.7,41.5,22.9,13.5,7.12,1.66,33.3,16.4,10.7,4.0,68.8,82.4,66.7,41.5,0.24,0.23,-0.02,1.59,1.32,1.59,0.17,0.81,4.54,2.03,44.8,4.54,2.03,0.13,0.28,18.4,0.41,0.24,0.27,0.12,0.07,0.05,49.9,0.71,3.42,14.2,33.6,8.44,49.6,3.05,43.7,3.66,52.4,32.1,3.9,3.76,1.76,37.3,0.75,0.31,0.41,0.75,0.31,32.1,0.64,0.54,0.51,0.17,0.92,0.54,0.0,4.75,4.75,0.78,0.1,0.41,0.17,0.07,0.0,0.71,0.71,0.78,0.1,0.41,0.17,0.07,0.0,0.0,1.76,1.12,0.47,4.51,0.17,0.41,0.17,0.03,0.0,3.32,0.75,40.7,,,,,,,,,,,,,,,,,,,,,,,,,,,,,Denis Bouanga,FW,LAFC,31-023,Denis Bouanga,Designated Player,Designated Player,"[ 3.16996206  0.97360831  3.47832665  2.52570587  1.55993145  1.62409413
  3.1506508   3.40693393 -1.02394765 -0.49851241  3.41139493 -1.10659664
 -1.32865597 -1.09268507]",-1,7.939858273277455,0.8353740320114833
8658424478,3,2025,34,13,1329,14.8,0.2,0.07,0.27,0.2,0.0,0.0,0.27,0.0,0.31,0.31,0.18,0.49,3.31,2.97,7.5,0.2,0.07,0.27,0.2,0.27,0.32,0.17,0.49,0.32,0.49,14.8,25.0,12.5,8.85,2.5,32.7,14.0,11.6,4.26,76.4,89.4,76.6,58.7,410.0,95.7,25.0,12.5,8.85,2.5,32.7,14.0,11.6,4.26,76.4,89.4,76.6,58.7,25.0,12.5,8.85,2.5,32.7,14.0,11.6,4.26,76.4,89.4,76.6,58.7,25.0,12.5,8.85,2.5,32.7,14.0,11.6,4.26,76.4,89.4,76.6,58.7,0.07,0.14,-0.11,1.35,1.08,1.22,0.47,0.2,2.77,1.15,41.5,2.78,1.15,0.07,0.18,17.8,0.0,0.0,0.0,0.11,-0.11,-0.11,47.1,1.35,6.15,18.4,23.1,4.32,47.1,1.08,39.0,1.55,56.1,29.3,0.88,2.97,2.57,33.2,1.15,0.54,0.81,1.15,0.54,50.0,0.54,1.42,1.35,0.61,1.76,0.68,0.0,3.24,3.26,0.07,0.0,0.27,0.0,0.07,0.0,0.14,0.14,0.07,0.0,0.27,0.0,0.07,0.0,0.0,1.49,2.16,0.34,3.45,0.61,0.81,0.0,0.0,0.0,4.32,0.41,23.1,,,,,,,,,,,,,,,,,,,,,,,,,,,,,Ousseni Bouda,"FW,MF",SJ Earthquakes,25-220,Ousseni Bouda,,Standard,"[ 0.26606106 -0.28096311  0.95382815  1.10622599  0.73044778 -0.08456304
  1.44947521  1.52462667 -0.88460556 -0.47060266  1.34009993 -0.58590022
 -0.45791243  0.7834941 ]",0,2.6397427050462317,-0.09765691890039145
1424889404,1,2025,31,28,2651,29.5,0.03,0.03,0.07,0.03,0.0,0.0,0.17,0.0,0.03,0.03,0.04,0.06,0.27,1.05,0.37,0.03,0.03,0.07,0.03,0.07,0.03,0.04,0.07,0.03,0.07,29.5,29.8,10.7,15.1,3.59,37.7,11.7,18.8,6.27,79.2,91.9,80.1,57.3,565.8,224.3,29.8,10.7,15.1,3.59,37.7,11.7,18.8,6.27,79.2,91.9,80.1,57.3,29.8,10.7,15.1,3.59,37.7,11.7,18.8,6.27,79.2,91.9,80.1,57.3,29.8,10.7,15.1,3.59,37.7,11.7,18.8,6.27,79.2,91.9,80.1,57.3,0.03,0.05,-0.0,0.34,0.61,0.24,0.1,0.03,0.17,0.03,20.0,0.17,0.03,0.2,1.0,9.1,0.0,0.0,0.0,0.17,0.01,0.01,48.5,10.4,28.5,12.6,7.66,1.05,48.5,0.1,60.0,0.07,40.0,19.3,0.03,0.58,0.07,23.6,0.71,0.31,0.41,0.71,0.31,69.2,0.14,0.98,0.27,0.75,1.46,6.44,0.0,1.08,1.09,0.0,0.0,0.03,0.0,0.0,0.0,0.14,0.14,0.0,0.0,0.03,0.0,0.0,0.0,0.0,1.08,0.71,0.1,0.34,0.75,0.41,0.0,0.1,0.0,2.34,1.93,70.4,,,,,,,,,,,,,,,,,,,,,,,,,,,,,Michael Boxall,DF,Minnesota Utd,37-108,Michael Boxall,TAM Player,TAM Player,"[-0.54322282 -0.57615638 -0.69003135 -0.70038476 -0.72114864  1.62022547
 -1.04942678 -0.87103711 -0.56610935 -1.54233717 -1.09107258 -1.15866628
 -0.18085766 -0.15459548]",0,-1.311951020306065,-2.1216992103972827
5669139066,1,2025,8,3,330,3.7,0.0,0.0,0.0,0.0,0.0,0.0,0.27,0.0,0.08,0.08,0.16,0.24,1.08,4.59,2.7,0.0,0.0,0.0,0.0,0.0,0.1,0.16,0.25,0.1,0.25,3.7,49.5,21.6,20.8,6.76,63.8,25.4,24.3,12.2,77.5,85.1,85.6,55.6,919.2,377.6,49.5,21.6,20.8,6.76,63.8,25.4,24.3,12.2,77.5,85.1,85.6,55.6,49.5,21.6,20.8,6.76,63.8,25.4,24.3,12.2,77.5,85.1,85.6,55.6,49.5,21.6,20.8,6.76,63.8,25.4,24.3,12.2,77.5,85.1,85.6,55.6,0.0,0.22,-0.16,1.08,4.05,1.35,0.54,0.0,0.81,0.81,100.0,0.82,0.82,0.0,0.0,10.8,0.0,0.0,0.0,0.12,-0.08,-0.08,78.6,4.32,31.4,34.9,13.0,2.16,78.6,1.08,66.7,0.27,16.7,38.6,0.54,0.27,0.27,44.3,3.78,2.43,1.89,3.78,2.43,64.3,1.35,3.51,2.7,1.89,5.68,4.59,0.0,1.89,1.91,0.0,0.0,0.0,0.0,0.0,0.0,0.0,0.0,0.0,0.0,0.0,0.0,0.0,0.0,0.0,1.62,0.81,0.0,2.97,1.89,1.89,0.0,0.27,0.0,7.3,1.08,40.0,,,,,,,,,,,,,,,,,,,,,,,,,,,,,Claudio Bravo,DF,Portland Timbers,28-266,Claudio Bravo,TAM Player,TAM Player,"[-0.68603763 -0.79755134 -0.39648501 -0.37777569  0.52307686 -1.37282606
 -0.43431244  0.7973716   0.74105216  0.43367334 -0.44329306  2.83767874
  2.07515972  5.23941964]",-1,-2.9099096975941565,1.4474686838744302
2991493555,1,2025,29,27,2402,26.7,0.04,0.07,0.11,0.04,0.0,0.0,0.19,0.0,0.12,0.12,0.05,0.17,1.01,4.34,0.75,0.04,0.07,0.11,0.04,0.11,0.12,0.05,0.17,0.12,0.17,26.7,48.3,20.2,23.3,3.97,55.0,21.6,25.8,5.81,87.9,93.4,90.1,68.4,854.5,293.0,48.3,20.2,23.3,3.97,55.0,21.6,25.8,5.81,87.9,93.4,90.1,68.4,48.3,20.2,23.3,3.97,55.0,21.6,25.8,5.81,87.9,93.4,90.1,68.4,48.3,20.2,23.3,3.97,55.0,21.6,25.8,5.81,87.9,93.4,90.1,68.4,0.07,0.06,0.02,0.34,3.86,0.26,0.04,0.04,0.94,0.19,20.0,0.94,0.19,0.04,0.2,10.9,0.0,0.0,0.0,0.12,-0.08,-0.08,65.6,6.37,24.8,33.6,7.68,1.5,65.6,0.56,75.0,0.11,15.0,35.0,0.11,0.41,0.3,42.7,1.76,1.12,0.94,1.76,1.12,57.7,0.82,1.05,0.56,1.05,2.81,4.53,0.0,1.46,1.46,0.07,0.0,0.0,0.0,0.07,0.0,0.19,0.19,0.07,0.0,0.0,0.0,0.07,0.0,0.0,1.31,1.2,0.04,0.15,1.05,0.94,0.0,0.0,0.0,2.92,1.91,55.4,,,,,,,,,,,,,,,,,,,,,,,,,,,,,David Brekalo,DF,Orlando City,27-001,David Brekalo,TAM Player,TAM Player,"[-0.49561789 -0.28096311 -0.16164794 -0.11968844 -0.61746318  1.29912688
 -0.30936734 -0.52879942  0.66142811  0.29412457 -0.49927401  0.20816182
  0.41283112 -0.00535396]",0,-1.227172811225537,-0.06011704460212524
1916781257,3,2025,14,6,530,5.9,0.0,0.17,0.17,0.0,0.0,0.0,0.17,0.0,0.1,0.1,0.29,0.41,4.41,2.54,12.4,0.0,0.17,0.17,0.0,0.17,0.11,0.29,0.4,0.11,0.4,5.9,20.5,10.0,8.81,0.85,27.1,12.2,10.3,1.69,75.6,81.9,85.2,50.0,320.7,73.2,20.5,10.0,8.81,0.85,27.1,12.2,10.3,1.69,75.6,81.9,85.2,50.0,20.5,10.0,8.81,0.85,27.1,12.2,10.3,1.69,75.6,81.9,85.2,50.0,20.5,10.0,8.81,0.85,27.1,12.2,10.3,1.69,75.6,81.9,85.2,50.0,0.17,0.2,-0.12,0.85,1.19,0.85,0.51,0.0,0.85,0.17,20.0,0.85,0.17,0.0,0.0,14.0,0.0,0.0,0.0,0.13,-0.1,-0.1,37.1,0.34,5.42,12.2,20.3,4.58,37.1,1.36,34.8,2.2,56.5,26.6,2.03,2.03,1.86,27.3,0.68,0.34,0.68,0.68,0.34,66.7,0.17,0.34,0.34,0.0,0.68,0.51,0.0,2.37,2.37,0.34,0.0,0.34,0.17,0.0,0.0,0.17,0.17,0.34,0.0,0.34,0.17,0.0,0.0,0.0,1.69,2.03,0.34,3.39,0.0,0.68,0.17,0.0,0.0,4.58,0.68,57.1,,,,,,,,,,,,,,,,,,,,,,,,,,,,,Luke Brennan,"FW,MF",Atlanta Utd,20-283,Luke Brennan,Homegrown Player,Homegrown,"[-0.68603763  0.45702008 -0.27906647 -0.24873207  1.87098783 -1.11491554
 -0.3958678  -0.57157913 -1.18319576 -0.71062653  2.21980051 -1.19771851
 -1.66507962 -1.51908942]",-1,1.5823687808319116,0.5558456053923294
567459195,2,2025,6,6,516,5.7,0.7,0.18,0.88,0.7,0.0,0.0,0.18,0.0,0.7,0.7,0.18,0.89,1.93,4.21,7.72,0.7,0.17,0.87,0.7,0.87,0.7,0.18,0.88,0.7,0.88,5.7,28.6,15.3,11.1,1.58,33.2,16.8,12.6,2.46,86.2,90.6,87.5,64.3,445.4,110.0,28.6,15.3,11.1,1.58,33.2,16.8,12.6,2.46,86.2,90.6,87.5,64.3,28.6,15.3,11.1,1.58,33.2,16.8,12.6,2.46,86.2,90.6,87.5,64.3,28.6,15.3,11.1,1.58,33.2,16.8,12.6,2.46,86.2,90.6,87.5,64.3,0.18,0.14,0.0,1.4,3.86,1.05,0.18,0.7,3.16,1.58,50.0,3.14,1.57,0.22,0.44,16.6,0.0,0.0,0.0,0.22,0.0,0.0,43.0,0.18,3.33,22.1,18.4,3.51,43.0,1.05,54.5,0.88,45.5,27.2,0.35,2.11,1.23,35.6,0.88,0.7,0.53,0.88,0.7,80.0,0.18,0.53,0.53,0.18,1.05,0.18,0.0,3.33,3.31,0.18,0.18,0.0,0.0,0.0,0.0,0.7,0.7,0.18,0.18,0.0,0.0,0.0,0.0,0.0,0.35,2.46,0.18,0.35,0.18,0.53,0.0,0.0,0.0,3.16,0.18,33.3,,,,,,,,,,,,,,,,,,,,,,,,,,,,,Brenner,"FW,MF",FC Cincinnati,25-322,,,,"[ 2.64630778  0.5308184   3.24348958  3.62257668  0.73044778 -1.13296928
  1.82431051  2.44439045 -0.64573341  0.22155922  0.23647557 -0.9373703
 -1.30886635 -1.11400528]",-1,6.139971326682619,-0.6086310129067364
2850601094,1,2025,27,16,1352,15.0,0.07,0.0,0.07,0.07,0.0,0.0,0.33,0.0,0.01,0.01,0.01,0.03,0.8,4.33,1.8,0.07,0.0,0.07,0.07,0.07,0.02,0.02,0.03,0.02,0.03,15.0,47.0,23.3,19.5,2.47,53.2,26.0,21.3,3.13,88.3,89.7,91.6,78.7,737.9,166.6,47.0,23.3,19.5,2.47,53.2,26.0,21.3,3.13,88.3,89.7,91.6,78.7,47.0,23.3,19.5,2.47,53.2,26.0,21.3,3.13,88.3,89.7,91.6,78.7,47.0,23.3,19.5,2.47,53.2,26.0,21.3,3.13,88.3,89.7,91.6,78.7,0.0,0.06,-0.01,0.47,3.53,0.67,0.07,0.07,0.4,0.13,33.3,0.4,0.13,0.17,0.5,22.6,0.0,0.0,0.0,0.04,0.05,0.05,66.9,2.8,15.5,38.0,14.3,0.67,66.9,0.87,41.9,0.93,45.2,36.8,0.2,1.73,0.67,44.1,3.8,1.4,2.4,3.8,1.4,48.8,1.47,2.13,1.73,1.27,5.07,2.13,0.13,1.27,1.26,0.0,0.0,0.13,0.0,0.0,0.0,0.33,0.33,0.0,0.0,0.13,0.0,0.0,0.0,0.0,1.93,2.13,0.0,0.13,1.27,2.4,0.0,0.0,0.0,6.2,0.8,37.5,,,,,,,,,,,,,,,,,,,,,,,,,,,,,Yannick Bright,MF,Inter Miami,24-092,Yannick Bright,,Standard,"[-0.35280309 -0.79755134 -0.80744988 -0.82942838 -1.03220501 -0.05490333
 -0.82837006 -0.65713856  0.57516872  0.28854262 -0.66721685  2.86371356
  0.8482029   2.29722957]",0,-3.206562453608176,0.3775586706567781
6412440108,2,2025,12,6,493,5.5,0.0,0.0,0.0,0.0,0.0,0.0,0.0,0.0,0.04,0.04,0.16,0.2,2.36,3.45,6.55,0.0,0.0,0.0,0.0,0.0,0.03,0.16,0.2,0.03,0.2,5.5,40.4,25.8,12.0,1.64,44.9,27.1,13.5,2.36,89.9,95.3,89.2,69.2,572.0,154.2,40.4,25.8,12.0,1.64,44.9,27.1,13.5,2.36,89.9,95.3,89.2,69.2,40.4,25.8,12.0,1.64,44.9,27.1,13.5,2.36,89.9,95.3,89.2,69.2,40.4,25.8,12.0,1.64,44.9,27.1,13.5,2.36,89.9,95.3,89.2,69.2,0.0,0.15,-0.16,1.27,2.55,1.09,0.55,0.0,0.18,0.0,0.0,0.18,0.0,0.0,,12.2,0.0,0.0,0.0,0.18,-0.04,-0.04,53.5,2.73,11.1,21.3,21.5,1.27,53.5,0.73,100.0,0.0,0.0,33.3,0.18,1.45,0.36,35.3,1.64,1.09,1.45,1.64,1.09,85.7,0.18,0.73,0.55,0.73,2.36,2.55,0.0,1.82,1.83,0.18,0.0,0.0,0.0,0.0,0.0,0.18,0.18,0.18,0.0,0.0,0.0,0.0,0.0,0.0,0.18,0.73,0.0,1.82,0.73,1.45,0.0,0.0,0.0,2.73,0.55,75.0,,,,,,,,,,,,,,,,,,,,,,,,,,,,,Andrew Brody,DF,Sporting KC,30-215,Andrew Brody,,Standard,"[-0.68603763 -0.79755134 -0.63132208 -0.63586294  0.52307686 -1.16262899
 -1.03981562 -0.93520667  0.13723644 -0.20266903  0.58035852  0.05195289
 -0.22043691 -0.68760093]",0,-1.1486480090388618,0.0023851274857756826
3161506294,1,2025,31,28,2325,25.8,0.08,0.12,0.19,0.08,0.0,0.0,0.39,0.0,0.1,0.1,0.06,0.16,1.4,4.3,2.64,0.08,0.12,0.19,0.08,0.19,0.1,0.06,0.16,0.1,0.16,25.8,27.9,13.1,11.9,2.25,34.3,15.3,14.1,3.26,81.4,85.5,84.3,69.0,465.5,115.7,27.9,13.1,11.9,2.25,34.3,15.3,14.1,3.26,81.4,85.5,84.3,69.0,27.9,13.1,11.9,2.25,34.3,15.3,14.1,3.26,81.4,85.5,84.3,69.0,27.9,13.1,11.9,2.25,34.3,15.3,14.1,3.26,81.4,85.5,84.3,69.0,0.12,0.1,0.06,0.39,3.22,0.62,0.23,0.08,0.7,0.16,22.2,0.7,0.15,0.11,0.5,15.5,0.0,0.0,0.0,0.16,-0.03,-0.03,42.7,2.05,10.1,22.4,10.6,1.67,42.7,0.47,46.2,0.5,50.0,23.2,0.19,0.97,0.58,27.1,1.55,0.62,1.12,1.55,0.62,48.5,0.66,1.12,0.66,1.16,2.71,1.47,0.0,1.67,1.67,0.08,0.08,0.08,0.08,0.08,0.0,0.35,0.35,0.08,0.08,0.08,0.08,0.08,0.0,0.0,1.98,0.39,0.12,0.62,1.16,1.12,0.04,0.0,0.0,2.98,0.58,44.1,,,,,,,,,,,,,,,,,,,,,,,,,,,,,Brandt Bronico,MF,Charlotte,30-167,Brandt Bronico,,Standard,"[-0.30519815  0.08802849 -0.27906647 -0.24873207 -0.51377772  1.19983133
 -0.54003522 -0.59296899 -0.69218077  0.27179677 -0.18738017 -0.0652038
  0.63051701  0.14388757]",0,-0.8559230566087771,-0.14386990982392087
5238235278,2,2025,24,14,1278,14.2,0.0,0.07,0.07,0.0,0.0,0.0,0.14,0.0,0.09,0.09,0.27,0.36,0.7,9.23,2.18,0.0,0.07,0.07,0.0,0.07,0.09,0.27,0.36,0.09,0.36,14.2,58.3,26.3,25.0,6.27,68.9,29.3,28.3,8.94,84.6,89.7,88.3,70.1,1053.1,402.7,58.3,26.3,25.0,6.27,68.9,29.3,28.3,8.94,84.6,89.7,88.3,70.1,58.3,26.3,25.0,6.27,68.9,29.3,28.3,8.94,84.6,89.7,88.3,70.1,58.3,26.3,25.0,6.27,68.9,29.3,28.3,8.94,84.6,89.7,88.3,70.1,0.07,0.25,-0.2,1.9,7.61,2.25,0.28,0.0,1.06,0.21,20.0,1.06,0.21,0.0,0.0,21.9,0.07,0.0,0.0,0.09,-0.09,-0.09,79.9,2.04,16.6,50.9,12.9,0.63,79.9,0.63,42.9,0.85,57.1,45.6,0.07,0.92,0.42,58.9,2.61,1.48,1.48,2.61,1.48,47.7,1.62,1.41,1.06,1.55,4.15,1.41,0.07,3.94,3.94,0.14,0.0,0.07,0.0,0.21,0.0,0.28,0.28,0.14,0.0,0.07,0.0,0.21,0.0,0.0,1.97,1.27,0.0,0.85,1.55,1.48,0.0,0.0,0.0,5.28,0.56,88.9,,,,,,,,,,,,,,,,,,,,,,,,,,,,,Gastón Brugman,MF,Nashville SC,33-088,Gastón Brugman,TAM Player,TAM Player,"[-0.68603763 -0.28096311 -0.33777574 -0.31325388  1.66361691 -0.15033022
 -0.1940334  -0.48601971  1.32496188  3.0236984  -0.74718963  1.31464171
  1.40231243  0.76217389]",-1,-1.8948992452976083,2.972854770649578
1592448061,1,2025,6,3,293,3.3,0.61,0.0,0.61,0.61,0.0,0.0,0.0,0.0,0.42,0.42,0.03,0.48,2.12,2.73,3.64,0.61,0.0,0.61,0.61,0.61,0.44,0.04,0.48,0.44,0.48,3.3,40.3,26.1,10.3,1.82,45.8,27.6,10.9,3.03,88.1,94.5,94.4,60.0,549.4,120.3,40.3,26.1,10.3,1.82,45.8,27.6,10.9,3.03,88.1,94.5,94.4,60.0,40.3,26.1,10.3,1.82,45.8,27.6,10.9,3.03,88.1,94.5,94.4,60.0,40.3,26.1,10.3,1.82,45.8,27.6,10.9,3.03,88.1,94.5,94.4,60.0,0.0,0.06,-0.03,0.91,2.73,0.91,0.0,0.61,1.52,0.61,40.0,1.54,0.61,0.4,1.0,14.2,0.0,0.0,0.0,0.29,0.18,0.18,60.0,0.91,13.0,32.4,14.8,1.82,60.0,0.91,30.0,1.82,60.0,38.2,0.3,2.42,0.0,39.1,2.73,1.21,1.82,2.73,1.21,66.7,0.61,1.21,1.21,1.52,4.24,0.91,0.61,3.64,3.69,0.3,0.0,0.3,0.0,0.0,0.0,0.0,0.0,0.3,0.0,0.3,0.0,0.0,0.0,0.0,0.91,2.12,0.0,0.61,1.52,1.82,0.0,0.0,0.0,5.45,0.0,,,,,,,,,,,,,,,,,,,,,,,,,,,,,,Snyder Brunell,"MF,FW",Seattle Sounders,18-256,,,,"[ 2.21786337 -0.79755134  1.59963009  1.81596593 -0.8248341  -1.42053951
  0.24808003  0.36957449  0.1306011  -0.60456947  0.38842385  1.47085064
  1.34294355  0.33576953]",-1,1.2215267101405936,-0.8265692214035747
9000689640,1,2025,21,18,1335,14.8,0.14,0.07,0.2,0.14,0.0,0.0,0.0,0.0,0.37,0.37,0.03,0.41,1.55,0.95,3.11,0.13,0.07,0.2,0.13,0.2,0.37,0.03,0.4,0.37,0.4,14.8,7.97,4.12,2.91,0.27,12.3,6.01,4.53,0.41,64.8,68.5,64.2,66.7,112.0,21.6,7.97,4.12,2.91,0.27,12.3,6.01,4.53,0.41,64.8,68.5,64.2,66.7,7.97,4.12,2.91,0.27,12.3,6.01,4.53,0.41,64.8,68.5,64.2,66.7,7.97,4.12,2.91,0.27,12.3,6.01,4.53,0.41,64.8,68.5,64.2,66.7,0.07,0.02,0.03,0.41,0.34,0.2,0.0,0.14,2.09,0.54,25.8,2.09,0.54,0.06,0.25,12.9,0.0,0.0,0.0,0.18,-0.24,-0.24,22.2,0.54,2.3,9.46,11.1,3.11,22.2,0.81,32.4,1.55,62.2,15.5,0.95,3.38,1.22,16.9,0.88,0.34,0.74,0.88,0.34,62.5,0.2,0.34,0.27,0.14,1.01,0.34,0.0,1.55,1.55,0.07,0.0,0.47,0.0,0.14,0.0,0.14,0.13,0.07,0.0,0.47,0.0,0.14,0.0,0.0,1.69,1.82,0.27,0.07,0.14,0.74,0.0,0.0,0.0,2.36,0.81,26.7,,,,,,,,,,,,,,,,,,,,,,,,,,,,,Ola Brynhildsen,"FW,MF",Toronto FC,26-221,Ola Brynhildsen,TAM Player,TAM Player,"[-0.01956855 -0.28096311  1.30608375  1.49335687 -0.8248341  -0.07682572
  0.79591623  0.21984551 -2.01460356 -1.59815667 -0.067421   -0.9373703
 -1.38802485 -1.51908942]",0,2.647240761051061,-2.6261483787392534
7761347038,1,2025,33,32,2883,32.0,0.09,0.09,0.19,0.09,0.0,0.0,0.09,0.0,0.08,0.08,0.11,0.18,0.94,5.28,2.53,0.09,0.09,0.19,0.09,0.19,0.08,0.11,0.18,0.08,0.18,32.0,42.7,22.8,16.6,1.94,48.9,25.4,18.3,2.41,87.2,89.9,90.8,80.5,641.9,171.8,42.7,22.8,16.6,1.94,48.9,25.4,18.3,2.41,87.2,89.9,90.8,80.5,42.7,22.8,16.6,1.94,48.9,25.4,18.3,2.41,87.2,89.9,90.8,80.5,42.7,22.8,16.6,1.94,48.9,25.4,18.3,2.41,87.2,89.9,90.8,80.5,0.09,0.11,-0.01,1.69,4.25,0.97,0.06,0.09,0.78,0.25,32.0,0.78,0.25,0.12,0.38,19.8,0.0,0.0,0.0,0.1,0.02,0.02,57.8,1.81,11.4,32.6,14.4,1.63,57.8,0.78,51.0,0.75,49.0,32.8,0.19,1.16,1.06,40.4,1.53,0.78,0.88,1.53,0.78,55.6,0.63,0.94,0.81,0.72,2.25,1.16,0.06,3.03,3.03,0.06,0.03,0.09,0.0,0.06,0.0,0.28,0.28,0.06,0.03,0.09,0.0,0.06,0.0,0.0,0.97,0.69,0.03,0.38,0.72,0.88,0.0,0.0,0.0,6.38,0.31,43.5,,,,,,,,,,,,,,,,,,,,,,,,,,,,,Pavel Bucha,MF,FC Cincinnati,27-268,Pavel Bucha,TAM Player,TAM Player,"[-0.25759322 -0.13336647 -0.39648501 -0.37777569  0.00464957  1.91940167
 -0.46314593 -0.40046029  0.2898492   0.81882793 -0.55525496 -0.09123862
 -0.24022654 -0.23987635]",0,-0.8312999844148895,0.3562861871351485
5620000609,1,2025,23,19,1726,19.2,0.0,0.1,0.1,0.0,0.0,0.0,0.21,0.0,0.02,0.02,0.1,0.11,1.15,2.03,1.98,0.0,0.1,0.1,0.0,0.1,0.02,0.1,0.12,0.02,0.12,19.2,29.6,14.4,12.7,1.88,37.2,15.9,15.7,3.49,79.6,90.8,80.5,53.7,480.3,180.3,29.6,14.4,12.7,1.88,37.2,15.9,15.7,3.49,79.6,90.8,80.5,53.7,29.6,14.4,12.7,1.88,37.2,15.9,15.7,3.49,79.6,90.8,80.5,53.7,29.6,14.4,12.7,1.88,37.2,15.9,15.7,3.49,79.6,90.8,80.5,53.7,0.1,0.07,0.01,0.57,2.4,0.42,0.26,0.0,0.42,0.0,0.0,0.42,0.0,0.0,,24.6,0.0,0.0,0.0,0.04,-0.02,-0.02,47.1,3.18,16.3,22.1,9.17,0.99,47.1,0.31,35.3,0.36,41.2,19.6,0.36,1.3,0.42,23.1,1.88,0.89,0.94,1.88,0.89,51.5,0.83,0.99,0.47,1.09,2.97,2.86,0.05,1.25,1.25,0.0,0.0,0.1,0.05,0.05,0.0,0.16,0.16,0.0,0.0,0.1,0.05,0.05,0.0,0.0,0.73,0.94,0.0,1.09,1.09,0.94,0.05,0.0,0.0,2.76,0.57,57.9,,,,,,,,,,,,,,,,,,,,,,,,,,,,,Dawid Bugaj,DF,CF Montréal,21-148,Dawid Bugaj,,Standard,"[-0.68603763 -0.05956815 -0.74874061 -0.76490657 -0.09903589  0.42738934
 -0.80914774 -0.93520667 -0.57938003 -0.99530601 -0.38731212  0.36437075
  0.49198963 -0.13327526]",0,-1.4484300997112158,-0.6064179009812142
6663823350,1,2025,33,27,2318,25.8,0.12,0.12,0.23,0.12,0.0,0.0,0.08,0.0,0.14,0.14,0.19,0.32,4.07,2.91,9.34,0.12,0.12,0.23,0.12,0.23,0.13,0.19,0.32,0.13,0.32,25.8,20.5,11.6,7.17,1.12,27.6,13.6,9.38,2.33,74.2,85.7,76.4,48.3,310.4,69.4,20.5,11.6,7.17,1.12,27.6,13.6,9.38,2.33,74.2,85.7,76.4,48.3,20.5,11.6,7.17,1.12,27.6,13.6,9.38,2.33,74.2,85.7,76.4,48.3,20.5,11.6,7.17,1.12,27.6,13.6,9.38,2.33,74.2,85.7,76.4,48.3,0.12,0.17,-0.07,1.43,0.78,1.32,0.31,0.12,1.63,0.81,50.0,1.63,0.82,0.07,0.14,17.2,0.0,0.0,0.0,0.08,-0.02,-0.02,38.2,0.27,4.73,11.6,22.4,4.65,38.2,1.55,43.5,1.86,52.2,24.3,1.94,2.13,1.28,26.6,1.28,0.5,0.66,1.28,0.5,38.2,0.81,0.93,0.93,0.54,1.82,0.62,0.0,3.57,3.57,0.43,0.04,0.16,0.0,0.04,0.0,0.27,0.27,0.43,0.04,0.16,0.0,0.04,0.0,0.0,1.47,0.78,0.54,2.87,0.54,0.66,0.04,0.0,0.0,3.37,0.62,42.1,,,,,,,,,,,,,,,,,,,,,,,,,,,,,Osman Bukari,"FW,MF",Austin,26-356,Osman Bukari,Designated Player,Designated Player,"[-0.11477841  0.08802849 -0.0442294   0.00935518  0.83413324  1.19080446
  0.3538028   0.7973716  -1.18319576 -0.50409436  1.94789305 -0.41667388
 -0.59643981 -0.26119657]",0,1.6260470980132238,0.42419262328116375
6409480794,3,2025,33,32,2867,31.9,0.0,0.25,0.25,0.0,0.0,0.0,0.16,0.0,0.01,0.01,0.2,0.21,0.6,7.52,0.94,0.0,0.25,0.25,0.0,0.25,0.01,0.2,0.21,0.01,0.21,31.9,62.5,27.1,27.9,6.05,69.3,28.9,30.1,7.62,90.1,93.9,92.8,79.4,1104.9,435.5,62.5,27.1,27.9,6.05,69.3,28.9,30.1,7.62,90.1,93.9,92.8,79.4,62.5,27.1,27.9,6.05,69.3,28.9,30.1,7.62,90.1,93.9,92.8,79.4,62.5,27.1,27.9,6.05,69.3,28.9,30.1,7.62,90.1,93.9,92.8,79.4,0.25,0.15,0.05,1.19,7.46,0.69,0.0,0.0,0.09,0.03,33.3,0.09,0.03,0.0,0.0,8.7,0.0,0.0,0.0,0.1,-0.01,-0.01,78.2,2.6,20.6,47.6,10.4,0.44,78.2,0.25,44.4,0.22,38.9,43.3,0.0,0.66,0.38,57.0,2.54,1.63,1.69,2.54,1.63,65.0,0.88,1.25,0.97,1.13,3.67,0.91,0.06,2.82,2.83,0.0,0.0,0.13,0.0,0.09,0.0,0.47,0.47,0.0,0.0,0.13,0.0,0.09,0.0,0.0,0.82,1.47,0.0,0.0,1.13,1.69,0.0,0.03,0.0,5.39,0.94,52.6,,,,,,,,,,,,,,,,,,,,,,,,,,,,,Sergio Busquets,MF,Inter Miami,37-141,Sergio Busquets,Designated Player,Designated Player,"[-0.68603763  1.04740663 -0.80744988 -0.82942838  0.9378187   1.89876883
 -1.12631607 -0.87103711  1.60364606  2.06918486 -0.82716241  1.22351984
  0.57114813  0.4210504 ]",-1,-2.344219266697379,2.752227103498698
3770743445,1,2025,26,12,1107,12.3,0.0,0.0,0.0,0.0,0.0,0.0,0.0,0.0,0.06,0.06,0.11,0.16,0.57,2.44,7.15,0.0,0.0,0.0,0.0,0.0,0.06,0.11,0.16,0.06,0.16,12.3,36.4,20.1,12.9,2.11,47.3,22.9,16.3,4.63,77.0,87.6,79.5,45.6,562.3,212.8,36.4,20.1,12.9,2.11,47.3,22.9,16.3,4.63,77.0,87.6,79.5,45.6,36.4,20.1,12.9,2.11,47.3,22.9,16.3,4.63,77.0,87.6,79.5,45.6,36.4,20.1,12.9,2.11,47.3,22.9,16.3,4.63,77.0,87.6,79.5,45.6,0.0,0.13,-0.11,1.14,2.11,1.06,0.57,0.0,0.73,0.08,11.1,0.73,0.08,0.0,0.0,11.8,0.0,0.0,0.0,0.08,-0.06,-0.06,57.9,4.39,19.0,21.5,17.9,2.2,57.9,0.57,70.0,0.24,30.0,24.6,0.16,1.14,0.49,31.6,1.3,0.89,0.65,1.3,0.89,52.4,0.81,1.95,0.89,0.81,2.11,3.17,0.16,1.79,1.79,0.0,0.0,0.0,0.0,0.0,0.0,0.0,0.0,0.0,0.0,0.0,0.0,0.0,0.0,0.0,0.33,0.08,0.08,3.41,0.81,0.65,0.0,0.0,0.0,3.82,2.68,60.0,,,,,,,,,,,,,,,,,,,,,,,,,,,,,Brandon Bye,DF,NE Revolution,30-005,Brandon Bye,,Standard,"[-0.68603763 -0.79755134 -0.51390354 -0.50681932  0.00464957 -0.37084371
 -0.51120173 -0.76408783 -0.12817707 -0.76644604 -0.85115424 -0.39063906
 -0.0621199   1.91346565]",0,-1.6003274000454561,-1.0248190583191408
7993210472,1,2025,17,17,1527,17.0,0.0,0.0,0.0,0.0,0.0,0.0,0.18,0.0,0.0,0.0,0.01,0.01,1.71,4.59,3.12,0.0,0.0,0.0,0.0,0.0,0.0,0.01,0.01,0.0,0.01,17.0,44.9,21.3,19.2,4.12,56.2,23.4,22.6,7.53,80.0,91.2,84.9,54.7,776.5,257.5,44.9,21.3,19.2,4.12,56.2,23.4,22.6,7.53,80.0,91.2,84.9,54.7,44.9,21.3,19.2,4.12,56.2,23.4,22.6,7.53,80.0,91.2,84.9,54.7,44.9,21.3,19.2,4.12,56.2,23.4,22.6,7.53,80.0,91.2,84.9,54.7,0.0,0.04,-0.01,0.35,4.71,0.71,0.24,0.0,0.0,0.0,,0.0,0.0,,,,0.0,0.0,0.0,,0.0,0.0,64.0,3.65,20.2,29.4,14.8,0.41,64.0,0.35,42.9,0.29,35.7,33.9,0.06,0.88,0.41,40.2,1.47,1.0,1.06,1.47,1.0,51.5,0.94,0.76,0.35,0.47,1.94,2.88,0.06,0.94,0.94,0.0,0.0,0.0,0.0,0.0,0.0,0.0,0.0,0.0,0.0,0.0,0.0,0.0,0.0,0.0,0.47,1.0,0.0,2.59,0.47,1.06,0.0,0.0,0.0,2.71,0.59,50.0,,,,,,,,,,,,,,,,,,,,,,,,,,,,,Nathan Byrne,DF,Charlotte,33-182,Nathan Byrne,TAM Player,TAM Player,"[-0.68603763 -0.79755134 -0.86615915 -0.89395019 -1.03220501  0.17076837
 -1.21281652 -0.93520667  0.43582663  0.43367334  0.06053545 -0.16934308
 -0.73496719 -0.62364027]",0,-1.8344361998576906,-0.46099964197971016
5930479533,1,2025,18,10,767,8.5,0.0,0.0,0.0,0.0,0.0,0.0,0.47,0.0,0.16,0.16,0.02,0.18,1.41,1.18,6.82,0.0,0.0,0.0,0.0,0.0,0.16,0.02,0.18,0.16,0.18,8.5,13.4,6.94,4.94,0.82,19.1,8.47,7.29,1.41,70.4,81.9,67.7,58.3,215.6,49.2,13.4,6.94,4.94,0.82,19.1,8.47,7.29,1.41,70.4,81.9,67.7,58.3,13.4,6.94,4.94,0.82,19.1,8.47,7.29,1.41,70.4,81.9,67.7,58.3,13.4,6.94,4.94,0.82,19.1,8.47,7.29,1.41,70.4,81.9,67.7,58.3,0.0,0.04,-0.02,0.59,1.18,0.12,0.12,0.0,1.53,0.35,23.1,1.53,0.35,0.0,0.0,14.5,0.0,0.0,0.0,0.11,-0.16,-0.16,29.4,0.82,3.65,11.1,15.2,3.53,29.4,0.12,14.3,0.59,71.4,16.6,0.59,1.88,1.41,19.1,1.88,0.94,1.18,1.88,0.94,50.0,0.94,1.65,1.41,0.59,2.47,0.71,0.0,1.18,1.17,0.0,0.0,0.12,0.0,0.24,0.0,0.0,0.0,0.0,0.0,0.12,0.0,0.24,0.0,0.0,1.65,1.88,0.12,1.88,0.59,1.18,0.0,0.0,0.0,2.24,0.35,16.7,,,,,,,,,,,,,,,,,,,,,,,,,,,,,Kevin Cabral,"FW,MF",Colorado Rapids,26-147,,,,"[-0.68603763 -0.79755134  0.07318913  0.13839881 -0.92851955 -0.80929158
  0.25769119 -0.18656174 -1.65430473 -1.46977181 -0.17938289  0.36437075
 -0.49749168  1.27385912]",0,-0.17006787171000676,-1.947312126061895
2082553083,3,2025,25,22,1988,22.1,0.05,0.05,0.09,0.05,0.0,0.0,0.18,0.0,0.02,0.02,0.04,0.05,1.54,4.89,1.31,0.05,0.05,0.09,0.05,0.09,0.02,0.03,0.06,0.02,0.06,22.1,51.6,25.6,20.7,4.3,59.3,27.2,23.2,6.65,87.0,94.2,89.1,64.6,860.6,273.2,51.6,25.6,20.7,4.3,59.3,27.2,23.2,6.65,87.0,94.2,89.1,64.6,51.6,25.6,20.7,4.3,59.3,27.2,23.2,6.65,87.0,94.2,89.1,64.6,51.6,25.6,20.7,4.3,59.3,27.2,23.2,6.65,87.0,94.2,89.1,64.6,0.05,0.05,0.01,0.63,4.98,0.68,0.32,0.05,0.68,0.14,20.0,0.68,0.14,0.07,0.33,21.1,0.0,0.0,0.0,0.03,0.02,0.02,69.0,3.35,21.5,36.1,11.9,0.72,69.0,0.09,18.2,0.32,63.6,39.4,0.14,0.68,0.27,44.2,2.26,1.4,1.27,2.26,1.4,64.6,0.77,1.31,0.81,1.09,3.35,2.44,0.0,2.22,2.22,0.05,0.0,0.0,0.0,0.05,0.0,0.14,0.14,0.05,0.0,0.0,0.0,0.05,0.0,0.0,1.13,1.09,0.05,1.13,1.09,1.27,0.0,0.0,0.0,4.75,0.23,33.3,,,,,,,,,,,,,,,,,,,,,,,,,,,,,Noel Caliskan,"DF,MF",Real Salt Lake,25-097,Noel Caliskan,,Standard,"[-0.44801295 -0.42855974 -0.74874061 -0.76490657 -0.72114864  0.76525211
 -0.55925754 -0.6357487   0.88039425  0.60113186 -0.07541828  0.85903234
  0.49198963  0.54897171]",0,-2.097714524165378,0.5039235183483668
5952292125,2,2025,24,20,1645,18.3,0.38,0.05,0.44,0.38,0.0,0.0,0.27,0.0,0.38,0.38,0.07,0.45,0.71,2.13,4.64,0.38,0.05,0.44,0.38,0.44,0.38,0.07,0.45,0.38,0.45,18.3,16.7,8.74,6.39,0.87,22.3,10.7,7.92,1.31,75.0,82.1,80.7,66.7,258.2,45.6,16.7,8.74,6.39,0.87,22.3,10.7,7.92,1.31,75.0,82.1,80.7,66.7,16.7,8.74,6.39,0.87,22.3,10.7,7.92,1.31,75.0,82.1,80.7,66.7,16.7,8.74,6.39,0.87,22.3,10.7,7.92,1.31,75.0,82.1,80.7,66.7,0.05,0.04,-0.02,0.93,1.64,0.55,0.0,0.38,3.5,1.09,31.3,3.5,1.09,0.11,0.35,15.4,0.0,0.0,0.0,0.11,0.0,0.0,33.3,1.69,3.66,16.3,13.7,4.04,33.3,0.6,64.7,0.33,35.3,15.3,0.27,2.13,1.2,22.6,0.98,0.33,0.55,0.98,0.33,26.1,0.93,1.09,0.82,0.11,1.09,1.58,0.05,2.19,2.19,0.11,0.0,0.05,0.0,0.0,0.0,0.16,0.16,0.11,0.0,0.05,0.0,0.0,0.0,0.0,2.13,0.38,0.27,0.44,0.11,0.55,0.0,0.0,0.0,1.91,2.35,47.8,,,,,,,,,,,,,,,,,,,,,,,,,,,,,Leonardo Campana,FW,NE Revolution,25-133,Leonardo Campana,TAM Player,TAM Player,"[ 1.12294988 -0.42855974  1.36479302  1.55787868 -0.41009226  0.32293558
  2.15109     1.39628754 -1.43533859 -0.9394865  -0.73919235 -0.8071962
 -1.44739373  0.07992692]",0,3.3611554445101572,-2.063168004279936
3902009673,1,2025,16,15,1345,14.9,0.0,0.07,0.07,0.0,0.0,0.0,0.27,0.0,0.04,0.04,0.1,0.15,0.6,3.96,0.34,0.0,0.07,0.07,0.0,0.07,0.04,0.1,0.15,0.04,0.15,14.9,59.7,22.1,29.4,7.38,69.3,23.3,31.9,12.3,86.2,95.1,92.0,60.1,1148.7,414.0,59.7,22.1,29.4,7.38,69.3,23.3,31.9,12.3,86.2,95.1,92.0,60.1,59.7,22.1,29.4,7.38,69.3,23.3,31.9,12.3,86.2,95.1,92.0,60.1,59.7,22.1,29.4,7.38,69.3,23.3,31.9,12.3,86.2,95.1,92.0,60.1,0.07,0.05,-0.03,0.4,3.49,0.54,0.0,0.0,0.74,0.13,18.2,0.74,0.13,0.0,0.0,17.6,0.0,0.0,0.0,0.06,-0.04,-0.04,82.0,11.8,45.6,33.4,3.89,0.94,82.0,0.47,58.3,0.13,16.7,47.0,0.07,1.54,0.27,50.7,2.15,1.07,1.48,2.15,1.07,72.7,0.4,1.41,0.4,1.48,3.62,4.56,0.2,1.81,1.81,0.0,0.0,0.07,0.0,0.07,0.0,0.07,0.07,0.0,0.0,0.07,0.0,0.07,0.0,0.0,1.21,1.34,0.0,0.0,1.48,1.48,0.0,0.0,0.0,7.58,1.21,47.4,,,,,,,,,,,,,,,,,,,,,,,,,,,,,George Campbell,DF,CF Montréal,24-165,George Campbell,U22 Initiative,U22 Initiative,"[-0.68603763 -0.28096311 -0.63132208 -0.63586294 -0.09903589 -0.0639302
 -0.50159057 -0.65713856  1.4178566   0.08201045 -0.82716241  0.71584083
  1.26378505  0.76217389]",0,-2.374980141371635,0.4346489868863491
563496402,1,2025,28,28,2443,27.1,0.0,0.0,0.0,0.0,0.0,0.0,0.37,0.0,0.01,0.01,0.04,0.05,1.14,2.99,2.92,0.0,0.0,0.0,0.0,0.0,0.01,0.04,0.05,0.01,0.05,27.1,36.6,17.0,16.7,2.18,45.5,18.8,19.9,4.8,80.5,90.4,84.0,45.4,599.6,182.2,36.6,17.0,16.7,2.18,45.5,18.8,19.9,4.8,80.5,90.4,84.0,45.4,36.6,17.0,16.7,2.18,45.5,18.8,19.9,4.8,80.5,90.4,84.0,45.4,36.6,17.0,16.7,2.18,45.5,18.8,19.9,4.8,80.5,90.4,84.0,45.4,0.0,0.07,-0.04,0.37,2.1,0.52,0.18,0.0,0.15,0.07,50.0,0.15,0.07,0.0,0.0,22.3,0.0,0.0,0.0,0.05,-0.01,-0.01,54.5,3.14,18.1,24.6,12.3,0.92,54.5,0.44,44.4,0.48,48.1,26.3,0.18,0.63,0.33,29.7,1.4,0.77,0.85,1.4,0.77,63.6,0.44,0.77,0.48,1.99,3.39,2.69,0.04,1.29,1.29,0.07,0.0,0.04,0.0,0.0,0.0,0.07,0.07,0.07,0.0,0.04,0.0,0.0,0.0,0.0,1.44,1.18,0.04,1.33,1.99,0.85,0.0,0.0,0.0,3.8,0.52,41.2,,,,,,,,,,,,,,,,,,,,,,,,,,,,,Reggie Cannon,DF,Colorado Rapids,27-176,Reggie Cannon,TAM Player,TAM Player,"[-0.68603763 -0.79755134 -0.80744988 -0.82942838 -0.72114864  1.35199853
 -1.0686491  -0.78547769 -0.11490639 -0.45943875 -0.3953094  -0.26046496
  2.27305598 -0.60232006]",0,-2.260365266553874,-0.7754454122853289
3833473829,1,2025,11,9,819,9.1,0.11,0.22,0.33,0.11,0.0,0.0,0.22,0.0,0.11,0.11,0.11,0.23,0.66,4.18,2.2,0.11,0.22,0.33,0.11,0.33,0.11,0.11,0.23,0.11,0.23,9.1,29.0,14.7,11.0,2.42,35.6,16.7,12.6,4.18,81.5,88.2,87.0,57.9,477.4,158.9,29.0,14.7,11.0,2.42,35.6,16.7,12.6,4.18,81.5,88.2,87.0,57.9,29.0,14.7,11.0,2.42,35.6,16.7,12.6,4.18,81.5,88.2,87.0,57.9,29.0,14.7,11.0,2.42,35.6,16.7,12.6,4.18,81.5,88.2,87.0,57.9,0.22,0.09,0.11,0.99,3.96,1.1,0.44,0.11,0.55,0.22,40.0,0.55,0.22,0.2,0.5,13.5,0.0,0.0,0.0,0.21,0.0,0.0,44.4,2.53,9.45,24.2,11.8,1.65,44.4,0.44,33.3,0.77,58.3,22.9,0.11,1.1,0.44,28.5,1.43,0.66,0.99,1.43,0.66,40.0,0.99,1.76,0.77,0.44,1.87,1.98,0.0,1.65,1.65,0.0,0.0,0.0,0.0,0.0,0.0,0.11,0.11,0.0,0.0,0.0,0.0,0.0,0.0,0.0,0.99,0.77,0.0,1.32,0.44,0.99,0.0,0.0,0.0,4.29,1.43,61.9,,,,,,,,,,,,,,,,,,,,,,,,,,,,,Christian Cappis,MF,FC Dallas,26-113,,,,"[-0.16238335  0.82601168 -0.22035721 -0.18421026  0.00464957 -0.74223485
 -0.68420264 -0.46462986 -0.61919206  0.20481336 -0.77917874 -0.22141273
 -0.79433607  1.50838151]",0,-0.5055683677747626,-0.04796499778722566
9138535789,1,2025,16,10,941,10.5,0.0,0.1,0.1,0.0,0.0,0.0,0.29,0.1,0.07,0.07,0.1,0.16,1.43,7.81,2.48,0.0,0.1,0.1,0.0,0.1,0.07,0.09,0.16,0.07,0.16,10.5,58.5,28.5,25.1,3.71,68.5,31.8,27.9,6.29,85.4,89.5,90.1,59.1,963.1,310.7,58.5,28.5,25.1,3.71,68.5,31.8,27.9,6.29,85.4,89.5,90.1,59.1,58.5,28.5,25.1,3.71,68.5,31.8,27.9,6.29,85.4,89.5,90.1,59.1,58.5,28.5,25.1,3.71,68.5,31.8,27.9,6.29,85.4,89.5,90.1,59.1,0.1,0.15,0.0,0.76,8.29,1.33,0.29,0.0,1.52,0.19,12.5,1.53,0.19,0.0,0.0,21.5,0.0,0.0,0.0,0.04,-0.07,-0.07,81.1,2.19,15.9,48.1,17.5,1.33,81.1,0.57,46.2,0.67,53.8,47.2,0.1,1.14,0.86,57.7,2.95,1.05,2.0,2.95,1.05,37.9,1.71,1.9,1.52,1.33,4.29,1.71,0.0,2.48,2.49,0.1,0.0,0.19,0.0,0.0,0.0,0.48,0.48,0.1,0.0,0.19,0.0,0.0,0.0,0.1,1.33,0.95,0.0,2.57,1.33,2.0,0.0,0.0,0.0,5.9,0.67,58.3,,,,,,,,,,,,,,,,,,,,,,,,,,,,,Felipe Carballo,MF,Portland Timbers,29-061,Felipe Carballo,TAM Player,TAM Player,"[-0.68603763 -0.05956815 -0.45519428 -0.44229751 -0.09903589 -0.58490944
  0.24808003 -0.52879942  1.33823255  2.23106142 -0.16338833  1.75723367
  0.96694066  1.80686456]",0,-2.222864758180276,2.2242026192805056
9138535789,2,2025,16,10,941,10.5,0.0,0.1,0.1,0.0,0.0,0.0,0.29,0.1,0.07,0.07,0.1,0.16,1.43,7.81,2.48,0.0,0.1,0.1,0.0,0.1,0.07,0.09,0.16,0.07,0.16,10.5,58.5,28.5,25.1,3.71,68.5,31.8,27.9,6.29,85.4,89.5,90.1,59.1,963.1,310.7,58.5,28.5,25.1,3.71,68.5,31.8,27.9,6.29,85.4,89.5,90.1,59.1,58.5,28.5,25.1,3.71,68.5,31.8,27.9,6.29,85.4,89.5,90.1,59.1,58.5,28.5,25.1,3.71,68.5,31.8,27.9,6.29,85.4,89.5,90.1,59.1,0.1,0.15,0.0,0.76,8.29,1.33,0.29,0.0,1.52,0.19,12.5,1.53,0.19,0.0,0.0,21.5,0.0,0.0,0.0,0.04,-0.07,-0.07,81.1,2.19,15.9,48.1,17.5,1.33,81.1,0.57,46.2,0.67,53.8,47.2,0.1,1.14,0.86,57.7,2.95,1.05,2.0,2.95,1.05,37.9,1.71,1.9,1.52,1.33,4.29,1.71,0.0,2.48,2.49,0.1,0.0,0.19,0.0,0.0,0.0,0.48,0.48,0.1,0.0,0.19,0.0,0.0,0.0,0.1,1.33,0.95,0.0,2.57,1.33,2.0,0.0,0.0,0.0,5.9,0.67,58.3,,,,,,,,,,,,,,,,,,,,,,,,,,,,,Felipe Carballo,MF,Portland Timbers,29-061,Felipe Carballo,TAM Player,TAM Player,"[-0.68603763 -0.05956815 -0.45519428 -0.44229751 -0.09903589 -0.58490944
  0.24808003 -0.52879942  1.33823255  2.23106142 -0.16338833  1.75723367
  0.96694066  1.80686456]",0,-2.222864758180276,2.2242026192805056
7934394402,2,2025,8,7,603,6.7,0.15,0.0,0.15,0.15,0.0,0.0,0.3,0.0,0.06,0.06,0.04,0.1,0.45,3.28,0.3,0.15,0.0,0.15,0.15,0.15,0.06,0.04,0.1,0.06,0.1,6.7,50.6,20.6,24.5,5.07,56.4,21.8,26.0,7.61,89.7,94.5,94.3,66.7,916.9,375.7,50.6,20.6,24.5,5.07,56.4,21.8,26.0,7.61,89.7,94.5,94.3,66.7,50.6,20.6,24.5,5.07,56.4,21.8,26.0,7.61,89.7,94.5,94.3,66.7,50.6,20.6,24.5,5.07,56.4,21.8,26.0,7.61,89.7,94.5,94.3,66.7,0.0,0.01,-0.04,0.45,2.69,0.0,0.0,0.15,1.19,0.3,25.0,1.19,0.3,0.13,0.5,10.6,0.0,0.0,0.0,0.05,0.09,0.09,70.4,13.1,44.2,22.5,3.88,2.39,70.4,0.0,,0.0,,36.9,0.15,0.6,0.0,43.0,0.75,0.6,0.6,0.75,0.6,100.0,0.0,1.19,0.45,1.64,2.39,8.06,0.0,0.75,0.75,0.0,0.0,0.0,0.0,0.0,0.0,0.0,0.0,0.0,0.0,0.0,0.0,0.0,0.0,0.0,1.04,0.15,0.0,0.15,1.64,0.6,0.0,0.0,0.0,4.33,1.94,61.9,,,,,,,,,,,,,,,,,,,,,,,,,,,,,Antonio Carlos,DF,Houston Dynamo,32-272,,,,"[ 0.02803639 -0.79755134 -0.51390354 -0.50681932 -0.72114864 -1.02077821
 -0.0690883  -0.29351102  0.81404088 -0.29756219 -0.94712158 -1.10659664
  1.58041907  0.29312909]",0,-1.4859953332199554,-1.0339235288864785
6682247233,3,2025,34,21,1891,21.0,0.0,0.05,0.05,0.0,0.0,0.0,0.05,0.0,0.08,0.08,0.04,0.12,1.57,2.62,6.1,0.0,0.05,0.05,0.0,0.05,0.08,0.04,0.12,0.08,0.12,21.0,25.8,14.8,8.81,1.29,32.0,16.6,10.4,2.29,80.8,88.8,84.9,56.3,383.3,70.1,25.8,14.8,8.81,1.29,32.0,16.6,10.4,2.29,80.8,88.8,84.9,56.3,25.8,14.8,8.81,1.29,32.0,16.6,10.4,2.29,80.8,88.8,84.9,56.3,25.8,14.8,8.81,1.29,32.0,16.6,10.4,2.29,80.8,88.8,84.9,56.3,0.05,0.05,0.0,0.33,1.57,0.38,0.14,0.0,1.57,0.38,24.2,1.57,0.38,0.0,0.0,22.2,0.0,0.0,0.0,0.05,-0.08,-0.08,43.1,1.0,5.05,19.0,19.3,1.86,43.1,0.76,42.1,0.9,50.0,25.3,0.52,1.48,1.14,30.1,1.9,0.76,1.19,1.9,0.76,43.2,1.0,1.95,1.86,0.62,2.52,0.76,0.05,1.48,1.48,0.05,0.0,0.24,0.05,0.0,0.0,0.24,0.24,0.05,0.0,0.24,0.05,0.0,0.0,0.0,1.19,1.57,0.14,1.52,0.62,1.19,0.0,0.0,0.0,4.48,0.76,35.6,,,,,,,,,,,,,,,,,,,,,,,,,,,,,Wikelman Carmona,"FW,MF",NY Red Bulls,22-283,Wikelman Carmona,,Standard,"[-0.68603763 -0.42855974 -0.39648501 -0.37777569 -0.72114864  0.64016551
  0.29613583 -0.12239218 -0.83152286 -0.66597093 -0.05142644  0.39040557
 -0.4381228   1.91346565]",0,-0.7864035912813249,-0.7765898387818942
7298488969,1,2025,13,9,760,8.4,0.0,0.0,0.0,0.0,0.0,0.0,0.12,0.0,0.01,0.01,0.01,0.02,0.24,4.05,0.0,0.0,0.0,0.0,0.0,0.0,0.02,0.01,0.02,0.02,0.02,8.4,52.6,18.0,28.2,5.71,57.5,19.2,29.4,7.86,91.5,93.8,96.0,72.7,1010.0,423.9,52.6,18.0,28.2,5.71,57.5,19.2,29.4,7.86,91.5,93.8,96.0,72.7,52.6,18.0,28.2,5.71,57.5,19.2,29.4,7.86,91.5,93.8,96.0,72.7,52.6,18.0,28.2,5.71,57.5,19.2,29.4,7.86,91.5,93.8,96.0,72.7,0.0,0.04,-0.01,0.24,3.69,0.12,0.0,0.0,0.48,0.0,0.0,0.47,0.0,0.0,,13.0,0.0,0.0,0.0,0.03,-0.01,-0.01,66.7,8.45,26.8,38.0,2.02,1.43,66.7,0.0,0.0,0.12,100.0,40.0,0.0,0.12,0.12,49.8,0.48,0.36,0.36,0.48,0.36,42.9,0.48,1.07,0.12,1.19,1.67,4.52,0.0,0.71,0.72,0.0,0.0,0.0,0.0,0.0,0.0,0.12,0.12,0.0,0.0,0.0,0.0,0.0,0.0,0.0,0.83,0.6,0.0,0.12,1.19,0.36,0.0,0.0,0.0,2.86,2.38,54.1,,,,,,,,,,,,,,,,,,,,,,,,,,,,,Julio Cascante,DF,Austin,32-062,Julio Cascante,TAM Player,TAM Player,"[-0.68603763 -0.79755134 -0.80744988 -0.82942838 -1.03220501 -0.81831845
 -0.75148077 -0.93520667  0.94674763  0.13224801 -1.11506441 -1.45806672
  0.68988589  0.03728648]",0,-2.2463979387421404,-1.1080858760109593
5216097728,1,2025,15,2,319,3.5,0.0,0.0,0.0,0.0,0.0,0.0,0.29,0.0,0.03,0.03,0.0,0.03,1.43,4.29,4.29,0.0,0.0,0.0,0.0,0.0,0.02,0.01,0.03,0.02,0.03,3.5,49.4,25.1,19.7,3.71,58.9,26.6,22.9,7.71,84.0,94.6,86.3,48.1,796.6,322.0,49.4,25.1,19.7,3.71,58.9,26.6,22.9,7.71,84.0,94.6,86.3,48.1,49.4,25.1,19.7,3.71,58.9,26.6,22.9,7.71,84.0,94.6,86.3,48.1,49.4,25.1,19.7,3.71,58.9,26.6,22.9,7.71,84.0,94.6,86.3,48.1,0.0,0.06,0.0,0.29,4.57,1.14,0.29,0.0,0.57,0.0,0.0,0.56,0.0,0.0,,23.9,0.0,0.0,0.0,0.04,-0.03,-0.03,71.7,5.14,26.0,33.4,13.4,0.57,71.7,0.29,50.0,0.29,50.0,32.0,0.0,1.14,0.29,37.4,4.29,2.57,2.29,4.29,2.57,60.0,1.71,1.14,1.14,2.0,6.29,4.57,0.0,1.71,1.69,0.0,0.0,0.0,0.0,0.0,0.0,0.0,0.0,0.0,0.0,0.0,0.0,0.0,0.0,0.0,0.57,0.0,0.0,1.43,2.0,2.29,0.0,0.29,0.0,6.57,0.86,42.9,,,,,,,,,,,,,,,,,,,,,,,,,,,,,Nico Cavallo,"DF,MF",NYCFC,23-342,Nico Cavallo,,Standard,"[-0.68603763 -0.79755134 -0.69003135 -0.70038476 -1.13589047 -1.38701114
 -0.66498032 -0.93520667  0.73441683  0.26621482 -0.16338833  3.50156667
  2.29284561  0.186528  ]",0,-3.2927320987034197,0.6796305222960205
4393651643,1,2025,29,29,2551,28.3,0.04,0.0,0.04,0.04,0.0,0.0,0.32,0.0,0.02,0.02,0.01,0.03,0.49,2.16,0.28,0.04,0.0,0.04,0.04,0.04,0.02,0.01,0.03,0.02,0.03,28.3,42.9,15.6,21.8,4.73,49.2,16.9,23.3,7.81,87.2,92.7,93.5,60.6,818.4,303.4,42.9,15.6,21.8,4.73,49.2,16.9,23.3,7.81,87.2,92.7,93.5,60.6,42.9,15.6,21.8,4.73,49.2,16.9,23.3,7.81,87.2,92.7,93.5,60.6,42.9,15.6,21.8,4.73,49.2,16.9,23.3,7.81,87.2,92.7,93.5,60.6,0.0,0.02,-0.01,0.14,2.61,0.14,0.07,0.04,0.39,0.07,18.2,0.39,0.07,0.09,0.5,11.1,0.0,0.0,0.0,0.06,0.01,0.01,62.0,8.83,37.0,23.6,1.87,0.64,62.0,0.6,65.4,0.25,26.9,36.7,0.0,0.67,0.21,41.6,1.8,0.81,1.2,1.8,0.81,74.2,0.28,1.59,0.81,1.52,3.32,5.3,0.07,0.46,0.46,0.0,0.0,0.04,0.0,0.0,0.0,0.0,0.0,0.0,0.0,0.04,0.0,0.0,0.0,0.0,1.38,0.67,0.11,0.25,1.52,1.2,0.0,0.0,0.0,3.92,1.8,54.3,,,,,,,,,,,,,,,,,,,,,,,,,,,,,Brayan Ceballos,DF,NE Revolution,24-194,Brayan Ceballos,TAM Player,TAM Player,"[-0.49561789 -0.79755134 -0.74874061 -0.76490657 -1.03220501  1.49127021
 -0.83798122 -0.78547769  0.30311988 -0.92274065 -0.91513246  0.26023146
  1.34294355  1.14593781]",0,-2.5445802031545557,-1.1021173433968026
6501133253,2,2025,32,32,2673,29.7,0.0,0.0,0.0,0.0,0.0,0.0,0.44,0.03,0.03,0.03,0.05,0.07,1.01,6.8,0.88,0.0,0.0,0.0,0.0,0.0,0.03,0.05,0.07,0.03,0.07,29.7,67.4,32.1,27.9,5.99,73.2,33.4,29.5,7.68,92.1,95.9,94.6,78.1,1142.0,308.3,67.4,32.1,27.9,5.99,73.2,33.4,29.5,7.68,92.1,95.9,94.6,78.1,67.4,32.1,27.9,5.99,73.2,33.4,29.5,7.68,92.1,95.9,94.6,78.1,67.4,32.1,27.9,5.99,73.2,33.4,29.5,7.68,92.1,95.9,94.6,78.1,0.0,0.06,-0.05,0.74,6.67,0.94,0.03,0.0,0.77,0.1,13.0,0.77,0.1,0.0,0.0,25.3,0.0,0.0,0.0,0.03,-0.03,-0.03,81.2,3.16,20.5,49.3,12.1,0.24,81.2,0.57,58.6,0.37,37.9,49.5,0.07,1.11,0.74,64.5,1.38,0.64,0.77,1.38,0.64,52.8,0.57,1.25,0.91,0.61,1.99,1.31,0.03,2.09,2.09,0.0,0.0,0.0,0.0,0.07,0.0,0.13,0.13,0.0,0.0,0.0,0.0,0.07,0.0,0.03,1.78,0.61,0.0,0.13,0.61,0.77,0.0,0.0,0.0,5.59,0.24,50.0,,,,,,,,,,,,,,,,,,,,,,,,,,,,,Edwin Cerrillo,MF,LA Galaxy,25-062,Edwin Cerrillo,,Standard,"[-0.68603763 -0.79755134 -0.69003135 -0.70038476 -0.61746318  1.64859563
 -0.47275709 -0.72130812  1.9287776   1.66728441 -0.49927401 -0.28649978
 -0.45791243  0.4210504 ]",0,-2.1513949549773295,0.7166760019628092
5784593720,2,2025,34,30,2627,29.2,0.03,0.17,0.21,0.03,0.0,0.0,0.14,0.0,0.11,0.11,0.13,0.24,1.51,9.69,3.9,0.03,0.17,0.21,0.03,0.21,0.11,0.13,0.24,0.11,0.24,29.2,68.1,35.8,24.2,5.62,80.9,39.3,27.8,9.83,84.2,90.9,87.1,57.1,1101.2,349.3,68.1,35.8,24.2,5.62,80.9,39.3,27.8,9.83,84.2,90.9,87.1,57.1,68.1,35.8,24.2,5.62,80.9,39.3,27.8,9.83,84.2,90.9,87.1,57.1,68.1,35.8,24.2,5.62,80.9,39.3,27.8,9.83,84.2,90.9,87.1,57.1,0.17,0.18,0.04,1.61,9.52,1.88,0.31,0.03,1.16,0.27,23.5,1.16,0.27,0.03,0.13,21.7,0.14,0.0,0.0,0.1,-0.08,-0.08,88.5,2.05,14.3,46.9,28.0,1.37,88.5,0.27,47.1,0.31,52.9,54.7,0.17,0.82,0.75,68.8,1.4,0.55,0.86,1.4,0.55,44.4,0.68,1.16,0.92,0.86,2.26,1.23,0.03,3.39,3.39,0.03,0.0,0.1,0.0,0.1,0.0,0.34,0.34,0.03,0.0,0.1,0.0,0.1,0.0,0.0,0.79,0.41,0.0,4.52,0.86,0.86,0.0,0.0,0.0,4.45,0.65,51.4,,,,,,,,,,,,,,,,,,,,,,,,,,,,,Dylan Chambost,MF,Columbus Crew,28-107,Dylan Chambost,,Standard,"[-0.54322282  0.45702008 -0.22035721 -0.18421026  0.21202049  1.58927621
 -0.09792179 -0.35768058  1.97522497  3.28046813 -0.09941011 -0.26046496
  0.03682823  0.22916844]",0,-1.1801399736742628,2.635386254440238
2408691348,3,2025,26,12,1175,13.1,0.31,0.15,0.46,0.31,0.0,0.0,0.31,0.0,0.46,0.46,0.2,0.66,2.52,3.51,6.26,0.31,0.15,0.46,0.31,0.46,0.46,0.2,0.66,0.46,0.66,13.1,26.0,11.7,9.16,3.97,36.6,13.8,12.4,7.33,71.0,84.5,74.1,54.2,493.0,111.4,26.0,11.7,9.16,3.97,36.6,13.8,12.4,7.33,71.0,84.5,74.1,54.2,26.0,11.7,9.16,3.97,36.6,13.8,12.4,7.33,71.0,84.5,74.1,54.2,26.0,11.7,9.16,3.97,36.6,13.8,12.4,7.33,71.0,84.5,74.1,54.2,0.15,0.18,-0.05,1.37,2.52,1.3,0.38,0.31,4.05,1.76,43.4,4.06,1.76,0.08,0.17,19.8,0.15,0.0,0.0,0.11,-0.15,-0.15,49.2,0.76,4.73,22.6,22.9,3.05,49.2,1.22,53.3,0.99,43.3,30.1,0.61,3.28,1.22,35.8,1.45,0.53,0.76,1.45,0.53,38.9,0.84,1.3,1.22,0.08,1.53,0.84,0.08,3.44,3.45,0.46,0.0,0.15,0.08,0.0,0.0,0.23,0.23,0.46,0.0,0.15,0.08,0.0,0.0,0.0,2.52,1.6,0.46,4.5,0.08,0.76,0.0,0.0,0.0,3.74,0.69,34.6,,,,,,,,,,,,,,,,,,,,,,,,,,,,,Tomás Chancalay,"FW,MF",NE Revolution,26-337,Tomás Chancalay,Designated Player,Designated Player,"[ 0.78971534  0.30942344  1.83446716  2.07405318  0.9378187  -0.28315413
  2.67970388  2.82940784 -0.81825218 -0.16917732  0.70831497 -0.19537791
 -1.50676261  0.52765149]",-1,4.653063320751626,0.0596205328353633
4122087151,1,2025,27,10,1195,13.3,0.0,0.08,0.08,0.0,0.0,0.0,0.23,0.0,0.0,0.0,0.03,0.03,0.45,5.64,0.6,0.0,0.08,0.08,0.0,0.08,0.0,0.03,0.03,0.0,0.03,13.3,48.6,22.5,21.1,4.36,55.0,24.8,22.7,5.64,88.3,90.6,92.7,77.3,840.0,277.3,48.6,22.5,21.1,4.36,55.0,24.8,22.7,5.64,88.3,90.6,92.7,77.3,48.6,22.5,21.1,4.36,55.0,24.8,22.7,5.64,88.3,90.6,92.7,77.3,48.6,22.5,21.1,4.36,55.0,24.8,22.7,5.64,88.3,90.6,92.7,77.3,0.08,0.05,0.05,0.68,5.41,0.3,0.0,0.0,0.15,0.0,0.0,0.15,0.0,0.0,,28.4,0.0,0.0,0.0,0.02,0.0,0.0,64.0,3.38,16.9,40.1,7.59,0.0,64.0,0.38,83.3,0.08,16.7,33.9,0.0,0.83,0.6,42.2,3.23,1.35,2.41,3.23,1.35,62.1,0.83,0.98,0.53,1.5,4.74,2.03,0.08,1.73,1.73,0.0,0.0,0.0,0.0,0.15,0.0,0.15,0.15,0.0,0.0,0.0,0.0,0.15,0.0,0.0,2.33,1.05,0.0,0.08,1.5,2.41,0.0,0.08,0.0,5.56,0.53,53.8,,,,,,,,,,,,,,,,,,,,,,,,,,,,,Diego Chará,MF,Portland Timbers,39-243,,,,"[-0.68603763 -0.20716479 -0.86615915 -0.89395019 -0.8248341  -0.25736308
 -1.0686491  -0.93520667  0.68133412  1.01977815 -0.94712158  2.12172116
  1.3033643  -0.15459548]",0,-2.990428432308825,0.7678229759899147
9724988596,1,2025,29,27,2472,27.5,0.25,0.07,0.33,0.22,0.04,0.04,0.29,0.0,0.4,0.37,0.16,0.53,4.87,4.8,9.09,0.25,0.07,0.33,0.22,0.29,0.4,0.16,0.56,0.37,0.53,27.5,38.1,21.0,12.9,2.8,45.4,22.8,14.5,4.62,84.1,91.9,89.2,60.6,595.4,125.4,38.1,21.0,12.9,2.8,45.4,22.8,14.5,4.62,84.1,91.9,89.2,60.6,38.1,21.0,12.9,2.8,45.4,22.8,14.5,4.62,84.1,91.9,89.2,60.6,38.1,21.0,12.9,2.8,45.4,22.8,14.5,4.62,84.1,91.9,89.2,60.6,0.07,0.2,-0.09,0.87,3.27,1.45,0.11,0.25,3.96,1.56,39.4,3.97,1.57,0.06,0.14,18.6,0.15,0.04,0.04,0.09,-0.15,-0.15,59.8,0.4,5.93,24.0,31.4,5.38,59.8,2.22,46.2,2.33,48.5,40.8,2.18,2.8,1.42,45.8,1.09,0.36,0.58,1.09,0.36,28.6,0.91,0.51,0.51,0.65,1.75,0.25,0.0,3.38,3.39,0.51,0.04,0.15,0.04,0.04,0.0,0.51,0.51,0.51,0.04,0.15,0.04,0.04,0.0,0.0,1.45,1.67,0.07,1.93,0.65,0.58,0.0,0.0,0.0,4.15,0.11,18.8,,,,,,,,,,,,,,,,,,,,,,,,,,,,,Gabriel Chaves,FW,LA Galaxy,24-296,,,,"[ 0.50408573 -0.28096311  1.48221155  1.49335687  0.52307686  1.38939556
  2.59320343  2.40161074 -0.01537633  0.5508943   2.58767529 -0.66400468
 -0.37875392 -1.15664572]",-1,4.052818364230773,0.9531295408363635
8188118157,1,2025,30,25,2315,25.7,0.0,0.0,0.0,0.0,0.0,0.0,0.08,0.0,0.02,0.02,0.04,0.05,1.56,5.88,0.78,0.0,0.0,0.0,0.0,0.0,0.02,0.04,0.06,0.02,0.06,25.7,73.5,36.9,32.6,3.11,79.5,38.3,34.2,5.14,92.5,96.4,95.3,60.6,1174.3,505.3,73.5,36.9,32.6,3.11,79.5,38.3,34.2,5.14,92.5,96.4,95.3,60.6,73.5,36.9,32.6,3.11,79.5,38.3,34.2,5.14,92.5,96.4,95.3,60.6,73.5,36.9,32.6,3.11,79.5,38.3,34.2,5.14,92.5,96.4,95.3,60.6,0.0,0.06,-0.04,0.47,6.19,0.51,0.12,0.0,0.27,0.0,0.0,0.27,0.0,0.0,,23.6,0.04,0.0,0.0,0.06,-0.02,-0.02,88.5,6.73,34.0,47.9,7.08,0.62,88.5,0.35,52.9,0.23,35.3,55.0,0.08,0.62,0.31,64.9,1.83,1.05,1.28,1.83,1.05,73.0,0.39,0.93,0.31,1.21,3.04,3.42,0.04,1.21,1.21,0.0,0.0,0.04,0.0,0.04,0.0,0.0,0.0,0.0,0.0,0.04,0.0,0.04,0.0,0.0,0.97,1.05,0.04,0.47,1.21,1.28,0.0,0.08,0.0,4.55,1.21,44.3,,,,,,,,,,,,,,,,,,,,,,,,,,,,,Yevhen Cheberko,DF,Columbus Crew,27-315,Yevhen Cheberko,TAM Player,TAM Player,"[-0.68603763 -0.79755134 -0.74874061 -0.76490657 -0.72114864  1.1869358
 -0.95331516 -0.93520667  2.3335332   1.15374496 -0.05942372  0.29928369
  0.72946514 -0.26119657]",0,-2.7357466012283647,0.8474365705312241
3950545979,3,2025,10,7,643,7.1,0.14,0.0,0.14,0.14,0.0,0.0,0.14,0.0,0.08,0.08,0.06,0.14,0.56,5.49,1.41,0.14,0.0,0.14,0.14,0.14,0.08,0.06,0.14,0.08,0.14,7.1,55.9,31.4,19.0,3.1,63.0,33.4,21.3,4.23,88.8,94.1,89.4,73.3,850.4,285.8,55.9,31.4,19.0,3.1,63.0,33.4,21.3,4.23,88.8,94.1,89.4,73.3,55.9,31.4,19.0,3.1,63.0,33.4,21.3,4.23,88.8,94.1,89.4,73.3,55.9,31.4,19.0,3.1,63.0,33.4,21.3,4.23,88.8,94.1,89.4,73.3,0.0,0.08,-0.06,0.7,4.79,1.13,0.0,0.14,0.99,0.28,28.6,0.98,0.28,0.14,0.5,16.6,0.0,0.0,0.0,0.08,0.06,0.06,72.5,1.55,15.1,45.2,12.8,0.7,72.5,0.28,40.0,0.28,40.0,43.5,0.0,0.7,0.99,54.8,3.52,1.69,1.83,3.52,1.69,60.0,1.13,1.41,1.41,1.13,4.65,1.13,0.0,2.82,2.8,0.0,0.0,0.0,0.0,0.14,0.0,0.28,0.28,0.0,0.0,0.0,0.0,0.14,0.0,0.0,0.99,1.41,0.0,0.42,1.13,1.83,0.0,0.0,0.0,5.21,0.99,63.6,,,,,,,,,,,,,,,,,,,,,,,,,,,,,Mathieu Choiniere,MF,LAFC,26-300,,,,"[-0.01956855 -0.79755134 -0.39648501 -0.37777569 -0.51377772 -0.9691961
 -0.26131153 -0.33629073  1.16571377  0.93604889 -0.85915152  2.49922606
  0.57114813  0.76217389]",0,-2.1317966810171813,0.7269520640405199
5660477331,2,2025,7,6,487,5.4,0.0,0.19,0.19,0.0,0.0,0.0,0.0,0.0,0.06,0.06,0.09,0.15,2.22,5.0,2.22,0.0,0.18,0.18,0.0,0.18,0.05,0.09,0.14,0.05,0.14,5.4,36.5,18.0,15.0,2.59,43.1,19.6,17.4,3.7,84.5,91.5,86.2,70.0,609.1,164.1,36.5,18.0,15.0,2.59,43.1,19.6,17.4,3.7,84.5,91.5,86.2,70.0,36.5,18.0,15.0,2.59,43.1,19.6,17.4,3.7,84.5,91.5,86.2,70.0,36.5,18.0,15.0,2.59,43.1,19.6,17.4,3.7,84.5,91.5,86.2,70.0,0.19,0.06,0.09,2.04,5.19,0.0,0.0,0.0,0.37,0.0,0.0,0.37,0.0,0.0,,23.3,0.0,0.0,0.0,0.14,-0.06,-0.06,52.8,3.7,11.5,29.6,12.6,0.93,52.8,1.85,76.9,0.56,23.1,33.0,0.19,1.67,1.48,36.7,1.67,0.56,1.11,1.67,0.56,37.5,0.93,1.85,1.67,0.19,1.85,2.78,0.37,2.59,2.59,0.0,0.0,0.19,0.0,0.0,0.0,0.37,0.37,0.0,0.0,0.19,0.0,0.0,0.0,0.0,2.04,1.48,0.0,0.74,0.19,1.11,0.0,0.0,0.0,4.26,1.3,53.8,,,,,,,,,,,,,,,,,,,,,,,,,,,,,José Cifuentes,MF,Toronto FC,26-267,,,,"[-0.68603763  0.60461672 -0.51390354 -0.50681932 -0.20272134 -1.17036631
 -0.85720355 -0.93520667 -0.12154173  0.66253331  0.46839663  0.09100513
 -1.28907672  1.70026347]",0,-1.1185318886452316,0.6786332626025433
2656572077,3,2025,26,17,1567,17.4,0.0,0.23,0.23,0.0,0.0,0.0,0.29,0.0,0.08,0.08,0.15,0.24,1.38,3.05,5.34,0.0,0.23,0.23,0.0,0.23,0.08,0.15,0.23,0.08,0.23,17.4,17.1,9.14,5.8,0.98,23.1,11.1,7.53,2.13,74.1,82.4,77.1,45.9,263.8,68.3,17.1,9.14,5.8,0.98,23.1,11.1,7.53,2.13,74.1,82.4,77.1,45.9,17.1,9.14,5.8,0.98,23.1,11.1,7.53,2.13,74.1,82.4,77.1,45.9,17.1,9.14,5.8,0.98,23.1,11.1,7.53,2.13,74.1,82.4,77.1,45.9,0.23,0.1,0.08,1.09,1.26,0.92,0.06,0.0,1.09,0.34,31.6,1.09,0.34,0.0,0.0,18.3,0.0,0.0,0.0,0.08,-0.08,-0.08,33.2,0.52,4.66,14.0,15.1,1.95,33.2,0.57,47.6,0.63,52.4,18.2,0.46,2.53,0.92,21.4,2.13,0.69,1.15,2.13,0.69,54.5,0.57,0.92,0.92,0.57,2.7,0.86,0.11,2.82,2.81,0.11,0.0,0.29,0.0,0.17,0.06,0.4,0.4,0.11,0.0,0.29,0.0,0.17,0.06,0.0,1.67,1.21,0.4,1.67,0.57,1.15,0.0,0.0,0.0,2.47,0.4,28.0,,,,,,,,,,,,,,,,,,,,,,,,,,,,,Caden Clark,"FW,MF",CF Montréal,22-191,Caden Clark,,Standard,"[-0.68603763  0.89981    -0.39648501 -0.37777569  0.41939141  0.22235048
 -0.16519992 -0.2079516  -1.40879724 -0.42594705 -0.20337472  0.68980601
 -0.53707093 -0.28251679]",0,0.09781498076863203,0.14693227514167836
2656572077,4,2025,26,17,1567,17.4,0.0,0.23,0.23,0.0,0.0,0.0,0.29,0.0,0.08,0.08,0.15,0.24,1.38,3.05,5.34,0.0,0.23,0.23,0.0,0.23,0.08,0.15,0.23,0.08,0.23,17.4,17.1,9.14,5.8,0.98,23.1,11.1,7.53,2.13,74.1,82.4,77.1,45.9,263.8,68.3,17.1,9.14,5.8,0.98,23.1,11.1,7.53,2.13,74.1,82.4,77.1,45.9,17.1,9.14,5.8,0.98,23.1,11.1,7.53,2.13,74.1,82.4,77.1,45.9,17.1,9.14,5.8,0.98,23.1,11.1,7.53,2.13,74.1,82.4,77.1,45.9,0.23,0.1,0.08,1.09,1.26,0.92,0.06,0.0,1.09,0.34,31.6,1.09,0.34,0.0,0.0,18.3,0.0,0.0,0.0,0.08,-0.08,-0.08,33.2,0.52,4.66,14.0,15.1,1.95,33.2,0.57,47.6,0.63,52.4,18.2,0.46,2.53,0.92,21.4,2.13,0.69,1.15,2.13,0.69,54.5,0.57,0.92,0.92,0.57,2.7,0.86,0.11,2.82,2.81,0.11,0.0,0.29,0.0,0.17,0.06,0.4,0.4,0.11,0.0,0.29,0.0,0.17,0.06,0.0,1.67,1.21,0.4,1.67,0.57,1.15,0.0,0.0,0.0,2.47,0.4,28.0,,,,,,,,,,,,,,,,,,,,,,,,,,,,,Caden Clark,"FW,MF",CF Montréal,22-191,Caden Clark,,Standard,"[-0.68603763  0.89981    -0.39648501 -0.37777569  0.41939141  0.22235048
 -0.16519992 -0.2079516  -1.40879724 -0.42594705 -0.20337472  0.68980601
 -0.53707093 -0.28251679]",0,0.09781498076863203,0.14693227514167836
8608458244,2,2025,13,3,432,4.8,0.0,0.0,0.0,0.0,0.0,0.0,0.0,0.0,0.0,0.0,0.02,0.04,1.04,3.96,1.25,0.0,0.0,0.0,0.0,0.0,0.01,0.03,0.04,0.01,0.04,4.8,59.2,22.7,28.1,7.92,67.1,24.0,30.0,11.7,88.2,94.8,93.8,67.9,1164.0,406.9,59.2,22.7,28.1,7.92,67.1,24.0,30.0,11.7,88.2,94.8,93.8,67.9,59.2,22.7,28.1,7.92,67.1,24.0,30.0,11.7,88.2,94.8,93.8,67.9,59.2,22.7,28.1,7.92,67.1,24.0,30.0,11.7,88.2,94.8,93.8,67.9,0.0,0.13,-0.02,0.21,6.67,0.21,0.0,0.0,0.21,0.0,0.0,0.21,0.0,0.0,,16.7,0.0,0.0,0.0,0.03,0.0,0.0,79.0,8.54,34.4,41.3,3.75,0.83,79.0,0.21,100.0,0.0,0.0,43.8,0.0,0.63,0.0,54.2,1.67,1.25,0.83,1.67,1.25,60.0,0.83,0.42,0.0,1.04,2.71,6.67,0.42,0.42,0.42,0.0,0.0,0.0,0.0,0.0,0.0,0.0,0.0,0.0,0.0,0.0,0.0,0.0,0.0,0.0,1.88,0.42,0.0,0.63,1.04,0.83,0.0,0.0,0.0,3.54,2.29,50.0,,,,,,,,,,,,,,,,,,,,,,,,,,,,,Noah Cobb,DF,Colorado Rapids,20-137,Noah Cobb,Homegrown Player,Homegrown,"[-0.68603763 -0.79755134 -0.86615915 -0.89395019 -0.92851955 -1.2412917
 -1.01098213 -0.93520667  1.38467992  0.08201045 -0.47528218  0.09100513
  0.3930415  -1.34852768]",0,-2.2732975193389318,-0.46130063350615746
8608458244,3,2025,13,3,432,4.8,0.0,0.0,0.0,0.0,0.0,0.0,0.0,0.0,0.0,0.0,0.02,0.04,1.04,3.96,1.25,0.0,0.0,0.0,0.0,0.0,0.01,0.03,0.04,0.01,0.04,4.8,59.2,22.7,28.1,7.92,67.1,24.0,30.0,11.7,88.2,94.8,93.8,67.9,1164.0,406.9,59.2,22.7,28.1,7.92,67.1,24.0,30.0,11.7,88.2,94.8,93.8,67.9,59.2,22.7,28.1,7.92,67.1,24.0,30.0,11.7,88.2,94.8,93.8,67.9,59.2,22.7,28.1,7.92,67.1,24.0,30.0,11.7,88.2,94.8,93.8,67.9,0.0,0.13,-0.02,0.21,6.67,0.21,0.0,0.0,0.21,0.0,0.0,0.21,0.0,0.0,,16.7,0.0,0.0,0.0,0.03,0.0,0.0,79.0,8.54,34.4,41.3,3.75,0.83,79.0,0.21,100.0,0.0,0.0,43.8,0.0,0.63,0.0,54.2,1.67,1.25,0.83,1.67,1.25,60.0,0.83,0.42,0.0,1.04,2.71,6.67,0.42,0.42,0.42,0.0,0.0,0.0,0.0,0.0,0.0,0.0,0.0,0.0,0.0,0.0,0.0,0.0,0.0,0.0,1.88,0.42,0.0,0.63,1.04,0.83,0.0,0.0,0.0,3.54,2.29,50.0,,,,,,,,,,,,,,,,,,,,,,,,,,,,,Noah Cobb,DF,Colorado Rapids,20-137,Noah Cobb,Homegrown Player,Homegrown,"[-0.68603763 -0.79755134 -0.86615915 -0.89395019 -0.92851955 -1.2412917
 -1.01098213 -0.93520667  1.38467992  0.08201045 -0.47528218  0.09100513
  0.3930415  -1.34852768]",0,-2.2732975193389318,-0.46130063350615746
8608458244,2,2025,4,4,360,4.0,0.0,0.0,0.0,0.0,0.0,0.0,0.0,0.0,0.05,0.05,0.0,0.05,0.25,4.25,0.0,0.0,0.0,0.0,0.0,0.0,0.05,0.0,0.05,0.05,0.05,4.0,43.5,11.3,29.8,1.75,49.8,13.0,31.3,4.25,87.4,86.5,95.2,41.2,821.5,255.8,43.5,11.3,29.8,1.75,49.8,13.0,31.3,4.25,87.4,86.5,95.2,41.2,43.5,11.3,29.8,1.75,49.8,13.0,31.3,4.25,87.4,86.5,95.2,41.2,43.5,11.3,29.8,1.75,49.8,13.0,31.3,4.25,87.4,86.5,95.2,41.2,0.0,0.0,0.0,0.0,2.25,0.0,0.0,0.0,0.5,0.25,50.0,0.5,0.25,0.0,0.0,7.5,0.0,0.0,0.0,0.12,-0.05,-0.05,62.5,6.5,31.8,29.3,1.75,0.75,62.5,0.0,,0.0,,40.0,0.0,0.25,0.0,43.0,2.0,1.25,1.0,2.0,1.25,83.3,0.25,1.75,0.25,1.25,3.25,5.0,0.0,0.25,0.25,0.0,0.0,0.0,0.0,0.0,0.0,0.0,0.0,0.0,0.0,0.0,0.0,0.0,0.0,0.0,0.25,1.25,0.0,0.0,1.25,1.0,0.0,0.0,0.0,2.25,0.5,22.2,,,,,,,,,,,,,,,,,,,,,,,,,,,,,Noah Cobb,DF,Colorado Rapids,20-137,Noah Cobb,Homegrown Player,Homegrown,"[-0.68603763 -0.79755134 -0.57261281 -0.57134113 -1.13589047 -1.33413948
 -0.73225845 -0.40046029  0.3429319   0.24388702 -1.10706714  0.52057967
  0.80862365  1.48706129]",0,-2.4354967085902435,-0.6850207545103894
8608458244,3,2025,4,4,360,4.0,0.0,0.0,0.0,0.0,0.0,0.0,0.0,0.0,0.05,0.05,0.0,0.05,0.25,4.25,0.0,0.0,0.0,0.0,0.0,0.0,0.05,0.0,0.05,0.05,0.05,4.0,43.5,11.3,29.8,1.75,49.8,13.0,31.3,4.25,87.4,86.5,95.2,41.2,821.5,255.8,43.5,11.3,29.8,1.75,49.8,13.0,31.3,4.25,87.4,86.5,95.2,41.2,43.5,11.3,29.8,1.75,49.8,13.0,31.3,4.25,87.4,86.5,95.2,41.2,43.5,11.3,29.8,1.75,49.8,13.0,31.3,4.25,87.4,86.5,95.2,41.2,0.0,0.0,0.0,0.0,2.25,0.0,0.0,0.0,0.5,0.25,50.0,0.5,0.25,0.0,0.0,7.5,0.0,0.0,0.0,0.12,-0.05,-0.05,62.5,6.5,31.8,29.3,1.75,0.75,62.5,0.0,,0.0,,40.0,0.0,0.25,0.0,43.0,2.0,1.25,1.0,2.0,1.25,83.3,0.25,1.75,0.25,1.25,3.25,5.0,0.0,0.25,0.25,0.0,0.0,0.0,0.0,0.0,0.0,0.0,0.0,0.0,0.0,0.0,0.0,0.0,0.0,0.0,0.25,1.25,0.0,0.0,1.25,1.0,0.0,0.0,0.0,2.25,0.5,22.2,,,,,,,,,,,,,,,,,,,,,,,,,,,,,Noah Cobb,DF,Colorado Rapids,20-137,Noah Cobb,Homegrown Player,Homegrown,"[-0.68603763 -0.79755134 -0.57261281 -0.57134113 -1.13589047 -1.33413948
 -0.73225845 -0.40046029  0.3429319   0.24388702 -1.10706714  0.52057967
  0.80862365  1.48706129]",0,-2.4354967085902435,-0.6850207545103894
1339638921,1,2025,31,24,2168,24.1,0.04,0.0,0.04,0.04,0.0,0.0,0.17,0.04,0.03,0.03,0.09,0.12,0.62,5.48,0.71,0.04,0.0,0.04,0.04,0.04,0.03,0.09,0.12,0.03,0.12,24.1,53.1,19.8,24.9,7.63,63.9,21.4,27.5,12.6,83.1,92.8,90.3,60.7,1035.6,387.2,53.1,19.8,24.9,7.63,63.9,21.4,27.5,12.6,83.1,92.8,90.3,60.7,53.1,19.8,24.9,7.63,63.9,21.4,27.5,12.6,83.1,92.8,90.3,60.7,53.1,19.8,24.9,7.63,63.9,21.4,27.5,12.6,83.1,92.8,90.3,60.7,0.0,0.08,-0.09,1.12,6.47,0.5,0.12,0.04,0.54,0.21,38.5,0.54,0.21,0.08,0.2,25.7,0.08,0.0,0.0,0.05,0.01,0.01,74.4,4.81,24.1,40.7,10.2,0.33,74.4,0.83,69.0,0.37,31.0,43.8,0.04,1.2,0.37,50.4,3.15,1.58,1.66,3.15,1.58,62.3,0.95,1.08,0.91,1.45,4.61,2.16,0.04,2.78,2.78,0.0,0.0,0.0,0.0,0.17,0.0,0.08,0.08,0.0,0.0,0.0,0.0,0.17,0.0,0.0,1.08,0.62,0.0,2.7,1.45,1.66,0.0,0.0,0.0,5.23,1.08,60.5,,,,,,,,,,,,,,,,,,,,,,,,,,,,,Alonso Coello,MF,Toronto FC,26-053,Alonso Coello,,Standard,"[-0.49561789 -0.79755134 -0.69003135 -0.70038476 -0.20272134  0.99737157
 -0.6938138  -0.48601971  0.97992432  0.93046694 -0.81116785  2.01758188
  1.20441617  0.0586067 ]",0,-2.520044210618113,0.8741651947249865
4693268791,1,2025,32,26,2300,25.6,0.23,0.08,0.31,0.2,0.04,0.04,0.08,0.0,0.2,0.17,0.14,0.31,7.07,1.45,8.55,0.23,0.08,0.31,0.2,0.27,0.2,0.14,0.34,0.17,0.31,25.6,21.4,10.1,9.02,1.76,29.8,11.7,12.0,3.83,72.0,86.0,75.2,45.9,361.0,55.9,21.4,10.1,9.02,1.76,29.8,11.7,12.0,3.83,72.0,86.0,75.2,45.9,21.4,10.1,9.02,1.76,29.8,11.7,12.0,3.83,72.0,86.0,75.2,45.9,21.4,10.1,9.02,1.76,29.8,11.7,12.0,3.83,72.0,86.0,75.2,45.9,0.08,0.1,-0.06,1.29,0.74,1.17,1.02,0.23,2.15,0.94,43.6,2.15,0.94,0.09,0.21,17.3,0.0,0.04,0.04,0.08,0.04,0.03,41.4,0.35,3.48,17.1,22.3,4.26,41.3,2.34,51.7,1.88,41.4,29.6,2.34,2.89,0.94,32.4,0.63,0.39,0.23,0.63,0.39,33.3,0.78,0.82,0.78,0.39,1.02,0.47,0.0,2.73,2.74,0.31,0.04,0.16,0.04,0.04,0.0,0.23,0.23,0.31,0.04,0.16,0.04,0.04,0.0,0.0,0.94,1.41,0.35,5.31,0.39,0.23,0.04,0.0,0.0,3.95,0.63,40.0,,,,,,,,,,,,,,,,,,,,,,,,,,,,,Theo Corbeanu,"FW,MF",Toronto FC,23-201,Theo Corbeanu,,Standard,"[ 0.40887586 -0.20716479  0.3080262   0.20292062  0.31570595  1.16759251
  0.8535832   1.07543971 -1.12347772 -1.31905914  4.34707645 -1.26280556
 -0.8932842  -0.49571897]",-1,2.906261579871983,0.15761274597262387
4438112755,1,2025,32,28,2514,27.9,0.14,0.22,0.36,0.14,0.0,0.0,0.07,0.0,0.15,0.15,0.2,0.35,4.84,6.27,6.74,0.14,0.21,0.36,0.14,0.36,0.15,0.2,0.35,0.15,0.35,27.9,39.2,19.4,15.3,2.76,48.1,21.6,18.4,5.13,81.4,90.0,83.3,53.8,624.9,167.3,39.2,19.4,15.3,2.76,48.1,21.6,18.4,5.13,81.4,90.0,83.3,53.8,39.2,19.4,15.3,2.76,48.1,21.6,18.4,5.13,81.4,90.0,83.3,53.8,39.2,19.4,15.3,2.76,48.1,21.6,18.4,5.13,81.4,90.0,83.3,53.8,0.22,0.27,0.02,2.08,4.05,1.86,0.29,0.14,1.61,0.68,42.2,1.61,0.68,0.09,0.21,18.9,0.22,0.0,0.0,0.1,-0.01,-0.01,55.6,0.43,5.27,27.2,23.9,3.33,55.6,1.25,48.6,1.33,51.4,39.6,1.18,2.04,0.97,44.9,0.39,0.14,0.14,0.39,0.14,30.8,0.32,0.47,0.47,0.25,0.65,0.32,0.07,4.01,4.01,0.11,0.0,0.04,0.0,0.0,0.0,0.36,0.36,0.11,0.0,0.04,0.0,0.0,0.0,0.0,0.36,0.43,0.11,3.84,0.25,0.14,0.0,0.0,0.0,3.05,0.04,20.0,,,,,,,,,,,,,,,,,,,,,,,,,,,,,David Costa,"MF,FW",Portland Timbers,24-333,,,,"[-0.01956855  0.82601168  0.01447986  0.07387699  0.9378187   1.44355677
  0.33458048  0.51930348  0.05761239  1.37144103  2.56368346 -1.57522342
 -1.17033897 -1.24192659]",-1,1.9757691935431845,1.916773974617172
7770118376,2,2025,25,19,1612,17.9,0.06,0.11,0.17,0.06,0.0,0.0,0.28,0.0,0.16,0.16,0.13,0.28,2.23,3.13,7.26,0.06,0.11,0.17,0.06,0.17,0.16,0.13,0.29,0.16,0.29,17.9,38.7,21.1,13.6,3.13,48.7,23.1,16.9,5.59,79.4,91.1,80.2,56.0,625.3,189.1,38.7,21.1,13.6,3.13,48.7,23.1,16.9,5.59,79.4,91.1,80.2,56.0,38.7,21.1,13.6,3.13,48.7,23.1,16.9,5.59,79.4,91.1,80.2,56.0,38.7,21.1,13.6,3.13,48.7,23.1,16.9,5.59,79.4,91.1,80.2,56.0,0.11,0.15,-0.02,1.45,2.35,1.45,0.73,0.06,1.23,0.17,13.6,1.23,0.17,0.05,0.33,15.5,0.0,0.0,0.0,0.13,-0.1,-0.1,60.1,3.07,13.7,25.6,21.2,3.24,60.1,0.39,35.0,0.67,60.0,32.1,0.67,0.84,0.39,34.8,1.9,0.61,1.28,1.9,0.61,39.3,0.95,1.4,1.12,1.06,2.96,3.58,0.06,2.79,2.79,0.06,0.0,0.22,0.06,0.0,0.0,0.34,0.33,0.06,0.0,0.22,0.06,0.0,0.0,0.0,0.67,1.34,0.34,3.24,1.06,1.28,0.06,0.0,0.0,4.53,0.84,57.7,,,,,,,,,,,,,,,,,,,,,,,,,,,,,Vitor Costa,"DF,MF",SJ Earthquakes,31-156,Vitor Costa,,Standard,"[-0.40040802  0.01423017  0.07318913  0.13839881  0.21202049  0.28038034
 -0.03064366 -0.57157913  0.0244357  -0.38129145  0.4763939   0.39040557
  0.43262075  0.74085367]",0,-0.441989423643123,0.26177364889691745
8152297732,1,2025,23,14,1439,16.0,0.0,0.0,0.0,0.0,0.0,0.0,0.19,0.0,0.04,0.04,0.02,0.06,0.19,3.31,0.31,0.0,0.0,0.0,0.0,0.0,0.04,0.02,0.06,0.04,0.06,16.0,44.4,11.6,25.8,6.69,54.8,12.3,27.9,13.7,81.1,93.9,92.4,48.9,948.0,400.2,44.4,11.6,25.8,6.69,54.8,12.3,27.9,13.7,81.1,93.9,92.4,48.9,44.4,11.6,25.8,6.69,54.8,12.3,27.9,13.7,81.1,93.9,92.4,48.9,44.4,11.6,25.8,6.69,54.8,12.3,27.9,13.7,81.1,93.9,92.4,48.9,0.0,0.04,-0.02,0.5,4.0,0.13,0.06,0.0,0.75,0.19,25.0,0.75,0.19,0.0,0.0,23.4,0.38,0.0,0.0,0.05,-0.04,-0.04,64.1,7.19,32.5,26.6,5.19,0.31,64.1,0.13,66.7,0.06,33.3,34.4,0.0,0.19,0.13,40.3,1.38,0.5,0.94,1.38,0.5,57.1,0.38,1.0,0.38,0.94,2.31,4.56,0.0,1.31,1.31,0.0,0.0,0.0,0.0,0.06,0.0,0.06,0.06,0.0,0.0,0.0,0.0,0.06,0.0,0.0,0.69,0.56,0.0,2.5,0.94,0.94,0.0,0.0,0.0,2.56,1.19,47.5,,,,,,,,,,,,,,,,,,,,,,,,,,,,,Brandan Craig,"DF,MF",CF Montréal,21-241,Brandan Craig,,Standard,"[-0.68603763 -0.79755134 -0.63132208 -0.63586294 -0.92851955  0.05728775
 -0.49197941 -0.52879942  0.40264994 -0.28081634 -1.1550508  -0.28649978
  0.19514524 -0.11195505]",0,-1.7328058443248586,-1.1584107702487787
1895716422,3,2025,22,16,1388,15.4,0.06,0.13,0.19,0.06,0.0,0.0,0.39,0.0,0.1,0.1,0.16,0.26,1.3,2.66,5.65,0.06,0.13,0.19,0.06,0.19,0.1,0.15,0.26,0.1,0.26,15.4,37.2,19.7,12.5,2.73,45.5,21.6,15.1,4.48,81.9,91.6,83.2,60.9,572.7,120.7,37.2,19.7,12.5,2.73,45.5,21.6,15.1,4.48,81.9,91.6,83.2,60.9,37.2,19.7,12.5,2.73,45.5,21.6,15.1,4.48,81.9,91.6,83.2,60.9,37.2,19.7,12.5,2.73,45.5,21.6,15.1,4.48,81.9,91.6,83.2,60.9,0.13,0.15,-0.03,1.04,1.69,0.78,0.19,0.06,0.78,0.19,25.0,0.78,0.19,0.08,0.33,15.4,0.06,0.0,0.0,0.13,-0.04,-0.04,55.1,0.71,10.2,26.3,19.5,2.27,55.1,0.78,40.0,1.04,53.3,33.1,0.45,1.56,0.71,38.7,2.4,1.1,1.36,2.4,1.1,51.5,1.04,0.91,0.84,0.71,3.12,0.32,0.0,2.08,2.07,0.0,0.0,0.0,0.0,0.06,0.0,0.26,0.26,0.0,0.0,0.0,0.0,0.06,0.0,0.0,1.17,0.84,0.06,2.27,0.71,1.36,0.0,0.0,0.0,4.81,0.84,50.0,,,,,,,,,,,,,,,,,,,,,,,,,,,,,Ben Cremaschi,"MF,FW",Inter Miami,20-277,,,,"[-0.40040802  0.16182681 -0.27906647 -0.24873207  0.52307686 -0.00847943
 -0.46314593 -0.52879942 -0.07509437 -0.64364312 -0.26735295  1.04127609
 -0.26001616 -0.30383701]",0,-0.5694914754355709,0.11872161101832597
6430280979,1,2025,26,25,1980,22.0,0.0,0.0,0.0,0.0,0.0,0.0,0.41,0.0,0.02,0.02,0.01,0.03,0.32,5.45,0.68,0.0,0.0,0.0,0.0,0.0,0.02,0.01,0.03,0.02,0.03,22.0,45.6,18.7,19.7,5.55,51.1,20.4,21.4,6.82,89.2,91.7,92.1,81.3,840.1,236.2,45.6,18.7,19.7,5.55,51.1,20.4,21.4,6.82,89.2,91.7,92.1,81.3,45.6,18.7,19.7,5.55,51.1,20.4,21.4,6.82,89.2,91.7,92.1,81.3,45.6,18.7,19.7,5.55,51.1,20.4,21.4,6.82,89.2,91.7,92.1,81.3,0.0,0.03,-0.01,0.32,6.41,0.41,0.05,0.0,0.36,0.05,12.5,0.36,0.05,0.0,0.0,24.9,0.0,0.0,0.0,0.05,-0.02,-0.02,60.8,2.32,13.0,39.5,8.73,0.27,60.8,0.5,61.1,0.32,38.9,32.5,0.05,0.91,0.86,39.6,3.0,0.95,2.05,3.0,0.95,42.9,1.27,1.59,1.23,1.55,4.55,1.41,0.0,1.36,1.37,0.05,0.0,0.0,0.0,0.09,0.0,0.09,0.09,0.05,0.0,0.0,0.0,0.09,0.0,0.0,2.77,0.73,0.0,0.18,1.55,2.05,0.0,0.0,0.0,5.95,0.41,45.0,,,,,,,,,,,,,,,,,,,,,,,,,,,,,Andrés Cubas,MF,Vancouver W'caps,29-196,Andrés Cubas,Designated Player,Designated Player,"[-0.68603763 -0.79755134 -0.74874061 -0.76490657 -1.03220501  0.75493569
 -0.86681471 -0.8282574   0.482274    0.91372109 -1.05108619  1.82232072
  1.40231243  1.14593781]",0,-3.1594844419619386,0.3066013346182467
4335599530,2,2025,24,8,791,8.8,0.23,0.34,0.57,0.23,0.0,0.0,0.45,0.0,0.06,0.06,0.32,0.37,2.39,4.32,11.7,0.23,0.34,0.57,0.23,0.57,0.06,0.32,0.38,0.06,0.38,8.8,48.3,27.0,16.3,3.3,63.2,29.5,20.8,9.09,76.4,91.5,78.1,36.3,756.1,275.7,48.3,27.0,16.3,3.3,63.2,29.5,20.8,9.09,76.4,91.5,78.1,36.3,48.3,27.0,16.3,3.3,63.2,29.5,20.8,9.09,76.4,91.5,78.1,36.3,48.3,27.0,16.3,3.3,63.2,29.5,20.8,9.09,76.4,91.5,78.1,36.3,0.34,0.3,0.02,1.36,3.3,1.93,0.8,0.23,0.57,0.23,40.0,0.57,0.23,0.4,1.0,22.0,0.11,0.0,0.0,0.11,0.17,0.17,73.4,3.3,16.9,26.5,30.1,2.16,73.4,0.68,42.9,0.8,50.0,42.0,0.57,1.48,0.8,50.7,2.39,1.59,1.82,2.39,1.59,60.9,1.02,1.14,0.91,0.34,2.73,2.16,0.11,3.07,3.08,0.11,0.0,0.11,0.0,0.0,0.0,0.8,0.8,0.11,0.0,0.11,0.0,0.0,0.0,0.0,0.91,1.14,0.23,6.48,0.34,1.82,0.0,0.0,0.0,3.75,0.34,23.1,,,,,,,,,,,,,,,,,,,,,,,,,,,,,Mauricio Cuevas,"DF,FW",LA Galaxy,22-297,Mauricio Cuevas,Homegrown Player,Homegrown,"[ 0.40887586  1.7115915  -0.51390354 -0.50681932  2.1820442  -0.77834232
 -0.66498032 -0.44324     0.66142811  0.28296067  0.60435035  1.02825868
 -0.99223233  0.186528  ]",-1,0.181124066814809,2.45808553260746
2701051423,1,2025,4,3,285,3.2,0.0,0.0,0.0,0.0,0.0,0.0,0.31,0.0,0.0,0.0,0.0,0.0,0.0,0.31,0.0,0.0,0.0,0.0,0.0,0.0,0.0,0.0,0.0,0.0,0.0,3.2,50.6,18.8,28.8,2.19,54.1,19.1,30.6,3.13,93.6,98.4,93.9,70.0,889.4,418.1,50.6,18.8,28.8,2.19,54.1,19.1,30.6,3.13,93.6,98.4,93.9,70.0,50.6,18.8,28.8,2.19,54.1,19.1,30.6,3.13,93.6,98.4,93.9,70.0,50.6,18.8,28.8,2.19,54.1,19.1,30.6,3.13,93.6,98.4,93.9,70.0,0.0,0.0,0.0,0.0,0.63,0.0,0.0,0.0,0.0,0.0,,0.0,0.0,,,,0.0,0.0,0.0,,0.0,0.0,68.8,17.2,46.9,22.2,0.0,0.0,68.8,0.0,,0.0,,39.1,0.0,0.0,0.0,45.0,1.56,0.31,0.63,1.56,0.31,100.0,0.0,1.88,0.31,0.31,1.88,9.06,0.0,0.31,0.32,0.0,0.0,0.0,0.0,0.0,0.0,0.0,0.0,0.0,0.0,0.0,0.0,0.0,0.0,0.0,0.94,0.0,0.0,0.0,0.31,0.63,0.0,0.0,0.0,2.5,0.94,37.5,,,,,,,,,,,,,,,,,,,,,,,,,,,,,Christopher Cupps,DF,Chicago Fire,17-192,Christopher Cupps,Homegrown Player,Homegrown,"[-0.68603763 -0.79755134 -0.86615915 -0.89395019 -1.13589047 -1.43085593
 -1.21281652 -0.93520667  0.81404088 -1.95540151 -1.30699909 -0.05218639
 -1.05160121  1.76422413]",0,-2.4856780027098955,-2.147656673436643
3176254049,1,2025,33,33,2801,31.1,0.55,0.06,0.61,0.45,0.1,0.13,0.0,0.0,0.63,0.52,0.13,0.65,1.0,1.61,4.92,0.55,0.06,0.61,0.45,0.51,0.63,0.13,0.76,0.53,0.65,31.1,12.7,7.36,4.21,0.64,17.9,9.2,5.76,1.19,71.0,80.1,73.2,54.1,183.0,36.0,12.7,7.36,4.21,0.64,17.9,9.2,5.76,1.19,71.0,80.1,73.2,54.1,12.7,7.36,4.21,0.64,17.9,9.2,5.76,1.19,71.0,80.1,73.2,54.1,12.7,7.36,4.21,0.64,17.9,9.2,5.76,1.19,71.0,80.1,73.2,54.1,0.06,0.1,-0.06,1.09,0.87,0.45,0.03,0.55,2.54,1.22,48.1,2.54,1.22,0.18,0.37,11.9,0.0,0.1,0.13,0.21,-0.08,-0.07,30.0,1.19,3.25,13.9,13.2,4.5,29.8,0.39,30.8,0.77,61.5,14.8,0.55,2.64,0.71,19.1,1.48,0.55,1.03,1.48,0.55,37.0,0.93,1.16,1.06,0.68,2.15,1.13,0.0,2.38,2.38,0.19,0.06,0.16,0.03,0.0,0.0,0.19,0.19,0.19,0.06,0.16,0.03,0.0,0.0,0.0,1.06,1.0,0.58,0.29,0.68,1.03,0.03,0.0,0.0,2.19,1.54,39.7,,,,,,,,,,,,,,,,,,,,,,,,,,,,,Hugo Cuypers,FW,Chicago Fire,28-300,Hugo Cuypers,Designated Player,Designated Player,"[ 1.93223376 -0.35476143  2.83252471  2.46118405  0.21202049  1.81365836
  1.2284185   1.67435566 -1.70075209 -1.22974793 -0.50727129 -0.15632567
 -0.31938504  0.22916844]",0,4.104503447902541,-1.8715788575554908
9406753776,1,2025,33,23,2030,22.6,0.31,0.04,0.35,0.27,0.04,0.09,0.27,0.0,0.53,0.42,0.08,0.5,0.44,2.08,4.73,0.31,0.04,0.35,0.27,0.31,0.53,0.08,0.6,0.42,0.5,22.6,19.1,13.2,4.03,0.66,27.6,16.9,6.33,1.24,69.3,77.8,63.6,53.6,238.9,46.1,19.1,13.2,4.03,0.66,27.6,16.9,6.33,1.24,69.3,77.8,63.6,53.6,19.1,13.2,4.03,0.66,27.6,16.9,6.33,1.24,69.3,77.8,63.6,53.6,19.1,13.2,4.03,0.66,27.6,16.9,6.33,1.24,69.3,77.8,63.6,53.6,0.04,0.11,-0.03,1.37,1.37,0.53,0.04,0.31,3.14,1.37,43.7,3.15,1.37,0.08,0.19,13.0,0.0,0.04,0.09,0.13,-0.22,-0.15,42.9,1.55,3.41,19.5,20.3,5.18,42.8,0.31,26.9,0.75,65.4,22.2,0.22,3.58,1.99,31.4,1.19,0.35,0.84,1.19,0.35,42.1,0.49,1.37,1.28,0.71,1.9,1.33,0.0,2.7,2.7,0.0,0.0,0.27,0.0,0.0,0.0,0.18,0.18,0.0,0.0,0.27,0.0,0.0,0.0,0.0,2.96,3.27,0.22,0.18,0.71,0.84,0.04,0.0,0.0,3.23,4.91,47.6,,,,,,,,,,,,,,,,,,,,,,,,,,,,,Bruno Damiani,"FW,MF",Philadelphia Union,23-230,Bruno Damiani,Young Designated Player,Designated Player,"[ 0.78971534 -0.50235806  2.24543203  1.81596593 -0.3064068   0.81941332
  1.80508819  1.99520349 -1.27609048 -0.96739626 -0.95511885 -0.53383058
 -0.26001616  0.67689302]",0,3.188386831294843,-1.9738766959421625
9658611310,3,2025,31,11,1116,12.4,0.24,0.0,0.24,0.24,0.0,0.0,0.24,0.0,0.19,0.19,0.05,0.24,2.1,2.58,4.35,0.24,0.0,0.24,0.24,0.24,0.19,0.05,0.24,0.19,0.24,12.4,39.6,22.8,13.8,1.45,45.2,24.0,15.2,3.15,87.5,95.0,90.5,46.2,577.5,115.0,39.6,22.8,13.8,1.45,45.2,24.0,15.2,3.15,87.5,95.0,90.5,46.2,39.6,22.8,13.8,1.45,45.2,24.0,15.2,3.15,87.5,95.0,90.5,46.2,39.6,22.8,13.8,1.45,45.2,24.0,15.2,3.15,87.5,95.0,90.5,46.2,0.0,0.09,-0.05,0.81,1.77,0.56,0.16,0.24,0.65,0.24,37.5,0.65,0.24,0.38,1.0,14.1,0.0,0.0,0.0,0.3,0.05,0.05,56.0,2.9,16.5,24.4,15.9,1.77,56.0,1.29,66.7,0.56,29.2,31.8,0.48,1.21,0.89,36.4,1.61,0.65,1.05,1.61,0.65,38.1,1.05,1.05,0.48,0.56,2.18,2.98,0.08,2.5,2.5,0.08,0.0,0.08,0.08,0.0,0.0,0.16,0.16,0.08,0.0,0.08,0.08,0.0,0.0,0.0,0.81,1.29,0.08,0.89,0.56,1.05,0.0,0.0,0.0,5.73,0.56,38.9,,,,,,,,,,,,,,,,,,,,,,,,,,,,,Dagur Dan Þórhallsson,"MF,DF",Orlando City,25-216,,,,"[ 0.4564808  -0.79755134  0.24931693  0.33196424 -0.61746318 -0.35923774
 -0.58809103 -0.42185015  0.08415374 -0.68829873  0.37242929  0.01290066
 -0.55686056 -0.00535396]",0,-0.06334649240190514,-1.0436751359637717
9468726995,1,2025,20,11,906,10.1,0.1,0.0,0.1,0.1,0.0,0.0,0.3,0.0,0.08,0.08,0.04,0.13,0.89,3.37,1.19,0.1,0.0,0.1,0.1,0.1,0.08,0.04,0.13,0.08,0.13,10.1,34.1,18.5,12.2,2.28,43.2,21.5,15.3,4.16,78.9,86.2,79.4,54.8,539.0,138.1,34.1,18.5,12.2,2.28,43.2,21.5,15.3,4.16,78.9,86.2,79.4,54.8,34.1,18.5,12.2,2.28,43.2,21.5,15.3,4.16,78.9,86.2,79.4,54.8,34.1,18.5,12.2,2.28,43.2,21.5,15.3,4.16,78.9,86.2,79.4,54.8,0.0,0.08,-0.04,0.59,2.67,0.79,0.1,0.1,1.29,0.3,23.1,1.29,0.3,0.08,0.33,19.0,0.0,0.0,0.0,0.06,0.02,0.02,54.3,0.89,11.3,30.8,13.4,0.99,54.3,0.3,25.0,0.69,58.3,24.3,0.1,1.49,0.79,28.2,2.77,1.09,1.58,2.77,1.09,52.4,0.99,1.58,1.49,1.09,3.86,0.69,0.0,2.77,2.79,0.0,0.0,0.2,0.0,0.1,0.0,0.0,0.0,0.0,0.0,0.2,0.0,0.1,0.0,0.0,1.78,1.78,0.1,1.39,1.09,1.58,0.0,0.2,0.0,6.53,0.89,64.3,,,,,,,,,,,,,,,,,,,,,,,,,,,,,Jesús Daniel Bueno,MF,Philadelphia Union,26-233,,,,"[-0.20998828 -0.79755134 -0.39648501 -0.37777569 -0.72114864 -0.63004378
  0.02702331 -0.29351102 -0.28078983 -0.24732463 -0.59524135  1.52292028
  0.49198963  1.12461759]",0,-1.4493075940741136,-0.4983031821556928
8329266014,1,2025,9,3,382,4.2,0.24,0.0,0.24,0.24,0.0,0.0,0.71,0.0,0.05,0.05,0.17,0.21,0.71,4.29,0.48,0.24,0.0,0.24,0.24,0.24,0.05,0.16,0.21,0.05,0.21,4.2,61.4,25.0,25.5,9.52,73.3,26.0,27.6,15.0,83.8,96.3,92.2,63.5,1224.3,394.5,61.4,25.0,25.5,9.52,73.3,26.0,27.6,15.0,83.8,96.3,92.2,63.5,61.4,25.0,25.5,9.52,73.3,26.0,27.6,15.0,83.8,96.3,92.2,63.5,61.4,25.0,25.5,9.52,73.3,26.0,27.6,15.0,83.8,96.3,92.2,63.5,0.0,0.07,-0.17,0.95,3.81,0.48,0.0,0.24,0.71,0.24,33.3,0.71,0.24,0.33,1.0,8.2,0.0,0.0,0.0,0.08,0.19,0.19,88.1,11.2,43.8,41.2,3.81,1.43,88.1,0.0,,0.0,,52.6,0.0,0.71,0.0,61.7,3.57,1.9,1.43,3.57,1.9,66.7,0.95,0.95,0.48,0.48,4.05,6.67,0.0,0.71,0.71,0.0,0.0,0.0,0.0,0.0,0.0,0.24,0.24,0.0,0.0,0.0,0.0,0.0,0.0,0.0,1.67,0.0,0.0,0.0,0.48,1.43,0.0,0.0,0.0,4.52,1.19,71.4,,,,,,,,,,,,,,,,,,,,,,,,,,,,,Héctor David Martínez,DF,Inter Miami,27-317,,,,"[ 0.4564808  -0.79755134 -0.57261281 -0.57134113  0.62676232 -1.30576933
 -0.53042406 -0.42185015  1.53065734  0.26621482 -0.73919235  2.56431312
 -0.71517756 -0.21855613]",-1,-1.4603965448325655,0.8220269824390186
1564876762,1,2025,28,26,2266,25.2,0.04,0.08,0.12,0.04,0.0,0.0,0.08,0.0,0.04,0.04,0.14,0.18,2.74,3.89,5.87,0.04,0.08,0.12,0.04,0.12,0.04,0.14,0.18,0.04,0.18,25.2,43.1,21.3,19.1,2.14,51.9,23.1,22.1,4.21,83.1,92.3,86.7,50.9,713.3,237.5,43.1,21.3,19.1,2.14,51.9,23.1,22.1,4.21,83.1,92.3,86.7,50.9,43.1,21.3,19.1,2.14,51.9,23.1,22.1,4.21,83.1,92.3,86.7,50.9,43.1,21.3,19.1,2.14,51.9,23.1,22.1,4.21,83.1,92.3,86.7,50.9,0.08,0.13,-0.06,1.07,2.98,1.39,0.56,0.04,0.83,0.2,23.8,0.83,0.2,0.05,0.2,20.5,0.0,0.0,0.0,0.05,0.0,0.0,60.6,2.54,14.4,27.9,19.2,1.79,60.6,0.75,50.0,0.63,42.1,34.0,0.75,1.27,0.87,37.9,1.39,0.79,0.91,1.39,0.79,50.0,0.79,0.79,0.75,0.4,1.79,2.06,0.04,2.18,2.18,0.08,0.0,0.12,0.04,0.0,0.0,0.28,0.28,0.08,0.0,0.12,0.04,0.0,0.0,0.0,0.36,0.99,0.0,3.53,0.4,0.91,0.04,0.0,0.0,5.44,0.4,43.5,,,,,,,,,,,,,,,,,,,,,,,,,,,,,Juan David Mosquera,DF,Portland Timbers,23-090,,,,"[-0.49561789 -0.20716479 -0.63132208 -0.63586294  0.31570595  1.12374773
 -0.41509012 -0.50740957  0.31639055  0.0429368   0.88425508 -0.27348237
 -0.87349457 -0.55967962]",0,-0.44021587418626035,0.44843695556433266
4917277758,3,2025,28,19,1865,20.7,0.0,0.05,0.05,0.0,0.0,0.0,0.34,0.05,0.05,0.05,0.11,0.17,1.64,7.05,3.96,0.0,0.05,0.05,0.0,0.05,0.05,0.11,0.17,0.05,0.17,20.7,46.8,24.9,16.2,4.01,58.4,28.0,19.2,7.39,80.1,88.8,84.4,54.2,754.3,244.3,46.8,24.9,16.2,4.01,58.4,28.0,19.2,7.39,80.1,88.8,84.4,54.2,46.8,24.9,16.2,4.01,58.4,28.0,19.2,7.39,80.1,88.8,84.4,54.2,46.8,24.9,16.2,4.01,58.4,28.0,19.2,7.39,80.1,88.8,84.4,54.2,0.05,0.14,-0.06,1.16,5.07,1.45,0.34,0.0,1.06,0.14,13.6,1.06,0.14,0.0,0.0,23.2,0.14,0.0,0.0,0.05,-0.05,-0.05,68.2,1.45,10.0,33.5,25.1,1.74,68.2,1.01,70.0,0.39,26.7,37.9,0.39,1.64,0.53,46.1,2.03,0.72,1.16,2.03,0.72,31.3,1.59,0.97,0.82,1.06,3.09,1.26,0.05,2.51,2.51,0.1,0.0,0.1,0.0,0.0,0.0,0.24,0.24,0.1,0.0,0.1,0.0,0.0,0.0,0.05,1.45,0.68,0.0,3.24,1.06,1.16,0.0,0.0,0.0,4.54,0.43,37.5,,,,,,,,,,,,,,,,,,,,,,,,,,,,,Jake Davis,"MF,DF",Sporting KC,23-335,Jake Davis,,Standard,"[-0.68603763 -0.42855974 -0.57261281 -0.57134113  0.00464957  0.60663714
 -0.1940334  -0.6357487   0.56189805  1.80683318  0.0045545   0.5596319
  0.43262075 -0.1759157 ]",0,-1.5037245902456677,1.2996669785252375
8562429820,1,2025,26,15,1173,13.0,0.31,0.31,0.62,0.31,0.0,0.0,0.0,0.0,0.22,0.22,0.22,0.45,3.08,3.0,8.08,0.31,0.31,0.61,0.31,0.61,0.22,0.22,0.44,0.22,0.44,13.0,31.2,17.7,10.5,1.31,38.7,19.6,12.8,2.85,80.7,90.2,81.4,45.9,448.8,83.2,31.2,17.7,10.5,1.31,38.7,19.6,12.8,2.85,80.7,90.2,81.4,45.9,31.2,17.7,10.5,1.31,38.7,19.6,12.8,2.85,80.7,90.2,81.4,45.9,31.2,17.7,10.5,1.31,38.7,19.6,12.8,2.85,80.7,90.2,81.4,45.9,0.31,0.15,0.08,1.46,1.46,1.15,0.31,0.31,2.92,0.69,23.7,2.92,0.69,0.11,0.44,20.3,0.08,0.0,0.0,0.08,0.08,0.08,51.8,0.54,5.62,21.8,25.6,3.69,51.8,2.62,50.7,2.23,43.3,36.3,0.77,1.92,1.38,39.5,1.46,0.69,0.85,1.46,0.69,45.0,0.85,1.31,1.23,0.62,2.08,0.31,0.08,3.54,3.53,0.62,0.0,0.08,0.0,0.08,0.0,0.38,0.38,0.62,0.0,0.08,0.0,0.08,0.0,0.0,1.23,1.85,0.08,3.0,0.62,0.85,0.0,0.0,0.0,5.38,0.62,57.1,,,,,,,,,,,,,,,,,,,,,,,,,,,,,Pedro De la Vega,"FW,MF",Seattle Sounders,24-300,,,,"[ 0.78971534  1.49019655  0.42544474  0.52552968  1.14518962 -0.28573324
  1.59364263  0.54069334 -0.47321463 -0.4538568   1.15616253 -0.18236049
 -0.4381228   0.54897171]",0,2.387238417036155,1.1036462835087588
2039757531,1,2025,11,9,890,9.9,0.0,0.3,0.3,0.0,0.0,0.0,0.2,0.0,0.08,0.08,0.11,0.2,2.73,9.29,3.64,0.0,0.3,0.3,0.0,0.3,0.09,0.11,0.2,0.09,0.2,9.9,67.7,26.8,32.0,7.88,79.7,29.3,35.4,11.0,84.9,91.4,90.6,71.6,1272.5,332.4,67.7,26.8,32.0,7.88,79.7,29.3,35.4,11.0,84.9,91.4,90.6,71.6,67.7,26.8,32.0,7.88,79.7,29.3,35.4,11.0,84.9,91.4,90.6,71.6,67.7,26.8,32.0,7.88,79.7,29.3,35.4,11.0,84.9,91.4,90.6,71.6,0.3,0.18,0.19,1.72,8.08,1.72,0.4,0.0,1.11,0.0,0.0,1.11,0.0,0.0,,23.5,0.0,0.0,0.0,0.08,-0.08,-0.08,86.6,1.62,12.3,51.2,24.0,1.62,86.6,0.91,45.0,0.91,45.0,58.8,0.3,1.11,0.91,69.4,1.11,0.71,0.61,1.11,0.71,53.8,0.61,0.3,0.2,0.3,1.41,0.61,0.1,4.24,4.25,0.0,0.0,0.2,0.1,0.0,0.0,0.51,0.51,0.0,0.0,0.2,0.1,0.0,0.0,0.0,1.82,2.12,0.1,2.93,0.3,0.61,0.1,0.0,0.0,5.56,0.1,50.0,,,,,,,,,,,,,,,,,,,,,,,,,,,,,Rodrigo De Paul,MF,Inter Miami,31-194,,,,"[-0.68603763  1.41639823 -0.39648501 -0.37777569  0.00464957 -0.65067662
 -0.1459776  -0.93520667  1.94868362  3.05719011  0.8762578  -0.63796986
 -1.07139083 -1.6043703 ]",-1,-0.4703526394307349,2.796355754488496
6542622084,2,2025,29,18,1672,18.6,0.05,0.16,0.22,0.05,0.0,0.0,0.11,0.0,0.06,0.06,0.09,0.15,1.67,3.01,5.32,0.05,0.16,0.22,0.05,0.22,0.06,0.09,0.15,0.06,0.15,18.6,34.0,16.6,15.2,1.77,43.3,18.8,18.4,3.39,78.6,88.5,82.7,52.4,550.2,167.8,34.0,16.6,15.2,1.77,43.3,18.8,18.4,3.39,78.6,88.5,82.7,52.4,34.0,16.6,15.2,1.77,43.3,18.8,18.4,3.39,78.6,88.5,82.7,52.4,34.0,16.6,15.2,1.77,43.3,18.8,18.4,3.39,78.6,88.5,82.7,52.4,0.16,0.08,0.07,0.65,1.88,0.81,0.16,0.05,0.43,0.22,50.0,0.43,0.22,0.13,0.25,16.1,0.0,0.0,0.0,0.15,-0.01,-0.01,55.3,4.03,19.7,21.1,14.7,1.83,55.3,0.54,62.5,0.32,37.5,23.8,0.22,0.65,0.27,30.8,2.04,0.86,0.97,2.04,0.86,80.0,0.22,1.45,0.97,1.83,3.87,3.82,0.0,1.45,1.45,0.0,0.0,0.05,0.0,0.0,0.0,0.22,0.22,0.0,0.0,0.05,0.0,0.0,0.0,0.0,1.02,0.75,0.0,1.24,1.83,0.97,0.0,0.0,0.0,1.94,1.29,46.2,,,,,,,,,,,,,,,,,,,,,,,,,,,,,Jonathan Dean,"DF,MF",Chicago Fire,28-203,Jonathan Dean,,Standard,"[-0.44801295  0.38322176 -0.51390354 -0.50681932 -0.20272134  0.3577535
 -0.79953658 -0.46462986 -0.28742517 -0.44827485  0.02854634  0.57264931
  1.95642196  0.84745476]",0,-1.6216880146361379,0.2577218591545192
7524421161,2,2025,34,30,2570,28.6,0.1,0.1,0.21,0.1,0.0,0.0,0.14,0.0,0.07,0.07,0.1,0.17,1.08,9.44,2.45,0.11,0.11,0.21,0.11,0.21,0.07,0.11,0.17,0.07,0.17,28.6,62.5,31.5,24.7,4.44,71.0,34.0,27.3,6.57,88.0,92.7,90.5,67.6,1019.5,301.0,62.5,31.5,24.7,4.44,71.0,34.0,27.3,6.57,88.0,92.7,90.5,67.6,62.5,31.5,24.7,4.44,71.0,34.0,27.3,6.57,88.0,92.7,90.5,67.6,62.5,31.5,24.7,4.44,71.0,34.0,27.3,6.57,88.0,92.7,90.5,67.6,0.1,0.14,0.0,1.33,9.65,1.54,0.1,0.1,0.63,0.24,38.9,0.63,0.25,0.17,0.43,18.1,0.03,0.0,0.0,0.11,0.04,0.04,80.2,1.96,12.6,49.7,18.6,0.87,80.2,0.59,65.4,0.21,23.1,48.4,0.03,1.29,0.7,60.0,1.99,0.94,1.36,1.99,0.94,48.2,1.01,1.43,1.22,1.29,3.29,0.98,0.0,3.25,3.26,0.07,0.0,0.1,0.0,0.14,0.0,0.49,0.49,0.07,0.0,0.1,0.0,0.14,0.0,0.0,0.94,1.22,0.03,0.91,1.29,1.36,0.0,0.0,0.0,6.33,0.52,46.9,,,,,,,,,,,,,,,,,,,,,,,,,,,,,Marky Delgado,MF,LAFC,30-202,,,,"[-0.20998828 -0.05956815 -0.45519428 -0.44229751 -0.09903589  1.51577171
 -0.60731335 -0.42185015  1.60364606  3.14091937 -0.44329306  0.50756226
  0.88778215  0.80481432]",0,-2.0780116857979896,2.3054658286898566
4395797589,2,2025,30,22,1709,19.0,0.05,0.32,0.37,0.05,0.0,0.0,0.16,0.0,0.11,0.11,0.15,0.26,1.84,3.89,3.79,0.05,0.32,0.37,0.05,0.37,0.1,0.16,0.26,0.1,0.26,19.0,34.3,18.3,10.5,3.47,44.0,20.9,12.5,6.84,78.0,87.7,84.0,50.8,544.6,177.9,34.3,18.3,10.5,3.47,44.0,20.9,12.5,6.84,78.0,87.7,84.0,50.8,34.3,18.3,10.5,3.47,44.0,20.9,12.5,6.84,78.0,87.7,84.0,50.8,34.3,18.3,10.5,3.47,44.0,20.9,12.5,6.84,78.0,87.7,84.0,50.8,0.32,0.15,0.16,1.47,3.53,1.0,0.47,0.05,1.26,0.21,16.7,1.26,0.21,0.04,0.25,22.9,0.05,0.0,0.0,0.08,-0.05,-0.05,54.8,2.16,10.8,26.1,18.6,1.16,54.8,0.63,52.2,0.47,39.1,27.1,0.11,1.63,1.11,36.2,2.0,1.05,1.47,2.0,1.05,60.6,0.68,1.79,1.53,0.84,2.84,1.42,0.11,2.68,2.69,0.0,0.0,0.11,0.0,0.05,0.0,0.42,0.42,0.0,0.0,0.11,0.0,0.05,0.0,0.0,0.89,1.37,0.05,3.53,0.84,1.47,0.0,0.05,0.0,4.05,0.58,26.2,,,,,,,,,,,,,,,,,,,,,,,,,,,,,Patrickson Delgado,"MF,FW",FC Dallas,22-048,Patrickson Delgado,U22 Initiative,U22 Initiative,"[-0.44801295  1.56399486 -0.22035721 -0.18421026  0.41939141  0.40546694
 -0.00181017 -0.48601971 -0.26751916  0.0429368   0.16450006  0.52057967
 -0.00275102  1.57234217]",0,-0.3696474973696209,1.1930461252057054
6295737852,1,2025,29,26,2273,25.3,0.59,0.04,0.63,0.47,0.12,0.12,0.28,0.0,0.43,0.34,0.09,0.43,1.54,1.46,5.77,0.59,0.04,0.63,0.48,0.51,0.43,0.09,0.52,0.34,0.43,25.3,16.5,10.1,5.18,0.43,19.9,11.4,6.05,0.63,82.9,88.2,85.6,68.8,224.4,36.2,16.5,10.1,5.18,0.43,19.9,11.4,6.05,0.63,82.9,88.2,85.6,68.8,16.5,10.1,5.18,0.43,19.9,11.4,6.05,0.63,82.9,88.2,85.6,68.8,16.5,10.1,5.18,0.43,19.9,11.4,6.05,0.63,82.9,88.2,85.6,68.8,0.04,0.07,-0.05,0.99,0.99,0.59,0.04,0.59,2.92,1.3,44.6,2.93,1.31,0.16,0.36,16.6,0.0,0.12,0.12,0.12,0.16,0.13,31.6,0.51,2.41,14.1,15.5,4.23,31.5,0.95,44.4,1.11,51.9,19.1,0.63,3.56,2.06,24.3,0.43,0.16,0.28,0.43,0.16,30.8,0.36,0.2,0.12,0.32,0.75,0.47,0.0,2.65,2.65,0.2,0.04,0.2,0.04,0.08,0.0,0.24,0.24,0.2,0.04,0.2,0.04,0.08,0.0,0.0,1.38,1.3,0.79,0.12,0.32,0.28,0.04,0.04,0.0,2.65,1.62,40.2,,,,,,,,,,,,,,,,,,,,,,,,,,,,,Kévin Denkey,FW,FC Cincinnati,25-004,Kévin Denkey,Designated Player,Designated Player,"[ 2.1226535  -0.50235806  1.65833936  1.29979143 -0.20272134  1.1327746
  1.59364263  1.8454745  -1.44860926 -1.31347719 -0.07541828 -1.52315377
 -1.03181158 -1.81757247]",0,4.280987992620671,-2.277979351052928
5113271802,2,2025,20,18,1338,14.9,0.07,0.2,0.27,0.07,0.0,0.0,0.34,0.0,0.07,0.07,0.06,0.13,1.07,4.56,2.62,0.07,0.2,0.27,0.07,0.27,0.07,0.06,0.14,0.07,0.14,14.9,43.7,22.5,17.9,2.15,49.9,23.8,19.8,3.76,87.6,94.6,90.2,57.1,688.7,197.0,43.7,22.5,17.9,2.15,49.9,23.8,19.8,3.76,87.6,94.6,90.2,57.1,43.7,22.5,17.9,2.15,49.9,23.8,19.8,3.76,87.6,94.6,90.2,57.1,43.7,22.5,17.9,2.15,49.9,23.8,19.8,3.76,87.6,94.6,90.2,57.1,0.2,0.12,0.14,0.54,3.62,0.54,0.2,0.07,0.47,0.07,14.3,0.47,0.07,0.14,1.0,16.6,0.0,0.0,0.0,0.15,-0.01,-0.01,62.1,4.77,19.1,28.9,14.6,1.34,62.1,0.54,47.1,0.54,47.1,33.4,0.13,0.74,0.67,37.0,2.75,1.74,1.48,2.75,1.74,65.0,0.94,1.61,1.07,0.94,3.69,4.23,0.07,1.14,1.14,0.07,0.0,0.0,0.0,0.0,0.0,0.2,0.2,0.07,0.0,0.0,0.0,0.0,0.0,0.0,1.14,1.21,0.13,1.28,0.94,1.48,0.0,0.13,0.0,3.15,0.81,60.0,,,,,,,,,,,,,,,,,,,,,,,,,,,,,Mikkel Desler,"DF,MF",Austin,30-288,Mikkel Desler,,Standard,"[-0.35280309  0.67841504 -0.45519428 -0.44229751 -0.51377772 -0.07295706
 -0.76109193 -0.78547769  0.35620258  0.41692749 -0.45129034  1.49688546
  0.19514524  1.18857824]",0,-1.7824298104381924,0.7713043930077961
7264754187,1,2025,25,14,1152,12.8,0.0,0.0,0.0,0.0,0.0,0.0,0.08,0.0,0.06,0.06,0.02,0.09,1.33,3.44,1.48,0.0,0.0,0.0,0.0,0.0,0.07,0.02,0.09,0.07,0.09,12.8,37.4,16.5,16.8,3.36,41.3,17.6,18.4,4.22,90.5,93.8,91.5,79.6,647.8,154.8,37.4,16.5,16.8,3.36,41.3,17.6,18.4,4.22,90.5,93.8,91.5,79.6,37.4,16.5,16.8,3.36,41.3,17.6,18.4,4.22,90.5,93.8,91.5,79.6,37.4,16.5,16.8,3.36,41.3,17.6,18.4,4.22,90.5,93.8,91.5,79.6,0.0,0.04,-0.02,0.39,4.92,0.55,0.16,0.0,0.7,0.39,55.6,0.7,0.39,0.0,0.0,17.6,0.0,0.0,0.0,0.09,-0.06,-0.06,53.2,2.97,14.3,27.3,11.8,1.09,53.2,0.31,33.3,0.55,58.3,29.3,0.31,1.02,0.78,34.5,3.36,1.33,2.11,3.36,1.33,60.7,0.86,1.72,1.25,1.95,5.31,1.8,0.0,1.02,1.02,0.0,0.0,0.0,0.0,0.0,0.0,0.16,0.16,0.0,0.0,0.0,0.0,0.0,0.0,0.0,1.88,1.02,0.0,0.63,1.95,2.11,0.0,0.08,0.0,3.44,1.09,35.9,,,,,,,,,,,,,,,,,,,,,,,,,,,,,Djibril Diani,MF,Charlotte,27-296,Djibril Diani,,Standard,"[-0.68603763 -0.79755134 -0.51390354 -0.50681932 -0.92851955 -0.31281384
 -0.54003522 -0.10100232 -0.06182369 -0.20825098 -0.24336111  2.2909475
  2.19389748  1.42310064]",0,-2.5288833033320244,0.031578328606863514
2331205069,1,2025,27,24,1899,21.1,0.0,0.14,0.14,0.0,0.0,0.0,0.14,0.0,0.05,0.05,0.07,0.12,0.85,2.7,1.23,0.0,0.14,0.14,0.0,0.14,0.05,0.07,0.12,0.05,0.12,21.1,29.4,15.0,11.6,1.99,38.7,17.4,15.1,4.6,75.9,86.1,76.5,43.3,475.6,227.3,29.4,15.0,11.6,1.99,38.7,17.4,15.1,4.6,75.9,86.1,76.5,43.3,29.4,15.0,11.6,1.99,38.7,17.4,15.1,4.6,75.9,86.1,76.5,43.3,29.4,15.0,11.6,1.99,38.7,17.4,15.1,4.6,75.9,86.1,76.5,43.3,0.14,0.05,0.07,0.66,2.37,0.57,0.14,0.0,0.76,0.14,18.8,0.76,0.14,0.0,0.0,13.6,0.0,0.0,0.0,0.06,-0.05,-0.05,49.6,5.5,21.8,20.7,7.35,2.42,49.6,0.71,71.4,0.24,23.8,22.9,0.09,0.62,0.47,27.6,1.23,0.71,0.81,1.23,0.71,46.9,0.81,1.33,0.76,1.14,2.37,4.6,0.14,1.18,1.18,0.09,0.0,0.0,0.0,0.0,0.0,0.19,0.19,0.09,0.0,0.0,0.0,0.0,0.0,0.0,1.52,0.71,0.09,0.76,1.14,0.81,0.0,0.0,0.0,3.74,2.09,48.4,,,,,,,,,,,,,,,,,,,,,,,,,,,,,Jefferson Díaz,DF,Minnesota Utd,24-364,,,,"[-0.68603763  0.23562513 -0.57261281 -0.57134113 -0.41009226  0.65048193
 -0.48236825 -0.6357487  -0.5926507  -0.62131532 -0.62723046 -0.48176094
  0.59093776  0.59161214]",0,-1.1942430809774023,-0.6858942643511841
2711567341,3,2025,19,1,398,4.4,0.0,0.23,0.23,0.0,0.0,0.0,0.45,0.0,0.2,0.2,0.45,0.66,3.18,1.59,13.2,0.0,0.23,0.23,0.0,0.23,0.21,0.45,0.65,0.21,0.65,4.4,27.5,15.2,10.0,0.68,35.9,18.6,12.0,2.27,76.6,81.7,83.0,30.0,381.8,88.9,27.5,15.2,10.0,0.68,35.9,18.6,12.0,2.27,76.6,81.7,83.0,30.0,27.5,15.2,10.0,0.68,35.9,18.6,12.0,2.27,76.6,81.7,83.0,30.0,27.5,15.2,10.0,0.68,35.9,18.6,12.0,2.27,76.6,81.7,83.0,30.0,0.23,0.32,-0.23,1.36,0.91,1.59,0.91,0.0,2.95,1.36,46.2,2.94,1.36,0.0,0.0,17.2,0.0,0.0,0.0,0.07,-0.2,-0.2,54.5,0.91,6.82,19.3,29.1,6.14,54.5,1.36,27.3,2.73,54.5,35.2,2.5,5.23,0.91,38.2,2.95,1.36,1.36,2.95,1.36,66.7,0.68,0.23,0.23,0.45,3.41,0.45,0.0,4.32,4.28,0.23,0.0,0.91,0.0,0.0,0.0,0.68,0.68,0.23,0.0,0.91,0.0,0.0,0.0,0.0,1.82,4.77,0.68,4.32,0.45,1.36,0.0,0.0,0.0,4.09,0.91,40.0,,,,,,,,,,,,,,,,,,,,,,,,,,,,,Luis Díaz,"FW,DF",NE Revolution,26-363,,,,"[-0.68603763  0.89981     0.3080262   0.39648606  3.52995516 -1.28513648
  1.62247612  1.97381363 -0.71872212 -1.24091183  1.23613531  1.75723367
 -0.77454644 -1.75361182]",-1,3.1330876864953487,1.8650337666365377
2252899881,1,2025,6,6,429,4.8,0.42,0.0,0.42,0.42,0.0,0.0,0.0,0.0,0.19,0.19,0.06,0.25,3.75,2.71,10.0,0.42,0.0,0.42,0.42,0.42,0.19,0.06,0.24,0.19,0.24,4.8,28.3,15.8,10.0,1.88,34.4,17.7,11.9,2.71,82.4,89.4,84.2,69.2,453.1,75.4,28.3,15.8,10.0,1.88,34.4,17.7,11.9,2.71,82.4,89.4,84.2,69.2,28.3,15.8,10.0,1.88,34.4,17.7,11.9,2.71,82.4,89.4,84.2,69.2,28.3,15.8,10.0,1.88,34.4,17.7,11.9,2.71,82.4,89.4,84.2,69.2,0.0,0.15,-0.06,0.63,1.46,1.25,0.0,0.42,2.5,1.04,41.7,2.52,1.05,0.17,0.4,16.6,0.0,0.0,0.0,0.07,0.23,0.23,43.5,0.63,4.79,13.1,26.0,4.38,43.5,0.63,27.3,1.04,45.5,29.6,2.29,1.67,0.83,35.4,0.42,0.21,0.21,0.42,0.21,33.3,0.42,0.83,0.83,0.21,0.63,0.63,0.0,2.5,2.52,0.21,0.0,0.21,0.0,0.0,0.0,0.21,0.21,0.21,0.0,0.21,0.0,0.0,0.0,0.0,0.0,1.25,0.0,1.67,0.21,0.21,0.0,0.0,0.0,2.08,0.0,0.0,,,,,,,,,,,,,,,,,,,,,,,,,,,,,Javairô Dilrosun,FW,LAFC,27-165,,,,"[ 1.31336962 -0.79755134  0.24931693  0.33196424 -0.51377772 -1.24516036
  1.18997385  1.28933827 -0.66563942 -0.61573337  1.69198016 -1.53617119
 -1.24949747 -0.47439875]",0,2.54142192777091,-1.151544341990078
8446243015,1,2025,21,11,1169,13.0,0.15,0.08,0.23,0.15,0.0,0.0,0.31,0.08,0.02,0.02,0.08,0.1,1.23,5.15,0.92,0.15,0.08,0.23,0.15,0.23,0.03,0.08,0.1,0.03,0.1,13.0,54.8,26.1,23.8,4.08,60.4,27.3,26.0,5.31,90.8,95.5,91.4,76.8,912.3,274.5,54.8,26.1,23.8,4.08,60.4,27.3,26.0,5.31,90.8,95.5,91.4,76.8,54.8,26.1,23.8,4.08,60.4,27.3,26.0,5.31,90.8,95.5,91.4,76.8,54.8,26.1,23.8,4.08,60.4,27.3,26.0,5.31,90.8,95.5,91.4,76.8,0.08,0.03,0.0,0.46,5.23,0.31,0.0,0.15,0.38,0.15,40.0,0.38,0.15,0.4,1.0,16.6,0.0,0.0,0.0,0.07,0.13,0.13,71.0,3.69,23.4,41.4,7.38,0.54,71.0,0.77,47.6,0.62,38.1,41.2,0.08,1.54,0.77,51.9,2.15,0.69,1.31,2.15,0.69,39.1,1.08,1.0,0.69,2.15,4.31,1.54,0.23,1.31,1.31,0.0,0.0,0.08,0.0,0.08,0.0,0.15,0.15,0.0,0.0,0.08,0.0,0.08,0.0,0.08,2.08,1.38,0.0,0.08,2.15,1.31,0.0,0.08,0.0,5.38,0.54,46.7,,,,,,,,,,,,,,,,,,,,,,,,,,,,,Innocent Dje,MF,Chicago Fire,22-213,,,,"[ 0.02803639 -0.20716479 -0.74874061 -0.76490657 -0.3064068  -0.29089145
 -0.84759239 -0.61435885  1.09272506  0.74626257 -0.32333389  0.71584083
  2.58969    -0.11195505]",0,-2.3995450311472877,0.8822520205892402
4009404277,1,2025,14,5,577,6.4,0.0,0.16,0.16,0.0,0.0,0.0,0.16,0.0,0.02,0.02,0.09,0.09,0.94,2.81,5.31,0.0,0.16,0.16,0.0,0.16,0.01,0.09,0.1,0.01,0.1,6.4,29.7,14.7,12.7,1.09,38.9,16.4,16.7,2.19,76.3,89.5,75.7,50.0,471.1,146.9,29.7,14.7,12.7,1.09,38.9,16.4,16.7,2.19,76.3,89.5,75.7,50.0,29.7,14.7,12.7,1.09,38.9,16.4,16.7,2.19,76.3,89.5,75.7,50.0,29.7,14.7,12.7,1.09,38.9,16.4,16.7,2.19,76.3,89.5,75.7,50.0,0.16,0.2,0.06,0.94,2.19,0.47,0.47,0.0,0.16,0.16,100.0,0.16,0.16,0.0,0.0,15.6,0.0,0.0,0.0,0.08,-0.02,-0.02,48.6,3.28,14.2,23.6,10.9,1.88,48.6,0.47,60.0,0.31,40.0,17.8,0.31,0.63,0.78,25.6,3.13,1.41,1.88,3.13,1.41,50.0,1.41,1.56,0.78,0.94,4.06,2.81,0.0,1.88,1.87,0.31,0.0,0.0,0.0,0.0,0.0,0.31,0.31,0.31,0.0,0.0,0.0,0.0,0.0,0.0,2.03,0.47,0.0,2.5,0.94,1.88,0.0,0.0,0.0,2.34,0.94,37.5,,,,,,,,,,,,,,,,,,,,,,,,,,,,,Derek Dodson,"DF,MF",D.C. United,27-031,Derek Dodson,,Standard,"[-0.68603763  0.38322176 -0.74874061 -0.76490657 -0.20272134 -1.05430657
 -1.05903794 -0.59296899 -0.57274469 -0.55991386 -0.55525496  1.99154706
  0.19514524  1.08197715]",0,-1.89598687254447,0.117033909298166
3261870737,1,2025,24,15,1415,15.7,0.0,0.06,0.06,0.0,0.0,0.0,0.32,0.0,0.06,0.06,0.09,0.15,1.66,5.03,3.25,0.0,0.06,0.06,0.0,0.06,0.07,0.09,0.16,0.07,0.16,15.7,35.9,18.9,14.0,2.04,41.8,20.8,15.8,2.93,86.0,90.8,88.7,69.6,558.7,156.5,35.9,18.9,14.0,2.04,41.8,20.8,15.8,2.93,86.0,90.8,88.7,69.6,35.9,18.9,14.0,2.04,41.8,20.8,15.8,2.93,86.0,90.8,88.7,69.6,35.9,18.9,14.0,2.04,41.8,20.8,15.8,2.93,86.0,90.8,88.7,69.6,0.06,0.06,-0.03,0.96,4.71,0.76,0.0,0.0,1.21,0.19,15.8,1.21,0.19,0.0,0.0,22.2,0.0,0.0,0.0,0.05,-0.06,-0.06,52.5,0.83,9.43,29.8,14.5,0.96,52.5,0.7,50.0,0.57,40.9,31.3,0.25,1.15,1.21,36.6,2.87,1.34,2.29,2.87,1.34,42.9,1.78,1.59,1.53,1.21,4.08,0.76,0.0,2.36,2.36,0.06,0.0,0.0,0.0,0.13,0.0,0.25,0.25,0.06,0.0,0.0,0.0,0.13,0.0,0.0,2.17,1.34,0.0,0.32,1.21,2.29,0.0,0.0,0.0,4.65,0.06,33.3,,,,,,,,,,,,,,,,,,,,,,,,,,,,,Maxime Dominguez,MF,Toronto FC,29-306,,,,"[-0.68603763 -0.35476143 -0.51390354 -0.50681932 -0.20272134  0.02633848
 -0.04986598 -0.52879942 -0.16135376  0.67927916  0.02054906  1.65309438
  0.72946514  1.14593781]",0,-1.667906240935186,0.8149972379045144
7762285514,2,2025,20,8,867,9.6,0.0,0.21,0.21,0.0,0.0,0.0,0.52,0.0,0.02,0.02,0.1,0.13,1.77,9.27,3.13,0.0,0.21,0.21,0.0,0.21,0.02,0.11,0.12,0.02,0.12,9.6,58.2,27.6,25.1,4.38,66.0,29.8,27.6,5.94,88.2,92.7,90.9,73.7,988.4,337.1,58.2,27.6,25.1,4.38,66.0,29.8,27.6,5.94,88.2,92.7,90.9,73.7,58.2,27.6,25.1,4.38,66.0,29.8,27.6,5.94,88.2,92.7,90.9,73.7,58.2,27.6,25.1,4.38,66.0,29.8,27.6,5.94,88.2,92.7,90.9,73.7,0.21,0.15,0.1,1.67,11.4,1.67,0.0,0.0,0.52,0.1,20.0,0.52,0.1,0.0,0.0,27.9,0.0,0.0,0.0,0.03,-0.02,-0.02,76.0,2.08,11.9,48.2,17.0,1.35,76.0,1.25,75.0,0.42,25.0,44.7,0.31,2.19,0.83,53.4,3.33,0.94,2.5,3.33,0.94,39.1,1.46,0.52,0.42,2.08,5.42,1.15,0.1,3.96,3.94,0.0,0.0,0.0,0.0,0.1,0.0,0.52,0.52,0.0,0.0,0.0,0.0,0.1,0.0,0.0,1.88,0.73,0.1,0.21,2.08,2.5,0.0,0.0,0.0,7.4,0.52,41.7,,,,,,,,,,,,,,,,,,,,,,,,,,,,,Ronald Donkor,MF,NY Red Bulls,21-014,Ronald Donkor,,Standard,"[-0.68603763  0.75221336 -0.74874061 -0.76490657 -0.09903589 -0.68033633
 -0.71303612 -0.72130812  1.31832654  3.04602621  0.10851912  2.25189527
  2.45116261 -1.1353255 ]",-1,-2.571031693316798,3.2354951965617933
1699791872,2,2025,20,6,545,6.1,0.0,0.0,0.0,0.0,0.0,0.0,0.0,0.0,0.26,0.26,0.08,0.34,2.46,1.64,8.03,0.0,0.0,0.0,0.0,0.0,0.26,0.08,0.34,0.26,0.34,6.1,16.6,11.0,3.28,0.33,29.3,16.1,7.54,0.82,56.4,68.4,43.5,40.0,185.1,39.3,16.6,11.0,3.28,0.33,29.3,16.1,7.54,0.82,56.4,68.4,43.5,40.0,16.6,11.0,3.28,0.33,29.3,16.1,7.54,0.82,56.4,68.4,43.5,40.0,16.6,11.0,3.28,0.33,29.3,16.1,7.54,0.82,56.4,68.4,43.5,40.0,0.0,0.11,-0.08,0.66,1.15,0.33,0.0,0.0,1.64,0.49,30.0,1.65,0.5,0.0,0.0,13.2,0.0,0.0,0.0,0.16,-0.26,-0.26,43.6,0.66,3.93,18.4,22.0,5.57,43.6,0.66,44.4,0.82,55.6,22.8,0.98,3.77,2.46,31.1,1.64,0.82,0.82,1.64,0.82,38.5,1.31,2.95,2.79,0.33,1.97,0.98,0.0,2.95,2.97,0.0,0.0,0.49,0.0,0.0,0.0,0.33,0.33,0.0,0.0,0.49,0.0,0.0,0.0,0.0,0.66,1.64,0.33,0.66,0.33,0.82,0.16,0.0,0.0,5.08,8.36,61.4,,,,,,,,,,,,,,,,,,,,,,,,,,,,,Christopher Donovan,"FW,MF",Philadelphia Union,25-118,,,,"[-0.68603763 -0.79755134  0.66028181  0.78361693 -0.3064068  -1.09557226
  0.36341396  0.11289623 -1.44197392 -1.21300208  0.6603313   0.05195289
 -1.01202196  4.04548744]",-1,0.2768117735450602,-1.2990867585366408
4894518693,1,2025,33,29,2667,29.6,0.07,0.14,0.2,0.07,0.0,0.0,0.27,0.0,0.08,0.08,0.16,0.24,2.94,1.52,7.8,0.07,0.13,0.2,0.07,0.2,0.09,0.16,0.24,0.09,0.24,29.6,29.2,15.9,9.9,2.3,38.5,17.9,13.3,4.39,75.7,89.0,74.4,52.3,458.3,115.2,29.2,15.9,9.9,2.3,38.5,17.9,13.3,4.39,75.7,89.0,74.4,52.3,29.2,15.9,9.9,2.3,38.5,17.9,13.3,4.39,75.7,89.0,74.4,52.3,29.2,15.9,9.9,2.3,38.5,17.9,13.3,4.39,75.7,89.0,74.4,52.3,0.14,0.13,-0.02,1.11,0.74,1.42,0.88,0.07,1.18,0.27,22.9,1.18,0.27,0.06,0.25,15.0,0.0,0.0,0.0,0.07,-0.02,-0.02,49.2,2.57,13.8,16.3,19.4,2.87,49.2,0.44,61.9,0.24,33.3,24.6,0.61,1.55,0.54,28.9,1.32,0.84,0.74,1.32,0.84,65.8,0.44,0.91,0.74,0.95,2.26,2.53,0.03,2.2,2.19,0.14,0.0,0.07,0.0,0.0,0.0,0.2,0.2,0.14,0.0,0.07,0.0,0.0,0.0,0.0,1.25,0.78,0.17,4.12,0.95,0.74,0.0,0.03,0.0,2.84,1.35,48.8,,,,,,,,,,,,,,,,,,,,,,,,,,,,,Griffin Dorsey,DF,Houston Dynamo,26-274,Griffin Dorsey,,Standard,"[-0.35280309  0.23562513 -0.39648501 -0.37777569  0.52307686  1.64085831
 -0.07869947 -0.35768058 -0.60592138 -1.27998549  1.04420064 -0.36460424
  0.21493486 -0.30383701]",0,0.16814691982790042,-0.0774007683496793
1805725065,2,2025,8,5,416,4.6,0.22,0.0,0.22,0.22,0.0,0.0,0.43,0.0,0.02,0.02,0.22,0.22,0.65,3.91,2.39,0.22,0.0,0.22,0.22,0.22,0.02,0.21,0.23,0.02,0.23,4.6,27.6,15.9,8.91,1.3,35.9,18.7,11.3,2.17,77.0,84.9,78.8,60.0,389.3,123.9,27.6,15.9,8.91,1.3,35.9,18.7,11.3,2.17,77.0,84.9,78.8,60.0,27.6,15.9,8.91,1.3,35.9,18.7,11.3,2.17,77.0,84.9,78.8,60.0,27.6,15.9,8.91,1.3,35.9,18.7,11.3,2.17,77.0,84.9,78.8,60.0,0.0,0.11,-0.22,1.3,3.26,0.65,0.22,0.22,0.43,0.43,100.0,0.43,0.43,0.5,0.5,20.3,0.0,0.0,0.0,0.05,0.2,0.2,44.3,1.96,12.2,24.8,8.04,0.65,44.3,0.65,60.0,0.43,40.0,18.9,0.22,1.74,0.43,25.2,1.3,0.22,1.09,1.3,0.22,33.3,0.43,1.3,0.65,1.09,2.39,1.96,0.0,1.96,1.95,0.22,0.0,0.0,0.0,0.0,0.0,0.0,0.0,0.22,0.0,0.0,0.0,0.0,0.0,0.0,0.87,1.3,0.0,0.87,1.09,1.09,0.0,0.0,0.0,5.43,0.65,37.5,,,,,,,,,,,,,,,,,,,,,,,,,,,,,Hassani Dotson,MF,Minnesota Utd,28-120,Hassani Dotson,,Standard,"[ 0.36127093 -0.79755134 -0.74874061 -0.76490657  1.14518962 -1.26192454
 -0.79953658 -0.0154429  -0.71208678  0.0541007  -0.78717602 -0.39063906
  0.49198963  0.52765149]",0,-0.7421505089943694,-0.2605351027610763
3220067194,1,2025,11,8,600,6.7,0.0,0.15,0.15,0.0,0.0,0.0,0.0,0.0,0.0,0.0,0.06,0.06,2.69,3.73,2.09,0.0,0.15,0.15,0.0,0.15,0.0,0.06,0.06,0.0,0.06,6.7,48.4,26.6,18.8,1.64,57.2,28.1,21.6,4.48,84.6,94.7,86.9,36.7,724.9,241.9,48.4,26.6,18.8,1.64,57.2,28.1,21.6,4.48,84.6,94.7,86.9,36.7,48.4,26.6,18.8,1.64,57.2,28.1,21.6,4.48,84.6,94.7,86.9,36.7,48.4,26.6,18.8,1.64,57.2,28.1,21.6,4.48,84.6,94.7,86.9,36.7,0.15,0.1,0.09,0.3,3.13,0.75,0.0,0.0,0.0,0.0,,0.0,0.0,,,,0.0,0.0,0.0,,0.0,0.0,67.0,5.67,25.4,32.8,9.25,0.6,67.0,0.6,40.0,0.75,50.0,39.9,0.15,0.15,0.9,41.9,1.64,0.45,1.34,1.64,0.45,75.0,0.15,1.49,0.75,1.49,3.13,2.84,0.0,0.75,0.75,0.0,0.0,0.0,0.0,0.0,0.0,0.3,0.3,0.0,0.0,0.0,0.0,0.0,0.0,0.0,0.75,1.04,0.0,1.79,1.49,1.34,0.0,0.0,0.0,5.22,1.04,50.0,,,,,,,,,,,,,,,,,,,,,,,,,,,,,Souleyman Doumbia,DF,Charlotte,29-071,,,,"[-0.68603763  0.30942344 -0.86615915 -0.89395019 -0.51377772 -1.02464686
 -1.21281652 -0.93520667  0.66806345 -0.04637441  0.84426869  0.05195289
  1.28357467  0.93273563]",0,-2.2490860191656306,0.623793823460283
2293640672,1,2025,34,34,3019,33.5,0.57,0.51,1.07,0.48,0.09,0.12,0.09,0.0,0.51,0.41,0.35,0.76,2.42,4.24,7.97,0.57,0.51,1.07,0.48,0.98,0.51,0.35,0.86,0.41,0.76,33.5,35.5,19.1,12.1,2.87,46.9,21.9,15.6,5.82,75.7,87.6,77.5,49.2,562.7,148.6,35.5,19.1,12.1,2.87,46.9,21.9,15.6,5.82,75.7,87.6,77.5,49.2,35.5,19.1,12.1,2.87,46.9,21.9,15.6,5.82,75.7,87.6,77.5,49.2,35.5,19.1,12.1,2.87,46.9,21.9,15.6,5.82,75.7,87.6,77.5,49.2,0.51,0.31,0.16,2.45,2.69,1.85,0.3,0.57,2.99,1.28,43.0,2.98,1.28,0.16,0.37,19.0,0.15,0.09,0.12,0.14,0.06,0.07,54.7,0.21,4.66,22.4,28.1,5.25,54.6,0.69,46.9,0.75,51.0,31.7,1.13,1.64,0.72,43.3,0.45,0.3,0.3,0.45,0.3,55.6,0.24,0.48,0.48,0.24,0.69,0.15,0.06,4.6,4.59,0.27,0.09,0.12,0.0,0.03,0.0,0.9,0.89,0.27,0.09,0.12,0.0,0.03,0.0,0.0,0.3,0.6,0.57,4.72,0.24,0.3,0.0,0.0,0.0,2.21,0.03,33.3,,,,,,,,,,,,,,,,,,,,,,,,,,,,,Anders Dreyer,FW,San Diego FC,27-216,Anders Dreyer,Designated Player,Designated Player,"[ 2.02744363  2.96616292  2.1280135   1.75144412  2.49310058  2.09478082
  1.66092077  1.80269479 -0.18789511  0.23830507  0.62834219 -1.49711895
 -1.19012859 -1.22060637]",-1,5.523982040480073,1.8447129635362172
1919726485,1,2025,14,12,1039,11.5,0.0,0.0,0.0,0.0,0.0,0.0,0.17,0.0,0.01,0.01,0.03,0.03,0.7,2.96,0.17,0.0,0.0,0.0,0.0,0.0,0.01,0.03,0.04,0.01,0.04,11.5,77.7,38.9,33.0,4.7,85.0,40.3,35.4,7.57,91.5,96.5,93.1,62.1,1283.3,530.3,77.7,38.9,33.0,4.7,85.0,40.3,35.4,7.57,91.5,96.5,93.1,62.1,77.7,38.9,33.0,4.7,85.0,40.3,35.4,7.57,91.5,96.5,93.1,62.1,77.7,38.9,33.0,4.7,85.0,40.3,35.4,7.57,91.5,96.5,93.1,62.1,0.0,0.05,-0.03,0.26,4.0,0.26,0.0,0.0,0.26,0.0,0.0,0.26,0.0,0.0,,15.4,0.0,0.0,0.0,0.04,-0.01,-0.01,94.3,11.0,52.2,40.0,2.87,0.26,94.3,0.52,54.5,0.17,18.2,61.5,0.0,0.52,0.35,71.1,1.74,0.7,1.3,1.74,0.7,72.7,0.26,1.3,0.26,0.78,2.52,3.65,0.26,1.13,1.13,0.0,0.0,0.0,0.0,0.0,0.0,0.0,0.0,0.0,0.0,0.0,0.0,0.0,0.0,0.0,0.26,1.3,0.0,0.09,0.78,1.3,0.0,0.0,0.09,6.17,1.13,54.2,,,,,,,,,,,,,,,,,,,,,,,,,,,,,Manu Duah,DF,San Diego FC,20-182,Manu Duah,,Standard,"[-0.68603763 -0.79755134 -0.80744988 -0.82942838 -0.8248341  -0.45853328
 -0.96292632 -0.93520667  2.61221738 -0.47618461 -0.74718963  0.182127
 -0.12148878  0.52765149]",0,-2.8127054876630257,-0.40448895090020576
8842274711,1,2025,22,7,694,7.7,0.0,0.13,0.13,0.0,0.0,0.0,0.26,0.0,0.04,0.04,0.01,0.06,1.3,5.06,0.91,0.0,0.13,0.13,0.0,0.13,0.04,0.02,0.06,0.04,0.06,7.7,38.3,17.9,16.0,2.99,45.3,19.2,18.4,4.68,84.5,93.2,86.6,63.9,636.2,182.6,38.3,17.9,16.0,2.99,45.3,19.2,18.4,4.68,84.5,93.2,86.6,63.9,38.3,17.9,16.0,2.99,45.3,19.2,18.4,4.68,84.5,93.2,86.6,63.9,38.3,17.9,16.0,2.99,45.3,19.2,18.4,4.68,84.5,93.2,86.6,63.9,0.13,0.04,0.12,0.39,4.16,0.39,0.13,0.0,0.39,0.0,0.0,0.39,0.0,0.0,,16.2,0.0,0.0,0.0,0.11,-0.04,-0.04,54.4,3.64,15.5,32.7,7.01,0.52,54.4,0.39,42.9,0.52,57.1,28.6,0.26,0.78,0.65,33.6,2.6,1.17,1.17,2.6,1.17,75.0,0.39,1.69,1.3,0.65,3.25,1.95,0.13,1.56,1.55,0.13,0.13,0.0,0.0,0.13,0.13,0.65,0.65,0.13,0.13,0.0,0.0,0.13,0.13,0.0,2.47,1.04,0.0,0.52,0.65,1.17,0.0,0.26,0.0,5.45,0.52,57.1,,,,,,,,,,,,,,,,,,,,,,,,,,,,,Nicolás Dubersarsky,MF,Austin,20-348,Nicolás Dubersarsky,U22 Initiative,U22 Initiative,"[-0.68603763  0.16182681 -0.63132208 -0.63586294 -1.03220501 -0.90342892
 -0.83798122 -0.93520667 -0.00210565  0.69602501 -0.26735295  1.3016243
 -0.37875392  1.35913999]",0,-2.0679157992581985,0.34687724223621236
1164933857,1,2025,21,14,1311,14.6,0.0,0.07,0.07,0.0,0.0,0.0,0.07,0.0,0.03,0.03,0.03,0.06,0.82,2.26,0.41,0.0,0.07,0.07,0.0,0.07,0.03,0.03,0.06,0.03,0.06,14.6,27.2,11.4,13.4,2.19,32.8,12.8,14.9,3.77,82.9,89.3,89.9,58.2,492.7,182.9,27.2,11.4,13.4,2.19,32.8,12.8,14.9,3.77,82.9,89.3,89.9,58.2,27.2,11.4,13.4,2.19,32.8,12.8,14.9,3.77,82.9,89.3,89.9,58.2,27.2,11.4,13.4,2.19,32.8,12.8,14.9,3.77,82.9,89.3,89.9,58.2,0.07,0.03,0.04,0.21,1.51,0.14,0.0,0.0,0.48,0.27,57.1,0.48,0.27,0.0,0.0,13.3,0.0,0.0,0.0,0.07,-0.03,-0.03,46.3,8.84,26.5,15.5,4.38,1.92,46.3,0.14,40.0,0.21,60.0,20.3,0.07,0.34,0.21,24.0,1.16,0.48,0.62,1.16,0.48,63.6,0.27,0.96,0.21,0.55,1.71,7.81,0.07,0.96,0.96,0.0,0.0,0.0,0.0,0.0,0.0,0.21,0.21,0.0,0.0,0.0,0.0,0.0,0.0,0.0,0.62,0.07,0.14,0.14,0.55,0.62,0.0,0.0,0.07,2.67,2.67,54.2,,,,,,,,,,,,,,,,,,,,,,,,,,,,,Morris Duggan,DF,Minnesota Utd,25-041,Morris Duggan,,Standard,"[-0.68603763 -0.28096311 -0.69003135 -0.70038476 -0.8248341  -0.10777498
 -0.75148077 -0.35768058 -0.73862813 -0.86692115 -0.65122229 -0.57288281
 -0.57665018 -0.19723592]",0,-0.9406703897292843,-1.4924693083144605
5021723266,4,2025,18,7,679,7.5,0.0,0.13,0.13,0.0,0.0,0.0,0.13,0.0,0.08,0.08,0.16,0.24,1.47,4.8,5.07,0.0,0.13,0.13,0.0,0.13,0.08,0.16,0.24,0.08,0.24,7.5,32.1,16.4,11.6,3.07,44.7,20.3,15.3,6.93,71.9,80.9,75.7,44.2,536.9,147.7,32.1,16.4,11.6,3.07,44.7,20.3,15.3,6.93,71.9,80.9,75.7,44.2,32.1,16.4,11.6,3.07,44.7,20.3,15.3,6.93,71.9,80.9,75.7,44.2,32.1,16.4,11.6,3.07,44.7,20.3,15.3,6.93,71.9,80.9,75.7,44.2,0.13,0.12,-0.03,1.87,2.93,0.8,0.27,0.0,1.07,0.53,50.0,1.06,0.53,0.0,0.0,18.1,0.13,0.0,0.0,0.08,-0.08,-0.08,54.1,1.07,9.07,25.1,20.4,1.87,54.1,0.67,33.3,1.2,60.0,26.0,0.4,1.33,0.8,34.9,1.33,0.67,0.67,1.33,0.67,45.5,0.8,1.2,1.2,0.53,1.87,0.8,0.0,4.13,4.11,0.13,0.0,0.4,0.13,0.0,0.0,0.27,0.27,0.13,0.0,0.4,0.13,0.0,0.0,0.0,1.33,2.13,0.0,4.27,0.53,0.67,0.0,0.0,0.0,5.6,0.27,18.2,,,,,,,,,,,,,,,,,,,,,,,,,,,,,Bryce Duke,"MF,FW",CF Montréal,24-279,Bryce Duke,,Standard,"[-0.68603763  0.16182681 -0.39648501 -0.37777569  0.52307686 -0.92277221
 -0.18442224  0.19845565 -0.41349659  0.5508943  -0.13139922 -0.35158683
 -0.61622943  0.31444931]",0,-0.133806993587044,0.37041809944070575
7152537892,1,2025,20,17,1531,17.0,0.0,0.18,0.18,0.0,0.0,0.0,0.18,0.06,0.05,0.05,0.18,0.22,2.12,4.76,4.53,0.0,0.18,0.18,0.0,0.18,0.05,0.17,0.23,0.05,0.23,17.0,50.2,23.6,22.5,3.41,62.5,26.6,27.2,6.59,80.3,88.7,82.9,51.8,842.6,243.0,50.2,23.6,22.5,3.41,62.5,26.6,27.2,6.59,80.3,88.7,82.9,51.8,50.2,23.6,22.5,3.41,62.5,26.6,27.2,6.59,80.3,88.7,82.9,51.8,50.2,23.6,22.5,3.41,62.5,26.6,27.2,6.59,80.3,88.7,82.9,51.8,0.18,0.15,0.0,1.12,4.18,1.47,0.41,0.0,0.76,0.12,15.4,0.76,0.12,0.0,0.0,22.4,0.0,0.0,0.0,0.07,-0.05,-0.05,74.6,3.53,18.2,36.9,20.1,1.12,74.6,1.06,58.1,0.76,41.9,39.8,0.18,1.88,0.76,45.0,2.41,1.65,1.41,2.41,1.65,68.3,0.76,1.12,0.59,1.06,3.47,2.94,0.12,2.18,2.18,0.06,0.0,0.12,0.0,0.06,0.0,0.29,0.29,0.06,0.0,0.12,0.0,0.06,0.0,0.0,1.41,0.88,0.0,2.76,1.06,1.41,0.0,0.0,0.06,6.35,1.47,53.2,,,,,,,,,,,,,,,,,,,,,,,,,,,,,Kyle Duncan,DF,NY Red Bulls,28-118,Kyle Duncan,TAM Player,TAM Player,"[-0.68603763  0.5308184  -0.57261281 -0.57134113  0.73044778  0.17592658
 -0.48236825 -0.67852841  0.78749953  0.5285665   0.38842385  1.0542935
  0.43262075  0.14388757]",0,-1.299814772631281,1.6482182083663672
5233628278,2,2025,18,14,1104,12.3,0.0,0.08,0.08,0.0,0.0,0.0,0.33,0.08,0.06,0.06,0.04,0.1,0.49,5.45,2.44,0.0,0.08,0.08,0.0,0.08,0.06,0.04,0.1,0.06,0.1,12.3,34.2,17.3,12.8,3.01,43.2,19.7,15.3,5.61,79.3,88.0,84.0,53.6,571.0,189.0,34.2,17.3,12.8,3.01,43.2,19.7,15.3,5.61,79.3,88.0,84.0,53.6,34.2,17.3,12.8,3.01,43.2,19.7,15.3,5.61,79.3,88.0,84.0,53.6,34.2,17.3,12.8,3.01,43.2,19.7,15.3,5.61,79.3,88.0,84.0,53.6,0.08,0.08,0.04,0.49,4.72,0.98,0.24,0.0,0.98,0.24,25.0,0.98,0.24,0.0,0.0,17.5,0.0,0.0,0.0,0.06,-0.06,-0.06,55.9,4.39,15.9,30.5,9.84,1.79,55.9,0.24,60.0,0.16,40.0,24.6,0.24,1.38,0.41,34.0,1.87,0.81,1.22,1.87,0.81,45.5,0.98,1.54,1.14,1.46,3.33,3.66,0.08,1.79,1.79,0.0,0.0,0.08,0.0,0.0,0.0,0.16,0.16,0.0,0.0,0.08,0.0,0.0,0.0,0.0,2.6,0.98,0.16,0.65,1.46,1.22,0.0,0.16,0.0,4.15,1.06,48.1,,,,,,,,,,,,,,,,,,,,,,,,,,,,,Chris Durkin,MF,St. Louis,25-299,Chris Durkin,U22 Initiative,U22 Initiative,"[-0.68603763 -0.20716479 -0.51390354 -0.50681932 -0.72114864 -0.37471237
 -0.2709227  -0.42185015 -0.2741545   0.91372109 -0.91513246  0.35135333
  1.2242058   1.03933672]",0,-1.84012334121109,0.07319534676763771
4722072757,2,2025,22,9,876,9.7,0.41,0.1,0.52,0.41,0.0,0.0,0.0,0.0,0.34,0.34,0.15,0.49,0.72,2.27,3.92,0.41,0.1,0.51,0.41,0.51,0.34,0.15,0.5,0.34,0.5,9.7,18.6,11.4,5.46,0.93,21.9,12.7,6.39,1.24,84.9,90.2,85.5,75.0,263.1,63.2,18.6,11.4,5.46,0.93,21.9,12.7,6.39,1.24,84.9,90.2,85.5,75.0,18.6,11.4,5.46,0.93,21.9,12.7,6.39,1.24,84.9,90.2,85.5,75.0,18.6,11.4,5.46,0.93,21.9,12.7,6.39,1.24,84.9,90.2,85.5,75.0,0.1,0.15,-0.05,0.93,2.16,0.41,0.1,0.41,1.96,0.93,47.4,1.95,0.92,0.21,0.44,14.9,0.1,0.0,0.0,0.18,0.07,0.07,31.0,1.03,2.16,14.7,14.3,3.3,31.0,0.72,58.3,0.52,41.7,17.6,0.21,2.58,1.03,23.1,0.31,0.21,0.1,0.31,0.21,33.3,0.41,0.41,0.41,0.21,0.52,0.72,0.0,2.58,2.57,0.1,0.0,0.21,0.1,0.0,0.0,0.31,0.31,0.1,0.0,0.21,0.1,0.0,0.0,0.0,1.03,1.13,0.41,0.1,0.21,0.1,0.1,0.0,0.0,2.58,0.93,39.1,,,,,,,,,,,,,,,,,,,,,,,,,,,,,Jeremy Ebobisse,FW,LAFC,28-293,Jeremy Ebobisse,TAM Player,TAM Player,"[ 1.26576468 -0.05956815  1.12995595  1.29979143  0.41939141 -0.66873035
  0.67097113  1.05404986 -1.30926717 -0.8613392  -0.73119507 -1.6793627
 -1.24949747 -1.3698479 ]",0,3.219002276511581,-1.8534579896275059
2600154193,1,2025,8,6,506,5.6,0.18,0.18,0.36,0.18,0.0,0.0,0.0,0.0,0.2,0.2,0.18,0.38,3.93,1.61,8.39,0.18,0.18,0.36,0.18,0.36,0.2,0.17,0.38,0.2,0.38,5.6,24.1,15.2,8.04,0.18,30.9,17.5,10.0,1.43,78.0,86.7,80.4,12.5,324.5,58.6,24.1,15.2,8.04,0.18,30.9,17.5,10.0,1.43,78.0,86.7,80.4,12.5,24.1,15.2,8.04,0.18,30.9,17.5,10.0,1.43,78.0,86.7,80.4,12.5,24.1,15.2,8.04,0.18,30.9,17.5,10.0,1.43,78.0,86.7,80.4,12.5,0.18,0.21,0.0,1.61,0.89,1.25,0.36,0.18,1.61,0.36,22.2,1.6,0.36,0.11,0.5,16.7,0.0,0.0,0.0,0.13,-0.02,-0.02,42.5,1.61,8.57,14.3,20.4,5.36,42.5,1.61,56.3,1.25,43.8,24.5,1.79,2.32,1.07,26.8,1.25,0.89,0.71,1.25,0.89,55.6,0.71,0.18,0.0,0.89,2.14,2.5,0.0,3.39,3.37,0.36,0.0,0.18,0.0,0.18,0.0,0.18,0.18,0.36,0.0,0.18,0.0,0.18,0.0,0.0,0.54,0.71,0.18,3.04,0.89,0.71,0.0,0.0,0.0,4.11,0.36,33.3,,,,,,,,,,,,,,,,,,,,,,,,,,,,,Ender Echenique,"DF,FW",FC Cincinnati,21-246,,,,"[ 0.17085119  0.5308184   0.3080262   0.39648606  0.73044778 -1.14586481
  0.33458048 -0.16517189 -0.9443236  -1.22974793  1.83593116 -0.45572611
  0.09619711 -1.86021291]",0,1.83013583158418,-0.03548609673193833
9864248391,1,2025,26,25,2018,22.4,0.04,0.0,0.04,0.04,0.0,0.0,0.22,0.0,0.03,0.03,0.01,0.04,0.71,6.43,1.16,0.04,0.0,0.04,0.04,0.04,0.03,0.02,0.05,0.03,0.05,22.4,49.6,25.7,20.4,2.86,58.4,28.2,23.2,4.73,84.9,91.0,88.1,60.4,795.2,253.8,49.6,25.7,20.4,2.86,58.4,28.2,23.2,4.73,84.9,91.0,88.1,60.4,49.6,25.7,20.4,2.86,58.4,28.2,23.2,4.73,84.9,91.0,88.1,60.4,49.6,25.7,20.4,2.86,58.4,28.2,23.2,4.73,84.9,91.0,88.1,60.4,0.0,0.04,-0.01,0.31,6.96,0.89,0.04,0.04,0.63,0.18,28.6,0.62,0.18,0.07,0.25,23.4,0.0,0.0,0.0,0.05,0.01,0.01,68.3,2.32,13.5,44.3,10.7,0.18,68.3,0.31,46.7,0.36,53.3,35.6,0.04,1.03,0.67,45.8,1.43,0.8,0.89,1.43,0.8,39.1,1.25,1.16,0.8,1.52,2.95,1.88,0.0,1.38,1.38,0.04,0.0,0.09,0.0,0.09,0.0,0.09,0.09,0.04,0.0,0.09,0.0,0.09,0.0,0.0,0.67,1.79,0.0,0.27,1.52,0.89,0.0,0.0,0.0,6.21,1.25,57.1,,,,,,,,,,,,,,,,,,,,,,,,,,,,,Daniel Edelman,MF,NY Red Bulls,22-220,Daniel Edelman,,Standard,"[-0.49561789 -0.79755134 -0.69003135 -0.70038476 -1.03220501  0.80393869
 -0.60731335 -0.55018928  0.7476875   1.46075224 -0.73919235 -0.22141273
  1.34294355  0.22916844]",0,-2.3227299568754445,0.1693255419369673
5135202120,1,2025,20,14,1207,13.4,0.0,0.07,0.07,0.0,0.0,0.0,0.22,0.0,0.04,0.04,0.06,0.1,0.6,2.76,2.91,0.0,0.07,0.07,0.0,0.07,0.04,0.06,0.09,0.04,0.09,13.4,51.6,23.4,24.1,3.66,59.6,25.3,26.9,5.97,86.5,92.6,89.5,61.3,890.6,256.4,51.6,23.4,24.1,3.66,59.6,25.3,26.9,5.97,86.5,92.6,89.5,61.3,51.6,23.4,24.1,3.66,59.6,25.3,26.9,5.97,86.5,92.6,89.5,61.3,51.6,23.4,24.1,3.66,59.6,25.3,26.9,5.97,86.5,92.6,89.5,61.3,0.07,0.1,0.01,0.67,3.06,0.75,0.52,0.0,0.22,0.07,33.3,0.22,0.07,0.0,0.0,5.6,0.0,0.0,0.0,0.16,-0.04,-0.04,68.4,3.13,24.8,32.8,11.0,0.6,68.4,0.15,50.0,0.15,50.0,36.9,0.07,0.9,0.3,45.1,1.34,0.75,0.82,1.34,0.75,62.5,0.45,0.97,0.45,0.75,2.09,3.13,0.0,1.57,1.56,0.0,0.0,0.0,0.0,0.0,0.0,0.22,0.22,0.0,0.0,0.0,0.0,0.0,0.0,0.0,1.04,0.82,0.0,1.57,0.75,0.82,0.0,0.0,0.0,4.33,0.9,44.4,,,,,,,,,,,,,,,,,,,,,,,,,,,,,Matthew Edwards,DF,Atlanta Utd,22-290,Matthew Edwards,Homegrown Player,Homegrown,"[-0.68603763 -0.28096311 -0.63132208 -0.63586294 -0.51377772 -0.24188845
 -1.00137097 -0.78547769  0.88039425 -0.58782362 -0.82716241 -0.33856942
 -0.18085766 -0.1759157 ]",0,-1.7258860885898708,-0.7846163321674562
3419709076,3,2025,24,15,1427,15.9,0.0,0.0,0.0,0.0,0.0,0.0,0.31,0.06,0.04,0.04,0.06,0.1,2.2,4.97,6.1,0.0,0.0,0.0,0.0,0.0,0.05,0.06,0.1,0.05,0.1,15.9,40.7,18.5,17.4,4.15,54.3,21.3,22.2,8.18,75.0,86.7,78.2,50.8,715.7,283.2,40.7,18.5,17.4,4.15,54.3,21.3,22.2,8.18,75.0,86.7,78.2,50.8,40.7,18.5,17.4,4.15,54.3,21.3,22.2,8.18,75.0,86.7,78.2,50.8,40.7,18.5,17.4,4.15,54.3,21.3,22.2,8.18,75.0,86.7,78.2,50.8,0.0,0.1,-0.06,1.01,3.65,1.19,0.13,0.0,0.69,0.25,36.4,0.69,0.25,0.0,0.0,21.0,0.06,0.0,0.0,0.07,-0.04,-0.04,67.9,3.33,18.9,29.9,19.9,1.26,67.9,1.64,52.0,1.38,44.0,32.3,0.25,1.26,1.7,37.7,3.14,1.38,2.33,3.14,1.38,41.5,1.95,2.01,1.82,1.51,4.65,2.2,0.13,2.64,2.65,0.06,0.0,0.06,0.06,0.0,0.0,0.25,0.25,0.06,0.0,0.06,0.06,0.0,0.0,0.0,1.64,1.07,0.0,3.14,1.51,2.33,0.06,0.0,0.0,6.29,1.07,60.7,,,,,,,,,,,,,,,,,,,,,,,,,,,,,Raheem Edwards,DF,NY Red Bulls,30-142,Raheem Edwards,,Standard,"[-0.68603763 -0.79755134 -0.63132208 -0.63586294 -0.51377772  0.04181312
 -0.54964638 -0.40046029  0.15714245  0.64578746  0.45240207  2.00456447
  1.32315393  2.04138696]",0,-2.4643536083570416,0.8944227515900758
4546025804,1,2025,30,29,2610,29.0,0.03,0.0,0.03,0.03,0.0,0.0,0.28,0.0,0.07,0.07,0.01,0.08,1.0,4.07,0.38,0.03,0.0,0.03,0.03,0.03,0.07,0.01,0.08,0.07,0.08,29.0,60.7,21.1,34.2,5.03,68.3,22.4,36.1,8.62,88.9,94.3,94.7,58.4,1159.6,410.2,60.7,21.1,34.2,5.03,68.3,22.4,36.1,8.62,88.9,94.3,94.7,58.4,60.7,21.1,34.2,5.03,68.3,22.4,36.1,8.62,88.9,94.3,94.7,58.4,60.7,21.1,34.2,5.03,68.3,22.4,36.1,8.62,88.9,94.3,94.7,58.4,0.0,0.03,-0.01,0.17,5.1,0.14,0.0,0.03,0.66,0.21,31.6,0.66,0.21,0.05,0.17,14.3,0.0,0.0,0.0,0.1,-0.03,-0.03,80.4,7.97,36.1,40.0,5.0,1.1,80.4,0.24,43.8,0.24,43.8,47.2,0.1,0.52,0.31,54.3,1.48,0.83,0.79,1.48,0.83,85.7,0.14,1.21,0.59,1.21,2.69,5.83,0.0,0.93,0.93,0.03,0.0,0.0,0.0,0.0,0.0,0.14,0.14,0.03,0.0,0.0,0.0,0.0,0.0,0.0,1.1,0.38,0.0,0.03,1.21,0.79,0.0,0.0,0.0,5.14,1.76,56.0,,,,,,,,,,,,,,,,,,,,,,,,,,,,,Noah Eile,DF,NY Red Bulls,23-138,Noah Eile,U22 Initiative,U22 Initiative,"[-0.54322282 -0.79755134 -0.45519428 -0.44229751 -1.03220501  1.56735381
 -0.57847986 -0.48601971  1.48420998  0.14341191 -0.50727129 -0.15632567
  0.72946514  0.33576953]",0,-2.05743233032457,-0.33672827592579185
5047604247,2,2025,33,33,2938,32.6,0.09,0.09,0.18,0.09,0.0,0.0,0.21,0.0,0.07,0.07,0.04,0.1,0.43,2.79,0.34,0.09,0.09,0.18,0.09,0.18,0.07,0.04,0.1,0.07,0.1,32.6,50.8,17.3,26.5,6.72,58.5,18.3,28.2,11.1,86.9,94.3,94.0,60.7,1013.7,434.4,50.8,17.3,26.5,6.72,58.5,18.3,28.2,11.1,86.9,94.3,94.0,60.7,50.8,17.3,26.5,6.72,58.5,18.3,28.2,11.1,86.9,94.3,94.0,60.7,50.8,17.3,26.5,6.72,58.5,18.3,28.2,11.1,86.9,94.3,94.0,60.7,0.09,0.03,0.06,0.25,2.67,0.15,0.03,0.09,0.86,0.31,35.7,0.86,0.31,0.11,0.3,15.3,0.12,0.0,0.0,0.08,0.02,0.02,70.5,15.2,46.3,21.3,3.19,1.56,70.5,0.18,85.7,0.0,0.0,35.9,0.0,0.28,0.18,45.4,1.29,0.74,0.86,1.29,0.74,61.5,0.46,1.44,0.46,1.01,2.3,6.63,0.18,0.67,0.67,0.0,0.0,0.0,0.0,0.03,0.0,0.15,0.15,0.0,0.0,0.0,0.0,0.03,0.0,0.0,0.95,0.43,0.03,0.06,1.01,0.86,0.0,0.03,0.03,3.93,2.36,58.8,,,,,,,,,,,,,,,,,,,,,,,,,,,,,Jack Elliott,DF,Chicago Fire,30-101,Jack Elliott,TAM Player,TAM Player,"[-0.25759322 -0.13336647 -0.45519428 -0.44229751 -0.72114864  1.99032706
 -0.38625663 -0.27212116  0.82731155 -0.57107777 -0.96311613 -0.40365647
  0.33367262  0.82613454]",0,-1.4123904894273316,-0.6852697707924388
3611584063,2,2025,28,19,1805,20.1,0.0,0.05,0.05,0.0,0.0,0.0,0.15,0.0,0.01,0.01,0.09,0.1,2.04,4.78,1.89,0.0,0.05,0.05,0.0,0.05,0.01,0.09,0.1,0.01,0.1,20.1,43.8,24.3,14.9,2.24,49.4,26.2,16.6,2.69,88.6,93.0,89.8,83.3,635.2,184.8,43.8,24.3,14.9,2.24,49.4,26.2,16.6,2.69,88.6,93.0,89.8,83.3,43.8,24.3,14.9,2.24,49.4,26.2,16.6,2.69,88.6,93.0,89.8,83.3,43.8,24.3,14.9,2.24,49.4,26.2,16.6,2.69,88.6,93.0,89.8,83.3,0.05,0.07,-0.04,1.0,3.88,0.7,0.1,0.0,0.4,0.05,12.5,0.4,0.05,0.0,0.0,24.0,0.0,0.0,0.0,0.03,-0.01,-0.01,60.2,2.09,13.4,34.9,12.9,0.75,60.2,1.24,55.6,0.85,37.8,34.4,0.0,1.84,0.75,40.8,1.99,0.95,1.14,1.99,0.95,47.5,1.04,1.54,1.14,0.95,2.94,1.29,0.0,2.79,2.79,0.15,0.0,0.2,0.0,0.0,0.0,0.15,0.15,0.15,0.0,0.2,0.0,0.0,0.0,0.0,1.34,2.79,0.0,0.5,0.95,1.14,0.0,0.0,0.0,6.67,0.45,45.0,,,,,,,,,,,,,,,,,,,,,,,,,,,,,Emeka Eneli,MF,Real Salt Lake,26-047,Emeka Eneli,,Standard,"[-0.68603763 -0.42855974 -0.80744988 -0.82942838 -0.20272134  0.52926399
 -0.82837006 -0.8282574   0.36283792  0.5397304   0.32444562  0.50756226
  0.21493486  1.03933672]",0,-1.997964680796194,0.6085148350139677
3879581879,1,2025,33,31,2721,30.2,0.0,0.13,0.13,0.0,0.0,0.0,0.13,0.0,0.03,0.03,0.09,0.12,1.46,4.54,3.61,0.0,0.13,0.13,0.0,0.13,0.03,0.09,0.12,0.03,0.12,30.2,45.8,18.0,21.8,5.2,59.0,20.5,26.6,9.74,77.7,87.9,82.0,53.4,864.7,322.3,45.8,18.0,21.8,5.2,59.0,20.5,26.6,9.74,77.7,87.9,82.0,53.4,45.8,18.0,21.8,5.2,59.0,20.5,26.6,9.74,77.7,87.9,82.0,53.4,45.8,18.0,21.8,5.2,59.0,20.5,26.6,9.74,77.7,87.9,82.0,53.4,0.13,0.1,0.05,0.99,4.07,0.89,0.23,0.0,0.53,0.13,25.0,0.53,0.13,0.0,0.0,16.8,0.0,0.0,0.0,0.06,-0.03,-0.03,70.4,4.4,23.3,35.4,12.3,1.59,70.4,0.6,45.0,0.7,52.5,33.4,0.2,0.96,0.43,42.8,1.79,1.13,1.13,1.79,1.13,65.4,0.6,1.42,1.06,1.39,3.18,3.97,0.1,2.02,2.02,0.1,0.07,0.0,0.0,0.07,0.0,0.36,0.36,0.1,0.07,0.0,0.0,0.07,0.0,0.0,0.76,0.96,0.1,1.62,1.39,1.13,0.0,0.0,0.0,4.27,1.82,63.2,,,,,,,,,,,,,,,,,,,,,,,,,,,,,Lukas Engel,DF,FC Cincinnati,26-355,Lukas Engel,TAM Player,TAM Player,"[-0.68603763  0.16182681 -0.69003135 -0.70038476 -0.20272134  1.71049415
 -0.70342496 -0.65713856  0.49554467  0.40576359 -0.1393965   0.24721405
  1.08567841  0.7834941 ]",0,-1.9301220461445487,0.7049683583761458
7403968617,2,2025,18,10,994,11.0,0.09,0.36,0.45,0.09,0.0,0.0,0.18,0.0,0.25,0.25,0.19,0.45,5.18,1.0,10.5,0.09,0.36,0.45,0.09,0.45,0.25,0.19,0.44,0.25,0.44,11.0,22.3,13.4,7.0,0.73,27.0,14.1,8.91,1.18,82.5,94.8,78.6,61.5,304.6,36.5,22.3,13.4,7.0,0.73,27.0,14.1,8.91,1.18,82.5,94.8,78.6,61.5,22.3,13.4,7.0,0.73,27.0,14.1,8.91,1.18,82.5,94.8,78.6,61.5,22.3,13.4,7.0,0.73,27.0,14.1,8.91,1.18,82.5,94.8,78.6,61.5,0.36,0.19,0.17,1.18,0.45,0.64,0.36,0.09,2.18,0.64,29.2,2.17,0.63,0.04,0.14,16.4,0.0,0.0,0.0,0.12,-0.15,-0.15,39.5,0.64,3.73,10.4,26.0,6.0,39.5,2.09,39.7,2.73,51.7,28.5,2.82,1.82,2.09,30.1,1.0,0.36,0.55,1.0,0.36,100.0,0.0,0.82,0.64,0.18,1.18,1.0,0.0,3.55,3.53,0.55,0.0,0.36,0.09,0.09,0.09,0.55,0.54,0.55,0.0,0.36,0.09,0.09,0.09,0.0,1.09,2.27,0.0,1.73,0.18,0.55,0.0,0.0,0.0,3.55,0.09,25.0,,,,,,,,,,,,,,,,,,,,,,,,,,,,,Lawrence Ennali,"MF,FW",Houston Dynamo,23-272,Lawrence Ennali,U22 Initiative,U22 Initiative,"[-0.25759322  1.85918814  0.60157254  0.71909512  0.83413324 -0.51656315
  0.88241668  0.43374406 -1.06375968 -1.57024692  2.83559091 -0.78116138
 -1.30886635 -0.49571897]",0,3.02781662368333,0.5915122259860606
6157197212,1,2025,29,17,1636,18.2,0.05,0.0,0.05,0.05,0.0,0.0,0.44,0.0,0.03,0.03,0.02,0.04,0.38,4.89,0.66,0.06,0.0,0.06,0.06,0.06,0.03,0.02,0.04,0.03,0.04,18.2,41.3,19.1,17.9,3.63,48.8,21.2,20.3,5.05,84.6,90.1,87.8,71.7,709.6,199.3,41.3,19.1,17.9,3.63,48.8,21.2,20.3,5.05,84.6,90.1,87.8,71.7,41.3,19.1,17.9,3.63,48.8,21.2,20.3,5.05,84.6,90.1,87.8,71.7,41.3,19.1,17.9,3.63,48.8,21.2,20.3,5.05,84.6,90.1,87.8,71.7,0.0,0.04,-0.02,0.38,4.12,0.55,0.0,0.05,0.49,0.11,22.2,0.5,0.11,0.11,0.5,27.6,0.11,0.0,0.0,0.06,0.03,0.03,57.5,1.1,14.1,36.0,7.86,0.27,57.5,0.44,61.5,0.27,38.5,28.5,0.05,0.82,0.93,36.9,1.98,0.77,1.1,1.98,0.77,38.9,1.21,1.32,1.15,1.54,3.52,1.15,0.22,1.59,1.6,0.05,0.0,0.0,0.0,0.05,0.05,0.16,0.17,0.05,0.0,0.0,0.0,0.05,0.05,0.0,2.64,0.66,0.0,0.11,1.54,1.1,0.0,0.0,0.0,5.82,0.6,37.9,,,,,,,,,,,,,,,,,,,,,,,,,,,,,Boris Enow,MF,D.C. United,25-249,Boris Enow,TAM Player,TAM Player,"[-0.44801295 -0.79755134 -0.69003135 -0.70038476 -0.92851955  0.3113296
 -0.74186961 -0.69991827  0.19695448  0.60113186 -1.00310252  0.49454485
  1.3825228   0.57029193]",0,-2.432676762081685,-0.30432234156077886
3423401808,1,2025,24,8,942,10.5,0.76,0.0,0.76,0.76,0.0,0.0,0.19,0.0,0.7,0.7,0.02,0.72,1.24,1.24,4.67,0.76,0.0,0.76,0.76,0.76,0.71,0.02,0.73,0.71,0.73,10.5,16.3,10.3,4.29,0.57,21.9,12.8,5.43,0.95,74.3,80.6,78.9,60.0,217.1,26.8,16.3,10.3,4.29,0.57,21.9,12.8,5.43,0.95,74.3,80.6,78.9,60.0,16.3,10.3,4.29,0.57,21.9,12.8,5.43,0.95,74.3,80.6,78.9,60.0,16.3,10.3,4.29,0.57,21.9,12.8,5.43,0.95,74.3,80.6,78.9,60.0,0.0,0.06,-0.02,0.57,0.86,0.29,0.0,0.76,2.86,1.52,53.3,2.87,1.53,0.27,0.5,12.3,0.0,0.0,0.0,0.25,0.06,0.06,33.6,1.43,3.14,14.4,16.5,5.14,33.6,0.67,29.2,1.43,62.5,16.5,0.48,2.95,1.05,23.5,0.76,0.29,0.57,0.76,0.29,42.9,0.38,0.57,0.48,0.29,1.05,1.43,0.0,1.9,1.91,0.19,0.1,0.0,0.0,0.1,0.0,0.29,0.29,0.19,0.1,0.0,0.0,0.1,0.0,0.0,1.43,1.05,0.38,0.38,0.29,0.57,0.0,0.0,0.0,1.9,3.33,56.5,,,,,,,,,,,,,,,,,,,,,,,,,,,,,Ramiro Enrique,FW,Orlando City,24-214,Ramiro Enrique,U22 Initiative,U22 Initiative,"[ 2.93193739 -0.79755134  3.24348958  3.62257668 -0.92851955 -0.58361988
  1.53597567  2.31605132 -1.46187994 -1.4362801  -0.31533662 -1.09357923
 -1.09118046 -1.02872441]",-1,5.615373581581116,-3.265774642287388
5415674001,1,2025,23,18,1569,17.4,0.11,0.11,0.23,0.11,0.0,0.0,0.57,0.06,0.12,0.12,0.06,0.18,1.21,4.37,2.53,0.11,0.11,0.23,0.11,0.23,0.12,0.06,0.18,0.12,0.18,17.4,54.5,33.2,18.4,1.84,62.7,35.7,21.1,3.39,87.0,93.1,87.0,54.2,781.3,319.4,54.5,33.2,18.4,1.84,62.7,35.7,21.1,3.39,87.0,93.1,87.0,54.2,54.5,33.2,18.4,1.84,62.7,35.7,21.1,3.39,87.0,93.1,87.0,54.2,54.5,33.2,18.4,1.84,62.7,35.7,21.1,3.39,87.0,93.1,87.0,54.2,0.11,0.09,0.05,0.69,3.28,0.69,0.06,0.11,0.69,0.17,25.0,0.69,0.17,0.17,0.67,12.2,0.0,0.0,0.0,0.17,-0.01,-0.01,74.7,4.31,29.8,32.3,13.7,2.64,74.7,0.92,76.2,0.29,23.8,40.3,0.11,1.26,0.8,47.2,2.82,1.84,1.95,2.82,1.84,66.7,0.92,1.55,0.92,1.84,4.66,3.22,0.0,1.67,1.66,0.11,0.06,0.06,0.0,0.0,0.0,0.29,0.29,0.11,0.06,0.06,0.0,0.0,0.0,0.06,1.44,0.75,0.06,1.15,1.84,1.95,0.0,0.0,0.0,5.46,1.15,42.6,,,,,,,,,,,,,,,,,,,,,,,,,,,,,Franco Escobar,DF,Houston Dynamo,30-286,Franco Escobar,,Standard,"[-0.16238335  0.01423017 -0.16164794 -0.11968844 -0.51377772  0.22492958
 -0.54964638 -0.57157913  1.07281905  0.31087043 -0.33932845  1.58800733
  1.97621159  1.06065694]",0,-2.108099303708886,0.7990161186273281
8312571841,1,2025,13,4,450,5.0,0.2,0.2,0.4,0.2,0.0,0.0,0.2,0.0,0.12,0.12,0.12,0.22,1.8,4.0,2.6,0.2,0.2,0.4,0.2,0.4,0.12,0.11,0.23,0.12,0.23,5.0,19.2,10.4,6.6,1.8,23.4,11.8,8.4,2.4,82.1,88.1,78.6,75.0,313.2,115.4,19.2,10.4,6.6,1.8,23.4,11.8,8.4,2.4,82.1,88.1,78.6,75.0,19.2,10.4,6.6,1.8,23.4,11.8,8.4,2.4,82.1,88.1,78.6,75.0,19.2,10.4,6.6,1.8,23.4,11.8,8.4,2.4,82.1,88.1,78.6,75.0,0.2,0.1,0.08,1.2,2.8,0.8,0.2,0.2,1.6,0.6,37.5,1.6,0.6,0.13,0.33,19.8,0.0,0.0,0.0,0.07,0.08,0.08,35.8,1.0,4.0,16.8,15.6,2.2,35.8,1.2,35.3,1.8,52.9,21.2,0.4,1.4,1.2,23.6,1.6,0.4,0.6,1.6,0.4,100.0,0.0,0.6,0.6,0.4,2.0,0.6,0.0,4.2,4.2,0.8,0.0,0.4,0.4,0.0,0.0,0.6,0.6,0.8,0.0,0.4,0.4,0.0,0.0,0.0,1.8,1.6,0.0,0.4,0.4,0.6,0.0,0.0,0.0,4.4,0.2,20.0,,,,,,,,,,,,,,,,,,,,,,,,,,,,,Olger Escobar,MF,CF Montréal,19-084,,,,"[ 2.66061061e-01  6.78415039e-01 -1.61647939e-01 -1.19688444e-01
  1.08335031e-01 -1.21807975e+00  3.24969317e-01  3.48184638e-01
 -1.26945514e+00  1.04338254e-01  1.32510951e-01 -1.16748076e-04
 -8.73494574e-01 -9.64763760e-01]",0,1.1978308838264007,-0.029212545212575308
117697441,2,2025,31,30,2688,29.9,0.13,0.27,0.4,0.1,0.03,0.03,0.27,0.0,0.14,0.11,0.41,0.52,3.44,5.79,8.8,0.13,0.27,0.4,0.1,0.37,0.14,0.41,0.55,0.11,0.52,29.9,39.5,18.9,13.8,5.52,58.3,23.2,18.6,11.9,67.9,81.6,74.1,46.5,703.7,254.3,39.5,18.9,13.8,5.52,58.3,23.2,18.6,11.9,67.9,81.6,74.1,46.5,39.5,18.9,13.8,5.52,58.3,23.2,18.6,11.9,67.9,81.6,74.1,46.5,39.5,18.9,13.8,5.52,58.3,23.2,18.6,11.9,67.9,81.6,74.1,46.5,0.27,0.42,-0.14,3.91,3.31,2.94,0.97,0.13,1.44,0.5,34.9,1.44,0.5,0.07,0.2,22.1,0.27,0.03,0.03,0.08,-0.0,-0.01,69.5,0.9,8.33,26.0,36.4,2.68,69.5,1.27,41.8,1.64,53.8,37.8,0.64,2.68,1.24,43.5,1.44,0.84,0.84,1.44,0.84,48.1,0.9,0.9,0.9,0.67,2.11,0.84,0.07,6.45,6.46,0.23,0.0,0.07,0.03,0.07,0.0,0.67,0.67,0.23,0.0,0.07,0.03,0.07,0.0,0.0,1.27,0.94,0.23,11.4,0.67,0.84,0.0,0.0,0.0,5.25,0.57,43.6,,,,,,,,,,,,,,,,,,,,,,,,,,,,,Cristian Espinoza,"MF,FW",SJ Earthquakes,30-245,Cristian Espinoza,Designated Player,Designated Player,"[-0.06717348  1.19500327 -0.0442294  -0.18421026  3.11521333  1.66793891
  0.17119073  0.13428609  0.0775184   1.10350741  1.44406454 -0.20839532
 -0.33917467 -0.32515722]",0,1.3658429644742072,3.060346191170189
3892376290,4,2025,25,10,987,11.0,0.0,0.18,0.18,0.0,0.0,0.0,0.18,0.0,0.09,0.09,0.14,0.23,2.82,1.64,6.91,0.0,0.18,0.18,0.0,0.18,0.09,0.13,0.23,0.09,0.23,11.0,18.9,9.82,6.64,2.0,25.8,12.0,8.73,3.18,73.2,81.8,76.0,62.9,321.0,89.5,18.9,9.82,6.64,2.0,25.8,12.0,8.73,3.18,73.2,81.8,76.0,62.9,18.9,9.82,6.64,2.0,25.8,12.0,8.73,3.18,73.2,81.8,76.0,62.9,18.9,9.82,6.64,2.0,25.8,12.0,8.73,3.18,73.2,81.8,76.0,62.9,0.18,0.09,0.05,0.73,1.64,0.55,0.27,0.0,1.18,0.27,23.1,1.19,0.27,0.0,0.0,15.3,0.0,0.0,0.0,0.08,-0.09,-0.09,35.8,0.82,6.82,13.3,16.2,3.36,35.8,0.82,42.9,1.0,52.4,21.7,1.27,2.55,1.36,24.4,0.82,0.55,0.45,0.82,0.55,60.0,0.36,0.82,0.73,0.36,1.18,1.09,0.0,1.45,1.46,0.0,0.0,0.18,0.0,0.09,0.0,0.27,0.27,0.0,0.0,0.18,0.0,0.09,0.0,0.0,1.18,1.0,0.27,1.73,0.36,0.45,0.0,0.0,0.0,3.91,0.64,28.0,,,,,,,,,,,,,,,,,,,,,,,,,,,,,Derrick Etienne,"FW,DF",Toronto FC,29-009,,,,"[-0.68603763  0.5308184  -0.33777574 -0.31325388  0.31570595 -0.52559002
 -0.07869947 -0.35768058 -1.28936116 -1.21300208  0.94823331 -1.01547477
 -0.95265308 -0.49571897]",0,0.7529963361407204,-0.6179338895143813
4825147994,3,2025,32,31,2737,30.4,0.59,0.46,1.05,0.59,0.0,0.0,0.2,0.0,0.26,0.26,0.3,0.56,3.72,6.25,4.11,0.59,0.46,1.05,0.59,1.05,0.26,0.3,0.56,0.26,0.56,30.4,35.8,16.1,14.0,4.77,45.7,18.5,16.5,8.06,78.4,87.2,84.8,59.2,645.0,209.1,35.8,16.1,14.0,4.77,45.7,18.5,16.5,8.06,78.4,87.2,84.8,59.2,35.8,16.1,14.0,4.77,45.7,18.5,16.5,8.06,78.4,87.2,84.8,59.2,35.8,16.1,14.0,4.77,45.7,18.5,16.5,8.06,78.4,87.2,84.8,59.2,0.46,0.34,0.16,2.53,4.38,2.5,0.2,0.59,3.75,1.71,45.6,3.75,1.71,0.16,0.35,23.4,0.66,0.0,0.0,0.07,0.34,0.34,57.7,0.53,5.72,27.6,25.4,3.26,57.7,1.41,47.8,1.38,46.7,34.7,1.25,2.57,1.28,41.5,1.25,0.63,0.66,1.25,0.63,45.2,0.76,0.99,0.92,0.3,1.55,0.46,0.0,5.82,5.82,0.46,0.07,0.49,0.07,0.07,0.0,0.76,0.76,0.46,0.07,0.49,0.07,0.07,0.0,0.0,1.12,1.45,0.13,4.18,0.3,0.66,0.0,0.0,0.0,4.01,0.26,24.2,,,,,,,,,,,,,,,,,,,,,,,,,,,,,Evander,MF,FC Cincinnati,27-178,Evander,Designated Player,Designated Player,"[ 2.1226535   2.59717133  0.66028181  0.78361693  1.97467328  1.73112699
  2.39136904  2.72245856 -0.16798909  1.36027713  1.66798832 -0.45572611
 -1.07139083 -0.13327526]",-1,4.734467611845525,3.079925069840998
9172600113,1,2025,11,10,883,9.8,0.31,0.1,0.41,0.31,0.0,0.0,0.2,0.0,0.18,0.18,0.18,0.38,3.37,5.2,6.22,0.31,0.1,0.41,0.31,0.41,0.19,0.18,0.37,0.19,0.37,9.8,31.7,14.9,12.8,2.96,41.8,16.7,14.4,6.12,75.9,89.0,88.7,48.3,543.6,151.0,31.7,14.9,12.8,2.96,41.8,16.7,14.4,6.12,75.9,89.0,88.7,48.3,31.7,14.9,12.8,2.96,41.8,16.7,14.4,6.12,75.9,89.0,88.7,48.3,31.7,14.9,12.8,2.96,41.8,16.7,14.4,6.12,75.9,89.0,88.7,48.3,0.1,0.15,-0.08,1.53,3.27,1.33,0.51,0.31,1.63,0.61,37.5,1.63,0.61,0.19,0.5,19.0,0.0,0.0,0.0,0.12,0.12,0.12,52.9,0.51,5.31,25.2,23.2,3.06,52.9,1.43,66.7,0.61,28.6,31.9,0.82,2.45,1.84,37.0,1.84,0.51,1.33,1.84,0.51,38.5,0.82,1.73,1.73,0.51,2.35,0.41,0.0,4.29,4.28,0.51,0.1,0.41,0.0,0.1,0.0,0.41,0.41,0.51,0.1,0.41,0.0,0.1,0.0,0.0,2.14,2.24,0.0,5.1,0.51,1.33,0.0,0.0,0.0,3.98,0.1,11.1,,,,,,,,,,,,,,,,,,,,,,,,,,,,,Nicolás Ezequiel Fernández,FW,NYCFC,25-327,,,,"[ 0.78971534 -0.05956815  0.19060767  0.26744243  0.73044778 -0.65970349
  0.3538028   0.36957449 -0.44003794  0.77417232  1.3880836   0.3123011
 -0.65580869  1.44442086]",0,1.0038922312773448,1.1138597089962305
1125535826,3,2025,32,29,2464,27.4,0.22,0.07,0.29,0.22,0.0,0.0,0.18,0.0,0.1,0.1,0.13,0.23,1.82,6.9,4.74,0.22,0.07,0.29,0.22,0.29,0.1,0.13,0.23,0.1,0.23,27.4,51.5,28.3,17.5,4.05,60.0,30.3,19.9,7.04,85.9,93.3,88.1,57.5,807.0,247.2,51.5,28.3,17.5,4.05,60.0,30.3,19.9,7.04,85.9,93.3,88.1,57.5,51.5,28.3,17.5,4.05,60.0,30.3,19.9,7.04,85.9,93.3,88.1,57.5,51.5,28.3,17.5,4.05,60.0,30.3,19.9,7.04,85.9,93.3,88.1,57.5,0.07,0.19,-0.06,1.86,5.66,2.08,0.4,0.22,0.95,0.22,23.1,0.95,0.22,0.23,1.0,21.2,0.15,0.0,0.0,0.11,0.12,0.12,66.8,1.13,7.77,31.9,27.7,1.53,66.8,0.4,34.4,0.69,59.4,39.7,0.29,1.13,0.8,51.4,1.06,0.33,0.66,1.06,0.33,37.5,0.55,0.69,0.66,0.22,1.28,0.66,0.04,3.5,3.5,0.07,0.0,0.04,0.0,0.0,0.0,0.07,0.07,0.07,0.0,0.04,0.0,0.0,0.0,0.0,0.95,0.8,0.04,3.58,0.22,0.66,0.0,0.0,0.0,3.61,0.22,30.0,,,,,,,,,,,,,,,,,,,,,,,,,,,,,Diego Fagúndez,"MF,FW",LA Galaxy,30-293,Diego Fagúndez,TAM Player,TAM Player,"[ 0.36127093 -0.28096311 -0.27906647 -0.24873207  0.21202049  1.37907914
 -0.29975618 -0.46462986  0.87375892  1.72310392  0.14850551 -0.70305691
 -1.22970784 -0.7728818 ]",0,-0.08736383401828716,0.9126700648413466
1557196370,1,2025,24,21,1872,20.8,0.05,0.0,0.05,0.05,0.0,0.0,0.38,0.0,0.03,0.03,0.0,0.03,0.29,2.12,0.1,0.05,0.0,0.05,0.05,0.05,0.03,0.0,0.03,0.03,0.03,20.8,50.8,15.0,30.5,4.86,54.3,15.5,31.5,6.3,93.6,96.3,96.8,77.1,986.6,268.7,50.8,15.0,30.5,4.86,54.3,15.5,31.5,6.3,93.6,96.3,96.8,77.1,50.8,15.0,30.5,4.86,54.3,15.5,31.5,6.3,93.6,96.3,96.8,77.1,50.8,15.0,30.5,4.86,54.3,15.5,31.5,6.3,93.6,96.3,96.8,77.1,0.0,0.0,0.0,0.0,1.97,0.0,0.0,0.05,0.24,0.1,40.0,0.24,0.1,0.2,0.5,10.7,0.0,0.0,0.0,0.12,0.02,0.02,63.8,8.08,38.0,25.1,0.91,0.38,63.8,0.05,33.3,0.1,66.7,40.3,0.0,0.43,0.14,45.3,1.2,0.72,0.77,1.2,0.72,50.0,0.72,1.39,0.53,1.2,2.4,3.8,0.05,0.19,0.19,0.0,0.0,0.0,0.0,0.0,0.0,0.0,0.0,0.0,0.0,0.0,0.0,0.0,0.0,0.0,0.87,0.96,0.0,0.0,1.2,0.77,0.0,0.0,0.0,2.74,0.91,38.0,,,,,,,,,,,,,,,,,,,,,,,,,,,,,Maximiliano Falcón,DF,Inter Miami,28-217,Maximiliano Falcón,TAM Player,TAM Player,"[-0.44801295 -0.79755134 -0.69003135 -0.70038476 -1.13589047  0.61566401
 -0.98214865 -0.72130812  0.82731155 -0.94506845 -1.07507802 -0.52081317
  0.70967552  0.71953345]",0,-2.310905503707691,-1.4514790177886967
9630781163,1,2025,8,6,589,6.5,0.0,0.15,0.15,0.0,0.0,0.0,0.15,0.0,0.06,0.06,0.17,0.23,0.77,3.23,0.15,0.0,0.15,0.15,0.0,0.15,0.07,0.16,0.23,0.07,0.23,6.5,44.0,15.1,23.5,5.23,48.9,16.5,25.1,6.92,89.9,91.6,93.9,75.6,871.2,373.7,44.0,15.1,23.5,5.23,48.9,16.5,25.1,6.92,89.9,91.6,93.9,75.6,44.0,15.1,23.5,5.23,48.9,16.5,25.1,6.92,89.9,91.6,93.9,75.6,44.0,15.1,23.5,5.23,48.9,16.5,25.1,6.92,89.9,91.6,93.9,75.6,0.15,0.11,-0.02,0.77,2.62,0.31,0.0,0.0,0.92,0.15,16.7,0.92,0.15,0.0,0.0,10.5,0.0,0.0,0.0,0.07,-0.06,-0.06,61.4,9.69,31.2,26.5,3.69,2.15,61.4,0.15,100.0,0.0,0.0,36.6,0.0,0.15,0.31,40.6,1.23,0.46,0.92,1.23,0.46,42.9,0.62,1.38,0.0,1.38,2.62,6.0,0.15,1.69,1.68,0.15,0.0,0.0,0.0,0.0,0.0,0.15,0.15,0.15,0.0,0.0,0.0,0.0,0.0,0.0,0.46,0.31,0.0,0.15,1.38,0.92,0.0,0.0,0.0,4.46,2.62,54.8,,,,,,,,,,,,,,,,,,,,,,,,,,,,,Fallou Fall,DF,St. Louis,21-233,,,,"[-0.68603763  0.30942344 -0.51390354 -0.50681932  0.62676232 -1.03883194
 -0.32858966 -0.61435885  0.37610859 -0.32547194 -0.69120868 -0.48176094
  1.06588879  0.69821323]",0,-1.2741627530631494,0.16947670948548765
9051289363,1,2025,17,14,1291,14.3,0.0,0.0,0.0,0.0,0.0,0.0,0.07,0.0,0.01,0.01,0.1,0.1,1.4,2.52,2.45,0.0,0.0,0.0,0.0,0.0,0.01,0.09,0.11,0.01,0.11,14.3,35.9,20.5,13.0,1.33,43.8,22.2,16.0,2.8,81.9,92.4,81.2,47.5,520.4,202.2,35.9,20.5,13.0,1.33,43.8,22.2,16.0,2.8,81.9,92.4,81.2,47.5,35.9,20.5,13.0,1.33,43.8,22.2,16.0,2.8,81.9,92.4,81.2,47.5,35.9,20.5,13.0,1.33,43.8,22.2,16.0,2.8,81.9,92.4,81.2,47.5,0.0,0.1,-0.1,0.84,1.33,0.7,0.49,0.0,0.28,0.0,0.0,0.28,0.0,0.0,,14.3,0.0,0.0,0.0,0.05,-0.01,-0.01,55.2,4.83,20.4,22.5,12.5,0.91,55.2,0.35,33.3,0.56,53.3,22.9,0.14,1.33,0.63,30.8,1.96,1.12,1.12,1.96,1.12,57.1,0.84,0.7,0.35,0.7,2.66,3.85,0.21,1.4,1.39,0.0,0.0,0.14,0.0,0.0,0.0,0.07,0.07,0.0,0.0,0.14,0.0,0.0,0.0,0.0,1.54,1.33,0.14,0.98,0.7,1.12,0.0,0.0,0.0,3.36,1.05,46.9,,,,,,,,,,,,,,,,,,,,,,,,,,,,,Marco Farfan,DF,FC Dallas,27-022,Marco Farfan,,Standard,"[-0.68603763 -0.79755134 -0.80744988 -0.82942838 -0.09903589 -0.13356603
 -0.943704   -0.93520667 -0.16135376 -0.72179043 -0.18738017  0.46851003
 -0.27980579 -0.75156158]",0,-1.477052727228364,-0.7097035558202716
1303851771,1,2025,32,18,1570,17.4,0.29,0.17,0.46,0.29,0.0,0.0,0.23,0.06,0.18,0.18,0.13,0.31,2.93,2.47,6.55,0.29,0.17,0.46,0.29,0.46,0.18,0.13,0.31,0.18,0.31,17.4,18.9,11.5,5.57,0.63,25.6,14.3,7.07,1.21,73.7,80.6,78.9,52.4,250.4,62.4,18.9,11.5,5.57,0.63,25.6,14.3,7.07,1.21,73.7,80.6,78.9,52.4,18.9,11.5,5.57,0.63,25.6,14.3,7.07,1.21,73.7,80.6,78.9,52.4,18.9,11.5,5.57,0.63,25.6,14.3,7.07,1.21,73.7,80.6,78.9,52.4,0.17,0.11,0.05,0.86,1.03,0.8,0.17,0.29,1.67,0.69,41.4,1.66,0.69,0.17,0.42,15.4,0.06,0.0,0.0,0.11,0.1,0.1,38.7,1.9,6.38,14.1,19.4,4.37,38.7,1.38,41.4,1.72,51.7,20.9,1.32,2.87,1.78,26.6,1.26,0.63,0.86,1.26,0.63,57.9,0.46,0.63,0.34,0.29,1.55,1.95,0.0,2.36,2.35,0.17,0.0,0.4,0.06,0.06,0.0,0.29,0.29,0.17,0.0,0.4,0.06,0.06,0.0,0.0,0.92,2.47,0.46,0.52,0.29,0.86,0.06,0.0,0.0,4.54,1.38,34.8,,,,,,,,,,,,,,,,,,,,,,,,,,,,,Logan Farrington,"FW,MF",FC Dallas,23-355,Logan Farrington,,Standard,"[ 0.69450547  0.45702008  0.19060767  0.26744243  0.21202049  0.22621913
  0.39224745  0.54069334 -1.28936116 -0.74970018  1.03620336 -0.4427087
 -1.09118046 -0.90080311]",0,2.0563466559179338,-0.3982192362350231
9569935590,3,2025,18,16,1481,16.5,0.06,0.18,0.24,0.06,0.0,0.0,0.12,0.0,0.16,0.16,0.16,0.32,2.42,3.21,12.2,0.06,0.18,0.24,0.06,0.24,0.16,0.16,0.32,0.16,0.32,16.5,53.8,33.9,15.9,2.06,62.0,35.9,18.5,3.58,86.7,94.6,85.9,57.6,741.6,169.6,53.8,33.9,15.9,2.06,62.0,35.9,18.5,3.58,86.7,94.6,85.9,57.6,53.8,33.9,15.9,2.06,62.0,35.9,18.5,3.58,86.7,94.6,85.9,57.6,53.8,33.9,15.9,2.06,62.0,35.9,18.5,3.58,86.7,94.6,85.9,57.6,0.18,0.17,0.02,1.27,2.36,1.58,0.42,0.06,0.97,0.48,50.0,0.97,0.49,0.06,0.13,15.5,0.0,0.0,0.0,0.16,-0.1,-0.1,70.2,1.88,8.67,29.4,32.7,4.0,70.2,0.3,26.3,0.61,52.6,43.6,1.21,1.39,0.79,52.8,1.15,0.61,0.42,1.15,0.61,62.5,0.36,0.79,0.67,0.42,1.58,1.15,0.0,2.61,2.61,0.06,0.0,0.06,0.0,0.0,0.0,0.42,0.43,0.06,0.0,0.06,0.0,0.0,0.0,0.0,0.67,1.27,0.3,1.88,0.42,0.42,0.0,0.0,0.0,3.39,0.24,21.1,,,,,,,,,,,,,,,,,,,,,,,,,,,,,Mohamed Farsi,"DF,MF",Columbus Crew,25-353,Mohamed Farsi,,Standard,"[-0.40040802  0.5308184   0.07318913  0.13839881  0.52307686  0.11144895
 -0.28053386  0.09150638  1.02637168 -0.33663584  0.62834219 -0.58590022
 -0.83391532 -0.55967962]",0,0.42074365241027883,0.4674269643123058
883898924,1,2025,29,26,2239,24.9,0.12,0.12,0.24,0.12,0.0,0.0,0.12,0.0,0.07,0.07,0.12,0.19,2.61,2.33,6.02,0.12,0.12,0.24,0.12,0.24,0.07,0.12,0.19,0.07,0.19,24.9,42.0,21.6,15.7,2.97,51.5,23.4,19.0,5.58,81.6,92.6,82.7,53.2,671.8,187.2,42.0,21.6,15.7,2.97,51.5,23.4,19.0,5.58,81.6,92.6,82.7,53.2,42.0,21.6,15.7,2.97,51.5,23.4,19.0,5.58,81.6,92.6,82.7,53.2,42.0,21.6,15.7,2.97,51.5,23.4,19.0,5.58,81.6,92.6,82.7,53.2,0.12,0.14,0.0,0.76,1.49,1.04,0.76,0.12,0.56,0.24,42.9,0.56,0.24,0.21,0.5,14.6,0.0,0.0,0.0,0.13,0.05,0.05,61.3,3.57,20.4,25.0,16.7,1.89,61.3,1.04,53.1,0.8,40.8,35.3,0.68,1.29,0.64,40.4,1.29,0.88,0.92,1.29,0.88,59.5,0.6,1.12,0.64,0.8,2.09,2.33,0.04,1.85,1.85,0.24,0.0,0.12,0.0,0.0,0.0,0.2,0.2,0.24,0.0,0.12,0.0,0.0,0.0,0.0,0.72,1.73,0.32,4.34,0.8,0.92,0.0,0.0,0.0,3.86,0.48,46.2,,,,,,,,,,,,,,,,,,,,,,,,,,,,,Ilay Feingold,DF,NE Revolution,21-103,Ilay Feingold,U22 Initiative,U22 Initiative,"[-0.11477841  0.08802849 -0.45519428 -0.44229751  0.10833503  1.08892981
 -0.67459148 -0.42185015  0.24340184 -0.82784749  0.78029047 -0.40365647
 -0.08190953  0.14388757]",0,-0.49632104063990085,-0.03882871727004101
7477497154,1,2025,17,16,1298,14.4,0.0,0.0,0.0,0.0,0.0,0.0,0.42,0.0,0.03,0.03,0.02,0.05,0.35,3.4,0.0,0.0,0.0,0.0,0.0,0.0,0.03,0.02,0.05,0.03,0.05,14.4,46.3,13.1,25.8,7.08,50.7,13.8,26.7,9.31,91.2,94.5,96.6,76.1,975.2,361.9,46.3,13.1,25.8,7.08,50.7,13.8,26.7,9.31,91.2,94.5,96.6,76.1,46.3,13.1,25.8,7.08,50.7,13.8,26.7,9.31,91.2,94.5,96.6,76.1,46.3,13.1,25.8,7.08,50.7,13.8,26.7,9.31,91.2,94.5,96.6,76.1,0.0,0.02,-0.02,0.21,2.99,0.14,0.0,0.0,0.49,0.0,0.0,0.49,0.0,0.0,,12.0,0.0,0.0,0.0,0.06,-0.03,-0.03,61.4,7.08,28.2,31.9,1.67,0.9,61.4,0.07,100.0,0.0,0.0,35.4,0.0,0.28,0.0,41.1,1.32,0.63,0.9,1.32,0.63,69.2,0.28,1.18,0.56,0.9,2.22,5.83,0.0,0.69,0.69,0.0,0.0,0.0,0.0,0.0,0.0,0.28,0.28,0.0,0.0,0.0,0.0,0.0,0.0,0.0,1.32,0.97,0.14,0.07,0.9,0.9,0.0,0.0,0.0,4.24,1.39,48.8,,,,,,,,,,,,,,,,,,,,,,,,,,,,,Joaquín Fernández,DF,Sporting KC,29-187,,,,"[-0.68603763 -0.79755134 -0.69003135 -0.70038476 -0.92851955 -0.12453917
 -0.74186961 -0.93520667  0.52872136 -0.23057878 -1.02709436 -0.36460424
  0.11598673  0.27180888]",0,-2.0710791438653535,-1.0758702587936968
2567896688,1,2025,32,14,1411,15.7,0.19,0.32,0.51,0.19,0.0,0.0,0.38,0.0,0.21,0.21,0.38,0.59,3.12,4.08,9.62,0.19,0.32,0.51,0.19,0.51,0.21,0.39,0.59,0.21,0.59,15.7,35.4,19.3,11.8,2.48,48.5,22.5,15.2,6.94,72.9,85.6,77.8,35.8,530.3,150.1,35.4,19.3,11.8,2.48,48.5,22.5,15.2,6.94,72.9,85.6,77.8,35.8,35.4,19.3,11.8,2.48,48.5,22.5,15.2,6.94,72.9,85.6,77.8,35.8,35.4,19.3,11.8,2.48,48.5,22.5,15.2,6.94,72.9,85.6,77.8,35.8,0.32,0.32,-0.06,2.87,3.63,1.4,0.06,0.19,2.42,0.64,26.3,2.42,0.64,0.08,0.3,18.2,0.19,0.0,0.0,0.09,-0.02,-0.02,61.7,1.02,8.09,25.2,29.8,4.2,61.7,1.53,42.9,1.72,48.2,36.1,1.02,3.18,0.76,43.1,1.59,0.76,0.76,1.59,0.76,36.4,1.34,1.59,1.46,0.45,2.04,0.64,0.06,4.65,4.66,0.25,0.0,0.13,0.0,0.19,0.0,0.25,0.26,0.25,0.0,0.13,0.0,0.19,0.0,0.0,1.34,1.46,0.06,4.97,0.45,0.76,0.0,0.0,0.0,4.59,0.76,38.7,,,,,,,,,,,,,,,,,,,,,,,,,,,,,Julián Fernández,"FW,MF",NYCFC,21-335,Julián Fernández,U22 Initiative,U22 Initiative,"[ 0.21845613  1.56399486  0.36673547  0.46100787  2.80415695  0.02118027
  1.11308456  0.43374406 -0.19453045  0.14899386  1.18815165 -0.01313416
 -0.77454644  1.14593781]",0,2.165569240003615,2.354413965196383
930411886,3,2025,18,3,426,4.7,0.21,0.0,0.21,0.21,0.0,0.0,0.0,0.0,0.17,0.17,0.15,0.32,3.4,4.26,11.9,0.21,0.0,0.21,0.21,0.21,0.16,0.16,0.32,0.16,0.32,4.7,33.4,20.2,11.1,0.85,43.0,22.8,14.0,2.55,77.7,88.8,78.8,33.3,474.7,121.5,33.4,20.2,11.1,0.85,43.0,22.8,14.0,2.55,77.7,88.8,78.8,33.3,33.4,20.2,11.1,0.85,43.0,22.8,14.0,2.55,77.7,88.8,78.8,33.3,33.4,20.2,11.1,0.85,43.0,22.8,14.0,2.55,77.7,88.8,78.8,33.3,0.0,0.19,-0.15,1.06,2.13,1.06,0.21,0.21,1.28,0.43,33.3,1.27,0.42,0.17,0.5,11.8,0.0,0.0,0.0,0.13,0.04,0.04,55.1,0.85,5.11,23.6,26.8,5.11,55.1,1.49,35.0,2.77,65.0,36.6,2.13,2.34,0.64,44.3,1.91,0.64,1.06,1.91,0.64,27.3,1.7,0.64,0.64,0.64,2.55,0.64,0.0,3.4,3.38,0.0,0.0,0.21,0.0,0.0,0.0,0.0,0.0,0.0,0.0,0.21,0.0,0.0,0.0,0.0,1.06,3.19,0.21,2.98,0.64,1.06,0.0,0.0,0.0,4.68,0.43,18.2,,,,,,,,,,,,,,,,,,,,,,,,,,,,,Omir Fernandez,"MF,FW",Portland Timbers,26-299,,,,"[ 0.313666   -0.79755134  0.1318984   0.20292062  0.41939141 -1.24902901
  0.01741215 -0.0154429  -0.3272372   0.24946897  1.41207543  0.40342298
 -0.39854355 -0.87948289]",0,0.7307521575692186,0.3063140556060183
930411886,4,2025,18,3,426,4.7,0.21,0.0,0.21,0.21,0.0,0.0,0.0,0.0,0.17,0.17,0.15,0.32,3.4,4.26,11.9,0.21,0.0,0.21,0.21,0.21,0.16,0.16,0.32,0.16,0.32,4.7,33.4,20.2,11.1,0.85,43.0,22.8,14.0,2.55,77.7,88.8,78.8,33.3,474.7,121.5,33.4,20.2,11.1,0.85,43.0,22.8,14.0,2.55,77.7,88.8,78.8,33.3,33.4,20.2,11.1,0.85,43.0,22.8,14.0,2.55,77.7,88.8,78.8,33.3,33.4,20.2,11.1,0.85,43.0,22.8,14.0,2.55,77.7,88.8,78.8,33.3,0.0,0.19,-0.15,1.06,2.13,1.06,0.21,0.21,1.28,0.43,33.3,1.27,0.42,0.17,0.5,11.8,0.0,0.0,0.0,0.13,0.04,0.04,55.1,0.85,5.11,23.6,26.8,5.11,55.1,1.49,35.0,2.77,65.0,36.6,2.13,2.34,0.64,44.3,1.91,0.64,1.06,1.91,0.64,27.3,1.7,0.64,0.64,0.64,2.55,0.64,0.0,3.4,3.38,0.0,0.0,0.21,0.0,0.0,0.0,0.0,0.0,0.0,0.0,0.21,0.0,0.0,0.0,0.0,1.06,3.19,0.21,2.98,0.64,1.06,0.0,0.0,0.0,4.68,0.43,18.2,,,,,,,,,,,,,,,,,,,,,,,,,,,,,Omir Fernandez,"MF,FW",Portland Timbers,26-299,,,,"[ 0.313666   -0.79755134  0.1318984   0.20292062  0.41939141 -1.24902901
  0.01741215 -0.0154429  -0.3272372   0.24946897  1.41207543  0.40342298
 -0.39854355 -0.87948289]",0,0.7307521575692186,0.3063140556060183
1331592787,3,2025,32,27,2176,24.2,0.17,0.17,0.33,0.17,0.0,0.0,0.12,0.0,0.22,0.22,0.15,0.37,1.53,4.38,6.49,0.17,0.17,0.33,0.17,0.33,0.22,0.15,0.37,0.22,0.37,24.2,34.9,17.9,13.3,2.64,43.4,20.0,16.5,4.38,80.4,89.3,80.8,60.4,560.0,127.6,34.9,17.9,13.3,2.64,43.4,20.0,16.5,4.38,80.4,89.3,80.8,60.4,34.9,17.9,13.3,2.64,43.4,20.0,16.5,4.38,80.4,89.3,80.8,60.4,34.9,17.9,13.3,2.64,43.4,20.0,16.5,4.38,80.4,89.3,80.8,60.4,0.17,0.14,0.01,1.45,2.64,1.45,0.08,0.17,1.57,0.74,47.4,1.57,0.74,0.11,0.22,17.4,0.08,0.0,0.0,0.14,-0.06,-0.06,50.6,0.5,5.0,23.8,22.0,3.06,50.6,0.25,30.0,0.54,65.0,29.7,0.41,1.32,0.54,38.6,1.24,0.37,0.7,1.24,0.37,34.6,0.7,0.54,0.5,0.7,1.94,0.25,0.0,3.31,3.31,0.08,0.0,0.0,0.0,0.0,0.0,0.41,0.41,0.08,0.0,0.0,0.0,0.0,0.0,0.0,0.91,0.45,0.29,1.86,0.7,0.7,0.0,0.0,0.0,3.06,0.41,41.7,,,,,,,,,,,,,,,,,,,,,,,,,,,,,Jesús Ferreira,"FW,MF",Seattle Sounders,24-345,Jesús Ferreira,TAM Player,TAM Player,"[ 0.12324626  0.45702008  0.42544474  0.52552968  0.41939141  1.007688
  0.29613583  0.64764261 -0.22770713  0.31645238 -0.08341555 -0.46874353
 -0.27980579 -1.09268507]",0,1.3265705542632107,0.2206161178528234
1599632555,1,2025,19,16,1360,15.1,0.13,0.13,0.26,0.13,0.0,0.0,0.33,0.0,0.07,0.07,0.05,0.12,0.53,3.71,0.33,0.13,0.13,0.26,0.13,0.26,0.06,0.05,0.12,0.06,0.12,15.1,40.1,18.9,15.7,4.3,49.1,20.6,18.8,7.75,81.6,92.0,83.5,55.6,710.7,224.6,40.1,18.9,15.7,4.3,49.1,20.6,18.8,7.75,81.6,92.0,83.5,55.6,40.1,18.9,15.7,4.3,49.1,20.6,18.8,7.75,81.6,92.0,83.5,55.6,40.1,18.9,15.7,4.3,49.1,20.6,18.8,7.75,81.6,92.0,83.5,55.6,0.13,0.03,0.08,0.46,5.56,0.26,0.0,0.13,0.93,0.26,28.6,0.93,0.26,0.14,0.5,19.4,0.0,0.0,0.0,0.07,0.07,0.07,62.6,4.77,19.7,37.1,6.89,0.86,62.6,0.07,20.0,0.26,80.0,30.4,0.07,0.93,0.26,34.6,3.31,1.19,1.85,3.31,1.19,41.9,1.66,1.32,0.99,1.92,5.23,4.04,0.0,1.46,1.46,0.0,0.0,0.07,0.0,0.07,0.07,0.26,0.26,0.0,0.0,0.07,0.0,0.07,0.07,0.0,1.79,1.59,0.07,0.33,1.92,1.85,0.0,0.0,0.0,7.48,1.06,42.1,,,,,,,,,,,,,,,,,,,,,,,,,,,,,Deybi Flores,MF,Toronto FC,29-171,Deybi Flores,TAM Player,TAM Player,"[-0.06717348  0.16182681 -0.45519428 -0.44229751 -0.61746318 -0.04458691
 -0.3189785  -0.37907044  0.11733042 -0.05753831 -0.88314335  2.22586044
  2.1345286   0.57029193]",0,-2.0147334798070236,0.4100322261967689
6496404057,1,2025,16,12,1181,13.1,0.0,0.0,0.0,0.0,0.0,0.0,0.38,0.08,0.03,0.03,0.0,0.03,0.08,2.6,0.08,0.0,0.0,0.0,0.0,0.0,0.03,0.0,0.03,0.03,0.03,13.1,42.5,13.0,26.0,3.28,50.8,14.7,28.5,5.73,83.8,88.1,91.2,57.3,826.9,306.1,42.5,13.0,26.0,3.28,50.8,14.7,28.5,5.73,83.8,88.1,91.2,57.3,42.5,13.0,26.0,3.28,50.8,14.7,28.5,5.73,83.8,88.1,91.2,57.3,42.5,13.0,26.0,3.28,50.8,14.7,28.5,5.73,83.8,88.1,91.2,57.3,0.0,0.01,0.0,0.15,2.21,0.08,0.0,0.0,0.69,0.15,22.2,0.69,0.15,0.0,0.0,14.4,0.0,0.0,0.0,0.05,-0.03,-0.03,64.9,7.4,33.4,29.6,2.21,0.84,64.9,0.23,75.0,0.08,25.0,33.7,0.0,0.76,0.23,39.5,2.82,1.91,2.21,2.82,1.91,52.1,1.76,1.53,0.53,1.3,4.12,6.56,0.08,0.76,0.76,0.0,0.0,0.08,0.0,0.23,0.08,0.08,0.08,0.0,0.0,0.08,0.0,0.23,0.08,0.08,0.61,0.76,0.0,0.08,1.3,2.21,0.0,0.0,0.0,4.12,2.52,66.0,,,,,,,,,,,,,,,,,,,,,,,,,,,,,Gilberto Flores,DF,FC Cincinnati,22-247,Gilberto Flores,U22 Initiative,U22 Initiative,"[-0.68603763 -0.79755134 -0.69003135 -0.70038476 -1.13589047 -0.27541682
 -0.54964638 -0.61435885  0.27657853 -0.67713483 -1.24302086  1.58800733
  0.90757178  1.0180165 ]",0,-2.603378584317656,-0.8918349375465325
5790997274,1,2025,14,9,822,9.1,0.0,0.0,0.0,0.0,0.0,0.0,0.44,0.0,0.0,0.0,0.0,0.0,0.22,2.75,0.33,0.0,0.0,0.0,0.0,0.0,0.0,0.0,0.0,0.0,0.0,9.1,38.2,15.7,19.5,2.75,43.8,17.0,20.7,5.16,87.2,92.3,94.1,53.2,672.1,283.2,38.2,15.7,19.5,2.75,43.8,17.0,20.7,5.16,87.2,92.3,94.1,53.2,38.2,15.7,19.5,2.75,43.8,17.0,20.7,5.16,87.2,92.3,94.1,53.2,38.2,15.7,19.5,2.75,43.8,17.0,20.7,5.16,87.2,92.3,94.1,53.2,0.0,0.01,0.0,0.22,3.08,0.0,0.0,0.0,0.0,0.0,,0.0,0.0,,,,0.0,0.0,0.0,,0.0,0.0,54.7,5.05,26.7,26.0,2.42,0.33,54.7,0.44,80.0,0.11,20.0,28.6,0.0,1.1,0.33,34.3,1.87,0.99,0.99,1.87,0.99,60.0,0.66,1.43,0.44,1.76,3.63,3.41,0.22,0.88,0.88,0.0,0.0,0.11,0.0,0.0,0.0,0.0,0.0,0.0,0.0,0.11,0.0,0.0,0.0,0.0,1.32,0.77,0.0,0.11,1.76,0.99,0.0,0.0,0.0,3.74,1.32,60.0,,,,,,,,,,,,,,,,,,,,,,,,,,,,,Max Floriani,DF,SJ Earthquakes,22-301,Max Floriani,,Standard,"[-0.68603763 -0.79755134 -0.86615915 -0.89395019 -1.13589047 -0.73836619
 -1.21281652 -0.93520667 -0.00874099 -0.59340557 -1.13105897  0.35135333
  1.81789458  0.80481432]",0,-2.959691619168896,-1.1638933375489584
4697299556,2,2025,22,2,335,3.7,0.27,0.27,0.54,0.27,0.0,0.0,0.0,0.0,0.38,0.38,0.43,0.81,1.08,2.16,3.51,0.27,0.27,0.54,0.27,0.54,0.38,0.42,0.81,0.38,0.81,3.7,13.8,7.03,5.41,0.54,21.4,9.73,7.3,1.62,64.6,72.2,74.1,33.3,210.0,34.3,13.8,7.03,5.41,0.54,21.4,9.73,7.3,1.62,64.6,72.2,74.1,33.3,13.8,7.03,5.41,0.54,21.4,9.73,7.3,1.62,64.6,72.2,74.1,33.3,13.8,7.03,5.41,0.54,21.4,9.73,7.3,1.62,64.6,72.2,74.1,33.3,0.27,0.24,-0.16,1.35,0.54,0.0,0.0,0.27,4.59,1.08,23.5,4.57,1.07,0.06,0.25,11.5,0.0,0.0,0.0,0.08,-0.11,-0.11,36.8,1.08,6.22,17.0,15.4,6.49,36.8,1.08,66.7,0.27,16.7,15.9,0.54,2.7,2.16,21.1,1.62,0.0,0.81,1.62,0.0,0.0,1.08,0.81,0.81,0.81,2.43,1.35,0.0,3.51,3.48,0.54,0.0,0.0,0.0,0.0,0.0,0.54,0.54,0.54,0.0,0.0,0.0,0.0,0.0,0.0,1.62,1.35,1.08,0.81,0.81,0.81,0.0,0.0,0.0,4.05,5.68,60.0,,,,,,,,,,,,,,,,,,,,,,,,,,,,,CJ Fodrey,"FW,MF",Austin,21-297,CJ Fodrey,Generation adidas,Generation Adidas,"[ 0.5992956   1.19500327  1.36479302  1.55787868  3.32258425 -1.3663783
  3.1987066   1.37489769 -1.62776338 -0.92274065 -0.44329306  0.02591807
 -0.0621199  -0.51703918]",-1,4.497581620049068,0.7374021884619677
7687815975,1,2025,30,30,2571,28.6,0.0,0.03,0.03,0.0,0.0,0.0,0.31,0.0,0.01,0.01,0.01,0.02,0.24,2.06,0.07,0.0,0.04,0.04,0.0,0.04,0.01,0.01,0.02,0.01,0.02,28.6,45.6,12.8,26.7,5.7,49.7,13.4,27.7,7.76,91.8,96.1,96.3,73.4,936.0,312.8,45.6,12.8,26.7,5.7,49.7,13.4,27.7,7.76,91.8,96.1,96.3,73.4,45.6,12.8,26.7,5.7,49.7,13.4,27.7,7.76,91.8,96.1,96.3,73.4,45.6,12.8,26.7,5.7,49.7,13.4,27.7,7.76,91.8,96.1,96.3,73.4,0.03,0.01,0.02,0.1,1.89,0.03,0.0,0.0,0.17,0.0,0.0,0.18,0.0,0.0,,22.6,0.0,0.0,0.0,0.04,-0.01,-0.01,62.0,10.5,39.3,21.9,1.19,0.24,62.0,0.21,85.7,0.03,14.3,36.2,0.0,0.35,0.21,40.4,2.17,0.94,1.22,2.17,0.94,52.9,0.84,1.78,0.77,1.71,3.88,5.49,0.1,0.56,0.56,0.0,0.0,0.0,0.0,0.03,0.0,0.03,0.04,0.0,0.0,0.0,0.0,0.03,0.0,0.0,1.19,0.31,0.07,0.03,1.71,1.22,0.0,0.1,0.0,4.79,0.7,42.6,,,,,,,,,,,,,,,,,,,,,,,,,,,,,Mamadou Fofana,DF,NE Revolution,27-317,Mamadou Fofana,TAM Player,TAM Player,"[-0.68603763 -0.57615638 -0.80744988 -0.82942838 -1.03220501  1.51706126
 -1.04942678 -0.93520667  0.482274   -0.97856016 -1.11506441  0.74187565
  1.71894645  1.55102195]",0,-3.096036445194734,-0.861672489381077
7883388852,2,2025,33,33,2866,31.8,0.35,0.25,0.6,0.28,0.06,0.06,0.13,0.0,0.32,0.27,0.23,0.5,1.07,4.4,5.6,0.35,0.25,0.6,0.28,0.53,0.32,0.23,0.55,0.27,0.5,31.8,25.3,11.4,10.8,2.64,33.5,13.4,13.0,5.25,75.4,85.4,82.9,50.3,444.6,116.2,25.3,11.4,10.8,2.64,33.5,13.4,13.0,5.25,75.4,85.4,82.9,50.3,25.3,11.4,10.8,2.64,33.5,13.4,13.0,5.25,75.4,85.4,82.9,50.3,25.3,11.4,10.8,2.64,33.5,13.4,13.0,5.25,75.4,85.4,82.9,50.3,0.25,0.21,0.02,1.64,3.08,1.38,0.06,0.35,2.01,0.69,34.4,2.01,0.69,0.14,0.41,21.0,0.44,0.06,0.06,0.13,0.03,0.02,40.9,0.13,1.54,19.4,20.5,2.48,40.8,0.63,39.2,0.94,58.8,24.2,0.35,1.64,1.01,29.7,0.66,0.28,0.5,0.66,0.28,47.4,0.31,0.41,0.38,0.22,0.88,0.31,0.03,3.43,3.42,0.13,0.03,0.35,0.0,0.0,0.0,0.44,0.44,0.13,0.03,0.35,0.0,0.0,0.0,0.0,0.85,1.13,0.44,3.62,0.22,0.5,0.0,0.0,0.0,2.74,0.38,34.3,,,,,,,,,,,,,,,,,,,,,,,,,,,,,Emil Forsberg,"MF,FW",NY Red Bulls,34-042,Emil Forsberg,Designated Player,Designated Player,"[ 0.98013508  1.04740663  1.01253741  0.84813874  1.24887507  1.89747927
  0.71902694  0.54069334 -0.86469955  0.32761628 -0.45129034 -1.22375333
 -1.22970784 -1.3698479 ]",0,2.9211280760439844,0.18685590791264542
2157345198,3,2025,15,8,784,8.7,0.11,0.0,0.11,0.11,0.0,0.0,0.46,0.0,0.08,0.08,0.11,0.2,2.07,6.44,3.91,0.11,0.0,0.11,0.11,0.11,0.08,0.11,0.19,0.08,0.19,8.7,46.8,22.3,20.1,3.79,53.4,24.4,22.0,4.94,87.5,91.5,91.6,76.7,793.7,214.6,46.8,22.3,20.1,3.79,53.4,24.4,22.0,4.94,87.5,91.5,91.6,76.7,46.8,22.3,20.1,3.79,53.4,24.4,22.0,4.94,87.5,91.5,91.6,76.7,46.8,22.3,20.1,3.79,53.4,24.4,22.0,4.94,87.5,91.5,91.6,76.7,0.0,0.11,-0.11,1.03,4.48,1.49,0.23,0.11,0.8,0.34,42.9,0.8,0.34,0.14,0.33,18.2,0.0,0.0,0.0,0.1,0.03,0.03,64.0,1.84,13.0,33.6,17.8,1.61,64.0,0.92,57.1,0.46,28.6,38.4,0.34,1.38,0.11,45.1,2.41,0.92,1.84,2.41,0.92,66.7,0.46,1.15,0.92,1.61,4.02,1.61,0.0,2.87,2.87,0.0,0.0,0.23,0.0,0.0,0.0,0.0,0.0,0.0,0.0,0.23,0.0,0.0,0.0,0.0,2.07,1.84,0.0,0.57,1.61,1.84,0.0,0.0,0.0,4.14,0.69,40.0,,,,,,,,,,,,,,,,,,,,,,,,,,,,,Ajani Fortune,"MF,DF",Atlanta Utd,22-339,Ajani Fortune,Homegrown Player,Homegrown,"[-0.16238335 -0.79755134 -0.39648501 -0.37777569  0.00464957 -0.78736919
 -0.4439236  -0.2079516   0.56189805  1.46633419  0.34843746  1.0542935
  1.52105019  0.20784822]",0,-1.5710007362724712,1.1976050782091585
7721875935,1,2025,26,23,2061,22.9,0.0,0.09,0.09,0.0,0.0,0.0,0.39,0.0,0.02,0.02,0.06,0.08,1.53,5.11,3.32,0.0,0.09,0.09,0.0,0.09,0.02,0.06,0.08,0.02,0.08,22.9,48.9,23.5,21.7,2.88,58.3,25.3,26.1,4.98,83.8,93.1,83.4,57.9,804.0,311.6,48.9,23.5,21.7,2.88,58.3,25.3,26.1,4.98,83.8,93.1,83.4,57.9,48.9,23.5,21.7,2.88,58.3,25.3,26.1,4.98,83.8,93.1,83.4,57.9,48.9,23.5,21.7,2.88,58.3,25.3,26.1,4.98,83.8,93.1,83.4,57.9,0.09,0.05,0.03,0.61,4.59,0.31,0.04,0.0,0.35,0.09,25.0,0.35,0.09,0.0,0.0,21.6,0.0,0.0,0.0,0.06,-0.02,-0.02,70.8,4.24,22.7,36.2,12.4,0.83,70.8,0.74,65.4,0.39,34.6,36.2,0.17,0.87,0.44,42.6,1.7,0.79,1.05,1.7,0.79,60.0,0.52,1.7,1.31,1.4,3.1,4.85,0.04,1.35,1.35,0.0,0.0,0.04,0.0,0.09,0.0,0.13,0.13,0.0,0.0,0.04,0.0,0.09,0.0,0.0,1.83,0.83,0.04,1.79,1.4,1.05,0.0,0.0,0.0,4.67,2.36,63.5,,,,,,,,,,,,,,,,,,,,,,,,,,,,,Jimer Fory,DF,Portland Timbers,23-194,Jimer Fory,TAM Player,TAM Player,"[-0.68603763 -0.13336647 -0.74874061 -0.76490657 -0.51377772  0.85938945
 -0.87642587 -0.74269798  0.70124014  0.72393477 -0.08341555  0.13005736
  1.10546804  1.3804602 ]",0,-2.37886484986991,0.6468785319092412
2793736203,1,2025,6,5,400,4.4,0.0,0.91,0.91,0.0,0.0,0.0,0.23,0.0,0.02,0.02,0.41,0.43,1.59,5.91,2.5,0.0,0.9,0.9,0.0,0.9,0.03,0.41,0.44,0.03,0.44,4.4,58.4,26.8,25.5,5.0,71.4,29.5,28.6,10.5,81.8,90.8,88.9,47.8,1010.9,321.8,58.4,26.8,25.5,5.0,71.4,29.5,28.6,10.5,81.8,90.8,88.9,47.8,58.4,26.8,25.5,5.0,71.4,29.5,28.6,10.5,81.8,90.8,88.9,47.8,58.4,26.8,25.5,5.0,71.4,29.5,28.6,10.5,81.8,90.8,88.9,47.8,0.91,0.39,0.5,2.73,6.14,2.27,0.0,0.0,1.14,0.23,20.0,1.13,0.23,0.0,0.0,25.7,0.0,0.0,0.0,0.03,-0.02,-0.02,79.3,2.73,21.4,38.6,19.8,1.59,79.3,0.91,44.4,1.14,55.6,46.1,0.45,2.73,0.68,62.5,1.36,0.45,0.68,1.36,0.45,25.0,1.36,0.91,0.91,0.45,1.82,0.23,0.23,5.23,5.18,0.23,0.23,0.23,0.23,0.0,0.0,1.59,1.58,0.23,0.23,0.23,0.23,0.0,0.0,0.0,0.91,1.14,0.0,4.55,0.45,0.68,0.0,0.0,0.0,2.5,0.45,40.0,,,,,,,,,,,,,,,,,,,,,,,,,,,,,André Franco,MF,Chicago Fire,27-236,,,,"[-0.68603763  5.91809568 -0.74874061 -0.76490657  3.11521333 -1.28255738
 -0.11714411 -0.44324     1.33159721  1.17049081 -0.03543189 -0.3125346
 -0.77454644 -0.30383701]",-1,0.8371718070510228,4.889227671194472
4139457407,2,2025,15,8,785,8.7,0.0,0.0,0.0,0.0,0.0,0.0,0.23,0.0,0.0,0.0,0.0,0.0,0.8,2.64,2.18,0.0,0.0,0.0,0.0,0.0,0.01,0.0,0.01,0.01,0.01,8.7,38.2,17.9,16.4,2.87,45.7,19.1,18.7,5.86,83.4,94.0,87.7,49.0,647.0,205.9,38.2,17.9,16.4,2.87,45.7,19.1,18.7,5.86,83.4,94.0,87.7,49.0,38.2,17.9,16.4,2.87,45.7,19.1,18.7,5.86,83.4,94.0,87.7,49.0,38.2,17.9,16.4,2.87,45.7,19.1,18.7,5.86,83.4,94.0,87.7,49.0,0.0,0.02,0.0,0.0,2.76,0.34,0.11,0.0,0.34,0.11,33.3,0.34,0.11,0.0,0.0,23.9,0.0,0.0,0.0,0.01,0.0,0.0,54.1,3.22,21.0,24.3,9.31,0.34,54.1,0.34,50.0,0.23,33.3,29.8,0.11,0.57,0.69,31.5,2.18,1.03,1.72,2.18,1.03,100.0,0.0,0.57,0.46,1.03,3.22,2.64,0.0,1.26,1.26,0.0,0.0,0.11,0.0,0.0,0.0,0.0,0.0,0.0,0.0,0.11,0.0,0.0,0.0,0.0,1.03,0.92,0.0,1.03,1.03,1.72,0.0,0.0,0.0,4.48,0.46,36.4,,,,,,,,,,,,,,,,,,,,,,,,,,,,,Kobe Franklin,DF,Toronto FC,22-208,Kobe Franklin,Homegrown Player,Homegrown,"[-0.68603763 -0.79755134 -0.86615915 -0.89395019 -1.13589047 -0.78607964
 -0.88603703 -0.69991827 -0.00874099 -0.65480702 -0.66721685  0.75489306
  0.37325187 -1.02872441]",0,-1.9731911452462176,-1.1512975332694266
2728882027,2,2025,21,13,1231,13.7,0.07,0.15,0.22,0.07,0.0,0.0,0.22,0.07,0.04,0.04,0.15,0.2,2.48,1.9,4.09,0.07,0.15,0.22,0.07,0.22,0.04,0.15,0.19,0.04,0.19,13.7,41.8,20.7,17.5,2.41,48.1,22.3,19.7,3.72,86.8,92.8,88.9,64.7,670.1,194.5,41.8,20.7,17.5,2.41,48.1,22.3,19.7,3.72,86.8,92.8,88.9,64.7,41.8,20.7,17.5,2.41,48.1,22.3,19.7,3.72,86.8,92.8,88.9,64.7,41.8,20.7,17.5,2.41,48.1,22.3,19.7,3.72,86.8,92.8,88.9,64.7,0.15,0.17,-0.01,0.73,1.68,0.58,0.44,0.07,0.73,0.36,50.0,0.73,0.37,0.1,0.2,12.9,0.0,0.0,0.0,0.06,0.03,0.03,61.2,3.07,22.3,27.1,12.4,2.12,61.2,1.46,46.5,1.39,44.2,32.6,0.66,2.34,0.88,36.4,2.7,1.97,1.75,2.7,1.97,73.0,0.73,1.61,1.31,1.02,3.72,1.61,0.15,1.46,1.46,0.07,0.0,0.22,0.0,0.0,0.0,0.29,0.29,0.07,0.0,0.22,0.0,0.0,0.0,0.0,1.53,2.04,0.15,1.02,1.02,1.75,0.0,0.0,0.0,5.99,0.88,52.2,,,,,,,,,,,,,,,,,,,,,,,,,,,,,Ian Fray,DF,Inter Miami,23-095,Ian Fray,Homegrown Player,Homegrown,"[-0.35280309  0.30942344 -0.63132208 -0.63586294  0.41939141 -0.21093919
 -0.51120173 -0.16517189  0.23013116 -1.06787137  0.67632585  1.43179841
  0.35346225  1.18857824]",0,-1.1099650076859533,0.6292811617037504
6123429869,3,2025,29,26,2453,27.3,0.22,0.11,0.33,0.22,0.0,0.0,0.15,0.0,0.21,0.21,0.19,0.39,2.49,4.03,7.03,0.22,0.11,0.33,0.22,0.33,0.2,0.19,0.39,0.2,0.39,27.3,38.7,19.2,16.6,2.34,47.7,22.0,19.7,3.74,81.2,87.2,84.0,62.7,629.1,184.5,38.7,19.2,16.6,2.34,47.7,22.0,19.7,3.74,81.2,87.2,84.0,62.7,38.7,19.2,16.6,2.34,47.7,22.0,19.7,3.74,81.2,87.2,84.0,62.7,38.7,19.2,16.6,2.34,47.7,22.0,19.7,3.74,81.2,87.2,84.0,62.7,0.11,0.19,-0.08,1.61,2.53,1.03,0.18,0.22,1.68,0.55,32.6,1.69,0.55,0.13,0.4,11.5,0.0,0.0,0.0,0.12,0.01,0.01,59.7,3.41,16.3,23.7,20.4,4.18,59.7,1.32,55.4,0.95,40.0,31.1,0.99,0.88,0.99,36.9,1.54,0.81,0.99,1.54,0.81,61.1,0.51,1.03,0.7,0.95,2.49,3.44,0.0,3.77,3.78,0.37,0.0,0.11,0.0,0.04,0.04,0.18,0.18,0.37,0.0,0.11,0.0,0.04,0.04,0.0,0.73,1.32,0.26,1.39,0.95,0.99,0.0,0.0,0.0,4.76,2.05,58.3,,,,,,,,,,,,,,,,,,,,,,,,,,,,,Alex Freeman,DF,Orlando City,21-117,,,,"[ 0.36127093  0.01423017  0.36673547  0.46100787  0.83413324  1.36489406
  0.40185861  0.24123536  0.0244357   0.12108411  0.68432313 -0.07822121
  0.21493486 -0.04799439]",0,0.9382243647636599,0.6804992590620179
8890646025,3,2025,34,25,2354,26.2,0.04,0.0,0.04,0.04,0.0,0.0,0.11,0.0,0.04,0.04,0.07,0.11,2.18,2.71,5.95,0.04,0.0,0.04,0.04,0.04,0.04,0.07,0.11,0.04,0.11,26.2,30.8,13.5,13.4,2.86,40.5,14.9,17.6,5.73,76.2,91.0,75.8,50.0,538.7,165.0,30.8,13.5,13.4,2.86,40.5,14.9,17.6,5.73,76.2,91.0,75.8,50.0,30.8,13.5,13.4,2.86,40.5,14.9,17.6,5.73,76.2,91.0,75.8,50.0,30.8,13.5,13.4,2.86,40.5,14.9,17.6,5.73,76.2,91.0,75.8,50.0,0.0,0.09,-0.07,0.61,1.98,0.92,0.61,0.04,0.46,0.15,33.3,0.46,0.15,0.08,0.25,17.8,0.0,0.0,0.0,0.08,0.0,0.0,49.5,3.4,13.5,20.0,16.4,1.34,49.5,0.5,48.1,0.46,44.4,26.7,0.34,1.18,0.27,30.4,0.99,0.57,0.69,0.99,0.57,57.7,0.42,0.92,0.61,0.42,1.41,3.28,0.04,1.64,1.64,0.0,0.0,0.0,0.0,0.0,0.0,0.0,0.0,0.0,0.0,0.0,0.0,0.0,0.0,0.0,0.69,0.99,0.15,3.32,0.42,0.69,0.0,0.0,0.0,2.63,0.46,36.4,,,,,,,,,,,,,,,,,,,,,,,,,,,,,Jon Gallagher,"DF,MF",Austin,29-284,Jon Gallagher,,Standard,"[-0.49561789 -0.79755134 -0.63132208 -0.63586294 -0.41009226  1.23722835
 -0.77070309 -0.61435885 -0.49975598 -0.61573337  0.43640751 -0.79417879
 -0.83391532 -0.28251679]",0,-0.6831534835477673,-1.0029445685745448
1024947744,1,2025,20,19,1574,17.5,0.17,0.11,0.29,0.17,0.0,0.0,0.06,0.0,0.35,0.35,0.1,0.46,1.6,1.2,6.46,0.17,0.11,0.29,0.17,0.29,0.35,0.11,0.46,0.35,0.46,17.5,14.5,7.37,5.26,0.63,20.5,9.6,6.86,1.37,70.5,76.8,76.7,45.8,204.6,33.2,14.5,7.37,5.26,0.63,20.5,9.6,6.86,1.37,70.5,76.8,76.7,45.8,14.5,7.37,5.26,0.63,20.5,9.6,6.86,1.37,70.5,76.8,76.7,45.8,14.5,7.37,5.26,0.63,20.5,9.6,6.86,1.37,70.5,76.8,76.7,45.8,0.11,0.08,0.01,0.63,0.8,0.34,0.0,0.17,2.23,0.86,38.5,2.23,0.86,0.08,0.2,12.9,0.0,0.0,0.0,0.16,-0.18,-0.18,30.8,0.97,4.4,13.7,13.2,5.14,30.8,0.57,33.3,0.74,43.3,18.6,0.91,2.17,1.09,22.4,0.97,0.4,0.86,0.97,0.4,36.8,0.69,0.57,0.46,0.23,1.2,1.14,0.0,1.6,1.6,0.0,0.0,0.23,0.11,0.06,0.0,0.34,0.34,0.0,0.0,0.23,0.11,0.06,0.0,0.0,1.09,2.06,0.69,0.63,0.23,0.86,0.11,0.0,0.0,3.09,2.4,39.6,,,,,,,,,,,,,,,,,,,,,,,,,,,,,Ignatius Ganago,"FW,MF",NE Revolution,26-291,Ignatius Ganago,TAM Player,TAM Player,"[ 0.12324626  0.01423017  1.18866522  1.36431324 -0.09903589  0.23137734
  0.93047249  0.90432087 -1.58131601 -1.45860791 -0.02743461 -0.82021361
 -1.20991822 -1.02872441]",0,2.837919365455948,-1.8494196232478688
5530506678,1,2025,23,19,1715,19.1,0.05,0.05,0.1,0.05,0.0,0.0,0.31,0.0,0.02,0.02,0.03,0.04,0.26,3.51,0.1,0.05,0.05,0.1,0.05,0.1,0.02,0.02,0.04,0.02,0.04,19.1,61.4,26.4,30.1,3.66,66.2,27.2,31.5,5.5,92.7,97.3,95.3,66.7,1038.2,357.5,61.4,26.4,30.1,3.66,66.2,27.2,31.5,5.5,92.7,97.3,95.3,66.7,61.4,26.4,30.1,3.66,66.2,27.2,31.5,5.5,92.7,97.3,95.3,66.7,61.4,26.4,30.1,3.66,66.2,27.2,31.5,5.5,92.7,97.3,95.3,66.7,0.05,0.02,0.03,0.37,4.03,0.1,0.0,0.05,0.26,0.1,40.0,0.26,0.1,0.2,0.5,17.5,0.0,0.0,0.0,0.06,0.04,0.04,77.2,6.18,36.5,39.2,1.73,0.58,77.2,0.26,50.0,0.26,50.0,50.7,0.1,1.41,0.16,56.0,3.14,1.57,2.09,3.14,1.57,78.9,0.42,1.26,0.84,1.41,4.55,2.62,0.26,0.63,0.63,0.0,0.0,0.0,0.0,0.0,0.0,0.05,0.05,0.0,0.0,0.0,0.0,0.0,0.0,0.0,1.1,0.89,0.05,0.0,1.41,2.09,0.0,0.05,0.0,6.49,0.99,67.9,,,,,,,,,,,,,,,,,,,,,,,,,,,,,Carlos Garcés,DF,LA Galaxy,24-054,,,,"[-0.44801295 -0.42855974 -0.74874061 -0.76490657 -0.8248341   0.41320426
 -0.96292632 -0.72130812  1.53065734 -0.16917732 -1.09906986  2.00456447
  1.12525766  0.44237062]",0,-2.9843286422496496,0.16548801113087988
4068845918,1,2025,27,23,2094,23.3,0.09,0.3,0.39,0.09,0.0,0.0,0.21,0.0,0.06,0.06,0.16,0.22,2.02,9.27,2.53,0.09,0.3,0.39,0.09,0.39,0.06,0.16,0.22,0.06,0.22,23.3,41.2,18.2,14.2,7.42,52.3,21.2,17.6,10.5,78.8,86.0,81.2,70.9,796.2,258.9,41.2,18.2,14.2,7.42,52.3,21.2,17.6,10.5,78.8,86.0,81.2,70.9,41.2,18.2,14.2,7.42,52.3,21.2,17.6,10.5,78.8,86.0,81.2,70.9,41.2,18.2,14.2,7.42,52.3,21.2,17.6,10.5,78.8,86.0,81.2,70.9,0.3,0.21,0.14,1.89,8.2,2.45,0.39,0.09,0.9,0.21,23.8,0.9,0.21,0.1,0.4,20.5,0.0,0.0,0.0,0.07,0.03,0.03,62.4,0.82,6.27,30.4,26.7,1.2,62.4,1.63,47.5,1.67,48.8,39.6,0.17,1.93,1.37,47.8,1.29,0.6,0.99,1.29,0.6,42.4,0.82,0.73,0.64,0.47,1.76,0.6,0.13,4.08,4.08,0.3,0.0,0.34,0.04,0.13,0.04,0.47,0.47,0.3,0.0,0.34,0.04,0.13,0.04,0.0,1.12,2.06,0.09,2.4,0.47,0.99,0.0,0.0,0.0,4.42,0.13,18.8,,,,,,,,,,,,,,,,,,,,,,,,,,,,,Manu García,MF,Sporting KC,27-336,,,,"[-0.25759322  1.41639823 -0.51390354 -0.50681932  0.52307686  0.90194468
 -0.34781199 -0.48601971  0.19031914  3.04602621  0.30845107 -0.40365647
 -0.73496719 -0.68760093]",0,-0.1565361166774571,2.593260075187952
9004597246,2,2025,6,6,494,5.5,0.36,0.36,0.73,0.36,0.0,0.0,0.18,0.0,0.2,0.2,0.53,0.73,1.09,3.64,5.64,0.36,0.36,0.73,0.36,0.73,0.2,0.53,0.73,0.2,0.73,5.5,32.7,19.3,10.2,0.91,40.4,21.6,11.5,2.36,81.1,89.1,88.9,38.5,437.8,108.7,32.7,19.3,10.2,0.91,40.4,21.6,11.5,2.36,81.1,89.1,88.9,38.5,32.7,19.3,10.2,0.91,40.4,21.6,11.5,2.36,81.1,89.1,88.9,38.5,32.7,19.3,10.2,0.91,40.4,21.6,11.5,2.36,81.1,89.1,88.9,38.5,0.36,0.25,-0.16,2.18,4.36,1.27,0.55,0.36,0.91,0.55,60.0,0.91,0.55,0.4,0.67,9.2,0.0,0.0,0.0,0.22,0.16,0.16,48.9,0.18,4.18,26.9,18.4,3.64,48.9,0.18,10.0,1.64,90.0,29.8,0.18,1.27,0.91,36.9,2.36,1.27,1.64,2.36,1.27,58.3,0.91,0.73,0.73,0.18,2.55,0.18,0.18,4.0,4.01,0.0,0.0,0.36,0.0,0.18,0.0,0.55,0.55,0.0,0.0,0.36,0.0,0.18,0.0,0.0,1.09,2.0,0.36,0.91,0.18,1.64,0.0,0.0,0.0,4.73,0.0,0.0,,,,,,,,,,,,,,,,,,,,,,,,,,,,,Dániel Gazdag,"MF,FW",Columbus Crew,29-277,Dániel Gazdag,Designated Player,Designated Player,"[ 1.02774001  1.85918814  0.3080262   0.39648606  4.35943883 -1.16133944
 -0.33820083  0.24123536 -0.37368456 -0.09661197 -0.43529579  0.98920645
 -1.30886635 -0.68760093]",-1,2.3028591970557484,2.3689486298493136
9004597246,3,2025,6,6,494,5.5,0.36,0.36,0.73,0.36,0.0,0.0,0.18,0.0,0.2,0.2,0.53,0.73,1.09,3.64,5.64,0.36,0.36,0.73,0.36,0.73,0.2,0.53,0.73,0.2,0.73,5.5,32.7,19.3,10.2,0.91,40.4,21.6,11.5,2.36,81.1,89.1,88.9,38.5,437.8,108.7,32.7,19.3,10.2,0.91,40.4,21.6,11.5,2.36,81.1,89.1,88.9,38.5,32.7,19.3,10.2,0.91,40.4,21.6,11.5,2.36,81.1,89.1,88.9,38.5,32.7,19.3,10.2,0.91,40.4,21.6,11.5,2.36,81.1,89.1,88.9,38.5,0.36,0.25,-0.16,2.18,4.36,1.27,0.55,0.36,0.91,0.55,60.0,0.91,0.55,0.4,0.67,9.2,0.0,0.0,0.0,0.22,0.16,0.16,48.9,0.18,4.18,26.9,18.4,3.64,48.9,0.18,10.0,1.64,90.0,29.8,0.18,1.27,0.91,36.9,2.36,1.27,1.64,2.36,1.27,58.3,0.91,0.73,0.73,0.18,2.55,0.18,0.18,4.0,4.01,0.0,0.0,0.36,0.0,0.18,0.0,0.55,0.55,0.0,0.0,0.36,0.0,0.18,0.0,0.0,1.09,2.0,0.36,0.91,0.18,1.64,0.0,0.0,0.0,4.73,0.0,0.0,,,,,,,,,,,,,,,,,,,,,,,,,,,,,Dániel Gazdag,"MF,FW",Columbus Crew,29-277,Dániel Gazdag,Designated Player,Designated Player,"[ 1.02774001  1.85918814  0.3080262   0.39648606  4.35943883 -1.16133944
 -0.33820083  0.24123536 -0.37368456 -0.09661197 -0.43529579  0.98920645
 -1.30886635 -0.68760093]",-1,2.3028591970557484,2.3689486298493136
9004597246,2,2025,26,23,2060,22.9,0.17,0.13,0.31,0.09,0.09,0.09,0.22,0.0,0.35,0.28,0.11,0.4,1.83,6.72,7.51,0.17,0.13,0.31,0.09,0.22,0.35,0.11,0.47,0.28,0.4,22.9,42.2,25.8,12.6,1.4,48.4,28.5,14.0,1.97,87.2,90.4,90.0,71.1,569.1,137.3,42.2,25.8,12.6,1.4,48.4,28.5,14.0,1.97,87.2,90.4,90.0,71.1,42.2,25.8,12.6,1.4,48.4,28.5,14.0,1.97,87.2,90.4,90.0,71.1,42.2,25.8,12.6,1.4,48.4,28.5,14.0,1.97,87.2,90.4,90.0,71.1,0.13,0.11,0.02,0.83,4.5,1.09,0.09,0.17,1.79,0.66,36.6,1.79,0.66,0.05,0.13,12.3,0.0,0.09,0.09,0.16,-0.18,-0.2,56.9,0.35,3.89,27.3,26.0,3.71,56.9,0.44,34.5,0.66,51.7,38.5,0.26,1.88,1.14,50.0,0.87,0.35,0.48,0.87,0.35,29.6,0.83,0.79,0.66,0.31,1.18,0.17,0.0,2.27,2.27,0.09,0.0,0.13,0.09,0.0,0.0,0.35,0.35,0.09,0.0,0.13,0.09,0.0,0.0,0.0,1.22,2.31,0.52,0.39,0.31,0.48,0.04,0.0,0.0,2.75,0.35,38.1,,,,,,,,,,,,,,,,,,,,,,,,,,,,,Dániel Gazdag,"MF,FW",Columbus Crew,29-277,Dániel Gazdag,Designated Player,Designated Player,"[ 0.12324626  0.16182681  1.18866522  0.91266056  0.00464957  0.8580999
  0.50758139  0.47652377  0.25667251  1.62262881  0.15650279 -0.95038771
 -1.05160121 -0.55967962]",0,1.5939816104995512,0.5359331389769457
9004597246,3,2025,26,23,2060,22.9,0.17,0.13,0.31,0.09,0.09,0.09,0.22,0.0,0.35,0.28,0.11,0.4,1.83,6.72,7.51,0.17,0.13,0.31,0.09,0.22,0.35,0.11,0.47,0.28,0.4,22.9,42.2,25.8,12.6,1.4,48.4,28.5,14.0,1.97,87.2,90.4,90.0,71.1,569.1,137.3,42.2,25.8,12.6,1.4,48.4,28.5,14.0,1.97,87.2,90.4,90.0,71.1,42.2,25.8,12.6,1.4,48.4,28.5,14.0,1.97,87.2,90.4,90.0,71.1,42.2,25.8,12.6,1.4,48.4,28.5,14.0,1.97,87.2,90.4,90.0,71.1,0.13,0.11,0.02,0.83,4.5,1.09,0.09,0.17,1.79,0.66,36.6,1.79,0.66,0.05,0.13,12.3,0.0,0.09,0.09,0.16,-0.18,-0.2,56.9,0.35,3.89,27.3,26.0,3.71,56.9,0.44,34.5,0.66,51.7,38.5,0.26,1.88,1.14,50.0,0.87,0.35,0.48,0.87,0.35,29.6,0.83,0.79,0.66,0.31,1.18,0.17,0.0,2.27,2.27,0.09,0.0,0.13,0.09,0.0,0.0,0.35,0.35,0.09,0.0,0.13,0.09,0.0,0.0,0.0,1.22,2.31,0.52,0.39,0.31,0.48,0.04,0.0,0.0,2.75,0.35,38.1,,,,,,,,,,,,,,,,,,,,,,,,,,,,,Dániel Gazdag,"MF,FW",Columbus Crew,29-277,Dániel Gazdag,Designated Player,Designated Player,"[ 0.12324626  0.16182681  1.18866522  0.91266056  0.00464957  0.8580999
  0.50758139  0.47652377  0.25667251  1.62262881  0.15650279 -0.95038771
 -1.05160121 -0.55967962]",0,1.5939816104995512,0.5359331389769457
1063838090,1,2025,22,5,655,7.3,0.0,0.0,0.0,0.0,0.0,0.0,0.0,0.0,0.03,0.03,0.0,0.03,0.68,3.7,2.19,0.0,0.0,0.0,0.0,0.0,0.03,0.01,0.03,0.03,0.03,7.3,36.0,20.8,13.2,1.1,41.4,24.0,14.4,1.23,87.1,86.9,91.4,88.9,522.1,173.0,36.0,20.8,13.2,1.1,41.4,24.0,14.4,1.23,87.1,86.9,91.4,88.9,36.0,20.8,13.2,1.1,41.4,24.0,14.4,1.23,87.1,86.9,91.4,88.9,36.0,20.8,13.2,1.1,41.4,24.0,14.4,1.23,87.1,86.9,91.4,88.9,0.0,0.04,0.0,0.27,3.15,0.68,0.0,0.0,0.55,0.14,25.0,0.55,0.14,0.0,0.0,21.4,0.0,0.0,0.0,0.05,-0.03,-0.03,51.6,2.74,15.5,27.1,9.45,0.96,51.6,1.1,72.7,0.41,27.3,24.7,0.14,0.96,1.64,31.6,1.37,0.82,0.96,1.37,0.82,50.0,0.82,2.05,1.23,1.51,2.88,1.37,0.0,0.96,0.96,0.0,0.0,0.0,0.0,0.0,0.0,0.27,0.27,0.0,0.0,0.0,0.0,0.0,0.0,0.0,1.78,1.1,0.0,0.27,1.51,0.96,0.0,0.0,0.0,5.21,1.1,44.4,,,,,,,,,,,,,,,,,,,,,,,,,,,,,Owen Géne,MF,Minnesota Utd,22-260,,,,"[-0.68603763 -0.79755134 -0.69003135 -0.70038476 -1.13589047 -0.95372147
 -0.68420264 -0.6357487  -0.15471842 -0.06312026 -0.76318418 -0.29951719
  1.32315393  2.12666783]",0,-2.4759739142507016,-0.9475657648823557
7790113677,1,2025,20,13,1117,12.4,0.0,0.08,0.08,0.0,0.0,0.0,0.16,0.0,0.01,0.01,0.03,0.04,0.24,4.52,0.4,0.0,0.08,0.08,0.0,0.08,0.0,0.03,0.04,0.0,0.04,12.4,42.5,20.9,17.3,3.31,47.3,22.6,18.7,4.35,89.9,92.5,92.7,75.9,711.7,207.9,42.5,20.9,17.3,3.31,47.3,22.6,18.7,4.35,89.9,92.5,92.7,75.9,42.5,20.9,17.3,3.31,47.3,22.6,18.7,4.35,89.9,92.5,92.7,75.9,42.5,20.9,17.3,3.31,47.3,22.6,18.7,4.35,89.9,92.5,92.7,75.9,0.08,0.05,0.05,0.4,6.05,0.32,0.0,0.0,0.24,0.0,0.0,0.24,0.0,0.0,,29.3,0.0,0.0,0.0,0.02,-0.01,-0.01,56.2,2.66,15.0,34.3,7.1,0.16,56.2,0.4,55.6,0.16,22.2,28.4,0.0,0.81,0.32,36.1,1.85,0.65,1.37,1.85,0.65,61.5,0.4,1.29,0.81,1.13,2.98,1.77,0.0,1.45,1.45,0.0,0.0,0.16,0.08,0.0,0.0,0.16,0.16,0.0,0.0,0.16,0.08,0.0,0.0,0.0,0.97,2.02,0.0,0.0,1.13,1.37,0.08,0.0,0.0,3.95,1.53,47.5,,,,,,,,,,,,,,,,,,,,,,,,,,,,,Joran Gerbet,MF,Orlando City,24-157,Joran Gerbet,,Standard,"[-0.68603763 -0.20716479 -0.80744988 -0.82942838 -0.8248341  -0.35794818
 -0.98214865 -0.93520667  0.27657853  0.39459968 -1.11506441  0.32531851
  0.57114813  0.50633127]",0,-2.394974506485726,-0.2769759017812514
4368956749,1,2025,5,3,301,3.3,0.0,0.0,0.0,0.0,0.0,0.0,0.61,0.0,0.03,0.03,0.03,0.06,0.91,3.94,1.52,0.0,0.0,0.0,0.0,0.0,0.04,0.02,0.06,0.04,0.06,3.3,46.1,17.6,23.9,3.94,52.7,19.1,25.8,6.06,87.4,92.1,92.9,65.0,842.4,207.6,46.1,17.6,23.9,3.94,52.7,19.1,25.8,6.06,87.4,92.1,92.9,65.0,46.1,17.6,23.9,3.94,52.7,19.1,25.8,6.06,87.4,92.1,92.9,65.0,46.1,17.6,23.9,3.94,52.7,19.1,25.8,6.06,87.4,92.1,92.9,65.0,0.0,0.06,-0.03,0.3,3.64,0.3,0.0,0.0,0.61,0.3,50.0,0.6,0.3,0.0,0.0,23.6,0.0,0.0,0.0,0.07,-0.03,-0.03,70.6,7.27,20.3,41.8,9.09,0.91,70.6,0.3,33.3,0.61,66.7,38.2,0.0,2.42,0.91,43.6,3.64,1.52,1.21,3.64,1.52,55.6,1.21,1.82,0.91,0.61,4.24,4.24,0.0,1.21,1.2,0.0,0.0,0.3,0.0,0.0,0.0,0.0,0.0,0.0,0.0,0.3,0.0,0.0,0.0,0.0,1.52,0.91,0.0,0.0,0.61,1.21,0.0,0.0,0.0,8.79,0.61,66.7,,,,,,,,,,,,,,,,,,,,,,,,,,,,,Samuel Gidi,MF,FC Cincinnati,21-233,,,,"[-0.68603763 -0.79755134 -0.69003135 -0.70038476 -0.8248341  -1.41022308
 -0.62653567 -0.29351102  0.51545068  0.07084655 -0.57924679  2.65543499
 -0.45791243  1.63630282]",0,-2.4005141067812636,0.08052889106386849
2789099226,2,2025,34,34,3054,33.9,0.29,0.27,0.56,0.15,0.15,0.15,0.09,0.0,0.24,0.12,0.3,0.42,4.48,11.5,4.45,0.29,0.27,0.56,0.15,0.41,0.24,0.3,0.54,0.12,0.42,33.9,49.3,20.8,19.2,7.88,63.3,23.2,23.0,13.1,77.8,89.8,83.4,60.3,940.1,341.4,49.3,20.8,19.2,7.88,63.3,23.2,23.0,13.1,77.8,89.8,83.4,60.3,49.3,20.8,19.2,7.88,63.3,23.2,23.0,13.1,77.8,89.8,83.4,60.3,49.3,20.8,19.2,7.88,63.3,23.2,23.0,13.1,77.8,89.8,83.4,60.3,0.27,0.35,-0.04,3.01,8.14,3.45,0.65,0.29,2.12,0.74,34.7,2.12,0.74,0.07,0.2,26.5,0.38,0.15,0.15,0.06,0.06,0.03,72.6,0.27,6.49,38.8,28.1,1.56,72.5,2.09,48.3,1.8,41.5,50.2,0.44,1.8,1.3,56.2,0.94,0.56,0.68,0.94,0.56,41.3,0.8,0.38,0.35,0.38,1.33,0.24,0.0,6.31,6.31,0.32,0.03,0.47,0.15,0.06,0.0,0.62,0.62,0.32,0.03,0.47,0.15,0.06,0.0,0.0,0.41,3.01,0.03,5.84,0.38,0.68,0.06,0.0,0.0,4.19,0.12,80.0,,,,,,,,,,,,,,,,,,,,,,,,,,,,,Carles Gil,"MF,FW",NE Revolution,33-012,Carles Gil,Designated Player,Designated Player,"[ 0.69450547  1.19500327  0.54286327 -0.11968844  1.97467328  2.13991516
  0.82474971  0.64764261  0.72778149  4.29080119  2.27578145 -0.85926584
 -0.91307383 -1.43380855]",-1,2.2446783302637434,4.427322980442197
6430048091,2,2025,10,5,495,5.5,0.0,0.0,0.0,0.0,0.0,0.0,0.0,0.0,0.0,0.0,0.0,0.0,0.36,2.18,0.0,0.0,0.0,0.0,0.0,0.0,0.0,0.0,0.0,0.0,0.0,5.5,45.6,22.5,19.1,2.73,51.5,24.2,21.5,3.45,88.7,93.2,89.0,78.9,743.1,254.4,45.6,22.5,19.1,2.73,51.5,24.2,21.5,3.45,88.7,93.2,89.0,78.9,45.6,22.5,19.1,2.73,51.5,24.2,21.5,3.45,88.7,93.2,89.0,78.9,45.6,22.5,19.1,2.73,51.5,24.2,21.5,3.45,88.7,93.2,89.0,78.9,0.0,0.02,0.0,0.0,2.18,0.18,0.0,0.0,0.0,0.0,,0.0,0.0,,,,0.0,0.0,0.0,,0.0,0.0,64.0,6.36,28.0,31.1,5.09,0.36,64.0,0.55,50.0,0.55,50.0,36.9,0.18,0.36,0.36,42.7,2.55,0.91,1.27,2.55,0.91,55.6,0.73,1.27,0.91,1.27,3.82,5.09,0.0,0.36,0.36,0.0,0.0,0.18,0.0,0.0,0.0,0.0,0.0,0.0,0.0,0.18,0.0,0.0,0.0,0.0,1.09,2.18,0.0,0.0,1.27,1.27,0.0,0.0,0.0,2.55,3.27,52.9,,,,,,,,,,,,,,,,,,,,,,,,,,,,,Jake Girdwood-Reich,"DF,MF",St. Louis,21-192,Jake Girdwood-Reich,U22 Initiative,U22 Initiative,"[-0.68603763 -0.79755134 -0.86615915 -0.89395019 -1.13589047 -1.16004989
 -1.21281652 -0.93520667  0.482274   -0.91157675 -1.01909708  1.23653725
  0.8482029   0.46369084]",0,-2.8881977592905645,-1.0706338205558266
3495356408,1,2025,11,6,528,5.9,0.51,0.17,0.68,0.51,0.0,0.0,0.17,0.0,0.53,0.53,0.12,0.64,0.68,2.37,6.78,0.51,0.17,0.68,0.51,0.68,0.53,0.12,0.65,0.53,0.65,5.9,15.8,7.29,6.1,1.36,25.1,10.7,7.29,1.86,62.8,68.3,83.7,72.7,257.3,46.9,15.8,7.29,6.1,1.36,25.1,10.7,7.29,1.86,62.8,68.3,83.7,72.7,15.8,7.29,6.1,1.36,25.1,10.7,7.29,1.86,62.8,68.3,83.7,72.7,15.8,7.29,6.1,1.36,25.1,10.7,7.29,1.86,62.8,68.3,83.7,72.7,0.17,0.07,0.05,1.69,1.53,0.68,0.0,0.51,3.39,1.53,45.0,3.41,1.53,0.15,0.33,13.8,0.34,0.0,0.0,0.15,-0.02,-0.02,38.1,1.36,2.88,20.3,15.1,6.1,38.1,0.0,0.0,0.17,50.0,15.3,0.17,4.07,0.17,25.8,0.68,0.17,0.34,0.68,0.17,50.0,0.17,0.68,0.51,0.17,0.85,1.02,0.0,3.05,3.07,0.0,0.0,0.34,0.17,0.0,0.0,0.68,0.68,0.0,0.0,0.34,0.17,0.0,0.0,0.0,1.19,1.53,0.51,0.17,0.17,0.34,0.0,0.0,0.0,1.36,3.39,57.1,,,,,,,,,,,,,,,,,,,,,,,,,,,,,Olivier Giroud,FW,LAFC,39-065,Olivier Giroud,Designated Player,Designated Player,"[ 1.74181403  0.45702008  2.24543203  2.52570587  0.10833503 -1.11749465
  2.04536723  2.33744117 -1.49505663 -0.80551969 -0.76318418 -1.19771851
 -1.32865597 -0.79420202]",0,5.065733253021886,-1.829881228679801
5510701575,2,2025,21,8,763,8.5,0.24,0.12,0.35,0.24,0.0,0.0,0.24,0.0,0.32,0.32,0.12,0.44,2.59,3.18,6.47,0.24,0.12,0.35,0.24,0.35,0.32,0.12,0.44,0.32,0.44,8.5,25.5,17.6,6.47,1.06,32.7,19.4,8.94,2.35,78.1,90.9,72.4,45.0,348.8,79.1,25.5,17.6,6.47,1.06,32.7,19.4,8.94,2.35,78.1,90.9,72.4,45.0,25.5,17.6,6.47,1.06,32.7,19.4,8.94,2.35,78.1,90.9,72.4,45.0,25.5,17.6,6.47,1.06,32.7,19.4,8.94,2.35,78.1,90.9,72.4,45.0,0.12,0.09,0.0,0.71,1.53,0.94,0.24,0.24,1.41,0.82,58.3,1.42,0.83,0.17,0.29,14.9,0.0,0.0,0.0,0.23,-0.08,-0.08,43.2,1.18,6.12,17.1,20.8,3.76,43.2,0.35,20.0,1.41,80.0,26.4,1.18,2.94,1.53,30.2,0.82,0.71,0.59,0.82,0.71,37.5,1.18,0.59,0.59,0.82,1.65,0.59,0.0,1.53,1.54,0.0,0.0,0.0,0.0,0.12,0.0,0.35,0.35,0.0,0.0,0.0,0.0,0.12,0.0,0.0,1.06,0.24,0.12,2.0,0.82,0.59,0.0,0.0,0.0,5.06,0.12,14.3,,,,,,,,,,,,,,,,,,,,,,,,,,,,,Dennis Gjengaar,"FW,MF",NY Red Bulls,21-283,Dennis Gjengaar,U22 Initiative,U22 Initiative,"[ 0.4564808   0.08802849  1.01253741  1.17074781  0.10833503 -0.81444979
  0.14235725  0.81876145 -0.85142887 -0.35338169  0.76429591 -1.01547477
 -0.04233028 -0.98608398]",0,2.1548217939148064,-0.664682247764956
7551052575,1,2025,31,31,2778,30.9,0.0,0.03,0.03,0.0,0.0,0.0,0.29,0.0,0.04,0.04,0.04,0.08,0.23,2.62,0.19,0.0,0.03,0.03,0.0,0.03,0.04,0.04,0.08,0.04,0.08,30.9,62.2,22.4,32.3,6.31,69.2,23.6,34.5,8.96,89.9,94.9,93.5,70.4,1171.5,436.2,62.2,22.4,32.3,6.31,69.2,23.6,34.5,8.96,89.9,94.9,93.5,70.4,62.2,22.4,32.3,6.31,69.2,23.6,34.5,8.96,89.9,94.9,93.5,70.4,62.2,22.4,32.3,6.31,69.2,23.6,34.5,8.96,89.9,94.9,93.5,70.4,0.03,0.03,-0.01,0.39,3.11,0.1,0.06,0.0,0.49,0.03,6.7,0.49,0.03,0.0,0.0,12.2,0.0,0.0,0.0,0.08,-0.04,-0.04,80.6,12.2,43.6,34.3,2.98,0.94,80.6,0.06,66.7,0.03,33.3,48.1,0.03,0.19,0.03,54.6,1.13,0.42,0.49,1.13,0.42,59.1,0.29,1.49,0.45,1.33,2.46,5.79,0.03,1.04,1.04,0.0,0.0,0.06,0.03,0.03,0.0,0.16,0.16,0.0,0.0,0.06,0.03,0.03,0.0,0.0,1.26,0.32,0.0,0.36,1.33,0.49,0.03,0.03,0.0,3.43,2.23,53.9,,,,,,,,,,,,,,,,,,,,,,,,,,,,,Justen Glad,DF,Real Salt Lake,28-279,Justen Glad,TAM Player,TAM Player,"[-0.68603763 -0.57615638 -0.63132208 -0.63586294 -0.72114864  1.78399865
 -0.74186961 -0.87103711  1.58374005 -0.66597093 -1.12306169 -0.61193504
  0.96694066  0.93273563]",0,-2.5064815059822605,-0.7605391362607856
973823074,2,2025,14,4,529,5.9,0.0,0.17,0.17,0.0,0.0,0.0,0.0,0.0,0.05,0.05,0.15,0.2,1.53,2.54,7.8,0.0,0.17,0.17,0.0,0.17,0.05,0.16,0.21,0.05,0.21,5.9,35.4,18.1,14.7,1.69,44.6,20.8,17.5,3.56,79.5,87.0,84.5,47.6,560.5,140.2,35.4,18.1,14.7,1.69,44.6,20.8,17.5,3.56,79.5,87.0,84.5,47.6,35.4,18.1,14.7,1.69,44.6,20.8,17.5,3.56,79.5,87.0,84.5,47.6,35.4,18.1,14.7,1.69,44.6,20.8,17.5,3.56,79.5,87.0,84.5,47.6,0.17,0.17,0.02,0.68,1.53,1.02,0.34,0.0,1.02,0.17,16.7,1.02,0.17,0.0,0.0,20.8,0.0,0.0,0.0,0.05,-0.05,-0.05,58.1,2.2,14.4,23.1,21.0,2.2,58.1,0.34,14.3,2.03,85.7,33.4,0.68,1.86,1.36,35.8,2.03,1.02,1.02,2.03,1.02,50.0,1.02,2.03,1.69,0.34,2.37,2.37,0.0,2.03,2.04,0.0,0.0,0.17,0.0,0.0,0.0,0.17,0.17,0.0,0.0,0.17,0.0,0.0,0.0,0.0,1.86,1.36,0.17,3.22,0.34,1.02,0.0,0.17,0.0,4.07,0.68,36.4,,,,,,,,,,,,,,,,,,,,,,,,,,,,,Omari Glasgow,"DF,FW",Chicago Fire,22-012,Omari Glasgow,,Standard,"[-0.68603763  0.45702008 -0.57261281 -0.57134113  0.41939141 -1.1162051
 -0.23247805 -0.57157913 -0.19453045 -0.71062653 -0.08341555  0.5596319
 -0.99223233  2.08402739]",0,-0.9186519848917504,0.16590480904591054
9117819721,1,2025,31,30,2624,29.2,0.03,0.03,0.07,0.03,0.0,0.0,0.34,0.0,0.03,0.03,0.04,0.07,0.62,3.63,0.1,0.03,0.03,0.07,0.03,0.07,0.03,0.04,0.07,0.03,0.07,29.2,33.0,11.4,17.8,3.36,41.5,13.0,19.9,7.36,79.7,87.7,89.7,45.6,634.8,313.0,33.0,11.4,17.8,3.36,41.5,13.0,19.9,7.36,79.7,87.7,89.7,45.6,33.0,11.4,17.8,3.36,41.5,13.0,19.9,7.36,79.7,87.7,89.7,45.6,33.0,11.4,17.8,3.36,41.5,13.0,19.9,7.36,79.7,87.7,89.7,45.6,0.03,0.03,-0.0,0.31,2.6,0.27,0.0,0.03,0.75,0.1,13.6,0.75,0.1,0.05,0.33,24.9,0.17,0.0,0.0,0.04,0.0,0.0,54.3,5.82,26.1,26.1,2.71,0.72,54.3,0.07,50.0,0.07,50.0,24.8,0.07,0.58,0.14,26.8,1.71,0.89,1.03,1.71,0.89,56.5,0.68,1.4,0.58,1.88,3.6,5.58,0.0,1.1,1.1,0.0,0.0,0.03,0.0,0.03,0.0,0.1,0.1,0.0,0.0,0.03,0.0,0.03,0.0,0.0,1.47,0.51,0.07,0.24,1.88,1.03,0.0,0.03,0.0,3.77,2.16,63.6,,,,,,,,,,,,,,,,,,,,,,,,,,,,,Jakob Glesnes,DF,Philadelphia Union,31-254,Jakob Glesnes,TAM Player,TAM Player,"[-0.54322282 -0.57615638 -0.69003135 -0.70038476 -0.72114864  1.58540755
 -0.49197941 -0.72130812 -0.35377855 -0.10219392 -0.81116785  0.14307477
  2.05537009  0.74085367]",0,-2.189558976219918,-0.5091794058736271
9845572897,2,2025,25,21,1717,19.1,0.05,0.05,0.1,0.05,0.0,0.0,0.31,0.0,0.07,0.07,0.03,0.1,0.94,7.75,1.36,0.05,0.05,0.1,0.05,0.1,0.08,0.03,0.11,0.08,0.11,19.1,74.9,42.1,26.2,4.76,82.1,44.3,27.9,6.91,91.2,94.9,93.8,68.9,1176.0,414.7,74.9,42.1,26.2,4.76,82.1,44.3,27.9,6.91,91.2,94.9,93.8,68.9,74.9,42.1,26.2,4.76,82.1,44.3,27.9,6.91,91.2,94.9,93.8,68.9,74.9,42.1,26.2,4.76,82.1,44.3,27.9,6.91,91.2,94.9,93.8,68.9,0.05,0.1,0.02,0.63,8.17,0.68,0.1,0.05,0.89,0.31,35.3,0.89,0.31,0.06,0.17,20.1,0.0,0.0,0.0,0.09,-0.02,-0.02,90.5,3.19,21.0,54.7,15.3,0.79,90.5,0.42,44.4,0.37,38.9,51.5,0.05,1.05,0.58,74.7,1.47,0.47,0.68,1.47,0.47,45.0,0.58,1.1,0.84,0.94,2.41,0.89,0.0,2.2,2.2,0.0,0.0,0.16,0.1,0.0,0.0,0.26,0.26,0.0,0.0,0.16,0.1,0.0,0.0,0.0,1.88,1.94,0.0,0.16,0.94,0.68,0.05,0.0,0.0,5.08,0.94,75.0,,,,,,,,,,,,,,,,,,,,,,,,,,,,,Aníbal Godoy,MF,San Diego FC,35-297,,,,"[-0.44801295 -0.42855974 -0.45519428 -0.44229751 -0.8248341   0.41578336
 -0.35742315 -0.27212116  2.42642793  2.19756972 -0.55525496 -0.16934308
  0.19514524  0.10124713]",0,-1.9811000242659218,1.1527164847526217
6165534846,1,2025,24,24,1760,19.6,0.0,0.05,0.05,0.0,0.0,0.0,0.15,0.0,0.05,0.05,0.01,0.06,0.66,4.69,0.2,0.0,0.05,0.05,0.0,0.05,0.05,0.01,0.06,0.05,0.06,19.6,53.2,25.2,23.3,3.52,61.2,26.8,25.8,5.92,86.9,93.7,90.5,59.5,889.4,381.5,53.2,25.2,23.3,3.52,61.2,26.8,25.8,5.92,86.9,93.7,90.5,59.5,53.2,25.2,23.3,3.52,61.2,26.8,25.8,5.92,86.9,93.7,90.5,59.5,53.2,25.2,23.3,3.52,61.2,26.8,25.8,5.92,86.9,93.7,90.5,59.5,0.05,0.02,0.04,0.1,5.92,0.05,0.0,0.0,0.87,0.2,23.5,0.87,0.2,0.0,0.0,13.0,0.0,0.0,0.0,0.05,-0.05,-0.05,74.9,6.12,29.9,41.1,4.44,1.38,74.9,0.31,75.0,0.1,25.0,42.8,0.05,0.61,0.15,48.4,2.45,1.33,1.73,2.45,1.33,68.4,0.61,0.92,0.61,1.73,4.18,5.92,0.05,0.46,0.46,0.0,0.0,0.05,0.0,0.0,0.0,0.05,0.05,0.0,0.0,0.05,0.0,0.0,0.0,0.0,1.28,0.92,0.1,0.1,1.73,1.73,0.0,0.05,0.1,5.2,2.45,70.6,,,,,,,,,,,,,,,,,,,,,,,,,,,,,Yeimar Gómez Andrade,DF,Seattle Sounders,33-157,,,,"[-0.68603763 -0.42855974 -0.57261281 -0.57134113 -1.03220501  0.47123412
 -0.37664547 -0.50740957  0.98655966  0.48949284 -0.77917874  1.10636314
  1.7585257  -0.28251679]",0,-2.372496080236648,0.2037725722099347
4369857174,1,2025,6,6,479,5.3,0.0,0.0,0.0,0.0,0.0,0.0,0.0,0.0,0.04,0.04,0.0,0.04,0.38,2.08,0.0,0.0,0.0,0.0,0.0,0.0,0.04,0.0,0.04,0.04,0.04,5.3,34.3,14.0,17.2,2.83,41.1,15.1,19.2,5.66,83.5,92.5,89.2,50.0,614.7,248.9,34.3,14.0,17.2,2.83,41.1,15.1,19.2,5.66,83.5,92.5,89.2,50.0,34.3,14.0,17.2,2.83,41.1,15.1,19.2,5.66,83.5,92.5,89.2,50.0,34.3,14.0,17.2,2.83,41.1,15.1,19.2,5.66,83.5,92.5,89.2,50.0,0.0,0.0,0.0,0.0,2.08,0.19,0.0,0.0,0.19,0.0,0.0,0.19,0.0,0.0,,5.6,0.0,0.0,0.0,0.22,-0.04,-0.04,49.2,5.09,24.7,22.1,2.83,0.75,49.2,0.0,0.0,0.57,100.0,29.1,0.0,0.75,0.57,31.3,1.89,1.13,0.75,1.89,1.13,75.0,0.38,0.75,0.38,0.75,2.64,2.08,0.19,0.38,0.38,0.0,0.0,0.0,0.0,0.0,0.0,0.0,0.0,0.0,0.0,0.0,0.0,0.0,0.0,0.0,0.75,0.57,0.0,0.0,0.75,0.75,0.0,0.0,0.0,4.91,0.75,50.0,,,,,,,,,,,,,,,,,,,,,,,,,,,,,Nicksoen Gomis,DF,Toronto FC,23-264,Nicksoen Gomis,,Standard,"[-0.68603763 -0.79755134 -0.63132208 -0.63586294 -1.13589047 -1.18068273
 -1.03020445 -0.93520667 -0.26751916 -0.96739626 -1.00310252  0.37738816
 -0.18085766 -0.64496049]",0,-1.7652050705945193,-1.7260200356990731
3600809334,2,2025,29,26,2175,24.2,0.17,0.17,0.33,0.17,0.0,0.0,0.08,0.0,0.22,0.22,0.17,0.39,2.19,4.21,4.92,0.17,0.17,0.33,0.17,0.33,0.22,0.18,0.39,0.22,0.39,24.2,26.6,14.4,8.39,1.9,33.8,16.5,10.5,3.64,78.7,87.3,79.6,52.3,401.8,109.5,26.6,14.4,8.39,1.9,33.8,16.5,10.5,3.64,78.7,87.3,79.6,52.3,26.6,14.4,8.39,1.9,33.8,16.5,10.5,3.64,78.7,87.3,79.6,52.3,26.6,14.4,8.39,1.9,33.8,16.5,10.5,3.64,78.7,87.3,79.6,52.3,0.17,0.17,-0.01,1.82,2.48,1.32,0.08,0.17,2.6,0.87,33.3,2.61,0.87,0.06,0.19,21.5,0.12,0.0,0.0,0.08,-0.05,-0.05,42.9,0.58,4.46,20.2,19.0,2.56,42.9,0.79,42.2,1.03,55.6,26.2,0.5,1.69,0.95,30.5,0.5,0.08,0.33,0.5,0.08,15.4,0.45,0.99,0.99,0.74,1.24,0.7,0.0,3.51,3.52,0.21,0.04,0.08,0.0,0.0,0.0,0.41,0.41,0.21,0.04,0.08,0.0,0.0,0.0,0.0,0.87,0.95,0.12,1.45,0.74,0.33,0.0,0.0,0.0,3.39,0.21,41.7,,,,,,,,,,,,,,,,,,,,,,,,,,,,,Diogo Gonçalves,"FW,MF",Real Salt Lake,28-301,Diogo Gonçalves,Designated Player,Designated Player,"[ 0.12324626  0.45702008  0.42544474  0.52552968  0.62676232  1.00639844
  1.28608547  0.92571073 -0.77844016  0.22155922  0.44440479 -1.4320319
 -0.20064729 -0.13327526]",0,2.0607419892474637,0.17555017314601318
7837651798,3,2025,12,3,427,4.7,0.0,0.0,0.0,0.0,0.0,0.0,0.64,0.0,0.0,0.0,0.02,0.02,0.0,1.06,0.21,0.0,0.0,0.0,0.0,0.0,0.0,0.01,0.01,0.0,0.01,4.7,40.9,15.3,22.6,2.55,48.3,17.0,25.1,5.11,84.6,90.0,89.8,50.0,743.6,315.3,40.9,15.3,22.6,2.55,48.3,17.0,25.1,5.11,84.6,90.0,89.8,50.0,40.9,15.3,22.6,2.55,48.3,17.0,25.1,5.11,84.6,90.0,89.8,50.0,40.9,15.3,22.6,2.55,48.3,17.0,25.1,5.11,84.6,90.0,89.8,50.0,0.0,0.02,-0.02,0.21,0.85,0.0,0.0,0.0,0.0,0.0,,0.0,0.0,,,,0.0,0.0,0.0,,0.0,0.0,63.8,15.3,47.2,15.5,1.06,0.85,63.8,0.0,,0.0,,32.8,0.0,0.0,0.0,38.9,0.85,0.64,0.64,0.85,0.64,42.9,0.85,0.85,0.64,1.06,1.91,10.0,0.0,0.85,0.84,0.0,0.0,0.0,0.0,0.0,0.0,0.0,0.0,0.0,0.0,0.0,0.0,0.0,0.0,0.0,1.06,0.43,0.0,0.0,1.06,0.64,0.0,0.21,0.0,1.91,4.26,80.0,,,,,,,,,,,,,,,,,,,,,,,,,,,,,Omar Gonzalez,DF,Chicago Fire,37-054,,,,"[-0.68603763 -0.79755134 -0.86615915 -0.89395019 -0.92851955 -1.24773946
 -1.21281652 -0.93520667  0.17041313 -1.53675522 -1.30699909 -0.97642253
  0.43262075 -0.43175831]",0,-2.050922587356956,-2.2004471685799616
7850446859,2,2025,25,21,1810,20.1,0.2,0.15,0.35,0.2,0.0,0.0,0.2,0.0,0.23,0.23,0.11,0.35,3.43,1.34,8.26,0.2,0.15,0.35,0.2,0.35,0.23,0.11,0.35,0.23,0.35,20.1,15.7,9.05,4.73,0.65,23.2,10.8,7.16,1.84,67.7,83.5,66.0,35.1,213.0,51.0,15.7,9.05,4.73,0.65,23.2,10.8,7.16,1.84,67.7,83.5,66.0,35.1,15.7,9.05,4.73,0.65,23.2,10.8,7.16,1.84,67.7,83.5,66.0,35.1,15.7,9.05,4.73,0.65,23.2,10.8,7.16,1.84,67.7,83.5,66.0,35.1,0.15,0.09,0.03,1.0,0.65,0.95,0.3,0.2,1.94,0.95,48.7,1.94,0.94,0.1,0.21,15.3,0.0,0.0,0.0,0.12,-0.03,-0.03,38.8,0.85,6.22,12.7,20.7,4.33,38.8,1.89,44.7,2.24,52.9,22.7,2.14,2.64,1.19,23.8,2.69,1.24,1.39,2.69,1.24,42.4,1.69,1.79,1.74,0.65,3.33,0.9,0.0,2.69,2.69,0.25,0.0,0.05,0.0,0.15,0.0,0.25,0.25,0.25,0.0,0.05,0.0,0.15,0.0,0.0,1.59,0.9,0.6,3.03,0.65,1.39,0.0,0.0,0.0,3.58,0.6,30.0,,,,,,,,,,,,,,,,,,,,,,,,,,,,,Zavier Gozo,"MF,FW",Real Salt Lake,18-257,Zavier Gozo,Homegrown Player,Homegrown,"[ 0.26606106  0.30942344  0.48415401  0.59005149  0.00464957  0.53571175
  0.65174881  1.09682957 -1.50169196 -1.3804606   1.43606726  1.41878099
 -0.37875392  1.57234217]",-1,1.4888244042993848,-0.11100546916822226
2687856822,1,2025,26,22,1756,19.5,0.0,0.0,0.0,0.0,0.0,0.0,0.26,0.0,0.02,0.02,0.1,0.12,1.28,4.62,2.51,0.0,0.0,0.0,0.0,0.0,0.01,0.1,0.12,0.01,0.12,19.5,56.0,24.1,26.0,4.67,68.1,26.1,29.4,9.64,82.3,92.3,88.5,48.4,997.1,348.4,56.0,24.1,26.0,4.67,68.1,26.1,29.4,9.64,82.3,92.3,88.5,48.4,56.0,24.1,26.0,4.67,68.1,26.1,29.4,9.64,82.3,92.3,88.5,48.4,56.0,24.1,26.0,4.67,68.1,26.1,29.4,9.64,82.3,92.3,88.5,48.4,0.0,0.13,-0.1,0.82,5.69,1.03,0.21,0.0,0.46,0.15,33.3,0.46,0.15,0.0,0.0,22.5,0.0,0.0,0.0,0.03,-0.02,-0.02,78.4,3.85,27.0,40.3,11.7,0.72,78.4,0.62,66.7,0.26,27.8,40.7,0.1,0.97,0.62,50.8,2.26,1.13,1.49,2.26,1.13,73.3,0.41,1.59,1.18,0.82,3.08,3.13,0.1,1.95,1.95,0.1,0.0,0.0,0.0,0.0,0.0,0.05,0.05,0.1,0.0,0.0,0.0,0.0,0.0,0.0,1.23,1.49,0.05,2.15,0.82,1.49,0.0,0.05,0.0,5.03,1.33,57.8,,,,,,,,,,,,,,,,,,,,,,,,,,,,,Tayvon Gray,DF,NYCFC,23-107,Tayvon Gray,Homegrown Player,Homegrown,"[-0.68603763 -0.79755134 -0.74874061 -0.76490657 -0.09903589  0.46607591
 -0.77070309 -0.61435885  1.17234911  0.45041919 -0.2833475   0.85903234
 -0.04233028  1.14593781]",0,-2.2670146733801197,0.4990954390208295
6912502852,4,2025,21,12,1086,12.1,0.08,0.25,0.33,0.08,0.0,0.0,0.17,0.0,0.05,0.05,0.16,0.21,0.66,2.07,2.98,0.08,0.25,0.33,0.08,0.33,0.05,0.16,0.21,0.05,0.21,12.1,26.9,12.3,9.75,3.72,37.4,14.1,12.7,8.6,71.7,87.1,76.6,43.3,476.7,144.5,26.9,12.3,9.75,3.72,37.4,14.1,12.7,8.6,71.7,87.1,76.6,43.3,26.9,12.3,9.75,3.72,37.4,14.1,12.7,8.6,71.7,87.1,76.6,43.3,26.9,12.3,9.75,3.72,37.4,14.1,12.7,8.6,71.7,87.1,76.6,43.3,0.25,0.18,0.09,1.32,1.07,0.91,0.5,0.08,0.83,0.25,30.0,0.83,0.25,0.1,0.33,24.2,0.0,0.0,0.0,0.06,0.03,0.03,47.1,3.06,14.0,18.8,14.7,0.83,47.1,0.33,50.0,0.25,37.5,22.5,0.08,1.07,0.08,26.2,2.31,1.32,1.32,2.31,1.32,64.0,0.74,0.91,0.41,0.74,3.06,2.64,0.0,1.9,1.91,0.0,0.0,0.0,0.0,0.0,0.0,0.25,0.25,0.0,0.0,0.0,0.0,0.0,0.0,0.0,0.91,0.5,0.08,6.12,0.74,1.32,0.0,0.0,0.0,4.13,0.74,47.4,,,,,,,,,,,,,,,,,,,,,,,,,,,,,Julian Gressel,"DF,MF",Minnesota Utd,31-353,Julian Gressel,TAM Player,TAM Player,"[-0.30519815  1.04740663 -0.57261281 -0.57134113  0.52307686 -0.39792431
 -0.41509012 -0.40046029 -0.75853415 -0.97297821 -0.77917874  0.9241194
 -0.20064729 -0.30383701]",0,-0.39593991532671713,-0.007209312408331441
1433820150,1,2025,23,10,1011,11.2,0.0,0.09,0.09,0.0,0.0,0.0,0.09,0.0,0.02,0.02,0.04,0.05,2.95,1.7,5.71,0.0,0.09,0.09,0.0,0.09,0.02,0.04,0.05,0.02,0.05,11.2,25.3,14.9,9.2,0.54,31.9,16.9,11.1,2.05,79.3,88.4,83.1,26.1,373.7,96.3,25.3,14.9,9.2,0.54,31.9,16.9,11.1,2.05,79.3,88.4,83.1,26.1,25.3,14.9,9.2,0.54,31.9,16.9,11.1,2.05,79.3,88.4,83.1,26.1,25.3,14.9,9.2,0.54,31.9,16.9,11.1,2.05,79.3,88.4,83.1,26.1,0.09,0.04,0.05,0.54,0.89,0.63,0.54,0.0,0.54,0.18,33.3,0.53,0.18,0.0,0.0,13.9,0.0,0.0,0.0,0.03,-0.02,-0.02,43.4,2.77,13.0,17.0,13.8,2.23,43.4,1.52,47.2,1.61,50.0,25.0,1.25,1.43,0.98,26.2,2.05,0.8,1.25,2.05,0.8,50.0,0.8,0.89,0.63,0.27,2.32,2.5,0.0,1.34,1.33,0.09,0.0,0.09,0.09,0.0,0.0,0.18,0.18,0.09,0.0,0.09,0.09,0.0,0.0,0.0,1.7,1.61,0.0,2.23,0.27,1.25,0.0,0.0,0.0,4.2,0.63,30.4,,,,,,,,,,,,,,,,,,,,,,,,,,,,,Yuri Guboglo,"DF,FW",CF Montréal,18-259,,,,"[-0.68603763 -0.13336647 -0.74874061 -0.76490657 -0.72114864 -0.49464076
 -0.6938138  -0.55018928 -0.86469955 -1.17951038  1.05219792  0.58566672
 -1.13075971 -0.34647744]",0,-0.617455332038396,-0.7343819366572405
7846343728,1,2025,5,5,419,4.7,0.0,0.21,0.21,0.0,0.0,0.0,0.0,0.0,0.02,0.02,0.02,0.04,1.28,3.4,0.85,0.0,0.21,0.21,0.0,0.21,0.01,0.03,0.04,0.01,0.04,4.7,49.1,17.7,26.2,4.68,61.7,20.2,30.4,10.0,79.7,87.4,86.0,46.8,935.7,358.3,49.1,17.7,26.2,4.68,61.7,20.2,30.4,10.0,79.7,87.4,86.0,46.8,49.1,17.7,26.2,4.68,61.7,20.2,30.4,10.0,79.7,87.4,86.0,46.8,49.1,17.7,26.2,4.68,61.7,20.2,30.4,10.0,79.7,87.4,86.0,46.8,0.21,0.02,0.19,0.64,4.04,0.43,0.43,0.0,0.64,0.0,0.0,0.64,0.0,0.0,,16.5,0.0,0.0,0.0,0.02,-0.02,-0.02,74.9,7.66,34.9,34.3,6.17,1.06,74.9,0.43,33.3,0.85,66.7,45.1,0.43,1.06,0.43,47.4,2.13,1.49,1.7,2.13,1.49,77.8,0.43,1.06,0.64,0.85,2.98,5.74,0.0,1.7,1.71,0.21,0.0,0.21,0.0,0.0,0.0,0.43,0.43,0.21,0.0,0.21,0.0,0.0,0.0,0.0,0.64,0.64,0.21,0.43,0.85,1.7,0.0,0.0,0.0,2.55,2.98,63.6,,,,,,,,,,,,,,,,,,,,,,,,,,,,,Raul Gustavo,DF,NYCFC,26-224,,,,"[-0.68603763  0.75221336 -0.74874061 -0.76490657 -0.92851955 -1.25805588
 -0.59770219 -0.93520667  0.71451081 -0.23057878 -0.2833475   0.68980601
  0.0170386   0.01596626]",0,-1.7648935929614233,0.14490225239145604
3439502968,2,2025,29,24,2045,22.7,0.4,0.13,0.53,0.31,0.09,0.09,0.26,0.04,0.3,0.23,0.21,0.44,2.51,7.53,3.96,0.4,0.13,0.53,0.31,0.44,0.3,0.21,0.52,0.23,0.45,22.7,38.6,20.2,15.0,2.78,47.1,22.6,17.0,5.46,82.0,89.6,88.3,50.8,633.3,242.2,38.6,20.2,15.0,2.78,47.1,22.6,17.0,5.46,82.0,89.6,88.3,50.8,38.6,20.2,15.0,2.78,47.1,22.6,17.0,5.46,82.0,89.6,88.3,50.8,38.6,20.2,15.0,2.78,47.1,22.6,17.0,5.46,82.0,89.6,88.3,50.8,0.13,0.2,-0.08,2.25,5.02,2.03,0.13,0.4,2.91,1.19,40.9,2.9,1.19,0.11,0.26,22.5,0.09,0.09,0.09,0.08,0.09,0.07,60.2,1.15,10.9,30.6,20.0,3.35,60.1,1.67,44.7,1.85,49.4,34.9,0.84,1.98,1.1,44.1,1.72,0.66,0.97,1.72,0.66,50.0,0.66,1.1,0.88,0.93,2.64,0.44,0.0,5.33,5.33,0.26,0.04,0.44,0.0,0.13,0.0,0.57,0.57,0.26,0.04,0.44,0.0,0.13,0.0,0.0,1.5,1.63,0.04,0.93,0.93,0.97,0.04,0.0,0.0,5.77,0.26,50.0,,,,,,,,,,,,,,,,,,,,,,,,,,,,,Brian Gutiérrez,"MF,FW",Chicago Fire,22-170,Brian Gutiérrez,U22 Initiative,U22 Initiative,"[1.21815975 0.16182681 0.89511888 0.59005149 1.04150416 0.83875661
 1.58403147 1.61018609 0.01780036 2.07476681 0.70031769 0.15609218
 0.17535561 0.10124713]",-1,2.248063890589379,1.9382272242847878
1680201023,3,2025,34,34,2863,31.8,0.09,0.25,0.35,0.09,0.0,0.0,0.13,0.0,0.1,0.1,0.14,0.25,1.54,3.68,4.53,0.09,0.25,0.35,0.09,0.35,0.11,0.14,0.25,0.11,0.25,31.8,35.9,17.5,14.9,2.86,45.3,19.5,18.0,5.72,79.4,89.9,82.7,50.0,604.4,250.6,35.9,17.5,14.9,2.86,45.3,19.5,18.0,5.72,79.4,89.9,82.7,50.0,35.9,17.5,14.9,2.86,45.3,19.5,18.0,5.72,79.4,89.9,82.7,50.0,35.9,17.5,14.9,2.86,45.3,19.5,18.0,5.72,79.4,89.9,82.7,50.0,0.25,0.08,0.11,0.88,2.36,1.07,0.09,0.09,1.19,0.25,21.1,1.19,0.25,0.08,0.38,16.0,0.0,0.0,0.0,0.09,-0.01,-0.01,57.0,4.87,24.6,19.4,13.6,2.42,57.0,0.19,22.2,0.6,70.4,27.5,0.57,1.07,0.47,33.8,1.82,0.94,1.1,1.82,0.94,61.2,0.6,0.97,0.5,1.16,2.99,3.74,0.06,2.14,2.14,0.0,0.0,0.06,0.06,0.06,0.0,0.47,0.47,0.0,0.0,0.06,0.06,0.06,0.0,0.0,0.91,0.72,0.31,1.23,1.16,1.1,0.06,0.03,0.0,4.4,1.42,62.5,,,,,,,,,,,,,,,,,,,,,,,,,,,,,Andrew Gutman,DF,Chicago Fire,29-063,Andrew Gutman,,Standard,"[-0.25759322  1.04740663 -0.27906647 -0.24873207  0.31570595  1.89361061
 -0.0690883  -0.40046029 -0.16135376 -0.07428416 -0.07541828  0.28626628
  0.63051701 -0.1759157 ]",0,-0.30608407250155867,0.77290585306029
7095237663,1,2025,34,34,3008,33.4,0.03,0.12,0.15,0.03,0.0,0.0,0.18,0.0,0.03,0.03,0.06,0.1,1.02,4.22,0.84,0.03,0.12,0.15,0.03,0.15,0.03,0.06,0.1,0.03,0.1,33.4,51.5,18.7,28.9,2.96,58.5,20.3,31.1,5.3,87.9,91.9,93.0,55.9,917.7,341.0,51.5,18.7,28.9,2.96,58.5,20.3,31.1,5.3,87.9,91.9,93.0,55.9,51.5,18.7,28.9,2.96,58.5,20.3,31.1,5.3,87.9,91.9,93.0,55.9,51.5,18.7,28.9,2.96,58.5,20.3,31.1,5.3,87.9,91.9,93.0,55.9,0.12,0.06,0.06,0.36,3.32,0.24,0.0,0.03,0.45,0.15,33.3,0.45,0.15,0.07,0.2,14.5,0.0,0.0,0.0,0.07,-0.0,-0.0,69.9,8.2,32.5,33.3,4.49,0.9,69.9,0.48,59.3,0.3,37.0,42.5,0.09,0.99,0.75,48.0,1.5,0.69,0.78,1.5,0.69,54.8,0.57,1.68,0.81,1.35,2.84,4.04,0.03,0.84,0.84,0.0,0.0,0.03,0.0,0.0,0.0,0.21,0.21,0.0,0.0,0.03,0.0,0.0,0.0,0.0,1.14,1.05,0.03,0.09,1.35,0.78,0.0,0.03,0.03,4.49,1.08,51.4,,,,,,,,,,,,,,,,,,,,,,,,,,,,,Justin Haak,"DF,MF",NYCFC,24-083,Justin Haak,,Standard,"[-0.54322282  0.08802849 -0.69003135 -0.70038476 -0.51377772  2.08059574
 -0.78031426 -0.61435885  0.87375892  0.22714117 -0.49127673 -0.13029085
  1.00651991  1.33781977]",0,-2.170811010373966,0.3320862091266275
1520420520,2,2025,18,5,569,6.3,0.16,0.16,0.32,0.16,0.0,0.0,0.32,0.0,0.16,0.16,0.06,0.22,1.27,6.03,4.92,0.16,0.16,0.32,0.16,0.32,0.16,0.06,0.22,0.16,0.22,6.3,54.4,35.1,16.8,1.11,63.3,37.6,19.4,2.06,86.0,93.2,86.9,53.8,720.6,195.6,54.4,35.1,16.8,1.11,63.3,37.6,19.4,2.06,86.0,93.2,86.9,53.8,54.4,35.1,16.8,1.11,63.3,37.6,19.4,2.06,86.0,93.2,86.9,53.8,54.4,35.1,16.8,1.11,63.3,37.6,19.4,2.06,86.0,93.2,86.9,53.8,0.16,0.14,0.1,0.79,4.29,1.59,0.0,0.16,0.95,0.48,50.0,0.95,0.47,0.17,0.33,12.8,0.0,0.0,0.0,0.17,0.0,0.0,79.0,1.59,14.8,38.9,26.2,2.38,79.0,1.11,36.8,1.75,57.9,46.0,0.16,2.38,2.06,56.8,4.13,2.22,2.22,4.13,2.22,58.3,1.59,1.43,1.43,0.79,4.92,1.43,0.0,3.17,3.16,0.48,0.0,0.0,0.0,0.0,0.0,0.32,0.32,0.48,0.0,0.0,0.0,0.0,0.0,0.0,2.06,1.9,0.0,0.63,0.79,2.22,0.0,0.0,0.0,5.87,0.95,66.7,,,,,,,,,,,,,,,,,,,,,,,,,,,,,Taha Habroune,"MF,FW",Columbus Crew,19-302,Taha Habroune,Homegrown Player,Homegrown,"[ 0.07564132  0.38322176  0.07318913  0.13839881 -0.51377772 -1.06462299
 -0.29975618  0.09150638  1.06618371  1.23747422 -0.29134478  3.2932881
 -0.10169915  0.80481432]",0,-1.2245518255568064,1.619412106699206
6651302603,1,2025,22,16,1451,16.1,0.06,0.0,0.06,0.06,0.0,0.0,0.37,0.0,0.07,0.07,0.03,0.11,1.43,10.0,0.31,0.06,0.0,0.06,0.06,0.06,0.08,0.03,0.11,0.08,0.11,16.1,61.2,20.2,30.7,9.25,77.0,22.4,35.3,16.3,79.6,90.3,87.1,56.7,1260.4,568.1,61.2,20.2,30.7,9.25,77.0,22.4,35.3,16.3,79.6,90.3,87.1,56.7,61.2,20.2,30.7,9.25,77.0,22.4,35.3,16.3,79.6,90.3,87.1,56.7,61.2,20.2,30.7,9.25,77.0,22.4,35.3,16.3,79.6,90.3,87.1,56.7,0.0,0.06,-0.03,0.43,9.13,0.75,0.06,0.06,0.62,0.31,50.0,0.62,0.31,0.1,0.2,13.4,0.0,0.0,0.0,0.12,-0.01,-0.01,89.6,5.28,33.2,51.6,5.34,1.68,89.6,0.25,80.0,0.06,20.0,46.9,0.06,0.37,0.06,56.6,2.17,1.37,1.43,2.17,1.37,59.5,0.93,1.3,0.75,1.8,3.98,5.59,0.06,1.43,1.43,0.0,0.0,0.0,0.0,0.0,0.0,0.12,0.12,0.0,0.0,0.0,0.0,0.0,0.0,0.0,1.24,0.62,0.0,0.93,1.8,1.43,0.0,0.06,0.0,5.16,3.29,65.4,,,,,,,,,,,,,,,,,,,,,,,,,,,,,Alexander Hack,DF,NY Red Bulls,32-087,Alexander Hack,TAM Player,TAM Player,"[-0.40040802 -0.79755134 -0.45519428 -0.44229751 -0.8248341   0.07276238
 -0.61692451 -0.27212116  1.51738667  3.4535086  -0.16338833  0.74187565
  1.89705308  0.52765149]",0,-2.607535055828248,1.9984753722189206
1478134613,2,2025,20,9,953,10.6,0.0,0.0,0.0,0.0,0.0,0.0,0.28,0.0,0.01,0.01,0.0,0.01,0.28,2.92,0.57,0.0,0.0,0.0,0.0,0.0,0.01,0.0,0.01,0.01,0.01,10.6,48.6,20.1,25.0,3.02,55.8,22.1,26.7,5.09,87.1,91.0,93.6,59.3,847.3,316.2,48.6,20.1,25.0,3.02,55.8,22.1,26.7,5.09,87.1,91.0,93.6,59.3,48.6,20.1,25.0,3.02,55.8,22.1,26.7,5.09,87.1,91.0,93.6,59.3,48.6,20.1,25.0,3.02,55.8,22.1,26.7,5.09,87.1,91.0,93.6,59.3,0.0,0.01,0.0,0.09,2.92,0.0,0.0,0.0,0.19,0.0,0.0,0.19,0.0,0.0,,14.7,0.0,0.0,0.0,0.03,-0.01,-0.01,70.8,6.98,36.2,31.9,3.11,0.47,70.8,0.09,50.0,0.09,50.0,35.2,0.0,0.85,0.19,42.8,2.55,1.23,1.13,2.55,1.23,76.5,0.38,1.32,0.47,2.36,4.91,6.23,0.0,0.38,0.38,0.0,0.0,0.0,0.0,0.0,0.0,0.0,0.0,0.0,0.0,0.0,0.0,0.0,0.0,0.0,1.32,0.66,0.0,0.09,2.36,1.13,0.0,0.09,0.0,4.25,1.98,55.3,,,,,,,,,,,,,,,,,,,,,,,,,,,,,Teenage Hadebe,DF,FC Cincinnati,30-078,Teenage Hadebe,TAM Player,TAM Player,"[-0.68603763 -0.79755134 -0.80744988 -0.82942838 -1.13589047 -0.56943481
 -1.03020445 -0.93520667  0.68133412 -0.49851241 -1.0830753   1.23653725
  3.00527215  0.57029193]",0,-3.468751930871269,-0.562935212505331
4585671675,1,2025,17,16,1163,12.9,0.08,0.0,0.08,0.08,0.0,0.0,0.16,0.0,0.08,0.08,0.02,0.09,0.54,3.8,0.31,0.08,0.0,0.08,0.08,0.08,0.08,0.02,0.09,0.08,0.09,12.9,49.7,15.5,29.7,4.03,57.4,16.6,32.2,7.52,86.5,93.5,92.3,53.6,939.1,404.4,49.7,15.5,29.7,4.03,57.4,16.6,32.2,7.52,86.5,93.5,92.3,53.6,49.7,15.5,29.7,4.03,57.4,16.6,32.2,7.52,86.5,93.5,92.3,53.6,49.7,15.5,29.7,4.03,57.4,16.6,32.2,7.52,86.5,93.5,92.3,53.6,0.0,0.02,-0.02,0.23,3.57,0.16,0.0,0.08,0.54,0.16,28.6,0.54,0.15,0.14,0.5,13.0,0.0,0.0,0.0,0.14,0.0,0.0,70.6,9.61,37.8,29.5,3.41,0.78,70.6,0.0,,0.0,,36.6,0.0,0.39,0.08,46.9,0.54,0.23,0.39,0.54,0.23,60.0,0.16,2.02,0.31,0.78,1.32,7.6,0.0,0.85,0.85,0.0,0.0,0.0,0.0,0.0,0.0,0.31,0.31,0.0,0.0,0.0,0.0,0.0,0.0,0.0,1.16,0.47,0.08,0.23,0.78,0.39,0.0,0.16,0.0,3.26,2.71,59.3,,,,,,,,,,,,,,,,,,,,,,,,,,,,,Nick Hagglund,DF,FC Cincinnati,33-081,Nick Hagglund,,Standard,"[-0.30519815 -0.79755134 -0.39648501 -0.37777569 -0.92851955 -0.29862876
 -0.6938138  -0.59296899  0.75432284 -0.00730076 -0.87514607 -1.37996226
 -0.12148878  2.06270718]",0,-1.7511980774678255,-1.1311385202825248
7746098266,2,2025,30,5,936,10.4,0.19,0.58,0.77,0.19,0.0,0.0,0.1,0.0,0.31,0.31,0.16,0.47,3.37,4.33,7.31,0.19,0.58,0.77,0.19,0.77,0.31,0.16,0.47,0.31,0.47,10.4,36.1,22.1,11.7,1.15,42.8,24.6,13.4,2.88,84.3,89.8,87.8,40.0,513.6,126.7,36.1,22.1,11.7,1.15,42.8,24.6,13.4,2.88,84.3,89.8,87.8,40.0,36.1,22.1,11.7,1.15,42.8,24.6,13.4,2.88,84.3,89.8,87.8,40.0,36.1,22.1,11.7,1.15,42.8,24.6,13.4,2.88,84.3,89.8,87.8,40.0,0.58,0.2,0.41,1.73,2.79,1.92,0.0,0.19,2.21,0.67,30.4,2.21,0.67,0.09,0.29,15.9,0.0,0.0,0.0,0.14,-0.12,-0.12,53.5,1.15,10.0,21.3,23.4,3.94,53.5,1.54,51.6,1.25,41.9,31.5,0.77,1.83,1.15,37.6,1.44,1.15,0.96,1.44,1.15,63.2,0.67,1.15,1.15,0.48,1.92,1.06,0.0,4.62,4.61,0.38,0.1,0.19,0.0,0.0,0.0,1.06,1.06,0.38,0.1,0.19,0.0,0.0,0.0,0.0,0.38,1.25,0.19,2.4,0.48,0.96,0.0,0.0,0.0,4.9,0.19,50.0,,,,,,,,,,,,,,,,,,,,,,,,,,,,,Maren Haile-Selassie,"FW,MF",Chicago Fire,26-266,Maren Haile-Selassie,,Standard,"[ 0.21845613  3.48275115  0.95382815  1.10622599  0.52307686 -0.5913572
  0.91125017  0.49791362 -0.14808308  0.28854262  1.3880836  -0.20839532
 -0.71517756  0.20784822]",-1,2.645765000305527,2.0585633024629986
29791539,1,2025,13,7,732,8.1,0.0,0.0,0.0,0.0,0.0,0.0,0.49,0.0,0.02,0.02,0.05,0.07,0.74,5.93,0.12,0.0,0.0,0.0,0.0,0.0,0.03,0.05,0.07,0.03,0.07,8.1,69.8,23.1,38.4,7.78,74.8,24.6,39.5,9.88,93.2,94.0,97.2,78.8,1390.5,434.1,69.8,23.1,38.4,7.78,74.8,24.6,39.5,9.88,93.2,94.0,97.2,78.8,69.8,23.1,38.4,7.78,74.8,24.6,39.5,9.88,93.2,94.0,97.2,78.8,69.8,23.1,38.4,7.78,74.8,24.6,39.5,9.88,93.2,94.0,97.2,78.8,0.0,0.06,-0.05,0.49,9.63,0.37,0.12,0.0,0.25,0.0,0.0,0.25,0.0,0.0,,7.9,0.0,0.0,0.0,0.1,-0.02,-0.02,82.8,6.91,35.3,42.5,5.68,1.11,82.8,0.37,75.0,0.12,25.0,52.2,0.0,0.37,0.49,62.8,0.86,0.62,0.49,0.86,0.62,55.6,0.49,0.74,0.25,0.74,1.6,3.58,0.25,0.99,0.98,0.0,0.0,0.0,0.0,0.0,0.0,0.0,0.0,0.0,0.0,0.0,0.0,0.0,0.0,0.0,0.86,0.37,0.0,0.37,0.74,0.49,0.0,0.0,0.0,5.68,1.73,51.9,,,,,,,,,,,,,,,,,,,,,,,,,,,,,Belal Halbouni,DF,Vancouver W'caps,25-340,Belal Halbouni,,Standard,"[-0.68603763 -0.79755134 -0.74874061 -0.76490657 -0.61746318 -0.85442592
 -0.97253749 -0.93520667  2.08802571  1.18165471 -0.71520052 -0.96340512
 -0.20064729 -0.66628071]",0,-2.213865507752124,0.0581032244131055
4255999584,3,2025,26,4,681,7.6,0.13,0.0,0.13,0.13,0.0,0.0,0.0,0.0,0.2,0.2,0.04,0.25,2.63,2.24,8.95,0.13,0.0,0.13,0.13,0.13,0.2,0.05,0.25,0.2,0.25,7.6,19.1,10.8,6.58,0.92,25.4,13.9,8.16,1.18,75.1,77.4,80.6,77.8,280.7,50.0,19.1,10.8,6.58,0.92,25.4,13.9,8.16,1.18,75.1,77.4,80.6,77.8,19.1,10.8,6.58,0.92,25.4,13.9,8.16,1.18,75.1,77.4,80.6,77.8,19.1,10.8,6.58,0.92,25.4,13.9,8.16,1.18,75.1,77.4,80.6,77.8,0.0,0.09,-0.04,0.66,2.11,0.26,0.26,0.13,2.11,0.66,31.3,2.11,0.66,0.06,0.2,13.8,0.0,0.0,0.0,0.1,-0.07,-0.07,37.0,0.26,3.42,13.9,20.0,4.61,37.0,1.71,50.0,1.45,42.3,23.2,1.71,3.42,1.18,26.8,0.92,0.13,0.39,0.92,0.13,16.7,0.66,0.79,0.79,0.66,1.58,0.26,0.0,3.03,3.03,0.39,0.0,0.39,0.13,0.13,0.0,0.26,0.26,0.39,0.0,0.39,0.13,0.13,0.0,0.0,1.32,1.71,0.13,0.79,0.66,0.39,0.13,0.0,0.0,1.97,1.05,30.8,,,,,,,,,,,,,,,,,,,,,,,,,,,,,Julian Hall,"FW,MF",NY Red Bulls,17-255,Julian Hall,Homegrown Player,Homegrown,"[-0.06717348 -0.79755134  0.3080262   0.39648606 -0.72114864 -0.92019311
  0.81513855  0.47652377 -1.27609048 -0.87808505  0.79628502 -0.88530066
 -0.35896429 -0.55967962]",0,1.3252433732657356,-1.5613250998525314
6827632464,1,2025,5,5,335,3.7,0.0,0.0,0.0,0.0,0.0,0.0,0.27,0.0,0.05,0.05,0.05,0.11,1.35,3.24,5.95,0.0,0.0,0.0,0.0,0.0,0.05,0.07,0.12,0.05,0.12,3.7,48.1,23.5,21.4,1.62,57.0,25.7,25.4,2.7,84.4,91.6,84.0,60.0,716.5,160.5,48.1,23.5,21.4,1.62,57.0,25.7,25.4,2.7,84.4,91.6,84.0,60.0,48.1,23.5,21.4,1.62,57.0,25.7,25.4,2.7,84.4,91.6,84.0,60.0,48.1,23.5,21.4,1.62,57.0,25.7,25.4,2.7,84.4,91.6,84.0,60.0,0.0,0.08,-0.05,0.81,2.97,0.54,0.27,0.0,0.54,0.0,0.0,0.54,0.0,0.0,,15.9,0.0,0.0,0.0,0.1,-0.05,-0.05,66.5,3.51,17.3,31.4,17.8,1.89,66.5,0.54,100.0,0.0,0.0,33.5,0.27,1.62,0.0,41.6,0.81,0.27,0.0,0.81,0.27,100.0,0.0,1.35,0.81,0.81,1.62,2.97,0.0,1.62,1.61,0.0,0.0,0.0,0.0,0.0,0.0,0.0,0.0,0.0,0.0,0.0,0.0,0.0,0.0,0.0,1.89,1.08,0.0,2.43,0.81,0.0,0.0,0.0,0.0,3.78,1.08,66.7,,,,,,,,,,,,,,,,,,,,,,,,,,,,,Aiden Harangi,DF,San Diego FC,19-299,,,,"[-0.68603763 -0.79755134 -0.57261281 -0.57134113 -0.61746318 -1.3663783
 -0.6938138  -0.93520667  0.64815744 -0.31988999 -0.22736656 -1.02849218
 -0.0621199   0.63425258]",0,-1.6583980849689859,-0.9331058902043344
328498140,2,2025,30,26,2145,23.8,0.13,0.08,0.21,0.13,0.0,0.0,0.29,0.04,0.07,0.07,0.15,0.22,0.88,4.62,2.02,0.13,0.08,0.21,0.13,0.21,0.07,0.15,0.22,0.07,0.22,23.8,36.6,17.8,15.2,2.31,43.8,19.9,17.2,3.61,83.5,89.2,88.0,64.0,588.7,164.2,36.6,17.8,15.2,2.31,43.8,19.9,17.2,3.61,83.5,89.2,88.0,64.0,36.6,17.8,15.2,2.31,43.8,19.9,17.2,3.61,83.5,89.2,88.0,64.0,36.6,17.8,15.2,2.31,43.8,19.9,17.2,3.61,83.5,89.2,88.0,64.0,0.08,0.13,-0.07,1.05,3.49,1.34,0.25,0.13,1.34,0.42,31.3,1.34,0.42,0.09,0.3,22.3,0.0,0.0,0.0,0.05,0.06,0.06,54.8,1.89,11.2,30.7,13.5,1.34,54.8,0.21,27.8,0.42,55.6,30.1,0.17,1.68,0.92,36.6,1.22,0.88,0.55,1.22,0.88,50.0,0.88,1.34,1.09,0.97,2.18,1.47,0.04,2.9,2.9,0.0,0.0,0.08,0.0,0.04,0.0,0.21,0.21,0.0,0.0,0.08,0.0,0.04,0.0,0.04,1.55,1.34,0.04,0.55,0.97,0.55,0.0,0.04,0.0,4.41,1.01,52.2,,,,,,,,,,,,,,,,,,,,,,,,,,,,,Ian Harkes,MF,SJ Earthquakes,30-249,Ian Harkes,,Standard,"[-0.06717348 -0.20716479 -0.45519428 -0.44229751  0.41939141  0.96771187
  0.07507912 -0.03683276 -0.11490639  0.45041919 -0.60323862 -0.49477835
  0.25451412  0.61293236]",0,-0.5028581441002382,0.17481443070350053
1534736783,3,2025,12,8,668,7.4,0.41,0.27,0.68,0.41,0.0,0.0,0.27,0.0,0.35,0.35,0.2,0.55,5.54,2.84,9.86,0.4,0.27,0.67,0.4,0.67,0.35,0.2,0.55,0.35,0.55,7.4,26.9,13.6,11.1,1.22,40.9,15.9,16.8,4.19,65.7,85.6,66.1,29.0,416.4,122.4,26.9,13.6,11.1,1.22,40.9,15.9,16.8,4.19,65.7,85.6,66.1,29.0,26.9,13.6,11.1,1.22,40.9,15.9,16.8,4.19,65.7,85.6,66.1,29.0,26.9,13.6,11.1,1.22,40.9,15.9,16.8,4.19,65.7,85.6,66.1,29.0,0.27,0.11,0.07,0.95,1.49,0.81,0.41,0.41,2.57,0.68,26.3,2.56,0.67,0.16,0.6,16.6,0.0,0.0,0.0,0.14,0.05,0.05,53.0,0.54,8.11,20.3,25.8,5.0,53.0,2.16,51.6,1.76,41.9,33.6,1.08,2.84,0.95,36.6,1.22,0.68,0.95,1.22,0.68,38.5,1.08,0.54,0.54,0.27,1.49,0.68,0.0,3.11,3.1,0.54,0.14,0.54,0.14,0.14,0.0,0.41,0.4,0.54,0.14,0.54,0.14,0.14,0.0,0.0,2.03,2.3,0.27,4.59,0.27,0.95,0.14,0.0,0.0,4.59,0.41,27.3,,,,,,,,,,,,,,,,,,,,,,,,,,,,,Cameron Harper,"DF,MF",NY Red Bulls,24-015,Cameron Harper,,Standard,"[ 1.26576468  1.19500327  1.18866522  1.36431324  0.9378187  -0.93695729
  1.25725198  0.51930348 -0.75853415 -0.54316801  3.12349292 -0.49477835
 -1.13075971 -1.09268507]",-1,3.948399233548367,0.9646039981884591
2330729995,1,2025,25,23,2099,23.3,0.09,0.0,0.09,0.09,0.0,0.0,0.3,0.0,0.08,0.08,0.03,0.1,0.56,3.0,2.1,0.09,0.0,0.09,0.09,0.09,0.08,0.03,0.11,0.08,0.11,23.3,31.6,16.1,12.9,2.06,41.5,18.6,16.4,4.68,76.1,86.4,78.8,44.0,520.6,220.6,31.6,16.1,12.9,2.06,41.5,18.6,16.4,4.68,76.1,86.4,78.8,44.0,31.6,16.1,12.9,2.06,41.5,18.6,16.4,4.68,76.1,86.4,78.8,44.0,31.6,16.1,12.9,2.06,41.5,18.6,16.4,4.68,76.1,86.4,78.8,44.0,0.0,0.04,-0.03,0.47,2.96,0.39,0.17,0.09,0.56,0.17,30.8,0.56,0.17,0.15,0.5,12.0,0.0,0.0,0.0,0.14,0.01,0.01,56.3,5.15,20.1,26.5,9.91,1.29,56.3,0.3,41.2,0.3,41.2,24.9,0.0,0.99,0.6,27.3,1.67,0.6,0.99,1.67,0.6,58.3,0.43,1.55,1.2,2.62,4.29,5.71,0.04,1.16,1.16,0.0,0.0,0.09,0.0,0.04,0.0,0.0,0.0,0.0,0.0,0.09,0.0,0.04,0.0,0.0,1.16,1.89,0.0,0.77,2.62,0.99,0.0,0.0,0.0,3.99,2.36,63.2,,,,,,,,,,,,,,,,,,,,,,,,,,,,,Nathan Harriel,DF,Philadelphia Union,24-225,Nathan Harriel,,Standard,"[-0.25759322 -0.79755134 -0.39648501 -0.37777569 -0.8248341   0.90839245
 -0.67459148 -0.57157913 -0.44667328 -0.4538568  -0.85915152  0.09100513
  3.51980243  1.06065694]",0,-2.35243121100707,-0.8537286444181209
580249202,2,2025,27,13,1334,14.8,0.34,0.07,0.41,0.34,0.0,0.0,0.14,0.0,0.34,0.34,0.07,0.43,3.11,1.62,5.95,0.34,0.07,0.4,0.34,0.4,0.35,0.08,0.42,0.35,0.42,14.8,17.5,11.5,4.59,0.41,22.0,13.1,5.81,0.88,79.4,87.6,79.1,46.2,232.1,53.0,17.5,11.5,4.59,0.41,22.0,13.1,5.81,0.88,79.4,87.6,79.1,46.2,17.5,11.5,4.59,0.41,22.0,13.1,5.81,0.88,79.4,87.6,79.1,46.2,17.5,11.5,4.59,0.41,22.0,13.1,5.81,0.88,79.4,87.6,79.1,46.2,0.07,0.07,-0.01,0.81,0.54,0.95,0.27,0.34,2.16,0.61,28.1,2.16,0.61,0.16,0.56,14.0,0.0,0.0,0.0,0.16,-0.01,-0.01,34.1,1.49,4.32,11.2,19.0,4.19,34.1,0.88,43.3,0.88,43.3,21.5,1.42,2.36,1.28,23.0,1.08,0.47,0.68,1.08,0.47,36.8,0.81,0.95,0.74,0.27,1.35,0.95,0.0,2.5,2.5,0.07,0.0,0.47,0.0,0.0,0.0,0.2,0.2,0.07,0.0,0.47,0.0,0.0,0.0,0.0,0.68,2.57,0.34,1.76,0.27,0.68,0.0,0.0,0.0,3.51,0.54,28.6,,,,,,,,,,,,,,,,,,,,,,,,,,,,,Calvin Harris,"FW,MF",Colorado Rapids,25-259,Calvin Harris,,Standard,"[ 0.93253014 -0.28096311  1.12995595  1.29979143 -0.41009226 -0.07811527
  0.86319436  0.36957449 -1.38225589 -1.22416598  1.18015437 -0.67702209
 -1.13075971 -0.21855613]",0,2.6624105262137356,-1.4634145181976443
6668991288,1,2025,34,34,3022,33.6,0.27,0.12,0.39,0.24,0.03,0.03,0.03,0.0,0.22,0.2,0.29,0.49,2.14,5.63,5.6,0.27,0.12,0.39,0.24,0.36,0.22,0.29,0.51,0.2,0.49,33.6,36.4,18.7,12.8,3.18,47.7,20.9,15.7,6.9,76.3,89.6,81.5,46.1,582.0,202.7,36.4,18.7,12.8,3.18,47.7,20.9,15.7,6.9,76.3,89.6,81.5,46.1,36.4,18.7,12.8,3.18,47.7,20.9,15.7,6.9,76.3,89.6,81.5,46.1,36.4,18.7,12.8,3.18,47.7,20.9,15.7,6.9,76.3,89.6,81.5,46.1,0.12,0.27,-0.17,2.95,3.24,1.67,0.39,0.27,2.2,0.74,33.8,2.2,0.74,0.11,0.32,17.4,0.06,0.03,0.03,0.09,0.05,0.04,56.4,1.4,8.69,25.2,23.2,3.54,56.3,0.68,34.8,1.19,60.6,32.6,0.51,1.46,0.68,39.1,0.6,0.24,0.45,0.6,0.24,29.6,0.57,0.6,0.48,0.8,1.4,0.74,0.0,5.33,5.33,0.21,0.03,0.12,0.0,0.0,0.0,0.3,0.3,0.21,0.03,0.12,0.0,0.0,0.0,0.0,0.36,0.54,0.12,5.71,0.8,0.45,0.0,0.0,0.0,3.6,0.12,22.2,,,,,,,,,,,,,,,,,,,,,,,,,,,,,Marcel Hartel,"MF,FW",St. Louis,29-319,Marcel Hartel,Designated Player,Designated Player,"[ 0.5992956   0.08802849  0.42544474  0.39648606  1.87098783  2.09864947
  0.90163901  0.64764261 -0.12817707  1.0141962   0.4044184  -1.3018578
 -0.08190953 -0.96476376]",0,2.01702652772377,1.176155524097998
1350823303,1,2025,25,16,1526,17.0,0.12,0.06,0.18,0.12,0.0,0.0,0.12,0.0,0.08,0.08,0.06,0.15,0.65,2.18,1.82,0.12,0.06,0.18,0.12,0.18,0.08,0.06,0.15,0.08,0.15,17.0,30.5,16.5,11.5,1.82,37.8,18.5,13.6,3.47,80.7,89.5,84.1,52.5,478.6,176.8,30.5,16.5,11.5,1.82,37.8,18.5,13.6,3.47,80.7,89.5,84.1,52.5,30.5,16.5,11.5,1.82,37.8,18.5,13.6,3.47,80.7,89.5,84.1,52.5,30.5,16.5,11.5,1.82,37.8,18.5,13.6,3.47,80.7,89.5,84.1,52.5,0.06,0.05,0.0,0.59,2.18,0.41,0.06,0.12,1.24,0.59,47.6,1.24,0.59,0.1,0.2,17.2,0.0,0.0,0.0,0.07,0.04,0.04,54.1,5.76,23.6,21.6,9.65,2.53,54.1,0.82,40.0,1.0,48.6,25.5,0.18,1.29,0.47,30.2,3.06,1.65,1.71,3.06,1.65,62.2,1.0,1.59,0.88,1.35,4.41,4.24,0.0,1.24,1.24,0.0,0.0,0.06,0.0,0.06,0.0,0.06,0.06,0.0,0.0,0.06,0.0,0.06,0.0,0.0,1.47,1.29,0.18,0.18,1.35,1.71,0.0,0.0,0.0,4.59,2.29,46.4,,,,,,,,,,,,,,,,,,,,,,,,,,,,,Carlos Harvey,"DF,MF",Minnesota Utd,25-304,Carlos Harvey,,Standard,"[-0.11477841 -0.35476143 -0.39648501 -0.37777569 -0.51377772  0.16947882
 -0.0210325   0.32679478 -0.51966199 -0.91157675 -0.78717602  1.90042518
  1.00651991  1.14593781]",0,-1.2053115443960742,-0.5162830928563522
6344774100,3,2025,16,11,723,8.0,0.13,0.0,0.13,0.13,0.0,0.0,0.38,0.0,0.1,0.1,0.13,0.23,1.75,6.13,3.75,0.12,0.0,0.12,0.12,0.12,0.1,0.12,0.22,0.1,0.22,8.0,30.5,15.0,12.1,3.0,39.6,18.1,15.4,4.0,77.0,82.8,78.9,75.0,536.6,177.5,30.5,15.0,12.1,3.0,39.6,18.1,15.4,4.0,77.0,82.8,78.9,75.0,30.5,15.0,12.1,3.0,39.6,18.1,15.4,4.0,77.0,82.8,78.9,75.0,30.5,15.0,12.1,3.0,39.6,18.1,15.4,4.0,77.0,82.8,78.9,75.0,0.0,0.19,-0.13,1.5,3.5,1.38,0.0,0.13,1.63,0.25,15.4,1.62,0.25,0.08,0.5,16.1,0.0,0.0,0.0,0.06,0.03,0.03,48.4,1.75,8.5,26.8,13.8,2.38,48.4,0.38,37.5,0.38,37.5,29.0,0.38,1.0,1.25,34.1,2.13,0.38,1.5,2.13,0.38,37.5,0.63,0.5,0.5,1.0,3.13,1.25,0.0,3.88,3.85,0.0,0.0,0.13,0.0,0.13,0.0,0.38,0.37,0.0,0.0,0.13,0.0,0.13,0.0,0.0,1.38,1.88,0.13,0.63,1.0,1.5,0.0,0.0,0.0,4.88,0.88,58.3,,,,,,,,,,,,,,,,,,,,,,,,,,,,,Fabian Herbers,"MF,FW",CF Montréal,32-109,Fabian Herbers,,Standard,"[-0.06717348 -0.79755134 -0.27906647 -0.24873207  0.21202049 -0.8660319
  0.3538028  -0.40046029 -0.51966199  1.29329373  0.09252456  0.68980601
  0.31388299 -1.17796594]",0,-0.24411528359853335,0.5542932453778641
6174767228,1,2025,21,16,1316,14.6,0.07,0.07,0.14,0.07,0.0,0.0,0.21,0.0,0.03,0.03,0.11,0.14,1.71,3.7,5.21,0.07,0.07,0.14,0.07,0.14,0.03,0.11,0.14,0.03,0.14,14.6,45.8,24.3,17.3,3.42,56.9,26.7,20.6,6.92,80.5,91.0,84.1,49.5,740.1,244.0,45.8,24.3,17.3,3.42,56.9,26.7,20.6,6.92,80.5,91.0,84.1,49.5,45.8,24.3,17.3,3.42,56.9,26.7,20.6,6.92,80.5,91.0,84.1,49.5,45.8,24.3,17.3,3.42,56.9,26.7,20.6,6.92,80.5,91.0,84.1,49.5,0.07,0.14,-0.04,0.89,2.81,0.75,0.48,0.07,0.48,0.14,28.6,0.48,0.14,0.14,0.5,15.7,0.0,0.0,0.0,0.07,0.03,0.03,67.3,3.84,22.5,28.2,17.1,1.44,67.3,0.21,42.9,0.21,42.9,37.1,0.07,1.58,0.62,42.9,1.71,1.03,1.03,1.71,1.03,48.4,1.1,0.89,0.55,1.37,3.08,3.42,0.0,1.64,1.64,0.0,0.0,0.07,0.0,0.07,0.0,0.14,0.14,0.0,0.0,0.07,0.0,0.07,0.0,0.0,1.1,1.1,0.07,3.08,1.37,1.03,0.0,0.0,0.0,4.04,1.1,51.6,,,,,,,,,,,,,,,,,,,,,,,,,,,,,Ronald Hernández,DF,Atlanta Utd,28-074,Ronald Hernández,,Standard,"[-0.35280309 -0.28096311 -0.69003135 -0.70038476  0.00464957 -0.10132722
 -0.75148077 -0.6357487   0.49554467 -0.06312026  0.06053545  0.14307477
  1.04609916 -0.34647744]",0,-1.5268065309923735,0.2215563042296866
9803878661,3,2025,26,24,2066,23.0,0.0,0.09,0.09,0.0,0.0,0.0,0.43,0.09,0.03,0.03,0.13,0.16,1.7,3.96,3.26,0.0,0.09,0.09,0.0,0.09,0.03,0.12,0.16,0.03,0.16,23.0,37.6,13.8,16.4,6.83,50.0,16.2,20.1,11.4,75.2,85.2,81.4,59.9,769.0,281.0,37.6,13.8,16.4,6.83,50.0,16.2,20.1,11.4,75.2,85.2,81.4,59.9,37.6,13.8,16.4,6.83,50.0,16.2,20.1,11.4,75.2,85.2,81.4,59.9,37.6,13.8,16.4,6.83,50.0,16.2,20.1,11.4,75.2,85.2,81.4,59.9,0.09,0.18,-0.04,1.57,2.3,1.61,0.83,0.0,0.7,0.17,25.0,0.7,0.17,0.0,0.0,23.6,0.09,0.0,0.0,0.05,-0.03,-0.03,60.3,3.39,18.3,25.9,16.7,1.13,60.3,0.7,44.4,0.83,52.8,30.8,0.39,0.91,0.61,33.1,1.57,1.13,0.87,1.57,1.13,70.3,0.48,1.26,0.83,1.22,2.78,2.87,0.09,3.26,3.27,0.04,0.04,0.0,0.0,0.04,0.0,0.3,0.3,0.04,0.04,0.0,0.0,0.04,0.0,0.04,1.22,0.48,0.04,5.17,1.22,0.87,0.0,0.0,0.0,4.13,1.43,62.3,,,,,,,,,,,,,,,,,,,,,,,,,,,,,Aaron Herrera,"DF,MF",D.C. United,28-181,Aaron Herrera,TAM Player,TAM Player,"[-0.68603763 -0.13336647 -0.69003135 -0.70038476  0.21202049  0.86583721
 -0.54003522 -0.57157913 -0.04855302  0.08201045  0.05253817 -0.03916898
  0.74925477  0.44237062]",0,-1.3725374949329199,0.35540389292006336
6356687176,1,2025,20,15,1369,15.2,0.26,0.13,0.39,0.26,0.0,0.0,0.07,0.0,0.19,0.19,0.14,0.34,1.84,4.34,9.8,0.26,0.13,0.39,0.26,0.39,0.19,0.15,0.34,0.19,0.34,15.2,33.8,21.2,10.3,1.32,43.6,24.2,13.3,3.29,77.4,87.5,77.7,40.0,475.5,186.6,33.8,21.2,10.3,1.32,43.6,24.2,13.3,3.29,77.4,87.5,77.7,40.0,33.8,21.2,10.3,1.32,43.6,24.2,13.3,3.29,77.4,87.5,77.7,40.0,33.8,21.2,10.3,1.32,43.6,24.2,13.3,3.29,77.4,87.5,77.7,40.0,0.13,0.18,-0.01,1.05,3.36,1.45,0.53,0.26,1.58,0.46,29.2,1.58,0.46,0.17,0.57,17.1,0.07,0.0,0.0,0.12,0.07,0.07,55.5,1.58,11.1,22.2,22.4,3.68,55.5,0.66,58.8,0.46,41.2,32.2,0.86,0.92,0.59,38.6,2.11,0.92,1.45,2.11,0.92,50.0,0.92,2.11,1.84,1.32,3.42,2.3,0.0,2.17,2.17,0.13,0.0,0.0,0.0,0.07,0.0,0.26,0.26,0.13,0.0,0.0,0.0,0.07,0.0,0.0,1.32,0.99,1.05,2.76,1.32,1.45,0.0,0.0,0.0,2.04,0.72,39.3,,,,,,,,,,,,,,,,,,,,,,,,,,,,,Marcelo Herrera,DF,Columbus Crew,27-031,,,,"[ 0.55169067  0.16182681  0.24931693  0.33196424  0.31570595 -0.03298093
  0.30574699  0.04872667 -0.30069585  0.29412457  0.16450006  0.66377119
  0.94715103  2.25458914]",0,-0.12015003926680613,0.6918552301319263
6578617570,1,2025,10,9,803,8.9,1.01,0.22,1.24,1.01,0.0,0.0,0.0,0.0,0.6,0.6,0.33,0.93,3.71,4.83,4.61,1.01,0.22,1.23,1.01,1.23,0.59,0.33,0.93,0.59,0.93,8.9,27.2,15.3,7.87,2.36,34.2,17.0,9.1,5.17,79.6,90.1,86.4,45.7,409.1,131.7,27.2,15.3,7.87,2.36,34.2,17.0,9.1,5.17,79.6,90.1,86.4,45.7,27.2,15.3,7.87,2.36,34.2,17.0,9.1,5.17,79.6,90.1,86.4,45.7,27.2,15.3,7.87,2.36,34.2,17.0,9.1,5.17,79.6,90.1,86.4,45.7,0.22,0.26,-0.1,3.71,2.58,1.91,0.0,1.01,3.93,2.13,54.3,3.92,2.13,0.26,0.47,18.1,0.22,0.0,0.0,0.15,0.42,0.42,45.3,0.45,2.25,16.4,27.3,4.94,45.3,2.02,42.9,2.13,45.2,27.4,1.35,1.69,2.25,33.9,0.67,0.34,0.56,0.67,0.34,42.9,0.45,0.11,0.11,0.0,0.67,0.45,0.0,6.07,6.05,0.34,0.11,0.45,0.11,0.0,0.0,0.79,0.78,0.34,0.11,0.45,0.11,0.0,0.0,0.0,0.34,1.8,0.45,4.04,0.0,0.56,0.11,0.0,0.0,2.81,0.22,40.0,,,,,,,,,,,,,,,,,,,,,,,,,,,,,Son Heung-min,FW,LAFC,33-149,,,,"[ 4.12206074  0.82601168  2.65639691  2.97735855  2.28572966 -0.76286769
  2.56436995  3.62083248 -0.73862813  0.56764015  1.65999105 -1.21073592
 -1.66507962 -2.00945443]",-1,7.916235117055704,0.8637500377488365
4839683244,3,2025,18,8,821,9.1,0.0,0.0,0.0,0.0,0.0,0.0,0.55,0.11,0.04,0.04,0.02,0.07,2.2,4.73,2.97,0.0,0.0,0.0,0.0,0.0,0.04,0.02,0.06,0.04,0.06,9.1,54.3,26.4,21.6,4.95,64.2,28.5,25.4,8.13,84.6,92.7,85.3,60.8,940.1,308.5,54.3,26.4,21.6,4.95,64.2,28.5,25.4,8.13,84.6,92.7,85.3,60.8,54.3,26.4,21.6,4.95,64.2,28.5,25.4,8.13,84.6,92.7,85.3,60.8,54.3,26.4,21.6,4.95,64.2,28.5,25.4,8.13,84.6,92.7,85.3,60.8,0.0,0.03,-0.02,0.44,3.08,0.44,0.22,0.0,0.77,0.33,42.9,0.77,0.33,0.0,0.0,23.6,0.0,0.0,0.0,0.06,-0.04,-0.04,74.8,5.05,28.6,35.1,11.5,0.88,74.8,0.22,50.0,0.11,25.0,41.9,0.44,0.66,0.33,48.7,2.09,1.32,1.21,2.09,1.32,46.2,1.54,1.1,0.44,0.88,2.97,4.4,0.11,1.87,1.86,0.0,0.0,0.0,0.0,0.0,0.0,0.11,0.11,0.0,0.0,0.0,0.0,0.0,0.0,0.11,1.21,0.77,0.0,0.77,0.88,1.21,0.0,0.0,0.0,3.63,0.77,50.0,,,,,,,,,,,,,,,,,,,,,,,,,,,,,Bode Hidalgo,DF,CF Montréal,23-285,Bode Hidalgo,,Standard,"[-0.68603763 -0.79755134 -0.63132208 -0.63586294 -0.92851955 -0.73965575
 -0.47275709 -0.22934145  1.05954837  0.51182065  0.45240207  0.63773637
  0.07640748  0.10124713]",0,-1.7250604366710605,0.22576103388644705
4839683244,4,2025,18,8,821,9.1,0.0,0.0,0.0,0.0,0.0,0.0,0.55,0.11,0.04,0.04,0.02,0.07,2.2,4.73,2.97,0.0,0.0,0.0,0.0,0.0,0.04,0.02,0.06,0.04,0.06,9.1,54.3,26.4,21.6,4.95,64.2,28.5,25.4,8.13,84.6,92.7,85.3,60.8,940.1,308.5,54.3,26.4,21.6,4.95,64.2,28.5,25.4,8.13,84.6,92.7,85.3,60.8,54.3,26.4,21.6,4.95,64.2,28.5,25.4,8.13,84.6,92.7,85.3,60.8,54.3,26.4,21.6,4.95,64.2,28.5,25.4,8.13,84.6,92.7,85.3,60.8,0.0,0.03,-0.02,0.44,3.08,0.44,0.22,0.0,0.77,0.33,42.9,0.77,0.33,0.0,0.0,23.6,0.0,0.0,0.0,0.06,-0.04,-0.04,74.8,5.05,28.6,35.1,11.5,0.88,74.8,0.22,50.0,0.11,25.0,41.9,0.44,0.66,0.33,48.7,2.09,1.32,1.21,2.09,1.32,46.2,1.54,1.1,0.44,0.88,2.97,4.4,0.11,1.87,1.86,0.0,0.0,0.0,0.0,0.0,0.0,0.11,0.11,0.0,0.0,0.0,0.0,0.0,0.0,0.11,1.21,0.77,0.0,0.77,0.88,1.21,0.0,0.0,0.0,3.63,0.77,50.0,,,,,,,,,,,,,,,,,,,,,,,,,,,,,Bode Hidalgo,DF,CF Montréal,23-285,Bode Hidalgo,,Standard,"[-0.68603763 -0.79755134 -0.63132208 -0.63586294 -0.92851955 -0.73965575
 -0.47275709 -0.22934145  1.05954837  0.51182065  0.45240207  0.63773637
  0.07640748  0.10124713]",0,-1.7250604366710605,0.22576103388644705
4839683244,3,2025,6,4,349,3.9,0.0,0.0,0.0,0.0,0.0,0.0,0.26,0.0,0.05,0.05,0.05,0.1,1.28,3.59,2.05,0.0,0.0,0.0,0.0,0.0,0.05,0.06,0.11,0.05,0.11,3.9,40.3,16.9,17.9,3.59,48.5,19.2,21.0,5.38,83.1,88.0,85.4,66.7,690.8,249.2,40.3,16.9,17.9,3.59,48.5,19.2,21.0,5.38,83.1,88.0,85.4,66.7,40.3,16.9,17.9,3.59,48.5,19.2,21.0,5.38,83.1,88.0,85.4,66.7,40.3,16.9,17.9,3.59,48.5,19.2,21.0,5.38,83.1,88.0,85.4,66.7,0.0,0.08,-0.05,0.51,3.59,1.03,0.0,0.0,0.51,0.26,50.0,0.52,0.26,0.0,0.0,16.9,0.0,0.0,0.0,0.09,-0.05,-0.05,59.0,2.56,19.0,27.9,12.1,0.26,59.0,0.77,33.3,1.54,66.7,34.6,0.0,1.28,0.0,37.4,2.56,1.28,1.03,2.56,1.28,55.6,1.03,0.51,0.26,0.77,3.33,1.28,0.0,1.54,1.55,0.0,0.0,0.0,0.0,0.0,0.0,0.26,0.26,0.0,0.0,0.0,0.0,0.0,0.0,0.0,1.28,1.03,0.0,0.77,0.77,1.03,0.0,0.0,0.0,4.1,0.26,50.0,,,,,,,,,,,,,,,,,,,,,,,,,,,,,Bode Hidalgo,DF,CF Montréal,23-285,Bode Hidalgo,,Standard,"[-0.68603763 -0.79755134 -0.57261281 -0.57134113 -0.61746318 -1.34832456
 -0.72264729 -0.37907044  0.1306011  -0.12452172 -0.2833475   1.24955466
 -0.14127841 -1.15664572]",0,-1.3853309632762343,-0.4613335908111388
4839683244,4,2025,6,4,349,3.9,0.0,0.0,0.0,0.0,0.0,0.0,0.26,0.0,0.05,0.05,0.05,0.1,1.28,3.59,2.05,0.0,0.0,0.0,0.0,0.0,0.05,0.06,0.11,0.05,0.11,3.9,40.3,16.9,17.9,3.59,48.5,19.2,21.0,5.38,83.1,88.0,85.4,66.7,690.8,249.2,40.3,16.9,17.9,3.59,48.5,19.2,21.0,5.38,83.1,88.0,85.4,66.7,40.3,16.9,17.9,3.59,48.5,19.2,21.0,5.38,83.1,88.0,85.4,66.7,40.3,16.9,17.9,3.59,48.5,19.2,21.0,5.38,83.1,88.0,85.4,66.7,0.0,0.08,-0.05,0.51,3.59,1.03,0.0,0.0,0.51,0.26,50.0,0.52,0.26,0.0,0.0,16.9,0.0,0.0,0.0,0.09,-0.05,-0.05,59.0,2.56,19.0,27.9,12.1,0.26,59.0,0.77,33.3,1.54,66.7,34.6,0.0,1.28,0.0,37.4,2.56,1.28,1.03,2.56,1.28,55.6,1.03,0.51,0.26,0.77,3.33,1.28,0.0,1.54,1.55,0.0,0.0,0.0,0.0,0.0,0.0,0.26,0.26,0.0,0.0,0.0,0.0,0.0,0.0,0.0,1.28,1.03,0.0,0.77,0.77,1.03,0.0,0.0,0.0,4.1,0.26,50.0,,,,,,,,,,,,,,,,,,,,,,,,,,,,,Bode Hidalgo,DF,CF Montréal,23-285,Bode Hidalgo,,Standard,"[-0.68603763 -0.79755134 -0.57261281 -0.57134113 -0.61746318 -1.34832456
 -0.72264729 -0.37907044  0.1306011  -0.12452172 -0.2833475   1.24955466
 -0.14127841 -1.15664572]",0,-1.3853309632762343,-0.4613335908111388
2591821041,1,2025,22,19,1692,18.8,0.05,0.05,0.11,0.05,0.0,0.0,0.16,0.0,0.06,0.06,0.02,0.08,0.64,3.3,0.9,0.05,0.05,0.11,0.05,0.11,0.06,0.02,0.08,0.06,0.08,18.8,38.9,17.3,18.5,2.55,47.0,18.8,20.9,5.53,82.8,91.8,88.3,46.2,674.9,245.6,38.9,17.3,18.5,2.55,47.0,18.8,20.9,5.53,82.8,91.8,88.3,46.2,38.9,17.3,18.5,2.55,47.0,18.8,20.9,5.53,82.8,91.8,88.3,46.2,38.9,17.3,18.5,2.55,47.0,18.8,20.9,5.53,82.8,91.8,88.3,46.2,0.05,0.04,0.04,0.27,2.39,0.32,0.11,0.05,0.21,0.05,25.0,0.21,0.05,0.25,1.0,8.3,0.0,0.0,0.0,0.29,-0.01,-0.01,57.8,6.22,27.1,25.1,5.9,0.69,57.8,0.21,57.1,0.16,42.9,30.2,0.05,0.48,0.48,35.4,1.12,0.53,0.43,1.12,0.53,66.7,0.27,1.81,0.8,0.48,1.6,4.89,0.0,0.64,0.64,0.0,0.0,0.0,0.0,0.0,0.0,0.11,0.11,0.0,0.0,0.0,0.0,0.0,0.0,0.0,0.8,0.32,0.05,0.59,0.48,0.43,0.0,0.0,0.0,3.72,1.33,49.0,,,,,,,,,,,,,,,,,,,,,,,,,,,,,Kyle Hiebert,DF,St. Louis,28-127,Kyle Hiebert,,Standard,"[-0.44801295 -0.42855974 -0.51390354 -0.50681932 -0.92851955  0.38354455
 -1.01098213 -0.8282574   0.03770637 -0.28639829 -0.7951733  -0.62495245
 -0.71517756  1.6149826 ]",0,-1.6675614187857621,-1.1138762039383039
3080978774,2,2025,31,31,2761,30.7,0.0,0.03,0.03,0.0,0.0,0.0,0.13,0.03,0.04,0.04,0.02,0.06,0.42,1.92,0.07,0.0,0.03,0.03,0.0,0.03,0.04,0.02,0.06,0.04,0.06,30.7,43.8,12.3,27.2,3.97,48.0,12.7,28.6,6.16,91.1,96.7,95.1,64.6,859.3,301.0,43.8,12.3,27.2,3.97,48.0,12.7,28.6,6.16,91.1,96.7,95.1,64.6,43.8,12.3,27.2,3.97,48.0,12.7,28.6,6.16,91.1,96.7,95.1,64.6,43.8,12.3,27.2,3.97,48.0,12.7,28.6,6.16,91.1,96.7,95.1,64.6,0.03,0.02,0.01,0.07,2.44,0.07,0.0,0.0,0.33,0.0,0.0,0.33,0.0,0.0,,12.4,0.0,0.0,0.0,0.11,-0.04,-0.04,57.8,9.97,31.8,24.3,1.89,0.52,57.8,0.16,100.0,0.0,0.0,36.3,0.03,0.49,0.07,41.4,0.55,0.13,0.36,0.55,0.13,40.0,0.2,1.14,0.2,0.49,1.04,6.12,0.1,0.33,0.33,0.03,0.0,0.03,0.0,0.0,0.0,0.07,0.07,0.03,0.0,0.03,0.0,0.0,0.0,0.03,0.59,0.68,0.0,0.13,0.49,0.36,0.0,0.0,0.0,2.35,1.07,62.3,,,,,,,,,,,,,,,,,,,,,,,,,,,,,Brendan Hines-Ike,DF,Austin,31-004,Brendan Hines-Ike,,Standard,"[-0.68603763 -0.57615638 -0.63132208 -0.63586294 -0.92851955  1.76207625
 -0.89564819 -0.93520667  0.36283792 -1.05670747 -0.97111341 -1.36694485
 -0.69538794  0.186528  ]",0,-1.4998020338551477,-1.7516427850903797
4947278742,3,2025,34,27,2379,26.4,0.11,0.04,0.15,0.11,0.0,0.0,0.04,0.0,0.15,0.15,0.08,0.23,1.93,2.54,4.39,0.11,0.04,0.15,0.11,0.15,0.15,0.08,0.23,0.15,0.23,26.4,19.6,10.7,6.36,1.44,25.2,12.9,7.54,2.46,77.7,82.7,84.4,58.5,292.1,81.6,19.6,10.7,6.36,1.44,25.2,12.9,7.54,2.46,77.7,82.7,84.4,58.5,19.6,10.7,6.36,1.44,25.2,12.9,7.54,2.46,77.7,82.7,84.4,58.5,19.6,10.7,6.36,1.44,25.2,12.9,7.54,2.46,77.7,82.7,84.4,58.5,0.04,0.09,-0.05,0.76,1.4,0.64,0.15,0.11,1.17,0.38,32.3,1.17,0.38,0.1,0.3,15.4,0.0,0.0,0.0,0.13,-0.03,-0.03,37.8,2.88,10.6,16.8,11.0,2.58,37.8,0.95,36.2,1.33,50.7,19.9,0.8,1.93,1.36,22.1,1.52,0.95,1.06,1.52,0.95,52.1,0.87,0.64,0.49,0.95,2.46,2.99,0.0,2.5,2.5,0.15,0.0,0.3,0.08,0.0,0.0,0.27,0.26,0.15,0.0,0.3,0.08,0.0,0.0,0.0,1.06,1.86,0.3,0.68,0.95,1.06,0.04,0.0,0.0,4.39,0.83,39.3,,,,,,,,,,,,,,,,,,,,,,,,,,,,,Bongokuhle Hlongwane,"DF,MF",Minnesota Utd,25-167,Bongokuhle Hlongwane,TAM Player,TAM Player,"[-0.16238335 -0.50235806  0.01447986  0.07387699 -0.3064068   1.26946717
 -0.08831063 -0.12239218 -1.24291379 -0.71062653  0.23647557 -0.10425603
  0.21493486 -0.87948289]",0,0.3184465330527801,-0.9825773650995548
5988767036,1,2025,6,6,526,5.8,0.0,0.0,0.0,0.0,0.0,0.0,0.17,0.0,0.07,0.07,0.0,0.07,1.03,5.34,0.52,0.0,0.0,0.0,0.0,0.0,0.06,0.0,0.06,0.06,0.06,5.8,61.9,20.7,32.1,8.28,70.0,21.9,35.3,11.4,88.4,94.5,90.7,72.7,1228.3,466.9,61.9,20.7,32.1,8.28,70.0,21.9,35.3,11.4,88.4,94.5,90.7,72.7,61.9,20.7,32.1,8.28,70.0,21.9,35.3,11.4,88.4,94.5,90.7,72.7,61.9,20.7,32.1,8.28,70.0,21.9,35.3,11.4,88.4,94.5,90.7,72.7,0.0,0.03,0.0,0.0,4.31,0.34,0.0,0.0,0.86,0.34,40.0,0.86,0.34,0.0,0.0,12.8,0.0,0.0,0.0,0.07,-0.07,-0.07,81.6,9.48,38.4,39.3,4.31,1.21,81.6,0.34,50.0,0.34,50.0,48.3,0.0,0.52,0.0,58.3,1.38,0.34,1.03,1.38,0.34,22.2,1.21,1.55,0.0,1.38,2.76,5.34,0.17,0.52,0.51,0.0,0.0,0.0,0.0,0.0,0.0,0.0,0.0,0.0,0.0,0.0,0.0,0.0,0.0,0.0,1.03,0.0,0.0,0.34,1.38,1.03,0.0,0.0,0.0,4.66,3.1,66.7,,,,,,,,,,,,,,,,,,,,,,,,,,,,,Rob Holding,DF,Colorado Rapids,30-075,,,,"[-0.68603763 -0.79755134 -0.45519428 -0.44229751 -1.13589047 -1.12007376
 -0.38625663 -0.2079516   1.56383403  0.85231963 -0.48327945 -0.28649978
  1.06588879  1.06065694]",0,-2.241850729698884,-0.03177497069620432
6828446652,2,2025,31,22,2109,23.4,0.09,0.13,0.21,0.09,0.0,0.0,0.21,0.0,0.17,0.17,0.14,0.31,3.12,5.77,6.2,0.09,0.13,0.21,0.09,0.21,0.17,0.14,0.31,0.17,0.31,23.4,49.4,26.5,19.4,2.44,58.1,29.7,22.5,3.55,85.1,89.3,86.5,68.7,755.3,230.4,49.4,26.5,19.4,2.44,58.1,29.7,22.5,3.55,85.1,89.3,86.5,68.7,49.4,26.5,19.4,2.44,58.1,29.7,22.5,3.55,85.1,89.3,86.5,68.7,49.4,26.5,19.4,2.44,58.1,29.7,22.5,3.55,85.1,89.3,86.5,68.7,0.13,0.12,-0.01,1.11,4.19,0.81,0.09,0.09,0.9,0.38,42.9,0.9,0.38,0.1,0.22,10.2,0.0,0.0,0.0,0.19,-0.09,-0.09,69.8,3.85,17.3,32.8,20.3,3.5,69.8,0.56,41.9,0.68,51.6,37.6,0.68,1.28,0.38,46.7,1.92,1.11,1.24,1.92,1.11,61.9,0.68,1.15,0.77,1.32,3.25,3.12,0.0,2.65,2.65,0.04,0.04,0.13,0.04,0.17,0.0,0.26,0.26,0.04,0.04,0.13,0.04,0.17,0.0,0.0,1.03,0.94,0.21,0.94,1.32,1.24,0.04,0.09,0.0,3.89,2.22,58.4,,,,,,,,,,,,,,,,,,,,,,,,,,,,,Ryan Hollingshead,"DF,MF",LAFC,34-232,Ryan Hollingshead,,Standard,"[-0.25759322  0.16182681  0.1318984   0.20292062  0.31570595  0.92128797
 -0.34781199 -0.12239218  0.73441683  1.09234351  1.18815165  0.41644039
  0.94715103  0.20784822]",0,-0.448592167634166,1.6313361597402836
8602558695,1,2025,18,5,583,6.5,0.15,0.0,0.15,0.15,0.0,0.0,0.46,0.0,0.15,0.15,0.08,0.22,2.31,3.23,6.62,0.15,0.0,0.15,0.15,0.15,0.15,0.07,0.22,0.15,0.22,6.5,27.4,15.5,9.69,1.54,37.4,18.8,13.4,3.23,73.3,82.8,72.4,47.6,410.8,114.2,27.4,15.5,9.69,1.54,37.4,18.8,13.4,3.23,73.3,82.8,72.4,47.6,27.4,15.5,9.69,1.54,37.4,18.8,13.4,3.23,73.3,82.8,72.4,47.6,27.4,15.5,9.69,1.54,37.4,18.8,13.4,3.23,73.3,82.8,72.4,47.6,0.0,0.11,-0.08,1.23,1.54,1.54,0.62,0.15,1.38,0.31,22.2,1.39,0.31,0.11,0.5,19.7,0.15,0.0,0.0,0.11,0.0,0.0,48.8,1.69,7.85,19.1,22.6,1.85,48.8,0.92,40.0,1.38,60.0,27.8,0.15,2.31,1.69,31.4,1.69,0.31,0.62,1.69,0.31,28.6,0.77,1.54,1.08,0.31,2.0,0.92,0.0,2.92,2.93,0.0,0.0,0.15,0.15,0.0,0.0,0.15,0.15,0.0,0.0,0.15,0.15,0.0,0.0,0.0,2.15,2.15,0.31,2.62,0.31,0.62,0.15,0.0,0.0,3.38,0.31,40.0,,,,,,,,,,,,,,,,,,,,,,,,,,,,,Duane Holmes,"MF,FW",Houston Dynamo,31-028,,,,"[ 0.02803639 -0.79755134  0.01447986  0.07387699 -0.3064068  -1.04656926
  0.11352376 -0.27212116 -0.72535746 -0.32547194  0.54037213  0.11703995
 -1.05160121  1.03933672]",0,0.12439276413766079,-0.7280101998771233
130029529,2,2025,17,11,839,9.3,0.32,0.0,0.32,0.32,0.0,0.0,0.43,0.0,0.05,0.05,0.03,0.09,1.08,3.33,2.47,0.32,0.0,0.32,0.32,0.32,0.05,0.03,0.08,0.05,0.08,9.3,25.3,11.9,10.1,2.58,30.9,13.9,11.7,3.87,81.9,86.0,86.2,66.7,436.6,129.2,25.3,11.9,10.1,2.58,30.9,13.9,11.7,3.87,81.9,86.0,86.2,66.7,25.3,11.9,10.1,2.58,30.9,13.9,11.7,3.87,81.9,86.0,86.2,66.7,25.3,11.9,10.1,2.58,30.9,13.9,11.7,3.87,81.9,86.0,86.2,66.7,0.0,0.09,-0.03,0.75,2.04,0.43,0.11,0.32,0.86,0.43,50.0,0.86,0.43,0.38,0.75,18.9,0.0,0.0,0.0,0.06,0.27,0.27,39.0,1.4,8.17,21.7,9.78,1.08,39.0,1.4,65.0,0.75,35.0,23.8,0.11,1.29,1.83,25.8,1.4,0.43,0.97,1.4,0.43,30.8,0.97,1.29,1.08,0.32,1.72,0.86,0.0,2.47,2.47,0.11,0.0,0.0,0.0,0.0,0.0,0.0,0.0,0.11,0.0,0.0,0.0,0.0,0.0,0.0,1.4,2.04,0.0,1.72,0.32,0.97,0.0,0.0,0.0,4.52,0.11,12.5,,,,,,,,,,,,,,,,,,,,,,,,,,,,,Jackson Hopkins,"MF,FW",D.C. United,21-156,Jackson Hopkins,Homegrown Player,Homegrown,"[ 0.83732027 -0.79755134 -0.57261281 -0.57134113 -0.8248341  -0.7164438
 -0.38625663 -0.0154429  -0.86469955 -0.26965243 -0.44329306 -0.26046496
 -1.03181158  0.50633127]",0,-0.25334324820272663,-1.3651786901649643
3919969617,1,2025,9,9,719,8.0,0.0,0.13,0.13,0.0,0.0,0.0,0.25,0.0,0.0,0.0,0.13,0.14,2.38,3.0,3.5,0.0,0.13,0.13,0.0,0.13,0.01,0.13,0.13,0.01,0.13,8.0,40.6,18.9,18.1,3.25,51.3,20.5,22.0,7.25,79.3,92.1,82.4,44.8,699.3,264.0,40.6,18.9,18.1,3.25,51.3,20.5,22.0,7.25,79.3,92.1,82.4,44.8,40.6,18.9,18.1,3.25,51.3,20.5,22.0,7.25,79.3,92.1,82.4,44.8,40.6,18.9,18.1,3.25,51.3,20.5,22.0,7.25,79.3,92.1,82.4,44.8,0.13,0.06,0.0,0.88,1.63,0.88,0.38,0.0,0.25,0.0,0.0,0.25,0.0,0.0,,25.5,0.0,0.0,0.0,0.02,0.0,0.0,59.3,3.63,26.0,23.1,10.4,0.38,59.3,0.13,20.0,0.25,40.0,31.0,0.25,0.5,0.25,36.6,1.63,1.13,1.0,1.63,1.13,81.8,0.25,0.75,0.63,0.5,2.13,2.38,0.0,1.5,1.5,0.0,0.0,0.13,0.0,0.0,0.0,0.13,0.13,0.0,0.0,0.13,0.0,0.0,0.0,0.0,0.25,1.0,0.0,2.63,0.5,1.0,0.0,0.0,0.0,4.0,0.13,12.5,,,,,,,,,,,,,,,,,,,,,,,,,,,,,Jannes Horn,DF,St. Louis,28-301,Jannes Horn,,Standard,"[-0.68603763  0.16182681 -0.86615915 -0.89395019  0.21202049 -0.87119011
 -0.97253749 -0.93520667  0.15050711 -0.4538568   0.59635307  0.03893548
 -0.67559831 -0.64496049]",0,-1.048117636855405,0.17622488720447596
6133774097,2,2025,7,4,369,4.1,0.0,0.0,0.0,0.0,0.0,0.0,0.49,0.0,0.02,0.02,0.0,0.02,0.0,3.66,0.24,0.0,0.0,0.0,0.0,0.0,0.02,0.01,0.03,0.02,0.03,4.1,45.9,18.5,23.9,2.93,52.2,20.0,25.9,5.37,87.9,92.7,92.5,54.5,793.7,287.1,45.9,18.5,23.9,2.93,52.2,20.0,25.9,5.37,87.9,92.7,92.5,54.5,45.9,18.5,23.9,2.93,52.2,20.0,25.9,5.37,87.9,92.7,92.5,54.5,45.9,18.5,23.9,2.93,52.2,20.0,25.9,5.37,87.9,92.7,92.5,54.5,0.0,0.0,0.0,0.24,3.9,0.0,0.0,0.0,0.24,0.0,0.0,0.24,0.0,0.0,,8.7,0.0,0.0,0.0,0.08,-0.02,-0.02,64.1,9.02,32.0,28.3,4.15,0.98,64.1,0.0,,0.0,,36.6,0.0,0.24,0.24,41.7,2.68,0.98,1.71,2.68,0.98,66.7,0.49,0.98,0.0,1.71,4.39,5.37,0.0,0.0,0.0,0.0,0.0,0.0,0.0,0.0,0.0,0.0,0.0,0.0,0.0,0.0,0.0,0.0,0.0,0.0,2.2,1.22,0.0,0.24,1.71,1.71,0.0,0.24,0.0,2.93,2.44,62.5,,,,,,,,,,,,,,,,,,,,,,,,,,,,,Keegan Hughes,DF,NE Revolution,25-135,Keegan Hughes,,Standard,"[-0.68603763 -0.79755134 -0.74874061 -0.76490657 -1.13589047 -1.32253351
 -0.98214865 -0.93520667  0.50218001 -0.08544807 -1.30699909  1.40576358
  1.71894645 -0.15459548]",0,-2.974808804018492,-0.6303423239876873
7121043783,1,2025,33,30,2763,30.7,0.03,0.0,0.03,0.03,0.0,0.0,0.13,0.03,0.06,0.06,0.02,0.07,0.0,2.18,0.1,0.03,0.0,0.03,0.03,0.03,0.05,0.02,0.08,0.05,0.08,30.7,26.7,9.12,14.9,2.48,31.7,10.0,16.4,4.33,84.3,91.2,90.9,57.1,508.6,218.7,26.7,9.12,14.9,2.48,31.7,10.0,16.4,4.33,84.3,91.2,90.9,57.1,26.7,9.12,14.9,2.48,31.7,10.0,16.4,4.33,84.3,91.2,90.9,57.1,26.7,9.12,14.9,2.48,31.7,10.0,16.4,4.33,84.3,91.2,90.9,57.1,0.0,0.02,-0.02,0.23,1.99,0.2,0.0,0.03,0.49,0.23,46.7,0.49,0.23,0.07,0.14,9.7,0.0,0.0,0.0,0.11,-0.02,-0.02,42.3,7.95,24.2,16.5,1.73,0.81,42.3,0.03,100.0,0.0,0.0,17.6,0.0,0.33,0.0,22.1,0.65,0.29,0.36,0.65,0.29,64.3,0.16,1.21,0.23,0.78,1.43,6.45,0.0,0.36,0.36,0.0,0.0,0.0,0.0,0.0,0.0,0.0,0.0,0.0,0.0,0.0,0.0,0.0,0.0,0.0,0.59,0.33,0.07,0.03,0.78,0.36,0.0,0.03,0.0,2.51,2.21,65.4,,,,,,,,,,,,,,,,,,,,,,,,,,,,,Sebastien Ibeagha,DF,FC Dallas,33-317,Sebastien Ibeagha,,Standard,"[-0.54322282 -0.79755134 -0.51390354 -0.50681932 -0.92851955  1.76465536
 -0.74186961 -0.44324    -0.77180482 -0.91157675 -1.30699909 -1.23677074
 -0.12148878  0.33576953]",0,-1.1459970958882222,-2.0920181432881457
6473847640,2,2025,23,12,1204,13.4,0.22,0.15,0.37,0.22,0.0,0.0,0.15,0.0,0.25,0.25,0.22,0.47,2.84,1.87,13.0,0.22,0.15,0.37,0.22,0.37,0.25,0.22,0.47,0.25,0.47,13.4,25.9,16.4,7.69,0.37,32.0,19.0,9.33,0.97,80.9,86.6,82.4,38.5,338.4,64.5,25.9,16.4,7.69,0.37,32.0,19.0,9.33,0.97,80.9,86.6,82.4,38.5,25.9,16.4,7.69,0.37,32.0,19.0,9.33,0.97,80.9,86.6,82.4,38.5,25.9,16.4,7.69,0.37,32.0,19.0,9.33,0.97,80.9,86.6,82.4,38.5,0.15,0.16,-0.07,1.64,0.67,1.27,0.37,0.22,1.79,0.45,25.0,1.79,0.45,0.13,0.5,12.0,0.0,0.0,0.0,0.14,-0.03,-0.03,43.6,1.04,5.45,12.7,26.0,6.34,43.6,1.34,48.6,1.34,48.6,26.9,1.57,2.31,2.01,31.9,1.79,0.97,1.04,1.79,0.97,65.0,0.52,1.04,0.82,0.45,2.24,0.75,0.07,3.06,3.06,0.15,0.0,0.0,0.0,0.15,0.07,0.3,0.3,0.15,0.0,0.0,0.0,0.15,0.07,0.0,1.64,0.45,1.34,1.72,0.45,1.04,0.0,0.0,0.0,3.73,1.04,37.8,,,,,,,,,,,,,,,,,,,,,,,,,,,,,Aliyu Ibrahim,"FW,DF",Columbus Crew,23-322,,,,"[ 0.36127093  0.30942344  0.60157254  0.71909512  1.14518962 -0.24575711
  0.50758139  0.02733681 -0.82488752 -1.08461722  0.96422786  0.24721405
 -0.77454644 -0.02667417]",0,1.7960455502792476,0.04060981443268923
6473847640,3,2025,23,12,1204,13.4,0.22,0.15,0.37,0.22,0.0,0.0,0.15,0.0,0.25,0.25,0.22,0.47,2.84,1.87,13.0,0.22,0.15,0.37,0.22,0.37,0.25,0.22,0.47,0.25,0.47,13.4,25.9,16.4,7.69,0.37,32.0,19.0,9.33,0.97,80.9,86.6,82.4,38.5,338.4,64.5,25.9,16.4,7.69,0.37,32.0,19.0,9.33,0.97,80.9,86.6,82.4,38.5,25.9,16.4,7.69,0.37,32.0,19.0,9.33,0.97,80.9,86.6,82.4,38.5,25.9,16.4,7.69,0.37,32.0,19.0,9.33,0.97,80.9,86.6,82.4,38.5,0.15,0.16,-0.07,1.64,0.67,1.27,0.37,0.22,1.79,0.45,25.0,1.79,0.45,0.13,0.5,12.0,0.0,0.0,0.0,0.14,-0.03,-0.03,43.6,1.04,5.45,12.7,26.0,6.34,43.6,1.34,48.6,1.34,48.6,26.9,1.57,2.31,2.01,31.9,1.79,0.97,1.04,1.79,0.97,65.0,0.52,1.04,0.82,0.45,2.24,0.75,0.07,3.06,3.06,0.15,0.0,0.0,0.0,0.15,0.07,0.3,0.3,0.15,0.0,0.0,0.0,0.15,0.07,0.0,1.64,0.45,1.34,1.72,0.45,1.04,0.0,0.0,0.0,3.73,1.04,37.8,,,,,,,,,,,,,,,,,,,,,,,,,,,,,Aliyu Ibrahim,"FW,DF",Columbus Crew,23-322,,,,"[ 0.36127093  0.30942344  0.60157254  0.71909512  1.14518962 -0.24575711
  0.50758139  0.02733681 -0.82488752 -1.08461722  0.96422786  0.24721405
 -0.77454644 -0.02667417]",0,1.7960455502792476,0.04060981443268923
2730191256,1,2025,24,22,1855,20.6,0.0,0.05,0.05,0.0,0.0,0.0,0.19,0.05,0.06,0.06,0.04,0.1,0.63,3.59,0.63,0.0,0.05,0.05,0.0,0.05,0.06,0.04,0.1,0.06,0.1,20.6,52.9,25.0,23.9,3.3,58.3,26.4,25.9,4.22,90.7,94.5,92.5,78.2,901.6,240.4,52.9,25.0,23.9,3.3,58.3,26.4,25.9,4.22,90.7,94.5,92.5,78.2,52.9,25.0,23.9,3.3,58.3,26.4,25.9,4.22,90.7,94.5,92.5,78.2,52.9,25.0,23.9,3.3,58.3,26.4,25.9,4.22,90.7,94.5,92.5,78.2,0.05,0.06,0.01,0.44,4.85,0.49,0.0,0.0,0.73,0.1,13.3,0.73,0.1,0.0,0.0,25.5,0.0,0.0,0.0,0.08,-0.06,-0.06,68.0,2.96,14.8,43.5,10.1,0.24,68.0,0.78,59.3,0.53,40.7,39.9,0.05,1.26,1.12,49.5,2.28,1.21,1.17,2.28,1.21,59.5,0.83,1.17,0.97,1.36,3.64,1.36,0.05,1.55,1.55,0.0,0.0,0.05,0.0,0.05,0.05,0.15,0.15,0.0,0.0,0.05,0.0,0.05,0.05,0.05,0.78,1.94,0.0,0.1,1.36,1.17,0.0,0.0,0.0,6.07,0.49,50.0,,,,,,,,,,,,,,,,,,,,,,,,,,,,,Igor,MF,LAFC,22-272,,,,"[-0.68603763 -0.42855974 -0.51390354 -0.50681932 -0.72114864  0.59374162
 -0.51120173 -0.72130812  0.96665364 -0.12452172 -0.80317057  0.88506716
  1.02630953  0.25048866]",0,-2.208126088635809,-0.13013886036535666
8492165579,1,2025,19,10,1092,12.1,0.17,0.17,0.33,0.17,0.0,0.0,0.08,0.0,0.07,0.07,0.07,0.13,1.4,4.63,4.3,0.16,0.16,0.33,0.16,0.33,0.06,0.07,0.13,0.06,0.13,12.1,51.4,30.4,17.2,3.22,63.8,34.0,20.6,6.53,80.6,89.5,83.5,49.4,799.3,291.6,51.4,30.4,17.2,3.22,63.8,34.0,20.6,6.53,80.6,89.5,83.5,49.4,51.4,30.4,17.2,3.22,63.8,34.0,20.6,6.53,80.6,89.5,83.5,49.4,51.4,30.4,17.2,3.22,63.8,34.0,20.6,6.53,80.6,89.5,83.5,49.4,0.17,0.07,0.1,0.58,4.63,0.83,0.41,0.17,0.99,0.33,33.3,0.99,0.33,0.17,0.5,19.5,0.0,0.0,0.0,0.06,0.1,0.1,74.7,2.98,24.5,32.7,18.1,1.24,74.7,0.5,46.2,0.58,53.8,41.1,0.08,1.07,1.07,48.3,0.91,0.66,0.5,0.91,0.66,61.5,0.41,0.83,0.74,1.07,1.98,3.55,0.0,1.4,1.4,0.0,0.0,0.08,0.0,0.0,0.0,0.17,0.16,0.0,0.0,0.08,0.0,0.0,0.0,0.0,0.66,1.4,0.0,2.48,1.07,0.5,0.0,0.0,0.0,4.46,1.07,72.2,,,,,,,,,,,,,,,,,,,,,,,,,,,,,Mitja Ilenič,DF,NYCFC,20-343,,,,"[ 0.12324626  0.45702008 -0.45519428 -0.44229751 -0.41009226 -0.390187
 -0.26131153 -0.22934145  0.86712358  0.45600114 -0.18738017 -0.89831807
  0.45241038 -0.47439875]",0,-0.6301719197524341,0.24689611799421002
8988069560,1,2025,9,7,595,6.6,0.3,0.61,0.91,0.3,0.0,0.0,0.15,0.0,0.26,0.26,0.24,0.5,2.73,4.09,6.67,0.3,0.61,0.91,0.3,0.91,0.25,0.24,0.49,0.25,0.49,6.6,22.9,12.6,6.82,3.03,33.6,17.1,9.55,5.45,68.0,73.5,71.4,55.6,403.2,140.8,22.9,12.6,6.82,3.03,33.6,17.1,9.55,5.45,68.0,73.5,71.4,55.6,22.9,12.6,6.82,3.03,33.6,17.1,9.55,5.45,68.0,73.5,71.4,55.6,22.9,12.6,6.82,3.03,33.6,17.1,9.55,5.45,68.0,73.5,71.4,55.6,0.61,0.29,0.36,1.52,2.73,1.06,0.3,0.3,4.39,1.52,34.5,4.39,1.51,0.07,0.2,22.5,0.3,0.0,0.0,0.06,0.05,0.05,47.0,0.45,3.94,18.3,25.5,5.0,47.0,1.36,52.9,1.21,47.1,26.5,0.76,2.88,1.36,31.1,0.91,0.76,0.76,0.91,0.76,45.5,0.91,0.76,0.61,0.45,1.36,1.06,0.0,5.45,5.44,0.3,0.0,0.61,0.15,0.3,0.0,1.06,1.06,0.3,0.0,0.61,0.15,0.3,0.0,0.0,1.52,1.67,0.15,3.94,0.45,0.76,0.0,0.0,0.0,5.61,0.61,25.0,,,,,,,,,,,,,,,,,,,,,,,,,,,,,Milan Iloski,"FW,MF",San Diego FC,26-128,,,,"[ 0.7421104   3.70414611  0.66028181  0.78361693  1.35256053 -1.03109463
  3.00648337  2.31605132 -1.02394765  0.15457581  0.8762578  -0.89831807
 -0.77454644 -0.62364027]",-1,4.719634829443456,1.9836613464087494
8988069560,2,2025,9,7,595,6.6,0.3,0.61,0.91,0.3,0.0,0.0,0.15,0.0,0.26,0.26,0.24,0.5,2.73,4.09,6.67,0.3,0.61,0.91,0.3,0.91,0.25,0.24,0.49,0.25,0.49,6.6,22.9,12.6,6.82,3.03,33.6,17.1,9.55,5.45,68.0,73.5,71.4,55.6,403.2,140.8,22.9,12.6,6.82,3.03,33.6,17.1,9.55,5.45,68.0,73.5,71.4,55.6,22.9,12.6,6.82,3.03,33.6,17.1,9.55,5.45,68.0,73.5,71.4,55.6,22.9,12.6,6.82,3.03,33.6,17.1,9.55,5.45,68.0,73.5,71.4,55.6,0.61,0.29,0.36,1.52,2.73,1.06,0.3,0.3,4.39,1.52,34.5,4.39,1.51,0.07,0.2,22.5,0.3,0.0,0.0,0.06,0.05,0.05,47.0,0.45,3.94,18.3,25.5,5.0,47.0,1.36,52.9,1.21,47.1,26.5,0.76,2.88,1.36,31.1,0.91,0.76,0.76,0.91,0.76,45.5,0.91,0.76,0.61,0.45,1.36,1.06,0.0,5.45,5.44,0.3,0.0,0.61,0.15,0.3,0.0,1.06,1.06,0.3,0.0,0.61,0.15,0.3,0.0,0.0,1.52,1.67,0.15,3.94,0.45,0.76,0.0,0.0,0.0,5.61,0.61,25.0,,,,,,,,,,,,,,,,,,,,,,,,,,,,,Milan Iloski,"FW,MF",San Diego FC,26-128,,,,"[ 0.7421104   3.70414611  0.66028181  0.78361693  1.35256053 -1.03109463
  3.00648337  2.31605132 -1.02394765  0.15457581  0.8762578  -0.89831807
 -0.77454644 -0.62364027]",-1,4.719634829443456,1.9836613464087494
8988069560,1,2025,14,3,479,5.3,1.89,0.19,2.08,1.89,0.0,0.0,0.0,0.0,0.77,0.77,0.28,1.04,2.45,3.77,7.17,1.88,0.19,2.07,1.88,2.07,0.76,0.28,1.04,0.76,1.04,5.3,20.9,11.3,6.98,1.51,28.3,14.2,8.68,3.21,74.0,80.0,80.4,47.1,311.1,75.7,20.9,11.3,6.98,1.51,28.3,14.2,8.68,3.21,74.0,80.0,80.4,47.1,20.9,11.3,6.98,1.51,28.3,14.2,8.68,3.21,74.0,80.0,80.4,47.1,20.9,11.3,6.98,1.51,28.3,14.2,8.68,3.21,74.0,80.0,80.4,47.1,0.19,0.21,-0.09,1.51,1.13,1.7,0.0,1.89,5.85,3.58,61.3,5.82,3.57,0.32,0.53,17.4,0.0,0.0,0.0,0.13,1.11,1.11,40.8,0.19,2.64,13.2,25.7,6.98,40.8,0.75,50.0,0.57,37.5,23.6,1.32,2.08,0.94,30.4,0.57,0.19,0.38,0.57,0.19,14.3,1.13,0.0,0.0,0.19,0.75,0.38,0.0,4.15,4.13,0.57,0.19,0.19,0.0,0.0,0.0,1.32,1.32,0.57,0.19,0.19,0.0,0.0,0.0,0.0,2.45,1.7,0.38,2.45,0.19,0.38,0.0,0.0,0.0,1.89,0.94,35.7,,,,,,,,,,,,,,,,,,,,,,,,,,,,,Milan Iloski,"FW,MF",San Diego FC,26-128,,,,"[ 8.31129497  0.60461672  3.65445446  4.07422937  1.76730237 -1.18068273
  4.40971295  6.72236149 -1.1566544  -0.02404661  0.65233402 -1.34091003
 -1.28907672 -2.24397683]",-1,11.603505895422911,-0.5452680530618422
8988069560,2,2025,14,3,479,5.3,1.89,0.19,2.08,1.89,0.0,0.0,0.0,0.0,0.77,0.77,0.28,1.04,2.45,3.77,7.17,1.88,0.19,2.07,1.88,2.07,0.76,0.28,1.04,0.76,1.04,5.3,20.9,11.3,6.98,1.51,28.3,14.2,8.68,3.21,74.0,80.0,80.4,47.1,311.1,75.7,20.9,11.3,6.98,1.51,28.3,14.2,8.68,3.21,74.0,80.0,80.4,47.1,20.9,11.3,6.98,1.51,28.3,14.2,8.68,3.21,74.0,80.0,80.4,47.1,20.9,11.3,6.98,1.51,28.3,14.2,8.68,3.21,74.0,80.0,80.4,47.1,0.19,0.21,-0.09,1.51,1.13,1.7,0.0,1.89,5.85,3.58,61.3,5.82,3.57,0.32,0.53,17.4,0.0,0.0,0.0,0.13,1.11,1.11,40.8,0.19,2.64,13.2,25.7,6.98,40.8,0.75,50.0,0.57,37.5,23.6,1.32,2.08,0.94,30.4,0.57,0.19,0.38,0.57,0.19,14.3,1.13,0.0,0.0,0.19,0.75,0.38,0.0,4.15,4.13,0.57,0.19,0.19,0.0,0.0,0.0,1.32,1.32,0.57,0.19,0.19,0.0,0.0,0.0,0.0,2.45,1.7,0.38,2.45,0.19,0.38,0.0,0.0,0.0,1.89,0.94,35.7,,,,,,,,,,,,,,,,,,,,,,,,,,,,,Milan Iloski,"FW,MF",San Diego FC,26-128,,,,"[ 8.31129497  0.60461672  3.65445446  4.07422937  1.76730237 -1.18068273
  4.40971295  6.72236149 -1.1566544  -0.02404661  0.65233402 -1.34091003
 -1.28907672 -2.24397683]",-1,11.603505895422911,-0.5452680530618422
8470524966,1,2025,16,12,1029,11.4,0.0,0.0,0.0,0.0,0.0,0.0,0.09,0.0,0.04,0.04,0.01,0.05,0.44,3.07,0.18,0.0,0.0,0.0,0.0,0.0,0.04,0.01,0.05,0.04,0.05,11.4,53.5,12.7,33.7,6.75,59.3,14.0,35.0,8.95,90.2,90.6,96.2,75.5,1121.8,378.8,53.5,12.7,33.7,6.75,59.3,14.0,35.0,8.95,90.2,90.6,96.2,75.5,53.5,12.7,33.7,6.75,59.3,14.0,35.0,8.95,90.2,90.6,96.2,75.5,53.5,12.7,33.7,6.75,59.3,14.0,35.0,8.95,90.2,90.6,96.2,75.5,0.0,0.02,-0.01,0.18,3.51,0.09,0.0,0.0,0.44,0.0,0.0,0.44,0.0,0.0,,8.1,0.0,0.0,0.0,0.09,-0.04,-0.04,67.5,7.72,36.9,28.2,2.46,1.49,67.5,0.09,50.0,0.09,50.0,45.9,0.0,0.09,0.0,52.3,0.7,0.26,0.7,0.7,0.26,100.0,0.0,0.61,0.09,0.35,1.05,5.26,0.09,0.26,0.26,0.0,0.0,0.0,0.0,0.0,0.0,0.0,0.0,0.0,0.0,0.0,0.0,0.0,0.0,0.0,0.44,0.09,0.09,0.18,0.35,0.7,0.0,0.0,0.0,2.28,2.63,71.4,,,,,,,,,,,,,,,,,,,,,,,,,,,,,Bjørn Inge Utvik,DF,Vancouver W'caps,29-279,Bjørn Inge Utvik,,Standard,"[-0.68603763 -0.79755134 -0.63132208 -0.63586294 -1.03220501 -0.47142881
 -0.78992542 -0.93520667  1.00646567 -0.41478315 -0.95511885 -1.17168369
 -0.9724427  -0.94344354]",0,-1.4816603993120823,-1.5078527669753468
9660572841,1,2025,8,5,406,4.5,0.44,0.22,0.67,0.44,0.0,0.0,0.0,0.0,0.53,0.53,0.13,0.67,2.44,2.0,5.11,0.44,0.22,0.67,0.44,0.67,0.54,0.14,0.68,0.54,0.68,4.5,19.1,12.7,4.44,0.89,25.1,15.6,5.56,1.78,76.1,81.4,80.0,50.0,246.0,64.7,19.1,12.7,4.44,0.89,25.1,15.6,5.56,1.78,76.1,81.4,80.0,50.0,19.1,12.7,4.44,0.89,25.1,15.6,5.56,1.78,76.1,81.4,80.0,50.0,19.1,12.7,4.44,0.89,25.1,15.6,5.56,1.78,76.1,81.4,80.0,50.0,0.22,0.02,0.09,1.11,1.11,0.44,0.0,0.44,2.89,1.33,46.2,2.88,1.33,0.15,0.33,13.1,0.0,0.0,0.0,0.19,-0.09,-0.09,36.0,0.44,3.56,15.8,17.3,4.0,36.0,0.44,25.0,1.33,75.0,18.2,0.44,2.89,0.67,28.2,0.0,0.0,0.0,0.0,0.0,,0.0,1.11,0.89,0.44,0.44,0.44,0.0,2.22,2.22,0.0,0.0,0.67,0.0,0.0,0.0,0.44,0.44,0.0,0.0,0.67,0.0,0.0,0.0,0.0,3.11,1.56,0.67,0.22,0.44,0.0,0.0,0.0,0.0,3.11,1.11,33.3,,,,,,,,,,,,,,,,,,,,,,,,,,,,,Marcus Ingvartsen,"FW,MF",San Diego FC,29-334,Marcus Ingvartsen,TAM Player,TAM Player,"[ 1.40857949  0.82601168  2.24543203  2.52570587  0.21202049 -1.27482006
  1.56480915  1.90964407 -1.27609048 -1.01205186  0.64433674 -2.08290243
 -0.79433607  0.12256735]",0,4.800622146603149,-1.3478215957106154
6498456578,2,2025,12,10,861,9.6,0.1,0.21,0.31,0.1,0.0,0.0,0.1,0.0,0.16,0.16,0.08,0.24,1.35,4.27,5.21,0.1,0.21,0.31,0.1,0.31,0.15,0.08,0.24,0.15,0.24,9.6,37.6,19.7,12.8,3.44,46.8,22.6,15.1,5.83,80.4,87.1,84.8,58.9,608.2,133.1,37.6,19.7,12.8,3.44,46.8,22.6,15.1,5.83,80.4,87.1,84.8,58.9,37.6,19.7,12.8,3.44,46.8,22.6,15.1,5.83,80.4,87.1,84.8,58.9,37.6,19.7,12.8,3.44,46.8,22.6,15.1,5.83,80.4,87.1,84.8,58.9,0.21,0.09,0.13,1.56,3.33,0.73,0.1,0.1,1.77,0.52,29.4,1.78,0.52,0.06,0.2,17.8,0.1,0.0,0.0,0.09,-0.05,-0.05,53.3,0.63,9.17,27.6,17.2,2.19,53.3,0.42,50.0,0.31,37.5,28.9,0.73,1.56,0.42,38.9,0.94,0.1,0.52,0.94,0.1,20.0,0.42,0.63,0.52,0.63,1.56,0.63,0.0,3.54,3.55,0.0,0.0,0.1,0.0,0.0,0.0,0.42,0.42,0.0,0.0,0.1,0.0,0.0,0.0,0.0,0.42,0.94,0.1,1.35,0.63,0.52,0.0,0.0,0.0,4.48,0.31,50.0,,,,,,,,,,,,,,,,,,,,,,,,,,,,,Lorenzo Insigne,"MF,FW",Toronto FC,34-183,Lorenzo Insigne,Designated Player,Designated Player,"[-0.20998828  0.75221336  0.07318913  0.13839881 -0.3064068  -0.68807364
  0.48835906  0.1770658  -0.04855302  0.25505092 -0.22736656 -0.85926584
 -0.41833317 -0.90080311]",0,0.7369008999128343,-0.09892568051126133
4980339919,4,2025,18,7,733,8.1,0.25,0.12,0.37,0.25,0.0,0.0,0.0,0.0,0.32,0.32,0.04,0.35,2.59,6.17,7.04,0.25,0.12,0.37,0.25,0.37,0.32,0.03,0.35,0.32,0.35,8.1,33.5,17.4,13.6,1.48,37.4,18.5,14.8,1.85,89.4,94.0,91.7,80.0,514.8,123.7,33.5,17.4,13.6,1.48,37.4,18.5,14.8,1.85,89.4,94.0,91.7,80.0,33.5,17.4,13.6,1.48,37.4,18.5,14.8,1.85,89.4,94.0,91.7,80.0,33.5,17.4,13.6,1.48,37.4,18.5,14.8,1.85,89.4,94.0,91.7,80.0,0.12,0.07,0.09,0.62,3.83,2.22,0.0,0.25,3.09,1.11,36.0,3.07,1.11,0.08,0.22,18.8,0.0,0.0,0.0,0.1,-0.07,-0.07,53.6,0.99,7.9,22.6,24.2,2.72,53.6,1.98,38.1,2.96,57.1,38.6,0.25,3.46,2.22,43.2,1.23,0.49,0.62,1.23,0.49,40.0,0.74,0.99,0.99,0.86,2.1,0.86,0.12,2.35,2.34,0.12,0.0,0.25,0.0,0.12,0.0,0.12,0.12,0.12,0.0,0.25,0.0,0.12,0.0,0.0,1.73,3.09,0.25,0.25,0.86,0.62,0.0,0.0,0.0,4.07,0.12,14.3,,,,,,,,,,,,,,,,,,,,,,,,,,,,,Aziel Jackson,"MF,FW",Columbus Crew,24-041,Aziel Jackson,Homegrown Player,Homegrown,"[ 0.50408573  0.08802849  1.01253741  1.17074781 -0.72114864 -0.85313637
  1.75703238  1.43906725 -0.32060186  1.31562153  0.76429591 -0.48176094
  0.03682823 -0.13327526]",-1,2.2058162200670237,0.3233130887725464
3049847898,1,2025,6,3,307,3.4,0.0,0.29,0.29,0.0,0.0,0.0,0.29,0.0,0.41,0.41,0.32,0.74,7.65,7.06,9.12,0.0,0.29,0.29,0.0,0.29,0.42,0.33,0.75,0.42,0.75,3.4,27.4,14.4,10.3,2.35,35.3,16.2,11.8,4.71,77.5,89.1,87.5,50.0,480.9,178.5,27.4,14.4,10.3,2.35,35.3,16.2,11.8,4.71,77.5,89.1,87.5,50.0,27.4,14.4,10.3,2.35,35.3,16.2,11.8,4.71,77.5,89.1,87.5,50.0,27.4,14.4,10.3,2.35,35.3,16.2,11.8,4.71,77.5,89.1,87.5,50.0,0.29,0.59,-0.03,4.12,4.12,2.94,0.0,0.0,4.12,1.18,28.6,4.1,1.17,0.0,0.0,16.2,0.0,0.0,0.0,0.1,-0.41,-0.41,52.1,0.59,4.41,17.4,31.8,6.47,52.1,3.53,57.1,2.06,33.3,35.9,2.06,2.94,2.35,35.6,1.47,0.29,0.59,1.47,0.29,50.0,0.29,2.35,2.35,0.0,1.47,0.29,0.0,7.35,7.35,0.88,0.0,0.29,0.0,0.0,0.0,0.29,0.29,0.88,0.0,0.29,0.0,0.0,0.0,0.0,1.47,2.94,0.29,2.65,0.0,0.59,0.0,0.0,0.0,5.88,0.0,,,,,,,,,,,,,,,,,,,,,,,,,,,,,,Ivan Jaime Pajuelo,FW,CF Montréal,25-069,,,,"[-0.68603763  1.34259991  1.54092082  1.75144412  2.1820442  -1.40248577
  2.74698201  1.58879624 -0.72535746  1.81241513  4.81091857 -0.16934308
 -1.66507962  2.76627437]",-1,4.246352628239308,3.817332912939549
6297668534,1,2025,8,5,491,5.5,0.0,0.0,0.0,0.0,0.0,0.0,0.18,0.0,0.02,0.02,0.0,0.02,0.91,2.0,0.18,0.0,0.0,0.0,0.0,0.0,0.02,0.0,0.02,0.02,0.02,5.5,38.5,13.8,19.3,4.36,44.2,14.9,21.5,5.82,87.2,92.7,89.8,75.0,728.0,231.1,38.5,13.8,19.3,4.36,44.2,14.9,21.5,5.82,87.2,92.7,89.8,75.0,38.5,13.8,19.3,4.36,44.2,14.9,21.5,5.82,87.2,92.7,89.8,75.0,38.5,13.8,19.3,4.36,44.2,14.9,21.5,5.82,87.2,92.7,89.8,75.0,0.0,0.0,0.0,0.0,1.27,0.0,0.0,0.0,0.18,0.0,0.0,0.18,0.0,0.0,,8.0,0.0,0.0,0.0,0.12,-0.02,-0.02,54.2,4.91,24.7,28.4,1.45,0.36,54.2,0.36,100.0,0.0,0.0,32.7,0.0,0.36,0.0,37.8,1.45,0.73,0.91,1.45,0.73,44.4,0.91,1.64,0.18,0.73,2.18,5.27,0.0,0.18,0.18,0.0,0.0,0.0,0.0,0.0,0.0,0.0,0.0,0.0,0.0,0.0,0.0,0.0,0.0,0.0,0.91,0.0,0.0,0.18,0.73,0.91,0.0,0.18,0.0,2.91,0.73,40.0,,,,,,,,,,,,,,,,,,,,,,,,,,,,,Ian James,DF,Sporting KC,17-181,Ian James,Homegrown Player,Homegrown,"[-0.68603763 -0.79755134 -0.74874061 -0.76490657 -1.13589047 -1.1652081
 -1.03981562 -0.93520667  0.01116502 -1.01205186 -0.57924679 -0.19537791
 -0.22043691  1.2525389 ]",0,-2.123716256337014,-1.560700023410313
4380335995,1,2025,30,30,2613,29.0,0.03,0.0,0.03,0.03,0.0,0.0,0.21,0.0,0.06,0.06,0.01,0.07,0.0,1.62,0.14,0.03,0.0,0.03,0.03,0.03,0.06,0.01,0.07,0.06,0.07,29.0,43.3,16.3,22.1,4.52,48.9,17.0,23.4,7.72,88.5,96.1,94.6,58.5,823.0,368.1,43.3,16.3,22.1,4.52,48.9,17.0,23.4,7.72,88.5,96.1,94.6,58.5,43.3,16.3,22.1,4.52,48.9,17.0,23.4,7.72,88.5,96.1,94.6,58.5,43.3,16.3,22.1,4.52,48.9,17.0,23.4,7.72,88.5,96.1,94.6,58.5,0.0,0.01,-0.01,0.17,3.21,0.14,0.0,0.03,0.24,0.14,57.1,0.24,0.14,0.14,0.25,13.4,0.0,0.0,0.0,0.26,-0.03,-0.03,57.5,8.76,32.6,24.2,0.9,0.45,57.5,0.03,25.0,0.07,50.0,33.9,0.0,0.17,0.0,39.9,0.86,0.62,0.59,0.86,0.62,64.3,0.34,1.1,0.41,0.83,1.69,4.69,0.03,0.79,0.79,0.0,0.0,0.0,0.0,0.0,0.0,0.1,0.1,0.0,0.0,0.0,0.0,0.0,0.0,0.0,0.69,0.79,0.03,0.07,0.83,0.59,0.0,0.07,0.0,3.1,0.34,32.3,,,,,,,,,,,,,,,,,,,,,,,,,,,,,Robin Jansson,DF,Orlando City,34-019,Robin Jansson,,Standard,"[-0.54322282 -0.79755134 -0.51390354 -0.50681932 -1.03220501  1.57122247
 -0.98214865 -0.6357487   0.32966123 -1.22416598 -1.30699909 -0.96340512
 -0.02254065  0.10124713]",0,-1.637175220625136,-1.9856787519256078
6047724012,1,2025,31,26,2358,26.2,0.11,0.11,0.23,0.11,0.0,0.0,0.23,0.0,0.18,0.18,0.08,0.26,1.18,5.08,1.56,0.11,0.11,0.23,0.11,0.23,0.18,0.08,0.26,0.18,0.26,26.2,36.5,19.7,13.2,2.37,44.2,22.4,15.3,3.93,82.6,88.1,86.5,60.2,570.6,189.7,36.5,19.7,13.2,2.37,44.2,22.4,15.3,3.93,82.6,88.1,86.5,60.2,36.5,19.7,13.2,2.37,44.2,22.4,15.3,3.93,82.6,88.1,86.5,60.2,36.5,19.7,13.2,2.37,44.2,22.4,15.3,3.93,82.6,88.1,86.5,60.2,0.11,0.06,0.04,1.07,5.08,0.5,0.04,0.11,1.53,0.5,32.5,1.53,0.5,0.08,0.23,20.7,0.0,0.0,0.0,0.12,-0.07,-0.07,54.3,1.87,10.9,33.5,10.5,1.3,54.3,0.73,65.5,0.38,34.5,29.8,0.23,1.22,0.57,34.5,1.79,0.8,1.11,1.79,0.8,53.8,0.69,1.03,0.88,1.6,3.4,1.34,0.0,2.33,2.33,0.11,0.08,0.08,0.0,0.04,0.0,0.34,0.34,0.11,0.08,0.08,0.0,0.04,0.0,0.0,1.83,0.65,0.0,0.42,1.6,1.11,0.0,0.0,0.0,4.92,0.38,41.7,,,,,,,,,,,,,,,,,,,,,,,,,,,,,Danley Jean-Jacques,MF,Philadelphia Union,25-198,,,,"[-0.16238335  0.01423017  0.19060767  0.26744243 -0.3064068   1.24238656
  0.25769119  0.13428609 -0.12154173  0.70718892 -0.36332028  0.24721405
  1.50126056 -0.04799439]",0,-0.34385721500588634,0.3502961490025898
5724141442,1,2025,20,17,1106,12.3,0.0,0.0,0.0,0.0,0.0,0.0,0.33,0.0,0.02,0.02,0.06,0.08,0.57,3.74,1.22,0.0,0.0,0.0,0.0,0.0,0.03,0.06,0.08,0.03,0.08,12.3,43.6,20.7,19.0,3.33,48.8,21.8,20.2,4.96,89.3,94.8,94.4,67.2,737.6,198.9,43.6,20.7,19.0,3.33,48.8,21.8,20.2,4.96,89.3,94.8,94.4,67.2,43.6,20.7,19.0,3.33,48.8,21.8,20.2,4.96,89.3,94.8,94.4,67.2,43.6,20.7,19.0,3.33,48.8,21.8,20.2,4.96,89.3,94.8,94.4,67.2,0.0,0.04,-0.06,0.57,3.82,0.49,0.0,0.0,0.49,0.0,0.0,0.49,0.0,0.0,,25.9,0.0,0.0,0.0,0.05,-0.02,-0.02,56.4,2.28,14.4,34.9,7.48,0.16,56.4,0.49,60.0,0.33,40.0,34.2,0.16,1.38,0.89,40.3,2.03,0.89,1.14,2.03,0.89,64.7,0.49,0.49,0.49,0.73,2.76,1.06,0.08,1.38,1.38,0.0,0.0,0.0,0.0,0.0,0.0,0.08,0.08,0.0,0.0,0.0,0.0,0.0,0.0,0.0,1.3,0.98,0.0,0.49,0.73,1.14,0.0,0.08,0.0,5.37,0.65,66.7,,,,,,,,,,,,,,,,,,,,,,,,,,,,,Julio Joao Ortíz,MF,Portland Timbers,29-217,,,,"[-0.68603763 -0.79755134 -0.74874061 -0.76490657 -0.51377772 -0.37213326
 -0.74186961 -0.93520667  0.34956724 -0.04079246 -0.85115424  0.5596319
 -0.22043691 -1.19928616]",0,-1.7250330549339021,-0.6306208603739073
6329288409,1,2025,29,20,1977,22.0,0.05,0.05,0.09,0.05,0.0,0.0,0.18,0.0,0.03,0.03,0.03,0.06,1.09,4.77,3.23,0.05,0.05,0.09,0.05,0.09,0.03,0.03,0.06,0.03,0.06,22.0,41.7,18.6,19.1,3.14,50.8,20.7,22.7,5.5,82.1,90.1,84.0,57.0,702.6,261.0,41.7,18.6,19.1,3.14,50.8,20.7,22.7,5.5,82.1,90.1,84.0,57.0,41.7,18.6,19.1,3.14,50.8,20.7,22.7,5.5,82.1,90.1,84.0,57.0,41.7,18.6,19.1,3.14,50.8,20.7,22.7,5.5,82.1,90.1,84.0,57.0,0.05,0.07,0.01,0.59,4.41,0.73,0.09,0.05,0.36,0.14,37.5,0.36,0.14,0.13,0.33,12.6,0.0,0.0,0.0,0.08,0.02,0.02,59.9,2.68,19.2,28.2,12.7,1.18,59.9,0.32,50.0,0.27,42.9,31.5,0.23,0.77,0.73,37.3,1.59,1.05,1.05,1.59,1.05,54.8,0.86,1.09,0.86,0.95,2.55,2.86,0.0,1.86,1.87,0.0,0.0,0.23,0.0,0.05,0.0,0.09,0.09,0.0,0.0,0.23,0.0,0.05,0.0,0.0,0.68,1.55,0.0,1.09,0.95,1.05,0.0,0.0,0.0,4.0,0.73,43.2,,,,,,,,,,,,,,,,,,,,,,,,,,,,,Tate Johnson,DF,Vancouver W'caps,20-147,Tate Johnson,Generation adidas,Generation Adidas,"[-0.44801295 -0.42855974 -0.69003135 -0.70038476 -0.8248341   0.75106703
 -0.86681471 -0.6357487   0.22349583  0.53414845 -0.43529579 -0.01313416
  0.21493486  0.07992692]",0,-1.7393704738932412,-0.1993254526699144
5988855694,2,2025,15,13,1159,12.9,0.08,0.47,0.54,0.08,0.0,0.0,0.23,0.08,0.05,0.05,0.22,0.26,3.1,3.95,7.36,0.08,0.47,0.54,0.08,0.54,0.05,0.21,0.27,0.05,0.27,12.9,45.7,26.2,16.0,2.64,57.0,30.1,19.9,4.03,80.3,87.1,80.2,65.4,697.8,258.3,45.7,26.2,16.0,2.64,57.0,30.1,19.9,4.03,80.3,87.1,80.2,65.4,45.7,26.2,16.0,2.64,57.0,30.1,19.9,4.03,80.3,87.1,80.2,65.4,45.7,26.2,16.0,2.64,57.0,30.1,19.9,4.03,80.3,87.1,80.2,65.4,0.47,0.19,0.25,1.55,2.87,1.32,0.54,0.08,0.31,0.08,25.0,0.31,0.08,0.25,1.0,13.3,0.0,0.0,0.0,0.16,0.02,0.02,70.8,2.71,15.1,34.8,22.0,1.94,70.8,1.47,46.3,1.4,43.9,36.3,0.39,2.09,1.4,41.0,1.86,0.93,0.78,1.86,0.93,46.2,1.09,1.24,1.24,1.4,3.26,2.79,0.0,3.57,3.57,0.08,0.0,0.23,0.0,0.0,0.0,0.62,0.62,0.08,0.0,0.23,0.0,0.0,0.0,0.08,1.09,2.09,0.16,2.33,1.4,0.78,0.0,0.0,0.0,4.88,0.54,29.2,,,,,,,,,,,,,,,,,,,,,,,,,,,,,DeJuan Jones,"DF,MF",SJ Earthquakes,28-163,DeJuan Jones,TAM Player,TAM Player,"[-0.30519815  2.67096965 -0.57261281 -0.57134113  1.14518962 -0.30378697
 -0.91487052 -0.76408783  0.48890933  0.0764285   1.17215709  0.33833592
  1.10546804  0.39973018]",0,-0.6446631984127976,2.541403746344313
5988855694,3,2025,15,13,1159,12.9,0.08,0.47,0.54,0.08,0.0,0.0,0.23,0.08,0.05,0.05,0.22,0.26,3.1,3.95,7.36,0.08,0.47,0.54,0.08,0.54,0.05,0.21,0.27,0.05,0.27,12.9,45.7,26.2,16.0,2.64,57.0,30.1,19.9,4.03,80.3,87.1,80.2,65.4,697.8,258.3,45.7,26.2,16.0,2.64,57.0,30.1,19.9,4.03,80.3,87.1,80.2,65.4,45.7,26.2,16.0,2.64,57.0,30.1,19.9,4.03,80.3,87.1,80.2,65.4,45.7,26.2,16.0,2.64,57.0,30.1,19.9,4.03,80.3,87.1,80.2,65.4,0.47,0.19,0.25,1.55,2.87,1.32,0.54,0.08,0.31,0.08,25.0,0.31,0.08,0.25,1.0,13.3,0.0,0.0,0.0,0.16,0.02,0.02,70.8,2.71,15.1,34.8,22.0,1.94,70.8,1.47,46.3,1.4,43.9,36.3,0.39,2.09,1.4,41.0,1.86,0.93,0.78,1.86,0.93,46.2,1.09,1.24,1.24,1.4,3.26,2.79,0.0,3.57,3.57,0.08,0.0,0.23,0.0,0.0,0.0,0.62,0.62,0.08,0.0,0.23,0.0,0.0,0.0,0.08,1.09,2.09,0.16,2.33,1.4,0.78,0.0,0.0,0.0,4.88,0.54,29.2,,,,,,,,,,,,,,,,,,,,,,,,,,,,,DeJuan Jones,"DF,MF",SJ Earthquakes,28-163,DeJuan Jones,TAM Player,TAM Player,"[-0.30519815  2.67096965 -0.57261281 -0.57134113  1.14518962 -0.30378697
 -0.91487052 -0.76408783  0.48890933  0.0764285   1.17215709  0.33833592
  1.10546804  0.39973018]",0,-0.6446631984127976,2.541403746344313
859006172,2,2025,32,31,2763,30.7,0.59,0.07,0.65,0.42,0.16,0.2,0.1,0.0,0.46,0.3,0.09,0.39,1.04,1.76,4.69,0.59,0.07,0.65,0.42,0.49,0.46,0.09,0.55,0.3,0.39,30.7,16.4,9.41,4.98,0.55,23.0,12.7,6.22,0.78,71.1,74.1,80.1,70.8,216.4,29.3,16.4,9.41,4.98,0.55,23.0,12.7,6.22,0.78,71.1,74.1,80.1,70.8,16.4,9.41,4.98,0.55,23.0,12.7,6.22,0.78,71.1,74.1,80.1,70.8,16.4,9.41,4.98,0.55,23.0,12.7,6.22,0.78,71.1,74.1,80.1,70.8,0.07,0.08,-0.03,1.01,0.65,0.65,0.0,0.59,2.05,1.07,52.4,2.05,1.07,0.21,0.39,14.3,0.03,0.16,0.2,0.15,0.13,0.12,31.9,0.72,1.63,12.4,17.9,5.93,31.7,0.55,36.2,0.94,61.7,15.7,0.94,2.38,1.04,22.0,0.68,0.2,0.46,0.68,0.2,40.0,0.29,0.26,0.23,0.07,0.75,0.65,0.03,2.48,2.48,0.13,0.03,0.26,0.07,0.0,0.0,0.23,0.23,0.13,0.03,0.26,0.07,0.0,0.0,0.0,1.24,0.98,0.36,0.1,0.07,0.46,0.07,0.0,0.0,1.76,1.4,42.2,,,,,,,,,,,,,,,,,,,,,,,,,,,,,Dejan Joveljić,FW,Sporting KC,26-119,,,,"[ 2.1226535  -0.28096311  1.83446716  1.04170418 -0.20272134  1.76465536
  0.75747158  1.35350783 -1.4552446  -1.14601867 -0.47528218 -1.19771851
 -1.52655224 -1.68965117]",0,3.767658834618757,-2.2057998761827977
2676706776,2,2025,13,1,370,4.1,0.24,0.0,0.24,0.24,0.0,0.0,0.49,0.0,0.46,0.46,0.07,0.54,3.17,2.93,5.61,0.24,0.0,0.24,0.24,0.24,0.47,0.07,0.54,0.47,0.54,4.1,16.3,9.51,5.12,1.46,22.9,12.0,6.83,2.44,71.3,79.6,75.0,60.0,251.0,81.0,16.3,9.51,5.12,1.46,22.9,12.0,6.83,2.44,71.3,79.6,75.0,60.0,16.3,9.51,5.12,1.46,22.9,12.0,6.83,2.44,71.3,79.6,75.0,60.0,16.3,9.51,5.12,1.46,22.9,12.0,6.83,2.44,71.3,79.6,75.0,60.0,0.0,0.07,-0.07,1.46,0.73,1.71,0.49,0.24,3.17,1.22,38.5,3.16,1.22,0.08,0.2,14.2,0.0,0.0,0.0,0.15,-0.22,-0.22,42.2,2.93,10.0,9.76,23.2,4.88,42.2,0.98,30.8,1.95,61.5,23.4,1.46,2.68,2.2,26.3,3.41,1.22,1.46,3.41,1.22,71.4,0.49,1.22,0.98,0.73,4.15,2.68,0.0,1.95,1.95,0.49,0.0,0.0,0.0,0.0,0.0,0.0,0.0,0.49,0.0,0.0,0.0,0.0,0.0,0.0,1.46,2.44,0.49,2.68,0.73,1.46,0.0,0.24,0.0,3.9,0.98,36.4,,,,,,,,,,,,,,,,,,,,,,,,,,,,,Mykhi Joyner,"FW,MF",St. Louis,19-096,Mykhi Joyner,Homegrown Player,Homegrown,"[ 0.4564808  -0.79755134  1.83446716  2.07405318 -0.41009226 -1.32124396
  1.83392167  1.67435566 -1.46187994 -0.49293046  1.22813804  2.35603455
 -0.22043691  0.35708975]",-1,2.803997766855068,-0.4624933297248178
8618290002,3,2025,29,10,1057,11.7,0.51,0.17,0.68,0.51,0.0,0.0,0.43,0.0,0.53,0.53,0.25,0.79,2.14,1.03,6.24,0.51,0.17,0.68,0.51,0.68,0.53,0.25,0.78,0.53,0.78,11.7,9.49,4.87,2.82,0.77,16.4,7.35,4.96,1.28,57.8,66.3,56.9,60.0,143.7,22.1,9.49,4.87,2.82,0.77,16.4,7.35,4.96,1.28,57.8,66.3,56.9,60.0,9.49,4.87,2.82,0.77,16.4,7.35,4.96,1.28,57.8,66.3,56.9,60.0,9.49,4.87,2.82,0.77,16.4,7.35,4.96,1.28,57.8,66.3,56.9,60.0,0.17,0.18,-0.08,1.11,0.34,0.34,0.09,0.51,3.42,1.54,45.0,3.41,1.53,0.15,0.33,11.5,0.0,0.0,0.0,0.16,-0.02,-0.02,28.0,0.51,1.03,9.49,18.2,6.5,28.0,0.85,52.6,0.77,47.4,14.5,0.94,3.08,1.03,19.9,0.51,0.26,0.43,0.51,0.26,60.0,0.17,1.03,0.94,0.17,0.68,0.34,0.0,2.48,2.47,0.17,0.0,0.34,0.09,0.17,0.0,0.34,0.34,0.17,0.0,0.34,0.09,0.17,0.0,0.0,1.88,1.54,0.17,0.94,0.17,0.43,0.09,0.0,0.0,1.62,2.82,54.1,,,,,,,,,,,,,,,,,,,,,,,,,,,,,Preston Judd,"FW,MF",SJ Earthquakes,26-190,Preston Judd,,Standard,"[ 1.74181403  0.45702008  2.24543203  2.52570587  1.45624599 -0.43532134
  2.07420071  2.35883103 -1.91374643 -1.55350107  0.4044184  -1.41901449
 -1.32865597 -0.04799439]",0,5.697611077322618,-1.3159722553605573
5177163068,3,2025,25,17,1577,17.5,0.34,0.06,0.4,0.34,0.0,0.0,0.29,0.0,0.28,0.28,0.13,0.41,2.63,1.31,6.23,0.34,0.06,0.4,0.34,0.4,0.28,0.13,0.41,0.28,0.41,17.5,13.3,7.49,4.23,0.86,17.9,9.03,5.43,1.43,74.2,82.9,77.9,60.0,201.5,48.6,13.3,7.49,4.23,0.86,17.9,9.03,5.43,1.43,74.2,82.9,77.9,60.0,13.3,7.49,4.23,0.86,17.9,9.03,5.43,1.43,74.2,82.9,77.9,60.0,13.3,7.49,4.23,0.86,17.9,9.03,5.43,1.43,74.2,82.9,77.9,60.0,0.06,0.1,-0.07,1.09,0.69,0.63,0.23,0.34,2.06,0.97,47.2,2.05,0.97,0.17,0.35,21.7,0.0,0.0,0.0,0.14,0.06,0.06,30.9,2.0,5.89,9.49,15.9,4.4,30.9,1.26,43.1,1.6,54.9,17.8,1.71,2.86,1.14,18.8,0.8,0.29,0.51,0.8,0.29,21.7,1.03,1.09,0.91,0.69,1.49,1.6,0.0,1.89,1.88,0.46,0.06,0.06,0.0,0.0,0.0,0.23,0.23,0.46,0.06,0.06,0.0,0.0,0.0,0.0,2.0,0.86,0.8,0.91,0.69,0.51,0.0,0.0,0.0,3.54,0.57,27.0,,,,,,,,,,,,,,,,,,,,,,,,,,,,,Anderson Julio,"FW,MF",FC Dallas,29-187,Anderson Julio,TAM Player,TAM Player,"[ 0.93253014 -0.35476143  0.77770034  0.91266056  0.21202049  0.235246
  0.76708275  1.13960928 -1.66094007 -1.39720645  0.79628502 -1.04150959
 -0.29959542  0.07992692]",0,2.570296887457776,-1.4279987277096182
9894028472,3,2025,32,17,1833,20.4,0.05,0.05,0.1,0.05,0.0,0.0,0.0,0.0,0.05,0.05,0.09,0.14,2.06,2.89,3.58,0.05,0.05,0.1,0.05,0.1,0.05,0.09,0.14,0.05,0.14,20.4,40.6,17.8,18.5,3.14,50.8,19.7,21.5,6.76,79.9,90.3,86.3,46.4,702.5,254.2,40.6,17.8,18.5,3.14,50.8,19.7,21.5,6.76,79.9,90.3,86.3,46.4,40.6,17.8,18.5,3.14,50.8,19.7,21.5,6.76,79.9,90.3,86.3,46.4,40.6,17.8,18.5,3.14,50.8,19.7,21.5,6.76,79.9,90.3,86.3,46.4,0.05,0.05,-0.04,1.13,2.01,0.74,0.34,0.05,0.54,0.15,27.3,0.54,0.15,0.09,0.33,17.5,0.0,0.0,0.0,0.1,-0.0,-0.0,58.8,3.28,21.2,25.7,12.2,1.42,58.8,0.25,33.3,0.39,53.3,34.3,0.29,0.64,0.2,40.2,1.32,0.59,0.59,1.32,0.59,75.0,0.2,0.98,0.44,0.74,2.06,2.11,0.05,2.11,2.11,0.05,0.0,0.25,0.0,0.05,0.0,0.0,0.0,0.05,0.0,0.25,0.0,0.05,0.0,0.0,0.83,1.23,0.1,2.21,0.74,0.59,0.0,0.0,0.0,3.43,1.13,53.5,,,,,,,,,,,,,,,,,,,,,,,,,,,,,Sam Junqua,DF,Real Salt Lake,29-025,Sam Junqua,,Standard,"[-0.44801295 -0.42855974 -0.57261281 -0.57134113 -0.20272134  0.56537146
 -0.6938138  -0.61435885  0.15050711 -0.51525826  0.34044018 -0.36460424
 -0.20064729 -0.15459548]",0,-0.9506982182028666,-0.4148760740213372
6675469190,1,2025,17,16,1347,15.0,0.0,0.07,0.07,0.0,0.0,0.0,0.13,0.07,0.03,0.03,0.05,0.08,0.4,3.0,0.2,0.0,0.07,0.07,0.0,0.07,0.03,0.05,0.08,0.03,0.08,15.0,58.5,23.1,29.6,5.6,65.3,24.3,31.3,8.53,89.6,94.8,94.5,65.6,1076.3,445.7,58.5,23.1,29.6,5.6,65.3,24.3,31.3,8.53,89.6,94.8,94.5,65.6,58.5,23.1,29.6,5.6,65.3,24.3,31.3,8.53,89.6,94.8,94.5,65.6,58.5,23.1,29.6,5.6,65.3,24.3,31.3,8.53,89.6,94.8,94.5,65.6,0.07,0.07,0.02,0.4,4.67,0.33,0.0,0.0,0.27,0.07,25.0,0.27,0.07,0.0,0.0,15.3,0.0,0.0,0.0,0.12,-0.03,-0.03,76.0,11.5,38.4,35.8,1.93,0.6,76.0,0.07,100.0,0.0,0.0,42.5,0.0,0.4,0.07,54.2,1.8,1.33,1.33,1.8,1.33,74.1,0.47,1.6,0.47,0.73,2.53,5.13,0.2,0.73,0.73,0.0,0.0,0.0,0.0,0.07,0.0,0.13,0.13,0.0,0.0,0.0,0.0,0.07,0.0,0.0,0.8,0.33,0.0,0.0,0.73,1.33,0.0,0.0,0.0,3.07,1.07,55.2,,,,,,,,,,,,,,,,,,,,,,,,,,,,,Mathias Jørgensen,DF,LA Galaxy,35-225,Mathias Jørgensen,,Standard,"[-0.68603763 -0.28096311 -0.69003135 -0.70038476 -0.61746318 -0.06135109
 -0.95331516 -0.78547769  1.33823255 -0.4538568  -0.98710797  0.26023146
 -0.22043691  1.16725803]",0,-2.328934694477602,-0.4403978101390516
8475454581,1,2025,27,21,1662,18.5,0.11,0.0,0.11,0.11,0.0,0.0,0.38,0.05,0.05,0.05,0.06,0.11,0.86,4.97,1.62,0.11,0.0,0.11,0.11,0.11,0.05,0.06,0.11,0.05,0.11,18.5,32.3,16.3,11.1,3.24,39.9,18.6,13.1,5.14,80.9,87.2,84.4,63.2,518.2,185.7,32.3,16.3,11.1,3.24,39.9,18.6,13.1,5.14,80.9,87.2,84.4,63.2,32.3,16.3,11.1,3.24,39.9,18.6,13.1,5.14,80.9,87.2,84.4,63.2,32.3,16.3,11.1,3.24,39.9,18.6,13.1,5.14,80.9,87.2,84.4,63.2,0.0,0.1,-0.06,0.76,3.95,0.76,0.11,0.11,0.81,0.22,26.7,0.81,0.22,0.13,0.5,22.9,0.0,0.0,0.0,0.06,0.06,0.06,50.2,2.05,12.9,27.6,10.3,0.76,50.2,0.59,57.9,0.27,26.3,27.1,0.05,1.68,1.35,32.8,2.49,1.35,1.68,2.49,1.35,45.5,1.62,1.14,0.81,1.14,3.62,1.24,0.11,2.0,2.0,0.0,0.0,0.11,0.0,0.0,0.0,0.11,0.11,0.0,0.0,0.11,0.0,0.0,0.0,0.0,1.68,2.54,0.0,0.65,1.14,1.68,0.0,0.0,0.0,5.68,0.22,25.0,,,,,,,,,,,,,,,,,,,,,,,,,,,,,Kaick,MF,FC Dallas,20-005,Kaick,U22 Initiative,U22 Initiative,"[-0.16238335 -0.79755134 -0.57261281 -0.57134113 -0.51377772  0.34485797
 -0.43431244 -0.46462986 -0.40022591  0.64578746 -0.61923318  1.15843278
  0.59093776  0.186528  ]",0,-1.551687265814296,-0.04524546989973224
5849774764,3,2025,19,8,786,8.7,0.0,0.0,0.0,0.0,0.0,0.0,0.23,0.0,0.18,0.18,0.2,0.38,1.61,1.15,4.94,0.0,0.0,0.0,0.0,0.0,0.18,0.2,0.38,0.18,0.38,8.7,15.5,10.0,4.48,0.34,21.3,12.1,5.98,0.69,73.0,82.9,75.0,50.0,209.9,30.8,15.5,10.0,4.48,0.34,21.3,12.1,5.98,0.69,73.0,82.9,75.0,50.0,15.5,10.0,4.48,0.34,21.3,12.1,5.98,0.69,73.0,82.9,75.0,50.0,15.5,10.0,4.48,0.34,21.3,12.1,5.98,0.69,73.0,82.9,75.0,50.0,0.0,0.07,-0.2,1.03,0.8,0.34,0.0,0.0,1.61,0.34,21.4,1.6,0.34,0.0,0.0,16.3,0.0,0.0,0.0,0.11,-0.18,-0.18,31.7,1.38,2.64,16.8,13.0,3.33,31.7,1.15,47.6,1.26,52.4,18.4,0.46,2.99,1.84,27.0,0.46,0.34,0.23,0.46,0.34,60.0,0.23,0.46,0.46,0.0,0.46,1.38,0.0,2.07,2.06,0.11,0.0,0.11,0.0,0.0,0.0,0.23,0.23,0.11,0.0,0.11,0.0,0.0,0.0,0.0,0.8,1.72,0.92,0.23,0.0,0.23,0.0,0.0,0.0,1.95,4.02,64.8,,,,,,,,,,,,,,,,,,,,,,,,,,,,,Kei Kamara,FW,FC Cincinnati,41-094,,,,"[-0.68603763 -0.79755134  0.19060767  0.26744243  0.9378187  -0.78479009
  0.33458048 -0.2079516  -1.51496264 -1.48651766 -0.01943733 -1.48410154
 -1.66507962 -1.26324681]",0,1.5585853953819395,-1.8110411372001556
6182416253,3,2025,28,16,1576,17.5,0.11,0.06,0.17,0.11,0.0,0.0,0.17,0.0,0.21,0.21,0.06,0.27,2.74,2.0,6.11,0.11,0.06,0.17,0.11,0.17,0.21,0.06,0.27,0.21,0.27,17.5,21.0,12.4,6.4,1.2,27.5,14.4,8.29,2.0,76.1,86.1,77.2,60.0,305.0,85.9,21.0,12.4,6.4,1.2,27.5,14.4,8.29,2.0,76.1,86.1,77.2,60.0,21.0,12.4,6.4,1.2,27.5,14.4,8.29,2.0,76.1,86.1,77.2,60.0,21.0,12.4,6.4,1.2,27.5,14.4,8.29,2.0,76.1,86.1,77.2,60.0,0.06,0.09,-0.01,0.8,1.31,0.97,0.34,0.11,1.66,0.57,34.5,1.66,0.57,0.07,0.2,16.7,0.0,0.0,0.0,0.13,-0.1,-0.1,38.5,1.66,8.51,14.5,16.4,3.14,38.5,1.71,57.7,1.09,36.5,21.1,1.14,2.34,1.03,23.4,1.26,0.57,0.74,1.26,0.57,40.0,0.86,0.69,0.63,0.8,2.06,0.8,0.0,2.51,2.51,0.34,0.0,0.17,0.0,0.0,0.0,0.11,0.11,0.34,0.0,0.17,0.0,0.0,0.0,0.0,0.91,1.49,0.34,1.66,0.8,0.74,0.0,0.0,0.0,4.34,0.34,33.3,,,,,,,,,,,,,,,,,,,,,,,,,,,,,Bernard Kamungo,"DF,FW",FC Dallas,23-337,Bernard Kamungo,,Standard,"[-0.16238335 -0.35476143  0.36673547  0.46100787 -0.51377772  0.23395645
  0.38263629  0.28401507 -1.15001907 -1.01205186  0.88425508 -0.4427087
 -0.08190953 -0.7728818 ]",0,1.1319076402962174,-1.133854469697206
4405738147,1,2025,29,23,1835,20.4,0.05,0.15,0.2,0.05,0.0,0.0,0.44,0.0,0.1,0.1,0.15,0.25,1.57,3.73,5.78,0.05,0.15,0.2,0.05,0.2,0.1,0.15,0.26,0.1,0.26,20.4,38.0,17.7,15.2,3.63,53.3,20.5,20.3,8.77,71.4,86.4,74.9,41.3,641.8,208.1,38.0,17.7,15.2,3.63,53.3,20.5,20.3,8.77,71.4,86.4,74.9,41.3,38.0,17.7,15.2,3.63,53.3,20.5,20.3,8.77,71.4,86.4,74.9,41.3,38.0,17.7,15.2,3.63,53.3,20.5,20.3,8.77,71.4,86.4,74.9,41.3,0.15,0.2,-0.0,1.62,2.7,1.42,0.64,0.05,1.32,0.34,25.9,1.32,0.34,0.04,0.14,21.1,0.0,0.0,0.0,0.08,-0.05,-0.05,61.5,2.6,12.4,27.5,22.4,1.72,61.5,0.59,37.5,0.88,56.3,32.7,0.25,1.03,0.34,37.9,1.23,0.54,0.64,1.23,0.54,55.0,0.44,0.49,0.39,0.44,1.67,2.06,0.05,3.14,3.14,0.15,0.0,0.0,0.0,0.0,0.0,0.29,0.29,0.15,0.0,0.0,0.0,0.0,0.0,0.0,1.81,1.18,0.34,6.32,0.44,0.64,0.0,0.05,0.0,3.19,0.34,35.0,,,,,,,,,,,,,,,,,,,,,,,,,,,,,Alexandros Katranis,DF,Real Salt Lake,27-214,Alexandros Katranis,,Standard,"[-0.44801295  0.30942344 -0.27906647 -0.24873207  0.41939141  0.56795057
  0.0558568  -0.2079516  -0.02201167 -0.04637441 -0.05142644 -0.48176094
 -0.79433607 -1.19928616]",0,0.3170984097989558,0.10001959768995564
9327724047,3,2025,27,10,1017,11.3,0.09,0.18,0.27,0.09,0.0,0.0,0.44,0.0,0.12,0.12,0.05,0.17,1.06,5.13,1.77,0.09,0.18,0.27,0.09,0.27,0.11,0.06,0.17,0.11,0.17,11.3,41.0,21.1,14.4,3.72,50.6,24.1,16.9,6.37,80.9,87.5,85.3,58.3,671.9,210.3,41.0,21.1,14.4,3.72,50.6,24.1,16.9,6.37,80.9,87.5,85.3,58.3,41.0,21.1,14.4,3.72,50.6,24.1,16.9,6.37,80.9,87.5,85.3,58.3,41.0,21.1,14.4,3.72,50.6,24.1,16.9,6.37,80.9,87.5,85.3,58.3,0.18,0.06,0.12,0.88,3.81,0.97,0.09,0.09,1.24,0.18,14.3,1.24,0.18,0.07,0.5,17.7,0.0,0.0,0.0,0.09,-0.03,-0.03,62.4,1.59,12.5,35.0,15.6,1.24,62.4,0.71,53.3,0.44,33.3,31.9,0.18,1.42,1.06,38.7,3.19,1.95,1.86,3.19,1.95,55.0,1.59,1.59,1.5,1.86,5.04,0.88,0.0,3.45,3.45,0.09,0.0,0.0,0.0,0.18,0.0,0.27,0.27,0.09,0.0,0.0,0.0,0.18,0.0,0.0,2.12,1.24,0.0,0.88,1.86,1.86,0.0,0.0,0.0,6.9,1.06,63.2,,,,,,,,,,,,,,,,,,,,,,,,,,,,,Mark-Anthony Kaye,MF,SJ Earthquakes,31-002,Mark-Anthony Kaye,TAM Player,TAM Player,"[-0.25759322  0.5308184  -0.16164794 -0.11968844 -0.61746318 -0.48690344
 -0.0210325  -0.55018928  0.17704846  0.73509867 -0.45928762  2.06965152
  2.01579084  1.14593781]",0,-1.7840137122110729,1.0902702931733508
8632851429,1,2025,15,10,1035,11.5,0.0,0.0,0.0,0.0,0.0,0.0,0.26,0.0,0.02,0.02,0.01,0.02,0.17,2.52,0.09,0.0,0.0,0.0,0.0,0.0,0.01,0.0,0.02,0.01,0.02,11.5,46.3,19.3,23.0,3.57,52.2,20.4,25.0,5.83,88.8,94.5,92.0,61.2,812.9,298.4,46.3,19.3,23.0,3.57,52.2,20.4,25.0,5.83,88.8,94.5,92.0,61.2,46.3,19.3,23.0,3.57,52.2,20.4,25.0,5.83,88.8,94.5,92.0,61.2,46.3,19.3,23.0,3.57,52.2,20.4,25.0,5.83,88.8,94.5,92.0,61.2,0.0,0.03,-0.01,0.17,2.78,0.0,0.0,0.0,0.26,0.0,0.0,0.26,0.0,0.0,,13.6,0.0,0.0,0.0,0.05,-0.02,-0.02,62.0,8.09,30.9,29.0,2.35,0.43,62.0,0.09,100.0,0.0,0.0,39.6,0.09,0.26,0.0,42.8,1.22,0.61,0.35,1.22,0.61,63.6,0.35,1.22,0.61,1.48,2.7,4.17,0.0,0.52,0.52,0.0,0.0,0.0,0.0,0.0,0.0,0.0,0.0,0.0,0.0,0.0,0.0,0.0,0.0,0.0,1.3,0.43,0.0,0.09,1.48,0.35,0.0,0.0,0.0,3.04,1.74,66.7,,,,,,,,,,,,,,,,,,,,,,,,,,,,,Kim Kee-hee,DF,Seattle Sounders,36-144,Kim Kee-hee,,Standard,"[-0.68603763 -0.79755134 -0.74874061 -0.76490657 -1.03220501 -0.46369149
 -0.96292632 -0.93520667  0.52872136 -0.72179043 -1.17104536 -0.49477835
  1.26378505  0.35708975]",0,-2.505999584220442,-1.374069331856921
1941921122,2,2025,33,17,1605,17.8,0.39,0.06,0.45,0.34,0.06,0.06,0.17,0.0,0.33,0.28,0.09,0.37,0.51,1.57,3.99,0.39,0.06,0.45,0.34,0.39,0.33,0.09,0.42,0.28,0.37,17.8,14.2,7.98,4.66,0.62,19.2,10.6,5.73,0.9,74.0,75.1,81.4,68.8,196.5,36.2,14.2,7.98,4.66,0.62,19.2,10.6,5.73,0.9,74.0,75.1,81.4,68.8,14.2,7.98,4.66,0.62,19.2,10.6,5.73,0.9,74.0,75.1,81.4,68.8,14.2,7.98,4.66,0.62,19.2,10.6,5.73,0.9,74.0,75.1,81.4,68.8,0.06,0.05,-0.03,0.79,1.12,0.22,0.0,0.39,1.91,0.73,38.2,1.91,0.73,0.18,0.46,13.6,0.0,0.06,0.06,0.15,0.07,0.06,31.1,1.35,3.88,16.2,11.6,3.99,31.0,0.56,30.3,1.29,69.7,15.6,0.34,2.98,1.8,21.5,0.51,0.11,0.39,0.51,0.11,33.3,0.22,0.79,0.62,0.34,0.84,1.35,0.0,1.69,1.68,0.06,0.0,0.28,0.0,0.0,0.0,0.22,0.22,0.06,0.0,0.28,0.0,0.0,0.0,0.0,1.74,1.46,0.73,0.11,0.34,0.39,0.0,0.0,0.0,1.74,2.36,48.8,,,,,,,,,,,,,,,,,,,,,,,,,,,,,Kevin Kelsy,FW,Portland Timbers,21-130,Kevin Kelsy,U22 Initiative,U22 Initiative,"[ 1.17055481 -0.35476143  1.07124668  0.91266056 -0.20272134  0.27135347
  0.62291532  0.62625276 -1.60122203 -1.25207574 -0.89913791 -1.41901449
 -0.99223233 -0.55967962]",0,2.4382948291096347,-2.3748572364061205
9905418906,1,2025,15,5,543,6.0,0.0,0.5,0.5,0.0,0.0,0.0,0.0,0.0,0.03,0.03,0.3,0.32,4.17,5.17,12.0,0.0,0.5,0.5,0.0,0.5,0.03,0.29,0.32,0.03,0.32,6.0,41.2,23.0,13.0,3.0,50.5,25.5,16.7,4.17,81.5,90.2,78.0,72.0,601.7,120.5,41.2,23.0,13.0,3.0,50.5,25.5,16.7,4.17,81.5,90.2,78.0,72.0,41.2,23.0,13.0,3.0,50.5,25.5,16.7,4.17,81.5,90.2,78.0,72.0,41.2,23.0,13.0,3.0,50.5,25.5,16.7,4.17,81.5,90.2,78.0,72.0,0.5,0.32,0.2,2.17,1.83,2.33,0.5,0.0,0.67,0.0,0.0,0.66,0.0,0.0,,18.3,0.0,0.0,0.0,0.04,-0.03,-0.03,63.2,1.0,8.17,24.2,31.3,5.0,63.2,2.17,38.2,3.33,58.8,49.0,3.17,1.83,1.5,48.8,1.67,1.0,0.67,1.67,1.0,50.0,1.0,1.33,1.17,1.0,2.67,0.33,0.0,4.5,4.47,0.83,0.0,0.0,0.0,0.0,0.0,0.83,0.83,0.83,0.0,0.0,0.0,0.0,0.0,0.0,1.0,1.67,0.5,3.17,1.0,0.67,0.0,0.0,0.0,5.83,0.33,33.3,,,,,,,,,,,,,,,,,,,,,,,,,,,,,Ryan Kent,"FW,MF",Seattle Sounders,29-023,,,,"[-0.68603763  2.8923646  -0.69003135 -0.70038476  1.97467328 -1.09815136
 -0.5688687  -0.93520667  0.19031914  0.75742647  2.02786583  0.09100513
  0.31388299  0.59161214]",-1,-0.13490066156116423,3.500825844193274
9414289641,2,2025,20,8,879,9.8,0.41,0.0,0.41,0.41,0.0,0.0,0.1,0.0,0.22,0.22,0.05,0.27,1.02,1.02,3.78,0.41,0.0,0.41,0.41,0.41,0.22,0.05,0.27,0.22,0.27,9.8,8.78,4.08,3.57,0.31,13.2,5.61,5.0,0.51,66.7,72.7,71.4,60.0,133.6,15.5,8.78,4.08,3.57,0.31,13.2,5.61,5.0,0.51,66.7,72.7,71.4,60.0,8.78,4.08,3.57,0.31,13.2,5.61,5.0,0.51,66.7,72.7,71.4,60.0,8.78,4.08,3.57,0.31,13.2,5.61,5.0,0.51,66.7,72.7,71.4,60.0,0.0,0.02,-0.05,0.31,0.82,0.1,0.0,0.41,1.12,0.71,63.6,1.13,0.72,0.36,0.57,11.1,0.0,0.0,0.0,0.2,0.18,0.18,24.0,0.31,1.33,11.7,11.1,3.57,24.0,0.51,27.8,1.22,66.7,14.3,0.51,3.98,1.53,18.9,0.71,0.2,0.61,0.71,0.2,66.7,0.1,0.41,0.41,0.2,0.92,0.2,0.0,1.12,1.13,0.1,0.0,0.41,0.0,0.0,0.0,0.0,0.0,0.1,0.0,0.41,0.0,0.0,0.0,0.0,1.43,2.24,0.61,0.2,0.2,0.61,0.0,0.0,0.0,1.02,2.35,31.9,,,,,,,,,,,,,,,,,,,,,,,,,,,,,Deandre Kerr,FW,Toronto FC,23-015,Deandre Kerr,Homegrown Player,Homegrown,"[ 1.26576468 -0.79755134  0.42544474  0.52552968 -0.61746318 -0.6648617
 -0.13636643  0.58347305 -1.96085733 -1.55908302 -0.49127673 -1.15866628
 -1.2692871  -1.3698479 ]",0,2.0163719021428936,-2.8643632486929165
6785845919,2,2025,17,15,1374,15.3,0.0,0.07,0.07,0.0,0.0,0.0,0.13,0.0,0.02,0.02,0.03,0.05,0.33,2.03,0.13,0.0,0.07,0.07,0.0,0.07,0.02,0.03,0.05,0.02,0.05,15.3,43.7,11.9,26.7,4.58,48.0,12.6,27.8,6.41,91.0,94.3,96.2,71.4,879.7,308.6,43.7,11.9,26.7,4.58,48.0,12.6,27.8,6.41,91.0,94.3,96.2,71.4,43.7,11.9,26.7,4.58,48.0,12.6,27.8,6.41,91.0,94.3,96.2,71.4,43.7,11.9,26.7,4.58,48.0,12.6,27.8,6.41,91.0,94.3,96.2,71.4,0.07,0.03,0.03,0.26,1.9,0.07,0.0,0.0,0.39,0.07,16.7,0.39,0.07,0.0,0.0,10.9,0.0,0.0,0.0,0.05,-0.02,-0.02,60.8,10.5,40.1,18.2,2.88,1.37,60.8,0.2,75.0,0.07,25.0,33.2,0.0,0.39,0.0,37.8,1.37,0.78,0.92,1.37,0.78,85.7,0.13,1.57,0.2,0.65,2.03,6.8,0.07,0.78,0.79,0.0,0.0,0.13,0.0,0.0,0.0,0.07,0.07,0.0,0.0,0.13,0.0,0.0,0.0,0.0,0.72,1.05,0.13,0.07,0.65,0.92,0.0,0.0,0.07,4.77,1.83,48.3,,,,,,,,,,,,,,,,,,,,,,,,,,,,,Henry Kessler,DF,St. Louis,27-162,Henry Kessler,TAM Player,TAM Player,"[-0.68603763 -0.28096311 -0.74874061 -0.76490657 -0.8248341  -0.02653317
 -0.83798122 -0.78547769  0.35620258 -0.99530601 -1.04308891 -0.29951719
 -0.37875392  1.10329737]",0,-1.9172788895803656,-1.2481023739732884
9940311179,2,2025,29,20,1593,17.7,0.11,0.0,0.11,0.11,0.0,0.0,0.0,0.0,0.06,0.06,0.07,0.13,1.81,3.33,4.01,0.11,0.0,0.11,0.11,0.11,0.06,0.07,0.13,0.06,0.13,17.7,26.7,15.6,9.15,1.02,32.9,18.0,10.7,1.92,81.1,86.8,85.3,52.9,392.3,108.8,26.7,15.6,9.15,1.02,32.9,18.0,10.7,1.92,81.1,86.8,85.3,52.9,26.7,15.6,9.15,1.02,32.9,18.0,10.7,1.92,81.1,86.8,85.3,52.9,26.7,15.6,9.15,1.02,32.9,18.0,10.7,1.92,81.1,86.8,85.3,52.9,0.0,0.07,-0.07,0.9,2.82,0.79,0.06,0.11,0.73,0.23,30.8,0.73,0.23,0.15,0.5,16.8,0.0,0.0,0.0,0.08,0.06,0.06,44.8,1.07,8.36,23.1,14.4,1.92,44.8,1.58,49.1,1.53,47.4,26.7,0.34,1.86,1.47,29.6,1.64,0.96,0.9,1.64,0.96,48.6,1.02,1.75,1.64,0.85,2.49,1.19,0.17,2.03,2.04,0.23,0.0,0.06,0.0,0.0,0.0,0.0,0.0,0.23,0.0,0.06,0.0,0.0,0.0,0.0,1.02,1.36,0.17,0.34,0.85,0.9,0.0,0.0,0.0,4.75,0.23,16.7,,,,,,,,,,,,,,,,,,,,,,,,,,,,,Hosei Kijima,"MF,FW",D.C. United,23-156,Hosei Kijima,,Standard,"[-0.16238335 -0.79755134 -0.51390354 -0.50681932 -0.41009226  0.25587884
 -0.51120173 -0.44324    -0.77180482 -0.26965243  0.14050823  0.05195289
  0.0170386   1.48706129]",0,-1.0878985558799628,-0.6385803045872592
274674920,3,2025,10,5,422,4.7,0.0,0.0,0.0,0.0,0.0,0.0,0.64,0.0,0.04,0.04,0.15,0.19,2.77,4.26,7.45,0.0,0.0,0.0,0.0,0.0,0.04,0.16,0.2,0.04,0.2,4.7,43.0,27.7,12.1,2.13,57.0,32.1,16.2,4.26,75.4,86.1,75.0,50.0,606.0,208.5,43.0,27.7,12.1,2.13,57.0,32.1,16.2,4.26,75.4,86.1,75.0,50.0,43.0,27.7,12.1,2.13,57.0,32.1,16.2,4.26,75.4,86.1,75.0,50.0,43.0,27.7,12.1,2.13,57.0,32.1,16.2,4.26,75.4,86.1,75.0,50.0,0.0,0.21,-0.15,1.06,2.77,1.49,0.85,0.0,0.21,0.0,0.0,0.21,0.0,0.0,,13.3,0.0,0.0,0.0,0.2,-0.04,-0.04,69.8,4.89,16.2,31.3,23.0,1.91,69.8,0.64,27.3,1.49,63.6,37.4,0.21,1.28,0.21,41.5,1.49,1.28,1.28,1.49,1.28,50.0,1.28,1.06,1.06,1.06,2.55,3.19,0.0,1.91,1.92,0.0,0.0,0.21,0.0,0.0,0.0,0.0,0.0,0.0,0.0,0.21,0.0,0.0,0.0,0.0,1.28,1.28,0.0,4.68,1.06,1.28,0.0,0.0,0.0,4.26,1.49,38.9,,,,,,,,,,,,,,,,,,,,,,,,,,,,,Benjamin Kikanovic,"DF,MF",SJ Earthquakes,25-332,,,,"[-0.68603763 -0.79755134 -0.63132208 -0.63586294  0.41939141 -1.25418722
 -1.01098213 -0.93520667  0.30975522  0.24946897  0.90824692 -0.14330826
  0.43262075  0.01596626]",0,-1.4615355193438764,0.4129259100908414
5517332217,1,2025,33,29,2411,26.8,0.37,0.07,0.45,0.37,0.0,0.0,0.15,0.0,0.42,0.42,0.15,0.57,0.97,2.57,4.85,0.37,0.07,0.45,0.37,0.45,0.42,0.15,0.57,0.42,0.57,26.8,16.3,8.47,5.04,0.9,22.6,10.9,6.75,1.27,72.3,78.0,74.6,70.6,227.5,55.6,16.3,8.47,5.04,0.9,22.6,10.9,6.75,1.27,72.3,78.0,74.6,70.6,16.3,8.47,5.04,0.9,22.6,10.9,6.75,1.27,72.3,78.0,74.6,70.6,16.3,8.47,5.04,0.9,22.6,10.9,6.75,1.27,72.3,78.0,74.6,70.6,0.07,0.15,-0.08,1.19,1.34,0.82,0.04,0.37,3.73,1.19,32.0,3.73,1.19,0.1,0.31,14.1,0.0,0.0,0.0,0.11,-0.04,-0.04,33.7,1.34,2.95,15.4,15.6,5.9,33.7,0.67,43.9,0.75,48.8,16.6,0.6,1.75,1.27,22.9,0.93,0.3,0.6,0.93,0.3,47.1,0.34,0.67,0.56,0.3,1.23,1.16,0.0,3.17,3.17,0.11,0.07,0.15,0.0,0.0,0.0,0.37,0.37,0.11,0.07,0.15,0.0,0.0,0.0,0.0,1.23,1.19,0.3,0.34,0.3,0.6,0.0,0.0,0.0,1.9,3.02,63.8,,,,,,,,,,,,,,,,,,,,,,,,,,,,,Klauss,FW,St. Louis,28-278,,,,"[ 1.07534494 -0.28096311  1.59963009  1.81596593  0.41939141  1.31073285
  2.37214672  1.61018609 -1.46187994 -0.69388068 -0.53126312 -0.87228325
 -1.07139083 -0.81552223]",0,4.035533842844528,-1.4424750706119804
2247861077,3,2025,16,9,795,8.8,0.0,0.11,0.11,0.0,0.0,0.0,0.45,0.0,0.03,0.03,0.13,0.16,0.8,5.8,3.3,0.0,0.11,0.11,0.0,0.11,0.03,0.13,0.16,0.03,0.16,8.8,55.5,26.7,23.0,3.98,64.7,28.9,25.9,6.48,85.8,92.5,88.6,61.4,902.7,315.5,55.5,26.7,23.0,3.98,64.7,28.9,25.9,6.48,85.8,92.5,88.6,61.4,55.5,26.7,23.0,3.98,64.7,28.9,25.9,6.48,85.8,92.5,88.6,61.4,55.5,26.7,23.0,3.98,64.7,28.9,25.9,6.48,85.8,92.5,88.6,61.4,0.11,0.11,-0.01,1.25,6.93,1.02,0.11,0.0,0.8,0.23,28.6,0.79,0.23,0.0,0.0,26.2,0.0,0.0,0.0,0.04,-0.03,-0.03,71.5,0.91,14.1,43.9,14.1,1.02,71.5,0.23,40.0,0.34,60.0,41.6,0.0,1.25,0.57,51.5,1.82,0.57,0.91,1.82,0.57,29.4,1.36,0.57,0.57,1.14,2.95,0.68,0.0,1.82,1.81,0.0,0.0,0.0,0.0,0.0,0.0,0.11,0.11,0.0,0.0,0.0,0.0,0.0,0.0,0.0,1.48,1.14,0.0,0.57,1.14,0.91,0.0,0.0,0.0,6.14,0.34,60.0,,,,,,,,,,,,,,,,,,,,,,,,,,,,,Mateusz Klich,MF,Atlanta Utd,35-174,Mateusz Klich,,Standard,"[-0.68603763  0.01423017 -0.69003135 -0.70038476  0.21202049 -0.77318411
 -0.4439236  -0.44324     1.13917242  1.10908936 -0.66721685  0.28626628
  0.59093776 -1.02872441]",0,-1.526056725719271,0.9525807856006684
9684467639,3,2025,25,5,732,8.1,0.12,0.12,0.25,0.12,0.0,0.0,0.25,0.0,0.02,0.02,0.27,0.28,2.47,2.59,7.41,0.12,0.12,0.25,0.12,0.25,0.02,0.26,0.29,0.02,0.29,8.1,36.4,15.3,15.4,4.81,52.5,17.9,19.4,13.0,69.4,85.5,79.6,37.1,674.1,245.9,36.4,15.3,15.4,4.81,52.5,17.9,19.4,13.0,69.4,85.5,79.6,37.1,36.4,15.3,15.4,4.81,52.5,17.9,19.4,13.0,69.4,85.5,79.6,37.1,36.4,15.3,15.4,4.81,52.5,17.9,19.4,13.0,69.4,85.5,79.6,37.1,0.12,0.3,-0.15,2.1,2.84,1.48,0.86,0.12,0.62,0.25,40.0,0.61,0.25,0.2,0.5,23.9,0.0,0.0,0.0,0.04,0.1,0.1,62.1,3.09,17.8,24.9,20.2,0.86,62.1,0.37,30.0,0.86,70.0,29.8,0.12,0.49,0.25,35.4,1.73,0.74,0.99,1.73,0.74,85.7,0.12,1.11,0.49,0.86,2.59,3.58,0.12,3.21,3.2,0.0,0.0,0.0,0.0,0.0,0.0,0.12,0.12,0.0,0.0,0.0,0.0,0.0,0.0,0.0,0.25,0.49,0.37,8.77,0.86,0.99,0.0,0.0,0.0,3.7,0.12,14.3,,,,,,,,,,,,,,,,,,,,,,,,,,,,,Žan Kolmanič,"DF,MF",Austin,25-276,Žan Kolmanič,,Standard,"[-0.11477841  0.08802849 -0.74874061 -0.76490657  1.66361691 -0.85442592
 -0.61692451 -0.40046029 -0.12817707 -0.68271678  0.66832858  0.16910959
  0.03682823  0.12256735]",0,-0.3819546111558145,0.7506735974059396
8884646912,1,2025,18,6,564,6.3,0.48,0.16,0.63,0.48,0.0,0.0,0.16,0.0,0.22,0.22,0.1,0.32,2.86,5.71,1.43,0.48,0.16,0.64,0.48,0.64,0.22,0.1,0.32,0.22,0.32,6.3,46.8,22.5,20.6,2.86,51.3,24.0,22.1,3.49,91.3,94.0,93.5,81.8,791.7,225.2,46.8,22.5,20.6,2.86,51.3,24.0,22.1,3.49,91.3,94.0,93.5,81.8,46.8,22.5,20.6,2.86,51.3,24.0,22.1,3.49,91.3,94.0,93.5,81.8,46.8,22.5,20.6,2.86,51.3,24.0,22.1,3.49,91.3,94.0,93.5,81.8,0.16,0.06,0.06,0.63,5.08,0.48,0.0,0.48,1.75,0.95,54.5,1.76,0.96,0.27,0.5,22.3,0.0,0.0,0.0,0.12,0.25,0.25,60.8,2.22,14.0,33.2,14.0,1.11,60.8,0.95,40.0,1.27,53.3,39.5,0.48,0.63,1.75,47.3,0.95,0.48,0.48,0.95,0.48,100.0,0.0,0.63,0.63,1.27,2.22,1.27,0.0,2.06,2.07,0.32,0.16,0.0,0.0,0.0,0.0,0.63,0.64,0.32,0.16,0.0,0.0,0.0,0.0,0.0,1.59,1.43,0.0,0.32,1.27,0.48,0.0,0.0,0.0,3.81,0.32,40.0,,,,,,,,,,,,,,,,,,,,,,,,,,,,,Rominigue Kouamé,MF,Chicago Fire,28-352,Rominigue Kouamé,TAM Player,TAM Player,"[ 1.59899922  0.38322176  0.42544474  0.52552968 -0.09903589 -1.07107076
  0.46913674  1.09682957  0.56189805  1.0588518   0.98022242 -0.84624843
  0.8482029  -0.90080311]",-1,1.5726320176518738,0.8140949571472392
2820476830,1,2025,29,16,1498,16.6,0.06,0.06,0.12,0.06,0.0,0.0,0.24,0.0,0.1,0.1,0.07,0.17,2.29,3.67,7.65,0.06,0.06,0.12,0.06,0.12,0.1,0.07,0.17,0.1,0.17,16.6,30.5,18.8,8.92,1.33,36.7,20.7,10.7,1.87,83.3,91.0,83.1,71.0,420.2,96.7,30.5,18.8,8.92,1.33,36.7,20.7,10.7,1.87,83.3,91.0,83.1,71.0,30.5,18.8,8.92,1.33,36.7,20.7,10.7,1.87,83.3,91.0,83.1,71.0,30.5,18.8,8.92,1.33,36.7,20.7,10.7,1.87,83.3,91.0,83.1,71.0,0.06,0.13,-0.01,0.96,1.81,1.2,0.36,0.06,1.33,0.42,31.8,1.32,0.42,0.05,0.14,19.6,0.06,0.0,0.0,0.07,-0.04,-0.04,46.1,1.14,6.14,18.5,21.8,3.13,46.1,0.24,17.4,1.02,73.9,29.6,0.78,1.57,0.78,35.0,1.33,0.6,0.96,1.33,0.6,34.5,1.14,1.33,1.33,0.42,1.75,0.78,0.0,3.19,3.19,0.06,0.0,0.54,0.06,0.0,0.0,0.3,0.3,0.06,0.0,0.54,0.06,0.0,0.0,0.0,1.63,2.17,0.06,1.69,0.42,0.96,0.0,0.0,0.0,3.31,0.24,30.8,,,,,,,,,,,,,,,,,,,,,,,,,,,,,Sebastian Kowalczyk,"FW,MF",Houston Dynamo,27-104,Sebastian Kowalczyk,TAM Player,TAM Player,"[-0.40040802 -0.35476143 -0.27906647 -0.24873207 -0.41009226  0.13337135
  0.06546796 -0.03683276 -0.51966199 -0.07986611  0.52437757 -0.35158683
 -0.83391532  0.59161214]",0,-0.06451882810633765,-0.39473880279766804
263792674,3,2025,25,12,1142,12.7,0.08,0.16,0.24,0.08,0.0,0.0,0.16,0.0,0.2,0.2,0.12,0.31,2.91,4.25,6.77,0.08,0.16,0.24,0.08,0.24,0.19,0.12,0.31,0.19,0.31,12.7,29.0,18.0,8.19,1.02,38.3,21.0,10.3,2.52,75.6,85.8,79.4,40.6,390.9,132.9,29.0,18.0,8.19,1.02,38.3,21.0,10.3,2.52,75.6,85.8,79.4,40.6,29.0,18.0,8.19,1.02,38.3,21.0,10.3,2.52,75.6,85.8,79.4,40.6,29.0,18.0,8.19,1.02,38.3,21.0,10.3,2.52,75.6,85.8,79.4,40.6,0.16,0.18,0.04,1.42,3.23,1.34,0.31,0.08,2.05,0.94,46.2,2.05,0.95,0.04,0.08,18.3,0.0,0.0,0.0,0.09,-0.12,-0.12,50.6,0.79,5.91,20.6,24.9,3.39,50.6,1.5,38.0,2.13,54.0,33.9,1.02,2.05,1.57,39.3,0.94,0.39,0.55,0.94,0.39,41.7,0.55,1.18,0.94,0.79,1.73,0.39,0.0,3.46,3.47,0.08,0.0,0.16,0.0,0.24,0.0,0.55,0.55,0.08,0.0,0.16,0.0,0.24,0.0,0.0,0.39,1.5,0.24,1.97,0.79,0.55,0.08,0.0,0.0,3.94,0.16,16.7,,,,,,,,,,,,,,,,,,,,,,,,,,,,,Theodore Ku-Dipietro,"FW,MF",Colorado Rapids,23-310,Theodore Ku-Dipietro,U22 Initiative,U22 Initiative,"[-0.30519815  0.38322176  0.3080262   0.39648606  0.10833503 -0.32570937
  0.75747158  1.07543971 -0.61919206  0.24388702  1.02020881 -0.85926584
 -0.10169915  0.27180888]",0,1.4086167756502737,0.30116880002175916
3238972663,3,2025,14,7,659,7.3,0.14,0.0,0.14,0.14,0.0,0.0,0.14,0.0,0.19,0.19,0.04,0.23,3.42,3.84,6.44,0.14,0.0,0.14,0.14,0.14,0.2,0.04,0.23,0.2,0.23,7.3,27.8,13.2,10.8,2.74,34.2,15.5,12.6,3.42,81.2,85.0,85.9,80.0,473.7,116.2,27.8,13.2,10.8,2.74,34.2,15.5,12.6,3.42,81.2,85.0,85.9,80.0,27.8,13.2,10.8,2.74,34.2,15.5,12.6,3.42,81.2,85.0,85.9,80.0,27.8,13.2,10.8,2.74,34.2,15.5,12.6,3.42,81.2,85.0,85.9,80.0,0.0,0.07,-0.04,0.82,3.42,0.96,0.14,0.14,2.47,1.1,44.4,2.46,1.09,0.06,0.13,16.8,0.0,0.0,0.0,0.08,-0.05,-0.05,47.4,0.82,4.66,23.6,19.6,3.42,47.4,0.68,29.4,1.51,64.7,29.3,1.1,2.74,1.78,34.2,1.51,0.68,0.55,1.51,0.68,62.5,0.41,0.96,0.82,0.27,1.78,0.82,0.0,2.19,2.19,0.0,0.0,0.0,0.0,0.0,0.0,0.14,0.14,0.0,0.0,0.0,0.0,0.0,0.0,0.0,1.64,0.82,0.68,0.96,0.27,0.55,0.0,0.0,0.0,3.84,0.68,31.3,,,,,,,,,,,,,,,,,,,,,,,,,,,,,Yuya Kubo,"MF,FW",FC Cincinnati,31-345,Yuya Kubo,TAM Player,TAM Player,"[-0.01956855 -0.79755134  0.24931693  0.33196424 -0.72114864 -0.94856326
  1.16114037  1.4176774  -0.69881611  0.01502704  1.42806999 -0.11727344
 -1.13075971 -0.19723592]",0,1.6404020495812135,-0.5165296042022719
8206249432,1,2025,19,7,762,8.5,0.0,0.0,0.0,0.0,0.0,0.0,0.24,0.0,0.0,0.0,0.05,0.05,2.59,2.35,8.35,0.0,0.0,0.0,0.0,0.0,0.0,0.05,0.05,0.0,0.05,8.5,48.6,23.5,20.6,3.18,59.8,26.7,23.5,6.0,81.3,88.1,87.5,52.9,800.0,176.1,48.6,23.5,20.6,3.18,59.8,26.7,23.5,6.0,81.3,88.1,87.5,52.9,48.6,23.5,20.6,3.18,59.8,26.7,23.5,6.0,81.3,88.1,87.5,52.9,48.6,23.5,20.6,3.18,59.8,26.7,23.5,6.0,81.3,88.1,87.5,52.9,0.0,0.06,-0.05,0.82,2.12,0.82,0.47,0.0,0.12,0.0,0.0,0.12,0.0,0.0,,17.0,0.0,0.0,0.0,0.02,0.0,0.0,68.1,3.29,17.5,29.3,21.8,1.53,68.1,0.59,45.5,0.71,54.5,37.2,0.35,1.06,0.12,44.6,1.88,1.06,1.29,1.88,1.06,75.0,0.35,1.06,0.71,0.35,2.24,2.94,0.12,1.88,1.89,0.12,0.12,0.0,0.0,0.0,0.0,0.59,0.59,0.12,0.12,0.0,0.0,0.0,0.0,0.0,1.06,0.82,0.24,3.29,0.35,1.29,0.0,0.12,0.0,4.12,0.35,25.0,,,,,,,,,,,,,,,,,,,,,,,,,,,,,Willy Kumado,DF,San Diego FC,23-049,Willy Kumado,,Standard,"[-0.68603763 -0.79755134 -0.86615915 -0.89395019 -0.61746318 -0.81573935
 -1.09748258 -0.93520667  0.68133412 -0.81668359  0.76429591  0.36437075
 -0.9724427   0.01596626]",0,-1.693301092337448,-0.5319622306235421
6271505296,1,2025,30,24,2116,23.5,0.21,0.04,0.26,0.21,0.0,0.0,0.17,0.0,0.09,0.09,0.06,0.16,2.85,5.91,5.45,0.21,0.04,0.26,0.21,0.26,0.09,0.07,0.16,0.09,0.16,23.5,38.4,23.9,11.4,1.28,46.6,26.5,13.4,2.38,82.5,90.2,84.8,53.6,522.9,154.1,38.4,23.9,11.4,1.28,46.6,26.5,13.4,2.38,82.5,90.2,84.8,53.6,38.4,23.9,11.4,1.28,46.6,26.5,13.4,2.38,82.5,90.2,84.8,53.6,38.4,23.9,11.4,1.28,46.6,26.5,13.4,2.38,82.5,90.2,84.8,53.6,0.04,0.08,-0.02,0.94,4.47,1.06,0.0,0.21,1.02,0.38,37.5,1.02,0.38,0.21,0.56,17.6,0.0,0.0,0.0,0.09,0.12,0.12,54.5,0.68,7.19,28.0,19.9,2.38,54.5,0.68,55.2,0.51,41.4,33.7,0.47,1.83,1.28,42.4,1.32,0.55,0.72,1.32,0.55,38.2,0.89,1.19,0.94,0.26,1.57,0.34,0.13,2.43,2.42,0.0,0.0,0.0,0.0,0.0,0.0,0.21,0.21,0.0,0.0,0.0,0.0,0.0,0.0,0.0,1.62,0.43,0.04,1.49,0.26,0.72,0.0,0.0,0.0,4.68,0.3,38.9,,,,,,,,,,,,,,,,,,,,,,,,,,,,,Luca de la Torre,MF,San Diego FC,27-195,Luca de la Torre,TAM Player,TAM Player,"[ 0.313666   -0.50235806 -0.33777574 -0.31325388 -0.51377772  0.93031484
 -0.23247805 -0.12239218  0.00452968  1.17049081  0.97222514 -0.36460424
 -1.15054934  0.29312909]",0,-0.0735666845622161,0.4166948805807998
9831866134,1,2025,28,25,2181,24.2,0.21,0.04,0.25,0.21,0.0,0.0,0.21,0.04,0.19,0.19,0.12,0.31,1.2,4.96,2.56,0.21,0.04,0.25,0.21,0.25,0.19,0.12,0.31,0.19,0.31,24.2,50.8,20.1,25.9,4.26,58.1,22.0,28.5,5.91,87.5,91.2,90.7,72.0,923.7,281.0,50.8,20.1,25.9,4.26,58.1,22.0,28.5,5.91,87.5,91.2,90.7,72.0,50.8,20.1,25.9,4.26,58.1,22.0,28.5,5.91,87.5,91.2,90.7,72.0,50.8,20.1,25.9,4.26,58.1,22.0,28.5,5.91,87.5,91.2,90.7,72.0,0.04,0.07,-0.07,0.74,4.3,0.87,0.37,0.21,1.4,0.29,20.6,1.4,0.29,0.15,0.71,8.7,0.0,0.0,0.0,0.14,0.01,0.01,69.3,3.55,22.7,35.9,11.2,2.44,69.3,0.12,18.8,0.5,75.0,38.9,0.12,1.12,0.25,45.8,2.36,1.45,1.32,2.36,1.45,66.0,0.74,1.32,0.91,1.03,3.39,3.1,0.04,1.53,1.53,0.0,0.0,0.08,0.04,0.04,0.0,0.25,0.25,0.0,0.0,0.08,0.04,0.04,0.0,0.0,1.53,0.7,0.04,1.4,1.03,1.32,0.04,0.0,0.0,3.68,2.15,62.7,,,,,,,,,,,,,,,,,,,,,,,,,,,,,Mathías Laborda,DF,Vancouver W'caps,26-080,,,,"[ 0.313666   -0.50235806  0.24931693  0.33196424  0.10833503  1.01413576
  0.13274609 -0.31490087  0.82731155  0.64020551 -0.34732573  0.98920645
  0.37325187  0.57029193]",0,-0.582033149805431,0.586670514556735
5049983436,2,2025,27,19,1633,18.1,0.11,0.11,0.22,0.11,0.0,0.0,0.22,0.0,0.17,0.17,0.16,0.33,2.87,2.43,7.96,0.11,0.11,0.22,0.11,0.22,0.17,0.16,0.33,0.17,0.33,18.1,22.2,11.5,7.79,1.44,29.9,13.2,10.0,3.26,74.0,87.4,77.9,44.1,335.9,76.9,22.2,11.5,7.79,1.44,29.9,13.2,10.0,3.26,74.0,87.4,77.9,44.1,22.2,11.5,7.79,1.44,29.9,13.2,10.0,3.26,74.0,87.4,77.9,44.1,22.2,11.5,7.79,1.44,29.9,13.2,10.0,3.26,74.0,87.4,77.9,44.1,0.11,0.15,-0.05,1.55,1.44,0.72,0.39,0.11,1.49,0.5,33.3,1.49,0.5,0.07,0.22,19.6,0.0,0.0,0.0,0.11,-0.06,-0.06,40.1,1.1,5.03,15.9,20.0,2.87,40.1,1.33,42.9,1.55,50.0,26.1,0.88,1.49,1.05,28.2,0.99,0.28,0.61,0.99,0.28,29.4,0.66,0.77,0.66,0.61,1.6,1.1,0.06,2.98,2.98,0.17,0.06,0.28,0.0,0.06,0.0,0.22,0.22,0.17,0.06,0.28,0.0,0.06,0.0,0.0,1.1,1.33,0.17,3.7,0.61,0.61,0.0,0.0,0.0,3.76,0.11,20.0,,,,,,,,,,,,,,,,,,,,,,,,,,,,,Luca Langoni,"FW,MF",NE Revolution,23-298,Luca Langoni,U22 Initiative,U22 Initiative,"[-0.16238335  0.01423017  0.1318984   0.20292062  0.52307686  0.30746095
  0.21924654  0.13428609 -1.07039502 -0.77202799  0.9882197  -0.79417879
 -0.45791243 -0.60232006]",0,1.2720398849669448,-0.4005469478886678
8365056839,3,2025,17,5,398,4.4,0.23,0.91,1.14,0.23,0.0,0.0,0.0,0.0,0.18,0.18,0.32,0.5,3.64,5.68,13.4,0.23,0.9,1.13,0.23,1.13,0.18,0.31,0.49,0.18,0.49,4.4,40.0,23.9,13.4,2.05,50.2,27.5,16.8,2.5,79.6,86.8,79.7,81.8,578.4,172.5,40.0,23.9,13.4,2.05,50.2,27.5,16.8,2.5,79.6,86.8,79.7,81.8,40.0,23.9,13.4,2.05,50.2,27.5,16.8,2.5,79.6,86.8,79.7,81.8,40.0,23.9,13.4,2.05,50.2,27.5,16.8,2.5,79.6,86.8,79.7,81.8,0.91,0.27,0.59,1.82,1.36,3.64,0.91,0.23,2.27,0.45,20.0,2.26,0.45,0.1,0.5,14.0,0.0,0.0,0.0,0.08,0.05,0.05,65.2,0.91,7.95,20.7,36.8,5.91,65.2,1.36,37.5,1.82,50.0,36.1,1.36,2.27,2.5,43.4,2.27,1.59,0.91,2.27,1.59,58.3,1.14,0.68,0.68,1.14,3.41,1.36,0.0,3.41,3.39,0.23,0.0,0.45,0.0,0.0,0.0,0.91,0.9,0.23,0.0,0.45,0.0,0.0,0.0,0.0,1.14,0.68,0.23,2.73,1.14,0.91,0.0,0.0,0.0,4.77,0.91,44.4,,,,,,,,,,,,,,,,,,,,,,,,,,,,,Lassi Lappalainen,"DF,MF",Columbus Crew,27-102,Lassi Lappalainen,,Standard,"[ 0.40887586  5.91809568  0.19060767  0.26744243  2.1820442  -1.28513648
  0.96891714  0.02733681  0.11069509  1.04210595  1.6040101   0.87204975
  0.59093776 -0.79420202]",-1,2.4504259601532143,4.9269663972973845
197257070,1,2025,33,26,2217,24.6,0.0,0.12,0.12,0.0,0.0,0.0,0.12,0.0,0.05,0.05,0.13,0.17,0.81,4.27,2.52,0.0,0.12,0.12,0.0,0.12,0.05,0.12,0.17,0.05,0.17,24.6,37.2,20.7,13.0,2.11,44.1,22.9,14.7,3.9,84.4,90.1,88.4,54.2,578.0,166.2,37.2,20.7,13.0,2.11,44.1,22.9,14.7,3.9,84.4,90.1,88.4,54.2,37.2,20.7,13.0,2.11,44.1,22.9,14.7,3.9,84.4,90.1,88.4,54.2,37.2,20.7,13.0,2.11,44.1,22.9,14.7,3.9,84.4,90.1,88.4,54.2,0.12,0.16,-0.0,1.06,4.02,1.14,0.16,0.0,0.81,0.12,15.0,0.81,0.12,0.0,0.0,22.8,0.04,0.0,0.0,0.06,-0.05,-0.05,56.5,2.56,11.8,30.1,15.4,1.02,56.5,1.02,56.8,0.57,31.8,32.2,0.0,1.87,0.93,36.2,2.2,0.85,1.3,2.2,0.85,42.0,1.18,1.95,1.5,1.63,3.82,1.38,0.0,2.4,2.4,0.12,0.0,0.04,0.04,0.08,0.0,0.28,0.28,0.12,0.0,0.04,0.04,0.08,0.0,0.0,1.87,1.26,0.04,1.06,1.63,1.3,0.0,0.0,0.0,4.72,0.65,43.2,,,,,,,,,,,,,,,,,,,,,,,,,,,,,Oliver Larraz,MF,Colorado Rapids,24-079,Oliver Larraz,,Standard,"[-0.68603763  0.08802849 -0.57261281 -0.57134113  0.21202049  1.06055965
 -0.43431244 -0.67852841 -0.07509437  0.25505092 -0.65921957  0.78092788
  1.56062944  1.91346565]",0,-2.0604066340331166,0.6671167858698097
7724322607,3,2025,17,14,1251,13.9,0.07,0.07,0.14,0.07,0.0,0.0,0.29,0.0,0.04,0.04,0.07,0.11,2.59,2.73,3.17,0.07,0.07,0.14,0.07,0.14,0.04,0.07,0.11,0.04,0.11,13.9,29.5,14.6,12.4,1.65,35.4,15.6,15.1,3.02,83.3,93.5,82.4,54.8,470.1,146.1,29.5,14.6,12.4,1.65,35.4,15.6,15.1,3.02,83.3,93.5,82.4,54.8,29.5,14.6,12.4,1.65,35.4,15.6,15.1,3.02,83.3,93.5,82.4,54.8,29.5,14.6,12.4,1.65,35.4,15.6,15.1,3.02,83.3,93.5,82.4,54.8,0.07,0.07,0.0,0.14,2.95,0.29,0.0,0.07,0.58,0.07,12.5,0.58,0.07,0.13,1.0,18.1,0.0,0.0,0.0,0.06,0.04,0.04,45.8,2.01,13.4,22.1,10.8,1.87,45.8,0.65,40.9,0.72,45.5,26.8,1.08,1.58,1.37,28.6,1.94,0.72,1.15,1.94,0.72,58.8,0.5,1.01,0.86,1.29,3.24,1.22,0.0,0.94,0.94,0.14,0.0,0.22,0.07,0.0,0.0,0.14,0.14,0.14,0.0,0.22,0.07,0.0,0.0,0.0,1.65,3.45,0.22,0.29,1.29,1.15,0.07,0.0,0.0,3.67,0.22,37.5,,,,,,,,,,,,,,,,,,,,,,,,,,,,,Richie Laryea,"DF,MF",Toronto FC,30-331,Richie Laryea,TAM Player,TAM Player,"[-0.35280309 -0.28096311 -0.63132208 -0.63586294 -0.41009226 -0.18514814
 -0.65536916 -0.78547769 -0.58601537 -0.60456947  0.76429591  0.44247521
  0.88778215 -0.09063483]",0,-1.18336032767129,-0.21766460309980074
8165881893,5,2025,21,4,531,5.9,0.0,0.17,0.17,0.0,0.0,0.0,0.34,0.0,0.05,0.05,0.1,0.15,5.42,3.73,9.66,0.0,0.17,0.17,0.0,0.17,0.06,0.1,0.15,0.06,0.15,5.9,28.1,13.2,10.8,3.05,39.5,14.9,15.1,6.78,71.2,88.6,71.9,45.0,493.2,133.2,28.1,13.2,10.8,3.05,39.5,14.9,15.1,6.78,71.2,88.6,71.9,45.0,28.1,13.2,10.8,3.05,39.5,14.9,15.1,6.78,71.2,88.6,71.9,45.0,28.1,13.2,10.8,3.05,39.5,14.9,15.1,6.78,71.2,88.6,71.9,45.0,0.17,0.17,0.07,1.19,2.37,1.36,0.85,0.0,1.53,0.51,33.3,1.53,0.51,0.0,0.0,21.3,0.17,0.0,0.0,0.04,-0.05,-0.05,48.1,0.85,5.42,17.5,25.4,2.37,48.1,0.68,33.3,1.19,58.3,30.3,0.85,2.54,0.85,36.1,0.17,0.17,0.17,0.17,0.17,50.0,0.17,1.02,0.85,0.0,0.17,0.17,0.0,3.39,3.39,0.0,0.0,0.34,0.0,0.0,0.0,0.34,0.34,0.0,0.0,0.34,0.0,0.0,0.0,0.0,0.68,2.2,0.34,7.12,0.0,0.17,0.0,0.0,0.0,3.05,0.0,0.0,,,,,,,,,,,,,,,,,,,,,,,,,,,,,Ariel Lassiter,"FW,MF",Portland Timbers,31-068,Ariel Lassiter,,Standard,"[-0.68603763  0.45702008 -0.57261281 -0.57134113 -0.09903589 -1.11362599
  0.25769119  0.15567594 -0.67891009 -0.04637441  3.02752558 -1.86160645
 -1.66507962 -0.06931461]",-1,1.1824434304731162,0.45996073597340326
8530605213,1,2025,30,25,2195,24.4,0.29,0.04,0.33,0.25,0.04,0.04,0.29,0.0,0.39,0.35,0.06,0.41,1.27,1.02,4.84,0.29,0.04,0.33,0.25,0.29,0.39,0.06,0.44,0.35,0.41,24.4,10.7,6.68,2.87,0.41,15.6,8.73,4.06,0.7,68.8,76.5,70.7,58.8,137.2,23.4,10.7,6.68,2.87,0.41,15.6,8.73,4.06,0.7,68.8,76.5,70.7,58.8,10.7,6.68,2.87,0.41,15.6,8.73,4.06,0.7,68.8,76.5,70.7,58.8,10.7,6.68,2.87,0.41,15.6,8.73,4.06,0.7,68.8,76.5,70.7,58.8,0.04,0.05,-0.02,0.86,0.78,0.29,0.0,0.29,2.34,0.7,29.8,2.34,0.7,0.11,0.35,12.3,0.0,0.04,0.04,0.15,-0.1,-0.11,26.4,0.98,2.62,11.0,13.3,4.84,26.4,0.74,40.0,0.98,53.3,14.0,0.61,2.62,1.19,18.3,0.74,0.12,0.41,0.74,0.12,33.3,0.25,0.82,0.66,0.37,1.11,0.9,0.0,2.05,2.05,0.2,0.0,0.16,0.12,0.0,0.0,0.16,0.16,0.2,0.0,0.16,0.12,0.0,0.0,0.0,1.11,1.11,0.57,0.12,0.37,0.41,0.04,0.04,0.0,1.72,2.5,47.7,,,,,,,,,,,,,,,,,,,,,,,,,,,,,Emmanuel Latte Lath,FW,Atlanta Utd,26-337,Emmanuel Latte Lath,Designated Player,Designated Player,"[ 0.69450547 -0.50235806  1.42350229  1.36431324 -0.51377772  1.03218949
  1.03619527  0.56208319 -1.83345885 -1.55908302 -0.29134478 -1.11961405
 -0.93286345 -0.49571897]",0,2.7182373987598525,-2.5014230571593057
7952045530,3,2025,15,4,523,5.8,0.0,0.17,0.17,0.0,0.0,0.0,0.0,0.0,0.1,0.1,0.17,0.28,0.86,7.76,4.14,0.0,0.17,0.17,0.0,0.17,0.1,0.18,0.27,0.1,0.27,5.8,39.7,19.1,16.2,3.62,52.8,21.6,20.3,7.24,75.2,88.8,79.7,50.0,683.6,253.8,39.7,19.1,16.2,3.62,52.8,21.6,20.3,7.24,75.2,88.8,79.7,50.0,39.7,19.1,16.2,3.62,52.8,21.6,20.3,7.24,75.2,88.8,79.7,50.0,39.7,19.1,16.2,3.62,52.8,21.6,20.3,7.24,75.2,88.8,79.7,50.0,0.17,0.17,0.0,1.72,4.48,2.24,0.17,0.0,2.41,0.86,35.7,2.41,0.86,0.0,0.0,26.1,0.0,0.0,0.0,0.04,-0.1,-0.1,63.3,0.86,7.76,31.2,24.5,1.03,63.3,0.86,41.7,1.03,50.0,40.5,0.0,1.21,1.72,46.6,1.38,1.21,1.03,1.38,1.21,50.0,1.21,0.69,0.69,0.69,2.07,0.86,0.0,3.79,3.79,0.34,0.0,0.17,0.0,0.17,0.0,0.17,0.17,0.34,0.0,0.17,0.0,0.17,0.0,0.0,1.38,2.59,0.0,4.48,0.69,1.03,0.0,0.0,0.0,4.66,0.52,42.9,,,,,,,,,,,,,,,,,,,,,,,,,,,,,Randall Leal,"MF,FW",D.C. United,28-324,Randall Leal,,Standard,"[-0.68603763  0.45702008 -0.27906647 -0.24873207  0.62676232 -1.12394241
  1.1034734   0.90432087  0.09078907  2.20315167 -0.61923318 -0.28649978
 -0.29959542 -0.7728818 ]",-1,0.5251499449442989,1.4536938278261744
2532191596,1,2025,19,11,871,9.7,0.1,0.21,0.31,0.1,0.0,0.0,0.62,0.0,0.08,0.08,0.27,0.34,2.78,3.61,5.46,0.1,0.21,0.31,0.1,0.31,0.08,0.26,0.35,0.08,0.35,9.7,42.0,19.5,17.2,4.02,51.5,21.8,20.2,5.98,81.4,89.6,85.2,67.2,715.9,239.7,42.0,19.5,17.2,4.02,51.5,21.8,20.2,5.98,81.4,89.6,85.2,67.2,42.0,19.5,17.2,4.02,51.5,21.8,20.2,5.98,81.4,89.6,85.2,67.2,42.0,19.5,17.2,4.02,51.5,21.8,20.2,5.98,81.4,89.6,85.2,67.2,0.21,0.16,-0.06,1.55,3.4,1.44,0.93,0.1,1.03,0.21,20.0,1.03,0.21,0.1,0.5,18.9,0.1,0.0,0.0,0.08,0.02,0.02,62.1,3.3,13.8,27.4,21.2,1.55,62.1,0.21,25.0,0.41,50.0,33.2,0.21,1.44,0.31,38.5,1.75,0.62,1.34,1.75,0.62,33.3,1.24,1.03,0.82,1.34,3.09,2.68,0.0,2.27,2.27,0.1,0.0,0.0,0.0,0.0,0.0,0.41,0.41,0.1,0.0,0.0,0.0,0.0,0.0,0.0,1.75,1.75,0.31,5.15,1.34,1.34,0.0,0.0,0.0,3.92,0.62,60.0,,,,,,,,,,,,,,,,,,,,,,,,,,,,,Tim Leibold,DF,Sporting KC,32-004,Tim Leibold,,Standard,"[-0.20998828  0.75221336 -0.39648501 -0.37777569  1.66361691 -0.67517812
 -0.22286689 -0.48601971  0.24340184 -0.11335782  0.91624419  0.19514441
  0.98673028 -0.04799439]",0,-0.21548332890412217,1.5909606144277164
6823160164,3,2025,25,17,1556,17.3,0.06,0.17,0.23,0.06,0.0,0.0,0.12,0.0,0.08,0.08,0.19,0.27,2.49,2.95,6.76,0.06,0.17,0.23,0.06,0.23,0.08,0.19,0.27,0.08,0.27,17.3,44.2,20.3,19.5,3.53,56.0,22.4,23.2,7.92,78.9,90.7,84.1,44.5,752.1,200.8,44.2,20.3,19.5,3.53,56.0,22.4,23.2,7.92,78.9,90.7,84.1,44.5,44.2,20.3,19.5,3.53,56.0,22.4,23.2,7.92,78.9,90.7,84.1,44.5,44.2,20.3,19.5,3.53,56.0,22.4,23.2,7.92,78.9,90.7,84.1,44.5,0.17,0.17,-0.02,1.21,2.54,1.27,0.87,0.06,0.46,0.17,37.5,0.46,0.17,0.13,0.33,15.4,0.0,0.0,0.0,0.17,-0.02,-0.02,65.0,3.01,17.2,26.7,21.2,1.91,65.0,0.29,35.7,0.46,57.1,33.8,0.46,0.87,0.35,40.9,1.1,0.17,0.64,1.1,0.17,27.3,0.46,1.04,0.87,0.69,1.79,2.95,0.06,2.14,2.14,0.0,0.0,0.12,0.0,0.0,0.0,0.23,0.23,0.0,0.0,0.12,0.0,0.0,0.0,0.0,0.98,1.21,0.06,5.9,0.69,0.64,0.0,0.06,0.0,3.12,1.1,50.0,,,,,,,,,,,,,,,,,,,,,,,,,,,,,Brooks Lennon,DF,Atlanta Utd,28-073,Brooks Lennon,TAM Player,TAM Player,"[-0.40040802  0.45702008 -0.39648501 -0.37777569  0.83413324  0.2081654
 -0.77070309 -0.57157913  0.38937927 -0.48176656  0.68432313 -0.65098727
 -0.29959542 -0.02667417]",0,-0.3323451417564168,0.49290714042128747
6832305572,2,2025,16,6,558,6.2,0.0,0.16,0.16,0.0,0.0,0.0,0.32,0.0,0.16,0.16,0.13,0.29,1.77,3.55,6.29,0.0,0.16,0.16,0.0,0.16,0.17,0.13,0.3,0.17,0.3,6.2,48.5,26.3,19.0,2.58,56.0,28.1,21.1,4.84,86.7,93.7,90.1,53.3,777.6,147.3,48.5,26.3,19.0,2.58,56.0,28.1,21.1,4.84,86.7,93.7,90.1,53.3,48.5,26.3,19.0,2.58,56.0,28.1,21.1,4.84,86.7,93.7,90.1,53.3,48.5,26.3,19.0,2.58,56.0,28.1,21.1,4.84,86.7,93.7,90.1,53.3,0.16,0.08,0.03,1.45,5.32,0.65,0.0,0.0,2.1,0.65,30.8,2.1,0.65,0.0,0.0,19.9,0.0,0.0,0.0,0.08,-0.16,-0.16,66.1,1.77,10.0,31.6,25.5,2.58,66.1,0.65,44.4,0.81,55.6,42.3,0.48,1.61,0.97,48.7,0.97,0.48,0.16,0.97,0.48,33.3,0.97,0.97,0.81,0.48,1.45,1.77,0.0,3.23,3.23,0.0,0.0,0.16,0.0,0.16,0.0,0.32,0.32,0.0,0.0,0.16,0.0,0.16,0.0,0.0,0.81,1.45,0.0,1.94,0.48,0.16,0.0,0.0,0.0,5.32,0.65,40.0,,,,,,,,,,,,,,,,,,,,,,,,,,,,,Tucker Lepley,"MF,FW",LA Galaxy,23-321,Tucker Lepley,,Standard,"[-0.68603763  0.38322176  0.07318913  0.13839881  0.21202049 -1.07880807
  0.80552739  0.45513391  0.67469879 -0.14684952  0.10851912 -0.82021361
 -0.71517756 -0.1759157 ]",0,0.6602463008605925,0.09789217579612816
6904975836,1,2025,33,25,2105,23.4,0.21,0.13,0.34,0.21,0.0,0.0,0.13,0.0,0.16,0.16,0.1,0.26,1.11,5.94,2.82,0.21,0.13,0.34,0.21,0.34,0.16,0.1,0.26,0.16,0.26,23.4,41.1,21.2,15.1,3.03,50.0,23.7,17.8,4.4,82.2,89.5,85.1,68.9,651.8,208.8,41.1,21.2,15.1,3.03,50.0,23.7,17.8,4.4,82.2,89.5,85.1,68.9,41.1,21.2,15.1,3.03,50.0,23.7,17.8,4.4,82.2,89.5,85.1,68.9,41.1,21.2,15.1,3.03,50.0,23.7,17.8,4.4,82.2,89.5,85.1,68.9,0.13,0.1,0.03,0.94,4.36,0.9,0.13,0.21,1.67,0.77,46.2,1.67,0.77,0.13,0.28,19.4,0.0,0.0,0.0,0.1,0.05,0.05,63.9,2.26,13.2,34.7,17.1,2.18,63.9,1.24,44.6,1.41,50.8,36.5,0.64,2.18,1.97,42.9,2.56,1.28,1.45,2.56,1.28,71.4,0.51,1.07,0.98,1.45,4.02,1.58,0.04,2.99,2.99,0.13,0.04,0.21,0.04,0.13,0.04,0.43,0.43,0.13,0.04,0.21,0.04,0.13,0.04,0.0,0.77,1.15,0.04,0.85,1.45,1.45,0.04,0.0,0.0,6.75,1.03,52.2,,,,,,,,,,,,,,,,,,,,,,,,,,,,,Beau Leroux,MF,SJ Earthquakes,22-095,Beau Leroux,,Standard,"[ 0.313666    0.16182681  0.07318913  0.13839881 -0.09903589  0.91612976
  0.39224745  0.71181218  0.1836838   1.18723667 -0.41930123  1.24955466
  1.20441617  0.03728648]",0,-0.2005922419919893,1.0775261716887572
4757662846,4,2025,16,6,705,7.8,0.0,0.26,0.26,0.0,0.0,0.0,0.26,0.0,0.05,0.05,0.14,0.19,1.41,6.79,3.59,0.0,0.26,0.26,0.0,0.26,0.05,0.15,0.2,0.05,0.2,7.8,70.6,42.2,19.4,5.38,82.8,45.6,22.9,8.59,85.3,92.4,84.4,62.7,1047.7,301.5,70.6,42.2,19.4,5.38,82.8,45.6,22.9,8.59,85.3,92.4,84.4,62.7,70.6,42.2,19.4,5.38,82.8,45.6,22.9,8.59,85.3,92.4,84.4,62.7,70.6,42.2,19.4,5.38,82.8,45.6,22.9,8.59,85.3,92.4,84.4,62.7,0.26,0.21,0.12,1.92,7.56,1.67,0.38,0.0,1.54,0.13,8.3,1.53,0.13,0.0,0.0,26.1,0.26,0.0,0.0,0.03,-0.05,-0.05,92.4,2.05,14.5,51.3,27.1,1.03,92.4,0.77,46.2,0.77,46.2,56.3,0.13,1.54,1.28,74.1,1.28,0.51,0.77,1.28,0.51,50.0,0.51,1.15,1.03,0.77,2.05,1.03,0.13,4.62,4.6,0.13,0.0,0.38,0.13,0.13,0.0,0.64,0.64,0.13,0.0,0.38,0.13,0.13,0.0,0.0,1.03,3.59,0.0,3.85,0.77,0.77,0.13,0.0,0.0,5.64,0.64,41.7,,,,,,,,,,,,,,,,,,,,,,,,,,,,,Danny Leyva,"MF,FW",Seattle Sounders,22-213,Danny Leyva,,Standard,"[-0.68603763  1.12120495 -0.57261281 -0.57134113  0.31570595 -0.88924384
  0.26730235 -0.65713856  2.14110841  1.66170246 -0.17938289 -0.41667388
 -0.14127841  0.20784822]",0,-1.160943546385696,2.030203993455458
9498547354,3,2025,11,4,451,5.0,0.0,0.0,0.0,0.0,0.0,0.0,0.2,0.0,0.04,0.04,0.3,0.34,1.2,2.8,6.0,0.0,0.0,0.0,0.0,0.0,0.04,0.29,0.33,0.04,0.33,5.0,41.2,18.0,16.8,4.2,53.6,20.8,20.4,8.2,76.9,86.5,82.4,51.2,738.4,238.8,41.2,18.0,16.8,4.2,53.6,20.8,20.4,8.2,76.9,86.5,82.4,51.2,41.2,18.0,16.8,4.2,53.6,20.8,20.4,8.2,76.9,86.5,82.4,51.2,41.2,18.0,16.8,4.2,53.6,20.8,20.4,8.2,76.9,86.5,82.4,51.2,0.0,0.14,-0.3,1.8,2.4,1.8,1.2,0.0,0.8,0.0,0.0,0.8,0.0,0.0,,18.7,0.0,0.0,0.0,0.05,-0.04,-0.04,64.4,3.8,17.0,28.8,19.2,0.8,64.4,1.0,45.5,1.2,54.5,30.6,0.0,1.8,1.0,37.2,1.6,1.4,1.0,1.6,1.4,53.8,1.2,1.6,1.2,1.0,2.6,2.4,0.0,3.2,3.19,0.0,0.0,0.0,0.0,0.0,0.0,0.0,0.0,0.0,0.0,0.0,0.0,0.0,0.0,0.0,2.4,1.4,0.0,4.0,1.0,1.0,0.0,0.0,0.0,3.8,2.0,76.9,,,,,,,,,,,,,,,,,,,,,,,,,,,,,Nick Lima,"MF,DF",SJ Earthquakes,31-017,Nick Lima,,Standard,"[-6.86037627e-01 -7.97551338e-01 -6.31322079e-01 -6.35862944e-01
  1.97467328e+00 -1.21679020e+00 -4.43923603e-01 -9.35206673e-01
  1.90319138e-01 -5.65495815e-01 -3.47325728e-01 -1.16748076e-04
  3.13882994e-01  1.16725803e+00]",0,-1.2770977257612042,0.3215821881572878
703394126,1,2025,26,22,1783,19.8,0.15,0.15,0.3,0.15,0.0,0.0,0.25,0.0,0.18,0.18,0.13,0.31,1.67,3.03,5.56,0.15,0.15,0.3,0.15,0.3,0.18,0.13,0.31,0.18,0.31,19.8,23.7,13.6,8.33,0.96,27.9,14.5,9.44,1.92,85.1,93.8,88.2,50.0,349.2,76.2,23.7,13.6,8.33,0.96,27.9,14.5,9.44,1.92,85.1,93.8,88.2,50.0,23.7,13.6,8.33,0.96,27.9,14.5,9.44,1.92,85.1,93.8,88.2,50.0,23.7,13.6,8.33,0.96,27.9,14.5,9.44,1.92,85.1,93.8,88.2,50.0,0.15,0.11,0.02,1.31,1.36,0.96,0.35,0.15,1.97,0.4,20.5,1.97,0.4,0.08,0.38,13.6,0.0,0.0,0.0,0.09,-0.03,-0.03,36.4,0.4,3.13,16.6,17.1,2.93,36.4,0.45,27.3,1.01,60.6,24.3,0.45,1.62,1.41,27.9,0.91,0.4,0.45,0.91,0.4,50.0,0.4,0.3,0.3,0.15,1.06,0.61,0.0,2.73,2.73,0.0,0.0,0.2,0.05,0.0,0.0,0.35,0.35,0.0,0.0,0.2,0.05,0.0,0.0,0.0,1.67,1.92,0.2,1.92,0.15,0.45,0.0,0.0,0.0,2.63,0.91,50.0,,,,,,,,,,,,,,,,,,,,,,,,,,,,,Ondřej Lingr,"FW,MF",Houston Dynamo,27-058,,,,"[ 0.02803639  0.30942344  0.19060767  0.26744243  0.21202049  0.50089383
  0.68058229 -0.07961247 -0.97086495 -0.43711095  0.02854634 -0.89831807
 -1.36823523 -1.6043703 ]",0,1.6773502116507673,-0.6973871911848569
5273813574,2,2025,20,14,1143,12.7,0.08,0.16,0.24,0.08,0.0,0.0,0.08,0.0,0.1,0.1,0.12,0.22,1.02,3.78,2.44,0.08,0.16,0.24,0.08,0.24,0.1,0.12,0.22,0.1,0.22,12.7,36.1,20.1,11.9,2.28,41.3,21.7,13.1,3.94,87.4,92.7,90.4,58.0,527.4,155.9,36.1,20.1,11.9,2.28,41.3,21.7,13.1,3.94,87.4,92.7,90.4,58.0,36.1,20.1,11.9,2.28,41.3,21.7,13.1,3.94,87.4,92.7,90.4,58.0,36.1,20.1,11.9,2.28,41.3,21.7,13.1,3.94,87.4,92.7,90.4,58.0,0.16,0.11,0.04,0.87,2.76,0.87,0.39,0.08,0.79,0.31,40.0,0.79,0.31,0.1,0.25,10.4,0.0,0.0,0.0,0.13,-0.02,-0.02,51.1,2.91,13.6,24.9,13.0,2.2,51.1,0.31,28.6,0.79,71.4,23.7,0.24,1.42,0.63,33.9,1.26,0.55,0.71,1.26,0.55,53.8,0.47,0.94,0.55,0.79,2.05,2.05,0.0,2.44,2.44,0.0,0.0,0.0,0.0,0.0,0.0,0.31,0.31,0.0,0.0,0.0,0.0,0.0,0.0,0.0,0.87,0.87,0.08,2.13,0.79,0.71,0.0,0.0,0.0,3.15,0.47,35.3,,,,,,,,,,,,,,,,,,,,,,,,,,,,,Sebastian Lletget,MF,FC Dallas,33-092,Sebastian Lletget,TAM Player,TAM Player,"[-0.30519815  0.38322176 -0.27906647 -0.24873207  0.10833503 -0.32441982
 -0.45353476 -0.27212116 -0.14808308 -0.01846466 -0.49127673 -0.4427087
 -0.10169915 -0.23987635]",0,-0.344825493581989,-0.12761832275424234
9942776044,3,2025,33,23,1931,21.5,0.0,0.23,0.23,0.0,0.0,0.0,0.0,0.0,0.19,0.19,0.26,0.44,3.77,1.91,10.2,0.0,0.23,0.23,0.0,0.23,0.19,0.26,0.45,0.19,0.45,21.5,19.6,11.6,6.37,1.02,28.7,14.4,9.02,2.84,68.3,80.6,70.6,36.1,280.3,70.1,19.6,11.6,6.37,1.02,28.7,14.4,9.02,2.84,68.3,80.6,70.6,36.1,19.6,11.6,6.37,1.02,28.7,14.4,9.02,2.84,68.3,80.6,70.6,36.1,19.6,11.6,6.37,1.02,28.7,14.4,9.02,2.84,68.3,80.6,70.6,36.1,0.23,0.27,-0.03,1.81,0.47,0.79,0.19,0.0,1.77,0.51,28.9,1.77,0.51,0.0,0.0,15.4,0.14,0.0,0.0,0.1,-0.19,-0.19,37.5,0.42,4.09,9.81,23.9,5.81,37.5,0.6,33.3,1.21,66.7,24.0,2.28,2.42,0.51,26.1,0.74,0.33,0.42,0.74,0.33,35.0,0.6,0.42,0.42,0.28,1.02,0.28,0.09,3.02,3.03,0.19,0.0,0.05,0.0,0.0,0.0,0.37,0.37,0.19,0.0,0.05,0.0,0.0,0.0,0.0,0.19,0.47,0.28,5.07,0.28,0.42,0.0,0.0,0.0,2.51,0.09,16.7,,,,,,,,,,,,,,,,,,,,,,,,,,,,,Saba Lobzhanidze,"FW,DF",Atlanta Utd,30-351,,,,"[-0.68603763  0.89981     0.24931693  0.33196424  1.55993145  0.69174761
  0.48835906  0.15567594 -1.24291379 -1.06228942  1.70797471 -1.11961405
 -1.11097009 -1.34852768]",0,2.3234955080798705,0.33864342047374457
1506947747,1,2025,33,28,2454,27.3,0.18,0.11,0.29,0.15,0.04,0.04,0.15,0.0,0.13,0.1,0.18,0.28,0.81,3.74,3.59,0.18,0.11,0.29,0.15,0.26,0.13,0.17,0.31,0.1,0.28,27.3,32.2,17.5,12.1,1.32,38.3,19.6,13.7,2.16,84.0,89.3,88.5,61.0,474.4,149.7,32.2,17.5,12.1,1.32,38.3,19.6,13.7,2.16,84.0,89.3,88.5,61.0,32.2,17.5,12.1,1.32,38.3,19.6,13.7,2.16,84.0,89.3,88.5,61.0,32.2,17.5,12.1,1.32,38.3,19.6,13.7,2.16,84.0,89.3,88.5,61.0,0.11,0.16,-0.07,1.06,3.0,0.81,0.07,0.18,1.1,0.51,46.7,1.1,0.51,0.13,0.29,16.8,0.0,0.04,0.04,0.09,0.05,0.04,48.4,1.87,11.7,24.3,12.9,2.49,48.4,0.73,44.4,0.81,48.9,24.1,0.37,1.5,0.92,30.2,2.09,0.99,1.17,2.09,0.99,49.1,1.03,0.81,0.66,0.88,2.97,0.99,0.04,2.64,2.64,0.26,0.07,0.11,0.0,0.04,0.0,0.37,0.37,0.26,0.07,0.11,0.0,0.04,0.0,0.0,1.25,0.77,0.07,0.59,0.88,1.17,0.0,0.0,0.0,4.69,0.73,60.6,,,,,,,,,,,,,,,,,,,,,,,,,,,,,Robin Lod,"MF,FW",Minnesota Utd,32-231,Robin Lod,TAM Player,TAM Player,"[ 0.17085119  0.01423017 -0.10293867 -0.24873207  0.73044778  1.36618361
 -0.15558876  0.15567594 -0.40686125 -0.04079246 -0.65921957  0.63773637
  0.07640748 -0.51703918]",0,0.05478710876431208,0.21282887712290607
5713691078,3,2025,16,6,580,6.4,0.16,0.16,0.31,0.16,0.0,0.0,0.0,0.0,0.05,0.05,0.23,0.28,2.5,7.34,7.66,0.16,0.16,0.31,0.16,0.31,0.04,0.23,0.27,0.04,0.27,6.4,50.2,31.6,13.8,1.88,65.6,36.4,18.4,5.31,76.4,86.7,74.6,35.3,663.9,185.9,50.2,31.6,13.8,1.88,65.6,36.4,18.4,5.31,76.4,86.7,74.6,35.3,50.2,31.6,13.8,1.88,65.6,36.4,18.4,5.31,76.4,86.7,74.6,35.3,50.2,31.6,13.8,1.88,65.6,36.4,18.4,5.31,76.4,86.7,74.6,35.3,0.16,0.23,-0.08,2.03,4.22,2.19,0.31,0.16,0.94,0.31,33.3,0.93,0.31,0.17,0.5,19.5,0.0,0.0,0.0,0.05,0.11,0.11,77.3,1.09,9.53,38.0,30.9,3.59,77.3,0.78,50.0,0.78,50.0,46.9,0.78,3.28,1.56,58.3,1.56,0.94,1.41,1.56,0.94,35.3,1.72,1.41,1.25,0.31,1.88,0.47,0.0,4.38,4.34,0.0,0.0,0.94,0.16,0.16,0.0,0.31,0.31,0.0,0.0,0.94,0.16,0.16,0.0,0.0,2.03,3.28,0.0,5.16,0.31,1.41,0.0,0.0,0.0,5.16,0.94,42.9,,,,,,,,,,,,,,,,,,,,,,,,,,,,,Nicolás Lodeiro,"FW,MF",Houston Dynamo,36-258,Nicolás Lodeiro,,Standard,"[ 0.07564132  0.38322176 -0.57261281 -0.57134113  1.24887507 -1.05043792
 -0.30936734 -0.27212116  0.78749953  1.96870975  0.69232041 -0.05218639
 -1.05160121  0.76217389]",0,-0.32589961016554025,2.2168015267714503
6251680646,3,2025,13,7,600,6.7,0.0,0.15,0.15,0.0,0.0,0.0,0.0,0.0,0.03,0.03,0.16,0.19,3.13,4.33,6.72,0.0,0.15,0.15,0.0,0.15,0.03,0.16,0.19,0.03,0.19,6.7,44.5,26.1,15.4,2.09,55.4,29.4,18.2,4.48,80.3,88.8,84.4,46.7,646.0,208.5,44.5,26.1,15.4,2.09,55.4,29.4,18.2,4.48,80.3,88.8,84.4,46.7,44.5,26.1,15.4,2.09,55.4,29.4,18.2,4.48,80.3,88.8,84.4,46.7,44.5,26.1,15.4,2.09,55.4,29.4,18.2,4.48,80.3,88.8,84.4,46.7,0.15,0.21,-0.01,1.34,2.99,2.09,0.45,0.0,0.45,0.0,0.0,0.45,0.0,0.0,,16.4,0.0,0.0,0.0,0.07,-0.03,-0.03,66.7,2.84,16.6,27.2,23.7,3.13,66.7,0.15,16.7,0.75,83.3,35.5,0.6,1.94,0.45,40.9,3.28,1.79,2.24,3.28,1.79,57.1,1.34,0.9,0.9,1.04,4.33,1.94,0.0,2.69,2.7,0.0,0.0,0.15,0.0,0.0,0.0,0.3,0.3,0.0,0.0,0.15,0.0,0.0,0.0,0.0,0.75,1.64,0.15,2.84,1.04,2.24,0.0,0.0,0.0,3.13,0.75,50.0,,,,,,,,,,,,,,,,,,,,,,,,,,,,,Jasper Löffelsend,DF,San Diego FC,28-085,,,,"[-0.68603763  0.30942344 -0.69003135 -0.70038476  0.52307686 -1.02464686
 -0.78031426 -0.93520667  0.40928528  0.28854262  1.19614892  2.18680821
  0.3930415  -0.32515722]",0,-1.5000383184000794,1.7442277029200877
2998352548,1,2025,15,15,1271,14.1,0.07,0.0,0.07,0.07,0.0,0.0,0.0,0.0,0.06,0.06,0.01,0.06,0.43,4.04,0.14,0.07,0.0,0.07,0.07,0.07,0.06,0.01,0.07,0.06,0.07,14.1,70.0,23.5,41.7,4.33,74.0,24.5,42.8,5.74,94.5,95.9,97.4,75.3,1309.4,488.4,70.0,23.5,41.7,4.33,74.0,24.5,42.8,5.74,94.5,95.9,97.4,75.3,70.0,23.5,41.7,4.33,74.0,24.5,42.8,5.74,94.5,95.9,97.4,75.3,70.0,23.5,41.7,4.33,74.0,24.5,42.8,5.74,94.5,95.9,97.4,75.3,0.0,0.02,-0.01,0.21,6.03,0.07,0.0,0.07,0.28,0.07,25.0,0.28,0.07,0.25,1.0,19.5,0.0,0.0,0.0,0.21,0.01,0.01,84.5,8.23,35.0,46.1,3.55,0.64,84.5,0.0,0.0,0.14,100.0,52.3,0.0,0.28,0.07,63.6,1.13,0.5,0.85,1.13,0.5,58.3,0.35,1.7,1.06,0.21,1.35,5.53,0.0,1.21,1.2,0.0,0.0,0.0,0.0,0.0,0.0,0.07,0.07,0.0,0.0,0.0,0.0,0.0,0.0,0.0,0.64,0.28,0.0,0.0,0.21,0.85,0.0,0.0,0.0,3.33,2.41,81.0,,,,,,,,,,,,,,,,,,,,,,,,,,,,,Aaron Long,DF,LAFC,33-053,Aaron Long,TAM Player,TAM Player,"[-0.35280309 -0.79755134 -0.51390354 -0.50681932 -1.03220501 -0.15935709
 -0.943704   -0.78547769  2.10129638  0.12666606 -0.96311613 -0.61193504
 -1.24949747  1.3804602 ]",0,-2.148449575697226,-0.7210107078016593
2210446376,1,2025,24,23,1887,21.0,0.0,0.0,0.0,0.0,0.0,0.0,0.29,0.0,0.05,0.05,0.01,0.06,0.0,1.43,0.1,0.0,0.0,0.0,0.0,0.0,0.05,0.02,0.06,0.05,0.06,21.0,37.9,10.2,22.3,5.0,45.4,11.4,24.2,8.76,83.5,89.5,91.9,57.1,790.5,289.4,37.9,10.2,22.3,5.0,45.4,11.4,24.2,8.76,83.5,89.5,91.9,57.1,37.9,10.2,22.3,5.0,45.4,11.4,24.2,8.76,83.5,89.5,91.9,57.1,37.9,10.2,22.3,5.0,45.4,11.4,24.2,8.76,83.5,89.5,91.9,57.1,0.0,0.03,-0.01,0.1,1.86,0.1,0.0,0.0,0.52,0.1,18.2,0.52,0.1,0.0,0.0,9.6,0.0,0.0,0.0,0.09,-0.05,-0.05,56.8,8.86,35.0,19.9,2.1,1.05,56.8,0.0,0.0,0.1,100.0,30.9,0.0,0.29,0.19,35.5,1.57,0.52,0.81,1.57,0.52,61.1,0.33,0.86,0.29,0.76,2.33,6.62,0.0,0.38,0.38,0.0,0.0,0.0,0.0,0.05,0.0,0.05,0.05,0.0,0.0,0.0,0.0,0.05,0.0,0.0,1.43,0.76,0.05,0.0,0.76,0.81,0.0,0.0,0.0,3.67,3.48,70.9,,,,,,,,,,,,,,,,,,,,,,,,,,,,,Kevin Long,DF,Toronto FC,35-108,Kevin Long,,Standard,"[-0.68603763 -0.79755134 -0.57261281 -0.57134113 -1.03220501  0.6350073
 -0.71303612 -0.72130812 -0.028647   -1.33022304 -1.30699909 -0.03916898
 -0.16106803 -0.4104381 ]",0,-1.5828837148588468,-1.930308680101734
432808786,2,2025,17,11,906,10.1,0.0,0.1,0.1,0.0,0.0,0.0,0.3,0.0,0.05,0.05,0.07,0.12,0.79,3.56,3.27,0.0,0.1,0.1,0.0,0.1,0.05,0.07,0.12,0.05,0.12,10.1,42.1,20.6,16.3,3.56,51.0,22.7,18.7,6.73,82.5,90.8,87.3,52.9,685.1,156.5,42.1,20.6,16.3,3.56,51.0,22.7,18.7,6.73,82.5,90.8,87.3,52.9,42.1,20.6,16.3,3.56,51.0,22.7,18.7,6.73,82.5,90.8,87.3,52.9,42.1,20.6,16.3,3.56,51.0,22.7,18.7,6.73,82.5,90.8,87.3,52.9,0.1,0.09,0.03,1.09,2.97,0.5,0.0,0.0,0.89,0.3,33.3,0.89,0.3,0.0,0.0,20.9,0.0,0.0,0.0,0.05,-0.05,-0.05,59.8,2.18,13.5,30.8,16.6,2.28,59.8,0.2,33.3,0.4,66.7,30.4,0.1,0.69,0.4,39.6,2.28,1.09,1.68,2.28,1.09,55.0,0.89,0.99,0.89,1.19,3.47,1.29,0.0,2.38,2.38,0.0,0.0,0.0,0.0,0.1,0.0,0.2,0.2,0.0,0.0,0.0,0.0,0.1,0.0,0.0,0.89,1.39,0.0,1.68,1.19,1.68,0.0,0.0,0.0,5.84,0.89,50.0,,,,,,,,,,,,,,,,,,,,,,,,,,,,,Matthew Longstaff,MF,CF Montréal,25-258,,,,"[-0.68603763 -0.05956815 -0.57261281 -0.57134113 -0.41009226 -0.63004378
 -0.35742315 -0.29351102  0.25003718 -0.14126757 -0.67521413  0.88506716
  0.68988589 -0.13327526]",0,-1.4969785218587581,-0.062250924564870046
432808786,3,2025,17,11,906,10.1,0.0,0.1,0.1,0.0,0.0,0.0,0.3,0.0,0.05,0.05,0.07,0.12,0.79,3.56,3.27,0.0,0.1,0.1,0.0,0.1,0.05,0.07,0.12,0.05,0.12,10.1,42.1,20.6,16.3,3.56,51.0,22.7,18.7,6.73,82.5,90.8,87.3,52.9,685.1,156.5,42.1,20.6,16.3,3.56,51.0,22.7,18.7,6.73,82.5,90.8,87.3,52.9,42.1,20.6,16.3,3.56,51.0,22.7,18.7,6.73,82.5,90.8,87.3,52.9,42.1,20.6,16.3,3.56,51.0,22.7,18.7,6.73,82.5,90.8,87.3,52.9,0.1,0.09,0.03,1.09,2.97,0.5,0.0,0.0,0.89,0.3,33.3,0.89,0.3,0.0,0.0,20.9,0.0,0.0,0.0,0.05,-0.05,-0.05,59.8,2.18,13.5,30.8,16.6,2.28,59.8,0.2,33.3,0.4,66.7,30.4,0.1,0.69,0.4,39.6,2.28,1.09,1.68,2.28,1.09,55.0,0.89,0.99,0.89,1.19,3.47,1.29,0.0,2.38,2.38,0.0,0.0,0.0,0.0,0.1,0.0,0.2,0.2,0.0,0.0,0.0,0.0,0.1,0.0,0.0,0.89,1.39,0.0,1.68,1.19,1.68,0.0,0.0,0.0,5.84,0.89,50.0,,,,,,,,,,,,,,,,,,,,,,,,,,,,,Matthew Longstaff,MF,CF Montréal,25-258,,,,"[-0.68603763 -0.05956815 -0.57261281 -0.57134113 -0.41009226 -0.63004378
 -0.35742315 -0.29351102  0.25003718 -0.14126757 -0.67521413  0.88506716
  0.68988589 -0.13327526]",0,-1.4969785218587581,-0.062250924564870046
432808786,2,2025,8,6,586,6.5,0.0,0.15,0.15,0.0,0.0,0.0,0.0,0.0,0.05,0.05,0.2,0.23,0.62,4.77,2.62,0.0,0.15,0.15,0.0,0.15,0.04,0.2,0.24,0.04,0.24,6.5,43.5,19.7,17.7,5.38,50.9,21.5,20.6,7.08,85.5,91.4,85.8,76.1,797.4,240.6,43.5,19.7,17.7,5.38,50.9,21.5,20.6,7.08,85.5,91.4,85.8,76.1,43.5,19.7,17.7,5.38,50.9,21.5,20.6,7.08,85.5,91.4,85.8,76.1,43.5,19.7,17.7,5.38,50.9,21.5,20.6,7.08,85.5,91.4,85.8,76.1,0.15,0.15,-0.05,1.08,3.69,0.62,0.0,0.0,0.46,0.15,33.3,0.46,0.15,0.0,0.0,17.5,0.0,0.0,0.0,0.09,-0.05,-0.05,55.8,1.69,12.8,32.5,11.1,1.23,55.8,0.15,33.3,0.31,66.7,33.7,0.0,0.62,0.77,42.5,0.92,0.46,0.31,0.92,0.46,42.9,0.62,0.31,0.31,0.46,1.38,1.23,0.0,2.62,2.61,0.0,0.0,0.0,0.0,0.0,0.0,0.15,0.15,0.0,0.0,0.0,0.0,0.0,0.0,0.0,0.31,0.46,0.0,0.77,0.46,0.31,0.0,0.0,0.0,4.31,1.08,58.3,,,,,,,,,,,,,,,,,,,,,,,,,,,,,Matthew Longstaff,MF,CF Montréal,25-258,,,,"[-0.68603763  0.30942344 -0.57261281 -0.57134113  0.9378187  -1.0427006
 -0.77070309 -0.61435885  0.3429319   0.53414845 -0.81116785 -0.88530066
 -0.75475682 -1.58305008]",0,-0.4570072661114835,0.2903144890221547
432808786,3,2025,8,6,586,6.5,0.0,0.15,0.15,0.0,0.0,0.0,0.0,0.0,0.05,0.05,0.2,0.23,0.62,4.77,2.62,0.0,0.15,0.15,0.0,0.15,0.04,0.2,0.24,0.04,0.24,6.5,43.5,19.7,17.7,5.38,50.9,21.5,20.6,7.08,85.5,91.4,85.8,76.1,797.4,240.6,43.5,19.7,17.7,5.38,50.9,21.5,20.6,7.08,85.5,91.4,85.8,76.1,43.5,19.7,17.7,5.38,50.9,21.5,20.6,7.08,85.5,91.4,85.8,76.1,43.5,19.7,17.7,5.38,50.9,21.5,20.6,7.08,85.5,91.4,85.8,76.1,0.15,0.15,-0.05,1.08,3.69,0.62,0.0,0.0,0.46,0.15,33.3,0.46,0.15,0.0,0.0,17.5,0.0,0.0,0.0,0.09,-0.05,-0.05,55.8,1.69,12.8,32.5,11.1,1.23,55.8,0.15,33.3,0.31,66.7,33.7,0.0,0.62,0.77,42.5,0.92,0.46,0.31,0.92,0.46,42.9,0.62,0.31,0.31,0.46,1.38,1.23,0.0,2.62,2.61,0.0,0.0,0.0,0.0,0.0,0.0,0.15,0.15,0.0,0.0,0.0,0.0,0.0,0.0,0.0,0.31,0.46,0.0,0.77,0.46,0.31,0.0,0.0,0.0,4.31,1.08,58.3,,,,,,,,,,,,,,,,,,,,,,,,,,,,,Matthew Longstaff,MF,CF Montréal,25-258,,,,"[-0.68603763  0.30942344 -0.57261281 -0.57134113  0.9378187  -1.0427006
 -0.77070309 -0.61435885  0.3429319   0.53414845 -0.81116785 -0.88530066
 -0.75475682 -1.58305008]",0,-0.4570072661114835,0.2903144890221547
5995462907,1,2025,34,27,2506,27.8,0.07,0.0,0.07,0.07,0.0,0.0,0.25,0.0,0.06,0.06,0.05,0.12,0.83,4.75,1.98,0.07,0.0,0.07,0.07,0.07,0.06,0.05,0.12,0.06,0.12,27.8,36.8,18.2,15.3,1.87,42.8,20.1,16.7,3.27,86.0,90.4,91.4,57.1,578.0,145.6,36.8,18.2,15.3,1.87,42.8,20.1,16.7,3.27,86.0,90.4,91.4,57.1,36.8,18.2,15.3,1.87,42.8,20.1,16.7,3.27,86.0,90.4,91.4,57.1,36.8,18.2,15.3,1.87,42.8,20.1,16.7,3.27,86.0,90.4,91.4,57.1,0.0,0.05,-0.05,0.79,4.32,0.58,0.0,0.07,0.43,0.25,58.3,0.43,0.25,0.17,0.29,17.8,0.0,0.0,0.0,0.14,0.01,0.01,52.1,2.01,12.6,30.6,9.5,0.9,52.1,0.86,48.0,0.76,42.0,27.7,0.14,1.33,1.51,34.7,1.69,0.83,1.04,1.69,0.83,52.3,0.76,0.97,0.5,1.01,2.7,1.69,0.04,2.01,2.01,0.11,0.0,0.07,0.0,0.04,0.0,0.11,0.11,0.11,0.0,0.07,0.0,0.04,0.0,0.0,1.33,1.83,0.07,0.29,1.01,1.04,0.0,0.0,0.0,4.35,0.72,36.4,,,,,,,,,,,,,,,,,,,,,,,,,,,,,Victor Loturi,MF,CF Montréal,24-197,Victor Loturi,,Standard,"[-0.35280309 -0.79755134 -0.51390354 -0.50681932 -0.61746318  1.43324035
 -0.79953658 -0.40046029 -0.10163572  0.52298455 -0.64322501  0.11703995
  0.33367262 -0.1759157 ]",0,-1.445829934682614,-0.4020206408545009
7797787380,1,2025,31,30,2721,30.2,0.07,0.2,0.26,0.07,0.0,0.0,0.17,0.0,0.02,0.02,0.11,0.12,2.28,3.94,3.31,0.07,0.2,0.26,0.07,0.26,0.02,0.11,0.12,0.02,0.12,30.2,41.7,16.1,21.3,4.21,54.0,18.1,26.4,7.88,77.1,88.7,80.5,53.4,777.6,283.8,41.7,16.1,21.3,4.21,54.0,18.1,26.4,7.88,77.1,88.7,80.5,53.4,41.7,16.1,21.3,4.21,54.0,18.1,26.4,7.88,77.1,88.7,80.5,53.4,41.7,16.1,21.3,4.21,54.0,18.1,26.4,7.88,77.1,88.7,80.5,53.4,0.2,0.09,0.09,0.7,3.11,1.29,0.33,0.07,0.4,0.1,25.0,0.4,0.1,0.17,0.67,19.1,0.0,0.0,0.0,0.04,0.05,0.05,62.6,3.08,19.9,29.1,14.2,0.6,62.6,0.46,48.3,0.46,48.3,32.3,0.07,0.56,0.23,39.1,2.25,1.03,1.46,2.25,1.03,58.5,0.73,0.63,0.5,1.23,3.48,2.55,0.03,1.75,1.75,0.07,0.0,0.03,0.0,0.03,0.0,0.26,0.26,0.07,0.0,0.03,0.0,0.03,0.0,0.0,1.32,0.36,0.1,1.82,1.23,1.46,0.0,0.03,0.0,3.44,0.73,44.9,,,,,,,,,,,,,,,,,,,,,,,,,,,,,Daniel Lovitz,DF,Nashville SC,34-099,Daniel Lovitz,,Standard,"[-0.35280309  0.67841504 -0.74874061 -0.76490657  0.00464957  1.71049415
 -0.82837006 -0.72130812  0.22349583  0.07084655  0.51638029  0.84601493
  0.76904439 -0.90080311]",0,-1.2236228700592924,1.0309992495878664
8413245923,1,2025,19,16,1398,15.5,0.39,0.19,0.58,0.19,0.19,0.19,0.39,0.06,0.34,0.19,0.23,0.41,2.39,8.9,1.61,0.39,0.19,0.58,0.19,0.39,0.34,0.23,0.57,0.19,0.41,15.5,55.3,23.7,21.7,8.84,68.0,26.6,25.4,13.5,81.3,89.1,85.3,65.2,1068.4,390.4,55.3,23.7,21.7,8.84,68.0,26.6,25.4,13.5,81.3,89.1,85.3,65.2,55.3,23.7,21.7,8.84,68.0,26.6,25.4,13.5,81.3,89.1,85.3,65.2,55.3,23.7,21.7,8.84,68.0,26.6,25.4,13.5,81.3,89.1,85.3,65.2,0.19,0.2,-0.03,2.0,7.03,1.94,0.45,0.39,2.52,0.71,28.2,2.51,0.71,0.08,0.27,25.0,0.58,0.19,0.19,0.07,0.05,0.01,79.0,2.13,19.9,39.0,20.5,2.19,78.8,0.65,43.5,0.65,43.5,43.0,0.65,1.35,0.84,54.0,2.39,1.16,1.16,2.39,1.16,52.9,1.03,0.97,0.77,0.58,2.97,0.9,0.06,4.39,4.38,0.06,0.0,0.19,0.0,0.0,0.0,0.32,0.32,0.06,0.0,0.19,0.0,0.0,0.0,0.06,1.48,1.35,0.0,4.39,0.58,1.16,0.0,0.0,0.0,6.06,0.97,65.2,,,,,,,,,,,,,,,,,,,,,,,,,,,,,Eduard Löwen,MF,St. Louis,28-310,Eduard Löwen,TAM Player,TAM Player,"[ 1.17055481  0.60461672  1.12995595  0.33196424  1.24887507  0.00441609
  1.20919617  0.58347305  1.12590175  2.83949404  0.60435035  1.02825868
 -0.5172813  -0.1759157 ]",-1,1.5510327271221873,2.9823908786834723
1064067074,1,2025,27,22,1824,20.3,0.44,0.39,0.84,0.34,0.1,0.1,0.25,0.0,0.49,0.42,0.22,0.64,3.69,3.84,11.6,0.44,0.39,0.84,0.35,0.74,0.49,0.22,0.72,0.42,0.64,20.3,25.7,13.8,8.37,2.66,36.8,16.7,10.9,6.26,69.9,82.6,76.6,42.5,415.8,130.0,25.7,13.8,8.37,2.66,36.8,16.7,10.9,6.26,69.9,82.6,76.6,42.5,25.7,13.8,8.37,2.66,36.8,16.7,10.9,6.26,69.9,82.6,76.6,42.5,25.7,13.8,8.37,2.66,36.8,16.7,10.9,6.26,69.9,82.6,76.6,42.5,0.39,0.24,0.17,1.77,1.82,2.12,0.49,0.44,4.38,1.23,28.1,4.39,1.23,0.08,0.28,20.5,0.25,0.1,0.1,0.1,-0.05,-0.07,51.8,0.25,3.15,18.4,31.1,4.93,51.7,1.97,44.9,2.02,46.1,33.4,1.77,3.05,1.92,40.0,1.28,0.34,0.74,1.28,0.34,36.8,0.59,0.99,0.89,0.34,1.63,0.15,0.0,4.53,4.54,0.54,0.05,0.44,0.0,0.1,0.1,0.74,0.74,0.54,0.05,0.44,0.0,0.1,0.1,0.0,1.82,2.86,0.79,5.02,0.34,0.74,0.0,0.0,0.0,2.61,0.54,57.9,,,,,,,,,,,,,,,,,,,,,,,,,,,,,Hirving Lozano,FW,San Diego FC,30-127,Hirving Lozano,Designated Player,Designated Player,"[ 1.40857949  2.0805831   2.01059496  1.81596593  1.14518962  0.55376549
  2.99687221  1.69574552 -0.8381582   0.01502704  1.64399649 -0.41667388
 -0.99223233 -0.13327526]",-1,5.168273847636042,1.351433696462888
8587005088,1,2025,26,21,1748,19.4,0.0,0.05,0.05,0.0,0.0,0.0,0.15,0.0,0.01,0.01,0.01,0.02,0.88,3.61,0.57,0.0,0.05,0.05,0.0,0.05,0.01,0.01,0.02,0.01,0.02,19.4,57.6,19.9,32.7,4.54,63.1,21.2,34.2,6.91,91.3,93.9,95.8,65.7,1085.5,362.0,57.6,19.9,32.7,4.54,63.1,21.2,34.2,6.91,91.3,93.9,95.8,65.7,57.6,19.9,32.7,4.54,63.1,21.2,34.2,6.91,91.3,93.9,95.8,65.7,57.6,19.9,32.7,4.54,63.1,21.2,34.2,6.91,91.3,93.9,95.8,65.7,0.05,0.03,0.04,0.21,3.61,0.1,0.0,0.0,0.31,0.05,16.7,0.31,0.05,0.0,0.0,13.4,0.0,0.0,0.0,0.03,-0.01,-0.01,73.1,6.91,36.3,33.5,3.71,0.46,73.1,0.52,66.7,0.26,33.3,45.4,0.05,0.57,0.05,52.7,1.96,1.19,1.34,1.96,1.19,74.2,0.41,0.82,0.52,0.93,2.89,4.28,0.0,0.57,0.57,0.05,0.0,0.0,0.0,0.0,0.0,0.1,0.1,0.05,0.0,0.0,0.0,0.0,0.0,0.0,0.93,0.26,0.0,0.26,0.93,1.34,0.0,0.0,0.0,4.79,1.91,60.7,,,,,,,,,,,,,,,,,,,,,,,,,,,,,Gonzalo Luján,DF,Inter Miami,24-221,Gonzalo Luján,TAM Player,TAM Player,"[-0.68603763 -0.42855974 -0.80744988 -0.82942838 -1.03220501  0.45575949
 -0.91487052 -0.8282574   1.27851451 -0.11335782 -0.60323862  0.46851003
  0.17535561 -0.49571897]",0,-2.279477048484296,-0.3253131676739912
3709941671,1,2025,32,30,2617,29.1,0.07,0.07,0.14,0.07,0.0,0.0,0.31,0.03,0.08,0.08,0.05,0.13,1.13,5.88,1.1,0.07,0.07,0.14,0.07,0.14,0.08,0.06,0.13,0.08,0.13,29.1,39.9,19.6,16.6,2.65,48.0,22.2,18.9,4.09,83.1,87.9,87.8,64.7,642.8,199.8,39.9,19.6,16.6,2.65,48.0,22.2,18.9,4.09,83.1,87.9,87.8,64.7,39.9,19.6,16.6,2.65,48.0,22.2,18.9,4.09,83.1,87.9,87.8,64.7,39.9,19.6,16.6,2.65,48.0,22.2,18.9,4.09,83.1,87.9,87.8,64.7,0.07,0.07,0.01,0.82,5.26,0.76,0.14,0.07,1.68,0.34,20.4,1.69,0.34,0.04,0.2,23.7,0.0,0.0,0.0,0.05,-0.01,-0.01,59.8,1.65,10.5,36.6,13.5,0.79,59.8,0.69,50.0,0.65,47.5,31.1,0.14,1.44,0.76,37.0,2.78,1.24,1.68,2.78,1.24,39.6,1.89,1.34,1.24,1.48,4.26,1.13,0.03,2.71,2.72,0.03,0.0,0.07,0.0,0.03,0.03,0.17,0.17,0.03,0.0,0.07,0.0,0.03,0.03,0.03,1.44,0.58,0.0,0.52,1.48,1.68,0.0,0.0,0.0,6.7,0.96,62.2,,,,,,,,,,,,,,,,,,,,,,,,,,,,,Jovan Lukić,MF,Philadelphia Union,23-318,,,,"[-0.35280309 -0.28096311 -0.39648501 -0.37777569 -0.61746318  1.57638068
  0.40185861 -0.2079516   0.10405975  1.15374496 -0.40330667  1.53593769
  1.26378505  0.61293236]",0,-1.4798017682105526,0.8963900303535391
1669665730,3,2025,27,27,2264,25.2,0.36,0.12,0.48,0.28,0.08,0.08,0.36,0.08,0.25,0.2,0.14,0.34,2.66,5.24,5.91,0.36,0.12,0.48,0.28,0.4,0.26,0.14,0.39,0.2,0.34,25.2,37.3,20.2,11.4,2.98,47.0,23.3,13.8,5.28,79.3,86.7,83.0,56.4,560.4,148.7,37.3,20.2,11.4,2.98,47.0,23.3,13.8,5.28,79.3,86.7,83.0,56.4,37.3,20.2,11.4,2.98,47.0,23.3,13.8,5.28,79.3,86.7,83.0,56.4,37.3,20.2,11.4,2.98,47.0,23.3,13.8,5.28,79.3,86.7,83.0,56.4,0.12,0.17,-0.02,1.67,4.13,0.95,0.12,0.36,2.06,0.67,32.7,2.07,0.68,0.13,0.41,19.6,0.24,0.08,0.08,0.1,0.1,0.08,57.5,0.32,4.48,29.4,24.3,3.29,57.4,1.31,42.3,1.63,52.6,35.9,0.95,2.5,1.11,42.7,0.99,0.44,0.63,0.99,0.44,36.7,0.75,0.75,0.71,0.56,1.55,0.2,0.0,4.33,4.33,0.16,0.0,0.28,0.04,0.08,0.0,0.44,0.44,0.16,0.0,0.28,0.04,0.08,0.0,0.04,0.83,1.67,0.08,2.74,0.56,0.63,0.0,0.0,0.0,3.57,0.12,27.3,,,,,,,,,,,,,,,,,,,,,,,,,,,,,Diego Luna,"MF,FW",Real Salt Lake,22-088,Diego Luna,U22 Initiative,U22 Initiative,"[ 1.02774001  0.08802849  0.60157254  0.39648606  0.31570595  1.12116862
  0.76708275  0.49791362 -0.06845903  0.79650013  0.82027686 -0.79417879
 -0.55686056 -0.64496049]",0,1.7987980172181985,0.5379035291102037
3345993305,3,2025,11,9,715,7.9,0.13,0.0,0.13,0.13,0.0,0.0,0.38,0.13,0.1,0.1,0.08,0.18,0.0,2.53,0.38,0.13,0.0,0.13,0.13,0.13,0.1,0.08,0.17,0.1,0.17,7.9,40.1,12.4,21.4,6.08,47.0,13.8,23.4,8.73,85.4,89.9,91.4,69.6,829.6,322.5,40.1,12.4,21.4,6.08,47.0,13.8,23.4,8.73,85.4,89.9,91.4,69.6,40.1,12.4,21.4,6.08,47.0,13.8,23.4,8.73,85.4,89.9,91.4,69.6,40.1,12.4,21.4,6.08,47.0,13.8,23.4,8.73,85.4,89.9,91.4,69.6,0.0,0.05,-0.08,0.25,1.77,0.13,0.0,0.13,0.76,0.38,50.0,0.76,0.38,0.17,0.33,11.9,0.0,0.0,0.0,0.13,0.03,0.03,57.0,7.09,33.4,21.1,2.66,1.52,57.0,0.13,100.0,0.0,0.0,29.9,0.0,0.51,0.38,35.7,0.76,0.13,0.38,0.76,0.13,100.0,0.0,1.27,0.13,1.27,2.03,5.06,0.0,0.38,0.38,0.0,0.0,0.0,0.0,0.0,0.0,0.0,0.0,0.0,0.0,0.0,0.0,0.0,0.0,0.0,1.39,0.63,0.0,0.0,1.27,0.38,0.0,0.0,0.0,3.04,3.29,74.3,,,,,,,,,,,,,,,,,,,,,,,,,,,,,Lukas MacNaughton,DF,D.C. United,30-271,Lukas MacNaughton,,Standard,"[-0.06717348 -0.79755134 -0.27906647 -0.24873207 -0.3064068  -0.87634832
 -0.48236825 -0.12239218  0.11733042 -0.71620848 -1.30699909 -1.09357923
  0.8482029   0.46369084]",0,-1.020109973453372,-1.5121970881473907
5951532592,1,2025,30,29,2572,28.6,0.0,0.0,0.0,0.0,0.0,0.0,0.1,0.0,0.02,0.02,0.0,0.02,0.17,2.13,0.17,0.0,0.0,0.0,0.0,0.0,0.02,0.0,0.02,0.02,0.02,28.6,57.2,17.8,33.6,5.49,62.1,18.4,35.3,7.62,92.0,96.6,95.0,72.0,1121.4,352.1,57.2,17.8,33.6,5.49,62.1,18.4,35.3,7.62,92.0,96.6,95.0,72.0,57.2,17.8,33.6,5.49,62.1,18.4,35.3,7.62,92.0,96.6,95.0,72.0,57.2,17.8,33.6,5.49,62.1,18.4,35.3,7.62,92.0,96.6,95.0,72.0,0.0,0.01,0.0,0.03,2.45,0.0,0.0,0.0,0.38,0.1,27.3,0.38,0.1,0.0,0.0,10.6,0.0,0.0,0.0,0.06,-0.02,-0.02,70.5,10.9,38.7,29.7,2.38,0.63,70.5,0.03,100.0,0.0,0.0,42.1,0.0,0.1,0.03,52.4,0.45,0.14,0.31,0.45,0.14,44.4,0.17,0.49,0.17,0.63,1.08,5.24,0.0,0.42,0.42,0.0,0.0,0.0,0.0,0.0,0.0,0.07,0.07,0.0,0.0,0.0,0.0,0.0,0.0,0.0,0.7,0.24,0.0,0.0,0.63,0.31,0.0,0.0,0.0,2.38,1.68,60.0,,,,,,,,,,,,,,,,,,,,,,,,,,,,,Jack Maher,DF,Nashville SC,26-037,Jack Maher,TAM Player,TAM Player,"[-0.68603763 -0.79755134 -0.74874061 -0.76490657 -1.13589047  1.51835082
 -0.84759239 -0.72130812  1.25197316 -0.9394865  -1.17104536 -1.49711895
 -0.41833317 -1.19928616]",0,-1.6457982919774516,-1.7875394190223413
285250691,1,2025,29,23,2147,23.9,0.04,0.0,0.04,0.04,0.0,0.0,0.38,0.08,0.1,0.1,0.0,0.1,0.84,3.93,0.08,0.04,0.0,0.04,0.04,0.04,0.1,0.0,0.1,0.1,0.1,23.9,36.1,12.6,20.0,3.05,44.6,14.2,22.3,6.99,81.0,88.8,90.0,43.7,679.1,285.9,36.1,12.6,20.0,3.05,44.6,14.2,22.3,6.99,81.0,88.8,90.0,43.7,36.1,12.6,20.0,3.05,44.6,14.2,22.3,6.99,81.0,88.8,90.0,43.7,36.1,12.6,20.0,3.05,44.6,14.2,22.3,6.99,81.0,88.8,90.0,43.7,0.0,0.01,0.0,0.04,3.47,0.0,0.0,0.04,0.71,0.13,17.6,0.71,0.13,0.06,0.33,9.0,0.0,0.0,0.0,0.14,-0.06,-0.06,57.6,7.53,29.5,25.1,3.51,1.0,57.6,0.5,85.7,0.08,14.3,29.9,0.04,1.0,0.29,30.6,1.92,1.42,1.38,1.92,1.42,72.3,0.54,1.17,0.67,1.17,3.1,6.32,0.08,1.09,1.09,0.04,0.0,0.0,0.0,0.0,0.0,0.04,0.04,0.04,0.0,0.0,0.0,0.0,0.0,0.04,1.09,0.67,0.0,0.17,1.17,1.38,0.0,0.04,0.0,5.61,2.26,70.1,,,,,,,,,,,,,,,,,,,,,,,,,,,,,Olwethu Makhanya,DF,Philadelphia Union,21-218,Olwethu Makhanya,U22 Initiative,U22 Initiative,"[-0.49561789 -0.79755134 -0.27906647 -0.24873207 -1.13589047  0.97029097
 -0.53042406 -0.65713856 -0.14808308  0.0652646  -0.63522774  0.41644039
  0.65030664  0.25048866]",0,-1.6098955180652124,-0.8061680319354505
3660600475,1,2025,33,33,2899,32.2,0.03,0.0,0.03,0.03,0.0,0.0,0.12,0.03,0.06,0.06,0.01,0.07,0.16,2.14,0.06,0.03,0.0,0.03,0.03,0.03,0.06,0.01,0.06,0.06,0.06,32.2,55.2,12.0,33.8,9.19,63.2,12.8,35.3,14.1,87.4,93.7,95.5,65.3,1230.5,457.8,55.2,12.0,33.8,9.19,63.2,12.8,35.3,14.1,87.4,93.7,95.5,65.3,55.2,12.0,33.8,9.19,63.2,12.8,35.3,14.1,87.4,93.7,95.5,65.3,55.2,12.0,33.8,9.19,63.2,12.8,35.3,14.1,87.4,93.7,95.5,65.3,0.0,0.02,-0.01,0.09,3.6,0.03,0.0,0.03,0.5,0.03,6.3,0.5,0.03,0.06,1.0,10.5,0.0,0.0,0.0,0.12,-0.02,-0.02,75.3,12.8,43.7,30.5,1.52,0.75,75.3,0.28,69.2,0.12,30.8,47.0,0.03,0.5,0.16,54.1,0.84,0.4,0.62,0.84,0.4,59.1,0.28,1.83,0.31,0.84,1.68,6.61,0.16,0.37,0.37,0.0,0.0,0.0,0.0,0.0,0.0,0.09,0.09,0.0,0.0,0.0,0.0,0.0,0.0,0.0,0.65,0.28,0.0,0.06,0.84,0.62,0.0,0.06,0.0,3.39,1.74,65.9,,,,,,,,,,,,,,,,,,,,,,,,,,,,,Adilson Malanda,DF,Charlotte,24-036,Adilson Malanda,TAM Player,TAM Player,"[-0.54322282 -0.79755134 -0.51390354 -0.50681932 -1.03220501  1.94003451
 -0.73225845 -0.87103711  1.11926641 -0.93390455 -1.17904264 -0.98943994
 -0.00275102  1.65762304]",0,-2.172299252100012,-1.4674067935832977
4707876257,2,2025,17,10,868,9.6,0.1,0.21,0.31,0.1,0.0,0.0,0.31,0.0,0.15,0.15,0.16,0.29,4.58,2.81,10.9,0.1,0.21,0.31,0.1,0.31,0.14,0.15,0.29,0.14,0.29,9.6,20.8,11.8,6.46,1.77,34.0,15.4,10.8,4.38,61.3,76.4,59.6,40.5,332.6,103.3,20.8,11.8,6.46,1.77,34.0,15.4,10.8,4.38,61.3,76.4,59.6,40.5,20.8,11.8,6.46,1.77,34.0,15.4,10.8,4.38,61.3,76.4,59.6,40.5,20.8,11.8,6.46,1.77,34.0,15.4,10.8,4.38,61.3,76.4,59.6,40.5,0.21,0.15,0.05,0.83,1.67,1.35,0.31,0.1,1.77,0.52,29.4,1.76,0.52,0.06,0.2,18.8,0.0,0.0,0.0,0.08,-0.04,-0.04,43.6,1.25,6.25,16.5,21.9,3.33,43.6,0.52,31.3,1.15,68.8,29.1,0.94,1.98,1.04,32.8,1.15,0.42,0.73,1.15,0.42,26.7,1.15,0.83,0.73,0.73,1.88,0.94,0.0,1.67,1.66,0.0,0.0,0.0,0.0,0.0,0.0,0.21,0.21,0.0,0.0,0.0,0.0,0.0,0.0,0.0,0.42,1.04,0.52,4.38,0.73,0.73,0.0,0.0,0.0,4.27,0.42,40.0,,,,,,,,,,,,,,,,,,,,,,,,,,,,,Dominik Marczuk,FW,Real Salt Lake,22-033,Dominik Marczuk,U22 Initiative,U22 Initiative,"[-0.20998828  0.75221336  0.01447986  0.07387699  0.52307686 -0.67904677
  0.48835906  0.1770658  -1.16328974 -0.55991386  2.35575423 -0.58590022
 -0.22043691 -0.47439875]",0,1.5884096663353422,0.5862257204023371
4707876257,3,2025,17,10,868,9.6,0.1,0.21,0.31,0.1,0.0,0.0,0.31,0.0,0.15,0.15,0.16,0.29,4.58,2.81,10.9,0.1,0.21,0.31,0.1,0.31,0.14,0.15,0.29,0.14,0.29,9.6,20.8,11.8,6.46,1.77,34.0,15.4,10.8,4.38,61.3,76.4,59.6,40.5,332.6,103.3,20.8,11.8,6.46,1.77,34.0,15.4,10.8,4.38,61.3,76.4,59.6,40.5,20.8,11.8,6.46,1.77,34.0,15.4,10.8,4.38,61.3,76.4,59.6,40.5,20.8,11.8,6.46,1.77,34.0,15.4,10.8,4.38,61.3,76.4,59.6,40.5,0.21,0.15,0.05,0.83,1.67,1.35,0.31,0.1,1.77,0.52,29.4,1.76,0.52,0.06,0.2,18.8,0.0,0.0,0.0,0.08,-0.04,-0.04,43.6,1.25,6.25,16.5,21.9,3.33,43.6,0.52,31.3,1.15,68.8,29.1,0.94,1.98,1.04,32.8,1.15,0.42,0.73,1.15,0.42,26.7,1.15,0.83,0.73,0.73,1.88,0.94,0.0,1.67,1.66,0.0,0.0,0.0,0.0,0.0,0.0,0.21,0.21,0.0,0.0,0.0,0.0,0.0,0.0,0.0,0.42,1.04,0.52,4.38,0.73,0.73,0.0,0.0,0.0,4.27,0.42,40.0,,,,,,,,,,,,,,,,,,,,,,,,,,,,,Dominik Marczuk,FW,Real Salt Lake,22-033,Dominik Marczuk,U22 Initiative,U22 Initiative,"[-0.20998828  0.75221336  0.01447986  0.07387699  0.52307686 -0.67904677
  0.48835906  0.1770658  -1.16328974 -0.55991386  2.35575423 -0.58590022
 -0.22043691 -0.47439875]",0,1.5884096663353422,0.5862257204023371
5724486476,1,2025,5,4,327,3.6,0.0,0.0,0.0,0.0,0.0,0.0,0.28,0.0,0.06,0.06,0.03,0.08,1.39,6.67,1.94,0.0,0.0,0.0,0.0,0.0,0.04,0.03,0.07,0.04,0.07,3.6,42.2,16.9,21.7,3.33,50.6,18.3,24.4,6.67,83.5,92.4,88.6,50.0,753.9,392.5,42.2,16.9,21.7,3.33,50.6,18.3,24.4,6.67,83.5,92.4,88.6,50.0,42.2,16.9,21.7,3.33,50.6,18.3,24.4,6.67,83.5,92.4,88.6,50.0,42.2,16.9,21.7,3.33,50.6,18.3,24.4,6.67,83.5,92.4,88.6,50.0,0.0,0.06,-0.03,0.83,5.0,0.83,0.0,0.0,1.11,0.0,0.0,1.1,0.0,0.0,,17.8,0.0,0.0,0.0,0.04,-0.06,-0.06,59.2,5.0,20.8,29.2,9.72,1.39,59.2,0.0,0.0,0.28,100.0,31.1,0.28,0.28,0.28,36.9,0.56,0.0,0.56,0.56,0.0,,0.0,1.11,0.56,1.94,2.5,3.89,0.0,2.22,2.2,0.0,0.0,0.0,0.0,0.0,0.0,0.56,0.55,0.0,0.0,0.0,0.0,0.0,0.0,0.0,1.11,0.28,0.28,0.56,1.94,0.56,0.0,0.0,0.0,2.78,2.5,81.8,,,,,,,,,,,,,,,,,,,,,,,,,,,,,Adrián Marín,DF,Orlando City,28-329,,,,"[-0.68603763 -0.79755134 -0.51390354 -0.50681932 -0.8248341  -1.37669472
 -0.1459776  -0.93520667  0.25667251  1.59471906 -0.19537745 -1.35392744
  2.17410785  0.12256735]",0,-1.918835271680296,0.07247015796812414
6873901988,5,2025,31,23,1895,21.1,0.43,0.05,0.47,0.43,0.0,0.0,0.24,0.0,0.24,0.24,0.12,0.36,0.71,2.09,3.03,0.43,0.05,0.47,0.43,0.47,0.24,0.12,0.37,0.24,0.37,21.1,21.9,13.0,7.01,1.04,29.5,15.3,9.05,3.03,74.2,84.8,77.5,34.4,319.1,120.3,21.9,13.0,7.01,1.04,29.5,15.3,9.05,3.03,74.2,84.8,77.5,34.4,21.9,13.0,7.01,1.04,29.5,15.3,9.05,3.03,74.2,84.8,77.5,34.4,21.9,13.0,7.01,1.04,29.5,15.3,9.05,3.03,74.2,84.8,77.5,34.4,0.05,0.09,-0.08,0.85,1.42,0.57,0.28,0.43,1.42,0.47,33.3,1.42,0.47,0.3,0.9,11.9,0.0,0.0,0.0,0.17,0.18,0.18,43.5,4.27,16.3,16.8,10.8,2.56,43.5,0.33,46.7,0.38,53.3,19.5,0.28,1.37,0.14,23.2,2.65,1.75,1.33,2.65,1.75,67.3,0.85,1.8,1.14,1.85,4.5,3.51,0.0,1.71,1.71,0.14,0.05,0.05,0.0,0.09,0.0,0.33,0.33,0.14,0.05,0.05,0.0,0.09,0.0,0.0,1.52,0.71,0.28,0.9,1.85,1.33,0.0,0.05,0.0,3.6,2.56,65.1,,,,,,,,,,,,,,,,,,,,,,,,,,,,,Anthony Markanich,DF,Minnesota Utd,25-343,,,,"[ 1.36097455 -0.42855974  0.54286327  0.65457331  0.10833503  0.64532372
  0.15196841  0.07011652 -1.09030103 -0.96181431 -0.73919235  1.36671135
  1.99600121  1.59366238]",-1,0.015355920728867182,-0.6822730910035548
1087229970,1,2025,30,19,1810,20.1,0.55,0.15,0.7,0.5,0.05,0.05,0.2,0.0,0.48,0.44,0.12,0.57,1.0,1.04,4.73,0.55,0.15,0.7,0.5,0.65,0.48,0.12,0.6,0.44,0.57,20.1,13.7,9.35,3.78,0.15,17.4,10.9,4.63,0.25,78.9,85.5,81.7,60.0,180.6,23.7,13.7,9.35,3.78,0.15,17.4,10.9,4.63,0.25,78.9,85.5,81.7,60.0,13.7,9.35,3.78,0.15,17.4,10.9,4.63,0.25,78.9,85.5,81.7,60.0,13.7,9.35,3.78,0.15,17.4,10.9,4.63,0.25,78.9,85.5,81.7,60.0,0.15,0.08,0.02,1.0,0.4,0.4,0.0,0.55,2.04,1.0,48.8,2.04,0.99,0.24,0.5,11.0,0.0,0.05,0.05,0.22,0.06,0.05,28.7,1.0,1.94,12.3,14.7,4.43,28.7,1.0,40.0,1.39,56.0,16.1,0.65,2.84,1.49,20.2,0.95,0.25,0.55,0.95,0.25,62.5,0.15,0.9,0.9,0.1,1.04,1.09,0.05,2.09,2.09,0.25,0.05,0.1,0.05,0.05,0.0,0.35,0.35,0.25,0.05,0.1,0.05,0.05,0.0,0.0,1.54,1.14,0.3,0.05,0.1,0.55,0.0,0.05,0.0,1.79,2.49,46.3,,,,,,,,,,,,,,,,,,,,,,,,,,,,,Idan Markovich,FW,Charlotte,21-117,,,,"[ 1.93223376  0.30942344  1.9518857   1.94500955  0.10833503  0.53571175
  0.74786042  1.20377885 -1.63439872 -1.54791912 -0.50727129 -0.84624843
 -1.46718336 -0.32515722]",0,3.9228863260273807,-2.069583743569065
1977169095,1,2025,11,7,631,7.0,0.0,0.0,0.0,0.0,0.0,0.0,0.0,0.0,0.01,0.01,0.0,0.03,0.86,3.86,0.0,0.0,0.0,0.0,0.0,0.0,0.02,0.0,0.02,0.02,0.02,7.0,73.0,26.0,40.9,5.71,77.9,26.7,42.6,8.0,93.8,97.3,96.0,71.4,1339.6,466.1,73.0,26.0,40.9,5.71,77.9,26.7,42.6,8.0,93.8,97.3,96.0,71.4,73.0,26.0,40.9,5.71,77.9,26.7,42.6,8.0,93.8,97.3,96.0,71.4,73.0,26.0,40.9,5.71,77.9,26.7,42.6,8.0,93.8,97.3,96.0,71.4,0.0,0.01,0.0,0.14,5.0,0.29,0.0,0.0,0.14,0.0,0.0,0.14,0.0,0.0,,8.2,0.0,0.0,0.0,0.13,-0.01,-0.01,87.9,11.3,39.7,47.7,1.0,0.43,87.9,0.43,100.0,0.0,0.0,57.4,0.0,0.29,0.0,66.7,1.14,0.71,0.86,1.14,0.71,55.6,0.57,0.86,0.14,1.14,2.29,5.0,0.0,0.29,0.29,0.0,0.0,0.0,0.0,0.0,0.0,0.0,0.0,0.0,0.0,0.0,0.0,0.0,0.0,0.0,1.43,0.71,0.0,0.0,1.14,0.86,0.0,0.0,0.0,4.43,1.43,52.6,,,,,,,,,,,,,,,,,,,,,,,,,,,,,Marlon,DF,LAFC,30-088,Marlon,TAM Player,TAM Player,"[-0.68603763 -0.79755134 -0.80744988 -0.82942838 -1.13589047 -0.98467073
 -1.07826026 -0.93520667  2.30035651  0.02619095 -0.61923318 -0.59891763
  0.59093776 -0.4104381 ]",0,-2.6999455330595974,-0.5263817182293974
2541348126,4,2025,24,19,1797,20.0,0.0,0.1,0.1,0.0,0.0,0.0,0.15,0.0,0.01,0.01,0.03,0.05,2.75,4.5,3.2,0.0,0.1,0.1,0.0,0.1,0.01,0.04,0.05,0.01,0.05,20.0,47.3,23.6,19.4,3.3,55.3,25.1,22.1,5.65,85.6,94.0,88.0,58.4,786.6,263.6,47.3,23.6,19.4,3.3,55.3,25.1,22.1,5.65,85.6,94.0,88.0,58.4,47.3,23.6,19.4,3.3,55.3,25.1,22.1,5.65,85.6,94.0,88.0,58.4,47.3,23.6,19.4,3.3,55.3,25.1,22.1,5.65,85.6,94.0,88.0,58.4,0.1,0.07,0.07,0.4,4.25,0.5,0.1,0.0,0.45,0.1,22.2,0.45,0.1,0.0,0.0,23.8,0.0,0.0,0.0,0.03,-0.01,-0.01,62.9,3.0,21.4,28.3,13.7,1.1,62.9,0.35,46.7,0.3,40.0,34.9,0.3,0.75,0.35,41.5,1.5,0.75,1.1,1.5,0.75,57.7,0.55,1.05,0.8,0.75,2.25,2.5,0.05,1.15,1.15,0.0,0.0,0.0,0.0,0.05,0.0,0.3,0.3,0.0,0.0,0.0,0.0,0.05,0.0,0.0,0.8,0.95,0.1,1.55,0.75,1.1,0.0,0.0,0.0,3.6,0.65,41.9,,,,,,,,,,,,,,,,,,,,,,,,,,,,,Jahkeele Marshall-Rutty,"MF,DF",CF Montréal,21-171,Jahkeele Marshall-Rutty,,Standard,"[-0.68603763 -0.05956815 -0.80744988 -0.82942838 -0.8248341   0.51894757
 -0.78031426 -0.72130812  0.59507474  0.38343578  0.89225236 -0.13029085
 -0.18085766 -0.00535396]",0,-1.5120939860555052,0.3953908093171108
2541348126,5,2025,24,19,1797,20.0,0.0,0.1,0.1,0.0,0.0,0.0,0.15,0.0,0.01,0.01,0.03,0.05,2.75,4.5,3.2,0.0,0.1,0.1,0.0,0.1,0.01,0.04,0.05,0.01,0.05,20.0,47.3,23.6,19.4,3.3,55.3,25.1,22.1,5.65,85.6,94.0,88.0,58.4,786.6,263.6,47.3,23.6,19.4,3.3,55.3,25.1,22.1,5.65,85.6,94.0,88.0,58.4,47.3,23.6,19.4,3.3,55.3,25.1,22.1,5.65,85.6,94.0,88.0,58.4,47.3,23.6,19.4,3.3,55.3,25.1,22.1,5.65,85.6,94.0,88.0,58.4,0.1,0.07,0.07,0.4,4.25,0.5,0.1,0.0,0.45,0.1,22.2,0.45,0.1,0.0,0.0,23.8,0.0,0.0,0.0,0.03,-0.01,-0.01,62.9,3.0,21.4,28.3,13.7,1.1,62.9,0.35,46.7,0.3,40.0,34.9,0.3,0.75,0.35,41.5,1.5,0.75,1.1,1.5,0.75,57.7,0.55,1.05,0.8,0.75,2.25,2.5,0.05,1.15,1.15,0.0,0.0,0.0,0.0,0.05,0.0,0.3,0.3,0.0,0.0,0.0,0.0,0.05,0.0,0.0,0.8,0.95,0.1,1.55,0.75,1.1,0.0,0.0,0.0,3.6,0.65,41.9,,,,,,,,,,,,,,,,,,,,,,,,,,,,,Jahkeele Marshall-Rutty,"MF,DF",CF Montréal,21-171,Jahkeele Marshall-Rutty,,Standard,"[-0.68603763 -0.05956815 -0.80744988 -0.82942838 -0.8248341   0.51894757
 -0.78031426 -0.72130812  0.59507474  0.38343578  0.89225236 -0.13029085
 -0.18085766 -0.00535396]",0,-1.5120939860555052,0.3953908093171108
8715491403,2,2025,30,29,2496,27.7,0.61,0.04,0.65,0.43,0.18,0.25,0.07,0.0,0.75,0.56,0.08,0.64,1.34,1.34,5.74,0.61,0.04,0.65,0.43,0.47,0.75,0.08,0.84,0.55,0.64,27.7,9.46,5.09,3.25,0.47,13.3,7.18,3.94,0.61,71.2,70.9,82.6,76.5,135.1,26.6,9.46,5.09,3.25,0.47,13.3,7.18,3.94,0.61,71.2,70.9,82.6,76.5,9.46,5.09,3.25,0.47,13.3,7.18,3.94,0.61,71.2,70.9,82.6,76.5,9.46,5.09,3.25,0.47,13.3,7.18,3.94,0.61,71.2,70.9,82.6,76.5,0.04,0.05,-0.05,0.83,0.51,0.65,0.0,0.61,3.43,1.48,43.2,3.43,1.48,0.13,0.29,16.7,0.0,0.18,0.25,0.16,-0.14,-0.12,23.5,0.32,1.41,8.05,14.4,5.45,23.2,1.19,51.6,1.01,43.8,14.4,1.05,2.49,1.01,16.8,0.43,0.18,0.18,0.43,0.18,35.7,0.32,0.32,0.29,0.25,0.69,0.32,0.04,2.24,2.24,0.43,0.07,0.25,0.11,0.04,0.0,0.36,0.36,0.43,0.07,0.25,0.11,0.04,0.0,0.0,0.32,0.79,0.51,0.18,0.25,0.18,0.14,0.0,0.0,1.16,0.29,17.8,,,,,,,,,,,,,,,,,,,,,,,,,,,,,Alonso Martínez,FW,NYCFC,27-050,Alonso Martínez,TAM Player,TAM Player,"[ 2.21786337 -0.50235806  3.53703592  2.7192713  -0.3064068   1.42034482
  2.08381187  2.2304919  -1.91573703 -1.3804606  -0.23536384 -1.52315377
 -1.17033897 -1.56172986]",-1,5.882280892468628,-2.837034478616194
6260286460,2,2025,29,13,1171,13.0,0.23,0.38,0.62,0.23,0.0,0.08,0.31,0.0,0.29,0.23,0.15,0.38,3.46,4.23,7.92,0.23,0.38,0.61,0.23,0.61,0.29,0.15,0.44,0.23,0.38,13.0,27.5,13.0,11.5,2.62,35.5,14.8,14.0,4.85,77.7,88.0,82.4,54.0,479.1,110.4,27.5,13.0,11.5,2.62,35.5,14.8,14.0,4.85,77.7,88.0,82.4,54.0,27.5,13.0,11.5,2.62,35.5,14.8,14.0,4.85,77.7,88.0,82.4,54.0,27.5,13.0,11.5,2.62,35.5,14.8,14.0,4.85,77.7,88.0,82.4,54.0,0.38,0.14,0.23,1.15,2.85,1.69,0.15,0.23,2.77,1.15,41.7,2.77,1.15,0.08,0.2,21.2,0.0,0.0,0.08,0.08,-0.06,0.0,47.5,0.62,4.54,17.6,26.5,4.31,47.4,1.77,51.1,1.62,46.7,31.2,1.31,2.69,1.62,35.9,1.46,0.77,1.15,1.46,0.77,47.6,0.85,0.77,0.77,0.23,1.69,0.31,0.08,3.69,3.69,0.38,0.08,0.15,0.0,0.23,0.08,0.69,0.69,0.38,0.08,0.15,0.0,0.23,0.08,0.0,1.69,1.08,0.15,2.85,0.23,1.15,0.08,0.0,0.0,3.38,0.15,16.7,,,,,,,,,,,,,,,,,,,,,,,,,,,,,David Martínez,FW,LAFC,19-300,David Martínez,U22 Initiative,U22 Initiative,"[ 0.40887586  2.00678478  0.83640961  0.59005149  0.41939141 -0.28831234
  1.44947521  1.52462667 -0.71872212  0.23272312  1.4600591  -0.18236049
 -1.20991822 -0.60232006]",0,3.1868850403168802,1.2435124040317227
6260286460,2,2025,29,13,1171,13.0,0.23,0.38,0.62,0.23,0.0,0.08,0.31,0.0,0.29,0.23,0.15,0.38,3.46,4.23,7.92,0.23,0.38,0.61,0.23,0.61,0.29,0.15,0.44,0.23,0.38,13.0,27.5,13.0,11.5,2.62,35.5,14.8,14.0,4.85,77.7,88.0,82.4,54.0,479.1,110.4,27.5,13.0,11.5,2.62,35.5,14.8,14.0,4.85,77.7,88.0,82.4,54.0,27.5,13.0,11.5,2.62,35.5,14.8,14.0,4.85,77.7,88.0,82.4,54.0,27.5,13.0,11.5,2.62,35.5,14.8,14.0,4.85,77.7,88.0,82.4,54.0,0.38,0.14,0.23,1.15,2.85,1.69,0.15,0.23,2.77,1.15,41.7,2.77,1.15,0.08,0.2,21.2,0.0,0.0,0.08,0.08,-0.06,0.0,47.5,0.62,4.54,17.6,26.5,4.31,47.4,1.77,51.1,1.62,46.7,31.2,1.31,2.69,1.62,35.9,1.46,0.77,1.15,1.46,0.77,47.6,0.85,0.77,0.77,0.23,1.69,0.31,0.08,3.69,3.69,0.38,0.08,0.15,0.0,0.23,0.08,0.69,0.69,0.38,0.08,0.15,0.0,0.23,0.08,0.0,1.69,1.08,0.15,2.85,0.23,1.15,0.08,0.0,0.0,3.38,0.15,16.7,,,,,,,,,,,,,,,,,,,,,,,,,,,,,David Martínez,FW,LAFC,19-300,David Martínez,TAM Player,TAM Player,"[ 0.40887586  2.00678478  0.83640961  0.59005149  0.41939141 -0.28831234
  1.44947521  1.52462667 -0.71872212  0.23272312  1.4600591  -0.18236049
 -1.20991822 -0.60232006]",0,3.1868850403168802,1.2435124040317227
4364852315,3,2025,30,21,1873,20.8,0.67,0.1,0.77,0.63,0.05,0.05,0.0,0.0,0.67,0.63,0.07,0.7,0.34,1.35,3.85,0.67,0.1,0.77,0.62,0.72,0.67,0.07,0.74,0.63,0.7,20.8,13.0,6.3,4.42,0.53,15.2,7.26,4.9,0.72,85.8,86.8,90.2,73.3,173.8,22.0,13.0,6.3,4.42,0.53,15.2,7.26,4.9,0.72,85.8,86.8,90.2,73.3,13.0,6.3,4.42,0.53,15.2,7.26,4.9,0.72,85.8,86.8,90.2,73.3,13.0,6.3,4.42,0.53,15.2,7.26,4.9,0.72,85.8,86.8,90.2,73.3,0.1,0.06,0.03,0.91,0.63,0.43,0.0,0.67,2.6,1.63,63.0,2.59,1.63,0.24,0.38,11.5,0.0,0.05,0.05,0.25,0.0,-0.01,20.5,0.0,0.34,10.7,9.57,4.42,20.5,0.1,33.3,0.14,50.0,10.5,0.29,1.15,0.53,14.0,0.05,0.05,0.0,0.05,0.05,20.0,0.19,0.05,0.05,0.05,0.1,0.0,0.0,2.07,2.06,0.05,0.05,0.19,0.05,0.05,0.0,0.24,0.24,0.05,0.05,0.19,0.05,0.05,0.0,0.0,0.38,0.58,0.82,0.0,0.05,0.0,0.05,0.0,0.0,1.83,0.77,33.3,,,,,,,,,,,,,,,,,,,,,,,,,,,,,Josef Martínez,FW,SJ Earthquakes,32-199,Josef Martínez,TAM Player,TAM Player,"[ 2.50349298 -0.05956815  3.06736178  3.17092399 -0.41009226  0.61695356
  1.28608547  2.55133972 -1.68084608 -1.37487865 -1.03509163 -2.01781537
 -1.56613149 -2.13737574]",-1,5.954010139677004,-3.223105764229282
7324372982,1,2025,31,30,2698,30.0,0.03,0.0,0.03,0.03,0.0,0.0,0.03,0.0,0.06,0.06,0.0,0.06,0.47,3.1,0.03,0.03,0.0,0.03,0.03,0.03,0.06,0.0,0.06,0.06,0.06,30.0,62.0,14.7,38.8,8.1,70.6,16.1,40.9,12.5,87.8,91.3,94.9,64.8,1324.5,492.9,62.0,14.7,38.8,8.1,70.6,16.1,40.9,12.5,87.8,91.3,94.9,64.8,62.0,14.7,38.8,8.1,70.6,16.1,40.9,12.5,87.8,91.3,94.9,64.8,62.0,14.7,38.8,8.1,70.6,16.1,40.9,12.5,87.8,91.3,94.9,64.8,0.0,0.01,0.0,0.03,3.9,0.07,0.0,0.03,0.47,0.2,42.9,0.47,0.2,0.07,0.17,11.4,0.0,0.0,0.0,0.13,-0.03,-0.03,81.3,13.1,47.7,32.6,1.33,0.6,81.3,0.1,75.0,0.03,25.0,51.7,0.07,0.47,0.17,57.3,1.07,0.57,0.8,1.07,0.57,81.0,0.13,1.17,0.27,0.7,1.77,6.53,0.17,0.43,0.43,0.0,0.0,0.0,0.0,0.03,0.0,0.03,0.03,0.0,0.0,0.0,0.0,0.03,0.0,0.0,0.7,0.1,0.1,0.07,0.7,0.8,0.0,0.0,0.03,4.97,1.67,58.8,,,,,,,,,,,,,,,,,,,,,,,,,,,,,Thiago Martins,DF,NYCFC,30-262,Thiago Martins,Designated Player,Designated Player,"[-0.54322282 -0.79755134 -0.51390354 -0.50681932 -1.13589047  1.68083444
 -0.76109193 -0.50740957  1.57046937 -0.3980373  -0.93112702 -0.6900395
 -0.27980579  0.25048866]",0,-1.884246945492833,-1.055655209880927
9784667452,1,2025,33,31,2755,30.6,0.56,0.13,0.69,0.39,0.16,0.2,0.16,0.0,0.42,0.26,0.14,0.41,1.18,3.3,7.22,0.56,0.13,0.69,0.39,0.52,0.42,0.14,0.56,0.26,0.41,30.6,16.6,9.31,5.72,0.59,22.5,11.9,7.16,0.75,73.7,78.5,79.9,78.3,236.7,59.5,16.6,9.31,5.72,0.59,22.5,11.9,7.16,0.75,73.7,78.5,79.9,78.3,16.6,9.31,5.72,0.59,22.5,11.9,7.16,0.75,73.7,78.5,79.9,78.3,16.6,9.31,5.72,0.59,22.5,11.9,7.16,0.75,73.7,78.5,79.9,78.3,0.13,0.14,-0.01,1.31,1.7,0.85,0.0,0.56,1.73,0.95,54.7,1.73,0.95,0.23,0.41,14.9,0.0,0.16,0.2,0.15,0.14,0.13,32.1,0.69,1.37,13.3,17.7,4.28,31.9,1.24,50.0,1.18,47.4,18.7,0.65,2.68,2.12,24.3,0.75,0.23,0.56,0.75,0.23,58.3,0.16,0.46,0.39,0.07,0.82,0.59,0.0,2.78,2.78,0.26,0.03,0.23,0.1,0.03,0.0,0.36,0.36,0.26,0.03,0.23,0.1,0.03,0.0,0.0,1.08,1.05,1.05,0.2,0.07,0.56,0.13,0.0,0.0,2.39,2.03,39.5,,,,,,,,,,,,,,,,,,,,,,,,,,,,,Eric Maxim Choupo-Moting,FW,NY Red Bulls,36-256,Eric Maxim Choupo-Moting,Designated Player,Designated Player,"[ 1.9798387   0.16182681  1.59963009  0.78361693  0.31570595  1.75433894
  0.44991442  1.09682957 -1.44197392 -0.28639829 -0.36332028 -1.10659664
 -1.52655224 -1.26324681]",0,3.3991642375667577,-1.1815340431967043
7760930206,1,2025,32,32,2880,32.0,0.03,0.0,0.03,0.03,0.0,0.0,0.13,0.0,0.04,0.04,0.03,0.07,0.19,1.63,0.22,0.03,0.0,0.03,0.03,0.03,0.04,0.03,0.07,0.04,0.07,32.0,35.5,11.5,21.7,2.16,40.1,12.7,23.0,3.88,88.5,90.6,94.3,55.6,660.2,244.5,35.5,11.5,21.7,2.16,40.1,12.7,23.0,3.88,88.5,90.6,94.3,55.6,35.5,11.5,21.7,2.16,40.1,12.7,23.0,3.88,88.5,90.6,94.3,55.6,35.5,11.5,21.7,2.16,40.1,12.7,23.0,3.88,88.5,90.6,94.3,55.6,0.0,0.02,-0.03,0.13,1.03,0.19,0.0,0.03,0.28,0.06,22.2,0.28,0.06,0.11,0.5,10.2,0.0,0.0,0.0,0.13,-0.01,-0.01,50.4,7.56,27.4,21.2,2.0,1.13,50.4,0.06,100.0,0.0,0.0,26.6,0.0,0.53,0.06,32.5,0.56,0.28,0.31,0.56,0.28,56.3,0.22,1.28,0.31,0.81,1.38,5.75,0.03,0.38,0.37,0.0,0.0,0.0,0.0,0.0,0.0,0.0,0.0,0.0,0.0,0.0,0.0,0.0,0.0,0.0,0.56,0.41,0.03,0.06,0.81,0.31,0.0,0.06,0.03,2.06,2.44,70.9,,,,,,,,,,,,,,,,,,,,,,,,,,,,,Andreas Maxsø,DF,Colorado Rapids,31-261,Andreas Maxsø,TAM Player,TAM Player,"[-0.54322282 -0.79755134 -0.63132208 -0.63586294 -0.8248341   1.91553301
 -0.943704   -0.80686754 -0.18789511 -1.21858403 -1.1550508  -1.35392744
 -0.0621199   0.48501105]",0,-1.5473490986128102,-2.012203270950807
2772825179,1,2025,9,6,483,5.4,0.0,0.0,0.0,0.0,0.0,0.0,0.37,0.0,0.02,0.02,0.13,0.15,2.41,3.15,2.59,0.0,0.0,0.0,0.0,0.0,0.01,0.14,0.15,0.01,0.15,5.4,34.4,15.9,14.8,2.78,49.3,19.6,20.4,6.48,69.9,81.1,72.7,42.9,587.0,291.3,34.4,15.9,14.8,2.78,49.3,19.6,20.4,6.48,69.9,81.1,72.7,42.9,34.4,15.9,14.8,2.78,49.3,19.6,20.4,6.48,69.9,81.1,72.7,42.9,34.4,15.9,14.8,2.78,49.3,19.6,20.4,6.48,69.9,81.1,72.7,42.9,0.0,0.15,-0.13,1.11,2.04,1.48,0.74,0.0,0.19,0.0,0.0,0.19,0.0,0.0,,20.8,0.0,0.0,0.0,0.06,-0.02,-0.02,56.5,1.3,12.6,25.7,18.3,1.11,56.5,0.56,75.0,0.19,25.0,30.9,0.19,1.48,0.56,32.2,0.93,0.56,0.56,0.93,0.56,60.0,0.37,0.56,0.56,0.19,1.11,1.85,0.0,2.04,2.05,0.19,0.0,0.0,0.0,0.0,0.0,0.37,0.37,0.19,0.0,0.0,0.0,0.0,0.0,0.0,1.11,0.56,0.0,4.44,0.19,0.56,0.0,0.0,0.0,4.81,0.19,20.0,,,,,,,,,,,,,,,,,,,,,,,,,,,,,Olivier Mbaizo,DF,Philadelphia Union,28-111,Olivier Mbaizo,,Standard,"[-0.68603763 -0.79755134 -0.74874061 -0.76490657  0.21202049 -1.17552452
 -1.03020445 -0.93520667 -0.26088382 -0.37012754  0.62034491 -0.87228325
 -1.28907672 -1.05004463]",0,-0.6465324601868637,-0.67065331803082
2995307131,2,2025,26,26,2308,25.6,0.23,0.23,0.47,0.16,0.08,0.08,0.08,0.0,0.16,0.1,0.28,0.38,2.07,9.61,4.49,0.23,0.23,0.47,0.16,0.39,0.16,0.28,0.44,0.1,0.38,25.6,54.6,24.1,20.8,8.24,68.9,25.9,25.1,15.0,79.2,93.2,83.0,55.1,1027.2,387.7,54.6,24.1,20.8,8.24,68.9,25.9,25.1,15.0,79.2,93.2,83.0,55.1,54.6,24.1,20.8,8.24,68.9,25.9,25.1,15.0,79.2,93.2,83.0,55.1,54.6,24.1,20.8,8.24,68.9,25.9,25.1,15.0,79.2,93.2,83.0,55.1,0.23,0.35,-0.04,3.28,6.88,2.54,0.98,0.23,2.19,0.82,37.5,2.18,0.82,0.07,0.19,25.0,0.16,0.08,0.08,0.05,0.07,0.05,75.2,0.66,10.4,36.4,29.1,1.45,75.1,0.55,56.0,0.35,36.0,43.8,0.43,0.94,0.78,54.8,1.13,0.59,0.74,1.13,0.59,50.0,0.59,0.35,0.35,0.35,1.48,0.7,0.08,6.02,6.01,0.12,0.0,0.12,0.0,0.0,0.0,0.55,0.55,0.12,0.0,0.12,0.0,0.0,0.0,0.0,0.9,0.63,0.04,9.41,0.35,0.74,0.0,0.0,0.0,3.83,0.23,42.9,,,,,,,,,,,,,,,,,,,,,,,,,,,,,Jack McGlynn,"FW,MF",Houston Dynamo,22-150,Jack McGlynn,U22 Initiative,U22 Initiative,"[ 0.40887586  0.89981     0.07318913 -0.24873207  1.76730237  1.17790894
  0.89202785  0.81876145  1.07945438  3.23581253  0.34843746 -0.61193504
 -0.9724427  -1.49776921]",-1,1.4917088547009993,3.12826947434497
3704817826,1,2025,18,6,731,8.1,0.37,0.25,0.62,0.37,0.0,0.0,0.12,0.0,0.41,0.41,0.31,0.72,0.86,1.48,5.19,0.37,0.25,0.62,0.37,0.62,0.41,0.31,0.72,0.41,0.72,8.1,14.7,8.77,4.57,0.62,19.4,10.9,6.17,0.86,75.8,80.7,74.0,71.4,207.5,51.9,14.7,8.77,4.57,0.62,19.4,10.9,6.17,0.86,75.8,80.7,74.0,71.4,14.7,8.77,4.57,0.62,19.4,10.9,6.17,0.86,75.8,80.7,74.0,71.4,14.7,8.77,4.57,0.62,19.4,10.9,6.17,0.86,75.8,80.7,74.0,71.4,0.25,0.14,-0.06,2.47,0.49,1.11,0.25,0.37,2.47,0.62,25.0,2.46,0.62,0.15,0.6,13.5,0.0,0.0,0.0,0.17,-0.04,-0.04,29.3,1.6,3.83,11.7,14.1,5.06,29.3,0.25,25.0,0.74,75.0,14.6,0.37,1.85,0.99,20.4,0.12,0.0,0.0,0.12,0.0,0.0,0.12,0.0,0.0,0.12,0.25,1.6,0.0,3.46,3.45,0.0,0.0,0.37,0.0,0.0,0.0,0.25,0.25,0.0,0.0,0.37,0.0,0.0,0.0,0.0,0.99,1.48,0.62,0.37,0.12,0.0,0.0,0.0,0.0,2.1,1.6,35.1,,,,,,,,,,,,,,,,,,,,,,,,,,,,,Duncan McGuire,FW,Orlando City,24-302,Duncan McGuire,TAM Player,TAM Player,"[ 1.07534494  1.04740663  1.54092082  1.75144412  2.07835874 -0.85571548
  1.16114037  0.39096435 -1.56804534 -1.30231329 -0.61923318 -1.9266935
 -1.4276041  -2.24397683]",-1,4.4323987124300706,-1.086438127486734
1468569795,1,2025,23,21,1708,19.0,0.0,0.0,0.0,0.0,0.0,0.0,0.0,0.0,0.04,0.04,0.03,0.07,0.32,3.26,0.11,0.0,0.0,0.0,0.0,0.0,0.03,0.03,0.07,0.03,0.07,19.0,78.9,29.9,39.2,8.74,84.6,30.6,40.6,11.7,93.3,97.8,96.5,74.4,1479.9,549.7,78.9,29.9,39.2,8.74,84.6,30.6,40.6,11.7,93.3,97.8,96.5,74.4,78.9,29.9,39.2,8.74,84.6,30.6,40.6,11.7,93.3,97.8,96.5,74.4,78.9,29.9,39.2,8.74,84.6,30.6,40.6,11.7,93.3,97.8,96.5,74.4,0.0,0.06,-0.03,0.26,4.53,0.21,0.05,0.0,0.53,0.26,50.0,0.53,0.26,0.0,0.0,19.5,0.11,0.0,0.0,0.07,-0.04,-0.04,93.3,14.4,51.9,39.5,2.53,0.68,93.3,0.0,0.0,0.11,100.0,59.1,0.05,0.68,0.05,70.6,0.95,0.63,0.42,0.95,0.63,70.6,0.26,0.79,0.32,0.37,1.32,4.37,0.11,1.05,1.05,0.0,0.0,0.0,0.0,0.0,0.0,0.11,0.11,0.0,0.0,0.0,0.0,0.0,0.0,0.0,0.26,1.0,0.11,0.11,0.37,0.42,0.0,0.0,0.0,5.21,1.53,63.0,,,,,,,,,,,,,,,,,,,,,,,,,,,,,Paddy McNair,DF,San Diego FC,30-221,Paddy McNair,TAM Player,TAM Player,"[-0.68603763 -0.79755134 -0.63132208 -0.63586294 -0.8248341   0.40417739
 -0.70342496 -0.37907044  2.69184143 -0.30872609 -1.05108619 -0.84624843
 -0.93286345 -0.55967962]",0,-1.85053828970993,-0.8026816341553071
4199511271,1,2025,8,2,277,3.1,0.65,0.32,0.97,0.65,0.0,0.0,0.32,0.0,0.74,0.74,0.19,0.9,2.9,2.26,7.1,0.65,0.32,0.97,0.65,0.97,0.74,0.18,0.92,0.74,0.92,3.1,13.9,7.1,4.19,2.26,21.0,11.0,5.81,3.23,66.2,64.7,72.2,70.0,255.2,93.9,13.9,7.1,4.19,2.26,21.0,11.0,5.81,3.23,66.2,64.7,72.2,70.0,13.9,7.1,4.19,2.26,21.0,11.0,5.81,3.23,66.2,64.7,72.2,70.0,13.9,7.1,4.19,2.26,21.0,11.0,5.81,3.23,66.2,64.7,72.2,70.0,0.32,0.03,0.13,1.61,1.94,0.97,0.32,0.65,4.52,1.61,35.7,4.55,1.62,0.14,0.4,13.5,0.0,0.0,0.0,0.16,-0.1,-0.1,36.8,3.23,8.06,13.9,15.2,4.84,36.8,0.97,50.0,0.97,50.0,22.9,0.97,1.61,1.61,25.5,2.26,0.65,1.94,2.26,0.65,50.0,0.65,1.61,0.97,0.32,2.58,2.26,0.0,2.9,2.92,0.0,0.0,0.32,0.0,0.32,0.0,0.0,0.0,0.0,0.0,0.32,0.0,0.32,0.0,0.0,2.26,3.23,0.32,1.61,0.32,1.94,0.0,0.0,0.0,5.16,0.97,20.0,,,,,,,,,,,,,,,,,,,,,,,,,,,,,Brendan McSorley,FW,St. Louis,23-306,,,,"[ 2.40828311  1.56399486  3.47832665  3.88066393  0.83413324 -1.44117235
  3.13142847  2.50856001 -1.62112804 -0.86692115  1.01221153  0.85903234
 -1.03181158  1.18857824]",-1,6.595593421334896,-0.0008620181597411014
9635446699,3,2025,32,32,2853,31.7,0.06,0.0,0.06,0.06,0.0,0.0,0.16,0.0,0.05,0.05,0.04,0.1,0.95,3.94,0.76,0.06,0.0,0.06,0.06,0.06,0.06,0.04,0.1,0.06,0.1,31.7,76.9,33.8,35.4,6.31,83.4,35.1,37.2,8.74,92.2,96.1,95.3,72.2,1348.7,532.9,76.9,33.8,35.4,6.31,83.4,35.1,37.2,8.74,92.2,96.1,95.3,72.2,76.9,33.8,35.4,6.31,83.4,35.1,37.2,8.74,92.2,96.1,95.3,72.2,76.9,33.8,35.4,6.31,83.4,35.1,37.2,8.74,92.2,96.1,95.3,72.2,0.0,0.04,-0.04,0.25,4.64,0.22,0.06,0.06,0.57,0.13,22.2,0.57,0.13,0.11,0.5,14.8,0.0,0.0,0.0,0.1,0.01,0.01,91.9,9.94,46.5,41.6,4.42,0.85,91.9,0.28,64.3,0.16,35.7,59.6,0.03,0.32,0.22,72.3,1.64,1.04,1.17,1.64,1.04,68.8,0.47,0.82,0.25,0.85,2.49,3.5,0.25,1.26,1.26,0.0,0.0,0.0,0.0,0.0,0.0,0.03,0.03,0.0,0.0,0.0,0.0,0.0,0.0,0.0,1.17,0.22,0.06,0.35,0.85,1.17,0.0,0.0,0.03,5.11,1.32,57.5,,,,,,,,,,,,,,,,,,,,,,,,,,,,,Christopher McVey,DF,San Diego FC,28-236,Christopher McVey,,Standard,"[-0.40040802 -0.79755134 -0.57261281 -0.57134113 -0.72114864  1.88071509
 -0.66498032 -0.65713856  2.55913468  0.07084655 -0.54725768  0.05195289
  0.0170386  -0.49571897]",0,-2.0989833005900334,-0.0129637475349968
2453279955,1,2025,28,26,2421,26.9,1.08,0.59,1.67,1.04,0.04,0.07,0.07,0.0,0.83,0.78,0.52,1.3,5.13,10.7,8.25,1.08,0.59,1.67,1.04,1.64,0.83,0.52,1.35,0.78,1.3,26.9,41.3,20.8,14.6,3.9,52.7,23.8,17.8,6.99,78.3,87.5,82.0,55.9,672.1,282.2,41.3,20.8,14.6,3.9,52.7,23.8,17.8,6.99,78.3,87.5,82.0,55.9,41.3,20.8,14.6,3.9,52.7,23.8,17.8,6.99,78.3,87.5,82.0,55.9,41.3,20.8,14.6,3.9,52.7,23.8,17.8,6.99,78.3,87.5,82.0,55.9,0.59,0.54,0.07,2.9,6.62,4.2,0.04,1.08,5.76,2.57,44.5,5.76,2.57,0.18,0.41,19.7,0.78,0.04,0.07,0.13,0.25,0.26,65.9,0.04,2.04,29.3,35.5,5.95,65.9,3.38,50.8,2.97,44.7,45.5,1.71,1.52,1.82,55.6,0.63,0.19,0.41,0.63,0.19,38.5,0.3,0.19,0.19,0.15,0.78,0.04,0.15,7.32,7.32,1.15,0.41,0.48,0.07,0.15,0.04,1.52,1.52,1.15,0.41,0.48,0.07,0.15,0.04,0.0,0.33,1.3,0.26,2.23,0.15,0.41,0.04,0.0,0.0,2.23,0.15,40.0,,,,,,,,,,,,,,,,,,,,,,,,,,,,,Lionel Messi,"FW,MF",Inter Miami,38-163,Lionel Messi,Designated Player,Designated Player,"[ 4.45529529  3.55654947  4.00671006  4.13875118  4.25575337  1.32362838
  4.3232125   4.56198611  0.19695448  3.84424514  2.79560452 -1.26280556
 -1.36823523 -1.83889269]",-1,10.54283384799735,5.34290747680253
6408738055,1,2025,21,19,1533,17.0,0.0,0.06,0.06,0.0,0.0,0.0,0.18,0.0,0.02,0.02,0.01,0.02,0.0,1.53,0.12,0.0,0.06,0.06,0.0,0.06,0.01,0.0,0.02,0.01,0.02,17.0,54.0,11.9,34.4,7.41,59.9,12.9,36.4,9.76,90.2,92.3,94.5,75.9,1161.7,419.7,54.0,11.9,34.4,7.41,59.9,12.9,36.4,9.76,90.2,92.3,94.5,75.9,54.0,11.9,34.4,7.41,59.9,12.9,36.4,9.76,90.2,92.3,94.5,75.9,54.0,11.9,34.4,7.41,59.9,12.9,36.4,9.76,90.2,92.3,94.5,75.9,0.06,0.02,0.05,0.12,2.0,0.0,0.0,0.0,0.24,0.06,25.0,0.23,0.06,0.0,0.0,11.2,0.0,0.0,0.0,0.06,-0.02,-0.02,71.9,11.4,43.1,27.9,1.12,0.65,71.9,0.0,0.0,0.06,100.0,36.4,0.0,0.29,0.06,47.9,1.12,0.65,0.76,1.12,0.65,55.0,0.53,1.65,0.53,0.94,2.06,6.88,0.0,0.47,0.47,0.0,0.0,0.0,0.0,0.06,0.0,0.06,0.06,0.0,0.0,0.0,0.0,0.06,0.0,0.0,0.88,1.06,0.18,0.0,0.94,0.76,0.0,0.06,0.0,3.47,2.06,79.5,,,,,,,,,,,,,,,,,,,,,,,,,,,,,Matt Miazga,DF,FC Cincinnati,30-138,Matt Miazga,TAM Player,TAM Player,"[-0.68603763 -0.35476143 -0.74874061 -0.76490657 -1.03220501  0.17850569
 -0.98214865 -0.80686754  1.03964236 -1.27440354 -1.30699909 -0.62495245
  0.19514524  1.27385912]",0,-2.388897635594676,-1.4679278022604467
5965869262,1,2025,26,11,1049,11.7,0.09,0.0,0.09,0.09,0.0,0.0,0.09,0.0,0.18,0.18,0.07,0.24,4.36,1.28,10.9,0.09,0.0,0.09,0.09,0.09,0.18,0.06,0.24,0.18,0.24,11.7,16.1,11.5,3.76,0.17,20.9,13.1,5.21,0.68,77.0,88.2,72.1,25.0,193.8,30.5,16.1,11.5,3.76,0.17,20.9,13.1,5.21,0.68,77.0,88.2,72.1,25.0,16.1,11.5,3.76,0.17,20.9,13.1,5.21,0.68,77.0,88.2,72.1,25.0,16.1,11.5,3.76,0.17,20.9,13.1,5.21,0.68,77.0,88.2,72.1,25.0,0.0,0.09,-0.07,0.94,0.6,0.51,0.0,0.09,1.88,0.6,31.8,1.89,0.6,0.05,0.14,15.9,0.0,0.0,0.0,0.1,-0.09,-0.09,32.7,0.17,3.16,9.23,20.9,4.96,32.7,2.56,48.4,2.31,43.5,23.5,2.05,2.74,2.05,26.8,0.68,0.43,0.51,0.68,0.43,62.5,0.26,0.51,0.51,0.51,1.2,0.17,0.0,2.39,2.4,0.43,0.0,0.26,0.09,0.0,0.0,0.09,0.09,0.43,0.0,0.26,0.09,0.0,0.0,0.0,0.77,2.48,0.17,1.28,0.51,0.51,0.09,0.0,0.0,2.31,0.0,0.0,,,,,,,,,,,,,,,,,,,,,,,,,,,,,Alex Mighten,FW,San Diego FC,23-237,Alex Mighten,,Standard,"[-0.25759322 -0.79755134  0.19060767  0.26744243 -0.41009226 -0.44563776
  0.59408184  0.34818464 -1.47515061 -1.4139523   2.17981412 -1.19771851
 -0.65580869 -1.15664572]",0,1.7552516966672431,-1.3862839877304127
3926010183,2,2025,10,10,886,9.8,0.41,0.2,0.61,0.41,0.0,0.1,0.2,0.0,0.27,0.17,0.23,0.4,1.63,3.98,5.1,0.41,0.2,0.61,0.41,0.61,0.26,0.23,0.49,0.17,0.4,9.8,25.8,10.0,11.7,3.78,35.4,11.7,14.9,7.45,72.9,85.2,78.8,50.7,508.6,173.4,25.8,10.0,11.7,3.78,35.4,11.7,14.9,7.45,72.9,85.2,78.8,50.7,25.8,10.0,11.7,3.78,35.4,11.7,14.9,7.45,72.9,85.2,78.8,50.7,25.8,10.0,11.7,3.78,35.4,11.7,14.9,7.45,72.9,85.2,78.8,50.7,0.2,0.21,-0.03,2.55,3.06,1.33,0.51,0.41,1.53,0.82,53.3,1.52,0.81,0.27,0.5,20.7,0.61,0.0,0.1,0.11,0.14,0.23,43.2,1.02,3.27,21.1,19.5,1.94,43.1,0.31,25.0,0.82,66.7,24.2,0.51,1.84,0.51,27.9,1.22,0.31,0.92,1.22,0.31,23.1,1.02,0.92,0.71,0.82,2.04,0.31,0.0,4.08,4.06,0.0,0.0,0.1,0.0,0.0,0.0,0.61,0.61,0.0,0.0,0.1,0.0,0.0,0.0,0.0,0.92,1.84,0.0,7.45,0.82,0.92,0.0,0.0,0.0,2.55,0.31,33.3,,,,,,,,,,,,,,,,,,,,,,,,,,,,,Djordje Mihailovic,"MF,FW",Colorado Rapids,27-024,Djordje Mihailovic,Designated Player,Designated Player,"[ 1.26576468  0.67841504  0.71899108  0.20292062  1.24887507 -0.65583483
  0.25769119  0.81876145 -0.83152286  0.09317435 -0.00344277 -0.49477835
 -0.04233028 -0.28251679]",0,1.9612610218048065,0.3817442225949643
3926010183,3,2025,10,10,886,9.8,0.41,0.2,0.61,0.41,0.0,0.1,0.2,0.0,0.27,0.17,0.23,0.4,1.63,3.98,5.1,0.41,0.2,0.61,0.41,0.61,0.26,0.23,0.49,0.17,0.4,9.8,25.8,10.0,11.7,3.78,35.4,11.7,14.9,7.45,72.9,85.2,78.8,50.7,508.6,173.4,25.8,10.0,11.7,3.78,35.4,11.7,14.9,7.45,72.9,85.2,78.8,50.7,25.8,10.0,11.7,3.78,35.4,11.7,14.9,7.45,72.9,85.2,78.8,50.7,25.8,10.0,11.7,3.78,35.4,11.7,14.9,7.45,72.9,85.2,78.8,50.7,0.2,0.21,-0.03,2.55,3.06,1.33,0.51,0.41,1.53,0.82,53.3,1.52,0.81,0.27,0.5,20.7,0.61,0.0,0.1,0.11,0.14,0.23,43.2,1.02,3.27,21.1,19.5,1.94,43.1,0.31,25.0,0.82,66.7,24.2,0.51,1.84,0.51,27.9,1.22,0.31,0.92,1.22,0.31,23.1,1.02,0.92,0.71,0.82,2.04,0.31,0.0,4.08,4.06,0.0,0.0,0.1,0.0,0.0,0.0,0.61,0.61,0.0,0.0,0.1,0.0,0.0,0.0,0.0,0.92,1.84,0.0,7.45,0.82,0.92,0.0,0.0,0.0,2.55,0.31,33.3,,,,,,,,,,,,,,,,,,,,,,,,,,,,,Djordje Mihailovic,"MF,FW",Colorado Rapids,27-024,Djordje Mihailovic,Designated Player,Designated Player,"[ 1.26576468  0.67841504  0.71899108  0.20292062  1.24887507 -0.65583483
  0.25769119  0.81876145 -0.83152286  0.09317435 -0.00344277 -0.49477835
 -0.04233028 -0.28251679]",0,1.9612610218048065,0.3817442225949643
3926010183,2,2025,24,24,2055,22.8,0.39,0.26,0.66,0.22,0.18,0.26,0.09,0.0,0.38,0.17,0.3,0.47,1.97,5.04,6.1,0.39,0.26,0.66,0.22,0.48,0.38,0.3,0.68,0.17,0.47,22.8,27.0,12.7,10.2,3.03,41.0,15.3,13.9,9.08,65.8,83.3,73.4,33.3,460.2,189.3,27.0,12.7,10.2,3.03,41.0,15.3,13.9,9.08,65.8,83.3,73.4,33.3,27.0,12.7,10.2,3.03,41.0,15.3,13.9,9.08,65.8,83.3,73.4,33.3,27.0,12.7,10.2,3.03,41.0,15.3,13.9,9.08,65.8,83.3,73.4,33.3,0.26,0.42,-0.04,2.5,3.07,2.11,0.26,0.39,1.89,0.61,32.6,1.88,0.61,0.12,0.36,24.3,0.53,0.18,0.26,0.09,0.01,0.05,50.1,0.75,3.9,19.9,27.1,3.64,49.9,0.66,37.5,0.96,55.0,26.8,0.66,1.89,0.92,31.3,0.66,0.35,0.35,0.66,0.35,38.1,0.57,0.92,0.79,0.66,1.32,0.66,0.04,4.25,4.25,0.13,0.04,0.31,0.0,0.09,0.0,0.53,0.53,0.13,0.04,0.31,0.0,0.09,0.0,0.0,0.75,1.49,0.13,7.68,0.66,0.35,0.04,0.0,0.0,3.73,0.39,42.9,,,,,,,,,,,,,,,,,,,,,,,,,,,,,Djordje Mihailovic,"MF,FW",Colorado Rapids,27-024,Djordje Mihailovic,Designated Player,Designated Player,"[ 1.17055481  1.12120495  1.36479302  0.20292062  1.97467328  0.85165213
  0.603693    0.36957449 -0.75189881  0.68486111  0.26846468 -1.22375333
 -0.35896429 -0.28251679]",0,2.5945995944866764,1.1419556864954399
3926010183,3,2025,24,24,2055,22.8,0.39,0.26,0.66,0.22,0.18,0.26,0.09,0.0,0.38,0.17,0.3,0.47,1.97,5.04,6.1,0.39,0.26,0.66,0.22,0.48,0.38,0.3,0.68,0.17,0.47,22.8,27.0,12.7,10.2,3.03,41.0,15.3,13.9,9.08,65.8,83.3,73.4,33.3,460.2,189.3,27.0,12.7,10.2,3.03,41.0,15.3,13.9,9.08,65.8,83.3,73.4,33.3,27.0,12.7,10.2,3.03,41.0,15.3,13.9,9.08,65.8,83.3,73.4,33.3,27.0,12.7,10.2,3.03,41.0,15.3,13.9,9.08,65.8,83.3,73.4,33.3,0.26,0.42,-0.04,2.5,3.07,2.11,0.26,0.39,1.89,0.61,32.6,1.88,0.61,0.12,0.36,24.3,0.53,0.18,0.26,0.09,0.01,0.05,50.1,0.75,3.9,19.9,27.1,3.64,49.9,0.66,37.5,0.96,55.0,26.8,0.66,1.89,0.92,31.3,0.66,0.35,0.35,0.66,0.35,38.1,0.57,0.92,0.79,0.66,1.32,0.66,0.04,4.25,4.25,0.13,0.04,0.31,0.0,0.09,0.0,0.53,0.53,0.13,0.04,0.31,0.0,0.09,0.0,0.0,0.75,1.49,0.13,7.68,0.66,0.35,0.04,0.0,0.0,3.73,0.39,42.9,,,,,,,,,,,,,,,,,,,,,,,,,,,,,Djordje Mihailovic,"MF,FW",Colorado Rapids,27-024,Djordje Mihailovic,Designated Player,Designated Player,"[ 1.17055481  1.12120495  1.36479302  0.20292062  1.97467328  0.85165213
  0.603693    0.36957449 -0.75189881  0.68486111  0.26846468 -1.22375333
 -0.35896429 -0.28251679]",0,2.5945995944866764,1.1419556864954399
1470163412,1,2025,9,7,631,7.0,0.0,0.14,0.14,0.0,0.0,0.0,0.0,0.0,0.06,0.06,0.06,0.1,1.0,4.0,0.0,0.0,0.14,0.14,0.0,0.14,0.06,0.05,0.11,0.06,0.11,7.0,58.7,19.1,33.9,5.14,65.1,20.1,35.4,8.43,90.1,95.0,95.6,61.0,1145.1,433.9,58.7,19.1,33.9,5.14,65.1,20.1,35.4,8.43,90.1,95.0,95.6,61.0,58.7,19.1,33.9,5.14,65.1,20.1,35.4,8.43,90.1,95.0,95.6,61.0,58.7,19.1,33.9,5.14,65.1,20.1,35.4,8.43,90.1,95.0,95.6,61.0,0.14,0.01,0.09,0.29,6.86,0.14,0.0,0.0,0.43,0.29,66.7,0.43,0.29,0.0,0.0,21.5,0.0,0.0,0.0,0.13,-0.06,-0.06,73.9,7.14,36.6,36.0,1.29,0.29,73.9,0.29,100.0,0.0,0.0,48.6,0.0,0.29,0.0,55.1,0.57,0.29,0.43,0.57,0.29,50.0,0.29,1.0,0.29,1.0,1.57,4.71,0.14,0.71,0.71,0.0,0.0,0.0,0.0,0.0,0.0,0.14,0.14,0.0,0.0,0.0,0.0,0.0,0.0,0.0,0.71,0.43,0.0,0.0,1.0,0.43,0.0,0.0,0.0,1.86,1.71,57.1,,,,,,,,,,,,,,,,,,,,,,,,,,,,,Enea Mihaj,DF,Atlanta Utd,27-152,,,,"[-0.68603763  0.23562513 -0.51390354 -0.50681932 -0.51377772 -0.98467073
 -0.79953658 -0.31490087  1.35150323  0.10433825 -0.50727129 -1.34091003
  0.31388299 -0.11195505]",0,-1.3636693534760338,-0.21214735220147907
8861478739,2,2025,16,3,436,4.8,0.0,0.0,0.0,0.0,0.0,0.0,0.0,0.0,0.04,0.04,0.02,0.06,1.67,2.5,3.75,0.0,0.0,0.0,0.0,0.0,0.03,0.03,0.06,0.03,0.06,4.8,36.0,16.5,16.9,2.71,48.5,19.0,22.7,5.21,74.2,86.8,74.3,52.0,610.4,221.9,36.0,16.5,16.9,2.71,48.5,19.0,22.7,5.21,74.2,86.8,74.3,52.0,36.0,16.5,16.9,2.71,48.5,19.0,22.7,5.21,74.2,86.8,74.3,52.0,36.0,16.5,16.9,2.71,48.5,19.0,22.7,5.21,74.2,86.8,74.3,52.0,0.0,0.04,-0.02,0.63,2.08,0.83,0.42,0.0,0.42,0.0,0.0,0.41,0.0,0.0,,8.2,0.0,0.0,0.0,0.08,-0.04,-0.04,59.4,5.63,22.3,24.2,12.9,1.67,59.4,0.21,33.3,0.42,66.7,26.5,0.63,0.83,0.42,33.5,1.67,0.83,0.42,1.67,0.83,44.4,1.04,0.63,0.42,1.04,2.71,5.63,0.0,1.04,1.03,0.0,0.0,0.0,0.0,0.0,0.0,0.0,0.0,0.0,0.0,0.0,0.0,0.0,0.0,0.0,0.63,0.0,0.0,1.67,1.04,0.42,0.0,0.0,0.0,3.75,1.46,50.0,,,,,,,,,,,,,,,,,,,,,,,,,,,,,Eric Miller,"DF,MF",Portland Timbers,32-323,Eric Miller,,Standard,"[-0.68603763 -0.79755134 -0.63132208 -0.63586294 -0.92851955 -1.23613349
 -0.80914774 -0.93520667 -0.15471842 -0.73295433  0.02854634  0.09100513
  0.3930415  -0.90080311]",0,-1.5227137133878452,-1.1331011585557325
5729347371,1,2025,10,9,640,7.1,0.14,0.14,0.28,0.14,0.0,0.0,0.14,0.0,0.11,0.11,0.1,0.21,2.68,2.39,7.32,0.14,0.14,0.28,0.14,0.28,0.11,0.1,0.21,0.11,0.21,7.1,30.3,17.7,10.7,1.27,39.0,20.0,13.1,3.38,77.6,88.7,81.7,37.5,445.9,99.7,30.3,17.7,10.7,1.27,39.0,20.0,13.1,3.38,77.6,88.7,81.7,37.5,30.3,17.7,10.7,1.27,39.0,20.0,13.1,3.38,77.6,88.7,81.7,37.5,30.3,17.7,10.7,1.27,39.0,20.0,13.1,3.38,77.6,88.7,81.7,37.5,0.14,0.04,0.04,1.13,1.97,0.85,0.0,0.14,1.41,0.14,10.0,1.41,0.14,0.1,1.0,14.5,0.0,0.0,0.0,0.08,0.03,0.03,50.3,2.68,12.4,18.2,20.0,3.66,50.3,0.7,41.7,0.56,33.3,29.7,1.27,2.11,0.7,34.9,1.69,0.56,1.69,1.69,0.56,30.8,1.27,1.27,0.99,0.56,2.25,2.11,0.0,2.25,2.25,0.14,0.0,0.14,0.0,0.0,0.0,0.28,0.28,0.14,0.0,0.14,0.0,0.0,0.0,0.0,0.99,1.83,0.14,1.69,0.56,1.69,0.0,0.0,0.0,3.8,0.56,40.0,,,,,,,,,,,,,,,,,,,,,,,,,,,,,Harbor Miller,"FW,DF",LA Galaxy,18-166,Harbor Miller,Homegrown Player,Homegrown,"[-0.01956855  0.23562513 -0.22035721 -0.18421026 -0.09903589 -0.97306476
  0.14235725 -0.6357487  -0.53293267 -0.79435579  0.83627141  0.11703995
 -0.55686056  0.46369084]",0,0.1026203171999046,-0.20982570298552403
9724586772,1,2025,29,25,2304,25.6,0.0,0.04,0.04,0.0,0.0,0.0,0.08,0.0,0.05,0.05,0.02,0.06,0.78,3.05,0.47,0.0,0.04,0.04,0.0,0.04,0.05,0.02,0.06,0.05,0.06,25.6,33.6,9.53,18.2,5.7,41.8,10.6,19.9,10.2,80.4,89.7,91.4,55.9,723.1,282.6,33.6,9.53,18.2,5.7,41.8,10.6,19.9,10.2,80.4,89.7,91.4,55.9,33.6,9.53,18.2,5.7,41.8,10.6,19.9,10.2,80.4,89.7,91.4,55.9,33.6,9.53,18.2,5.7,41.8,10.6,19.9,10.2,80.4,89.7,91.4,55.9,0.04,0.04,0.02,0.27,4.02,0.12,0.0,0.0,0.39,0.2,50.0,0.39,0.2,0.0,0.0,9.8,0.0,0.0,0.0,0.12,-0.05,-0.05,53.5,7.5,24.9,26.0,2.77,1.33,53.5,0.04,25.0,0.12,75.0,30.3,0.0,0.63,0.2,32.8,1.37,0.82,0.94,1.37,0.82,63.6,0.47,1.52,0.39,0.86,2.23,5.82,0.2,0.98,0.98,0.0,0.0,0.04,0.0,0.04,0.0,0.12,0.12,0.0,0.0,0.04,0.0,0.04,0.0,0.0,1.05,1.25,0.04,0.08,0.86,0.94,0.0,0.04,0.04,3.95,1.56,54.8,,,,,,,,,,,,,,,,,,,,,,,,,,,,,Jansen Miller,DF,Sporting KC,23-297,Jansen Miller,,Standard,"[-0.68603763 -0.50235806 -0.57261281 -0.57134113 -0.92851955  1.17275072
 -0.83798122 -0.50740957 -0.31396652 -0.42594705 -0.6832114  -0.29951719
  0.03682823  0.99669628]",0,-1.6286421355284282,-1.0679200492003575
8302944560,3,2025,24,23,1880,20.9,0.05,0.0,0.05,0.05,0.0,0.0,0.24,0.05,0.02,0.02,0.01,0.03,0.38,2.92,0.1,0.05,0.0,0.05,0.05,0.05,0.02,0.01,0.03,0.02,0.03,20.9,54.7,18.2,29.7,6.22,61.9,19.2,32.1,9.33,88.3,94.5,92.7,66.7,1076.9,532.6,54.7,18.2,29.7,6.22,61.9,19.2,32.1,9.33,88.3,94.5,92.7,66.7,54.7,18.2,29.7,6.22,61.9,19.2,32.1,9.33,88.3,94.5,92.7,66.7,54.7,18.2,29.7,6.22,61.9,19.2,32.1,9.33,88.3,94.5,92.7,66.7,0.0,0.02,-0.01,0.14,3.25,0.29,0.0,0.05,0.33,0.14,42.9,0.34,0.14,0.14,0.33,11.9,0.0,0.0,0.0,0.06,0.03,0.03,71.4,8.18,38.7,31.3,1.48,0.62,71.4,0.14,50.0,0.14,50.0,45.0,0.05,0.48,0.19,51.2,0.62,0.38,0.33,0.62,0.38,47.1,0.43,0.86,0.33,1.15,1.77,4.78,0.05,0.62,0.62,0.0,0.0,0.0,0.0,0.0,0.0,0.0,0.0,0.0,0.0,0.0,0.0,0.0,0.0,0.0,0.91,0.48,0.05,0.14,1.15,0.33,0.0,0.0,0.0,3.49,1.67,58.3,,,,,,,,,,,,,,,,,,,,,,,,,,,,,Kamal Miller,DF,Portland Timbers,28-202,Kamal Miller,,Standard,"[-0.44801295 -0.79755134 -0.74874061 -0.76490657 -1.03220501  0.62598043
 -0.89564819 -0.6357487   1.08608972 -0.49851241 -1.00310252 -1.27582298
  0.61072739 -0.4104381 ]",0,-1.9584161191708855,-1.3277990580751564
382516280,1,2025,26,25,2071,23.0,0.09,0.09,0.17,0.09,0.0,0.0,0.13,0.04,0.1,0.1,0.1,0.2,1.91,2.52,6.91,0.09,0.09,0.17,0.09,0.17,0.1,0.1,0.21,0.1,0.21,23.0,32.9,16.7,13.1,2.13,42.5,19.2,16.2,4.83,77.5,87.3,81.0,44.1,532.0,134.2,32.9,16.7,13.1,2.13,42.5,19.2,16.2,4.83,77.5,87.3,81.0,44.1,32.9,16.7,13.1,2.13,42.5,19.2,16.2,4.83,77.5,87.3,81.0,44.1,32.9,16.7,13.1,2.13,42.5,19.2,16.2,4.83,77.5,87.3,81.0,44.1,0.09,0.1,-0.01,1.04,1.57,0.78,0.17,0.09,0.91,0.39,42.9,0.91,0.39,0.1,0.22,12.7,0.0,0.0,0.0,0.11,-0.02,-0.02,52.8,3.09,15.2,21.1,16.9,2.96,52.8,0.39,31.0,0.7,55.2,28.2,0.52,1.48,0.48,32.1,1.3,0.48,0.7,1.3,0.48,37.9,0.78,1.43,1.26,1.17,2.48,2.65,0.0,2.13,2.13,0.04,0.0,0.04,0.0,0.0,0.0,0.17,0.17,0.04,0.0,0.04,0.0,0.0,0.0,0.04,1.0,0.91,0.3,3.09,1.17,0.7,0.0,0.0,0.0,4.17,0.96,50.0,,,,,,,,,,,,,,,,,,,,,,,,,,,,,Peyton Miller,DF,NE Revolution,18-026,Peyton Miller,Homegrown Player,Homegrown,"[-0.25759322 -0.13336647 -0.27906647 -0.24873207 -0.09903589  0.87228497
 -0.33820083 -0.10100232 -0.36041389 -0.72179043  0.22048101 -0.39063906
  0.65030664  0.80481432]",0,-0.5519742374373868,-0.42466435954146214
1502971682,2,2025,21,6,726,8.1,0.12,0.37,0.49,0.12,0.0,0.0,0.0,0.0,0.37,0.37,0.53,0.9,7.53,2.35,16.7,0.12,0.37,0.5,0.12,0.5,0.37,0.53,0.9,0.37,0.9,8.1,29.9,19.3,9.01,0.74,39.4,22.2,12.5,2.22,75.9,86.7,72.3,33.3,407.5,59.9,29.9,19.3,9.01,0.74,39.4,22.2,12.5,2.22,75.9,86.7,72.3,33.3,29.9,19.3,9.01,0.74,39.4,22.2,12.5,2.22,75.9,86.7,72.3,33.3,29.9,19.3,9.01,0.74,39.4,22.2,12.5,2.22,75.9,86.7,72.3,33.3,0.37,0.36,-0.16,2.72,0.0,1.73,0.49,0.12,3.58,0.99,27.6,3.6,0.99,0.03,0.13,16.3,0.0,0.0,0.0,0.1,-0.25,-0.25,57.4,0.49,5.56,12.2,40.1,10.7,57.4,3.58,50.9,2.96,42.1,39.9,5.56,3.83,1.73,41.6,1.6,0.49,0.74,1.6,0.49,44.4,0.62,0.62,0.62,0.74,2.35,0.37,0.0,5.68,5.71,1.23,0.12,0.25,0.0,0.0,0.0,0.62,0.62,1.23,0.12,0.25,0.0,0.0,0.0,0.0,1.73,1.48,0.99,5.06,0.74,0.74,0.0,0.0,0.0,4.57,0.37,37.5,,,,,,,,,,,,,,,,,,,,,,,,,,,,,Georgi Minoungou,"FW,MF",Seattle Sounders,23-132,Georgi Minoungou,,Standard,"[-1.14778414e-01  1.93298646e+00  1.30608375e+00  1.49335687e+00
  4.35943883e+00 -8.62163240e-01  2.22797929e+00  1.18238899e+00
 -5.59474016e-01 -8.16683591e-01  4.71495124e+00 -1.16748076e-04
 -2.00647285e-01 -9.22123324e-01]",-1,5.04770523533547,3.6267836545965766
5755211600,1,2025,33,31,2747,30.5,0.2,0.1,0.3,0.2,0.0,0.0,0.07,0.0,0.15,0.15,0.2,0.35,1.87,6.98,5.38,0.2,0.1,0.29,0.2,0.29,0.15,0.2,0.35,0.15,0.35,30.5,37.2,17.9,13.7,4.36,47.6,20.1,17.0,7.9,78.1,89.2,80.9,55.2,643.2,188.8,37.2,17.9,13.7,4.36,47.6,20.1,17.0,7.9,78.1,89.2,80.9,55.2,37.2,17.9,13.7,4.36,47.6,20.1,17.0,7.9,78.1,89.2,80.9,55.2,37.2,17.9,13.7,4.36,47.6,20.1,17.0,7.9,78.1,89.2,80.9,55.2,0.1,0.27,-0.1,1.61,4.85,1.61,0.26,0.2,2.16,0.69,31.8,2.16,0.69,0.09,0.29,20.9,0.1,0.0,0.0,0.07,0.05,0.05,56.1,1.25,6.85,26.4,23.4,2.49,56.1,0.66,46.5,0.66,46.5,35.5,0.46,1.74,1.11,42.3,0.79,0.2,0.49,0.79,0.2,28.6,0.49,0.36,0.23,0.56,1.34,0.82,0.1,3.97,3.96,0.1,0.0,0.13,0.0,0.03,0.0,0.2,0.2,0.1,0.0,0.13,0.0,0.03,0.0,0.0,0.75,0.89,0.16,4.0,0.56,0.49,0.0,0.03,0.0,4.46,0.3,37.5,,,,,,,,,,,,,,,,,,,,,,,,,,,,,Aleksei Miranchuk,"MF,FW",Atlanta Utd,30-048,,,,"[ 0.26606106 -0.05956815  0.01447986  0.07387699  0.9378187   1.74402252
  0.86319436  0.54069334 -0.07509437  1.76775953  0.1884919  -1.054527
 -0.55686056 -1.47644899]",0,1.406868070550316,1.1065599317571582
3453668990,1,2025,10,6,514,5.7,0.0,0.0,0.0,0.0,0.0,0.0,0.0,0.0,0.0,0.0,0.0,0.0,0.35,4.04,0.35,0.0,0.0,0.0,0.0,0.0,0.0,0.0,0.0,0.0,0.0,5.7,48.2,17.9,25.1,4.91,56.5,18.9,27.5,8.25,85.4,94.4,91.1,59.6,931.4,330.5,48.2,17.9,25.1,4.91,56.5,18.9,27.5,8.25,85.4,94.4,91.1,59.6,48.2,17.9,25.1,4.91,56.5,18.9,27.5,8.25,85.4,94.4,91.1,59.6,48.2,17.9,25.1,4.91,56.5,18.9,27.5,8.25,85.4,94.4,91.1,59.6,0.0,0.02,0.0,0.0,4.56,0.0,0.0,0.0,0.0,0.0,,0.0,0.0,,,,0.0,0.0,0.0,,0.0,0.0,66.1,9.12,34.7,30.0,1.58,0.18,66.1,0.18,100.0,0.0,0.0,38.4,0.0,0.18,0.0,42.5,0.35,0.18,0.0,0.35,0.18,100.0,0.0,1.23,0.88,1.05,1.4,6.14,0.0,0.35,0.35,0.0,0.0,0.0,0.0,0.0,0.0,0.18,0.18,0.0,0.0,0.0,0.0,0.0,0.0,0.0,0.35,0.18,0.0,0.0,1.05,0.0,0.0,0.0,0.0,4.39,2.46,63.6,,,,,,,,,,,,,,,,,,,,,,,,,,,,,Zane Monlouis,DF,Toronto FC,22-049,Zane Monlouis,,Standard,"[-0.68603763 -0.79755134 -0.86615915 -0.89395019 -1.13589047 -1.13554839
 -1.21281652 -0.93520667  0.65479277  0.12666606 -1.02709436 -1.62729306
  0.41283112  0.37840997]",0,-2.349039430722645,-1.2899360694338706
3736504133,1,2025,8,5,458,5.1,0.0,0.0,0.0,0.0,0.0,0.0,0.2,0.0,0.18,0.18,0.02,0.2,0.59,2.55,0.0,0.0,0.0,0.0,0.0,0.0,0.18,0.01,0.19,0.18,0.19,5.1,62.0,17.1,36.3,8.24,69.2,18.4,37.8,12.2,89.5,92.6,95.9,67.7,1274.7,395.9,62.0,17.1,36.3,8.24,69.2,18.4,37.8,12.2,89.5,92.6,95.9,67.7,62.0,17.1,36.3,8.24,69.2,18.4,37.8,12.2,89.5,92.6,95.9,67.7,62.0,17.1,36.3,8.24,69.2,18.4,37.8,12.2,89.5,92.6,95.9,67.7,0.0,0.02,-0.02,0.2,3.33,0.0,0.0,0.0,1.57,0.39,25.0,1.57,0.39,0.0,0.0,12.5,0.0,0.0,0.0,0.11,-0.18,-0.18,77.3,3.33,33.3,40.8,3.53,1.76,77.3,0.59,75.0,0.2,25.0,53.3,0.0,0.59,0.2,58.2,0.59,0.39,0.39,0.59,0.39,66.7,0.2,0.59,0.39,1.76,2.35,2.75,0.2,1.18,1.18,0.2,0.0,0.0,0.0,0.2,0.0,0.0,0.0,0.2,0.0,0.0,0.0,0.2,0.0,0.0,1.18,0.59,0.0,0.2,1.76,0.39,0.0,0.0,0.0,6.08,1.18,46.2,,,,,,,,,,,,,,,,,,,,,,,,,,,,,Alán Montes,DF,Sporting KC,25-039,,,,"[-0.68603763 -0.79755134  0.19060767  0.26744243 -0.92851955 -1.20776333
  0.29613583 -0.10100232  1.57046937 -0.70504458 -0.83515969 -1.31487521
  1.81789458 -0.98608398]",0,-0.9481793347754109,-1.3310422990364799
86600063,2,2025,33,31,2822,31.4,0.1,0.06,0.16,0.1,0.0,0.0,0.13,0.0,0.08,0.08,0.1,0.18,2.13,2.77,4.3,0.1,0.06,0.16,0.1,0.16,0.08,0.1,0.18,0.08,0.18,31.4,29.0,13.8,11.7,2.9,37.4,15.6,14.5,5.35,77.7,88.4,80.8,54.2,497.9,197.0,29.0,13.8,11.7,2.9,37.4,15.6,14.5,5.35,77.7,88.4,80.8,54.2,29.0,13.8,11.7,2.9,37.4,15.6,14.5,5.35,77.7,88.4,80.8,54.2,29.0,13.8,11.7,2.9,37.4,15.6,14.5,5.35,77.7,88.4,80.8,54.2,0.06,0.1,-0.04,0.57,2.32,0.96,0.48,0.1,0.83,0.25,30.8,0.83,0.26,0.12,0.38,18.9,0.0,0.0,0.0,0.1,0.02,0.02,48.9,4.87,18.4,18.4,12.4,1.69,48.9,0.51,45.7,0.57,51.4,22.3,0.54,1.05,0.45,27.7,1.62,0.83,1.24,1.62,0.83,65.0,0.45,0.89,0.38,0.92,2.55,3.95,0.0,1.72,1.72,0.0,0.0,0.1,0.03,0.1,0.0,0.29,0.29,0.0,0.0,0.1,0.03,0.1,0.0,0.0,1.15,0.89,0.06,2.42,0.92,1.24,0.0,0.03,0.0,3.28,0.92,47.5,,,,,,,,,,,,,,,,,,,,,,,,,,,,,Shaq Moore,"DF,MF",FC Dallas,29-032,Shaq Moore,TAM Player,TAM Player,"[-0.20998828 -0.35476143 -0.39648501 -0.37777569 -0.09903589  1.84073896
 -0.41509012 -0.40046029 -0.61919206 -0.58224167  0.39642112  0.02591807
  0.15556598 -0.34647744]",0,-0.4199181755678026,-0.3855382786350532
3785624765,1,2025,33,20,1664,18.5,0.27,0.16,0.43,0.22,0.05,0.11,0.22,0.0,0.43,0.34,0.09,0.43,0.59,2.32,5.35,0.27,0.16,0.43,0.22,0.38,0.43,0.09,0.52,0.34,0.43,18.5,16.5,8.0,6.43,1.73,23.1,11.0,7.84,2.16,71.4,72.9,82.1,80.0,279.1,50.1,16.5,8.0,6.43,1.73,23.1,11.0,7.84,2.16,71.4,72.9,82.1,80.0,16.5,8.0,6.43,1.73,23.1,11.0,7.84,2.16,71.4,72.9,82.1,80.0,16.5,8.0,6.43,1.73,23.1,11.0,7.84,2.16,71.4,72.9,82.1,80.0,0.16,0.05,0.07,0.81,1.08,0.38,0.0,0.27,1.89,0.76,40.0,1.89,0.76,0.11,0.29,12.6,0.0,0.05,0.11,0.18,-0.16,-0.12,30.4,0.92,2.22,14.7,13.5,4.32,30.3,0.49,56.3,0.32,37.5,17.0,0.16,1.78,1.08,22.3,0.38,0.16,0.11,0.38,0.16,100.0,0.0,0.22,0.16,0.27,0.65,0.86,0.0,1.95,1.95,0.0,0.0,0.16,0.05,0.0,0.0,0.22,0.22,0.0,0.0,0.16,0.05,0.0,0.0,0.0,0.59,1.73,0.38,0.38,0.27,0.11,0.05,0.0,0.0,1.51,2.0,41.1,,,,,,,,,,,,,,,,,,,,,,,,,,,,,Felipe Mora,FW,Portland Timbers,32-124,Felipe Mora,TAM Player,TAM Player,"[ 0.5992956   0.38322176  1.65833936  1.29979143 -0.20272134  0.34743708
  0.603693    0.69042232 -1.44860926 -0.83342944 -0.83515969 -1.58824083
 -1.13075971 -1.77493204]",0,3.0283038347712004,-1.9635154156969117
8725776917,3,2025,25,11,1102,12.2,0.0,0.16,0.16,0.0,0.0,0.0,0.49,0.08,0.02,0.02,0.14,0.16,0.33,4.67,0.66,0.0,0.16,0.16,0.0,0.16,0.02,0.14,0.16,0.02,0.16,12.2,40.6,19.8,16.3,3.52,48.7,21.1,18.7,6.39,83.3,93.8,87.3,55.1,696.3,254.5,40.6,19.8,16.3,3.52,48.7,21.1,18.7,6.39,83.3,93.8,87.3,55.1,40.6,19.8,16.3,3.52,48.7,21.1,18.7,6.39,83.3,93.8,87.3,55.1,40.6,19.8,16.3,3.52,48.7,21.1,18.7,6.39,83.3,93.8,87.3,55.1,0.16,0.13,0.02,0.66,5.08,0.74,0.0,0.0,0.49,0.0,0.0,0.49,0.0,0.0,,20.6,0.0,0.0,0.0,0.04,-0.02,-0.02,58.9,3.03,17.8,35.1,6.39,0.9,58.9,0.33,44.4,0.25,33.3,31.0,0.08,1.23,0.82,38.8,1.89,0.82,0.57,1.89,0.82,55.6,0.66,1.48,0.82,1.15,3.03,1.97,0.0,1.97,1.96,0.08,0.0,0.0,0.0,0.0,0.0,0.16,0.16,0.08,0.0,0.0,0.0,0.0,0.0,0.08,1.23,0.98,0.0,0.74,1.15,0.57,0.0,0.08,0.0,5.41,1.31,72.7,,,,,,,,,,,,,,,,,,,,,,,,,,,,,Alfredo Morales,MF,St. Louis,35-206,Alfredo Morales,,Standard,"[-0.68603763  0.38322176 -0.74874061 -0.76490657  0.31570595 -0.37729147
 -0.74186961 -0.93520667  0.15050711  0.47832894 -1.04308891  0.37738816
  0.61072739  0.91141541]",0,-1.9328251090986324,0.5750510541929731
9705023472,1,2025,5,5,405,4.5,0.0,0.0,0.0,0.0,0.0,0.0,0.44,0.0,0.0,0.0,0.07,0.07,1.56,4.0,0.0,0.0,0.0,0.0,0.0,0.0,0.0,0.08,0.08,0.0,0.08,4.5,77.8,24.0,47.1,6.44,82.4,24.4,49.1,8.22,94.3,98.2,95.9,78.4,1531.8,483.8,77.8,24.0,47.1,6.44,82.4,24.4,49.1,8.22,94.3,98.2,95.9,78.4,77.8,24.0,47.1,6.44,82.4,24.4,49.1,8.22,94.3,98.2,95.9,78.4,77.8,24.0,47.1,6.44,82.4,24.4,49.1,8.22,94.3,98.2,95.9,78.4,0.0,0.09,-0.07,0.44,3.56,0.22,0.0,0.0,0.0,0.0,,0.0,0.0,,,,0.0,0.0,0.0,,0.0,0.0,93.8,9.56,37.1,55.3,1.78,0.89,93.8,0.44,100.0,0.0,0.0,62.2,0.0,0.44,0.0,75.3,1.56,1.33,1.11,1.56,1.33,75.0,0.44,0.89,0.22,1.11,2.67,5.56,0.22,0.22,0.22,0.0,0.0,0.0,0.0,0.0,0.0,0.0,0.0,0.0,0.0,0.0,0.0,0.0,0.0,0.0,2.0,0.22,0.0,0.0,1.11,1.11,0.0,0.0,0.0,3.33,3.11,70.0,,,,,,,,,,,,,,,,,,,,,,,,,,,,,Efrain Morales,DF,CF Montréal,21-275,Efrain Morales,Homegrown Player,Homegrown,"[-0.68603763 -0.79755134 -0.86615915 -0.89395019 -0.41009226 -1.27610962
 -1.21281652 -0.93520667  2.61885272  0.10433825 -0.05942372 -0.05218639
  0.53156888 -0.34647744]",0,-2.7028425483527845,0.2564130526429457
9705023472,2,2025,5,5,405,4.5,0.0,0.0,0.0,0.0,0.0,0.0,0.44,0.0,0.0,0.0,0.07,0.07,1.56,4.0,0.0,0.0,0.0,0.0,0.0,0.0,0.0,0.08,0.08,0.0,0.08,4.5,77.8,24.0,47.1,6.44,82.4,24.4,49.1,8.22,94.3,98.2,95.9,78.4,1531.8,483.8,77.8,24.0,47.1,6.44,82.4,24.4,49.1,8.22,94.3,98.2,95.9,78.4,77.8,24.0,47.1,6.44,82.4,24.4,49.1,8.22,94.3,98.2,95.9,78.4,77.8,24.0,47.1,6.44,82.4,24.4,49.1,8.22,94.3,98.2,95.9,78.4,0.0,0.09,-0.07,0.44,3.56,0.22,0.0,0.0,0.0,0.0,,0.0,0.0,,,,0.0,0.0,0.0,,0.0,0.0,93.8,9.56,37.1,55.3,1.78,0.89,93.8,0.44,100.0,0.0,0.0,62.2,0.0,0.44,0.0,75.3,1.56,1.33,1.11,1.56,1.33,75.0,0.44,0.89,0.22,1.11,2.67,5.56,0.22,0.22,0.22,0.0,0.0,0.0,0.0,0.0,0.0,0.0,0.0,0.0,0.0,0.0,0.0,0.0,0.0,0.0,2.0,0.22,0.0,0.0,1.11,1.11,0.0,0.0,0.0,3.33,3.11,70.0,,,,,,,,,,,,,,,,,,,,,,,,,,,,,Efrain Morales,DF,CF Montréal,21-275,Efrain Morales,Homegrown Player,Homegrown,"[-0.68603763 -0.79755134 -0.86615915 -0.89395019 -0.41009226 -1.27610962
 -1.21281652 -0.93520667  2.61885272  0.10433825 -0.05942372 -0.05218639
  0.53156888 -0.34647744]",0,-2.7028425483527845,0.2564130526429457
9705023472,1,2025,6,5,484,5.4,0.0,0.0,0.0,0.0,0.0,0.0,0.37,0.0,0.09,0.09,0.0,0.09,0.19,3.15,0.0,0.0,0.0,0.0,0.0,0.0,0.08,0.0,0.08,0.08,0.08,5.4,59.1,19.3,35.6,4.07,65.2,20.4,38.3,6.11,90.6,94.5,92.8,66.7,1132.2,428.1,59.1,19.3,35.6,4.07,65.2,20.4,38.3,6.11,90.6,94.5,92.8,66.7,59.1,19.3,35.6,4.07,65.2,20.4,38.3,6.11,90.6,94.5,92.8,66.7,59.1,19.3,35.6,4.07,65.2,20.4,38.3,6.11,90.6,94.5,92.8,66.7,0.0,0.0,0.0,0.0,2.96,0.0,0.0,0.0,0.56,0.0,0.0,0.56,0.0,0.0,,9.5,0.0,0.0,0.0,0.15,-0.09,-0.09,78.7,13.0,47.0,30.2,1.67,0.93,78.7,0.19,100.0,0.0,0.0,43.1,0.0,0.56,0.56,50.7,2.78,1.3,1.48,2.78,1.3,100.0,0.0,1.3,0.56,1.48,4.26,5.19,0.19,0.74,0.74,0.0,0.0,0.0,0.0,0.19,0.0,0.0,0.0,0.0,0.0,0.0,0.0,0.19,0.0,0.0,1.85,0.37,0.0,0.0,1.48,1.48,0.0,0.0,0.0,3.33,4.26,57.5,,,,,,,,,,,,,,,,,,,,,,,,,,,,,Efrain Morales,DF,CF Montréal,21-275,Efrain Morales,Homegrown Player,Homegrown,"[-0.68603763 -0.79755134 -0.33777574 -0.31325388 -1.13589047 -1.17423496
 -0.67459148 -0.93520667  1.37804458 -0.37012754 -1.1550508   1.53593769
  1.26378505  0.52765149]",0,-2.7894004415463187,-0.5478639584894894
9705023472,2,2025,6,5,484,5.4,0.0,0.0,0.0,0.0,0.0,0.0,0.37,0.0,0.09,0.09,0.0,0.09,0.19,3.15,0.0,0.0,0.0,0.0,0.0,0.0,0.08,0.0,0.08,0.08,0.08,5.4,59.1,19.3,35.6,4.07,65.2,20.4,38.3,6.11,90.6,94.5,92.8,66.7,1132.2,428.1,59.1,19.3,35.6,4.07,65.2,20.4,38.3,6.11,90.6,94.5,92.8,66.7,59.1,19.3,35.6,4.07,65.2,20.4,38.3,6.11,90.6,94.5,92.8,66.7,59.1,19.3,35.6,4.07,65.2,20.4,38.3,6.11,90.6,94.5,92.8,66.7,0.0,0.0,0.0,0.0,2.96,0.0,0.0,0.0,0.56,0.0,0.0,0.56,0.0,0.0,,9.5,0.0,0.0,0.0,0.15,-0.09,-0.09,78.7,13.0,47.0,30.2,1.67,0.93,78.7,0.19,100.0,0.0,0.0,43.1,0.0,0.56,0.56,50.7,2.78,1.3,1.48,2.78,1.3,100.0,0.0,1.3,0.56,1.48,4.26,5.19,0.19,0.74,0.74,0.0,0.0,0.0,0.0,0.19,0.0,0.0,0.0,0.0,0.0,0.0,0.0,0.19,0.0,0.0,1.85,0.37,0.0,0.0,1.48,1.48,0.0,0.0,0.0,3.33,4.26,57.5,,,,,,,,,,,,,,,,,,,,,,,,,,,,,Efrain Morales,DF,CF Montréal,21-275,Efrain Morales,Homegrown Player,Homegrown,"[-0.68603763 -0.79755134 -0.33777574 -0.31325388 -1.13589047 -1.17423496
 -0.67459148 -0.93520667  1.37804458 -0.37012754 -1.1550508   1.53593769
  1.26378505  0.52765149]",0,-2.7894004415463187,-0.5478639584894894
6709284877,2,2025,34,34,2744,30.5,0.07,0.23,0.3,0.07,0.0,0.0,0.2,0.0,0.11,0.11,0.19,0.31,1.74,7.67,4.49,0.07,0.23,0.3,0.07,0.3,0.11,0.19,0.31,0.11,0.31,30.5,48.1,23.6,18.5,4.56,62.9,27.0,23.2,9.05,76.5,87.7,79.7,50.4,804.6,267.0,48.1,23.6,18.5,4.56,62.9,27.0,23.2,9.05,76.5,87.7,79.7,50.4,48.1,23.6,18.5,4.56,62.9,27.0,23.2,9.05,76.5,87.7,79.7,50.4,48.1,23.6,18.5,4.56,62.9,27.0,23.2,9.05,76.5,87.7,79.7,50.4,0.23,0.22,0.04,2.1,7.38,2.36,0.43,0.07,0.98,0.2,20.0,0.98,0.2,0.07,0.33,20.0,0.07,0.0,0.0,0.11,-0.05,-0.05,70.7,0.43,7.8,37.9,25.6,1.9,70.7,0.23,23.3,0.66,66.7,42.5,0.33,1.93,0.98,51.1,1.51,0.62,0.89,1.51,0.62,41.3,0.89,0.62,0.56,0.43,1.93,0.26,0.03,4.33,4.33,0.07,0.03,0.07,0.0,0.0,0.0,0.46,0.46,0.07,0.03,0.07,0.0,0.0,0.0,0.0,1.38,1.84,0.16,4.56,0.43,0.89,0.0,0.0,0.0,5.64,0.46,41.2,,,,,,,,,,,,,,,,,,,,,,,,,,,,,Maximiliano Moralez,MF,NYCFC,38-280,,,,"[-0.35280309  0.89981    -0.22035721 -0.18421026  0.83413324  1.74015386
 -0.2709227  -0.50740957  0.64815744  2.15291412  0.08452728 -0.11727344
 -0.8141257  -0.92212332]",0,-0.06562655627823633,2.0941596081175
508916514,1,2025,8,3,318,3.5,0.29,0.29,0.57,0.29,0.0,0.0,0.29,0.0,0.14,0.14,0.34,0.49,1.14,4.57,4.29,0.28,0.28,0.57,0.28,0.57,0.15,0.33,0.48,0.15,0.48,3.5,40.0,23.4,13.7,1.14,46.9,26.0,14.6,1.71,85.4,90.1,94.1,66.7,580.3,102.6,40.0,23.4,13.7,1.14,46.9,26.0,14.6,1.71,85.4,90.1,94.1,66.7,40.0,23.4,13.7,1.14,46.9,26.0,14.6,1.71,85.4,90.1,94.1,66.7,40.0,23.4,13.7,1.14,46.9,26.0,14.6,1.71,85.4,90.1,94.1,66.7,0.29,0.17,-0.06,1.43,3.43,1.43,0.0,0.29,2.0,0.86,42.9,1.98,0.85,0.14,0.33,18.4,0.0,0.0,0.0,0.08,0.14,0.14,59.1,0.57,5.14,34.0,20.6,2.57,59.1,0.57,20.0,2.0,70.0,37.7,0.57,2.0,0.57,44.3,2.57,1.71,2.29,2.57,1.71,60.0,1.14,0.86,0.57,0.86,3.43,0.0,0.29,2.86,2.82,0.0,0.0,0.0,0.0,0.0,0.0,0.29,0.28,0.0,0.0,0.0,0.0,0.0,0.0,0.0,2.86,0.86,0.0,0.29,0.86,2.29,0.0,0.0,0.0,4.29,0.29,50.0,,,,,,,,,,,,,,,,,,,,,,,,,,,,,Andrew Moran,"MF,FW",LAFC,22-050,,,,"[ 0.69450547  1.34259991 -0.0442294   0.00935518  2.38941512 -1.38830069
  0.70941578  0.90432087  0.11069509  0.42250944 -0.3953094   1.26257207
  0.03682823 -0.4104381 ]",-1,1.3395039462982508,2.064723908003342
1904270088,1,2025,30,29,2457,27.3,0.04,0.07,0.11,0.04,0.0,0.0,0.15,0.0,0.04,0.04,0.1,0.14,2.05,7.25,2.23,0.04,0.07,0.11,0.04,0.11,0.04,0.1,0.14,0.04,0.14,27.3,63.9,35.5,24.5,2.71,71.9,38.1,26.3,4.58,88.9,93.2,93.0,59.2,967.4,360.7,63.9,35.5,24.5,2.71,71.9,38.1,26.3,4.58,88.9,93.2,93.0,59.2,63.9,35.5,24.5,2.71,71.9,38.1,26.3,4.58,88.9,93.2,93.0,59.2,63.9,35.5,24.5,2.71,71.9,38.1,26.3,4.58,88.9,93.2,93.0,59.2,0.07,0.11,-0.02,0.73,6.67,1.54,0.26,0.04,0.66,0.22,33.3,0.66,0.22,0.06,0.17,20.6,0.04,0.0,0.0,0.07,-0.01,-0.01,79.5,3.19,19.9,42.5,17.8,1.21,79.5,0.51,50.0,0.44,42.9,49.3,0.22,1.25,0.59,59.7,1.28,0.62,1.1,1.28,0.62,45.9,0.73,0.92,0.62,0.51,1.79,1.65,0.07,2.2,2.2,0.04,0.0,0.07,0.0,0.04,0.0,0.29,0.29,0.04,0.0,0.07,0.0,0.04,0.0,0.0,0.7,0.4,0.0,1.17,0.51,1.1,0.0,0.0,0.0,3.99,0.4,28.2,,,,,,,,,,,,,,,,,,,,,,,,,,,,,Steven Moreira,DF,Columbus Crew,31-113,Steven Moreira,TAM Player,TAM Player,"[-0.49561789 -0.28096311 -0.63132208 -0.63586294 -0.09903589  1.37005227
 -0.57847986 -0.46462986  1.69654079  1.91847219  0.3324429  -0.41667388
 -0.65580869 -0.28251679]",0,-1.3259668317170772,1.4118847961655385
3488502764,1,2025,22,20,1696,18.8,0.21,0.27,0.48,0.21,0.0,0.0,0.05,0.0,0.21,0.21,0.26,0.47,3.56,4.41,7.13,0.21,0.27,0.48,0.21,0.48,0.21,0.25,0.47,0.21,0.47,18.8,33.9,19.0,11.8,2.55,45.6,21.9,15.5,5.37,74.4,87.1,75.9,47.5,536.3,142.5,33.9,19.0,11.8,2.55,45.6,21.9,15.5,5.37,74.4,87.1,75.9,47.5,33.9,19.0,11.8,2.55,45.6,21.9,15.5,5.37,74.4,87.1,75.9,47.5,33.9,19.0,11.8,2.55,45.6,21.9,15.5,5.37,74.4,87.1,75.9,47.5,0.27,0.22,0.01,1.86,3.19,1.28,0.27,0.21,2.39,0.96,40.0,2.39,0.96,0.09,0.22,21.2,0.16,0.0,0.0,0.09,0.0,0.0,61.3,1.06,6.54,27.9,27.9,4.15,61.3,2.13,38.5,3.09,55.8,39.6,1.49,3.51,2.02,43.5,1.76,0.53,0.9,1.76,0.53,30.3,1.22,1.38,1.38,0.37,2.13,0.53,0.0,4.41,4.4,0.64,0.05,0.16,0.0,0.0,0.0,0.48,0.48,0.64,0.05,0.16,0.0,0.0,0.0,0.0,1.49,1.7,0.0,4.04,0.37,0.9,0.0,0.0,0.0,4.95,0.59,57.9,,,,,,,,,,,,,,,,,,,,,,,,,,,,,Santiago Moreno,"FW,MF",Portland Timbers,25-227,Santiago Moreno,U22 Initiative,U22 Initiative,"[ 0.313666    1.19500327  0.36673547  0.46100787  1.55993145  0.38870276
  1.08425108  1.11821943 -0.29406051  0.33319823  1.54003188  0.20816182
 -0.93286345  0.69821323]",0,2.237664690131483,1.8673841029680853
595319618,1,2025,17,8,753,8.4,0.6,0.12,0.71,0.6,0.0,0.12,0.0,0.0,0.57,0.48,0.26,0.74,1.67,2.14,5.71,0.6,0.12,0.72,0.6,0.72,0.57,0.26,0.83,0.48,0.73,8.4,14.5,9.64,3.93,0.48,20.4,12.1,5.12,0.71,71.3,79.4,76.7,66.7,191.5,30.8,14.5,9.64,3.93,0.48,20.4,12.1,5.12,0.71,71.3,79.4,76.7,66.7,14.5,9.64,3.93,0.48,20.4,12.1,5.12,0.71,71.3,79.4,76.7,66.7,14.5,9.64,3.93,0.48,20.4,12.1,5.12,0.71,71.3,79.4,76.7,66.7,0.12,0.15,-0.14,1.07,0.71,1.19,0.0,0.6,2.02,1.19,58.8,2.03,1.2,0.29,0.5,11.9,0.0,0.0,0.12,0.23,0.02,0.12,28.7,0.83,2.38,10.5,16.0,5.24,28.6,0.24,40.0,0.36,60.0,16.0,1.07,2.26,0.6,20.6,0.6,0.24,0.12,0.6,0.24,50.0,0.24,0.6,0.48,0.12,0.71,0.71,0.0,2.62,2.63,0.12,0.0,0.12,0.0,0.0,0.0,0.24,0.24,0.12,0.0,0.12,0.0,0.0,0.0,0.0,0.71,0.83,0.71,0.12,0.12,0.12,0.12,0.0,0.0,1.31,3.1,53.1,,,,,,,,,,,,,,,,,,,,,,,,,,,,,Jordan Morris,FW,Seattle Sounders,31-039,Jordan Morris,Designated Player,Designated Player,"[ 2.17025844  0.08802849  2.4802691   2.2030968   1.55993145 -0.82734532
  0.7286381   1.61018609 -1.58131601 -0.93390455  0.02854634 -1.3018578
 -1.4276041  -0.96476376]",0,4.980027779611315,-1.2875820956713793
4921814641,3,2025,34,34,2997,33.3,0.48,0.24,0.72,0.39,0.09,0.15,0.15,0.0,0.5,0.39,0.27,0.66,3.3,4.41,7.54,0.48,0.24,0.72,0.39,0.63,0.5,0.27,0.78,0.39,0.66,33.3,34.1,19.1,10.8,2.82,43.4,21.2,13.3,5.71,78.5,90.4,81.0,49.5,520.1,152.3,34.1,19.1,10.8,2.82,43.4,21.2,13.3,5.71,78.5,90.4,81.0,49.5,34.1,19.1,10.8,2.82,43.4,21.2,13.3,5.71,78.5,90.4,81.0,49.5,34.1,19.1,10.8,2.82,43.4,21.2,13.3,5.71,78.5,90.4,81.0,49.5,0.24,0.35,-0.03,2.73,2.64,1.86,0.3,0.48,3.54,1.74,49.2,3.54,1.74,0.11,0.22,19.9,0.39,0.09,0.15,0.11,-0.02,0.0,55.6,0.15,3.09,25.6,27.6,4.83,55.4,0.72,30.8,1.47,62.8,30.7,1.14,2.85,2.13,40.1,0.75,0.27,0.3,0.75,0.27,29.0,0.66,0.69,0.69,0.18,0.93,0.39,0.06,5.41,5.4,0.12,0.0,0.42,0.18,0.06,0.0,0.6,0.6,0.12,0.0,0.42,0.18,0.06,0.0,0.0,1.32,1.5,0.48,5.95,0.18,0.3,0.18,0.0,0.0,2.76,0.12,12.9,,,,,,,,,,,,,,,,,,,,,,,,,,,,,Hany Mukhtar,"FW,MF",Nashville SC,30-258,Hany Mukhtar,Designated Player,Designated Player,"[ 1.59899922  0.97360831  2.06930423  1.62240049  1.66361691  2.06641066
  2.18953465  2.78662813 -0.28078983  0.33319823  1.33210265 -1.10659664
 -1.30886635 -0.7728818 ]",-1,5.278866134038153,1.0732745027226605
7989763087,1,2025,7,6,541,6.0,1.17,0.5,1.67,0.5,0.67,0.67,0.17,0.0,0.87,0.33,0.23,0.57,2.83,6.83,5.83,1.16,0.5,1.66,0.5,1.0,0.86,0.23,1.09,0.34,0.56,6.0,40.7,20.8,15.8,2.83,55.8,24.8,20.8,5.0,72.8,83.9,76.0,56.7,658.5,192.8,40.7,20.8,15.8,2.83,55.8,24.8,20.8,5.0,72.8,83.9,76.0,56.7,40.7,20.8,15.8,2.83,55.8,24.8,20.8,5.0,72.8,83.9,76.0,56.7,40.7,20.8,15.8,2.83,55.8,24.8,20.8,5.0,72.8,83.9,76.0,56.7,0.5,0.3,0.27,2.17,4.67,3.5,1.0,1.17,2.67,1.67,62.5,2.66,1.66,0.19,0.3,20.2,0.0,0.67,0.67,0.13,0.3,0.17,68.5,1.33,5.17,30.5,33.7,5.67,67.8,1.17,63.6,0.67,36.4,34.5,0.33,2.67,1.17,48.8,1.17,0.5,0.33,1.17,0.5,42.9,0.67,0.83,0.5,0.17,1.33,1.0,0.0,4.67,4.66,0.17,0.17,0.17,0.0,0.0,0.0,0.67,0.67,0.17,0.17,0.17,0.0,0.0,0.0,0.0,0.83,0.67,0.17,2.83,0.17,0.33,0.0,0.0,0.0,4.83,1.0,60.0,,,,,,,,,,,,,,,,,,,,,,,,,,,,,Thomas Müller,MF,Vancouver W'caps,36-082,,,,"[ 4.88373969  2.8923646   4.24154713  1.23526962  1.24887507 -1.10073047
  1.3533636   2.63689914  0.15714245  1.68403027  0.95623058 -0.5598654
 -1.32865597 -0.47439875]",-1,6.49128919304428,2.087708729865562
8993800961,1,2025,24,22,1991,22.1,0.09,0.09,0.18,0.09,0.0,0.0,0.18,0.0,0.08,0.08,0.01,0.1,0.72,3.3,0.5,0.09,0.09,0.18,0.09,0.18,0.08,0.01,0.09,0.08,0.09,22.1,47.6,15.2,28.1,3.67,55.9,17.1,30.3,6.65,85.0,88.9,93.0,55.1,908.1,319.8,47.6,15.2,28.1,3.67,55.9,17.1,30.3,6.65,85.0,88.9,93.0,55.1,47.6,15.2,28.1,3.67,55.9,17.1,30.3,6.65,85.0,88.9,93.0,55.1,47.6,15.2,28.1,3.67,55.9,17.1,30.3,6.65,85.0,88.9,93.0,55.1,0.09,0.02,0.08,0.27,3.17,0.14,0.05,0.09,0.59,0.23,38.5,0.59,0.23,0.15,0.4,9.4,0.0,0.0,0.0,0.13,0.01,0.01,67.2,6.52,33.2,31.1,3.57,1.0,67.2,0.14,42.9,0.18,57.1,37.3,0.0,0.5,0.14,42.3,1.36,0.68,1.0,1.36,0.68,65.2,0.36,1.58,0.9,1.27,2.62,5.02,0.18,1.0,0.99,0.0,0.0,0.0,0.0,0.05,0.0,0.14,0.14,0.0,0.0,0.0,0.0,0.05,0.0,0.0,0.68,0.63,0.0,0.14,1.27,1.0,0.0,0.0,0.0,4.62,2.08,56.1,,,,,,,,,,,,,,,,,,,,,,,,,,,,,Daniel Munie,DF,SJ Earthquakes,25-297,Daniel Munie,,Standard,"[-0.25759322 -0.13336647 -0.39648501 -0.37777569 -1.03220501  0.76912077
 -0.64575799 -0.44324     0.61498075 -0.28639829 -0.73119507 -0.3125346
  0.8482029   1.12461759]",0,-1.725944576976401,-0.6347216408157719
3559158949,1,2025,21,8,871,9.7,0.31,0.21,0.52,0.21,0.1,0.1,0.0,0.0,0.31,0.24,0.1,0.33,1.13,4.02,5.57,0.31,0.21,0.52,0.21,0.41,0.32,0.1,0.42,0.23,0.33,9.7,31.6,16.5,11.0,2.47,36.0,17.9,12.3,3.3,88.0,92.0,89.9,75.0,492.5,74.4,31.6,16.5,11.0,2.47,36.0,17.9,12.3,3.3,88.0,92.0,89.9,75.0,31.6,16.5,11.0,2.47,36.0,17.9,12.3,3.3,88.0,92.0,89.9,75.0,31.6,16.5,11.0,2.47,36.0,17.9,12.3,3.3,88.0,92.0,89.9,75.0,0.21,0.05,0.1,1.13,3.3,0.62,0.0,0.31,2.06,0.62,30.0,2.07,0.62,0.1,0.33,14.0,0.0,0.1,0.1,0.11,0.0,-0.03,47.1,0.62,2.47,20.6,24.3,4.43,47.0,0.72,25.9,1.75,63.0,31.2,0.72,1.65,2.16,38.9,0.62,0.21,0.62,0.62,0.21,40.0,0.31,0.62,0.62,0.41,1.03,0.31,0.0,3.2,3.21,0.21,0.0,0.21,0.1,0.0,0.0,0.41,0.41,0.21,0.0,0.21,0.1,0.0,0.0,0.0,1.34,2.58,0.0,0.52,0.41,0.62,0.1,0.0,0.0,3.4,0.72,41.2,,,,,,,,,,,,,,,,,,,,,,,,,,,,,Santiago Muñóz,"MF,FW",Sporting KC,23-112,,,,"[ 0.78971534  0.75221336  0.95382815  0.65457331 -0.09903589 -0.67517812
  0.76708275  0.39096435 -0.44667328  0.11550216 -0.40330667 -1.27582298
 -0.85370495 -0.92212332]",0,2.0822233260517296,-0.5722265558679974
7344049108,2,2025,33,25,2104,23.4,0.38,0.26,0.64,0.34,0.04,0.04,0.04,0.04,0.41,0.38,0.24,0.62,2.35,3.55,6.28,0.38,0.26,0.64,0.34,0.6,0.41,0.24,0.66,0.38,0.62,23.4,20.4,11.5,6.28,1.54,29.6,14.5,9.1,3.08,69.1,79.4,69.0,50.0,304.7,102.7,20.4,11.5,6.28,1.54,29.6,14.5,9.1,3.08,69.1,79.4,69.0,50.0,20.4,11.5,6.28,1.54,29.6,14.5,9.1,3.08,69.1,79.4,69.0,50.0,20.4,11.5,6.28,1.54,29.6,14.5,9.1,3.08,69.1,79.4,69.0,50.0,0.26,0.29,0.02,1.97,1.88,1.37,0.21,0.38,3.25,1.2,36.8,3.25,1.2,0.11,0.29,19.4,0.26,0.04,0.04,0.12,-0.03,-0.04,42.5,1.03,3.85,17.4,21.7,5.09,42.4,1.28,41.7,1.67,54.2,25.6,1.2,2.86,1.67,31.9,1.37,0.47,0.9,1.37,0.47,39.3,0.73,0.38,0.34,0.17,1.54,0.81,0.04,4.4,4.4,0.34,0.0,0.38,0.09,0.0,0.0,0.77,0.77,0.34,0.0,0.38,0.09,0.0,0.0,0.0,1.11,0.98,0.47,1.71,0.17,0.9,0.04,0.0,0.0,2.31,1.32,43.1,,,,,,,,,,,,,,,,,,,,,,,,,,,,,Luis Muriel,FW,Orlando City,34-232,Luis Muriel,Designated Player,Designated Player,"[ 1.12294988  1.12120495  1.54092082  1.55787868  1.35256053  0.91484021
  1.91081096  1.63157595 -1.18983109 -0.14684952  0.57236124 -0.29951719
 -1.32865597 -1.43380855]",-1,4.479180203726151,0.42467254522838505
9919503256,2,2025,16,12,1048,11.6,0.0,0.0,0.0,0.0,0.0,0.0,0.09,0.0,0.0,0.0,0.0,0.0,0.6,2.67,0.95,0.0,0.0,0.0,0.0,0.0,0.0,0.0,0.0,0.0,0.0,11.6,35.3,17.0,16.0,1.55,42.8,19.1,18.3,3.62,82.5,89.1,87.7,42.9,569.0,212.9,35.3,17.0,16.0,1.55,42.8,19.1,18.3,3.62,82.5,89.1,87.7,42.9,35.3,17.0,16.0,1.55,42.8,19.1,18.3,3.62,82.5,89.1,87.7,42.9,35.3,17.0,16.0,1.55,42.8,19.1,18.3,3.62,82.5,89.1,87.7,42.9,0.0,0.02,0.0,0.09,1.98,0.43,0.0,0.0,0.0,0.0,,0.0,0.0,,,,0.0,0.0,0.0,,0.0,0.0,51.4,5.52,21.6,25.6,4.4,0.17,51.4,0.26,50.0,0.26,50.0,27.7,0.0,0.78,0.17,31.6,0.95,0.52,0.6,0.95,0.52,54.5,0.43,1.12,0.26,0.86,1.81,3.45,0.0,0.52,0.52,0.0,0.0,0.0,0.0,0.0,0.0,0.09,0.09,0.0,0.0,0.0,0.0,0.0,0.0,0.0,0.86,0.09,0.0,0.34,0.86,0.6,0.0,0.0,0.0,4.14,1.72,54.1,,,,,,,,,,,,,,,,,,,,,,,,,,,,,Ian Murphy,DF,Colorado Rapids,25-322,Ian Murphy,,Standard,"[-0.68603763 -0.79755134 -0.86615915 -0.89395019 -1.13589047 -0.44692731
 -1.21281652 -0.93520667 -0.20116578 -0.63806117 -0.82716241 -0.84624843
  0.03682823  0.14388757]",0,-2.011571741867866,-1.6615189965607338
5902670918,1,2025,24,7,878,9.8,0.2,0.1,0.31,0.2,0.0,0.0,0.1,0.0,0.23,0.23,0.03,0.27,1.02,1.33,5.0,0.21,0.1,0.31,0.21,0.31,0.24,0.03,0.27,0.24,0.27,9.8,8.78,5.41,2.55,0.51,17.2,9.29,4.29,1.63,50.9,58.2,59.5,31.3,125.6,28.0,8.78,5.41,2.55,0.51,17.2,9.29,4.29,1.63,50.9,58.2,59.5,31.3,8.78,5.41,2.55,0.51,17.2,9.29,4.29,1.63,50.9,58.2,59.5,31.3,8.78,5.41,2.55,0.51,17.2,9.29,4.29,1.63,50.9,58.2,59.5,31.3,0.1,0.04,0.07,0.61,0.51,0.51,0.31,0.2,1.63,0.61,37.5,1.64,0.62,0.13,0.33,12.5,0.0,0.0,0.0,0.15,-0.03,-0.03,25.1,1.02,3.06,9.69,12.4,3.06,25.1,0.31,33.3,0.61,66.7,11.0,0.71,1.84,0.41,15.7,0.71,0.41,0.41,0.71,0.41,57.1,0.31,0.51,0.51,0.2,0.92,0.92,0.0,1.33,1.33,0.0,0.0,0.0,0.0,0.0,0.0,0.1,0.1,0.0,0.0,0.0,0.0,0.0,0.0,0.0,1.33,0.31,0.1,1.53,0.2,0.41,0.0,0.0,0.0,1.63,1.84,28.6,,,,,,,,,,,,,,,,,,,,,,,,,,,,,Jacob Murrell,"FW,MF",D.C. United,21-250,Jacob Murrell,,Standard,"[ 0.26606106 -0.05956815  0.48415401  0.59005149 -0.8248341  -0.66615125
  0.3538028   0.36957449 -1.96085733 -1.38604255 -0.49127673 -1.15866628
 -1.2692871  -1.15664572]",0,1.876169528811743,-2.4648471737799853
3231425359,1,2025,30,27,2295,25.5,0.71,0.24,0.94,0.63,0.08,0.12,0.27,0.0,0.6,0.51,0.18,0.69,0.82,3.8,5.57,0.71,0.24,0.94,0.63,0.86,0.61,0.18,0.78,0.51,0.69,25.5,19.7,11.3,5.53,1.73,29.9,15.6,7.92,3.41,65.9,72.4,69.8,50.6,305.1,96.4,19.7,11.3,5.53,1.73,29.9,15.6,7.92,3.41,65.9,72.4,69.8,50.6,19.7,11.3,5.53,1.73,29.9,15.6,7.92,3.41,65.9,72.4,69.8,50.6,19.7,11.3,5.53,1.73,29.9,15.6,7.92,3.41,65.9,72.4,69.8,50.6,0.24,0.15,0.06,1.22,2.51,1.41,0.04,0.71,2.9,1.18,40.5,2.9,1.18,0.22,0.53,15.4,0.04,0.08,0.12,0.18,0.1,0.11,41.0,1.37,5.02,19.2,17.1,5.45,40.9,0.86,45.8,0.98,52.1,19.2,0.51,2.39,1.22,30.1,0.67,0.35,0.31,0.67,0.35,42.9,0.47,0.75,0.63,0.24,0.9,1.22,0.0,2.98,2.98,0.43,0.08,0.0,0.0,0.08,0.0,0.71,0.71,0.43,0.08,0.0,0.0,0.08,0.0,0.0,1.61,1.02,0.86,0.43,0.24,0.31,0.0,0.0,0.0,3.1,2.9,56.5,,,,,,,,,,,,,,,,,,,,,,,,,,,,,Petar Musa,FW,FC Dallas,27-275,Petar Musa,Designated Player,Designated Player,"[ 2.69391271  0.97360831  2.65639691  2.39666224  0.73044778  1.16114475
  1.57442031  1.58879624 -1.23627846 -0.00730076 -0.65122229 -1.21073592
 -1.19012859 -0.64496049]",-1,5.115545593697145,-0.7600868261614326
828745537,3,2025,31,16,1562,17.4,0.8,0.23,1.03,0.75,0.06,0.06,0.34,0.0,0.81,0.76,0.05,0.82,1.09,0.8,3.79,0.81,0.23,1.04,0.75,0.98,0.81,0.05,0.87,0.77,0.82,17.4,11.7,7.07,3.56,0.34,14.9,8.62,4.14,0.57,78.5,82.0,86.1,60.0,152.8,21.8,11.7,7.07,3.56,0.34,14.9,8.62,4.14,0.57,78.5,82.0,86.1,60.0,11.7,7.07,3.56,0.34,14.9,8.62,4.14,0.57,78.5,82.0,86.1,60.0,11.7,7.07,3.56,0.34,14.9,8.62,4.14,0.57,78.5,82.0,86.1,60.0,0.23,0.05,0.18,0.52,0.23,0.23,0.0,0.8,3.05,1.44,47.2,3.05,1.44,0.25,0.52,10.3,0.0,0.06,0.06,0.25,-0.01,-0.02,24.4,0.52,1.32,10.3,12.9,5.23,24.3,0.34,31.6,0.63,57.9,12.5,0.92,1.9,1.55,17.8,0.92,0.06,0.75,0.92,0.06,25.0,0.17,0.52,0.4,0.11,1.03,0.46,0.0,1.49,1.5,0.06,0.0,0.11,0.0,0.0,0.0,0.34,0.35,0.06,0.0,0.11,0.0,0.0,0.0,0.0,2.07,1.09,0.52,0.0,0.11,0.75,0.0,0.06,0.0,2.01,2.13,38.5,,,,,,,,,,,,,,,,,,,,,,,,,,,,,Daniel Musovski,FW,Seattle Sounders,30-004,,,,"[ 3.12235712  0.89981     3.88929153  4.00970755 -0.61746318  0.21590271
  1.71858773  2.14493247 -1.76710547 -1.68188593 -0.43529579 -0.88530066
 -1.44739373 -1.1353255 ]",-1,6.633415075438359,-2.6901125728335216
2703403326,3,2025,32,28,2230,24.8,0.04,0.16,0.2,0.04,0.0,0.0,0.2,0.0,0.15,0.14,0.08,0.22,1.77,1.9,5.28,0.04,0.16,0.2,0.04,0.2,0.15,0.08,0.23,0.14,0.22,24.8,20.6,12.1,6.73,0.73,27.5,14.0,8.55,1.77,75.0,86.5,78.8,40.9,294.8,70.5,20.6,12.1,6.73,0.73,27.5,14.0,8.55,1.77,75.0,86.5,78.8,40.9,20.6,12.1,6.73,0.73,27.5,14.0,8.55,1.77,75.0,86.5,78.8,40.9,20.6,12.1,6.73,0.73,27.5,14.0,8.55,1.77,75.0,86.5,78.8,40.9,0.16,0.06,0.08,0.93,1.05,0.28,0.04,0.04,1.29,0.65,50.0,1.29,0.65,0.03,0.06,15.0,0.0,0.0,0.0,0.11,-0.11,-0.1,37.5,1.09,7.54,15.9,14.6,2.86,37.5,0.81,46.5,0.85,48.8,21.7,0.56,1.98,1.25,24.6,1.45,0.73,0.85,1.45,0.73,34.6,1.37,1.01,0.89,0.89,2.34,0.69,0.0,1.9,1.9,0.08,0.0,0.08,0.0,0.12,0.04,0.2,0.2,0.08,0.0,0.08,0.0,0.12,0.04,0.0,1.49,1.45,0.2,0.85,0.89,0.85,0.0,0.0,0.0,4.52,0.48,31.6,,,,,,,,,,,,,,,,,,,,,,,,,,,,,Alex Muyl,"MF,FW",Nashville SC,30-065,Alex Muyl,,Standard,"[-0.49561789  0.38322176  0.01447986  0.00935518 -0.3064068   1.07732383
  0.02702331  0.45513391 -1.17656042 -1.06787137  0.10851912 -0.19537791
  0.09619711 -0.09063483]",0,0.4840217436648897,-0.791595930103946
1830600103,1,2025,24,15,1190,13.2,0.08,0.0,0.08,0.08,0.0,0.0,0.15,0.0,0.11,0.11,0.16,0.27,0.53,5.08,1.44,0.08,0.0,0.08,0.08,0.08,0.1,0.16,0.26,0.1,0.26,13.2,50.5,22.4,23.9,3.11,56.1,24.5,25.8,4.09,89.9,91.6,92.6,75.9,845.8,219.8,50.5,22.4,23.9,3.11,56.1,24.5,25.8,4.09,89.9,91.6,92.6,75.9,50.5,22.4,23.9,3.11,56.1,24.5,25.8,4.09,89.9,91.6,92.6,75.9,50.5,22.4,23.9,3.11,56.1,24.5,25.8,4.09,89.9,91.6,92.6,75.9,0.0,0.12,-0.16,0.91,4.77,0.98,0.08,0.08,0.83,0.23,27.3,0.83,0.23,0.09,0.33,18.0,0.0,0.0,0.0,0.12,-0.03,-0.03,64.7,1.74,12.7,41.1,11.4,0.98,64.7,0.68,52.9,0.53,41.2,38.7,0.15,1.06,0.68,48.1,1.67,0.61,1.06,1.67,0.61,38.1,0.98,1.14,0.83,0.91,2.58,1.14,0.15,2.2,2.19,0.08,0.0,0.0,0.0,0.08,0.0,0.15,0.15,0.08,0.0,0.0,0.0,0.08,0.0,0.0,1.06,0.68,0.08,0.08,0.91,1.06,0.0,0.0,0.0,5.68,0.61,61.5,,,,,,,,,,,,,,,,,,,,,,,,,,,,,Tristan Muyumba,MF,Atlanta Utd,28-272,Tristan Muyumba,TAM Player,TAM Player,"[-0.30519815 -0.79755134 -0.22035721 -0.18421026  0.52307686 -0.26381084
 -0.41509012 -0.44324     0.80740554  0.70718892 -0.88314335  0.09100513
  0.13577636  0.186528  ]",0,-1.1429989405297991,0.22881469682468966
5302971514,1,2025,30,30,2595,28.8,0.0,0.0,0.0,0.0,0.0,0.0,0.03,0.0,0.02,0.02,0.01,0.03,0.76,3.61,0.66,0.0,0.0,0.0,0.0,0.0,0.02,0.02,0.03,0.02,0.03,28.8,53.0,31.5,18.3,1.77,55.4,32.2,19.3,1.94,95.6,97.7,95.0,91.1,757.4,183.4,53.0,31.5,18.3,1.77,55.4,32.2,19.3,1.94,95.6,97.7,95.0,91.1,53.0,31.5,18.3,1.77,55.4,32.2,19.3,1.94,95.6,97.7,95.0,91.1,53.0,31.5,18.3,1.77,55.4,32.2,19.3,1.94,95.6,97.7,95.0,91.1,0.0,0.04,-0.01,0.52,5.28,0.24,0.03,0.0,0.31,0.07,22.2,0.31,0.07,0.0,0.0,24.2,0.0,0.0,0.0,0.05,-0.02,-0.02,60.6,2.15,12.8,37.4,10.8,0.17,60.6,0.31,47.4,0.28,42.1,38.6,0.14,0.66,0.8,47.6,0.73,0.42,0.38,0.73,0.42,60.0,0.28,0.38,0.35,0.49,1.22,0.83,0.0,1.53,1.53,0.07,0.0,0.17,0.0,0.03,0.0,0.07,0.07,0.07,0.0,0.17,0.0,0.03,0.0,0.0,0.59,1.63,0.0,0.07,0.49,0.38,0.0,0.0,0.0,5.31,0.38,61.1,,,,,,,,,,,,,,,,,,,,,,,,,,,,,Darlington Nagbe,MF,Columbus Crew,35-138,Darlington Nagbe,Designated Player,Designated Player,"[-0.68603763 -0.79755134 -0.74874061 -0.76490657 -1.03220501  1.54801052
 -0.91487052 -0.78547769  0.97328898 -0.11335782 -0.69920596 -1.13263146
 -0.69538794 -1.43380855]",0,-1.5070746131228803,-1.1373243293458695
6091684136,2,2025,33,28,2541,28.2,0.07,0.25,0.32,0.07,0.0,0.0,0.14,0.0,0.03,0.03,0.16,0.19,2.52,7.52,4.04,0.07,0.25,0.32,0.07,0.32,0.03,0.16,0.19,0.03,0.19,28.2,55.2,27.3,22.5,4.61,67.1,29.5,26.7,8.69,82.2,92.5,84.3,53.1,928.6,367.4,55.2,27.3,22.5,4.61,67.1,29.5,26.7,8.69,82.2,92.5,84.3,53.1,55.2,27.3,22.5,4.61,67.1,29.5,26.7,8.69,82.2,92.5,84.3,53.1,55.2,27.3,22.5,4.61,67.1,29.5,26.7,8.69,82.2,92.5,84.3,53.1,0.25,0.19,0.09,1.24,5.82,2.3,0.46,0.07,0.6,0.28,47.1,0.6,0.28,0.12,0.25,22.4,0.0,0.0,0.0,0.05,0.04,0.04,77.4,3.33,22.4,38.2,17.7,1.1,77.4,1.67,58.8,0.99,35.0,45.5,0.25,1.28,0.6,50.6,2.02,0.99,1.17,2.02,0.99,57.1,0.74,0.96,0.85,1.49,3.51,2.45,0.14,3.16,3.15,0.11,0.0,0.04,0.0,0.0,0.0,0.46,0.46,0.11,0.0,0.04,0.0,0.0,0.0,0.0,1.1,0.89,0.07,2.09,1.49,1.17,0.0,0.07,0.0,5.07,0.71,54.1,,,,,,,,,,,,,,,,,,,,,,,,,,,,,Andy Najar,DF,Nashville SC,32-263,Andy Najar,,Standard,"[-0.35280309  1.04740663 -0.69003135 -0.70038476  0.52307686  1.47837469
 -0.63614683 -0.33629073  1.11926641  2.06918486  0.70831497  0.54661449
  1.28357467 -0.19723592]",0,-1.3630277290213026,2.8147049967373494
7378719244,1,2025,22,13,1166,13.0,0.23,0.15,0.38,0.23,0.0,0.0,0.08,0.0,0.18,0.18,0.19,0.38,1.15,1.31,3.92,0.23,0.15,0.39,0.23,0.39,0.19,0.19,0.38,0.19,0.38,13.0,10.2,7.15,1.77,0.46,15.3,9.92,2.31,0.69,66.8,72.1,76.7,66.7,124.8,29.8,10.2,7.15,1.77,0.46,15.3,9.92,2.31,0.69,66.8,72.1,76.7,66.7,10.2,7.15,1.77,0.46,15.3,9.92,2.31,0.69,66.8,72.1,76.7,66.7,10.2,7.15,1.77,0.46,15.3,9.92,2.31,0.69,66.8,72.1,76.7,66.7,0.15,0.08,-0.04,1.23,0.46,0.62,0.0,0.23,1.38,0.85,61.1,1.39,0.85,0.17,0.27,14.2,0.0,0.0,0.0,0.14,0.05,0.05,23.5,0.62,1.46,10.2,12.1,3.54,23.5,0.62,36.4,0.92,54.5,11.6,0.46,1.77,0.77,15.2,0.92,0.08,0.38,0.92,0.08,20.0,0.31,0.85,0.69,0.23,1.15,0.31,0.0,2.0,2.01,0.08,0.0,0.0,0.0,0.08,0.0,0.15,0.15,0.08,0.0,0.0,0.0,0.08,0.0,0.0,1.08,1.31,0.46,0.08,0.23,0.38,0.0,0.0,0.0,1.69,1.31,38.6,,,,,,,,,,,,,,,,,,,,,,,,,,,,,Matheus Nascimento,FW,LA Galaxy,21-276,Matheus Nascimento,U22 Initiative,U22 Initiative,"[ 0.40887586  0.30942344  0.19060767  0.26744243  0.83413324 -0.29476011
  0.11352376  0.88293102 -1.86663553 -1.39720645 -0.38731212 -0.88530066
 -1.20991822 -0.43175831]",0,2.0447446246253587,-1.324494527092529
5651054576,1,2025,31,30,2661,29.6,0.41,0.1,0.51,0.34,0.07,0.14,0.07,0.0,0.46,0.35,0.19,0.54,1.25,2.16,5.68,0.41,0.1,0.51,0.34,0.44,0.46,0.19,0.65,0.36,0.54,29.6,14.3,7.97,4.36,0.71,22.0,10.7,6.28,1.35,64.9,74.7,69.4,52.5,199.7,50.7,14.3,7.97,4.36,0.71,22.0,10.7,6.28,1.35,64.9,74.7,69.4,52.5,14.3,7.97,4.36,0.71,22.0,10.7,6.28,1.35,64.9,74.7,69.4,52.5,14.3,7.97,4.36,0.71,22.0,10.7,6.28,1.35,64.9,74.7,69.4,52.5,0.1,0.18,-0.09,1.11,1.18,0.84,0.1,0.41,2.84,0.95,33.3,2.84,0.95,0.12,0.36,15.2,0.0,0.07,0.14,0.13,-0.06,-0.02,36.4,0.95,3.45,14.6,19.1,4.76,36.3,0.95,40.0,1.05,44.3,19.4,0.51,3.51,1.72,24.1,1.55,0.3,1.01,1.55,0.3,29.0,0.74,1.05,0.98,0.44,1.99,0.81,0.0,3.18,3.18,0.24,0.0,0.54,0.24,0.07,0.0,0.54,0.54,0.24,0.0,0.54,0.24,0.07,0.0,0.0,1.59,2.26,0.78,0.64,0.44,1.01,0.17,0.0,0.03,3.14,1.99,40.1,,,,,,,,,,,,,,,,,,,,,,,,,,,,,Rafael Navarro,FW,Colorado Rapids,25-234,Rafael Navarro,Designated Player,Designated Player,"[ 1.26576468 -0.05956815  1.83446716  1.36431324  0.83413324  1.63312099
  1.51675334  1.09682957 -1.59458669 -0.92274065 -0.30733934 -0.0652038
 -0.79433607 -0.00535396]",0,3.3762764717167477,-0.9744165971290059
9582302824,1,2025,30,22,1990,22.1,0.05,0.0,0.05,0.05,0.0,0.0,0.09,0.0,0.1,0.1,0.05,0.16,3.89,4.48,8.73,0.05,0.0,0.05,0.05,0.05,0.11,0.06,0.16,0.11,0.16,22.1,46.7,27.5,15.7,2.4,57.0,30.4,19.0,4.39,81.8,90.6,82.6,54.6,699.5,213.3,46.7,27.5,15.7,2.4,57.0,30.4,19.0,4.39,81.8,90.6,82.6,54.6,46.7,27.5,15.7,2.4,57.0,30.4,19.0,4.39,81.8,90.6,82.6,54.6,46.7,27.5,15.7,2.4,57.0,30.4,19.0,4.39,81.8,90.6,82.6,54.6,0.0,0.07,-0.05,0.72,3.76,1.0,0.41,0.05,0.86,0.18,21.1,0.86,0.18,0.05,0.25,14.9,0.0,0.0,0.0,0.12,-0.06,-0.06,65.9,2.04,14.2,28.3,24.0,2.13,65.9,0.45,43.5,0.5,47.8,36.6,0.32,0.77,0.59,41.2,1.9,0.95,1.49,1.9,0.95,63.6,0.54,0.86,0.59,1.04,2.94,1.63,0.0,1.49,1.49,0.0,0.0,0.18,0.0,0.0,0.0,0.0,0.0,0.0,0.0,0.18,0.0,0.0,0.0,0.0,0.41,1.31,0.27,2.85,1.04,1.49,0.0,0.0,0.0,4.16,0.5,45.8,,,,,,,,,,,,,,,,,,,,,,,,,,,,,Logan Ndenbe,DF,Sporting KC,25-298,Logan Ndenbe,U22 Initiative,U22 Initiative,"[-0.44801295 -0.79755134 -0.27906647 -0.24873207 -0.61746318  0.76783122
 -0.38625663 -0.55018928  0.55526271  0.37227188  1.80394205  0.39040557
  0.3930415  -0.4104381 ]",0,-0.900524899781514,0.5612884535986578
2496771757,2,2025,14,12,950,10.6,0.09,0.0,0.09,0.09,0.0,0.0,0.09,0.0,0.04,0.04,0.0,0.04,0.38,2.74,0.09,0.09,0.0,0.09,0.09,0.09,0.04,0.0,0.04,0.04,0.04,10.6,55.2,16.2,33.2,5.28,61.4,17.1,34.9,8.3,89.9,95.0,95.1,63.6,1101.6,324.9,55.2,16.2,33.2,5.28,61.4,17.1,34.9,8.3,89.9,95.0,95.1,63.6,55.2,16.2,33.2,5.28,61.4,17.1,34.9,8.3,89.9,95.0,95.1,63.6,55.2,16.2,33.2,5.28,61.4,17.1,34.9,8.3,89.9,95.0,95.1,63.6,0.0,0.01,0.0,0.09,2.45,0.09,0.0,0.09,0.28,0.19,66.7,0.28,0.19,0.33,0.5,8.4,0.0,0.0,0.0,0.14,0.06,0.06,71.8,8.96,41.7,29.2,1.32,0.38,71.8,0.09,100.0,0.0,0.0,47.6,0.0,0.47,0.28,50.5,3.4,1.42,2.36,3.4,1.42,62.5,0.85,0.94,0.19,1.13,4.53,3.4,0.28,1.13,1.14,0.0,0.0,0.0,0.0,0.0,0.0,0.28,0.28,0.0,0.0,0.0,0.0,0.0,0.0,0.0,0.94,0.28,0.19,0.0,1.13,2.36,0.0,0.0,0.0,4.43,1.13,38.7,,,,,,,,,,,,,,,,,,,,,,,,,,,,,Jalen Neal,DF,CF Montréal,22-102,Jalen Neal,U22 Initiative,U22 Initiative,"[-0.25759322 -0.79755134 -0.63132208 -0.63586294 -1.13589047 -0.57330346
 -0.943704   -0.52879942  1.11926641 -0.59898752 -1.00310252  2.34301714
  0.57114813 -0.23987635]",0,-2.5127753836450535,-0.5210904247591014
872890040,1,2025,18,13,1093,12.1,0.08,0.0,0.08,0.08,0.0,0.0,0.25,0.0,0.08,0.08,0.04,0.12,1.65,3.22,6.45,0.08,0.0,0.08,0.08,0.08,0.08,0.04,0.12,0.08,0.12,12.1,48.1,21.1,22.3,4.21,63.2,24.2,28.2,7.69,76.1,87.0,79.2,54.8,862.1,225.4,48.1,21.1,22.3,4.21,63.2,24.2,28.2,7.69,76.1,87.0,79.2,54.8,48.1,21.1,22.3,4.21,63.2,24.2,28.2,7.69,76.1,87.0,79.2,54.8,48.1,21.1,22.3,4.21,63.2,24.2,28.2,7.69,76.1,87.0,79.2,54.8,0.0,0.08,-0.04,0.74,2.81,0.99,0.5,0.08,0.83,0.25,30.0,0.82,0.25,0.1,0.33,15.4,0.0,0.0,0.0,0.1,0.0,0.0,74.5,2.73,19.3,32.2,23.4,2.81,74.5,0.58,43.8,0.5,37.5,37.9,0.33,1.98,0.99,46.8,1.9,1.57,1.49,1.9,1.57,61.3,0.99,0.99,0.83,0.74,2.64,2.81,0.0,1.98,1.97,0.17,0.0,0.33,0.08,0.0,0.0,0.08,0.08,0.17,0.0,0.33,0.08,0.0,0.0,0.0,1.4,1.65,0.0,2.48,0.74,1.49,0.08,0.0,0.0,3.55,1.74,50.0,,,,,,,,,,,,,,,,,,,,,,,,,,,,,Dylan Nealis,DF,NY Red Bulls,27-127,Dylan Nealis,,Standard,"[-0.30519815 -0.79755134 -0.39648501 -0.37777569 -0.72114864 -0.38889744
 -0.41509012 -0.40046029  0.64815744 -0.33105389  0.01255178  0.39040557
 -0.20064729 -0.13327526]",0,-1.1535936041694241,-0.5597004822464265
7304092989,1,2025,25,20,1833,20.4,0.0,0.0,0.0,0.0,0.0,0.0,0.39,0.0,0.01,0.01,0.02,0.03,0.54,2.84,0.25,0.0,0.0,0.0,0.0,0.0,0.02,0.02,0.04,0.02,0.04,20.4,52.8,21.4,28.3,2.5,59.5,23.2,30.2,4.8,88.8,92.4,93.7,52.0,918.9,293.5,52.8,21.4,28.3,2.5,59.5,23.2,30.2,4.8,88.8,92.4,93.7,52.0,52.8,21.4,28.3,2.5,59.5,23.2,30.2,4.8,88.8,92.4,93.7,52.0,52.8,21.4,28.3,2.5,59.5,23.2,30.2,4.8,88.8,92.4,93.7,52.0,0.0,0.01,-0.02,0.15,2.65,0.05,0.0,0.0,0.25,0.05,20.0,0.25,0.05,0.0,0.0,14.8,0.0,0.0,0.0,0.06,-0.01,-0.01,71.7,7.89,35.0,34.0,2.99,0.93,71.7,0.1,40.0,0.15,60.0,37.6,0.05,0.15,0.2,46.8,1.37,1.03,0.98,1.37,1.03,84.0,0.2,0.98,0.29,1.62,2.99,6.76,0.05,0.59,0.59,0.0,0.0,0.0,0.0,0.0,0.0,0.05,0.05,0.0,0.0,0.0,0.0,0.0,0.0,0.0,0.93,0.15,0.05,0.05,1.62,0.98,0.0,0.05,0.0,3.87,2.55,57.8,,,,,,,,,,,,,,,,,,,,,,,,,,,,,Sean Nealis,DF,NY Red Bulls,28-325,Sean Nealis,,Standard,"[-0.68603763 -0.79755134 -0.80744988 -0.82942838 -0.92851955  0.56537146
 -0.97253749 -0.8282574   0.96001831 -0.54316801 -0.87514607 -0.29951719
  1.54083981 -0.15459548]",0,-2.570541881864049,-0.9024704305460329
4831365177,2,2025,15,9,657,7.3,0.14,0.14,0.27,0.14,0.0,0.0,0.55,0.0,0.03,0.03,0.15,0.18,2.05,6.85,4.93,0.14,0.14,0.27,0.14,0.27,0.02,0.15,0.17,0.02,0.17,7.3,63.6,35.1,23.3,4.66,79.0,39.5,27.5,9.45,80.4,88.9,84.6,49.3,1039.9,394.7,63.6,35.1,23.3,4.66,79.0,39.5,27.5,9.45,80.4,88.9,84.6,49.3,63.6,35.1,23.3,4.66,79.0,39.5,27.5,9.45,80.4,88.9,84.6,49.3,63.6,35.1,23.3,4.66,79.0,39.5,27.5,9.45,80.4,88.9,84.6,49.3,0.14,0.11,-0.01,0.82,6.58,1.1,0.27,0.14,0.68,0.27,40.0,0.68,0.27,0.2,0.5,18.1,0.0,0.0,0.0,0.03,0.11,0.11,90.1,2.6,21.6,44.4,24.8,1.37,90.1,0.68,35.7,1.1,57.1,47.1,0.14,1.37,0.41,61.2,2.19,1.1,1.37,2.19,1.1,100.0,0.0,1.78,1.23,1.1,3.29,2.05,0.27,1.64,1.64,0.14,0.14,0.0,0.0,0.0,0.0,0.27,0.27,0.14,0.14,0.0,0.0,0.0,0.0,0.0,1.64,0.41,0.0,3.29,1.1,1.37,0.0,0.14,0.0,4.93,0.41,42.9,,,,,,,,,,,,,,,,,,,,,,,,,,,,,Franco Negri,DF,San Diego FC,30-287,Franco Negri,,Standard,"[-0.01956855  0.23562513 -0.69003135 -0.70038476  0.41939141 -0.95114237
 -0.55925754 -0.35768058  1.67663477  1.69519417  0.3324429   0.76791047
  0.51177925  1.55102195]",0,-1.8227472078399651,2.172491565759084
7494586401,1,2025,23,16,1321,14.7,0.14,0.34,0.48,0.14,0.0,0.0,0.27,0.07,0.22,0.22,0.29,0.51,4.01,2.45,9.18,0.14,0.34,0.48,0.14,0.48,0.23,0.29,0.51,0.23,0.51,14.7,19.9,12.6,5.65,0.54,25.9,14.8,6.94,1.7,76.9,84.9,81.4,32.0,266.9,66.3,19.9,12.6,5.65,0.54,25.9,14.8,6.94,1.7,76.9,84.9,81.4,32.0,19.9,12.6,5.65,0.54,25.9,14.8,6.94,1.7,76.9,84.9,81.4,32.0,19.9,12.6,5.65,0.54,25.9,14.8,6.94,1.7,76.9,84.9,81.4,32.0,0.34,0.24,0.05,1.22,1.29,1.16,0.14,0.14,2.04,0.61,30.0,2.04,0.61,0.07,0.22,17.2,0.07,0.0,0.0,0.11,-0.09,-0.09,42.6,0.41,4.63,12.9,26.4,5.44,42.6,2.79,41.8,3.4,51.0,29.4,2.52,4.29,1.7,30.5,1.5,0.54,1.09,1.5,0.54,28.6,1.36,0.88,0.88,0.41,1.9,0.34,0.0,3.54,3.55,0.75,0.07,0.68,0.07,0.0,0.0,0.68,0.68,0.75,0.07,0.68,0.07,0.0,0.0,0.07,2.31,1.9,0.2,2.18,0.41,1.09,0.07,0.0,0.0,4.01,0.48,30.4,,,,,,,,,,,,,,,,,,,,,,,,,,,,,Jayden Nelson,FW,Vancouver W'caps,23-069,Jayden Nelson,,Standard,"[-0.01956855  1.7115915   0.42544474  0.52552968  1.87098783 -0.09487946
  0.74786042  0.36957449 -1.22300778 -0.76086409  1.89990939 -0.13029085
 -0.85370495 -0.36779766]",0,2.6418726961370584,1.3356204535325247
388929472,2,2025,31,24,2044,22.7,0.0,0.04,0.04,0.0,0.0,0.0,0.09,0.0,0.02,0.02,0.04,0.06,1.59,4.32,3.7,0.0,0.04,0.04,0.0,0.04,0.02,0.04,0.06,0.02,0.06,22.7,46.6,23.3,20.4,1.94,54.8,25.5,23.6,3.7,85.1,91.2,86.6,52.4,744.8,235.4,46.6,23.3,20.4,1.94,54.8,25.5,23.6,3.7,85.1,91.2,86.6,52.4,46.6,23.3,20.4,1.94,54.8,25.5,23.6,3.7,85.1,91.2,86.6,52.4,46.6,23.3,20.4,1.94,54.8,25.5,23.6,3.7,85.1,91.2,86.6,52.4,0.04,0.06,0.01,0.62,3.83,0.53,0.09,0.0,0.4,0.04,11.1,0.4,0.04,0.0,0.0,22.9,0.0,0.0,0.0,0.06,-0.02,-0.02,64.8,4.49,21.9,32.0,11.4,0.97,64.8,0.09,33.3,0.18,66.7,35.5,0.04,0.75,0.18,42.1,1.41,0.57,0.97,1.41,0.57,54.2,0.48,1.19,0.57,0.93,2.33,3.79,0.0,1.15,1.14,0.0,0.0,0.0,0.0,0.04,0.0,0.13,0.13,0.0,0.0,0.0,0.0,0.04,0.0,0.0,0.7,0.26,0.09,0.53,0.93,0.97,0.0,0.04,0.0,3.17,0.62,38.9,,,,,,,,,,,,,,,,,,,,,,,,,,,,,John Nelson,DF,LA Galaxy,27-146,John Nelson,,Standard,"[-0.68603763 -0.50235806 -0.74874061 -0.76490657 -0.72114864  0.83746706
 -0.82837006 -0.84964725  0.54862737  0.28296067 -0.03543189 -0.24744755
  0.17535561  0.29312909]",0,-1.8967962643076512,-0.12661418296720195
6586109952,1,2025,25,13,1256,14.0,0.14,0.21,0.36,0.14,0.0,0.0,0.07,0.0,0.09,0.09,0.15,0.24,2.57,5.71,5.57,0.14,0.21,0.36,0.14,0.36,0.09,0.15,0.24,0.09,0.24,14.0,33.9,16.6,15.0,1.29,39.7,18.4,16.6,1.64,85.4,90.3,90.5,78.3,544.8,129.1,33.9,16.6,15.0,1.29,39.7,18.4,16.6,1.64,85.4,90.3,90.5,78.3,33.9,16.6,15.0,1.29,39.7,18.4,16.6,1.64,85.4,90.3,90.5,78.3,33.9,16.6,15.0,1.29,39.7,18.4,16.6,1.64,85.4,90.3,90.5,78.3,0.21,0.2,0.06,1.93,3.14,1.86,0.21,0.14,1.0,0.43,42.9,1.0,0.43,0.14,0.33,17.2,0.0,0.0,0.0,0.09,0.05,0.05,50.1,1.43,7.57,22.2,21.1,2.93,50.1,1.07,36.6,1.64,56.1,33.4,0.86,1.43,1.07,36.6,1.36,0.79,0.86,1.36,0.79,47.8,0.86,1.29,1.0,0.43,1.79,0.5,0.07,4.07,4.08,0.14,0.0,0.21,0.0,0.14,0.07,0.5,0.5,0.14,0.0,0.21,0.0,0.14,0.07,0.0,0.64,1.57,0.14,0.79,0.43,0.86,0.0,0.0,0.0,5.07,0.43,46.2,,,,,,,,,,,,,,,,,,,,,,,,,,,,,Jean-Claude Ngando,"MF,FW",Vancouver W'caps,26-014,,,,"[-0.01956855  0.75221336 -0.33777574 -0.31325388  0.41939141 -0.17870037
 -0.25170037 -0.0154429  -0.29406051  1.0588518   0.74830136 -0.3125346
 -0.8141257   0.50633127]",0,0.23294548552953281,1.189829661762011
390924432,2,2025,20,5,630,7.0,0.14,0.0,0.14,0.14,0.0,0.0,0.57,0.0,0.1,0.1,0.2,0.29,2.0,2.0,7.0,0.14,0.0,0.14,0.14,0.14,0.1,0.19,0.29,0.1,0.29,7.0,12.6,8.29,3.86,0.14,19.9,10.9,6.0,0.43,63.3,76.3,64.3,33.3,172.9,51.1,12.6,8.29,3.86,0.14,19.9,10.9,6.0,0.43,63.3,76.3,64.3,33.3,12.6,8.29,3.86,0.14,19.9,10.9,6.0,0.43,63.3,76.3,64.3,33.3,12.6,8.29,3.86,0.14,19.9,10.9,6.0,0.43,63.3,76.3,64.3,33.3,0.0,0.17,-0.2,0.86,0.71,0.43,0.0,0.14,1.71,0.43,25.0,1.71,0.43,0.08,0.33,17.3,0.0,0.0,0.0,0.06,0.04,0.04,32.3,1.0,5.14,11.4,16.6,4.86,32.3,1.0,53.8,0.71,38.5,17.9,1.14,3.29,1.71,21.1,1.43,0.71,1.0,1.43,0.71,45.5,0.86,1.14,1.14,0.29,1.71,1.0,0.0,1.29,1.28,0.14,0.0,0.0,0.0,0.0,0.0,0.0,0.0,0.14,0.0,0.0,0.0,0.0,0.0,0.0,2.57,1.14,0.29,0.57,0.29,1.0,0.0,0.0,0.0,2.43,0.86,26.1,,,,,,,,,,,,,,,,,,,,,,,,,,,,,Serge Ngoma,"FW,MF",NY Red Bulls,20-148,,,,"[-0.01956855 -0.79755134 -0.27906647 -0.24873207  0.9378187  -0.98596029
  0.43069209 -0.0154429  -1.70738743 -1.01205186  0.29245651 -0.22141273
 -1.09118046  0.186528  ]",0,0.9162383059611634,-0.9332750080313199
4501401556,2,2025,13,8,635,7.1,0.0,0.14,0.14,0.0,0.0,0.0,0.42,0.0,0.08,0.08,0.17,0.25,0.99,3.38,1.55,0.0,0.14,0.14,0.0,0.14,0.09,0.17,0.26,0.09,0.26,7.1,43.0,23.9,16.6,2.11,54.8,25.6,21.4,5.92,78.4,93.4,77.6,35.7,686.9,230.3,43.0,23.9,16.6,2.11,54.8,25.6,21.4,5.92,78.4,93.4,77.6,35.7,43.0,23.9,16.6,2.11,54.8,25.6,21.4,5.92,78.4,93.4,77.6,35.7,43.0,23.9,16.6,2.11,54.8,25.6,21.4,5.92,78.4,93.4,77.6,35.7,0.14,0.06,-0.03,0.42,2.54,0.56,0.14,0.0,0.7,0.14,20.0,0.71,0.14,0.0,0.0,13.1,0.0,0.0,0.0,0.12,-0.08,-0.08,67.0,4.23,27.6,32.1,7.32,0.7,67.0,0.28,33.3,0.42,50.0,32.7,0.0,0.56,0.28,40.7,2.25,1.69,1.83,2.25,1.69,60.0,1.13,1.69,1.27,1.27,3.52,4.08,0.0,0.42,0.43,0.0,0.0,0.0,0.0,0.0,0.0,0.0,0.0,0.0,0.0,0.0,0.0,0.0,0.0,0.0,2.11,1.55,0.0,0.99,1.27,1.83,0.0,0.0,0.0,4.51,2.25,76.2,,,,,,,,,,,,,,,,,,,,,,,,,,,,,Nolan Norris,"DF,MF",FC Dallas,20-290,Nolan Norris,Homegrown Player,Homegrown,"[-0.68603763  0.23562513 -0.39648501 -0.37777569  0.62676232 -0.97951252
 -0.54003522 -0.6357487   0.30975522 -0.24174268 -0.51526857  0.84601493
  0.8482029   1.35913999]",0,-1.5662673221607348,0.566703910302157
2165322486,2,2025,13,1,337,3.7,0.0,0.27,0.27,0.0,0.0,0.0,0.27,0.0,0.11,0.11,0.16,0.27,1.08,4.05,1.62,0.0,0.27,0.27,0.0,0.27,0.11,0.15,0.27,0.11,0.27,3.7,34.6,18.9,13.2,1.89,43.5,22.2,15.4,4.05,79.5,85.4,86.0,46.7,523.8,170.8,34.6,18.9,13.2,1.89,43.5,22.2,15.4,4.05,79.5,85.4,86.0,46.7,34.6,18.9,13.2,1.89,43.5,22.2,15.4,4.05,79.5,85.4,86.0,46.7,34.6,18.9,13.2,1.89,43.5,22.2,15.4,4.05,79.5,85.4,86.0,46.7,0.27,0.05,0.11,1.08,5.41,0.54,0.27,0.0,1.62,0.27,16.7,1.6,0.27,0.0,0.0,16.5,0.0,0.0,0.0,0.07,-0.11,-0.11,55.4,0.81,14.9,31.1,9.46,1.89,55.4,0.54,50.0,0.54,50.0,28.9,0.54,1.62,0.81,39.2,2.43,0.81,1.35,2.43,0.81,37.5,1.35,0.54,0.54,1.62,4.05,1.08,0.0,1.89,1.87,0.27,0.0,0.0,0.0,0.0,0.0,0.0,0.0,0.27,0.0,0.0,0.0,0.0,0.0,0.0,1.35,1.35,0.0,0.27,1.62,1.35,0.0,0.0,0.0,4.32,0.81,75.0,,,,,,,,,,,,,,,,,,,,,,,,,,,,,Tsiki Ntsabeleng,MF,FC Dallas,27-298,Tsiki Ntsabeleng,,Standard,"[-0.68603763  1.19500327 -0.22035721 -0.18421026  0.52307686 -1.36379919
  0.34419164 -0.35768058 -0.24761315  0.13224801 -0.44329306  1.08032832
  1.54083981 -1.09268507]",0,-0.41585991804775596,1.0345103230523593
2532853023,1,2025,14,11,867,9.6,0.0,0.0,0.0,0.0,0.0,0.0,0.42,0.0,0.02,0.02,0.01,0.03,0.31,4.79,0.83,0.0,0.0,0.0,0.0,0.0,0.02,0.01,0.03,0.02,0.03,9.6,41.5,18.1,19.8,2.81,48.5,20.4,21.8,4.27,85.4,88.8,90.9,65.9,701.1,217.4,41.5,18.1,19.8,2.81,48.5,20.4,21.8,4.27,85.4,88.8,90.9,65.9,41.5,18.1,19.8,2.81,48.5,20.4,21.8,4.27,85.4,88.8,90.9,65.9,41.5,18.1,19.8,2.81,48.5,20.4,21.8,4.27,85.4,88.8,90.9,65.9,0.0,0.02,-0.01,0.52,4.38,0.1,0.1,0.0,0.52,0.0,0.0,0.52,0.0,0.0,,24.9,0.0,0.0,0.0,0.04,-0.02,-0.02,61.3,2.29,15.9,39.4,6.56,0.1,61.3,0.73,58.3,0.31,25.0,30.1,0.0,1.25,0.31,36.4,3.33,1.04,2.08,3.33,1.04,35.7,1.88,1.35,1.04,1.98,5.31,1.56,0.0,1.77,1.77,0.1,0.0,0.0,0.0,0.0,0.0,0.0,0.0,0.1,0.0,0.0,0.0,0.0,0.0,0.0,1.56,0.83,0.0,0.21,1.98,2.08,0.0,0.0,0.0,8.23,0.42,44.4,,,,,,,,,,,,,,,,,,,,,,,,,,,,,Obinna Nwobodo,MF,FC Cincinnati,29-005,Obinna Nwobodo,TAM Player,TAM Player,"[-0.68603763 -0.79755134 -0.74874061 -0.76490657 -1.03220501 -0.68033633
 -0.71303612 -0.93520667  0.21022515  0.54531235 -1.05908347  2.25189527
  2.25326635  0.63425258]",0,-3.235095561604918,0.15291626223019159
5135895080,1,2025,20,17,1506,16.7,0.0,0.0,0.0,0.0,0.0,0.0,0.24,0.0,0.02,0.02,0.04,0.06,1.14,4.19,0.6,0.0,0.0,0.0,0.0,0.0,0.02,0.04,0.06,0.02,0.06,16.7,50.1,23.2,22.8,3.23,57.0,24.9,24.9,5.09,87.9,93.3,91.6,63.5,839.0,234.2,50.1,23.2,22.8,3.23,57.0,24.9,24.9,5.09,87.9,93.3,91.6,63.5,50.1,23.2,22.8,3.23,57.0,24.9,24.9,5.09,87.9,93.3,91.6,63.5,50.1,23.2,22.8,3.23,57.0,24.9,24.9,5.09,87.9,93.3,91.6,63.5,0.0,0.04,-0.04,0.6,4.91,0.3,0.0,0.0,0.6,0.06,10.0,0.6,0.06,0.0,0.0,27.5,0.0,0.0,0.0,0.03,-0.02,-0.02,65.9,2.16,16.9,40.1,9.34,0.48,65.9,0.54,64.3,0.3,35.7,37.8,0.18,1.02,0.72,46.9,2.63,1.26,1.5,2.63,1.26,67.7,0.6,0.9,0.66,0.78,3.41,1.2,0.06,1.5,1.49,0.06,0.0,0.0,0.0,0.0,0.0,0.3,0.3,0.06,0.0,0.0,0.0,0.0,0.0,0.0,1.68,1.26,0.0,0.48,0.78,1.5,0.0,0.06,0.0,5.09,0.48,40.0,,,,,,,,,,,,,,,,,,,,,,,,,,,,,Aiden O'Neill,MF,NYCFC,27-153,,,,"[-0.68603763 -0.79755134 -0.74874061 -0.76490657 -0.72114864  0.14368777
 -0.63614683 -0.80686754  0.78086419  0.21039531 -0.3953094   1.34067653
 -0.12148878 -0.32515722]",0,-2.0931576168135186,-0.013292866963195232
9695567161,3,2025,26,22,1893,21.0,0.05,0.05,0.1,0.05,0.0,0.0,0.33,0.05,0.03,0.03,0.07,0.1,1.29,5.29,4.33,0.05,0.05,0.1,0.05,0.1,0.03,0.07,0.1,0.03,0.1,21.0,55.3,29.3,22.4,2.52,66.3,31.7,26.0,5.0,83.4,92.3,86.4,50.5,850.5,279.5,55.3,29.3,22.4,2.52,66.3,31.7,26.0,5.0,83.4,92.3,86.4,50.5,55.3,29.3,22.4,2.52,66.3,31.7,26.0,5.0,83.4,92.3,86.4,50.5,55.3,29.3,22.4,2.52,66.3,31.7,26.0,5.0,83.4,92.3,86.4,50.5,0.05,0.06,-0.02,0.71,4.05,0.62,0.1,0.05,0.43,0.24,55.6,0.43,0.24,0.11,0.2,21.5,0.0,0.0,0.0,0.07,0.02,0.02,78.4,4.24,21.1,40.5,17.0,1.29,78.4,0.33,41.2,0.48,58.8,39.8,0.1,1.43,1.0,51.0,2.0,1.19,1.24,2.0,1.19,61.0,0.76,1.52,1.1,1.14,3.14,3.86,0.05,1.48,1.47,0.0,0.0,0.05,0.0,0.05,0.0,0.1,0.1,0.0,0.0,0.05,0.0,0.05,0.0,0.05,1.24,0.52,0.05,2.0,1.14,1.24,0.0,0.0,0.0,3.86,1.29,51.9,,,,,,,,,,,,,,,,,,,,,,,,,,,,,Kevin O'Toole,"DF,MF",NYCFC,26-355,Kevin O'Toole,,Standard,"[-0.44801295 -0.42855974 -0.69003135 -0.70038476 -0.41009226  0.64274462
 -0.79953658 -0.42185015  1.12590175  0.82440988 -0.27535023  0.52057967
  0.59093776  0.99669628]",0,-2.170568270861479,0.664812510150055
7329317041,2,2025,31,9,915,10.2,0.0,0.1,0.1,0.0,0.0,0.0,0.39,0.0,0.18,0.18,0.04,0.23,1.67,2.65,5.78,0.0,0.1,0.1,0.0,0.1,0.18,0.04,0.22,0.18,0.22,10.2,17.1,9.31,5.69,1.08,24.8,11.6,7.45,2.16,68.8,80.5,76.3,50.0,250.3,83.1,17.1,9.31,5.69,1.08,24.8,11.6,7.45,2.16,68.8,80.5,76.3,50.0,17.1,9.31,5.69,1.08,24.8,11.6,7.45,2.16,68.8,80.5,76.3,50.0,17.1,9.31,5.69,1.08,24.8,11.6,7.45,2.16,68.8,80.5,76.3,50.0,0.1,0.08,0.06,0.88,1.86,1.27,0.1,0.0,1.47,0.49,33.3,1.48,0.49,0.0,0.0,19.5,0.0,0.0,0.0,0.12,-0.18,-0.18,35.0,0.88,7.25,13.7,14.6,2.84,35.0,0.88,50.0,0.69,38.9,20.5,0.88,2.25,1.08,23.4,1.96,0.59,1.37,1.96,0.59,42.9,0.78,0.98,0.88,0.2,2.16,0.88,0.0,2.16,2.16,0.29,0.0,0.1,0.0,0.0,0.0,0.1,0.1,0.29,0.0,0.1,0.0,0.0,0.0,0.0,0.98,2.35,0.78,1.37,0.2,1.37,0.0,0.0,0.0,4.51,1.37,56.0,,,,,,,,,,,,,,,,,,,,,,,,,,,,,Jáder Obrian,"FW,MF",Austin,30-200,Jáder Obrian,,Standard,"[-0.68603763 -0.05956815  0.19060767  0.26744243 -0.72114864 -0.6184378
  0.20002422  0.11289623 -1.40879724 -0.64922507  0.02854634  0.46851003
 -1.2692871  -0.15459548]",0,0.596332403391246,-1.0957553886094136
8841798680,2,2025,30,26,2173,24.1,0.08,0.0,0.08,0.08,0.0,0.0,0.41,0.04,0.12,0.12,0.13,0.25,3.65,3.24,10.1,0.08,0.0,0.08,0.08,0.08,0.12,0.13,0.25,0.12,0.25,24.1,39.2,22.1,13.4,2.66,49.0,24.6,16.9,4.61,80.0,89.9,79.4,57.7,597.8,148.3,39.2,22.1,13.4,2.66,49.0,24.6,16.9,4.61,80.0,89.9,79.4,57.7,39.2,22.1,13.4,2.66,49.0,24.6,16.9,4.61,80.0,89.9,79.4,57.7,39.2,22.1,13.4,2.66,49.0,24.6,16.9,4.61,80.0,89.9,79.4,57.7,0.0,0.18,-0.13,0.83,1.95,1.49,0.71,0.08,1.62,0.41,25.6,1.62,0.41,0.05,0.2,18.9,0.0,0.0,0.0,0.07,-0.04,-0.04,60.9,2.74,13.5,24.6,23.7,2.95,60.9,0.79,55.9,0.41,29.4,38.2,1.08,1.66,1.24,42.1,1.83,1.12,1.33,1.83,1.12,55.1,0.91,1.83,1.37,0.62,2.45,2.49,0.0,2.12,2.11,0.12,0.0,0.21,0.04,0.0,0.0,0.25,0.25,0.12,0.0,0.21,0.04,0.0,0.0,0.04,1.45,1.49,0.12,3.98,0.62,1.33,0.04,0.04,0.0,4.11,0.41,35.7,,,,,,,,,,,,,,,,,,,,,,,,,,,,,Édier Ocampo,DF,Vancouver W'caps,22-062,Édier Ocampo,U22 Initiative,U22 Initiative,"[-0.30519815 -0.79755134 -0.16164794 -0.11968844  0.21202049  1.00381934
  0.34419164 -0.05822261  0.05761239 -0.31988999  1.61200738  0.29928369
 -0.4381228   1.65762304]",0,-0.16710768834563447,0.39436611608411337
9539698873,2,2025,34,12,1344,14.9,0.0,0.34,0.34,0.0,0.0,0.0,0.07,0.0,0.09,0.09,0.24,0.34,4.5,3.76,10.9,0.0,0.33,0.33,0.0,0.33,0.09,0.24,0.33,0.09,0.33,14.9,32.3,18.7,10.3,1.88,40.9,21.9,12.9,3.09,79.0,85.3,79.7,60.9,475.2,111.0,32.3,18.7,10.3,1.88,40.9,21.9,12.9,3.09,79.0,85.3,79.7,60.9,32.3,18.7,10.3,1.88,40.9,21.9,12.9,3.09,79.0,85.3,79.7,60.9,32.3,18.7,10.3,1.88,40.9,21.9,12.9,3.09,79.0,85.3,79.7,60.9,0.34,0.17,0.09,1.61,2.62,1.14,0.13,0.0,1.28,0.27,21.1,1.27,0.27,0.0,0.0,19.9,0.0,0.0,0.0,0.07,-0.09,-0.09,52.6,1.54,6.98,20.4,26.0,4.63,52.6,1.48,36.1,2.48,60.7,34.6,1.95,1.81,1.01,39.4,1.68,0.74,1.21,1.68,0.74,52.4,0.67,0.67,0.6,0.74,2.42,1.01,0.07,3.36,3.35,0.2,0.0,0.2,0.07,0.2,0.0,0.54,0.54,0.2,0.0,0.2,0.07,0.2,0.0,0.0,1.01,0.94,0.67,2.28,0.74,1.21,0.07,0.0,0.0,5.3,0.54,30.8,,,,,,,,,,,,,,,,,,,,,,,,,,,,,Agustin Ojeda,"FW,MF",NYCFC,21-168,,,,"[-0.68603763  1.7115915  -0.33777574 -0.31325388  1.35256053 -0.06521975
  0.01741215 -0.35768058 -0.40022591 -0.02962856  2.29177601  0.10402254
 -0.20064729 -0.81552223]",0,0.8642405418081339,2.1032590370490905
9304821097,1,2025,30,25,2105,23.4,0.09,0.0,0.09,0.09,0.0,0.0,0.26,0.0,0.08,0.08,0.05,0.13,1.45,5.51,1.67,0.09,0.0,0.09,0.09,0.09,0.08,0.05,0.13,0.08,0.13,23.4,47.1,22.2,18.5,4.4,53.8,24.5,20.1,5.77,87.5,90.6,91.9,76.3,795.5,226.3,47.1,22.2,18.5,4.4,53.8,24.5,20.1,5.77,87.5,90.6,91.9,76.3,47.1,22.2,18.5,4.4,53.8,24.5,20.1,5.77,87.5,90.6,91.9,76.3,47.1,22.2,18.5,4.4,53.8,24.5,20.1,5.77,87.5,90.6,91.9,76.3,0.0,0.12,-0.05,1.03,5.17,0.77,0.3,0.09,1.54,0.47,30.6,1.54,0.47,0.06,0.18,25.2,0.0,0.0,0.0,0.05,0.01,0.01,64.2,2.74,14.3,37.6,13.1,0.85,64.2,1.24,59.2,0.6,28.6,37.4,0.13,1.5,0.9,45.7,1.62,0.56,0.9,1.62,0.56,38.2,0.9,0.81,0.64,1.32,2.95,1.54,0.13,2.99,2.99,0.09,0.0,0.09,0.0,0.13,0.0,0.09,0.09,0.09,0.0,0.09,0.0,0.13,0.0,0.0,1.58,1.84,0.0,0.85,1.32,0.9,0.0,0.0,0.0,5.64,0.9,52.5,,,,,,,,,,,,,,,,,,,,,,,,,,,,,Braian Ojeda,MF,Real Salt Lake,25-160,Braian Ojeda,TAM Player,TAM Player,"[-0.25759322 -0.79755134 -0.39648501 -0.37777569 -0.61746318  0.91612976
  0.26730235  0.07011652  0.58180406  0.94721279 -0.14739378  0.02591807
  0.94715103 -0.51703918]",0,-0.9661662003480024,0.2183580344112991
4782005090,2,2025,33,30,2680,29.8,0.54,0.3,0.84,0.47,0.07,0.07,0.0,0.0,0.4,0.35,0.35,0.69,2.18,5.84,7.75,0.54,0.3,0.84,0.47,0.77,0.4,0.35,0.74,0.34,0.69,29.8,34.2,17.4,10.4,5.13,43.7,19.5,13.1,8.19,78.1,89.2,79.9,62.7,608.1,197.5,34.2,17.4,10.4,5.13,43.7,19.5,13.1,8.19,78.1,89.2,79.9,62.7,34.2,17.4,10.4,5.13,43.7,19.5,13.1,8.19,78.1,89.2,79.9,62.7,34.2,17.4,10.4,5.13,43.7,19.5,13.1,8.19,78.1,89.2,79.9,62.7,0.3,0.26,-0.04,3.29,3.72,1.64,0.57,0.54,3.46,1.28,36.9,3.46,1.28,0.14,0.37,18.4,0.2,0.07,0.07,0.1,0.14,0.12,52.9,0.4,5.23,21.8,26.5,5.03,52.9,0.64,45.2,0.74,52.4,30.8,0.84,2.18,0.84,38.9,0.91,0.3,0.64,0.91,0.3,29.0,0.74,0.54,0.54,0.37,1.28,0.23,0.0,6.14,6.15,0.2,0.03,0.13,0.0,0.07,0.0,0.67,0.67,0.2,0.03,0.13,0.0,0.07,0.0,0.0,0.64,0.87,0.3,5.74,0.37,0.64,0.0,0.0,0.0,4.19,0.2,30.0,,,,,,,,,,,,,,,,,,,,,,,,,,,,,Martín Ojeda,"MF,FW",Orlando City,27-007,Martín Ojeda,Designated Player,Designated Player,"[ 1.88462883  1.41639823  1.48221155  1.36431324  2.49310058  1.65762249
  2.11264536  1.80269479 -0.2741545   1.13141716  0.43640751 -0.89831807
 -0.93286345 -1.09268507]",-1,4.659952605098193,1.8889443006281161
5189583025,1,2025,8,7,643,7.1,0.56,0.0,0.56,0.56,0.0,0.0,0.14,0.14,0.42,0.42,0.1,0.54,1.69,1.41,5.77,0.56,0.0,0.56,0.56,0.56,0.43,0.1,0.53,0.43,0.53,7.1,11.4,5.63,3.24,1.27,15.8,7.61,4.37,1.41,72.3,74.1,74.2,90.0,179.2,34.5,11.4,5.63,3.24,1.27,15.8,7.61,4.37,1.41,72.3,74.1,74.2,90.0,11.4,5.63,3.24,1.27,15.8,7.61,4.37,1.41,72.3,74.1,74.2,90.0,11.4,5.63,3.24,1.27,15.8,7.61,4.37,1.41,72.3,74.1,74.2,90.0,0.0,0.11,-0.1,0.99,0.85,0.56,0.14,0.56,2.82,1.97,70.0,2.8,1.96,0.2,0.29,16.5,0.0,0.0,0.0,0.15,0.14,0.14,28.3,1.55,3.94,10.6,14.9,4.65,28.3,1.41,62.5,0.85,37.5,16.6,0.99,2.68,1.27,18.0,0.7,0.28,0.28,0.7,0.28,100.0,0.0,0.7,0.56,0.56,1.27,1.13,0.0,2.39,2.38,0.56,0.0,0.42,0.0,0.0,0.0,0.0,0.0,0.56,0.0,0.42,0.0,0.0,0.0,0.0,2.25,1.69,1.13,0.28,0.56,0.28,0.14,0.0,0.0,2.68,1.13,32.0,,,,,,,,,,,,,,,,,,,,,,,,,,,,,Victor Olatunji,FW,Real Salt Lake,26-090,,,,"[ 1.9798387  -0.79755134  1.59963009  1.81596593 -0.09903589 -0.9691961
  1.49753102  3.2785948  -1.78701148 -1.34138694  0.04454089 -1.17168369
 -0.55686056 -0.75156158]",-1,4.554750814628223,-2.3621508796726003
2847664019,2,2025,24,21,1856,20.6,0.49,0.34,0.83,0.49,0.0,0.0,0.24,0.0,0.47,0.47,0.22,0.68,1.65,1.12,4.37,0.48,0.34,0.82,0.48,0.82,0.47,0.22,0.68,0.47,0.68,20.6,12.1,7.82,3.5,0.19,17.9,10.0,5.0,0.39,67.5,77.8,69.9,50.0,152.1,27.8,12.1,7.82,3.5,0.19,17.9,10.0,5.0,0.39,67.5,77.8,69.9,50.0,12.1,7.82,3.5,0.19,17.9,10.0,5.0,0.39,67.5,77.8,69.9,50.0,12.1,7.82,3.5,0.19,17.9,10.0,5.0,0.39,67.5,77.8,69.9,50.0,0.34,0.15,0.12,1.17,0.53,0.44,0.05,0.49,3.01,1.36,45.2,3.01,1.36,0.16,0.36,13.9,0.0,0.0,0.0,0.16,0.02,0.02,31.3,1.5,3.98,11.7,16.2,5.39,31.3,0.58,26.1,1.55,69.6,15.4,0.87,2.72,1.07,18.9,1.12,0.24,0.63,1.12,0.24,31.3,0.53,0.73,0.49,0.34,1.46,1.5,0.05,2.23,2.23,0.05,0.05,0.15,0.0,0.1,0.0,0.49,0.48,0.05,0.05,0.15,0.0,0.1,0.0,0.0,1.65,0.83,0.34,0.34,0.34,0.63,0.0,0.0,0.0,2.38,2.72,50.5,,,,,,,,,,,,,,,,,,,,,,,,,,,,,Tani Oluwaseyi,"FW,MF",Minnesota Utd,25-203,,,,"[ 1.64660416  1.7115915   1.89317643  2.13857499  1.14518962  0.59503117
  1.68014309  1.97381363 -1.74056412 -1.50326351  0.01255178 -0.62495245
 -0.99223233 -0.68760093]",0,5.06406342169091,-0.6559226934291909
5014130316,2,2025,9,4,393,4.4,0.0,0.0,0.0,0.0,0.0,0.0,0.0,0.0,0.16,0.16,0.0,0.16,0.0,1.82,0.0,0.0,0.0,0.0,0.0,0.0,0.15,0.0,0.15,0.15,0.15,4.4,49.5,18.0,27.7,3.64,55.5,19.1,28.9,6.59,89.3,94.0,96.1,55.2,916.4,311.4,49.5,18.0,27.7,3.64,55.5,19.1,28.9,6.59,89.3,94.0,96.1,55.2,49.5,18.0,27.7,3.64,55.5,19.1,28.9,6.59,89.3,94.0,96.1,55.2,49.5,18.0,27.7,3.64,55.5,19.1,28.9,6.59,89.3,94.0,96.1,55.2,0.0,0.02,0.0,0.0,1.82,0.0,0.0,0.0,0.45,0.0,0.0,0.46,0.0,0.0,,5.6,0.0,0.0,0.0,0.34,-0.16,-0.16,69.5,11.1,40.5,28.0,1.36,1.14,69.5,0.0,,0.0,,41.4,0.0,0.23,0.23,45.2,2.05,0.68,0.91,2.05,0.68,60.0,0.45,2.73,0.91,0.91,2.95,6.82,0.0,0.45,0.46,0.0,0.0,0.0,0.0,0.0,0.0,0.0,0.0,0.0,0.0,0.0,0.0,0.0,0.0,0.0,0.68,0.45,0.0,0.0,0.91,0.91,0.0,0.0,0.0,2.95,2.5,52.4,,,,,,,,,,,,,,,,,,,,,,,,,,,,,Wyatt Omsberg,DF,NE Revolution,30-074,Wyatt Omsberg,,Standard,"[-0.68603763 -0.79755134  0.07318913  0.13839881 -1.13589047 -1.29158425
 -0.78031426 -0.93520667  0.74105216 -1.11252697 -1.30699909  0.58566672
  0.13577636  3.57644264]",-1,-2.470161366495277,-1.4807063663991056
6935400538,3,2025,26,15,1313,14.6,0.34,0.21,0.55,0.34,0.0,0.0,0.07,0.0,0.38,0.38,0.16,0.53,2.19,2.19,6.44,0.34,0.21,0.55,0.34,0.55,0.38,0.16,0.54,0.38,0.54,14.6,22.3,14.1,6.64,0.75,27.3,16.4,7.67,1.16,81.7,86.2,86.6,64.7,301.6,51.2,22.3,14.1,6.64,0.75,27.3,16.4,7.67,1.16,81.7,86.2,86.6,64.7,22.3,14.1,6.64,0.75,27.3,16.4,7.67,1.16,81.7,86.2,86.6,64.7,22.3,14.1,6.64,0.75,27.3,16.4,7.67,1.16,81.7,86.2,86.6,64.7,0.21,0.18,0.04,1.51,0.96,1.03,0.07,0.34,1.92,0.89,46.4,1.92,0.89,0.18,0.38,14.2,0.0,0.0,0.0,0.2,-0.03,-0.03,36.1,1.16,4.25,14.8,17.8,4.38,36.1,0.68,43.5,0.89,56.5,22.6,0.96,2.12,0.82,27.2,0.48,0.34,0.21,0.48,0.34,29.4,0.82,0.82,0.75,0.55,1.03,0.62,0.0,2.6,2.61,0.14,0.0,0.14,0.0,0.0,0.0,0.41,0.41,0.14,0.0,0.14,0.0,0.0,0.0,0.0,1.03,1.16,0.75,0.89,0.55,0.21,0.0,0.0,0.07,3.22,0.14,11.8,,,,,,,,,,,,,,,,,,,,,,,,,,,,,Nathan Ordaz,FW,LAFC,21-326,Nathan Ordaz,Homegrown Player,Homegrown,"[ 0.93253014  0.75221336  1.36479302  1.55787868  0.52307686 -0.10519588
  0.63252648  0.96849044 -1.06375968 -0.9059948   0.44440479 -1.45806672
 -0.57665018 -0.49571897]",0,3.2030886399385077,-0.8374795717797251
170336912,1,2025,28,25,2046,22.7,0.0,0.0,0.0,0.0,0.0,0.0,0.31,0.0,0.04,0.04,0.1,0.14,0.66,6.04,1.94,0.0,0.0,0.0,0.0,0.0,0.04,0.1,0.14,0.04,0.14,22.7,55.9,29.6,21.1,4.1,61.6,31.1,22.7,5.55,90.8,94.9,93.0,73.8,906.9,288.6,55.9,29.6,21.1,4.1,61.6,31.1,22.7,5.55,90.8,94.9,93.0,73.8,55.9,29.6,21.1,4.1,61.6,31.1,22.7,5.55,90.8,94.9,93.0,73.8,55.9,29.6,21.1,4.1,61.6,31.1,22.7,5.55,90.8,94.9,93.0,73.8,0.0,0.07,-0.1,0.93,6.17,0.53,0.04,0.0,0.57,0.18,30.8,0.57,0.18,0.0,0.0,22.5,0.0,0.0,0.0,0.07,-0.04,-0.04,69.0,1.41,17.5,41.1,11.3,0.53,69.0,0.57,38.2,0.84,55.9,42.6,0.04,0.88,0.84,54.8,1.01,0.53,0.35,1.01,0.53,46.2,0.62,0.75,0.62,0.97,1.98,0.62,0.18,2.25,2.24,0.0,0.0,0.0,0.0,0.04,0.0,0.09,0.09,0.0,0.0,0.0,0.0,0.04,0.0,0.0,1.28,0.79,0.0,0.22,0.97,0.35,0.0,0.0,0.0,4.8,0.22,38.5,,,,,,,,,,,,,,,,,,,,,,,,,,,,,Sergio Oregel,MF,Chicago Fire,20-202,Sergio Oregel,Homegrown Player,Homegrown,"[-0.68603763 -0.79755134 -0.63132208 -0.63586294 -0.09903589  0.84004616
 -0.66498032 -0.55018928  1.16571377  1.24305617 -0.77917874 -0.76814397
  0.25451412 -0.64496049]",0,-1.6768924957769322,0.24413084695320458
831451973,1,2025,27,22,1917,21.3,0.09,0.23,0.33,0.09,0.0,0.0,0.14,0.0,0.14,0.14,0.18,0.31,5.4,4.18,8.36,0.09,0.23,0.33,0.09,0.33,0.14,0.18,0.31,0.14,0.31,21.3,33.2,17.1,12.1,3.15,44.1,20.0,15.4,6.15,75.3,85.9,78.1,51.1,550.2,142.5,33.2,17.1,12.1,3.15,44.1,20.0,15.4,6.15,75.3,85.9,78.1,51.1,33.2,17.1,12.1,3.15,44.1,20.0,15.4,6.15,75.3,85.9,78.1,51.1,33.2,17.1,12.1,3.15,44.1,20.0,15.4,6.15,75.3,85.9,78.1,51.1,0.23,0.25,0.06,1.74,2.39,1.5,0.38,0.09,2.68,1.22,45.6,2.68,1.22,0.04,0.08,25.4,0.23,0.0,0.0,0.05,-0.04,-0.04,55.7,0.89,6.29,21.3,29.6,3.85,55.7,2.58,48.2,2.54,47.4,36.9,2.02,1.78,2.3,40.7,1.03,0.7,0.47,1.03,0.7,68.2,0.33,0.42,0.42,0.23,1.27,0.47,0.05,4.04,4.04,0.33,0.05,0.23,0.0,0.05,0.0,0.42,0.42,0.33,0.05,0.23,0.0,0.05,0.0,0.0,0.42,1.27,0.09,4.74,0.23,0.47,0.0,0.0,0.0,4.13,0.23,45.5,,,,,,,,,,,,,,,,,,,,,,,,,,,,,Luca Orellano,"DF,FW",FC Cincinnati,25-257,Luca Orellano,TAM Player,TAM Player,"[-0.25759322  0.89981    -0.0442294   0.00935518  0.73044778  0.67369388
  1.36297476  1.67435566 -0.34050787  0.20481336  3.01153103 -0.74210915
 -1.20991822 -1.34852768]",-1,2.774345170478191,1.5523347829381828
1355854396,1,2025,7,6,531,5.9,0.17,0.0,0.17,0.17,0.0,0.0,0.17,0.0,0.05,0.05,0.02,0.05,1.36,4.58,1.86,0.17,0.0,0.17,0.17,0.17,0.05,0.01,0.06,0.05,0.06,5.9,47.5,25.8,17.6,1.69,53.6,27.5,20.0,2.88,88.6,93.8,88.1,58.8,704.6,252.4,47.5,25.8,17.6,1.69,53.6,27.5,20.0,2.88,88.6,93.8,88.1,58.8,47.5,25.8,17.6,1.69,53.6,27.5,20.0,2.88,88.6,93.8,88.1,58.8,47.5,25.8,17.6,1.69,53.6,27.5,20.0,2.88,88.6,93.8,88.1,58.8,0.0,0.03,-0.02,0.51,3.9,0.51,0.17,0.17,0.68,0.17,25.0,0.68,0.17,0.25,1.0,17.3,0.0,0.0,0.0,0.07,0.12,0.12,63.4,4.92,22.4,31.5,10.2,1.19,63.4,0.51,60.0,0.34,40.0,33.9,0.34,1.36,0.51,40.0,1.53,0.68,1.19,1.53,0.68,66.7,0.34,1.53,0.34,0.85,2.37,3.22,0.0,2.2,2.2,0.0,0.0,0.0,0.0,0.0,0.0,0.17,0.17,0.0,0.0,0.0,0.0,0.0,0.0,0.0,1.86,1.69,0.0,0.68,0.85,1.19,0.0,0.34,0.0,4.41,1.53,60.0,,,,,,,,,,,,,,,,,,,,,,,,,,,,,Jaziel Orozco,DF,St. Louis,21-185,,,,"[ 0.12324626 -0.79755134 -0.57261281 -0.57134113 -0.92851955 -1.11362599
 -0.55925754 -0.57157913  0.60834541  0.42809139 -0.21936928 -0.09123862
  0.0170386   1.0180165 ]",0,-1.608173553419576,-0.39732171385252574
4971313713,1,2025,20,16,1393,15.5,0.06,0.0,0.06,0.06,0.0,0.0,0.39,0.0,0.02,0.02,0.01,0.02,0.06,1.48,0.06,0.06,0.0,0.06,0.06,0.06,0.02,0.01,0.02,0.02,0.02,15.5,48.1,24.1,21.7,1.74,53.6,24.9,23.2,4.45,89.7,96.6,93.3,39.1,775.7,295.5,48.1,24.1,21.7,1.74,53.6,24.9,23.2,4.45,89.7,96.6,93.3,39.1,48.1,24.1,21.7,1.74,53.6,24.9,23.2,4.45,89.7,96.6,93.3,39.1,48.1,24.1,21.7,1.74,53.6,24.9,23.2,4.45,89.7,96.6,93.3,39.1,0.0,0.02,-0.01,0.06,1.48,0.0,0.0,0.06,0.26,0.13,50.0,0.26,0.13,0.25,0.5,8.1,0.0,0.0,0.0,0.06,0.05,0.05,62.3,9.29,38.1,23.3,1.1,0.58,62.3,0.13,66.7,0.06,33.3,35.8,0.0,0.45,0.32,40.7,1.03,0.39,0.84,1.03,0.39,46.2,0.45,1.1,0.52,0.9,1.94,4.13,0.0,0.19,0.19,0.0,0.0,0.06,0.06,0.0,0.0,0.06,0.06,0.0,0.0,0.06,0.06,0.0,0.0,0.0,1.16,0.39,0.06,0.0,0.9,0.84,0.06,0.06,0.0,3.74,0.97,55.6,,,,,,,,,,,,,,,,,,,,,,,,,,,,,Pablo Ortiz,DF,Houston Dynamo,25-179,,,,"[-0.40040802 -0.79755134 -0.74874061 -0.76490657 -1.03220501 -0.00203167
 -0.96292632 -0.65713856  0.64815744 -1.30231329 -1.25901542 -0.74210915
  0.11598673  0.10124713]",0,-1.9170579131564507,-1.8822690750899707
5696826214,2,2025,24,21,1920,21.3,0.19,0.05,0.23,0.19,0.0,0.0,0.05,0.0,0.12,0.12,0.06,0.18,0.8,4.46,2.11,0.19,0.05,0.23,0.19,0.23,0.12,0.06,0.18,0.12,0.18,21.3,39.2,20.7,15.3,1.92,45.1,22.3,16.9,3.43,87.0,92.4,90.3,56.2,600.3,164.8,39.2,20.7,15.3,1.92,45.1,22.3,16.9,3.43,87.0,92.4,90.3,56.2,39.2,20.7,15.3,1.92,45.1,22.3,16.9,3.43,87.0,92.4,90.3,56.2,39.2,20.7,15.3,1.92,45.1,22.3,16.9,3.43,87.0,92.4,90.3,56.2,0.05,0.09,-0.01,0.8,3.76,0.66,0.0,0.19,0.75,0.47,62.5,0.75,0.47,0.25,0.4,16.5,0.0,0.0,0.0,0.16,0.07,0.07,53.4,2.44,12.1,28.4,13.4,1.31,53.4,0.38,61.5,0.23,38.5,31.5,0.19,1.27,0.85,36.5,1.69,0.75,0.75,1.69,0.75,57.1,0.56,0.8,0.47,0.85,2.54,1.13,0.0,1.74,1.73,0.05,0.0,0.05,0.0,0.05,0.0,0.14,0.14,0.05,0.0,0.05,0.0,0.05,0.0,0.0,0.8,1.69,0.05,0.75,0.85,0.75,0.0,0.0,0.0,4.98,0.42,40.9,,,,,,,,,,,,,,,,,,,,,,,,,,,,,Jonathan Osorio,MF,Toronto FC,33-175,Jonathan Osorio,TAM Player,TAM Player,"[ 0.21845613 -0.42855974 -0.16164794 -0.11968844 -0.51377772  0.67756254
 -0.49197941  0.07011652  0.05761239  0.36110798 -0.66721685  0.11703995
  0.0170386  -0.5383594 ]",0,-0.4860097431236283,-0.4185878160126272
9467043924,2,2025,23,13,1016,11.3,0.09,0.18,0.27,0.09,0.0,0.0,0.35,0.0,0.13,0.13,0.09,0.21,2.39,4.96,4.34,0.09,0.18,0.27,0.09,0.27,0.13,0.08,0.22,0.13,0.22,11.3,47.6,22.8,18.5,4.42,53.1,24.5,20.2,5.31,89.7,93.1,91.7,83.3,801.1,175.8,47.6,22.8,18.5,4.42,53.1,24.5,20.2,5.31,89.7,93.1,91.7,83.3,47.6,22.8,18.5,4.42,53.1,24.5,20.2,5.31,89.7,93.1,91.7,83.3,47.6,22.8,18.5,4.42,53.1,24.5,20.2,5.31,89.7,93.1,91.7,83.3,0.18,0.04,0.09,1.06,4.25,0.53,0.09,0.09,1.59,0.35,22.2,1.59,0.35,0.06,0.25,19.6,0.0,0.0,0.0,0.08,-0.04,-0.04,65.0,1.33,13.2,37.3,15.3,1.42,65.0,1.59,54.5,1.15,39.4,40.2,0.44,2.3,1.33,47.3,3.27,1.77,1.59,3.27,1.77,57.1,1.33,0.71,0.62,1.06,4.34,0.8,0.09,3.1,3.1,0.09,0.09,0.09,0.09,0.09,0.0,0.35,0.35,0.09,0.09,0.09,0.09,0.09,0.0,0.0,1.95,1.68,0.0,0.62,1.06,1.59,0.09,0.0,0.0,5.84,0.09,20.0,,,,,,,,,,,,,,,,,,,,,,,,,,,,,Tomáš Ostrák,MF,St. Louis,25-302,,,,"[-0.25759322  0.5308184  -0.10293867 -0.05516663 -0.20272134 -0.48819299
  0.31535816 -0.18656174  0.61498075  0.64020551  0.60435035  2.1737908
  0.43262075 -0.73024136]",0,-0.5024895978493623,1.484416604386178
9912545703,2,2025,34,32,2818,31.3,0.42,0.1,0.51,0.32,0.1,0.13,0.13,0.0,0.55,0.45,0.13,0.58,1.76,2.01,5.91,0.42,0.1,0.51,0.32,0.42,0.55,0.13,0.68,0.45,0.58,31.3,13.3,7.67,4.28,0.38,20.4,10.8,5.72,0.73,65.2,70.8,74.9,52.2,180.6,38.5,13.3,7.67,4.28,0.38,20.4,10.8,5.72,0.73,65.2,70.8,74.9,52.2,13.3,7.67,4.28,0.38,20.4,10.8,5.72,0.73,65.2,70.8,74.9,52.2,13.3,7.67,4.28,0.38,20.4,10.8,5.72,0.73,65.2,70.8,74.9,52.2,0.1,0.12,-0.04,1.28,0.73,0.8,0.0,0.42,2.52,1.12,44.3,2.52,1.12,0.13,0.29,12.8,0.0,0.1,0.13,0.18,-0.14,-0.13,32.3,1.37,2.11,14.5,16.3,5.27,32.2,0.99,51.7,0.8,41.7,19.0,1.02,3.39,1.98,24.7,0.8,0.16,0.48,0.8,0.16,33.3,0.32,0.38,0.22,0.13,0.93,1.15,0.0,2.33,2.33,0.16,0.06,0.19,0.03,0.06,0.0,0.32,0.32,0.16,0.06,0.19,0.03,0.06,0.0,0.0,2.14,1.98,0.8,0.32,0.13,0.48,0.06,0.0,0.0,2.68,2.11,45.2,,,,,,,,,,,,,,,,,,,,,,,,,,,,,Prince Owusu,FW,CF Montréal,28-331,Prince Owusu,TAM Player,TAM Player,"[ 1.31336962 -0.05956815  2.36285057  2.00953137  0.21202049  1.83558075
  1.20919617  1.46045711 -1.66094007 -1.00646991  0.10052184 -1.04150959
 -1.40781448 -1.43380855]",0,4.435596887328366,-1.717207693502919
311282469,1,2025,5,4,286,3.2,0.0,0.0,0.0,0.0,0.0,0.0,0.94,0.0,0.03,0.03,0.03,0.06,0.63,5.63,0.31,0.0,0.0,0.0,0.0,0.0,0.04,0.03,0.08,0.04,0.08,3.2,42.2,20.3,16.9,3.44,51.3,22.8,19.1,4.06,82.3,89.0,88.5,84.6,702.5,205.9,42.2,20.3,16.9,3.44,51.3,22.8,19.1,4.06,82.3,89.0,88.5,84.6,42.2,20.3,16.9,3.44,51.3,22.8,19.1,4.06,82.3,89.0,88.5,84.6,42.2,20.3,16.9,3.44,51.3,22.8,19.1,4.06,82.3,89.0,88.5,84.6,0.0,0.03,-0.03,0.94,4.38,1.25,0.0,0.0,1.56,0.31,20.0,1.57,0.31,0.0,0.0,28.1,0.0,0.0,0.0,0.03,-0.03,-0.03,63.4,2.5,20.0,36.3,8.13,0.94,63.4,0.31,25.0,0.94,75.0,31.6,0.31,2.19,0.94,35.6,1.88,1.25,1.25,1.88,1.25,30.8,2.81,1.56,1.56,1.88,3.75,1.56,0.63,1.56,1.58,0.0,0.0,0.0,0.0,0.0,0.0,0.0,0.0,0.0,0.0,0.0,0.0,0.0,0.0,0.0,2.19,0.94,0.0,0.31,1.88,1.25,0.0,0.0,0.0,7.19,1.25,44.4,,,,,,,,,,,,,,,,,,,,,,,,,,,,,Allan Oyirwoth,MF,NE Revolution,18-315,Allan Oyirwoth,,Standard,"[-0.68603763 -0.79755134 -0.69003135 -0.70038476 -0.8248341  -1.42956637
  0.28652467 -0.27212116  0.25667251  1.0141962  -0.80317057  0.36437075
  2.05537009  1.08197715]",0,-2.2249609136824193,0.11736832113607187
564078298,1,2025,10,9,748,8.3,0.0,0.12,0.12,0.0,0.0,0.0,0.0,0.0,0.02,0.02,0.04,0.06,2.53,2.53,3.61,0.0,0.12,0.12,0.0,0.12,0.02,0.04,0.06,0.02,0.06,8.3,34.8,15.9,15.9,2.05,46.5,18.1,19.9,6.27,74.9,88.0,80.0,32.7,568.9,198.1,34.8,15.9,15.9,2.05,46.5,18.1,19.9,6.27,74.9,88.0,80.0,32.7,34.8,15.9,15.9,2.05,46.5,18.1,19.9,6.27,74.9,88.0,80.0,32.7,34.8,15.9,15.9,2.05,46.5,18.1,19.9,6.27,74.9,88.0,80.0,32.7,0.12,0.07,0.08,0.84,2.41,0.48,0.24,0.0,0.24,0.12,50.0,0.24,0.12,0.0,0.0,17.4,0.0,0.0,0.0,0.09,-0.02,-0.02,57.6,3.49,15.5,24.9,17.5,0.96,57.6,0.6,41.7,0.84,58.3,26.3,0.24,1.33,0.6,31.2,2.41,1.57,1.33,2.41,1.57,68.4,0.72,0.72,0.72,1.08,3.49,2.53,0.0,2.05,2.05,0.12,0.0,0.0,0.0,0.0,0.0,0.24,0.24,0.12,0.0,0.0,0.0,0.0,0.0,0.0,0.72,1.45,0.12,3.01,1.08,1.33,0.0,0.0,0.0,3.49,0.48,44.4,,,,,,,,,,,,,,,,,,,,,,,,,,,,,Devin Padelford,DF,St. Louis,22-335,Devin Padelford,Homegrown Player,Homegrown,"[-0.68603763  0.08802849 -0.74874061 -0.76490657 -0.72114864 -0.83379308
 -0.98214865 -0.67852841 -0.23434247 -0.71620848  0.71631224  1.0542935
  0.4722     -0.70892115]",0,-1.4349536414476716,-0.10674158378174176
564078298,2,2025,10,9,748,8.3,0.0,0.12,0.12,0.0,0.0,0.0,0.0,0.0,0.02,0.02,0.04,0.06,2.53,2.53,3.61,0.0,0.12,0.12,0.0,0.12,0.02,0.04,0.06,0.02,0.06,8.3,34.8,15.9,15.9,2.05,46.5,18.1,19.9,6.27,74.9,88.0,80.0,32.7,568.9,198.1,34.8,15.9,15.9,2.05,46.5,18.1,19.9,6.27,74.9,88.0,80.0,32.7,34.8,15.9,15.9,2.05,46.5,18.1,19.9,6.27,74.9,88.0,80.0,32.7,34.8,15.9,15.9,2.05,46.5,18.1,19.9,6.27,74.9,88.0,80.0,32.7,0.12,0.07,0.08,0.84,2.41,0.48,0.24,0.0,0.24,0.12,50.0,0.24,0.12,0.0,0.0,17.4,0.0,0.0,0.0,0.09,-0.02,-0.02,57.6,3.49,15.5,24.9,17.5,0.96,57.6,0.6,41.7,0.84,58.3,26.3,0.24,1.33,0.6,31.2,2.41,1.57,1.33,2.41,1.57,68.4,0.72,0.72,0.72,1.08,3.49,2.53,0.0,2.05,2.05,0.12,0.0,0.0,0.0,0.0,0.0,0.24,0.24,0.12,0.0,0.0,0.0,0.0,0.0,0.0,0.72,1.45,0.12,3.01,1.08,1.33,0.0,0.0,0.0,3.49,0.48,44.4,,,,,,,,,,,,,,,,,,,,,,,,,,,,,Devin Padelford,DF,St. Louis,22-335,Devin Padelford,Homegrown Player,Homegrown,"[-0.68603763  0.08802849 -0.74874061 -0.76490657 -0.72114864 -0.83379308
 -0.98214865 -0.67852841 -0.23434247 -0.71620848  0.71631224  1.0542935
  0.4722     -0.70892115]",0,-1.4349536414476716,-0.10674158378174176
723898985,1,2025,25,22,1974,21.9,0.46,0.09,0.55,0.37,0.09,0.09,0.14,0.0,0.45,0.38,0.08,0.46,4.7,2.65,11.4,0.46,0.09,0.55,0.36,0.46,0.45,0.08,0.52,0.38,0.45,21.9,24.2,14.4,7.35,1.6,31.1,16.7,9.27,2.69,77.7,86.3,79.3,59.3,363.7,65.5,24.2,14.4,7.35,1.6,31.1,16.7,9.27,2.69,77.7,86.3,79.3,59.3,24.2,14.4,7.35,1.6,31.1,16.7,9.27,2.69,77.7,86.3,79.3,59.3,24.2,14.4,7.35,1.6,31.1,16.7,9.27,2.69,77.7,86.3,79.3,59.3,0.09,0.11,0.01,0.96,1.14,1.37,0.14,0.46,2.69,1.37,50.8,2.69,1.37,0.14,0.27,16.6,0.0,0.09,0.09,0.14,0.01,-0.01,43.0,0.41,3.33,12.1,28.8,6.53,42.9,2.56,45.9,2.65,47.5,30.8,2.97,2.51,1.28,33.0,0.73,0.32,0.5,0.73,0.32,43.8,0.41,0.5,0.5,0.23,0.96,0.23,0.05,3.42,3.42,0.87,0.14,0.32,0.05,0.0,0.0,0.59,0.59,0.87,0.14,0.32,0.05,0.0,0.0,0.0,1.19,2.92,0.59,2.01,0.23,0.5,0.05,0.0,0.0,3.61,0.18,57.1,,,,,,,,,,,,,,,,,,,,,,,,,,,,,Joseph Paintsil,FW,LA Galaxy,27-306,Joseph Paintsil,Designated Player,Designated Player,"[ 1.50378935 -0.13336647  1.77575789  1.55787868 -0.3064068   0.74719837
  1.37258592  1.99520349 -0.93768826 -0.64922507  2.45172157 -1.13263146
 -1.20991822 -1.17796594]",-1,4.391772157525885,-0.7021545887486437
6428518179,1,2025,10,6,589,6.5,0.0,0.0,0.0,0.0,0.0,0.0,0.15,0.0,0.05,0.05,0.02,0.06,0.77,4.62,0.46,0.0,0.0,0.0,0.0,0.0,0.04,0.01,0.05,0.04,0.05,6.5,48.5,19.7,21.1,6.92,55.5,21.5,22.8,9.54,87.3,91.4,92.6,72.6,952.9,233.5,48.5,19.7,21.1,6.92,55.5,21.5,22.8,9.54,87.3,91.4,92.6,72.6,48.5,19.7,21.1,6.92,55.5,21.5,22.8,9.54,87.3,91.4,92.6,72.6,48.5,19.7,21.1,6.92,55.5,21.5,22.8,9.54,87.3,91.4,92.6,72.6,0.0,0.03,-0.02,0.62,5.69,0.15,0.0,0.0,1.38,0.31,22.2,1.38,0.31,0.0,0.0,29.0,0.0,0.0,0.0,0.03,-0.05,-0.05,65.8,2.31,15.4,42.3,8.31,0.31,65.8,0.46,50.0,0.46,50.0,37.1,0.0,1.54,0.46,47.4,2.31,0.92,1.23,2.31,0.92,40.0,1.38,0.62,0.15,1.38,3.69,1.38,0.15,1.38,1.38,0.0,0.0,0.0,0.0,0.0,0.0,0.15,0.15,0.0,0.0,0.0,0.0,0.0,0.0,0.0,1.69,0.77,0.0,0.0,1.38,1.23,0.0,0.15,0.0,3.69,1.08,53.8,,,,,,,,,,,,,,,,,,,,,,,,,,,,,Nelson Palacio,MF,Real Salt Lake,24-171,Nelson Palacio,U22 Initiative,U22 Initiative,"[-0.68603763 -0.79755134 -0.57261281 -0.57134113 -0.92851955 -1.03883194
  0.11352376 -0.27212116  0.67469879  0.45041919 -0.69120868  0.9241194
  1.06588879 -0.92212332]",0,-1.701802924958285,-0.1715023397352632
4554629810,1,2025,22,21,1829,20.3,0.1,0.0,0.1,0.1,0.0,0.0,0.15,0.0,0.06,0.06,0.06,0.12,0.54,3.3,0.15,0.1,0.0,0.1,0.1,0.1,0.06,0.06,0.12,0.06,0.12,20.3,59.7,19.8,33.9,5.62,65.7,21.3,35.6,7.49,90.9,92.8,95.4,75.0,1146.0,417.7,59.7,19.8,33.9,5.62,65.7,21.3,35.6,7.49,90.9,92.8,95.4,75.0,59.7,19.8,33.9,5.62,65.7,21.3,35.6,7.49,90.9,92.8,95.4,75.0,59.7,19.8,33.9,5.62,65.7,21.3,35.6,7.49,90.9,92.8,95.4,75.0,0.0,0.01,-0.06,0.2,3.6,0.05,0.0,0.1,0.79,0.2,25.0,0.79,0.2,0.13,0.5,11.1,0.0,0.0,0.0,0.07,0.04,0.04,77.0,11.0,41.3,32.8,3.35,1.08,77.0,0.1,66.7,0.0,0.0,44.5,0.0,0.39,0.2,54.2,2.36,1.13,1.63,2.36,1.13,85.2,0.2,0.99,0.39,0.84,3.2,5.37,0.0,1.08,1.08,0.0,0.0,0.0,0.0,0.0,0.0,0.1,0.1,0.0,0.0,0.0,0.0,0.0,0.0,0.0,0.64,0.84,0.0,0.1,0.84,1.63,0.0,0.0,0.05,4.14,1.82,56.9,,,,,,,,,,,,,,,,,,,,,,,,,,,,,Jeison Palacios,DF,Nashville SC,31-259,,,,"[-0.20998828 -0.79755134 -0.51390354 -0.50681932 -0.51377772  0.56021325
 -0.45353476 -0.50740957  1.4178566  -0.28639829 -0.87514607  0.98920645
 -0.00275102 -0.13327526]",0,-1.7760044257833636,-0.31383409956608926
7320396486,2,2025,33,32,2809,31.2,0.03,0.06,0.1,0.03,0.0,0.0,0.16,0.0,0.05,0.05,0.13,0.19,1.99,4.81,5.64,0.03,0.06,0.1,0.03,0.1,0.05,0.14,0.19,0.05,0.19,31.2,54.6,29.0,22.1,2.56,65.7,31.3,25.8,5.61,83.1,92.6,85.8,45.7,846.9,284.4,54.6,29.0,22.1,2.56,65.7,31.3,25.8,5.61,83.1,92.6,85.8,45.7,54.6,29.0,22.1,2.56,65.7,31.3,25.8,5.61,83.1,92.6,85.8,45.7,54.6,29.0,22.1,2.56,65.7,31.3,25.8,5.61,83.1,92.6,85.8,45.7,0.06,0.13,-0.07,1.22,4.13,1.28,0.45,0.03,0.38,0.1,25.0,0.38,0.1,0.08,0.33,14.8,0.0,0.0,0.0,0.13,-0.02,-0.02,76.6,3.11,18.8,36.6,21.6,1.6,76.6,0.61,37.3,0.87,52.9,42.2,0.32,0.8,0.51,52.4,2.76,1.54,1.57,2.76,1.54,58.5,1.09,1.54,1.19,0.99,3.75,2.56,0.03,1.92,1.92,0.03,0.03,0.06,0.0,0.03,0.0,0.22,0.22,0.03,0.03,0.06,0.0,0.03,0.0,0.0,1.96,1.15,0.0,2.18,0.99,1.57,0.0,0.0,0.03,4.01,0.74,40.4,,,,,,,,,,,,,,,,,,,,,,,,,,,,,Sergi Palencia,"DF,MF",LAFC,29-256,Sergi Palencia,,Standard,"[-0.54322282 -0.35476143 -0.57261281 -0.57134113  0.21202049  1.82397478
 -0.84759239 -0.72130812  1.07945438  0.55647625  0.28445923  1.50990287
  0.29409337  1.03933672]",0,-2.047305714121115,1.2853445073895724
9872245223,1,2025,29,8,1016,11.3,0.18,0.0,0.18,0.18,0.0,0.0,0.62,0.0,0.06,0.06,0.06,0.13,0.53,6.02,2.21,0.18,0.0,0.18,0.18,0.18,0.07,0.06,0.13,0.07,0.13,11.3,42.7,20.0,17.3,3.72,52.7,23.1,20.0,6.55,81.0,86.6,86.7,56.8,717.0,232.1,42.7,20.0,17.3,3.72,52.7,23.1,20.0,6.55,81.0,86.6,86.7,56.8,42.7,20.0,17.3,3.72,52.7,23.1,20.0,6.55,81.0,86.6,86.7,56.8,42.7,20.0,17.3,3.72,52.7,23.1,20.0,6.55,81.0,86.6,86.7,56.8,0.0,0.05,-0.06,1.33,5.22,0.88,0.0,0.18,0.71,0.18,25.0,0.71,0.18,0.25,1.0,14.6,0.0,0.0,0.0,0.09,0.12,0.12,64.1,3.45,15.0,36.5,13.4,1.5,64.1,0.8,60.0,0.53,40.0,36.8,0.18,1.15,0.71,42.7,2.57,1.24,1.24,2.57,1.24,37.8,2.04,1.24,0.8,1.59,4.16,1.86,0.0,2.92,2.92,0.18,0.0,0.09,0.0,0.0,0.0,0.18,0.18,0.18,0.0,0.09,0.0,0.0,0.0,0.0,2.04,1.77,0.09,0.71,1.59,1.24,0.0,0.0,0.0,5.04,1.33,53.6,,,,,,,,,,,,,,,,,,,,,,,,,,,,,Cristhian Paredes,MF,Portland Timbers,27-200,Cristhian Paredes,,Standard,"[ 0.17085119 -0.79755134 -0.51390354 -0.50681932 -0.51377772 -0.48819299
 -0.53042406 -0.55018928  0.2898492   1.23189227 -0.88314335  1.26257207
  1.48147093  0.39973018]",0,-2.049756265650471,0.4160414314437705
9022353102,2,2025,25,9,1050,11.7,0.0,0.09,0.09,0.0,0.0,0.0,0.6,0.09,0.02,0.02,0.05,0.07,1.03,6.41,1.03,0.0,0.09,0.09,0.0,0.09,0.02,0.05,0.07,0.02,0.07,11.7,58.6,27.7,23.4,5.73,66.7,29.2,26.3,8.29,87.9,94.7,89.0,69.1,1018.5,249.7,58.6,27.7,23.4,5.73,66.7,29.2,26.3,8.29,87.9,94.7,89.0,69.1,58.6,27.7,23.4,5.73,66.7,29.2,26.3,8.29,87.9,94.7,89.0,69.1,58.6,27.7,23.4,5.73,66.7,29.2,26.3,8.29,87.9,94.7,89.0,69.1,0.09,0.09,0.03,1.03,7.69,0.43,0.09,0.0,0.6,0.09,14.3,0.6,0.09,0.0,0.0,22.7,0.0,0.0,0.0,0.03,-0.02,-0.02,74.8,2.31,15.2,45.3,15.1,0.43,74.8,0.43,55.6,0.34,44.4,41.1,0.0,0.85,0.77,55.3,1.71,0.85,1.03,1.71,0.85,47.6,0.94,1.03,0.6,0.94,2.65,0.68,0.09,2.22,2.23,0.09,0.0,0.09,0.0,0.0,0.0,0.09,0.09,0.09,0.0,0.09,0.0,0.0,0.0,0.09,0.94,1.54,0.0,1.11,0.94,1.03,0.0,0.0,0.0,5.81,0.77,45.0,,,,,,,,,,,,,,,,,,,,,,,,,,,,,Isaiah Parente,MF,LA Galaxy,25-263,Isaiah Parente,Homegrown Player,Homegrown,"[-0.68603763 -0.13336647 -0.74874061 -0.76490657 -0.61746318 -0.44434821
 -0.63614683 -0.74269798  1.34486789  1.44958834 -0.48327945  0.14307477
  0.19514524 -0.04799439]",0,-2.0952816539630827,0.8084442598283905
9300931803,4,2025,13,10,867,9.6,0.1,0.0,0.1,0.1,0.0,0.0,0.21,0.0,0.1,0.1,0.02,0.13,0.52,4.79,0.21,0.1,0.0,0.1,0.1,0.1,0.11,0.02,0.13,0.11,0.13,9.6,61.1,17.9,38.6,3.96,68.8,19.5,41.3,6.88,88.9,92.0,93.7,57.6,1186.9,453.3,61.1,17.9,38.6,3.96,68.8,19.5,41.3,6.88,88.9,92.0,93.7,57.6,61.1,17.9,38.6,3.96,68.8,19.5,41.3,6.88,88.9,92.0,93.7,57.6,61.1,17.9,38.6,3.96,68.8,19.5,41.3,6.88,88.9,92.0,93.7,57.6,0.0,0.02,-0.02,0.31,5.73,0.1,0.0,0.1,0.42,0.1,25.0,0.42,0.1,0.25,1.0,12.7,0.0,0.0,0.0,0.26,0.0,0.0,79.8,8.96,41.3,36.3,2.4,0.73,79.8,0.0,,0.0,,51.0,0.0,0.63,0.0,55.7,1.46,0.73,1.15,1.46,0.73,70.0,0.31,0.52,0.21,0.31,1.77,6.56,0.0,0.83,0.83,0.0,0.0,0.0,0.0,0.0,0.0,0.0,0.0,0.0,0.0,0.0,0.0,0.0,0.0,0.0,0.63,0.52,0.0,0.0,0.31,1.15,0.0,0.0,0.0,4.38,3.65,58.3,,,,,,,,,,,,,,,,,,,,,,,,,,,,,Tim Parker,DF,NY Red Bulls,32-284,Tim Parker,,Standard,"[-0.20998828 -0.79755134 -0.27906647 -0.24873207 -0.92851955 -0.68033633
 -0.80914774 -0.72130812  1.51075133  0.54531235 -0.89114063 -0.18236049
 -1.05160121 -1.1353255 ]",0,-1.2889377922994094,-0.6424380110589216
2646497465,1,2025,14,10,880,9.8,0.1,0.2,0.31,0.1,0.0,0.0,0.31,0.0,0.15,0.15,0.12,0.28,1.53,6.63,2.45,0.1,0.2,0.31,0.1,0.31,0.16,0.12,0.28,0.16,0.28,9.8,49.8,26.1,18.6,4.08,60.8,30.7,22.1,5.31,81.9,85.0,83.9,76.9,802.4,261.5,49.8,26.1,18.6,4.08,60.8,30.7,22.1,5.31,81.9,85.0,83.9,76.9,49.8,26.1,18.6,4.08,60.8,30.7,22.1,5.31,81.9,85.0,83.9,76.9,49.8,26.1,18.6,4.08,60.8,30.7,22.1,5.31,81.9,85.0,83.9,76.9,0.2,0.11,0.08,1.43,6.84,0.71,0.0,0.1,1.02,0.61,60.0,1.02,0.61,0.1,0.17,13.1,0.0,0.0,0.0,0.15,-0.05,-0.05,73.6,3.98,19.8,40.2,14.6,2.76,73.6,0.82,40.0,1.02,50.0,38.2,0.1,1.33,0.71,50.7,2.24,1.73,1.22,2.24,1.73,73.9,0.61,1.22,0.82,1.22,3.47,2.96,0.1,3.98,3.99,0.31,0.0,0.2,0.0,0.1,0.0,0.41,0.41,0.31,0.0,0.2,0.0,0.1,0.0,0.0,1.84,1.33,0.0,0.31,1.22,1.22,0.0,0.0,0.1,6.02,1.84,72.0,,,,,,,,,,,,,,,,,,,,,,,,,,,,,Keaton Parks,MF,NYCFC,28-120,Keaton Parks,TAM Player,TAM Player,"[-0.20998828  0.67841504  0.01447986  0.07387699  0.10833503 -0.66357214
 -0.23247805  0.36957449  0.76095818  1.57239126 -0.08341555  0.83299752
  0.74925477  0.35708975]",0,-0.6005867965729732,1.647247179987261
6282396122,1,2025,33,32,2568,28.5,0.42,0.18,0.6,0.42,0.0,0.0,0.11,0.0,0.28,0.28,0.2,0.48,3.05,4.81,6.88,0.42,0.18,0.6,0.42,0.6,0.28,0.19,0.48,0.28,0.48,28.5,24.9,12.5,8.28,2.98,31.7,14.3,10.3,4.6,78.5,87.5,80.5,64.9,424.9,128.3,24.9,12.5,8.28,2.98,31.7,14.3,10.3,4.6,78.5,87.5,80.5,64.9,24.9,12.5,8.28,2.98,31.7,14.3,10.3,4.6,78.5,87.5,80.5,64.9,24.9,12.5,8.28,2.98,31.7,14.3,10.3,4.6,78.5,87.5,80.5,64.9,0.18,0.17,-0.02,1.58,2.67,2.0,0.28,0.42,3.58,1.44,40.2,3.57,1.44,0.12,0.29,20.6,0.0,0.0,0.0,0.08,0.14,0.14,44.0,0.77,4.98,18.1,21.7,3.12,44.0,1.96,52.3,1.65,43.9,29.1,1.16,2.14,1.23,32.8,0.84,0.28,0.53,0.84,0.28,25.8,0.81,1.12,1.12,0.46,1.3,0.81,0.0,3.58,3.57,0.25,0.0,0.11,0.04,0.0,0.0,0.32,0.32,0.25,0.0,0.11,0.04,0.0,0.0,0.0,0.7,0.67,0.18,1.54,0.46,0.53,0.0,0.04,0.0,3.26,0.07,11.8,,,,,,,,,,,,,,,,,,,,,,,,,,,,,Marco Pašalić,"MF,FW",Orlando City,25-081,Marco Pašalić,Designated Player,Designated Player,"[ 1.31336962  0.5308184   0.77770034  0.91266056  0.9378187   1.51319261
  2.22797929  2.14493247 -0.8912409   0.55647625  1.1321707  -0.98943994
 -0.75475682  0.14388757]",-1,3.7360583552107727,0.7868682546799695
2386238280,1,2025,11,6,479,5.3,0.0,0.0,0.0,0.0,0.0,0.0,0.57,0.0,0.04,0.04,0.04,0.06,0.75,4.53,0.38,0.0,0.0,0.0,0.0,0.0,0.03,0.03,0.06,0.03,0.06,5.3,78.1,40.9,28.5,5.66,89.6,43.2,31.3,10.0,87.2,94.8,91.0,56.6,1248.3,333.8,78.1,40.9,28.5,5.66,89.6,43.2,31.3,10.0,87.2,94.8,91.0,56.6,78.1,40.9,28.5,5.66,89.6,43.2,31.3,10.0,87.2,94.8,91.0,56.6,78.1,40.9,28.5,5.66,89.6,43.2,31.3,10.0,87.2,94.8,91.0,56.6,0.0,0.09,-0.04,0.75,7.36,0.94,0.19,0.0,0.75,0.0,0.0,0.75,0.0,0.0,,22.8,0.0,0.0,0.0,0.04,-0.04,-0.04,102.1,2.64,22.5,68.3,11.9,0.0,102.1,0.38,25.0,0.75,50.0,53.6,0.0,1.32,1.32,74.5,3.4,1.32,1.89,3.4,1.32,58.3,0.94,2.08,1.7,2.08,5.47,1.32,0.19,2.45,2.44,0.0,0.0,0.0,0.0,0.19,0.0,0.19,0.19,0.0,0.0,0.0,0.0,0.19,0.0,0.0,1.32,3.4,0.0,1.13,2.08,1.89,0.0,0.19,0.0,8.68,0.0,0.0,,,,,,,,,,,,,,,,,,,,,,,,,,,,,João Paulo Mior,MF,Seattle Sounders,34-271,,,,"[-0.68603763 -0.79755134 -0.63132208 -0.63586294 -0.72114864 -1.18068273
 -0.49197941 -0.93520667  2.63875873  0.40018163 -0.70720324  2.34301714
  2.45116261  2.19062848]",-1,-3.9777655278767345,1.0474723048577568
3423101907,2,2025,21,9,911,10.1,0.0,0.1,0.1,0.0,0.0,0.0,0.2,0.0,0.12,0.12,0.18,0.31,3.27,2.08,9.9,0.0,0.1,0.1,0.0,0.1,0.12,0.18,0.3,0.12,0.3,10.1,26.3,10.9,10.9,4.36,40.7,13.0,15.8,9.6,64.7,84.0,68.8,45.4,496.3,167.0,26.3,10.9,10.9,4.36,40.7,13.0,15.8,9.6,64.7,84.0,68.8,45.4,26.3,10.9,10.9,4.36,40.7,13.0,15.8,9.6,64.7,84.0,68.8,45.4,26.3,10.9,10.9,4.36,40.7,13.0,15.8,9.6,64.7,84.0,68.8,45.4,0.1,0.23,-0.08,1.39,1.58,1.49,0.99,0.0,2.28,1.09,47.8,2.27,1.09,0.0,0.0,22.6,0.4,0.0,0.0,0.05,-0.12,-0.12,52.5,1.58,10.1,19.1,23.9,1.49,52.5,0.0,0.0,0.79,100.0,25.4,0.69,1.49,0.1,31.9,1.19,0.59,0.59,1.19,0.59,66.7,0.3,1.29,1.09,0.99,2.18,3.17,0.0,2.57,2.57,0.0,0.0,0.1,0.0,0.1,0.0,0.1,0.1,0.0,0.0,0.1,0.0,0.1,0.0,0.0,1.09,0.99,0.1,8.51,0.99,0.59,0.0,0.0,0.0,2.28,0.5,38.5,,,,,,,,,,,,,,,,,,,,,,,,,,,,,Tom Pearce,"MF,DF",CF Montréal,27-236,Tom Pearce,,Standard,"[-0.68603763 -0.05956815 -0.16164794 -0.11968844  0.73044778 -0.62359601
  0.9785283   1.39628754 -0.79834617 -0.96739626  1.30811082 -0.53383058
  0.29409337  0.50633127]",0,1.1667857761366063,0.04303543754616349
9646333244,1,2025,23,9,935,10.4,0.19,0.29,0.48,0.19,0.0,0.0,0.19,0.0,0.2,0.2,0.26,0.46,2.69,5.0,5.0,0.19,0.29,0.48,0.19,0.48,0.21,0.26,0.47,0.21,0.47,10.4,28.2,16.5,8.08,2.69,38.8,18.8,10.9,5.38,72.5,87.8,74.3,50.0,449.0,163.8,28.2,16.5,8.08,2.69,38.8,18.8,10.9,5.38,72.5,87.8,74.3,50.0,28.2,16.5,8.08,2.69,38.8,18.8,10.9,5.38,72.5,87.8,74.3,50.0,28.2,16.5,8.08,2.69,38.8,18.8,10.9,5.38,72.5,87.8,74.3,50.0,0.29,0.2,0.03,1.35,2.79,1.73,0.19,0.19,1.35,0.58,42.9,1.35,0.58,0.14,0.33,15.2,0.0,0.0,0.0,0.15,-0.01,-0.01,50.2,1.54,9.04,22.0,20.3,3.65,50.2,2.31,54.5,1.63,38.6,27.5,0.77,2.5,2.02,34.6,1.73,0.38,1.35,1.73,0.38,20.0,1.54,0.96,0.77,0.48,2.21,0.58,0.0,3.37,3.37,0.29,0.0,0.1,0.0,0.0,0.0,0.48,0.48,0.29,0.0,0.1,0.0,0.0,0.0,0.0,1.15,1.15,0.0,2.79,0.48,1.35,0.0,0.0,0.0,5.0,0.29,20.0,,,,,,,,,,,,,,,,,,,,,,,,,,,,,Pedrinho,"FW,MF",FC Dallas,22-230,Pedrinho,,Standard,"[ 0.21845613  1.34259991  0.3080262   0.39648606  1.55993145 -0.59264675
  0.08469028  0.30540493 -0.67227476  0.66253331  0.84426869  0.16910959
 -0.71517756 -0.19723592]",0,1.6164409528867467,1.6344401978916012
1600319785,1,2025,24,21,1693,18.8,0.16,0.16,0.32,0.16,0.0,0.0,0.16,0.0,0.13,0.13,0.13,0.26,2.07,4.47,6.76,0.16,0.16,0.32,0.16,0.32,0.13,0.14,0.26,0.13,0.26,18.8,31.8,19.0,9.31,2.29,43.1,22.1,12.7,4.63,73.6,86.1,73.5,49.4,473.5,127.8,31.8,19.0,9.31,2.29,43.1,22.1,12.7,4.63,73.6,86.1,73.5,49.4,31.8,19.0,9.31,2.29,43.1,22.1,12.7,4.63,73.6,86.1,73.5,49.4,31.8,19.0,9.31,2.29,43.1,22.1,12.7,4.63,73.6,86.1,73.5,49.4,0.16,0.13,0.03,1.28,2.77,1.22,0.16,0.16,1.38,0.43,30.8,1.38,0.43,0.12,0.38,19.6,0.05,0.0,0.0,0.09,0.03,0.03,54.7,0.96,6.81,25.3,23.6,2.66,54.7,1.38,47.3,1.38,47.3,29.4,0.8,1.91,1.44,36.5,2.5,0.8,1.7,2.5,0.8,39.5,1.22,1.22,1.17,0.69,3.19,0.74,0.0,2.87,2.87,0.32,0.11,0.11,0.05,0.0,0.0,0.37,0.37,0.32,0.11,0.11,0.05,0.0,0.0,0.0,1.22,1.12,0.11,2.87,0.69,1.7,0.05,0.0,0.0,4.63,0.74,37.8,,,,,,,,,,,,,,,,,,,,,,,,,,,,,Peglow,"FW,MF",D.C. United,23-331,,,,"[ 0.07564132  0.38322176 -0.10293867 -0.05516663  0.21202049  0.3848341
  0.11352376 -0.0154429  -0.4334026   0.36668993  0.34843746  1.1714502
 -0.29959542  0.35708975]",0,0.07854071431299825,0.8244795698824676
931088896,2,2025,7,4,328,3.6,0.83,0.83,1.67,0.83,0.0,0.0,0.0,0.0,0.89,0.89,0.14,1.03,1.67,1.11,6.67,0.82,0.82,1.65,0.82,1.65,0.89,0.14,1.03,0.89,1.03,3.6,15.8,9.44,4.44,0.56,21.1,11.7,5.83,0.83,75.0,81.0,76.2,66.7,217.2,46.1,15.8,9.44,4.44,0.56,21.1,11.7,5.83,0.83,75.0,81.0,76.2,66.7,15.8,9.44,4.44,0.56,21.1,11.7,5.83,0.83,75.0,81.0,76.2,66.7,15.8,9.44,4.44,0.56,21.1,11.7,5.83,0.83,75.0,81.0,76.2,66.7,0.83,0.14,0.69,0.83,0.56,0.56,0.0,0.83,3.33,1.39,41.7,3.29,1.37,0.25,0.6,13.5,0.28,0.0,0.0,0.27,-0.06,-0.06,31.7,0.28,2.78,10.0,18.9,6.67,31.7,0.28,16.7,1.39,83.3,18.1,1.94,2.78,0.83,25.3,1.11,0.28,0.83,1.11,0.28,100.0,0.0,0.28,0.28,0.28,1.39,0.28,0.0,1.67,1.65,0.0,0.0,0.28,0.28,0.0,0.0,0.83,0.82,0.0,0.0,0.28,0.28,0.0,0.0,0.0,0.56,1.39,0.56,0.83,0.28,0.83,0.28,0.0,0.0,1.67,0.28,33.3,,,,,,,,,,,,,,,,,,,,,,,,,,,,,Amahl Pellegrino,"MF,FW",SJ Earthquakes,35-169,Amahl Pellegrino,TAM Player,TAM Player,"[ 3.26517193  5.32770913  4.35896567  4.84849112  0.31570595 -1.37540517
  1.98770026  2.0379832  -1.49505663 -1.50884546  0.02854634 -0.63796986
 -1.11097009 -1.64701073]",-1,8.31969061337519,-0.13595681889631642
931088896,3,2025,7,4,328,3.6,0.83,0.83,1.67,0.83,0.0,0.0,0.0,0.0,0.89,0.89,0.14,1.03,1.67,1.11,6.67,0.82,0.82,1.65,0.82,1.65,0.89,0.14,1.03,0.89,1.03,3.6,15.8,9.44,4.44,0.56,21.1,11.7,5.83,0.83,75.0,81.0,76.2,66.7,217.2,46.1,15.8,9.44,4.44,0.56,21.1,11.7,5.83,0.83,75.0,81.0,76.2,66.7,15.8,9.44,4.44,0.56,21.1,11.7,5.83,0.83,75.0,81.0,76.2,66.7,15.8,9.44,4.44,0.56,21.1,11.7,5.83,0.83,75.0,81.0,76.2,66.7,0.83,0.14,0.69,0.83,0.56,0.56,0.0,0.83,3.33,1.39,41.7,3.29,1.37,0.25,0.6,13.5,0.28,0.0,0.0,0.27,-0.06,-0.06,31.7,0.28,2.78,10.0,18.9,6.67,31.7,0.28,16.7,1.39,83.3,18.1,1.94,2.78,0.83,25.3,1.11,0.28,0.83,1.11,0.28,100.0,0.0,0.28,0.28,0.28,1.39,0.28,0.0,1.67,1.65,0.0,0.0,0.28,0.28,0.0,0.0,0.83,0.82,0.0,0.0,0.28,0.28,0.0,0.0,0.0,0.56,1.39,0.56,0.83,0.28,0.83,0.28,0.0,0.0,1.67,0.28,33.3,,,,,,,,,,,,,,,,,,,,,,,,,,,,,Amahl Pellegrino,"MF,FW",SJ Earthquakes,35-169,Amahl Pellegrino,TAM Player,TAM Player,"[ 3.26517193  5.32770913  4.35896567  4.84849112  0.31570595 -1.37540517
  1.98770026  2.0379832  -1.49505663 -1.50884546  0.02854634 -0.63796986
 -1.11097009 -1.64701073]",-1,8.31969061337519,-0.13595681889631642
931088896,2,2025,13,5,488,5.4,0.19,0.19,0.37,0.19,0.0,0.0,0.0,0.0,0.61,0.61,0.31,0.93,2.04,4.07,7.04,0.18,0.18,0.37,0.18,0.37,0.61,0.31,0.92,0.61,0.92,5.4,20.2,11.3,6.3,1.3,27.8,14.3,8.33,1.67,72.7,79.2,75.6,77.8,309.4,70.7,20.2,11.3,6.3,1.3,27.8,14.3,8.33,1.67,72.7,79.2,75.6,77.8,20.2,11.3,6.3,1.3,27.8,14.3,8.33,1.67,72.7,79.2,75.6,77.8,20.2,11.3,6.3,1.3,27.8,14.3,8.33,1.67,72.7,79.2,75.6,77.8,0.19,0.15,-0.13,1.67,1.67,2.22,0.19,0.19,2.78,0.37,13.3,2.77,0.37,0.07,0.5,13.0,0.0,0.0,0.0,0.22,-0.43,-0.43,40.9,0.0,4.81,19.3,18.0,4.26,40.9,0.19,12.5,1.3,87.5,23.5,0.56,2.22,1.67,26.7,1.85,0.56,0.93,1.85,0.56,37.5,0.93,0.56,0.56,1.48,3.33,0.37,0.19,3.7,3.68,0.0,0.0,0.0,0.0,0.37,0.19,0.93,0.92,0.0,0.0,0.0,0.0,0.37,0.19,0.0,0.56,0.74,0.74,0.56,1.48,0.93,0.0,0.0,0.0,3.7,0.37,14.3,,,,,,,,,,,,,,,,,,,,,,,,,,,,,Amahl Pellegrino,"MF,FW",SJ Earthquakes,35-169,Amahl Pellegrino,TAM Player,TAM Player,"[ 0.21845613  0.60461672  2.71510617  3.04188037  2.07835874 -1.16907675
  1.45908637 -0.14378203 -1.20310177  0.14341191  0.32444562  0.32531851
  1.26378505 -1.05004463]",-1,3.4637749925247903,0.6740894589896375
931088896,3,2025,13,5,488,5.4,0.19,0.19,0.37,0.19,0.0,0.0,0.0,0.0,0.61,0.61,0.31,0.93,2.04,4.07,7.04,0.18,0.18,0.37,0.18,0.37,0.61,0.31,0.92,0.61,0.92,5.4,20.2,11.3,6.3,1.3,27.8,14.3,8.33,1.67,72.7,79.2,75.6,77.8,309.4,70.7,20.2,11.3,6.3,1.3,27.8,14.3,8.33,1.67,72.7,79.2,75.6,77.8,20.2,11.3,6.3,1.3,27.8,14.3,8.33,1.67,72.7,79.2,75.6,77.8,20.2,11.3,6.3,1.3,27.8,14.3,8.33,1.67,72.7,79.2,75.6,77.8,0.19,0.15,-0.13,1.67,1.67,2.22,0.19,0.19,2.78,0.37,13.3,2.77,0.37,0.07,0.5,13.0,0.0,0.0,0.0,0.22,-0.43,-0.43,40.9,0.0,4.81,19.3,18.0,4.26,40.9,0.19,12.5,1.3,87.5,23.5,0.56,2.22,1.67,26.7,1.85,0.56,0.93,1.85,0.56,37.5,0.93,0.56,0.56,1.48,3.33,0.37,0.19,3.7,3.68,0.0,0.0,0.0,0.0,0.37,0.19,0.93,0.92,0.0,0.0,0.0,0.0,0.37,0.19,0.0,0.56,0.74,0.74,0.56,1.48,0.93,0.0,0.0,0.0,3.7,0.37,14.3,,,,,,,,,,,,,,,,,,,,,,,,,,,,,Amahl Pellegrino,"MF,FW",SJ Earthquakes,35-169,Amahl Pellegrino,TAM Player,TAM Player,"[ 0.21845613  0.60461672  2.71510617  3.04188037  2.07835874 -1.16907675
  1.45908637 -0.14378203 -1.20310177  0.14341191  0.32444562  0.32531851
  1.26378505 -1.05004463]",-1,3.4637749925247903,0.6740894589896375
6425235236,1,2025,26,16,1527,17.0,0.0,0.06,0.06,0.0,0.0,0.0,0.35,0.0,0.02,0.02,0.02,0.05,0.65,3.41,0.71,0.0,0.06,0.06,0.0,0.06,0.02,0.03,0.04,0.02,0.04,17.0,33.8,14.1,16.1,2.82,38.5,15.2,17.8,3.88,87.6,92.3,90.1,72.7,605.0,162.4,33.8,14.1,16.1,2.82,38.5,15.2,17.8,3.88,87.6,92.3,90.1,72.7,33.8,14.1,16.1,2.82,38.5,15.2,17.8,3.88,87.6,92.3,90.1,72.7,33.8,14.1,16.1,2.82,38.5,15.2,17.8,3.88,87.6,92.3,90.1,72.7,0.06,0.04,0.04,0.35,3.06,0.53,0.0,0.0,0.53,0.0,0.0,0.53,0.0,0.0,,26.6,0.0,0.0,0.0,0.04,-0.02,-0.02,47.7,3.06,16.6,25.9,5.94,0.12,47.7,0.29,41.7,0.24,33.3,25.2,0.06,0.82,0.24,29.1,2.59,1.29,1.47,2.59,1.29,57.9,0.94,1.24,0.94,1.35,3.94,1.59,0.0,1.53,1.53,0.12,0.0,0.29,0.0,0.06,0.06,0.18,0.18,0.12,0.0,0.29,0.0,0.06,0.06,0.0,1.65,2.0,0.0,0.18,1.35,1.47,0.0,0.06,0.0,4.41,0.29,33.3,,,,,,,,,,,,,,,,,,,,,,,,,,,,,Matti Peltola,"MF,DF",D.C. United,23-154,Matti Peltola,TAM Player,TAM Player,"[-0.68603763 -0.35476143 -0.74874061 -0.76490657 -0.92851955  0.17076837
 -0.70342496 -0.93520667 -0.30069585 -0.22499683 -0.78717602  1.28860689
  1.00651991  0.39973018]",0,-2.30405642075387,-0.4258022214322135
6718351464,2,2025,24,20,1665,18.5,0.16,0.05,0.22,0.16,0.0,0.0,0.38,0.0,0.17,0.17,0.06,0.23,1.62,4.22,3.84,0.16,0.05,0.22,0.16,0.22,0.17,0.06,0.23,0.17,0.23,18.5,33.2,18.7,12.0,1.41,41.4,22.4,14.2,2.54,80.2,83.4,84.4,55.3,491.9,152.1,33.2,18.7,12.0,1.41,41.4,22.4,14.2,2.54,80.2,83.4,84.4,55.3,33.2,18.7,12.0,1.41,41.4,22.4,14.2,2.54,80.2,83.4,84.4,55.3,33.2,18.7,12.0,1.41,41.4,22.4,14.2,2.54,80.2,83.4,84.4,55.3,0.05,0.11,-0.01,0.49,2.76,0.43,0.0,0.16,1.68,0.54,32.3,1.68,0.54,0.1,0.3,14.9,0.0,0.0,0.0,0.1,-0.01,-0.01,53.7,2.76,12.5,27.8,14.1,2.32,53.7,0.43,44.4,0.49,50.0,27.6,0.05,1.3,0.65,35.9,2.54,1.03,1.46,2.54,1.03,44.2,1.3,1.41,1.14,0.76,3.3,2.54,0.05,1.84,1.84,0.05,0.0,0.11,0.05,0.0,0.0,0.16,0.16,0.05,0.0,0.11,0.05,0.0,0.0,0.0,1.62,1.08,0.05,0.32,0.76,1.46,0.05,0.0,0.0,4.32,2.38,44.0,,,,,,,,,,,,,,,,,,,,,,,,,,,,,Andrés Perea,MF,NYCFC,25-020,Andrés Perea,,Standard,"[ 0.07564132 -0.42855974  0.1318984   0.20292062 -0.51377772  0.34872663
  0.40185861  0.21984551 -0.34050787  0.22714117 -0.01144005  1.22351984
 -0.16106803  0.76217389]",0,-0.11062773581548774,-0.01826239591185291
865205260,1,2025,27,23,2071,23.0,0.04,0.13,0.17,0.04,0.0,0.0,0.35,0.0,0.06,0.06,0.13,0.18,1.57,6.09,2.39,0.04,0.13,0.17,0.04,0.17,0.06,0.13,0.18,0.06,0.18,23.0,51.6,25.2,19.4,5.26,58.5,27.0,21.2,7.04,88.2,93.1,91.4,74.7,878.8,236.8,51.6,25.2,19.4,5.26,58.5,27.0,21.2,7.04,88.2,93.1,91.4,74.7,51.6,25.2,19.4,5.26,58.5,27.0,21.2,7.04,88.2,93.1,91.4,74.7,51.6,25.2,19.4,5.26,58.5,27.0,21.2,7.04,88.2,93.1,91.4,74.7,0.13,0.14,0.0,1.17,4.74,1.0,0.3,0.04,1.04,0.17,16.7,1.04,0.17,0.04,0.25,24.8,0.04,0.0,0.0,0.05,-0.01,-0.01,67.4,1.87,14.3,35.6,18.3,0.96,67.4,1.22,53.8,0.83,36.5,42.7,0.3,1.22,0.57,50.8,1.39,0.52,0.7,1.39,0.52,44.4,0.65,1.17,0.83,0.7,2.09,0.91,0.09,3.0,3.0,0.13,0.04,0.09,0.0,0.09,0.0,0.39,0.39,0.13,0.04,0.09,0.0,0.09,0.0,0.0,2.09,1.7,0.09,1.91,0.7,0.7,0.0,0.0,0.0,5.09,0.13,33.3,,,,,,,,,,,,,,,,,,,,,,,,,,,,,Daniel Pereira,MF,Austin,25-143,,,,"[-0.49561789  0.16182681 -0.51390354 -0.50681932  0.21202049  0.87228497
 -0.21325573 -0.57157913  0.88039425  1.27096592 -0.05142644 -0.27348237
 -0.27980579  0.25048866]",0,-1.013884890680537,1.1309273474455852
9292527516,1,2025,33,29,2561,28.5,0.21,0.28,0.49,0.21,0.0,0.0,0.28,0.0,0.16,0.16,0.28,0.45,2.56,5.65,4.0,0.21,0.28,0.49,0.21,0.49,0.17,0.28,0.44,0.17,0.44,28.5,33.3,16.4,10.3,5.26,46.9,19.5,13.9,10.1,71.0,83.7,74.0,52.1,598.5,235.6,33.3,16.4,10.3,5.26,46.9,19.5,13.9,10.1,71.0,83.7,74.0,52.1,33.3,16.4,10.3,5.26,46.9,19.5,13.9,10.1,71.0,83.7,74.0,52.1,33.3,16.4,10.3,5.26,46.9,19.5,13.9,10.1,71.0,83.7,74.0,52.1,0.28,0.22,0.0,2.56,4.42,1.33,0.32,0.21,2.18,0.91,41.9,2.18,0.91,0.1,0.23,21.7,0.18,0.0,0.0,0.08,0.05,0.05,58.8,0.67,9.65,28.8,21.9,2.18,58.8,1.26,37.9,1.72,51.6,33.4,0.74,2.42,1.86,39.7,2.04,0.88,1.16,2.04,0.88,43.9,1.12,0.84,0.81,0.7,2.74,0.46,0.0,5.33,5.34,0.35,0.04,0.53,0.04,0.04,0.0,0.56,0.56,0.35,0.04,0.53,0.04,0.04,0.0,0.0,1.82,1.96,0.11,5.58,0.7,1.16,0.0,0.0,0.0,5.12,0.21,25.0,,,,,,,,,,,,,,,,,,,,,,,,,,,,,Joaquín Pereyra,"MF,FW",Minnesota Utd,27-003,Joaquín Pereyra,Designated Player,Designated Player,"[ 0.313666    1.26880159  0.07318913  0.13839881  1.76730237  1.50416574
  0.88241668  1.01127015 -0.33387254  1.0253601   0.74030408  0.57264931
 -0.27980579 -0.45307853]",0,1.762047490422229,2.285798135384892
8694421757,4,2025,22,10,852,9.5,0.11,0.21,0.32,0.11,0.0,0.0,0.53,0.11,0.15,0.15,0.16,0.31,2.84,3.26,6.63,0.11,0.21,0.32,0.11,0.32,0.15,0.16,0.3,0.15,0.3,9.5,23.2,12.1,8.74,1.79,28.7,13.9,10.2,2.63,80.6,87.1,85.6,68.0,375.4,107.7,23.2,12.1,8.74,1.79,28.7,13.9,10.2,2.63,80.6,87.1,85.6,68.0,23.2,12.1,8.74,1.79,28.7,13.9,10.2,2.63,80.6,87.1,85.6,68.0,23.2,12.1,8.74,1.79,28.7,13.9,10.2,2.63,80.6,87.1,85.6,68.0,0.21,0.17,0.05,1.47,2.0,1.37,0.53,0.11,1.79,0.63,35.3,1.8,0.63,0.06,0.17,18.4,0.0,0.0,0.0,0.08,-0.04,-0.04,41.3,0.84,5.16,20.2,16.7,2.21,41.3,1.89,47.4,1.89,47.4,25.3,0.74,2.84,1.79,29.9,1.26,0.42,0.95,1.26,0.42,40.0,0.63,1.26,1.16,0.53,1.79,0.63,0.0,2.63,2.64,0.21,0.0,0.11,0.0,0.0,0.0,0.21,0.21,0.21,0.0,0.11,0.0,0.0,0.0,0.0,1.47,1.16,0.11,1.47,0.53,0.95,0.0,0.0,0.0,4.32,0.21,15.4,,,,,,,,,,,,,,,,,,,,,,,,,,,,,Jonathan Perez,"FW,MF",Nashville SC,22-320,,,,"[-0.16238335  0.75221336  0.01447986  0.07387699  0.52307686 -0.69967962
  0.50758139  0.4123542  -1.00404164 -0.30872609  0.96422786 -0.4427087
 -0.61622943  0.44237062]",0,1.2396343418744855,0.3215820140663765
3005789164,3,2025,34,31,2708,30.1,0.07,0.13,0.2,0.07,0.0,0.0,0.13,0.0,0.03,0.03,0.13,0.16,2.03,3.46,4.02,0.07,0.13,0.2,0.07,0.2,0.03,0.13,0.16,0.03,0.16,30.1,40.2,21.9,15.0,2.46,50.0,24.1,18.1,5.42,80.5,90.8,83.1,45.4,635.9,213.5,40.2,21.9,15.0,2.46,50.0,24.1,18.1,5.42,80.5,90.8,83.1,45.4,40.2,21.9,15.0,2.46,50.0,24.1,18.1,5.42,80.5,90.8,83.1,45.4,40.2,21.9,15.0,2.46,50.0,24.1,18.1,5.42,80.5,90.8,83.1,45.4,0.13,0.12,0.0,0.73,2.72,0.93,0.53,0.07,0.37,0.13,36.4,0.37,0.13,0.18,0.5,17.0,0.0,0.0,0.0,0.07,0.04,0.04,58.3,2.99,18.6,26.2,14.1,1.26,58.3,0.76,50.0,0.66,43.5,30.8,0.4,1.2,0.43,36.0,1.3,0.7,0.86,1.3,0.7,48.8,0.73,0.7,0.56,0.66,1.96,2.43,0.1,1.83,1.83,0.17,0.07,0.0,0.0,0.0,0.0,0.3,0.3,0.17,0.07,0.0,0.0,0.0,0.0,0.0,0.33,0.33,0.07,2.46,0.66,0.86,0.0,0.0,0.0,3.85,0.47,38.9,,,,,,,,,,,,,,,,,,,,,,,,,,,,,Luca Petrasso,DF,CF Montréal,25-171,Luca Petrasso,,Standard,"[-0.35280309  0.16182681 -0.69003135 -0.70038476  0.21202049  1.69372997
 -0.85720355 -0.65713856  0.12396576 -0.19708708  0.31644835 -0.39063906
 -0.35896429 -0.75156158]",0,-0.7169195882143473,0.19528832197395618
6446717828,1,2025,25,22,1843,20.5,0.0,0.0,0.0,0.0,0.0,0.0,0.29,0.0,0.01,0.01,0.04,0.05,1.12,2.93,1.95,0.0,0.0,0.0,0.0,0.0,0.01,0.04,0.05,0.01,0.05,20.5,36.8,17.3,16.0,2.63,45.4,18.7,19.7,4.68,81.2,92.4,81.6,56.3,613.0,213.5,36.8,17.3,16.0,2.63,45.4,18.7,19.7,4.68,81.2,92.4,81.6,56.3,36.8,17.3,16.0,2.63,45.4,18.7,19.7,4.68,81.2,92.4,81.6,56.3,36.8,17.3,16.0,2.63,45.4,18.7,19.7,4.68,81.2,92.4,81.6,56.3,0.0,0.04,-0.04,0.49,2.93,0.39,0.05,0.0,0.24,0.0,0.0,0.24,0.0,0.0,,18.7,0.0,0.0,0.0,0.04,-0.01,-0.01,55.8,3.56,20.8,24.8,11.0,1.02,55.8,0.29,40.0,0.34,46.7,28.0,0.2,0.98,0.39,31.0,2.0,1.27,1.51,2.0,1.27,61.9,0.78,1.27,1.02,1.07,3.07,3.8,0.0,1.22,1.22,0.05,0.0,0.05,0.05,0.05,0.0,0.05,0.05,0.05,0.0,0.05,0.05,0.05,0.0,0.0,0.98,0.98,0.05,0.63,1.07,1.51,0.0,0.0,0.0,4.73,0.73,42.9,,,,,,,,,,,,,,,,,,,,,,,,,,,,,Raoul Petretta,DF,Toronto FC,28-255,Raoul Petretta,TAM Player,TAM Player,"[-0.68603763 -0.79755134 -0.80744988 -0.82942838 -0.72114864  0.57826699
 -0.98214865 -0.93520667 -0.10163572 -0.49293046 -0.41130395  0.52057967
  0.45241038  0.46369084]",0,-2.174498657058884,-0.740724611780169
1065487023,1,2025,8,5,504,5.6,0.0,0.0,0.0,0.0,0.0,0.0,0.18,0.0,0.07,0.07,0.16,0.23,1.79,5.89,7.32,0.0,0.0,0.0,0.0,0.0,0.07,0.16,0.23,0.07,0.23,5.6,27.9,15.0,10.5,1.25,33.9,17.1,12.3,1.61,82.1,87.5,85.5,77.8,409.3,89.1,27.9,15.0,10.5,1.25,33.9,17.1,12.3,1.61,82.1,87.5,85.5,77.8,27.9,15.0,10.5,1.25,33.9,17.1,12.3,1.61,82.1,87.5,85.5,77.8,27.9,15.0,10.5,1.25,33.9,17.1,12.3,1.61,82.1,87.5,85.5,77.8,0.0,0.23,-0.16,1.79,2.86,1.43,0.0,0.0,0.71,0.18,25.0,0.71,0.18,0.0,0.0,15.8,0.0,0.0,0.0,0.1,-0.07,-0.07,43.4,0.54,6.25,15.5,22.7,3.21,43.4,1.61,52.9,1.25,41.2,28.0,0.71,2.14,1.43,32.9,2.32,0.71,0.89,2.32,0.71,50.0,0.71,0.18,0.18,0.18,2.5,0.36,0.0,3.04,3.04,0.18,0.0,0.0,0.0,0.0,0.0,0.18,0.18,0.18,0.0,0.0,0.0,0.0,0.0,0.0,1.43,1.07,1.07,0.71,0.18,0.89,0.0,0.0,0.0,4.29,0.18,11.1,,,,,,,,,,,,,,,,,,,,,,,,,,,,,Hugo Picard,"MF,FW",Columbus Crew,22-209,,,,"[-0.68603763 -0.79755134 -0.45519428 -0.44229751  0.52307686 -1.14844391
 -0.53042406 -0.55018928 -0.69218077  1.15932691  0.12451367  0.93713681
 -1.30886635 -1.86021291]",0,-0.29392437206700156,0.44267700885903466
7664279049,3,2025,20,7,760,8.4,0.48,0.0,0.48,0.48,0.0,0.0,0.0,0.0,0.43,0.43,0.11,0.54,2.26,1.67,11.5,0.47,0.0,0.47,0.47,0.47,0.43,0.1,0.53,0.43,0.53,8.4,22.9,14.0,6.07,0.71,30.5,16.1,9.52,1.67,75.0,87.4,63.8,42.9,300.1,44.5,22.9,14.0,6.07,0.71,30.5,16.1,9.52,1.67,75.0,87.4,63.8,42.9,22.9,14.0,6.07,0.71,30.5,16.1,9.52,1.67,75.0,87.4,63.8,42.9,22.9,14.0,6.07,0.71,30.5,16.1,9.52,1.67,75.0,87.4,63.8,42.9,0.0,0.13,-0.11,0.24,1.19,0.48,0.12,0.48,2.38,1.07,45.0,2.37,1.07,0.2,0.44,12.8,0.0,0.0,0.0,0.18,0.05,0.05,42.4,1.19,6.07,14.3,22.6,4.05,42.4,0.6,38.5,0.95,61.5,25.7,0.71,2.02,0.95,29.5,2.38,0.48,2.14,2.38,0.48,66.7,0.24,0.48,0.48,0.36,2.74,1.31,0.0,1.43,1.42,0.12,0.0,0.0,0.0,0.0,0.0,0.24,0.24,0.12,0.0,0.0,0.0,0.0,0.0,0.0,1.55,1.31,0.6,3.1,0.36,2.14,0.0,0.0,0.0,2.98,1.67,56.0,,,,,,,,,,,,,,,,,,,,,,,,,,,,,Fafà Picault,"FW,MF",Inter Miami,34-284,,,,"[ 1.59899922 -0.79755134  1.65833936  1.88048774  0.00464957 -0.81831845
  1.07463991  1.35350783 -1.02394765 -1.19625623  0.50038574  1.01524127
 -0.95265308 -1.22060637]",-1,3.3133439342210793,-1.37526717679538
1130412421,1,2025,24,20,1538,17.1,0.0,0.0,0.0,0.0,0.0,0.0,0.23,0.0,0.01,0.01,0.02,0.03,0.18,4.56,0.47,0.0,0.0,0.0,0.0,0.0,0.01,0.02,0.03,0.01,0.03,17.1,43.7,20.2,19.1,3.39,49.7,22.2,21.1,4.5,87.9,91.1,90.3,75.3,731.9,232.6,43.7,20.2,19.1,3.39,49.7,22.2,21.1,4.5,87.9,91.1,90.3,75.3,43.7,20.2,19.1,3.39,49.7,22.2,21.1,4.5,87.9,91.1,90.3,75.3,43.7,20.2,19.1,3.39,49.7,22.2,21.1,4.5,87.9,91.1,90.3,75.3,0.0,0.03,-0.02,0.41,3.98,0.29,0.0,0.0,0.18,0.06,33.3,0.18,0.06,0.0,0.0,24.7,0.0,0.0,0.0,0.04,-0.01,-0.01,59.3,3.57,18.7,34.2,6.73,0.23,59.3,0.06,25.0,0.18,75.0,29.8,0.0,0.82,0.23,36.5,1.81,1.05,1.05,1.81,1.05,47.4,1.17,1.17,0.88,1.81,3.63,2.4,0.06,1.11,1.11,0.0,0.0,0.0,0.0,0.06,0.0,0.0,0.0,0.0,0.0,0.0,0.0,0.06,0.0,0.0,1.46,0.88,0.06,0.06,1.81,1.05,0.0,0.0,0.0,5.67,0.88,55.6,,,,,,,,,,,,,,,,,,,,,,,,,,,,,Samuel Piette,MF,CF Montréal,31-022,Samuel Piette,,Standard,"[-0.68603763 -0.79755134 -0.80744988 -0.82942838 -0.92851955  0.18495345
 -1.03981562 -0.80686754  0.35620258  0.41692749 -1.16304808  0.27324887
  1.91684271  0.25048866]",0,-2.8411195939717664,-0.4353922961134122
2943987617,1,2025,17,8,921,10.2,0.1,0.1,0.2,0.1,0.0,0.0,0.29,0.0,0.02,0.02,0.01,0.03,0.59,4.41,0.39,0.1,0.1,0.2,0.1,0.2,0.02,0.01,0.03,0.02,0.03,10.2,75.5,34.6,37.4,3.14,81.4,36.3,39.5,4.51,92.8,95.4,94.5,69.6,1250.2,452.2,75.5,34.6,37.4,3.14,81.4,36.3,39.5,4.51,92.8,95.4,94.5,69.6,75.5,34.6,37.4,3.14,81.4,36.3,39.5,4.51,92.8,95.4,94.5,69.6,75.5,34.6,37.4,3.14,81.4,36.3,39.5,4.51,92.8,95.4,94.5,69.6,0.1,0.02,0.09,0.39,4.12,0.2,0.1,0.1,0.29,0.1,33.3,0.29,0.1,0.33,1.0,10.3,0.0,0.0,0.0,0.08,0.08,0.08,90.8,7.65,39.4,46.8,5.0,0.49,90.8,0.2,50.0,0.2,50.0,57.5,0.0,0.29,0.1,66.7,0.88,0.29,0.49,0.88,0.29,37.5,0.49,1.37,0.88,1.08,1.96,5.29,0.0,0.49,0.49,0.0,0.0,0.0,0.0,0.0,0.0,0.1,0.1,0.0,0.0,0.0,0.0,0.0,0.0,0.0,0.98,1.27,0.0,0.29,1.08,0.49,0.0,0.0,0.0,3.63,2.06,77.8,,,,,,,,,,,,,,,,,,,,,,,,,,,,,Ian Pilcher,DF,San Diego FC,22-258,Ian Pilcher,,Standard,"[-0.20998828 -0.05956815 -0.74874061 -0.76490657 -1.03220501 -0.61070049
 -0.93409284 -0.72130812  2.46623995  0.33319823 -0.83515969 -0.9373703
  0.4722      0.67689302]",0,-2.4388686090290874,-0.07330925259658305
1244720377,2,2025,28,18,1520,16.9,0.0,0.12,0.12,0.0,0.0,0.0,0.41,0.0,0.03,0.03,0.1,0.13,0.36,2.84,1.18,0.0,0.12,0.12,0.0,0.12,0.03,0.1,0.13,0.03,0.13,16.9,53.6,28.5,20.6,3.25,59.8,30.8,22.4,4.38,89.6,92.5,92.1,74.3,850.1,229.5,53.6,28.5,20.6,3.25,59.8,30.8,22.4,4.38,89.6,92.5,92.1,74.3,53.6,28.5,20.6,3.25,59.8,30.8,22.4,4.38,89.6,92.5,92.1,74.3,53.6,28.5,20.6,3.25,59.8,30.8,22.4,4.38,89.6,92.5,92.1,74.3,0.12,0.08,0.02,0.59,4.2,0.3,0.0,0.0,0.53,0.24,44.4,0.53,0.24,0.0,0.0,24.7,0.0,0.0,0.0,0.06,-0.03,-0.03,69.8,3.08,24.6,36.5,9.11,0.71,69.8,0.06,12.5,0.36,75.0,37.2,0.0,1.36,1.07,52.8,2.31,1.18,1.07,2.31,1.18,55.6,0.95,1.6,1.3,0.95,3.25,1.12,0.06,1.66,1.66,0.0,0.0,0.0,0.0,0.0,0.0,0.18,0.18,0.0,0.0,0.0,0.0,0.0,0.0,0.0,1.3,0.95,0.0,0.06,0.95,1.07,0.0,0.0,0.0,4.44,0.53,56.3,,,,,,,,,,,,,,,,,,,,,,,,,,,,,Mauricio Pineda,MF,Chicago Fire,28-048,Mauricio Pineda,,Standard,"[-0.68603763  0.08802849 -0.69003135 -0.70038476 -0.09903589  0.16174151
 -0.70342496 -0.42185015  1.01310101 -0.54316801 -1.01909708  0.9241194
  0.21493486  1.16725803]",0,-2.057620884509205,0.06499308225189512
3140809695,1,2025,24,12,903,10.0,0.1,0.1,0.2,0.1,0.0,0.0,0.0,0.1,0.16,0.16,0.03,0.19,0.6,1.0,4.9,0.1,0.1,0.2,0.1,0.2,0.16,0.03,0.19,0.16,0.19,10.0,11.5,6.0,3.4,0.8,14.8,7.3,4.6,0.9,77.7,82.2,73.9,88.9,161.9,20.6,11.5,6.0,3.4,0.8,14.8,7.3,4.6,0.9,77.7,82.2,73.9,88.9,11.5,6.0,3.4,0.8,14.8,7.3,4.6,0.9,77.7,82.2,73.9,88.9,11.5,6.0,3.4,0.8,14.8,7.3,4.6,0.9,77.7,82.2,73.9,88.9,0.1,0.03,0.07,0.7,0.4,0.2,0.0,0.1,1.3,0.2,15.4,1.3,0.2,0.08,0.5,18.8,0.0,0.0,0.0,0.12,-0.06,-0.06,24.7,0.6,1.4,11.9,11.7,2.8,24.7,0.4,28.6,0.7,50.0,16.0,0.5,3.8,2.0,19.1,0.3,0.1,0.2,0.3,0.1,33.3,0.2,0.7,0.7,0.2,0.5,0.5,0.0,1.7,1.69,0.1,0.0,0.1,0.0,0.0,0.0,0.2,0.2,0.1,0.0,0.1,0.0,0.0,0.0,0.0,1.1,0.8,0.8,0.2,0.2,0.2,0.0,0.0,0.0,1.3,1.2,30.8,,,,,,,,,,,,,,,,,,,,,,,,,,,,,Ariath Piol,"FW,MF",Real Salt Lake,21-054,Ariath Piol,U22 Initiative,U22 Initiative,"[-0.20998828 -0.05956815  0.07318913  0.13839881 -0.8248341  -0.63391243
  0.03663447 -0.50740957 -1.78037614 -1.57024692 -0.82716241 -1.69238011
 -1.2692871  -0.75156158]",0,0.8899786889943657,-2.673027871738789
917251352,2,2025,28,22,1892,21.0,0.33,0.14,0.48,0.33,0.0,0.0,0.1,0.0,0.24,0.24,0.18,0.42,2.71,5.24,4.81,0.33,0.14,0.48,0.33,0.48,0.24,0.18,0.42,0.24,0.42,21.0,26.2,13.5,9.52,2.24,32.0,15.7,11.2,2.71,81.8,86.3,85.1,82.5,416.8,115.4,26.2,13.5,9.52,2.24,32.0,15.7,11.2,2.71,81.8,86.3,85.1,82.5,26.2,13.5,9.52,2.24,32.0,15.7,11.2,2.71,81.8,86.3,85.1,82.5,26.2,13.5,9.52,2.24,32.0,15.7,11.2,2.71,81.8,86.3,85.1,82.5,0.14,0.15,-0.04,1.67,3.24,1.24,0.14,0.33,2.81,0.81,28.8,2.81,0.81,0.12,0.41,20.0,0.14,0.0,0.0,0.08,0.1,0.1,42.8,0.33,3.71,20.5,19.7,3.24,42.8,1.29,45.8,1.48,52.5,28.6,0.76,2.95,2.19,32.2,0.95,0.38,0.52,0.95,0.38,33.3,0.76,0.57,0.57,0.57,1.52,0.14,0.0,3.57,3.56,0.29,0.05,0.24,0.0,0.05,0.0,0.29,0.29,0.29,0.05,0.24,0.0,0.05,0.0,0.0,0.86,1.62,0.05,0.57,0.57,0.52,0.0,0.0,0.0,4.0,0.1,11.8,,,,,,,,,,,,,,,,,,,,,,,,,,,,,Gabriel Pirani,"MF,FW",D.C. United,23-236,Gabriel Pirani,U22 Initiative,U22 Initiative,"[ 0.88492521  0.23562513  0.54286327  0.65457331  0.73044778  0.64145506
  1.48791986  0.7973716  -0.80498151  0.79650013  0.86026325 -0.84624843
 -0.53707093 -1.02872441]",0,2.619149029546092,0.5949571797628379
2398822754,2,2025,26,26,2317,25.7,0.04,0.04,0.08,0.04,0.0,0.0,0.27,0.0,0.04,0.04,0.01,0.05,0.7,4.59,1.21,0.04,0.04,0.08,0.04,0.08,0.03,0.01,0.05,0.03,0.05,25.7,55.1,25.4,22.7,5.02,60.4,27.1,24.1,6.07,91.2,93.7,94.2,82.7,950.3,289.8,55.1,25.4,22.7,5.02,60.4,27.1,24.1,6.07,91.2,93.7,94.2,82.7,55.1,25.4,22.7,5.02,60.4,27.1,24.1,6.07,91.2,93.7,94.2,82.7,55.1,25.4,22.7,5.02,60.4,27.1,24.1,6.07,91.2,93.7,94.2,82.7,0.04,0.02,0.03,0.43,5.45,0.08,0.0,0.04,0.43,0.16,36.4,0.43,0.16,0.09,0.25,16.7,0.0,0.0,0.0,0.08,0.0,0.0,68.8,3.27,19.1,43.7,6.54,0.78,68.8,0.47,70.6,0.16,23.5,39.1,0.08,0.86,0.78,49.7,1.83,0.93,0.93,1.83,0.93,53.3,0.82,0.74,0.58,1.52,3.35,1.67,0.08,1.6,1.59,0.04,0.0,0.04,0.0,0.12,0.0,0.19,0.19,0.04,0.0,0.04,0.0,0.12,0.0,0.0,1.83,0.7,0.04,0.08,1.52,0.93,0.0,0.0,0.0,4.63,1.36,62.5,,,,,,,,,,,,,,,,,,,,,,,,,,,,,Matt Polster,MF,NE Revolution,32-179,Matt Polster,,Standard,"[-0.49561789 -0.50235806 -0.63132208 -0.63586294 -1.03220501  1.18951491
 -0.79953658 -0.59296899  1.11263107  0.43367334 -0.74718963  0.29928369
  1.34294355 -0.66628071]",0,-2.2384230137547245,-0.09108440887749404
1032117019,1,2025,28,16,1478,16.4,0.12,0.18,0.3,0.12,0.0,0.0,0.18,0.0,0.09,0.09,0.19,0.28,4.33,2.26,8.96,0.12,0.18,0.3,0.12,0.3,0.09,0.19,0.28,0.09,0.28,16.4,22.4,13.4,6.34,1.04,31.6,15.4,9.02,3.48,71.0,87.3,70.3,29.8,311.3,101.3,22.4,13.4,6.34,1.04,31.6,15.4,9.02,3.48,71.0,87.3,70.3,29.8,22.4,13.4,6.34,1.04,31.6,15.4,9.02,3.48,71.0,87.3,70.3,29.8,22.4,13.4,6.34,1.04,31.6,15.4,9.02,3.48,71.0,87.3,70.3,29.8,0.18,0.18,-0.01,1.46,1.59,1.65,0.91,0.12,1.89,0.37,19.4,1.89,0.37,0.06,0.33,19.4,0.0,0.0,0.0,0.05,0.04,0.04,42.5,1.1,5.91,15.7,21.9,4.27,42.5,2.07,54.0,1.65,42.9,27.4,2.2,1.95,1.28,29.6,2.32,1.1,1.4,2.32,1.1,46.2,1.28,0.49,0.37,0.79,3.11,0.79,0.0,3.96,3.96,0.43,0.06,0.18,0.0,0.18,0.0,0.24,0.24,0.43,0.06,0.18,0.0,0.18,0.0,0.0,1.77,1.52,0.37,3.9,0.79,1.4,0.0,0.06,0.0,4.33,0.18,27.3,,,,,,,,,,,,,,,,,,,,,,,,,,,,,Célio Pompeu,"FW,MF",St. Louis,25-359,,,,"[-0.11477841  0.5308184  -0.33777574 -0.31325388  0.83413324  0.1075803
  0.603693   -0.14378203 -1.05712434 -0.86692115  2.15582228  0.93713681
 -0.10169915 -1.19928616]",0,1.094192476602887,0.9226022477163012
8537580044,1,2025,32,32,2669,29.7,0.34,0.03,0.37,0.3,0.03,0.03,0.27,0.0,0.4,0.38,0.06,0.44,0.51,1.04,3.7,0.34,0.03,0.37,0.3,0.34,0.4,0.06,0.47,0.38,0.44,29.7,13.5,8.69,3.06,0.51,16.7,10.3,3.74,0.84,80.5,84.6,82.0,60.0,165.3,24.7,13.5,8.69,3.06,0.51,16.7,10.3,3.74,0.84,80.5,84.6,82.0,60.0,13.5,8.69,3.06,0.51,16.7,10.3,3.74,0.84,80.5,84.6,82.0,60.0,13.5,8.69,3.06,0.51,16.7,10.3,3.74,0.84,80.5,84.6,82.0,60.0,0.03,0.03,-0.03,0.47,0.94,0.17,0.0,0.34,2.69,0.77,28.8,2.7,0.78,0.11,0.39,13.5,0.13,0.03,0.03,0.14,-0.07,-0.07,27.2,1.01,2.63,14.2,10.7,3.94,27.2,0.4,26.1,1.08,69.6,16.0,0.37,2.79,1.68,20.6,0.54,0.24,0.4,0.54,0.24,38.9,0.37,0.3,0.17,0.24,0.77,0.67,0.0,1.62,1.62,0.03,0.0,0.13,0.03,0.03,0.0,0.07,0.07,0.03,0.0,0.13,0.03,0.03,0.0,0.0,2.32,1.55,0.54,0.13,0.24,0.4,0.03,0.0,0.0,1.62,1.92,46.3,,,,,,,,,,,,,,,,,,,,,,,,,,,,,Ezequiel Ponce,FW,Houston Dynamo,28-250,Ezequiel Ponce,Designated Player,Designated Player,"[ 0.93253014 -0.57615638  1.48221155  1.55787868 -0.51377772  1.64343742
  1.37258592  0.71181218 -1.64766939 -1.54791912 -0.89913791 -1.37996226
 -1.19012859 -1.6043703 ]",0,3.2198776303704437,-2.838397193937446
849425068,1,2025,10,9,822,9.1,0.0,0.0,0.0,0.0,0.0,0.0,0.22,0.0,0.01,0.01,0.02,0.03,0.66,2.53,0.55,0.0,0.0,0.0,0.0,0.0,0.01,0.02,0.03,0.01,0.03,9.1,58.1,25.6,28.7,2.97,64.1,26.3,30.7,5.49,90.7,97.5,93.5,54.0,978.1,396.7,58.1,25.6,28.7,2.97,64.1,26.3,30.7,5.49,90.7,97.5,93.5,54.0,58.1,25.6,28.7,2.97,64.1,26.3,30.7,5.49,90.7,97.5,93.5,54.0,58.1,25.6,28.7,2.97,64.1,26.3,30.7,5.49,90.7,97.5,93.5,54.0,0.0,0.03,-0.02,0.22,4.73,0.11,0.0,0.0,0.33,0.0,0.0,0.33,0.0,0.0,,12.1,0.0,0.0,0.0,0.04,-0.01,-0.01,74.6,7.25,30.8,39.7,4.62,0.77,74.6,0.55,100.0,0.0,0.0,40.0,0.0,0.22,0.44,51.5,1.21,0.77,0.88,1.21,0.77,53.8,0.66,1.54,0.77,1.21,2.42,5.05,0.11,0.88,0.88,0.0,0.0,0.0,0.0,0.0,0.0,0.0,0.0,0.0,0.0,0.0,0.0,0.0,0.0,0.0,1.1,0.88,0.0,0.22,1.21,0.88,0.0,0.0,0.0,3.96,1.54,53.8,,,,,,,,,,,,,,,,,,,,,,,,,,,,,Ryan Porteous,DF,LAFC,26-254,,,,"[-0.68603763 -0.79755134 -0.80744988 -0.82942838 -0.92851955 -0.73836619
 -0.89564819 -0.93520667  1.3116912  -0.71620848 -0.77917874 -0.50779576
  0.72946514  1.03933672]",0,-2.639544251265512,-1.0041932304144046
537909185,1,2025,25,8,861,9.6,0.0,0.0,0.0,0.0,0.0,0.0,0.21,0.0,0.02,0.02,0.0,0.03,2.6,3.44,1.67,0.0,0.0,0.0,0.0,0.0,0.02,0.0,0.03,0.02,0.03,9.6,42.4,11.8,25.9,4.27,53.5,13.3,29.6,8.54,79.2,88.3,87.7,50.0,840.5,275.6,42.4,11.8,25.9,4.27,53.5,13.3,29.6,8.54,79.2,88.3,87.7,50.0,42.4,11.8,25.9,4.27,53.5,13.3,29.6,8.54,79.2,88.3,87.7,50.0,42.4,11.8,25.9,4.27,53.5,13.3,29.6,8.54,79.2,88.3,87.7,50.0,0.0,0.04,0.0,0.1,3.23,0.52,0.21,0.0,0.42,0.31,75.0,0.42,0.31,0.0,0.0,23.5,0.0,0.0,0.0,0.06,-0.02,-0.02,70.5,6.04,28.4,35.1,8.23,0.42,70.5,1.67,53.3,1.25,40.0,37.9,0.31,1.98,1.25,42.8,2.5,1.67,1.56,2.5,1.67,51.6,1.56,1.98,1.35,1.35,3.85,5.42,0.0,1.98,1.98,0.21,0.0,0.21,0.0,0.0,0.0,0.1,0.1,0.21,0.0,0.21,0.0,0.0,0.0,0.0,1.35,2.6,0.1,1.35,1.35,1.56,0.0,0.0,0.1,4.79,1.46,63.6,,,,,,,,,,,,,,,,,,,,,,,,,,,,,Alvas Powell,DF,FC Cincinnati,31-139,Alvas Powell,,Standard,"[-0.68603763 -0.79755134 -0.74874061 -0.76490657 -1.13589047 -0.68807364
 -0.80914774 -0.27212116  0.26994319 -0.20825098  0.77229319  1.1714502
  1.00651991  1.9774263 ]",0,-2.3961734403268014,-0.00028320114997758457
444225173,3,2025,28,14,1388,15.4,0.0,0.13,0.13,0.0,0.0,0.0,0.32,0.0,0.06,0.06,0.07,0.13,1.1,6.69,0.78,0.0,0.13,0.13,0.0,0.13,0.06,0.07,0.13,0.06,0.13,15.4,50.2,21.6,23.6,3.7,55.1,22.6,24.7,5.65,91.0,95.4,95.5,65.5,869.5,255.6,50.2,21.6,23.6,3.7,55.1,22.6,24.7,5.65,91.0,95.4,95.5,65.5,50.2,21.6,23.6,3.7,55.1,22.6,24.7,5.65,91.0,95.4,95.5,65.5,50.2,21.6,23.6,3.7,55.1,22.6,24.7,5.65,91.0,95.4,95.5,65.5,0.13,0.06,0.06,0.58,6.23,0.32,0.0,0.0,0.32,0.06,20.0,0.32,0.06,0.0,0.0,15.0,0.0,0.0,0.0,0.18,-0.06,-0.06,63.5,3.18,18.4,37.3,8.77,0.32,63.5,0.78,85.7,0.13,14.3,36.8,0.06,0.58,0.71,44.6,1.56,0.45,0.91,1.56,0.45,41.2,0.65,1.23,0.71,0.84,2.4,2.21,0.06,1.82,1.81,0.0,0.0,0.13,0.0,0.13,0.0,0.26,0.26,0.0,0.0,0.13,0.0,0.13,0.0,0.0,2.27,1.1,0.0,0.39,0.84,0.91,0.0,0.0,0.0,6.1,0.71,50.0,,,,,,,,,,,,,,,,,,,,,,,,,,,,,Ralph Priso-Mbongue,"MF,DF",Vancouver W'caps,23-124,,,,"[-0.68603763  0.16182681 -0.51390354 -0.50681932 -0.41009226 -0.00847943
 -0.90525935 -0.80686754  0.78749953  1.60588296 -0.42729851 -0.05218639
 -0.00275102  0.37840997]",0,-1.7743396834660736,0.8942096145578051
2736441560,1,2025,23,19,1798,20.0,0.05,0.0,0.05,0.05,0.0,0.0,0.1,0.05,0.03,0.03,0.01,0.03,0.15,2.75,0.15,0.05,0.0,0.05,0.05,0.05,0.02,0.01,0.03,0.02,0.03,20.0,55.0,12.7,36.0,6.1,61.5,13.6,37.7,9.9,89.4,93.4,95.4,61.6,1150.8,392.5,55.0,12.7,36.0,6.1,61.5,13.6,37.7,9.9,89.4,93.4,95.4,61.6,55.0,12.7,36.0,6.1,61.5,13.6,37.7,9.9,89.4,93.4,95.4,61.6,55.0,12.7,36.0,6.1,61.5,13.6,37.7,9.9,89.4,93.4,95.4,61.6,0.0,0.03,-0.01,0.1,2.6,0.1,0.0,0.05,0.15,0.05,33.3,0.15,0.05,0.33,1.0,9.4,0.0,0.0,0.0,0.15,0.03,0.03,71.0,11.9,41.7,27.6,1.8,0.35,71.0,0.0,0.0,0.05,100.0,46.1,0.0,0.25,0.1,51.0,1.3,0.7,0.9,1.3,0.7,56.0,0.55,1.35,0.55,0.75,2.05,4.65,0.15,0.25,0.25,0.0,0.0,0.0,0.0,0.0,0.0,0.0,0.0,0.0,0.0,0.0,0.0,0.0,0.0,0.0,0.65,0.55,0.0,0.05,0.75,0.9,0.0,0.1,0.0,3.8,1.5,55.6,,,,,,,,,,,,,,,,,,,,,,,,,,,,,Andrew Privett,DF,Charlotte,25-124,Andrew Privett,,Standard,"[-0.44801295 -0.79755134 -0.69003135 -0.70038476 -1.03220501  0.52023712
 -1.0686491  -0.8282574   1.10599573 -0.59340557 -1.18703992 -0.39063906
 -0.18085766  0.63425258]",0,-2.2552633653860275,-1.2519977979917793
6124774911,1,2025,28,12,1223,13.6,0.15,0.07,0.22,0.15,0.0,0.0,0.15,0.0,0.13,0.13,0.15,0.29,3.53,2.5,6.54,0.15,0.07,0.22,0.15,0.22,0.13,0.16,0.29,0.13,0.29,13.6,20.1,11.8,6.4,0.88,26.0,13.8,8.01,1.54,77.3,86.1,79.8,57.1,286.0,61.6,20.1,11.8,6.4,0.88,26.0,13.8,8.01,1.54,77.3,86.1,79.8,57.1,20.1,11.8,6.4,0.88,26.0,13.8,8.01,1.54,77.3,86.1,79.8,57.1,20.1,11.8,6.4,0.88,26.0,13.8,8.01,1.54,77.3,86.1,79.8,57.1,0.07,0.13,-0.08,0.74,1.4,0.96,0.0,0.15,1.4,0.59,42.1,1.4,0.59,0.11,0.25,15.0,0.0,0.0,0.0,0.1,0.01,0.01,39.9,1.1,6.1,16.4,18.2,3.31,39.9,1.62,37.9,2.57,60.3,24.6,0.81,3.38,2.43,27.9,1.54,0.51,0.88,1.54,0.51,35.0,0.96,0.96,0.59,0.74,2.28,0.81,0.07,2.43,2.43,0.0,0.0,0.29,0.0,0.0,0.0,0.15,0.15,0.0,0.0,0.29,0.0,0.0,0.0,0.0,2.06,1.32,0.07,1.25,0.74,0.88,0.07,0.0,0.0,3.6,0.44,42.9,,,,,,,,,,,,,,,,,,,,,,,,,,,,,Ahmed Qasem,"FW,MF",Nashville SC,22-145,Ahmed Qasem,U22 Initiative,U22 Initiative,"[ 0.02803639 -0.28096311 -0.10293867 -0.05516663  0.41939141 -0.22125561
  0.13274609  0.32679478 -1.20973711 -0.73295433  1.51604004 -0.07822121
 -0.20064729 -0.19723592]",0,0.9656301942884195,-0.14612123391380916
6593209213,2,2025,16,9,812,9.0,0.0,0.0,0.0,0.0,0.0,0.0,0.22,0.0,0.02,0.02,0.0,0.03,0.33,2.44,0.56,0.0,0.0,0.0,0.0,0.0,0.03,0.01,0.03,0.03,0.03,9.0,51.6,20.9,24.7,5.0,57.4,21.9,26.3,7.44,89.7,95.4,93.7,67.2,926.8,285.4,51.6,20.9,24.7,5.0,57.4,21.9,26.3,7.44,89.7,95.4,93.7,67.2,51.6,20.9,24.7,5.0,57.4,21.9,26.3,7.44,89.7,95.4,93.7,67.2,51.6,20.9,24.7,5.0,57.4,21.9,26.3,7.44,89.7,95.4,93.7,67.2,0.0,0.01,0.0,0.22,2.67,0.11,0.11,0.0,0.44,0.0,0.0,0.44,0.0,0.0,,10.4,0.0,0.0,0.0,0.06,-0.02,-0.02,69.6,9.33,36.2,30.6,2.89,0.89,69.6,0.56,71.4,0.22,28.6,39.7,0.0,0.44,0.11,46.0,0.89,0.33,0.56,0.89,0.33,42.9,0.44,1.56,0.44,0.78,1.67,6.89,0.11,1.0,1.0,0.0,0.0,0.0,0.0,0.0,0.0,0.0,0.0,0.0,0.0,0.0,0.0,0.0,0.0,0.0,0.56,0.78,0.0,0.22,0.78,0.56,0.0,0.0,0.0,4.89,0.89,42.1,,,,,,,,,,,,,,,,,,,,,,,,,,,,,Philip Quinton,DF,Real Salt Lake,26-018,Philip Quinton,,Standard,"[-0.68603763 -0.79755134 -0.74874061 -0.76490657 -1.13589047 -0.75126172
 -0.78992542 -0.93520667  0.88039425 -0.76644604 -1.04308891 -0.92435289
 -0.12148878  1.08197715]",0,-2.24175243901608,-1.5313303809066543
516554084,1,2025,20,13,1099,12.2,0.0,0.0,0.0,0.0,0.0,0.0,0.25,0.0,0.02,0.02,0.0,0.02,0.74,6.72,1.56,0.0,0.0,0.0,0.0,0.0,0.02,0.0,0.02,0.02,0.02,12.2,50.0,22.7,21.6,4.43,58.1,25.2,23.4,6.39,86.0,89.9,92.0,69.2,847.7,226.9,50.0,22.7,21.6,4.43,58.1,25.2,23.4,6.39,86.0,89.9,92.0,69.2,50.0,22.7,21.6,4.43,58.1,25.2,23.4,6.39,86.0,89.9,92.0,69.2,50.0,22.7,21.6,4.43,58.1,25.2,23.4,6.39,86.0,89.9,92.0,69.2,0.0,0.04,0.0,0.08,6.31,0.57,0.0,0.0,0.49,0.08,16.7,0.49,0.08,0.0,0.0,22.0,0.0,0.0,0.0,0.04,-0.02,-0.02,67.5,1.56,12.3,43.4,12.3,0.57,67.5,0.49,46.2,0.49,46.2,39.8,0.0,0.82,1.07,47.7,2.62,1.15,1.72,2.62,1.15,60.9,0.74,1.23,0.9,0.98,3.61,1.15,0.0,1.39,1.39,0.0,0.0,0.08,0.0,0.0,0.0,0.16,0.16,0.0,0.0,0.08,0.0,0.0,0.0,0.0,1.89,1.72,0.0,0.08,0.98,1.72,0.0,0.0,0.0,5.66,1.23,55.6,,,,,,,,,,,,,,,,,,,,,,,,,,,,,Nemanja Radoja,MF,Sporting KC,32-301,Nemanja Radoja,TAM Player,TAM Player,"[-0.68603763 -0.79755134 -0.74874061 -0.76490657 -1.13589047 -0.38116013
 -0.74186961 -0.76408783  0.77422885  1.62262881 -0.71520052  1.32765912
  0.27430374  0.37840997]",0,-2.6332680672703734,0.5048222915627685
6544788080,1,2025,15,2,287,3.2,0.0,0.0,0.0,0.0,0.0,0.0,0.0,0.0,0.03,0.03,0.03,0.06,1.25,2.19,1.25,0.0,0.0,0.0,0.0,0.0,0.04,0.02,0.06,0.04,0.06,3.2,27.2,13.4,10.3,1.25,35.3,14.7,13.8,2.81,77.0,91.5,75.0,44.4,392.2,160.9,27.2,13.4,10.3,1.25,35.3,14.7,13.8,2.81,77.0,91.5,75.0,44.4,27.2,13.4,10.3,1.25,35.3,14.7,13.8,2.81,77.0,91.5,75.0,44.4,27.2,13.4,10.3,1.25,35.3,14.7,13.8,2.81,77.0,91.5,75.0,44.4,0.0,0.03,-0.03,0.63,1.88,0.94,0.31,0.0,0.94,0.63,66.7,0.94,0.63,0.0,0.0,25.3,0.31,0.0,0.0,0.04,-0.03,-0.03,48.8,1.88,7.81,22.5,19.7,0.0,48.8,0.94,33.3,1.88,66.7,23.8,0.0,0.63,2.19,26.6,2.19,1.56,1.25,2.19,1.56,55.6,1.25,1.25,0.63,0.63,2.81,2.5,0.0,2.5,2.54,0.63,0.31,0.63,0.0,0.0,0.0,0.31,0.32,0.63,0.31,0.63,0.0,0.0,0.0,0.0,0.94,2.19,0.0,1.88,0.63,1.25,0.0,0.0,0.0,6.56,0.63,40.0,,,,,,,,,,,,,,,,,,,,,,,,,,,,,Jeremy Rafanello,MF,Philadelphia Union,25-234,Jeremy Rafanello,Homegrown Player,Homegrown,"[-0.68603763 -0.79755134 -0.69003135 -0.70038476 -0.8248341  -1.42827682
 -0.30936734  0.4123542  -0.73862813 -0.9059948  -0.30733934  0.76791047
 -0.41833317  0.4210504 ]",0,-0.957087616346986,-1.2314398730600327
5766280393,1,2025,24,21,1916,21.3,0.09,0.05,0.14,0.09,0.0,0.0,0.28,0.0,0.05,0.05,0.04,0.09,0.23,3.99,0.19,0.09,0.05,0.14,0.09,0.14,0.05,0.04,0.09,0.05,0.09,21.3,70.3,25.1,36.9,7.51,75.6,26.2,38.2,9.86,93.0,95.9,96.8,76.2,1328.0,586.2,70.3,25.1,36.9,7.51,75.6,26.2,38.2,9.86,93.0,95.9,96.8,76.2,70.3,25.1,36.9,7.51,75.6,26.2,38.2,9.86,93.0,95.9,96.8,76.2,70.3,25.1,36.9,7.51,75.6,26.2,38.2,9.86,93.0,95.9,96.8,76.2,0.05,0.04,0.0,0.47,5.35,0.19,0.05,0.09,0.61,0.33,53.8,0.61,0.33,0.15,0.29,9.5,0.0,0.0,0.0,0.07,0.05,0.05,85.8,11.6,42.1,39.6,4.46,1.36,85.8,0.19,100.0,0.0,0.0,53.4,0.0,0.47,0.09,63.0,1.13,0.75,0.66,1.13,0.75,84.2,0.14,1.69,0.61,0.61,1.74,5.07,0.09,1.08,1.08,0.0,0.0,0.0,0.0,0.0,0.0,0.05,0.05,0.0,0.0,0.0,0.0,0.0,0.0,0.0,0.8,0.61,0.0,0.09,0.61,0.66,0.0,0.0,0.0,4.13,1.88,64.5,,,,,,,,,,,,,,,,,,,,,,,,,,,,,Jackson Ragen,DF,Seattle Sounders,27-071,Jackson Ragen,,Standard,"[-0.25759322 -0.42855974 -0.57261281 -0.57134113 -0.72114864  0.67240433
 -0.62653567 -0.22934145  2.1212024   0.0987563  -1.12306169 -0.61193504
 -0.45791243  1.35913999]",0,-1.9384972540225613,-0.336389666711656
8483850138,2,2025,22,20,1695,18.8,0.0,0.0,0.0,0.0,0.0,0.0,0.43,0.05,0.01,0.01,0.02,0.03,0.32,3.24,0.53,0.0,0.0,0.0,0.0,0.0,0.01,0.02,0.03,0.01,0.03,18.8,44.4,25.2,16.1,1.38,48.4,26.6,17.6,1.6,91.7,94.8,91.8,86.7,637.8,160.5,44.4,25.2,16.1,1.38,48.4,26.6,17.6,1.6,91.7,94.8,91.8,86.7,44.4,25.2,16.1,1.38,48.4,26.6,17.6,1.6,91.7,94.8,91.8,86.7,44.4,25.2,16.1,1.38,48.4,26.6,17.6,1.6,91.7,94.8,91.8,86.7,0.0,0.03,-0.02,0.59,3.19,0.05,0.0,0.0,0.37,0.0,0.0,0.37,0.0,0.0,,22.8,0.0,0.0,0.0,0.03,-0.01,-0.01,55.8,1.65,13.6,32.6,10.0,0.21,55.8,0.37,50.0,0.27,35.7,35.6,0.0,0.85,0.74,42.3,1.44,0.8,1.33,1.44,0.8,62.5,0.48,0.9,0.59,1.01,2.45,0.9,0.05,1.38,1.38,0.0,0.0,0.21,0.0,0.0,0.0,0.0,0.0,0.0,0.0,0.21,0.0,0.0,0.0,0.05,1.76,1.91,0.0,0.11,1.01,1.33,0.0,0.0,0.0,2.82,0.11,10.0,,,,,,,,,,,,,,,,,,,,,,,,,,,,,Brooklyn Raines,MF,Houston Dynamo,20-268,Brooklyn Raines,Homegrown Player,Homegrown,"[-0.68603763 -0.79755134 -0.80744988 -0.82942838 -0.92851955  0.38741321
 -0.85720355 -0.93520667  0.40264994 -0.31988999 -1.05108619 -0.20839532
  0.33367262 -0.32515722]",0,-2.1281908151575193,-1.0913196967751178
3828526450,3,2025,25,10,917,10.2,0.39,0.1,0.49,0.39,0.0,0.0,0.1,0.0,0.37,0.37,0.18,0.55,0.2,2.45,3.73,0.39,0.1,0.49,0.39,0.49,0.38,0.17,0.55,0.38,0.55,10.2,11.9,6.67,3.73,0.49,16.7,8.33,5.49,1.08,71.2,80.0,67.9,45.5,176.8,54.7,11.9,6.67,3.73,0.49,16.7,8.33,5.49,1.08,71.2,80.0,67.9,45.5,11.9,6.67,3.73,0.49,16.7,8.33,5.49,1.08,71.2,80.0,67.9,45.5,11.9,6.67,3.73,0.49,16.7,8.33,5.49,1.08,71.2,80.0,67.9,45.5,0.1,0.09,-0.08,1.18,1.37,0.59,0.0,0.39,2.25,0.88,39.1,2.26,0.88,0.17,0.44,10.5,0.0,0.0,0.0,0.17,0.02,0.02,24.3,1.27,2.25,12.3,9.8,3.63,24.3,0.1,25.0,0.29,75.0,12.5,0.2,1.27,0.69,16.7,0.49,0.29,0.2,0.49,0.29,60.0,0.2,0.59,0.59,0.2,0.69,0.98,0.0,1.47,1.47,0.0,0.0,0.1,0.1,0.0,0.0,0.2,0.2,0.0,0.0,0.1,0.1,0.0,0.0,0.0,0.59,0.98,0.59,0.2,0.2,0.2,0.0,0.0,0.0,1.47,1.18,32.4,,,,,,,,,,,,,,,,,,,,,,,,,,,,,Christian Ramirez,"FW,MF",LA Galaxy,34-244,,,,"[ 1.17055481 -0.05956815  1.30608375  1.49335687  0.73044778 -0.6158587
  0.94969481  0.94710058 -1.75383479 -0.76086409 -1.14705353 -1.44504931
 -1.2692871  -0.98608398]",0,3.3716697691381725,-1.8483450314217253
5108075861,1,2025,27,24,2203,24.5,0.0,0.0,0.0,0.0,0.0,0.0,0.04,0.0,0.0,0.0,0.01,0.01,0.53,4.0,0.53,0.0,0.0,0.0,0.0,0.0,0.0,0.01,0.01,0.0,0.01,24.5,55.1,17.5,29.9,7.22,61.3,18.5,32.4,9.59,89.8,94.3,92.3,75.3,1095.4,399.0,55.1,17.5,29.9,7.22,61.3,18.5,32.4,9.59,89.8,94.3,92.3,75.3,55.1,17.5,29.9,7.22,61.3,18.5,32.4,9.59,89.8,94.3,92.3,75.3,55.1,17.5,29.9,7.22,61.3,18.5,32.4,9.59,89.8,94.3,92.3,75.3,0.0,0.01,-0.01,0.12,4.82,0.12,0.0,0.0,0.0,0.0,,0.0,0.0,,,,0.0,0.0,0.0,,0.0,0.0,69.9,9.47,32.3,32.7,5.27,0.2,69.9,0.29,77.8,0.08,22.2,41.6,0.0,0.61,0.2,47.3,1.02,0.57,0.45,1.02,0.57,41.2,0.82,1.31,0.57,1.14,2.16,4.16,0.04,0.49,0.49,0.0,0.0,0.0,0.0,0.0,0.0,0.08,0.08,0.0,0.0,0.0,0.0,0.0,0.0,0.0,0.37,0.16,0.0,0.33,1.14,0.45,0.0,0.0,0.0,3.18,1.18,60.4,,,,,,,,,,,,,,,,,,,,,,,,,,,,,Tim Ream,DF,Charlotte,38-060,Tim Ream,TAM Player,TAM Player,"[-0.68603763 -0.79755134 -0.86615915 -0.89395019 -1.03220501  1.04250591
 -1.21281652 -0.93520667  1.11263107  0.10433825 -0.88314335 -0.75512656
  0.59093776  0.54897171]",0,-2.6710431697674193,-0.7226143616810288
9917295709,1,2025,20,8,882,9.8,0.0,0.1,0.1,0.0,0.0,0.0,0.51,0.0,0.02,0.02,0.03,0.06,1.22,6.53,1.22,0.0,0.1,0.1,0.0,0.1,0.02,0.04,0.06,0.02,0.06,9.8,68.8,33.4,27.1,6.53,77.8,37.9,29.2,7.65,88.5,88.1,93.0,85.3,1145.9,321.5,68.8,33.4,27.1,6.53,77.8,37.9,29.2,7.65,88.5,88.1,93.0,85.3,68.8,33.4,27.1,6.53,77.8,37.9,29.2,7.65,88.5,88.1,93.0,85.3,68.8,33.4,27.1,6.53,77.8,37.9,29.2,7.65,88.5,88.1,93.0,85.3,0.1,0.08,0.07,0.41,7.14,0.51,0.1,0.0,0.31,0.0,0.0,0.31,0.0,0.0,,24.3,0.0,0.0,0.0,0.08,-0.02,-0.02,85.4,1.84,19.4,53.2,13.8,1.02,85.4,0.82,80.0,0.2,20.0,51.7,0.2,1.84,1.12,66.5,2.04,1.22,1.22,2.04,1.22,46.2,1.43,1.12,0.82,0.82,2.86,0.82,0.1,1.73,1.74,0.1,0.1,0.0,0.0,0.0,0.0,0.1,0.1,0.1,0.1,0.0,0.0,0.0,0.0,0.0,2.45,1.12,0.0,0.2,0.82,1.22,0.0,0.0,0.0,6.53,0.61,75.0,,,,,,,,,,,,,,,,,,,,,,,,,,,,,Federico Redondo,MF,Inter Miami,22-320,Federico Redondo,U22 Initiative,U22 Initiative,"[-0.68603763 -0.05956815 -0.74874061 -0.76490657 -0.8248341  -0.66099304
 -0.91487052 -0.93520667  2.02167233  1.51657175 -0.33133117  0.57264931
 -0.04233028  0.14388757]",0,-2.520013328832536,1.0828403693671984
113920051,2,2025,8,5,452,5.0,0.0,0.0,0.0,0.0,0.0,0.0,0.6,0.0,0.0,0.0,0.0,0.0,2.6,4.2,2.2,0.0,0.0,0.0,0.0,0.0,0.0,0.01,0.01,0.0,0.01,5.0,43.6,25.4,14.6,2.4,49.8,28.0,16.6,3.2,87.6,90.7,88.0,75.0,654.6,236.0,43.6,25.4,14.6,2.4,49.8,28.0,16.6,3.2,87.6,90.7,88.0,75.0,43.6,25.4,14.6,2.4,49.8,28.0,16.6,3.2,87.6,90.7,88.0,75.0,43.6,25.4,14.6,2.4,49.8,28.0,16.6,3.2,87.6,90.7,88.0,75.0,0.0,0.04,0.0,0.2,3.4,0.2,0.0,0.0,0.0,0.0,,0.0,0.0,,,,0.0,0.0,0.0,,0.0,0.0,62.2,3.2,23.4,28.8,11.0,0.4,62.2,0.4,40.0,0.6,60.0,37.2,0.2,1.2,1.0,40.4,3.4,2.2,2.0,3.4,2.2,91.7,0.2,1.4,1.2,1.0,4.4,4.0,0.2,1.0,1.0,0.0,0.0,0.0,0.0,0.0,0.0,0.0,0.0,0.0,0.0,0.0,0.0,0.0,0.0,0.0,1.2,0.4,0.0,1.2,1.0,2.0,0.0,0.0,0.0,4.2,0.6,37.5,,,,,,,,,,,,,,,,,,,,,,,,,,,,,Jayden Reid,DF,St. Louis,24-096,Jayden Reid,,Standard,"[-0.68603763 -0.79755134 -0.86615915 -0.89395019 -1.13589047 -1.21550065
 -1.21281652 -0.93520667  0.34956724  0.21597727  0.77229319  2.34301714
  0.31388299  0.74085367]",0,-2.703746666385893,0.4055788945237924
4387109799,1,2025,11,4,496,5.5,0.18,0.0,0.18,0.18,0.0,0.0,0.55,0.0,0.13,0.13,0.02,0.15,0.73,4.55,3.27,0.18,0.0,0.18,0.18,0.18,0.12,0.02,0.15,0.12,0.15,5.5,44.0,20.7,20.2,2.36,51.8,22.2,23.5,3.45,84.9,93.4,86.0,68.4,734.5,158.5,44.0,20.7,20.2,2.36,51.8,22.2,23.5,3.45,84.9,93.4,86.0,68.4,44.0,20.7,20.2,2.36,51.8,22.2,23.5,3.45,84.9,93.4,86.0,68.4,44.0,20.7,20.2,2.36,51.8,22.2,23.5,3.45,84.9,93.4,86.0,68.4,0.0,0.04,-0.02,0.73,5.82,0.18,0.0,0.18,0.73,0.36,50.0,0.73,0.36,0.25,0.5,12.2,0.0,0.0,0.0,0.17,0.05,0.05,63.1,2.18,11.5,37.8,14.5,0.91,63.1,0.36,20.0,0.91,50.0,34.2,0.36,1.27,1.64,42.5,1.82,1.27,1.27,1.82,1.27,46.7,1.45,1.82,1.27,1.64,3.45,1.27,0.18,2.55,2.54,0.0,0.0,0.18,0.0,0.0,0.0,0.0,0.0,0.0,0.0,0.18,0.0,0.0,0.0,0.0,1.82,2.55,0.0,0.55,1.64,1.27,0.0,0.0,0.0,6.91,0.55,60.0,,,,,,,,,,,,,,,,,,,,,,,,,,,,,William Reilly,MF,Atlanta Utd,23-001,William Reilly,Homegrown Player,Homegrown,"[ 0.17085119 -0.79755134 -0.10293867 -0.05516663 -0.92851955 -1.15876033
 -0.51120173 -0.16517189  0.37610859  0.41134554 -0.72319779  0.28626628
  1.58041907  1.63630282]",0,-1.718483276999944,-0.4501043642791599
3572596292,2,2025,21,17,1482,16.5,0.3,0.48,0.79,0.3,0.0,0.0,0.06,0.0,0.24,0.24,0.37,0.61,1.94,7.09,4.36,0.3,0.49,0.79,0.3,0.79,0.24,0.37,0.61,0.24,0.61,16.5,44.4,23.4,16.4,2.97,53.4,25.6,18.9,4.79,83.2,91.3,86.5,62.0,693.1,179.8,44.4,23.4,16.4,2.97,53.4,25.6,18.9,4.79,83.2,91.3,86.5,62.0,44.4,23.4,16.4,2.97,53.4,25.6,18.9,4.79,83.2,91.3,86.5,62.0,44.4,23.4,16.4,2.97,53.4,25.6,18.9,4.79,83.2,91.3,86.5,62.0,0.48,0.27,0.12,2.85,4.24,2.48,0.24,0.3,1.7,0.67,39.3,1.7,0.67,0.18,0.45,15.6,0.24,0.0,0.0,0.16,0.07,0.07,60.1,0.85,4.61,28.4,28.1,3.52,60.1,0.61,50.0,0.48,40.0,37.2,0.18,0.91,0.61,46.5,1.27,0.24,0.97,1.27,0.24,44.4,0.3,0.42,0.3,0.48,1.76,0.67,0.06,4.55,4.55,0.12,0.0,0.12,0.0,0.24,0.0,0.61,0.61,0.12,0.0,0.12,0.0,0.24,0.0,0.0,0.36,0.97,0.24,3.15,0.48,0.97,0.0,0.0,0.0,2.73,0.0,0.0,,,,,,,,,,,,,,,,,,,,,,,,,,,,,Marco Reus,"MF,FW",LA Galaxy,36-187,Marco Reus,TAM Player,TAM Player,"[ 0.7421104   2.74476797  0.54286327  0.65457331  2.70047149  0.11273851
  0.42108093  0.49791362  0.40264994  1.82916098  0.24447284 -0.42969129
 -0.71517756 -1.34852768]",-1,2.5572652890190737,3.2143814565279105
6316045730,1,2025,7,4,366,4.1,0.0,0.0,0.0,0.0,0.0,0.0,0.0,0.0,0.05,0.05,0.0,0.05,0.24,0.49,0.24,0.0,0.0,0.0,0.0,0.0,0.06,0.0,0.06,0.06,0.06,4.1,25.6,10.0,13.4,1.95,29.3,10.5,14.1,3.66,87.5,95.3,94.8,53.3,450.0,215.1,25.6,10.0,13.4,1.95,29.3,10.5,14.1,3.66,87.5,95.3,94.8,53.3,25.6,10.0,13.4,1.95,29.3,10.5,14.1,3.66,87.5,95.3,94.8,53.3,25.6,10.0,13.4,1.95,29.3,10.5,14.1,3.66,87.5,95.3,94.8,53.3,0.0,0.0,0.0,0.0,0.24,0.0,0.0,0.0,0.49,0.24,50.0,0.49,0.25,0.0,0.0,8.9,0.0,0.0,0.0,0.11,-0.05,-0.05,41.5,9.27,31.7,9.27,0.98,0.73,41.5,0.24,100.0,0.0,0.0,18.5,0.0,0.0,0.0,22.2,1.95,0.98,1.46,1.95,0.98,100.0,0.0,2.2,0.73,1.71,3.66,5.85,0.24,0.24,0.25,0.0,0.0,0.0,0.0,0.0,0.0,0.0,0.0,0.0,0.0,0.0,0.0,0.0,0.0,0.0,0.98,0.73,0.49,0.0,1.71,1.46,0.0,0.0,0.0,3.17,1.95,80.0,,,,,,,,,,,,,,,,,,,,,,,,,,,,,Alvaro Ribeiro,DF,FC Dallas,20-231,,,,"[-0.68603763 -0.79755134 -0.57261281 -0.57134113 -1.13589047 -1.32640217
 -0.74186961 -0.42185015 -0.84479354 -1.8549264  -1.11506441  0.45549262
  1.71894645  2.4464711 ]",0,-2.3823052421385853,-2.011569737488838
5242129312,2,2025,19,12,915,10.2,0.1,0.2,0.29,0.1,0.0,0.0,0.0,0.0,0.04,0.04,0.16,0.2,3.24,2.16,5.29,0.1,0.2,0.3,0.1,0.3,0.04,0.15,0.2,0.04,0.2,10.2,30.7,14.8,13.7,1.37,40.6,17.5,16.6,3.82,75.6,84.8,82.8,35.9,496.6,158.9,30.7,14.8,13.7,1.37,40.6,17.5,16.6,3.82,75.6,84.8,82.8,35.9,30.7,14.8,13.7,1.37,40.6,17.5,16.6,3.82,75.6,84.8,82.8,35.9,30.7,14.8,13.7,1.37,40.6,17.5,16.6,3.82,75.6,84.8,82.8,35.9,0.2,0.12,0.04,0.88,1.08,1.08,0.78,0.1,0.69,0.2,28.6,0.69,0.2,0.14,0.5,18.3,0.0,0.0,0.0,0.06,0.06,0.06,53.5,2.55,14.4,24.7,15.1,1.76,53.5,1.37,53.8,1.08,42.3,25.1,0.88,2.65,0.98,29.7,1.86,0.78,1.08,1.86,0.78,47.1,0.88,1.27,0.98,1.47,3.33,2.55,0.0,1.76,1.77,0.39,0.1,0.1,0.0,0.0,0.0,0.39,0.39,0.39,0.1,0.1,0.0,0.0,0.0,0.0,1.08,1.86,0.1,2.75,1.47,1.08,0.0,0.0,0.1,3.82,0.59,30.0,,,,,,,,,,,,,,,,,,,,,,,,,,,,,Jamar Ricketts,"DF,MF",SJ Earthquakes,24-041,Jamar Ricketts,,Standard,"[-0.20998828  0.67841504 -0.63132208 -0.63586294  0.52307686 -0.6184378
 -0.54964638 -0.50740957 -0.50639132 -0.92274065  1.28411898  0.33833592
  1.24399542  0.46369084]",0,-0.6619251470266969,0.6691264608092026
210567961,2,2025,22,15,1414,15.7,0.19,0.13,0.32,0.19,0.0,0.0,0.25,0.06,0.08,0.08,0.08,0.16,1.85,4.46,5.61,0.19,0.13,0.32,0.19,0.32,0.08,0.08,0.16,0.08,0.16,15.7,39.4,22.7,12.7,2.17,48.2,25.4,15.5,3.89,81.6,89.2,81.9,55.7,576.8,167.6,39.4,22.7,12.7,2.17,48.2,25.4,15.5,3.89,81.6,89.2,81.9,55.7,39.4,22.7,12.7,2.17,48.2,25.4,15.5,3.89,81.6,89.2,81.9,55.7,39.4,22.7,12.7,2.17,48.2,25.4,15.5,3.89,81.6,89.2,81.9,55.7,0.13,0.15,0.04,0.45,2.1,1.34,0.25,0.19,0.76,0.32,41.7,0.76,0.32,0.25,0.6,19.7,0.0,0.0,0.0,0.1,0.11,0.11,59.6,3.63,16.8,23.8,19.6,1.91,59.6,0.89,53.8,0.64,38.5,30.9,0.51,1.78,0.89,35.1,2.74,1.78,1.85,2.74,1.78,54.9,1.46,0.7,0.45,1.34,4.08,2.93,0.06,1.85,1.84,0.13,0.06,0.0,0.0,0.06,0.0,0.45,0.45,0.13,0.06,0.0,0.0,0.06,0.0,0.06,0.96,0.38,0.32,1.78,1.34,1.85,0.0,0.0,0.0,4.52,0.7,44.0,,,,,,,,,,,,,,,,,,,,,,,,,,,,,Kalani Rienzi,"DF,MF",Seattle Sounders,23-160,,,,"[ 0.21845613  0.16182681 -0.39648501 -0.37777569 -0.3064068   0.02504893
 -0.48236825 -0.25073131  0.07088306  0.36110798  0.17249734  1.48386805
  0.98673028 -0.75156158]",0,-0.9070887975367712,0.7139782848269272
303915964,2,2025,6,6,514,5.7,0.0,0.0,0.0,0.0,0.0,0.0,0.0,0.0,0.02,0.02,0.02,0.04,0.0,2.63,0.0,0.0,0.0,0.0,0.0,0.0,0.02,0.01,0.03,0.02,0.03,5.7,51.9,20.0,29.3,2.46,58.2,20.9,31.8,4.91,89.2,95.8,92.3,50.0,915.3,315.3,51.9,20.0,29.3,2.46,58.2,20.9,31.8,4.91,89.2,95.8,92.3,50.0,51.9,20.0,29.3,2.46,58.2,20.9,31.8,4.91,89.2,95.8,92.3,50.0,51.9,20.0,29.3,2.46,58.2,20.9,31.8,4.91,89.2,95.8,92.3,50.0,0.0,0.02,-0.02,0.35,3.51,0.0,0.0,0.0,0.18,0.0,0.0,0.18,0.0,0.0,,9.8,0.0,0.0,0.0,0.09,-0.02,-0.02,69.6,8.95,33.5,35.4,0.88,0.18,69.6,0.0,,0.0,,40.9,0.0,0.18,0.18,47.2,2.81,1.23,1.05,2.81,1.23,100.0,0.0,1.58,0.88,0.53,3.33,5.26,0.0,1.05,1.05,0.0,0.0,0.0,0.0,0.0,0.0,0.0,0.0,0.0,0.0,0.0,0.0,0.0,0.0,0.0,1.05,0.35,0.0,0.0,0.53,1.05,0.0,0.0,0.0,4.74,0.53,42.9,,,,,,,,,,,,,,,,,,,,,,,,,,,,,Chris Rindov,DF,LA Galaxy,24-057,,,,"[-0.68603763 -0.79755134 -0.74874061 -0.76490657 -0.92851955 -1.13554839
 -1.03981562 -0.93520667  0.90030027 -0.66038897 -1.30699909  1.57498992
 -0.61622943  1.12461759]",0,-2.6960364387971194,-0.8696259978894051
6605460181,1,2025,17,12,1057,11.7,0.0,0.0,0.0,0.0,0.0,0.0,0.09,0.0,0.03,0.03,0.06,0.09,0.85,4.87,1.54,0.0,0.0,0.0,0.0,0.0,0.03,0.06,0.08,0.03,0.08,11.7,54.1,21.5,25.9,6.5,66.6,23.3,29.9,12.1,81.3,92.3,86.6,53.9,1031.9,363.5,54.1,21.5,25.9,6.5,66.6,23.3,29.9,12.1,81.3,92.3,86.6,53.9,54.1,21.5,25.9,6.5,66.6,23.3,29.9,12.1,81.3,92.3,86.6,53.9,54.1,21.5,25.9,6.5,66.6,23.3,29.9,12.1,81.3,92.3,86.6,53.9,0.0,0.09,-0.06,0.6,4.36,0.6,0.09,0.0,0.34,0.09,25.0,0.34,0.09,0.0,0.0,22.7,0.17,0.0,0.0,0.07,-0.03,-0.03,79.0,9.15,34.8,36.8,7.35,0.26,79.0,0.0,0.0,0.43,100.0,37.9,0.0,0.43,0.34,47.8,1.37,0.85,0.68,1.37,0.85,62.5,0.51,1.79,0.6,1.03,2.39,5.56,0.0,1.11,1.11,0.0,0.0,0.0,0.0,0.0,0.0,0.0,0.0,0.0,0.0,0.0,0.0,0.0,0.0,0.0,0.85,1.03,0.0,0.77,1.03,0.68,0.0,0.0,0.0,3.93,1.88,52.4,,,,,,,,,,,,,,,,,,,,,,,,,,,,,Birk Risa,DF,NYCFC,27-294,Birk Risa,,Standard,"[-0.68603763 -0.79755134 -0.69003135 -0.70038476 -0.51377772 -0.43532134
 -0.88603703 -0.74269798  1.0462777   0.58996795 -0.62723046 -0.29951719
  0.37325187  1.57234217]",0,-2.432720307740301,-0.07671443506851947
8492362948,1,2025,14,10,890,9.9,0.0,0.0,0.0,0.0,0.0,0.0,0.61,0.1,0.02,0.02,0.03,0.05,0.81,3.74,1.52,0.0,0.0,0.0,0.0,0.0,0.02,0.03,0.05,0.02,0.05,9.9,42.8,18.8,20.0,3.23,50.5,20.5,22.5,5.56,84.8,91.6,88.8,58.2,750.6,272.3,42.8,18.8,20.0,3.23,50.5,20.5,22.5,5.56,84.8,91.6,88.8,58.2,42.8,18.8,20.0,3.23,50.5,20.5,22.5,5.56,84.8,91.6,88.8,58.2,42.8,18.8,20.0,3.23,50.5,20.5,22.5,5.56,84.8,91.6,88.8,58.2,0.0,0.04,-0.03,0.51,3.23,0.2,0.0,0.0,0.4,0.1,25.0,0.4,0.1,0.0,0.0,8.8,0.0,0.0,0.0,0.04,-0.02,-0.02,62.8,4.65,26.4,30.3,6.87,1.31,62.8,0.71,70.0,0.3,30.0,34.2,0.1,0.81,0.4,38.4,2.12,1.31,1.52,2.12,1.31,72.2,0.51,0.91,0.71,1.82,3.94,4.75,0.1,1.11,1.11,0.0,0.0,0.0,0.0,0.0,0.0,0.0,0.0,0.0,0.0,0.0,0.0,0.0,0.0,0.1,1.92,0.71,0.0,0.51,1.82,1.52,0.0,0.0,0.0,6.36,1.62,61.5,,,,,,,,,,,,,,,,,,,,,,,,,,,,,Reid Roberts,DF,SJ Earthquakes,21-360,Reid Roberts,,Standard,"[-0.68603763 -0.79755134 -0.74874061 -0.76490657 -0.8248341  -0.65067662
 -0.82837006 -0.72130812  0.29648454 -0.04079246 -0.65921957  0.6767886
  1.93663234 -0.30383701]",0,-2.47565750509955,-0.43266285930804177
9381449529,2,2025,26,26,2255,25.1,0.04,0.0,0.04,0.04,0.0,0.0,0.12,0.0,0.06,0.06,0.02,0.08,0.56,3.82,0.12,0.04,0.0,0.04,0.04,0.04,0.06,0.02,0.08,0.06,0.08,25.1,57.4,17.8,34.2,5.22,65.2,19.4,36.4,8.57,88.1,91.6,94.1,60.9,1113.3,477.2,57.4,17.8,34.2,5.22,65.2,19.4,36.4,8.57,88.1,91.6,94.1,60.9,57.4,17.8,34.2,5.22,65.2,19.4,36.4,8.57,88.1,91.6,94.1,60.9,57.4,17.8,34.2,5.22,65.2,19.4,36.4,8.57,88.1,91.6,94.1,60.9,0.0,0.03,-0.02,0.28,4.1,0.16,0.0,0.04,0.6,0.08,13.3,0.6,0.08,0.07,0.5,10.3,0.0,0.0,0.0,0.1,-0.02,-0.02,76.5,9.16,39.3,34.3,3.19,0.92,76.5,0.16,57.1,0.12,42.9,45.4,0.08,0.4,0.24,54.8,1.39,0.76,0.76,1.39,0.76,73.1,0.28,1.35,0.48,1.43,2.83,5.42,0.04,1.0,1.0,0.0,0.0,0.0,0.0,0.0,0.0,0.08,0.08,0.0,0.0,0.0,0.0,0.0,0.0,0.0,0.64,0.56,0.04,0.12,1.43,0.76,0.0,0.04,0.04,3.59,2.03,63.0,,,,,,,,,,,,,,,,,,,,,,,,,,,,,Miles Robinson,DF,FC Cincinnati,28-265,Miles Robinson,TAM Player,TAM Player,"[-0.49561789 -0.79755134 -0.51390354 -0.50681932 -0.92851955  1.10956265
 -0.63614683 -0.76408783  1.26524384  0.00386314 -0.85915152 -0.27348237
  1.16483692  0.63425258]",0,-2.335071338937564,-0.5321237710926137
1908042852,1,2025,18,18,1365,15.2,0.0,0.07,0.07,0.0,0.0,0.0,0.2,0.0,0.07,0.07,0.03,0.11,1.12,3.16,0.07,0.0,0.07,0.07,0.0,0.07,0.07,0.03,0.11,0.07,0.11,15.2,49.0,20.1,25.2,3.22,54.7,21.2,26.3,6.12,89.7,94.7,95.8,52.7,859.7,353.5,49.0,20.1,25.2,3.22,54.7,21.2,26.3,6.12,89.7,94.7,95.8,52.7,49.0,20.1,25.2,3.22,54.7,21.2,26.3,6.12,89.7,94.7,95.8,52.7,49.0,20.1,25.2,3.22,54.7,21.2,26.3,6.12,89.7,94.7,95.8,52.7,0.07,0.03,0.03,0.26,3.16,0.33,0.07,0.0,0.33,0.0,0.0,0.33,0.0,0.0,,8.3,0.0,0.0,0.0,0.22,-0.07,-0.07,65.3,7.57,33.8,29.9,2.11,0.53,65.3,0.2,75.0,0.07,25.0,40.4,0.0,0.46,0.13,46.9,1.71,0.86,1.25,1.71,0.86,61.9,0.53,0.79,0.33,1.58,3.29,4.87,0.0,0.79,0.79,0.0,0.0,0.0,0.0,0.0,0.0,0.2,0.2,0.0,0.0,0.0,0.0,0.0,0.0,0.0,1.71,1.51,0.0,0.13,1.58,1.25,0.0,0.0,0.0,3.62,1.51,62.2,,,,,,,,,,,,,,,,,,,,,,,,,,,,,Stian Rode Gregersen,DF,Atlanta Utd,30-201,,,,"[-0.68603763 -0.28096311 -0.45519428 -0.44229751 -0.8248341  -0.03813914
 -0.89564819 -0.93520667  0.70787548 -0.36454559 -0.41130395  0.14307477
  1.46168131 -0.55967962]",0,-2.010742178337317,-0.44297057854254124
902095488,1,2025,20,17,1481,16.5,0.06,0.06,0.12,0.06,0.0,0.0,0.24,0.0,0.06,0.06,0.04,0.1,1.52,5.45,0.61,0.06,0.06,0.12,0.06,0.12,0.06,0.04,0.1,0.06,0.1,16.5,46.3,18.4,21.6,5.33,57.8,20.8,25.3,9.33,80.2,88.1,85.6,57.1,866.5,389.4,46.3,18.4,21.6,5.33,57.8,20.8,25.3,9.33,80.2,88.1,85.6,57.1,46.3,18.4,21.6,5.33,57.8,20.8,25.3,9.33,80.2,88.1,85.6,57.1,46.3,18.4,21.6,5.33,57.8,20.8,25.3,9.33,80.2,88.1,85.6,57.1,0.06,0.04,0.02,0.36,5.76,0.48,0.06,0.06,0.79,0.18,23.1,0.79,0.18,0.08,0.33,15.4,0.0,0.0,0.0,0.08,0.0,0.0,71.9,5.82,31.5,34.7,7.03,0.91,71.9,0.91,68.2,0.36,27.3,40.8,0.0,0.91,0.3,41.4,2.91,1.88,1.58,2.91,1.88,55.4,1.52,1.7,0.91,2.24,5.15,4.36,0.0,1.58,1.58,0.06,0.0,0.12,0.0,0.06,0.0,0.18,0.18,0.06,0.0,0.12,0.0,0.06,0.0,0.0,0.97,2.06,0.12,0.61,2.24,1.58,0.0,0.0,0.0,6.12,1.52,56.8,,,,,,,,,,,,,,,,,,,,,,,,,,,,,Rodrigues,DF,SJ Earthquakes,28-055,Rodrigues,TAM Player,TAM Player,"[-0.40040802 -0.35476143 -0.51390354 -0.50681932 -0.72114864  0.11144895
 -0.45353476 -0.55018928  0.52872136  0.91372109 -0.09141283  1.70516403
  2.76779663  1.3804602 ]",0,-2.6785568348670505,1.0453144390296742
8861161874,1,2025,14,6,614,6.8,0.44,0.44,0.88,0.44,0.0,0.0,0.44,0.0,0.32,0.32,0.07,0.4,2.21,3.82,6.91,0.44,0.44,0.88,0.44,0.88,0.32,0.07,0.39,0.32,0.39,6.8,46.2,23.1,18.5,2.79,51.6,25.0,20.0,3.82,89.5,92.4,92.6,73.1,736.0,144.0,46.2,23.1,18.5,2.79,51.6,25.0,20.0,3.82,89.5,92.4,92.6,73.1,46.2,23.1,18.5,2.79,51.6,25.0,20.0,3.82,89.5,92.4,92.6,73.1,46.2,23.1,18.5,2.79,51.6,25.0,20.0,3.82,89.5,92.4,92.6,73.1,0.44,0.13,0.37,0.44,2.94,1.47,0.15,0.44,2.35,1.03,43.8,2.35,1.03,0.19,0.43,18.7,0.0,0.0,0.0,0.14,0.12,0.12,64.0,1.47,8.53,31.0,24.9,2.65,64.0,1.91,54.2,1.47,41.7,41.9,0.74,2.5,1.03,49.1,2.21,0.74,1.62,2.21,0.74,20.0,2.94,0.88,0.88,0.88,3.09,1.03,0.0,2.94,2.93,0.0,0.0,0.29,0.0,0.15,0.15,0.59,0.59,0.0,0.0,0.29,0.0,0.15,0.15,0.0,2.06,1.76,0.29,0.74,0.88,1.62,0.0,0.0,0.0,5.29,0.44,37.5,,,,,,,,,,,,,,,,,,,,,,,,,,,,,Baltasar Rodríguez,"MF,FW",Inter Miami,22-148,,,,"[ 1.40857949  2.44957469  1.01253741  1.17074781 -0.41009226 -1.00659313
  1.04580643  1.26794841  0.52208602  0.00386314  0.46039935  0.79394529
  0.07640748 -0.36779766]",-1,2.348419727321165,1.1256458417537623
723111160,3,2025,19,7,654,7.3,0.0,0.0,0.0,0.0,0.0,0.0,0.41,0.0,0.04,0.04,0.29,0.33,1.1,8.49,3.01,0.0,0.0,0.0,0.0,0.0,0.04,0.29,0.33,0.04,0.33,7.3,47.1,20.0,16.8,9.04,58.6,22.2,19.9,14.1,80.4,90.1,84.8,64.1,961.2,373.4,47.1,20.0,16.8,9.04,58.6,22.2,19.9,14.1,80.4,90.1,84.8,64.1,47.1,20.0,16.8,9.04,58.6,22.2,19.9,14.1,80.4,90.1,84.8,64.1,47.1,20.0,16.8,9.04,58.6,22.2,19.9,14.1,80.4,90.1,84.8,64.1,0.0,0.37,-0.29,2.05,7.67,1.51,0.27,0.0,1.23,0.14,11.1,1.24,0.14,0.0,0.0,26.2,0.41,0.0,0.0,0.04,-0.04,-0.04,65.9,1.37,9.73,34.8,21.6,1.23,65.9,0.14,50.0,0.14,50.0,32.2,0.27,0.96,0.82,47.7,2.6,1.37,1.78,2.6,1.37,50.0,1.37,0.68,0.68,0.41,3.01,0.68,0.0,4.25,4.26,0.0,0.0,0.14,0.0,0.14,0.0,0.14,0.14,0.0,0.0,0.14,0.0,0.14,0.0,0.0,2.19,1.37,0.0,5.62,0.41,1.78,0.0,0.14,0.0,4.11,0.27,22.2,,,,,,,,,,,,,,,,,,,,,,,,,,,,,Memo Rodriguez,MF,Sporting KC,29-342,,,,"[-0.68603763 -0.79755134 -0.63132208 -0.63586294  1.87098783 -0.95501103
 -0.03064366 -0.6357487   0.58180406  2.61063406 -0.42729851  1.3016243
 -0.85370495 -0.79420202]",0,-0.9446409705956047,2.2574250454017872
6914457937,1,2025,22,20,1701,18.9,0.0,0.0,0.0,0.0,0.0,0.0,0.32,0.0,0.05,0.05,0.03,0.07,0.32,2.59,0.16,0.0,0.0,0.0,0.0,0.0,0.05,0.02,0.08,0.05,0.08,18.9,57.2,24.5,28.5,3.39,61.8,25.6,29.8,5.03,92.6,95.7,95.4,67.4,987.2,410.2,57.2,24.5,28.5,3.39,61.8,25.6,29.8,5.03,92.6,95.7,95.4,67.4,57.2,24.5,28.5,3.39,61.8,25.6,29.8,5.03,92.6,95.7,95.4,67.4,57.2,24.5,28.5,3.39,61.8,25.6,29.8,5.03,92.6,95.7,95.4,67.4,0.0,0.01,-0.03,0.11,3.02,0.05,0.0,0.0,0.42,0.16,37.5,0.42,0.16,0.0,0.0,10.5,0.0,0.0,0.0,0.14,-0.05,-0.05,72.2,11.4,45.6,24.4,2.38,0.53,72.2,0.05,50.0,0.05,50.0,38.1,0.0,0.48,0.16,49.8,1.38,0.53,0.85,1.38,0.53,47.6,0.58,1.16,0.53,1.27,2.65,4.66,0.11,0.37,0.37,0.0,0.0,0.0,0.0,0.0,0.0,0.05,0.05,0.0,0.0,0.0,0.0,0.0,0.0,0.0,0.9,0.26,0.05,0.0,1.27,0.85,0.0,0.05,0.05,3.76,1.22,59.0,,,,,,,,,,,,,,,,,,,,,,,,,,,,,Sam Rogers,DF,Chicago Fire,26-201,Sam Rogers,,Standard,"[-0.68603763 -0.79755134 -0.57261281 -0.57134113 -0.8248341   0.39515052
 -0.80914774 -0.59296899  1.25197316 -0.68271678 -1.05108619 -0.28649978
  0.8482029   0.22916844]",0,-2.229289948444717,-1.014996174868453
4598072253,2,2025,7,5,352,3.9,0.26,0.0,0.26,0.26,0.0,0.0,0.0,0.0,0.18,0.18,0.15,0.33,1.28,4.62,4.87,0.26,0.0,0.26,0.26,0.26,0.18,0.16,0.34,0.18,0.34,3.9,31.0,14.1,9.23,6.92,45.4,16.9,12.8,12.1,68.4,83.3,72.0,57.4,632.3,216.9,31.0,14.1,9.23,6.92,45.4,16.9,12.8,12.1,68.4,83.3,72.0,57.4,31.0,14.1,9.23,6.92,45.4,16.9,12.8,12.1,68.4,83.3,72.0,57.4,31.0,14.1,9.23,6.92,45.4,16.9,12.8,12.1,68.4,83.3,72.0,57.4,0.0,0.18,-0.15,2.82,3.08,0.26,0.26,0.26,3.59,1.54,42.9,3.58,1.53,0.07,0.17,24.6,1.03,0.0,0.0,0.05,0.08,0.08,54.4,0.26,5.38,25.6,23.3,2.05,54.4,1.03,50.0,1.03,50.0,34.4,0.26,2.31,0.51,40.3,0.51,0.26,0.51,0.51,0.26,25.0,0.77,0.51,0.51,0.26,0.77,0.0,0.26,4.62,4.6,0.0,0.0,0.0,0.0,0.0,0.0,0.26,0.26,0.0,0.0,0.0,0.0,0.0,0.0,0.0,1.03,0.77,0.51,6.67,0.26,0.51,0.0,0.0,0.0,3.59,0.77,60.0,,,,,,,,,,,,,,,,,,,,,,,,,,,,,Matías Rojas,"MF,FW",Portland Timbers,30-031,,,,"[ 0.55169067 -0.79755134  0.19060767  0.26744243  0.41939141 -1.3444559
  2.23759046  2.35883103 -0.4864853   0.45041919 -0.2833475  -1.41901449
 -1.15054934 -1.15664572]",-1,2.7965034567351004,-0.6789321415633541
8031854656,2,2025,29,24,2116,23.5,0.0,0.09,0.09,0.0,0.0,0.0,0.09,0.0,0.05,0.05,0.14,0.2,1.4,4.81,5.83,0.0,0.09,0.09,0.0,0.09,0.05,0.14,0.19,0.05,0.19,23.5,56.7,27.9,23.2,4.43,67.1,30.6,26.7,6.89,84.5,91.2,86.9,64.2,955.4,272.1,56.7,27.9,23.2,4.43,67.1,30.6,26.7,6.89,84.5,91.2,86.9,64.2,56.7,27.9,23.2,4.43,67.1,30.6,26.7,6.89,84.5,91.2,86.9,64.2,56.7,27.9,23.2,4.43,67.1,30.6,26.7,6.89,84.5,91.2,86.9,64.2,0.09,0.14,-0.06,1.11,4.34,1.53,0.43,0.0,1.15,0.34,29.6,1.15,0.34,0.0,0.0,21.4,0.0,0.0,0.0,0.04,-0.05,-0.05,78.6,4.68,23.0,33.4,22.7,1.57,78.6,0.3,41.2,0.43,58.8,46.6,0.38,1.11,0.34,53.6,1.83,0.77,1.49,1.83,0.77,47.4,0.85,1.15,0.94,1.15,2.98,3.87,0.17,2.77,2.76,0.0,0.0,0.09,0.0,0.0,0.0,0.21,0.21,0.0,0.0,0.09,0.0,0.0,0.0,0.0,0.3,1.19,0.09,2.09,1.15,1.49,0.0,0.0,0.0,4.34,0.94,53.7,,,,,,,,,,,,,,,,,,,,,,,,,,,,,Alex Roldan,"DF,MF",Seattle Sounders,29-129,Alex Roldan,,Standard,"[-0.68603763 -0.13336647 -0.57261281 -0.57134113  0.31570595  0.93031484
 -0.10753295 -0.2079516   1.21879647  0.55647625 -0.18738017  0.29928369
  0.61072739  0.20784822]",0,-1.3873419584065596,0.971062933850164
687176513,3,2025,31,30,2632,29.2,0.03,0.07,0.1,0.03,0.0,0.0,0.1,0.0,0.07,0.07,0.09,0.16,1.03,8.32,1.85,0.03,0.07,0.1,0.03,0.1,0.07,0.09,0.16,0.07,0.16,29.2,62.6,26.0,27.4,7.43,71.0,28.6,29.6,9.69,88.2,91.1,92.6,76.7,1141.4,348.4,62.6,26.0,27.4,7.43,71.0,28.6,29.6,9.69,88.2,91.1,92.6,76.7,62.6,26.0,27.4,7.43,71.0,28.6,29.6,9.69,88.2,91.1,92.6,76.7,62.6,26.0,27.4,7.43,71.0,28.6,29.6,9.69,88.2,91.1,92.6,76.7,0.07,0.12,-0.02,1.16,9.38,0.86,0.21,0.03,1.16,0.45,38.2,1.16,0.44,0.03,0.08,19.2,0.0,0.0,0.0,0.06,-0.03,-0.03,83.3,3.56,17.4,49.4,17.1,1.71,83.3,0.86,61.0,0.48,34.1,50.9,0.1,1.16,0.72,61.7,2.74,1.68,1.58,2.74,1.68,56.3,1.3,1.61,1.3,1.34,4.08,1.44,0.07,3.08,3.08,0.07,0.0,0.17,0.03,0.03,0.0,0.34,0.34,0.07,0.0,0.17,0.03,0.03,0.0,0.0,1.1,1.78,0.1,0.72,1.34,1.58,0.0,0.03,0.0,6.2,1.51,53.7,,,,,,,,,,,,,,,,,,,,,,,,,,,,,Cristian Roldan,MF,Seattle Sounders,30-184,Cristian Roldan,TAM Player,TAM Player,"[-0.54322282 -0.28096311 -0.45519428 -0.44229751 -0.20272134  1.59572397
 -0.09792179  0.02733681  1.6102814   2.5157409  -0.48327945  1.48386805
  0.98673028  1.18857824]",0,-2.162613551750588,2.1587930794241927
2351329881,1,2025,27,25,2125,23.6,0.0,0.21,0.21,0.0,0.0,0.0,0.42,0.0,0.07,0.07,0.11,0.18,0.38,1.86,0.59,0.0,0.21,0.21,0.0,0.21,0.07,0.11,0.18,0.07,0.18,23.6,30.1,12.7,14.1,3.01,38.9,14.1,16.4,7.03,77.4,90.4,85.8,42.8,555.8,248.5,30.1,12.7,14.1,3.01,38.9,14.1,16.4,7.03,77.4,90.4,85.8,42.8,30.1,12.7,14.1,3.01,38.9,14.1,16.4,7.03,77.4,90.4,85.8,42.8,30.1,12.7,14.1,3.01,38.9,14.1,16.4,7.03,77.4,90.4,85.8,42.8,0.21,0.08,0.11,0.47,2.08,0.17,0.0,0.0,0.89,0.08,9.5,0.89,0.08,0.0,0.0,14.1,0.0,0.0,0.0,0.08,-0.07,-0.07,51.5,7.75,30.1,16.9,4.83,2.84,51.5,0.34,61.5,0.21,38.5,23.9,0.04,0.55,0.17,27.5,1.31,0.97,0.72,1.31,0.97,57.5,0.72,1.02,0.42,1.23,2.54,5.21,0.04,0.89,0.89,0.0,0.0,0.0,0.0,0.0,0.0,0.25,0.25,0.0,0.0,0.0,0.0,0.0,0.0,0.0,1.19,0.97,0.04,0.13,1.23,0.72,0.0,0.04,0.08,3.94,2.12,58.8,,,,,,,,,,,,,,,,,,,,,,,,,,,,,Nicolás Romero,DF,Minnesota Utd,22-006,Nicolás Romero,U22 Initiative,U22 Initiative,"[-0.68603763  0.75221336 -0.45519428 -0.44229751  0.00464957  0.94192081
 -0.35742315 -0.76408783 -0.54620334 -1.09019917 -1.00310252 -0.37762165
  0.76904439 -0.06931461]",0,-0.8830831901586463,-0.6458048479300295
2977665500,2,2025,33,29,2673,29.7,0.0,0.0,0.0,0.0,0.0,0.0,0.13,0.0,0.02,0.02,0.02,0.04,0.74,4.41,0.57,0.0,0.0,0.0,0.0,0.0,0.02,0.02,0.04,0.02,0.04,29.7,45.5,15.7,25.0,4.31,53.7,17.4,27.8,7.17,84.7,90.0,90.1,60.1,873.4,325.4,45.5,15.7,25.0,4.31,53.7,17.4,27.8,7.17,84.7,90.0,90.1,60.1,45.5,15.7,25.0,4.31,53.7,17.4,27.8,7.17,84.7,90.0,90.1,60.1,45.5,15.7,25.0,4.31,53.7,17.4,27.8,7.17,84.7,90.0,90.1,60.1,0.0,0.04,-0.02,0.24,4.18,0.24,0.13,0.0,0.44,0.07,15.4,0.44,0.07,0.0,0.0,12.0,0.0,0.0,0.0,0.04,-0.02,-0.02,64.4,5.89,28.2,31.9,4.81,0.98,64.4,0.07,40.0,0.1,60.0,34.7,0.03,0.27,0.1,41.5,0.98,0.71,0.51,0.98,0.71,72.4,0.27,1.18,0.51,0.61,1.58,5.89,0.03,0.81,0.81,0.0,0.0,0.0,0.0,0.0,0.0,0.07,0.07,0.0,0.0,0.0,0.0,0.0,0.0,0.0,0.64,0.2,0.0,0.57,0.61,0.51,0.0,0.0,0.0,3.03,2.9,63.2,,,,,,,,,,,,,,,,,,,,,,,,,,,,,David Romney,DF,SJ Earthquakes,32-175,,,,"[-0.68603763 -0.79755134 -0.74874061 -0.76490657 -0.92851955  1.64859563
 -0.78992542 -0.78547769  0.47563866  0.33319823 -0.71520052 -0.8071962
 -0.45791243  0.27180888]",0,-1.8148588250197142,-0.7573368804358719
8228660494,1,2025,24,10,1019,11.3,0.0,0.0,0.0,0.0,0.0,0.0,0.09,0.0,0.05,0.05,0.12,0.17,0.71,8.32,2.83,0.0,0.0,0.0,0.0,0.0,0.05,0.12,0.17,0.05,0.17,11.3,65.6,30.3,28.1,5.84,77.7,31.8,31.4,11.2,84.4,95.3,89.3,52.4,1152.8,388.5,65.6,30.3,28.1,5.84,77.7,31.8,31.4,11.2,84.4,95.3,89.3,52.4,65.6,30.3,28.1,5.84,77.7,31.8,31.4,11.2,84.4,95.3,89.3,52.4,65.6,30.3,28.1,5.84,77.7,31.8,31.4,11.2,84.4,95.3,89.3,52.4,0.0,0.18,-0.12,1.86,7.61,1.5,0.8,0.0,0.71,0.27,37.5,0.71,0.26,0.0,0.0,21.4,0.0,0.0,0.0,0.07,-0.05,-0.05,87.2,3.98,20.1,47.5,20.0,0.97,87.2,0.8,69.2,0.35,30.8,52.7,0.0,1.24,0.53,64.6,1.24,0.71,0.71,1.24,0.71,47.1,0.8,1.77,0.97,0.8,2.04,2.39,0.09,3.27,3.27,0.09,0.0,0.09,0.0,0.0,0.0,0.0,0.0,0.09,0.0,0.09,0.0,0.0,0.0,0.0,0.53,0.53,0.0,4.6,0.8,0.71,0.0,0.0,0.0,3.72,0.0,0.0,,,,,,,,,,,,,,,,,,,,,,,,,,,,,Connor Ronan,MF,Colorado Rapids,27-273,Connor Ronan,,Standard,"[-0.68603763 -0.79755134 -0.57261281 -0.57134113  0.10833503 -0.48432434
 -0.53042406 -0.35768058  1.80934153  2.5157409  -0.73919235 -0.46874353
 -0.08190953  1.52970173]",0,-2.15206086073309,1.3139157433038544
158957854,2,2025,25,15,1449,16.1,0.06,0.12,0.19,0.06,0.0,0.0,0.12,0.0,0.09,0.09,0.14,0.23,2.48,2.98,4.41,0.06,0.12,0.19,0.06,0.19,0.09,0.14,0.23,0.09,0.23,16.1,29.8,16.5,9.88,2.92,40.3,18.9,12.3,6.58,74.0,87.2,80.3,44.3,490.8,175.0,29.8,16.5,9.88,2.92,40.3,18.9,12.3,6.58,74.0,87.2,80.3,44.3,29.8,16.5,9.88,2.92,40.3,18.9,12.3,6.58,74.0,87.2,80.3,44.3,29.8,16.5,9.88,2.92,40.3,18.9,12.3,6.58,74.0,87.2,80.3,44.3,0.12,0.21,-0.02,1.55,1.8,1.68,0.62,0.06,1.06,0.31,29.4,1.06,0.31,0.06,0.2,18.8,0.06,0.0,0.0,0.08,-0.02,-0.02,53.6,2.05,14.5,22.5,17.4,1.49,53.6,1.37,47.8,1.49,52.2,29.1,0.62,2.55,1.55,31.1,2.55,1.49,1.43,2.55,1.49,57.1,1.12,0.93,0.93,0.75,3.29,1.99,0.06,3.48,3.48,0.25,0.06,0.19,0.0,0.0,0.0,0.37,0.37,0.25,0.06,0.19,0.0,0.0,0.0,0.0,1.37,0.81,0.19,4.41,0.75,1.43,0.0,0.0,0.0,6.02,0.62,40.0,,,,,,,,,,,,,,,,,,,,,,,,,,,,,Joseph Rosales,"DF,MF",Minnesota Utd,25-028,Joseph Rosales,,Standard,"[-0.40040802  0.08802849 -0.33777574 -0.31325388  0.31570595  0.07018327
 -0.1940334  -0.27212116 -0.56610935 -0.4650207   0.67632585  1.23653725
 -0.18085766 -0.26119657]",0,-0.24334404733440596,0.3995798062037903
7380878321,1,2025,16,10,1051,11.7,0.17,0.0,0.17,0.17,0.0,0.0,0.0,0.0,0.03,0.03,0.03,0.06,0.85,3.93,2.56,0.17,0.0,0.17,0.17,0.17,0.03,0.03,0.06,0.03,0.06,11.7,33.2,15.5,13.8,3.68,46.2,16.9,18.3,8.97,72.0,91.4,75.7,41.0,592.0,241.8,33.2,15.5,13.8,3.68,46.2,16.9,18.3,8.97,72.0,91.4,75.7,41.0,33.2,15.5,13.8,3.68,46.2,16.9,18.3,8.97,72.0,91.4,75.7,41.0,33.2,15.5,13.8,3.68,46.2,16.9,18.3,8.97,72.0,91.4,75.7,41.0,0.0,0.03,-0.03,0.34,3.08,0.34,0.09,0.17,0.51,0.26,50.0,0.51,0.26,0.33,0.67,22.0,0.0,0.0,0.0,0.06,0.14,0.14,57.7,5.9,21.5,26.1,10.8,0.26,57.7,0.77,56.3,0.6,43.8,23.9,0.0,0.6,0.51,28.2,0.94,0.51,0.6,0.94,0.51,50.0,0.51,2.22,0.94,1.71,2.65,4.44,0.09,1.37,1.37,0.0,0.0,0.0,0.0,0.0,0.0,0.26,0.26,0.0,0.0,0.0,0.0,0.0,0.0,0.0,0.51,0.17,0.17,1.45,1.71,0.6,0.0,0.0,0.0,3.68,1.03,52.2,,,,,,,,,,,,,,,,,,,,,,,,,,,,,Keegan Rosenberry,DF,Colorado Rapids,31-358,Keegan Rosenberry,,Standard,"[ 0.12324626 -0.79755134 -0.69003135 -0.70038476 -0.8248341  -0.44305865
 -0.72264729 -0.37907044 -0.34050787  0.0652646  -0.62723046 -0.85926584
  1.71894645  2.48911153]",0,-2.0635384132973065,-0.8421375531331522
5756997019,2,2025,29,29,2496,27.7,0.58,0.11,0.69,0.47,0.11,0.11,0.11,0.0,0.48,0.4,0.16,0.56,3.83,5.34,7.11,0.58,0.11,0.69,0.47,0.58,0.48,0.16,0.64,0.4,0.56,27.7,32.5,18.7,10.2,1.26,41.5,20.9,12.6,3.18,78.2,89.5,81.1,39.8,444.0,115.8,32.5,18.7,10.2,1.26,41.5,20.9,12.6,3.18,78.2,89.5,81.1,39.8,32.5,18.7,10.2,1.26,41.5,20.9,12.6,3.18,78.2,89.5,81.1,39.8,32.5,18.7,10.2,1.26,41.5,20.9,12.6,3.18,78.2,89.5,81.1,39.8,0.11,0.23,-0.05,1.3,3.21,1.59,0.11,0.58,3.29,1.44,44.0,3.28,1.44,0.14,0.33,17.6,0.25,0.11,0.11,0.12,0.09,0.07,52.5,0.32,2.74,19.2,31.0,5.96,52.4,1.23,40.0,1.62,52.9,36.2,1.44,2.09,2.49,43.1,0.22,0.11,0.11,0.22,0.11,30.0,0.25,0.87,0.87,0.32,0.54,0.4,0.0,3.39,3.39,0.25,0.0,0.22,0.0,0.0,0.0,0.25,0.25,0.25,0.0,0.22,0.0,0.0,0.0,0.0,0.69,1.55,0.18,3.07,0.32,0.11,0.0,0.0,0.0,2.31,0.11,16.7,,,,,,,,,,,,,,,,,,,,,,,,,,,,,Diego Rossi,"FW,MF",Columbus Crew,27-274,Diego Rossi,Designated Player,Designated Player,"[ 2.07504857  0.01423017  1.9518857   1.6869223   0.52307686  1.42034482
  1.94925561  2.14493247 -0.38695524  0.85231963  1.75595838 -1.79651939
 -1.03181158 -0.38911788]",-1,4.6837948880270375,0.3473021922717927
3005200050,1,2025,31,27,2532,28.1,0.04,0.04,0.07,0.04,0.0,0.0,0.07,0.0,0.04,0.04,0.02,0.06,0.25,1.78,0.25,0.04,0.04,0.07,0.04,0.07,0.04,0.02,0.06,0.04,0.06,28.1,36.5,12.8,19.5,3.77,43.8,14.0,21.4,7.51,83.4,91.6,91.3,50.2,700.5,285.8,36.5,12.8,19.5,3.77,43.8,14.0,21.4,7.51,83.4,91.6,91.3,50.2,36.5,12.8,19.5,3.77,43.8,14.0,21.4,7.51,83.4,91.6,91.3,50.2,36.5,12.8,19.5,3.77,43.8,14.0,21.4,7.51,83.4,91.6,91.3,50.2,0.04,0.04,0.01,0.18,2.38,0.0,0.0,0.04,0.39,0.11,27.3,0.39,0.11,0.09,0.33,12.6,0.0,0.0,0.0,0.09,0.0,0.0,55.2,8.19,31.6,21.3,2.31,0.96,55.2,0.04,14.3,0.07,28.6,29.4,0.04,0.64,0.18,35.3,1.17,0.68,0.57,1.17,0.68,63.3,0.39,1.39,0.25,1.21,2.38,5.69,0.04,0.6,0.6,0.0,0.0,0.07,0.04,0.0,0.0,0.07,0.07,0.0,0.0,0.07,0.04,0.0,0.0,0.0,0.85,1.07,0.0,0.04,1.21,0.57,0.04,0.0,0.0,2.63,1.17,50.0,,,,,,,,,,,,,,,,,,,,,,,,,,,,,Sigurd Rosted,DF,Toronto FC,31-135,Sigurd Rosted,TAM Player,TAM Player,"[-0.49561789 -0.50235806 -0.63132208 -0.63586294 -0.92851955  1.46676871
 -0.83798122 -0.69991827 -0.12154173 -1.13485477 -1.10706714 -0.5598654
  0.72946514  0.71953345]",0,-1.8396111911852107,-1.5548058492729828
1483185201,2,2025,33,27,2163,24.0,0.17,0.21,0.38,0.17,0.0,0.0,0.17,0.0,0.19,0.19,0.23,0.42,3.25,1.58,11.0,0.17,0.21,0.37,0.17,0.37,0.19,0.23,0.42,0.19,0.42,24.0,25.4,14.0,9.54,1.25,33.7,16.3,12.0,2.67,75.4,85.5,79.2,46.9,381.6,72.3,25.4,14.0,9.54,1.25,33.7,16.3,12.0,2.67,75.4,85.5,79.2,46.9,25.4,14.0,9.54,1.25,33.7,16.3,12.0,2.67,75.4,85.5,79.2,46.9,25.4,14.0,9.54,1.25,33.7,16.3,12.0,2.67,75.4,85.5,79.2,46.9,0.21,0.2,-0.02,1.38,0.71,1.04,0.46,0.17,1.5,0.46,30.6,1.5,0.46,0.11,0.36,14.6,0.0,0.0,0.0,0.13,-0.02,-0.02,43.8,1.04,6.42,13.8,24.2,4.79,43.8,0.79,32.8,1.5,62.1,30.0,2.08,1.96,1.42,32.3,0.96,0.33,0.5,0.96,0.33,25.8,0.96,1.0,0.92,0.46,1.42,0.71,0.04,2.67,2.66,0.08,0.0,0.33,0.08,0.0,0.0,0.46,0.46,0.08,0.0,0.33,0.08,0.0,0.0,0.0,1.83,1.92,0.54,3.29,0.46,0.5,0.04,0.0,0.0,3.13,0.33,22.2,,,,,,,,,,,,,,,,,,,,,,,,,,,,,Paul Rothrock,"FW,MF",Seattle Sounders,26-329,Paul Rothrock,,Standard,"[ 0.12324626  0.75221336  0.24931693  0.33196424  1.24887507  0.99092381
  0.2288577   0.04872667 -0.85806421 -1.24649379  1.29211626 -0.83323102
 -0.75475682 -0.11195505]",0,1.772538571236662,0.12793316381309514
5739448507,1,2025,31,29,2686,29.8,0.0,0.0,0.0,0.0,0.0,0.0,0.27,0.0,0.04,0.04,0.01,0.05,0.4,2.82,0.03,0.0,0.0,0.0,0.0,0.0,0.04,0.01,0.05,0.04,0.05,29.8,43.9,14.0,24.9,4.8,51.1,15.1,27.0,8.32,85.9,92.7,92.2,57.7,863.4,334.6,43.9,14.0,24.9,4.8,51.1,15.1,27.0,8.32,85.9,92.7,92.2,57.7,43.9,14.0,24.9,4.8,51.1,15.1,27.0,8.32,85.9,92.7,92.2,57.7,43.9,14.0,24.9,4.8,51.1,15.1,27.0,8.32,85.9,92.7,92.2,57.7,0.0,0.01,-0.01,0.07,2.18,0.07,0.0,0.0,0.23,0.07,28.6,0.23,0.07,0.0,0.0,6.8,0.0,0.0,0.0,0.16,-0.04,-0.04,63.4,8.26,37.0,25.4,1.31,0.44,63.4,0.03,25.0,0.1,75.0,33.1,0.0,0.4,0.13,40.1,1.54,1.11,0.94,1.54,1.11,66.0,0.57,1.34,0.54,1.95,3.49,6.07,0.03,0.44,0.44,0.0,0.0,0.0,0.0,0.0,0.0,0.0,0.0,0.0,0.0,0.0,0.0,0.0,0.0,0.0,0.64,0.23,0.0,0.03,1.95,0.94,0.0,0.0,0.0,3.72,1.58,58.0,,,,,,,,,,,,,,,,,,,,,,,,,,,,,Kye Rowles,DF,D.C. United,27-163,Kye Rowles,TAM Player,TAM Player,"[-0.68603763 -0.79755134 -0.63132208 -0.63586294 -1.03220501  1.66535981
 -0.99175981 -0.78547769  0.36947326 -0.55433191 -0.98710797 -0.07822121
  2.19389748  0.61293236]",0,-2.6853673355248815,-0.9638311581468592
8812396359,3,2025,25,11,936,10.4,0.19,0.19,0.38,0.19,0.0,0.0,0.29,0.0,0.15,0.15,0.12,0.27,1.15,6.54,4.13,0.19,0.19,0.38,0.19,0.38,0.15,0.11,0.27,0.15,0.27,10.4,30.3,13.6,11.0,3.94,37.7,15.7,13.2,5.48,80.4,86.5,83.2,71.9,524.4,176.9,30.3,13.6,11.0,3.94,37.7,15.7,13.2,5.48,80.4,86.5,83.2,71.9,30.3,13.6,11.0,3.94,37.7,15.7,13.2,5.48,80.4,86.5,83.2,71.9,30.3,13.6,11.0,3.94,37.7,15.7,13.2,5.48,80.4,86.5,83.2,71.9,0.19,0.11,0.08,1.25,4.62,1.44,0.0,0.19,2.31,0.58,25.0,2.31,0.58,0.08,0.33,20.6,0.19,0.0,0.0,0.07,0.04,0.04,48.4,1.25,7.12,22.8,19.4,1.73,48.4,0.29,21.4,0.96,71.4,28.4,0.29,1.83,1.06,36.6,2.02,0.58,1.25,2.02,0.58,30.0,1.35,1.35,1.25,0.67,2.69,0.96,0.0,2.79,2.79,0.0,0.0,0.38,0.0,0.0,0.0,0.29,0.29,0.0,0.0,0.38,0.0,0.0,0.0,0.0,1.25,2.5,0.1,1.35,0.67,1.25,0.0,0.0,0.0,3.37,1.35,35.9,,,,,,,,,,,,,,,,,,,,,,,,,,,,,Diego Rubio,"FW,MF",Austin,32-203,Diego Rubio,,Standard,"[ 0.21845613  0.60461672  0.01447986  0.07387699  0.10833503 -0.5913572
  1.00736178  0.30540493 -0.53293267  1.5221537  -0.38731212  0.54661449
 -0.33917467  0.63425258]",0,0.5368151527473587,1.0500410477057054
6798925390,3,2025,21,14,1207,13.4,0.0,0.07,0.07,0.0,0.0,0.0,0.3,0.0,0.06,0.06,0.21,0.26,1.04,6.42,1.87,0.0,0.07,0.07,0.0,0.07,0.06,0.21,0.26,0.06,0.26,13.4,47.8,20.0,18.7,7.91,59.6,22.2,21.8,12.7,80.2,90.2,86.0,62.4,938.5,331.8,47.8,20.0,18.7,7.91,59.6,22.2,21.8,12.7,80.2,90.2,86.0,62.4,47.8,20.0,18.7,7.91,59.6,22.2,21.8,12.7,80.2,90.2,86.0,62.4,47.8,20.0,18.7,7.91,59.6,22.2,21.8,12.7,80.2,90.2,86.0,62.4,0.07,0.17,-0.13,2.31,6.64,1.19,0.15,0.0,1.42,0.6,42.1,1.42,0.6,0.0,0.0,28.2,0.07,0.0,0.0,0.04,-0.06,-0.06,68.7,1.94,14.8,38.7,15.9,0.45,68.7,0.67,52.9,0.6,47.1,41.0,0.15,0.82,1.12,49.4,2.31,0.9,1.42,2.31,0.9,25.5,2.61,1.04,0.9,0.45,2.76,0.9,0.15,4.63,4.63,0.07,0.0,0.0,0.0,0.22,0.0,0.15,0.15,0.07,0.0,0.0,0.0,0.22,0.0,0.0,1.64,0.45,0.0,4.1,0.45,1.42,0.0,0.0,0.0,5.37,0.3,36.4,,,,,,,,,,,,,,,,,,,,,,,,,,,,,Pablo Ruíz,MF,Real Salt Lake,26-349,,,,"[-0.68603763 -0.28096311 -0.51390354 -0.50681932  1.04150416 -0.24188845
  0.15196841  0.34818464  0.62825142  1.45517029 -0.47528218  0.9241194
 -0.77454644 -0.02667417]",0,-0.5714300688184276,1.4417773462058405
8034393658,3,2025,29,23,2148,23.9,0.46,0.33,0.79,0.33,0.13,0.13,0.13,0.04,0.36,0.26,0.3,0.56,2.26,7.24,4.27,0.46,0.34,0.8,0.34,0.67,0.36,0.3,0.66,0.26,0.56,23.9,42.8,19.8,15.8,5.86,53.0,21.5,19.1,9.96,80.7,92.0,82.7,58.8,784.3,256.9,42.8,19.8,15.8,5.86,53.0,21.5,19.1,9.96,80.7,92.0,82.7,58.8,42.8,19.8,15.8,5.86,53.0,21.5,19.1,9.96,80.7,92.0,82.7,58.8,42.8,19.8,15.8,5.86,53.0,21.5,19.1,9.96,80.7,92.0,82.7,58.8,0.33,0.36,0.03,3.31,5.19,1.97,0.42,0.46,2.38,0.96,40.4,2.39,0.96,0.14,0.35,18.6,0.21,0.13,0.13,0.11,0.1,0.07,58.8,0.42,4.39,28.3,26.6,3.01,58.7,0.25,33.3,0.5,66.7,34.6,0.38,0.88,0.46,42.1,0.54,0.29,0.25,0.54,0.29,46.7,0.33,0.25,0.25,0.17,0.71,0.29,0.04,5.23,5.24,0.04,0.04,0.0,0.0,0.04,0.0,0.5,0.5,0.04,0.04,0.0,0.0,0.04,0.0,0.0,0.5,0.33,0.08,6.95,0.17,0.25,0.0,0.0,0.0,2.76,0.29,43.8,,,,,,,,,,,,,,,,,,,,,,,,,,,,,Albert Rusnák,"MF,FW",Seattle Sounders,31-150,Albert Rusnák,Designated Player,Designated Player,"[ 1.50378935  1.63779318  1.24737448  0.78361693  1.97467328  0.97158052
  1.07463991  1.11821943  0.29648454  1.91289024  0.50038574 -1.37996226
 -1.32865597 -1.71097138]",-1,3.658007422865154,2.141435437581023
5216541756,2,2025,12,4,348,3.9,0.51,0.0,0.51,0.51,0.0,0.0,0.26,0.0,0.26,0.26,0.1,0.36,3.08,5.13,7.69,0.52,0.0,0.52,0.52,0.52,0.26,0.1,0.36,0.26,0.36,3.9,30.0,16.2,11.0,2.05,39.5,17.9,14.4,4.62,76.0,90.0,76.8,44.4,466.4,111.3,30.0,16.2,11.0,2.05,39.5,17.9,14.4,4.62,76.0,90.0,76.8,44.4,30.0,16.2,11.0,2.05,39.5,17.9,14.4,4.62,76.0,90.0,76.8,44.4,30.0,16.2,11.0,2.05,39.5,17.9,14.4,4.62,76.0,90.0,76.8,44.4,0.0,0.1,-0.1,2.05,3.59,1.79,0.51,0.51,2.82,1.28,45.5,2.84,1.29,0.18,0.4,13.1,0.0,0.0,0.0,0.09,0.26,0.26,51.0,1.03,4.36,24.9,22.3,5.64,51.0,1.03,36.4,1.79,63.6,32.1,1.54,0.77,0.51,39.7,1.28,0.51,0.77,1.28,0.51,25.0,1.54,1.28,0.77,0.51,1.79,0.77,0.0,4.62,4.67,0.26,0.0,0.0,0.0,0.0,0.0,0.26,0.26,0.26,0.0,0.0,0.0,0.0,0.0,0.0,1.54,1.54,0.0,3.33,0.51,0.77,0.0,0.0,0.0,1.54,1.28,71.4,,,,,,,,,,,,,,,,,,,,,,,,,,,,,Johnny Russell,"FW,MF",Real Salt Lake,35-240,,,,"[ 1.74181403 -0.79755134  0.66028181  0.78361693 -0.09903589 -1.34961411
  1.49753102  1.80269479 -0.55283868  0.73509867  1.15616253 -0.41667388
 -0.65580869  0.48501105]",-1,2.5801191670173607,-0.058103662619864785
4873776412,3,2025,31,19,1726,19.2,0.36,0.05,0.42,0.36,0.0,0.0,0.16,0.0,0.33,0.33,0.15,0.48,1.3,2.6,7.6,0.37,0.05,0.42,0.37,0.42,0.33,0.15,0.48,0.33,0.48,19.2,19.9,11.5,5.57,0.99,26.9,14.4,7.24,1.41,74.0,79.8,77.0,70.4,269.2,51.3,19.9,11.5,5.57,0.99,26.9,14.4,7.24,1.41,74.0,79.8,77.0,70.4,19.9,11.5,5.57,0.99,26.9,14.4,7.24,1.41,74.0,79.8,77.0,70.4,19.9,11.5,5.57,0.99,26.9,14.4,7.24,1.41,74.0,79.8,77.0,70.4,0.05,0.11,-0.1,1.3,1.46,0.89,0.16,0.36,2.5,1.09,43.8,2.5,1.1,0.15,0.33,16.1,0.0,0.0,0.0,0.13,0.04,0.04,37.6,0.42,2.29,15.5,20.2,5.16,37.6,0.63,34.3,1.2,65.7,22.6,0.47,3.18,1.25,28.8,0.63,0.21,0.26,0.63,0.21,30.8,0.47,0.57,0.52,0.26,0.89,0.36,0.0,2.4,2.4,0.1,0.0,0.0,0.0,0.16,0.0,0.1,0.1,0.1,0.0,0.0,0.0,0.16,0.0,0.0,1.3,0.73,0.1,0.47,0.26,0.26,0.0,0.0,0.0,2.14,1.2,47.9,,,,,,,,,,,,,,,,,,,,,,,,,,,,,Jacen Russell-Rowe,"FW,MF",Columbus Crew,23-082,Jacen Russell-Rowe,Homegrown Player,Homegrown,"[ 1.02774001 -0.42855974  1.07124668  1.23526962  0.41939141  0.42738934
  1.18997385  1.39628754 -1.22300778 -0.67713483 -0.26735295 -1.26280556
 -1.15054934 -1.02872441]",0,3.20882153587527,-1.4751436722991882
8216343649,1,2025,14,2,302,3.4,0.29,0.0,0.29,0.29,0.0,0.0,0.29,0.0,0.03,0.03,0.0,0.03,3.24,8.53,2.06,0.3,0.0,0.3,0.3,0.3,0.04,0.0,0.04,0.04,0.04,3.4,60.6,31.5,27.4,1.18,69.1,32.9,31.2,1.76,87.7,95.5,87.7,66.7,922.6,358.5,60.6,31.5,27.4,1.18,69.1,32.9,31.2,1.76,87.7,95.5,87.7,66.7,60.6,31.5,27.4,1.18,69.1,32.9,31.2,1.76,87.7,95.5,87.7,66.7,60.6,31.5,27.4,1.18,69.1,32.9,31.2,1.76,87.7,95.5,87.7,66.7,0.0,0.03,0.0,0.0,5.59,0.0,0.0,0.29,1.18,0.59,50.0,1.19,0.6,0.25,0.5,17.8,0.0,0.0,0.0,0.03,0.26,0.26,83.2,7.06,25.9,42.9,15.0,1.76,83.2,0.88,42.9,1.18,57.1,47.6,0.0,0.59,0.29,56.8,1.18,0.29,0.88,1.18,0.29,33.3,0.59,3.53,2.65,1.47,2.65,4.71,0.0,1.18,1.19,0.0,0.0,0.0,0.0,0.0,0.0,0.0,0.0,0.0,0.0,0.0,0.0,0.0,0.0,0.0,0.88,0.29,0.0,0.88,1.47,0.88,0.0,0.0,0.0,4.41,2.65,69.2,,,,,,,,,,,,,,,,,,,,,,,,,,,,,Cesar Ruvalcaba,DF,Columbus Crew,24-144,,,,"[ 0.69450547 -0.79755134 -0.69003135 -0.70038476 -1.13589047 -1.40893353
 -0.07869947  0.32679478  1.47757464  2.63296186  1.28411898 -0.54684799
  1.24399542  5.28206007]",-1,-2.296373361799738,1.7271847048506686
1735098180,1,2025,10,8,612,6.8,0.0,0.15,0.15,0.0,0.0,0.15,0.59,0.0,0.41,0.29,0.1,0.41,2.21,3.68,7.06,0.0,0.15,0.15,0.0,0.15,0.41,0.11,0.52,0.3,0.4,6.8,21.3,13.2,6.03,1.03,29.1,16.0,8.09,1.91,73.2,82.6,74.5,53.8,301.5,85.0,21.3,13.2,6.03,1.03,29.1,16.0,8.09,1.91,73.2,82.6,74.5,53.8,21.3,13.2,6.03,1.03,29.1,16.0,8.09,1.91,73.2,82.6,74.5,53.8,21.3,13.2,6.03,1.03,29.1,16.0,8.09,1.91,73.2,82.6,74.5,53.8,0.15,0.13,0.04,1.18,2.06,0.59,0.15,0.0,3.82,1.18,30.8,3.82,1.18,0.0,0.0,17.5,0.0,0.0,0.15,0.08,-0.41,-0.29,44.6,0.59,3.53,18.2,23.1,7.06,44.4,1.32,40.9,1.32,40.9,26.3,0.88,3.38,0.74,31.8,1.03,0.29,0.44,1.03,0.29,28.6,0.74,1.03,0.74,0.44,1.47,0.15,0.0,3.53,3.53,0.0,0.0,0.15,0.0,0.0,0.0,0.29,0.29,0.0,0.0,0.15,0.0,0.0,0.0,0.0,2.06,1.18,0.29,1.91,0.44,0.44,0.0,0.0,0.0,2.79,1.47,43.5,,,,,,,,,,,,,,,,,,,,,,,,,,,,,Rwan,"FW,MF",Real Salt Lake,24-198,,,,"[-0.68603763  0.30942344  1.54092082  0.97718237 -0.09903589 -1.00917223
  2.45864717  1.58879624 -1.13011305 -0.07428416  0.46039935 -0.74210915
 -0.79433607 -0.04799439]",-1,2.957774805917801,-0.4655916999082693
517340460,1,2025,28,23,1793,19.9,0.35,0.15,0.5,0.35,0.0,0.0,0.2,0.0,0.36,0.36,0.09,0.45,2.26,2.01,6.28,0.35,0.15,0.5,0.35,0.5,0.36,0.09,0.45,0.36,0.45,19.9,15.5,8.34,5.13,1.26,20.5,9.45,6.78,1.76,75.7,88.3,75.6,71.4,245.3,55.4,15.5,8.34,5.13,1.26,20.5,9.45,6.78,1.76,75.7,88.3,75.6,71.4,15.5,8.34,5.13,1.26,20.5,9.45,6.78,1.76,75.7,88.3,75.6,71.4,15.5,8.34,5.13,1.26,20.5,9.45,6.78,1.76,75.7,88.3,75.6,71.4,0.15,0.12,0.06,0.7,1.31,0.9,0.2,0.35,2.76,0.75,27.3,2.76,0.75,0.13,0.47,15.6,0.05,0.0,0.0,0.13,-0.01,-0.01,33.4,0.7,3.22,13.2,17.7,5.63,33.4,1.31,41.3,1.51,47.6,20.9,1.01,3.57,1.11,23.2,1.26,0.4,0.75,1.26,0.4,34.8,0.75,0.4,0.35,0.35,1.61,0.75,0.0,2.51,2.51,0.3,0.0,0.35,0.1,0.05,0.0,0.35,0.35,0.3,0.0,0.35,0.1,0.05,0.0,0.0,1.91,2.01,0.25,1.26,0.35,0.75,0.15,0.0,0.0,3.17,0.6,37.5,,,,,,,,,,,,,,,,,,,,,,,,,,,,,Emmanuel Sabbi,FW,Vancouver W'caps,27-345,Emmanuel Sabbi,TAM Player,TAM Player,"[ 0.98013508  0.30942344  1.24737448  1.42883506 -0.20272134  0.51378936
  1.43986405  0.66903247 -1.51496264 -1.00646991  0.50038574 -0.4427087
 -0.9724427  -1.39116812]",0,3.294720700926172,-1.2102658798263126
1111108150,1,2025,32,19,1759,19.5,0.05,0.0,0.05,0.05,0.0,0.0,0.36,0.0,0.07,0.07,0.07,0.14,0.87,3.69,1.44,0.05,0.0,0.05,0.05,0.05,0.07,0.07,0.14,0.07,0.14,19.5,35.2,16.7,15.4,2.15,42.2,18.5,17.5,4.46,83.5,90.3,88.0,48.3,584.9,158.9,35.2,16.7,15.4,2.15,42.2,18.5,17.5,4.46,83.5,90.3,88.0,48.3,35.2,16.7,15.4,2.15,42.2,18.5,17.5,4.46,83.5,90.3,88.0,48.3,35.2,16.7,15.4,2.15,42.2,18.5,17.5,4.46,83.5,90.3,88.0,48.3,0.0,0.07,-0.07,0.92,3.38,0.51,0.1,0.05,1.13,0.21,18.2,1.13,0.2,0.05,0.25,21.6,0.21,0.0,0.0,0.06,-0.02,-0.02,50.8,2.15,11.9,28.4,10.9,1.13,50.8,0.51,58.8,0.26,29.4,27.9,0.15,0.92,0.31,34.7,1.85,0.87,1.03,1.85,0.87,60.7,0.56,0.77,0.77,1.03,2.87,1.59,0.0,2.26,2.25,0.1,0.0,0.36,0.0,0.0,0.0,0.1,0.1,0.1,0.0,0.36,0.0,0.0,0.0,0.0,3.03,2.15,0.0,0.67,1.03,1.03,0.0,0.0,0.0,3.23,0.56,45.8,,,,,,,,,,,,,,,,,,,,,,,,,,,,,Besard Sabovic,MF,Austin,27-333,Besard Sabovic,,Standard,"[-0.44801295 -0.79755134 -0.45519428 -0.44229751 -0.41009226  0.46994457
 -0.12675527 -0.48601971 -0.20780112 -0.06870221 -0.6112359   0.32531851
  0.37325187 -0.60232006]",0,-1.0477924543459645,-0.6187663023918324
4317485768,1,2025,16,15,1260,14.0,0.07,0.0,0.07,0.07,0.0,0.0,0.36,0.0,0.11,0.11,0.03,0.13,1.5,6.07,1.21,0.07,0.0,0.07,0.07,0.07,0.1,0.03,0.13,0.1,0.13,14.0,37.6,17.1,15.8,3.86,46.7,20.1,18.2,5.71,80.4,84.8,86.7,67.5,656.4,195.0,37.6,17.1,15.8,3.86,46.7,20.1,18.2,5.71,80.4,84.8,86.7,67.5,37.6,17.1,15.8,3.86,46.7,20.1,18.2,5.71,80.4,84.8,86.7,67.5,37.6,17.1,15.8,3.86,46.7,20.1,18.2,5.71,80.4,84.8,86.7,67.5,0.0,0.04,-0.03,0.57,4.71,0.86,0.21,0.07,1.36,0.36,26.3,1.36,0.36,0.05,0.2,21.8,0.14,0.0,0.0,0.08,-0.04,-0.04,56.4,1.36,10.9,33.2,12.7,1.07,56.4,0.57,40.0,0.79,55.0,30.5,0.36,1.36,0.79,36.7,2.57,1.36,1.64,2.57,1.36,57.6,1.0,0.93,0.64,0.86,3.43,0.86,0.14,1.64,1.64,0.14,0.0,0.0,0.0,0.0,0.0,0.0,0.0,0.14,0.0,0.0,0.0,0.0,0.0,0.0,1.29,1.0,0.0,1.43,0.86,1.64,0.0,0.0,0.0,4.86,1.0,41.2,,,,,,,,,,,,,,,,,,,,,,,,,,,,,Nathan Saliba,MF,CF Montréal,21-097,Nathan Saliba,Homegrown Player,Homegrown,"[-0.35280309 -0.79755134 -0.22035721 -0.18421026 -0.8248341  -0.17354216
  0.09430144 -0.16517189 -0.04855302  1.25980202 -0.10740739  1.26257207
  0.03682823 -0.26119657]",0,-0.9444427272626615,0.3119471405339902
5334838180,2,2025,33,24,2185,24.3,0.29,0.08,0.37,0.29,0.0,0.0,0.16,0.0,0.28,0.28,0.12,0.4,2.55,2.63,8.77,0.29,0.08,0.37,0.29,0.37,0.28,0.12,0.4,0.28,0.4,24.3,23.2,14.3,6.13,1.4,31.1,17.1,8.27,2.47,74.6,83.7,74.1,56.7,332.9,79.1,23.2,14.3,6.13,1.4,31.1,17.1,8.27,2.47,74.6,83.7,74.1,56.7,23.2,14.3,6.13,1.4,31.1,17.1,8.27,2.47,74.6,83.7,74.1,56.7,23.2,14.3,6.13,1.4,31.1,17.1,8.27,2.47,74.6,83.7,74.1,56.7,0.08,0.16,-0.04,0.95,1.44,1.11,0.25,0.29,2.55,1.11,43.5,2.55,1.11,0.11,0.26,16.1,0.0,0.0,0.0,0.11,0.01,0.01,42.1,0.49,4.24,13.3,25.1,5.56,42.1,0.62,31.3,1.32,66.7,25.7,1.23,2.76,0.66,32.3,0.7,0.21,0.37,0.7,0.21,26.3,0.58,0.82,0.7,0.49,1.19,0.45,0.0,2.51,2.51,0.12,0.04,0.0,0.0,0.0,0.0,0.25,0.25,0.12,0.04,0.0,0.0,0.0,0.0,0.0,1.07,0.86,0.37,2.02,0.49,0.37,0.0,0.04,0.0,3.17,0.41,30.3,,,,,,,,,,,,,,,,,,,,,,,,,,,,,Dániel Sallói,"FW,MF",Sporting KC,29-138,Dániel Sallói,TAM Player,TAM Player,"[ 0.69450547 -0.20716479  0.77770034  0.91266056  0.10833503  1.01929397
  1.23802966  1.43906725 -1.00404164 -0.66038897  0.7323068  -1.17168369
 -0.69538794 -0.49571897]",0,2.769688534423393,-0.8899977669652875
5886779414,1,2025,21,12,983,10.9,0.18,0.0,0.18,0.18,0.0,0.0,0.37,0.0,0.13,0.13,0.05,0.17,0.73,3.39,1.83,0.18,0.0,0.18,0.18,0.18,0.13,0.04,0.17,0.13,0.17,10.9,33.3,18.3,11.9,2.2,38.6,20.1,13.5,2.75,86.2,90.9,88.4,80.0,522.8,123.8,33.3,18.3,11.9,2.2,38.6,20.1,13.5,2.75,86.2,90.9,88.4,80.0,33.3,18.3,11.9,2.2,38.6,20.1,13.5,2.75,86.2,90.9,88.4,80.0,33.3,18.3,11.9,2.2,38.6,20.1,13.5,2.75,86.2,90.9,88.4,80.0,0.0,0.07,-0.05,0.28,3.39,0.37,0.0,0.18,0.73,0.37,50.0,0.73,0.37,0.25,0.5,15.7,0.0,0.0,0.0,0.17,0.06,0.06,50.5,1.65,12.4,28.3,10.4,1.19,50.5,0.46,45.5,0.37,36.4,25.9,0.18,1.38,0.92,33.7,3.85,1.74,1.74,3.85,1.74,63.3,1.01,1.56,1.19,1.47,5.32,0.92,0.18,1.19,1.19,0.0,0.0,0.0,0.0,0.09,0.0,0.09,0.09,0.0,0.0,0.0,0.0,0.09,0.0,0.0,1.65,1.1,0.0,0.09,1.47,1.74,0.0,0.0,0.0,4.4,0.55,40.0,,,,,,,,,,,,,,,,,,,,,,,,,,,,,Lucas Sanabria,"MF,FW",LA Galaxy,21-343,Lucas Sanabria,U22 Initiative,U22 Initiative,"[ 0.17085119 -0.79755134 -0.10293867 -0.05516663 -0.61746318 -0.53074823
 -0.51120173 -0.14378203 -0.33387254 -0.23616073 -0.72319779  2.92880061
  1.24399542  1.08197715]",0,-1.6819367905285352,-0.15988434350610806
8387295249,2,2025,26,20,1641,18.2,0.05,0.0,0.05,0.05,0.0,0.0,0.33,0.0,0.06,0.06,0.02,0.08,0.6,4.84,0.77,0.05,0.0,0.05,0.05,0.05,0.06,0.02,0.08,0.06,0.08,18.2,45.7,19.3,21.6,3.68,52.5,21.4,23.8,5.71,87.0,90.5,90.8,64.4,799.7,238.9,45.7,19.3,21.6,3.68,52.5,21.4,23.8,5.71,87.0,90.5,90.8,64.4,45.7,19.3,21.6,3.68,52.5,21.4,23.8,5.71,87.0,90.5,90.8,64.4,45.7,19.3,21.6,3.68,52.5,21.4,23.8,5.71,87.0,90.5,90.8,64.4,0.0,0.03,-0.02,0.44,5.11,0.33,0.05,0.05,0.71,0.16,23.1,0.71,0.16,0.08,0.33,21.1,0.0,0.0,0.0,0.09,-0.01,-0.01,60.8,3.3,15.2,36.5,9.51,0.33,60.8,0.27,71.4,0.11,28.6,28.8,0.0,0.77,0.16,40.5,1.65,0.66,0.82,1.65,0.66,38.7,1.04,1.04,0.66,1.04,2.69,1.76,0.0,1.15,1.15,0.0,0.0,0.0,0.0,0.0,0.0,0.11,0.11,0.0,0.0,0.0,0.0,0.0,0.0,0.0,1.1,0.38,0.0,0.11,1.04,0.82,0.0,0.0,0.05,3.35,0.99,50.0,,,,,,,,,,,,,,,,,,,,,,,,,,,,,Ilie Sánchez,MF,Austin,35-013,,,,"[-0.44801295 -0.79755134 -0.51390354 -0.50681932 -0.92851955  0.31777737
 -0.53042406 -0.59296899  0.48890933  0.5732221  -0.82716241  0.0649703
  0.3930415  -0.02667417]",0,-1.7627170417207858,-0.4587570727472702
2791603304,4,2025,19,6,737,8.2,0.0,0.0,0.0,0.0,0.0,0.0,0.37,0.0,0.02,0.02,0.05,0.09,2.68,2.07,6.59,0.0,0.0,0.0,0.0,0.0,0.03,0.05,0.08,0.03,0.08,8.2,29.5,17.4,9.76,1.34,39.8,20.4,12.8,4.15,74.2,85.6,76.2,32.4,442.3,138.8,29.5,17.4,9.76,1.34,39.8,20.4,12.8,4.15,74.2,85.6,76.2,32.4,29.5,17.4,9.76,1.34,39.8,20.4,12.8,4.15,74.2,85.6,76.2,32.4,29.5,17.4,9.76,1.34,39.8,20.4,12.8,4.15,74.2,85.6,76.2,32.4,0.0,0.06,-0.05,0.49,0.85,0.73,0.37,0.0,0.49,0.12,25.0,0.49,0.12,0.0,0.0,11.5,0.0,0.0,0.0,0.06,-0.02,-0.02,51.7,3.9,18.2,19.1,14.9,1.95,51.7,0.24,33.3,0.49,66.7,25.6,0.24,1.22,0.85,27.6,1.71,0.98,0.85,1.71,0.98,72.7,0.37,1.1,0.49,1.1,2.8,4.15,0.12,1.83,1.83,0.0,0.0,0.37,0.24,0.0,0.0,0.24,0.24,0.0,0.0,0.37,0.24,0.0,0.0,0.0,1.71,1.83,0.12,2.8,1.1,0.85,0.12,0.0,0.0,3.17,1.46,54.5,,,,,,,,,,,,,,,,,,,,,,,,,,,,,William Sands,DF,NE Revolution,25-151,,,,"[-0.68603763 -0.79755134 -0.74874061 -0.76490657 -0.61746318 -0.84797816
 -0.74186961 -0.67852841 -0.58601537 -0.97297821  0.83627141  0.14307477
  0.51177925  0.10124713]",0,-1.3710133086515879,-0.8190200303927563
8865380287,1,2025,33,29,2452,27.2,0.0,0.07,0.07,0.0,0.0,0.0,0.33,0.0,0.02,0.02,0.08,0.1,0.63,4.38,1.25,0.0,0.07,0.07,0.0,0.07,0.02,0.08,0.1,0.02,0.1,27.2,47.4,25.3,17.8,2.65,55.0,27.5,19.7,4.6,86.2,91.9,90.5,57.6,725.4,196.1,47.4,25.3,17.8,2.65,55.0,27.5,19.7,4.6,86.2,91.9,90.5,57.6,47.4,25.3,17.8,2.65,55.0,27.5,19.7,4.6,86.2,91.9,90.5,57.6,47.4,25.3,17.8,2.65,55.0,27.5,19.7,4.6,86.2,91.9,90.5,57.6,0.07,0.1,-0.01,1.03,3.9,0.81,0.11,0.0,0.4,0.15,36.4,0.4,0.15,0.0,0.0,25.0,0.0,0.0,0.0,0.06,-0.02,-0.02,64.4,2.28,14.7,36.8,13.3,0.48,64.4,0.44,40.0,0.63,56.7,33.5,0.07,0.99,0.37,41.7,2.43,1.29,1.25,2.43,1.29,48.6,1.36,0.99,0.92,1.07,3.49,1.21,0.07,2.5,2.5,0.0,0.0,0.04,0.0,0.04,0.0,0.18,0.18,0.0,0.0,0.04,0.0,0.04,0.0,0.0,2.06,0.66,0.07,2.32,1.07,1.25,0.0,0.0,0.0,5.66,0.33,34.6,,,,,,,,,,,,,,,,,,,,,,,,,,,,,Edvard Sandvik Tagseth,MF,Nashville SC,24-315,,,,"[-0.68603763 -0.28096311 -0.74874061 -0.76490657 -0.3064068   1.36360451
 -0.82837006 -0.61435885  0.60171007  0.31645238 -0.80317057  1.08032832
  0.45241038 -0.13327526]",0,-2.0737963814417513,0.30938538299968465
8317810595,1,2025,15,2,319,3.5,0.0,0.0,0.0,0.0,0.0,0.0,0.29,0.0,0.14,0.14,0.11,0.26,2.29,1.43,4.29,0.0,0.0,0.0,0.0,0.0,0.15,0.1,0.26,0.15,0.26,3.5,16.6,10.0,3.43,1.14,26.0,12.6,5.14,2.86,63.7,79.5,66.7,40.0,226.6,58.9,16.6,10.0,3.43,1.14,26.0,12.6,5.14,2.86,63.7,79.5,66.7,40.0,16.6,10.0,3.43,1.14,26.0,12.6,5.14,2.86,63.7,79.5,66.7,40.0,16.6,10.0,3.43,1.14,26.0,12.6,5.14,2.86,63.7,79.5,66.7,40.0,0.0,0.03,-0.11,0.86,1.14,0.29,0.0,0.0,1.71,0.0,0.0,1.69,0.0,0.0,,19.7,0.29,0.0,0.0,0.09,-0.14,-0.14,37.4,1.71,5.71,12.9,19.4,2.0,37.4,0.29,20.0,0.86,60.0,22.3,0.29,2.86,2.0,24.3,1.14,0.57,0.57,1.14,0.57,33.3,1.14,0.57,0.29,0.0,1.14,0.86,0.0,2.29,2.26,0.29,0.0,0.29,0.0,0.0,0.0,0.29,0.28,0.29,0.0,0.29,0.0,0.0,0.0,0.0,0.86,1.71,0.29,1.43,0.0,0.57,0.0,0.0,0.0,3.43,0.57,9.5,,,,,,,,,,,,,,,,,,,,,,,,,,,,,Jeong Sangbin,FW,St. Louis,23-247,,,,"[-0.68603763 -0.79755134 -0.0442294   0.00935518  0.00464957 -1.38701114
  0.43069209 -0.93520667 -1.44197392 -1.33022304  0.52437757 -0.59891763
 -1.66507962 -1.02872441]",0,0.7952848823337891,-1.6497904810920152
8317810595,2,2025,15,2,319,3.5,0.0,0.0,0.0,0.0,0.0,0.0,0.29,0.0,0.14,0.14,0.11,0.26,2.29,1.43,4.29,0.0,0.0,0.0,0.0,0.0,0.15,0.1,0.26,0.15,0.26,3.5,16.6,10.0,3.43,1.14,26.0,12.6,5.14,2.86,63.7,79.5,66.7,40.0,226.6,58.9,16.6,10.0,3.43,1.14,26.0,12.6,5.14,2.86,63.7,79.5,66.7,40.0,16.6,10.0,3.43,1.14,26.0,12.6,5.14,2.86,63.7,79.5,66.7,40.0,16.6,10.0,3.43,1.14,26.0,12.6,5.14,2.86,63.7,79.5,66.7,40.0,0.0,0.03,-0.11,0.86,1.14,0.29,0.0,0.0,1.71,0.0,0.0,1.69,0.0,0.0,,19.7,0.29,0.0,0.0,0.09,-0.14,-0.14,37.4,1.71,5.71,12.9,19.4,2.0,37.4,0.29,20.0,0.86,60.0,22.3,0.29,2.86,2.0,24.3,1.14,0.57,0.57,1.14,0.57,33.3,1.14,0.57,0.29,0.0,1.14,0.86,0.0,2.29,2.26,0.29,0.0,0.29,0.0,0.0,0.0,0.29,0.28,0.29,0.0,0.29,0.0,0.0,0.0,0.0,0.86,1.71,0.29,1.43,0.0,0.57,0.0,0.0,0.0,3.43,0.57,9.5,,,,,,,,,,,,,,,,,,,,,,,,,,,,,Jeong Sangbin,FW,St. Louis,23-247,,,,"[-0.68603763 -0.79755134 -0.0442294   0.00935518  0.00464957 -1.38701114
  0.43069209 -0.93520667 -1.44197392 -1.33022304  0.52437757 -0.59891763
 -1.66507962 -1.02872441]",0,0.7952848823337891,-1.6497904810920152
8317810595,1,2025,9,9,633,7.0,0.14,0.14,0.29,0.14,0.0,0.0,0.14,0.0,0.16,0.16,0.19,0.36,1.57,3.29,7.43,0.14,0.14,0.28,0.14,0.28,0.16,0.19,0.35,0.16,0.35,7.0,17.0,9.29,6.0,0.86,24.3,11.0,8.57,2.43,70.0,84.4,70.0,35.3,248.9,67.0,17.0,9.29,6.0,0.86,24.3,11.0,8.57,2.43,70.0,84.4,70.0,35.3,17.0,9.29,6.0,0.86,24.3,11.0,8.57,2.43,70.0,84.4,70.0,35.3,17.0,9.29,6.0,0.86,24.3,11.0,8.57,2.43,70.0,84.4,70.0,35.3,0.14,0.16,-0.04,1.29,2.71,0.86,0.14,0.14,1.14,0.29,25.0,1.14,0.28,0.13,0.5,13.3,0.0,0.0,0.0,0.14,-0.01,-0.01,32.9,0.43,3.86,13.1,16.1,2.71,32.9,1.14,34.8,1.86,56.5,21.3,0.29,2.0,1.0,23.9,0.57,0.43,0.29,0.57,0.43,42.9,0.57,0.57,0.57,0.43,1.0,0.43,0.0,2.43,2.42,0.0,0.0,0.0,0.0,0.14,0.0,0.43,0.43,0.0,0.0,0.0,0.0,0.14,0.0,0.0,1.29,1.57,0.14,0.43,0.43,0.29,0.0,0.0,0.0,4.14,0.86,46.2,,,,,,,,,,,,,,,,,,,,,,,,,,,,,Jeong Sangbin,FW,St. Louis,23-247,,,,"[-0.01956855  0.23562513  0.07318913  0.13839881  0.83413324 -0.98209163
 -0.11714411 -0.31490087 -1.41543257 -0.29198024 -0.05142644 -1.34091003
 -0.8141257  -1.02872441]",0,1.2484593558377677,-0.6410031942900293
8317810595,2,2025,9,9,633,7.0,0.14,0.14,0.29,0.14,0.0,0.0,0.14,0.0,0.16,0.16,0.19,0.36,1.57,3.29,7.43,0.14,0.14,0.28,0.14,0.28,0.16,0.19,0.35,0.16,0.35,7.0,17.0,9.29,6.0,0.86,24.3,11.0,8.57,2.43,70.0,84.4,70.0,35.3,248.9,67.0,17.0,9.29,6.0,0.86,24.3,11.0,8.57,2.43,70.0,84.4,70.0,35.3,17.0,9.29,6.0,0.86,24.3,11.0,8.57,2.43,70.0,84.4,70.0,35.3,17.0,9.29,6.0,0.86,24.3,11.0,8.57,2.43,70.0,84.4,70.0,35.3,0.14,0.16,-0.04,1.29,2.71,0.86,0.14,0.14,1.14,0.29,25.0,1.14,0.28,0.13,0.5,13.3,0.0,0.0,0.0,0.14,-0.01,-0.01,32.9,0.43,3.86,13.1,16.1,2.71,32.9,1.14,34.8,1.86,56.5,21.3,0.29,2.0,1.0,23.9,0.57,0.43,0.29,0.57,0.43,42.9,0.57,0.57,0.57,0.43,1.0,0.43,0.0,2.43,2.42,0.0,0.0,0.0,0.0,0.14,0.0,0.43,0.43,0.0,0.0,0.0,0.0,0.14,0.0,0.0,1.29,1.57,0.14,0.43,0.43,0.29,0.0,0.0,0.0,4.14,0.86,46.2,,,,,,,,,,,,,,,,,,,,,,,,,,,,,Jeong Sangbin,FW,St. Louis,23-247,,,,"[-0.01956855  0.23562513  0.07318913  0.13839881  0.83413324 -0.98209163
 -0.11714411 -0.31490087 -1.41543257 -0.29198024 -0.05142644 -1.34091003
 -0.8141257  -1.02872441]",0,1.2484593558377677,-0.6410031942900293
7366697883,3,2025,18,6,646,7.2,0.14,0.28,0.42,0.14,0.0,0.0,0.0,0.0,0.29,0.29,0.18,0.47,2.08,2.08,8.47,0.14,0.28,0.42,0.14,0.42,0.3,0.17,0.47,0.3,0.47,7.2,17.6,9.03,6.25,1.67,26.0,11.9,8.75,2.22,67.9,75.6,71.4,75.0,283.9,58.9,17.6,9.03,6.25,1.67,26.0,11.9,8.75,2.22,67.9,75.6,71.4,75.0,17.6,9.03,6.25,1.67,26.0,11.9,8.75,2.22,67.9,75.6,71.4,75.0,17.6,9.03,6.25,1.67,26.0,11.9,8.75,2.22,67.9,75.6,71.4,75.0,0.28,0.15,0.1,1.81,1.11,0.69,0.14,0.14,1.53,0.42,27.3,1.53,0.42,0.09,0.33,11.6,0.0,0.0,0.0,0.2,-0.15,-0.15,39.6,1.67,5.42,15.4,20.0,5.28,39.6,0.69,26.3,1.67,63.2,22.2,1.11,3.33,0.83,27.1,3.19,0.83,2.08,3.19,0.83,46.2,0.97,0.69,0.56,0.0,3.19,1.39,0.0,4.44,4.46,0.0,0.0,0.28,0.0,0.0,0.0,0.42,0.42,0.0,0.0,0.28,0.0,0.0,0.0,0.0,2.22,3.19,0.28,0.83,0.0,2.08,0.0,0.0,0.0,3.33,1.81,44.8,,,,,,,,,,,,,,,,,,,,,,,,,,,,,Sergio Santos Gomes,"FW,MF",FC Cincinnati,31-091,,,,"[-0.01956855  1.26880159  0.83640961  0.97718237  0.73044778 -0.96532745
  0.25769119 -0.03683276 -1.37562055 -0.96739626  0.35643474  2.06965152
 -1.66507962 -0.7728818 ]",-1,1.9047984640815816,0.26361406369741974
7366697883,4,2025,18,6,646,7.2,0.14,0.28,0.42,0.14,0.0,0.0,0.0,0.0,0.29,0.29,0.18,0.47,2.08,2.08,8.47,0.14,0.28,0.42,0.14,0.42,0.3,0.17,0.47,0.3,0.47,7.2,17.6,9.03,6.25,1.67,26.0,11.9,8.75,2.22,67.9,75.6,71.4,75.0,283.9,58.9,17.6,9.03,6.25,1.67,26.0,11.9,8.75,2.22,67.9,75.6,71.4,75.0,17.6,9.03,6.25,1.67,26.0,11.9,8.75,2.22,67.9,75.6,71.4,75.0,17.6,9.03,6.25,1.67,26.0,11.9,8.75,2.22,67.9,75.6,71.4,75.0,0.28,0.15,0.1,1.81,1.11,0.69,0.14,0.14,1.53,0.42,27.3,1.53,0.42,0.09,0.33,11.6,0.0,0.0,0.0,0.2,-0.15,-0.15,39.6,1.67,5.42,15.4,20.0,5.28,39.6,0.69,26.3,1.67,63.2,22.2,1.11,3.33,0.83,27.1,3.19,0.83,2.08,3.19,0.83,46.2,0.97,0.69,0.56,0.0,3.19,1.39,0.0,4.44,4.46,0.0,0.0,0.28,0.0,0.0,0.0,0.42,0.42,0.0,0.0,0.28,0.0,0.0,0.0,0.0,2.22,3.19,0.28,0.83,0.0,2.08,0.0,0.0,0.0,3.33,1.81,44.8,,,,,,,,,,,,,,,,,,,,,,,,,,,,,Sergio Santos Gomes,"FW,MF",FC Cincinnati,31-091,,,,"[-0.01956855  1.26880159  0.83640961  0.97718237  0.73044778 -0.96532745
  0.25769119 -0.03683276 -1.37562055 -0.96739626  0.35643474  2.06965152
 -1.66507962 -0.7728818 ]",-1,1.9047984640815816,0.26361406369741974
8662778348,2,2025,7,5,378,4.2,0.24,0.48,0.71,0.24,0.0,0.0,0.0,0.0,0.05,0.05,0.33,0.38,1.43,4.29,7.14,0.24,0.48,0.71,0.24,0.71,0.05,0.33,0.38,0.05,0.38,4.2,43.3,20.0,17.4,4.76,60.0,22.6,20.5,13.3,72.2,88.4,84.9,35.7,773.6,269.3,43.3,20.0,17.4,4.76,60.0,22.6,20.5,13.3,72.2,88.4,84.9,35.7,43.3,20.0,17.4,4.76,60.0,22.6,20.5,13.3,72.2,88.4,84.9,35.7,43.3,20.0,17.4,4.76,60.0,22.6,20.5,13.3,72.2,88.4,84.9,35.7,0.48,0.26,0.14,2.62,2.86,1.19,0.71,0.24,1.19,0.24,20.0,1.19,0.24,0.2,1.0,26.0,0.48,0.0,0.0,0.04,0.19,0.19,69.3,3.33,18.3,27.1,24.5,0.71,69.3,0.0,,0.0,,34.0,0.0,1.43,0.0,40.2,0.71,0.71,0.24,0.71,0.71,75.0,0.24,0.48,0.48,1.19,1.9,3.81,0.0,3.57,3.57,0.0,0.0,0.0,0.0,0.0,0.0,0.71,0.71,0.0,0.0,0.0,0.0,0.0,0.0,0.0,0.48,0.0,0.0,9.52,1.19,0.24,0.0,0.0,0.0,3.33,0.71,37.5,,,,,,,,,,,,,,,,,,,,,,,,,,,,,Rafael Santos,DF,Orlando City,27-302,Rafael Santos,,Standard,"[ 0.4564808   2.74476797 -0.57261281 -0.57134113  2.28572966 -1.31092754
 -0.0690883  -0.42185015  0.32966123  0.26621482 -0.16338833 -1.15866628
  0.68988589 -1.22060637]",-1,0.812396387625839,2.1182604386444375
8662778348,3,2025,7,5,378,4.2,0.24,0.48,0.71,0.24,0.0,0.0,0.0,0.0,0.05,0.05,0.33,0.38,1.43,4.29,7.14,0.24,0.48,0.71,0.24,0.71,0.05,0.33,0.38,0.05,0.38,4.2,43.3,20.0,17.4,4.76,60.0,22.6,20.5,13.3,72.2,88.4,84.9,35.7,773.6,269.3,43.3,20.0,17.4,4.76,60.0,22.6,20.5,13.3,72.2,88.4,84.9,35.7,43.3,20.0,17.4,4.76,60.0,22.6,20.5,13.3,72.2,88.4,84.9,35.7,43.3,20.0,17.4,4.76,60.0,22.6,20.5,13.3,72.2,88.4,84.9,35.7,0.48,0.26,0.14,2.62,2.86,1.19,0.71,0.24,1.19,0.24,20.0,1.19,0.24,0.2,1.0,26.0,0.48,0.0,0.0,0.04,0.19,0.19,69.3,3.33,18.3,27.1,24.5,0.71,69.3,0.0,,0.0,,34.0,0.0,1.43,0.0,40.2,0.71,0.71,0.24,0.71,0.71,75.0,0.24,0.48,0.48,1.19,1.9,3.81,0.0,3.57,3.57,0.0,0.0,0.0,0.0,0.0,0.0,0.71,0.71,0.0,0.0,0.0,0.0,0.0,0.0,0.0,0.48,0.0,0.0,9.52,1.19,0.24,0.0,0.0,0.0,3.33,0.71,37.5,,,,,,,,,,,,,,,,,,,,,,,,,,,,,Rafael Santos,DF,Orlando City,27-302,Rafael Santos,,Standard,"[ 0.4564808   2.74476797 -0.57261281 -0.57134113  2.28572966 -1.31092754
 -0.0690883  -0.42185015  0.32966123  0.26621482 -0.16338833 -1.15866628
  0.68988589 -1.22060637]",-1,0.812396387625839,2.1182604386444375
8662778348,2,2025,17,6,677,7.5,0.0,0.0,0.0,0.0,0.0,0.0,0.4,0.13,0.03,0.03,0.15,0.17,1.6,5.2,6.93,0.0,0.0,0.0,0.0,0.0,0.03,0.14,0.17,0.03,0.17,7.5,46.4,24.4,17.3,3.6,61.9,26.4,20.8,10.7,75.0,92.4,83.3,33.8,806.5,301.1,46.4,24.4,17.3,3.6,61.9,26.4,20.8,10.7,75.0,92.4,83.3,33.8,46.4,24.4,17.3,3.6,61.9,26.4,20.8,10.7,75.0,92.4,83.3,33.8,46.4,24.4,17.3,3.6,61.9,26.4,20.8,10.7,75.0,92.4,83.3,33.8,0.0,0.12,-0.15,0.93,4.27,1.87,0.8,0.0,0.8,0.27,33.3,0.8,0.27,0.0,0.0,19.7,0.0,0.0,0.0,0.03,-0.03,-0.03,71.9,3.47,23.5,27.2,21.7,0.8,71.9,0.4,30.0,0.8,60.0,41.9,0.0,0.53,1.33,47.6,2.27,1.07,1.2,2.27,1.07,57.1,0.8,1.07,0.93,0.93,3.2,2.93,0.0,2.13,2.13,0.0,0.0,0.0,0.0,0.0,0.0,0.0,0.0,0.0,0.0,0.0,0.0,0.0,0.0,0.13,0.4,0.53,0.13,6.53,0.93,1.2,0.0,0.0,0.0,3.87,1.33,66.7,,,,,,,,,,,,,,,,,,,,,,,,,,,,,Rafael Santos,DF,Orlando City,27-302,Rafael Santos,,Standard,"[-0.68603763 -0.79755134 -0.69003135 -0.70038476  0.41939141 -0.92535132
 -0.4439236  -0.35768058  0.5353567   0.77417232 -0.02743461  0.87204975
  0.17535561  0.03728648]",0,-1.511984842481457,0.7487707623946573
8662778348,3,2025,17,6,677,7.5,0.0,0.0,0.0,0.0,0.0,0.0,0.4,0.13,0.03,0.03,0.15,0.17,1.6,5.2,6.93,0.0,0.0,0.0,0.0,0.0,0.03,0.14,0.17,0.03,0.17,7.5,46.4,24.4,17.3,3.6,61.9,26.4,20.8,10.7,75.0,92.4,83.3,33.8,806.5,301.1,46.4,24.4,17.3,3.6,61.9,26.4,20.8,10.7,75.0,92.4,83.3,33.8,46.4,24.4,17.3,3.6,61.9,26.4,20.8,10.7,75.0,92.4,83.3,33.8,46.4,24.4,17.3,3.6,61.9,26.4,20.8,10.7,75.0,92.4,83.3,33.8,0.0,0.12,-0.15,0.93,4.27,1.87,0.8,0.0,0.8,0.27,33.3,0.8,0.27,0.0,0.0,19.7,0.0,0.0,0.0,0.03,-0.03,-0.03,71.9,3.47,23.5,27.2,21.7,0.8,71.9,0.4,30.0,0.8,60.0,41.9,0.0,0.53,1.33,47.6,2.27,1.07,1.2,2.27,1.07,57.1,0.8,1.07,0.93,0.93,3.2,2.93,0.0,2.13,2.13,0.0,0.0,0.0,0.0,0.0,0.0,0.0,0.0,0.0,0.0,0.0,0.0,0.0,0.0,0.13,0.4,0.53,0.13,6.53,0.93,1.2,0.0,0.0,0.0,3.87,1.33,66.7,,,,,,,,,,,,,,,,,,,,,,,,,,,,,Rafael Santos,DF,Orlando City,27-302,Rafael Santos,,Standard,"[-0.68603763 -0.79755134 -0.69003135 -0.70038476  0.41939141 -0.92535132
 -0.4439236  -0.35768058  0.5353567   0.77417232 -0.02743461  0.87204975
  0.17535561  0.03728648]",0,-1.511984842481457,0.7487707623946573
2644084372,2,2025,15,8,800,8.9,0.0,0.11,0.11,0.0,0.0,0.0,0.11,0.0,0.0,0.0,0.08,0.08,1.91,3.26,3.71,0.0,0.11,0.11,0.0,0.11,0.0,0.08,0.08,0.0,0.08,8.9,47.3,21.6,22.9,2.25,56.1,22.9,25.4,5.39,84.4,94.1,90.3,41.7,786.2,236.7,47.3,21.6,22.9,2.25,56.1,22.9,25.4,5.39,84.4,94.1,90.3,41.7,47.3,21.6,22.9,2.25,56.1,22.9,25.4,5.39,84.4,94.1,90.3,41.7,47.3,21.6,22.9,2.25,56.1,22.9,25.4,5.39,84.4,94.1,90.3,41.7,0.11,0.04,0.03,0.22,3.26,0.56,0.22,0.0,0.11,0.0,0.0,0.11,0.0,0.0,,14.4,0.0,0.0,0.0,0.03,0.0,0.0,66.0,4.72,23.0,30.3,12.8,1.12,66.0,0.67,46.2,0.79,53.8,34.4,0.11,0.67,0.22,39.7,1.24,0.67,0.67,1.24,0.67,33.3,1.35,1.46,0.67,0.56,1.8,3.48,0.0,1.8,1.8,0.0,0.0,0.11,0.11,0.0,0.0,0.34,0.34,0.0,0.0,0.11,0.11,0.0,0.0,0.0,0.34,0.79,0.11,2.13,0.56,0.67,0.0,0.0,0.0,4.61,0.79,35.0,,,,,,,,,,,,,,,,,,,,,,,,,,,,,Nick Scardina,DF,Charlotte,24-165,,,,"[-0.68603763  0.01423017 -0.86615915 -0.89395019 -0.3064068  -0.76673635
 -1.10709375 -0.93520667  0.59507474 -0.30872609  0.22048101 -0.46874353
 -0.55686056  0.86877498]",0,-1.7115431993566916,-0.10893372285005694
9756596626,1,2025,31,31,2679,29.8,0.0,0.0,0.0,0.0,0.0,0.0,0.37,0.03,0.01,0.01,0.0,0.01,0.3,3.19,0.03,0.0,0.0,0.0,0.0,0.0,0.01,0.0,0.01,0.01,0.01,29.8,48.5,21.2,23.8,2.99,53.2,22.3,24.8,5.1,91.2,94.7,95.9,58.6,837.2,344.3,48.5,21.2,23.8,2.99,53.2,22.3,24.8,5.1,91.2,94.7,95.9,58.6,48.5,21.2,23.8,2.99,53.2,22.3,24.8,5.1,91.2,94.7,95.9,58.6,48.5,21.2,23.8,2.99,53.2,22.3,24.8,5.1,91.2,94.7,95.9,58.6,0.0,0.02,0.0,0.03,3.12,0.03,0.0,0.0,0.47,0.13,28.6,0.47,0.13,0.0,0.0,14.2,0.0,0.0,0.0,0.03,-0.01,-0.01,63.8,8.86,32.0,29.0,3.22,0.94,63.8,0.0,,0.0,,34.3,0.0,0.13,0.0,41.5,1.41,0.91,0.77,1.41,0.91,64.3,0.5,1.41,0.64,0.97,2.38,5.91,0.07,0.64,0.64,0.0,0.0,0.0,0.0,0.0,0.0,0.07,0.07,0.0,0.0,0.0,0.0,0.0,0.0,0.03,1.17,0.81,0.0,0.03,0.97,0.77,0.0,0.03,0.0,2.58,1.28,54.3,,,,,,,,,,,,,,,,,,,,,,,,,,,,,Rodrigo Schlegel,DF,Orlando City,28-245,Rodrigo Schlegel,,Standard,"[-0.68603763 -0.79755134 -0.80744988 -0.82942838 -1.13589047  1.65633294
 -0.76109193 -0.65713856  0.67469879 -0.34779974 -1.06708075 -0.24744755
  0.25451412  0.76217389]",0,-2.319812385052266,-1.0293161771174448
9013671562,2,2025,32,31,2698,30.0,0.0,0.03,0.03,0.0,0.0,0.0,0.27,0.0,0.05,0.05,0.11,0.16,1.9,3.17,5.2,0.0,0.03,0.03,0.0,0.03,0.05,0.11,0.16,0.05,0.16,30.0,33.5,16.7,13.3,2.9,48.2,19.3,18.5,8.17,69.6,86.2,72.1,35.5,581.8,230.5,33.5,16.7,13.3,2.9,48.2,19.3,18.5,8.17,69.6,86.2,72.1,35.5,33.5,16.7,13.3,2.9,48.2,19.3,18.5,8.17,69.6,86.2,72.1,35.5,33.5,16.7,13.3,2.9,48.2,19.3,18.5,8.17,69.6,86.2,72.1,35.5,0.03,0.12,-0.08,1.03,2.3,1.1,0.5,0.0,0.53,0.13,25.0,0.53,0.13,0.0,0.0,23.5,0.03,0.0,0.0,0.1,-0.05,-0.05,61.9,4.07,18.5,25.5,18.5,1.83,61.9,0.8,49.0,0.77,46.9,28.6,0.37,1.63,0.7,32.8,2.4,1.4,1.73,2.4,1.4,57.5,1.03,1.8,1.4,1.23,3.63,3.9,0.0,1.87,1.87,0.03,0.0,0.07,0.0,0.0,0.0,0.17,0.17,0.03,0.0,0.07,0.0,0.0,0.0,0.0,1.77,0.63,0.13,4.27,1.23,1.73,0.0,0.0,0.0,4.83,1.23,66.1,,,,,,,,,,,,,,,,,,,,,,,,,,,,,David Schnegg,"DF,MF",D.C. United,27-066,David Schnegg,TAM Player,TAM Player,"[-0.68603763 -0.57615638 -0.57261281 -0.57134113  0.00464957  1.68083444
 -0.70342496 -0.65713856 -0.32060186 -0.35896364  0.21248373  1.04127609
  0.76904439  1.59366238]",0,-1.8200139306387122,0.17490359925907673
850310165,3,2025,30,28,2421,26.9,0.33,0.04,0.37,0.33,0.0,0.0,0.22,0.0,0.21,0.21,0.12,0.33,2.97,3.42,6.62,0.33,0.04,0.37,0.33,0.37,0.21,0.12,0.33,0.21,0.33,26.9,22.1,11.5,8.25,1.82,31.3,13.9,11.1,4.65,70.5,82.9,74.2,39.2,362.3,128.1,22.1,11.5,8.25,1.82,31.3,13.9,11.1,4.65,70.5,82.9,74.2,39.2,22.1,11.5,8.25,1.82,31.3,13.9,11.1,4.65,70.5,82.9,74.2,39.2,22.1,11.5,8.25,1.82,31.3,13.9,11.1,4.65,70.5,82.9,74.2,39.2,0.04,0.14,-0.08,1.38,2.12,1.0,0.15,0.33,2.16,0.82,37.9,2.16,0.82,0.16,0.41,17.8,0.11,0.0,0.0,0.1,0.12,0.12,43.1,1.15,5.58,18.0,20.3,3.94,43.1,1.3,43.2,1.56,51.9,27.1,1.38,2.68,1.52,29.9,1.26,0.52,0.89,1.26,0.52,48.3,0.56,0.86,0.82,0.56,1.82,0.67,0.0,2.9,2.9,0.3,0.0,0.15,0.0,0.04,0.0,0.19,0.19,0.3,0.0,0.15,0.0,0.04,0.0,0.0,1.56,1.45,0.07,3.57,0.56,0.89,0.0,0.0,0.0,3.68,0.67,52.9,,,,,,,,,,,,,,,,,,,,,,,,,,,,,Dante Sealy,"FW,MF",CF Montréal,22-231,Dante Sealy,,Standard,"[ 0.88492521 -0.50235806  0.36673547  0.46100787  0.10833503  1.32362838
  0.86319436  0.81876145 -1.07703035 -0.21941488  1.06819248 -0.4427087
 -0.55686056 -0.4104381 ]",0,1.963692462500087,-0.3898126462535806
3718397487,1,2025,31,19,1617,18.0,0.44,0.22,0.67,0.44,0.0,0.0,0.33,0.0,0.18,0.18,0.12,0.29,1.72,5.83,6.67,0.45,0.22,0.67,0.45,0.67,0.18,0.12,0.3,0.18,0.3,18.0,46.1,24.2,16.5,3.67,52.2,26.3,17.9,4.78,88.2,92.2,92.2,76.7,728.9,144.7,46.1,24.2,16.5,3.67,52.2,26.3,17.9,4.78,88.2,92.2,92.2,76.7,46.1,24.2,16.5,3.67,52.2,26.3,17.9,4.78,88.2,92.2,92.2,76.7,46.1,24.2,16.5,3.67,52.2,26.3,17.9,4.78,88.2,92.2,92.2,76.7,0.22,0.11,0.11,1.44,4.17,1.06,0.0,0.44,1.22,0.72,59.1,1.22,0.72,0.36,0.62,16.8,0.0,0.0,0.0,0.14,0.27,0.27,61.7,0.44,7.39,30.8,24.1,2.89,61.7,1.0,62.1,0.56,34.5,37.1,0.28,2.5,0.94,47.2,2.0,0.83,1.28,2.0,0.83,57.7,0.61,0.61,0.44,0.39,2.39,0.22,0.06,3.22,3.23,0.17,0.06,0.11,0.0,0.0,0.0,0.56,0.56,0.17,0.06,0.11,0.0,0.0,0.0,0.0,2.22,0.67,0.28,1.06,0.39,1.28,0.0,0.0,0.0,4.39,0.44,33.3,,,,,,,,,,,,,,,,,,,,,,,,,,,,,Telasco Segovia,"MF,FW",Inter Miami,22-246,Telasco Segovia,U22 Initiative,U22 Initiative,"[ 1.40857949  0.82601168  0.19060767  0.26744243  0.10833503  0.28682811
 -0.04025482  0.6048629   0.51545068  1.12583521  0.06853273  0.52057967
 -0.8932842  -0.94344354]",-1,1.1440284528265434,1.0836520437874722
375142328,2,2025,31,28,2490,27.7,0.04,0.07,0.11,0.04,0.0,0.0,0.29,0.04,0.05,0.05,0.04,0.08,0.51,3.65,0.22,0.04,0.07,0.11,0.04,0.11,0.05,0.04,0.08,0.05,0.08,27.7,67.3,27.3,35.1,4.04,73.2,28.7,36.9,6.25,91.9,95.0,95.3,64.7,1180.5,404.5,67.3,27.3,35.1,4.04,73.2,28.7,36.9,6.25,91.9,95.0,95.3,64.7,67.3,27.3,35.1,4.04,73.2,28.7,36.9,6.25,91.9,95.0,95.3,64.7,67.3,27.3,35.1,4.04,73.2,28.7,36.9,6.25,91.9,95.0,95.3,64.7,0.07,0.02,0.04,0.4,5.09,0.0,0.0,0.04,0.51,0.11,21.4,0.51,0.11,0.07,0.33,13.9,0.0,0.0,0.0,0.09,-0.01,-0.01,83.6,7.4,35.3,44.1,4.58,0.69,83.6,0.22,54.5,0.18,45.5,50.0,0.04,0.47,0.11,60.7,1.66,1.05,0.97,1.66,1.05,69.0,0.47,1.48,0.69,0.97,2.64,4.15,0.0,1.12,1.12,0.0,0.0,0.0,0.0,0.04,0.0,0.22,0.22,0.0,0.0,0.0,0.0,0.04,0.0,0.0,1.34,0.43,0.0,0.04,0.97,0.97,0.0,0.0,0.0,4.4,1.48,59.4,,,,,,,,,,,,,,,,,,,,,,,,,,,,,Eddie Segura,DF,LAFC,28-305,Eddie Segura,,Standard,"[-0.49561789 -0.28096311 -0.57261281 -0.57134113 -0.72114864  1.4126075
 -0.72264729 -0.69991827  1.92214227 -0.09103002 -0.89913791  0.07798771
  0.25451412  0.91141541]",0,-2.3006909598276097,-0.07405500124618233
6741330254,3,2025,14,4,340,3.8,0.0,0.0,0.0,0.0,0.0,0.0,0.0,0.0,0.03,0.03,0.08,0.11,0.26,7.11,2.11,0.0,0.0,0.0,0.0,0.0,0.02,0.09,0.11,0.02,0.11,3.8,69.2,39.2,25.8,3.16,78.9,41.3,28.2,6.32,87.7,94.9,91.6,50.0,1048.4,327.1,69.2,39.2,25.8,3.16,78.9,41.3,28.2,6.32,87.7,94.9,91.6,50.0,69.2,39.2,25.8,3.16,78.9,41.3,28.2,6.32,87.7,94.9,91.6,50.0,69.2,39.2,25.8,3.16,78.9,41.3,28.2,6.32,87.7,94.9,91.6,50.0,0.0,0.18,-0.08,0.26,8.68,1.58,0.0,0.0,0.79,0.0,0.0,0.79,0.0,0.0,,28.3,0.0,0.0,0.0,0.03,-0.03,-0.03,88.9,1.05,11.8,53.7,23.9,0.53,88.9,1.32,55.6,0.79,33.3,47.4,0.53,0.79,0.79,71.3,2.63,1.32,2.63,2.63,1.32,62.5,0.79,1.32,1.05,0.79,3.42,0.79,0.0,1.05,1.06,0.0,0.0,0.0,0.0,0.0,0.0,0.26,0.26,0.0,0.0,0.0,0.0,0.0,0.0,0.0,0.79,0.53,0.0,1.32,0.79,2.63,0.0,0.0,0.0,3.42,0.0,0.0,,,,,,,,,,,,,,,,,,,,,,,,,,,,,Amar Sejdic,MF,Columbus Crew,29-005,,,,"[-0.68603763 -0.79755134 -0.69003135 -0.70038476 -0.3064068  -1.35993053
 -0.45353476 -0.93520667  2.04821368  1.84032488 -1.09906986  1.34067653
 -0.10169915  0.57029193]",0,-2.7384578103930126,1.1196925688869825
7467642538,3,2025,30,24,2038,22.6,0.0,0.09,0.09,0.0,0.0,0.0,0.31,0.0,0.04,0.04,0.04,0.08,0.71,3.14,1.11,0.0,0.09,0.09,0.0,0.09,0.04,0.04,0.07,0.04,0.07,22.6,35.9,18.8,13.3,2.83,41.4,20.5,14.5,4.34,86.8,91.8,91.5,65.3,576.5,153.8,35.9,18.8,13.3,2.83,41.4,20.5,14.5,4.34,86.8,91.8,91.5,65.3,35.9,18.8,13.3,2.83,41.4,20.5,14.5,4.34,86.8,91.8,91.5,65.3,35.9,18.8,13.3,2.83,41.4,20.5,14.5,4.34,86.8,91.8,91.5,65.3,0.09,0.04,0.05,0.62,2.96,0.44,0.09,0.0,0.66,0.13,20.0,0.66,0.13,0.0,0.0,23.5,0.0,0.0,0.0,0.06,-0.04,-0.04,50.4,1.24,11.0,30.8,9.07,0.62,50.4,0.49,55.0,0.35,40.0,26.0,0.04,1.28,0.84,32.4,3.05,1.11,2.04,3.05,1.11,50.0,1.11,1.15,1.02,0.62,3.67,0.97,0.04,1.73,1.72,0.0,0.0,0.13,0.0,0.09,0.0,0.18,0.18,0.0,0.0,0.13,0.0,0.09,0.0,0.0,1.64,1.46,0.0,0.58,0.62,2.04,0.0,0.04,0.0,4.56,0.58,44.8,,,,,,,,,,,,,,,,,,,,,,,,,,,,,Brandon Servania,MF,D.C. United,26-267,Brandon Servania,,Standard,"[-0.68603763 -0.13336647 -0.63132208 -0.63586294 -0.72114864  0.82972974
 -0.57847986 -0.65713856 -0.16135376 -0.3757095  -0.73919235  1.88740777
 -0.4381228   0.20784822]",0,-1.6859821875201546,-0.24753793485510342
3305763108,3,2025,23,12,1110,12.3,0.33,0.16,0.49,0.33,0.0,0.0,0.08,0.0,0.28,0.28,0.24,0.54,2.36,2.28,10.7,0.32,0.16,0.49,0.32,0.49,0.29,0.25,0.53,0.29,0.53,12.3,18.0,11.1,4.96,0.89,27.6,14.2,7.4,1.87,65.3,78.3,67.0,47.8,255.0,84.4,18.0,11.1,4.96,0.89,27.6,14.2,7.4,1.87,65.3,78.3,67.0,47.8,18.0,11.1,4.96,0.89,27.6,14.2,7.4,1.87,65.3,78.3,67.0,47.8,18.0,11.1,4.96,0.89,27.6,14.2,7.4,1.87,65.3,78.3,67.0,47.8,0.16,0.24,-0.08,1.71,1.14,1.3,0.73,0.33,1.95,0.73,37.5,1.95,0.73,0.17,0.44,14.2,0.0,0.0,0.0,0.15,0.04,0.04,37.8,0.89,4.23,14.2,20.1,5.93,37.8,0.65,34.8,1.06,56.5,23.7,1.38,1.87,1.06,27.8,1.06,0.33,0.49,1.06,0.33,26.7,0.89,1.38,1.3,0.16,1.22,0.65,0.0,3.33,3.32,0.24,0.08,0.49,0.08,0.08,0.0,0.57,0.57,0.24,0.08,0.49,0.08,0.08,0.0,0.0,0.81,1.79,0.49,3.41,0.16,0.49,0.08,0.0,0.0,3.9,0.49,33.3,,,,,,,,,,,,,,,,,,,,,,,,,,,,,Jacob Shaffelburg,"MF,FW",Nashville SC,26-008,Jacob Shaffelburg,,Standard,"[ 0.88492521  0.38322176  0.77770034  0.91266056  1.35256053 -0.36697505
  0.66135997  0.62625276 -1.3490792  -0.85575724  0.58035852 -0.70305691
 -1.3484456   0.69821323]",0,2.6674002046033003,-0.30969709661091777
2407849586,2,2025,27,21,1803,20.0,0.0,0.05,0.05,0.0,0.0,0.0,0.1,0.05,0.03,0.03,0.02,0.05,1.6,4.0,3.35,0.0,0.05,0.05,0.0,0.05,0.03,0.02,0.05,0.03,0.05,20.0,43.1,24.8,14.6,2.35,51.3,27.3,17.8,3.45,84.2,90.8,82.3,68.1,646.0,218.2,43.1,24.8,14.6,2.35,51.3,27.3,17.8,3.45,84.2,90.8,82.3,68.1,43.1,24.8,14.6,2.35,51.3,27.3,17.8,3.45,84.2,90.8,82.3,68.1,43.1,24.8,14.6,2.35,51.3,27.3,17.8,3.45,84.2,90.8,82.3,68.1,0.05,0.04,0.03,0.35,4.3,0.4,0.05,0.0,0.3,0.1,33.3,0.3,0.1,0.0,0.0,11.8,0.0,0.0,0.0,0.11,-0.03,-0.03,59.6,3.75,15.1,29.3,16.0,1.3,59.6,0.4,53.3,0.35,46.7,26.8,0.15,0.9,0.9,32.6,1.2,0.7,0.55,1.2,0.7,46.7,0.8,0.95,0.8,1.25,2.45,2.45,0.15,1.15,1.15,0.0,0.0,0.0,0.0,0.05,0.0,0.15,0.15,0.0,0.0,0.0,0.0,0.05,0.0,0.05,0.75,0.55,0.0,0.8,1.25,0.55,0.0,0.0,0.0,5.5,1.1,59.5,,,,,,,,,,,,,,,,,,,,,,,,,,,,,Khiry Shelton,DF,Sporting KC,32-161,Khiry Shelton,,Standard,"[-0.68603763 -0.42855974 -0.69003135 -0.70038476 -0.92851955  0.52668488
 -0.92448168 -0.72130812  0.31639055  0.10433825 -0.02743461 -0.52081317
  0.80862365 -0.21855613]",0,-1.8035501267829819,-0.4129486809209864
5929237531,1,2025,28,14,1398,15.5,0.06,0.0,0.06,0.06,0.0,0.0,0.06,0.0,0.05,0.05,0.03,0.07,1.1,5.16,2.13,0.06,0.0,0.06,0.06,0.06,0.05,0.02,0.07,0.05,0.07,15.5,37.4,19.7,14.2,2.26,44.0,22.7,15.9,3.29,84.9,86.9,89.1,68.6,572.9,167.2,37.4,19.7,14.2,2.26,44.0,22.7,15.9,3.29,84.9,86.9,89.1,68.6,37.4,19.7,14.2,2.26,44.0,22.7,15.9,3.29,84.9,86.9,89.1,68.6,37.4,19.7,14.2,2.26,44.0,22.7,15.9,3.29,84.9,86.9,89.1,68.6,0.0,0.04,-0.03,0.65,3.29,0.58,0.06,0.06,0.97,0.19,20.0,0.97,0.19,0.07,0.33,18.3,0.0,0.0,0.0,0.05,0.02,0.02,55.1,1.87,12.0,29.7,14.0,1.87,55.1,0.39,37.5,0.65,62.5,28.4,0.39,0.9,0.77,34.8,3.48,1.68,1.87,3.48,1.68,54.2,1.42,1.23,0.9,0.97,4.45,1.55,0.06,2.06,2.06,0.13,0.0,0.0,0.0,0.13,0.0,0.0,0.0,0.13,0.0,0.0,0.0,0.13,0.0,0.0,0.97,0.26,0.0,0.71,0.97,1.87,0.0,0.0,0.0,5.03,0.39,40.0,,,,,,,,,,,,,,,,,,,,,,,,,,,,,Jonathan Shore,MF,NYCFC,18-235,Jonathan Shore,Homegrown Player,Homegrown,"[-0.40040802 -0.79755134 -0.57261281 -0.57134113 -0.8248341   0.00441609
 -0.28053386 -0.52879942 -0.06182369  0.75184452 -0.42729851  2.44715642
  0.25451412  0.37840997]",0,-1.9276055555804932,0.35943147128393876
1794865726,1,2025,6,4,304,3.4,0.0,0.0,0.0,0.0,0.0,0.0,0.59,0.0,0.0,0.0,0.0,0.0,1.47,3.82,2.35,0.0,0.0,0.0,0.0,0.0,0.01,0.0,0.01,0.01,0.01,3.4,40.6,24.7,12.4,2.35,49.4,28.8,14.1,3.53,82.1,85.7,87.5,66.7,599.4,184.1,40.6,24.7,12.4,2.35,49.4,28.8,14.1,3.53,82.1,85.7,87.5,66.7,40.6,24.7,12.4,2.35,49.4,28.8,14.1,3.53,82.1,85.7,87.5,66.7,40.6,24.7,12.4,2.35,49.4,28.8,14.1,3.53,82.1,85.7,87.5,66.7,0.0,0.0,0.0,0.29,5.29,0.0,0.0,0.0,0.29,0.29,100.0,0.3,0.3,0.0,0.0,29.0,0.0,0.0,0.0,0.02,0.0,0.0,57.1,1.76,13.5,36.8,7.35,0.0,57.1,0.29,50.0,0.29,50.0,32.4,0.0,1.76,1.76,42.1,1.18,0.88,0.88,1.18,0.88,60.0,0.59,0.59,0.59,1.18,2.35,0.59,0.0,0.88,0.89,0.0,0.0,0.0,0.0,0.0,0.0,0.0,0.0,0.0,0.0,0.0,0.0,0.0,0.0,0.0,2.65,0.88,0.0,0.0,1.18,0.88,0.0,0.0,0.0,5.29,0.59,28.6,,,,,,,,,,,,,,,,,,,,,,,,,,,,,Show,MF,FC Dallas,26-273,,,,"[-0.68603763 -0.79755134 -0.86615915 -0.89395019 -1.13589047 -1.40635443
 -0.93409284 -0.31490087  0.15050711  0.00386314 -0.13139922 -0.54684799
  0.67009626 -0.98608398]",0,-1.682068953828568,-0.9147384001331299
4338652251,1,2025,29,26,2293,25.5,0.08,0.04,0.12,0.08,0.0,0.0,0.39,0.0,0.07,0.07,0.06,0.13,1.69,6.51,1.37,0.08,0.04,0.12,0.08,0.12,0.07,0.06,0.13,0.07,0.13,25.5,56.4,26.8,24.3,3.88,63.9,29.5,26.4,5.25,88.3,91.1,92.3,73.9,924.5,288.7,56.4,26.8,24.3,3.88,63.9,29.5,26.4,5.25,88.3,91.1,92.3,73.9,56.4,26.8,24.3,3.88,63.9,29.5,26.4,5.25,88.3,91.1,92.3,73.9,56.4,26.8,24.3,3.88,63.9,29.5,26.4,5.25,88.3,91.1,92.3,73.9,0.04,0.08,-0.02,0.9,6.94,0.71,0.08,0.08,0.94,0.31,33.3,0.94,0.31,0.08,0.25,20.1,0.0,0.0,0.0,0.07,0.01,0.01,73.8,3.73,18.0,44.9,11.6,0.98,73.8,0.63,50.0,0.51,40.6,43.4,0.08,0.9,0.51,51.9,1.92,0.67,1.25,1.92,0.67,42.5,0.9,1.41,0.78,1.53,3.45,2.31,0.08,2.2,2.2,0.08,0.0,0.08,0.0,0.08,0.0,0.16,0.16,0.08,0.0,0.08,0.0,0.08,0.0,0.0,1.49,1.1,0.0,0.55,1.53,1.25,0.0,0.04,0.0,5.96,1.57,66.7,,,,,,,,,,,,,,,,,,,,,,,,,,,,,Bartosz Slisz,MF,Atlanta Utd,26-250,Bartosz Slisz,TAM Player,TAM Player,"[-0.30519815 -0.50235806 -0.45519428 -0.44229751 -0.51377772  1.15856565
 -0.30936734 -0.27212116  1.19889046  1.50540785  0.04454089  0.41644039
  1.36273318  0.76217389]",0,-1.898448106282601,1.1284833855548555
296657771,3,2025,17,3,321,3.6,0.0,0.0,0.0,0.0,0.0,0.0,0.0,0.0,0.08,0.08,0.03,0.14,0.28,1.11,6.94,0.0,0.0,0.0,0.0,0.0,0.09,0.04,0.13,0.09,0.13,3.6,29.2,16.4,11.7,0.56,39.4,19.2,14.7,3.06,73.9,85.5,79.2,18.2,432.5,117.2,29.2,16.4,11.7,0.56,39.4,19.2,14.7,3.06,73.9,85.5,79.2,18.2,29.2,16.4,11.7,0.56,39.4,19.2,14.7,3.06,73.9,85.5,79.2,18.2,29.2,16.4,11.7,0.56,39.4,19.2,14.7,3.06,73.9,85.5,79.2,18.2,0.0,0.06,-0.03,0.83,0.83,0.56,0.28,0.0,0.56,0.0,0.0,0.56,0.0,0.0,,15.7,0.0,0.0,0.0,0.16,-0.08,-0.08,48.6,1.39,11.1,21.1,16.9,2.5,48.6,0.0,0.0,1.39,100.0,22.8,0.0,1.94,0.28,29.7,1.39,1.11,0.56,1.39,1.11,100.0,0.0,0.83,0.56,0.28,1.67,1.11,0.0,1.67,1.68,0.0,0.0,0.0,0.0,0.0,0.0,0.0,0.0,0.0,0.0,0.0,0.0,0.0,0.0,0.0,1.39,0.0,0.0,3.61,0.28,0.56,0.0,0.0,0.0,3.61,0.83,50.0,,,,,,,,,,,,,,,,,,,,,,,,,,,,,Brad Smith,"DF,MF",FC Cincinnati,31-239,,,,"[-0.68603763 -0.79755134 -0.39648501 -0.37777569 -0.8248341  -1.38443203
 -0.67459148 -0.93520667 -0.60592138 -1.50884546 -1.0830753  -0.27348237
 -1.11097009 -0.47439875]",0,-0.9325044883018556,-2.2974149065965785
4347604657,1,2025,20,11,1025,11.4,0.09,0.09,0.18,0.09,0.0,0.0,0.35,0.0,0.06,0.06,0.03,0.09,1.4,3.16,4.65,0.09,0.09,0.18,0.09,0.18,0.06,0.03,0.09,0.06,0.09,11.4,42.0,21.3,18.1,2.11,50.8,22.9,21.2,4.65,82.7,93.1,85.1,45.3,693.7,218.2,42.0,21.3,18.1,2.11,50.8,22.9,21.2,4.65,82.7,93.1,85.1,45.3,42.0,21.3,18.1,2.11,50.8,22.9,21.2,4.65,82.7,93.1,85.1,45.3,42.0,21.3,18.1,2.11,50.8,22.9,21.2,4.65,82.7,93.1,85.1,45.3,0.09,0.04,0.06,0.44,2.54,0.44,0.09,0.09,0.88,0.26,30.0,0.88,0.26,0.1,0.33,14.6,0.0,0.0,0.0,0.07,0.03,0.03,61.1,3.95,19.6,25.3,16.6,1.93,61.1,0.61,43.8,0.7,50.0,33.8,0.26,1.05,0.44,39.9,1.75,0.7,0.96,1.75,0.7,57.1,0.53,1.05,0.79,0.44,2.19,3.07,0.0,1.58,1.58,0.0,0.0,0.09,0.09,0.09,0.0,0.18,0.18,0.0,0.0,0.09,0.09,0.09,0.0,0.0,0.96,0.96,0.26,2.46,0.44,0.96,0.0,0.0,0.09,2.72,2.02,57.5,,,,,,,,,,,,,,,,,,,,,,,,,,,,,Ian Smith,"DF,MF",Portland Timbers,23-141,Ian Smith,,Standard,"[-0.25759322 -0.13336647 -0.51390354 -0.50681932 -0.8248341  -0.47658702
 -0.36703431 -0.37907044  0.24340184 -0.36454559 -0.18738017  0.19514441
 -0.79433607 -0.00535396]",0,-0.8489556695045547,-0.5905512293765336
7620192036,2,2025,29,12,1151,12.8,0.0,0.16,0.16,0.0,0.0,0.0,0.39,0.0,0.08,0.08,0.08,0.16,0.55,3.05,1.56,0.0,0.16,0.16,0.0,0.16,0.08,0.08,0.16,0.08,0.16,12.8,43.2,20.3,19.1,2.89,51.8,22.1,21.2,6.56,83.4,91.9,90.4,44.0,735.3,232.3,43.2,20.3,19.1,2.89,51.8,22.1,21.2,6.56,83.4,91.9,90.4,44.0,43.2,20.3,19.1,2.89,51.8,22.1,21.2,6.56,83.4,91.9,90.4,44.0,43.2,20.3,19.1,2.89,51.8,22.1,21.2,6.56,83.4,91.9,90.4,44.0,0.16,0.05,0.08,0.63,3.05,0.31,0.08,0.0,0.7,0.16,22.2,0.7,0.16,0.0,0.0,13.7,0.0,0.0,0.0,0.11,-0.08,-0.08,62.5,5.0,23.9,28.1,10.7,1.02,62.5,0.16,28.6,0.31,57.1,34.5,0.08,0.55,0.23,42.5,2.03,1.41,1.25,2.03,1.41,69.2,0.63,1.09,0.94,0.7,2.73,3.75,0.0,1.72,1.72,0.0,0.0,0.08,0.0,0.0,0.0,0.47,0.47,0.0,0.0,0.08,0.0,0.0,0.0,0.0,0.78,0.78,0.0,0.7,0.7,1.25,0.0,0.0,0.08,2.89,1.72,50.0,,,,,,,,,,,,,,,,,,,,,,,,,,,,,Kyle Smith,"DF,MF",Orlando City,33-329,Kyle Smith,,Standard,"[-0.68603763  0.38322176 -0.39648501 -0.37777569 -0.3064068  -0.3141034
 -0.54003522 -0.59296899  0.32302589 -0.42594705 -0.8671488   0.5596319
 -0.27980579  0.07992692]",0,-1.1869934552804124,-0.24142529114075684
3455026505,1,2025,26,13,1124,12.5,0.08,0.24,0.32,0.08,0.0,0.0,0.08,0.0,0.06,0.06,0.26,0.31,3.2,3.84,7.84,0.08,0.24,0.32,0.08,0.32,0.06,0.26,0.31,0.06,0.31,12.5,46.2,24.0,18.7,2.24,56.2,26.2,21.5,5.6,82.2,91.7,87.0,40.0,708.1,141.1,46.2,24.0,18.7,2.24,56.2,26.2,21.5,5.6,82.2,91.7,87.0,40.0,46.2,24.0,18.7,2.24,56.2,26.2,21.5,5.6,82.2,91.7,87.0,40.0,46.2,24.0,18.7,2.24,56.2,26.2,21.5,5.6,82.2,91.7,87.0,40.0,0.24,0.18,-0.02,1.04,2.32,0.64,0.4,0.08,0.96,0.32,33.3,0.96,0.32,0.08,0.25,23.7,0.0,0.0,0.0,0.06,0.02,0.02,67.6,3.12,17.2,28.8,22.0,1.6,67.6,0.64,38.1,0.88,52.4,41.8,0.16,1.28,0.56,47.2,1.44,0.64,0.8,1.44,0.64,42.1,0.88,1.52,1.04,0.96,2.4,2.72,0.0,2.16,2.16,0.0,0.0,0.08,0.0,0.0,0.0,0.4,0.4,0.0,0.0,0.08,0.0,0.0,0.0,0.0,1.2,0.88,0.16,3.36,0.96,0.8,0.0,0.0,0.0,3.76,0.64,36.4,,,,,,,,,,,,,,,,,,,,,,,,,,,,,Artem Smoliakov,"DF,MF",LAFC,22-189,,,,"[-0.30519815  0.97360831 -0.51390354 -0.50681932  1.55993145 -0.34892131
 -0.29014502 -0.25073131  0.52208602  0.01502704  1.25212987 -0.20839532
  0.23472449  0.99669628]",0,-0.21952665026137289,1.8120225844897837
2841637462,2,2025,25,19,1577,17.5,0.29,0.0,0.29,0.29,0.0,0.0,0.17,0.0,0.27,0.27,0.05,0.32,1.77,1.66,8.91,0.29,0.0,0.29,0.29,0.29,0.27,0.05,0.32,0.27,0.32,17.5,19.0,10.9,7.03,0.69,24.7,13.0,8.51,1.37,76.9,83.3,82.6,50.0,275.2,50.8,19.0,10.9,7.03,0.69,24.7,13.0,8.51,1.37,76.9,83.3,82.6,50.0,19.0,10.9,7.03,0.69,24.7,13.0,8.51,1.37,76.9,83.3,82.6,50.0,19.0,10.9,7.03,0.69,24.7,13.0,8.51,1.37,76.9,83.3,82.6,50.0,0.0,0.05,-0.05,0.57,0.8,0.57,0.06,0.29,2.0,0.8,40.0,2.0,0.8,0.14,0.36,15.3,0.0,0.0,0.0,0.14,0.01,0.01,39.1,0.97,5.37,14.2,20.2,3.6,39.1,1.03,36.7,1.77,63.3,22.5,1.14,2.57,1.26,26.7,2.11,0.69,1.37,2.11,0.69,38.7,1.09,1.6,1.6,0.57,2.69,0.74,0.06,1.77,1.77,0.06,0.0,0.11,0.0,0.0,0.0,0.11,0.11,0.06,0.0,0.11,0.0,0.0,0.0,0.0,1.66,0.86,0.46,1.2,0.57,1.37,0.0,0.0,0.06,3.03,0.46,15.4,,,,,,,,,,,,,,,,,,,,,,,,,,,,,Mohammed Sofo,FW,NY Red Bulls,21-034,Mohammed Sofo,,Standard,"[ 0.69450547 -0.79755134  0.71899108  0.84813874 -0.61746318  0.235246
  0.70941578  0.77598174 -1.28272582 -1.20183818  0.10851912  0.66377119
 -0.53707093  1.16725803]",-1,1.2665684672280122,-1.5139022039249572
7039496329,2,2025,21,7,867,9.6,0.21,0.0,0.21,0.21,0.0,0.0,0.1,0.0,0.18,0.18,0.07,0.25,4.27,1.04,6.15,0.21,0.0,0.21,0.21,0.21,0.18,0.07,0.25,0.18,0.25,9.6,18.8,9.48,6.15,2.6,29.2,11.5,10.2,5.1,64.3,82.7,60.2,51.0,339.8,113.9,18.8,9.48,6.15,2.6,29.2,11.5,10.2,5.1,64.3,82.7,60.2,51.0,18.8,9.48,6.15,2.6,29.2,11.5,10.2,5.1,64.3,82.7,60.2,51.0,18.8,9.48,6.15,2.6,29.2,11.5,10.2,5.1,64.3,82.7,60.2,51.0,0.0,0.09,-0.07,1.15,1.25,0.42,0.42,0.21,1.46,0.63,42.9,1.45,0.62,0.14,0.33,16.7,0.0,0.0,0.0,0.12,0.03,0.03,46.8,2.08,12.5,15.3,20.0,3.33,46.8,2.19,44.7,2.4,48.9,24.9,1.35,3.44,1.88,26.8,2.81,0.83,1.35,2.81,0.83,57.1,0.63,1.25,1.15,0.94,3.75,2.29,0.0,1.77,1.76,0.1,0.1,0.0,0.0,0.1,0.0,0.1,0.1,0.1,0.1,0.0,0.0,0.1,0.0,0.0,0.52,1.15,0.63,3.85,0.94,1.35,0.0,0.1,0.0,4.17,0.63,35.3,,,,,,,,,,,,,,,,,,,,,,,,,,,,,Tyrese Spicer,"MF,FW",Orlando City,25-000,Tyrese Spicer,,Standard,"[ 0.313666   -0.79755134  0.19060767  0.26744243 -0.41009226 -0.68033633
  0.19041306  0.4123542  -1.2959965  -1.54791912  2.10783861  1.57498992
  0.19514524  0.4210504 ]",-1,0.6952333867056115,-0.5727950245804447
7039496329,3,2025,21,7,867,9.6,0.21,0.0,0.21,0.21,0.0,0.0,0.1,0.0,0.18,0.18,0.07,0.25,4.27,1.04,6.15,0.21,0.0,0.21,0.21,0.21,0.18,0.07,0.25,0.18,0.25,9.6,18.8,9.48,6.15,2.6,29.2,11.5,10.2,5.1,64.3,82.7,60.2,51.0,339.8,113.9,18.8,9.48,6.15,2.6,29.2,11.5,10.2,5.1,64.3,82.7,60.2,51.0,18.8,9.48,6.15,2.6,29.2,11.5,10.2,5.1,64.3,82.7,60.2,51.0,18.8,9.48,6.15,2.6,29.2,11.5,10.2,5.1,64.3,82.7,60.2,51.0,0.0,0.09,-0.07,1.15,1.25,0.42,0.42,0.21,1.46,0.63,42.9,1.45,0.62,0.14,0.33,16.7,0.0,0.0,0.0,0.12,0.03,0.03,46.8,2.08,12.5,15.3,20.0,3.33,46.8,2.19,44.7,2.4,48.9,24.9,1.35,3.44,1.88,26.8,2.81,0.83,1.35,2.81,0.83,57.1,0.63,1.25,1.15,0.94,3.75,2.29,0.0,1.77,1.76,0.1,0.1,0.0,0.0,0.1,0.0,0.1,0.1,0.1,0.1,0.0,0.0,0.1,0.0,0.0,0.52,1.15,0.63,3.85,0.94,1.35,0.0,0.1,0.0,4.17,0.63,35.3,,,,,,,,,,,,,,,,,,,,,,,,,,,,,Tyrese Spicer,"MF,FW",Orlando City,25-000,Tyrese Spicer,,Standard,"[ 0.313666   -0.79755134  0.19060767  0.26744243 -0.41009226 -0.68033633
  0.19041306  0.4123542  -1.2959965  -1.54791912  2.10783861  1.57498992
  0.19514524  0.4210504 ]",-1,0.6952333867056115,-0.5727950245804447
7039496329,2,2025,8,2,283,3.1,0.32,0.65,0.97,0.32,0.0,0.0,0.0,0.0,0.1,0.1,0.42,0.55,6.45,3.23,17.4,0.32,0.64,0.95,0.32,0.95,0.11,0.42,0.53,0.11,0.53,3.1,22.9,10.0,10.0,2.26,38.1,12.3,18.4,3.87,60.2,81.6,54.4,58.3,404.8,127.4,22.9,10.0,10.0,2.26,38.1,12.3,18.4,3.87,60.2,81.6,54.4,58.3,22.9,10.0,10.0,2.26,38.1,12.3,18.4,3.87,60.2,81.6,54.4,58.3,22.9,10.0,10.0,2.26,38.1,12.3,18.4,3.87,60.2,81.6,54.4,58.3,0.65,0.39,0.23,2.26,1.29,2.9,1.61,0.32,2.9,0.65,22.2,2.86,0.64,0.11,0.5,17.7,0.0,0.0,0.0,0.04,0.23,0.23,55.2,0.97,3.55,20.0,34.2,7.1,55.2,3.55,57.9,1.94,31.6,36.5,2.9,2.58,1.29,40.0,2.9,0.97,1.61,2.9,0.97,75.0,0.32,0.97,0.97,1.29,4.19,0.65,0.0,4.19,4.13,1.29,0.0,0.0,0.0,0.0,0.0,0.97,0.95,1.29,0.0,0.0,0.0,0.0,0.0,0.0,0.32,0.97,0.32,8.06,1.29,1.61,0.0,0.0,0.0,2.26,0.65,50.0,,,,,,,,,,,,,,,,,,,,,,,,,,,,,Tyrese Spicer,"MF,FW",Orlando City,25-000,Tyrese Spicer,,Standard,"[ 0.83732027  3.99933939 -0.27906647 -0.24873207  3.21889879 -1.43343503
  1.57442031  0.45513391 -1.02394765 -0.32547194  3.85124522  1.69214661
  0.88778215 -0.1759157 ]",-1,2.973152291303733,4.717956911627788
7039496329,3,2025,8,2,283,3.1,0.32,0.65,0.97,0.32,0.0,0.0,0.0,0.0,0.1,0.1,0.42,0.55,6.45,3.23,17.4,0.32,0.64,0.95,0.32,0.95,0.11,0.42,0.53,0.11,0.53,3.1,22.9,10.0,10.0,2.26,38.1,12.3,18.4,3.87,60.2,81.6,54.4,58.3,404.8,127.4,22.9,10.0,10.0,2.26,38.1,12.3,18.4,3.87,60.2,81.6,54.4,58.3,22.9,10.0,10.0,2.26,38.1,12.3,18.4,3.87,60.2,81.6,54.4,58.3,22.9,10.0,10.0,2.26,38.1,12.3,18.4,3.87,60.2,81.6,54.4,58.3,0.65,0.39,0.23,2.26,1.29,2.9,1.61,0.32,2.9,0.65,22.2,2.86,0.64,0.11,0.5,17.7,0.0,0.0,0.0,0.04,0.23,0.23,55.2,0.97,3.55,20.0,34.2,7.1,55.2,3.55,57.9,1.94,31.6,36.5,2.9,2.58,1.29,40.0,2.9,0.97,1.61,2.9,0.97,75.0,0.32,0.97,0.97,1.29,4.19,0.65,0.0,4.19,4.13,1.29,0.0,0.0,0.0,0.0,0.0,0.97,0.95,1.29,0.0,0.0,0.0,0.0,0.0,0.0,0.32,0.97,0.32,8.06,1.29,1.61,0.0,0.0,0.0,2.26,0.65,50.0,,,,,,,,,,,,,,,,,,,,,,,,,,,,,Tyrese Spicer,"MF,FW",Orlando City,25-000,Tyrese Spicer,,Standard,"[ 0.83732027  3.99933939 -0.27906647 -0.24873207  3.21889879 -1.43343503
  1.57442031  0.45513391 -1.02394765 -0.32547194  3.85124522  1.69214661
  0.88778215 -0.1759157 ]",-1,2.973152291303733,4.717956911627788
6907024953,1,2025,14,4,576,6.4,0.0,0.0,0.0,0.0,0.0,0.0,0.0,0.0,0.0,0.0,0.0,0.0,0.16,3.75,0.16,0.0,0.0,0.0,0.0,0.0,0.0,0.0,0.0,0.0,0.0,6.4,48.0,14.5,27.7,5.31,56.9,15.8,30.9,8.28,84.3,92.1,89.4,64.2,947.5,350.8,48.0,14.5,27.7,5.31,56.9,15.8,30.9,8.28,84.3,92.1,89.4,64.2,48.0,14.5,27.7,5.31,56.9,15.8,30.9,8.28,84.3,92.1,89.4,64.2,48.0,14.5,27.7,5.31,56.9,15.8,30.9,8.28,84.3,92.1,89.4,64.2,0.0,0.02,0.0,0.16,5.63,0.16,0.0,0.0,0.0,0.0,,0.0,0.0,,,,0.0,0.0,0.0,,0.0,0.0,66.7,6.41,31.1,31.6,4.38,0.16,66.7,0.16,100.0,0.0,0.0,38.1,0.0,0.94,0.0,43.6,2.03,1.09,1.09,2.03,1.09,70.0,0.47,0.78,0.47,1.88,3.91,3.91,0.0,0.78,0.78,0.0,0.0,0.0,0.0,0.0,0.0,0.0,0.0,0.0,0.0,0.0,0.0,0.0,0.0,0.0,0.78,0.63,0.0,0.16,1.88,1.09,0.0,0.0,0.0,3.13,0.78,27.8,,,,,,,,,,,,,,,,,,,,,,,,,,,,,Lazar Stefanovic,DF,Toronto FC,19-116,Lazar Stefanovic,Homegrown Player,Homegrown,"[-0.68603763 -0.79755134 -0.86615915 -0.89395019 -1.13589047 -1.05559613
 -1.21281652 -0.93520667  0.6415221  -0.03521051 -1.17904264  0.5596319
  2.05537009 -0.58099984]",0,-3.00624418157846,-0.7199780383116903
2396808450,1,2025,8,3,398,4.4,0.0,0.0,0.0,0.0,0.0,0.0,0.45,0.0,0.02,0.02,0.0,0.02,0.68,3.86,1.59,0.0,0.0,0.0,0.0,0.0,0.01,0.0,0.01,0.01,0.01,4.4,48.4,23.4,21.6,2.95,58.2,27.0,25.0,4.55,83.2,86.6,86.4,65.0,813.6,343.2,48.4,23.4,21.6,2.95,58.2,27.0,25.0,4.55,83.2,86.6,86.4,65.0,48.4,23.4,21.6,2.95,58.2,27.0,25.0,4.55,83.2,86.6,86.4,65.0,48.4,23.4,21.6,2.95,58.2,27.0,25.0,4.55,83.2,86.6,86.4,65.0,0.0,0.02,0.0,0.0,4.55,0.0,0.0,0.0,0.23,0.0,0.0,0.23,0.0,0.0,,9.4,0.0,0.0,0.0,0.06,-0.02,-0.02,68.2,4.77,28.2,32.7,7.27,0.91,68.2,0.0,,0.0,,28.9,0.23,0.68,0.45,43.2,1.14,0.68,0.23,1.14,0.68,50.0,0.68,1.14,0.45,0.91,2.05,4.77,0.45,1.14,1.13,0.0,0.0,0.0,0.0,0.0,0.0,0.0,0.0,0.0,0.0,0.0,0.0,0.0,0.0,0.0,1.36,0.0,0.23,0.45,0.91,0.23,0.0,0.0,0.0,3.18,1.36,54.5,,,,,,,,,,,,,,,,,,,,,,,,,,,,,Daniel Steres,DF,Houston Dynamo,35-023,Daniel Steres,,Standard,"[-0.68603763 -0.79755134 -0.74874061 -0.76490657 -1.13589047 -1.28513648
 -0.99175981 -0.93520667  0.66806345  0.02619095 -0.76318418 -0.59891763
  0.13577636  0.186528  ]",0,-2.202551074661192,-1.0245187917643677
1986420995,3,2025,29,15,1303,14.5,0.0,0.0,0.0,0.0,0.0,0.0,0.21,0.0,0.18,0.18,0.21,0.39,1.79,2.34,7.31,0.0,0.0,0.0,0.0,0.0,0.18,0.21,0.39,0.18,0.39,14.5,21.5,11.4,8.48,1.17,30.3,14.0,10.7,2.97,70.9,81.3,79.4,39.5,344.8,85.4,21.5,11.4,8.48,1.17,30.3,14.0,10.7,2.97,70.9,81.3,79.4,39.5,21.5,11.4,8.48,1.17,30.3,14.0,10.7,2.97,70.9,81.3,79.4,39.5,21.5,11.4,8.48,1.17,30.3,14.0,10.7,2.97,70.9,81.3,79.4,39.5,0.0,0.23,-0.21,1.66,1.59,0.76,0.48,0.0,2.28,0.48,21.2,2.28,0.48,0.0,0.0,18.5,0.0,0.0,0.0,0.08,-0.18,-0.18,41.5,0.9,5.93,17.1,19.0,4.0,41.5,0.34,31.3,0.76,68.8,24.9,0.76,2.28,1.38,27.7,1.66,0.62,1.24,1.66,0.62,33.3,1.24,1.31,1.1,0.28,1.93,0.55,0.0,2.76,2.76,0.0,0.0,0.14,0.0,0.0,0.0,0.07,0.07,0.0,0.0,0.14,0.0,0.0,0.0,0.0,1.93,1.1,0.14,2.97,0.28,1.24,0.0,0.0,0.0,4.0,0.14,14.3,,,,,,,,,,,,,,,,,,,,,,,,,,,,,Jared Stroud,"FW,MF",D.C. United,29-147,Jared Stroud,,Standard,"[-0.68603763 -0.79755134  0.19060767  0.26744243  1.04150416 -0.1180914
  0.9785283   0.09150638 -1.11684238 -0.82226554  0.12451367  0.07798771
 -1.11097009  0.54897171]",0,0.9738803532034666,-0.5901729081425381
2823554863,1,2025,27,22,1720,19.1,0.0,0.16,0.16,0.0,0.0,0.0,0.31,0.0,0.03,0.03,0.12,0.15,0.84,5.24,1.83,0.0,0.16,0.16,0.0,0.16,0.03,0.11,0.14,0.03,0.14,19.1,43.6,23.2,17.0,2.2,51.6,25.6,19.1,4.29,84.5,90.8,89.3,51.2,674.8,182.8,43.6,23.2,17.0,2.2,51.6,25.6,19.1,4.29,84.5,90.8,89.3,51.2,43.6,23.2,17.0,2.2,51.6,25.6,19.1,4.29,84.5,90.8,89.3,51.2,43.6,23.2,17.0,2.2,51.6,25.6,19.1,4.29,84.5,90.8,89.3,51.2,0.16,0.1,0.04,0.89,5.86,0.47,0.1,0.0,0.84,0.05,6.3,0.84,0.05,0.0,0.0,23.3,0.0,0.0,0.0,0.04,-0.03,-0.03,61.6,1.26,8.9,40.8,12.8,0.73,61.6,0.37,38.9,0.42,44.4,30.3,0.1,0.99,0.68,42.0,2.83,1.15,1.78,2.83,1.15,50.0,1.15,1.2,0.99,1.26,4.08,1.41,0.0,1.99,1.99,0.1,0.0,0.21,0.0,0.0,0.0,0.21,0.21,0.1,0.0,0.21,0.0,0.0,0.0,0.0,1.36,1.05,0.0,0.37,1.26,1.78,0.0,0.0,0.0,5.08,0.58,37.9,,,,,,,,,,,,,,,,,,,,,,,,,,,,,Peter Stroud,MF,NY Red Bulls,23-225,Peter Stroud,Homegrown Player,Homegrown,"[-0.68603763  0.38322176 -0.69003135 -0.70038476  0.10833503  0.41965202
 -0.40547896 -0.8282574   0.34956724  0.79650013 -0.63522774  1.60102474
  0.82841327  0.31444931]",0,-1.939593951845585,1.2216053062228929
8052689431,1,2025,28,27,2284,25.4,0.39,0.39,0.79,0.35,0.04,0.04,0.24,0.0,0.57,0.54,0.33,0.87,1.1,3.9,7.95,0.39,0.39,0.79,0.35,0.75,0.57,0.34,0.9,0.54,0.87,25.4,26.7,14.6,8.23,2.2,34.7,18.1,10.3,2.91,76.8,80.9,79.8,75.7,409.9,89.1,26.7,14.6,8.23,2.2,34.7,18.1,10.3,2.91,76.8,80.9,79.8,75.7,26.7,14.6,8.23,2.2,34.7,18.1,10.3,2.91,76.8,80.9,79.8,75.7,26.7,14.6,8.23,2.2,34.7,18.1,10.3,2.91,76.8,80.9,79.8,75.7,0.39,0.23,0.06,1.89,1.65,1.61,0.24,0.39,3.11,1.14,36.7,3.11,1.14,0.11,0.31,15.3,0.0,0.04,0.04,0.17,-0.17,-0.18,44.0,0.94,2.64,19.6,21.9,4.72,44.0,0.59,35.7,0.98,59.5,22.6,0.51,2.28,0.55,34.8,0.67,0.2,0.51,0.67,0.2,45.5,0.24,0.28,0.2,0.24,0.91,0.67,0.0,3.39,3.39,0.16,0.0,0.08,0.0,0.04,0.0,0.59,0.59,0.16,0.0,0.08,0.0,0.04,0.0,0.0,1.06,1.34,0.43,0.71,0.24,0.51,0.0,0.0,0.0,2.17,0.39,43.5,,,,,,,,,,,,,,,,,,,,,,,,,,,,,Luis Suárez,FW,Inter Miami,38-314,Luis Suárez,TAM Player,TAM Player,"[ 1.17055481  2.0805831   2.4802691   2.59022768  2.28572966  1.14695967
  1.7762547   1.50323682 -0.77180482  0.04851875 -0.42729851 -1.21073592
 -1.19012859 -1.64701073]",-1,5.377801979340902,0.6675324328231749
1669286226,1,2025,32,26,2017,22.4,0.09,0.13,0.22,0.09,0.0,0.0,0.09,0.04,0.11,0.11,0.06,0.17,4.2,2.95,8.66,0.09,0.13,0.22,0.09,0.22,0.11,0.06,0.17,0.11,0.17,22.4,31.5,17.3,11.0,2.14,39.4,19.5,13.5,3.84,79.9,89.0,81.5,55.8,489.2,85.4,31.5,17.3,11.0,2.14,39.4,19.5,13.5,3.84,79.9,89.0,81.5,55.8,31.5,17.3,11.0,2.14,39.4,19.5,13.5,3.84,79.9,89.0,81.5,55.8,31.5,17.3,11.0,2.14,39.4,19.5,13.5,3.84,79.9,89.0,81.5,55.8,0.13,0.12,0.08,0.85,1.16,1.03,0.18,0.09,1.61,0.36,22.2,1.61,0.36,0.06,0.25,18.6,0.13,0.0,0.0,0.07,-0.02,-0.02,48.8,0.49,4.42,16.6,28.2,4.02,48.8,0.89,29.9,1.65,55.2,34.2,2.5,1.29,1.21,37.2,1.16,0.71,0.63,1.16,0.71,59.3,0.49,0.45,0.45,0.45,1.61,0.67,0.09,2.5,2.5,0.0,0.0,0.4,0.18,0.0,0.0,0.36,0.36,0.0,0.0,0.4,0.18,0.0,0.0,0.0,0.85,2.72,0.22,3.66,0.45,0.63,0.09,0.04,0.0,3.62,0.49,28.2,,,,,,,,,,,,,,,,,,,,,,,,,,,,,Magomed-Shapi Suleymanov,"FW,MF",Sporting KC,25-353,,,,"[-0.25759322  0.16182681 -0.22035721 -0.18421026 -0.51377772  0.80264914
  0.33458048 -0.16517189 -0.45330861 -0.48176656  2.05185767 -0.57288281
 -0.77454644 -1.28456703]",0,0.8932408978439039,-0.007553129919350002
1837173632,2,2025,28,24,1955,21.7,0.09,0.32,0.41,0.09,0.0,0.05,0.14,0.0,0.18,0.14,0.28,0.41,3.82,4.33,7.79,0.09,0.32,0.41,0.09,0.41,0.18,0.28,0.45,0.14,0.42,21.7,26.7,15.0,8.43,1.66,39.9,18.1,12.4,5.16,66.9,83.0,68.0,32.1,399.6,125.9,26.7,15.0,8.43,1.66,39.9,18.1,12.4,5.16,66.9,83.0,68.0,32.1,26.7,15.0,8.43,1.66,39.9,18.1,12.4,5.16,66.9,83.0,68.0,32.1,26.7,15.0,8.43,1.66,39.9,18.1,12.4,5.16,66.9,83.0,68.0,32.1,0.32,0.24,0.05,2.03,2.58,1.61,0.46,0.09,2.58,0.78,30.4,2.58,0.78,0.04,0.12,21.9,0.23,0.0,0.05,0.05,-0.08,-0.05,52.1,0.6,4.61,21.0,27.6,4.65,52.0,1.47,48.5,1.47,48.5,29.8,1.47,2.53,1.38,35.5,1.61,0.69,1.29,1.61,0.69,48.4,0.74,1.15,1.15,0.32,1.94,0.83,0.0,4.56,4.56,0.14,0.0,0.05,0.0,0.05,0.0,0.55,0.55,0.14,0.0,0.05,0.0,0.05,0.0,0.0,0.88,0.83,0.09,5.3,0.32,1.29,0.0,0.0,0.0,4.33,0.65,45.2,,,,,,,,,,,,,,,,,,,,,,,,,,,,,Quinn Sullivan,"MF,FW",Philadelphia Union,21-252,Quinn Sullivan,U22 Initiative,U22 Initiative,"[-0.25759322  1.56399486  0.19060767  0.00935518  1.76730237  0.72269688
  1.26686314  0.73320203 -0.77180482  0.28854262  1.7479611   0.01290066
 -1.03181158  0.20784822]",0,2.2171498271039423,2.078578570180557
2446008232,1,2025,31,31,2720,30.2,0.0,0.0,0.0,0.0,0.0,0.0,0.07,0.0,0.03,0.03,0.01,0.04,0.13,2.02,0.07,0.0,0.0,0.0,0.0,0.0,0.03,0.01,0.04,0.03,0.04,30.2,47.9,15.6,28.2,3.64,52.5,16.5,29.6,5.2,91.2,94.6,95.1,70.1,903.3,312.9,47.9,15.6,28.2,3.64,52.5,16.5,29.6,5.2,91.2,94.6,95.1,70.1,47.9,15.6,28.2,3.64,52.5,16.5,29.6,5.2,91.2,94.6,95.1,70.1,47.9,15.6,28.2,3.64,52.5,16.5,29.6,5.2,91.2,94.6,95.1,70.1,0.0,0.01,-0.01,0.17,2.45,0.1,0.03,0.0,0.33,0.07,20.0,0.33,0.07,0.0,0.0,8.7,0.0,0.0,0.0,0.1,-0.03,-0.03,64.9,10.4,36.3,27.4,1.39,0.46,64.9,0.0,0.0,0.07,100.0,35.8,0.0,0.2,0.17,42.5,1.32,0.56,0.7,1.32,0.56,68.0,0.26,1.56,0.43,1.03,2.35,7.45,0.07,0.56,0.56,0.0,0.0,0.0,0.0,0.0,0.0,0.03,0.03,0.0,0.0,0.0,0.0,0.0,0.0,0.0,0.43,0.3,0.0,0.07,1.03,0.7,0.0,0.03,0.0,2.85,2.19,62.3,,,,,,,,,,,,,,,,,,,,,,,,,,,,,Finn Surman,DF,Portland Timbers,22-072,Finn Surman,,Standard,"[-0.68603763 -0.79755134 -0.69003135 -0.70038476 -1.03220501  1.7092046
 -0.89564819 -0.78547769  0.63488676 -1.00088796 -1.20303447 -0.36460424
  0.37325187  1.08197715]",0,-2.34236747112259,-1.434477345424796
4896217781,1,2025,34,33,2934,32.6,0.74,0.09,0.83,0.58,0.15,0.18,0.06,0.0,0.74,0.59,0.15,0.74,1.5,1.75,5.64,0.74,0.09,0.83,0.58,0.67,0.74,0.15,0.89,0.59,0.74,32.6,12.1,6.87,3.9,0.74,17.8,9.42,5.25,1.23,67.8,73.0,74.3,60.0,180.3,36.8,12.1,6.87,3.9,0.74,17.8,9.42,5.25,1.23,67.8,73.0,74.3,60.0,12.1,6.87,3.9,0.74,17.8,9.42,5.25,1.23,67.8,73.0,74.3,60.0,12.1,6.87,3.9,0.74,17.8,9.42,5.25,1.23,67.8,73.0,74.3,60.0,0.09,0.1,-0.06,0.86,0.67,0.67,0.09,0.74,3.13,1.47,47.1,3.13,1.47,0.19,0.4,11.7,0.0,0.15,0.18,0.19,-0.01,-0.01,28.3,1.07,3.16,11.5,14.1,5.77,28.1,0.55,34.0,0.98,60.4,14.6,0.89,1.69,0.98,20.7,0.71,0.28,0.4,0.71,0.28,52.9,0.25,0.55,0.49,0.31,1.01,1.1,0.0,2.27,2.27,0.21,0.09,0.25,0.03,0.09,0.0,0.46,0.46,0.21,0.09,0.25,0.03,0.09,0.0,0.0,1.29,1.32,0.89,0.43,0.31,0.4,0.06,0.0,0.0,2.15,3.1,53.4,,,,,,,,,,,,,,,,,,,,,,,,,,,,,Sam Surridge,FW,Nashville SC,27-129,Sam Surridge,Designated Player,Designated Player,"[ 2.83672752 -0.13336647  3.47832665  2.91283674  0.41939141  1.98516885
  1.79547703  2.20910204 -1.74056412 -1.15160063 -0.10740739 -1.15866628
 -1.05160121 -1.07136485]",-1,6.027584697084679,-2.0326813791877285
1346354278,1,2025,29,25,2371,26.3,0.04,0.0,0.04,0.04,0.0,0.0,0.19,0.0,0.03,0.03,0.03,0.05,0.27,2.05,0.23,0.04,0.0,0.04,0.04,0.04,0.02,0.03,0.05,0.02,0.05,26.3,42.8,13.1,26.3,3.16,47.8,14.0,27.5,5.59,89.6,93.5,95.4,56.5,821.2,270.1,42.8,13.1,26.3,3.16,47.8,14.0,27.5,5.59,89.6,93.5,95.4,56.5,42.8,13.1,26.3,3.16,47.8,14.0,27.5,5.59,89.6,93.5,95.4,56.5,42.8,13.1,26.3,3.16,47.8,14.0,27.5,5.59,89.6,93.5,95.4,56.5,0.0,0.02,-0.03,0.19,2.43,0.08,0.0,0.04,0.27,0.08,28.6,0.27,0.08,0.14,0.5,9.1,0.0,0.0,0.0,0.09,0.01,0.01,58.5,6.88,32.2,24.5,1.86,1.06,58.5,0.0,0.0,0.11,75.0,33.5,0.08,0.46,0.11,41.3,1.14,0.3,0.46,1.14,0.3,50.0,0.3,0.8,0.3,1.33,2.47,6.08,0.0,0.53,0.53,0.0,0.0,0.0,0.0,0.0,0.0,0.0,0.0,0.0,0.0,0.0,0.0,0.0,0.0,0.0,1.1,0.23,0.04,0.0,1.33,0.46,0.0,0.04,0.0,2.21,1.22,54.2,,,,,,,,,,,,,,,,,,,,,,,,,,,,,Oleksandr Svatok,DF,Austin,31-068,Oleksandr Svatok,,Standard,"[-0.49561789 -0.79755134 -0.69003135 -0.70038476 -0.8248341   1.25915075
 -0.95331516 -0.76408783  0.29648454 -0.98414211 -1.09107258 -0.59891763
  0.96694066 -0.5383594 ]",0,-1.9028298282485463,-1.503646059443554
3728250637,1,2025,15,13,960,10.7,0.0,0.0,0.0,0.0,0.0,0.0,0.09,0.09,0.07,0.07,0.0,0.07,0.09,3.46,0.19,0.0,0.0,0.0,0.0,0.0,0.07,0.0,0.07,0.07,0.07,10.7,39.6,17.4,19.0,2.9,47.8,18.5,20.8,7.2,83.0,93.9,91.0,40.3,721.0,300.0,39.6,17.4,19.0,2.9,47.8,18.5,20.8,7.2,83.0,93.9,91.0,40.3,39.6,17.4,19.0,2.9,47.8,18.5,20.8,7.2,83.0,93.9,91.0,40.3,39.6,17.4,19.0,2.9,47.8,18.5,20.8,7.2,83.0,93.9,91.0,40.3,0.0,0.03,0.0,0.0,4.95,0.37,0.0,0.0,0.93,0.37,40.0,0.94,0.37,0.0,0.0,14.8,0.0,0.0,0.0,0.08,-0.07,-0.07,60.4,5.98,27.8,27.1,5.7,1.59,60.4,0.19,40.0,0.28,60.0,36.3,0.0,0.84,0.28,42.6,1.03,0.47,0.47,1.03,0.47,71.4,0.19,1.12,0.28,1.12,2.15,6.17,0.19,0.37,0.37,0.0,0.0,0.0,0.0,0.0,0.0,0.09,0.09,0.0,0.0,0.0,0.0,0.0,0.0,0.0,0.84,0.84,0.0,0.47,1.12,0.47,0.0,0.0,0.0,2.06,2.52,64.3,,,,,,,,,,,,,,,,,,,,,,,,,,,,,Erik Sviatchenko,DF,Houston Dynamo,34-061,Erik Sviatchenko,TAM Player,TAM Player,"[-0.68603763 -0.79755134 -0.45519428 -0.44229751 -1.13589047 -0.56040794
 -0.3189785  -0.14378203  0.08415374 -0.19708708 -1.23502358 -0.74210915
  0.55135851  0.14388757]",0,-1.4418147614979824,-1.4428698129533204
6973069397,1,2025,14,10,789,8.8,0.11,0.0,0.11,0.11,0.0,0.0,0.23,0.0,0.14,0.14,0.15,0.27,5.45,4.2,10.2,0.11,0.0,0.11,0.11,0.11,0.13,0.14,0.28,0.13,0.28,8.8,28.0,15.1,10.8,1.82,39.3,17.5,14.7,4.89,71.1,86.4,73.6,37.2,454.1,139.2,28.0,15.1,10.8,1.82,39.3,17.5,14.7,4.89,71.1,86.4,73.6,37.2,28.0,15.1,10.8,1.82,39.3,17.5,14.7,4.89,71.1,86.4,73.6,37.2,28.0,15.1,10.8,1.82,39.3,17.5,14.7,4.89,71.1,86.4,73.6,37.2,0.0,0.18,-0.15,1.14,2.95,1.82,0.45,0.11,2.73,0.57,20.8,2.74,0.57,0.04,0.2,20.1,0.23,0.0,0.0,0.05,-0.02,-0.02,52.5,0.45,6.48,23.4,24.2,3.52,52.5,3.41,57.7,2.05,34.6,35.7,2.16,3.07,1.7,38.1,2.61,1.36,1.7,2.61,1.36,48.0,1.48,1.02,1.02,0.34,2.95,0.57,0.0,3.41,3.42,0.45,0.0,0.23,0.0,0.23,0.0,0.0,0.0,0.45,0.0,0.23,0.0,0.23,0.0,0.0,1.36,3.52,0.34,4.77,0.34,1.7,0.0,0.0,0.0,4.55,0.45,22.2,,,,,,,,,,,,,,,,,,,,,,,,,,,,,Hennadii Synchuk,"MF,FW",CF Montréal,19-147,Hennadii Synchuk,U22 Initiative,U22 Initiative,"[-0.16238335 -0.79755134 -0.0442294   0.00935518  0.41939141 -0.78092143
  1.41103057  0.28401507 -0.68554543  0.21597727  3.05151742  1.31464171
 -0.99223233 -0.06931461]",-1,1.2992787398581336,1.18621591589986
1306541897,2,2025,25,20,1833,20.4,0.0,0.0,0.0,0.0,0.0,0.0,0.25,0.0,0.02,0.02,0.03,0.05,0.15,2.06,0.25,0.0,0.0,0.0,0.0,0.0,0.03,0.03,0.05,0.03,0.05,20.4,53.4,19.3,30.3,3.48,58.3,20.2,31.2,5.98,91.5,95.6,97.0,58.2,975.0,318.1,53.4,19.3,30.3,3.48,58.3,20.2,31.2,5.98,91.5,95.6,97.0,58.2,53.4,19.3,30.3,3.48,58.3,20.2,31.2,5.98,91.5,95.6,97.0,58.2,53.4,19.3,30.3,3.48,58.3,20.2,31.2,5.98,91.5,95.6,97.0,58.2,0.0,0.03,-0.03,0.1,2.45,0.05,0.0,0.0,0.44,0.05,11.1,0.44,0.05,0.0,0.0,17.2,0.0,0.0,0.0,0.06,-0.02,-0.02,69.6,8.68,33.2,34.8,1.72,1.03,69.6,0.15,100.0,0.0,0.0,40.7,0.05,0.1,0.05,50.7,1.37,0.74,0.83,1.37,0.74,65.2,0.39,1.08,0.15,0.98,2.35,6.18,0.0,0.34,0.34,0.05,0.0,0.0,0.0,0.05,0.0,0.0,0.0,0.05,0.0,0.0,0.0,0.05,0.0,0.0,1.03,0.34,0.1,0.05,0.98,0.83,0.0,0.0,0.0,2.75,1.27,47.3,,,,,,,,,,,,,,,,,,,,,,,,,,,,,Nkosi Tafari,DF,LAFC,28-256,Nkosi Tafari,,Standard,"[-0.68603763 -0.79755134 -0.74874061 -0.76490657 -0.8248341   0.56537146
 -0.78992542 -0.8282574   0.99983033 -0.97856016 -1.18703992 -0.29951719
  0.27430374  0.0586067 ]",0,-2.1860572446281026,-1.3127196512991557
4671446576,1,2025,14,6,612,6.8,0.0,0.0,0.0,0.0,0.0,0.0,0.44,0.0,0.0,0.0,0.0,0.0,0.44,3.82,0.88,0.0,0.0,0.0,0.0,0.0,0.0,0.0,0.0,0.0,0.0,6.8,51.5,21.8,25.7,2.94,58.7,22.5,27.9,5.74,87.7,96.7,92.1,51.3,879.6,304.0,51.5,21.8,25.7,2.94,58.7,22.5,27.9,5.74,87.7,96.7,92.1,51.3,51.5,21.8,25.7,2.94,58.7,22.5,27.9,5.74,87.7,96.7,92.1,51.3,51.5,21.8,25.7,2.94,58.7,22.5,27.9,5.74,87.7,96.7,92.1,51.3,0.0,0.01,0.0,0.0,4.12,0.15,0.0,0.0,0.0,0.0,,0.0,0.0,,,,0.0,0.0,0.0,,0.0,0.0,70.1,8.24,30.9,33.8,5.88,0.0,70.1,0.29,100.0,0.0,0.0,37.9,0.0,0.74,0.44,45.4,1.18,0.44,0.74,1.18,0.44,75.0,0.15,1.03,1.03,0.88,2.06,6.91,0.0,0.59,0.59,0.0,0.0,0.0,0.0,0.0,0.0,0.15,0.15,0.0,0.0,0.0,0.0,0.0,0.0,0.0,1.47,1.62,0.0,0.59,0.88,0.74,0.0,0.0,0.0,3.09,1.76,60.0,,,,,,,,,,,,,,,,,,,,,,,,,,,,,Strahinja Tanasijević,DF,NYCFC,28-175,Strahinja Tanasijević,,Standard,"[-0.68603763 -0.79755134 -0.86615915 -0.89395019 -1.13589047 -1.00917223
 -1.21281652 -0.93520667  0.87375892  0.00386314 -0.95511885 -0.54684799
  0.07640748 -0.04799439]",0,-2.4115696994359466,-1.0336666090164348
5526458488,3,2025,17,1,412,4.6,0.22,0.0,0.22,0.22,0.0,0.0,0.22,0.0,0.17,0.17,0.09,0.26,3.48,5.0,7.61,0.22,0.0,0.22,0.22,0.22,0.17,0.09,0.26,0.17,0.26,4.6,30.2,16.5,9.78,3.26,40.9,20.0,12.4,5.87,73.9,82.6,78.9,55.6,508.9,133.9,30.2,16.5,9.78,3.26,40.9,20.0,12.4,5.87,73.9,82.6,78.9,55.6,30.2,16.5,9.78,3.26,40.9,20.0,12.4,5.87,73.9,82.6,78.9,55.6,30.2,16.5,9.78,3.26,40.9,20.0,12.4,5.87,73.9,82.6,78.9,55.6,0.0,0.11,-0.09,1.3,2.61,1.96,0.65,0.22,2.61,0.87,33.3,2.62,0.87,0.08,0.25,20.3,0.0,0.0,0.0,0.07,0.04,0.04,53.3,0.22,5.65,21.3,27.4,3.48,53.3,1.74,57.1,1.09,35.7,32.8,0.87,3.48,1.52,38.3,1.96,0.87,1.74,1.96,0.87,66.7,0.43,0.87,0.65,1.96,3.91,0.22,0.0,2.61,2.63,0.22,0.0,0.0,0.0,0.0,0.0,0.22,0.22,0.22,0.0,0.0,0.0,0.0,0.0,0.0,0.87,0.22,0.0,2.39,1.96,1.74,0.0,0.22,0.0,4.78,0.65,42.9,,,,,,,,,,,,,,,,,,,,,,,,,,,,,Robert Taylor,"MF,FW",Inter Miami,31-044,Robert Taylor,,Standard,"[ 0.36127093 -0.79755134  0.1318984   0.20292062 -0.20272134 -1.26708275
  1.29569663  0.92571073 -0.539568    0.66253331  1.47605365  0.46851003
  2.2136871  -0.38911788]",-1,0.637597969469588,0.6225273493848446
5526458488,4,2025,17,1,412,4.6,0.22,0.0,0.22,0.22,0.0,0.0,0.22,0.0,0.17,0.17,0.09,0.26,3.48,5.0,7.61,0.22,0.0,0.22,0.22,0.22,0.17,0.09,0.26,0.17,0.26,4.6,30.2,16.5,9.78,3.26,40.9,20.0,12.4,5.87,73.9,82.6,78.9,55.6,508.9,133.9,30.2,16.5,9.78,3.26,40.9,20.0,12.4,5.87,73.9,82.6,78.9,55.6,30.2,16.5,9.78,3.26,40.9,20.0,12.4,5.87,73.9,82.6,78.9,55.6,30.2,16.5,9.78,3.26,40.9,20.0,12.4,5.87,73.9,82.6,78.9,55.6,0.0,0.11,-0.09,1.3,2.61,1.96,0.65,0.22,2.61,0.87,33.3,2.62,0.87,0.08,0.25,20.3,0.0,0.0,0.0,0.07,0.04,0.04,53.3,0.22,5.65,21.3,27.4,3.48,53.3,1.74,57.1,1.09,35.7,32.8,0.87,3.48,1.52,38.3,1.96,0.87,1.74,1.96,0.87,66.7,0.43,0.87,0.65,1.96,3.91,0.22,0.0,2.61,2.63,0.22,0.0,0.0,0.0,0.0,0.0,0.22,0.22,0.22,0.0,0.0,0.0,0.0,0.0,0.0,0.87,0.22,0.0,2.39,1.96,1.74,0.0,0.22,0.0,4.78,0.65,42.9,,,,,,,,,,,,,,,,,,,,,,,,,,,,,Robert Taylor,"MF,FW",Inter Miami,31-044,Robert Taylor,,Standard,"[ 0.36127093 -0.79755134  0.1318984   0.20292062 -0.20272134 -1.26708275
  1.29569663  0.92571073 -0.539568    0.66253331  1.47605365  0.46851003
  2.2136871  -0.38911788]",-1,0.637597969469588,0.6225273493848446
5635380165,1,2025,8,7,535,5.9,0.17,0.0,0.17,0.17,0.0,0.0,0.34,0.0,0.02,0.02,0.0,0.02,0.17,2.37,0.0,0.17,0.0,0.17,0.17,0.17,0.02,0.0,0.02,0.02,0.02,5.9,49.0,20.8,21.7,5.42,57.1,22.2,24.4,9.15,85.8,93.9,88.9,59.3,904.7,382.9,49.0,20.8,21.7,5.42,57.1,22.2,24.4,9.15,85.8,93.9,88.9,59.3,49.0,20.8,21.7,5.42,57.1,22.2,24.4,9.15,85.8,93.9,88.9,59.3,49.0,20.8,21.7,5.42,57.1,22.2,24.4,9.15,85.8,93.9,88.9,59.3,0.0,0.0,0.0,0.0,2.03,0.0,0.0,0.17,0.51,0.17,33.3,0.5,0.17,0.33,1.0,13.4,0.0,0.0,0.0,0.04,0.15,0.15,68.0,14.2,42.7,24.1,1.69,0.51,68.0,0.51,100.0,0.0,0.0,38.0,0.0,0.17,0.51,45.1,2.37,1.36,1.86,2.37,1.36,50.0,1.36,0.68,0.34,2.03,4.41,4.92,0.34,0.51,0.5,0.0,0.0,0.0,0.0,0.0,0.0,0.0,0.0,0.0,0.0,0.0,0.0,0.0,0.0,0.0,1.36,0.0,0.0,0.0,2.03,1.86,0.0,0.17,0.17,4.07,2.03,75.0,,,,,,,,,,,,,,,,,,,,,,,,,,,,,Carlos Terán,DF,Chicago Fire,25-071,Carlos Terán,,Standard,"[ 0.12324626 -0.79755134 -0.74874061 -0.76490657 -1.13589047 -1.10846778
 -0.72264729 -0.57157913  0.70787548 -0.80551969 -1.17104536  1.00222386
  2.35221448 -0.79420202]",0,-2.4161381873980043,-1.0116170629096137
1064216649,2,2025,22,17,1238,13.8,0.22,0.07,0.29,0.22,0.0,0.0,0.07,0.0,0.27,0.27,0.06,0.33,2.46,1.81,4.49,0.22,0.07,0.29,0.22,0.29,0.27,0.06,0.33,0.27,0.33,13.8,11.4,5.8,3.84,0.72,17.3,7.83,5.22,1.52,66.1,74.1,73.6,47.6,170.1,54.3,11.4,5.8,3.84,0.72,17.3,7.83,5.22,1.52,66.1,74.1,73.6,47.6,11.4,5.8,3.84,0.72,17.3,7.83,5.22,1.52,66.1,74.1,73.6,47.6,11.4,5.8,3.84,0.72,17.3,7.83,5.22,1.52,66.1,74.1,73.6,47.6,0.07,0.07,0.01,0.65,0.87,1.3,0.22,0.22,1.96,1.01,51.9,1.96,1.02,0.11,0.21,17.1,0.0,0.0,0.0,0.14,-0.05,-0.05,26.3,0.65,2.54,10.5,13.8,3.48,26.3,0.65,33.3,1.23,63.0,16.2,0.94,2.61,1.23,18.4,0.36,0.22,0.29,0.36,0.22,33.3,0.43,0.8,0.8,0.07,0.43,0.58,0.0,1.59,1.6,0.0,0.0,0.22,0.07,0.0,0.0,0.14,0.15,0.0,0.0,0.22,0.07,0.0,0.0,0.0,0.51,1.23,0.65,1.16,0.07,0.29,0.07,0.0,0.0,2.32,0.22,23.1,,,,,,,,,,,,,,,,,,,,,,,,,,,,,Cedric Teuchert,"FW,MF",St. Louis,28-324,Cedric Teuchert,TAM Player,TAM Player,"[ 0.36127093 -0.28096311  0.71899108  0.84813874 -0.51377772 -0.20191232
  0.67097113  1.2251687  -1.78701148 -1.11810892  0.6603313  -1.61427565
 -1.52655224 -0.5383594 ]",0,2.7218904587825214,-1.952788230880208
4836177699,1,2025,28,9,1007,11.2,0.45,0.0,0.45,0.45,0.0,0.0,0.18,0.0,0.59,0.59,0.03,0.62,0.98,0.71,5.0,0.45,0.0,0.45,0.45,0.45,0.59,0.03,0.62,0.59,0.62,11.2,8.66,4.29,3.13,0.45,13.0,6.16,5.0,0.63,66.4,69.6,62.5,71.4,124.2,18.3,8.66,4.29,3.13,0.45,13.0,6.16,5.0,0.63,66.4,69.6,62.5,71.4,8.66,4.29,3.13,0.45,13.0,6.16,5.0,0.63,66.4,69.6,62.5,71.4,8.66,4.29,3.13,0.45,13.0,6.16,5.0,0.63,66.4,69.6,62.5,71.4,0.0,0.08,-0.03,0.18,0.45,0.18,0.0,0.45,3.04,1.25,41.2,3.04,1.25,0.15,0.36,10.1,0.0,0.0,0.0,0.19,-0.14,-0.14,22.4,0.54,1.43,9.73,11.8,4.91,22.4,0.71,42.1,0.89,52.6,13.1,0.89,2.77,0.54,17.6,0.27,0.09,0.09,0.27,0.09,33.3,0.18,0.27,0.27,0.27,0.54,0.36,0.0,0.54,0.54,0.09,0.0,0.18,0.18,0.0,0.0,0.18,0.18,0.09,0.0,0.18,0.18,0.0,0.0,0.0,0.98,1.52,1.25,0.0,0.27,0.09,0.18,0.0,0.0,1.43,3.84,55.1,,,,,,,,,,,,,,,,,,,,,,,,,,,,,Jamal Thiaré,FW,Atlanta Utd,32-248,Jamal Thiaré,TAM Player,TAM Player,"[ 1.45618442 -0.79755134  2.59768764  2.91283674 -0.8248341  -0.49979897
  1.70897657  1.73852523 -1.96881973 -1.73212349 -0.52326584 -1.73143234
 -1.13075971 -1.66833095]",-1,4.903546870078973,-3.5754203101615794
1825124332,2,2025,25,14,1271,14.1,0.28,0.28,0.57,0.28,0.0,0.0,0.0,0.0,0.16,0.16,0.19,0.35,3.9,3.55,10.2,0.28,0.28,0.57,0.28,0.57,0.17,0.19,0.35,0.17,0.35,14.1,31.8,17.9,10.4,2.27,39.4,20.4,12.0,3.4,80.9,87.8,86.4,66.7,479.8,83.3,31.8,17.9,10.4,2.27,39.4,20.4,12.0,3.4,80.9,87.8,86.4,66.7,31.8,17.9,10.4,2.27,39.4,20.4,12.0,3.4,80.9,87.8,86.4,66.7,31.8,17.9,10.4,2.27,39.4,20.4,12.0,3.4,80.9,87.8,86.4,66.7,0.28,0.18,0.09,0.99,1.63,1.21,0.14,0.28,3.19,0.85,26.7,3.19,0.85,0.09,0.33,22.3,0.71,0.0,0.0,0.05,0.12,0.12,51.2,0.78,4.75,17.9,29.2,4.11,51.2,0.64,33.3,1.06,55.6,34.1,1.56,1.91,1.13,40.4,1.35,0.64,0.78,1.35,0.64,52.9,0.57,1.21,1.06,0.64,1.99,0.57,0.0,3.19,3.19,0.07,0.07,0.5,0.0,0.14,0.07,0.5,0.5,0.07,0.07,0.5,0.0,0.14,0.07,0.0,1.28,2.7,0.14,1.84,0.64,0.78,0.0,0.0,0.0,3.62,0.21,21.4,,,,,,,,,,,,,,,,,,,,,,,,,,,,,Erik Thommy,"FW,MF",Sporting KC,31-106,Erik Thommy,TAM Player,TAM Player,"[ 0.64690054  1.26880159  0.07318913  0.13839881  0.83413324 -0.15935709
  1.853144    0.88293102 -0.4334026  -0.14684952  1.81193933 -0.32555201
 -0.39854355  0.33576953]",0,2.3274851581771228,1.339103423322008
3082615496,3,2025,28,23,2119,23.5,0.0,0.0,0.0,0.0,0.0,0.0,0.34,0.0,0.03,0.03,0.06,0.08,1.06,3.49,1.15,0.0,0.0,0.0,0.0,0.0,0.03,0.05,0.08,0.03,0.08,23.5,40.6,18.3,18.3,3.32,49.4,20.1,21.7,5.57,82.2,90.9,84.5,59.5,702.5,289.7,40.6,18.3,18.3,3.32,49.4,20.1,21.7,5.57,82.2,90.9,84.5,59.5,40.6,18.3,18.3,3.32,49.4,20.1,21.7,5.57,82.2,90.9,84.5,59.5,40.6,18.3,18.3,3.32,49.4,20.1,21.7,5.57,82.2,90.9,84.5,59.5,0.0,0.02,-0.06,0.26,3.96,0.13,0.0,0.0,0.26,0.13,50.0,0.25,0.13,0.0,0.0,15.2,0.0,0.0,0.0,0.1,-0.03,-0.03,61.0,4.98,23.9,31.1,6.43,0.85,61.0,1.02,66.7,0.43,27.8,32.1,0.21,0.85,0.43,37.4,2.51,1.28,1.36,2.51,1.28,56.6,0.98,1.83,0.94,0.94,3.45,3.74,0.13,0.89,0.89,0.0,0.0,0.0,0.0,0.04,0.0,0.0,0.0,0.0,0.0,0.0,0.0,0.04,0.0,0.0,0.89,0.89,0.0,0.38,0.94,1.36,0.0,0.09,0.0,3.62,0.72,42.5,,,,,,,,,,,,,,,,,,,,,,,,,,,,,Kosi Thompson,DF,Toronto FC,22-311,Kosi Thompson,Homegrown Player,Homegrown,"[-0.68603763 -0.79755134 -0.69003135 -0.70038476 -0.51377772  0.9341835
 -0.96292632 -0.65713856  0.15050711 -0.18034123 -0.45928762  1.18446761
  0.19514524  1.65762304]",0,-2.3388821670907536,-0.21667118382152123
7912406498,1,2025,30,28,2413,26.8,0.0,0.07,0.07,0.0,0.0,0.0,0.26,0.0,0.06,0.06,0.06,0.12,1.46,6.42,3.73,0.0,0.07,0.07,0.0,0.07,0.06,0.06,0.12,0.06,0.12,26.8,48.9,26.0,19.1,2.65,54.6,27.6,20.3,4.14,89.6,94.2,94.1,64.0,768.4,206.6,48.9,26.0,19.1,2.65,54.6,27.6,20.3,4.14,89.6,94.2,94.1,64.0,48.9,26.0,19.1,2.65,54.6,27.6,20.3,4.14,89.6,94.2,94.1,64.0,48.9,26.0,19.1,2.65,54.6,27.6,20.3,4.14,89.6,94.2,94.1,64.0,0.07,0.08,0.01,0.93,5.22,0.97,0.11,0.0,0.82,0.19,22.7,0.82,0.19,0.0,0.0,18.2,0.0,0.0,0.0,0.07,-0.06,-0.06,63.5,1.08,11.8,33.7,18.8,1.75,63.5,0.86,48.9,0.63,36.2,39.4,0.34,1.79,0.82,48.2,1.53,0.71,1.04,1.53,0.71,47.5,0.78,1.27,1.19,0.97,2.5,0.63,0.04,2.54,2.54,0.07,0.0,0.19,0.0,0.04,0.0,0.22,0.22,0.07,0.0,0.19,0.0,0.04,0.0,0.0,1.27,2.09,0.11,0.78,0.97,1.04,0.0,0.0,0.0,6.49,0.3,40.0,,,,,,,,,,,,,,,,,,,,,,,,,,,,,Timmy Tillman,MF,LAFC,26-334,,,,"[-0.68603763 -0.28096311 -0.51390354 -0.50681932 -0.51377772  1.31331196
 -0.42470128 -0.52879942  0.70124014  1.45517029 -0.1393965  -0.09123862
  0.25451412  0.46369084]",0,-1.6030272583736551,0.7667660419489579
6162724315,1,2025,27,25,2197,24.4,0.04,0.08,0.12,0.04,0.0,0.0,0.2,0.08,0.04,0.04,0.08,0.12,1.97,4.39,1.68,0.04,0.08,0.12,0.04,0.12,0.04,0.08,0.12,0.04,0.12,24.4,49.3,26.1,20.1,2.05,57.4,28.3,22.3,4.26,85.9,92.2,90.4,48.1,770.8,246.6,49.3,26.1,20.1,2.05,57.4,28.3,22.3,4.26,85.9,92.2,90.4,48.1,49.3,26.1,20.1,2.05,57.4,28.3,22.3,4.26,85.9,92.2,90.4,48.1,49.3,26.1,20.1,2.05,57.4,28.3,22.3,4.26,85.9,92.2,90.4,48.1,0.08,0.09,0.0,0.66,5.04,0.53,0.37,0.04,0.66,0.16,25.0,0.66,0.16,0.06,0.25,21.7,0.0,0.0,0.0,0.06,0.0,0.0,67.6,4.26,20.9,35.8,11.7,0.98,67.6,0.66,43.2,0.7,45.9,42.3,0.2,0.98,0.57,46.1,1.27,0.86,0.82,1.27,0.86,70.0,0.37,0.74,0.25,0.9,2.17,3.65,0.08,1.35,1.35,0.0,0.0,0.04,0.0,0.0,0.0,0.12,0.12,0.0,0.0,0.04,0.0,0.0,0.0,0.0,1.11,1.8,0.2,2.05,0.9,0.82,0.0,0.0,0.04,5.0,0.98,43.6,,,,,,,,,,,,,,,,,,,,,,,,,,,,,Nouhou Tolo,DF,Seattle Sounders,28-164,,,,"[-0.49561789 -0.20716479 -0.63132208 -0.63586294 -0.3064068   1.0347686
 -0.57847986 -0.59296899  0.72778149  0.32203433  0.26846468 -0.42969129
  0.11598673 -0.66628071]",0,-1.1462568756405507,0.2466196564139877
4761899296,1,2025,17,12,1072,11.9,0.0,0.08,0.08,0.0,0.0,0.0,0.0,0.0,0.1,0.1,0.16,0.26,1.26,2.94,5.71,0.0,0.08,0.08,0.0,0.08,0.1,0.16,0.26,0.1,0.26,11.9,32.4,16.2,11.8,2.18,41.4,18.1,15.3,4.45,78.3,89.8,77.5,49.1,495.1,182.8,32.4,16.2,11.8,2.18,41.4,18.1,15.3,4.45,78.3,89.8,77.5,49.1,32.4,16.2,11.8,2.18,41.4,18.1,15.3,4.45,78.3,89.8,77.5,49.1,32.4,16.2,11.8,2.18,41.4,18.1,15.3,4.45,78.3,89.8,77.5,49.1,0.08,0.15,-0.08,1.76,1.85,1.34,0.76,0.0,0.67,0.08,12.5,0.67,0.08,0.0,0.0,13.0,0.0,0.0,0.0,0.15,-0.1,-0.1,51.1,2.61,14.5,21.1,15.9,2.18,51.1,0.17,33.3,0.34,66.7,26.3,0.34,1.26,1.01,30.9,1.85,0.84,1.09,1.85,0.84,58.8,0.59,1.68,1.43,1.26,3.11,2.27,0.0,3.19,3.19,0.0,0.0,0.0,0.0,0.08,0.0,0.25,0.25,0.0,0.0,0.0,0.0,0.08,0.0,0.0,0.34,0.59,0.34,2.69,1.26,1.09,0.0,0.0,0.0,3.36,1.09,59.1,,,,,,,,,,,,,,,,,,,,,,,,,,,,,Tomas Totland,DF,St. Louis,27-067,Tomas Totland,,Standard,"[-0.68603763 -0.20716479 -0.27906647 -0.24873207  0.52307686 -0.41597805
 -0.5688687  -0.76408783 -0.39359057 -0.48734851 -0.29934206  0.32531851
  0.82841327  1.33781977]",0,-1.2848235543513786,-0.057249599397699545
5145336082,4,2025,21,4,519,5.8,0.52,0.34,0.86,0.52,0.0,0.0,0.0,0.0,0.55,0.55,0.19,0.74,2.93,1.55,6.72,0.52,0.35,0.87,0.52,0.87,0.56,0.19,0.75,0.56,0.75,5.8,15.2,11.0,3.45,0.0,22.1,14.5,5.17,0.69,68.8,76.2,66.7,0.0,180.3,29.8,15.2,11.0,3.45,0.0,22.1,14.5,5.17,0.69,68.8,76.2,66.7,0.0,15.2,11.0,3.45,0.0,22.1,14.5,5.17,0.69,68.8,76.2,66.7,0.0,15.2,11.0,3.45,0.0,22.1,14.5,5.17,0.69,68.8,76.2,66.7,0.0,0.34,0.12,0.16,0.52,0.86,0.34,0.17,0.52,2.41,1.21,50.0,2.43,1.21,0.21,0.43,12.4,0.0,0.0,0.0,0.23,-0.03,-0.03,29.3,0.86,2.07,9.14,18.6,5.34,29.3,1.03,66.7,0.52,33.3,16.7,1.21,1.72,0.69,23.4,0.34,0.0,0.34,0.34,0.0,0.0,0.69,0.86,0.69,0.17,0.52,1.03,0.0,1.72,1.73,0.17,0.0,0.0,0.0,0.0,0.0,0.17,0.17,0.17,0.0,0.0,0.0,0.0,0.0,0.0,1.03,0.52,0.17,1.72,0.17,0.34,0.0,0.0,0.0,1.38,3.45,54.1,,,,,,,,,,,,,,,,,,,,,,,,,,,,,Mason Toye,"FW,MF",Sporting KC,27-049,Mason Toye,,Standard,"[ 1.78941896  1.7115915   2.36285057  2.65474949  0.83413324 -1.12910062
  1.1034734   1.6529658  -1.53486865 -1.26323964  1.03620336 -1.64031047
 -1.32865597 -0.4104381 ]",0,5.423574309002817,-0.778070533480926
5219555721,1,2025,34,32,2717,30.2,0.07,0.07,0.13,0.07,0.0,0.0,0.1,0.0,0.02,0.02,0.04,0.06,0.36,3.97,0.63,0.07,0.07,0.13,0.07,0.13,0.02,0.04,0.06,0.02,0.06,30.2,34.3,16.3,13.8,2.91,41.0,18.7,15.7,4.24,83.5,86.9,88.0,68.8,567.0,209.5,34.3,16.3,13.8,2.91,41.0,18.7,15.7,4.24,83.5,86.9,88.0,68.8,34.3,16.3,13.8,2.91,41.0,18.7,15.7,4.24,83.5,86.9,88.0,68.8,34.3,16.3,13.8,2.91,41.0,18.7,15.7,4.24,83.5,86.9,88.0,68.8,0.07,0.08,0.03,0.46,3.34,0.66,0.13,0.07,0.3,0.13,44.4,0.3,0.13,0.22,0.5,22.1,0.0,0.0,0.0,0.08,0.04,0.04,50.5,2.62,16.6,27.5,6.72,0.23,50.5,0.33,40.0,0.46,56.0,26.1,0.0,0.76,0.6,30.6,1.72,0.73,0.93,1.72,0.73,44.9,0.89,1.06,0.63,1.39,3.11,1.95,0.03,1.36,1.36,0.03,0.0,0.07,0.0,0.0,0.0,0.1,0.1,0.03,0.0,0.07,0.0,0.0,0.0,0.0,0.99,0.63,0.07,0.3,1.39,0.93,0.0,0.0,0.0,4.47,0.89,54.0,,,,,,,,,,,,,,,,,,,,,,,,,,,,,Wil Trapp,MF,Minnesota Utd,32-323,Wil Trapp,,Standard,"[-0.35280309 -0.28096311 -0.74874061 -0.76490657 -0.72114864  1.70533594
 -0.92448168 -0.65713856 -0.26751916  0.0875924  -1.01909708  0.15609218
  1.08567841  0.01596626]",0,-1.9214741521149257,-0.4823161635500225
2622590531,1,2025,9,9,675,7.5,0.0,0.0,0.0,0.0,0.0,0.0,0.27,0.13,0.01,0.01,0.01,0.01,1.07,3.47,2.8,0.0,0.0,0.0,0.0,0.0,0.01,0.01,0.02,0.01,0.02,7.5,34.4,18.8,12.9,2.4,44.7,21.6,16.7,4.53,77.0,87.0,77.6,52.9,550.7,162.9,34.4,18.8,12.9,2.4,44.7,21.6,16.7,4.53,77.0,87.0,77.6,52.9,34.4,18.8,12.9,2.4,44.7,21.6,16.7,4.53,77.0,87.0,77.6,52.9,34.4,18.8,12.9,2.4,44.7,21.6,16.7,4.53,77.0,87.0,77.6,52.9,0.0,0.03,-0.01,0.27,3.33,0.13,0.0,0.0,0.27,0.13,50.0,0.27,0.13,0.0,0.0,20.0,0.0,0.0,0.0,0.03,-0.01,-0.01,56.0,2.53,16.7,26.0,14.3,0.8,56.0,0.4,27.3,1.07,72.7,24.9,0.13,1.2,0.4,26.1,1.87,0.53,0.93,1.87,0.53,33.3,1.07,1.73,1.47,1.6,3.47,2.53,0.0,1.07,1.07,0.0,0.0,0.0,0.0,0.0,0.0,0.0,0.0,0.0,0.0,0.0,0.0,0.0,0.0,0.0,1.47,1.07,0.13,1.47,1.6,0.93,0.0,0.0,0.0,5.6,1.2,56.3,,,,,,,,,,,,,,,,,,,,,,,,,,,,,Jackson Travis,DF,Colorado Rapids,21-284,Jackson Travis,Homegrown Player,Homegrown,"[-0.68603763 -0.79755134 -0.80744988 -0.82942838 -1.03220501 -0.92793042
 -0.95331516 -0.65713856 -0.26088382 -0.19150513 -0.45129034  0.35135333
  1.50126056  1.44442086]",0,-2.5706734009420704,-0.7215765584107181
2692580543,1,2025,5,4,352,3.9,0.51,0.51,1.03,0.51,0.0,0.0,0.26,0.0,0.13,0.13,0.08,0.21,0.26,5.13,1.28,0.51,0.51,1.02,0.51,1.02,0.12,0.08,0.2,0.12,0.2,3.9,35.4,16.9,13.8,3.59,40.0,17.7,15.4,5.38,88.5,95.7,90.0,66.7,573.8,183.3,35.4,16.9,13.8,3.59,40.0,17.7,15.4,5.38,88.5,95.7,90.0,66.7,35.4,16.9,13.8,3.59,40.0,17.7,15.4,5.38,88.5,95.7,90.0,66.7,35.4,16.9,13.8,3.59,40.0,17.7,15.4,5.38,88.5,95.7,90.0,66.7,0.51,0.08,0.44,1.54,4.36,0.77,0.26,0.51,1.54,0.51,33.3,1.53,0.51,0.33,1.0,30.8,0.0,0.0,0.0,0.08,0.38,0.38,50.5,3.08,13.3,28.5,8.72,0.51,50.5,1.79,70.0,0.77,30.0,29.7,0.26,1.03,0.51,33.6,1.79,0.77,1.03,1.79,0.77,60.0,0.51,0.51,0.51,0.51,2.31,1.54,0.0,2.05,2.05,0.0,0.0,0.0,0.0,0.26,0.0,0.26,0.26,0.0,0.0,0.0,0.0,0.26,0.0,0.0,1.54,1.54,0.0,0.26,0.51,1.03,0.0,0.0,0.0,5.13,0.26,50.0,,,,,,,,,,,,,,,,,,,,,,,,,,,,,Nectarios Triantis,MF,Minnesota Utd,22-207,,,,"[ 1.74181403  2.96616292 -0.10293867 -0.05516663 -0.3064068  -1.3444559
  0.26730235  0.15567594 -0.19453045  0.73509867 -1.09906986  0.24721405
 -0.65580869 -1.15664572]",-1,1.3508022401991437,0.9617393807871927
4357983102,1,2025,11,4,365,4.1,0.24,0.24,0.49,0.24,0.0,0.0,0.0,0.0,0.07,0.07,0.22,0.32,5.37,4.88,5.37,0.25,0.25,0.49,0.25,0.49,0.08,0.23,0.31,0.08,0.31,4.1,37.8,19.8,12.9,2.68,49.0,22.2,15.4,6.1,77.1,89.0,84.1,44.0,587.3,178.3,37.8,19.8,12.9,2.68,49.0,22.2,15.4,6.1,77.1,89.0,84.1,44.0,37.8,19.8,12.9,2.68,49.0,22.2,15.4,6.1,77.1,89.0,84.1,44.0,37.8,19.8,12.9,2.68,49.0,22.2,15.4,6.1,77.1,89.0,84.1,44.0,0.24,0.22,0.02,1.22,5.37,1.95,0.0,0.24,1.22,0.24,20.0,1.23,0.25,0.2,1.0,20.0,0.24,0.0,0.0,0.07,0.17,0.17,61.0,0.0,5.37,30.2,26.6,2.44,61.0,0.98,40.0,1.22,50.0,36.8,0.73,2.44,1.71,43.2,2.2,0.24,1.22,2.2,0.24,20.0,0.98,0.49,0.49,0.49,2.68,0.49,0.0,4.63,4.68,0.24,0.0,0.0,0.0,0.24,0.0,0.98,0.99,0.24,0.0,0.0,0.0,0.24,0.0,0.0,0.73,1.46,0.0,5.37,0.49,1.22,0.0,0.0,0.0,4.15,0.73,42.9,,,,,,,,,,,,,,,,,,,,,,,,,,,,,Niko Tsakiris,MF,SJ Earthquakes,20-168,Niko Tsakiris,Homegrown Player,Homegrown,"[ 0.4564808   0.97360831 -0.45519428 -0.44229751  1.14518962 -1.32769172
 -0.04025482 -0.42185015 -0.03528234  0.5955499   2.98753919  0.78092788
 -0.69538794 -1.19928616]",-1,0.9824670406250632,2.3956431310419948
3059162143,1,2025,8,7,565,6.3,0.0,0.0,0.0,0.0,0.0,0.0,0.48,0.0,0.0,0.0,0.0,0.0,0.0,0.63,0.16,0.0,0.0,0.0,0.0,0.0,0.0,0.0,0.0,0.0,0.0,6.3,36.8,14.0,20.3,2.22,39.8,14.1,21.3,3.81,92.4,98.9,95.5,58.3,662.1,226.8,36.8,14.0,20.3,2.22,39.8,14.1,21.3,3.81,92.4,98.9,95.5,58.3,36.8,14.0,20.3,2.22,39.8,14.1,21.3,3.81,92.4,98.9,95.5,58.3,36.8,14.0,20.3,2.22,39.8,14.1,21.3,3.81,92.4,98.9,95.5,58.3,0.0,0.0,0.0,0.16,0.16,0.0,0.0,0.0,0.0,0.0,,0.0,0.0,,,,0.0,0.0,0.0,,0.0,0.0,49.8,6.83,32.4,16.5,0.95,0.63,49.8,0.16,33.3,0.32,66.7,29.0,0.0,0.48,0.0,35.1,1.9,1.27,1.11,1.9,1.27,80.0,0.32,1.43,1.11,1.75,3.65,3.81,0.16,0.16,0.16,0.0,0.0,0.0,0.0,0.0,0.0,0.0,0.0,0.0,0.0,0.0,0.0,0.0,0.0,0.0,1.11,0.79,0.0,0.0,1.75,1.11,0.0,0.0,0.0,1.9,0.63,44.4,,,,,,,,,,,,,,,,,,,,,,,,,,,,,Garrison Tubbs,DF,D.C. United,23-290,Garrison Tubbs,Homegrown Player,Homegrown,"[-0.68603763 -0.79755134 -0.86615915 -0.89395019 -1.13589047 -1.0697812
 -1.21281652 -0.93520667 -0.10163572 -1.77677909 -1.30699909  0.39040557
  1.79810495  0.80481432]",0,-2.879025425737211,-1.9051236392236282
3864726907,1,2025,8,6,427,4.7,0.21,0.0,0.21,0.21,0.0,0.0,0.0,0.0,0.09,0.09,0.02,0.09,0.0,2.55,0.43,0.21,0.0,0.21,0.21,0.21,0.08,0.01,0.09,0.08,0.09,4.7,41.3,17.0,16.8,6.6,48.7,17.7,18.7,10.0,84.7,96.4,89.8,66.0,812.6,284.5,41.3,17.0,16.8,6.6,48.7,17.7,18.7,10.0,84.7,96.4,89.8,66.0,41.3,17.0,16.8,6.6,48.7,17.7,18.7,10.0,84.7,96.4,89.8,66.0,41.3,17.0,16.8,6.6,48.7,17.7,18.7,10.0,84.7,96.4,89.8,66.0,0.0,0.02,-0.02,0.21,4.89,0.21,0.0,0.21,0.85,0.21,25.0,0.84,0.21,0.25,1.0,10.1,0.0,0.0,0.0,0.09,0.13,0.13,56.2,4.47,21.1,31.3,4.04,0.85,56.2,0.0,,0.0,,30.9,0.0,0.0,0.0,36.8,1.28,1.06,1.28,1.28,1.06,50.0,1.06,0.21,0.21,0.21,1.49,3.83,0.21,0.43,0.42,0.0,0.0,0.0,0.0,0.0,0.0,0.21,0.21,0.0,0.0,0.0,0.0,0.0,0.0,0.0,0.85,0.64,0.0,0.43,0.21,1.28,0.0,0.0,0.0,1.91,1.49,70.0,,,,,,,,,,,,,,,,,,,,,,,,,,,,,Bill Tuiloma,DF,Charlotte,30-252,Bill Tuiloma,,Standard,"[ 0.313666   -0.79755134 -0.33777574 -0.31325388 -0.92851955 -1.24773946
 -0.3958678  -0.48601971  0.19695448 -0.70504458 -1.30699909 -0.41667388
 -1.24949747 -1.79625226]",0,-0.313302000479494,-1.9338125433271782
2396703748,1,2025,33,33,2927,32.5,0.06,0.22,0.28,0.06,0.0,0.0,0.15,0.0,0.03,0.03,0.18,0.21,0.68,7.69,1.45,0.06,0.22,0.28,0.06,0.28,0.03,0.18,0.21,0.03,0.21,32.5,80.3,42.2,30.3,5.82,90.2,45.3,33.0,8.06,89.0,93.2,91.8,72.1,1300.6,380.4,80.3,42.2,30.3,5.82,90.2,45.3,33.0,8.06,89.0,93.2,91.8,72.1,80.3,42.2,30.3,5.82,90.2,45.3,33.0,8.06,89.0,93.2,91.8,72.1,80.3,42.2,30.3,5.82,90.2,45.3,33.0,8.06,89.0,93.2,91.8,72.1,0.22,0.16,0.04,1.38,7.57,1.42,0.09,0.06,0.46,0.15,33.3,0.46,0.15,0.13,0.4,11.8,0.0,0.0,0.0,0.07,0.03,0.03,100.0,4.55,26.6,58.9,15.1,1.48,100.0,0.49,53.3,0.37,40.0,55.9,0.15,0.98,0.58,75.7,2.0,1.14,1.45,2.0,1.14,59.7,0.77,1.05,0.77,2.09,4.09,2.18,0.09,2.74,2.74,0.03,0.0,0.06,0.0,0.06,0.03,0.43,0.43,0.03,0.0,0.06,0.0,0.06,0.03,0.0,0.86,1.45,0.03,0.31,2.09,1.45,0.0,0.03,0.0,7.72,1.26,69.5,,,,,,,,,,,,,,,,,,,,,,,,,,,,,Jeppe Tverskov,MF,San Diego FC,32-267,Jeppe Tverskov,,Standard,"[-0.40040802  0.82601168 -0.69003135 -0.70038476  0.73044778  1.97614198
 -0.77070309 -0.61435885  2.78473616  2.16407802 -0.76318418  0.52057967
  2.47095224 -0.00535396]",-1,-2.6375276897850526,2.90527118347045
2005040560,1,2025,29,16,1325,14.7,0.41,0.41,0.82,0.41,0.0,0.0,0.2,0.0,0.33,0.33,0.31,0.64,1.5,1.77,7.07,0.41,0.41,0.82,0.41,0.82,0.34,0.3,0.64,0.34,0.64,14.7,17.0,11.1,4.29,0.41,25.1,13.9,6.94,0.95,67.8,79.9,61.8,42.9,222.9,36.9,17.0,11.1,4.29,0.41,25.1,13.9,6.94,0.95,67.8,79.9,61.8,42.9,17.0,11.1,4.29,0.41,25.1,13.9,6.94,0.95,67.8,79.9,61.8,42.9,17.0,11.1,4.29,0.41,25.1,13.9,6.94,0.95,67.8,79.9,61.8,42.9,0.41,0.27,0.1,1.7,0.41,1.09,0.07,0.41,2.93,1.02,34.9,2.92,1.02,0.14,0.4,15.6,0.0,0.0,0.0,0.11,0.07,0.07,36.5,0.41,2.52,13.5,20.7,5.1,36.5,0.41,28.6,1.02,71.4,20.0,0.82,1.97,1.56,26.2,1.22,0.48,0.82,1.22,0.48,50.0,0.48,0.68,0.68,0.07,1.29,0.54,0.0,2.99,2.99,0.14,0.07,0.27,0.0,0.0,0.0,0.54,0.54,0.14,0.07,0.27,0.0,0.0,0.0,0.0,1.77,1.77,0.68,1.09,0.07,0.82,0.0,0.0,0.0,2.72,2.24,36.7,,,,,,,,,,,,,,,,,,,,,,,,,,,,,Mikael Uhre,FW,Philadelphia Union,31-065,Mikael Uhre,Designated Player,Designated Player,"[ 1.26576468  2.22817973  1.07124668  1.23526962  2.07835874 -0.08972125
  1.6032538   1.24655856 -1.41543257 -1.14043672 -0.10740739 -0.49477835
 -1.52655224 -0.79420202]",-1,4.35024104877632,0.36196911428236855
9069706761,1,2025,12,4,446,5.0,0.4,0.4,0.8,0.4,0.0,0.0,0.0,0.0,0.36,0.36,0.32,0.66,2.8,4.0,6.8,0.4,0.4,0.81,0.4,0.81,0.36,0.31,0.67,0.36,0.67,5.0,28.4,13.6,9.0,4.6,39.8,15.8,13.6,7.0,71.4,86.1,66.2,65.7,537.6,154.6,28.4,13.6,9.0,4.6,39.8,15.8,13.6,7.0,71.4,86.1,66.2,65.7,28.4,13.6,9.0,4.6,39.8,15.8,13.6,7.0,71.4,86.1,66.2,65.7,28.4,13.6,9.0,4.6,39.8,15.8,13.6,7.0,71.4,86.1,66.2,65.7,0.4,0.3,0.08,2.0,1.6,1.6,0.4,0.4,3.2,0.8,25.0,3.23,0.81,0.13,0.5,22.6,0.2,0.0,0.0,0.11,0.04,0.04,49.2,0.2,3.2,17.6,28.6,2.8,49.2,1.2,33.3,2.4,66.7,30.8,0.8,1.6,1.0,35.2,0.0,0.0,0.0,0.0,0.0,0.0,0.2,0.4,0.4,0.6,0.6,0.4,0.0,3.4,3.43,0.6,0.0,0.2,0.0,0.0,0.0,0.4,0.4,0.6,0.0,0.2,0.0,0.0,0.0,0.0,0.0,1.6,0.0,5.2,0.6,0.0,0.0,0.0,0.0,3.4,0.2,100.0,,,,,,,,,,,,,,,,,,,,,,,,,,,,,Cengiz Ünder,FW,LAFC,28-143,Cengiz Ünder,Designated Player,Designated Player,"[ 1.21815975  2.15438142  1.24737448  1.42883506  2.1820442  -1.22323796
  1.86275516  0.77598174 -0.65900408  0.10433825  0.93223875 -2.08290243
 -0.47770205 -1.39116812]",-1,4.45216534953704,1.185012714800513
7658216525,1,2025,27,25,2201,24.5,0.08,0.0,0.08,0.08,0.0,0.0,0.24,0.0,0.03,0.03,0.0,0.04,0.24,1.84,0.24,0.08,0.0,0.08,0.08,0.08,0.03,0.0,0.04,0.03,0.04,24.5,32.1,12.1,17.5,2.0,37.1,13.2,19.2,3.51,86.6,91.7,90.9,57.0,579.3,219.2,32.1,12.1,17.5,2.0,37.1,13.2,19.2,3.51,86.6,91.7,90.9,57.0,32.1,12.1,17.5,2.0,37.1,13.2,19.2,3.51,86.6,91.7,90.9,57.0,32.1,12.1,17.5,2.0,37.1,13.2,19.2,3.51,86.6,91.7,90.9,57.0,0.0,0.01,-0.0,0.08,1.51,0.0,0.0,0.08,0.49,0.2,41.7,0.49,0.2,0.17,0.4,13.1,0.0,0.0,0.0,0.07,0.05,0.05,50.4,9.02,28.7,19.8,2.53,0.94,50.4,0.61,60.0,0.29,28.0,22.1,0.08,0.94,0.61,26.5,2.08,0.94,1.51,2.08,0.94,69.7,0.41,1.76,0.69,1.22,3.31,5.71,0.08,0.41,0.41,0.0,0.0,0.0,0.0,0.04,0.0,0.12,0.12,0.0,0.0,0.0,0.0,0.04,0.0,0.0,1.51,1.35,0.12,0.04,1.22,1.51,0.0,0.08,0.0,4.61,2.49,64.9,,,,,,,,,,,,,,,,,,,,,,,,,,,,,Osaze Urhoghide,DF,FC Dallas,25-153,Osaze Urhoghide,TAM Player,TAM Player,"[-0.30519815 -0.79755134 -0.69003135 -0.70038476 -1.13589047  1.03992681
 -0.74186961 -0.50740957 -0.41349659 -1.10136307 -1.11506441  0.62471896
  0.74925477  1.50838151]",0,-2.140673141979482,-1.474329638976713
3169770516,2,2025,20,5,591,6.6,0.3,0.0,0.3,0.3,0.0,0.0,0.45,0.0,0.32,0.32,0.05,0.36,0.91,1.97,4.09,0.3,0.0,0.3,0.3,0.3,0.32,0.04,0.36,0.32,0.36,6.6,13.8,7.73,5.15,0.3,17.3,9.09,5.61,0.61,79.8,85.0,91.9,50.0,201.8,57.6,13.8,7.73,5.15,0.3,17.3,9.09,5.61,0.61,79.8,85.0,91.9,50.0,13.8,7.73,5.15,0.3,17.3,9.09,5.61,0.61,79.8,85.0,91.9,50.0,13.8,7.73,5.15,0.3,17.3,9.09,5.61,0.61,79.8,85.0,91.9,50.0,0.0,0.05,-0.05,0.76,1.52,0.0,0.0,0.3,2.73,1.21,44.4,2.74,1.22,0.11,0.25,16.5,0.0,0.0,0.0,0.12,-0.02,-0.02,26.2,0.3,3.33,10.9,12.6,5.0,26.2,1.21,57.1,0.76,35.7,14.1,0.3,1.67,0.61,14.1,1.52,0.61,0.91,1.52,0.61,28.6,1.52,0.15,0.15,0.45,1.97,0.45,0.0,1.97,1.98,0.45,0.0,0.0,0.0,0.15,0.0,0.15,0.15,0.45,0.0,0.0,0.0,0.15,0.0,0.0,1.82,1.67,1.52,0.76,0.45,0.91,0.0,0.0,0.0,3.94,0.76,50.0,,,,,,,,,,,,,,,,,,,,,,,,,,,,,Maximiliano Urruti,FW,NE Revolution,34-285,,,,"[ 0.7421104  -0.79755134  1.01253741  1.17074781 -0.61746318 -1.03625284
  1.41103057  1.6529658  -1.62776338 -1.02879771 -0.57924679 -0.10425603
 -0.77454644 -1.92417356]",0,2.8703843154498316,-2.2277258433031695
3382949985,3,2025,19,11,973,10.8,0.09,0.09,0.19,0.09,0.0,0.0,0.37,0.0,0.12,0.12,0.1,0.23,0.83,3.43,1.2,0.09,0.09,0.18,0.09,0.18,0.12,0.1,0.23,0.12,0.23,10.8,43.4,24.7,15.0,1.57,48.8,26.0,16.9,1.94,89.0,95.0,89.0,81.0,626.8,146.1,43.4,24.7,15.0,1.57,48.8,26.0,16.9,1.94,89.0,95.0,89.0,81.0,43.4,24.7,15.0,1.57,48.8,26.0,16.9,1.94,89.0,95.0,89.0,81.0,43.4,24.7,15.0,1.57,48.8,26.0,16.9,1.94,89.0,95.0,89.0,81.0,0.09,0.05,-0.01,0.56,3.24,0.19,0.0,0.09,1.2,0.28,23.1,1.2,0.28,0.08,0.33,16.5,0.0,0.0,0.0,0.1,-0.03,-0.03,59.7,1.94,11.9,38.1,9.91,1.39,59.7,0.83,50.0,0.46,27.8,34.5,0.09,1.39,1.48,44.4,2.31,1.11,1.67,2.31,1.11,75.0,0.37,0.93,0.74,0.65,2.96,1.76,0.19,1.48,1.48,0.19,0.0,0.0,0.0,0.0,0.0,0.0,0.0,0.19,0.0,0.0,0.0,0.0,0.0,0.0,0.83,2.69,0.0,0.19,0.65,1.67,0.0,0.0,0.0,3.8,1.02,73.3,,,,,,,,,,,,,,,,,,,,,,,,,,,,,Júnior Urso,MF,Houston Dynamo,36-269,Júnior Urso,,Standard,"[-0.25759322 -0.13336647 -0.16164794 -0.11968844 -0.09903589 -0.54364375
 -0.05947714 -0.33629073  0.33629657 -0.21383293 -0.64322501  0.9241194
 -0.37875392 -0.26119657]",0,-0.6040015467285348,-0.15219604682065777
9890956492,1,2025,27,23,2064,22.9,0.26,0.13,0.39,0.26,0.0,0.0,0.13,0.0,0.42,0.42,0.11,0.53,0.57,1.53,3.32,0.26,0.13,0.39,0.26,0.39,0.42,0.11,0.53,0.42,0.53,22.9,13.1,6.16,4.67,1.4,16.2,7.16,5.5,1.83,80.8,86.0,84.9,76.2,218.7,41.6,13.1,6.16,4.67,1.4,16.2,7.16,5.5,1.83,80.8,86.0,84.9,76.2,13.1,6.16,4.67,1.4,16.2,7.16,5.5,1.83,80.8,86.0,84.9,76.2,13.1,6.16,4.67,1.4,16.2,7.16,5.5,1.83,80.8,86.0,84.9,76.2,0.13,0.11,0.02,0.83,0.7,0.52,0.13,0.26,2.36,0.96,40.7,2.35,0.96,0.11,0.27,15.2,0.13,0.0,0.0,0.18,-0.16,-0.16,23.4,0.31,2.53,10.6,10.6,3.06,23.4,0.7,59.3,0.39,33.3,12.3,0.17,1.53,1.05,14.6,0.61,0.31,0.35,0.61,0.31,41.2,0.44,0.52,0.44,0.35,0.96,0.39,0.0,2.23,2.22,0.17,0.0,0.26,0.0,0.04,0.0,0.13,0.13,0.17,0.0,0.26,0.0,0.04,0.0,0.0,0.79,0.74,0.22,0.52,0.35,0.35,0.0,0.0,0.0,2.14,0.79,29.0,,,,,,,,,,,,,,,,,,,,,,,,,,,,,Myrto Uzuni,FW,Austin,30-187,Myrto Uzuni,Designated Player,Designated Player,"[ 0.55169067  0.16182681  1.59963009  1.81596593  0.00464957  0.86325811
  1.05541759  1.11821943 -1.67421074 -1.27440354 -0.85115424 -1.28884039
 -0.9724427  -1.1353255 ]",0,3.36086357805658,-2.1316252212372966
1017619724,1,2025,34,26,2446,27.2,0.15,0.26,0.4,0.15,0.0,0.0,0.15,0.0,0.18,0.18,0.16,0.34,1.69,4.71,5.7,0.15,0.26,0.4,0.15,0.4,0.18,0.16,0.34,0.18,0.34,27.2,38.6,24.3,11.5,1.43,46.8,27.0,13.4,2.79,82.6,90.1,86.0,51.3,539.0,136.0,38.6,24.3,11.5,1.43,46.8,27.0,13.4,2.79,82.6,90.1,86.0,51.3,38.6,24.3,11.5,1.43,46.8,27.0,13.4,2.79,82.6,90.1,86.0,51.3,38.6,24.3,11.5,1.43,46.8,27.0,13.4,2.79,82.6,90.1,86.0,51.3,0.26,0.15,0.1,1.1,3.53,1.18,0.0,0.15,1.1,0.37,33.3,1.1,0.37,0.13,0.4,15.5,0.07,0.0,0.0,0.16,-0.03,-0.03,56.3,1.29,9.56,29.1,18.5,3.01,56.3,0.33,32.1,0.51,50.0,32.6,0.37,2.21,0.74,44.6,1.88,0.81,1.21,1.88,0.81,52.4,0.74,1.07,0.88,0.48,2.35,0.66,0.04,2.43,2.43,0.0,0.0,0.26,0.07,0.04,0.0,0.51,0.52,0.0,0.0,0.26,0.07,0.04,0.0,0.0,1.47,2.1,0.11,0.44,0.48,1.21,0.07,0.0,0.0,4.23,0.59,55.2,,,,,,,,,,,,,,,,,,,,,,,,,,,,,Onni Valakari,"MF,FW",San Diego FC,26-108,Onni Valakari,TAM Player,TAM Player,"[ 0.02803639  1.12120495  0.19060767  0.26744243  0.52307686  1.35586719
 -0.15558876 -0.14378203  0.01780036  0.50065674  0.04454089  0.36437075
 -0.71517756  0.03728648]",0,0.49580272938326775,1.0497693072560799
8700144495,2,2025,20,17,1399,15.5,0.0,0.32,0.32,0.0,0.0,0.0,0.39,0.0,0.01,0.01,0.09,0.1,3.29,3.03,5.68,0.0,0.32,0.32,0.0,0.32,0.01,0.09,0.1,0.01,0.1,15.5,39.9,20.4,16.5,2.39,51.6,22.6,19.5,6.65,77.4,90.0,84.8,35.9,653.6,160.7,39.9,20.4,16.5,2.39,51.6,22.6,19.5,6.65,77.4,90.0,84.8,35.9,39.9,20.4,16.5,2.39,51.6,22.6,19.5,6.65,77.4,90.0,84.8,35.9,39.9,20.4,16.5,2.39,51.6,22.6,19.5,6.65,77.4,90.0,84.8,35.9,0.32,0.08,0.23,1.16,2.0,0.58,0.39,0.0,0.32,0.0,0.0,0.32,0.0,0.0,,23.0,0.0,0.0,0.0,0.04,-0.01,-0.01,60.1,2.0,11.5,28.0,21.7,0.84,60.1,0.52,47.1,0.52,47.1,33.0,0.19,1.1,0.65,37.0,1.87,0.71,1.03,1.87,0.71,52.4,0.65,1.42,1.29,1.23,3.1,1.55,0.06,2.06,2.06,0.06,0.0,0.19,0.0,0.0,0.0,0.32,0.32,0.06,0.0,0.19,0.0,0.0,0.0,0.0,1.16,1.81,0.06,4.13,1.23,1.03,0.0,0.0,0.0,5.03,0.84,39.4,,,,,,,,,,,,,,,,,,,,,,,,,,,,,Omar Valencia,DF,NY Red Bulls,21-179,Omar Valencia,,Standard,"[-0.68603763  1.56399486 -0.80744988 -0.82942838 -0.20272134  0.00570564
 -0.90525935 -0.93520667  0.10405975 -0.43711095  1.32410537  0.35135333
  0.76904439  0.7834941 ]",0,-1.3704620241440717,1.201071750279798
1691456141,2,2025,23,9,834,9.3,0.54,0.11,0.65,0.54,0.0,0.0,0.11,0.0,0.35,0.35,0.17,0.53,2.15,3.23,7.42,0.54,0.11,0.65,0.54,0.65,0.36,0.17,0.53,0.36,0.53,9.3,28.9,16.7,9.46,0.86,35.7,18.7,11.5,1.72,81.0,89.1,82.2,50.0,393.1,91.9,28.9,16.7,9.46,0.86,35.7,18.7,11.5,1.72,81.0,89.1,82.2,50.0,28.9,16.7,9.46,0.86,35.7,18.7,11.5,1.72,81.0,89.1,82.2,50.0,28.9,16.7,9.46,0.86,35.7,18.7,11.5,1.72,81.0,89.1,82.2,50.0,0.11,0.09,-0.06,1.83,1.4,0.65,0.22,0.54,3.23,1.94,60.0,3.24,1.94,0.17,0.28,15.8,0.0,0.0,0.0,0.11,0.18,0.18,51.6,0.86,4.19,23.4,24.6,5.7,51.6,1.08,27.0,2.47,62.2,32.2,0.86,2.58,2.37,40.1,1.08,0.75,0.32,1.08,0.75,70.0,0.32,2.15,2.04,0.11,1.18,0.65,0.22,4.62,4.63,0.32,0.11,0.65,0.11,0.0,0.0,0.32,0.32,0.32,0.11,0.65,0.11,0.0,0.0,0.0,1.08,2.69,0.0,0.75,0.11,0.32,0.0,0.0,0.0,3.12,1.18,35.5,,,,,,,,,,,,,,,,,,,,,,,,,,,,,Gerardo Valenzuela,"MF,FW",FC Cincinnati,21-067,Gerardo Valenzuela,Homegrown Player,Homegrown,"[ 1.88462883  0.01423017  1.18866522  1.36431324  0.62676232 -0.72289156
  1.89158864  3.21442523 -0.62582739 -0.32547194  0.41241568 -0.67702209
 -1.44739373  2.33987001]",-1,3.8402891461754356,-0.3539188045727452
5256577698,3,2025,34,19,1712,19.0,0.32,0.16,0.47,0.32,0.0,0.0,0.21,0.0,0.24,0.24,0.18,0.43,2.37,3.11,9.53,0.32,0.16,0.47,0.32,0.47,0.24,0.18,0.42,0.24,0.42,19.0,30.2,15.8,11.3,2.47,37.9,17.9,13.9,4.47,79.6,88.2,81.4,55.3,495.2,130.1,30.2,15.8,11.3,2.47,37.9,17.9,13.9,4.47,79.6,88.2,81.4,55.3,30.2,15.8,11.3,2.47,37.9,17.9,13.9,4.47,79.6,88.2,81.4,55.3,30.2,15.8,11.3,2.47,37.9,17.9,13.9,4.47,79.6,88.2,81.4,55.3,0.16,0.21,-0.03,1.32,2.11,1.74,0.79,0.32,2.32,0.79,34.1,2.31,0.79,0.14,0.4,18.9,0.11,0.0,0.0,0.1,0.07,0.07,49.8,1.26,7.79,20.6,22.0,3.47,49.8,0.95,41.9,1.11,48.8,30.4,1.21,2.32,0.68,36.9,1.42,0.84,0.79,1.42,0.84,51.6,0.79,1.26,1.11,0.74,2.16,1.16,0.0,3.11,3.1,0.42,0.0,0.21,0.0,0.0,0.0,0.32,0.31,0.42,0.0,0.21,0.0,0.0,0.0,0.0,1.0,1.89,0.37,3.05,0.74,0.79,0.0,0.0,0.0,4.0,0.95,40.0,,,,,,,,,,,,,,,,,,,,,,,,,,,,,Kerwin Vargas,"FW,MF",Charlotte,23-336,Kerwin Vargas,U22 Initiative,U22 Initiative,"[ 0.83732027  0.38322176  0.54286327  0.65457331  0.73044778  0.4093356
  1.01697294  0.75459189 -0.539568   -0.39245535  0.5883558  -0.23443014
 -0.20064729  0.44237062]",0,1.902788134702899,0.21928240471932006
6517903804,3,2025,26,26,2268,25.2,0.12,0.04,0.16,0.12,0.0,0.0,0.16,0.0,0.1,0.1,0.09,0.19,1.79,5.6,3.37,0.12,0.04,0.16,0.12,0.16,0.1,0.09,0.19,0.1,0.19,25.2,46.2,25.2,16.6,2.42,53.6,27.7,19.2,3.17,86.1,91.0,86.6,76.3,694.7,171.4,46.2,25.2,16.6,2.42,53.6,27.7,19.2,3.17,86.1,91.0,86.6,76.3,46.2,25.2,16.6,2.42,53.6,27.7,19.2,3.17,86.1,91.0,86.6,76.3,46.2,25.2,16.6,2.42,53.6,27.7,19.2,3.17,86.1,91.0,86.6,76.3,0.04,0.09,-0.05,0.83,4.4,0.79,0.0,0.12,1.19,0.4,33.3,1.19,0.4,0.1,0.3,22.0,0.0,0.0,0.0,0.08,0.02,0.02,64.3,2.02,12.3,32.8,19.5,1.98,64.3,0.91,51.1,0.67,37.8,40.2,0.2,1.83,0.67,48.3,1.94,0.95,1.11,1.94,0.95,54.5,0.79,1.19,0.83,1.07,3.02,0.79,0.12,3.29,3.29,0.16,0.04,0.08,0.0,0.12,0.0,0.36,0.36,0.16,0.04,0.08,0.0,0.12,0.0,0.0,1.03,2.02,0.04,0.28,1.07,1.11,0.0,0.0,0.0,4.29,0.32,50.0,,,,,,,,,,,,,,,,,,,,,,,,,,,,,Obed Vargas,MF,Seattle Sounders,20-121,Obed Vargas,Homegrown Player,Homegrown,"[-0.11477841 -0.50235806 -0.27906647 -0.24873207 -0.20272134  1.12632683
 -0.0690883  -0.07961247  0.52208602  0.99745035  0.12451367  0.44247521
  0.45241038  0.29312909]",0,-0.8959625442348395,0.7031326616023136
3741411879,3,2025,31,21,1964,21.8,0.23,0.09,0.32,0.23,0.0,0.0,0.09,0.0,0.14,0.14,0.11,0.25,2.16,3.44,5.09,0.23,0.09,0.32,0.23,0.32,0.14,0.11,0.25,0.14,0.25,21.8,24.4,13.5,8.44,1.1,32.0,15.6,10.6,2.57,76.3,86.8,79.3,42.9,352.7,101.0,24.4,13.5,8.44,1.1,32.0,15.6,10.6,2.57,76.3,86.8,79.3,42.9,24.4,13.5,8.44,1.1,32.0,15.6,10.6,2.57,76.3,86.8,79.3,42.9,24.4,13.5,8.44,1.1,32.0,15.6,10.6,2.57,76.3,86.8,79.3,42.9,0.09,0.14,-0.01,1.01,2.94,1.01,0.28,0.23,1.56,0.55,35.3,1.56,0.55,0.15,0.42,19.0,0.0,0.0,0.0,0.09,0.09,0.09,40.0,0.37,4.36,18.9,17.4,2.2,40.0,0.87,41.3,1.19,56.5,25.0,0.6,1.33,1.01,28.5,1.06,0.6,0.69,1.06,0.6,48.1,0.64,0.64,0.6,0.69,1.74,0.32,0.0,3.17,3.16,0.09,0.0,0.28,0.0,0.05,0.0,0.28,0.27,0.09,0.0,0.28,0.0,0.05,0.0,0.0,0.87,1.56,0.18,2.16,0.69,0.69,0.0,0.0,0.0,4.82,0.46,47.6,,,,,,,,,,,,,,,,,,,,,,,,,,,,,Indiana Vassilev,MF,Philadelphia Union,24-291,Indiana Vassilev,,Standard,"[ 0.40887586 -0.13336647 -0.0442294   0.00935518  0.00464957  0.73430285
  0.28652467  0.24123536 -0.92441759 -0.20825098  0.42041296 -0.70305691
 -0.29959542 -0.87948289]",0,1.0360749261289606,-0.48628388908166986
6589540389,2,2025,19,19,1599,17.8,0.28,0.0,0.28,0.22,0.06,0.11,0.17,0.0,0.58,0.49,0.03,0.52,1.07,1.4,3.6,0.28,0.0,0.28,0.23,0.23,0.58,0.04,0.62,0.49,0.53,17.8,10.6,4.83,3.93,1.4,16.9,7.19,5.9,2.19,62.5,67.2,66.7,64.1,185.5,36.0,10.6,4.83,3.93,1.4,16.9,7.19,5.9,2.19,62.5,67.2,66.7,64.1,10.6,4.83,3.93,1.4,16.9,7.19,5.9,2.19,62.5,67.2,66.7,64.1,10.6,4.83,3.93,1.4,16.9,7.19,5.9,2.19,62.5,67.2,66.7,64.1,0.0,0.04,-0.03,0.51,0.96,0.22,0.0,0.28,2.92,1.12,38.5,2.93,1.13,0.08,0.2,14.9,0.22,0.06,0.11,0.17,-0.3,-0.26,29.2,1.52,3.71,14.3,11.7,4.94,29.1,0.51,36.0,0.84,60.0,16.2,0.62,3.09,1.29,21.9,0.67,0.28,0.34,0.67,0.28,35.7,0.51,0.96,0.73,0.67,1.35,1.52,0.0,1.85,1.86,0.17,0.06,0.22,0.11,0.06,0.0,0.22,0.23,0.17,0.06,0.22,0.11,0.06,0.0,0.0,2.02,1.8,0.67,0.79,0.67,0.34,0.0,0.0,0.06,1.85,2.75,46.7,,,,,,,,,,,,,,,,,,,,,,,,,,,,,Brandon Vazquez,FW,Austin,27-051,Brandon Vazquez,Designated Player,Designated Player,"[ 0.64690054 -0.79755134  2.53897837  2.26761862 -0.8248341   0.26361616
  1.59364263  1.46045711 -1.84009418 -1.3469689  -0.45129034 -1.21073592
 -0.33917467 -0.19723592]",0,3.5762985080483114,-2.8641388278341178
6935601364,1,2025,8,8,651,7.2,0.0,0.28,0.28,0.0,0.0,0.0,0.14,0.0,0.21,0.21,0.29,0.5,5.56,4.58,9.03,0.0,0.28,0.28,0.0,0.28,0.21,0.29,0.5,0.21,0.5,7.2,20.3,9.17,7.36,3.06,29.4,11.1,10.1,6.53,68.9,82.5,72.6,46.8,364.2,136.5,20.3,9.17,7.36,3.06,29.4,11.1,10.1,6.53,68.9,82.5,72.6,46.8,20.3,9.17,7.36,3.06,29.4,11.1,10.1,6.53,68.9,82.5,72.6,46.8,20.3,9.17,7.36,3.06,29.4,11.1,10.1,6.53,68.9,82.5,72.6,46.8,0.28,0.38,-0.01,2.08,2.64,1.81,0.28,0.0,4.17,1.25,30.0,4.15,1.24,0.0,0.0,19.6,0.42,0.0,0.0,0.05,-0.21,-0.21,44.3,0.83,2.36,17.8,25.6,4.44,44.3,3.06,50.0,2.92,47.7,31.4,2.08,2.78,3.06,34.0,0.83,0.42,0.83,0.83,0.42,18.8,1.81,0.97,0.69,0.0,0.83,0.69,0.0,5.14,5.12,0.69,0.14,0.69,0.0,0.14,0.0,0.42,0.41,0.69,0.14,0.69,0.0,0.14,0.0,0.0,1.53,3.19,0.69,5.28,0.0,0.83,0.0,0.0,0.0,4.31,0.56,30.8,,,,,,,,,,,,,,,,,,,,,,,,,,,,,Kristoffer Velde,"FW,MF",Portland Timbers,26-086,,,,"[-0.68603763  1.26880159  0.36673547  0.46100787  1.87098783 -0.95887968
  2.79503782  1.73852523 -1.19646643  0.42809139  3.13948747 -1.00245736
 -1.66507962 -0.1759157 ]",-1,4.007480665670226,2.0738786812823613
7330459796,1,2025,27,23,1984,22.0,0.05,0.0,0.05,0.05,0.0,0.0,0.36,0.0,0.05,0.05,0.04,0.1,1.41,3.91,0.32,0.05,0.0,0.05,0.05,0.05,0.06,0.04,0.1,0.06,0.1,22.0,52.8,17.8,27.5,6.82,60.7,19.2,29.4,10.5,87.0,92.4,93.5,64.7,1060.3,377.0,52.8,17.8,27.5,6.82,60.7,19.2,29.4,10.5,87.0,92.4,93.5,64.7,52.8,17.8,27.5,6.82,60.7,19.2,29.4,10.5,87.0,92.4,93.5,64.7,52.8,17.8,27.5,6.82,60.7,19.2,29.4,10.5,87.0,92.4,93.5,64.7,0.0,0.03,-0.04,0.32,4.91,0.23,0.09,0.05,1.14,0.18,16.0,1.13,0.18,0.04,0.25,26.4,0.14,0.0,0.0,0.05,-0.01,-0.01,70.7,5.05,30.6,35.3,5.05,0.5,70.7,0.0,0.0,0.05,100.0,42.5,0.0,0.41,0.0,48.8,1.36,0.77,1.05,1.36,0.77,63.0,0.45,1.55,0.77,0.91,2.27,4.5,0.05,1.14,1.13,0.0,0.0,0.0,0.0,0.0,0.0,0.09,0.09,0.0,0.0,0.0,0.0,0.0,0.0,0.0,1.36,0.45,0.0,0.68,0.91,1.05,0.0,0.18,0.09,2.91,1.41,54.4,,,,,,,,,,,,,,,,,,,,,,,,,,,,,Brayan Vera,DF,Real Salt Lake,26-323,Brayan Vera,TAM Player,TAM Player,"[-0.44801295 -0.79755134 -0.57261281 -0.57134113 -0.72114864  0.7600939
 -0.11714411 -0.55018928  0.96001831  0.0541007  -0.17938289 -0.3125346
  0.13577636  1.06065694]",0,-1.642468235098972,-0.31032297495901506
8935592154,2,2025,14,11,1002,11.1,0.0,0.0,0.0,0.0,0.0,0.0,0.18,0.0,0.01,0.01,0.12,0.13,1.89,2.79,6.31,0.0,0.0,0.0,0.0,0.0,0.01,0.11,0.12,0.01,0.12,11.1,49.8,28.3,18.6,2.07,58.9,30.8,21.4,4.05,84.6,91.8,86.9,51.1,755.9,203.2,49.8,28.3,18.6,2.07,58.9,30.8,21.4,4.05,84.6,91.8,86.9,51.1,49.8,28.3,18.6,2.07,58.9,30.8,21.4,4.05,84.6,91.8,86.9,51.1,49.8,28.3,18.6,2.07,58.9,30.8,21.4,4.05,84.6,91.8,86.9,51.1,0.0,0.07,-0.12,0.72,2.07,1.08,0.36,0.0,0.09,0.0,0.0,0.09,0.0,0.0,,20.5,0.0,0.0,0.0,0.08,-0.01,-0.01,65.9,3.33,19.2,28.4,18.6,0.9,65.9,0.27,60.0,0.09,20.0,35.0,0.18,1.53,0.18,44.3,1.35,0.72,0.99,1.35,0.72,61.5,0.45,0.81,0.63,0.27,1.62,2.16,0.09,1.26,1.26,0.0,0.0,0.09,0.0,0.0,0.0,0.0,0.0,0.0,0.0,0.09,0.0,0.0,0.0,0.0,0.9,0.72,0.0,1.98,0.27,0.99,0.0,0.0,0.0,4.14,0.9,47.6,,,,,,,,,,,,,,,,,,,,,,,,,,,,,Oscar Verhoeven,MF,SJ Earthquakes,19-187,Oscar Verhoeven,Homegrown Player,Homegrown,"[-0.68603763 -0.79755134 -0.80744988 -0.82942838  0.10833503 -0.50624673
 -1.12631607 -0.93520667  0.76095818 -0.57107777  0.20448645 -0.32555201
 -1.13075971 -0.51703918]",0,-1.3588461361014166,-0.4835245635703083
8935592154,3,2025,14,11,1002,11.1,0.0,0.0,0.0,0.0,0.0,0.0,0.18,0.0,0.01,0.01,0.12,0.13,1.89,2.79,6.31,0.0,0.0,0.0,0.0,0.0,0.01,0.11,0.12,0.01,0.12,11.1,49.8,28.3,18.6,2.07,58.9,30.8,21.4,4.05,84.6,91.8,86.9,51.1,755.9,203.2,49.8,28.3,18.6,2.07,58.9,30.8,21.4,4.05,84.6,91.8,86.9,51.1,49.8,28.3,18.6,2.07,58.9,30.8,21.4,4.05,84.6,91.8,86.9,51.1,49.8,28.3,18.6,2.07,58.9,30.8,21.4,4.05,84.6,91.8,86.9,51.1,0.0,0.07,-0.12,0.72,2.07,1.08,0.36,0.0,0.09,0.0,0.0,0.09,0.0,0.0,,20.5,0.0,0.0,0.0,0.08,-0.01,-0.01,65.9,3.33,19.2,28.4,18.6,0.9,65.9,0.27,60.0,0.09,20.0,35.0,0.18,1.53,0.18,44.3,1.35,0.72,0.99,1.35,0.72,61.5,0.45,0.81,0.63,0.27,1.62,2.16,0.09,1.26,1.26,0.0,0.0,0.09,0.0,0.0,0.0,0.0,0.0,0.0,0.0,0.09,0.0,0.0,0.0,0.0,0.9,0.72,0.0,1.98,0.27,0.99,0.0,0.0,0.0,4.14,0.9,47.6,,,,,,,,,,,,,,,,,,,,,,,,,,,,,Oscar Verhoeven,MF,SJ Earthquakes,19-187,Oscar Verhoeven,Homegrown Player,Homegrown,"[-0.68603763 -0.79755134 -0.80744988 -0.82942838  0.10833503 -0.50624673
 -1.12631607 -0.93520667  0.76095818 -0.57107777  0.20448645 -0.32555201
 -1.13075971 -0.51703918]",0,-1.3588461361014166,-0.4835245635703083
3558989052,1,2025,21,20,1755,19.5,0.0,0.0,0.0,0.0,0.0,0.0,0.05,0.0,0.07,0.07,0.01,0.08,0.36,2.1,0.31,0.0,0.0,0.0,0.0,0.0,0.07,0.01,0.07,0.07,0.07,19.5,53.9,15.2,34.2,4.21,57.0,16.2,34.5,5.79,94.6,94.0,99.3,72.6,1054.4,304.8,53.9,15.2,34.2,4.21,57.0,16.2,34.5,5.79,94.6,94.0,99.3,72.6,53.9,15.2,34.2,4.21,57.0,16.2,34.5,5.79,94.6,94.0,99.3,72.6,53.9,15.2,34.2,4.21,57.0,16.2,34.5,5.79,94.6,94.0,99.3,72.6,0.0,0.02,-0.01,0.21,3.23,0.0,0.0,0.0,0.72,0.21,28.6,0.72,0.21,0.0,0.0,10.0,0.0,0.0,0.0,0.09,-0.07,-0.07,65.9,8.92,30.2,32.9,2.97,1.38,65.9,0.05,33.3,0.1,66.7,43.9,0.05,0.1,0.05,48.9,0.82,0.36,0.36,0.82,0.36,70.0,0.15,0.62,0.1,1.03,1.85,4.87,0.1,0.92,0.92,0.0,0.0,0.05,0.0,0.0,0.0,0.05,0.05,0.0,0.0,0.05,0.0,0.0,0.0,0.0,0.46,0.36,0.05,0.0,1.03,0.36,0.0,0.05,0.0,3.18,1.69,55.0,,,,,,,,,,,,,,,,,,,,,,,,,,,,,Ranko Veselinović,DF,Vancouver W'caps,26-255,Ranko Veselinović,,Standard,"[-0.68603763 -0.79755134 -0.45519428 -0.44229751 -1.03220501  0.46478636
 -0.52081289 -0.48601971  1.03300702 -0.95623236 -1.01909708 -1.01547477
  0.37325187 -0.92212332]",0,-1.4572031077296164,-1.6152520041266714
1157352755,1,2025,23,19,1732,19.2,0.21,0.05,0.26,0.21,0.0,0.0,0.21,0.0,0.22,0.22,0.11,0.33,1.2,3.02,1.98,0.21,0.05,0.26,0.21,0.26,0.22,0.12,0.33,0.22,0.33,19.2,40.6,23.0,14.8,1.93,46.3,24.6,16.6,3.33,87.8,93.6,89.0,57.8,610.7,220.8,40.6,23.0,14.8,1.93,46.3,24.6,16.6,3.33,87.8,93.6,89.0,57.8,40.6,23.0,14.8,1.93,46.3,24.6,16.6,3.33,87.8,93.6,89.0,57.8,40.6,23.0,14.8,1.93,46.3,24.6,16.6,3.33,87.8,93.6,89.0,57.8,0.05,0.09,-0.06,0.47,2.5,0.36,0.1,0.21,1.56,0.73,46.7,1.56,0.73,0.13,0.29,11.3,0.0,0.0,0.0,0.14,-0.01,-0.01,58.9,3.54,22.6,25.9,11.0,2.4,58.9,0.42,42.1,0.52,52.6,31.9,0.05,0.99,0.68,37.5,2.29,0.89,1.41,2.29,0.89,56.7,0.68,1.25,0.89,1.46,3.75,4.06,0.05,1.77,1.77,0.0,0.0,0.1,0.0,0.05,0.0,0.21,0.21,0.0,0.0,0.1,0.0,0.05,0.0,0.0,1.72,1.09,0.0,0.63,1.46,1.41,0.0,0.05,0.05,2.92,2.03,61.9,,,,,,,,,,,,,,,,,,,,,,,,,,,,,Felipe Vieira,DF,Houston Dynamo,20-298,,,,"[ 0.313666   -0.42855974  0.42544474  0.52552968  0.00464957  0.43512665
  0.28652467  0.62625276  0.15050711 -0.4426929  -0.34732573  0.89808458
  1.2242058   0.4210504 ]",0,0.03306168443951285,-0.191809680393684
802447720,1,2025,7,6,540,6.0,0.0,0.0,0.0,0.0,0.0,0.0,0.67,0.0,0.08,0.08,0.02,0.12,1.5,6.0,2.17,0.0,0.0,0.0,0.0,0.0,0.09,0.02,0.11,0.09,0.11,6.0,44.5,18.0,21.2,4.5,50.3,19.7,23.0,5.5,88.4,91.5,92.0,81.8,827.5,223.7,44.5,18.0,21.2,4.5,50.3,19.7,23.0,5.5,88.4,91.5,92.0,81.8,44.5,18.0,21.2,4.5,50.3,19.7,23.0,5.5,88.4,91.5,92.0,81.8,44.5,18.0,21.2,4.5,50.3,19.7,23.0,5.5,88.4,91.5,92.0,81.8,0.0,0.07,-0.02,0.67,6.5,0.5,0.17,0.0,1.5,0.5,33.3,1.5,0.5,0.0,0.0,21.4,0.0,0.0,0.0,0.06,-0.08,-0.08,59.5,2.17,10.3,38.7,10.8,1.5,59.5,0.33,25.0,1.0,75.0,39.2,0.17,0.83,1.83,43.7,2.0,0.33,1.17,2.0,0.33,66.7,0.17,1.0,0.5,0.83,2.83,0.83,0.0,2.33,2.33,0.0,0.0,0.0,0.0,0.0,0.0,0.0,0.0,0.0,0.0,0.0,0.0,0.0,0.0,0.0,3.17,1.83,0.0,1.0,0.83,1.17,0.0,0.0,0.0,6.5,0.5,33.3,,,,,,,,,,,,,,,,,,,,,,,,,,,,,Ronaldo Vieira,MF,SJ Earthquakes,27-138,,,,"[-0.68603763 -0.79755134 -0.39648501 -0.37777569 -0.92851955 -1.10202002
  0.2288577   0.13428609  0.40928528  1.22072837 -0.10740739  0.52057967
 -0.02254065 -0.11195505]",0,-1.0553575405129438,0.1796662740138402
6594674914,1,2025,22,13,1271,14.1,0.0,0.14,0.14,0.0,0.0,0.0,0.0,0.0,0.07,0.06,0.1,0.16,2.06,4.4,5.96,0.0,0.14,0.14,0.0,0.14,0.07,0.1,0.16,0.07,0.16,14.1,45.1,24.5,17.4,1.99,55.0,26.6,20.7,5.11,82.1,92.0,83.9,38.9,684.5,251.1,45.1,24.5,17.4,1.99,55.0,26.6,20.7,5.11,82.1,92.0,83.9,38.9,45.1,24.5,17.4,1.99,55.0,26.6,20.7,5.11,82.1,92.0,83.9,38.9,45.1,24.5,17.4,1.99,55.0,26.6,20.7,5.11,82.1,92.0,83.9,38.9,0.14,0.07,0.04,0.71,3.9,0.71,0.35,0.0,0.57,0.14,25.0,0.57,0.14,0.0,0.0,20.5,0.07,0.0,0.0,0.12,-0.07,-0.06,62.4,3.33,16.1,30.7,16.0,1.21,62.4,0.35,33.3,0.64,60.0,33.0,0.43,0.64,0.5,38.7,0.5,0.35,0.28,0.5,0.35,41.7,0.5,1.21,0.71,0.78,1.28,1.84,0.0,1.42,1.42,0.0,0.0,0.0,0.0,0.0,0.0,0.14,0.14,0.0,0.0,0.0,0.0,0.0,0.0,0.0,0.0,0.5,0.0,2.62,0.78,0.28,0.0,0.0,0.07,3.4,0.21,33.3,,,,,,,,,,,,,,,,,,,,,,,,,,,,,Sam Vines,DF,Colorado Rapids,26-187,Sam Vines,TAM Player,TAM Player,"[-0.68603763  0.23562513 -0.45519428 -0.50681932 -0.09903589 -0.15935709
 -0.66498032 -0.6357487   0.44909731  0.32761628  0.34044018 -1.4320319
 -0.12148878  0.33576953]",0,-0.8695860711711503,0.16308099720370192
7054252272,3,2025,19,16,1395,15.5,0.26,0.13,0.39,0.26,0.0,0.0,0.06,0.0,0.13,0.13,0.25,0.38,1.87,8.0,5.16,0.26,0.13,0.39,0.26,0.39,0.13,0.25,0.38,0.13,0.38,15.5,44.3,20.6,16.6,5.16,55.7,22.4,19.8,9.23,79.5,92.2,84.0,55.9,777.7,268.3,44.3,20.6,16.6,5.16,55.7,22.4,19.8,9.23,79.5,92.2,84.0,55.9,44.3,20.6,16.6,5.16,55.7,22.4,19.8,9.23,79.5,92.2,84.0,55.9,44.3,20.6,16.6,5.16,55.7,22.4,19.8,9.23,79.5,92.2,84.0,55.9,0.13,0.3,-0.12,2.06,6.39,2.58,0.97,0.26,1.94,0.84,43.3,1.94,0.84,0.13,0.31,22.1,0.26,0.0,0.0,0.07,0.13,0.13,65.2,0.65,6.65,33.0,26.3,2.0,65.2,1.1,45.9,1.16,48.6,40.6,0.13,1.94,1.03,48.1,1.03,0.77,0.52,1.03,0.77,54.5,0.65,0.65,0.58,0.45,1.48,0.26,0.0,4.84,4.85,0.0,0.0,0.06,0.0,0.0,0.0,0.71,0.71,0.0,0.0,0.06,0.0,0.0,0.0,0.0,0.77,1.55,0.0,4.77,0.45,0.52,0.0,0.0,0.0,5.23,0.13,25.0,,,,,,,,,,,,,,,,,,,,,,,,,,,,,Pedro Vite,"MF,FW",Vancouver W'caps,23-270,Pedro Vite,U22 Initiative,U22 Initiative,"[ 5.51690667e-01  1.61826807e-01 -1.02938671e-01 -5.51666319e-02
  1.45624599e+00  5.47433381e-04  6.51748808e-01  8.61541163e-01
  3.96014606e-01  2.33711848e+00  1.88491897e-01 -7.42109146e-01
 -7.74546443e-01 -8.58162670e-01]",0,1.3173556915595033,1.8830202171643073
1255474163,1,2025,18,16,1490,16.6,0.0,0.0,0.0,0.0,0.0,0.0,0.06,0.0,0.0,0.0,0.0,0.0,0.78,3.55,0.12,0.0,0.0,0.0,0.0,0.0,0.0,0.0,0.0,0.0,0.0,16.6,50.6,16.6,27.5,6.02,57.2,17.7,29.2,8.86,88.5,93.9,94.2,68.0,993.9,337.3,50.6,16.6,27.5,6.02,57.2,17.7,29.2,8.86,88.5,93.9,94.2,68.0,50.6,16.6,27.5,6.02,57.2,17.7,29.2,8.86,88.5,93.9,94.2,68.0,50.6,16.6,27.5,6.02,57.2,17.7,29.2,8.86,88.5,93.9,94.2,68.0,0.0,0.01,0.0,0.0,3.31,0.06,0.0,0.0,0.06,0.06,100.0,0.06,0.06,0.0,0.0,25.0,0.0,0.0,0.0,0.02,0.0,0.0,68.6,6.27,29.7,37.0,2.11,0.18,68.6,0.24,80.0,0.06,20.0,40.1,0.0,0.6,0.36,44.7,1.45,0.66,1.02,1.45,0.66,61.1,0.42,0.78,0.36,1.81,3.25,5.6,0.0,0.3,0.3,0.0,0.0,0.06,0.0,0.0,0.0,0.0,0.0,0.0,0.0,0.06,0.0,0.0,0.0,0.0,0.6,0.54,0.0,0.06,1.81,1.02,0.0,0.0,0.0,5.24,0.96,61.5,,,,,,,,,,,,,,,,,,,,,,,,,,,,,Robert Voloder,DF,Sporting KC,24-209,Robert Voloder,U22 Initiative,U22 Initiative,"[-0.68603763 -0.79755134 -0.86615915 -0.89395019 -1.13589047  0.12305493
 -1.15514955 -0.80686754  0.81404088 -0.14684952 -0.6832114  -0.19537791
  1.91684271 -0.58099984]",0,-2.703425677979907,-0.7240296054547489
2051386853,2,2025,9,6,410,4.6,0.65,0.0,0.65,0.65,0.0,0.0,0.0,0.22,0.74,0.74,0.07,0.8,0.87,0.87,5.87,0.66,0.0,0.66,0.66,0.66,0.75,0.06,0.81,0.75,0.81,4.6,7.39,4.13,1.96,0.43,10.4,5.22,3.04,0.65,70.8,79.2,64.3,66.7,112.6,16.7,7.39,4.13,1.96,0.43,10.4,5.22,3.04,0.65,70.8,79.2,64.3,66.7,7.39,4.13,1.96,0.43,10.4,5.22,3.04,0.65,70.8,79.2,64.3,66.7,7.39,4.13,1.96,0.43,10.4,5.22,3.04,0.65,70.8,79.2,64.3,66.7,0.0,0.02,-0.07,0.43,0.0,0.22,0.0,0.65,4.35,1.52,35.0,4.39,1.54,0.15,0.43,13.7,0.22,0.0,0.0,0.17,-0.09,-0.09,23.3,0.65,0.65,8.26,14.6,5.43,23.3,0.65,37.5,1.09,62.5,15.0,1.3,2.83,3.04,17.4,0.43,0.0,0.22,0.43,0.0,0.0,0.22,0.0,0.0,0.0,0.43,0.43,0.0,1.3,1.32,0.0,0.0,0.0,0.0,0.0,0.0,0.0,0.0,0.0,0.0,0.0,0.0,0.0,0.0,0.0,1.09,1.96,0.87,0.22,0.0,0.22,0.0,0.0,0.0,1.52,1.74,47.1,,,,,,,,,,,,,,,,,,,,,,,,,,,,,Giacomo Vrioni,"FW,MF",CF Montréal,27-050,Giacomo Vrioni,Designated Player,Designated Player,"[ 2.40828311 -0.79755134  3.47832665  3.88066393 -0.41009226 -1.26966185
  2.96803873  2.31605132 -2.05308852 -1.64281228 -0.6112359  -1.52315377
 -1.66507962 -2.24397683]",-1,6.869360210937482,-3.605138400283327
2062898875,1,2025,32,30,2769,30.8,0.06,0.32,0.39,0.06,0.0,0.0,0.16,0.0,0.02,0.02,0.36,0.38,1.56,5.1,4.55,0.07,0.33,0.39,0.07,0.39,0.02,0.36,0.38,0.02,0.38,30.8,46.0,19.8,18.2,7.44,67.5,22.7,25.1,16.9,68.1,87.5,72.5,44.0,901.5,445.7,46.0,19.8,18.2,7.44,67.5,22.7,25.1,16.9,68.1,87.5,72.5,44.0,46.0,19.8,18.2,7.44,67.5,22.7,25.1,16.9,68.1,87.5,72.5,44.0,46.0,19.8,18.2,7.44,67.5,22.7,25.1,16.9,68.1,87.5,72.5,44.0,0.32,0.32,-0.04,3.02,4.48,1.82,0.94,0.06,0.55,0.16,29.4,0.55,0.16,0.12,0.4,25.9,0.13,0.0,0.0,0.03,0.05,0.05,78.1,2.73,21.4,33.2,24.7,0.65,78.1,0.65,60.6,0.29,27.3,32.7,0.19,0.88,0.19,36.3,2.99,1.4,2.31,2.99,1.4,55.1,1.14,1.56,1.46,1.36,4.35,2.79,0.06,4.97,4.97,0.06,0.03,0.23,0.0,0.03,0.0,0.49,0.49,0.06,0.03,0.23,0.0,0.03,0.0,0.0,1.2,1.14,0.06,10.9,1.36,2.31,0.0,0.0,0.0,5.36,1.49,65.7,,,,,,,,,,,,,,,,,,,,,,,,,,,,,Kai Wagner,DF,Philadelphia Union,28-292,Kai Wagner,TAM Player,TAM Player,"[-0.40040802  1.56399486 -0.74874061 -0.76490657  2.59678604  1.77239267
 -0.68420264 -0.59296899  0.50881535  0.71835282 -0.05942372  1.80930331
  1.02630953  1.08197715]",-1,-1.2493221032083264,3.2175322153686685
1640323411,1,2025,32,28,2419,26.9,0.04,0.07,0.11,0.04,0.0,0.0,0.26,0.04,0.09,0.09,0.1,0.19,2.23,4.24,5.06,0.04,0.07,0.11,0.04,0.11,0.09,0.1,0.19,0.09,0.19,26.9,39.9,21.3,14.1,2.71,49.0,24.3,16.7,4.57,81.3,87.9,84.4,59.3,623.8,186.8,39.9,21.3,14.1,2.71,49.0,24.3,16.7,4.57,81.3,87.9,84.4,59.3,39.9,21.3,14.1,2.71,49.0,24.3,16.7,4.57,81.3,87.9,84.4,59.3,39.9,21.3,14.1,2.71,49.0,24.3,16.7,4.57,81.3,87.9,84.4,59.3,0.07,0.13,-0.03,1.38,2.53,1.45,0.63,0.04,0.89,0.33,37.5,0.89,0.33,0.04,0.11,17.4,0.0,0.0,0.0,0.11,-0.06,-0.06,59.6,3.83,15.8,26.6,18.0,1.9,59.6,0.89,60.0,0.45,30.0,32.5,0.63,1.52,0.78,38.9,1.64,0.93,1.0,1.64,0.93,43.1,1.23,1.23,0.71,0.82,2.45,2.45,0.04,3.01,3.01,0.07,0.0,0.11,0.0,0.0,0.0,0.3,0.3,0.07,0.0,0.11,0.0,0.0,0.0,0.04,1.86,1.49,0.15,2.38,0.82,1.0,0.0,0.0,0.0,4.72,1.56,57.5,,,,,,,,,,,,,,,,,,,,,,,,,,,,,Conrad Wallem,"DF,MF",St. Louis,25-178,Conrad Wallem,,Standard,"[-0.49561789 -0.28096311 -0.33777574 -0.31325388 -0.09903589  1.32104927
 -0.35742315 -0.22934145  0.10405975  0.23830507  0.4763939   0.05195289
 -0.04233028  0.37840997]",0,-0.7233383101171593,0.3139185343071637
7407523398,2,2025,6,6,530,5.9,0.17,0.0,0.17,0.17,0.0,0.0,0.17,0.0,0.03,0.03,0.0,0.03,0.34,1.86,0.0,0.17,0.0,0.17,0.17,0.17,0.03,0.0,0.03,0.03,0.03,5.9,63.6,21.5,35.3,6.61,69.8,23.2,36.4,9.66,91.0,92.7,96.7,68.4,1225.8,530.0,63.6,21.5,35.3,6.61,69.8,23.2,36.4,9.66,91.0,92.7,96.7,68.4,63.6,21.5,35.3,6.61,69.8,23.2,36.4,9.66,91.0,92.7,96.7,68.4,63.6,21.5,35.3,6.61,69.8,23.2,36.4,9.66,91.0,92.7,96.7,68.4,0.0,0.0,0.0,0.0,3.9,0.0,0.0,0.17,0.17,0.17,100.0,0.17,0.17,1.0,1.0,5.4,0.0,0.0,0.0,0.15,0.14,0.14,78.1,11.9,49.3,28.1,1.02,0.68,78.1,0.17,100.0,0.0,0.0,44.1,0.0,0.17,0.51,57.5,1.19,0.68,0.85,1.19,0.68,80.0,0.17,1.19,0.34,1.02,2.2,4.92,0.0,0.51,0.51,0.0,0.0,0.0,0.0,0.0,0.0,0.17,0.17,0.0,0.0,0.0,0.0,0.0,0.0,0.0,0.85,1.19,0.0,0.17,1.02,0.85,0.0,0.0,0.0,5.25,0.85,45.5,,,,,,,,,,,,,,,,,,,,,,,,,,,,,Joel Waterman,DF,CF Montréal,29-314,Joel Waterman,,Standard,"[ 0.12324626 -0.79755134 -0.69003135 -0.70038476 -1.13589047 -1.11491554
 -1.04942678 -0.57157913  1.67663477 -1.09019917 -1.03509163 -0.53383058
  0.35346225  0.29312909]",0,-2.1221332019433765,-1.4746127355243044
7407523398,3,2025,6,6,530,5.9,0.17,0.0,0.17,0.17,0.0,0.0,0.17,0.0,0.03,0.03,0.0,0.03,0.34,1.86,0.0,0.17,0.0,0.17,0.17,0.17,0.03,0.0,0.03,0.03,0.03,5.9,63.6,21.5,35.3,6.61,69.8,23.2,36.4,9.66,91.0,92.7,96.7,68.4,1225.8,530.0,63.6,21.5,35.3,6.61,69.8,23.2,36.4,9.66,91.0,92.7,96.7,68.4,63.6,21.5,35.3,6.61,69.8,23.2,36.4,9.66,91.0,92.7,96.7,68.4,63.6,21.5,35.3,6.61,69.8,23.2,36.4,9.66,91.0,92.7,96.7,68.4,0.0,0.0,0.0,0.0,3.9,0.0,0.0,0.17,0.17,0.17,100.0,0.17,0.17,1.0,1.0,5.4,0.0,0.0,0.0,0.15,0.14,0.14,78.1,11.9,49.3,28.1,1.02,0.68,78.1,0.17,100.0,0.0,0.0,44.1,0.0,0.17,0.51,57.5,1.19,0.68,0.85,1.19,0.68,80.0,0.17,1.19,0.34,1.02,2.2,4.92,0.0,0.51,0.51,0.0,0.0,0.0,0.0,0.0,0.0,0.17,0.17,0.0,0.0,0.0,0.0,0.0,0.0,0.0,0.85,1.19,0.0,0.17,1.02,0.85,0.0,0.0,0.0,5.25,0.85,45.5,,,,,,,,,,,,,,,,,,,,,,,,,,,,,Joel Waterman,DF,CF Montréal,29-314,Joel Waterman,,Standard,"[ 0.12324626 -0.79755134 -0.69003135 -0.70038476 -1.13589047 -1.11491554
 -1.04942678 -0.57157913  1.67663477 -1.09019917 -1.03509163 -0.53383058
  0.35346225  0.29312909]",0,-2.1221332019433765,-1.4746127355243044
7407523398,2,2025,18,17,1437,16.0,0.0,0.06,0.06,0.0,0.0,0.0,0.5,0.06,0.0,0.0,0.05,0.05,0.75,5.25,1.19,0.0,0.06,0.06,0.0,0.06,0.0,0.05,0.05,0.0,0.05,16.0,62.8,21.9,32.7,7.38,72.5,23.0,35.3,11.9,86.6,95.1,92.7,62.1,1217.3,451.9,62.8,21.9,32.7,7.38,72.5,23.0,35.3,11.9,86.6,95.1,92.7,62.1,62.8,21.9,32.7,7.38,72.5,23.0,35.3,11.9,86.6,95.1,92.7,62.1,62.8,21.9,32.7,7.38,72.5,23.0,35.3,11.9,86.6,95.1,92.7,62.1,0.06,0.05,0.01,0.5,5.19,0.38,0.06,0.0,0.0,0.0,,0.0,0.0,,,,0.0,0.0,0.0,,0.0,0.0,83.3,9.0,37.6,40.8,5.56,0.5,83.3,0.25,57.1,0.06,14.3,48.3,0.06,0.75,0.13,54.6,1.38,0.75,0.81,1.38,0.75,50.0,0.75,1.88,0.88,1.38,2.75,4.19,0.19,1.0,1.0,0.0,0.0,0.06,0.0,0.0,0.0,0.06,0.06,0.0,0.0,0.06,0.0,0.0,0.0,0.0,1.19,1.5,0.13,0.44,1.38,0.81,0.0,0.0,0.0,7.13,1.31,56.8,,,,,,,,,,,,,,,,,,,,,,,,,,,,,Joel Waterman,DF,CF Montréal,29-314,Joel Waterman,,Standard,"[-0.68603763 -0.35476143 -0.86615915 -0.89395019 -0.61746318  0.05470864
 -1.21281652 -0.93520667  1.62355207  0.80208208 -0.70720324 -0.28649978
  1.06588879  1.76422413]",0,-3.1064058987971266,0.42806758395841754
7407523398,3,2025,18,17,1437,16.0,0.0,0.06,0.06,0.0,0.0,0.0,0.5,0.06,0.0,0.0,0.05,0.05,0.75,5.25,1.19,0.0,0.06,0.06,0.0,0.06,0.0,0.05,0.05,0.0,0.05,16.0,62.8,21.9,32.7,7.38,72.5,23.0,35.3,11.9,86.6,95.1,92.7,62.1,1217.3,451.9,62.8,21.9,32.7,7.38,72.5,23.0,35.3,11.9,86.6,95.1,92.7,62.1,62.8,21.9,32.7,7.38,72.5,23.0,35.3,11.9,86.6,95.1,92.7,62.1,62.8,21.9,32.7,7.38,72.5,23.0,35.3,11.9,86.6,95.1,92.7,62.1,0.06,0.05,0.01,0.5,5.19,0.38,0.06,0.0,0.0,0.0,,0.0,0.0,,,,0.0,0.0,0.0,,0.0,0.0,83.3,9.0,37.6,40.8,5.56,0.5,83.3,0.25,57.1,0.06,14.3,48.3,0.06,0.75,0.13,54.6,1.38,0.75,0.81,1.38,0.75,50.0,0.75,1.88,0.88,1.38,2.75,4.19,0.19,1.0,1.0,0.0,0.0,0.06,0.0,0.0,0.0,0.06,0.06,0.0,0.0,0.06,0.0,0.0,0.0,0.0,1.19,1.5,0.13,0.44,1.38,0.81,0.0,0.0,0.0,7.13,1.31,56.8,,,,,,,,,,,,,,,,,,,,,,,,,,,,,Joel Waterman,DF,CF Montréal,29-314,Joel Waterman,,Standard,"[-0.68603763 -0.35476143 -0.86615915 -0.89395019 -0.61746318  0.05470864
 -1.21281652 -0.93520667  1.62355207  0.80208208 -0.70720324 -0.28649978
  1.06588879  1.76422413]",0,-3.1064058987971266,0.42806758395841754
5168046057,2,2025,22,14,1418,15.8,0.06,0.0,0.06,0.06,0.0,0.0,0.06,0.0,0.09,0.09,0.06,0.16,2.03,2.97,2.59,0.06,0.0,0.06,0.06,0.06,0.09,0.06,0.16,0.09,0.16,15.8,25.0,13.2,10.0,1.01,34.8,15.5,13.6,3.04,71.8,85.3,73.5,33.3,379.4,116.4,25.0,13.2,10.0,1.01,34.8,15.5,13.6,3.04,71.8,85.3,73.5,33.3,25.0,13.2,10.0,1.01,34.8,15.5,13.6,3.04,71.8,85.3,73.5,33.3,25.0,13.2,10.0,1.01,34.8,15.5,13.6,3.04,71.8,85.3,73.5,33.3,0.0,0.07,-0.06,0.57,1.77,0.89,0.19,0.06,1.01,0.38,37.5,1.02,0.38,0.06,0.17,20.4,0.0,0.0,0.0,0.1,-0.03,-0.03,46.7,2.66,14.2,22.3,11.1,1.01,46.7,0.57,42.9,0.63,47.6,22.1,0.32,1.71,1.08,26.4,2.09,1.08,1.27,2.09,1.08,54.8,0.89,1.46,1.01,1.27,3.35,1.77,0.06,1.58,1.59,0.0,0.0,0.0,0.0,0.06,0.0,0.0,0.0,0.0,0.0,0.0,0.0,0.06,0.0,0.0,0.95,1.2,0.0,1.84,1.27,1.27,0.0,0.0,0.0,2.97,1.01,59.3,,,,,,,,,,,,,,,,,,,,,,,,,,,,,Akil Watts,"MF,DF",St. Louis,25-303,Akil Watts,,Standard,"[-0.40040802 -0.79755134 -0.33777574 -0.31325388 -0.51377772  0.03020714
 -0.24208921 -0.12239218 -0.88460556 -0.47060266  0.31644835  0.63773637
  0.8482029   0.86877498]",0,-0.9620893297431296,-0.5708924068580952
8537029410,2,2025,24,18,1537,17.1,0.06,0.12,0.18,0.06,0.0,0.0,0.23,0.0,0.06,0.06,0.08,0.15,1.11,4.09,5.44,0.06,0.12,0.18,0.06,0.18,0.07,0.08,0.15,0.07,0.15,17.1,51.1,26.9,19.4,3.27,59.6,28.5,22.0,5.73,85.8,94.5,88.3,57.1,816.4,271.7,51.1,26.9,19.4,3.27,59.6,28.5,22.0,5.73,85.8,94.5,88.3,57.1,51.1,26.9,19.4,3.27,59.6,28.5,22.0,5.73,85.8,94.5,88.3,57.1,51.1,26.9,19.4,3.27,59.6,28.5,22.0,5.73,85.8,94.5,88.3,57.1,0.12,0.1,0.04,0.58,2.87,1.05,0.41,0.06,0.41,0.23,57.1,0.41,0.23,0.14,0.25,14.0,0.0,0.0,0.0,0.19,-0.01,-0.01,69.1,3.22,22.5,30.8,16.3,1.11,69.1,0.41,30.4,0.76,56.5,38.7,0.12,0.88,0.35,46.0,1.93,1.05,0.94,1.93,1.05,56.3,0.82,1.52,1.29,0.64,2.57,1.75,0.18,1.52,1.52,0.06,0.0,0.06,0.0,0.06,0.06,0.29,0.29,0.06,0.0,0.06,0.0,0.06,0.06,0.0,1.35,0.94,0.18,2.81,0.64,0.94,0.0,0.0,0.06,4.85,0.7,36.4,,,,,,,,,,,,,,,,,,,,,,,,,,,,,Marcelo Weigandt,DF,Inter Miami,25-327,Marcelo Weigandt,,Standard,"[-0.40040802  0.08802849 -0.51390354 -0.50681932 -0.3064068   0.1836639
 -0.8187589  -0.44324     0.84721757  0.15457581 -0.41930123  0.4294578
 -0.39854355  0.99669628]",0,-1.5264473715242008,0.2588532871145345
8388538875,1,2025,25,18,1728,19.2,0.05,0.16,0.21,0.05,0.0,0.0,0.26,0.05,0.07,0.07,0.14,0.21,1.25,4.22,5.57,0.05,0.16,0.21,0.05,0.21,0.07,0.14,0.21,0.07,0.21,19.2,32.6,16.7,12.2,2.92,48.3,20.0,17.7,7.45,67.3,83.6,68.8,39.2,533.2,274.6,32.6,16.7,12.2,2.92,48.3,20.0,17.7,7.45,67.3,83.6,68.8,39.2,32.6,16.7,12.2,2.92,48.3,20.0,17.7,7.45,67.3,83.6,68.8,39.2,32.6,16.7,12.2,2.92,48.3,20.0,17.7,7.45,67.3,83.6,68.8,39.2,0.16,0.15,0.02,1.04,3.33,1.51,0.63,0.05,0.63,0.21,33.3,0.62,0.21,0.08,0.25,15.9,0.0,0.0,0.0,0.12,-0.02,-0.02,59.7,3.18,14.2,28.0,18.1,1.56,59.7,0.21,25.0,0.52,62.5,27.2,0.26,2.03,0.52,31.7,1.82,1.15,1.3,1.82,1.15,66.7,0.57,0.94,0.57,0.52,2.34,3.33,0.0,2.5,2.5,0.05,0.0,0.1,0.0,0.05,0.0,0.31,0.31,0.05,0.0,0.1,0.0,0.05,0.0,0.0,0.89,0.99,0.1,2.71,0.52,1.3,0.0,0.0,0.0,3.39,1.88,63.2,,,,,,,,,,,,,,,,,,,,,,,,,,,,,Francis Westfield,DF,Philadelphia Union,19-360,,,,"[-0.44801295  0.38322176 -0.45519428 -0.44229751  0.31570595  0.42996844
 -0.60731335 -0.48601971 -0.3803199   0.22714117 -0.30733934  0.28626628
 -0.63601906 -0.23987635]",0,-0.5237366467813485,0.3194340846342885
9759207198,1,2025,32,32,2880,32.0,0.03,0.13,0.16,0.03,0.0,0.0,0.28,0.0,0.05,0.05,0.11,0.16,0.44,5.72,1.0,0.03,0.12,0.16,0.03,0.16,0.05,0.11,0.16,0.05,0.16,32.0,50.5,19.2,23.8,6.63,61.1,20.7,27.3,11.1,82.6,92.6,87.3,59.7,974.4,315.8,50.5,19.2,23.8,6.63,61.1,20.7,27.3,11.1,82.6,92.6,87.3,59.7,50.5,19.2,23.8,6.63,61.1,20.7,27.3,11.1,82.6,92.6,87.3,59.7,50.5,19.2,23.8,6.63,61.1,20.7,27.3,11.1,82.6,92.6,87.3,59.7,0.13,0.12,0.02,1.19,6.06,1.25,0.06,0.03,0.5,0.09,18.8,0.5,0.09,0.06,0.33,22.9,0.13,0.0,0.0,0.1,-0.02,-0.02,67.9,3.16,17.8,38.0,12.7,0.59,67.9,0.16,41.7,0.22,58.3,37.3,0.06,0.72,0.19,47.9,1.06,0.66,0.69,1.06,0.66,65.6,0.34,0.94,0.41,0.88,1.94,1.56,0.03,2.31,2.31,0.0,0.0,0.03,0.0,0.0,0.0,0.25,0.25,0.0,0.0,0.03,0.0,0.0,0.0,0.0,0.78,0.97,0.0,2.72,0.88,0.69,0.0,0.0,0.0,5.06,0.28,64.3,,,,,,,,,,,,,,,,,,,,,,,,,,,,,Ashley Westwood,MF,Charlotte,35-247,Ashley Westwood,TAM Player,TAM Player,"[-0.54322282  0.16182681 -0.57261281 -0.57134113  0.00464957  1.91553301
 -0.73225845 -0.74269798  0.80740554  1.06443375 -0.95511885 -0.70305691
  0.07640748 -0.23987635]",0,-1.430840687715426,0.507008842741089
8338820593,1,2025,21,18,1671,18.6,0.86,0.05,0.91,0.7,0.16,0.22,0.16,0.0,0.83,0.65,0.1,0.75,0.7,1.18,4.52,0.86,0.05,0.92,0.7,0.75,0.83,0.1,0.93,0.65,0.76,18.6,11.2,5.81,4.3,0.59,15.3,7.31,5.59,0.59,73.3,79.4,76.9,100.0,170.2,21.6,11.2,5.81,4.3,0.59,15.3,7.31,5.59,0.59,73.3,79.4,76.9,100.0,11.2,5.81,4.3,0.59,15.3,7.31,5.59,0.59,73.3,79.4,76.9,100.0,11.2,5.81,4.3,0.59,15.3,7.31,5.59,0.59,73.3,79.4,76.9,100.0,0.05,0.04,-0.05,0.75,0.65,0.27,0.0,0.86,2.69,1.29,48.0,2.69,1.29,0.26,0.54,12.2,0.0,0.16,0.22,0.24,0.03,0.05,25.5,1.94,2.63,11.2,11.7,5.05,25.3,0.27,33.3,0.48,60.0,13.7,0.38,2.26,0.48,18.1,0.16,0.11,0.11,0.16,0.11,20.0,0.43,0.86,0.7,0.27,0.43,1.67,0.0,1.72,1.72,0.11,0.0,0.16,0.0,0.0,0.0,0.11,0.11,0.11,0.0,0.16,0.0,0.0,0.0,0.0,1.13,0.81,0.59,0.05,0.27,0.11,0.05,0.0,0.0,0.75,2.04,47.5,,,,,,,,,,,,,,,,,,,,,,,,,,,,,Brian White,FW,Vancouver W'caps,29-304,Brian White,TAM Player,TAM Player,"[ 3.40798673 -0.42855974  4.00671006  3.29996762 -0.09903589  0.35646394
  1.37258592  1.82408465 -1.80028216 -1.46977181 -0.74718963 -1.87462386
 -1.13075971 -0.4104381 ]",-1,6.0056887964707455,-3.202336155641071
2194747592,2,2025,17,15,1320,14.7,0.07,0.0,0.07,0.07,0.0,0.0,0.07,0.0,0.07,0.07,0.0,0.07,0.54,3.81,0.27,0.07,0.0,0.07,0.07,0.07,0.07,0.0,0.07,0.07,0.07,14.7,50.5,12.4,30.3,7.07,59.0,13.5,32.0,12.1,85.7,92.4,94.7,58.4,1078.6,392.4,50.5,12.4,30.3,7.07,59.0,13.5,32.0,12.1,85.7,92.4,94.7,58.4,50.5,12.4,30.3,7.07,59.0,13.5,32.0,12.1,85.7,92.4,94.7,58.4,50.5,12.4,30.3,7.07,59.0,13.5,32.0,12.1,85.7,92.4,94.7,58.4,0.0,0.05,0.0,0.07,5.17,0.27,0.07,0.07,0.54,0.2,37.5,0.55,0.2,0.13,0.33,8.0,0.0,0.0,0.0,0.13,-0.01,-0.01,70.2,8.71,36.8,30.6,3.13,1.29,70.2,0.0,0.0,0.0,0.0,41.7,0.0,0.41,0.0,48.3,1.36,0.27,0.88,1.36,0.27,57.1,0.2,0.75,0.54,1.09,2.45,6.39,0.14,0.82,0.82,0.0,0.0,0.0,0.0,0.0,0.0,0.2,0.2,0.0,0.0,0.0,0.0,0.0,0.0,0.0,0.88,0.48,0.07,0.2,1.09,0.88,0.0,0.0,0.0,2.72,2.45,60.0,,,,,,,,,,,,,,,,,,,,,,,,,,,,,Derrick Williams,DF,Atlanta Utd,32-321,Derrick Williams,,Standard,"[-0.35280309 -0.79755134 -0.45519428 -0.44229751 -1.13589047 -0.09616901
 -0.6938138  -0.50740957  0.80740554 -0.00171881 -0.87514607 -0.3125346
  0.49198963 -0.64496049]",0,-1.6441590940386441,-0.9776897753238841
536092323,1,2025,7,3,314,3.5,0.0,0.0,0.0,0.0,0.0,0.0,0.0,0.0,0.03,0.03,0.0,0.03,0.0,4.0,1.71,0.0,0.0,0.0,0.0,0.0,0.02,0.01,0.04,0.02,0.04,3.5,36.9,20.6,13.7,1.43,44.9,23.4,16.0,2.29,82.2,87.8,85.7,62.5,520.0,142.9,36.9,20.6,13.7,1.43,44.9,23.4,16.0,2.29,82.2,87.8,85.7,62.5,36.9,20.6,13.7,1.43,44.9,23.4,16.0,2.29,82.2,87.8,85.7,62.5,36.9,20.6,13.7,1.43,44.9,23.4,16.0,2.29,82.2,87.8,85.7,62.5,0.0,0.03,0.0,0.29,3.43,0.29,0.0,0.0,0.29,0.0,0.0,0.29,0.0,0.0,,13.7,0.0,0.0,0.0,0.08,-0.03,-0.03,50.9,2.0,10.3,30.3,10.6,0.86,50.9,0.29,50.0,0.29,50.0,29.4,0.0,0.57,0.29,37.7,0.86,0.57,0.29,0.86,0.57,66.7,0.29,1.14,1.14,0.57,1.43,1.14,0.0,0.29,0.29,0.0,0.0,0.0,0.0,0.0,0.0,0.0,0.0,0.0,0.0,0.0,0.0,0.0,0.0,0.0,0.29,1.14,0.0,1.14,0.57,0.29,0.0,0.0,0.0,4.29,1.14,57.1,,,,,,,,,,,,,,,,,,,,,,,,,,,,,Samuel Williams,MF,Chicago Fire,20-261,,,,"[-0.68603763 -0.79755134 -0.69003135 -0.70038476 -1.13589047 -1.3934589
 -0.93409284 -0.93520667 -0.09500038  0.10433825 -1.30699909 -0.96340512
 -0.53707093  0.186528  ]",0,-1.7942319662845942,-1.5485428342799012
2878963231,2,2025,24,4,681,7.6,0.0,0.13,0.13,0.0,0.0,0.0,0.66,0.0,0.04,0.04,0.07,0.11,0.53,6.32,4.34,0.0,0.13,0.13,0.0,0.13,0.05,0.06,0.11,0.05,0.11,7.6,37.0,16.7,15.4,2.89,44.7,19.1,17.8,4.61,82.6,87.6,86.7,62.9,599.1,165.9,37.0,16.7,15.4,2.89,44.7,19.1,17.8,4.61,82.6,87.6,86.7,62.9,37.0,16.7,15.4,2.89,44.7,19.1,17.8,4.61,82.6,87.6,86.7,62.9,37.0,16.7,15.4,2.89,44.7,19.1,17.8,4.61,82.6,87.6,86.7,62.9,0.13,0.12,0.07,0.92,4.21,1.18,0.0,0.0,0.39,0.0,0.0,0.4,0.0,0.0,,17.2,0.0,0.0,0.0,0.12,-0.04,-0.04,54.2,1.84,9.08,26.7,18.9,3.29,54.2,0.66,23.8,1.58,57.1,31.2,0.13,1.45,1.18,37.2,1.71,0.79,1.18,1.71,0.79,46.2,0.92,0.79,0.53,1.18,2.89,0.53,0.26,2.24,2.26,0.0,0.0,0.13,0.0,0.0,0.0,0.13,0.13,0.0,0.0,0.13,0.0,0.0,0.0,0.0,2.63,1.71,0.13,1.84,1.18,1.18,0.0,0.13,0.0,3.95,0.92,50.0,,,,,,,,,,,,,,,,,,,,,,,,,,,,,Eryk Williamson,"MF,FW",Charlotte,28-176,Eryk Williamson,,Standard,"[-0.68603763  0.16182681 -0.63132208 -0.63586294 -0.41009226 -0.92019311
 -0.83798122 -0.93520667 -0.08836504  1.39935079 -0.88314335  0.14307477
  0.67009626 -0.55967962]",0,-1.7338897976591994,0.4574836817523961
8421445676,1,2025,16,13,1226,13.6,0.07,0.0,0.07,0.07,0.0,0.0,0.29,0.0,0.1,0.1,0.0,0.1,0.44,3.24,0.22,0.07,0.0,0.07,0.07,0.07,0.1,0.0,0.1,0.1,0.1,13.6,44.9,10.4,27.6,6.4,51.5,11.7,29.5,9.34,87.1,88.7,93.5,68.5,952.4,351.6,44.9,10.4,27.6,6.4,51.5,11.7,29.5,9.34,87.1,88.7,93.5,68.5,44.9,10.4,27.6,6.4,51.5,11.7,29.5,9.34,87.1,88.7,93.5,68.5,44.9,10.4,27.6,6.4,51.5,11.7,29.5,9.34,87.1,88.7,93.5,68.5,0.0,0.01,0.0,0.0,2.43,0.0,0.0,0.07,0.51,0.15,28.6,0.51,0.15,0.14,0.5,10.3,0.0,0.0,0.0,0.19,-0.02,-0.02,65.8,10.4,35.9,27.8,2.35,0.96,65.8,0.07,100.0,0.0,0.0,33.5,0.07,0.51,0.0,39.2,1.32,0.59,0.66,1.32,0.59,57.1,0.44,1.47,0.74,2.28,3.6,7.35,0.22,0.81,0.81,0.0,0.0,0.0,0.0,0.07,0.0,0.0,0.0,0.0,0.0,0.0,0.0,0.07,0.0,0.0,1.1,0.51,0.0,0.07,2.28,0.66,0.0,0.0,0.07,3.31,2.13,58.0,,,,,,,,,,,,,,,,,,,,,,,,,,,,,Bruno Wilson,DF,SJ Earthquakes,28-342,Bruno Wilson,TAM Player,TAM Player,"[-0.35280309 -0.79755134 -0.27906647 -0.24873207 -1.13589047 -0.21738695
 -0.72264729 -0.61435885  0.43582663 -0.31988999 -0.95511885 -0.36460424
  2.84695514  0.89009519]",0,-2.3764343685708087,-1.0104513459350701
9170717045,1,2025,6,5,278,3.1,0.0,0.0,0.0,0.0,0.0,0.0,0.0,0.0,0.0,0.0,0.03,0.03,1.29,1.94,1.94,0.0,0.0,0.0,0.0,0.0,0.0,0.05,0.05,0.0,0.05,3.1,43.5,17.1,21.9,3.87,53.2,18.4,25.5,7.74,81.8,93.0,86.1,50.0,818.1,295.2,43.5,17.1,21.9,3.87,53.2,18.4,25.5,7.74,81.8,93.0,86.1,50.0,43.5,17.1,21.9,3.87,53.2,18.4,25.5,7.74,81.8,93.0,86.1,50.0,43.5,17.1,21.9,3.87,53.2,18.4,25.5,7.74,81.8,93.0,86.1,50.0,0.0,0.0,-0.03,0.32,7.1,0.0,0.0,0.0,0.0,0.0,,0.0,0.0,,,,0.0,0.0,0.0,,0.0,0.0,62.6,3.55,28.1,27.7,7.1,0.0,62.6,0.32,25.0,0.97,75.0,33.2,0.0,0.97,0.65,42.9,1.29,0.65,0.97,1.29,0.65,50.0,0.65,0.65,0.65,0.65,1.94,4.19,0.32,1.29,1.29,0.0,0.0,0.0,0.0,0.0,0.0,0.0,0.0,0.0,0.0,0.0,0.0,0.0,0.0,0.0,1.61,0.0,0.32,1.29,0.65,0.97,0.0,0.32,0.0,3.23,1.29,50.0,,,,,,,,,,,,,,,,,,,,,,,,,,,,,Henry Wingo,DF,Toronto FC,30-061,Henry Wingo,,Standard,"[-0.68603763 -0.79755134 -0.86615915 -0.89395019 -0.8248341  -1.43988279
 -1.21281652 -0.93520667  0.3429319  -1.04554356 -0.27535023 -0.40365647
 -0.37875392 -0.85816267]",0,-1.710276636428968,-1.4362937232441135
8463114067,1,2025,33,32,2630,29.2,0.38,0.17,0.55,0.38,0.0,0.0,0.07,0.0,0.23,0.23,0.12,0.35,3.12,3.94,10.5,0.38,0.17,0.55,0.38,0.55,0.22,0.12,0.35,0.22,0.35,29.2,29.5,19.1,7.77,0.92,39.5,22.9,10.2,2.19,74.8,83.4,75.9,42.2,387.8,99.2,29.5,19.1,7.77,0.92,39.5,22.9,10.2,2.19,74.8,83.4,75.9,42.2,29.5,19.1,7.77,0.92,39.5,22.9,10.2,2.19,74.8,83.4,75.9,42.2,29.5,19.1,7.77,0.92,39.5,22.9,10.2,2.19,74.8,83.4,75.9,42.2,0.17,0.12,0.05,1.2,1.2,1.88,0.34,0.38,2.09,0.68,32.8,2.09,0.68,0.18,0.55,15.6,0.07,0.0,0.0,0.11,0.15,0.15,52.0,0.99,6.16,18.7,27.6,5.07,52.0,1.1,35.6,1.95,63.3,31.2,1.82,1.99,1.4,36.1,1.92,0.99,1.27,1.92,0.99,46.0,1.16,1.13,1.06,0.72,2.64,0.92,0.0,2.64,2.64,0.1,0.0,0.07,0.0,0.03,0.0,0.38,0.38,0.1,0.0,0.07,0.0,0.03,0.0,0.0,1.2,0.86,0.24,1.85,0.72,1.27,0.0,0.0,0.0,4.76,0.24,31.8,,,,,,,,,,,,,,,,,,,,,,,,,,,,,Hannes Wolf,"FW,MF",NYCFC,26-232,Hannes Wolf,TAM Player,TAM Player,"[ 1.12294988  0.45702008  0.48415401  0.59005149  0.10833503  1.59314486
  0.79591623  0.51930348 -0.58601537  0.07084655  1.18815165  0.41644039
 -0.24022654  0.16520779]",0,1.6963347882526745,0.6246890900365908
2580531204,3,2025,34,31,2585,28.7,0.24,0.24,0.49,0.24,0.0,0.0,0.17,0.0,0.13,0.13,0.21,0.33,2.44,4.36,5.33,0.24,0.24,0.49,0.24,0.49,0.12,0.21,0.33,0.12,0.33,28.7,33.7,17.6,12.0,2.93,42.1,19.0,14.1,5.82,80.1,92.6,85.4,50.3,547.9,162.5,33.7,17.6,12.0,2.93,42.1,19.0,14.1,5.82,80.1,92.6,85.4,50.3,33.7,17.6,12.0,2.93,42.1,19.0,14.1,5.82,80.1,92.6,85.4,50.3,33.7,17.6,12.0,2.93,42.1,19.0,14.1,5.82,80.1,92.6,85.4,50.3,0.24,0.2,0.03,2.23,2.86,1.46,0.42,0.24,1.05,0.31,30.0,1.04,0.31,0.23,0.78,18.2,0.03,0.0,0.0,0.12,0.12,0.12,52.4,1.25,6.86,22.1,24.2,1.78,52.4,1.29,47.4,1.32,48.7,28.6,0.38,2.13,1.43,35.3,1.67,0.7,0.94,1.67,0.7,54.1,0.59,1.22,1.15,1.01,2.68,0.94,0.03,3.76,3.76,0.1,0.0,0.21,0.0,0.07,0.0,0.49,0.49,0.1,0.0,0.21,0.0,0.07,0.0,0.0,1.57,1.25,0.07,5.19,1.01,0.94,0.0,0.0,0.0,4.49,0.28,25.8,,,,,,,,,,,,,,,,,,,,,,,,,,,,,Owen Wolff,"MF,FW",Austin,20-339,Owen Wolff,Homegrown Player,Homegrown,"[ 0.4564808   0.97360831 -0.10293867 -0.05516663  1.04150416  1.535115
 -0.20364457 -0.27212116 -0.30733119  0.30528847  0.64433674  0.09100513
  0.33367262  0.35708975]",0,0.3778377954085997,1.3413247542321438
4866206681,2,2025,13,2,363,4.0,0.0,0.0,0.0,0.0,0.0,0.0,0.25,0.0,0.07,0.07,0.13,0.2,2.5,1.75,6.5,0.0,0.0,0.0,0.0,0.0,0.07,0.13,0.21,0.07,0.21,4.0,20.8,12.0,6.25,2.0,29.5,14.5,8.75,3.0,70.3,82.8,71.4,66.7,335.8,90.5,20.8,12.0,6.25,2.0,29.5,14.5,8.75,3.0,70.3,82.8,71.4,66.7,20.8,12.0,6.25,2.0,29.5,14.5,8.75,3.0,70.3,82.8,71.4,66.7,20.8,12.0,6.25,2.0,29.5,14.5,8.75,3.0,70.3,82.8,71.4,66.7,0.0,0.07,-0.13,1.5,1.5,0.5,0.25,0.0,1.0,0.25,25.0,0.99,0.25,0.0,0.0,10.5,0.0,0.0,0.0,0.07,-0.07,-0.07,42.5,2.0,9.25,15.0,19.8,3.5,42.5,1.5,60.0,0.75,30.0,26.0,1.0,3.25,1.25,27.5,3.0,1.0,1.5,3.0,1.0,100.0,0.0,1.5,1.25,1.0,4.0,2.0,0.0,2.75,2.73,0.25,0.0,0.75,0.0,0.0,0.0,0.0,0.0,0.25,0.0,0.75,0.0,0.0,0.0,0.0,1.0,1.5,0.25,2.5,1.0,1.5,0.0,0.0,0.0,4.5,0.75,37.5,,,,,,,,,,,,,,,,,,,,,,,,,,,,,Tyler Wolff,"FW,MF",Real Salt Lake,22-294,Tyler Wolff,Homegrown Player,Homegrown,"[-0.68603763 -0.79755134 -0.45519428 -0.44229751  0.21202049 -1.33027083
 -0.25170037 -0.40046029 -1.16328974 -1.15160063  0.69232041  1.82232072
  0.31388299  0.95405585]",0,-0.9673176722826853,-0.3098870068552048
9179410966,1,2025,18,11,958,10.6,0.19,0.0,0.19,0.19,0.0,0.0,0.28,0.0,0.12,0.12,0.05,0.17,1.89,3.68,4.25,0.19,0.0,0.19,0.19,0.19,0.12,0.05,0.17,0.12,0.17,10.6,32.3,17.7,12.0,1.23,39.3,19.9,14.2,1.98,82.0,89.1,84.7,61.9,477.5,111.7,32.3,17.7,12.0,1.23,39.3,19.9,14.2,1.98,82.0,89.1,84.7,61.9,32.3,17.7,12.0,1.23,39.3,19.9,14.2,1.98,82.0,89.1,84.7,61.9,32.3,17.7,12.0,1.23,39.3,19.9,14.2,1.98,82.0,89.1,84.7,61.9,0.0,0.08,-0.05,0.85,2.45,0.66,0.09,0.19,0.94,0.47,50.0,0.94,0.47,0.2,0.4,20.5,0.0,0.0,0.0,0.13,0.07,0.07,49.7,1.42,10.6,26.1,13.5,1.6,49.7,0.75,42.1,0.85,47.4,30.6,0.57,1.98,1.23,38.5,1.51,0.75,0.85,1.51,0.75,42.1,1.04,1.32,1.04,0.66,2.17,0.94,0.0,1.89,1.88,0.0,0.0,0.0,0.0,0.09,0.0,0.28,0.28,0.0,0.0,0.0,0.0,0.09,0.0,0.0,1.23,1.51,0.0,0.57,0.66,0.85,0.0,0.0,0.0,3.21,0.94,33.3,,,,,,,,,,,,,,,,,,,,,,,,,,,,,Elijah Wynder,MF,LA Galaxy,22-269,Elijah Wynder,,Standard,"[ 0.21845613 -0.79755134 -0.16164794 -0.11968844 -0.61746318 -0.56298704
 -0.30936734  0.07011652 -0.40022591 -0.07428416  0.20448645 -0.11727344
 -0.35896429  0.57029193]",0,-0.2696422217260486,-0.760031716164676
2626050726,1,2025,31,24,2216,24.6,0.04,0.16,0.2,0.04,0.0,0.0,0.16,0.0,0.04,0.04,0.15,0.2,1.95,4.43,6.18,0.04,0.16,0.2,0.04,0.2,0.05,0.15,0.19,0.05,0.19,24.6,52.0,28.2,20.0,2.24,62.1,30.4,24.2,4.11,83.8,92.8,82.7,54.5,789.2,264.4,52.0,28.2,20.0,2.24,62.1,30.4,24.2,4.11,83.8,92.8,82.7,54.5,52.0,28.2,20.0,2.24,62.1,30.4,24.2,4.11,83.8,92.8,82.7,54.5,52.0,28.2,20.0,2.24,62.1,30.4,24.2,4.11,83.8,92.8,82.7,54.5,0.16,0.17,0.02,1.02,3.5,1.26,0.41,0.04,0.45,0.12,27.3,0.45,0.12,0.09,0.33,20.2,0.0,0.0,0.0,0.1,-0.0,-0.0,73.7,3.78,20.4,33.7,20.4,1.99,73.7,0.45,36.7,0.77,63.3,37.2,0.24,1.1,0.37,49.1,2.24,1.3,1.46,2.24,1.3,50.8,1.26,1.67,1.3,1.46,3.7,3.21,0.08,2.15,2.15,0.0,0.0,0.04,0.0,0.04,0.0,0.24,0.24,0.0,0.0,0.04,0.0,0.04,0.0,0.0,0.69,0.41,0.08,1.91,1.46,1.46,0.0,0.04,0.04,3.5,0.53,41.9,,,,,,,,,,,,,,,,,,,,,,,,,,,,,Miki Yamane,DF,LA Galaxy,31-347,Miki Yamane,TAM Player,TAM Player,"[-0.49561789  0.38322176 -0.63132208 -0.63586294  0.41939141  1.0592701
 -0.78031426 -0.67852841  0.9069356   0.34436213  0.25247012  0.83299752
  1.2242058   1.31649955]",0,-1.9521732445755002,1.4356043150006377
7109820726,3,2025,29,17,1430,15.9,0.5,0.13,0.63,0.5,0.0,0.0,0.31,0.0,0.32,0.32,0.08,0.4,1.26,1.51,5.6,0.5,0.13,0.63,0.5,0.63,0.32,0.08,0.4,0.32,0.4,15.9,13.3,9.31,3.08,0.13,20.1,12.1,4.72,0.44,66.5,77.1,65.3,28.6,158.8,36.2,13.3,9.31,3.08,0.13,20.1,12.1,4.72,0.44,66.5,77.1,65.3,28.6,13.3,9.31,3.08,0.13,20.1,12.1,4.72,0.44,66.5,77.1,65.3,28.6,13.3,9.31,3.08,0.13,20.1,12.1,4.72,0.44,66.5,77.1,65.3,28.6,0.13,0.05,0.04,1.01,1.19,0.44,0.0,0.5,1.82,0.94,51.7,1.83,0.94,0.28,0.53,12.6,0.0,0.0,0.0,0.18,0.18,0.18,31.6,1.13,3.27,12.1,16.5,4.53,31.6,0.88,34.1,1.51,58.5,16.5,0.57,2.33,2.01,22.6,1.07,0.5,0.82,1.07,0.5,40.0,0.75,0.69,0.63,0.13,1.19,1.07,0.0,2.2,2.2,0.06,0.0,0.25,0.13,0.06,0.0,0.31,0.31,0.06,0.0,0.25,0.13,0.06,0.0,0.0,1.26,1.64,0.69,0.06,0.13,0.82,0.13,0.0,0.0,1.89,3.71,48.0,,,,,,,,,,,,,,,,,,,,,,,,,,,,,Darren Yapi,"FW,MF",Colorado Rapids,21-015,Darren Yapi,Homegrown Player,Homegrown,"[ 1.69420909  0.16182681  1.01253741  1.17074781 -0.3064068   0.04568177
  0.53641487  1.07543971 -1.66094007 -1.28556744 -0.29934206 -0.6900395
 -1.40781448 -0.7728818 ]",0,3.0510285179469703,-1.9331631827395512
5905140517,1,2025,18,14,1267,14.1,0.07,0.0,0.07,0.07,0.0,0.0,0.07,0.0,0.03,0.03,0.0,0.03,0.43,2.34,0.07,0.07,0.0,0.07,0.07,0.07,0.03,0.0,0.03,0.03,0.03,14.1,39.4,14.5,21.7,2.62,44.8,15.7,23.1,4.4,88.0,92.3,93.9,59.7,706.0,243.6,39.4,14.5,21.7,2.62,44.8,15.7,23.1,4.4,88.0,92.3,93.9,59.7,39.4,14.5,21.7,2.62,44.8,15.7,23.1,4.4,88.0,92.3,93.9,59.7,39.4,14.5,21.7,2.62,44.8,15.7,23.1,4.4,88.0,92.3,93.9,59.7,0.0,0.01,0.0,0.07,1.91,0.07,0.07,0.07,0.21,0.07,33.3,0.21,0.07,0.33,1.0,11.0,0.0,0.0,0.0,0.13,0.04,0.04,56.8,7.59,34.0,21.1,1.91,0.21,56.8,0.14,40.0,0.21,60.0,30.8,0.0,0.78,0.14,35.7,0.99,0.71,0.57,0.99,0.71,83.3,0.14,1.56,0.78,1.21,2.2,5.6,0.21,0.78,0.78,0.0,0.0,0.07,0.0,0.0,0.0,0.0,0.0,0.0,0.0,0.07,0.0,0.0,0.0,0.0,0.35,0.28,0.0,0.14,1.21,0.57,0.0,0.07,0.07,4.11,0.99,35.9,,,,,,,,,,,,,,,,,,,,,,,,,,,,,Joshua Yaro,DF,St. Louis,31-016,,,,"[-0.35280309 -0.79755134 -0.69003135 -0.70038476 -1.13589047 -0.1645153
 -1.01098213 -0.78547769  0.07088306 -0.82226554 -0.96311613 -0.79417879
  0.72946514  1.08197715]",0,-2.117500618571478,-1.6309879614426037
8223066057,1,2025,32,24,2103,23.4,0.04,0.0,0.04,0.04,0.0,0.0,0.26,0.0,0.05,0.05,0.03,0.08,1.07,3.59,1.62,0.04,0.0,0.04,0.04,0.04,0.05,0.03,0.08,0.05,0.08,23.4,47.9,21.6,21.5,4.19,54.0,23.3,23.2,5.9,88.8,92.7,92.4,71.0,822.2,208.5,47.9,21.6,21.5,4.19,54.0,23.3,23.2,5.9,88.8,92.7,92.4,71.0,47.9,21.6,21.5,4.19,54.0,23.3,23.2,5.9,88.8,92.7,92.4,71.0,47.9,21.6,21.5,4.19,54.0,23.3,23.2,5.9,88.8,92.7,92.4,71.0,0.0,0.04,-0.03,0.64,3.8,0.43,0.09,0.04,0.47,0.13,27.3,0.47,0.13,0.09,0.33,21.0,0.0,0.0,0.0,0.1,-0.0,-0.0,62.6,2.14,15.8,36.6,10.6,0.81,62.6,0.77,62.1,0.47,37.9,35.6,0.3,0.77,0.51,46.8,1.75,0.94,0.94,1.75,0.94,42.3,1.28,1.45,0.85,0.9,2.65,1.07,0.04,1.58,1.58,0.04,0.0,0.0,0.0,0.04,0.0,0.26,0.26,0.04,0.0,0.0,0.0,0.04,0.0,0.0,1.67,0.38,0.04,0.56,0.9,0.94,0.0,0.04,0.0,3.68,0.34,50.0,,,,,,,,,,,,,,,,,,,,,,,,,,,,,Patrick Yazbek,MF,Nashville SC,23-243,Patrick Yazbek,U22 Initiative,U22 Initiative,"[-0.49561789 -0.79755134 -0.57261281 -0.57134113 -0.8248341   0.91355066
 -0.76109193 -0.65713856  0.63488676 -0.12452172 -0.45129034  0.19514441
  0.11598673  0.84745476]",0,-1.9504928909350545,-0.5438176883916008
2522875807,1,2025,30,23,2042,22.7,0.4,0.0,0.4,0.26,0.13,0.13,0.13,0.0,0.44,0.34,0.04,0.38,1.72,1.23,5.42,0.4,0.0,0.4,0.26,0.26,0.45,0.04,0.49,0.34,0.38,22.7,10.6,6.7,2.82,0.4,16.0,8.9,4.19,0.53,66.4,75.2,67.4,75.0,138.6,27.3,10.6,6.7,2.82,0.4,16.0,8.9,4.19,0.53,66.4,75.2,67.4,75.0,10.6,6.7,2.82,0.4,16.0,8.9,4.19,0.53,66.4,75.2,67.4,75.0,10.6,6.7,2.82,0.4,16.0,8.9,4.19,0.53,66.4,75.2,67.4,75.0,0.0,0.07,-0.04,0.62,0.48,0.53,0.0,0.4,2.6,1.28,49.2,2.6,1.28,0.1,0.21,15.5,0.13,0.13,0.13,0.13,-0.05,-0.08,27.0,0.53,2.56,10.4,14.3,4.1,26.9,1.06,44.4,1.19,50.0,15.7,1.06,2.78,1.67,20.2,0.53,0.09,0.48,0.53,0.09,22.2,0.31,0.79,0.62,0.09,0.62,0.35,0.0,1.81,1.81,0.22,0.0,0.13,0.09,0.0,0.0,0.22,0.22,0.22,0.0,0.13,0.09,0.0,0.0,0.0,1.94,1.37,0.35,0.4,0.09,0.48,0.04,0.0,0.0,2.07,2.64,46.2,,,,,,,,,,,,,,,,,,,,,,,,,,,,,Kelvin Yeboah,FW,Minnesota Utd,25-212,Kelvin Yeboah,Designated Player,Designated Player,"[ 1.21815975 -0.79755134  1.71704862  1.29979143 -0.72114864  0.83488795
  1.28608547  1.80269479 -1.84009418 -1.44186206  0.06853273 -1.39297967
 -1.48697298 -0.55967962]",0,3.6757604984048577,-2.7025712428759854
1076649562,2,2025,17,4,462,5.1,0.2,0.0,0.2,0.2,0.0,0.0,0.2,0.0,0.06,0.06,0.16,0.22,0.78,3.33,5.49,0.19,0.0,0.19,0.19,0.19,0.05,0.16,0.21,0.05,0.21,5.1,39.2,22.7,14.7,1.37,45.7,24.3,17.3,1.96,85.8,93.5,85.2,70.0,606.3,134.3,39.2,22.7,14.7,1.37,45.7,24.3,17.3,1.96,85.8,93.5,85.2,70.0,39.2,22.7,14.7,1.37,45.7,24.3,17.3,1.96,85.8,93.5,85.2,70.0,39.2,22.7,14.7,1.37,45.7,24.3,17.3,1.96,85.8,93.5,85.2,70.0,0.0,0.04,-0.16,0.98,3.53,0.39,0.0,0.2,1.37,0.2,14.3,1.36,0.19,0.14,1.0,25.7,0.0,0.0,0.0,0.04,0.14,0.14,61.2,1.96,10.2,33.1,18.6,1.18,61.2,2.16,55.0,1.18,30.0,37.8,0.2,3.33,1.37,43.5,2.16,0.59,1.18,2.16,0.59,42.9,0.78,1.96,1.96,0.98,3.14,0.98,0.0,1.96,1.95,0.2,0.0,0.0,0.0,0.0,0.0,0.2,0.19,0.2,0.0,0.0,0.0,0.0,0.0,0.0,0.39,2.35,0.0,0.59,0.98,1.18,0.0,0.0,0.0,5.88,0.39,33.3,,,,,,,,,,,,,,,,,,,,,,,,,,,,,Yaw Yeboah,"MF,FW",LAFC,28-251,Yaw Yeboah,,Standard,"[ 0.26606106 -0.79755134 -0.51390354 -0.50681932  0.52307686 -1.20260512
  0.1039126  -0.50740957  0.05761239 -0.26965243 -0.6832114   0.72885824
  0.27430374  1.93478587]",0,-1.206118015334309,-0.10873065719484755
1981957367,2,2025,27,22,1971,21.9,0.0,0.18,0.18,0.0,0.0,0.0,0.23,0.0,0.02,0.02,0.11,0.12,1.32,2.69,5.16,0.0,0.18,0.18,0.0,0.18,0.02,0.1,0.13,0.02,0.13,21.9,36.6,16.8,16.5,2.37,45.6,19.0,19.8,4.75,80.3,88.5,83.4,50.0,607.0,202.6,36.6,16.8,16.5,2.37,45.6,19.0,19.8,4.75,80.3,88.5,83.4,50.0,36.6,16.8,16.5,2.37,45.6,19.0,19.8,4.75,80.3,88.5,83.4,50.0,36.6,16.8,16.5,2.37,45.6,19.0,19.8,4.75,80.3,88.5,83.4,50.0,0.18,0.09,0.08,1.1,2.05,0.64,0.18,0.0,0.27,0.09,33.3,0.27,0.09,0.0,0.0,15.6,0.0,0.0,0.0,0.08,-0.02,-0.02,55.5,3.2,17.2,23.6,15.0,1.6,55.5,0.37,42.1,0.41,47.4,25.1,0.27,0.91,0.23,32.4,1.87,0.91,1.19,1.87,0.91,60.6,0.59,1.28,1.14,0.59,2.47,2.6,0.14,2.15,2.15,0.05,0.0,0.09,0.0,0.05,0.0,0.18,0.18,0.05,0.0,0.09,0.0,0.05,0.0,0.0,1.0,0.68,0.23,1.55,0.59,1.19,0.0,0.0,0.0,3.24,0.96,51.2,,,,,,,,,,,,,,,,,,,,,,,,,,,,,DeAndre Yedlin,DF,Real Salt Lake,32-148,DeAndre Yedlin,TAM Player,TAM Player,"[-0.68603763  0.5308184  -0.74874061 -0.76490657  0.00464957  0.74332972
 -0.95331516 -0.74269798 -0.11490639 -0.62689727 -0.25135839  0.35135333
 -0.49749168  0.48501105]",0,-1.2826470603585365,-6.720794796386478e-05
1981957367,3,2025,27,22,1971,21.9,0.0,0.18,0.18,0.0,0.0,0.0,0.23,0.0,0.02,0.02,0.11,0.12,1.32,2.69,5.16,0.0,0.18,0.18,0.0,0.18,0.02,0.1,0.13,0.02,0.13,21.9,36.6,16.8,16.5,2.37,45.6,19.0,19.8,4.75,80.3,88.5,83.4,50.0,607.0,202.6,36.6,16.8,16.5,2.37,45.6,19.0,19.8,4.75,80.3,88.5,83.4,50.0,36.6,16.8,16.5,2.37,45.6,19.0,19.8,4.75,80.3,88.5,83.4,50.0,36.6,16.8,16.5,2.37,45.6,19.0,19.8,4.75,80.3,88.5,83.4,50.0,0.18,0.09,0.08,1.1,2.05,0.64,0.18,0.0,0.27,0.09,33.3,0.27,0.09,0.0,0.0,15.6,0.0,0.0,0.0,0.08,-0.02,-0.02,55.5,3.2,17.2,23.6,15.0,1.6,55.5,0.37,42.1,0.41,47.4,25.1,0.27,0.91,0.23,32.4,1.87,0.91,1.19,1.87,0.91,60.6,0.59,1.28,1.14,0.59,2.47,2.6,0.14,2.15,2.15,0.05,0.0,0.09,0.0,0.05,0.0,0.18,0.18,0.05,0.0,0.09,0.0,0.05,0.0,0.0,1.0,0.68,0.23,1.55,0.59,1.19,0.0,0.0,0.0,3.24,0.96,51.2,,,,,,,,,,,,,,,,,,,,,,,,,,,,,DeAndre Yedlin,DF,Real Salt Lake,32-148,DeAndre Yedlin,TAM Player,TAM Player,"[-0.68603763  0.5308184  -0.74874061 -0.76490657  0.00464957  0.74332972
 -0.95331516 -0.74269798 -0.11490639 -0.62689727 -0.25135839  0.35135333
 -0.49749168  0.48501105]",0,-1.2826470603585365,-6.720794796386478e-05
1981957367,2,2025,7,7,630,7.0,0.14,0.0,0.14,0.14,0.0,0.0,0.43,0.0,0.03,0.03,0.03,0.06,1.0,6.43,5.43,0.14,0.0,0.14,0.14,0.14,0.02,0.03,0.05,0.02,0.05,7.0,57.0,25.9,25.9,3.57,67.1,27.6,29.0,6.86,84.9,93.8,89.2,52.1,939.9,344.3,57.0,25.9,25.9,3.57,67.1,27.6,29.0,6.86,84.9,93.8,89.2,52.1,57.0,25.9,25.9,3.57,67.1,27.6,29.0,6.86,84.9,93.8,89.2,52.1,57.0,25.9,25.9,3.57,67.1,27.6,29.0,6.86,84.9,93.8,89.2,52.1,0.0,0.07,-0.03,0.71,6.43,1.0,0.29,0.14,0.43,0.14,33.3,0.43,0.14,0.33,1.0,25.3,0.0,0.0,0.0,0.05,0.11,0.11,77.9,4.86,21.4,36.9,19.9,0.71,77.9,0.43,75.0,0.14,25.0,44.1,0.14,0.71,0.43,51.4,1.43,0.86,0.86,1.43,0.86,66.7,0.43,1.71,1.43,1.14,2.57,2.86,0.14,3.14,3.14,0.0,0.0,0.0,0.0,0.0,0.0,0.0,0.0,0.0,0.0,0.0,0.0,0.0,0.0,0.0,1.0,0.43,0.0,1.86,1.14,0.86,0.0,0.0,0.0,3.43,0.86,37.5,,,,,,,,,,,,,,,,,,,,,,,,,,,,,DeAndre Yedlin,DF,Real Salt Lake,32-148,DeAndre Yedlin,TAM Player,TAM Player,"[-0.01956855 -0.79755134 -0.69003135 -0.70038476 -0.8248341  -0.98596029
 -0.79953658 -0.6357487   1.23870249  1.46075224 -0.50727129 -0.22141273
  0.59093776  1.40178042]",0,-2.3495043246213663,0.3388137471200138
1981957367,3,2025,7,7,630,7.0,0.14,0.0,0.14,0.14,0.0,0.0,0.43,0.0,0.03,0.03,0.03,0.06,1.0,6.43,5.43,0.14,0.0,0.14,0.14,0.14,0.02,0.03,0.05,0.02,0.05,7.0,57.0,25.9,25.9,3.57,67.1,27.6,29.0,6.86,84.9,93.8,89.2,52.1,939.9,344.3,57.0,25.9,25.9,3.57,67.1,27.6,29.0,6.86,84.9,93.8,89.2,52.1,57.0,25.9,25.9,3.57,67.1,27.6,29.0,6.86,84.9,93.8,89.2,52.1,57.0,25.9,25.9,3.57,67.1,27.6,29.0,6.86,84.9,93.8,89.2,52.1,0.0,0.07,-0.03,0.71,6.43,1.0,0.29,0.14,0.43,0.14,33.3,0.43,0.14,0.33,1.0,25.3,0.0,0.0,0.0,0.05,0.11,0.11,77.9,4.86,21.4,36.9,19.9,0.71,77.9,0.43,75.0,0.14,25.0,44.1,0.14,0.71,0.43,51.4,1.43,0.86,0.86,1.43,0.86,66.7,0.43,1.71,1.43,1.14,2.57,2.86,0.14,3.14,3.14,0.0,0.0,0.0,0.0,0.0,0.0,0.0,0.0,0.0,0.0,0.0,0.0,0.0,0.0,0.0,1.0,0.43,0.0,1.86,1.14,0.86,0.0,0.0,0.0,3.43,0.86,37.5,,,,,,,,,,,,,,,,,,,,,,,,,,,,,DeAndre Yedlin,DF,Real Salt Lake,32-148,DeAndre Yedlin,TAM Player,TAM Player,"[-0.01956855 -0.79755134 -0.69003135 -0.70038476 -0.8248341  -0.98596029
 -0.79953658 -0.6357487   1.23870249  1.46075224 -0.50727129 -0.22141273
  0.59093776  1.40178042]",0,-2.3495043246213663,0.3388137471200138
6029268918,1,2025,28,26,2345,26.1,0.08,0.0,0.08,0.08,0.0,0.0,0.11,0.0,0.11,0.11,0.04,0.15,0.23,3.3,0.31,0.08,0.0,0.08,0.08,0.08,0.11,0.04,0.15,0.11,0.15,26.1,71.5,29.8,34.9,5.82,77.1,30.7,36.8,8.24,92.7,97.3,94.8,70.7,1288.4,505.1,71.5,29.8,34.9,5.82,77.1,30.7,36.8,8.24,92.7,97.3,94.8,70.7,71.5,29.8,34.9,5.82,77.1,30.7,36.8,8.24,92.7,97.3,94.8,70.7,71.5,29.8,34.9,5.82,77.1,30.7,36.8,8.24,92.7,97.3,94.8,70.7,0.0,0.03,-0.04,0.31,4.56,0.19,0.0,0.08,0.77,0.19,25.0,0.77,0.19,0.1,0.4,10.9,0.0,0.0,0.0,0.15,-0.03,-0.03,88.2,12.2,43.0,42.3,3.18,1.23,88.2,0.19,71.4,0.08,28.6,52.9,0.04,0.38,0.0,66.7,0.88,0.23,0.54,0.88,0.23,40.0,0.34,1.88,0.57,1.11,1.99,5.13,0.08,1.15,1.15,0.0,0.0,0.04,0.04,0.04,0.0,0.15,0.15,0.0,0.0,0.04,0.04,0.04,0.0,0.0,0.61,0.5,0.15,0.0,1.11,0.54,0.04,0.04,0.04,3.56,2.45,65.3,,,,,,,,,,,,,,,,,,,,,,,,,,,,,Maya Yoshida,DF,LA Galaxy,37-102,Maya Yoshida,,Standard,"[-0.30519815 -0.79755134 -0.22035721 -0.18421026 -0.72114864  1.22562238
 -0.47275709 -0.52879942  2.20082645 -0.28639829 -1.12306169 -0.9373703
  0.53156888  1.76422413]",0,-2.0912939460854614,-0.6946290129434689
3497957628,2,2025,14,8,726,8.1,0.0,0.0,0.0,0.0,0.0,0.0,0.12,0.0,0.01,0.01,0.02,0.04,0.25,1.98,1.98,0.0,0.0,0.0,0.0,0.0,0.01,0.03,0.04,0.01,0.04,8.1,49.1,24.1,20.6,3.09,56.5,26.3,22.3,4.81,86.9,91.5,92.3,64.1,793.7,199.6,49.1,24.1,20.6,3.09,56.5,26.3,22.3,4.81,86.9,91.5,92.3,64.1,49.1,24.1,20.6,3.09,56.5,26.3,22.3,4.81,86.9,91.5,92.3,64.1,49.1,24.1,20.6,3.09,56.5,26.3,22.3,4.81,86.9,91.5,92.3,64.1,0.0,0.02,-0.02,0.86,2.84,0.12,0.0,0.0,0.37,0.0,0.0,0.37,0.0,0.0,,27.7,0.0,0.0,0.0,0.02,-0.01,-0.01,63.8,2.35,15.1,39.0,10.4,0.86,63.8,0.37,75.0,0.12,25.0,38.5,0.0,1.23,0.62,44.9,1.23,0.49,0.49,1.23,0.49,40.0,0.74,0.74,0.62,1.23,2.47,1.11,0.0,1.73,1.74,0.0,0.0,0.0,0.0,0.12,0.0,0.0,0.0,0.0,0.0,0.0,0.0,0.12,0.0,0.0,0.49,1.11,0.12,1.73,1.23,0.49,0.0,0.0,0.0,4.44,0.25,25.0,,,,,,,,,,,,,,,,,,,,,,,,,,,,,Jackson Yueill,MF,NE Revolution,28-260,Jackson Yueill,TAM Player,TAM Player,"[-0.68603763 -0.79755134 -0.80744988 -0.82942838 -0.92851955 -0.86216324
 -0.85720355 -0.93520667  0.71451081 -1.02321576 -1.10706714 -0.48176094
  0.76904439 -0.66628071]",0,-2.161871690823617,-1.52471262480679
7859294807,1,2025,34,32,2934,32.6,0.06,0.03,0.09,0.06,0.0,0.0,0.15,0.0,0.06,0.06,0.07,0.13,1.99,6.35,2.33,0.06,0.03,0.09,0.06,0.09,0.07,0.07,0.14,0.07,0.14,32.6,49.9,24.2,20.1,3.65,56.9,26.7,21.8,4.69,87.7,90.6,92.1,77.8,805.1,199.8,49.9,24.2,20.1,3.65,56.9,26.7,21.8,4.69,87.7,90.6,92.1,77.8,49.9,24.2,20.1,3.65,56.9,26.7,21.8,4.69,87.7,90.6,92.1,77.8,49.9,24.2,20.1,3.65,56.9,26.7,21.8,4.69,87.7,90.6,92.1,77.8,0.03,0.06,-0.04,1.01,4.82,0.74,0.03,0.06,0.77,0.18,24.0,0.77,0.18,0.08,0.33,20.9,0.0,0.0,0.0,0.08,-0.0,-0.0,66.7,1.99,15.2,38.9,13.6,1.38,66.7,0.95,57.4,0.67,40.7,38.4,0.31,1.2,1.04,45.5,2.27,0.89,1.35,2.27,0.89,41.4,1.26,1.07,1.01,1.35,3.62,1.04,0.06,2.45,2.45,0.03,0.0,0.06,0.0,0.0,0.0,0.15,0.15,0.03,0.0,0.06,0.0,0.0,0.0,0.0,1.63,1.26,0.06,0.46,1.35,1.35,0.0,0.0,0.0,6.38,0.83,46.6,,,,,,,,,,,,,,,,,,,,,,,,,,,,,Alhassan Yusuf,MF,NE Revolution,25-139,Alhassan Yusuf,TAM Player,TAM Player,"[-0.40040802 -0.57615638 -0.51390354 -0.50681932 -0.41009226  1.98516885
 -0.47275709 -0.55018928  0.76759351  1.41609664  0.28445923  0.87204975
  1.00651991  0.03728648]",0,-1.7913348697921894,1.1608029388002887
9013567624,1,2025,31,31,2737,30.4,0.33,0.16,0.49,0.26,0.07,0.1,0.36,0.03,0.26,0.18,0.17,0.35,3.36,4.87,8.91,0.33,0.16,0.49,0.26,0.43,0.26,0.17,0.43,0.18,0.35,30.4,34.4,18.1,13.5,2.14,41.3,20.2,14.9,3.29,83.5,89.4,90.3,65.0,554.5,119.2,34.4,18.1,13.5,2.14,41.3,20.2,14.9,3.29,83.5,89.4,90.3,65.0,34.4,18.1,13.5,2.14,41.3,20.2,14.9,3.29,83.5,89.4,90.3,65.0,34.4,18.1,13.5,2.14,41.3,20.2,14.9,3.29,83.5,89.4,90.3,65.0,0.16,0.16,-0.0,1.28,2.37,2.37,0.16,0.33,1.64,0.82,50.0,1.64,0.82,0.16,0.32,17.3,0.03,0.07,0.1,0.11,0.07,0.08,55.2,0.79,5.2,24.1,26.5,4.08,55.1,2.2,38.1,3.03,52.3,39.5,1.68,2.76,2.57,45.8,1.12,0.43,0.82,1.12,0.43,32.5,0.89,0.89,0.86,0.23,1.35,0.63,0.07,3.32,3.32,0.33,0.03,0.26,0.07,0.0,0.0,0.59,0.59,0.33,0.03,0.26,0.07,0.0,0.0,0.03,1.68,4.05,0.33,1.09,0.23,0.82,0.1,0.0,0.0,3.88,0.13,28.6,,,,,,,,,,,,,,,,,,,,,,,,,,,,,Wilfried Zaha,"FW,MF",Charlotte,33-024,Wilfried Zaha,Designated Player,Designated Player,"[ 0.88492521  0.38322176  0.66028181  0.26744243  0.62676232  1.73112699
  0.36341396  0.81876145 -0.26088382  0.58996795  1.38008632 -0.62495245
 -1.20991822 -0.34647744]",0,2.0885095223588945,0.8529855115406739
3216253474,3,2025,27,27,2430,27.0,0.07,0.0,0.07,0.07,0.0,0.0,0.19,0.0,0.04,0.04,0.03,0.07,0.44,5.04,1.04,0.07,0.0,0.07,0.07,0.07,0.04,0.03,0.07,0.04,0.07,27.0,65.4,31.5,29.0,4.07,70.5,32.6,30.5,5.93,92.7,96.7,95.0,68.8,1098.6,514.0,65.4,31.5,29.0,4.07,70.5,32.6,30.5,5.93,92.7,96.7,95.0,68.8,65.4,31.5,29.0,4.07,70.5,32.6,30.5,5.93,92.7,96.7,95.0,68.8,65.4,31.5,29.0,4.07,70.5,32.6,30.5,5.93,92.7,96.7,95.0,68.8,0.0,0.07,-0.03,0.48,4.96,0.3,0.0,0.07,0.37,0.11,30.0,0.37,0.11,0.2,0.67,20.8,0.04,0.0,0.0,0.1,0.04,0.04,80.5,9.11,37.1,38.0,5.85,1.0,80.5,0.15,50.0,0.11,37.5,48.8,0.04,0.74,0.22,54.5,2.0,0.78,1.15,2.0,0.78,70.0,0.33,1.19,0.67,0.93,2.93,3.78,0.11,1.07,1.07,0.04,0.0,0.04,0.0,0.04,0.0,0.0,0.0,0.04,0.0,0.04,0.0,0.04,0.0,0.0,0.96,1.3,0.07,0.11,0.93,1.15,0.0,0.0,0.04,5.22,1.59,60.6,,,,,,,,,,,,,,,,,,,,,,,,,,,,,Sean Zawadzki,"DF,MF",Columbus Crew,25-227,Sean Zawadzki,,Standard,"[-0.35280309 -0.79755134 -0.63132208 -0.63586294 -0.8248341   1.33523435
 -0.85720355 -0.69991827  1.79607085  0.68486111 -0.95511885  0.52057967
  0.17535561  0.29312909]",0,-2.4469704788421907,0.1002145396062847
9231197280,1,2025,21,16,1532,17.0,0.0,0.12,0.12,0.0,0.0,0.0,0.18,0.0,0.12,0.12,0.06,0.18,0.0,2.59,0.35,0.0,0.12,0.12,0.0,0.12,0.12,0.07,0.18,0.12,0.18,17.0,54.5,19.0,31.4,3.76,60.1,20.2,32.7,6.29,90.6,94.2,95.9,59.8,1006.5,425.9,54.5,19.0,31.4,3.76,60.1,20.2,32.7,6.29,90.6,94.2,95.9,59.8,54.5,19.0,31.4,3.76,60.1,20.2,32.7,6.29,90.6,94.2,95.9,59.8,54.5,19.0,31.4,3.76,60.1,20.2,32.7,6.29,90.6,94.2,95.9,59.8,0.12,0.02,0.05,0.47,3.0,0.12,0.0,0.0,1.41,0.24,16.7,1.41,0.23,0.0,0.0,10.3,0.0,0.0,0.0,0.08,-0.12,-0.12,72.4,12.3,42.1,27.5,2.82,1.94,72.4,0.0,,0.0,,41.6,0.0,0.53,0.18,49.8,1.35,0.65,0.82,1.35,0.65,68.8,0.29,1.0,0.24,1.35,2.71,5.88,0.12,1.41,1.41,0.0,0.0,0.06,0.0,0.0,0.0,0.12,0.12,0.0,0.0,0.06,0.0,0.0,0.0,0.0,1.0,0.76,0.0,0.12,1.35,0.82,0.06,0.06,0.0,3.59,2.29,76.5,,,,,,,,,,,,,,,,,,,,,,,,,,,,,Walker Zimmerman,DF,Nashville SC,32-199,Walker Zimmerman,Designated Player,Designated Player,"[-0.68603763  0.08802849 -0.16164794 -0.11968844 -0.51377772  0.17721614
  0.14235725 -0.42185015  1.07281905 -0.68271678 -1.30699909 -0.32555201
  1.00651991 -0.11195505]",0,-1.2205325666072868,-0.6718297011499152
6741617461,1,2025,32,31,2516,28.0,0.54,0.43,0.96,0.54,0.0,0.0,0.21,0.0,0.25,0.25,0.27,0.52,3.64,3.32,7.54,0.54,0.43,0.97,0.54,0.97,0.25,0.27,0.52,0.25,0.52,28.0,25.3,14.0,7.79,2.36,37.0,17.0,10.7,6.0,68.4,82.2,72.7,39.3,393.3,130.4,25.3,14.0,7.79,2.36,37.0,17.0,10.7,6.0,68.4,82.2,72.7,39.3,25.3,14.0,7.79,2.36,37.0,17.0,10.7,6.0,68.4,82.2,72.7,39.3,25.3,14.0,7.79,2.36,37.0,17.0,10.7,6.0,68.4,82.2,72.7,39.3,0.43,0.26,0.16,2.29,1.75,1.29,0.14,0.54,2.64,1.07,40.5,2.65,1.07,0.2,0.5,20.9,0.32,0.0,0.0,0.09,0.29,0.29,48.9,0.61,5.18,18.0,26.7,4.64,48.9,2.32,48.1,2.29,47.4,29.5,1.57,2.36,1.96,33.9,1.5,0.57,1.0,1.5,0.57,32.7,1.18,0.64,0.57,0.18,1.68,0.29,0.07,5.11,5.12,0.75,0.11,0.21,0.0,0.11,0.07,0.75,0.75,0.75,0.11,0.21,0.0,0.11,0.07,0.0,1.96,1.93,0.21,6.18,0.18,1.0,0.0,0.0,0.0,3.96,0.14,22.2,,,,,,,,,,,,,,,,,,,,,,,,,,,,,Philip Zinckernagel,"FW,MF",Chicago Fire,30-353,Philip Zinckernagel,TAM Player,TAM Player,"[ 1.88462883  2.37577637  0.60157254  0.71909512  1.66361691  1.44613587
  1.32453011  1.35350783 -0.86469955 -0.27523439  1.6040101  -0.13029085
 -1.30886635 -0.87948289]",-1,4.0791031345503646,1.7044697754494058
2289957845,3,2025,15,2,335,3.7,0.0,0.0,0.0,0.0,0.0,0.0,0.27,0.0,0.08,0.08,0.08,0.16,1.08,4.32,1.62,0.0,0.0,0.0,0.0,0.0,0.09,0.07,0.16,0.09,0.16,3.7,46.2,22.4,16.5,6.49,62.4,26.5,19.7,11.4,74.0,84.7,83.6,57.1,839.2,204.3,46.2,22.4,16.5,6.49,62.4,26.5,19.7,11.4,74.0,84.7,83.6,57.1,46.2,22.4,16.5,6.49,62.4,26.5,19.7,11.4,74.0,84.7,83.6,57.1,46.2,22.4,16.5,6.49,62.4,26.5,19.7,11.4,74.0,84.7,83.6,57.1,0.0,0.11,-0.08,0.81,3.51,1.08,0.81,0.0,1.62,0.54,33.3,1.61,0.54,0.0,0.0,22.1,0.27,0.0,0.0,0.06,-0.08,-0.08,76.5,2.7,17.3,39.7,19.5,1.62,76.5,0.54,33.3,1.08,66.7,36.8,0.0,2.16,1.89,45.7,2.7,1.89,1.35,2.7,1.89,58.3,1.35,1.35,1.08,0.81,3.51,2.7,0.0,2.16,2.15,0.0,0.0,0.0,0.0,0.0,0.0,0.54,0.54,0.0,0.0,0.0,0.0,0.0,0.0,0.0,2.43,0.81,0.0,5.41,0.81,1.35,0.0,0.0,0.0,5.14,2.43,56.3,,,,,,,,,,,,,,,,,,,,,,,,,,,,,Rida Zouhir,"MF,FW",D.C. United,22-011,Rida Zouhir,,Standard,"[-0.68603763 -0.79755134 -0.39648501 -0.37777569 -0.3064068  -1.3663783
  0.34419164  0.21984551  0.52208602  0.28296067 -0.44329306  1.43179841
 -0.0621199   0.63425258]",0,-1.176250963398351,0.1358446211706445
9092904016,1,2025,19,17,1568,17.4,0.0,0.0,0.0,0.0,0.0,0.0,0.23,0.0,0.02,0.02,0.01,0.02,0.17,2.36,0.0,0.0,0.0,0.0,0.0,0.0,0.02,0.0,0.02,0.02,0.02,17.4,43.6,15.3,24.3,3.56,49.5,16.4,26.4,5.98,88.2,93.7,92.2,59.6,823.9,346.8,43.6,15.3,24.3,3.56,49.5,16.4,26.4,5.98,88.2,93.7,92.2,59.6,43.6,15.3,24.3,3.56,49.5,16.4,26.4,5.98,88.2,93.7,92.2,59.6,43.6,15.3,24.3,3.56,49.5,16.4,26.4,5.98,88.2,93.7,92.2,59.6,0.0,0.02,-0.01,0.17,2.41,0.11,0.06,0.0,0.34,0.06,16.7,0.34,0.06,0.0,0.0,13.7,0.0,0.0,0.0,0.06,-0.02,-0.02,61.1,6.55,29.8,29.3,2.47,0.69,61.1,0.17,60.0,0.06,20.0,35.3,0.0,0.17,0.17,38.3,1.38,0.69,0.69,1.38,0.69,57.1,0.52,1.09,0.46,2.07,3.45,5.86,0.0,0.75,0.75,0.0,0.0,0.0,0.0,0.06,0.0,0.0,0.0,0.0,0.0,0.0,0.0,0.06,0.0,0.0,0.98,0.57,0.06,0.11,2.07,0.69,0.0,0.0,0.0,3.16,1.9,62.3,,,,,,,,,,,,,,,,,,,,,,,,,,,,,Dario Župarić,DF,Portland Timbers,33-215,,,,"[-0.68603763 -0.79755134 -0.74874061 -0.76490657 -1.03220501  0.22364003
 -0.88603703 -0.80686754  0.34956724 -0.81110164 -1.17104536 -0.28649978
  2.43137299  0.07992692]",0,-2.6653447456804082,-1.2698946019986928
5979333557,1,2025,4,4,323,3.6,0.0,0.0,0.0,0.0,0.0,0.0,0.56,0.0,0.0,0.0,0.0,0.0,0.0,1.67,0.28,0.0,0.0,0.0,0.0,0.0,0.0,0.0,0.0,0.0,0.0,3.6,30.3,7.78,19.4,3.06,37.2,8.89,21.7,5.56,81.3,87.5,89.7,55.0,631.7,213.3,30.3,7.78,19.4,3.06,37.2,8.89,21.7,5.56,81.3,87.5,89.7,55.0,30.3,7.78,19.4,3.06,37.2,8.89,21.7,5.56,81.3,87.5,89.7,55.0,30.3,7.78,19.4,3.06,37.2,8.89,21.7,5.56,81.3,87.5,89.7,55.0,0.0,0.0,0.0,0.0,1.39,0.0,0.0,0.0,0.0,0.0,,0.0,0.0,,,,0.0,0.0,0.0,,0.0,0.0,46.1,7.22,32.8,12.8,0.56,0.28,46.1,0.0,0.0,0.28,100.0,27.5,0.0,0.0,0.28,32.2,0.28,0.0,0.28,0.28,0.0,0.0,0.28,1.94,1.39,0.28,0.56,5.0,0.0,0.0,0.0,0.0,0.0,0.0,0.0,0.0,0.0,0.0,0.0,0.0,0.0,0.0,0.0,0.0,0.0,0.0,1.11,0.28,0.28,0.0,0.28,0.28,0.0,0.0,0.0,1.94,0.83,60.0,,,,,,,,,,,,,,,,,,,,,,,,,,,,,Mateja Đorđević,DF,Austin,22-321,,,,"[-0.68603763 -0.79755134 -0.86615915 -0.89395019 -1.13589047 -1.38185293
 -1.21281652 -0.93520667 -0.53293267 -1.19625623 -1.30699909 -1.71841493
 -1.11097009  1.89214543]",0,-1.8684153979080835,-2.5233301517059283
