player_sk,version,Season,Matches Played,Game or games started by player,Minutes,90s Played90s played,Goals,Assists,Goals + Assists,Non-Penalty Goals,Penalty Kicks Made,Penalty Kicks Attempted,Yellow Cards,Red Cards,xG,npxG,xAG,"npxG + xAGNon-Penalty Expected Goals plus Assisted GoalsxG totals include penalty kicks, but do not include penalty shootouts (unless otherwise noted).Provided by Opta.An underline indicates there is a match that is missing data, but will be updated when available.Minimum 30 minutes played per squad game to qualify as a leader",PrgC,PrgP,PrgR,Goals.1,Assists.1,Goals + Assists.1,Non-Penalty Goals.1,Non-Penalty Goals + Assists/90Goals plus Assists minus Penalty Kicks made per 90 minutes,xG.1,xAG.1,"xG + xAG/90Expected Goals plus Assisted Goals per 90 minutesxG totals include penalty kicks, but do not include penalty shootouts (unless otherwise noted).Provided by Opta.An underline indicates there is a match that is missing data, but will be updated when available.Minimum 30 minutes played per squad game to qualify as a leader",npxG.1,"npxG + xAGNon-Penalty Expected Goals plus Assisted GoalsxG totals include penalty kicks, but do not include penalty shootouts (unless otherwise noted).Provided by Opta.An underline indicates there is a match that is missing data, but will be updated when available.Minimum 30 minutes played per squad game to qualify as a leader.1",90s,Cmp,Cmp.1,Cmp.2,Cmp.3,Att,Att.1,Att.2,Att.3,Cmp%,Cmp%.1,Cmp%.2,Cmp%.3,Tot,Prg,Cmp.4,Cmp.5,Cmp.6,Cmp.7,Att.4,Att.5,Att.6,Att.7,Cmp%.4,Cmp%.5,Cmp%.6,Cmp%.7,Cmp.8,Cmp.9,Cmp.10,Cmp.11,Att.8,Att.9,Att.10,Att.11,Cmp%.8,Cmp%.9,Cmp%.10,Cmp%.11,Cmp.12,Cmp.13,Cmp.14,Cmp.15,Att.12,Att.13,Att.14,Att.15,Cmp%.12,Cmp%.13,Cmp%.14,Cmp%.15,Ast,xA,Assists - xAGAssists minus Expected Goals Assisted,KP,1/3,PPA,CrsPA,Gls,Sh,SoT,SoT%,Sh/90,SoT/90,G/Sh,G/SoT,Dist,FK,PK,PKatt,npxG/Shot,"Goals - xGGoals minus Expected GoalsxG totals include penalty kicks, but do not include penalty shootouts (unless otherwise noted).Provided by Opta.An underline indicates there is a match that is missing data, but will be updated when available.","Non-Penalty Goals - npxGNon-Penalty Goals minus Non-Penalty Expected GoalsxG totals include penalty kicks, but do not include penalty shootouts (unless otherwise noted).Provided by Opta.An underline indicates there is a match that is missing data, but will be updated when available.",Touches,Def Pen,Def 3rd,Mid 3rd,Att 3rd,Att Pen,Live,Succ,Succ%,Tkld,Tkld%,Carries,CPA,Mis,Dis,Rec,Tkl,Tkl.1,TklW,Tkl.2,Tkl.3,Tkl%,Lost,Blocks,Pass,Int,Tkl+Int,Clr,Err,SCA,SCA90,TO,TO.1,Fld,Fld.1,Def,Def.1,GCA,GCA90,TO.2,TO.3,Fld.2,Fld.3,Def.2,Def.3,Second Yellow Card,Fouls Committed,Fouls Drawn,Offsides,Crosses,Interceptions,Tackles Won,Penalty Kicks Won,Penalty Kicks Conceded,Own Goals,Ball Recoveries,Won,Won%,GA,PKA,CK,OG,Post-Shot Expected Goals,Post-Shot Expected Goals per Shot on Target,PSxG-GAPost-Shot Expected Goals minus Goals AllowedPositive numbers suggest better luck or an above average ability to stop shotsPSxG is expected goals based on how likely the goalkeeper is to save the shotNote,PSxG-GA/90Post-Shot Expected Goals minus Goals Allowed per 90 minutesPositive numbers suggest better luck or an above average ability to stop shotsPSxG is expected goals based on how likely the goalkeeper is to save the shotNote,Att (GK),Thr,Launch%,Launch%.1,Avg,Avg.1,Avg.2,Launch%.2,Launch%.3,Avg.3,Avg.4,Avg.5,Opp,Stp,Stp%,#OPA,#OPA/90,Avg.6,Avg.7,Avg.8,Player,Pos,Squad,Age,name,category,contract_thru,player,year_int,base_salary,compensation,goals_per_90,assists_per_90,xg_per_90,xg_overperformance,progressive_actions,defensive_actions,position_group,designation_tier,archetype,segment
8626234972,1,2025,5,4,303,3.4,0.88,0.0,0.88,0.88,0.0,0.0,0.0,0.0,0.24,0.24,0.18,0.41,1.76,2.35,8.82,0.89,0.0,0.89,0.89,0.89,0.24,0.17,0.41,0.24,0.41,3.4,16.5,10.6,4.41,0.29,23.5,13.8,5.88,0.29,70.0,76.6,75.0,100.0,214.4,40.6,16.5,10.6,4.41,0.29,23.5,13.8,5.88,0.29,70.0,76.6,75.0,100.0,16.5,10.6,4.41,0.29,23.5,13.8,5.88,0.29,70.0,76.6,75.0,100.0,16.5,10.6,4.41,0.29,23.5,13.8,5.88,0.29,70.0,76.6,75.0,100.0,0.0,0.09,-0.18,1.18,1.18,0.59,0.0,0.88,1.47,1.18,80.0,1.49,1.19,0.6,0.75,12.2,0.0,0.0,0.0,0.16,0.65,0.65,34.1,0.88,1.76,12.9,20.0,4.71,34.1,0.59,50.0,0.29,25.0,18.8,0.59,4.41,1.76,24.4,0.88,0.0,0.29,0.88,0.0,0.0,0.29,0.29,0.29,0.0,0.88,0.88,0.0,2.35,2.4,0.0,0.0,0.29,0.29,0.0,0.0,0.59,0.6,0.0,0.0,0.29,0.29,0.0,0.0,0.0,1.76,1.18,0.29,0.0,0.0,0.29,0.29,0.0,0.0,3.24,0.59,22.2,,,,,,,,,,,,,,,,,,,,,,,,,,,,,Wessam Abou Ali,FW,Columbus Crew,26-334,,,,Wessam Abou Ali,2025.0,1800000.0,2157375.0,0.25882352941176473,0.0,0.07058823529411765,0.64,4.11,0.88,FW,Unknown,0,FW
7680390154,1,2025,6,1,99,1.1,0.0,0.0,0.0,0.0,0.0,0.0,0.0,0.0,0.45,0.45,0.18,0.55,0.0,1.82,1.82,0.0,0.0,0.0,0.0,0.0,0.44,0.15,0.58,0.44,0.58,1.1,19.1,11.8,5.45,1.82,20.0,11.8,5.45,2.73,95.5,100.0,100.0,66.7,278.2,40.9,19.1,11.8,5.45,1.82,20.0,11.8,5.45,2.73,95.5,100.0,100.0,66.7,19.1,11.8,5.45,1.82,20.0,11.8,5.45,2.73,95.5,100.0,100.0,66.7,19.1,11.8,5.45,1.82,20.0,11.8,5.45,2.73,95.5,100.0,100.0,66.7,0.0,0.36,-0.18,1.82,0.0,0.91,0.0,0.0,5.45,0.0,0.0,5.45,0.0,0.0,,14.6,0.0,0.0,0.0,0.08,-0.45,-0.45,34.5,0.91,3.64,10.0,21.8,10.0,34.5,0.0,,0.0,,18.2,0.0,6.36,2.73,25.5,0.0,0.0,0.0,0.0,0.0,0.0,0.91,0.0,0.0,0.0,0.0,0.91,0.0,1.82,1.82,0.0,0.0,0.0,0.0,0.0,0.0,0.0,0.0,0.0,0.0,0.0,0.0,0.0,0.0,0.0,4.55,0.91,0.0,0.0,0.0,0.0,0.0,0.0,0.0,2.73,2.73,75.0,,,,,,,,,,,,,,,,,,,,,,,,,,,,,William Agada,FW,Real Salt Lake,26-078,William Agada,Standard,2025,,,,,0.0,0.0,0.40909090909090906,-0.45,1.82,0.0,FW,Standard,0,FW
7680390154,2,2025,6,1,99,1.1,0.0,0.0,0.0,0.0,0.0,0.0,0.0,0.0,0.45,0.45,0.18,0.55,0.0,1.82,1.82,0.0,0.0,0.0,0.0,0.0,0.44,0.15,0.58,0.44,0.58,1.1,19.1,11.8,5.45,1.82,20.0,11.8,5.45,2.73,95.5,100.0,100.0,66.7,278.2,40.9,19.1,11.8,5.45,1.82,20.0,11.8,5.45,2.73,95.5,100.0,100.0,66.7,19.1,11.8,5.45,1.82,20.0,11.8,5.45,2.73,95.5,100.0,100.0,66.7,19.1,11.8,5.45,1.82,20.0,11.8,5.45,2.73,95.5,100.0,100.0,66.7,0.0,0.36,-0.18,1.82,0.0,0.91,0.0,0.0,5.45,0.0,0.0,5.45,0.0,0.0,,14.6,0.0,0.0,0.0,0.08,-0.45,-0.45,34.5,0.91,3.64,10.0,21.8,10.0,34.5,0.0,,0.0,,18.2,0.0,6.36,2.73,25.5,0.0,0.0,0.0,0.0,0.0,0.0,0.91,0.0,0.0,0.0,0.0,0.91,0.0,1.82,1.82,0.0,0.0,0.0,0.0,0.0,0.0,0.0,0.0,0.0,0.0,0.0,0.0,0.0,0.0,0.0,4.55,0.91,0.0,0.0,0.0,0.0,0.0,0.0,0.0,2.73,2.73,75.0,,,,,,,,,,,,,,,,,,,,,,,,,,,,,William Agada,FW,Real Salt Lake,26-078,William Agada,Standard,2025,,,,,0.0,0.0,0.40909090909090906,-0.45,1.82,0.0,FW,Standard,0,FW
7680390154,1,2025,22,12,1173,13.0,0.15,0.15,0.31,0.15,0.0,0.0,0.46,0.08,0.25,0.25,0.12,0.37,1.23,0.85,4.62,0.15,0.15,0.31,0.15,0.31,0.25,0.12,0.37,0.25,0.37,13.0,13.5,7.46,4.23,0.54,17.8,9.46,5.23,0.54,76.2,78.9,80.9,100.0,179.2,22.4,13.5,7.46,4.23,0.54,17.8,9.46,5.23,0.54,76.2,78.9,80.9,100.0,13.5,7.46,4.23,0.54,17.8,9.46,5.23,0.54,76.2,78.9,80.9,100.0,13.5,7.46,4.23,0.54,17.8,9.46,5.23,0.54,76.2,78.9,80.9,100.0,0.15,0.08,0.04,1.31,1.0,0.23,0.0,0.15,2.62,0.54,20.6,2.61,0.54,0.06,0.29,15.3,0.0,0.0,0.0,0.1,-0.1,-0.1,27.1,1.31,2.15,12.3,13.0,4.77,27.1,0.38,41.7,0.54,58.3,15.4,0.62,2.38,1.0,20.3,0.54,0.15,0.15,0.54,0.15,40.0,0.23,0.23,0.08,0.15,0.69,1.31,0.0,2.31,2.3,0.15,0.0,0.15,0.0,0.0,0.0,0.23,0.23,0.15,0.0,0.15,0.0,0.0,0.0,0.08,2.77,1.15,0.62,0.08,0.15,0.15,0.0,0.08,0.0,2.23,2.08,45.0,,,,,,,,,,,,,,,,,,,,,,,,,,,,,William Agada,FW,Real Salt Lake,26-078,William Agada,Standard,2025,,,,,0.011538461538461537,0.011538461538461537,0.019230769230769232,-0.1,2.08,0.6900000000000001,FW,Standard,0,FW
7680390154,2,2025,22,12,1173,13.0,0.15,0.15,0.31,0.15,0.0,0.0,0.46,0.08,0.25,0.25,0.12,0.37,1.23,0.85,4.62,0.15,0.15,0.31,0.15,0.31,0.25,0.12,0.37,0.25,0.37,13.0,13.5,7.46,4.23,0.54,17.8,9.46,5.23,0.54,76.2,78.9,80.9,100.0,179.2,22.4,13.5,7.46,4.23,0.54,17.8,9.46,5.23,0.54,76.2,78.9,80.9,100.0,13.5,7.46,4.23,0.54,17.8,9.46,5.23,0.54,76.2,78.9,80.9,100.0,13.5,7.46,4.23,0.54,17.8,9.46,5.23,0.54,76.2,78.9,80.9,100.0,0.15,0.08,0.04,1.31,1.0,0.23,0.0,0.15,2.62,0.54,20.6,2.61,0.54,0.06,0.29,15.3,0.0,0.0,0.0,0.1,-0.1,-0.1,27.1,1.31,2.15,12.3,13.0,4.77,27.1,0.38,41.7,0.54,58.3,15.4,0.62,2.38,1.0,20.3,0.54,0.15,0.15,0.54,0.15,40.0,0.23,0.23,0.08,0.15,0.69,1.31,0.0,2.31,2.3,0.15,0.0,0.15,0.0,0.0,0.0,0.23,0.23,0.15,0.0,0.15,0.0,0.0,0.0,0.08,2.77,1.15,0.62,0.08,0.15,0.15,0.0,0.08,0.0,2.23,2.08,45.0,,,,,,,,,,,,,,,,,,,,,,,,,,,,,William Agada,FW,Real Salt Lake,26-078,William Agada,Standard,2025,,,,,0.011538461538461537,0.011538461538461537,0.019230769230769232,-0.1,2.08,0.6900000000000001,FW,Standard,0,FW
9611782126,1,2025,16,15,1224,13.6,0.44,0.07,0.51,0.37,0.07,0.07,0.22,0.0,0.39,0.34,0.18,0.51,2.13,1.4,6.03,0.44,0.07,0.51,0.37,0.44,0.39,0.18,0.57,0.33,0.52,13.6,11.9,6.91,3.46,0.37,15.5,8.68,4.63,0.44,76.8,79.7,74.6,83.3,159.0,25.9,11.9,6.91,3.46,0.37,15.5,8.68,4.63,0.44,76.8,79.7,74.6,83.3,11.9,6.91,3.46,0.37,15.5,8.68,4.63,0.44,76.8,79.7,74.6,83.3,11.9,6.91,3.46,0.37,15.5,8.68,4.63,0.44,76.8,79.7,74.6,83.3,0.07,0.1,-0.11,1.4,0.74,0.44,0.0,0.44,2.5,1.18,47.1,2.5,1.18,0.15,0.31,14.9,0.0,0.07,0.07,0.13,0.05,0.03,27.1,1.18,1.76,12.1,13.8,5.74,27.1,1.03,36.8,1.4,50.0,17.8,1.69,2.87,1.62,20.5,0.44,0.15,0.29,0.44,0.15,40.0,0.22,0.37,0.37,0.15,0.59,1.1,0.0,2.87,2.87,0.22,0.07,0.66,0.22,0.0,0.0,0.37,0.37,0.22,0.07,0.66,0.22,0.0,0.0,0.0,1.84,2.57,0.51,0.07,0.15,0.29,0.07,0.0,0.0,1.62,1.4,47.5,,,,,,,,,,,,,,,,,,,,,,,,,,,,,Patrick Agyemang,FW,Charlotte,25-027,Patrick Agyemang,Standard,2025,,,,,0.03235294117647059,0.0051470588235294126,0.028676470588235296,0.04999999999999999,3.53,0.59,FW,Standard,0,FW
6784524469,2,2025,22,12,1288,14.3,0.0,0.56,0.56,0.0,0.0,0.0,0.14,0.0,0.15,0.15,0.34,0.49,5.38,5.59,15.7,0.0,0.56,0.56,0.0,0.56,0.15,0.34,0.49,0.15,0.49,14.3,38.7,22.7,13.1,2.03,48.0,25.8,15.6,3.01,80.6,88.1,84.3,67.4,582.6,152.9,38.7,22.7,13.1,2.03,48.0,25.8,15.6,3.01,80.6,88.1,84.3,67.4,38.7,22.7,13.1,2.03,48.0,25.8,15.6,3.01,80.6,88.1,84.3,67.4,38.7,22.7,13.1,2.03,48.0,25.8,15.6,3.01,80.6,88.1,84.3,67.4,0.56,0.38,0.22,2.59,2.52,2.87,0.77,0.0,1.75,0.63,36.0,1.75,0.63,0.0,0.0,16.5,0.0,0.0,0.0,0.08,-0.15,-0.15,59.4,0.98,4.76,19.0,36.4,7.06,59.4,1.47,44.7,1.61,48.9,38.7,3.29,2.38,1.26,46.9,1.19,0.7,0.7,1.19,0.7,47.6,0.77,1.19,1.19,0.42,1.61,0.77,0.0,5.52,5.52,0.35,0.07,0.28,0.21,0.07,0.0,1.12,1.12,0.35,0.07,0.28,0.21,0.07,0.0,0.0,0.7,1.75,0.21,3.08,0.42,0.7,0.07,0.0,0.0,3.15,0.77,45.8,,,,,,,,,,,,,,,,,,,,,,,,,,,,,Ali Ahmed,FW,Vancouver W'caps,25-055,Ali Ahmed,Standard,2025,Ali Ahmed,2025.0,150000.0,159375.0,0.0,0.039160839160839164,0.010489510489510488,-0.15,10.969999999999999,1.6099999999999999,FW,Standard,0,FW
4329338682,2,2025,6,3,259,2.9,0.34,0.0,0.34,0.34,0.0,0.0,0.69,0.0,0.21,0.21,0.03,0.24,0.34,0.34,5.17,0.35,0.0,0.35,0.35,0.35,0.22,0.03,0.25,0.22,0.25,2.9,6.9,3.45,2.41,0.0,8.97,4.83,2.41,0.0,76.9,71.4,100.0,,85.5,8.28,6.9,3.45,2.41,0.0,8.97,4.83,2.41,0.0,76.9,71.4,100.0,,6.9,3.45,2.41,0.0,8.97,4.83,2.41,0.0,76.9,71.4,100.0,,6.9,3.45,2.41,0.0,8.97,4.83,2.41,0.0,76.9,71.4,100.0,,0.0,0.0,-0.03,1.03,0.34,0.0,0.0,0.34,1.38,1.03,75.0,1.39,1.04,0.25,0.33,18.6,0.0,0.0,0.0,0.16,0.14,0.14,21.0,1.38,3.1,8.97,9.31,3.1,21.0,0.34,20.0,1.38,80.0,12.4,0.69,3.79,1.38,13.8,1.72,0.34,1.03,1.72,0.34,50.0,0.34,0.69,0.69,0.0,1.72,1.03,0.0,1.38,1.39,0.0,0.0,0.0,0.0,0.0,0.0,0.34,0.35,0.0,0.0,0.0,0.0,0.0,0.0,0.0,2.41,1.38,1.38,0.0,0.0,1.03,0.0,0.0,0.0,0.0,1.03,14.3,,,,,,,,,,,,,,,,,,,,,,,,,,,,,Forster Ajago,FW,Real Salt Lake,24-110,Forster Ajago,Standard,2025,Forster Ajago,2025.0,80622.0,80622.0,0.11724137931034484,0.0,0.07241379310344828,0.13000000000000003,0.68,1.72,FW,Standard,0,FW
7127390270,2,2025,3,1,100,1.1,0.91,0.0,0.91,0.91,0.0,0.0,0.0,0.0,0.09,0.09,0.0,0.09,0.91,2.73,6.36,0.9,0.0,0.9,0.9,0.9,0.07,0.0,0.07,0.07,0.07,1.1,7.27,4.55,1.82,0.91,13.6,8.18,3.64,1.82,53.3,55.6,50.0,50.0,103.6,41.8,7.27,4.55,1.82,0.91,13.6,8.18,3.64,1.82,53.3,55.6,50.0,50.0,7.27,4.55,1.82,0.91,13.6,8.18,3.64,1.82,53.3,55.6,50.0,50.0,7.27,4.55,1.82,0.91,13.6,8.18,3.64,1.82,53.3,55.6,50.0,50.0,0.0,0.0,0.0,0.0,2.73,0.91,0.0,0.91,0.91,0.91,100.0,0.9,0.9,1.0,1.0,15.1,0.0,0.0,0.0,0.08,0.82,0.82,26.4,0.91,3.64,12.7,10.9,2.73,26.4,0.91,25.0,2.73,75.0,16.4,0.91,2.73,1.82,22.7,0.91,0.0,0.0,0.91,0.0,0.0,0.91,0.0,0.0,0.0,0.91,1.82,0.0,0.91,0.9,0.0,0.0,0.91,0.0,0.0,0.0,0.0,0.0,0.0,0.0,0.91,0.0,0.0,0.0,0.0,2.73,2.73,0.91,0.0,0.0,0.0,0.0,0.0,0.0,0.0,5.45,46.2,,,,,,,,,,,,,,,,,,,,,,,,,,,,,Markus Anderson,FW,Philadelphia Union,21-358,Markus Anderson,Standard,2026,Markus Anderson,2025.0,120000.0,122000.0,0.8272727272727273,0.0,0.0818181818181818,0.8200000000000001,3.64,0.91,FW,Standard,0,FW
3982200228,2,2025,22,9,715,7.9,0.38,0.25,0.63,0.38,0.0,0.0,0.13,0.0,0.19,0.19,0.13,0.3,1.14,2.66,6.08,0.38,0.25,0.63,0.38,0.63,0.18,0.12,0.31,0.18,0.31,7.9,18.2,10.9,4.94,1.39,23.4,12.8,5.7,2.15,77.8,85.1,86.7,64.7,263.3,51.9,18.2,10.9,4.94,1.39,23.4,12.8,5.7,2.15,77.8,85.1,86.7,64.7,18.2,10.9,4.94,1.39,23.4,12.8,5.7,2.15,77.8,85.1,86.7,64.7,18.2,10.9,4.94,1.39,23.4,12.8,5.7,2.15,77.8,85.1,86.7,64.7,0.25,0.15,0.13,1.52,1.39,0.89,0.0,0.38,1.65,0.51,30.8,1.64,0.5,0.23,0.75,15.6,0.13,0.0,0.0,0.11,0.19,0.19,31.5,0.38,2.78,14.6,14.4,3.29,31.5,0.63,71.4,0.25,28.6,18.0,0.51,2.41,1.52,23.5,0.76,0.13,0.25,0.76,0.13,25.0,0.38,0.25,0.13,0.38,1.14,0.38,0.0,2.66,2.64,0.13,0.13,0.13,0.0,0.0,0.0,0.38,0.38,0.13,0.13,0.13,0.0,0.0,0.0,0.0,1.27,0.76,0.38,0.38,0.38,0.25,0.0,0.0,0.0,2.78,0.89,41.2,,,,,,,,,,,,,,,,,,,,,,,,,,,,,Tomas Ángel,FW,San Diego FC,22-287,,,,,,,,0.04810126582278481,0.03164556962025316,0.024050632911392405,0.19,3.8,1.1400000000000001,FW,Unknown,0,FW
8805124897,2,2025,31,16,1416,15.7,0.19,0.13,0.32,0.19,0.0,0.13,0.19,0.0,0.39,0.29,0.14,0.43,0.83,1.59,5.41,0.19,0.13,0.32,0.19,0.32,0.39,0.14,0.53,0.29,0.43,15.7,15.9,9.3,4.65,0.45,20.1,11.8,5.22,0.76,78.8,78.9,89.0,58.3,211.4,29.6,15.9,9.3,4.65,0.45,20.1,11.8,5.22,0.76,78.8,78.9,89.0,58.3,15.9,9.3,4.65,0.45,20.1,11.8,5.22,0.76,78.8,78.9,89.0,58.3,15.9,9.3,4.65,0.45,20.1,11.8,5.22,0.76,78.8,78.9,89.0,58.3,0.13,0.1,-0.01,0.96,0.64,0.45,0.0,0.19,2.55,0.57,22.5,2.54,0.57,0.08,0.33,14.8,0.06,0.0,0.13,0.12,-0.2,-0.1,31.6,1.34,2.29,13.6,15.8,5.92,31.5,0.38,31.6,0.83,68.4,17.6,0.7,2.99,1.27,22.7,0.19,0.13,0.13,0.19,0.13,33.3,0.25,0.32,0.19,0.45,0.64,1.15,0.0,1.91,1.9,0.13,0.0,0.13,0.0,0.0,0.0,0.25,0.25,0.13,0.0,0.13,0.0,0.0,0.0,0.0,1.4,0.7,0.19,0.32,0.45,0.13,0.0,0.0,0.0,1.85,1.34,33.3,,,,,,,,,,,,,,,,,,,,,,,,,,,,,Daniel Armando Ríos,FW,Vancouver W'caps,30-285,,,,,,,,0.012101910828025478,0.008280254777070064,0.024840764331210193,-0.2,2.42,0.64,FW,Unknown,0,FW
2239149695,1,2025,34,32,2456,27.3,0.18,0.15,0.33,0.18,0.0,0.0,0.11,0.0,0.22,0.22,0.19,0.4,4.14,4.29,7.84,0.18,0.15,0.33,0.18,0.33,0.22,0.19,0.4,0.22,0.4,27.3,29.0,16.1,10.4,1.72,36.3,18.4,12.7,2.75,79.9,87.3,81.3,62.7,446.0,125.2,29.0,16.1,10.4,1.72,36.3,18.4,12.7,2.75,79.9,87.3,81.3,62.7,29.0,16.1,10.4,1.72,36.3,18.4,12.7,2.75,79.9,87.3,81.3,62.7,29.0,16.1,10.4,1.72,36.3,18.4,12.7,2.75,79.9,87.3,81.3,62.7,0.15,0.18,-0.04,1.83,2.71,1.98,0.22,0.18,2.09,0.88,42.1,2.09,0.88,0.09,0.21,18.3,0.04,0.0,0.0,0.1,-0.03,-0.03,48.4,0.88,7.18,21.6,20.7,4.43,48.4,1.32,38.3,1.94,56.4,32.1,1.32,2.56,1.68,37.1,0.77,0.51,0.48,0.77,0.51,45.2,0.62,0.88,0.84,0.73,1.5,0.77,0.07,4.14,4.14,0.18,0.07,0.26,0.04,0.04,0.04,0.48,0.48,0.18,0.07,0.26,0.04,0.04,0.04,0.0,0.95,2.09,0.33,1.5,0.73,0.48,0.0,0.04,0.0,4.91,0.48,46.4,,,,,,,,,,,,,,,,,,,,,,,,,,,,,Jonathan Bamba,FW,Chicago Fire,29-253,Jonathan Bamba,Designated Player,2027,Jonathan Bamba,2025.0,5000000.0,5581806.0,0.006593406593406593,0.005494505494505494,0.008058608058608058,-0.04000000000000001,8.43,1.5,FW,DP,0,FW
3685210316,2,2025,4,0,38,0.4,0.0,0.0,0.0,0.0,0.0,0.0,0.0,0.0,0.0,0.0,0.25,0.25,0.0,7.5,25.0,0.0,0.0,0.0,0.0,0.0,0.0,0.2,0.2,0.0,0.2,0.4,52.5,35.0,12.5,0.0,62.5,37.5,15.0,5.0,84.0,93.3,83.3,0.0,630.0,157.5,52.5,35.0,12.5,0.0,62.5,37.5,15.0,5.0,84.0,93.3,83.3,0.0,52.5,35.0,12.5,0.0,62.5,37.5,15.0,5.0,84.0,93.3,83.3,0.0,52.5,35.0,12.5,0.0,62.5,37.5,15.0,5.0,84.0,93.3,83.3,0.0,0.0,0.25,-0.25,5.0,0.0,5.0,0.0,0.0,0.0,0.0,,0.0,0.0,,,,0.0,0.0,0.0,,0.0,0.0,80.0,0.0,2.5,17.5,60.0,5.0,80.0,0.0,0.0,2.5,100.0,52.5,0.0,5.0,5.0,62.5,5.0,2.5,5.0,5.0,2.5,50.0,2.5,0.0,0.0,0.0,5.0,0.0,0.0,7.5,7.11,0.0,0.0,0.0,0.0,0.0,0.0,0.0,0.0,0.0,0.0,0.0,0.0,0.0,0.0,0.0,0.0,2.5,0.0,7.5,0.0,5.0,0.0,0.0,0.0,7.5,0.0,,,,,,,,,,,,,,,,,,,,,,,,,,,,,,Fidel Barajas,FW,D.C. United,19-243,Fidel Barajas,Standard,"June 30, 2025",,,,,0.0,0.0,0.0,0.0,7.5,5.0,FW,Standard,-1,FW
1927050123,1,2025,11,1,263,2.9,0.0,0.0,0.0,0.0,0.0,0.0,0.0,0.0,0.55,0.55,0.03,0.59,0.69,2.76,4.83,0.0,0.0,0.0,0.0,0.0,0.55,0.04,0.6,0.55,0.6,2.9,22.8,13.1,7.24,0.69,28.3,14.8,8.97,1.38,80.5,88.4,80.8,50.0,313.1,46.9,22.8,13.1,7.24,0.69,28.3,14.8,8.97,1.38,80.5,88.4,80.8,50.0,22.8,13.1,7.24,0.69,28.3,14.8,8.97,1.38,80.5,88.4,80.8,50.0,22.8,13.1,7.24,0.69,28.3,14.8,8.97,1.38,80.5,88.4,80.8,50.0,0.0,0.03,-0.03,1.38,0.69,0.34,0.0,0.0,3.79,1.72,45.5,3.76,1.71,0.0,0.0,11.5,0.0,0.0,0.0,0.15,-0.55,-0.55,45.2,1.03,3.45,19.7,23.1,4.83,45.2,1.03,42.9,1.38,57.1,26.9,0.0,5.86,4.48,30.7,1.72,0.34,1.38,1.72,0.34,50.0,0.34,0.69,0.34,0.0,1.72,0.69,0.0,3.79,3.76,0.0,0.0,1.03,0.0,0.0,0.0,0.0,0.0,0.0,0.0,1.03,0.0,0.0,0.0,0.0,0.69,4.83,0.34,0.34,0.0,1.38,0.0,0.0,0.0,4.83,0.34,16.7,,,,,,,,,,,,,,,,,,,,,,,,,,,,,Jesús Barea,FW,Real Salt Lake,23-220,,,,,,,,0.0,0.0,0.18965517241379312,-0.55,3.4499999999999997,1.72,FW,Unknown,0,FW
1766618545,2,2025,29,20,1867,20.7,0.77,0.1,0.87,0.72,0.05,0.05,0.34,0.0,0.66,0.62,0.11,0.73,0.53,1.69,5.31,0.77,0.1,0.87,0.72,0.82,0.66,0.11,0.77,0.62,0.73,20.7,19.8,11.8,5.7,0.63,25.8,14.7,7.2,0.77,76.4,80.6,79.2,81.3,260.2,40.3,19.8,11.8,5.7,0.63,25.8,14.7,7.2,0.77,76.4,80.6,79.2,81.3,19.8,11.8,5.7,0.63,25.8,14.7,7.2,0.77,76.4,80.6,79.2,81.3,19.8,11.8,5.7,0.63,25.8,14.7,7.2,0.77,76.4,80.6,79.2,81.3,0.1,0.05,-0.01,1.06,1.45,0.34,0.0,0.77,2.61,1.06,40.7,2.6,1.06,0.28,0.68,10.9,0.0,0.05,0.05,0.24,0.11,0.1,37.6,0.34,2.03,18.4,17.5,4.93,37.6,0.53,50.0,0.53,50.0,19.2,0.29,2.75,1.11,25.4,0.72,0.19,0.48,0.72,0.19,25.0,0.58,1.26,1.26,0.29,1.01,0.34,0.0,2.17,2.17,0.05,0.0,0.1,0.0,0.0,0.0,0.19,0.19,0.05,0.0,0.1,0.0,0.0,0.0,0.0,1.55,0.82,0.58,0.1,0.29,0.48,0.0,0.0,0.0,2.95,1.64,34.0,,,,,,,,,,,,,,,,,,,,,,,,,,,,,Tai Baribo,FW,Philadelphia Union,27-323,Tai Baribo,TAM Player,2025,Tai Baribo,2025.0,700000.0,810000.0,0.037198067632850246,0.004830917874396136,0.0318840579710145,0.10999999999999999,2.2199999999999998,1.01,FW,TAM,0,FW
2563013054,1,2025,1,0,10,0.1,0.0,0.0,0.0,0.0,0.0,0.0,0.0,0.0,0.0,0.0,0.0,0.0,0.0,0.0,10.0,0.0,0.0,0.0,0.0,0.0,0.0,0.0,0.0,0.0,0.0,0.1,40.0,30.0,10.0,0.0,50.0,30.0,10.0,10.0,80.0,100.0,100.0,0.0,390.0,10.0,40.0,30.0,10.0,0.0,50.0,30.0,10.0,10.0,80.0,100.0,100.0,0.0,40.0,30.0,10.0,0.0,50.0,30.0,10.0,10.0,80.0,100.0,100.0,0.0,40.0,30.0,10.0,0.0,50.0,30.0,10.0,10.0,80.0,100.0,100.0,0.0,0.0,0.0,0.0,0.0,0.0,0.0,0.0,0.0,0.0,0.0,,0.0,0.0,,,,0.0,0.0,0.0,,0.0,0.0,50.0,0.0,0.0,10.0,40.0,0.0,50.0,10.0,100.0,0.0,0.0,30.0,0.0,0.0,0.0,50.0,0.0,0.0,0.0,0.0,0.0,,0.0,0.0,0.0,0.0,0.0,0.0,0.0,0.0,0.0,0.0,0.0,0.0,0.0,0.0,0.0,0.0,0.0,0.0,0.0,0.0,0.0,0.0,0.0,0.0,0.0,0.0,0.0,10.0,0.0,0.0,0.0,0.0,0.0,0.0,0.0,,,,,,,,,,,,,,,,,,,,,,,,,,,,,,Andy Batioja,FW,Houston Dynamo,19-307,,,,,,,,0.0,0.0,0.0,0.0,0.0,0.0,FW,Unknown,0,FW
390224602,1,2025,25,23,1877,20.9,0.43,0.14,0.57,0.33,0.1,0.14,0.33,0.0,0.57,0.46,0.13,0.6,1.1,2.11,4.21,0.43,0.14,0.58,0.34,0.48,0.57,0.13,0.7,0.47,0.6,20.9,13.3,7.08,4.74,1.1,21.7,11.3,7.08,1.63,61.4,62.4,66.9,67.6,216.5,46.6,13.3,7.08,4.74,1.1,21.7,11.3,7.08,1.63,61.4,62.4,66.9,67.6,13.3,7.08,4.74,1.1,21.7,11.3,7.08,1.63,61.4,62.4,66.9,67.6,13.3,7.08,4.74,1.1,21.7,11.3,7.08,1.63,61.4,62.4,66.9,67.6,0.14,0.08,0.01,0.91,1.15,0.77,0.0,0.43,3.59,1.63,45.3,3.6,1.63,0.09,0.21,13.0,0.0,0.1,0.14,0.13,-0.14,-0.13,31.7,1.29,2.63,14.2,15.1,6.41,31.6,0.19,21.1,0.67,73.7,15.0,0.72,1.48,1.0,24.3,0.33,0.19,0.14,0.33,0.19,66.7,0.1,0.91,0.77,0.05,0.38,1.1,0.05,2.2,2.21,0.1,0.0,0.1,0.05,0.0,0.0,0.24,0.24,0.1,0.0,0.1,0.05,0.0,0.0,0.0,1.39,1.39,0.96,0.0,0.05,0.14,0.05,0.0,0.0,1.67,7.8,71.2,,,,,,,,,,,,,,,,,,,,,,,,,,,,,Christian Benteke,FW,D.C. United,35-001,Christian Benteke,Designated Player,2025,Christian Benteke,2025.0,4500000.0,4937500.0,0.02057416267942584,0.006698564593301436,0.02727272727272727,-0.13999999999999996,3.21,0.38,FW,DP,0,FW
5975049689,2,2025,17,7,681,7.6,0.0,0.26,0.26,0.0,0.0,0.0,0.0,0.0,0.14,0.14,0.2,0.33,0.79,1.71,4.34,0.0,0.26,0.26,0.0,0.26,0.14,0.19,0.34,0.14,0.34,7.6,11.3,5.79,3.82,0.53,15.0,7.37,5.0,0.53,75.4,78.6,76.3,100.0,155.5,39.3,11.3,5.79,3.82,0.53,15.0,7.37,5.0,0.53,75.4,78.6,76.3,100.0,11.3,5.79,3.82,0.53,15.0,7.37,5.0,0.53,75.4,78.6,76.3,100.0,11.3,5.79,3.82,0.53,15.0,7.37,5.0,0.53,75.4,78.6,76.3,100.0,0.26,0.09,0.07,1.58,0.39,0.39,0.13,0.0,1.05,0.53,50.0,1.06,0.53,0.0,0.0,9.7,0.0,0.0,0.0,0.14,-0.14,-0.14,22.4,0.66,1.32,9.61,11.6,4.61,22.4,0.13,33.3,0.26,66.7,11.3,0.39,2.37,0.39,15.5,0.13,0.0,0.13,0.13,0.0,,0.0,0.26,0.26,0.26,0.39,0.53,0.0,2.5,2.52,0.13,0.0,0.13,0.0,0.0,0.0,0.26,0.27,0.13,0.0,0.13,0.0,0.0,0.0,0.0,1.71,0.66,0.0,0.26,0.26,0.13,0.0,0.0,0.0,0.79,1.71,40.6,,,,,,,,,,,,,,,,,,,,,,,,,,,,,Miguel Berry,FW,LA Galaxy,28-079,Miguel Berry,Standard,2025,Miguel Berry,2025.0,225000.0,231667.0,0.0,0.034210526315789476,0.01842105263157895,-0.14,2.5,0.39,FW,Standard,0,FW
5674537492,3,2025,13,0,242,2.7,0.0,0.0,0.0,0.0,0.0,0.0,1.11,0.0,0.0,0.0,0.0,0.0,2.59,2.22,6.3,0.0,0.0,0.0,0.0,0.0,0.0,0.02,0.02,0.0,0.02,2.7,23.3,15.6,4.44,0.74,33.0,20.4,6.3,2.22,70.8,76.4,70.6,33.3,283.7,56.7,23.3,15.6,4.44,0.74,33.0,20.4,6.3,2.22,70.8,76.4,70.6,33.3,23.3,15.6,4.44,0.74,33.0,20.4,6.3,2.22,70.8,76.4,70.6,33.3,23.3,15.6,4.44,0.74,33.0,20.4,6.3,2.22,70.8,76.4,70.6,33.3,0.0,0.07,0.0,0.37,0.37,1.11,0.37,0.0,0.0,0.0,,0.0,0.0,,,,0.0,0.0,0.0,,0.0,0.0,43.7,2.59,8.52,14.1,21.9,2.96,43.7,1.11,60.0,0.74,40.0,25.9,0.0,1.11,1.11,31.5,2.22,0.37,1.11,2.22,0.37,33.3,0.74,0.74,0.37,1.11,3.33,0.74,0.0,1.85,1.86,0.0,0.0,0.0,0.0,0.0,0.0,0.0,0.0,0.0,0.0,0.0,0.0,0.0,0.0,0.0,2.96,0.37,0.37,2.22,1.11,1.11,0.0,0.0,0.0,2.59,0.0,0.0,,,,,,,,,,,,,,,,,,,,,,,,,,,,,Emmanuel Boateng,FW,San Diego FC,31-321,Emmanuel Boateng,Standard,2025,Emmanuel Boateng,2025.0,300000.0,331500.0,0.0,0.0,0.0,0.0,4.8100000000000005,3.33,FW,Standard,0,FW
7333009453,1,2025,19,1,317,3.5,0.29,0.29,0.57,0.29,0.0,0.0,0.29,0.0,0.14,0.14,0.2,0.34,0.86,1.71,7.71,0.28,0.28,0.57,0.28,0.57,0.15,0.21,0.36,0.15,0.36,3.5,16.3,11.4,4.57,0.0,22.0,13.7,5.71,0.0,74.0,83.3,80.0,,202.6,28.3,16.3,11.4,4.57,0.0,22.0,13.7,5.71,0.0,74.0,83.3,80.0,,16.3,11.4,4.57,0.0,22.0,13.7,5.71,0.0,74.0,83.3,80.0,,16.3,11.4,4.57,0.0,22.0,13.7,5.71,0.0,74.0,83.3,80.0,,0.29,0.06,0.09,1.71,0.0,0.57,0.0,0.29,1.71,0.86,50.0,1.7,0.85,0.17,0.33,12.0,0.0,0.0,0.0,0.09,0.14,0.14,31.1,0.86,1.71,11.1,18.3,3.43,31.1,0.86,42.9,1.14,57.1,17.7,0.29,1.71,2.86,25.7,0.57,0.29,0.57,0.57,0.29,50.0,0.29,0.29,0.0,0.0,0.57,0.57,0.0,3.14,3.13,0.57,0.0,0.0,0.0,0.0,0.0,0.29,0.28,0.57,0.0,0.0,0.0,0.0,0.0,0.0,1.43,1.71,0.86,0.29,0.0,0.57,0.0,0.0,0.0,3.43,2.86,30.3,,,,,,,,,,,,,,,,,,,,,,,,,,,,,Wiktor Bogacz,FW,NY Red Bulls,21-143,Wiktor Bogacz,U22 Initiative,2028,Wiktor Bogacz,2025.0,390000.0,516240.0,0.08285714285714285,0.08285714285714285,0.04,0.14999999999999997,2.57,0.57,FW,U22,0,FW
4119006719,1,2025,31,29,2654,29.5,0.81,0.24,1.05,0.58,0.24,0.27,0.1,0.0,0.74,0.53,0.26,0.79,5.9,2.92,13.1,0.81,0.24,1.05,0.58,0.81,0.74,0.26,1.0,0.53,0.79,29.5,22.9,13.5,7.12,1.66,33.3,16.4,10.7,4.0,68.8,82.4,66.7,41.5,354.1,85.6,22.9,13.5,7.12,1.66,33.3,16.4,10.7,4.0,68.8,82.4,66.7,41.5,22.9,13.5,7.12,1.66,33.3,16.4,10.7,4.0,68.8,82.4,66.7,41.5,22.9,13.5,7.12,1.66,33.3,16.4,10.7,4.0,68.8,82.4,66.7,41.5,0.24,0.23,-0.02,1.59,1.32,1.59,0.17,0.81,4.54,2.03,44.8,4.54,2.03,0.13,0.28,18.4,0.41,0.24,0.27,0.12,0.07,0.05,49.9,0.71,3.42,14.2,33.6,8.44,49.6,3.05,43.7,3.66,52.4,32.1,3.9,3.76,1.76,37.3,0.75,0.31,0.41,0.75,0.31,32.1,0.64,0.54,0.51,0.17,0.92,0.54,0.0,4.75,4.75,0.78,0.1,0.41,0.17,0.07,0.0,0.71,0.71,0.78,0.1,0.41,0.17,0.07,0.0,0.0,1.76,1.12,0.47,4.51,0.17,0.41,0.17,0.03,0.0,3.32,0.75,40.7,,,,,,,,,,,,,,,,,,,,,,,,,,,,,Denis Bouanga,FW,LAFC,31-023,Denis Bouanga,Designated Player,2027,Denis Bouanga,2025.0,3020000.0,3709500.0,0.02745762711864407,0.008135593220338983,0.025084745762711864,0.07000000000000006,8.82,0.92,FW,DP,0,FW
4630076428,1,2025,5,0,100,1.1,0.0,0.0,0.0,0.0,0.0,0.0,0.91,0.0,0.27,0.27,0.36,0.64,0.91,2.73,5.45,0.0,0.0,0.0,0.0,0.0,0.31,0.32,0.63,0.31,0.63,1.1,37.3,25.5,6.36,1.82,44.5,26.4,10.0,2.73,83.7,96.6,63.6,66.7,459.1,131.8,37.3,25.5,6.36,1.82,44.5,26.4,10.0,2.73,83.7,96.6,63.6,66.7,37.3,25.5,6.36,1.82,44.5,26.4,10.0,2.73,83.7,96.6,63.6,66.7,37.3,25.5,6.36,1.82,44.5,26.4,10.0,2.73,83.7,96.6,63.6,66.7,0.0,0.18,-0.36,1.82,3.64,1.82,1.82,0.0,4.55,0.0,0.0,4.5,0.0,0.0,,24.7,0.91,0.0,0.0,0.07,-0.27,-0.27,60.9,0.0,4.55,24.5,31.8,1.82,60.9,0.0,0.0,0.91,100.0,39.1,0.91,3.64,0.0,41.8,2.73,0.91,1.82,2.73,0.91,50.0,0.91,1.82,1.82,0.0,2.73,0.0,0.0,3.64,3.6,0.0,0.0,0.0,0.0,0.91,0.0,0.0,0.0,0.0,0.0,0.0,0.0,0.91,0.0,0.0,0.91,0.0,0.91,3.64,0.0,1.82,0.0,0.0,0.0,3.64,0.0,0.0,,,,,,,,,,,,,,,,,,,,,,,,,,,,,Lachlan Brook,FW,Real Salt Lake,24-299,Lachlan Brook,Standard,2025,,,,,0.0,0.0,0.24545454545454545,-0.27,3.64,2.73,FW,Standard,0,FW
8302144815,2,2025,1,0,1,0.0,0.0,0.0,0.0,0.0,0.0,0.0,0.0,0.0,0.3,0.3,0.0,0.3,0.0,0.0,0.0,0.0,0.0,0.0,0.0,0.0,25.82,0.0,25.82,25.82,25.82,0.0,0.0,0.0,0.0,0.0,0.0,0.0,0.0,0.0,,,,,0.0,0.0,0.0,0.0,0.0,0.0,0.0,0.0,0.0,0.0,,,,,0.0,0.0,0.0,0.0,0.0,0.0,0.0,0.0,,,,,0.0,0.0,0.0,0.0,0.0,0.0,0.0,0.0,,,,,0.0,0.0,0.0,0.0,0.0,0.0,0.0,0.0,1.0,0.0,0.0,90.0,0.0,0.0,,2.7,0.0,0.0,0.0,0.29,-0.3,-0.3,1.0,0.0,0.0,0.0,1.0,1.0,1.0,0.0,,0.0,,1.0,0.0,0.0,0.0,1.0,0.0,0.0,0.0,0.0,0.0,,0.0,0.0,0.0,0.0,0.0,0.0,0.0,0.0,0.0,0.0,0.0,0.0,0.0,0.0,0.0,0.0,0.0,0.0,0.0,0.0,0.0,0.0,0.0,0.0,0.0,0.0,0.0,0.0,0.0,0.0,0.0,0.0,0.0,0.0,0.0,,,,,,,,,,,,,,,,,,,,,,,,,,,,,,Brandon Cambridge,FW,Charlotte,23-093,Brandon Cambridge,Homegrown,2025,Brandon Cambridge,2025.0,125000.0,133026.0,,,,-0.3,0.0,0.0,FW,HG,0,FW
5952292125,2,2025,24,20,1645,18.3,0.38,0.05,0.44,0.38,0.0,0.0,0.27,0.0,0.38,0.38,0.07,0.45,0.71,2.13,4.64,0.38,0.05,0.44,0.38,0.44,0.38,0.07,0.45,0.38,0.45,18.3,16.7,8.74,6.39,0.87,22.3,10.7,7.92,1.31,75.0,82.1,80.7,66.7,258.2,45.6,16.7,8.74,6.39,0.87,22.3,10.7,7.92,1.31,75.0,82.1,80.7,66.7,16.7,8.74,6.39,0.87,22.3,10.7,7.92,1.31,75.0,82.1,80.7,66.7,16.7,8.74,6.39,0.87,22.3,10.7,7.92,1.31,75.0,82.1,80.7,66.7,0.05,0.04,-0.02,0.93,1.64,0.55,0.0,0.38,3.5,1.09,31.3,3.5,1.09,0.11,0.35,15.4,0.0,0.0,0.0,0.11,0.0,0.0,33.3,1.69,3.66,16.3,13.7,4.04,33.3,0.6,64.7,0.33,35.3,15.3,0.27,2.13,1.2,22.6,0.98,0.33,0.55,0.98,0.33,26.1,0.93,1.09,0.82,0.11,1.09,1.58,0.05,2.19,2.19,0.11,0.0,0.05,0.0,0.0,0.0,0.16,0.16,0.11,0.0,0.05,0.0,0.0,0.0,0.0,2.13,0.38,0.27,0.44,0.11,0.55,0.0,0.0,0.0,1.91,2.35,47.8,,,,,,,,,,,,,,,,,,,,,,,,,,,,,Leonardo Campana,FW,NE Revolution,25-133,Leonardo Campana,TAM Player,2027,Leonardo Campana,2025.0,1250000.0,1372333.0,0.020765027322404372,0.00273224043715847,0.020765027322404372,0.0,2.84,1.09,FW,TAM,0,FW
9724988596,1,2025,29,27,2472,27.5,0.25,0.07,0.33,0.22,0.04,0.04,0.29,0.0,0.4,0.37,0.16,0.53,4.87,4.8,9.09,0.25,0.07,0.33,0.22,0.29,0.4,0.16,0.56,0.37,0.53,27.5,38.1,21.0,12.9,2.8,45.4,22.8,14.5,4.62,84.1,91.9,89.2,60.6,595.4,125.4,38.1,21.0,12.9,2.8,45.4,22.8,14.5,4.62,84.1,91.9,89.2,60.6,38.1,21.0,12.9,2.8,45.4,22.8,14.5,4.62,84.1,91.9,89.2,60.6,38.1,21.0,12.9,2.8,45.4,22.8,14.5,4.62,84.1,91.9,89.2,60.6,0.07,0.2,-0.09,0.87,3.27,1.45,0.11,0.25,3.96,1.56,39.4,3.97,1.57,0.06,0.14,18.6,0.15,0.04,0.04,0.09,-0.15,-0.15,59.8,0.4,5.93,24.0,31.4,5.38,59.8,2.22,46.2,2.33,48.5,40.8,2.18,2.8,1.42,45.8,1.09,0.36,0.58,1.09,0.36,28.6,0.91,0.51,0.51,0.65,1.75,0.25,0.0,3.38,3.39,0.51,0.04,0.15,0.04,0.04,0.0,0.51,0.51,0.51,0.04,0.15,0.04,0.04,0.0,0.0,1.45,1.67,0.07,1.93,0.65,0.58,0.0,0.0,0.0,4.15,0.11,18.8,,,,,,,,,,,,,,,,,,,,,,,,,,,,,Gabriel Chaves,FW,LA Galaxy,24-296,,,,,,,,0.00909090909090909,0.0025454545454545456,0.014545454545454545,-0.15000000000000002,9.67,1.7400000000000002,FW,Unknown,0,FW
5655711897,1,2025,2,0,16,0.2,5.0,0.0,5.0,5.0,0.0,0.0,0.0,0.0,0.0,0.0,0.0,0.0,0.0,5.0,5.0,5.63,0.0,5.63,5.63,5.63,0.24,0.0,0.24,0.24,0.24,0.2,15.0,0.0,15.0,0.0,20.0,0.0,15.0,0.0,75.0,,100.0,,305.0,100.0,15.0,0.0,15.0,0.0,20.0,0.0,15.0,0.0,75.0,,100.0,,15.0,0.0,15.0,0.0,20.0,0.0,15.0,0.0,75.0,,100.0,,15.0,0.0,15.0,0.0,20.0,0.0,15.0,0.0,75.0,,100.0,,0.0,0.5,0.0,0.0,0.0,5.0,0.0,5.0,5.0,5.0,100.0,5.63,5.63,1.0,1.0,15.1,0.0,0.0,0.0,0.04,5.0,5.0,40.0,0.0,10.0,10.0,25.0,10.0,40.0,10.0,66.7,5.0,33.3,25.0,0.0,10.0,0.0,20.0,0.0,0.0,0.0,0.0,0.0,,0.0,0.0,0.0,0.0,0.0,0.0,0.0,0.0,0.0,0.0,0.0,0.0,0.0,0.0,0.0,0.0,0.0,0.0,0.0,0.0,0.0,0.0,0.0,0.0,10.0,0.0,0.0,5.0,0.0,0.0,0.0,0.0,0.0,10.0,0.0,,,,,,,,,,,,,,,,,,,,,,,,,,,,,,Antoine Coupland,FW,Vancouver W'caps,21-357,,,,,,,,25.0,0.0,0.0,5.0,5.0,0.0,FW,Unknown,-1,FW
3176254049,1,2025,33,33,2801,31.1,0.55,0.06,0.61,0.45,0.1,0.13,0.0,0.0,0.63,0.52,0.13,0.65,1.0,1.61,4.92,0.55,0.06,0.61,0.45,0.51,0.63,0.13,0.76,0.53,0.65,31.1,12.7,7.36,4.21,0.64,17.9,9.2,5.76,1.19,71.0,80.1,73.2,54.1,183.0,36.0,12.7,7.36,4.21,0.64,17.9,9.2,5.76,1.19,71.0,80.1,73.2,54.1,12.7,7.36,4.21,0.64,17.9,9.2,5.76,1.19,71.0,80.1,73.2,54.1,12.7,7.36,4.21,0.64,17.9,9.2,5.76,1.19,71.0,80.1,73.2,54.1,0.06,0.1,-0.06,1.09,0.87,0.45,0.03,0.55,2.54,1.22,48.1,2.54,1.22,0.18,0.37,11.9,0.0,0.1,0.13,0.21,-0.08,-0.07,30.0,1.19,3.25,13.9,13.2,4.5,29.8,0.39,30.8,0.77,61.5,14.8,0.55,2.64,0.71,19.1,1.48,0.55,1.03,1.48,0.55,37.0,0.93,1.16,1.06,0.68,2.15,1.13,0.0,2.38,2.38,0.19,0.06,0.16,0.03,0.0,0.0,0.19,0.19,0.19,0.06,0.16,0.03,0.0,0.0,0.0,1.06,1.0,0.58,0.29,0.68,1.03,0.03,0.0,0.0,2.19,1.54,39.7,,,,,,,,,,,,,,,,,,,,,,,,,,,,,Hugo Cuypers,FW,Chicago Fire,28-300,Hugo Cuypers,Designated Player,2026,Hugo Cuypers,2025.0,3238000.0,3528044.0,0.017684887459807074,0.0019292604501607716,0.0202572347266881,-0.07999999999999996,2.6100000000000003,2.16,FW,DP,0,FW
2851526183,1,2025,1,0,3,0.0,0.0,0.0,0.0,0.0,0.0,0.0,0.0,0.0,0.0,0.0,0.0,0.0,0.0,0.0,1.0,0.0,0.0,0.0,0.0,0.0,0.0,0.0,0.0,0.0,0.0,0.0,0.0,0.0,0.0,0.0,0.0,0.0,0.0,0.0,,,,,0.0,0.0,0.0,0.0,0.0,0.0,0.0,0.0,0.0,0.0,,,,,0.0,0.0,0.0,0.0,0.0,0.0,0.0,0.0,,,,,0.0,0.0,0.0,0.0,0.0,0.0,0.0,0.0,,,,,0.0,0.0,0.0,0.0,0.0,0.0,0.0,0.0,0.0,0.0,,0.0,0.0,,,,0.0,0.0,0.0,,0.0,0.0,1.0,0.0,0.0,0.0,1.0,0.0,1.0,0.0,,0.0,,1.0,0.0,0.0,1.0,1.0,0.0,0.0,0.0,0.0,0.0,,0.0,0.0,0.0,0.0,0.0,0.0,0.0,0.0,0.0,0.0,0.0,0.0,0.0,0.0,0.0,0.0,0.0,0.0,0.0,0.0,0.0,0.0,0.0,0.0,0.0,0.0,0.0,0.0,0.0,0.0,0.0,0.0,0.0,0.0,0.0,,,,,,,,,,,,,,,,,,,,,,,,,,,,,,Edward Davis,FW,Philadelphia Union,19-170,,,,,,,,,,,0.0,0.0,0.0,FW,Unknown,0,FW
5614080079,1,2025,12,3,259,2.9,0.34,0.0,0.34,0.34,0.0,0.0,0.69,0.0,1.14,1.14,0.0,1.14,1.03,0.34,4.14,0.35,0.0,0.35,0.35,0.35,1.15,0.0,1.15,1.15,1.15,2.9,11.7,7.59,2.76,0.0,15.2,8.62,3.79,0.69,77.3,88.0,72.7,0.0,125.5,12.1,11.7,7.59,2.76,0.0,15.2,8.62,3.79,0.69,77.3,88.0,72.7,0.0,11.7,7.59,2.76,0.0,15.2,8.62,3.79,0.69,77.3,88.0,72.7,0.0,11.7,7.59,2.76,0.0,15.2,8.62,3.79,0.69,77.3,88.0,72.7,0.0,0.0,0.03,0.0,0.0,0.34,0.0,0.0,0.34,6.21,1.38,22.2,6.25,1.39,0.06,0.25,14.1,0.0,0.0,0.0,0.18,-0.79,-0.79,29.7,0.69,2.41,12.1,15.9,5.86,29.7,0.69,40.0,1.03,60.0,16.6,0.34,3.79,1.38,23.1,1.03,0.69,0.34,1.03,0.69,100.0,0.0,0.34,0.34,0.34,1.38,0.69,0.0,0.34,0.35,0.34,0.0,0.0,0.0,0.0,0.0,0.0,0.0,0.34,0.0,0.0,0.0,0.0,0.0,0.0,2.07,2.07,0.69,0.0,0.34,0.34,0.0,0.0,0.0,3.45,4.48,65.0,,,,,,,,,,,,,,,,,,,,,,,,,,,,,Osaze De Rosario,FW,Seattle Sounders,24-138,,,,Osaze De Rosario,2025.0,80622.0,80622.0,0.11724137931034484,0.0,0.393103448275862,-0.7999999999999998,1.37,1.37,FW,Unknown,-1,FW
1292749491,1,2025,2,0,23,0.3,0.0,0.0,0.0,0.0,0.0,0.0,0.0,0.0,0.0,0.0,0.0,0.0,0.0,0.0,3.33,0.0,0.0,0.0,0.0,0.0,0.07,0.0,0.07,0.07,0.07,0.3,6.67,0.0,6.67,0.0,13.3,6.67,6.67,0.0,50.0,0.0,100.0,,126.7,0.0,6.67,0.0,6.67,0.0,13.3,6.67,6.67,0.0,50.0,0.0,100.0,,6.67,0.0,6.67,0.0,13.3,6.67,6.67,0.0,50.0,0.0,100.0,,6.67,0.0,6.67,0.0,13.3,6.67,6.67,0.0,50.0,0.0,100.0,,0.0,0.0,0.0,0.0,0.0,0.0,0.0,0.0,3.33,0.0,0.0,3.91,0.0,0.0,,28.4,0.0,0.0,0.0,0.02,0.0,0.0,20.0,3.33,3.33,6.67,10.0,0.0,20.0,0.0,,0.0,,6.67,0.0,0.0,0.0,6.67,0.0,0.0,0.0,0.0,0.0,,0.0,3.33,3.33,0.0,0.0,3.33,0.0,0.0,0.0,0.0,0.0,0.0,0.0,0.0,0.0,0.0,0.0,0.0,0.0,0.0,0.0,0.0,0.0,0.0,10.0,0.0,0.0,0.0,0.0,0.0,0.0,0.0,0.0,0.0,0.0,,,,,,,,,,,,,,,,,,,,,,,,,,,,,,Louicius Deedson,FW,FC Dallas,24-296,,,,Louicius Deedson,2025.0,280000.0,330319.0,0.0,0.0,0.0,0.0,0.0,0.0,FW,Unknown,0,FW
6295737852,1,2025,29,26,2273,25.3,0.59,0.04,0.63,0.47,0.12,0.12,0.28,0.0,0.43,0.34,0.09,0.43,1.54,1.46,5.77,0.59,0.04,0.63,0.48,0.51,0.43,0.09,0.52,0.34,0.43,25.3,16.5,10.1,5.18,0.43,19.9,11.4,6.05,0.63,82.9,88.2,85.6,68.8,224.4,36.2,16.5,10.1,5.18,0.43,19.9,11.4,6.05,0.63,82.9,88.2,85.6,68.8,16.5,10.1,5.18,0.43,19.9,11.4,6.05,0.63,82.9,88.2,85.6,68.8,16.5,10.1,5.18,0.43,19.9,11.4,6.05,0.63,82.9,88.2,85.6,68.8,0.04,0.07,-0.05,0.99,0.99,0.59,0.04,0.59,2.92,1.3,44.6,2.93,1.31,0.16,0.36,16.6,0.0,0.12,0.12,0.12,0.16,0.13,31.6,0.51,2.41,14.1,15.5,4.23,31.5,0.95,44.4,1.11,51.9,19.1,0.63,3.56,2.06,24.3,0.43,0.16,0.28,0.43,0.16,30.8,0.36,0.2,0.12,0.32,0.75,0.47,0.0,2.65,2.65,0.2,0.04,0.2,0.04,0.08,0.0,0.24,0.24,0.2,0.04,0.2,0.04,0.08,0.0,0.0,1.38,1.3,0.79,0.12,0.32,0.28,0.04,0.04,0.0,2.65,1.62,40.2,,,,,,,,,,,,,,,,,,,,,,,,,,,,,Kévin Denkey,FW,FC Cincinnati,25-004,Kévin Denkey,Designated Player,2028,Kévin Denkey,2025.0,3800000.0,3810000.0,0.023320158102766796,0.0015810276679841897,0.01699604743083004,0.15999999999999998,3.0,0.75,FW,DP,0,FW
8953752870,1,2025,4,1,114,1.3,0.0,0.0,0.0,0.0,0.0,0.0,0.0,0.0,0.54,0.54,0.0,0.54,1.54,2.31,3.08,0.0,0.0,0.0,0.0,0.0,0.51,0.0,0.51,0.51,0.51,1.3,10.0,5.38,4.62,0.0,16.2,6.15,7.69,0.0,61.9,87.5,60.0,,142.3,28.5,10.0,5.38,4.62,0.0,16.2,6.15,7.69,0.0,61.9,87.5,60.0,,10.0,5.38,4.62,0.0,16.2,6.15,7.69,0.0,61.9,87.5,60.0,,10.0,5.38,4.62,0.0,16.2,6.15,7.69,0.0,61.9,87.5,60.0,,0.0,0.0,0.0,0.0,0.0,0.0,0.0,0.0,2.31,0.0,0.0,2.37,0.0,0.0,,7.9,0.0,0.0,0.0,0.22,-0.54,-0.54,25.4,0.77,2.31,8.46,14.6,4.62,25.4,0.0,,0.0,,11.5,0.77,3.85,1.54,17.7,0.77,0.0,0.0,0.77,0.0,,0.0,0.0,0.0,0.0,0.77,0.0,0.0,0.0,0.0,0.0,0.0,0.0,0.0,0.0,0.0,0.0,0.0,0.0,0.0,0.0,0.0,0.0,0.0,0.0,1.54,0.77,0.77,1.54,0.0,0.0,0.0,0.0,0.0,1.54,5.38,63.6,,,,,,,,,,,,,,,,,,,,,,,,,,,,,Mamadou Dieng,FW,Minnesota Utd,21-303,,,,Mamadou Dieng,2025.0,80622.0,83769.0,0.0,0.0,0.4153846153846154,-0.54,3.85,0.77,FW,Unknown,0,FW
2252899881,1,2025,6,6,429,4.8,0.42,0.0,0.42,0.42,0.0,0.0,0.0,0.0,0.19,0.19,0.06,0.25,3.75,2.71,10.0,0.42,0.0,0.42,0.42,0.42,0.19,0.06,0.24,0.19,0.24,4.8,28.3,15.8,10.0,1.88,34.4,17.7,11.9,2.71,82.4,89.4,84.2,69.2,453.1,75.4,28.3,15.8,10.0,1.88,34.4,17.7,11.9,2.71,82.4,89.4,84.2,69.2,28.3,15.8,10.0,1.88,34.4,17.7,11.9,2.71,82.4,89.4,84.2,69.2,28.3,15.8,10.0,1.88,34.4,17.7,11.9,2.71,82.4,89.4,84.2,69.2,0.0,0.15,-0.06,0.63,1.46,1.25,0.0,0.42,2.5,1.04,41.7,2.52,1.05,0.17,0.4,16.6,0.0,0.0,0.0,0.07,0.23,0.23,43.5,0.63,4.79,13.1,26.0,4.38,43.5,0.63,27.3,1.04,45.5,29.6,2.29,1.67,0.83,35.4,0.42,0.21,0.21,0.42,0.21,33.3,0.42,0.83,0.83,0.21,0.63,0.63,0.0,2.5,2.52,0.21,0.0,0.21,0.0,0.0,0.0,0.21,0.21,0.21,0.0,0.21,0.0,0.0,0.0,0.0,0.0,1.25,0.0,1.67,0.21,0.21,0.0,0.0,0.0,2.08,0.0,0.0,,,,,,,,,,,,,,,,,,,,,,,,,,,,,Javairô Dilrosun,FW,LAFC,27-165,,,,,,,,0.0875,0.0,0.03958333333333334,0.22999999999999998,6.46,0.63,FW,Unknown,0,FW
2293640672,1,2025,34,34,3019,33.5,0.57,0.51,1.07,0.48,0.09,0.12,0.09,0.0,0.51,0.41,0.35,0.76,2.42,4.24,7.97,0.57,0.51,1.07,0.48,0.98,0.51,0.35,0.86,0.41,0.76,33.5,35.5,19.1,12.1,2.87,46.9,21.9,15.6,5.82,75.7,87.6,77.5,49.2,562.7,148.6,35.5,19.1,12.1,2.87,46.9,21.9,15.6,5.82,75.7,87.6,77.5,49.2,35.5,19.1,12.1,2.87,46.9,21.9,15.6,5.82,75.7,87.6,77.5,49.2,35.5,19.1,12.1,2.87,46.9,21.9,15.6,5.82,75.7,87.6,77.5,49.2,0.51,0.31,0.16,2.45,2.69,1.85,0.3,0.57,2.99,1.28,43.0,2.98,1.28,0.16,0.37,19.0,0.15,0.09,0.12,0.14,0.06,0.07,54.7,0.21,4.66,22.4,28.1,5.25,54.6,0.69,46.9,0.75,51.0,31.7,1.13,1.64,0.72,43.3,0.45,0.3,0.3,0.45,0.3,55.6,0.24,0.48,0.48,0.24,0.69,0.15,0.06,4.6,4.59,0.27,0.09,0.12,0.0,0.03,0.0,0.9,0.89,0.27,0.09,0.12,0.0,0.03,0.0,0.0,0.3,0.6,0.57,4.72,0.24,0.3,0.0,0.0,0.0,2.21,0.03,33.3,,,,,,,,,,,,,,,,,,,,,,,,,,,,,Anders Dreyer,FW,San Diego FC,27-216,Anders Dreyer,Designated Player,2027,Anders Dreyer,2025.0,2117647.0,2434314.0,0.017014925373134326,0.015223880597014926,0.015223880597014926,0.05999999999999994,6.66,0.69,FW,DP,0,FW
4722072757,2,2025,22,9,876,9.7,0.41,0.1,0.52,0.41,0.0,0.0,0.0,0.0,0.34,0.34,0.15,0.49,0.72,2.27,3.92,0.41,0.1,0.51,0.41,0.51,0.34,0.15,0.5,0.34,0.5,9.7,18.6,11.4,5.46,0.93,21.9,12.7,6.39,1.24,84.9,90.2,85.5,75.0,263.1,63.2,18.6,11.4,5.46,0.93,21.9,12.7,6.39,1.24,84.9,90.2,85.5,75.0,18.6,11.4,5.46,0.93,21.9,12.7,6.39,1.24,84.9,90.2,85.5,75.0,18.6,11.4,5.46,0.93,21.9,12.7,6.39,1.24,84.9,90.2,85.5,75.0,0.1,0.15,-0.05,0.93,2.16,0.41,0.1,0.41,1.96,0.93,47.4,1.95,0.92,0.21,0.44,14.9,0.1,0.0,0.0,0.18,0.07,0.07,31.0,1.03,2.16,14.7,14.3,3.3,31.0,0.72,58.3,0.52,41.7,17.6,0.21,2.58,1.03,23.1,0.31,0.21,0.1,0.31,0.21,33.3,0.41,0.41,0.41,0.21,0.52,0.72,0.0,2.58,2.57,0.1,0.0,0.21,0.1,0.0,0.0,0.31,0.31,0.1,0.0,0.21,0.1,0.0,0.0,0.0,1.03,1.13,0.41,0.1,0.21,0.1,0.1,0.0,0.0,2.58,0.93,39.1,,,,,,,,,,,,,,,,,,,,,,,,,,,,,Jeremy Ebobisse,FW,LAFC,28-293,Jeremy Ebobisse,TAM Player,2027,Jeremy Ebobisse,2025.0,680000.0,680000.0,0.042268041237113405,0.010309278350515465,0.035051546391752585,0.06999999999999995,2.99,0.52,FW,TAM,0,FW
187754482,1,2025,1,0,3,0.0,0.0,0.0,0.0,0.0,0.0,0.0,0.0,0.0,0.0,0.0,0.0,0.0,0.0,0.0,0.0,0.0,0.0,0.0,0.0,0.0,0.0,0.0,0.0,0.0,0.0,0.0,2.0,1.0,0.0,0.0,2.0,1.0,0.0,0.0,100.0,100.0,,,8.0,1.0,2.0,1.0,0.0,0.0,2.0,1.0,0.0,0.0,100.0,100.0,,,2.0,1.0,0.0,0.0,2.0,1.0,0.0,0.0,100.0,100.0,,,2.0,1.0,0.0,0.0,2.0,1.0,0.0,0.0,100.0,100.0,,,0.0,0.0,0.0,0.0,0.0,0.0,0.0,0.0,0.0,0.0,,0.0,0.0,,,,0.0,0.0,0.0,,0.0,0.0,4.0,0.0,1.0,0.0,3.0,0.0,4.0,0.0,0.0,1.0,100.0,2.0,0.0,0.0,0.0,2.0,0.0,0.0,0.0,0.0,0.0,0.0,1.0,0.0,0.0,1.0,1.0,0.0,0.0,0.0,0.0,0.0,0.0,0.0,0.0,0.0,0.0,0.0,0.0,0.0,0.0,0.0,0.0,0.0,0.0,0.0,0.0,0.0,0.0,0.0,1.0,0.0,0.0,0.0,0.0,0.0,0.0,,,,,,,,,,,,,,,,,,,,,,,,,,,,,,Justin Ellis,FW,Orlando City,18-204,,,,,,,,,,,0.0,0.0,1.0,FW,Unknown,0,FW
597327574,1,2025,7,2,203,2.3,0.87,0.0,0.87,0.87,0.0,0.0,0.0,0.0,0.43,0.43,0.04,0.48,0.43,1.74,3.48,0.89,0.0,0.89,0.89,0.89,0.42,0.05,0.47,0.42,0.47,2.3,16.1,10.4,3.48,0.87,20.4,12.6,3.91,1.74,78.7,82.8,88.9,50.0,203.9,28.3,16.1,10.4,3.48,0.87,20.4,12.6,3.91,1.74,78.7,82.8,88.9,50.0,16.1,10.4,3.48,0.87,20.4,12.6,3.91,1.74,78.7,82.8,88.9,50.0,16.1,10.4,3.48,0.87,20.4,12.6,3.91,1.74,78.7,82.8,88.9,50.0,0.0,0.04,-0.04,0.87,0.43,0.43,0.0,0.87,2.61,0.87,33.3,2.66,0.89,0.33,1.0,9.0,0.0,0.0,0.0,0.16,0.43,0.43,32.6,1.3,3.04,13.9,15.7,4.35,32.6,0.43,25.0,1.3,75.0,16.1,0.0,3.04,2.17,23.0,1.74,0.0,1.3,1.74,0.0,0.0,0.87,0.87,0.87,0.0,1.74,0.87,0.0,1.3,1.33,0.0,0.0,0.0,0.0,0.0,0.0,0.0,0.0,0.0,0.0,0.0,0.0,0.0,0.0,0.0,2.17,0.87,0.43,0.43,0.0,1.3,0.0,0.0,0.0,0.43,1.74,57.1,,,,,,,,,,,,,,,,,,,,,,,,,,,,,Rayan Elloumi,FW,Vancouver W'caps,18-078,,,,Rayan Elloumi,2025.0,80622.0,96268.0,0.37826086956521743,0.0,0.18695652173913044,0.44,2.17,1.74,FW,Unknown,0,FW
3423401808,1,2025,24,8,942,10.5,0.76,0.0,0.76,0.76,0.0,0.0,0.19,0.0,0.7,0.7,0.02,0.72,1.24,1.24,4.67,0.76,0.0,0.76,0.76,0.76,0.71,0.02,0.73,0.71,0.73,10.5,16.3,10.3,4.29,0.57,21.9,12.8,5.43,0.95,74.3,80.6,78.9,60.0,217.1,26.8,16.3,10.3,4.29,0.57,21.9,12.8,5.43,0.95,74.3,80.6,78.9,60.0,16.3,10.3,4.29,0.57,21.9,12.8,5.43,0.95,74.3,80.6,78.9,60.0,16.3,10.3,4.29,0.57,21.9,12.8,5.43,0.95,74.3,80.6,78.9,60.0,0.0,0.06,-0.02,0.57,0.86,0.29,0.0,0.76,2.86,1.52,53.3,2.87,1.53,0.27,0.5,12.3,0.0,0.0,0.0,0.25,0.06,0.06,33.6,1.43,3.14,14.4,16.5,5.14,33.6,0.67,29.2,1.43,62.5,16.5,0.48,2.95,1.05,23.5,0.76,0.29,0.57,0.76,0.29,42.9,0.38,0.57,0.48,0.29,1.05,1.43,0.0,1.9,1.91,0.19,0.1,0.0,0.0,0.1,0.0,0.29,0.29,0.19,0.1,0.0,0.0,0.1,0.0,0.0,1.43,1.05,0.38,0.38,0.29,0.57,0.0,0.0,0.0,1.9,3.33,56.5,,,,,,,,,,,,,,,,,,,,,,,,,,,,,Ramiro Enrique,FW,Orlando City,24-214,Ramiro Enrique,U22 Initiative,2025,,,,,0.07238095238095238,0.0,0.06666666666666667,0.06000000000000005,2.48,1.05,FW,U22,0,FW
9172600113,1,2025,11,10,883,9.8,0.31,0.1,0.41,0.31,0.0,0.0,0.2,0.0,0.18,0.18,0.18,0.38,3.37,5.2,6.22,0.31,0.1,0.41,0.31,0.41,0.19,0.18,0.37,0.19,0.37,9.8,31.7,14.9,12.8,2.96,41.8,16.7,14.4,6.12,75.9,89.0,88.7,48.3,543.6,151.0,31.7,14.9,12.8,2.96,41.8,16.7,14.4,6.12,75.9,89.0,88.7,48.3,31.7,14.9,12.8,2.96,41.8,16.7,14.4,6.12,75.9,89.0,88.7,48.3,31.7,14.9,12.8,2.96,41.8,16.7,14.4,6.12,75.9,89.0,88.7,48.3,0.1,0.15,-0.08,1.53,3.27,1.33,0.51,0.31,1.63,0.61,37.5,1.63,0.61,0.19,0.5,19.0,0.0,0.0,0.0,0.12,0.12,0.12,52.9,0.51,5.31,25.2,23.2,3.06,52.9,1.43,66.7,0.61,28.6,31.9,0.82,2.45,1.84,37.0,1.84,0.51,1.33,1.84,0.51,38.5,0.82,1.73,1.73,0.51,2.35,0.41,0.0,4.29,4.28,0.51,0.1,0.41,0.0,0.1,0.0,0.41,0.41,0.51,0.1,0.41,0.0,0.1,0.0,0.0,2.14,2.24,0.0,5.1,0.51,1.33,0.0,0.0,0.0,3.98,0.1,11.1,,,,,,,,,,,,,,,,,,,,,,,,,,,,,Nicolás Ezequiel Fernández,FW,NYCFC,25-327,,,,,,,,0.03163265306122449,0.01020408163265306,0.01836734693877551,0.13,8.57,2.35,FW,Unknown,0,FW
4282791329,2,2025,3,0,77,0.9,0.0,0.0,0.0,0.0,0.0,0.0,0.0,0.0,0.11,0.11,0.0,0.11,1.11,1.11,5.56,0.0,0.0,0.0,0.0,0.0,0.07,0.02,0.09,0.07,0.09,0.9,11.1,4.44,5.56,0.0,14.4,4.44,7.78,1.11,76.9,100.0,71.4,0.0,171.1,23.3,11.1,4.44,5.56,0.0,14.4,4.44,7.78,1.11,76.9,100.0,71.4,0.0,11.1,4.44,5.56,0.0,14.4,4.44,7.78,1.11,76.9,100.0,71.4,0.0,11.1,4.44,5.56,0.0,14.4,4.44,7.78,1.11,76.9,100.0,71.4,0.0,0.0,0.0,0.0,1.11,1.11,0.0,0.0,0.0,2.22,0.0,0.0,2.34,0.0,0.0,,28.3,0.0,0.0,0.0,0.03,-0.11,-0.11,33.3,1.11,4.44,15.6,13.3,2.22,33.3,0.0,0.0,3.33,100.0,20.0,1.11,4.44,3.33,21.1,2.22,2.22,1.11,2.22,2.22,66.7,1.11,0.0,0.0,0.0,2.22,1.11,0.0,1.11,1.17,0.0,0.0,0.0,0.0,0.0,0.0,0.0,0.0,0.0,0.0,0.0,0.0,0.0,0.0,0.0,1.11,0.0,0.0,0.0,0.0,1.11,0.0,0.0,0.0,2.22,1.11,33.3,,,,,,,,,,,,,,,,,,,,,,,,,,,,,Kristian Fletcher,FW,D.C. United,20-120,Kristian Fletcher,Homegrown,2025,Kristian Fletcher,2025.0,150000.0,169509.0,0.0,0.0,0.12222222222222222,-0.11,2.22,2.22,FW,HG,0,FW
3495356408,1,2025,11,6,528,5.9,0.51,0.17,0.68,0.51,0.0,0.0,0.17,0.0,0.53,0.53,0.12,0.64,0.68,2.37,6.78,0.51,0.17,0.68,0.51,0.68,0.53,0.12,0.65,0.53,0.65,5.9,15.8,7.29,6.1,1.36,25.1,10.7,7.29,1.86,62.8,68.3,83.7,72.7,257.3,46.9,15.8,7.29,6.1,1.36,25.1,10.7,7.29,1.86,62.8,68.3,83.7,72.7,15.8,7.29,6.1,1.36,25.1,10.7,7.29,1.86,62.8,68.3,83.7,72.7,15.8,7.29,6.1,1.36,25.1,10.7,7.29,1.86,62.8,68.3,83.7,72.7,0.17,0.07,0.05,1.69,1.53,0.68,0.0,0.51,3.39,1.53,45.0,3.41,1.53,0.15,0.33,13.8,0.34,0.0,0.0,0.15,-0.02,-0.02,38.1,1.36,2.88,20.3,15.1,6.1,38.1,0.0,0.0,0.17,50.0,15.3,0.17,4.07,0.17,25.8,0.68,0.17,0.34,0.68,0.17,50.0,0.17,0.68,0.51,0.17,0.85,1.02,0.0,3.05,3.07,0.0,0.0,0.34,0.17,0.0,0.0,0.68,0.68,0.0,0.0,0.34,0.17,0.0,0.0,0.0,1.19,1.53,0.51,0.17,0.17,0.34,0.0,0.0,0.0,1.36,3.39,57.1,,,,,,,,,,,,,,,,,,,,,,,,,,,,,Olivier Giroud,FW,LAFC,39-065,Olivier Giroud,Designated Player,2025,,,,,0.08644067796610169,0.0288135593220339,0.08983050847457627,-0.020000000000000018,3.0500000000000003,0.8500000000000001,FW,DP,0,FW
8679563608,1,2025,6,1,123,1.4,0.0,0.0,0.0,0.0,0.0,0.0,0.0,0.0,0.07,0.07,0.0,0.07,0.71,1.43,6.43,0.0,0.0,0.0,0.0,0.0,0.09,0.02,0.11,0.09,0.11,1.4,8.57,5.71,2.14,0.0,12.1,7.14,3.57,0.0,70.6,80.0,60.0,,102.1,14.3,8.57,5.71,2.14,0.0,12.1,7.14,3.57,0.0,70.6,80.0,60.0,,8.57,5.71,2.14,0.0,12.1,7.14,3.57,0.0,70.6,80.0,60.0,,8.57,5.71,2.14,0.0,12.1,7.14,3.57,0.0,70.6,80.0,60.0,,0.0,0.07,0.0,0.71,0.71,0.71,0.0,0.0,0.71,0.71,100.0,0.73,0.73,0.0,0.0,16.3,0.0,0.0,0.0,0.13,-0.07,-0.07,25.0,0.0,0.0,12.1,12.9,4.29,25.0,0.0,0.0,0.71,100.0,19.3,2.14,7.14,3.57,22.9,0.71,0.0,0.71,0.71,0.0,,0.0,0.71,0.71,0.71,1.43,0.0,0.0,1.43,1.46,0.0,0.0,0.71,0.0,0.0,0.0,0.0,0.0,0.0,0.0,0.71,0.0,0.0,0.0,0.0,2.14,2.14,0.0,0.0,0.71,0.71,0.0,0.0,0.0,3.57,2.86,40.0,,,,,,,,,,,,,,,,,,,,,,,,,,,,,Owen Graham Roache,FW,CF Montréal,17-296,,,,,,,,0.0,0.0,0.05000000000000001,-0.07,2.1399999999999997,1.42,FW,Unknown,0,FW
6578617570,1,2025,10,9,803,8.9,1.01,0.22,1.24,1.01,0.0,0.0,0.0,0.0,0.6,0.6,0.33,0.93,3.71,4.83,4.61,1.01,0.22,1.23,1.01,1.23,0.59,0.33,0.93,0.59,0.93,8.9,27.2,15.3,7.87,2.36,34.2,17.0,9.1,5.17,79.6,90.1,86.4,45.7,409.1,131.7,27.2,15.3,7.87,2.36,34.2,17.0,9.1,5.17,79.6,90.1,86.4,45.7,27.2,15.3,7.87,2.36,34.2,17.0,9.1,5.17,79.6,90.1,86.4,45.7,27.2,15.3,7.87,2.36,34.2,17.0,9.1,5.17,79.6,90.1,86.4,45.7,0.22,0.26,-0.1,3.71,2.58,1.91,0.0,1.01,3.93,2.13,54.3,3.92,2.13,0.26,0.47,18.1,0.22,0.0,0.0,0.15,0.42,0.42,45.3,0.45,2.25,16.4,27.3,4.94,45.3,2.02,42.9,2.13,45.2,27.4,1.35,1.69,2.25,33.9,0.67,0.34,0.56,0.67,0.34,42.9,0.45,0.11,0.11,0.0,0.67,0.45,0.0,6.07,6.05,0.34,0.11,0.45,0.11,0.0,0.0,0.79,0.78,0.34,0.11,0.45,0.11,0.0,0.0,0.0,0.34,1.8,0.45,4.04,0.0,0.56,0.11,0.0,0.0,2.81,0.22,40.0,,,,,,,,,,,,,,,,,,,,,,,,,,,,,Son Heung-min,FW,LAFC,33-149,,,,,,,,0.11348314606741573,0.024719101123595506,0.06741573033707865,0.41000000000000003,8.54,0.67,FW,Unknown,0,FW
5485520815,2,2025,10,0,78,0.9,0.0,0.0,0.0,0.0,0.0,0.0,0.0,0.0,1.0,1.0,0.11,1.0,3.33,8.89,6.67,0.0,0.0,0.0,0.0,0.0,1.01,0.08,1.09,1.01,1.09,0.9,26.7,12.2,7.78,6.67,34.4,15.6,11.1,6.67,77.4,78.6,70.0,100.0,535.6,128.9,26.7,12.2,7.78,6.67,34.4,15.6,11.1,6.67,77.4,78.6,70.0,100.0,26.7,12.2,7.78,6.67,34.4,15.6,11.1,6.67,77.4,78.6,70.0,100.0,26.7,12.2,7.78,6.67,34.4,15.6,11.1,6.67,77.4,78.6,70.0,100.0,0.0,0.11,-0.11,1.11,6.67,0.0,0.0,0.0,6.67,0.0,0.0,6.92,0.0,0.0,,16.2,0.0,0.0,0.0,0.15,-1.0,-1.0,50.0,0.0,0.0,18.9,31.1,7.78,50.0,1.11,100.0,0.0,0.0,31.1,2.22,7.78,2.22,38.9,0.0,0.0,0.0,0.0,0.0,,0.0,0.0,0.0,0.0,0.0,0.0,0.0,4.44,4.62,1.11,0.0,0.0,0.0,0.0,0.0,0.0,0.0,1.11,0.0,0.0,0.0,0.0,0.0,0.0,2.22,1.11,0.0,0.0,0.0,0.0,0.0,0.0,0.0,1.11,3.33,33.3,,,,,,,,,,,,,,,,,,,,,,,,,,,,,Sunusi Ibrahim,FW,CF Montréal,23-064,Sunusi Ibrahim,Standard,2026,Sunusi Ibrahim,2025.0,350000.0,410000.0,0.0,0.0,1.1111111111111112,-1.0,12.22,0.0,FW,Standard,-1,FW
3049847898,1,2025,6,3,307,3.4,0.0,0.29,0.29,0.0,0.0,0.0,0.29,0.0,0.41,0.41,0.32,0.74,7.65,7.06,9.12,0.0,0.29,0.29,0.0,0.29,0.42,0.33,0.75,0.42,0.75,3.4,27.4,14.4,10.3,2.35,35.3,16.2,11.8,4.71,77.5,89.1,87.5,50.0,480.9,178.5,27.4,14.4,10.3,2.35,35.3,16.2,11.8,4.71,77.5,89.1,87.5,50.0,27.4,14.4,10.3,2.35,35.3,16.2,11.8,4.71,77.5,89.1,87.5,50.0,27.4,14.4,10.3,2.35,35.3,16.2,11.8,4.71,77.5,89.1,87.5,50.0,0.29,0.59,-0.03,4.12,4.12,2.94,0.0,0.0,4.12,1.18,28.6,4.1,1.17,0.0,0.0,16.2,0.0,0.0,0.0,0.1,-0.41,-0.41,52.1,0.59,4.41,17.4,31.8,6.47,52.1,3.53,57.1,2.06,33.3,35.9,2.06,2.94,2.35,35.6,1.47,0.29,0.59,1.47,0.29,50.0,0.29,2.35,2.35,0.0,1.47,0.29,0.0,7.35,7.35,0.88,0.0,0.29,0.0,0.0,0.0,0.29,0.29,0.88,0.0,0.29,0.0,0.0,0.0,0.0,1.47,2.94,0.29,2.65,0.0,0.59,0.0,0.0,0.0,5.88,0.0,,,,,,,,,,,,,,,,,,,,,,,,,,,,,,Ivan Jaime Pajuelo,FW,CF Montréal,25-069,,,,,,,,0.0,0.08529411764705883,0.12058823529411765,-0.41,14.71,1.47,FW,Unknown,-1,FW
859006172,2,2025,32,31,2763,30.7,0.59,0.07,0.65,0.42,0.16,0.2,0.1,0.0,0.46,0.3,0.09,0.39,1.04,1.76,4.69,0.59,0.07,0.65,0.42,0.49,0.46,0.09,0.55,0.3,0.39,30.7,16.4,9.41,4.98,0.55,23.0,12.7,6.22,0.78,71.1,74.1,80.1,70.8,216.4,29.3,16.4,9.41,4.98,0.55,23.0,12.7,6.22,0.78,71.1,74.1,80.1,70.8,16.4,9.41,4.98,0.55,23.0,12.7,6.22,0.78,71.1,74.1,80.1,70.8,16.4,9.41,4.98,0.55,23.0,12.7,6.22,0.78,71.1,74.1,80.1,70.8,0.07,0.08,-0.03,1.01,0.65,0.65,0.0,0.59,2.05,1.07,52.4,2.05,1.07,0.21,0.39,14.3,0.03,0.16,0.2,0.15,0.13,0.12,31.9,0.72,1.63,12.4,17.9,5.93,31.7,0.55,36.2,0.94,61.7,15.7,0.94,2.38,1.04,22.0,0.68,0.2,0.46,0.68,0.2,40.0,0.29,0.26,0.23,0.07,0.75,0.65,0.03,2.48,2.48,0.13,0.03,0.26,0.07,0.0,0.0,0.23,0.23,0.13,0.03,0.26,0.07,0.0,0.0,0.0,1.24,0.98,0.36,0.1,0.07,0.46,0.07,0.0,0.0,1.76,1.4,42.2,,,,,,,,,,,,,,,,,,,,,,,,,,,,,Dejan Joveljić,FW,Sporting KC,26-119,,,,Dejan Joveljić,2025.0,3000000.0,3306250.0,0.019218241042345277,0.0022801302931596094,0.014983713355048861,0.12999999999999995,2.8,0.75,FW,Unknown,0,FW
5849774764,3,2025,19,8,786,8.7,0.0,0.0,0.0,0.0,0.0,0.0,0.23,0.0,0.18,0.18,0.2,0.38,1.61,1.15,4.94,0.0,0.0,0.0,0.0,0.0,0.18,0.2,0.38,0.18,0.38,8.7,15.5,10.0,4.48,0.34,21.3,12.1,5.98,0.69,73.0,82.9,75.0,50.0,209.9,30.8,15.5,10.0,4.48,0.34,21.3,12.1,5.98,0.69,73.0,82.9,75.0,50.0,15.5,10.0,4.48,0.34,21.3,12.1,5.98,0.69,73.0,82.9,75.0,50.0,15.5,10.0,4.48,0.34,21.3,12.1,5.98,0.69,73.0,82.9,75.0,50.0,0.0,0.07,-0.2,1.03,0.8,0.34,0.0,0.0,1.61,0.34,21.4,1.6,0.34,0.0,0.0,16.3,0.0,0.0,0.0,0.11,-0.18,-0.18,31.7,1.38,2.64,16.8,13.0,3.33,31.7,1.15,47.6,1.26,52.4,18.4,0.46,2.99,1.84,27.0,0.46,0.34,0.23,0.46,0.34,60.0,0.23,0.46,0.46,0.0,0.46,1.38,0.0,2.07,2.06,0.11,0.0,0.11,0.0,0.0,0.0,0.23,0.23,0.11,0.0,0.11,0.0,0.0,0.0,0.0,0.8,1.72,0.92,0.23,0.0,0.23,0.0,0.0,0.0,1.95,4.02,64.8,,,,,,,,,,,,,,,,,,,,,,,,,,,,,Kei Kamara,FW,FC Cincinnati,41-094,,,,Kei Kamara,2025.0,104000.0,119000.0,0.0,0.0,0.020689655172413793,-0.18,2.76,0.46,FW,Unknown,0,FW
8214811321,1,2025,1,0,20,0.2,0.0,0.0,0.0,0.0,0.0,0.0,5.0,0.0,0.0,0.0,0.0,0.0,0.0,0.0,15.0,0.0,0.0,0.0,0.0,0.0,0.0,0.11,0.11,0.0,0.11,0.2,15.0,15.0,0.0,0.0,25.0,20.0,5.0,0.0,60.0,75.0,0.0,,155.0,0.0,15.0,15.0,0.0,0.0,25.0,20.0,5.0,0.0,60.0,75.0,0.0,,15.0,15.0,0.0,0.0,25.0,20.0,5.0,0.0,60.0,75.0,0.0,,15.0,15.0,0.0,0.0,25.0,20.0,5.0,0.0,60.0,75.0,0.0,,0.0,0.0,0.0,5.0,0.0,0.0,0.0,0.0,0.0,0.0,,0.0,0.0,,,,0.0,0.0,0.0,,0.0,0.0,35.0,0.0,0.0,10.0,25.0,0.0,35.0,0.0,,0.0,,15.0,0.0,10.0,0.0,30.0,0.0,0.0,0.0,0.0,0.0,,0.0,0.0,0.0,0.0,0.0,0.0,0.0,10.0,9.0,0.0,0.0,0.0,0.0,0.0,0.0,0.0,0.0,0.0,0.0,0.0,0.0,0.0,0.0,0.0,10.0,0.0,0.0,0.0,0.0,0.0,0.0,0.0,0.0,0.0,5.0,33.3,,,,,,,,,,,,,,,,,,,,,,,,,,,,,Bibi Karamoko,FW,D.C. United,20-033,,,,,,,,0.0,0.0,0.0,0.0,0.0,0.0,FW,Unknown,0,FW
1941921122,2,2025,33,17,1605,17.8,0.39,0.06,0.45,0.34,0.06,0.06,0.17,0.0,0.33,0.28,0.09,0.37,0.51,1.57,3.99,0.39,0.06,0.45,0.34,0.39,0.33,0.09,0.42,0.28,0.37,17.8,14.2,7.98,4.66,0.62,19.2,10.6,5.73,0.9,74.0,75.1,81.4,68.8,196.5,36.2,14.2,7.98,4.66,0.62,19.2,10.6,5.73,0.9,74.0,75.1,81.4,68.8,14.2,7.98,4.66,0.62,19.2,10.6,5.73,0.9,74.0,75.1,81.4,68.8,14.2,7.98,4.66,0.62,19.2,10.6,5.73,0.9,74.0,75.1,81.4,68.8,0.06,0.05,-0.03,0.79,1.12,0.22,0.0,0.39,1.91,0.73,38.2,1.91,0.73,0.18,0.46,13.6,0.0,0.06,0.06,0.15,0.07,0.06,31.1,1.35,3.88,16.2,11.6,3.99,31.0,0.56,30.3,1.29,69.7,15.6,0.34,2.98,1.8,21.5,0.51,0.11,0.39,0.51,0.11,33.3,0.22,0.79,0.62,0.34,0.84,1.35,0.0,1.69,1.68,0.06,0.0,0.28,0.0,0.0,0.0,0.22,0.22,0.06,0.0,0.28,0.0,0.0,0.0,0.0,1.74,1.46,0.73,0.11,0.34,0.39,0.0,0.0,0.0,1.74,2.36,48.8,,,,,,,,,,,,,,,,,,,,,,,,,,,,,Kevin Kelsy,FW,Portland Timbers,21-130,Kevin Kelsy,U22 Initiative,2028,Kevin Kelsy,2025.0,612000.0,752804.0,0.021910112359550562,0.0033707865168539322,0.01853932584269663,0.06,2.08,0.8500000000000001,FW,U22,0,FW
9414289641,2,2025,20,8,879,9.8,0.41,0.0,0.41,0.41,0.0,0.0,0.1,0.0,0.22,0.22,0.05,0.27,1.02,1.02,3.78,0.41,0.0,0.41,0.41,0.41,0.22,0.05,0.27,0.22,0.27,9.8,8.78,4.08,3.57,0.31,13.2,5.61,5.0,0.51,66.7,72.7,71.4,60.0,133.6,15.5,8.78,4.08,3.57,0.31,13.2,5.61,5.0,0.51,66.7,72.7,71.4,60.0,8.78,4.08,3.57,0.31,13.2,5.61,5.0,0.51,66.7,72.7,71.4,60.0,8.78,4.08,3.57,0.31,13.2,5.61,5.0,0.51,66.7,72.7,71.4,60.0,0.0,0.02,-0.05,0.31,0.82,0.1,0.0,0.41,1.12,0.71,63.6,1.13,0.72,0.36,0.57,11.1,0.0,0.0,0.0,0.2,0.18,0.18,24.0,0.31,1.33,11.7,11.1,3.57,24.0,0.51,27.8,1.22,66.7,14.3,0.51,3.98,1.53,18.9,0.71,0.2,0.61,0.71,0.2,66.7,0.1,0.41,0.41,0.2,0.92,0.2,0.0,1.12,1.13,0.1,0.0,0.41,0.0,0.0,0.0,0.0,0.0,0.1,0.0,0.41,0.0,0.0,0.0,0.0,1.43,2.24,0.61,0.2,0.2,0.61,0.0,0.0,0.0,1.02,2.35,31.9,,,,,,,,,,,,,,,,,,,,,,,,,,,,,Deandre Kerr,FW,Toronto FC,23-015,Deandre Kerr,Homegrown,2025,Deandre Kerr,2025.0,120000.0,125319.0,0.041836734693877546,0.0,0.022448979591836733,0.18999999999999997,2.04,0.9099999999999999,FW,HG,0,FW
1938069909,1,2025,1,0,11,0.1,0.0,0.0,0.0,0.0,0.0,0.0,0.0,0.0,0.0,0.0,0.0,0.0,10.0,10.0,20.0,0.0,0.0,0.0,0.0,0.0,0.0,0.0,0.0,0.0,0.0,0.1,10.0,0.0,10.0,0.0,30.0,0.0,10.0,10.0,33.3,,100.0,0.0,160.0,50.0,10.0,0.0,10.0,0.0,30.0,0.0,10.0,10.0,33.3,,100.0,0.0,10.0,0.0,10.0,0.0,30.0,0.0,10.0,10.0,33.3,,100.0,0.0,10.0,0.0,10.0,0.0,30.0,0.0,10.0,10.0,33.3,,100.0,0.0,0.0,0.0,0.0,0.0,0.0,0.0,0.0,0.0,0.0,0.0,,0.0,0.0,,,,0.0,0.0,0.0,,0.0,0.0,60.0,0.0,10.0,30.0,20.0,10.0,60.0,0.0,,0.0,,40.0,0.0,10.0,0.0,40.0,0.0,0.0,0.0,0.0,0.0,,0.0,10.0,10.0,0.0,0.0,10.0,0.0,10.0,8.18,0.0,0.0,0.0,0.0,0.0,0.0,0.0,0.0,0.0,0.0,0.0,0.0,0.0,0.0,0.0,0.0,0.0,0.0,0.0,0.0,0.0,0.0,0.0,0.0,0.0,0.0,,,,,,,,,,,,,,,,,,,,,,,,,,,,,,Peter Kingston,FW,Seattle Sounders,24-143,,,,,,,,0.0,0.0,0.0,0.0,20.0,0.0,FW,Unknown,-1,FW
5517332217,1,2025,33,29,2411,26.8,0.37,0.07,0.45,0.37,0.0,0.0,0.15,0.0,0.42,0.42,0.15,0.57,0.97,2.57,4.85,0.37,0.07,0.45,0.37,0.45,0.42,0.15,0.57,0.42,0.57,26.8,16.3,8.47,5.04,0.9,22.6,10.9,6.75,1.27,72.3,78.0,74.6,70.6,227.5,55.6,16.3,8.47,5.04,0.9,22.6,10.9,6.75,1.27,72.3,78.0,74.6,70.6,16.3,8.47,5.04,0.9,22.6,10.9,6.75,1.27,72.3,78.0,74.6,70.6,16.3,8.47,5.04,0.9,22.6,10.9,6.75,1.27,72.3,78.0,74.6,70.6,0.07,0.15,-0.08,1.19,1.34,0.82,0.04,0.37,3.73,1.19,32.0,3.73,1.19,0.1,0.31,14.1,0.0,0.0,0.0,0.11,-0.04,-0.04,33.7,1.34,2.95,15.4,15.6,5.9,33.7,0.67,43.9,0.75,48.8,16.6,0.6,1.75,1.27,22.9,0.93,0.3,0.6,0.93,0.3,47.1,0.34,0.67,0.56,0.3,1.23,1.16,0.0,3.17,3.17,0.11,0.07,0.15,0.0,0.0,0.0,0.37,0.37,0.11,0.07,0.15,0.0,0.0,0.0,0.0,1.23,1.19,0.3,0.34,0.3,0.6,0.0,0.0,0.0,1.9,3.02,63.8,,,,,,,,,,,,,,,,,,,,,,,,,,,,,Klauss,FW,St. Louis,28-278,,,,,,,,0.013805970149253732,0.0026119402985074628,0.015671641791044775,-0.04999999999999999,3.54,1.23,FW,Unknown,0,FW
8530605213,1,2025,30,25,2195,24.4,0.29,0.04,0.33,0.25,0.04,0.04,0.29,0.0,0.39,0.35,0.06,0.41,1.27,1.02,4.84,0.29,0.04,0.33,0.25,0.29,0.39,0.06,0.44,0.35,0.41,24.4,10.7,6.68,2.87,0.41,15.6,8.73,4.06,0.7,68.8,76.5,70.7,58.8,137.2,23.4,10.7,6.68,2.87,0.41,15.6,8.73,4.06,0.7,68.8,76.5,70.7,58.8,10.7,6.68,2.87,0.41,15.6,8.73,4.06,0.7,68.8,76.5,70.7,58.8,10.7,6.68,2.87,0.41,15.6,8.73,4.06,0.7,68.8,76.5,70.7,58.8,0.04,0.05,-0.02,0.86,0.78,0.29,0.0,0.29,2.34,0.7,29.8,2.34,0.7,0.11,0.35,12.3,0.0,0.04,0.04,0.15,-0.1,-0.11,26.4,0.98,2.62,11.0,13.3,4.84,26.4,0.74,40.0,0.98,53.3,14.0,0.61,2.62,1.19,18.3,0.74,0.12,0.41,0.74,0.12,33.3,0.25,0.82,0.66,0.37,1.11,0.9,0.0,2.05,2.05,0.2,0.0,0.16,0.12,0.0,0.0,0.16,0.16,0.2,0.0,0.16,0.12,0.0,0.0,0.0,1.11,1.11,0.57,0.12,0.37,0.41,0.04,0.04,0.0,1.72,2.5,47.7,,,,,,,,,,,,,,,,,,,,,,,,,,,,,Emmanuel Latte Lath,FW,Atlanta Utd,26-337,Emmanuel Latte Lath,Designated Player,2028,Emmanuel Latte Lath,2025.0,3534546.0,4030546.0,0.011885245901639344,0.0016393442622950822,0.01598360655737705,-0.10000000000000003,2.29,1.1099999999999999,FW,DP,0,FW
1064067074,1,2025,27,22,1824,20.3,0.44,0.39,0.84,0.34,0.1,0.1,0.25,0.0,0.49,0.42,0.22,0.64,3.69,3.84,11.6,0.44,0.39,0.84,0.35,0.74,0.49,0.22,0.72,0.42,0.64,20.3,25.7,13.8,8.37,2.66,36.8,16.7,10.9,6.26,69.9,82.6,76.6,42.5,415.8,130.0,25.7,13.8,8.37,2.66,36.8,16.7,10.9,6.26,69.9,82.6,76.6,42.5,25.7,13.8,8.37,2.66,36.8,16.7,10.9,6.26,69.9,82.6,76.6,42.5,25.7,13.8,8.37,2.66,36.8,16.7,10.9,6.26,69.9,82.6,76.6,42.5,0.39,0.24,0.17,1.77,1.82,2.12,0.49,0.44,4.38,1.23,28.1,4.39,1.23,0.08,0.28,20.5,0.25,0.1,0.1,0.1,-0.05,-0.07,51.8,0.25,3.15,18.4,31.1,4.93,51.7,1.97,44.9,2.02,46.1,33.4,1.77,3.05,1.92,40.0,1.28,0.34,0.74,1.28,0.34,36.8,0.59,0.99,0.89,0.34,1.63,0.15,0.0,4.53,4.54,0.54,0.05,0.44,0.0,0.1,0.1,0.74,0.74,0.54,0.05,0.44,0.0,0.1,0.1,0.0,1.82,2.86,0.79,5.02,0.34,0.74,0.0,0.0,0.0,2.61,0.54,57.9,,,,,,,,,,,,,,,,,,,,,,,,,,,,,Hirving Lozano,FW,San Diego FC,30-127,Hirving Lozano,Designated Player,2028,Hirving Lozano,2025.0,6000000.0,7633333.0,0.02167487684729064,0.01921182266009852,0.02413793103448276,-0.04999999999999999,7.529999999999999,1.62,FW,DP,0,FW
3778212074,1,2025,1,1,64,0.7,0.0,0.0,0.0,0.0,0.0,0.0,0.0,0.0,0.0,0.0,0.0,0.0,1.43,0.0,2.86,0.0,0.0,0.0,0.0,0.0,0.0,0.0,0.0,0.0,0.0,0.7,11.4,2.86,7.14,0.0,14.3,2.86,7.14,0.0,80.0,100.0,100.0,,185.7,8.57,11.4,2.86,7.14,0.0,14.3,2.86,7.14,0.0,80.0,100.0,100.0,,11.4,2.86,7.14,0.0,14.3,2.86,7.14,0.0,80.0,100.0,100.0,,11.4,2.86,7.14,0.0,14.3,2.86,7.14,0.0,80.0,100.0,100.0,,0.0,0.0,0.0,0.0,0.0,0.0,0.0,0.0,0.0,0.0,,0.0,0.0,,,,0.0,0.0,0.0,,0.0,0.0,27.1,0.0,2.86,14.3,10.0,0.0,27.1,1.43,100.0,0.0,0.0,11.4,0.0,5.71,2.86,12.9,2.86,0.0,1.43,2.86,0.0,0.0,1.43,1.43,1.43,0.0,2.86,0.0,0.0,1.43,1.45,0.0,0.0,0.0,0.0,0.0,0.0,0.0,0.0,0.0,0.0,0.0,0.0,0.0,0.0,0.0,1.43,0.0,0.0,0.0,0.0,1.43,0.0,0.0,0.0,1.43,0.0,,,,,,,,,,,,,,,,,,,,,,,,,,,,,,Liam MacKenzie,FW,Vancouver W'caps,18-264,,,,Liam MacKenzie,2025.0,80622.0,96047.0,0.0,0.0,0.0,0.0,1.43,2.86,FW,Unknown,0,FW
4707876257,2,2025,5,3,217,2.4,0.0,0.0,0.0,0.0,0.0,0.0,0.42,0.0,0.04,0.04,0.17,0.21,3.75,1.25,4.58,0.0,0.0,0.0,0.0,0.0,0.04,0.16,0.19,0.04,0.19,2.4,27.5,11.3,12.9,1.25,37.9,15.4,15.0,3.75,72.5,73.0,86.1,33.3,453.8,80.8,27.5,11.3,12.9,1.25,37.9,15.4,15.0,3.75,72.5,73.0,86.1,33.3,27.5,11.3,12.9,1.25,37.9,15.4,15.0,3.75,72.5,73.0,86.1,33.3,27.5,11.3,12.9,1.25,37.9,15.4,15.0,3.75,72.5,73.0,86.1,33.3,0.0,0.08,-0.17,1.25,0.83,0.42,0.42,0.0,0.83,0.0,0.0,0.83,0.0,0.0,,17.4,0.0,0.0,0.0,0.05,-0.04,-0.04,47.5,2.92,11.3,18.8,19.2,2.08,47.5,1.25,75.0,0.42,25.0,28.3,0.42,1.67,0.0,30.0,0.83,0.83,0.83,0.83,0.83,50.0,0.83,1.25,1.25,0.42,1.25,2.5,0.0,1.67,1.66,0.0,0.0,0.0,0.0,0.0,0.0,0.0,0.0,0.0,0.0,0.0,0.0,0.0,0.0,0.0,0.42,2.08,0.0,2.5,0.42,0.83,0.0,0.0,0.0,3.75,0.0,0.0,,,,,,,,,,,,,,,,,,,,,,,,,,,,,Dominik Marczuk,FW,Real Salt Lake,22-033,Dominik Marczuk,U22 Initiative,2027,Dominik Marczuk,2025.0,660000.0,735500.0,0.0,0.0,0.016666666666666666,-0.04,5.0,1.25,FW,U22,0,FW
4707876257,3,2025,5,3,217,2.4,0.0,0.0,0.0,0.0,0.0,0.0,0.42,0.0,0.04,0.04,0.17,0.21,3.75,1.25,4.58,0.0,0.0,0.0,0.0,0.0,0.04,0.16,0.19,0.04,0.19,2.4,27.5,11.3,12.9,1.25,37.9,15.4,15.0,3.75,72.5,73.0,86.1,33.3,453.8,80.8,27.5,11.3,12.9,1.25,37.9,15.4,15.0,3.75,72.5,73.0,86.1,33.3,27.5,11.3,12.9,1.25,37.9,15.4,15.0,3.75,72.5,73.0,86.1,33.3,27.5,11.3,12.9,1.25,37.9,15.4,15.0,3.75,72.5,73.0,86.1,33.3,0.0,0.08,-0.17,1.25,0.83,0.42,0.42,0.0,0.83,0.0,0.0,0.83,0.0,0.0,,17.4,0.0,0.0,0.0,0.05,-0.04,-0.04,47.5,2.92,11.3,18.8,19.2,2.08,47.5,1.25,75.0,0.42,25.0,28.3,0.42,1.67,0.0,30.0,0.83,0.83,0.83,0.83,0.83,50.0,0.83,1.25,1.25,0.42,1.25,2.5,0.0,1.67,1.66,0.0,0.0,0.0,0.0,0.0,0.0,0.0,0.0,0.0,0.0,0.0,0.0,0.0,0.0,0.0,0.42,2.08,0.0,2.5,0.42,0.83,0.0,0.0,0.0,3.75,0.0,0.0,,,,,,,,,,,,,,,,,,,,,,,,,,,,,Dominik Marczuk,FW,Real Salt Lake,22-033,Dominik Marczuk,U22 Initiative,2027,Dominik Marczuk,2025.0,660000.0,735500.0,0.0,0.0,0.016666666666666666,-0.04,5.0,1.25,FW,U22,0,FW
4707876257,2,2025,17,10,868,9.6,0.1,0.21,0.31,0.1,0.0,0.0,0.31,0.0,0.15,0.15,0.16,0.29,4.58,2.81,10.9,0.1,0.21,0.31,0.1,0.31,0.14,0.15,0.29,0.14,0.29,9.6,20.8,11.8,6.46,1.77,34.0,15.4,10.8,4.38,61.3,76.4,59.6,40.5,332.6,103.3,20.8,11.8,6.46,1.77,34.0,15.4,10.8,4.38,61.3,76.4,59.6,40.5,20.8,11.8,6.46,1.77,34.0,15.4,10.8,4.38,61.3,76.4,59.6,40.5,20.8,11.8,6.46,1.77,34.0,15.4,10.8,4.38,61.3,76.4,59.6,40.5,0.21,0.15,0.05,0.83,1.67,1.35,0.31,0.1,1.77,0.52,29.4,1.76,0.52,0.06,0.2,18.8,0.0,0.0,0.0,0.08,-0.04,-0.04,43.6,1.25,6.25,16.5,21.9,3.33,43.6,0.52,31.3,1.15,68.8,29.1,0.94,1.98,1.04,32.8,1.15,0.42,0.73,1.15,0.42,26.7,1.15,0.83,0.73,0.73,1.88,0.94,0.0,1.67,1.66,0.0,0.0,0.0,0.0,0.0,0.0,0.21,0.21,0.0,0.0,0.0,0.0,0.0,0.0,0.0,0.42,1.04,0.52,4.38,0.73,0.73,0.0,0.0,0.0,4.27,0.42,40.0,,,,,,,,,,,,,,,,,,,,,,,,,,,,,Dominik Marczuk,FW,Real Salt Lake,22-033,Dominik Marczuk,U22 Initiative,2027,Dominik Marczuk,2025.0,660000.0,735500.0,0.010416666666666668,0.021875,0.015625,-0.04999999999999999,7.390000000000001,1.88,FW,U22,0,FW
4707876257,3,2025,17,10,868,9.6,0.1,0.21,0.31,0.1,0.0,0.0,0.31,0.0,0.15,0.15,0.16,0.29,4.58,2.81,10.9,0.1,0.21,0.31,0.1,0.31,0.14,0.15,0.29,0.14,0.29,9.6,20.8,11.8,6.46,1.77,34.0,15.4,10.8,4.38,61.3,76.4,59.6,40.5,332.6,103.3,20.8,11.8,6.46,1.77,34.0,15.4,10.8,4.38,61.3,76.4,59.6,40.5,20.8,11.8,6.46,1.77,34.0,15.4,10.8,4.38,61.3,76.4,59.6,40.5,20.8,11.8,6.46,1.77,34.0,15.4,10.8,4.38,61.3,76.4,59.6,40.5,0.21,0.15,0.05,0.83,1.67,1.35,0.31,0.1,1.77,0.52,29.4,1.76,0.52,0.06,0.2,18.8,0.0,0.0,0.0,0.08,-0.04,-0.04,43.6,1.25,6.25,16.5,21.9,3.33,43.6,0.52,31.3,1.15,68.8,29.1,0.94,1.98,1.04,32.8,1.15,0.42,0.73,1.15,0.42,26.7,1.15,0.83,0.73,0.73,1.88,0.94,0.0,1.67,1.66,0.0,0.0,0.0,0.0,0.0,0.0,0.21,0.21,0.0,0.0,0.0,0.0,0.0,0.0,0.0,0.42,1.04,0.52,4.38,0.73,0.73,0.0,0.0,0.0,4.27,0.42,40.0,,,,,,,,,,,,,,,,,,,,,,,,,,,,,Dominik Marczuk,FW,Real Salt Lake,22-033,Dominik Marczuk,U22 Initiative,2027,Dominik Marczuk,2025.0,660000.0,735500.0,0.010416666666666668,0.021875,0.015625,-0.04999999999999999,7.390000000000001,1.88,FW,U22,0,FW
1087229970,1,2025,30,19,1810,20.1,0.55,0.15,0.7,0.5,0.05,0.05,0.2,0.0,0.48,0.44,0.12,0.57,1.0,1.04,4.73,0.55,0.15,0.7,0.5,0.65,0.48,0.12,0.6,0.44,0.57,20.1,13.7,9.35,3.78,0.15,17.4,10.9,4.63,0.25,78.9,85.5,81.7,60.0,180.6,23.7,13.7,9.35,3.78,0.15,17.4,10.9,4.63,0.25,78.9,85.5,81.7,60.0,13.7,9.35,3.78,0.15,17.4,10.9,4.63,0.25,78.9,85.5,81.7,60.0,13.7,9.35,3.78,0.15,17.4,10.9,4.63,0.25,78.9,85.5,81.7,60.0,0.15,0.08,0.02,1.0,0.4,0.4,0.0,0.55,2.04,1.0,48.8,2.04,0.99,0.24,0.5,11.0,0.0,0.05,0.05,0.22,0.06,0.05,28.7,1.0,1.94,12.3,14.7,4.43,28.7,1.0,40.0,1.39,56.0,16.1,0.65,2.84,1.49,20.2,0.95,0.25,0.55,0.95,0.25,62.5,0.15,0.9,0.9,0.1,1.04,1.09,0.05,2.09,2.09,0.25,0.05,0.1,0.05,0.05,0.0,0.35,0.35,0.25,0.05,0.1,0.05,0.05,0.0,0.0,1.54,1.14,0.3,0.05,0.1,0.55,0.0,0.05,0.0,1.79,2.49,46.3,,,,,,,,,,,,,,,,,,,,,,,,,,,,,Idan Markovich,FW,Charlotte,21-117,,,,,,,,0.02736318407960199,0.007462686567164178,0.02388059701492537,0.07000000000000006,2.04,1.05,FW,Unknown,0,FW
8715491403,2,2025,30,29,2496,27.7,0.61,0.04,0.65,0.43,0.18,0.25,0.07,0.0,0.75,0.56,0.08,0.64,1.34,1.34,5.74,0.61,0.04,0.65,0.43,0.47,0.75,0.08,0.84,0.55,0.64,27.7,9.46,5.09,3.25,0.47,13.3,7.18,3.94,0.61,71.2,70.9,82.6,76.5,135.1,26.6,9.46,5.09,3.25,0.47,13.3,7.18,3.94,0.61,71.2,70.9,82.6,76.5,9.46,5.09,3.25,0.47,13.3,7.18,3.94,0.61,71.2,70.9,82.6,76.5,9.46,5.09,3.25,0.47,13.3,7.18,3.94,0.61,71.2,70.9,82.6,76.5,0.04,0.05,-0.05,0.83,0.51,0.65,0.0,0.61,3.43,1.48,43.2,3.43,1.48,0.13,0.29,16.7,0.0,0.18,0.25,0.16,-0.14,-0.12,23.5,0.32,1.41,8.05,14.4,5.45,23.2,1.19,51.6,1.01,43.8,14.4,1.05,2.49,1.01,16.8,0.43,0.18,0.18,0.43,0.18,35.7,0.32,0.32,0.29,0.25,0.69,0.32,0.04,2.24,2.24,0.43,0.07,0.25,0.11,0.04,0.0,0.36,0.36,0.43,0.07,0.25,0.11,0.04,0.0,0.0,0.32,0.79,0.51,0.18,0.25,0.18,0.14,0.0,0.0,1.16,0.29,17.8,,,,,,,,,,,,,,,,,,,,,,,,,,,,,Alonso Martínez,FW,NYCFC,27-050,Alonso Martínez,TAM Player,2027,Alonso Martínez,2025.0,700000.0,800333.0,0.022021660649819495,0.0014440433212996391,0.02707581227436823,-0.14,2.68,0.6799999999999999,FW,TAM,0,FW
6260286460,2,2025,29,13,1171,13.0,0.23,0.38,0.62,0.23,0.0,0.08,0.31,0.0,0.29,0.23,0.15,0.38,3.46,4.23,7.92,0.23,0.38,0.61,0.23,0.61,0.29,0.15,0.44,0.23,0.38,13.0,27.5,13.0,11.5,2.62,35.5,14.8,14.0,4.85,77.7,88.0,82.4,54.0,479.1,110.4,27.5,13.0,11.5,2.62,35.5,14.8,14.0,4.85,77.7,88.0,82.4,54.0,27.5,13.0,11.5,2.62,35.5,14.8,14.0,4.85,77.7,88.0,82.4,54.0,27.5,13.0,11.5,2.62,35.5,14.8,14.0,4.85,77.7,88.0,82.4,54.0,0.38,0.14,0.23,1.15,2.85,1.69,0.15,0.23,2.77,1.15,41.7,2.77,1.15,0.08,0.2,21.2,0.0,0.0,0.08,0.08,-0.06,0.0,47.5,0.62,4.54,17.6,26.5,4.31,47.4,1.77,51.1,1.62,46.7,31.2,1.31,2.69,1.62,35.9,1.46,0.77,1.15,1.46,0.77,47.6,0.85,0.77,0.77,0.23,1.69,0.31,0.08,3.69,3.69,0.38,0.08,0.15,0.0,0.23,0.08,0.69,0.69,0.38,0.08,0.15,0.0,0.23,0.08,0.0,1.69,1.08,0.15,2.85,0.23,1.15,0.08,0.0,0.0,3.38,0.15,16.7,,,,,,,,,,,,,,,,,,,,,,,,,,,,,David Martínez,FW,LAFC,19-300,David Martínez,U22 Initiative,2027,David Martínez,2025.0,525000.0,525000.0,0.017692307692307695,0.02923076923076923,0.022307692307692306,-0.05999999999999997,7.69,1.69,FW,U22,0,FW
6260286460,2,2025,29,13,1171,13.0,0.23,0.38,0.62,0.23,0.0,0.08,0.31,0.0,0.29,0.23,0.15,0.38,3.46,4.23,7.92,0.23,0.38,0.61,0.23,0.61,0.29,0.15,0.44,0.23,0.38,13.0,27.5,13.0,11.5,2.62,35.5,14.8,14.0,4.85,77.7,88.0,82.4,54.0,479.1,110.4,27.5,13.0,11.5,2.62,35.5,14.8,14.0,4.85,77.7,88.0,82.4,54.0,27.5,13.0,11.5,2.62,35.5,14.8,14.0,4.85,77.7,88.0,82.4,54.0,27.5,13.0,11.5,2.62,35.5,14.8,14.0,4.85,77.7,88.0,82.4,54.0,0.38,0.14,0.23,1.15,2.85,1.69,0.15,0.23,2.77,1.15,41.7,2.77,1.15,0.08,0.2,21.2,0.0,0.0,0.08,0.08,-0.06,0.0,47.5,0.62,4.54,17.6,26.5,4.31,47.4,1.77,51.1,1.62,46.7,31.2,1.31,2.69,1.62,35.9,1.46,0.77,1.15,1.46,0.77,47.6,0.85,0.77,0.77,0.23,1.69,0.31,0.08,3.69,3.69,0.38,0.08,0.15,0.0,0.23,0.08,0.69,0.69,0.38,0.08,0.15,0.0,0.23,0.08,0.0,1.69,1.08,0.15,2.85,0.23,1.15,0.08,0.0,0.0,3.38,0.15,16.7,,,,,,,,,,,,,,,,,,,,,,,,,,,,,David Martínez,FW,LAFC,19-300,David Martínez,TAM Player,July 2025,David Martínez,2025.0,525000.0,525000.0,0.017692307692307695,0.02923076923076923,0.022307692307692306,-0.05999999999999997,7.69,1.69,FW,TAM,0,FW
4364852315,3,2025,30,21,1873,20.8,0.67,0.1,0.77,0.63,0.05,0.05,0.0,0.0,0.67,0.63,0.07,0.7,0.34,1.35,3.85,0.67,0.1,0.77,0.62,0.72,0.67,0.07,0.74,0.63,0.7,20.8,13.0,6.3,4.42,0.53,15.2,7.26,4.9,0.72,85.8,86.8,90.2,73.3,173.8,22.0,13.0,6.3,4.42,0.53,15.2,7.26,4.9,0.72,85.8,86.8,90.2,73.3,13.0,6.3,4.42,0.53,15.2,7.26,4.9,0.72,85.8,86.8,90.2,73.3,13.0,6.3,4.42,0.53,15.2,7.26,4.9,0.72,85.8,86.8,90.2,73.3,0.1,0.06,0.03,0.91,0.63,0.43,0.0,0.67,2.6,1.63,63.0,2.59,1.63,0.24,0.38,11.5,0.0,0.05,0.05,0.25,0.0,-0.01,20.5,0.0,0.34,10.7,9.57,4.42,20.5,0.1,33.3,0.14,50.0,10.5,0.29,1.15,0.53,14.0,0.05,0.05,0.0,0.05,0.05,20.0,0.19,0.05,0.05,0.05,0.1,0.0,0.0,2.07,2.06,0.05,0.05,0.19,0.05,0.05,0.0,0.24,0.24,0.05,0.05,0.19,0.05,0.05,0.0,0.0,0.38,0.58,0.82,0.0,0.05,0.0,0.05,0.0,0.0,1.83,0.77,33.3,,,,,,,,,,,,,,,,,,,,,,,,,,,,,Josef Martínez,FW,SJ Earthquakes,32-199,Josef Martínez,TAM Player,2025,Josef Martínez,2025.0,1300000.0,1450000.0,0.032211538461538465,0.004807692307692308,0.032211538461538465,0.0,1.6900000000000002,0.1,FW,TAM,0,FW
9784667452,1,2025,33,31,2755,30.6,0.56,0.13,0.69,0.39,0.16,0.2,0.16,0.0,0.42,0.26,0.14,0.41,1.18,3.3,7.22,0.56,0.13,0.69,0.39,0.52,0.42,0.14,0.56,0.26,0.41,30.6,16.6,9.31,5.72,0.59,22.5,11.9,7.16,0.75,73.7,78.5,79.9,78.3,236.7,59.5,16.6,9.31,5.72,0.59,22.5,11.9,7.16,0.75,73.7,78.5,79.9,78.3,16.6,9.31,5.72,0.59,22.5,11.9,7.16,0.75,73.7,78.5,79.9,78.3,16.6,9.31,5.72,0.59,22.5,11.9,7.16,0.75,73.7,78.5,79.9,78.3,0.13,0.14,-0.01,1.31,1.7,0.85,0.0,0.56,1.73,0.95,54.7,1.73,0.95,0.23,0.41,14.9,0.0,0.16,0.2,0.15,0.14,0.13,32.1,0.69,1.37,13.3,17.7,4.28,31.9,1.24,50.0,1.18,47.4,18.7,0.65,2.68,2.12,24.3,0.75,0.23,0.56,0.75,0.23,58.3,0.16,0.46,0.39,0.07,0.82,0.59,0.0,2.78,2.78,0.26,0.03,0.23,0.1,0.03,0.0,0.36,0.36,0.26,0.03,0.23,0.1,0.03,0.0,0.0,1.08,1.05,1.05,0.2,0.07,0.56,0.13,0.0,0.0,2.39,2.03,39.5,,,,,,,,,,,,,,,,,,,,,,,,,,,,,Eric Maxim Choupo-Moting,FW,NY Red Bulls,36-256,Eric Maxim Choupo-Moting,Designated Player,2026,,,,,0.018300653594771243,0.004248366013071895,0.01372549019607843,0.14000000000000007,4.4799999999999995,0.8200000000000001,FW,DP,0,FW
3704817826,1,2025,18,6,731,8.1,0.37,0.25,0.62,0.37,0.0,0.0,0.12,0.0,0.41,0.41,0.31,0.72,0.86,1.48,5.19,0.37,0.25,0.62,0.37,0.62,0.41,0.31,0.72,0.41,0.72,8.1,14.7,8.77,4.57,0.62,19.4,10.9,6.17,0.86,75.8,80.7,74.0,71.4,207.5,51.9,14.7,8.77,4.57,0.62,19.4,10.9,6.17,0.86,75.8,80.7,74.0,71.4,14.7,8.77,4.57,0.62,19.4,10.9,6.17,0.86,75.8,80.7,74.0,71.4,14.7,8.77,4.57,0.62,19.4,10.9,6.17,0.86,75.8,80.7,74.0,71.4,0.25,0.14,-0.06,2.47,0.49,1.11,0.25,0.37,2.47,0.62,25.0,2.46,0.62,0.15,0.6,13.5,0.0,0.0,0.0,0.17,-0.04,-0.04,29.3,1.6,3.83,11.7,14.1,5.06,29.3,0.25,25.0,0.74,75.0,14.6,0.37,1.85,0.99,20.4,0.12,0.0,0.0,0.12,0.0,0.0,0.12,0.0,0.0,0.12,0.25,1.6,0.0,3.46,3.45,0.0,0.0,0.37,0.0,0.0,0.0,0.25,0.25,0.0,0.0,0.37,0.0,0.0,0.0,0.0,0.99,1.48,0.62,0.37,0.12,0.0,0.0,0.0,0.0,2.1,1.6,35.1,,,,,,,,,,,,,,,,,,,,,,,,,,,,,Duncan McGuire,FW,Orlando City,24-302,Duncan McGuire,TAM Player,2027,Duncan McGuire,2025.0,540000.0,861000.0,0.04567901234567901,0.0308641975308642,0.050617283950617285,-0.03999999999999998,2.34,0.24,FW,TAM,0,FW
4199511271,1,2025,8,2,277,3.1,0.65,0.32,0.97,0.65,0.0,0.0,0.32,0.0,0.74,0.74,0.19,0.9,2.9,2.26,7.1,0.65,0.32,0.97,0.65,0.97,0.74,0.18,0.92,0.74,0.92,3.1,13.9,7.1,4.19,2.26,21.0,11.0,5.81,3.23,66.2,64.7,72.2,70.0,255.2,93.9,13.9,7.1,4.19,2.26,21.0,11.0,5.81,3.23,66.2,64.7,72.2,70.0,13.9,7.1,4.19,2.26,21.0,11.0,5.81,3.23,66.2,64.7,72.2,70.0,13.9,7.1,4.19,2.26,21.0,11.0,5.81,3.23,66.2,64.7,72.2,70.0,0.32,0.03,0.13,1.61,1.94,0.97,0.32,0.65,4.52,1.61,35.7,4.55,1.62,0.14,0.4,13.5,0.0,0.0,0.0,0.16,-0.1,-0.1,36.8,3.23,8.06,13.9,15.2,4.84,36.8,0.97,50.0,0.97,50.0,22.9,0.97,1.61,1.61,25.5,2.26,0.65,1.94,2.26,0.65,50.0,0.65,1.61,0.97,0.32,2.58,2.26,0.0,2.9,2.92,0.0,0.0,0.32,0.0,0.32,0.0,0.0,0.0,0.0,0.0,0.32,0.0,0.32,0.0,0.0,2.26,3.23,0.32,1.61,0.32,1.94,0.0,0.0,0.0,5.16,0.97,20.0,,,,,,,,,,,,,,,,,,,,,,,,,,,,,Brendan McSorley,FW,St. Louis,23-306,,,,Brendan McSorley,2025.0,80622.0,80622.0,0.20967741935483872,0.1032258064516129,0.23870967741935484,-0.08999999999999997,5.16,2.5799999999999996,FW,Unknown,0,FW
5965869262,1,2025,26,11,1049,11.7,0.09,0.0,0.09,0.09,0.0,0.0,0.09,0.0,0.18,0.18,0.07,0.24,4.36,1.28,10.9,0.09,0.0,0.09,0.09,0.09,0.18,0.06,0.24,0.18,0.24,11.7,16.1,11.5,3.76,0.17,20.9,13.1,5.21,0.68,77.0,88.2,72.1,25.0,193.8,30.5,16.1,11.5,3.76,0.17,20.9,13.1,5.21,0.68,77.0,88.2,72.1,25.0,16.1,11.5,3.76,0.17,20.9,13.1,5.21,0.68,77.0,88.2,72.1,25.0,16.1,11.5,3.76,0.17,20.9,13.1,5.21,0.68,77.0,88.2,72.1,25.0,0.0,0.09,-0.07,0.94,0.6,0.51,0.0,0.09,1.88,0.6,31.8,1.89,0.6,0.05,0.14,15.9,0.0,0.0,0.0,0.1,-0.09,-0.09,32.7,0.17,3.16,9.23,20.9,4.96,32.7,2.56,48.4,2.31,43.5,23.5,2.05,2.74,2.05,26.8,0.68,0.43,0.51,0.68,0.43,62.5,0.26,0.51,0.51,0.51,1.2,0.17,0.0,2.39,2.4,0.43,0.0,0.26,0.09,0.0,0.0,0.09,0.09,0.43,0.0,0.26,0.09,0.0,0.0,0.0,0.77,2.48,0.17,1.28,0.51,0.51,0.09,0.0,0.0,2.31,0.0,0.0,,,,,,,,,,,,,,,,,,,,,,,,,,,,,Alex Mighten,FW,San Diego FC,23-237,Alex Mighten,Standard,2026,Alex Mighten,2025.0,250000.0,257292.0,0.007692307692307693,0.0,0.015384615384615385,-0.09,5.640000000000001,1.19,FW,Standard,0,FW
3785624765,1,2025,33,20,1664,18.5,0.27,0.16,0.43,0.22,0.05,0.11,0.22,0.0,0.43,0.34,0.09,0.43,0.59,2.32,5.35,0.27,0.16,0.43,0.22,0.38,0.43,0.09,0.52,0.34,0.43,18.5,16.5,8.0,6.43,1.73,23.1,11.0,7.84,2.16,71.4,72.9,82.1,80.0,279.1,50.1,16.5,8.0,6.43,1.73,23.1,11.0,7.84,2.16,71.4,72.9,82.1,80.0,16.5,8.0,6.43,1.73,23.1,11.0,7.84,2.16,71.4,72.9,82.1,80.0,16.5,8.0,6.43,1.73,23.1,11.0,7.84,2.16,71.4,72.9,82.1,80.0,0.16,0.05,0.07,0.81,1.08,0.38,0.0,0.27,1.89,0.76,40.0,1.89,0.76,0.11,0.29,12.6,0.0,0.05,0.11,0.18,-0.16,-0.12,30.4,0.92,2.22,14.7,13.5,4.32,30.3,0.49,56.3,0.32,37.5,17.0,0.16,1.78,1.08,22.3,0.38,0.16,0.11,0.38,0.16,100.0,0.0,0.22,0.16,0.27,0.65,0.86,0.0,1.95,1.95,0.0,0.0,0.16,0.05,0.0,0.0,0.22,0.22,0.0,0.0,0.16,0.05,0.0,0.0,0.0,0.59,1.73,0.38,0.38,0.27,0.11,0.05,0.0,0.0,1.51,2.0,41.1,,,,,,,,,,,,,,,,,,,,,,,,,,,,,Felipe Mora,FW,Portland Timbers,32-124,Felipe Mora,TAM Player,2025,Felipe Mora,2025.0,1275000.0,1472750.0,0.014594594594594595,0.008648648648648649,0.023243243243243242,-0.15999999999999998,2.9099999999999997,0.65,FW,TAM,0,FW
595319618,1,2025,17,8,753,8.4,0.6,0.12,0.71,0.6,0.0,0.12,0.0,0.0,0.57,0.48,0.26,0.74,1.67,2.14,5.71,0.6,0.12,0.72,0.6,0.72,0.57,0.26,0.83,0.48,0.73,8.4,14.5,9.64,3.93,0.48,20.4,12.1,5.12,0.71,71.3,79.4,76.7,66.7,191.5,30.8,14.5,9.64,3.93,0.48,20.4,12.1,5.12,0.71,71.3,79.4,76.7,66.7,14.5,9.64,3.93,0.48,20.4,12.1,5.12,0.71,71.3,79.4,76.7,66.7,14.5,9.64,3.93,0.48,20.4,12.1,5.12,0.71,71.3,79.4,76.7,66.7,0.12,0.15,-0.14,1.07,0.71,1.19,0.0,0.6,2.02,1.19,58.8,2.03,1.2,0.29,0.5,11.9,0.0,0.0,0.12,0.23,0.02,0.12,28.7,0.83,2.38,10.5,16.0,5.24,28.6,0.24,40.0,0.36,60.0,16.0,1.07,2.26,0.6,20.6,0.6,0.24,0.12,0.6,0.24,50.0,0.24,0.6,0.48,0.12,0.71,0.71,0.0,2.62,2.63,0.12,0.0,0.12,0.0,0.0,0.0,0.24,0.24,0.12,0.0,0.12,0.0,0.0,0.0,0.0,0.71,0.83,0.71,0.12,0.12,0.12,0.12,0.0,0.0,1.31,3.1,53.1,,,,,,,,,,,,,,,,,,,,,,,,,,,,,Jordan Morris,FW,Seattle Sounders,31-039,Jordan Morris,Designated Player,2027,Jordan Morris,2025.0,2250000.0,2260000.0,0.07142857142857142,0.014285714285714285,0.06785714285714285,0.030000000000000027,3.81,0.72,FW,DP,0,FW
7344049108,2,2025,33,25,2104,23.4,0.38,0.26,0.64,0.34,0.04,0.04,0.04,0.04,0.41,0.38,0.24,0.62,2.35,3.55,6.28,0.38,0.26,0.64,0.34,0.6,0.41,0.24,0.66,0.38,0.62,23.4,20.4,11.5,6.28,1.54,29.6,14.5,9.1,3.08,69.1,79.4,69.0,50.0,304.7,102.7,20.4,11.5,6.28,1.54,29.6,14.5,9.1,3.08,69.1,79.4,69.0,50.0,20.4,11.5,6.28,1.54,29.6,14.5,9.1,3.08,69.1,79.4,69.0,50.0,20.4,11.5,6.28,1.54,29.6,14.5,9.1,3.08,69.1,79.4,69.0,50.0,0.26,0.29,0.02,1.97,1.88,1.37,0.21,0.38,3.25,1.2,36.8,3.25,1.2,0.11,0.29,19.4,0.26,0.04,0.04,0.12,-0.03,-0.04,42.5,1.03,3.85,17.4,21.7,5.09,42.4,1.28,41.7,1.67,54.2,25.6,1.2,2.86,1.67,31.9,1.37,0.47,0.9,1.37,0.47,39.3,0.73,0.38,0.34,0.17,1.54,0.81,0.04,4.4,4.4,0.34,0.0,0.38,0.09,0.0,0.0,0.77,0.77,0.34,0.0,0.38,0.09,0.0,0.0,0.0,1.11,0.98,0.47,1.71,0.17,0.9,0.04,0.0,0.0,2.31,1.32,43.1,,,,,,,,,,,,,,,,,,,,,,,,,,,,,Luis Muriel,FW,Orlando City,34-232,Luis Muriel,Designated Player,2026,Luis Muriel,2025.0,2500000.0,4003333.0,0.01623931623931624,0.011111111111111112,0.01752136752136752,-0.02999999999999997,5.9,1.54,FW,DP,0,FW
3231425359,1,2025,30,27,2295,25.5,0.71,0.24,0.94,0.63,0.08,0.12,0.27,0.0,0.6,0.51,0.18,0.69,0.82,3.8,5.57,0.71,0.24,0.94,0.63,0.86,0.61,0.18,0.78,0.51,0.69,25.5,19.7,11.3,5.53,1.73,29.9,15.6,7.92,3.41,65.9,72.4,69.8,50.6,305.1,96.4,19.7,11.3,5.53,1.73,29.9,15.6,7.92,3.41,65.9,72.4,69.8,50.6,19.7,11.3,5.53,1.73,29.9,15.6,7.92,3.41,65.9,72.4,69.8,50.6,19.7,11.3,5.53,1.73,29.9,15.6,7.92,3.41,65.9,72.4,69.8,50.6,0.24,0.15,0.06,1.22,2.51,1.41,0.04,0.71,2.9,1.18,40.5,2.9,1.18,0.22,0.53,15.4,0.04,0.08,0.12,0.18,0.1,0.11,41.0,1.37,5.02,19.2,17.1,5.45,40.9,0.86,45.8,0.98,52.1,19.2,0.51,2.39,1.22,30.1,0.67,0.35,0.31,0.67,0.35,42.9,0.47,0.75,0.63,0.24,0.9,1.22,0.0,2.98,2.98,0.43,0.08,0.0,0.0,0.08,0.0,0.71,0.71,0.43,0.08,0.0,0.0,0.08,0.0,0.0,1.61,1.02,0.86,0.43,0.24,0.31,0.0,0.0,0.0,3.1,2.9,56.5,,,,,,,,,,,,,,,,,,,,,,,,,,,,,Petar Musa,FW,FC Dallas,27-275,Petar Musa,Designated Player,2027,Petar Musa,2025.0,2250000.0,2680000.0,0.02784313725490196,0.009411764705882352,0.023529411764705882,0.10999999999999999,4.62,0.91,FW,DP,0,FW
828745537,3,2025,31,16,1562,17.4,0.8,0.23,1.03,0.75,0.06,0.06,0.34,0.0,0.81,0.76,0.05,0.82,1.09,0.8,3.79,0.81,0.23,1.04,0.75,0.98,0.81,0.05,0.87,0.77,0.82,17.4,11.7,7.07,3.56,0.34,14.9,8.62,4.14,0.57,78.5,82.0,86.1,60.0,152.8,21.8,11.7,7.07,3.56,0.34,14.9,8.62,4.14,0.57,78.5,82.0,86.1,60.0,11.7,7.07,3.56,0.34,14.9,8.62,4.14,0.57,78.5,82.0,86.1,60.0,11.7,7.07,3.56,0.34,14.9,8.62,4.14,0.57,78.5,82.0,86.1,60.0,0.23,0.05,0.18,0.52,0.23,0.23,0.0,0.8,3.05,1.44,47.2,3.05,1.44,0.25,0.52,10.3,0.0,0.06,0.06,0.25,-0.01,-0.02,24.4,0.52,1.32,10.3,12.9,5.23,24.3,0.34,31.6,0.63,57.9,12.5,0.92,1.9,1.55,17.8,0.92,0.06,0.75,0.92,0.06,25.0,0.17,0.52,0.4,0.11,1.03,0.46,0.0,1.49,1.5,0.06,0.0,0.11,0.0,0.0,0.0,0.34,0.35,0.06,0.0,0.11,0.0,0.0,0.0,0.0,2.07,1.09,0.52,0.0,0.11,0.75,0.0,0.06,0.0,2.01,2.13,38.5,,,,,,,,,,,,,,,,,,,,,,,,,,,,,Daniel Musovski,FW,Seattle Sounders,30-004,,,,,,,,0.04597701149425288,0.013218390804597703,0.046551724137931044,-0.010000000000000009,1.8900000000000001,1.03,FW,Unknown,0,FW
9678445954,1,2025,1,0,14,0.2,0.0,0.0,0.0,0.0,0.0,0.0,0.0,0.0,1.0,1.0,0.5,2.0,5.0,0.0,10.0,0.0,0.0,0.0,0.0,0.0,1.53,0.8,2.33,1.53,2.33,0.2,25.0,20.0,5.0,0.0,25.0,20.0,5.0,0.0,100.0,100.0,100.0,,320.0,90.0,25.0,20.0,5.0,0.0,25.0,20.0,5.0,0.0,100.0,100.0,100.0,,25.0,20.0,5.0,0.0,25.0,20.0,5.0,0.0,100.0,100.0,100.0,,25.0,20.0,5.0,0.0,25.0,20.0,5.0,0.0,100.0,100.0,100.0,,0.0,0.5,-0.5,5.0,0.0,0.0,0.0,0.0,15.0,0.0,0.0,19.29,0.0,0.0,,23.0,0.0,0.0,0.0,0.08,-1.0,-1.0,50.0,0.0,0.0,20.0,30.0,10.0,50.0,0.0,,0.0,,40.0,5.0,5.0,5.0,35.0,0.0,0.0,0.0,0.0,0.0,,0.0,0.0,0.0,0.0,0.0,5.0,0.0,5.0,6.43,0.0,0.0,0.0,0.0,0.0,0.0,0.0,0.0,0.0,0.0,0.0,0.0,0.0,0.0,0.0,5.0,0.0,0.0,0.0,0.0,0.0,0.0,0.0,0.0,5.0,5.0,100.0,,,,,,,,,,,,,,,,,,,,,,,,,,,,,Sebastiano Musu,FW,NYCFC,25-055,,,,,,,,0.0,0.0,5.0,-1.0,5.0,0.0,FW,Unknown,-1,FW
7378719244,1,2025,22,13,1166,13.0,0.23,0.15,0.38,0.23,0.0,0.0,0.08,0.0,0.18,0.18,0.19,0.38,1.15,1.31,3.92,0.23,0.15,0.39,0.23,0.39,0.19,0.19,0.38,0.19,0.38,13.0,10.2,7.15,1.77,0.46,15.3,9.92,2.31,0.69,66.8,72.1,76.7,66.7,124.8,29.8,10.2,7.15,1.77,0.46,15.3,9.92,2.31,0.69,66.8,72.1,76.7,66.7,10.2,7.15,1.77,0.46,15.3,9.92,2.31,0.69,66.8,72.1,76.7,66.7,10.2,7.15,1.77,0.46,15.3,9.92,2.31,0.69,66.8,72.1,76.7,66.7,0.15,0.08,-0.04,1.23,0.46,0.62,0.0,0.23,1.38,0.85,61.1,1.39,0.85,0.17,0.27,14.2,0.0,0.0,0.0,0.14,0.05,0.05,23.5,0.62,1.46,10.2,12.1,3.54,23.5,0.62,36.4,0.92,54.5,11.6,0.46,1.77,0.77,15.2,0.92,0.08,0.38,0.92,0.08,20.0,0.31,0.85,0.69,0.23,1.15,0.31,0.0,2.0,2.01,0.08,0.0,0.0,0.0,0.08,0.0,0.15,0.15,0.08,0.0,0.0,0.0,0.08,0.0,0.0,1.08,1.31,0.46,0.08,0.23,0.38,0.0,0.0,0.0,1.69,1.31,38.6,,,,,,,,,,,,,,,,,,,,,,,,,,,,,Matheus Nascimento,FW,LA Galaxy,21-276,Matheus Nascimento,U22 Initiative,2025,,,,,0.017692307692307695,0.011538461538461537,0.013846153846153845,0.05000000000000002,2.46,1.1500000000000001,FW,U22,0,FW
5651054576,1,2025,31,30,2661,29.6,0.41,0.1,0.51,0.34,0.07,0.14,0.07,0.0,0.46,0.35,0.19,0.54,1.25,2.16,5.68,0.41,0.1,0.51,0.34,0.44,0.46,0.19,0.65,0.36,0.54,29.6,14.3,7.97,4.36,0.71,22.0,10.7,6.28,1.35,64.9,74.7,69.4,52.5,199.7,50.7,14.3,7.97,4.36,0.71,22.0,10.7,6.28,1.35,64.9,74.7,69.4,52.5,14.3,7.97,4.36,0.71,22.0,10.7,6.28,1.35,64.9,74.7,69.4,52.5,14.3,7.97,4.36,0.71,22.0,10.7,6.28,1.35,64.9,74.7,69.4,52.5,0.1,0.18,-0.09,1.11,1.18,0.84,0.1,0.41,2.84,0.95,33.3,2.84,0.95,0.12,0.36,15.2,0.0,0.07,0.14,0.13,-0.06,-0.02,36.4,0.95,3.45,14.6,19.1,4.76,36.3,0.95,40.0,1.05,44.3,19.4,0.51,3.51,1.72,24.1,1.55,0.3,1.01,1.55,0.3,29.0,0.74,1.05,0.98,0.44,1.99,0.81,0.0,3.18,3.18,0.24,0.0,0.54,0.24,0.07,0.0,0.54,0.54,0.24,0.0,0.54,0.24,0.07,0.0,0.0,1.59,2.26,0.78,0.64,0.44,1.01,0.17,0.0,0.03,3.14,1.99,40.1,,,,,,,,,,,,,,,,,,,,,,,,,,,,,Rafael Navarro,FW,Colorado Rapids,25-234,Rafael Navarro,Designated Player,2027,,,,,0.01385135135135135,0.0033783783783783786,0.01554054054054054,-0.050000000000000044,3.41,1.99,FW,DP,0,FW
7494586401,1,2025,23,16,1321,14.7,0.14,0.34,0.48,0.14,0.0,0.0,0.27,0.07,0.22,0.22,0.29,0.51,4.01,2.45,9.18,0.14,0.34,0.48,0.14,0.48,0.23,0.29,0.51,0.23,0.51,14.7,19.9,12.6,5.65,0.54,25.9,14.8,6.94,1.7,76.9,84.9,81.4,32.0,266.9,66.3,19.9,12.6,5.65,0.54,25.9,14.8,6.94,1.7,76.9,84.9,81.4,32.0,19.9,12.6,5.65,0.54,25.9,14.8,6.94,1.7,76.9,84.9,81.4,32.0,19.9,12.6,5.65,0.54,25.9,14.8,6.94,1.7,76.9,84.9,81.4,32.0,0.34,0.24,0.05,1.22,1.29,1.16,0.14,0.14,2.04,0.61,30.0,2.04,0.61,0.07,0.22,17.2,0.07,0.0,0.0,0.11,-0.09,-0.09,42.6,0.41,4.63,12.9,26.4,5.44,42.6,2.79,41.8,3.4,51.0,29.4,2.52,4.29,1.7,30.5,1.5,0.54,1.09,1.5,0.54,28.6,1.36,0.88,0.88,0.41,1.9,0.34,0.0,3.54,3.55,0.75,0.07,0.68,0.07,0.0,0.0,0.68,0.68,0.75,0.07,0.68,0.07,0.0,0.0,0.07,2.31,1.9,0.2,2.18,0.41,1.09,0.07,0.0,0.0,4.01,0.48,30.4,,,,,,,,,,,,,,,,,,,,,,,,,,,,,Jayden Nelson,FW,Vancouver W'caps,23-069,Jayden Nelson,Standard,2028,Jayden Nelson,2025.0,360000.0,414000.0,0.009523809523809525,0.023129251700680274,0.014965986394557824,-0.07999999999999999,6.46,1.91,FW,Standard,0,FW
1071140656,1,2025,6,1,157,1.7,0.59,0.0,0.59,0.59,0.0,0.0,0.0,0.0,0.35,0.35,0.0,0.35,0.0,2.35,2.35,0.57,0.0,0.57,0.57,0.57,0.36,0.0,0.36,0.36,0.36,1.7,13.5,7.06,4.12,0.59,18.8,9.41,5.29,0.59,71.9,75.0,77.8,100.0,164.1,43.5,13.5,7.06,4.12,0.59,18.8,9.41,5.29,0.59,71.9,75.0,77.8,100.0,13.5,7.06,4.12,0.59,18.8,9.41,5.29,0.59,71.9,75.0,77.8,100.0,13.5,7.06,4.12,0.59,18.8,9.41,5.29,0.59,71.9,75.0,77.8,100.0,0.0,0.0,0.0,0.0,1.18,0.0,0.0,0.59,1.18,0.59,50.0,1.15,0.57,0.5,1.0,8.5,0.0,0.0,0.0,0.31,0.24,0.24,31.8,1.76,5.88,17.6,8.82,1.76,31.8,0.59,20.0,1.76,60.0,13.5,0.59,2.94,1.76,18.8,1.18,0.0,1.18,1.18,0.0,0.0,1.76,0.0,0.0,0.0,1.18,1.18,0.0,1.18,1.15,0.0,0.0,0.59,0.0,0.0,0.0,0.0,0.0,0.0,0.0,0.59,0.0,0.0,0.0,0.0,3.53,1.18,0.0,0.0,0.0,1.18,0.0,0.0,0.0,1.18,3.53,60.0,,,,,,,,,,,,,,,,,,,,,,,,,,,,,Allen Obando,FW,Inter Miami,19-174,,,,Allen Obando,2025.0,500000.0,620833.0,0.34705882352941175,0.0,0.20588235294117646,0.24,2.35,1.18,FW,Unknown,0,FW
5189583025,1,2025,8,7,643,7.1,0.56,0.0,0.56,0.56,0.0,0.0,0.14,0.14,0.42,0.42,0.1,0.54,1.69,1.41,5.77,0.56,0.0,0.56,0.56,0.56,0.43,0.1,0.53,0.43,0.53,7.1,11.4,5.63,3.24,1.27,15.8,7.61,4.37,1.41,72.3,74.1,74.2,90.0,179.2,34.5,11.4,5.63,3.24,1.27,15.8,7.61,4.37,1.41,72.3,74.1,74.2,90.0,11.4,5.63,3.24,1.27,15.8,7.61,4.37,1.41,72.3,74.1,74.2,90.0,11.4,5.63,3.24,1.27,15.8,7.61,4.37,1.41,72.3,74.1,74.2,90.0,0.0,0.11,-0.1,0.99,0.85,0.56,0.14,0.56,2.82,1.97,70.0,2.8,1.96,0.2,0.29,16.5,0.0,0.0,0.0,0.15,0.14,0.14,28.3,1.55,3.94,10.6,14.9,4.65,28.3,1.41,62.5,0.85,37.5,16.6,0.99,2.68,1.27,18.0,0.7,0.28,0.28,0.7,0.28,100.0,0.0,0.7,0.56,0.56,1.27,1.13,0.0,2.39,2.38,0.56,0.0,0.42,0.0,0.0,0.0,0.0,0.0,0.56,0.0,0.42,0.0,0.0,0.0,0.0,2.25,1.69,1.13,0.28,0.56,0.28,0.14,0.0,0.0,2.68,1.13,32.0,,,,,,,,,,,,,,,,,,,,,,,,,,,,,Victor Olatunji,FW,Real Salt Lake,26-090,,,,Victor Olatunji,2025.0,600000.0,626500.0,0.07887323943661972,0.0,0.059154929577464786,0.14000000000000007,3.0999999999999996,1.26,FW,Unknown,0,FW
3687057073,1,2025,3,0,47,0.5,0.0,0.0,0.0,0.0,0.0,0.0,2.0,0.0,0.6,0.6,0.0,0.8,2.0,0.0,10.0,0.0,0.0,0.0,0.0,0.0,0.63,0.04,0.67,0.63,0.67,0.5,10.0,4.0,4.0,0.0,16.0,6.0,6.0,0.0,62.5,66.7,66.7,,106.0,12.0,10.0,4.0,4.0,0.0,16.0,6.0,6.0,0.0,62.5,66.7,66.7,,10.0,4.0,4.0,0.0,16.0,6.0,6.0,0.0,62.5,66.7,66.7,,10.0,4.0,4.0,0.0,16.0,6.0,6.0,0.0,62.5,66.7,66.7,,0.0,0.0,0.0,2.0,0.0,0.0,0.0,0.0,4.0,2.0,50.0,3.83,1.91,0.0,0.0,14.1,0.0,0.0,0.0,0.17,-0.6,-0.6,30.0,0.0,0.0,10.0,20.0,8.0,30.0,0.0,,0.0,,14.0,2.0,4.0,0.0,16.0,2.0,0.0,2.0,2.0,0.0,,0.0,6.0,6.0,0.0,2.0,0.0,0.0,4.0,3.83,0.0,0.0,0.0,0.0,2.0,0.0,0.0,0.0,0.0,0.0,0.0,0.0,2.0,0.0,0.0,4.0,0.0,2.0,0.0,0.0,2.0,0.0,0.0,0.0,4.0,4.0,100.0,,,,,,,,,,,,,,,,,,,,,,,,,,,,,Salvador Olivas,FW,Philadelphia Union,19-146,,,,,,,,0.0,0.0,1.2,-0.6,2.0,2.0,FW,Unknown,0,FW
6935400538,3,2025,26,15,1313,14.6,0.34,0.21,0.55,0.34,0.0,0.0,0.07,0.0,0.38,0.38,0.16,0.53,2.19,2.19,6.44,0.34,0.21,0.55,0.34,0.55,0.38,0.16,0.54,0.38,0.54,14.6,22.3,14.1,6.64,0.75,27.3,16.4,7.67,1.16,81.7,86.2,86.6,64.7,301.6,51.2,22.3,14.1,6.64,0.75,27.3,16.4,7.67,1.16,81.7,86.2,86.6,64.7,22.3,14.1,6.64,0.75,27.3,16.4,7.67,1.16,81.7,86.2,86.6,64.7,22.3,14.1,6.64,0.75,27.3,16.4,7.67,1.16,81.7,86.2,86.6,64.7,0.21,0.18,0.04,1.51,0.96,1.03,0.07,0.34,1.92,0.89,46.4,1.92,0.89,0.18,0.38,14.2,0.0,0.0,0.0,0.2,-0.03,-0.03,36.1,1.16,4.25,14.8,17.8,4.38,36.1,0.68,43.5,0.89,56.5,22.6,0.96,2.12,0.82,27.2,0.48,0.34,0.21,0.48,0.34,29.4,0.82,0.82,0.75,0.55,1.03,0.62,0.0,2.6,2.61,0.14,0.0,0.14,0.0,0.0,0.0,0.41,0.41,0.14,0.0,0.14,0.0,0.0,0.0,0.0,1.03,1.16,0.75,0.89,0.55,0.21,0.0,0.0,0.07,3.22,0.14,11.8,,,,,,,,,,,,,,,,,,,,,,,,,,,,,Nathan Ordaz,FW,LAFC,21-326,Nathan Ordaz,Homegrown,2025,Nathan Ordaz,2025.0,146500.0,149000.0,0.023287671232876714,0.014383561643835616,0.026027397260273973,-0.03999999999999998,4.38,1.03,FW,HG,0,FW
9912545703,2,2025,34,32,2818,31.3,0.42,0.1,0.51,0.32,0.1,0.13,0.13,0.0,0.55,0.45,0.13,0.58,1.76,2.01,5.91,0.42,0.1,0.51,0.32,0.42,0.55,0.13,0.68,0.45,0.58,31.3,13.3,7.67,4.28,0.38,20.4,10.8,5.72,0.73,65.2,70.8,74.9,52.2,180.6,38.5,13.3,7.67,4.28,0.38,20.4,10.8,5.72,0.73,65.2,70.8,74.9,52.2,13.3,7.67,4.28,0.38,20.4,10.8,5.72,0.73,65.2,70.8,74.9,52.2,13.3,7.67,4.28,0.38,20.4,10.8,5.72,0.73,65.2,70.8,74.9,52.2,0.1,0.12,-0.04,1.28,0.73,0.8,0.0,0.42,2.52,1.12,44.3,2.52,1.12,0.13,0.29,12.8,0.0,0.1,0.13,0.18,-0.14,-0.13,32.3,1.37,2.11,14.5,16.3,5.27,32.2,0.99,51.7,0.8,41.7,19.0,1.02,3.39,1.98,24.7,0.8,0.16,0.48,0.8,0.16,33.3,0.32,0.38,0.22,0.13,0.93,1.15,0.0,2.33,2.33,0.16,0.06,0.19,0.03,0.06,0.0,0.32,0.32,0.16,0.06,0.19,0.03,0.06,0.0,0.0,2.14,1.98,0.8,0.32,0.13,0.48,0.06,0.0,0.0,2.68,2.11,45.2,,,,,,,,,,,,,,,,,,,,,,,,,,,,,Prince Owusu,FW,CF Montréal,28-331,Prince Owusu,TAM Player,2026,Prince Owusu,2025.0,900000.0,1007500.0,0.013418530351437698,0.0031948881789137383,0.017571884984025562,-0.13000000000000006,3.7699999999999996,0.93,FW,TAM,0,FW
723898985,1,2025,25,22,1974,21.9,0.46,0.09,0.55,0.37,0.09,0.09,0.14,0.0,0.45,0.38,0.08,0.46,4.7,2.65,11.4,0.46,0.09,0.55,0.36,0.46,0.45,0.08,0.52,0.38,0.45,21.9,24.2,14.4,7.35,1.6,31.1,16.7,9.27,2.69,77.7,86.3,79.3,59.3,363.7,65.5,24.2,14.4,7.35,1.6,31.1,16.7,9.27,2.69,77.7,86.3,79.3,59.3,24.2,14.4,7.35,1.6,31.1,16.7,9.27,2.69,77.7,86.3,79.3,59.3,24.2,14.4,7.35,1.6,31.1,16.7,9.27,2.69,77.7,86.3,79.3,59.3,0.09,0.11,0.01,0.96,1.14,1.37,0.14,0.46,2.69,1.37,50.8,2.69,1.37,0.14,0.27,16.6,0.0,0.09,0.09,0.14,0.01,-0.01,43.0,0.41,3.33,12.1,28.8,6.53,42.9,2.56,45.9,2.65,47.5,30.8,2.97,2.51,1.28,33.0,0.73,0.32,0.5,0.73,0.32,43.8,0.41,0.5,0.5,0.23,0.96,0.23,0.05,3.42,3.42,0.87,0.14,0.32,0.05,0.0,0.0,0.59,0.59,0.87,0.14,0.32,0.05,0.0,0.0,0.0,1.19,2.92,0.59,2.01,0.23,0.5,0.05,0.0,0.0,3.61,0.18,57.1,,,,,,,,,,,,,,,,,,,,,,,,,,,,,Joseph Paintsil,FW,LA Galaxy,27-306,Joseph Paintsil,Designated Player,2027,Joseph Paintsil,2025.0,3136000.0,4182000.0,0.021004566210045664,0.004109589041095891,0.020547945205479454,0.010000000000000009,7.35,0.96,FW,DP,0,FW
8823479743,1,2025,1,0,21,0.2,0.0,0.0,0.0,0.0,0.0,0.0,0.0,0.0,0.0,0.0,0.0,0.0,0.0,0.0,0.0,0.0,0.0,0.0,0.0,0.0,0.0,0.0,0.0,0.0,0.0,0.2,45.0,20.0,20.0,5.0,45.0,20.0,20.0,5.0,100.0,100.0,100.0,100.0,770.0,240.0,45.0,20.0,20.0,5.0,45.0,20.0,20.0,5.0,100.0,100.0,100.0,100.0,45.0,20.0,20.0,5.0,45.0,20.0,20.0,5.0,100.0,100.0,100.0,100.0,45.0,20.0,20.0,5.0,45.0,20.0,20.0,5.0,100.0,100.0,100.0,100.0,0.0,0.0,0.0,0.0,0.0,0.0,0.0,0.0,0.0,0.0,,0.0,0.0,,,,0.0,0.0,0.0,,0.0,0.0,60.0,5.0,25.0,30.0,5.0,0.0,60.0,0.0,,0.0,,25.0,0.0,5.0,0.0,30.0,5.0,0.0,0.0,5.0,0.0,,0.0,0.0,0.0,5.0,10.0,0.0,0.0,0.0,0.0,0.0,0.0,0.0,0.0,0.0,0.0,0.0,0.0,0.0,0.0,0.0,0.0,0.0,0.0,0.0,0.0,0.0,0.0,0.0,5.0,0.0,0.0,0.0,0.0,10.0,5.0,50.0,,,,,,,,,,,,,,,,,,,,,,,,,,,,,Neil Pierre,FW,Philadelphia Union,18-046,Neil Pierre,Homegrown,2028,Neil Pierre,2025.0,80622.0,97020.0,0.0,0.0,0.0,0.0,0.0,10.0,FW,HG,0,FW
5624631120,1,2025,3,0,35,0.4,2.5,0.0,2.5,2.5,0.0,0.0,0.0,0.0,1.5,1.5,0.0,1.5,0.0,0.0,0.0,2.57,0.0,2.57,2.57,2.57,1.39,0.0,1.39,1.39,1.39,0.4,17.5,12.5,5.0,0.0,17.5,12.5,5.0,0.0,100.0,100.0,100.0,,187.5,22.5,17.5,12.5,5.0,0.0,17.5,12.5,5.0,0.0,100.0,100.0,100.0,,17.5,12.5,5.0,0.0,17.5,12.5,5.0,0.0,100.0,100.0,100.0,,17.5,12.5,5.0,0.0,17.5,12.5,5.0,0.0,100.0,100.0,100.0,,0.0,0.0,0.0,0.0,0.0,0.0,0.0,2.5,2.5,2.5,100.0,2.57,2.57,1.0,1.0,6.7,0.0,0.0,0.0,0.56,1.0,1.0,25.0,0.0,2.5,15.0,10.0,2.5,25.0,0.0,,0.0,,15.0,0.0,0.0,0.0,12.5,5.0,0.0,2.5,5.0,0.0,,0.0,2.5,2.5,0.0,5.0,0.0,0.0,0.0,0.0,0.0,0.0,0.0,0.0,0.0,0.0,0.0,0.0,0.0,0.0,0.0,0.0,0.0,0.0,0.0,0.0,2.5,0.0,0.0,0.0,2.5,0.0,0.0,0.0,10.0,0.0,0.0,,,,,,,,,,,,,,,,,,,,,,,,,,,,,Nelson Pierre,FW,Vancouver W'caps,20-257,Nelson Pierre,Homegrown,2026,Nelson Pierre,2025.0,104000.0,118116.0,6.25,0.0,3.75,1.0,0.0,5.0,FW,HG,-1,FW
8537580044,1,2025,32,32,2669,29.7,0.34,0.03,0.37,0.3,0.03,0.03,0.27,0.0,0.4,0.38,0.06,0.44,0.51,1.04,3.7,0.34,0.03,0.37,0.3,0.34,0.4,0.06,0.47,0.38,0.44,29.7,13.5,8.69,3.06,0.51,16.7,10.3,3.74,0.84,80.5,84.6,82.0,60.0,165.3,24.7,13.5,8.69,3.06,0.51,16.7,10.3,3.74,0.84,80.5,84.6,82.0,60.0,13.5,8.69,3.06,0.51,16.7,10.3,3.74,0.84,80.5,84.6,82.0,60.0,13.5,8.69,3.06,0.51,16.7,10.3,3.74,0.84,80.5,84.6,82.0,60.0,0.03,0.03,-0.03,0.47,0.94,0.17,0.0,0.34,2.69,0.77,28.8,2.7,0.78,0.11,0.39,13.5,0.13,0.03,0.03,0.14,-0.07,-0.07,27.2,1.01,2.63,14.2,10.7,3.94,27.2,0.4,26.1,1.08,69.6,16.0,0.37,2.79,1.68,20.6,0.54,0.24,0.4,0.54,0.24,38.9,0.37,0.3,0.17,0.24,0.77,0.67,0.0,1.62,1.62,0.03,0.0,0.13,0.03,0.03,0.0,0.07,0.07,0.03,0.0,0.13,0.03,0.03,0.0,0.0,2.32,1.55,0.54,0.13,0.24,0.4,0.03,0.0,0.0,1.62,1.92,46.3,,,,,,,,,,,,,,,,,,,,,,,,,,,,,Ezequiel Ponce,FW,Houston Dynamo,28-250,Ezequiel Ponce,Designated Player,June 2027,Ezequiel Ponce,2025.0,2590000.0,2852200.0,0.011447811447811448,0.00101010101010101,0.01346801346801347,-0.06,1.55,0.78,FW,DP,0,FW
7012985170,1,2025,9,0,80,0.9,1.11,0.0,1.11,1.11,0.0,0.0,0.0,0.0,0.78,0.78,0.33,1.11,2.22,5.56,15.6,1.13,0.0,1.13,1.13,1.13,0.84,0.29,1.12,0.84,1.12,0.9,24.4,15.6,7.78,1.11,31.1,21.1,7.78,1.11,78.6,73.7,100.0,100.0,328.9,107.8,24.4,15.6,7.78,1.11,31.1,21.1,7.78,1.11,78.6,73.7,100.0,100.0,24.4,15.6,7.78,1.11,31.1,21.1,7.78,1.11,78.6,73.7,100.0,100.0,24.4,15.6,7.78,1.11,31.1,21.1,7.78,1.11,78.6,73.7,100.0,100.0,0.0,0.44,-0.33,2.22,2.22,2.22,0.0,1.11,3.33,2.22,66.7,3.38,2.25,0.33,0.5,15.0,0.0,0.0,0.0,0.25,0.33,0.33,45.6,0.0,1.11,25.6,20.0,4.44,45.6,2.22,40.0,3.33,60.0,31.1,1.11,4.44,3.33,40.0,0.0,0.0,0.0,0.0,0.0,,0.0,0.0,0.0,0.0,0.0,0.0,0.0,3.33,3.38,1.11,0.0,0.0,0.0,0.0,0.0,0.0,0.0,1.11,0.0,0.0,0.0,0.0,0.0,0.0,3.33,1.11,0.0,0.0,0.0,0.0,0.0,0.0,0.0,3.33,1.11,20.0,,,,,,,,,,,,,,,,,,,,,,,,,,,,,Seymour Reid,FW,NYCFC,17-275,,,,Seymour Reid,2025.0,80622.0,95437.0,1.2333333333333334,0.0,0.8666666666666667,0.33000000000000007,7.779999999999999,0.0,FW,Unknown,-1,FW
84952837,1,2025,6,0,154,1.7,0.59,0.59,1.18,0.0,0.59,0.59,1.18,0.0,0.65,0.18,0.35,0.53,2.35,4.71,7.06,0.58,0.58,1.17,0.0,0.58,0.65,0.36,1.01,0.18,0.55,1.7,24.7,17.1,5.88,1.18,33.5,19.4,8.82,2.35,73.7,87.9,66.7,50.0,337.6,110.6,24.7,17.1,5.88,1.18,33.5,19.4,8.82,2.35,73.7,87.9,66.7,50.0,24.7,17.1,5.88,1.18,33.5,19.4,8.82,2.35,73.7,87.9,66.7,50.0,24.7,17.1,5.88,1.18,33.5,19.4,8.82,2.35,73.7,87.9,66.7,50.0,0.59,0.12,0.24,1.18,1.76,1.76,0.0,0.59,3.53,1.18,33.3,3.51,1.17,0.0,0.0,16.8,0.0,0.59,0.59,0.05,-0.06,-0.18,45.3,0.59,5.29,22.4,18.2,6.47,44.7,0.0,0.0,0.0,0.0,21.2,0.59,2.35,0.59,34.1,0.0,0.0,0.0,0.0,0.0,0.0,1.18,0.0,0.0,0.0,0.0,1.18,0.0,6.47,6.43,0.0,0.0,2.35,0.59,0.0,0.0,1.18,1.17,0.0,0.0,2.35,0.59,0.0,0.0,0.0,1.76,2.94,1.18,0.59,0.0,0.0,0.59,0.0,0.0,4.12,5.29,90.0,,,,,,,,,,,,,,,,,,,,,,,,,,,,,Jonathan Rodríguez,FW,Portland Timbers,32-151,Jonathan Rodríguez,Designated Player,2026,Jonathan Rodríguez,2025.0,2775000.0,3627500.0,0.34705882352941175,0.34705882352941175,0.3823529411764706,-0.06000000000000005,7.0600000000000005,0.0,FW,DP,0,FW
517340460,1,2025,28,23,1793,19.9,0.35,0.15,0.5,0.35,0.0,0.0,0.2,0.0,0.36,0.36,0.09,0.45,2.26,2.01,6.28,0.35,0.15,0.5,0.35,0.5,0.36,0.09,0.45,0.36,0.45,19.9,15.5,8.34,5.13,1.26,20.5,9.45,6.78,1.76,75.7,88.3,75.6,71.4,245.3,55.4,15.5,8.34,5.13,1.26,20.5,9.45,6.78,1.76,75.7,88.3,75.6,71.4,15.5,8.34,5.13,1.26,20.5,9.45,6.78,1.76,75.7,88.3,75.6,71.4,15.5,8.34,5.13,1.26,20.5,9.45,6.78,1.76,75.7,88.3,75.6,71.4,0.15,0.12,0.06,0.7,1.31,0.9,0.2,0.35,2.76,0.75,27.3,2.76,0.75,0.13,0.47,15.6,0.05,0.0,0.0,0.13,-0.01,-0.01,33.4,0.7,3.22,13.2,17.7,5.63,33.4,1.31,41.3,1.51,47.6,20.9,1.01,3.57,1.11,23.2,1.26,0.4,0.75,1.26,0.4,34.8,0.75,0.4,0.35,0.35,1.61,0.75,0.0,2.51,2.51,0.3,0.0,0.35,0.1,0.05,0.0,0.35,0.35,0.3,0.0,0.35,0.1,0.05,0.0,0.0,1.91,2.01,0.25,1.26,0.35,0.75,0.15,0.0,0.0,3.17,0.6,37.5,,,,,,,,,,,,,,,,,,,,,,,,,,,,,Emmanuel Sabbi,FW,Vancouver W'caps,27-345,Emmanuel Sabbi,TAM Player,2027,Emmanuel Sabbi,2025.0,900000.0,987750.0,0.017587939698492462,0.007537688442211056,0.018090452261306532,-0.010000000000000009,4.27,1.6099999999999999,FW,TAM,0,FW
8317810595,1,2025,15,2,319,3.5,0.0,0.0,0.0,0.0,0.0,0.0,0.29,0.0,0.14,0.14,0.11,0.26,2.29,1.43,4.29,0.0,0.0,0.0,0.0,0.0,0.15,0.1,0.26,0.15,0.26,3.5,16.6,10.0,3.43,1.14,26.0,12.6,5.14,2.86,63.7,79.5,66.7,40.0,226.6,58.9,16.6,10.0,3.43,1.14,26.0,12.6,5.14,2.86,63.7,79.5,66.7,40.0,16.6,10.0,3.43,1.14,26.0,12.6,5.14,2.86,63.7,79.5,66.7,40.0,16.6,10.0,3.43,1.14,26.0,12.6,5.14,2.86,63.7,79.5,66.7,40.0,0.0,0.03,-0.11,0.86,1.14,0.29,0.0,0.0,1.71,0.0,0.0,1.69,0.0,0.0,,19.7,0.29,0.0,0.0,0.09,-0.14,-0.14,37.4,1.71,5.71,12.9,19.4,2.0,37.4,0.29,20.0,0.86,60.0,22.3,0.29,2.86,2.0,24.3,1.14,0.57,0.57,1.14,0.57,33.3,1.14,0.57,0.29,0.0,1.14,0.86,0.0,2.29,2.26,0.29,0.0,0.29,0.0,0.0,0.0,0.29,0.28,0.29,0.0,0.29,0.0,0.0,0.0,0.0,0.86,1.71,0.29,1.43,0.0,0.57,0.0,0.0,0.0,3.43,0.57,9.5,,,,,,,,,,,,,,,,,,,,,,,,,,,,,Jeong Sangbin,FW,St. Louis,23-247,,,,,,,,0.0,0.0,0.04,-0.14,3.7199999999999998,1.14,FW,Unknown,0,FW
8317810595,2,2025,15,2,319,3.5,0.0,0.0,0.0,0.0,0.0,0.0,0.29,0.0,0.14,0.14,0.11,0.26,2.29,1.43,4.29,0.0,0.0,0.0,0.0,0.0,0.15,0.1,0.26,0.15,0.26,3.5,16.6,10.0,3.43,1.14,26.0,12.6,5.14,2.86,63.7,79.5,66.7,40.0,226.6,58.9,16.6,10.0,3.43,1.14,26.0,12.6,5.14,2.86,63.7,79.5,66.7,40.0,16.6,10.0,3.43,1.14,26.0,12.6,5.14,2.86,63.7,79.5,66.7,40.0,16.6,10.0,3.43,1.14,26.0,12.6,5.14,2.86,63.7,79.5,66.7,40.0,0.0,0.03,-0.11,0.86,1.14,0.29,0.0,0.0,1.71,0.0,0.0,1.69,0.0,0.0,,19.7,0.29,0.0,0.0,0.09,-0.14,-0.14,37.4,1.71,5.71,12.9,19.4,2.0,37.4,0.29,20.0,0.86,60.0,22.3,0.29,2.86,2.0,24.3,1.14,0.57,0.57,1.14,0.57,33.3,1.14,0.57,0.29,0.0,1.14,0.86,0.0,2.29,2.26,0.29,0.0,0.29,0.0,0.0,0.0,0.29,0.28,0.29,0.0,0.29,0.0,0.0,0.0,0.0,0.86,1.71,0.29,1.43,0.0,0.57,0.0,0.0,0.0,3.43,0.57,9.5,,,,,,,,,,,,,,,,,,,,,,,,,,,,,Jeong Sangbin,FW,St. Louis,23-247,,,,,,,,0.0,0.0,0.04,-0.14,3.7199999999999998,1.14,FW,Unknown,0,FW
8317810595,1,2025,9,9,633,7.0,0.14,0.14,0.29,0.14,0.0,0.0,0.14,0.0,0.16,0.16,0.19,0.36,1.57,3.29,7.43,0.14,0.14,0.28,0.14,0.28,0.16,0.19,0.35,0.16,0.35,7.0,17.0,9.29,6.0,0.86,24.3,11.0,8.57,2.43,70.0,84.4,70.0,35.3,248.9,67.0,17.0,9.29,6.0,0.86,24.3,11.0,8.57,2.43,70.0,84.4,70.0,35.3,17.0,9.29,6.0,0.86,24.3,11.0,8.57,2.43,70.0,84.4,70.0,35.3,17.0,9.29,6.0,0.86,24.3,11.0,8.57,2.43,70.0,84.4,70.0,35.3,0.14,0.16,-0.04,1.29,2.71,0.86,0.14,0.14,1.14,0.29,25.0,1.14,0.28,0.13,0.5,13.3,0.0,0.0,0.0,0.14,-0.01,-0.01,32.9,0.43,3.86,13.1,16.1,2.71,32.9,1.14,34.8,1.86,56.5,21.3,0.29,2.0,1.0,23.9,0.57,0.43,0.29,0.57,0.43,42.9,0.57,0.57,0.57,0.43,1.0,0.43,0.0,2.43,2.42,0.0,0.0,0.0,0.0,0.14,0.0,0.43,0.43,0.0,0.0,0.0,0.0,0.14,0.0,0.0,1.29,1.57,0.14,0.43,0.43,0.29,0.0,0.0,0.0,4.14,0.86,46.2,,,,,,,,,,,,,,,,,,,,,,,,,,,,,Jeong Sangbin,FW,St. Louis,23-247,,,,,,,,0.02,0.02,0.022857142857142857,-0.01999999999999999,4.86,1.0,FW,Unknown,0,FW
8317810595,2,2025,9,9,633,7.0,0.14,0.14,0.29,0.14,0.0,0.0,0.14,0.0,0.16,0.16,0.19,0.36,1.57,3.29,7.43,0.14,0.14,0.28,0.14,0.28,0.16,0.19,0.35,0.16,0.35,7.0,17.0,9.29,6.0,0.86,24.3,11.0,8.57,2.43,70.0,84.4,70.0,35.3,248.9,67.0,17.0,9.29,6.0,0.86,24.3,11.0,8.57,2.43,70.0,84.4,70.0,35.3,17.0,9.29,6.0,0.86,24.3,11.0,8.57,2.43,70.0,84.4,70.0,35.3,17.0,9.29,6.0,0.86,24.3,11.0,8.57,2.43,70.0,84.4,70.0,35.3,0.14,0.16,-0.04,1.29,2.71,0.86,0.14,0.14,1.14,0.29,25.0,1.14,0.28,0.13,0.5,13.3,0.0,0.0,0.0,0.14,-0.01,-0.01,32.9,0.43,3.86,13.1,16.1,2.71,32.9,1.14,34.8,1.86,56.5,21.3,0.29,2.0,1.0,23.9,0.57,0.43,0.29,0.57,0.43,42.9,0.57,0.57,0.57,0.43,1.0,0.43,0.0,2.43,2.42,0.0,0.0,0.0,0.0,0.14,0.0,0.43,0.43,0.0,0.0,0.0,0.0,0.14,0.0,0.0,1.29,1.57,0.14,0.43,0.43,0.29,0.0,0.0,0.0,4.14,0.86,46.2,,,,,,,,,,,,,,,,,,,,,,,,,,,,,Jeong Sangbin,FW,St. Louis,23-247,,,,,,,,0.02,0.02,0.022857142857142857,-0.01999999999999999,4.86,1.0,FW,Unknown,0,FW
6994678911,2,2025,6,1,106,1.2,0.0,0.83,0.83,0.0,0.0,0.0,0.83,0.0,0.25,0.25,0.17,0.33,0.83,4.17,2.5,0.0,0.85,0.85,0.0,0.85,0.23,0.14,0.37,0.23,0.37,1.2,16.7,11.7,3.33,0.0,21.7,13.3,3.33,0.83,76.9,87.5,100.0,0.0,200.0,60.8,16.7,11.7,3.33,0.0,21.7,13.3,3.33,0.83,76.9,87.5,100.0,0.0,16.7,11.7,3.33,0.0,21.7,13.3,3.33,0.83,76.9,87.5,100.0,0.0,16.7,11.7,3.33,0.0,21.7,13.3,3.33,0.83,76.9,87.5,100.0,0.0,0.83,0.08,0.67,1.67,3.33,1.67,0.0,0.0,1.67,0.0,0.0,1.7,0.0,0.0,,12.7,0.0,0.0,0.0,0.14,-0.25,-0.25,31.7,1.67,2.5,15.0,14.2,4.17,31.7,0.0,,0.0,,13.3,0.83,1.67,1.67,22.5,0.0,0.0,0.0,0.0,0.0,,0.0,0.0,0.0,0.83,0.83,1.67,0.0,2.5,2.57,0.0,0.0,0.0,0.0,0.0,0.0,0.83,0.86,0.0,0.0,0.0,0.0,0.0,0.0,0.0,1.67,1.67,0.0,0.0,0.83,0.0,0.0,0.83,0.0,0.83,5.83,63.6,,,,,,,,,,,,,,,,,,,,,,,,,,,,,Charles Sharp,FW,Toronto FC,24-164,,,,,,,,0.0,0.6916666666666667,0.20833333333333334,-0.25,5.0,0.83,FW,Unknown,0,FW
5664022304,1,2025,1,0,15,0.2,0.0,5.0,5.0,0.0,0.0,0.0,0.0,0.0,0.0,0.0,1.5,1.5,0.0,0.0,0.0,0.0,6.0,6.0,0.0,6.0,0.0,1.8,1.8,0.0,1.8,0.2,5.0,5.0,0.0,0.0,10.0,5.0,0.0,0.0,50.0,100.0,,,60.0,10.0,5.0,5.0,0.0,0.0,10.0,5.0,0.0,0.0,50.0,100.0,,,5.0,5.0,0.0,0.0,10.0,5.0,0.0,0.0,50.0,100.0,,,5.0,5.0,0.0,0.0,10.0,5.0,0.0,0.0,50.0,100.0,,,5.0,0.0,3.5,5.0,0.0,0.0,0.0,0.0,0.0,0.0,,0.0,0.0,,,,0.0,0.0,0.0,,0.0,0.0,10.0,0.0,5.0,5.0,5.0,0.0,10.0,0.0,,0.0,,0.0,0.0,0.0,0.0,5.0,0.0,0.0,0.0,0.0,0.0,,0.0,0.0,0.0,0.0,0.0,0.0,0.0,5.0,6.0,0.0,0.0,0.0,0.0,0.0,0.0,5.0,6.0,0.0,0.0,0.0,0.0,0.0,0.0,0.0,0.0,0.0,0.0,0.0,0.0,0.0,0.0,0.0,0.0,5.0,5.0,100.0,,,,,,,,,,,,,,,,,,,,,,,,,,,,,Jason Shokalook,FW,Chicago Fire,23-065,,,,,,,,0.0,25.0,0.0,0.0,0.0,0.0,FW,Unknown,-1,FW
2841637462,2,2025,25,19,1577,17.5,0.29,0.0,0.29,0.29,0.0,0.0,0.17,0.0,0.27,0.27,0.05,0.32,1.77,1.66,8.91,0.29,0.0,0.29,0.29,0.29,0.27,0.05,0.32,0.27,0.32,17.5,19.0,10.9,7.03,0.69,24.7,13.0,8.51,1.37,76.9,83.3,82.6,50.0,275.2,50.8,19.0,10.9,7.03,0.69,24.7,13.0,8.51,1.37,76.9,83.3,82.6,50.0,19.0,10.9,7.03,0.69,24.7,13.0,8.51,1.37,76.9,83.3,82.6,50.0,19.0,10.9,7.03,0.69,24.7,13.0,8.51,1.37,76.9,83.3,82.6,50.0,0.0,0.05,-0.05,0.57,0.8,0.57,0.06,0.29,2.0,0.8,40.0,2.0,0.8,0.14,0.36,15.3,0.0,0.0,0.0,0.14,0.01,0.01,39.1,0.97,5.37,14.2,20.2,3.6,39.1,1.03,36.7,1.77,63.3,22.5,1.14,2.57,1.26,26.7,2.11,0.69,1.37,2.11,0.69,38.7,1.09,1.6,1.6,0.57,2.69,0.74,0.06,1.77,1.77,0.06,0.0,0.11,0.0,0.0,0.0,0.11,0.11,0.06,0.0,0.11,0.0,0.0,0.0,0.0,1.66,0.86,0.46,1.2,0.57,1.37,0.0,0.0,0.06,3.03,0.46,15.4,,,,,,,,,,,,,,,,,,,,,,,,,,,,,Mohammed Sofo,FW,NY Red Bulls,21-034,Mohammed Sofo,Standard,2026,Mohammed Sofo,2025.0,130000.0,188000.0,0.01657142857142857,0.0,0.01542857142857143,0.019999999999999962,3.4299999999999997,2.6799999999999997,FW,Standard,0,FW
8052689431,1,2025,28,27,2284,25.4,0.39,0.39,0.79,0.35,0.04,0.04,0.24,0.0,0.57,0.54,0.33,0.87,1.1,3.9,7.95,0.39,0.39,0.79,0.35,0.75,0.57,0.34,0.9,0.54,0.87,25.4,26.7,14.6,8.23,2.2,34.7,18.1,10.3,2.91,76.8,80.9,79.8,75.7,409.9,89.1,26.7,14.6,8.23,2.2,34.7,18.1,10.3,2.91,76.8,80.9,79.8,75.7,26.7,14.6,8.23,2.2,34.7,18.1,10.3,2.91,76.8,80.9,79.8,75.7,26.7,14.6,8.23,2.2,34.7,18.1,10.3,2.91,76.8,80.9,79.8,75.7,0.39,0.23,0.06,1.89,1.65,1.61,0.24,0.39,3.11,1.14,36.7,3.11,1.14,0.11,0.31,15.3,0.0,0.04,0.04,0.17,-0.17,-0.18,44.0,0.94,2.64,19.6,21.9,4.72,44.0,0.59,35.7,0.98,59.5,22.6,0.51,2.28,0.55,34.8,0.67,0.2,0.51,0.67,0.2,45.5,0.24,0.28,0.2,0.24,0.91,0.67,0.0,3.39,3.39,0.16,0.0,0.08,0.0,0.04,0.0,0.59,0.59,0.16,0.0,0.08,0.0,0.04,0.0,0.0,1.06,1.34,0.43,0.71,0.24,0.51,0.0,0.0,0.0,2.17,0.39,43.5,,,,,,,,,,,,,,,,,,,,,,,,,,,,,Luis Suárez,FW,Inter Miami,38-314,Luis Suárez,TAM Player,2025,Luis Suárez,2025.0,1500000.0,1500000.0,0.015354330708661419,0.015354330708661419,0.022440944881889763,-0.17999999999999994,5.0,0.91,FW,TAM,0,FW
4896217781,1,2025,34,33,2934,32.6,0.74,0.09,0.83,0.58,0.15,0.18,0.06,0.0,0.74,0.59,0.15,0.74,1.5,1.75,5.64,0.74,0.09,0.83,0.58,0.67,0.74,0.15,0.89,0.59,0.74,32.6,12.1,6.87,3.9,0.74,17.8,9.42,5.25,1.23,67.8,73.0,74.3,60.0,180.3,36.8,12.1,6.87,3.9,0.74,17.8,9.42,5.25,1.23,67.8,73.0,74.3,60.0,12.1,6.87,3.9,0.74,17.8,9.42,5.25,1.23,67.8,73.0,74.3,60.0,12.1,6.87,3.9,0.74,17.8,9.42,5.25,1.23,67.8,73.0,74.3,60.0,0.09,0.1,-0.06,0.86,0.67,0.67,0.09,0.74,3.13,1.47,47.1,3.13,1.47,0.19,0.4,11.7,0.0,0.15,0.18,0.19,-0.01,-0.01,28.3,1.07,3.16,11.5,14.1,5.77,28.1,0.55,34.0,0.98,60.4,14.6,0.89,1.69,0.98,20.7,0.71,0.28,0.4,0.71,0.28,52.9,0.25,0.55,0.49,0.31,1.01,1.1,0.0,2.27,2.27,0.21,0.09,0.25,0.03,0.09,0.0,0.46,0.46,0.21,0.09,0.25,0.03,0.09,0.0,0.0,1.29,1.32,0.89,0.43,0.31,0.4,0.06,0.0,0.0,2.15,3.1,53.4,,,,,,,,,,,,,,,,,,,,,,,,,,,,,Sam Surridge,FW,Nashville SC,27-129,Sam Surridge,Designated Player,2026,Sam Surridge,2025.0,2775000.04,3208139.0,0.022699386503067482,0.002760736196319018,0.022699386503067482,0.0,3.25,1.02,FW,DP,0,FW
4836177699,1,2025,28,9,1007,11.2,0.45,0.0,0.45,0.45,0.0,0.0,0.18,0.0,0.59,0.59,0.03,0.62,0.98,0.71,5.0,0.45,0.0,0.45,0.45,0.45,0.59,0.03,0.62,0.59,0.62,11.2,8.66,4.29,3.13,0.45,13.0,6.16,5.0,0.63,66.4,69.6,62.5,71.4,124.2,18.3,8.66,4.29,3.13,0.45,13.0,6.16,5.0,0.63,66.4,69.6,62.5,71.4,8.66,4.29,3.13,0.45,13.0,6.16,5.0,0.63,66.4,69.6,62.5,71.4,8.66,4.29,3.13,0.45,13.0,6.16,5.0,0.63,66.4,69.6,62.5,71.4,0.0,0.08,-0.03,0.18,0.45,0.18,0.0,0.45,3.04,1.25,41.2,3.04,1.25,0.15,0.36,10.1,0.0,0.0,0.0,0.19,-0.14,-0.14,22.4,0.54,1.43,9.73,11.8,4.91,22.4,0.71,42.1,0.89,52.6,13.1,0.89,2.77,0.54,17.6,0.27,0.09,0.09,0.27,0.09,33.3,0.18,0.27,0.27,0.27,0.54,0.36,0.0,0.54,0.54,0.09,0.0,0.18,0.18,0.0,0.0,0.18,0.18,0.09,0.0,0.18,0.18,0.0,0.0,0.0,0.98,1.52,1.25,0.0,0.27,0.09,0.18,0.0,0.0,1.43,3.84,55.1,,,,,,,,,,,,,,,,,,,,,,,,,,,,,Jamal Thiaré,FW,Atlanta Utd,32-248,Jamal Thiaré,TAM Player,2025,Jamal Thiaré,2025.0,700000.0,730000.0,0.04017857142857143,0.0,0.05267857142857143,-0.13999999999999996,1.69,0.54,FW,TAM,0,FW
2005040560,1,2025,29,16,1325,14.7,0.41,0.41,0.82,0.41,0.0,0.0,0.2,0.0,0.33,0.33,0.31,0.64,1.5,1.77,7.07,0.41,0.41,0.82,0.41,0.82,0.34,0.3,0.64,0.34,0.64,14.7,17.0,11.1,4.29,0.41,25.1,13.9,6.94,0.95,67.8,79.9,61.8,42.9,222.9,36.9,17.0,11.1,4.29,0.41,25.1,13.9,6.94,0.95,67.8,79.9,61.8,42.9,17.0,11.1,4.29,0.41,25.1,13.9,6.94,0.95,67.8,79.9,61.8,42.9,17.0,11.1,4.29,0.41,25.1,13.9,6.94,0.95,67.8,79.9,61.8,42.9,0.41,0.27,0.1,1.7,0.41,1.09,0.07,0.41,2.93,1.02,34.9,2.92,1.02,0.14,0.4,15.6,0.0,0.0,0.0,0.11,0.07,0.07,36.5,0.41,2.52,13.5,20.7,5.1,36.5,0.41,28.6,1.02,71.4,20.0,0.82,1.97,1.56,26.2,1.22,0.48,0.82,1.22,0.48,50.0,0.48,0.68,0.68,0.07,1.29,0.54,0.0,2.99,2.99,0.14,0.07,0.27,0.0,0.0,0.0,0.54,0.54,0.14,0.07,0.27,0.0,0.0,0.0,0.0,1.77,1.77,0.68,1.09,0.07,0.82,0.0,0.0,0.0,2.72,2.24,36.7,,,,,,,,,,,,,,,,,,,,,,,,,,,,,Mikael Uhre,FW,Philadelphia Union,31-065,Mikael Uhre,Designated Player,2025,Mikael Uhre,2025.0,2000000.0,2240000.0,0.027891156462585033,0.027891156462585033,0.022448979591836737,0.07999999999999996,3.27,1.29,FW,DP,0,FW
9069706761,1,2025,12,4,446,5.0,0.4,0.4,0.8,0.4,0.0,0.0,0.0,0.0,0.36,0.36,0.32,0.66,2.8,4.0,6.8,0.4,0.4,0.81,0.4,0.81,0.36,0.31,0.67,0.36,0.67,5.0,28.4,13.6,9.0,4.6,39.8,15.8,13.6,7.0,71.4,86.1,66.2,65.7,537.6,154.6,28.4,13.6,9.0,4.6,39.8,15.8,13.6,7.0,71.4,86.1,66.2,65.7,28.4,13.6,9.0,4.6,39.8,15.8,13.6,7.0,71.4,86.1,66.2,65.7,28.4,13.6,9.0,4.6,39.8,15.8,13.6,7.0,71.4,86.1,66.2,65.7,0.4,0.3,0.08,2.0,1.6,1.6,0.4,0.4,3.2,0.8,25.0,3.23,0.81,0.13,0.5,22.6,0.2,0.0,0.0,0.11,0.04,0.04,49.2,0.2,3.2,17.6,28.6,2.8,49.2,1.2,33.3,2.4,66.7,30.8,0.8,1.6,1.0,35.2,0.0,0.0,0.0,0.0,0.0,0.0,0.2,0.4,0.4,0.6,0.6,0.4,0.0,3.4,3.43,0.6,0.0,0.2,0.0,0.0,0.0,0.4,0.4,0.6,0.0,0.2,0.0,0.0,0.0,0.0,0.0,1.6,0.0,5.2,0.6,0.0,0.0,0.0,0.0,3.4,0.2,100.0,,,,,,,,,,,,,,,,,,,,,,,,,,,,,Cengiz Ünder,FW,LAFC,28-143,Cengiz Ünder,Designated Player,June 2025,,,,,0.08,0.08,0.072,0.040000000000000036,6.8,0.6,FW,DP,0,FW
3169770516,2,2025,20,5,591,6.6,0.3,0.0,0.3,0.3,0.0,0.0,0.45,0.0,0.32,0.32,0.05,0.36,0.91,1.97,4.09,0.3,0.0,0.3,0.3,0.3,0.32,0.04,0.36,0.32,0.36,6.6,13.8,7.73,5.15,0.3,17.3,9.09,5.61,0.61,79.8,85.0,91.9,50.0,201.8,57.6,13.8,7.73,5.15,0.3,17.3,9.09,5.61,0.61,79.8,85.0,91.9,50.0,13.8,7.73,5.15,0.3,17.3,9.09,5.61,0.61,79.8,85.0,91.9,50.0,13.8,7.73,5.15,0.3,17.3,9.09,5.61,0.61,79.8,85.0,91.9,50.0,0.0,0.05,-0.05,0.76,1.52,0.0,0.0,0.3,2.73,1.21,44.4,2.74,1.22,0.11,0.25,16.5,0.0,0.0,0.0,0.12,-0.02,-0.02,26.2,0.3,3.33,10.9,12.6,5.0,26.2,1.21,57.1,0.76,35.7,14.1,0.3,1.67,0.61,14.1,1.52,0.61,0.91,1.52,0.61,28.6,1.52,0.15,0.15,0.45,1.97,0.45,0.0,1.97,1.98,0.45,0.0,0.0,0.0,0.15,0.0,0.15,0.15,0.45,0.0,0.0,0.0,0.15,0.0,0.0,1.82,1.67,1.52,0.76,0.45,0.91,0.0,0.0,0.0,3.94,0.76,50.0,,,,,,,,,,,,,,,,,,,,,,,,,,,,,Maximiliano Urruti,FW,NE Revolution,34-285,,,,Maximiliano Urruti,2025.0,104000.0,104000.0,0.045454545454545456,0.0,0.04848484848484849,-0.020000000000000018,2.88,1.97,FW,Unknown,0,FW
9890956492,1,2025,27,23,2064,22.9,0.26,0.13,0.39,0.26,0.0,0.0,0.13,0.0,0.42,0.42,0.11,0.53,0.57,1.53,3.32,0.26,0.13,0.39,0.26,0.39,0.42,0.11,0.53,0.42,0.53,22.9,13.1,6.16,4.67,1.4,16.2,7.16,5.5,1.83,80.8,86.0,84.9,76.2,218.7,41.6,13.1,6.16,4.67,1.4,16.2,7.16,5.5,1.83,80.8,86.0,84.9,76.2,13.1,6.16,4.67,1.4,16.2,7.16,5.5,1.83,80.8,86.0,84.9,76.2,13.1,6.16,4.67,1.4,16.2,7.16,5.5,1.83,80.8,86.0,84.9,76.2,0.13,0.11,0.02,0.83,0.7,0.52,0.13,0.26,2.36,0.96,40.7,2.35,0.96,0.11,0.27,15.2,0.13,0.0,0.0,0.18,-0.16,-0.16,23.4,0.31,2.53,10.6,10.6,3.06,23.4,0.7,59.3,0.39,33.3,12.3,0.17,1.53,1.05,14.6,0.61,0.31,0.35,0.61,0.31,41.2,0.44,0.52,0.44,0.35,0.96,0.39,0.0,2.23,2.22,0.17,0.0,0.26,0.0,0.04,0.0,0.13,0.13,0.17,0.0,0.26,0.0,0.04,0.0,0.0,0.79,0.74,0.22,0.52,0.35,0.35,0.0,0.0,0.0,2.14,0.79,29.0,,,,,,,,,,,,,,,,,,,,,,,,,,,,,Myrto Uzuni,FW,Austin,30-187,Myrto Uzuni,Designated Player,2027,Myrto Uzuni,2025.0,1520000.0,2225000.0,0.011353711790393014,0.005676855895196507,0.018340611353711792,-0.15999999999999998,2.1,0.96,FW,DP,0,FW
6589540389,2,2025,19,19,1599,17.8,0.28,0.0,0.28,0.22,0.06,0.11,0.17,0.0,0.58,0.49,0.03,0.52,1.07,1.4,3.6,0.28,0.0,0.28,0.23,0.23,0.58,0.04,0.62,0.49,0.53,17.8,10.6,4.83,3.93,1.4,16.9,7.19,5.9,2.19,62.5,67.2,66.7,64.1,185.5,36.0,10.6,4.83,3.93,1.4,16.9,7.19,5.9,2.19,62.5,67.2,66.7,64.1,10.6,4.83,3.93,1.4,16.9,7.19,5.9,2.19,62.5,67.2,66.7,64.1,10.6,4.83,3.93,1.4,16.9,7.19,5.9,2.19,62.5,67.2,66.7,64.1,0.0,0.04,-0.03,0.51,0.96,0.22,0.0,0.28,2.92,1.12,38.5,2.93,1.13,0.08,0.2,14.9,0.22,0.06,0.11,0.17,-0.3,-0.26,29.2,1.52,3.71,14.3,11.7,4.94,29.1,0.51,36.0,0.84,60.0,16.2,0.62,3.09,1.29,21.9,0.67,0.28,0.34,0.67,0.28,35.7,0.51,0.96,0.73,0.67,1.35,1.52,0.0,1.85,1.86,0.17,0.06,0.22,0.11,0.06,0.0,0.22,0.23,0.17,0.06,0.22,0.11,0.06,0.0,0.0,2.02,1.8,0.67,0.79,0.67,0.34,0.0,0.0,0.06,1.85,2.75,46.7,,,,,,,,,,,,,,,,,,,,,,,,,,,,,Brandon Vazquez,FW,Austin,27-051,Brandon Vazquez,Designated Player,2028,Brandon Vazquez,2025.0,3200000.0,3551778.0,0.015730337078651686,0.0,0.03258426966292134,-0.29999999999999993,2.4699999999999998,1.34,FW,DP,0,FW
8338820593,1,2025,21,18,1671,18.6,0.86,0.05,0.91,0.7,0.16,0.22,0.16,0.0,0.83,0.65,0.1,0.75,0.7,1.18,4.52,0.86,0.05,0.92,0.7,0.75,0.83,0.1,0.93,0.65,0.76,18.6,11.2,5.81,4.3,0.59,15.3,7.31,5.59,0.59,73.3,79.4,76.9,100.0,170.2,21.6,11.2,5.81,4.3,0.59,15.3,7.31,5.59,0.59,73.3,79.4,76.9,100.0,11.2,5.81,4.3,0.59,15.3,7.31,5.59,0.59,73.3,79.4,76.9,100.0,11.2,5.81,4.3,0.59,15.3,7.31,5.59,0.59,73.3,79.4,76.9,100.0,0.05,0.04,-0.05,0.75,0.65,0.27,0.0,0.86,2.69,1.29,48.0,2.69,1.29,0.26,0.54,12.2,0.0,0.16,0.22,0.24,0.03,0.05,25.5,1.94,2.63,11.2,11.7,5.05,25.3,0.27,33.3,0.48,60.0,13.7,0.38,2.26,0.48,18.1,0.16,0.11,0.11,0.16,0.11,20.0,0.43,0.86,0.7,0.27,0.43,1.67,0.0,1.72,1.72,0.11,0.0,0.16,0.0,0.0,0.0,0.11,0.11,0.11,0.0,0.16,0.0,0.0,0.0,0.0,1.13,0.81,0.59,0.05,0.27,0.11,0.05,0.0,0.0,0.75,2.04,47.5,,,,,,,,,,,,,,,,,,,,,,,,,,,,,Brian White,FW,Vancouver W'caps,29-304,Brian White,TAM Player,2027,Brian White,2025.0,1000000.0,1000000.0,0.046236559139784944,0.0026881720430107525,0.04462365591397849,0.030000000000000027,1.88,0.43000000000000005,FW,TAM,0,FW
8811658240,1,2025,2,0,18,0.2,0.0,0.0,0.0,0.0,0.0,0.0,0.0,0.0,0.0,0.0,0.0,0.0,0.0,5.0,0.0,0.0,0.0,0.0,0.0,0.0,0.0,0.0,0.0,0.0,0.0,0.2,35.0,15.0,10.0,0.0,40.0,20.0,10.0,0.0,87.5,75.0,100.0,,350.0,90.0,35.0,15.0,10.0,0.0,40.0,20.0,10.0,0.0,87.5,75.0,100.0,,35.0,15.0,10.0,0.0,40.0,20.0,10.0,0.0,87.5,75.0,100.0,,35.0,15.0,10.0,0.0,40.0,20.0,10.0,0.0,87.5,75.0,100.0,,0.0,0.0,0.0,0.0,0.0,0.0,0.0,0.0,0.0,0.0,,0.0,0.0,,,,0.0,0.0,0.0,,0.0,0.0,65.0,0.0,0.0,40.0,25.0,0.0,65.0,0.0,0.0,5.0,100.0,30.0,0.0,10.0,5.0,35.0,0.0,0.0,0.0,0.0,0.0,,0.0,0.0,0.0,0.0,0.0,0.0,0.0,0.0,0.0,0.0,0.0,0.0,0.0,0.0,0.0,0.0,0.0,0.0,0.0,0.0,0.0,0.0,0.0,0.0,10.0,0.0,0.0,0.0,0.0,0.0,0.0,0.0,0.0,10.0,0.0,0.0,,,,,,,,,,,,,,,,,,,,,,,,,,,,,Adrian Wibowo,FW,LAFC,19-321,Adrian Wibowo,Homegrown,2025,Adrian Wibowo,2025.0,80622.0,80622.0,0.0,0.0,0.0,0.0,5.0,0.0,FW,HG,0,FW
2522875807,1,2025,30,23,2042,22.7,0.4,0.0,0.4,0.26,0.13,0.13,0.13,0.0,0.44,0.34,0.04,0.38,1.72,1.23,5.42,0.4,0.0,0.4,0.26,0.26,0.45,0.04,0.49,0.34,0.38,22.7,10.6,6.7,2.82,0.4,16.0,8.9,4.19,0.53,66.4,75.2,67.4,75.0,138.6,27.3,10.6,6.7,2.82,0.4,16.0,8.9,4.19,0.53,66.4,75.2,67.4,75.0,10.6,6.7,2.82,0.4,16.0,8.9,4.19,0.53,66.4,75.2,67.4,75.0,10.6,6.7,2.82,0.4,16.0,8.9,4.19,0.53,66.4,75.2,67.4,75.0,0.0,0.07,-0.04,0.62,0.48,0.53,0.0,0.4,2.6,1.28,49.2,2.6,1.28,0.1,0.21,15.5,0.13,0.13,0.13,0.13,-0.05,-0.08,27.0,0.53,2.56,10.4,14.3,4.1,26.9,1.06,44.4,1.19,50.0,15.7,1.06,2.78,1.67,20.2,0.53,0.09,0.48,0.53,0.09,22.2,0.31,0.79,0.62,0.09,0.62,0.35,0.0,1.81,1.81,0.22,0.0,0.13,0.09,0.0,0.0,0.22,0.22,0.22,0.0,0.13,0.09,0.0,0.0,0.0,1.94,1.37,0.35,0.4,0.09,0.48,0.04,0.0,0.0,2.07,2.64,46.2,,,,,,,,,,,,,,,,,,,,,,,,,,,,,Kelvin Yeboah,FW,Minnesota Utd,25-212,Kelvin Yeboah,Designated Player,2027,Kelvin Yeboah,2025.0,1275000.0,1477200.0,0.01762114537444934,0.0,0.019383259911894275,-0.03999999999999998,2.95,0.62,FW,DP,0,FW
6676507212,1,2025,7,6,572,6.4,0.16,0.0,0.16,0.16,0.0,0.0,0.47,0.0,0.42,0.42,0.09,0.52,4.06,6.56,4.38,0.16,0.0,0.16,0.16,0.16,0.42,0.1,0.52,0.42,0.52,6.4,34.1,16.1,15.0,1.72,39.5,17.5,15.9,3.91,86.2,92.0,94.1,44.0,541.4,149.2,34.1,16.1,15.0,1.72,39.5,17.5,15.9,3.91,86.2,92.0,94.1,44.0,34.1,16.1,15.0,1.72,39.5,17.5,15.9,3.91,86.2,92.0,94.1,44.0,34.1,16.1,15.0,1.72,39.5,17.5,15.9,3.91,86.2,92.0,94.1,44.0,0.0,0.16,-0.09,1.56,4.53,0.78,0.0,0.16,3.44,1.09,31.8,3.46,1.1,0.05,0.14,18.7,0.0,0.0,0.0,0.12,-0.27,-0.27,51.7,1.25,5.16,26.3,21.3,3.91,51.7,1.56,50.0,1.25,40.0,34.1,1.09,1.41,0.63,39.4,1.25,0.31,0.94,1.25,0.31,18.2,1.41,0.94,0.78,0.31,1.56,0.94,0.0,4.84,4.88,0.47,0.0,0.63,0.0,0.0,0.0,0.16,0.16,0.47,0.0,0.63,0.0,0.0,0.0,0.0,1.09,2.19,0.16,2.03,0.31,0.94,0.16,0.0,0.0,2.97,0.31,28.6,,,,,,,,,,,,,,,,,,,,,,,,,,,,,Paxten Aaronson,MF,Colorado Rapids,22-100,,,,Paxten Aaronson,2025.0,2000000.0,2228063.0,0.024999999999999998,0.0,0.06562499999999999,-0.26,10.62,1.56,MF,Unknown,0,MF
9552171774,2,2025,32,17,1481,16.5,0.3,0.06,0.36,0.3,0.0,0.0,0.06,0.0,0.42,0.42,0.17,0.59,4.06,3.15,8.3,0.3,0.06,0.36,0.3,0.36,0.42,0.17,0.59,0.42,0.59,16.5,21.3,12.8,6.79,1.09,28.1,15.3,8.91,1.88,75.6,84.1,76.2,58.1,304.7,91.5,21.3,12.8,6.79,1.09,28.1,15.3,8.91,1.88,75.6,84.1,76.2,58.1,21.3,12.8,6.79,1.09,28.1,15.3,8.91,1.88,75.6,84.1,76.2,58.1,21.3,12.8,6.79,1.09,28.1,15.3,8.91,1.88,75.6,84.1,76.2,58.1,0.06,0.16,-0.11,1.64,1.58,1.64,0.24,0.3,2.67,0.91,34.1,2.67,0.91,0.11,0.33,16.5,0.0,0.0,0.0,0.16,-0.12,-0.12,38.1,0.48,4.79,12.8,20.9,4.55,38.1,0.61,28.6,1.39,65.7,25.9,1.33,1.58,1.45,28.3,1.7,1.21,0.97,1.7,1.21,52.6,1.09,0.73,0.61,0.3,2.0,0.42,0.0,3.03,3.04,0.18,0.0,0.12,0.06,0.06,0.0,0.3,0.3,0.18,0.0,0.12,0.06,0.06,0.0,0.0,0.73,1.03,0.24,1.76,0.3,0.97,0.0,0.06,0.0,4.06,0.12,13.3,,,,,,,,,,,,,,,,,,,,,,,,,,,,,Liel Abada,"FW,MF",Charlotte,24-062,Liel Abada,Designated Player,2026,Liel Abada,2025.0,2400000.0,2548500.0,0.01818181818181818,0.0036363636363636364,0.025454545454545452,-0.12,7.209999999999999,2.0,MF,DP,0,MF
4053995737,3,2025,14,1,221,2.5,0.0,0.0,0.0,0.0,0.0,0.0,0.4,0.0,0.0,0.0,0.24,0.24,0.8,6.8,1.6,0.0,0.0,0.0,0.0,0.0,0.01,0.25,0.26,0.01,0.26,2.5,68.4,32.8,27.2,6.8,74.8,32.8,30.0,10.0,91.4,100.0,90.7,68.0,1180.8,338.4,68.4,32.8,27.2,6.8,74.8,32.8,30.0,10.0,91.4,100.0,90.7,68.0,68.4,32.8,27.2,6.8,74.8,32.8,30.0,10.0,91.4,100.0,90.7,68.0,68.4,32.8,27.2,6.8,74.8,32.8,30.0,10.0,91.4,100.0,90.7,68.0,0.0,0.2,-0.24,0.8,9.2,1.2,0.0,0.0,0.4,0.0,0.0,0.41,0.0,0.0,,37.7,0.0,0.0,0.0,0.01,0.0,0.0,86.0,3.2,21.2,57.2,9.2,0.4,86.0,0.4,100.0,0.0,0.0,53.6,0.0,1.6,0.8,60.4,5.6,1.2,3.2,5.6,1.2,60.0,0.8,2.8,1.6,1.2,6.8,1.2,0.0,1.2,1.22,0.0,0.0,0.0,0.0,0.8,0.4,0.4,0.41,0.0,0.0,0.0,0.0,0.8,0.4,0.0,2.8,0.0,0.0,1.2,1.2,3.2,0.0,0.0,0.0,6.8,0.4,50.0,,,,,,,,,,,,,,,,,,,,,,,,,,,,,Bryan Acosta,MF,Nashville SC,32-010,Bryan Acosta,Standard,2025,Bryan Acosta,2025.0,175000.0,196250.0,0.0,0.0,0.0,0.0,7.6,6.8,MF,Standard,0,MF
953419151,2,2025,19,6,655,7.3,0.0,0.0,0.0,0.0,0.0,0.0,0.27,0.0,0.01,0.01,0.05,0.07,0.68,3.7,1.1,0.0,0.0,0.0,0.0,0.0,0.01,0.06,0.06,0.01,0.06,7.3,46.7,26.3,16.8,2.19,53.6,29.0,17.9,3.97,87.2,90.6,93.9,55.2,699.9,180.3,46.7,26.3,16.8,2.19,53.6,29.0,17.9,3.97,87.2,90.6,93.9,55.2,46.7,26.3,16.8,2.19,53.6,29.0,17.9,3.97,87.2,90.6,93.9,55.2,46.7,26.3,16.8,2.19,53.6,29.0,17.9,3.97,87.2,90.6,93.9,55.2,0.0,0.03,-0.05,0.41,3.56,0.55,0.0,0.0,0.27,0.27,100.0,0.27,0.27,0.0,0.0,24.8,0.0,0.0,0.0,0.03,-0.01,-0.01,62.1,2.33,18.1,34.8,9.45,0.96,62.1,0.14,20.0,0.55,80.0,33.8,0.27,0.96,0.82,45.5,0.96,0.41,0.55,0.96,0.41,27.3,1.1,1.1,0.82,1.92,2.88,1.64,0.0,1.51,1.51,0.0,0.0,0.0,0.0,0.0,0.0,0.0,0.0,0.0,0.0,0.0,0.0,0.0,0.0,0.0,1.51,1.64,0.14,0.27,1.92,0.55,0.0,0.14,0.0,4.11,0.68,55.6,,,,,,,,,,,,,,,,,,,,,,,,,,,,,Kellyn Acosta,MF,Chicago Fire,30-133,Kellyn Acosta,TAM Player,2026,Kellyn Acosta,2025.0,1461796.0,1628477.0,0.0,0.0,0.0013698630136986301,-0.01,4.38,2.88,MF,TAM,0,MF
2416347523,2,2025,21,18,1695,18.8,0.27,0.05,0.32,0.21,0.05,0.11,0.43,0.0,0.29,0.2,0.21,0.41,3.14,6.91,6.65,0.27,0.05,0.32,0.21,0.27,0.29,0.2,0.49,0.2,0.41,18.8,36.5,18.8,12.1,4.41,51.4,22.3,16.1,8.35,70.9,84.5,75.2,52.9,628.7,261.9,36.5,18.8,12.1,4.41,51.4,22.3,16.1,8.35,70.9,84.5,75.2,52.9,36.5,18.8,12.1,4.41,51.4,22.3,16.1,8.35,70.9,84.5,75.2,52.9,36.5,18.8,12.1,4.41,51.4,22.3,16.1,8.35,70.9,84.5,75.2,52.9,0.05,0.31,-0.15,2.23,5.8,2.55,0.53,0.27,1.49,0.64,42.9,1.49,0.64,0.14,0.33,19.9,0.32,0.05,0.11,0.14,-0.02,0.01,64.1,0.69,6.17,27.6,31.2,4.15,64.0,2.18,46.6,2.39,51.1,35.1,1.17,2.93,1.33,44.5,1.17,0.48,0.8,1.17,0.48,34.6,0.9,1.06,1.06,0.48,1.65,0.85,0.0,5.0,4.99,0.21,0.11,0.21,0.05,0.11,0.0,0.48,0.48,0.21,0.11,0.21,0.05,0.11,0.0,0.0,1.76,1.91,0.16,5.27,0.48,0.8,0.11,0.0,0.0,3.46,0.16,27.3,,,,,,,,,,,,,,,,,,,,,,,,,,,,,Luciano Acosta,"MF,FW",FC Dallas,31-187,Luciano Acosta,Designated Player,2026,,,,,0.014361702127659574,0.0026595744680851063,0.015425531914893615,-0.019999999999999962,10.05,1.65,MF,DP,0,MF
2766529424,2,2025,3,1,77,0.9,0.0,0.0,0.0,0.0,0.0,0.0,0.0,0.0,0.11,0.11,0.67,0.78,1.11,3.33,8.89,0.0,0.0,0.0,0.0,0.0,0.11,0.67,0.78,0.11,0.78,0.9,30.0,18.9,10.0,0.0,42.2,24.4,12.2,1.11,71.1,77.3,81.8,0.0,397.8,105.6,30.0,18.9,10.0,0.0,42.2,24.4,12.2,1.11,71.1,77.3,81.8,0.0,30.0,18.9,10.0,0.0,42.2,24.4,12.2,1.11,71.1,77.3,81.8,0.0,30.0,18.9,10.0,0.0,42.2,24.4,12.2,1.11,71.1,77.3,81.8,0.0,0.0,0.11,-0.67,3.33,0.0,3.33,0.0,0.0,2.22,1.11,50.0,2.34,1.17,0.0,0.0,21.5,1.11,0.0,0.0,0.05,-0.11,-0.11,58.9,1.11,21.1,18.9,18.9,2.22,58.9,1.11,25.0,3.33,75.0,25.6,1.11,0.0,1.11,33.3,3.33,2.22,1.11,3.33,2.22,40.0,3.33,2.22,2.22,1.11,4.44,3.33,0.0,4.44,4.68,0.0,0.0,0.0,0.0,0.0,0.0,0.0,0.0,0.0,0.0,0.0,0.0,0.0,0.0,0.0,1.11,0.0,0.0,1.11,1.11,1.11,0.0,0.0,0.0,1.11,0.0,0.0,,,,,,,,,,,,,,,,,,,,,,,,,,,,,Leonardo Afonso,"FW,MF",Inter Miami,24-144,,,,,,,,0.0,0.0,0.12222222222222222,-0.11,4.44,4.44,MF,Unknown,0,MF
2766529424,3,2025,3,1,77,0.9,0.0,0.0,0.0,0.0,0.0,0.0,0.0,0.0,0.11,0.11,0.67,0.78,1.11,3.33,8.89,0.0,0.0,0.0,0.0,0.0,0.11,0.67,0.78,0.11,0.78,0.9,30.0,18.9,10.0,0.0,42.2,24.4,12.2,1.11,71.1,77.3,81.8,0.0,397.8,105.6,30.0,18.9,10.0,0.0,42.2,24.4,12.2,1.11,71.1,77.3,81.8,0.0,30.0,18.9,10.0,0.0,42.2,24.4,12.2,1.11,71.1,77.3,81.8,0.0,30.0,18.9,10.0,0.0,42.2,24.4,12.2,1.11,71.1,77.3,81.8,0.0,0.0,0.11,-0.67,3.33,0.0,3.33,0.0,0.0,2.22,1.11,50.0,2.34,1.17,0.0,0.0,21.5,1.11,0.0,0.0,0.05,-0.11,-0.11,58.9,1.11,21.1,18.9,18.9,2.22,58.9,1.11,25.0,3.33,75.0,25.6,1.11,0.0,1.11,33.3,3.33,2.22,1.11,3.33,2.22,40.0,3.33,2.22,2.22,1.11,4.44,3.33,0.0,4.44,4.68,0.0,0.0,0.0,0.0,0.0,0.0,0.0,0.0,0.0,0.0,0.0,0.0,0.0,0.0,0.0,1.11,0.0,0.0,1.11,1.11,1.11,0.0,0.0,0.0,1.11,0.0,0.0,,,,,,,,,,,,,,,,,,,,,,,,,,,,,Leonardo Afonso,"FW,MF",Inter Miami,24-144,,,,,,,,0.0,0.0,0.12222222222222222,-0.11,4.44,4.44,MF,Unknown,0,MF
2766529424,2,2025,3,1,87,1.0,0.0,0.0,0.0,0.0,0.0,0.0,1.0,0.0,0.4,0.4,0.0,0.4,1.0,1.0,7.0,0.0,0.0,0.0,0.0,0.0,0.38,0.0,0.38,0.38,0.38,1.0,12.0,5.0,3.0,1.0,17.0,7.0,5.0,2.0,70.6,71.4,60.0,50.0,152.0,9.0,12.0,5.0,3.0,1.0,17.0,7.0,5.0,2.0,70.6,71.4,60.0,50.0,12.0,5.0,3.0,1.0,17.0,7.0,5.0,2.0,70.6,71.4,60.0,50.0,12.0,5.0,3.0,1.0,17.0,7.0,5.0,2.0,70.6,71.4,60.0,50.0,0.0,0.0,0.0,0.0,0.0,1.0,0.0,0.0,1.0,1.0,100.0,1.03,1.03,0.0,0.0,9.2,0.0,0.0,0.0,0.37,-0.4,-0.4,34.0,1.0,2.0,12.0,20.0,3.0,34.0,0.0,0.0,1.0,100.0,17.0,1.0,6.0,3.0,21.0,3.0,0.0,0.0,3.0,0.0,,0.0,1.0,1.0,1.0,4.0,1.0,0.0,2.0,2.07,0.0,0.0,0.0,0.0,0.0,0.0,2.0,2.07,0.0,0.0,0.0,0.0,0.0,0.0,0.0,4.0,1.0,0.0,0.0,1.0,0.0,0.0,0.0,0.0,1.0,0.0,0.0,,,,,,,,,,,,,,,,,,,,,,,,,,,,,Leonardo Afonso,"FW,MF",Inter Miami,24-144,,,,,,,,0.0,0.0,0.4,-0.4,2.0,4.0,MF,Unknown,0,MF
2766529424,3,2025,3,1,87,1.0,0.0,0.0,0.0,0.0,0.0,0.0,1.0,0.0,0.4,0.4,0.0,0.4,1.0,1.0,7.0,0.0,0.0,0.0,0.0,0.0,0.38,0.0,0.38,0.38,0.38,1.0,12.0,5.0,3.0,1.0,17.0,7.0,5.0,2.0,70.6,71.4,60.0,50.0,152.0,9.0,12.0,5.0,3.0,1.0,17.0,7.0,5.0,2.0,70.6,71.4,60.0,50.0,12.0,5.0,3.0,1.0,17.0,7.0,5.0,2.0,70.6,71.4,60.0,50.0,12.0,5.0,3.0,1.0,17.0,7.0,5.0,2.0,70.6,71.4,60.0,50.0,0.0,0.0,0.0,0.0,0.0,1.0,0.0,0.0,1.0,1.0,100.0,1.03,1.03,0.0,0.0,9.2,0.0,0.0,0.0,0.37,-0.4,-0.4,34.0,1.0,2.0,12.0,20.0,3.0,34.0,0.0,0.0,1.0,100.0,17.0,1.0,6.0,3.0,21.0,3.0,0.0,0.0,3.0,0.0,,0.0,1.0,1.0,1.0,4.0,1.0,0.0,2.0,2.07,0.0,0.0,0.0,0.0,0.0,0.0,2.0,2.07,0.0,0.0,0.0,0.0,0.0,0.0,0.0,4.0,1.0,0.0,0.0,1.0,0.0,0.0,0.0,0.0,1.0,0.0,0.0,,,,,,,,,,,,,,,,,,,,,,,,,,,,,Leonardo Afonso,"FW,MF",Inter Miami,24-144,,,,,,,,0.0,0.0,0.4,-0.4,2.0,4.0,MF,Unknown,0,MF
8963109151,2,2025,9,1,138,1.5,0.0,0.0,0.0,0.0,0.0,0.0,0.67,0.0,0.27,0.27,0.13,0.33,7.33,4.67,14.0,0.0,0.0,0.0,0.0,0.0,0.24,0.12,0.35,0.24,0.35,1.5,38.7,25.3,10.0,0.67,47.3,28.0,12.0,2.0,81.7,90.5,83.3,33.3,490.7,101.3,38.7,25.3,10.0,0.67,47.3,28.0,12.0,2.0,81.7,90.5,83.3,33.3,38.7,25.3,10.0,0.67,47.3,28.0,12.0,2.0,81.7,90.5,83.3,33.3,38.7,25.3,10.0,0.67,47.3,28.0,12.0,2.0,81.7,90.5,83.3,33.3,0.0,0.13,-0.13,2.0,0.67,0.67,0.0,0.0,4.0,1.33,33.3,3.91,1.3,0.0,0.0,11.9,0.0,0.0,0.0,0.06,-0.27,-0.27,75.3,0.0,6.0,18.7,52.7,14.7,75.3,6.0,50.0,6.0,50.0,45.3,5.33,3.33,4.67,52.0,3.33,2.67,2.0,3.33,2.67,80.0,0.67,2.67,2.67,0.67,4.0,0.67,0.0,5.33,5.18,0.67,0.0,0.67,0.0,0.67,0.0,0.0,0.0,0.67,0.0,0.67,0.0,0.67,0.0,0.0,4.0,4.0,0.67,2.67,0.67,2.0,0.67,0.0,0.0,5.33,1.33,28.6,,,,,,,,,,,,,,,,,,,,,,,,,,,,,Stephen Afrifa,"MF,FW",Sporting KC,24-288,Stephen Afrifa,Standard,2025,Stephen Afrifa,2025.0,104000.0,104000.0,0.0,0.0,0.18000000000000002,-0.27,12.0,4.0,MF,Standard,0,MF
9288662615,1,2025,31,26,2154,23.9,0.46,0.04,0.5,0.46,0.0,0.0,0.04,0.0,0.43,0.43,0.1,0.54,1.51,1.76,7.99,0.46,0.04,0.5,0.46,0.5,0.43,0.1,0.54,0.43,0.54,23.9,20.0,12.5,5.69,0.63,26.7,14.6,7.7,0.84,75.0,85.1,73.9,75.0,269.5,48.9,20.0,12.5,5.69,0.63,26.7,14.6,7.7,0.84,75.0,85.1,73.9,75.0,20.0,12.5,5.69,0.63,26.7,14.6,7.7,0.84,75.0,85.1,73.9,75.0,20.0,12.5,5.69,0.63,26.7,14.6,7.7,0.84,75.0,85.1,73.9,75.0,0.04,0.09,-0.06,0.92,0.59,0.67,0.21,0.46,2.18,1.13,51.9,2.17,1.13,0.21,0.41,13.7,0.04,0.0,0.0,0.2,0.03,0.03,38.0,1.17,4.81,16.6,16.9,4.56,38.0,0.84,43.5,1.09,56.5,22.2,0.96,2.85,1.05,27.9,0.54,0.29,0.29,0.54,0.29,33.3,0.59,0.75,0.63,0.54,1.09,1.05,0.13,2.09,2.09,0.08,0.0,0.08,0.0,0.0,0.0,0.17,0.17,0.08,0.0,0.08,0.0,0.0,0.0,0.0,0.67,0.59,0.5,0.88,0.54,0.29,0.0,0.0,0.0,2.64,2.38,71.3,,,,,,,,,,,,,,,,,,,,,,,,,,,,,Tadeo Allende,"MF,FW",Inter Miami,26-287,Tadeo Allende,TAM Player,2025,Tadeo Allende,2025.0,1000000.0,1000000.0,0.019246861924686193,0.0016736401673640169,0.01799163179916318,0.030000000000000027,3.27,1.08,MF,TAM,0,MF
7744850144,1,2025,31,31,2706,30.1,0.2,0.13,0.33,0.1,0.1,0.1,0.13,0.0,0.3,0.22,0.1,0.33,3.49,7.08,7.04,0.2,0.13,0.33,0.1,0.23,0.3,0.1,0.4,0.22,0.32,30.1,35.4,17.5,13.7,2.76,43.4,20.2,15.9,4.02,81.5,86.4,86.4,68.6,569.0,159.1,35.4,17.5,13.7,2.76,43.4,20.2,15.9,4.02,81.5,86.4,86.4,68.6,35.4,17.5,13.7,2.76,43.4,20.2,15.9,4.02,81.5,86.4,86.4,68.6,35.4,17.5,13.7,2.76,43.4,20.2,15.9,4.02,81.5,86.4,86.4,68.6,0.13,0.18,0.03,1.46,3.95,1.89,0.2,0.2,2.16,0.63,29.2,2.16,0.63,0.05,0.16,19.2,0.07,0.1,0.1,0.1,-0.1,-0.12,53.8,0.43,5.18,24.9,24.4,3.46,53.7,1.46,53.7,1.1,40.2,38.6,0.9,2.06,1.36,43.1,1.53,0.5,0.86,1.53,0.5,45.5,0.6,0.9,0.86,0.37,1.89,0.3,0.07,4.02,4.03,0.13,0.0,0.3,0.03,0.07,0.0,0.37,0.37,0.13,0.0,0.3,0.03,0.07,0.0,0.0,1.0,1.86,0.4,1.3,0.37,0.86,0.0,0.0,0.0,4.39,0.17,26.3,,,,,,,,,,,,,,,,,,,,,,,,,,,,,Miguel Almirón,"FW,MF",Atlanta Utd,31-297,Miguel Almirón,Designated Player,2027,Miguel Almirón,2025.0,6056000.0,7871000.0,0.006644518272425249,0.004318936877076412,0.009966777408637873,-0.09999999999999998,10.57,1.9,MF,DP,0,MF
5254284436,1,2025,12,6,488,5.4,0.0,0.0,0.0,0.0,0.0,0.0,0.37,0.0,0.06,0.06,0.04,0.09,0.93,6.11,3.15,0.0,0.0,0.0,0.0,0.0,0.06,0.03,0.09,0.06,0.09,5.4,58.3,38.5,14.3,1.11,66.5,39.8,16.3,3.33,87.7,96.7,87.5,33.3,724.3,199.1,58.3,38.5,14.3,1.11,66.5,39.8,16.3,3.33,87.7,96.7,87.5,33.3,58.3,38.5,14.3,1.11,66.5,39.8,16.3,3.33,87.7,96.7,87.5,33.3,58.3,38.5,14.3,1.11,66.5,39.8,16.3,3.33,87.7,96.7,87.5,33.3,0.0,0.09,-0.04,0.56,4.26,0.56,0.0,0.0,1.11,0.56,50.0,1.11,0.55,0.0,0.0,21.7,0.0,0.0,0.0,0.06,-0.06,-0.06,79.6,2.22,14.1,46.9,19.4,1.85,79.6,0.56,42.9,0.56,42.9,48.9,0.0,1.3,0.93,59.6,4.44,2.22,2.22,4.44,2.22,50.0,2.22,1.11,1.11,2.59,7.04,0.93,0.0,1.67,1.66,0.0,0.0,0.0,0.0,0.0,0.0,0.19,0.18,0.0,0.0,0.0,0.0,0.0,0.0,0.0,2.96,1.85,0.0,0.37,2.59,2.22,0.0,0.0,0.0,3.89,0.74,66.7,,,,,,,,,,,,,,,,,,,,,,,,,,,,,Alejandro Alvarado Jr.,MF,San Diego FC,22-128,Alejandro Alvarado Jr.,Standard,2026,,,,,0.0,0.0,0.01111111111111111,-0.06,7.04,7.03,MF,Standard,0,MF
8504817665,1,2025,10,7,649,7.2,0.0,0.14,0.14,0.0,0.0,0.0,0.28,0.0,0.04,0.04,0.11,0.15,1.11,4.31,1.39,0.0,0.14,0.14,0.0,0.14,0.04,0.11,0.15,0.04,0.15,7.2,54.6,28.2,19.4,4.31,61.3,29.6,20.6,7.08,89.1,95.3,94.6,60.8,858.8,266.0,54.6,28.2,19.4,4.31,61.3,29.6,20.6,7.08,89.1,95.3,94.6,60.8,54.6,28.2,19.4,4.31,61.3,29.6,20.6,7.08,89.1,95.3,94.6,60.8,54.6,28.2,19.4,4.31,61.3,29.6,20.6,7.08,89.1,95.3,94.6,60.8,0.14,0.14,0.03,1.11,5.42,0.42,0.0,0.0,0.83,0.42,50.0,0.83,0.42,0.0,0.0,25.9,0.0,0.0,0.0,0.05,-0.04,-0.04,71.3,2.22,15.6,39.9,16.3,0.56,71.3,1.25,52.9,1.11,47.1,41.8,0.0,1.67,1.67,52.8,2.36,0.56,1.39,2.36,0.56,36.4,0.97,0.69,0.69,1.11,3.47,0.69,0.56,3.06,3.05,0.0,0.0,0.14,0.0,0.28,0.0,0.28,0.28,0.0,0.0,0.14,0.0,0.28,0.0,0.0,0.97,0.97,0.0,1.53,1.11,1.39,0.0,0.0,0.0,3.75,0.69,50.0,,,,,,,,,,,,,,,,,,,,,,,,,,,,,Steven Alzate,MF,Atlanta Utd,27-087,,,,Steven Alzate,2025.0,1125200.0,1440101.0,0.0,0.019444444444444445,0.005555555555555556,-0.04,5.42,3.4699999999999998,MF,Unknown,0,MF
150802112,1,2025,1,0,11,0.1,0.0,0.0,0.0,0.0,0.0,0.0,0.0,0.0,0.0,0.0,0.0,0.0,0.0,20.0,0.0,0.0,0.0,0.0,0.0,0.0,0.0,0.0,0.0,0.0,0.0,0.1,140.0,40.0,80.0,20.0,150.0,40.0,80.0,30.0,93.3,100.0,100.0,66.7,2670.0,1230.0,140.0,40.0,80.0,20.0,150.0,40.0,80.0,30.0,93.3,100.0,100.0,66.7,140.0,40.0,80.0,20.0,150.0,40.0,80.0,30.0,93.3,100.0,100.0,66.7,140.0,40.0,80.0,20.0,150.0,40.0,80.0,30.0,93.3,100.0,100.0,66.7,0.0,0.0,0.0,0.0,10.0,0.0,0.0,0.0,0.0,0.0,,0.0,0.0,,,,0.0,0.0,0.0,,0.0,0.0,170.0,0.0,70.0,110.0,0.0,0.0,170.0,0.0,,0.0,,80.0,0.0,0.0,10.0,110.0,20.0,10.0,10.0,20.0,10.0,100.0,0.0,0.0,0.0,0.0,20.0,0.0,0.0,0.0,0.0,0.0,0.0,0.0,0.0,0.0,0.0,0.0,0.0,0.0,0.0,0.0,0.0,0.0,0.0,0.0,0.0,0.0,0.0,0.0,0.0,10.0,0.0,0.0,0.0,10.0,0.0,,,,,,,,,,,,,,,,,,,,,,,,,,,,,,Daouda Amadou,MF,Colorado Rapids,23-063,Daouda Amadou,Standard,2025,Daouda Amadou,2025.0,80622.0,80622.0,0.0,0.0,0.0,0.0,20.0,20.0,MF,Standard,-1,MF
7921780435,2,2025,19,3,433,4.8,0.21,0.0,0.21,0.21,0.0,0.0,0.21,0.0,0.13,0.13,0.08,0.21,0.83,5.0,3.75,0.21,0.0,0.21,0.21,0.21,0.12,0.08,0.2,0.12,0.2,4.8,50.4,30.2,16.5,1.88,55.0,32.3,17.5,2.29,91.7,93.5,94.0,81.8,749.0,157.3,50.4,30.2,16.5,1.88,55.0,32.3,17.5,2.29,91.7,93.5,94.0,81.8,50.4,30.2,16.5,1.88,55.0,32.3,17.5,2.29,91.7,93.5,94.0,81.8,50.4,30.2,16.5,1.88,55.0,32.3,17.5,2.29,91.7,93.5,94.0,81.8,0.0,0.1,-0.08,2.08,5.42,1.25,0.0,0.21,1.25,0.63,50.0,1.25,0.62,0.17,0.33,16.3,0.0,0.0,0.0,0.1,0.08,0.08,65.8,1.04,10.2,36.9,19.2,2.29,65.8,0.42,25.0,1.25,75.0,40.6,0.83,1.25,0.21,50.0,3.33,1.25,1.88,3.33,1.25,46.2,1.46,0.42,0.42,1.04,4.38,0.83,0.0,3.33,3.33,0.0,0.0,0.0,0.0,0.21,0.0,0.0,0.0,0.0,0.0,0.0,0.0,0.21,0.0,0.0,0.83,0.42,0.0,0.0,1.04,1.88,0.0,0.0,0.0,3.33,0.42,33.3,,,,,,,,,,,,,,,,,,,,,,,,,,,,,Frankie Amaya,MF,LAFC,25-069,,,,Frankie Amaya,2025.0,574000.0,574000.0,0.04375,0.0,0.027083333333333334,0.07999999999999999,5.83,4.37,MF,Unknown,0,MF
1479788211,3,2025,33,30,2305,25.6,0.0,0.16,0.16,0.0,0.0,0.0,0.16,0.0,0.12,0.12,0.16,0.27,3.32,4.34,8.24,0.0,0.16,0.16,0.0,0.16,0.12,0.16,0.27,0.12,0.27,25.6,27.0,15.4,9.77,1.09,32.6,17.3,11.6,1.76,82.9,88.7,83.9,62.2,394.8,121.0,27.0,15.4,9.77,1.09,32.6,17.3,11.6,1.76,82.9,88.7,83.9,62.2,27.0,15.4,9.77,1.09,32.6,17.3,11.6,1.76,82.9,88.7,83.9,62.2,27.0,15.4,9.77,1.09,32.6,17.3,11.6,1.76,82.9,88.7,83.9,62.2,0.16,0.16,0.0,1.45,1.91,1.95,0.2,0.0,1.33,0.39,29.4,1.33,0.39,0.0,0.0,17.3,0.0,0.0,0.0,0.09,-0.12,-0.12,43.6,1.17,8.01,16.0,20.2,3.63,43.6,1.33,38.2,2.03,58.4,27.5,1.95,1.56,1.13,30.3,2.11,0.74,1.17,2.11,0.74,48.7,0.78,1.09,0.94,0.7,2.81,0.66,0.04,3.13,3.12,0.16,0.04,0.16,0.0,0.08,0.0,0.27,0.27,0.16,0.04,0.16,0.0,0.08,0.0,0.0,0.78,1.02,0.16,1.09,0.7,1.17,0.0,0.0,0.0,4.38,0.08,16.7,,,,,,,,,,,,,,,,,,,,,,,,,,,,,Iván Angulo,"MF,FW",Orlando City,26-257,Iván Angulo,TAM Player,2025,Iván Angulo,2025.0,525000.0,557660.0,0.0,0.0062499999999999995,0.0046875,-0.12,7.66,2.8099999999999996,MF,TAM,0,MF
3379402273,1,2025,28,26,2202,24.5,0.29,0.2,0.49,0.29,0.0,0.0,0.2,0.0,0.32,0.32,0.11,0.44,4.12,3.8,10.3,0.29,0.2,0.49,0.29,0.49,0.32,0.11,0.44,0.32,0.44,24.5,30.0,16.7,10.8,1.51,39.0,20.0,13.2,2.45,76.9,83.5,81.8,61.7,452.4,117.4,30.0,16.7,10.8,1.51,39.0,20.0,13.2,2.45,76.9,83.5,81.8,61.7,30.0,16.7,10.8,1.51,39.0,20.0,13.2,2.45,76.9,83.5,81.8,61.7,30.0,16.7,10.8,1.51,39.0,20.0,13.2,2.45,76.9,83.5,81.8,61.7,0.2,0.09,0.09,1.18,2.24,1.1,0.16,0.29,2.57,1.14,44.4,2.57,1.14,0.11,0.25,18.4,0.0,0.0,0.0,0.13,-0.04,-0.04,53.4,1.14,7.8,22.4,24.7,4.37,53.4,2.33,44.2,2.82,53.5,35.5,1.51,2.53,1.47,39.3,1.96,0.98,1.1,1.96,0.98,43.6,1.27,0.78,0.73,0.53,2.49,0.82,0.0,2.98,2.98,0.41,0.08,0.16,0.0,0.0,0.0,0.41,0.41,0.41,0.08,0.16,0.0,0.0,0.0,0.0,1.63,1.39,0.61,1.18,0.53,1.1,0.0,0.04,0.0,5.59,0.37,26.5,,,,,,,,,,,,,,,,,,,,,,,,,,,,,Antony,"FW,MF",Portland Timbers,24-087,Antony,U22 Initiative,2026,,,,,0.01183673469387755,0.00816326530612245,0.013061224489795919,-0.030000000000000027,7.92,2.49,MF,U22,0,MF
353981238,1,2025,2,0,15,0.2,0.0,0.0,0.0,0.0,0.0,0.0,0.0,0.0,0.0,0.0,0.0,0.0,0.0,5.0,0.0,0.0,0.0,0.0,0.0,0.0,0.0,0.29,0.29,0.0,0.29,0.2,30.0,20.0,10.0,0.0,35.0,20.0,15.0,0.0,85.7,100.0,66.7,,405.0,115.0,30.0,20.0,10.0,0.0,35.0,20.0,15.0,0.0,85.7,100.0,66.7,,30.0,20.0,10.0,0.0,35.0,20.0,15.0,0.0,85.7,100.0,66.7,,30.0,20.0,10.0,0.0,35.0,20.0,15.0,0.0,85.7,100.0,66.7,,0.0,0.0,0.0,5.0,5.0,0.0,0.0,0.0,0.0,0.0,,0.0,0.0,,,,0.0,0.0,0.0,,0.0,0.0,65.0,15.0,15.0,50.0,0.0,0.0,65.0,0.0,,0.0,,20.0,0.0,5.0,0.0,25.0,5.0,5.0,5.0,5.0,5.0,50.0,5.0,0.0,0.0,5.0,10.0,10.0,0.0,5.0,6.0,0.0,0.0,0.0,0.0,0.0,0.0,0.0,0.0,0.0,0.0,0.0,0.0,0.0,0.0,0.0,0.0,0.0,0.0,0.0,5.0,5.0,0.0,0.0,0.0,10.0,0.0,,,,,,,,,,,,,,,,,,,,,,,,,,,,,,Seth Antwi,MF,St. Louis,26-025,,,,Seth Antwi,2025.0,104000.0,104000.0,0.0,0.0,0.0,0.0,5.0,10.0,MF,Unknown,-1,MF
4396730472,2,2025,30,19,1700,18.9,0.0,0.05,0.05,0.0,0.0,0.0,0.11,0.05,0.05,0.05,0.02,0.06,0.69,3.33,0.9,0.0,0.05,0.05,0.0,0.05,0.05,0.01,0.06,0.05,0.06,18.9,40.8,18.9,17.8,2.59,46.9,21.0,19.6,3.7,86.9,90.4,90.6,70.0,661.0,159.9,40.8,18.9,17.8,2.59,46.9,21.0,19.6,3.7,86.9,90.4,90.6,70.0,40.8,18.9,17.8,2.59,46.9,21.0,19.6,3.7,86.9,90.4,90.6,70.0,40.8,18.9,17.8,2.59,46.9,21.0,19.6,3.7,86.9,90.4,90.6,70.0,0.05,0.03,0.04,0.32,3.23,0.16,0.0,0.0,0.48,0.11,22.2,0.48,0.11,0.0,0.0,19.8,0.0,0.0,0.0,0.1,-0.05,-0.05,56.2,2.43,14.1,34.7,8.2,0.42,56.2,0.63,70.6,0.26,29.4,26.4,0.05,1.38,0.53,34.0,2.17,0.85,1.38,2.17,0.85,61.5,0.53,1.96,1.27,1.06,3.23,1.01,0.11,1.01,1.01,0.05,0.05,0.05,0.0,0.0,0.0,0.21,0.21,0.05,0.05,0.05,0.0,0.0,0.0,0.0,1.64,0.48,0.0,0.05,1.06,1.38,0.0,0.0,0.0,6.83,0.53,58.8,,,,,,,,,,,,,,,,,,,,,,,,,,,,,Brian Anunga,MF,FC Cincinnati,29-116,,,,,,,,0.0,0.002645502645502646,0.002645502645502646,-0.05,4.02,3.23,MF,Unknown,0,MF
5138493660,3,2025,30,30,2551,28.3,0.46,0.11,0.57,0.35,0.11,0.11,0.21,0.0,0.52,0.43,0.15,0.58,2.51,4.17,5.94,0.46,0.11,0.56,0.35,0.46,0.52,0.15,0.66,0.43,0.58,28.3,18.1,9.22,6.57,1.45,25.9,11.6,8.62,2.65,69.6,79.3,76.2,54.7,294.5,86.2,18.1,9.22,6.57,1.45,25.9,11.6,8.62,2.65,69.6,79.3,76.2,54.7,18.1,9.22,6.57,1.45,25.9,11.6,8.62,2.65,69.6,79.3,76.2,54.7,18.1,9.22,6.57,1.45,25.9,11.6,8.62,2.65,69.6,79.3,76.2,54.7,0.11,0.18,-0.04,0.99,2.33,1.38,0.14,0.46,4.28,1.38,32.2,4.27,1.38,0.08,0.26,20.0,0.39,0.11,0.11,0.1,-0.06,-0.08,40.2,0.95,2.76,18.1,19.7,5.48,40.1,0.99,33.3,1.84,61.9,24.3,0.88,2.9,1.66,29.5,1.45,0.64,0.81,1.45,0.64,51.4,0.6,0.74,0.71,0.25,1.7,0.67,0.0,3.43,3.42,0.25,0.04,0.28,0.07,0.07,0.0,0.53,0.53,0.25,0.04,0.28,0.07,0.07,0.0,0.0,1.84,1.91,0.46,1.34,0.25,0.81,0.04,0.0,0.0,3.43,1.59,58.4,,,,,,,,,,,,,,,,,,,,,,,,,,,,,Cristian Arango,"FW,MF",SJ Earthquakes,30-270,Cristian Arango,Designated Player,2026,Cristian Arango,2025.0,2000000.0,2216667.0,0.01625441696113074,0.0038869257950530033,0.018374558303886925,-0.06,6.68,1.7,MF,DP,0,MF
9968801670,1,2025,22,20,1798,20.0,0.1,0.15,0.25,0.1,0.0,0.0,0.3,0.05,0.04,0.04,0.09,0.14,1.0,6.0,1.5,0.1,0.15,0.25,0.1,0.25,0.04,0.09,0.13,0.04,0.13,20.0,52.5,27.1,19.9,3.9,58.0,28.4,21.6,5.55,90.5,95.4,92.1,70.3,848.3,260.3,52.5,27.1,19.9,3.9,58.0,28.4,21.6,5.55,90.5,95.4,92.1,70.3,52.5,27.1,19.9,3.9,58.0,28.4,21.6,5.55,90.5,95.4,92.1,70.3,52.5,27.1,19.9,3.9,58.0,28.4,21.6,5.55,90.5,95.4,92.1,70.3,0.15,0.05,0.06,0.95,6.6,0.35,0.0,0.1,0.95,0.3,31.6,0.95,0.3,0.11,0.33,19.6,0.15,0.0,0.0,0.05,0.06,0.06,66.2,2.05,15.6,39.5,11.7,1.0,66.2,0.15,33.3,0.25,55.6,36.5,0.05,0.9,0.8,48.9,1.9,1.05,1.3,1.9,1.05,44.7,1.3,1.55,1.25,0.45,2.35,1.05,0.05,2.65,2.65,0.0,0.0,0.2,0.05,0.15,0.0,0.35,0.35,0.0,0.0,0.2,0.05,0.15,0.0,0.0,1.55,2.9,0.05,0.25,0.45,1.3,0.0,0.0,0.0,5.3,0.2,23.5,,,,,,,,,,,,,,,,,,,,,,,,,,,,,César Araujo,MF,Orlando City,24-246,,,,,,,,0.005,0.0075,0.002,0.060000000000000005,7.0,2.35,MF,Unknown,0,MF
4486286702,1,2025,33,32,2850,31.7,0.03,0.0,0.03,0.03,0.0,0.0,0.16,0.03,0.01,0.01,0.01,0.02,0.44,5.3,0.85,0.03,0.0,0.03,0.03,0.03,0.01,0.01,0.02,0.01,0.02,31.7,54.0,27.2,21.5,3.82,61.5,28.7,23.7,5.96,87.8,94.6,90.7,64.0,873.4,263.2,54.0,27.2,21.5,3.82,61.5,28.7,23.7,5.96,87.8,94.6,90.7,64.0,54.0,27.2,21.5,3.82,61.5,28.7,23.7,5.96,87.8,94.6,90.7,64.0,54.0,27.2,21.5,3.82,61.5,28.7,23.7,5.96,87.8,94.6,90.7,64.0,0.0,0.03,-0.01,0.28,4.67,0.54,0.09,0.03,0.35,0.06,18.2,0.35,0.06,0.09,0.5,27.6,0.0,0.0,0.0,0.03,0.02,0.02,69.8,3.0,19.0,41.9,9.5,0.19,69.8,0.63,58.8,0.35,32.4,40.6,0.03,0.66,0.5,48.9,1.8,0.69,0.98,1.8,0.69,48.9,0.73,1.1,0.79,1.36,3.15,1.2,0.09,1.58,1.58,0.0,0.0,0.06,0.0,0.0,0.0,0.06,0.06,0.0,0.0,0.06,0.0,0.0,0.0,0.03,1.29,0.85,0.0,0.41,1.36,0.98,0.0,0.0,0.0,5.65,0.41,44.8,,,,,,,,,,,,,,,,,,,,,,,,,,,,,Artur,MF,Houston Dynamo,29-268,Artur,Designated Player,2025,,,,,0.0009463722397476341,0.0,0.0003154574132492114,0.019999999999999997,5.74,3.16,MF,DP,0,MF
1631714026,2,2025,27,23,1771,19.7,0.0,0.0,0.0,0.0,0.0,0.0,0.1,0.0,0.05,0.05,0.06,0.11,0.96,5.84,1.42,0.0,0.0,0.0,0.0,0.0,0.05,0.06,0.11,0.05,0.11,19.7,44.0,23.2,16.0,3.3,54.3,26.8,18.7,5.74,81.0,86.6,85.6,57.5,701.0,261.4,44.0,23.2,16.0,3.3,54.3,26.8,18.7,5.74,81.0,86.6,85.6,57.5,44.0,23.2,16.0,3.3,54.3,26.8,18.7,5.74,81.0,86.6,85.6,57.5,44.0,23.2,16.0,3.3,54.3,26.8,18.7,5.74,81.0,86.6,85.6,57.5,0.0,0.07,-0.06,0.56,6.75,0.56,0.0,0.0,0.66,0.0,0.0,0.66,0.0,0.0,,19.0,0.0,0.0,0.0,0.07,-0.05,-0.05,65.4,2.49,14.4,38.6,13.5,0.86,65.4,0.56,68.8,0.2,25.0,33.5,0.0,1.27,0.61,39.6,2.64,1.57,1.42,2.64,1.57,54.4,1.32,1.62,1.52,1.47,4.11,1.37,0.0,1.88,1.88,0.0,0.0,0.0,0.0,0.0,0.0,0.05,0.05,0.0,0.0,0.0,0.0,0.0,0.0,0.0,0.96,0.41,0.0,0.51,1.47,1.42,0.0,0.0,0.05,6.24,0.96,48.7,,,,,,,,,,,,,,,,,,,,,,,,,,,,,Joshua Atencio,MF,Colorado Rapids,23-307,,,,,,,,0.0,0.0,0.002538071065989848,-0.05,6.8,4.11,MF,Unknown,0,MF
1475796424,2,2025,28,25,2268,25.2,0.0,0.24,0.24,0.0,0.0,0.0,0.24,0.0,0.09,0.09,0.2,0.29,0.99,6.79,2.34,0.0,0.24,0.24,0.0,0.24,0.09,0.2,0.29,0.09,0.29,25.2,49.2,24.3,19.6,4.17,57.5,25.9,22.0,6.83,85.6,93.9,89.4,61.0,825.0,285.8,49.2,24.3,19.6,4.17,57.5,25.9,22.0,6.83,85.6,93.9,89.4,61.0,49.2,24.3,19.6,4.17,57.5,25.9,22.0,6.83,85.6,93.9,89.4,61.0,49.2,24.3,19.6,4.17,57.5,25.9,22.0,6.83,85.6,93.9,89.4,61.0,0.24,0.15,0.04,2.14,6.67,1.07,0.0,0.0,1.11,0.24,21.4,1.11,0.24,0.0,0.0,21.6,0.0,0.0,0.0,0.08,-0.09,-0.09,68.1,2.42,14.6,37.1,16.9,1.27,68.1,0.83,41.2,0.99,49.0,40.6,0.32,1.55,1.39,50.0,1.55,0.71,0.83,1.55,0.71,39.1,1.11,1.03,0.79,0.87,2.42,1.23,0.08,4.09,4.09,0.08,0.0,0.12,0.04,0.04,0.04,0.6,0.6,0.08,0.0,0.12,0.04,0.04,0.04,0.0,2.06,1.67,0.08,1.51,0.87,0.83,0.04,0.0,0.0,5.63,1.03,54.2,,,,,,,,,,,,,,,,,,,,,,,,,,,,,Eduard Atuesta,MF,Orlando City,28-169,Eduard Atuesta,TAM Player,2025,Eduard Atuesta,2025.0,600000.0,725000.0,0.0,0.009523809523809523,0.0035714285714285713,-0.09,7.78,2.42,MF,TAM,0,MF
9335012043,1,2025,33,32,2624,29.2,0.07,0.03,0.1,0.07,0.0,0.0,0.14,0.0,0.06,0.06,0.04,0.1,0.51,6.61,0.82,0.07,0.03,0.1,0.07,0.1,0.06,0.04,0.1,0.06,0.1,29.2,56.0,20.1,27.5,7.77,63.9,22.2,29.6,10.1,87.6,90.7,92.8,76.7,1108.7,292.8,56.0,20.1,27.5,7.77,63.9,22.2,29.6,10.1,87.6,90.7,92.8,76.7,56.0,20.1,27.5,7.77,63.9,22.2,29.6,10.1,87.6,90.7,92.8,76.7,56.0,20.1,27.5,7.77,63.9,22.2,29.6,10.1,87.6,90.7,92.8,76.7,0.03,0.05,-0.0,0.55,6.88,0.38,0.0,0.07,1.13,0.21,18.2,1.13,0.21,0.06,0.33,18.9,0.0,0.0,0.0,0.05,0.01,0.01,74.9,2.95,18.7,46.3,10.5,1.13,74.9,0.75,64.7,0.34,29.4,46.8,0.07,1.03,0.62,53.4,3.01,1.47,1.92,3.01,1.47,70.5,0.62,1.2,0.96,1.64,4.66,1.85,0.0,1.68,1.68,0.07,0.0,0.07,0.0,0.14,0.0,0.07,0.07,0.07,0.0,0.07,0.0,0.14,0.0,0.0,1.23,1.1,0.0,0.48,1.64,1.92,0.0,0.0,0.0,5.96,0.92,56.3,,,,,,,,,,,,,,,,,,,,,,,,,,,,,David Ayala,MF,Portland Timbers,23-131,David Ayala,U22 Initiative,2025,David Ayala,2025.0,425000.0,477000.0,0.002397260273972603,0.0010273972602739725,0.002054794520547945,0.010000000000000009,7.12,4.6499999999999995,MF,U22,0,MF
7326723158,3,2025,21,6,748,8.3,0.12,0.0,0.12,0.12,0.0,0.0,0.36,0.0,0.3,0.3,0.04,0.33,1.08,1.08,6.51,0.12,0.0,0.12,0.12,0.12,0.3,0.03,0.33,0.3,0.33,8.3,13.0,7.59,3.86,0.6,20.2,10.4,5.54,1.57,64.3,73.3,69.6,38.5,181.0,24.0,13.0,7.59,3.86,0.6,20.2,10.4,5.54,1.57,64.3,73.3,69.6,38.5,13.0,7.59,3.86,0.6,20.2,10.4,5.54,1.57,64.3,73.3,69.6,38.5,13.0,7.59,3.86,0.6,20.2,10.4,5.54,1.57,64.3,73.3,69.6,38.5,0.0,0.06,-0.04,0.6,0.72,0.0,0.0,0.12,1.93,0.84,43.8,1.93,0.84,0.06,0.14,12.6,0.0,0.0,0.0,0.16,-0.18,-0.18,28.2,0.96,2.05,10.8,15.7,3.13,28.2,0.12,14.3,0.6,71.4,16.0,0.48,2.29,1.08,22.5,0.36,0.24,0.24,0.36,0.24,100.0,0.0,0.12,0.0,0.0,0.36,1.08,0.0,1.2,1.2,0.0,0.0,0.12,0.0,0.0,0.0,0.0,0.0,0.0,0.0,0.12,0.0,0.0,0.0,0.0,2.29,2.17,0.6,0.72,0.0,0.24,0.0,0.0,0.0,2.05,4.7,50.0,,,,,,,,,,,,,,,,,,,,,,,,,,,,,Dominique Badji,"FW,MF",D.C. United,33-049,Dominique Badji,Standard,2026,Dominique Badji,2025.0,400000.0,435000.0,0.014457831325301203,0.0,0.03614457831325301,-0.18,2.16,0.36,MF,Standard,0,MF
2485491234,1,2025,25,9,896,10.0,0.1,0.2,0.3,0.1,0.0,0.0,0.1,0.0,0.08,0.08,0.13,0.21,1.0,2.8,3.0,0.1,0.2,0.3,0.1,0.3,0.08,0.13,0.21,0.08,0.21,10.0,29.7,14.7,12.4,1.1,33.5,15.8,13.4,1.6,88.7,93.0,92.5,68.8,453.6,83.7,29.7,14.7,12.4,1.1,33.5,15.8,13.4,1.6,88.7,93.0,92.5,68.8,29.7,14.7,12.4,1.1,33.5,15.8,13.4,1.6,88.7,93.0,92.5,68.8,29.7,14.7,12.4,1.1,33.5,15.8,13.4,1.6,88.7,93.0,92.5,68.8,0.2,0.06,0.07,0.5,1.7,1.0,0.2,0.1,0.7,0.5,71.4,0.7,0.5,0.14,0.2,13.1,0.0,0.0,0.0,0.11,0.02,0.02,42.1,1.0,7.6,21.3,13.5,1.2,42.1,0.6,35.3,0.9,52.9,24.0,0.0,1.2,0.3,27.7,1.8,0.8,0.9,1.8,0.8,44.4,1.0,0.9,0.7,1.5,3.3,0.6,0.0,2.1,2.1,0.0,0.0,0.3,0.0,0.2,0.0,0.5,0.5,0.0,0.0,0.3,0.0,0.2,0.0,0.0,1.4,1.9,0.0,0.8,1.5,0.9,0.0,0.0,0.0,3.5,0.7,36.8,,,,,,,,,,,,,,,,,,,,,,,,,,,,,Jeevan Badwal,"MF,FW",Vancouver W'caps,19-268,Jeevan Badwal,Homegrown,2027,Jeevan Badwal,2025.0,80622.0,80622.0,0.01,0.02,0.008,0.020000000000000004,3.8,3.3,MF,HG,0,MF
7463909220,3,2025,5,3,263,2.9,0.0,0.0,0.0,0.0,0.0,0.0,0.0,0.0,0.07,0.07,0.03,0.1,1.03,2.07,5.17,0.0,0.0,0.0,0.0,0.0,0.07,0.04,0.11,0.07,0.11,2.9,21.7,15.9,3.79,1.38,27.6,18.6,4.83,2.07,78.8,85.2,78.6,66.7,294.8,74.8,21.7,15.9,3.79,1.38,27.6,18.6,4.83,2.07,78.8,85.2,78.6,66.7,21.7,15.9,3.79,1.38,27.6,18.6,4.83,2.07,78.8,85.2,78.6,66.7,21.7,15.9,3.79,1.38,27.6,18.6,4.83,2.07,78.8,85.2,78.6,66.7,0.0,0.03,-0.03,0.69,2.41,0.69,0.0,0.0,1.03,0.0,0.0,1.03,0.0,0.0,,19.1,0.0,0.0,0.0,0.07,-0.07,-0.07,34.8,1.38,4.83,15.5,14.5,2.41,34.8,0.0,0.0,0.34,100.0,17.2,0.34,2.07,0.34,26.2,0.0,0.0,0.0,0.0,0.0,0.0,0.69,0.69,0.34,0.0,0.0,1.03,0.0,1.38,1.37,0.0,0.0,0.0,0.0,0.0,0.0,0.0,0.0,0.0,0.0,0.0,0.0,0.0,0.0,0.0,0.69,1.38,0.34,0.69,0.0,0.0,0.0,0.0,0.0,1.38,0.34,25.0,,,,,,,,,,,,,,,,,,,,,,,,,,,,,Corey Baird,"FW,MF",FC Cincinnati,29-308,Corey Baird,TAM Player,2025,Corey Baird,2025.0,676534.0,744241.0,0.0,0.0,0.024137931034482762,-0.07,3.0999999999999996,0.0,MF,TAM,0,MF
7463909220,4,2025,5,3,263,2.9,0.0,0.0,0.0,0.0,0.0,0.0,0.0,0.0,0.07,0.07,0.03,0.1,1.03,2.07,5.17,0.0,0.0,0.0,0.0,0.0,0.07,0.04,0.11,0.07,0.11,2.9,21.7,15.9,3.79,1.38,27.6,18.6,4.83,2.07,78.8,85.2,78.6,66.7,294.8,74.8,21.7,15.9,3.79,1.38,27.6,18.6,4.83,2.07,78.8,85.2,78.6,66.7,21.7,15.9,3.79,1.38,27.6,18.6,4.83,2.07,78.8,85.2,78.6,66.7,21.7,15.9,3.79,1.38,27.6,18.6,4.83,2.07,78.8,85.2,78.6,66.7,0.0,0.03,-0.03,0.69,2.41,0.69,0.0,0.0,1.03,0.0,0.0,1.03,0.0,0.0,,19.1,0.0,0.0,0.0,0.07,-0.07,-0.07,34.8,1.38,4.83,15.5,14.5,2.41,34.8,0.0,0.0,0.34,100.0,17.2,0.34,2.07,0.34,26.2,0.0,0.0,0.0,0.0,0.0,0.0,0.69,0.69,0.34,0.0,0.0,1.03,0.0,1.38,1.37,0.0,0.0,0.0,0.0,0.0,0.0,0.0,0.0,0.0,0.0,0.0,0.0,0.0,0.0,0.0,0.69,1.38,0.34,0.69,0.0,0.0,0.0,0.0,0.0,1.38,0.34,25.0,,,,,,,,,,,,,,,,,,,,,,,,,,,,,Corey Baird,"FW,MF",FC Cincinnati,29-308,Corey Baird,TAM Player,2025,Corey Baird,2025.0,676534.0,744241.0,0.0,0.0,0.024137931034482762,-0.07,3.0999999999999996,0.0,MF,TAM,0,MF
7463909220,3,2025,18,3,422,4.7,0.0,0.0,0.0,0.0,0.0,0.0,0.85,0.0,0.19,0.19,0.11,0.3,2.98,2.55,6.17,0.0,0.0,0.0,0.0,0.0,0.18,0.11,0.3,0.18,0.3,4.7,30.2,17.2,10.4,0.85,37.7,20.4,11.7,1.28,80.2,84.4,89.1,66.7,421.3,94.7,30.2,17.2,10.4,0.85,37.7,20.4,11.7,1.28,80.2,84.4,89.1,66.7,30.2,17.2,10.4,0.85,37.7,20.4,11.7,1.28,80.2,84.4,89.1,66.7,30.2,17.2,10.4,0.85,37.7,20.4,11.7,1.28,80.2,84.4,89.1,66.7,0.0,0.15,-0.11,1.49,0.85,1.06,0.21,0.0,1.7,0.64,37.5,1.71,0.64,0.0,0.0,13.7,0.0,0.0,0.0,0.11,-0.19,-0.19,47.0,0.85,5.32,22.6,19.4,3.62,47.0,0.43,33.3,0.85,66.7,26.2,0.85,1.91,1.7,33.2,1.28,0.64,1.06,1.28,0.64,37.5,1.06,0.43,0.43,0.21,1.49,0.85,0.0,2.98,2.99,0.0,0.0,0.0,0.0,0.0,0.0,0.43,0.43,0.0,0.0,0.0,0.0,0.0,0.0,0.0,0.85,1.28,0.21,1.06,0.21,1.06,0.0,0.0,0.0,4.89,1.49,50.0,,,,,,,,,,,,,,,,,,,,,,,,,,,,,Corey Baird,"FW,MF",FC Cincinnati,29-308,Corey Baird,TAM Player,2025,Corey Baird,2025.0,676534.0,744241.0,0.0,0.0,0.04042553191489361,-0.19,5.529999999999999,1.49,MF,TAM,0,MF
7463909220,4,2025,18,3,422,4.7,0.0,0.0,0.0,0.0,0.0,0.0,0.85,0.0,0.19,0.19,0.11,0.3,2.98,2.55,6.17,0.0,0.0,0.0,0.0,0.0,0.18,0.11,0.3,0.18,0.3,4.7,30.2,17.2,10.4,0.85,37.7,20.4,11.7,1.28,80.2,84.4,89.1,66.7,421.3,94.7,30.2,17.2,10.4,0.85,37.7,20.4,11.7,1.28,80.2,84.4,89.1,66.7,30.2,17.2,10.4,0.85,37.7,20.4,11.7,1.28,80.2,84.4,89.1,66.7,30.2,17.2,10.4,0.85,37.7,20.4,11.7,1.28,80.2,84.4,89.1,66.7,0.0,0.15,-0.11,1.49,0.85,1.06,0.21,0.0,1.7,0.64,37.5,1.71,0.64,0.0,0.0,13.7,0.0,0.0,0.0,0.11,-0.19,-0.19,47.0,0.85,5.32,22.6,19.4,3.62,47.0,0.43,33.3,0.85,66.7,26.2,0.85,1.91,1.7,33.2,1.28,0.64,1.06,1.28,0.64,37.5,1.06,0.43,0.43,0.21,1.49,0.85,0.0,2.98,2.99,0.0,0.0,0.0,0.0,0.0,0.0,0.43,0.43,0.0,0.0,0.0,0.0,0.0,0.0,0.0,0.85,1.28,0.21,1.06,0.21,1.06,0.0,0.0,0.0,4.89,1.49,50.0,,,,,,,,,,,,,,,,,,,,,,,,,,,,,Corey Baird,"FW,MF",FC Cincinnati,29-308,Corey Baird,TAM Player,2025,Corey Baird,2025.0,676534.0,744241.0,0.0,0.0,0.04042553191489361,-0.19,5.529999999999999,1.49,MF,TAM,0,MF
6437162040,2,2025,21,5,601,6.7,0.3,0.0,0.3,0.3,0.0,0.0,0.15,0.0,0.28,0.28,0.06,0.36,0.6,1.34,7.61,0.3,0.0,0.3,0.3,0.3,0.29,0.06,0.35,0.29,0.35,6.7,14.5,9.1,3.58,0.6,20.4,12.2,5.07,0.75,70.8,74.4,70.6,80.0,185.2,41.8,14.5,9.1,3.58,0.6,20.4,12.2,5.07,0.75,70.8,74.4,70.6,80.0,14.5,9.1,3.58,0.6,20.4,12.2,5.07,0.75,70.8,74.4,70.6,80.0,14.5,9.1,3.58,0.6,20.4,12.2,5.07,0.75,70.8,74.4,70.6,80.0,0.0,0.09,-0.06,0.9,1.04,0.6,0.0,0.3,2.84,0.75,26.3,2.85,0.75,0.11,0.4,15.9,0.0,0.0,0.0,0.1,0.01,0.01,36.4,2.09,5.07,13.0,19.0,4.93,36.4,0.45,18.8,1.79,75.0,19.4,0.3,3.73,1.64,23.1,1.19,0.9,0.75,1.19,0.9,50.0,0.9,0.6,0.6,0.6,1.79,2.09,0.0,2.24,2.25,0.0,0.0,0.15,0.0,0.0,0.0,0.0,0.0,0.0,0.0,0.15,0.0,0.0,0.0,0.0,2.24,1.79,0.0,0.15,0.6,0.75,0.0,0.0,0.0,3.73,2.69,47.4,,,,,,,,,,,,,,,,,,,,,,,,,,,,,Monsef Bakrar,"FW,MF",NYCFC,24-325,,,,,,,,0.04477611940298507,0.0,0.041791044776119404,0.019999999999999962,1.94,1.79,MF,Unknown,0,MF
9128232818,1,2025,1,0,15,0.2,0.0,0.0,0.0,0.0,0.0,0.0,0.0,0.0,2.5,2.5,0.0,2.5,10.0,0.0,15.0,0.0,0.0,0.0,0.0,0.0,2.98,0.0,2.98,2.98,2.98,0.2,25.0,25.0,0.0,0.0,25.0,25.0,0.0,0.0,100.0,100.0,,,270.0,50.0,25.0,25.0,0.0,0.0,25.0,25.0,0.0,0.0,100.0,100.0,,,25.0,25.0,0.0,0.0,25.0,25.0,0.0,0.0,100.0,100.0,,,25.0,25.0,0.0,0.0,25.0,25.0,0.0,0.0,100.0,100.0,,,0.0,0.0,0.0,0.0,0.0,0.0,0.0,0.0,10.0,5.0,50.0,12.0,6.0,0.0,0.0,25.4,0.0,0.0,0.0,0.25,-2.5,-2.5,40.0,0.0,0.0,15.0,30.0,5.0,40.0,0.0,,0.0,,35.0,5.0,0.0,0.0,35.0,0.0,0.0,0.0,0.0,0.0,,0.0,0.0,0.0,0.0,0.0,0.0,0.0,5.0,6.0,0.0,0.0,0.0,0.0,0.0,0.0,0.0,0.0,0.0,0.0,0.0,0.0,0.0,0.0,0.0,10.0,0.0,5.0,0.0,0.0,0.0,0.0,0.0,0.0,5.0,0.0,,,,,,,,,,,,,,,,,,,,,,,,,,,,,,Alexandru Băluță,"MF,FW",LAFC,32-082,,,,Alexandru Băluță,2025.0,720000.0,768900.0,0.0,0.0,12.5,-2.5,10.0,0.0,MF,Unknown,-1,MF
6693448974,2,2025,22,1,373,4.1,0.73,0.0,0.73,0.73,0.0,0.0,0.24,0.0,0.37,0.37,0.05,0.41,0.49,1.46,3.9,0.72,0.0,0.72,0.72,0.72,0.35,0.05,0.4,0.35,0.4,4.1,10.5,5.12,3.9,0.73,18.5,8.54,5.85,0.73,56.6,60.0,66.7,100.0,159.0,36.6,10.5,5.12,3.9,0.73,18.5,8.54,5.85,0.73,56.6,60.0,66.7,100.0,10.5,5.12,3.9,0.73,18.5,8.54,5.85,0.73,56.6,60.0,66.7,100.0,10.5,5.12,3.9,0.73,18.5,8.54,5.85,0.73,56.6,60.0,66.7,100.0,0.0,0.02,-0.05,0.73,0.98,0.73,0.24,0.73,1.95,0.98,50.0,1.93,0.97,0.38,0.75,11.7,0.0,0.0,0.0,0.18,0.37,0.37,30.5,1.71,3.41,12.7,14.4,3.41,30.5,0.0,0.0,1.22,100.0,15.1,0.24,3.17,1.22,20.0,0.73,0.0,0.73,0.73,0.0,,0.0,0.98,0.73,0.24,0.98,1.46,0.0,1.46,1.45,0.0,0.0,0.24,0.0,0.0,0.0,0.24,0.24,0.0,0.0,0.24,0.0,0.0,0.0,0.0,2.68,0.98,0.98,0.49,0.24,0.73,0.0,0.24,0.0,1.71,1.71,35.0,,,,,,,,,,,,,,,,,,,,,,,,,,,,,Tom Barlow,"FW,MF",Chicago Fire,30-149,Tom Barlow,Standard,2025,Tom Barlow,2025.0,300000.0,330000.0,0.1780487804878049,0.0,0.0902439024390244,0.36,1.95,0.97,MF,Standard,0,MF
7881571498,1,2025,30,22,1935,21.5,0.0,0.05,0.05,0.0,0.0,0.0,0.37,0.0,0.01,0.01,0.05,0.06,0.28,3.02,0.37,0.0,0.05,0.05,0.0,0.05,0.01,0.05,0.06,0.01,0.06,21.5,45.5,17.7,20.4,6.84,53.4,19.0,22.4,10.3,85.3,93.1,91.1,66.5,879.1,234.7,45.5,17.7,20.4,6.84,53.4,19.0,22.4,10.3,85.3,93.1,91.1,66.5,45.5,17.7,20.4,6.84,53.4,19.0,22.4,10.3,85.3,93.1,91.1,66.5,45.5,17.7,20.4,6.84,53.4,19.0,22.4,10.3,85.3,93.1,91.1,66.5,0.05,0.11,0.0,0.65,4.37,0.05,0.05,0.0,0.19,0.0,0.0,0.19,0.0,0.0,,19.7,0.0,0.0,0.0,0.05,-0.01,-0.01,63.2,3.86,15.4,36.5,11.7,0.37,63.2,0.14,37.5,0.14,37.5,32.4,0.0,0.65,0.37,39.9,1.63,0.51,0.98,1.63,0.51,44.0,0.65,1.21,0.6,1.4,3.02,2.14,0.05,1.58,1.58,0.0,0.0,0.0,0.0,0.05,0.0,0.14,0.14,0.0,0.0,0.0,0.0,0.05,0.0,0.0,1.3,0.7,0.0,2.05,1.4,0.98,0.0,0.05,0.05,3.35,0.23,26.3,,,,,,,,,,,,,,,,,,,,,,,,,,,,,Jacob Bartlett,MF,Sporting KC,20-058,Jacob Bartlett,Homegrown,2027,Jacob Bartlett,2025.0,80622.0,83622.0,0.0,0.002325581395348837,0.00046511627906976747,-0.01,3.3,3.03,MF,HG,0,MF
2937414156,1,2025,28,25,2196,24.4,0.12,0.12,0.25,0.08,0.04,0.04,0.16,0.0,0.21,0.18,0.14,0.32,2.87,5.16,4.55,0.12,0.12,0.25,0.08,0.2,0.21,0.14,0.35,0.18,0.32,24.4,38.9,18.9,15.7,3.07,48.9,22.0,18.4,5.61,79.5,86.2,85.7,54.7,648.7,196.6,38.9,18.9,15.7,3.07,48.9,22.0,18.4,5.61,79.5,86.2,85.7,54.7,38.9,18.9,15.7,3.07,48.9,22.0,18.4,5.61,79.5,86.2,85.7,54.7,38.9,18.9,15.7,3.07,48.9,22.0,18.4,5.61,79.5,86.2,85.7,54.7,0.12,0.2,-0.02,1.27,4.3,1.31,0.33,0.12,1.72,0.57,33.3,1.72,0.57,0.05,0.14,17.8,0.12,0.04,0.04,0.1,-0.09,-0.1,59.0,1.76,8.69,30.3,20.3,2.91,59.0,0.7,39.5,1.02,58.1,34.3,0.53,1.35,0.7,41.9,1.19,0.57,0.7,1.19,0.57,35.0,1.07,1.11,1.02,0.16,1.35,1.07,0.0,3.24,3.24,0.04,0.0,0.04,0.04,0.08,0.0,0.41,0.41,0.04,0.0,0.04,0.04,0.08,0.0,0.0,0.78,0.82,0.0,2.79,0.16,0.7,0.0,0.0,0.0,3.4,0.82,60.6,,,,,,,,,,,,,,,,,,,,,,,,,,,,,Cole Bassett,"MF,FW",Colorado Rapids,24-129,Cole Bassett,U22 Initiative,2027,Cole Bassett,2025.0,850000.0,850000.0,0.004918032786885246,0.004918032786885246,0.00860655737704918,-0.09,8.030000000000001,1.3499999999999999,MF,U22,0,MF
2135204351,1,2025,12,3,339,3.8,0.0,0.26,0.26,0.0,0.0,0.0,0.26,0.0,0.26,0.26,0.13,0.39,1.32,2.37,5.53,0.0,0.27,0.27,0.0,0.27,0.28,0.13,0.4,0.28,0.4,3.8,27.1,17.6,6.58,0.79,35.8,20.0,10.0,1.05,75.7,88.2,65.8,75.0,328.7,96.6,27.1,17.6,6.58,0.79,35.8,20.0,10.0,1.05,75.7,88.2,65.8,75.0,27.1,17.6,6.58,0.79,35.8,20.0,10.0,1.05,75.7,88.2,65.8,75.0,27.1,17.6,6.58,0.79,35.8,20.0,10.0,1.05,75.7,88.2,65.8,75.0,0.26,0.05,0.13,0.53,2.37,0.0,0.0,0.0,1.05,0.0,0.0,1.06,0.0,0.0,,12.1,0.0,0.0,0.0,0.26,-0.26,-0.26,44.2,0.53,5.53,21.8,17.6,2.37,44.2,0.53,50.0,0.53,50.0,28.9,0.26,1.32,1.05,31.8,2.37,1.58,1.58,2.37,1.58,54.5,1.32,0.26,0.26,0.53,2.89,1.05,0.0,1.84,1.86,0.0,0.0,0.26,0.0,0.0,0.0,0.26,0.27,0.0,0.0,0.26,0.0,0.0,0.0,0.0,1.05,0.79,0.0,0.79,0.53,1.58,0.0,0.26,0.0,4.74,0.26,20.0,,,,,,,,,,,,,,,,,,,,,,,,,,,,,Sam Bassett,"FW,MF",Colorado Rapids,22-235,Sam Bassett,Homegrown,2025,Sam Bassett,2025.0,80622.0,80622.0,0.0,0.06842105263157895,0.06842105263157895,-0.26,3.6900000000000004,2.9000000000000004,MF,HG,0,MF
5225602615,3,2025,29,20,1749,19.4,0.1,0.15,0.26,0.1,0.0,0.0,0.21,0.0,0.11,0.11,0.2,0.31,1.86,6.34,6.6,0.1,0.15,0.26,0.1,0.26,0.11,0.2,0.31,0.11,0.31,19.4,47.5,29.0,13.4,2.58,54.6,31.4,15.3,4.12,87.1,92.3,87.8,62.5,668.2,177.3,47.5,29.0,13.4,2.58,54.6,31.4,15.3,4.12,87.1,92.3,87.8,62.5,47.5,29.0,13.4,2.58,54.6,31.4,15.3,4.12,87.1,92.3,87.8,62.5,47.5,29.0,13.4,2.58,54.6,31.4,15.3,4.12,87.1,92.3,87.8,62.5,0.15,0.16,-0.05,2.27,4.18,1.39,0.15,0.1,0.88,0.21,23.5,0.87,0.21,0.12,0.5,19.8,0.05,0.0,0.0,0.12,-0.01,-0.01,62.0,0.15,5.67,32.9,23.8,2.27,62.0,0.46,42.9,0.57,52.4,40.0,0.31,2.11,0.98,49.4,1.08,0.41,0.67,1.08,0.41,38.1,0.67,0.67,0.67,0.82,1.91,0.31,0.0,3.76,3.76,0.0,0.0,0.21,0.0,0.05,0.0,0.26,0.26,0.0,0.0,0.21,0.0,0.05,0.0,0.0,1.86,1.86,0.41,1.96,0.82,0.67,0.0,0.0,0.0,3.76,0.26,21.7,,,,,,,,,,,,,,,,,,,,,,,,,,,,,Amine Bassi,"MF,FW",Houston Dynamo,28-007,Amine Bassi,TAM Player,2025,Amine Bassi,2025.0,700000.0,700000.0,0.005154639175257733,0.007731958762886598,0.005670103092783506,-0.009999999999999995,8.2,1.9,MF,TAM,0,MF
1308801872,3,2025,32,11,1249,13.9,0.22,0.14,0.36,0.22,0.0,0.0,0.29,0.0,0.61,0.61,0.19,0.8,1.87,1.73,7.19,0.22,0.14,0.36,0.22,0.36,0.61,0.18,0.8,0.61,0.8,13.9,13.5,7.7,3.67,0.86,20.3,10.6,5.68,1.58,66.3,72.3,64.6,54.5,186.3,40.9,13.5,7.7,3.67,0.86,20.3,10.6,5.68,1.58,66.3,72.3,64.6,54.5,13.5,7.7,3.67,0.86,20.3,10.6,5.68,1.58,66.3,72.3,64.6,54.5,13.5,7.7,3.67,0.86,20.3,10.6,5.68,1.58,66.3,72.3,64.6,54.5,0.14,0.09,-0.04,1.15,1.15,0.58,0.07,0.22,3.09,1.29,41.9,3.1,1.3,0.07,0.17,12.5,0.0,0.0,0.0,0.2,-0.4,-0.4,33.5,1.15,4.53,13.5,15.9,5.54,33.5,0.94,43.3,1.22,56.7,19.1,1.08,3.24,1.94,22.9,0.5,0.29,0.43,0.5,0.29,36.4,0.5,0.72,0.58,0.43,0.94,1.15,0.0,3.02,3.02,0.29,0.14,0.29,0.07,0.07,0.0,0.58,0.58,0.29,0.14,0.29,0.07,0.07,0.0,0.0,1.37,2.01,0.79,0.72,0.43,0.43,0.07,0.0,0.0,2.37,2.81,41.1,,,,,,,,,,,,,,,,,,,,,,,,,,,,,Simon Becher,"FW,MF",St. Louis,26-137,Simon Becher,Standard,June 2025,Simon Becher,2025.0,218000.0,239273.0,0.015827338129496403,0.010071942446043166,0.04388489208633093,-0.39,3.6,0.9299999999999999,MF,Standard,0,MF
2997119129,2,2025,7,4,321,3.6,0.0,0.0,0.0,0.0,0.0,0.0,0.83,0.0,0.06,0.06,0.11,0.17,0.56,2.78,9.44,0.0,0.0,0.0,0.0,0.0,0.06,0.1,0.16,0.06,0.16,3.6,28.3,15.6,9.17,2.78,39.2,18.9,12.2,3.89,72.3,82.4,75.0,71.4,450.6,118.1,28.3,15.6,9.17,2.78,39.2,18.9,12.2,3.89,72.3,82.4,75.0,71.4,28.3,15.6,9.17,2.78,39.2,18.9,12.2,3.89,72.3,82.4,75.0,71.4,28.3,15.6,9.17,2.78,39.2,18.9,12.2,3.89,72.3,82.4,75.0,71.4,0.0,0.25,-0.11,0.56,1.94,1.67,0.83,0.0,1.39,0.0,0.0,1.4,0.0,0.0,,20.9,0.0,0.0,0.0,0.04,-0.06,-0.06,49.4,0.0,3.61,20.0,26.1,3.89,49.4,0.56,25.0,1.67,75.0,29.2,0.28,2.22,1.11,35.0,0.83,0.56,0.28,0.83,0.56,25.0,1.67,0.83,0.83,0.0,0.83,0.0,0.0,2.22,2.24,0.0,0.0,0.0,0.0,0.0,0.0,0.28,0.28,0.0,0.0,0.0,0.0,0.0,0.0,0.0,1.11,1.11,0.28,4.17,0.0,0.28,0.0,0.0,0.0,5.0,2.22,88.9,,,,,,,,,,,,,,,,,,,,,,,,,,,,,Ben Bender,"MF,FW",Philadelphia Union,24-272,Ben Bender,Standard,2025,Ben Bender,2025.0,140000.0,150000.0,0.0,0.0,0.016666666666666666,-0.06,3.34,0.83,MF,Standard,0,MF
4962839269,1,2025,6,4,353,3.9,0.0,0.0,0.0,0.0,0.0,0.0,0.0,0.0,0.0,0.0,0.05,0.05,0.77,3.85,1.54,0.0,0.0,0.0,0.0,0.0,0.0,0.04,0.04,0.0,0.04,3.9,40.8,15.9,22.3,2.56,46.4,17.7,23.8,4.1,87.8,89.9,93.5,62.5,722.3,181.0,40.8,15.9,22.3,2.56,46.4,17.7,23.8,4.1,87.8,89.9,93.5,62.5,40.8,15.9,22.3,2.56,46.4,17.7,23.8,4.1,87.8,89.9,93.5,62.5,40.8,15.9,22.3,2.56,46.4,17.7,23.8,4.1,87.8,89.9,93.5,62.5,0.0,0.05,-0.05,1.54,3.33,0.77,0.26,0.0,0.0,0.0,,0.0,0.0,,,,0.0,0.0,0.0,,0.0,0.0,52.8,2.05,12.3,27.7,13.3,0.0,52.8,0.51,100.0,0.0,0.0,26.7,0.0,0.26,0.77,34.4,1.54,0.51,1.28,1.54,0.51,50.0,0.51,0.77,0.51,1.28,2.82,0.77,0.0,2.31,2.29,0.0,0.0,0.0,0.0,0.0,0.0,0.26,0.25,0.0,0.0,0.0,0.0,0.0,0.0,0.0,2.31,0.0,0.0,0.51,1.28,1.28,0.0,0.0,0.0,5.9,1.03,80.0,,,,,,,,,,,,,,,,,,,,,,,,,,,,,Gustav Berggren,MF,NY Red Bulls,28-088,,,,Gustav Berggren,2025.0,999996.0,1109996.0,0.0,0.0,0.0,0.0,4.62,2.8200000000000003,MF,Unknown,0,MF
7281083540,3,2025,29,25,2295,25.5,0.16,0.39,0.55,0.16,0.0,0.0,0.24,0.0,0.1,0.1,0.3,0.4,1.1,7.84,3.69,0.16,0.39,0.55,0.16,0.55,0.1,0.3,0.4,0.1,0.4,25.5,52.5,21.1,20.4,9.45,67.9,23.4,23.3,17.5,77.3,90.3,87.5,54.2,1054.9,378.6,52.5,21.1,20.4,9.45,67.9,23.4,23.3,17.5,77.3,90.3,87.5,54.2,52.5,21.1,20.4,9.45,67.9,23.4,23.3,17.5,77.3,90.3,87.5,54.2,52.5,21.1,20.4,9.45,67.9,23.4,23.3,17.5,77.3,90.3,87.5,54.2,0.39,0.31,0.09,2.9,7.57,1.92,0.63,0.16,2.12,0.71,33.3,2.12,0.71,0.07,0.22,23.7,0.27,0.0,0.0,0.05,0.06,0.06,79.8,2.51,13.9,40.6,25.7,1.53,79.8,0.31,53.3,0.27,46.7,41.2,0.2,1.41,1.02,51.4,2.67,1.02,1.45,2.67,1.02,63.4,0.59,1.02,0.75,1.33,4.0,1.65,0.12,5.22,5.22,0.04,0.0,0.0,0.0,0.08,0.0,0.67,0.67,0.04,0.0,0.0,0.0,0.08,0.0,0.0,1.69,1.18,0.04,8.94,1.33,1.45,0.0,0.08,0.0,4.55,0.82,45.7,,,,,,,,,,,,,,,,,,,,,,,,,,,,,Sebastian Berhalter,MF,Vancouver W'caps,24-201,Sebastian Berhalter,Standard,2025,Sebastian Berhalter,2025.0,385000.0,385000.0,0.006274509803921568,0.015294117647058824,0.00392156862745098,0.06,8.94,4.0,MF,Standard,0,MF
3272311065,3,2025,15,15,1298,14.4,0.28,0.21,0.49,0.21,0.07,0.07,0.35,0.0,0.26,0.2,0.26,0.47,3.89,4.31,8.54,0.28,0.21,0.49,0.21,0.42,0.26,0.27,0.52,0.2,0.47,14.4,27.4,12.7,10.6,3.33,37.7,15.1,13.1,7.01,72.7,83.9,81.4,47.5,494.7,133.5,27.4,12.7,10.6,3.33,37.7,15.1,13.1,7.01,72.7,83.9,81.4,47.5,27.4,12.7,10.6,3.33,37.7,15.1,13.1,7.01,72.7,83.9,81.4,47.5,27.4,12.7,10.6,3.33,37.7,15.1,13.1,7.01,72.7,83.9,81.4,47.5,0.21,0.24,-0.06,1.74,2.01,2.36,0.56,0.28,3.26,1.04,31.9,3.26,1.04,0.06,0.2,20.8,0.14,0.07,0.07,0.06,0.02,0.01,51.0,1.32,6.11,18.1,27.8,4.31,50.9,2.36,44.7,2.92,55.3,34.7,2.36,2.36,1.6,37.8,0.76,0.21,0.49,0.76,0.21,42.9,0.28,0.49,0.42,0.14,0.9,0.49,0.07,4.03,4.02,0.49,0.0,0.14,0.0,0.0,0.0,0.42,0.42,0.49,0.0,0.14,0.0,0.0,0.0,0.0,1.25,1.25,0.35,4.93,0.14,0.49,0.0,0.0,0.0,3.06,0.28,57.1,,,,,,,,,,,,,,,,,,,,,,,,,,,,,Federico Bernardeschi,"FW,MF",Toronto FC,31-291,Federico Bernardeschi,Designated Player,2026,,,,,0.019444444444444445,0.014583333333333332,0.018055555555555557,0.020000000000000018,8.2,0.9,MF,DP,0,MF
7000981476,2,2025,26,24,2006,22.3,0.45,0.49,0.94,0.45,0.0,0.0,0.18,0.0,0.3,0.3,0.48,0.78,1.75,4.75,5.65,0.45,0.49,0.94,0.45,0.94,0.29,0.48,0.78,0.29,0.78,22.3,24.8,12.0,9.24,2.87,33.7,14.4,11.3,5.78,73.5,83.5,81.7,49.6,425.7,134.7,24.8,12.0,9.24,2.87,33.7,14.4,11.3,5.78,73.5,83.5,81.7,49.6,24.8,12.0,9.24,2.87,33.7,14.4,11.3,5.78,73.5,83.5,81.7,49.6,24.8,12.0,9.24,2.87,33.7,14.4,11.3,5.78,73.5,83.5,81.7,49.6,0.49,0.3,0.01,2.15,3.23,1.17,0.18,0.45,2.47,1.03,41.8,2.47,1.03,0.18,0.43,17.0,0.18,0.0,0.0,0.12,0.15,0.15,43.1,0.36,3.9,17.9,21.7,2.91,43.1,0.85,33.9,1.57,62.5,26.0,0.45,1.7,1.79,30.9,0.81,0.36,0.67,0.81,0.36,36.4,0.63,0.58,0.58,0.72,1.52,0.4,0.04,3.9,3.9,0.13,0.04,0.0,0.0,0.04,0.0,0.63,0.63,0.13,0.04,0.0,0.0,0.04,0.0,0.0,1.21,0.63,0.04,3.54,0.72,0.67,0.0,0.0,0.0,2.69,0.27,22.2,,,,,,,,,,,,,,,,,,,,,,,,,,,,,Pep Biel,"MF,FW",Charlotte,29-090,Pep Biel,TAM Player,August 2025,Pep Biel,2025.0,1300000.0,1540563.0,0.020179372197309416,0.021973094170403586,0.013452914798206277,0.15000000000000002,6.5,1.53,MF,TAM,0,MF
8658424478,3,2025,34,13,1329,14.8,0.2,0.07,0.27,0.2,0.0,0.0,0.27,0.0,0.31,0.31,0.18,0.49,3.31,2.97,7.5,0.2,0.07,0.27,0.2,0.27,0.32,0.17,0.49,0.32,0.49,14.8,25.0,12.5,8.85,2.5,32.7,14.0,11.6,4.26,76.4,89.4,76.6,58.7,410.0,95.7,25.0,12.5,8.85,2.5,32.7,14.0,11.6,4.26,76.4,89.4,76.6,58.7,25.0,12.5,8.85,2.5,32.7,14.0,11.6,4.26,76.4,89.4,76.6,58.7,25.0,12.5,8.85,2.5,32.7,14.0,11.6,4.26,76.4,89.4,76.6,58.7,0.07,0.14,-0.11,1.35,1.08,1.22,0.47,0.2,2.77,1.15,41.5,2.78,1.15,0.07,0.18,17.8,0.0,0.0,0.0,0.11,-0.11,-0.11,47.1,1.35,6.15,18.4,23.1,4.32,47.1,1.08,39.0,1.55,56.1,29.3,0.88,2.97,2.57,33.2,1.15,0.54,0.81,1.15,0.54,50.0,0.54,1.42,1.35,0.61,1.76,0.68,0.0,3.24,3.26,0.07,0.0,0.27,0.0,0.07,0.0,0.14,0.14,0.07,0.0,0.27,0.0,0.07,0.0,0.0,1.49,2.16,0.34,3.45,0.61,0.81,0.0,0.0,0.0,4.32,0.41,23.1,,,,,,,,,,,,,,,,,,,,,,,,,,,,,Ousseni Bouda,"FW,MF",SJ Earthquakes,25-220,Ousseni Bouda,Standard,2025,Ousseni Bouda,2025.0,150000.0,152500.0,0.013513513513513514,0.00472972972972973,0.020945945945945944,-0.10999999999999999,6.28,1.7599999999999998,MF,Standard,0,MF
240760551,3,2025,5,1,161,1.8,0.0,0.56,0.56,0.0,0.0,0.0,0.0,0.0,0.0,0.0,0.33,0.33,0.56,2.78,6.67,0.0,0.56,0.56,0.0,0.56,0.0,0.34,0.34,0.0,0.34,1.8,26.7,14.4,8.89,2.22,33.3,16.7,10.0,3.33,80.0,86.7,88.9,66.7,403.9,61.7,26.7,14.4,8.89,2.22,33.3,16.7,10.0,3.33,80.0,86.7,88.9,66.7,26.7,14.4,8.89,2.22,33.3,16.7,10.0,3.33,80.0,86.7,88.9,66.7,26.7,14.4,8.89,2.22,33.3,16.7,10.0,3.33,80.0,86.7,88.9,66.7,0.56,0.22,0.22,2.22,0.56,0.0,0.0,0.0,0.0,0.0,,0.0,0.0,,,,0.0,0.0,0.0,,0.0,0.0,41.1,0.0,5.0,17.2,18.9,1.67,41.1,1.11,33.3,2.22,66.7,31.1,0.56,1.67,3.89,38.3,0.56,0.56,0.56,0.56,0.56,100.0,0.0,0.0,0.0,0.56,1.11,0.0,0.0,3.33,3.35,0.0,0.0,1.11,0.0,0.0,0.0,0.56,0.56,0.0,0.0,1.11,0.0,0.0,0.0,0.0,1.67,2.22,0.0,2.78,0.56,0.56,0.0,0.0,0.0,1.67,0.0,,,,,,,,,,,,,,,,,,,,,,,,,,,,,,Tyler Boyd,MF,Nashville SC,30-339,Tyler Boyd,TAM Player,2026,Tyler Boyd,2025.0,1100000.0,1105000.0,0.0,0.3111111111111111,0.0,0.0,3.34,1.12,MF,TAM,0,MF
1916781257,3,2025,14,6,530,5.9,0.0,0.17,0.17,0.0,0.0,0.0,0.17,0.0,0.1,0.1,0.29,0.41,4.41,2.54,12.4,0.0,0.17,0.17,0.0,0.17,0.11,0.29,0.4,0.11,0.4,5.9,20.5,10.0,8.81,0.85,27.1,12.2,10.3,1.69,75.6,81.9,85.2,50.0,320.7,73.2,20.5,10.0,8.81,0.85,27.1,12.2,10.3,1.69,75.6,81.9,85.2,50.0,20.5,10.0,8.81,0.85,27.1,12.2,10.3,1.69,75.6,81.9,85.2,50.0,20.5,10.0,8.81,0.85,27.1,12.2,10.3,1.69,75.6,81.9,85.2,50.0,0.17,0.2,-0.12,0.85,1.19,0.85,0.51,0.0,0.85,0.17,20.0,0.85,0.17,0.0,0.0,14.0,0.0,0.0,0.0,0.13,-0.1,-0.1,37.1,0.34,5.42,12.2,20.3,4.58,37.1,1.36,34.8,2.2,56.5,26.6,2.03,2.03,1.86,27.3,0.68,0.34,0.68,0.68,0.34,66.7,0.17,0.34,0.34,0.0,0.68,0.51,0.0,2.37,2.37,0.34,0.0,0.34,0.17,0.0,0.0,0.17,0.17,0.34,0.0,0.34,0.17,0.0,0.0,0.0,1.69,2.03,0.34,3.39,0.0,0.68,0.17,0.0,0.0,4.58,0.68,57.1,,,,,,,,,,,,,,,,,,,,,,,,,,,,,Luke Brennan,"FW,MF",Atlanta Utd,20-283,Luke Brennan,Homegrown,2027,Luke Brennan,2025.0,104000.0,104000.0,0.0,0.0288135593220339,0.01694915254237288,-0.1,6.95,0.68,MF,HG,0,MF
567459195,2,2025,6,6,516,5.7,0.7,0.18,0.88,0.7,0.0,0.0,0.18,0.0,0.7,0.7,0.18,0.89,1.93,4.21,7.72,0.7,0.17,0.87,0.7,0.87,0.7,0.18,0.88,0.7,0.88,5.7,28.6,15.3,11.1,1.58,33.2,16.8,12.6,2.46,86.2,90.6,87.5,64.3,445.4,110.0,28.6,15.3,11.1,1.58,33.2,16.8,12.6,2.46,86.2,90.6,87.5,64.3,28.6,15.3,11.1,1.58,33.2,16.8,12.6,2.46,86.2,90.6,87.5,64.3,28.6,15.3,11.1,1.58,33.2,16.8,12.6,2.46,86.2,90.6,87.5,64.3,0.18,0.14,0.0,1.4,3.86,1.05,0.18,0.7,3.16,1.58,50.0,3.14,1.57,0.22,0.44,16.6,0.0,0.0,0.0,0.22,0.0,0.0,43.0,0.18,3.33,22.1,18.4,3.51,43.0,1.05,54.5,0.88,45.5,27.2,0.35,2.11,1.23,35.6,0.88,0.7,0.53,0.88,0.7,80.0,0.18,0.53,0.53,0.18,1.05,0.18,0.0,3.33,3.31,0.18,0.18,0.0,0.0,0.0,0.0,0.7,0.7,0.18,0.18,0.0,0.0,0.0,0.0,0.0,0.35,2.46,0.18,0.35,0.18,0.53,0.0,0.0,0.0,3.16,0.18,33.3,,,,,,,,,,,,,,,,,,,,,,,,,,,,,Brenner,"FW,MF",FC Cincinnati,25-322,,,,,,,,0.12280701754385964,0.031578947368421054,0.12280701754385964,0.0,6.14,1.06,MF,Unknown,0,MF
2850601094,1,2025,27,16,1352,15.0,0.07,0.0,0.07,0.07,0.0,0.0,0.33,0.0,0.01,0.01,0.01,0.03,0.8,4.33,1.8,0.07,0.0,0.07,0.07,0.07,0.02,0.02,0.03,0.02,0.03,15.0,47.0,23.3,19.5,2.47,53.2,26.0,21.3,3.13,88.3,89.7,91.6,78.7,737.9,166.6,47.0,23.3,19.5,2.47,53.2,26.0,21.3,3.13,88.3,89.7,91.6,78.7,47.0,23.3,19.5,2.47,53.2,26.0,21.3,3.13,88.3,89.7,91.6,78.7,47.0,23.3,19.5,2.47,53.2,26.0,21.3,3.13,88.3,89.7,91.6,78.7,0.0,0.06,-0.01,0.47,3.53,0.67,0.07,0.07,0.4,0.13,33.3,0.4,0.13,0.17,0.5,22.6,0.0,0.0,0.0,0.04,0.05,0.05,66.9,2.8,15.5,38.0,14.3,0.67,66.9,0.87,41.9,0.93,45.2,36.8,0.2,1.73,0.67,44.1,3.8,1.4,2.4,3.8,1.4,48.8,1.47,2.13,1.73,1.27,5.07,2.13,0.13,1.27,1.26,0.0,0.0,0.13,0.0,0.0,0.0,0.33,0.33,0.0,0.0,0.13,0.0,0.0,0.0,0.0,1.93,2.13,0.0,0.13,1.27,2.4,0.0,0.0,0.0,6.2,0.8,37.5,,,,,,,,,,,,,,,,,,,,,,,,,,,,,Yannick Bright,MF,Inter Miami,24-092,Yannick Bright,Standard,2025,Yannick Bright,2025.0,80622.0,83647.0,0.004666666666666667,0.0,0.0006666666666666666,0.060000000000000005,5.13,5.07,MF,Standard,0,MF
3161506294,1,2025,31,28,2325,25.8,0.08,0.12,0.19,0.08,0.0,0.0,0.39,0.0,0.1,0.1,0.06,0.16,1.4,4.3,2.64,0.08,0.12,0.19,0.08,0.19,0.1,0.06,0.16,0.1,0.16,25.8,27.9,13.1,11.9,2.25,34.3,15.3,14.1,3.26,81.4,85.5,84.3,69.0,465.5,115.7,27.9,13.1,11.9,2.25,34.3,15.3,14.1,3.26,81.4,85.5,84.3,69.0,27.9,13.1,11.9,2.25,34.3,15.3,14.1,3.26,81.4,85.5,84.3,69.0,27.9,13.1,11.9,2.25,34.3,15.3,14.1,3.26,81.4,85.5,84.3,69.0,0.12,0.1,0.06,0.39,3.22,0.62,0.23,0.08,0.7,0.16,22.2,0.7,0.15,0.11,0.5,15.5,0.0,0.0,0.0,0.16,-0.03,-0.03,42.7,2.05,10.1,22.4,10.6,1.67,42.7,0.47,46.2,0.5,50.0,23.2,0.19,0.97,0.58,27.1,1.55,0.62,1.12,1.55,0.62,48.5,0.66,1.12,0.66,1.16,2.71,1.47,0.0,1.67,1.67,0.08,0.08,0.08,0.08,0.08,0.0,0.35,0.35,0.08,0.08,0.08,0.08,0.08,0.0,0.0,1.98,0.39,0.12,0.62,1.16,1.12,0.04,0.0,0.0,2.98,0.58,44.1,,,,,,,,,,,,,,,,,,,,,,,,,,,,,Brandt Bronico,MF,Charlotte,30-167,Brandt Bronico,Standard,2025,Brandt Bronico,2025.0,350000.0,389000.0,0.0031007751937984496,0.004651162790697674,0.003875968992248062,-0.020000000000000004,5.699999999999999,2.71,MF,Standard,0,MF
5238235278,2,2025,24,14,1278,14.2,0.0,0.07,0.07,0.0,0.0,0.0,0.14,0.0,0.09,0.09,0.27,0.36,0.7,9.23,2.18,0.0,0.07,0.07,0.0,0.07,0.09,0.27,0.36,0.09,0.36,14.2,58.3,26.3,25.0,6.27,68.9,29.3,28.3,8.94,84.6,89.7,88.3,70.1,1053.1,402.7,58.3,26.3,25.0,6.27,68.9,29.3,28.3,8.94,84.6,89.7,88.3,70.1,58.3,26.3,25.0,6.27,68.9,29.3,28.3,8.94,84.6,89.7,88.3,70.1,58.3,26.3,25.0,6.27,68.9,29.3,28.3,8.94,84.6,89.7,88.3,70.1,0.07,0.25,-0.2,1.9,7.61,2.25,0.28,0.0,1.06,0.21,20.0,1.06,0.21,0.0,0.0,21.9,0.07,0.0,0.0,0.09,-0.09,-0.09,79.9,2.04,16.6,50.9,12.9,0.63,79.9,0.63,42.9,0.85,57.1,45.6,0.07,0.92,0.42,58.9,2.61,1.48,1.48,2.61,1.48,47.7,1.62,1.41,1.06,1.55,4.15,1.41,0.07,3.94,3.94,0.14,0.0,0.07,0.0,0.21,0.0,0.28,0.28,0.14,0.0,0.07,0.0,0.21,0.0,0.0,1.97,1.27,0.0,0.85,1.55,1.48,0.0,0.0,0.0,5.28,0.56,88.9,,,,,,,,,,,,,,,,,,,,,,,,,,,,,Gastón Brugman,MF,Nashville SC,33-088,Gastón Brugman,TAM Player,2025,Gastón Brugman,2025.0,1200000.0,1409000.0,0.0,0.004929577464788733,0.006338028169014085,-0.09,9.93,4.16,MF,TAM,0,MF
1592448061,1,2025,6,3,293,3.3,0.61,0.0,0.61,0.61,0.0,0.0,0.0,0.0,0.42,0.42,0.03,0.48,2.12,2.73,3.64,0.61,0.0,0.61,0.61,0.61,0.44,0.04,0.48,0.44,0.48,3.3,40.3,26.1,10.3,1.82,45.8,27.6,10.9,3.03,88.1,94.5,94.4,60.0,549.4,120.3,40.3,26.1,10.3,1.82,45.8,27.6,10.9,3.03,88.1,94.5,94.4,60.0,40.3,26.1,10.3,1.82,45.8,27.6,10.9,3.03,88.1,94.5,94.4,60.0,40.3,26.1,10.3,1.82,45.8,27.6,10.9,3.03,88.1,94.5,94.4,60.0,0.0,0.06,-0.03,0.91,2.73,0.91,0.0,0.61,1.52,0.61,40.0,1.54,0.61,0.4,1.0,14.2,0.0,0.0,0.0,0.29,0.18,0.18,60.0,0.91,13.0,32.4,14.8,1.82,60.0,0.91,30.0,1.82,60.0,38.2,0.3,2.42,0.0,39.1,2.73,1.21,1.82,2.73,1.21,66.7,0.61,1.21,1.21,1.52,4.24,0.91,0.61,3.64,3.69,0.3,0.0,0.3,0.0,0.0,0.0,0.0,0.0,0.3,0.0,0.3,0.0,0.0,0.0,0.0,0.91,2.12,0.0,0.61,1.52,1.82,0.0,0.0,0.0,5.45,0.0,,,,,,,,,,,,,,,,,,,,,,,,,,,,,,Snyder Brunell,"MF,FW",Seattle Sounders,18-256,,,,Snyder Brunell,2025.0,80622.0,90648.0,0.18484848484848485,0.0,0.1272727272727273,0.19,4.85,4.25,MF,Unknown,0,MF
9000689640,1,2025,21,18,1335,14.8,0.14,0.07,0.2,0.14,0.0,0.0,0.0,0.0,0.37,0.37,0.03,0.41,1.55,0.95,3.11,0.13,0.07,0.2,0.13,0.2,0.37,0.03,0.4,0.37,0.4,14.8,7.97,4.12,2.91,0.27,12.3,6.01,4.53,0.41,64.8,68.5,64.2,66.7,112.0,21.6,7.97,4.12,2.91,0.27,12.3,6.01,4.53,0.41,64.8,68.5,64.2,66.7,7.97,4.12,2.91,0.27,12.3,6.01,4.53,0.41,64.8,68.5,64.2,66.7,7.97,4.12,2.91,0.27,12.3,6.01,4.53,0.41,64.8,68.5,64.2,66.7,0.07,0.02,0.03,0.41,0.34,0.2,0.0,0.14,2.09,0.54,25.8,2.09,0.54,0.06,0.25,12.9,0.0,0.0,0.0,0.18,-0.24,-0.24,22.2,0.54,2.3,9.46,11.1,3.11,22.2,0.81,32.4,1.55,62.2,15.5,0.95,3.38,1.22,16.9,0.88,0.34,0.74,0.88,0.34,62.5,0.2,0.34,0.27,0.14,1.01,0.34,0.0,1.55,1.55,0.07,0.0,0.47,0.0,0.14,0.0,0.14,0.13,0.07,0.0,0.47,0.0,0.14,0.0,0.0,1.69,1.82,0.27,0.07,0.14,0.74,0.0,0.0,0.0,2.36,0.81,26.7,,,,,,,,,,,,,,,,,,,,,,,,,,,,,Ola Brynhildsen,"FW,MF",Toronto FC,26-221,Ola Brynhildsen,TAM Player,2025,,,,,0.00945945945945946,0.00472972972972973,0.024999999999999998,-0.22999999999999998,2.5,1.02,MF,TAM,0,MF
7761347038,1,2025,33,32,2883,32.0,0.09,0.09,0.19,0.09,0.0,0.0,0.09,0.0,0.08,0.08,0.11,0.18,0.94,5.28,2.53,0.09,0.09,0.19,0.09,0.19,0.08,0.11,0.18,0.08,0.18,32.0,42.7,22.8,16.6,1.94,48.9,25.4,18.3,2.41,87.2,89.9,90.8,80.5,641.9,171.8,42.7,22.8,16.6,1.94,48.9,25.4,18.3,2.41,87.2,89.9,90.8,80.5,42.7,22.8,16.6,1.94,48.9,25.4,18.3,2.41,87.2,89.9,90.8,80.5,42.7,22.8,16.6,1.94,48.9,25.4,18.3,2.41,87.2,89.9,90.8,80.5,0.09,0.11,-0.01,1.69,4.25,0.97,0.06,0.09,0.78,0.25,32.0,0.78,0.25,0.12,0.38,19.8,0.0,0.0,0.0,0.1,0.02,0.02,57.8,1.81,11.4,32.6,14.4,1.63,57.8,0.78,51.0,0.75,49.0,32.8,0.19,1.16,1.06,40.4,1.53,0.78,0.88,1.53,0.78,55.6,0.63,0.94,0.81,0.72,2.25,1.16,0.06,3.03,3.03,0.06,0.03,0.09,0.0,0.06,0.0,0.28,0.28,0.06,0.03,0.09,0.0,0.06,0.0,0.0,0.97,0.69,0.03,0.38,0.72,0.88,0.0,0.0,0.0,6.38,0.31,43.5,,,,,,,,,,,,,,,,,,,,,,,,,,,,,Pavel Bucha,MF,FC Cincinnati,27-268,Pavel Bucha,TAM Player,2026,Pavel Bucha,2025.0,474996.0,523778.0,0.0028125,0.0028125,0.0025,0.009999999999999995,6.220000000000001,2.25,MF,TAM,0,MF
6663823350,1,2025,33,27,2318,25.8,0.12,0.12,0.23,0.12,0.0,0.0,0.08,0.0,0.14,0.14,0.19,0.32,4.07,2.91,9.34,0.12,0.12,0.23,0.12,0.23,0.13,0.19,0.32,0.13,0.32,25.8,20.5,11.6,7.17,1.12,27.6,13.6,9.38,2.33,74.2,85.7,76.4,48.3,310.4,69.4,20.5,11.6,7.17,1.12,27.6,13.6,9.38,2.33,74.2,85.7,76.4,48.3,20.5,11.6,7.17,1.12,27.6,13.6,9.38,2.33,74.2,85.7,76.4,48.3,20.5,11.6,7.17,1.12,27.6,13.6,9.38,2.33,74.2,85.7,76.4,48.3,0.12,0.17,-0.07,1.43,0.78,1.32,0.31,0.12,1.63,0.81,50.0,1.63,0.82,0.07,0.14,17.2,0.0,0.0,0.0,0.08,-0.02,-0.02,38.2,0.27,4.73,11.6,22.4,4.65,38.2,1.55,43.5,1.86,52.2,24.3,1.94,2.13,1.28,26.6,1.28,0.5,0.66,1.28,0.5,38.2,0.81,0.93,0.93,0.54,1.82,0.62,0.0,3.57,3.57,0.43,0.04,0.16,0.0,0.04,0.0,0.27,0.27,0.43,0.04,0.16,0.0,0.04,0.0,0.0,1.47,0.78,0.54,2.87,0.54,0.66,0.04,0.0,0.0,3.37,0.62,42.1,,,,,,,,,,,,,,,,,,,,,,,,,,,,,Osman Bukari,"FW,MF",Austin,26-356,Osman Bukari,Designated Player,2027,Osman Bukari,2025.0,1500000.0,1500000.0,0.004651162790697674,0.004651162790697674,0.005426356589147288,-0.020000000000000018,6.98,1.82,MF,DP,0,MF
6687934294,2,2025,21,1,211,2.3,0.0,0.0,0.0,0.0,0.0,0.0,0.0,0.0,0.78,0.78,0.0,0.78,0.43,0.43,8.26,0.0,0.0,0.0,0.0,0.0,0.77,0.01,0.77,0.77,0.77,2.3,22.2,16.5,3.91,0.0,30.4,18.7,6.96,0.87,72.9,88.4,56.3,0.0,242.2,30.4,22.2,16.5,3.91,0.0,30.4,18.7,6.96,0.87,72.9,88.4,56.3,0.0,22.2,16.5,3.91,0.0,30.4,18.7,6.96,0.87,72.9,88.4,56.3,0.0,22.2,16.5,3.91,0.0,30.4,18.7,6.96,0.87,72.9,88.4,56.3,0.0,0.0,0.04,0.0,0.43,0.43,0.0,0.0,0.0,4.35,1.3,30.0,4.27,1.28,0.0,0.0,10.7,0.0,0.0,0.0,0.18,-0.78,-0.78,51.7,1.3,4.35,23.0,24.3,9.13,51.7,0.87,100.0,0.0,0.0,28.7,0.43,9.13,4.35,40.4,0.87,0.43,0.43,0.87,0.43,25.0,1.3,1.74,1.3,0.43,1.3,0.43,0.0,0.87,0.86,0.0,0.0,0.0,0.0,0.0,0.0,0.0,0.0,0.0,0.0,0.0,0.0,0.0,0.0,0.0,3.04,3.91,1.74,0.0,0.43,0.43,0.0,0.0,0.0,3.04,3.04,35.0,,,,,,,,,,,,,,,,,,,,,,,,,,,,,Teal Bunbury,"FW,MF",Nashville SC,35-280,Teal Bunbury,Standard,2025,Teal Bunbury,2025.0,250000.0,285000.0,0.0,0.0,0.33913043478260874,-0.78,0.86,1.3,MF,Standard,0,MF
6409480794,3,2025,33,32,2867,31.9,0.0,0.25,0.25,0.0,0.0,0.0,0.16,0.0,0.01,0.01,0.2,0.21,0.6,7.52,0.94,0.0,0.25,0.25,0.0,0.25,0.01,0.2,0.21,0.01,0.21,31.9,62.5,27.1,27.9,6.05,69.3,28.9,30.1,7.62,90.1,93.9,92.8,79.4,1104.9,435.5,62.5,27.1,27.9,6.05,69.3,28.9,30.1,7.62,90.1,93.9,92.8,79.4,62.5,27.1,27.9,6.05,69.3,28.9,30.1,7.62,90.1,93.9,92.8,79.4,62.5,27.1,27.9,6.05,69.3,28.9,30.1,7.62,90.1,93.9,92.8,79.4,0.25,0.15,0.05,1.19,7.46,0.69,0.0,0.0,0.09,0.03,33.3,0.09,0.03,0.0,0.0,8.7,0.0,0.0,0.0,0.1,-0.01,-0.01,78.2,2.6,20.6,47.6,10.4,0.44,78.2,0.25,44.4,0.22,38.9,43.3,0.0,0.66,0.38,57.0,2.54,1.63,1.69,2.54,1.63,65.0,0.88,1.25,0.97,1.13,3.67,0.91,0.06,2.82,2.83,0.0,0.0,0.13,0.0,0.09,0.0,0.47,0.47,0.0,0.0,0.13,0.0,0.09,0.0,0.0,0.82,1.47,0.0,0.0,1.13,1.69,0.0,0.03,0.0,5.39,0.94,52.6,,,,,,,,,,,,,,,,,,,,,,,,,,,,,Sergio Busquets,MF,Inter Miami,37-141,Sergio Busquets,Designated Player,2025,Sergio Busquets,2025.0,8499996.0,8774996.0,0.0,0.007836990595611286,0.00031347962382445143,-0.01,8.12,3.67,MF,DP,0,MF
5930479533,1,2025,18,10,767,8.5,0.0,0.0,0.0,0.0,0.0,0.0,0.47,0.0,0.16,0.16,0.02,0.18,1.41,1.18,6.82,0.0,0.0,0.0,0.0,0.0,0.16,0.02,0.18,0.16,0.18,8.5,13.4,6.94,4.94,0.82,19.1,8.47,7.29,1.41,70.4,81.9,67.7,58.3,215.6,49.2,13.4,6.94,4.94,0.82,19.1,8.47,7.29,1.41,70.4,81.9,67.7,58.3,13.4,6.94,4.94,0.82,19.1,8.47,7.29,1.41,70.4,81.9,67.7,58.3,13.4,6.94,4.94,0.82,19.1,8.47,7.29,1.41,70.4,81.9,67.7,58.3,0.0,0.04,-0.02,0.59,1.18,0.12,0.12,0.0,1.53,0.35,23.1,1.53,0.35,0.0,0.0,14.5,0.0,0.0,0.0,0.11,-0.16,-0.16,29.4,0.82,3.65,11.1,15.2,3.53,29.4,0.12,14.3,0.59,71.4,16.6,0.59,1.88,1.41,19.1,1.88,0.94,1.18,1.88,0.94,50.0,0.94,1.65,1.41,0.59,2.47,0.71,0.0,1.18,1.17,0.0,0.0,0.12,0.0,0.24,0.0,0.0,0.0,0.0,0.0,0.12,0.0,0.24,0.0,0.0,1.65,1.88,0.12,1.88,0.59,1.18,0.0,0.0,0.0,2.24,0.35,16.7,,,,,,,,,,,,,,,,,,,,,,,,,,,,,Kevin Cabral,"FW,MF",Colorado Rapids,26-147,,,,,,,,0.0,0.0,0.018823529411764708,-0.16,2.59,2.4699999999999998,MF,Unknown,0,MF
4107712441,1,2025,6,2,180,2.0,0.5,0.0,0.5,0.5,0.0,0.0,0.0,0.0,0.3,0.3,0.1,0.4,4.0,7.5,14.5,0.5,0.0,0.5,0.5,0.5,0.32,0.08,0.4,0.32,0.4,2.0,52.0,25.5,21.5,4.0,60.5,28.0,24.0,5.5,86.0,91.1,89.6,72.7,849.0,203.5,52.0,25.5,21.5,4.0,60.5,28.0,24.0,5.5,86.0,91.1,89.6,72.7,52.0,25.5,21.5,4.0,60.5,28.0,24.0,5.5,86.0,91.1,89.6,72.7,52.0,25.5,21.5,4.0,60.5,28.0,24.0,5.5,86.0,91.1,89.6,72.7,0.0,0.15,-0.1,1.5,3.0,2.0,0.5,0.5,2.0,0.5,25.0,2.0,0.5,0.25,1.0,10.6,0.0,0.0,0.0,0.16,0.2,0.2,75.5,1.5,7.0,21.0,49.5,4.5,75.5,1.0,33.3,1.5,50.0,45.5,0.5,2.5,0.5,55.5,3.0,1.0,2.0,3.0,1.0,50.0,1.0,1.0,1.0,0.5,3.5,2.0,0.0,6.5,6.5,0.5,0.5,0.0,0.0,0.0,0.0,0.5,0.5,0.5,0.5,0.0,0.0,0.0,0.0,0.0,0.5,2.0,0.0,3.0,0.5,2.0,0.0,0.0,0.0,4.5,0.5,33.3,,,,,,,,,,,,,,,,,,,,,,,,,,,,,Kenji Cabrera,"MF,FW",Vancouver W'caps,22-311,,,,Kenji Cabrera,2025.0,350000.0,390053.0,0.25,0.0,0.15,0.2,11.5,3.5,MF,Unknown,0,MF
3833473829,1,2025,11,9,819,9.1,0.11,0.22,0.33,0.11,0.0,0.0,0.22,0.0,0.11,0.11,0.11,0.23,0.66,4.18,2.2,0.11,0.22,0.33,0.11,0.33,0.11,0.11,0.23,0.11,0.23,9.1,29.0,14.7,11.0,2.42,35.6,16.7,12.6,4.18,81.5,88.2,87.0,57.9,477.4,158.9,29.0,14.7,11.0,2.42,35.6,16.7,12.6,4.18,81.5,88.2,87.0,57.9,29.0,14.7,11.0,2.42,35.6,16.7,12.6,4.18,81.5,88.2,87.0,57.9,29.0,14.7,11.0,2.42,35.6,16.7,12.6,4.18,81.5,88.2,87.0,57.9,0.22,0.09,0.11,0.99,3.96,1.1,0.44,0.11,0.55,0.22,40.0,0.55,0.22,0.2,0.5,13.5,0.0,0.0,0.0,0.21,0.0,0.0,44.4,2.53,9.45,24.2,11.8,1.65,44.4,0.44,33.3,0.77,58.3,22.9,0.11,1.1,0.44,28.5,1.43,0.66,0.99,1.43,0.66,40.0,0.99,1.76,0.77,0.44,1.87,1.98,0.0,1.65,1.65,0.0,0.0,0.0,0.0,0.0,0.0,0.11,0.11,0.0,0.0,0.0,0.0,0.0,0.0,0.0,0.99,0.77,0.0,1.32,0.44,0.99,0.0,0.0,0.0,4.29,1.43,61.9,,,,,,,,,,,,,,,,,,,,,,,,,,,,,Christian Cappis,MF,FC Dallas,26-113,,,,Christian Cappis,2025.0,242000.0,242000.0,0.012087912087912088,0.024175824175824177,0.012087912087912088,0.0,4.84,1.8699999999999999,MF,Unknown,0,MF
7313951480,1,2025,5,0,17,0.2,0.0,0.0,0.0,0.0,0.0,0.0,0.0,0.0,0.5,0.5,1.0,2.0,10.0,15.0,10.0,0.0,0.0,0.0,0.0,0.0,0.73,1.23,1.95,0.73,1.95,0.2,85.0,40.0,40.0,5.0,105.0,45.0,45.0,15.0,81.0,88.9,88.9,33.3,1395.0,450.0,85.0,40.0,40.0,5.0,105.0,45.0,45.0,15.0,81.0,88.9,88.9,33.3,85.0,40.0,40.0,5.0,105.0,45.0,45.0,15.0,81.0,88.9,88.9,33.3,85.0,40.0,40.0,5.0,105.0,45.0,45.0,15.0,81.0,88.9,88.9,33.3,0.0,1.0,-1.0,10.0,5.0,5.0,0.0,0.0,5.0,0.0,0.0,5.29,0.0,0.0,,5.8,0.0,0.0,0.0,0.14,-0.5,-0.5,130.0,0.0,30.0,30.0,75.0,5.0,130.0,0.0,0.0,5.0,100.0,85.0,0.0,0.0,0.0,105.0,5.0,0.0,0.0,5.0,0.0,,0.0,5.0,0.0,0.0,5.0,0.0,0.0,15.0,15.88,0.0,0.0,0.0,0.0,0.0,0.0,0.0,0.0,0.0,0.0,0.0,0.0,0.0,0.0,0.0,5.0,15.0,0.0,15.0,0.0,0.0,0.0,0.0,0.0,20.0,5.0,100.0,,,,,,,,,,,,,,,,,,,,,,,,,,,,,Gustavo Caraballo,"MF,FW",Orlando City,17-097,,,,Gustavo Caraballo,2025.0,80622.0,86997.0,0.0,0.0,2.5,-0.5,25.0,5.0,MF,Unknown,-1,MF
9138535789,1,2025,16,10,941,10.5,0.0,0.1,0.1,0.0,0.0,0.0,0.29,0.1,0.07,0.07,0.1,0.16,1.43,7.81,2.48,0.0,0.1,0.1,0.0,0.1,0.07,0.09,0.16,0.07,0.16,10.5,58.5,28.5,25.1,3.71,68.5,31.8,27.9,6.29,85.4,89.5,90.1,59.1,963.1,310.7,58.5,28.5,25.1,3.71,68.5,31.8,27.9,6.29,85.4,89.5,90.1,59.1,58.5,28.5,25.1,3.71,68.5,31.8,27.9,6.29,85.4,89.5,90.1,59.1,58.5,28.5,25.1,3.71,68.5,31.8,27.9,6.29,85.4,89.5,90.1,59.1,0.1,0.15,0.0,0.76,8.29,1.33,0.29,0.0,1.52,0.19,12.5,1.53,0.19,0.0,0.0,21.5,0.0,0.0,0.0,0.04,-0.07,-0.07,81.1,2.19,15.9,48.1,17.5,1.33,81.1,0.57,46.2,0.67,53.8,47.2,0.1,1.14,0.86,57.7,2.95,1.05,2.0,2.95,1.05,37.9,1.71,1.9,1.52,1.33,4.29,1.71,0.0,2.48,2.49,0.1,0.0,0.19,0.0,0.0,0.0,0.48,0.48,0.1,0.0,0.19,0.0,0.0,0.0,0.1,1.33,0.95,0.0,2.57,1.33,2.0,0.0,0.0,0.0,5.9,0.67,58.3,,,,,,,,,,,,,,,,,,,,,,,,,,,,,Felipe Carballo,MF,Portland Timbers,29-061,Felipe Carballo,TAM Player,June 2025,Felipe Carballo,2025.0,950000.0,988333.0,0.0,0.009523809523809525,0.006666666666666667,-0.07,9.24,4.28,MF,TAM,0,MF
9138535789,2,2025,16,10,941,10.5,0.0,0.1,0.1,0.0,0.0,0.0,0.29,0.1,0.07,0.07,0.1,0.16,1.43,7.81,2.48,0.0,0.1,0.1,0.0,0.1,0.07,0.09,0.16,0.07,0.16,10.5,58.5,28.5,25.1,3.71,68.5,31.8,27.9,6.29,85.4,89.5,90.1,59.1,963.1,310.7,58.5,28.5,25.1,3.71,68.5,31.8,27.9,6.29,85.4,89.5,90.1,59.1,58.5,28.5,25.1,3.71,68.5,31.8,27.9,6.29,85.4,89.5,90.1,59.1,58.5,28.5,25.1,3.71,68.5,31.8,27.9,6.29,85.4,89.5,90.1,59.1,0.1,0.15,0.0,0.76,8.29,1.33,0.29,0.0,1.52,0.19,12.5,1.53,0.19,0.0,0.0,21.5,0.0,0.0,0.0,0.04,-0.07,-0.07,81.1,2.19,15.9,48.1,17.5,1.33,81.1,0.57,46.2,0.67,53.8,47.2,0.1,1.14,0.86,57.7,2.95,1.05,2.0,2.95,1.05,37.9,1.71,1.9,1.52,1.33,4.29,1.71,0.0,2.48,2.49,0.1,0.0,0.19,0.0,0.0,0.0,0.48,0.48,0.1,0.0,0.19,0.0,0.0,0.0,0.1,1.33,0.95,0.0,2.57,1.33,2.0,0.0,0.0,0.0,5.9,0.67,58.3,,,,,,,,,,,,,,,,,,,,,,,,,,,,,Felipe Carballo,MF,Portland Timbers,29-061,Felipe Carballo,TAM Player,June 2025,Felipe Carballo,2025.0,950000.0,988333.0,0.0,0.009523809523809525,0.006666666666666667,-0.07,9.24,4.28,MF,TAM,0,MF
9138535789,1,2025,2,2,123,1.4,0.0,0.0,0.0,0.0,0.0,0.0,0.0,0.0,0.07,0.07,0.36,0.43,1.43,4.29,0.0,0.0,0.0,0.0,0.0,0.0,0.09,0.34,0.43,0.09,0.43,1.4,40.7,17.1,19.3,2.86,45.7,20.7,20.7,2.86,89.1,82.8,93.1,100.0,687.1,267.9,40.7,17.1,19.3,2.86,45.7,20.7,20.7,2.86,89.1,82.8,93.1,100.0,40.7,17.1,19.3,2.86,45.7,20.7,20.7,2.86,89.1,82.8,93.1,100.0,40.7,17.1,19.3,2.86,45.7,20.7,20.7,2.86,89.1,82.8,93.1,100.0,0.0,0.5,-0.36,2.14,5.0,0.71,0.71,0.0,2.14,0.71,33.3,2.2,0.73,0.0,0.0,18.9,0.0,0.0,0.0,0.04,-0.07,-0.07,57.1,3.57,14.3,35.0,8.57,2.86,57.1,0.0,0.0,0.71,100.0,32.1,0.0,0.71,0.71,37.9,1.43,1.43,0.71,1.43,1.43,40.0,2.14,2.86,1.43,1.43,2.86,1.43,0.0,3.57,3.63,0.0,0.0,0.0,0.0,0.0,0.0,0.0,0.0,0.0,0.0,0.0,0.0,0.0,0.0,0.0,0.0,0.71,0.0,0.71,1.43,0.71,0.0,0.0,0.0,4.29,0.0,,,,,,,,,,,,,,,,,,,,,,,,,,,,,,Felipe Carballo,MF,Portland Timbers,29-061,Felipe Carballo,TAM Player,June 2025,Felipe Carballo,2025.0,950000.0,988333.0,0.0,0.0,0.05000000000000001,-0.07,5.72,2.86,MF,TAM,0,MF
9138535789,2,2025,2,2,123,1.4,0.0,0.0,0.0,0.0,0.0,0.0,0.0,0.0,0.07,0.07,0.36,0.43,1.43,4.29,0.0,0.0,0.0,0.0,0.0,0.0,0.09,0.34,0.43,0.09,0.43,1.4,40.7,17.1,19.3,2.86,45.7,20.7,20.7,2.86,89.1,82.8,93.1,100.0,687.1,267.9,40.7,17.1,19.3,2.86,45.7,20.7,20.7,2.86,89.1,82.8,93.1,100.0,40.7,17.1,19.3,2.86,45.7,20.7,20.7,2.86,89.1,82.8,93.1,100.0,40.7,17.1,19.3,2.86,45.7,20.7,20.7,2.86,89.1,82.8,93.1,100.0,0.0,0.5,-0.36,2.14,5.0,0.71,0.71,0.0,2.14,0.71,33.3,2.2,0.73,0.0,0.0,18.9,0.0,0.0,0.0,0.04,-0.07,-0.07,57.1,3.57,14.3,35.0,8.57,2.86,57.1,0.0,0.0,0.71,100.0,32.1,0.0,0.71,0.71,37.9,1.43,1.43,0.71,1.43,1.43,40.0,2.14,2.86,1.43,1.43,2.86,1.43,0.0,3.57,3.63,0.0,0.0,0.0,0.0,0.0,0.0,0.0,0.0,0.0,0.0,0.0,0.0,0.0,0.0,0.0,0.0,0.71,0.0,0.71,1.43,0.71,0.0,0.0,0.0,4.29,0.0,,,,,,,,,,,,,,,,,,,,,,,,,,,,,,Felipe Carballo,MF,Portland Timbers,29-061,Felipe Carballo,TAM Player,June 2025,Felipe Carballo,2025.0,950000.0,988333.0,0.0,0.0,0.05000000000000001,-0.07,5.72,2.86,MF,TAM,0,MF
8692475078,1,2025,2,0,38,0.4,0.0,0.0,0.0,0.0,0.0,0.0,0.0,0.0,0.0,0.0,0.0,0.0,0.0,10.0,7.5,0.0,0.0,0.0,0.0,0.0,0.0,0.0,0.0,0.0,0.0,0.4,52.5,27.5,17.5,5.0,57.5,27.5,20.0,5.0,91.3,100.0,87.5,100.0,812.5,307.5,52.5,27.5,17.5,5.0,57.5,27.5,20.0,5.0,91.3,100.0,87.5,100.0,52.5,27.5,17.5,5.0,57.5,27.5,20.0,5.0,91.3,100.0,87.5,100.0,52.5,27.5,17.5,5.0,57.5,27.5,20.0,5.0,91.3,100.0,87.5,100.0,0.0,0.0,0.0,0.0,2.5,0.0,0.0,0.0,0.0,0.0,,0.0,0.0,,,,0.0,0.0,0.0,,0.0,0.0,67.5,0.0,2.5,35.0,30.0,0.0,67.5,0.0,,0.0,,52.5,0.0,0.0,5.0,57.5,0.0,0.0,0.0,0.0,0.0,,0.0,2.5,2.5,0.0,0.0,0.0,0.0,0.0,0.0,0.0,0.0,0.0,0.0,0.0,0.0,0.0,0.0,0.0,0.0,0.0,0.0,0.0,0.0,0.0,0.0,2.5,0.0,2.5,0.0,0.0,0.0,0.0,0.0,5.0,2.5,50.0,,,,,,,,,,,,,,,,,,,,,,,,,,,,,Alan Carleton,"MF,FW",Nashville SC,20-259,,,,,,,,0.0,0.0,0.0,0.0,10.0,0.0,MF,Unknown,0,MF
6682247233,3,2025,34,21,1891,21.0,0.0,0.05,0.05,0.0,0.0,0.0,0.05,0.0,0.08,0.08,0.04,0.12,1.57,2.62,6.1,0.0,0.05,0.05,0.0,0.05,0.08,0.04,0.12,0.08,0.12,21.0,25.8,14.8,8.81,1.29,32.0,16.6,10.4,2.29,80.8,88.8,84.9,56.3,383.3,70.1,25.8,14.8,8.81,1.29,32.0,16.6,10.4,2.29,80.8,88.8,84.9,56.3,25.8,14.8,8.81,1.29,32.0,16.6,10.4,2.29,80.8,88.8,84.9,56.3,25.8,14.8,8.81,1.29,32.0,16.6,10.4,2.29,80.8,88.8,84.9,56.3,0.05,0.05,0.0,0.33,1.57,0.38,0.14,0.0,1.57,0.38,24.2,1.57,0.38,0.0,0.0,22.2,0.0,0.0,0.0,0.05,-0.08,-0.08,43.1,1.0,5.05,19.0,19.3,1.86,43.1,0.76,42.1,0.9,50.0,25.3,0.52,1.48,1.14,30.1,1.9,0.76,1.19,1.9,0.76,43.2,1.0,1.95,1.86,0.62,2.52,0.76,0.05,1.48,1.48,0.05,0.0,0.24,0.05,0.0,0.0,0.24,0.24,0.05,0.0,0.24,0.05,0.0,0.0,0.0,1.19,1.57,0.14,1.52,0.62,1.19,0.0,0.0,0.0,4.48,0.76,35.6,,,,,,,,,,,,,,,,,,,,,,,,,,,,,Wikelman Carmona,"FW,MF",NY Red Bulls,22-283,Wikelman Carmona,Standard,2027,Wikelman Carmona,2025.0,495000.0,500000.0,0.0,0.002380952380952381,0.0038095238095238095,-0.08,4.19,2.52,MF,Standard,0,MF
3248997512,1,2025,5,0,89,1.0,0.0,0.0,0.0,0.0,0.0,0.0,0.0,0.0,0.1,0.1,0.0,0.1,1.0,3.0,8.0,0.0,0.0,0.0,0.0,0.0,0.1,0.04,0.15,0.1,0.15,1.0,34.0,23.0,4.0,2.0,44.0,28.0,6.0,3.0,77.3,82.1,66.7,66.7,409.0,99.0,34.0,23.0,4.0,2.0,44.0,28.0,6.0,3.0,77.3,82.1,66.7,66.7,34.0,23.0,4.0,2.0,44.0,28.0,6.0,3.0,77.3,82.1,66.7,66.7,34.0,23.0,4.0,2.0,44.0,28.0,6.0,3.0,77.3,82.1,66.7,66.7,0.0,0.1,0.0,2.0,3.0,1.0,0.0,0.0,1.0,0.0,0.0,1.01,0.0,0.0,,20.7,0.0,0.0,0.0,0.1,-0.1,-0.1,61.0,0.0,4.0,20.0,38.0,1.0,61.0,0.0,0.0,2.0,100.0,28.0,0.0,5.0,1.0,45.0,2.0,0.0,1.0,2.0,0.0,0.0,1.0,2.0,2.0,1.0,3.0,0.0,0.0,2.0,2.02,0.0,0.0,0.0,0.0,0.0,0.0,1.0,1.01,0.0,0.0,0.0,0.0,0.0,0.0,0.0,2.0,1.0,1.0,1.0,1.0,1.0,0.0,0.0,0.0,2.0,3.0,100.0,,,,,,,,,,,,,,,,,,,,,,,,,,,,,Maxi Carrizo,"MF,FW",NYCFC,17-279,,,,,,,,0.0,0.0,0.1,-0.1,4.0,3.0,MF,Unknown,0,MF
28222578,1,2025,1,0,1,0.0,0.0,0.0,0.0,0.0,0.0,0.0,0.0,0.0,0.0,0.0,0.0,0.0,0.0,1.0,0.0,0.0,0.0,0.0,0.0,0.0,0.0,0.0,0.0,0.0,0.0,0.0,2.0,1.0,1.0,0.0,4.0,1.0,1.0,2.0,50.0,100.0,100.0,0.0,24.0,12.0,2.0,1.0,1.0,0.0,4.0,1.0,1.0,2.0,50.0,100.0,100.0,0.0,2.0,1.0,1.0,0.0,4.0,1.0,1.0,2.0,50.0,100.0,100.0,0.0,2.0,1.0,1.0,0.0,4.0,1.0,1.0,2.0,50.0,100.0,100.0,0.0,0.0,0.0,0.0,0.0,1.0,0.0,0.0,0.0,0.0,0.0,,0.0,0.0,,,,0.0,0.0,0.0,,0.0,0.0,5.0,0.0,0.0,1.0,4.0,0.0,5.0,0.0,0.0,1.0,100.0,2.0,0.0,0.0,0.0,3.0,0.0,0.0,0.0,0.0,0.0,,0.0,0.0,0.0,0.0,0.0,0.0,0.0,0.0,0.0,0.0,0.0,0.0,0.0,0.0,0.0,0.0,0.0,0.0,0.0,0.0,0.0,0.0,0.0,0.0,0.0,0.0,0.0,2.0,0.0,0.0,0.0,0.0,0.0,0.0,0.0,,,,,,,,,,,,,,,,,,,,,,,,,,,,,,Jackson Castro,MF,Vancouver W'caps,22-345,,,,,,,,,,,0.0,1.0,0.0,MF,Unknown,0,MF
6501133253,2,2025,32,32,2673,29.7,0.0,0.0,0.0,0.0,0.0,0.0,0.44,0.03,0.03,0.03,0.05,0.07,1.01,6.8,0.88,0.0,0.0,0.0,0.0,0.0,0.03,0.05,0.07,0.03,0.07,29.7,67.4,32.1,27.9,5.99,73.2,33.4,29.5,7.68,92.1,95.9,94.6,78.1,1142.0,308.3,67.4,32.1,27.9,5.99,73.2,33.4,29.5,7.68,92.1,95.9,94.6,78.1,67.4,32.1,27.9,5.99,73.2,33.4,29.5,7.68,92.1,95.9,94.6,78.1,67.4,32.1,27.9,5.99,73.2,33.4,29.5,7.68,92.1,95.9,94.6,78.1,0.0,0.06,-0.05,0.74,6.67,0.94,0.03,0.0,0.77,0.1,13.0,0.77,0.1,0.0,0.0,25.3,0.0,0.0,0.0,0.03,-0.03,-0.03,81.2,3.16,20.5,49.3,12.1,0.24,81.2,0.57,58.6,0.37,37.9,49.5,0.07,1.11,0.74,64.5,1.38,0.64,0.77,1.38,0.64,52.8,0.57,1.25,0.91,0.61,1.99,1.31,0.03,2.09,2.09,0.0,0.0,0.0,0.0,0.07,0.0,0.13,0.13,0.0,0.0,0.0,0.0,0.07,0.0,0.03,1.78,0.61,0.0,0.13,0.61,0.77,0.0,0.0,0.0,5.59,0.24,50.0,,,,,,,,,,,,,,,,,,,,,,,,,,,,,Edwin Cerrillo,MF,LA Galaxy,25-062,Edwin Cerrillo,Standard,2026,Edwin Cerrillo,2025.0,525000.0,537500.0,0.0,0.0,0.00101010101010101,-0.03,7.81,1.9899999999999998,MF,Standard,0,MF
5784593720,2,2025,34,30,2627,29.2,0.03,0.17,0.21,0.03,0.0,0.0,0.14,0.0,0.11,0.11,0.13,0.24,1.51,9.69,3.9,0.03,0.17,0.21,0.03,0.21,0.11,0.13,0.24,0.11,0.24,29.2,68.1,35.8,24.2,5.62,80.9,39.3,27.8,9.83,84.2,90.9,87.1,57.1,1101.2,349.3,68.1,35.8,24.2,5.62,80.9,39.3,27.8,9.83,84.2,90.9,87.1,57.1,68.1,35.8,24.2,5.62,80.9,39.3,27.8,9.83,84.2,90.9,87.1,57.1,68.1,35.8,24.2,5.62,80.9,39.3,27.8,9.83,84.2,90.9,87.1,57.1,0.17,0.18,0.04,1.61,9.52,1.88,0.31,0.03,1.16,0.27,23.5,1.16,0.27,0.03,0.13,21.7,0.14,0.0,0.0,0.1,-0.08,-0.08,88.5,2.05,14.3,46.9,28.0,1.37,88.5,0.27,47.1,0.31,52.9,54.7,0.17,0.82,0.75,68.8,1.4,0.55,0.86,1.4,0.55,44.4,0.68,1.16,0.92,0.86,2.26,1.23,0.03,3.39,3.39,0.03,0.0,0.1,0.0,0.1,0.0,0.34,0.34,0.03,0.0,0.1,0.0,0.1,0.0,0.0,0.79,0.41,0.0,4.52,0.86,0.86,0.0,0.0,0.0,4.45,0.65,51.4,,,,,,,,,,,,,,,,,,,,,,,,,,,,,Dylan Chambost,MF,Columbus Crew,28-107,Dylan Chambost,Standard,2026,Dylan Chambost,2025.0,450000.0,557219.0,0.0010273972602739725,0.0058219178082191785,0.003767123287671233,-0.08,11.2,2.26,MF,Standard,0,MF
2408691348,3,2025,26,12,1175,13.1,0.31,0.15,0.46,0.31,0.0,0.0,0.31,0.0,0.46,0.46,0.2,0.66,2.52,3.51,6.26,0.31,0.15,0.46,0.31,0.46,0.46,0.2,0.66,0.46,0.66,13.1,26.0,11.7,9.16,3.97,36.6,13.8,12.4,7.33,71.0,84.5,74.1,54.2,493.0,111.4,26.0,11.7,9.16,3.97,36.6,13.8,12.4,7.33,71.0,84.5,74.1,54.2,26.0,11.7,9.16,3.97,36.6,13.8,12.4,7.33,71.0,84.5,74.1,54.2,26.0,11.7,9.16,3.97,36.6,13.8,12.4,7.33,71.0,84.5,74.1,54.2,0.15,0.18,-0.05,1.37,2.52,1.3,0.38,0.31,4.05,1.76,43.4,4.06,1.76,0.08,0.17,19.8,0.15,0.0,0.0,0.11,-0.15,-0.15,49.2,0.76,4.73,22.6,22.9,3.05,49.2,1.22,53.3,0.99,43.3,30.1,0.61,3.28,1.22,35.8,1.45,0.53,0.76,1.45,0.53,38.9,0.84,1.3,1.22,0.08,1.53,0.84,0.08,3.44,3.45,0.46,0.0,0.15,0.08,0.0,0.0,0.23,0.23,0.46,0.0,0.15,0.08,0.0,0.0,0.0,2.52,1.6,0.46,4.5,0.08,0.76,0.0,0.0,0.0,3.74,0.69,34.6,,,,,,,,,,,,,,,,,,,,,,,,,,,,,Tomás Chancalay,"FW,MF",NE Revolution,26-337,Tomás Chancalay,Designated Player,2026,Tomás Chancalay,2025.0,1000000.0,1060000.0,0.02366412213740458,0.011450381679389313,0.035114503816793895,-0.15000000000000002,6.029999999999999,1.53,MF,DP,0,MF
4122087151,1,2025,27,10,1195,13.3,0.0,0.08,0.08,0.0,0.0,0.0,0.23,0.0,0.0,0.0,0.03,0.03,0.45,5.64,0.6,0.0,0.08,0.08,0.0,0.08,0.0,0.03,0.03,0.0,0.03,13.3,48.6,22.5,21.1,4.36,55.0,24.8,22.7,5.64,88.3,90.6,92.7,77.3,840.0,277.3,48.6,22.5,21.1,4.36,55.0,24.8,22.7,5.64,88.3,90.6,92.7,77.3,48.6,22.5,21.1,4.36,55.0,24.8,22.7,5.64,88.3,90.6,92.7,77.3,48.6,22.5,21.1,4.36,55.0,24.8,22.7,5.64,88.3,90.6,92.7,77.3,0.08,0.05,0.05,0.68,5.41,0.3,0.0,0.0,0.15,0.0,0.0,0.15,0.0,0.0,,28.4,0.0,0.0,0.0,0.02,0.0,0.0,64.0,3.38,16.9,40.1,7.59,0.0,64.0,0.38,83.3,0.08,16.7,33.9,0.0,0.83,0.6,42.2,3.23,1.35,2.41,3.23,1.35,62.1,0.83,0.98,0.53,1.5,4.74,2.03,0.08,1.73,1.73,0.0,0.0,0.0,0.0,0.15,0.0,0.15,0.15,0.0,0.0,0.0,0.0,0.15,0.0,0.0,2.33,1.05,0.0,0.08,1.5,2.41,0.0,0.08,0.0,5.56,0.53,53.8,,,,,,,,,,,,,,,,,,,,,,,,,,,,,Diego Chará,MF,Portland Timbers,39-243,,,,Diego Chará,2025.0,725000.0,725000.0,0.0,0.006015037593984962,0.0,0.0,6.09,4.73,MF,Unknown,0,MF
4097002527,1,2025,2,0,8,0.1,0.0,0.0,0.0,0.0,0.0,0.0,0.0,0.0,0.0,0.0,1.0,1.0,0.0,0.0,10.0,0.0,0.0,0.0,0.0,0.0,0.0,1.14,1.14,0.0,1.14,0.1,20.0,20.0,0.0,0.0,20.0,20.0,0.0,0.0,100.0,100.0,,,180.0,0.0,20.0,20.0,0.0,0.0,20.0,20.0,0.0,0.0,100.0,100.0,,,20.0,20.0,0.0,0.0,20.0,20.0,0.0,0.0,100.0,100.0,,,20.0,20.0,0.0,0.0,20.0,20.0,0.0,0.0,100.0,100.0,,,0.0,0.0,-1.0,10.0,0.0,0.0,0.0,0.0,0.0,0.0,,0.0,0.0,,,,0.0,0.0,0.0,,0.0,0.0,20.0,0.0,0.0,0.0,20.0,10.0,20.0,0.0,,0.0,,20.0,0.0,0.0,20.0,20.0,0.0,0.0,0.0,0.0,0.0,,0.0,0.0,0.0,0.0,0.0,0.0,0.0,10.0,11.25,0.0,0.0,0.0,0.0,0.0,0.0,0.0,0.0,0.0,0.0,0.0,0.0,0.0,0.0,0.0,0.0,0.0,0.0,0.0,0.0,0.0,0.0,0.0,0.0,0.0,0.0,,,,,,,,,,,,,,,,,,,,,,,,,,,,,,Ștefan Chirilă,MF,FC Cincinnati,18-323,,,,Ștefan Chirilă,2025.0,80622.0,95402.0,0.0,0.0,0.0,0.0,0.0,0.0,MF,Unknown,-1,MF
3950545979,3,2025,10,7,643,7.1,0.14,0.0,0.14,0.14,0.0,0.0,0.14,0.0,0.08,0.08,0.06,0.14,0.56,5.49,1.41,0.14,0.0,0.14,0.14,0.14,0.08,0.06,0.14,0.08,0.14,7.1,55.9,31.4,19.0,3.1,63.0,33.4,21.3,4.23,88.8,94.1,89.4,73.3,850.4,285.8,55.9,31.4,19.0,3.1,63.0,33.4,21.3,4.23,88.8,94.1,89.4,73.3,55.9,31.4,19.0,3.1,63.0,33.4,21.3,4.23,88.8,94.1,89.4,73.3,55.9,31.4,19.0,3.1,63.0,33.4,21.3,4.23,88.8,94.1,89.4,73.3,0.0,0.08,-0.06,0.7,4.79,1.13,0.0,0.14,0.99,0.28,28.6,0.98,0.28,0.14,0.5,16.6,0.0,0.0,0.0,0.08,0.06,0.06,72.5,1.55,15.1,45.2,12.8,0.7,72.5,0.28,40.0,0.28,40.0,43.5,0.0,0.7,0.99,54.8,3.52,1.69,1.83,3.52,1.69,60.0,1.13,1.41,1.41,1.13,4.65,1.13,0.0,2.82,2.8,0.0,0.0,0.0,0.0,0.14,0.0,0.28,0.28,0.0,0.0,0.0,0.0,0.14,0.0,0.0,0.99,1.41,0.0,0.42,1.13,1.83,0.0,0.0,0.0,5.21,0.99,63.6,,,,,,,,,,,,,,,,,,,,,,,,,,,,,Mathieu Choiniere,MF,LAFC,26-300,,,,,,,,0.01971830985915493,0.0,0.011267605633802818,0.06000000000000001,6.050000000000001,4.65,MF,Unknown,0,MF
2756568237,3,2025,4,3,210,2.3,0.43,0.0,0.43,0.43,0.0,0.0,0.0,0.0,0.43,0.43,0.13,0.52,0.87,2.61,6.52,0.43,0.0,0.43,0.43,0.43,0.41,0.11,0.52,0.41,0.52,2.3,16.1,8.7,5.22,0.87,21.7,10.4,7.39,1.3,74.0,83.3,70.6,66.7,241.7,55.7,16.1,8.7,5.22,0.87,21.7,10.4,7.39,1.3,74.0,83.3,70.6,66.7,16.1,8.7,5.22,0.87,21.7,10.4,7.39,1.3,74.0,83.3,70.6,66.7,16.1,8.7,5.22,0.87,21.7,10.4,7.39,1.3,74.0,83.3,70.6,66.7,0.0,0.04,-0.13,0.87,2.61,1.3,0.43,0.43,2.61,0.43,16.7,2.57,0.43,0.17,1.0,15.4,0.0,0.0,0.0,0.16,0.0,0.0,33.0,0.87,2.17,13.5,17.8,4.35,33.0,0.43,16.7,2.17,83.3,18.3,0.43,2.17,0.43,23.5,0.0,0.0,0.0,0.0,0.0,0.0,1.3,0.43,0.43,0.87,0.87,0.43,0.0,1.3,1.29,0.0,0.0,0.0,0.0,0.0,0.0,0.0,0.0,0.0,0.0,0.0,0.0,0.0,0.0,0.0,1.3,0.43,0.0,1.3,0.87,0.0,0.0,0.0,0.0,0.87,0.0,0.0,,,,,,,,,,,,,,,,,,,,,,,,,,,,,Léo Chú,"FW,MF",FC Dallas,25-242,Léo Chú,U22 Initiative,2025,,,,,0.18695652173913044,0.0,0.18695652173913044,0.0,3.48,0.87,MF,U22,0,MF
5660477331,2,2025,7,6,487,5.4,0.0,0.19,0.19,0.0,0.0,0.0,0.0,0.0,0.06,0.06,0.09,0.15,2.22,5.0,2.22,0.0,0.18,0.18,0.0,0.18,0.05,0.09,0.14,0.05,0.14,5.4,36.5,18.0,15.0,2.59,43.1,19.6,17.4,3.7,84.5,91.5,86.2,70.0,609.1,164.1,36.5,18.0,15.0,2.59,43.1,19.6,17.4,3.7,84.5,91.5,86.2,70.0,36.5,18.0,15.0,2.59,43.1,19.6,17.4,3.7,84.5,91.5,86.2,70.0,36.5,18.0,15.0,2.59,43.1,19.6,17.4,3.7,84.5,91.5,86.2,70.0,0.19,0.06,0.09,2.04,5.19,0.0,0.0,0.0,0.37,0.0,0.0,0.37,0.0,0.0,,23.3,0.0,0.0,0.0,0.14,-0.06,-0.06,52.8,3.7,11.5,29.6,12.6,0.93,52.8,1.85,76.9,0.56,23.1,33.0,0.19,1.67,1.48,36.7,1.67,0.56,1.11,1.67,0.56,37.5,0.93,1.85,1.67,0.19,1.85,2.78,0.37,2.59,2.59,0.0,0.0,0.19,0.0,0.0,0.0,0.37,0.37,0.0,0.0,0.19,0.0,0.0,0.0,0.0,2.04,1.48,0.0,0.74,0.19,1.11,0.0,0.0,0.0,4.26,1.3,53.8,,,,,,,,,,,,,,,,,,,,,,,,,,,,,José Cifuentes,MF,Toronto FC,26-267,,,,José Cifuentes,2025.0,1210000.0,1405000.0,0.0,0.03518518518518518,0.01111111111111111,-0.06,7.220000000000001,1.8599999999999999,MF,Unknown,0,MF
2656572077,3,2025,4,1,140,1.6,0.0,0.0,0.0,0.0,0.0,0.0,0.63,0.0,0.13,0.13,0.06,0.19,3.75,3.75,5.0,0.0,0.0,0.0,0.0,0.0,0.14,0.07,0.21,0.14,0.21,1.6,16.3,8.75,4.38,1.88,24.4,11.3,7.5,3.75,66.7,77.8,58.3,50.0,278.8,86.9,16.3,8.75,4.38,1.88,24.4,11.3,7.5,3.75,66.7,77.8,58.3,50.0,16.3,8.75,4.38,1.88,24.4,11.3,7.5,3.75,66.7,77.8,58.3,50.0,16.3,8.75,4.38,1.88,24.4,11.3,7.5,3.75,66.7,77.8,58.3,50.0,0.0,0.06,-0.06,0.63,1.25,2.5,1.25,0.0,1.88,0.63,33.3,1.93,0.64,0.0,0.0,18.0,0.0,0.0,0.0,0.07,-0.13,-0.13,33.8,1.88,6.88,11.9,15.0,3.13,33.8,1.25,100.0,0.0,0.0,20.0,1.88,1.25,0.63,21.9,1.88,1.25,1.88,1.88,1.25,66.7,0.63,1.88,1.88,0.63,2.5,1.88,0.0,2.5,2.57,0.63,0.0,0.0,0.0,0.0,0.0,0.0,0.0,0.63,0.0,0.0,0.0,0.0,0.0,0.0,1.25,0.0,0.0,2.5,0.63,1.88,0.0,0.0,0.0,0.63,0.63,33.3,,,,,,,,,,,,,,,,,,,,,,,,,,,,,Caden Clark,"FW,MF",CF Montréal,22-191,Caden Clark,Standard,2025,Caden Clark,2025.0,375000.0,407000.0,0.0,0.0,0.08125,-0.13,7.5,2.51,MF,Standard,0,MF
2656572077,4,2025,4,1,140,1.6,0.0,0.0,0.0,0.0,0.0,0.0,0.63,0.0,0.13,0.13,0.06,0.19,3.75,3.75,5.0,0.0,0.0,0.0,0.0,0.0,0.14,0.07,0.21,0.14,0.21,1.6,16.3,8.75,4.38,1.88,24.4,11.3,7.5,3.75,66.7,77.8,58.3,50.0,278.8,86.9,16.3,8.75,4.38,1.88,24.4,11.3,7.5,3.75,66.7,77.8,58.3,50.0,16.3,8.75,4.38,1.88,24.4,11.3,7.5,3.75,66.7,77.8,58.3,50.0,16.3,8.75,4.38,1.88,24.4,11.3,7.5,3.75,66.7,77.8,58.3,50.0,0.0,0.06,-0.06,0.63,1.25,2.5,1.25,0.0,1.88,0.63,33.3,1.93,0.64,0.0,0.0,18.0,0.0,0.0,0.0,0.07,-0.13,-0.13,33.8,1.88,6.88,11.9,15.0,3.13,33.8,1.25,100.0,0.0,0.0,20.0,1.88,1.25,0.63,21.9,1.88,1.25,1.88,1.88,1.25,66.7,0.63,1.88,1.88,0.63,2.5,1.88,0.0,2.5,2.57,0.63,0.0,0.0,0.0,0.0,0.0,0.0,0.0,0.63,0.0,0.0,0.0,0.0,0.0,0.0,1.25,0.0,0.0,2.5,0.63,1.88,0.0,0.0,0.0,0.63,0.63,33.3,,,,,,,,,,,,,,,,,,,,,,,,,,,,,Caden Clark,"FW,MF",CF Montréal,22-191,Caden Clark,Standard,2025,Caden Clark,2025.0,375000.0,407000.0,0.0,0.0,0.08125,-0.13,7.5,2.51,MF,Standard,0,MF
2656572077,3,2025,26,17,1567,17.4,0.0,0.23,0.23,0.0,0.0,0.0,0.29,0.0,0.08,0.08,0.15,0.24,1.38,3.05,5.34,0.0,0.23,0.23,0.0,0.23,0.08,0.15,0.23,0.08,0.23,17.4,17.1,9.14,5.8,0.98,23.1,11.1,7.53,2.13,74.1,82.4,77.1,45.9,263.8,68.3,17.1,9.14,5.8,0.98,23.1,11.1,7.53,2.13,74.1,82.4,77.1,45.9,17.1,9.14,5.8,0.98,23.1,11.1,7.53,2.13,74.1,82.4,77.1,45.9,17.1,9.14,5.8,0.98,23.1,11.1,7.53,2.13,74.1,82.4,77.1,45.9,0.23,0.1,0.08,1.09,1.26,0.92,0.06,0.0,1.09,0.34,31.6,1.09,0.34,0.0,0.0,18.3,0.0,0.0,0.0,0.08,-0.08,-0.08,33.2,0.52,4.66,14.0,15.1,1.95,33.2,0.57,47.6,0.63,52.4,18.2,0.46,2.53,0.92,21.4,2.13,0.69,1.15,2.13,0.69,54.5,0.57,0.92,0.92,0.57,2.7,0.86,0.11,2.82,2.81,0.11,0.0,0.29,0.0,0.17,0.06,0.4,0.4,0.11,0.0,0.29,0.0,0.17,0.06,0.0,1.67,1.21,0.4,1.67,0.57,1.15,0.0,0.0,0.0,2.47,0.4,28.0,,,,,,,,,,,,,,,,,,,,,,,,,,,,,Caden Clark,"FW,MF",CF Montréal,22-191,Caden Clark,Standard,2025,Caden Clark,2025.0,375000.0,407000.0,0.0,0.013218390804597703,0.004597701149425288,-0.08,4.43,2.6999999999999997,MF,Standard,0,MF
2656572077,4,2025,26,17,1567,17.4,0.0,0.23,0.23,0.0,0.0,0.0,0.29,0.0,0.08,0.08,0.15,0.24,1.38,3.05,5.34,0.0,0.23,0.23,0.0,0.23,0.08,0.15,0.23,0.08,0.23,17.4,17.1,9.14,5.8,0.98,23.1,11.1,7.53,2.13,74.1,82.4,77.1,45.9,263.8,68.3,17.1,9.14,5.8,0.98,23.1,11.1,7.53,2.13,74.1,82.4,77.1,45.9,17.1,9.14,5.8,0.98,23.1,11.1,7.53,2.13,74.1,82.4,77.1,45.9,17.1,9.14,5.8,0.98,23.1,11.1,7.53,2.13,74.1,82.4,77.1,45.9,0.23,0.1,0.08,1.09,1.26,0.92,0.06,0.0,1.09,0.34,31.6,1.09,0.34,0.0,0.0,18.3,0.0,0.0,0.0,0.08,-0.08,-0.08,33.2,0.52,4.66,14.0,15.1,1.95,33.2,0.57,47.6,0.63,52.4,18.2,0.46,2.53,0.92,21.4,2.13,0.69,1.15,2.13,0.69,54.5,0.57,0.92,0.92,0.57,2.7,0.86,0.11,2.82,2.81,0.11,0.0,0.29,0.0,0.17,0.06,0.4,0.4,0.11,0.0,0.29,0.0,0.17,0.06,0.0,1.67,1.21,0.4,1.67,0.57,1.15,0.0,0.0,0.0,2.47,0.4,28.0,,,,,,,,,,,,,,,,,,,,,,,,,,,,,Caden Clark,"FW,MF",CF Montréal,22-191,Caden Clark,Standard,2025,Caden Clark,2025.0,375000.0,407000.0,0.0,0.013218390804597703,0.004597701149425288,-0.08,4.43,2.6999999999999997,MF,Standard,0,MF
1339638921,1,2025,31,24,2168,24.1,0.04,0.0,0.04,0.04,0.0,0.0,0.17,0.04,0.03,0.03,0.09,0.12,0.62,5.48,0.71,0.04,0.0,0.04,0.04,0.04,0.03,0.09,0.12,0.03,0.12,24.1,53.1,19.8,24.9,7.63,63.9,21.4,27.5,12.6,83.1,92.8,90.3,60.7,1035.6,387.2,53.1,19.8,24.9,7.63,63.9,21.4,27.5,12.6,83.1,92.8,90.3,60.7,53.1,19.8,24.9,7.63,63.9,21.4,27.5,12.6,83.1,92.8,90.3,60.7,53.1,19.8,24.9,7.63,63.9,21.4,27.5,12.6,83.1,92.8,90.3,60.7,0.0,0.08,-0.09,1.12,6.47,0.5,0.12,0.04,0.54,0.21,38.5,0.54,0.21,0.08,0.2,25.7,0.08,0.0,0.0,0.05,0.01,0.01,74.4,4.81,24.1,40.7,10.2,0.33,74.4,0.83,69.0,0.37,31.0,43.8,0.04,1.2,0.37,50.4,3.15,1.58,1.66,3.15,1.58,62.3,0.95,1.08,0.91,1.45,4.61,2.16,0.04,2.78,2.78,0.0,0.0,0.0,0.0,0.17,0.0,0.08,0.08,0.0,0.0,0.0,0.0,0.17,0.0,0.0,1.08,0.62,0.0,2.7,1.45,1.66,0.0,0.0,0.0,5.23,1.08,60.5,,,,,,,,,,,,,,,,,,,,,,,,,,,,,Alonso Coello,MF,Toronto FC,26-053,Alonso Coello,Standard,2027,Alonso Coello,2025.0,200012.0,235012.0,0.0016597510373443983,0.0,0.0012448132780082987,0.010000000000000002,6.1000000000000005,4.6,MF,Standard,0,MF
4693268791,1,2025,32,26,2300,25.6,0.23,0.08,0.31,0.2,0.04,0.04,0.08,0.0,0.2,0.17,0.14,0.31,7.07,1.45,8.55,0.23,0.08,0.31,0.2,0.27,0.2,0.14,0.34,0.17,0.31,25.6,21.4,10.1,9.02,1.76,29.8,11.7,12.0,3.83,72.0,86.0,75.2,45.9,361.0,55.9,21.4,10.1,9.02,1.76,29.8,11.7,12.0,3.83,72.0,86.0,75.2,45.9,21.4,10.1,9.02,1.76,29.8,11.7,12.0,3.83,72.0,86.0,75.2,45.9,21.4,10.1,9.02,1.76,29.8,11.7,12.0,3.83,72.0,86.0,75.2,45.9,0.08,0.1,-0.06,1.29,0.74,1.17,1.02,0.23,2.15,0.94,43.6,2.15,0.94,0.09,0.21,17.3,0.0,0.04,0.04,0.08,0.04,0.03,41.4,0.35,3.48,17.1,22.3,4.26,41.3,2.34,51.7,1.88,41.4,29.6,2.34,2.89,0.94,32.4,0.63,0.39,0.23,0.63,0.39,33.3,0.78,0.82,0.78,0.39,1.02,0.47,0.0,2.73,2.74,0.31,0.04,0.16,0.04,0.04,0.0,0.23,0.23,0.31,0.04,0.16,0.04,0.04,0.0,0.0,0.94,1.41,0.35,5.31,0.39,0.23,0.04,0.0,0.0,3.95,0.63,40.0,,,,,,,,,,,,,,,,,,,,,,,,,,,,,Theo Corbeanu,"FW,MF",Toronto FC,23-201,Theo Corbeanu,Standard,2025,Theo Corbeanu,2025.0,365000.0,411625.0,0.008984375,0.0031249999999999997,0.0078125,0.03,8.52,1.02,MF,Standard,0,MF
3850838488,1,2025,8,3,257,2.9,0.0,0.0,0.0,0.0,0.0,0.0,0.34,0.0,0.0,0.0,0.0,0.0,2.07,3.79,1.03,0.0,0.0,0.0,0.0,0.0,0.0,0.01,0.01,0.0,0.01,2.9,61.0,32.1,22.4,4.48,72.1,35.5,25.5,6.55,84.7,90.3,87.8,68.4,957.9,310.0,61.0,32.1,22.4,4.48,72.1,35.5,25.5,6.55,84.7,90.3,87.8,68.4,61.0,32.1,22.4,4.48,72.1,35.5,25.5,6.55,84.7,90.3,87.8,68.4,61.0,32.1,22.4,4.48,72.1,35.5,25.5,6.55,84.7,90.3,87.8,68.4,0.0,0.07,0.0,0.34,7.59,0.34,0.0,0.0,0.0,0.0,,0.0,0.0,,,,0.0,0.0,0.0,,0.0,0.0,80.7,1.72,23.1,50.7,7.93,0.69,80.7,0.0,0.0,0.34,50.0,53.1,0.0,2.07,1.72,60.3,3.1,1.03,1.72,3.1,1.03,60.0,0.69,0.69,0.69,0.69,3.79,1.03,0.0,2.41,2.45,0.0,0.0,0.0,0.0,0.34,0.0,0.69,0.7,0.0,0.0,0.0,0.0,0.34,0.0,0.0,1.72,0.34,0.0,0.0,0.69,1.72,0.0,0.0,0.0,4.83,0.0,0.0,,,,,,,,,,,,,,,,,,,,,,,,,,,,,Matthew Corcoran,MF,Nashville SC,19-290,Matthew Corcoran,Standard,2027,Matthew Corcoran,2025.0,80622.0,102890.0,0.0,0.0,0.0,0.0,5.859999999999999,3.79,MF,Standard,0,MF
4438112755,1,2025,32,28,2514,27.9,0.14,0.22,0.36,0.14,0.0,0.0,0.07,0.0,0.15,0.15,0.2,0.35,4.84,6.27,6.74,0.14,0.21,0.36,0.14,0.36,0.15,0.2,0.35,0.15,0.35,27.9,39.2,19.4,15.3,2.76,48.1,21.6,18.4,5.13,81.4,90.0,83.3,53.8,624.9,167.3,39.2,19.4,15.3,2.76,48.1,21.6,18.4,5.13,81.4,90.0,83.3,53.8,39.2,19.4,15.3,2.76,48.1,21.6,18.4,5.13,81.4,90.0,83.3,53.8,39.2,19.4,15.3,2.76,48.1,21.6,18.4,5.13,81.4,90.0,83.3,53.8,0.22,0.27,0.02,2.08,4.05,1.86,0.29,0.14,1.61,0.68,42.2,1.61,0.68,0.09,0.21,18.9,0.22,0.0,0.0,0.1,-0.01,-0.01,55.6,0.43,5.27,27.2,23.9,3.33,55.6,1.25,48.6,1.33,51.4,39.6,1.18,2.04,0.97,44.9,0.39,0.14,0.14,0.39,0.14,30.8,0.32,0.47,0.47,0.25,0.65,0.32,0.07,4.01,4.01,0.11,0.0,0.04,0.0,0.0,0.0,0.36,0.36,0.11,0.0,0.04,0.0,0.0,0.0,0.0,0.36,0.43,0.11,3.84,0.25,0.14,0.0,0.0,0.0,3.05,0.04,20.0,,,,,,,,,,,,,,,,,,,,,,,,,,,,,David Costa,"MF,FW",Portland Timbers,24-333,,,,,,,,0.005017921146953406,0.007885304659498209,0.005376344086021506,-0.009999999999999981,11.11,0.64,MF,Unknown,0,MF
9033296039,1,2025,2,0,10,0.1,0.0,0.0,0.0,0.0,0.0,0.0,0.0,0.0,0.0,0.0,0.0,0.0,0.0,0.0,0.0,0.0,0.0,0.0,0.0,0.0,0.0,0.0,0.0,0.0,0.0,0.1,20.0,10.0,10.0,0.0,30.0,10.0,20.0,0.0,66.7,100.0,50.0,,270.0,0.0,20.0,10.0,10.0,0.0,30.0,10.0,20.0,0.0,66.7,100.0,50.0,,20.0,10.0,10.0,0.0,30.0,10.0,20.0,0.0,66.7,100.0,50.0,,20.0,10.0,10.0,0.0,30.0,10.0,20.0,0.0,66.7,100.0,50.0,,0.0,0.0,0.0,0.0,0.0,0.0,0.0,0.0,0.0,0.0,,0.0,0.0,,,,0.0,0.0,0.0,,0.0,0.0,60.0,20.0,50.0,10.0,0.0,0.0,60.0,0.0,,0.0,,10.0,0.0,10.0,0.0,10.0,10.0,0.0,0.0,10.0,0.0,,0.0,0.0,0.0,10.0,20.0,0.0,0.0,0.0,0.0,0.0,0.0,0.0,0.0,0.0,0.0,0.0,0.0,0.0,0.0,0.0,0.0,0.0,0.0,0.0,0.0,0.0,0.0,0.0,10.0,0.0,0.0,0.0,0.0,20.0,0.0,,,,,,,,,,,,,,,,,,,,,,,,,,,,,,Baye Coulibaly,MF,Charlotte,19-330,,,,Baye Coulibaly,2025.0,240000.0,269500.0,0.0,0.0,0.0,0.0,0.0,20.0,MF,Unknown,-1,MF
1895716422,3,2025,22,16,1388,15.4,0.06,0.13,0.19,0.06,0.0,0.0,0.39,0.0,0.1,0.1,0.16,0.26,1.3,2.66,5.65,0.06,0.13,0.19,0.06,0.19,0.1,0.15,0.26,0.1,0.26,15.4,37.2,19.7,12.5,2.73,45.5,21.6,15.1,4.48,81.9,91.6,83.2,60.9,572.7,120.7,37.2,19.7,12.5,2.73,45.5,21.6,15.1,4.48,81.9,91.6,83.2,60.9,37.2,19.7,12.5,2.73,45.5,21.6,15.1,4.48,81.9,91.6,83.2,60.9,37.2,19.7,12.5,2.73,45.5,21.6,15.1,4.48,81.9,91.6,83.2,60.9,0.13,0.15,-0.03,1.04,1.69,0.78,0.19,0.06,0.78,0.19,25.0,0.78,0.19,0.08,0.33,15.4,0.06,0.0,0.0,0.13,-0.04,-0.04,55.1,0.71,10.2,26.3,19.5,2.27,55.1,0.78,40.0,1.04,53.3,33.1,0.45,1.56,0.71,38.7,2.4,1.1,1.36,2.4,1.1,51.5,1.04,0.91,0.84,0.71,3.12,0.32,0.0,2.08,2.07,0.0,0.0,0.0,0.0,0.06,0.0,0.26,0.26,0.0,0.0,0.0,0.0,0.06,0.0,0.0,1.17,0.84,0.06,2.27,0.71,1.36,0.0,0.0,0.0,4.81,0.84,50.0,,,,,,,,,,,,,,,,,,,,,,,,,,,,,Ben Cremaschi,"MF,FW",Inter Miami,20-277,,,,,,,,0.0038961038961038957,0.008441558441558441,0.006493506493506494,-0.04000000000000001,3.96,3.11,MF,Unknown,0,MF
6430280979,1,2025,26,25,1980,22.0,0.0,0.0,0.0,0.0,0.0,0.0,0.41,0.0,0.02,0.02,0.01,0.03,0.32,5.45,0.68,0.0,0.0,0.0,0.0,0.0,0.02,0.01,0.03,0.02,0.03,22.0,45.6,18.7,19.7,5.55,51.1,20.4,21.4,6.82,89.2,91.7,92.1,81.3,840.1,236.2,45.6,18.7,19.7,5.55,51.1,20.4,21.4,6.82,89.2,91.7,92.1,81.3,45.6,18.7,19.7,5.55,51.1,20.4,21.4,6.82,89.2,91.7,92.1,81.3,45.6,18.7,19.7,5.55,51.1,20.4,21.4,6.82,89.2,91.7,92.1,81.3,0.0,0.03,-0.01,0.32,6.41,0.41,0.05,0.0,0.36,0.05,12.5,0.36,0.05,0.0,0.0,24.9,0.0,0.0,0.0,0.05,-0.02,-0.02,60.8,2.32,13.0,39.5,8.73,0.27,60.8,0.5,61.1,0.32,38.9,32.5,0.05,0.91,0.86,39.6,3.0,0.95,2.05,3.0,0.95,42.9,1.27,1.59,1.23,1.55,4.55,1.41,0.0,1.36,1.37,0.05,0.0,0.0,0.0,0.09,0.0,0.09,0.09,0.05,0.0,0.0,0.0,0.09,0.0,0.0,2.77,0.73,0.0,0.18,1.55,2.05,0.0,0.0,0.0,5.95,0.41,45.0,,,,,,,,,,,,,,,,,,,,,,,,,,,,,Andrés Cubas,MF,Vancouver W'caps,29-196,Andrés Cubas,Designated Player,2026,Andrés Cubas,2025.0,1050000.0,1146375.0,0.0,0.0,0.0009090909090909091,-0.02,5.7700000000000005,4.55,MF,DP,0,MF
9406753776,1,2025,33,23,2030,22.6,0.31,0.04,0.35,0.27,0.04,0.09,0.27,0.0,0.53,0.42,0.08,0.5,0.44,2.08,4.73,0.31,0.04,0.35,0.27,0.31,0.53,0.08,0.6,0.42,0.5,22.6,19.1,13.2,4.03,0.66,27.6,16.9,6.33,1.24,69.3,77.8,63.6,53.6,238.9,46.1,19.1,13.2,4.03,0.66,27.6,16.9,6.33,1.24,69.3,77.8,63.6,53.6,19.1,13.2,4.03,0.66,27.6,16.9,6.33,1.24,69.3,77.8,63.6,53.6,19.1,13.2,4.03,0.66,27.6,16.9,6.33,1.24,69.3,77.8,63.6,53.6,0.04,0.11,-0.03,1.37,1.37,0.53,0.04,0.31,3.14,1.37,43.7,3.15,1.37,0.08,0.19,13.0,0.0,0.04,0.09,0.13,-0.22,-0.15,42.9,1.55,3.41,19.5,20.3,5.18,42.8,0.31,26.9,0.75,65.4,22.2,0.22,3.58,1.99,31.4,1.19,0.35,0.84,1.19,0.35,42.1,0.49,1.37,1.28,0.71,1.9,1.33,0.0,2.7,2.7,0.0,0.0,0.27,0.0,0.0,0.0,0.18,0.18,0.0,0.0,0.27,0.0,0.0,0.0,0.0,2.96,3.27,0.22,0.18,0.71,0.84,0.04,0.0,0.0,3.23,4.91,47.6,,,,,,,,,,,,,,,,,,,,,,,,,,,,,Bruno Damiani,"FW,MF",Philadelphia Union,23-230,Bruno Damiani,Designated Player,2028,Bruno Damiani,2025.0,600000.0,726700.0,0.013716814159292035,0.0017699115044247787,0.023451327433628318,-0.22000000000000003,2.52,1.9,MF,DP,0,MF
9468726995,1,2025,20,11,906,10.1,0.1,0.0,0.1,0.1,0.0,0.0,0.3,0.0,0.08,0.08,0.04,0.13,0.89,3.37,1.19,0.1,0.0,0.1,0.1,0.1,0.08,0.04,0.13,0.08,0.13,10.1,34.1,18.5,12.2,2.28,43.2,21.5,15.3,4.16,78.9,86.2,79.4,54.8,539.0,138.1,34.1,18.5,12.2,2.28,43.2,21.5,15.3,4.16,78.9,86.2,79.4,54.8,34.1,18.5,12.2,2.28,43.2,21.5,15.3,4.16,78.9,86.2,79.4,54.8,34.1,18.5,12.2,2.28,43.2,21.5,15.3,4.16,78.9,86.2,79.4,54.8,0.0,0.08,-0.04,0.59,2.67,0.79,0.1,0.1,1.29,0.3,23.1,1.29,0.3,0.08,0.33,19.0,0.0,0.0,0.0,0.06,0.02,0.02,54.3,0.89,11.3,30.8,13.4,0.99,54.3,0.3,25.0,0.69,58.3,24.3,0.1,1.49,0.79,28.2,2.77,1.09,1.58,2.77,1.09,52.4,0.99,1.58,1.49,1.09,3.86,0.69,0.0,2.77,2.79,0.0,0.0,0.2,0.0,0.1,0.0,0.0,0.0,0.0,0.0,0.2,0.0,0.1,0.0,0.0,1.78,1.78,0.1,1.39,1.09,1.58,0.0,0.2,0.0,6.53,0.89,64.3,,,,,,,,,,,,,,,,,,,,,,,,,,,,,Jesús Daniel Bueno,MF,Philadelphia Union,26-233,,,,,,,,0.009900990099009901,0.0,0.007920792079207921,0.020000000000000004,4.26,3.8600000000000003,MF,Unknown,0,MF
8562429820,1,2025,26,15,1173,13.0,0.31,0.31,0.62,0.31,0.0,0.0,0.0,0.0,0.22,0.22,0.22,0.45,3.08,3.0,8.08,0.31,0.31,0.61,0.31,0.61,0.22,0.22,0.44,0.22,0.44,13.0,31.2,17.7,10.5,1.31,38.7,19.6,12.8,2.85,80.7,90.2,81.4,45.9,448.8,83.2,31.2,17.7,10.5,1.31,38.7,19.6,12.8,2.85,80.7,90.2,81.4,45.9,31.2,17.7,10.5,1.31,38.7,19.6,12.8,2.85,80.7,90.2,81.4,45.9,31.2,17.7,10.5,1.31,38.7,19.6,12.8,2.85,80.7,90.2,81.4,45.9,0.31,0.15,0.08,1.46,1.46,1.15,0.31,0.31,2.92,0.69,23.7,2.92,0.69,0.11,0.44,20.3,0.08,0.0,0.0,0.08,0.08,0.08,51.8,0.54,5.62,21.8,25.6,3.69,51.8,2.62,50.7,2.23,43.3,36.3,0.77,1.92,1.38,39.5,1.46,0.69,0.85,1.46,0.69,45.0,0.85,1.31,1.23,0.62,2.08,0.31,0.08,3.54,3.53,0.62,0.0,0.08,0.0,0.08,0.0,0.38,0.38,0.62,0.0,0.08,0.0,0.08,0.0,0.0,1.23,1.85,0.08,3.0,0.62,0.85,0.0,0.0,0.0,5.38,0.62,57.1,,,,,,,,,,,,,,,,,,,,,,,,,,,,,Pedro De la Vega,"FW,MF",Seattle Sounders,24-300,,,,,,,,0.023846153846153847,0.023846153846153847,0.016923076923076923,0.09,6.08,2.08,MF,Unknown,0,MF
2039757531,1,2025,11,9,890,9.9,0.0,0.3,0.3,0.0,0.0,0.0,0.2,0.0,0.08,0.08,0.11,0.2,2.73,9.29,3.64,0.0,0.3,0.3,0.0,0.3,0.09,0.11,0.2,0.09,0.2,9.9,67.7,26.8,32.0,7.88,79.7,29.3,35.4,11.0,84.9,91.4,90.6,71.6,1272.5,332.4,67.7,26.8,32.0,7.88,79.7,29.3,35.4,11.0,84.9,91.4,90.6,71.6,67.7,26.8,32.0,7.88,79.7,29.3,35.4,11.0,84.9,91.4,90.6,71.6,67.7,26.8,32.0,7.88,79.7,29.3,35.4,11.0,84.9,91.4,90.6,71.6,0.3,0.18,0.19,1.72,8.08,1.72,0.4,0.0,1.11,0.0,0.0,1.11,0.0,0.0,,23.5,0.0,0.0,0.0,0.08,-0.08,-0.08,86.6,1.62,12.3,51.2,24.0,1.62,86.6,0.91,45.0,0.91,45.0,58.8,0.3,1.11,0.91,69.4,1.11,0.71,0.61,1.11,0.71,53.8,0.61,0.3,0.2,0.3,1.41,0.61,0.1,4.24,4.25,0.0,0.0,0.2,0.1,0.0,0.0,0.51,0.51,0.0,0.0,0.2,0.1,0.0,0.0,0.0,1.82,2.12,0.1,2.93,0.3,0.61,0.1,0.0,0.0,5.56,0.1,50.0,,,,,,,,,,,,,,,,,,,,,,,,,,,,,Rodrigo De Paul,MF,Inter Miami,31-194,,,,Rodrigo De Paul,2025.0,1500000.0,3619320.0,0.0,0.0303030303030303,0.00808080808080808,-0.08,12.02,1.4100000000000001,MF,Unknown,0,MF
7524421161,2,2025,34,30,2570,28.6,0.1,0.1,0.21,0.1,0.0,0.0,0.14,0.0,0.07,0.07,0.1,0.17,1.08,9.44,2.45,0.11,0.11,0.21,0.11,0.21,0.07,0.11,0.17,0.07,0.17,28.6,62.5,31.5,24.7,4.44,71.0,34.0,27.3,6.57,88.0,92.7,90.5,67.6,1019.5,301.0,62.5,31.5,24.7,4.44,71.0,34.0,27.3,6.57,88.0,92.7,90.5,67.6,62.5,31.5,24.7,4.44,71.0,34.0,27.3,6.57,88.0,92.7,90.5,67.6,62.5,31.5,24.7,4.44,71.0,34.0,27.3,6.57,88.0,92.7,90.5,67.6,0.1,0.14,0.0,1.33,9.65,1.54,0.1,0.1,0.63,0.24,38.9,0.63,0.25,0.17,0.43,18.1,0.03,0.0,0.0,0.11,0.04,0.04,80.2,1.96,12.6,49.7,18.6,0.87,80.2,0.59,65.4,0.21,23.1,48.4,0.03,1.29,0.7,60.0,1.99,0.94,1.36,1.99,0.94,48.2,1.01,1.43,1.22,1.29,3.29,0.98,0.0,3.25,3.26,0.07,0.0,0.1,0.0,0.14,0.0,0.49,0.49,0.07,0.0,0.1,0.0,0.14,0.0,0.0,0.94,1.22,0.03,0.91,1.29,1.36,0.0,0.0,0.0,6.33,0.52,46.9,,,,,,,,,,,,,,,,,,,,,,,,,,,,,Marky Delgado,MF,LAFC,30-202,,,,,,,,0.0034965034965034965,0.0034965034965034965,0.0024475524475524478,0.03,10.52,3.2800000000000002,MF,Unknown,0,MF
4395797589,2,2025,30,22,1709,19.0,0.05,0.32,0.37,0.05,0.0,0.0,0.16,0.0,0.11,0.11,0.15,0.26,1.84,3.89,3.79,0.05,0.32,0.37,0.05,0.37,0.1,0.16,0.26,0.1,0.26,19.0,34.3,18.3,10.5,3.47,44.0,20.9,12.5,6.84,78.0,87.7,84.0,50.8,544.6,177.9,34.3,18.3,10.5,3.47,44.0,20.9,12.5,6.84,78.0,87.7,84.0,50.8,34.3,18.3,10.5,3.47,44.0,20.9,12.5,6.84,78.0,87.7,84.0,50.8,34.3,18.3,10.5,3.47,44.0,20.9,12.5,6.84,78.0,87.7,84.0,50.8,0.32,0.15,0.16,1.47,3.53,1.0,0.47,0.05,1.26,0.21,16.7,1.26,0.21,0.04,0.25,22.9,0.05,0.0,0.0,0.08,-0.05,-0.05,54.8,2.16,10.8,26.1,18.6,1.16,54.8,0.63,52.2,0.47,39.1,27.1,0.11,1.63,1.11,36.2,2.0,1.05,1.47,2.0,1.05,60.6,0.68,1.79,1.53,0.84,2.84,1.42,0.11,2.68,2.69,0.0,0.0,0.11,0.0,0.05,0.0,0.42,0.42,0.0,0.0,0.11,0.0,0.05,0.0,0.0,0.89,1.37,0.05,3.53,0.84,1.47,0.0,0.05,0.0,4.05,0.58,26.2,,,,,,,,,,,,,,,,,,,,,,,,,,,,,Patrickson Delgado,"MF,FW",FC Dallas,22-048,Patrickson Delgado,U22 Initiative,2027,Patrickson Delgado,2025.0,234000.0,260280.0,0.002631578947368421,0.016842105263157894,0.005789473684210527,-0.06,5.73,2.84,MF,U22,0,MF
7264754187,1,2025,25,14,1152,12.8,0.0,0.0,0.0,0.0,0.0,0.0,0.08,0.0,0.06,0.06,0.02,0.09,1.33,3.44,1.48,0.0,0.0,0.0,0.0,0.0,0.07,0.02,0.09,0.07,0.09,12.8,37.4,16.5,16.8,3.36,41.3,17.6,18.4,4.22,90.5,93.8,91.5,79.6,647.8,154.8,37.4,16.5,16.8,3.36,41.3,17.6,18.4,4.22,90.5,93.8,91.5,79.6,37.4,16.5,16.8,3.36,41.3,17.6,18.4,4.22,90.5,93.8,91.5,79.6,37.4,16.5,16.8,3.36,41.3,17.6,18.4,4.22,90.5,93.8,91.5,79.6,0.0,0.04,-0.02,0.39,4.92,0.55,0.16,0.0,0.7,0.39,55.6,0.7,0.39,0.0,0.0,17.6,0.0,0.0,0.0,0.09,-0.06,-0.06,53.2,2.97,14.3,27.3,11.8,1.09,53.2,0.31,33.3,0.55,58.3,29.3,0.31,1.02,0.78,34.5,3.36,1.33,2.11,3.36,1.33,60.7,0.86,1.72,1.25,1.95,5.31,1.8,0.0,1.02,1.02,0.0,0.0,0.0,0.0,0.0,0.0,0.16,0.16,0.0,0.0,0.0,0.0,0.0,0.0,0.0,1.88,1.02,0.0,0.63,1.95,2.11,0.0,0.08,0.0,3.44,1.09,35.9,,,,,,,,,,,,,,,,,,,,,,,,,,,,,Djibril Diani,MF,Charlotte,27-296,Djibril Diani,Standard,2025,Djibril Diani,2025.0,300000.0,337944.0,0.0,0.0,0.0046875,-0.06,4.77,5.31,MF,Standard,0,MF
8446243015,1,2025,21,11,1169,13.0,0.15,0.08,0.23,0.15,0.0,0.0,0.31,0.08,0.02,0.02,0.08,0.1,1.23,5.15,0.92,0.15,0.08,0.23,0.15,0.23,0.03,0.08,0.1,0.03,0.1,13.0,54.8,26.1,23.8,4.08,60.4,27.3,26.0,5.31,90.8,95.5,91.4,76.8,912.3,274.5,54.8,26.1,23.8,4.08,60.4,27.3,26.0,5.31,90.8,95.5,91.4,76.8,54.8,26.1,23.8,4.08,60.4,27.3,26.0,5.31,90.8,95.5,91.4,76.8,54.8,26.1,23.8,4.08,60.4,27.3,26.0,5.31,90.8,95.5,91.4,76.8,0.08,0.03,0.0,0.46,5.23,0.31,0.0,0.15,0.38,0.15,40.0,0.38,0.15,0.4,1.0,16.6,0.0,0.0,0.0,0.07,0.13,0.13,71.0,3.69,23.4,41.4,7.38,0.54,71.0,0.77,47.6,0.62,38.1,41.2,0.08,1.54,0.77,51.9,2.15,0.69,1.31,2.15,0.69,39.1,1.08,1.0,0.69,2.15,4.31,1.54,0.23,1.31,1.31,0.0,0.0,0.08,0.0,0.08,0.0,0.15,0.15,0.0,0.0,0.08,0.0,0.08,0.0,0.08,2.08,1.38,0.0,0.08,2.15,1.31,0.0,0.08,0.0,5.38,0.54,46.7,,,,,,,,,,,,,,,,,,,,,,,,,,,,,Innocent Dje,MF,Chicago Fire,22-213,,,,,,,,0.011538461538461537,0.006153846153846154,0.0015384615384615385,0.13,6.380000000000001,4.3,MF,Unknown,0,MF
3261870737,1,2025,24,15,1415,15.7,0.0,0.06,0.06,0.0,0.0,0.0,0.32,0.0,0.06,0.06,0.09,0.15,1.66,5.03,3.25,0.0,0.06,0.06,0.0,0.06,0.07,0.09,0.16,0.07,0.16,15.7,35.9,18.9,14.0,2.04,41.8,20.8,15.8,2.93,86.0,90.8,88.7,69.6,558.7,156.5,35.9,18.9,14.0,2.04,41.8,20.8,15.8,2.93,86.0,90.8,88.7,69.6,35.9,18.9,14.0,2.04,41.8,20.8,15.8,2.93,86.0,90.8,88.7,69.6,35.9,18.9,14.0,2.04,41.8,20.8,15.8,2.93,86.0,90.8,88.7,69.6,0.06,0.06,-0.03,0.96,4.71,0.76,0.0,0.0,1.21,0.19,15.8,1.21,0.19,0.0,0.0,22.2,0.0,0.0,0.0,0.05,-0.06,-0.06,52.5,0.83,9.43,29.8,14.5,0.96,52.5,0.7,50.0,0.57,40.9,31.3,0.25,1.15,1.21,36.6,2.87,1.34,2.29,2.87,1.34,42.9,1.78,1.59,1.53,1.21,4.08,0.76,0.0,2.36,2.36,0.06,0.0,0.0,0.0,0.13,0.0,0.25,0.25,0.06,0.0,0.0,0.0,0.13,0.0,0.0,2.17,1.34,0.0,0.32,1.21,2.29,0.0,0.0,0.0,4.65,0.06,33.3,,,,,,,,,,,,,,,,,,,,,,,,,,,,,Maxime Dominguez,MF,Toronto FC,29-306,,,,Maxime Dominguez,2025.0,235000.0,337577.0,0.0,0.003821656050955414,0.003821656050955414,-0.06,6.69,4.08,MF,Unknown,0,MF
7762285514,2,2025,20,8,867,9.6,0.0,0.21,0.21,0.0,0.0,0.0,0.52,0.0,0.02,0.02,0.1,0.13,1.77,9.27,3.13,0.0,0.21,0.21,0.0,0.21,0.02,0.11,0.12,0.02,0.12,9.6,58.2,27.6,25.1,4.38,66.0,29.8,27.6,5.94,88.2,92.7,90.9,73.7,988.4,337.1,58.2,27.6,25.1,4.38,66.0,29.8,27.6,5.94,88.2,92.7,90.9,73.7,58.2,27.6,25.1,4.38,66.0,29.8,27.6,5.94,88.2,92.7,90.9,73.7,58.2,27.6,25.1,4.38,66.0,29.8,27.6,5.94,88.2,92.7,90.9,73.7,0.21,0.15,0.1,1.67,11.4,1.67,0.0,0.0,0.52,0.1,20.0,0.52,0.1,0.0,0.0,27.9,0.0,0.0,0.0,0.03,-0.02,-0.02,76.0,2.08,11.9,48.2,17.0,1.35,76.0,1.25,75.0,0.42,25.0,44.7,0.31,2.19,0.83,53.4,3.33,0.94,2.5,3.33,0.94,39.1,1.46,0.52,0.42,2.08,5.42,1.15,0.1,3.96,3.94,0.0,0.0,0.0,0.0,0.1,0.0,0.52,0.52,0.0,0.0,0.0,0.0,0.1,0.0,0.0,1.88,0.73,0.1,0.21,2.08,2.5,0.0,0.0,0.0,7.4,0.52,41.7,,,,,,,,,,,,,,,,,,,,,,,,,,,,,Ronald Donkor,MF,NY Red Bulls,21-014,Ronald Donkor,Standard,2026,Ronald Donkor,2025.0,140000.0,165400.0,0.0,0.021875,0.0020833333333333333,-0.02,11.04,5.41,MF,Standard,0,MF
1699791872,2,2025,20,6,545,6.1,0.0,0.0,0.0,0.0,0.0,0.0,0.0,0.0,0.26,0.26,0.08,0.34,2.46,1.64,8.03,0.0,0.0,0.0,0.0,0.0,0.26,0.08,0.34,0.26,0.34,6.1,16.6,11.0,3.28,0.33,29.3,16.1,7.54,0.82,56.4,68.4,43.5,40.0,185.1,39.3,16.6,11.0,3.28,0.33,29.3,16.1,7.54,0.82,56.4,68.4,43.5,40.0,16.6,11.0,3.28,0.33,29.3,16.1,7.54,0.82,56.4,68.4,43.5,40.0,16.6,11.0,3.28,0.33,29.3,16.1,7.54,0.82,56.4,68.4,43.5,40.0,0.0,0.11,-0.08,0.66,1.15,0.33,0.0,0.0,1.64,0.49,30.0,1.65,0.5,0.0,0.0,13.2,0.0,0.0,0.0,0.16,-0.26,-0.26,43.6,0.66,3.93,18.4,22.0,5.57,43.6,0.66,44.4,0.82,55.6,22.8,0.98,3.77,2.46,31.1,1.64,0.82,0.82,1.64,0.82,38.5,1.31,2.95,2.79,0.33,1.97,0.98,0.0,2.95,2.97,0.0,0.0,0.49,0.0,0.0,0.0,0.33,0.33,0.0,0.0,0.49,0.0,0.0,0.0,0.0,0.66,1.64,0.33,0.66,0.33,0.82,0.16,0.0,0.0,5.08,8.36,61.4,,,,,,,,,,,,,,,,,,,,,,,,,,,,,Christopher Donovan,"FW,MF",Philadelphia Union,25-118,,,,,,,,0.0,0.0,0.042622950819672135,-0.26,4.1,1.97,MF,Unknown,0,MF
1805725065,2,2025,8,5,416,4.6,0.22,0.0,0.22,0.22,0.0,0.0,0.43,0.0,0.02,0.02,0.22,0.22,0.65,3.91,2.39,0.22,0.0,0.22,0.22,0.22,0.02,0.21,0.23,0.02,0.23,4.6,27.6,15.9,8.91,1.3,35.9,18.7,11.3,2.17,77.0,84.9,78.8,60.0,389.3,123.9,27.6,15.9,8.91,1.3,35.9,18.7,11.3,2.17,77.0,84.9,78.8,60.0,27.6,15.9,8.91,1.3,35.9,18.7,11.3,2.17,77.0,84.9,78.8,60.0,27.6,15.9,8.91,1.3,35.9,18.7,11.3,2.17,77.0,84.9,78.8,60.0,0.0,0.11,-0.22,1.3,3.26,0.65,0.22,0.22,0.43,0.43,100.0,0.43,0.43,0.5,0.5,20.3,0.0,0.0,0.0,0.05,0.2,0.2,44.3,1.96,12.2,24.8,8.04,0.65,44.3,0.65,60.0,0.43,40.0,18.9,0.22,1.74,0.43,25.2,1.3,0.22,1.09,1.3,0.22,33.3,0.43,1.3,0.65,1.09,2.39,1.96,0.0,1.96,1.95,0.22,0.0,0.0,0.0,0.0,0.0,0.0,0.0,0.22,0.0,0.0,0.0,0.0,0.0,0.0,0.87,1.3,0.0,0.87,1.09,1.09,0.0,0.0,0.0,5.43,0.65,37.5,,,,,,,,,,,,,,,,,,,,,,,,,,,,,Hassani Dotson,MF,Minnesota Utd,28-120,Hassani Dotson,Standard,2025,Hassani Dotson,2025.0,625000.0,682500.0,0.04782608695652174,0.0,0.004347826086956522,0.2,4.5600000000000005,2.39,MF,Standard,0,MF
8842274711,1,2025,22,7,694,7.7,0.0,0.13,0.13,0.0,0.0,0.0,0.26,0.0,0.04,0.04,0.01,0.06,1.3,5.06,0.91,0.0,0.13,0.13,0.0,0.13,0.04,0.02,0.06,0.04,0.06,7.7,38.3,17.9,16.0,2.99,45.3,19.2,18.4,4.68,84.5,93.2,86.6,63.9,636.2,182.6,38.3,17.9,16.0,2.99,45.3,19.2,18.4,4.68,84.5,93.2,86.6,63.9,38.3,17.9,16.0,2.99,45.3,19.2,18.4,4.68,84.5,93.2,86.6,63.9,38.3,17.9,16.0,2.99,45.3,19.2,18.4,4.68,84.5,93.2,86.6,63.9,0.13,0.04,0.12,0.39,4.16,0.39,0.13,0.0,0.39,0.0,0.0,0.39,0.0,0.0,,16.2,0.0,0.0,0.0,0.11,-0.04,-0.04,54.4,3.64,15.5,32.7,7.01,0.52,54.4,0.39,42.9,0.52,57.1,28.6,0.26,0.78,0.65,33.6,2.6,1.17,1.17,2.6,1.17,75.0,0.39,1.69,1.3,0.65,3.25,1.95,0.13,1.56,1.55,0.13,0.13,0.0,0.0,0.13,0.13,0.65,0.65,0.13,0.13,0.0,0.0,0.13,0.13,0.0,2.47,1.04,0.0,0.52,0.65,1.17,0.0,0.26,0.0,5.45,0.52,57.1,,,,,,,,,,,,,,,,,,,,,,,,,,,,,Nicolás Dubersarsky,MF,Austin,20-348,Nicolás Dubersarsky,U22 Initiative,2029,Nicolás Dubersarsky,2025.0,275000.0,297986.0,0.0,0.016883116883116882,0.005194805194805195,-0.04,6.359999999999999,3.25,MF,U22,0,MF
7102978378,3,2025,8,1,158,1.8,0.0,0.56,0.56,0.0,0.0,0.0,1.67,0.0,0.11,0.11,0.17,0.28,2.22,5.0,6.11,0.0,0.57,0.57,0.0,0.57,0.1,0.19,0.3,0.1,0.3,1.8,28.3,18.9,7.22,0.56,34.4,22.2,8.33,1.11,82.3,85.0,86.7,50.0,363.9,147.8,28.3,18.9,7.22,0.56,34.4,22.2,8.33,1.11,82.3,85.0,86.7,50.0,28.3,18.9,7.22,0.56,34.4,22.2,8.33,1.11,82.3,85.0,86.7,50.0,28.3,18.9,7.22,0.56,34.4,22.2,8.33,1.11,82.3,85.0,86.7,50.0,0.56,0.17,0.39,2.22,3.89,1.11,0.0,0.0,1.67,1.11,66.7,1.71,1.14,0.0,0.0,17.2,0.0,0.0,0.0,0.06,-0.11,-0.11,51.1,1.67,12.8,25.0,14.4,3.33,51.1,0.56,25.0,1.67,75.0,27.8,1.67,2.22,2.78,33.9,2.78,0.56,1.67,2.78,0.56,100.0,0.0,0.56,0.56,3.89,6.67,3.89,0.0,3.89,3.99,0.56,0.0,0.0,0.0,0.0,0.0,1.11,1.14,0.56,0.0,0.0,0.0,0.0,0.0,0.0,4.44,1.11,0.0,0.56,3.89,1.67,0.0,0.0,0.0,6.11,0.0,0.0,,,,,,,,,,,,,,,,,,,,,,,,,,,,,Erik Duenas,"MF,FW",Houston Dynamo,21-047,,,,,,,,0.0,0.3111111111111111,0.06111111111111111,-0.11,7.220000000000001,6.67,MF,Unknown,0,MF
5021723266,4,2025,18,7,679,7.5,0.0,0.13,0.13,0.0,0.0,0.0,0.13,0.0,0.08,0.08,0.16,0.24,1.47,4.8,5.07,0.0,0.13,0.13,0.0,0.13,0.08,0.16,0.24,0.08,0.24,7.5,32.1,16.4,11.6,3.07,44.7,20.3,15.3,6.93,71.9,80.9,75.7,44.2,536.9,147.7,32.1,16.4,11.6,3.07,44.7,20.3,15.3,6.93,71.9,80.9,75.7,44.2,32.1,16.4,11.6,3.07,44.7,20.3,15.3,6.93,71.9,80.9,75.7,44.2,32.1,16.4,11.6,3.07,44.7,20.3,15.3,6.93,71.9,80.9,75.7,44.2,0.13,0.12,-0.03,1.87,2.93,0.8,0.27,0.0,1.07,0.53,50.0,1.06,0.53,0.0,0.0,18.1,0.13,0.0,0.0,0.08,-0.08,-0.08,54.1,1.07,9.07,25.1,20.4,1.87,54.1,0.67,33.3,1.2,60.0,26.0,0.4,1.33,0.8,34.9,1.33,0.67,0.67,1.33,0.67,45.5,0.8,1.2,1.2,0.53,1.87,0.8,0.0,4.13,4.11,0.13,0.0,0.4,0.13,0.0,0.0,0.27,0.27,0.13,0.0,0.4,0.13,0.0,0.0,0.0,1.33,2.13,0.0,4.27,0.53,0.67,0.0,0.0,0.0,5.6,0.27,18.2,,,,,,,,,,,,,,,,,,,,,,,,,,,,,Bryce Duke,"MF,FW",CF Montréal,24-279,Bryce Duke,Standard,2025,Bryce Duke,2025.0,350000.0,431875.0,0.0,0.017333333333333333,0.010666666666666666,-0.08,6.27,1.86,MF,Standard,0,MF
5233628278,2,2025,18,14,1104,12.3,0.0,0.08,0.08,0.0,0.0,0.0,0.33,0.08,0.06,0.06,0.04,0.1,0.49,5.45,2.44,0.0,0.08,0.08,0.0,0.08,0.06,0.04,0.1,0.06,0.1,12.3,34.2,17.3,12.8,3.01,43.2,19.7,15.3,5.61,79.3,88.0,84.0,53.6,571.0,189.0,34.2,17.3,12.8,3.01,43.2,19.7,15.3,5.61,79.3,88.0,84.0,53.6,34.2,17.3,12.8,3.01,43.2,19.7,15.3,5.61,79.3,88.0,84.0,53.6,34.2,17.3,12.8,3.01,43.2,19.7,15.3,5.61,79.3,88.0,84.0,53.6,0.08,0.08,0.04,0.49,4.72,0.98,0.24,0.0,0.98,0.24,25.0,0.98,0.24,0.0,0.0,17.5,0.0,0.0,0.0,0.06,-0.06,-0.06,55.9,4.39,15.9,30.5,9.84,1.79,55.9,0.24,60.0,0.16,40.0,24.6,0.24,1.38,0.41,34.0,1.87,0.81,1.22,1.87,0.81,45.5,0.98,1.54,1.14,1.46,3.33,3.66,0.08,1.79,1.79,0.0,0.0,0.08,0.0,0.0,0.0,0.16,0.16,0.0,0.0,0.08,0.0,0.0,0.0,0.0,2.6,0.98,0.16,0.65,1.46,1.22,0.0,0.16,0.0,4.15,1.06,48.1,,,,,,,,,,,,,,,,,,,,,,,,,,,,,Chris Durkin,MF,St. Louis,25-299,Chris Durkin,U22 Initiative,2025,Chris Durkin,2025.0,475000.0,520000.0,0.0,0.0065040650406504065,0.004878048780487804,-0.06,5.94,3.33,MF,U22,0,MF
9864248391,1,2025,26,25,2018,22.4,0.04,0.0,0.04,0.04,0.0,0.0,0.22,0.0,0.03,0.03,0.01,0.04,0.71,6.43,1.16,0.04,0.0,0.04,0.04,0.04,0.03,0.02,0.05,0.03,0.05,22.4,49.6,25.7,20.4,2.86,58.4,28.2,23.2,4.73,84.9,91.0,88.1,60.4,795.2,253.8,49.6,25.7,20.4,2.86,58.4,28.2,23.2,4.73,84.9,91.0,88.1,60.4,49.6,25.7,20.4,2.86,58.4,28.2,23.2,4.73,84.9,91.0,88.1,60.4,49.6,25.7,20.4,2.86,58.4,28.2,23.2,4.73,84.9,91.0,88.1,60.4,0.0,0.04,-0.01,0.31,6.96,0.89,0.04,0.04,0.63,0.18,28.6,0.62,0.18,0.07,0.25,23.4,0.0,0.0,0.0,0.05,0.01,0.01,68.3,2.32,13.5,44.3,10.7,0.18,68.3,0.31,46.7,0.36,53.3,35.6,0.04,1.03,0.67,45.8,1.43,0.8,0.89,1.43,0.8,39.1,1.25,1.16,0.8,1.52,2.95,1.88,0.0,1.38,1.38,0.04,0.0,0.09,0.0,0.09,0.0,0.09,0.09,0.04,0.0,0.09,0.0,0.09,0.0,0.0,0.67,1.79,0.0,0.27,1.52,0.89,0.0,0.0,0.0,6.21,1.25,57.1,,,,,,,,,,,,,,,,,,,,,,,,,,,,,Daniel Edelman,MF,NY Red Bulls,22-220,Daniel Edelman,Standard,2027,Daniel Edelman,2025.0,465000.0,465000.0,0.0017857142857142859,0.0,0.0013392857142857143,0.010000000000000002,7.14,2.95,MF,Standard,0,MF
3611584063,2,2025,28,19,1805,20.1,0.0,0.05,0.05,0.0,0.0,0.0,0.15,0.0,0.01,0.01,0.09,0.1,2.04,4.78,1.89,0.0,0.05,0.05,0.0,0.05,0.01,0.09,0.1,0.01,0.1,20.1,43.8,24.3,14.9,2.24,49.4,26.2,16.6,2.69,88.6,93.0,89.8,83.3,635.2,184.8,43.8,24.3,14.9,2.24,49.4,26.2,16.6,2.69,88.6,93.0,89.8,83.3,43.8,24.3,14.9,2.24,49.4,26.2,16.6,2.69,88.6,93.0,89.8,83.3,43.8,24.3,14.9,2.24,49.4,26.2,16.6,2.69,88.6,93.0,89.8,83.3,0.05,0.07,-0.04,1.0,3.88,0.7,0.1,0.0,0.4,0.05,12.5,0.4,0.05,0.0,0.0,24.0,0.0,0.0,0.0,0.03,-0.01,-0.01,60.2,2.09,13.4,34.9,12.9,0.75,60.2,1.24,55.6,0.85,37.8,34.4,0.0,1.84,0.75,40.8,1.99,0.95,1.14,1.99,0.95,47.5,1.04,1.54,1.14,0.95,2.94,1.29,0.0,2.79,2.79,0.15,0.0,0.2,0.0,0.0,0.0,0.15,0.15,0.15,0.0,0.2,0.0,0.0,0.0,0.0,1.34,2.79,0.0,0.5,0.95,1.14,0.0,0.0,0.0,6.67,0.45,45.0,,,,,,,,,,,,,,,,,,,,,,,,,,,,,Emeka Eneli,MF,Real Salt Lake,26-047,Emeka Eneli,Standard,2028,Emeka Eneli,2025.0,375000.0,416000.0,0.0,0.0024875621890547263,0.0004975124378109452,-0.01,6.82,2.94,MF,Standard,0,MF
7403968617,2,2025,18,10,994,11.0,0.09,0.36,0.45,0.09,0.0,0.0,0.18,0.0,0.25,0.25,0.19,0.45,5.18,1.0,10.5,0.09,0.36,0.45,0.09,0.45,0.25,0.19,0.44,0.25,0.44,11.0,22.3,13.4,7.0,0.73,27.0,14.1,8.91,1.18,82.5,94.8,78.6,61.5,304.6,36.5,22.3,13.4,7.0,0.73,27.0,14.1,8.91,1.18,82.5,94.8,78.6,61.5,22.3,13.4,7.0,0.73,27.0,14.1,8.91,1.18,82.5,94.8,78.6,61.5,22.3,13.4,7.0,0.73,27.0,14.1,8.91,1.18,82.5,94.8,78.6,61.5,0.36,0.19,0.17,1.18,0.45,0.64,0.36,0.09,2.18,0.64,29.2,2.17,0.63,0.04,0.14,16.4,0.0,0.0,0.0,0.12,-0.15,-0.15,39.5,0.64,3.73,10.4,26.0,6.0,39.5,2.09,39.7,2.73,51.7,28.5,2.82,1.82,2.09,30.1,1.0,0.36,0.55,1.0,0.36,100.0,0.0,0.82,0.64,0.18,1.18,1.0,0.0,3.55,3.53,0.55,0.0,0.36,0.09,0.09,0.09,0.55,0.54,0.55,0.0,0.36,0.09,0.09,0.09,0.0,1.09,2.27,0.0,1.73,0.18,0.55,0.0,0.0,0.0,3.55,0.09,25.0,,,,,,,,,,,,,,,,,,,,,,,,,,,,,Lawrence Ennali,"MF,FW",Houston Dynamo,23-272,Lawrence Ennali,U22 Initiative,2026,Lawrence Ennali,2025.0,475000.0,549250.0,0.00818181818181818,0.03272727272727272,0.022727272727272728,-0.16,6.18,1.18,MF,U22,0,MF
6157197212,1,2025,29,17,1636,18.2,0.05,0.0,0.05,0.05,0.0,0.0,0.44,0.0,0.03,0.03,0.02,0.04,0.38,4.89,0.66,0.06,0.0,0.06,0.06,0.06,0.03,0.02,0.04,0.03,0.04,18.2,41.3,19.1,17.9,3.63,48.8,21.2,20.3,5.05,84.6,90.1,87.8,71.7,709.6,199.3,41.3,19.1,17.9,3.63,48.8,21.2,20.3,5.05,84.6,90.1,87.8,71.7,41.3,19.1,17.9,3.63,48.8,21.2,20.3,5.05,84.6,90.1,87.8,71.7,41.3,19.1,17.9,3.63,48.8,21.2,20.3,5.05,84.6,90.1,87.8,71.7,0.0,0.04,-0.02,0.38,4.12,0.55,0.0,0.05,0.49,0.11,22.2,0.5,0.11,0.11,0.5,27.6,0.11,0.0,0.0,0.06,0.03,0.03,57.5,1.1,14.1,36.0,7.86,0.27,57.5,0.44,61.5,0.27,38.5,28.5,0.05,0.82,0.93,36.9,1.98,0.77,1.1,1.98,0.77,38.9,1.21,1.32,1.15,1.54,3.52,1.15,0.22,1.59,1.6,0.05,0.0,0.0,0.0,0.05,0.05,0.16,0.17,0.05,0.0,0.0,0.0,0.05,0.05,0.0,2.64,0.66,0.0,0.11,1.54,1.1,0.0,0.0,0.0,5.82,0.6,37.9,,,,,,,,,,,,,,,,,,,,,,,,,,,,,Boris Enow,MF,D.C. United,25-249,Boris Enow,TAM Player,2027,Boris Enow,2025.0,500000.0,613900.0,0.0027472527472527475,0.0,0.0016483516483516484,0.020000000000000004,5.27,3.52,MF,TAM,0,MF
8312571841,1,2025,13,4,450,5.0,0.2,0.2,0.4,0.2,0.0,0.0,0.2,0.0,0.12,0.12,0.12,0.22,1.8,4.0,2.6,0.2,0.2,0.4,0.2,0.4,0.12,0.11,0.23,0.12,0.23,5.0,19.2,10.4,6.6,1.8,23.4,11.8,8.4,2.4,82.1,88.1,78.6,75.0,313.2,115.4,19.2,10.4,6.6,1.8,23.4,11.8,8.4,2.4,82.1,88.1,78.6,75.0,19.2,10.4,6.6,1.8,23.4,11.8,8.4,2.4,82.1,88.1,78.6,75.0,19.2,10.4,6.6,1.8,23.4,11.8,8.4,2.4,82.1,88.1,78.6,75.0,0.2,0.1,0.08,1.2,2.8,0.8,0.2,0.2,1.6,0.6,37.5,1.6,0.6,0.13,0.33,19.8,0.0,0.0,0.0,0.07,0.08,0.08,35.8,1.0,4.0,16.8,15.6,2.2,35.8,1.2,35.3,1.8,52.9,21.2,0.4,1.4,1.2,23.6,1.6,0.4,0.6,1.6,0.4,100.0,0.0,0.6,0.6,0.4,2.0,0.6,0.0,4.2,4.2,0.8,0.0,0.4,0.4,0.0,0.0,0.6,0.6,0.8,0.0,0.4,0.4,0.0,0.0,0.0,1.8,1.6,0.0,0.4,0.4,0.6,0.0,0.0,0.0,4.4,0.2,20.0,,,,,,,,,,,,,,,,,,,,,,,,,,,,,Olger Escobar,MF,CF Montréal,19-084,,,,Olger Escobar,2025.0,80622.0,86018.0,0.04,0.04,0.024,0.08000000000000002,5.8,2.0,MF,Unknown,0,MF
117697441,2,2025,31,30,2688,29.9,0.13,0.27,0.4,0.1,0.03,0.03,0.27,0.0,0.14,0.11,0.41,0.52,3.44,5.79,8.8,0.13,0.27,0.4,0.1,0.37,0.14,0.41,0.55,0.11,0.52,29.9,39.5,18.9,13.8,5.52,58.3,23.2,18.6,11.9,67.9,81.6,74.1,46.5,703.7,254.3,39.5,18.9,13.8,5.52,58.3,23.2,18.6,11.9,67.9,81.6,74.1,46.5,39.5,18.9,13.8,5.52,58.3,23.2,18.6,11.9,67.9,81.6,74.1,46.5,39.5,18.9,13.8,5.52,58.3,23.2,18.6,11.9,67.9,81.6,74.1,46.5,0.27,0.42,-0.14,3.91,3.31,2.94,0.97,0.13,1.44,0.5,34.9,1.44,0.5,0.07,0.2,22.1,0.27,0.03,0.03,0.08,-0.0,-0.01,69.5,0.9,8.33,26.0,36.4,2.68,69.5,1.27,41.8,1.64,53.8,37.8,0.64,2.68,1.24,43.5,1.44,0.84,0.84,1.44,0.84,48.1,0.9,0.9,0.9,0.67,2.11,0.84,0.07,6.45,6.46,0.23,0.0,0.07,0.03,0.07,0.0,0.67,0.67,0.23,0.0,0.07,0.03,0.07,0.0,0.0,1.27,0.94,0.23,11.4,0.67,0.84,0.0,0.0,0.0,5.25,0.57,43.6,,,,,,,,,,,,,,,,,,,,,,,,,,,,,Cristian Espinoza,"MF,FW",SJ Earthquakes,30-245,Cristian Espinoza,Designated Player,2025,Cristian Espinoza,2025.0,1820000.0,2002000.0,0.004347826086956522,0.009030100334448161,0.004682274247491639,-0.010000000000000009,9.23,2.11,MF,DP,0,MF
4825147994,3,2025,32,31,2737,30.4,0.59,0.46,1.05,0.59,0.0,0.0,0.2,0.0,0.26,0.26,0.3,0.56,3.72,6.25,4.11,0.59,0.46,1.05,0.59,1.05,0.26,0.3,0.56,0.26,0.56,30.4,35.8,16.1,14.0,4.77,45.7,18.5,16.5,8.06,78.4,87.2,84.8,59.2,645.0,209.1,35.8,16.1,14.0,4.77,45.7,18.5,16.5,8.06,78.4,87.2,84.8,59.2,35.8,16.1,14.0,4.77,45.7,18.5,16.5,8.06,78.4,87.2,84.8,59.2,35.8,16.1,14.0,4.77,45.7,18.5,16.5,8.06,78.4,87.2,84.8,59.2,0.46,0.34,0.16,2.53,4.38,2.5,0.2,0.59,3.75,1.71,45.6,3.75,1.71,0.16,0.35,23.4,0.66,0.0,0.0,0.07,0.34,0.34,57.7,0.53,5.72,27.6,25.4,3.26,57.7,1.41,47.8,1.38,46.7,34.7,1.25,2.57,1.28,41.5,1.25,0.63,0.66,1.25,0.63,45.2,0.76,0.99,0.92,0.3,1.55,0.46,0.0,5.82,5.82,0.46,0.07,0.49,0.07,0.07,0.0,0.76,0.76,0.46,0.07,0.49,0.07,0.07,0.0,0.0,1.12,1.45,0.13,4.18,0.3,0.66,0.0,0.0,0.0,4.01,0.26,24.2,,,,,,,,,,,,,,,,,,,,,,,,,,,,,Evander,MF,FC Cincinnati,27-178,Evander,Designated Player,2027,,,,,0.019407894736842107,0.015131578947368423,0.008552631578947369,0.32999999999999996,9.97,1.55,MF,DP,0,MF
1125535826,3,2025,32,29,2464,27.4,0.22,0.07,0.29,0.22,0.0,0.0,0.18,0.0,0.1,0.1,0.13,0.23,1.82,6.9,4.74,0.22,0.07,0.29,0.22,0.29,0.1,0.13,0.23,0.1,0.23,27.4,51.5,28.3,17.5,4.05,60.0,30.3,19.9,7.04,85.9,93.3,88.1,57.5,807.0,247.2,51.5,28.3,17.5,4.05,60.0,30.3,19.9,7.04,85.9,93.3,88.1,57.5,51.5,28.3,17.5,4.05,60.0,30.3,19.9,7.04,85.9,93.3,88.1,57.5,51.5,28.3,17.5,4.05,60.0,30.3,19.9,7.04,85.9,93.3,88.1,57.5,0.07,0.19,-0.06,1.86,5.66,2.08,0.4,0.22,0.95,0.22,23.1,0.95,0.22,0.23,1.0,21.2,0.15,0.0,0.0,0.11,0.12,0.12,66.8,1.13,7.77,31.9,27.7,1.53,66.8,0.4,34.4,0.69,59.4,39.7,0.29,1.13,0.8,51.4,1.06,0.33,0.66,1.06,0.33,37.5,0.55,0.69,0.66,0.22,1.28,0.66,0.04,3.5,3.5,0.07,0.0,0.04,0.0,0.0,0.0,0.07,0.07,0.07,0.0,0.04,0.0,0.0,0.0,0.0,0.95,0.8,0.04,3.58,0.22,0.66,0.0,0.0,0.0,3.61,0.22,30.0,,,,,,,,,,,,,,,,,,,,,,,,,,,,,Diego Fagúndez,"MF,FW",LA Galaxy,30-293,Diego Fagúndez,TAM Player,2025,Diego Fagúndez,2025.0,1250000.0,1310000.0,0.008029197080291971,0.0025547445255474457,0.0036496350364963507,0.12,8.72,1.28,MF,TAM,0,MF
1303851771,1,2025,32,18,1570,17.4,0.29,0.17,0.46,0.29,0.0,0.0,0.23,0.06,0.18,0.18,0.13,0.31,2.93,2.47,6.55,0.29,0.17,0.46,0.29,0.46,0.18,0.13,0.31,0.18,0.31,17.4,18.9,11.5,5.57,0.63,25.6,14.3,7.07,1.21,73.7,80.6,78.9,52.4,250.4,62.4,18.9,11.5,5.57,0.63,25.6,14.3,7.07,1.21,73.7,80.6,78.9,52.4,18.9,11.5,5.57,0.63,25.6,14.3,7.07,1.21,73.7,80.6,78.9,52.4,18.9,11.5,5.57,0.63,25.6,14.3,7.07,1.21,73.7,80.6,78.9,52.4,0.17,0.11,0.05,0.86,1.03,0.8,0.17,0.29,1.67,0.69,41.4,1.66,0.69,0.17,0.42,15.4,0.06,0.0,0.0,0.11,0.1,0.1,38.7,1.9,6.38,14.1,19.4,4.37,38.7,1.38,41.4,1.72,51.7,20.9,1.32,2.87,1.78,26.6,1.26,0.63,0.86,1.26,0.63,57.9,0.46,0.63,0.34,0.29,1.55,1.95,0.0,2.36,2.35,0.17,0.0,0.4,0.06,0.06,0.0,0.29,0.29,0.17,0.0,0.4,0.06,0.06,0.0,0.0,0.92,2.47,0.46,0.52,0.29,0.86,0.06,0.0,0.0,4.54,1.38,34.8,,,,,,,,,,,,,,,,,,,,,,,,,,,,,Logan Farrington,"FW,MF",FC Dallas,23-355,Logan Farrington,Standard,2027,Logan Farrington,2025.0,104000.0,141493.0,0.016666666666666666,0.009770114942528737,0.010344827586206896,0.10999999999999999,5.4,1.55,MF,Standard,0,MF
2567896688,1,2025,32,14,1411,15.7,0.19,0.32,0.51,0.19,0.0,0.0,0.38,0.0,0.21,0.21,0.38,0.59,3.12,4.08,9.62,0.19,0.32,0.51,0.19,0.51,0.21,0.39,0.59,0.21,0.59,15.7,35.4,19.3,11.8,2.48,48.5,22.5,15.2,6.94,72.9,85.6,77.8,35.8,530.3,150.1,35.4,19.3,11.8,2.48,48.5,22.5,15.2,6.94,72.9,85.6,77.8,35.8,35.4,19.3,11.8,2.48,48.5,22.5,15.2,6.94,72.9,85.6,77.8,35.8,35.4,19.3,11.8,2.48,48.5,22.5,15.2,6.94,72.9,85.6,77.8,35.8,0.32,0.32,-0.06,2.87,3.63,1.4,0.06,0.19,2.42,0.64,26.3,2.42,0.64,0.08,0.3,18.2,0.19,0.0,0.0,0.09,-0.02,-0.02,61.7,1.02,8.09,25.2,29.8,4.2,61.7,1.53,42.9,1.72,48.2,36.1,1.02,3.18,0.76,43.1,1.59,0.76,0.76,1.59,0.76,36.4,1.34,1.59,1.46,0.45,2.04,0.64,0.06,4.65,4.66,0.25,0.0,0.13,0.0,0.19,0.0,0.25,0.26,0.25,0.0,0.13,0.0,0.19,0.0,0.0,1.34,1.46,0.06,4.97,0.45,0.76,0.0,0.0,0.0,4.59,0.76,38.7,,,,,,,,,,,,,,,,,,,,,,,,,,,,,Julián Fernández,"FW,MF",NYCFC,21-335,Julián Fernández,U22 Initiative,2027,Julián Fernández,2025.0,660000.0,724300.0,0.012101910828025478,0.020382165605095544,0.01337579617834395,-0.01999999999999999,7.2,2.04,MF,U22,0,MF
9442553698,1,2025,2,2,117,1.3,0.0,0.0,0.0,0.0,0.0,0.0,0.0,0.0,0.08,0.08,0.08,0.15,0.0,2.31,0.77,0.0,0.0,0.0,0.0,0.0,0.07,0.06,0.13,0.07,0.13,1.3,21.5,12.3,8.46,0.77,32.3,14.6,14.6,0.77,66.7,84.2,57.9,100.0,320.0,70.0,21.5,12.3,8.46,0.77,32.3,14.6,14.6,0.77,66.7,84.2,57.9,100.0,21.5,12.3,8.46,0.77,32.3,14.6,14.6,0.77,66.7,84.2,57.9,100.0,21.5,12.3,8.46,0.77,32.3,14.6,14.6,0.77,66.7,84.2,57.9,100.0,0.0,0.08,-0.08,1.54,1.54,0.0,0.0,0.0,2.31,0.0,0.0,2.31,0.0,0.0,,26.0,0.77,0.0,0.0,0.03,-0.08,-0.08,43.8,0.77,7.69,26.2,10.8,0.0,43.8,0.0,0.0,0.77,100.0,20.0,0.0,0.0,0.77,25.4,4.62,1.54,4.62,4.62,1.54,40.0,2.31,0.0,0.0,1.54,6.15,0.77,0.0,1.54,1.54,0.0,0.0,0.0,0.0,0.77,0.0,0.0,0.0,0.0,0.0,0.0,0.0,0.77,0.0,0.0,0.77,1.54,0.0,0.77,1.54,4.62,0.0,0.0,0.0,3.85,0.0,0.0,,,,,,,,,,,,,,,,,,,,,,,,,,,,,Nick Fernandez,MF,SJ Earthquakes,23-347,Nick Fernandez,Standard,2025,Nick Fernandez,2025.0,80622.0,82526.0,0.0,0.0,0.061538461538461535,-0.08,2.31,6.16,MF,Standard,0,MF
930411886,3,2025,8,0,182,2.0,0.0,1.0,1.0,0.0,0.0,0.0,0.0,0.0,0.1,0.1,1.05,1.15,5.0,2.5,9.0,0.0,0.99,0.99,0.0,0.99,0.08,1.06,1.14,0.08,1.14,2.0,21.5,14.5,5.5,0.5,29.0,16.5,8.0,2.0,74.1,87.9,68.8,25.0,287.0,92.0,21.5,14.5,5.5,0.5,29.0,16.5,8.0,2.0,74.1,87.9,68.8,25.0,21.5,14.5,5.5,0.5,29.0,16.5,8.0,2.0,74.1,87.9,68.8,25.0,21.5,14.5,5.5,0.5,29.0,16.5,8.0,2.0,74.1,87.9,68.8,25.0,1.0,0.7,-0.05,4.5,0.5,2.0,1.0,0.0,1.0,0.0,0.0,0.99,0.0,0.0,,15.8,0.0,0.0,0.0,0.08,-0.1,-0.1,44.0,0.5,6.0,9.5,29.0,6.0,44.0,0.5,16.7,2.0,66.7,28.5,2.5,2.0,3.0,29.5,0.5,0.0,0.5,0.5,0.0,0.0,1.5,1.5,1.5,1.0,1.5,1.5,0.0,6.5,6.43,0.5,0.0,0.0,0.0,0.0,0.0,1.0,0.99,0.5,0.0,0.0,0.0,0.0,0.0,0.0,1.5,1.5,0.0,3.0,1.0,0.5,0.0,0.0,0.0,4.5,0.5,25.0,,,,,,,,,,,,,,,,,,,,,,,,,,,,,Omir Fernandez,"MF,FW",Portland Timbers,26-299,,,,Omir Fernandez,2025.0,600000.0,661875.0,0.0,0.5,0.05,-0.1,7.5,1.5,MF,Unknown,0,MF
930411886,4,2025,8,0,182,2.0,0.0,1.0,1.0,0.0,0.0,0.0,0.0,0.0,0.1,0.1,1.05,1.15,5.0,2.5,9.0,0.0,0.99,0.99,0.0,0.99,0.08,1.06,1.14,0.08,1.14,2.0,21.5,14.5,5.5,0.5,29.0,16.5,8.0,2.0,74.1,87.9,68.8,25.0,287.0,92.0,21.5,14.5,5.5,0.5,29.0,16.5,8.0,2.0,74.1,87.9,68.8,25.0,21.5,14.5,5.5,0.5,29.0,16.5,8.0,2.0,74.1,87.9,68.8,25.0,21.5,14.5,5.5,0.5,29.0,16.5,8.0,2.0,74.1,87.9,68.8,25.0,1.0,0.7,-0.05,4.5,0.5,2.0,1.0,0.0,1.0,0.0,0.0,0.99,0.0,0.0,,15.8,0.0,0.0,0.0,0.08,-0.1,-0.1,44.0,0.5,6.0,9.5,29.0,6.0,44.0,0.5,16.7,2.0,66.7,28.5,2.5,2.0,3.0,29.5,0.5,0.0,0.5,0.5,0.0,0.0,1.5,1.5,1.5,1.0,1.5,1.5,0.0,6.5,6.43,0.5,0.0,0.0,0.0,0.0,0.0,1.0,0.99,0.5,0.0,0.0,0.0,0.0,0.0,0.0,1.5,1.5,0.0,3.0,1.0,0.5,0.0,0.0,0.0,4.5,0.5,25.0,,,,,,,,,,,,,,,,,,,,,,,,,,,,,Omir Fernandez,"MF,FW",Portland Timbers,26-299,,,,Omir Fernandez,2025.0,600000.0,661875.0,0.0,0.5,0.05,-0.1,7.5,1.5,MF,Unknown,0,MF
930411886,3,2025,18,3,426,4.7,0.21,0.0,0.21,0.21,0.0,0.0,0.0,0.0,0.17,0.17,0.15,0.32,3.4,4.26,11.9,0.21,0.0,0.21,0.21,0.21,0.16,0.16,0.32,0.16,0.32,4.7,33.4,20.2,11.1,0.85,43.0,22.8,14.0,2.55,77.7,88.8,78.8,33.3,474.7,121.5,33.4,20.2,11.1,0.85,43.0,22.8,14.0,2.55,77.7,88.8,78.8,33.3,33.4,20.2,11.1,0.85,43.0,22.8,14.0,2.55,77.7,88.8,78.8,33.3,33.4,20.2,11.1,0.85,43.0,22.8,14.0,2.55,77.7,88.8,78.8,33.3,0.0,0.19,-0.15,1.06,2.13,1.06,0.21,0.21,1.28,0.43,33.3,1.27,0.42,0.17,0.5,11.8,0.0,0.0,0.0,0.13,0.04,0.04,55.1,0.85,5.11,23.6,26.8,5.11,55.1,1.49,35.0,2.77,65.0,36.6,2.13,2.34,0.64,44.3,1.91,0.64,1.06,1.91,0.64,27.3,1.7,0.64,0.64,0.64,2.55,0.64,0.0,3.4,3.38,0.0,0.0,0.21,0.0,0.0,0.0,0.0,0.0,0.0,0.0,0.21,0.0,0.0,0.0,0.0,1.06,3.19,0.21,2.98,0.64,1.06,0.0,0.0,0.0,4.68,0.43,18.2,,,,,,,,,,,,,,,,,,,,,,,,,,,,,Omir Fernandez,"MF,FW",Portland Timbers,26-299,,,,Omir Fernandez,2025.0,600000.0,661875.0,0.04468085106382978,0.0,0.03617021276595745,0.03999999999999998,7.66,2.55,MF,Unknown,0,MF
930411886,4,2025,18,3,426,4.7,0.21,0.0,0.21,0.21,0.0,0.0,0.0,0.0,0.17,0.17,0.15,0.32,3.4,4.26,11.9,0.21,0.0,0.21,0.21,0.21,0.16,0.16,0.32,0.16,0.32,4.7,33.4,20.2,11.1,0.85,43.0,22.8,14.0,2.55,77.7,88.8,78.8,33.3,474.7,121.5,33.4,20.2,11.1,0.85,43.0,22.8,14.0,2.55,77.7,88.8,78.8,33.3,33.4,20.2,11.1,0.85,43.0,22.8,14.0,2.55,77.7,88.8,78.8,33.3,33.4,20.2,11.1,0.85,43.0,22.8,14.0,2.55,77.7,88.8,78.8,33.3,0.0,0.19,-0.15,1.06,2.13,1.06,0.21,0.21,1.28,0.43,33.3,1.27,0.42,0.17,0.5,11.8,0.0,0.0,0.0,0.13,0.04,0.04,55.1,0.85,5.11,23.6,26.8,5.11,55.1,1.49,35.0,2.77,65.0,36.6,2.13,2.34,0.64,44.3,1.91,0.64,1.06,1.91,0.64,27.3,1.7,0.64,0.64,0.64,2.55,0.64,0.0,3.4,3.38,0.0,0.0,0.21,0.0,0.0,0.0,0.0,0.0,0.0,0.0,0.21,0.0,0.0,0.0,0.0,1.06,3.19,0.21,2.98,0.64,1.06,0.0,0.0,0.0,4.68,0.43,18.2,,,,,,,,,,,,,,,,,,,,,,,,,,,,,Omir Fernandez,"MF,FW",Portland Timbers,26-299,,,,Omir Fernandez,2025.0,600000.0,661875.0,0.04468085106382978,0.0,0.03617021276595745,0.03999999999999998,7.66,2.55,MF,Unknown,0,MF
1331592787,3,2025,32,27,2176,24.2,0.17,0.17,0.33,0.17,0.0,0.0,0.12,0.0,0.22,0.22,0.15,0.37,1.53,4.38,6.49,0.17,0.17,0.33,0.17,0.33,0.22,0.15,0.37,0.22,0.37,24.2,34.9,17.9,13.3,2.64,43.4,20.0,16.5,4.38,80.4,89.3,80.8,60.4,560.0,127.6,34.9,17.9,13.3,2.64,43.4,20.0,16.5,4.38,80.4,89.3,80.8,60.4,34.9,17.9,13.3,2.64,43.4,20.0,16.5,4.38,80.4,89.3,80.8,60.4,34.9,17.9,13.3,2.64,43.4,20.0,16.5,4.38,80.4,89.3,80.8,60.4,0.17,0.14,0.01,1.45,2.64,1.45,0.08,0.17,1.57,0.74,47.4,1.57,0.74,0.11,0.22,17.4,0.08,0.0,0.0,0.14,-0.06,-0.06,50.6,0.5,5.0,23.8,22.0,3.06,50.6,0.25,30.0,0.54,65.0,29.7,0.41,1.32,0.54,38.6,1.24,0.37,0.7,1.24,0.37,34.6,0.7,0.54,0.5,0.7,1.94,0.25,0.0,3.31,3.31,0.08,0.0,0.0,0.0,0.0,0.0,0.41,0.41,0.08,0.0,0.0,0.0,0.0,0.0,0.0,0.91,0.45,0.29,1.86,0.7,0.7,0.0,0.0,0.0,3.06,0.41,41.7,,,,,,,,,,,,,,,,,,,,,,,,,,,,,Jesús Ferreira,"FW,MF",Seattle Sounders,24-345,Jesús Ferreira,TAM Player,2027,Jesús Ferreira,2025.0,1585227.0,1828960.0,0.0070247933884297524,0.0070247933884297524,0.00909090909090909,-0.04999999999999999,5.91,1.94,MF,TAM,0,MF
1599632555,1,2025,19,16,1360,15.1,0.13,0.13,0.26,0.13,0.0,0.0,0.33,0.0,0.07,0.07,0.05,0.12,0.53,3.71,0.33,0.13,0.13,0.26,0.13,0.26,0.06,0.05,0.12,0.06,0.12,15.1,40.1,18.9,15.7,4.3,49.1,20.6,18.8,7.75,81.6,92.0,83.5,55.6,710.7,224.6,40.1,18.9,15.7,4.3,49.1,20.6,18.8,7.75,81.6,92.0,83.5,55.6,40.1,18.9,15.7,4.3,49.1,20.6,18.8,7.75,81.6,92.0,83.5,55.6,40.1,18.9,15.7,4.3,49.1,20.6,18.8,7.75,81.6,92.0,83.5,55.6,0.13,0.03,0.08,0.46,5.56,0.26,0.0,0.13,0.93,0.26,28.6,0.93,0.26,0.14,0.5,19.4,0.0,0.0,0.0,0.07,0.07,0.07,62.6,4.77,19.7,37.1,6.89,0.86,62.6,0.07,20.0,0.26,80.0,30.4,0.07,0.93,0.26,34.6,3.31,1.19,1.85,3.31,1.19,41.9,1.66,1.32,0.99,1.92,5.23,4.04,0.0,1.46,1.46,0.0,0.0,0.07,0.0,0.07,0.07,0.26,0.26,0.0,0.0,0.07,0.0,0.07,0.07,0.0,1.79,1.59,0.07,0.33,1.92,1.85,0.0,0.0,0.0,7.48,1.06,42.1,,,,,,,,,,,,,,,,,,,,,,,,,,,,,Deybi Flores,MF,Toronto FC,29-171,Deybi Flores,TAM Player,2025,,,,,0.00860927152317881,0.00860927152317881,0.004635761589403974,0.06,4.24,5.23,MF,TAM,0,MF
4697299556,2,2025,22,2,335,3.7,0.27,0.27,0.54,0.27,0.0,0.0,0.0,0.0,0.38,0.38,0.43,0.81,1.08,2.16,3.51,0.27,0.27,0.54,0.27,0.54,0.38,0.42,0.81,0.38,0.81,3.7,13.8,7.03,5.41,0.54,21.4,9.73,7.3,1.62,64.6,72.2,74.1,33.3,210.0,34.3,13.8,7.03,5.41,0.54,21.4,9.73,7.3,1.62,64.6,72.2,74.1,33.3,13.8,7.03,5.41,0.54,21.4,9.73,7.3,1.62,64.6,72.2,74.1,33.3,13.8,7.03,5.41,0.54,21.4,9.73,7.3,1.62,64.6,72.2,74.1,33.3,0.27,0.24,-0.16,1.35,0.54,0.0,0.0,0.27,4.59,1.08,23.5,4.57,1.07,0.06,0.25,11.5,0.0,0.0,0.0,0.08,-0.11,-0.11,36.8,1.08,6.22,17.0,15.4,6.49,36.8,1.08,66.7,0.27,16.7,15.9,0.54,2.7,2.16,21.1,1.62,0.0,0.81,1.62,0.0,0.0,1.08,0.81,0.81,0.81,2.43,1.35,0.0,3.51,3.48,0.54,0.0,0.0,0.0,0.0,0.0,0.54,0.54,0.54,0.0,0.0,0.0,0.0,0.0,0.0,1.62,1.35,1.08,0.81,0.81,0.81,0.0,0.0,0.0,4.05,5.68,60.0,,,,,,,,,,,,,,,,,,,,,,,,,,,,,CJ Fodrey,"FW,MF",Austin,21-297,CJ Fodrey,Generation Adidas,2025,CJ Fodrey,2025.0,104000.0,108000.0,0.07297297297297298,0.07297297297297298,0.1027027027027027,-0.10999999999999999,3.24,2.43,MF,GA,0,MF
7883388852,2,2025,33,33,2866,31.8,0.35,0.25,0.6,0.28,0.06,0.06,0.13,0.0,0.32,0.27,0.23,0.5,1.07,4.4,5.6,0.35,0.25,0.6,0.28,0.53,0.32,0.23,0.55,0.27,0.5,31.8,25.3,11.4,10.8,2.64,33.5,13.4,13.0,5.25,75.4,85.4,82.9,50.3,444.6,116.2,25.3,11.4,10.8,2.64,33.5,13.4,13.0,5.25,75.4,85.4,82.9,50.3,25.3,11.4,10.8,2.64,33.5,13.4,13.0,5.25,75.4,85.4,82.9,50.3,25.3,11.4,10.8,2.64,33.5,13.4,13.0,5.25,75.4,85.4,82.9,50.3,0.25,0.21,0.02,1.64,3.08,1.38,0.06,0.35,2.01,0.69,34.4,2.01,0.69,0.14,0.41,21.0,0.44,0.06,0.06,0.13,0.03,0.02,40.9,0.13,1.54,19.4,20.5,2.48,40.8,0.63,39.2,0.94,58.8,24.2,0.35,1.64,1.01,29.7,0.66,0.28,0.5,0.66,0.28,47.4,0.31,0.41,0.38,0.22,0.88,0.31,0.03,3.43,3.42,0.13,0.03,0.35,0.0,0.0,0.0,0.44,0.44,0.13,0.03,0.35,0.0,0.0,0.0,0.0,0.85,1.13,0.44,3.62,0.22,0.5,0.0,0.0,0.0,2.74,0.38,34.3,,,,,,,,,,,,,,,,,,,,,,,,,,,,,Emil Forsberg,"MF,FW",NY Red Bulls,34-042,Emil Forsberg,Designated Player,2026,Emil Forsberg,2025.0,5405000.0,6035625.0,0.0110062893081761,0.007861635220125786,0.010062893081761006,0.02999999999999997,5.470000000000001,0.88,MF,DP,0,MF
2793736203,1,2025,6,5,400,4.4,0.0,0.91,0.91,0.0,0.0,0.0,0.23,0.0,0.02,0.02,0.41,0.43,1.59,5.91,2.5,0.0,0.9,0.9,0.0,0.9,0.03,0.41,0.44,0.03,0.44,4.4,58.4,26.8,25.5,5.0,71.4,29.5,28.6,10.5,81.8,90.8,88.9,47.8,1010.9,321.8,58.4,26.8,25.5,5.0,71.4,29.5,28.6,10.5,81.8,90.8,88.9,47.8,58.4,26.8,25.5,5.0,71.4,29.5,28.6,10.5,81.8,90.8,88.9,47.8,58.4,26.8,25.5,5.0,71.4,29.5,28.6,10.5,81.8,90.8,88.9,47.8,0.91,0.39,0.5,2.73,6.14,2.27,0.0,0.0,1.14,0.23,20.0,1.13,0.23,0.0,0.0,25.7,0.0,0.0,0.0,0.03,-0.02,-0.02,79.3,2.73,21.4,38.6,19.8,1.59,79.3,0.91,44.4,1.14,55.6,46.1,0.45,2.73,0.68,62.5,1.36,0.45,0.68,1.36,0.45,25.0,1.36,0.91,0.91,0.45,1.82,0.23,0.23,5.23,5.18,0.23,0.23,0.23,0.23,0.0,0.0,1.59,1.58,0.23,0.23,0.23,0.23,0.0,0.0,0.0,0.91,1.14,0.0,4.55,0.45,0.68,0.0,0.0,0.0,2.5,0.45,40.0,,,,,,,,,,,,,,,,,,,,,,,,,,,,,André Franco,MF,Chicago Fire,27-236,,,,André Franco,2025.0,650000.0,697083.0,0.0,0.20681818181818182,0.004545454545454545,-0.02,7.5,1.81,MF,Unknown,0,MF
4732974959,1,2025,9,2,222,2.5,0.0,0.0,0.0,0.0,0.0,0.0,1.2,0.4,0.04,0.04,0.0,0.04,0.8,1.6,2.0,0.0,0.0,0.0,0.0,0.0,0.03,0.0,0.03,0.03,0.03,2.5,30.0,17.2,8.4,0.8,36.0,19.6,10.4,1.6,83.3,87.8,80.8,50.0,378.4,124.0,30.0,17.2,8.4,0.8,36.0,19.6,10.4,1.6,83.3,87.8,80.8,50.0,30.0,17.2,8.4,0.8,36.0,19.6,10.4,1.6,83.3,87.8,80.8,50.0,30.0,17.2,8.4,0.8,36.0,19.6,10.4,1.6,83.3,87.8,80.8,50.0,0.0,0.08,0.0,0.0,3.6,0.4,0.0,0.0,0.8,0.0,0.0,0.81,0.0,0.0,,17.3,0.0,0.0,0.0,0.04,-0.04,-0.04,55.2,7.6,16.0,30.8,9.6,2.8,55.2,0.8,66.7,0.4,33.3,21.2,0.8,2.8,0.0,28.0,1.6,0.0,0.0,1.6,0.0,0.0,1.6,2.8,1.6,2.8,4.4,5.2,0.0,0.0,0.0,0.0,0.0,0.0,0.0,0.0,0.0,0.0,0.0,0.0,0.0,0.0,0.0,0.0,0.0,0.0,3.2,1.2,0.0,0.4,2.8,0.0,0.0,0.0,0.0,5.2,3.6,75.0,,,,,,,,,,,,,,,,,,,,,,,,,,,,,Wayne Frederick,MF,Colorado Rapids,21-174,Wayne Frederick,Standard,2026,Wayne Frederick,2025.0,104000.0,104000.0,0.0,0.0,0.016,-0.04,2.4000000000000004,4.4,MF,Standard,0,MF
1024947744,1,2025,20,19,1574,17.5,0.17,0.11,0.29,0.17,0.0,0.0,0.06,0.0,0.35,0.35,0.1,0.46,1.6,1.2,6.46,0.17,0.11,0.29,0.17,0.29,0.35,0.11,0.46,0.35,0.46,17.5,14.5,7.37,5.26,0.63,20.5,9.6,6.86,1.37,70.5,76.8,76.7,45.8,204.6,33.2,14.5,7.37,5.26,0.63,20.5,9.6,6.86,1.37,70.5,76.8,76.7,45.8,14.5,7.37,5.26,0.63,20.5,9.6,6.86,1.37,70.5,76.8,76.7,45.8,14.5,7.37,5.26,0.63,20.5,9.6,6.86,1.37,70.5,76.8,76.7,45.8,0.11,0.08,0.01,0.63,0.8,0.34,0.0,0.17,2.23,0.86,38.5,2.23,0.86,0.08,0.2,12.9,0.0,0.0,0.0,0.16,-0.18,-0.18,30.8,0.97,4.4,13.7,13.2,5.14,30.8,0.57,33.3,0.74,43.3,18.6,0.91,2.17,1.09,22.4,0.97,0.4,0.86,0.97,0.4,36.8,0.69,0.57,0.46,0.23,1.2,1.14,0.0,1.6,1.6,0.0,0.0,0.23,0.11,0.06,0.0,0.34,0.34,0.0,0.0,0.23,0.11,0.06,0.0,0.0,1.09,2.06,0.69,0.63,0.23,0.86,0.11,0.0,0.0,3.09,2.4,39.6,,,,,,,,,,,,,,,,,,,,,,,,,,,,,Ignatius Ganago,"FW,MF",NE Revolution,26-291,Ignatius Ganago,TAM Player,July 2025,Ignatius Ganago,2025.0,1300000.0,1300000.0,0.009714285714285715,0.006285714285714286,0.02,-0.17999999999999997,2.8,1.2,MF,TAM,0,MF
6478288644,1,2025,2,0,12,0.1,0.0,0.0,0.0,0.0,0.0,0.0,0.0,0.0,0.0,0.0,0.0,0.0,0.0,0.0,10.0,0.0,0.0,0.0,0.0,0.0,0.0,0.0,0.0,0.0,0.0,0.1,40.0,30.0,10.0,0.0,70.0,30.0,40.0,0.0,57.1,100.0,25.0,,520.0,10.0,40.0,30.0,10.0,0.0,70.0,30.0,40.0,0.0,57.1,100.0,25.0,,40.0,30.0,10.0,0.0,70.0,30.0,40.0,0.0,57.1,100.0,25.0,,40.0,30.0,10.0,0.0,70.0,30.0,40.0,0.0,57.1,100.0,25.0,,0.0,0.0,0.0,0.0,0.0,0.0,0.0,0.0,0.0,0.0,,0.0,0.0,,,,0.0,0.0,0.0,,0.0,0.0,160.0,40.0,80.0,60.0,20.0,10.0,160.0,0.0,0.0,10.0,100.0,50.0,0.0,10.0,10.0,50.0,0.0,0.0,0.0,0.0,0.0,,0.0,20.0,20.0,0.0,0.0,30.0,0.0,0.0,0.0,0.0,0.0,0.0,0.0,0.0,0.0,0.0,0.0,0.0,0.0,0.0,0.0,0.0,0.0,0.0,0.0,0.0,0.0,10.0,0.0,0.0,0.0,0.0,0.0,0.0,0.0,,,,,,,,,,,,,,,,,,,,,,,,,,,,,,Diego García,MF,FC Dallas,19-048,,,,Diego García,2025.0,80622.0,94263.0,0.0,0.0,0.0,0.0,0.0,0.0,MF,Unknown,0,MF
4068845918,1,2025,27,23,2094,23.3,0.09,0.3,0.39,0.09,0.0,0.0,0.21,0.0,0.06,0.06,0.16,0.22,2.02,9.27,2.53,0.09,0.3,0.39,0.09,0.39,0.06,0.16,0.22,0.06,0.22,23.3,41.2,18.2,14.2,7.42,52.3,21.2,17.6,10.5,78.8,86.0,81.2,70.9,796.2,258.9,41.2,18.2,14.2,7.42,52.3,21.2,17.6,10.5,78.8,86.0,81.2,70.9,41.2,18.2,14.2,7.42,52.3,21.2,17.6,10.5,78.8,86.0,81.2,70.9,41.2,18.2,14.2,7.42,52.3,21.2,17.6,10.5,78.8,86.0,81.2,70.9,0.3,0.21,0.14,1.89,8.2,2.45,0.39,0.09,0.9,0.21,23.8,0.9,0.21,0.1,0.4,20.5,0.0,0.0,0.0,0.07,0.03,0.03,62.4,0.82,6.27,30.4,26.7,1.2,62.4,1.63,47.5,1.67,48.8,39.6,0.17,1.93,1.37,47.8,1.29,0.6,0.99,1.29,0.6,42.4,0.82,0.73,0.64,0.47,1.76,0.6,0.13,4.08,4.08,0.3,0.0,0.34,0.04,0.13,0.04,0.47,0.47,0.3,0.0,0.34,0.04,0.13,0.04,0.0,1.12,2.06,0.09,2.4,0.47,0.99,0.0,0.0,0.0,4.42,0.13,18.8,,,,,,,,,,,,,,,,,,,,,,,,,,,,,Manu García,MF,Sporting KC,27-336,,,,Manu García,2025.0,2100000.0,2325313.0,0.0038626609442060085,0.012875536480686695,0.0025751072961373387,0.03,11.29,1.76,MF,Unknown,0,MF
5237463302,1,2025,6,3,245,2.7,0.37,0.37,0.74,0.37,0.0,0.0,0.37,0.0,0.33,0.33,0.19,0.52,1.48,6.3,11.1,0.37,0.37,0.73,0.37,0.73,0.33,0.2,0.52,0.33,0.52,2.7,40.4,18.9,15.9,4.44,52.6,21.1,20.4,8.52,76.8,89.5,78.2,52.2,704.1,185.6,40.4,18.9,15.9,4.44,52.6,21.1,20.4,8.52,76.8,89.5,78.2,52.2,40.4,18.9,15.9,4.44,52.6,21.1,20.4,8.52,76.8,89.5,78.2,52.2,40.4,18.9,15.9,4.44,52.6,21.1,20.4,8.52,76.8,89.5,78.2,52.2,0.37,0.3,0.19,2.59,1.85,1.48,0.0,0.37,2.96,1.48,50.0,2.94,1.47,0.13,0.25,14.8,0.37,0.0,0.0,0.11,0.04,0.04,65.6,0.0,3.33,26.7,36.7,6.3,65.6,0.0,0.0,0.37,100.0,35.6,0.37,1.85,1.48,45.2,3.33,2.59,1.48,3.33,2.59,63.6,1.48,1.48,1.48,1.48,4.81,0.0,0.0,6.3,6.24,0.0,0.0,0.0,0.0,0.0,0.0,0.74,0.73,0.0,0.0,0.0,0.0,0.0,0.0,0.0,1.11,0.37,0.37,5.19,1.48,1.48,0.0,0.0,0.0,4.81,1.11,50.0,,,,,,,,,,,,,,,,,,,,,,,,,,,,,Ryan Gauld,"FW,MF",Vancouver W'caps,29-353,Ryan Gauld,Designated Player,2027,Ryan Gauld,2025.0,3500000.0,3675000.0,0.137037037037037,0.137037037037037,0.12222222222222222,0.03999999999999998,7.779999999999999,4.8100000000000005,MF,DP,0,MF
9004597246,2,2025,6,6,494,5.5,0.36,0.36,0.73,0.36,0.0,0.0,0.18,0.0,0.2,0.2,0.53,0.73,1.09,3.64,5.64,0.36,0.36,0.73,0.36,0.73,0.2,0.53,0.73,0.2,0.73,5.5,32.7,19.3,10.2,0.91,40.4,21.6,11.5,2.36,81.1,89.1,88.9,38.5,437.8,108.7,32.7,19.3,10.2,0.91,40.4,21.6,11.5,2.36,81.1,89.1,88.9,38.5,32.7,19.3,10.2,0.91,40.4,21.6,11.5,2.36,81.1,89.1,88.9,38.5,32.7,19.3,10.2,0.91,40.4,21.6,11.5,2.36,81.1,89.1,88.9,38.5,0.36,0.25,-0.16,2.18,4.36,1.27,0.55,0.36,0.91,0.55,60.0,0.91,0.55,0.4,0.67,9.2,0.0,0.0,0.0,0.22,0.16,0.16,48.9,0.18,4.18,26.9,18.4,3.64,48.9,0.18,10.0,1.64,90.0,29.8,0.18,1.27,0.91,36.9,2.36,1.27,1.64,2.36,1.27,58.3,0.91,0.73,0.73,0.18,2.55,0.18,0.18,4.0,4.01,0.0,0.0,0.36,0.0,0.18,0.0,0.55,0.55,0.0,0.0,0.36,0.0,0.18,0.0,0.0,1.09,2.0,0.36,0.91,0.18,1.64,0.0,0.0,0.0,4.73,0.0,0.0,,,,,,,,,,,,,,,,,,,,,,,,,,,,,Dániel Gazdag,"MF,FW",Columbus Crew,29-277,Dániel Gazdag,Designated Player,2025,Dániel Gazdag,2025.0,2000004.0,2597643.0,0.06545454545454545,0.06545454545454545,0.03636363636363637,0.15999999999999998,4.73,2.54,MF,DP,0,MF
9004597246,3,2025,6,6,494,5.5,0.36,0.36,0.73,0.36,0.0,0.0,0.18,0.0,0.2,0.2,0.53,0.73,1.09,3.64,5.64,0.36,0.36,0.73,0.36,0.73,0.2,0.53,0.73,0.2,0.73,5.5,32.7,19.3,10.2,0.91,40.4,21.6,11.5,2.36,81.1,89.1,88.9,38.5,437.8,108.7,32.7,19.3,10.2,0.91,40.4,21.6,11.5,2.36,81.1,89.1,88.9,38.5,32.7,19.3,10.2,0.91,40.4,21.6,11.5,2.36,81.1,89.1,88.9,38.5,32.7,19.3,10.2,0.91,40.4,21.6,11.5,2.36,81.1,89.1,88.9,38.5,0.36,0.25,-0.16,2.18,4.36,1.27,0.55,0.36,0.91,0.55,60.0,0.91,0.55,0.4,0.67,9.2,0.0,0.0,0.0,0.22,0.16,0.16,48.9,0.18,4.18,26.9,18.4,3.64,48.9,0.18,10.0,1.64,90.0,29.8,0.18,1.27,0.91,36.9,2.36,1.27,1.64,2.36,1.27,58.3,0.91,0.73,0.73,0.18,2.55,0.18,0.18,4.0,4.01,0.0,0.0,0.36,0.0,0.18,0.0,0.55,0.55,0.0,0.0,0.36,0.0,0.18,0.0,0.0,1.09,2.0,0.36,0.91,0.18,1.64,0.0,0.0,0.0,4.73,0.0,0.0,,,,,,,,,,,,,,,,,,,,,,,,,,,,,Dániel Gazdag,"MF,FW",Columbus Crew,29-277,Dániel Gazdag,Designated Player,2025,Dániel Gazdag,2025.0,2000004.0,2597643.0,0.06545454545454545,0.06545454545454545,0.03636363636363637,0.15999999999999998,4.73,2.54,MF,DP,0,MF
9004597246,2,2025,26,23,2060,22.9,0.17,0.13,0.31,0.09,0.09,0.09,0.22,0.0,0.35,0.28,0.11,0.4,1.83,6.72,7.51,0.17,0.13,0.31,0.09,0.22,0.35,0.11,0.47,0.28,0.4,22.9,42.2,25.8,12.6,1.4,48.4,28.5,14.0,1.97,87.2,90.4,90.0,71.1,569.1,137.3,42.2,25.8,12.6,1.4,48.4,28.5,14.0,1.97,87.2,90.4,90.0,71.1,42.2,25.8,12.6,1.4,48.4,28.5,14.0,1.97,87.2,90.4,90.0,71.1,42.2,25.8,12.6,1.4,48.4,28.5,14.0,1.97,87.2,90.4,90.0,71.1,0.13,0.11,0.02,0.83,4.5,1.09,0.09,0.17,1.79,0.66,36.6,1.79,0.66,0.05,0.13,12.3,0.0,0.09,0.09,0.16,-0.18,-0.2,56.9,0.35,3.89,27.3,26.0,3.71,56.9,0.44,34.5,0.66,51.7,38.5,0.26,1.88,1.14,50.0,0.87,0.35,0.48,0.87,0.35,29.6,0.83,0.79,0.66,0.31,1.18,0.17,0.0,2.27,2.27,0.09,0.0,0.13,0.09,0.0,0.0,0.35,0.35,0.09,0.0,0.13,0.09,0.0,0.0,0.0,1.22,2.31,0.52,0.39,0.31,0.48,0.04,0.0,0.0,2.75,0.35,38.1,,,,,,,,,,,,,,,,,,,,,,,,,,,,,Dániel Gazdag,"MF,FW",Columbus Crew,29-277,Dániel Gazdag,Designated Player,2025,Dániel Gazdag,2025.0,2000004.0,2597643.0,0.0074235807860262015,0.005676855895196507,0.015283842794759825,-0.17999999999999997,8.55,1.18,MF,DP,0,MF
9004597246,3,2025,26,23,2060,22.9,0.17,0.13,0.31,0.09,0.09,0.09,0.22,0.0,0.35,0.28,0.11,0.4,1.83,6.72,7.51,0.17,0.13,0.31,0.09,0.22,0.35,0.11,0.47,0.28,0.4,22.9,42.2,25.8,12.6,1.4,48.4,28.5,14.0,1.97,87.2,90.4,90.0,71.1,569.1,137.3,42.2,25.8,12.6,1.4,48.4,28.5,14.0,1.97,87.2,90.4,90.0,71.1,42.2,25.8,12.6,1.4,48.4,28.5,14.0,1.97,87.2,90.4,90.0,71.1,42.2,25.8,12.6,1.4,48.4,28.5,14.0,1.97,87.2,90.4,90.0,71.1,0.13,0.11,0.02,0.83,4.5,1.09,0.09,0.17,1.79,0.66,36.6,1.79,0.66,0.05,0.13,12.3,0.0,0.09,0.09,0.16,-0.18,-0.2,56.9,0.35,3.89,27.3,26.0,3.71,56.9,0.44,34.5,0.66,51.7,38.5,0.26,1.88,1.14,50.0,0.87,0.35,0.48,0.87,0.35,29.6,0.83,0.79,0.66,0.31,1.18,0.17,0.0,2.27,2.27,0.09,0.0,0.13,0.09,0.0,0.0,0.35,0.35,0.09,0.0,0.13,0.09,0.0,0.0,0.0,1.22,2.31,0.52,0.39,0.31,0.48,0.04,0.0,0.0,2.75,0.35,38.1,,,,,,,,,,,,,,,,,,,,,,,,,,,,,Dániel Gazdag,"MF,FW",Columbus Crew,29-277,Dániel Gazdag,Designated Player,2025,Dániel Gazdag,2025.0,2000004.0,2597643.0,0.0074235807860262015,0.005676855895196507,0.015283842794759825,-0.17999999999999997,8.55,1.18,MF,DP,0,MF
1063838090,1,2025,22,5,655,7.3,0.0,0.0,0.0,0.0,0.0,0.0,0.0,0.0,0.03,0.03,0.0,0.03,0.68,3.7,2.19,0.0,0.0,0.0,0.0,0.0,0.03,0.01,0.03,0.03,0.03,7.3,36.0,20.8,13.2,1.1,41.4,24.0,14.4,1.23,87.1,86.9,91.4,88.9,522.1,173.0,36.0,20.8,13.2,1.1,41.4,24.0,14.4,1.23,87.1,86.9,91.4,88.9,36.0,20.8,13.2,1.1,41.4,24.0,14.4,1.23,87.1,86.9,91.4,88.9,36.0,20.8,13.2,1.1,41.4,24.0,14.4,1.23,87.1,86.9,91.4,88.9,0.0,0.04,0.0,0.27,3.15,0.68,0.0,0.0,0.55,0.14,25.0,0.55,0.14,0.0,0.0,21.4,0.0,0.0,0.0,0.05,-0.03,-0.03,51.6,2.74,15.5,27.1,9.45,0.96,51.6,1.1,72.7,0.41,27.3,24.7,0.14,0.96,1.64,31.6,1.37,0.82,0.96,1.37,0.82,50.0,0.82,2.05,1.23,1.51,2.88,1.37,0.0,0.96,0.96,0.0,0.0,0.0,0.0,0.0,0.0,0.27,0.27,0.0,0.0,0.0,0.0,0.0,0.0,0.0,1.78,1.1,0.0,0.27,1.51,0.96,0.0,0.0,0.0,5.21,1.1,44.4,,,,,,,,,,,,,,,,,,,,,,,,,,,,,Owen Géne,MF,Minnesota Utd,22-260,,,,,,,,0.0,0.0,0.00410958904109589,-0.03,4.38,2.88,MF,Unknown,0,MF
8205579261,1,2025,1,0,5,0.1,0.0,0.0,0.0,0.0,0.0,0.0,0.0,0.0,0.0,0.0,0.0,0.0,0.0,0.0,10.0,0.0,0.0,0.0,0.0,0.0,0.0,0.0,0.0,0.0,0.0,0.1,0.0,0.0,0.0,0.0,10.0,0.0,10.0,0.0,0.0,,0.0,,0.0,0.0,0.0,0.0,0.0,0.0,10.0,0.0,10.0,0.0,0.0,,0.0,,0.0,0.0,0.0,0.0,10.0,0.0,10.0,0.0,0.0,,0.0,,0.0,0.0,0.0,0.0,10.0,0.0,10.0,0.0,0.0,,0.0,,0.0,0.0,0.0,0.0,0.0,0.0,0.0,0.0,0.0,0.0,,0.0,0.0,,,,0.0,0.0,0.0,,0.0,0.0,40.0,0.0,10.0,20.0,10.0,0.0,40.0,0.0,0.0,10.0,100.0,10.0,0.0,0.0,0.0,10.0,0.0,0.0,0.0,0.0,0.0,,0.0,10.0,10.0,0.0,0.0,10.0,0.0,0.0,0.0,0.0,0.0,0.0,0.0,0.0,0.0,0.0,0.0,0.0,0.0,0.0,0.0,0.0,0.0,0.0,0.0,0.0,0.0,0.0,0.0,0.0,0.0,0.0,0.0,0.0,0.0,,,,,,,,,,,,,,,,,,,,,,,,,,,,,,Sharod George,MF,NE Revolution,21-208,,,,,,,,0.0,0.0,0.0,0.0,0.0,0.0,MF,Unknown,0,MF
7790113677,1,2025,20,13,1117,12.4,0.0,0.08,0.08,0.0,0.0,0.0,0.16,0.0,0.01,0.01,0.03,0.04,0.24,4.52,0.4,0.0,0.08,0.08,0.0,0.08,0.0,0.03,0.04,0.0,0.04,12.4,42.5,20.9,17.3,3.31,47.3,22.6,18.7,4.35,89.9,92.5,92.7,75.9,711.7,207.9,42.5,20.9,17.3,3.31,47.3,22.6,18.7,4.35,89.9,92.5,92.7,75.9,42.5,20.9,17.3,3.31,47.3,22.6,18.7,4.35,89.9,92.5,92.7,75.9,42.5,20.9,17.3,3.31,47.3,22.6,18.7,4.35,89.9,92.5,92.7,75.9,0.08,0.05,0.05,0.4,6.05,0.32,0.0,0.0,0.24,0.0,0.0,0.24,0.0,0.0,,29.3,0.0,0.0,0.0,0.02,-0.01,-0.01,56.2,2.66,15.0,34.3,7.1,0.16,56.2,0.4,55.6,0.16,22.2,28.4,0.0,0.81,0.32,36.1,1.85,0.65,1.37,1.85,0.65,61.5,0.4,1.29,0.81,1.13,2.98,1.77,0.0,1.45,1.45,0.0,0.0,0.16,0.08,0.0,0.0,0.16,0.16,0.0,0.0,0.16,0.08,0.0,0.0,0.0,0.97,2.02,0.0,0.0,1.13,1.37,0.08,0.0,0.0,3.95,1.53,47.5,,,,,,,,,,,,,,,,,,,,,,,,,,,,,Joran Gerbet,MF,Orlando City,24-157,Joran Gerbet,Standard,2026,Joran Gerbet,2025.0,80622.0,80622.0,0.0,0.0064516129032258064,0.0008064516129032258,-0.01,4.76,2.98,MF,Standard,0,MF
4368956749,1,2025,5,3,301,3.3,0.0,0.0,0.0,0.0,0.0,0.0,0.61,0.0,0.03,0.03,0.03,0.06,0.91,3.94,1.52,0.0,0.0,0.0,0.0,0.0,0.04,0.02,0.06,0.04,0.06,3.3,46.1,17.6,23.9,3.94,52.7,19.1,25.8,6.06,87.4,92.1,92.9,65.0,842.4,207.6,46.1,17.6,23.9,3.94,52.7,19.1,25.8,6.06,87.4,92.1,92.9,65.0,46.1,17.6,23.9,3.94,52.7,19.1,25.8,6.06,87.4,92.1,92.9,65.0,46.1,17.6,23.9,3.94,52.7,19.1,25.8,6.06,87.4,92.1,92.9,65.0,0.0,0.06,-0.03,0.3,3.64,0.3,0.0,0.0,0.61,0.3,50.0,0.6,0.3,0.0,0.0,23.6,0.0,0.0,0.0,0.07,-0.03,-0.03,70.6,7.27,20.3,41.8,9.09,0.91,70.6,0.3,33.3,0.61,66.7,38.2,0.0,2.42,0.91,43.6,3.64,1.52,1.21,3.64,1.52,55.6,1.21,1.82,0.91,0.61,4.24,4.24,0.0,1.21,1.2,0.0,0.0,0.3,0.0,0.0,0.0,0.0,0.0,0.0,0.0,0.3,0.0,0.0,0.0,0.0,1.52,0.91,0.0,0.0,0.61,1.21,0.0,0.0,0.0,8.79,0.61,66.7,,,,,,,,,,,,,,,,,,,,,,,,,,,,,Samuel Gidi,MF,FC Cincinnati,21-233,,,,Samuel Gidi,2025.0,540000.0,611050.0,0.0,0.0,0.00909090909090909,-0.03,4.85,4.25,MF,Unknown,0,MF
2789099226,2,2025,34,34,3054,33.9,0.29,0.27,0.56,0.15,0.15,0.15,0.09,0.0,0.24,0.12,0.3,0.42,4.48,11.5,4.45,0.29,0.27,0.56,0.15,0.41,0.24,0.3,0.54,0.12,0.42,33.9,49.3,20.8,19.2,7.88,63.3,23.2,23.0,13.1,77.8,89.8,83.4,60.3,940.1,341.4,49.3,20.8,19.2,7.88,63.3,23.2,23.0,13.1,77.8,89.8,83.4,60.3,49.3,20.8,19.2,7.88,63.3,23.2,23.0,13.1,77.8,89.8,83.4,60.3,49.3,20.8,19.2,7.88,63.3,23.2,23.0,13.1,77.8,89.8,83.4,60.3,0.27,0.35,-0.04,3.01,8.14,3.45,0.65,0.29,2.12,0.74,34.7,2.12,0.74,0.07,0.2,26.5,0.38,0.15,0.15,0.06,0.06,0.03,72.6,0.27,6.49,38.8,28.1,1.56,72.5,2.09,48.3,1.8,41.5,50.2,0.44,1.8,1.3,56.2,0.94,0.56,0.68,0.94,0.56,41.3,0.8,0.38,0.35,0.38,1.33,0.24,0.0,6.31,6.31,0.32,0.03,0.47,0.15,0.06,0.0,0.62,0.62,0.32,0.03,0.47,0.15,0.06,0.0,0.0,0.41,3.01,0.03,5.84,0.38,0.68,0.06,0.0,0.0,4.19,0.12,80.0,,,,,,,,,,,,,,,,,,,,,,,,,,,,,Carles Gil,"MF,FW",NE Revolution,33-012,Carles Gil,Designated Player,2026,Carles Gil,2025.0,4250000.0,4702083.0,0.00855457227138643,0.007964601769911506,0.007079646017699115,0.04999999999999999,15.98,1.3199999999999998,MF,DP,0,MF
5510701575,2,2025,21,8,763,8.5,0.24,0.12,0.35,0.24,0.0,0.0,0.24,0.0,0.32,0.32,0.12,0.44,2.59,3.18,6.47,0.24,0.12,0.35,0.24,0.35,0.32,0.12,0.44,0.32,0.44,8.5,25.5,17.6,6.47,1.06,32.7,19.4,8.94,2.35,78.1,90.9,72.4,45.0,348.8,79.1,25.5,17.6,6.47,1.06,32.7,19.4,8.94,2.35,78.1,90.9,72.4,45.0,25.5,17.6,6.47,1.06,32.7,19.4,8.94,2.35,78.1,90.9,72.4,45.0,25.5,17.6,6.47,1.06,32.7,19.4,8.94,2.35,78.1,90.9,72.4,45.0,0.12,0.09,0.0,0.71,1.53,0.94,0.24,0.24,1.41,0.82,58.3,1.42,0.83,0.17,0.29,14.9,0.0,0.0,0.0,0.23,-0.08,-0.08,43.2,1.18,6.12,17.1,20.8,3.76,43.2,0.35,20.0,1.41,80.0,26.4,1.18,2.94,1.53,30.2,0.82,0.71,0.59,0.82,0.71,37.5,1.18,0.59,0.59,0.82,1.65,0.59,0.0,1.53,1.54,0.0,0.0,0.0,0.0,0.12,0.0,0.35,0.35,0.0,0.0,0.0,0.0,0.12,0.0,0.0,1.06,0.24,0.12,2.0,0.82,0.59,0.0,0.0,0.0,5.06,0.12,14.3,,,,,,,,,,,,,,,,,,,,,,,,,,,,,Dennis Gjengaar,"FW,MF",NY Red Bulls,21-283,Dennis Gjengaar,U22 Initiative,2027,Dennis Gjengaar,2025.0,360000.0,418769.0,0.028235294117647056,0.014117647058823528,0.037647058823529415,-0.08000000000000002,5.77,1.64,MF,U22,0,MF
9845572897,2,2025,25,21,1717,19.1,0.05,0.05,0.1,0.05,0.0,0.0,0.31,0.0,0.07,0.07,0.03,0.1,0.94,7.75,1.36,0.05,0.05,0.1,0.05,0.1,0.08,0.03,0.11,0.08,0.11,19.1,74.9,42.1,26.2,4.76,82.1,44.3,27.9,6.91,91.2,94.9,93.8,68.9,1176.0,414.7,74.9,42.1,26.2,4.76,82.1,44.3,27.9,6.91,91.2,94.9,93.8,68.9,74.9,42.1,26.2,4.76,82.1,44.3,27.9,6.91,91.2,94.9,93.8,68.9,74.9,42.1,26.2,4.76,82.1,44.3,27.9,6.91,91.2,94.9,93.8,68.9,0.05,0.1,0.02,0.63,8.17,0.68,0.1,0.05,0.89,0.31,35.3,0.89,0.31,0.06,0.17,20.1,0.0,0.0,0.0,0.09,-0.02,-0.02,90.5,3.19,21.0,54.7,15.3,0.79,90.5,0.42,44.4,0.37,38.9,51.5,0.05,1.05,0.58,74.7,1.47,0.47,0.68,1.47,0.47,45.0,0.58,1.1,0.84,0.94,2.41,0.89,0.0,2.2,2.2,0.0,0.0,0.16,0.1,0.0,0.0,0.26,0.26,0.0,0.0,0.16,0.1,0.0,0.0,0.0,1.88,1.94,0.0,0.16,0.94,0.68,0.05,0.0,0.0,5.08,0.94,75.0,,,,,,,,,,,,,,,,,,,,,,,,,,,,,Aníbal Godoy,MF,San Diego FC,35-297,,,,Aníbal Godoy,2025.0,375000.0,408333.0,0.002617801047120419,0.002617801047120419,0.0036649214659685864,-0.020000000000000004,8.69,2.41,MF,Unknown,0,MF
3600809334,2,2025,29,26,2175,24.2,0.17,0.17,0.33,0.17,0.0,0.0,0.08,0.0,0.22,0.22,0.17,0.39,2.19,4.21,4.92,0.17,0.17,0.33,0.17,0.33,0.22,0.18,0.39,0.22,0.39,24.2,26.6,14.4,8.39,1.9,33.8,16.5,10.5,3.64,78.7,87.3,79.6,52.3,401.8,109.5,26.6,14.4,8.39,1.9,33.8,16.5,10.5,3.64,78.7,87.3,79.6,52.3,26.6,14.4,8.39,1.9,33.8,16.5,10.5,3.64,78.7,87.3,79.6,52.3,26.6,14.4,8.39,1.9,33.8,16.5,10.5,3.64,78.7,87.3,79.6,52.3,0.17,0.17,-0.01,1.82,2.48,1.32,0.08,0.17,2.6,0.87,33.3,2.61,0.87,0.06,0.19,21.5,0.12,0.0,0.0,0.08,-0.05,-0.05,42.9,0.58,4.46,20.2,19.0,2.56,42.9,0.79,42.2,1.03,55.6,26.2,0.5,1.69,0.95,30.5,0.5,0.08,0.33,0.5,0.08,15.4,0.45,0.99,0.99,0.74,1.24,0.7,0.0,3.51,3.52,0.21,0.04,0.08,0.0,0.0,0.0,0.41,0.41,0.21,0.04,0.08,0.0,0.0,0.0,0.0,0.87,0.95,0.12,1.45,0.74,0.33,0.0,0.0,0.0,3.39,0.21,41.7,,,,,,,,,,,,,,,,,,,,,,,,,,,,,Diogo Gonçalves,"FW,MF",Real Salt Lake,28-301,Diogo Gonçalves,Designated Player,2026,Diogo Gonçalves,2025.0,1650000.0,1797108.0,0.0070247933884297524,0.0070247933884297524,0.00909090909090909,-0.04999999999999999,6.4,1.24,MF,DP,0,MF
3300193959,1,2025,6,0,40,0.4,0.0,0.0,0.0,0.0,0.0,0.0,0.0,0.0,0.0,0.0,0.25,0.25,0.0,2.5,5.0,0.0,0.0,0.0,0.0,0.0,0.0,0.24,0.24,0.0,0.24,0.4,15.0,7.5,5.0,0.0,25.0,12.5,10.0,0.0,60.0,60.0,50.0,,200.0,70.0,15.0,7.5,5.0,0.0,25.0,12.5,10.0,0.0,60.0,60.0,50.0,,15.0,7.5,5.0,0.0,25.0,12.5,10.0,0.0,60.0,60.0,50.0,,15.0,7.5,5.0,0.0,25.0,12.5,10.0,0.0,60.0,60.0,50.0,,0.0,0.25,-0.25,2.5,0.0,0.0,0.0,0.0,0.0,0.0,,0.0,0.0,,,,0.0,0.0,0.0,,0.0,0.0,60.0,0.0,7.5,17.5,35.0,10.0,60.0,0.0,0.0,2.5,100.0,30.0,2.5,20.0,0.0,37.5,5.0,0.0,2.5,5.0,0.0,,0.0,0.0,0.0,0.0,5.0,2.5,0.0,2.5,2.31,0.0,0.0,0.0,0.0,0.0,0.0,0.0,0.0,0.0,0.0,0.0,0.0,0.0,0.0,0.0,2.5,0.0,0.0,0.0,0.0,2.5,0.0,0.0,0.0,2.5,2.5,33.3,,,,,,,,,,,,,,,,,,,,,,,,,,,,,Archie Goodwin,"MF,FW",Charlotte,21-027,,,,Archie Goodwin,2025.0,300000.0,341187.0,0.0,0.0,0.0,0.0,2.5,5.0,MF,Unknown,0,MF
7850446859,2,2025,25,21,1810,20.1,0.2,0.15,0.35,0.2,0.0,0.0,0.2,0.0,0.23,0.23,0.11,0.35,3.43,1.34,8.26,0.2,0.15,0.35,0.2,0.35,0.23,0.11,0.35,0.23,0.35,20.1,15.7,9.05,4.73,0.65,23.2,10.8,7.16,1.84,67.7,83.5,66.0,35.1,213.0,51.0,15.7,9.05,4.73,0.65,23.2,10.8,7.16,1.84,67.7,83.5,66.0,35.1,15.7,9.05,4.73,0.65,23.2,10.8,7.16,1.84,67.7,83.5,66.0,35.1,15.7,9.05,4.73,0.65,23.2,10.8,7.16,1.84,67.7,83.5,66.0,35.1,0.15,0.09,0.03,1.0,0.65,0.95,0.3,0.2,1.94,0.95,48.7,1.94,0.94,0.1,0.21,15.3,0.0,0.0,0.0,0.12,-0.03,-0.03,38.8,0.85,6.22,12.7,20.7,4.33,38.8,1.89,44.7,2.24,52.9,22.7,2.14,2.64,1.19,23.8,2.69,1.24,1.39,2.69,1.24,42.4,1.69,1.79,1.74,0.65,3.33,0.9,0.0,2.69,2.69,0.25,0.0,0.05,0.0,0.15,0.0,0.25,0.25,0.25,0.0,0.05,0.0,0.15,0.0,0.0,1.59,0.9,0.6,3.03,0.65,1.39,0.0,0.0,0.0,3.58,0.6,30.0,,,,,,,,,,,,,,,,,,,,,,,,,,,,,Zavier Gozo,"MF,FW",Real Salt Lake,18-257,Zavier Gozo,Homegrown,2027,Zavier Gozo,2025.0,80622.0,93345.0,0.009950248756218905,0.007462686567164178,0.011442786069651741,-0.03,4.7700000000000005,3.34,MF,HG,0,MF
3591771735,1,2025,6,0,133,1.5,0.0,0.0,0.0,0.0,0.0,0.0,0.0,0.0,0.2,0.2,0.07,0.2,0.67,0.67,7.33,0.0,0.0,0.0,0.0,0.0,0.19,0.04,0.23,0.19,0.23,1.5,22.7,14.7,5.33,0.0,32.0,15.3,8.67,0.67,70.8,95.7,61.5,0.0,268.0,53.3,22.7,14.7,5.33,0.0,32.0,15.3,8.67,0.67,70.8,95.7,61.5,0.0,22.7,14.7,5.33,0.0,32.0,15.3,8.67,0.67,70.8,95.7,61.5,0.0,22.7,14.7,5.33,0.0,32.0,15.3,8.67,0.67,70.8,95.7,61.5,0.0,0.0,0.0,-0.07,0.67,1.33,0.0,0.0,0.0,2.0,0.0,0.0,2.03,0.0,0.0,,8.2,0.0,0.0,0.0,0.09,-0.2,-0.2,40.7,0.0,2.0,18.7,20.0,4.0,40.7,0.0,0.0,0.67,100.0,16.7,0.0,2.67,2.0,26.7,0.67,0.0,0.67,0.67,0.0,0.0,0.67,0.67,0.67,1.33,2.0,0.0,0.0,0.67,0.68,0.0,0.0,0.0,0.0,0.0,0.0,0.0,0.0,0.0,0.0,0.0,0.0,0.0,0.0,0.0,1.33,0.67,0.67,3.33,1.33,0.67,0.0,0.0,0.0,6.0,4.0,46.2,,,,,,,,,,,,,,,,,,,,,,,,,,,,,Gage Guerra,"FW,MF",Portland Timbers,22-348,,,,Gage Guerra,2025.0,80622.0,80622.0,0.0,0.0,0.13333333333333333,-0.2,1.34,2.0,MF,Unknown,0,MF
5577246233,1,2025,5,0,16,0.2,0.0,0.0,0.0,0.0,0.0,0.0,5.0,0.0,0.0,0.0,0.0,0.0,15.0,10.0,0.0,0.0,0.0,0.0,0.0,0.0,0.0,0.0,0.0,0.0,0.0,0.2,75.0,40.0,30.0,5.0,75.0,40.0,30.0,5.0,100.0,100.0,100.0,100.0,1340.0,440.0,75.0,40.0,30.0,5.0,75.0,40.0,30.0,5.0,100.0,100.0,100.0,100.0,75.0,40.0,30.0,5.0,75.0,40.0,30.0,5.0,100.0,100.0,100.0,100.0,75.0,40.0,30.0,5.0,75.0,40.0,30.0,5.0,100.0,100.0,100.0,100.0,0.0,0.0,0.0,0.0,5.0,0.0,0.0,0.0,0.0,0.0,,0.0,0.0,,,,0.0,0.0,0.0,,0.0,0.0,115.0,5.0,35.0,65.0,15.0,5.0,115.0,0.0,,0.0,,65.0,5.0,5.0,0.0,65.0,5.0,0.0,0.0,5.0,0.0,,0.0,5.0,5.0,0.0,5.0,10.0,0.0,5.0,5.63,0.0,0.0,5.0,0.0,0.0,0.0,0.0,0.0,0.0,0.0,5.0,0.0,0.0,0.0,0.0,5.0,15.0,0.0,0.0,0.0,0.0,0.0,0.0,0.0,10.0,5.0,50.0,,,,,,,,,,,,,,,,,,,,,,,,,,,,,Colin Guske,"MF,FW",Orlando City,18-309,Colin Guske,Homegrown,2027,Colin Guske,2025.0,80622.0,91427.0,0.0,0.0,0.0,0.0,25.0,5.0,MF,HG,-1,MF
3439502968,2,2025,29,24,2045,22.7,0.4,0.13,0.53,0.31,0.09,0.09,0.26,0.04,0.3,0.23,0.21,0.44,2.51,7.53,3.96,0.4,0.13,0.53,0.31,0.44,0.3,0.21,0.52,0.23,0.45,22.7,38.6,20.2,15.0,2.78,47.1,22.6,17.0,5.46,82.0,89.6,88.3,50.8,633.3,242.2,38.6,20.2,15.0,2.78,47.1,22.6,17.0,5.46,82.0,89.6,88.3,50.8,38.6,20.2,15.0,2.78,47.1,22.6,17.0,5.46,82.0,89.6,88.3,50.8,38.6,20.2,15.0,2.78,47.1,22.6,17.0,5.46,82.0,89.6,88.3,50.8,0.13,0.2,-0.08,2.25,5.02,2.03,0.13,0.4,2.91,1.19,40.9,2.9,1.19,0.11,0.26,22.5,0.09,0.09,0.09,0.08,0.09,0.07,60.2,1.15,10.9,30.6,20.0,3.35,60.1,1.67,44.7,1.85,49.4,34.9,0.84,1.98,1.1,44.1,1.72,0.66,0.97,1.72,0.66,50.0,0.66,1.1,0.88,0.93,2.64,0.44,0.0,5.33,5.33,0.26,0.04,0.44,0.0,0.13,0.0,0.57,0.57,0.26,0.04,0.44,0.0,0.13,0.0,0.0,1.5,1.63,0.04,0.93,0.93,0.97,0.04,0.0,0.0,5.77,0.26,50.0,,,,,,,,,,,,,,,,,,,,,,,,,,,,,Brian Gutiérrez,"MF,FW",Chicago Fire,22-170,Brian Gutiérrez,U22 Initiative,2028,Brian Gutiérrez,2025.0,857955.0,950425.0,0.01762114537444934,0.005726872246696036,0.013215859030837005,0.10000000000000003,10.04,2.65,MF,U22,0,MF
1520420520,2,2025,18,5,569,6.3,0.16,0.16,0.32,0.16,0.0,0.0,0.32,0.0,0.16,0.16,0.06,0.22,1.27,6.03,4.92,0.16,0.16,0.32,0.16,0.32,0.16,0.06,0.22,0.16,0.22,6.3,54.4,35.1,16.8,1.11,63.3,37.6,19.4,2.06,86.0,93.2,86.9,53.8,720.6,195.6,54.4,35.1,16.8,1.11,63.3,37.6,19.4,2.06,86.0,93.2,86.9,53.8,54.4,35.1,16.8,1.11,63.3,37.6,19.4,2.06,86.0,93.2,86.9,53.8,54.4,35.1,16.8,1.11,63.3,37.6,19.4,2.06,86.0,93.2,86.9,53.8,0.16,0.14,0.1,0.79,4.29,1.59,0.0,0.16,0.95,0.48,50.0,0.95,0.47,0.17,0.33,12.8,0.0,0.0,0.0,0.17,0.0,0.0,79.0,1.59,14.8,38.9,26.2,2.38,79.0,1.11,36.8,1.75,57.9,46.0,0.16,2.38,2.06,56.8,4.13,2.22,2.22,4.13,2.22,58.3,1.59,1.43,1.43,0.79,4.92,1.43,0.0,3.17,3.16,0.48,0.0,0.0,0.0,0.0,0.0,0.32,0.32,0.48,0.0,0.0,0.0,0.0,0.0,0.0,2.06,1.9,0.0,0.63,0.79,2.22,0.0,0.0,0.0,5.87,0.95,66.7,,,,,,,,,,,,,,,,,,,,,,,,,,,,,Taha Habroune,"MF,FW",Columbus Crew,19-302,Taha Habroune,Homegrown,2027,Taha Habroune,2025.0,104000.0,116000.0,0.025396825396825397,0.025396825396825397,0.025396825396825397,0.0,7.300000000000001,4.92,MF,HG,0,MF
7746098266,2,2025,30,5,936,10.4,0.19,0.58,0.77,0.19,0.0,0.0,0.1,0.0,0.31,0.31,0.16,0.47,3.37,4.33,7.31,0.19,0.58,0.77,0.19,0.77,0.31,0.16,0.47,0.31,0.47,10.4,36.1,22.1,11.7,1.15,42.8,24.6,13.4,2.88,84.3,89.8,87.8,40.0,513.6,126.7,36.1,22.1,11.7,1.15,42.8,24.6,13.4,2.88,84.3,89.8,87.8,40.0,36.1,22.1,11.7,1.15,42.8,24.6,13.4,2.88,84.3,89.8,87.8,40.0,36.1,22.1,11.7,1.15,42.8,24.6,13.4,2.88,84.3,89.8,87.8,40.0,0.58,0.2,0.41,1.73,2.79,1.92,0.0,0.19,2.21,0.67,30.4,2.21,0.67,0.09,0.29,15.9,0.0,0.0,0.0,0.14,-0.12,-0.12,53.5,1.15,10.0,21.3,23.4,3.94,53.5,1.54,51.6,1.25,41.9,31.5,0.77,1.83,1.15,37.6,1.44,1.15,0.96,1.44,1.15,63.2,0.67,1.15,1.15,0.48,1.92,1.06,0.0,4.62,4.61,0.38,0.1,0.19,0.0,0.0,0.0,1.06,1.06,0.38,0.1,0.19,0.0,0.0,0.0,0.0,0.38,1.25,0.19,2.4,0.48,0.96,0.0,0.0,0.0,4.9,0.19,50.0,,,,,,,,,,,,,,,,,,,,,,,,,,,,,Maren Haile-Selassie,"FW,MF",Chicago Fire,26-266,Maren Haile-Selassie,Standard,2026,Maren Haile-Selassie,2025.0,388000.0,427500.0,0.01826923076923077,0.055769230769230765,0.029807692307692306,-0.12,7.7,1.92,MF,Standard,0,MF
4255999584,3,2025,26,4,681,7.6,0.13,0.0,0.13,0.13,0.0,0.0,0.0,0.0,0.2,0.2,0.04,0.25,2.63,2.24,8.95,0.13,0.0,0.13,0.13,0.13,0.2,0.05,0.25,0.2,0.25,7.6,19.1,10.8,6.58,0.92,25.4,13.9,8.16,1.18,75.1,77.4,80.6,77.8,280.7,50.0,19.1,10.8,6.58,0.92,25.4,13.9,8.16,1.18,75.1,77.4,80.6,77.8,19.1,10.8,6.58,0.92,25.4,13.9,8.16,1.18,75.1,77.4,80.6,77.8,19.1,10.8,6.58,0.92,25.4,13.9,8.16,1.18,75.1,77.4,80.6,77.8,0.0,0.09,-0.04,0.66,2.11,0.26,0.26,0.13,2.11,0.66,31.3,2.11,0.66,0.06,0.2,13.8,0.0,0.0,0.0,0.1,-0.07,-0.07,37.0,0.26,3.42,13.9,20.0,4.61,37.0,1.71,50.0,1.45,42.3,23.2,1.71,3.42,1.18,26.8,0.92,0.13,0.39,0.92,0.13,16.7,0.66,0.79,0.79,0.66,1.58,0.26,0.0,3.03,3.03,0.39,0.0,0.39,0.13,0.13,0.0,0.26,0.26,0.39,0.0,0.39,0.13,0.13,0.0,0.0,1.32,1.71,0.13,0.79,0.66,0.39,0.13,0.0,0.0,1.97,1.05,30.8,,,,,,,,,,,,,,,,,,,,,,,,,,,,,Julian Hall,"FW,MF",NY Red Bulls,17-255,Julian Hall,Homegrown,2026,Julian Hall,2025.0,125000.0,207241.0,0.017105263157894738,0.0,0.026315789473684213,-0.07,4.87,1.58,MF,HG,0,MF
328498140,2,2025,30,26,2145,23.8,0.13,0.08,0.21,0.13,0.0,0.0,0.29,0.04,0.07,0.07,0.15,0.22,0.88,4.62,2.02,0.13,0.08,0.21,0.13,0.21,0.07,0.15,0.22,0.07,0.22,23.8,36.6,17.8,15.2,2.31,43.8,19.9,17.2,3.61,83.5,89.2,88.0,64.0,588.7,164.2,36.6,17.8,15.2,2.31,43.8,19.9,17.2,3.61,83.5,89.2,88.0,64.0,36.6,17.8,15.2,2.31,43.8,19.9,17.2,3.61,83.5,89.2,88.0,64.0,36.6,17.8,15.2,2.31,43.8,19.9,17.2,3.61,83.5,89.2,88.0,64.0,0.08,0.13,-0.07,1.05,3.49,1.34,0.25,0.13,1.34,0.42,31.3,1.34,0.42,0.09,0.3,22.3,0.0,0.0,0.0,0.05,0.06,0.06,54.8,1.89,11.2,30.7,13.5,1.34,54.8,0.21,27.8,0.42,55.6,30.1,0.17,1.68,0.92,36.6,1.22,0.88,0.55,1.22,0.88,50.0,0.88,1.34,1.09,0.97,2.18,1.47,0.04,2.9,2.9,0.0,0.0,0.08,0.0,0.04,0.0,0.21,0.21,0.0,0.0,0.08,0.0,0.04,0.0,0.04,1.55,1.34,0.04,0.55,0.97,0.55,0.0,0.04,0.0,4.41,1.01,52.2,,,,,,,,,,,,,,,,,,,,,,,,,,,,,Ian Harkes,MF,SJ Earthquakes,30-249,Ian Harkes,Standard,2026,Ian Harkes,2025.0,450000.0,450000.0,0.0054621848739495795,0.003361344537815126,0.0029411764705882357,0.06,5.5,2.19,MF,Standard,0,MF
5979462940,1,2025,4,0,44,0.5,0.0,0.0,0.0,0.0,0.0,0.0,0.0,0.0,0.0,0.0,0.0,0.0,2.0,2.0,4.0,0.0,0.0,0.0,0.0,0.0,0.0,0.0,0.0,0.0,0.0,0.5,20.0,12.0,6.0,0.0,28.0,14.0,8.0,2.0,71.4,85.7,75.0,0.0,274.0,56.0,20.0,12.0,6.0,0.0,28.0,14.0,8.0,2.0,71.4,85.7,75.0,0.0,20.0,12.0,6.0,0.0,28.0,14.0,8.0,2.0,71.4,85.7,75.0,0.0,20.0,12.0,6.0,0.0,28.0,14.0,8.0,2.0,71.4,85.7,75.0,0.0,0.0,0.0,0.0,0.0,0.0,0.0,0.0,0.0,0.0,0.0,,0.0,0.0,,,,0.0,0.0,0.0,,0.0,0.0,32.0,0.0,2.0,8.0,24.0,0.0,32.0,2.0,100.0,0.0,0.0,26.0,0.0,2.0,4.0,28.0,0.0,0.0,0.0,0.0,0.0,,0.0,0.0,0.0,0.0,0.0,0.0,0.0,0.0,0.0,0.0,0.0,0.0,0.0,0.0,0.0,0.0,0.0,0.0,0.0,0.0,0.0,0.0,0.0,0.0,4.0,0.0,2.0,2.0,0.0,0.0,0.0,0.0,0.0,2.0,2.0,100.0,,,,,,,,,,,,,,,,,,,,,,,,,,,,,Alex Harris,"MF,FW",Colorado Rapids,20-291,Alex Harris,Generation Adidas,2027,Alex Harris,2025.0,80622.0,82622.0,0.0,0.0,0.0,0.0,4.0,0.0,MF,GA,0,MF
580249202,2,2025,27,13,1334,14.8,0.34,0.07,0.41,0.34,0.0,0.0,0.14,0.0,0.34,0.34,0.07,0.43,3.11,1.62,5.95,0.34,0.07,0.4,0.34,0.4,0.35,0.08,0.42,0.35,0.42,14.8,17.5,11.5,4.59,0.41,22.0,13.1,5.81,0.88,79.4,87.6,79.1,46.2,232.1,53.0,17.5,11.5,4.59,0.41,22.0,13.1,5.81,0.88,79.4,87.6,79.1,46.2,17.5,11.5,4.59,0.41,22.0,13.1,5.81,0.88,79.4,87.6,79.1,46.2,17.5,11.5,4.59,0.41,22.0,13.1,5.81,0.88,79.4,87.6,79.1,46.2,0.07,0.07,-0.01,0.81,0.54,0.95,0.27,0.34,2.16,0.61,28.1,2.16,0.61,0.16,0.56,14.0,0.0,0.0,0.0,0.16,-0.01,-0.01,34.1,1.49,4.32,11.2,19.0,4.19,34.1,0.88,43.3,0.88,43.3,21.5,1.42,2.36,1.28,23.0,1.08,0.47,0.68,1.08,0.47,36.8,0.81,0.95,0.74,0.27,1.35,0.95,0.0,2.5,2.5,0.07,0.0,0.47,0.0,0.0,0.0,0.2,0.2,0.07,0.0,0.47,0.0,0.0,0.0,0.0,0.68,2.57,0.34,1.76,0.27,0.68,0.0,0.0,0.0,3.51,0.54,28.6,,,,,,,,,,,,,,,,,,,,,,,,,,,,,Calvin Harris,"FW,MF",Colorado Rapids,25-259,Calvin Harris,Standard,2025,Calvin Harris,2025.0,150000.0,152000.0,0.022972972972972974,0.00472972972972973,0.022972972972972974,0.0,4.73,1.35,MF,Standard,0,MF
6668991288,1,2025,34,34,3022,33.6,0.27,0.12,0.39,0.24,0.03,0.03,0.03,0.0,0.22,0.2,0.29,0.49,2.14,5.63,5.6,0.27,0.12,0.39,0.24,0.36,0.22,0.29,0.51,0.2,0.49,33.6,36.4,18.7,12.8,3.18,47.7,20.9,15.7,6.9,76.3,89.6,81.5,46.1,582.0,202.7,36.4,18.7,12.8,3.18,47.7,20.9,15.7,6.9,76.3,89.6,81.5,46.1,36.4,18.7,12.8,3.18,47.7,20.9,15.7,6.9,76.3,89.6,81.5,46.1,36.4,18.7,12.8,3.18,47.7,20.9,15.7,6.9,76.3,89.6,81.5,46.1,0.12,0.27,-0.17,2.95,3.24,1.67,0.39,0.27,2.2,0.74,33.8,2.2,0.74,0.11,0.32,17.4,0.06,0.03,0.03,0.09,0.05,0.04,56.4,1.4,8.69,25.2,23.2,3.54,56.3,0.68,34.8,1.19,60.6,32.6,0.51,1.46,0.68,39.1,0.6,0.24,0.45,0.6,0.24,29.6,0.57,0.6,0.48,0.8,1.4,0.74,0.0,5.33,5.33,0.21,0.03,0.12,0.0,0.0,0.0,0.3,0.3,0.21,0.03,0.12,0.0,0.0,0.0,0.0,0.36,0.54,0.12,5.71,0.8,0.45,0.0,0.0,0.0,3.6,0.12,22.2,,,,,,,,,,,,,,,,,,,,,,,,,,,,,Marcel Hartel,"MF,FW",St. Louis,29-319,Marcel Hartel,Designated Player,June 2028,Marcel Hartel,2025.0,1797600.0,2183113.0,0.008035714285714287,0.0035714285714285713,0.006547619047619048,0.05000000000000002,7.77,1.4,MF,DP,0,MF
2091555064,1,2025,9,0,118,1.3,0.0,0.77,0.77,0.0,0.0,0.0,1.54,0.0,0.46,0.46,0.38,0.85,3.08,3.85,3.85,0.0,0.76,0.76,0.0,0.76,0.48,0.35,0.84,0.48,0.84,1.3,19.2,6.92,10.0,2.31,30.0,10.8,13.1,5.38,64.1,64.3,76.5,42.9,378.5,105.4,19.2,6.92,10.0,2.31,30.0,10.8,13.1,5.38,64.1,64.3,76.5,42.9,19.2,6.92,10.0,2.31,30.0,10.8,13.1,5.38,64.1,64.3,76.5,42.9,19.2,6.92,10.0,2.31,30.0,10.8,13.1,5.38,64.1,64.3,76.5,42.9,0.77,0.15,0.38,1.54,1.54,2.31,0.77,0.0,1.54,0.0,0.0,1.53,0.0,0.0,,12.3,0.0,0.0,0.0,0.32,-0.46,-0.46,45.4,3.08,10.0,14.6,21.5,2.31,45.4,0.77,33.3,1.54,66.7,24.6,0.77,2.31,3.08,26.2,1.54,0.0,0.77,1.54,0.0,0.0,2.31,0.77,0.77,0.0,1.54,3.08,0.0,3.08,3.05,0.0,0.0,0.77,0.0,0.0,0.0,1.54,1.53,0.0,0.0,0.77,0.0,0.0,0.0,0.0,3.08,0.77,0.0,3.08,0.0,0.77,0.0,0.0,0.0,3.08,0.0,0.0,,,,,,,,,,,,,,,,,,,,,,,,,,,,,Malik Henry,"MF,FW",Toronto FC,23-134,,,,Malik Henry,2025.0,80622.0,80622.0,0.0,0.5923076923076923,0.35384615384615387,-0.46,6.93,1.54,MF,Unknown,0,MF
6344774100,3,2025,16,11,723,8.0,0.13,0.0,0.13,0.13,0.0,0.0,0.38,0.0,0.1,0.1,0.13,0.23,1.75,6.13,3.75,0.12,0.0,0.12,0.12,0.12,0.1,0.12,0.22,0.1,0.22,8.0,30.5,15.0,12.1,3.0,39.6,18.1,15.4,4.0,77.0,82.8,78.9,75.0,536.6,177.5,30.5,15.0,12.1,3.0,39.6,18.1,15.4,4.0,77.0,82.8,78.9,75.0,30.5,15.0,12.1,3.0,39.6,18.1,15.4,4.0,77.0,82.8,78.9,75.0,30.5,15.0,12.1,3.0,39.6,18.1,15.4,4.0,77.0,82.8,78.9,75.0,0.0,0.19,-0.13,1.5,3.5,1.38,0.0,0.13,1.63,0.25,15.4,1.62,0.25,0.08,0.5,16.1,0.0,0.0,0.0,0.06,0.03,0.03,48.4,1.75,8.5,26.8,13.8,2.38,48.4,0.38,37.5,0.38,37.5,29.0,0.38,1.0,1.25,34.1,2.13,0.38,1.5,2.13,0.38,37.5,0.63,0.5,0.5,1.0,3.13,1.25,0.0,3.88,3.85,0.0,0.0,0.13,0.0,0.13,0.0,0.38,0.37,0.0,0.0,0.13,0.0,0.13,0.0,0.0,1.38,1.88,0.13,0.63,1.0,1.5,0.0,0.0,0.0,4.88,0.88,58.3,,,,,,,,,,,,,,,,,,,,,,,,,,,,,Fabian Herbers,"MF,FW",CF Montréal,32-109,Fabian Herbers,Standard,2026,Fabian Herbers,2025.0,400000.0,440000.0,0.01625,0.0,0.0125,0.03,7.88,3.13,MF,Standard,0,MF
7392546368,1,2025,2,0,58,0.6,0.0,0.0,0.0,0.0,0.0,0.0,0.0,0.0,0.0,0.0,0.0,0.0,1.67,1.67,10.0,0.0,0.0,0.0,0.0,0.0,0.04,0.0,0.04,0.04,0.04,0.6,11.7,6.67,3.33,1.67,25.0,11.7,6.67,1.67,46.7,57.1,50.0,100.0,170.0,50.0,11.7,6.67,3.33,1.67,25.0,11.7,6.67,1.67,46.7,57.1,50.0,100.0,11.7,6.67,3.33,1.67,25.0,11.7,6.67,1.67,46.7,57.1,50.0,100.0,11.7,6.67,3.33,1.67,25.0,11.7,6.67,1.67,46.7,57.1,50.0,100.0,0.0,0.0,0.0,0.0,3.33,0.0,0.0,0.0,1.67,0.0,0.0,1.55,0.0,0.0,,23.1,0.0,0.0,0.0,0.03,0.0,0.0,36.7,0.0,1.67,20.0,15.0,3.33,36.7,1.67,25.0,5.0,75.0,20.0,1.67,5.0,0.0,26.7,0.0,0.0,0.0,0.0,0.0,,0.0,0.0,0.0,0.0,0.0,0.0,1.67,1.67,1.55,1.67,0.0,0.0,0.0,0.0,0.0,0.0,0.0,1.67,0.0,0.0,0.0,0.0,0.0,0.0,1.67,1.67,0.0,1.67,0.0,0.0,0.0,0.0,0.0,1.67,1.67,50.0,,,,,,,,,,,,,,,,,,,,,,,,,,,,,Aiden Hezarkhani,"FW,MF",Real Salt Lake,18-159,Aiden Hezarkhani,Homegrown,2028,Aiden Hezarkhani,2025.0,80622.0,86980.0,0.0,0.0,0.0,0.0,3.34,0.0,MF,HG,0,MF
2980037352,1,2025,1,0,1,0.0,0.0,0.0,0.0,0.0,0.0,0.0,0.0,0.0,0.0,0.0,0.0,0.0,0.0,0.0,1.0,0.0,0.0,0.0,0.0,0.0,0.0,0.0,0.0,0.0,0.0,0.0,0.0,0.0,0.0,0.0,0.0,0.0,0.0,0.0,,,,,0.0,0.0,0.0,0.0,0.0,0.0,0.0,0.0,0.0,0.0,,,,,0.0,0.0,0.0,0.0,0.0,0.0,0.0,0.0,,,,,0.0,0.0,0.0,0.0,0.0,0.0,0.0,0.0,,,,,0.0,0.0,0.0,0.0,0.0,0.0,0.0,0.0,0.0,0.0,,0.0,0.0,,,,0.0,0.0,0.0,,0.0,0.0,2.0,0.0,1.0,0.0,1.0,0.0,2.0,0.0,,0.0,,1.0,0.0,1.0,0.0,1.0,1.0,0.0,0.0,1.0,0.0,,0.0,0.0,0.0,0.0,1.0,0.0,0.0,0.0,0.0,0.0,0.0,0.0,0.0,0.0,0.0,0.0,0.0,0.0,0.0,0.0,0.0,0.0,0.0,0.0,0.0,0.0,0.0,0.0,0.0,0.0,0.0,0.0,0.0,0.0,0.0,,,,,,,,,,,,,,,,,,,,,,,,,,,,,,Luke Hille,MF,Minnesota Utd,22-288,,,,,,,,,,,0.0,0.0,1.0,MF,Unknown,0,MF
8602558695,1,2025,18,5,583,6.5,0.15,0.0,0.15,0.15,0.0,0.0,0.46,0.0,0.15,0.15,0.08,0.22,2.31,3.23,6.62,0.15,0.0,0.15,0.15,0.15,0.15,0.07,0.22,0.15,0.22,6.5,27.4,15.5,9.69,1.54,37.4,18.8,13.4,3.23,73.3,82.8,72.4,47.6,410.8,114.2,27.4,15.5,9.69,1.54,37.4,18.8,13.4,3.23,73.3,82.8,72.4,47.6,27.4,15.5,9.69,1.54,37.4,18.8,13.4,3.23,73.3,82.8,72.4,47.6,27.4,15.5,9.69,1.54,37.4,18.8,13.4,3.23,73.3,82.8,72.4,47.6,0.0,0.11,-0.08,1.23,1.54,1.54,0.62,0.15,1.38,0.31,22.2,1.39,0.31,0.11,0.5,19.7,0.15,0.0,0.0,0.11,0.0,0.0,48.8,1.69,7.85,19.1,22.6,1.85,48.8,0.92,40.0,1.38,60.0,27.8,0.15,2.31,1.69,31.4,1.69,0.31,0.62,1.69,0.31,28.6,0.77,1.54,1.08,0.31,2.0,0.92,0.0,2.92,2.93,0.0,0.0,0.15,0.15,0.0,0.0,0.15,0.15,0.0,0.0,0.15,0.15,0.0,0.0,0.0,2.15,2.15,0.31,2.62,0.31,0.62,0.15,0.0,0.0,3.38,0.31,40.0,,,,,,,,,,,,,,,,,,,,,,,,,,,,,Duane Holmes,"MF,FW",Houston Dynamo,31-028,,,,Duane Holmes,2025.0,300000.0,378000.0,0.023076923076923075,0.0,0.023076923076923075,0.0,5.54,2.0,MF,Unknown,0,MF
130029529,2,2025,17,11,839,9.3,0.32,0.0,0.32,0.32,0.0,0.0,0.43,0.0,0.05,0.05,0.03,0.09,1.08,3.33,2.47,0.32,0.0,0.32,0.32,0.32,0.05,0.03,0.08,0.05,0.08,9.3,25.3,11.9,10.1,2.58,30.9,13.9,11.7,3.87,81.9,86.0,86.2,66.7,436.6,129.2,25.3,11.9,10.1,2.58,30.9,13.9,11.7,3.87,81.9,86.0,86.2,66.7,25.3,11.9,10.1,2.58,30.9,13.9,11.7,3.87,81.9,86.0,86.2,66.7,25.3,11.9,10.1,2.58,30.9,13.9,11.7,3.87,81.9,86.0,86.2,66.7,0.0,0.09,-0.03,0.75,2.04,0.43,0.11,0.32,0.86,0.43,50.0,0.86,0.43,0.38,0.75,18.9,0.0,0.0,0.0,0.06,0.27,0.27,39.0,1.4,8.17,21.7,9.78,1.08,39.0,1.4,65.0,0.75,35.0,23.8,0.11,1.29,1.83,25.8,1.4,0.43,0.97,1.4,0.43,30.8,0.97,1.29,1.08,0.32,1.72,0.86,0.0,2.47,2.47,0.11,0.0,0.0,0.0,0.0,0.0,0.0,0.0,0.11,0.0,0.0,0.0,0.0,0.0,0.0,1.4,2.04,0.0,1.72,0.32,0.97,0.0,0.0,0.0,4.52,0.11,12.5,,,,,,,,,,,,,,,,,,,,,,,,,,,,,Jackson Hopkins,"MF,FW",D.C. United,21-156,Jackson Hopkins,Homegrown,2025,Jackson Hopkins,2025.0,104000.0,104286.0,0.034408602150537634,0.0,0.005376344086021505,0.27,4.41,1.72,MF,HG,0,MF
6407895249,1,2025,4,1,89,1.0,0.0,0.0,0.0,0.0,0.0,0.0,0.0,0.0,0.0,0.0,0.0,0.0,1.0,5.0,0.0,0.0,0.0,0.0,0.0,0.0,0.0,0.0,0.0,0.0,0.0,1.0,21.0,14.0,7.0,0.0,26.0,18.0,8.0,0.0,80.8,77.8,87.5,,301.0,93.0,21.0,14.0,7.0,0.0,26.0,18.0,8.0,0.0,80.8,77.8,87.5,,21.0,14.0,7.0,0.0,26.0,18.0,8.0,0.0,80.8,77.8,87.5,,21.0,14.0,7.0,0.0,26.0,18.0,8.0,0.0,80.8,77.8,87.5,,0.0,0.0,0.0,0.0,3.0,2.0,0.0,0.0,0.0,0.0,,0.0,0.0,,,,0.0,0.0,0.0,,0.0,0.0,39.0,3.0,17.0,13.0,10.0,0.0,39.0,1.0,50.0,1.0,50.0,16.0,0.0,1.0,3.0,20.0,3.0,0.0,2.0,3.0,0.0,0.0,2.0,4.0,3.0,2.0,5.0,3.0,0.0,1.0,1.02,0.0,0.0,0.0,0.0,0.0,0.0,1.0,1.02,0.0,0.0,0.0,0.0,0.0,0.0,0.0,4.0,1.0,0.0,0.0,2.0,2.0,0.0,0.0,0.0,5.0,1.0,50.0,,,,,,,,,,,,,,,,,,,,,,,,,,,,,Jung Hoyeon,MF,Minnesota Utd,25-067,,,,,,,,0.0,0.0,0.0,0.0,6.0,5.0,MF,Unknown,0,MF
2730191256,1,2025,24,22,1855,20.6,0.0,0.05,0.05,0.0,0.0,0.0,0.19,0.05,0.06,0.06,0.04,0.1,0.63,3.59,0.63,0.0,0.05,0.05,0.0,0.05,0.06,0.04,0.1,0.06,0.1,20.6,52.9,25.0,23.9,3.3,58.3,26.4,25.9,4.22,90.7,94.5,92.5,78.2,901.6,240.4,52.9,25.0,23.9,3.3,58.3,26.4,25.9,4.22,90.7,94.5,92.5,78.2,52.9,25.0,23.9,3.3,58.3,26.4,25.9,4.22,90.7,94.5,92.5,78.2,52.9,25.0,23.9,3.3,58.3,26.4,25.9,4.22,90.7,94.5,92.5,78.2,0.05,0.06,0.01,0.44,4.85,0.49,0.0,0.0,0.73,0.1,13.3,0.73,0.1,0.0,0.0,25.5,0.0,0.0,0.0,0.08,-0.06,-0.06,68.0,2.96,14.8,43.5,10.1,0.24,68.0,0.78,59.3,0.53,40.7,39.9,0.05,1.26,1.12,49.5,2.28,1.21,1.17,2.28,1.21,59.5,0.83,1.17,0.97,1.36,3.64,1.36,0.05,1.55,1.55,0.0,0.0,0.05,0.0,0.05,0.05,0.15,0.15,0.0,0.0,0.05,0.0,0.05,0.05,0.05,0.78,1.94,0.0,0.1,1.36,1.17,0.0,0.0,0.0,6.07,0.49,50.0,,,,,,,,,,,,,,,,,,,,,,,,,,,,,Igor,MF,LAFC,22-272,,,,,,,,0.0,0.0024271844660194173,0.0029126213592233006,-0.06,4.22,3.6399999999999997,MF,Unknown,0,MF
8988069560,1,2025,9,7,595,6.6,0.3,0.61,0.91,0.3,0.0,0.0,0.15,0.0,0.26,0.26,0.24,0.5,2.73,4.09,6.67,0.3,0.61,0.91,0.3,0.91,0.25,0.24,0.49,0.25,0.49,6.6,22.9,12.6,6.82,3.03,33.6,17.1,9.55,5.45,68.0,73.5,71.4,55.6,403.2,140.8,22.9,12.6,6.82,3.03,33.6,17.1,9.55,5.45,68.0,73.5,71.4,55.6,22.9,12.6,6.82,3.03,33.6,17.1,9.55,5.45,68.0,73.5,71.4,55.6,22.9,12.6,6.82,3.03,33.6,17.1,9.55,5.45,68.0,73.5,71.4,55.6,0.61,0.29,0.36,1.52,2.73,1.06,0.3,0.3,4.39,1.52,34.5,4.39,1.51,0.07,0.2,22.5,0.3,0.0,0.0,0.06,0.05,0.05,47.0,0.45,3.94,18.3,25.5,5.0,47.0,1.36,52.9,1.21,47.1,26.5,0.76,2.88,1.36,31.1,0.91,0.76,0.76,0.91,0.76,45.5,0.91,0.76,0.61,0.45,1.36,1.06,0.0,5.45,5.44,0.3,0.0,0.61,0.15,0.3,0.0,1.06,1.06,0.3,0.0,0.61,0.15,0.3,0.0,0.0,1.52,1.67,0.15,3.94,0.45,0.76,0.0,0.0,0.0,5.61,0.61,25.0,,,,,,,,,,,,,,,,,,,,,,,,,,,,,Milan Iloski,"FW,MF",San Diego FC,26-128,,,,Milan Iloski,2025.0,500000.0,552569.0,0.045454545454545456,0.09242424242424242,0.0393939393939394,0.03999999999999998,6.82,1.36,MF,Unknown,0,MF
8988069560,2,2025,9,7,595,6.6,0.3,0.61,0.91,0.3,0.0,0.0,0.15,0.0,0.26,0.26,0.24,0.5,2.73,4.09,6.67,0.3,0.61,0.91,0.3,0.91,0.25,0.24,0.49,0.25,0.49,6.6,22.9,12.6,6.82,3.03,33.6,17.1,9.55,5.45,68.0,73.5,71.4,55.6,403.2,140.8,22.9,12.6,6.82,3.03,33.6,17.1,9.55,5.45,68.0,73.5,71.4,55.6,22.9,12.6,6.82,3.03,33.6,17.1,9.55,5.45,68.0,73.5,71.4,55.6,22.9,12.6,6.82,3.03,33.6,17.1,9.55,5.45,68.0,73.5,71.4,55.6,0.61,0.29,0.36,1.52,2.73,1.06,0.3,0.3,4.39,1.52,34.5,4.39,1.51,0.07,0.2,22.5,0.3,0.0,0.0,0.06,0.05,0.05,47.0,0.45,3.94,18.3,25.5,5.0,47.0,1.36,52.9,1.21,47.1,26.5,0.76,2.88,1.36,31.1,0.91,0.76,0.76,0.91,0.76,45.5,0.91,0.76,0.61,0.45,1.36,1.06,0.0,5.45,5.44,0.3,0.0,0.61,0.15,0.3,0.0,1.06,1.06,0.3,0.0,0.61,0.15,0.3,0.0,0.0,1.52,1.67,0.15,3.94,0.45,0.76,0.0,0.0,0.0,5.61,0.61,25.0,,,,,,,,,,,,,,,,,,,,,,,,,,,,,Milan Iloski,"FW,MF",San Diego FC,26-128,,,,Milan Iloski,2025.0,500000.0,552569.0,0.045454545454545456,0.09242424242424242,0.0393939393939394,0.03999999999999998,6.82,1.36,MF,Unknown,0,MF
8988069560,1,2025,14,3,479,5.3,1.89,0.19,2.08,1.89,0.0,0.0,0.0,0.0,0.77,0.77,0.28,1.04,2.45,3.77,7.17,1.88,0.19,2.07,1.88,2.07,0.76,0.28,1.04,0.76,1.04,5.3,20.9,11.3,6.98,1.51,28.3,14.2,8.68,3.21,74.0,80.0,80.4,47.1,311.1,75.7,20.9,11.3,6.98,1.51,28.3,14.2,8.68,3.21,74.0,80.0,80.4,47.1,20.9,11.3,6.98,1.51,28.3,14.2,8.68,3.21,74.0,80.0,80.4,47.1,20.9,11.3,6.98,1.51,28.3,14.2,8.68,3.21,74.0,80.0,80.4,47.1,0.19,0.21,-0.09,1.51,1.13,1.7,0.0,1.89,5.85,3.58,61.3,5.82,3.57,0.32,0.53,17.4,0.0,0.0,0.0,0.13,1.11,1.11,40.8,0.19,2.64,13.2,25.7,6.98,40.8,0.75,50.0,0.57,37.5,23.6,1.32,2.08,0.94,30.4,0.57,0.19,0.38,0.57,0.19,14.3,1.13,0.0,0.0,0.19,0.75,0.38,0.0,4.15,4.13,0.57,0.19,0.19,0.0,0.0,0.0,1.32,1.32,0.57,0.19,0.19,0.0,0.0,0.0,0.0,2.45,1.7,0.38,2.45,0.19,0.38,0.0,0.0,0.0,1.89,0.94,35.7,,,,,,,,,,,,,,,,,,,,,,,,,,,,,Milan Iloski,"FW,MF",San Diego FC,26-128,,,,Milan Iloski,2025.0,500000.0,552569.0,0.35660377358490564,0.035849056603773584,0.14528301886792452,1.1199999999999999,6.220000000000001,0.76,MF,Unknown,0,MF
8988069560,2,2025,14,3,479,5.3,1.89,0.19,2.08,1.89,0.0,0.0,0.0,0.0,0.77,0.77,0.28,1.04,2.45,3.77,7.17,1.88,0.19,2.07,1.88,2.07,0.76,0.28,1.04,0.76,1.04,5.3,20.9,11.3,6.98,1.51,28.3,14.2,8.68,3.21,74.0,80.0,80.4,47.1,311.1,75.7,20.9,11.3,6.98,1.51,28.3,14.2,8.68,3.21,74.0,80.0,80.4,47.1,20.9,11.3,6.98,1.51,28.3,14.2,8.68,3.21,74.0,80.0,80.4,47.1,20.9,11.3,6.98,1.51,28.3,14.2,8.68,3.21,74.0,80.0,80.4,47.1,0.19,0.21,-0.09,1.51,1.13,1.7,0.0,1.89,5.85,3.58,61.3,5.82,3.57,0.32,0.53,17.4,0.0,0.0,0.0,0.13,1.11,1.11,40.8,0.19,2.64,13.2,25.7,6.98,40.8,0.75,50.0,0.57,37.5,23.6,1.32,2.08,0.94,30.4,0.57,0.19,0.38,0.57,0.19,14.3,1.13,0.0,0.0,0.19,0.75,0.38,0.0,4.15,4.13,0.57,0.19,0.19,0.0,0.0,0.0,1.32,1.32,0.57,0.19,0.19,0.0,0.0,0.0,0.0,2.45,1.7,0.38,2.45,0.19,0.38,0.0,0.0,0.0,1.89,0.94,35.7,,,,,,,,,,,,,,,,,,,,,,,,,,,,,Milan Iloski,"FW,MF",San Diego FC,26-128,,,,Milan Iloski,2025.0,500000.0,552569.0,0.35660377358490564,0.035849056603773584,0.14528301886792452,1.1199999999999999,6.220000000000001,0.76,MF,Unknown,0,MF
9660572841,1,2025,8,5,406,4.5,0.44,0.22,0.67,0.44,0.0,0.0,0.0,0.0,0.53,0.53,0.13,0.67,2.44,2.0,5.11,0.44,0.22,0.67,0.44,0.67,0.54,0.14,0.68,0.54,0.68,4.5,19.1,12.7,4.44,0.89,25.1,15.6,5.56,1.78,76.1,81.4,80.0,50.0,246.0,64.7,19.1,12.7,4.44,0.89,25.1,15.6,5.56,1.78,76.1,81.4,80.0,50.0,19.1,12.7,4.44,0.89,25.1,15.6,5.56,1.78,76.1,81.4,80.0,50.0,19.1,12.7,4.44,0.89,25.1,15.6,5.56,1.78,76.1,81.4,80.0,50.0,0.22,0.02,0.09,1.11,1.11,0.44,0.0,0.44,2.89,1.33,46.2,2.88,1.33,0.15,0.33,13.1,0.0,0.0,0.0,0.19,-0.09,-0.09,36.0,0.44,3.56,15.8,17.3,4.0,36.0,0.44,25.0,1.33,75.0,18.2,0.44,2.89,0.67,28.2,0.0,0.0,0.0,0.0,0.0,,0.0,1.11,0.89,0.44,0.44,0.44,0.0,2.22,2.22,0.0,0.0,0.67,0.0,0.0,0.0,0.44,0.44,0.0,0.0,0.67,0.0,0.0,0.0,0.0,3.11,1.56,0.67,0.22,0.44,0.0,0.0,0.0,0.0,3.11,1.11,33.3,,,,,,,,,,,,,,,,,,,,,,,,,,,,,Marcus Ingvartsen,"FW,MF",San Diego FC,29-334,Marcus Ingvartsen,TAM Player,2027,Marcus Ingvartsen,2025.0,1740000.0,1740000.0,0.09777777777777778,0.04888888888888889,0.11777777777777779,-0.09000000000000002,4.4399999999999995,0.44,MF,TAM,0,MF
6498456578,2,2025,12,10,861,9.6,0.1,0.21,0.31,0.1,0.0,0.0,0.1,0.0,0.16,0.16,0.08,0.24,1.35,4.27,5.21,0.1,0.21,0.31,0.1,0.31,0.15,0.08,0.24,0.15,0.24,9.6,37.6,19.7,12.8,3.44,46.8,22.6,15.1,5.83,80.4,87.1,84.8,58.9,608.2,133.1,37.6,19.7,12.8,3.44,46.8,22.6,15.1,5.83,80.4,87.1,84.8,58.9,37.6,19.7,12.8,3.44,46.8,22.6,15.1,5.83,80.4,87.1,84.8,58.9,37.6,19.7,12.8,3.44,46.8,22.6,15.1,5.83,80.4,87.1,84.8,58.9,0.21,0.09,0.13,1.56,3.33,0.73,0.1,0.1,1.77,0.52,29.4,1.78,0.52,0.06,0.2,17.8,0.1,0.0,0.0,0.09,-0.05,-0.05,53.3,0.63,9.17,27.6,17.2,2.19,53.3,0.42,50.0,0.31,37.5,28.9,0.73,1.56,0.42,38.9,0.94,0.1,0.52,0.94,0.1,20.0,0.42,0.63,0.52,0.63,1.56,0.63,0.0,3.54,3.55,0.0,0.0,0.1,0.0,0.0,0.0,0.42,0.42,0.0,0.0,0.1,0.0,0.0,0.0,0.0,0.42,0.94,0.1,1.35,0.63,0.52,0.0,0.0,0.0,4.48,0.31,50.0,,,,,,,,,,,,,,,,,,,,,,,,,,,,,Lorenzo Insigne,"MF,FW",Toronto FC,34-183,Lorenzo Insigne,Designated Player,June 2026,,,,,0.010416666666666668,0.021875,0.016666666666666666,-0.06,5.619999999999999,1.5699999999999998,MF,DP,0,MF
4980339919,4,2025,18,7,733,8.1,0.25,0.12,0.37,0.25,0.0,0.0,0.0,0.0,0.32,0.32,0.04,0.35,2.59,6.17,7.04,0.25,0.12,0.37,0.25,0.37,0.32,0.03,0.35,0.32,0.35,8.1,33.5,17.4,13.6,1.48,37.4,18.5,14.8,1.85,89.4,94.0,91.7,80.0,514.8,123.7,33.5,17.4,13.6,1.48,37.4,18.5,14.8,1.85,89.4,94.0,91.7,80.0,33.5,17.4,13.6,1.48,37.4,18.5,14.8,1.85,89.4,94.0,91.7,80.0,33.5,17.4,13.6,1.48,37.4,18.5,14.8,1.85,89.4,94.0,91.7,80.0,0.12,0.07,0.09,0.62,3.83,2.22,0.0,0.25,3.09,1.11,36.0,3.07,1.11,0.08,0.22,18.8,0.0,0.0,0.0,0.1,-0.07,-0.07,53.6,0.99,7.9,22.6,24.2,2.72,53.6,1.98,38.1,2.96,57.1,38.6,0.25,3.46,2.22,43.2,1.23,0.49,0.62,1.23,0.49,40.0,0.74,0.99,0.99,0.86,2.1,0.86,0.12,2.35,2.34,0.12,0.0,0.25,0.0,0.12,0.0,0.12,0.12,0.12,0.0,0.25,0.0,0.12,0.0,0.0,1.73,3.09,0.25,0.25,0.86,0.62,0.0,0.0,0.0,4.07,0.12,14.3,,,,,,,,,,,,,,,,,,,,,,,,,,,,,Aziel Jackson,"MF,FW",Columbus Crew,24-041,Aziel Jackson,Homegrown,2025,,,,,0.0308641975308642,0.014814814814814815,0.03950617283950617,-0.07,8.76,2.09,MF,HG,0,MF
6047724012,1,2025,31,26,2358,26.2,0.11,0.11,0.23,0.11,0.0,0.0,0.23,0.0,0.18,0.18,0.08,0.26,1.18,5.08,1.56,0.11,0.11,0.23,0.11,0.23,0.18,0.08,0.26,0.18,0.26,26.2,36.5,19.7,13.2,2.37,44.2,22.4,15.3,3.93,82.6,88.1,86.5,60.2,570.6,189.7,36.5,19.7,13.2,2.37,44.2,22.4,15.3,3.93,82.6,88.1,86.5,60.2,36.5,19.7,13.2,2.37,44.2,22.4,15.3,3.93,82.6,88.1,86.5,60.2,36.5,19.7,13.2,2.37,44.2,22.4,15.3,3.93,82.6,88.1,86.5,60.2,0.11,0.06,0.04,1.07,5.08,0.5,0.04,0.11,1.53,0.5,32.5,1.53,0.5,0.08,0.23,20.7,0.0,0.0,0.0,0.12,-0.07,-0.07,54.3,1.87,10.9,33.5,10.5,1.3,54.3,0.73,65.5,0.38,34.5,29.8,0.23,1.22,0.57,34.5,1.79,0.8,1.11,1.79,0.8,53.8,0.69,1.03,0.88,1.6,3.4,1.34,0.0,2.33,2.33,0.11,0.08,0.08,0.0,0.04,0.0,0.34,0.34,0.11,0.08,0.08,0.0,0.04,0.0,0.0,1.83,0.65,0.0,0.42,1.6,1.11,0.0,0.0,0.0,4.92,0.38,41.7,,,,,,,,,,,,,,,,,,,,,,,,,,,,,Danley Jean-Jacques,MF,Philadelphia Union,25-198,,,,,,,,0.004198473282442748,0.004198473282442748,0.006870229007633588,-0.06999999999999999,6.26,3.39,MF,Unknown,0,MF
4741695070,2,2025,2,1,107,1.2,0.0,0.0,0.0,0.0,0.0,0.0,0.0,0.0,0.0,0.0,0.08,0.08,0.0,0.83,0.0,0.0,0.0,0.0,0.0,0.0,0.0,0.06,0.06,0.0,0.06,1.2,24.2,15.0,7.5,1.67,28.3,15.8,9.17,3.33,85.3,94.7,81.8,50.0,378.3,98.3,24.2,15.0,7.5,1.67,28.3,15.8,9.17,3.33,85.3,94.7,81.8,50.0,24.2,15.0,7.5,1.67,28.3,15.8,9.17,3.33,85.3,94.7,81.8,50.0,24.2,15.0,7.5,1.67,28.3,15.8,9.17,3.33,85.3,94.7,81.8,50.0,0.0,0.0,-0.08,1.67,1.67,0.0,0.0,0.0,0.0,0.0,,0.0,0.0,,,,0.0,0.0,0.0,,0.0,0.0,41.7,4.17,20.0,15.8,5.83,0.0,41.7,0.0,,0.0,,11.7,0.0,0.0,0.0,23.3,2.5,0.83,1.67,2.5,0.83,50.0,0.83,3.33,2.5,0.83,3.33,4.17,0.0,1.67,1.68,0.0,0.0,0.83,0.0,0.0,0.0,0.0,0.0,0.0,0.0,0.83,0.0,0.0,0.0,0.0,1.67,2.5,0.0,0.0,0.83,1.67,0.0,0.83,0.0,4.17,2.5,60.0,,,,,,,,,,,,,,,,,,,,,,,,,,,,,Stiven Jimenez,MF,FC Cincinnati,18-163,Stiven Jimenez,Homegrown,2025,Stiven Jimenez,2025.0,104000.0,104000.0,0.0,0.0,0.0,0.0,0.83,3.33,MF,HG,0,MF
5724141442,1,2025,20,17,1106,12.3,0.0,0.0,0.0,0.0,0.0,0.0,0.33,0.0,0.02,0.02,0.06,0.08,0.57,3.74,1.22,0.0,0.0,0.0,0.0,0.0,0.03,0.06,0.08,0.03,0.08,12.3,43.6,20.7,19.0,3.33,48.8,21.8,20.2,4.96,89.3,94.8,94.4,67.2,737.6,198.9,43.6,20.7,19.0,3.33,48.8,21.8,20.2,4.96,89.3,94.8,94.4,67.2,43.6,20.7,19.0,3.33,48.8,21.8,20.2,4.96,89.3,94.8,94.4,67.2,43.6,20.7,19.0,3.33,48.8,21.8,20.2,4.96,89.3,94.8,94.4,67.2,0.0,0.04,-0.06,0.57,3.82,0.49,0.0,0.0,0.49,0.0,0.0,0.49,0.0,0.0,,25.9,0.0,0.0,0.0,0.05,-0.02,-0.02,56.4,2.28,14.4,34.9,7.48,0.16,56.4,0.49,60.0,0.33,40.0,34.2,0.16,1.38,0.89,40.3,2.03,0.89,1.14,2.03,0.89,64.7,0.49,0.49,0.49,0.73,2.76,1.06,0.08,1.38,1.38,0.0,0.0,0.0,0.0,0.0,0.0,0.08,0.08,0.0,0.0,0.0,0.0,0.0,0.0,0.0,1.3,0.98,0.0,0.49,0.73,1.14,0.0,0.08,0.0,5.37,0.65,66.7,,,,,,,,,,,,,,,,,,,,,,,,,,,,,Julio Joao Ortíz,MF,Portland Timbers,29-217,,,,,,,,0.0,0.0,0.0016260162601626016,-0.02,4.3100000000000005,2.76,MF,Unknown,0,MF
9125458636,2,2025,3,0,5,0.1,0.0,0.0,0.0,0.0,0.0,0.0,0.0,0.0,0.0,0.0,0.0,0.0,0.0,0.0,10.0,0.0,0.0,0.0,0.0,0.0,0.33,0.0,0.33,0.33,0.33,0.1,110.0,40.0,60.0,0.0,120.0,40.0,60.0,0.0,91.7,100.0,100.0,,1680.0,40.0,110.0,40.0,60.0,0.0,120.0,40.0,60.0,0.0,91.7,100.0,100.0,,110.0,40.0,60.0,0.0,120.0,40.0,60.0,0.0,91.7,100.0,100.0,,110.0,40.0,60.0,0.0,120.0,40.0,60.0,0.0,91.7,100.0,100.0,,0.0,0.0,0.0,0.0,10.0,0.0,0.0,0.0,10.0,0.0,0.0,18.0,0.0,0.0,,17.9,0.0,0.0,0.0,0.02,0.0,0.0,160.0,10.0,20.0,100.0,40.0,10.0,160.0,0.0,,0.0,,90.0,0.0,0.0,0.0,120.0,0.0,0.0,0.0,0.0,0.0,,0.0,0.0,0.0,0.0,0.0,10.0,0.0,10.0,18.0,0.0,0.0,0.0,0.0,0.0,0.0,0.0,0.0,0.0,0.0,0.0,0.0,0.0,0.0,0.0,0.0,0.0,0.0,0.0,0.0,0.0,0.0,0.0,0.0,0.0,0.0,,,,,,,,,,,,,,,,,,,,,,,,,,,,,,Derrick Jones,MF,Columbus Crew,28-276,Derrick Jones,Standard,2025,Derrick Jones,2025.0,350000.0,387500.0,0.0,0.0,0.0,0.0,0.0,0.0,MF,Standard,-1,MF
2676706776,2,2025,13,1,370,4.1,0.24,0.0,0.24,0.24,0.0,0.0,0.49,0.0,0.46,0.46,0.07,0.54,3.17,2.93,5.61,0.24,0.0,0.24,0.24,0.24,0.47,0.07,0.54,0.47,0.54,4.1,16.3,9.51,5.12,1.46,22.9,12.0,6.83,2.44,71.3,79.6,75.0,60.0,251.0,81.0,16.3,9.51,5.12,1.46,22.9,12.0,6.83,2.44,71.3,79.6,75.0,60.0,16.3,9.51,5.12,1.46,22.9,12.0,6.83,2.44,71.3,79.6,75.0,60.0,16.3,9.51,5.12,1.46,22.9,12.0,6.83,2.44,71.3,79.6,75.0,60.0,0.0,0.07,-0.07,1.46,0.73,1.71,0.49,0.24,3.17,1.22,38.5,3.16,1.22,0.08,0.2,14.2,0.0,0.0,0.0,0.15,-0.22,-0.22,42.2,2.93,10.0,9.76,23.2,4.88,42.2,0.98,30.8,1.95,61.5,23.4,1.46,2.68,2.2,26.3,3.41,1.22,1.46,3.41,1.22,71.4,0.49,1.22,0.98,0.73,4.15,2.68,0.0,1.95,1.95,0.49,0.0,0.0,0.0,0.0,0.0,0.0,0.0,0.49,0.0,0.0,0.0,0.0,0.0,0.0,1.46,2.44,0.49,2.68,0.73,1.46,0.0,0.24,0.0,3.9,0.98,36.4,,,,,,,,,,,,,,,,,,,,,,,,,,,,,Mykhi Joyner,"FW,MF",St. Louis,19-096,Mykhi Joyner,Homegrown,2028,,,,,0.05853658536585366,0.0,0.11219512195121953,-0.22000000000000003,6.1,4.140000000000001,MF,HG,0,MF
8618290002,3,2025,29,10,1057,11.7,0.51,0.17,0.68,0.51,0.0,0.0,0.43,0.0,0.53,0.53,0.25,0.79,2.14,1.03,6.24,0.51,0.17,0.68,0.51,0.68,0.53,0.25,0.78,0.53,0.78,11.7,9.49,4.87,2.82,0.77,16.4,7.35,4.96,1.28,57.8,66.3,56.9,60.0,143.7,22.1,9.49,4.87,2.82,0.77,16.4,7.35,4.96,1.28,57.8,66.3,56.9,60.0,9.49,4.87,2.82,0.77,16.4,7.35,4.96,1.28,57.8,66.3,56.9,60.0,9.49,4.87,2.82,0.77,16.4,7.35,4.96,1.28,57.8,66.3,56.9,60.0,0.17,0.18,-0.08,1.11,0.34,0.34,0.09,0.51,3.42,1.54,45.0,3.41,1.53,0.15,0.33,11.5,0.0,0.0,0.0,0.16,-0.02,-0.02,28.0,0.51,1.03,9.49,18.2,6.5,28.0,0.85,52.6,0.77,47.4,14.5,0.94,3.08,1.03,19.9,0.51,0.26,0.43,0.51,0.26,60.0,0.17,1.03,0.94,0.17,0.68,0.34,0.0,2.48,2.47,0.17,0.0,0.34,0.09,0.17,0.0,0.34,0.34,0.17,0.0,0.34,0.09,0.17,0.0,0.0,1.88,1.54,0.17,0.94,0.17,0.43,0.09,0.0,0.0,1.62,2.82,54.1,,,,,,,,,,,,,,,,,,,,,,,,,,,,,Preston Judd,"FW,MF",SJ Earthquakes,26-190,Preston Judd,Standard,2026,Preston Judd,2025.0,185000.0,234375.0,0.043589743589743594,0.014529914529914532,0.045299145299145305,-0.020000000000000018,3.17,0.68,MF,Standard,0,MF
5177163068,3,2025,25,17,1577,17.5,0.34,0.06,0.4,0.34,0.0,0.0,0.29,0.0,0.28,0.28,0.13,0.41,2.63,1.31,6.23,0.34,0.06,0.4,0.34,0.4,0.28,0.13,0.41,0.28,0.41,17.5,13.3,7.49,4.23,0.86,17.9,9.03,5.43,1.43,74.2,82.9,77.9,60.0,201.5,48.6,13.3,7.49,4.23,0.86,17.9,9.03,5.43,1.43,74.2,82.9,77.9,60.0,13.3,7.49,4.23,0.86,17.9,9.03,5.43,1.43,74.2,82.9,77.9,60.0,13.3,7.49,4.23,0.86,17.9,9.03,5.43,1.43,74.2,82.9,77.9,60.0,0.06,0.1,-0.07,1.09,0.69,0.63,0.23,0.34,2.06,0.97,47.2,2.05,0.97,0.17,0.35,21.7,0.0,0.0,0.0,0.14,0.06,0.06,30.9,2.0,5.89,9.49,15.9,4.4,30.9,1.26,43.1,1.6,54.9,17.8,1.71,2.86,1.14,18.8,0.8,0.29,0.51,0.8,0.29,21.7,1.03,1.09,0.91,0.69,1.49,1.6,0.0,1.89,1.88,0.46,0.06,0.06,0.0,0.0,0.0,0.23,0.23,0.46,0.06,0.06,0.0,0.0,0.0,0.0,2.0,0.86,0.8,0.91,0.69,0.51,0.0,0.0,0.0,3.54,0.57,27.0,,,,,,,,,,,,,,,,,,,,,,,,,,,,,Anderson Julio,"FW,MF",FC Dallas,29-187,Anderson Julio,TAM Player,2025,Anderson Julio,2025.0,750000.0,820000.0,0.01942857142857143,0.0034285714285714284,0.016,0.06,3.94,1.49,MF,TAM,0,MF
8475454581,1,2025,27,21,1662,18.5,0.11,0.0,0.11,0.11,0.0,0.0,0.38,0.05,0.05,0.05,0.06,0.11,0.86,4.97,1.62,0.11,0.0,0.11,0.11,0.11,0.05,0.06,0.11,0.05,0.11,18.5,32.3,16.3,11.1,3.24,39.9,18.6,13.1,5.14,80.9,87.2,84.4,63.2,518.2,185.7,32.3,16.3,11.1,3.24,39.9,18.6,13.1,5.14,80.9,87.2,84.4,63.2,32.3,16.3,11.1,3.24,39.9,18.6,13.1,5.14,80.9,87.2,84.4,63.2,32.3,16.3,11.1,3.24,39.9,18.6,13.1,5.14,80.9,87.2,84.4,63.2,0.0,0.1,-0.06,0.76,3.95,0.76,0.11,0.11,0.81,0.22,26.7,0.81,0.22,0.13,0.5,22.9,0.0,0.0,0.0,0.06,0.06,0.06,50.2,2.05,12.9,27.6,10.3,0.76,50.2,0.59,57.9,0.27,26.3,27.1,0.05,1.68,1.35,32.8,2.49,1.35,1.68,2.49,1.35,45.5,1.62,1.14,0.81,1.14,3.62,1.24,0.11,2.0,2.0,0.0,0.0,0.11,0.0,0.0,0.0,0.11,0.11,0.0,0.0,0.11,0.0,0.0,0.0,0.0,1.68,2.54,0.0,0.65,1.14,1.68,0.0,0.0,0.0,5.68,0.22,25.0,,,,,,,,,,,,,,,,,,,,,,,,,,,,,Kaick,MF,FC Dallas,20-005,Kaick,U22 Initiative,2028,,,,,0.005945945945945946,0.0,0.002702702702702703,0.06,5.83,3.63,MF,U22,0,MF
9327724047,3,2025,27,10,1017,11.3,0.09,0.18,0.27,0.09,0.0,0.0,0.44,0.0,0.12,0.12,0.05,0.17,1.06,5.13,1.77,0.09,0.18,0.27,0.09,0.27,0.11,0.06,0.17,0.11,0.17,11.3,41.0,21.1,14.4,3.72,50.6,24.1,16.9,6.37,80.9,87.5,85.3,58.3,671.9,210.3,41.0,21.1,14.4,3.72,50.6,24.1,16.9,6.37,80.9,87.5,85.3,58.3,41.0,21.1,14.4,3.72,50.6,24.1,16.9,6.37,80.9,87.5,85.3,58.3,41.0,21.1,14.4,3.72,50.6,24.1,16.9,6.37,80.9,87.5,85.3,58.3,0.18,0.06,0.12,0.88,3.81,0.97,0.09,0.09,1.24,0.18,14.3,1.24,0.18,0.07,0.5,17.7,0.0,0.0,0.0,0.09,-0.03,-0.03,62.4,1.59,12.5,35.0,15.6,1.24,62.4,0.71,53.3,0.44,33.3,31.9,0.18,1.42,1.06,38.7,3.19,1.95,1.86,3.19,1.95,55.0,1.59,1.59,1.5,1.86,5.04,0.88,0.0,3.45,3.45,0.09,0.0,0.0,0.0,0.18,0.0,0.27,0.27,0.09,0.0,0.0,0.0,0.18,0.0,0.0,2.12,1.24,0.0,0.88,1.86,1.86,0.0,0.0,0.0,6.9,1.06,63.2,,,,,,,,,,,,,,,,,,,,,,,,,,,,,Mark-Anthony Kaye,MF,SJ Earthquakes,31-002,Mark-Anthony Kaye,TAM Player,2025,Mark-Anthony Kaye,2025.0,800000.0,800000.0,0.007964601769911504,0.01592920353982301,0.01061946902654867,-0.03,6.1899999999999995,5.05,MF,TAM,0,MF
9905418906,1,2025,15,5,543,6.0,0.0,0.5,0.5,0.0,0.0,0.0,0.0,0.0,0.03,0.03,0.3,0.32,4.17,5.17,12.0,0.0,0.5,0.5,0.0,0.5,0.03,0.29,0.32,0.03,0.32,6.0,41.2,23.0,13.0,3.0,50.5,25.5,16.7,4.17,81.5,90.2,78.0,72.0,601.7,120.5,41.2,23.0,13.0,3.0,50.5,25.5,16.7,4.17,81.5,90.2,78.0,72.0,41.2,23.0,13.0,3.0,50.5,25.5,16.7,4.17,81.5,90.2,78.0,72.0,41.2,23.0,13.0,3.0,50.5,25.5,16.7,4.17,81.5,90.2,78.0,72.0,0.5,0.32,0.2,2.17,1.83,2.33,0.5,0.0,0.67,0.0,0.0,0.66,0.0,0.0,,18.3,0.0,0.0,0.0,0.04,-0.03,-0.03,63.2,1.0,8.17,24.2,31.3,5.0,63.2,2.17,38.2,3.33,58.8,49.0,3.17,1.83,1.5,48.8,1.67,1.0,0.67,1.67,1.0,50.0,1.0,1.33,1.17,1.0,2.67,0.33,0.0,4.5,4.47,0.83,0.0,0.0,0.0,0.0,0.0,0.83,0.83,0.83,0.0,0.0,0.0,0.0,0.0,0.0,1.0,1.67,0.5,3.17,1.0,0.67,0.0,0.0,0.0,5.83,0.33,33.3,,,,,,,,,,,,,,,,,,,,,,,,,,,,,Ryan Kent,"FW,MF",Seattle Sounders,29-023,,,,Ryan Kent,2025.0,936000.0,959500.0,0.0,0.08333333333333333,0.005,-0.03,9.34,2.67,MF,Unknown,0,MF
9940311179,2,2025,29,20,1593,17.7,0.11,0.0,0.11,0.11,0.0,0.0,0.0,0.0,0.06,0.06,0.07,0.13,1.81,3.33,4.01,0.11,0.0,0.11,0.11,0.11,0.06,0.07,0.13,0.06,0.13,17.7,26.7,15.6,9.15,1.02,32.9,18.0,10.7,1.92,81.1,86.8,85.3,52.9,392.3,108.8,26.7,15.6,9.15,1.02,32.9,18.0,10.7,1.92,81.1,86.8,85.3,52.9,26.7,15.6,9.15,1.02,32.9,18.0,10.7,1.92,81.1,86.8,85.3,52.9,26.7,15.6,9.15,1.02,32.9,18.0,10.7,1.92,81.1,86.8,85.3,52.9,0.0,0.07,-0.07,0.9,2.82,0.79,0.06,0.11,0.73,0.23,30.8,0.73,0.23,0.15,0.5,16.8,0.0,0.0,0.0,0.08,0.06,0.06,44.8,1.07,8.36,23.1,14.4,1.92,44.8,1.58,49.1,1.53,47.4,26.7,0.34,1.86,1.47,29.6,1.64,0.96,0.9,1.64,0.96,48.6,1.02,1.75,1.64,0.85,2.49,1.19,0.17,2.03,2.04,0.23,0.0,0.06,0.0,0.0,0.0,0.0,0.0,0.23,0.0,0.06,0.0,0.0,0.0,0.0,1.02,1.36,0.17,0.34,0.85,0.9,0.0,0.0,0.0,4.75,0.23,16.7,,,,,,,,,,,,,,,,,,,,,,,,,,,,,Hosei Kijima,"MF,FW",D.C. United,23-156,Hosei Kijima,Standard,2025,Hosei Kijima,2025.0,80622.0,80622.0,0.0062146892655367235,0.0,0.003389830508474576,0.05,5.140000000000001,2.4899999999999998,MF,Standard,0,MF
6543697526,1,2025,2,0,2,0.0,0.0,0.0,0.0,0.0,0.0,0.0,0.0,0.0,0.0,0.0,0.0,0.0,0.0,0.0,0.0,0.0,0.0,0.0,0.0,0.0,0.0,0.0,0.0,0.0,0.0,0.0,2.0,2.0,0.0,0.0,5.0,3.0,0.0,0.0,40.0,66.7,,,20.0,15.0,2.0,2.0,0.0,0.0,5.0,3.0,0.0,0.0,40.0,66.7,,,2.0,2.0,0.0,0.0,5.0,3.0,0.0,0.0,40.0,66.7,,,2.0,2.0,0.0,0.0,5.0,3.0,0.0,0.0,40.0,66.7,,,0.0,0.0,0.0,0.0,0.0,0.0,0.0,0.0,0.0,0.0,,0.0,0.0,,,,0.0,0.0,0.0,,0.0,0.0,5.0,0.0,2.0,3.0,0.0,0.0,5.0,0.0,,0.0,,2.0,0.0,0.0,1.0,3.0,0.0,0.0,0.0,0.0,0.0,,0.0,0.0,0.0,0.0,0.0,0.0,0.0,0.0,0.0,0.0,0.0,0.0,0.0,0.0,0.0,0.0,0.0,0.0,0.0,0.0,0.0,0.0,0.0,0.0,0.0,0.0,0.0,0.0,0.0,0.0,0.0,0.0,0.0,2.0,0.0,,,,,,,,,,,,,,,,,,,,,,,,,,,,,,Eric Klein,MF,NE Revolution,19-014,,,,Eric Klein,2025.0,80622.0,86899.0,,,,0.0,0.0,0.0,MF,Unknown,0,MF
2247861077,3,2025,16,9,795,8.8,0.0,0.11,0.11,0.0,0.0,0.0,0.45,0.0,0.03,0.03,0.13,0.16,0.8,5.8,3.3,0.0,0.11,0.11,0.0,0.11,0.03,0.13,0.16,0.03,0.16,8.8,55.5,26.7,23.0,3.98,64.7,28.9,25.9,6.48,85.8,92.5,88.6,61.4,902.7,315.5,55.5,26.7,23.0,3.98,64.7,28.9,25.9,6.48,85.8,92.5,88.6,61.4,55.5,26.7,23.0,3.98,64.7,28.9,25.9,6.48,85.8,92.5,88.6,61.4,55.5,26.7,23.0,3.98,64.7,28.9,25.9,6.48,85.8,92.5,88.6,61.4,0.11,0.11,-0.01,1.25,6.93,1.02,0.11,0.0,0.8,0.23,28.6,0.79,0.23,0.0,0.0,26.2,0.0,0.0,0.0,0.04,-0.03,-0.03,71.5,0.91,14.1,43.9,14.1,1.02,71.5,0.23,40.0,0.34,60.0,41.6,0.0,1.25,0.57,51.5,1.82,0.57,0.91,1.82,0.57,29.4,1.36,0.57,0.57,1.14,2.95,0.68,0.0,1.82,1.81,0.0,0.0,0.0,0.0,0.0,0.0,0.11,0.11,0.0,0.0,0.0,0.0,0.0,0.0,0.0,1.48,1.14,0.0,0.57,1.14,0.91,0.0,0.0,0.0,6.14,0.34,60.0,,,,,,,,,,,,,,,,,,,,,,,,,,,,,Mateusz Klich,MF,Atlanta Utd,35-174,Mateusz Klich,Standard,2025,,,,,0.0,0.012499999999999999,0.0034090909090909085,-0.03,6.6,2.96,MF,Standard,0,MF
8884646912,1,2025,18,6,564,6.3,0.48,0.16,0.63,0.48,0.0,0.0,0.16,0.0,0.22,0.22,0.1,0.32,2.86,5.71,1.43,0.48,0.16,0.64,0.48,0.64,0.22,0.1,0.32,0.22,0.32,6.3,46.8,22.5,20.6,2.86,51.3,24.0,22.1,3.49,91.3,94.0,93.5,81.8,791.7,225.2,46.8,22.5,20.6,2.86,51.3,24.0,22.1,3.49,91.3,94.0,93.5,81.8,46.8,22.5,20.6,2.86,51.3,24.0,22.1,3.49,91.3,94.0,93.5,81.8,46.8,22.5,20.6,2.86,51.3,24.0,22.1,3.49,91.3,94.0,93.5,81.8,0.16,0.06,0.06,0.63,5.08,0.48,0.0,0.48,1.75,0.95,54.5,1.76,0.96,0.27,0.5,22.3,0.0,0.0,0.0,0.12,0.25,0.25,60.8,2.22,14.0,33.2,14.0,1.11,60.8,0.95,40.0,1.27,53.3,39.5,0.48,0.63,1.75,47.3,0.95,0.48,0.48,0.95,0.48,100.0,0.0,0.63,0.63,1.27,2.22,1.27,0.0,2.06,2.07,0.32,0.16,0.0,0.0,0.0,0.0,0.63,0.64,0.32,0.16,0.0,0.0,0.0,0.0,0.0,1.59,1.43,0.0,0.32,1.27,0.48,0.0,0.0,0.0,3.81,0.32,40.0,,,,,,,,,,,,,,,,,,,,,,,,,,,,,Rominigue Kouamé,MF,Chicago Fire,28-352,Rominigue Kouamé,TAM Player,2025,Rominigue Kouamé,2025.0,600000.0,693755.0,0.07619047619047618,0.025396825396825397,0.03492063492063492,0.26,8.57,2.2199999999999998,MF,TAM,0,MF
2820476830,1,2025,29,16,1498,16.6,0.06,0.06,0.12,0.06,0.0,0.0,0.24,0.0,0.1,0.1,0.07,0.17,2.29,3.67,7.65,0.06,0.06,0.12,0.06,0.12,0.1,0.07,0.17,0.1,0.17,16.6,30.5,18.8,8.92,1.33,36.7,20.7,10.7,1.87,83.3,91.0,83.1,71.0,420.2,96.7,30.5,18.8,8.92,1.33,36.7,20.7,10.7,1.87,83.3,91.0,83.1,71.0,30.5,18.8,8.92,1.33,36.7,20.7,10.7,1.87,83.3,91.0,83.1,71.0,30.5,18.8,8.92,1.33,36.7,20.7,10.7,1.87,83.3,91.0,83.1,71.0,0.06,0.13,-0.01,0.96,1.81,1.2,0.36,0.06,1.33,0.42,31.8,1.32,0.42,0.05,0.14,19.6,0.06,0.0,0.0,0.07,-0.04,-0.04,46.1,1.14,6.14,18.5,21.8,3.13,46.1,0.24,17.4,1.02,73.9,29.6,0.78,1.57,0.78,35.0,1.33,0.6,0.96,1.33,0.6,34.5,1.14,1.33,1.33,0.42,1.75,0.78,0.0,3.19,3.19,0.06,0.0,0.54,0.06,0.0,0.0,0.3,0.3,0.06,0.0,0.54,0.06,0.0,0.0,0.0,1.63,2.17,0.06,1.69,0.42,0.96,0.0,0.0,0.0,3.31,0.24,30.8,,,,,,,,,,,,,,,,,,,,,,,,,,,,,Sebastian Kowalczyk,"FW,MF",Houston Dynamo,27-104,Sebastian Kowalczyk,TAM Player,2025,Sebastian Kowalczyk,2025.0,525000.0,594618.0,0.003614457831325301,0.003614457831325301,0.006024096385542168,-0.04000000000000001,5.96,1.75,MF,TAM,0,MF
5234741140,3,2025,4,0,23,0.3,3.33,0.0,3.33,0.0,3.33,3.33,0.0,0.0,2.67,0.0,0.0,0.0,0.0,13.3,10.0,3.91,0.0,3.91,0.0,0.0,3.09,0.0,3.09,0.0,0.0,0.3,43.3,26.7,16.7,0.0,56.7,33.3,20.0,0.0,76.5,80.0,83.3,,570.0,206.7,43.3,26.7,16.7,0.0,56.7,33.3,20.0,0.0,76.5,80.0,83.3,,43.3,26.7,16.7,0.0,56.7,33.3,20.0,0.0,76.5,80.0,83.3,,43.3,26.7,16.7,0.0,56.7,33.3,20.0,0.0,76.5,80.0,83.3,,0.0,0.0,0.0,0.0,16.7,0.0,0.0,3.33,0.0,0.0,,0.0,0.0,,,,0.0,3.33,3.33,,0.67,0.0,66.7,3.33,3.33,30.0,33.3,3.33,63.3,3.33,100.0,0.0,0.0,26.7,0.0,3.33,0.0,50.0,0.0,0.0,0.0,0.0,0.0,0.0,3.33,0.0,0.0,0.0,0.0,3.33,0.0,0.0,0.0,0.0,0.0,0.0,0.0,0.0,0.0,0.0,0.0,0.0,0.0,0.0,0.0,0.0,0.0,0.0,0.0,3.33,0.0,0.0,0.0,0.0,0.0,0.0,0.0,6.67,3.33,100.0,,,,,,,,,,,,,,,,,,,,,,,,,,,,,Damir Kreilach,"FW,MF",Vancouver W'caps,36-232,Damir Kreilach,Standard,2025,,,,,11.100000000000001,0.0,8.9,0.6600000000000001,13.3,0.0,MF,Standard,-1,MF
263792674,3,2025,25,12,1142,12.7,0.08,0.16,0.24,0.08,0.0,0.0,0.16,0.0,0.2,0.2,0.12,0.31,2.91,4.25,6.77,0.08,0.16,0.24,0.08,0.24,0.19,0.12,0.31,0.19,0.31,12.7,29.0,18.0,8.19,1.02,38.3,21.0,10.3,2.52,75.6,85.8,79.4,40.6,390.9,132.9,29.0,18.0,8.19,1.02,38.3,21.0,10.3,2.52,75.6,85.8,79.4,40.6,29.0,18.0,8.19,1.02,38.3,21.0,10.3,2.52,75.6,85.8,79.4,40.6,29.0,18.0,8.19,1.02,38.3,21.0,10.3,2.52,75.6,85.8,79.4,40.6,0.16,0.18,0.04,1.42,3.23,1.34,0.31,0.08,2.05,0.94,46.2,2.05,0.95,0.04,0.08,18.3,0.0,0.0,0.0,0.09,-0.12,-0.12,50.6,0.79,5.91,20.6,24.9,3.39,50.6,1.5,38.0,2.13,54.0,33.9,1.02,2.05,1.57,39.3,0.94,0.39,0.55,0.94,0.39,41.7,0.55,1.18,0.94,0.79,1.73,0.39,0.0,3.46,3.47,0.08,0.0,0.16,0.0,0.24,0.0,0.55,0.55,0.08,0.0,0.16,0.0,0.24,0.0,0.0,0.39,1.5,0.24,1.97,0.79,0.55,0.08,0.0,0.0,3.94,0.16,16.7,,,,,,,,,,,,,,,,,,,,,,,,,,,,,Theodore Ku-Dipietro,"FW,MF",Colorado Rapids,23-310,Theodore Ku-Dipietro,U22 Initiative,2027,,,,,0.006299212598425198,0.012598425196850395,0.015748031496062995,-0.12000000000000001,7.16,1.73,MF,U22,0,MF
3238972663,3,2025,14,7,659,7.3,0.14,0.0,0.14,0.14,0.0,0.0,0.14,0.0,0.19,0.19,0.04,0.23,3.42,3.84,6.44,0.14,0.0,0.14,0.14,0.14,0.2,0.04,0.23,0.2,0.23,7.3,27.8,13.2,10.8,2.74,34.2,15.5,12.6,3.42,81.2,85.0,85.9,80.0,473.7,116.2,27.8,13.2,10.8,2.74,34.2,15.5,12.6,3.42,81.2,85.0,85.9,80.0,27.8,13.2,10.8,2.74,34.2,15.5,12.6,3.42,81.2,85.0,85.9,80.0,27.8,13.2,10.8,2.74,34.2,15.5,12.6,3.42,81.2,85.0,85.9,80.0,0.0,0.07,-0.04,0.82,3.42,0.96,0.14,0.14,2.47,1.1,44.4,2.46,1.09,0.06,0.13,16.8,0.0,0.0,0.0,0.08,-0.05,-0.05,47.4,0.82,4.66,23.6,19.6,3.42,47.4,0.68,29.4,1.51,64.7,29.3,1.1,2.74,1.78,34.2,1.51,0.68,0.55,1.51,0.68,62.5,0.41,0.96,0.82,0.27,1.78,0.82,0.0,2.19,2.19,0.0,0.0,0.0,0.0,0.0,0.0,0.14,0.14,0.0,0.0,0.0,0.0,0.0,0.0,0.0,1.64,0.82,0.68,0.96,0.27,0.55,0.0,0.0,0.0,3.84,0.68,31.3,,,,,,,,,,,,,,,,,,,,,,,,,,,,,Yuya Kubo,"MF,FW",FC Cincinnati,31-345,Yuya Kubo,TAM Player,2025,Yuya Kubo,2025.0,750000.0,821667.0,0.019178082191780823,0.0,0.026027397260273973,-0.04999999999999999,7.26,1.78,MF,TAM,0,MF
6271505296,1,2025,30,24,2116,23.5,0.21,0.04,0.26,0.21,0.0,0.0,0.17,0.0,0.09,0.09,0.06,0.16,2.85,5.91,5.45,0.21,0.04,0.26,0.21,0.26,0.09,0.07,0.16,0.09,0.16,23.5,38.4,23.9,11.4,1.28,46.6,26.5,13.4,2.38,82.5,90.2,84.8,53.6,522.9,154.1,38.4,23.9,11.4,1.28,46.6,26.5,13.4,2.38,82.5,90.2,84.8,53.6,38.4,23.9,11.4,1.28,46.6,26.5,13.4,2.38,82.5,90.2,84.8,53.6,38.4,23.9,11.4,1.28,46.6,26.5,13.4,2.38,82.5,90.2,84.8,53.6,0.04,0.08,-0.02,0.94,4.47,1.06,0.0,0.21,1.02,0.38,37.5,1.02,0.38,0.21,0.56,17.6,0.0,0.0,0.0,0.09,0.12,0.12,54.5,0.68,7.19,28.0,19.9,2.38,54.5,0.68,55.2,0.51,41.4,33.7,0.47,1.83,1.28,42.4,1.32,0.55,0.72,1.32,0.55,38.2,0.89,1.19,0.94,0.26,1.57,0.34,0.13,2.43,2.42,0.0,0.0,0.0,0.0,0.0,0.0,0.21,0.21,0.0,0.0,0.0,0.0,0.0,0.0,0.0,1.62,0.43,0.04,1.49,0.26,0.72,0.0,0.0,0.0,4.68,0.3,38.9,,,,,,,,,,,,,,,,,,,,,,,,,,,,,Luca de la Torre,MF,San Diego FC,27-195,Luca de la Torre,TAM Player,2025,Luca de la Torre,2025.0,1444528.0,1644295.0,0.008936170212765958,0.001702127659574468,0.003829787234042553,0.12,8.76,1.58,MF,TAM,0,MF
5049983436,2,2025,27,19,1633,18.1,0.11,0.11,0.22,0.11,0.0,0.0,0.22,0.0,0.17,0.17,0.16,0.33,2.87,2.43,7.96,0.11,0.11,0.22,0.11,0.22,0.17,0.16,0.33,0.17,0.33,18.1,22.2,11.5,7.79,1.44,29.9,13.2,10.0,3.26,74.0,87.4,77.9,44.1,335.9,76.9,22.2,11.5,7.79,1.44,29.9,13.2,10.0,3.26,74.0,87.4,77.9,44.1,22.2,11.5,7.79,1.44,29.9,13.2,10.0,3.26,74.0,87.4,77.9,44.1,22.2,11.5,7.79,1.44,29.9,13.2,10.0,3.26,74.0,87.4,77.9,44.1,0.11,0.15,-0.05,1.55,1.44,0.72,0.39,0.11,1.49,0.5,33.3,1.49,0.5,0.07,0.22,19.6,0.0,0.0,0.0,0.11,-0.06,-0.06,40.1,1.1,5.03,15.9,20.0,2.87,40.1,1.33,42.9,1.55,50.0,26.1,0.88,1.49,1.05,28.2,0.99,0.28,0.61,0.99,0.28,29.4,0.66,0.77,0.66,0.61,1.6,1.1,0.06,2.98,2.98,0.17,0.06,0.28,0.0,0.06,0.0,0.22,0.22,0.17,0.06,0.28,0.0,0.06,0.0,0.0,1.1,1.33,0.17,3.7,0.61,0.61,0.0,0.0,0.0,3.76,0.11,20.0,,,,,,,,,,,,,,,,,,,,,,,,,,,,,Luca Langoni,"FW,MF",NE Revolution,23-298,Luca Langoni,U22 Initiative,2027,Luca Langoni,2025.0,660000.0,732283.0,0.0060773480662983425,0.0060773480662983425,0.009392265193370166,-0.06000000000000001,5.300000000000001,1.6,MF,U22,0,MF
197257070,1,2025,33,26,2217,24.6,0.0,0.12,0.12,0.0,0.0,0.0,0.12,0.0,0.05,0.05,0.13,0.17,0.81,4.27,2.52,0.0,0.12,0.12,0.0,0.12,0.05,0.12,0.17,0.05,0.17,24.6,37.2,20.7,13.0,2.11,44.1,22.9,14.7,3.9,84.4,90.1,88.4,54.2,578.0,166.2,37.2,20.7,13.0,2.11,44.1,22.9,14.7,3.9,84.4,90.1,88.4,54.2,37.2,20.7,13.0,2.11,44.1,22.9,14.7,3.9,84.4,90.1,88.4,54.2,37.2,20.7,13.0,2.11,44.1,22.9,14.7,3.9,84.4,90.1,88.4,54.2,0.12,0.16,-0.0,1.06,4.02,1.14,0.16,0.0,0.81,0.12,15.0,0.81,0.12,0.0,0.0,22.8,0.04,0.0,0.0,0.06,-0.05,-0.05,56.5,2.56,11.8,30.1,15.4,1.02,56.5,1.02,56.8,0.57,31.8,32.2,0.0,1.87,0.93,36.2,2.2,0.85,1.3,2.2,0.85,42.0,1.18,1.95,1.5,1.63,3.82,1.38,0.0,2.4,2.4,0.12,0.0,0.04,0.04,0.08,0.0,0.28,0.28,0.12,0.0,0.04,0.04,0.08,0.0,0.0,1.87,1.26,0.04,1.06,1.63,1.3,0.0,0.0,0.0,4.72,0.65,43.2,,,,,,,,,,,,,,,,,,,,,,,,,,,,,Oliver Larraz,MF,Colorado Rapids,24-079,Oliver Larraz,Standard,2025,Oliver Larraz,2025.0,125000.0,130625.0,0.0,0.004878048780487804,0.002032520325203252,-0.05,5.08,3.83,MF,Standard,0,MF
8165881893,5,2025,21,4,531,5.9,0.0,0.17,0.17,0.0,0.0,0.0,0.34,0.0,0.05,0.05,0.1,0.15,5.42,3.73,9.66,0.0,0.17,0.17,0.0,0.17,0.06,0.1,0.15,0.06,0.15,5.9,28.1,13.2,10.8,3.05,39.5,14.9,15.1,6.78,71.2,88.6,71.9,45.0,493.2,133.2,28.1,13.2,10.8,3.05,39.5,14.9,15.1,6.78,71.2,88.6,71.9,45.0,28.1,13.2,10.8,3.05,39.5,14.9,15.1,6.78,71.2,88.6,71.9,45.0,28.1,13.2,10.8,3.05,39.5,14.9,15.1,6.78,71.2,88.6,71.9,45.0,0.17,0.17,0.07,1.19,2.37,1.36,0.85,0.0,1.53,0.51,33.3,1.53,0.51,0.0,0.0,21.3,0.17,0.0,0.0,0.04,-0.05,-0.05,48.1,0.85,5.42,17.5,25.4,2.37,48.1,0.68,33.3,1.19,58.3,30.3,0.85,2.54,0.85,36.1,0.17,0.17,0.17,0.17,0.17,50.0,0.17,1.02,0.85,0.0,0.17,0.17,0.0,3.39,3.39,0.0,0.0,0.34,0.0,0.0,0.0,0.34,0.34,0.0,0.0,0.34,0.0,0.0,0.0,0.0,0.68,2.2,0.34,7.12,0.0,0.17,0.0,0.0,0.0,3.05,0.0,0.0,,,,,,,,,,,,,,,,,,,,,,,,,,,,,Ariel Lassiter,"FW,MF",Portland Timbers,31-068,Ariel Lassiter,Standard,2026,Ariel Lassiter,2025.0,315000.0,348000.0,0.0,0.0288135593220339,0.00847457627118644,-0.05,9.15,0.17,MF,Standard,0,MF
7952045530,3,2025,15,4,523,5.8,0.0,0.17,0.17,0.0,0.0,0.0,0.0,0.0,0.1,0.1,0.17,0.28,0.86,7.76,4.14,0.0,0.17,0.17,0.0,0.17,0.1,0.18,0.27,0.1,0.27,5.8,39.7,19.1,16.2,3.62,52.8,21.6,20.3,7.24,75.2,88.8,79.7,50.0,683.6,253.8,39.7,19.1,16.2,3.62,52.8,21.6,20.3,7.24,75.2,88.8,79.7,50.0,39.7,19.1,16.2,3.62,52.8,21.6,20.3,7.24,75.2,88.8,79.7,50.0,39.7,19.1,16.2,3.62,52.8,21.6,20.3,7.24,75.2,88.8,79.7,50.0,0.17,0.17,0.0,1.72,4.48,2.24,0.17,0.0,2.41,0.86,35.7,2.41,0.86,0.0,0.0,26.1,0.0,0.0,0.0,0.04,-0.1,-0.1,63.3,0.86,7.76,31.2,24.5,1.03,63.3,0.86,41.7,1.03,50.0,40.5,0.0,1.21,1.72,46.6,1.38,1.21,1.03,1.38,1.21,50.0,1.21,0.69,0.69,0.69,2.07,0.86,0.0,3.79,3.79,0.34,0.0,0.17,0.0,0.17,0.0,0.17,0.17,0.34,0.0,0.17,0.0,0.17,0.0,0.0,1.38,2.59,0.0,4.48,0.69,1.03,0.0,0.0,0.0,4.66,0.52,42.9,,,,,,,,,,,,,,,,,,,,,,,,,,,,,Randall Leal,"MF,FW",D.C. United,28-324,Randall Leal,Standard,2025,Randall Leal,2025.0,1150000.0,1265000.0,0.0,0.02931034482758621,0.017241379310344827,-0.1,8.62,2.07,MF,Standard,0,MF
6832305572,2,2025,16,6,558,6.2,0.0,0.16,0.16,0.0,0.0,0.0,0.32,0.0,0.16,0.16,0.13,0.29,1.77,3.55,6.29,0.0,0.16,0.16,0.0,0.16,0.17,0.13,0.3,0.17,0.3,6.2,48.5,26.3,19.0,2.58,56.0,28.1,21.1,4.84,86.7,93.7,90.1,53.3,777.6,147.3,48.5,26.3,19.0,2.58,56.0,28.1,21.1,4.84,86.7,93.7,90.1,53.3,48.5,26.3,19.0,2.58,56.0,28.1,21.1,4.84,86.7,93.7,90.1,53.3,48.5,26.3,19.0,2.58,56.0,28.1,21.1,4.84,86.7,93.7,90.1,53.3,0.16,0.08,0.03,1.45,5.32,0.65,0.0,0.0,2.1,0.65,30.8,2.1,0.65,0.0,0.0,19.9,0.0,0.0,0.0,0.08,-0.16,-0.16,66.1,1.77,10.0,31.6,25.5,2.58,66.1,0.65,44.4,0.81,55.6,42.3,0.48,1.61,0.97,48.7,0.97,0.48,0.16,0.97,0.48,33.3,0.97,0.97,0.81,0.48,1.45,1.77,0.0,3.23,3.23,0.0,0.0,0.16,0.0,0.16,0.0,0.32,0.32,0.0,0.0,0.16,0.0,0.16,0.0,0.0,0.81,1.45,0.0,1.94,0.48,0.16,0.0,0.0,0.0,5.32,0.65,40.0,,,,,,,,,,,,,,,,,,,,,,,,,,,,,Tucker Lepley,"MF,FW",LA Galaxy,23-321,Tucker Lepley,Standard,2025,Tucker Lepley,2025.0,80622.0,82308.0,0.0,0.025806451612903226,0.025806451612903226,-0.16,5.32,1.45,MF,Standard,0,MF
6904975836,1,2025,33,25,2105,23.4,0.21,0.13,0.34,0.21,0.0,0.0,0.13,0.0,0.16,0.16,0.1,0.26,1.11,5.94,2.82,0.21,0.13,0.34,0.21,0.34,0.16,0.1,0.26,0.16,0.26,23.4,41.1,21.2,15.1,3.03,50.0,23.7,17.8,4.4,82.2,89.5,85.1,68.9,651.8,208.8,41.1,21.2,15.1,3.03,50.0,23.7,17.8,4.4,82.2,89.5,85.1,68.9,41.1,21.2,15.1,3.03,50.0,23.7,17.8,4.4,82.2,89.5,85.1,68.9,41.1,21.2,15.1,3.03,50.0,23.7,17.8,4.4,82.2,89.5,85.1,68.9,0.13,0.1,0.03,0.94,4.36,0.9,0.13,0.21,1.67,0.77,46.2,1.67,0.77,0.13,0.28,19.4,0.0,0.0,0.0,0.1,0.05,0.05,63.9,2.26,13.2,34.7,17.1,2.18,63.9,1.24,44.6,1.41,50.8,36.5,0.64,2.18,1.97,42.9,2.56,1.28,1.45,2.56,1.28,71.4,0.51,1.07,0.98,1.45,4.02,1.58,0.04,2.99,2.99,0.13,0.04,0.21,0.04,0.13,0.04,0.43,0.43,0.13,0.04,0.21,0.04,0.13,0.04,0.0,0.77,1.15,0.04,0.85,1.45,1.45,0.04,0.0,0.0,6.75,1.03,52.2,,,,,,,,,,,,,,,,,,,,,,,,,,,,,Beau Leroux,MF,SJ Earthquakes,22-095,Beau Leroux,Standard,2025,Beau Leroux,2025.0,80622.0,82526.0,0.008974358974358975,0.005555555555555556,0.0068376068376068385,0.04999999999999999,7.050000000000001,4.01,MF,Standard,0,MF
4757662846,4,2025,16,6,705,7.8,0.0,0.26,0.26,0.0,0.0,0.0,0.26,0.0,0.05,0.05,0.14,0.19,1.41,6.79,3.59,0.0,0.26,0.26,0.0,0.26,0.05,0.15,0.2,0.05,0.2,7.8,70.6,42.2,19.4,5.38,82.8,45.6,22.9,8.59,85.3,92.4,84.4,62.7,1047.7,301.5,70.6,42.2,19.4,5.38,82.8,45.6,22.9,8.59,85.3,92.4,84.4,62.7,70.6,42.2,19.4,5.38,82.8,45.6,22.9,8.59,85.3,92.4,84.4,62.7,70.6,42.2,19.4,5.38,82.8,45.6,22.9,8.59,85.3,92.4,84.4,62.7,0.26,0.21,0.12,1.92,7.56,1.67,0.38,0.0,1.54,0.13,8.3,1.53,0.13,0.0,0.0,26.1,0.26,0.0,0.0,0.03,-0.05,-0.05,92.4,2.05,14.5,51.3,27.1,1.03,92.4,0.77,46.2,0.77,46.2,56.3,0.13,1.54,1.28,74.1,1.28,0.51,0.77,1.28,0.51,50.0,0.51,1.15,1.03,0.77,2.05,1.03,0.13,4.62,4.6,0.13,0.0,0.38,0.13,0.13,0.0,0.64,0.64,0.13,0.0,0.38,0.13,0.13,0.0,0.0,1.03,3.59,0.0,3.85,0.77,0.77,0.13,0.0,0.0,5.64,0.64,41.7,,,,,,,,,,,,,,,,,,,,,,,,,,,,,Danny Leyva,"MF,FW",Seattle Sounders,22-213,Danny Leyva,Standard,2026,Danny Leyva,2025.0,325000.0,349900.0,0.0,0.03333333333333333,0.006410256410256411,-0.05,8.2,2.05,MF,Standard,0,MF
703394126,1,2025,26,22,1783,19.8,0.15,0.15,0.3,0.15,0.0,0.0,0.25,0.0,0.18,0.18,0.13,0.31,1.67,3.03,5.56,0.15,0.15,0.3,0.15,0.3,0.18,0.13,0.31,0.18,0.31,19.8,23.7,13.6,8.33,0.96,27.9,14.5,9.44,1.92,85.1,93.8,88.2,50.0,349.2,76.2,23.7,13.6,8.33,0.96,27.9,14.5,9.44,1.92,85.1,93.8,88.2,50.0,23.7,13.6,8.33,0.96,27.9,14.5,9.44,1.92,85.1,93.8,88.2,50.0,23.7,13.6,8.33,0.96,27.9,14.5,9.44,1.92,85.1,93.8,88.2,50.0,0.15,0.11,0.02,1.31,1.36,0.96,0.35,0.15,1.97,0.4,20.5,1.97,0.4,0.08,0.38,13.6,0.0,0.0,0.0,0.09,-0.03,-0.03,36.4,0.4,3.13,16.6,17.1,2.93,36.4,0.45,27.3,1.01,60.6,24.3,0.45,1.62,1.41,27.9,0.91,0.4,0.45,0.91,0.4,50.0,0.4,0.3,0.3,0.15,1.06,0.61,0.0,2.73,2.73,0.0,0.0,0.2,0.05,0.0,0.0,0.35,0.35,0.0,0.0,0.2,0.05,0.0,0.0,0.0,1.67,1.92,0.2,1.92,0.15,0.45,0.0,0.0,0.0,2.63,0.91,50.0,,,,,,,,,,,,,,,,,,,,,,,,,,,,,Ondřej Lingr,"FW,MF",Houston Dynamo,27-058,,,,,,,,0.007575757575757575,0.007575757575757575,0.00909090909090909,-0.03,4.699999999999999,1.06,MF,Unknown,0,MF
5273813574,2,2025,20,14,1143,12.7,0.08,0.16,0.24,0.08,0.0,0.0,0.08,0.0,0.1,0.1,0.12,0.22,1.02,3.78,2.44,0.08,0.16,0.24,0.08,0.24,0.1,0.12,0.22,0.1,0.22,12.7,36.1,20.1,11.9,2.28,41.3,21.7,13.1,3.94,87.4,92.7,90.4,58.0,527.4,155.9,36.1,20.1,11.9,2.28,41.3,21.7,13.1,3.94,87.4,92.7,90.4,58.0,36.1,20.1,11.9,2.28,41.3,21.7,13.1,3.94,87.4,92.7,90.4,58.0,36.1,20.1,11.9,2.28,41.3,21.7,13.1,3.94,87.4,92.7,90.4,58.0,0.16,0.11,0.04,0.87,2.76,0.87,0.39,0.08,0.79,0.31,40.0,0.79,0.31,0.1,0.25,10.4,0.0,0.0,0.0,0.13,-0.02,-0.02,51.1,2.91,13.6,24.9,13.0,2.2,51.1,0.31,28.6,0.79,71.4,23.7,0.24,1.42,0.63,33.9,1.26,0.55,0.71,1.26,0.55,53.8,0.47,0.94,0.55,0.79,2.05,2.05,0.0,2.44,2.44,0.0,0.0,0.0,0.0,0.0,0.0,0.31,0.31,0.0,0.0,0.0,0.0,0.0,0.0,0.0,0.87,0.87,0.08,2.13,0.79,0.71,0.0,0.0,0.0,3.15,0.47,35.3,,,,,,,,,,,,,,,,,,,,,,,,,,,,,Sebastian Lletget,MF,FC Dallas,33-092,Sebastian Lletget,TAM Player,2025,Sebastian Lletget,2025.0,800000.0,891250.0,0.006299212598425198,0.012598425196850395,0.007874015748031498,-0.020000000000000004,4.8,2.05,MF,TAM,0,MF
1506947747,1,2025,33,28,2454,27.3,0.18,0.11,0.29,0.15,0.04,0.04,0.15,0.0,0.13,0.1,0.18,0.28,0.81,3.74,3.59,0.18,0.11,0.29,0.15,0.26,0.13,0.17,0.31,0.1,0.28,27.3,32.2,17.5,12.1,1.32,38.3,19.6,13.7,2.16,84.0,89.3,88.5,61.0,474.4,149.7,32.2,17.5,12.1,1.32,38.3,19.6,13.7,2.16,84.0,89.3,88.5,61.0,32.2,17.5,12.1,1.32,38.3,19.6,13.7,2.16,84.0,89.3,88.5,61.0,32.2,17.5,12.1,1.32,38.3,19.6,13.7,2.16,84.0,89.3,88.5,61.0,0.11,0.16,-0.07,1.06,3.0,0.81,0.07,0.18,1.1,0.51,46.7,1.1,0.51,0.13,0.29,16.8,0.0,0.04,0.04,0.09,0.05,0.04,48.4,1.87,11.7,24.3,12.9,2.49,48.4,0.73,44.4,0.81,48.9,24.1,0.37,1.5,0.92,30.2,2.09,0.99,1.17,2.09,0.99,49.1,1.03,0.81,0.66,0.88,2.97,0.99,0.04,2.64,2.64,0.26,0.07,0.11,0.0,0.04,0.0,0.37,0.37,0.26,0.07,0.11,0.0,0.04,0.0,0.0,1.25,0.77,0.07,0.59,0.88,1.17,0.0,0.0,0.0,4.69,0.73,60.6,,,,,,,,,,,,,,,,,,,,,,,,,,,,,Robin Lod,"MF,FW",Minnesota Utd,32-231,Robin Lod,TAM Player,2025,Robin Lod,2025.0,1550000.0,1689375.0,0.006593406593406593,0.004029304029304029,0.004761904761904762,0.04999999999999999,4.550000000000001,2.9699999999999998,MF,TAM,0,MF
5713691078,3,2025,16,6,580,6.4,0.16,0.16,0.31,0.16,0.0,0.0,0.0,0.0,0.05,0.05,0.23,0.28,2.5,7.34,7.66,0.16,0.16,0.31,0.16,0.31,0.04,0.23,0.27,0.04,0.27,6.4,50.2,31.6,13.8,1.88,65.6,36.4,18.4,5.31,76.4,86.7,74.6,35.3,663.9,185.9,50.2,31.6,13.8,1.88,65.6,36.4,18.4,5.31,76.4,86.7,74.6,35.3,50.2,31.6,13.8,1.88,65.6,36.4,18.4,5.31,76.4,86.7,74.6,35.3,50.2,31.6,13.8,1.88,65.6,36.4,18.4,5.31,76.4,86.7,74.6,35.3,0.16,0.23,-0.08,2.03,4.22,2.19,0.31,0.16,0.94,0.31,33.3,0.93,0.31,0.17,0.5,19.5,0.0,0.0,0.0,0.05,0.11,0.11,77.3,1.09,9.53,38.0,30.9,3.59,77.3,0.78,50.0,0.78,50.0,46.9,0.78,3.28,1.56,58.3,1.56,0.94,1.41,1.56,0.94,35.3,1.72,1.41,1.25,0.31,1.88,0.47,0.0,4.38,4.34,0.0,0.0,0.94,0.16,0.16,0.0,0.31,0.31,0.0,0.0,0.94,0.16,0.16,0.0,0.0,2.03,3.28,0.0,5.16,0.31,1.41,0.0,0.0,0.0,5.16,0.94,42.9,,,,,,,,,,,,,,,,,,,,,,,,,,,,,Nicolás Lodeiro,"FW,MF",Houston Dynamo,36-258,Nicolás Lodeiro,Standard,2025,,,,,0.024999999999999998,0.024999999999999998,0.0078125,0.11,9.84,1.87,MF,Standard,0,MF
432808786,2,2025,17,11,906,10.1,0.0,0.1,0.1,0.0,0.0,0.0,0.3,0.0,0.05,0.05,0.07,0.12,0.79,3.56,3.27,0.0,0.1,0.1,0.0,0.1,0.05,0.07,0.12,0.05,0.12,10.1,42.1,20.6,16.3,3.56,51.0,22.7,18.7,6.73,82.5,90.8,87.3,52.9,685.1,156.5,42.1,20.6,16.3,3.56,51.0,22.7,18.7,6.73,82.5,90.8,87.3,52.9,42.1,20.6,16.3,3.56,51.0,22.7,18.7,6.73,82.5,90.8,87.3,52.9,42.1,20.6,16.3,3.56,51.0,22.7,18.7,6.73,82.5,90.8,87.3,52.9,0.1,0.09,0.03,1.09,2.97,0.5,0.0,0.0,0.89,0.3,33.3,0.89,0.3,0.0,0.0,20.9,0.0,0.0,0.0,0.05,-0.05,-0.05,59.8,2.18,13.5,30.8,16.6,2.28,59.8,0.2,33.3,0.4,66.7,30.4,0.1,0.69,0.4,39.6,2.28,1.09,1.68,2.28,1.09,55.0,0.89,0.99,0.89,1.19,3.47,1.29,0.0,2.38,2.38,0.0,0.0,0.0,0.0,0.1,0.0,0.2,0.2,0.0,0.0,0.0,0.0,0.1,0.0,0.0,0.89,1.39,0.0,1.68,1.19,1.68,0.0,0.0,0.0,5.84,0.89,50.0,,,,,,,,,,,,,,,,,,,,,,,,,,,,,Matthew Longstaff,MF,CF Montréal,25-258,,,,,,,,0.0,0.009900990099009901,0.0049504950495049506,-0.05,4.35,3.4699999999999998,MF,Unknown,0,MF
432808786,3,2025,17,11,906,10.1,0.0,0.1,0.1,0.0,0.0,0.0,0.3,0.0,0.05,0.05,0.07,0.12,0.79,3.56,3.27,0.0,0.1,0.1,0.0,0.1,0.05,0.07,0.12,0.05,0.12,10.1,42.1,20.6,16.3,3.56,51.0,22.7,18.7,6.73,82.5,90.8,87.3,52.9,685.1,156.5,42.1,20.6,16.3,3.56,51.0,22.7,18.7,6.73,82.5,90.8,87.3,52.9,42.1,20.6,16.3,3.56,51.0,22.7,18.7,6.73,82.5,90.8,87.3,52.9,42.1,20.6,16.3,3.56,51.0,22.7,18.7,6.73,82.5,90.8,87.3,52.9,0.1,0.09,0.03,1.09,2.97,0.5,0.0,0.0,0.89,0.3,33.3,0.89,0.3,0.0,0.0,20.9,0.0,0.0,0.0,0.05,-0.05,-0.05,59.8,2.18,13.5,30.8,16.6,2.28,59.8,0.2,33.3,0.4,66.7,30.4,0.1,0.69,0.4,39.6,2.28,1.09,1.68,2.28,1.09,55.0,0.89,0.99,0.89,1.19,3.47,1.29,0.0,2.38,2.38,0.0,0.0,0.0,0.0,0.1,0.0,0.2,0.2,0.0,0.0,0.0,0.0,0.1,0.0,0.0,0.89,1.39,0.0,1.68,1.19,1.68,0.0,0.0,0.0,5.84,0.89,50.0,,,,,,,,,,,,,,,,,,,,,,,,,,,,,Matthew Longstaff,MF,CF Montréal,25-258,,,,,,,,0.0,0.009900990099009901,0.0049504950495049506,-0.05,4.35,3.4699999999999998,MF,Unknown,0,MF
432808786,2,2025,8,6,586,6.5,0.0,0.15,0.15,0.0,0.0,0.0,0.0,0.0,0.05,0.05,0.2,0.23,0.62,4.77,2.62,0.0,0.15,0.15,0.0,0.15,0.04,0.2,0.24,0.04,0.24,6.5,43.5,19.7,17.7,5.38,50.9,21.5,20.6,7.08,85.5,91.4,85.8,76.1,797.4,240.6,43.5,19.7,17.7,5.38,50.9,21.5,20.6,7.08,85.5,91.4,85.8,76.1,43.5,19.7,17.7,5.38,50.9,21.5,20.6,7.08,85.5,91.4,85.8,76.1,43.5,19.7,17.7,5.38,50.9,21.5,20.6,7.08,85.5,91.4,85.8,76.1,0.15,0.15,-0.05,1.08,3.69,0.62,0.0,0.0,0.46,0.15,33.3,0.46,0.15,0.0,0.0,17.5,0.0,0.0,0.0,0.09,-0.05,-0.05,55.8,1.69,12.8,32.5,11.1,1.23,55.8,0.15,33.3,0.31,66.7,33.7,0.0,0.62,0.77,42.5,0.92,0.46,0.31,0.92,0.46,42.9,0.62,0.31,0.31,0.46,1.38,1.23,0.0,2.62,2.61,0.0,0.0,0.0,0.0,0.0,0.0,0.15,0.15,0.0,0.0,0.0,0.0,0.0,0.0,0.0,0.31,0.46,0.0,0.77,0.46,0.31,0.0,0.0,0.0,4.31,1.08,58.3,,,,,,,,,,,,,,,,,,,,,,,,,,,,,Matthew Longstaff,MF,CF Montréal,25-258,,,,,,,,0.0,0.023076923076923075,0.007692307692307693,-0.05,5.39,1.3800000000000001,MF,Unknown,0,MF
432808786,3,2025,8,6,586,6.5,0.0,0.15,0.15,0.0,0.0,0.0,0.0,0.0,0.05,0.05,0.2,0.23,0.62,4.77,2.62,0.0,0.15,0.15,0.0,0.15,0.04,0.2,0.24,0.04,0.24,6.5,43.5,19.7,17.7,5.38,50.9,21.5,20.6,7.08,85.5,91.4,85.8,76.1,797.4,240.6,43.5,19.7,17.7,5.38,50.9,21.5,20.6,7.08,85.5,91.4,85.8,76.1,43.5,19.7,17.7,5.38,50.9,21.5,20.6,7.08,85.5,91.4,85.8,76.1,43.5,19.7,17.7,5.38,50.9,21.5,20.6,7.08,85.5,91.4,85.8,76.1,0.15,0.15,-0.05,1.08,3.69,0.62,0.0,0.0,0.46,0.15,33.3,0.46,0.15,0.0,0.0,17.5,0.0,0.0,0.0,0.09,-0.05,-0.05,55.8,1.69,12.8,32.5,11.1,1.23,55.8,0.15,33.3,0.31,66.7,33.7,0.0,0.62,0.77,42.5,0.92,0.46,0.31,0.92,0.46,42.9,0.62,0.31,0.31,0.46,1.38,1.23,0.0,2.62,2.61,0.0,0.0,0.0,0.0,0.0,0.0,0.15,0.15,0.0,0.0,0.0,0.0,0.0,0.0,0.0,0.31,0.46,0.0,0.77,0.46,0.31,0.0,0.0,0.0,4.31,1.08,58.3,,,,,,,,,,,,,,,,,,,,,,,,,,,,,Matthew Longstaff,MF,CF Montréal,25-258,,,,,,,,0.0,0.023076923076923075,0.007692307692307693,-0.05,5.39,1.3800000000000001,MF,Unknown,0,MF
1285544399,1,2025,1,0,1,0.0,0.0,0.0,0.0,0.0,0.0,0.0,0.0,0.0,0.0,0.0,0.0,0.0,0.0,0.0,0.0,0.0,0.0,0.0,0.0,0.0,0.0,0.0,0.0,0.0,0.0,0.0,0.0,0.0,0.0,0.0,0.0,0.0,0.0,0.0,,,,,0.0,0.0,0.0,0.0,0.0,0.0,0.0,0.0,0.0,0.0,,,,,0.0,0.0,0.0,0.0,0.0,0.0,0.0,0.0,,,,,0.0,0.0,0.0,0.0,0.0,0.0,0.0,0.0,,,,,0.0,0.0,0.0,0.0,0.0,0.0,0.0,0.0,0.0,0.0,,0.0,0.0,,,,0.0,0.0,0.0,,0.0,0.0,0.0,0.0,0.0,0.0,0.0,0.0,0.0,0.0,,0.0,,0.0,0.0,0.0,0.0,0.0,0.0,0.0,0.0,0.0,0.0,,0.0,0.0,0.0,0.0,0.0,0.0,0.0,0.0,0.0,0.0,0.0,0.0,0.0,0.0,0.0,0.0,0.0,0.0,0.0,0.0,0.0,0.0,0.0,0.0,0.0,0.0,0.0,0.0,0.0,0.0,0.0,0.0,0.0,0.0,0.0,,,,,,,,,,,,,,,,,,,,,,,,,,,,,,Antino Lopez,MF,Seattle Sounders,23-197,,,,,,,,,,,0.0,0.0,0.0,MF,Unknown,0,MF
7393472818,1,2025,5,4,252,2.8,0.0,0.0,0.0,0.0,0.0,0.0,0.71,0.36,0.11,0.11,0.14,0.25,3.57,3.57,6.07,0.0,0.0,0.0,0.0,0.0,0.12,0.14,0.27,0.12,0.27,2.8,17.1,8.93,6.07,1.79,30.4,12.9,9.64,6.43,56.5,69.4,63.0,27.8,315.0,134.3,17.1,8.93,6.07,1.79,30.4,12.9,9.64,6.43,56.5,69.4,63.0,27.8,17.1,8.93,6.07,1.79,30.4,12.9,9.64,6.43,56.5,69.4,63.0,27.8,17.1,8.93,6.07,1.79,30.4,12.9,9.64,6.43,56.5,69.4,63.0,27.8,0.0,0.11,-0.14,1.43,3.21,1.43,1.07,0.0,2.86,1.07,37.5,2.86,1.07,0.0,0.0,25.3,0.0,0.0,0.0,0.04,-0.11,-0.11,48.2,0.71,5.71,20.7,22.5,1.79,48.2,2.86,53.3,2.5,46.7,30.0,0.71,3.93,3.93,33.6,1.07,0.0,1.07,1.07,0.0,0.0,0.71,1.07,1.07,1.07,2.14,1.07,0.0,4.64,4.64,0.36,0.0,0.71,0.0,0.36,0.0,0.36,0.36,0.36,0.0,0.71,0.0,0.36,0.0,0.36,2.86,3.57,0.36,6.07,1.07,1.07,0.0,0.0,0.0,3.21,0.36,50.0,,,,,,,,,,,,,,,,,,,,,,,,,,,,,Hernán López Muñoz,"MF,FW",SJ Earthquakes,25-088,,,,Hernán López Muñoz,2025.0,850000.0,1020000.0,0.0,0.0,0.03928571428571429,-0.11,7.14,2.14,MF,Unknown,0,MF
5995462907,1,2025,34,27,2506,27.8,0.07,0.0,0.07,0.07,0.0,0.0,0.25,0.0,0.06,0.06,0.05,0.12,0.83,4.75,1.98,0.07,0.0,0.07,0.07,0.07,0.06,0.05,0.12,0.06,0.12,27.8,36.8,18.2,15.3,1.87,42.8,20.1,16.7,3.27,86.0,90.4,91.4,57.1,578.0,145.6,36.8,18.2,15.3,1.87,42.8,20.1,16.7,3.27,86.0,90.4,91.4,57.1,36.8,18.2,15.3,1.87,42.8,20.1,16.7,3.27,86.0,90.4,91.4,57.1,36.8,18.2,15.3,1.87,42.8,20.1,16.7,3.27,86.0,90.4,91.4,57.1,0.0,0.05,-0.05,0.79,4.32,0.58,0.0,0.07,0.43,0.25,58.3,0.43,0.25,0.17,0.29,17.8,0.0,0.0,0.0,0.14,0.01,0.01,52.1,2.01,12.6,30.6,9.5,0.9,52.1,0.86,48.0,0.76,42.0,27.7,0.14,1.33,1.51,34.7,1.69,0.83,1.04,1.69,0.83,52.3,0.76,0.97,0.5,1.01,2.7,1.69,0.04,2.01,2.01,0.11,0.0,0.07,0.0,0.04,0.0,0.11,0.11,0.11,0.0,0.07,0.0,0.04,0.0,0.0,1.33,1.83,0.07,0.29,1.01,1.04,0.0,0.0,0.0,4.35,0.72,36.4,,,,,,,,,,,,,,,,,,,,,,,,,,,,,Victor Loturi,MF,CF Montréal,24-197,Victor Loturi,Standard,2026,Victor Loturi,2025.0,80622.0,92122.0,0.0025179856115107916,0.0,0.002158273381294964,0.010000000000000009,5.58,2.7,MF,Standard,0,MF
8413245923,1,2025,19,16,1398,15.5,0.39,0.19,0.58,0.19,0.19,0.19,0.39,0.06,0.34,0.19,0.23,0.41,2.39,8.9,1.61,0.39,0.19,0.58,0.19,0.39,0.34,0.23,0.57,0.19,0.41,15.5,55.3,23.7,21.7,8.84,68.0,26.6,25.4,13.5,81.3,89.1,85.3,65.2,1068.4,390.4,55.3,23.7,21.7,8.84,68.0,26.6,25.4,13.5,81.3,89.1,85.3,65.2,55.3,23.7,21.7,8.84,68.0,26.6,25.4,13.5,81.3,89.1,85.3,65.2,55.3,23.7,21.7,8.84,68.0,26.6,25.4,13.5,81.3,89.1,85.3,65.2,0.19,0.2,-0.03,2.0,7.03,1.94,0.45,0.39,2.52,0.71,28.2,2.51,0.71,0.08,0.27,25.0,0.58,0.19,0.19,0.07,0.05,0.01,79.0,2.13,19.9,39.0,20.5,2.19,78.8,0.65,43.5,0.65,43.5,43.0,0.65,1.35,0.84,54.0,2.39,1.16,1.16,2.39,1.16,52.9,1.03,0.97,0.77,0.58,2.97,0.9,0.06,4.39,4.38,0.06,0.0,0.19,0.0,0.0,0.0,0.32,0.32,0.06,0.0,0.19,0.0,0.0,0.0,0.06,1.48,1.35,0.0,4.39,0.58,1.16,0.0,0.0,0.0,6.06,0.97,65.2,,,,,,,,,,,,,,,,,,,,,,,,,,,,,Eduard Löwen,MF,St. Louis,28-310,Eduard Löwen,TAM Player,2026,Eduard Löwen,2025.0,1250000.0,1394250.0,0.025161290322580646,0.012258064516129033,0.021935483870967745,0.04999999999999999,11.290000000000001,2.97,MF,TAM,0,MF
3709941671,1,2025,32,30,2617,29.1,0.07,0.07,0.14,0.07,0.0,0.0,0.31,0.03,0.08,0.08,0.05,0.13,1.13,5.88,1.1,0.07,0.07,0.14,0.07,0.14,0.08,0.06,0.13,0.08,0.13,29.1,39.9,19.6,16.6,2.65,48.0,22.2,18.9,4.09,83.1,87.9,87.8,64.7,642.8,199.8,39.9,19.6,16.6,2.65,48.0,22.2,18.9,4.09,83.1,87.9,87.8,64.7,39.9,19.6,16.6,2.65,48.0,22.2,18.9,4.09,83.1,87.9,87.8,64.7,39.9,19.6,16.6,2.65,48.0,22.2,18.9,4.09,83.1,87.9,87.8,64.7,0.07,0.07,0.01,0.82,5.26,0.76,0.14,0.07,1.68,0.34,20.4,1.69,0.34,0.04,0.2,23.7,0.0,0.0,0.0,0.05,-0.01,-0.01,59.8,1.65,10.5,36.6,13.5,0.79,59.8,0.69,50.0,0.65,47.5,31.1,0.14,1.44,0.76,37.0,2.78,1.24,1.68,2.78,1.24,39.6,1.89,1.34,1.24,1.48,4.26,1.13,0.03,2.71,2.72,0.03,0.0,0.07,0.0,0.03,0.03,0.17,0.17,0.03,0.0,0.07,0.0,0.03,0.03,0.03,1.44,0.58,0.0,0.52,1.48,1.68,0.0,0.0,0.0,6.7,0.96,62.2,,,,,,,,,,,,,,,,,,,,,,,,,,,,,Jovan Lukić,MF,Philadelphia Union,23-318,,,,Jovan Lukić,2025.0,285000.0,329875.0,0.0024054982817869417,0.0024054982817869417,0.00274914089347079,-0.009999999999999995,7.01,4.26,MF,Unknown,0,MF
1669665730,3,2025,27,27,2264,25.2,0.36,0.12,0.48,0.28,0.08,0.08,0.36,0.08,0.25,0.2,0.14,0.34,2.66,5.24,5.91,0.36,0.12,0.48,0.28,0.4,0.26,0.14,0.39,0.2,0.34,25.2,37.3,20.2,11.4,2.98,47.0,23.3,13.8,5.28,79.3,86.7,83.0,56.4,560.4,148.7,37.3,20.2,11.4,2.98,47.0,23.3,13.8,5.28,79.3,86.7,83.0,56.4,37.3,20.2,11.4,2.98,47.0,23.3,13.8,5.28,79.3,86.7,83.0,56.4,37.3,20.2,11.4,2.98,47.0,23.3,13.8,5.28,79.3,86.7,83.0,56.4,0.12,0.17,-0.02,1.67,4.13,0.95,0.12,0.36,2.06,0.67,32.7,2.07,0.68,0.13,0.41,19.6,0.24,0.08,0.08,0.1,0.1,0.08,57.5,0.32,4.48,29.4,24.3,3.29,57.4,1.31,42.3,1.63,52.6,35.9,0.95,2.5,1.11,42.7,0.99,0.44,0.63,0.99,0.44,36.7,0.75,0.75,0.71,0.56,1.55,0.2,0.0,4.33,4.33,0.16,0.0,0.28,0.04,0.08,0.0,0.44,0.44,0.16,0.0,0.28,0.04,0.08,0.0,0.04,0.83,1.67,0.08,2.74,0.56,0.63,0.0,0.0,0.0,3.57,0.12,27.3,,,,,,,,,,,,,,,,,,,,,,,,,,,,,Diego Luna,"MF,FW",Real Salt Lake,22-088,Diego Luna,U22 Initiative,2026,Diego Luna,2025.0,450000.0,499833.0,0.014285714285714285,0.0047619047619047615,0.00992063492063492,0.10999999999999999,7.9,1.55,MF,U22,0,MF
3675401620,1,2025,3,0,42,0.5,0.0,0.0,0.0,0.0,0.0,0.0,0.0,0.0,0.2,0.2,0.2,0.2,4.0,10.0,14.0,0.0,0.0,0.0,0.0,0.0,0.2,0.11,0.31,0.2,0.31,0.5,38.0,14.0,22.0,2.0,54.0,18.0,28.0,4.0,70.4,77.8,78.6,50.0,692.0,328.0,38.0,14.0,22.0,2.0,54.0,18.0,28.0,4.0,70.4,77.8,78.6,50.0,38.0,14.0,22.0,2.0,54.0,18.0,28.0,4.0,70.4,77.8,78.6,50.0,38.0,14.0,22.0,2.0,54.0,18.0,28.0,4.0,70.4,77.8,78.6,50.0,0.0,0.0,-0.2,2.0,4.0,2.0,0.0,0.0,4.0,0.0,0.0,4.29,0.0,0.0,,22.1,0.0,0.0,0.0,0.05,-0.2,-0.2,76.0,8.0,20.0,24.0,32.0,6.0,76.0,10.0,100.0,0.0,0.0,44.0,0.0,2.0,6.0,50.0,4.0,2.0,0.0,4.0,2.0,33.3,4.0,4.0,4.0,2.0,6.0,0.0,0.0,4.0,4.29,0.0,0.0,0.0,0.0,0.0,0.0,0.0,0.0,0.0,0.0,0.0,0.0,0.0,0.0,0.0,2.0,2.0,0.0,6.0,2.0,0.0,0.0,0.0,0.0,8.0,0.0,0.0,,,,,,,,,,,,,,,,,,,,,,,,,,,,,Alexis Manyoma,"FW,MF",Colorado Rapids,22-335,,,,Alexis Manyoma,2025.0,535200.0,592950.0,0.0,0.0,0.4,-0.2,14.0,6.0,MF,Unknown,0,MF
1800256102,3,2025,2,1,103,1.1,0.0,0.0,0.0,0.0,0.0,0.0,0.0,0.0,0.73,0.73,0.09,0.73,1.82,0.91,5.45,0.0,0.0,0.0,0.0,0.0,0.66,0.05,0.71,0.66,0.71,1.1,21.8,10.9,7.27,2.73,33.6,13.6,9.09,7.27,64.9,80.0,80.0,37.5,360.9,163.6,21.8,10.9,7.27,2.73,33.6,13.6,9.09,7.27,64.9,80.0,80.0,37.5,21.8,10.9,7.27,2.73,33.6,13.6,9.09,7.27,64.9,80.0,80.0,37.5,21.8,10.9,7.27,2.73,33.6,13.6,9.09,7.27,64.9,80.0,80.0,37.5,0.0,0.09,-0.09,0.91,0.91,0.0,0.0,0.0,3.64,0.91,25.0,3.5,0.87,0.0,0.0,16.5,0.0,0.0,0.0,0.19,-0.73,-0.73,45.5,0.0,2.73,20.0,22.7,2.73,45.5,1.82,33.3,2.73,50.0,20.9,0.0,0.0,1.82,28.2,1.82,0.91,1.82,1.82,0.91,100.0,0.0,0.91,0.91,0.0,1.82,0.0,0.0,6.36,6.12,0.91,0.0,1.82,0.0,0.0,0.0,0.0,0.0,0.91,0.0,1.82,0.0,0.0,0.0,0.0,0.91,2.73,0.0,5.45,0.0,1.82,0.0,0.0,0.0,2.73,0.0,0.0,,,,,,,,,,,,,,,,,,,,,,,,,,,,,Paul Marie,"FW,MF",SJ Earthquakes,30-255,Paul Marie,Standard,2026,Paul Marie,2025.0,325000.0,357500.0,0.0,0.0,0.6636363636363636,-0.73,2.73,1.82,MF,Standard,0,MF
2995307131,2,2025,26,26,2308,25.6,0.23,0.23,0.47,0.16,0.08,0.08,0.08,0.0,0.16,0.1,0.28,0.38,2.07,9.61,4.49,0.23,0.23,0.47,0.16,0.39,0.16,0.28,0.44,0.1,0.38,25.6,54.6,24.1,20.8,8.24,68.9,25.9,25.1,15.0,79.2,93.2,83.0,55.1,1027.2,387.7,54.6,24.1,20.8,8.24,68.9,25.9,25.1,15.0,79.2,93.2,83.0,55.1,54.6,24.1,20.8,8.24,68.9,25.9,25.1,15.0,79.2,93.2,83.0,55.1,54.6,24.1,20.8,8.24,68.9,25.9,25.1,15.0,79.2,93.2,83.0,55.1,0.23,0.35,-0.04,3.28,6.88,2.54,0.98,0.23,2.19,0.82,37.5,2.18,0.82,0.07,0.19,25.0,0.16,0.08,0.08,0.05,0.07,0.05,75.2,0.66,10.4,36.4,29.1,1.45,75.1,0.55,56.0,0.35,36.0,43.8,0.43,0.94,0.78,54.8,1.13,0.59,0.74,1.13,0.59,50.0,0.59,0.35,0.35,0.35,1.48,0.7,0.08,6.02,6.01,0.12,0.0,0.12,0.0,0.0,0.0,0.55,0.55,0.12,0.0,0.12,0.0,0.0,0.0,0.0,0.9,0.63,0.04,9.41,0.35,0.74,0.0,0.0,0.0,3.83,0.23,42.9,,,,,,,,,,,,,,,,,,,,,,,,,,,,,Jack McGlynn,"FW,MF",Houston Dynamo,22-150,Jack McGlynn,U22 Initiative,2025,Jack McGlynn,2025.0,265000.0,399320.0,0.008984375,0.008984375,0.0062499999999999995,0.07,11.68,1.48,MF,U22,0,MF
2453279955,1,2025,28,26,2421,26.9,1.08,0.59,1.67,1.04,0.04,0.07,0.07,0.0,0.83,0.78,0.52,1.3,5.13,10.7,8.25,1.08,0.59,1.67,1.04,1.64,0.83,0.52,1.35,0.78,1.3,26.9,41.3,20.8,14.6,3.9,52.7,23.8,17.8,6.99,78.3,87.5,82.0,55.9,672.1,282.2,41.3,20.8,14.6,3.9,52.7,23.8,17.8,6.99,78.3,87.5,82.0,55.9,41.3,20.8,14.6,3.9,52.7,23.8,17.8,6.99,78.3,87.5,82.0,55.9,41.3,20.8,14.6,3.9,52.7,23.8,17.8,6.99,78.3,87.5,82.0,55.9,0.59,0.54,0.07,2.9,6.62,4.2,0.04,1.08,5.76,2.57,44.5,5.76,2.57,0.18,0.41,19.7,0.78,0.04,0.07,0.13,0.25,0.26,65.9,0.04,2.04,29.3,35.5,5.95,65.9,3.38,50.8,2.97,44.7,45.5,1.71,1.52,1.82,55.6,0.63,0.19,0.41,0.63,0.19,38.5,0.3,0.19,0.19,0.15,0.78,0.04,0.15,7.32,7.32,1.15,0.41,0.48,0.07,0.15,0.04,1.52,1.52,1.15,0.41,0.48,0.07,0.15,0.04,0.0,0.33,1.3,0.26,2.23,0.15,0.41,0.04,0.0,0.0,2.23,0.15,40.0,,,,,,,,,,,,,,,,,,,,,,,,,,,,,Lionel Messi,"FW,MF",Inter Miami,38-163,Lionel Messi,Designated Player,2025,Lionel Messi,2025.0,12000000.0,20446667.0,0.04014869888475837,0.021933085501858737,0.030855018587360596,0.2500000000000001,15.829999999999998,0.78,MF,DP,-1,MF
3926010183,2,2025,10,10,886,9.8,0.41,0.2,0.61,0.41,0.0,0.1,0.2,0.0,0.27,0.17,0.23,0.4,1.63,3.98,5.1,0.41,0.2,0.61,0.41,0.61,0.26,0.23,0.49,0.17,0.4,9.8,25.8,10.0,11.7,3.78,35.4,11.7,14.9,7.45,72.9,85.2,78.8,50.7,508.6,173.4,25.8,10.0,11.7,3.78,35.4,11.7,14.9,7.45,72.9,85.2,78.8,50.7,25.8,10.0,11.7,3.78,35.4,11.7,14.9,7.45,72.9,85.2,78.8,50.7,25.8,10.0,11.7,3.78,35.4,11.7,14.9,7.45,72.9,85.2,78.8,50.7,0.2,0.21,-0.03,2.55,3.06,1.33,0.51,0.41,1.53,0.82,53.3,1.52,0.81,0.27,0.5,20.7,0.61,0.0,0.1,0.11,0.14,0.23,43.2,1.02,3.27,21.1,19.5,1.94,43.1,0.31,25.0,0.82,66.7,24.2,0.51,1.84,0.51,27.9,1.22,0.31,0.92,1.22,0.31,23.1,1.02,0.92,0.71,0.82,2.04,0.31,0.0,4.08,4.06,0.0,0.0,0.1,0.0,0.0,0.0,0.61,0.61,0.0,0.0,0.1,0.0,0.0,0.0,0.0,0.92,1.84,0.0,7.45,0.82,0.92,0.0,0.0,0.0,2.55,0.31,33.3,,,,,,,,,,,,,,,,,,,,,,,,,,,,,Djordje Mihailovic,"MF,FW",Colorado Rapids,27-024,Djordje Mihailovic,Designated Player,2027,Djordje Mihailovic,2025.0,2158335.0,2278335.0,0.041836734693877546,0.02040816326530612,0.027551020408163266,0.13999999999999996,5.609999999999999,2.04,MF,DP,0,MF
3926010183,3,2025,10,10,886,9.8,0.41,0.2,0.61,0.41,0.0,0.1,0.2,0.0,0.27,0.17,0.23,0.4,1.63,3.98,5.1,0.41,0.2,0.61,0.41,0.61,0.26,0.23,0.49,0.17,0.4,9.8,25.8,10.0,11.7,3.78,35.4,11.7,14.9,7.45,72.9,85.2,78.8,50.7,508.6,173.4,25.8,10.0,11.7,3.78,35.4,11.7,14.9,7.45,72.9,85.2,78.8,50.7,25.8,10.0,11.7,3.78,35.4,11.7,14.9,7.45,72.9,85.2,78.8,50.7,25.8,10.0,11.7,3.78,35.4,11.7,14.9,7.45,72.9,85.2,78.8,50.7,0.2,0.21,-0.03,2.55,3.06,1.33,0.51,0.41,1.53,0.82,53.3,1.52,0.81,0.27,0.5,20.7,0.61,0.0,0.1,0.11,0.14,0.23,43.2,1.02,3.27,21.1,19.5,1.94,43.1,0.31,25.0,0.82,66.7,24.2,0.51,1.84,0.51,27.9,1.22,0.31,0.92,1.22,0.31,23.1,1.02,0.92,0.71,0.82,2.04,0.31,0.0,4.08,4.06,0.0,0.0,0.1,0.0,0.0,0.0,0.61,0.61,0.0,0.0,0.1,0.0,0.0,0.0,0.0,0.92,1.84,0.0,7.45,0.82,0.92,0.0,0.0,0.0,2.55,0.31,33.3,,,,,,,,,,,,,,,,,,,,,,,,,,,,,Djordje Mihailovic,"MF,FW",Colorado Rapids,27-024,Djordje Mihailovic,Designated Player,2027,Djordje Mihailovic,2025.0,2158335.0,2278335.0,0.041836734693877546,0.02040816326530612,0.027551020408163266,0.13999999999999996,5.609999999999999,2.04,MF,DP,0,MF
3926010183,2,2025,24,24,2055,22.8,0.39,0.26,0.66,0.22,0.18,0.26,0.09,0.0,0.38,0.17,0.3,0.47,1.97,5.04,6.1,0.39,0.26,0.66,0.22,0.48,0.38,0.3,0.68,0.17,0.47,22.8,27.0,12.7,10.2,3.03,41.0,15.3,13.9,9.08,65.8,83.3,73.4,33.3,460.2,189.3,27.0,12.7,10.2,3.03,41.0,15.3,13.9,9.08,65.8,83.3,73.4,33.3,27.0,12.7,10.2,3.03,41.0,15.3,13.9,9.08,65.8,83.3,73.4,33.3,27.0,12.7,10.2,3.03,41.0,15.3,13.9,9.08,65.8,83.3,73.4,33.3,0.26,0.42,-0.04,2.5,3.07,2.11,0.26,0.39,1.89,0.61,32.6,1.88,0.61,0.12,0.36,24.3,0.53,0.18,0.26,0.09,0.01,0.05,50.1,0.75,3.9,19.9,27.1,3.64,49.9,0.66,37.5,0.96,55.0,26.8,0.66,1.89,0.92,31.3,0.66,0.35,0.35,0.66,0.35,38.1,0.57,0.92,0.79,0.66,1.32,0.66,0.04,4.25,4.25,0.13,0.04,0.31,0.0,0.09,0.0,0.53,0.53,0.13,0.04,0.31,0.0,0.09,0.0,0.0,0.75,1.49,0.13,7.68,0.66,0.35,0.04,0.0,0.0,3.73,0.39,42.9,,,,,,,,,,,,,,,,,,,,,,,,,,,,,Djordje Mihailovic,"MF,FW",Colorado Rapids,27-024,Djordje Mihailovic,Designated Player,2027,Djordje Mihailovic,2025.0,2158335.0,2278335.0,0.017105263157894738,0.011403508771929825,0.016666666666666666,0.010000000000000009,7.01,1.32,MF,DP,0,MF
3926010183,3,2025,24,24,2055,22.8,0.39,0.26,0.66,0.22,0.18,0.26,0.09,0.0,0.38,0.17,0.3,0.47,1.97,5.04,6.1,0.39,0.26,0.66,0.22,0.48,0.38,0.3,0.68,0.17,0.47,22.8,27.0,12.7,10.2,3.03,41.0,15.3,13.9,9.08,65.8,83.3,73.4,33.3,460.2,189.3,27.0,12.7,10.2,3.03,41.0,15.3,13.9,9.08,65.8,83.3,73.4,33.3,27.0,12.7,10.2,3.03,41.0,15.3,13.9,9.08,65.8,83.3,73.4,33.3,27.0,12.7,10.2,3.03,41.0,15.3,13.9,9.08,65.8,83.3,73.4,33.3,0.26,0.42,-0.04,2.5,3.07,2.11,0.26,0.39,1.89,0.61,32.6,1.88,0.61,0.12,0.36,24.3,0.53,0.18,0.26,0.09,0.01,0.05,50.1,0.75,3.9,19.9,27.1,3.64,49.9,0.66,37.5,0.96,55.0,26.8,0.66,1.89,0.92,31.3,0.66,0.35,0.35,0.66,0.35,38.1,0.57,0.92,0.79,0.66,1.32,0.66,0.04,4.25,4.25,0.13,0.04,0.31,0.0,0.09,0.0,0.53,0.53,0.13,0.04,0.31,0.0,0.09,0.0,0.0,0.75,1.49,0.13,7.68,0.66,0.35,0.04,0.0,0.0,3.73,0.39,42.9,,,,,,,,,,,,,,,,,,,,,,,,,,,,,Djordje Mihailovic,"MF,FW",Colorado Rapids,27-024,Djordje Mihailovic,Designated Player,2027,Djordje Mihailovic,2025.0,2158335.0,2278335.0,0.017105263157894738,0.011403508771929825,0.016666666666666666,0.010000000000000009,7.01,1.32,MF,DP,0,MF
1502971682,2,2025,21,6,726,8.1,0.12,0.37,0.49,0.12,0.0,0.0,0.0,0.0,0.37,0.37,0.53,0.9,7.53,2.35,16.7,0.12,0.37,0.5,0.12,0.5,0.37,0.53,0.9,0.37,0.9,8.1,29.9,19.3,9.01,0.74,39.4,22.2,12.5,2.22,75.9,86.7,72.3,33.3,407.5,59.9,29.9,19.3,9.01,0.74,39.4,22.2,12.5,2.22,75.9,86.7,72.3,33.3,29.9,19.3,9.01,0.74,39.4,22.2,12.5,2.22,75.9,86.7,72.3,33.3,29.9,19.3,9.01,0.74,39.4,22.2,12.5,2.22,75.9,86.7,72.3,33.3,0.37,0.36,-0.16,2.72,0.0,1.73,0.49,0.12,3.58,0.99,27.6,3.6,0.99,0.03,0.13,16.3,0.0,0.0,0.0,0.1,-0.25,-0.25,57.4,0.49,5.56,12.2,40.1,10.7,57.4,3.58,50.9,2.96,42.1,39.9,5.56,3.83,1.73,41.6,1.6,0.49,0.74,1.6,0.49,44.4,0.62,0.62,0.62,0.74,2.35,0.37,0.0,5.68,5.71,1.23,0.12,0.25,0.0,0.0,0.0,0.62,0.62,1.23,0.12,0.25,0.0,0.0,0.0,0.0,1.73,1.48,0.99,5.06,0.74,0.74,0.0,0.0,0.0,4.57,0.37,37.5,,,,,,,,,,,,,,,,,,,,,,,,,,,,,Georgi Minoungou,"FW,MF",Seattle Sounders,23-132,Georgi Minoungou,Standard,2028,Georgi Minoungou,2025.0,104000.0,104000.0,0.014814814814814815,0.04567901234567901,0.04567901234567901,-0.25,9.88,2.34,MF,Standard,0,MF
5755211600,1,2025,33,31,2747,30.5,0.2,0.1,0.3,0.2,0.0,0.0,0.07,0.0,0.15,0.15,0.2,0.35,1.87,6.98,5.38,0.2,0.1,0.29,0.2,0.29,0.15,0.2,0.35,0.15,0.35,30.5,37.2,17.9,13.7,4.36,47.6,20.1,17.0,7.9,78.1,89.2,80.9,55.2,643.2,188.8,37.2,17.9,13.7,4.36,47.6,20.1,17.0,7.9,78.1,89.2,80.9,55.2,37.2,17.9,13.7,4.36,47.6,20.1,17.0,7.9,78.1,89.2,80.9,55.2,37.2,17.9,13.7,4.36,47.6,20.1,17.0,7.9,78.1,89.2,80.9,55.2,0.1,0.27,-0.1,1.61,4.85,1.61,0.26,0.2,2.16,0.69,31.8,2.16,0.69,0.09,0.29,20.9,0.1,0.0,0.0,0.07,0.05,0.05,56.1,1.25,6.85,26.4,23.4,2.49,56.1,0.66,46.5,0.66,46.5,35.5,0.46,1.74,1.11,42.3,0.79,0.2,0.49,0.79,0.2,28.6,0.49,0.36,0.23,0.56,1.34,0.82,0.1,3.97,3.96,0.1,0.0,0.13,0.0,0.03,0.0,0.2,0.2,0.1,0.0,0.13,0.0,0.03,0.0,0.0,0.75,0.89,0.16,4.0,0.56,0.49,0.0,0.03,0.0,4.46,0.3,37.5,,,,,,,,,,,,,,,,,,,,,,,,,,,,,Aleksei Miranchuk,"MF,FW",Atlanta Utd,30-048,,,,,,,,0.006557377049180328,0.003278688524590164,0.0049180327868852455,0.05000000000000002,8.850000000000001,1.35,MF,Unknown,0,MF
8787258229,2,2025,2,0,5,0.1,0.0,0.0,0.0,0.0,0.0,0.0,0.0,0.0,0.0,0.0,0.0,0.0,0.0,0.0,0.0,0.0,0.0,0.0,0.0,0.0,0.0,0.0,0.0,0.0,0.0,0.1,30.0,10.0,10.0,10.0,30.0,10.0,10.0,10.0,100.0,100.0,100.0,100.0,620.0,130.0,30.0,10.0,10.0,10.0,30.0,10.0,10.0,10.0,100.0,100.0,100.0,100.0,30.0,10.0,10.0,10.0,30.0,10.0,10.0,10.0,100.0,100.0,100.0,100.0,30.0,10.0,10.0,10.0,30.0,10.0,10.0,10.0,100.0,100.0,100.0,100.0,0.0,0.0,0.0,0.0,0.0,0.0,0.0,0.0,0.0,0.0,,0.0,0.0,,,,0.0,0.0,0.0,,0.0,0.0,40.0,0.0,10.0,20.0,10.0,0.0,40.0,0.0,,0.0,,10.0,0.0,0.0,0.0,20.0,0.0,0.0,0.0,0.0,0.0,,0.0,0.0,0.0,0.0,0.0,0.0,0.0,0.0,0.0,0.0,0.0,0.0,0.0,0.0,0.0,0.0,0.0,0.0,0.0,0.0,0.0,0.0,0.0,0.0,0.0,0.0,0.0,0.0,0.0,0.0,0.0,0.0,0.0,10.0,10.0,33.3,,,,,,,,,,,,,,,,,,,,,,,,,,,,,Shakur Mohammed,"FW,MF",Orlando City,22-099,Shakur Mohammed,Generation Adidas,2025,,,,,0.0,0.0,0.0,0.0,0.0,0.0,MF,GA,0,MF
8725776917,3,2025,25,11,1102,12.2,0.0,0.16,0.16,0.0,0.0,0.0,0.49,0.08,0.02,0.02,0.14,0.16,0.33,4.67,0.66,0.0,0.16,0.16,0.0,0.16,0.02,0.14,0.16,0.02,0.16,12.2,40.6,19.8,16.3,3.52,48.7,21.1,18.7,6.39,83.3,93.8,87.3,55.1,696.3,254.5,40.6,19.8,16.3,3.52,48.7,21.1,18.7,6.39,83.3,93.8,87.3,55.1,40.6,19.8,16.3,3.52,48.7,21.1,18.7,6.39,83.3,93.8,87.3,55.1,40.6,19.8,16.3,3.52,48.7,21.1,18.7,6.39,83.3,93.8,87.3,55.1,0.16,0.13,0.02,0.66,5.08,0.74,0.0,0.0,0.49,0.0,0.0,0.49,0.0,0.0,,20.6,0.0,0.0,0.0,0.04,-0.02,-0.02,58.9,3.03,17.8,35.1,6.39,0.9,58.9,0.33,44.4,0.25,33.3,31.0,0.08,1.23,0.82,38.8,1.89,0.82,0.57,1.89,0.82,55.6,0.66,1.48,0.82,1.15,3.03,1.97,0.0,1.97,1.96,0.08,0.0,0.0,0.0,0.0,0.0,0.16,0.16,0.08,0.0,0.0,0.0,0.0,0.0,0.08,1.23,0.98,0.0,0.74,1.15,0.57,0.0,0.08,0.0,5.41,1.31,72.7,,,,,,,,,,,,,,,,,,,,,,,,,,,,,Alfredo Morales,MF,St. Louis,35-206,Alfredo Morales,Standard,2025,Alfredo Morales,2025.0,188571.0,205571.0,0.0,0.013114754098360657,0.0016393442622950822,-0.02,5.0,3.04,MF,Standard,0,MF
6709284877,2,2025,34,34,2744,30.5,0.07,0.23,0.3,0.07,0.0,0.0,0.2,0.0,0.11,0.11,0.19,0.31,1.74,7.67,4.49,0.07,0.23,0.3,0.07,0.3,0.11,0.19,0.31,0.11,0.31,30.5,48.1,23.6,18.5,4.56,62.9,27.0,23.2,9.05,76.5,87.7,79.7,50.4,804.6,267.0,48.1,23.6,18.5,4.56,62.9,27.0,23.2,9.05,76.5,87.7,79.7,50.4,48.1,23.6,18.5,4.56,62.9,27.0,23.2,9.05,76.5,87.7,79.7,50.4,48.1,23.6,18.5,4.56,62.9,27.0,23.2,9.05,76.5,87.7,79.7,50.4,0.23,0.22,0.04,2.1,7.38,2.36,0.43,0.07,0.98,0.2,20.0,0.98,0.2,0.07,0.33,20.0,0.07,0.0,0.0,0.11,-0.05,-0.05,70.7,0.43,7.8,37.9,25.6,1.9,70.7,0.23,23.3,0.66,66.7,42.5,0.33,1.93,0.98,51.1,1.51,0.62,0.89,1.51,0.62,41.3,0.89,0.62,0.56,0.43,1.93,0.26,0.03,4.33,4.33,0.07,0.03,0.07,0.0,0.0,0.0,0.46,0.46,0.07,0.03,0.07,0.0,0.0,0.0,0.0,1.38,1.84,0.16,4.56,0.43,0.89,0.0,0.0,0.0,5.64,0.46,41.2,,,,,,,,,,,,,,,,,,,,,,,,,,,,,Maximiliano Moralez,MF,NYCFC,38-280,,,,,,,,0.002295081967213115,0.0075409836065573775,0.0036065573770491803,-0.039999999999999994,9.41,1.94,MF,Unknown,0,MF
508916514,1,2025,8,3,318,3.5,0.29,0.29,0.57,0.29,0.0,0.0,0.29,0.0,0.14,0.14,0.34,0.49,1.14,4.57,4.29,0.28,0.28,0.57,0.28,0.57,0.15,0.33,0.48,0.15,0.48,3.5,40.0,23.4,13.7,1.14,46.9,26.0,14.6,1.71,85.4,90.1,94.1,66.7,580.3,102.6,40.0,23.4,13.7,1.14,46.9,26.0,14.6,1.71,85.4,90.1,94.1,66.7,40.0,23.4,13.7,1.14,46.9,26.0,14.6,1.71,85.4,90.1,94.1,66.7,40.0,23.4,13.7,1.14,46.9,26.0,14.6,1.71,85.4,90.1,94.1,66.7,0.29,0.17,-0.06,1.43,3.43,1.43,0.0,0.29,2.0,0.86,42.9,1.98,0.85,0.14,0.33,18.4,0.0,0.0,0.0,0.08,0.14,0.14,59.1,0.57,5.14,34.0,20.6,2.57,59.1,0.57,20.0,2.0,70.0,37.7,0.57,2.0,0.57,44.3,2.57,1.71,2.29,2.57,1.71,60.0,1.14,0.86,0.57,0.86,3.43,0.0,0.29,2.86,2.82,0.0,0.0,0.0,0.0,0.0,0.0,0.29,0.28,0.0,0.0,0.0,0.0,0.0,0.0,0.0,2.86,0.86,0.0,0.29,0.86,2.29,0.0,0.0,0.0,4.29,0.29,50.0,,,,,,,,,,,,,,,,,,,,,,,,,,,,,Andrew Moran,"MF,FW",LAFC,22-050,,,,Andrew Moran,2025.0,666667.0,691111.0,0.08285714285714285,0.08285714285714285,0.04,0.14999999999999997,5.71,3.4299999999999997,MF,Unknown,0,MF
3488502764,1,2025,22,20,1696,18.8,0.21,0.27,0.48,0.21,0.0,0.0,0.05,0.0,0.21,0.21,0.26,0.47,3.56,4.41,7.13,0.21,0.27,0.48,0.21,0.48,0.21,0.25,0.47,0.21,0.47,18.8,33.9,19.0,11.8,2.55,45.6,21.9,15.5,5.37,74.4,87.1,75.9,47.5,536.3,142.5,33.9,19.0,11.8,2.55,45.6,21.9,15.5,5.37,74.4,87.1,75.9,47.5,33.9,19.0,11.8,2.55,45.6,21.9,15.5,5.37,74.4,87.1,75.9,47.5,33.9,19.0,11.8,2.55,45.6,21.9,15.5,5.37,74.4,87.1,75.9,47.5,0.27,0.22,0.01,1.86,3.19,1.28,0.27,0.21,2.39,0.96,40.0,2.39,0.96,0.09,0.22,21.2,0.16,0.0,0.0,0.09,0.0,0.0,61.3,1.06,6.54,27.9,27.9,4.15,61.3,2.13,38.5,3.09,55.8,39.6,1.49,3.51,2.02,43.5,1.76,0.53,0.9,1.76,0.53,30.3,1.22,1.38,1.38,0.37,2.13,0.53,0.0,4.41,4.4,0.64,0.05,0.16,0.0,0.0,0.0,0.48,0.48,0.64,0.05,0.16,0.0,0.0,0.0,0.0,1.49,1.7,0.0,4.04,0.37,0.9,0.0,0.0,0.0,4.95,0.59,57.9,,,,,,,,,,,,,,,,,,,,,,,,,,,,,Santiago Moreno,"FW,MF",Portland Timbers,25-227,Santiago Moreno,U22 Initiative,2026,,,,,0.011170212765957446,0.014361702127659574,0.011170212765957446,0.0,7.970000000000001,2.13,MF,U22,0,MF
2543399253,3,2025,3,2,148,1.6,0.0,0.0,0.0,0.0,0.0,0.0,0.0,0.0,0.31,0.31,0.44,0.75,3.75,2.5,9.38,0.0,0.0,0.0,0.0,0.0,0.33,0.41,0.75,0.33,0.75,1.6,22.5,15.0,4.38,1.88,31.3,16.9,7.5,3.75,72.0,88.9,58.3,50.0,320.0,61.9,22.5,15.0,4.38,1.88,31.3,16.9,7.5,3.75,72.0,88.9,58.3,50.0,22.5,15.0,4.38,1.88,31.3,16.9,7.5,3.75,72.0,88.9,58.3,50.0,22.5,15.0,4.38,1.88,31.3,16.9,7.5,3.75,72.0,88.9,58.3,50.0,0.0,0.25,-0.44,1.88,1.88,1.25,0.0,0.0,2.5,0.63,25.0,2.43,0.61,0.0,0.0,15.5,0.0,0.0,0.0,0.14,-0.31,-0.31,45.0,0.0,0.63,18.8,25.6,6.25,45.0,0.63,50.0,0.63,50.0,25.0,1.88,1.25,0.0,33.8,1.88,0.63,1.25,1.88,0.63,50.0,0.63,4.38,4.38,0.63,2.5,0.0,0.0,3.75,3.65,0.63,0.0,0.0,0.0,0.0,0.0,0.63,0.61,0.63,0.0,0.0,0.0,0.0,0.0,0.0,0.0,0.63,0.0,2.5,0.63,1.25,0.0,0.0,0.0,1.88,0.0,0.0,,,,,,,,,,,,,,,,,,,,,,,,,,,,,Lewis Morgan,"MF,FW",NY Red Bulls,29-065,Lewis Morgan,TAM Player,2026,Lewis Morgan,2025.0,1250000.0,1479358.0,0.0,0.0,0.19374999999999998,-0.31,6.25,2.51,MF,TAM,0,MF
3352852197,1,2025,1,0,9,0.1,0.0,0.0,0.0,0.0,0.0,0.0,0.0,0.0,0.0,0.0,1.0,1.0,0.0,0.0,20.0,0.0,0.0,0.0,0.0,0.0,0.0,0.96,0.96,0.0,0.96,0.1,30.0,20.0,10.0,0.0,30.0,20.0,10.0,0.0,100.0,100.0,100.0,,400.0,0.0,30.0,20.0,10.0,0.0,30.0,20.0,10.0,0.0,100.0,100.0,100.0,,30.0,20.0,10.0,0.0,30.0,20.0,10.0,0.0,100.0,100.0,100.0,,30.0,20.0,10.0,0.0,30.0,20.0,10.0,0.0,100.0,100.0,100.0,,0.0,0.0,-1.0,10.0,0.0,0.0,0.0,0.0,0.0,0.0,,0.0,0.0,,,,0.0,0.0,0.0,,0.0,0.0,90.0,0.0,10.0,10.0,70.0,20.0,90.0,0.0,0.0,20.0,100.0,40.0,10.0,10.0,0.0,40.0,10.0,10.0,0.0,10.0,10.0,100.0,0.0,10.0,10.0,0.0,10.0,0.0,0.0,0.0,0.0,0.0,0.0,0.0,0.0,0.0,0.0,0.0,0.0,0.0,0.0,0.0,0.0,0.0,0.0,0.0,0.0,0.0,10.0,0.0,0.0,0.0,0.0,0.0,0.0,0.0,0.0,,,,,,,,,,,,,,,,,,,,,,,,,,,,,,Rafael Mosquera,MF,NY Red Bulls,20-194,,,,Rafael Mosquera,2025.0,80622.0,92522.0,0.0,0.0,0.0,0.0,0.0,10.0,MF,Unknown,-1,MF
9376292846,1,2025,2,0,28,0.3,0.0,0.0,0.0,0.0,0.0,0.0,0.0,0.0,0.0,0.0,0.0,0.33,3.33,6.67,3.33,0.0,0.0,0.0,0.0,0.0,0.12,0.08,0.2,0.12,0.2,0.3,93.3,56.7,30.0,6.67,103.3,56.7,33.3,6.67,90.3,100.0,90.0,100.0,1523.3,383.3,93.3,56.7,30.0,6.67,103.3,56.7,33.3,6.67,90.3,100.0,90.0,100.0,93.3,56.7,30.0,6.67,103.3,56.7,33.3,6.67,90.3,100.0,90.0,100.0,93.3,56.7,30.0,6.67,103.3,56.7,33.3,6.67,90.3,100.0,90.0,100.0,0.0,0.33,0.0,3.33,6.67,6.67,3.33,0.0,3.33,3.33,100.0,3.21,3.21,0.0,0.0,21.8,0.0,0.0,0.0,0.04,0.0,0.0,110.0,0.0,10.0,43.3,56.7,0.0,110.0,0.0,0.0,3.33,100.0,76.7,0.0,0.0,0.0,96.7,0.0,0.0,0.0,0.0,0.0,,0.0,0.0,0.0,0.0,0.0,0.0,0.0,3.33,3.21,0.0,0.0,0.0,0.0,0.0,0.0,0.0,0.0,0.0,0.0,0.0,0.0,0.0,0.0,0.0,3.33,6.67,0.0,3.33,0.0,0.0,0.0,0.0,0.0,3.33,0.0,,,,,,,,,,,,,,,,,,,,,,,,,,,,,,Cole Mrowka,MF,Columbus Crew,19-242,Cole Mrowka,Homegrown,2026,Cole Mrowka,2025.0,80622.0,100630.0,0.0,0.0,0.0,0.0,10.0,0.0,MF,HG,-1,MF
4921814641,3,2025,34,34,2997,33.3,0.48,0.24,0.72,0.39,0.09,0.15,0.15,0.0,0.5,0.39,0.27,0.66,3.3,4.41,7.54,0.48,0.24,0.72,0.39,0.63,0.5,0.27,0.78,0.39,0.66,33.3,34.1,19.1,10.8,2.82,43.4,21.2,13.3,5.71,78.5,90.4,81.0,49.5,520.1,152.3,34.1,19.1,10.8,2.82,43.4,21.2,13.3,5.71,78.5,90.4,81.0,49.5,34.1,19.1,10.8,2.82,43.4,21.2,13.3,5.71,78.5,90.4,81.0,49.5,34.1,19.1,10.8,2.82,43.4,21.2,13.3,5.71,78.5,90.4,81.0,49.5,0.24,0.35,-0.03,2.73,2.64,1.86,0.3,0.48,3.54,1.74,49.2,3.54,1.74,0.11,0.22,19.9,0.39,0.09,0.15,0.11,-0.02,0.0,55.6,0.15,3.09,25.6,27.6,4.83,55.4,0.72,30.8,1.47,62.8,30.7,1.14,2.85,2.13,40.1,0.75,0.27,0.3,0.75,0.27,29.0,0.66,0.69,0.69,0.18,0.93,0.39,0.06,5.41,5.4,0.12,0.0,0.42,0.18,0.06,0.0,0.6,0.6,0.12,0.0,0.42,0.18,0.06,0.0,0.0,1.32,1.5,0.48,5.95,0.18,0.3,0.18,0.0,0.0,2.76,0.12,12.9,,,,,,,,,,,,,,,,,,,,,,,,,,,,,Hany Mukhtar,"FW,MF",Nashville SC,30-258,Hany Mukhtar,Designated Player,2026,Hany Mukhtar,2025.0,3900000.0,5311667.0,0.014414414414414415,0.007207207207207207,0.015015015015015017,-0.020000000000000018,7.71,0.9299999999999999,MF,DP,0,MF
7989763087,1,2025,7,6,541,6.0,1.17,0.5,1.67,0.5,0.67,0.67,0.17,0.0,0.87,0.33,0.23,0.57,2.83,6.83,5.83,1.16,0.5,1.66,0.5,1.0,0.86,0.23,1.09,0.34,0.56,6.0,40.7,20.8,15.8,2.83,55.8,24.8,20.8,5.0,72.8,83.9,76.0,56.7,658.5,192.8,40.7,20.8,15.8,2.83,55.8,24.8,20.8,5.0,72.8,83.9,76.0,56.7,40.7,20.8,15.8,2.83,55.8,24.8,20.8,5.0,72.8,83.9,76.0,56.7,40.7,20.8,15.8,2.83,55.8,24.8,20.8,5.0,72.8,83.9,76.0,56.7,0.5,0.3,0.27,2.17,4.67,3.5,1.0,1.17,2.67,1.67,62.5,2.66,1.66,0.19,0.3,20.2,0.0,0.67,0.67,0.13,0.3,0.17,68.5,1.33,5.17,30.5,33.7,5.67,67.8,1.17,63.6,0.67,36.4,34.5,0.33,2.67,1.17,48.8,1.17,0.5,0.33,1.17,0.5,42.9,0.67,0.83,0.5,0.17,1.33,1.0,0.0,4.67,4.66,0.17,0.17,0.17,0.0,0.0,0.0,0.67,0.67,0.17,0.17,0.17,0.0,0.0,0.0,0.0,0.83,0.67,0.17,2.83,0.17,0.33,0.0,0.0,0.0,4.83,1.0,60.0,,,,,,,,,,,,,,,,,,,,,,,,,,,,,Thomas Müller,MF,Vancouver W'caps,36-082,,,,Thomas Müller,2025.0,1284456.0,1436956.0,0.19499999999999998,0.08333333333333333,0.145,0.29999999999999993,9.66,1.3399999999999999,MF,Unknown,-1,MF
3559158949,1,2025,21,8,871,9.7,0.31,0.21,0.52,0.21,0.1,0.1,0.0,0.0,0.31,0.24,0.1,0.33,1.13,4.02,5.57,0.31,0.21,0.52,0.21,0.41,0.32,0.1,0.42,0.23,0.33,9.7,31.6,16.5,11.0,2.47,36.0,17.9,12.3,3.3,88.0,92.0,89.9,75.0,492.5,74.4,31.6,16.5,11.0,2.47,36.0,17.9,12.3,3.3,88.0,92.0,89.9,75.0,31.6,16.5,11.0,2.47,36.0,17.9,12.3,3.3,88.0,92.0,89.9,75.0,31.6,16.5,11.0,2.47,36.0,17.9,12.3,3.3,88.0,92.0,89.9,75.0,0.21,0.05,0.1,1.13,3.3,0.62,0.0,0.31,2.06,0.62,30.0,2.07,0.62,0.1,0.33,14.0,0.0,0.1,0.1,0.11,0.0,-0.03,47.1,0.62,2.47,20.6,24.3,4.43,47.0,0.72,25.9,1.75,63.0,31.2,0.72,1.65,2.16,38.9,0.62,0.21,0.62,0.62,0.21,40.0,0.31,0.62,0.62,0.41,1.03,0.31,0.0,3.2,3.21,0.21,0.0,0.21,0.1,0.0,0.0,0.41,0.41,0.21,0.0,0.21,0.1,0.0,0.0,0.0,1.34,2.58,0.0,0.52,0.41,0.62,0.1,0.0,0.0,3.4,0.72,41.2,,,,,,,,,,,,,,,,,,,,,,,,,,,,,Santiago Muñóz,"MF,FW",Sporting KC,23-112,,,,Santiago Muñóz,2025.0,300000.0,335026.0,0.03195876288659794,0.021649484536082474,0.03195876288659794,0.0,5.1499999999999995,1.03,MF,Unknown,0,MF
5902670918,1,2025,24,7,878,9.8,0.2,0.1,0.31,0.2,0.0,0.0,0.1,0.0,0.23,0.23,0.03,0.27,1.02,1.33,5.0,0.21,0.1,0.31,0.21,0.31,0.24,0.03,0.27,0.24,0.27,9.8,8.78,5.41,2.55,0.51,17.2,9.29,4.29,1.63,50.9,58.2,59.5,31.3,125.6,28.0,8.78,5.41,2.55,0.51,17.2,9.29,4.29,1.63,50.9,58.2,59.5,31.3,8.78,5.41,2.55,0.51,17.2,9.29,4.29,1.63,50.9,58.2,59.5,31.3,8.78,5.41,2.55,0.51,17.2,9.29,4.29,1.63,50.9,58.2,59.5,31.3,0.1,0.04,0.07,0.61,0.51,0.51,0.31,0.2,1.63,0.61,37.5,1.64,0.62,0.13,0.33,12.5,0.0,0.0,0.0,0.15,-0.03,-0.03,25.1,1.02,3.06,9.69,12.4,3.06,25.1,0.31,33.3,0.61,66.7,11.0,0.71,1.84,0.41,15.7,0.71,0.41,0.41,0.71,0.41,57.1,0.31,0.51,0.51,0.2,0.92,0.92,0.0,1.33,1.33,0.0,0.0,0.0,0.0,0.0,0.0,0.1,0.1,0.0,0.0,0.0,0.0,0.0,0.0,0.0,1.33,0.31,0.1,1.53,0.2,0.41,0.0,0.0,0.0,1.63,1.84,28.6,,,,,,,,,,,,,,,,,,,,,,,,,,,,,Jacob Murrell,"FW,MF",D.C. United,21-250,Jacob Murrell,Standard,2026,Jacob Murrell,2025.0,80622.0,80622.0,0.02040816326530612,0.01020408163265306,0.02346938775510204,-0.03,2.35,0.9099999999999999,MF,Standard,0,MF
2703403326,3,2025,32,28,2230,24.8,0.04,0.16,0.2,0.04,0.0,0.0,0.2,0.0,0.15,0.14,0.08,0.22,1.77,1.9,5.28,0.04,0.16,0.2,0.04,0.2,0.15,0.08,0.23,0.14,0.22,24.8,20.6,12.1,6.73,0.73,27.5,14.0,8.55,1.77,75.0,86.5,78.8,40.9,294.8,70.5,20.6,12.1,6.73,0.73,27.5,14.0,8.55,1.77,75.0,86.5,78.8,40.9,20.6,12.1,6.73,0.73,27.5,14.0,8.55,1.77,75.0,86.5,78.8,40.9,20.6,12.1,6.73,0.73,27.5,14.0,8.55,1.77,75.0,86.5,78.8,40.9,0.16,0.06,0.08,0.93,1.05,0.28,0.04,0.04,1.29,0.65,50.0,1.29,0.65,0.03,0.06,15.0,0.0,0.0,0.0,0.11,-0.11,-0.1,37.5,1.09,7.54,15.9,14.6,2.86,37.5,0.81,46.5,0.85,48.8,21.7,0.56,1.98,1.25,24.6,1.45,0.73,0.85,1.45,0.73,34.6,1.37,1.01,0.89,0.89,2.34,0.69,0.0,1.9,1.9,0.08,0.0,0.08,0.0,0.12,0.04,0.2,0.2,0.08,0.0,0.08,0.0,0.12,0.04,0.0,1.49,1.45,0.2,0.85,0.89,0.85,0.0,0.0,0.0,4.52,0.48,31.6,,,,,,,,,,,,,,,,,,,,,,,,,,,,,Alex Muyl,"MF,FW",Nashville SC,30-065,Alex Muyl,Standard,2025,Alex Muyl,2025.0,535000.0,535000.0,0.0016129032258064516,0.0064516129032258064,0.006048387096774193,-0.10999999999999999,3.67,2.34,MF,Standard,0,MF
1830600103,1,2025,24,15,1190,13.2,0.08,0.0,0.08,0.08,0.0,0.0,0.15,0.0,0.11,0.11,0.16,0.27,0.53,5.08,1.44,0.08,0.0,0.08,0.08,0.08,0.1,0.16,0.26,0.1,0.26,13.2,50.5,22.4,23.9,3.11,56.1,24.5,25.8,4.09,89.9,91.6,92.6,75.9,845.8,219.8,50.5,22.4,23.9,3.11,56.1,24.5,25.8,4.09,89.9,91.6,92.6,75.9,50.5,22.4,23.9,3.11,56.1,24.5,25.8,4.09,89.9,91.6,92.6,75.9,50.5,22.4,23.9,3.11,56.1,24.5,25.8,4.09,89.9,91.6,92.6,75.9,0.0,0.12,-0.16,0.91,4.77,0.98,0.08,0.08,0.83,0.23,27.3,0.83,0.23,0.09,0.33,18.0,0.0,0.0,0.0,0.12,-0.03,-0.03,64.7,1.74,12.7,41.1,11.4,0.98,64.7,0.68,52.9,0.53,41.2,38.7,0.15,1.06,0.68,48.1,1.67,0.61,1.06,1.67,0.61,38.1,0.98,1.14,0.83,0.91,2.58,1.14,0.15,2.2,2.19,0.08,0.0,0.0,0.0,0.08,0.0,0.15,0.15,0.08,0.0,0.0,0.0,0.08,0.0,0.0,1.06,0.68,0.08,0.08,0.91,1.06,0.0,0.0,0.0,5.68,0.61,61.5,,,,,,,,,,,,,,,,,,,,,,,,,,,,,Tristan Muyumba,MF,Atlanta Utd,28-272,Tristan Muyumba,TAM Player,2026,Tristan Muyumba,2025.0,550000.0,591600.0,0.0060606060606060615,0.0,0.008333333333333333,-0.03,5.61,2.58,MF,TAM,0,MF
5302971514,1,2025,30,30,2595,28.8,0.0,0.0,0.0,0.0,0.0,0.0,0.03,0.0,0.02,0.02,0.01,0.03,0.76,3.61,0.66,0.0,0.0,0.0,0.0,0.0,0.02,0.02,0.03,0.02,0.03,28.8,53.0,31.5,18.3,1.77,55.4,32.2,19.3,1.94,95.6,97.7,95.0,91.1,757.4,183.4,53.0,31.5,18.3,1.77,55.4,32.2,19.3,1.94,95.6,97.7,95.0,91.1,53.0,31.5,18.3,1.77,55.4,32.2,19.3,1.94,95.6,97.7,95.0,91.1,53.0,31.5,18.3,1.77,55.4,32.2,19.3,1.94,95.6,97.7,95.0,91.1,0.0,0.04,-0.01,0.52,5.28,0.24,0.03,0.0,0.31,0.07,22.2,0.31,0.07,0.0,0.0,24.2,0.0,0.0,0.0,0.05,-0.02,-0.02,60.6,2.15,12.8,37.4,10.8,0.17,60.6,0.31,47.4,0.28,42.1,38.6,0.14,0.66,0.8,47.6,0.73,0.42,0.38,0.73,0.42,60.0,0.28,0.38,0.35,0.49,1.22,0.83,0.0,1.53,1.53,0.07,0.0,0.17,0.0,0.03,0.0,0.07,0.07,0.07,0.0,0.17,0.0,0.03,0.0,0.0,0.59,1.63,0.0,0.07,0.49,0.38,0.0,0.0,0.0,5.31,0.38,61.1,,,,,,,,,,,,,,,,,,,,,,,,,,,,,Darlington Nagbe,MF,Columbus Crew,35-138,Darlington Nagbe,Designated Player,2025,Darlington Nagbe,2025.0,1425000.0,1565833.0,0.0,0.0,0.0006944444444444445,-0.02,4.37,1.22,MF,DP,0,MF
6586109952,1,2025,25,13,1256,14.0,0.14,0.21,0.36,0.14,0.0,0.0,0.07,0.0,0.09,0.09,0.15,0.24,2.57,5.71,5.57,0.14,0.21,0.36,0.14,0.36,0.09,0.15,0.24,0.09,0.24,14.0,33.9,16.6,15.0,1.29,39.7,18.4,16.6,1.64,85.4,90.3,90.5,78.3,544.8,129.1,33.9,16.6,15.0,1.29,39.7,18.4,16.6,1.64,85.4,90.3,90.5,78.3,33.9,16.6,15.0,1.29,39.7,18.4,16.6,1.64,85.4,90.3,90.5,78.3,33.9,16.6,15.0,1.29,39.7,18.4,16.6,1.64,85.4,90.3,90.5,78.3,0.21,0.2,0.06,1.93,3.14,1.86,0.21,0.14,1.0,0.43,42.9,1.0,0.43,0.14,0.33,17.2,0.0,0.0,0.0,0.09,0.05,0.05,50.1,1.43,7.57,22.2,21.1,2.93,50.1,1.07,36.6,1.64,56.1,33.4,0.86,1.43,1.07,36.6,1.36,0.79,0.86,1.36,0.79,47.8,0.86,1.29,1.0,0.43,1.79,0.5,0.07,4.07,4.08,0.14,0.0,0.21,0.0,0.14,0.07,0.5,0.5,0.14,0.0,0.21,0.0,0.14,0.07,0.0,0.64,1.57,0.14,0.79,0.43,0.86,0.0,0.0,0.0,5.07,0.43,46.2,,,,,,,,,,,,,,,,,,,,,,,,,,,,,Jean-Claude Ngando,"MF,FW",Vancouver W'caps,26-014,,,,,,,,0.01,0.015,0.0064285714285714285,0.05000000000000002,8.28,1.79,MF,Unknown,0,MF
390924432,2,2025,20,5,630,7.0,0.14,0.0,0.14,0.14,0.0,0.0,0.57,0.0,0.1,0.1,0.2,0.29,2.0,2.0,7.0,0.14,0.0,0.14,0.14,0.14,0.1,0.19,0.29,0.1,0.29,7.0,12.6,8.29,3.86,0.14,19.9,10.9,6.0,0.43,63.3,76.3,64.3,33.3,172.9,51.1,12.6,8.29,3.86,0.14,19.9,10.9,6.0,0.43,63.3,76.3,64.3,33.3,12.6,8.29,3.86,0.14,19.9,10.9,6.0,0.43,63.3,76.3,64.3,33.3,12.6,8.29,3.86,0.14,19.9,10.9,6.0,0.43,63.3,76.3,64.3,33.3,0.0,0.17,-0.2,0.86,0.71,0.43,0.0,0.14,1.71,0.43,25.0,1.71,0.43,0.08,0.33,17.3,0.0,0.0,0.0,0.06,0.04,0.04,32.3,1.0,5.14,11.4,16.6,4.86,32.3,1.0,53.8,0.71,38.5,17.9,1.14,3.29,1.71,21.1,1.43,0.71,1.0,1.43,0.71,45.5,0.86,1.14,1.14,0.29,1.71,1.0,0.0,1.29,1.28,0.14,0.0,0.0,0.0,0.0,0.0,0.0,0.0,0.14,0.0,0.0,0.0,0.0,0.0,0.0,2.57,1.14,0.29,0.57,0.29,1.0,0.0,0.0,0.0,2.43,0.86,26.1,,,,,,,,,,,,,,,,,,,,,,,,,,,,,Serge Ngoma,"FW,MF",NY Red Bulls,20-148,,,,,,,,0.02,0.0,0.014285714285714287,0.04000000000000001,4.0,1.72,MF,Unknown,0,MF
2165322486,2,2025,13,1,337,3.7,0.0,0.27,0.27,0.0,0.0,0.0,0.27,0.0,0.11,0.11,0.16,0.27,1.08,4.05,1.62,0.0,0.27,0.27,0.0,0.27,0.11,0.15,0.27,0.11,0.27,3.7,34.6,18.9,13.2,1.89,43.5,22.2,15.4,4.05,79.5,85.4,86.0,46.7,523.8,170.8,34.6,18.9,13.2,1.89,43.5,22.2,15.4,4.05,79.5,85.4,86.0,46.7,34.6,18.9,13.2,1.89,43.5,22.2,15.4,4.05,79.5,85.4,86.0,46.7,34.6,18.9,13.2,1.89,43.5,22.2,15.4,4.05,79.5,85.4,86.0,46.7,0.27,0.05,0.11,1.08,5.41,0.54,0.27,0.0,1.62,0.27,16.7,1.6,0.27,0.0,0.0,16.5,0.0,0.0,0.0,0.07,-0.11,-0.11,55.4,0.81,14.9,31.1,9.46,1.89,55.4,0.54,50.0,0.54,50.0,28.9,0.54,1.62,0.81,39.2,2.43,0.81,1.35,2.43,0.81,37.5,1.35,0.54,0.54,1.62,4.05,1.08,0.0,1.89,1.87,0.27,0.0,0.0,0.0,0.0,0.0,0.0,0.0,0.27,0.0,0.0,0.0,0.0,0.0,0.0,1.35,1.35,0.0,0.27,1.62,1.35,0.0,0.0,0.0,4.32,0.81,75.0,,,,,,,,,,,,,,,,,,,,,,,,,,,,,Tsiki Ntsabeleng,MF,FC Dallas,27-298,Tsiki Ntsabeleng,Standard,2026,Tsiki Ntsabeleng,2025.0,200000.0,227000.0,0.0,0.07297297297297298,0.029729729729729728,-0.11,5.13,4.050000000000001,MF,Standard,0,MF
2532853023,1,2025,14,11,867,9.6,0.0,0.0,0.0,0.0,0.0,0.0,0.42,0.0,0.02,0.02,0.01,0.03,0.31,4.79,0.83,0.0,0.0,0.0,0.0,0.0,0.02,0.01,0.03,0.02,0.03,9.6,41.5,18.1,19.8,2.81,48.5,20.4,21.8,4.27,85.4,88.8,90.9,65.9,701.1,217.4,41.5,18.1,19.8,2.81,48.5,20.4,21.8,4.27,85.4,88.8,90.9,65.9,41.5,18.1,19.8,2.81,48.5,20.4,21.8,4.27,85.4,88.8,90.9,65.9,41.5,18.1,19.8,2.81,48.5,20.4,21.8,4.27,85.4,88.8,90.9,65.9,0.0,0.02,-0.01,0.52,4.38,0.1,0.1,0.0,0.52,0.0,0.0,0.52,0.0,0.0,,24.9,0.0,0.0,0.0,0.04,-0.02,-0.02,61.3,2.29,15.9,39.4,6.56,0.1,61.3,0.73,58.3,0.31,25.0,30.1,0.0,1.25,0.31,36.4,3.33,1.04,2.08,3.33,1.04,35.7,1.88,1.35,1.04,1.98,5.31,1.56,0.0,1.77,1.77,0.1,0.0,0.0,0.0,0.0,0.0,0.0,0.0,0.1,0.0,0.0,0.0,0.0,0.0,0.0,1.56,0.83,0.0,0.21,1.98,2.08,0.0,0.0,0.0,8.23,0.42,44.4,,,,,,,,,,,,,,,,,,,,,,,,,,,,,Obinna Nwobodo,MF,FC Cincinnati,29-005,Obinna Nwobodo,TAM Player,2025,Obinna Nwobodo,2025.0,982350.0,1241250.0,0.0,0.0,0.0020833333333333333,-0.02,5.1,5.3100000000000005,MF,TAM,0,MF
5135895080,1,2025,20,17,1506,16.7,0.0,0.0,0.0,0.0,0.0,0.0,0.24,0.0,0.02,0.02,0.04,0.06,1.14,4.19,0.6,0.0,0.0,0.0,0.0,0.0,0.02,0.04,0.06,0.02,0.06,16.7,50.1,23.2,22.8,3.23,57.0,24.9,24.9,5.09,87.9,93.3,91.6,63.5,839.0,234.2,50.1,23.2,22.8,3.23,57.0,24.9,24.9,5.09,87.9,93.3,91.6,63.5,50.1,23.2,22.8,3.23,57.0,24.9,24.9,5.09,87.9,93.3,91.6,63.5,50.1,23.2,22.8,3.23,57.0,24.9,24.9,5.09,87.9,93.3,91.6,63.5,0.0,0.04,-0.04,0.6,4.91,0.3,0.0,0.0,0.6,0.06,10.0,0.6,0.06,0.0,0.0,27.5,0.0,0.0,0.0,0.03,-0.02,-0.02,65.9,2.16,16.9,40.1,9.34,0.48,65.9,0.54,64.3,0.3,35.7,37.8,0.18,1.02,0.72,46.9,2.63,1.26,1.5,2.63,1.26,67.7,0.6,0.9,0.66,0.78,3.41,1.2,0.06,1.5,1.49,0.06,0.0,0.0,0.0,0.0,0.0,0.3,0.3,0.06,0.0,0.0,0.0,0.0,0.0,0.0,1.68,1.26,0.0,0.48,0.78,1.5,0.0,0.06,0.0,5.09,0.48,40.0,,,,,,,,,,,,,,,,,,,,,,,,,,,,,Aiden O'Neill,MF,NYCFC,27-153,,,,Aiden O'Neill,2025.0,540000.0,570938.0,0.0,0.0,0.0011976047904191617,-0.02,5.33,3.41,MF,Unknown,0,MF
7329317041,2,2025,31,9,915,10.2,0.0,0.1,0.1,0.0,0.0,0.0,0.39,0.0,0.18,0.18,0.04,0.23,1.67,2.65,5.78,0.0,0.1,0.1,0.0,0.1,0.18,0.04,0.22,0.18,0.22,10.2,17.1,9.31,5.69,1.08,24.8,11.6,7.45,2.16,68.8,80.5,76.3,50.0,250.3,83.1,17.1,9.31,5.69,1.08,24.8,11.6,7.45,2.16,68.8,80.5,76.3,50.0,17.1,9.31,5.69,1.08,24.8,11.6,7.45,2.16,68.8,80.5,76.3,50.0,17.1,9.31,5.69,1.08,24.8,11.6,7.45,2.16,68.8,80.5,76.3,50.0,0.1,0.08,0.06,0.88,1.86,1.27,0.1,0.0,1.47,0.49,33.3,1.48,0.49,0.0,0.0,19.5,0.0,0.0,0.0,0.12,-0.18,-0.18,35.0,0.88,7.25,13.7,14.6,2.84,35.0,0.88,50.0,0.69,38.9,20.5,0.88,2.25,1.08,23.4,1.96,0.59,1.37,1.96,0.59,42.9,0.78,0.98,0.88,0.2,2.16,0.88,0.0,2.16,2.16,0.29,0.0,0.1,0.0,0.0,0.0,0.1,0.1,0.29,0.0,0.1,0.0,0.0,0.0,0.0,0.98,2.35,0.78,1.37,0.2,1.37,0.0,0.0,0.0,4.51,1.37,56.0,,,,,,,,,,,,,,,,,,,,,,,,,,,,,Jáder Obrian,"FW,MF",Austin,30-200,Jáder Obrian,Standard,2026,Jáder Obrian,2025.0,450000.0,505401.0,0.0,0.009803921568627453,0.01764705882352941,-0.18,4.32,2.16,MF,Standard,0,MF
9539698873,2,2025,34,12,1344,14.9,0.0,0.34,0.34,0.0,0.0,0.0,0.07,0.0,0.09,0.09,0.24,0.34,4.5,3.76,10.9,0.0,0.33,0.33,0.0,0.33,0.09,0.24,0.33,0.09,0.33,14.9,32.3,18.7,10.3,1.88,40.9,21.9,12.9,3.09,79.0,85.3,79.7,60.9,475.2,111.0,32.3,18.7,10.3,1.88,40.9,21.9,12.9,3.09,79.0,85.3,79.7,60.9,32.3,18.7,10.3,1.88,40.9,21.9,12.9,3.09,79.0,85.3,79.7,60.9,32.3,18.7,10.3,1.88,40.9,21.9,12.9,3.09,79.0,85.3,79.7,60.9,0.34,0.17,0.09,1.61,2.62,1.14,0.13,0.0,1.28,0.27,21.1,1.27,0.27,0.0,0.0,19.9,0.0,0.0,0.0,0.07,-0.09,-0.09,52.6,1.54,6.98,20.4,26.0,4.63,52.6,1.48,36.1,2.48,60.7,34.6,1.95,1.81,1.01,39.4,1.68,0.74,1.21,1.68,0.74,52.4,0.67,0.67,0.6,0.74,2.42,1.01,0.07,3.36,3.35,0.2,0.0,0.2,0.07,0.2,0.0,0.54,0.54,0.2,0.0,0.2,0.07,0.2,0.0,0.0,1.01,0.94,0.67,2.28,0.74,1.21,0.07,0.0,0.0,5.3,0.54,30.8,,,,,,,,,,,,,,,,,,,,,,,,,,,,,Agustin Ojeda,"FW,MF",NYCFC,21-168,,,,,,,,0.0,0.022818791946308727,0.006040268456375839,-0.09,8.26,2.42,MF,Unknown,0,MF
9304821097,1,2025,30,25,2105,23.4,0.09,0.0,0.09,0.09,0.0,0.0,0.26,0.0,0.08,0.08,0.05,0.13,1.45,5.51,1.67,0.09,0.0,0.09,0.09,0.09,0.08,0.05,0.13,0.08,0.13,23.4,47.1,22.2,18.5,4.4,53.8,24.5,20.1,5.77,87.5,90.6,91.9,76.3,795.5,226.3,47.1,22.2,18.5,4.4,53.8,24.5,20.1,5.77,87.5,90.6,91.9,76.3,47.1,22.2,18.5,4.4,53.8,24.5,20.1,5.77,87.5,90.6,91.9,76.3,47.1,22.2,18.5,4.4,53.8,24.5,20.1,5.77,87.5,90.6,91.9,76.3,0.0,0.12,-0.05,1.03,5.17,0.77,0.3,0.09,1.54,0.47,30.6,1.54,0.47,0.06,0.18,25.2,0.0,0.0,0.0,0.05,0.01,0.01,64.2,2.74,14.3,37.6,13.1,0.85,64.2,1.24,59.2,0.6,28.6,37.4,0.13,1.5,0.9,45.7,1.62,0.56,0.9,1.62,0.56,38.2,0.9,0.81,0.64,1.32,2.95,1.54,0.13,2.99,2.99,0.09,0.0,0.09,0.0,0.13,0.0,0.09,0.09,0.09,0.0,0.09,0.0,0.13,0.0,0.0,1.58,1.84,0.0,0.85,1.32,0.9,0.0,0.0,0.0,5.64,0.9,52.5,,,,,,,,,,,,,,,,,,,,,,,,,,,,,Braian Ojeda,MF,Real Salt Lake,25-160,Braian Ojeda,TAM Player,2025,Braian Ojeda,2025.0,650000.0,708653.0,0.0038461538461538464,0.0,0.0034188034188034192,0.009999999999999995,6.96,2.9400000000000004,MF,TAM,0,MF
4782005090,2,2025,33,30,2680,29.8,0.54,0.3,0.84,0.47,0.07,0.07,0.0,0.0,0.4,0.35,0.35,0.69,2.18,5.84,7.75,0.54,0.3,0.84,0.47,0.77,0.4,0.35,0.74,0.34,0.69,29.8,34.2,17.4,10.4,5.13,43.7,19.5,13.1,8.19,78.1,89.2,79.9,62.7,608.1,197.5,34.2,17.4,10.4,5.13,43.7,19.5,13.1,8.19,78.1,89.2,79.9,62.7,34.2,17.4,10.4,5.13,43.7,19.5,13.1,8.19,78.1,89.2,79.9,62.7,34.2,17.4,10.4,5.13,43.7,19.5,13.1,8.19,78.1,89.2,79.9,62.7,0.3,0.26,-0.04,3.29,3.72,1.64,0.57,0.54,3.46,1.28,36.9,3.46,1.28,0.14,0.37,18.4,0.2,0.07,0.07,0.1,0.14,0.12,52.9,0.4,5.23,21.8,26.5,5.03,52.9,0.64,45.2,0.74,52.4,30.8,0.84,2.18,0.84,38.9,0.91,0.3,0.64,0.91,0.3,29.0,0.74,0.54,0.54,0.37,1.28,0.23,0.0,6.14,6.15,0.2,0.03,0.13,0.0,0.07,0.0,0.67,0.67,0.2,0.03,0.13,0.0,0.07,0.0,0.0,0.64,0.87,0.3,5.74,0.37,0.64,0.0,0.0,0.0,4.19,0.2,30.0,,,,,,,,,,,,,,,,,,,,,,,,,,,,,Martín Ojeda,"MF,FW",Orlando City,27-007,Martín Ojeda,Designated Player,2025,Martín Ojeda,2025.0,960000.0,1032600.0,0.018120805369127517,0.010067114093959731,0.013422818791946308,0.14,8.02,1.28,MF,DP,0,MF
9421091917,1,2025,6,0,58,0.6,0.0,1.67,1.67,0.0,0.0,0.0,1.67,0.0,0.0,0.0,0.17,0.17,0.0,3.33,8.33,0.0,1.55,1.55,0.0,1.55,0.04,0.14,0.18,0.04,0.18,0.6,18.3,8.33,3.33,0.0,26.7,13.3,3.33,0.0,68.8,62.5,100.0,,175.0,23.3,18.3,8.33,3.33,0.0,26.7,13.3,3.33,0.0,68.8,62.5,100.0,,18.3,8.33,3.33,0.0,26.7,13.3,3.33,0.0,68.8,62.5,100.0,,18.3,8.33,3.33,0.0,26.7,13.3,3.33,0.0,68.8,62.5,100.0,,1.67,0.0,1.5,1.67,1.67,1.67,0.0,0.0,1.67,1.67,100.0,1.55,1.55,0.0,0.0,21.6,0.0,0.0,0.0,0.02,0.0,0.0,38.3,0.0,3.33,8.33,26.7,3.33,38.3,1.67,100.0,0.0,0.0,23.3,0.0,1.67,1.67,26.7,1.67,0.0,1.67,1.67,0.0,,0.0,0.0,0.0,0.0,1.67,0.0,0.0,5.0,4.66,0.0,0.0,3.33,0.0,0.0,0.0,1.67,1.55,0.0,0.0,3.33,0.0,0.0,0.0,0.0,3.33,3.33,0.0,1.67,0.0,1.67,0.0,0.0,0.0,3.33,1.67,25.0,,,,,,,,,,,,,,,,,,,,,,,,,,,,,Toyosi Olusanya,"FW,MF",Houston Dynamo,28-051,,,,Toyosi Olusanya,2025.0,318000.0,363219.0,0.0,2.783333333333333,0.0,0.0,3.33,1.67,MF,Unknown,-1,MF
2847664019,2,2025,24,21,1856,20.6,0.49,0.34,0.83,0.49,0.0,0.0,0.24,0.0,0.47,0.47,0.22,0.68,1.65,1.12,4.37,0.48,0.34,0.82,0.48,0.82,0.47,0.22,0.68,0.47,0.68,20.6,12.1,7.82,3.5,0.19,17.9,10.0,5.0,0.39,67.5,77.8,69.9,50.0,152.1,27.8,12.1,7.82,3.5,0.19,17.9,10.0,5.0,0.39,67.5,77.8,69.9,50.0,12.1,7.82,3.5,0.19,17.9,10.0,5.0,0.39,67.5,77.8,69.9,50.0,12.1,7.82,3.5,0.19,17.9,10.0,5.0,0.39,67.5,77.8,69.9,50.0,0.34,0.15,0.12,1.17,0.53,0.44,0.05,0.49,3.01,1.36,45.2,3.01,1.36,0.16,0.36,13.9,0.0,0.0,0.0,0.16,0.02,0.02,31.3,1.5,3.98,11.7,16.2,5.39,31.3,0.58,26.1,1.55,69.6,15.4,0.87,2.72,1.07,18.9,1.12,0.24,0.63,1.12,0.24,31.3,0.53,0.73,0.49,0.34,1.46,1.5,0.05,2.23,2.23,0.05,0.05,0.15,0.0,0.1,0.0,0.49,0.48,0.05,0.05,0.15,0.0,0.1,0.0,0.0,1.65,0.83,0.34,0.34,0.34,0.63,0.0,0.0,0.0,2.38,2.72,50.5,,,,,,,,,,,,,,,,,,,,,,,,,,,,,Tani Oluwaseyi,"FW,MF",Minnesota Utd,25-203,,,,,,,,0.02378640776699029,0.01650485436893204,0.02281553398058252,0.020000000000000018,2.77,1.4600000000000002,MF,Unknown,0,MF
7235937608,4,2025,9,2,192,2.1,0.0,0.0,0.0,0.0,0.0,0.0,0.48,0.0,0.05,0.05,0.0,0.05,3.33,1.43,7.14,0.0,0.0,0.0,0.0,0.0,0.06,0.0,0.06,0.06,0.06,2.1,21.4,15.2,5.24,0.48,27.6,18.1,6.19,1.9,77.6,84.2,84.6,25.0,277.6,67.1,21.4,15.2,5.24,0.48,27.6,18.1,6.19,1.9,77.6,84.2,84.6,25.0,21.4,15.2,5.24,0.48,27.6,18.1,6.19,1.9,77.6,84.2,84.6,25.0,21.4,15.2,5.24,0.48,27.6,18.1,6.19,1.9,77.6,84.2,84.6,25.0,0.0,0.05,0.0,0.0,1.43,0.48,0.48,0.0,1.43,0.48,33.3,1.41,0.47,0.0,0.0,16.6,0.0,0.0,0.0,0.05,-0.05,-0.05,36.7,1.43,5.24,14.8,17.6,2.86,36.7,0.95,33.3,1.9,66.7,25.7,0.48,1.43,3.33,28.6,1.9,0.48,1.43,1.9,0.48,50.0,0.48,0.95,0.48,0.0,1.9,1.43,0.0,0.48,0.47,0.48,0.0,0.0,0.0,0.0,0.0,0.0,0.0,0.48,0.0,0.0,0.0,0.0,0.0,0.0,0.48,1.43,0.48,0.95,0.0,1.43,0.0,0.0,0.0,3.81,0.0,0.0,,,,,,,,,,,,,,,,,,,,,,,,,,,,,Kwadwo Opoku,"FW,MF",CF Montréal,24-144,Kwadwo Opoku,TAM Player,2026,,,,,0.0,0.0,0.023809523809523808,-0.05,4.76,1.9,MF,TAM,0,MF
170336912,1,2025,28,25,2046,22.7,0.0,0.0,0.0,0.0,0.0,0.0,0.31,0.0,0.04,0.04,0.1,0.14,0.66,6.04,1.94,0.0,0.0,0.0,0.0,0.0,0.04,0.1,0.14,0.04,0.14,22.7,55.9,29.6,21.1,4.1,61.6,31.1,22.7,5.55,90.8,94.9,93.0,73.8,906.9,288.6,55.9,29.6,21.1,4.1,61.6,31.1,22.7,5.55,90.8,94.9,93.0,73.8,55.9,29.6,21.1,4.1,61.6,31.1,22.7,5.55,90.8,94.9,93.0,73.8,55.9,29.6,21.1,4.1,61.6,31.1,22.7,5.55,90.8,94.9,93.0,73.8,0.0,0.07,-0.1,0.93,6.17,0.53,0.04,0.0,0.57,0.18,30.8,0.57,0.18,0.0,0.0,22.5,0.0,0.0,0.0,0.07,-0.04,-0.04,69.0,1.41,17.5,41.1,11.3,0.53,69.0,0.57,38.2,0.84,55.9,42.6,0.04,0.88,0.84,54.8,1.01,0.53,0.35,1.01,0.53,46.2,0.62,0.75,0.62,0.97,1.98,0.62,0.18,2.25,2.24,0.0,0.0,0.0,0.0,0.04,0.0,0.09,0.09,0.0,0.0,0.0,0.0,0.04,0.0,0.0,1.28,0.79,0.0,0.22,0.97,0.35,0.0,0.0,0.0,4.8,0.22,38.5,,,,,,,,,,,,,,,,,,,,,,,,,,,,,Sergio Oregel,MF,Chicago Fire,20-202,Sergio Oregel,Homegrown,2025,Sergio Oregel,2025.0,113400.0,113400.0,0.0,0.0,0.001762114537444934,-0.04,6.7,1.98,MF,HG,0,MF
2916095006,1,2025,1,0,1,0.0,0.0,0.0,0.0,0.0,0.0,0.0,0.0,0.0,0.0,0.0,0.0,0.0,0.0,0.0,0.0,0.0,0.0,0.0,0.0,0.0,0.0,0.0,0.0,0.0,0.0,0.0,0.0,0.0,0.0,0.0,1.0,1.0,0.0,0.0,0.0,0.0,,,0.0,0.0,0.0,0.0,0.0,0.0,1.0,1.0,0.0,0.0,0.0,0.0,,,0.0,0.0,0.0,0.0,1.0,1.0,0.0,0.0,0.0,0.0,,,0.0,0.0,0.0,0.0,1.0,1.0,0.0,0.0,0.0,0.0,,,0.0,0.0,0.0,0.0,0.0,0.0,0.0,0.0,0.0,0.0,,0.0,0.0,,,,0.0,0.0,0.0,,0.0,0.0,2.0,0.0,0.0,1.0,1.0,0.0,2.0,0.0,,0.0,,0.0,0.0,0.0,0.0,1.0,0.0,0.0,0.0,0.0,0.0,,0.0,0.0,0.0,0.0,0.0,0.0,0.0,0.0,0.0,0.0,0.0,0.0,0.0,0.0,0.0,0.0,0.0,0.0,0.0,0.0,0.0,0.0,0.0,0.0,0.0,0.0,0.0,0.0,0.0,0.0,0.0,0.0,0.0,0.0,1.0,33.3,,,,,,,,,,,,,,,,,,,,,,,,,,,,,Harold Osorio,MF,Chicago Fire,22-106,,,,,,,,,,,0.0,0.0,0.0,MF,Unknown,0,MF
5696826214,2,2025,24,21,1920,21.3,0.19,0.05,0.23,0.19,0.0,0.0,0.05,0.0,0.12,0.12,0.06,0.18,0.8,4.46,2.11,0.19,0.05,0.23,0.19,0.23,0.12,0.06,0.18,0.12,0.18,21.3,39.2,20.7,15.3,1.92,45.1,22.3,16.9,3.43,87.0,92.4,90.3,56.2,600.3,164.8,39.2,20.7,15.3,1.92,45.1,22.3,16.9,3.43,87.0,92.4,90.3,56.2,39.2,20.7,15.3,1.92,45.1,22.3,16.9,3.43,87.0,92.4,90.3,56.2,39.2,20.7,15.3,1.92,45.1,22.3,16.9,3.43,87.0,92.4,90.3,56.2,0.05,0.09,-0.01,0.8,3.76,0.66,0.0,0.19,0.75,0.47,62.5,0.75,0.47,0.25,0.4,16.5,0.0,0.0,0.0,0.16,0.07,0.07,53.4,2.44,12.1,28.4,13.4,1.31,53.4,0.38,61.5,0.23,38.5,31.5,0.19,1.27,0.85,36.5,1.69,0.75,0.75,1.69,0.75,57.1,0.56,0.8,0.47,0.85,2.54,1.13,0.0,1.74,1.73,0.05,0.0,0.05,0.0,0.05,0.0,0.14,0.14,0.05,0.0,0.05,0.0,0.05,0.0,0.0,0.8,1.69,0.05,0.75,0.85,0.75,0.0,0.0,0.0,4.98,0.42,40.9,,,,,,,,,,,,,,,,,,,,,,,,,,,,,Jonathan Osorio,MF,Toronto FC,33-175,Jonathan Osorio,TAM Player,2026,Jonathan Osorio,2025.0,1000000.0,1183333.0,0.00892018779342723,0.002347417840375587,0.005633802816901408,0.07,5.26,2.54,MF,TAM,0,MF
9467043924,2,2025,23,13,1016,11.3,0.09,0.18,0.27,0.09,0.0,0.0,0.35,0.0,0.13,0.13,0.09,0.21,2.39,4.96,4.34,0.09,0.18,0.27,0.09,0.27,0.13,0.08,0.22,0.13,0.22,11.3,47.6,22.8,18.5,4.42,53.1,24.5,20.2,5.31,89.7,93.1,91.7,83.3,801.1,175.8,47.6,22.8,18.5,4.42,53.1,24.5,20.2,5.31,89.7,93.1,91.7,83.3,47.6,22.8,18.5,4.42,53.1,24.5,20.2,5.31,89.7,93.1,91.7,83.3,47.6,22.8,18.5,4.42,53.1,24.5,20.2,5.31,89.7,93.1,91.7,83.3,0.18,0.04,0.09,1.06,4.25,0.53,0.09,0.09,1.59,0.35,22.2,1.59,0.35,0.06,0.25,19.6,0.0,0.0,0.0,0.08,-0.04,-0.04,65.0,1.33,13.2,37.3,15.3,1.42,65.0,1.59,54.5,1.15,39.4,40.2,0.44,2.3,1.33,47.3,3.27,1.77,1.59,3.27,1.77,57.1,1.33,0.71,0.62,1.06,4.34,0.8,0.09,3.1,3.1,0.09,0.09,0.09,0.09,0.09,0.0,0.35,0.35,0.09,0.09,0.09,0.09,0.09,0.0,0.0,1.95,1.68,0.0,0.62,1.06,1.59,0.09,0.0,0.0,5.84,0.09,20.0,,,,,,,,,,,,,,,,,,,,,,,,,,,,,Tomáš Ostrák,MF,St. Louis,25-302,,,,,,,,0.007964601769911504,0.01592920353982301,0.011504424778761062,-0.04000000000000001,7.35,4.33,MF,Unknown,0,MF
311282469,1,2025,5,4,286,3.2,0.0,0.0,0.0,0.0,0.0,0.0,0.94,0.0,0.03,0.03,0.03,0.06,0.63,5.63,0.31,0.0,0.0,0.0,0.0,0.0,0.04,0.03,0.08,0.04,0.08,3.2,42.2,20.3,16.9,3.44,51.3,22.8,19.1,4.06,82.3,89.0,88.5,84.6,702.5,205.9,42.2,20.3,16.9,3.44,51.3,22.8,19.1,4.06,82.3,89.0,88.5,84.6,42.2,20.3,16.9,3.44,51.3,22.8,19.1,4.06,82.3,89.0,88.5,84.6,42.2,20.3,16.9,3.44,51.3,22.8,19.1,4.06,82.3,89.0,88.5,84.6,0.0,0.03,-0.03,0.94,4.38,1.25,0.0,0.0,1.56,0.31,20.0,1.57,0.31,0.0,0.0,28.1,0.0,0.0,0.0,0.03,-0.03,-0.03,63.4,2.5,20.0,36.3,8.13,0.94,63.4,0.31,25.0,0.94,75.0,31.6,0.31,2.19,0.94,35.6,1.88,1.25,1.25,1.88,1.25,30.8,2.81,1.56,1.56,1.88,3.75,1.56,0.63,1.56,1.58,0.0,0.0,0.0,0.0,0.0,0.0,0.0,0.0,0.0,0.0,0.0,0.0,0.0,0.0,0.0,2.19,0.94,0.0,0.31,1.88,1.25,0.0,0.0,0.0,7.19,1.25,44.4,,,,,,,,,,,,,,,,,,,,,,,,,,,,,Allan Oyirwoth,MF,NE Revolution,18-315,Allan Oyirwoth,Standard,2028,Allan Oyirwoth,2025.0,104000.0,120000.0,0.0,0.0,0.009375,-0.03,6.26,3.76,MF,Standard,0,MF
6428518179,1,2025,10,6,589,6.5,0.0,0.0,0.0,0.0,0.0,0.0,0.15,0.0,0.05,0.05,0.02,0.06,0.77,4.62,0.46,0.0,0.0,0.0,0.0,0.0,0.04,0.01,0.05,0.04,0.05,6.5,48.5,19.7,21.1,6.92,55.5,21.5,22.8,9.54,87.3,91.4,92.6,72.6,952.9,233.5,48.5,19.7,21.1,6.92,55.5,21.5,22.8,9.54,87.3,91.4,92.6,72.6,48.5,19.7,21.1,6.92,55.5,21.5,22.8,9.54,87.3,91.4,92.6,72.6,48.5,19.7,21.1,6.92,55.5,21.5,22.8,9.54,87.3,91.4,92.6,72.6,0.0,0.03,-0.02,0.62,5.69,0.15,0.0,0.0,1.38,0.31,22.2,1.38,0.31,0.0,0.0,29.0,0.0,0.0,0.0,0.03,-0.05,-0.05,65.8,2.31,15.4,42.3,8.31,0.31,65.8,0.46,50.0,0.46,50.0,37.1,0.0,1.54,0.46,47.4,2.31,0.92,1.23,2.31,0.92,40.0,1.38,0.62,0.15,1.38,3.69,1.38,0.15,1.38,1.38,0.0,0.0,0.0,0.0,0.0,0.0,0.15,0.15,0.0,0.0,0.0,0.0,0.0,0.0,0.0,1.69,0.77,0.0,0.0,1.38,1.23,0.0,0.15,0.0,3.69,1.08,53.8,,,,,,,,,,,,,,,,,,,,,,,,,,,,,Nelson Palacio,MF,Real Salt Lake,24-171,Nelson Palacio,U22 Initiative,2026,Nelson Palacio,2025.0,380000.0,423167.0,0.0,0.0,0.007692307692307693,-0.05,5.390000000000001,3.69,MF,U22,0,MF
9872245223,1,2025,29,8,1016,11.3,0.18,0.0,0.18,0.18,0.0,0.0,0.62,0.0,0.06,0.06,0.06,0.13,0.53,6.02,2.21,0.18,0.0,0.18,0.18,0.18,0.07,0.06,0.13,0.07,0.13,11.3,42.7,20.0,17.3,3.72,52.7,23.1,20.0,6.55,81.0,86.6,86.7,56.8,717.0,232.1,42.7,20.0,17.3,3.72,52.7,23.1,20.0,6.55,81.0,86.6,86.7,56.8,42.7,20.0,17.3,3.72,52.7,23.1,20.0,6.55,81.0,86.6,86.7,56.8,42.7,20.0,17.3,3.72,52.7,23.1,20.0,6.55,81.0,86.6,86.7,56.8,0.0,0.05,-0.06,1.33,5.22,0.88,0.0,0.18,0.71,0.18,25.0,0.71,0.18,0.25,1.0,14.6,0.0,0.0,0.0,0.09,0.12,0.12,64.1,3.45,15.0,36.5,13.4,1.5,64.1,0.8,60.0,0.53,40.0,36.8,0.18,1.15,0.71,42.7,2.57,1.24,1.24,2.57,1.24,37.8,2.04,1.24,0.8,1.59,4.16,1.86,0.0,2.92,2.92,0.18,0.0,0.09,0.0,0.0,0.0,0.18,0.18,0.18,0.0,0.09,0.0,0.0,0.0,0.0,2.04,1.77,0.09,0.71,1.59,1.24,0.0,0.0,0.0,5.04,1.33,53.6,,,,,,,,,,,,,,,,,,,,,,,,,,,,,Cristhian Paredes,MF,Portland Timbers,27-200,Cristhian Paredes,Standard,2025,Cristhian Paredes,2025.0,610000.0,714000.0,0.01592920353982301,0.0,0.005309734513274335,0.12,6.55,4.16,MF,Standard,0,MF
9022353102,2,2025,25,9,1050,11.7,0.0,0.09,0.09,0.0,0.0,0.0,0.6,0.09,0.02,0.02,0.05,0.07,1.03,6.41,1.03,0.0,0.09,0.09,0.0,0.09,0.02,0.05,0.07,0.02,0.07,11.7,58.6,27.7,23.4,5.73,66.7,29.2,26.3,8.29,87.9,94.7,89.0,69.1,1018.5,249.7,58.6,27.7,23.4,5.73,66.7,29.2,26.3,8.29,87.9,94.7,89.0,69.1,58.6,27.7,23.4,5.73,66.7,29.2,26.3,8.29,87.9,94.7,89.0,69.1,58.6,27.7,23.4,5.73,66.7,29.2,26.3,8.29,87.9,94.7,89.0,69.1,0.09,0.09,0.03,1.03,7.69,0.43,0.09,0.0,0.6,0.09,14.3,0.6,0.09,0.0,0.0,22.7,0.0,0.0,0.0,0.03,-0.02,-0.02,74.8,2.31,15.2,45.3,15.1,0.43,74.8,0.43,55.6,0.34,44.4,41.1,0.0,0.85,0.77,55.3,1.71,0.85,1.03,1.71,0.85,47.6,0.94,1.03,0.6,0.94,2.65,0.68,0.09,2.22,2.23,0.09,0.0,0.09,0.0,0.0,0.0,0.09,0.09,0.09,0.0,0.09,0.0,0.0,0.0,0.09,0.94,1.54,0.0,1.11,0.94,1.03,0.0,0.0,0.0,5.81,0.77,45.0,,,,,,,,,,,,,,,,,,,,,,,,,,,,,Isaiah Parente,MF,LA Galaxy,25-263,Isaiah Parente,Homegrown,2025,Isaiah Parente,2025.0,104000.0,104000.0,0.0,0.007692307692307693,0.0017094017094017096,-0.02,7.44,2.65,MF,HG,0,MF
2646497465,1,2025,14,10,880,9.8,0.1,0.2,0.31,0.1,0.0,0.0,0.31,0.0,0.15,0.15,0.12,0.28,1.53,6.63,2.45,0.1,0.2,0.31,0.1,0.31,0.16,0.12,0.28,0.16,0.28,9.8,49.8,26.1,18.6,4.08,60.8,30.7,22.1,5.31,81.9,85.0,83.9,76.9,802.4,261.5,49.8,26.1,18.6,4.08,60.8,30.7,22.1,5.31,81.9,85.0,83.9,76.9,49.8,26.1,18.6,4.08,60.8,30.7,22.1,5.31,81.9,85.0,83.9,76.9,49.8,26.1,18.6,4.08,60.8,30.7,22.1,5.31,81.9,85.0,83.9,76.9,0.2,0.11,0.08,1.43,6.84,0.71,0.0,0.1,1.02,0.61,60.0,1.02,0.61,0.1,0.17,13.1,0.0,0.0,0.0,0.15,-0.05,-0.05,73.6,3.98,19.8,40.2,14.6,2.76,73.6,0.82,40.0,1.02,50.0,38.2,0.1,1.33,0.71,50.7,2.24,1.73,1.22,2.24,1.73,73.9,0.61,1.22,0.82,1.22,3.47,2.96,0.1,3.98,3.99,0.31,0.0,0.2,0.0,0.1,0.0,0.41,0.41,0.31,0.0,0.2,0.0,0.1,0.0,0.0,1.84,1.33,0.0,0.31,1.22,1.22,0.0,0.0,0.1,6.02,1.84,72.0,,,,,,,,,,,,,,,,,,,,,,,,,,,,,Keaton Parks,MF,NYCFC,28-120,Keaton Parks,TAM Player,2026,Keaton Parks,2025.0,400000.0,530000.0,0.01020408163265306,0.02040816326530612,0.01530612244897959,-0.04999999999999999,8.16,3.46,MF,TAM,0,MF
6282396122,1,2025,33,32,2568,28.5,0.42,0.18,0.6,0.42,0.0,0.0,0.11,0.0,0.28,0.28,0.2,0.48,3.05,4.81,6.88,0.42,0.18,0.6,0.42,0.6,0.28,0.19,0.48,0.28,0.48,28.5,24.9,12.5,8.28,2.98,31.7,14.3,10.3,4.6,78.5,87.5,80.5,64.9,424.9,128.3,24.9,12.5,8.28,2.98,31.7,14.3,10.3,4.6,78.5,87.5,80.5,64.9,24.9,12.5,8.28,2.98,31.7,14.3,10.3,4.6,78.5,87.5,80.5,64.9,24.9,12.5,8.28,2.98,31.7,14.3,10.3,4.6,78.5,87.5,80.5,64.9,0.18,0.17,-0.02,1.58,2.67,2.0,0.28,0.42,3.58,1.44,40.2,3.57,1.44,0.12,0.29,20.6,0.0,0.0,0.0,0.08,0.14,0.14,44.0,0.77,4.98,18.1,21.7,3.12,44.0,1.96,52.3,1.65,43.9,29.1,1.16,2.14,1.23,32.8,0.84,0.28,0.53,0.84,0.28,25.8,0.81,1.12,1.12,0.46,1.3,0.81,0.0,3.58,3.57,0.25,0.0,0.11,0.04,0.0,0.0,0.32,0.32,0.25,0.0,0.11,0.04,0.0,0.0,0.0,0.7,0.67,0.18,1.54,0.46,0.53,0.0,0.04,0.0,3.26,0.07,11.8,,,,,,,,,,,,,,,,,,,,,,,,,,,,,Marco Pašalić,"MF,FW",Orlando City,25-081,Marco Pašalić,Designated Player,2027,Marco Pašalić,2025.0,1600000.0,1650667.0,0.014736842105263158,0.00631578947368421,0.009824561403508772,0.13999999999999996,7.859999999999999,1.3,MF,DP,0,MF
2386238280,1,2025,11,6,479,5.3,0.0,0.0,0.0,0.0,0.0,0.0,0.57,0.0,0.04,0.04,0.04,0.06,0.75,4.53,0.38,0.0,0.0,0.0,0.0,0.0,0.03,0.03,0.06,0.03,0.06,5.3,78.1,40.9,28.5,5.66,89.6,43.2,31.3,10.0,87.2,94.8,91.0,56.6,1248.3,333.8,78.1,40.9,28.5,5.66,89.6,43.2,31.3,10.0,87.2,94.8,91.0,56.6,78.1,40.9,28.5,5.66,89.6,43.2,31.3,10.0,87.2,94.8,91.0,56.6,78.1,40.9,28.5,5.66,89.6,43.2,31.3,10.0,87.2,94.8,91.0,56.6,0.0,0.09,-0.04,0.75,7.36,0.94,0.19,0.0,0.75,0.0,0.0,0.75,0.0,0.0,,22.8,0.0,0.0,0.0,0.04,-0.04,-0.04,102.1,2.64,22.5,68.3,11.9,0.0,102.1,0.38,25.0,0.75,50.0,53.6,0.0,1.32,1.32,74.5,3.4,1.32,1.89,3.4,1.32,58.3,0.94,2.08,1.7,2.08,5.47,1.32,0.19,2.45,2.44,0.0,0.0,0.0,0.0,0.19,0.0,0.19,0.19,0.0,0.0,0.0,0.0,0.19,0.0,0.0,1.32,3.4,0.0,1.13,2.08,1.89,0.0,0.19,0.0,8.68,0.0,0.0,,,,,,,,,,,,,,,,,,,,,,,,,,,,,João Paulo Mior,MF,Seattle Sounders,34-271,,,,João Paulo Mior,2025.0,600000.0,625000.0,0.0,0.0,0.007547169811320755,-0.04,5.28,5.48,MF,Unknown,0,MF
9646333244,1,2025,23,9,935,10.4,0.19,0.29,0.48,0.19,0.0,0.0,0.19,0.0,0.2,0.2,0.26,0.46,2.69,5.0,5.0,0.19,0.29,0.48,0.19,0.48,0.21,0.26,0.47,0.21,0.47,10.4,28.2,16.5,8.08,2.69,38.8,18.8,10.9,5.38,72.5,87.8,74.3,50.0,449.0,163.8,28.2,16.5,8.08,2.69,38.8,18.8,10.9,5.38,72.5,87.8,74.3,50.0,28.2,16.5,8.08,2.69,38.8,18.8,10.9,5.38,72.5,87.8,74.3,50.0,28.2,16.5,8.08,2.69,38.8,18.8,10.9,5.38,72.5,87.8,74.3,50.0,0.29,0.2,0.03,1.35,2.79,1.73,0.19,0.19,1.35,0.58,42.9,1.35,0.58,0.14,0.33,15.2,0.0,0.0,0.0,0.15,-0.01,-0.01,50.2,1.54,9.04,22.0,20.3,3.65,50.2,2.31,54.5,1.63,38.6,27.5,0.77,2.5,2.02,34.6,1.73,0.38,1.35,1.73,0.38,20.0,1.54,0.96,0.77,0.48,2.21,0.58,0.0,3.37,3.37,0.29,0.0,0.1,0.0,0.0,0.0,0.48,0.48,0.29,0.0,0.1,0.0,0.0,0.0,0.0,1.15,1.15,0.0,2.79,0.48,1.35,0.0,0.0,0.0,5.0,0.29,20.0,,,,,,,,,,,,,,,,,,,,,,,,,,,,,Pedrinho,"FW,MF",FC Dallas,22-230,Pedrinho,Standard,2025,,,,,0.01826923076923077,0.027884615384615383,0.019230769230769232,-0.010000000000000009,7.6899999999999995,2.21,MF,Standard,0,MF
1600319785,1,2025,24,21,1693,18.8,0.16,0.16,0.32,0.16,0.0,0.0,0.16,0.0,0.13,0.13,0.13,0.26,2.07,4.47,6.76,0.16,0.16,0.32,0.16,0.32,0.13,0.14,0.26,0.13,0.26,18.8,31.8,19.0,9.31,2.29,43.1,22.1,12.7,4.63,73.6,86.1,73.5,49.4,473.5,127.8,31.8,19.0,9.31,2.29,43.1,22.1,12.7,4.63,73.6,86.1,73.5,49.4,31.8,19.0,9.31,2.29,43.1,22.1,12.7,4.63,73.6,86.1,73.5,49.4,31.8,19.0,9.31,2.29,43.1,22.1,12.7,4.63,73.6,86.1,73.5,49.4,0.16,0.13,0.03,1.28,2.77,1.22,0.16,0.16,1.38,0.43,30.8,1.38,0.43,0.12,0.38,19.6,0.05,0.0,0.0,0.09,0.03,0.03,54.7,0.96,6.81,25.3,23.6,2.66,54.7,1.38,47.3,1.38,47.3,29.4,0.8,1.91,1.44,36.5,2.5,0.8,1.7,2.5,0.8,39.5,1.22,1.22,1.17,0.69,3.19,0.74,0.0,2.87,2.87,0.32,0.11,0.11,0.05,0.0,0.0,0.37,0.37,0.32,0.11,0.11,0.05,0.0,0.0,0.0,1.22,1.12,0.11,2.87,0.69,1.7,0.05,0.0,0.0,4.63,0.74,37.8,,,,,,,,,,,,,,,,,,,,,,,,,,,,,Peglow,"FW,MF",D.C. United,23-331,,,,,,,,0.00851063829787234,0.00851063829787234,0.006914893617021276,0.03,6.539999999999999,3.19,MF,Unknown,0,MF
931088896,2,2025,7,4,328,3.6,0.83,0.83,1.67,0.83,0.0,0.0,0.0,0.0,0.89,0.89,0.14,1.03,1.67,1.11,6.67,0.82,0.82,1.65,0.82,1.65,0.89,0.14,1.03,0.89,1.03,3.6,15.8,9.44,4.44,0.56,21.1,11.7,5.83,0.83,75.0,81.0,76.2,66.7,217.2,46.1,15.8,9.44,4.44,0.56,21.1,11.7,5.83,0.83,75.0,81.0,76.2,66.7,15.8,9.44,4.44,0.56,21.1,11.7,5.83,0.83,75.0,81.0,76.2,66.7,15.8,9.44,4.44,0.56,21.1,11.7,5.83,0.83,75.0,81.0,76.2,66.7,0.83,0.14,0.69,0.83,0.56,0.56,0.0,0.83,3.33,1.39,41.7,3.29,1.37,0.25,0.6,13.5,0.28,0.0,0.0,0.27,-0.06,-0.06,31.7,0.28,2.78,10.0,18.9,6.67,31.7,0.28,16.7,1.39,83.3,18.1,1.94,2.78,0.83,25.3,1.11,0.28,0.83,1.11,0.28,100.0,0.0,0.28,0.28,0.28,1.39,0.28,0.0,1.67,1.65,0.0,0.0,0.28,0.28,0.0,0.0,0.83,0.82,0.0,0.0,0.28,0.28,0.0,0.0,0.0,0.56,1.39,0.56,0.83,0.28,0.83,0.28,0.0,0.0,1.67,0.28,33.3,,,,,,,,,,,,,,,,,,,,,,,,,,,,,Amahl Pellegrino,"MF,FW",SJ Earthquakes,35-169,Amahl Pellegrino,TAM Player,2025,Amahl Pellegrino,2025.0,850000.0,912500.0,0.23055555555555554,0.23055555555555554,0.24722222222222223,-0.06000000000000005,2.7800000000000002,1.3900000000000001,MF,TAM,0,MF
931088896,3,2025,7,4,328,3.6,0.83,0.83,1.67,0.83,0.0,0.0,0.0,0.0,0.89,0.89,0.14,1.03,1.67,1.11,6.67,0.82,0.82,1.65,0.82,1.65,0.89,0.14,1.03,0.89,1.03,3.6,15.8,9.44,4.44,0.56,21.1,11.7,5.83,0.83,75.0,81.0,76.2,66.7,217.2,46.1,15.8,9.44,4.44,0.56,21.1,11.7,5.83,0.83,75.0,81.0,76.2,66.7,15.8,9.44,4.44,0.56,21.1,11.7,5.83,0.83,75.0,81.0,76.2,66.7,15.8,9.44,4.44,0.56,21.1,11.7,5.83,0.83,75.0,81.0,76.2,66.7,0.83,0.14,0.69,0.83,0.56,0.56,0.0,0.83,3.33,1.39,41.7,3.29,1.37,0.25,0.6,13.5,0.28,0.0,0.0,0.27,-0.06,-0.06,31.7,0.28,2.78,10.0,18.9,6.67,31.7,0.28,16.7,1.39,83.3,18.1,1.94,2.78,0.83,25.3,1.11,0.28,0.83,1.11,0.28,100.0,0.0,0.28,0.28,0.28,1.39,0.28,0.0,1.67,1.65,0.0,0.0,0.28,0.28,0.0,0.0,0.83,0.82,0.0,0.0,0.28,0.28,0.0,0.0,0.0,0.56,1.39,0.56,0.83,0.28,0.83,0.28,0.0,0.0,1.67,0.28,33.3,,,,,,,,,,,,,,,,,,,,,,,,,,,,,Amahl Pellegrino,"MF,FW",SJ Earthquakes,35-169,Amahl Pellegrino,TAM Player,2025,Amahl Pellegrino,2025.0,850000.0,912500.0,0.23055555555555554,0.23055555555555554,0.24722222222222223,-0.06000000000000005,2.7800000000000002,1.3900000000000001,MF,TAM,0,MF
931088896,2,2025,13,5,488,5.4,0.19,0.19,0.37,0.19,0.0,0.0,0.0,0.0,0.61,0.61,0.31,0.93,2.04,4.07,7.04,0.18,0.18,0.37,0.18,0.37,0.61,0.31,0.92,0.61,0.92,5.4,20.2,11.3,6.3,1.3,27.8,14.3,8.33,1.67,72.7,79.2,75.6,77.8,309.4,70.7,20.2,11.3,6.3,1.3,27.8,14.3,8.33,1.67,72.7,79.2,75.6,77.8,20.2,11.3,6.3,1.3,27.8,14.3,8.33,1.67,72.7,79.2,75.6,77.8,20.2,11.3,6.3,1.3,27.8,14.3,8.33,1.67,72.7,79.2,75.6,77.8,0.19,0.15,-0.13,1.67,1.67,2.22,0.19,0.19,2.78,0.37,13.3,2.77,0.37,0.07,0.5,13.0,0.0,0.0,0.0,0.22,-0.43,-0.43,40.9,0.0,4.81,19.3,18.0,4.26,40.9,0.19,12.5,1.3,87.5,23.5,0.56,2.22,1.67,26.7,1.85,0.56,0.93,1.85,0.56,37.5,0.93,0.56,0.56,1.48,3.33,0.37,0.19,3.7,3.68,0.0,0.0,0.0,0.0,0.37,0.19,0.93,0.92,0.0,0.0,0.0,0.0,0.37,0.19,0.0,0.56,0.74,0.74,0.56,1.48,0.93,0.0,0.0,0.0,3.7,0.37,14.3,,,,,,,,,,,,,,,,,,,,,,,,,,,,,Amahl Pellegrino,"MF,FW",SJ Earthquakes,35-169,Amahl Pellegrino,TAM Player,2025,Amahl Pellegrino,2025.0,850000.0,912500.0,0.03518518518518518,0.03518518518518518,0.11296296296296296,-0.42,6.11,3.33,MF,TAM,0,MF
931088896,3,2025,13,5,488,5.4,0.19,0.19,0.37,0.19,0.0,0.0,0.0,0.0,0.61,0.61,0.31,0.93,2.04,4.07,7.04,0.18,0.18,0.37,0.18,0.37,0.61,0.31,0.92,0.61,0.92,5.4,20.2,11.3,6.3,1.3,27.8,14.3,8.33,1.67,72.7,79.2,75.6,77.8,309.4,70.7,20.2,11.3,6.3,1.3,27.8,14.3,8.33,1.67,72.7,79.2,75.6,77.8,20.2,11.3,6.3,1.3,27.8,14.3,8.33,1.67,72.7,79.2,75.6,77.8,20.2,11.3,6.3,1.3,27.8,14.3,8.33,1.67,72.7,79.2,75.6,77.8,0.19,0.15,-0.13,1.67,1.67,2.22,0.19,0.19,2.78,0.37,13.3,2.77,0.37,0.07,0.5,13.0,0.0,0.0,0.0,0.22,-0.43,-0.43,40.9,0.0,4.81,19.3,18.0,4.26,40.9,0.19,12.5,1.3,87.5,23.5,0.56,2.22,1.67,26.7,1.85,0.56,0.93,1.85,0.56,37.5,0.93,0.56,0.56,1.48,3.33,0.37,0.19,3.7,3.68,0.0,0.0,0.0,0.0,0.37,0.19,0.93,0.92,0.0,0.0,0.0,0.0,0.37,0.19,0.0,0.56,0.74,0.74,0.56,1.48,0.93,0.0,0.0,0.0,3.7,0.37,14.3,,,,,,,,,,,,,,,,,,,,,,,,,,,,,Amahl Pellegrino,"MF,FW",SJ Earthquakes,35-169,Amahl Pellegrino,TAM Player,2025,Amahl Pellegrino,2025.0,850000.0,912500.0,0.03518518518518518,0.03518518518518518,0.11296296296296296,-0.42,6.11,3.33,MF,TAM,0,MF
6718351464,2,2025,24,20,1665,18.5,0.16,0.05,0.22,0.16,0.0,0.0,0.38,0.0,0.17,0.17,0.06,0.23,1.62,4.22,3.84,0.16,0.05,0.22,0.16,0.22,0.17,0.06,0.23,0.17,0.23,18.5,33.2,18.7,12.0,1.41,41.4,22.4,14.2,2.54,80.2,83.4,84.4,55.3,491.9,152.1,33.2,18.7,12.0,1.41,41.4,22.4,14.2,2.54,80.2,83.4,84.4,55.3,33.2,18.7,12.0,1.41,41.4,22.4,14.2,2.54,80.2,83.4,84.4,55.3,33.2,18.7,12.0,1.41,41.4,22.4,14.2,2.54,80.2,83.4,84.4,55.3,0.05,0.11,-0.01,0.49,2.76,0.43,0.0,0.16,1.68,0.54,32.3,1.68,0.54,0.1,0.3,14.9,0.0,0.0,0.0,0.1,-0.01,-0.01,53.7,2.76,12.5,27.8,14.1,2.32,53.7,0.43,44.4,0.49,50.0,27.6,0.05,1.3,0.65,35.9,2.54,1.03,1.46,2.54,1.03,44.2,1.3,1.41,1.14,0.76,3.3,2.54,0.05,1.84,1.84,0.05,0.0,0.11,0.05,0.0,0.0,0.16,0.16,0.05,0.0,0.11,0.05,0.0,0.0,0.0,1.62,1.08,0.05,0.32,0.76,1.46,0.05,0.0,0.0,4.32,2.38,44.0,,,,,,,,,,,,,,,,,,,,,,,,,,,,,Andrés Perea,MF,NYCFC,25-020,Andrés Perea,Standard,2025,Andrés Perea,2025.0,660000.0,726500.0,0.008648648648648649,0.002702702702702703,0.009189189189189189,-0.010000000000000009,5.84,3.3,MF,Standard,0,MF
865205260,1,2025,27,23,2071,23.0,0.04,0.13,0.17,0.04,0.0,0.0,0.35,0.0,0.06,0.06,0.13,0.18,1.57,6.09,2.39,0.04,0.13,0.17,0.04,0.17,0.06,0.13,0.18,0.06,0.18,23.0,51.6,25.2,19.4,5.26,58.5,27.0,21.2,7.04,88.2,93.1,91.4,74.7,878.8,236.8,51.6,25.2,19.4,5.26,58.5,27.0,21.2,7.04,88.2,93.1,91.4,74.7,51.6,25.2,19.4,5.26,58.5,27.0,21.2,7.04,88.2,93.1,91.4,74.7,51.6,25.2,19.4,5.26,58.5,27.0,21.2,7.04,88.2,93.1,91.4,74.7,0.13,0.14,0.0,1.17,4.74,1.0,0.3,0.04,1.04,0.17,16.7,1.04,0.17,0.04,0.25,24.8,0.04,0.0,0.0,0.05,-0.01,-0.01,67.4,1.87,14.3,35.6,18.3,0.96,67.4,1.22,53.8,0.83,36.5,42.7,0.3,1.22,0.57,50.8,1.39,0.52,0.7,1.39,0.52,44.4,0.65,1.17,0.83,0.7,2.09,0.91,0.09,3.0,3.0,0.13,0.04,0.09,0.0,0.09,0.0,0.39,0.39,0.13,0.04,0.09,0.0,0.09,0.0,0.0,2.09,1.7,0.09,1.91,0.7,0.7,0.0,0.0,0.0,5.09,0.13,33.3,,,,,,,,,,,,,,,,,,,,,,,,,,,,,Daniel Pereira,MF,Austin,25-143,,,,Daniel Pereira,2025.0,475000.0,514375.0,0.0017391304347826088,0.005652173913043478,0.002608695652173913,-0.019999999999999997,7.66,2.09,MF,Unknown,0,MF
9292527516,1,2025,33,29,2561,28.5,0.21,0.28,0.49,0.21,0.0,0.0,0.28,0.0,0.16,0.16,0.28,0.45,2.56,5.65,4.0,0.21,0.28,0.49,0.21,0.49,0.17,0.28,0.44,0.17,0.44,28.5,33.3,16.4,10.3,5.26,46.9,19.5,13.9,10.1,71.0,83.7,74.0,52.1,598.5,235.6,33.3,16.4,10.3,5.26,46.9,19.5,13.9,10.1,71.0,83.7,74.0,52.1,33.3,16.4,10.3,5.26,46.9,19.5,13.9,10.1,71.0,83.7,74.0,52.1,33.3,16.4,10.3,5.26,46.9,19.5,13.9,10.1,71.0,83.7,74.0,52.1,0.28,0.22,0.0,2.56,4.42,1.33,0.32,0.21,2.18,0.91,41.9,2.18,0.91,0.1,0.23,21.7,0.18,0.0,0.0,0.08,0.05,0.05,58.8,0.67,9.65,28.8,21.9,2.18,58.8,1.26,37.9,1.72,51.6,33.4,0.74,2.42,1.86,39.7,2.04,0.88,1.16,2.04,0.88,43.9,1.12,0.84,0.81,0.7,2.74,0.46,0.0,5.33,5.34,0.35,0.04,0.53,0.04,0.04,0.0,0.56,0.56,0.35,0.04,0.53,0.04,0.04,0.0,0.0,1.82,1.96,0.11,5.58,0.7,1.16,0.0,0.0,0.0,5.12,0.21,25.0,,,,,,,,,,,,,,,,,,,,,,,,,,,,,Joaquín Pereyra,"MF,FW",Minnesota Utd,27-003,Joaquín Pereyra,Designated Player,2027,Joaquín Pereyra,2025.0,655000.0,844000.0,0.007368421052631579,0.009824561403508772,0.005614035087719299,0.04999999999999999,8.21,2.74,MF,DP,0,MF
8694421757,4,2025,22,10,852,9.5,0.11,0.21,0.32,0.11,0.0,0.0,0.53,0.11,0.15,0.15,0.16,0.31,2.84,3.26,6.63,0.11,0.21,0.32,0.11,0.32,0.15,0.16,0.3,0.15,0.3,9.5,23.2,12.1,8.74,1.79,28.7,13.9,10.2,2.63,80.6,87.1,85.6,68.0,375.4,107.7,23.2,12.1,8.74,1.79,28.7,13.9,10.2,2.63,80.6,87.1,85.6,68.0,23.2,12.1,8.74,1.79,28.7,13.9,10.2,2.63,80.6,87.1,85.6,68.0,23.2,12.1,8.74,1.79,28.7,13.9,10.2,2.63,80.6,87.1,85.6,68.0,0.21,0.17,0.05,1.47,2.0,1.37,0.53,0.11,1.79,0.63,35.3,1.8,0.63,0.06,0.17,18.4,0.0,0.0,0.0,0.08,-0.04,-0.04,41.3,0.84,5.16,20.2,16.7,2.21,41.3,1.89,47.4,1.89,47.4,25.3,0.74,2.84,1.79,29.9,1.26,0.42,0.95,1.26,0.42,40.0,0.63,1.26,1.16,0.53,1.79,0.63,0.0,2.63,2.64,0.21,0.0,0.11,0.0,0.0,0.0,0.21,0.21,0.21,0.0,0.11,0.0,0.0,0.0,0.0,1.47,1.16,0.11,1.47,0.53,0.95,0.0,0.0,0.0,4.32,0.21,15.4,,,,,,,,,,,,,,,,,,,,,,,,,,,,,Jonathan Perez,"FW,MF",Nashville SC,22-320,,,,,,,,0.011578947368421053,0.022105263157894735,0.015789473684210527,-0.039999999999999994,6.1,1.79,MF,Unknown,0,MF
7939415971,1,2025,4,1,99,1.1,0.0,0.91,0.91,0.0,0.0,0.0,0.0,0.0,0.27,0.27,0.09,0.36,0.0,4.55,5.45,0.0,0.91,0.91,0.0,0.91,0.27,0.1,0.37,0.27,0.37,1.1,28.2,13.6,13.6,0.0,35.5,15.5,15.5,1.82,79.5,88.2,88.2,0.0,432.7,138.2,28.2,13.6,13.6,0.0,35.5,15.5,15.5,1.82,79.5,88.2,88.2,0.0,28.2,13.6,13.6,0.0,35.5,15.5,15.5,1.82,79.5,88.2,88.2,0.0,28.2,13.6,13.6,0.0,35.5,15.5,15.5,1.82,79.5,88.2,88.2,0.0,0.91,0.09,0.82,2.73,2.73,1.82,0.0,0.0,2.73,0.91,33.3,2.73,0.91,0.0,0.0,11.1,0.0,0.0,0.0,0.1,-0.27,-0.27,50.0,1.82,5.45,25.5,19.1,7.27,50.0,0.0,0.0,1.82,100.0,25.5,0.0,1.82,0.0,32.7,0.91,0.91,0.0,0.91,0.91,100.0,0.0,0.91,0.0,0.0,0.91,1.82,0.0,2.73,2.73,0.0,0.0,0.0,0.0,0.0,0.0,0.91,0.91,0.0,0.0,0.0,0.0,0.0,0.0,0.0,0.91,0.0,0.91,0.0,0.0,0.0,0.0,0.0,0.0,1.82,0.91,50.0,,,,,,,,,,,,,,,,,,,,,,,,,,,,,Nikola Petković,MF,Charlotte,22-284,,,,Nikola Petković,2025.0,420000.0,466250.0,0.0,0.8272727272727273,0.24545454545454545,-0.27,4.55,0.91,MF,Unknown,0,MF
1065487023,1,2025,8,5,504,5.6,0.0,0.0,0.0,0.0,0.0,0.0,0.18,0.0,0.07,0.07,0.16,0.23,1.79,5.89,7.32,0.0,0.0,0.0,0.0,0.0,0.07,0.16,0.23,0.07,0.23,5.6,27.9,15.0,10.5,1.25,33.9,17.1,12.3,1.61,82.1,87.5,85.5,77.8,409.3,89.1,27.9,15.0,10.5,1.25,33.9,17.1,12.3,1.61,82.1,87.5,85.5,77.8,27.9,15.0,10.5,1.25,33.9,17.1,12.3,1.61,82.1,87.5,85.5,77.8,27.9,15.0,10.5,1.25,33.9,17.1,12.3,1.61,82.1,87.5,85.5,77.8,0.0,0.23,-0.16,1.79,2.86,1.43,0.0,0.0,0.71,0.18,25.0,0.71,0.18,0.0,0.0,15.8,0.0,0.0,0.0,0.1,-0.07,-0.07,43.4,0.54,6.25,15.5,22.7,3.21,43.4,1.61,52.9,1.25,41.2,28.0,0.71,2.14,1.43,32.9,2.32,0.71,0.89,2.32,0.71,50.0,0.71,0.18,0.18,0.18,2.5,0.36,0.0,3.04,3.04,0.18,0.0,0.0,0.0,0.0,0.0,0.18,0.18,0.18,0.0,0.0,0.0,0.0,0.0,0.0,1.43,1.07,1.07,0.71,0.18,0.89,0.0,0.0,0.0,4.29,0.18,11.1,,,,,,,,,,,,,,,,,,,,,,,,,,,,,Hugo Picard,"MF,FW",Columbus Crew,22-209,,,,Hugo Picard,2025.0,675000.0,731244.0,0.0,0.0,0.012500000000000002,-0.07,7.68,2.5,MF,Unknown,0,MF
7664279049,3,2025,20,7,760,8.4,0.48,0.0,0.48,0.48,0.0,0.0,0.0,0.0,0.43,0.43,0.11,0.54,2.26,1.67,11.5,0.47,0.0,0.47,0.47,0.47,0.43,0.1,0.53,0.43,0.53,8.4,22.9,14.0,6.07,0.71,30.5,16.1,9.52,1.67,75.0,87.4,63.8,42.9,300.1,44.5,22.9,14.0,6.07,0.71,30.5,16.1,9.52,1.67,75.0,87.4,63.8,42.9,22.9,14.0,6.07,0.71,30.5,16.1,9.52,1.67,75.0,87.4,63.8,42.9,22.9,14.0,6.07,0.71,30.5,16.1,9.52,1.67,75.0,87.4,63.8,42.9,0.0,0.13,-0.11,0.24,1.19,0.48,0.12,0.48,2.38,1.07,45.0,2.37,1.07,0.2,0.44,12.8,0.0,0.0,0.0,0.18,0.05,0.05,42.4,1.19,6.07,14.3,22.6,4.05,42.4,0.6,38.5,0.95,61.5,25.7,0.71,2.02,0.95,29.5,2.38,0.48,2.14,2.38,0.48,66.7,0.24,0.48,0.48,0.36,2.74,1.31,0.0,1.43,1.42,0.12,0.0,0.0,0.0,0.0,0.0,0.24,0.24,0.12,0.0,0.0,0.0,0.0,0.0,0.0,1.55,1.31,0.6,3.1,0.36,2.14,0.0,0.0,0.0,2.98,1.67,56.0,,,,,,,,,,,,,,,,,,,,,,,,,,,,,Fafà Picault,"FW,MF",Inter Miami,34-284,,,,Fafà Picault,2025.0,600000.0,642000.0,0.05714285714285714,0.0,0.05119047619047619,0.04999999999999999,3.9299999999999997,2.7399999999999998,MF,Unknown,0,MF
1130412421,1,2025,24,20,1538,17.1,0.0,0.0,0.0,0.0,0.0,0.0,0.23,0.0,0.01,0.01,0.02,0.03,0.18,4.56,0.47,0.0,0.0,0.0,0.0,0.0,0.01,0.02,0.03,0.01,0.03,17.1,43.7,20.2,19.1,3.39,49.7,22.2,21.1,4.5,87.9,91.1,90.3,75.3,731.9,232.6,43.7,20.2,19.1,3.39,49.7,22.2,21.1,4.5,87.9,91.1,90.3,75.3,43.7,20.2,19.1,3.39,49.7,22.2,21.1,4.5,87.9,91.1,90.3,75.3,43.7,20.2,19.1,3.39,49.7,22.2,21.1,4.5,87.9,91.1,90.3,75.3,0.0,0.03,-0.02,0.41,3.98,0.29,0.0,0.0,0.18,0.06,33.3,0.18,0.06,0.0,0.0,24.7,0.0,0.0,0.0,0.04,-0.01,-0.01,59.3,3.57,18.7,34.2,6.73,0.23,59.3,0.06,25.0,0.18,75.0,29.8,0.0,0.82,0.23,36.5,1.81,1.05,1.05,1.81,1.05,47.4,1.17,1.17,0.88,1.81,3.63,2.4,0.06,1.11,1.11,0.0,0.0,0.0,0.0,0.06,0.0,0.0,0.0,0.0,0.0,0.0,0.0,0.06,0.0,0.0,1.46,0.88,0.06,0.06,1.81,1.05,0.0,0.0,0.0,5.67,0.88,55.6,,,,,,,,,,,,,,,,,,,,,,,,,,,,,Samuel Piette,MF,CF Montréal,31-022,Samuel Piette,Standard,2027,Samuel Piette,2025.0,535250.0,561016.0,0.0,0.0,0.0005847953216374269,-0.01,4.739999999999999,3.62,MF,Standard,0,MF
1244720377,2,2025,28,18,1520,16.9,0.0,0.12,0.12,0.0,0.0,0.0,0.41,0.0,0.03,0.03,0.1,0.13,0.36,2.84,1.18,0.0,0.12,0.12,0.0,0.12,0.03,0.1,0.13,0.03,0.13,16.9,53.6,28.5,20.6,3.25,59.8,30.8,22.4,4.38,89.6,92.5,92.1,74.3,850.1,229.5,53.6,28.5,20.6,3.25,59.8,30.8,22.4,4.38,89.6,92.5,92.1,74.3,53.6,28.5,20.6,3.25,59.8,30.8,22.4,4.38,89.6,92.5,92.1,74.3,53.6,28.5,20.6,3.25,59.8,30.8,22.4,4.38,89.6,92.5,92.1,74.3,0.12,0.08,0.02,0.59,4.2,0.3,0.0,0.0,0.53,0.24,44.4,0.53,0.24,0.0,0.0,24.7,0.0,0.0,0.0,0.06,-0.03,-0.03,69.8,3.08,24.6,36.5,9.11,0.71,69.8,0.06,12.5,0.36,75.0,37.2,0.0,1.36,1.07,52.8,2.31,1.18,1.07,2.31,1.18,55.6,0.95,1.6,1.3,0.95,3.25,1.12,0.06,1.66,1.66,0.0,0.0,0.0,0.0,0.0,0.0,0.18,0.18,0.0,0.0,0.0,0.0,0.0,0.0,0.0,1.3,0.95,0.0,0.06,0.95,1.07,0.0,0.0,0.0,4.44,0.53,56.3,,,,,,,,,,,,,,,,,,,,,,,,,,,,,Mauricio Pineda,MF,Chicago Fire,28-048,Mauricio Pineda,Standard,2026,Mauricio Pineda,2025.0,355012.0,475169.0,0.0,0.007100591715976332,0.001775147928994083,-0.03,3.1999999999999997,3.26,MF,Standard,0,MF
3034056030,1,2025,1,0,21,0.2,0.0,0.0,0.0,0.0,0.0,0.0,0.0,0.0,0.0,0.0,0.0,0.0,0.0,0.0,5.0,0.0,0.0,0.0,0.0,0.0,0.0,0.0,0.0,0.0,0.0,0.2,5.0,0.0,0.0,0.0,10.0,0.0,0.0,0.0,50.0,,,,0.0,0.0,5.0,0.0,0.0,0.0,10.0,0.0,0.0,0.0,50.0,,,,5.0,0.0,0.0,0.0,10.0,0.0,0.0,0.0,50.0,,,,5.0,0.0,0.0,0.0,10.0,0.0,0.0,0.0,50.0,,,,0.0,0.0,0.0,0.0,0.0,0.0,0.0,0.0,0.0,0.0,,0.0,0.0,,,,0.0,0.0,0.0,,0.0,0.0,15.0,0.0,0.0,10.0,5.0,0.0,15.0,0.0,,0.0,,10.0,0.0,5.0,0.0,10.0,0.0,0.0,0.0,0.0,0.0,,0.0,0.0,0.0,0.0,0.0,0.0,0.0,0.0,0.0,0.0,0.0,0.0,0.0,0.0,0.0,0.0,0.0,0.0,0.0,0.0,0.0,0.0,0.0,0.0,0.0,0.0,0.0,0.0,0.0,0.0,0.0,0.0,0.0,5.0,5.0,100.0,,,,,,,,,,,,,,,,,,,,,,,,,,,,,Dániel Pintér,MF,Inter Miami,18-181,,,,,,,,0.0,0.0,0.0,0.0,0.0,0.0,MF,Unknown,0,MF
3140809695,1,2025,24,12,903,10.0,0.1,0.1,0.2,0.1,0.0,0.0,0.0,0.1,0.16,0.16,0.03,0.19,0.6,1.0,4.9,0.1,0.1,0.2,0.1,0.2,0.16,0.03,0.19,0.16,0.19,10.0,11.5,6.0,3.4,0.8,14.8,7.3,4.6,0.9,77.7,82.2,73.9,88.9,161.9,20.6,11.5,6.0,3.4,0.8,14.8,7.3,4.6,0.9,77.7,82.2,73.9,88.9,11.5,6.0,3.4,0.8,14.8,7.3,4.6,0.9,77.7,82.2,73.9,88.9,11.5,6.0,3.4,0.8,14.8,7.3,4.6,0.9,77.7,82.2,73.9,88.9,0.1,0.03,0.07,0.7,0.4,0.2,0.0,0.1,1.3,0.2,15.4,1.3,0.2,0.08,0.5,18.8,0.0,0.0,0.0,0.12,-0.06,-0.06,24.7,0.6,1.4,11.9,11.7,2.8,24.7,0.4,28.6,0.7,50.0,16.0,0.5,3.8,2.0,19.1,0.3,0.1,0.2,0.3,0.1,33.3,0.2,0.7,0.7,0.2,0.5,0.5,0.0,1.7,1.69,0.1,0.0,0.1,0.0,0.0,0.0,0.2,0.2,0.1,0.0,0.1,0.0,0.0,0.0,0.0,1.1,0.8,0.8,0.2,0.2,0.2,0.0,0.0,0.0,1.3,1.2,30.8,,,,,,,,,,,,,,,,,,,,,,,,,,,,,Ariath Piol,"FW,MF",Real Salt Lake,21-054,Ariath Piol,U22 Initiative,2027,Ariath Piol,2025.0,282000.0,336859.0,0.01,0.01,0.016,-0.06,1.6,0.5,MF,U22,0,MF
917251352,2,2025,28,22,1892,21.0,0.33,0.14,0.48,0.33,0.0,0.0,0.1,0.0,0.24,0.24,0.18,0.42,2.71,5.24,4.81,0.33,0.14,0.48,0.33,0.48,0.24,0.18,0.42,0.24,0.42,21.0,26.2,13.5,9.52,2.24,32.0,15.7,11.2,2.71,81.8,86.3,85.1,82.5,416.8,115.4,26.2,13.5,9.52,2.24,32.0,15.7,11.2,2.71,81.8,86.3,85.1,82.5,26.2,13.5,9.52,2.24,32.0,15.7,11.2,2.71,81.8,86.3,85.1,82.5,26.2,13.5,9.52,2.24,32.0,15.7,11.2,2.71,81.8,86.3,85.1,82.5,0.14,0.15,-0.04,1.67,3.24,1.24,0.14,0.33,2.81,0.81,28.8,2.81,0.81,0.12,0.41,20.0,0.14,0.0,0.0,0.08,0.1,0.1,42.8,0.33,3.71,20.5,19.7,3.24,42.8,1.29,45.8,1.48,52.5,28.6,0.76,2.95,2.19,32.2,0.95,0.38,0.52,0.95,0.38,33.3,0.76,0.57,0.57,0.57,1.52,0.14,0.0,3.57,3.56,0.29,0.05,0.24,0.0,0.05,0.0,0.29,0.29,0.29,0.05,0.24,0.0,0.05,0.0,0.0,0.86,1.62,0.05,0.57,0.57,0.52,0.0,0.0,0.0,4.0,0.1,11.8,,,,,,,,,,,,,,,,,,,,,,,,,,,,,Gabriel Pirani,"MF,FW",D.C. United,23-236,Gabriel Pirani,U22 Initiative,2025,,,,,0.015714285714285715,0.006666666666666667,0.011428571428571429,0.09000000000000002,7.95,1.52,MF,U22,0,MF
2398822754,2,2025,26,26,2317,25.7,0.04,0.04,0.08,0.04,0.0,0.0,0.27,0.0,0.04,0.04,0.01,0.05,0.7,4.59,1.21,0.04,0.04,0.08,0.04,0.08,0.03,0.01,0.05,0.03,0.05,25.7,55.1,25.4,22.7,5.02,60.4,27.1,24.1,6.07,91.2,93.7,94.2,82.7,950.3,289.8,55.1,25.4,22.7,5.02,60.4,27.1,24.1,6.07,91.2,93.7,94.2,82.7,55.1,25.4,22.7,5.02,60.4,27.1,24.1,6.07,91.2,93.7,94.2,82.7,55.1,25.4,22.7,5.02,60.4,27.1,24.1,6.07,91.2,93.7,94.2,82.7,0.04,0.02,0.03,0.43,5.45,0.08,0.0,0.04,0.43,0.16,36.4,0.43,0.16,0.09,0.25,16.7,0.0,0.0,0.0,0.08,0.0,0.0,68.8,3.27,19.1,43.7,6.54,0.78,68.8,0.47,70.6,0.16,23.5,39.1,0.08,0.86,0.78,49.7,1.83,0.93,0.93,1.83,0.93,53.3,0.82,0.74,0.58,1.52,3.35,1.67,0.08,1.6,1.59,0.04,0.0,0.04,0.0,0.12,0.0,0.19,0.19,0.04,0.0,0.04,0.0,0.12,0.0,0.0,1.83,0.7,0.04,0.08,1.52,0.93,0.0,0.0,0.0,4.63,1.36,62.5,,,,,,,,,,,,,,,,,,,,,,,,,,,,,Matt Polster,MF,NE Revolution,32-179,Matt Polster,Standard,2025,Matt Polster,2025.0,625000.0,683333.0,0.0015564202334630351,0.0015564202334630351,0.0015564202334630351,0.0,5.29,3.35,MF,Standard,0,MF
1032117019,1,2025,28,16,1478,16.4,0.12,0.18,0.3,0.12,0.0,0.0,0.18,0.0,0.09,0.09,0.19,0.28,4.33,2.26,8.96,0.12,0.18,0.3,0.12,0.3,0.09,0.19,0.28,0.09,0.28,16.4,22.4,13.4,6.34,1.04,31.6,15.4,9.02,3.48,71.0,87.3,70.3,29.8,311.3,101.3,22.4,13.4,6.34,1.04,31.6,15.4,9.02,3.48,71.0,87.3,70.3,29.8,22.4,13.4,6.34,1.04,31.6,15.4,9.02,3.48,71.0,87.3,70.3,29.8,22.4,13.4,6.34,1.04,31.6,15.4,9.02,3.48,71.0,87.3,70.3,29.8,0.18,0.18,-0.01,1.46,1.59,1.65,0.91,0.12,1.89,0.37,19.4,1.89,0.37,0.06,0.33,19.4,0.0,0.0,0.0,0.05,0.04,0.04,42.5,1.1,5.91,15.7,21.9,4.27,42.5,2.07,54.0,1.65,42.9,27.4,2.2,1.95,1.28,29.6,2.32,1.1,1.4,2.32,1.1,46.2,1.28,0.49,0.37,0.79,3.11,0.79,0.0,3.96,3.96,0.43,0.06,0.18,0.0,0.18,0.0,0.24,0.24,0.43,0.06,0.18,0.0,0.18,0.0,0.0,1.77,1.52,0.37,3.9,0.79,1.4,0.0,0.06,0.0,4.33,0.18,27.3,,,,,,,,,,,,,,,,,,,,,,,,,,,,,Célio Pompeu,"FW,MF",St. Louis,25-359,,,,,,,,0.007317073170731708,0.010975609756097562,0.005487804878048781,0.03,6.59,3.11,MF,Unknown,0,MF
2049811616,1,2025,4,0,42,0.5,0.0,0.0,0.0,0.0,0.0,0.0,0.0,0.0,0.2,0.2,0.2,0.6,2.0,6.0,2.0,0.0,0.0,0.0,0.0,0.0,0.25,0.3,0.55,0.25,0.55,0.5,52.0,24.0,22.0,4.0,64.0,28.0,26.0,6.0,81.3,85.7,84.6,66.7,830.0,320.0,52.0,24.0,22.0,4.0,64.0,28.0,26.0,6.0,81.3,85.7,84.6,66.7,52.0,24.0,22.0,4.0,64.0,28.0,26.0,6.0,81.3,85.7,84.6,66.7,52.0,24.0,22.0,4.0,64.0,28.0,26.0,6.0,81.3,85.7,84.6,66.7,0.0,0.4,-0.2,2.0,6.0,2.0,2.0,0.0,2.0,2.0,100.0,2.14,2.14,0.0,0.0,17.7,0.0,0.0,0.0,0.12,-0.2,-0.2,78.0,4.0,14.0,44.0,20.0,2.0,78.0,0.0,0.0,2.0,100.0,48.0,0.0,2.0,4.0,58.0,4.0,0.0,4.0,4.0,0.0,0.0,2.0,0.0,0.0,0.0,4.0,4.0,0.0,4.0,4.29,0.0,0.0,0.0,0.0,0.0,0.0,0.0,0.0,0.0,0.0,0.0,0.0,0.0,0.0,0.0,2.0,4.0,0.0,2.0,0.0,4.0,0.0,0.0,0.0,8.0,2.0,100.0,,,,,,,,,,,,,,,,,,,,,,,,,,,,,Paxton Pomykal,MF,FC Dallas,25-352,Paxton Pomykal,TAM Player,2026,Paxton Pomykal,2025.0,1050000.0,1158000.0,0.0,0.0,0.4,-0.2,8.0,4.0,MF,TAM,0,MF
6124774911,1,2025,28,12,1223,13.6,0.15,0.07,0.22,0.15,0.0,0.0,0.15,0.0,0.13,0.13,0.15,0.29,3.53,2.5,6.54,0.15,0.07,0.22,0.15,0.22,0.13,0.16,0.29,0.13,0.29,13.6,20.1,11.8,6.4,0.88,26.0,13.8,8.01,1.54,77.3,86.1,79.8,57.1,286.0,61.6,20.1,11.8,6.4,0.88,26.0,13.8,8.01,1.54,77.3,86.1,79.8,57.1,20.1,11.8,6.4,0.88,26.0,13.8,8.01,1.54,77.3,86.1,79.8,57.1,20.1,11.8,6.4,0.88,26.0,13.8,8.01,1.54,77.3,86.1,79.8,57.1,0.07,0.13,-0.08,0.74,1.4,0.96,0.0,0.15,1.4,0.59,42.1,1.4,0.59,0.11,0.25,15.0,0.0,0.0,0.0,0.1,0.01,0.01,39.9,1.1,6.1,16.4,18.2,3.31,39.9,1.62,37.9,2.57,60.3,24.6,0.81,3.38,2.43,27.9,1.54,0.51,0.88,1.54,0.51,35.0,0.96,0.96,0.59,0.74,2.28,0.81,0.07,2.43,2.43,0.0,0.0,0.29,0.0,0.0,0.0,0.15,0.15,0.0,0.0,0.29,0.0,0.0,0.0,0.0,2.06,1.32,0.07,1.25,0.74,0.88,0.07,0.0,0.0,3.6,0.44,42.9,,,,,,,,,,,,,,,,,,,,,,,,,,,,,Ahmed Qasem,"FW,MF",Nashville SC,22-145,Ahmed Qasem,U22 Initiative,2027,Ahmed Qasem,2025.0,650000.0,650000.0,0.011029411764705883,0.0051470588235294126,0.009558823529411765,0.01999999999999999,6.029999999999999,2.2800000000000002,MF,U22,0,MF
3459196328,2,2025,1,0,11,0.1,0.0,0.0,0.0,0.0,0.0,0.0,0.0,0.0,0.0,0.0,1.0,1.0,20.0,0.0,30.0,0.0,0.0,0.0,0.0,0.0,0.0,0.57,0.57,0.0,0.57,0.1,20.0,10.0,10.0,0.0,30.0,20.0,10.0,0.0,66.7,50.0,100.0,,300.0,120.0,20.0,10.0,10.0,0.0,30.0,20.0,10.0,0.0,66.7,50.0,100.0,,20.0,10.0,10.0,0.0,30.0,20.0,10.0,0.0,66.7,50.0,100.0,,20.0,10.0,10.0,0.0,30.0,20.0,10.0,0.0,66.7,50.0,100.0,,0.0,1.0,-1.0,10.0,0.0,10.0,10.0,0.0,0.0,0.0,,0.0,0.0,,,,0.0,0.0,0.0,,0.0,0.0,90.0,0.0,10.0,10.0,70.0,40.0,90.0,0.0,,0.0,,60.0,20.0,50.0,0.0,50.0,0.0,0.0,0.0,0.0,0.0,,0.0,0.0,0.0,0.0,0.0,0.0,0.0,10.0,8.18,0.0,0.0,0.0,0.0,0.0,0.0,0.0,0.0,0.0,0.0,0.0,0.0,0.0,0.0,0.0,0.0,0.0,0.0,10.0,0.0,0.0,0.0,0.0,0.0,10.0,0.0,,,,,,,,,,,,,,,,,,,,,,,,,,,,,,Nelson Quiñones,MF,Houston Dynamo,23-106,Nelson Quiñones,U22 Initiative,2025,,,,,0.0,0.0,0.0,0.0,20.0,0.0,MF,U22,-1,MF
516554084,1,2025,20,13,1099,12.2,0.0,0.0,0.0,0.0,0.0,0.0,0.25,0.0,0.02,0.02,0.0,0.02,0.74,6.72,1.56,0.0,0.0,0.0,0.0,0.0,0.02,0.0,0.02,0.02,0.02,12.2,50.0,22.7,21.6,4.43,58.1,25.2,23.4,6.39,86.0,89.9,92.0,69.2,847.7,226.9,50.0,22.7,21.6,4.43,58.1,25.2,23.4,6.39,86.0,89.9,92.0,69.2,50.0,22.7,21.6,4.43,58.1,25.2,23.4,6.39,86.0,89.9,92.0,69.2,50.0,22.7,21.6,4.43,58.1,25.2,23.4,6.39,86.0,89.9,92.0,69.2,0.0,0.04,0.0,0.08,6.31,0.57,0.0,0.0,0.49,0.08,16.7,0.49,0.08,0.0,0.0,22.0,0.0,0.0,0.0,0.04,-0.02,-0.02,67.5,1.56,12.3,43.4,12.3,0.57,67.5,0.49,46.2,0.49,46.2,39.8,0.0,0.82,1.07,47.7,2.62,1.15,1.72,2.62,1.15,60.9,0.74,1.23,0.9,0.98,3.61,1.15,0.0,1.39,1.39,0.0,0.0,0.08,0.0,0.0,0.0,0.16,0.16,0.0,0.0,0.08,0.0,0.0,0.0,0.0,1.89,1.72,0.0,0.08,0.98,1.72,0.0,0.0,0.0,5.66,1.23,55.6,,,,,,,,,,,,,,,,,,,,,,,,,,,,,Nemanja Radoja,MF,Sporting KC,32-301,Nemanja Radoja,TAM Player,2025,Nemanja Radoja,2025.0,1300000.0,1390000.0,0.0,0.0,0.0016393442622950822,-0.02,7.46,3.6,MF,TAM,0,MF
6544788080,1,2025,15,2,287,3.2,0.0,0.0,0.0,0.0,0.0,0.0,0.0,0.0,0.03,0.03,0.03,0.06,1.25,2.19,1.25,0.0,0.0,0.0,0.0,0.0,0.04,0.02,0.06,0.04,0.06,3.2,27.2,13.4,10.3,1.25,35.3,14.7,13.8,2.81,77.0,91.5,75.0,44.4,392.2,160.9,27.2,13.4,10.3,1.25,35.3,14.7,13.8,2.81,77.0,91.5,75.0,44.4,27.2,13.4,10.3,1.25,35.3,14.7,13.8,2.81,77.0,91.5,75.0,44.4,27.2,13.4,10.3,1.25,35.3,14.7,13.8,2.81,77.0,91.5,75.0,44.4,0.0,0.03,-0.03,0.63,1.88,0.94,0.31,0.0,0.94,0.63,66.7,0.94,0.63,0.0,0.0,25.3,0.31,0.0,0.0,0.04,-0.03,-0.03,48.8,1.88,7.81,22.5,19.7,0.0,48.8,0.94,33.3,1.88,66.7,23.8,0.0,0.63,2.19,26.6,2.19,1.56,1.25,2.19,1.56,55.6,1.25,1.25,0.63,0.63,2.81,2.5,0.0,2.5,2.54,0.63,0.31,0.63,0.0,0.0,0.0,0.31,0.32,0.63,0.31,0.63,0.0,0.0,0.0,0.0,0.94,2.19,0.0,1.88,0.63,1.25,0.0,0.0,0.0,6.56,0.63,40.0,,,,,,,,,,,,,,,,,,,,,,,,,,,,,Jeremy Rafanello,MF,Philadelphia Union,25-234,Jeremy Rafanello,Homegrown,2026,Jeremy Rafanello,2025.0,140000.0,161125.0,0.0,0.0,0.009375,-0.03,3.44,2.82,MF,HG,0,MF
8483850138,2,2025,22,20,1695,18.8,0.0,0.0,0.0,0.0,0.0,0.0,0.43,0.05,0.01,0.01,0.02,0.03,0.32,3.24,0.53,0.0,0.0,0.0,0.0,0.0,0.01,0.02,0.03,0.01,0.03,18.8,44.4,25.2,16.1,1.38,48.4,26.6,17.6,1.6,91.7,94.8,91.8,86.7,637.8,160.5,44.4,25.2,16.1,1.38,48.4,26.6,17.6,1.6,91.7,94.8,91.8,86.7,44.4,25.2,16.1,1.38,48.4,26.6,17.6,1.6,91.7,94.8,91.8,86.7,44.4,25.2,16.1,1.38,48.4,26.6,17.6,1.6,91.7,94.8,91.8,86.7,0.0,0.03,-0.02,0.59,3.19,0.05,0.0,0.0,0.37,0.0,0.0,0.37,0.0,0.0,,22.8,0.0,0.0,0.0,0.03,-0.01,-0.01,55.8,1.65,13.6,32.6,10.0,0.21,55.8,0.37,50.0,0.27,35.7,35.6,0.0,0.85,0.74,42.3,1.44,0.8,1.33,1.44,0.8,62.5,0.48,0.9,0.59,1.01,2.45,0.9,0.05,1.38,1.38,0.0,0.0,0.21,0.0,0.0,0.0,0.0,0.0,0.0,0.0,0.21,0.0,0.0,0.0,0.05,1.76,1.91,0.0,0.11,1.01,1.33,0.0,0.0,0.0,2.82,0.11,10.0,,,,,,,,,,,,,,,,,,,,,,,,,,,,,Brooklyn Raines,MF,Houston Dynamo,20-268,Brooklyn Raines,Homegrown,2025,Brooklyn Raines,2025.0,125000.0,143063.0,0.0,0.0,0.0005319148936170213,-0.01,3.56,2.45,MF,HG,0,MF
2829320307,1,2025,1,0,1,0.0,0.0,0.0,0.0,0.0,0.0,0.0,0.0,0.0,0.0,0.0,0.1,0.1,0.0,1.0,1.0,0.0,0.0,0.0,0.0,0.0,0.0,5.93,5.93,0.0,5.93,0.0,8.0,5.0,2.0,0.0,8.0,5.0,2.0,0.0,100.0,100.0,100.0,,98.0,53.0,8.0,5.0,2.0,0.0,8.0,5.0,2.0,0.0,100.0,100.0,100.0,,8.0,5.0,2.0,0.0,8.0,5.0,2.0,0.0,100.0,100.0,100.0,,8.0,5.0,2.0,0.0,8.0,5.0,2.0,0.0,100.0,100.0,100.0,,0.0,0.0,-0.1,1.0,1.0,0.0,0.0,0.0,0.0,0.0,,0.0,0.0,,,,0.0,0.0,0.0,,0.0,0.0,8.0,0.0,2.0,5.0,2.0,0.0,8.0,0.0,,0.0,,4.0,0.0,0.0,0.0,7.0,0.0,0.0,0.0,0.0,0.0,,0.0,0.0,0.0,0.0,0.0,0.0,0.0,1.0,90.0,0.0,0.0,0.0,0.0,0.0,0.0,0.0,0.0,0.0,0.0,0.0,0.0,0.0,0.0,0.0,0.0,1.0,0.0,0.0,0.0,0.0,0.0,0.0,0.0,1.0,0.0,,,,,,,,,,,,,,,,,,,,,,,,,,,,,,Anthony Ramirez,MF,FC Dallas,19-347,Anthony Ramirez,Homegrown,2025,,,,,,,,0.0,1.0,0.0,MF,HG,0,MF
3828526450,3,2025,25,10,917,10.2,0.39,0.1,0.49,0.39,0.0,0.0,0.1,0.0,0.37,0.37,0.18,0.55,0.2,2.45,3.73,0.39,0.1,0.49,0.39,0.49,0.38,0.17,0.55,0.38,0.55,10.2,11.9,6.67,3.73,0.49,16.7,8.33,5.49,1.08,71.2,80.0,67.9,45.5,176.8,54.7,11.9,6.67,3.73,0.49,16.7,8.33,5.49,1.08,71.2,80.0,67.9,45.5,11.9,6.67,3.73,0.49,16.7,8.33,5.49,1.08,71.2,80.0,67.9,45.5,11.9,6.67,3.73,0.49,16.7,8.33,5.49,1.08,71.2,80.0,67.9,45.5,0.1,0.09,-0.08,1.18,1.37,0.59,0.0,0.39,2.25,0.88,39.1,2.26,0.88,0.17,0.44,10.5,0.0,0.0,0.0,0.17,0.02,0.02,24.3,1.27,2.25,12.3,9.8,3.63,24.3,0.1,25.0,0.29,75.0,12.5,0.2,1.27,0.69,16.7,0.49,0.29,0.2,0.49,0.29,60.0,0.2,0.59,0.59,0.2,0.69,0.98,0.0,1.47,1.47,0.0,0.0,0.1,0.1,0.0,0.0,0.2,0.2,0.0,0.0,0.1,0.1,0.0,0.0,0.0,0.59,0.98,0.59,0.2,0.2,0.2,0.0,0.0,0.0,1.47,1.18,32.4,,,,,,,,,,,,,,,,,,,,,,,,,,,,,Christian Ramirez,"FW,MF",LA Galaxy,34-244,,,,Christian Ramirez,2025.0,525000.0,570833.0,0.03823529411764706,0.009803921568627453,0.03627450980392157,0.020000000000000018,2.6500000000000004,0.69,MF,Unknown,0,MF
8396890781,2,2025,6,1,130,1.4,0.0,0.0,0.0,0.0,0.0,0.0,0.0,0.0,0.5,0.5,0.0,0.5,1.43,3.57,3.57,0.0,0.0,0.0,0.0,0.0,0.49,0.01,0.51,0.49,0.51,1.4,27.1,13.6,10.0,0.71,30.7,15.7,10.0,1.43,88.4,86.4,100.0,50.0,370.0,98.6,27.1,13.6,10.0,0.71,30.7,15.7,10.0,1.43,88.4,86.4,100.0,50.0,27.1,13.6,10.0,0.71,30.7,15.7,10.0,1.43,88.4,86.4,100.0,50.0,27.1,13.6,10.0,0.71,30.7,15.7,10.0,1.43,88.4,86.4,100.0,50.0,0.0,0.0,0.0,0.71,1.43,0.0,0.0,0.0,5.0,2.14,42.9,4.85,2.08,0.0,0.0,17.1,0.0,0.0,0.0,0.1,-0.5,-0.5,43.6,0.71,6.43,20.0,18.6,4.29,43.6,3.57,71.4,0.71,14.3,30.7,0.0,2.14,0.71,34.3,0.0,0.0,0.0,0.0,0.0,,0.0,1.43,1.43,1.43,1.43,0.71,0.0,0.71,0.69,0.0,0.0,0.0,0.0,0.0,0.0,0.0,0.0,0.0,0.0,0.0,0.0,0.0,0.0,0.0,0.71,0.71,0.0,0.71,1.43,0.0,0.0,0.0,0.0,2.14,0.71,50.0,,,,,,,,,,,,,,,,,,,,,,,,,,,,,Rubén Ramos,"MF,FW",LA Galaxy,18-316,,,,Rubén Ramos,2025.0,80622.0,80622.0,0.0,0.0,0.35714285714285715,-0.5,5.0,1.43,MF,Unknown,0,MF
9917295709,1,2025,20,8,882,9.8,0.0,0.1,0.1,0.0,0.0,0.0,0.51,0.0,0.02,0.02,0.03,0.06,1.22,6.53,1.22,0.0,0.1,0.1,0.0,0.1,0.02,0.04,0.06,0.02,0.06,9.8,68.8,33.4,27.1,6.53,77.8,37.9,29.2,7.65,88.5,88.1,93.0,85.3,1145.9,321.5,68.8,33.4,27.1,6.53,77.8,37.9,29.2,7.65,88.5,88.1,93.0,85.3,68.8,33.4,27.1,6.53,77.8,37.9,29.2,7.65,88.5,88.1,93.0,85.3,68.8,33.4,27.1,6.53,77.8,37.9,29.2,7.65,88.5,88.1,93.0,85.3,0.1,0.08,0.07,0.41,7.14,0.51,0.1,0.0,0.31,0.0,0.0,0.31,0.0,0.0,,24.3,0.0,0.0,0.0,0.08,-0.02,-0.02,85.4,1.84,19.4,53.2,13.8,1.02,85.4,0.82,80.0,0.2,20.0,51.7,0.2,1.84,1.12,66.5,2.04,1.22,1.22,2.04,1.22,46.2,1.43,1.12,0.82,0.82,2.86,0.82,0.1,1.73,1.74,0.1,0.1,0.0,0.0,0.0,0.0,0.1,0.1,0.1,0.1,0.0,0.0,0.0,0.0,0.0,2.45,1.12,0.0,0.2,0.82,1.22,0.0,0.0,0.0,6.53,0.61,75.0,,,,,,,,,,,,,,,,,,,,,,,,,,,,,Federico Redondo,MF,Inter Miami,22-320,Federico Redondo,U22 Initiative,2027,,,,,0.0,0.01020408163265306,0.002040816326530612,-0.02,7.75,2.86,MF,U22,0,MF
4387109799,1,2025,11,4,496,5.5,0.18,0.0,0.18,0.18,0.0,0.0,0.55,0.0,0.13,0.13,0.02,0.15,0.73,4.55,3.27,0.18,0.0,0.18,0.18,0.18,0.12,0.02,0.15,0.12,0.15,5.5,44.0,20.7,20.2,2.36,51.8,22.2,23.5,3.45,84.9,93.4,86.0,68.4,734.5,158.5,44.0,20.7,20.2,2.36,51.8,22.2,23.5,3.45,84.9,93.4,86.0,68.4,44.0,20.7,20.2,2.36,51.8,22.2,23.5,3.45,84.9,93.4,86.0,68.4,44.0,20.7,20.2,2.36,51.8,22.2,23.5,3.45,84.9,93.4,86.0,68.4,0.0,0.04,-0.02,0.73,5.82,0.18,0.0,0.18,0.73,0.36,50.0,0.73,0.36,0.25,0.5,12.2,0.0,0.0,0.0,0.17,0.05,0.05,63.1,2.18,11.5,37.8,14.5,0.91,63.1,0.36,20.0,0.91,50.0,34.2,0.36,1.27,1.64,42.5,1.82,1.27,1.27,1.82,1.27,46.7,1.45,1.82,1.27,1.64,3.45,1.27,0.18,2.55,2.54,0.0,0.0,0.18,0.0,0.0,0.0,0.0,0.0,0.0,0.0,0.18,0.0,0.0,0.0,0.0,1.82,2.55,0.0,0.55,1.64,1.27,0.0,0.0,0.0,6.91,0.55,60.0,,,,,,,,,,,,,,,,,,,,,,,,,,,,,William Reilly,MF,Atlanta Utd,23-001,William Reilly,Homegrown,2025,,,,,0.03272727272727272,0.0,0.023636363636363636,0.04999999999999999,5.279999999999999,3.46,MF,HG,0,MF
3572596292,2,2025,21,17,1482,16.5,0.3,0.48,0.79,0.3,0.0,0.0,0.06,0.0,0.24,0.24,0.37,0.61,1.94,7.09,4.36,0.3,0.49,0.79,0.3,0.79,0.24,0.37,0.61,0.24,0.61,16.5,44.4,23.4,16.4,2.97,53.4,25.6,18.9,4.79,83.2,91.3,86.5,62.0,693.1,179.8,44.4,23.4,16.4,2.97,53.4,25.6,18.9,4.79,83.2,91.3,86.5,62.0,44.4,23.4,16.4,2.97,53.4,25.6,18.9,4.79,83.2,91.3,86.5,62.0,44.4,23.4,16.4,2.97,53.4,25.6,18.9,4.79,83.2,91.3,86.5,62.0,0.48,0.27,0.12,2.85,4.24,2.48,0.24,0.3,1.7,0.67,39.3,1.7,0.67,0.18,0.45,15.6,0.24,0.0,0.0,0.16,0.07,0.07,60.1,0.85,4.61,28.4,28.1,3.52,60.1,0.61,50.0,0.48,40.0,37.2,0.18,0.91,0.61,46.5,1.27,0.24,0.97,1.27,0.24,44.4,0.3,0.42,0.3,0.48,1.76,0.67,0.06,4.55,4.55,0.12,0.0,0.12,0.0,0.24,0.0,0.61,0.61,0.12,0.0,0.12,0.0,0.24,0.0,0.0,0.36,0.97,0.24,3.15,0.48,0.97,0.0,0.0,0.0,2.73,0.0,0.0,,,,,,,,,,,,,,,,,,,,,,,,,,,,,Marco Reus,"MF,FW",LA Galaxy,36-187,Marco Reus,TAM Player,2026,Marco Reus,2025.0,880000.0,1136667.0,0.01818181818181818,0.02909090909090909,0.014545454545454545,0.06,9.03,1.75,MF,TAM,0,MF
8861161874,1,2025,14,6,614,6.8,0.44,0.44,0.88,0.44,0.0,0.0,0.44,0.0,0.32,0.32,0.07,0.4,2.21,3.82,6.91,0.44,0.44,0.88,0.44,0.88,0.32,0.07,0.39,0.32,0.39,6.8,46.2,23.1,18.5,2.79,51.6,25.0,20.0,3.82,89.5,92.4,92.6,73.1,736.0,144.0,46.2,23.1,18.5,2.79,51.6,25.0,20.0,3.82,89.5,92.4,92.6,73.1,46.2,23.1,18.5,2.79,51.6,25.0,20.0,3.82,89.5,92.4,92.6,73.1,46.2,23.1,18.5,2.79,51.6,25.0,20.0,3.82,89.5,92.4,92.6,73.1,0.44,0.13,0.37,0.44,2.94,1.47,0.15,0.44,2.35,1.03,43.8,2.35,1.03,0.19,0.43,18.7,0.0,0.0,0.0,0.14,0.12,0.12,64.0,1.47,8.53,31.0,24.9,2.65,64.0,1.91,54.2,1.47,41.7,41.9,0.74,2.5,1.03,49.1,2.21,0.74,1.62,2.21,0.74,20.0,2.94,0.88,0.88,0.88,3.09,1.03,0.0,2.94,2.93,0.0,0.0,0.29,0.0,0.15,0.15,0.59,0.59,0.0,0.0,0.29,0.0,0.15,0.15,0.0,2.06,1.76,0.29,0.74,0.88,1.62,0.0,0.0,0.0,5.29,0.44,37.5,,,,,,,,,,,,,,,,,,,,,,,,,,,,,Baltasar Rodríguez,"MF,FW",Inter Miami,22-148,,,,Baltasar Rodríguez,2025.0,440000.0,440000.0,0.06470588235294118,0.06470588235294118,0.047058823529411764,0.12,6.029999999999999,3.09,MF,Unknown,0,MF
723111160,3,2025,19,7,654,7.3,0.0,0.0,0.0,0.0,0.0,0.0,0.41,0.0,0.04,0.04,0.29,0.33,1.1,8.49,3.01,0.0,0.0,0.0,0.0,0.0,0.04,0.29,0.33,0.04,0.33,7.3,47.1,20.0,16.8,9.04,58.6,22.2,19.9,14.1,80.4,90.1,84.8,64.1,961.2,373.4,47.1,20.0,16.8,9.04,58.6,22.2,19.9,14.1,80.4,90.1,84.8,64.1,47.1,20.0,16.8,9.04,58.6,22.2,19.9,14.1,80.4,90.1,84.8,64.1,47.1,20.0,16.8,9.04,58.6,22.2,19.9,14.1,80.4,90.1,84.8,64.1,0.0,0.37,-0.29,2.05,7.67,1.51,0.27,0.0,1.23,0.14,11.1,1.24,0.14,0.0,0.0,26.2,0.41,0.0,0.0,0.04,-0.04,-0.04,65.9,1.37,9.73,34.8,21.6,1.23,65.9,0.14,50.0,0.14,50.0,32.2,0.27,0.96,0.82,47.7,2.6,1.37,1.78,2.6,1.37,50.0,1.37,0.68,0.68,0.41,3.01,0.68,0.0,4.25,4.26,0.0,0.0,0.14,0.0,0.14,0.0,0.14,0.14,0.0,0.0,0.14,0.0,0.14,0.0,0.0,2.19,1.37,0.0,5.62,0.41,1.78,0.0,0.14,0.0,4.11,0.27,22.2,,,,,,,,,,,,,,,,,,,,,,,,,,,,,Memo Rodriguez,MF,Sporting KC,29-342,,,,,,,,0.0,0.0,0.005479452054794521,-0.04,9.59,3.0100000000000002,MF,Unknown,0,MF
6364950984,1,2025,12,2,220,2.4,0.42,0.0,0.42,0.42,0.0,0.0,0.42,0.0,0.38,0.38,0.17,0.5,1.25,3.33,6.25,0.41,0.0,0.41,0.41,0.41,0.35,0.15,0.5,0.35,0.5,2.4,27.5,15.0,9.58,1.67,33.8,16.3,10.8,3.75,81.5,92.3,88.5,44.4,410.0,72.9,27.5,15.0,9.58,1.67,33.8,16.3,10.8,3.75,81.5,92.3,88.5,44.4,27.5,15.0,9.58,1.67,33.8,16.3,10.8,3.75,81.5,92.3,88.5,44.4,27.5,15.0,9.58,1.67,33.8,16.3,10.8,3.75,81.5,92.3,88.5,44.4,0.0,0.13,-0.17,1.67,0.83,1.25,0.0,0.42,1.67,1.25,75.0,1.64,1.23,0.25,0.33,22.6,0.42,0.0,0.0,0.21,0.04,0.04,48.3,0.83,7.5,17.9,22.9,2.92,48.3,0.83,40.0,1.25,60.0,25.0,0.83,2.08,0.83,34.6,0.83,0.0,0.42,0.83,0.0,0.0,0.83,2.5,2.5,0.42,1.25,2.08,0.0,2.92,2.88,0.42,0.0,0.0,0.0,0.0,0.0,0.0,0.0,0.42,0.0,0.0,0.0,0.0,0.0,0.0,1.67,2.5,0.0,2.08,0.42,0.42,0.0,0.0,0.0,0.83,1.67,80.0,,,,,,,,,,,,,,,,,,,,,,,,,,,,,Nicolás Rodríguez,"MF,FW",Orlando City,21-223,,,,Nicolás Rodríguez,2025.0,180000.0,200500.0,0.175,0.0,0.15833333333333335,0.03999999999999998,4.58,1.25,MF,Unknown,0,MF
4598072253,2,2025,7,5,352,3.9,0.26,0.0,0.26,0.26,0.0,0.0,0.0,0.0,0.18,0.18,0.15,0.33,1.28,4.62,4.87,0.26,0.0,0.26,0.26,0.26,0.18,0.16,0.34,0.18,0.34,3.9,31.0,14.1,9.23,6.92,45.4,16.9,12.8,12.1,68.4,83.3,72.0,57.4,632.3,216.9,31.0,14.1,9.23,6.92,45.4,16.9,12.8,12.1,68.4,83.3,72.0,57.4,31.0,14.1,9.23,6.92,45.4,16.9,12.8,12.1,68.4,83.3,72.0,57.4,31.0,14.1,9.23,6.92,45.4,16.9,12.8,12.1,68.4,83.3,72.0,57.4,0.0,0.18,-0.15,2.82,3.08,0.26,0.26,0.26,3.59,1.54,42.9,3.58,1.53,0.07,0.17,24.6,1.03,0.0,0.0,0.05,0.08,0.08,54.4,0.26,5.38,25.6,23.3,2.05,54.4,1.03,50.0,1.03,50.0,34.4,0.26,2.31,0.51,40.3,0.51,0.26,0.51,0.51,0.26,25.0,0.77,0.51,0.51,0.26,0.77,0.0,0.26,4.62,4.6,0.0,0.0,0.0,0.0,0.0,0.0,0.26,0.26,0.0,0.0,0.0,0.0,0.0,0.0,0.0,1.03,0.77,0.51,6.67,0.26,0.51,0.0,0.0,0.0,3.59,0.77,60.0,,,,,,,,,,,,,,,,,,,,,,,,,,,,,Matías Rojas,"MF,FW",Portland Timbers,30-031,,,,Matías Rojas,2025.0,559929.0,743262.0,0.06666666666666667,0.0,0.046153846153846156,0.08000000000000002,5.9,0.77,MF,Unknown,0,MF
687176513,3,2025,31,30,2632,29.2,0.03,0.07,0.1,0.03,0.0,0.0,0.1,0.0,0.07,0.07,0.09,0.16,1.03,8.32,1.85,0.03,0.07,0.1,0.03,0.1,0.07,0.09,0.16,0.07,0.16,29.2,62.6,26.0,27.4,7.43,71.0,28.6,29.6,9.69,88.2,91.1,92.6,76.7,1141.4,348.4,62.6,26.0,27.4,7.43,71.0,28.6,29.6,9.69,88.2,91.1,92.6,76.7,62.6,26.0,27.4,7.43,71.0,28.6,29.6,9.69,88.2,91.1,92.6,76.7,62.6,26.0,27.4,7.43,71.0,28.6,29.6,9.69,88.2,91.1,92.6,76.7,0.07,0.12,-0.02,1.16,9.38,0.86,0.21,0.03,1.16,0.45,38.2,1.16,0.44,0.03,0.08,19.2,0.0,0.0,0.0,0.06,-0.03,-0.03,83.3,3.56,17.4,49.4,17.1,1.71,83.3,0.86,61.0,0.48,34.1,50.9,0.1,1.16,0.72,61.7,2.74,1.68,1.58,2.74,1.68,56.3,1.3,1.61,1.3,1.34,4.08,1.44,0.07,3.08,3.08,0.07,0.0,0.17,0.03,0.03,0.0,0.34,0.34,0.07,0.0,0.17,0.03,0.03,0.0,0.0,1.1,1.78,0.1,0.72,1.34,1.58,0.0,0.03,0.0,6.2,1.51,53.7,,,,,,,,,,,,,,,,,,,,,,,,,,,,,Cristian Roldan,MF,Seattle Sounders,30-184,Cristian Roldan,TAM Player,2027,,,,,0.0010273972602739725,0.002397260273972603,0.002397260273972603,-0.04000000000000001,9.35,4.08,MF,TAM,0,MF
8228660494,1,2025,24,10,1019,11.3,0.0,0.0,0.0,0.0,0.0,0.0,0.09,0.0,0.05,0.05,0.12,0.17,0.71,8.32,2.83,0.0,0.0,0.0,0.0,0.0,0.05,0.12,0.17,0.05,0.17,11.3,65.6,30.3,28.1,5.84,77.7,31.8,31.4,11.2,84.4,95.3,89.3,52.4,1152.8,388.5,65.6,30.3,28.1,5.84,77.7,31.8,31.4,11.2,84.4,95.3,89.3,52.4,65.6,30.3,28.1,5.84,77.7,31.8,31.4,11.2,84.4,95.3,89.3,52.4,65.6,30.3,28.1,5.84,77.7,31.8,31.4,11.2,84.4,95.3,89.3,52.4,0.0,0.18,-0.12,1.86,7.61,1.5,0.8,0.0,0.71,0.27,37.5,0.71,0.26,0.0,0.0,21.4,0.0,0.0,0.0,0.07,-0.05,-0.05,87.2,3.98,20.1,47.5,20.0,0.97,87.2,0.8,69.2,0.35,30.8,52.7,0.0,1.24,0.53,64.6,1.24,0.71,0.71,1.24,0.71,47.1,0.8,1.77,0.97,0.8,2.04,2.39,0.09,3.27,3.27,0.09,0.0,0.09,0.0,0.0,0.0,0.0,0.0,0.09,0.0,0.09,0.0,0.0,0.0,0.0,0.53,0.53,0.0,4.6,0.8,0.71,0.0,0.0,0.0,3.72,0.0,0.0,,,,,,,,,,,,,,,,,,,,,,,,,,,,,Connor Ronan,MF,Colorado Rapids,27-273,Connor Ronan,Standard,2026,Connor Ronan,2025.0,490000.0,542400.0,0.0,0.0,0.004424778761061947,-0.05,9.030000000000001,2.04,MF,Standard,0,MF
5756997019,2,2025,29,29,2496,27.7,0.58,0.11,0.69,0.47,0.11,0.11,0.11,0.0,0.48,0.4,0.16,0.56,3.83,5.34,7.11,0.58,0.11,0.69,0.47,0.58,0.48,0.16,0.64,0.4,0.56,27.7,32.5,18.7,10.2,1.26,41.5,20.9,12.6,3.18,78.2,89.5,81.1,39.8,444.0,115.8,32.5,18.7,10.2,1.26,41.5,20.9,12.6,3.18,78.2,89.5,81.1,39.8,32.5,18.7,10.2,1.26,41.5,20.9,12.6,3.18,78.2,89.5,81.1,39.8,32.5,18.7,10.2,1.26,41.5,20.9,12.6,3.18,78.2,89.5,81.1,39.8,0.11,0.23,-0.05,1.3,3.21,1.59,0.11,0.58,3.29,1.44,44.0,3.28,1.44,0.14,0.33,17.6,0.25,0.11,0.11,0.12,0.09,0.07,52.5,0.32,2.74,19.2,31.0,5.96,52.4,1.23,40.0,1.62,52.9,36.2,1.44,2.09,2.49,43.1,0.22,0.11,0.11,0.22,0.11,30.0,0.25,0.87,0.87,0.32,0.54,0.4,0.0,3.39,3.39,0.25,0.0,0.22,0.0,0.0,0.0,0.25,0.25,0.25,0.0,0.22,0.0,0.0,0.0,0.0,0.69,1.55,0.18,3.07,0.32,0.11,0.0,0.0,0.0,2.31,0.11,16.7,,,,,,,,,,,,,,,,,,,,,,,,,,,,,Diego Rossi,"FW,MF",Columbus Crew,27-274,Diego Rossi,Designated Player,2026,Diego Rossi,2025.0,2725000.0,3426827.0,0.020938628158844765,0.003971119133574007,0.017328519855595668,0.09999999999999998,9.17,0.54,MF,DP,0,MF
1483185201,2,2025,33,27,2163,24.0,0.17,0.21,0.38,0.17,0.0,0.0,0.17,0.0,0.19,0.19,0.23,0.42,3.25,1.58,11.0,0.17,0.21,0.37,0.17,0.37,0.19,0.23,0.42,0.19,0.42,24.0,25.4,14.0,9.54,1.25,33.7,16.3,12.0,2.67,75.4,85.5,79.2,46.9,381.6,72.3,25.4,14.0,9.54,1.25,33.7,16.3,12.0,2.67,75.4,85.5,79.2,46.9,25.4,14.0,9.54,1.25,33.7,16.3,12.0,2.67,75.4,85.5,79.2,46.9,25.4,14.0,9.54,1.25,33.7,16.3,12.0,2.67,75.4,85.5,79.2,46.9,0.21,0.2,-0.02,1.38,0.71,1.04,0.46,0.17,1.5,0.46,30.6,1.5,0.46,0.11,0.36,14.6,0.0,0.0,0.0,0.13,-0.02,-0.02,43.8,1.04,6.42,13.8,24.2,4.79,43.8,0.79,32.8,1.5,62.1,30.0,2.08,1.96,1.42,32.3,0.96,0.33,0.5,0.96,0.33,25.8,0.96,1.0,0.92,0.46,1.42,0.71,0.04,2.67,2.66,0.08,0.0,0.33,0.08,0.0,0.0,0.46,0.46,0.08,0.0,0.33,0.08,0.0,0.0,0.0,1.83,1.92,0.54,3.29,0.46,0.5,0.04,0.0,0.0,3.13,0.33,22.2,,,,,,,,,,,,,,,,,,,,,,,,,,,,,Paul Rothrock,"FW,MF",Seattle Sounders,26-329,Paul Rothrock,Standard,2025,Paul Rothrock,2025.0,104000.0,104000.0,0.007083333333333334,0.008749999999999999,0.007916666666666667,-0.01999999999999999,4.83,1.42,MF,Standard,0,MF
8812396359,3,2025,25,11,936,10.4,0.19,0.19,0.38,0.19,0.0,0.0,0.29,0.0,0.15,0.15,0.12,0.27,1.15,6.54,4.13,0.19,0.19,0.38,0.19,0.38,0.15,0.11,0.27,0.15,0.27,10.4,30.3,13.6,11.0,3.94,37.7,15.7,13.2,5.48,80.4,86.5,83.2,71.9,524.4,176.9,30.3,13.6,11.0,3.94,37.7,15.7,13.2,5.48,80.4,86.5,83.2,71.9,30.3,13.6,11.0,3.94,37.7,15.7,13.2,5.48,80.4,86.5,83.2,71.9,30.3,13.6,11.0,3.94,37.7,15.7,13.2,5.48,80.4,86.5,83.2,71.9,0.19,0.11,0.08,1.25,4.62,1.44,0.0,0.19,2.31,0.58,25.0,2.31,0.58,0.08,0.33,20.6,0.19,0.0,0.0,0.07,0.04,0.04,48.4,1.25,7.12,22.8,19.4,1.73,48.4,0.29,21.4,0.96,71.4,28.4,0.29,1.83,1.06,36.6,2.02,0.58,1.25,2.02,0.58,30.0,1.35,1.35,1.25,0.67,2.69,0.96,0.0,2.79,2.79,0.0,0.0,0.38,0.0,0.0,0.0,0.29,0.29,0.0,0.0,0.38,0.0,0.0,0.0,0.0,1.25,2.5,0.1,1.35,0.67,1.25,0.0,0.0,0.0,3.37,1.35,35.9,,,,,,,,,,,,,,,,,,,,,,,,,,,,,Diego Rubio,"FW,MF",Austin,32-203,Diego Rubio,Standard,2025,Diego Rubio,2025.0,208000.0,208000.0,0.01826923076923077,0.01826923076923077,0.014423076923076922,0.04000000000000001,7.6899999999999995,2.69,MF,Standard,0,MF
6265539602,3,2025,4,2,129,1.4,0.0,0.0,0.0,0.0,0.0,0.0,0.0,0.0,0.36,0.36,0.07,0.43,0.0,4.29,3.57,0.0,0.0,0.0,0.0,0.0,0.35,0.06,0.41,0.35,0.41,1.4,34.3,15.7,14.3,2.86,37.9,16.4,15.0,2.86,90.6,95.7,95.2,100.0,552.9,97.1,34.3,15.7,14.3,2.86,37.9,16.4,15.0,2.86,90.6,95.7,95.2,100.0,34.3,15.7,14.3,2.86,37.9,16.4,15.0,2.86,90.6,95.7,95.2,100.0,34.3,15.7,14.3,2.86,37.9,16.4,15.0,2.86,90.6,95.7,95.2,100.0,0.0,0.0,-0.07,0.71,2.86,0.0,0.0,0.0,0.71,0.0,0.0,0.7,0.0,0.0,,5.6,0.0,0.0,0.0,0.5,-0.36,-0.36,50.0,0.71,13.6,26.4,11.4,1.43,50.0,2.14,50.0,1.43,33.3,29.3,0.0,0.71,1.43,35.7,5.0,2.14,2.14,5.0,2.14,75.0,0.71,0.0,0.0,0.71,5.71,0.71,0.0,2.86,2.79,0.71,0.0,0.71,0.71,0.0,0.0,0.71,0.7,0.71,0.0,0.71,0.71,0.0,0.0,0.0,1.43,2.14,0.0,0.71,0.71,2.14,0.0,0.0,0.0,5.71,2.14,75.0,,,,,,,,,,,,,,,,,,,,,,,,,,,,,David Ruíz,"MF,FW",Inter Miami,21-299,,,,David Ruíz,2025.0,104000.0,135887.0,0.0,0.0,0.2571428571428572,-0.36,4.29,5.71,MF,Unknown,0,MF
6798925390,3,2025,21,14,1207,13.4,0.0,0.07,0.07,0.0,0.0,0.0,0.3,0.0,0.06,0.06,0.21,0.26,1.04,6.42,1.87,0.0,0.07,0.07,0.0,0.07,0.06,0.21,0.26,0.06,0.26,13.4,47.8,20.0,18.7,7.91,59.6,22.2,21.8,12.7,80.2,90.2,86.0,62.4,938.5,331.8,47.8,20.0,18.7,7.91,59.6,22.2,21.8,12.7,80.2,90.2,86.0,62.4,47.8,20.0,18.7,7.91,59.6,22.2,21.8,12.7,80.2,90.2,86.0,62.4,47.8,20.0,18.7,7.91,59.6,22.2,21.8,12.7,80.2,90.2,86.0,62.4,0.07,0.17,-0.13,2.31,6.64,1.19,0.15,0.0,1.42,0.6,42.1,1.42,0.6,0.0,0.0,28.2,0.07,0.0,0.0,0.04,-0.06,-0.06,68.7,1.94,14.8,38.7,15.9,0.45,68.7,0.67,52.9,0.6,47.1,41.0,0.15,0.82,1.12,49.4,2.31,0.9,1.42,2.31,0.9,25.5,2.61,1.04,0.9,0.45,2.76,0.9,0.15,4.63,4.63,0.07,0.0,0.0,0.0,0.22,0.0,0.15,0.15,0.07,0.0,0.0,0.0,0.22,0.0,0.0,1.64,0.45,0.0,4.1,0.45,1.42,0.0,0.0,0.0,5.37,0.3,36.4,,,,,,,,,,,,,,,,,,,,,,,,,,,,,Pablo Ruíz,MF,Real Salt Lake,26-349,,,,,,,,0.0,0.0052238805970149255,0.004477611940298507,-0.06,7.46,2.7600000000000002,MF,Unknown,0,MF
8034393658,3,2025,29,23,2148,23.9,0.46,0.33,0.79,0.33,0.13,0.13,0.13,0.04,0.36,0.26,0.3,0.56,2.26,7.24,4.27,0.46,0.34,0.8,0.34,0.67,0.36,0.3,0.66,0.26,0.56,23.9,42.8,19.8,15.8,5.86,53.0,21.5,19.1,9.96,80.7,92.0,82.7,58.8,784.3,256.9,42.8,19.8,15.8,5.86,53.0,21.5,19.1,9.96,80.7,92.0,82.7,58.8,42.8,19.8,15.8,5.86,53.0,21.5,19.1,9.96,80.7,92.0,82.7,58.8,42.8,19.8,15.8,5.86,53.0,21.5,19.1,9.96,80.7,92.0,82.7,58.8,0.33,0.36,0.03,3.31,5.19,1.97,0.42,0.46,2.38,0.96,40.4,2.39,0.96,0.14,0.35,18.6,0.21,0.13,0.13,0.11,0.1,0.07,58.8,0.42,4.39,28.3,26.6,3.01,58.7,0.25,33.3,0.5,66.7,34.6,0.38,0.88,0.46,42.1,0.54,0.29,0.25,0.54,0.29,46.7,0.33,0.25,0.25,0.17,0.71,0.29,0.04,5.23,5.24,0.04,0.04,0.0,0.0,0.04,0.0,0.5,0.5,0.04,0.04,0.0,0.0,0.04,0.0,0.0,0.5,0.33,0.08,6.95,0.17,0.25,0.0,0.0,0.0,2.76,0.29,43.8,,,,,,,,,,,,,,,,,,,,,,,,,,,,,Albert Rusnák,"MF,FW",Seattle Sounders,31-150,Albert Rusnák,Designated Player,2026,Albert Rusnák,2025.0,2575000.0,2575000.0,0.019246861924686193,0.013807531380753139,0.01506276150627615,0.10000000000000003,9.5,0.7100000000000001,MF,DP,0,MF
5216541756,2,2025,12,4,348,3.9,0.51,0.0,0.51,0.51,0.0,0.0,0.26,0.0,0.26,0.26,0.1,0.36,3.08,5.13,7.69,0.52,0.0,0.52,0.52,0.52,0.26,0.1,0.36,0.26,0.36,3.9,30.0,16.2,11.0,2.05,39.5,17.9,14.4,4.62,76.0,90.0,76.8,44.4,466.4,111.3,30.0,16.2,11.0,2.05,39.5,17.9,14.4,4.62,76.0,90.0,76.8,44.4,30.0,16.2,11.0,2.05,39.5,17.9,14.4,4.62,76.0,90.0,76.8,44.4,30.0,16.2,11.0,2.05,39.5,17.9,14.4,4.62,76.0,90.0,76.8,44.4,0.0,0.1,-0.1,2.05,3.59,1.79,0.51,0.51,2.82,1.28,45.5,2.84,1.29,0.18,0.4,13.1,0.0,0.0,0.0,0.09,0.26,0.26,51.0,1.03,4.36,24.9,22.3,5.64,51.0,1.03,36.4,1.79,63.6,32.1,1.54,0.77,0.51,39.7,1.28,0.51,0.77,1.28,0.51,25.0,1.54,1.28,0.77,0.51,1.79,0.77,0.0,4.62,4.67,0.26,0.0,0.0,0.0,0.0,0.0,0.26,0.26,0.26,0.0,0.0,0.0,0.0,0.0,0.0,1.54,1.54,0.0,3.33,0.51,0.77,0.0,0.0,0.0,1.54,1.28,71.4,,,,,,,,,,,,,,,,,,,,,,,,,,,,,Johnny Russell,"FW,MF",Real Salt Lake,35-240,,,,Johnny Russell,2025.0,300000.0,325500.0,0.13076923076923078,0.0,0.06666666666666667,0.25,8.21,1.79,MF,Unknown,0,MF
4873776412,3,2025,31,19,1726,19.2,0.36,0.05,0.42,0.36,0.0,0.0,0.16,0.0,0.33,0.33,0.15,0.48,1.3,2.6,7.6,0.37,0.05,0.42,0.37,0.42,0.33,0.15,0.48,0.33,0.48,19.2,19.9,11.5,5.57,0.99,26.9,14.4,7.24,1.41,74.0,79.8,77.0,70.4,269.2,51.3,19.9,11.5,5.57,0.99,26.9,14.4,7.24,1.41,74.0,79.8,77.0,70.4,19.9,11.5,5.57,0.99,26.9,14.4,7.24,1.41,74.0,79.8,77.0,70.4,19.9,11.5,5.57,0.99,26.9,14.4,7.24,1.41,74.0,79.8,77.0,70.4,0.05,0.11,-0.1,1.3,1.46,0.89,0.16,0.36,2.5,1.09,43.8,2.5,1.1,0.15,0.33,16.1,0.0,0.0,0.0,0.13,0.04,0.04,37.6,0.42,2.29,15.5,20.2,5.16,37.6,0.63,34.3,1.2,65.7,22.6,0.47,3.18,1.25,28.8,0.63,0.21,0.26,0.63,0.21,30.8,0.47,0.57,0.52,0.26,0.89,0.36,0.0,2.4,2.4,0.1,0.0,0.0,0.0,0.16,0.0,0.1,0.1,0.1,0.0,0.0,0.0,0.16,0.0,0.0,1.3,0.73,0.1,0.47,0.26,0.26,0.0,0.0,0.0,2.14,1.2,47.9,,,,,,,,,,,,,,,,,,,,,,,,,,,,,Jacen Russell-Rowe,"FW,MF",Columbus Crew,23-082,Jacen Russell-Rowe,Homegrown,2025,Jacen Russell-Rowe,2025.0,120000.0,130789.0,0.01875,0.002604166666666667,0.0171875,0.02999999999999997,3.9000000000000004,0.89,MF,HG,0,MF
1735098180,1,2025,10,8,612,6.8,0.0,0.15,0.15,0.0,0.0,0.15,0.59,0.0,0.41,0.29,0.1,0.41,2.21,3.68,7.06,0.0,0.15,0.15,0.0,0.15,0.41,0.11,0.52,0.3,0.4,6.8,21.3,13.2,6.03,1.03,29.1,16.0,8.09,1.91,73.2,82.6,74.5,53.8,301.5,85.0,21.3,13.2,6.03,1.03,29.1,16.0,8.09,1.91,73.2,82.6,74.5,53.8,21.3,13.2,6.03,1.03,29.1,16.0,8.09,1.91,73.2,82.6,74.5,53.8,21.3,13.2,6.03,1.03,29.1,16.0,8.09,1.91,73.2,82.6,74.5,53.8,0.15,0.13,0.04,1.18,2.06,0.59,0.15,0.0,3.82,1.18,30.8,3.82,1.18,0.0,0.0,17.5,0.0,0.0,0.15,0.08,-0.41,-0.29,44.6,0.59,3.53,18.2,23.1,7.06,44.4,1.32,40.9,1.32,40.9,26.3,0.88,3.38,0.74,31.8,1.03,0.29,0.44,1.03,0.29,28.6,0.74,1.03,0.74,0.44,1.47,0.15,0.0,3.53,3.53,0.0,0.0,0.15,0.0,0.0,0.0,0.29,0.29,0.0,0.0,0.15,0.0,0.0,0.0,0.0,2.06,1.18,0.29,1.91,0.44,0.44,0.0,0.0,0.0,2.79,1.47,43.5,,,,,,,,,,,,,,,,,,,,,,,,,,,,,Rwan,"FW,MF",Real Salt Lake,24-198,,,,,,,,0.0,0.022058823529411766,0.060294117647058824,-0.41,5.890000000000001,1.47,MF,Unknown,0,MF
1111108150,1,2025,32,19,1759,19.5,0.05,0.0,0.05,0.05,0.0,0.0,0.36,0.0,0.07,0.07,0.07,0.14,0.87,3.69,1.44,0.05,0.0,0.05,0.05,0.05,0.07,0.07,0.14,0.07,0.14,19.5,35.2,16.7,15.4,2.15,42.2,18.5,17.5,4.46,83.5,90.3,88.0,48.3,584.9,158.9,35.2,16.7,15.4,2.15,42.2,18.5,17.5,4.46,83.5,90.3,88.0,48.3,35.2,16.7,15.4,2.15,42.2,18.5,17.5,4.46,83.5,90.3,88.0,48.3,35.2,16.7,15.4,2.15,42.2,18.5,17.5,4.46,83.5,90.3,88.0,48.3,0.0,0.07,-0.07,0.92,3.38,0.51,0.1,0.05,1.13,0.21,18.2,1.13,0.2,0.05,0.25,21.6,0.21,0.0,0.0,0.06,-0.02,-0.02,50.8,2.15,11.9,28.4,10.9,1.13,50.8,0.51,58.8,0.26,29.4,27.9,0.15,0.92,0.31,34.7,1.85,0.87,1.03,1.85,0.87,60.7,0.56,0.77,0.77,1.03,2.87,1.59,0.0,2.26,2.25,0.1,0.0,0.36,0.0,0.0,0.0,0.1,0.1,0.1,0.0,0.36,0.0,0.0,0.0,0.0,3.03,2.15,0.0,0.67,1.03,1.03,0.0,0.0,0.0,3.23,0.56,45.8,,,,,,,,,,,,,,,,,,,,,,,,,,,,,Besard Sabovic,MF,Austin,27-333,Besard Sabovic,Standard,2027,,,,,0.002564102564102564,0.0,0.00358974358974359,-0.020000000000000004,4.56,2.88,MF,Standard,0,MF
6653822457,1,2025,1,0,9,0.1,0.0,0.0,0.0,0.0,0.0,0.0,0.0,0.0,0.0,0.0,0.0,0.0,0.0,0.0,0.0,0.0,0.0,0.0,0.0,0.0,0.0,0.0,0.0,0.0,0.0,0.1,0.0,0.0,0.0,0.0,0.0,0.0,0.0,0.0,,,,,0.0,0.0,0.0,0.0,0.0,0.0,0.0,0.0,0.0,0.0,,,,,0.0,0.0,0.0,0.0,0.0,0.0,0.0,0.0,,,,,0.0,0.0,0.0,0.0,0.0,0.0,0.0,0.0,,,,,0.0,0.0,0.0,0.0,0.0,0.0,0.0,0.0,0.0,0.0,,0.0,0.0,,,,0.0,0.0,0.0,,0.0,0.0,0.0,0.0,0.0,0.0,0.0,0.0,0.0,0.0,,0.0,,0.0,0.0,0.0,0.0,0.0,0.0,0.0,0.0,0.0,0.0,,0.0,0.0,0.0,0.0,0.0,0.0,0.0,0.0,0.0,0.0,0.0,0.0,0.0,0.0,0.0,0.0,0.0,0.0,0.0,0.0,0.0,0.0,0.0,0.0,10.0,0.0,0.0,0.0,0.0,0.0,0.0,0.0,0.0,0.0,0.0,,,,,,,,,,,,,,,,,,,,,,,,,,,,,,Anisse Saidi,MF,San Diego FC,17-167,Anisse Saidi,Homegrown,2028,Anisse Saidi,2025.0,80622.0,94512.0,0.0,0.0,0.0,0.0,0.0,0.0,MF,HG,0,MF
9403564921,1,2025,2,2,180,2.0,0.0,0.0,0.0,0.0,0.0,0.0,0.5,0.0,0.0,0.0,0.0,0.0,0.5,2.0,0.5,0.0,0.0,0.0,0.0,0.0,0.01,0.0,0.01,0.01,0.01,2.0,43.5,17.0,21.5,4.0,46.0,18.5,22.5,4.0,94.6,91.9,95.6,100.0,759.0,116.0,43.5,17.0,21.5,4.0,46.0,18.5,22.5,4.0,94.6,91.9,95.6,100.0,43.5,17.0,21.5,4.0,46.0,18.5,22.5,4.0,94.6,91.9,95.6,100.0,43.5,17.0,21.5,4.0,46.0,18.5,22.5,4.0,94.6,91.9,95.6,100.0,0.0,0.0,0.0,0.0,2.0,0.5,0.0,0.0,0.5,0.0,0.0,0.5,0.0,0.0,,25.3,0.0,0.0,0.0,0.01,0.0,0.0,54.0,4.0,14.0,34.0,6.0,0.0,54.0,0.5,100.0,0.0,0.0,35.0,0.0,1.0,0.0,37.0,2.5,2.0,2.0,2.5,2.0,80.0,0.5,2.0,1.5,0.5,3.0,1.5,0.5,0.5,0.5,0.0,0.0,0.0,0.0,0.0,0.0,0.0,0.0,0.0,0.0,0.0,0.0,0.0,0.0,0.0,2.0,1.0,0.0,0.0,0.5,2.0,0.0,0.0,0.0,4.0,0.5,100.0,,,,,,,,,,,,,,,,,,,,,,,,,,,,,Adam Saldaña,MF,LAFC,23-300,,,,Adam Saldaña,2025.0,80622.0,80622.0,0.0,0.0,0.0,0.0,2.5,3.0,MF,Unknown,0,MF
4317485768,1,2025,16,15,1260,14.0,0.07,0.0,0.07,0.07,0.0,0.0,0.36,0.0,0.11,0.11,0.03,0.13,1.5,6.07,1.21,0.07,0.0,0.07,0.07,0.07,0.1,0.03,0.13,0.1,0.13,14.0,37.6,17.1,15.8,3.86,46.7,20.1,18.2,5.71,80.4,84.8,86.7,67.5,656.4,195.0,37.6,17.1,15.8,3.86,46.7,20.1,18.2,5.71,80.4,84.8,86.7,67.5,37.6,17.1,15.8,3.86,46.7,20.1,18.2,5.71,80.4,84.8,86.7,67.5,37.6,17.1,15.8,3.86,46.7,20.1,18.2,5.71,80.4,84.8,86.7,67.5,0.0,0.04,-0.03,0.57,4.71,0.86,0.21,0.07,1.36,0.36,26.3,1.36,0.36,0.05,0.2,21.8,0.14,0.0,0.0,0.08,-0.04,-0.04,56.4,1.36,10.9,33.2,12.7,1.07,56.4,0.57,40.0,0.79,55.0,30.5,0.36,1.36,0.79,36.7,2.57,1.36,1.64,2.57,1.36,57.6,1.0,0.93,0.64,0.86,3.43,0.86,0.14,1.64,1.64,0.14,0.0,0.0,0.0,0.0,0.0,0.0,0.0,0.14,0.0,0.0,0.0,0.0,0.0,0.0,1.29,1.0,0.0,1.43,0.86,1.64,0.0,0.0,0.0,4.86,1.0,41.2,,,,,,,,,,,,,,,,,,,,,,,,,,,,,Nathan Saliba,MF,CF Montréal,21-097,Nathan Saliba,Homegrown,2025,,,,,0.005,0.0,0.007857142857142858,-0.039999999999999994,7.57,3.4299999999999997,MF,HG,0,MF
5334838180,2,2025,33,24,2185,24.3,0.29,0.08,0.37,0.29,0.0,0.0,0.16,0.0,0.28,0.28,0.12,0.4,2.55,2.63,8.77,0.29,0.08,0.37,0.29,0.37,0.28,0.12,0.4,0.28,0.4,24.3,23.2,14.3,6.13,1.4,31.1,17.1,8.27,2.47,74.6,83.7,74.1,56.7,332.9,79.1,23.2,14.3,6.13,1.4,31.1,17.1,8.27,2.47,74.6,83.7,74.1,56.7,23.2,14.3,6.13,1.4,31.1,17.1,8.27,2.47,74.6,83.7,74.1,56.7,23.2,14.3,6.13,1.4,31.1,17.1,8.27,2.47,74.6,83.7,74.1,56.7,0.08,0.16,-0.04,0.95,1.44,1.11,0.25,0.29,2.55,1.11,43.5,2.55,1.11,0.11,0.26,16.1,0.0,0.0,0.0,0.11,0.01,0.01,42.1,0.49,4.24,13.3,25.1,5.56,42.1,0.62,31.3,1.32,66.7,25.7,1.23,2.76,0.66,32.3,0.7,0.21,0.37,0.7,0.21,26.3,0.58,0.82,0.7,0.49,1.19,0.45,0.0,2.51,2.51,0.12,0.04,0.0,0.0,0.0,0.0,0.25,0.25,0.12,0.04,0.0,0.0,0.0,0.0,0.0,1.07,0.86,0.37,2.02,0.49,0.37,0.0,0.04,0.0,3.17,0.41,30.3,,,,,,,,,,,,,,,,,,,,,,,,,,,,,Dániel Sallói,"FW,MF",Sporting KC,29-138,Dániel Sallói,TAM Player,2026,Dániel Sallói,2025.0,1300000.0,1300000.0,0.011934156378600822,0.0032921810699588477,0.011522633744855968,0.009999999999999953,5.18,1.19,MF,TAM,0,MF
391527596,1,2025,1,0,1,0.0,0.0,0.0,0.0,0.0,0.0,0.0,0.0,0.0,0.0,0.0,0.0,0.0,0.0,0.0,0.0,0.0,0.0,0.0,0.0,0.0,0.0,0.0,0.0,0.0,0.0,0.0,0.0,0.0,0.0,0.0,0.0,0.0,0.0,0.0,,,,,0.0,0.0,0.0,0.0,0.0,0.0,0.0,0.0,0.0,0.0,,,,,0.0,0.0,0.0,0.0,0.0,0.0,0.0,0.0,,,,,0.0,0.0,0.0,0.0,0.0,0.0,0.0,0.0,,,,,0.0,0.0,0.0,0.0,0.0,0.0,0.0,0.0,0.0,0.0,,0.0,0.0,,,,0.0,0.0,0.0,,0.0,0.0,0.0,0.0,0.0,0.0,0.0,0.0,0.0,0.0,,0.0,,0.0,0.0,0.0,0.0,0.0,0.0,0.0,0.0,0.0,0.0,,0.0,0.0,0.0,0.0,0.0,0.0,0.0,0.0,0.0,0.0,0.0,0.0,0.0,0.0,0.0,0.0,0.0,0.0,0.0,0.0,0.0,0.0,0.0,0.0,0.0,0.0,0.0,0.0,0.0,0.0,0.0,0.0,0.0,0.0,0.0,,,,,,,,,,,,,,,,,,,,,,,,,,,,,,Diadie Samassékou,MF,Houston Dynamo,29-327,,,,,,,,,,,0.0,0.0,0.0,MF,Unknown,0,MF
5886779414,1,2025,21,12,983,10.9,0.18,0.0,0.18,0.18,0.0,0.0,0.37,0.0,0.13,0.13,0.05,0.17,0.73,3.39,1.83,0.18,0.0,0.18,0.18,0.18,0.13,0.04,0.17,0.13,0.17,10.9,33.3,18.3,11.9,2.2,38.6,20.1,13.5,2.75,86.2,90.9,88.4,80.0,522.8,123.8,33.3,18.3,11.9,2.2,38.6,20.1,13.5,2.75,86.2,90.9,88.4,80.0,33.3,18.3,11.9,2.2,38.6,20.1,13.5,2.75,86.2,90.9,88.4,80.0,33.3,18.3,11.9,2.2,38.6,20.1,13.5,2.75,86.2,90.9,88.4,80.0,0.0,0.07,-0.05,0.28,3.39,0.37,0.0,0.18,0.73,0.37,50.0,0.73,0.37,0.25,0.5,15.7,0.0,0.0,0.0,0.17,0.06,0.06,50.5,1.65,12.4,28.3,10.4,1.19,50.5,0.46,45.5,0.37,36.4,25.9,0.18,1.38,0.92,33.7,3.85,1.74,1.74,3.85,1.74,63.3,1.01,1.56,1.19,1.47,5.32,0.92,0.18,1.19,1.19,0.0,0.0,0.0,0.0,0.09,0.0,0.09,0.09,0.0,0.0,0.0,0.0,0.09,0.0,0.0,1.65,1.1,0.0,0.09,1.47,1.74,0.0,0.0,0.0,4.4,0.55,40.0,,,,,,,,,,,,,,,,,,,,,,,,,,,,,Lucas Sanabria,"MF,FW",LA Galaxy,21-343,Lucas Sanabria,U22 Initiative,2029,Lucas Sanabria,2025.0,592000.0,694800.0,0.016513761467889906,0.0,0.011926605504587157,0.04999999999999999,4.12,5.32,MF,U22,0,MF
2635232196,1,2025,2,1,101,1.1,0.0,0.0,0.0,0.0,0.0,0.0,0.0,0.0,0.0,0.0,0.0,0.0,5.45,6.36,7.27,0.0,0.0,0.0,0.0,0.0,0.0,0.03,0.03,0.0,0.03,1.1,43.6,30.0,10.0,1.82,51.8,33.6,11.8,2.73,84.2,89.2,84.6,66.7,606.4,168.2,43.6,30.0,10.0,1.82,51.8,33.6,11.8,2.73,84.2,89.2,84.6,66.7,43.6,30.0,10.0,1.82,51.8,33.6,11.8,2.73,84.2,89.2,84.6,66.7,43.6,30.0,10.0,1.82,51.8,33.6,11.8,2.73,84.2,89.2,84.6,66.7,0.0,0.09,0.0,0.91,3.64,1.82,0.0,0.0,0.0,0.0,,0.0,0.0,,,,0.0,0.0,0.0,,0.0,0.0,60.0,0.91,13.6,30.0,17.3,0.0,60.0,0.0,,0.0,,31.8,0.0,2.73,0.91,43.6,1.82,0.0,0.91,1.82,0.0,0.0,1.82,1.82,0.91,0.91,2.73,0.91,0.0,1.82,1.78,0.0,0.0,0.0,0.0,0.0,0.0,0.0,0.0,0.0,0.0,0.0,0.0,0.0,0.0,0.0,2.73,0.0,0.0,0.91,0.91,0.91,0.0,0.0,0.0,3.64,1.82,66.7,,,,,,,,,,,,,,,,,,,,,,,,,,,,,Cooper Sanchez,MF,Atlanta Utd,17-253,,,,Cooper Sanchez,2025.0,80622.0,80622.0,0.0,0.0,0.0,0.0,11.81,2.73,MF,Unknown,0,MF
8387295249,2,2025,26,20,1641,18.2,0.05,0.0,0.05,0.05,0.0,0.0,0.33,0.0,0.06,0.06,0.02,0.08,0.6,4.84,0.77,0.05,0.0,0.05,0.05,0.05,0.06,0.02,0.08,0.06,0.08,18.2,45.7,19.3,21.6,3.68,52.5,21.4,23.8,5.71,87.0,90.5,90.8,64.4,799.7,238.9,45.7,19.3,21.6,3.68,52.5,21.4,23.8,5.71,87.0,90.5,90.8,64.4,45.7,19.3,21.6,3.68,52.5,21.4,23.8,5.71,87.0,90.5,90.8,64.4,45.7,19.3,21.6,3.68,52.5,21.4,23.8,5.71,87.0,90.5,90.8,64.4,0.0,0.03,-0.02,0.44,5.11,0.33,0.05,0.05,0.71,0.16,23.1,0.71,0.16,0.08,0.33,21.1,0.0,0.0,0.0,0.09,-0.01,-0.01,60.8,3.3,15.2,36.5,9.51,0.33,60.8,0.27,71.4,0.11,28.6,28.8,0.0,0.77,0.16,40.5,1.65,0.66,0.82,1.65,0.66,38.7,1.04,1.04,0.66,1.04,2.69,1.76,0.0,1.15,1.15,0.0,0.0,0.0,0.0,0.0,0.0,0.11,0.11,0.0,0.0,0.0,0.0,0.0,0.0,0.0,1.1,0.38,0.0,0.11,1.04,0.82,0.0,0.0,0.05,3.35,0.99,50.0,,,,,,,,,,,,,,,,,,,,,,,,,,,,,Ilie Sánchez,MF,Austin,35-013,,,,Ilie Sánchez,2025.0,600000.0,600000.0,0.0027472527472527475,0.0,0.0032967032967032967,-0.009999999999999995,5.4399999999999995,2.69,MF,Unknown,0,MF
8865380287,1,2025,33,29,2452,27.2,0.0,0.07,0.07,0.0,0.0,0.0,0.33,0.0,0.02,0.02,0.08,0.1,0.63,4.38,1.25,0.0,0.07,0.07,0.0,0.07,0.02,0.08,0.1,0.02,0.1,27.2,47.4,25.3,17.8,2.65,55.0,27.5,19.7,4.6,86.2,91.9,90.5,57.6,725.4,196.1,47.4,25.3,17.8,2.65,55.0,27.5,19.7,4.6,86.2,91.9,90.5,57.6,47.4,25.3,17.8,2.65,55.0,27.5,19.7,4.6,86.2,91.9,90.5,57.6,47.4,25.3,17.8,2.65,55.0,27.5,19.7,4.6,86.2,91.9,90.5,57.6,0.07,0.1,-0.01,1.03,3.9,0.81,0.11,0.0,0.4,0.15,36.4,0.4,0.15,0.0,0.0,25.0,0.0,0.0,0.0,0.06,-0.02,-0.02,64.4,2.28,14.7,36.8,13.3,0.48,64.4,0.44,40.0,0.63,56.7,33.5,0.07,0.99,0.37,41.7,2.43,1.29,1.25,2.43,1.29,48.6,1.36,0.99,0.92,1.07,3.49,1.21,0.07,2.5,2.5,0.0,0.0,0.04,0.0,0.04,0.0,0.18,0.18,0.0,0.0,0.04,0.0,0.04,0.0,0.0,2.06,0.66,0.07,2.32,1.07,1.25,0.0,0.0,0.0,5.66,0.33,34.6,,,,,,,,,,,,,,,,,,,,,,,,,,,,,Edvard Sandvik Tagseth,MF,Nashville SC,24-315,,,,,,,,0.0,0.0025735294117647063,0.0007352941176470588,-0.02,5.01,3.5,MF,Unknown,0,MF
7366697883,3,2025,2,0,18,0.2,5.0,0.0,5.0,5.0,0.0,0.0,0.0,0.0,2.0,2.0,0.0,2.0,5.0,10.0,10.0,5.0,0.0,5.0,5.0,5.0,1.99,0.0,1.99,1.99,1.99,0.2,30.0,10.0,5.0,15.0,45.0,20.0,10.0,15.0,66.7,50.0,50.0,100.0,850.0,235.0,30.0,10.0,5.0,15.0,45.0,20.0,10.0,15.0,66.7,50.0,50.0,100.0,30.0,10.0,5.0,15.0,45.0,20.0,10.0,15.0,66.7,50.0,50.0,100.0,30.0,10.0,5.0,15.0,45.0,20.0,10.0,15.0,66.7,50.0,50.0,100.0,0.0,0.0,0.0,0.0,5.0,0.0,0.0,5.0,5.0,5.0,100.0,5.0,5.0,1.0,1.0,10.0,0.0,0.0,0.0,0.4,3.0,3.0,75.0,0.0,15.0,40.0,25.0,5.0,75.0,0.0,0.0,5.0,100.0,45.0,5.0,15.0,5.0,50.0,10.0,0.0,10.0,10.0,0.0,0.0,5.0,0.0,0.0,0.0,10.0,0.0,5.0,0.0,0.0,0.0,0.0,0.0,0.0,0.0,0.0,0.0,0.0,0.0,0.0,0.0,0.0,0.0,0.0,0.0,5.0,0.0,0.0,0.0,0.0,10.0,0.0,0.0,0.0,20.0,10.0,100.0,,,,,,,,,,,,,,,,,,,,,,,,,,,,,Sergio Santos Gomes,"FW,MF",FC Cincinnati,31-091,,,,,,,,25.0,0.0,10.0,3.0,15.0,10.0,MF,Unknown,-1,MF
7366697883,4,2025,2,0,18,0.2,5.0,0.0,5.0,5.0,0.0,0.0,0.0,0.0,2.0,2.0,0.0,2.0,5.0,10.0,10.0,5.0,0.0,5.0,5.0,5.0,1.99,0.0,1.99,1.99,1.99,0.2,30.0,10.0,5.0,15.0,45.0,20.0,10.0,15.0,66.7,50.0,50.0,100.0,850.0,235.0,30.0,10.0,5.0,15.0,45.0,20.0,10.0,15.0,66.7,50.0,50.0,100.0,30.0,10.0,5.0,15.0,45.0,20.0,10.0,15.0,66.7,50.0,50.0,100.0,30.0,10.0,5.0,15.0,45.0,20.0,10.0,15.0,66.7,50.0,50.0,100.0,0.0,0.0,0.0,0.0,5.0,0.0,0.0,5.0,5.0,5.0,100.0,5.0,5.0,1.0,1.0,10.0,0.0,0.0,0.0,0.4,3.0,3.0,75.0,0.0,15.0,40.0,25.0,5.0,75.0,0.0,0.0,5.0,100.0,45.0,5.0,15.0,5.0,50.0,10.0,0.0,10.0,10.0,0.0,0.0,5.0,0.0,0.0,0.0,10.0,0.0,5.0,0.0,0.0,0.0,0.0,0.0,0.0,0.0,0.0,0.0,0.0,0.0,0.0,0.0,0.0,0.0,0.0,0.0,5.0,0.0,0.0,0.0,0.0,10.0,0.0,0.0,0.0,20.0,10.0,100.0,,,,,,,,,,,,,,,,,,,,,,,,,,,,,Sergio Santos Gomes,"FW,MF",FC Cincinnati,31-091,,,,,,,,25.0,0.0,10.0,3.0,15.0,10.0,MF,Unknown,-1,MF
7366697883,3,2025,18,6,646,7.2,0.14,0.28,0.42,0.14,0.0,0.0,0.0,0.0,0.29,0.29,0.18,0.47,2.08,2.08,8.47,0.14,0.28,0.42,0.14,0.42,0.3,0.17,0.47,0.3,0.47,7.2,17.6,9.03,6.25,1.67,26.0,11.9,8.75,2.22,67.9,75.6,71.4,75.0,283.9,58.9,17.6,9.03,6.25,1.67,26.0,11.9,8.75,2.22,67.9,75.6,71.4,75.0,17.6,9.03,6.25,1.67,26.0,11.9,8.75,2.22,67.9,75.6,71.4,75.0,17.6,9.03,6.25,1.67,26.0,11.9,8.75,2.22,67.9,75.6,71.4,75.0,0.28,0.15,0.1,1.81,1.11,0.69,0.14,0.14,1.53,0.42,27.3,1.53,0.42,0.09,0.33,11.6,0.0,0.0,0.0,0.2,-0.15,-0.15,39.6,1.67,5.42,15.4,20.0,5.28,39.6,0.69,26.3,1.67,63.2,22.2,1.11,3.33,0.83,27.1,3.19,0.83,2.08,3.19,0.83,46.2,0.97,0.69,0.56,0.0,3.19,1.39,0.0,4.44,4.46,0.0,0.0,0.28,0.0,0.0,0.0,0.42,0.42,0.0,0.0,0.28,0.0,0.0,0.0,0.0,2.22,3.19,0.28,0.83,0.0,2.08,0.0,0.0,0.0,3.33,1.81,44.8,,,,,,,,,,,,,,,,,,,,,,,,,,,,,Sergio Santos Gomes,"FW,MF",FC Cincinnati,31-091,,,,,,,,0.019444444444444445,0.03888888888888889,0.04027777777777777,-0.14999999999999997,4.16,3.19,MF,Unknown,0,MF
7366697883,4,2025,18,6,646,7.2,0.14,0.28,0.42,0.14,0.0,0.0,0.0,0.0,0.29,0.29,0.18,0.47,2.08,2.08,8.47,0.14,0.28,0.42,0.14,0.42,0.3,0.17,0.47,0.3,0.47,7.2,17.6,9.03,6.25,1.67,26.0,11.9,8.75,2.22,67.9,75.6,71.4,75.0,283.9,58.9,17.6,9.03,6.25,1.67,26.0,11.9,8.75,2.22,67.9,75.6,71.4,75.0,17.6,9.03,6.25,1.67,26.0,11.9,8.75,2.22,67.9,75.6,71.4,75.0,17.6,9.03,6.25,1.67,26.0,11.9,8.75,2.22,67.9,75.6,71.4,75.0,0.28,0.15,0.1,1.81,1.11,0.69,0.14,0.14,1.53,0.42,27.3,1.53,0.42,0.09,0.33,11.6,0.0,0.0,0.0,0.2,-0.15,-0.15,39.6,1.67,5.42,15.4,20.0,5.28,39.6,0.69,26.3,1.67,63.2,22.2,1.11,3.33,0.83,27.1,3.19,0.83,2.08,3.19,0.83,46.2,0.97,0.69,0.56,0.0,3.19,1.39,0.0,4.44,4.46,0.0,0.0,0.28,0.0,0.0,0.0,0.42,0.42,0.0,0.0,0.28,0.0,0.0,0.0,0.0,2.22,3.19,0.28,0.83,0.0,2.08,0.0,0.0,0.0,3.33,1.81,44.8,,,,,,,,,,,,,,,,,,,,,,,,,,,,,Sergio Santos Gomes,"FW,MF",FC Cincinnati,31-091,,,,,,,,0.019444444444444445,0.03888888888888889,0.04027777777777777,-0.14999999999999997,4.16,3.19,MF,Unknown,0,MF
8242324166,1,2025,6,1,165,1.8,0.0,1.11,1.11,0.0,0.0,0.0,0.0,0.0,0.06,0.06,0.28,0.33,3.89,0.56,7.22,0.0,1.09,1.09,0.0,1.09,0.05,0.3,0.34,0.05,0.34,1.8,11.7,6.67,4.44,0.56,21.7,8.89,7.78,1.67,53.8,75.0,57.1,33.3,170.0,52.8,11.7,6.67,4.44,0.56,21.7,8.89,7.78,1.67,53.8,75.0,57.1,33.3,11.7,6.67,4.44,0.56,21.7,8.89,7.78,1.67,53.8,75.0,57.1,33.3,11.7,6.67,4.44,0.56,21.7,8.89,7.78,1.67,53.8,75.0,57.1,33.3,1.11,0.22,0.83,1.67,0.0,0.56,0.0,0.0,1.67,0.56,33.3,1.64,0.55,0.0,0.0,24.4,0.0,0.0,0.0,0.03,-0.06,-0.06,38.9,2.22,9.44,9.44,20.0,3.33,38.9,0.56,33.3,0.0,0.0,17.8,1.67,4.44,1.67,24.4,2.22,1.67,1.11,2.22,1.67,60.0,1.11,2.22,2.22,0.0,2.22,1.11,0.0,3.33,3.27,0.0,0.0,1.11,0.56,0.0,0.0,1.67,1.64,0.0,0.0,1.11,0.56,0.0,0.0,0.0,0.56,3.89,0.56,1.11,0.0,1.11,0.56,0.0,0.0,2.78,1.11,20.0,,,,,,,,,,,,,,,,,,,,,,,,,,,,,Samuel Sarver,"FW,MF",FC Dallas,22-276,,,,,,,,0.0,0.6166666666666667,0.03333333333333333,-0.06,4.45,2.22,MF,Unknown,0,MF
850310165,3,2025,30,28,2421,26.9,0.33,0.04,0.37,0.33,0.0,0.0,0.22,0.0,0.21,0.21,0.12,0.33,2.97,3.42,6.62,0.33,0.04,0.37,0.33,0.37,0.21,0.12,0.33,0.21,0.33,26.9,22.1,11.5,8.25,1.82,31.3,13.9,11.1,4.65,70.5,82.9,74.2,39.2,362.3,128.1,22.1,11.5,8.25,1.82,31.3,13.9,11.1,4.65,70.5,82.9,74.2,39.2,22.1,11.5,8.25,1.82,31.3,13.9,11.1,4.65,70.5,82.9,74.2,39.2,22.1,11.5,8.25,1.82,31.3,13.9,11.1,4.65,70.5,82.9,74.2,39.2,0.04,0.14,-0.08,1.38,2.12,1.0,0.15,0.33,2.16,0.82,37.9,2.16,0.82,0.16,0.41,17.8,0.11,0.0,0.0,0.1,0.12,0.12,43.1,1.15,5.58,18.0,20.3,3.94,43.1,1.3,43.2,1.56,51.9,27.1,1.38,2.68,1.52,29.9,1.26,0.52,0.89,1.26,0.52,48.3,0.56,0.86,0.82,0.56,1.82,0.67,0.0,2.9,2.9,0.3,0.0,0.15,0.0,0.04,0.0,0.19,0.19,0.3,0.0,0.15,0.0,0.04,0.0,0.0,1.56,1.45,0.07,3.57,0.56,0.89,0.0,0.0,0.0,3.68,0.67,52.9,,,,,,,,,,,,,,,,,,,,,,,,,,,,,Dante Sealy,"FW,MF",CF Montréal,22-231,Dante Sealy,Standard,2026,Dante Sealy,2025.0,104000.0,122022.0,0.012267657992565057,0.0014869888475836433,0.007806691449814126,0.12000000000000002,6.390000000000001,1.82,MF,Standard,0,MF
6515043861,3,2025,11,1,154,1.7,1.18,0.0,1.18,0.59,0.59,0.59,0.0,0.0,1.65,1.18,0.12,1.29,0.59,2.35,10.0,1.17,0.0,1.17,0.58,0.58,1.6,0.12,1.73,1.15,1.27,1.7,21.8,14.1,3.53,0.59,30.6,20.0,4.71,0.59,71.2,70.6,75.0,100.0,254.1,64.1,21.8,14.1,3.53,0.59,30.6,20.0,4.71,0.59,71.2,70.6,75.0,100.0,21.8,14.1,3.53,0.59,30.6,20.0,4.71,0.59,71.2,70.6,75.0,100.0,21.8,14.1,3.53,0.59,30.6,20.0,4.71,0.59,71.2,70.6,75.0,100.0,0.0,0.0,-0.12,1.18,1.76,0.59,0.0,1.18,5.88,1.18,20.0,5.84,1.17,0.1,0.5,15.1,0.0,0.59,0.59,0.2,-0.47,-0.59,47.6,1.76,5.29,22.4,20.0,8.24,47.1,0.0,0.0,0.59,100.0,20.6,0.0,2.35,2.35,35.3,1.76,1.76,1.18,1.76,1.76,100.0,0.0,0.0,0.0,0.59,2.35,2.94,0.0,4.12,4.06,0.0,0.0,0.0,0.0,0.0,0.0,0.59,0.58,0.0,0.0,0.0,0.0,0.0,0.0,0.0,2.94,1.18,0.59,0.0,0.59,1.18,0.0,0.0,0.0,1.18,3.53,46.2,,,,,,,,,,,,,,,,,,,,,,,,,,,,,Gabe Segal,"FW,MF",Houston Dynamo,24-201,Gabe Segal,Standard,2025,,,,,0.6941176470588235,0.0,0.9705882352941176,-0.47,2.94,2.35,MF,Standard,-1,MF
3718397487,1,2025,31,19,1617,18.0,0.44,0.22,0.67,0.44,0.0,0.0,0.33,0.0,0.18,0.18,0.12,0.29,1.72,5.83,6.67,0.45,0.22,0.67,0.45,0.67,0.18,0.12,0.3,0.18,0.3,18.0,46.1,24.2,16.5,3.67,52.2,26.3,17.9,4.78,88.2,92.2,92.2,76.7,728.9,144.7,46.1,24.2,16.5,3.67,52.2,26.3,17.9,4.78,88.2,92.2,92.2,76.7,46.1,24.2,16.5,3.67,52.2,26.3,17.9,4.78,88.2,92.2,92.2,76.7,46.1,24.2,16.5,3.67,52.2,26.3,17.9,4.78,88.2,92.2,92.2,76.7,0.22,0.11,0.11,1.44,4.17,1.06,0.0,0.44,1.22,0.72,59.1,1.22,0.72,0.36,0.62,16.8,0.0,0.0,0.0,0.14,0.27,0.27,61.7,0.44,7.39,30.8,24.1,2.89,61.7,1.0,62.1,0.56,34.5,37.1,0.28,2.5,0.94,47.2,2.0,0.83,1.28,2.0,0.83,57.7,0.61,0.61,0.44,0.39,2.39,0.22,0.06,3.22,3.23,0.17,0.06,0.11,0.0,0.0,0.0,0.56,0.56,0.17,0.06,0.11,0.0,0.0,0.0,0.0,2.22,0.67,0.28,1.06,0.39,1.28,0.0,0.0,0.0,4.39,0.44,33.3,,,,,,,,,,,,,,,,,,,,,,,,,,,,,Telasco Segovia,"MF,FW",Inter Miami,22-246,Telasco Segovia,U22 Initiative,2029,Telasco Segovia,2025.0,300000.0,335000.0,0.024444444444444446,0.012222222222222223,0.01,0.26,7.55,2.39,MF,U22,0,MF
6741330254,3,2025,14,4,340,3.8,0.0,0.0,0.0,0.0,0.0,0.0,0.0,0.0,0.03,0.03,0.08,0.11,0.26,7.11,2.11,0.0,0.0,0.0,0.0,0.0,0.02,0.09,0.11,0.02,0.11,3.8,69.2,39.2,25.8,3.16,78.9,41.3,28.2,6.32,87.7,94.9,91.6,50.0,1048.4,327.1,69.2,39.2,25.8,3.16,78.9,41.3,28.2,6.32,87.7,94.9,91.6,50.0,69.2,39.2,25.8,3.16,78.9,41.3,28.2,6.32,87.7,94.9,91.6,50.0,69.2,39.2,25.8,3.16,78.9,41.3,28.2,6.32,87.7,94.9,91.6,50.0,0.0,0.18,-0.08,0.26,8.68,1.58,0.0,0.0,0.79,0.0,0.0,0.79,0.0,0.0,,28.3,0.0,0.0,0.0,0.03,-0.03,-0.03,88.9,1.05,11.8,53.7,23.9,0.53,88.9,1.32,55.6,0.79,33.3,47.4,0.53,0.79,0.79,71.3,2.63,1.32,2.63,2.63,1.32,62.5,0.79,1.32,1.05,0.79,3.42,0.79,0.0,1.05,1.06,0.0,0.0,0.0,0.0,0.0,0.0,0.26,0.26,0.0,0.0,0.0,0.0,0.0,0.0,0.0,0.79,0.53,0.0,1.32,0.79,2.63,0.0,0.0,0.0,3.42,0.0,0.0,,,,,,,,,,,,,,,,,,,,,,,,,,,,,Amar Sejdic,MF,Columbus Crew,29-005,,,,,,,,0.0,0.0,0.007894736842105263,-0.03,7.37,3.42,MF,Unknown,0,MF
5753842110,1,2025,1,0,27,0.3,0.0,0.0,0.0,0.0,0.0,0.0,0.0,0.0,0.0,0.0,0.0,0.0,3.33,0.0,3.33,0.0,0.0,0.0,0.0,0.0,0.1,0.0,0.1,0.1,0.1,0.3,13.3,3.33,10.0,0.0,13.3,3.33,10.0,0.0,100.0,100.0,100.0,,276.7,0.0,13.3,3.33,10.0,0.0,13.3,3.33,10.0,0.0,100.0,100.0,100.0,,13.3,3.33,10.0,0.0,13.3,3.33,10.0,0.0,100.0,100.0,100.0,,13.3,3.33,10.0,0.0,13.3,3.33,10.0,0.0,100.0,100.0,100.0,,0.0,0.0,0.0,0.0,0.0,0.0,0.0,0.0,3.33,3.33,100.0,3.33,3.33,0.0,0.0,14.4,0.0,0.0,0.0,0.03,0.0,0.0,23.3,0.0,0.0,10.0,13.3,6.67,23.3,3.33,100.0,0.0,0.0,20.0,3.33,3.33,3.33,20.0,0.0,0.0,0.0,0.0,0.0,0.0,3.33,0.0,0.0,0.0,0.0,0.0,0.0,0.0,0.0,0.0,0.0,0.0,0.0,0.0,0.0,0.0,0.0,0.0,0.0,0.0,0.0,0.0,0.0,0.0,3.33,0.0,0.0,0.0,0.0,0.0,0.0,0.0,0.0,0.0,0.0,0.0,,,,,,,,,,,,,,,,,,,,,,,,,,,,,Johnny Selemani,MF,Vancouver W'caps,17-263,,,,,,,,0.0,0.0,0.0,0.0,3.33,0.0,MF,Unknown,0,MF
7467642538,3,2025,30,24,2038,22.6,0.0,0.09,0.09,0.0,0.0,0.0,0.31,0.0,0.04,0.04,0.04,0.08,0.71,3.14,1.11,0.0,0.09,0.09,0.0,0.09,0.04,0.04,0.07,0.04,0.07,22.6,35.9,18.8,13.3,2.83,41.4,20.5,14.5,4.34,86.8,91.8,91.5,65.3,576.5,153.8,35.9,18.8,13.3,2.83,41.4,20.5,14.5,4.34,86.8,91.8,91.5,65.3,35.9,18.8,13.3,2.83,41.4,20.5,14.5,4.34,86.8,91.8,91.5,65.3,35.9,18.8,13.3,2.83,41.4,20.5,14.5,4.34,86.8,91.8,91.5,65.3,0.09,0.04,0.05,0.62,2.96,0.44,0.09,0.0,0.66,0.13,20.0,0.66,0.13,0.0,0.0,23.5,0.0,0.0,0.0,0.06,-0.04,-0.04,50.4,1.24,11.0,30.8,9.07,0.62,50.4,0.49,55.0,0.35,40.0,26.0,0.04,1.28,0.84,32.4,3.05,1.11,2.04,3.05,1.11,50.0,1.11,1.15,1.02,0.62,3.67,0.97,0.04,1.73,1.72,0.0,0.0,0.13,0.0,0.09,0.0,0.18,0.18,0.0,0.0,0.13,0.0,0.09,0.0,0.0,1.64,1.46,0.0,0.58,0.62,2.04,0.0,0.04,0.0,4.56,0.58,44.8,,,,,,,,,,,,,,,,,,,,,,,,,,,,,Brandon Servania,MF,D.C. United,26-267,Brandon Servania,Standard,2026,Brandon Servania,2025.0,104000.0,131056.0,0.0,0.003982300884955752,0.0017699115044247787,-0.04,3.85,3.67,MF,Standard,0,MF
3305763108,3,2025,23,12,1110,12.3,0.33,0.16,0.49,0.33,0.0,0.0,0.08,0.0,0.28,0.28,0.24,0.54,2.36,2.28,10.7,0.32,0.16,0.49,0.32,0.49,0.29,0.25,0.53,0.29,0.53,12.3,18.0,11.1,4.96,0.89,27.6,14.2,7.4,1.87,65.3,78.3,67.0,47.8,255.0,84.4,18.0,11.1,4.96,0.89,27.6,14.2,7.4,1.87,65.3,78.3,67.0,47.8,18.0,11.1,4.96,0.89,27.6,14.2,7.4,1.87,65.3,78.3,67.0,47.8,18.0,11.1,4.96,0.89,27.6,14.2,7.4,1.87,65.3,78.3,67.0,47.8,0.16,0.24,-0.08,1.71,1.14,1.3,0.73,0.33,1.95,0.73,37.5,1.95,0.73,0.17,0.44,14.2,0.0,0.0,0.0,0.15,0.04,0.04,37.8,0.89,4.23,14.2,20.1,5.93,37.8,0.65,34.8,1.06,56.5,23.7,1.38,1.87,1.06,27.8,1.06,0.33,0.49,1.06,0.33,26.7,0.89,1.38,1.3,0.16,1.22,0.65,0.0,3.33,3.32,0.24,0.08,0.49,0.08,0.08,0.0,0.57,0.57,0.24,0.08,0.49,0.08,0.08,0.0,0.0,0.81,1.79,0.49,3.41,0.16,0.49,0.08,0.0,0.0,3.9,0.49,33.3,,,,,,,,,,,,,,,,,,,,,,,,,,,,,Jacob Shaffelburg,"MF,FW",Nashville SC,26-008,Jacob Shaffelburg,Standard,2026,Jacob Shaffelburg,2025.0,425000.0,470000.0,0.026829268292682926,0.013008130081300813,0.022764227642276424,0.04999999999999999,4.64,1.22,MF,Standard,0,MF
310475144,1,2025,5,0,105,1.2,0.0,0.0,0.0,0.0,0.0,0.0,0.0,0.0,0.17,0.17,0.0,0.17,1.67,5.83,7.5,0.0,0.0,0.0,0.0,0.0,0.16,0.04,0.2,0.16,0.2,1.2,57.5,36.7,16.7,0.83,66.7,40.0,20.0,1.67,86.3,91.7,83.3,50.0,740.8,169.2,57.5,36.7,16.7,0.83,66.7,40.0,20.0,1.67,86.3,91.7,83.3,50.0,57.5,36.7,16.7,0.83,66.7,40.0,20.0,1.67,86.3,91.7,83.3,50.0,57.5,36.7,16.7,0.83,66.7,40.0,20.0,1.67,86.3,91.7,83.3,50.0,0.0,0.08,0.0,0.83,5.83,0.83,0.0,0.0,1.67,0.83,50.0,1.71,0.86,0.0,0.0,20.7,0.83,0.0,0.0,0.1,-0.17,-0.17,75.8,0.0,7.5,35.0,33.3,5.83,75.8,0.0,,0.0,,43.3,2.5,1.67,2.5,60.8,1.67,0.83,0.83,1.67,0.83,33.3,1.67,1.67,1.67,1.67,3.33,0.0,0.0,3.33,3.43,0.0,0.0,0.0,0.0,0.0,0.0,0.0,0.0,0.0,0.0,0.0,0.0,0.0,0.0,0.0,0.83,0.0,0.0,3.33,1.67,0.83,0.0,0.0,0.0,5.0,0.0,0.0,,,,,,,,,,,,,,,,,,,,,,,,,,,,,Samuel Shashoua,"MF,FW",Minnesota Utd,26-205,Samuel Shashoua,Standard,2025,Samuel Shashoua,2025.0,104000.0,104833.0,0.0,0.0,0.1416666666666667,-0.17,7.5,3.34,MF,Standard,0,MF
5929237531,1,2025,28,14,1398,15.5,0.06,0.0,0.06,0.06,0.0,0.0,0.06,0.0,0.05,0.05,0.03,0.07,1.1,5.16,2.13,0.06,0.0,0.06,0.06,0.06,0.05,0.02,0.07,0.05,0.07,15.5,37.4,19.7,14.2,2.26,44.0,22.7,15.9,3.29,84.9,86.9,89.1,68.6,572.9,167.2,37.4,19.7,14.2,2.26,44.0,22.7,15.9,3.29,84.9,86.9,89.1,68.6,37.4,19.7,14.2,2.26,44.0,22.7,15.9,3.29,84.9,86.9,89.1,68.6,37.4,19.7,14.2,2.26,44.0,22.7,15.9,3.29,84.9,86.9,89.1,68.6,0.0,0.04,-0.03,0.65,3.29,0.58,0.06,0.06,0.97,0.19,20.0,0.97,0.19,0.07,0.33,18.3,0.0,0.0,0.0,0.05,0.02,0.02,55.1,1.87,12.0,29.7,14.0,1.87,55.1,0.39,37.5,0.65,62.5,28.4,0.39,0.9,0.77,34.8,3.48,1.68,1.87,3.48,1.68,54.2,1.42,1.23,0.9,0.97,4.45,1.55,0.06,2.06,2.06,0.13,0.0,0.0,0.0,0.13,0.0,0.0,0.0,0.13,0.0,0.0,0.0,0.13,0.0,0.0,0.97,0.26,0.0,0.71,0.97,1.87,0.0,0.0,0.0,5.03,0.39,40.0,,,,,,,,,,,,,,,,,,,,,,,,,,,,,Jonathan Shore,MF,NYCFC,18-235,Jonathan Shore,Homegrown,2027,Jonathan Shore,2025.0,104000.0,116500.0,0.003870967741935484,0.0,0.0032258064516129032,0.009999999999999995,6.26,4.45,MF,HG,0,MF
1794865726,1,2025,6,4,304,3.4,0.0,0.0,0.0,0.0,0.0,0.0,0.59,0.0,0.0,0.0,0.0,0.0,1.47,3.82,2.35,0.0,0.0,0.0,0.0,0.0,0.01,0.0,0.01,0.01,0.01,3.4,40.6,24.7,12.4,2.35,49.4,28.8,14.1,3.53,82.1,85.7,87.5,66.7,599.4,184.1,40.6,24.7,12.4,2.35,49.4,28.8,14.1,3.53,82.1,85.7,87.5,66.7,40.6,24.7,12.4,2.35,49.4,28.8,14.1,3.53,82.1,85.7,87.5,66.7,40.6,24.7,12.4,2.35,49.4,28.8,14.1,3.53,82.1,85.7,87.5,66.7,0.0,0.0,0.0,0.29,5.29,0.0,0.0,0.0,0.29,0.29,100.0,0.3,0.3,0.0,0.0,29.0,0.0,0.0,0.0,0.02,0.0,0.0,57.1,1.76,13.5,36.8,7.35,0.0,57.1,0.29,50.0,0.29,50.0,32.4,0.0,1.76,1.76,42.1,1.18,0.88,0.88,1.18,0.88,60.0,0.59,0.59,0.59,1.18,2.35,0.59,0.0,0.88,0.89,0.0,0.0,0.0,0.0,0.0,0.0,0.0,0.0,0.0,0.0,0.0,0.0,0.0,0.0,0.0,2.65,0.88,0.0,0.0,1.18,0.88,0.0,0.0,0.0,5.29,0.59,28.6,,,,,,,,,,,,,,,,,,,,,,,,,,,,,Show,MF,FC Dallas,26-273,,,,,,,,0.0,0.0,0.0,0.0,5.29,2.36,MF,Unknown,0,MF
9188625406,3,2025,7,2,229,2.5,0.0,0.4,0.4,0.0,0.0,0.0,0.0,0.0,0.12,0.12,0.36,0.48,4.0,3.6,7.6,0.0,0.39,0.39,0.0,0.39,0.11,0.37,0.47,0.11,0.47,2.5,31.2,12.8,13.6,4.0,40.0,15.6,16.4,5.2,78.0,82.1,82.9,76.9,566.4,142.4,31.2,12.8,13.6,4.0,40.0,15.6,16.4,5.2,78.0,82.1,82.9,76.9,31.2,12.8,13.6,4.0,40.0,15.6,16.4,5.2,78.0,82.1,82.9,76.9,31.2,12.8,13.6,4.0,40.0,15.6,16.4,5.2,78.0,82.1,82.9,76.9,0.4,0.32,0.04,2.8,3.6,2.0,0.8,0.0,2.0,0.0,0.0,1.97,0.0,0.0,,20.9,0.0,0.0,0.0,0.05,-0.12,-0.12,53.2,1.6,9.2,22.8,22.0,4.4,53.2,3.2,44.4,4.0,55.6,36.8,2.0,1.2,1.6,39.2,2.0,0.8,0.8,2.0,0.8,50.0,0.8,0.4,0.4,0.8,2.8,1.2,0.4,4.4,4.36,1.2,0.0,0.0,0.0,0.0,0.0,0.4,0.4,1.2,0.0,0.0,0.0,0.0,0.0,0.0,3.6,2.8,0.4,1.2,0.8,0.8,0.0,0.0,0.0,5.6,0.4,25.0,,,,,,,,,,,,,,,,,,,,,,,,,,,,,Xande Silva,"FW,MF",St. Louis,28-263,Xande Silva,TAM Player,2025,,,,,0.0,0.16,0.048,-0.12,7.6,2.8,MF,TAM,0,MF
9188625406,4,2025,7,2,229,2.5,0.0,0.4,0.4,0.0,0.0,0.0,0.0,0.0,0.12,0.12,0.36,0.48,4.0,3.6,7.6,0.0,0.39,0.39,0.0,0.39,0.11,0.37,0.47,0.11,0.47,2.5,31.2,12.8,13.6,4.0,40.0,15.6,16.4,5.2,78.0,82.1,82.9,76.9,566.4,142.4,31.2,12.8,13.6,4.0,40.0,15.6,16.4,5.2,78.0,82.1,82.9,76.9,31.2,12.8,13.6,4.0,40.0,15.6,16.4,5.2,78.0,82.1,82.9,76.9,31.2,12.8,13.6,4.0,40.0,15.6,16.4,5.2,78.0,82.1,82.9,76.9,0.4,0.32,0.04,2.8,3.6,2.0,0.8,0.0,2.0,0.0,0.0,1.97,0.0,0.0,,20.9,0.0,0.0,0.0,0.05,-0.12,-0.12,53.2,1.6,9.2,22.8,22.0,4.4,53.2,3.2,44.4,4.0,55.6,36.8,2.0,1.2,1.6,39.2,2.0,0.8,0.8,2.0,0.8,50.0,0.8,0.4,0.4,0.8,2.8,1.2,0.4,4.4,4.36,1.2,0.0,0.0,0.0,0.0,0.0,0.4,0.4,1.2,0.0,0.0,0.0,0.0,0.0,0.0,3.6,2.8,0.4,1.2,0.8,0.8,0.0,0.0,0.0,5.6,0.4,25.0,,,,,,,,,,,,,,,,,,,,,,,,,,,,,Xande Silva,"FW,MF",St. Louis,28-263,Xande Silva,TAM Player,2025,,,,,0.0,0.16,0.048,-0.12,7.6,2.8,MF,TAM,0,MF
9188625406,3,2025,11,0,215,2.4,0.0,0.0,0.0,0.0,0.0,0.0,0.42,0.0,0.08,0.08,0.21,0.29,3.75,5.83,11.3,0.0,0.0,0.0,0.0,0.0,0.1,0.19,0.29,0.1,0.29,2.4,32.1,18.8,10.4,1.67,39.6,21.7,12.9,2.92,81.1,86.5,80.6,57.1,493.3,122.9,32.1,18.8,10.4,1.67,39.6,21.7,12.9,2.92,81.1,86.5,80.6,57.1,32.1,18.8,10.4,1.67,39.6,21.7,12.9,2.92,81.1,86.5,80.6,57.1,32.1,18.8,10.4,1.67,39.6,21.7,12.9,2.92,81.1,86.5,80.6,57.1,0.0,0.13,-0.21,1.25,4.58,0.83,0.0,0.0,3.33,1.25,37.5,3.35,1.26,0.0,0.0,24.4,0.0,0.0,0.0,0.03,-0.08,-0.08,56.7,1.25,4.58,27.5,24.6,2.08,56.7,1.25,27.3,3.33,72.7,34.6,0.42,2.5,0.83,42.1,2.5,0.83,2.08,2.5,0.83,66.7,0.42,1.67,1.67,0.0,2.5,0.83,0.0,3.33,3.35,0.0,0.0,0.0,0.0,0.42,0.0,0.0,0.0,0.0,0.0,0.0,0.0,0.42,0.0,0.0,2.5,1.67,0.0,0.83,0.0,2.08,0.0,0.0,0.0,4.17,1.25,75.0,,,,,,,,,,,,,,,,,,,,,,,,,,,,,Xande Silva,"FW,MF",St. Louis,28-263,Xande Silva,TAM Player,2025,,,,,0.0,0.0,0.03333333333333333,-0.08,9.58,2.5,MF,TAM,0,MF
9188625406,4,2025,11,0,215,2.4,0.0,0.0,0.0,0.0,0.0,0.0,0.42,0.0,0.08,0.08,0.21,0.29,3.75,5.83,11.3,0.0,0.0,0.0,0.0,0.0,0.1,0.19,0.29,0.1,0.29,2.4,32.1,18.8,10.4,1.67,39.6,21.7,12.9,2.92,81.1,86.5,80.6,57.1,493.3,122.9,32.1,18.8,10.4,1.67,39.6,21.7,12.9,2.92,81.1,86.5,80.6,57.1,32.1,18.8,10.4,1.67,39.6,21.7,12.9,2.92,81.1,86.5,80.6,57.1,32.1,18.8,10.4,1.67,39.6,21.7,12.9,2.92,81.1,86.5,80.6,57.1,0.0,0.13,-0.21,1.25,4.58,0.83,0.0,0.0,3.33,1.25,37.5,3.35,1.26,0.0,0.0,24.4,0.0,0.0,0.0,0.03,-0.08,-0.08,56.7,1.25,4.58,27.5,24.6,2.08,56.7,1.25,27.3,3.33,72.7,34.6,0.42,2.5,0.83,42.1,2.5,0.83,2.08,2.5,0.83,66.7,0.42,1.67,1.67,0.0,2.5,0.83,0.0,3.33,3.35,0.0,0.0,0.0,0.0,0.42,0.0,0.0,0.0,0.0,0.0,0.0,0.0,0.42,0.0,0.0,2.5,1.67,0.0,0.83,0.0,2.08,0.0,0.0,0.0,4.17,1.25,75.0,,,,,,,,,,,,,,,,,,,,,,,,,,,,,Xande Silva,"FW,MF",St. Louis,28-263,Xande Silva,TAM Player,2025,,,,,0.0,0.0,0.03333333333333333,-0.08,9.58,2.5,MF,TAM,0,MF
6699298067,1,2025,3,1,97,1.1,0.0,0.0,0.0,0.0,0.0,0.91,1.82,0.0,0.91,0.18,0.36,0.55,3.64,0.0,9.09,0.0,0.0,0.0,0.0,0.0,0.88,0.4,1.29,0.15,0.56,1.1,17.3,5.45,10.9,0.91,25.5,10.0,12.7,1.82,67.9,54.5,85.7,50.0,294.5,24.5,17.3,5.45,10.9,0.91,25.5,10.0,12.7,1.82,67.9,54.5,85.7,50.0,17.3,5.45,10.9,0.91,25.5,10.0,12.7,1.82,67.9,54.5,85.7,50.0,17.3,5.45,10.9,0.91,25.5,10.0,12.7,1.82,67.9,54.5,85.7,50.0,0.0,0.18,-0.36,0.91,0.0,0.0,0.0,0.0,1.82,0.0,0.0,1.86,0.0,0.0,,26.5,0.0,0.0,0.91,0.08,-0.91,-0.18,39.1,1.82,5.45,10.9,22.7,10.9,38.2,0.91,50.0,0.0,0.0,22.7,1.82,4.55,0.0,28.2,0.0,0.0,0.0,0.0,0.0,,0.0,1.82,1.82,0.91,0.91,1.82,0.0,2.73,2.78,0.91,0.0,0.91,0.0,0.0,0.0,0.0,0.0,0.91,0.0,0.91,0.0,0.0,0.0,0.0,2.73,0.91,0.0,0.91,0.91,0.0,0.91,0.0,0.0,2.73,1.82,50.0,,,,,,,,,,,,,,,,,,,,,,,,,,,,,Mateo Silvetti,"FW,MF",Inter Miami,19-324,,,,Mateo Silvetti,2025.0,490000.0,547078.0,0.0,0.0,0.8272727272727273,-0.91,3.64,0.91,MF,Unknown,0,MF
4145252956,2,2025,5,0,58,0.6,0.0,3.33,3.33,0.0,0.0,0.0,0.0,0.0,0.33,0.33,1.5,1.83,3.33,3.33,6.67,0.0,3.1,3.1,0.0,3.1,0.37,1.33,1.7,0.37,1.7,0.6,30.0,13.3,13.3,1.67,33.3,15.0,15.0,1.67,90.0,88.9,88.9,100.0,505.0,91.7,30.0,13.3,13.3,1.67,33.3,15.0,15.0,1.67,90.0,88.9,88.9,100.0,30.0,13.3,13.3,1.67,33.3,15.0,15.0,1.67,90.0,88.9,88.9,100.0,30.0,13.3,13.3,1.67,33.3,15.0,15.0,1.67,90.0,88.9,88.9,100.0,3.33,1.0,1.83,5.0,0.0,1.67,1.67,0.0,5.0,0.0,0.0,4.66,0.0,0.0,,11.5,0.0,0.0,0.0,0.08,-0.33,-0.33,53.3,3.33,10.0,18.3,25.0,10.0,53.3,0.0,0.0,1.67,100.0,28.3,1.67,3.33,1.67,33.3,1.67,0.0,0.0,1.67,0.0,0.0,3.33,0.0,0.0,0.0,1.67,3.33,0.0,5.0,4.58,0.0,0.0,0.0,0.0,0.0,0.0,3.33,3.05,0.0,0.0,0.0,0.0,0.0,0.0,0.0,6.67,0.0,0.0,3.33,0.0,0.0,0.0,0.0,0.0,6.67,1.67,25.0,,,,,,,,,,,,,,,,,,,,,,,,,,,,,Jack Skahan,"MF,FW",SJ Earthquakes,27-300,Jack Skahan,Standard,2025,Jack Skahan,2025.0,175000.0,175000.0,0.0,5.550000000000001,0.55,-0.33,6.66,1.67,MF,Standard,-1,MF
4338652251,1,2025,29,26,2293,25.5,0.08,0.04,0.12,0.08,0.0,0.0,0.39,0.0,0.07,0.07,0.06,0.13,1.69,6.51,1.37,0.08,0.04,0.12,0.08,0.12,0.07,0.06,0.13,0.07,0.13,25.5,56.4,26.8,24.3,3.88,63.9,29.5,26.4,5.25,88.3,91.1,92.3,73.9,924.5,288.7,56.4,26.8,24.3,3.88,63.9,29.5,26.4,5.25,88.3,91.1,92.3,73.9,56.4,26.8,24.3,3.88,63.9,29.5,26.4,5.25,88.3,91.1,92.3,73.9,56.4,26.8,24.3,3.88,63.9,29.5,26.4,5.25,88.3,91.1,92.3,73.9,0.04,0.08,-0.02,0.9,6.94,0.71,0.08,0.08,0.94,0.31,33.3,0.94,0.31,0.08,0.25,20.1,0.0,0.0,0.0,0.07,0.01,0.01,73.8,3.73,18.0,44.9,11.6,0.98,73.8,0.63,50.0,0.51,40.6,43.4,0.08,0.9,0.51,51.9,1.92,0.67,1.25,1.92,0.67,42.5,0.9,1.41,0.78,1.53,3.45,2.31,0.08,2.2,2.2,0.08,0.0,0.08,0.0,0.08,0.0,0.16,0.16,0.08,0.0,0.08,0.0,0.08,0.0,0.0,1.49,1.1,0.0,0.55,1.53,1.25,0.0,0.04,0.0,5.96,1.57,66.7,,,,,,,,,,,,,,,,,,,,,,,,,,,,,Bartosz Slisz,MF,Atlanta Utd,26-250,Bartosz Slisz,TAM Player,2028,Bartosz Slisz,2025.0,670000.0,870000.0,0.003137254901960784,0.001568627450980392,0.0027450980392156863,0.009999999999999995,8.2,3.45,MF,TAM,0,MF
5975279254,2,2025,14,0,157,1.7,0.0,0.0,0.0,0.0,0.0,0.0,0.0,0.0,0.18,0.18,0.06,0.24,3.53,3.53,7.06,0.0,0.0,0.0,0.0,0.0,0.18,0.03,0.2,0.18,0.2,1.7,27.6,9.41,13.5,2.94,35.9,12.9,15.3,2.94,77.0,72.7,88.5,100.0,517.1,118.2,27.6,9.41,13.5,2.94,35.9,12.9,15.3,2.94,77.0,72.7,88.5,100.0,27.6,9.41,13.5,2.94,35.9,12.9,15.3,2.94,77.0,72.7,88.5,100.0,27.6,9.41,13.5,2.94,35.9,12.9,15.3,2.94,77.0,72.7,88.5,100.0,0.0,0.06,-0.06,0.59,1.76,0.0,0.0,0.0,0.59,0.59,100.0,0.57,0.57,0.0,0.0,9.4,0.0,0.0,0.0,0.31,-0.18,-0.18,53.5,1.18,7.65,18.8,27.1,4.71,53.5,0.59,33.3,1.18,66.7,30.0,1.18,5.29,2.94,35.9,0.59,0.0,0.59,0.59,0.0,0.0,1.18,0.59,0.59,1.76,2.35,2.94,0.0,2.94,2.87,0.0,0.0,0.0,0.0,0.0,0.0,0.59,0.57,0.0,0.0,0.0,0.0,0.0,0.0,0.0,1.76,2.94,0.59,0.59,1.76,0.59,0.0,0.0,0.0,6.47,2.94,50.0,,,,,,,,,,,,,,,,,,,,,,,,,,,,,Tyger Smalls,"FW,MF",Charlotte,23-077,Tyger Smalls,Standard,2025,Tyger Smalls,2025.0,80622.0,80622.0,0.0,0.0,0.10588235294117647,-0.18,7.06,2.35,MF,Standard,0,MF
2306972747,1,2025,5,0,71,0.8,0.0,0.0,0.0,0.0,0.0,0.0,0.0,0.0,0.0,0.0,0.0,0.0,0.0,13.8,0.0,0.0,0.0,0.0,0.0,0.0,0.0,0.03,0.03,0.0,0.03,0.8,83.8,42.5,28.8,10.0,95.0,46.3,32.5,11.3,88.2,91.9,88.5,88.9,1467.5,558.8,83.8,42.5,28.8,10.0,95.0,46.3,32.5,11.3,88.2,91.9,88.5,88.9,83.8,42.5,28.8,10.0,95.0,46.3,32.5,11.3,88.2,91.9,88.5,88.9,83.8,42.5,28.8,10.0,95.0,46.3,32.5,11.3,88.2,91.9,88.5,88.9,0.0,0.0,0.0,1.25,16.3,1.25,1.25,0.0,0.0,0.0,,0.0,0.0,,,,0.0,0.0,0.0,,0.0,0.0,106.3,10.0,32.5,56.3,17.5,1.25,106.3,0.0,0.0,2.5,100.0,58.8,0.0,1.25,2.5,85.0,1.25,1.25,0.0,1.25,1.25,100.0,0.0,0.0,0.0,1.25,2.5,2.5,0.0,1.25,1.27,0.0,0.0,0.0,0.0,0.0,0.0,0.0,0.0,0.0,0.0,0.0,0.0,0.0,0.0,0.0,2.5,1.25,0.0,1.25,1.25,0.0,0.0,0.0,0.0,10.0,3.75,100.0,,,,,,,,,,,,,,,,,,,,,,,,,,,,,Pedro Soma,"MF,FW",San Diego FC,19-157,,,,Pedro Soma,2025.0,225000.0,275453.0,0.0,0.0,0.0,0.0,13.8,2.5,MF,Unknown,0,MF
7039496329,2,2025,21,7,867,9.6,0.21,0.0,0.21,0.21,0.0,0.0,0.1,0.0,0.18,0.18,0.07,0.25,4.27,1.04,6.15,0.21,0.0,0.21,0.21,0.21,0.18,0.07,0.25,0.18,0.25,9.6,18.8,9.48,6.15,2.6,29.2,11.5,10.2,5.1,64.3,82.7,60.2,51.0,339.8,113.9,18.8,9.48,6.15,2.6,29.2,11.5,10.2,5.1,64.3,82.7,60.2,51.0,18.8,9.48,6.15,2.6,29.2,11.5,10.2,5.1,64.3,82.7,60.2,51.0,18.8,9.48,6.15,2.6,29.2,11.5,10.2,5.1,64.3,82.7,60.2,51.0,0.0,0.09,-0.07,1.15,1.25,0.42,0.42,0.21,1.46,0.63,42.9,1.45,0.62,0.14,0.33,16.7,0.0,0.0,0.0,0.12,0.03,0.03,46.8,2.08,12.5,15.3,20.0,3.33,46.8,2.19,44.7,2.4,48.9,24.9,1.35,3.44,1.88,26.8,2.81,0.83,1.35,2.81,0.83,57.1,0.63,1.25,1.15,0.94,3.75,2.29,0.0,1.77,1.76,0.1,0.1,0.0,0.0,0.1,0.0,0.1,0.1,0.1,0.1,0.0,0.0,0.1,0.0,0.0,0.52,1.15,0.63,3.85,0.94,1.35,0.0,0.1,0.0,4.17,0.63,35.3,,,,,,,,,,,,,,,,,,,,,,,,,,,,,Tyrese Spicer,"MF,FW",Orlando City,25-000,Tyrese Spicer,Standard,2025,Tyrese Spicer,2025.0,80622.0,83122.0,0.021875,0.0,0.01875,0.03,5.31,3.75,MF,Standard,0,MF
7039496329,3,2025,21,7,867,9.6,0.21,0.0,0.21,0.21,0.0,0.0,0.1,0.0,0.18,0.18,0.07,0.25,4.27,1.04,6.15,0.21,0.0,0.21,0.21,0.21,0.18,0.07,0.25,0.18,0.25,9.6,18.8,9.48,6.15,2.6,29.2,11.5,10.2,5.1,64.3,82.7,60.2,51.0,339.8,113.9,18.8,9.48,6.15,2.6,29.2,11.5,10.2,5.1,64.3,82.7,60.2,51.0,18.8,9.48,6.15,2.6,29.2,11.5,10.2,5.1,64.3,82.7,60.2,51.0,18.8,9.48,6.15,2.6,29.2,11.5,10.2,5.1,64.3,82.7,60.2,51.0,0.0,0.09,-0.07,1.15,1.25,0.42,0.42,0.21,1.46,0.63,42.9,1.45,0.62,0.14,0.33,16.7,0.0,0.0,0.0,0.12,0.03,0.03,46.8,2.08,12.5,15.3,20.0,3.33,46.8,2.19,44.7,2.4,48.9,24.9,1.35,3.44,1.88,26.8,2.81,0.83,1.35,2.81,0.83,57.1,0.63,1.25,1.15,0.94,3.75,2.29,0.0,1.77,1.76,0.1,0.1,0.0,0.0,0.1,0.0,0.1,0.1,0.1,0.1,0.0,0.0,0.1,0.0,0.0,0.52,1.15,0.63,3.85,0.94,1.35,0.0,0.1,0.0,4.17,0.63,35.3,,,,,,,,,,,,,,,,,,,,,,,,,,,,,Tyrese Spicer,"MF,FW",Orlando City,25-000,Tyrese Spicer,Standard,2025,Tyrese Spicer,2025.0,80622.0,83122.0,0.021875,0.0,0.01875,0.03,5.31,3.75,MF,Standard,0,MF
7039496329,2,2025,8,2,283,3.1,0.32,0.65,0.97,0.32,0.0,0.0,0.0,0.0,0.1,0.1,0.42,0.55,6.45,3.23,17.4,0.32,0.64,0.95,0.32,0.95,0.11,0.42,0.53,0.11,0.53,3.1,22.9,10.0,10.0,2.26,38.1,12.3,18.4,3.87,60.2,81.6,54.4,58.3,404.8,127.4,22.9,10.0,10.0,2.26,38.1,12.3,18.4,3.87,60.2,81.6,54.4,58.3,22.9,10.0,10.0,2.26,38.1,12.3,18.4,3.87,60.2,81.6,54.4,58.3,22.9,10.0,10.0,2.26,38.1,12.3,18.4,3.87,60.2,81.6,54.4,58.3,0.65,0.39,0.23,2.26,1.29,2.9,1.61,0.32,2.9,0.65,22.2,2.86,0.64,0.11,0.5,17.7,0.0,0.0,0.0,0.04,0.23,0.23,55.2,0.97,3.55,20.0,34.2,7.1,55.2,3.55,57.9,1.94,31.6,36.5,2.9,2.58,1.29,40.0,2.9,0.97,1.61,2.9,0.97,75.0,0.32,0.97,0.97,1.29,4.19,0.65,0.0,4.19,4.13,1.29,0.0,0.0,0.0,0.0,0.0,0.97,0.95,1.29,0.0,0.0,0.0,0.0,0.0,0.0,0.32,0.97,0.32,8.06,1.29,1.61,0.0,0.0,0.0,2.26,0.65,50.0,,,,,,,,,,,,,,,,,,,,,,,,,,,,,Tyrese Spicer,"MF,FW",Orlando City,25-000,Tyrese Spicer,Standard,2025,Tyrese Spicer,2025.0,80622.0,83122.0,0.1032258064516129,0.20967741935483872,0.03225806451612903,0.22,9.68,4.1899999999999995,MF,Standard,0,MF
7039496329,3,2025,8,2,283,3.1,0.32,0.65,0.97,0.32,0.0,0.0,0.0,0.0,0.1,0.1,0.42,0.55,6.45,3.23,17.4,0.32,0.64,0.95,0.32,0.95,0.11,0.42,0.53,0.11,0.53,3.1,22.9,10.0,10.0,2.26,38.1,12.3,18.4,3.87,60.2,81.6,54.4,58.3,404.8,127.4,22.9,10.0,10.0,2.26,38.1,12.3,18.4,3.87,60.2,81.6,54.4,58.3,22.9,10.0,10.0,2.26,38.1,12.3,18.4,3.87,60.2,81.6,54.4,58.3,22.9,10.0,10.0,2.26,38.1,12.3,18.4,3.87,60.2,81.6,54.4,58.3,0.65,0.39,0.23,2.26,1.29,2.9,1.61,0.32,2.9,0.65,22.2,2.86,0.64,0.11,0.5,17.7,0.0,0.0,0.0,0.04,0.23,0.23,55.2,0.97,3.55,20.0,34.2,7.1,55.2,3.55,57.9,1.94,31.6,36.5,2.9,2.58,1.29,40.0,2.9,0.97,1.61,2.9,0.97,75.0,0.32,0.97,0.97,1.29,4.19,0.65,0.0,4.19,4.13,1.29,0.0,0.0,0.0,0.0,0.0,0.97,0.95,1.29,0.0,0.0,0.0,0.0,0.0,0.0,0.32,0.97,0.32,8.06,1.29,1.61,0.0,0.0,0.0,2.26,0.65,50.0,,,,,,,,,,,,,,,,,,,,,,,,,,,,,Tyrese Spicer,"MF,FW",Orlando City,25-000,Tyrese Spicer,Standard,2025,Tyrese Spicer,2025.0,80622.0,83122.0,0.1032258064516129,0.20967741935483872,0.03225806451612903,0.22,9.68,4.1899999999999995,MF,Standard,0,MF
6472408117,2,2025,4,0,31,0.3,0.0,0.0,0.0,0.0,0.0,0.0,0.0,0.0,0.0,0.0,0.0,0.0,0.0,6.67,6.67,0.0,0.0,0.0,0.0,0.0,0.0,0.0,0.0,0.0,0.0,0.3,30.0,13.3,16.7,0.0,40.0,20.0,20.0,0.0,75.0,66.7,83.3,,426.7,103.3,30.0,13.3,16.7,0.0,40.0,20.0,20.0,0.0,75.0,66.7,83.3,,30.0,13.3,16.7,0.0,40.0,20.0,20.0,0.0,75.0,66.7,83.3,,30.0,13.3,16.7,0.0,40.0,20.0,20.0,0.0,75.0,66.7,83.3,,0.0,0.0,0.0,0.0,3.33,0.0,0.0,0.0,0.0,0.0,,0.0,0.0,,,,0.0,0.0,0.0,,0.0,0.0,60.0,0.0,6.67,30.0,23.3,0.0,60.0,0.0,,0.0,,23.3,0.0,3.33,0.0,36.7,10.0,3.33,10.0,10.0,3.33,100.0,0.0,0.0,0.0,3.33,13.3,0.0,0.0,0.0,0.0,0.0,0.0,0.0,0.0,0.0,0.0,0.0,0.0,0.0,0.0,0.0,0.0,0.0,0.0,0.0,3.33,6.67,3.33,0.0,3.33,10.0,0.0,0.0,0.0,6.67,3.33,100.0,,,,,,,,,,,,,,,,,,,,,,,,,,,,,Kimani Stewart-Baynes,"MF,FW",Colorado Rapids,20-321,Kimani Stewart-Baynes,Generation Adidas,2026,Kimani Stewart-Baynes,2025.0,90000.0,91000.0,0.0,0.0,0.0,0.0,6.67,13.33,MF,GA,-1,MF
1986420995,3,2025,29,15,1303,14.5,0.0,0.0,0.0,0.0,0.0,0.0,0.21,0.0,0.18,0.18,0.21,0.39,1.79,2.34,7.31,0.0,0.0,0.0,0.0,0.0,0.18,0.21,0.39,0.18,0.39,14.5,21.5,11.4,8.48,1.17,30.3,14.0,10.7,2.97,70.9,81.3,79.4,39.5,344.8,85.4,21.5,11.4,8.48,1.17,30.3,14.0,10.7,2.97,70.9,81.3,79.4,39.5,21.5,11.4,8.48,1.17,30.3,14.0,10.7,2.97,70.9,81.3,79.4,39.5,21.5,11.4,8.48,1.17,30.3,14.0,10.7,2.97,70.9,81.3,79.4,39.5,0.0,0.23,-0.21,1.66,1.59,0.76,0.48,0.0,2.28,0.48,21.2,2.28,0.48,0.0,0.0,18.5,0.0,0.0,0.0,0.08,-0.18,-0.18,41.5,0.9,5.93,17.1,19.0,4.0,41.5,0.34,31.3,0.76,68.8,24.9,0.76,2.28,1.38,27.7,1.66,0.62,1.24,1.66,0.62,33.3,1.24,1.31,1.1,0.28,1.93,0.55,0.0,2.76,2.76,0.0,0.0,0.14,0.0,0.0,0.0,0.07,0.07,0.0,0.0,0.14,0.0,0.0,0.0,0.0,1.93,1.1,0.14,2.97,0.28,1.24,0.0,0.0,0.0,4.0,0.14,14.3,,,,,,,,,,,,,,,,,,,,,,,,,,,,,Jared Stroud,"FW,MF",D.C. United,29-147,Jared Stroud,Standard,2026,Jared Stroud,2025.0,350000.0,392500.0,0.0,0.0,0.012413793103448275,-0.18,4.13,1.94,MF,Standard,0,MF
2823554863,1,2025,27,22,1720,19.1,0.0,0.16,0.16,0.0,0.0,0.0,0.31,0.0,0.03,0.03,0.12,0.15,0.84,5.24,1.83,0.0,0.16,0.16,0.0,0.16,0.03,0.11,0.14,0.03,0.14,19.1,43.6,23.2,17.0,2.2,51.6,25.6,19.1,4.29,84.5,90.8,89.3,51.2,674.8,182.8,43.6,23.2,17.0,2.2,51.6,25.6,19.1,4.29,84.5,90.8,89.3,51.2,43.6,23.2,17.0,2.2,51.6,25.6,19.1,4.29,84.5,90.8,89.3,51.2,43.6,23.2,17.0,2.2,51.6,25.6,19.1,4.29,84.5,90.8,89.3,51.2,0.16,0.1,0.04,0.89,5.86,0.47,0.1,0.0,0.84,0.05,6.3,0.84,0.05,0.0,0.0,23.3,0.0,0.0,0.0,0.04,-0.03,-0.03,61.6,1.26,8.9,40.8,12.8,0.73,61.6,0.37,38.9,0.42,44.4,30.3,0.1,0.99,0.68,42.0,2.83,1.15,1.78,2.83,1.15,50.0,1.15,1.2,0.99,1.26,4.08,1.41,0.0,1.99,1.99,0.1,0.0,0.21,0.0,0.0,0.0,0.21,0.21,0.1,0.0,0.21,0.0,0.0,0.0,0.0,1.36,1.05,0.0,0.37,1.26,1.78,0.0,0.0,0.0,5.08,0.58,37.9,,,,,,,,,,,,,,,,,,,,,,,,,,,,,Peter Stroud,MF,NY Red Bulls,23-225,Peter Stroud,Homegrown,2025,Peter Stroud,2025.0,125000.0,145003.0,0.0,0.00837696335078534,0.0015706806282722511,-0.03,6.08,4.09,MF,HG,0,MF
1669286226,1,2025,32,26,2017,22.4,0.09,0.13,0.22,0.09,0.0,0.0,0.09,0.04,0.11,0.11,0.06,0.17,4.2,2.95,8.66,0.09,0.13,0.22,0.09,0.22,0.11,0.06,0.17,0.11,0.17,22.4,31.5,17.3,11.0,2.14,39.4,19.5,13.5,3.84,79.9,89.0,81.5,55.8,489.2,85.4,31.5,17.3,11.0,2.14,39.4,19.5,13.5,3.84,79.9,89.0,81.5,55.8,31.5,17.3,11.0,2.14,39.4,19.5,13.5,3.84,79.9,89.0,81.5,55.8,31.5,17.3,11.0,2.14,39.4,19.5,13.5,3.84,79.9,89.0,81.5,55.8,0.13,0.12,0.08,0.85,1.16,1.03,0.18,0.09,1.61,0.36,22.2,1.61,0.36,0.06,0.25,18.6,0.13,0.0,0.0,0.07,-0.02,-0.02,48.8,0.49,4.42,16.6,28.2,4.02,48.8,0.89,29.9,1.65,55.2,34.2,2.5,1.29,1.21,37.2,1.16,0.71,0.63,1.16,0.71,59.3,0.49,0.45,0.45,0.45,1.61,0.67,0.09,2.5,2.5,0.0,0.0,0.4,0.18,0.0,0.0,0.36,0.36,0.0,0.0,0.4,0.18,0.0,0.0,0.0,0.85,2.72,0.22,3.66,0.45,0.63,0.09,0.04,0.0,3.62,0.49,28.2,,,,,,,,,,,,,,,,,,,,,,,,,,,,,Magomed-Shapi Suleymanov,"FW,MF",Sporting KC,25-353,,,,,,,,0.004017857142857143,0.005803571428571429,0.0049107142857142865,-0.020000000000000004,7.15,1.6099999999999999,MF,Unknown,0,MF
6110121359,2,2025,11,1,221,2.5,0.0,0.0,0.0,0.0,0.0,0.0,0.4,0.0,0.2,0.2,0.12,0.28,1.6,6.0,9.2,0.0,0.0,0.0,0.0,0.0,0.19,0.11,0.3,0.19,0.3,2.5,24.4,13.2,9.2,0.4,35.6,18.4,11.6,2.8,68.5,71.7,79.3,14.3,350.0,83.2,24.4,13.2,9.2,0.4,35.6,18.4,11.6,2.8,68.5,71.7,79.3,14.3,24.4,13.2,9.2,0.4,35.6,18.4,11.6,2.8,68.5,71.7,79.3,14.3,24.4,13.2,9.2,0.4,35.6,18.4,11.6,2.8,68.5,71.7,79.3,14.3,0.0,0.12,-0.12,1.2,2.4,2.0,0.0,0.0,2.4,0.4,16.7,2.44,0.41,0.0,0.0,16.9,0.0,0.0,0.0,0.08,-0.2,-0.2,55.2,0.4,8.4,20.8,26.0,6.8,55.2,0.0,0.0,4.8,100.0,27.6,0.8,2.4,1.6,32.0,4.0,2.0,2.0,4.0,2.0,41.7,2.8,2.8,2.8,0.0,4.0,0.4,0.0,4.0,4.09,0.0,0.0,0.0,0.0,0.4,0.0,0.0,0.0,0.0,0.0,0.0,0.0,0.4,0.0,0.0,1.6,0.8,0.4,1.6,0.0,2.0,0.0,0.0,0.0,4.0,2.4,66.7,,,,,,,,,,,,,,,,,,,,,,,,,,,,,Cavan Sullivan,MF,Philadelphia Union,16-067,Cavan Sullivan,Homegrown,2028,Cavan Sullivan,2025.0,200000.0,364000.0,0.0,0.0,0.08,-0.2,7.6,4.0,MF,HG,0,MF
8850189248,1,2025,1,0,5,0.1,0.0,0.0,0.0,0.0,0.0,0.0,0.0,0.0,0.0,0.0,0.0,0.0,0.0,0.0,0.0,0.0,0.0,0.0,0.0,0.0,0.0,0.0,0.0,0.0,0.0,0.1,0.0,0.0,0.0,0.0,10.0,0.0,0.0,10.0,0.0,,,0.0,0.0,0.0,0.0,0.0,0.0,0.0,10.0,0.0,0.0,10.0,0.0,,,0.0,0.0,0.0,0.0,0.0,10.0,0.0,0.0,10.0,0.0,,,0.0,0.0,0.0,0.0,0.0,10.0,0.0,0.0,10.0,0.0,,,0.0,0.0,0.0,0.0,0.0,0.0,0.0,0.0,0.0,0.0,0.0,,0.0,0.0,,,,0.0,0.0,0.0,,0.0,0.0,10.0,0.0,0.0,10.0,0.0,0.0,10.0,0.0,,0.0,,10.0,0.0,0.0,0.0,0.0,0.0,0.0,0.0,0.0,0.0,,0.0,0.0,0.0,0.0,0.0,0.0,0.0,0.0,0.0,0.0,0.0,0.0,0.0,0.0,0.0,0.0,0.0,0.0,0.0,0.0,0.0,0.0,0.0,0.0,0.0,0.0,0.0,0.0,0.0,0.0,0.0,0.0,0.0,10.0,0.0,,,,,,,,,,,,,,,,,,,,,,,,,,,,,,Michael Sullivan,MF,Toronto FC,22-276,,,,,,,,0.0,0.0,0.0,0.0,0.0,0.0,MF,Unknown,0,MF
1837173632,2,2025,28,24,1955,21.7,0.09,0.32,0.41,0.09,0.0,0.05,0.14,0.0,0.18,0.14,0.28,0.41,3.82,4.33,7.79,0.09,0.32,0.41,0.09,0.41,0.18,0.28,0.45,0.14,0.42,21.7,26.7,15.0,8.43,1.66,39.9,18.1,12.4,5.16,66.9,83.0,68.0,32.1,399.6,125.9,26.7,15.0,8.43,1.66,39.9,18.1,12.4,5.16,66.9,83.0,68.0,32.1,26.7,15.0,8.43,1.66,39.9,18.1,12.4,5.16,66.9,83.0,68.0,32.1,26.7,15.0,8.43,1.66,39.9,18.1,12.4,5.16,66.9,83.0,68.0,32.1,0.32,0.24,0.05,2.03,2.58,1.61,0.46,0.09,2.58,0.78,30.4,2.58,0.78,0.04,0.12,21.9,0.23,0.0,0.05,0.05,-0.08,-0.05,52.1,0.6,4.61,21.0,27.6,4.65,52.0,1.47,48.5,1.47,48.5,29.8,1.47,2.53,1.38,35.5,1.61,0.69,1.29,1.61,0.69,48.4,0.74,1.15,1.15,0.32,1.94,0.83,0.0,4.56,4.56,0.14,0.0,0.05,0.0,0.05,0.0,0.55,0.55,0.14,0.0,0.05,0.0,0.05,0.0,0.0,0.88,0.83,0.09,5.3,0.32,1.29,0.0,0.0,0.0,4.33,0.65,45.2,,,,,,,,,,,,,,,,,,,,,,,,,,,,,Quinn Sullivan,"MF,FW",Philadelphia Union,21-252,Quinn Sullivan,U22 Initiative,2027,Quinn Sullivan,2025.0,450000.0,518000.0,0.004147465437788018,0.014746543778801843,0.008294930875576036,-0.09,8.15,1.9300000000000002,MF,U22,0,MF
6973069397,1,2025,14,10,789,8.8,0.11,0.0,0.11,0.11,0.0,0.0,0.23,0.0,0.14,0.14,0.15,0.27,5.45,4.2,10.2,0.11,0.0,0.11,0.11,0.11,0.13,0.14,0.28,0.13,0.28,8.8,28.0,15.1,10.8,1.82,39.3,17.5,14.7,4.89,71.1,86.4,73.6,37.2,454.1,139.2,28.0,15.1,10.8,1.82,39.3,17.5,14.7,4.89,71.1,86.4,73.6,37.2,28.0,15.1,10.8,1.82,39.3,17.5,14.7,4.89,71.1,86.4,73.6,37.2,28.0,15.1,10.8,1.82,39.3,17.5,14.7,4.89,71.1,86.4,73.6,37.2,0.0,0.18,-0.15,1.14,2.95,1.82,0.45,0.11,2.73,0.57,20.8,2.74,0.57,0.04,0.2,20.1,0.23,0.0,0.0,0.05,-0.02,-0.02,52.5,0.45,6.48,23.4,24.2,3.52,52.5,3.41,57.7,2.05,34.6,35.7,2.16,3.07,1.7,38.1,2.61,1.36,1.7,2.61,1.36,48.0,1.48,1.02,1.02,0.34,2.95,0.57,0.0,3.41,3.42,0.45,0.0,0.23,0.0,0.23,0.0,0.0,0.0,0.45,0.0,0.23,0.0,0.23,0.0,0.0,1.36,3.52,0.34,4.77,0.34,1.7,0.0,0.0,0.0,4.55,0.45,22.2,,,,,,,,,,,,,,,,,,,,,,,,,,,,,Hennadii Synchuk,"MF,FW",CF Montréal,19-147,Hennadii Synchuk,U22 Initiative,2028,,,,,0.012499999999999999,0.0,0.01590909090909091,-0.030000000000000013,9.65,2.9499999999999997,MF,U22,0,MF
2006280190,2,2025,5,0,24,0.3,0.0,0.0,0.0,0.0,0.0,0.0,0.0,0.0,0.33,0.33,0.0,0.33,0.0,6.67,0.0,0.0,0.0,0.0,0.0,0.0,0.28,0.0,0.28,0.28,0.28,0.3,26.7,20.0,6.67,0.0,40.0,26.7,13.3,0.0,66.7,75.0,50.0,,340.0,40.0,26.7,20.0,6.67,0.0,40.0,26.7,13.3,0.0,66.7,75.0,50.0,,26.7,20.0,6.67,0.0,40.0,26.7,13.3,0.0,66.7,75.0,50.0,,26.7,20.0,6.67,0.0,40.0,26.7,13.3,0.0,66.7,75.0,50.0,,0.0,0.0,0.0,0.0,0.0,3.33,0.0,0.0,3.33,0.0,0.0,3.75,0.0,0.0,,15.0,0.0,0.0,0.0,0.07,-0.33,-0.33,63.3,0.0,0.0,26.7,36.7,3.33,63.3,3.33,50.0,3.33,50.0,40.0,0.0,6.67,0.0,43.3,3.33,0.0,0.0,3.33,0.0,,0.0,10.0,10.0,3.33,6.67,0.0,0.0,0.0,0.0,0.0,0.0,0.0,0.0,0.0,0.0,0.0,0.0,0.0,0.0,0.0,0.0,0.0,0.0,0.0,6.67,0.0,3.33,3.33,3.33,0.0,0.0,0.0,0.0,3.33,6.67,40.0,,,,,,,,,,,,,,,,,,,,,,,,,,,,,Iuri Tavares,"MF,FW",Charlotte,24-271,Iuri Tavares,Standard,2026,,,,,0.0,0.0,1.1,-0.33,6.67,6.66,MF,Standard,0,MF
5526458488,3,2025,17,1,412,4.6,0.22,0.0,0.22,0.22,0.0,0.0,0.22,0.0,0.17,0.17,0.09,0.26,3.48,5.0,7.61,0.22,0.0,0.22,0.22,0.22,0.17,0.09,0.26,0.17,0.26,4.6,30.2,16.5,9.78,3.26,40.9,20.0,12.4,5.87,73.9,82.6,78.9,55.6,508.9,133.9,30.2,16.5,9.78,3.26,40.9,20.0,12.4,5.87,73.9,82.6,78.9,55.6,30.2,16.5,9.78,3.26,40.9,20.0,12.4,5.87,73.9,82.6,78.9,55.6,30.2,16.5,9.78,3.26,40.9,20.0,12.4,5.87,73.9,82.6,78.9,55.6,0.0,0.11,-0.09,1.3,2.61,1.96,0.65,0.22,2.61,0.87,33.3,2.62,0.87,0.08,0.25,20.3,0.0,0.0,0.0,0.07,0.04,0.04,53.3,0.22,5.65,21.3,27.4,3.48,53.3,1.74,57.1,1.09,35.7,32.8,0.87,3.48,1.52,38.3,1.96,0.87,1.74,1.96,0.87,66.7,0.43,0.87,0.65,1.96,3.91,0.22,0.0,2.61,2.63,0.22,0.0,0.0,0.0,0.0,0.0,0.22,0.22,0.22,0.0,0.0,0.0,0.0,0.0,0.0,0.87,0.22,0.0,2.39,1.96,1.74,0.0,0.22,0.0,4.78,0.65,42.9,,,,,,,,,,,,,,,,,,,,,,,,,,,,,Robert Taylor,"MF,FW",Inter Miami,31-044,Robert Taylor,Standard,2026,Robert Taylor,2025.0,575000.0,633333.0,0.04782608695652174,0.0,0.036956521739130443,0.04999999999999999,8.48,3.92,MF,Standard,0,MF
5526458488,4,2025,17,1,412,4.6,0.22,0.0,0.22,0.22,0.0,0.0,0.22,0.0,0.17,0.17,0.09,0.26,3.48,5.0,7.61,0.22,0.0,0.22,0.22,0.22,0.17,0.09,0.26,0.17,0.26,4.6,30.2,16.5,9.78,3.26,40.9,20.0,12.4,5.87,73.9,82.6,78.9,55.6,508.9,133.9,30.2,16.5,9.78,3.26,40.9,20.0,12.4,5.87,73.9,82.6,78.9,55.6,30.2,16.5,9.78,3.26,40.9,20.0,12.4,5.87,73.9,82.6,78.9,55.6,30.2,16.5,9.78,3.26,40.9,20.0,12.4,5.87,73.9,82.6,78.9,55.6,0.0,0.11,-0.09,1.3,2.61,1.96,0.65,0.22,2.61,0.87,33.3,2.62,0.87,0.08,0.25,20.3,0.0,0.0,0.0,0.07,0.04,0.04,53.3,0.22,5.65,21.3,27.4,3.48,53.3,1.74,57.1,1.09,35.7,32.8,0.87,3.48,1.52,38.3,1.96,0.87,1.74,1.96,0.87,66.7,0.43,0.87,0.65,1.96,3.91,0.22,0.0,2.61,2.63,0.22,0.0,0.0,0.0,0.0,0.0,0.22,0.22,0.22,0.0,0.0,0.0,0.0,0.0,0.0,0.87,0.22,0.0,2.39,1.96,1.74,0.0,0.22,0.0,4.78,0.65,42.9,,,,,,,,,,,,,,,,,,,,,,,,,,,,,Robert Taylor,"MF,FW",Inter Miami,31-044,Robert Taylor,Standard,2026,Robert Taylor,2025.0,575000.0,633333.0,0.04782608695652174,0.0,0.036956521739130443,0.04999999999999999,8.48,3.92,MF,Standard,0,MF
5526458488,3,2025,4,2,198,2.2,0.45,0.0,0.45,0.45,0.0,0.0,0.0,0.0,0.59,0.59,0.18,0.73,2.27,3.18,8.64,0.45,0.0,0.45,0.45,0.45,0.58,0.17,0.74,0.58,0.74,2.2,24.1,15.0,5.91,0.91,30.0,17.3,8.18,1.36,80.3,86.8,72.2,66.7,317.7,76.8,24.1,15.0,5.91,0.91,30.0,17.3,8.18,1.36,80.3,86.8,72.2,66.7,24.1,15.0,5.91,0.91,30.0,17.3,8.18,1.36,80.3,86.8,72.2,66.7,24.1,15.0,5.91,0.91,30.0,17.3,8.18,1.36,80.3,86.8,72.2,66.7,0.0,0.32,-0.18,0.91,0.45,1.36,0.45,0.45,2.27,0.91,40.0,2.27,0.91,0.2,0.5,11.9,0.0,0.0,0.0,0.25,-0.14,-0.14,40.0,0.0,4.55,16.4,20.0,4.55,40.0,0.91,28.6,2.27,71.4,27.3,0.91,0.91,1.82,30.0,2.27,1.36,0.91,2.27,1.36,75.0,0.45,0.45,0.45,0.45,2.73,0.0,0.0,1.36,1.36,0.0,0.0,0.0,0.0,0.0,0.0,0.0,0.0,0.0,0.0,0.0,0.0,0.0,0.0,0.0,0.0,0.45,0.45,0.45,0.45,0.91,0.0,0.0,0.0,3.18,0.45,50.0,,,,,,,,,,,,,,,,,,,,,,,,,,,,,Robert Taylor,"MF,FW",Inter Miami,31-044,Robert Taylor,Standard,2026,Robert Taylor,2025.0,575000.0,633333.0,0.20454545454545453,0.0,0.26818181818181813,-0.13999999999999996,5.45,2.72,MF,Standard,0,MF
5526458488,4,2025,4,2,198,2.2,0.45,0.0,0.45,0.45,0.0,0.0,0.0,0.0,0.59,0.59,0.18,0.73,2.27,3.18,8.64,0.45,0.0,0.45,0.45,0.45,0.58,0.17,0.74,0.58,0.74,2.2,24.1,15.0,5.91,0.91,30.0,17.3,8.18,1.36,80.3,86.8,72.2,66.7,317.7,76.8,24.1,15.0,5.91,0.91,30.0,17.3,8.18,1.36,80.3,86.8,72.2,66.7,24.1,15.0,5.91,0.91,30.0,17.3,8.18,1.36,80.3,86.8,72.2,66.7,24.1,15.0,5.91,0.91,30.0,17.3,8.18,1.36,80.3,86.8,72.2,66.7,0.0,0.32,-0.18,0.91,0.45,1.36,0.45,0.45,2.27,0.91,40.0,2.27,0.91,0.2,0.5,11.9,0.0,0.0,0.0,0.25,-0.14,-0.14,40.0,0.0,4.55,16.4,20.0,4.55,40.0,0.91,28.6,2.27,71.4,27.3,0.91,0.91,1.82,30.0,2.27,1.36,0.91,2.27,1.36,75.0,0.45,0.45,0.45,0.45,2.73,0.0,0.0,1.36,1.36,0.0,0.0,0.0,0.0,0.0,0.0,0.0,0.0,0.0,0.0,0.0,0.0,0.0,0.0,0.0,0.0,0.45,0.45,0.45,0.45,0.91,0.0,0.0,0.0,3.18,0.45,50.0,,,,,,,,,,,,,,,,,,,,,,,,,,,,,Robert Taylor,"MF,FW",Inter Miami,31-044,Robert Taylor,Standard,2026,Robert Taylor,2025.0,575000.0,633333.0,0.20454545454545453,0.0,0.26818181818181813,-0.13999999999999996,5.45,2.72,MF,Standard,0,MF
1064216649,2,2025,22,17,1238,13.8,0.22,0.07,0.29,0.22,0.0,0.0,0.07,0.0,0.27,0.27,0.06,0.33,2.46,1.81,4.49,0.22,0.07,0.29,0.22,0.29,0.27,0.06,0.33,0.27,0.33,13.8,11.4,5.8,3.84,0.72,17.3,7.83,5.22,1.52,66.1,74.1,73.6,47.6,170.1,54.3,11.4,5.8,3.84,0.72,17.3,7.83,5.22,1.52,66.1,74.1,73.6,47.6,11.4,5.8,3.84,0.72,17.3,7.83,5.22,1.52,66.1,74.1,73.6,47.6,11.4,5.8,3.84,0.72,17.3,7.83,5.22,1.52,66.1,74.1,73.6,47.6,0.07,0.07,0.01,0.65,0.87,1.3,0.22,0.22,1.96,1.01,51.9,1.96,1.02,0.11,0.21,17.1,0.0,0.0,0.0,0.14,-0.05,-0.05,26.3,0.65,2.54,10.5,13.8,3.48,26.3,0.65,33.3,1.23,63.0,16.2,0.94,2.61,1.23,18.4,0.36,0.22,0.29,0.36,0.22,33.3,0.43,0.8,0.8,0.07,0.43,0.58,0.0,1.59,1.6,0.0,0.0,0.22,0.07,0.0,0.0,0.14,0.15,0.0,0.0,0.22,0.07,0.0,0.0,0.0,0.51,1.23,0.65,1.16,0.07,0.29,0.07,0.0,0.0,2.32,0.22,23.1,,,,,,,,,,,,,,,,,,,,,,,,,,,,,Cedric Teuchert,"FW,MF",St. Louis,28-324,Cedric Teuchert,TAM Player,June 2026,Cedric Teuchert,2025.0,1200000.0,1342500.0,0.015942028985507246,0.0050724637681159425,0.01956521739130435,-0.05000000000000002,4.27,0.43,MF,TAM,0,MF
6171846155,1,2025,3,1,99,1.1,0.0,0.0,0.0,0.0,0.0,0.0,0.0,0.0,0.0,0.0,0.27,0.27,0.91,3.64,1.82,0.0,0.0,0.0,0.0,0.0,0.0,0.27,0.27,0.0,0.27,1.1,19.1,10.0,7.27,1.82,26.4,12.7,7.27,3.64,72.4,78.6,100.0,50.0,320.9,103.6,19.1,10.0,7.27,1.82,26.4,12.7,7.27,3.64,72.4,78.6,100.0,50.0,19.1,10.0,7.27,1.82,26.4,12.7,7.27,3.64,72.4,78.6,100.0,50.0,19.1,10.0,7.27,1.82,26.4,12.7,7.27,3.64,72.4,78.6,100.0,50.0,0.0,0.0,-0.27,1.82,1.82,0.0,0.0,0.0,0.0,0.0,,0.0,0.0,,,,0.0,0.0,0.0,,0.0,0.0,36.4,2.73,14.5,16.4,6.36,0.91,36.4,0.0,,0.0,,17.3,0.0,0.0,0.91,20.0,5.45,2.73,3.64,5.45,2.73,100.0,0.0,2.73,1.82,1.82,7.27,1.82,0.0,2.73,2.73,0.0,0.0,0.0,0.0,0.0,0.0,0.0,0.0,0.0,0.0,0.0,0.0,0.0,0.0,0.0,0.91,0.91,0.0,0.91,1.82,3.64,0.0,0.0,0.0,3.64,0.0,,,,,,,,,,,,,,,,,,,,,,,,,,,,,,Odin Thiago Holm,"MF,FW",LAFC,22-320,,,,,,,,0.0,0.0,0.0,0.0,4.55,7.2700000000000005,MF,Unknown,0,MF
1825124332,2,2025,25,14,1271,14.1,0.28,0.28,0.57,0.28,0.0,0.0,0.0,0.0,0.16,0.16,0.19,0.35,3.9,3.55,10.2,0.28,0.28,0.57,0.28,0.57,0.17,0.19,0.35,0.17,0.35,14.1,31.8,17.9,10.4,2.27,39.4,20.4,12.0,3.4,80.9,87.8,86.4,66.7,479.8,83.3,31.8,17.9,10.4,2.27,39.4,20.4,12.0,3.4,80.9,87.8,86.4,66.7,31.8,17.9,10.4,2.27,39.4,20.4,12.0,3.4,80.9,87.8,86.4,66.7,31.8,17.9,10.4,2.27,39.4,20.4,12.0,3.4,80.9,87.8,86.4,66.7,0.28,0.18,0.09,0.99,1.63,1.21,0.14,0.28,3.19,0.85,26.7,3.19,0.85,0.09,0.33,22.3,0.71,0.0,0.0,0.05,0.12,0.12,51.2,0.78,4.75,17.9,29.2,4.11,51.2,0.64,33.3,1.06,55.6,34.1,1.56,1.91,1.13,40.4,1.35,0.64,0.78,1.35,0.64,52.9,0.57,1.21,1.06,0.64,1.99,0.57,0.0,3.19,3.19,0.07,0.07,0.5,0.0,0.14,0.07,0.5,0.5,0.07,0.07,0.5,0.0,0.14,0.07,0.0,1.28,2.7,0.14,1.84,0.64,0.78,0.0,0.0,0.0,3.62,0.21,21.4,,,,,,,,,,,,,,,,,,,,,,,,,,,,,Erik Thommy,"FW,MF",Sporting KC,31-106,Erik Thommy,TAM Player,2025,Erik Thommy,2025.0,1500000.0,1606250.0,0.019858156028368795,0.019858156028368795,0.011347517730496455,0.12000000000000002,7.449999999999999,1.9900000000000002,MF,TAM,0,MF
7912406498,1,2025,30,28,2413,26.8,0.0,0.07,0.07,0.0,0.0,0.0,0.26,0.0,0.06,0.06,0.06,0.12,1.46,6.42,3.73,0.0,0.07,0.07,0.0,0.07,0.06,0.06,0.12,0.06,0.12,26.8,48.9,26.0,19.1,2.65,54.6,27.6,20.3,4.14,89.6,94.2,94.1,64.0,768.4,206.6,48.9,26.0,19.1,2.65,54.6,27.6,20.3,4.14,89.6,94.2,94.1,64.0,48.9,26.0,19.1,2.65,54.6,27.6,20.3,4.14,89.6,94.2,94.1,64.0,48.9,26.0,19.1,2.65,54.6,27.6,20.3,4.14,89.6,94.2,94.1,64.0,0.07,0.08,0.01,0.93,5.22,0.97,0.11,0.0,0.82,0.19,22.7,0.82,0.19,0.0,0.0,18.2,0.0,0.0,0.0,0.07,-0.06,-0.06,63.5,1.08,11.8,33.7,18.8,1.75,63.5,0.86,48.9,0.63,36.2,39.4,0.34,1.79,0.82,48.2,1.53,0.71,1.04,1.53,0.71,47.5,0.78,1.27,1.19,0.97,2.5,0.63,0.04,2.54,2.54,0.07,0.0,0.19,0.0,0.04,0.0,0.22,0.22,0.07,0.0,0.19,0.0,0.04,0.0,0.0,1.27,2.09,0.11,0.78,0.97,1.04,0.0,0.0,0.0,6.49,0.3,40.0,,,,,,,,,,,,,,,,,,,,,,,,,,,,,Timmy Tillman,MF,LAFC,26-334,,,,,,,,0.0,0.0026119402985074628,0.0022388059701492534,-0.06,7.88,2.5,MF,Unknown,0,MF
395650665,1,2025,7,0,100,1.1,0.0,0.0,0.0,0.0,0.0,0.0,0.0,0.0,0.0,0.0,0.0,0.0,0.0,2.73,3.64,0.0,0.0,0.0,0.0,0.0,0.03,0.0,0.03,0.03,0.03,1.1,19.1,10.0,9.09,0.0,23.6,11.8,9.09,0.91,80.8,84.6,100.0,0.0,278.2,57.3,19.1,10.0,9.09,0.0,23.6,11.8,9.09,0.91,80.8,84.6,100.0,0.0,19.1,10.0,9.09,0.0,23.6,11.8,9.09,0.91,80.8,84.6,100.0,0.0,19.1,10.0,9.09,0.0,23.6,11.8,9.09,0.91,80.8,84.6,100.0,0.0,0.0,0.09,0.0,0.0,2.73,0.0,0.0,0.0,0.91,0.0,0.0,0.9,0.0,0.0,,11.0,0.0,0.0,0.0,0.04,0.0,0.0,32.7,0.0,1.82,19.1,12.7,3.64,32.7,0.91,20.0,3.64,80.0,22.7,0.0,1.82,0.91,26.4,0.91,0.0,0.0,0.91,0.0,,0.0,0.0,0.0,0.0,0.91,0.0,0.0,0.91,0.9,0.0,0.0,0.0,0.0,0.0,0.0,0.91,0.9,0.0,0.0,0.0,0.0,0.0,0.0,0.0,3.64,2.73,0.0,0.0,0.0,0.0,0.0,0.0,0.0,1.82,1.82,40.0,,,,,,,,,,,,,,,,,,,,,,,,,,,,,Cayman Togashi,"MF,FW",Atlanta Utd,32-116,Cayman Togashi,Standard,2025,Cayman Togashi,2025.0,104000.0,104000.0,0.0,0.0,0.0,0.0,2.73,0.91,MF,Standard,0,MF
2684619930,1,2025,1,0,8,0.1,0.0,0.0,0.0,0.0,0.0,0.0,0.0,0.0,0.0,0.0,0.0,0.0,0.0,10.0,10.0,0.0,0.0,0.0,0.0,0.0,0.0,0.0,0.0,0.0,0.0,0.1,50.0,40.0,10.0,0.0,60.0,40.0,20.0,0.0,83.3,100.0,50.0,,550.0,250.0,50.0,40.0,10.0,0.0,60.0,40.0,20.0,0.0,83.3,100.0,50.0,,50.0,40.0,10.0,0.0,60.0,40.0,20.0,0.0,83.3,100.0,50.0,,50.0,40.0,10.0,0.0,60.0,40.0,20.0,0.0,83.3,100.0,50.0,,0.0,0.0,0.0,0.0,10.0,0.0,0.0,0.0,0.0,0.0,,0.0,0.0,,,,0.0,0.0,0.0,,0.0,0.0,70.0,0.0,0.0,30.0,40.0,0.0,70.0,0.0,,0.0,,60.0,0.0,10.0,0.0,60.0,0.0,0.0,0.0,0.0,0.0,,0.0,0.0,0.0,0.0,0.0,0.0,0.0,0.0,0.0,0.0,0.0,0.0,0.0,0.0,0.0,0.0,0.0,0.0,0.0,0.0,0.0,0.0,0.0,0.0,10.0,0.0,0.0,10.0,0.0,0.0,0.0,0.0,0.0,0.0,0.0,,,,,,,,,,,,,,,,,,,,,,,,,,,,,,Ervin Torres,MF,Austin,18-020,,,,,,,,0.0,0.0,0.0,0.0,10.0,0.0,MF,Unknown,0,MF
5145336082,4,2025,21,4,519,5.8,0.52,0.34,0.86,0.52,0.0,0.0,0.0,0.0,0.55,0.55,0.19,0.74,2.93,1.55,6.72,0.52,0.35,0.87,0.52,0.87,0.56,0.19,0.75,0.56,0.75,5.8,15.2,11.0,3.45,0.0,22.1,14.5,5.17,0.69,68.8,76.2,66.7,0.0,180.3,29.8,15.2,11.0,3.45,0.0,22.1,14.5,5.17,0.69,68.8,76.2,66.7,0.0,15.2,11.0,3.45,0.0,22.1,14.5,5.17,0.69,68.8,76.2,66.7,0.0,15.2,11.0,3.45,0.0,22.1,14.5,5.17,0.69,68.8,76.2,66.7,0.0,0.34,0.12,0.16,0.52,0.86,0.34,0.17,0.52,2.41,1.21,50.0,2.43,1.21,0.21,0.43,12.4,0.0,0.0,0.0,0.23,-0.03,-0.03,29.3,0.86,2.07,9.14,18.6,5.34,29.3,1.03,66.7,0.52,33.3,16.7,1.21,1.72,0.69,23.4,0.34,0.0,0.34,0.34,0.0,0.0,0.69,0.86,0.69,0.17,0.52,1.03,0.0,1.72,1.73,0.17,0.0,0.0,0.0,0.0,0.0,0.17,0.17,0.17,0.0,0.0,0.0,0.0,0.0,0.0,1.03,0.52,0.17,1.72,0.17,0.34,0.0,0.0,0.0,1.38,3.45,54.1,,,,,,,,,,,,,,,,,,,,,,,,,,,,,Mason Toye,"FW,MF",Sporting KC,27-049,Mason Toye,Standard,2025,Mason Toye,2025.0,350000.0,392500.0,0.08965517241379312,0.05862068965517242,0.09482758620689656,-0.030000000000000027,4.48,0.51,MF,Standard,0,MF
5219555721,1,2025,34,32,2717,30.2,0.07,0.07,0.13,0.07,0.0,0.0,0.1,0.0,0.02,0.02,0.04,0.06,0.36,3.97,0.63,0.07,0.07,0.13,0.07,0.13,0.02,0.04,0.06,0.02,0.06,30.2,34.3,16.3,13.8,2.91,41.0,18.7,15.7,4.24,83.5,86.9,88.0,68.8,567.0,209.5,34.3,16.3,13.8,2.91,41.0,18.7,15.7,4.24,83.5,86.9,88.0,68.8,34.3,16.3,13.8,2.91,41.0,18.7,15.7,4.24,83.5,86.9,88.0,68.8,34.3,16.3,13.8,2.91,41.0,18.7,15.7,4.24,83.5,86.9,88.0,68.8,0.07,0.08,0.03,0.46,3.34,0.66,0.13,0.07,0.3,0.13,44.4,0.3,0.13,0.22,0.5,22.1,0.0,0.0,0.0,0.08,0.04,0.04,50.5,2.62,16.6,27.5,6.72,0.23,50.5,0.33,40.0,0.46,56.0,26.1,0.0,0.76,0.6,30.6,1.72,0.73,0.93,1.72,0.73,44.9,0.89,1.06,0.63,1.39,3.11,1.95,0.03,1.36,1.36,0.03,0.0,0.07,0.0,0.0,0.0,0.1,0.1,0.03,0.0,0.07,0.0,0.0,0.0,0.0,0.99,0.63,0.07,0.3,1.39,0.93,0.0,0.0,0.0,4.47,0.89,54.0,,,,,,,,,,,,,,,,,,,,,,,,,,,,,Wil Trapp,MF,Minnesota Utd,32-323,Wil Trapp,Standard,2025,Wil Trapp,2025.0,500000.0,552500.0,0.002317880794701987,0.002317880794701987,0.0006622516556291391,0.05,4.33,3.11,MF,Standard,0,MF
2692580543,1,2025,5,4,352,3.9,0.51,0.51,1.03,0.51,0.0,0.0,0.26,0.0,0.13,0.13,0.08,0.21,0.26,5.13,1.28,0.51,0.51,1.02,0.51,1.02,0.12,0.08,0.2,0.12,0.2,3.9,35.4,16.9,13.8,3.59,40.0,17.7,15.4,5.38,88.5,95.7,90.0,66.7,573.8,183.3,35.4,16.9,13.8,3.59,40.0,17.7,15.4,5.38,88.5,95.7,90.0,66.7,35.4,16.9,13.8,3.59,40.0,17.7,15.4,5.38,88.5,95.7,90.0,66.7,35.4,16.9,13.8,3.59,40.0,17.7,15.4,5.38,88.5,95.7,90.0,66.7,0.51,0.08,0.44,1.54,4.36,0.77,0.26,0.51,1.54,0.51,33.3,1.53,0.51,0.33,1.0,30.8,0.0,0.0,0.0,0.08,0.38,0.38,50.5,3.08,13.3,28.5,8.72,0.51,50.5,1.79,70.0,0.77,30.0,29.7,0.26,1.03,0.51,33.6,1.79,0.77,1.03,1.79,0.77,60.0,0.51,0.51,0.51,0.51,2.31,1.54,0.0,2.05,2.05,0.0,0.0,0.0,0.0,0.26,0.0,0.26,0.26,0.0,0.0,0.0,0.0,0.26,0.0,0.0,1.54,1.54,0.0,0.26,0.51,1.03,0.0,0.0,0.0,5.13,0.26,50.0,,,,,,,,,,,,,,,,,,,,,,,,,,,,,Nectarios Triantis,MF,Minnesota Utd,22-207,,,,Nectarios Triantis,2025.0,660000.0,722665.0,0.13076923076923078,0.13076923076923078,0.03333333333333333,0.38,5.39,2.3,MF,Unknown,0,MF
4357983102,1,2025,11,4,365,4.1,0.24,0.24,0.49,0.24,0.0,0.0,0.0,0.0,0.07,0.07,0.22,0.32,5.37,4.88,5.37,0.25,0.25,0.49,0.25,0.49,0.08,0.23,0.31,0.08,0.31,4.1,37.8,19.8,12.9,2.68,49.0,22.2,15.4,6.1,77.1,89.0,84.1,44.0,587.3,178.3,37.8,19.8,12.9,2.68,49.0,22.2,15.4,6.1,77.1,89.0,84.1,44.0,37.8,19.8,12.9,2.68,49.0,22.2,15.4,6.1,77.1,89.0,84.1,44.0,37.8,19.8,12.9,2.68,49.0,22.2,15.4,6.1,77.1,89.0,84.1,44.0,0.24,0.22,0.02,1.22,5.37,1.95,0.0,0.24,1.22,0.24,20.0,1.23,0.25,0.2,1.0,20.0,0.24,0.0,0.0,0.07,0.17,0.17,61.0,0.0,5.37,30.2,26.6,2.44,61.0,0.98,40.0,1.22,50.0,36.8,0.73,2.44,1.71,43.2,2.2,0.24,1.22,2.2,0.24,20.0,0.98,0.49,0.49,0.49,2.68,0.49,0.0,4.63,4.68,0.24,0.0,0.0,0.0,0.24,0.0,0.98,0.99,0.24,0.0,0.0,0.0,0.24,0.0,0.0,0.73,1.46,0.0,5.37,0.49,1.22,0.0,0.0,0.0,4.15,0.73,42.9,,,,,,,,,,,,,,,,,,,,,,,,,,,,,Niko Tsakiris,MF,SJ Earthquakes,20-168,Niko Tsakiris,Homegrown,2025,Niko Tsakiris,2025.0,165000.0,169167.0,0.05853658536585366,0.05853658536585366,0.017073170731707322,0.16999999999999998,10.25,2.6900000000000004,MF,HG,0,MF
1234984705,1,2025,3,2,213,2.4,1.25,0.42,1.67,1.25,0.0,0.0,0.42,0.0,0.29,0.29,0.17,0.46,2.5,1.25,4.17,1.27,0.42,1.69,1.27,1.69,0.28,0.18,0.46,0.28,0.46,2.4,14.2,6.67,5.42,0.83,17.9,7.92,6.67,0.83,79.1,84.2,81.3,100.0,209.2,30.4,14.2,6.67,5.42,0.83,17.9,7.92,6.67,0.83,79.1,84.2,81.3,100.0,14.2,6.67,5.42,0.83,17.9,7.92,6.67,0.83,79.1,84.2,81.3,100.0,14.2,6.67,5.42,0.83,17.9,7.92,6.67,0.83,79.1,84.2,81.3,100.0,0.42,0.17,0.25,1.67,0.42,0.83,0.0,1.25,2.08,1.67,80.0,2.11,1.69,0.6,0.75,15.5,0.0,0.0,0.0,0.13,0.96,0.96,30.4,1.25,3.75,10.4,16.7,4.58,30.4,0.83,25.0,2.08,62.5,19.2,1.25,2.5,2.08,23.8,0.83,0.83,0.83,0.83,0.83,66.7,0.42,0.42,0.0,0.0,0.83,0.0,0.0,2.92,2.96,0.83,0.83,0.0,0.0,0.0,0.0,1.25,1.27,0.83,0.83,0.0,0.0,0.0,0.0,0.0,0.83,0.83,1.25,0.0,0.0,0.83,0.0,0.0,0.42,2.92,0.42,25.0,,,,,,,,,,,,,,,,,,,,,,,,,,,,,Dor Turgeman,"FW,MF",NE Revolution,22-041,,,,Dor Turgeman,2025.0,740000.0,740000.0,0.5208333333333334,0.175,0.12083333333333333,0.96,3.75,0.83,MF,Unknown,0,MF
9040347764,1,2025,1,0,25,0.3,0.0,0.0,0.0,0.0,0.0,0.0,0.0,0.0,0.0,0.0,0.0,0.0,0.0,0.0,10.0,0.0,0.0,0.0,0.0,0.0,0.09,0.07,0.16,0.09,0.16,0.3,16.7,10.0,3.33,0.0,26.7,16.7,3.33,3.33,62.5,60.0,100.0,0.0,196.7,16.7,16.7,10.0,3.33,0.0,26.7,16.7,3.33,3.33,62.5,60.0,100.0,0.0,16.7,10.0,3.33,0.0,26.7,16.7,3.33,3.33,62.5,60.0,100.0,0.0,16.7,10.0,3.33,0.0,26.7,16.7,3.33,3.33,62.5,60.0,100.0,0.0,0.0,0.0,0.0,3.33,0.0,0.0,0.0,0.0,3.33,0.0,0.0,3.6,0.0,0.0,,28.3,0.0,0.0,0.0,0.02,0.0,0.0,43.3,0.0,6.67,6.67,30.0,3.33,43.3,0.0,,0.0,,26.7,0.0,6.67,0.0,26.7,0.0,0.0,0.0,0.0,0.0,,0.0,0.0,0.0,0.0,0.0,3.33,0.0,3.33,3.6,0.0,0.0,0.0,0.0,0.0,0.0,0.0,0.0,0.0,0.0,0.0,0.0,0.0,0.0,0.0,0.0,0.0,0.0,0.0,0.0,0.0,0.0,0.0,0.0,3.33,0.0,0.0,,,,,,,,,,,,,,,,,,,,,,,,,,,,,Gavin Turner,"FW,MF",D.C. United,18-333,Gavin Turner,Homegrown,2027,Gavin Turner,2025.0,80622.0,102856.0,0.0,0.0,0.0,0.0,0.0,0.0,MF,HG,0,MF
2396703748,1,2025,33,33,2927,32.5,0.06,0.22,0.28,0.06,0.0,0.0,0.15,0.0,0.03,0.03,0.18,0.21,0.68,7.69,1.45,0.06,0.22,0.28,0.06,0.28,0.03,0.18,0.21,0.03,0.21,32.5,80.3,42.2,30.3,5.82,90.2,45.3,33.0,8.06,89.0,93.2,91.8,72.1,1300.6,380.4,80.3,42.2,30.3,5.82,90.2,45.3,33.0,8.06,89.0,93.2,91.8,72.1,80.3,42.2,30.3,5.82,90.2,45.3,33.0,8.06,89.0,93.2,91.8,72.1,80.3,42.2,30.3,5.82,90.2,45.3,33.0,8.06,89.0,93.2,91.8,72.1,0.22,0.16,0.04,1.38,7.57,1.42,0.09,0.06,0.46,0.15,33.3,0.46,0.15,0.13,0.4,11.8,0.0,0.0,0.0,0.07,0.03,0.03,100.0,4.55,26.6,58.9,15.1,1.48,100.0,0.49,53.3,0.37,40.0,55.9,0.15,0.98,0.58,75.7,2.0,1.14,1.45,2.0,1.14,59.7,0.77,1.05,0.77,2.09,4.09,2.18,0.09,2.74,2.74,0.03,0.0,0.06,0.0,0.06,0.03,0.43,0.43,0.03,0.0,0.06,0.0,0.06,0.03,0.0,0.86,1.45,0.03,0.31,2.09,1.45,0.0,0.03,0.0,7.72,1.26,69.5,,,,,,,,,,,,,,,,,,,,,,,,,,,,,Jeppe Tverskov,MF,San Diego FC,32-267,Jeppe Tverskov,Standard,2026,Jeppe Tverskov,2025.0,700000.0,700000.0,0.0018461538461538461,0.00676923076923077,0.0009230769230769231,0.03,8.370000000000001,4.09,MF,Standard,0,MF
3382949985,3,2025,19,11,973,10.8,0.09,0.09,0.19,0.09,0.0,0.0,0.37,0.0,0.12,0.12,0.1,0.23,0.83,3.43,1.2,0.09,0.09,0.18,0.09,0.18,0.12,0.1,0.23,0.12,0.23,10.8,43.4,24.7,15.0,1.57,48.8,26.0,16.9,1.94,89.0,95.0,89.0,81.0,626.8,146.1,43.4,24.7,15.0,1.57,48.8,26.0,16.9,1.94,89.0,95.0,89.0,81.0,43.4,24.7,15.0,1.57,48.8,26.0,16.9,1.94,89.0,95.0,89.0,81.0,43.4,24.7,15.0,1.57,48.8,26.0,16.9,1.94,89.0,95.0,89.0,81.0,0.09,0.05,-0.01,0.56,3.24,0.19,0.0,0.09,1.2,0.28,23.1,1.2,0.28,0.08,0.33,16.5,0.0,0.0,0.0,0.1,-0.03,-0.03,59.7,1.94,11.9,38.1,9.91,1.39,59.7,0.83,50.0,0.46,27.8,34.5,0.09,1.39,1.48,44.4,2.31,1.11,1.67,2.31,1.11,75.0,0.37,0.93,0.74,0.65,2.96,1.76,0.19,1.48,1.48,0.19,0.0,0.0,0.0,0.0,0.0,0.0,0.0,0.19,0.0,0.0,0.0,0.0,0.0,0.0,0.83,2.69,0.0,0.19,0.65,1.67,0.0,0.0,0.0,3.8,1.02,73.3,,,,,,,,,,,,,,,,,,,,,,,,,,,,,Júnior Urso,MF,Houston Dynamo,36-269,Júnior Urso,Standard,2025,,,,,0.008333333333333333,0.008333333333333333,0.01111111111111111,-0.03,4.26,2.96,MF,Standard,0,MF
1017619724,1,2025,34,26,2446,27.2,0.15,0.26,0.4,0.15,0.0,0.0,0.15,0.0,0.18,0.18,0.16,0.34,1.69,4.71,5.7,0.15,0.26,0.4,0.15,0.4,0.18,0.16,0.34,0.18,0.34,27.2,38.6,24.3,11.5,1.43,46.8,27.0,13.4,2.79,82.6,90.1,86.0,51.3,539.0,136.0,38.6,24.3,11.5,1.43,46.8,27.0,13.4,2.79,82.6,90.1,86.0,51.3,38.6,24.3,11.5,1.43,46.8,27.0,13.4,2.79,82.6,90.1,86.0,51.3,38.6,24.3,11.5,1.43,46.8,27.0,13.4,2.79,82.6,90.1,86.0,51.3,0.26,0.15,0.1,1.1,3.53,1.18,0.0,0.15,1.1,0.37,33.3,1.1,0.37,0.13,0.4,15.5,0.07,0.0,0.0,0.16,-0.03,-0.03,56.3,1.29,9.56,29.1,18.5,3.01,56.3,0.33,32.1,0.51,50.0,32.6,0.37,2.21,0.74,44.6,1.88,0.81,1.21,1.88,0.81,52.4,0.74,1.07,0.88,0.48,2.35,0.66,0.04,2.43,2.43,0.0,0.0,0.26,0.07,0.04,0.0,0.51,0.52,0.0,0.0,0.26,0.07,0.04,0.0,0.0,1.47,2.1,0.11,0.44,0.48,1.21,0.07,0.0,0.0,4.23,0.59,55.2,,,,,,,,,,,,,,,,,,,,,,,,,,,,,Onni Valakari,"MF,FW",San Diego FC,26-108,Onni Valakari,TAM Player,2025,Onni Valakari,2025.0,650000.0,726800.0,0.0055147058823529415,0.009558823529411765,0.006617647058823529,-0.03,6.4,2.36,MF,TAM,0,MF
1691456141,2,2025,23,9,834,9.3,0.54,0.11,0.65,0.54,0.0,0.0,0.11,0.0,0.35,0.35,0.17,0.53,2.15,3.23,7.42,0.54,0.11,0.65,0.54,0.65,0.36,0.17,0.53,0.36,0.53,9.3,28.9,16.7,9.46,0.86,35.7,18.7,11.5,1.72,81.0,89.1,82.2,50.0,393.1,91.9,28.9,16.7,9.46,0.86,35.7,18.7,11.5,1.72,81.0,89.1,82.2,50.0,28.9,16.7,9.46,0.86,35.7,18.7,11.5,1.72,81.0,89.1,82.2,50.0,28.9,16.7,9.46,0.86,35.7,18.7,11.5,1.72,81.0,89.1,82.2,50.0,0.11,0.09,-0.06,1.83,1.4,0.65,0.22,0.54,3.23,1.94,60.0,3.24,1.94,0.17,0.28,15.8,0.0,0.0,0.0,0.11,0.18,0.18,51.6,0.86,4.19,23.4,24.6,5.7,51.6,1.08,27.0,2.47,62.2,32.2,0.86,2.58,2.37,40.1,1.08,0.75,0.32,1.08,0.75,70.0,0.32,2.15,2.04,0.11,1.18,0.65,0.22,4.62,4.63,0.32,0.11,0.65,0.11,0.0,0.0,0.32,0.32,0.32,0.11,0.65,0.11,0.0,0.0,0.0,1.08,2.69,0.0,0.75,0.11,0.32,0.0,0.0,0.0,3.12,1.18,35.5,,,,,,,,,,,,,,,,,,,,,,,,,,,,,Gerardo Valenzuela,"MF,FW",FC Cincinnati,21-067,Gerardo Valenzuela,Homegrown,2026,Gerardo Valenzuela,2025.0,104000.0,121542.0,0.05806451612903226,0.011827956989247311,0.03763440860215053,0.19000000000000006,5.38,1.1900000000000002,MF,HG,0,MF
5256577698,3,2025,34,19,1712,19.0,0.32,0.16,0.47,0.32,0.0,0.0,0.21,0.0,0.24,0.24,0.18,0.43,2.37,3.11,9.53,0.32,0.16,0.47,0.32,0.47,0.24,0.18,0.42,0.24,0.42,19.0,30.2,15.8,11.3,2.47,37.9,17.9,13.9,4.47,79.6,88.2,81.4,55.3,495.2,130.1,30.2,15.8,11.3,2.47,37.9,17.9,13.9,4.47,79.6,88.2,81.4,55.3,30.2,15.8,11.3,2.47,37.9,17.9,13.9,4.47,79.6,88.2,81.4,55.3,30.2,15.8,11.3,2.47,37.9,17.9,13.9,4.47,79.6,88.2,81.4,55.3,0.16,0.21,-0.03,1.32,2.11,1.74,0.79,0.32,2.32,0.79,34.1,2.31,0.79,0.14,0.4,18.9,0.11,0.0,0.0,0.1,0.07,0.07,49.8,1.26,7.79,20.6,22.0,3.47,49.8,0.95,41.9,1.11,48.8,30.4,1.21,2.32,0.68,36.9,1.42,0.84,0.79,1.42,0.84,51.6,0.79,1.26,1.11,0.74,2.16,1.16,0.0,3.11,3.1,0.42,0.0,0.21,0.0,0.0,0.0,0.32,0.31,0.42,0.0,0.21,0.0,0.0,0.0,0.0,1.0,1.89,0.37,3.05,0.74,0.79,0.0,0.0,0.0,4.0,0.95,40.0,,,,,,,,,,,,,,,,,,,,,,,,,,,,,Kerwin Vargas,"FW,MF",Charlotte,23-336,Kerwin Vargas,U22 Initiative,2027,Kerwin Vargas,2025.0,600000.0,683750.0,0.016842105263157894,0.008421052631578947,0.01263157894736842,0.08000000000000002,5.48,2.16,MF,U22,0,MF
6517903804,3,2025,26,26,2268,25.2,0.12,0.04,0.16,0.12,0.0,0.0,0.16,0.0,0.1,0.1,0.09,0.19,1.79,5.6,3.37,0.12,0.04,0.16,0.12,0.16,0.1,0.09,0.19,0.1,0.19,25.2,46.2,25.2,16.6,2.42,53.6,27.7,19.2,3.17,86.1,91.0,86.6,76.3,694.7,171.4,46.2,25.2,16.6,2.42,53.6,27.7,19.2,3.17,86.1,91.0,86.6,76.3,46.2,25.2,16.6,2.42,53.6,27.7,19.2,3.17,86.1,91.0,86.6,76.3,46.2,25.2,16.6,2.42,53.6,27.7,19.2,3.17,86.1,91.0,86.6,76.3,0.04,0.09,-0.05,0.83,4.4,0.79,0.0,0.12,1.19,0.4,33.3,1.19,0.4,0.1,0.3,22.0,0.0,0.0,0.0,0.08,0.02,0.02,64.3,2.02,12.3,32.8,19.5,1.98,64.3,0.91,51.1,0.67,37.8,40.2,0.2,1.83,0.67,48.3,1.94,0.95,1.11,1.94,0.95,54.5,0.79,1.19,0.83,1.07,3.02,0.79,0.12,3.29,3.29,0.16,0.04,0.08,0.0,0.12,0.0,0.36,0.36,0.16,0.04,0.08,0.0,0.12,0.0,0.0,1.03,2.02,0.04,0.28,1.07,1.11,0.0,0.0,0.0,4.29,0.32,50.0,,,,,,,,,,,,,,,,,,,,,,,,,,,,,Obed Vargas,MF,Seattle Sounders,20-121,Obed Vargas,Homegrown,2025,Obed Vargas,2025.0,125000.0,134452.0,0.0047619047619047615,0.0015873015873015873,0.003968253968253969,0.01999999999999999,7.39,3.01,MF,HG,0,MF
3741411879,3,2025,31,21,1964,21.8,0.23,0.09,0.32,0.23,0.0,0.0,0.09,0.0,0.14,0.14,0.11,0.25,2.16,3.44,5.09,0.23,0.09,0.32,0.23,0.32,0.14,0.11,0.25,0.14,0.25,21.8,24.4,13.5,8.44,1.1,32.0,15.6,10.6,2.57,76.3,86.8,79.3,42.9,352.7,101.0,24.4,13.5,8.44,1.1,32.0,15.6,10.6,2.57,76.3,86.8,79.3,42.9,24.4,13.5,8.44,1.1,32.0,15.6,10.6,2.57,76.3,86.8,79.3,42.9,24.4,13.5,8.44,1.1,32.0,15.6,10.6,2.57,76.3,86.8,79.3,42.9,0.09,0.14,-0.01,1.01,2.94,1.01,0.28,0.23,1.56,0.55,35.3,1.56,0.55,0.15,0.42,19.0,0.0,0.0,0.0,0.09,0.09,0.09,40.0,0.37,4.36,18.9,17.4,2.2,40.0,0.87,41.3,1.19,56.5,25.0,0.6,1.33,1.01,28.5,1.06,0.6,0.69,1.06,0.6,48.1,0.64,0.64,0.6,0.69,1.74,0.32,0.0,3.17,3.16,0.09,0.0,0.28,0.0,0.05,0.0,0.28,0.27,0.09,0.0,0.28,0.0,0.05,0.0,0.0,0.87,1.56,0.18,2.16,0.69,0.69,0.0,0.0,0.0,4.82,0.46,47.6,,,,,,,,,,,,,,,,,,,,,,,,,,,,,Indiana Vassilev,MF,Philadelphia Union,24-291,Indiana Vassilev,Standard,2025,Indiana Vassilev,2025.0,350000.0,381750.0,0.01055045871559633,0.004128440366972476,0.006422018348623854,0.09,5.6,1.75,MF,Standard,0,MF
7987824690,1,2025,1,0,20,0.2,0.0,0.0,0.0,0.0,0.0,0.0,0.0,0.0,0.0,0.0,0.0,0.0,5.0,0.0,10.0,0.0,0.0,0.0,0.0,0.0,0.0,0.0,0.0,0.0,0.0,0.2,50.0,15.0,30.0,5.0,55.0,15.0,30.0,10.0,90.9,100.0,100.0,50.0,920.0,130.0,50.0,15.0,30.0,5.0,55.0,15.0,30.0,10.0,90.9,100.0,100.0,50.0,50.0,15.0,30.0,5.0,55.0,15.0,30.0,10.0,90.9,100.0,100.0,50.0,50.0,15.0,30.0,5.0,55.0,15.0,30.0,10.0,90.9,100.0,100.0,50.0,0.0,0.0,0.0,0.0,5.0,0.0,0.0,0.0,0.0,0.0,,0.0,0.0,,,,0.0,0.0,0.0,,0.0,0.0,60.0,0.0,5.0,35.0,20.0,10.0,60.0,0.0,,0.0,,35.0,5.0,5.0,0.0,40.0,0.0,0.0,0.0,0.0,0.0,,0.0,0.0,0.0,0.0,0.0,0.0,0.0,0.0,0.0,0.0,0.0,0.0,0.0,0.0,0.0,0.0,0.0,0.0,0.0,0.0,0.0,0.0,0.0,0.0,0.0,0.0,0.0,5.0,0.0,0.0,0.0,0.0,0.0,10.0,5.0,50.0,,,,,,,,,,,,,,,,,,,,,,,,,,,,,David Vazquez,"FW,MF",San Diego FC,19-285,David Vazquez,Homegrown,2027,David Vazquez,2025.0,104000.0,119880.0,0.0,0.0,0.0,0.0,5.0,0.0,MF,HG,0,MF
7987824690,2,2025,1,0,20,0.2,0.0,0.0,0.0,0.0,0.0,0.0,0.0,0.0,0.0,0.0,0.0,0.0,5.0,0.0,10.0,0.0,0.0,0.0,0.0,0.0,0.0,0.0,0.0,0.0,0.0,0.2,50.0,15.0,30.0,5.0,55.0,15.0,30.0,10.0,90.9,100.0,100.0,50.0,920.0,130.0,50.0,15.0,30.0,5.0,55.0,15.0,30.0,10.0,90.9,100.0,100.0,50.0,50.0,15.0,30.0,5.0,55.0,15.0,30.0,10.0,90.9,100.0,100.0,50.0,50.0,15.0,30.0,5.0,55.0,15.0,30.0,10.0,90.9,100.0,100.0,50.0,0.0,0.0,0.0,0.0,5.0,0.0,0.0,0.0,0.0,0.0,,0.0,0.0,,,,0.0,0.0,0.0,,0.0,0.0,60.0,0.0,5.0,35.0,20.0,10.0,60.0,0.0,,0.0,,35.0,5.0,5.0,0.0,40.0,0.0,0.0,0.0,0.0,0.0,,0.0,0.0,0.0,0.0,0.0,0.0,0.0,0.0,0.0,0.0,0.0,0.0,0.0,0.0,0.0,0.0,0.0,0.0,0.0,0.0,0.0,0.0,0.0,0.0,0.0,0.0,0.0,5.0,0.0,0.0,0.0,0.0,0.0,10.0,5.0,50.0,,,,,,,,,,,,,,,,,,,,,,,,,,,,,David Vazquez,"FW,MF",San Diego FC,19-285,David Vazquez,Homegrown,2027,David Vazquez,2025.0,104000.0,119880.0,0.0,0.0,0.0,0.0,5.0,0.0,MF,HG,0,MF
7987824690,1,2025,4,2,177,2.0,0.0,0.0,0.0,0.0,0.0,0.0,0.0,0.0,0.05,0.05,0.05,0.1,0.5,2.5,6.5,0.0,0.0,0.0,0.0,0.0,0.04,0.04,0.09,0.04,0.09,2.0,29.5,21.0,6.5,1.5,40.0,26.0,10.0,2.5,73.8,80.8,65.0,60.0,384.0,99.0,29.5,21.0,6.5,1.5,40.0,26.0,10.0,2.5,73.8,80.8,65.0,60.0,29.5,21.0,6.5,1.5,40.0,26.0,10.0,2.5,73.8,80.8,65.0,60.0,29.5,21.0,6.5,1.5,40.0,26.0,10.0,2.5,73.8,80.8,65.0,60.0,0.0,0.1,-0.05,1.0,1.5,0.5,0.0,0.0,0.5,0.0,0.0,0.51,0.0,0.0,,14.1,0.0,0.0,0.0,0.09,-0.05,-0.05,48.0,0.0,4.5,20.5,23.0,1.5,48.0,0.5,50.0,0.5,50.0,22.5,0.0,2.0,0.5,36.0,2.5,0.0,1.5,2.5,0.0,0.0,0.5,0.5,0.5,0.0,2.5,0.0,0.0,2.0,2.03,0.0,0.0,0.0,0.0,0.0,0.0,0.0,0.0,0.0,0.0,0.0,0.0,0.0,0.0,0.0,3.0,1.0,0.5,1.5,0.0,1.5,0.0,0.0,0.0,4.5,0.5,50.0,,,,,,,,,,,,,,,,,,,,,,,,,,,,,David Vazquez,"FW,MF",San Diego FC,19-285,David Vazquez,Homegrown,2027,David Vazquez,2025.0,104000.0,119880.0,0.0,0.0,0.025,-0.05,3.0,2.5,MF,HG,0,MF
7987824690,2,2025,4,2,177,2.0,0.0,0.0,0.0,0.0,0.0,0.0,0.0,0.0,0.05,0.05,0.05,0.1,0.5,2.5,6.5,0.0,0.0,0.0,0.0,0.0,0.04,0.04,0.09,0.04,0.09,2.0,29.5,21.0,6.5,1.5,40.0,26.0,10.0,2.5,73.8,80.8,65.0,60.0,384.0,99.0,29.5,21.0,6.5,1.5,40.0,26.0,10.0,2.5,73.8,80.8,65.0,60.0,29.5,21.0,6.5,1.5,40.0,26.0,10.0,2.5,73.8,80.8,65.0,60.0,29.5,21.0,6.5,1.5,40.0,26.0,10.0,2.5,73.8,80.8,65.0,60.0,0.0,0.1,-0.05,1.0,1.5,0.5,0.0,0.0,0.5,0.0,0.0,0.51,0.0,0.0,,14.1,0.0,0.0,0.0,0.09,-0.05,-0.05,48.0,0.0,4.5,20.5,23.0,1.5,48.0,0.5,50.0,0.5,50.0,22.5,0.0,2.0,0.5,36.0,2.5,0.0,1.5,2.5,0.0,0.0,0.5,0.5,0.5,0.0,2.5,0.0,0.0,2.0,2.03,0.0,0.0,0.0,0.0,0.0,0.0,0.0,0.0,0.0,0.0,0.0,0.0,0.0,0.0,0.0,3.0,1.0,0.5,1.5,0.0,1.5,0.0,0.0,0.0,4.5,0.5,50.0,,,,,,,,,,,,,,,,,,,,,,,,,,,,,David Vazquez,"FW,MF",San Diego FC,19-285,David Vazquez,Homegrown,2027,David Vazquez,2025.0,104000.0,119880.0,0.0,0.0,0.025,-0.05,3.0,2.5,MF,HG,0,MF
6935601364,1,2025,8,8,651,7.2,0.0,0.28,0.28,0.0,0.0,0.0,0.14,0.0,0.21,0.21,0.29,0.5,5.56,4.58,9.03,0.0,0.28,0.28,0.0,0.28,0.21,0.29,0.5,0.21,0.5,7.2,20.3,9.17,7.36,3.06,29.4,11.1,10.1,6.53,68.9,82.5,72.6,46.8,364.2,136.5,20.3,9.17,7.36,3.06,29.4,11.1,10.1,6.53,68.9,82.5,72.6,46.8,20.3,9.17,7.36,3.06,29.4,11.1,10.1,6.53,68.9,82.5,72.6,46.8,20.3,9.17,7.36,3.06,29.4,11.1,10.1,6.53,68.9,82.5,72.6,46.8,0.28,0.38,-0.01,2.08,2.64,1.81,0.28,0.0,4.17,1.25,30.0,4.15,1.24,0.0,0.0,19.6,0.42,0.0,0.0,0.05,-0.21,-0.21,44.3,0.83,2.36,17.8,25.6,4.44,44.3,3.06,50.0,2.92,47.7,31.4,2.08,2.78,3.06,34.0,0.83,0.42,0.83,0.83,0.42,18.8,1.81,0.97,0.69,0.0,0.83,0.69,0.0,5.14,5.12,0.69,0.14,0.69,0.0,0.14,0.0,0.42,0.41,0.69,0.14,0.69,0.0,0.14,0.0,0.0,1.53,3.19,0.69,5.28,0.0,0.83,0.0,0.0,0.0,4.31,0.56,30.8,,,,,,,,,,,,,,,,,,,,,,,,,,,,,Kristoffer Velde,"FW,MF",Portland Timbers,26-086,,,,Kristoffer Velde,2025.0,2280000.0,3027000.0,0.0,0.03888888888888889,0.029166666666666664,-0.21,10.14,0.83,MF,Unknown,0,MF
8935592154,2,2025,14,11,1002,11.1,0.0,0.0,0.0,0.0,0.0,0.0,0.18,0.0,0.01,0.01,0.12,0.13,1.89,2.79,6.31,0.0,0.0,0.0,0.0,0.0,0.01,0.11,0.12,0.01,0.12,11.1,49.8,28.3,18.6,2.07,58.9,30.8,21.4,4.05,84.6,91.8,86.9,51.1,755.9,203.2,49.8,28.3,18.6,2.07,58.9,30.8,21.4,4.05,84.6,91.8,86.9,51.1,49.8,28.3,18.6,2.07,58.9,30.8,21.4,4.05,84.6,91.8,86.9,51.1,49.8,28.3,18.6,2.07,58.9,30.8,21.4,4.05,84.6,91.8,86.9,51.1,0.0,0.07,-0.12,0.72,2.07,1.08,0.36,0.0,0.09,0.0,0.0,0.09,0.0,0.0,,20.5,0.0,0.0,0.0,0.08,-0.01,-0.01,65.9,3.33,19.2,28.4,18.6,0.9,65.9,0.27,60.0,0.09,20.0,35.0,0.18,1.53,0.18,44.3,1.35,0.72,0.99,1.35,0.72,61.5,0.45,0.81,0.63,0.27,1.62,2.16,0.09,1.26,1.26,0.0,0.0,0.09,0.0,0.0,0.0,0.0,0.0,0.0,0.0,0.09,0.0,0.0,0.0,0.0,0.9,0.72,0.0,1.98,0.27,0.99,0.0,0.0,0.0,4.14,0.9,47.6,,,,,,,,,,,,,,,,,,,,,,,,,,,,,Oscar Verhoeven,MF,SJ Earthquakes,19-187,Oscar Verhoeven,Homegrown,2025,Oscar Verhoeven,2025.0,125000.0,138395.0,0.0,0.0,0.0009009009009009009,-0.01,4.68,1.62,MF,HG,0,MF
8935592154,3,2025,14,11,1002,11.1,0.0,0.0,0.0,0.0,0.0,0.0,0.18,0.0,0.01,0.01,0.12,0.13,1.89,2.79,6.31,0.0,0.0,0.0,0.0,0.0,0.01,0.11,0.12,0.01,0.12,11.1,49.8,28.3,18.6,2.07,58.9,30.8,21.4,4.05,84.6,91.8,86.9,51.1,755.9,203.2,49.8,28.3,18.6,2.07,58.9,30.8,21.4,4.05,84.6,91.8,86.9,51.1,49.8,28.3,18.6,2.07,58.9,30.8,21.4,4.05,84.6,91.8,86.9,51.1,49.8,28.3,18.6,2.07,58.9,30.8,21.4,4.05,84.6,91.8,86.9,51.1,0.0,0.07,-0.12,0.72,2.07,1.08,0.36,0.0,0.09,0.0,0.0,0.09,0.0,0.0,,20.5,0.0,0.0,0.0,0.08,-0.01,-0.01,65.9,3.33,19.2,28.4,18.6,0.9,65.9,0.27,60.0,0.09,20.0,35.0,0.18,1.53,0.18,44.3,1.35,0.72,0.99,1.35,0.72,61.5,0.45,0.81,0.63,0.27,1.62,2.16,0.09,1.26,1.26,0.0,0.0,0.09,0.0,0.0,0.0,0.0,0.0,0.0,0.0,0.09,0.0,0.0,0.0,0.0,0.9,0.72,0.0,1.98,0.27,0.99,0.0,0.0,0.0,4.14,0.9,47.6,,,,,,,,,,,,,,,,,,,,,,,,,,,,,Oscar Verhoeven,MF,SJ Earthquakes,19-187,Oscar Verhoeven,Homegrown,2025,Oscar Verhoeven,2025.0,125000.0,138395.0,0.0,0.0,0.0009009009009009009,-0.01,4.68,1.62,MF,HG,0,MF
8935592154,2,2025,1,0,6,0.1,0.0,0.0,0.0,0.0,0.0,0.0,0.0,0.0,0.0,0.0,0.0,0.0,0.0,40.0,0.0,0.0,0.0,0.0,0.0,0.0,0.0,0.0,0.0,0.0,0.0,0.1,80.0,40.0,40.0,0.0,80.0,40.0,40.0,0.0,100.0,100.0,100.0,,1310.0,520.0,80.0,40.0,40.0,0.0,80.0,40.0,40.0,0.0,100.0,100.0,100.0,,80.0,40.0,40.0,0.0,80.0,40.0,40.0,0.0,100.0,100.0,100.0,,80.0,40.0,40.0,0.0,80.0,40.0,40.0,0.0,100.0,100.0,100.0,,0.0,0.0,0.0,0.0,20.0,0.0,0.0,0.0,0.0,0.0,,0.0,0.0,,,,0.0,0.0,0.0,,0.0,0.0,80.0,0.0,0.0,50.0,40.0,0.0,80.0,10.0,100.0,0.0,0.0,40.0,0.0,0.0,0.0,70.0,0.0,0.0,0.0,0.0,0.0,,0.0,0.0,0.0,0.0,0.0,0.0,0.0,10.0,15.0,0.0,0.0,0.0,0.0,0.0,0.0,0.0,0.0,0.0,0.0,0.0,0.0,0.0,0.0,0.0,0.0,0.0,0.0,0.0,0.0,0.0,0.0,0.0,0.0,0.0,0.0,,,,,,,,,,,,,,,,,,,,,,,,,,,,,,Oscar Verhoeven,MF,SJ Earthquakes,19-187,Oscar Verhoeven,Homegrown,2025,Oscar Verhoeven,2025.0,125000.0,138395.0,0.0,0.0,0.0,0.0,40.0,0.0,MF,HG,-1,MF
8935592154,3,2025,1,0,6,0.1,0.0,0.0,0.0,0.0,0.0,0.0,0.0,0.0,0.0,0.0,0.0,0.0,0.0,40.0,0.0,0.0,0.0,0.0,0.0,0.0,0.0,0.0,0.0,0.0,0.0,0.1,80.0,40.0,40.0,0.0,80.0,40.0,40.0,0.0,100.0,100.0,100.0,,1310.0,520.0,80.0,40.0,40.0,0.0,80.0,40.0,40.0,0.0,100.0,100.0,100.0,,80.0,40.0,40.0,0.0,80.0,40.0,40.0,0.0,100.0,100.0,100.0,,80.0,40.0,40.0,0.0,80.0,40.0,40.0,0.0,100.0,100.0,100.0,,0.0,0.0,0.0,0.0,20.0,0.0,0.0,0.0,0.0,0.0,,0.0,0.0,,,,0.0,0.0,0.0,,0.0,0.0,80.0,0.0,0.0,50.0,40.0,0.0,80.0,10.0,100.0,0.0,0.0,40.0,0.0,0.0,0.0,70.0,0.0,0.0,0.0,0.0,0.0,,0.0,0.0,0.0,0.0,0.0,0.0,0.0,10.0,15.0,0.0,0.0,0.0,0.0,0.0,0.0,0.0,0.0,0.0,0.0,0.0,0.0,0.0,0.0,0.0,0.0,0.0,0.0,0.0,0.0,0.0,0.0,0.0,0.0,0.0,0.0,,,,,,,,,,,,,,,,,,,,,,,,,,,,,,Oscar Verhoeven,MF,SJ Earthquakes,19-187,Oscar Verhoeven,Homegrown,2025,Oscar Verhoeven,2025.0,125000.0,138395.0,0.0,0.0,0.0,0.0,40.0,0.0,MF,HG,-1,MF
802447720,1,2025,7,6,540,6.0,0.0,0.0,0.0,0.0,0.0,0.0,0.67,0.0,0.08,0.08,0.02,0.12,1.5,6.0,2.17,0.0,0.0,0.0,0.0,0.0,0.09,0.02,0.11,0.09,0.11,6.0,44.5,18.0,21.2,4.5,50.3,19.7,23.0,5.5,88.4,91.5,92.0,81.8,827.5,223.7,44.5,18.0,21.2,4.5,50.3,19.7,23.0,5.5,88.4,91.5,92.0,81.8,44.5,18.0,21.2,4.5,50.3,19.7,23.0,5.5,88.4,91.5,92.0,81.8,44.5,18.0,21.2,4.5,50.3,19.7,23.0,5.5,88.4,91.5,92.0,81.8,0.0,0.07,-0.02,0.67,6.5,0.5,0.17,0.0,1.5,0.5,33.3,1.5,0.5,0.0,0.0,21.4,0.0,0.0,0.0,0.06,-0.08,-0.08,59.5,2.17,10.3,38.7,10.8,1.5,59.5,0.33,25.0,1.0,75.0,39.2,0.17,0.83,1.83,43.7,2.0,0.33,1.17,2.0,0.33,66.7,0.17,1.0,0.5,0.83,2.83,0.83,0.0,2.33,2.33,0.0,0.0,0.0,0.0,0.0,0.0,0.0,0.0,0.0,0.0,0.0,0.0,0.0,0.0,0.0,3.17,1.83,0.0,1.0,0.83,1.17,0.0,0.0,0.0,6.5,0.5,33.3,,,,,,,,,,,,,,,,,,,,,,,,,,,,,Ronaldo Vieira,MF,SJ Earthquakes,27-138,,,,Ronaldo Vieira,2025.0,620000.0,673854.0,0.0,0.0,0.013333333333333334,-0.08,7.5,2.83,MF,Unknown,0,MF
1741604104,3,2025,7,1,179,2.0,0.5,0.0,0.5,0.5,0.0,0.0,0.5,0.0,0.7,0.7,0.0,0.7,2.0,1.5,6.5,0.5,0.0,0.5,0.5,0.5,0.7,0.01,0.71,0.7,0.71,2.0,14.5,6.0,7.0,1.5,21.0,8.5,8.0,3.0,69.0,70.6,87.5,50.0,258.5,20.5,14.5,6.0,7.0,1.5,21.0,8.5,8.0,3.0,69.0,70.6,87.5,50.0,14.5,6.0,7.0,1.5,21.0,8.5,8.0,3.0,69.0,70.6,87.5,50.0,14.5,6.0,7.0,1.5,21.0,8.5,8.0,3.0,69.0,70.6,87.5,50.0,0.0,0.0,0.0,0.5,0.5,0.0,0.0,0.5,4.0,1.5,37.5,4.02,1.51,0.13,0.33,13.7,0.0,0.0,0.0,0.17,-0.2,-0.2,35.0,1.0,3.5,16.0,16.0,6.0,35.0,1.0,40.0,1.0,40.0,19.5,1.0,3.0,3.0,26.5,0.5,0.0,0.0,0.5,0.0,,0.0,2.0,2.0,0.0,0.5,1.5,0.0,2.5,2.51,0.5,0.0,0.0,0.0,0.0,0.0,1.0,1.01,0.5,0.0,0.0,0.0,0.0,0.0,0.0,3.0,2.5,0.5,0.0,0.0,0.0,0.0,0.0,0.0,2.5,2.5,71.4,,,,,,,,,,,,,,,,,,,,,,,,,,,,,Jules-Anthony Vilsaint,"FW,MF",CF Montréal,22-332,Jules-Anthony Vilsaint,Standard,2025,Jules-Anthony Vilsaint,2025.0,125000.0,131875.0,0.25,0.0,0.35,-0.19999999999999996,3.5,0.5,MF,Standard,0,MF
1741604104,4,2025,7,1,179,2.0,0.5,0.0,0.5,0.5,0.0,0.0,0.5,0.0,0.7,0.7,0.0,0.7,2.0,1.5,6.5,0.5,0.0,0.5,0.5,0.5,0.7,0.01,0.71,0.7,0.71,2.0,14.5,6.0,7.0,1.5,21.0,8.5,8.0,3.0,69.0,70.6,87.5,50.0,258.5,20.5,14.5,6.0,7.0,1.5,21.0,8.5,8.0,3.0,69.0,70.6,87.5,50.0,14.5,6.0,7.0,1.5,21.0,8.5,8.0,3.0,69.0,70.6,87.5,50.0,14.5,6.0,7.0,1.5,21.0,8.5,8.0,3.0,69.0,70.6,87.5,50.0,0.0,0.0,0.0,0.5,0.5,0.0,0.0,0.5,4.0,1.5,37.5,4.02,1.51,0.13,0.33,13.7,0.0,0.0,0.0,0.17,-0.2,-0.2,35.0,1.0,3.5,16.0,16.0,6.0,35.0,1.0,40.0,1.0,40.0,19.5,1.0,3.0,3.0,26.5,0.5,0.0,0.0,0.5,0.0,,0.0,2.0,2.0,0.0,0.5,1.5,0.0,2.5,2.51,0.5,0.0,0.0,0.0,0.0,0.0,1.0,1.01,0.5,0.0,0.0,0.0,0.0,0.0,0.0,3.0,2.5,0.5,0.0,0.0,0.0,0.0,0.0,0.0,2.5,2.5,71.4,,,,,,,,,,,,,,,,,,,,,,,,,,,,,Jules-Anthony Vilsaint,"FW,MF",CF Montréal,22-332,Jules-Anthony Vilsaint,Standard,2025,Jules-Anthony Vilsaint,2025.0,125000.0,131875.0,0.25,0.0,0.35,-0.19999999999999996,3.5,0.5,MF,Standard,0,MF
1741604104,3,2025,9,1,225,2.5,0.0,0.4,0.4,0.0,0.0,0.0,0.0,0.0,0.24,0.24,0.12,0.32,1.6,0.8,7.2,0.0,0.4,0.4,0.0,0.4,0.23,0.1,0.33,0.23,0.33,2.5,13.6,5.6,5.6,0.8,19.6,8.4,6.8,1.2,69.4,66.7,82.4,66.7,204.0,57.2,13.6,5.6,5.6,0.8,19.6,8.4,6.8,1.2,69.4,66.7,82.4,66.7,13.6,5.6,5.6,0.8,19.6,8.4,6.8,1.2,69.4,66.7,82.4,66.7,13.6,5.6,5.6,0.8,19.6,8.4,6.8,1.2,69.4,66.7,82.4,66.7,0.4,0.24,0.28,1.2,0.0,1.6,1.2,0.0,1.6,1.2,75.0,1.6,1.2,0.0,0.0,14.9,0.0,0.0,0.0,0.14,-0.24,-0.24,29.2,0.4,3.2,10.4,16.0,4.0,29.2,1.2,50.0,0.4,16.7,20.8,0.8,3.2,0.8,21.2,2.0,0.0,1.2,2.0,0.0,0.0,0.8,0.0,0.0,0.0,2.0,0.4,0.0,2.4,2.4,0.0,0.0,0.0,0.0,0.0,0.0,0.4,0.4,0.0,0.0,0.0,0.0,0.0,0.0,0.0,1.6,2.0,0.4,1.2,0.0,1.2,0.0,0.0,0.0,2.0,0.8,40.0,,,,,,,,,,,,,,,,,,,,,,,,,,,,,Jules-Anthony Vilsaint,"FW,MF",CF Montréal,22-332,Jules-Anthony Vilsaint,Standard,2025,Jules-Anthony Vilsaint,2025.0,125000.0,131875.0,0.0,0.16,0.096,-0.24,2.4000000000000004,2.0,MF,Standard,0,MF
1741604104,4,2025,9,1,225,2.5,0.0,0.4,0.4,0.0,0.0,0.0,0.0,0.0,0.24,0.24,0.12,0.32,1.6,0.8,7.2,0.0,0.4,0.4,0.0,0.4,0.23,0.1,0.33,0.23,0.33,2.5,13.6,5.6,5.6,0.8,19.6,8.4,6.8,1.2,69.4,66.7,82.4,66.7,204.0,57.2,13.6,5.6,5.6,0.8,19.6,8.4,6.8,1.2,69.4,66.7,82.4,66.7,13.6,5.6,5.6,0.8,19.6,8.4,6.8,1.2,69.4,66.7,82.4,66.7,13.6,5.6,5.6,0.8,19.6,8.4,6.8,1.2,69.4,66.7,82.4,66.7,0.4,0.24,0.28,1.2,0.0,1.6,1.2,0.0,1.6,1.2,75.0,1.6,1.2,0.0,0.0,14.9,0.0,0.0,0.0,0.14,-0.24,-0.24,29.2,0.4,3.2,10.4,16.0,4.0,29.2,1.2,50.0,0.4,16.7,20.8,0.8,3.2,0.8,21.2,2.0,0.0,1.2,2.0,0.0,0.0,0.8,0.0,0.0,0.0,2.0,0.4,0.0,2.4,2.4,0.0,0.0,0.0,0.0,0.0,0.0,0.4,0.4,0.0,0.0,0.0,0.0,0.0,0.0,0.0,1.6,2.0,0.4,1.2,0.0,1.2,0.0,0.0,0.0,2.0,0.8,40.0,,,,,,,,,,,,,,,,,,,,,,,,,,,,,Jules-Anthony Vilsaint,"FW,MF",CF Montréal,22-332,Jules-Anthony Vilsaint,Standard,2025,Jules-Anthony Vilsaint,2025.0,125000.0,131875.0,0.0,0.16,0.096,-0.24,2.4000000000000004,2.0,MF,Standard,0,MF
7054252272,3,2025,19,16,1395,15.5,0.26,0.13,0.39,0.26,0.0,0.0,0.06,0.0,0.13,0.13,0.25,0.38,1.87,8.0,5.16,0.26,0.13,0.39,0.26,0.39,0.13,0.25,0.38,0.13,0.38,15.5,44.3,20.6,16.6,5.16,55.7,22.4,19.8,9.23,79.5,92.2,84.0,55.9,777.7,268.3,44.3,20.6,16.6,5.16,55.7,22.4,19.8,9.23,79.5,92.2,84.0,55.9,44.3,20.6,16.6,5.16,55.7,22.4,19.8,9.23,79.5,92.2,84.0,55.9,44.3,20.6,16.6,5.16,55.7,22.4,19.8,9.23,79.5,92.2,84.0,55.9,0.13,0.3,-0.12,2.06,6.39,2.58,0.97,0.26,1.94,0.84,43.3,1.94,0.84,0.13,0.31,22.1,0.26,0.0,0.0,0.07,0.13,0.13,65.2,0.65,6.65,33.0,26.3,2.0,65.2,1.1,45.9,1.16,48.6,40.6,0.13,1.94,1.03,48.1,1.03,0.77,0.52,1.03,0.77,54.5,0.65,0.65,0.58,0.45,1.48,0.26,0.0,4.84,4.85,0.0,0.0,0.06,0.0,0.0,0.0,0.71,0.71,0.0,0.0,0.06,0.0,0.0,0.0,0.0,0.77,1.55,0.0,4.77,0.45,0.52,0.0,0.0,0.0,5.23,0.13,25.0,,,,,,,,,,,,,,,,,,,,,,,,,,,,,Pedro Vite,"MF,FW",Vancouver W'caps,23-270,Pedro Vite,U22 Initiative,2025,,,,,0.016774193548387096,0.008387096774193548,0.008387096774193548,0.13,9.870000000000001,1.48,MF,U22,0,MF
2051386853,2,2025,9,6,410,4.6,0.65,0.0,0.65,0.65,0.0,0.0,0.0,0.22,0.74,0.74,0.07,0.8,0.87,0.87,5.87,0.66,0.0,0.66,0.66,0.66,0.75,0.06,0.81,0.75,0.81,4.6,7.39,4.13,1.96,0.43,10.4,5.22,3.04,0.65,70.8,79.2,64.3,66.7,112.6,16.7,7.39,4.13,1.96,0.43,10.4,5.22,3.04,0.65,70.8,79.2,64.3,66.7,7.39,4.13,1.96,0.43,10.4,5.22,3.04,0.65,70.8,79.2,64.3,66.7,7.39,4.13,1.96,0.43,10.4,5.22,3.04,0.65,70.8,79.2,64.3,66.7,0.0,0.02,-0.07,0.43,0.0,0.22,0.0,0.65,4.35,1.52,35.0,4.39,1.54,0.15,0.43,13.7,0.22,0.0,0.0,0.17,-0.09,-0.09,23.3,0.65,0.65,8.26,14.6,5.43,23.3,0.65,37.5,1.09,62.5,15.0,1.3,2.83,3.04,17.4,0.43,0.0,0.22,0.43,0.0,0.0,0.22,0.0,0.0,0.0,0.43,0.43,0.0,1.3,1.32,0.0,0.0,0.0,0.0,0.0,0.0,0.0,0.0,0.0,0.0,0.0,0.0,0.0,0.0,0.0,1.09,1.96,0.87,0.22,0.0,0.22,0.0,0.0,0.0,1.52,1.74,47.1,,,,,,,,,,,,,,,,,,,,,,,,,,,,,Giacomo Vrioni,"FW,MF",CF Montréal,27-050,Giacomo Vrioni,Designated Player,2025,Giacomo Vrioni,2025.0,2000000.0,2247500.0,0.14130434782608697,0.0,0.16086956521739132,-0.08999999999999997,1.74,0.43,MF,DP,0,MF
2060438373,1,2025,1,0,1,0.0,0.0,0.0,0.0,0.0,0.0,0.0,0.0,0.0,0.0,0.0,0.0,0.0,0.0,0.0,0.0,0.0,0.0,0.0,0.0,0.0,0.0,0.0,0.0,0.0,0.0,0.0,2.0,1.0,0.0,0.0,2.0,1.0,0.0,0.0,100.0,100.0,,,10.0,1.0,2.0,1.0,0.0,0.0,2.0,1.0,0.0,0.0,100.0,100.0,,,2.0,1.0,0.0,0.0,2.0,1.0,0.0,0.0,100.0,100.0,,,2.0,1.0,0.0,0.0,2.0,1.0,0.0,0.0,100.0,100.0,,,0.0,0.0,0.0,0.0,0.0,0.0,0.0,0.0,0.0,0.0,,0.0,0.0,,,,0.0,0.0,0.0,,0.0,0.0,2.0,0.0,0.0,0.0,2.0,0.0,2.0,0.0,,0.0,,0.0,0.0,0.0,0.0,1.0,0.0,0.0,0.0,0.0,0.0,,0.0,0.0,0.0,0.0,0.0,0.0,0.0,0.0,0.0,0.0,0.0,0.0,0.0,0.0,0.0,0.0,0.0,0.0,0.0,0.0,0.0,0.0,0.0,0.0,0.0,0.0,0.0,0.0,0.0,0.0,0.0,0.0,0.0,0.0,0.0,,,,,,,,,,,,,,,,,,,,,,,,,,,,,,Sydney Wathuta,MF,Colorado Rapids,21-176,,,,,,,,,,,0.0,0.0,0.0,MF,Unknown,0,MF
1414202356,2,2025,1,0,6,0.1,0.0,0.0,0.0,0.0,0.0,0.0,0.0,0.0,0.0,0.0,0.0,0.0,0.0,0.0,0.0,0.0,0.0,0.0,0.0,0.0,0.0,0.0,0.0,0.0,0.0,0.1,20.0,10.0,10.0,0.0,30.0,10.0,10.0,0.0,66.7,100.0,100.0,,310.0,30.0,20.0,10.0,10.0,0.0,30.0,10.0,10.0,0.0,66.7,100.0,100.0,,20.0,10.0,10.0,0.0,30.0,10.0,10.0,0.0,66.7,100.0,100.0,,20.0,10.0,10.0,0.0,30.0,10.0,10.0,0.0,66.7,100.0,100.0,,0.0,0.0,0.0,0.0,0.0,0.0,0.0,0.0,0.0,0.0,,0.0,0.0,,,,0.0,0.0,0.0,,0.0,0.0,30.0,0.0,0.0,20.0,10.0,0.0,30.0,0.0,,0.0,,20.0,0.0,0.0,0.0,20.0,0.0,0.0,0.0,0.0,0.0,,0.0,0.0,0.0,0.0,0.0,0.0,0.0,0.0,0.0,0.0,0.0,0.0,0.0,0.0,0.0,0.0,0.0,0.0,0.0,0.0,0.0,0.0,0.0,0.0,0.0,0.0,0.0,0.0,0.0,0.0,0.0,0.0,0.0,0.0,0.0,,,,,,,,,,,,,,,,,,,,,,,,,,,,,,Patrick Weah,MF,Atlanta Utd,21-364,,,,,,,,0.0,0.0,0.0,0.0,0.0,0.0,MF,Unknown,0,MF
9759207198,1,2025,32,32,2880,32.0,0.03,0.13,0.16,0.03,0.0,0.0,0.28,0.0,0.05,0.05,0.11,0.16,0.44,5.72,1.0,0.03,0.12,0.16,0.03,0.16,0.05,0.11,0.16,0.05,0.16,32.0,50.5,19.2,23.8,6.63,61.1,20.7,27.3,11.1,82.6,92.6,87.3,59.7,974.4,315.8,50.5,19.2,23.8,6.63,61.1,20.7,27.3,11.1,82.6,92.6,87.3,59.7,50.5,19.2,23.8,6.63,61.1,20.7,27.3,11.1,82.6,92.6,87.3,59.7,50.5,19.2,23.8,6.63,61.1,20.7,27.3,11.1,82.6,92.6,87.3,59.7,0.13,0.12,0.02,1.19,6.06,1.25,0.06,0.03,0.5,0.09,18.8,0.5,0.09,0.06,0.33,22.9,0.13,0.0,0.0,0.1,-0.02,-0.02,67.9,3.16,17.8,38.0,12.7,0.59,67.9,0.16,41.7,0.22,58.3,37.3,0.06,0.72,0.19,47.9,1.06,0.66,0.69,1.06,0.66,65.6,0.34,0.94,0.41,0.88,1.94,1.56,0.03,2.31,2.31,0.0,0.0,0.03,0.0,0.0,0.0,0.25,0.25,0.0,0.0,0.03,0.0,0.0,0.0,0.0,0.78,0.97,0.0,2.72,0.88,0.69,0.0,0.0,0.0,5.06,0.28,64.3,,,,,,,,,,,,,,,,,,,,,,,,,,,,,Ashley Westwood,MF,Charlotte,35-247,Ashley Westwood,TAM Player,2026,Ashley Westwood,2025.0,750000.0,783333.0,0.0009375,0.0040625,0.0015625,-0.020000000000000004,6.16,1.94,MF,TAM,0,MF
536092323,1,2025,7,3,314,3.5,0.0,0.0,0.0,0.0,0.0,0.0,0.0,0.0,0.03,0.03,0.0,0.03,0.0,4.0,1.71,0.0,0.0,0.0,0.0,0.0,0.02,0.01,0.04,0.02,0.04,3.5,36.9,20.6,13.7,1.43,44.9,23.4,16.0,2.29,82.2,87.8,85.7,62.5,520.0,142.9,36.9,20.6,13.7,1.43,44.9,23.4,16.0,2.29,82.2,87.8,85.7,62.5,36.9,20.6,13.7,1.43,44.9,23.4,16.0,2.29,82.2,87.8,85.7,62.5,36.9,20.6,13.7,1.43,44.9,23.4,16.0,2.29,82.2,87.8,85.7,62.5,0.0,0.03,0.0,0.29,3.43,0.29,0.0,0.0,0.29,0.0,0.0,0.29,0.0,0.0,,13.7,0.0,0.0,0.0,0.08,-0.03,-0.03,50.9,2.0,10.3,30.3,10.6,0.86,50.9,0.29,50.0,0.29,50.0,29.4,0.0,0.57,0.29,37.7,0.86,0.57,0.29,0.86,0.57,66.7,0.29,1.14,1.14,0.57,1.43,1.14,0.0,0.29,0.29,0.0,0.0,0.0,0.0,0.0,0.0,0.0,0.0,0.0,0.0,0.0,0.0,0.0,0.0,0.0,0.29,1.14,0.0,1.14,0.57,0.29,0.0,0.0,0.0,4.29,1.14,57.1,,,,,,,,,,,,,,,,,,,,,,,,,,,,,Samuel Williams,MF,Chicago Fire,20-261,,,,,,,,0.0,0.0,0.008571428571428572,-0.03,4.0,1.43,MF,Unknown,0,MF
2878963231,2,2025,24,4,681,7.6,0.0,0.13,0.13,0.0,0.0,0.0,0.66,0.0,0.04,0.04,0.07,0.11,0.53,6.32,4.34,0.0,0.13,0.13,0.0,0.13,0.05,0.06,0.11,0.05,0.11,7.6,37.0,16.7,15.4,2.89,44.7,19.1,17.8,4.61,82.6,87.6,86.7,62.9,599.1,165.9,37.0,16.7,15.4,2.89,44.7,19.1,17.8,4.61,82.6,87.6,86.7,62.9,37.0,16.7,15.4,2.89,44.7,19.1,17.8,4.61,82.6,87.6,86.7,62.9,37.0,16.7,15.4,2.89,44.7,19.1,17.8,4.61,82.6,87.6,86.7,62.9,0.13,0.12,0.07,0.92,4.21,1.18,0.0,0.0,0.39,0.0,0.0,0.4,0.0,0.0,,17.2,0.0,0.0,0.0,0.12,-0.04,-0.04,54.2,1.84,9.08,26.7,18.9,3.29,54.2,0.66,23.8,1.58,57.1,31.2,0.13,1.45,1.18,37.2,1.71,0.79,1.18,1.71,0.79,46.2,0.92,0.79,0.53,1.18,2.89,0.53,0.26,2.24,2.26,0.0,0.0,0.13,0.0,0.0,0.0,0.13,0.13,0.0,0.0,0.13,0.0,0.0,0.0,0.0,2.63,1.71,0.13,1.84,1.18,1.18,0.0,0.13,0.0,3.95,0.92,50.0,,,,,,,,,,,,,,,,,,,,,,,,,,,,,Eryk Williamson,"MF,FW",Charlotte,28-176,Eryk Williamson,Standard,2025,Eryk Williamson,2025.0,775000.0,775000.0,0.0,0.017105263157894738,0.005263157894736843,-0.04,6.8500000000000005,2.8899999999999997,MF,Standard,0,MF
8463114067,1,2025,33,32,2630,29.2,0.38,0.17,0.55,0.38,0.0,0.0,0.07,0.0,0.23,0.23,0.12,0.35,3.12,3.94,10.5,0.38,0.17,0.55,0.38,0.55,0.22,0.12,0.35,0.22,0.35,29.2,29.5,19.1,7.77,0.92,39.5,22.9,10.2,2.19,74.8,83.4,75.9,42.2,387.8,99.2,29.5,19.1,7.77,0.92,39.5,22.9,10.2,2.19,74.8,83.4,75.9,42.2,29.5,19.1,7.77,0.92,39.5,22.9,10.2,2.19,74.8,83.4,75.9,42.2,29.5,19.1,7.77,0.92,39.5,22.9,10.2,2.19,74.8,83.4,75.9,42.2,0.17,0.12,0.05,1.2,1.2,1.88,0.34,0.38,2.09,0.68,32.8,2.09,0.68,0.18,0.55,15.6,0.07,0.0,0.0,0.11,0.15,0.15,52.0,0.99,6.16,18.7,27.6,5.07,52.0,1.1,35.6,1.95,63.3,31.2,1.82,1.99,1.4,36.1,1.92,0.99,1.27,1.92,0.99,46.0,1.16,1.13,1.06,0.72,2.64,0.92,0.0,2.64,2.64,0.1,0.0,0.07,0.0,0.03,0.0,0.38,0.38,0.1,0.0,0.07,0.0,0.03,0.0,0.0,1.2,0.86,0.24,1.85,0.72,1.27,0.0,0.0,0.0,4.76,0.24,31.8,,,,,,,,,,,,,,,,,,,,,,,,,,,,,Hannes Wolf,"FW,MF",NYCFC,26-232,Hannes Wolf,TAM Player,2027,Hannes Wolf,2025.0,1400000.0,1510000.0,0.013013698630136987,0.0058219178082191785,0.007876712328767124,0.15,7.0600000000000005,2.6399999999999997,MF,TAM,0,MF
2580531204,3,2025,34,31,2585,28.7,0.24,0.24,0.49,0.24,0.0,0.0,0.17,0.0,0.13,0.13,0.21,0.33,2.44,4.36,5.33,0.24,0.24,0.49,0.24,0.49,0.12,0.21,0.33,0.12,0.33,28.7,33.7,17.6,12.0,2.93,42.1,19.0,14.1,5.82,80.1,92.6,85.4,50.3,547.9,162.5,33.7,17.6,12.0,2.93,42.1,19.0,14.1,5.82,80.1,92.6,85.4,50.3,33.7,17.6,12.0,2.93,42.1,19.0,14.1,5.82,80.1,92.6,85.4,50.3,33.7,17.6,12.0,2.93,42.1,19.0,14.1,5.82,80.1,92.6,85.4,50.3,0.24,0.2,0.03,2.23,2.86,1.46,0.42,0.24,1.05,0.31,30.0,1.04,0.31,0.23,0.78,18.2,0.03,0.0,0.0,0.12,0.12,0.12,52.4,1.25,6.86,22.1,24.2,1.78,52.4,1.29,47.4,1.32,48.7,28.6,0.38,2.13,1.43,35.3,1.67,0.7,0.94,1.67,0.7,54.1,0.59,1.22,1.15,1.01,2.68,0.94,0.03,3.76,3.76,0.1,0.0,0.21,0.0,0.07,0.0,0.49,0.49,0.1,0.0,0.21,0.0,0.07,0.0,0.0,1.57,1.25,0.07,5.19,1.01,0.94,0.0,0.0,0.0,4.49,0.28,25.8,,,,,,,,,,,,,,,,,,,,,,,,,,,,,Owen Wolff,"MF,FW",Austin,20-339,Owen Wolff,Homegrown,2027,Owen Wolff,2025.0,208000.0,221600.0,0.008362369337979094,0.008362369337979094,0.004529616724738676,0.10999999999999999,6.800000000000001,2.6799999999999997,MF,HG,0,MF
4866206681,2,2025,13,2,363,4.0,0.0,0.0,0.0,0.0,0.0,0.0,0.25,0.0,0.07,0.07,0.13,0.2,2.5,1.75,6.5,0.0,0.0,0.0,0.0,0.0,0.07,0.13,0.21,0.07,0.21,4.0,20.8,12.0,6.25,2.0,29.5,14.5,8.75,3.0,70.3,82.8,71.4,66.7,335.8,90.5,20.8,12.0,6.25,2.0,29.5,14.5,8.75,3.0,70.3,82.8,71.4,66.7,20.8,12.0,6.25,2.0,29.5,14.5,8.75,3.0,70.3,82.8,71.4,66.7,20.8,12.0,6.25,2.0,29.5,14.5,8.75,3.0,70.3,82.8,71.4,66.7,0.0,0.07,-0.13,1.5,1.5,0.5,0.25,0.0,1.0,0.25,25.0,0.99,0.25,0.0,0.0,10.5,0.0,0.0,0.0,0.07,-0.07,-0.07,42.5,2.0,9.25,15.0,19.8,3.5,42.5,1.5,60.0,0.75,30.0,26.0,1.0,3.25,1.25,27.5,3.0,1.0,1.5,3.0,1.0,100.0,0.0,1.5,1.25,1.0,4.0,2.0,0.0,2.75,2.73,0.25,0.0,0.75,0.0,0.0,0.0,0.0,0.0,0.25,0.0,0.75,0.0,0.0,0.0,0.0,1.0,1.5,0.25,2.5,1.0,1.5,0.0,0.0,0.0,4.5,0.75,37.5,,,,,,,,,,,,,,,,,,,,,,,,,,,,,Tyler Wolff,"FW,MF",Real Salt Lake,22-294,Tyler Wolff,Homegrown,2026,Tyler Wolff,2025.0,160000.0,160000.0,0.0,0.0,0.0175,-0.07,4.25,4.0,MF,HG,0,MF
9179410966,1,2025,18,11,958,10.6,0.19,0.0,0.19,0.19,0.0,0.0,0.28,0.0,0.12,0.12,0.05,0.17,1.89,3.68,4.25,0.19,0.0,0.19,0.19,0.19,0.12,0.05,0.17,0.12,0.17,10.6,32.3,17.7,12.0,1.23,39.3,19.9,14.2,1.98,82.0,89.1,84.7,61.9,477.5,111.7,32.3,17.7,12.0,1.23,39.3,19.9,14.2,1.98,82.0,89.1,84.7,61.9,32.3,17.7,12.0,1.23,39.3,19.9,14.2,1.98,82.0,89.1,84.7,61.9,32.3,17.7,12.0,1.23,39.3,19.9,14.2,1.98,82.0,89.1,84.7,61.9,0.0,0.08,-0.05,0.85,2.45,0.66,0.09,0.19,0.94,0.47,50.0,0.94,0.47,0.2,0.4,20.5,0.0,0.0,0.0,0.13,0.07,0.07,49.7,1.42,10.6,26.1,13.5,1.6,49.7,0.75,42.1,0.85,47.4,30.6,0.57,1.98,1.23,38.5,1.51,0.75,0.85,1.51,0.75,42.1,1.04,1.32,1.04,0.66,2.17,0.94,0.0,1.89,1.88,0.0,0.0,0.0,0.0,0.09,0.0,0.28,0.28,0.0,0.0,0.0,0.0,0.09,0.0,0.0,1.23,1.51,0.0,0.57,0.66,0.85,0.0,0.0,0.0,3.21,0.94,33.3,,,,,,,,,,,,,,,,,,,,,,,,,,,,,Elijah Wynder,MF,LA Galaxy,22-269,Elijah Wynder,Standard,2027,Elijah Wynder,2025.0,150000.0,175333.0,0.017924528301886792,0.0,0.011320754716981131,0.07,5.57,2.17,MF,Standard,0,MF
8588574727,2,2025,3,0,31,0.3,0.0,0.0,0.0,0.0,0.0,0.0,0.0,0.0,0.33,0.33,0.33,0.67,0.0,6.67,3.33,0.0,0.0,0.0,0.0,0.0,0.17,0.29,0.45,0.17,0.45,0.3,40.0,20.0,16.7,3.33,40.0,20.0,16.7,3.33,100.0,100.0,100.0,100.0,620.0,163.3,40.0,20.0,16.7,3.33,40.0,20.0,16.7,3.33,100.0,100.0,100.0,100.0,40.0,20.0,16.7,3.33,40.0,20.0,16.7,3.33,100.0,100.0,100.0,100.0,40.0,20.0,16.7,3.33,40.0,20.0,16.7,3.33,100.0,100.0,100.0,100.0,0.0,0.33,-0.33,6.67,0.0,3.33,0.0,0.0,3.33,0.0,0.0,2.9,0.0,0.0,,21.2,0.0,0.0,0.0,0.06,-0.33,-0.33,46.7,0.0,6.67,10.0,30.0,3.33,46.7,3.33,50.0,3.33,50.0,46.7,0.0,0.0,3.33,43.3,0.0,0.0,0.0,0.0,0.0,,0.0,0.0,0.0,0.0,0.0,0.0,0.0,6.67,5.81,0.0,0.0,0.0,0.0,0.0,0.0,0.0,0.0,0.0,0.0,0.0,0.0,0.0,0.0,0.0,3.33,3.33,0.0,3.33,0.0,0.0,0.0,0.0,0.0,0.0,0.0,,,,,,,,,,,,,,,,,,,,,,,,,,,,,,Dominik Yankov,MF,CF Montréal,25-129,,,,,,,,0.0,0.0,1.1,-0.33,6.67,0.0,MF,Unknown,-1,MF
7109820726,3,2025,29,17,1430,15.9,0.5,0.13,0.63,0.5,0.0,0.0,0.31,0.0,0.32,0.32,0.08,0.4,1.26,1.51,5.6,0.5,0.13,0.63,0.5,0.63,0.32,0.08,0.4,0.32,0.4,15.9,13.3,9.31,3.08,0.13,20.1,12.1,4.72,0.44,66.5,77.1,65.3,28.6,158.8,36.2,13.3,9.31,3.08,0.13,20.1,12.1,4.72,0.44,66.5,77.1,65.3,28.6,13.3,9.31,3.08,0.13,20.1,12.1,4.72,0.44,66.5,77.1,65.3,28.6,13.3,9.31,3.08,0.13,20.1,12.1,4.72,0.44,66.5,77.1,65.3,28.6,0.13,0.05,0.04,1.01,1.19,0.44,0.0,0.5,1.82,0.94,51.7,1.83,0.94,0.28,0.53,12.6,0.0,0.0,0.0,0.18,0.18,0.18,31.6,1.13,3.27,12.1,16.5,4.53,31.6,0.88,34.1,1.51,58.5,16.5,0.57,2.33,2.01,22.6,1.07,0.5,0.82,1.07,0.5,40.0,0.75,0.69,0.63,0.13,1.19,1.07,0.0,2.2,2.2,0.06,0.0,0.25,0.13,0.06,0.0,0.31,0.31,0.06,0.0,0.25,0.13,0.06,0.0,0.0,1.26,1.64,0.69,0.06,0.13,0.82,0.13,0.0,0.0,1.89,3.71,48.0,,,,,,,,,,,,,,,,,,,,,,,,,,,,,Darren Yapi,"FW,MF",Colorado Rapids,21-015,Darren Yapi,Homegrown,2025,Darren Yapi,2025.0,104000.0,114833.0,0.031446540880503145,0.008176100628930818,0.02012578616352201,0.18,2.77,1.2000000000000002,MF,HG,0,MF
8223066057,1,2025,32,24,2103,23.4,0.04,0.0,0.04,0.04,0.0,0.0,0.26,0.0,0.05,0.05,0.03,0.08,1.07,3.59,1.62,0.04,0.0,0.04,0.04,0.04,0.05,0.03,0.08,0.05,0.08,23.4,47.9,21.6,21.5,4.19,54.0,23.3,23.2,5.9,88.8,92.7,92.4,71.0,822.2,208.5,47.9,21.6,21.5,4.19,54.0,23.3,23.2,5.9,88.8,92.7,92.4,71.0,47.9,21.6,21.5,4.19,54.0,23.3,23.2,5.9,88.8,92.7,92.4,71.0,47.9,21.6,21.5,4.19,54.0,23.3,23.2,5.9,88.8,92.7,92.4,71.0,0.0,0.04,-0.03,0.64,3.8,0.43,0.09,0.04,0.47,0.13,27.3,0.47,0.13,0.09,0.33,21.0,0.0,0.0,0.0,0.1,-0.0,-0.0,62.6,2.14,15.8,36.6,10.6,0.81,62.6,0.77,62.1,0.47,37.9,35.6,0.3,0.77,0.51,46.8,1.75,0.94,0.94,1.75,0.94,42.3,1.28,1.45,0.85,0.9,2.65,1.07,0.04,1.58,1.58,0.04,0.0,0.0,0.0,0.04,0.0,0.26,0.26,0.04,0.0,0.0,0.0,0.04,0.0,0.0,1.67,0.38,0.04,0.56,0.9,0.94,0.0,0.04,0.0,3.68,0.34,50.0,,,,,,,,,,,,,,,,,,,,,,,,,,,,,Patrick Yazbek,MF,Nashville SC,23-243,Patrick Yazbek,U22 Initiative,2027,Patrick Yazbek,2025.0,415000.0,531013.0,0.0017094017094017096,0.0,0.002136752136752137,-0.010000000000000002,4.66,2.65,MF,U22,0,MF
1076649562,2,2025,17,4,462,5.1,0.2,0.0,0.2,0.2,0.0,0.0,0.2,0.0,0.06,0.06,0.16,0.22,0.78,3.33,5.49,0.19,0.0,0.19,0.19,0.19,0.05,0.16,0.21,0.05,0.21,5.1,39.2,22.7,14.7,1.37,45.7,24.3,17.3,1.96,85.8,93.5,85.2,70.0,606.3,134.3,39.2,22.7,14.7,1.37,45.7,24.3,17.3,1.96,85.8,93.5,85.2,70.0,39.2,22.7,14.7,1.37,45.7,24.3,17.3,1.96,85.8,93.5,85.2,70.0,39.2,22.7,14.7,1.37,45.7,24.3,17.3,1.96,85.8,93.5,85.2,70.0,0.0,0.04,-0.16,0.98,3.53,0.39,0.0,0.2,1.37,0.2,14.3,1.36,0.19,0.14,1.0,25.7,0.0,0.0,0.0,0.04,0.14,0.14,61.2,1.96,10.2,33.1,18.6,1.18,61.2,2.16,55.0,1.18,30.0,37.8,0.2,3.33,1.37,43.5,2.16,0.59,1.18,2.16,0.59,42.9,0.78,1.96,1.96,0.98,3.14,0.98,0.0,1.96,1.95,0.2,0.0,0.0,0.0,0.0,0.0,0.2,0.19,0.2,0.0,0.0,0.0,0.0,0.0,0.0,0.39,2.35,0.0,0.59,0.98,1.18,0.0,0.0,0.0,5.88,0.39,33.3,,,,,,,,,,,,,,,,,,,,,,,,,,,,,Yaw Yeboah,"MF,FW",LAFC,28-251,Yaw Yeboah,Standard,2026,Yaw Yeboah,2025.0,550000.0,550000.0,0.03921568627450981,0.0,0.011764705882352941,0.14,4.11,3.14,MF,Standard,0,MF
3497957628,2,2025,14,8,726,8.1,0.0,0.0,0.0,0.0,0.0,0.0,0.12,0.0,0.01,0.01,0.02,0.04,0.25,1.98,1.98,0.0,0.0,0.0,0.0,0.0,0.01,0.03,0.04,0.01,0.04,8.1,49.1,24.1,20.6,3.09,56.5,26.3,22.3,4.81,86.9,91.5,92.3,64.1,793.7,199.6,49.1,24.1,20.6,3.09,56.5,26.3,22.3,4.81,86.9,91.5,92.3,64.1,49.1,24.1,20.6,3.09,56.5,26.3,22.3,4.81,86.9,91.5,92.3,64.1,49.1,24.1,20.6,3.09,56.5,26.3,22.3,4.81,86.9,91.5,92.3,64.1,0.0,0.02,-0.02,0.86,2.84,0.12,0.0,0.0,0.37,0.0,0.0,0.37,0.0,0.0,,27.7,0.0,0.0,0.0,0.02,-0.01,-0.01,63.8,2.35,15.1,39.0,10.4,0.86,63.8,0.37,75.0,0.12,25.0,38.5,0.0,1.23,0.62,44.9,1.23,0.49,0.49,1.23,0.49,40.0,0.74,0.74,0.62,1.23,2.47,1.11,0.0,1.73,1.74,0.0,0.0,0.0,0.0,0.12,0.0,0.0,0.0,0.0,0.0,0.0,0.0,0.12,0.0,0.0,0.49,1.11,0.12,1.73,1.23,0.49,0.0,0.0,0.0,4.44,0.25,25.0,,,,,,,,,,,,,,,,,,,,,,,,,,,,,Jackson Yueill,MF,NE Revolution,28-260,Jackson Yueill,TAM Player,2027,Jackson Yueill,2025.0,1086750.0,1086750.0,0.0,0.0,0.0012345679012345679,-0.01,2.23,2.46,MF,TAM,0,MF
7859294807,1,2025,34,32,2934,32.6,0.06,0.03,0.09,0.06,0.0,0.0,0.15,0.0,0.06,0.06,0.07,0.13,1.99,6.35,2.33,0.06,0.03,0.09,0.06,0.09,0.07,0.07,0.14,0.07,0.14,32.6,49.9,24.2,20.1,3.65,56.9,26.7,21.8,4.69,87.7,90.6,92.1,77.8,805.1,199.8,49.9,24.2,20.1,3.65,56.9,26.7,21.8,4.69,87.7,90.6,92.1,77.8,49.9,24.2,20.1,3.65,56.9,26.7,21.8,4.69,87.7,90.6,92.1,77.8,49.9,24.2,20.1,3.65,56.9,26.7,21.8,4.69,87.7,90.6,92.1,77.8,0.03,0.06,-0.04,1.01,4.82,0.74,0.03,0.06,0.77,0.18,24.0,0.77,0.18,0.08,0.33,20.9,0.0,0.0,0.0,0.08,-0.0,-0.0,66.7,1.99,15.2,38.9,13.6,1.38,66.7,0.95,57.4,0.67,40.7,38.4,0.31,1.2,1.04,45.5,2.27,0.89,1.35,2.27,0.89,41.4,1.26,1.07,1.01,1.35,3.62,1.04,0.06,2.45,2.45,0.03,0.0,0.06,0.0,0.0,0.0,0.15,0.15,0.03,0.0,0.06,0.0,0.0,0.0,0.0,1.63,1.26,0.06,0.46,1.35,1.35,0.0,0.0,0.0,6.38,0.83,46.6,,,,,,,,,,,,,,,,,,,,,,,,,,,,,Alhassan Yusuf,MF,NE Revolution,25-139,Alhassan Yusuf,TAM Player,2027,Alhassan Yusuf,2025.0,850000.0,945311.0,0.001840490797546012,0.000920245398773006,0.001840490797546012,0.0,8.34,3.62,MF,TAM,0,MF
9013567624,1,2025,31,31,2737,30.4,0.33,0.16,0.49,0.26,0.07,0.1,0.36,0.03,0.26,0.18,0.17,0.35,3.36,4.87,8.91,0.33,0.16,0.49,0.26,0.43,0.26,0.17,0.43,0.18,0.35,30.4,34.4,18.1,13.5,2.14,41.3,20.2,14.9,3.29,83.5,89.4,90.3,65.0,554.5,119.2,34.4,18.1,13.5,2.14,41.3,20.2,14.9,3.29,83.5,89.4,90.3,65.0,34.4,18.1,13.5,2.14,41.3,20.2,14.9,3.29,83.5,89.4,90.3,65.0,34.4,18.1,13.5,2.14,41.3,20.2,14.9,3.29,83.5,89.4,90.3,65.0,0.16,0.16,-0.0,1.28,2.37,2.37,0.16,0.33,1.64,0.82,50.0,1.64,0.82,0.16,0.32,17.3,0.03,0.07,0.1,0.11,0.07,0.08,55.2,0.79,5.2,24.1,26.5,4.08,55.1,2.2,38.1,3.03,52.3,39.5,1.68,2.76,2.57,45.8,1.12,0.43,0.82,1.12,0.43,32.5,0.89,0.89,0.86,0.23,1.35,0.63,0.07,3.32,3.32,0.33,0.03,0.26,0.07,0.0,0.0,0.59,0.59,0.33,0.03,0.26,0.07,0.0,0.0,0.03,1.68,4.05,0.33,1.09,0.23,0.82,0.1,0.0,0.0,3.88,0.13,28.6,,,,,,,,,,,,,,,,,,,,,,,,,,,,,Wilfried Zaha,"FW,MF",Charlotte,33-024,Wilfried Zaha,Designated Player,"Jan. 17, 2026",Wilfried Zaha,2025.0,2666667.0,2751667.0,0.010855263157894738,0.005263157894736843,0.008552631578947369,0.07,8.23,1.35,MF,DP,0,MF
6741617461,1,2025,32,31,2516,28.0,0.54,0.43,0.96,0.54,0.0,0.0,0.21,0.0,0.25,0.25,0.27,0.52,3.64,3.32,7.54,0.54,0.43,0.97,0.54,0.97,0.25,0.27,0.52,0.25,0.52,28.0,25.3,14.0,7.79,2.36,37.0,17.0,10.7,6.0,68.4,82.2,72.7,39.3,393.3,130.4,25.3,14.0,7.79,2.36,37.0,17.0,10.7,6.0,68.4,82.2,72.7,39.3,25.3,14.0,7.79,2.36,37.0,17.0,10.7,6.0,68.4,82.2,72.7,39.3,25.3,14.0,7.79,2.36,37.0,17.0,10.7,6.0,68.4,82.2,72.7,39.3,0.43,0.26,0.16,2.29,1.75,1.29,0.14,0.54,2.64,1.07,40.5,2.65,1.07,0.2,0.5,20.9,0.32,0.0,0.0,0.09,0.29,0.29,48.9,0.61,5.18,18.0,26.7,4.64,48.9,2.32,48.1,2.29,47.4,29.5,1.57,2.36,1.96,33.9,1.5,0.57,1.0,1.5,0.57,32.7,1.18,0.64,0.57,0.18,1.68,0.29,0.07,5.11,5.12,0.75,0.11,0.21,0.0,0.11,0.07,0.75,0.75,0.75,0.11,0.21,0.0,0.11,0.07,0.0,1.96,1.93,0.21,6.18,0.18,1.0,0.0,0.0,0.0,3.96,0.14,22.2,,,,,,,,,,,,,,,,,,,,,,,,,,,,,Philip Zinckernagel,"FW,MF",Chicago Fire,30-353,Philip Zinckernagel,TAM Player,2028,Philip Zinckernagel,2025.0,1450750.0,1631290.0,0.019285714285714288,0.015357142857142857,0.008928571428571428,0.29000000000000004,6.96,1.68,MF,TAM,0,MF
2289957845,3,2025,15,2,335,3.7,0.0,0.0,0.0,0.0,0.0,0.0,0.27,0.0,0.08,0.08,0.08,0.16,1.08,4.32,1.62,0.0,0.0,0.0,0.0,0.0,0.09,0.07,0.16,0.09,0.16,3.7,46.2,22.4,16.5,6.49,62.4,26.5,19.7,11.4,74.0,84.7,83.6,57.1,839.2,204.3,46.2,22.4,16.5,6.49,62.4,26.5,19.7,11.4,74.0,84.7,83.6,57.1,46.2,22.4,16.5,6.49,62.4,26.5,19.7,11.4,74.0,84.7,83.6,57.1,46.2,22.4,16.5,6.49,62.4,26.5,19.7,11.4,74.0,84.7,83.6,57.1,0.0,0.11,-0.08,0.81,3.51,1.08,0.81,0.0,1.62,0.54,33.3,1.61,0.54,0.0,0.0,22.1,0.27,0.0,0.0,0.06,-0.08,-0.08,76.5,2.7,17.3,39.7,19.5,1.62,76.5,0.54,33.3,1.08,66.7,36.8,0.0,2.16,1.89,45.7,2.7,1.89,1.35,2.7,1.89,58.3,1.35,1.35,1.08,0.81,3.51,2.7,0.0,2.16,2.15,0.0,0.0,0.0,0.0,0.0,0.0,0.54,0.54,0.0,0.0,0.0,0.0,0.0,0.0,0.0,2.43,0.81,0.0,5.41,0.81,1.35,0.0,0.0,0.0,5.14,2.43,56.3,,,,,,,,,,,,,,,,,,,,,,,,,,,,,Rida Zouhir,"MF,FW",D.C. United,22-011,Rida Zouhir,Standard,2025,Rida Zouhir,2025.0,80622.0,95362.0,0.0,0.0,0.02162162162162162,-0.08,5.4,3.5100000000000002,MF,Standard,0,MF
7809543010,1,2025,21,16,1493,16.6,0.0,0.0,0.0,0.0,0.0,0.0,0.06,0.0,0.01,0.01,0.0,0.01,0.9,4.52,0.24,0.0,0.0,0.0,0.0,0.0,0.0,0.0,0.0,0.0,0.0,16.6,53.2,17.0,30.4,5.06,60.5,18.1,32.2,9.04,87.9,94.0,94.4,56.0,1034.4,380.9,53.2,17.0,30.4,5.06,60.5,18.1,32.2,9.04,87.9,94.0,94.4,56.0,53.2,17.0,30.4,5.06,60.5,18.1,32.2,9.04,87.9,94.0,94.4,56.0,53.2,17.0,30.4,5.06,60.5,18.1,32.2,9.04,87.9,94.0,94.4,56.0,0.0,0.02,0.0,0.0,4.64,0.3,0.06,0.0,0.06,0.0,0.0,0.06,0.0,0.0,,6.4,0.0,0.0,0.0,0.07,-0.01,-0.01,68.9,6.14,32.2,34.6,2.29,0.24,68.9,0.0,,0.0,,42.9,0.06,0.24,0.0,51.3,1.02,0.6,0.42,1.02,0.6,52.6,0.54,0.72,0.42,0.36,1.39,4.52,0.0,0.6,0.6,0.0,0.0,0.0,0.0,0.0,0.0,0.0,0.0,0.0,0.0,0.0,0.0,0.0,0.0,0.0,0.6,0.24,0.0,0.18,0.36,0.42,0.0,0.06,0.0,3.55,1.57,52.0,,,,,,,,,,,,,,,,,,,,,,,,,,,,,Luis Abram,DF,Atlanta Utd,29-280,Luis Abram,TAM Player,2025,,,,,0.0,0.0,0.0006024096385542168,-0.01,5.42,1.38,DF,TAM,0,DF
9379485952,2,2025,29,18,1656,18.4,0.05,0.0,0.05,0.05,0.0,0.0,0.27,0.05,0.03,0.03,0.01,0.04,0.33,1.79,0.43,0.05,0.0,0.05,0.05,0.05,0.03,0.01,0.04,0.03,0.04,18.4,32.4,14.9,15.2,1.63,37.4,16.1,16.7,3.48,86.6,92.3,91.2,46.9,530.3,229.7,32.4,14.9,15.2,1.63,37.4,16.1,16.7,3.48,86.6,92.3,91.2,46.9,32.4,14.9,15.2,1.63,37.4,16.1,16.7,3.48,86.6,92.3,91.2,46.9,32.4,14.9,15.2,1.63,37.4,16.1,16.7,3.48,86.6,92.3,91.2,46.9,0.0,0.02,-0.01,0.22,2.17,0.16,0.0,0.05,0.43,0.16,37.5,0.43,0.16,0.13,0.33,14.5,0.0,0.0,0.0,0.07,0.03,0.03,48.2,9.67,28.2,17.0,3.32,1.03,48.2,0.11,100.0,0.0,0.0,22.2,0.0,0.65,0.0,26.0,1.36,0.6,0.71,1.36,0.6,61.1,0.38,1.47,0.54,1.2,2.55,5.65,0.0,0.54,0.54,0.0,0.0,0.0,0.0,0.05,0.0,0.05,0.05,0.0,0.0,0.0,0.0,0.05,0.0,0.05,1.03,0.49,0.16,0.11,1.2,0.71,0.0,0.05,0.0,3.04,1.41,59.1,,,,,,,,,,,,,,,,,,,,,,,,,,,,,Lalas Abubakar,DF,FC Dallas,30-344,Lalas Abubakar,Standard,2026,Lalas Abubakar,2025.0,410000.0,445000.0,0.0027173913043478264,0.0,0.0016304347826086958,0.020000000000000004,2.12,2.56,DF,Standard,0,DF
8352155128,3,2025,7,4,291,3.2,0.63,0.0,0.63,0.63,0.0,0.0,0.0,0.0,0.41,0.41,0.09,0.53,3.13,5.0,10.3,0.62,0.0,0.62,0.62,0.62,0.42,0.1,0.52,0.42,0.52,3.2,64.7,38.1,24.4,1.56,74.4,40.9,28.8,2.19,87.0,93.1,84.8,71.4,946.3,306.9,64.7,38.1,24.4,1.56,74.4,40.9,28.8,2.19,87.0,93.1,84.8,71.4,64.7,38.1,24.4,1.56,74.4,40.9,28.8,2.19,87.0,93.1,84.8,71.4,64.7,38.1,24.4,1.56,74.4,40.9,28.8,2.19,87.0,93.1,84.8,71.4,0.0,0.06,-0.09,0.63,5.0,0.63,0.0,0.63,1.56,0.63,40.0,1.55,0.62,0.4,1.0,12.2,0.0,0.0,0.0,0.27,0.22,0.22,85.6,3.75,15.9,44.7,25.3,1.56,85.6,0.31,33.3,0.31,33.3,54.1,0.0,2.19,0.0,65.0,0.94,0.63,0.63,0.94,0.63,100.0,0.0,0.63,0.63,0.94,1.88,4.06,0.0,2.19,2.16,0.0,0.0,0.0,0.0,0.0,0.0,0.31,0.31,0.0,0.0,0.0,0.0,0.0,0.0,0.0,0.94,0.94,0.0,2.19,0.94,0.63,0.0,0.0,0.0,1.88,2.81,64.3,,,,,,,,,,,,,,,,,,,,,,,,,,,,,Sam Adekugbe,DF,Vancouver W'caps,30-322,Sam Adekugbe,TAM Player,2026,Sam Adekugbe,2025.0,875000.0,963000.0,0.196875,0.0,0.128125,0.22000000000000003,8.129999999999999,1.88,DF,TAM,0,DF
2331147427,1,2025,30,29,2563,28.5,0.21,0.39,0.6,0.21,0.0,0.0,0.21,0.0,0.09,0.09,0.31,0.4,1.79,6.56,10.4,0.21,0.39,0.6,0.21,0.6,0.09,0.31,0.4,0.09,0.4,28.5,60.5,28.2,25.7,5.26,75.2,31.9,30.6,8.74,80.4,88.5,83.9,60.2,1049.2,326.4,60.5,28.2,25.7,5.26,75.2,31.9,30.6,8.74,80.4,88.5,83.9,60.2,60.5,28.2,25.7,5.26,75.2,31.9,30.6,8.74,80.4,88.5,83.9,60.2,60.5,28.2,25.7,5.26,75.2,31.9,30.6,8.74,80.4,88.5,83.9,60.2,0.39,0.27,0.08,1.96,4.32,2.11,0.46,0.21,0.67,0.32,47.4,0.67,0.32,0.32,0.67,18.7,0.0,0.0,0.0,0.14,0.12,0.12,82.1,2.46,19.9,34.9,27.7,2.88,82.1,0.42,52.2,0.39,47.8,48.8,0.56,0.74,0.25,60.5,0.95,0.49,0.63,0.95,0.49,53.8,0.42,0.7,0.46,0.67,1.61,1.47,0.07,3.3,3.3,0.11,0.07,0.0,0.0,0.04,0.0,0.67,0.67,0.11,0.07,0.0,0.0,0.04,0.0,0.0,0.49,0.67,0.11,4.14,0.67,0.63,0.0,0.0,0.0,5.37,0.14,50.0,,,,,,,,,,,,,,,,,,,,,,,,,,,,,Jordi Alba,DF,Inter Miami,36-258,Jordi Alba,Designated Player,2025,Jordi Alba,2025.0,6000000.0,6000000.0,0.007368421052631579,0.01368421052631579,0.003157894736842105,0.12,8.35,1.62,DF,DP,0,DF
4974415489,1,2025,26,20,1898,21.1,0.0,0.05,0.05,0.0,0.0,0.0,0.19,0.0,0.01,0.01,0.06,0.07,0.62,3.79,2.32,0.0,0.05,0.05,0.0,0.05,0.01,0.06,0.07,0.01,0.07,21.1,57.9,21.6,29.6,6.02,65.0,22.7,31.8,8.77,89.1,94.8,93.0,68.6,1104.5,331.3,57.9,21.6,29.6,6.02,65.0,22.7,31.8,8.77,89.1,94.8,93.0,68.6,57.9,21.6,29.6,6.02,65.0,22.7,31.8,8.77,89.1,94.8,93.0,68.6,57.9,21.6,29.6,6.02,65.0,22.7,31.8,8.77,89.1,94.8,93.0,68.6,0.05,0.05,-0.01,0.24,3.51,0.33,0.09,0.0,0.24,0.09,40.0,0.24,0.09,0.0,0.0,23.3,0.0,0.0,0.0,0.04,-0.01,-0.01,74.5,7.06,33.0,33.6,8.29,0.52,74.5,0.09,20.0,0.33,70.0,47.3,0.0,0.62,0.28,53.4,2.23,1.14,1.42,2.23,1.14,57.1,0.85,1.28,0.9,0.81,3.03,3.32,0.05,0.85,0.85,0.0,0.0,0.0,0.0,0.0,0.0,0.24,0.24,0.0,0.0,0.0,0.0,0.0,0.0,0.0,0.95,0.57,0.05,0.76,0.81,1.42,0.0,0.0,0.0,4.03,0.85,51.4,,,,,,,,,,,,,,,,,,,,,,,,,,,,,Noah Allen,DF,Inter Miami,21-220,Noah Allen,Homegrown,2025,Noah Allen,2025.0,125000.0,184653.0,0.0,0.002369668246445498,0.0004739336492890995,-0.01,4.41,3.04,DF,HG,0,DF
7864534103,3,2025,1,0,8,0.1,0.0,0.0,0.0,0.0,0.0,0.0,0.0,0.0,0.0,0.0,0.0,0.0,0.0,0.0,0.0,0.0,0.0,0.0,0.0,0.0,0.59,0.0,0.59,0.59,0.59,0.1,20.0,10.0,0.0,10.0,40.0,30.0,0.0,10.0,50.0,33.3,,100.0,500.0,0.0,20.0,10.0,0.0,10.0,40.0,30.0,0.0,10.0,50.0,33.3,,100.0,20.0,10.0,0.0,10.0,40.0,30.0,0.0,10.0,50.0,33.3,,100.0,20.0,10.0,0.0,10.0,40.0,30.0,0.0,10.0,50.0,33.3,,100.0,0.0,0.0,0.0,0.0,0.0,0.0,0.0,0.0,10.0,0.0,0.0,11.25,0.0,0.0,,24.7,0.0,0.0,0.0,0.05,0.0,0.0,50.0,0.0,0.0,30.0,20.0,0.0,50.0,0.0,,0.0,,40.0,0.0,0.0,0.0,40.0,0.0,0.0,0.0,0.0,0.0,,0.0,0.0,0.0,0.0,0.0,0.0,0.0,0.0,0.0,0.0,0.0,0.0,0.0,0.0,0.0,0.0,0.0,0.0,0.0,0.0,0.0,0.0,0.0,0.0,0.0,0.0,0.0,0.0,0.0,0.0,0.0,0.0,0.0,10.0,0.0,,,,,,,,,,,,,,,,,,,,,,,,,,,,,,Rasmus Alm,DF,St. Louis,30-109,Rasmus Alm,Standard,2025,Rasmus Alm,2025.0,279500.0,343925.0,0.0,0.0,0.0,0.0,0.0,0.0,DF,Standard,0,DF
8143665547,1,2025,22,11,1094,12.2,0.0,0.08,0.08,0.0,0.0,0.0,0.33,0.0,0.01,0.01,0.05,0.06,0.16,3.93,0.0,0.0,0.08,0.08,0.0,0.08,0.01,0.05,0.06,0.01,0.06,12.2,47.4,14.0,28.3,4.92,55.7,15.2,30.1,9.59,85.1,91.9,94.0,51.3,940.8,329.2,47.4,14.0,28.3,4.92,55.7,15.2,30.1,9.59,85.1,91.9,94.0,51.3,47.4,14.0,28.3,4.92,55.7,15.2,30.1,9.59,85.1,91.9,94.0,51.3,47.4,14.0,28.3,4.92,55.7,15.2,30.1,9.59,85.1,91.9,94.0,51.3,0.08,0.02,0.03,0.16,3.69,0.16,0.0,0.0,0.41,0.16,40.0,0.41,0.16,0.0,0.0,11.9,0.0,0.0,0.0,0.03,-0.01,-0.01,66.2,6.64,34.1,29.0,3.28,0.82,66.2,0.08,50.0,0.08,50.0,38.4,0.08,0.49,0.16,44.4,1.48,0.66,0.98,1.48,0.66,44.4,0.82,1.31,0.82,1.31,2.79,4.75,0.16,0.82,0.82,0.0,0.0,0.0,0.0,0.08,0.0,0.08,0.08,0.0,0.0,0.0,0.0,0.08,0.0,0.0,1.48,0.33,0.08,0.16,1.31,0.98,0.0,0.0,0.0,3.11,1.89,51.1,,,,,,,,,,,,,,,,,,,,,,,,,,,,,Fernando Álvarez,DF,CF Montréal,22-102,Fernando Álvarez,Standard,2025,Fernando Álvarez,2025.0,275000.0,307500.0,0.0,0.006557377049180329,0.0008196721311475411,-0.01,4.09,2.79,DF,Standard,0,DF
9430905020,1,2025,26,24,2078,23.1,0.04,0.0,0.04,0.04,0.0,0.0,0.17,0.0,0.02,0.02,0.08,0.1,1.65,3.81,5.15,0.04,0.0,0.04,0.04,0.04,0.02,0.08,0.1,0.02,0.1,23.1,42.5,18.5,19.0,3.29,53.8,21.6,23.0,6.1,78.9,85.9,82.9,53.9,714.8,251.3,42.5,18.5,19.0,3.29,53.8,21.6,23.0,6.1,78.9,85.9,82.9,53.9,42.5,18.5,19.0,3.29,53.8,21.6,23.0,6.1,78.9,85.9,82.9,53.9,42.5,18.5,19.0,3.29,53.8,21.6,23.0,6.1,78.9,85.9,82.9,53.9,0.0,0.09,-0.08,0.69,3.2,1.08,0.3,0.04,0.61,0.17,28.6,0.61,0.17,0.07,0.25,25.7,0.0,0.0,0.0,0.04,0.02,0.02,63.3,3.46,19.7,27.3,16.8,1.3,63.3,0.3,29.2,0.74,70.8,32.6,0.35,0.87,0.13,38.6,1.47,0.91,0.65,1.47,0.91,58.3,0.65,1.3,0.95,0.82,2.29,3.03,0.0,1.39,1.39,0.0,0.0,0.0,0.0,0.0,0.0,0.04,0.04,0.0,0.0,0.0,0.0,0.0,0.0,0.0,0.61,0.52,0.17,3.03,0.82,0.65,0.0,0.0,0.0,4.29,0.74,45.9,,,,,,,,,,,,,,,,,,,,,,,,,,,,,Pedro Amador,DF,Atlanta Utd,26-351,Pedro Amador,Standard,2026,Pedro Amador,2025.0,231996.0,267608.0,0.0017316017316017316,0.0,0.0008658008658008658,0.02,5.46,2.29,DF,Standard,0,DF
6030296958,1,2025,24,21,1780,19.8,0.05,0.1,0.15,0.05,0.0,0.0,0.15,0.05,0.06,0.06,0.06,0.12,1.16,6.01,1.72,0.05,0.1,0.15,0.05,0.15,0.06,0.06,0.12,0.06,0.12,19.8,60.3,32.1,23.3,3.99,69.6,33.7,26.5,6.92,86.6,95.4,88.0,57.7,977.4,371.3,60.3,32.1,23.3,3.99,69.6,33.7,26.5,6.92,86.6,95.4,88.0,57.7,60.3,32.1,23.3,3.99,69.6,33.7,26.5,6.92,86.6,95.4,88.0,57.7,60.3,32.1,23.3,3.99,69.6,33.7,26.5,6.92,86.6,95.4,88.0,57.7,0.1,0.06,0.04,0.3,7.22,0.71,0.15,0.05,0.56,0.1,18.2,0.56,0.1,0.09,0.5,22.0,0.0,0.0,0.0,0.11,-0.01,-0.01,79.9,3.94,26.4,43.8,10.3,0.61,79.9,0.76,71.4,0.25,23.8,44.9,0.1,0.56,0.51,53.7,1.62,0.66,1.26,1.62,0.66,56.5,0.51,1.26,0.51,1.16,2.78,3.79,0.0,1.31,1.31,0.15,0.0,0.0,0.0,0.1,0.05,0.15,0.15,0.15,0.0,0.0,0.0,0.1,0.05,0.0,0.81,0.35,0.0,0.45,1.16,1.26,0.0,0.0,0.0,4.95,1.21,46.2,,,,,,,,,,,,,,,,,,,,,,,,,,,,,Malte Amundsen,DF,Columbus Crew,27-296,Malte Amundsen,Standard,2027,Malte Amundsen,2025.0,624996.0,697496.0,0.0025252525252525255,0.005050505050505051,0.00303030303030303,-0.009999999999999995,7.17,2.7800000000000002,DF,Standard,0,DF
8948144134,2,2025,20,17,1343,14.9,0.07,0.07,0.13,0.07,0.0,0.0,0.07,0.0,0.06,0.06,0.02,0.09,1.61,2.48,3.69,0.07,0.07,0.13,0.07,0.13,0.06,0.02,0.09,0.06,0.09,14.9,26.6,10.8,12.3,3.02,37.7,13.1,16.6,6.31,70.6,82.6,74.2,47.9,487.4,145.8,26.6,10.8,12.3,3.02,37.7,13.1,16.6,6.31,70.6,82.6,74.2,47.9,26.6,10.8,12.3,3.02,37.7,13.1,16.6,6.31,70.6,82.6,74.2,47.9,26.6,10.8,12.3,3.02,37.7,13.1,16.6,6.31,70.6,82.6,74.2,47.9,0.07,0.03,0.05,0.4,1.95,0.4,0.07,0.07,0.4,0.13,33.3,0.4,0.13,0.17,0.5,10.3,0.0,0.0,0.0,0.16,0.01,0.01,47.8,4.03,18.8,19.4,10.0,1.54,47.8,0.47,33.3,0.81,57.1,22.6,0.4,0.81,0.27,25.6,1.95,1.48,1.28,1.95,1.48,71.0,0.6,0.87,0.47,1.21,3.15,3.29,0.0,1.34,1.34,0.07,0.07,0.13,0.07,0.0,0.0,0.2,0.2,0.07,0.07,0.13,0.07,0.0,0.0,0.0,1.14,1.01,0.07,0.87,1.21,1.28,0.0,0.0,0.07,3.09,1.01,51.7,,,,,,,,,,,,,,,,,,,,,,,,,,,,,Conner Antley,"DF,MF",D.C. United,30-257,Conner Antley,Standard,2025,Conner Antley,2025.0,104000.0,105667.0,0.0046979865771812086,0.0046979865771812086,0.004026845637583892,0.010000000000000009,4.09,3.16,DF,Standard,0,DF
6772215751,1,2025,5,2,190,2.1,0.0,0.0,0.0,0.0,0.0,0.0,0.0,0.0,0.0,0.0,0.0,0.0,0.48,2.86,0.0,0.0,0.0,0.0,0.0,0.0,0.0,0.0,0.0,0.0,0.0,2.1,58.1,20.5,34.3,3.33,62.9,21.9,36.2,4.29,92.4,93.5,94.7,77.8,1061.0,365.2,58.1,20.5,34.3,3.33,62.9,21.9,36.2,4.29,92.4,93.5,94.7,77.8,58.1,20.5,34.3,3.33,62.9,21.9,36.2,4.29,92.4,93.5,94.7,77.8,58.1,20.5,34.3,3.33,62.9,21.9,36.2,4.29,92.4,93.5,94.7,77.8,0.0,0.14,0.0,0.0,3.81,0.48,0.0,0.0,0.0,0.0,,0.0,0.0,,,,0.0,0.0,0.0,,0.0,0.0,71.4,9.05,36.7,34.3,0.48,0.48,71.4,0.48,100.0,0.0,0.0,42.4,0.0,0.48,0.0,52.9,0.48,0.48,0.48,0.48,0.48,100.0,0.0,0.48,0.48,0.48,0.95,4.29,0.0,0.95,0.95,0.0,0.0,0.0,0.0,0.0,0.0,0.0,0.0,0.0,0.0,0.0,0.0,0.0,0.0,0.0,2.38,0.95,0.0,0.0,0.48,0.48,0.0,0.0,0.0,3.81,3.81,66.7,,,,,,,,,,,,,,,,,,,,,,,,,,,,,Chris Applewhite,DF,Nashville SC,18-103,Chris Applewhite,Homegrown,2027,,,,,0.0,0.0,0.0,0.0,3.34,0.96,DF,HG,0,DF
891838618,3,2025,29,29,2562,28.5,0.14,0.18,0.32,0.14,0.0,0.0,0.14,0.0,0.19,0.19,0.22,0.4,2.67,6.07,10.3,0.14,0.18,0.32,0.14,0.32,0.19,0.22,0.41,0.19,0.41,28.5,43.7,27.3,13.3,1.86,52.1,29.6,16.0,3.19,83.8,92.4,83.2,58.2,621.4,184.0,43.7,27.3,13.3,1.86,52.1,29.6,16.0,3.19,83.8,92.4,83.2,58.2,43.7,27.3,13.3,1.86,52.1,29.6,16.0,3.19,83.8,92.4,83.2,58.2,43.7,27.3,13.3,1.86,52.1,29.6,16.0,3.19,83.8,92.4,83.2,58.2,0.18,0.28,-0.05,1.51,2.81,2.46,0.53,0.14,1.61,0.56,34.8,1.62,0.56,0.09,0.25,15.3,0.0,0.0,0.0,0.11,-0.05,-0.05,62.5,1.19,9.93,22.5,30.9,3.61,62.5,1.72,58.3,1.05,35.7,37.9,0.81,1.19,0.88,44.7,2.18,1.16,1.23,2.18,1.16,50.8,1.12,0.95,0.88,0.74,2.91,1.26,0.0,3.09,3.09,0.28,0.0,0.07,0.0,0.04,0.0,0.42,0.42,0.28,0.0,0.07,0.0,0.04,0.0,0.0,1.12,1.16,0.32,3.33,0.74,1.23,0.0,0.0,0.0,4.14,0.56,44.4,,,,,,,,,,,,,,,,,,,,,,,,,,,,,Max Arfsten,"DF,MF",Columbus Crew,24-229,Max Arfsten,Standard,2027,Max Arfsten,2025.0,350000.0,389375.0,0.004912280701754386,0.00631578947368421,0.006666666666666667,-0.04999999999999999,8.74,2.92,DF,Standard,0,DF
2503831543,3,2025,2,0,75,0.8,0.0,0.0,0.0,0.0,0.0,0.0,0.0,0.0,0.0,0.0,0.0,0.0,2.5,2.5,21.3,0.0,0.0,0.0,0.0,0.0,0.06,0.0,0.06,0.06,0.06,0.8,36.3,18.8,15.0,2.5,51.3,21.3,20.0,6.25,70.7,88.2,75.0,40.0,585.0,130.0,36.3,18.8,15.0,2.5,51.3,21.3,20.0,6.25,70.7,88.2,75.0,40.0,36.3,18.8,15.0,2.5,51.3,21.3,20.0,6.25,70.7,88.2,75.0,40.0,36.3,18.8,15.0,2.5,51.3,21.3,20.0,6.25,70.7,88.2,75.0,40.0,0.0,0.25,0.0,0.0,1.25,1.25,1.25,0.0,1.25,0.0,0.0,1.2,0.0,0.0,,12.5,0.0,0.0,0.0,0.05,0.0,0.0,56.3,0.0,3.75,22.5,31.3,6.25,56.3,1.25,100.0,0.0,0.0,40.0,0.0,0.0,2.5,47.5,0.0,0.0,0.0,0.0,0.0,0.0,1.25,1.25,1.25,0.0,0.0,0.0,0.0,1.25,1.2,0.0,0.0,0.0,0.0,0.0,0.0,0.0,0.0,0.0,0.0,0.0,0.0,0.0,0.0,0.0,5.0,0.0,1.25,6.25,0.0,0.0,0.0,0.0,0.0,5.0,0.0,0.0,,,,,,,,,,,,,,,,,,,,,,,,,,,,,Paul Arriola,"FW,DF",Seattle Sounders,30-302,Paul Arriola,TAM Player,2027,Paul Arriola,2025.0,1000000.0,1142500.0,0.0,0.0,0.0,0.0,5.0,0.0,DF,TAM,0,DF
8416662817,1,2025,28,11,1221,13.6,0.0,0.0,0.0,0.0,0.0,0.0,0.22,0.0,0.02,0.02,0.07,0.09,2.06,6.03,6.84,0.0,0.0,0.0,0.0,0.0,0.02,0.07,0.09,0.02,0.09,13.6,59.9,32.8,22.7,2.87,68.9,35.1,25.7,5.15,87.0,93.3,88.5,55.7,933.9,249.6,59.9,32.8,22.7,2.87,68.9,35.1,25.7,5.15,87.0,93.3,88.5,55.7,59.9,32.8,22.7,2.87,68.9,35.1,25.7,5.15,87.0,93.3,88.5,55.7,59.9,32.8,22.7,2.87,68.9,35.1,25.7,5.15,87.0,93.3,88.5,55.7,0.0,0.07,-0.07,0.88,5.81,1.18,0.51,0.0,0.29,0.07,25.0,0.29,0.07,0.0,0.0,18.2,0.0,0.0,0.0,0.07,-0.02,-0.02,80.5,3.82,21.3,37.6,22.2,0.96,80.5,1.47,57.1,1.03,40.0,42.9,0.22,0.96,0.51,54.9,2.65,1.69,1.62,2.65,1.69,51.1,1.62,1.1,0.88,0.96,3.6,2.79,0.07,2.13,2.14,0.0,0.0,0.07,0.0,0.15,0.0,0.07,0.07,0.0,0.0,0.07,0.0,0.15,0.0,0.0,1.4,1.62,0.07,2.06,0.96,1.62,0.0,0.0,0.07,4.63,1.18,61.5,,,,,,,,,,,,,,,,,,,,,,,,,,,,,Julián Aude,DF,LA Galaxy,22-255,Julián Aude,U22 Initiative,2027,Julián Aude,2025.0,350000.0,360000.0,0.0,0.0,0.0014705882352941176,-0.02,8.09,3.61,DF,U22,0,DF
2137131377,1,2025,25,15,1195,13.3,0.15,0.0,0.15,0.15,0.0,0.0,0.38,0.15,0.05,0.05,0.0,0.05,0.75,3.31,0.15,0.15,0.0,0.15,0.15,0.15,0.05,0.0,0.05,0.05,0.05,13.3,68.9,21.1,40.1,7.37,75.4,22.2,41.8,10.5,91.3,94.9,95.9,70.5,1362.9,423.8,68.9,21.1,40.1,7.37,75.4,22.2,41.8,10.5,91.3,94.9,95.9,70.5,68.9,21.1,40.1,7.37,75.4,22.2,41.8,10.5,91.3,94.9,95.9,70.5,68.9,21.1,40.1,7.37,75.4,22.2,41.8,10.5,91.3,94.9,95.9,70.5,0.0,0.02,0.0,0.0,3.08,0.23,0.08,0.15,0.3,0.15,50.0,0.3,0.15,0.5,1.0,19.2,0.0,0.0,0.0,0.15,0.11,0.11,84.7,6.92,41.6,41.5,2.03,0.15,84.7,0.08,25.0,0.23,75.0,56.2,0.0,0.53,0.15,64.5,2.26,1.13,0.9,2.26,1.13,62.5,0.68,1.2,0.68,1.28,3.53,2.41,0.08,0.53,0.53,0.0,0.0,0.0,0.0,0.0,0.0,0.15,0.15,0.0,0.0,0.0,0.0,0.0,0.0,0.08,1.05,0.08,0.0,0.3,1.28,0.9,0.0,0.0,0.0,5.11,0.68,45.0,,,,,,,,,,,,,,,,,,,,,,,,,,,,,Tomás Avilés,DF,Inter Miami,21-304,Tomás Avilés,U22 Initiative,2026,Tomás Avilés,2025.0,439992.0,467492.0,0.011278195488721804,0.0,0.0037593984962406013,0.09999999999999999,4.0600000000000005,3.54,DF,U22,0,DF
7597854835,2,2025,20,20,1773,19.7,0.0,0.05,0.05,0.0,0.0,0.0,0.3,0.0,0.07,0.07,0.05,0.11,0.36,2.99,0.2,0.0,0.05,0.05,0.0,0.05,0.06,0.04,0.11,0.06,0.11,19.7,41.0,13.4,23.1,4.16,48.5,14.6,25.5,7.46,84.6,91.3,90.8,55.8,798.7,311.7,41.0,13.4,23.1,4.16,48.5,14.6,25.5,7.46,84.6,91.3,90.8,55.8,41.0,13.4,23.1,4.16,48.5,14.6,25.5,7.46,84.6,91.3,90.8,55.8,41.0,13.4,23.1,4.16,48.5,14.6,25.5,7.46,84.6,91.3,90.8,55.8,0.05,0.04,0.01,0.41,2.79,0.0,0.0,0.0,0.66,0.1,15.4,0.66,0.1,0.0,0.0,11.9,0.05,0.0,0.0,0.1,-0.07,-0.07,58.7,8.38,29.7,27.1,2.13,1.27,58.7,0.3,100.0,0.0,0.0,32.3,0.0,0.46,0.1,35.6,1.27,0.71,0.66,1.27,0.71,63.6,0.41,0.66,0.41,1.12,2.39,5.23,0.1,0.66,0.66,0.0,0.0,0.0,0.0,0.0,0.0,0.05,0.05,0.0,0.0,0.0,0.0,0.0,0.0,0.0,1.02,0.76,0.0,0.0,1.12,0.66,0.0,0.0,0.0,4.77,1.52,50.8,,,,,,,,,,,,,,,,,,,,,,,,,,,,,Chidozie Awaziem,DF,Colorado Rapids,28-337,Chidozie Awaziem,TAM Player,2025,,,,,0.0,0.002538071065989848,0.0035532994923857873,-0.07,3.35,2.39,DF,TAM,0,DF
1040278238,1,2025,24,17,1546,17.2,0.06,0.0,0.06,0.06,0.0,0.0,0.17,0.06,0.03,0.03,0.01,0.04,0.12,1.86,0.23,0.06,0.0,0.06,0.06,0.06,0.03,0.01,0.04,0.03,0.04,17.2,48.4,21.6,23.4,2.79,55.2,22.7,25.1,6.34,87.7,95.1,93.5,44.0,820.3,289.8,48.4,21.6,23.4,2.79,55.2,22.7,25.1,6.34,87.7,95.1,93.5,44.0,48.4,21.6,23.4,2.79,55.2,22.7,25.1,6.34,87.7,95.1,93.5,44.0,48.4,21.6,23.4,2.79,55.2,22.7,25.1,6.34,87.7,95.1,93.5,44.0,0.0,0.02,-0.01,0.12,2.33,0.12,0.0,0.06,0.17,0.06,33.3,0.17,0.06,0.33,1.0,8.0,0.0,0.0,0.0,0.17,0.03,0.03,68.0,11.2,41.7,24.3,2.21,0.76,68.0,0.23,100.0,0.0,0.0,38.5,0.06,0.29,0.17,44.4,0.99,0.52,0.47,0.99,0.52,81.8,0.12,1.16,0.7,0.93,1.92,8.14,0.0,0.35,0.35,0.0,0.0,0.06,0.0,0.0,0.0,0.0,0.0,0.0,0.0,0.06,0.0,0.0,0.0,0.0,1.22,0.81,0.06,0.0,0.93,0.47,0.0,0.06,0.0,3.26,1.74,73.2,,,,,,,,,,,,,,,,,,,,,,,,,,,,,Obafemi Awodesu,DF,Houston Dynamo,24-243,,,,,,,,0.0034883720930232558,0.0,0.0017441860465116279,0.03,1.98,1.92,DF,Unknown,0,DF
1900940007,2,2025,3,1,117,1.3,0.0,0.0,0.0,0.0,0.0,0.0,0.0,0.0,0.0,0.0,0.0,0.0,1.54,2.31,0.0,0.0,0.0,0.0,0.0,0.0,0.0,0.0,0.0,0.0,0.0,1.3,60.8,33.1,17.7,6.92,68.5,34.6,19.2,10.0,88.8,95.6,92.0,69.2,1010.0,343.1,60.8,33.1,17.7,6.92,68.5,34.6,19.2,10.0,88.8,95.6,92.0,69.2,60.8,33.1,17.7,6.92,68.5,34.6,19.2,10.0,88.8,95.6,92.0,69.2,60.8,33.1,17.7,6.92,68.5,34.6,19.2,10.0,88.8,95.6,92.0,69.2,0.0,0.0,0.0,0.0,3.85,0.0,0.0,0.0,0.0,0.0,,0.0,0.0,,,,0.0,0.0,0.0,,0.0,0.0,78.5,4.62,29.2,41.5,7.69,0.0,78.5,0.0,,0.0,,41.5,0.0,0.0,0.77,54.6,1.54,0.77,1.54,1.54,0.77,100.0,0.0,1.54,0.77,0.77,2.31,3.08,0.0,0.77,0.77,0.0,0.0,0.0,0.0,0.0,0.0,0.0,0.0,0.0,0.0,0.0,0.0,0.0,0.0,0.0,0.0,0.0,0.0,0.0,0.77,1.54,0.0,0.0,0.77,6.15,0.77,100.0,,,,,,,,,,,,,,,,,,,,,,,,,,,,,Cody Baker,"DF,MF",Seattle Sounders,21-331,Cody Baker,Homegrown,2026,Cody Baker,2025.0,104000.0,109704.0,0.0,0.0,0.0,0.0,3.85,2.31,DF,HG,0,DF
1462478439,2,2025,14,6,544,6.0,0.0,0.17,0.17,0.0,0.0,0.0,0.83,0.17,0.02,0.02,0.28,0.3,1.5,4.5,5.83,0.0,0.17,0.17,0.0,0.17,0.02,0.28,0.31,0.02,0.31,6.0,47.7,24.3,18.5,2.83,57.3,25.5,22.3,6.33,83.1,95.4,82.8,44.7,754.3,203.2,47.7,24.3,18.5,2.83,57.3,25.5,22.3,6.33,83.1,95.4,82.8,44.7,47.7,24.3,18.5,2.83,57.3,25.5,22.3,6.33,83.1,95.4,82.8,44.7,47.7,24.3,18.5,2.83,57.3,25.5,22.3,6.33,83.1,95.4,82.8,44.7,0.17,0.18,-0.12,1.5,3.33,1.83,1.17,0.0,0.5,0.17,33.3,0.5,0.17,0.0,0.0,18.7,0.0,0.0,0.0,0.04,-0.02,-0.02,73.7,4.5,22.0,31.2,21.7,1.17,73.7,0.67,40.0,0.83,50.0,39.8,0.33,2.17,0.83,44.5,2.83,1.67,1.17,2.83,1.67,55.6,1.33,2.17,1.83,1.33,4.17,4.67,0.0,2.0,1.98,0.0,0.0,0.17,0.0,0.0,0.0,0.17,0.17,0.0,0.0,0.17,0.0,0.0,0.0,0.17,2.67,0.5,0.17,3.33,1.33,1.17,0.0,0.17,0.0,4.67,1.0,60.0,,,,,,,,,,,,,,,,,,,,,,,,,,,,,Reed Baker-Whiting,DF,Seattle Sounders,20-248,Reed Baker-Whiting,Homegrown,2025,Reed Baker-Whiting,2025.0,150000.0,158000.0,0.0,0.028333333333333335,0.0033333333333333335,-0.02,6.0,4.16,DF,HG,0,DF
3076274821,1,2025,19,11,1045,11.6,0.09,0.09,0.17,0.09,0.0,0.0,0.09,0.0,0.04,0.04,0.07,0.11,2.16,3.19,3.88,0.09,0.09,0.17,0.09,0.17,0.04,0.07,0.11,0.04,0.11,11.6,33.4,17.0,13.7,1.81,43.4,19.2,18.0,3.71,77.1,88.3,76.1,48.8,521.2,161.1,33.4,17.0,13.7,1.81,43.4,19.2,18.0,3.71,77.1,88.3,76.1,48.8,33.4,17.0,13.7,1.81,43.4,19.2,18.0,3.71,77.1,88.3,76.1,48.8,33.4,17.0,13.7,1.81,43.4,19.2,18.0,3.71,77.1,88.3,76.1,48.8,0.09,0.03,0.02,0.69,2.33,0.6,0.0,0.09,0.95,0.34,36.4,0.95,0.34,0.09,0.25,20.9,0.0,0.0,0.0,0.04,0.04,0.04,56.5,3.28,18.9,23.7,14.8,1.29,56.5,1.9,57.9,1.21,36.8,27.2,0.17,2.59,0.52,30.6,3.36,1.47,2.84,3.36,1.47,65.4,0.78,0.78,0.78,0.52,3.88,2.84,0.17,1.64,1.64,0.09,0.0,0.0,0.0,0.0,0.0,0.34,0.34,0.09,0.0,0.0,0.0,0.0,0.0,0.0,0.6,0.86,0.0,1.55,0.52,2.84,0.0,0.0,0.0,4.74,0.26,21.4,,,,,,,,,,,,,,,,,,,,,,,,,,,,,Leonardo Barroso,DF,Chicago Fire,20-175,Leonardo Barroso,U22 Initiative,2028,Leonardo Barroso,2025.0,300000.0,345500.0,0.007758620689655172,0.007758620689655172,0.003448275862068966,0.049999999999999996,5.35,3.88,DF,U22,0,DF
3318473227,2,2025,30,29,2603,28.9,0.0,0.0,0.0,0.0,0.0,0.0,0.21,0.0,0.04,0.04,0.05,0.09,0.28,1.87,0.31,0.0,0.0,0.0,0.0,0.0,0.04,0.05,0.09,0.04,0.09,28.9,41.3,14.5,22.4,4.22,49.5,16.1,24.3,7.75,83.5,90.5,91.9,54.5,801.9,319.1,41.3,14.5,22.4,4.22,49.5,16.1,24.3,7.75,83.5,90.5,91.9,54.5,41.3,14.5,22.4,4.22,49.5,16.1,24.3,7.75,83.5,90.5,91.9,54.5,41.3,14.5,22.4,4.22,49.5,16.1,24.3,7.75,83.5,90.5,91.9,54.5,0.0,0.04,-0.05,0.38,1.83,0.17,0.03,0.0,0.38,0.1,27.3,0.38,0.1,0.0,0.0,11.9,0.0,0.0,0.0,0.1,-0.04,-0.04,61.8,10.5,39.5,19.2,3.39,1.59,61.8,0.1,100.0,0.0,0.0,32.0,0.0,0.55,0.24,37.7,1.28,0.76,0.66,1.28,0.76,73.3,0.28,1.42,0.45,1.21,2.49,6.82,0.07,0.69,0.69,0.0,0.0,0.0,0.0,0.0,0.0,0.03,0.03,0.0,0.0,0.0,0.0,0.0,0.0,0.0,1.21,0.55,0.07,0.1,1.21,0.66,0.0,0.07,0.03,4.05,3.08,64.5,,,,,,,,,,,,,,,,,,,,,,,,,,,,,Lucas Bartlett,DF,D.C. United,28-131,Lucas Bartlett,Standard,2027,Lucas Bartlett,2025.0,450000.0,510625.0,0.0,0.0,0.0013840830449826991,-0.04,2.1500000000000004,2.49,DF,Standard,0,DF
6942104958,1,2025,22,14,1326,14.7,0.0,0.14,0.14,0.0,0.0,0.0,0.14,0.0,0.08,0.08,0.06,0.14,0.68,4.22,0.41,0.0,0.14,0.14,0.0,0.14,0.08,0.06,0.14,0.08,0.14,14.7,43.3,17.7,19.8,5.17,53.4,19.3,21.8,10.6,81.1,91.9,90.9,48.7,815.1,347.4,43.3,17.7,19.8,5.17,53.4,19.3,21.8,10.6,81.1,91.9,90.9,48.7,43.3,17.7,19.8,5.17,53.4,19.3,21.8,10.6,81.1,91.9,90.9,48.7,43.3,17.7,19.8,5.17,53.4,19.3,21.8,10.6,81.1,91.9,90.9,48.7,0.14,0.05,0.07,0.34,5.58,0.27,0.0,0.0,0.68,0.14,20.0,0.68,0.14,0.0,0.0,14.4,0.0,0.0,0.0,0.12,-0.08,-0.08,64.0,7.82,29.6,29.4,5.31,1.16,64.0,0.41,85.7,0.07,14.3,35.5,0.07,0.2,0.14,43.7,1.29,0.88,0.75,1.29,0.88,81.3,0.2,1.16,0.54,0.27,1.56,6.46,0.07,1.16,1.15,0.07,0.0,0.0,0.0,0.07,0.0,0.14,0.14,0.07,0.0,0.0,0.0,0.07,0.0,0.0,0.82,0.48,0.0,0.88,0.27,0.75,0.0,0.0,0.0,2.65,1.97,64.4,,,,,,,,,,,,,,,,,,,,,,,,,,,,,Ethan Bartlow,DF,Houston Dynamo,25-305,Ethan Bartlow,Standard,2025,Ethan Bartlow,2025.0,275000.0,275000.0,0.0,0.009523809523809525,0.0054421768707483,-0.08,4.8999999999999995,1.56,DF,Standard,0,DF
3905261342,2,2025,25,18,1665,18.5,0.05,0.0,0.05,0.05,0.0,0.0,0.43,0.0,0.03,0.03,0.08,0.1,1.3,6.54,2.81,0.05,0.0,0.05,0.05,0.05,0.03,0.08,0.1,0.03,0.1,18.5,46.3,24.0,16.9,4.16,53.8,26.8,19.2,5.89,85.9,89.7,87.9,70.6,755.6,228.6,46.3,24.0,16.9,4.16,53.8,26.8,19.2,5.89,85.9,89.7,87.9,70.6,46.3,24.0,16.9,4.16,53.8,26.8,19.2,5.89,85.9,89.7,87.9,70.6,46.3,24.0,16.9,4.16,53.8,26.8,19.2,5.89,85.9,89.7,87.9,70.6,0.0,0.11,-0.08,0.7,6.22,1.14,0.32,0.05,0.54,0.22,40.0,0.54,0.22,0.1,0.25,18.0,0.0,0.0,0.0,0.05,0.03,0.03,63.4,2.16,12.2,36.0,16.1,0.76,63.4,0.49,64.3,0.22,28.6,33.6,0.16,1.24,0.49,44.5,2.05,0.7,1.14,2.05,0.7,50.0,0.7,1.24,0.7,1.08,3.14,1.62,0.05,2.0,2.0,0.0,0.0,0.0,0.0,0.0,0.0,0.16,0.16,0.0,0.0,0.0,0.0,0.0,0.0,0.0,2.05,0.81,0.05,1.24,1.08,1.14,0.0,0.05,0.0,4.86,0.97,60.0,,,,,,,,,,,,,,,,,,,,,,,,,,,,,Zorhan Bassong,"MF,DF",Sporting KC,26-211,Zorhan Bassong,Standard,2025,Zorhan Bassong,2025.0,104000.0,114237.0,0.002702702702702703,0.0,0.0016216216216216215,0.020000000000000004,7.84,3.13,DF,Standard,0,DF
7830257743,1,2025,24,9,844,9.4,0.21,0.21,0.43,0.21,0.0,0.0,0.0,0.0,0.07,0.07,0.1,0.17,1.06,4.36,4.04,0.21,0.21,0.43,0.21,0.43,0.08,0.09,0.17,0.08,0.17,9.4,42.6,21.7,17.1,3.4,53.4,23.8,20.4,6.7,79.7,91.1,83.9,50.8,723.7,261.8,42.6,21.7,17.1,3.4,53.4,23.8,20.4,6.7,79.7,91.1,83.9,50.8,42.6,21.7,17.1,3.4,53.4,23.8,20.4,6.7,79.7,91.1,83.9,50.8,42.6,21.7,17.1,3.4,53.4,23.8,20.4,6.7,79.7,91.1,83.9,50.8,0.21,0.11,0.12,1.17,2.87,0.85,0.11,0.21,0.85,0.32,37.5,0.85,0.32,0.25,0.67,11.6,0.0,0.0,0.0,0.09,0.14,0.14,66.1,4.79,25.2,25.3,15.6,2.66,66.1,0.11,14.3,0.64,85.7,31.1,0.11,0.85,0.64,38.7,1.7,0.74,0.74,1.7,0.74,63.6,0.43,0.96,0.53,0.85,2.55,4.79,0.0,2.02,2.03,0.0,0.0,0.0,0.0,0.0,0.0,0.32,0.32,0.0,0.0,0.0,0.0,0.0,0.0,0.0,0.74,0.96,0.0,1.28,0.85,0.74,0.0,0.0,0.0,3.09,1.81,58.6,,,,,,,,,,,,,,,,,,,,,,,,,,,,,Josh Bauer,DF,Nashville SC,27-135,Josh Bauer,Standard,2026,Josh Bauer,2025.0,180000.0,203667.0,0.02234042553191489,0.02234042553191489,0.007446808510638298,0.13999999999999999,5.42,2.55,DF,Standard,0,DF
155112077,1,2025,22,20,1754,19.5,0.0,0.05,0.05,0.0,0.0,0.0,0.21,0.0,0.06,0.06,0.02,0.08,0.26,2.56,0.21,0.0,0.05,0.05,0.0,0.05,0.05,0.02,0.08,0.05,0.08,19.5,47.5,17.8,24.4,4.41,53.7,19.1,26.4,6.56,88.4,93.3,92.4,67.2,884.8,395.6,47.5,17.8,24.4,4.41,53.7,19.1,26.4,6.56,88.4,93.3,92.4,67.2,47.5,17.8,24.4,4.41,53.7,19.1,26.4,6.56,88.4,93.3,92.4,67.2,47.5,17.8,24.4,4.41,53.7,19.1,26.4,6.56,88.4,93.3,92.4,67.2,0.05,0.05,0.03,0.36,2.1,0.26,0.05,0.0,0.51,0.05,10.0,0.51,0.05,0.0,0.0,10.1,0.0,0.0,0.0,0.11,-0.06,-0.06,64.0,12.8,38.9,22.5,2.82,1.18,64.0,0.0,0.0,0.1,100.0,37.4,0.0,0.21,0.15,42.0,1.74,0.97,0.97,1.74,0.97,76.0,0.31,1.85,0.72,0.82,2.56,4.36,0.05,0.82,0.82,0.0,0.0,0.05,0.0,0.0,0.0,0.15,0.15,0.0,0.0,0.05,0.0,0.0,0.0,0.0,1.08,0.21,0.0,0.21,0.82,0.97,0.0,0.05,0.0,3.23,1.38,61.4,,,,,,,,,,,,,,,,,,,,,,,,,,,,,Timo Baumgartl,DF,St. Louis,29-275,Timo Baumgartl,Standard,2026,Timo Baumgartl,2025.0,550000.0,643333.0,0.0,0.002564102564102564,0.003076923076923077,-0.06,2.8200000000000003,2.56,DF,Standard,0,DF
5735758550,2,2025,27,22,1946,21.6,0.0,0.05,0.05,0.0,0.0,0.0,0.05,0.0,0.0,0.0,0.01,0.02,0.19,2.45,0.51,0.0,0.05,0.05,0.0,0.05,0.01,0.01,0.02,0.01,0.02,21.6,37.3,14.8,17.6,4.44,45.9,16.0,19.5,8.94,81.2,92.2,90.3,49.7,709.2,289.1,37.3,14.8,17.6,4.44,45.9,16.0,19.5,8.94,81.2,92.2,90.3,49.7,37.3,14.8,17.6,4.44,45.9,16.0,19.5,8.94,81.2,92.2,90.3,49.7,37.3,14.8,17.6,4.44,45.9,16.0,19.5,8.94,81.2,92.2,90.3,49.7,0.05,0.03,0.03,0.19,2.87,0.14,0.14,0.0,0.14,0.09,66.7,0.14,0.09,0.0,0.0,10.8,0.0,0.0,0.0,0.04,-0.0,-0.0,58.3,7.18,31.2,23.9,3.43,0.42,58.3,0.09,40.0,0.14,60.0,30.0,0.0,0.42,0.05,38.4,2.36,1.25,1.48,2.36,1.25,57.4,0.93,1.67,0.42,0.97,3.33,5.83,0.05,0.6,0.6,0.05,0.05,0.0,0.0,0.05,0.0,0.14,0.14,0.05,0.05,0.0,0.0,0.05,0.0,0.0,0.37,0.79,0.0,0.56,0.97,1.48,0.0,0.0,0.0,2.31,1.57,57.6,,,,,,,,,,,,,,,,,,,,,,,,,,,,,Tanner Beason,DF,NE Revolution,28-256,Tanner Beason,Standard,2026,Tanner Beason,2025.0,325000.0,325000.0,0.0,0.0023148148148148147,0.0,0.0,2.64,3.33,DF,Standard,0,DF
1831425812,2,2025,24,9,749,8.3,0.12,0.12,0.24,0.12,0.0,0.0,0.48,0.0,0.18,0.18,0.16,0.33,1.45,5.06,8.19,0.12,0.12,0.24,0.12,0.24,0.17,0.15,0.33,0.17,0.33,8.3,35.5,19.8,12.8,2.17,48.8,24.0,16.9,3.98,72.8,82.4,75.7,54.5,547.1,212.8,35.5,19.8,12.8,2.17,48.8,24.0,16.9,3.98,72.8,82.4,75.7,54.5,35.5,19.8,12.8,2.17,48.8,24.0,16.9,3.98,72.8,82.4,75.7,54.5,35.5,19.8,12.8,2.17,48.8,24.0,16.9,3.98,72.8,82.4,75.7,54.5,0.12,0.22,-0.04,1.69,4.46,1.45,0.6,0.12,1.57,0.36,23.1,1.56,0.36,0.08,0.33,11.3,0.0,0.0,0.0,0.11,-0.06,-0.06,59.5,1.69,8.43,27.8,23.4,5.66,59.5,0.0,0.0,0.24,100.0,31.6,0.24,0.96,0.0,38.9,2.65,1.08,2.05,2.65,1.08,60.0,0.72,1.57,1.33,0.6,3.25,1.33,0.0,2.89,2.88,0.0,0.0,0.0,0.0,0.12,0.0,0.36,0.36,0.0,0.0,0.0,0.0,0.12,0.0,0.0,2.89,0.36,0.24,2.05,0.6,2.05,0.0,0.12,0.0,3.13,3.25,49.1,,,,,,,,,,,,,,,,,,,,,,,,,,,,,Alejandro Bedoya,"MF,DF",Philadelphia Union,38-219,Alejandro Bedoya,Standard,2025,Alejandro Bedoya,2025.0,104000.0,204500.0,0.014457831325301203,0.014457831325301203,0.021686746987951804,-0.06,6.51,3.25,DF,Standard,0,DF
7077902257,2,2025,21,13,1327,14.7,0.0,0.0,0.0,0.0,0.0,0.0,0.07,0.07,0.01,0.01,0.0,0.01,0.27,2.79,0.27,0.0,0.0,0.0,0.0,0.0,0.02,0.0,0.02,0.02,0.02,14.7,52.4,20.4,26.9,4.08,59.4,21.4,28.6,7.28,88.3,95.5,93.8,56.1,945.8,390.1,52.4,20.4,26.9,4.08,59.4,21.4,28.6,7.28,88.3,95.5,93.8,56.1,52.4,20.4,26.9,4.08,59.4,21.4,28.6,7.28,88.3,95.5,93.8,56.1,52.4,20.4,26.9,4.08,59.4,21.4,28.6,7.28,88.3,95.5,93.8,56.1,0.0,0.03,0.0,0.07,3.74,0.2,0.0,0.0,0.2,0.0,0.0,0.2,0.0,0.0,,12.7,0.0,0.0,0.0,0.07,-0.01,-0.01,69.9,7.41,31.6,35.5,2.93,0.27,69.9,0.68,83.3,0.14,16.7,43.4,0.0,0.75,0.27,51.1,1.16,0.48,0.82,1.16,0.48,70.0,0.2,1.02,0.48,1.02,2.18,4.97,0.2,0.68,0.68,0.0,0.0,0.0,0.0,0.0,0.0,0.14,0.14,0.0,0.0,0.0,0.0,0.0,0.0,0.0,0.75,0.27,0.0,0.34,1.02,0.82,0.0,0.07,0.0,3.74,1.5,53.7,,,,,,,,,,,,,,,,,,,,,,,,,,,,,Jon Bell,DF,Seattle Sounders,28-100,Jon Bell,Standard,2025,Jon Bell,2025.0,135000.0,135000.0,0.0,0.0,0.0006802721088435375,-0.01,3.06,2.1799999999999997,DF,Standard,0,DF
3593532314,1,2025,29,27,2301,25.6,0.0,0.08,0.08,0.0,0.0,0.0,0.35,0.0,0.01,0.01,0.08,0.09,0.51,5.23,1.13,0.0,0.08,0.08,0.0,0.08,0.01,0.08,0.09,0.01,0.09,25.6,41.9,22.3,15.4,2.62,51.6,25.1,18.3,4.84,81.2,88.8,84.4,54.0,645.3,258.0,41.9,22.3,15.4,2.62,51.6,25.1,18.3,4.84,81.2,88.8,84.4,54.0,41.9,22.3,15.4,2.62,51.6,25.1,18.3,4.84,81.2,88.8,84.4,54.0,41.9,22.3,15.4,2.62,51.6,25.1,18.3,4.84,81.2,88.8,84.4,54.0,0.08,0.11,-0.0,0.82,4.26,0.74,0.2,0.0,0.23,0.12,50.0,0.23,0.12,0.0,0.0,28.6,0.0,0.0,0.0,0.03,-0.01,-0.01,61.6,3.67,18.3,33.5,10.3,0.51,61.6,0.27,70.0,0.12,30.0,26.2,0.0,1.05,0.39,37.7,2.07,0.78,1.05,2.07,0.78,37.7,1.29,1.45,1.25,1.56,3.63,2.38,0.04,1.91,1.92,0.0,0.0,0.08,0.0,0.0,0.0,0.35,0.35,0.0,0.0,0.08,0.0,0.0,0.0,0.0,1.56,0.74,0.08,0.63,1.56,1.05,0.0,0.04,0.04,4.34,0.55,30.4,,,,,,,,,,,,,,,,,,,,,,,,,,,,,Ramiro Benetti,"MF,DF",FC Dallas,32-196,,,,,,,,0.0,0.0031249999999999997,0.00039062499999999997,-0.01,5.74,3.63,DF,Unknown,0,DF
3676578012,1,2025,10,5,577,6.4,0.0,0.0,0.0,0.0,0.0,0.0,0.0,0.0,0.03,0.03,0.0,0.03,0.16,2.19,0.0,0.0,0.0,0.0,0.0,0.0,0.03,0.0,0.03,0.03,0.03,6.4,42.2,14.8,21.4,4.84,45.3,15.3,22.3,6.09,93.1,96.9,95.8,79.5,788.4,314.7,42.2,14.8,21.4,4.84,45.3,15.3,22.3,6.09,93.1,96.9,95.8,79.5,42.2,14.8,21.4,4.84,45.3,15.3,22.3,6.09,93.1,96.9,95.8,79.5,42.2,14.8,21.4,4.84,45.3,15.3,22.3,6.09,93.1,96.9,95.8,79.5,0.0,0.02,0.0,0.0,2.66,0.0,0.0,0.0,0.16,0.0,0.0,0.16,0.0,0.0,,5.2,0.0,0.0,0.0,0.16,-0.03,-0.03,55.9,10.0,33.8,21.6,0.94,0.31,55.9,0.0,,0.0,,29.8,0.0,0.47,0.0,33.9,1.56,0.78,1.09,1.56,0.78,55.6,0.63,1.25,0.16,2.19,3.75,4.69,0.0,0.78,0.78,0.0,0.0,0.0,0.0,0.0,0.0,0.16,0.16,0.0,0.0,0.0,0.0,0.0,0.0,0.0,1.56,0.16,0.0,0.0,2.19,1.09,0.0,0.16,0.0,3.91,1.41,50.0,,,,,,,,,,,,,,,,,,,,,,,,,,,,,Juan Berrocal,DF,Atlanta Utd,26-214,,,,Juan Berrocal,2025.0,1200000.0,1200000.0,0.0,0.0,0.0046875,-0.03,2.35,3.75,DF,Unknown,0,DF
2741808880,1,2025,32,31,2623,29.1,0.1,0.03,0.14,0.1,0.0,0.0,0.24,0.0,0.05,0.05,0.07,0.12,1.37,3.23,2.44,0.1,0.03,0.14,0.1,0.14,0.06,0.07,0.12,0.06,0.12,29.1,39.7,18.7,16.2,3.75,48.7,20.5,18.8,6.8,81.6,91.1,86.1,55.1,671.0,225.2,39.7,18.7,16.2,3.75,48.7,20.5,18.8,6.8,81.6,91.1,86.1,55.1,39.7,18.7,16.2,3.75,48.7,20.5,18.8,6.8,81.6,91.1,86.1,55.1,39.7,18.7,16.2,3.75,48.7,20.5,18.8,6.8,81.6,91.1,86.1,55.1,0.03,0.1,-0.03,0.79,2.89,0.58,0.38,0.1,0.79,0.24,30.4,0.79,0.24,0.13,0.43,14.9,0.0,0.0,0.0,0.07,0.05,0.05,60.5,5.09,21.4,27.6,12.0,1.75,60.5,0.34,43.5,0.45,56.5,30.4,0.14,0.52,0.58,36.4,1.41,0.79,0.86,1.41,0.79,69.7,0.34,1.62,1.13,1.48,2.89,4.12,0.0,1.51,1.51,0.03,0.0,0.03,0.0,0.0,0.0,0.1,0.1,0.03,0.0,0.03,0.0,0.0,0.0,0.0,0.76,0.72,0.14,1.51,1.48,0.86,0.0,0.0,0.0,3.57,2.54,58.3,,,,,,,,,,,,,,,,,,,,,,,,,,,,,Guilherme Biro,DF,Austin,25-217,Guilherme Biro,Standard,2027,,,,,0.003436426116838488,0.0010309278350515462,0.001718213058419244,0.05,4.6,2.8899999999999997,DF,Standard,0,DF
1346035078,1,2025,25,23,2070,23.0,0.09,0.04,0.13,0.09,0.0,0.0,0.17,0.0,0.07,0.06,0.03,0.1,0.87,6.26,0.43,0.09,0.04,0.13,0.09,0.13,0.06,0.04,0.1,0.06,0.1,23.0,62.5,22.4,31.7,7.52,69.7,23.6,34.0,10.9,89.6,95.2,93.2,68.9,1220.7,473.1,62.5,22.4,31.7,7.52,69.7,23.6,34.0,10.9,89.6,95.2,93.2,68.9,62.5,22.4,31.7,7.52,69.7,23.6,34.0,10.9,89.6,95.2,93.2,68.9,62.5,22.4,31.7,7.52,69.7,23.6,34.0,10.9,89.6,95.2,93.2,68.9,0.04,0.04,0.01,0.39,7.26,0.13,0.0,0.09,0.48,0.09,18.2,0.48,0.09,0.18,1.0,13.4,0.0,0.0,0.0,0.12,0.02,0.03,79.8,7.22,33.8,39.8,6.65,1.22,79.8,0.43,71.4,0.09,14.3,49.3,0.04,0.43,0.04,55.7,1.04,0.48,0.65,1.04,0.48,84.6,0.09,1.0,0.52,1.22,2.26,4.74,0.13,1.22,1.22,0.0,0.0,0.04,0.04,0.0,0.0,0.17,0.17,0.0,0.0,0.04,0.04,0.0,0.0,0.0,1.0,1.26,0.04,0.35,1.22,0.65,0.04,0.04,0.0,3.87,1.48,66.7,,,,,,,,,,,,,,,,,,,,,,,,,,,,,Tristan Blackmon,DF,Vancouver W'caps,29-114,Tristan Blackmon,TAM Player,2027,Tristan Blackmon,2025.0,800000.0,800000.0,0.003913043478260869,0.0017391304347826088,0.0030434782608695656,0.01999999999999999,7.13,2.26,DF,TAM,0,DF
3799772656,1,2025,26,24,2122,23.6,0.04,0.08,0.13,0.04,0.0,0.0,0.21,0.0,0.05,0.05,0.11,0.16,1.61,5.64,4.49,0.04,0.08,0.13,0.04,0.13,0.05,0.11,0.16,0.05,0.16,23.6,53.3,28.2,21.1,3.18,62.6,30.5,24.4,5.89,85.1,92.4,86.8,54.0,844.0,301.2,53.3,28.2,21.1,3.18,62.6,30.5,24.4,5.89,85.1,92.4,86.8,54.0,53.3,28.2,21.1,3.18,62.6,30.5,24.4,5.89,85.1,92.4,86.8,54.0,53.3,28.2,21.1,3.18,62.6,30.5,24.4,5.89,85.1,92.4,86.8,54.0,0.08,0.13,-0.02,0.76,4.32,0.93,0.38,0.04,0.72,0.17,23.5,0.72,0.17,0.06,0.25,19.5,0.0,0.0,0.0,0.07,-0.0,-0.0,73.8,2.71,22.6,36.5,15.1,1.27,73.8,0.51,44.4,0.55,48.1,38.1,0.17,1.19,0.72,47.1,2.67,1.31,1.78,2.67,1.31,60.8,0.85,0.85,0.72,1.31,3.98,3.14,0.08,1.82,1.82,0.08,0.0,0.08,0.0,0.17,0.04,0.17,0.17,0.08,0.0,0.08,0.0,0.17,0.04,0.0,1.53,1.53,0.17,1.57,1.31,1.78,0.0,0.0,0.0,3.39,0.97,56.1,,,,,,,,,,,,,,,,,,,,,,,,,,,,,Luca Bombino,DF,San Diego FC,19-147,Luca Bombino,Homegrown,2025,Luca Bombino,2025.0,80622.0,80622.0,0.001694915254237288,0.003389830508474576,0.00211864406779661,-0.010000000000000002,7.25,3.98,DF,HG,0,DF
3799772656,1,2025,26,24,2122,23.6,0.04,0.08,0.13,0.04,0.0,0.0,0.21,0.0,0.05,0.05,0.11,0.16,1.61,5.64,4.49,0.04,0.08,0.13,0.04,0.13,0.05,0.11,0.16,0.05,0.16,23.6,53.3,28.2,21.1,3.18,62.6,30.5,24.4,5.89,85.1,92.4,86.8,54.0,844.0,301.2,53.3,28.2,21.1,3.18,62.6,30.5,24.4,5.89,85.1,92.4,86.8,54.0,53.3,28.2,21.1,3.18,62.6,30.5,24.4,5.89,85.1,92.4,86.8,54.0,53.3,28.2,21.1,3.18,62.6,30.5,24.4,5.89,85.1,92.4,86.8,54.0,0.08,0.13,-0.02,0.76,4.32,0.93,0.38,0.04,0.72,0.17,23.5,0.72,0.17,0.06,0.25,19.5,0.0,0.0,0.0,0.07,-0.0,-0.0,73.8,2.71,22.6,36.5,15.1,1.27,73.8,0.51,44.4,0.55,48.1,38.1,0.17,1.19,0.72,47.1,2.67,1.31,1.78,2.67,1.31,60.8,0.85,0.85,0.72,1.31,3.98,3.14,0.08,1.82,1.82,0.08,0.0,0.08,0.0,0.17,0.04,0.17,0.17,0.08,0.0,0.08,0.0,0.17,0.04,0.0,1.53,1.53,0.17,1.57,1.31,1.78,0.0,0.0,0.0,3.39,0.97,56.1,,,,,,,,,,,,,,,,,,,,,,,,,,,,,Luca Bombino,DF,San Diego FC,19-147,Luca Bombino,Standard,2025,Luca Bombino,2025.0,80622.0,80622.0,0.001694915254237288,0.003389830508474576,0.00211864406779661,-0.010000000000000002,7.25,3.98,DF,Standard,0,DF
2051462239,2,2025,7,2,205,2.3,0.0,0.87,0.87,0.0,0.0,0.0,0.0,0.0,0.26,0.26,0.35,0.61,1.74,1.3,6.96,0.0,0.88,0.88,0.0,0.88,0.28,0.33,0.61,0.28,0.61,2.3,33.9,18.7,12.6,2.17,44.3,21.7,16.5,4.35,76.5,86.0,76.3,50.0,526.1,105.2,33.9,18.7,12.6,2.17,44.3,21.7,16.5,4.35,76.5,86.0,76.3,50.0,33.9,18.7,12.6,2.17,44.3,21.7,16.5,4.35,76.5,86.0,76.3,50.0,33.9,18.7,12.6,2.17,44.3,21.7,16.5,4.35,76.5,86.0,76.3,50.0,0.87,0.22,0.52,1.3,0.43,0.43,0.0,0.0,1.74,0.87,50.0,1.76,0.88,0.0,0.0,11.8,0.0,0.0,0.0,0.16,-0.26,-0.26,57.4,3.91,17.8,16.5,23.0,4.35,57.4,0.0,0.0,0.87,100.0,29.6,0.43,0.87,1.74,32.2,1.3,0.87,1.3,1.3,0.87,40.0,1.3,2.61,1.3,0.87,2.17,2.61,0.43,2.61,2.63,0.0,0.0,0.0,0.0,0.0,0.0,0.87,0.88,0.0,0.0,0.0,0.0,0.0,0.0,0.0,0.87,0.87,0.43,2.17,0.87,1.3,0.0,0.0,0.0,3.04,0.87,28.6,,,,,,,,,,,,,,,,,,,,,,,,,,,,,Giuseppe Bovalina,DF,Vancouver W'caps,21-023,Giuseppe Bovalina,Standard,2026,Giuseppe Bovalina,2025.0,104000.0,116980.0,0.0,0.37826086956521743,0.11304347826086958,-0.26,3.04,2.17,DF,Standard,0,DF
1424889404,1,2025,31,28,2651,29.5,0.03,0.03,0.07,0.03,0.0,0.0,0.17,0.0,0.03,0.03,0.04,0.06,0.27,1.05,0.37,0.03,0.03,0.07,0.03,0.07,0.03,0.04,0.07,0.03,0.07,29.5,29.8,10.7,15.1,3.59,37.7,11.7,18.8,6.27,79.2,91.9,80.1,57.3,565.8,224.3,29.8,10.7,15.1,3.59,37.7,11.7,18.8,6.27,79.2,91.9,80.1,57.3,29.8,10.7,15.1,3.59,37.7,11.7,18.8,6.27,79.2,91.9,80.1,57.3,29.8,10.7,15.1,3.59,37.7,11.7,18.8,6.27,79.2,91.9,80.1,57.3,0.03,0.05,-0.0,0.34,0.61,0.24,0.1,0.03,0.17,0.03,20.0,0.17,0.03,0.2,1.0,9.1,0.0,0.0,0.0,0.17,0.01,0.01,48.5,10.4,28.5,12.6,7.66,1.05,48.5,0.1,60.0,0.07,40.0,19.3,0.03,0.58,0.07,23.6,0.71,0.31,0.41,0.71,0.31,69.2,0.14,0.98,0.27,0.75,1.46,6.44,0.0,1.08,1.09,0.0,0.0,0.03,0.0,0.0,0.0,0.14,0.14,0.0,0.0,0.03,0.0,0.0,0.0,0.0,1.08,0.71,0.1,0.34,0.75,0.41,0.0,0.1,0.0,2.34,1.93,70.4,,,,,,,,,,,,,,,,,,,,,,,,,,,,,Michael Boxall,DF,Minnesota Utd,37-108,Michael Boxall,TAM Player,2025,Michael Boxall,2025.0,700000.0,827500.0,0.001016949152542373,0.001016949152542373,0.001016949152542373,0.0,1.32,1.46,DF,TAM,0,DF
5669139066,1,2025,8,3,330,3.7,0.0,0.0,0.0,0.0,0.0,0.0,0.27,0.0,0.08,0.08,0.16,0.24,1.08,4.59,2.7,0.0,0.0,0.0,0.0,0.0,0.1,0.16,0.25,0.1,0.25,3.7,49.5,21.6,20.8,6.76,63.8,25.4,24.3,12.2,77.5,85.1,85.6,55.6,919.2,377.6,49.5,21.6,20.8,6.76,63.8,25.4,24.3,12.2,77.5,85.1,85.6,55.6,49.5,21.6,20.8,6.76,63.8,25.4,24.3,12.2,77.5,85.1,85.6,55.6,49.5,21.6,20.8,6.76,63.8,25.4,24.3,12.2,77.5,85.1,85.6,55.6,0.0,0.22,-0.16,1.08,4.05,1.35,0.54,0.0,0.81,0.81,100.0,0.82,0.82,0.0,0.0,10.8,0.0,0.0,0.0,0.12,-0.08,-0.08,78.6,4.32,31.4,34.9,13.0,2.16,78.6,1.08,66.7,0.27,16.7,38.6,0.54,0.27,0.27,44.3,3.78,2.43,1.89,3.78,2.43,64.3,1.35,3.51,2.7,1.89,5.68,4.59,0.0,1.89,1.91,0.0,0.0,0.0,0.0,0.0,0.0,0.0,0.0,0.0,0.0,0.0,0.0,0.0,0.0,0.0,1.62,0.81,0.0,2.97,1.89,1.89,0.0,0.27,0.0,7.3,1.08,40.0,,,,,,,,,,,,,,,,,,,,,,,,,,,,,Claudio Bravo,DF,Portland Timbers,28-266,Claudio Bravo,TAM Player,2026,,,,,0.0,0.0,0.02162162162162162,-0.08,5.67,5.67,DF,TAM,0,DF
2991493555,1,2025,29,27,2402,26.7,0.04,0.07,0.11,0.04,0.0,0.0,0.19,0.0,0.12,0.12,0.05,0.17,1.01,4.34,0.75,0.04,0.07,0.11,0.04,0.11,0.12,0.05,0.17,0.12,0.17,26.7,48.3,20.2,23.3,3.97,55.0,21.6,25.8,5.81,87.9,93.4,90.1,68.4,854.5,293.0,48.3,20.2,23.3,3.97,55.0,21.6,25.8,5.81,87.9,93.4,90.1,68.4,48.3,20.2,23.3,3.97,55.0,21.6,25.8,5.81,87.9,93.4,90.1,68.4,48.3,20.2,23.3,3.97,55.0,21.6,25.8,5.81,87.9,93.4,90.1,68.4,0.07,0.06,0.02,0.34,3.86,0.26,0.04,0.04,0.94,0.19,20.0,0.94,0.19,0.04,0.2,10.9,0.0,0.0,0.0,0.12,-0.08,-0.08,65.6,6.37,24.8,33.6,7.68,1.5,65.6,0.56,75.0,0.11,15.0,35.0,0.11,0.41,0.3,42.7,1.76,1.12,0.94,1.76,1.12,57.7,0.82,1.05,0.56,1.05,2.81,4.53,0.0,1.46,1.46,0.07,0.0,0.0,0.0,0.07,0.0,0.19,0.19,0.07,0.0,0.0,0.0,0.07,0.0,0.0,1.31,1.2,0.04,0.15,1.05,0.94,0.0,0.0,0.0,2.92,1.91,55.4,,,,,,,,,,,,,,,,,,,,,,,,,,,,,David Brekalo,DF,Orlando City,27-001,David Brekalo,TAM Player,2027,David Brekalo,2025.0,600000.0,683000.0,0.00149812734082397,0.0026217228464419477,0.00449438202247191,-0.07999999999999999,5.35,2.81,DF,TAM,0,DF
6412440108,2,2025,12,6,493,5.5,0.0,0.0,0.0,0.0,0.0,0.0,0.0,0.0,0.04,0.04,0.16,0.2,2.36,3.45,6.55,0.0,0.0,0.0,0.0,0.0,0.03,0.16,0.2,0.03,0.2,5.5,40.4,25.8,12.0,1.64,44.9,27.1,13.5,2.36,89.9,95.3,89.2,69.2,572.0,154.2,40.4,25.8,12.0,1.64,44.9,27.1,13.5,2.36,89.9,95.3,89.2,69.2,40.4,25.8,12.0,1.64,44.9,27.1,13.5,2.36,89.9,95.3,89.2,69.2,40.4,25.8,12.0,1.64,44.9,27.1,13.5,2.36,89.9,95.3,89.2,69.2,0.0,0.15,-0.16,1.27,2.55,1.09,0.55,0.0,0.18,0.0,0.0,0.18,0.0,0.0,,12.2,0.0,0.0,0.0,0.18,-0.04,-0.04,53.5,2.73,11.1,21.3,21.5,1.27,53.5,0.73,100.0,0.0,0.0,33.3,0.18,1.45,0.36,35.3,1.64,1.09,1.45,1.64,1.09,85.7,0.18,0.73,0.55,0.73,2.36,2.55,0.0,1.82,1.83,0.18,0.0,0.0,0.0,0.0,0.0,0.18,0.18,0.18,0.0,0.0,0.0,0.0,0.0,0.0,0.18,0.73,0.0,1.82,0.73,1.45,0.0,0.0,0.0,2.73,0.55,75.0,,,,,,,,,,,,,,,,,,,,,,,,,,,,,Andrew Brody,DF,Sporting KC,30-215,Andrew Brody,Standard,2025,Andrew Brody,2025.0,275000.0,300678.0,0.0,0.0,0.007272727272727273,-0.04,5.8100000000000005,2.37,DF,Standard,0,DF
8315491671,2,2025,3,3,194,2.2,0.0,0.0,0.0,0.0,0.0,0.0,0.45,0.0,0.14,0.14,0.0,0.14,1.36,2.73,0.45,0.0,0.0,0.0,0.0,0.0,0.13,0.0,0.13,0.13,0.13,2.2,57.7,25.9,26.4,5.0,66.4,26.8,30.0,9.09,87.0,96.6,87.9,55.0,1022.7,295.9,57.7,25.9,26.4,5.0,66.4,26.8,30.0,9.09,87.0,96.6,87.9,55.0,57.7,25.9,26.4,5.0,66.4,26.8,30.0,9.09,87.0,96.6,87.9,55.0,57.7,25.9,26.4,5.0,66.4,26.8,30.0,9.09,87.0,96.6,87.9,55.0,0.0,0.0,0.0,0.0,2.27,0.45,0.0,0.0,1.82,0.45,25.0,1.86,0.46,0.0,0.0,7.0,0.0,0.0,0.0,0.07,-0.14,-0.14,77.7,3.18,32.7,37.7,7.27,1.82,77.7,0.0,,0.0,,39.1,0.0,0.45,1.82,50.0,2.73,0.91,1.82,2.73,0.91,66.7,0.45,0.0,0.0,0.45,3.18,3.64,0.0,0.91,0.93,0.0,0.0,0.0,0.0,0.0,0.0,0.0,0.0,0.0,0.0,0.0,0.0,0.0,0.0,0.0,2.27,0.91,0.0,0.91,0.45,1.82,0.0,0.0,0.0,2.27,2.73,75.0,,,,,,,,,,,,,,,,,,,,,,,,,,,,,Javain Brown,DF,Real Salt Lake,26-270,Javain Brown,Standard,2025,Javain Brown,2025.0,300000.0,313688.0,0.0,0.0,0.06363636363636364,-0.14,4.09,3.18,DF,Standard,0,DF
4561240060,1,2025,6,0,41,0.5,0.0,0.0,0.0,0.0,0.0,0.0,0.0,0.0,0.0,0.0,0.0,0.2,12.0,4.0,14.0,0.0,0.0,0.0,0.0,0.0,0.05,0.1,0.15,0.05,0.15,0.5,52.0,40.0,8.0,4.0,64.0,44.0,12.0,6.0,81.3,90.9,66.7,66.7,728.0,184.0,52.0,40.0,8.0,4.0,64.0,44.0,12.0,6.0,81.3,90.9,66.7,66.7,52.0,40.0,8.0,4.0,64.0,44.0,12.0,6.0,81.3,90.9,66.7,66.7,52.0,40.0,8.0,4.0,64.0,44.0,12.0,6.0,81.3,90.9,66.7,66.7,0.0,0.0,0.0,2.0,6.0,0.0,0.0,0.0,2.0,0.0,0.0,2.2,0.0,0.0,,19.6,0.0,0.0,0.0,0.02,0.0,0.0,94.0,4.0,10.0,26.0,58.0,10.0,94.0,2.0,25.0,6.0,75.0,56.0,10.0,6.0,2.0,56.0,4.0,2.0,2.0,4.0,2.0,100.0,0.0,0.0,0.0,0.0,4.0,8.0,0.0,4.0,4.39,0.0,0.0,0.0,0.0,0.0,0.0,0.0,0.0,0.0,0.0,0.0,0.0,0.0,0.0,0.0,2.0,0.0,0.0,2.0,0.0,2.0,0.0,0.0,0.0,4.0,0.0,0.0,,,,,,,,,,,,,,,,,,,,,,,,,,,,,Tristan Brown,"DF,FW",Columbus Crew,18-048,,,,Tristan Brown,2025.0,80622.0,84986.0,0.0,0.0,0.0,0.0,16.0,4.0,DF,Unknown,0,DF
7994294642,2,2025,2,0,24,0.3,0.0,0.0,0.0,0.0,0.0,0.0,0.0,0.0,0.0,0.0,0.0,0.0,0.0,6.67,6.67,0.0,0.0,0.0,0.0,0.0,0.0,0.0,0.0,0.0,0.0,0.3,36.7,16.7,20.0,0.0,50.0,20.0,26.7,0.0,73.3,83.3,75.0,,633.3,93.3,36.7,16.7,20.0,0.0,50.0,20.0,26.7,0.0,73.3,83.3,75.0,,36.7,16.7,20.0,0.0,50.0,20.0,26.7,0.0,73.3,83.3,75.0,,36.7,16.7,20.0,0.0,50.0,20.0,26.7,0.0,73.3,83.3,75.0,,0.0,0.0,0.0,0.0,0.0,0.0,0.0,0.0,0.0,0.0,,0.0,0.0,,,,0.0,0.0,0.0,,0.0,0.0,73.3,6.67,26.7,26.7,23.3,6.67,73.3,0.0,,0.0,,36.7,3.33,3.33,3.33,30.0,3.33,0.0,3.33,3.33,0.0,0.0,3.33,10.0,10.0,0.0,3.33,3.33,0.0,0.0,0.0,0.0,0.0,0.0,0.0,0.0,0.0,0.0,0.0,0.0,0.0,0.0,0.0,0.0,0.0,0.0,3.33,0.0,0.0,0.0,0.0,3.33,0.0,0.0,0.0,13.3,0.0,,,,,,,,,,,,,,,,,,,,,,,,,,,,,,Noel Buck,"MF,DF",SJ Earthquakes,20-243,Noel Buck,Homegrown,2025,Noel Buck,2025.0,115000.0,115000.0,0.0,0.0,0.0,0.0,6.67,3.33,DF,HG,-1,DF
7994294642,3,2025,2,0,24,0.3,0.0,0.0,0.0,0.0,0.0,0.0,0.0,0.0,0.0,0.0,0.0,0.0,0.0,6.67,6.67,0.0,0.0,0.0,0.0,0.0,0.0,0.0,0.0,0.0,0.0,0.3,36.7,16.7,20.0,0.0,50.0,20.0,26.7,0.0,73.3,83.3,75.0,,633.3,93.3,36.7,16.7,20.0,0.0,50.0,20.0,26.7,0.0,73.3,83.3,75.0,,36.7,16.7,20.0,0.0,50.0,20.0,26.7,0.0,73.3,83.3,75.0,,36.7,16.7,20.0,0.0,50.0,20.0,26.7,0.0,73.3,83.3,75.0,,0.0,0.0,0.0,0.0,0.0,0.0,0.0,0.0,0.0,0.0,,0.0,0.0,,,,0.0,0.0,0.0,,0.0,0.0,73.3,6.67,26.7,26.7,23.3,6.67,73.3,0.0,,0.0,,36.7,3.33,3.33,3.33,30.0,3.33,0.0,3.33,3.33,0.0,0.0,3.33,10.0,10.0,0.0,3.33,3.33,0.0,0.0,0.0,0.0,0.0,0.0,0.0,0.0,0.0,0.0,0.0,0.0,0.0,0.0,0.0,0.0,0.0,0.0,3.33,0.0,0.0,0.0,0.0,3.33,0.0,0.0,0.0,13.3,0.0,,,,,,,,,,,,,,,,,,,,,,,,,,,,,,Noel Buck,"MF,DF",SJ Earthquakes,20-243,Noel Buck,Homegrown,2025,Noel Buck,2025.0,115000.0,115000.0,0.0,0.0,0.0,0.0,6.67,3.33,DF,HG,-1,DF
7994294642,2,2025,9,0,151,1.7,0.0,0.59,0.59,0.0,0.0,0.0,0.0,0.0,0.0,0.0,0.24,0.24,0.0,1.76,1.76,0.0,0.6,0.6,0.0,0.6,0.0,0.22,0.22,0.0,0.22,1.7,32.9,12.9,16.5,3.53,42.9,15.3,19.4,6.47,76.7,84.6,84.8,54.5,597.1,118.8,32.9,12.9,16.5,3.53,42.9,15.3,19.4,6.47,76.7,84.6,84.8,54.5,32.9,12.9,16.5,3.53,42.9,15.3,19.4,6.47,76.7,84.6,84.8,54.5,32.9,12.9,16.5,3.53,42.9,15.3,19.4,6.47,76.7,84.6,84.8,54.5,0.59,0.06,0.35,1.18,0.59,0.0,0.0,0.0,0.0,0.0,,0.0,0.0,,,,0.0,0.0,0.0,,0.0,0.0,53.5,2.35,7.65,26.5,19.4,2.94,53.5,0.0,0.0,1.18,100.0,24.7,0.0,1.76,0.0,33.5,2.35,1.18,0.59,2.35,1.18,40.0,1.76,1.76,1.18,0.59,2.94,1.18,0.0,4.12,4.2,0.0,0.0,0.0,0.0,1.18,0.0,0.0,0.0,0.0,0.0,0.0,0.0,1.18,0.0,0.0,0.59,0.0,0.0,1.18,0.59,0.59,0.0,0.0,0.0,2.35,0.0,,,,,,,,,,,,,,,,,,,,,,,,,,,,,,Noel Buck,"MF,DF",SJ Earthquakes,20-243,Noel Buck,Homegrown,2025,Noel Buck,2025.0,115000.0,115000.0,0.0,0.34705882352941175,0.0,0.0,1.76,2.94,DF,HG,0,DF
7994294642,3,2025,9,0,151,1.7,0.0,0.59,0.59,0.0,0.0,0.0,0.0,0.0,0.0,0.0,0.24,0.24,0.0,1.76,1.76,0.0,0.6,0.6,0.0,0.6,0.0,0.22,0.22,0.0,0.22,1.7,32.9,12.9,16.5,3.53,42.9,15.3,19.4,6.47,76.7,84.6,84.8,54.5,597.1,118.8,32.9,12.9,16.5,3.53,42.9,15.3,19.4,6.47,76.7,84.6,84.8,54.5,32.9,12.9,16.5,3.53,42.9,15.3,19.4,6.47,76.7,84.6,84.8,54.5,32.9,12.9,16.5,3.53,42.9,15.3,19.4,6.47,76.7,84.6,84.8,54.5,0.59,0.06,0.35,1.18,0.59,0.0,0.0,0.0,0.0,0.0,,0.0,0.0,,,,0.0,0.0,0.0,,0.0,0.0,53.5,2.35,7.65,26.5,19.4,2.94,53.5,0.0,0.0,1.18,100.0,24.7,0.0,1.76,0.0,33.5,2.35,1.18,0.59,2.35,1.18,40.0,1.76,1.76,1.18,0.59,2.94,1.18,0.0,4.12,4.2,0.0,0.0,0.0,0.0,1.18,0.0,0.0,0.0,0.0,0.0,0.0,0.0,1.18,0.0,0.0,0.59,0.0,0.0,1.18,0.59,0.59,0.0,0.0,0.0,2.35,0.0,,,,,,,,,,,,,,,,,,,,,,,,,,,,,,Noel Buck,"MF,DF",SJ Earthquakes,20-243,Noel Buck,Homegrown,2025,Noel Buck,2025.0,115000.0,115000.0,0.0,0.34705882352941175,0.0,0.0,1.76,2.94,DF,HG,0,DF
5620000609,1,2025,23,19,1726,19.2,0.0,0.1,0.1,0.0,0.0,0.0,0.21,0.0,0.02,0.02,0.1,0.11,1.15,2.03,1.98,0.0,0.1,0.1,0.0,0.1,0.02,0.1,0.12,0.02,0.12,19.2,29.6,14.4,12.7,1.88,37.2,15.9,15.7,3.49,79.6,90.8,80.5,53.7,480.3,180.3,29.6,14.4,12.7,1.88,37.2,15.9,15.7,3.49,79.6,90.8,80.5,53.7,29.6,14.4,12.7,1.88,37.2,15.9,15.7,3.49,79.6,90.8,80.5,53.7,29.6,14.4,12.7,1.88,37.2,15.9,15.7,3.49,79.6,90.8,80.5,53.7,0.1,0.07,0.01,0.57,2.4,0.42,0.26,0.0,0.42,0.0,0.0,0.42,0.0,0.0,,24.6,0.0,0.0,0.0,0.04,-0.02,-0.02,47.1,3.18,16.3,22.1,9.17,0.99,47.1,0.31,35.3,0.36,41.2,19.6,0.36,1.3,0.42,23.1,1.88,0.89,0.94,1.88,0.89,51.5,0.83,0.99,0.47,1.09,2.97,2.86,0.05,1.25,1.25,0.0,0.0,0.1,0.05,0.05,0.0,0.16,0.16,0.0,0.0,0.1,0.05,0.05,0.0,0.0,0.73,0.94,0.0,1.09,1.09,0.94,0.05,0.0,0.0,2.76,0.57,57.9,,,,,,,,,,,,,,,,,,,,,,,,,,,,,Dawid Bugaj,DF,CF Montréal,21-148,Dawid Bugaj,Standard,2026,Dawid Bugaj,2025.0,240000.0,267600.0,0.0,0.005208333333333334,0.0010416666666666667,-0.02,3.1799999999999997,2.9699999999999998,DF,Standard,0,DF
3770743445,1,2025,26,12,1107,12.3,0.0,0.0,0.0,0.0,0.0,0.0,0.0,0.0,0.06,0.06,0.11,0.16,0.57,2.44,7.15,0.0,0.0,0.0,0.0,0.0,0.06,0.11,0.16,0.06,0.16,12.3,36.4,20.1,12.9,2.11,47.3,22.9,16.3,4.63,77.0,87.6,79.5,45.6,562.3,212.8,36.4,20.1,12.9,2.11,47.3,22.9,16.3,4.63,77.0,87.6,79.5,45.6,36.4,20.1,12.9,2.11,47.3,22.9,16.3,4.63,77.0,87.6,79.5,45.6,36.4,20.1,12.9,2.11,47.3,22.9,16.3,4.63,77.0,87.6,79.5,45.6,0.0,0.13,-0.11,1.14,2.11,1.06,0.57,0.0,0.73,0.08,11.1,0.73,0.08,0.0,0.0,11.8,0.0,0.0,0.0,0.08,-0.06,-0.06,57.9,4.39,19.0,21.5,17.9,2.2,57.9,0.57,70.0,0.24,30.0,24.6,0.16,1.14,0.49,31.6,1.3,0.89,0.65,1.3,0.89,52.4,0.81,1.95,0.89,0.81,2.11,3.17,0.16,1.79,1.79,0.0,0.0,0.0,0.0,0.0,0.0,0.0,0.0,0.0,0.0,0.0,0.0,0.0,0.0,0.0,0.33,0.08,0.08,3.41,0.81,0.65,0.0,0.0,0.0,3.82,2.68,60.0,,,,,,,,,,,,,,,,,,,,,,,,,,,,,Brandon Bye,DF,NE Revolution,30-005,Brandon Bye,Standard,2025,Brandon Bye,2025.0,425000.0,443813.0,0.0,0.0,0.004878048780487804,-0.06,3.01,2.1100000000000003,DF,Standard,0,DF
7993210472,1,2025,17,17,1527,17.0,0.0,0.0,0.0,0.0,0.0,0.0,0.18,0.0,0.0,0.0,0.01,0.01,1.71,4.59,3.12,0.0,0.0,0.0,0.0,0.0,0.0,0.01,0.01,0.0,0.01,17.0,44.9,21.3,19.2,4.12,56.2,23.4,22.6,7.53,80.0,91.2,84.9,54.7,776.5,257.5,44.9,21.3,19.2,4.12,56.2,23.4,22.6,7.53,80.0,91.2,84.9,54.7,44.9,21.3,19.2,4.12,56.2,23.4,22.6,7.53,80.0,91.2,84.9,54.7,44.9,21.3,19.2,4.12,56.2,23.4,22.6,7.53,80.0,91.2,84.9,54.7,0.0,0.04,-0.01,0.35,4.71,0.71,0.24,0.0,0.0,0.0,,0.0,0.0,,,,0.0,0.0,0.0,,0.0,0.0,64.0,3.65,20.2,29.4,14.8,0.41,64.0,0.35,42.9,0.29,35.7,33.9,0.06,0.88,0.41,40.2,1.47,1.0,1.06,1.47,1.0,51.5,0.94,0.76,0.35,0.47,1.94,2.88,0.06,0.94,0.94,0.0,0.0,0.0,0.0,0.0,0.0,0.0,0.0,0.0,0.0,0.0,0.0,0.0,0.0,0.0,0.47,1.0,0.0,2.59,0.47,1.06,0.0,0.0,0.0,2.71,0.59,50.0,,,,,,,,,,,,,,,,,,,,,,,,,,,,,Nathan Byrne,DF,Charlotte,33-182,Nathan Byrne,TAM Player,2026,Nathan Byrne,2025.0,475000.0,498750.0,0.0,0.0,0.0,0.0,6.3,1.94,DF,TAM,0,DF
2082553083,3,2025,25,22,1988,22.1,0.05,0.05,0.09,0.05,0.0,0.0,0.18,0.0,0.02,0.02,0.04,0.05,1.54,4.89,1.31,0.05,0.05,0.09,0.05,0.09,0.02,0.03,0.06,0.02,0.06,22.1,51.6,25.6,20.7,4.3,59.3,27.2,23.2,6.65,87.0,94.2,89.1,64.6,860.6,273.2,51.6,25.6,20.7,4.3,59.3,27.2,23.2,6.65,87.0,94.2,89.1,64.6,51.6,25.6,20.7,4.3,59.3,27.2,23.2,6.65,87.0,94.2,89.1,64.6,51.6,25.6,20.7,4.3,59.3,27.2,23.2,6.65,87.0,94.2,89.1,64.6,0.05,0.05,0.01,0.63,4.98,0.68,0.32,0.05,0.68,0.14,20.0,0.68,0.14,0.07,0.33,21.1,0.0,0.0,0.0,0.03,0.02,0.02,69.0,3.35,21.5,36.1,11.9,0.72,69.0,0.09,18.2,0.32,63.6,39.4,0.14,0.68,0.27,44.2,2.26,1.4,1.27,2.26,1.4,64.6,0.77,1.31,0.81,1.09,3.35,2.44,0.0,2.22,2.22,0.05,0.0,0.0,0.0,0.05,0.0,0.14,0.14,0.05,0.0,0.0,0.0,0.05,0.0,0.0,1.13,1.09,0.05,1.13,1.09,1.27,0.0,0.0,0.0,4.75,0.23,33.3,,,,,,,,,,,,,,,,,,,,,,,,,,,,,Noel Caliskan,"DF,MF",Real Salt Lake,25-097,Noel Caliskan,Standard,2025,Noel Caliskan,2025.0,104000.0,104000.0,0.002262443438914027,0.002262443438914027,0.0009049773755656108,0.030000000000000002,6.43,3.3499999999999996,DF,Standard,0,DF
3902009673,1,2025,16,15,1345,14.9,0.0,0.07,0.07,0.0,0.0,0.0,0.27,0.0,0.04,0.04,0.1,0.15,0.6,3.96,0.34,0.0,0.07,0.07,0.0,0.07,0.04,0.1,0.15,0.04,0.15,14.9,59.7,22.1,29.4,7.38,69.3,23.3,31.9,12.3,86.2,95.1,92.0,60.1,1148.7,414.0,59.7,22.1,29.4,7.38,69.3,23.3,31.9,12.3,86.2,95.1,92.0,60.1,59.7,22.1,29.4,7.38,69.3,23.3,31.9,12.3,86.2,95.1,92.0,60.1,59.7,22.1,29.4,7.38,69.3,23.3,31.9,12.3,86.2,95.1,92.0,60.1,0.07,0.05,-0.03,0.4,3.49,0.54,0.0,0.0,0.74,0.13,18.2,0.74,0.13,0.0,0.0,17.6,0.0,0.0,0.0,0.06,-0.04,-0.04,82.0,11.8,45.6,33.4,3.89,0.94,82.0,0.47,58.3,0.13,16.7,47.0,0.07,1.54,0.27,50.7,2.15,1.07,1.48,2.15,1.07,72.7,0.4,1.41,0.4,1.48,3.62,4.56,0.2,1.81,1.81,0.0,0.0,0.07,0.0,0.07,0.0,0.07,0.07,0.0,0.0,0.07,0.0,0.07,0.0,0.0,1.21,1.34,0.0,0.0,1.48,1.48,0.0,0.0,0.0,7.58,1.21,47.4,,,,,,,,,,,,,,,,,,,,,,,,,,,,,George Campbell,DF,CF Montréal,24-165,George Campbell,U22 Initiative,2025,,,,,0.0,0.0046979865771812086,0.0026845637583892616,-0.04,4.56,3.63,DF,U22,0,DF
563496402,1,2025,28,28,2443,27.1,0.0,0.0,0.0,0.0,0.0,0.0,0.37,0.0,0.01,0.01,0.04,0.05,1.14,2.99,2.92,0.0,0.0,0.0,0.0,0.0,0.01,0.04,0.05,0.01,0.05,27.1,36.6,17.0,16.7,2.18,45.5,18.8,19.9,4.8,80.5,90.4,84.0,45.4,599.6,182.2,36.6,17.0,16.7,2.18,45.5,18.8,19.9,4.8,80.5,90.4,84.0,45.4,36.6,17.0,16.7,2.18,45.5,18.8,19.9,4.8,80.5,90.4,84.0,45.4,36.6,17.0,16.7,2.18,45.5,18.8,19.9,4.8,80.5,90.4,84.0,45.4,0.0,0.07,-0.04,0.37,2.1,0.52,0.18,0.0,0.15,0.07,50.0,0.15,0.07,0.0,0.0,22.3,0.0,0.0,0.0,0.05,-0.01,-0.01,54.5,3.14,18.1,24.6,12.3,0.92,54.5,0.44,44.4,0.48,48.1,26.3,0.18,0.63,0.33,29.7,1.4,0.77,0.85,1.4,0.77,63.6,0.44,0.77,0.48,1.99,3.39,2.69,0.04,1.29,1.29,0.07,0.0,0.04,0.0,0.0,0.0,0.07,0.07,0.07,0.0,0.04,0.0,0.0,0.0,0.0,1.44,1.18,0.04,1.33,1.99,0.85,0.0,0.0,0.0,3.8,0.52,41.2,,,,,,,,,,,,,,,,,,,,,,,,,,,,,Reggie Cannon,DF,Colorado Rapids,27-176,Reggie Cannon,TAM Player,2027,Reggie Cannon,2025.0,750000.0,841500.0,0.0,0.0,0.00036900369003690036,-0.01,4.13,3.3899999999999997,DF,TAM,0,DF
7934394402,2,2025,8,7,603,6.7,0.15,0.0,0.15,0.15,0.0,0.0,0.3,0.0,0.06,0.06,0.04,0.1,0.45,3.28,0.3,0.15,0.0,0.15,0.15,0.15,0.06,0.04,0.1,0.06,0.1,6.7,50.6,20.6,24.5,5.07,56.4,21.8,26.0,7.61,89.7,94.5,94.3,66.7,916.9,375.7,50.6,20.6,24.5,5.07,56.4,21.8,26.0,7.61,89.7,94.5,94.3,66.7,50.6,20.6,24.5,5.07,56.4,21.8,26.0,7.61,89.7,94.5,94.3,66.7,50.6,20.6,24.5,5.07,56.4,21.8,26.0,7.61,89.7,94.5,94.3,66.7,0.0,0.01,-0.04,0.45,2.69,0.0,0.0,0.15,1.19,0.3,25.0,1.19,0.3,0.13,0.5,10.6,0.0,0.0,0.0,0.05,0.09,0.09,70.4,13.1,44.2,22.5,3.88,2.39,70.4,0.0,,0.0,,36.9,0.15,0.6,0.0,43.0,0.75,0.6,0.6,0.75,0.6,100.0,0.0,1.19,0.45,1.64,2.39,8.06,0.0,0.75,0.75,0.0,0.0,0.0,0.0,0.0,0.0,0.0,0.0,0.0,0.0,0.0,0.0,0.0,0.0,0.0,1.04,0.15,0.0,0.15,1.64,0.6,0.0,0.0,0.0,4.33,1.94,61.9,,,,,,,,,,,,,,,,,,,,,,,,,,,,,Antonio Carlos,DF,Houston Dynamo,32-272,,,,,,,,0.022388059701492536,0.0,0.008955223880597014,0.09,3.73,2.3899999999999997,DF,Unknown,0,DF
7298488969,1,2025,13,9,760,8.4,0.0,0.0,0.0,0.0,0.0,0.0,0.12,0.0,0.01,0.01,0.01,0.02,0.24,4.05,0.0,0.0,0.0,0.0,0.0,0.0,0.02,0.01,0.02,0.02,0.02,8.4,52.6,18.0,28.2,5.71,57.5,19.2,29.4,7.86,91.5,93.8,96.0,72.7,1010.0,423.9,52.6,18.0,28.2,5.71,57.5,19.2,29.4,7.86,91.5,93.8,96.0,72.7,52.6,18.0,28.2,5.71,57.5,19.2,29.4,7.86,91.5,93.8,96.0,72.7,52.6,18.0,28.2,5.71,57.5,19.2,29.4,7.86,91.5,93.8,96.0,72.7,0.0,0.04,-0.01,0.24,3.69,0.12,0.0,0.0,0.48,0.0,0.0,0.47,0.0,0.0,,13.0,0.0,0.0,0.0,0.03,-0.01,-0.01,66.7,8.45,26.8,38.0,2.02,1.43,66.7,0.0,0.0,0.12,100.0,40.0,0.0,0.12,0.12,49.8,0.48,0.36,0.36,0.48,0.36,42.9,0.48,1.07,0.12,1.19,1.67,4.52,0.0,0.71,0.72,0.0,0.0,0.0,0.0,0.0,0.0,0.12,0.12,0.0,0.0,0.0,0.0,0.0,0.0,0.0,0.83,0.6,0.0,0.12,1.19,0.36,0.0,0.0,0.0,2.86,2.38,54.1,,,,,,,,,,,,,,,,,,,,,,,,,,,,,Julio Cascante,DF,Austin,32-062,Julio Cascante,TAM Player,2025,Julio Cascante,2025.0,780000.0,853750.0,0.0,0.0,0.0011904761904761904,-0.01,4.29,1.67,DF,TAM,0,DF
5216097728,1,2025,15,2,319,3.5,0.0,0.0,0.0,0.0,0.0,0.0,0.29,0.0,0.03,0.03,0.0,0.03,1.43,4.29,4.29,0.0,0.0,0.0,0.0,0.0,0.02,0.01,0.03,0.02,0.03,3.5,49.4,25.1,19.7,3.71,58.9,26.6,22.9,7.71,84.0,94.6,86.3,48.1,796.6,322.0,49.4,25.1,19.7,3.71,58.9,26.6,22.9,7.71,84.0,94.6,86.3,48.1,49.4,25.1,19.7,3.71,58.9,26.6,22.9,7.71,84.0,94.6,86.3,48.1,49.4,25.1,19.7,3.71,58.9,26.6,22.9,7.71,84.0,94.6,86.3,48.1,0.0,0.06,0.0,0.29,4.57,1.14,0.29,0.0,0.57,0.0,0.0,0.56,0.0,0.0,,23.9,0.0,0.0,0.0,0.04,-0.03,-0.03,71.7,5.14,26.0,33.4,13.4,0.57,71.7,0.29,50.0,0.29,50.0,32.0,0.0,1.14,0.29,37.4,4.29,2.57,2.29,4.29,2.57,60.0,1.71,1.14,1.14,2.0,6.29,4.57,0.0,1.71,1.69,0.0,0.0,0.0,0.0,0.0,0.0,0.0,0.0,0.0,0.0,0.0,0.0,0.0,0.0,0.0,0.57,0.0,0.0,1.43,2.0,2.29,0.0,0.29,0.0,6.57,0.86,42.9,,,,,,,,,,,,,,,,,,,,,,,,,,,,,Nico Cavallo,"DF,MF",NYCFC,23-342,Nico Cavallo,Standard,2025,Nico Cavallo,2025.0,80622.0,82470.0,0.0,0.0,0.008571428571428572,-0.03,5.72,6.29,DF,Standard,0,DF
4393651643,1,2025,29,29,2551,28.3,0.04,0.0,0.04,0.04,0.0,0.0,0.32,0.0,0.02,0.02,0.01,0.03,0.49,2.16,0.28,0.04,0.0,0.04,0.04,0.04,0.02,0.01,0.03,0.02,0.03,28.3,42.9,15.6,21.8,4.73,49.2,16.9,23.3,7.81,87.2,92.7,93.5,60.6,818.4,303.4,42.9,15.6,21.8,4.73,49.2,16.9,23.3,7.81,87.2,92.7,93.5,60.6,42.9,15.6,21.8,4.73,49.2,16.9,23.3,7.81,87.2,92.7,93.5,60.6,42.9,15.6,21.8,4.73,49.2,16.9,23.3,7.81,87.2,92.7,93.5,60.6,0.0,0.02,-0.01,0.14,2.61,0.14,0.07,0.04,0.39,0.07,18.2,0.39,0.07,0.09,0.5,11.1,0.0,0.0,0.0,0.06,0.01,0.01,62.0,8.83,37.0,23.6,1.87,0.64,62.0,0.6,65.4,0.25,26.9,36.7,0.0,0.67,0.21,41.6,1.8,0.81,1.2,1.8,0.81,74.2,0.28,1.59,0.81,1.52,3.32,5.3,0.07,0.46,0.46,0.0,0.0,0.04,0.0,0.0,0.0,0.0,0.0,0.0,0.0,0.04,0.0,0.0,0.0,0.0,1.38,0.67,0.11,0.25,1.52,1.2,0.0,0.0,0.0,3.92,1.8,54.3,,,,,,,,,,,,,,,,,,,,,,,,,,,,,Brayan Ceballos,DF,NE Revolution,24-194,Brayan Ceballos,TAM Player,2027,Brayan Ceballos,2025.0,725000.0,805625.0,0.0014134275618374558,0.0,0.0007067137809187279,0.02,2.6500000000000004,3.3200000000000003,DF,TAM,0,DF
958394467,1,2025,1,1,64,0.7,0.0,0.0,0.0,0.0,0.0,0.0,0.0,0.0,0.0,0.0,0.0,0.0,1.43,0.0,2.86,0.0,0.0,0.0,0.0,0.0,0.0,0.0,0.0,0.0,0.0,0.7,7.14,2.86,4.29,0.0,14.3,5.71,4.29,4.29,50.0,50.0,100.0,0.0,111.4,60.0,7.14,2.86,4.29,0.0,14.3,5.71,4.29,4.29,50.0,50.0,100.0,0.0,7.14,2.86,4.29,0.0,14.3,5.71,4.29,4.29,50.0,50.0,100.0,0.0,7.14,2.86,4.29,0.0,14.3,5.71,4.29,4.29,50.0,50.0,100.0,0.0,0.0,0.0,0.0,0.0,0.0,0.0,0.0,0.0,0.0,0.0,,0.0,0.0,,,,0.0,0.0,0.0,,0.0,0.0,37.1,7.14,22.9,8.57,5.71,0.0,37.1,0.0,0.0,1.43,100.0,11.4,0.0,1.43,0.0,10.0,2.86,2.86,0.0,2.86,2.86,100.0,0.0,1.43,1.43,1.43,4.29,8.57,0.0,0.0,0.0,0.0,0.0,0.0,0.0,0.0,0.0,0.0,0.0,0.0,0.0,0.0,0.0,0.0,0.0,0.0,0.0,0.0,0.0,2.86,1.43,0.0,0.0,0.0,0.0,2.86,1.43,100.0,,,,,,,,,,,,,,,,,,,,,,,,,,,,,Kieran Chandler,DF,Minnesota Utd,20-178,,,,Kieran Chandler,2025.0,80622.0,80622.0,0.0,0.0,0.0,0.0,1.43,4.29,DF,Unknown,0,DF
6211036805,2,2025,1,1,67,0.7,0.0,0.0,0.0,0.0,0.0,0.0,0.0,0.0,0.0,0.0,0.0,0.0,0.0,0.0,0.0,0.0,0.0,0.0,0.0,0.0,0.0,0.0,0.0,0.0,0.0,0.7,31.4,5.71,20.0,2.86,40.0,7.14,24.3,2.86,78.6,80.0,82.4,100.0,621.4,208.6,31.4,5.71,20.0,2.86,40.0,7.14,24.3,2.86,78.6,80.0,82.4,100.0,31.4,5.71,20.0,2.86,40.0,7.14,24.3,2.86,78.6,80.0,82.4,100.0,31.4,5.71,20.0,2.86,40.0,7.14,24.3,2.86,78.6,80.0,82.4,100.0,0.0,0.0,0.0,0.0,0.0,0.0,0.0,0.0,0.0,0.0,,0.0,0.0,,,,0.0,0.0,0.0,,0.0,0.0,62.9,15.7,42.9,20.0,0.0,0.0,62.9,0.0,,0.0,,11.4,0.0,0.0,0.0,21.4,2.86,1.43,2.86,2.86,1.43,100.0,0.0,2.86,0.0,4.29,7.14,10.0,0.0,0.0,0.0,0.0,0.0,0.0,0.0,0.0,0.0,0.0,0.0,0.0,0.0,0.0,0.0,0.0,0.0,0.0,0.0,0.0,0.0,0.0,4.29,2.86,0.0,0.0,0.0,4.29,1.43,100.0,,,,,,,,,,,,,,,,,,,,,,,,,,,,,Maxime Chanot,DF,LAFC,36-013,Maxime Chanot,Standard,2025,Maxime Chanot,2025.0,400000.0,400000.0,0.0,0.0,0.0,0.0,0.0,7.15,DF,Standard,-1,DF
8188118157,1,2025,30,25,2315,25.7,0.0,0.0,0.0,0.0,0.0,0.0,0.08,0.0,0.02,0.02,0.04,0.05,1.56,5.88,0.78,0.0,0.0,0.0,0.0,0.0,0.02,0.04,0.06,0.02,0.06,25.7,73.5,36.9,32.6,3.11,79.5,38.3,34.2,5.14,92.5,96.4,95.3,60.6,1174.3,505.3,73.5,36.9,32.6,3.11,79.5,38.3,34.2,5.14,92.5,96.4,95.3,60.6,73.5,36.9,32.6,3.11,79.5,38.3,34.2,5.14,92.5,96.4,95.3,60.6,73.5,36.9,32.6,3.11,79.5,38.3,34.2,5.14,92.5,96.4,95.3,60.6,0.0,0.06,-0.04,0.47,6.19,0.51,0.12,0.0,0.27,0.0,0.0,0.27,0.0,0.0,,23.6,0.04,0.0,0.0,0.06,-0.02,-0.02,88.5,6.73,34.0,47.9,7.08,0.62,88.5,0.35,52.9,0.23,35.3,55.0,0.08,0.62,0.31,64.9,1.83,1.05,1.28,1.83,1.05,73.0,0.39,0.93,0.31,1.21,3.04,3.42,0.04,1.21,1.21,0.0,0.0,0.04,0.0,0.04,0.0,0.0,0.0,0.0,0.0,0.04,0.0,0.04,0.0,0.0,0.97,1.05,0.04,0.47,1.21,1.28,0.0,0.08,0.0,4.55,1.21,44.3,,,,,,,,,,,,,,,,,,,,,,,,,,,,,Yevhen Cheberko,DF,Columbus Crew,27-315,Yevhen Cheberko,TAM Player,June 2026,,,,,0.0,0.0,0.0007782101167315176,-0.02,7.4399999999999995,3.04,DF,TAM,0,DF
247313782,1,2025,3,2,150,1.7,0.0,0.0,0.0,0.0,0.0,0.0,0.0,0.0,0.06,0.06,0.0,0.06,3.53,2.35,4.12,0.0,0.0,0.0,0.0,0.0,0.04,0.01,0.06,0.04,0.06,1.7,18.8,10.6,8.24,0.0,28.2,12.9,14.1,1.18,66.7,81.8,58.3,0.0,265.9,91.2,18.8,10.6,8.24,0.0,28.2,12.9,14.1,1.18,66.7,81.8,58.3,0.0,18.8,10.6,8.24,0.0,28.2,12.9,14.1,1.18,66.7,81.8,58.3,0.0,18.8,10.6,8.24,0.0,28.2,12.9,14.1,1.18,66.7,81.8,58.3,0.0,0.0,0.0,0.0,0.59,1.76,0.59,0.0,0.0,0.59,0.59,100.0,0.6,0.6,0.0,0.0,19.8,0.0,0.0,0.0,0.07,-0.06,-0.06,37.1,3.53,11.2,13.5,12.4,1.76,37.1,0.0,0.0,1.18,100.0,21.8,0.59,1.76,1.76,26.5,2.35,1.18,1.18,2.35,1.18,66.7,0.59,0.0,0.0,0.0,2.35,0.0,0.59,1.18,1.21,0.0,0.0,0.0,0.0,0.0,0.0,0.0,0.0,0.0,0.0,0.0,0.0,0.0,0.0,0.0,0.59,0.0,0.0,2.35,0.0,1.18,0.0,0.0,0.0,2.94,0.59,100.0,,,,,,,,,,,,,,,,,,,,,,,,,,,,,Dominik Chong Qui,DF,Atlanta Utd,17-340,,,,Dominik Chong Qui,2025.0,80622.0,80622.0,0.0,0.0,0.03529411764705882,-0.06,5.88,2.35,DF,Unknown,0,DF
3061439307,1,2025,9,3,258,2.9,0.0,0.0,0.0,0.0,0.0,0.0,0.0,0.0,0.0,0.0,0.07,0.1,0.69,2.07,5.86,0.0,0.0,0.0,0.0,0.0,0.01,0.08,0.09,0.01,0.09,2.9,34.1,15.9,14.5,3.1,42.1,18.6,16.9,3.79,81.1,85.2,85.7,81.8,566.9,108.6,34.1,15.9,14.5,3.1,42.1,18.6,16.9,3.79,81.1,85.2,85.7,81.8,34.1,15.9,14.5,3.1,42.1,18.6,16.9,3.79,81.1,85.2,85.7,81.8,34.1,15.9,14.5,3.1,42.1,18.6,16.9,3.79,81.1,85.2,85.7,81.8,0.0,0.03,-0.07,1.38,1.38,0.0,0.0,0.0,0.34,0.0,0.0,0.35,0.0,0.0,,10.7,0.0,0.0,0.0,0.03,0.0,0.0,53.4,2.07,18.3,20.7,15.2,1.72,53.4,1.03,75.0,0.34,25.0,25.9,0.0,2.41,1.03,29.3,3.79,1.72,3.45,3.79,1.72,83.3,0.34,1.72,1.38,0.34,4.14,2.41,0.0,2.07,2.09,0.34,0.0,0.0,0.0,0.0,0.0,0.0,0.0,0.34,0.0,0.0,0.0,0.0,0.0,0.0,2.41,0.69,0.69,0.69,0.34,3.45,0.0,0.0,0.0,6.21,1.03,42.9,,,,,,,,,,,,,,,,,,,,,,,,,,,,,Markus Cimermancic,"DF,MF",Toronto FC,21-064,Markus Cimermancic,Homegrown,2026,Markus Cimermancic,2025.0,80622.0,94478.0,0.0,0.0,0.0,0.0,2.76,4.13,DF,HG,0,DF
8608458244,2,2025,13,3,432,4.8,0.0,0.0,0.0,0.0,0.0,0.0,0.0,0.0,0.0,0.0,0.02,0.04,1.04,3.96,1.25,0.0,0.0,0.0,0.0,0.0,0.01,0.03,0.04,0.01,0.04,4.8,59.2,22.7,28.1,7.92,67.1,24.0,30.0,11.7,88.2,94.8,93.8,67.9,1164.0,406.9,59.2,22.7,28.1,7.92,67.1,24.0,30.0,11.7,88.2,94.8,93.8,67.9,59.2,22.7,28.1,7.92,67.1,24.0,30.0,11.7,88.2,94.8,93.8,67.9,59.2,22.7,28.1,7.92,67.1,24.0,30.0,11.7,88.2,94.8,93.8,67.9,0.0,0.13,-0.02,0.21,6.67,0.21,0.0,0.0,0.21,0.0,0.0,0.21,0.0,0.0,,16.7,0.0,0.0,0.0,0.03,0.0,0.0,79.0,8.54,34.4,41.3,3.75,0.83,79.0,0.21,100.0,0.0,0.0,43.8,0.0,0.63,0.0,54.2,1.67,1.25,0.83,1.67,1.25,60.0,0.83,0.42,0.0,1.04,2.71,6.67,0.42,0.42,0.42,0.0,0.0,0.0,0.0,0.0,0.0,0.0,0.0,0.0,0.0,0.0,0.0,0.0,0.0,0.0,1.88,0.42,0.0,0.63,1.04,0.83,0.0,0.0,0.0,3.54,2.29,50.0,,,,,,,,,,,,,,,,,,,,,,,,,,,,,Noah Cobb,DF,Colorado Rapids,20-137,Noah Cobb,Homegrown,2026,Noah Cobb,2025.0,109000.0,109000.0,0.0,0.0,0.0,0.0,5.0,2.71,DF,HG,0,DF
8608458244,3,2025,13,3,432,4.8,0.0,0.0,0.0,0.0,0.0,0.0,0.0,0.0,0.0,0.0,0.02,0.04,1.04,3.96,1.25,0.0,0.0,0.0,0.0,0.0,0.01,0.03,0.04,0.01,0.04,4.8,59.2,22.7,28.1,7.92,67.1,24.0,30.0,11.7,88.2,94.8,93.8,67.9,1164.0,406.9,59.2,22.7,28.1,7.92,67.1,24.0,30.0,11.7,88.2,94.8,93.8,67.9,59.2,22.7,28.1,7.92,67.1,24.0,30.0,11.7,88.2,94.8,93.8,67.9,59.2,22.7,28.1,7.92,67.1,24.0,30.0,11.7,88.2,94.8,93.8,67.9,0.0,0.13,-0.02,0.21,6.67,0.21,0.0,0.0,0.21,0.0,0.0,0.21,0.0,0.0,,16.7,0.0,0.0,0.0,0.03,0.0,0.0,79.0,8.54,34.4,41.3,3.75,0.83,79.0,0.21,100.0,0.0,0.0,43.8,0.0,0.63,0.0,54.2,1.67,1.25,0.83,1.67,1.25,60.0,0.83,0.42,0.0,1.04,2.71,6.67,0.42,0.42,0.42,0.0,0.0,0.0,0.0,0.0,0.0,0.0,0.0,0.0,0.0,0.0,0.0,0.0,0.0,0.0,1.88,0.42,0.0,0.63,1.04,0.83,0.0,0.0,0.0,3.54,2.29,50.0,,,,,,,,,,,,,,,,,,,,,,,,,,,,,Noah Cobb,DF,Colorado Rapids,20-137,Noah Cobb,Homegrown,2026,Noah Cobb,2025.0,109000.0,109000.0,0.0,0.0,0.0,0.0,5.0,2.71,DF,HG,0,DF
8608458244,2,2025,4,4,360,4.0,0.0,0.0,0.0,0.0,0.0,0.0,0.0,0.0,0.05,0.05,0.0,0.05,0.25,4.25,0.0,0.0,0.0,0.0,0.0,0.0,0.05,0.0,0.05,0.05,0.05,4.0,43.5,11.3,29.8,1.75,49.8,13.0,31.3,4.25,87.4,86.5,95.2,41.2,821.5,255.8,43.5,11.3,29.8,1.75,49.8,13.0,31.3,4.25,87.4,86.5,95.2,41.2,43.5,11.3,29.8,1.75,49.8,13.0,31.3,4.25,87.4,86.5,95.2,41.2,43.5,11.3,29.8,1.75,49.8,13.0,31.3,4.25,87.4,86.5,95.2,41.2,0.0,0.0,0.0,0.0,2.25,0.0,0.0,0.0,0.5,0.25,50.0,0.5,0.25,0.0,0.0,7.5,0.0,0.0,0.0,0.12,-0.05,-0.05,62.5,6.5,31.8,29.3,1.75,0.75,62.5,0.0,,0.0,,40.0,0.0,0.25,0.0,43.0,2.0,1.25,1.0,2.0,1.25,83.3,0.25,1.75,0.25,1.25,3.25,5.0,0.0,0.25,0.25,0.0,0.0,0.0,0.0,0.0,0.0,0.0,0.0,0.0,0.0,0.0,0.0,0.0,0.0,0.0,0.25,1.25,0.0,0.0,1.25,1.0,0.0,0.0,0.0,2.25,0.5,22.2,,,,,,,,,,,,,,,,,,,,,,,,,,,,,Noah Cobb,DF,Colorado Rapids,20-137,Noah Cobb,Homegrown,2026,Noah Cobb,2025.0,109000.0,109000.0,0.0,0.0,0.0125,-0.05,4.5,3.25,DF,HG,0,DF
8608458244,3,2025,4,4,360,4.0,0.0,0.0,0.0,0.0,0.0,0.0,0.0,0.0,0.05,0.05,0.0,0.05,0.25,4.25,0.0,0.0,0.0,0.0,0.0,0.0,0.05,0.0,0.05,0.05,0.05,4.0,43.5,11.3,29.8,1.75,49.8,13.0,31.3,4.25,87.4,86.5,95.2,41.2,821.5,255.8,43.5,11.3,29.8,1.75,49.8,13.0,31.3,4.25,87.4,86.5,95.2,41.2,43.5,11.3,29.8,1.75,49.8,13.0,31.3,4.25,87.4,86.5,95.2,41.2,43.5,11.3,29.8,1.75,49.8,13.0,31.3,4.25,87.4,86.5,95.2,41.2,0.0,0.0,0.0,0.0,2.25,0.0,0.0,0.0,0.5,0.25,50.0,0.5,0.25,0.0,0.0,7.5,0.0,0.0,0.0,0.12,-0.05,-0.05,62.5,6.5,31.8,29.3,1.75,0.75,62.5,0.0,,0.0,,40.0,0.0,0.25,0.0,43.0,2.0,1.25,1.0,2.0,1.25,83.3,0.25,1.75,0.25,1.25,3.25,5.0,0.0,0.25,0.25,0.0,0.0,0.0,0.0,0.0,0.0,0.0,0.0,0.0,0.0,0.0,0.0,0.0,0.0,0.0,0.25,1.25,0.0,0.0,1.25,1.0,0.0,0.0,0.0,2.25,0.5,22.2,,,,,,,,,,,,,,,,,,,,,,,,,,,,,Noah Cobb,DF,Colorado Rapids,20-137,Noah Cobb,Homegrown,2026,Noah Cobb,2025.0,109000.0,109000.0,0.0,0.0,0.0125,-0.05,4.5,3.25,DF,HG,0,DF
7770118376,2,2025,25,19,1612,17.9,0.06,0.11,0.17,0.06,0.0,0.0,0.28,0.0,0.16,0.16,0.13,0.28,2.23,3.13,7.26,0.06,0.11,0.17,0.06,0.17,0.16,0.13,0.29,0.16,0.29,17.9,38.7,21.1,13.6,3.13,48.7,23.1,16.9,5.59,79.4,91.1,80.2,56.0,625.3,189.1,38.7,21.1,13.6,3.13,48.7,23.1,16.9,5.59,79.4,91.1,80.2,56.0,38.7,21.1,13.6,3.13,48.7,23.1,16.9,5.59,79.4,91.1,80.2,56.0,38.7,21.1,13.6,3.13,48.7,23.1,16.9,5.59,79.4,91.1,80.2,56.0,0.11,0.15,-0.02,1.45,2.35,1.45,0.73,0.06,1.23,0.17,13.6,1.23,0.17,0.05,0.33,15.5,0.0,0.0,0.0,0.13,-0.1,-0.1,60.1,3.07,13.7,25.6,21.2,3.24,60.1,0.39,35.0,0.67,60.0,32.1,0.67,0.84,0.39,34.8,1.9,0.61,1.28,1.9,0.61,39.3,0.95,1.4,1.12,1.06,2.96,3.58,0.06,2.79,2.79,0.06,0.0,0.22,0.06,0.0,0.0,0.34,0.33,0.06,0.0,0.22,0.06,0.0,0.0,0.0,0.67,1.34,0.34,3.24,1.06,1.28,0.06,0.0,0.0,4.53,0.84,57.7,,,,,,,,,,,,,,,,,,,,,,,,,,,,,Vitor Costa,"DF,MF",SJ Earthquakes,31-156,Vitor Costa,Standard,2025,,,,,0.0033519553072625698,0.006145251396648045,0.00893854748603352,-0.1,5.359999999999999,2.96,DF,Standard,0,DF
8152297732,1,2025,23,14,1439,16.0,0.0,0.0,0.0,0.0,0.0,0.0,0.19,0.0,0.04,0.04,0.02,0.06,0.19,3.31,0.31,0.0,0.0,0.0,0.0,0.0,0.04,0.02,0.06,0.04,0.06,16.0,44.4,11.6,25.8,6.69,54.8,12.3,27.9,13.7,81.1,93.9,92.4,48.9,948.0,400.2,44.4,11.6,25.8,6.69,54.8,12.3,27.9,13.7,81.1,93.9,92.4,48.9,44.4,11.6,25.8,6.69,54.8,12.3,27.9,13.7,81.1,93.9,92.4,48.9,44.4,11.6,25.8,6.69,54.8,12.3,27.9,13.7,81.1,93.9,92.4,48.9,0.0,0.04,-0.02,0.5,4.0,0.13,0.06,0.0,0.75,0.19,25.0,0.75,0.19,0.0,0.0,23.4,0.38,0.0,0.0,0.05,-0.04,-0.04,64.1,7.19,32.5,26.6,5.19,0.31,64.1,0.13,66.7,0.06,33.3,34.4,0.0,0.19,0.13,40.3,1.38,0.5,0.94,1.38,0.5,57.1,0.38,1.0,0.38,0.94,2.31,4.56,0.0,1.31,1.31,0.0,0.0,0.0,0.0,0.06,0.0,0.06,0.06,0.0,0.0,0.0,0.0,0.06,0.0,0.0,0.69,0.56,0.0,2.5,0.94,0.94,0.0,0.0,0.0,2.56,1.19,47.5,,,,,,,,,,,,,,,,,,,,,,,,,,,,,Brandan Craig,"DF,MF",CF Montréal,21-241,Brandan Craig,Standard,2025,Brandan Craig,2025.0,80622.0,90427.0,0.0,0.0,0.0025,-0.04,3.5,2.32,DF,Standard,0,DF
4335599530,2,2025,24,8,791,8.8,0.23,0.34,0.57,0.23,0.0,0.0,0.45,0.0,0.06,0.06,0.32,0.37,2.39,4.32,11.7,0.23,0.34,0.57,0.23,0.57,0.06,0.32,0.38,0.06,0.38,8.8,48.3,27.0,16.3,3.3,63.2,29.5,20.8,9.09,76.4,91.5,78.1,36.3,756.1,275.7,48.3,27.0,16.3,3.3,63.2,29.5,20.8,9.09,76.4,91.5,78.1,36.3,48.3,27.0,16.3,3.3,63.2,29.5,20.8,9.09,76.4,91.5,78.1,36.3,48.3,27.0,16.3,3.3,63.2,29.5,20.8,9.09,76.4,91.5,78.1,36.3,0.34,0.3,0.02,1.36,3.3,1.93,0.8,0.23,0.57,0.23,40.0,0.57,0.23,0.4,1.0,22.0,0.11,0.0,0.0,0.11,0.17,0.17,73.4,3.3,16.9,26.5,30.1,2.16,73.4,0.68,42.9,0.8,50.0,42.0,0.57,1.48,0.8,50.7,2.39,1.59,1.82,2.39,1.59,60.9,1.02,1.14,0.91,0.34,2.73,2.16,0.11,3.07,3.08,0.11,0.0,0.11,0.0,0.0,0.0,0.8,0.8,0.11,0.0,0.11,0.0,0.0,0.0,0.0,0.91,1.14,0.23,6.48,0.34,1.82,0.0,0.0,0.0,3.75,0.34,23.1,,,,,,,,,,,,,,,,,,,,,,,,,,,,,Mauricio Cuevas,"DF,FW",LA Galaxy,22-297,Mauricio Cuevas,Homegrown,2025,Mauricio Cuevas,2025.0,150000.0,168500.0,0.026136363636363635,0.038636363636363635,0.006818181818181817,0.17,6.710000000000001,2.73,DF,HG,0,DF
2701051423,1,2025,4,3,285,3.2,0.0,0.0,0.0,0.0,0.0,0.0,0.31,0.0,0.0,0.0,0.0,0.0,0.0,0.31,0.0,0.0,0.0,0.0,0.0,0.0,0.0,0.0,0.0,0.0,0.0,3.2,50.6,18.8,28.8,2.19,54.1,19.1,30.6,3.13,93.6,98.4,93.9,70.0,889.4,418.1,50.6,18.8,28.8,2.19,54.1,19.1,30.6,3.13,93.6,98.4,93.9,70.0,50.6,18.8,28.8,2.19,54.1,19.1,30.6,3.13,93.6,98.4,93.9,70.0,50.6,18.8,28.8,2.19,54.1,19.1,30.6,3.13,93.6,98.4,93.9,70.0,0.0,0.0,0.0,0.0,0.63,0.0,0.0,0.0,0.0,0.0,,0.0,0.0,,,,0.0,0.0,0.0,,0.0,0.0,68.8,17.2,46.9,22.2,0.0,0.0,68.8,0.0,,0.0,,39.1,0.0,0.0,0.0,45.0,1.56,0.31,0.63,1.56,0.31,100.0,0.0,1.88,0.31,0.31,1.88,9.06,0.0,0.31,0.32,0.0,0.0,0.0,0.0,0.0,0.0,0.0,0.0,0.0,0.0,0.0,0.0,0.0,0.0,0.0,0.94,0.0,0.0,0.0,0.31,0.63,0.0,0.0,0.0,2.5,0.94,37.5,,,,,,,,,,,,,,,,,,,,,,,,,,,,,Christopher Cupps,DF,Chicago Fire,17-192,Christopher Cupps,Homegrown,2028,Christopher Cupps,2025.0,80622.0,83408.0,0.0,0.0,0.0,0.0,0.31,1.87,DF,HG,0,DF
9658611310,3,2025,31,11,1116,12.4,0.24,0.0,0.24,0.24,0.0,0.0,0.24,0.0,0.19,0.19,0.05,0.24,2.1,2.58,4.35,0.24,0.0,0.24,0.24,0.24,0.19,0.05,0.24,0.19,0.24,12.4,39.6,22.8,13.8,1.45,45.2,24.0,15.2,3.15,87.5,95.0,90.5,46.2,577.5,115.0,39.6,22.8,13.8,1.45,45.2,24.0,15.2,3.15,87.5,95.0,90.5,46.2,39.6,22.8,13.8,1.45,45.2,24.0,15.2,3.15,87.5,95.0,90.5,46.2,39.6,22.8,13.8,1.45,45.2,24.0,15.2,3.15,87.5,95.0,90.5,46.2,0.0,0.09,-0.05,0.81,1.77,0.56,0.16,0.24,0.65,0.24,37.5,0.65,0.24,0.38,1.0,14.1,0.0,0.0,0.0,0.3,0.05,0.05,56.0,2.9,16.5,24.4,15.9,1.77,56.0,1.29,66.7,0.56,29.2,31.8,0.48,1.21,0.89,36.4,1.61,0.65,1.05,1.61,0.65,38.1,1.05,1.05,0.48,0.56,2.18,2.98,0.08,2.5,2.5,0.08,0.0,0.08,0.08,0.0,0.0,0.16,0.16,0.08,0.0,0.08,0.08,0.0,0.0,0.0,0.81,1.29,0.08,0.89,0.56,1.05,0.0,0.0,0.0,5.73,0.56,38.9,,,,,,,,,,,,,,,,,,,,,,,,,,,,,Dagur Dan Þórhallsson,"MF,DF",Orlando City,25-216,,,,,,,,0.019354838709677417,0.0,0.01532258064516129,0.04999999999999999,4.68,2.17,DF,Unknown,0,DF
8329266014,1,2025,9,3,382,4.2,0.24,0.0,0.24,0.24,0.0,0.0,0.71,0.0,0.05,0.05,0.17,0.21,0.71,4.29,0.48,0.24,0.0,0.24,0.24,0.24,0.05,0.16,0.21,0.05,0.21,4.2,61.4,25.0,25.5,9.52,73.3,26.0,27.6,15.0,83.8,96.3,92.2,63.5,1224.3,394.5,61.4,25.0,25.5,9.52,73.3,26.0,27.6,15.0,83.8,96.3,92.2,63.5,61.4,25.0,25.5,9.52,73.3,26.0,27.6,15.0,83.8,96.3,92.2,63.5,61.4,25.0,25.5,9.52,73.3,26.0,27.6,15.0,83.8,96.3,92.2,63.5,0.0,0.07,-0.17,0.95,3.81,0.48,0.0,0.24,0.71,0.24,33.3,0.71,0.24,0.33,1.0,8.2,0.0,0.0,0.0,0.08,0.19,0.19,88.1,11.2,43.8,41.2,3.81,1.43,88.1,0.0,,0.0,,52.6,0.0,0.71,0.0,61.7,3.57,1.9,1.43,3.57,1.9,66.7,0.95,0.95,0.48,0.48,4.05,6.67,0.0,0.71,0.71,0.0,0.0,0.0,0.0,0.0,0.0,0.24,0.24,0.0,0.0,0.0,0.0,0.0,0.0,0.0,1.67,0.0,0.0,0.0,0.48,1.43,0.0,0.0,0.0,4.52,1.19,71.4,,,,,,,,,,,,,,,,,,,,,,,,,,,,,Héctor David Martínez,DF,Inter Miami,27-317,,,,,,,,0.05714285714285714,0.0,0.011904761904761904,0.19,5.0,4.05,DF,Unknown,0,DF
1564876762,1,2025,28,26,2266,25.2,0.04,0.08,0.12,0.04,0.0,0.0,0.08,0.0,0.04,0.04,0.14,0.18,2.74,3.89,5.87,0.04,0.08,0.12,0.04,0.12,0.04,0.14,0.18,0.04,0.18,25.2,43.1,21.3,19.1,2.14,51.9,23.1,22.1,4.21,83.1,92.3,86.7,50.9,713.3,237.5,43.1,21.3,19.1,2.14,51.9,23.1,22.1,4.21,83.1,92.3,86.7,50.9,43.1,21.3,19.1,2.14,51.9,23.1,22.1,4.21,83.1,92.3,86.7,50.9,43.1,21.3,19.1,2.14,51.9,23.1,22.1,4.21,83.1,92.3,86.7,50.9,0.08,0.13,-0.06,1.07,2.98,1.39,0.56,0.04,0.83,0.2,23.8,0.83,0.2,0.05,0.2,20.5,0.0,0.0,0.0,0.05,0.0,0.0,60.6,2.54,14.4,27.9,19.2,1.79,60.6,0.75,50.0,0.63,42.1,34.0,0.75,1.27,0.87,37.9,1.39,0.79,0.91,1.39,0.79,50.0,0.79,0.79,0.75,0.4,1.79,2.06,0.04,2.18,2.18,0.08,0.0,0.12,0.04,0.0,0.0,0.28,0.28,0.08,0.0,0.12,0.04,0.0,0.0,0.0,0.36,0.99,0.0,3.53,0.4,0.91,0.04,0.0,0.0,5.44,0.4,43.5,,,,,,,,,,,,,,,,,,,,,,,,,,,,,Juan David Mosquera,DF,Portland Timbers,23-090,,,,,,,,0.0015873015873015873,0.0031746031746031746,0.0015873015873015873,0.0,6.630000000000001,1.79,DF,Unknown,0,DF
4917277758,3,2025,28,19,1865,20.7,0.0,0.05,0.05,0.0,0.0,0.0,0.34,0.05,0.05,0.05,0.11,0.17,1.64,7.05,3.96,0.0,0.05,0.05,0.0,0.05,0.05,0.11,0.17,0.05,0.17,20.7,46.8,24.9,16.2,4.01,58.4,28.0,19.2,7.39,80.1,88.8,84.4,54.2,754.3,244.3,46.8,24.9,16.2,4.01,58.4,28.0,19.2,7.39,80.1,88.8,84.4,54.2,46.8,24.9,16.2,4.01,58.4,28.0,19.2,7.39,80.1,88.8,84.4,54.2,46.8,24.9,16.2,4.01,58.4,28.0,19.2,7.39,80.1,88.8,84.4,54.2,0.05,0.14,-0.06,1.16,5.07,1.45,0.34,0.0,1.06,0.14,13.6,1.06,0.14,0.0,0.0,23.2,0.14,0.0,0.0,0.05,-0.05,-0.05,68.2,1.45,10.0,33.5,25.1,1.74,68.2,1.01,70.0,0.39,26.7,37.9,0.39,1.64,0.53,46.1,2.03,0.72,1.16,2.03,0.72,31.3,1.59,0.97,0.82,1.06,3.09,1.26,0.05,2.51,2.51,0.1,0.0,0.1,0.0,0.0,0.0,0.24,0.24,0.1,0.0,0.1,0.0,0.0,0.0,0.05,1.45,0.68,0.0,3.24,1.06,1.16,0.0,0.0,0.0,4.54,0.43,37.5,,,,,,,,,,,,,,,,,,,,,,,,,,,,,Jake Davis,"MF,DF",Sporting KC,23-335,Jake Davis,Standard,2027,Jake Davis,2025.0,400000.0,412500.0,0.0,0.002415458937198068,0.002415458937198068,-0.05,8.69,3.09,DF,Standard,0,DF
6542622084,2,2025,29,18,1672,18.6,0.05,0.16,0.22,0.05,0.0,0.0,0.11,0.0,0.06,0.06,0.09,0.15,1.67,3.01,5.32,0.05,0.16,0.22,0.05,0.22,0.06,0.09,0.15,0.06,0.15,18.6,34.0,16.6,15.2,1.77,43.3,18.8,18.4,3.39,78.6,88.5,82.7,52.4,550.2,167.8,34.0,16.6,15.2,1.77,43.3,18.8,18.4,3.39,78.6,88.5,82.7,52.4,34.0,16.6,15.2,1.77,43.3,18.8,18.4,3.39,78.6,88.5,82.7,52.4,34.0,16.6,15.2,1.77,43.3,18.8,18.4,3.39,78.6,88.5,82.7,52.4,0.16,0.08,0.07,0.65,1.88,0.81,0.16,0.05,0.43,0.22,50.0,0.43,0.22,0.13,0.25,16.1,0.0,0.0,0.0,0.15,-0.01,-0.01,55.3,4.03,19.7,21.1,14.7,1.83,55.3,0.54,62.5,0.32,37.5,23.8,0.22,0.65,0.27,30.8,2.04,0.86,0.97,2.04,0.86,80.0,0.22,1.45,0.97,1.83,3.87,3.82,0.0,1.45,1.45,0.0,0.0,0.05,0.0,0.0,0.0,0.22,0.22,0.0,0.0,0.05,0.0,0.0,0.0,0.0,1.02,0.75,0.0,1.24,1.83,0.97,0.0,0.0,0.0,1.94,1.29,46.2,,,,,,,,,,,,,,,,,,,,,,,,,,,,,Jonathan Dean,"DF,MF",Chicago Fire,28-203,Jonathan Dean,Standard,2025,Jonathan Dean,2025.0,130000.0,138167.0,0.0026881720430107525,0.008602150537634409,0.003225806451612903,-0.009999999999999995,4.68,3.87,DF,Standard,0,DF
5113271802,2,2025,20,18,1338,14.9,0.07,0.2,0.27,0.07,0.0,0.0,0.34,0.0,0.07,0.07,0.06,0.13,1.07,4.56,2.62,0.07,0.2,0.27,0.07,0.27,0.07,0.06,0.14,0.07,0.14,14.9,43.7,22.5,17.9,2.15,49.9,23.8,19.8,3.76,87.6,94.6,90.2,57.1,688.7,197.0,43.7,22.5,17.9,2.15,49.9,23.8,19.8,3.76,87.6,94.6,90.2,57.1,43.7,22.5,17.9,2.15,49.9,23.8,19.8,3.76,87.6,94.6,90.2,57.1,43.7,22.5,17.9,2.15,49.9,23.8,19.8,3.76,87.6,94.6,90.2,57.1,0.2,0.12,0.14,0.54,3.62,0.54,0.2,0.07,0.47,0.07,14.3,0.47,0.07,0.14,1.0,16.6,0.0,0.0,0.0,0.15,-0.01,-0.01,62.1,4.77,19.1,28.9,14.6,1.34,62.1,0.54,47.1,0.54,47.1,33.4,0.13,0.74,0.67,37.0,2.75,1.74,1.48,2.75,1.74,65.0,0.94,1.61,1.07,0.94,3.69,4.23,0.07,1.14,1.14,0.07,0.0,0.0,0.0,0.0,0.0,0.2,0.2,0.07,0.0,0.0,0.0,0.0,0.0,0.0,1.14,1.21,0.13,1.28,0.94,1.48,0.0,0.13,0.0,3.15,0.81,60.0,,,,,,,,,,,,,,,,,,,,,,,,,,,,,Mikkel Desler,"DF,MF",Austin,30-288,Mikkel Desler,Standard,2027,Mikkel Desler,2025.0,550000.0,550000.0,0.0046979865771812086,0.013422818791946308,0.0046979865771812086,0.0,5.63,3.69,DF,Standard,0,DF
2331205069,1,2025,27,24,1899,21.1,0.0,0.14,0.14,0.0,0.0,0.0,0.14,0.0,0.05,0.05,0.07,0.12,0.85,2.7,1.23,0.0,0.14,0.14,0.0,0.14,0.05,0.07,0.12,0.05,0.12,21.1,29.4,15.0,11.6,1.99,38.7,17.4,15.1,4.6,75.9,86.1,76.5,43.3,475.6,227.3,29.4,15.0,11.6,1.99,38.7,17.4,15.1,4.6,75.9,86.1,76.5,43.3,29.4,15.0,11.6,1.99,38.7,17.4,15.1,4.6,75.9,86.1,76.5,43.3,29.4,15.0,11.6,1.99,38.7,17.4,15.1,4.6,75.9,86.1,76.5,43.3,0.14,0.05,0.07,0.66,2.37,0.57,0.14,0.0,0.76,0.14,18.8,0.76,0.14,0.0,0.0,13.6,0.0,0.0,0.0,0.06,-0.05,-0.05,49.6,5.5,21.8,20.7,7.35,2.42,49.6,0.71,71.4,0.24,23.8,22.9,0.09,0.62,0.47,27.6,1.23,0.71,0.81,1.23,0.71,46.9,0.81,1.33,0.76,1.14,2.37,4.6,0.14,1.18,1.18,0.09,0.0,0.0,0.0,0.0,0.0,0.19,0.19,0.09,0.0,0.0,0.0,0.0,0.0,0.0,1.52,0.71,0.09,0.76,1.14,0.81,0.0,0.0,0.0,3.74,2.09,48.4,,,,,,,,,,,,,,,,,,,,,,,,,,,,,Jefferson Díaz,DF,Minnesota Utd,24-364,,,,Jefferson Díaz,2025.0,380000.0,380000.0,0.0,0.006635071090047393,0.002369668246445498,-0.05,3.5500000000000003,2.37,DF,Unknown,0,DF
2711567341,3,2025,19,1,398,4.4,0.0,0.23,0.23,0.0,0.0,0.0,0.45,0.0,0.2,0.2,0.45,0.66,3.18,1.59,13.2,0.0,0.23,0.23,0.0,0.23,0.21,0.45,0.65,0.21,0.65,4.4,27.5,15.2,10.0,0.68,35.9,18.6,12.0,2.27,76.6,81.7,83.0,30.0,381.8,88.9,27.5,15.2,10.0,0.68,35.9,18.6,12.0,2.27,76.6,81.7,83.0,30.0,27.5,15.2,10.0,0.68,35.9,18.6,12.0,2.27,76.6,81.7,83.0,30.0,27.5,15.2,10.0,0.68,35.9,18.6,12.0,2.27,76.6,81.7,83.0,30.0,0.23,0.32,-0.23,1.36,0.91,1.59,0.91,0.0,2.95,1.36,46.2,2.94,1.36,0.0,0.0,17.2,0.0,0.0,0.0,0.07,-0.2,-0.2,54.5,0.91,6.82,19.3,29.1,6.14,54.5,1.36,27.3,2.73,54.5,35.2,2.5,5.23,0.91,38.2,2.95,1.36,1.36,2.95,1.36,66.7,0.68,0.23,0.23,0.45,3.41,0.45,0.0,4.32,4.28,0.23,0.0,0.91,0.0,0.0,0.0,0.68,0.68,0.23,0.0,0.91,0.0,0.0,0.0,0.0,1.82,4.77,0.68,4.32,0.45,1.36,0.0,0.0,0.0,4.09,0.91,40.0,,,,,,,,,,,,,,,,,,,,,,,,,,,,,Luis Díaz,"FW,DF",NE Revolution,26-363,,,,,,,,0.0,0.05227272727272727,0.045454545454545456,-0.2,4.7700000000000005,3.4000000000000004,DF,Unknown,0,DF
8497786045,2,2025,7,0,196,2.2,0.0,0.0,0.0,0.0,0.0,0.0,0.45,0.0,0.05,0.05,0.05,0.09,1.82,8.18,0.91,0.0,0.0,0.0,0.0,0.0,0.04,0.05,0.09,0.04,0.09,2.2,84.1,41.4,37.3,5.0,92.7,43.6,39.5,7.73,90.7,94.8,94.3,64.7,1355.0,549.1,84.1,41.4,37.3,5.0,92.7,43.6,39.5,7.73,90.7,94.8,94.3,64.7,84.1,41.4,37.3,5.0,92.7,43.6,39.5,7.73,90.7,94.8,94.3,64.7,84.1,41.4,37.3,5.0,92.7,43.6,39.5,7.73,90.7,94.8,94.3,64.7,0.0,0.05,-0.05,1.36,10.5,0.0,0.0,0.0,0.91,0.45,50.0,0.92,0.46,0.0,0.0,31.5,0.45,0.0,0.0,0.04,-0.05,-0.05,102.3,3.64,27.3,60.9,14.5,0.0,102.3,0.45,33.3,0.45,33.3,64.5,0.0,1.36,0.45,75.5,0.91,0.45,0.91,0.91,0.45,25.0,1.36,1.36,0.91,0.45,1.36,3.64,0.0,3.64,3.67,0.0,0.0,0.0,0.0,0.0,0.0,0.45,0.46,0.0,0.0,0.0,0.0,0.0,0.0,0.0,1.82,2.27,0.0,1.82,0.45,0.91,0.0,0.0,0.0,1.82,1.82,66.7,,,,,,,,,,,,,,,,,,,,,,,,,,,,,Hamady Diop,DF,San Diego FC,23-181,Hamady Diop,Generation Adidas,2025,,,,,0.0,0.0,0.022727272727272728,-0.05,10.0,1.36,DF,GA,0,DF
4009404277,1,2025,14,5,577,6.4,0.0,0.16,0.16,0.0,0.0,0.0,0.16,0.0,0.02,0.02,0.09,0.09,0.94,2.81,5.31,0.0,0.16,0.16,0.0,0.16,0.01,0.09,0.1,0.01,0.1,6.4,29.7,14.7,12.7,1.09,38.9,16.4,16.7,2.19,76.3,89.5,75.7,50.0,471.1,146.9,29.7,14.7,12.7,1.09,38.9,16.4,16.7,2.19,76.3,89.5,75.7,50.0,29.7,14.7,12.7,1.09,38.9,16.4,16.7,2.19,76.3,89.5,75.7,50.0,29.7,14.7,12.7,1.09,38.9,16.4,16.7,2.19,76.3,89.5,75.7,50.0,0.16,0.2,0.06,0.94,2.19,0.47,0.47,0.0,0.16,0.16,100.0,0.16,0.16,0.0,0.0,15.6,0.0,0.0,0.0,0.08,-0.02,-0.02,48.6,3.28,14.2,23.6,10.9,1.88,48.6,0.47,60.0,0.31,40.0,17.8,0.31,0.63,0.78,25.6,3.13,1.41,1.88,3.13,1.41,50.0,1.41,1.56,0.78,0.94,4.06,2.81,0.0,1.88,1.87,0.31,0.0,0.0,0.0,0.0,0.0,0.31,0.31,0.31,0.0,0.0,0.0,0.0,0.0,0.0,2.03,0.47,0.0,2.5,0.94,1.88,0.0,0.0,0.0,2.34,0.94,37.5,,,,,,,,,,,,,,,,,,,,,,,,,,,,,Derek Dodson,"DF,MF",D.C. United,27-031,Derek Dodson,Standard,2025,Derek Dodson,2025.0,104000.0,110250.0,0.0,0.024999999999999998,0.0031249999999999997,-0.02,3.75,4.07,DF,Standard,0,DF
4894518693,1,2025,33,29,2667,29.6,0.07,0.14,0.2,0.07,0.0,0.0,0.27,0.0,0.08,0.08,0.16,0.24,2.94,1.52,7.8,0.07,0.13,0.2,0.07,0.2,0.09,0.16,0.24,0.09,0.24,29.6,29.2,15.9,9.9,2.3,38.5,17.9,13.3,4.39,75.7,89.0,74.4,52.3,458.3,115.2,29.2,15.9,9.9,2.3,38.5,17.9,13.3,4.39,75.7,89.0,74.4,52.3,29.2,15.9,9.9,2.3,38.5,17.9,13.3,4.39,75.7,89.0,74.4,52.3,29.2,15.9,9.9,2.3,38.5,17.9,13.3,4.39,75.7,89.0,74.4,52.3,0.14,0.13,-0.02,1.11,0.74,1.42,0.88,0.07,1.18,0.27,22.9,1.18,0.27,0.06,0.25,15.0,0.0,0.0,0.0,0.07,-0.02,-0.02,49.2,2.57,13.8,16.3,19.4,2.87,49.2,0.44,61.9,0.24,33.3,24.6,0.61,1.55,0.54,28.9,1.32,0.84,0.74,1.32,0.84,65.8,0.44,0.91,0.74,0.95,2.26,2.53,0.03,2.2,2.19,0.14,0.0,0.07,0.0,0.0,0.0,0.2,0.2,0.14,0.0,0.07,0.0,0.0,0.0,0.0,1.25,0.78,0.17,4.12,0.95,0.74,0.0,0.03,0.0,2.84,1.35,48.8,,,,,,,,,,,,,,,,,,,,,,,,,,,,,Griffin Dorsey,DF,Houston Dynamo,26-274,Griffin Dorsey,Standard,2025,Griffin Dorsey,2025.0,590000.0,696333.0,0.002364864864864865,0.00472972972972973,0.0027027027027027024,-0.009999999999999995,4.46,2.27,DF,Standard,0,DF
3220067194,1,2025,11,8,600,6.7,0.0,0.15,0.15,0.0,0.0,0.0,0.0,0.0,0.0,0.0,0.06,0.06,2.69,3.73,2.09,0.0,0.15,0.15,0.0,0.15,0.0,0.06,0.06,0.0,0.06,6.7,48.4,26.6,18.8,1.64,57.2,28.1,21.6,4.48,84.6,94.7,86.9,36.7,724.9,241.9,48.4,26.6,18.8,1.64,57.2,28.1,21.6,4.48,84.6,94.7,86.9,36.7,48.4,26.6,18.8,1.64,57.2,28.1,21.6,4.48,84.6,94.7,86.9,36.7,48.4,26.6,18.8,1.64,57.2,28.1,21.6,4.48,84.6,94.7,86.9,36.7,0.15,0.1,0.09,0.3,3.13,0.75,0.0,0.0,0.0,0.0,,0.0,0.0,,,,0.0,0.0,0.0,,0.0,0.0,67.0,5.67,25.4,32.8,9.25,0.6,67.0,0.6,40.0,0.75,50.0,39.9,0.15,0.15,0.9,41.9,1.64,0.45,1.34,1.64,0.45,75.0,0.15,1.49,0.75,1.49,3.13,2.84,0.0,0.75,0.75,0.0,0.0,0.0,0.0,0.0,0.0,0.3,0.3,0.0,0.0,0.0,0.0,0.0,0.0,0.0,0.75,1.04,0.0,1.79,1.49,1.34,0.0,0.0,0.0,5.22,1.04,50.0,,,,,,,,,,,,,,,,,,,,,,,,,,,,,Souleyman Doumbia,DF,Charlotte,29-071,,,,Souleyman Doumbia,2025.0,500000.0,541250.0,0.0,0.022388059701492536,0.0,0.0,6.42,3.13,DF,Unknown,0,DF
1919726485,1,2025,14,12,1039,11.5,0.0,0.0,0.0,0.0,0.0,0.0,0.17,0.0,0.01,0.01,0.03,0.03,0.7,2.96,0.17,0.0,0.0,0.0,0.0,0.0,0.01,0.03,0.04,0.01,0.04,11.5,77.7,38.9,33.0,4.7,85.0,40.3,35.4,7.57,91.5,96.5,93.1,62.1,1283.3,530.3,77.7,38.9,33.0,4.7,85.0,40.3,35.4,7.57,91.5,96.5,93.1,62.1,77.7,38.9,33.0,4.7,85.0,40.3,35.4,7.57,91.5,96.5,93.1,62.1,77.7,38.9,33.0,4.7,85.0,40.3,35.4,7.57,91.5,96.5,93.1,62.1,0.0,0.05,-0.03,0.26,4.0,0.26,0.0,0.0,0.26,0.0,0.0,0.26,0.0,0.0,,15.4,0.0,0.0,0.0,0.04,-0.01,-0.01,94.3,11.0,52.2,40.0,2.87,0.26,94.3,0.52,54.5,0.17,18.2,61.5,0.0,0.52,0.35,71.1,1.74,0.7,1.3,1.74,0.7,72.7,0.26,1.3,0.26,0.78,2.52,3.65,0.26,1.13,1.13,0.0,0.0,0.0,0.0,0.0,0.0,0.0,0.0,0.0,0.0,0.0,0.0,0.0,0.0,0.0,0.26,1.3,0.0,0.09,0.78,1.3,0.0,0.0,0.09,6.17,1.13,54.2,,,,,,,,,,,,,,,,,,,,,,,,,,,,,Manu Duah,DF,San Diego FC,20-182,Manu Duah,Standard,2027,Manu Duah,2025.0,80622.0,84622.0,0.0,0.0,0.0008695652173913044,-0.01,3.66,2.52,DF,Standard,0,DF
1164933857,1,2025,21,14,1311,14.6,0.0,0.07,0.07,0.0,0.0,0.0,0.07,0.0,0.03,0.03,0.03,0.06,0.82,2.26,0.41,0.0,0.07,0.07,0.0,0.07,0.03,0.03,0.06,0.03,0.06,14.6,27.2,11.4,13.4,2.19,32.8,12.8,14.9,3.77,82.9,89.3,89.9,58.2,492.7,182.9,27.2,11.4,13.4,2.19,32.8,12.8,14.9,3.77,82.9,89.3,89.9,58.2,27.2,11.4,13.4,2.19,32.8,12.8,14.9,3.77,82.9,89.3,89.9,58.2,27.2,11.4,13.4,2.19,32.8,12.8,14.9,3.77,82.9,89.3,89.9,58.2,0.07,0.03,0.04,0.21,1.51,0.14,0.0,0.0,0.48,0.27,57.1,0.48,0.27,0.0,0.0,13.3,0.0,0.0,0.0,0.07,-0.03,-0.03,46.3,8.84,26.5,15.5,4.38,1.92,46.3,0.14,40.0,0.21,60.0,20.3,0.07,0.34,0.21,24.0,1.16,0.48,0.62,1.16,0.48,63.6,0.27,0.96,0.21,0.55,1.71,7.81,0.07,0.96,0.96,0.0,0.0,0.0,0.0,0.0,0.0,0.21,0.21,0.0,0.0,0.0,0.0,0.0,0.0,0.0,0.62,0.07,0.14,0.14,0.55,0.62,0.0,0.0,0.07,2.67,2.67,54.2,,,,,,,,,,,,,,,,,,,,,,,,,,,,,Morris Duggan,DF,Minnesota Utd,25-041,Morris Duggan,Standard,2025,Morris Duggan,2025.0,80622.0,80622.0,0.0,0.004794520547945206,0.002054794520547945,-0.03,3.0799999999999996,1.71,DF,Standard,0,DF
7152537892,1,2025,20,17,1531,17.0,0.0,0.18,0.18,0.0,0.0,0.0,0.18,0.06,0.05,0.05,0.18,0.22,2.12,4.76,4.53,0.0,0.18,0.18,0.0,0.18,0.05,0.17,0.23,0.05,0.23,17.0,50.2,23.6,22.5,3.41,62.5,26.6,27.2,6.59,80.3,88.7,82.9,51.8,842.6,243.0,50.2,23.6,22.5,3.41,62.5,26.6,27.2,6.59,80.3,88.7,82.9,51.8,50.2,23.6,22.5,3.41,62.5,26.6,27.2,6.59,80.3,88.7,82.9,51.8,50.2,23.6,22.5,3.41,62.5,26.6,27.2,6.59,80.3,88.7,82.9,51.8,0.18,0.15,0.0,1.12,4.18,1.47,0.41,0.0,0.76,0.12,15.4,0.76,0.12,0.0,0.0,22.4,0.0,0.0,0.0,0.07,-0.05,-0.05,74.6,3.53,18.2,36.9,20.1,1.12,74.6,1.06,58.1,0.76,41.9,39.8,0.18,1.88,0.76,45.0,2.41,1.65,1.41,2.41,1.65,68.3,0.76,1.12,0.59,1.06,3.47,2.94,0.12,2.18,2.18,0.06,0.0,0.12,0.0,0.06,0.0,0.29,0.29,0.06,0.0,0.12,0.0,0.06,0.0,0.0,1.41,0.88,0.0,2.76,1.06,1.41,0.0,0.0,0.06,6.35,1.47,53.2,,,,,,,,,,,,,,,,,,,,,,,,,,,,,Kyle Duncan,DF,NY Red Bulls,28-118,Kyle Duncan,TAM Player,2025,Kyle Duncan,2025.0,500000.0,555750.0,0.0,0.010588235294117647,0.0029411764705882353,-0.05,6.88,3.47,DF,TAM,0,DF
2348855781,1,2025,2,0,39,0.4,0.0,0.0,0.0,0.0,0.0,0.0,0.0,0.0,0.0,0.0,0.0,0.0,0.0,10.0,5.0,0.0,0.0,0.0,0.0,0.0,0.0,0.0,0.0,0.0,0.0,0.4,35.0,17.5,17.5,0.0,42.5,17.5,22.5,0.0,82.4,100.0,77.8,,577.5,230.0,35.0,17.5,17.5,0.0,42.5,17.5,22.5,0.0,82.4,100.0,77.8,,35.0,17.5,17.5,0.0,42.5,17.5,22.5,0.0,82.4,100.0,77.8,,35.0,17.5,17.5,0.0,42.5,17.5,22.5,0.0,82.4,100.0,77.8,,0.0,0.0,0.0,0.0,5.0,0.0,0.0,0.0,0.0,0.0,,0.0,0.0,,,,0.0,0.0,0.0,,0.0,0.0,57.5,2.5,15.0,17.5,25.0,0.0,57.5,0.0,0.0,5.0,100.0,20.0,0.0,0.0,0.0,27.5,2.5,0.0,0.0,2.5,0.0,0.0,2.5,2.5,2.5,0.0,2.5,0.0,0.0,0.0,0.0,0.0,0.0,0.0,0.0,0.0,0.0,0.0,0.0,0.0,0.0,0.0,0.0,0.0,0.0,0.0,0.0,2.5,0.0,0.0,0.0,0.0,0.0,0.0,0.0,5.0,0.0,0.0,,,,,,,,,,,,,,,,,,,,,,,,,,,,,Leonard Duru,DF,San Diego FC,20-326,,,,,,,,0.0,0.0,0.0,0.0,10.0,2.5,DF,Unknown,-1,DF
2600154193,1,2025,8,6,506,5.6,0.18,0.18,0.36,0.18,0.0,0.0,0.0,0.0,0.2,0.2,0.18,0.38,3.93,1.61,8.39,0.18,0.18,0.36,0.18,0.36,0.2,0.17,0.38,0.2,0.38,5.6,24.1,15.2,8.04,0.18,30.9,17.5,10.0,1.43,78.0,86.7,80.4,12.5,324.5,58.6,24.1,15.2,8.04,0.18,30.9,17.5,10.0,1.43,78.0,86.7,80.4,12.5,24.1,15.2,8.04,0.18,30.9,17.5,10.0,1.43,78.0,86.7,80.4,12.5,24.1,15.2,8.04,0.18,30.9,17.5,10.0,1.43,78.0,86.7,80.4,12.5,0.18,0.21,0.0,1.61,0.89,1.25,0.36,0.18,1.61,0.36,22.2,1.6,0.36,0.11,0.5,16.7,0.0,0.0,0.0,0.13,-0.02,-0.02,42.5,1.61,8.57,14.3,20.4,5.36,42.5,1.61,56.3,1.25,43.8,24.5,1.79,2.32,1.07,26.8,1.25,0.89,0.71,1.25,0.89,55.6,0.71,0.18,0.0,0.89,2.14,2.5,0.0,3.39,3.37,0.36,0.0,0.18,0.0,0.18,0.0,0.18,0.18,0.36,0.0,0.18,0.0,0.18,0.0,0.0,0.54,0.71,0.18,3.04,0.89,0.71,0.0,0.0,0.0,4.11,0.36,33.3,,,,,,,,,,,,,,,,,,,,,,,,,,,,,Ender Echenique,"DF,FW",FC Cincinnati,21-246,,,,Ender Echenique,2025.0,324000.0,414180.0,0.03214285714285715,0.03214285714285715,0.03571428571428572,-0.020000000000000018,5.54,2.14,DF,Unknown,0,DF
5135202120,1,2025,20,14,1207,13.4,0.0,0.07,0.07,0.0,0.0,0.0,0.22,0.0,0.04,0.04,0.06,0.1,0.6,2.76,2.91,0.0,0.07,0.07,0.0,0.07,0.04,0.06,0.09,0.04,0.09,13.4,51.6,23.4,24.1,3.66,59.6,25.3,26.9,5.97,86.5,92.6,89.5,61.3,890.6,256.4,51.6,23.4,24.1,3.66,59.6,25.3,26.9,5.97,86.5,92.6,89.5,61.3,51.6,23.4,24.1,3.66,59.6,25.3,26.9,5.97,86.5,92.6,89.5,61.3,51.6,23.4,24.1,3.66,59.6,25.3,26.9,5.97,86.5,92.6,89.5,61.3,0.07,0.1,0.01,0.67,3.06,0.75,0.52,0.0,0.22,0.07,33.3,0.22,0.07,0.0,0.0,5.6,0.0,0.0,0.0,0.16,-0.04,-0.04,68.4,3.13,24.8,32.8,11.0,0.6,68.4,0.15,50.0,0.15,50.0,36.9,0.07,0.9,0.3,45.1,1.34,0.75,0.82,1.34,0.75,62.5,0.45,0.97,0.45,0.75,2.09,3.13,0.0,1.57,1.56,0.0,0.0,0.0,0.0,0.0,0.0,0.22,0.22,0.0,0.0,0.0,0.0,0.0,0.0,0.0,1.04,0.82,0.0,1.57,0.75,0.82,0.0,0.0,0.0,4.33,0.9,44.4,,,,,,,,,,,,,,,,,,,,,,,,,,,,,Matthew Edwards,DF,Atlanta Utd,22-290,Matthew Edwards,Homegrown,2025,Matthew Edwards,2025.0,80622.0,80622.0,0.0,0.0052238805970149255,0.0029850746268656717,-0.04,3.36,2.09,DF,HG,0,DF
1875300814,1,2025,1,0,27,0.3,0.0,0.0,0.0,0.0,0.0,0.0,0.0,0.0,0.0,0.0,0.0,0.0,0.0,3.33,0.0,0.0,0.0,0.0,0.0,0.0,0.0,0.0,0.0,0.0,0.0,0.3,30.0,13.3,16.7,0.0,36.7,16.7,20.0,0.0,81.8,80.0,83.3,,486.7,163.3,30.0,13.3,16.7,0.0,36.7,16.7,20.0,0.0,81.8,80.0,83.3,,30.0,13.3,16.7,0.0,36.7,16.7,20.0,0.0,81.8,80.0,83.3,,30.0,13.3,16.7,0.0,36.7,16.7,20.0,0.0,81.8,80.0,83.3,,0.0,0.0,0.0,0.0,0.0,0.0,0.0,0.0,0.0,0.0,,0.0,0.0,,,,0.0,0.0,0.0,,0.0,0.0,56.7,16.7,30.0,23.3,3.33,0.0,56.7,0.0,,0.0,,33.3,0.0,0.0,0.0,30.0,0.0,0.0,0.0,0.0,0.0,,0.0,0.0,0.0,3.33,3.33,16.7,0.0,0.0,0.0,0.0,0.0,0.0,0.0,0.0,0.0,0.0,0.0,0.0,0.0,0.0,0.0,0.0,0.0,0.0,0.0,0.0,0.0,0.0,3.33,0.0,0.0,0.0,0.0,6.67,3.33,100.0,,,,,,,,,,,,,,,,,,,,,,,,,,,,,Michael Edwards,DF,Colorado Rapids,25-007,Michael Edwards,Standard,2025,Michael Edwards,2025.0,160000.0,160000.0,0.0,0.0,0.0,0.0,3.33,3.33,DF,Standard,0,DF
3419709076,3,2025,24,15,1427,15.9,0.0,0.0,0.0,0.0,0.0,0.0,0.31,0.06,0.04,0.04,0.06,0.1,2.2,4.97,6.1,0.0,0.0,0.0,0.0,0.0,0.05,0.06,0.1,0.05,0.1,15.9,40.7,18.5,17.4,4.15,54.3,21.3,22.2,8.18,75.0,86.7,78.2,50.8,715.7,283.2,40.7,18.5,17.4,4.15,54.3,21.3,22.2,8.18,75.0,86.7,78.2,50.8,40.7,18.5,17.4,4.15,54.3,21.3,22.2,8.18,75.0,86.7,78.2,50.8,40.7,18.5,17.4,4.15,54.3,21.3,22.2,8.18,75.0,86.7,78.2,50.8,0.0,0.1,-0.06,1.01,3.65,1.19,0.13,0.0,0.69,0.25,36.4,0.69,0.25,0.0,0.0,21.0,0.06,0.0,0.0,0.07,-0.04,-0.04,67.9,3.33,18.9,29.9,19.9,1.26,67.9,1.64,52.0,1.38,44.0,32.3,0.25,1.26,1.7,37.7,3.14,1.38,2.33,3.14,1.38,41.5,1.95,2.01,1.82,1.51,4.65,2.2,0.13,2.64,2.65,0.06,0.0,0.06,0.06,0.0,0.0,0.25,0.25,0.06,0.0,0.06,0.06,0.0,0.0,0.0,1.64,1.07,0.0,3.14,1.51,2.33,0.06,0.0,0.0,6.29,1.07,60.7,,,,,,,,,,,,,,,,,,,,,,,,,,,,,Raheem Edwards,DF,NY Red Bulls,30-142,Raheem Edwards,Standard,2026,Raheem Edwards,2025.0,375000.0,414340.0,0.0,0.0,0.0025157232704402514,-0.04,7.17,4.65,DF,Standard,0,DF
4546025804,1,2025,30,29,2610,29.0,0.03,0.0,0.03,0.03,0.0,0.0,0.28,0.0,0.07,0.07,0.01,0.08,1.0,4.07,0.38,0.03,0.0,0.03,0.03,0.03,0.07,0.01,0.08,0.07,0.08,29.0,60.7,21.1,34.2,5.03,68.3,22.4,36.1,8.62,88.9,94.3,94.7,58.4,1159.6,410.2,60.7,21.1,34.2,5.03,68.3,22.4,36.1,8.62,88.9,94.3,94.7,58.4,60.7,21.1,34.2,5.03,68.3,22.4,36.1,8.62,88.9,94.3,94.7,58.4,60.7,21.1,34.2,5.03,68.3,22.4,36.1,8.62,88.9,94.3,94.7,58.4,0.0,0.03,-0.01,0.17,5.1,0.14,0.0,0.03,0.66,0.21,31.6,0.66,0.21,0.05,0.17,14.3,0.0,0.0,0.0,0.1,-0.03,-0.03,80.4,7.97,36.1,40.0,5.0,1.1,80.4,0.24,43.8,0.24,43.8,47.2,0.1,0.52,0.31,54.3,1.48,0.83,0.79,1.48,0.83,85.7,0.14,1.21,0.59,1.21,2.69,5.83,0.0,0.93,0.93,0.03,0.0,0.0,0.0,0.0,0.0,0.14,0.14,0.03,0.0,0.0,0.0,0.0,0.0,0.0,1.1,0.38,0.0,0.03,1.21,0.79,0.0,0.0,0.0,5.14,1.76,56.0,,,,,,,,,,,,,,,,,,,,,,,,,,,,,Noah Eile,DF,NY Red Bulls,23-138,Noah Eile,U22 Initiative,2027,Noah Eile,2025.0,440000.0,493200.0,0.0010344827586206897,0.0,0.002413793103448276,-0.04000000000000001,5.07,2.69,DF,U22,0,DF
5047604247,2,2025,33,33,2938,32.6,0.09,0.09,0.18,0.09,0.0,0.0,0.21,0.0,0.07,0.07,0.04,0.1,0.43,2.79,0.34,0.09,0.09,0.18,0.09,0.18,0.07,0.04,0.1,0.07,0.1,32.6,50.8,17.3,26.5,6.72,58.5,18.3,28.2,11.1,86.9,94.3,94.0,60.7,1013.7,434.4,50.8,17.3,26.5,6.72,58.5,18.3,28.2,11.1,86.9,94.3,94.0,60.7,50.8,17.3,26.5,6.72,58.5,18.3,28.2,11.1,86.9,94.3,94.0,60.7,50.8,17.3,26.5,6.72,58.5,18.3,28.2,11.1,86.9,94.3,94.0,60.7,0.09,0.03,0.06,0.25,2.67,0.15,0.03,0.09,0.86,0.31,35.7,0.86,0.31,0.11,0.3,15.3,0.12,0.0,0.0,0.08,0.02,0.02,70.5,15.2,46.3,21.3,3.19,1.56,70.5,0.18,85.7,0.0,0.0,35.9,0.0,0.28,0.18,45.4,1.29,0.74,0.86,1.29,0.74,61.5,0.46,1.44,0.46,1.01,2.3,6.63,0.18,0.67,0.67,0.0,0.0,0.0,0.0,0.03,0.0,0.15,0.15,0.0,0.0,0.0,0.0,0.03,0.0,0.0,0.95,0.43,0.03,0.06,1.01,0.86,0.0,0.03,0.03,3.93,2.36,58.8,,,,,,,,,,,,,,,,,,,,,,,,,,,,,Jack Elliott,DF,Chicago Fire,30-101,Jack Elliott,TAM Player,2025,Jack Elliott,2025.0,914773.0,1008537.0,0.002760736196319018,0.002760736196319018,0.002147239263803681,0.01999999999999999,3.22,2.3,DF,TAM,0,DF
3879581879,1,2025,33,31,2721,30.2,0.0,0.13,0.13,0.0,0.0,0.0,0.13,0.0,0.03,0.03,0.09,0.12,1.46,4.54,3.61,0.0,0.13,0.13,0.0,0.13,0.03,0.09,0.12,0.03,0.12,30.2,45.8,18.0,21.8,5.2,59.0,20.5,26.6,9.74,77.7,87.9,82.0,53.4,864.7,322.3,45.8,18.0,21.8,5.2,59.0,20.5,26.6,9.74,77.7,87.9,82.0,53.4,45.8,18.0,21.8,5.2,59.0,20.5,26.6,9.74,77.7,87.9,82.0,53.4,45.8,18.0,21.8,5.2,59.0,20.5,26.6,9.74,77.7,87.9,82.0,53.4,0.13,0.1,0.05,0.99,4.07,0.89,0.23,0.0,0.53,0.13,25.0,0.53,0.13,0.0,0.0,16.8,0.0,0.0,0.0,0.06,-0.03,-0.03,70.4,4.4,23.3,35.4,12.3,1.59,70.4,0.6,45.0,0.7,52.5,33.4,0.2,0.96,0.43,42.8,1.79,1.13,1.13,1.79,1.13,65.4,0.6,1.42,1.06,1.39,3.18,3.97,0.1,2.02,2.02,0.1,0.07,0.0,0.0,0.07,0.0,0.36,0.36,0.1,0.07,0.0,0.0,0.07,0.0,0.0,0.76,0.96,0.1,1.62,1.39,1.13,0.0,0.0,0.0,4.27,1.82,63.2,,,,,,,,,,,,,,,,,,,,,,,,,,,,,Lukas Engel,DF,FC Cincinnati,26-355,Lukas Engel,TAM Player,2025,Lukas Engel,2025.0,750000.0,825781.0,0.0,0.004304635761589405,0.0009933774834437086,-0.03,6.0,3.1799999999999997,DF,TAM,0,DF
5415674001,1,2025,23,18,1569,17.4,0.11,0.11,0.23,0.11,0.0,0.0,0.57,0.06,0.12,0.12,0.06,0.18,1.21,4.37,2.53,0.11,0.11,0.23,0.11,0.23,0.12,0.06,0.18,0.12,0.18,17.4,54.5,33.2,18.4,1.84,62.7,35.7,21.1,3.39,87.0,93.1,87.0,54.2,781.3,319.4,54.5,33.2,18.4,1.84,62.7,35.7,21.1,3.39,87.0,93.1,87.0,54.2,54.5,33.2,18.4,1.84,62.7,35.7,21.1,3.39,87.0,93.1,87.0,54.2,54.5,33.2,18.4,1.84,62.7,35.7,21.1,3.39,87.0,93.1,87.0,54.2,0.11,0.09,0.05,0.69,3.28,0.69,0.06,0.11,0.69,0.17,25.0,0.69,0.17,0.17,0.67,12.2,0.0,0.0,0.0,0.17,-0.01,-0.01,74.7,4.31,29.8,32.3,13.7,2.64,74.7,0.92,76.2,0.29,23.8,40.3,0.11,1.26,0.8,47.2,2.82,1.84,1.95,2.82,1.84,66.7,0.92,1.55,0.92,1.84,4.66,3.22,0.0,1.67,1.66,0.11,0.06,0.06,0.0,0.0,0.0,0.29,0.29,0.11,0.06,0.06,0.0,0.0,0.0,0.06,1.44,0.75,0.06,1.15,1.84,1.95,0.0,0.0,0.0,5.46,1.15,42.6,,,,,,,,,,,,,,,,,,,,,,,,,,,,,Franco Escobar,DF,Houston Dynamo,30-286,Franco Escobar,Standard,2025,Franco Escobar,2025.0,550000.0,599167.0,0.006321839080459771,0.006321839080459771,0.006896551724137931,-0.009999999999999995,5.58,4.66,DF,Standard,0,DF
3892376290,4,2025,25,10,987,11.0,0.0,0.18,0.18,0.0,0.0,0.0,0.18,0.0,0.09,0.09,0.14,0.23,2.82,1.64,6.91,0.0,0.18,0.18,0.0,0.18,0.09,0.13,0.23,0.09,0.23,11.0,18.9,9.82,6.64,2.0,25.8,12.0,8.73,3.18,73.2,81.8,76.0,62.9,321.0,89.5,18.9,9.82,6.64,2.0,25.8,12.0,8.73,3.18,73.2,81.8,76.0,62.9,18.9,9.82,6.64,2.0,25.8,12.0,8.73,3.18,73.2,81.8,76.0,62.9,18.9,9.82,6.64,2.0,25.8,12.0,8.73,3.18,73.2,81.8,76.0,62.9,0.18,0.09,0.05,0.73,1.64,0.55,0.27,0.0,1.18,0.27,23.1,1.19,0.27,0.0,0.0,15.3,0.0,0.0,0.0,0.08,-0.09,-0.09,35.8,0.82,6.82,13.3,16.2,3.36,35.8,0.82,42.9,1.0,52.4,21.7,1.27,2.55,1.36,24.4,0.82,0.55,0.45,0.82,0.55,60.0,0.36,0.82,0.73,0.36,1.18,1.09,0.0,1.45,1.46,0.0,0.0,0.18,0.0,0.09,0.0,0.27,0.27,0.0,0.0,0.18,0.0,0.09,0.0,0.0,1.18,1.0,0.27,1.73,0.36,0.45,0.0,0.0,0.0,3.91,0.64,28.0,,,,,,,,,,,,,,,,,,,,,,,,,,,,,Derrick Etienne,"FW,DF",Toronto FC,29-009,,,,,,,,0.0,0.01636363636363636,0.00818181818181818,-0.09,4.46,1.18,DF,Unknown,0,DF
1557196370,1,2025,24,21,1872,20.8,0.05,0.0,0.05,0.05,0.0,0.0,0.38,0.0,0.03,0.03,0.0,0.03,0.29,2.12,0.1,0.05,0.0,0.05,0.05,0.05,0.03,0.0,0.03,0.03,0.03,20.8,50.8,15.0,30.5,4.86,54.3,15.5,31.5,6.3,93.6,96.3,96.8,77.1,986.6,268.7,50.8,15.0,30.5,4.86,54.3,15.5,31.5,6.3,93.6,96.3,96.8,77.1,50.8,15.0,30.5,4.86,54.3,15.5,31.5,6.3,93.6,96.3,96.8,77.1,50.8,15.0,30.5,4.86,54.3,15.5,31.5,6.3,93.6,96.3,96.8,77.1,0.0,0.0,0.0,0.0,1.97,0.0,0.0,0.05,0.24,0.1,40.0,0.24,0.1,0.2,0.5,10.7,0.0,0.0,0.0,0.12,0.02,0.02,63.8,8.08,38.0,25.1,0.91,0.38,63.8,0.05,33.3,0.1,66.7,40.3,0.0,0.43,0.14,45.3,1.2,0.72,0.77,1.2,0.72,50.0,0.72,1.39,0.53,1.2,2.4,3.8,0.05,0.19,0.19,0.0,0.0,0.0,0.0,0.0,0.0,0.0,0.0,0.0,0.0,0.0,0.0,0.0,0.0,0.0,0.87,0.96,0.0,0.0,1.2,0.77,0.0,0.0,0.0,2.74,0.91,38.0,,,,,,,,,,,,,,,,,,,,,,,,,,,,,Maximiliano Falcón,DF,Inter Miami,28-217,Maximiliano Falcón,TAM Player,2028,Maximiliano Falcón,2025.0,450000.0,524250.0,0.002403846153846154,0.0,0.0014423076923076922,0.020000000000000004,2.41,2.4,DF,TAM,0,DF
9630781163,1,2025,8,6,589,6.5,0.0,0.15,0.15,0.0,0.0,0.0,0.15,0.0,0.06,0.06,0.17,0.23,0.77,3.23,0.15,0.0,0.15,0.15,0.0,0.15,0.07,0.16,0.23,0.07,0.23,6.5,44.0,15.1,23.5,5.23,48.9,16.5,25.1,6.92,89.9,91.6,93.9,75.6,871.2,373.7,44.0,15.1,23.5,5.23,48.9,16.5,25.1,6.92,89.9,91.6,93.9,75.6,44.0,15.1,23.5,5.23,48.9,16.5,25.1,6.92,89.9,91.6,93.9,75.6,44.0,15.1,23.5,5.23,48.9,16.5,25.1,6.92,89.9,91.6,93.9,75.6,0.15,0.11,-0.02,0.77,2.62,0.31,0.0,0.0,0.92,0.15,16.7,0.92,0.15,0.0,0.0,10.5,0.0,0.0,0.0,0.07,-0.06,-0.06,61.4,9.69,31.2,26.5,3.69,2.15,61.4,0.15,100.0,0.0,0.0,36.6,0.0,0.15,0.31,40.6,1.23,0.46,0.92,1.23,0.46,42.9,0.62,1.38,0.0,1.38,2.62,6.0,0.15,1.69,1.68,0.15,0.0,0.0,0.0,0.0,0.0,0.15,0.15,0.15,0.0,0.0,0.0,0.0,0.0,0.0,0.46,0.31,0.0,0.15,1.38,0.92,0.0,0.0,0.0,4.46,2.62,54.8,,,,,,,,,,,,,,,,,,,,,,,,,,,,,Fallou Fall,DF,St. Louis,21-233,,,,Fallou Fall,2025.0,364000.0,462419.0,0.0,0.023076923076923075,0.00923076923076923,-0.06,4.0,2.61,DF,Unknown,0,DF
9051289363,1,2025,17,14,1291,14.3,0.0,0.0,0.0,0.0,0.0,0.0,0.07,0.0,0.01,0.01,0.1,0.1,1.4,2.52,2.45,0.0,0.0,0.0,0.0,0.0,0.01,0.09,0.11,0.01,0.11,14.3,35.9,20.5,13.0,1.33,43.8,22.2,16.0,2.8,81.9,92.4,81.2,47.5,520.4,202.2,35.9,20.5,13.0,1.33,43.8,22.2,16.0,2.8,81.9,92.4,81.2,47.5,35.9,20.5,13.0,1.33,43.8,22.2,16.0,2.8,81.9,92.4,81.2,47.5,35.9,20.5,13.0,1.33,43.8,22.2,16.0,2.8,81.9,92.4,81.2,47.5,0.0,0.1,-0.1,0.84,1.33,0.7,0.49,0.0,0.28,0.0,0.0,0.28,0.0,0.0,,14.3,0.0,0.0,0.0,0.05,-0.01,-0.01,55.2,4.83,20.4,22.5,12.5,0.91,55.2,0.35,33.3,0.56,53.3,22.9,0.14,1.33,0.63,30.8,1.96,1.12,1.12,1.96,1.12,57.1,0.84,0.7,0.35,0.7,2.66,3.85,0.21,1.4,1.39,0.0,0.0,0.14,0.0,0.0,0.0,0.07,0.07,0.0,0.0,0.14,0.0,0.0,0.0,0.0,1.54,1.33,0.14,0.98,0.7,1.12,0.0,0.0,0.0,3.36,1.05,46.9,,,,,,,,,,,,,,,,,,,,,,,,,,,,,Marco Farfan,DF,FC Dallas,27-022,Marco Farfan,Standard,2025,,,,,0.0,0.0,0.0006993006993006993,-0.01,3.92,2.66,DF,Standard,0,DF
6919995373,3,2025,3,0,23,0.3,0.0,0.0,0.0,0.0,0.0,0.0,0.0,0.0,0.0,0.0,0.33,0.33,0.0,6.67,0.0,0.0,0.0,0.0,0.0,0.0,0.0,0.27,0.27,0.0,0.27,0.3,30.0,13.3,10.0,6.67,36.7,13.3,13.3,10.0,81.8,100.0,75.0,66.7,676.7,233.3,30.0,13.3,10.0,6.67,36.7,13.3,13.3,10.0,81.8,100.0,75.0,66.7,30.0,13.3,10.0,6.67,36.7,13.3,13.3,10.0,81.8,100.0,75.0,66.7,30.0,13.3,10.0,6.67,36.7,13.3,13.3,10.0,81.8,100.0,75.0,66.7,0.0,0.0,-0.33,3.33,6.67,0.0,0.0,0.0,0.0,0.0,,0.0,0.0,,,,0.0,0.0,0.0,,0.0,0.0,50.0,3.33,16.7,30.0,3.33,0.0,50.0,0.0,,0.0,,13.3,0.0,0.0,0.0,13.3,3.33,0.0,0.0,3.33,0.0,,0.0,3.33,3.33,0.0,3.33,6.67,0.0,3.33,3.91,0.0,0.0,0.0,0.0,0.0,0.0,0.0,0.0,0.0,0.0,0.0,0.0,0.0,0.0,0.0,0.0,3.33,0.0,0.0,0.0,0.0,0.0,0.0,0.0,3.33,0.0,0.0,,,,,,,,,,,,,,,,,,,,,,,,,,,,,Andrew Farrell,"MF,DF",NE Revolution,33-246,Andrew Farrell,Standard,2025,Andrew Farrell,2025.0,175000.0,175000.0,0.0,0.0,0.0,0.0,6.67,3.33,DF,Standard,0,DF
9569935590,3,2025,18,16,1481,16.5,0.06,0.18,0.24,0.06,0.0,0.0,0.12,0.0,0.16,0.16,0.16,0.32,2.42,3.21,12.2,0.06,0.18,0.24,0.06,0.24,0.16,0.16,0.32,0.16,0.32,16.5,53.8,33.9,15.9,2.06,62.0,35.9,18.5,3.58,86.7,94.6,85.9,57.6,741.6,169.6,53.8,33.9,15.9,2.06,62.0,35.9,18.5,3.58,86.7,94.6,85.9,57.6,53.8,33.9,15.9,2.06,62.0,35.9,18.5,3.58,86.7,94.6,85.9,57.6,53.8,33.9,15.9,2.06,62.0,35.9,18.5,3.58,86.7,94.6,85.9,57.6,0.18,0.17,0.02,1.27,2.36,1.58,0.42,0.06,0.97,0.48,50.0,0.97,0.49,0.06,0.13,15.5,0.0,0.0,0.0,0.16,-0.1,-0.1,70.2,1.88,8.67,29.4,32.7,4.0,70.2,0.3,26.3,0.61,52.6,43.6,1.21,1.39,0.79,52.8,1.15,0.61,0.42,1.15,0.61,62.5,0.36,0.79,0.67,0.42,1.58,1.15,0.0,2.61,2.61,0.06,0.0,0.06,0.0,0.0,0.0,0.42,0.43,0.06,0.0,0.06,0.0,0.0,0.0,0.0,0.67,1.27,0.3,1.88,0.42,0.42,0.0,0.0,0.0,3.39,0.24,21.1,,,,,,,,,,,,,,,,,,,,,,,,,,,,,Mohamed Farsi,"DF,MF",Columbus Crew,25-353,Mohamed Farsi,Standard,2027,Mohamed Farsi,2025.0,425000.0,455000.0,0.0036363636363636364,0.010909090909090908,0.009696969696969697,-0.1,5.63,1.5699999999999998,DF,Standard,0,DF
883898924,1,2025,29,26,2239,24.9,0.12,0.12,0.24,0.12,0.0,0.0,0.12,0.0,0.07,0.07,0.12,0.19,2.61,2.33,6.02,0.12,0.12,0.24,0.12,0.24,0.07,0.12,0.19,0.07,0.19,24.9,42.0,21.6,15.7,2.97,51.5,23.4,19.0,5.58,81.6,92.6,82.7,53.2,671.8,187.2,42.0,21.6,15.7,2.97,51.5,23.4,19.0,5.58,81.6,92.6,82.7,53.2,42.0,21.6,15.7,2.97,51.5,23.4,19.0,5.58,81.6,92.6,82.7,53.2,42.0,21.6,15.7,2.97,51.5,23.4,19.0,5.58,81.6,92.6,82.7,53.2,0.12,0.14,0.0,0.76,1.49,1.04,0.76,0.12,0.56,0.24,42.9,0.56,0.24,0.21,0.5,14.6,0.0,0.0,0.0,0.13,0.05,0.05,61.3,3.57,20.4,25.0,16.7,1.89,61.3,1.04,53.1,0.8,40.8,35.3,0.68,1.29,0.64,40.4,1.29,0.88,0.92,1.29,0.88,59.5,0.6,1.12,0.64,0.8,2.09,2.33,0.04,1.85,1.85,0.24,0.0,0.12,0.0,0.0,0.0,0.2,0.2,0.24,0.0,0.12,0.0,0.0,0.0,0.0,0.72,1.73,0.32,4.34,0.8,0.92,0.0,0.0,0.0,3.86,0.48,46.2,,,,,,,,,,,,,,,,,,,,,,,,,,,,,Ilay Feingold,DF,NE Revolution,21-103,Ilay Feingold,U22 Initiative,2027,Ilay Feingold,2025.0,575000.0,575000.0,0.004819277108433735,0.004819277108433735,0.0028112449799196793,0.04999999999999999,4.9399999999999995,2.09,DF,U22,0,DF
7477497154,1,2025,17,16,1298,14.4,0.0,0.0,0.0,0.0,0.0,0.0,0.42,0.0,0.03,0.03,0.02,0.05,0.35,3.4,0.0,0.0,0.0,0.0,0.0,0.0,0.03,0.02,0.05,0.03,0.05,14.4,46.3,13.1,25.8,7.08,50.7,13.8,26.7,9.31,91.2,94.5,96.6,76.1,975.2,361.9,46.3,13.1,25.8,7.08,50.7,13.8,26.7,9.31,91.2,94.5,96.6,76.1,46.3,13.1,25.8,7.08,50.7,13.8,26.7,9.31,91.2,94.5,96.6,76.1,46.3,13.1,25.8,7.08,50.7,13.8,26.7,9.31,91.2,94.5,96.6,76.1,0.0,0.02,-0.02,0.21,2.99,0.14,0.0,0.0,0.49,0.0,0.0,0.49,0.0,0.0,,12.0,0.0,0.0,0.0,0.06,-0.03,-0.03,61.4,7.08,28.2,31.9,1.67,0.9,61.4,0.07,100.0,0.0,0.0,35.4,0.0,0.28,0.0,41.1,1.32,0.63,0.9,1.32,0.63,69.2,0.28,1.18,0.56,0.9,2.22,5.83,0.0,0.69,0.69,0.0,0.0,0.0,0.0,0.0,0.0,0.28,0.28,0.0,0.0,0.0,0.0,0.0,0.0,0.0,1.32,0.97,0.14,0.07,0.9,0.9,0.0,0.0,0.0,4.24,1.39,48.8,,,,,,,,,,,,,,,,,,,,,,,,,,,,,Joaquín Fernández,DF,Sporting KC,29-187,,,,Joaquín Fernández,2025.0,1000000.0,1072083.0,0.0,0.0,0.0020833333333333333,-0.03,3.75,2.22,DF,Unknown,0,DF
4407098656,1,2025,5,1,151,1.7,0.0,0.0,0.0,0.0,0.0,0.0,0.0,0.0,0.12,0.12,0.29,0.41,1.76,4.12,8.82,0.0,0.0,0.0,0.0,0.0,0.13,0.31,0.44,0.13,0.44,1.7,27.1,17.1,4.12,4.71,38.8,20.0,7.65,7.06,69.7,85.3,53.8,66.7,416.5,189.4,27.1,17.1,4.12,4.71,38.8,20.0,7.65,7.06,69.7,85.3,53.8,66.7,27.1,17.1,4.12,4.71,38.8,20.0,7.65,7.06,69.7,85.3,53.8,66.7,27.1,17.1,4.12,4.71,38.8,20.0,7.65,7.06,69.7,85.3,53.8,66.7,0.0,0.24,-0.29,2.94,3.53,1.18,0.0,0.0,1.18,0.59,50.0,1.19,0.6,0.0,0.0,16.5,0.0,0.0,0.0,0.11,-0.12,-0.12,53.5,0.59,8.24,22.9,22.9,3.53,53.5,0.59,20.0,1.76,60.0,29.4,1.76,4.12,1.18,32.4,0.0,0.0,0.0,0.0,0.0,,0.0,1.76,1.18,0.59,0.59,1.18,0.0,5.29,5.36,0.0,0.0,0.0,0.0,0.0,0.0,0.59,0.6,0.0,0.0,0.0,0.0,0.0,0.0,0.0,0.59,0.59,0.59,5.29,0.59,0.0,0.0,0.0,0.0,5.88,0.0,0.0,,,,,,,,,,,,,,,,,,,,,,,,,,,,,Dominik Fitz,"FW,DF",Minnesota Utd,26-171,,,,Dominik Fitz,2025.0,850000.0,853000.0,0.0,0.0,0.07058823529411765,-0.12,5.88,0.59,DF,Unknown,0,DF
6780680900,1,2025,2,0,8,0.1,0.0,0.0,0.0,0.0,0.0,0.0,0.0,0.0,1.0,1.0,0.0,1.0,0.0,0.0,30.0,0.0,0.0,0.0,0.0,0.0,1.29,0.0,1.29,1.29,1.29,0.1,10.0,10.0,0.0,0.0,20.0,20.0,0.0,0.0,50.0,50.0,,,140.0,0.0,10.0,10.0,0.0,0.0,20.0,20.0,0.0,0.0,50.0,50.0,,,10.0,10.0,0.0,0.0,20.0,20.0,0.0,0.0,50.0,50.0,,,10.0,10.0,0.0,0.0,20.0,20.0,0.0,0.0,50.0,50.0,,,0.0,0.0,0.0,0.0,0.0,0.0,0.0,0.0,20.0,10.0,50.0,22.5,11.25,0.0,0.0,11.0,0.0,0.0,0.0,0.06,-1.0,-1.0,80.0,0.0,0.0,40.0,40.0,20.0,80.0,10.0,100.0,0.0,0.0,30.0,0.0,0.0,10.0,40.0,10.0,0.0,10.0,10.0,0.0,0.0,10.0,10.0,10.0,0.0,10.0,0.0,0.0,30.0,33.75,10.0,0.0,10.0,0.0,10.0,0.0,0.0,0.0,10.0,0.0,10.0,0.0,10.0,0.0,0.0,10.0,10.0,0.0,0.0,0.0,10.0,0.0,0.0,0.0,0.0,0.0,,,,,,,,,,,,,,,,,,,,,,,,,,,,,,Nicolas Fleuriau,"DF,FW",Vancouver W'caps,23-197,,,,,,,,0.0,0.0,10.0,-1.0,0.0,10.0,DF,Unknown,-1,DF
6496404057,1,2025,16,12,1181,13.1,0.0,0.0,0.0,0.0,0.0,0.0,0.38,0.08,0.03,0.03,0.0,0.03,0.08,2.6,0.08,0.0,0.0,0.0,0.0,0.0,0.03,0.0,0.03,0.03,0.03,13.1,42.5,13.0,26.0,3.28,50.8,14.7,28.5,5.73,83.8,88.1,91.2,57.3,826.9,306.1,42.5,13.0,26.0,3.28,50.8,14.7,28.5,5.73,83.8,88.1,91.2,57.3,42.5,13.0,26.0,3.28,50.8,14.7,28.5,5.73,83.8,88.1,91.2,57.3,42.5,13.0,26.0,3.28,50.8,14.7,28.5,5.73,83.8,88.1,91.2,57.3,0.0,0.01,0.0,0.15,2.21,0.08,0.0,0.0,0.69,0.15,22.2,0.69,0.15,0.0,0.0,14.4,0.0,0.0,0.0,0.05,-0.03,-0.03,64.9,7.4,33.4,29.6,2.21,0.84,64.9,0.23,75.0,0.08,25.0,33.7,0.0,0.76,0.23,39.5,2.82,1.91,2.21,2.82,1.91,52.1,1.76,1.53,0.53,1.3,4.12,6.56,0.08,0.76,0.76,0.0,0.0,0.08,0.0,0.23,0.08,0.08,0.08,0.0,0.0,0.08,0.0,0.23,0.08,0.08,0.61,0.76,0.0,0.08,1.3,2.21,0.0,0.0,0.0,4.12,2.52,66.0,,,,,,,,,,,,,,,,,,,,,,,,,,,,,Gilberto Flores,DF,FC Cincinnati,22-247,Gilberto Flores,U22 Initiative,2027,Gilberto Flores,2025.0,364992.0,411664.0,0.0,0.0,0.0022900763358778627,-0.03,2.68,4.12,DF,U22,0,DF
5790997274,1,2025,14,9,822,9.1,0.0,0.0,0.0,0.0,0.0,0.0,0.44,0.0,0.0,0.0,0.0,0.0,0.22,2.75,0.33,0.0,0.0,0.0,0.0,0.0,0.0,0.0,0.0,0.0,0.0,9.1,38.2,15.7,19.5,2.75,43.8,17.0,20.7,5.16,87.2,92.3,94.1,53.2,672.1,283.2,38.2,15.7,19.5,2.75,43.8,17.0,20.7,5.16,87.2,92.3,94.1,53.2,38.2,15.7,19.5,2.75,43.8,17.0,20.7,5.16,87.2,92.3,94.1,53.2,38.2,15.7,19.5,2.75,43.8,17.0,20.7,5.16,87.2,92.3,94.1,53.2,0.0,0.01,0.0,0.22,3.08,0.0,0.0,0.0,0.0,0.0,,0.0,0.0,,,,0.0,0.0,0.0,,0.0,0.0,54.7,5.05,26.7,26.0,2.42,0.33,54.7,0.44,80.0,0.11,20.0,28.6,0.0,1.1,0.33,34.3,1.87,0.99,0.99,1.87,0.99,60.0,0.66,1.43,0.44,1.76,3.63,3.41,0.22,0.88,0.88,0.0,0.0,0.11,0.0,0.0,0.0,0.0,0.0,0.0,0.0,0.11,0.0,0.0,0.0,0.0,1.32,0.77,0.0,0.11,1.76,0.99,0.0,0.0,0.0,3.74,1.32,60.0,,,,,,,,,,,,,,,,,,,,,,,,,,,,,Max Floriani,DF,SJ Earthquakes,22-301,Max Floriani,Standard,2025,Max Floriani,2025.0,80622.0,83122.0,0.0,0.0,0.0,0.0,2.97,3.63,DF,Standard,0,DF
7687815975,1,2025,30,30,2571,28.6,0.0,0.03,0.03,0.0,0.0,0.0,0.31,0.0,0.01,0.01,0.01,0.02,0.24,2.06,0.07,0.0,0.04,0.04,0.0,0.04,0.01,0.01,0.02,0.01,0.02,28.6,45.6,12.8,26.7,5.7,49.7,13.4,27.7,7.76,91.8,96.1,96.3,73.4,936.0,312.8,45.6,12.8,26.7,5.7,49.7,13.4,27.7,7.76,91.8,96.1,96.3,73.4,45.6,12.8,26.7,5.7,49.7,13.4,27.7,7.76,91.8,96.1,96.3,73.4,45.6,12.8,26.7,5.7,49.7,13.4,27.7,7.76,91.8,96.1,96.3,73.4,0.03,0.01,0.02,0.1,1.89,0.03,0.0,0.0,0.17,0.0,0.0,0.18,0.0,0.0,,22.6,0.0,0.0,0.0,0.04,-0.01,-0.01,62.0,10.5,39.3,21.9,1.19,0.24,62.0,0.21,85.7,0.03,14.3,36.2,0.0,0.35,0.21,40.4,2.17,0.94,1.22,2.17,0.94,52.9,0.84,1.78,0.77,1.71,3.88,5.49,0.1,0.56,0.56,0.0,0.0,0.0,0.0,0.03,0.0,0.03,0.04,0.0,0.0,0.0,0.0,0.03,0.0,0.0,1.19,0.31,0.07,0.03,1.71,1.22,0.0,0.1,0.0,4.79,0.7,42.6,,,,,,,,,,,,,,,,,,,,,,,,,,,,,Mamadou Fofana,DF,NE Revolution,27-317,Mamadou Fofana,TAM Player,2027,Mamadou Fofana,2025.0,500000.0,616250.0,0.0,0.001048951048951049,0.00034965034965034965,-0.01,2.3,3.88,DF,TAM,0,DF
2157345198,3,2025,15,8,784,8.7,0.11,0.0,0.11,0.11,0.0,0.0,0.46,0.0,0.08,0.08,0.11,0.2,2.07,6.44,3.91,0.11,0.0,0.11,0.11,0.11,0.08,0.11,0.19,0.08,0.19,8.7,46.8,22.3,20.1,3.79,53.4,24.4,22.0,4.94,87.5,91.5,91.6,76.7,793.7,214.6,46.8,22.3,20.1,3.79,53.4,24.4,22.0,4.94,87.5,91.5,91.6,76.7,46.8,22.3,20.1,3.79,53.4,24.4,22.0,4.94,87.5,91.5,91.6,76.7,46.8,22.3,20.1,3.79,53.4,24.4,22.0,4.94,87.5,91.5,91.6,76.7,0.0,0.11,-0.11,1.03,4.48,1.49,0.23,0.11,0.8,0.34,42.9,0.8,0.34,0.14,0.33,18.2,0.0,0.0,0.0,0.1,0.03,0.03,64.0,1.84,13.0,33.6,17.8,1.61,64.0,0.92,57.1,0.46,28.6,38.4,0.34,1.38,0.11,45.1,2.41,0.92,1.84,2.41,0.92,66.7,0.46,1.15,0.92,1.61,4.02,1.61,0.0,2.87,2.87,0.0,0.0,0.23,0.0,0.0,0.0,0.0,0.0,0.0,0.0,0.23,0.0,0.0,0.0,0.0,2.07,1.84,0.0,0.57,1.61,1.84,0.0,0.0,0.0,4.14,0.69,40.0,,,,,,,,,,,,,,,,,,,,,,,,,,,,,Ajani Fortune,"MF,DF",Atlanta Utd,22-339,Ajani Fortune,Homegrown,2025,Ajani Fortune,2025.0,109000.0,109000.0,0.012643678160919542,0.0,0.009195402298850576,0.03,8.51,4.0200000000000005,DF,HG,0,DF
7721875935,1,2025,26,23,2061,22.9,0.0,0.09,0.09,0.0,0.0,0.0,0.39,0.0,0.02,0.02,0.06,0.08,1.53,5.11,3.32,0.0,0.09,0.09,0.0,0.09,0.02,0.06,0.08,0.02,0.08,22.9,48.9,23.5,21.7,2.88,58.3,25.3,26.1,4.98,83.8,93.1,83.4,57.9,804.0,311.6,48.9,23.5,21.7,2.88,58.3,25.3,26.1,4.98,83.8,93.1,83.4,57.9,48.9,23.5,21.7,2.88,58.3,25.3,26.1,4.98,83.8,93.1,83.4,57.9,48.9,23.5,21.7,2.88,58.3,25.3,26.1,4.98,83.8,93.1,83.4,57.9,0.09,0.05,0.03,0.61,4.59,0.31,0.04,0.0,0.35,0.09,25.0,0.35,0.09,0.0,0.0,21.6,0.0,0.0,0.0,0.06,-0.02,-0.02,70.8,4.24,22.7,36.2,12.4,0.83,70.8,0.74,65.4,0.39,34.6,36.2,0.17,0.87,0.44,42.6,1.7,0.79,1.05,1.7,0.79,60.0,0.52,1.7,1.31,1.4,3.1,4.85,0.04,1.35,1.35,0.0,0.0,0.04,0.0,0.09,0.0,0.13,0.13,0.0,0.0,0.04,0.0,0.09,0.0,0.0,1.83,0.83,0.04,1.79,1.4,1.05,0.0,0.0,0.0,4.67,2.36,63.5,,,,,,,,,,,,,,,,,,,,,,,,,,,,,Jimer Fory,DF,Portland Timbers,23-194,Jimer Fory,TAM Player,2028,Jimer Fory,2025.0,335000.0,355000.0,0.0,0.003930131004366812,0.0008733624454148472,-0.02,6.640000000000001,3.0999999999999996,DF,TAM,0,DF
4139457407,2,2025,15,8,785,8.7,0.0,0.0,0.0,0.0,0.0,0.0,0.23,0.0,0.0,0.0,0.0,0.0,0.8,2.64,2.18,0.0,0.0,0.0,0.0,0.0,0.01,0.0,0.01,0.01,0.01,8.7,38.2,17.9,16.4,2.87,45.7,19.1,18.7,5.86,83.4,94.0,87.7,49.0,647.0,205.9,38.2,17.9,16.4,2.87,45.7,19.1,18.7,5.86,83.4,94.0,87.7,49.0,38.2,17.9,16.4,2.87,45.7,19.1,18.7,5.86,83.4,94.0,87.7,49.0,38.2,17.9,16.4,2.87,45.7,19.1,18.7,5.86,83.4,94.0,87.7,49.0,0.0,0.02,0.0,0.0,2.76,0.34,0.11,0.0,0.34,0.11,33.3,0.34,0.11,0.0,0.0,23.9,0.0,0.0,0.0,0.01,0.0,0.0,54.1,3.22,21.0,24.3,9.31,0.34,54.1,0.34,50.0,0.23,33.3,29.8,0.11,0.57,0.69,31.5,2.18,1.03,1.72,2.18,1.03,100.0,0.0,0.57,0.46,1.03,3.22,2.64,0.0,1.26,1.26,0.0,0.0,0.11,0.0,0.0,0.0,0.0,0.0,0.0,0.0,0.11,0.0,0.0,0.0,0.0,1.03,0.92,0.0,1.03,1.03,1.72,0.0,0.0,0.0,4.48,0.46,36.4,,,,,,,,,,,,,,,,,,,,,,,,,,,,,Kobe Franklin,DF,Toronto FC,22-208,Kobe Franklin,Homegrown,2025,Kobe Franklin,2025.0,125000.0,135802.0,0.0,0.0,0.0,0.0,3.4400000000000004,3.21,DF,HG,0,DF
2728882027,2,2025,21,13,1231,13.7,0.07,0.15,0.22,0.07,0.0,0.0,0.22,0.07,0.04,0.04,0.15,0.2,2.48,1.9,4.09,0.07,0.15,0.22,0.07,0.22,0.04,0.15,0.19,0.04,0.19,13.7,41.8,20.7,17.5,2.41,48.1,22.3,19.7,3.72,86.8,92.8,88.9,64.7,670.1,194.5,41.8,20.7,17.5,2.41,48.1,22.3,19.7,3.72,86.8,92.8,88.9,64.7,41.8,20.7,17.5,2.41,48.1,22.3,19.7,3.72,86.8,92.8,88.9,64.7,41.8,20.7,17.5,2.41,48.1,22.3,19.7,3.72,86.8,92.8,88.9,64.7,0.15,0.17,-0.01,0.73,1.68,0.58,0.44,0.07,0.73,0.36,50.0,0.73,0.37,0.1,0.2,12.9,0.0,0.0,0.0,0.06,0.03,0.03,61.2,3.07,22.3,27.1,12.4,2.12,61.2,1.46,46.5,1.39,44.2,32.6,0.66,2.34,0.88,36.4,2.7,1.97,1.75,2.7,1.97,73.0,0.73,1.61,1.31,1.02,3.72,1.61,0.15,1.46,1.46,0.07,0.0,0.22,0.0,0.0,0.0,0.29,0.29,0.07,0.0,0.22,0.0,0.0,0.0,0.0,1.53,2.04,0.15,1.02,1.02,1.75,0.0,0.0,0.0,5.99,0.88,52.2,,,,,,,,,,,,,,,,,,,,,,,,,,,,,Ian Fray,DF,Inter Miami,23-095,Ian Fray,Homegrown,2025,Ian Fray,2025.0,150000.0,150000.0,0.005109489051094891,0.010948905109489052,0.0029197080291970805,0.030000000000000006,4.38,3.72,DF,HG,0,DF
6123429869,3,2025,29,26,2453,27.3,0.22,0.11,0.33,0.22,0.0,0.0,0.15,0.0,0.21,0.21,0.19,0.39,2.49,4.03,7.03,0.22,0.11,0.33,0.22,0.33,0.2,0.19,0.39,0.2,0.39,27.3,38.7,19.2,16.6,2.34,47.7,22.0,19.7,3.74,81.2,87.2,84.0,62.7,629.1,184.5,38.7,19.2,16.6,2.34,47.7,22.0,19.7,3.74,81.2,87.2,84.0,62.7,38.7,19.2,16.6,2.34,47.7,22.0,19.7,3.74,81.2,87.2,84.0,62.7,38.7,19.2,16.6,2.34,47.7,22.0,19.7,3.74,81.2,87.2,84.0,62.7,0.11,0.19,-0.08,1.61,2.53,1.03,0.18,0.22,1.68,0.55,32.6,1.69,0.55,0.13,0.4,11.5,0.0,0.0,0.0,0.12,0.01,0.01,59.7,3.41,16.3,23.7,20.4,4.18,59.7,1.32,55.4,0.95,40.0,31.1,0.99,0.88,0.99,36.9,1.54,0.81,0.99,1.54,0.81,61.1,0.51,1.03,0.7,0.95,2.49,3.44,0.0,3.77,3.78,0.37,0.0,0.11,0.0,0.04,0.04,0.18,0.18,0.37,0.0,0.11,0.0,0.04,0.04,0.0,0.73,1.32,0.26,1.39,0.95,0.99,0.0,0.0,0.0,4.76,2.05,58.3,,,,,,,,,,,,,,,,,,,,,,,,,,,,,Alex Freeman,DF,Orlando City,21-117,,,,Alex Freeman,2025.0,104000.0,108000.0,0.008058608058608058,0.004029304029304029,0.007692307692307692,0.010000000000000009,6.5200000000000005,2.49,DF,Unknown,0,DF
9275734236,3,2025,3,0,25,0.3,0.0,0.0,0.0,0.0,0.0,0.0,0.0,0.0,0.0,0.0,0.0,0.0,3.33,3.33,3.33,0.0,0.0,0.0,0.0,0.0,0.04,0.0,0.04,0.04,0.04,0.3,96.7,63.3,30.0,3.33,110.0,66.7,33.3,3.33,87.9,95.0,90.0,100.0,1413.3,386.7,96.7,63.3,30.0,3.33,110.0,66.7,33.3,3.33,87.9,95.0,90.0,100.0,96.7,63.3,30.0,3.33,110.0,66.7,33.3,3.33,87.9,95.0,90.0,100.0,96.7,63.3,30.0,3.33,110.0,66.7,33.3,3.33,87.9,95.0,90.0,100.0,0.0,0.0,0.0,0.0,6.67,0.0,0.0,0.0,3.33,0.0,0.0,3.6,0.0,0.0,,33.9,0.0,0.0,0.0,0.01,0.0,0.0,140.0,0.0,46.7,50.0,43.3,0.0,140.0,0.0,,0.0,,73.3,0.0,3.33,0.0,73.3,10.0,0.0,0.0,10.0,0.0,,0.0,0.0,0.0,3.33,13.3,0.0,0.0,0.0,0.0,0.0,0.0,0.0,0.0,0.0,0.0,0.0,0.0,0.0,0.0,0.0,0.0,0.0,0.0,0.0,3.33,3.33,0.0,3.33,3.33,0.0,0.0,0.0,0.0,10.0,6.67,50.0,,,,,,,,,,,,,,,,,,,,,,,,,,,,,Julian Gaines,"FW,DF",Nashville SC,23-029,Julian Gaines,Standard,2025,Julian Gaines,2025.0,80622.0,80622.0,0.0,0.0,0.0,0.0,6.66,13.33,DF,Standard,-1,DF
8890646025,3,2025,34,25,2354,26.2,0.04,0.0,0.04,0.04,0.0,0.0,0.11,0.0,0.04,0.04,0.07,0.11,2.18,2.71,5.95,0.04,0.0,0.04,0.04,0.04,0.04,0.07,0.11,0.04,0.11,26.2,30.8,13.5,13.4,2.86,40.5,14.9,17.6,5.73,76.2,91.0,75.8,50.0,538.7,165.0,30.8,13.5,13.4,2.86,40.5,14.9,17.6,5.73,76.2,91.0,75.8,50.0,30.8,13.5,13.4,2.86,40.5,14.9,17.6,5.73,76.2,91.0,75.8,50.0,30.8,13.5,13.4,2.86,40.5,14.9,17.6,5.73,76.2,91.0,75.8,50.0,0.0,0.09,-0.07,0.61,1.98,0.92,0.61,0.04,0.46,0.15,33.3,0.46,0.15,0.08,0.25,17.8,0.0,0.0,0.0,0.08,0.0,0.0,49.5,3.4,13.5,20.0,16.4,1.34,49.5,0.5,48.1,0.46,44.4,26.7,0.34,1.18,0.27,30.4,0.99,0.57,0.69,0.99,0.57,57.7,0.42,0.92,0.61,0.42,1.41,3.28,0.04,1.64,1.64,0.0,0.0,0.0,0.0,0.0,0.0,0.0,0.0,0.0,0.0,0.0,0.0,0.0,0.0,0.0,0.69,0.99,0.15,3.32,0.42,0.69,0.0,0.0,0.0,2.63,0.46,36.4,,,,,,,,,,,,,,,,,,,,,,,,,,,,,Jon Gallagher,"DF,MF",Austin,29-284,Jon Gallagher,Standard,2026,Jon Gallagher,2025.0,375000.0,375000.0,0.0015267175572519084,0.0,0.0015267175572519084,0.0,4.890000000000001,1.41,DF,Standard,0,DF
5530506678,1,2025,23,19,1715,19.1,0.05,0.05,0.1,0.05,0.0,0.0,0.31,0.0,0.02,0.02,0.03,0.04,0.26,3.51,0.1,0.05,0.05,0.1,0.05,0.1,0.02,0.02,0.04,0.02,0.04,19.1,61.4,26.4,30.1,3.66,66.2,27.2,31.5,5.5,92.7,97.3,95.3,66.7,1038.2,357.5,61.4,26.4,30.1,3.66,66.2,27.2,31.5,5.5,92.7,97.3,95.3,66.7,61.4,26.4,30.1,3.66,66.2,27.2,31.5,5.5,92.7,97.3,95.3,66.7,61.4,26.4,30.1,3.66,66.2,27.2,31.5,5.5,92.7,97.3,95.3,66.7,0.05,0.02,0.03,0.37,4.03,0.1,0.0,0.05,0.26,0.1,40.0,0.26,0.1,0.2,0.5,17.5,0.0,0.0,0.0,0.06,0.04,0.04,77.2,6.18,36.5,39.2,1.73,0.58,77.2,0.26,50.0,0.26,50.0,50.7,0.1,1.41,0.16,56.0,3.14,1.57,2.09,3.14,1.57,78.9,0.42,1.26,0.84,1.41,4.55,2.62,0.26,0.63,0.63,0.0,0.0,0.0,0.0,0.0,0.0,0.05,0.05,0.0,0.0,0.0,0.0,0.0,0.0,0.0,1.1,0.89,0.05,0.0,1.41,2.09,0.0,0.05,0.0,6.49,0.99,67.9,,,,,,,,,,,,,,,,,,,,,,,,,,,,,Carlos Garcés,DF,LA Galaxy,24-054,,,,Carlos Garcés,2025.0,429999.96,468000.0,0.002617801047120419,0.002617801047120419,0.0010471204188481674,0.030000000000000002,3.7699999999999996,4.55,DF,Unknown,0,DF
6430048091,2,2025,10,5,495,5.5,0.0,0.0,0.0,0.0,0.0,0.0,0.0,0.0,0.0,0.0,0.0,0.0,0.36,2.18,0.0,0.0,0.0,0.0,0.0,0.0,0.0,0.0,0.0,0.0,0.0,5.5,45.6,22.5,19.1,2.73,51.5,24.2,21.5,3.45,88.7,93.2,89.0,78.9,743.1,254.4,45.6,22.5,19.1,2.73,51.5,24.2,21.5,3.45,88.7,93.2,89.0,78.9,45.6,22.5,19.1,2.73,51.5,24.2,21.5,3.45,88.7,93.2,89.0,78.9,45.6,22.5,19.1,2.73,51.5,24.2,21.5,3.45,88.7,93.2,89.0,78.9,0.0,0.02,0.0,0.0,2.18,0.18,0.0,0.0,0.0,0.0,,0.0,0.0,,,,0.0,0.0,0.0,,0.0,0.0,64.0,6.36,28.0,31.1,5.09,0.36,64.0,0.55,50.0,0.55,50.0,36.9,0.18,0.36,0.36,42.7,2.55,0.91,1.27,2.55,0.91,55.6,0.73,1.27,0.91,1.27,3.82,5.09,0.0,0.36,0.36,0.0,0.0,0.18,0.0,0.0,0.0,0.0,0.0,0.0,0.0,0.18,0.0,0.0,0.0,0.0,1.09,2.18,0.0,0.0,1.27,1.27,0.0,0.0,0.0,2.55,3.27,52.9,,,,,,,,,,,,,,,,,,,,,,,,,,,,,Jake Girdwood-Reich,"DF,MF",St. Louis,21-192,Jake Girdwood-Reich,U22 Initiative,2027,Jake Girdwood-Reich,2025.0,242250.0,281027.0,0.0,0.0,0.0,0.0,2.54,3.82,DF,U22,0,DF
7551052575,1,2025,31,31,2778,30.9,0.0,0.03,0.03,0.0,0.0,0.0,0.29,0.0,0.04,0.04,0.04,0.08,0.23,2.62,0.19,0.0,0.03,0.03,0.0,0.03,0.04,0.04,0.08,0.04,0.08,30.9,62.2,22.4,32.3,6.31,69.2,23.6,34.5,8.96,89.9,94.9,93.5,70.4,1171.5,436.2,62.2,22.4,32.3,6.31,69.2,23.6,34.5,8.96,89.9,94.9,93.5,70.4,62.2,22.4,32.3,6.31,69.2,23.6,34.5,8.96,89.9,94.9,93.5,70.4,62.2,22.4,32.3,6.31,69.2,23.6,34.5,8.96,89.9,94.9,93.5,70.4,0.03,0.03,-0.01,0.39,3.11,0.1,0.06,0.0,0.49,0.03,6.7,0.49,0.03,0.0,0.0,12.2,0.0,0.0,0.0,0.08,-0.04,-0.04,80.6,12.2,43.6,34.3,2.98,0.94,80.6,0.06,66.7,0.03,33.3,48.1,0.03,0.19,0.03,54.6,1.13,0.42,0.49,1.13,0.42,59.1,0.29,1.49,0.45,1.33,2.46,5.79,0.03,1.04,1.04,0.0,0.0,0.06,0.03,0.03,0.0,0.16,0.16,0.0,0.0,0.06,0.03,0.03,0.0,0.0,1.26,0.32,0.0,0.36,1.33,0.49,0.03,0.03,0.0,3.43,2.23,53.9,,,,,,,,,,,,,,,,,,,,,,,,,,,,,Justen Glad,DF,Real Salt Lake,28-279,Justen Glad,TAM Player,2026,Justen Glad,2025.0,1150000.0,1330000.0,0.0,0.000970873786407767,0.0012944983818770227,-0.04,2.85,2.46,DF,TAM,0,DF
973823074,2,2025,14,4,529,5.9,0.0,0.17,0.17,0.0,0.0,0.0,0.0,0.0,0.05,0.05,0.15,0.2,1.53,2.54,7.8,0.0,0.17,0.17,0.0,0.17,0.05,0.16,0.21,0.05,0.21,5.9,35.4,18.1,14.7,1.69,44.6,20.8,17.5,3.56,79.5,87.0,84.5,47.6,560.5,140.2,35.4,18.1,14.7,1.69,44.6,20.8,17.5,3.56,79.5,87.0,84.5,47.6,35.4,18.1,14.7,1.69,44.6,20.8,17.5,3.56,79.5,87.0,84.5,47.6,35.4,18.1,14.7,1.69,44.6,20.8,17.5,3.56,79.5,87.0,84.5,47.6,0.17,0.17,0.02,0.68,1.53,1.02,0.34,0.0,1.02,0.17,16.7,1.02,0.17,0.0,0.0,20.8,0.0,0.0,0.0,0.05,-0.05,-0.05,58.1,2.2,14.4,23.1,21.0,2.2,58.1,0.34,14.3,2.03,85.7,33.4,0.68,1.86,1.36,35.8,2.03,1.02,1.02,2.03,1.02,50.0,1.02,2.03,1.69,0.34,2.37,2.37,0.0,2.03,2.04,0.0,0.0,0.17,0.0,0.0,0.0,0.17,0.17,0.0,0.0,0.17,0.0,0.0,0.0,0.0,1.86,1.36,0.17,3.22,0.34,1.02,0.0,0.17,0.0,4.07,0.68,36.4,,,,,,,,,,,,,,,,,,,,,,,,,,,,,Omari Glasgow,"DF,FW",Chicago Fire,22-012,Omari Glasgow,Standard,2026,Omari Glasgow,2025.0,104000.0,117685.0,0.0,0.0288135593220339,0.00847457627118644,-0.05,4.07,2.3699999999999997,DF,Standard,0,DF
7368453750,1,2025,4,3,257,2.9,0.34,0.0,0.34,0.34,0.0,0.0,0.34,0.0,0.07,0.07,0.0,0.07,0.34,4.14,0.0,0.35,0.0,0.35,0.35,0.35,0.08,0.0,0.08,0.08,0.08,2.9,30.0,9.66,16.6,3.45,36.6,11.7,17.6,5.86,82.1,82.4,94.1,58.8,580.0,291.7,30.0,9.66,16.6,3.45,36.6,11.7,17.6,5.86,82.1,82.4,94.1,58.8,30.0,9.66,16.6,3.45,36.6,11.7,17.6,5.86,82.1,82.4,94.1,58.8,30.0,9.66,16.6,3.45,36.6,11.7,17.6,5.86,82.1,82.4,94.1,58.8,0.0,0.0,0.0,0.0,5.17,0.34,0.0,0.34,1.72,0.34,20.0,1.75,0.35,0.2,1.0,14.6,0.0,0.0,0.0,0.05,0.28,0.28,51.4,4.48,19.7,27.9,4.48,2.41,51.4,0.0,0.0,0.69,100.0,21.7,0.0,0.69,0.34,21.4,1.03,0.0,0.69,1.03,0.0,0.0,0.34,1.38,1.03,1.72,2.76,6.21,0.0,0.34,0.35,0.0,0.0,0.0,0.0,0.0,0.0,0.0,0.0,0.0,0.0,0.0,0.0,0.0,0.0,0.0,1.03,1.03,0.0,0.34,1.72,0.69,0.0,0.0,0.0,6.55,3.45,83.3,,,,,,,,,,,,,,,,,,,,,,,,,,,,,Ian Glavinovich,DF,Philadelphia Union,24-038,Ian Glavinovich,TAM Player,2025,,,,,0.11724137931034484,0.0,0.024137931034482762,0.27,4.4799999999999995,2.75,DF,TAM,0,DF
9117819721,1,2025,31,30,2624,29.2,0.03,0.03,0.07,0.03,0.0,0.0,0.34,0.0,0.03,0.03,0.04,0.07,0.62,3.63,0.1,0.03,0.03,0.07,0.03,0.07,0.03,0.04,0.07,0.03,0.07,29.2,33.0,11.4,17.8,3.36,41.5,13.0,19.9,7.36,79.7,87.7,89.7,45.6,634.8,313.0,33.0,11.4,17.8,3.36,41.5,13.0,19.9,7.36,79.7,87.7,89.7,45.6,33.0,11.4,17.8,3.36,41.5,13.0,19.9,7.36,79.7,87.7,89.7,45.6,33.0,11.4,17.8,3.36,41.5,13.0,19.9,7.36,79.7,87.7,89.7,45.6,0.03,0.03,-0.0,0.31,2.6,0.27,0.0,0.03,0.75,0.1,13.6,0.75,0.1,0.05,0.33,24.9,0.17,0.0,0.0,0.04,0.0,0.0,54.3,5.82,26.1,26.1,2.71,0.72,54.3,0.07,50.0,0.07,50.0,24.8,0.07,0.58,0.14,26.8,1.71,0.89,1.03,1.71,0.89,56.5,0.68,1.4,0.58,1.88,3.6,5.58,0.0,1.1,1.1,0.0,0.0,0.03,0.0,0.03,0.0,0.1,0.1,0.0,0.0,0.03,0.0,0.03,0.0,0.0,1.47,0.51,0.07,0.24,1.88,1.03,0.0,0.03,0.0,3.77,2.16,63.6,,,,,,,,,,,,,,,,,,,,,,,,,,,,,Jakob Glesnes,DF,Philadelphia Union,31-254,Jakob Glesnes,TAM Player,2025,Jakob Glesnes,2025.0,1100000.0,1310000.0,0.0010273972602739725,0.0010273972602739725,0.0010273972602739725,0.0,4.25,3.59,DF,TAM,0,DF
6165534846,1,2025,24,24,1760,19.6,0.0,0.05,0.05,0.0,0.0,0.0,0.15,0.0,0.05,0.05,0.01,0.06,0.66,4.69,0.2,0.0,0.05,0.05,0.0,0.05,0.05,0.01,0.06,0.05,0.06,19.6,53.2,25.2,23.3,3.52,61.2,26.8,25.8,5.92,86.9,93.7,90.5,59.5,889.4,381.5,53.2,25.2,23.3,3.52,61.2,26.8,25.8,5.92,86.9,93.7,90.5,59.5,53.2,25.2,23.3,3.52,61.2,26.8,25.8,5.92,86.9,93.7,90.5,59.5,53.2,25.2,23.3,3.52,61.2,26.8,25.8,5.92,86.9,93.7,90.5,59.5,0.05,0.02,0.04,0.1,5.92,0.05,0.0,0.0,0.87,0.2,23.5,0.87,0.2,0.0,0.0,13.0,0.0,0.0,0.0,0.05,-0.05,-0.05,74.9,6.12,29.9,41.1,4.44,1.38,74.9,0.31,75.0,0.1,25.0,42.8,0.05,0.61,0.15,48.4,2.45,1.33,1.73,2.45,1.33,68.4,0.61,0.92,0.61,1.73,4.18,5.92,0.05,0.46,0.46,0.0,0.0,0.05,0.0,0.0,0.0,0.05,0.05,0.0,0.0,0.05,0.0,0.0,0.0,0.0,1.28,0.92,0.1,0.1,1.73,1.73,0.0,0.05,0.1,5.2,2.45,70.6,,,,,,,,,,,,,,,,,,,,,,,,,,,,,Yeimar Gómez Andrade,DF,Seattle Sounders,33-157,,,,Yeimar Gómez Andrade,2025.0,800000.0,882500.0,0.0,0.002551020408163265,0.002551020408163265,-0.05,5.3500000000000005,4.18,DF,Unknown,0,DF
4369857174,1,2025,6,6,479,5.3,0.0,0.0,0.0,0.0,0.0,0.0,0.0,0.0,0.04,0.04,0.0,0.04,0.38,2.08,0.0,0.0,0.0,0.0,0.0,0.0,0.04,0.0,0.04,0.04,0.04,5.3,34.3,14.0,17.2,2.83,41.1,15.1,19.2,5.66,83.5,92.5,89.2,50.0,614.7,248.9,34.3,14.0,17.2,2.83,41.1,15.1,19.2,5.66,83.5,92.5,89.2,50.0,34.3,14.0,17.2,2.83,41.1,15.1,19.2,5.66,83.5,92.5,89.2,50.0,34.3,14.0,17.2,2.83,41.1,15.1,19.2,5.66,83.5,92.5,89.2,50.0,0.0,0.0,0.0,0.0,2.08,0.19,0.0,0.0,0.19,0.0,0.0,0.19,0.0,0.0,,5.6,0.0,0.0,0.0,0.22,-0.04,-0.04,49.2,5.09,24.7,22.1,2.83,0.75,49.2,0.0,0.0,0.57,100.0,29.1,0.0,0.75,0.57,31.3,1.89,1.13,0.75,1.89,1.13,75.0,0.38,0.75,0.38,0.75,2.64,2.08,0.19,0.38,0.38,0.0,0.0,0.0,0.0,0.0,0.0,0.0,0.0,0.0,0.0,0.0,0.0,0.0,0.0,0.0,0.75,0.57,0.0,0.0,0.75,0.75,0.0,0.0,0.0,4.91,0.75,50.0,,,,,,,,,,,,,,,,,,,,,,,,,,,,,Nicksoen Gomis,DF,Toronto FC,23-264,Nicksoen Gomis,Standard,2025,Nicksoen Gomis,2025.0,80622.0,80622.0,0.0,0.0,0.007547169811320755,-0.04,2.46,2.6399999999999997,DF,Standard,0,DF
7837651798,3,2025,12,3,427,4.7,0.0,0.0,0.0,0.0,0.0,0.0,0.64,0.0,0.0,0.0,0.02,0.02,0.0,1.06,0.21,0.0,0.0,0.0,0.0,0.0,0.0,0.01,0.01,0.0,0.01,4.7,40.9,15.3,22.6,2.55,48.3,17.0,25.1,5.11,84.6,90.0,89.8,50.0,743.6,315.3,40.9,15.3,22.6,2.55,48.3,17.0,25.1,5.11,84.6,90.0,89.8,50.0,40.9,15.3,22.6,2.55,48.3,17.0,25.1,5.11,84.6,90.0,89.8,50.0,40.9,15.3,22.6,2.55,48.3,17.0,25.1,5.11,84.6,90.0,89.8,50.0,0.0,0.02,-0.02,0.21,0.85,0.0,0.0,0.0,0.0,0.0,,0.0,0.0,,,,0.0,0.0,0.0,,0.0,0.0,63.8,15.3,47.2,15.5,1.06,0.85,63.8,0.0,,0.0,,32.8,0.0,0.0,0.0,38.9,0.85,0.64,0.64,0.85,0.64,42.9,0.85,0.85,0.64,1.06,1.91,10.0,0.0,0.85,0.84,0.0,0.0,0.0,0.0,0.0,0.0,0.0,0.0,0.0,0.0,0.0,0.0,0.0,0.0,0.0,1.06,0.43,0.0,0.0,1.06,0.64,0.0,0.21,0.0,1.91,4.26,80.0,,,,,,,,,,,,,,,,,,,,,,,,,,,,,Omar Gonzalez,DF,Chicago Fire,37-054,,,,,,,,0.0,0.0,0.0,0.0,1.06,1.9100000000000001,DF,Unknown,0,DF
2687856822,1,2025,26,22,1756,19.5,0.0,0.0,0.0,0.0,0.0,0.0,0.26,0.0,0.02,0.02,0.1,0.12,1.28,4.62,2.51,0.0,0.0,0.0,0.0,0.0,0.01,0.1,0.12,0.01,0.12,19.5,56.0,24.1,26.0,4.67,68.1,26.1,29.4,9.64,82.3,92.3,88.5,48.4,997.1,348.4,56.0,24.1,26.0,4.67,68.1,26.1,29.4,9.64,82.3,92.3,88.5,48.4,56.0,24.1,26.0,4.67,68.1,26.1,29.4,9.64,82.3,92.3,88.5,48.4,56.0,24.1,26.0,4.67,68.1,26.1,29.4,9.64,82.3,92.3,88.5,48.4,0.0,0.13,-0.1,0.82,5.69,1.03,0.21,0.0,0.46,0.15,33.3,0.46,0.15,0.0,0.0,22.5,0.0,0.0,0.0,0.03,-0.02,-0.02,78.4,3.85,27.0,40.3,11.7,0.72,78.4,0.62,66.7,0.26,27.8,40.7,0.1,0.97,0.62,50.8,2.26,1.13,1.49,2.26,1.13,73.3,0.41,1.59,1.18,0.82,3.08,3.13,0.1,1.95,1.95,0.1,0.0,0.0,0.0,0.0,0.0,0.05,0.05,0.1,0.0,0.0,0.0,0.0,0.0,0.0,1.23,1.49,0.05,2.15,0.82,1.49,0.0,0.05,0.0,5.03,1.33,57.8,,,,,,,,,,,,,,,,,,,,,,,,,,,,,Tayvon Gray,DF,NYCFC,23-107,Tayvon Gray,Homegrown,2025,Tayvon Gray,2025.0,103992.0,215492.0,0.0,0.0,0.0010256410256410256,-0.02,5.9,3.0799999999999996,DF,HG,0,DF
6912502852,4,2025,21,12,1086,12.1,0.08,0.25,0.33,0.08,0.0,0.0,0.17,0.0,0.05,0.05,0.16,0.21,0.66,2.07,2.98,0.08,0.25,0.33,0.08,0.33,0.05,0.16,0.21,0.05,0.21,12.1,26.9,12.3,9.75,3.72,37.4,14.1,12.7,8.6,71.7,87.1,76.6,43.3,476.7,144.5,26.9,12.3,9.75,3.72,37.4,14.1,12.7,8.6,71.7,87.1,76.6,43.3,26.9,12.3,9.75,3.72,37.4,14.1,12.7,8.6,71.7,87.1,76.6,43.3,26.9,12.3,9.75,3.72,37.4,14.1,12.7,8.6,71.7,87.1,76.6,43.3,0.25,0.18,0.09,1.32,1.07,0.91,0.5,0.08,0.83,0.25,30.0,0.83,0.25,0.1,0.33,24.2,0.0,0.0,0.0,0.06,0.03,0.03,47.1,3.06,14.0,18.8,14.7,0.83,47.1,0.33,50.0,0.25,37.5,22.5,0.08,1.07,0.08,26.2,2.31,1.32,1.32,2.31,1.32,64.0,0.74,0.91,0.41,0.74,3.06,2.64,0.0,1.9,1.91,0.0,0.0,0.0,0.0,0.0,0.0,0.25,0.25,0.0,0.0,0.0,0.0,0.0,0.0,0.0,0.91,0.5,0.08,6.12,0.74,1.32,0.0,0.0,0.0,4.13,0.74,47.4,,,,,,,,,,,,,,,,,,,,,,,,,,,,,Julian Gressel,"DF,MF",Minnesota Utd,31-353,Julian Gressel,TAM Player,2026,Julian Gressel,2025.0,1146672.0,1146672.0,0.006611570247933885,0.02066115702479339,0.004132231404958678,0.03,2.73,3.05,DF,TAM,0,DF
1433820150,1,2025,23,10,1011,11.2,0.0,0.09,0.09,0.0,0.0,0.0,0.09,0.0,0.02,0.02,0.04,0.05,2.95,1.7,5.71,0.0,0.09,0.09,0.0,0.09,0.02,0.04,0.05,0.02,0.05,11.2,25.3,14.9,9.2,0.54,31.9,16.9,11.1,2.05,79.3,88.4,83.1,26.1,373.7,96.3,25.3,14.9,9.2,0.54,31.9,16.9,11.1,2.05,79.3,88.4,83.1,26.1,25.3,14.9,9.2,0.54,31.9,16.9,11.1,2.05,79.3,88.4,83.1,26.1,25.3,14.9,9.2,0.54,31.9,16.9,11.1,2.05,79.3,88.4,83.1,26.1,0.09,0.04,0.05,0.54,0.89,0.63,0.54,0.0,0.54,0.18,33.3,0.53,0.18,0.0,0.0,13.9,0.0,0.0,0.0,0.03,-0.02,-0.02,43.4,2.77,13.0,17.0,13.8,2.23,43.4,1.52,47.2,1.61,50.0,25.0,1.25,1.43,0.98,26.2,2.05,0.8,1.25,2.05,0.8,50.0,0.8,0.89,0.63,0.27,2.32,2.5,0.0,1.34,1.33,0.09,0.0,0.09,0.09,0.0,0.0,0.18,0.18,0.09,0.0,0.09,0.09,0.0,0.0,0.0,1.7,1.61,0.0,2.23,0.27,1.25,0.0,0.0,0.0,4.2,0.63,30.4,,,,,,,,,,,,,,,,,,,,,,,,,,,,,Yuri Guboglo,"DF,FW",CF Montréal,18-259,,,,Yuri Guboglo,2025.0,80622.0,86311.0,0.0,0.008035714285714287,0.0017857142857142859,-0.02,4.65,2.32,DF,Unknown,0,DF
7846343728,1,2025,5,5,419,4.7,0.0,0.21,0.21,0.0,0.0,0.0,0.0,0.0,0.02,0.02,0.02,0.04,1.28,3.4,0.85,0.0,0.21,0.21,0.0,0.21,0.01,0.03,0.04,0.01,0.04,4.7,49.1,17.7,26.2,4.68,61.7,20.2,30.4,10.0,79.7,87.4,86.0,46.8,935.7,358.3,49.1,17.7,26.2,4.68,61.7,20.2,30.4,10.0,79.7,87.4,86.0,46.8,49.1,17.7,26.2,4.68,61.7,20.2,30.4,10.0,79.7,87.4,86.0,46.8,49.1,17.7,26.2,4.68,61.7,20.2,30.4,10.0,79.7,87.4,86.0,46.8,0.21,0.02,0.19,0.64,4.04,0.43,0.43,0.0,0.64,0.0,0.0,0.64,0.0,0.0,,16.5,0.0,0.0,0.0,0.02,-0.02,-0.02,74.9,7.66,34.9,34.3,6.17,1.06,74.9,0.43,33.3,0.85,66.7,45.1,0.43,1.06,0.43,47.4,2.13,1.49,1.7,2.13,1.49,77.8,0.43,1.06,0.64,0.85,2.98,5.74,0.0,1.7,1.71,0.21,0.0,0.21,0.0,0.0,0.0,0.43,0.43,0.21,0.0,0.21,0.0,0.0,0.0,0.0,0.64,0.64,0.21,0.43,0.85,1.7,0.0,0.0,0.0,2.55,2.98,63.6,,,,,,,,,,,,,,,,,,,,,,,,,,,,,Raul Gustavo,DF,NYCFC,26-224,,,,,,,,0.0,0.04468085106382978,0.00425531914893617,-0.02,4.68,2.98,DF,Unknown,0,DF
1680201023,3,2025,34,34,2863,31.8,0.09,0.25,0.35,0.09,0.0,0.0,0.13,0.0,0.1,0.1,0.14,0.25,1.54,3.68,4.53,0.09,0.25,0.35,0.09,0.35,0.11,0.14,0.25,0.11,0.25,31.8,35.9,17.5,14.9,2.86,45.3,19.5,18.0,5.72,79.4,89.9,82.7,50.0,604.4,250.6,35.9,17.5,14.9,2.86,45.3,19.5,18.0,5.72,79.4,89.9,82.7,50.0,35.9,17.5,14.9,2.86,45.3,19.5,18.0,5.72,79.4,89.9,82.7,50.0,35.9,17.5,14.9,2.86,45.3,19.5,18.0,5.72,79.4,89.9,82.7,50.0,0.25,0.08,0.11,0.88,2.36,1.07,0.09,0.09,1.19,0.25,21.1,1.19,0.25,0.08,0.38,16.0,0.0,0.0,0.0,0.09,-0.01,-0.01,57.0,4.87,24.6,19.4,13.6,2.42,57.0,0.19,22.2,0.6,70.4,27.5,0.57,1.07,0.47,33.8,1.82,0.94,1.1,1.82,0.94,61.2,0.6,0.97,0.5,1.16,2.99,3.74,0.06,2.14,2.14,0.0,0.0,0.06,0.06,0.06,0.0,0.47,0.47,0.0,0.0,0.06,0.06,0.06,0.0,0.0,0.91,0.72,0.31,1.23,1.16,1.1,0.06,0.03,0.0,4.4,1.42,62.5,,,,,,,,,,,,,,,,,,,,,,,,,,,,,Andrew Gutman,DF,Chicago Fire,29-063,Andrew Gutman,Standard,2026,Andrew Gutman,2025.0,600000.0,600000.0,0.002830188679245283,0.007861635220125786,0.0031446540880503146,-0.010000000000000009,5.220000000000001,2.98,DF,Standard,0,DF
7095237663,1,2025,34,34,3008,33.4,0.03,0.12,0.15,0.03,0.0,0.0,0.18,0.0,0.03,0.03,0.06,0.1,1.02,4.22,0.84,0.03,0.12,0.15,0.03,0.15,0.03,0.06,0.1,0.03,0.1,33.4,51.5,18.7,28.9,2.96,58.5,20.3,31.1,5.3,87.9,91.9,93.0,55.9,917.7,341.0,51.5,18.7,28.9,2.96,58.5,20.3,31.1,5.3,87.9,91.9,93.0,55.9,51.5,18.7,28.9,2.96,58.5,20.3,31.1,5.3,87.9,91.9,93.0,55.9,51.5,18.7,28.9,2.96,58.5,20.3,31.1,5.3,87.9,91.9,93.0,55.9,0.12,0.06,0.06,0.36,3.32,0.24,0.0,0.03,0.45,0.15,33.3,0.45,0.15,0.07,0.2,14.5,0.0,0.0,0.0,0.07,-0.0,-0.0,69.9,8.2,32.5,33.3,4.49,0.9,69.9,0.48,59.3,0.3,37.0,42.5,0.09,0.99,0.75,48.0,1.5,0.69,0.78,1.5,0.69,54.8,0.57,1.68,0.81,1.35,2.84,4.04,0.03,0.84,0.84,0.0,0.0,0.03,0.0,0.0,0.0,0.21,0.21,0.0,0.0,0.03,0.0,0.0,0.0,0.0,1.14,1.05,0.03,0.09,1.35,0.78,0.0,0.03,0.03,4.49,1.08,51.4,,,,,,,,,,,,,,,,,,,,,,,,,,,,,Justin Haak,"DF,MF",NYCFC,24-083,Justin Haak,Standard,2025,Justin Haak,2025.0,225003.96,265833.0,0.0008982035928143712,0.003592814371257485,0.0008982035928143712,0.0,5.24,2.85,DF,Standard,0,DF
6651302603,1,2025,22,16,1451,16.1,0.06,0.0,0.06,0.06,0.0,0.0,0.37,0.0,0.07,0.07,0.03,0.11,1.43,10.0,0.31,0.06,0.0,0.06,0.06,0.06,0.08,0.03,0.11,0.08,0.11,16.1,61.2,20.2,30.7,9.25,77.0,22.4,35.3,16.3,79.6,90.3,87.1,56.7,1260.4,568.1,61.2,20.2,30.7,9.25,77.0,22.4,35.3,16.3,79.6,90.3,87.1,56.7,61.2,20.2,30.7,9.25,77.0,22.4,35.3,16.3,79.6,90.3,87.1,56.7,61.2,20.2,30.7,9.25,77.0,22.4,35.3,16.3,79.6,90.3,87.1,56.7,0.0,0.06,-0.03,0.43,9.13,0.75,0.06,0.06,0.62,0.31,50.0,0.62,0.31,0.1,0.2,13.4,0.0,0.0,0.0,0.12,-0.01,-0.01,89.6,5.28,33.2,51.6,5.34,1.68,89.6,0.25,80.0,0.06,20.0,46.9,0.06,0.37,0.06,56.6,2.17,1.37,1.43,2.17,1.37,59.5,0.93,1.3,0.75,1.8,3.98,5.59,0.06,1.43,1.43,0.0,0.0,0.0,0.0,0.0,0.0,0.12,0.12,0.0,0.0,0.0,0.0,0.0,0.0,0.0,1.24,0.62,0.0,0.93,1.8,1.43,0.0,0.06,0.0,5.16,3.29,65.4,,,,,,,,,,,,,,,,,,,,,,,,,,,,,Alexander Hack,DF,NY Red Bulls,32-087,Alexander Hack,TAM Player,2026,Alexander Hack,2025.0,930000.0,1031400.0,0.003726708074534161,0.0,0.004347826086956522,-0.010000000000000009,11.43,3.9699999999999998,DF,TAM,0,DF
1478134613,2,2025,20,9,953,10.6,0.0,0.0,0.0,0.0,0.0,0.0,0.28,0.0,0.01,0.01,0.0,0.01,0.28,2.92,0.57,0.0,0.0,0.0,0.0,0.0,0.01,0.0,0.01,0.01,0.01,10.6,48.6,20.1,25.0,3.02,55.8,22.1,26.7,5.09,87.1,91.0,93.6,59.3,847.3,316.2,48.6,20.1,25.0,3.02,55.8,22.1,26.7,5.09,87.1,91.0,93.6,59.3,48.6,20.1,25.0,3.02,55.8,22.1,26.7,5.09,87.1,91.0,93.6,59.3,48.6,20.1,25.0,3.02,55.8,22.1,26.7,5.09,87.1,91.0,93.6,59.3,0.0,0.01,0.0,0.09,2.92,0.0,0.0,0.0,0.19,0.0,0.0,0.19,0.0,0.0,,14.7,0.0,0.0,0.0,0.03,-0.01,-0.01,70.8,6.98,36.2,31.9,3.11,0.47,70.8,0.09,50.0,0.09,50.0,35.2,0.0,0.85,0.19,42.8,2.55,1.23,1.13,2.55,1.23,76.5,0.38,1.32,0.47,2.36,4.91,6.23,0.0,0.38,0.38,0.0,0.0,0.0,0.0,0.0,0.0,0.0,0.0,0.0,0.0,0.0,0.0,0.0,0.0,0.0,1.32,0.66,0.0,0.09,2.36,1.13,0.0,0.09,0.0,4.25,1.98,55.3,,,,,,,,,,,,,,,,,,,,,,,,,,,,,Teenage Hadebe,DF,FC Cincinnati,30-078,Teenage Hadebe,TAM Player,2025,Teenage Hadebe,2025.0,960000.0,1110000.0,0.0,0.0,0.0009433962264150943,-0.01,3.2,4.91,DF,TAM,0,DF
4585671675,1,2025,17,16,1163,12.9,0.08,0.0,0.08,0.08,0.0,0.0,0.16,0.0,0.08,0.08,0.02,0.09,0.54,3.8,0.31,0.08,0.0,0.08,0.08,0.08,0.08,0.02,0.09,0.08,0.09,12.9,49.7,15.5,29.7,4.03,57.4,16.6,32.2,7.52,86.5,93.5,92.3,53.6,939.1,404.4,49.7,15.5,29.7,4.03,57.4,16.6,32.2,7.52,86.5,93.5,92.3,53.6,49.7,15.5,29.7,4.03,57.4,16.6,32.2,7.52,86.5,93.5,92.3,53.6,49.7,15.5,29.7,4.03,57.4,16.6,32.2,7.52,86.5,93.5,92.3,53.6,0.0,0.02,-0.02,0.23,3.57,0.16,0.0,0.08,0.54,0.16,28.6,0.54,0.15,0.14,0.5,13.0,0.0,0.0,0.0,0.14,0.0,0.0,70.6,9.61,37.8,29.5,3.41,0.78,70.6,0.0,,0.0,,36.6,0.0,0.39,0.08,46.9,0.54,0.23,0.39,0.54,0.23,60.0,0.16,2.02,0.31,0.78,1.32,7.6,0.0,0.85,0.85,0.0,0.0,0.0,0.0,0.0,0.0,0.31,0.31,0.0,0.0,0.0,0.0,0.0,0.0,0.0,1.16,0.47,0.08,0.23,0.78,0.39,0.0,0.16,0.0,3.26,2.71,59.3,,,,,,,,,,,,,,,,,,,,,,,,,,,,,Nick Hagglund,DF,FC Cincinnati,33-081,Nick Hagglund,Standard,2027,Nick Hagglund,2025.0,250000.0,266667.0,0.006201550387596899,0.0,0.006201550387596899,0.0,4.34,1.32,DF,Standard,0,DF
29791539,1,2025,13,7,732,8.1,0.0,0.0,0.0,0.0,0.0,0.0,0.49,0.0,0.02,0.02,0.05,0.07,0.74,5.93,0.12,0.0,0.0,0.0,0.0,0.0,0.03,0.05,0.07,0.03,0.07,8.1,69.8,23.1,38.4,7.78,74.8,24.6,39.5,9.88,93.2,94.0,97.2,78.8,1390.5,434.1,69.8,23.1,38.4,7.78,74.8,24.6,39.5,9.88,93.2,94.0,97.2,78.8,69.8,23.1,38.4,7.78,74.8,24.6,39.5,9.88,93.2,94.0,97.2,78.8,69.8,23.1,38.4,7.78,74.8,24.6,39.5,9.88,93.2,94.0,97.2,78.8,0.0,0.06,-0.05,0.49,9.63,0.37,0.12,0.0,0.25,0.0,0.0,0.25,0.0,0.0,,7.9,0.0,0.0,0.0,0.1,-0.02,-0.02,82.8,6.91,35.3,42.5,5.68,1.11,82.8,0.37,75.0,0.12,25.0,52.2,0.0,0.37,0.49,62.8,0.86,0.62,0.49,0.86,0.62,55.6,0.49,0.74,0.25,0.74,1.6,3.58,0.25,0.99,0.98,0.0,0.0,0.0,0.0,0.0,0.0,0.0,0.0,0.0,0.0,0.0,0.0,0.0,0.0,0.0,0.86,0.37,0.0,0.37,0.74,0.49,0.0,0.0,0.0,5.68,1.73,51.9,,,,,,,,,,,,,,,,,,,,,,,,,,,,,Belal Halbouni,DF,Vancouver W'caps,25-340,Belal Halbouni,Standard,2025,Belal Halbouni,2025.0,165000.0,165000.0,0.0,0.0,0.0024691358024691358,-0.02,6.67,1.6,DF,Standard,0,DF
3533527298,1,2025,1,0,33,0.4,0.0,0.0,0.0,0.0,0.0,0.0,0.0,0.0,0.0,0.0,0.25,0.25,2.5,2.5,2.5,0.0,0.0,0.0,0.0,0.0,0.0,0.28,0.28,0.0,0.28,0.4,30.0,15.0,12.5,0.0,42.5,20.0,15.0,0.0,70.6,75.0,83.3,,382.5,92.5,30.0,15.0,12.5,0.0,42.5,20.0,15.0,0.0,70.6,75.0,83.3,,30.0,15.0,12.5,0.0,42.5,20.0,15.0,0.0,70.6,75.0,83.3,,30.0,15.0,12.5,0.0,42.5,20.0,15.0,0.0,70.6,75.0,83.3,,0.0,0.0,-0.25,2.5,0.0,0.0,0.0,0.0,0.0,0.0,,0.0,0.0,,,,0.0,0.0,0.0,,0.0,0.0,67.5,5.0,30.0,30.0,12.5,0.0,67.5,5.0,66.7,2.5,33.3,27.5,0.0,0.0,2.5,30.0,7.5,5.0,2.5,7.5,5.0,100.0,0.0,0.0,0.0,2.5,10.0,7.5,0.0,2.5,2.73,0.0,0.0,0.0,0.0,0.0,0.0,0.0,0.0,0.0,0.0,0.0,0.0,0.0,0.0,0.0,0.0,0.0,0.0,5.0,2.5,2.5,0.0,0.0,0.0,5.0,0.0,,,,,,,,,,,,,,,,,,,,,,,,,,,,,,Bret Halsey,DF,FC Cincinnati,25-186,Bret Halsey,Standard,2025,Bret Halsey,2025.0,104000.0,104000.0,0.0,0.0,0.0,0.0,5.0,10.0,DF,Standard,-1,DF
6827632464,1,2025,5,5,335,3.7,0.0,0.0,0.0,0.0,0.0,0.0,0.27,0.0,0.05,0.05,0.05,0.11,1.35,3.24,5.95,0.0,0.0,0.0,0.0,0.0,0.05,0.07,0.12,0.05,0.12,3.7,48.1,23.5,21.4,1.62,57.0,25.7,25.4,2.7,84.4,91.6,84.0,60.0,716.5,160.5,48.1,23.5,21.4,1.62,57.0,25.7,25.4,2.7,84.4,91.6,84.0,60.0,48.1,23.5,21.4,1.62,57.0,25.7,25.4,2.7,84.4,91.6,84.0,60.0,48.1,23.5,21.4,1.62,57.0,25.7,25.4,2.7,84.4,91.6,84.0,60.0,0.0,0.08,-0.05,0.81,2.97,0.54,0.27,0.0,0.54,0.0,0.0,0.54,0.0,0.0,,15.9,0.0,0.0,0.0,0.1,-0.05,-0.05,66.5,3.51,17.3,31.4,17.8,1.89,66.5,0.54,100.0,0.0,0.0,33.5,0.27,1.62,0.0,41.6,0.81,0.27,0.0,0.81,0.27,100.0,0.0,1.35,0.81,0.81,1.62,2.97,0.0,1.62,1.61,0.0,0.0,0.0,0.0,0.0,0.0,0.0,0.0,0.0,0.0,0.0,0.0,0.0,0.0,0.0,1.89,1.08,0.0,2.43,0.81,0.0,0.0,0.0,0.0,3.78,1.08,66.7,,,,,,,,,,,,,,,,,,,,,,,,,,,,,Aiden Harangi,DF,San Diego FC,19-299,,,,Aiden Harangi,2025.0,80622.0,80622.0,0.0,0.0,0.013513513513513514,-0.05,4.59,1.62,DF,Unknown,0,DF
1534736783,3,2025,12,8,668,7.4,0.41,0.27,0.68,0.41,0.0,0.0,0.27,0.0,0.35,0.35,0.2,0.55,5.54,2.84,9.86,0.4,0.27,0.67,0.4,0.67,0.35,0.2,0.55,0.35,0.55,7.4,26.9,13.6,11.1,1.22,40.9,15.9,16.8,4.19,65.7,85.6,66.1,29.0,416.4,122.4,26.9,13.6,11.1,1.22,40.9,15.9,16.8,4.19,65.7,85.6,66.1,29.0,26.9,13.6,11.1,1.22,40.9,15.9,16.8,4.19,65.7,85.6,66.1,29.0,26.9,13.6,11.1,1.22,40.9,15.9,16.8,4.19,65.7,85.6,66.1,29.0,0.27,0.11,0.07,0.95,1.49,0.81,0.41,0.41,2.57,0.68,26.3,2.56,0.67,0.16,0.6,16.6,0.0,0.0,0.0,0.14,0.05,0.05,53.0,0.54,8.11,20.3,25.8,5.0,53.0,2.16,51.6,1.76,41.9,33.6,1.08,2.84,0.95,36.6,1.22,0.68,0.95,1.22,0.68,38.5,1.08,0.54,0.54,0.27,1.49,0.68,0.0,3.11,3.1,0.54,0.14,0.54,0.14,0.14,0.0,0.41,0.4,0.54,0.14,0.54,0.14,0.14,0.0,0.0,2.03,2.3,0.27,4.59,0.27,0.95,0.14,0.0,0.0,4.59,0.41,27.3,,,,,,,,,,,,,,,,,,,,,,,,,,,,,Cameron Harper,"DF,MF",NY Red Bulls,24-015,Cameron Harper,Standard,2027,Cameron Harper,2025.0,360000.0,401750.0,0.0554054054054054,0.03648648648648649,0.04729729729729729,0.06,8.379999999999999,1.49,DF,Standard,0,DF
2330729995,1,2025,25,23,2099,23.3,0.09,0.0,0.09,0.09,0.0,0.0,0.3,0.0,0.08,0.08,0.03,0.1,0.56,3.0,2.1,0.09,0.0,0.09,0.09,0.09,0.08,0.03,0.11,0.08,0.11,23.3,31.6,16.1,12.9,2.06,41.5,18.6,16.4,4.68,76.1,86.4,78.8,44.0,520.6,220.6,31.6,16.1,12.9,2.06,41.5,18.6,16.4,4.68,76.1,86.4,78.8,44.0,31.6,16.1,12.9,2.06,41.5,18.6,16.4,4.68,76.1,86.4,78.8,44.0,31.6,16.1,12.9,2.06,41.5,18.6,16.4,4.68,76.1,86.4,78.8,44.0,0.0,0.04,-0.03,0.47,2.96,0.39,0.17,0.09,0.56,0.17,30.8,0.56,0.17,0.15,0.5,12.0,0.0,0.0,0.0,0.14,0.01,0.01,56.3,5.15,20.1,26.5,9.91,1.29,56.3,0.3,41.2,0.3,41.2,24.9,0.0,0.99,0.6,27.3,1.67,0.6,0.99,1.67,0.6,58.3,0.43,1.55,1.2,2.62,4.29,5.71,0.04,1.16,1.16,0.0,0.0,0.09,0.0,0.04,0.0,0.0,0.0,0.0,0.0,0.09,0.0,0.04,0.0,0.0,1.16,1.89,0.0,0.77,2.62,0.99,0.0,0.0,0.0,3.99,2.36,63.2,,,,,,,,,,,,,,,,,,,,,,,,,,,,,Nathan Harriel,DF,Philadelphia Union,24-225,Nathan Harriel,Standard,2025,Nathan Harriel,2025.0,290000.0,312800.0,0.0038626609442060085,0.0,0.0034334763948497852,0.009999999999999995,3.56,4.29,DF,Standard,0,DF
1350823303,1,2025,25,16,1526,17.0,0.12,0.06,0.18,0.12,0.0,0.0,0.12,0.0,0.08,0.08,0.06,0.15,0.65,2.18,1.82,0.12,0.06,0.18,0.12,0.18,0.08,0.06,0.15,0.08,0.15,17.0,30.5,16.5,11.5,1.82,37.8,18.5,13.6,3.47,80.7,89.5,84.1,52.5,478.6,176.8,30.5,16.5,11.5,1.82,37.8,18.5,13.6,3.47,80.7,89.5,84.1,52.5,30.5,16.5,11.5,1.82,37.8,18.5,13.6,3.47,80.7,89.5,84.1,52.5,30.5,16.5,11.5,1.82,37.8,18.5,13.6,3.47,80.7,89.5,84.1,52.5,0.06,0.05,0.0,0.59,2.18,0.41,0.06,0.12,1.24,0.59,47.6,1.24,0.59,0.1,0.2,17.2,0.0,0.0,0.0,0.07,0.04,0.04,54.1,5.76,23.6,21.6,9.65,2.53,54.1,0.82,40.0,1.0,48.6,25.5,0.18,1.29,0.47,30.2,3.06,1.65,1.71,3.06,1.65,62.2,1.0,1.59,0.88,1.35,4.41,4.24,0.0,1.24,1.24,0.0,0.0,0.06,0.0,0.06,0.0,0.06,0.06,0.0,0.0,0.06,0.0,0.06,0.0,0.0,1.47,1.29,0.18,0.18,1.35,1.71,0.0,0.0,0.0,4.59,2.29,46.4,,,,,,,,,,,,,,,,,,,,,,,,,,,,,Carlos Harvey,"DF,MF",Minnesota Utd,25-304,Carlos Harvey,Standard,2025,Carlos Harvey,2025.0,104000.0,113627.0,0.007058823529411764,0.003529411764705882,0.004705882352941177,0.039999999999999994,2.83,4.41,DF,Standard,0,DF
4349374222,1,2025,4,0,127,1.4,0.0,0.0,0.0,0.0,0.0,0.0,0.0,0.0,0.14,0.14,0.0,0.14,0.71,7.14,0.0,0.0,0.0,0.0,0.0,0.0,0.15,0.0,0.15,0.15,0.15,1.4,32.1,12.9,17.9,1.43,39.3,17.1,17.9,3.57,81.8,75.0,100.0,40.0,540.7,220.7,32.1,12.9,17.9,1.43,39.3,17.1,17.9,3.57,81.8,75.0,100.0,40.0,32.1,12.9,17.9,1.43,39.3,17.1,17.9,3.57,81.8,75.0,100.0,40.0,32.1,12.9,17.9,1.43,39.3,17.1,17.9,3.57,81.8,75.0,100.0,40.0,0.0,0.0,0.0,0.0,4.29,0.0,0.0,0.0,1.43,0.0,0.0,1.42,0.0,0.0,,6.4,0.0,0.0,0.0,0.11,-0.14,-0.14,53.6,6.43,25.7,20.7,7.14,2.14,53.6,0.0,,0.0,,30.0,0.0,0.71,0.0,33.6,0.71,0.71,0.0,0.71,0.71,100.0,0.0,1.43,0.71,0.0,0.71,7.86,0.0,0.0,0.0,0.0,0.0,0.0,0.0,0.0,0.0,0.0,0.0,0.0,0.0,0.0,0.0,0.0,0.0,0.0,0.0,0.0,0.0,0.0,0.0,0.0,0.0,0.0,0.0,4.29,2.14,42.9,,,,,,,,,,,,,,,,,,,,,,,,,,,,,Stuart Hawkins,"DF,MF",Seattle Sounders,19-077,Stuart Hawkins,Homegrown,2026,Stuart Hawkins,2025.0,104000.0,116021.0,0.0,0.0,0.10000000000000002,-0.14,7.85,0.71,DF,HG,0,DF
1272164428,1,2025,3,0,41,0.5,0.0,0.0,0.0,0.0,0.0,0.0,0.0,0.0,0.0,0.0,0.0,0.0,0.0,2.0,2.0,0.0,0.0,0.0,0.0,0.0,0.04,0.0,0.04,0.04,0.04,0.5,38.0,14.0,20.0,4.0,62.0,16.0,36.0,10.0,61.3,87.5,55.6,40.0,636.0,276.0,38.0,14.0,20.0,4.0,62.0,16.0,36.0,10.0,61.3,87.5,55.6,40.0,38.0,14.0,20.0,4.0,62.0,16.0,36.0,10.0,61.3,87.5,55.6,40.0,38.0,14.0,20.0,4.0,62.0,16.0,36.0,10.0,61.3,87.5,55.6,40.0,0.0,0.0,0.0,0.0,0.0,0.0,0.0,0.0,2.0,0.0,0.0,2.2,0.0,0.0,,27.1,0.0,0.0,0.0,0.02,0.0,0.0,76.0,2.0,38.0,28.0,10.0,6.0,76.0,0.0,0.0,2.0,100.0,52.0,0.0,4.0,0.0,58.0,0.0,0.0,0.0,0.0,0.0,,0.0,0.0,0.0,2.0,2.0,2.0,0.0,0.0,0.0,0.0,0.0,0.0,0.0,0.0,0.0,0.0,0.0,0.0,0.0,0.0,0.0,0.0,0.0,0.0,2.0,2.0,0.0,0.0,2.0,0.0,0.0,0.0,0.0,0.0,2.0,33.3,,,,,,,,,,,,,,,,,,,,,,,,,,,,,Kobi Henry,"DF,FW",Real Salt Lake,21-222,Kobi Henry,Standard,2025,Kobi Henry,2025.0,104000.0,109982.0,0.0,0.0,0.0,0.0,2.0,2.0,DF,Standard,0,DF
6174767228,1,2025,21,16,1316,14.6,0.07,0.07,0.14,0.07,0.0,0.0,0.21,0.0,0.03,0.03,0.11,0.14,1.71,3.7,5.21,0.07,0.07,0.14,0.07,0.14,0.03,0.11,0.14,0.03,0.14,14.6,45.8,24.3,17.3,3.42,56.9,26.7,20.6,6.92,80.5,91.0,84.1,49.5,740.1,244.0,45.8,24.3,17.3,3.42,56.9,26.7,20.6,6.92,80.5,91.0,84.1,49.5,45.8,24.3,17.3,3.42,56.9,26.7,20.6,6.92,80.5,91.0,84.1,49.5,45.8,24.3,17.3,3.42,56.9,26.7,20.6,6.92,80.5,91.0,84.1,49.5,0.07,0.14,-0.04,0.89,2.81,0.75,0.48,0.07,0.48,0.14,28.6,0.48,0.14,0.14,0.5,15.7,0.0,0.0,0.0,0.07,0.03,0.03,67.3,3.84,22.5,28.2,17.1,1.44,67.3,0.21,42.9,0.21,42.9,37.1,0.07,1.58,0.62,42.9,1.71,1.03,1.03,1.71,1.03,48.4,1.1,0.89,0.55,1.37,3.08,3.42,0.0,1.64,1.64,0.0,0.0,0.07,0.0,0.07,0.0,0.14,0.14,0.0,0.0,0.07,0.0,0.07,0.0,0.0,1.1,1.1,0.07,3.08,1.37,1.03,0.0,0.0,0.0,4.04,1.1,51.6,,,,,,,,,,,,,,,,,,,,,,,,,,,,,Ronald Hernández,DF,Atlanta Utd,28-074,Ronald Hernández,Standard,2025,Ronald Hernández,2025.0,275000.0,290750.0,0.004794520547945206,0.004794520547945206,0.002054794520547945,0.04000000000000001,5.41,3.08,DF,Standard,0,DF
9803878661,3,2025,26,24,2066,23.0,0.0,0.09,0.09,0.0,0.0,0.0,0.43,0.09,0.03,0.03,0.13,0.16,1.7,3.96,3.26,0.0,0.09,0.09,0.0,0.09,0.03,0.12,0.16,0.03,0.16,23.0,37.6,13.8,16.4,6.83,50.0,16.2,20.1,11.4,75.2,85.2,81.4,59.9,769.0,281.0,37.6,13.8,16.4,6.83,50.0,16.2,20.1,11.4,75.2,85.2,81.4,59.9,37.6,13.8,16.4,6.83,50.0,16.2,20.1,11.4,75.2,85.2,81.4,59.9,37.6,13.8,16.4,6.83,50.0,16.2,20.1,11.4,75.2,85.2,81.4,59.9,0.09,0.18,-0.04,1.57,2.3,1.61,0.83,0.0,0.7,0.17,25.0,0.7,0.17,0.0,0.0,23.6,0.09,0.0,0.0,0.05,-0.03,-0.03,60.3,3.39,18.3,25.9,16.7,1.13,60.3,0.7,44.4,0.83,52.8,30.8,0.39,0.91,0.61,33.1,1.57,1.13,0.87,1.57,1.13,70.3,0.48,1.26,0.83,1.22,2.78,2.87,0.09,3.26,3.27,0.04,0.04,0.0,0.0,0.04,0.0,0.3,0.3,0.04,0.04,0.0,0.0,0.04,0.0,0.04,1.22,0.48,0.04,5.17,1.22,0.87,0.0,0.0,0.0,4.13,1.43,62.3,,,,,,,,,,,,,,,,,,,,,,,,,,,,,Aaron Herrera,"DF,MF",D.C. United,28-181,Aaron Herrera,TAM Player,2025,,,,,0.0,0.003913043478260869,0.0013043478260869564,-0.03,5.66,2.79,DF,TAM,0,DF
6356687176,1,2025,20,15,1369,15.2,0.26,0.13,0.39,0.26,0.0,0.0,0.07,0.0,0.19,0.19,0.14,0.34,1.84,4.34,9.8,0.26,0.13,0.39,0.26,0.39,0.19,0.15,0.34,0.19,0.34,15.2,33.8,21.2,10.3,1.32,43.6,24.2,13.3,3.29,77.4,87.5,77.7,40.0,475.5,186.6,33.8,21.2,10.3,1.32,43.6,24.2,13.3,3.29,77.4,87.5,77.7,40.0,33.8,21.2,10.3,1.32,43.6,24.2,13.3,3.29,77.4,87.5,77.7,40.0,33.8,21.2,10.3,1.32,43.6,24.2,13.3,3.29,77.4,87.5,77.7,40.0,0.13,0.18,-0.01,1.05,3.36,1.45,0.53,0.26,1.58,0.46,29.2,1.58,0.46,0.17,0.57,17.1,0.07,0.0,0.0,0.12,0.07,0.07,55.5,1.58,11.1,22.2,22.4,3.68,55.5,0.66,58.8,0.46,41.2,32.2,0.86,0.92,0.59,38.6,2.11,0.92,1.45,2.11,0.92,50.0,0.92,2.11,1.84,1.32,3.42,2.3,0.0,2.17,2.17,0.13,0.0,0.0,0.0,0.07,0.0,0.26,0.26,0.13,0.0,0.0,0.0,0.07,0.0,0.0,1.32,0.99,1.05,2.76,1.32,1.45,0.0,0.0,0.0,2.04,0.72,39.3,,,,,,,,,,,,,,,,,,,,,,,,,,,,,Marcelo Herrera,DF,Columbus Crew,27-031,,,,,,,,0.017105263157894738,0.008552631578947369,0.0125,0.07,6.18,3.4299999999999997,DF,Unknown,0,DF
4839683244,3,2025,18,8,821,9.1,0.0,0.0,0.0,0.0,0.0,0.0,0.55,0.11,0.04,0.04,0.02,0.07,2.2,4.73,2.97,0.0,0.0,0.0,0.0,0.0,0.04,0.02,0.06,0.04,0.06,9.1,54.3,26.4,21.6,4.95,64.2,28.5,25.4,8.13,84.6,92.7,85.3,60.8,940.1,308.5,54.3,26.4,21.6,4.95,64.2,28.5,25.4,8.13,84.6,92.7,85.3,60.8,54.3,26.4,21.6,4.95,64.2,28.5,25.4,8.13,84.6,92.7,85.3,60.8,54.3,26.4,21.6,4.95,64.2,28.5,25.4,8.13,84.6,92.7,85.3,60.8,0.0,0.03,-0.02,0.44,3.08,0.44,0.22,0.0,0.77,0.33,42.9,0.77,0.33,0.0,0.0,23.6,0.0,0.0,0.0,0.06,-0.04,-0.04,74.8,5.05,28.6,35.1,11.5,0.88,74.8,0.22,50.0,0.11,25.0,41.9,0.44,0.66,0.33,48.7,2.09,1.32,1.21,2.09,1.32,46.2,1.54,1.1,0.44,0.88,2.97,4.4,0.11,1.87,1.86,0.0,0.0,0.0,0.0,0.0,0.0,0.11,0.11,0.0,0.0,0.0,0.0,0.0,0.0,0.11,1.21,0.77,0.0,0.77,0.88,1.21,0.0,0.0,0.0,3.63,0.77,50.0,,,,,,,,,,,,,,,,,,,,,,,,,,,,,Bode Hidalgo,DF,CF Montréal,23-285,Bode Hidalgo,Standard,2027,Bode Hidalgo,2025.0,275000.0,305800.0,0.0,0.0,0.004395604395604396,-0.04,6.930000000000001,2.9699999999999998,DF,Standard,0,DF
4839683244,4,2025,18,8,821,9.1,0.0,0.0,0.0,0.0,0.0,0.0,0.55,0.11,0.04,0.04,0.02,0.07,2.2,4.73,2.97,0.0,0.0,0.0,0.0,0.0,0.04,0.02,0.06,0.04,0.06,9.1,54.3,26.4,21.6,4.95,64.2,28.5,25.4,8.13,84.6,92.7,85.3,60.8,940.1,308.5,54.3,26.4,21.6,4.95,64.2,28.5,25.4,8.13,84.6,92.7,85.3,60.8,54.3,26.4,21.6,4.95,64.2,28.5,25.4,8.13,84.6,92.7,85.3,60.8,54.3,26.4,21.6,4.95,64.2,28.5,25.4,8.13,84.6,92.7,85.3,60.8,0.0,0.03,-0.02,0.44,3.08,0.44,0.22,0.0,0.77,0.33,42.9,0.77,0.33,0.0,0.0,23.6,0.0,0.0,0.0,0.06,-0.04,-0.04,74.8,5.05,28.6,35.1,11.5,0.88,74.8,0.22,50.0,0.11,25.0,41.9,0.44,0.66,0.33,48.7,2.09,1.32,1.21,2.09,1.32,46.2,1.54,1.1,0.44,0.88,2.97,4.4,0.11,1.87,1.86,0.0,0.0,0.0,0.0,0.0,0.0,0.11,0.11,0.0,0.0,0.0,0.0,0.0,0.0,0.11,1.21,0.77,0.0,0.77,0.88,1.21,0.0,0.0,0.0,3.63,0.77,50.0,,,,,,,,,,,,,,,,,,,,,,,,,,,,,Bode Hidalgo,DF,CF Montréal,23-285,Bode Hidalgo,Standard,2027,Bode Hidalgo,2025.0,275000.0,305800.0,0.0,0.0,0.004395604395604396,-0.04,6.930000000000001,2.9699999999999998,DF,Standard,0,DF
4839683244,3,2025,6,4,349,3.9,0.0,0.0,0.0,0.0,0.0,0.0,0.26,0.0,0.05,0.05,0.05,0.1,1.28,3.59,2.05,0.0,0.0,0.0,0.0,0.0,0.05,0.06,0.11,0.05,0.11,3.9,40.3,16.9,17.9,3.59,48.5,19.2,21.0,5.38,83.1,88.0,85.4,66.7,690.8,249.2,40.3,16.9,17.9,3.59,48.5,19.2,21.0,5.38,83.1,88.0,85.4,66.7,40.3,16.9,17.9,3.59,48.5,19.2,21.0,5.38,83.1,88.0,85.4,66.7,40.3,16.9,17.9,3.59,48.5,19.2,21.0,5.38,83.1,88.0,85.4,66.7,0.0,0.08,-0.05,0.51,3.59,1.03,0.0,0.0,0.51,0.26,50.0,0.52,0.26,0.0,0.0,16.9,0.0,0.0,0.0,0.09,-0.05,-0.05,59.0,2.56,19.0,27.9,12.1,0.26,59.0,0.77,33.3,1.54,66.7,34.6,0.0,1.28,0.0,37.4,2.56,1.28,1.03,2.56,1.28,55.6,1.03,0.51,0.26,0.77,3.33,1.28,0.0,1.54,1.55,0.0,0.0,0.0,0.0,0.0,0.0,0.26,0.26,0.0,0.0,0.0,0.0,0.0,0.0,0.0,1.28,1.03,0.0,0.77,0.77,1.03,0.0,0.0,0.0,4.1,0.26,50.0,,,,,,,,,,,,,,,,,,,,,,,,,,,,,Bode Hidalgo,DF,CF Montréal,23-285,Bode Hidalgo,Standard,2027,Bode Hidalgo,2025.0,275000.0,305800.0,0.0,0.0,0.012820512820512822,-0.05,4.87,3.33,DF,Standard,0,DF
4839683244,4,2025,6,4,349,3.9,0.0,0.0,0.0,0.0,0.0,0.0,0.26,0.0,0.05,0.05,0.05,0.1,1.28,3.59,2.05,0.0,0.0,0.0,0.0,0.0,0.05,0.06,0.11,0.05,0.11,3.9,40.3,16.9,17.9,3.59,48.5,19.2,21.0,5.38,83.1,88.0,85.4,66.7,690.8,249.2,40.3,16.9,17.9,3.59,48.5,19.2,21.0,5.38,83.1,88.0,85.4,66.7,40.3,16.9,17.9,3.59,48.5,19.2,21.0,5.38,83.1,88.0,85.4,66.7,40.3,16.9,17.9,3.59,48.5,19.2,21.0,5.38,83.1,88.0,85.4,66.7,0.0,0.08,-0.05,0.51,3.59,1.03,0.0,0.0,0.51,0.26,50.0,0.52,0.26,0.0,0.0,16.9,0.0,0.0,0.0,0.09,-0.05,-0.05,59.0,2.56,19.0,27.9,12.1,0.26,59.0,0.77,33.3,1.54,66.7,34.6,0.0,1.28,0.0,37.4,2.56,1.28,1.03,2.56,1.28,55.6,1.03,0.51,0.26,0.77,3.33,1.28,0.0,1.54,1.55,0.0,0.0,0.0,0.0,0.0,0.0,0.26,0.26,0.0,0.0,0.0,0.0,0.0,0.0,0.0,1.28,1.03,0.0,0.77,0.77,1.03,0.0,0.0,0.0,4.1,0.26,50.0,,,,,,,,,,,,,,,,,,,,,,,,,,,,,Bode Hidalgo,DF,CF Montréal,23-285,Bode Hidalgo,Standard,2027,Bode Hidalgo,2025.0,275000.0,305800.0,0.0,0.0,0.012820512820512822,-0.05,4.87,3.33,DF,Standard,0,DF
2591821041,1,2025,22,19,1692,18.8,0.05,0.05,0.11,0.05,0.0,0.0,0.16,0.0,0.06,0.06,0.02,0.08,0.64,3.3,0.9,0.05,0.05,0.11,0.05,0.11,0.06,0.02,0.08,0.06,0.08,18.8,38.9,17.3,18.5,2.55,47.0,18.8,20.9,5.53,82.8,91.8,88.3,46.2,674.9,245.6,38.9,17.3,18.5,2.55,47.0,18.8,20.9,5.53,82.8,91.8,88.3,46.2,38.9,17.3,18.5,2.55,47.0,18.8,20.9,5.53,82.8,91.8,88.3,46.2,38.9,17.3,18.5,2.55,47.0,18.8,20.9,5.53,82.8,91.8,88.3,46.2,0.05,0.04,0.04,0.27,2.39,0.32,0.11,0.05,0.21,0.05,25.0,0.21,0.05,0.25,1.0,8.3,0.0,0.0,0.0,0.29,-0.01,-0.01,57.8,6.22,27.1,25.1,5.9,0.69,57.8,0.21,57.1,0.16,42.9,30.2,0.05,0.48,0.48,35.4,1.12,0.53,0.43,1.12,0.53,66.7,0.27,1.81,0.8,0.48,1.6,4.89,0.0,0.64,0.64,0.0,0.0,0.0,0.0,0.0,0.0,0.11,0.11,0.0,0.0,0.0,0.0,0.0,0.0,0.0,0.8,0.32,0.05,0.59,0.48,0.43,0.0,0.0,0.0,3.72,1.33,49.0,,,,,,,,,,,,,,,,,,,,,,,,,,,,,Kyle Hiebert,DF,St. Louis,28-127,Kyle Hiebert,Standard,2026,Kyle Hiebert,2025.0,240000.0,269000.0,0.0026595744680851063,0.0026595744680851063,0.0031914893617021275,-0.009999999999999995,3.94,1.6,DF,Standard,0,DF
3080978774,2,2025,31,31,2761,30.7,0.0,0.03,0.03,0.0,0.0,0.0,0.13,0.03,0.04,0.04,0.02,0.06,0.42,1.92,0.07,0.0,0.03,0.03,0.0,0.03,0.04,0.02,0.06,0.04,0.06,30.7,43.8,12.3,27.2,3.97,48.0,12.7,28.6,6.16,91.1,96.7,95.1,64.6,859.3,301.0,43.8,12.3,27.2,3.97,48.0,12.7,28.6,6.16,91.1,96.7,95.1,64.6,43.8,12.3,27.2,3.97,48.0,12.7,28.6,6.16,91.1,96.7,95.1,64.6,43.8,12.3,27.2,3.97,48.0,12.7,28.6,6.16,91.1,96.7,95.1,64.6,0.03,0.02,0.01,0.07,2.44,0.07,0.0,0.0,0.33,0.0,0.0,0.33,0.0,0.0,,12.4,0.0,0.0,0.0,0.11,-0.04,-0.04,57.8,9.97,31.8,24.3,1.89,0.52,57.8,0.16,100.0,0.0,0.0,36.3,0.03,0.49,0.07,41.4,0.55,0.13,0.36,0.55,0.13,40.0,0.2,1.14,0.2,0.49,1.04,6.12,0.1,0.33,0.33,0.03,0.0,0.03,0.0,0.0,0.0,0.07,0.07,0.03,0.0,0.03,0.0,0.0,0.0,0.03,0.59,0.68,0.0,0.13,0.49,0.36,0.0,0.0,0.0,2.35,1.07,62.3,,,,,,,,,,,,,,,,,,,,,,,,,,,,,Brendan Hines-Ike,DF,Austin,31-004,Brendan Hines-Ike,Standard,2025,Brendan Hines-Ike,2025.0,325000.0,325000.0,0.0,0.000977198697068404,0.0013029315960912053,-0.04,2.34,1.04,DF,Standard,0,DF
4947278742,3,2025,34,27,2379,26.4,0.11,0.04,0.15,0.11,0.0,0.0,0.04,0.0,0.15,0.15,0.08,0.23,1.93,2.54,4.39,0.11,0.04,0.15,0.11,0.15,0.15,0.08,0.23,0.15,0.23,26.4,19.6,10.7,6.36,1.44,25.2,12.9,7.54,2.46,77.7,82.7,84.4,58.5,292.1,81.6,19.6,10.7,6.36,1.44,25.2,12.9,7.54,2.46,77.7,82.7,84.4,58.5,19.6,10.7,6.36,1.44,25.2,12.9,7.54,2.46,77.7,82.7,84.4,58.5,19.6,10.7,6.36,1.44,25.2,12.9,7.54,2.46,77.7,82.7,84.4,58.5,0.04,0.09,-0.05,0.76,1.4,0.64,0.15,0.11,1.17,0.38,32.3,1.17,0.38,0.1,0.3,15.4,0.0,0.0,0.0,0.13,-0.03,-0.03,37.8,2.88,10.6,16.8,11.0,2.58,37.8,0.95,36.2,1.33,50.7,19.9,0.8,1.93,1.36,22.1,1.52,0.95,1.06,1.52,0.95,52.1,0.87,0.64,0.49,0.95,2.46,2.99,0.0,2.5,2.5,0.15,0.0,0.3,0.08,0.0,0.0,0.27,0.26,0.15,0.0,0.3,0.08,0.0,0.0,0.0,1.06,1.86,0.3,0.68,0.95,1.06,0.04,0.0,0.0,4.39,0.83,39.3,,,,,,,,,,,,,,,,,,,,,,,,,,,,,Bongokuhle Hlongwane,"DF,MF",Minnesota Utd,25-167,Bongokuhle Hlongwane,TAM Player,2027,Bongokuhle Hlongwane,2025.0,1000000.0,1142500.0,0.004166666666666667,0.0015151515151515154,0.005681818181818182,-0.039999999999999994,4.47,2.4699999999999998,DF,TAM,0,DF
5988767036,1,2025,6,6,526,5.8,0.0,0.0,0.0,0.0,0.0,0.0,0.17,0.0,0.07,0.07,0.0,0.07,1.03,5.34,0.52,0.0,0.0,0.0,0.0,0.0,0.06,0.0,0.06,0.06,0.06,5.8,61.9,20.7,32.1,8.28,70.0,21.9,35.3,11.4,88.4,94.5,90.7,72.7,1228.3,466.9,61.9,20.7,32.1,8.28,70.0,21.9,35.3,11.4,88.4,94.5,90.7,72.7,61.9,20.7,32.1,8.28,70.0,21.9,35.3,11.4,88.4,94.5,90.7,72.7,61.9,20.7,32.1,8.28,70.0,21.9,35.3,11.4,88.4,94.5,90.7,72.7,0.0,0.03,0.0,0.0,4.31,0.34,0.0,0.0,0.86,0.34,40.0,0.86,0.34,0.0,0.0,12.8,0.0,0.0,0.0,0.07,-0.07,-0.07,81.6,9.48,38.4,39.3,4.31,1.21,81.6,0.34,50.0,0.34,50.0,48.3,0.0,0.52,0.0,58.3,1.38,0.34,1.03,1.38,0.34,22.2,1.21,1.55,0.0,1.38,2.76,5.34,0.17,0.52,0.51,0.0,0.0,0.0,0.0,0.0,0.0,0.0,0.0,0.0,0.0,0.0,0.0,0.0,0.0,0.0,1.03,0.0,0.0,0.34,1.38,1.03,0.0,0.0,0.0,4.66,3.1,66.7,,,,,,,,,,,,,,,,,,,,,,,,,,,,,Rob Holding,DF,Colorado Rapids,30-075,,,,Rob Holding,2025.0,1200000.0,1200000.0,0.0,0.0,0.012068965517241381,-0.07,6.37,2.76,DF,Unknown,0,DF
6828446652,2,2025,31,22,2109,23.4,0.09,0.13,0.21,0.09,0.0,0.0,0.21,0.0,0.17,0.17,0.14,0.31,3.12,5.77,6.2,0.09,0.13,0.21,0.09,0.21,0.17,0.14,0.31,0.17,0.31,23.4,49.4,26.5,19.4,2.44,58.1,29.7,22.5,3.55,85.1,89.3,86.5,68.7,755.3,230.4,49.4,26.5,19.4,2.44,58.1,29.7,22.5,3.55,85.1,89.3,86.5,68.7,49.4,26.5,19.4,2.44,58.1,29.7,22.5,3.55,85.1,89.3,86.5,68.7,49.4,26.5,19.4,2.44,58.1,29.7,22.5,3.55,85.1,89.3,86.5,68.7,0.13,0.12,-0.01,1.11,4.19,0.81,0.09,0.09,0.9,0.38,42.9,0.9,0.38,0.1,0.22,10.2,0.0,0.0,0.0,0.19,-0.09,-0.09,69.8,3.85,17.3,32.8,20.3,3.5,69.8,0.56,41.9,0.68,51.6,37.6,0.68,1.28,0.38,46.7,1.92,1.11,1.24,1.92,1.11,61.9,0.68,1.15,0.77,1.32,3.25,3.12,0.0,2.65,2.65,0.04,0.04,0.13,0.04,0.17,0.0,0.26,0.26,0.04,0.04,0.13,0.04,0.17,0.0,0.0,1.03,0.94,0.21,0.94,1.32,1.24,0.04,0.09,0.0,3.89,2.22,58.4,,,,,,,,,,,,,,,,,,,,,,,,,,,,,Ryan Hollingshead,"DF,MF",LAFC,34-232,Ryan Hollingshead,Standard,2025,Ryan Hollingshead,2025.0,642500.0,642500.0,0.0038461538461538464,0.005555555555555556,0.007264957264957266,-0.08000000000000002,8.89,3.24,DF,Standard,0,DF
3919969617,1,2025,9,9,719,8.0,0.0,0.13,0.13,0.0,0.0,0.0,0.25,0.0,0.0,0.0,0.13,0.14,2.38,3.0,3.5,0.0,0.13,0.13,0.0,0.13,0.01,0.13,0.13,0.01,0.13,8.0,40.6,18.9,18.1,3.25,51.3,20.5,22.0,7.25,79.3,92.1,82.4,44.8,699.3,264.0,40.6,18.9,18.1,3.25,51.3,20.5,22.0,7.25,79.3,92.1,82.4,44.8,40.6,18.9,18.1,3.25,51.3,20.5,22.0,7.25,79.3,92.1,82.4,44.8,40.6,18.9,18.1,3.25,51.3,20.5,22.0,7.25,79.3,92.1,82.4,44.8,0.13,0.06,0.0,0.88,1.63,0.88,0.38,0.0,0.25,0.0,0.0,0.25,0.0,0.0,,25.5,0.0,0.0,0.0,0.02,0.0,0.0,59.3,3.63,26.0,23.1,10.4,0.38,59.3,0.13,20.0,0.25,40.0,31.0,0.25,0.5,0.25,36.6,1.63,1.13,1.0,1.63,1.13,81.8,0.25,0.75,0.63,0.5,2.13,2.38,0.0,1.5,1.5,0.0,0.0,0.13,0.0,0.0,0.0,0.13,0.13,0.0,0.0,0.13,0.0,0.0,0.0,0.0,0.25,1.0,0.0,2.63,0.5,1.0,0.0,0.0,0.0,4.0,0.13,12.5,,,,,,,,,,,,,,,,,,,,,,,,,,,,,Jannes Horn,DF,St. Louis,28-301,Jannes Horn,Standard,June 2025,,,,,0.0,0.01625,0.0,0.0,5.38,2.13,DF,Standard,0,DF
6133774097,2,2025,7,4,369,4.1,0.0,0.0,0.0,0.0,0.0,0.0,0.49,0.0,0.02,0.02,0.0,0.02,0.0,3.66,0.24,0.0,0.0,0.0,0.0,0.0,0.02,0.01,0.03,0.02,0.03,4.1,45.9,18.5,23.9,2.93,52.2,20.0,25.9,5.37,87.9,92.7,92.5,54.5,793.7,287.1,45.9,18.5,23.9,2.93,52.2,20.0,25.9,5.37,87.9,92.7,92.5,54.5,45.9,18.5,23.9,2.93,52.2,20.0,25.9,5.37,87.9,92.7,92.5,54.5,45.9,18.5,23.9,2.93,52.2,20.0,25.9,5.37,87.9,92.7,92.5,54.5,0.0,0.0,0.0,0.24,3.9,0.0,0.0,0.0,0.24,0.0,0.0,0.24,0.0,0.0,,8.7,0.0,0.0,0.0,0.08,-0.02,-0.02,64.1,9.02,32.0,28.3,4.15,0.98,64.1,0.0,,0.0,,36.6,0.0,0.24,0.24,41.7,2.68,0.98,1.71,2.68,0.98,66.7,0.49,0.98,0.0,1.71,4.39,5.37,0.0,0.0,0.0,0.0,0.0,0.0,0.0,0.0,0.0,0.0,0.0,0.0,0.0,0.0,0.0,0.0,0.0,0.0,2.2,1.22,0.0,0.24,1.71,1.71,0.0,0.24,0.0,2.93,2.44,62.5,,,,,,,,,,,,,,,,,,,,,,,,,,,,,Keegan Hughes,DF,NE Revolution,25-135,Keegan Hughes,Standard,2025,Keegan Hughes,2025.0,104000.0,104000.0,0.0,0.0,0.004878048780487806,-0.02,3.66,4.390000000000001,DF,Standard,0,DF
7121043783,1,2025,33,30,2763,30.7,0.03,0.0,0.03,0.03,0.0,0.0,0.13,0.03,0.06,0.06,0.02,0.07,0.0,2.18,0.1,0.03,0.0,0.03,0.03,0.03,0.05,0.02,0.08,0.05,0.08,30.7,26.7,9.12,14.9,2.48,31.7,10.0,16.4,4.33,84.3,91.2,90.9,57.1,508.6,218.7,26.7,9.12,14.9,2.48,31.7,10.0,16.4,4.33,84.3,91.2,90.9,57.1,26.7,9.12,14.9,2.48,31.7,10.0,16.4,4.33,84.3,91.2,90.9,57.1,26.7,9.12,14.9,2.48,31.7,10.0,16.4,4.33,84.3,91.2,90.9,57.1,0.0,0.02,-0.02,0.23,1.99,0.2,0.0,0.03,0.49,0.23,46.7,0.49,0.23,0.07,0.14,9.7,0.0,0.0,0.0,0.11,-0.02,-0.02,42.3,7.95,24.2,16.5,1.73,0.81,42.3,0.03,100.0,0.0,0.0,17.6,0.0,0.33,0.0,22.1,0.65,0.29,0.36,0.65,0.29,64.3,0.16,1.21,0.23,0.78,1.43,6.45,0.0,0.36,0.36,0.0,0.0,0.0,0.0,0.0,0.0,0.0,0.0,0.0,0.0,0.0,0.0,0.0,0.0,0.0,0.59,0.33,0.07,0.03,0.78,0.36,0.0,0.03,0.0,2.51,2.21,65.4,,,,,,,,,,,,,,,,,,,,,,,,,,,,,Sebastien Ibeagha,DF,FC Dallas,33-317,Sebastien Ibeagha,Standard,2025,Sebastien Ibeagha,2025.0,675000.0,738625.0,0.000977198697068404,0.0,0.001954397394136808,-0.03,2.18,1.4300000000000002,DF,Standard,0,DF
6473847640,2,2025,8,2,176,2.0,0.0,0.0,0.0,0.0,0.0,0.0,0.5,0.0,0.15,0.15,0.0,0.15,1.5,2.0,11.5,0.0,0.0,0.0,0.0,0.0,0.14,0.02,0.16,0.14,0.16,2.0,24.0,13.0,8.5,0.5,36.0,17.5,11.0,1.5,66.7,74.3,77.3,33.3,321.0,46.5,24.0,13.0,8.5,0.5,36.0,17.5,11.0,1.5,66.7,74.3,77.3,33.3,24.0,13.0,8.5,0.5,36.0,17.5,11.0,1.5,66.7,74.3,77.3,33.3,24.0,13.0,8.5,0.5,36.0,17.5,11.0,1.5,66.7,74.3,77.3,33.3,0.0,0.0,0.0,1.0,2.0,0.0,0.0,0.0,1.0,0.5,50.0,1.02,0.51,0.0,0.0,10.4,0.0,0.0,0.0,0.13,-0.15,-0.15,51.5,1.0,12.5,19.5,20.5,2.0,51.5,2.0,50.0,2.0,50.0,28.0,0.0,3.0,3.0,35.0,4.0,1.0,3.0,4.0,1.0,66.7,0.5,2.0,2.0,1.0,5.0,1.0,0.0,1.5,1.53,0.0,0.0,0.0,0.0,0.0,0.0,0.0,0.0,0.0,0.0,0.0,0.0,0.0,0.0,0.0,3.0,0.5,2.0,0.5,1.0,3.0,0.0,0.0,0.0,6.5,1.5,50.0,,,,,,,,,,,,,,,,,,,,,,,,,,,,,Aliyu Ibrahim,"FW,DF",Columbus Crew,23-322,,,,,,,,0.0,0.0,0.075,-0.15,3.5,5.0,DF,Unknown,0,DF
6473847640,3,2025,8,2,176,2.0,0.0,0.0,0.0,0.0,0.0,0.0,0.5,0.0,0.15,0.15,0.0,0.15,1.5,2.0,11.5,0.0,0.0,0.0,0.0,0.0,0.14,0.02,0.16,0.14,0.16,2.0,24.0,13.0,8.5,0.5,36.0,17.5,11.0,1.5,66.7,74.3,77.3,33.3,321.0,46.5,24.0,13.0,8.5,0.5,36.0,17.5,11.0,1.5,66.7,74.3,77.3,33.3,24.0,13.0,8.5,0.5,36.0,17.5,11.0,1.5,66.7,74.3,77.3,33.3,24.0,13.0,8.5,0.5,36.0,17.5,11.0,1.5,66.7,74.3,77.3,33.3,0.0,0.0,0.0,1.0,2.0,0.0,0.0,0.0,1.0,0.5,50.0,1.02,0.51,0.0,0.0,10.4,0.0,0.0,0.0,0.13,-0.15,-0.15,51.5,1.0,12.5,19.5,20.5,2.0,51.5,2.0,50.0,2.0,50.0,28.0,0.0,3.0,3.0,35.0,4.0,1.0,3.0,4.0,1.0,66.7,0.5,2.0,2.0,1.0,5.0,1.0,0.0,1.5,1.53,0.0,0.0,0.0,0.0,0.0,0.0,0.0,0.0,0.0,0.0,0.0,0.0,0.0,0.0,0.0,3.0,0.5,2.0,0.5,1.0,3.0,0.0,0.0,0.0,6.5,1.5,50.0,,,,,,,,,,,,,,,,,,,,,,,,,,,,,Aliyu Ibrahim,"FW,DF",Columbus Crew,23-322,,,,,,,,0.0,0.0,0.075,-0.15,3.5,5.0,DF,Unknown,0,DF
6473847640,2,2025,23,12,1204,13.4,0.22,0.15,0.37,0.22,0.0,0.0,0.15,0.0,0.25,0.25,0.22,0.47,2.84,1.87,13.0,0.22,0.15,0.37,0.22,0.37,0.25,0.22,0.47,0.25,0.47,13.4,25.9,16.4,7.69,0.37,32.0,19.0,9.33,0.97,80.9,86.6,82.4,38.5,338.4,64.5,25.9,16.4,7.69,0.37,32.0,19.0,9.33,0.97,80.9,86.6,82.4,38.5,25.9,16.4,7.69,0.37,32.0,19.0,9.33,0.97,80.9,86.6,82.4,38.5,25.9,16.4,7.69,0.37,32.0,19.0,9.33,0.97,80.9,86.6,82.4,38.5,0.15,0.16,-0.07,1.64,0.67,1.27,0.37,0.22,1.79,0.45,25.0,1.79,0.45,0.13,0.5,12.0,0.0,0.0,0.0,0.14,-0.03,-0.03,43.6,1.04,5.45,12.7,26.0,6.34,43.6,1.34,48.6,1.34,48.6,26.9,1.57,2.31,2.01,31.9,1.79,0.97,1.04,1.79,0.97,65.0,0.52,1.04,0.82,0.45,2.24,0.75,0.07,3.06,3.06,0.15,0.0,0.0,0.0,0.15,0.07,0.3,0.3,0.15,0.0,0.0,0.0,0.15,0.07,0.0,1.64,0.45,1.34,1.72,0.45,1.04,0.0,0.0,0.0,3.73,1.04,37.8,,,,,,,,,,,,,,,,,,,,,,,,,,,,,Aliyu Ibrahim,"FW,DF",Columbus Crew,23-322,,,,,,,,0.016417910447761194,0.011194029850746268,0.018656716417910446,-0.03,4.71,2.24,DF,Unknown,0,DF
6473847640,3,2025,23,12,1204,13.4,0.22,0.15,0.37,0.22,0.0,0.0,0.15,0.0,0.25,0.25,0.22,0.47,2.84,1.87,13.0,0.22,0.15,0.37,0.22,0.37,0.25,0.22,0.47,0.25,0.47,13.4,25.9,16.4,7.69,0.37,32.0,19.0,9.33,0.97,80.9,86.6,82.4,38.5,338.4,64.5,25.9,16.4,7.69,0.37,32.0,19.0,9.33,0.97,80.9,86.6,82.4,38.5,25.9,16.4,7.69,0.37,32.0,19.0,9.33,0.97,80.9,86.6,82.4,38.5,25.9,16.4,7.69,0.37,32.0,19.0,9.33,0.97,80.9,86.6,82.4,38.5,0.15,0.16,-0.07,1.64,0.67,1.27,0.37,0.22,1.79,0.45,25.0,1.79,0.45,0.13,0.5,12.0,0.0,0.0,0.0,0.14,-0.03,-0.03,43.6,1.04,5.45,12.7,26.0,6.34,43.6,1.34,48.6,1.34,48.6,26.9,1.57,2.31,2.01,31.9,1.79,0.97,1.04,1.79,0.97,65.0,0.52,1.04,0.82,0.45,2.24,0.75,0.07,3.06,3.06,0.15,0.0,0.0,0.0,0.15,0.07,0.3,0.3,0.15,0.0,0.0,0.0,0.15,0.07,0.0,1.64,0.45,1.34,1.72,0.45,1.04,0.0,0.0,0.0,3.73,1.04,37.8,,,,,,,,,,,,,,,,,,,,,,,,,,,,,Aliyu Ibrahim,"FW,DF",Columbus Crew,23-322,,,,,,,,0.016417910447761194,0.011194029850746268,0.018656716417910446,-0.03,4.71,2.24,DF,Unknown,0,DF
8492165579,1,2025,19,10,1092,12.1,0.17,0.17,0.33,0.17,0.0,0.0,0.08,0.0,0.07,0.07,0.07,0.13,1.4,4.63,4.3,0.16,0.16,0.33,0.16,0.33,0.06,0.07,0.13,0.06,0.13,12.1,51.4,30.4,17.2,3.22,63.8,34.0,20.6,6.53,80.6,89.5,83.5,49.4,799.3,291.6,51.4,30.4,17.2,3.22,63.8,34.0,20.6,6.53,80.6,89.5,83.5,49.4,51.4,30.4,17.2,3.22,63.8,34.0,20.6,6.53,80.6,89.5,83.5,49.4,51.4,30.4,17.2,3.22,63.8,34.0,20.6,6.53,80.6,89.5,83.5,49.4,0.17,0.07,0.1,0.58,4.63,0.83,0.41,0.17,0.99,0.33,33.3,0.99,0.33,0.17,0.5,19.5,0.0,0.0,0.0,0.06,0.1,0.1,74.7,2.98,24.5,32.7,18.1,1.24,74.7,0.5,46.2,0.58,53.8,41.1,0.08,1.07,1.07,48.3,0.91,0.66,0.5,0.91,0.66,61.5,0.41,0.83,0.74,1.07,1.98,3.55,0.0,1.4,1.4,0.0,0.0,0.08,0.0,0.0,0.0,0.17,0.16,0.0,0.0,0.08,0.0,0.0,0.0,0.0,0.66,1.4,0.0,2.48,1.07,0.5,0.0,0.0,0.0,4.46,1.07,72.2,,,,,,,,,,,,,,,,,,,,,,,,,,,,,Mitja Ilenič,DF,NYCFC,20-343,,,,Mitja Ilenič,2025.0,300000.0,391700.0,0.014049586776859505,0.014049586776859505,0.005785123966942149,0.1,6.029999999999999,1.98,DF,Unknown,0,DF
8470524966,1,2025,16,12,1029,11.4,0.0,0.0,0.0,0.0,0.0,0.0,0.09,0.0,0.04,0.04,0.01,0.05,0.44,3.07,0.18,0.0,0.0,0.0,0.0,0.0,0.04,0.01,0.05,0.04,0.05,11.4,53.5,12.7,33.7,6.75,59.3,14.0,35.0,8.95,90.2,90.6,96.2,75.5,1121.8,378.8,53.5,12.7,33.7,6.75,59.3,14.0,35.0,8.95,90.2,90.6,96.2,75.5,53.5,12.7,33.7,6.75,59.3,14.0,35.0,8.95,90.2,90.6,96.2,75.5,53.5,12.7,33.7,6.75,59.3,14.0,35.0,8.95,90.2,90.6,96.2,75.5,0.0,0.02,-0.01,0.18,3.51,0.09,0.0,0.0,0.44,0.0,0.0,0.44,0.0,0.0,,8.1,0.0,0.0,0.0,0.09,-0.04,-0.04,67.5,7.72,36.9,28.2,2.46,1.49,67.5,0.09,50.0,0.09,50.0,45.9,0.0,0.09,0.0,52.3,0.7,0.26,0.7,0.7,0.26,100.0,0.0,0.61,0.09,0.35,1.05,5.26,0.09,0.26,0.26,0.0,0.0,0.0,0.0,0.0,0.0,0.0,0.0,0.0,0.0,0.0,0.0,0.0,0.0,0.0,0.44,0.09,0.09,0.18,0.35,0.7,0.0,0.0,0.0,2.28,2.63,71.4,,,,,,,,,,,,,,,,,,,,,,,,,,,,,Bjørn Inge Utvik,DF,Vancouver W'caps,29-279,Bjørn Inge Utvik,Standard,2025,,,,,0.0,0.0,0.0035087719298245615,-0.04,3.51,1.0499999999999998,DF,Standard,0,DF
356104017,1,2025,1,1,88,1.0,0.0,0.0,0.0,0.0,0.0,0.0,1.0,0.0,0.0,0.0,0.0,0.0,5.0,5.0,2.0,0.0,0.0,0.0,0.0,0.0,0.0,0.0,0.0,0.0,0.0,1.0,59.0,25.0,29.0,5.0,70.0,26.0,34.0,10.0,84.3,96.2,85.3,50.0,1083.0,283.0,59.0,25.0,29.0,5.0,70.0,26.0,34.0,10.0,84.3,96.2,85.3,50.0,59.0,25.0,29.0,5.0,70.0,26.0,34.0,10.0,84.3,96.2,85.3,50.0,59.0,25.0,29.0,5.0,70.0,26.0,34.0,10.0,84.3,96.2,85.3,50.0,0.0,0.0,0.0,0.0,9.0,0.0,0.0,0.0,0.0,0.0,,0.0,0.0,,,,0.0,0.0,0.0,,0.0,0.0,82.0,2.0,25.0,46.0,11.0,0.0,82.0,0.0,0.0,1.0,100.0,52.0,0.0,1.0,1.0,61.0,1.0,1.0,1.0,1.0,1.0,100.0,0.0,1.0,1.0,0.0,1.0,3.0,0.0,1.0,1.02,0.0,0.0,0.0,0.0,0.0,0.0,0.0,0.0,0.0,0.0,0.0,0.0,0.0,0.0,0.0,1.0,1.0,0.0,1.0,0.0,1.0,0.0,0.0,0.0,4.0,2.0,40.0,,,,,,,,,,,,,,,,,,,,,,,,,,,,,Ousman Jabang,DF,CF Montréal,24-250,Ousman Jabang,Standard,2025,,,,,0.0,0.0,0.0,0.0,10.0,1.0,DF,Standard,0,DF
616770219,1,2025,5,1,116,1.3,0.0,0.0,0.0,0.0,0.0,0.0,0.0,0.0,0.15,0.15,0.08,0.23,3.85,1.54,3.85,0.0,0.0,0.0,0.0,0.0,0.12,0.08,0.2,0.12,0.2,1.3,14.6,9.23,3.85,0.0,20.8,10.8,6.15,0.77,70.4,85.7,62.5,0.0,163.8,33.1,14.6,9.23,3.85,0.0,20.8,10.8,6.15,0.77,70.4,85.7,62.5,0.0,14.6,9.23,3.85,0.0,20.8,10.8,6.15,0.77,70.4,85.7,62.5,0.0,14.6,9.23,3.85,0.0,20.8,10.8,6.15,0.77,70.4,85.7,62.5,0.0,0.0,0.08,-0.08,0.77,0.77,0.77,0.0,0.0,2.31,0.77,33.3,2.33,0.78,0.0,0.0,15.0,0.0,0.0,0.0,0.05,-0.15,-0.15,40.8,0.77,3.85,20.8,17.7,6.15,40.8,2.31,100.0,0.0,0.0,22.3,0.77,8.46,3.85,27.7,0.0,0.0,0.0,0.0,0.0,,0.0,0.77,0.77,0.0,0.0,1.54,0.0,1.54,1.55,0.0,0.0,0.0,0.0,0.0,0.0,0.0,0.0,0.0,0.0,0.0,0.0,0.0,0.0,0.0,1.54,0.0,0.0,1.54,0.0,0.0,0.0,0.0,0.0,3.85,3.08,33.3,,,,,,,,,,,,,,,,,,,,,,,,,,,,,Ayoub Jabbari,"FW,DF",FC Cincinnati,25-308,,,,Ayoub Jabbari,2025.0,300000.0,354800.0,0.0,0.0,0.11538461538461538,-0.15,5.390000000000001,0.0,DF,Unknown,0,DF
6297668534,1,2025,8,5,491,5.5,0.0,0.0,0.0,0.0,0.0,0.0,0.18,0.0,0.02,0.02,0.0,0.02,0.91,2.0,0.18,0.0,0.0,0.0,0.0,0.0,0.02,0.0,0.02,0.02,0.02,5.5,38.5,13.8,19.3,4.36,44.2,14.9,21.5,5.82,87.2,92.7,89.8,75.0,728.0,231.1,38.5,13.8,19.3,4.36,44.2,14.9,21.5,5.82,87.2,92.7,89.8,75.0,38.5,13.8,19.3,4.36,44.2,14.9,21.5,5.82,87.2,92.7,89.8,75.0,38.5,13.8,19.3,4.36,44.2,14.9,21.5,5.82,87.2,92.7,89.8,75.0,0.0,0.0,0.0,0.0,1.27,0.0,0.0,0.0,0.18,0.0,0.0,0.18,0.0,0.0,,8.0,0.0,0.0,0.0,0.12,-0.02,-0.02,54.2,4.91,24.7,28.4,1.45,0.36,54.2,0.36,100.0,0.0,0.0,32.7,0.0,0.36,0.0,37.8,1.45,0.73,0.91,1.45,0.73,44.4,0.91,1.64,0.18,0.73,2.18,5.27,0.0,0.18,0.18,0.0,0.0,0.0,0.0,0.0,0.0,0.0,0.0,0.0,0.0,0.0,0.0,0.0,0.0,0.0,0.91,0.0,0.0,0.18,0.73,0.91,0.0,0.18,0.0,2.91,0.73,40.0,,,,,,,,,,,,,,,,,,,,,,,,,,,,,Ian James,DF,Sporting KC,17-181,Ian James,Homegrown,2027,Ian James,2025.0,80622.0,85220.0,0.0,0.0,0.0036363636363636364,-0.02,2.91,2.1799999999999997,DF,HG,0,DF
4380335995,1,2025,30,30,2613,29.0,0.03,0.0,0.03,0.03,0.0,0.0,0.21,0.0,0.06,0.06,0.01,0.07,0.0,1.62,0.14,0.03,0.0,0.03,0.03,0.03,0.06,0.01,0.07,0.06,0.07,29.0,43.3,16.3,22.1,4.52,48.9,17.0,23.4,7.72,88.5,96.1,94.6,58.5,823.0,368.1,43.3,16.3,22.1,4.52,48.9,17.0,23.4,7.72,88.5,96.1,94.6,58.5,43.3,16.3,22.1,4.52,48.9,17.0,23.4,7.72,88.5,96.1,94.6,58.5,43.3,16.3,22.1,4.52,48.9,17.0,23.4,7.72,88.5,96.1,94.6,58.5,0.0,0.01,-0.01,0.17,3.21,0.14,0.0,0.03,0.24,0.14,57.1,0.24,0.14,0.14,0.25,13.4,0.0,0.0,0.0,0.26,-0.03,-0.03,57.5,8.76,32.6,24.2,0.9,0.45,57.5,0.03,25.0,0.07,50.0,33.9,0.0,0.17,0.0,39.9,0.86,0.62,0.59,0.86,0.62,64.3,0.34,1.1,0.41,0.83,1.69,4.69,0.03,0.79,0.79,0.0,0.0,0.0,0.0,0.0,0.0,0.1,0.1,0.0,0.0,0.0,0.0,0.0,0.0,0.0,0.69,0.79,0.03,0.07,0.83,0.59,0.0,0.07,0.0,3.1,0.34,32.3,,,,,,,,,,,,,,,,,,,,,,,,,,,,,Robin Jansson,DF,Orlando City,34-019,Robin Jansson,Standard,2025,Robin Jansson,2025.0,900000.0,996667.0,0.0010344827586206897,0.0,0.0020689655172413794,-0.03,1.62,1.69,DF,Standard,0,DF
6329288409,1,2025,29,20,1977,22.0,0.05,0.05,0.09,0.05,0.0,0.0,0.18,0.0,0.03,0.03,0.03,0.06,1.09,4.77,3.23,0.05,0.05,0.09,0.05,0.09,0.03,0.03,0.06,0.03,0.06,22.0,41.7,18.6,19.1,3.14,50.8,20.7,22.7,5.5,82.1,90.1,84.0,57.0,702.6,261.0,41.7,18.6,19.1,3.14,50.8,20.7,22.7,5.5,82.1,90.1,84.0,57.0,41.7,18.6,19.1,3.14,50.8,20.7,22.7,5.5,82.1,90.1,84.0,57.0,41.7,18.6,19.1,3.14,50.8,20.7,22.7,5.5,82.1,90.1,84.0,57.0,0.05,0.07,0.01,0.59,4.41,0.73,0.09,0.05,0.36,0.14,37.5,0.36,0.14,0.13,0.33,12.6,0.0,0.0,0.0,0.08,0.02,0.02,59.9,2.68,19.2,28.2,12.7,1.18,59.9,0.32,50.0,0.27,42.9,31.5,0.23,0.77,0.73,37.3,1.59,1.05,1.05,1.59,1.05,54.8,0.86,1.09,0.86,0.95,2.55,2.86,0.0,1.86,1.87,0.0,0.0,0.23,0.0,0.05,0.0,0.09,0.09,0.0,0.0,0.23,0.0,0.05,0.0,0.0,0.68,1.55,0.0,1.09,0.95,1.05,0.0,0.0,0.0,4.0,0.73,43.2,,,,,,,,,,,,,,,,,,,,,,,,,,,,,Tate Johnson,DF,Vancouver W'caps,20-147,Tate Johnson,Generation Adidas,2027,Tate Johnson,2025.0,80622.0,81622.0,0.002272727272727273,0.002272727272727273,0.0013636363636363635,0.020000000000000004,5.859999999999999,2.54,DF,GA,0,DF
5988855694,2,2025,5,3,245,2.7,0.0,0.37,0.37,0.0,0.0,0.0,0.0,0.0,0.0,0.0,0.07,0.11,3.33,4.81,9.26,0.0,0.37,0.37,0.0,0.37,0.01,0.09,0.1,0.01,0.1,2.7,50.0,29.3,18.1,1.85,61.9,33.7,21.9,2.96,80.8,86.8,83.1,62.5,736.7,192.2,50.0,29.3,18.1,1.85,61.9,33.7,21.9,2.96,80.8,86.8,83.1,62.5,50.0,29.3,18.1,1.85,61.9,33.7,21.9,2.96,80.8,86.8,83.1,62.5,50.0,29.3,18.1,1.85,61.9,33.7,21.9,2.96,80.8,86.8,83.1,62.5,0.37,0.22,0.3,1.48,4.07,1.48,0.0,0.0,0.37,0.37,100.0,0.37,0.37,0.0,0.0,23.6,0.0,0.0,0.0,0.03,0.0,0.0,72.2,0.74,17.0,27.8,27.4,3.33,72.2,0.37,16.7,1.85,83.3,47.0,1.48,0.74,0.37,49.6,1.11,0.74,0.37,1.11,0.74,66.7,0.37,0.37,0.37,1.85,2.96,1.11,0.0,2.96,2.94,0.37,0.0,0.0,0.0,0.0,0.0,0.74,0.73,0.37,0.0,0.0,0.0,0.0,0.0,0.0,1.11,0.37,0.37,0.0,1.85,0.37,0.0,0.0,0.0,5.19,0.37,25.0,,,,,,,,,,,,,,,,,,,,,,,,,,,,,DeJuan Jones,"DF,MF",SJ Earthquakes,28-163,DeJuan Jones,TAM Player,2027,DeJuan Jones,2025.0,840000.0,846250.0,0.0,0.137037037037037,0.0,0.0,8.14,2.96,DF,TAM,0,DF
5988855694,3,2025,5,3,245,2.7,0.0,0.37,0.37,0.0,0.0,0.0,0.0,0.0,0.0,0.0,0.07,0.11,3.33,4.81,9.26,0.0,0.37,0.37,0.0,0.37,0.01,0.09,0.1,0.01,0.1,2.7,50.0,29.3,18.1,1.85,61.9,33.7,21.9,2.96,80.8,86.8,83.1,62.5,736.7,192.2,50.0,29.3,18.1,1.85,61.9,33.7,21.9,2.96,80.8,86.8,83.1,62.5,50.0,29.3,18.1,1.85,61.9,33.7,21.9,2.96,80.8,86.8,83.1,62.5,50.0,29.3,18.1,1.85,61.9,33.7,21.9,2.96,80.8,86.8,83.1,62.5,0.37,0.22,0.3,1.48,4.07,1.48,0.0,0.0,0.37,0.37,100.0,0.37,0.37,0.0,0.0,23.6,0.0,0.0,0.0,0.03,0.0,0.0,72.2,0.74,17.0,27.8,27.4,3.33,72.2,0.37,16.7,1.85,83.3,47.0,1.48,0.74,0.37,49.6,1.11,0.74,0.37,1.11,0.74,66.7,0.37,0.37,0.37,1.85,2.96,1.11,0.0,2.96,2.94,0.37,0.0,0.0,0.0,0.0,0.0,0.74,0.73,0.37,0.0,0.0,0.0,0.0,0.0,0.0,1.11,0.37,0.37,0.0,1.85,0.37,0.0,0.0,0.0,5.19,0.37,25.0,,,,,,,,,,,,,,,,,,,,,,,,,,,,,DeJuan Jones,"DF,MF",SJ Earthquakes,28-163,DeJuan Jones,TAM Player,2027,DeJuan Jones,2025.0,840000.0,846250.0,0.0,0.137037037037037,0.0,0.0,8.14,2.96,DF,TAM,0,DF
5988855694,2,2025,15,13,1159,12.9,0.08,0.47,0.54,0.08,0.0,0.0,0.23,0.08,0.05,0.05,0.22,0.26,3.1,3.95,7.36,0.08,0.47,0.54,0.08,0.54,0.05,0.21,0.27,0.05,0.27,12.9,45.7,26.2,16.0,2.64,57.0,30.1,19.9,4.03,80.3,87.1,80.2,65.4,697.8,258.3,45.7,26.2,16.0,2.64,57.0,30.1,19.9,4.03,80.3,87.1,80.2,65.4,45.7,26.2,16.0,2.64,57.0,30.1,19.9,4.03,80.3,87.1,80.2,65.4,45.7,26.2,16.0,2.64,57.0,30.1,19.9,4.03,80.3,87.1,80.2,65.4,0.47,0.19,0.25,1.55,2.87,1.32,0.54,0.08,0.31,0.08,25.0,0.31,0.08,0.25,1.0,13.3,0.0,0.0,0.0,0.16,0.02,0.02,70.8,2.71,15.1,34.8,22.0,1.94,70.8,1.47,46.3,1.4,43.9,36.3,0.39,2.09,1.4,41.0,1.86,0.93,0.78,1.86,0.93,46.2,1.09,1.24,1.24,1.4,3.26,2.79,0.0,3.57,3.57,0.08,0.0,0.23,0.0,0.0,0.0,0.62,0.62,0.08,0.0,0.23,0.0,0.0,0.0,0.08,1.09,2.09,0.16,2.33,1.4,0.78,0.0,0.0,0.0,4.88,0.54,29.2,,,,,,,,,,,,,,,,,,,,,,,,,,,,,DeJuan Jones,"DF,MF",SJ Earthquakes,28-163,DeJuan Jones,TAM Player,2027,DeJuan Jones,2025.0,840000.0,846250.0,0.006201550387596899,0.03643410852713178,0.003875968992248062,0.03,7.050000000000001,3.26,DF,TAM,0,DF
5988855694,3,2025,15,13,1159,12.9,0.08,0.47,0.54,0.08,0.0,0.0,0.23,0.08,0.05,0.05,0.22,0.26,3.1,3.95,7.36,0.08,0.47,0.54,0.08,0.54,0.05,0.21,0.27,0.05,0.27,12.9,45.7,26.2,16.0,2.64,57.0,30.1,19.9,4.03,80.3,87.1,80.2,65.4,697.8,258.3,45.7,26.2,16.0,2.64,57.0,30.1,19.9,4.03,80.3,87.1,80.2,65.4,45.7,26.2,16.0,2.64,57.0,30.1,19.9,4.03,80.3,87.1,80.2,65.4,45.7,26.2,16.0,2.64,57.0,30.1,19.9,4.03,80.3,87.1,80.2,65.4,0.47,0.19,0.25,1.55,2.87,1.32,0.54,0.08,0.31,0.08,25.0,0.31,0.08,0.25,1.0,13.3,0.0,0.0,0.0,0.16,0.02,0.02,70.8,2.71,15.1,34.8,22.0,1.94,70.8,1.47,46.3,1.4,43.9,36.3,0.39,2.09,1.4,41.0,1.86,0.93,0.78,1.86,0.93,46.2,1.09,1.24,1.24,1.4,3.26,2.79,0.0,3.57,3.57,0.08,0.0,0.23,0.0,0.0,0.0,0.62,0.62,0.08,0.0,0.23,0.0,0.0,0.0,0.08,1.09,2.09,0.16,2.33,1.4,0.78,0.0,0.0,0.0,4.88,0.54,29.2,,,,,,,,,,,,,,,,,,,,,,,,,,,,,DeJuan Jones,"DF,MF",SJ Earthquakes,28-163,DeJuan Jones,TAM Player,2027,DeJuan Jones,2025.0,840000.0,846250.0,0.006201550387596899,0.03643410852713178,0.003875968992248062,0.03,7.050000000000001,3.26,DF,TAM,0,DF
9894028472,3,2025,32,17,1833,20.4,0.05,0.05,0.1,0.05,0.0,0.0,0.0,0.0,0.05,0.05,0.09,0.14,2.06,2.89,3.58,0.05,0.05,0.1,0.05,0.1,0.05,0.09,0.14,0.05,0.14,20.4,40.6,17.8,18.5,3.14,50.8,19.7,21.5,6.76,79.9,90.3,86.3,46.4,702.5,254.2,40.6,17.8,18.5,3.14,50.8,19.7,21.5,6.76,79.9,90.3,86.3,46.4,40.6,17.8,18.5,3.14,50.8,19.7,21.5,6.76,79.9,90.3,86.3,46.4,40.6,17.8,18.5,3.14,50.8,19.7,21.5,6.76,79.9,90.3,86.3,46.4,0.05,0.05,-0.04,1.13,2.01,0.74,0.34,0.05,0.54,0.15,27.3,0.54,0.15,0.09,0.33,17.5,0.0,0.0,0.0,0.1,-0.0,-0.0,58.8,3.28,21.2,25.7,12.2,1.42,58.8,0.25,33.3,0.39,53.3,34.3,0.29,0.64,0.2,40.2,1.32,0.59,0.59,1.32,0.59,75.0,0.2,0.98,0.44,0.74,2.06,2.11,0.05,2.11,2.11,0.05,0.0,0.25,0.0,0.05,0.0,0.0,0.0,0.05,0.0,0.25,0.0,0.05,0.0,0.0,0.83,1.23,0.1,2.21,0.74,0.59,0.0,0.0,0.0,3.43,1.13,53.5,,,,,,,,,,,,,,,,,,,,,,,,,,,,,Sam Junqua,DF,Real Salt Lake,29-025,Sam Junqua,Standard,2025,Sam Junqua,2025.0,300000.0,312368.0,0.002450980392156863,0.002450980392156863,0.002450980392156863,0.0,4.95,2.06,DF,Standard,0,DF
6675469190,1,2025,17,16,1347,15.0,0.0,0.07,0.07,0.0,0.0,0.0,0.13,0.07,0.03,0.03,0.05,0.08,0.4,3.0,0.2,0.0,0.07,0.07,0.0,0.07,0.03,0.05,0.08,0.03,0.08,15.0,58.5,23.1,29.6,5.6,65.3,24.3,31.3,8.53,89.6,94.8,94.5,65.6,1076.3,445.7,58.5,23.1,29.6,5.6,65.3,24.3,31.3,8.53,89.6,94.8,94.5,65.6,58.5,23.1,29.6,5.6,65.3,24.3,31.3,8.53,89.6,94.8,94.5,65.6,58.5,23.1,29.6,5.6,65.3,24.3,31.3,8.53,89.6,94.8,94.5,65.6,0.07,0.07,0.02,0.4,4.67,0.33,0.0,0.0,0.27,0.07,25.0,0.27,0.07,0.0,0.0,15.3,0.0,0.0,0.0,0.12,-0.03,-0.03,76.0,11.5,38.4,35.8,1.93,0.6,76.0,0.07,100.0,0.0,0.0,42.5,0.0,0.4,0.07,54.2,1.8,1.33,1.33,1.8,1.33,74.1,0.47,1.6,0.47,0.73,2.53,5.13,0.2,0.73,0.73,0.0,0.0,0.0,0.0,0.07,0.0,0.13,0.13,0.0,0.0,0.0,0.0,0.07,0.0,0.0,0.8,0.33,0.0,0.0,0.73,1.33,0.0,0.0,0.0,3.07,1.07,55.2,,,,,,,,,,,,,,,,,,,,,,,,,,,,,Mathias Jørgensen,DF,LA Galaxy,35-225,Mathias Jørgensen,Standard,2026,Mathias Jørgensen,2025.0,600000.0,600000.0,0.0,0.004666666666666667,0.002,-0.03,3.4,2.5300000000000002,DF,Standard,0,DF
6182416253,3,2025,28,16,1576,17.5,0.11,0.06,0.17,0.11,0.0,0.0,0.17,0.0,0.21,0.21,0.06,0.27,2.74,2.0,6.11,0.11,0.06,0.17,0.11,0.17,0.21,0.06,0.27,0.21,0.27,17.5,21.0,12.4,6.4,1.2,27.5,14.4,8.29,2.0,76.1,86.1,77.2,60.0,305.0,85.9,21.0,12.4,6.4,1.2,27.5,14.4,8.29,2.0,76.1,86.1,77.2,60.0,21.0,12.4,6.4,1.2,27.5,14.4,8.29,2.0,76.1,86.1,77.2,60.0,21.0,12.4,6.4,1.2,27.5,14.4,8.29,2.0,76.1,86.1,77.2,60.0,0.06,0.09,-0.01,0.8,1.31,0.97,0.34,0.11,1.66,0.57,34.5,1.66,0.57,0.07,0.2,16.7,0.0,0.0,0.0,0.13,-0.1,-0.1,38.5,1.66,8.51,14.5,16.4,3.14,38.5,1.71,57.7,1.09,36.5,21.1,1.14,2.34,1.03,23.4,1.26,0.57,0.74,1.26,0.57,40.0,0.86,0.69,0.63,0.8,2.06,0.8,0.0,2.51,2.51,0.34,0.0,0.17,0.0,0.0,0.0,0.11,0.11,0.34,0.0,0.17,0.0,0.0,0.0,0.0,0.91,1.49,0.34,1.66,0.8,0.74,0.0,0.0,0.0,4.34,0.34,33.3,,,,,,,,,,,,,,,,,,,,,,,,,,,,,Bernard Kamungo,"DF,FW",FC Dallas,23-337,Bernard Kamungo,Standard,2027,Bernard Kamungo,2025.0,225000.0,256000.0,0.006285714285714286,0.0034285714285714284,0.012,-0.09999999999999999,4.74,2.06,DF,Standard,0,DF
4405738147,1,2025,29,23,1835,20.4,0.05,0.15,0.2,0.05,0.0,0.0,0.44,0.0,0.1,0.1,0.15,0.25,1.57,3.73,5.78,0.05,0.15,0.2,0.05,0.2,0.1,0.15,0.26,0.1,0.26,20.4,38.0,17.7,15.2,3.63,53.3,20.5,20.3,8.77,71.4,86.4,74.9,41.3,641.8,208.1,38.0,17.7,15.2,3.63,53.3,20.5,20.3,8.77,71.4,86.4,74.9,41.3,38.0,17.7,15.2,3.63,53.3,20.5,20.3,8.77,71.4,86.4,74.9,41.3,38.0,17.7,15.2,3.63,53.3,20.5,20.3,8.77,71.4,86.4,74.9,41.3,0.15,0.2,-0.0,1.62,2.7,1.42,0.64,0.05,1.32,0.34,25.9,1.32,0.34,0.04,0.14,21.1,0.0,0.0,0.0,0.08,-0.05,-0.05,61.5,2.6,12.4,27.5,22.4,1.72,61.5,0.59,37.5,0.88,56.3,32.7,0.25,1.03,0.34,37.9,1.23,0.54,0.64,1.23,0.54,55.0,0.44,0.49,0.39,0.44,1.67,2.06,0.05,3.14,3.14,0.15,0.0,0.0,0.0,0.0,0.0,0.29,0.29,0.15,0.0,0.0,0.0,0.0,0.0,0.0,1.81,1.18,0.34,6.32,0.44,0.64,0.0,0.05,0.0,3.19,0.34,35.0,,,,,,,,,,,,,,,,,,,,,,,,,,,,,Alexandros Katranis,DF,Real Salt Lake,27-214,Alexandros Katranis,Standard,2025,Alexandros Katranis,2025.0,425000.0,494875.0,0.002450980392156863,0.007352941176470588,0.004901960784313726,-0.05,5.3,1.67,DF,Standard,0,DF
8632851429,1,2025,15,10,1035,11.5,0.0,0.0,0.0,0.0,0.0,0.0,0.26,0.0,0.02,0.02,0.01,0.02,0.17,2.52,0.09,0.0,0.0,0.0,0.0,0.0,0.01,0.0,0.02,0.01,0.02,11.5,46.3,19.3,23.0,3.57,52.2,20.4,25.0,5.83,88.8,94.5,92.0,61.2,812.9,298.4,46.3,19.3,23.0,3.57,52.2,20.4,25.0,5.83,88.8,94.5,92.0,61.2,46.3,19.3,23.0,3.57,52.2,20.4,25.0,5.83,88.8,94.5,92.0,61.2,46.3,19.3,23.0,3.57,52.2,20.4,25.0,5.83,88.8,94.5,92.0,61.2,0.0,0.03,-0.01,0.17,2.78,0.0,0.0,0.0,0.26,0.0,0.0,0.26,0.0,0.0,,13.6,0.0,0.0,0.0,0.05,-0.02,-0.02,62.0,8.09,30.9,29.0,2.35,0.43,62.0,0.09,100.0,0.0,0.0,39.6,0.09,0.26,0.0,42.8,1.22,0.61,0.35,1.22,0.61,63.6,0.35,1.22,0.61,1.48,2.7,4.17,0.0,0.52,0.52,0.0,0.0,0.0,0.0,0.0,0.0,0.0,0.0,0.0,0.0,0.0,0.0,0.0,0.0,0.0,1.3,0.43,0.0,0.09,1.48,0.35,0.0,0.0,0.0,3.04,1.74,66.7,,,,,,,,,,,,,,,,,,,,,,,,,,,,,Kim Kee-hee,DF,Seattle Sounders,36-144,Kim Kee-hee,Standard,2025,,,,,0.0,0.0,0.0017391304347826088,-0.02,2.69,2.7,DF,Standard,0,DF
6785845919,2,2025,17,15,1374,15.3,0.0,0.07,0.07,0.0,0.0,0.0,0.13,0.0,0.02,0.02,0.03,0.05,0.33,2.03,0.13,0.0,0.07,0.07,0.0,0.07,0.02,0.03,0.05,0.02,0.05,15.3,43.7,11.9,26.7,4.58,48.0,12.6,27.8,6.41,91.0,94.3,96.2,71.4,879.7,308.6,43.7,11.9,26.7,4.58,48.0,12.6,27.8,6.41,91.0,94.3,96.2,71.4,43.7,11.9,26.7,4.58,48.0,12.6,27.8,6.41,91.0,94.3,96.2,71.4,43.7,11.9,26.7,4.58,48.0,12.6,27.8,6.41,91.0,94.3,96.2,71.4,0.07,0.03,0.03,0.26,1.9,0.07,0.0,0.0,0.39,0.07,16.7,0.39,0.07,0.0,0.0,10.9,0.0,0.0,0.0,0.05,-0.02,-0.02,60.8,10.5,40.1,18.2,2.88,1.37,60.8,0.2,75.0,0.07,25.0,33.2,0.0,0.39,0.0,37.8,1.37,0.78,0.92,1.37,0.78,85.7,0.13,1.57,0.2,0.65,2.03,6.8,0.07,0.78,0.79,0.0,0.0,0.13,0.0,0.0,0.0,0.07,0.07,0.0,0.0,0.13,0.0,0.0,0.0,0.0,0.72,1.05,0.13,0.07,0.65,0.92,0.0,0.0,0.07,4.77,1.83,48.3,,,,,,,,,,,,,,,,,,,,,,,,,,,,,Henry Kessler,DF,St. Louis,27-162,Henry Kessler,TAM Player,2025,Henry Kessler,2025.0,1300000.0,1333333.0,0.0,0.004575163398692811,0.00130718954248366,-0.02,2.36,2.02,DF,TAM,0,DF
274674920,3,2025,10,5,422,4.7,0.0,0.0,0.0,0.0,0.0,0.0,0.64,0.0,0.04,0.04,0.15,0.19,2.77,4.26,7.45,0.0,0.0,0.0,0.0,0.0,0.04,0.16,0.2,0.04,0.2,4.7,43.0,27.7,12.1,2.13,57.0,32.1,16.2,4.26,75.4,86.1,75.0,50.0,606.0,208.5,43.0,27.7,12.1,2.13,57.0,32.1,16.2,4.26,75.4,86.1,75.0,50.0,43.0,27.7,12.1,2.13,57.0,32.1,16.2,4.26,75.4,86.1,75.0,50.0,43.0,27.7,12.1,2.13,57.0,32.1,16.2,4.26,75.4,86.1,75.0,50.0,0.0,0.21,-0.15,1.06,2.77,1.49,0.85,0.0,0.21,0.0,0.0,0.21,0.0,0.0,,13.3,0.0,0.0,0.0,0.2,-0.04,-0.04,69.8,4.89,16.2,31.3,23.0,1.91,69.8,0.64,27.3,1.49,63.6,37.4,0.21,1.28,0.21,41.5,1.49,1.28,1.28,1.49,1.28,50.0,1.28,1.06,1.06,1.06,2.55,3.19,0.0,1.91,1.92,0.0,0.0,0.21,0.0,0.0,0.0,0.0,0.0,0.0,0.0,0.21,0.0,0.0,0.0,0.0,1.28,1.28,0.0,4.68,1.06,1.28,0.0,0.0,0.0,4.26,1.49,38.9,,,,,,,,,,,,,,,,,,,,,,,,,,,,,Benjamin Kikanovic,"DF,MF",SJ Earthquakes,25-332,,,,,,,,0.0,0.0,0.00851063829787234,-0.04,7.029999999999999,2.55,DF,Unknown,0,DF
9684467639,3,2025,25,5,732,8.1,0.12,0.12,0.25,0.12,0.0,0.0,0.25,0.0,0.02,0.02,0.27,0.28,2.47,2.59,7.41,0.12,0.12,0.25,0.12,0.25,0.02,0.26,0.29,0.02,0.29,8.1,36.4,15.3,15.4,4.81,52.5,17.9,19.4,13.0,69.4,85.5,79.6,37.1,674.1,245.9,36.4,15.3,15.4,4.81,52.5,17.9,19.4,13.0,69.4,85.5,79.6,37.1,36.4,15.3,15.4,4.81,52.5,17.9,19.4,13.0,69.4,85.5,79.6,37.1,36.4,15.3,15.4,4.81,52.5,17.9,19.4,13.0,69.4,85.5,79.6,37.1,0.12,0.3,-0.15,2.1,2.84,1.48,0.86,0.12,0.62,0.25,40.0,0.61,0.25,0.2,0.5,23.9,0.0,0.0,0.0,0.04,0.1,0.1,62.1,3.09,17.8,24.9,20.2,0.86,62.1,0.37,30.0,0.86,70.0,29.8,0.12,0.49,0.25,35.4,1.73,0.74,0.99,1.73,0.74,85.7,0.12,1.11,0.49,0.86,2.59,3.58,0.12,3.21,3.2,0.0,0.0,0.0,0.0,0.0,0.0,0.12,0.12,0.0,0.0,0.0,0.0,0.0,0.0,0.0,0.25,0.49,0.37,8.77,0.86,0.99,0.0,0.0,0.0,3.7,0.12,14.3,,,,,,,,,,,,,,,,,,,,,,,,,,,,,Žan Kolmanič,"DF,MF",Austin,25-276,Žan Kolmanič,Standard,2026,Žan Kolmanič,2025.0,350000.0,350000.0,0.014814814814814815,0.014814814814814815,0.0024691358024691358,0.09999999999999999,5.0600000000000005,2.59,DF,Standard,0,DF
8206249432,1,2025,19,7,762,8.5,0.0,0.0,0.0,0.0,0.0,0.0,0.24,0.0,0.0,0.0,0.05,0.05,2.59,2.35,8.35,0.0,0.0,0.0,0.0,0.0,0.0,0.05,0.05,0.0,0.05,8.5,48.6,23.5,20.6,3.18,59.8,26.7,23.5,6.0,81.3,88.1,87.5,52.9,800.0,176.1,48.6,23.5,20.6,3.18,59.8,26.7,23.5,6.0,81.3,88.1,87.5,52.9,48.6,23.5,20.6,3.18,59.8,26.7,23.5,6.0,81.3,88.1,87.5,52.9,48.6,23.5,20.6,3.18,59.8,26.7,23.5,6.0,81.3,88.1,87.5,52.9,0.0,0.06,-0.05,0.82,2.12,0.82,0.47,0.0,0.12,0.0,0.0,0.12,0.0,0.0,,17.0,0.0,0.0,0.0,0.02,0.0,0.0,68.1,3.29,17.5,29.3,21.8,1.53,68.1,0.59,45.5,0.71,54.5,37.2,0.35,1.06,0.12,44.6,1.88,1.06,1.29,1.88,1.06,75.0,0.35,1.06,0.71,0.35,2.24,2.94,0.12,1.88,1.89,0.12,0.12,0.0,0.0,0.0,0.0,0.59,0.59,0.12,0.12,0.0,0.0,0.0,0.0,0.0,1.06,0.82,0.24,3.29,0.35,1.29,0.0,0.12,0.0,4.12,0.35,25.0,,,,,,,,,,,,,,,,,,,,,,,,,,,,,Willy Kumado,DF,San Diego FC,23-049,Willy Kumado,Standard,2026,Willy Kumado,2025.0,104000.0,116435.0,0.0,0.0,0.0,0.0,4.9399999999999995,2.23,DF,Standard,0,DF
9831866134,1,2025,28,25,2181,24.2,0.21,0.04,0.25,0.21,0.0,0.0,0.21,0.04,0.19,0.19,0.12,0.31,1.2,4.96,2.56,0.21,0.04,0.25,0.21,0.25,0.19,0.12,0.31,0.19,0.31,24.2,50.8,20.1,25.9,4.26,58.1,22.0,28.5,5.91,87.5,91.2,90.7,72.0,923.7,281.0,50.8,20.1,25.9,4.26,58.1,22.0,28.5,5.91,87.5,91.2,90.7,72.0,50.8,20.1,25.9,4.26,58.1,22.0,28.5,5.91,87.5,91.2,90.7,72.0,50.8,20.1,25.9,4.26,58.1,22.0,28.5,5.91,87.5,91.2,90.7,72.0,0.04,0.07,-0.07,0.74,4.3,0.87,0.37,0.21,1.4,0.29,20.6,1.4,0.29,0.15,0.71,8.7,0.0,0.0,0.0,0.14,0.01,0.01,69.3,3.55,22.7,35.9,11.2,2.44,69.3,0.12,18.8,0.5,75.0,38.9,0.12,1.12,0.25,45.8,2.36,1.45,1.32,2.36,1.45,66.0,0.74,1.32,0.91,1.03,3.39,3.1,0.04,1.53,1.53,0.0,0.0,0.08,0.04,0.04,0.0,0.25,0.25,0.0,0.0,0.08,0.04,0.04,0.0,0.0,1.53,0.7,0.04,1.4,1.03,1.32,0.04,0.0,0.0,3.68,2.15,62.7,,,,,,,,,,,,,,,,,,,,,,,,,,,,,Mathías Laborda,DF,Vancouver W'caps,26-080,,,,Mathías Laborda,2025.0,900000.0,1043625.0,0.008677685950413223,0.0016528925619834713,0.007851239669421488,0.01999999999999999,6.16,3.3899999999999997,DF,Unknown,0,DF
8365056839,3,2025,17,5,398,4.4,0.23,0.91,1.14,0.23,0.0,0.0,0.0,0.0,0.18,0.18,0.32,0.5,3.64,5.68,13.4,0.23,0.9,1.13,0.23,1.13,0.18,0.31,0.49,0.18,0.49,4.4,40.0,23.9,13.4,2.05,50.2,27.5,16.8,2.5,79.6,86.8,79.7,81.8,578.4,172.5,40.0,23.9,13.4,2.05,50.2,27.5,16.8,2.5,79.6,86.8,79.7,81.8,40.0,23.9,13.4,2.05,50.2,27.5,16.8,2.5,79.6,86.8,79.7,81.8,40.0,23.9,13.4,2.05,50.2,27.5,16.8,2.5,79.6,86.8,79.7,81.8,0.91,0.27,0.59,1.82,1.36,3.64,0.91,0.23,2.27,0.45,20.0,2.26,0.45,0.1,0.5,14.0,0.0,0.0,0.0,0.08,0.05,0.05,65.2,0.91,7.95,20.7,36.8,5.91,65.2,1.36,37.5,1.82,50.0,36.1,1.36,2.27,2.5,43.4,2.27,1.59,0.91,2.27,1.59,58.3,1.14,0.68,0.68,1.14,3.41,1.36,0.0,3.41,3.39,0.23,0.0,0.45,0.0,0.0,0.0,0.91,0.9,0.23,0.0,0.45,0.0,0.0,0.0,0.0,1.14,0.68,0.23,2.73,1.14,0.91,0.0,0.0,0.0,4.77,0.91,44.4,,,,,,,,,,,,,,,,,,,,,,,,,,,,,Lassi Lappalainen,"DF,MF",Columbus Crew,27-102,Lassi Lappalainen,Standard,2025,Lassi Lappalainen,2025.0,325000.0,368750.0,0.05227272727272727,0.20681818181818182,0.0409090909090909,0.05000000000000002,9.32,3.41,DF,Standard,0,DF
7724322607,3,2025,17,14,1251,13.9,0.07,0.07,0.14,0.07,0.0,0.0,0.29,0.0,0.04,0.04,0.07,0.11,2.59,2.73,3.17,0.07,0.07,0.14,0.07,0.14,0.04,0.07,0.11,0.04,0.11,13.9,29.5,14.6,12.4,1.65,35.4,15.6,15.1,3.02,83.3,93.5,82.4,54.8,470.1,146.1,29.5,14.6,12.4,1.65,35.4,15.6,15.1,3.02,83.3,93.5,82.4,54.8,29.5,14.6,12.4,1.65,35.4,15.6,15.1,3.02,83.3,93.5,82.4,54.8,29.5,14.6,12.4,1.65,35.4,15.6,15.1,3.02,83.3,93.5,82.4,54.8,0.07,0.07,0.0,0.14,2.95,0.29,0.0,0.07,0.58,0.07,12.5,0.58,0.07,0.13,1.0,18.1,0.0,0.0,0.0,0.06,0.04,0.04,45.8,2.01,13.4,22.1,10.8,1.87,45.8,0.65,40.9,0.72,45.5,26.8,1.08,1.58,1.37,28.6,1.94,0.72,1.15,1.94,0.72,58.8,0.5,1.01,0.86,1.29,3.24,1.22,0.0,0.94,0.94,0.14,0.0,0.22,0.07,0.0,0.0,0.14,0.14,0.14,0.0,0.22,0.07,0.0,0.0,0.0,1.65,3.45,0.22,0.29,1.29,1.15,0.07,0.0,0.0,3.67,0.22,37.5,,,,,,,,,,,,,,,,,,,,,,,,,,,,,Richie Laryea,"DF,MF",Toronto FC,30-331,Richie Laryea,TAM Player,2026,Richie Laryea,2025.0,830000.0,1169438.0,0.005035971223021583,0.005035971223021583,0.0028776978417266188,0.030000000000000006,5.32,3.23,DF,TAM,0,DF
2532191596,1,2025,19,11,871,9.7,0.1,0.21,0.31,0.1,0.0,0.0,0.62,0.0,0.08,0.08,0.27,0.34,2.78,3.61,5.46,0.1,0.21,0.31,0.1,0.31,0.08,0.26,0.35,0.08,0.35,9.7,42.0,19.5,17.2,4.02,51.5,21.8,20.2,5.98,81.4,89.6,85.2,67.2,715.9,239.7,42.0,19.5,17.2,4.02,51.5,21.8,20.2,5.98,81.4,89.6,85.2,67.2,42.0,19.5,17.2,4.02,51.5,21.8,20.2,5.98,81.4,89.6,85.2,67.2,42.0,19.5,17.2,4.02,51.5,21.8,20.2,5.98,81.4,89.6,85.2,67.2,0.21,0.16,-0.06,1.55,3.4,1.44,0.93,0.1,1.03,0.21,20.0,1.03,0.21,0.1,0.5,18.9,0.1,0.0,0.0,0.08,0.02,0.02,62.1,3.3,13.8,27.4,21.2,1.55,62.1,0.21,25.0,0.41,50.0,33.2,0.21,1.44,0.31,38.5,1.75,0.62,1.34,1.75,0.62,33.3,1.24,1.03,0.82,1.34,3.09,2.68,0.0,2.27,2.27,0.1,0.0,0.0,0.0,0.0,0.0,0.41,0.41,0.1,0.0,0.0,0.0,0.0,0.0,0.0,1.75,1.75,0.31,5.15,1.34,1.34,0.0,0.0,0.0,3.92,0.62,60.0,,,,,,,,,,,,,,,,,,,,,,,,,,,,,Tim Leibold,DF,Sporting KC,32-004,Tim Leibold,Standard,2025,Tim Leibold,2025.0,925000.0,926050.0,0.010309278350515465,0.021649484536082474,0.008247422680412371,0.020000000000000004,6.39,3.09,DF,Standard,0,DF
6823160164,3,2025,25,17,1556,17.3,0.06,0.17,0.23,0.06,0.0,0.0,0.12,0.0,0.08,0.08,0.19,0.27,2.49,2.95,6.76,0.06,0.17,0.23,0.06,0.23,0.08,0.19,0.27,0.08,0.27,17.3,44.2,20.3,19.5,3.53,56.0,22.4,23.2,7.92,78.9,90.7,84.1,44.5,752.1,200.8,44.2,20.3,19.5,3.53,56.0,22.4,23.2,7.92,78.9,90.7,84.1,44.5,44.2,20.3,19.5,3.53,56.0,22.4,23.2,7.92,78.9,90.7,84.1,44.5,44.2,20.3,19.5,3.53,56.0,22.4,23.2,7.92,78.9,90.7,84.1,44.5,0.17,0.17,-0.02,1.21,2.54,1.27,0.87,0.06,0.46,0.17,37.5,0.46,0.17,0.13,0.33,15.4,0.0,0.0,0.0,0.17,-0.02,-0.02,65.0,3.01,17.2,26.7,21.2,1.91,65.0,0.29,35.7,0.46,57.1,33.8,0.46,0.87,0.35,40.9,1.1,0.17,0.64,1.1,0.17,27.3,0.46,1.04,0.87,0.69,1.79,2.95,0.06,2.14,2.14,0.0,0.0,0.12,0.0,0.0,0.0,0.23,0.23,0.0,0.0,0.12,0.0,0.0,0.0,0.0,0.98,1.21,0.06,5.9,0.69,0.64,0.0,0.06,0.0,3.12,1.1,50.0,,,,,,,,,,,,,,,,,,,,,,,,,,,,,Brooks Lennon,DF,Atlanta Utd,28-073,Brooks Lennon,TAM Player,2025,Brooks Lennon,2025.0,740000.0,740000.0,0.0034682080924855487,0.009826589595375723,0.004624277456647399,-0.020000000000000004,5.44,1.79,DF,TAM,0,DF
9498547354,3,2025,11,4,451,5.0,0.0,0.0,0.0,0.0,0.0,0.0,0.2,0.0,0.04,0.04,0.3,0.34,1.2,2.8,6.0,0.0,0.0,0.0,0.0,0.0,0.04,0.29,0.33,0.04,0.33,5.0,41.2,18.0,16.8,4.2,53.6,20.8,20.4,8.2,76.9,86.5,82.4,51.2,738.4,238.8,41.2,18.0,16.8,4.2,53.6,20.8,20.4,8.2,76.9,86.5,82.4,51.2,41.2,18.0,16.8,4.2,53.6,20.8,20.4,8.2,76.9,86.5,82.4,51.2,41.2,18.0,16.8,4.2,53.6,20.8,20.4,8.2,76.9,86.5,82.4,51.2,0.0,0.14,-0.3,1.8,2.4,1.8,1.2,0.0,0.8,0.0,0.0,0.8,0.0,0.0,,18.7,0.0,0.0,0.0,0.05,-0.04,-0.04,64.4,3.8,17.0,28.8,19.2,0.8,64.4,1.0,45.5,1.2,54.5,30.6,0.0,1.8,1.0,37.2,1.6,1.4,1.0,1.6,1.4,53.8,1.2,1.6,1.2,1.0,2.6,2.4,0.0,3.2,3.19,0.0,0.0,0.0,0.0,0.0,0.0,0.0,0.0,0.0,0.0,0.0,0.0,0.0,0.0,0.0,2.4,1.4,0.0,4.0,1.0,1.0,0.0,0.0,0.0,3.8,2.0,76.9,,,,,,,,,,,,,,,,,,,,,,,,,,,,,Nick Lima,"MF,DF",SJ Earthquakes,31-017,Nick Lima,Standard,2026,Nick Lima,2025.0,375000.0,375000.0,0.0,0.0,0.008,-0.04,4.0,2.6,DF,Standard,0,DF
9942776044,3,2025,33,23,1931,21.5,0.0,0.23,0.23,0.0,0.0,0.0,0.0,0.0,0.19,0.19,0.26,0.44,3.77,1.91,10.2,0.0,0.23,0.23,0.0,0.23,0.19,0.26,0.45,0.19,0.45,21.5,19.6,11.6,6.37,1.02,28.7,14.4,9.02,2.84,68.3,80.6,70.6,36.1,280.3,70.1,19.6,11.6,6.37,1.02,28.7,14.4,9.02,2.84,68.3,80.6,70.6,36.1,19.6,11.6,6.37,1.02,28.7,14.4,9.02,2.84,68.3,80.6,70.6,36.1,19.6,11.6,6.37,1.02,28.7,14.4,9.02,2.84,68.3,80.6,70.6,36.1,0.23,0.27,-0.03,1.81,0.47,0.79,0.19,0.0,1.77,0.51,28.9,1.77,0.51,0.0,0.0,15.4,0.14,0.0,0.0,0.1,-0.19,-0.19,37.5,0.42,4.09,9.81,23.9,5.81,37.5,0.6,33.3,1.21,66.7,24.0,2.28,2.42,0.51,26.1,0.74,0.33,0.42,0.74,0.33,35.0,0.6,0.42,0.42,0.28,1.02,0.28,0.09,3.02,3.03,0.19,0.0,0.05,0.0,0.0,0.0,0.37,0.37,0.19,0.0,0.05,0.0,0.0,0.0,0.0,0.19,0.47,0.28,5.07,0.28,0.42,0.0,0.0,0.0,2.51,0.09,16.7,,,,,,,,,,,,,,,,,,,,,,,,,,,,,Saba Lobzhanidze,"FW,DF",Atlanta Utd,30-351,,,,,,,,0.0,0.010697674418604652,0.008837209302325582,-0.19,5.68,1.02,DF,Unknown,0,DF
6251680646,3,2025,13,7,600,6.7,0.0,0.15,0.15,0.0,0.0,0.0,0.0,0.0,0.03,0.03,0.16,0.19,3.13,4.33,6.72,0.0,0.15,0.15,0.0,0.15,0.03,0.16,0.19,0.03,0.19,6.7,44.5,26.1,15.4,2.09,55.4,29.4,18.2,4.48,80.3,88.8,84.4,46.7,646.0,208.5,44.5,26.1,15.4,2.09,55.4,29.4,18.2,4.48,80.3,88.8,84.4,46.7,44.5,26.1,15.4,2.09,55.4,29.4,18.2,4.48,80.3,88.8,84.4,46.7,44.5,26.1,15.4,2.09,55.4,29.4,18.2,4.48,80.3,88.8,84.4,46.7,0.15,0.21,-0.01,1.34,2.99,2.09,0.45,0.0,0.45,0.0,0.0,0.45,0.0,0.0,,16.4,0.0,0.0,0.0,0.07,-0.03,-0.03,66.7,2.84,16.6,27.2,23.7,3.13,66.7,0.15,16.7,0.75,83.3,35.5,0.6,1.94,0.45,40.9,3.28,1.79,2.24,3.28,1.79,57.1,1.34,0.9,0.9,1.04,4.33,1.94,0.0,2.69,2.7,0.0,0.0,0.15,0.0,0.0,0.0,0.3,0.3,0.0,0.0,0.15,0.0,0.0,0.0,0.0,0.75,1.64,0.15,2.84,1.04,2.24,0.0,0.0,0.0,3.13,0.75,50.0,,,,,,,,,,,,,,,,,,,,,,,,,,,,,Jasper Löffelsend,DF,San Diego FC,28-085,,,,,,,,0.0,0.022388059701492536,0.004477611940298507,-0.03,7.46,4.32,DF,Unknown,0,DF
2998352548,1,2025,15,15,1271,14.1,0.07,0.0,0.07,0.07,0.0,0.0,0.0,0.0,0.06,0.06,0.01,0.06,0.43,4.04,0.14,0.07,0.0,0.07,0.07,0.07,0.06,0.01,0.07,0.06,0.07,14.1,70.0,23.5,41.7,4.33,74.0,24.5,42.8,5.74,94.5,95.9,97.4,75.3,1309.4,488.4,70.0,23.5,41.7,4.33,74.0,24.5,42.8,5.74,94.5,95.9,97.4,75.3,70.0,23.5,41.7,4.33,74.0,24.5,42.8,5.74,94.5,95.9,97.4,75.3,70.0,23.5,41.7,4.33,74.0,24.5,42.8,5.74,94.5,95.9,97.4,75.3,0.0,0.02,-0.01,0.21,6.03,0.07,0.0,0.07,0.28,0.07,25.0,0.28,0.07,0.25,1.0,19.5,0.0,0.0,0.0,0.21,0.01,0.01,84.5,8.23,35.0,46.1,3.55,0.64,84.5,0.0,0.0,0.14,100.0,52.3,0.0,0.28,0.07,63.6,1.13,0.5,0.85,1.13,0.5,58.3,0.35,1.7,1.06,0.21,1.35,5.53,0.0,1.21,1.2,0.0,0.0,0.0,0.0,0.0,0.0,0.07,0.07,0.0,0.0,0.0,0.0,0.0,0.0,0.0,0.64,0.28,0.0,0.0,0.21,0.85,0.0,0.0,0.0,3.33,2.41,81.0,,,,,,,,,,,,,,,,,,,,,,,,,,,,,Aaron Long,DF,LAFC,33-053,Aaron Long,TAM Player,2027,Aaron Long,2025.0,445000.0,1050000.0,0.004964539007092199,0.0,0.00425531914893617,0.010000000000000009,4.47,1.3399999999999999,DF,TAM,0,DF
2210446376,1,2025,24,23,1887,21.0,0.0,0.0,0.0,0.0,0.0,0.0,0.29,0.0,0.05,0.05,0.01,0.06,0.0,1.43,0.1,0.0,0.0,0.0,0.0,0.0,0.05,0.02,0.06,0.05,0.06,21.0,37.9,10.2,22.3,5.0,45.4,11.4,24.2,8.76,83.5,89.5,91.9,57.1,790.5,289.4,37.9,10.2,22.3,5.0,45.4,11.4,24.2,8.76,83.5,89.5,91.9,57.1,37.9,10.2,22.3,5.0,45.4,11.4,24.2,8.76,83.5,89.5,91.9,57.1,37.9,10.2,22.3,5.0,45.4,11.4,24.2,8.76,83.5,89.5,91.9,57.1,0.0,0.03,-0.01,0.1,1.86,0.1,0.0,0.0,0.52,0.1,18.2,0.52,0.1,0.0,0.0,9.6,0.0,0.0,0.0,0.09,-0.05,-0.05,56.8,8.86,35.0,19.9,2.1,1.05,56.8,0.0,0.0,0.1,100.0,30.9,0.0,0.29,0.19,35.5,1.57,0.52,0.81,1.57,0.52,61.1,0.33,0.86,0.29,0.76,2.33,6.62,0.0,0.38,0.38,0.0,0.0,0.0,0.0,0.05,0.0,0.05,0.05,0.0,0.0,0.0,0.0,0.05,0.0,0.0,1.43,0.76,0.05,0.0,0.76,0.81,0.0,0.0,0.0,3.67,3.48,70.9,,,,,,,,,,,,,,,,,,,,,,,,,,,,,Kevin Long,DF,Toronto FC,35-108,Kevin Long,Standard,2025,Kevin Long,2025.0,430000.0,468521.0,0.0,0.0,0.002380952380952381,-0.05,1.43,2.33,DF,Standard,0,DF
7797787380,1,2025,31,30,2721,30.2,0.07,0.2,0.26,0.07,0.0,0.0,0.17,0.0,0.02,0.02,0.11,0.12,2.28,3.94,3.31,0.07,0.2,0.26,0.07,0.26,0.02,0.11,0.12,0.02,0.12,30.2,41.7,16.1,21.3,4.21,54.0,18.1,26.4,7.88,77.1,88.7,80.5,53.4,777.6,283.8,41.7,16.1,21.3,4.21,54.0,18.1,26.4,7.88,77.1,88.7,80.5,53.4,41.7,16.1,21.3,4.21,54.0,18.1,26.4,7.88,77.1,88.7,80.5,53.4,41.7,16.1,21.3,4.21,54.0,18.1,26.4,7.88,77.1,88.7,80.5,53.4,0.2,0.09,0.09,0.7,3.11,1.29,0.33,0.07,0.4,0.1,25.0,0.4,0.1,0.17,0.67,19.1,0.0,0.0,0.0,0.04,0.05,0.05,62.6,3.08,19.9,29.1,14.2,0.6,62.6,0.46,48.3,0.46,48.3,32.3,0.07,0.56,0.23,39.1,2.25,1.03,1.46,2.25,1.03,58.5,0.73,0.63,0.5,1.23,3.48,2.55,0.03,1.75,1.75,0.07,0.0,0.03,0.0,0.03,0.0,0.26,0.26,0.07,0.0,0.03,0.0,0.03,0.0,0.0,1.32,0.36,0.1,1.82,1.23,1.46,0.0,0.03,0.0,3.44,0.73,44.9,,,,,,,,,,,,,,,,,,,,,,,,,,,,,Daniel Lovitz,DF,Nashville SC,34-099,Daniel Lovitz,Standard,2025,Daniel Lovitz,2025.0,525000.0,542500.0,0.002317880794701987,0.006622516556291392,0.0006622516556291391,0.05,6.22,3.48,DF,Standard,0,DF
8587005088,1,2025,26,21,1748,19.4,0.0,0.05,0.05,0.0,0.0,0.0,0.15,0.0,0.01,0.01,0.01,0.02,0.88,3.61,0.57,0.0,0.05,0.05,0.0,0.05,0.01,0.01,0.02,0.01,0.02,19.4,57.6,19.9,32.7,4.54,63.1,21.2,34.2,6.91,91.3,93.9,95.8,65.7,1085.5,362.0,57.6,19.9,32.7,4.54,63.1,21.2,34.2,6.91,91.3,93.9,95.8,65.7,57.6,19.9,32.7,4.54,63.1,21.2,34.2,6.91,91.3,93.9,95.8,65.7,57.6,19.9,32.7,4.54,63.1,21.2,34.2,6.91,91.3,93.9,95.8,65.7,0.05,0.03,0.04,0.21,3.61,0.1,0.0,0.0,0.31,0.05,16.7,0.31,0.05,0.0,0.0,13.4,0.0,0.0,0.0,0.03,-0.01,-0.01,73.1,6.91,36.3,33.5,3.71,0.46,73.1,0.52,66.7,0.26,33.3,45.4,0.05,0.57,0.05,52.7,1.96,1.19,1.34,1.96,1.19,74.2,0.41,0.82,0.52,0.93,2.89,4.28,0.0,0.57,0.57,0.05,0.0,0.0,0.0,0.0,0.0,0.1,0.1,0.05,0.0,0.0,0.0,0.0,0.0,0.0,0.93,0.26,0.0,0.26,0.93,1.34,0.0,0.0,0.0,4.79,1.91,60.7,,,,,,,,,,,,,,,,,,,,,,,,,,,,,Gonzalo Luján,DF,Inter Miami,24-221,Gonzalo Luján,TAM Player,2027,Gonzalo Luján,2025.0,526500.0,818250.0,0.0,0.0025773195876288664,0.0005154639175257732,-0.01,4.49,2.89,DF,TAM,0,DF
3345993305,3,2025,11,9,715,7.9,0.13,0.0,0.13,0.13,0.0,0.0,0.38,0.13,0.1,0.1,0.08,0.18,0.0,2.53,0.38,0.13,0.0,0.13,0.13,0.13,0.1,0.08,0.17,0.1,0.17,7.9,40.1,12.4,21.4,6.08,47.0,13.8,23.4,8.73,85.4,89.9,91.4,69.6,829.6,322.5,40.1,12.4,21.4,6.08,47.0,13.8,23.4,8.73,85.4,89.9,91.4,69.6,40.1,12.4,21.4,6.08,47.0,13.8,23.4,8.73,85.4,89.9,91.4,69.6,40.1,12.4,21.4,6.08,47.0,13.8,23.4,8.73,85.4,89.9,91.4,69.6,0.0,0.05,-0.08,0.25,1.77,0.13,0.0,0.13,0.76,0.38,50.0,0.76,0.38,0.17,0.33,11.9,0.0,0.0,0.0,0.13,0.03,0.03,57.0,7.09,33.4,21.1,2.66,1.52,57.0,0.13,100.0,0.0,0.0,29.9,0.0,0.51,0.38,35.7,0.76,0.13,0.38,0.76,0.13,100.0,0.0,1.27,0.13,1.27,2.03,5.06,0.0,0.38,0.38,0.0,0.0,0.0,0.0,0.0,0.0,0.0,0.0,0.0,0.0,0.0,0.0,0.0,0.0,0.0,1.39,0.63,0.0,0.0,1.27,0.38,0.0,0.0,0.0,3.04,3.29,74.3,,,,,,,,,,,,,,,,,,,,,,,,,,,,,Lukas MacNaughton,DF,D.C. United,30-271,Lukas MacNaughton,Standard,2025,Lukas MacNaughton,2025.0,120000.0,122100.0,0.016455696202531647,0.0,0.012658227848101266,0.03,2.53,2.0300000000000002,DF,Standard,0,DF
5951532592,1,2025,30,29,2572,28.6,0.0,0.0,0.0,0.0,0.0,0.0,0.1,0.0,0.02,0.02,0.0,0.02,0.17,2.13,0.17,0.0,0.0,0.0,0.0,0.0,0.02,0.0,0.02,0.02,0.02,28.6,57.2,17.8,33.6,5.49,62.1,18.4,35.3,7.62,92.0,96.6,95.0,72.0,1121.4,352.1,57.2,17.8,33.6,5.49,62.1,18.4,35.3,7.62,92.0,96.6,95.0,72.0,57.2,17.8,33.6,5.49,62.1,18.4,35.3,7.62,92.0,96.6,95.0,72.0,57.2,17.8,33.6,5.49,62.1,18.4,35.3,7.62,92.0,96.6,95.0,72.0,0.0,0.01,0.0,0.03,2.45,0.0,0.0,0.0,0.38,0.1,27.3,0.38,0.1,0.0,0.0,10.6,0.0,0.0,0.0,0.06,-0.02,-0.02,70.5,10.9,38.7,29.7,2.38,0.63,70.5,0.03,100.0,0.0,0.0,42.1,0.0,0.1,0.03,52.4,0.45,0.14,0.31,0.45,0.14,44.4,0.17,0.49,0.17,0.63,1.08,5.24,0.0,0.42,0.42,0.0,0.0,0.0,0.0,0.0,0.0,0.07,0.07,0.0,0.0,0.0,0.0,0.0,0.0,0.0,0.7,0.24,0.0,0.0,0.63,0.31,0.0,0.0,0.0,2.38,1.68,60.0,,,,,,,,,,,,,,,,,,,,,,,,,,,,,Jack Maher,DF,Nashville SC,26-037,Jack Maher,TAM Player,2027,Jack Maher,2025.0,800000.0,895467.0,0.0,0.0,0.0006993006993006993,-0.02,2.3,1.08,DF,TAM,0,DF
285250691,1,2025,29,23,2147,23.9,0.04,0.0,0.04,0.04,0.0,0.0,0.38,0.08,0.1,0.1,0.0,0.1,0.84,3.93,0.08,0.04,0.0,0.04,0.04,0.04,0.1,0.0,0.1,0.1,0.1,23.9,36.1,12.6,20.0,3.05,44.6,14.2,22.3,6.99,81.0,88.8,90.0,43.7,679.1,285.9,36.1,12.6,20.0,3.05,44.6,14.2,22.3,6.99,81.0,88.8,90.0,43.7,36.1,12.6,20.0,3.05,44.6,14.2,22.3,6.99,81.0,88.8,90.0,43.7,36.1,12.6,20.0,3.05,44.6,14.2,22.3,6.99,81.0,88.8,90.0,43.7,0.0,0.01,0.0,0.04,3.47,0.0,0.0,0.04,0.71,0.13,17.6,0.71,0.13,0.06,0.33,9.0,0.0,0.0,0.0,0.14,-0.06,-0.06,57.6,7.53,29.5,25.1,3.51,1.0,57.6,0.5,85.7,0.08,14.3,29.9,0.04,1.0,0.29,30.6,1.92,1.42,1.38,1.92,1.42,72.3,0.54,1.17,0.67,1.17,3.1,6.32,0.08,1.09,1.09,0.04,0.0,0.0,0.0,0.0,0.0,0.04,0.04,0.04,0.0,0.0,0.0,0.0,0.0,0.04,1.09,0.67,0.0,0.17,1.17,1.38,0.0,0.04,0.0,5.61,2.26,70.1,,,,,,,,,,,,,,,,,,,,,,,,,,,,,Olwethu Makhanya,DF,Philadelphia Union,21-218,Olwethu Makhanya,U22 Initiative,2025,Olwethu Makhanya,2025.0,250000.0,288875.0,0.0016736401673640169,0.0,0.004184100418410042,-0.060000000000000005,4.7700000000000005,3.09,DF,U22,0,DF
3660600475,1,2025,33,33,2899,32.2,0.03,0.0,0.03,0.03,0.0,0.0,0.12,0.03,0.06,0.06,0.01,0.07,0.16,2.14,0.06,0.03,0.0,0.03,0.03,0.03,0.06,0.01,0.06,0.06,0.06,32.2,55.2,12.0,33.8,9.19,63.2,12.8,35.3,14.1,87.4,93.7,95.5,65.3,1230.5,457.8,55.2,12.0,33.8,9.19,63.2,12.8,35.3,14.1,87.4,93.7,95.5,65.3,55.2,12.0,33.8,9.19,63.2,12.8,35.3,14.1,87.4,93.7,95.5,65.3,55.2,12.0,33.8,9.19,63.2,12.8,35.3,14.1,87.4,93.7,95.5,65.3,0.0,0.02,-0.01,0.09,3.6,0.03,0.0,0.03,0.5,0.03,6.3,0.5,0.03,0.06,1.0,10.5,0.0,0.0,0.0,0.12,-0.02,-0.02,75.3,12.8,43.7,30.5,1.52,0.75,75.3,0.28,69.2,0.12,30.8,47.0,0.03,0.5,0.16,54.1,0.84,0.4,0.62,0.84,0.4,59.1,0.28,1.83,0.31,0.84,1.68,6.61,0.16,0.37,0.37,0.0,0.0,0.0,0.0,0.0,0.0,0.09,0.09,0.0,0.0,0.0,0.0,0.0,0.0,0.0,0.65,0.28,0.0,0.06,0.84,0.62,0.0,0.06,0.0,3.39,1.74,65.9,,,,,,,,,,,,,,,,,,,,,,,,,,,,,Adilson Malanda,DF,Charlotte,24-036,Adilson Malanda,TAM Player,2026,Adilson Malanda,2025.0,900000.0,900000.0,0.0009316770186335402,0.0,0.0018633540372670805,-0.03,2.3000000000000003,1.68,DF,TAM,0,DF
5724486476,1,2025,5,4,327,3.6,0.0,0.0,0.0,0.0,0.0,0.0,0.28,0.0,0.06,0.06,0.03,0.08,1.39,6.67,1.94,0.0,0.0,0.0,0.0,0.0,0.04,0.03,0.07,0.04,0.07,3.6,42.2,16.9,21.7,3.33,50.6,18.3,24.4,6.67,83.5,92.4,88.6,50.0,753.9,392.5,42.2,16.9,21.7,3.33,50.6,18.3,24.4,6.67,83.5,92.4,88.6,50.0,42.2,16.9,21.7,3.33,50.6,18.3,24.4,6.67,83.5,92.4,88.6,50.0,42.2,16.9,21.7,3.33,50.6,18.3,24.4,6.67,83.5,92.4,88.6,50.0,0.0,0.06,-0.03,0.83,5.0,0.83,0.0,0.0,1.11,0.0,0.0,1.1,0.0,0.0,,17.8,0.0,0.0,0.0,0.04,-0.06,-0.06,59.2,5.0,20.8,29.2,9.72,1.39,59.2,0.0,0.0,0.28,100.0,31.1,0.28,0.28,0.28,36.9,0.56,0.0,0.56,0.56,0.0,,0.0,1.11,0.56,1.94,2.5,3.89,0.0,2.22,2.2,0.0,0.0,0.0,0.0,0.0,0.0,0.56,0.55,0.0,0.0,0.0,0.0,0.0,0.0,0.0,1.11,0.28,0.28,0.56,1.94,0.56,0.0,0.0,0.0,2.78,2.5,81.8,,,,,,,,,,,,,,,,,,,,,,,,,,,,,Adrián Marín,DF,Orlando City,28-329,,,,Adrián Marín,2025.0,325000.0,377972.0,0.0,0.0,0.016666666666666666,-0.06,8.06,2.5,DF,Unknown,0,DF
6873901988,5,2025,31,23,1895,21.1,0.43,0.05,0.47,0.43,0.0,0.0,0.24,0.0,0.24,0.24,0.12,0.36,0.71,2.09,3.03,0.43,0.05,0.47,0.43,0.47,0.24,0.12,0.37,0.24,0.37,21.1,21.9,13.0,7.01,1.04,29.5,15.3,9.05,3.03,74.2,84.8,77.5,34.4,319.1,120.3,21.9,13.0,7.01,1.04,29.5,15.3,9.05,3.03,74.2,84.8,77.5,34.4,21.9,13.0,7.01,1.04,29.5,15.3,9.05,3.03,74.2,84.8,77.5,34.4,21.9,13.0,7.01,1.04,29.5,15.3,9.05,3.03,74.2,84.8,77.5,34.4,0.05,0.09,-0.08,0.85,1.42,0.57,0.28,0.43,1.42,0.47,33.3,1.42,0.47,0.3,0.9,11.9,0.0,0.0,0.0,0.17,0.18,0.18,43.5,4.27,16.3,16.8,10.8,2.56,43.5,0.33,46.7,0.38,53.3,19.5,0.28,1.37,0.14,23.2,2.65,1.75,1.33,2.65,1.75,67.3,0.85,1.8,1.14,1.85,4.5,3.51,0.0,1.71,1.71,0.14,0.05,0.05,0.0,0.09,0.0,0.33,0.33,0.14,0.05,0.05,0.0,0.09,0.0,0.0,1.52,0.71,0.28,0.9,1.85,1.33,0.0,0.05,0.0,3.6,2.56,65.1,,,,,,,,,,,,,,,,,,,,,,,,,,,,,Anthony Markanich,DF,Minnesota Utd,25-343,,,,,,,,0.02037914691943128,0.002369668246445498,0.011374407582938388,0.19,2.8,4.5,DF,Unknown,0,DF
1977169095,1,2025,11,7,631,7.0,0.0,0.0,0.0,0.0,0.0,0.0,0.0,0.0,0.01,0.01,0.0,0.03,0.86,3.86,0.0,0.0,0.0,0.0,0.0,0.0,0.02,0.0,0.02,0.02,0.02,7.0,73.0,26.0,40.9,5.71,77.9,26.7,42.6,8.0,93.8,97.3,96.0,71.4,1339.6,466.1,73.0,26.0,40.9,5.71,77.9,26.7,42.6,8.0,93.8,97.3,96.0,71.4,73.0,26.0,40.9,5.71,77.9,26.7,42.6,8.0,93.8,97.3,96.0,71.4,73.0,26.0,40.9,5.71,77.9,26.7,42.6,8.0,93.8,97.3,96.0,71.4,0.0,0.01,0.0,0.14,5.0,0.29,0.0,0.0,0.14,0.0,0.0,0.14,0.0,0.0,,8.2,0.0,0.0,0.0,0.13,-0.01,-0.01,87.9,11.3,39.7,47.7,1.0,0.43,87.9,0.43,100.0,0.0,0.0,57.4,0.0,0.29,0.0,66.7,1.14,0.71,0.86,1.14,0.71,55.6,0.57,0.86,0.14,1.14,2.29,5.0,0.0,0.29,0.29,0.0,0.0,0.0,0.0,0.0,0.0,0.0,0.0,0.0,0.0,0.0,0.0,0.0,0.0,0.0,1.43,0.71,0.0,0.0,1.14,0.86,0.0,0.0,0.0,4.43,1.43,52.6,,,,,,,,,,,,,,,,,,,,,,,,,,,,,Marlon,DF,LAFC,30-088,Marlon,TAM Player,June 2025,,,,,0.0,0.0,0.0014285714285714286,-0.01,4.72,2.28,DF,TAM,0,DF
2541348126,4,2025,24,19,1797,20.0,0.0,0.1,0.1,0.0,0.0,0.0,0.15,0.0,0.01,0.01,0.03,0.05,2.75,4.5,3.2,0.0,0.1,0.1,0.0,0.1,0.01,0.04,0.05,0.01,0.05,20.0,47.3,23.6,19.4,3.3,55.3,25.1,22.1,5.65,85.6,94.0,88.0,58.4,786.6,263.6,47.3,23.6,19.4,3.3,55.3,25.1,22.1,5.65,85.6,94.0,88.0,58.4,47.3,23.6,19.4,3.3,55.3,25.1,22.1,5.65,85.6,94.0,88.0,58.4,47.3,23.6,19.4,3.3,55.3,25.1,22.1,5.65,85.6,94.0,88.0,58.4,0.1,0.07,0.07,0.4,4.25,0.5,0.1,0.0,0.45,0.1,22.2,0.45,0.1,0.0,0.0,23.8,0.0,0.0,0.0,0.03,-0.01,-0.01,62.9,3.0,21.4,28.3,13.7,1.1,62.9,0.35,46.7,0.3,40.0,34.9,0.3,0.75,0.35,41.5,1.5,0.75,1.1,1.5,0.75,57.7,0.55,1.05,0.8,0.75,2.25,2.5,0.05,1.15,1.15,0.0,0.0,0.0,0.0,0.05,0.0,0.3,0.3,0.0,0.0,0.0,0.0,0.05,0.0,0.0,0.8,0.95,0.1,1.55,0.75,1.1,0.0,0.0,0.0,3.6,0.65,41.9,,,,,,,,,,,,,,,,,,,,,,,,,,,,,Jahkeele Marshall-Rutty,"MF,DF",CF Montréal,21-171,Jahkeele Marshall-Rutty,Standard,2027,Jahkeele Marshall-Rutty,2025.0,375000.0,423125.0,0.0,0.005,0.0005,-0.01,7.25,2.25,DF,Standard,0,DF
2541348126,5,2025,24,19,1797,20.0,0.0,0.1,0.1,0.0,0.0,0.0,0.15,0.0,0.01,0.01,0.03,0.05,2.75,4.5,3.2,0.0,0.1,0.1,0.0,0.1,0.01,0.04,0.05,0.01,0.05,20.0,47.3,23.6,19.4,3.3,55.3,25.1,22.1,5.65,85.6,94.0,88.0,58.4,786.6,263.6,47.3,23.6,19.4,3.3,55.3,25.1,22.1,5.65,85.6,94.0,88.0,58.4,47.3,23.6,19.4,3.3,55.3,25.1,22.1,5.65,85.6,94.0,88.0,58.4,47.3,23.6,19.4,3.3,55.3,25.1,22.1,5.65,85.6,94.0,88.0,58.4,0.1,0.07,0.07,0.4,4.25,0.5,0.1,0.0,0.45,0.1,22.2,0.45,0.1,0.0,0.0,23.8,0.0,0.0,0.0,0.03,-0.01,-0.01,62.9,3.0,21.4,28.3,13.7,1.1,62.9,0.35,46.7,0.3,40.0,34.9,0.3,0.75,0.35,41.5,1.5,0.75,1.1,1.5,0.75,57.7,0.55,1.05,0.8,0.75,2.25,2.5,0.05,1.15,1.15,0.0,0.0,0.0,0.0,0.05,0.0,0.3,0.3,0.0,0.0,0.0,0.0,0.05,0.0,0.0,0.8,0.95,0.1,1.55,0.75,1.1,0.0,0.0,0.0,3.6,0.65,41.9,,,,,,,,,,,,,,,,,,,,,,,,,,,,,Jahkeele Marshall-Rutty,"MF,DF",CF Montréal,21-171,Jahkeele Marshall-Rutty,Standard,2027,Jahkeele Marshall-Rutty,2025.0,375000.0,423125.0,0.0,0.005,0.0005,-0.01,7.25,2.25,DF,Standard,0,DF
2541348126,4,2025,6,2,230,2.6,0.0,0.0,0.0,0.0,0.0,0.0,0.38,0.0,0.08,0.08,0.04,0.15,0.38,3.08,6.54,0.0,0.0,0.0,0.0,0.0,0.09,0.06,0.15,0.09,0.15,2.6,36.9,18.5,14.6,2.69,49.2,21.2,20.4,4.62,75.0,87.3,71.7,58.3,595.0,141.2,36.9,18.5,14.6,2.69,49.2,21.2,20.4,4.62,75.0,87.3,71.7,58.3,36.9,18.5,14.6,2.69,49.2,21.2,20.4,4.62,75.0,87.3,71.7,58.3,36.9,18.5,14.6,2.69,49.2,21.2,20.4,4.62,75.0,87.3,71.7,58.3,0.0,0.0,-0.04,0.38,1.92,0.0,0.0,0.0,1.54,0.38,25.0,1.57,0.39,0.0,0.0,20.2,0.0,0.0,0.0,0.06,-0.08,-0.08,57.7,2.31,14.2,25.4,18.1,1.54,57.7,0.38,50.0,0.38,50.0,31.9,0.0,0.38,0.77,36.9,1.15,0.38,1.15,1.15,0.38,33.3,0.77,1.15,0.38,0.77,1.92,1.92,0.0,0.38,0.39,0.0,0.0,0.0,0.0,0.0,0.0,0.0,0.0,0.0,0.0,0.0,0.0,0.0,0.0,0.0,0.77,1.54,0.0,1.92,0.77,1.15,0.0,0.0,0.0,7.31,0.0,0.0,,,,,,,,,,,,,,,,,,,,,,,,,,,,,Jahkeele Marshall-Rutty,"MF,DF",CF Montréal,21-171,Jahkeele Marshall-Rutty,Standard,2027,Jahkeele Marshall-Rutty,2025.0,375000.0,423125.0,0.0,0.0,0.030769230769230767,-0.08,3.46,1.92,DF,Standard,0,DF
2541348126,5,2025,6,2,230,2.6,0.0,0.0,0.0,0.0,0.0,0.0,0.38,0.0,0.08,0.08,0.04,0.15,0.38,3.08,6.54,0.0,0.0,0.0,0.0,0.0,0.09,0.06,0.15,0.09,0.15,2.6,36.9,18.5,14.6,2.69,49.2,21.2,20.4,4.62,75.0,87.3,71.7,58.3,595.0,141.2,36.9,18.5,14.6,2.69,49.2,21.2,20.4,4.62,75.0,87.3,71.7,58.3,36.9,18.5,14.6,2.69,49.2,21.2,20.4,4.62,75.0,87.3,71.7,58.3,36.9,18.5,14.6,2.69,49.2,21.2,20.4,4.62,75.0,87.3,71.7,58.3,0.0,0.0,-0.04,0.38,1.92,0.0,0.0,0.0,1.54,0.38,25.0,1.57,0.39,0.0,0.0,20.2,0.0,0.0,0.0,0.06,-0.08,-0.08,57.7,2.31,14.2,25.4,18.1,1.54,57.7,0.38,50.0,0.38,50.0,31.9,0.0,0.38,0.77,36.9,1.15,0.38,1.15,1.15,0.38,33.3,0.77,1.15,0.38,0.77,1.92,1.92,0.0,0.38,0.39,0.0,0.0,0.0,0.0,0.0,0.0,0.0,0.0,0.0,0.0,0.0,0.0,0.0,0.0,0.0,0.77,1.54,0.0,1.92,0.77,1.15,0.0,0.0,0.0,7.31,0.0,0.0,,,,,,,,,,,,,,,,,,,,,,,,,,,,,Jahkeele Marshall-Rutty,"MF,DF",CF Montréal,21-171,Jahkeele Marshall-Rutty,Standard,2027,Jahkeele Marshall-Rutty,2025.0,375000.0,423125.0,0.0,0.0,0.030769230769230767,-0.08,3.46,1.92,DF,Standard,0,DF
7324372982,1,2025,31,30,2698,30.0,0.03,0.0,0.03,0.03,0.0,0.0,0.03,0.0,0.06,0.06,0.0,0.06,0.47,3.1,0.03,0.03,0.0,0.03,0.03,0.03,0.06,0.0,0.06,0.06,0.06,30.0,62.0,14.7,38.8,8.1,70.6,16.1,40.9,12.5,87.8,91.3,94.9,64.8,1324.5,492.9,62.0,14.7,38.8,8.1,70.6,16.1,40.9,12.5,87.8,91.3,94.9,64.8,62.0,14.7,38.8,8.1,70.6,16.1,40.9,12.5,87.8,91.3,94.9,64.8,62.0,14.7,38.8,8.1,70.6,16.1,40.9,12.5,87.8,91.3,94.9,64.8,0.0,0.01,0.0,0.03,3.9,0.07,0.0,0.03,0.47,0.2,42.9,0.47,0.2,0.07,0.17,11.4,0.0,0.0,0.0,0.13,-0.03,-0.03,81.3,13.1,47.7,32.6,1.33,0.6,81.3,0.1,75.0,0.03,25.0,51.7,0.07,0.47,0.17,57.3,1.07,0.57,0.8,1.07,0.57,81.0,0.13,1.17,0.27,0.7,1.77,6.53,0.17,0.43,0.43,0.0,0.0,0.0,0.0,0.03,0.0,0.03,0.03,0.0,0.0,0.0,0.0,0.03,0.0,0.0,0.7,0.1,0.1,0.07,0.7,0.8,0.0,0.0,0.03,4.97,1.67,58.8,,,,,,,,,,,,,,,,,,,,,,,,,,,,,Thiago Martins,DF,NYCFC,30-262,Thiago Martins,Designated Player,2025,Thiago Martins,2025.0,1700000.0,2162000.0,0.001,0.0,0.002,-0.03,3.5700000000000003,1.77,DF,DP,0,DF
7760930206,1,2025,32,32,2880,32.0,0.03,0.0,0.03,0.03,0.0,0.0,0.13,0.0,0.04,0.04,0.03,0.07,0.19,1.63,0.22,0.03,0.0,0.03,0.03,0.03,0.04,0.03,0.07,0.04,0.07,32.0,35.5,11.5,21.7,2.16,40.1,12.7,23.0,3.88,88.5,90.6,94.3,55.6,660.2,244.5,35.5,11.5,21.7,2.16,40.1,12.7,23.0,3.88,88.5,90.6,94.3,55.6,35.5,11.5,21.7,2.16,40.1,12.7,23.0,3.88,88.5,90.6,94.3,55.6,35.5,11.5,21.7,2.16,40.1,12.7,23.0,3.88,88.5,90.6,94.3,55.6,0.0,0.02,-0.03,0.13,1.03,0.19,0.0,0.03,0.28,0.06,22.2,0.28,0.06,0.11,0.5,10.2,0.0,0.0,0.0,0.13,-0.01,-0.01,50.4,7.56,27.4,21.2,2.0,1.13,50.4,0.06,100.0,0.0,0.0,26.6,0.0,0.53,0.06,32.5,0.56,0.28,0.31,0.56,0.28,56.3,0.22,1.28,0.31,0.81,1.38,5.75,0.03,0.38,0.37,0.0,0.0,0.0,0.0,0.0,0.0,0.0,0.0,0.0,0.0,0.0,0.0,0.0,0.0,0.0,0.56,0.41,0.03,0.06,0.81,0.31,0.0,0.06,0.03,2.06,2.44,70.9,,,,,,,,,,,,,,,,,,,,,,,,,,,,,Andreas Maxsø,DF,Colorado Rapids,31-261,Andreas Maxsø,TAM Player,2025,Andreas Maxsø,2025.0,1200000.0,1392500.0,0.0009375,0.0,0.00125,-0.010000000000000002,1.8199999999999998,1.37,DF,TAM,0,DF
1916646916,1,2025,1,0,74,0.8,0.0,0.0,0.0,0.0,0.0,0.0,0.0,0.0,0.0,0.0,0.0,0.0,0.0,2.5,0.0,0.0,0.0,0.0,0.0,0.0,0.0,0.0,0.0,0.0,0.0,0.8,41.3,20.0,18.8,1.25,45.0,20.0,18.8,2.5,91.7,100.0,100.0,50.0,633.8,161.3,41.3,20.0,18.8,1.25,45.0,20.0,18.8,2.5,91.7,100.0,100.0,50.0,41.3,20.0,18.8,1.25,45.0,20.0,18.8,2.5,91.7,100.0,100.0,50.0,41.3,20.0,18.8,1.25,45.0,20.0,18.8,2.5,91.7,100.0,100.0,50.0,0.0,0.0,0.0,0.0,1.25,0.0,0.0,0.0,0.0,0.0,,0.0,0.0,,,,0.0,0.0,0.0,,0.0,0.0,58.8,12.5,35.0,23.8,0.0,0.0,58.8,0.0,,0.0,,35.0,0.0,0.0,1.25,40.0,2.5,2.5,1.25,2.5,2.5,66.7,1.25,2.5,2.5,0.0,2.5,10.0,0.0,0.0,0.0,0.0,0.0,0.0,0.0,0.0,0.0,0.0,0.0,0.0,0.0,0.0,0.0,0.0,0.0,0.0,0.0,1.25,0.0,0.0,0.0,1.25,0.0,0.0,0.0,5.0,0.0,,,,,,,,,,,,,,,,,,,,,,,,,,,,,,Salvatore Mazzaferro,DF,Atlanta Utd,24-054,,,,,,,,0.0,0.0,0.0,0.0,2.5,2.5,DF,Unknown,0,DF
2772825179,1,2025,9,6,483,5.4,0.0,0.0,0.0,0.0,0.0,0.0,0.37,0.0,0.02,0.02,0.13,0.15,2.41,3.15,2.59,0.0,0.0,0.0,0.0,0.0,0.01,0.14,0.15,0.01,0.15,5.4,34.4,15.9,14.8,2.78,49.3,19.6,20.4,6.48,69.9,81.1,72.7,42.9,587.0,291.3,34.4,15.9,14.8,2.78,49.3,19.6,20.4,6.48,69.9,81.1,72.7,42.9,34.4,15.9,14.8,2.78,49.3,19.6,20.4,6.48,69.9,81.1,72.7,42.9,34.4,15.9,14.8,2.78,49.3,19.6,20.4,6.48,69.9,81.1,72.7,42.9,0.0,0.15,-0.13,1.11,2.04,1.48,0.74,0.0,0.19,0.0,0.0,0.19,0.0,0.0,,20.8,0.0,0.0,0.0,0.06,-0.02,-0.02,56.5,1.3,12.6,25.7,18.3,1.11,56.5,0.56,75.0,0.19,25.0,30.9,0.19,1.48,0.56,32.2,0.93,0.56,0.56,0.93,0.56,60.0,0.37,0.56,0.56,0.19,1.11,1.85,0.0,2.04,2.05,0.19,0.0,0.0,0.0,0.0,0.0,0.37,0.37,0.19,0.0,0.0,0.0,0.0,0.0,0.0,1.11,0.56,0.0,4.44,0.19,0.56,0.0,0.0,0.0,4.81,0.19,20.0,,,,,,,,,,,,,,,,,,,,,,,,,,,,,Olivier Mbaizo,DF,Philadelphia Union,28-111,Olivier Mbaizo,Standard,2026,Olivier Mbaizo,2025.0,430000.0,472875.0,0.0,0.0,0.0037037037037037034,-0.02,5.5600000000000005,1.12,DF,Standard,0,DF
7472467303,1,2025,4,0,84,0.9,0.0,0.0,0.0,0.0,0.0,0.0,0.0,0.0,0.0,0.0,0.0,0.0,1.11,4.44,2.22,0.0,0.0,0.0,0.0,0.0,0.0,0.0,0.0,0.0,0.0,0.9,27.8,12.2,13.3,2.22,34.4,14.4,13.3,3.33,80.6,84.6,100.0,66.7,464.4,172.2,27.8,12.2,13.3,2.22,34.4,14.4,13.3,3.33,80.6,84.6,100.0,66.7,27.8,12.2,13.3,2.22,34.4,14.4,13.3,3.33,80.6,84.6,100.0,66.7,27.8,12.2,13.3,2.22,34.4,14.4,13.3,3.33,80.6,84.6,100.0,66.7,0.0,0.11,0.0,0.0,2.22,1.11,0.0,0.0,0.0,0.0,,0.0,0.0,,,,0.0,0.0,0.0,,0.0,0.0,43.3,1.11,12.2,21.1,12.2,0.0,43.3,0.0,0.0,3.33,100.0,22.2,0.0,1.11,2.22,22.2,1.11,1.11,1.11,1.11,1.11,100.0,0.0,1.11,1.11,0.0,1.11,1.11,0.0,3.33,3.21,0.0,0.0,0.0,0.0,0.0,0.0,0.0,0.0,0.0,0.0,0.0,0.0,0.0,0.0,0.0,0.0,0.0,1.11,0.0,0.0,1.11,0.0,0.0,0.0,7.78,0.0,,,,,,,,,,,,,,,,,,,,,,,,,,,,,,Kenji Mboma Dem,"DF,FW",FC Cincinnati,23-316,,,,Kenji Mboma Dem,2025.0,80622.0,80622.0,0.0,0.0,0.0,0.0,5.550000000000001,1.11,DF,Unknown,0,DF
3543795703,1,2025,4,3,242,2.7,0.0,0.0,0.0,0.0,0.0,0.0,0.74,0.0,0.0,0.0,0.0,0.0,0.0,1.48,0.37,0.0,0.0,0.0,0.0,0.0,0.0,0.0,0.0,0.0,0.0,2.7,38.5,7.78,27.4,2.96,43.3,8.15,28.1,5.56,88.9,95.5,97.4,53.3,787.0,268.1,38.5,7.78,27.4,2.96,43.3,8.15,28.1,5.56,88.9,95.5,97.4,53.3,38.5,7.78,27.4,2.96,43.3,8.15,28.1,5.56,88.9,95.5,97.4,53.3,38.5,7.78,27.4,2.96,43.3,8.15,28.1,5.56,88.9,95.5,97.4,53.3,0.0,0.0,0.0,0.0,1.11,0.0,0.0,0.0,0.0,0.0,,0.0,0.0,,,,0.0,0.0,0.0,,0.0,0.0,54.8,7.41,33.3,22.2,0.0,0.0,54.8,0.74,100.0,0.0,0.0,30.7,0.0,0.0,0.74,36.7,2.22,0.74,1.48,2.22,0.74,100.0,0.0,2.22,1.48,1.48,3.7,5.19,0.37,0.74,0.74,0.37,0.0,0.0,0.0,0.0,0.0,0.37,0.37,0.37,0.0,0.0,0.0,0.0,0.0,0.0,1.11,0.74,0.0,0.0,1.48,1.48,0.0,0.37,0.0,1.48,1.11,33.3,,,,,,,,,,,,,,,,,,,,,,,,,,,,,Zac McGraw,DF,Portland Timbers,28-179,Zac McGraw,Standard,2026,Zac McGraw,2025.0,275000.0,321750.0,0.0,0.0,0.0,0.0,1.48,3.7,DF,Standard,0,DF
1468569795,1,2025,23,21,1708,19.0,0.0,0.0,0.0,0.0,0.0,0.0,0.0,0.0,0.04,0.04,0.03,0.07,0.32,3.26,0.11,0.0,0.0,0.0,0.0,0.0,0.03,0.03,0.07,0.03,0.07,19.0,78.9,29.9,39.2,8.74,84.6,30.6,40.6,11.7,93.3,97.8,96.5,74.4,1479.9,549.7,78.9,29.9,39.2,8.74,84.6,30.6,40.6,11.7,93.3,97.8,96.5,74.4,78.9,29.9,39.2,8.74,84.6,30.6,40.6,11.7,93.3,97.8,96.5,74.4,78.9,29.9,39.2,8.74,84.6,30.6,40.6,11.7,93.3,97.8,96.5,74.4,0.0,0.06,-0.03,0.26,4.53,0.21,0.05,0.0,0.53,0.26,50.0,0.53,0.26,0.0,0.0,19.5,0.11,0.0,0.0,0.07,-0.04,-0.04,93.3,14.4,51.9,39.5,2.53,0.68,93.3,0.0,0.0,0.11,100.0,59.1,0.05,0.68,0.05,70.6,0.95,0.63,0.42,0.95,0.63,70.6,0.26,0.79,0.32,0.37,1.32,4.37,0.11,1.05,1.05,0.0,0.0,0.0,0.0,0.0,0.0,0.11,0.11,0.0,0.0,0.0,0.0,0.0,0.0,0.0,0.26,1.0,0.11,0.11,0.37,0.42,0.0,0.0,0.0,5.21,1.53,63.0,,,,,,,,,,,,,,,,,,,,,,,,,,,,,Paddy McNair,DF,San Diego FC,30-221,Paddy McNair,TAM Player,2027,Paddy McNair,2025.0,700000.0,762803.0,0.0,0.0,0.002105263157894737,-0.04,3.5799999999999996,1.3199999999999998,DF,TAM,0,DF
9635446699,3,2025,32,32,2853,31.7,0.06,0.0,0.06,0.06,0.0,0.0,0.16,0.0,0.05,0.05,0.04,0.1,0.95,3.94,0.76,0.06,0.0,0.06,0.06,0.06,0.06,0.04,0.1,0.06,0.1,31.7,76.9,33.8,35.4,6.31,83.4,35.1,37.2,8.74,92.2,96.1,95.3,72.2,1348.7,532.9,76.9,33.8,35.4,6.31,83.4,35.1,37.2,8.74,92.2,96.1,95.3,72.2,76.9,33.8,35.4,6.31,83.4,35.1,37.2,8.74,92.2,96.1,95.3,72.2,76.9,33.8,35.4,6.31,83.4,35.1,37.2,8.74,92.2,96.1,95.3,72.2,0.0,0.04,-0.04,0.25,4.64,0.22,0.06,0.06,0.57,0.13,22.2,0.57,0.13,0.11,0.5,14.8,0.0,0.0,0.0,0.1,0.01,0.01,91.9,9.94,46.5,41.6,4.42,0.85,91.9,0.28,64.3,0.16,35.7,59.6,0.03,0.32,0.22,72.3,1.64,1.04,1.17,1.64,1.04,68.8,0.47,0.82,0.25,0.85,2.49,3.5,0.25,1.26,1.26,0.0,0.0,0.0,0.0,0.0,0.0,0.03,0.03,0.0,0.0,0.0,0.0,0.0,0.0,0.0,1.17,0.22,0.06,0.35,0.85,1.17,0.0,0.0,0.03,5.11,1.32,57.5,,,,,,,,,,,,,,,,,,,,,,,,,,,,,Christopher McVey,DF,San Diego FC,28-236,Christopher McVey,Standard,2026,Christopher McVey,2025.0,445000.0,496813.0,0.0018927444794952682,0.0,0.001577287066246057,0.009999999999999995,4.89,2.4899999999999998,DF,Standard,0,DF
6626581940,2,2025,2,0,12,0.1,0.0,0.0,0.0,0.0,0.0,0.0,0.0,0.0,0.0,0.0,0.0,0.0,0.0,10.0,0.0,0.0,0.0,0.0,0.0,0.0,0.0,0.0,0.0,0.0,0.0,0.1,50.0,30.0,20.0,0.0,70.0,30.0,30.0,0.0,71.4,100.0,66.7,,730.0,100.0,50.0,30.0,20.0,0.0,70.0,30.0,30.0,0.0,71.4,100.0,66.7,,50.0,30.0,20.0,0.0,70.0,30.0,30.0,0.0,71.4,100.0,66.7,,50.0,30.0,20.0,0.0,70.0,30.0,30.0,0.0,71.4,100.0,66.7,,0.0,0.0,0.0,0.0,0.0,0.0,0.0,0.0,0.0,0.0,,0.0,0.0,,,,0.0,0.0,0.0,,0.0,0.0,70.0,0.0,0.0,30.0,40.0,0.0,70.0,0.0,,0.0,,30.0,0.0,0.0,0.0,60.0,0.0,0.0,0.0,0.0,0.0,0.0,10.0,0.0,0.0,0.0,0.0,0.0,0.0,0.0,0.0,0.0,0.0,0.0,0.0,0.0,0.0,0.0,0.0,0.0,0.0,0.0,0.0,0.0,0.0,0.0,0.0,0.0,0.0,10.0,0.0,0.0,0.0,0.0,0.0,0.0,10.0,100.0,,,,,,,,,,,,,,,,,,,,,,,,,,,,,Loïc Mesanvi,"FW,DF",Minnesota Utd,22-059,Loïc Mesanvi,Standard,2025,Loïc Mesanvi,2025.0,80622.0,83613.0,0.0,0.0,0.0,0.0,10.0,0.0,DF,Standard,-1,DF
2342455942,1,2025,6,3,235,2.6,0.0,0.0,0.0,0.0,0.0,0.0,0.0,0.0,0.04,0.04,0.0,0.04,0.77,3.85,1.15,0.0,0.0,0.0,0.0,0.0,0.05,0.0,0.05,0.05,0.05,2.6,44.2,24.2,16.9,1.92,50.8,27.3,18.5,2.69,87.1,88.7,91.7,71.4,673.1,180.8,44.2,24.2,16.9,1.92,50.8,27.3,18.5,2.69,87.1,88.7,91.7,71.4,44.2,24.2,16.9,1.92,50.8,27.3,18.5,2.69,87.1,88.7,91.7,71.4,44.2,24.2,16.9,1.92,50.8,27.3,18.5,2.69,87.1,88.7,91.7,71.4,0.0,0.0,0.0,0.0,2.69,0.0,0.0,0.0,1.15,0.0,0.0,1.15,0.0,0.0,,20.5,0.0,0.0,0.0,0.04,-0.04,-0.04,58.5,2.69,16.2,33.1,9.62,1.15,58.5,0.38,100.0,0.0,0.0,33.8,0.0,0.38,0.77,39.6,1.54,1.15,1.54,1.54,1.15,60.0,0.77,0.0,0.0,1.15,2.69,1.92,0.0,0.77,0.77,0.0,0.0,0.0,0.0,0.0,0.0,0.0,0.0,0.0,0.0,0.0,0.0,0.0,0.0,0.0,0.38,0.77,0.38,0.38,1.15,1.54,0.0,0.0,0.0,3.08,1.92,45.5,,,,,,,,,,,,,,,,,,,,,,,,,,,,,Wyatt Meyer,"MF,DF",Nashville SC,24-327,Wyatt Meyer,Standard,2025,Wyatt Meyer,2025.0,80622.0,80622.0,0.0,0.0,0.015384615384615384,-0.04,4.62,2.69,DF,Standard,0,DF
6408738055,1,2025,21,19,1533,17.0,0.0,0.06,0.06,0.0,0.0,0.0,0.18,0.0,0.02,0.02,0.01,0.02,0.0,1.53,0.12,0.0,0.06,0.06,0.0,0.06,0.01,0.0,0.02,0.01,0.02,17.0,54.0,11.9,34.4,7.41,59.9,12.9,36.4,9.76,90.2,92.3,94.5,75.9,1161.7,419.7,54.0,11.9,34.4,7.41,59.9,12.9,36.4,9.76,90.2,92.3,94.5,75.9,54.0,11.9,34.4,7.41,59.9,12.9,36.4,9.76,90.2,92.3,94.5,75.9,54.0,11.9,34.4,7.41,59.9,12.9,36.4,9.76,90.2,92.3,94.5,75.9,0.06,0.02,0.05,0.12,2.0,0.0,0.0,0.0,0.24,0.06,25.0,0.23,0.06,0.0,0.0,11.2,0.0,0.0,0.0,0.06,-0.02,-0.02,71.9,11.4,43.1,27.9,1.12,0.65,71.9,0.0,0.0,0.06,100.0,36.4,0.0,0.29,0.06,47.9,1.12,0.65,0.76,1.12,0.65,55.0,0.53,1.65,0.53,0.94,2.06,6.88,0.0,0.47,0.47,0.0,0.0,0.0,0.0,0.06,0.0,0.06,0.06,0.0,0.0,0.0,0.0,0.06,0.0,0.0,0.88,1.06,0.18,0.0,0.94,0.76,0.0,0.06,0.0,3.47,2.06,79.5,,,,,,,,,,,,,,,,,,,,,,,,,,,,,Matt Miazga,DF,FC Cincinnati,30-138,Matt Miazga,TAM Player,2025,Matt Miazga,2025.0,1575000.0,1575000.0,0.0,0.003529411764705882,0.0011764705882352942,-0.02,1.53,2.06,DF,TAM,0,DF
1470163412,1,2025,9,7,631,7.0,0.0,0.14,0.14,0.0,0.0,0.0,0.0,0.0,0.06,0.06,0.06,0.1,1.0,4.0,0.0,0.0,0.14,0.14,0.0,0.14,0.06,0.05,0.11,0.06,0.11,7.0,58.7,19.1,33.9,5.14,65.1,20.1,35.4,8.43,90.1,95.0,95.6,61.0,1145.1,433.9,58.7,19.1,33.9,5.14,65.1,20.1,35.4,8.43,90.1,95.0,95.6,61.0,58.7,19.1,33.9,5.14,65.1,20.1,35.4,8.43,90.1,95.0,95.6,61.0,58.7,19.1,33.9,5.14,65.1,20.1,35.4,8.43,90.1,95.0,95.6,61.0,0.14,0.01,0.09,0.29,6.86,0.14,0.0,0.0,0.43,0.29,66.7,0.43,0.29,0.0,0.0,21.5,0.0,0.0,0.0,0.13,-0.06,-0.06,73.9,7.14,36.6,36.0,1.29,0.29,73.9,0.29,100.0,0.0,0.0,48.6,0.0,0.29,0.0,55.1,0.57,0.29,0.43,0.57,0.29,50.0,0.29,1.0,0.29,1.0,1.57,4.71,0.14,0.71,0.71,0.0,0.0,0.0,0.0,0.0,0.0,0.14,0.14,0.0,0.0,0.0,0.0,0.0,0.0,0.0,0.71,0.43,0.0,0.0,1.0,0.43,0.0,0.0,0.0,1.86,1.71,57.1,,,,,,,,,,,,,,,,,,,,,,,,,,,,,Enea Mihaj,DF,Atlanta Utd,27-152,,,,Enea Mihaj,2025.0,1030000.0,1372000.0,0.0,0.02,0.008571428571428572,-0.06,5.0,1.5699999999999998,DF,Unknown,0,DF
8861478739,2,2025,16,3,436,4.8,0.0,0.0,0.0,0.0,0.0,0.0,0.0,0.0,0.04,0.04,0.02,0.06,1.67,2.5,3.75,0.0,0.0,0.0,0.0,0.0,0.03,0.03,0.06,0.03,0.06,4.8,36.0,16.5,16.9,2.71,48.5,19.0,22.7,5.21,74.2,86.8,74.3,52.0,610.4,221.9,36.0,16.5,16.9,2.71,48.5,19.0,22.7,5.21,74.2,86.8,74.3,52.0,36.0,16.5,16.9,2.71,48.5,19.0,22.7,5.21,74.2,86.8,74.3,52.0,36.0,16.5,16.9,2.71,48.5,19.0,22.7,5.21,74.2,86.8,74.3,52.0,0.0,0.04,-0.02,0.63,2.08,0.83,0.42,0.0,0.42,0.0,0.0,0.41,0.0,0.0,,8.2,0.0,0.0,0.0,0.08,-0.04,-0.04,59.4,5.63,22.3,24.2,12.9,1.67,59.4,0.21,33.3,0.42,66.7,26.5,0.63,0.83,0.42,33.5,1.67,0.83,0.42,1.67,0.83,44.4,1.04,0.63,0.42,1.04,2.71,5.63,0.0,1.04,1.03,0.0,0.0,0.0,0.0,0.0,0.0,0.0,0.0,0.0,0.0,0.0,0.0,0.0,0.0,0.0,0.63,0.0,0.0,1.67,1.04,0.42,0.0,0.0,0.0,3.75,1.46,50.0,,,,,,,,,,,,,,,,,,,,,,,,,,,,,Eric Miller,"DF,MF",Portland Timbers,32-323,Eric Miller,Standard,2025,Eric Miller,2025.0,104000.0,104000.0,0.0,0.0,0.008333333333333333,-0.04,4.17,2.71,DF,Standard,0,DF
5729347371,1,2025,10,9,640,7.1,0.14,0.14,0.28,0.14,0.0,0.0,0.14,0.0,0.11,0.11,0.1,0.21,2.68,2.39,7.32,0.14,0.14,0.28,0.14,0.28,0.11,0.1,0.21,0.11,0.21,7.1,30.3,17.7,10.7,1.27,39.0,20.0,13.1,3.38,77.6,88.7,81.7,37.5,445.9,99.7,30.3,17.7,10.7,1.27,39.0,20.0,13.1,3.38,77.6,88.7,81.7,37.5,30.3,17.7,10.7,1.27,39.0,20.0,13.1,3.38,77.6,88.7,81.7,37.5,30.3,17.7,10.7,1.27,39.0,20.0,13.1,3.38,77.6,88.7,81.7,37.5,0.14,0.04,0.04,1.13,1.97,0.85,0.0,0.14,1.41,0.14,10.0,1.41,0.14,0.1,1.0,14.5,0.0,0.0,0.0,0.08,0.03,0.03,50.3,2.68,12.4,18.2,20.0,3.66,50.3,0.7,41.7,0.56,33.3,29.7,1.27,2.11,0.7,34.9,1.69,0.56,1.69,1.69,0.56,30.8,1.27,1.27,0.99,0.56,2.25,2.11,0.0,2.25,2.25,0.14,0.0,0.14,0.0,0.0,0.0,0.28,0.28,0.14,0.0,0.14,0.0,0.0,0.0,0.0,0.99,1.83,0.14,1.69,0.56,1.69,0.0,0.0,0.0,3.8,0.56,40.0,,,,,,,,,,,,,,,,,,,,,,,,,,,,,Harbor Miller,"FW,DF",LA Galaxy,18-166,Harbor Miller,Homegrown,2027,Harbor Miller,2025.0,80622.0,80622.0,0.01971830985915493,0.01971830985915493,0.015492957746478873,0.030000000000000013,5.07,2.25,DF,HG,0,DF
9724586772,1,2025,29,25,2304,25.6,0.0,0.04,0.04,0.0,0.0,0.0,0.08,0.0,0.05,0.05,0.02,0.06,0.78,3.05,0.47,0.0,0.04,0.04,0.0,0.04,0.05,0.02,0.06,0.05,0.06,25.6,33.6,9.53,18.2,5.7,41.8,10.6,19.9,10.2,80.4,89.7,91.4,55.9,723.1,282.6,33.6,9.53,18.2,5.7,41.8,10.6,19.9,10.2,80.4,89.7,91.4,55.9,33.6,9.53,18.2,5.7,41.8,10.6,19.9,10.2,80.4,89.7,91.4,55.9,33.6,9.53,18.2,5.7,41.8,10.6,19.9,10.2,80.4,89.7,91.4,55.9,0.04,0.04,0.02,0.27,4.02,0.12,0.0,0.0,0.39,0.2,50.0,0.39,0.2,0.0,0.0,9.8,0.0,0.0,0.0,0.12,-0.05,-0.05,53.5,7.5,24.9,26.0,2.77,1.33,53.5,0.04,25.0,0.12,75.0,30.3,0.0,0.63,0.2,32.8,1.37,0.82,0.94,1.37,0.82,63.6,0.47,1.52,0.39,0.86,2.23,5.82,0.2,0.98,0.98,0.0,0.0,0.04,0.0,0.04,0.0,0.12,0.12,0.0,0.0,0.04,0.0,0.04,0.0,0.0,1.05,1.25,0.04,0.08,0.86,0.94,0.0,0.04,0.04,3.95,1.56,54.8,,,,,,,,,,,,,,,,,,,,,,,,,,,,,Jansen Miller,DF,Sporting KC,23-297,Jansen Miller,Standard,2025,Jansen Miller,2025.0,80622.0,82302.0,0.0,0.0015624999999999999,0.001953125,-0.05,3.83,2.23,DF,Standard,0,DF
8302944560,3,2025,24,23,1880,20.9,0.05,0.0,0.05,0.05,0.0,0.0,0.24,0.05,0.02,0.02,0.01,0.03,0.38,2.92,0.1,0.05,0.0,0.05,0.05,0.05,0.02,0.01,0.03,0.02,0.03,20.9,54.7,18.2,29.7,6.22,61.9,19.2,32.1,9.33,88.3,94.5,92.7,66.7,1076.9,532.6,54.7,18.2,29.7,6.22,61.9,19.2,32.1,9.33,88.3,94.5,92.7,66.7,54.7,18.2,29.7,6.22,61.9,19.2,32.1,9.33,88.3,94.5,92.7,66.7,54.7,18.2,29.7,6.22,61.9,19.2,32.1,9.33,88.3,94.5,92.7,66.7,0.0,0.02,-0.01,0.14,3.25,0.29,0.0,0.05,0.33,0.14,42.9,0.34,0.14,0.14,0.33,11.9,0.0,0.0,0.0,0.06,0.03,0.03,71.4,8.18,38.7,31.3,1.48,0.62,71.4,0.14,50.0,0.14,50.0,45.0,0.05,0.48,0.19,51.2,0.62,0.38,0.33,0.62,0.38,47.1,0.43,0.86,0.33,1.15,1.77,4.78,0.05,0.62,0.62,0.0,0.0,0.0,0.0,0.0,0.0,0.0,0.0,0.0,0.0,0.0,0.0,0.0,0.0,0.0,0.91,0.48,0.05,0.14,1.15,0.33,0.0,0.0,0.0,3.49,1.67,58.3,,,,,,,,,,,,,,,,,,,,,,,,,,,,,Kamal Miller,DF,Portland Timbers,28-202,Kamal Miller,Standard,2026,Kamal Miller,2025.0,770004.0,795004.0,0.002392344497607656,0.0,0.0009569377990430623,0.030000000000000002,3.3,1.77,DF,Standard,0,DF
382516280,1,2025,26,25,2071,23.0,0.09,0.09,0.17,0.09,0.0,0.0,0.13,0.04,0.1,0.1,0.1,0.2,1.91,2.52,6.91,0.09,0.09,0.17,0.09,0.17,0.1,0.1,0.21,0.1,0.21,23.0,32.9,16.7,13.1,2.13,42.5,19.2,16.2,4.83,77.5,87.3,81.0,44.1,532.0,134.2,32.9,16.7,13.1,2.13,42.5,19.2,16.2,4.83,77.5,87.3,81.0,44.1,32.9,16.7,13.1,2.13,42.5,19.2,16.2,4.83,77.5,87.3,81.0,44.1,32.9,16.7,13.1,2.13,42.5,19.2,16.2,4.83,77.5,87.3,81.0,44.1,0.09,0.1,-0.01,1.04,1.57,0.78,0.17,0.09,0.91,0.39,42.9,0.91,0.39,0.1,0.22,12.7,0.0,0.0,0.0,0.11,-0.02,-0.02,52.8,3.09,15.2,21.1,16.9,2.96,52.8,0.39,31.0,0.7,55.2,28.2,0.52,1.48,0.48,32.1,1.3,0.48,0.7,1.3,0.48,37.9,0.78,1.43,1.26,1.17,2.48,2.65,0.0,2.13,2.13,0.04,0.0,0.04,0.0,0.0,0.0,0.17,0.17,0.04,0.0,0.04,0.0,0.0,0.0,0.04,1.0,0.91,0.3,3.09,1.17,0.7,0.0,0.0,0.0,4.17,0.96,50.0,,,,,,,,,,,,,,,,,,,,,,,,,,,,,Peyton Miller,DF,NE Revolution,18-026,Peyton Miller,Homegrown,2027,Peyton Miller,2025.0,104000.0,106000.0,0.003913043478260869,0.003913043478260869,0.004347826086956522,-0.010000000000000009,4.43,2.4699999999999998,DF,HG,0,DF
3453668990,1,2025,10,6,514,5.7,0.0,0.0,0.0,0.0,0.0,0.0,0.0,0.0,0.0,0.0,0.0,0.0,0.35,4.04,0.35,0.0,0.0,0.0,0.0,0.0,0.0,0.0,0.0,0.0,0.0,5.7,48.2,17.9,25.1,4.91,56.5,18.9,27.5,8.25,85.4,94.4,91.1,59.6,931.4,330.5,48.2,17.9,25.1,4.91,56.5,18.9,27.5,8.25,85.4,94.4,91.1,59.6,48.2,17.9,25.1,4.91,56.5,18.9,27.5,8.25,85.4,94.4,91.1,59.6,48.2,17.9,25.1,4.91,56.5,18.9,27.5,8.25,85.4,94.4,91.1,59.6,0.0,0.02,0.0,0.0,4.56,0.0,0.0,0.0,0.0,0.0,,0.0,0.0,,,,0.0,0.0,0.0,,0.0,0.0,66.1,9.12,34.7,30.0,1.58,0.18,66.1,0.18,100.0,0.0,0.0,38.4,0.0,0.18,0.0,42.5,0.35,0.18,0.0,0.35,0.18,100.0,0.0,1.23,0.88,1.05,1.4,6.14,0.0,0.35,0.35,0.0,0.0,0.0,0.0,0.0,0.0,0.18,0.18,0.0,0.0,0.0,0.0,0.0,0.0,0.0,0.35,0.18,0.0,0.0,1.05,0.0,0.0,0.0,0.0,4.39,2.46,63.6,,,,,,,,,,,,,,,,,,,,,,,,,,,,,Zane Monlouis,DF,Toronto FC,22-049,Zane Monlouis,Standard,2026,Zane Monlouis,2025.0,115000.0,127891.0,0.0,0.0,0.0,0.0,4.39,1.4,DF,Standard,0,DF
3736504133,1,2025,8,5,458,5.1,0.0,0.0,0.0,0.0,0.0,0.0,0.2,0.0,0.18,0.18,0.02,0.2,0.59,2.55,0.0,0.0,0.0,0.0,0.0,0.0,0.18,0.01,0.19,0.18,0.19,5.1,62.0,17.1,36.3,8.24,69.2,18.4,37.8,12.2,89.5,92.6,95.9,67.7,1274.7,395.9,62.0,17.1,36.3,8.24,69.2,18.4,37.8,12.2,89.5,92.6,95.9,67.7,62.0,17.1,36.3,8.24,69.2,18.4,37.8,12.2,89.5,92.6,95.9,67.7,62.0,17.1,36.3,8.24,69.2,18.4,37.8,12.2,89.5,92.6,95.9,67.7,0.0,0.02,-0.02,0.2,3.33,0.0,0.0,0.0,1.57,0.39,25.0,1.57,0.39,0.0,0.0,12.5,0.0,0.0,0.0,0.11,-0.18,-0.18,77.3,3.33,33.3,40.8,3.53,1.76,77.3,0.59,75.0,0.2,25.0,53.3,0.0,0.59,0.2,58.2,0.59,0.39,0.39,0.59,0.39,66.7,0.2,0.59,0.39,1.76,2.35,2.75,0.2,1.18,1.18,0.2,0.0,0.0,0.0,0.2,0.0,0.0,0.0,0.2,0.0,0.0,0.0,0.2,0.0,0.0,1.18,0.59,0.0,0.2,1.76,0.39,0.0,0.0,0.0,6.08,1.18,46.2,,,,,,,,,,,,,,,,,,,,,,,,,,,,,Alán Montes,DF,Sporting KC,25-039,,,,Alán Montes,2025.0,400000.0,422500.0,0.0,0.0,0.03529411764705882,-0.18,3.1399999999999997,2.35,DF,Unknown,0,DF
86600063,2,2025,33,31,2822,31.4,0.1,0.06,0.16,0.1,0.0,0.0,0.13,0.0,0.08,0.08,0.1,0.18,2.13,2.77,4.3,0.1,0.06,0.16,0.1,0.16,0.08,0.1,0.18,0.08,0.18,31.4,29.0,13.8,11.7,2.9,37.4,15.6,14.5,5.35,77.7,88.4,80.8,54.2,497.9,197.0,29.0,13.8,11.7,2.9,37.4,15.6,14.5,5.35,77.7,88.4,80.8,54.2,29.0,13.8,11.7,2.9,37.4,15.6,14.5,5.35,77.7,88.4,80.8,54.2,29.0,13.8,11.7,2.9,37.4,15.6,14.5,5.35,77.7,88.4,80.8,54.2,0.06,0.1,-0.04,0.57,2.32,0.96,0.48,0.1,0.83,0.25,30.8,0.83,0.26,0.12,0.38,18.9,0.0,0.0,0.0,0.1,0.02,0.02,48.9,4.87,18.4,18.4,12.4,1.69,48.9,0.51,45.7,0.57,51.4,22.3,0.54,1.05,0.45,27.7,1.62,0.83,1.24,1.62,0.83,65.0,0.45,0.89,0.38,0.92,2.55,3.95,0.0,1.72,1.72,0.0,0.0,0.1,0.03,0.1,0.0,0.29,0.29,0.0,0.0,0.1,0.03,0.1,0.0,0.0,1.15,0.89,0.06,2.42,0.92,1.24,0.0,0.03,0.0,3.28,0.92,47.5,,,,,,,,,,,,,,,,,,,,,,,,,,,,,Shaq Moore,"DF,MF",FC Dallas,29-032,Shaq Moore,TAM Player,2026,Shaq Moore,2025.0,700000.0,770000.0,0.0031847133757961785,0.001910828025477707,0.002547770700636943,0.020000000000000004,4.9,2.54,DF,TAM,0,DF
9705023472,1,2025,5,5,405,4.5,0.0,0.0,0.0,0.0,0.0,0.0,0.44,0.0,0.0,0.0,0.07,0.07,1.56,4.0,0.0,0.0,0.0,0.0,0.0,0.0,0.0,0.08,0.08,0.0,0.08,4.5,77.8,24.0,47.1,6.44,82.4,24.4,49.1,8.22,94.3,98.2,95.9,78.4,1531.8,483.8,77.8,24.0,47.1,6.44,82.4,24.4,49.1,8.22,94.3,98.2,95.9,78.4,77.8,24.0,47.1,6.44,82.4,24.4,49.1,8.22,94.3,98.2,95.9,78.4,77.8,24.0,47.1,6.44,82.4,24.4,49.1,8.22,94.3,98.2,95.9,78.4,0.0,0.09,-0.07,0.44,3.56,0.22,0.0,0.0,0.0,0.0,,0.0,0.0,,,,0.0,0.0,0.0,,0.0,0.0,93.8,9.56,37.1,55.3,1.78,0.89,93.8,0.44,100.0,0.0,0.0,62.2,0.0,0.44,0.0,75.3,1.56,1.33,1.11,1.56,1.33,75.0,0.44,0.89,0.22,1.11,2.67,5.56,0.22,0.22,0.22,0.0,0.0,0.0,0.0,0.0,0.0,0.0,0.0,0.0,0.0,0.0,0.0,0.0,0.0,0.0,2.0,0.22,0.0,0.0,1.11,1.11,0.0,0.0,0.0,3.33,3.11,70.0,,,,,,,,,,,,,,,,,,,,,,,,,,,,,Efrain Morales,DF,CF Montréal,21-275,Efrain Morales,Homegrown,2025,,,,,0.0,0.0,0.0,0.0,5.5600000000000005,2.67,DF,HG,0,DF
9705023472,2,2025,5,5,405,4.5,0.0,0.0,0.0,0.0,0.0,0.0,0.44,0.0,0.0,0.0,0.07,0.07,1.56,4.0,0.0,0.0,0.0,0.0,0.0,0.0,0.0,0.08,0.08,0.0,0.08,4.5,77.8,24.0,47.1,6.44,82.4,24.4,49.1,8.22,94.3,98.2,95.9,78.4,1531.8,483.8,77.8,24.0,47.1,6.44,82.4,24.4,49.1,8.22,94.3,98.2,95.9,78.4,77.8,24.0,47.1,6.44,82.4,24.4,49.1,8.22,94.3,98.2,95.9,78.4,77.8,24.0,47.1,6.44,82.4,24.4,49.1,8.22,94.3,98.2,95.9,78.4,0.0,0.09,-0.07,0.44,3.56,0.22,0.0,0.0,0.0,0.0,,0.0,0.0,,,,0.0,0.0,0.0,,0.0,0.0,93.8,9.56,37.1,55.3,1.78,0.89,93.8,0.44,100.0,0.0,0.0,62.2,0.0,0.44,0.0,75.3,1.56,1.33,1.11,1.56,1.33,75.0,0.44,0.89,0.22,1.11,2.67,5.56,0.22,0.22,0.22,0.0,0.0,0.0,0.0,0.0,0.0,0.0,0.0,0.0,0.0,0.0,0.0,0.0,0.0,0.0,2.0,0.22,0.0,0.0,1.11,1.11,0.0,0.0,0.0,3.33,3.11,70.0,,,,,,,,,,,,,,,,,,,,,,,,,,,,,Efrain Morales,DF,CF Montréal,21-275,Efrain Morales,Homegrown,2025,,,,,0.0,0.0,0.0,0.0,5.5600000000000005,2.67,DF,HG,0,DF
9705023472,1,2025,6,5,484,5.4,0.0,0.0,0.0,0.0,0.0,0.0,0.37,0.0,0.09,0.09,0.0,0.09,0.19,3.15,0.0,0.0,0.0,0.0,0.0,0.0,0.08,0.0,0.08,0.08,0.08,5.4,59.1,19.3,35.6,4.07,65.2,20.4,38.3,6.11,90.6,94.5,92.8,66.7,1132.2,428.1,59.1,19.3,35.6,4.07,65.2,20.4,38.3,6.11,90.6,94.5,92.8,66.7,59.1,19.3,35.6,4.07,65.2,20.4,38.3,6.11,90.6,94.5,92.8,66.7,59.1,19.3,35.6,4.07,65.2,20.4,38.3,6.11,90.6,94.5,92.8,66.7,0.0,0.0,0.0,0.0,2.96,0.0,0.0,0.0,0.56,0.0,0.0,0.56,0.0,0.0,,9.5,0.0,0.0,0.0,0.15,-0.09,-0.09,78.7,13.0,47.0,30.2,1.67,0.93,78.7,0.19,100.0,0.0,0.0,43.1,0.0,0.56,0.56,50.7,2.78,1.3,1.48,2.78,1.3,100.0,0.0,1.3,0.56,1.48,4.26,5.19,0.19,0.74,0.74,0.0,0.0,0.0,0.0,0.19,0.0,0.0,0.0,0.0,0.0,0.0,0.0,0.19,0.0,0.0,1.85,0.37,0.0,0.0,1.48,1.48,0.0,0.0,0.0,3.33,4.26,57.5,,,,,,,,,,,,,,,,,,,,,,,,,,,,,Efrain Morales,DF,CF Montréal,21-275,Efrain Morales,Homegrown,2025,,,,,0.0,0.0,0.016666666666666666,-0.09,3.34,4.26,DF,HG,0,DF
9705023472,2,2025,6,5,484,5.4,0.0,0.0,0.0,0.0,0.0,0.0,0.37,0.0,0.09,0.09,0.0,0.09,0.19,3.15,0.0,0.0,0.0,0.0,0.0,0.0,0.08,0.0,0.08,0.08,0.08,5.4,59.1,19.3,35.6,4.07,65.2,20.4,38.3,6.11,90.6,94.5,92.8,66.7,1132.2,428.1,59.1,19.3,35.6,4.07,65.2,20.4,38.3,6.11,90.6,94.5,92.8,66.7,59.1,19.3,35.6,4.07,65.2,20.4,38.3,6.11,90.6,94.5,92.8,66.7,59.1,19.3,35.6,4.07,65.2,20.4,38.3,6.11,90.6,94.5,92.8,66.7,0.0,0.0,0.0,0.0,2.96,0.0,0.0,0.0,0.56,0.0,0.0,0.56,0.0,0.0,,9.5,0.0,0.0,0.0,0.15,-0.09,-0.09,78.7,13.0,47.0,30.2,1.67,0.93,78.7,0.19,100.0,0.0,0.0,43.1,0.0,0.56,0.56,50.7,2.78,1.3,1.48,2.78,1.3,100.0,0.0,1.3,0.56,1.48,4.26,5.19,0.19,0.74,0.74,0.0,0.0,0.0,0.0,0.19,0.0,0.0,0.0,0.0,0.0,0.0,0.0,0.19,0.0,0.0,1.85,0.37,0.0,0.0,1.48,1.48,0.0,0.0,0.0,3.33,4.26,57.5,,,,,,,,,,,,,,,,,,,,,,,,,,,,,Efrain Morales,DF,CF Montréal,21-275,Efrain Morales,Homegrown,2025,,,,,0.0,0.0,0.016666666666666666,-0.09,3.34,4.26,DF,HG,0,DF
1080642342,1,2025,4,2,183,2.0,0.0,0.0,0.0,0.0,0.0,0.0,0.0,0.0,0.05,0.05,0.05,0.1,1.5,7.5,7.0,0.0,0.0,0.0,0.0,0.0,0.03,0.05,0.09,0.03,0.09,2.0,42.0,12.5,22.5,6.0,60.5,15.0,29.0,13.0,69.4,83.3,77.6,46.2,848.5,345.0,42.0,12.5,22.5,6.0,60.5,15.0,29.0,13.0,69.4,83.3,77.6,46.2,42.0,12.5,22.5,6.0,60.5,15.0,29.0,13.0,69.4,83.3,77.6,46.2,42.0,12.5,22.5,6.0,60.5,15.0,29.0,13.0,69.4,83.3,77.6,46.2,0.0,0.1,-0.05,1.0,5.5,1.0,1.0,0.0,1.5,0.0,0.0,1.48,0.0,0.0,,28.2,0.0,0.0,0.0,0.02,-0.05,-0.05,70.0,0.5,9.5,32.0,28.5,2.0,70.0,2.0,80.0,0.5,20.0,30.5,0.5,1.0,0.0,36.5,1.0,1.0,0.5,1.0,1.0,40.0,1.5,1.0,1.0,1.0,2.0,1.5,0.0,2.0,1.97,0.0,0.0,0.5,0.0,0.0,0.0,0.0,0.0,0.0,0.0,0.5,0.0,0.0,0.0,0.0,1.5,1.0,0.0,10.5,1.0,0.5,0.0,0.0,0.0,3.0,0.0,0.0,,,,,,,,,,,,,,,,,,,,,,,,,,,,,Marcelo Morales,DF,NY Red Bulls,22-181,Marcelo Morales,Standard,2027,Marcelo Morales,2025.0,300000.0,447375.0,0.0,0.0,0.025,-0.05,9.0,2.0,DF,Standard,0,DF
4893362266,1,2025,4,0,30,0.3,0.0,0.0,0.0,0.0,0.0,0.0,0.0,0.0,0.0,0.0,0.0,0.0,3.33,10.0,10.0,0.0,0.0,0.0,0.0,0.0,0.0,0.0,0.0,0.0,0.0,0.3,120.0,66.7,36.7,6.67,126.7,70.0,36.7,6.67,94.7,95.2,100.0,100.0,1730.0,426.7,120.0,66.7,36.7,6.67,126.7,70.0,36.7,6.67,94.7,95.2,100.0,100.0,120.0,66.7,36.7,6.67,126.7,70.0,36.7,6.67,94.7,95.2,100.0,100.0,120.0,66.7,36.7,6.67,126.7,70.0,36.7,6.67,94.7,95.2,100.0,100.0,0.0,0.0,0.0,0.0,6.67,0.0,0.0,0.0,0.0,0.0,,0.0,0.0,,,,0.0,0.0,0.0,,0.0,0.0,150.0,0.0,33.3,63.3,60.0,0.0,150.0,0.0,,0.0,,93.3,0.0,3.33,0.0,103.3,10.0,6.67,6.67,10.0,6.67,66.7,3.33,3.33,3.33,0.0,10.0,0.0,0.0,10.0,9.0,0.0,0.0,0.0,0.0,0.0,0.0,0.0,0.0,0.0,0.0,0.0,0.0,0.0,0.0,0.0,3.33,3.33,0.0,0.0,0.0,6.67,0.0,0.0,0.0,20.0,0.0,0.0,,,,,,,,,,,,,,,,,,,,,,,,,,,,,Santi Morales,"MF,DF",Inter Miami,18-298,,,,,,,,0.0,0.0,0.0,0.0,13.33,10.0,DF,Unknown,-1,DF
1904270088,1,2025,30,29,2457,27.3,0.04,0.07,0.11,0.04,0.0,0.0,0.15,0.0,0.04,0.04,0.1,0.14,2.05,7.25,2.23,0.04,0.07,0.11,0.04,0.11,0.04,0.1,0.14,0.04,0.14,27.3,63.9,35.5,24.5,2.71,71.9,38.1,26.3,4.58,88.9,93.2,93.0,59.2,967.4,360.7,63.9,35.5,24.5,2.71,71.9,38.1,26.3,4.58,88.9,93.2,93.0,59.2,63.9,35.5,24.5,2.71,71.9,38.1,26.3,4.58,88.9,93.2,93.0,59.2,63.9,35.5,24.5,2.71,71.9,38.1,26.3,4.58,88.9,93.2,93.0,59.2,0.07,0.11,-0.02,0.73,6.67,1.54,0.26,0.04,0.66,0.22,33.3,0.66,0.22,0.06,0.17,20.6,0.04,0.0,0.0,0.07,-0.01,-0.01,79.5,3.19,19.9,42.5,17.8,1.21,79.5,0.51,50.0,0.44,42.9,49.3,0.22,1.25,0.59,59.7,1.28,0.62,1.1,1.28,0.62,45.9,0.73,0.92,0.62,0.51,1.79,1.65,0.07,2.2,2.2,0.04,0.0,0.07,0.0,0.04,0.0,0.29,0.29,0.04,0.0,0.07,0.0,0.04,0.0,0.0,0.7,0.4,0.0,1.17,0.51,1.1,0.0,0.0,0.0,3.99,0.4,28.2,,,,,,,,,,,,,,,,,,,,,,,,,,,,,Steven Moreira,DF,Columbus Crew,31-113,Steven Moreira,TAM Player,2025,Steven Moreira,2025.0,820000.0,902000.0,0.0014652014652014652,0.002564102564102564,0.0014652014652014652,0.0,9.3,1.79,DF,TAM,0,DF
5441899869,2,2025,10,0,156,1.7,0.59,0.0,0.59,0.59,0.0,0.0,1.76,0.0,0.29,0.29,0.06,0.29,8.24,6.47,15.9,0.58,0.0,0.58,0.58,0.58,0.26,0.04,0.3,0.26,0.3,1.7,27.6,12.9,12.9,1.18,46.5,18.2,17.6,5.29,59.5,71.0,73.3,22.2,451.2,117.1,27.6,12.9,12.9,1.18,46.5,18.2,17.6,5.29,59.5,71.0,73.3,22.2,27.6,12.9,12.9,1.18,46.5,18.2,17.6,5.29,59.5,71.0,73.3,22.2,27.6,12.9,12.9,1.18,46.5,18.2,17.6,5.29,59.5,71.0,73.3,22.2,0.0,0.06,-0.06,0.59,2.35,2.35,0.0,0.59,4.71,1.18,25.0,4.62,1.15,0.13,0.5,18.9,0.0,0.0,0.0,0.06,0.29,0.29,61.8,0.59,5.88,22.4,34.1,7.06,61.8,1.18,50.0,1.18,50.0,43.5,2.94,2.35,2.35,46.5,1.18,0.0,1.18,1.18,0.0,0.0,1.18,0.59,0.59,1.18,2.35,1.18,0.0,1.18,1.15,0.59,0.0,0.0,0.0,0.0,0.0,0.0,0.0,0.59,0.0,0.0,0.0,0.0,0.0,0.0,2.35,1.76,0.59,8.24,1.18,1.18,0.0,0.0,0.0,4.71,0.59,33.3,,,,,,,,,,,,,,,,,,,,,,,,,,,,,Edwin Mosquera,"FW,DF",Atlanta Utd,24-160,Edwin Mosquera,U22 Initiative,2025,Edwin Mosquera,2025.0,425000.0,455833.0,0.34705882352941175,0.0,0.17058823529411765,0.3,14.71,2.36,DF,U22,0,DF
8993800961,1,2025,24,22,1991,22.1,0.09,0.09,0.18,0.09,0.0,0.0,0.18,0.0,0.08,0.08,0.01,0.1,0.72,3.3,0.5,0.09,0.09,0.18,0.09,0.18,0.08,0.01,0.09,0.08,0.09,22.1,47.6,15.2,28.1,3.67,55.9,17.1,30.3,6.65,85.0,88.9,93.0,55.1,908.1,319.8,47.6,15.2,28.1,3.67,55.9,17.1,30.3,6.65,85.0,88.9,93.0,55.1,47.6,15.2,28.1,3.67,55.9,17.1,30.3,6.65,85.0,88.9,93.0,55.1,47.6,15.2,28.1,3.67,55.9,17.1,30.3,6.65,85.0,88.9,93.0,55.1,0.09,0.02,0.08,0.27,3.17,0.14,0.05,0.09,0.59,0.23,38.5,0.59,0.23,0.15,0.4,9.4,0.0,0.0,0.0,0.13,0.01,0.01,67.2,6.52,33.2,31.1,3.57,1.0,67.2,0.14,42.9,0.18,57.1,37.3,0.0,0.5,0.14,42.3,1.36,0.68,1.0,1.36,0.68,65.2,0.36,1.58,0.9,1.27,2.62,5.02,0.18,1.0,0.99,0.0,0.0,0.0,0.0,0.05,0.0,0.14,0.14,0.0,0.0,0.0,0.0,0.05,0.0,0.0,0.68,0.63,0.0,0.14,1.27,1.0,0.0,0.0,0.0,4.62,2.08,56.1,,,,,,,,,,,,,,,,,,,,,,,,,,,,,Daniel Munie,DF,SJ Earthquakes,25-297,Daniel Munie,Standard,2025,Daniel Munie,2025.0,104000.0,178000.0,0.004072398190045248,0.004072398190045248,0.003619909502262443,0.009999999999999995,4.02,2.63,DF,Standard,0,DF
9919503256,2,2025,16,12,1048,11.6,0.0,0.0,0.0,0.0,0.0,0.0,0.09,0.0,0.0,0.0,0.0,0.0,0.6,2.67,0.95,0.0,0.0,0.0,0.0,0.0,0.0,0.0,0.0,0.0,0.0,11.6,35.3,17.0,16.0,1.55,42.8,19.1,18.3,3.62,82.5,89.1,87.7,42.9,569.0,212.9,35.3,17.0,16.0,1.55,42.8,19.1,18.3,3.62,82.5,89.1,87.7,42.9,35.3,17.0,16.0,1.55,42.8,19.1,18.3,3.62,82.5,89.1,87.7,42.9,35.3,17.0,16.0,1.55,42.8,19.1,18.3,3.62,82.5,89.1,87.7,42.9,0.0,0.02,0.0,0.09,1.98,0.43,0.0,0.0,0.0,0.0,,0.0,0.0,,,,0.0,0.0,0.0,,0.0,0.0,51.4,5.52,21.6,25.6,4.4,0.17,51.4,0.26,50.0,0.26,50.0,27.7,0.0,0.78,0.17,31.6,0.95,0.52,0.6,0.95,0.52,54.5,0.43,1.12,0.26,0.86,1.81,3.45,0.0,0.52,0.52,0.0,0.0,0.0,0.0,0.0,0.0,0.09,0.09,0.0,0.0,0.0,0.0,0.0,0.0,0.0,0.86,0.09,0.0,0.34,0.86,0.6,0.0,0.0,0.0,4.14,1.72,54.1,,,,,,,,,,,,,,,,,,,,,,,,,,,,,Ian Murphy,DF,Colorado Rapids,25-322,Ian Murphy,Standard,2026,Ian Murphy,2025.0,400000.0,447500.0,0.0,0.0,0.0,0.0,3.27,1.81,DF,Standard,0,DF
6091684136,2,2025,33,28,2541,28.2,0.07,0.25,0.32,0.07,0.0,0.0,0.14,0.0,0.03,0.03,0.16,0.19,2.52,7.52,4.04,0.07,0.25,0.32,0.07,0.32,0.03,0.16,0.19,0.03,0.19,28.2,55.2,27.3,22.5,4.61,67.1,29.5,26.7,8.69,82.2,92.5,84.3,53.1,928.6,367.4,55.2,27.3,22.5,4.61,67.1,29.5,26.7,8.69,82.2,92.5,84.3,53.1,55.2,27.3,22.5,4.61,67.1,29.5,26.7,8.69,82.2,92.5,84.3,53.1,55.2,27.3,22.5,4.61,67.1,29.5,26.7,8.69,82.2,92.5,84.3,53.1,0.25,0.19,0.09,1.24,5.82,2.3,0.46,0.07,0.6,0.28,47.1,0.6,0.28,0.12,0.25,22.4,0.0,0.0,0.0,0.05,0.04,0.04,77.4,3.33,22.4,38.2,17.7,1.1,77.4,1.67,58.8,0.99,35.0,45.5,0.25,1.28,0.6,50.6,2.02,0.99,1.17,2.02,0.99,57.1,0.74,0.96,0.85,1.49,3.51,2.45,0.14,3.16,3.15,0.11,0.0,0.04,0.0,0.0,0.0,0.46,0.46,0.11,0.0,0.04,0.0,0.0,0.0,0.0,1.1,0.89,0.07,2.09,1.49,1.17,0.0,0.07,0.0,5.07,0.71,54.1,,,,,,,,,,,,,,,,,,,,,,,,,,,,,Andy Najar,DF,Nashville SC,32-263,Andy Najar,Standard,2025,,,,,0.0024822695035460994,0.008865248226950355,0.0010638297872340426,0.04000000000000001,10.04,3.51,DF,Standard,0,DF
9582302824,1,2025,30,22,1990,22.1,0.05,0.0,0.05,0.05,0.0,0.0,0.09,0.0,0.1,0.1,0.05,0.16,3.89,4.48,8.73,0.05,0.0,0.05,0.05,0.05,0.11,0.06,0.16,0.11,0.16,22.1,46.7,27.5,15.7,2.4,57.0,30.4,19.0,4.39,81.8,90.6,82.6,54.6,699.5,213.3,46.7,27.5,15.7,2.4,57.0,30.4,19.0,4.39,81.8,90.6,82.6,54.6,46.7,27.5,15.7,2.4,57.0,30.4,19.0,4.39,81.8,90.6,82.6,54.6,46.7,27.5,15.7,2.4,57.0,30.4,19.0,4.39,81.8,90.6,82.6,54.6,0.0,0.07,-0.05,0.72,3.76,1.0,0.41,0.05,0.86,0.18,21.1,0.86,0.18,0.05,0.25,14.9,0.0,0.0,0.0,0.12,-0.06,-0.06,65.9,2.04,14.2,28.3,24.0,2.13,65.9,0.45,43.5,0.5,47.8,36.6,0.32,0.77,0.59,41.2,1.9,0.95,1.49,1.9,0.95,63.6,0.54,0.86,0.59,1.04,2.94,1.63,0.0,1.49,1.49,0.0,0.0,0.18,0.0,0.0,0.0,0.0,0.0,0.0,0.0,0.18,0.0,0.0,0.0,0.0,0.41,1.31,0.27,2.85,1.04,1.49,0.0,0.0,0.0,4.16,0.5,45.8,,,,,,,,,,,,,,,,,,,,,,,,,,,,,Logan Ndenbe,DF,Sporting KC,25-298,Logan Ndenbe,U22 Initiative,2025,Logan Ndenbe,2025.0,525000.0,530000.0,0.002262443438914027,0.0,0.004524886877828054,-0.05,8.370000000000001,2.94,DF,U22,0,DF
2496771757,2,2025,14,12,950,10.6,0.09,0.0,0.09,0.09,0.0,0.0,0.09,0.0,0.04,0.04,0.0,0.04,0.38,2.74,0.09,0.09,0.0,0.09,0.09,0.09,0.04,0.0,0.04,0.04,0.04,10.6,55.2,16.2,33.2,5.28,61.4,17.1,34.9,8.3,89.9,95.0,95.1,63.6,1101.6,324.9,55.2,16.2,33.2,5.28,61.4,17.1,34.9,8.3,89.9,95.0,95.1,63.6,55.2,16.2,33.2,5.28,61.4,17.1,34.9,8.3,89.9,95.0,95.1,63.6,55.2,16.2,33.2,5.28,61.4,17.1,34.9,8.3,89.9,95.0,95.1,63.6,0.0,0.01,0.0,0.09,2.45,0.09,0.0,0.09,0.28,0.19,66.7,0.28,0.19,0.33,0.5,8.4,0.0,0.0,0.0,0.14,0.06,0.06,71.8,8.96,41.7,29.2,1.32,0.38,71.8,0.09,100.0,0.0,0.0,47.6,0.0,0.47,0.28,50.5,3.4,1.42,2.36,3.4,1.42,62.5,0.85,0.94,0.19,1.13,4.53,3.4,0.28,1.13,1.14,0.0,0.0,0.0,0.0,0.0,0.0,0.28,0.28,0.0,0.0,0.0,0.0,0.0,0.0,0.0,0.94,0.28,0.19,0.0,1.13,2.36,0.0,0.0,0.0,4.43,1.13,38.7,,,,,,,,,,,,,,,,,,,,,,,,,,,,,Jalen Neal,DF,CF Montréal,22-102,Jalen Neal,U22 Initiative,2027,Jalen Neal,2025.0,600000.0,681250.0,0.008490566037735849,0.0,0.0037735849056603774,0.049999999999999996,3.12,4.529999999999999,DF,U22,0,DF
872890040,1,2025,18,13,1093,12.1,0.08,0.0,0.08,0.08,0.0,0.0,0.25,0.0,0.08,0.08,0.04,0.12,1.65,3.22,6.45,0.08,0.0,0.08,0.08,0.08,0.08,0.04,0.12,0.08,0.12,12.1,48.1,21.1,22.3,4.21,63.2,24.2,28.2,7.69,76.1,87.0,79.2,54.8,862.1,225.4,48.1,21.1,22.3,4.21,63.2,24.2,28.2,7.69,76.1,87.0,79.2,54.8,48.1,21.1,22.3,4.21,63.2,24.2,28.2,7.69,76.1,87.0,79.2,54.8,48.1,21.1,22.3,4.21,63.2,24.2,28.2,7.69,76.1,87.0,79.2,54.8,0.0,0.08,-0.04,0.74,2.81,0.99,0.5,0.08,0.83,0.25,30.0,0.82,0.25,0.1,0.33,15.4,0.0,0.0,0.0,0.1,0.0,0.0,74.5,2.73,19.3,32.2,23.4,2.81,74.5,0.58,43.8,0.5,37.5,37.9,0.33,1.98,0.99,46.8,1.9,1.57,1.49,1.9,1.57,61.3,0.99,0.99,0.83,0.74,2.64,2.81,0.0,1.98,1.97,0.17,0.0,0.33,0.08,0.0,0.0,0.08,0.08,0.17,0.0,0.33,0.08,0.0,0.0,0.0,1.4,1.65,0.0,2.48,0.74,1.49,0.08,0.0,0.0,3.55,1.74,50.0,,,,,,,,,,,,,,,,,,,,,,,,,,,,,Dylan Nealis,DF,NY Red Bulls,27-127,Dylan Nealis,Standard,2027,Dylan Nealis,2025.0,385000.0,385000.0,0.006611570247933885,0.0,0.006611570247933885,0.0,4.87,2.6399999999999997,DF,Standard,0,DF
7304092989,1,2025,25,20,1833,20.4,0.0,0.0,0.0,0.0,0.0,0.0,0.39,0.0,0.01,0.01,0.02,0.03,0.54,2.84,0.25,0.0,0.0,0.0,0.0,0.0,0.02,0.02,0.04,0.02,0.04,20.4,52.8,21.4,28.3,2.5,59.5,23.2,30.2,4.8,88.8,92.4,93.7,52.0,918.9,293.5,52.8,21.4,28.3,2.5,59.5,23.2,30.2,4.8,88.8,92.4,93.7,52.0,52.8,21.4,28.3,2.5,59.5,23.2,30.2,4.8,88.8,92.4,93.7,52.0,52.8,21.4,28.3,2.5,59.5,23.2,30.2,4.8,88.8,92.4,93.7,52.0,0.0,0.01,-0.02,0.15,2.65,0.05,0.0,0.0,0.25,0.05,20.0,0.25,0.05,0.0,0.0,14.8,0.0,0.0,0.0,0.06,-0.01,-0.01,71.7,7.89,35.0,34.0,2.99,0.93,71.7,0.1,40.0,0.15,60.0,37.6,0.05,0.15,0.2,46.8,1.37,1.03,0.98,1.37,1.03,84.0,0.2,0.98,0.29,1.62,2.99,6.76,0.05,0.59,0.59,0.0,0.0,0.0,0.0,0.0,0.0,0.05,0.05,0.0,0.0,0.0,0.0,0.0,0.0,0.0,0.93,0.15,0.05,0.05,1.62,0.98,0.0,0.05,0.0,3.87,2.55,57.8,,,,,,,,,,,,,,,,,,,,,,,,,,,,,Sean Nealis,DF,NY Red Bulls,28-325,Sean Nealis,Standard,2025,Sean Nealis,2025.0,550000.0,626250.0,0.0,0.0,0.0004901960784313725,-0.01,3.38,2.99,DF,Standard,0,DF
2619488301,1,2025,1,0,3,0.0,0.0,0.0,0.0,0.0,0.0,0.0,0.0,0.0,0.0,0.0,0.0,0.0,0.0,0.0,0.0,0.0,0.0,0.0,0.0,0.0,0.0,0.0,0.0,0.0,0.0,0.0,2.0,0.0,2.0,0.0,3.0,0.0,2.0,0.0,66.7,,100.0,,53.0,52.0,2.0,0.0,2.0,0.0,3.0,0.0,2.0,0.0,66.7,,100.0,,2.0,0.0,2.0,0.0,3.0,0.0,2.0,0.0,66.7,,100.0,,2.0,0.0,2.0,0.0,3.0,0.0,2.0,0.0,66.7,,100.0,,0.0,0.0,0.0,0.0,0.0,0.0,0.0,0.0,0.0,0.0,,0.0,0.0,,,,0.0,0.0,0.0,,0.0,0.0,4.0,0.0,4.0,0.0,0.0,0.0,4.0,0.0,,0.0,,1.0,0.0,0.0,0.0,1.0,1.0,0.0,1.0,1.0,0.0,,0.0,0.0,0.0,0.0,1.0,0.0,0.0,0.0,0.0,0.0,0.0,0.0,0.0,0.0,0.0,0.0,0.0,0.0,0.0,0.0,0.0,0.0,0.0,0.0,0.0,0.0,0.0,0.0,0.0,1.0,0.0,0.0,0.0,0.0,0.0,,,,,,,,,,,,,,,,,,,,,,,,,,,,,,Jack Neeley,DF,Charlotte,20-268,Jack Neeley,Homegrown,2026,Jack Neeley,2025.0,104000.0,106000.0,,,,0.0,0.0,1.0,DF,HG,0,DF
4831365177,2,2025,15,9,657,7.3,0.14,0.14,0.27,0.14,0.0,0.0,0.55,0.0,0.03,0.03,0.15,0.18,2.05,6.85,4.93,0.14,0.14,0.27,0.14,0.27,0.02,0.15,0.17,0.02,0.17,7.3,63.6,35.1,23.3,4.66,79.0,39.5,27.5,9.45,80.4,88.9,84.6,49.3,1039.9,394.7,63.6,35.1,23.3,4.66,79.0,39.5,27.5,9.45,80.4,88.9,84.6,49.3,63.6,35.1,23.3,4.66,79.0,39.5,27.5,9.45,80.4,88.9,84.6,49.3,63.6,35.1,23.3,4.66,79.0,39.5,27.5,9.45,80.4,88.9,84.6,49.3,0.14,0.11,-0.01,0.82,6.58,1.1,0.27,0.14,0.68,0.27,40.0,0.68,0.27,0.2,0.5,18.1,0.0,0.0,0.0,0.03,0.11,0.11,90.1,2.6,21.6,44.4,24.8,1.37,90.1,0.68,35.7,1.1,57.1,47.1,0.14,1.37,0.41,61.2,2.19,1.1,1.37,2.19,1.1,100.0,0.0,1.78,1.23,1.1,3.29,2.05,0.27,1.64,1.64,0.14,0.14,0.0,0.0,0.0,0.0,0.27,0.27,0.14,0.14,0.0,0.0,0.0,0.0,0.0,1.64,0.41,0.0,3.29,1.1,1.37,0.0,0.14,0.0,4.93,0.41,42.9,,,,,,,,,,,,,,,,,,,,,,,,,,,,,Franco Negri,DF,San Diego FC,30-287,Franco Negri,Standard,2025,Franco Negri,2025.0,270000.0,297500.0,0.019178082191780823,0.019178082191780823,0.00410958904109589,0.11000000000000001,8.899999999999999,3.29,DF,Standard,0,DF
388929472,2,2025,31,24,2044,22.7,0.0,0.04,0.04,0.0,0.0,0.0,0.09,0.0,0.02,0.02,0.04,0.06,1.59,4.32,3.7,0.0,0.04,0.04,0.0,0.04,0.02,0.04,0.06,0.02,0.06,22.7,46.6,23.3,20.4,1.94,54.8,25.5,23.6,3.7,85.1,91.2,86.6,52.4,744.8,235.4,46.6,23.3,20.4,1.94,54.8,25.5,23.6,3.7,85.1,91.2,86.6,52.4,46.6,23.3,20.4,1.94,54.8,25.5,23.6,3.7,85.1,91.2,86.6,52.4,46.6,23.3,20.4,1.94,54.8,25.5,23.6,3.7,85.1,91.2,86.6,52.4,0.04,0.06,0.01,0.62,3.83,0.53,0.09,0.0,0.4,0.04,11.1,0.4,0.04,0.0,0.0,22.9,0.0,0.0,0.0,0.06,-0.02,-0.02,64.8,4.49,21.9,32.0,11.4,0.97,64.8,0.09,33.3,0.18,66.7,35.5,0.04,0.75,0.18,42.1,1.41,0.57,0.97,1.41,0.57,54.2,0.48,1.19,0.57,0.93,2.33,3.79,0.0,1.15,1.14,0.0,0.0,0.0,0.0,0.04,0.0,0.13,0.13,0.0,0.0,0.0,0.0,0.04,0.0,0.0,0.7,0.26,0.09,0.53,0.93,0.97,0.0,0.04,0.0,3.17,0.62,38.9,,,,,,,,,,,,,,,,,,,,,,,,,,,,,John Nelson,DF,LA Galaxy,27-146,John Nelson,Standard,2025,John Nelson,2025.0,275000.0,291667.0,0.0,0.001762114537444934,0.000881057268722467,-0.02,5.91,2.34,DF,Standard,0,DF
7680378442,1,2025,2,1,94,1.0,0.0,0.0,0.0,0.0,0.0,0.0,0.0,0.0,0.1,0.1,0.0,0.1,1.0,6.0,0.0,0.0,0.0,0.0,0.0,0.0,0.07,0.0,0.07,0.07,0.07,1.0,104.0,27.0,74.0,3.0,110.0,27.0,77.0,5.0,94.5,100.0,96.1,60.0,1961.0,513.0,104.0,27.0,74.0,3.0,110.0,27.0,77.0,5.0,94.5,100.0,96.1,60.0,104.0,27.0,74.0,3.0,110.0,27.0,77.0,5.0,94.5,100.0,96.1,60.0,104.0,27.0,74.0,3.0,110.0,27.0,77.0,5.0,94.5,100.0,96.1,60.0,0.0,0.0,0.0,0.0,8.0,0.0,0.0,0.0,1.0,1.0,100.0,0.96,0.96,0.0,0.0,9.0,0.0,0.0,0.0,0.07,-0.1,-0.1,122.0,10.0,54.0,65.0,4.0,1.0,122.0,0.0,,0.0,,89.0,0.0,0.0,0.0,92.0,0.0,0.0,0.0,0.0,0.0,,0.0,2.0,1.0,2.0,2.0,7.0,0.0,0.0,0.0,0.0,0.0,0.0,0.0,0.0,0.0,0.0,0.0,0.0,0.0,0.0,0.0,0.0,0.0,0.0,1.0,0.0,0.0,0.0,2.0,0.0,0.0,0.0,0.0,7.0,5.0,83.3,,,,,,,,,,,,,,,,,,,,,,,,,,,,,Kenneth Nielsen,DF,LAFC,23-294,,,,,,,,0.0,0.0,0.1,-0.1,7.0,2.0,DF,Unknown,-1,DF
346621144,2,2025,6,2,133,1.5,0.0,0.0,0.0,0.0,0.0,0.0,0.0,0.0,0.27,0.27,0.0,0.27,1.33,5.33,0.0,0.0,0.0,0.0,0.0,0.0,0.28,0.0,0.28,0.28,0.28,1.5,60.0,25.3,26.7,8.0,70.0,26.7,28.7,12.7,85.7,95.0,93.0,63.2,1140.7,506.7,60.0,25.3,26.7,8.0,70.0,26.7,28.7,12.7,85.7,95.0,93.0,63.2,60.0,25.3,26.7,8.0,70.0,26.7,28.7,12.7,85.7,95.0,93.0,63.2,60.0,25.3,26.7,8.0,70.0,26.7,28.7,12.7,85.7,95.0,93.0,63.2,0.0,0.07,0.0,0.0,6.0,0.67,0.0,0.0,0.67,0.0,0.0,0.68,0.0,0.0,,4.5,0.0,0.0,0.0,0.41,-0.27,-0.27,82.0,13.3,42.0,36.7,3.33,0.67,82.0,0.0,,0.0,,50.7,0.0,0.0,0.67,57.3,3.33,2.0,0.67,3.33,2.0,50.0,2.0,2.0,0.67,2.0,5.33,4.67,0.0,2.0,2.03,0.0,0.0,0.0,0.0,0.0,0.0,0.0,0.0,0.0,0.0,0.0,0.0,0.0,0.0,0.0,1.33,0.0,0.0,0.67,2.0,0.67,0.0,0.0,0.0,4.67,1.33,50.0,,,,,,,,,,,,,,,,,,,,,,,,,,,,,Joakim Nilsson,"DF,MF",St. Louis,31-301,Joakim Nilsson,TAM Player,2026,Joakim Nilsson,2025.0,1187250.0,1255750.0,0.0,0.0,0.18000000000000002,-0.27,6.66,5.33,DF,TAM,0,DF
4501401556,2,2025,13,8,635,7.1,0.0,0.14,0.14,0.0,0.0,0.0,0.42,0.0,0.08,0.08,0.17,0.25,0.99,3.38,1.55,0.0,0.14,0.14,0.0,0.14,0.09,0.17,0.26,0.09,0.26,7.1,43.0,23.9,16.6,2.11,54.8,25.6,21.4,5.92,78.4,93.4,77.6,35.7,686.9,230.3,43.0,23.9,16.6,2.11,54.8,25.6,21.4,5.92,78.4,93.4,77.6,35.7,43.0,23.9,16.6,2.11,54.8,25.6,21.4,5.92,78.4,93.4,77.6,35.7,43.0,23.9,16.6,2.11,54.8,25.6,21.4,5.92,78.4,93.4,77.6,35.7,0.14,0.06,-0.03,0.42,2.54,0.56,0.14,0.0,0.7,0.14,20.0,0.71,0.14,0.0,0.0,13.1,0.0,0.0,0.0,0.12,-0.08,-0.08,67.0,4.23,27.6,32.1,7.32,0.7,67.0,0.28,33.3,0.42,50.0,32.7,0.0,0.56,0.28,40.7,2.25,1.69,1.83,2.25,1.69,60.0,1.13,1.69,1.27,1.27,3.52,4.08,0.0,0.42,0.43,0.0,0.0,0.0,0.0,0.0,0.0,0.0,0.0,0.0,0.0,0.0,0.0,0.0,0.0,0.0,2.11,1.55,0.0,0.99,1.27,1.83,0.0,0.0,0.0,4.51,2.25,76.2,,,,,,,,,,,,,,,,,,,,,,,,,,,,,Nolan Norris,"DF,MF",FC Dallas,20-290,Nolan Norris,Homegrown,2025,Nolan Norris,2025.0,125000.0,143642.0,0.0,0.01971830985915493,0.011267605633802818,-0.08,4.37,3.52,DF,HG,0,DF
9695567161,3,2025,26,22,1893,21.0,0.05,0.05,0.1,0.05,0.0,0.0,0.33,0.05,0.03,0.03,0.07,0.1,1.29,5.29,4.33,0.05,0.05,0.1,0.05,0.1,0.03,0.07,0.1,0.03,0.1,21.0,55.3,29.3,22.4,2.52,66.3,31.7,26.0,5.0,83.4,92.3,86.4,50.5,850.5,279.5,55.3,29.3,22.4,2.52,66.3,31.7,26.0,5.0,83.4,92.3,86.4,50.5,55.3,29.3,22.4,2.52,66.3,31.7,26.0,5.0,83.4,92.3,86.4,50.5,55.3,29.3,22.4,2.52,66.3,31.7,26.0,5.0,83.4,92.3,86.4,50.5,0.05,0.06,-0.02,0.71,4.05,0.62,0.1,0.05,0.43,0.24,55.6,0.43,0.24,0.11,0.2,21.5,0.0,0.0,0.0,0.07,0.02,0.02,78.4,4.24,21.1,40.5,17.0,1.29,78.4,0.33,41.2,0.48,58.8,39.8,0.1,1.43,1.0,51.0,2.0,1.19,1.24,2.0,1.19,61.0,0.76,1.52,1.1,1.14,3.14,3.86,0.05,1.48,1.47,0.0,0.0,0.05,0.0,0.05,0.0,0.1,0.1,0.0,0.0,0.05,0.0,0.05,0.0,0.05,1.24,0.52,0.05,2.0,1.14,1.24,0.0,0.0,0.0,3.86,1.29,51.9,,,,,,,,,,,,,,,,,,,,,,,,,,,,,Kevin O'Toole,"DF,MF",NYCFC,26-355,Kevin O'Toole,Standard,2025,Kevin O'Toole,2025.0,225000.0,246667.0,0.002380952380952381,0.002380952380952381,0.0014285714285714286,0.020000000000000004,6.58,3.1399999999999997,DF,Standard,0,DF
8841798680,2,2025,30,26,2173,24.1,0.08,0.0,0.08,0.08,0.0,0.0,0.41,0.04,0.12,0.12,0.13,0.25,3.65,3.24,10.1,0.08,0.0,0.08,0.08,0.08,0.12,0.13,0.25,0.12,0.25,24.1,39.2,22.1,13.4,2.66,49.0,24.6,16.9,4.61,80.0,89.9,79.4,57.7,597.8,148.3,39.2,22.1,13.4,2.66,49.0,24.6,16.9,4.61,80.0,89.9,79.4,57.7,39.2,22.1,13.4,2.66,49.0,24.6,16.9,4.61,80.0,89.9,79.4,57.7,39.2,22.1,13.4,2.66,49.0,24.6,16.9,4.61,80.0,89.9,79.4,57.7,0.0,0.18,-0.13,0.83,1.95,1.49,0.71,0.08,1.62,0.41,25.6,1.62,0.41,0.05,0.2,18.9,0.0,0.0,0.0,0.07,-0.04,-0.04,60.9,2.74,13.5,24.6,23.7,2.95,60.9,0.79,55.9,0.41,29.4,38.2,1.08,1.66,1.24,42.1,1.83,1.12,1.33,1.83,1.12,55.1,0.91,1.83,1.37,0.62,2.45,2.49,0.0,2.12,2.11,0.12,0.0,0.21,0.04,0.0,0.0,0.25,0.25,0.12,0.0,0.21,0.04,0.0,0.0,0.04,1.45,1.49,0.12,3.98,0.62,1.33,0.04,0.04,0.0,4.11,0.41,35.7,,,,,,,,,,,,,,,,,,,,,,,,,,,,,Édier Ocampo,DF,Vancouver W'caps,22-062,Édier Ocampo,U22 Initiative,2027,Édier Ocampo,2025.0,375000.0,428299.0,0.0033195020746887966,0.0,0.004979253112033195,-0.039999999999999994,6.890000000000001,2.45,DF,U22,0,DF
5014130316,2,2025,9,4,393,4.4,0.0,0.0,0.0,0.0,0.0,0.0,0.0,0.0,0.16,0.16,0.0,0.16,0.0,1.82,0.0,0.0,0.0,0.0,0.0,0.0,0.15,0.0,0.15,0.15,0.15,4.4,49.5,18.0,27.7,3.64,55.5,19.1,28.9,6.59,89.3,94.0,96.1,55.2,916.4,311.4,49.5,18.0,27.7,3.64,55.5,19.1,28.9,6.59,89.3,94.0,96.1,55.2,49.5,18.0,27.7,3.64,55.5,19.1,28.9,6.59,89.3,94.0,96.1,55.2,49.5,18.0,27.7,3.64,55.5,19.1,28.9,6.59,89.3,94.0,96.1,55.2,0.0,0.02,0.0,0.0,1.82,0.0,0.0,0.0,0.45,0.0,0.0,0.46,0.0,0.0,,5.6,0.0,0.0,0.0,0.34,-0.16,-0.16,69.5,11.1,40.5,28.0,1.36,1.14,69.5,0.0,,0.0,,41.4,0.0,0.23,0.23,45.2,2.05,0.68,0.91,2.05,0.68,60.0,0.45,2.73,0.91,0.91,2.95,6.82,0.0,0.45,0.46,0.0,0.0,0.0,0.0,0.0,0.0,0.0,0.0,0.0,0.0,0.0,0.0,0.0,0.0,0.0,0.68,0.45,0.0,0.0,0.91,0.91,0.0,0.0,0.0,2.95,2.5,52.4,,,,,,,,,,,,,,,,,,,,,,,,,,,,,Wyatt Omsberg,DF,NE Revolution,30-074,Wyatt Omsberg,Standard,2025,Wyatt Omsberg,2025.0,125000.0,137500.0,0.0,0.0,0.03636363636363636,-0.16,1.82,2.96,DF,Standard,0,DF
831451973,1,2025,27,22,1917,21.3,0.09,0.23,0.33,0.09,0.0,0.0,0.14,0.0,0.14,0.14,0.18,0.31,5.4,4.18,8.36,0.09,0.23,0.33,0.09,0.33,0.14,0.18,0.31,0.14,0.31,21.3,33.2,17.1,12.1,3.15,44.1,20.0,15.4,6.15,75.3,85.9,78.1,51.1,550.2,142.5,33.2,17.1,12.1,3.15,44.1,20.0,15.4,6.15,75.3,85.9,78.1,51.1,33.2,17.1,12.1,3.15,44.1,20.0,15.4,6.15,75.3,85.9,78.1,51.1,33.2,17.1,12.1,3.15,44.1,20.0,15.4,6.15,75.3,85.9,78.1,51.1,0.23,0.25,0.06,1.74,2.39,1.5,0.38,0.09,2.68,1.22,45.6,2.68,1.22,0.04,0.08,25.4,0.23,0.0,0.0,0.05,-0.04,-0.04,55.7,0.89,6.29,21.3,29.6,3.85,55.7,2.58,48.2,2.54,47.4,36.9,2.02,1.78,2.3,40.7,1.03,0.7,0.47,1.03,0.7,68.2,0.33,0.42,0.42,0.23,1.27,0.47,0.05,4.04,4.04,0.33,0.05,0.23,0.0,0.05,0.0,0.42,0.42,0.33,0.05,0.23,0.0,0.05,0.0,0.0,0.42,1.27,0.09,4.74,0.23,0.47,0.0,0.0,0.0,4.13,0.23,45.5,,,,,,,,,,,,,,,,,,,,,,,,,,,,,Luca Orellano,"DF,FW",FC Cincinnati,25-257,Luca Orellano,TAM Player,2029,Luca Orellano,2025.0,600000.0,943950.0,0.004225352112676056,0.0107981220657277,0.006572769953051644,-0.05000000000000002,9.58,1.26,DF,TAM,0,DF
1355854396,1,2025,7,6,531,5.9,0.17,0.0,0.17,0.17,0.0,0.0,0.17,0.0,0.05,0.05,0.02,0.05,1.36,4.58,1.86,0.17,0.0,0.17,0.17,0.17,0.05,0.01,0.06,0.05,0.06,5.9,47.5,25.8,17.6,1.69,53.6,27.5,20.0,2.88,88.6,93.8,88.1,58.8,704.6,252.4,47.5,25.8,17.6,1.69,53.6,27.5,20.0,2.88,88.6,93.8,88.1,58.8,47.5,25.8,17.6,1.69,53.6,27.5,20.0,2.88,88.6,93.8,88.1,58.8,47.5,25.8,17.6,1.69,53.6,27.5,20.0,2.88,88.6,93.8,88.1,58.8,0.0,0.03,-0.02,0.51,3.9,0.51,0.17,0.17,0.68,0.17,25.0,0.68,0.17,0.25,1.0,17.3,0.0,0.0,0.0,0.07,0.12,0.12,63.4,4.92,22.4,31.5,10.2,1.19,63.4,0.51,60.0,0.34,40.0,33.9,0.34,1.36,0.51,40.0,1.53,0.68,1.19,1.53,0.68,66.7,0.34,1.53,0.34,0.85,2.37,3.22,0.0,2.2,2.2,0.0,0.0,0.0,0.0,0.0,0.0,0.17,0.17,0.0,0.0,0.0,0.0,0.0,0.0,0.0,1.86,1.69,0.0,0.68,0.85,1.19,0.0,0.34,0.0,4.41,1.53,60.0,,,,,,,,,,,,,,,,,,,,,,,,,,,,,Jaziel Orozco,DF,St. Louis,21-185,,,,Jaziel Orozco,2025.0,80622.0,80622.0,0.0288135593220339,0.0,0.00847457627118644,0.12000000000000001,5.94,2.38,DF,Unknown,0,DF
4971313713,1,2025,20,16,1393,15.5,0.06,0.0,0.06,0.06,0.0,0.0,0.39,0.0,0.02,0.02,0.01,0.02,0.06,1.48,0.06,0.06,0.0,0.06,0.06,0.06,0.02,0.01,0.02,0.02,0.02,15.5,48.1,24.1,21.7,1.74,53.6,24.9,23.2,4.45,89.7,96.6,93.3,39.1,775.7,295.5,48.1,24.1,21.7,1.74,53.6,24.9,23.2,4.45,89.7,96.6,93.3,39.1,48.1,24.1,21.7,1.74,53.6,24.9,23.2,4.45,89.7,96.6,93.3,39.1,48.1,24.1,21.7,1.74,53.6,24.9,23.2,4.45,89.7,96.6,93.3,39.1,0.0,0.02,-0.01,0.06,1.48,0.0,0.0,0.06,0.26,0.13,50.0,0.26,0.13,0.25,0.5,8.1,0.0,0.0,0.0,0.06,0.05,0.05,62.3,9.29,38.1,23.3,1.1,0.58,62.3,0.13,66.7,0.06,33.3,35.8,0.0,0.45,0.32,40.7,1.03,0.39,0.84,1.03,0.39,46.2,0.45,1.1,0.52,0.9,1.94,4.13,0.0,0.19,0.19,0.0,0.0,0.06,0.06,0.0,0.0,0.06,0.06,0.0,0.0,0.06,0.06,0.0,0.0,0.0,1.16,0.39,0.06,0.0,0.9,0.84,0.06,0.06,0.0,3.74,0.97,55.6,,,,,,,,,,,,,,,,,,,,,,,,,,,,,Pablo Ortiz,DF,Houston Dynamo,25-179,,,,Pablo Ortiz,2025.0,400000.0,443400.0,0.003870967741935484,0.0,0.0012903225806451613,0.039999999999999994,1.54,1.9300000000000002,DF,Unknown,0,DF
564078298,1,2025,4,1,105,1.2,0.0,0.0,0.0,0.0,0.0,0.0,0.0,0.0,0.0,0.0,0.0,0.0,0.0,3.33,3.33,0.0,0.0,0.0,0.0,0.0,0.0,0.0,0.0,0.0,0.0,1.2,17.5,6.67,10.0,0.0,27.5,9.17,10.8,4.17,63.6,72.7,92.3,0.0,261.7,87.5,17.5,6.67,10.0,0.0,27.5,9.17,10.8,4.17,63.6,72.7,92.3,0.0,17.5,6.67,10.0,0.0,27.5,9.17,10.8,4.17,63.6,72.7,92.3,0.0,17.5,6.67,10.0,0.0,27.5,9.17,10.8,4.17,63.6,72.7,92.3,0.0,0.0,0.0,0.0,0.0,0.83,0.0,0.0,0.0,0.0,0.0,,0.0,0.0,,,,0.0,0.0,0.0,,0.0,0.0,45.0,6.67,18.3,17.5,9.17,1.67,45.0,0.0,0.0,1.67,100.0,14.2,0.0,1.67,0.0,20.0,2.5,1.67,1.67,2.5,1.67,100.0,0.0,1.67,0.83,0.0,2.5,8.33,0.0,0.0,0.0,0.0,0.0,0.0,0.0,0.0,0.0,0.0,0.0,0.0,0.0,0.0,0.0,0.0,0.0,0.0,0.0,0.83,0.0,0.83,0.0,1.67,0.0,0.0,0.0,2.5,3.33,57.1,,,,,,,,,,,,,,,,,,,,,,,,,,,,,Devin Padelford,DF,St. Louis,22-335,Devin Padelford,Homegrown,2025,Devin Padelford,2025.0,114000.0,121000.0,0.0,0.0,0.0,0.0,3.33,2.5,DF,HG,0,DF
564078298,2,2025,4,1,105,1.2,0.0,0.0,0.0,0.0,0.0,0.0,0.0,0.0,0.0,0.0,0.0,0.0,0.0,3.33,3.33,0.0,0.0,0.0,0.0,0.0,0.0,0.0,0.0,0.0,0.0,1.2,17.5,6.67,10.0,0.0,27.5,9.17,10.8,4.17,63.6,72.7,92.3,0.0,261.7,87.5,17.5,6.67,10.0,0.0,27.5,9.17,10.8,4.17,63.6,72.7,92.3,0.0,17.5,6.67,10.0,0.0,27.5,9.17,10.8,4.17,63.6,72.7,92.3,0.0,17.5,6.67,10.0,0.0,27.5,9.17,10.8,4.17,63.6,72.7,92.3,0.0,0.0,0.0,0.0,0.0,0.83,0.0,0.0,0.0,0.0,0.0,,0.0,0.0,,,,0.0,0.0,0.0,,0.0,0.0,45.0,6.67,18.3,17.5,9.17,1.67,45.0,0.0,0.0,1.67,100.0,14.2,0.0,1.67,0.0,20.0,2.5,1.67,1.67,2.5,1.67,100.0,0.0,1.67,0.83,0.0,2.5,8.33,0.0,0.0,0.0,0.0,0.0,0.0,0.0,0.0,0.0,0.0,0.0,0.0,0.0,0.0,0.0,0.0,0.0,0.0,0.0,0.83,0.0,0.83,0.0,1.67,0.0,0.0,0.0,2.5,3.33,57.1,,,,,,,,,,,,,,,,,,,,,,,,,,,,,Devin Padelford,DF,St. Louis,22-335,Devin Padelford,Homegrown,2025,Devin Padelford,2025.0,114000.0,121000.0,0.0,0.0,0.0,0.0,3.33,2.5,DF,HG,0,DF
564078298,1,2025,10,9,748,8.3,0.0,0.12,0.12,0.0,0.0,0.0,0.0,0.0,0.02,0.02,0.04,0.06,2.53,2.53,3.61,0.0,0.12,0.12,0.0,0.12,0.02,0.04,0.06,0.02,0.06,8.3,34.8,15.9,15.9,2.05,46.5,18.1,19.9,6.27,74.9,88.0,80.0,32.7,568.9,198.1,34.8,15.9,15.9,2.05,46.5,18.1,19.9,6.27,74.9,88.0,80.0,32.7,34.8,15.9,15.9,2.05,46.5,18.1,19.9,6.27,74.9,88.0,80.0,32.7,34.8,15.9,15.9,2.05,46.5,18.1,19.9,6.27,74.9,88.0,80.0,32.7,0.12,0.07,0.08,0.84,2.41,0.48,0.24,0.0,0.24,0.12,50.0,0.24,0.12,0.0,0.0,17.4,0.0,0.0,0.0,0.09,-0.02,-0.02,57.6,3.49,15.5,24.9,17.5,0.96,57.6,0.6,41.7,0.84,58.3,26.3,0.24,1.33,0.6,31.2,2.41,1.57,1.33,2.41,1.57,68.4,0.72,0.72,0.72,1.08,3.49,2.53,0.0,2.05,2.05,0.12,0.0,0.0,0.0,0.0,0.0,0.24,0.24,0.12,0.0,0.0,0.0,0.0,0.0,0.0,0.72,1.45,0.12,3.01,1.08,1.33,0.0,0.0,0.0,3.49,0.48,44.4,,,,,,,,,,,,,,,,,,,,,,,,,,,,,Devin Padelford,DF,St. Louis,22-335,Devin Padelford,Homegrown,2025,Devin Padelford,2025.0,114000.0,121000.0,0.0,0.014457831325301203,0.0024096385542168672,-0.02,5.06,3.49,DF,HG,0,DF
564078298,2,2025,10,9,748,8.3,0.0,0.12,0.12,0.0,0.0,0.0,0.0,0.0,0.02,0.02,0.04,0.06,2.53,2.53,3.61,0.0,0.12,0.12,0.0,0.12,0.02,0.04,0.06,0.02,0.06,8.3,34.8,15.9,15.9,2.05,46.5,18.1,19.9,6.27,74.9,88.0,80.0,32.7,568.9,198.1,34.8,15.9,15.9,2.05,46.5,18.1,19.9,6.27,74.9,88.0,80.0,32.7,34.8,15.9,15.9,2.05,46.5,18.1,19.9,6.27,74.9,88.0,80.0,32.7,34.8,15.9,15.9,2.05,46.5,18.1,19.9,6.27,74.9,88.0,80.0,32.7,0.12,0.07,0.08,0.84,2.41,0.48,0.24,0.0,0.24,0.12,50.0,0.24,0.12,0.0,0.0,17.4,0.0,0.0,0.0,0.09,-0.02,-0.02,57.6,3.49,15.5,24.9,17.5,0.96,57.6,0.6,41.7,0.84,58.3,26.3,0.24,1.33,0.6,31.2,2.41,1.57,1.33,2.41,1.57,68.4,0.72,0.72,0.72,1.08,3.49,2.53,0.0,2.05,2.05,0.12,0.0,0.0,0.0,0.0,0.0,0.24,0.24,0.12,0.0,0.0,0.0,0.0,0.0,0.0,0.72,1.45,0.12,3.01,1.08,1.33,0.0,0.0,0.0,3.49,0.48,44.4,,,,,,,,,,,,,,,,,,,,,,,,,,,,,Devin Padelford,DF,St. Louis,22-335,Devin Padelford,Homegrown,2025,Devin Padelford,2025.0,114000.0,121000.0,0.0,0.014457831325301203,0.0024096385542168672,-0.02,5.06,3.49,DF,HG,0,DF
4554629810,1,2025,22,21,1829,20.3,0.1,0.0,0.1,0.1,0.0,0.0,0.15,0.0,0.06,0.06,0.06,0.12,0.54,3.3,0.15,0.1,0.0,0.1,0.1,0.1,0.06,0.06,0.12,0.06,0.12,20.3,59.7,19.8,33.9,5.62,65.7,21.3,35.6,7.49,90.9,92.8,95.4,75.0,1146.0,417.7,59.7,19.8,33.9,5.62,65.7,21.3,35.6,7.49,90.9,92.8,95.4,75.0,59.7,19.8,33.9,5.62,65.7,21.3,35.6,7.49,90.9,92.8,95.4,75.0,59.7,19.8,33.9,5.62,65.7,21.3,35.6,7.49,90.9,92.8,95.4,75.0,0.0,0.01,-0.06,0.2,3.6,0.05,0.0,0.1,0.79,0.2,25.0,0.79,0.2,0.13,0.5,11.1,0.0,0.0,0.0,0.07,0.04,0.04,77.0,11.0,41.3,32.8,3.35,1.08,77.0,0.1,66.7,0.0,0.0,44.5,0.0,0.39,0.2,54.2,2.36,1.13,1.63,2.36,1.13,85.2,0.2,0.99,0.39,0.84,3.2,5.37,0.0,1.08,1.08,0.0,0.0,0.0,0.0,0.0,0.0,0.1,0.1,0.0,0.0,0.0,0.0,0.0,0.0,0.0,0.64,0.84,0.0,0.1,0.84,1.63,0.0,0.0,0.05,4.14,1.82,56.9,,,,,,,,,,,,,,,,,,,,,,,,,,,,,Jeison Palacios,DF,Nashville SC,31-259,,,,Jeison Palacios,2025.0,350000.0,526667.0,0.0049261083743842365,0.0,0.0029556650246305416,0.04000000000000001,3.84,3.1999999999999997,DF,Unknown,0,DF
7320396486,2,2025,33,32,2809,31.2,0.03,0.06,0.1,0.03,0.0,0.0,0.16,0.0,0.05,0.05,0.13,0.19,1.99,4.81,5.64,0.03,0.06,0.1,0.03,0.1,0.05,0.14,0.19,0.05,0.19,31.2,54.6,29.0,22.1,2.56,65.7,31.3,25.8,5.61,83.1,92.6,85.8,45.7,846.9,284.4,54.6,29.0,22.1,2.56,65.7,31.3,25.8,5.61,83.1,92.6,85.8,45.7,54.6,29.0,22.1,2.56,65.7,31.3,25.8,5.61,83.1,92.6,85.8,45.7,54.6,29.0,22.1,2.56,65.7,31.3,25.8,5.61,83.1,92.6,85.8,45.7,0.06,0.13,-0.07,1.22,4.13,1.28,0.45,0.03,0.38,0.1,25.0,0.38,0.1,0.08,0.33,14.8,0.0,0.0,0.0,0.13,-0.02,-0.02,76.6,3.11,18.8,36.6,21.6,1.6,76.6,0.61,37.3,0.87,52.9,42.2,0.32,0.8,0.51,52.4,2.76,1.54,1.57,2.76,1.54,58.5,1.09,1.54,1.19,0.99,3.75,2.56,0.03,1.92,1.92,0.03,0.03,0.06,0.0,0.03,0.0,0.22,0.22,0.03,0.03,0.06,0.0,0.03,0.0,0.0,1.96,1.15,0.0,2.18,0.99,1.57,0.0,0.0,0.03,4.01,0.74,40.4,,,,,,,,,,,,,,,,,,,,,,,,,,,,,Sergi Palencia,"DF,MF",LAFC,29-256,Sergi Palencia,Standard,2025,Sergi Palencia,2025.0,549996.0,569996.0,0.0009615384615384615,0.001923076923076923,0.0016025641025641027,-0.020000000000000004,6.8,3.75,DF,Standard,0,DF
9300931803,4,2025,13,10,867,9.6,0.1,0.0,0.1,0.1,0.0,0.0,0.21,0.0,0.1,0.1,0.02,0.13,0.52,4.79,0.21,0.1,0.0,0.1,0.1,0.1,0.11,0.02,0.13,0.11,0.13,9.6,61.1,17.9,38.6,3.96,68.8,19.5,41.3,6.88,88.9,92.0,93.7,57.6,1186.9,453.3,61.1,17.9,38.6,3.96,68.8,19.5,41.3,6.88,88.9,92.0,93.7,57.6,61.1,17.9,38.6,3.96,68.8,19.5,41.3,6.88,88.9,92.0,93.7,57.6,61.1,17.9,38.6,3.96,68.8,19.5,41.3,6.88,88.9,92.0,93.7,57.6,0.0,0.02,-0.02,0.31,5.73,0.1,0.0,0.1,0.42,0.1,25.0,0.42,0.1,0.25,1.0,12.7,0.0,0.0,0.0,0.26,0.0,0.0,79.8,8.96,41.3,36.3,2.4,0.73,79.8,0.0,,0.0,,51.0,0.0,0.63,0.0,55.7,1.46,0.73,1.15,1.46,0.73,70.0,0.31,0.52,0.21,0.31,1.77,6.56,0.0,0.83,0.83,0.0,0.0,0.0,0.0,0.0,0.0,0.0,0.0,0.0,0.0,0.0,0.0,0.0,0.0,0.0,0.63,0.52,0.0,0.0,0.31,1.15,0.0,0.0,0.0,4.38,3.65,58.3,,,,,,,,,,,,,,,,,,,,,,,,,,,,,Tim Parker,DF,NY Red Bulls,32-284,Tim Parker,Standard,2025,Tim Parker,2025.0,300000.0,347500.0,0.010416666666666668,0.0,0.010416666666666668,0.0,5.3100000000000005,1.77,DF,Standard,0,DF
3423101907,2,2025,21,9,911,10.1,0.0,0.1,0.1,0.0,0.0,0.0,0.2,0.0,0.12,0.12,0.18,0.31,3.27,2.08,9.9,0.0,0.1,0.1,0.0,0.1,0.12,0.18,0.3,0.12,0.3,10.1,26.3,10.9,10.9,4.36,40.7,13.0,15.8,9.6,64.7,84.0,68.8,45.4,496.3,167.0,26.3,10.9,10.9,4.36,40.7,13.0,15.8,9.6,64.7,84.0,68.8,45.4,26.3,10.9,10.9,4.36,40.7,13.0,15.8,9.6,64.7,84.0,68.8,45.4,26.3,10.9,10.9,4.36,40.7,13.0,15.8,9.6,64.7,84.0,68.8,45.4,0.1,0.23,-0.08,1.39,1.58,1.49,0.99,0.0,2.28,1.09,47.8,2.27,1.09,0.0,0.0,22.6,0.4,0.0,0.0,0.05,-0.12,-0.12,52.5,1.58,10.1,19.1,23.9,1.49,52.5,0.0,0.0,0.79,100.0,25.4,0.69,1.49,0.1,31.9,1.19,0.59,0.59,1.19,0.59,66.7,0.3,1.29,1.09,0.99,2.18,3.17,0.0,2.57,2.57,0.0,0.0,0.1,0.0,0.1,0.0,0.1,0.1,0.0,0.0,0.1,0.0,0.1,0.0,0.0,1.09,0.99,0.1,8.51,0.99,0.59,0.0,0.0,0.0,2.28,0.5,38.5,,,,,,,,,,,,,,,,,,,,,,,,,,,,,Tom Pearce,"MF,DF",CF Montréal,27-236,Tom Pearce,Standard,2026,Tom Pearce,2025.0,450000.0,450000.0,0.0,0.009900990099009901,0.011881188118811881,-0.12,5.35,2.1799999999999997,DF,Standard,0,DF
8060626342,1,2025,2,0,30,0.3,0.0,0.0,0.0,0.0,0.0,0.0,0.0,0.0,0.0,0.0,0.0,0.0,3.33,3.33,0.0,0.0,0.0,0.0,0.0,0.0,0.0,0.0,0.0,0.0,0.0,0.3,63.3,30.0,30.0,0.0,66.7,30.0,30.0,0.0,95.0,100.0,100.0,,990.0,280.0,63.3,30.0,30.0,0.0,66.7,30.0,30.0,0.0,95.0,100.0,100.0,,63.3,30.0,30.0,0.0,66.7,30.0,30.0,0.0,95.0,100.0,100.0,,63.3,30.0,30.0,0.0,66.7,30.0,30.0,0.0,95.0,100.0,100.0,,0.0,0.0,0.0,0.0,0.0,0.0,0.0,0.0,0.0,0.0,,0.0,0.0,,,,0.0,0.0,0.0,,0.0,0.0,86.7,3.33,20.0,56.7,10.0,0.0,86.7,0.0,0.0,3.33,100.0,46.7,0.0,3.33,0.0,60.0,6.67,6.67,6.67,6.67,6.67,100.0,0.0,0.0,0.0,0.0,6.67,3.33,0.0,0.0,0.0,0.0,0.0,0.0,0.0,0.0,0.0,0.0,0.0,0.0,0.0,0.0,0.0,0.0,0.0,0.0,0.0,0.0,0.0,0.0,0.0,6.67,0.0,0.0,0.0,0.0,0.0,,,,,,,,,,,,,,,,,,,,,,,,,,,,,,Tyson Pearce,"MF,DF",St. Louis,18-114,Tyson Pearce,Homegrown,2027,Tyson Pearce,2025.0,104000.0,104000.0,0.0,0.0,0.0,0.0,6.66,6.67,DF,HG,-1,DF
6425235236,1,2025,26,16,1527,17.0,0.0,0.06,0.06,0.0,0.0,0.0,0.35,0.0,0.02,0.02,0.02,0.05,0.65,3.41,0.71,0.0,0.06,0.06,0.0,0.06,0.02,0.03,0.04,0.02,0.04,17.0,33.8,14.1,16.1,2.82,38.5,15.2,17.8,3.88,87.6,92.3,90.1,72.7,605.0,162.4,33.8,14.1,16.1,2.82,38.5,15.2,17.8,3.88,87.6,92.3,90.1,72.7,33.8,14.1,16.1,2.82,38.5,15.2,17.8,3.88,87.6,92.3,90.1,72.7,33.8,14.1,16.1,2.82,38.5,15.2,17.8,3.88,87.6,92.3,90.1,72.7,0.06,0.04,0.04,0.35,3.06,0.53,0.0,0.0,0.53,0.0,0.0,0.53,0.0,0.0,,26.6,0.0,0.0,0.0,0.04,-0.02,-0.02,47.7,3.06,16.6,25.9,5.94,0.12,47.7,0.29,41.7,0.24,33.3,25.2,0.06,0.82,0.24,29.1,2.59,1.29,1.47,2.59,1.29,57.9,0.94,1.24,0.94,1.35,3.94,1.59,0.0,1.53,1.53,0.12,0.0,0.29,0.0,0.06,0.06,0.18,0.18,0.12,0.0,0.29,0.0,0.06,0.06,0.0,1.65,2.0,0.0,0.18,1.35,1.47,0.0,0.06,0.0,4.41,0.29,33.3,,,,,,,,,,,,,,,,,,,,,,,,,,,,,Matti Peltola,"MF,DF",D.C. United,23-154,Matti Peltola,TAM Player,2027,Matti Peltola,2025.0,750000.0,826000.0,0.0,0.003529411764705882,0.0011764705882352942,-0.02,4.0600000000000005,3.94,DF,TAM,0,DF
3005789164,3,2025,34,31,2708,30.1,0.07,0.13,0.2,0.07,0.0,0.0,0.13,0.0,0.03,0.03,0.13,0.16,2.03,3.46,4.02,0.07,0.13,0.2,0.07,0.2,0.03,0.13,0.16,0.03,0.16,30.1,40.2,21.9,15.0,2.46,50.0,24.1,18.1,5.42,80.5,90.8,83.1,45.4,635.9,213.5,40.2,21.9,15.0,2.46,50.0,24.1,18.1,5.42,80.5,90.8,83.1,45.4,40.2,21.9,15.0,2.46,50.0,24.1,18.1,5.42,80.5,90.8,83.1,45.4,40.2,21.9,15.0,2.46,50.0,24.1,18.1,5.42,80.5,90.8,83.1,45.4,0.13,0.12,0.0,0.73,2.72,0.93,0.53,0.07,0.37,0.13,36.4,0.37,0.13,0.18,0.5,17.0,0.0,0.0,0.0,0.07,0.04,0.04,58.3,2.99,18.6,26.2,14.1,1.26,58.3,0.76,50.0,0.66,43.5,30.8,0.4,1.2,0.43,36.0,1.3,0.7,0.86,1.3,0.7,48.8,0.73,0.7,0.56,0.66,1.96,2.43,0.1,1.83,1.83,0.17,0.07,0.0,0.0,0.0,0.0,0.3,0.3,0.17,0.07,0.0,0.0,0.0,0.0,0.0,0.33,0.33,0.07,2.46,0.66,0.86,0.0,0.0,0.0,3.85,0.47,38.9,,,,,,,,,,,,,,,,,,,,,,,,,,,,,Luca Petrasso,DF,CF Montréal,25-171,Luca Petrasso,Standard,2025,Luca Petrasso,2025.0,104000.0,119136.0,0.002325581395348837,0.004318936877076412,0.0009966777408637873,0.04000000000000001,5.49,1.96,DF,Standard,0,DF
6446717828,1,2025,25,22,1843,20.5,0.0,0.0,0.0,0.0,0.0,0.0,0.29,0.0,0.01,0.01,0.04,0.05,1.12,2.93,1.95,0.0,0.0,0.0,0.0,0.0,0.01,0.04,0.05,0.01,0.05,20.5,36.8,17.3,16.0,2.63,45.4,18.7,19.7,4.68,81.2,92.4,81.6,56.3,613.0,213.5,36.8,17.3,16.0,2.63,45.4,18.7,19.7,4.68,81.2,92.4,81.6,56.3,36.8,17.3,16.0,2.63,45.4,18.7,19.7,4.68,81.2,92.4,81.6,56.3,36.8,17.3,16.0,2.63,45.4,18.7,19.7,4.68,81.2,92.4,81.6,56.3,0.0,0.04,-0.04,0.49,2.93,0.39,0.05,0.0,0.24,0.0,0.0,0.24,0.0,0.0,,18.7,0.0,0.0,0.0,0.04,-0.01,-0.01,55.8,3.56,20.8,24.8,11.0,1.02,55.8,0.29,40.0,0.34,46.7,28.0,0.2,0.98,0.39,31.0,2.0,1.27,1.51,2.0,1.27,61.9,0.78,1.27,1.02,1.07,3.07,3.8,0.0,1.22,1.22,0.05,0.0,0.05,0.05,0.05,0.0,0.05,0.05,0.05,0.0,0.05,0.05,0.05,0.0,0.0,0.98,0.98,0.05,0.63,1.07,1.51,0.0,0.0,0.0,4.73,0.73,42.9,,,,,,,,,,,,,,,,,,,,,,,,,,,,,Raoul Petretta,DF,Toronto FC,28-255,Raoul Petretta,TAM Player,2025,Raoul Petretta,2025.0,775000.0,854750.0,0.0,0.0,0.0004878048780487805,-0.01,4.050000000000001,3.0700000000000003,DF,TAM,0,DF
2943987617,1,2025,17,8,921,10.2,0.1,0.1,0.2,0.1,0.0,0.0,0.29,0.0,0.02,0.02,0.01,0.03,0.59,4.41,0.39,0.1,0.1,0.2,0.1,0.2,0.02,0.01,0.03,0.02,0.03,10.2,75.5,34.6,37.4,3.14,81.4,36.3,39.5,4.51,92.8,95.4,94.5,69.6,1250.2,452.2,75.5,34.6,37.4,3.14,81.4,36.3,39.5,4.51,92.8,95.4,94.5,69.6,75.5,34.6,37.4,3.14,81.4,36.3,39.5,4.51,92.8,95.4,94.5,69.6,75.5,34.6,37.4,3.14,81.4,36.3,39.5,4.51,92.8,95.4,94.5,69.6,0.1,0.02,0.09,0.39,4.12,0.2,0.1,0.1,0.29,0.1,33.3,0.29,0.1,0.33,1.0,10.3,0.0,0.0,0.0,0.08,0.08,0.08,90.8,7.65,39.4,46.8,5.0,0.49,90.8,0.2,50.0,0.2,50.0,57.5,0.0,0.29,0.1,66.7,0.88,0.29,0.49,0.88,0.29,37.5,0.49,1.37,0.88,1.08,1.96,5.29,0.0,0.49,0.49,0.0,0.0,0.0,0.0,0.0,0.0,0.1,0.1,0.0,0.0,0.0,0.0,0.0,0.0,0.0,0.98,1.27,0.0,0.29,1.08,0.49,0.0,0.0,0.0,3.63,2.06,77.8,,,,,,,,,,,,,,,,,,,,,,,,,,,,,Ian Pilcher,DF,San Diego FC,22-258,Ian Pilcher,Standard,2025,Ian Pilcher,2025.0,80622.0,80622.0,0.009803921568627453,0.009803921568627453,0.00196078431372549,0.08,5.0,1.96,DF,Standard,0,DF
849425068,1,2025,10,9,822,9.1,0.0,0.0,0.0,0.0,0.0,0.0,0.22,0.0,0.01,0.01,0.02,0.03,0.66,2.53,0.55,0.0,0.0,0.0,0.0,0.0,0.01,0.02,0.03,0.01,0.03,9.1,58.1,25.6,28.7,2.97,64.1,26.3,30.7,5.49,90.7,97.5,93.5,54.0,978.1,396.7,58.1,25.6,28.7,2.97,64.1,26.3,30.7,5.49,90.7,97.5,93.5,54.0,58.1,25.6,28.7,2.97,64.1,26.3,30.7,5.49,90.7,97.5,93.5,54.0,58.1,25.6,28.7,2.97,64.1,26.3,30.7,5.49,90.7,97.5,93.5,54.0,0.0,0.03,-0.02,0.22,4.73,0.11,0.0,0.0,0.33,0.0,0.0,0.33,0.0,0.0,,12.1,0.0,0.0,0.0,0.04,-0.01,-0.01,74.6,7.25,30.8,39.7,4.62,0.77,74.6,0.55,100.0,0.0,0.0,40.0,0.0,0.22,0.44,51.5,1.21,0.77,0.88,1.21,0.77,53.8,0.66,1.54,0.77,1.21,2.42,5.05,0.11,0.88,0.88,0.0,0.0,0.0,0.0,0.0,0.0,0.0,0.0,0.0,0.0,0.0,0.0,0.0,0.0,0.0,1.1,0.88,0.0,0.22,1.21,0.88,0.0,0.0,0.0,3.96,1.54,53.8,,,,,,,,,,,,,,,,,,,,,,,,,,,,,Ryan Porteous,DF,LAFC,26-254,,,,Ryan Porteous,2025.0,720000.0,755260.0,0.0,0.0,0.001098901098901099,-0.01,3.19,2.42,DF,Unknown,0,DF
537909185,1,2025,25,8,861,9.6,0.0,0.0,0.0,0.0,0.0,0.0,0.21,0.0,0.02,0.02,0.0,0.03,2.6,3.44,1.67,0.0,0.0,0.0,0.0,0.0,0.02,0.0,0.03,0.02,0.03,9.6,42.4,11.8,25.9,4.27,53.5,13.3,29.6,8.54,79.2,88.3,87.7,50.0,840.5,275.6,42.4,11.8,25.9,4.27,53.5,13.3,29.6,8.54,79.2,88.3,87.7,50.0,42.4,11.8,25.9,4.27,53.5,13.3,29.6,8.54,79.2,88.3,87.7,50.0,42.4,11.8,25.9,4.27,53.5,13.3,29.6,8.54,79.2,88.3,87.7,50.0,0.0,0.04,0.0,0.1,3.23,0.52,0.21,0.0,0.42,0.31,75.0,0.42,0.31,0.0,0.0,23.5,0.0,0.0,0.0,0.06,-0.02,-0.02,70.5,6.04,28.4,35.1,8.23,0.42,70.5,1.67,53.3,1.25,40.0,37.9,0.31,1.98,1.25,42.8,2.5,1.67,1.56,2.5,1.67,51.6,1.56,1.98,1.35,1.35,3.85,5.42,0.0,1.98,1.98,0.21,0.0,0.21,0.0,0.0,0.0,0.1,0.1,0.21,0.0,0.21,0.0,0.0,0.0,0.0,1.35,2.6,0.1,1.35,1.35,1.56,0.0,0.0,0.1,4.79,1.46,63.6,,,,,,,,,,,,,,,,,,,,,,,,,,,,,Alvas Powell,DF,FC Cincinnati,31-139,Alvas Powell,Standard,2025,Alvas Powell,2025.0,275000.0,319500.0,0.0,0.0,0.0020833333333333333,-0.02,6.04,3.85,DF,Standard,0,DF
444225173,3,2025,28,14,1388,15.4,0.0,0.13,0.13,0.0,0.0,0.0,0.32,0.0,0.06,0.06,0.07,0.13,1.1,6.69,0.78,0.0,0.13,0.13,0.0,0.13,0.06,0.07,0.13,0.06,0.13,15.4,50.2,21.6,23.6,3.7,55.1,22.6,24.7,5.65,91.0,95.4,95.5,65.5,869.5,255.6,50.2,21.6,23.6,3.7,55.1,22.6,24.7,5.65,91.0,95.4,95.5,65.5,50.2,21.6,23.6,3.7,55.1,22.6,24.7,5.65,91.0,95.4,95.5,65.5,50.2,21.6,23.6,3.7,55.1,22.6,24.7,5.65,91.0,95.4,95.5,65.5,0.13,0.06,0.06,0.58,6.23,0.32,0.0,0.0,0.32,0.06,20.0,0.32,0.06,0.0,0.0,15.0,0.0,0.0,0.0,0.18,-0.06,-0.06,63.5,3.18,18.4,37.3,8.77,0.32,63.5,0.78,85.7,0.13,14.3,36.8,0.06,0.58,0.71,44.6,1.56,0.45,0.91,1.56,0.45,41.2,0.65,1.23,0.71,0.84,2.4,2.21,0.06,1.82,1.81,0.0,0.0,0.13,0.0,0.13,0.0,0.26,0.26,0.0,0.0,0.13,0.0,0.13,0.0,0.0,2.27,1.1,0.0,0.39,0.84,0.91,0.0,0.0,0.0,6.1,0.71,50.0,,,,,,,,,,,,,,,,,,,,,,,,,,,,,Ralph Priso-Mbongue,"MF,DF",Vancouver W'caps,23-124,,,,,,,,0.0,0.008441558441558441,0.0038961038961038957,-0.06,7.790000000000001,2.4,DF,Unknown,0,DF
2736441560,1,2025,23,19,1798,20.0,0.05,0.0,0.05,0.05,0.0,0.0,0.1,0.05,0.03,0.03,0.01,0.03,0.15,2.75,0.15,0.05,0.0,0.05,0.05,0.05,0.02,0.01,0.03,0.02,0.03,20.0,55.0,12.7,36.0,6.1,61.5,13.6,37.7,9.9,89.4,93.4,95.4,61.6,1150.8,392.5,55.0,12.7,36.0,6.1,61.5,13.6,37.7,9.9,89.4,93.4,95.4,61.6,55.0,12.7,36.0,6.1,61.5,13.6,37.7,9.9,89.4,93.4,95.4,61.6,55.0,12.7,36.0,6.1,61.5,13.6,37.7,9.9,89.4,93.4,95.4,61.6,0.0,0.03,-0.01,0.1,2.6,0.1,0.0,0.05,0.15,0.05,33.3,0.15,0.05,0.33,1.0,9.4,0.0,0.0,0.0,0.15,0.03,0.03,71.0,11.9,41.7,27.6,1.8,0.35,71.0,0.0,0.0,0.05,100.0,46.1,0.0,0.25,0.1,51.0,1.3,0.7,0.9,1.3,0.7,56.0,0.55,1.35,0.55,0.75,2.05,4.65,0.15,0.25,0.25,0.0,0.0,0.0,0.0,0.0,0.0,0.0,0.0,0.0,0.0,0.0,0.0,0.0,0.0,0.0,0.65,0.55,0.0,0.05,0.75,0.9,0.0,0.1,0.0,3.8,1.5,55.6,,,,,,,,,,,,,,,,,,,,,,,,,,,,,Andrew Privett,DF,Charlotte,25-124,Andrew Privett,Standard,2028,Andrew Privett,2025.0,220000.0,251400.0,0.0025,0.0,0.0015,0.020000000000000004,2.9,2.05,DF,Standard,0,DF
6593209213,2,2025,16,9,812,9.0,0.0,0.0,0.0,0.0,0.0,0.0,0.22,0.0,0.02,0.02,0.0,0.03,0.33,2.44,0.56,0.0,0.0,0.0,0.0,0.0,0.03,0.01,0.03,0.03,0.03,9.0,51.6,20.9,24.7,5.0,57.4,21.9,26.3,7.44,89.7,95.4,93.7,67.2,926.8,285.4,51.6,20.9,24.7,5.0,57.4,21.9,26.3,7.44,89.7,95.4,93.7,67.2,51.6,20.9,24.7,5.0,57.4,21.9,26.3,7.44,89.7,95.4,93.7,67.2,51.6,20.9,24.7,5.0,57.4,21.9,26.3,7.44,89.7,95.4,93.7,67.2,0.0,0.01,0.0,0.22,2.67,0.11,0.11,0.0,0.44,0.0,0.0,0.44,0.0,0.0,,10.4,0.0,0.0,0.0,0.06,-0.02,-0.02,69.6,9.33,36.2,30.6,2.89,0.89,69.6,0.56,71.4,0.22,28.6,39.7,0.0,0.44,0.11,46.0,0.89,0.33,0.56,0.89,0.33,42.9,0.44,1.56,0.44,0.78,1.67,6.89,0.11,1.0,1.0,0.0,0.0,0.0,0.0,0.0,0.0,0.0,0.0,0.0,0.0,0.0,0.0,0.0,0.0,0.0,0.56,0.78,0.0,0.22,0.78,0.56,0.0,0.0,0.0,4.89,0.89,42.1,,,,,,,,,,,,,,,,,,,,,,,,,,,,,Philip Quinton,DF,Real Salt Lake,26-018,Philip Quinton,Standard,2025,Philip Quinton,2025.0,125000.0,125000.0,0.0,0.0,0.0022222222222222222,-0.02,2.77,1.67,DF,Standard,0,DF
5766280393,1,2025,24,21,1916,21.3,0.09,0.05,0.14,0.09,0.0,0.0,0.28,0.0,0.05,0.05,0.04,0.09,0.23,3.99,0.19,0.09,0.05,0.14,0.09,0.14,0.05,0.04,0.09,0.05,0.09,21.3,70.3,25.1,36.9,7.51,75.6,26.2,38.2,9.86,93.0,95.9,96.8,76.2,1328.0,586.2,70.3,25.1,36.9,7.51,75.6,26.2,38.2,9.86,93.0,95.9,96.8,76.2,70.3,25.1,36.9,7.51,75.6,26.2,38.2,9.86,93.0,95.9,96.8,76.2,70.3,25.1,36.9,7.51,75.6,26.2,38.2,9.86,93.0,95.9,96.8,76.2,0.05,0.04,0.0,0.47,5.35,0.19,0.05,0.09,0.61,0.33,53.8,0.61,0.33,0.15,0.29,9.5,0.0,0.0,0.0,0.07,0.05,0.05,85.8,11.6,42.1,39.6,4.46,1.36,85.8,0.19,100.0,0.0,0.0,53.4,0.0,0.47,0.09,63.0,1.13,0.75,0.66,1.13,0.75,84.2,0.14,1.69,0.61,0.61,1.74,5.07,0.09,1.08,1.08,0.0,0.0,0.0,0.0,0.0,0.0,0.05,0.05,0.0,0.0,0.0,0.0,0.0,0.0,0.0,0.8,0.61,0.0,0.09,0.61,0.66,0.0,0.0,0.0,4.13,1.88,64.5,,,,,,,,,,,,,,,,,,,,,,,,,,,,,Jackson Ragen,DF,Seattle Sounders,27-071,Jackson Ragen,Standard,2027,Jackson Ragen,2025.0,600000.0,610000.0,0.004225352112676056,0.002347417840375587,0.002347417840375587,0.039999999999999994,4.220000000000001,1.7399999999999998,DF,Standard,0,DF
5061631870,1,2025,4,1,64,0.7,0.0,0.0,0.0,0.0,0.0,0.0,0.0,0.0,0.0,0.0,0.0,0.0,4.29,2.86,7.14,0.0,0.0,0.0,0.0,0.0,0.0,0.0,0.0,0.0,0.0,0.7,8.57,7.14,0.0,0.0,10.0,7.14,1.43,0.0,85.7,100.0,0.0,,80.0,34.3,8.57,7.14,0.0,0.0,10.0,7.14,1.43,0.0,85.7,100.0,0.0,,8.57,7.14,0.0,0.0,10.0,7.14,1.43,0.0,85.7,100.0,0.0,,8.57,7.14,0.0,0.0,10.0,7.14,1.43,0.0,85.7,100.0,0.0,,0.0,0.0,0.0,0.0,0.0,1.43,0.0,0.0,0.0,0.0,,0.0,0.0,,,,0.0,0.0,0.0,,0.0,0.0,24.3,4.29,10.0,2.86,11.4,1.43,24.3,1.43,33.3,2.86,66.7,17.1,1.43,2.86,2.86,15.7,0.0,0.0,0.0,0.0,0.0,,0.0,1.43,1.43,2.86,2.86,2.86,0.0,0.0,0.0,0.0,0.0,0.0,0.0,0.0,0.0,0.0,0.0,0.0,0.0,0.0,0.0,0.0,0.0,0.0,2.86,1.43,0.0,1.43,2.86,0.0,0.0,0.0,0.0,1.43,1.43,33.3,,,,,,,,,,,,,,,,,,,,,,,,,,,,,Alisa Randell,"MF,DF",Minnesota Utd,18-101,,,,,,,,0.0,0.0,0.0,0.0,7.15,2.86,DF,Unknown,0,DF
1238632643,3,2025,5,0,18,0.2,0.0,0.0,0.0,0.0,0.0,0.0,0.0,0.0,0.0,0.0,0.0,0.0,15.0,15.0,15.0,0.0,0.0,0.0,0.0,0.0,0.0,0.16,0.16,0.0,0.16,0.2,110.0,70.0,30.0,10.0,120.0,70.0,30.0,20.0,91.7,100.0,100.0,50.0,1665.0,405.0,110.0,70.0,30.0,10.0,120.0,70.0,30.0,20.0,91.7,100.0,100.0,50.0,110.0,70.0,30.0,10.0,120.0,70.0,30.0,20.0,91.7,100.0,100.0,50.0,110.0,70.0,30.0,10.0,120.0,70.0,30.0,20.0,91.7,100.0,100.0,50.0,0.0,0.0,0.0,5.0,0.0,5.0,5.0,0.0,0.0,0.0,,0.0,0.0,,,,0.0,0.0,0.0,,0.0,0.0,135.0,0.0,10.0,85.0,40.0,0.0,135.0,0.0,,0.0,,85.0,0.0,0.0,5.0,95.0,10.0,5.0,5.0,10.0,5.0,50.0,5.0,5.0,5.0,0.0,10.0,0.0,0.0,5.0,5.0,0.0,0.0,0.0,0.0,0.0,0.0,0.0,0.0,0.0,0.0,0.0,0.0,0.0,0.0,0.0,15.0,10.0,0.0,5.0,0.0,5.0,0.0,0.0,0.0,20.0,0.0,,,,,,,,,,,,,,,,,,,,,,,,,,,,,,Ryan Raposo,"DF,MF",LAFC,26-274,,,,Ryan Raposo,2025.0,180000.0,180000.0,0.0,0.0,0.0,0.0,30.0,10.0,DF,Unknown,-1,DF
5108075861,1,2025,27,24,2203,24.5,0.0,0.0,0.0,0.0,0.0,0.0,0.04,0.0,0.0,0.0,0.01,0.01,0.53,4.0,0.53,0.0,0.0,0.0,0.0,0.0,0.0,0.01,0.01,0.0,0.01,24.5,55.1,17.5,29.9,7.22,61.3,18.5,32.4,9.59,89.8,94.3,92.3,75.3,1095.4,399.0,55.1,17.5,29.9,7.22,61.3,18.5,32.4,9.59,89.8,94.3,92.3,75.3,55.1,17.5,29.9,7.22,61.3,18.5,32.4,9.59,89.8,94.3,92.3,75.3,55.1,17.5,29.9,7.22,61.3,18.5,32.4,9.59,89.8,94.3,92.3,75.3,0.0,0.01,-0.01,0.12,4.82,0.12,0.0,0.0,0.0,0.0,,0.0,0.0,,,,0.0,0.0,0.0,,0.0,0.0,69.9,9.47,32.3,32.7,5.27,0.2,69.9,0.29,77.8,0.08,22.2,41.6,0.0,0.61,0.2,47.3,1.02,0.57,0.45,1.02,0.57,41.2,0.82,1.31,0.57,1.14,2.16,4.16,0.04,0.49,0.49,0.0,0.0,0.0,0.0,0.0,0.0,0.08,0.08,0.0,0.0,0.0,0.0,0.0,0.0,0.0,0.37,0.16,0.0,0.33,1.14,0.45,0.0,0.0,0.0,3.18,1.18,60.4,,,,,,,,,,,,,,,,,,,,,,,,,,,,,Tim Ream,DF,Charlotte,38-060,Tim Ream,TAM Player,2026,Tim Ream,2025.0,1000000.0,1127750.0,0.0,0.0,0.0,0.0,4.53,2.16,DF,TAM,0,DF
113920051,2,2025,8,5,452,5.0,0.0,0.0,0.0,0.0,0.0,0.0,0.6,0.0,0.0,0.0,0.0,0.0,2.6,4.2,2.2,0.0,0.0,0.0,0.0,0.0,0.0,0.01,0.01,0.0,0.01,5.0,43.6,25.4,14.6,2.4,49.8,28.0,16.6,3.2,87.6,90.7,88.0,75.0,654.6,236.0,43.6,25.4,14.6,2.4,49.8,28.0,16.6,3.2,87.6,90.7,88.0,75.0,43.6,25.4,14.6,2.4,49.8,28.0,16.6,3.2,87.6,90.7,88.0,75.0,43.6,25.4,14.6,2.4,49.8,28.0,16.6,3.2,87.6,90.7,88.0,75.0,0.0,0.04,0.0,0.2,3.4,0.2,0.0,0.0,0.0,0.0,,0.0,0.0,,,,0.0,0.0,0.0,,0.0,0.0,62.2,3.2,23.4,28.8,11.0,0.4,62.2,0.4,40.0,0.6,60.0,37.2,0.2,1.2,1.0,40.4,3.4,2.2,2.0,3.4,2.2,91.7,0.2,1.4,1.2,1.0,4.4,4.0,0.2,1.0,1.0,0.0,0.0,0.0,0.0,0.0,0.0,0.0,0.0,0.0,0.0,0.0,0.0,0.0,0.0,0.0,1.2,0.4,0.0,1.2,1.0,2.0,0.0,0.0,0.0,4.2,0.6,37.5,,,,,,,,,,,,,,,,,,,,,,,,,,,,,Jayden Reid,DF,St. Louis,24-096,Jayden Reid,Standard,2025,Jayden Reid,2025.0,104000.0,104000.0,0.0,0.0,0.0,0.0,6.800000000000001,4.4,DF,Standard,0,DF
2131113959,2,2025,1,1,42,0.5,0.0,0.0,0.0,0.0,0.0,0.0,4.0,2.0,0.0,0.0,0.0,0.0,0.0,0.0,0.0,0.0,0.0,0.0,0.0,0.0,0.0,0.0,0.0,0.0,0.0,0.5,90.0,44.0,44.0,2.0,92.0,44.0,44.0,4.0,97.8,100.0,100.0,50.0,1432.0,452.0,90.0,44.0,44.0,2.0,92.0,44.0,44.0,4.0,97.8,100.0,100.0,50.0,90.0,44.0,44.0,2.0,92.0,44.0,44.0,4.0,97.8,100.0,100.0,50.0,90.0,44.0,44.0,2.0,92.0,44.0,44.0,4.0,97.8,100.0,100.0,50.0,0.0,0.0,0.0,0.0,0.0,0.0,0.0,0.0,0.0,0.0,,0.0,0.0,,,,0.0,0.0,0.0,,0.0,0.0,100.0,14.0,52.0,50.0,0.0,0.0,100.0,0.0,,0.0,,80.0,0.0,2.0,0.0,90.0,0.0,0.0,0.0,0.0,0.0,,0.0,2.0,0.0,0.0,0.0,2.0,0.0,0.0,0.0,0.0,0.0,0.0,0.0,0.0,0.0,0.0,0.0,0.0,0.0,0.0,0.0,0.0,0.0,2.0,6.0,2.0,0.0,0.0,0.0,0.0,0.0,2.0,0.0,2.0,2.0,100.0,,,,,,,,,,,,,,,,,,,,,,,,,,,,,Andrés Reyes,DF,San Diego FC,26-087,Andrés Reyes,TAM Player,2026,Andrés Reyes,2025.0,732000.0,807000.0,0.0,0.0,0.0,0.0,0.0,0.0,DF,TAM,0,DF
8680453765,2,2025,4,1,146,1.6,0.63,0.0,0.63,0.63,0.0,0.0,0.0,0.0,0.63,0.63,0.06,0.69,4.38,1.88,7.5,0.62,0.0,0.62,0.62,0.62,0.61,0.04,0.66,0.61,0.66,1.6,48.8,31.9,11.9,1.88,61.9,35.6,16.9,3.75,78.8,89.5,70.4,50.0,641.9,217.5,48.8,31.9,11.9,1.88,61.9,35.6,16.9,3.75,78.8,89.5,70.4,50.0,48.8,31.9,11.9,1.88,61.9,35.6,16.9,3.75,78.8,89.5,70.4,50.0,48.8,31.9,11.9,1.88,61.9,35.6,16.9,3.75,78.8,89.5,70.4,50.0,0.0,0.06,-0.06,0.63,1.88,1.88,1.25,0.63,1.25,0.63,50.0,1.23,0.62,0.5,1.0,7.4,0.0,0.0,0.0,0.5,0.0,0.0,75.6,6.25,28.8,25.6,21.9,2.5,75.6,1.25,40.0,1.88,60.0,40.0,0.63,0.63,2.5,46.3,0.63,0.63,0.63,0.63,0.63,50.0,0.63,2.5,1.88,0.63,1.25,3.13,0.63,1.25,1.23,0.0,0.0,0.0,0.0,0.0,0.0,0.0,0.0,0.0,0.0,0.0,0.0,0.0,0.0,0.0,1.25,0.63,0.0,2.5,0.63,0.63,0.0,0.0,0.0,4.38,0.0,0.0,,,,,,,,,,,,,,,,,,,,,,,,,,,,,Justin Reynolds,"DF,MF",Chicago Fire,21-122,Justin Reynolds,Homegrown,2026,Justin Reynolds,2025.0,104000.0,104000.0,0.39375,0.0,0.39375,0.0,6.26,1.26,DF,HG,0,DF
6316045730,1,2025,7,4,366,4.1,0.0,0.0,0.0,0.0,0.0,0.0,0.0,0.0,0.05,0.05,0.0,0.05,0.24,0.49,0.24,0.0,0.0,0.0,0.0,0.0,0.06,0.0,0.06,0.06,0.06,4.1,25.6,10.0,13.4,1.95,29.3,10.5,14.1,3.66,87.5,95.3,94.8,53.3,450.0,215.1,25.6,10.0,13.4,1.95,29.3,10.5,14.1,3.66,87.5,95.3,94.8,53.3,25.6,10.0,13.4,1.95,29.3,10.5,14.1,3.66,87.5,95.3,94.8,53.3,25.6,10.0,13.4,1.95,29.3,10.5,14.1,3.66,87.5,95.3,94.8,53.3,0.0,0.0,0.0,0.0,0.24,0.0,0.0,0.0,0.49,0.24,50.0,0.49,0.25,0.0,0.0,8.9,0.0,0.0,0.0,0.11,-0.05,-0.05,41.5,9.27,31.7,9.27,0.98,0.73,41.5,0.24,100.0,0.0,0.0,18.5,0.0,0.0,0.0,22.2,1.95,0.98,1.46,1.95,0.98,100.0,0.0,2.2,0.73,1.71,3.66,5.85,0.24,0.24,0.25,0.0,0.0,0.0,0.0,0.0,0.0,0.0,0.0,0.0,0.0,0.0,0.0,0.0,0.0,0.0,0.98,0.73,0.49,0.0,1.71,1.46,0.0,0.0,0.0,3.17,1.95,80.0,,,,,,,,,,,,,,,,,,,,,,,,,,,,,Alvaro Ribeiro,DF,FC Dallas,20-231,,,,,,,,0.0,0.0,0.012195121951219514,-0.05,0.73,3.66,DF,Unknown,0,DF
5242129312,2,2025,19,12,915,10.2,0.1,0.2,0.29,0.1,0.0,0.0,0.0,0.0,0.04,0.04,0.16,0.2,3.24,2.16,5.29,0.1,0.2,0.3,0.1,0.3,0.04,0.15,0.2,0.04,0.2,10.2,30.7,14.8,13.7,1.37,40.6,17.5,16.6,3.82,75.6,84.8,82.8,35.9,496.6,158.9,30.7,14.8,13.7,1.37,40.6,17.5,16.6,3.82,75.6,84.8,82.8,35.9,30.7,14.8,13.7,1.37,40.6,17.5,16.6,3.82,75.6,84.8,82.8,35.9,30.7,14.8,13.7,1.37,40.6,17.5,16.6,3.82,75.6,84.8,82.8,35.9,0.2,0.12,0.04,0.88,1.08,1.08,0.78,0.1,0.69,0.2,28.6,0.69,0.2,0.14,0.5,18.3,0.0,0.0,0.0,0.06,0.06,0.06,53.5,2.55,14.4,24.7,15.1,1.76,53.5,1.37,53.8,1.08,42.3,25.1,0.88,2.65,0.98,29.7,1.86,0.78,1.08,1.86,0.78,47.1,0.88,1.27,0.98,1.47,3.33,2.55,0.0,1.76,1.77,0.39,0.1,0.1,0.0,0.0,0.0,0.39,0.39,0.39,0.1,0.1,0.0,0.0,0.0,0.0,1.08,1.86,0.1,2.75,1.47,1.08,0.0,0.0,0.1,3.82,0.59,30.0,,,,,,,,,,,,,,,,,,,,,,,,,,,,,Jamar Ricketts,"DF,MF",SJ Earthquakes,24-041,Jamar Ricketts,Standard,2025,Jamar Ricketts,2025.0,80622.0,82209.0,0.009803921568627453,0.019607843137254905,0.00392156862745098,0.060000000000000005,5.4,3.33,DF,Standard,0,DF
210567961,2,2025,22,15,1414,15.7,0.19,0.13,0.32,0.19,0.0,0.0,0.25,0.06,0.08,0.08,0.08,0.16,1.85,4.46,5.61,0.19,0.13,0.32,0.19,0.32,0.08,0.08,0.16,0.08,0.16,15.7,39.4,22.7,12.7,2.17,48.2,25.4,15.5,3.89,81.6,89.2,81.9,55.7,576.8,167.6,39.4,22.7,12.7,2.17,48.2,25.4,15.5,3.89,81.6,89.2,81.9,55.7,39.4,22.7,12.7,2.17,48.2,25.4,15.5,3.89,81.6,89.2,81.9,55.7,39.4,22.7,12.7,2.17,48.2,25.4,15.5,3.89,81.6,89.2,81.9,55.7,0.13,0.15,0.04,0.45,2.1,1.34,0.25,0.19,0.76,0.32,41.7,0.76,0.32,0.25,0.6,19.7,0.0,0.0,0.0,0.1,0.11,0.11,59.6,3.63,16.8,23.8,19.6,1.91,59.6,0.89,53.8,0.64,38.5,30.9,0.51,1.78,0.89,35.1,2.74,1.78,1.85,2.74,1.78,54.9,1.46,0.7,0.45,1.34,4.08,2.93,0.06,1.85,1.84,0.13,0.06,0.0,0.0,0.06,0.0,0.45,0.45,0.13,0.06,0.0,0.0,0.06,0.0,0.06,0.96,0.38,0.32,1.78,1.34,1.85,0.0,0.0,0.0,4.52,0.7,44.0,,,,,,,,,,,,,,,,,,,,,,,,,,,,,Kalani Rienzi,"DF,MF",Seattle Sounders,23-160,,,,,,,,0.012101910828025478,0.008280254777070064,0.005095541401273886,0.11,6.3100000000000005,4.08,DF,Unknown,0,DF
303915964,2,2025,6,6,514,5.7,0.0,0.0,0.0,0.0,0.0,0.0,0.0,0.0,0.02,0.02,0.02,0.04,0.0,2.63,0.0,0.0,0.0,0.0,0.0,0.0,0.02,0.01,0.03,0.02,0.03,5.7,51.9,20.0,29.3,2.46,58.2,20.9,31.8,4.91,89.2,95.8,92.3,50.0,915.3,315.3,51.9,20.0,29.3,2.46,58.2,20.9,31.8,4.91,89.2,95.8,92.3,50.0,51.9,20.0,29.3,2.46,58.2,20.9,31.8,4.91,89.2,95.8,92.3,50.0,51.9,20.0,29.3,2.46,58.2,20.9,31.8,4.91,89.2,95.8,92.3,50.0,0.0,0.02,-0.02,0.35,3.51,0.0,0.0,0.0,0.18,0.0,0.0,0.18,0.0,0.0,,9.8,0.0,0.0,0.0,0.09,-0.02,-0.02,69.6,8.95,33.5,35.4,0.88,0.18,69.6,0.0,,0.0,,40.9,0.0,0.18,0.18,47.2,2.81,1.23,1.05,2.81,1.23,100.0,0.0,1.58,0.88,0.53,3.33,5.26,0.0,1.05,1.05,0.0,0.0,0.0,0.0,0.0,0.0,0.0,0.0,0.0,0.0,0.0,0.0,0.0,0.0,0.0,1.05,0.35,0.0,0.0,0.53,1.05,0.0,0.0,0.0,4.74,0.53,42.9,,,,,,,,,,,,,,,,,,,,,,,,,,,,,Chris Rindov,DF,LA Galaxy,24-057,,,,Chris Rindov,2025.0,80622.0,89372.0,0.0,0.0,0.0035087719298245615,-0.02,2.63,3.34,DF,Unknown,0,DF
6605460181,1,2025,17,12,1057,11.7,0.0,0.0,0.0,0.0,0.0,0.0,0.09,0.0,0.03,0.03,0.06,0.09,0.85,4.87,1.54,0.0,0.0,0.0,0.0,0.0,0.03,0.06,0.08,0.03,0.08,11.7,54.1,21.5,25.9,6.5,66.6,23.3,29.9,12.1,81.3,92.3,86.6,53.9,1031.9,363.5,54.1,21.5,25.9,6.5,66.6,23.3,29.9,12.1,81.3,92.3,86.6,53.9,54.1,21.5,25.9,6.5,66.6,23.3,29.9,12.1,81.3,92.3,86.6,53.9,54.1,21.5,25.9,6.5,66.6,23.3,29.9,12.1,81.3,92.3,86.6,53.9,0.0,0.09,-0.06,0.6,4.36,0.6,0.09,0.0,0.34,0.09,25.0,0.34,0.09,0.0,0.0,22.7,0.17,0.0,0.0,0.07,-0.03,-0.03,79.0,9.15,34.8,36.8,7.35,0.26,79.0,0.0,0.0,0.43,100.0,37.9,0.0,0.43,0.34,47.8,1.37,0.85,0.68,1.37,0.85,62.5,0.51,1.79,0.6,1.03,2.39,5.56,0.0,1.11,1.11,0.0,0.0,0.0,0.0,0.0,0.0,0.0,0.0,0.0,0.0,0.0,0.0,0.0,0.0,0.0,0.85,1.03,0.0,0.77,1.03,0.68,0.0,0.0,0.0,3.93,1.88,52.4,,,,,,,,,,,,,,,,,,,,,,,,,,,,,Birk Risa,DF,NYCFC,27-294,Birk Risa,Standard,2025,,,,,0.0,0.0,0.002564102564102564,-0.03,5.72,2.4000000000000004,DF,Standard,0,DF
8492362948,1,2025,14,10,890,9.9,0.0,0.0,0.0,0.0,0.0,0.0,0.61,0.1,0.02,0.02,0.03,0.05,0.81,3.74,1.52,0.0,0.0,0.0,0.0,0.0,0.02,0.03,0.05,0.02,0.05,9.9,42.8,18.8,20.0,3.23,50.5,20.5,22.5,5.56,84.8,91.6,88.8,58.2,750.6,272.3,42.8,18.8,20.0,3.23,50.5,20.5,22.5,5.56,84.8,91.6,88.8,58.2,42.8,18.8,20.0,3.23,50.5,20.5,22.5,5.56,84.8,91.6,88.8,58.2,42.8,18.8,20.0,3.23,50.5,20.5,22.5,5.56,84.8,91.6,88.8,58.2,0.0,0.04,-0.03,0.51,3.23,0.2,0.0,0.0,0.4,0.1,25.0,0.4,0.1,0.0,0.0,8.8,0.0,0.0,0.0,0.04,-0.02,-0.02,62.8,4.65,26.4,30.3,6.87,1.31,62.8,0.71,70.0,0.3,30.0,34.2,0.1,0.81,0.4,38.4,2.12,1.31,1.52,2.12,1.31,72.2,0.51,0.91,0.71,1.82,3.94,4.75,0.1,1.11,1.11,0.0,0.0,0.0,0.0,0.0,0.0,0.0,0.0,0.0,0.0,0.0,0.0,0.0,0.0,0.1,1.92,0.71,0.0,0.51,1.82,1.52,0.0,0.0,0.0,6.36,1.62,61.5,,,,,,,,,,,,,,,,,,,,,,,,,,,,,Reid Roberts,DF,SJ Earthquakes,21-360,Reid Roberts,Standard,2025,Reid Roberts,2025.0,80622.0,80622.0,0.0,0.0,0.00202020202020202,-0.02,4.550000000000001,3.9400000000000004,DF,Standard,0,DF
9381449529,2,2025,26,26,2255,25.1,0.04,0.0,0.04,0.04,0.0,0.0,0.12,0.0,0.06,0.06,0.02,0.08,0.56,3.82,0.12,0.04,0.0,0.04,0.04,0.04,0.06,0.02,0.08,0.06,0.08,25.1,57.4,17.8,34.2,5.22,65.2,19.4,36.4,8.57,88.1,91.6,94.1,60.9,1113.3,477.2,57.4,17.8,34.2,5.22,65.2,19.4,36.4,8.57,88.1,91.6,94.1,60.9,57.4,17.8,34.2,5.22,65.2,19.4,36.4,8.57,88.1,91.6,94.1,60.9,57.4,17.8,34.2,5.22,65.2,19.4,36.4,8.57,88.1,91.6,94.1,60.9,0.0,0.03,-0.02,0.28,4.1,0.16,0.0,0.04,0.6,0.08,13.3,0.6,0.08,0.07,0.5,10.3,0.0,0.0,0.0,0.1,-0.02,-0.02,76.5,9.16,39.3,34.3,3.19,0.92,76.5,0.16,57.1,0.12,42.9,45.4,0.08,0.4,0.24,54.8,1.39,0.76,0.76,1.39,0.76,73.1,0.28,1.35,0.48,1.43,2.83,5.42,0.04,1.0,1.0,0.0,0.0,0.0,0.0,0.0,0.0,0.08,0.08,0.0,0.0,0.0,0.0,0.0,0.0,0.0,0.64,0.56,0.04,0.12,1.43,0.76,0.0,0.04,0.04,3.59,2.03,63.0,,,,,,,,,,,,,,,,,,,,,,,,,,,,,Miles Robinson,DF,FC Cincinnati,28-265,Miles Robinson,TAM Player,2025,Miles Robinson,2025.0,1503411.0,1650171.0,0.001593625498007968,0.0,0.002390438247011952,-0.019999999999999997,4.38,2.82,DF,TAM,0,DF
1908042852,1,2025,18,18,1365,15.2,0.0,0.07,0.07,0.0,0.0,0.0,0.2,0.0,0.07,0.07,0.03,0.11,1.12,3.16,0.07,0.0,0.07,0.07,0.0,0.07,0.07,0.03,0.11,0.07,0.11,15.2,49.0,20.1,25.2,3.22,54.7,21.2,26.3,6.12,89.7,94.7,95.8,52.7,859.7,353.5,49.0,20.1,25.2,3.22,54.7,21.2,26.3,6.12,89.7,94.7,95.8,52.7,49.0,20.1,25.2,3.22,54.7,21.2,26.3,6.12,89.7,94.7,95.8,52.7,49.0,20.1,25.2,3.22,54.7,21.2,26.3,6.12,89.7,94.7,95.8,52.7,0.07,0.03,0.03,0.26,3.16,0.33,0.07,0.0,0.33,0.0,0.0,0.33,0.0,0.0,,8.3,0.0,0.0,0.0,0.22,-0.07,-0.07,65.3,7.57,33.8,29.9,2.11,0.53,65.3,0.2,75.0,0.07,25.0,40.4,0.0,0.46,0.13,46.9,1.71,0.86,1.25,1.71,0.86,61.9,0.53,0.79,0.33,1.58,3.29,4.87,0.0,0.79,0.79,0.0,0.0,0.0,0.0,0.0,0.0,0.2,0.2,0.0,0.0,0.0,0.0,0.0,0.0,0.0,1.71,1.51,0.0,0.13,1.58,1.25,0.0,0.0,0.0,3.62,1.51,62.2,,,,,,,,,,,,,,,,,,,,,,,,,,,,,Stian Rode Gregersen,DF,Atlanta Utd,30-201,,,,,,,,0.0,0.004605263157894737,0.004605263157894737,-0.07,4.28,3.29,DF,Unknown,0,DF
902095488,1,2025,20,17,1481,16.5,0.06,0.06,0.12,0.06,0.0,0.0,0.24,0.0,0.06,0.06,0.04,0.1,1.52,5.45,0.61,0.06,0.06,0.12,0.06,0.12,0.06,0.04,0.1,0.06,0.1,16.5,46.3,18.4,21.6,5.33,57.8,20.8,25.3,9.33,80.2,88.1,85.6,57.1,866.5,389.4,46.3,18.4,21.6,5.33,57.8,20.8,25.3,9.33,80.2,88.1,85.6,57.1,46.3,18.4,21.6,5.33,57.8,20.8,25.3,9.33,80.2,88.1,85.6,57.1,46.3,18.4,21.6,5.33,57.8,20.8,25.3,9.33,80.2,88.1,85.6,57.1,0.06,0.04,0.02,0.36,5.76,0.48,0.06,0.06,0.79,0.18,23.1,0.79,0.18,0.08,0.33,15.4,0.0,0.0,0.0,0.08,0.0,0.0,71.9,5.82,31.5,34.7,7.03,0.91,71.9,0.91,68.2,0.36,27.3,40.8,0.0,0.91,0.3,41.4,2.91,1.88,1.58,2.91,1.88,55.4,1.52,1.7,0.91,2.24,5.15,4.36,0.0,1.58,1.58,0.06,0.0,0.12,0.0,0.06,0.0,0.18,0.18,0.06,0.0,0.12,0.0,0.06,0.0,0.0,0.97,2.06,0.12,0.61,2.24,1.58,0.0,0.0,0.0,6.12,1.52,56.8,,,,,,,,,,,,,,,,,,,,,,,,,,,,,Rodrigues,DF,SJ Earthquakes,28-055,Rodrigues,TAM Player,2025,,,,,0.0036363636363636364,0.0036363636363636364,0.0036363636363636364,0.0,6.970000000000001,5.15,DF,TAM,0,DF
6914457937,1,2025,22,20,1701,18.9,0.0,0.0,0.0,0.0,0.0,0.0,0.32,0.0,0.05,0.05,0.03,0.07,0.32,2.59,0.16,0.0,0.0,0.0,0.0,0.0,0.05,0.02,0.08,0.05,0.08,18.9,57.2,24.5,28.5,3.39,61.8,25.6,29.8,5.03,92.6,95.7,95.4,67.4,987.2,410.2,57.2,24.5,28.5,3.39,61.8,25.6,29.8,5.03,92.6,95.7,95.4,67.4,57.2,24.5,28.5,3.39,61.8,25.6,29.8,5.03,92.6,95.7,95.4,67.4,57.2,24.5,28.5,3.39,61.8,25.6,29.8,5.03,92.6,95.7,95.4,67.4,0.0,0.01,-0.03,0.11,3.02,0.05,0.0,0.0,0.42,0.16,37.5,0.42,0.16,0.0,0.0,10.5,0.0,0.0,0.0,0.14,-0.05,-0.05,72.2,11.4,45.6,24.4,2.38,0.53,72.2,0.05,50.0,0.05,50.0,38.1,0.0,0.48,0.16,49.8,1.38,0.53,0.85,1.38,0.53,47.6,0.58,1.16,0.53,1.27,2.65,4.66,0.11,0.37,0.37,0.0,0.0,0.0,0.0,0.0,0.0,0.05,0.05,0.0,0.0,0.0,0.0,0.0,0.0,0.0,0.9,0.26,0.05,0.0,1.27,0.85,0.0,0.05,0.05,3.76,1.22,59.0,,,,,,,,,,,,,,,,,,,,,,,,,,,,,Sam Rogers,DF,Chicago Fire,26-201,Sam Rogers,Standard,2026,Sam Rogers,2025.0,120000.0,143000.0,0.0,0.0,0.002645502645502646,-0.05,2.9099999999999997,2.65,DF,Standard,0,DF
8031854656,2,2025,29,24,2116,23.5,0.0,0.09,0.09,0.0,0.0,0.0,0.09,0.0,0.05,0.05,0.14,0.2,1.4,4.81,5.83,0.0,0.09,0.09,0.0,0.09,0.05,0.14,0.19,0.05,0.19,23.5,56.7,27.9,23.2,4.43,67.1,30.6,26.7,6.89,84.5,91.2,86.9,64.2,955.4,272.1,56.7,27.9,23.2,4.43,67.1,30.6,26.7,6.89,84.5,91.2,86.9,64.2,56.7,27.9,23.2,4.43,67.1,30.6,26.7,6.89,84.5,91.2,86.9,64.2,56.7,27.9,23.2,4.43,67.1,30.6,26.7,6.89,84.5,91.2,86.9,64.2,0.09,0.14,-0.06,1.11,4.34,1.53,0.43,0.0,1.15,0.34,29.6,1.15,0.34,0.0,0.0,21.4,0.0,0.0,0.0,0.04,-0.05,-0.05,78.6,4.68,23.0,33.4,22.7,1.57,78.6,0.3,41.2,0.43,58.8,46.6,0.38,1.11,0.34,53.6,1.83,0.77,1.49,1.83,0.77,47.4,0.85,1.15,0.94,1.15,2.98,3.87,0.17,2.77,2.76,0.0,0.0,0.09,0.0,0.0,0.0,0.21,0.21,0.0,0.0,0.09,0.0,0.0,0.0,0.0,0.3,1.19,0.09,2.09,1.15,1.49,0.0,0.0,0.0,4.34,0.94,53.7,,,,,,,,,,,,,,,,,,,,,,,,,,,,,Alex Roldan,"DF,MF",Seattle Sounders,29-129,Alex Roldan,Standard,2026,,,,,0.0,0.003829787234042553,0.002127659574468085,-0.05,6.209999999999999,2.98,DF,Standard,0,DF
2351329881,1,2025,27,25,2125,23.6,0.0,0.21,0.21,0.0,0.0,0.0,0.42,0.0,0.07,0.07,0.11,0.18,0.38,1.86,0.59,0.0,0.21,0.21,0.0,0.21,0.07,0.11,0.18,0.07,0.18,23.6,30.1,12.7,14.1,3.01,38.9,14.1,16.4,7.03,77.4,90.4,85.8,42.8,555.8,248.5,30.1,12.7,14.1,3.01,38.9,14.1,16.4,7.03,77.4,90.4,85.8,42.8,30.1,12.7,14.1,3.01,38.9,14.1,16.4,7.03,77.4,90.4,85.8,42.8,30.1,12.7,14.1,3.01,38.9,14.1,16.4,7.03,77.4,90.4,85.8,42.8,0.21,0.08,0.11,0.47,2.08,0.17,0.0,0.0,0.89,0.08,9.5,0.89,0.08,0.0,0.0,14.1,0.0,0.0,0.0,0.08,-0.07,-0.07,51.5,7.75,30.1,16.9,4.83,2.84,51.5,0.34,61.5,0.21,38.5,23.9,0.04,0.55,0.17,27.5,1.31,0.97,0.72,1.31,0.97,57.5,0.72,1.02,0.42,1.23,2.54,5.21,0.04,0.89,0.89,0.0,0.0,0.0,0.0,0.0,0.0,0.25,0.25,0.0,0.0,0.0,0.0,0.0,0.0,0.0,1.19,0.97,0.04,0.13,1.23,0.72,0.0,0.04,0.08,3.94,2.12,58.8,,,,,,,,,,,,,,,,,,,,,,,,,,,,,Nicolás Romero,DF,Minnesota Utd,22-006,Nicolás Romero,U22 Initiative,2027,Nicolás Romero,2025.0,420000.0,457500.0,0.0,0.008898305084745761,0.0029661016949152543,-0.07,2.24,2.54,DF,U22,0,DF
2977665500,2,2025,33,29,2673,29.7,0.0,0.0,0.0,0.0,0.0,0.0,0.13,0.0,0.02,0.02,0.02,0.04,0.74,4.41,0.57,0.0,0.0,0.0,0.0,0.0,0.02,0.02,0.04,0.02,0.04,29.7,45.5,15.7,25.0,4.31,53.7,17.4,27.8,7.17,84.7,90.0,90.1,60.1,873.4,325.4,45.5,15.7,25.0,4.31,53.7,17.4,27.8,7.17,84.7,90.0,90.1,60.1,45.5,15.7,25.0,4.31,53.7,17.4,27.8,7.17,84.7,90.0,90.1,60.1,45.5,15.7,25.0,4.31,53.7,17.4,27.8,7.17,84.7,90.0,90.1,60.1,0.0,0.04,-0.02,0.24,4.18,0.24,0.13,0.0,0.44,0.07,15.4,0.44,0.07,0.0,0.0,12.0,0.0,0.0,0.0,0.04,-0.02,-0.02,64.4,5.89,28.2,31.9,4.81,0.98,64.4,0.07,40.0,0.1,60.0,34.7,0.03,0.27,0.1,41.5,0.98,0.71,0.51,0.98,0.71,72.4,0.27,1.18,0.51,0.61,1.58,5.89,0.03,0.81,0.81,0.0,0.0,0.0,0.0,0.0,0.0,0.07,0.07,0.0,0.0,0.0,0.0,0.0,0.0,0.0,0.64,0.2,0.0,0.57,0.61,0.51,0.0,0.0,0.0,3.03,2.9,63.2,,,,,,,,,,,,,,,,,,,,,,,,,,,,,David Romney,DF,SJ Earthquakes,32-175,,,,,,,,0.0,0.0,0.0006734006734006734,-0.02,5.15,1.5899999999999999,DF,Unknown,0,DF
8656054945,1,2025,2,0,23,0.3,0.0,0.0,0.0,0.0,0.0,0.0,0.0,0.0,0.0,0.0,0.0,0.0,0.0,6.67,3.33,0.0,0.0,0.0,0.0,0.0,0.0,0.0,0.0,0.0,0.0,0.3,46.7,26.7,16.7,3.33,60.0,26.7,23.3,10.0,77.8,100.0,71.4,33.3,766.7,383.3,46.7,26.7,16.7,3.33,60.0,26.7,23.3,10.0,77.8,100.0,71.4,33.3,46.7,26.7,16.7,3.33,60.0,26.7,23.3,10.0,77.8,100.0,71.4,33.3,46.7,26.7,16.7,3.33,60.0,26.7,23.3,10.0,77.8,100.0,71.4,33.3,0.0,0.0,0.0,0.0,0.0,6.67,0.0,0.0,0.0,0.0,,0.0,0.0,,,,0.0,0.0,0.0,,0.0,0.0,63.3,0.0,23.3,23.3,16.7,0.0,63.3,0.0,,0.0,,10.0,0.0,0.0,0.0,23.3,3.33,0.0,0.0,3.33,0.0,,0.0,0.0,0.0,0.0,3.33,0.0,0.0,0.0,0.0,0.0,0.0,0.0,0.0,0.0,0.0,0.0,0.0,0.0,0.0,0.0,0.0,0.0,0.0,0.0,0.0,0.0,0.0,0.0,0.0,0.0,0.0,0.0,0.0,6.67,3.33,100.0,,,,,,,,,,,,,,,,,,,,,,,,,,,,,Anderson Rosa,DF,Colorado Rapids,24-021,,,,,,,,0.0,0.0,0.0,0.0,6.67,3.33,DF,Unknown,0,DF
158957854,2,2025,25,15,1449,16.1,0.06,0.12,0.19,0.06,0.0,0.0,0.12,0.0,0.09,0.09,0.14,0.23,2.48,2.98,4.41,0.06,0.12,0.19,0.06,0.19,0.09,0.14,0.23,0.09,0.23,16.1,29.8,16.5,9.88,2.92,40.3,18.9,12.3,6.58,74.0,87.2,80.3,44.3,490.8,175.0,29.8,16.5,9.88,2.92,40.3,18.9,12.3,6.58,74.0,87.2,80.3,44.3,29.8,16.5,9.88,2.92,40.3,18.9,12.3,6.58,74.0,87.2,80.3,44.3,29.8,16.5,9.88,2.92,40.3,18.9,12.3,6.58,74.0,87.2,80.3,44.3,0.12,0.21,-0.02,1.55,1.8,1.68,0.62,0.06,1.06,0.31,29.4,1.06,0.31,0.06,0.2,18.8,0.06,0.0,0.0,0.08,-0.02,-0.02,53.6,2.05,14.5,22.5,17.4,1.49,53.6,1.37,47.8,1.49,52.2,29.1,0.62,2.55,1.55,31.1,2.55,1.49,1.43,2.55,1.49,57.1,1.12,0.93,0.93,0.75,3.29,1.99,0.06,3.48,3.48,0.25,0.06,0.19,0.0,0.0,0.0,0.37,0.37,0.25,0.06,0.19,0.0,0.0,0.0,0.0,1.37,0.81,0.19,4.41,0.75,1.43,0.0,0.0,0.0,6.02,0.62,40.0,,,,,,,,,,,,,,,,,,,,,,,,,,,,,Joseph Rosales,"DF,MF",Minnesota Utd,25-028,Joseph Rosales,Standard,2027,Joseph Rosales,2025.0,535000.0,579702.0,0.003726708074534161,0.007453416149068322,0.005590062111801242,-0.03,5.46,3.3,DF,Standard,0,DF
7380878321,1,2025,16,10,1051,11.7,0.17,0.0,0.17,0.17,0.0,0.0,0.0,0.0,0.03,0.03,0.03,0.06,0.85,3.93,2.56,0.17,0.0,0.17,0.17,0.17,0.03,0.03,0.06,0.03,0.06,11.7,33.2,15.5,13.8,3.68,46.2,16.9,18.3,8.97,72.0,91.4,75.7,41.0,592.0,241.8,33.2,15.5,13.8,3.68,46.2,16.9,18.3,8.97,72.0,91.4,75.7,41.0,33.2,15.5,13.8,3.68,46.2,16.9,18.3,8.97,72.0,91.4,75.7,41.0,33.2,15.5,13.8,3.68,46.2,16.9,18.3,8.97,72.0,91.4,75.7,41.0,0.0,0.03,-0.03,0.34,3.08,0.34,0.09,0.17,0.51,0.26,50.0,0.51,0.26,0.33,0.67,22.0,0.0,0.0,0.0,0.06,0.14,0.14,57.7,5.9,21.5,26.1,10.8,0.26,57.7,0.77,56.3,0.6,43.8,23.9,0.0,0.6,0.51,28.2,0.94,0.51,0.6,0.94,0.51,50.0,0.51,2.22,0.94,1.71,2.65,4.44,0.09,1.37,1.37,0.0,0.0,0.0,0.0,0.0,0.0,0.26,0.26,0.0,0.0,0.0,0.0,0.0,0.0,0.0,0.51,0.17,0.17,1.45,1.71,0.6,0.0,0.0,0.0,3.68,1.03,52.2,,,,,,,,,,,,,,,,,,,,,,,,,,,,,Keegan Rosenberry,DF,Colorado Rapids,31-358,Keegan Rosenberry,Standard,2027,Keegan Rosenberry,2025.0,400000.0,400000.0,0.014529914529914532,0.0,0.002564102564102564,0.14,4.78,2.65,DF,Standard,0,DF
5168888033,1,2025,5,2,180,2.0,0.0,0.0,0.0,0.0,0.0,0.0,0.5,0.0,0.2,0.2,0.0,0.2,0.0,2.0,0.0,0.0,0.0,0.0,0.0,0.0,0.19,0.0,0.19,0.19,0.19,2.0,44.5,14.5,20.5,8.0,50.5,15.5,24.5,9.0,88.1,93.5,83.7,88.9,895.0,310.0,44.5,14.5,20.5,8.0,50.5,15.5,24.5,9.0,88.1,93.5,83.7,88.9,44.5,14.5,20.5,8.0,50.5,15.5,24.5,9.0,88.1,93.5,83.7,88.9,44.5,14.5,20.5,8.0,50.5,15.5,24.5,9.0,88.1,93.5,83.7,88.9,0.0,0.0,0.0,0.0,4.0,0.0,0.0,0.0,1.5,0.5,33.3,1.5,0.5,0.0,0.0,8.0,0.0,0.0,0.0,0.13,-0.2,-0.2,63.0,7.5,30.0,27.5,6.0,2.0,63.0,0.5,50.0,0.5,50.0,29.5,0.0,0.5,1.0,37.5,2.5,1.5,1.0,2.5,1.5,75.0,0.5,0.5,0.0,3.0,5.5,4.5,0.0,0.5,0.5,0.0,0.0,0.0,0.0,0.0,0.0,0.0,0.0,0.0,0.0,0.0,0.0,0.0,0.0,0.0,1.0,0.5,0.0,0.0,3.0,1.0,0.0,0.0,0.0,4.5,3.5,70.0,,,,,,,,,,,,,,,,,,,,,,,,,,,,,Daniel Rosero,DF,Sporting KC,32-059,,,,,,,,0.0,0.0,0.1,-0.2,2.0,5.5,DF,Unknown,0,DF
3005200050,1,2025,31,27,2532,28.1,0.04,0.04,0.07,0.04,0.0,0.0,0.07,0.0,0.04,0.04,0.02,0.06,0.25,1.78,0.25,0.04,0.04,0.07,0.04,0.07,0.04,0.02,0.06,0.04,0.06,28.1,36.5,12.8,19.5,3.77,43.8,14.0,21.4,7.51,83.4,91.6,91.3,50.2,700.5,285.8,36.5,12.8,19.5,3.77,43.8,14.0,21.4,7.51,83.4,91.6,91.3,50.2,36.5,12.8,19.5,3.77,43.8,14.0,21.4,7.51,83.4,91.6,91.3,50.2,36.5,12.8,19.5,3.77,43.8,14.0,21.4,7.51,83.4,91.6,91.3,50.2,0.04,0.04,0.01,0.18,2.38,0.0,0.0,0.04,0.39,0.11,27.3,0.39,0.11,0.09,0.33,12.6,0.0,0.0,0.0,0.09,0.0,0.0,55.2,8.19,31.6,21.3,2.31,0.96,55.2,0.04,14.3,0.07,28.6,29.4,0.04,0.64,0.18,35.3,1.17,0.68,0.57,1.17,0.68,63.3,0.39,1.39,0.25,1.21,2.38,5.69,0.04,0.6,0.6,0.0,0.0,0.07,0.04,0.0,0.0,0.07,0.07,0.0,0.0,0.07,0.04,0.0,0.0,0.0,0.85,1.07,0.0,0.04,1.21,0.57,0.04,0.0,0.0,2.63,1.17,50.0,,,,,,,,,,,,,,,,,,,,,,,,,,,,,Sigurd Rosted,DF,Toronto FC,31-135,Sigurd Rosted,TAM Player,2025,Sigurd Rosted,2025.0,800000.0,805000.0,0.0014234875444839856,0.0014234875444839856,0.0014234875444839856,0.0,2.0300000000000002,2.38,DF,TAM,0,DF
5739448507,1,2025,31,29,2686,29.8,0.0,0.0,0.0,0.0,0.0,0.0,0.27,0.0,0.04,0.04,0.01,0.05,0.4,2.82,0.03,0.0,0.0,0.0,0.0,0.0,0.04,0.01,0.05,0.04,0.05,29.8,43.9,14.0,24.9,4.8,51.1,15.1,27.0,8.32,85.9,92.7,92.2,57.7,863.4,334.6,43.9,14.0,24.9,4.8,51.1,15.1,27.0,8.32,85.9,92.7,92.2,57.7,43.9,14.0,24.9,4.8,51.1,15.1,27.0,8.32,85.9,92.7,92.2,57.7,43.9,14.0,24.9,4.8,51.1,15.1,27.0,8.32,85.9,92.7,92.2,57.7,0.0,0.01,-0.01,0.07,2.18,0.07,0.0,0.0,0.23,0.07,28.6,0.23,0.07,0.0,0.0,6.8,0.0,0.0,0.0,0.16,-0.04,-0.04,63.4,8.26,37.0,25.4,1.31,0.44,63.4,0.03,25.0,0.1,75.0,33.1,0.0,0.4,0.13,40.1,1.54,1.11,0.94,1.54,1.11,66.0,0.57,1.34,0.54,1.95,3.49,6.07,0.03,0.44,0.44,0.0,0.0,0.0,0.0,0.0,0.0,0.0,0.0,0.0,0.0,0.0,0.0,0.0,0.0,0.0,0.64,0.23,0.0,0.03,1.95,0.94,0.0,0.0,0.0,3.72,1.58,58.0,,,,,,,,,,,,,,,,,,,,,,,,,,,,,Kye Rowles,DF,D.C. United,27-163,Kye Rowles,TAM Player,2026,Kye Rowles,2025.0,292500.0,494167.0,0.0,0.0,0.0013422818791946308,-0.04,3.2199999999999998,3.49,DF,TAM,0,DF
8216343649,1,2025,14,2,302,3.4,0.29,0.0,0.29,0.29,0.0,0.0,0.29,0.0,0.03,0.03,0.0,0.03,3.24,8.53,2.06,0.3,0.0,0.3,0.3,0.3,0.04,0.0,0.04,0.04,0.04,3.4,60.6,31.5,27.4,1.18,69.1,32.9,31.2,1.76,87.7,95.5,87.7,66.7,922.6,358.5,60.6,31.5,27.4,1.18,69.1,32.9,31.2,1.76,87.7,95.5,87.7,66.7,60.6,31.5,27.4,1.18,69.1,32.9,31.2,1.76,87.7,95.5,87.7,66.7,60.6,31.5,27.4,1.18,69.1,32.9,31.2,1.76,87.7,95.5,87.7,66.7,0.0,0.03,0.0,0.0,5.59,0.0,0.0,0.29,1.18,0.59,50.0,1.19,0.6,0.25,0.5,17.8,0.0,0.0,0.0,0.03,0.26,0.26,83.2,7.06,25.9,42.9,15.0,1.76,83.2,0.88,42.9,1.18,57.1,47.6,0.0,0.59,0.29,56.8,1.18,0.29,0.88,1.18,0.29,33.3,0.59,3.53,2.65,1.47,2.65,4.71,0.0,1.18,1.19,0.0,0.0,0.0,0.0,0.0,0.0,0.0,0.0,0.0,0.0,0.0,0.0,0.0,0.0,0.0,0.88,0.29,0.0,0.88,1.47,0.88,0.0,0.0,0.0,4.41,2.65,69.2,,,,,,,,,,,,,,,,,,,,,,,,,,,,,Cesar Ruvalcaba,DF,Columbus Crew,24-144,,,,Cesar Ruvalcaba,2025.0,80622.0,80622.0,0.08529411764705883,0.0,0.008823529411764706,0.26,11.77,2.65,DF,Unknown,0,DF
4630444730,2,2025,5,1,95,1.1,0.0,0.0,0.0,0.0,0.0,0.0,0.0,0.0,0.09,0.09,0.0,0.09,0.91,4.55,0.0,0.0,0.0,0.0,0.0,0.0,0.08,0.0,0.08,0.08,0.08,1.1,66.4,11.8,47.3,7.27,70.0,11.8,50.0,8.18,94.8,100.0,94.5,88.9,1482.7,385.5,66.4,11.8,47.3,7.27,70.0,11.8,50.0,8.18,94.8,100.0,94.5,88.9,66.4,11.8,47.3,7.27,70.0,11.8,50.0,8.18,94.8,100.0,94.5,88.9,66.4,11.8,47.3,7.27,70.0,11.8,50.0,8.18,94.8,100.0,94.5,88.9,0.0,0.0,0.0,0.0,4.55,0.0,0.0,0.0,1.82,0.0,0.0,1.89,0.0,0.0,,19.7,0.0,0.0,0.0,0.04,-0.09,-0.09,90.9,12.7,41.8,46.4,2.73,1.82,90.9,0.0,,0.0,,50.0,0.0,0.91,0.0,62.7,1.82,0.0,0.91,1.82,0.0,,0.0,4.55,1.82,0.91,2.73,8.18,0.0,0.91,0.95,0.0,0.0,0.0,0.0,0.0,0.0,0.0,0.0,0.0,0.0,0.0,0.0,0.0,0.0,0.0,1.82,0.91,0.0,0.0,0.91,0.91,0.0,0.0,0.0,3.64,3.64,57.1,,,,,,,,,,,,,,,,,,,,,,,,,,,,,Ryan Sailor,DF,Inter Miami,27-007,Ryan Sailor,Standard,2025,Ryan Sailor,2025.0,104000.0,104000.0,0.0,0.0,0.0818181818181818,-0.09,5.46,2.73,DF,Standard,-1,DF
2791603304,4,2025,19,6,737,8.2,0.0,0.0,0.0,0.0,0.0,0.0,0.37,0.0,0.02,0.02,0.05,0.09,2.68,2.07,6.59,0.0,0.0,0.0,0.0,0.0,0.03,0.05,0.08,0.03,0.08,8.2,29.5,17.4,9.76,1.34,39.8,20.4,12.8,4.15,74.2,85.6,76.2,32.4,442.3,138.8,29.5,17.4,9.76,1.34,39.8,20.4,12.8,4.15,74.2,85.6,76.2,32.4,29.5,17.4,9.76,1.34,39.8,20.4,12.8,4.15,74.2,85.6,76.2,32.4,29.5,17.4,9.76,1.34,39.8,20.4,12.8,4.15,74.2,85.6,76.2,32.4,0.0,0.06,-0.05,0.49,0.85,0.73,0.37,0.0,0.49,0.12,25.0,0.49,0.12,0.0,0.0,11.5,0.0,0.0,0.0,0.06,-0.02,-0.02,51.7,3.9,18.2,19.1,14.9,1.95,51.7,0.24,33.3,0.49,66.7,25.6,0.24,1.22,0.85,27.6,1.71,0.98,0.85,1.71,0.98,72.7,0.37,1.1,0.49,1.1,2.8,4.15,0.12,1.83,1.83,0.0,0.0,0.37,0.24,0.0,0.0,0.24,0.24,0.0,0.0,0.37,0.24,0.0,0.0,0.0,1.71,1.83,0.12,2.8,1.1,0.85,0.12,0.0,0.0,3.17,1.46,54.5,,,,,,,,,,,,,,,,,,,,,,,,,,,,,William Sands,DF,NE Revolution,25-151,,,,,,,,0.0,0.0,0.002439024390243903,-0.02,4.75,2.81,DF,Unknown,0,DF
8662778348,2,2025,7,5,378,4.2,0.24,0.48,0.71,0.24,0.0,0.0,0.0,0.0,0.05,0.05,0.33,0.38,1.43,4.29,7.14,0.24,0.48,0.71,0.24,0.71,0.05,0.33,0.38,0.05,0.38,4.2,43.3,20.0,17.4,4.76,60.0,22.6,20.5,13.3,72.2,88.4,84.9,35.7,773.6,269.3,43.3,20.0,17.4,4.76,60.0,22.6,20.5,13.3,72.2,88.4,84.9,35.7,43.3,20.0,17.4,4.76,60.0,22.6,20.5,13.3,72.2,88.4,84.9,35.7,43.3,20.0,17.4,4.76,60.0,22.6,20.5,13.3,72.2,88.4,84.9,35.7,0.48,0.26,0.14,2.62,2.86,1.19,0.71,0.24,1.19,0.24,20.0,1.19,0.24,0.2,1.0,26.0,0.48,0.0,0.0,0.04,0.19,0.19,69.3,3.33,18.3,27.1,24.5,0.71,69.3,0.0,,0.0,,34.0,0.0,1.43,0.0,40.2,0.71,0.71,0.24,0.71,0.71,75.0,0.24,0.48,0.48,1.19,1.9,3.81,0.0,3.57,3.57,0.0,0.0,0.0,0.0,0.0,0.0,0.71,0.71,0.0,0.0,0.0,0.0,0.0,0.0,0.0,0.48,0.0,0.0,9.52,1.19,0.24,0.0,0.0,0.0,3.33,0.71,37.5,,,,,,,,,,,,,,,,,,,,,,,,,,,,,Rafael Santos,DF,Orlando City,27-302,Rafael Santos,Standard,2025,Rafael Santos,2025.0,375000.0,401188.0,0.05714285714285714,0.11428571428571428,0.011904761904761904,0.19,5.72,1.9,DF,Standard,0,DF
8662778348,3,2025,7,5,378,4.2,0.24,0.48,0.71,0.24,0.0,0.0,0.0,0.0,0.05,0.05,0.33,0.38,1.43,4.29,7.14,0.24,0.48,0.71,0.24,0.71,0.05,0.33,0.38,0.05,0.38,4.2,43.3,20.0,17.4,4.76,60.0,22.6,20.5,13.3,72.2,88.4,84.9,35.7,773.6,269.3,43.3,20.0,17.4,4.76,60.0,22.6,20.5,13.3,72.2,88.4,84.9,35.7,43.3,20.0,17.4,4.76,60.0,22.6,20.5,13.3,72.2,88.4,84.9,35.7,43.3,20.0,17.4,4.76,60.0,22.6,20.5,13.3,72.2,88.4,84.9,35.7,0.48,0.26,0.14,2.62,2.86,1.19,0.71,0.24,1.19,0.24,20.0,1.19,0.24,0.2,1.0,26.0,0.48,0.0,0.0,0.04,0.19,0.19,69.3,3.33,18.3,27.1,24.5,0.71,69.3,0.0,,0.0,,34.0,0.0,1.43,0.0,40.2,0.71,0.71,0.24,0.71,0.71,75.0,0.24,0.48,0.48,1.19,1.9,3.81,0.0,3.57,3.57,0.0,0.0,0.0,0.0,0.0,0.0,0.71,0.71,0.0,0.0,0.0,0.0,0.0,0.0,0.0,0.48,0.0,0.0,9.52,1.19,0.24,0.0,0.0,0.0,3.33,0.71,37.5,,,,,,,,,,,,,,,,,,,,,,,,,,,,,Rafael Santos,DF,Orlando City,27-302,Rafael Santos,Standard,2025,Rafael Santos,2025.0,375000.0,401188.0,0.05714285714285714,0.11428571428571428,0.011904761904761904,0.19,5.72,1.9,DF,Standard,0,DF
8662778348,2,2025,17,6,677,7.5,0.0,0.0,0.0,0.0,0.0,0.0,0.4,0.13,0.03,0.03,0.15,0.17,1.6,5.2,6.93,0.0,0.0,0.0,0.0,0.0,0.03,0.14,0.17,0.03,0.17,7.5,46.4,24.4,17.3,3.6,61.9,26.4,20.8,10.7,75.0,92.4,83.3,33.8,806.5,301.1,46.4,24.4,17.3,3.6,61.9,26.4,20.8,10.7,75.0,92.4,83.3,33.8,46.4,24.4,17.3,3.6,61.9,26.4,20.8,10.7,75.0,92.4,83.3,33.8,46.4,24.4,17.3,3.6,61.9,26.4,20.8,10.7,75.0,92.4,83.3,33.8,0.0,0.12,-0.15,0.93,4.27,1.87,0.8,0.0,0.8,0.27,33.3,0.8,0.27,0.0,0.0,19.7,0.0,0.0,0.0,0.03,-0.03,-0.03,71.9,3.47,23.5,27.2,21.7,0.8,71.9,0.4,30.0,0.8,60.0,41.9,0.0,0.53,1.33,47.6,2.27,1.07,1.2,2.27,1.07,57.1,0.8,1.07,0.93,0.93,3.2,2.93,0.0,2.13,2.13,0.0,0.0,0.0,0.0,0.0,0.0,0.0,0.0,0.0,0.0,0.0,0.0,0.0,0.0,0.13,0.4,0.53,0.13,6.53,0.93,1.2,0.0,0.0,0.0,3.87,1.33,66.7,,,,,,,,,,,,,,,,,,,,,,,,,,,,,Rafael Santos,DF,Orlando City,27-302,Rafael Santos,Standard,2025,Rafael Santos,2025.0,375000.0,401188.0,0.0,0.0,0.004,-0.03,6.800000000000001,3.2,DF,Standard,0,DF
8662778348,3,2025,17,6,677,7.5,0.0,0.0,0.0,0.0,0.0,0.0,0.4,0.13,0.03,0.03,0.15,0.17,1.6,5.2,6.93,0.0,0.0,0.0,0.0,0.0,0.03,0.14,0.17,0.03,0.17,7.5,46.4,24.4,17.3,3.6,61.9,26.4,20.8,10.7,75.0,92.4,83.3,33.8,806.5,301.1,46.4,24.4,17.3,3.6,61.9,26.4,20.8,10.7,75.0,92.4,83.3,33.8,46.4,24.4,17.3,3.6,61.9,26.4,20.8,10.7,75.0,92.4,83.3,33.8,46.4,24.4,17.3,3.6,61.9,26.4,20.8,10.7,75.0,92.4,83.3,33.8,0.0,0.12,-0.15,0.93,4.27,1.87,0.8,0.0,0.8,0.27,33.3,0.8,0.27,0.0,0.0,19.7,0.0,0.0,0.0,0.03,-0.03,-0.03,71.9,3.47,23.5,27.2,21.7,0.8,71.9,0.4,30.0,0.8,60.0,41.9,0.0,0.53,1.33,47.6,2.27,1.07,1.2,2.27,1.07,57.1,0.8,1.07,0.93,0.93,3.2,2.93,0.0,2.13,2.13,0.0,0.0,0.0,0.0,0.0,0.0,0.0,0.0,0.0,0.0,0.0,0.0,0.0,0.0,0.13,0.4,0.53,0.13,6.53,0.93,1.2,0.0,0.0,0.0,3.87,1.33,66.7,,,,,,,,,,,,,,,,,,,,,,,,,,,,,Rafael Santos,DF,Orlando City,27-302,Rafael Santos,Standard,2025,Rafael Santos,2025.0,375000.0,401188.0,0.0,0.0,0.004,-0.03,6.800000000000001,3.2,DF,Standard,0,DF
2644084372,2,2025,15,8,800,8.9,0.0,0.11,0.11,0.0,0.0,0.0,0.11,0.0,0.0,0.0,0.08,0.08,1.91,3.26,3.71,0.0,0.11,0.11,0.0,0.11,0.0,0.08,0.08,0.0,0.08,8.9,47.3,21.6,22.9,2.25,56.1,22.9,25.4,5.39,84.4,94.1,90.3,41.7,786.2,236.7,47.3,21.6,22.9,2.25,56.1,22.9,25.4,5.39,84.4,94.1,90.3,41.7,47.3,21.6,22.9,2.25,56.1,22.9,25.4,5.39,84.4,94.1,90.3,41.7,47.3,21.6,22.9,2.25,56.1,22.9,25.4,5.39,84.4,94.1,90.3,41.7,0.11,0.04,0.03,0.22,3.26,0.56,0.22,0.0,0.11,0.0,0.0,0.11,0.0,0.0,,14.4,0.0,0.0,0.0,0.03,0.0,0.0,66.0,4.72,23.0,30.3,12.8,1.12,66.0,0.67,46.2,0.79,53.8,34.4,0.11,0.67,0.22,39.7,1.24,0.67,0.67,1.24,0.67,33.3,1.35,1.46,0.67,0.56,1.8,3.48,0.0,1.8,1.8,0.0,0.0,0.11,0.11,0.0,0.0,0.34,0.34,0.0,0.0,0.11,0.11,0.0,0.0,0.0,0.34,0.79,0.11,2.13,0.56,0.67,0.0,0.0,0.0,4.61,0.79,35.0,,,,,,,,,,,,,,,,,,,,,,,,,,,,,Nick Scardina,DF,Charlotte,24-165,,,,Nick Scardina,2025.0,104000.0,104000.0,0.0,0.012359550561797753,0.0,0.0,5.17,1.8,DF,Unknown,0,DF
9756596626,1,2025,31,31,2679,29.8,0.0,0.0,0.0,0.0,0.0,0.0,0.37,0.03,0.01,0.01,0.0,0.01,0.3,3.19,0.03,0.0,0.0,0.0,0.0,0.0,0.01,0.0,0.01,0.01,0.01,29.8,48.5,21.2,23.8,2.99,53.2,22.3,24.8,5.1,91.2,94.7,95.9,58.6,837.2,344.3,48.5,21.2,23.8,2.99,53.2,22.3,24.8,5.1,91.2,94.7,95.9,58.6,48.5,21.2,23.8,2.99,53.2,22.3,24.8,5.1,91.2,94.7,95.9,58.6,48.5,21.2,23.8,2.99,53.2,22.3,24.8,5.1,91.2,94.7,95.9,58.6,0.0,0.02,0.0,0.03,3.12,0.03,0.0,0.0,0.47,0.13,28.6,0.47,0.13,0.0,0.0,14.2,0.0,0.0,0.0,0.03,-0.01,-0.01,63.8,8.86,32.0,29.0,3.22,0.94,63.8,0.0,,0.0,,34.3,0.0,0.13,0.0,41.5,1.41,0.91,0.77,1.41,0.91,64.3,0.5,1.41,0.64,0.97,2.38,5.91,0.07,0.64,0.64,0.0,0.0,0.0,0.0,0.0,0.0,0.07,0.07,0.0,0.0,0.0,0.0,0.0,0.0,0.03,1.17,0.81,0.0,0.03,0.97,0.77,0.0,0.03,0.0,2.58,1.28,54.3,,,,,,,,,,,,,,,,,,,,,,,,,,,,,Rodrigo Schlegel,DF,Orlando City,28-245,Rodrigo Schlegel,Standard,2026,Rodrigo Schlegel,2025.0,500000.0,609667.0,0.0,0.0,0.0003355704697986577,-0.01,3.4899999999999998,2.38,DF,Standard,0,DF
5668182780,2,2025,2,0,16,0.2,0.0,0.0,0.0,0.0,0.0,0.0,0.0,0.0,0.0,0.0,0.0,0.0,5.0,0.0,0.0,0.0,0.0,0.0,0.0,0.0,0.0,0.0,0.0,0.0,0.0,0.2,70.0,50.0,15.0,0.0,75.0,50.0,15.0,0.0,93.3,100.0,100.0,,865.0,260.0,70.0,50.0,15.0,0.0,75.0,50.0,15.0,0.0,93.3,100.0,100.0,,70.0,50.0,15.0,0.0,75.0,50.0,15.0,0.0,93.3,100.0,100.0,,70.0,50.0,15.0,0.0,75.0,50.0,15.0,0.0,93.3,100.0,100.0,,0.0,0.0,0.0,0.0,0.0,0.0,0.0,0.0,0.0,0.0,,0.0,0.0,,,,0.0,0.0,0.0,,0.0,0.0,90.0,10.0,15.0,50.0,25.0,0.0,90.0,0.0,,0.0,,40.0,0.0,10.0,0.0,65.0,0.0,0.0,0.0,0.0,0.0,,0.0,0.0,0.0,0.0,0.0,5.0,0.0,0.0,0.0,0.0,0.0,0.0,0.0,0.0,0.0,0.0,0.0,0.0,0.0,0.0,0.0,0.0,0.0,0.0,0.0,0.0,0.0,0.0,0.0,0.0,0.0,0.0,0.0,0.0,5.0,100.0,,,,,,,,,,,,,,,,,,,,,,,,,,,,,Tate Schmitt,DF,Nashville SC,28-190,,,,Tate Schmitt,2025.0,104000.0,104000.0,0.0,0.0,0.0,0.0,5.0,0.0,DF,Unknown,0,DF
9013671562,2,2025,32,31,2698,30.0,0.0,0.03,0.03,0.0,0.0,0.0,0.27,0.0,0.05,0.05,0.11,0.16,1.9,3.17,5.2,0.0,0.03,0.03,0.0,0.03,0.05,0.11,0.16,0.05,0.16,30.0,33.5,16.7,13.3,2.9,48.2,19.3,18.5,8.17,69.6,86.2,72.1,35.5,581.8,230.5,33.5,16.7,13.3,2.9,48.2,19.3,18.5,8.17,69.6,86.2,72.1,35.5,33.5,16.7,13.3,2.9,48.2,19.3,18.5,8.17,69.6,86.2,72.1,35.5,33.5,16.7,13.3,2.9,48.2,19.3,18.5,8.17,69.6,86.2,72.1,35.5,0.03,0.12,-0.08,1.03,2.3,1.1,0.5,0.0,0.53,0.13,25.0,0.53,0.13,0.0,0.0,23.5,0.03,0.0,0.0,0.1,-0.05,-0.05,61.9,4.07,18.5,25.5,18.5,1.83,61.9,0.8,49.0,0.77,46.9,28.6,0.37,1.63,0.7,32.8,2.4,1.4,1.73,2.4,1.4,57.5,1.03,1.8,1.4,1.23,3.63,3.9,0.0,1.87,1.87,0.03,0.0,0.07,0.0,0.0,0.0,0.17,0.17,0.03,0.0,0.07,0.0,0.0,0.0,0.0,1.77,0.63,0.13,4.27,1.23,1.73,0.0,0.0,0.0,4.83,1.23,66.1,,,,,,,,,,,,,,,,,,,,,,,,,,,,,David Schnegg,"DF,MF",D.C. United,27-066,David Schnegg,TAM Player,2026,David Schnegg,2025.0,600000.0,706250.0,0.0,0.001,0.0016666666666666668,-0.05,5.07,3.63,DF,TAM,0,DF
484665396,2,2025,4,0,47,0.5,0.0,0.0,0.0,0.0,0.0,0.0,0.0,0.0,0.2,0.2,0.0,0.2,0.0,2.0,4.0,0.0,0.0,0.0,0.0,0.0,0.16,0.0,0.16,0.16,0.16,0.5,10.0,6.0,4.0,0.0,14.0,10.0,4.0,0.0,71.4,60.0,100.0,,128.0,16.0,10.0,6.0,4.0,0.0,14.0,10.0,4.0,0.0,71.4,60.0,100.0,,10.0,6.0,4.0,0.0,14.0,10.0,4.0,0.0,71.4,60.0,100.0,,10.0,6.0,4.0,0.0,14.0,10.0,4.0,0.0,71.4,60.0,100.0,,0.0,0.0,0.0,0.0,0.0,0.0,0.0,0.0,2.0,0.0,0.0,1.91,0.0,0.0,,8.8,0.0,0.0,0.0,0.09,-0.2,-0.2,34.0,0.0,2.0,10.0,22.0,4.0,34.0,0.0,0.0,2.0,100.0,14.0,0.0,4.0,0.0,20.0,4.0,0.0,4.0,4.0,0.0,0.0,4.0,2.0,2.0,2.0,6.0,0.0,0.0,0.0,0.0,0.0,0.0,0.0,0.0,0.0,0.0,0.0,0.0,0.0,0.0,0.0,0.0,0.0,0.0,0.0,4.0,0.0,0.0,0.0,2.0,4.0,0.0,0.0,0.0,0.0,2.0,100.0,,,,,,,,,,,,,,,,,,,,,,,,,,,,,Tarik Scott,"MF,DF",FC Dallas,20-225,Tarik Scott,Homegrown,2025,Tarik Scott,2025.0,140000.0,155942.0,0.0,0.0,0.4,-0.2,2.0,6.0,DF,HG,0,DF
375142328,2,2025,31,28,2490,27.7,0.04,0.07,0.11,0.04,0.0,0.0,0.29,0.04,0.05,0.05,0.04,0.08,0.51,3.65,0.22,0.04,0.07,0.11,0.04,0.11,0.05,0.04,0.08,0.05,0.08,27.7,67.3,27.3,35.1,4.04,73.2,28.7,36.9,6.25,91.9,95.0,95.3,64.7,1180.5,404.5,67.3,27.3,35.1,4.04,73.2,28.7,36.9,6.25,91.9,95.0,95.3,64.7,67.3,27.3,35.1,4.04,73.2,28.7,36.9,6.25,91.9,95.0,95.3,64.7,67.3,27.3,35.1,4.04,73.2,28.7,36.9,6.25,91.9,95.0,95.3,64.7,0.07,0.02,0.04,0.4,5.09,0.0,0.0,0.04,0.51,0.11,21.4,0.51,0.11,0.07,0.33,13.9,0.0,0.0,0.0,0.09,-0.01,-0.01,83.6,7.4,35.3,44.1,4.58,0.69,83.6,0.22,54.5,0.18,45.5,50.0,0.04,0.47,0.11,60.7,1.66,1.05,0.97,1.66,1.05,69.0,0.47,1.48,0.69,0.97,2.64,4.15,0.0,1.12,1.12,0.0,0.0,0.0,0.0,0.04,0.0,0.22,0.22,0.0,0.0,0.0,0.0,0.04,0.0,0.0,1.34,0.43,0.0,0.04,0.97,0.97,0.0,0.0,0.0,4.4,1.48,59.4,,,,,,,,,,,,,,,,,,,,,,,,,,,,,Eddie Segura,DF,LAFC,28-305,Eddie Segura,Standard,2026,Eddie Segura,2025.0,577500.0,577500.0,0.0014440433212996391,0.0025270758122743686,0.0018050541516245488,-0.010000000000000002,4.16,2.63,DF,Standard,0,DF
8567826894,1,2025,2,0,4,0.0,0.0,0.0,0.0,0.0,0.0,0.0,0.0,0.0,0.0,0.0,0.0,0.0,0.0,0.0,0.0,0.0,0.0,0.0,0.0,0.0,0.0,0.0,0.0,0.0,0.0,0.0,3.0,1.0,2.0,0.0,3.0,1.0,2.0,0.0,100.0,100.0,100.0,,47.0,0.0,3.0,1.0,2.0,0.0,3.0,1.0,2.0,0.0,100.0,100.0,100.0,,3.0,1.0,2.0,0.0,3.0,1.0,2.0,0.0,100.0,100.0,100.0,,3.0,1.0,2.0,0.0,3.0,1.0,2.0,0.0,100.0,100.0,100.0,,0.0,0.0,0.0,0.0,0.0,0.0,0.0,0.0,0.0,0.0,,0.0,0.0,,,,0.0,0.0,0.0,,0.0,0.0,3.0,0.0,1.0,2.0,0.0,0.0,3.0,0.0,,0.0,,0.0,0.0,0.0,0.0,2.0,0.0,0.0,0.0,0.0,0.0,,0.0,0.0,0.0,0.0,0.0,0.0,0.0,0.0,0.0,0.0,0.0,0.0,0.0,0.0,0.0,0.0,0.0,0.0,0.0,0.0,0.0,0.0,0.0,0.0,0.0,0.0,1.0,0.0,0.0,0.0,0.0,0.0,0.0,0.0,0.0,,,,,,,,,,,,,,,,,,,,,,,,,,,,,,Nykolas Sessock,DF,Atlanta Utd,25-170,,,,,,,,,,,0.0,0.0,0.0,DF,Unknown,0,DF
2407849586,2,2025,27,21,1803,20.0,0.0,0.05,0.05,0.0,0.0,0.0,0.1,0.05,0.03,0.03,0.02,0.05,1.6,4.0,3.35,0.0,0.05,0.05,0.0,0.05,0.03,0.02,0.05,0.03,0.05,20.0,43.1,24.8,14.6,2.35,51.3,27.3,17.8,3.45,84.2,90.8,82.3,68.1,646.0,218.2,43.1,24.8,14.6,2.35,51.3,27.3,17.8,3.45,84.2,90.8,82.3,68.1,43.1,24.8,14.6,2.35,51.3,27.3,17.8,3.45,84.2,90.8,82.3,68.1,43.1,24.8,14.6,2.35,51.3,27.3,17.8,3.45,84.2,90.8,82.3,68.1,0.05,0.04,0.03,0.35,4.3,0.4,0.05,0.0,0.3,0.1,33.3,0.3,0.1,0.0,0.0,11.8,0.0,0.0,0.0,0.11,-0.03,-0.03,59.6,3.75,15.1,29.3,16.0,1.3,59.6,0.4,53.3,0.35,46.7,26.8,0.15,0.9,0.9,32.6,1.2,0.7,0.55,1.2,0.7,46.7,0.8,0.95,0.8,1.25,2.45,2.45,0.15,1.15,1.15,0.0,0.0,0.0,0.0,0.05,0.0,0.15,0.15,0.0,0.0,0.0,0.0,0.05,0.0,0.05,0.75,0.55,0.0,0.8,1.25,0.55,0.0,0.0,0.0,5.5,1.1,59.5,,,,,,,,,,,,,,,,,,,,,,,,,,,,,Khiry Shelton,DF,Sporting KC,32-161,Khiry Shelton,Standard,2025,Khiry Shelton,2025.0,725000.0,775000.0,0.0,0.0025,0.0015,-0.03,5.6,2.45,DF,Standard,0,DF
1529073663,1,2025,3,1,67,0.7,0.0,0.0,0.0,0.0,0.0,0.0,0.0,0.0,0.0,0.0,0.0,0.0,2.86,5.71,0.0,0.0,0.0,0.0,0.0,0.0,0.0,0.0,0.0,0.0,0.0,0.7,71.4,34.3,35.7,0.0,75.7,34.3,37.1,1.43,94.3,100.0,96.2,0.0,1094.3,327.1,71.4,34.3,35.7,0.0,75.7,34.3,37.1,1.43,94.3,100.0,96.2,0.0,71.4,34.3,35.7,0.0,75.7,34.3,37.1,1.43,94.3,100.0,96.2,0.0,71.4,34.3,35.7,0.0,75.7,34.3,37.1,1.43,94.3,100.0,96.2,0.0,0.0,0.0,0.0,0.0,11.4,0.0,0.0,0.0,0.0,0.0,,0.0,0.0,,,,0.0,0.0,0.0,,0.0,0.0,80.0,0.0,5.71,65.7,8.57,0.0,80.0,1.43,50.0,0.0,0.0,48.6,0.0,0.0,0.0,70.0,1.43,0.0,1.43,1.43,0.0,,0.0,0.0,0.0,0.0,1.43,0.0,0.0,1.43,1.34,0.0,0.0,0.0,0.0,0.0,0.0,0.0,0.0,0.0,0.0,0.0,0.0,0.0,0.0,0.0,0.0,2.86,0.0,0.0,0.0,1.43,0.0,0.0,0.0,5.71,1.43,50.0,,,,,,,,,,,,,,,,,,,,,,,,,,,,,Jailson Siqueira,"MF,DF",LAFC,30-088,,,,,,,,0.0,0.0,0.0,0.0,8.57,1.43,DF,Unknown,0,DF
296657771,3,2025,17,3,321,3.6,0.0,0.0,0.0,0.0,0.0,0.0,0.0,0.0,0.08,0.08,0.03,0.14,0.28,1.11,6.94,0.0,0.0,0.0,0.0,0.0,0.09,0.04,0.13,0.09,0.13,3.6,29.2,16.4,11.7,0.56,39.4,19.2,14.7,3.06,73.9,85.5,79.2,18.2,432.5,117.2,29.2,16.4,11.7,0.56,39.4,19.2,14.7,3.06,73.9,85.5,79.2,18.2,29.2,16.4,11.7,0.56,39.4,19.2,14.7,3.06,73.9,85.5,79.2,18.2,29.2,16.4,11.7,0.56,39.4,19.2,14.7,3.06,73.9,85.5,79.2,18.2,0.0,0.06,-0.03,0.83,0.83,0.56,0.28,0.0,0.56,0.0,0.0,0.56,0.0,0.0,,15.7,0.0,0.0,0.0,0.16,-0.08,-0.08,48.6,1.39,11.1,21.1,16.9,2.5,48.6,0.0,0.0,1.39,100.0,22.8,0.0,1.94,0.28,29.7,1.39,1.11,0.56,1.39,1.11,100.0,0.0,0.83,0.56,0.28,1.67,1.11,0.0,1.67,1.68,0.0,0.0,0.0,0.0,0.0,0.0,0.0,0.0,0.0,0.0,0.0,0.0,0.0,0.0,0.0,1.39,0.0,0.0,3.61,0.28,0.56,0.0,0.0,0.0,3.61,0.83,50.0,,,,,,,,,,,,,,,,,,,,,,,,,,,,,Brad Smith,"DF,MF",FC Cincinnati,31-239,,,,Brad Smith,2025.0,104000.0,114000.0,0.0,0.0,0.022222222222222223,-0.08,1.3900000000000001,1.67,DF,Unknown,0,DF
4347604657,1,2025,20,11,1025,11.4,0.09,0.09,0.18,0.09,0.0,0.0,0.35,0.0,0.06,0.06,0.03,0.09,1.4,3.16,4.65,0.09,0.09,0.18,0.09,0.18,0.06,0.03,0.09,0.06,0.09,11.4,42.0,21.3,18.1,2.11,50.8,22.9,21.2,4.65,82.7,93.1,85.1,45.3,693.7,218.2,42.0,21.3,18.1,2.11,50.8,22.9,21.2,4.65,82.7,93.1,85.1,45.3,42.0,21.3,18.1,2.11,50.8,22.9,21.2,4.65,82.7,93.1,85.1,45.3,42.0,21.3,18.1,2.11,50.8,22.9,21.2,4.65,82.7,93.1,85.1,45.3,0.09,0.04,0.06,0.44,2.54,0.44,0.09,0.09,0.88,0.26,30.0,0.88,0.26,0.1,0.33,14.6,0.0,0.0,0.0,0.07,0.03,0.03,61.1,3.95,19.6,25.3,16.6,1.93,61.1,0.61,43.8,0.7,50.0,33.8,0.26,1.05,0.44,39.9,1.75,0.7,0.96,1.75,0.7,57.1,0.53,1.05,0.79,0.44,2.19,3.07,0.0,1.58,1.58,0.0,0.0,0.09,0.09,0.09,0.0,0.18,0.18,0.0,0.0,0.09,0.09,0.09,0.0,0.0,0.96,0.96,0.26,2.46,0.44,0.96,0.0,0.0,0.09,2.72,2.02,57.5,,,,,,,,,,,,,,,,,,,,,,,,,,,,,Ian Smith,"DF,MF",Portland Timbers,23-141,Ian Smith,Standard,2025,Ian Smith,2025.0,80622.0,80622.0,0.007894736842105263,0.007894736842105263,0.005263157894736842,0.03,4.5600000000000005,2.19,DF,Standard,0,DF
7620192036,2,2025,29,12,1151,12.8,0.0,0.16,0.16,0.0,0.0,0.0,0.39,0.0,0.08,0.08,0.08,0.16,0.55,3.05,1.56,0.0,0.16,0.16,0.0,0.16,0.08,0.08,0.16,0.08,0.16,12.8,43.2,20.3,19.1,2.89,51.8,22.1,21.2,6.56,83.4,91.9,90.4,44.0,735.3,232.3,43.2,20.3,19.1,2.89,51.8,22.1,21.2,6.56,83.4,91.9,90.4,44.0,43.2,20.3,19.1,2.89,51.8,22.1,21.2,6.56,83.4,91.9,90.4,44.0,43.2,20.3,19.1,2.89,51.8,22.1,21.2,6.56,83.4,91.9,90.4,44.0,0.16,0.05,0.08,0.63,3.05,0.31,0.08,0.0,0.7,0.16,22.2,0.7,0.16,0.0,0.0,13.7,0.0,0.0,0.0,0.11,-0.08,-0.08,62.5,5.0,23.9,28.1,10.7,1.02,62.5,0.16,28.6,0.31,57.1,34.5,0.08,0.55,0.23,42.5,2.03,1.41,1.25,2.03,1.41,69.2,0.63,1.09,0.94,0.7,2.73,3.75,0.0,1.72,1.72,0.0,0.0,0.08,0.0,0.0,0.0,0.47,0.47,0.0,0.0,0.08,0.0,0.0,0.0,0.0,0.78,0.78,0.0,0.7,0.7,1.25,0.0,0.0,0.08,2.89,1.72,50.0,,,,,,,,,,,,,,,,,,,,,,,,,,,,,Kyle Smith,"DF,MF",Orlando City,33-329,Kyle Smith,Standard,2025,Kyle Smith,2025.0,270000.0,318000.0,0.0,0.012499999999999999,0.0062499999999999995,-0.08,3.5999999999999996,2.7299999999999995,DF,Standard,0,DF
3455026505,1,2025,26,13,1124,12.5,0.08,0.24,0.32,0.08,0.0,0.0,0.08,0.0,0.06,0.06,0.26,0.31,3.2,3.84,7.84,0.08,0.24,0.32,0.08,0.32,0.06,0.26,0.31,0.06,0.31,12.5,46.2,24.0,18.7,2.24,56.2,26.2,21.5,5.6,82.2,91.7,87.0,40.0,708.1,141.1,46.2,24.0,18.7,2.24,56.2,26.2,21.5,5.6,82.2,91.7,87.0,40.0,46.2,24.0,18.7,2.24,56.2,26.2,21.5,5.6,82.2,91.7,87.0,40.0,46.2,24.0,18.7,2.24,56.2,26.2,21.5,5.6,82.2,91.7,87.0,40.0,0.24,0.18,-0.02,1.04,2.32,0.64,0.4,0.08,0.96,0.32,33.3,0.96,0.32,0.08,0.25,23.7,0.0,0.0,0.0,0.06,0.02,0.02,67.6,3.12,17.2,28.8,22.0,1.6,67.6,0.64,38.1,0.88,52.4,41.8,0.16,1.28,0.56,47.2,1.44,0.64,0.8,1.44,0.64,42.1,0.88,1.52,1.04,0.96,2.4,2.72,0.0,2.16,2.16,0.0,0.0,0.08,0.0,0.0,0.0,0.4,0.4,0.0,0.0,0.08,0.0,0.0,0.0,0.0,1.2,0.88,0.16,3.36,0.96,0.8,0.0,0.0,0.0,3.76,0.64,36.4,,,,,,,,,,,,,,,,,,,,,,,,,,,,,Artem Smoliakov,"DF,MF",LAFC,22-189,,,,,,,,0.0064,0.0192,0.0048,0.020000000000000004,7.04,2.4,DF,Unknown,0,DF
6907024953,1,2025,14,4,576,6.4,0.0,0.0,0.0,0.0,0.0,0.0,0.0,0.0,0.0,0.0,0.0,0.0,0.16,3.75,0.16,0.0,0.0,0.0,0.0,0.0,0.0,0.0,0.0,0.0,0.0,6.4,48.0,14.5,27.7,5.31,56.9,15.8,30.9,8.28,84.3,92.1,89.4,64.2,947.5,350.8,48.0,14.5,27.7,5.31,56.9,15.8,30.9,8.28,84.3,92.1,89.4,64.2,48.0,14.5,27.7,5.31,56.9,15.8,30.9,8.28,84.3,92.1,89.4,64.2,48.0,14.5,27.7,5.31,56.9,15.8,30.9,8.28,84.3,92.1,89.4,64.2,0.0,0.02,0.0,0.16,5.63,0.16,0.0,0.0,0.0,0.0,,0.0,0.0,,,,0.0,0.0,0.0,,0.0,0.0,66.7,6.41,31.1,31.6,4.38,0.16,66.7,0.16,100.0,0.0,0.0,38.1,0.0,0.94,0.0,43.6,2.03,1.09,1.09,2.03,1.09,70.0,0.47,0.78,0.47,1.88,3.91,3.91,0.0,0.78,0.78,0.0,0.0,0.0,0.0,0.0,0.0,0.0,0.0,0.0,0.0,0.0,0.0,0.0,0.0,0.0,0.78,0.63,0.0,0.16,1.88,1.09,0.0,0.0,0.0,3.13,0.78,27.8,,,,,,,,,,,,,,,,,,,,,,,,,,,,,Lazar Stefanovic,DF,Toronto FC,19-116,Lazar Stefanovic,Homegrown,2028,,,,,0.0,0.0,0.0,0.0,3.91,3.9099999999999997,DF,HG,0,DF
2396808450,1,2025,8,3,398,4.4,0.0,0.0,0.0,0.0,0.0,0.0,0.45,0.0,0.02,0.02,0.0,0.02,0.68,3.86,1.59,0.0,0.0,0.0,0.0,0.0,0.01,0.0,0.01,0.01,0.01,4.4,48.4,23.4,21.6,2.95,58.2,27.0,25.0,4.55,83.2,86.6,86.4,65.0,813.6,343.2,48.4,23.4,21.6,2.95,58.2,27.0,25.0,4.55,83.2,86.6,86.4,65.0,48.4,23.4,21.6,2.95,58.2,27.0,25.0,4.55,83.2,86.6,86.4,65.0,48.4,23.4,21.6,2.95,58.2,27.0,25.0,4.55,83.2,86.6,86.4,65.0,0.0,0.02,0.0,0.0,4.55,0.0,0.0,0.0,0.23,0.0,0.0,0.23,0.0,0.0,,9.4,0.0,0.0,0.0,0.06,-0.02,-0.02,68.2,4.77,28.2,32.7,7.27,0.91,68.2,0.0,,0.0,,28.9,0.23,0.68,0.45,43.2,1.14,0.68,0.23,1.14,0.68,50.0,0.68,1.14,0.45,0.91,2.05,4.77,0.45,1.14,1.13,0.0,0.0,0.0,0.0,0.0,0.0,0.0,0.0,0.0,0.0,0.0,0.0,0.0,0.0,0.0,1.36,0.0,0.23,0.45,0.91,0.23,0.0,0.0,0.0,3.18,1.36,54.5,,,,,,,,,,,,,,,,,,,,,,,,,,,,,Daniel Steres,DF,Houston Dynamo,35-023,Daniel Steres,Standard,2025,Daniel Steres,2025.0,300000.0,323438.0,0.0,0.0,0.004545454545454545,-0.02,4.54,2.05,DF,Standard,0,DF
6586223866,1,2025,1,0,11,0.1,0.0,0.0,0.0,0.0,0.0,0.0,0.0,0.0,1.0,1.0,0.0,1.0,0.0,0.0,20.0,0.0,0.0,0.0,0.0,0.0,0.41,0.0,0.41,0.41,0.41,0.1,0.0,0.0,0.0,0.0,10.0,10.0,0.0,0.0,0.0,0.0,,,0.0,0.0,0.0,0.0,0.0,0.0,10.0,10.0,0.0,0.0,0.0,0.0,,,0.0,0.0,0.0,0.0,10.0,10.0,0.0,0.0,0.0,0.0,,,0.0,0.0,0.0,0.0,10.0,10.0,0.0,0.0,0.0,0.0,,,0.0,0.0,0.0,0.0,0.0,0.0,0.0,0.0,10.0,10.0,100.0,8.18,8.18,0.0,0.0,11.4,0.0,0.0,0.0,0.05,-1.0,-1.0,30.0,0.0,0.0,20.0,10.0,10.0,30.0,0.0,,0.0,,20.0,0.0,10.0,0.0,30.0,0.0,0.0,0.0,0.0,0.0,,0.0,0.0,0.0,0.0,0.0,0.0,0.0,0.0,0.0,0.0,0.0,0.0,0.0,0.0,0.0,0.0,0.0,0.0,0.0,0.0,0.0,0.0,0.0,0.0,0.0,0.0,0.0,0.0,0.0,0.0,0.0,0.0,0.0,0.0,10.0,33.3,,,,,,,,,,,,,,,,,,,,,,,,,,,,,Nicklaus Sullivan,"MF,DF",LA Galaxy,23-136,,,,,,,,0.0,0.0,10.0,-1.0,0.0,0.0,DF,Unknown,0,DF
2446008232,1,2025,31,31,2720,30.2,0.0,0.0,0.0,0.0,0.0,0.0,0.07,0.0,0.03,0.03,0.01,0.04,0.13,2.02,0.07,0.0,0.0,0.0,0.0,0.0,0.03,0.01,0.04,0.03,0.04,30.2,47.9,15.6,28.2,3.64,52.5,16.5,29.6,5.2,91.2,94.6,95.1,70.1,903.3,312.9,47.9,15.6,28.2,3.64,52.5,16.5,29.6,5.2,91.2,94.6,95.1,70.1,47.9,15.6,28.2,3.64,52.5,16.5,29.6,5.2,91.2,94.6,95.1,70.1,47.9,15.6,28.2,3.64,52.5,16.5,29.6,5.2,91.2,94.6,95.1,70.1,0.0,0.01,-0.01,0.17,2.45,0.1,0.03,0.0,0.33,0.07,20.0,0.33,0.07,0.0,0.0,8.7,0.0,0.0,0.0,0.1,-0.03,-0.03,64.9,10.4,36.3,27.4,1.39,0.46,64.9,0.0,0.0,0.07,100.0,35.8,0.0,0.2,0.17,42.5,1.32,0.56,0.7,1.32,0.56,68.0,0.26,1.56,0.43,1.03,2.35,7.45,0.07,0.56,0.56,0.0,0.0,0.0,0.0,0.0,0.0,0.03,0.03,0.0,0.0,0.0,0.0,0.0,0.0,0.0,0.43,0.3,0.0,0.07,1.03,0.7,0.0,0.03,0.0,2.85,2.19,62.3,,,,,,,,,,,,,,,,,,,,,,,,,,,,,Finn Surman,DF,Portland Timbers,22-072,Finn Surman,Standard,2026,Finn Surman,2025.0,200000.0,226983.0,0.0,0.0,0.0009933774834437086,-0.03,2.15,2.35,DF,Standard,0,DF
1346354278,1,2025,29,25,2371,26.3,0.04,0.0,0.04,0.04,0.0,0.0,0.19,0.0,0.03,0.03,0.03,0.05,0.27,2.05,0.23,0.04,0.0,0.04,0.04,0.04,0.02,0.03,0.05,0.02,0.05,26.3,42.8,13.1,26.3,3.16,47.8,14.0,27.5,5.59,89.6,93.5,95.4,56.5,821.2,270.1,42.8,13.1,26.3,3.16,47.8,14.0,27.5,5.59,89.6,93.5,95.4,56.5,42.8,13.1,26.3,3.16,47.8,14.0,27.5,5.59,89.6,93.5,95.4,56.5,42.8,13.1,26.3,3.16,47.8,14.0,27.5,5.59,89.6,93.5,95.4,56.5,0.0,0.02,-0.03,0.19,2.43,0.08,0.0,0.04,0.27,0.08,28.6,0.27,0.08,0.14,0.5,9.1,0.0,0.0,0.0,0.09,0.01,0.01,58.5,6.88,32.2,24.5,1.86,1.06,58.5,0.0,0.0,0.11,75.0,33.5,0.08,0.46,0.11,41.3,1.14,0.3,0.46,1.14,0.3,50.0,0.3,0.8,0.3,1.33,2.47,6.08,0.0,0.53,0.53,0.0,0.0,0.0,0.0,0.0,0.0,0.0,0.0,0.0,0.0,0.0,0.0,0.0,0.0,0.0,1.1,0.23,0.04,0.0,1.33,0.46,0.0,0.04,0.0,2.21,1.22,54.2,,,,,,,,,,,,,,,,,,,,,,,,,,,,,Oleksandr Svatok,DF,Austin,31-068,Oleksandr Svatok,Standard,2027,Oleksandr Svatok,2025.0,500000.0,505000.0,0.001520912547528517,0.0,0.0011406844106463877,0.010000000000000002,2.32,2.4699999999999998,DF,Standard,0,DF
3728250637,1,2025,15,13,960,10.7,0.0,0.0,0.0,0.0,0.0,0.0,0.09,0.09,0.07,0.07,0.0,0.07,0.09,3.46,0.19,0.0,0.0,0.0,0.0,0.0,0.07,0.0,0.07,0.07,0.07,10.7,39.6,17.4,19.0,2.9,47.8,18.5,20.8,7.2,83.0,93.9,91.0,40.3,721.0,300.0,39.6,17.4,19.0,2.9,47.8,18.5,20.8,7.2,83.0,93.9,91.0,40.3,39.6,17.4,19.0,2.9,47.8,18.5,20.8,7.2,83.0,93.9,91.0,40.3,39.6,17.4,19.0,2.9,47.8,18.5,20.8,7.2,83.0,93.9,91.0,40.3,0.0,0.03,0.0,0.0,4.95,0.37,0.0,0.0,0.93,0.37,40.0,0.94,0.37,0.0,0.0,14.8,0.0,0.0,0.0,0.08,-0.07,-0.07,60.4,5.98,27.8,27.1,5.7,1.59,60.4,0.19,40.0,0.28,60.0,36.3,0.0,0.84,0.28,42.6,1.03,0.47,0.47,1.03,0.47,71.4,0.19,1.12,0.28,1.12,2.15,6.17,0.19,0.37,0.37,0.0,0.0,0.0,0.0,0.0,0.0,0.09,0.09,0.0,0.0,0.0,0.0,0.0,0.0,0.0,0.84,0.84,0.0,0.47,1.12,0.47,0.0,0.0,0.0,2.06,2.52,64.3,,,,,,,,,,,,,,,,,,,,,,,,,,,,,Erik Sviatchenko,DF,Houston Dynamo,34-061,Erik Sviatchenko,TAM Player,2026,Erik Sviatchenko,2025.0,750000.0,825000.0,0.0,0.0,0.006542056074766356,-0.07,3.55,2.1500000000000004,DF,TAM,0,DF
1306541897,2,2025,25,20,1833,20.4,0.0,0.0,0.0,0.0,0.0,0.0,0.25,0.0,0.02,0.02,0.03,0.05,0.15,2.06,0.25,0.0,0.0,0.0,0.0,0.0,0.03,0.03,0.05,0.03,0.05,20.4,53.4,19.3,30.3,3.48,58.3,20.2,31.2,5.98,91.5,95.6,97.0,58.2,975.0,318.1,53.4,19.3,30.3,3.48,58.3,20.2,31.2,5.98,91.5,95.6,97.0,58.2,53.4,19.3,30.3,3.48,58.3,20.2,31.2,5.98,91.5,95.6,97.0,58.2,53.4,19.3,30.3,3.48,58.3,20.2,31.2,5.98,91.5,95.6,97.0,58.2,0.0,0.03,-0.03,0.1,2.45,0.05,0.0,0.0,0.44,0.05,11.1,0.44,0.05,0.0,0.0,17.2,0.0,0.0,0.0,0.06,-0.02,-0.02,69.6,8.68,33.2,34.8,1.72,1.03,69.6,0.15,100.0,0.0,0.0,40.7,0.05,0.1,0.05,50.7,1.37,0.74,0.83,1.37,0.74,65.2,0.39,1.08,0.15,0.98,2.35,6.18,0.0,0.34,0.34,0.05,0.0,0.0,0.0,0.05,0.0,0.0,0.0,0.05,0.0,0.0,0.0,0.05,0.0,0.0,1.03,0.34,0.1,0.05,0.98,0.83,0.0,0.0,0.0,2.75,1.27,47.3,,,,,,,,,,,,,,,,,,,,,,,,,,,,,Nkosi Tafari,DF,LAFC,28-256,Nkosi Tafari,Standard,2025,,,,,0.0,0.0,0.000980392156862745,-0.02,2.21,2.35,DF,Standard,0,DF
7246626607,1,2025,6,0,40,0.4,0.0,0.0,0.0,0.0,0.0,0.0,0.0,0.0,0.0,0.0,0.0,0.0,0.0,7.5,10.0,0.0,0.0,0.0,0.0,0.0,0.0,0.0,0.0,0.0,0.0,0.4,22.5,5.0,5.0,7.5,32.5,7.5,12.5,7.5,69.2,66.7,40.0,100.0,527.5,190.0,22.5,5.0,5.0,7.5,32.5,7.5,12.5,7.5,69.2,66.7,40.0,100.0,22.5,5.0,5.0,7.5,32.5,7.5,12.5,7.5,69.2,66.7,40.0,100.0,22.5,5.0,5.0,7.5,32.5,7.5,12.5,7.5,69.2,66.7,40.0,100.0,0.0,0.0,0.0,0.0,5.0,0.0,0.0,0.0,0.0,0.0,,0.0,0.0,,,,0.0,0.0,0.0,,0.0,0.0,65.0,5.0,20.0,25.0,20.0,5.0,65.0,2.5,50.0,2.5,50.0,27.5,0.0,5.0,0.0,32.5,10.0,7.5,5.0,10.0,7.5,100.0,0.0,2.5,2.5,0.0,10.0,7.5,0.0,0.0,0.0,0.0,0.0,0.0,0.0,0.0,0.0,0.0,0.0,0.0,0.0,0.0,0.0,0.0,0.0,0.0,0.0,7.5,0.0,2.5,0.0,5.0,0.0,0.0,0.0,2.5,5.0,66.7,,,,,,,,,,,,,,,,,,,,,,,,,,,,,Zakaria Taifi,"MF,DF",Orlando City,20-064,,,,Zakaria Taifi,2025.0,80622.0,92520.0,0.0,0.0,0.0,0.0,7.5,10.0,DF,Unknown,-1,DF
4671446576,1,2025,14,6,612,6.8,0.0,0.0,0.0,0.0,0.0,0.0,0.44,0.0,0.0,0.0,0.0,0.0,0.44,3.82,0.88,0.0,0.0,0.0,0.0,0.0,0.0,0.0,0.0,0.0,0.0,6.8,51.5,21.8,25.7,2.94,58.7,22.5,27.9,5.74,87.7,96.7,92.1,51.3,879.6,304.0,51.5,21.8,25.7,2.94,58.7,22.5,27.9,5.74,87.7,96.7,92.1,51.3,51.5,21.8,25.7,2.94,58.7,22.5,27.9,5.74,87.7,96.7,92.1,51.3,51.5,21.8,25.7,2.94,58.7,22.5,27.9,5.74,87.7,96.7,92.1,51.3,0.0,0.01,0.0,0.0,4.12,0.15,0.0,0.0,0.0,0.0,,0.0,0.0,,,,0.0,0.0,0.0,,0.0,0.0,70.1,8.24,30.9,33.8,5.88,0.0,70.1,0.29,100.0,0.0,0.0,37.9,0.0,0.74,0.44,45.4,1.18,0.44,0.74,1.18,0.44,75.0,0.15,1.03,1.03,0.88,2.06,6.91,0.0,0.59,0.59,0.0,0.0,0.0,0.0,0.0,0.0,0.15,0.15,0.0,0.0,0.0,0.0,0.0,0.0,0.0,1.47,1.62,0.0,0.59,0.88,0.74,0.0,0.0,0.0,3.09,1.76,60.0,,,,,,,,,,,,,,,,,,,,,,,,,,,,,Strahinja Tanasijević,DF,NYCFC,28-175,Strahinja Tanasijević,Standard,2025,Strahinja Tanasijević,2025.0,270000.0,338750.0,0.0,0.0,0.0,0.0,4.26,2.06,DF,Standard,0,DF
2050828371,3,2025,7,1,202,2.2,0.0,0.0,0.0,0.0,0.0,0.0,0.0,0.0,0.0,0.0,0.0,0.0,1.36,3.64,5.0,0.0,0.0,0.0,0.0,0.0,0.0,0.01,0.01,0.0,0.01,2.2,37.3,19.1,14.5,2.27,46.8,20.9,19.1,4.55,79.6,91.3,76.2,50.0,623.6,231.8,37.3,19.1,14.5,2.27,46.8,20.9,19.1,4.55,79.6,91.3,76.2,50.0,37.3,19.1,14.5,2.27,46.8,20.9,19.1,4.55,79.6,91.3,76.2,50.0,37.3,19.1,14.5,2.27,46.8,20.9,19.1,4.55,79.6,91.3,76.2,50.0,0.0,0.05,0.0,0.45,1.82,0.91,0.45,0.0,0.0,0.0,,0.0,0.0,,,,0.0,0.0,0.0,,0.0,0.0,58.2,5.91,20.0,25.0,13.2,0.0,58.2,0.0,,0.0,,24.1,0.0,0.0,0.45,30.9,0.91,0.45,0.45,0.91,0.45,33.3,0.91,1.36,0.91,1.36,2.27,6.36,0.0,1.36,1.34,0.0,0.0,0.0,0.0,0.0,0.0,0.0,0.0,0.0,0.0,0.0,0.0,0.0,0.0,0.0,0.91,0.0,0.0,1.82,1.36,0.45,0.0,0.0,0.0,4.55,0.91,40.0,,,,,,,,,,,,,,,,,,,,,,,,,,,,,D.J. Taylor,DF,Minnesota Utd,28-100,,,,D.J. Taylor,2025.0,183500.0,213617.0,0.0,0.0,0.0,0.0,5.0,2.27,DF,Unknown,0,DF
5635380165,1,2025,8,7,535,5.9,0.17,0.0,0.17,0.17,0.0,0.0,0.34,0.0,0.02,0.02,0.0,0.02,0.17,2.37,0.0,0.17,0.0,0.17,0.17,0.17,0.02,0.0,0.02,0.02,0.02,5.9,49.0,20.8,21.7,5.42,57.1,22.2,24.4,9.15,85.8,93.9,88.9,59.3,904.7,382.9,49.0,20.8,21.7,5.42,57.1,22.2,24.4,9.15,85.8,93.9,88.9,59.3,49.0,20.8,21.7,5.42,57.1,22.2,24.4,9.15,85.8,93.9,88.9,59.3,49.0,20.8,21.7,5.42,57.1,22.2,24.4,9.15,85.8,93.9,88.9,59.3,0.0,0.0,0.0,0.0,2.03,0.0,0.0,0.17,0.51,0.17,33.3,0.5,0.17,0.33,1.0,13.4,0.0,0.0,0.0,0.04,0.15,0.15,68.0,14.2,42.7,24.1,1.69,0.51,68.0,0.51,100.0,0.0,0.0,38.0,0.0,0.17,0.51,45.1,2.37,1.36,1.86,2.37,1.36,50.0,1.36,0.68,0.34,2.03,4.41,4.92,0.34,0.51,0.5,0.0,0.0,0.0,0.0,0.0,0.0,0.0,0.0,0.0,0.0,0.0,0.0,0.0,0.0,0.0,1.36,0.0,0.0,0.0,2.03,1.86,0.0,0.17,0.17,4.07,2.03,75.0,,,,,,,,,,,,,,,,,,,,,,,,,,,,,Carlos Terán,DF,Chicago Fire,25-071,Carlos Terán,Standard,2026,,,,,0.0288135593220339,0.0,0.003389830508474576,0.15000000000000002,2.54,4.4,DF,Standard,0,DF
3082615496,3,2025,28,23,2119,23.5,0.0,0.0,0.0,0.0,0.0,0.0,0.34,0.0,0.03,0.03,0.06,0.08,1.06,3.49,1.15,0.0,0.0,0.0,0.0,0.0,0.03,0.05,0.08,0.03,0.08,23.5,40.6,18.3,18.3,3.32,49.4,20.1,21.7,5.57,82.2,90.9,84.5,59.5,702.5,289.7,40.6,18.3,18.3,3.32,49.4,20.1,21.7,5.57,82.2,90.9,84.5,59.5,40.6,18.3,18.3,3.32,49.4,20.1,21.7,5.57,82.2,90.9,84.5,59.5,40.6,18.3,18.3,3.32,49.4,20.1,21.7,5.57,82.2,90.9,84.5,59.5,0.0,0.02,-0.06,0.26,3.96,0.13,0.0,0.0,0.26,0.13,50.0,0.25,0.13,0.0,0.0,15.2,0.0,0.0,0.0,0.1,-0.03,-0.03,61.0,4.98,23.9,31.1,6.43,0.85,61.0,1.02,66.7,0.43,27.8,32.1,0.21,0.85,0.43,37.4,2.51,1.28,1.36,2.51,1.28,56.6,0.98,1.83,0.94,0.94,3.45,3.74,0.13,0.89,0.89,0.0,0.0,0.0,0.0,0.04,0.0,0.0,0.0,0.0,0.0,0.0,0.0,0.04,0.0,0.0,0.89,0.89,0.0,0.38,0.94,1.36,0.0,0.09,0.0,3.62,0.72,42.5,,,,,,,,,,,,,,,,,,,,,,,,,,,,,Kosi Thompson,DF,Toronto FC,22-311,Kosi Thompson,Homegrown,2025,Kosi Thompson,2025.0,120000.0,125260.0,0.0,0.0,0.001276595744680851,-0.03,4.550000000000001,3.4499999999999997,DF,HG,0,DF
4134367352,1,2025,3,2,118,1.3,0.0,0.77,0.77,0.0,0.0,0.0,0.0,0.0,0.0,0.0,0.08,0.08,1.54,3.08,4.62,0.0,0.76,0.76,0.0,0.76,0.0,0.06,0.06,0.0,0.06,1.3,49.2,23.1,19.2,6.15,61.5,23.8,24.6,9.23,80.0,96.8,78.1,66.7,879.2,350.8,49.2,23.1,19.2,6.15,61.5,23.8,24.6,9.23,80.0,96.8,78.1,66.7,49.2,23.1,19.2,6.15,61.5,23.8,24.6,9.23,80.0,96.8,78.1,66.7,49.2,23.1,19.2,6.15,61.5,23.8,24.6,9.23,80.0,96.8,78.1,66.7,0.77,0.0,0.69,0.77,3.85,0.77,0.77,0.0,0.0,0.0,,0.0,0.0,,,,0.0,0.0,0.0,,0.0,0.0,70.0,2.31,17.7,30.0,23.8,0.77,70.0,0.0,0.0,1.54,100.0,28.5,0.0,0.77,0.77,38.5,2.31,0.77,0.77,2.31,0.77,50.0,0.77,1.54,1.54,0.0,2.31,2.31,0.0,1.54,1.53,0.0,0.0,0.0,0.0,0.0,0.0,0.77,0.76,0.0,0.0,0.0,0.0,0.0,0.0,0.0,0.77,0.77,0.77,3.08,0.0,0.77,0.0,0.0,0.0,2.31,0.0,0.0,,,,,,,,,,,,,,,,,,,,,,,,,,,,,Harry Toffolo,DF,Charlotte,30-107,,,,Harry Toffolo,2025.0,900000.0,1020000.0,0.0,0.5923076923076923,0.0,0.0,4.62,2.31,DF,Unknown,0,DF
6162724315,1,2025,27,25,2197,24.4,0.04,0.08,0.12,0.04,0.0,0.0,0.2,0.08,0.04,0.04,0.08,0.12,1.97,4.39,1.68,0.04,0.08,0.12,0.04,0.12,0.04,0.08,0.12,0.04,0.12,24.4,49.3,26.1,20.1,2.05,57.4,28.3,22.3,4.26,85.9,92.2,90.4,48.1,770.8,246.6,49.3,26.1,20.1,2.05,57.4,28.3,22.3,4.26,85.9,92.2,90.4,48.1,49.3,26.1,20.1,2.05,57.4,28.3,22.3,4.26,85.9,92.2,90.4,48.1,49.3,26.1,20.1,2.05,57.4,28.3,22.3,4.26,85.9,92.2,90.4,48.1,0.08,0.09,0.0,0.66,5.04,0.53,0.37,0.04,0.66,0.16,25.0,0.66,0.16,0.06,0.25,21.7,0.0,0.0,0.0,0.06,0.0,0.0,67.6,4.26,20.9,35.8,11.7,0.98,67.6,0.66,43.2,0.7,45.9,42.3,0.2,0.98,0.57,46.1,1.27,0.86,0.82,1.27,0.86,70.0,0.37,0.74,0.25,0.9,2.17,3.65,0.08,1.35,1.35,0.0,0.0,0.04,0.0,0.0,0.0,0.12,0.12,0.0,0.0,0.04,0.0,0.0,0.0,0.0,1.11,1.8,0.2,2.05,0.9,0.82,0.0,0.0,0.04,5.0,0.98,43.6,,,,,,,,,,,,,,,,,,,,,,,,,,,,,Nouhou Tolo,DF,Seattle Sounders,28-164,,,,Nouhou Tolo,2025.0,550000.0,571875.0,0.0016393442622950822,0.0032786885245901644,0.0016393442622950822,0.0,6.359999999999999,2.17,DF,Unknown,0,DF
7065218009,1,2025,5,3,226,2.5,0.0,0.0,0.0,0.0,0.0,0.0,0.4,0.0,0.0,0.0,0.04,0.04,0.4,0.4,3.6,0.0,0.0,0.0,0.0,0.0,0.0,0.05,0.05,0.0,0.05,2.5,23.2,15.2,5.6,0.8,32.4,18.4,7.6,2.8,71.6,82.6,73.7,28.6,282.4,119.2,23.2,15.2,5.6,0.8,32.4,18.4,7.6,2.8,71.6,82.6,73.7,28.6,23.2,15.2,5.6,0.8,32.4,18.4,7.6,2.8,71.6,82.6,73.7,28.6,23.2,15.2,5.6,0.8,32.4,18.4,7.6,2.8,71.6,82.6,73.7,28.6,0.0,0.04,-0.04,0.4,0.8,0.0,0.0,0.0,0.0,0.0,,0.0,0.0,,,,0.0,0.0,0.0,,0.0,0.0,44.0,3.2,18.0,20.4,6.0,0.8,44.0,0.4,33.3,0.8,66.7,21.2,0.4,2.8,1.6,22.8,1.2,0.4,0.8,1.2,0.4,50.0,0.4,1.2,0.8,1.2,2.4,2.4,0.0,1.2,1.19,0.4,0.0,0.0,0.0,0.0,0.0,0.0,0.0,0.4,0.0,0.0,0.0,0.0,0.0,0.0,2.8,1.6,0.0,0.4,1.2,0.8,0.0,0.0,0.0,1.6,0.8,66.7,,,,,,,,,,,,,,,,,,,,,,,,,,,,,Joshua Torquato,"MF,DF",FC Dallas,18-133,,,,Joshua Torquato,2025.0,80622.0,88622.0,0.0,0.0,0.0,0.0,0.8,2.4,DF,Unknown,0,DF
4761899296,1,2025,17,12,1072,11.9,0.0,0.08,0.08,0.0,0.0,0.0,0.0,0.0,0.1,0.1,0.16,0.26,1.26,2.94,5.71,0.0,0.08,0.08,0.0,0.08,0.1,0.16,0.26,0.1,0.26,11.9,32.4,16.2,11.8,2.18,41.4,18.1,15.3,4.45,78.3,89.8,77.5,49.1,495.1,182.8,32.4,16.2,11.8,2.18,41.4,18.1,15.3,4.45,78.3,89.8,77.5,49.1,32.4,16.2,11.8,2.18,41.4,18.1,15.3,4.45,78.3,89.8,77.5,49.1,32.4,16.2,11.8,2.18,41.4,18.1,15.3,4.45,78.3,89.8,77.5,49.1,0.08,0.15,-0.08,1.76,1.85,1.34,0.76,0.0,0.67,0.08,12.5,0.67,0.08,0.0,0.0,13.0,0.0,0.0,0.0,0.15,-0.1,-0.1,51.1,2.61,14.5,21.1,15.9,2.18,51.1,0.17,33.3,0.34,66.7,26.3,0.34,1.26,1.01,30.9,1.85,0.84,1.09,1.85,0.84,58.8,0.59,1.68,1.43,1.26,3.11,2.27,0.0,3.19,3.19,0.0,0.0,0.0,0.0,0.08,0.0,0.25,0.25,0.0,0.0,0.0,0.0,0.08,0.0,0.0,0.34,0.59,0.34,2.69,1.26,1.09,0.0,0.0,0.0,3.36,1.09,59.1,,,,,,,,,,,,,,,,,,,,,,,,,,,,,Tomas Totland,DF,St. Louis,27-067,Tomas Totland,Standard,2026,Tomas Totland,2025.0,300000.0,341763.0,0.0,0.006722689075630252,0.008403361344537815,-0.1,4.2,3.1100000000000003,DF,Standard,0,DF
2622590531,1,2025,9,9,675,7.5,0.0,0.0,0.0,0.0,0.0,0.0,0.27,0.13,0.01,0.01,0.01,0.01,1.07,3.47,2.8,0.0,0.0,0.0,0.0,0.0,0.01,0.01,0.02,0.01,0.02,7.5,34.4,18.8,12.9,2.4,44.7,21.6,16.7,4.53,77.0,87.0,77.6,52.9,550.7,162.9,34.4,18.8,12.9,2.4,44.7,21.6,16.7,4.53,77.0,87.0,77.6,52.9,34.4,18.8,12.9,2.4,44.7,21.6,16.7,4.53,77.0,87.0,77.6,52.9,34.4,18.8,12.9,2.4,44.7,21.6,16.7,4.53,77.0,87.0,77.6,52.9,0.0,0.03,-0.01,0.27,3.33,0.13,0.0,0.0,0.27,0.13,50.0,0.27,0.13,0.0,0.0,20.0,0.0,0.0,0.0,0.03,-0.01,-0.01,56.0,2.53,16.7,26.0,14.3,0.8,56.0,0.4,27.3,1.07,72.7,24.9,0.13,1.2,0.4,26.1,1.87,0.53,0.93,1.87,0.53,33.3,1.07,1.73,1.47,1.6,3.47,2.53,0.0,1.07,1.07,0.0,0.0,0.0,0.0,0.0,0.0,0.0,0.0,0.0,0.0,0.0,0.0,0.0,0.0,0.0,1.47,1.07,0.13,1.47,1.6,0.93,0.0,0.0,0.0,5.6,1.2,56.3,,,,,,,,,,,,,,,,,,,,,,,,,,,,,Jackson Travis,DF,Colorado Rapids,21-284,Jackson Travis,Homegrown,2025,Jackson Travis,2025.0,104000.0,106500.0,0.0,0.0,0.0013333333333333333,-0.01,4.54,3.47,DF,HG,0,DF
3059162143,1,2025,8,7,565,6.3,0.0,0.0,0.0,0.0,0.0,0.0,0.48,0.0,0.0,0.0,0.0,0.0,0.0,0.63,0.16,0.0,0.0,0.0,0.0,0.0,0.0,0.0,0.0,0.0,0.0,6.3,36.8,14.0,20.3,2.22,39.8,14.1,21.3,3.81,92.4,98.9,95.5,58.3,662.1,226.8,36.8,14.0,20.3,2.22,39.8,14.1,21.3,3.81,92.4,98.9,95.5,58.3,36.8,14.0,20.3,2.22,39.8,14.1,21.3,3.81,92.4,98.9,95.5,58.3,36.8,14.0,20.3,2.22,39.8,14.1,21.3,3.81,92.4,98.9,95.5,58.3,0.0,0.0,0.0,0.16,0.16,0.0,0.0,0.0,0.0,0.0,,0.0,0.0,,,,0.0,0.0,0.0,,0.0,0.0,49.8,6.83,32.4,16.5,0.95,0.63,49.8,0.16,33.3,0.32,66.7,29.0,0.0,0.48,0.0,35.1,1.9,1.27,1.11,1.9,1.27,80.0,0.32,1.43,1.11,1.75,3.65,3.81,0.16,0.16,0.16,0.0,0.0,0.0,0.0,0.0,0.0,0.0,0.0,0.0,0.0,0.0,0.0,0.0,0.0,0.0,1.11,0.79,0.0,0.0,1.75,1.11,0.0,0.0,0.0,1.9,0.63,44.4,,,,,,,,,,,,,,,,,,,,,,,,,,,,,Garrison Tubbs,DF,D.C. United,23-290,Garrison Tubbs,Homegrown,2025,Garrison Tubbs,2025.0,104000.0,104000.0,0.0,0.0,0.0,0.0,0.63,3.65,DF,HG,0,DF
3864726907,1,2025,8,6,427,4.7,0.21,0.0,0.21,0.21,0.0,0.0,0.0,0.0,0.09,0.09,0.02,0.09,0.0,2.55,0.43,0.21,0.0,0.21,0.21,0.21,0.08,0.01,0.09,0.08,0.09,4.7,41.3,17.0,16.8,6.6,48.7,17.7,18.7,10.0,84.7,96.4,89.8,66.0,812.6,284.5,41.3,17.0,16.8,6.6,48.7,17.7,18.7,10.0,84.7,96.4,89.8,66.0,41.3,17.0,16.8,6.6,48.7,17.7,18.7,10.0,84.7,96.4,89.8,66.0,41.3,17.0,16.8,6.6,48.7,17.7,18.7,10.0,84.7,96.4,89.8,66.0,0.0,0.02,-0.02,0.21,4.89,0.21,0.0,0.21,0.85,0.21,25.0,0.84,0.21,0.25,1.0,10.1,0.0,0.0,0.0,0.09,0.13,0.13,56.2,4.47,21.1,31.3,4.04,0.85,56.2,0.0,,0.0,,30.9,0.0,0.0,0.0,36.8,1.28,1.06,1.28,1.28,1.06,50.0,1.06,0.21,0.21,0.21,1.49,3.83,0.21,0.43,0.42,0.0,0.0,0.0,0.0,0.0,0.0,0.21,0.21,0.0,0.0,0.0,0.0,0.0,0.0,0.0,0.85,0.64,0.0,0.43,0.21,1.28,0.0,0.0,0.0,1.91,1.49,70.0,,,,,,,,,,,,,,,,,,,,,,,,,,,,,Bill Tuiloma,DF,Charlotte,30-252,Bill Tuiloma,Standard,2025,Bill Tuiloma,2025.0,500000.0,524938.0,0.04468085106382978,0.0,0.019148936170212766,0.12,2.55,1.49,DF,Standard,0,DF
7658216525,1,2025,27,25,2201,24.5,0.08,0.0,0.08,0.08,0.0,0.0,0.24,0.0,0.03,0.03,0.0,0.04,0.24,1.84,0.24,0.08,0.0,0.08,0.08,0.08,0.03,0.0,0.04,0.03,0.04,24.5,32.1,12.1,17.5,2.0,37.1,13.2,19.2,3.51,86.6,91.7,90.9,57.0,579.3,219.2,32.1,12.1,17.5,2.0,37.1,13.2,19.2,3.51,86.6,91.7,90.9,57.0,32.1,12.1,17.5,2.0,37.1,13.2,19.2,3.51,86.6,91.7,90.9,57.0,32.1,12.1,17.5,2.0,37.1,13.2,19.2,3.51,86.6,91.7,90.9,57.0,0.0,0.01,-0.0,0.08,1.51,0.0,0.0,0.08,0.49,0.2,41.7,0.49,0.2,0.17,0.4,13.1,0.0,0.0,0.0,0.07,0.05,0.05,50.4,9.02,28.7,19.8,2.53,0.94,50.4,0.61,60.0,0.29,28.0,22.1,0.08,0.94,0.61,26.5,2.08,0.94,1.51,2.08,0.94,69.7,0.41,1.76,0.69,1.22,3.31,5.71,0.08,0.41,0.41,0.0,0.0,0.0,0.0,0.04,0.0,0.12,0.12,0.0,0.0,0.0,0.0,0.04,0.0,0.0,1.51,1.35,0.12,0.04,1.22,1.51,0.0,0.08,0.0,4.61,2.49,64.9,,,,,,,,,,,,,,,,,,,,,,,,,,,,,Osaze Urhoghide,DF,FC Dallas,25-153,Osaze Urhoghide,TAM Player,2028,Osaze Urhoghide,2025.0,580000.0,643982.0,0.0032653061224489797,0.0,0.0012244897959183673,0.05,2.08,3.3,DF,TAM,0,DF
8700144495,2,2025,20,17,1399,15.5,0.0,0.32,0.32,0.0,0.0,0.0,0.39,0.0,0.01,0.01,0.09,0.1,3.29,3.03,5.68,0.0,0.32,0.32,0.0,0.32,0.01,0.09,0.1,0.01,0.1,15.5,39.9,20.4,16.5,2.39,51.6,22.6,19.5,6.65,77.4,90.0,84.8,35.9,653.6,160.7,39.9,20.4,16.5,2.39,51.6,22.6,19.5,6.65,77.4,90.0,84.8,35.9,39.9,20.4,16.5,2.39,51.6,22.6,19.5,6.65,77.4,90.0,84.8,35.9,39.9,20.4,16.5,2.39,51.6,22.6,19.5,6.65,77.4,90.0,84.8,35.9,0.32,0.08,0.23,1.16,2.0,0.58,0.39,0.0,0.32,0.0,0.0,0.32,0.0,0.0,,23.0,0.0,0.0,0.0,0.04,-0.01,-0.01,60.1,2.0,11.5,28.0,21.7,0.84,60.1,0.52,47.1,0.52,47.1,33.0,0.19,1.1,0.65,37.0,1.87,0.71,1.03,1.87,0.71,52.4,0.65,1.42,1.29,1.23,3.1,1.55,0.06,2.06,2.06,0.06,0.0,0.19,0.0,0.0,0.0,0.32,0.32,0.06,0.0,0.19,0.0,0.0,0.0,0.0,1.16,1.81,0.06,4.13,1.23,1.03,0.0,0.0,0.0,5.03,0.84,39.4,,,,,,,,,,,,,,,,,,,,,,,,,,,,,Omar Valencia,DF,NY Red Bulls,21-179,Omar Valencia,Standard,2027,Omar Valencia,2025.0,80622.0,92997.0,0.0,0.02064516129032258,0.0006451612903225806,-0.01,6.32,3.1,DF,Standard,0,DF
7330459796,1,2025,27,23,1984,22.0,0.05,0.0,0.05,0.05,0.0,0.0,0.36,0.0,0.05,0.05,0.04,0.1,1.41,3.91,0.32,0.05,0.0,0.05,0.05,0.05,0.06,0.04,0.1,0.06,0.1,22.0,52.8,17.8,27.5,6.82,60.7,19.2,29.4,10.5,87.0,92.4,93.5,64.7,1060.3,377.0,52.8,17.8,27.5,6.82,60.7,19.2,29.4,10.5,87.0,92.4,93.5,64.7,52.8,17.8,27.5,6.82,60.7,19.2,29.4,10.5,87.0,92.4,93.5,64.7,52.8,17.8,27.5,6.82,60.7,19.2,29.4,10.5,87.0,92.4,93.5,64.7,0.0,0.03,-0.04,0.32,4.91,0.23,0.09,0.05,1.14,0.18,16.0,1.13,0.18,0.04,0.25,26.4,0.14,0.0,0.0,0.05,-0.01,-0.01,70.7,5.05,30.6,35.3,5.05,0.5,70.7,0.0,0.0,0.05,100.0,42.5,0.0,0.41,0.0,48.8,1.36,0.77,1.05,1.36,0.77,63.0,0.45,1.55,0.77,0.91,2.27,4.5,0.05,1.14,1.13,0.0,0.0,0.0,0.0,0.0,0.0,0.09,0.09,0.0,0.0,0.0,0.0,0.0,0.0,0.0,1.36,0.45,0.0,0.68,0.91,1.05,0.0,0.18,0.09,2.91,1.41,54.4,,,,,,,,,,,,,,,,,,,,,,,,,,,,,Brayan Vera,DF,Real Salt Lake,26-323,Brayan Vera,TAM Player,2025,Brayan Vera,2025.0,500004.0,557004.0,0.002272727272727273,0.0,0.002272727272727273,0.0,5.32,2.27,DF,TAM,0,DF
3558989052,1,2025,21,20,1755,19.5,0.0,0.0,0.0,0.0,0.0,0.0,0.05,0.0,0.07,0.07,0.01,0.08,0.36,2.1,0.31,0.0,0.0,0.0,0.0,0.0,0.07,0.01,0.07,0.07,0.07,19.5,53.9,15.2,34.2,4.21,57.0,16.2,34.5,5.79,94.6,94.0,99.3,72.6,1054.4,304.8,53.9,15.2,34.2,4.21,57.0,16.2,34.5,5.79,94.6,94.0,99.3,72.6,53.9,15.2,34.2,4.21,57.0,16.2,34.5,5.79,94.6,94.0,99.3,72.6,53.9,15.2,34.2,4.21,57.0,16.2,34.5,5.79,94.6,94.0,99.3,72.6,0.0,0.02,-0.01,0.21,3.23,0.0,0.0,0.0,0.72,0.21,28.6,0.72,0.21,0.0,0.0,10.0,0.0,0.0,0.0,0.09,-0.07,-0.07,65.9,8.92,30.2,32.9,2.97,1.38,65.9,0.05,33.3,0.1,66.7,43.9,0.05,0.1,0.05,48.9,0.82,0.36,0.36,0.82,0.36,70.0,0.15,0.62,0.1,1.03,1.85,4.87,0.1,0.92,0.92,0.0,0.0,0.05,0.0,0.0,0.0,0.05,0.05,0.0,0.0,0.05,0.0,0.0,0.0,0.0,0.46,0.36,0.05,0.0,1.03,0.36,0.0,0.05,0.0,3.18,1.69,55.0,,,,,,,,,,,,,,,,,,,,,,,,,,,,,Ranko Veselinović,DF,Vancouver W'caps,26-255,Ranko Veselinović,Standard,2026,Ranko Veselinović,2025.0,670000.0,737125.0,0.0,0.0,0.00358974358974359,-0.07,2.46,1.85,DF,Standard,0,DF
1157352755,1,2025,23,19,1732,19.2,0.21,0.05,0.26,0.21,0.0,0.0,0.21,0.0,0.22,0.22,0.11,0.33,1.2,3.02,1.98,0.21,0.05,0.26,0.21,0.26,0.22,0.12,0.33,0.22,0.33,19.2,40.6,23.0,14.8,1.93,46.3,24.6,16.6,3.33,87.8,93.6,89.0,57.8,610.7,220.8,40.6,23.0,14.8,1.93,46.3,24.6,16.6,3.33,87.8,93.6,89.0,57.8,40.6,23.0,14.8,1.93,46.3,24.6,16.6,3.33,87.8,93.6,89.0,57.8,40.6,23.0,14.8,1.93,46.3,24.6,16.6,3.33,87.8,93.6,89.0,57.8,0.05,0.09,-0.06,0.47,2.5,0.36,0.1,0.21,1.56,0.73,46.7,1.56,0.73,0.13,0.29,11.3,0.0,0.0,0.0,0.14,-0.01,-0.01,58.9,3.54,22.6,25.9,11.0,2.4,58.9,0.42,42.1,0.52,52.6,31.9,0.05,0.99,0.68,37.5,2.29,0.89,1.41,2.29,0.89,56.7,0.68,1.25,0.89,1.46,3.75,4.06,0.05,1.77,1.77,0.0,0.0,0.1,0.0,0.05,0.0,0.21,0.21,0.0,0.0,0.1,0.0,0.05,0.0,0.0,1.72,1.09,0.0,0.63,1.46,1.41,0.0,0.05,0.05,2.92,2.03,61.9,,,,,,,,,,,,,,,,,,,,,,,,,,,,,Felipe Vieira,DF,Houston Dynamo,20-298,,,,,,,,0.0109375,0.002604166666666667,0.011458333333333334,-0.010000000000000009,4.22,3.75,DF,Unknown,0,DF
6594674914,1,2025,22,13,1271,14.1,0.0,0.14,0.14,0.0,0.0,0.0,0.0,0.0,0.07,0.06,0.1,0.16,2.06,4.4,5.96,0.0,0.14,0.14,0.0,0.14,0.07,0.1,0.16,0.07,0.16,14.1,45.1,24.5,17.4,1.99,55.0,26.6,20.7,5.11,82.1,92.0,83.9,38.9,684.5,251.1,45.1,24.5,17.4,1.99,55.0,26.6,20.7,5.11,82.1,92.0,83.9,38.9,45.1,24.5,17.4,1.99,55.0,26.6,20.7,5.11,82.1,92.0,83.9,38.9,45.1,24.5,17.4,1.99,55.0,26.6,20.7,5.11,82.1,92.0,83.9,38.9,0.14,0.07,0.04,0.71,3.9,0.71,0.35,0.0,0.57,0.14,25.0,0.57,0.14,0.0,0.0,20.5,0.07,0.0,0.0,0.12,-0.07,-0.06,62.4,3.33,16.1,30.7,16.0,1.21,62.4,0.35,33.3,0.64,60.0,33.0,0.43,0.64,0.5,38.7,0.5,0.35,0.28,0.5,0.35,41.7,0.5,1.21,0.71,0.78,1.28,1.84,0.0,1.42,1.42,0.0,0.0,0.0,0.0,0.0,0.0,0.14,0.14,0.0,0.0,0.0,0.0,0.0,0.0,0.0,0.0,0.5,0.0,2.62,0.78,0.28,0.0,0.0,0.07,3.4,0.21,33.3,,,,,,,,,,,,,,,,,,,,,,,,,,,,,Sam Vines,DF,Colorado Rapids,26-187,Sam Vines,TAM Player,2027,Sam Vines,2025.0,900000.0,912500.0,0.0,0.009929078014184398,0.004964539007092199,-0.07,6.460000000000001,1.28,DF,TAM,0,DF
1255474163,1,2025,18,16,1490,16.6,0.0,0.0,0.0,0.0,0.0,0.0,0.06,0.0,0.0,0.0,0.0,0.0,0.78,3.55,0.12,0.0,0.0,0.0,0.0,0.0,0.0,0.0,0.0,0.0,0.0,16.6,50.6,16.6,27.5,6.02,57.2,17.7,29.2,8.86,88.5,93.9,94.2,68.0,993.9,337.3,50.6,16.6,27.5,6.02,57.2,17.7,29.2,8.86,88.5,93.9,94.2,68.0,50.6,16.6,27.5,6.02,57.2,17.7,29.2,8.86,88.5,93.9,94.2,68.0,50.6,16.6,27.5,6.02,57.2,17.7,29.2,8.86,88.5,93.9,94.2,68.0,0.0,0.01,0.0,0.0,3.31,0.06,0.0,0.0,0.06,0.06,100.0,0.06,0.06,0.0,0.0,25.0,0.0,0.0,0.0,0.02,0.0,0.0,68.6,6.27,29.7,37.0,2.11,0.18,68.6,0.24,80.0,0.06,20.0,40.1,0.0,0.6,0.36,44.7,1.45,0.66,1.02,1.45,0.66,61.1,0.42,0.78,0.36,1.81,3.25,5.6,0.0,0.3,0.3,0.0,0.0,0.06,0.0,0.0,0.0,0.0,0.0,0.0,0.0,0.06,0.0,0.0,0.0,0.0,0.6,0.54,0.0,0.06,1.81,1.02,0.0,0.0,0.0,5.24,0.96,61.5,,,,,,,,,,,,,,,,,,,,,,,,,,,,,Robert Voloder,DF,Sporting KC,24-209,Robert Voloder,U22 Initiative,2025,Robert Voloder,2025.0,550000.0,577860.0,0.0,0.0,0.0,0.0,4.33,3.26,DF,U22,0,DF
2062898875,1,2025,32,30,2769,30.8,0.06,0.32,0.39,0.06,0.0,0.0,0.16,0.0,0.02,0.02,0.36,0.38,1.56,5.1,4.55,0.07,0.33,0.39,0.07,0.39,0.02,0.36,0.38,0.02,0.38,30.8,46.0,19.8,18.2,7.44,67.5,22.7,25.1,16.9,68.1,87.5,72.5,44.0,901.5,445.7,46.0,19.8,18.2,7.44,67.5,22.7,25.1,16.9,68.1,87.5,72.5,44.0,46.0,19.8,18.2,7.44,67.5,22.7,25.1,16.9,68.1,87.5,72.5,44.0,46.0,19.8,18.2,7.44,67.5,22.7,25.1,16.9,68.1,87.5,72.5,44.0,0.32,0.32,-0.04,3.02,4.48,1.82,0.94,0.06,0.55,0.16,29.4,0.55,0.16,0.12,0.4,25.9,0.13,0.0,0.0,0.03,0.05,0.05,78.1,2.73,21.4,33.2,24.7,0.65,78.1,0.65,60.6,0.29,27.3,32.7,0.19,0.88,0.19,36.3,2.99,1.4,2.31,2.99,1.4,55.1,1.14,1.56,1.46,1.36,4.35,2.79,0.06,4.97,4.97,0.06,0.03,0.23,0.0,0.03,0.0,0.49,0.49,0.06,0.03,0.23,0.0,0.03,0.0,0.0,1.2,1.14,0.06,10.9,1.36,2.31,0.0,0.0,0.0,5.36,1.49,65.7,,,,,,,,,,,,,,,,,,,,,,,,,,,,,Kai Wagner,DF,Philadelphia Union,28-292,Kai Wagner,TAM Player,2026,Kai Wagner,2025.0,930000.0,1088250.0,0.0019480519480519478,0.01038961038961039,0.0006493506493506494,0.039999999999999994,6.66,4.3500000000000005,DF,TAM,0,DF
1640323411,1,2025,32,28,2419,26.9,0.04,0.07,0.11,0.04,0.0,0.0,0.26,0.04,0.09,0.09,0.1,0.19,2.23,4.24,5.06,0.04,0.07,0.11,0.04,0.11,0.09,0.1,0.19,0.09,0.19,26.9,39.9,21.3,14.1,2.71,49.0,24.3,16.7,4.57,81.3,87.9,84.4,59.3,623.8,186.8,39.9,21.3,14.1,2.71,49.0,24.3,16.7,4.57,81.3,87.9,84.4,59.3,39.9,21.3,14.1,2.71,49.0,24.3,16.7,4.57,81.3,87.9,84.4,59.3,39.9,21.3,14.1,2.71,49.0,24.3,16.7,4.57,81.3,87.9,84.4,59.3,0.07,0.13,-0.03,1.38,2.53,1.45,0.63,0.04,0.89,0.33,37.5,0.89,0.33,0.04,0.11,17.4,0.0,0.0,0.0,0.11,-0.06,-0.06,59.6,3.83,15.8,26.6,18.0,1.9,59.6,0.89,60.0,0.45,30.0,32.5,0.63,1.52,0.78,38.9,1.64,0.93,1.0,1.64,0.93,43.1,1.23,1.23,0.71,0.82,2.45,2.45,0.04,3.01,3.01,0.07,0.0,0.11,0.0,0.0,0.0,0.3,0.3,0.07,0.0,0.11,0.0,0.0,0.0,0.04,1.86,1.49,0.15,2.38,0.82,1.0,0.0,0.0,0.0,4.72,1.56,57.5,,,,,,,,,,,,,,,,,,,,,,,,,,,,,Conrad Wallem,"DF,MF",St. Louis,25-178,Conrad Wallem,Standard,2025,Conrad Wallem,2025.0,448000.0,499875.0,0.0014869888475836433,0.0026022304832713757,0.003345724907063197,-0.049999999999999996,6.470000000000001,2.46,DF,Standard,0,DF
7407523398,2,2025,6,6,530,5.9,0.17,0.0,0.17,0.17,0.0,0.0,0.17,0.0,0.03,0.03,0.0,0.03,0.34,1.86,0.0,0.17,0.0,0.17,0.17,0.17,0.03,0.0,0.03,0.03,0.03,5.9,63.6,21.5,35.3,6.61,69.8,23.2,36.4,9.66,91.0,92.7,96.7,68.4,1225.8,530.0,63.6,21.5,35.3,6.61,69.8,23.2,36.4,9.66,91.0,92.7,96.7,68.4,63.6,21.5,35.3,6.61,69.8,23.2,36.4,9.66,91.0,92.7,96.7,68.4,63.6,21.5,35.3,6.61,69.8,23.2,36.4,9.66,91.0,92.7,96.7,68.4,0.0,0.0,0.0,0.0,3.9,0.0,0.0,0.17,0.17,0.17,100.0,0.17,0.17,1.0,1.0,5.4,0.0,0.0,0.0,0.15,0.14,0.14,78.1,11.9,49.3,28.1,1.02,0.68,78.1,0.17,100.0,0.0,0.0,44.1,0.0,0.17,0.51,57.5,1.19,0.68,0.85,1.19,0.68,80.0,0.17,1.19,0.34,1.02,2.2,4.92,0.0,0.51,0.51,0.0,0.0,0.0,0.0,0.0,0.0,0.17,0.17,0.0,0.0,0.0,0.0,0.0,0.0,0.0,0.85,1.19,0.0,0.17,1.02,0.85,0.0,0.0,0.0,5.25,0.85,45.5,,,,,,,,,,,,,,,,,,,,,,,,,,,,,Joel Waterman,DF,CF Montréal,29-314,Joel Waterman,Standard,2027,Joel Waterman,2025.0,474250.0,555400.0,0.0288135593220339,0.0,0.005084745762711864,0.14,2.2,2.21,DF,Standard,0,DF
7407523398,3,2025,6,6,530,5.9,0.17,0.0,0.17,0.17,0.0,0.0,0.17,0.0,0.03,0.03,0.0,0.03,0.34,1.86,0.0,0.17,0.0,0.17,0.17,0.17,0.03,0.0,0.03,0.03,0.03,5.9,63.6,21.5,35.3,6.61,69.8,23.2,36.4,9.66,91.0,92.7,96.7,68.4,1225.8,530.0,63.6,21.5,35.3,6.61,69.8,23.2,36.4,9.66,91.0,92.7,96.7,68.4,63.6,21.5,35.3,6.61,69.8,23.2,36.4,9.66,91.0,92.7,96.7,68.4,63.6,21.5,35.3,6.61,69.8,23.2,36.4,9.66,91.0,92.7,96.7,68.4,0.0,0.0,0.0,0.0,3.9,0.0,0.0,0.17,0.17,0.17,100.0,0.17,0.17,1.0,1.0,5.4,0.0,0.0,0.0,0.15,0.14,0.14,78.1,11.9,49.3,28.1,1.02,0.68,78.1,0.17,100.0,0.0,0.0,44.1,0.0,0.17,0.51,57.5,1.19,0.68,0.85,1.19,0.68,80.0,0.17,1.19,0.34,1.02,2.2,4.92,0.0,0.51,0.51,0.0,0.0,0.0,0.0,0.0,0.0,0.17,0.17,0.0,0.0,0.0,0.0,0.0,0.0,0.0,0.85,1.19,0.0,0.17,1.02,0.85,0.0,0.0,0.0,5.25,0.85,45.5,,,,,,,,,,,,,,,,,,,,,,,,,,,,,Joel Waterman,DF,CF Montréal,29-314,Joel Waterman,Standard,2027,Joel Waterman,2025.0,474250.0,555400.0,0.0288135593220339,0.0,0.005084745762711864,0.14,2.2,2.21,DF,Standard,0,DF
7407523398,2,2025,18,17,1437,16.0,0.0,0.06,0.06,0.0,0.0,0.0,0.5,0.06,0.0,0.0,0.05,0.05,0.75,5.25,1.19,0.0,0.06,0.06,0.0,0.06,0.0,0.05,0.05,0.0,0.05,16.0,62.8,21.9,32.7,7.38,72.5,23.0,35.3,11.9,86.6,95.1,92.7,62.1,1217.3,451.9,62.8,21.9,32.7,7.38,72.5,23.0,35.3,11.9,86.6,95.1,92.7,62.1,62.8,21.9,32.7,7.38,72.5,23.0,35.3,11.9,86.6,95.1,92.7,62.1,62.8,21.9,32.7,7.38,72.5,23.0,35.3,11.9,86.6,95.1,92.7,62.1,0.06,0.05,0.01,0.5,5.19,0.38,0.06,0.0,0.0,0.0,,0.0,0.0,,,,0.0,0.0,0.0,,0.0,0.0,83.3,9.0,37.6,40.8,5.56,0.5,83.3,0.25,57.1,0.06,14.3,48.3,0.06,0.75,0.13,54.6,1.38,0.75,0.81,1.38,0.75,50.0,0.75,1.88,0.88,1.38,2.75,4.19,0.19,1.0,1.0,0.0,0.0,0.06,0.0,0.0,0.0,0.06,0.06,0.0,0.0,0.06,0.0,0.0,0.0,0.0,1.19,1.5,0.13,0.44,1.38,0.81,0.0,0.0,0.0,7.13,1.31,56.8,,,,,,,,,,,,,,,,,,,,,,,,,,,,,Joel Waterman,DF,CF Montréal,29-314,Joel Waterman,Standard,2027,Joel Waterman,2025.0,474250.0,555400.0,0.0,0.00375,0.0,0.0,6.0,2.76,DF,Standard,0,DF
7407523398,3,2025,18,17,1437,16.0,0.0,0.06,0.06,0.0,0.0,0.0,0.5,0.06,0.0,0.0,0.05,0.05,0.75,5.25,1.19,0.0,0.06,0.06,0.0,0.06,0.0,0.05,0.05,0.0,0.05,16.0,62.8,21.9,32.7,7.38,72.5,23.0,35.3,11.9,86.6,95.1,92.7,62.1,1217.3,451.9,62.8,21.9,32.7,7.38,72.5,23.0,35.3,11.9,86.6,95.1,92.7,62.1,62.8,21.9,32.7,7.38,72.5,23.0,35.3,11.9,86.6,95.1,92.7,62.1,62.8,21.9,32.7,7.38,72.5,23.0,35.3,11.9,86.6,95.1,92.7,62.1,0.06,0.05,0.01,0.5,5.19,0.38,0.06,0.0,0.0,0.0,,0.0,0.0,,,,0.0,0.0,0.0,,0.0,0.0,83.3,9.0,37.6,40.8,5.56,0.5,83.3,0.25,57.1,0.06,14.3,48.3,0.06,0.75,0.13,54.6,1.38,0.75,0.81,1.38,0.75,50.0,0.75,1.88,0.88,1.38,2.75,4.19,0.19,1.0,1.0,0.0,0.0,0.06,0.0,0.0,0.0,0.06,0.06,0.0,0.0,0.06,0.0,0.0,0.0,0.0,1.19,1.5,0.13,0.44,1.38,0.81,0.0,0.0,0.0,7.13,1.31,56.8,,,,,,,,,,,,,,,,,,,,,,,,,,,,,Joel Waterman,DF,CF Montréal,29-314,Joel Waterman,Standard,2027,Joel Waterman,2025.0,474250.0,555400.0,0.0,0.00375,0.0,0.0,6.0,2.76,DF,Standard,0,DF
5168046057,2,2025,22,14,1418,15.8,0.06,0.0,0.06,0.06,0.0,0.0,0.06,0.0,0.09,0.09,0.06,0.16,2.03,2.97,2.59,0.06,0.0,0.06,0.06,0.06,0.09,0.06,0.16,0.09,0.16,15.8,25.0,13.2,10.0,1.01,34.8,15.5,13.6,3.04,71.8,85.3,73.5,33.3,379.4,116.4,25.0,13.2,10.0,1.01,34.8,15.5,13.6,3.04,71.8,85.3,73.5,33.3,25.0,13.2,10.0,1.01,34.8,15.5,13.6,3.04,71.8,85.3,73.5,33.3,25.0,13.2,10.0,1.01,34.8,15.5,13.6,3.04,71.8,85.3,73.5,33.3,0.0,0.07,-0.06,0.57,1.77,0.89,0.19,0.06,1.01,0.38,37.5,1.02,0.38,0.06,0.17,20.4,0.0,0.0,0.0,0.1,-0.03,-0.03,46.7,2.66,14.2,22.3,11.1,1.01,46.7,0.57,42.9,0.63,47.6,22.1,0.32,1.71,1.08,26.4,2.09,1.08,1.27,2.09,1.08,54.8,0.89,1.46,1.01,1.27,3.35,1.77,0.06,1.58,1.59,0.0,0.0,0.0,0.0,0.06,0.0,0.0,0.0,0.0,0.0,0.0,0.0,0.06,0.0,0.0,0.95,1.2,0.0,1.84,1.27,1.27,0.0,0.0,0.0,2.97,1.01,59.3,,,,,,,,,,,,,,,,,,,,,,,,,,,,,Akil Watts,"MF,DF",St. Louis,25-303,Akil Watts,Standard,2025,Akil Watts,2025.0,104000.0,104000.0,0.0037974683544303796,0.0,0.005696202531645569,-0.03,5.0,3.36,DF,Standard,0,DF
8537029410,2,2025,24,18,1537,17.1,0.06,0.12,0.18,0.06,0.0,0.0,0.23,0.0,0.06,0.06,0.08,0.15,1.11,4.09,5.44,0.06,0.12,0.18,0.06,0.18,0.07,0.08,0.15,0.07,0.15,17.1,51.1,26.9,19.4,3.27,59.6,28.5,22.0,5.73,85.8,94.5,88.3,57.1,816.4,271.7,51.1,26.9,19.4,3.27,59.6,28.5,22.0,5.73,85.8,94.5,88.3,57.1,51.1,26.9,19.4,3.27,59.6,28.5,22.0,5.73,85.8,94.5,88.3,57.1,51.1,26.9,19.4,3.27,59.6,28.5,22.0,5.73,85.8,94.5,88.3,57.1,0.12,0.1,0.04,0.58,2.87,1.05,0.41,0.06,0.41,0.23,57.1,0.41,0.23,0.14,0.25,14.0,0.0,0.0,0.0,0.19,-0.01,-0.01,69.1,3.22,22.5,30.8,16.3,1.11,69.1,0.41,30.4,0.76,56.5,38.7,0.12,0.88,0.35,46.0,1.93,1.05,0.94,1.93,1.05,56.3,0.82,1.52,1.29,0.64,2.57,1.75,0.18,1.52,1.52,0.06,0.0,0.06,0.0,0.06,0.06,0.29,0.29,0.06,0.0,0.06,0.0,0.06,0.06,0.0,1.35,0.94,0.18,2.81,0.64,0.94,0.0,0.0,0.06,4.85,0.7,36.4,,,,,,,,,,,,,,,,,,,,,,,,,,,,,Marcelo Weigandt,DF,Inter Miami,25-327,Marcelo Weigandt,Standard,2025,Marcelo Weigandt,2025.0,500000.0,734708.0,0.003508771929824561,0.007017543859649122,0.003508771929824561,0.0,5.2,2.57,DF,Standard,0,DF
7532173817,1,2025,2,1,97,1.1,0.0,0.0,0.0,0.0,0.0,0.0,0.91,0.0,0.09,0.09,0.0,0.09,0.91,0.0,0.0,0.0,0.0,0.0,0.0,0.0,0.09,0.0,0.09,0.09,0.09,1.1,62.7,21.8,35.5,5.45,68.2,22.7,36.4,8.18,92.0,96.0,97.5,66.7,1228.2,338.2,62.7,21.8,35.5,5.45,68.2,22.7,36.4,8.18,92.0,96.0,97.5,66.7,62.7,21.8,35.5,5.45,68.2,22.7,36.4,8.18,92.0,96.0,97.5,66.7,62.7,21.8,35.5,5.45,68.2,22.7,36.4,8.18,92.0,96.0,97.5,66.7,0.0,0.0,0.0,0.0,0.91,0.0,0.0,0.0,0.91,0.91,100.0,0.93,0.93,0.0,0.0,7.3,0.0,0.0,0.0,0.1,-0.09,-0.09,76.4,8.18,44.5,30.9,0.91,0.91,76.4,0.0,,0.0,,40.9,0.0,0.0,0.0,54.5,0.91,0.91,0.0,0.91,0.91,100.0,0.0,1.82,0.91,0.0,0.91,4.55,0.0,0.0,0.0,0.0,0.0,0.0,0.0,0.0,0.0,0.0,0.0,0.0,0.0,0.0,0.0,0.0,0.0,0.0,1.82,1.82,0.0,0.0,0.0,0.0,0.0,0.0,0.0,6.36,1.82,40.0,,,,,,,,,,,,,,,,,,,,,,,,,,,,,Michael Wentzel,DF,St. Louis,23-238,Michael Wentzel,Standard,2025,Michael Wentzel,2025.0,80622.0,80622.0,0.0,0.0,0.0818181818181818,-0.09,0.91,0.91,DF,Standard,0,DF
8388538875,1,2025,25,18,1728,19.2,0.05,0.16,0.21,0.05,0.0,0.0,0.26,0.05,0.07,0.07,0.14,0.21,1.25,4.22,5.57,0.05,0.16,0.21,0.05,0.21,0.07,0.14,0.21,0.07,0.21,19.2,32.6,16.7,12.2,2.92,48.3,20.0,17.7,7.45,67.3,83.6,68.8,39.2,533.2,274.6,32.6,16.7,12.2,2.92,48.3,20.0,17.7,7.45,67.3,83.6,68.8,39.2,32.6,16.7,12.2,2.92,48.3,20.0,17.7,7.45,67.3,83.6,68.8,39.2,32.6,16.7,12.2,2.92,48.3,20.0,17.7,7.45,67.3,83.6,68.8,39.2,0.16,0.15,0.02,1.04,3.33,1.51,0.63,0.05,0.63,0.21,33.3,0.62,0.21,0.08,0.25,15.9,0.0,0.0,0.0,0.12,-0.02,-0.02,59.7,3.18,14.2,28.0,18.1,1.56,59.7,0.21,25.0,0.52,62.5,27.2,0.26,2.03,0.52,31.7,1.82,1.15,1.3,1.82,1.15,66.7,0.57,0.94,0.57,0.52,2.34,3.33,0.0,2.5,2.5,0.05,0.0,0.1,0.0,0.05,0.0,0.31,0.31,0.05,0.0,0.1,0.0,0.05,0.0,0.0,0.89,0.99,0.1,2.71,0.52,1.3,0.0,0.0,0.0,3.39,1.88,63.2,,,,,,,,,,,,,,,,,,,,,,,,,,,,,Francis Westfield,DF,Philadelphia Union,19-360,,,,,,,,0.002604166666666667,0.008333333333333333,0.003645833333333334,-0.020000000000000004,5.47,2.34,DF,Unknown,0,DF
2194747592,2,2025,17,15,1320,14.7,0.07,0.0,0.07,0.07,0.0,0.0,0.07,0.0,0.07,0.07,0.0,0.07,0.54,3.81,0.27,0.07,0.0,0.07,0.07,0.07,0.07,0.0,0.07,0.07,0.07,14.7,50.5,12.4,30.3,7.07,59.0,13.5,32.0,12.1,85.7,92.4,94.7,58.4,1078.6,392.4,50.5,12.4,30.3,7.07,59.0,13.5,32.0,12.1,85.7,92.4,94.7,58.4,50.5,12.4,30.3,7.07,59.0,13.5,32.0,12.1,85.7,92.4,94.7,58.4,50.5,12.4,30.3,7.07,59.0,13.5,32.0,12.1,85.7,92.4,94.7,58.4,0.0,0.05,0.0,0.07,5.17,0.27,0.07,0.07,0.54,0.2,37.5,0.55,0.2,0.13,0.33,8.0,0.0,0.0,0.0,0.13,-0.01,-0.01,70.2,8.71,36.8,30.6,3.13,1.29,70.2,0.0,0.0,0.0,0.0,41.7,0.0,0.41,0.0,48.3,1.36,0.27,0.88,1.36,0.27,57.1,0.2,0.75,0.54,1.09,2.45,6.39,0.14,0.82,0.82,0.0,0.0,0.0,0.0,0.0,0.0,0.2,0.2,0.0,0.0,0.0,0.0,0.0,0.0,0.0,0.88,0.48,0.07,0.2,1.09,0.88,0.0,0.0,0.0,2.72,2.45,60.0,,,,,,,,,,,,,,,,,,,,,,,,,,,,,Derrick Williams,DF,Atlanta Utd,32-321,Derrick Williams,Standard,2025,,,,,0.004761904761904762,0.0,0.004761904761904762,0.0,4.35,2.45,DF,Standard,0,DF
8346292705,1,2025,1,0,11,0.1,0.0,0.0,0.0,0.0,0.0,0.0,0.0,0.0,0.0,0.0,0.0,0.0,0.0,0.0,0.0,0.0,0.0,0.0,0.0,0.0,0.0,0.0,0.0,0.0,0.0,0.1,0.0,0.0,0.0,0.0,0.0,0.0,0.0,0.0,,,,,0.0,0.0,0.0,0.0,0.0,0.0,0.0,0.0,0.0,0.0,,,,,0.0,0.0,0.0,0.0,0.0,0.0,0.0,0.0,,,,,0.0,0.0,0.0,0.0,0.0,0.0,0.0,0.0,,,,,0.0,0.0,0.0,0.0,0.0,0.0,0.0,0.0,0.0,0.0,,0.0,0.0,,,,0.0,0.0,0.0,,0.0,0.0,50.0,40.0,40.0,10.0,0.0,0.0,50.0,0.0,,0.0,,0.0,0.0,0.0,0.0,0.0,10.0,0.0,0.0,10.0,0.0,,0.0,0.0,0.0,10.0,20.0,30.0,0.0,0.0,0.0,0.0,0.0,0.0,0.0,0.0,0.0,0.0,0.0,0.0,0.0,0.0,0.0,0.0,0.0,0.0,10.0,0.0,0.0,0.0,10.0,0.0,0.0,0.0,0.0,0.0,0.0,,,,,,,,,,,,,,,,,,,,,,,,,,,,,,Thomas Williams,DF,Orlando City,21-111,Thomas Williams,Homegrown,2026,Thomas Williams,2025.0,150000.0,163875.0,0.0,0.0,0.0,0.0,0.0,20.0,DF,HG,-1,DF
8421445676,1,2025,16,13,1226,13.6,0.07,0.0,0.07,0.07,0.0,0.0,0.29,0.0,0.1,0.1,0.0,0.1,0.44,3.24,0.22,0.07,0.0,0.07,0.07,0.07,0.1,0.0,0.1,0.1,0.1,13.6,44.9,10.4,27.6,6.4,51.5,11.7,29.5,9.34,87.1,88.7,93.5,68.5,952.4,351.6,44.9,10.4,27.6,6.4,51.5,11.7,29.5,9.34,87.1,88.7,93.5,68.5,44.9,10.4,27.6,6.4,51.5,11.7,29.5,9.34,87.1,88.7,93.5,68.5,44.9,10.4,27.6,6.4,51.5,11.7,29.5,9.34,87.1,88.7,93.5,68.5,0.0,0.01,0.0,0.0,2.43,0.0,0.0,0.07,0.51,0.15,28.6,0.51,0.15,0.14,0.5,10.3,0.0,0.0,0.0,0.19,-0.02,-0.02,65.8,10.4,35.9,27.8,2.35,0.96,65.8,0.07,100.0,0.0,0.0,33.5,0.07,0.51,0.0,39.2,1.32,0.59,0.66,1.32,0.59,57.1,0.44,1.47,0.74,2.28,3.6,7.35,0.22,0.81,0.81,0.0,0.0,0.0,0.0,0.07,0.0,0.0,0.0,0.0,0.0,0.0,0.0,0.07,0.0,0.0,1.1,0.51,0.0,0.07,2.28,0.66,0.0,0.0,0.07,3.31,2.13,58.0,,,,,,,,,,,,,,,,,,,,,,,,,,,,,Bruno Wilson,DF,SJ Earthquakes,28-342,Bruno Wilson,TAM Player,2025,Bruno Wilson,2025.0,1100000.0,1218333.0,0.0051470588235294126,0.0,0.007352941176470589,-0.03,3.68,3.5999999999999996,DF,TAM,0,DF
9170717045,1,2025,6,5,278,3.1,0.0,0.0,0.0,0.0,0.0,0.0,0.0,0.0,0.0,0.0,0.03,0.03,1.29,1.94,1.94,0.0,0.0,0.0,0.0,0.0,0.0,0.05,0.05,0.0,0.05,3.1,43.5,17.1,21.9,3.87,53.2,18.4,25.5,7.74,81.8,93.0,86.1,50.0,818.1,295.2,43.5,17.1,21.9,3.87,53.2,18.4,25.5,7.74,81.8,93.0,86.1,50.0,43.5,17.1,21.9,3.87,53.2,18.4,25.5,7.74,81.8,93.0,86.1,50.0,43.5,17.1,21.9,3.87,53.2,18.4,25.5,7.74,81.8,93.0,86.1,50.0,0.0,0.0,-0.03,0.32,7.1,0.0,0.0,0.0,0.0,0.0,,0.0,0.0,,,,0.0,0.0,0.0,,0.0,0.0,62.6,3.55,28.1,27.7,7.1,0.0,62.6,0.32,25.0,0.97,75.0,33.2,0.0,0.97,0.65,42.9,1.29,0.65,0.97,1.29,0.65,50.0,0.65,0.65,0.65,0.65,1.94,4.19,0.32,1.29,1.29,0.0,0.0,0.0,0.0,0.0,0.0,0.0,0.0,0.0,0.0,0.0,0.0,0.0,0.0,0.0,1.61,0.0,0.32,1.29,0.65,0.97,0.0,0.32,0.0,3.23,1.29,50.0,,,,,,,,,,,,,,,,,,,,,,,,,,,,,Henry Wingo,DF,Toronto FC,30-061,Henry Wingo,Standard,2026,Henry Wingo,2025.0,625000.0,696031.0,0.0,0.0,0.0,0.0,3.23,1.94,DF,Standard,0,DF
2626050726,1,2025,31,24,2216,24.6,0.04,0.16,0.2,0.04,0.0,0.0,0.16,0.0,0.04,0.04,0.15,0.2,1.95,4.43,6.18,0.04,0.16,0.2,0.04,0.2,0.05,0.15,0.19,0.05,0.19,24.6,52.0,28.2,20.0,2.24,62.1,30.4,24.2,4.11,83.8,92.8,82.7,54.5,789.2,264.4,52.0,28.2,20.0,2.24,62.1,30.4,24.2,4.11,83.8,92.8,82.7,54.5,52.0,28.2,20.0,2.24,62.1,30.4,24.2,4.11,83.8,92.8,82.7,54.5,52.0,28.2,20.0,2.24,62.1,30.4,24.2,4.11,83.8,92.8,82.7,54.5,0.16,0.17,0.02,1.02,3.5,1.26,0.41,0.04,0.45,0.12,27.3,0.45,0.12,0.09,0.33,20.2,0.0,0.0,0.0,0.1,-0.0,-0.0,73.7,3.78,20.4,33.7,20.4,1.99,73.7,0.45,36.7,0.77,63.3,37.2,0.24,1.1,0.37,49.1,2.24,1.3,1.46,2.24,1.3,50.8,1.26,1.67,1.3,1.46,3.7,3.21,0.08,2.15,2.15,0.0,0.0,0.04,0.0,0.04,0.0,0.24,0.24,0.0,0.0,0.04,0.0,0.04,0.0,0.0,0.69,0.41,0.08,1.91,1.46,1.46,0.0,0.04,0.04,3.5,0.53,41.9,,,,,,,,,,,,,,,,,,,,,,,,,,,,,Miki Yamane,DF,LA Galaxy,31-347,Miki Yamane,TAM Player,2026,Miki Yamane,2025.0,778000.0,844667.0,0.0016260162601626016,0.0065040650406504065,0.0016260162601626016,0.0,6.38,3.7,DF,TAM,0,DF
5905140517,1,2025,18,14,1267,14.1,0.07,0.0,0.07,0.07,0.0,0.0,0.07,0.0,0.03,0.03,0.0,0.03,0.43,2.34,0.07,0.07,0.0,0.07,0.07,0.07,0.03,0.0,0.03,0.03,0.03,14.1,39.4,14.5,21.7,2.62,44.8,15.7,23.1,4.4,88.0,92.3,93.9,59.7,706.0,243.6,39.4,14.5,21.7,2.62,44.8,15.7,23.1,4.4,88.0,92.3,93.9,59.7,39.4,14.5,21.7,2.62,44.8,15.7,23.1,4.4,88.0,92.3,93.9,59.7,39.4,14.5,21.7,2.62,44.8,15.7,23.1,4.4,88.0,92.3,93.9,59.7,0.0,0.01,0.0,0.07,1.91,0.07,0.07,0.07,0.21,0.07,33.3,0.21,0.07,0.33,1.0,11.0,0.0,0.0,0.0,0.13,0.04,0.04,56.8,7.59,34.0,21.1,1.91,0.21,56.8,0.14,40.0,0.21,60.0,30.8,0.0,0.78,0.14,35.7,0.99,0.71,0.57,0.99,0.71,83.3,0.14,1.56,0.78,1.21,2.2,5.6,0.21,0.78,0.78,0.0,0.0,0.07,0.0,0.0,0.0,0.0,0.0,0.0,0.0,0.07,0.0,0.0,0.0,0.0,0.35,0.28,0.0,0.14,1.21,0.57,0.0,0.07,0.07,4.11,0.99,35.9,,,,,,,,,,,,,,,,,,,,,,,,,,,,,Joshua Yaro,DF,St. Louis,31-016,,,,Joshua Yaro,2025.0,185000.0,204500.0,0.004964539007092199,0.0,0.002127659574468085,0.04000000000000001,2.77,2.2,DF,Unknown,0,DF
1981957367,2,2025,27,22,1971,21.9,0.0,0.18,0.18,0.0,0.0,0.0,0.23,0.0,0.02,0.02,0.11,0.12,1.32,2.69,5.16,0.0,0.18,0.18,0.0,0.18,0.02,0.1,0.13,0.02,0.13,21.9,36.6,16.8,16.5,2.37,45.6,19.0,19.8,4.75,80.3,88.5,83.4,50.0,607.0,202.6,36.6,16.8,16.5,2.37,45.6,19.0,19.8,4.75,80.3,88.5,83.4,50.0,36.6,16.8,16.5,2.37,45.6,19.0,19.8,4.75,80.3,88.5,83.4,50.0,36.6,16.8,16.5,2.37,45.6,19.0,19.8,4.75,80.3,88.5,83.4,50.0,0.18,0.09,0.08,1.1,2.05,0.64,0.18,0.0,0.27,0.09,33.3,0.27,0.09,0.0,0.0,15.6,0.0,0.0,0.0,0.08,-0.02,-0.02,55.5,3.2,17.2,23.6,15.0,1.6,55.5,0.37,42.1,0.41,47.4,25.1,0.27,0.91,0.23,32.4,1.87,0.91,1.19,1.87,0.91,60.6,0.59,1.28,1.14,0.59,2.47,2.6,0.14,2.15,2.15,0.05,0.0,0.09,0.0,0.05,0.0,0.18,0.18,0.05,0.0,0.09,0.0,0.05,0.0,0.0,1.0,0.68,0.23,1.55,0.59,1.19,0.0,0.0,0.0,3.24,0.96,51.2,,,,,,,,,,,,,,,,,,,,,,,,,,,,,DeAndre Yedlin,DF,Real Salt Lake,32-148,DeAndre Yedlin,TAM Player,2025,DeAndre Yedlin,2025.0,900000.0,948750.0,0.0,0.008219178082191782,0.0009132420091324202,-0.02,4.01,2.46,DF,TAM,0,DF
1981957367,3,2025,27,22,1971,21.9,0.0,0.18,0.18,0.0,0.0,0.0,0.23,0.0,0.02,0.02,0.11,0.12,1.32,2.69,5.16,0.0,0.18,0.18,0.0,0.18,0.02,0.1,0.13,0.02,0.13,21.9,36.6,16.8,16.5,2.37,45.6,19.0,19.8,4.75,80.3,88.5,83.4,50.0,607.0,202.6,36.6,16.8,16.5,2.37,45.6,19.0,19.8,4.75,80.3,88.5,83.4,50.0,36.6,16.8,16.5,2.37,45.6,19.0,19.8,4.75,80.3,88.5,83.4,50.0,36.6,16.8,16.5,2.37,45.6,19.0,19.8,4.75,80.3,88.5,83.4,50.0,0.18,0.09,0.08,1.1,2.05,0.64,0.18,0.0,0.27,0.09,33.3,0.27,0.09,0.0,0.0,15.6,0.0,0.0,0.0,0.08,-0.02,-0.02,55.5,3.2,17.2,23.6,15.0,1.6,55.5,0.37,42.1,0.41,47.4,25.1,0.27,0.91,0.23,32.4,1.87,0.91,1.19,1.87,0.91,60.6,0.59,1.28,1.14,0.59,2.47,2.6,0.14,2.15,2.15,0.05,0.0,0.09,0.0,0.05,0.0,0.18,0.18,0.05,0.0,0.09,0.0,0.05,0.0,0.0,1.0,0.68,0.23,1.55,0.59,1.19,0.0,0.0,0.0,3.24,0.96,51.2,,,,,,,,,,,,,,,,,,,,,,,,,,,,,DeAndre Yedlin,DF,Real Salt Lake,32-148,DeAndre Yedlin,TAM Player,2025,DeAndre Yedlin,2025.0,900000.0,948750.0,0.0,0.008219178082191782,0.0009132420091324202,-0.02,4.01,2.46,DF,TAM,0,DF
1981957367,2,2025,7,7,630,7.0,0.14,0.0,0.14,0.14,0.0,0.0,0.43,0.0,0.03,0.03,0.03,0.06,1.0,6.43,5.43,0.14,0.0,0.14,0.14,0.14,0.02,0.03,0.05,0.02,0.05,7.0,57.0,25.9,25.9,3.57,67.1,27.6,29.0,6.86,84.9,93.8,89.2,52.1,939.9,344.3,57.0,25.9,25.9,3.57,67.1,27.6,29.0,6.86,84.9,93.8,89.2,52.1,57.0,25.9,25.9,3.57,67.1,27.6,29.0,6.86,84.9,93.8,89.2,52.1,57.0,25.9,25.9,3.57,67.1,27.6,29.0,6.86,84.9,93.8,89.2,52.1,0.0,0.07,-0.03,0.71,6.43,1.0,0.29,0.14,0.43,0.14,33.3,0.43,0.14,0.33,1.0,25.3,0.0,0.0,0.0,0.05,0.11,0.11,77.9,4.86,21.4,36.9,19.9,0.71,77.9,0.43,75.0,0.14,25.0,44.1,0.14,0.71,0.43,51.4,1.43,0.86,0.86,1.43,0.86,66.7,0.43,1.71,1.43,1.14,2.57,2.86,0.14,3.14,3.14,0.0,0.0,0.0,0.0,0.0,0.0,0.0,0.0,0.0,0.0,0.0,0.0,0.0,0.0,0.0,1.0,0.43,0.0,1.86,1.14,0.86,0.0,0.0,0.0,3.43,0.86,37.5,,,,,,,,,,,,,,,,,,,,,,,,,,,,,DeAndre Yedlin,DF,Real Salt Lake,32-148,DeAndre Yedlin,TAM Player,2025,DeAndre Yedlin,2025.0,900000.0,948750.0,0.02,0.0,0.004285714285714286,0.11000000000000001,7.43,2.57,DF,TAM,0,DF
1981957367,3,2025,7,7,630,7.0,0.14,0.0,0.14,0.14,0.0,0.0,0.43,0.0,0.03,0.03,0.03,0.06,1.0,6.43,5.43,0.14,0.0,0.14,0.14,0.14,0.02,0.03,0.05,0.02,0.05,7.0,57.0,25.9,25.9,3.57,67.1,27.6,29.0,6.86,84.9,93.8,89.2,52.1,939.9,344.3,57.0,25.9,25.9,3.57,67.1,27.6,29.0,6.86,84.9,93.8,89.2,52.1,57.0,25.9,25.9,3.57,67.1,27.6,29.0,6.86,84.9,93.8,89.2,52.1,57.0,25.9,25.9,3.57,67.1,27.6,29.0,6.86,84.9,93.8,89.2,52.1,0.0,0.07,-0.03,0.71,6.43,1.0,0.29,0.14,0.43,0.14,33.3,0.43,0.14,0.33,1.0,25.3,0.0,0.0,0.0,0.05,0.11,0.11,77.9,4.86,21.4,36.9,19.9,0.71,77.9,0.43,75.0,0.14,25.0,44.1,0.14,0.71,0.43,51.4,1.43,0.86,0.86,1.43,0.86,66.7,0.43,1.71,1.43,1.14,2.57,2.86,0.14,3.14,3.14,0.0,0.0,0.0,0.0,0.0,0.0,0.0,0.0,0.0,0.0,0.0,0.0,0.0,0.0,0.0,1.0,0.43,0.0,1.86,1.14,0.86,0.0,0.0,0.0,3.43,0.86,37.5,,,,,,,,,,,,,,,,,,,,,,,,,,,,,DeAndre Yedlin,DF,Real Salt Lake,32-148,DeAndre Yedlin,TAM Player,2025,DeAndre Yedlin,2025.0,900000.0,948750.0,0.02,0.0,0.004285714285714286,0.11000000000000001,7.43,2.57,DF,TAM,0,DF
6029268918,1,2025,28,26,2345,26.1,0.08,0.0,0.08,0.08,0.0,0.0,0.11,0.0,0.11,0.11,0.04,0.15,0.23,3.3,0.31,0.08,0.0,0.08,0.08,0.08,0.11,0.04,0.15,0.11,0.15,26.1,71.5,29.8,34.9,5.82,77.1,30.7,36.8,8.24,92.7,97.3,94.8,70.7,1288.4,505.1,71.5,29.8,34.9,5.82,77.1,30.7,36.8,8.24,92.7,97.3,94.8,70.7,71.5,29.8,34.9,5.82,77.1,30.7,36.8,8.24,92.7,97.3,94.8,70.7,71.5,29.8,34.9,5.82,77.1,30.7,36.8,8.24,92.7,97.3,94.8,70.7,0.0,0.03,-0.04,0.31,4.56,0.19,0.0,0.08,0.77,0.19,25.0,0.77,0.19,0.1,0.4,10.9,0.0,0.0,0.0,0.15,-0.03,-0.03,88.2,12.2,43.0,42.3,3.18,1.23,88.2,0.19,71.4,0.08,28.6,52.9,0.04,0.38,0.0,66.7,0.88,0.23,0.54,0.88,0.23,40.0,0.34,1.88,0.57,1.11,1.99,5.13,0.08,1.15,1.15,0.0,0.0,0.04,0.04,0.04,0.0,0.15,0.15,0.0,0.0,0.04,0.04,0.04,0.0,0.0,0.61,0.5,0.15,0.0,1.11,0.54,0.04,0.04,0.04,3.56,2.45,65.3,,,,,,,,,,,,,,,,,,,,,,,,,,,,,Maya Yoshida,DF,LA Galaxy,37-102,Maya Yoshida,Standard,2026,Maya Yoshida,2025.0,455000.0,526281.0,0.0030651340996168583,0.0,0.00421455938697318,-0.03,3.53,1.9900000000000002,DF,Standard,0,DF
9554513805,1,2025,7,2,221,2.5,0.0,0.0,0.0,0.0,0.0,0.0,0.8,0.0,0.0,0.0,0.12,0.12,1.6,4.0,6.0,0.0,0.0,0.0,0.0,0.0,0.0,0.11,0.11,0.0,0.11,2.5,39.2,18.4,15.6,2.4,47.6,21.2,16.0,5.6,82.4,86.8,97.5,42.9,627.2,200.0,39.2,18.4,15.6,2.4,47.6,21.2,16.0,5.6,82.4,86.8,97.5,42.9,39.2,18.4,15.6,2.4,47.6,21.2,16.0,5.6,82.4,86.8,97.5,42.9,39.2,18.4,15.6,2.4,47.6,21.2,16.0,5.6,82.4,86.8,97.5,42.9,0.0,0.28,-0.12,1.2,2.0,1.2,0.8,0.0,0.0,0.0,,0.0,0.0,,,,0.0,0.0,0.0,,0.0,0.0,62.0,2.0,14.8,28.0,19.6,1.6,62.0,0.4,33.3,0.8,66.7,29.6,0.4,2.8,0.8,33.6,4.8,2.4,3.6,4.8,2.4,60.0,1.6,2.4,1.2,2.0,6.8,1.2,0.0,2.4,2.44,0.0,0.0,0.0,0.0,0.0,0.0,0.0,0.0,0.0,0.0,0.0,0.0,0.0,0.0,0.0,3.2,2.8,0.0,2.4,2.0,3.6,0.0,0.0,0.0,4.0,2.0,83.3,,,,,,,,,,,,,,,,,,,,,,,,,,,,,Joseph Zalinsky,DF,St. Louis,22-335,,,,Joseph Zalinsky,2025.0,80622.0,82638.0,0.0,0.0,0.0,0.0,5.6,6.8,DF,Unknown,0,DF
8578675801,1,2025,5,1,144,1.6,0.0,0.0,0.0,0.0,0.0,0.0,0.0,0.0,0.0,0.0,0.0,0.0,0.63,0.0,0.63,0.0,0.0,0.0,0.0,0.0,0.0,0.0,0.0,0.0,0.0,1.6,50.6,26.9,21.3,1.88,56.3,28.1,22.5,4.38,90.0,95.6,94.4,42.9,806.3,287.5,50.6,26.9,21.3,1.88,56.3,28.1,22.5,4.38,90.0,95.6,94.4,42.9,50.6,26.9,21.3,1.88,56.3,28.1,22.5,4.38,90.0,95.6,94.4,42.9,50.6,26.9,21.3,1.88,56.3,28.1,22.5,4.38,90.0,95.6,94.4,42.9,0.0,0.06,0.0,0.0,0.63,0.0,0.0,0.0,0.0,0.0,,0.0,0.0,,,,0.0,0.0,0.0,,0.0,0.0,63.8,15.6,44.4,18.1,1.25,1.25,63.8,0.0,,0.0,,33.8,0.0,0.0,0.0,43.8,1.25,1.25,1.25,1.25,1.25,66.7,0.63,1.25,0.0,1.25,2.5,3.75,0.0,0.63,0.62,0.0,0.0,0.0,0.0,0.0,0.0,0.0,0.0,0.0,0.0,0.0,0.0,0.0,0.0,0.0,0.0,0.0,0.0,0.0,1.25,1.25,0.0,0.0,0.0,1.25,0.63,50.0,,,,,,,,,,,,,,,,,,,,,,,,,,,,,Eriq Zavaleta,DF,LA Galaxy,33-124,Eriq Zavaleta,Standard,2025,Eriq Zavaleta,2025.0,194000.0,198311.0,0.0,0.0,0.0,0.0,0.63,2.5,DF,Standard,0,DF
3216253474,3,2025,27,27,2430,27.0,0.07,0.0,0.07,0.07,0.0,0.0,0.19,0.0,0.04,0.04,0.03,0.07,0.44,5.04,1.04,0.07,0.0,0.07,0.07,0.07,0.04,0.03,0.07,0.04,0.07,27.0,65.4,31.5,29.0,4.07,70.5,32.6,30.5,5.93,92.7,96.7,95.0,68.8,1098.6,514.0,65.4,31.5,29.0,4.07,70.5,32.6,30.5,5.93,92.7,96.7,95.0,68.8,65.4,31.5,29.0,4.07,70.5,32.6,30.5,5.93,92.7,96.7,95.0,68.8,65.4,31.5,29.0,4.07,70.5,32.6,30.5,5.93,92.7,96.7,95.0,68.8,0.0,0.07,-0.03,0.48,4.96,0.3,0.0,0.07,0.37,0.11,30.0,0.37,0.11,0.2,0.67,20.8,0.04,0.0,0.0,0.1,0.04,0.04,80.5,9.11,37.1,38.0,5.85,1.0,80.5,0.15,50.0,0.11,37.5,48.8,0.04,0.74,0.22,54.5,2.0,0.78,1.15,2.0,0.78,70.0,0.33,1.19,0.67,0.93,2.93,3.78,0.11,1.07,1.07,0.04,0.0,0.04,0.0,0.04,0.0,0.0,0.0,0.04,0.0,0.04,0.0,0.04,0.0,0.0,0.96,1.3,0.07,0.11,0.93,1.15,0.0,0.0,0.04,5.22,1.59,60.6,,,,,,,,,,,,,,,,,,,,,,,,,,,,,Sean Zawadzki,"DF,MF",Columbus Crew,25-227,Sean Zawadzki,Standard,2027,Sean Zawadzki,2025.0,400000.0,446875.0,0.002592592592592593,0.0,0.0014814814814814814,0.030000000000000006,5.48,2.93,DF,Standard,0,DF
9231197280,1,2025,21,16,1532,17.0,0.0,0.12,0.12,0.0,0.0,0.0,0.18,0.0,0.12,0.12,0.06,0.18,0.0,2.59,0.35,0.0,0.12,0.12,0.0,0.12,0.12,0.07,0.18,0.12,0.18,17.0,54.5,19.0,31.4,3.76,60.1,20.2,32.7,6.29,90.6,94.2,95.9,59.8,1006.5,425.9,54.5,19.0,31.4,3.76,60.1,20.2,32.7,6.29,90.6,94.2,95.9,59.8,54.5,19.0,31.4,3.76,60.1,20.2,32.7,6.29,90.6,94.2,95.9,59.8,54.5,19.0,31.4,3.76,60.1,20.2,32.7,6.29,90.6,94.2,95.9,59.8,0.12,0.02,0.05,0.47,3.0,0.12,0.0,0.0,1.41,0.24,16.7,1.41,0.23,0.0,0.0,10.3,0.0,0.0,0.0,0.08,-0.12,-0.12,72.4,12.3,42.1,27.5,2.82,1.94,72.4,0.0,,0.0,,41.6,0.0,0.53,0.18,49.8,1.35,0.65,0.82,1.35,0.65,68.8,0.29,1.0,0.24,1.35,2.71,5.88,0.12,1.41,1.41,0.0,0.0,0.06,0.0,0.0,0.0,0.12,0.12,0.0,0.0,0.06,0.0,0.0,0.0,0.0,1.0,0.76,0.0,0.12,1.35,0.82,0.06,0.06,0.0,3.59,2.29,76.5,,,,,,,,,,,,,,,,,,,,,,,,,,,,,Walker Zimmerman,DF,Nashville SC,32-199,Walker Zimmerman,Designated Player,2025,Walker Zimmerman,2025.0,3200000.0,3456979.0,0.0,0.007058823529411764,0.007058823529411764,-0.12,2.59,2.7,DF,DP,0,DF
9092904016,1,2025,19,17,1568,17.4,0.0,0.0,0.0,0.0,0.0,0.0,0.23,0.0,0.02,0.02,0.01,0.02,0.17,2.36,0.0,0.0,0.0,0.0,0.0,0.0,0.02,0.0,0.02,0.02,0.02,17.4,43.6,15.3,24.3,3.56,49.5,16.4,26.4,5.98,88.2,93.7,92.2,59.6,823.9,346.8,43.6,15.3,24.3,3.56,49.5,16.4,26.4,5.98,88.2,93.7,92.2,59.6,43.6,15.3,24.3,3.56,49.5,16.4,26.4,5.98,88.2,93.7,92.2,59.6,43.6,15.3,24.3,3.56,49.5,16.4,26.4,5.98,88.2,93.7,92.2,59.6,0.0,0.02,-0.01,0.17,2.41,0.11,0.06,0.0,0.34,0.06,16.7,0.34,0.06,0.0,0.0,13.7,0.0,0.0,0.0,0.06,-0.02,-0.02,61.1,6.55,29.8,29.3,2.47,0.69,61.1,0.17,60.0,0.06,20.0,35.3,0.0,0.17,0.17,38.3,1.38,0.69,0.69,1.38,0.69,57.1,0.52,1.09,0.46,2.07,3.45,5.86,0.0,0.75,0.75,0.0,0.0,0.0,0.0,0.06,0.0,0.0,0.0,0.0,0.0,0.0,0.0,0.06,0.0,0.0,0.98,0.57,0.06,0.11,2.07,0.69,0.0,0.0,0.0,3.16,1.9,62.3,,,,,,,,,,,,,,,,,,,,,,,,,,,,,Dario Župarić,DF,Portland Timbers,33-215,,,,Dario Župarić,2025.0,735000.0,907950.0,0.0,0.0,0.001149425287356322,-0.02,2.53,3.4499999999999997,DF,Unknown,0,DF
5979333557,1,2025,4,4,323,3.6,0.0,0.0,0.0,0.0,0.0,0.0,0.56,0.0,0.0,0.0,0.0,0.0,0.0,1.67,0.28,0.0,0.0,0.0,0.0,0.0,0.0,0.0,0.0,0.0,0.0,3.6,30.3,7.78,19.4,3.06,37.2,8.89,21.7,5.56,81.3,87.5,89.7,55.0,631.7,213.3,30.3,7.78,19.4,3.06,37.2,8.89,21.7,5.56,81.3,87.5,89.7,55.0,30.3,7.78,19.4,3.06,37.2,8.89,21.7,5.56,81.3,87.5,89.7,55.0,30.3,7.78,19.4,3.06,37.2,8.89,21.7,5.56,81.3,87.5,89.7,55.0,0.0,0.0,0.0,0.0,1.39,0.0,0.0,0.0,0.0,0.0,,0.0,0.0,,,,0.0,0.0,0.0,,0.0,0.0,46.1,7.22,32.8,12.8,0.56,0.28,46.1,0.0,0.0,0.28,100.0,27.5,0.0,0.0,0.28,32.2,0.28,0.0,0.28,0.28,0.0,0.0,0.28,1.94,1.39,0.28,0.56,5.0,0.0,0.0,0.0,0.0,0.0,0.0,0.0,0.0,0.0,0.0,0.0,0.0,0.0,0.0,0.0,0.0,0.0,0.0,1.11,0.28,0.28,0.0,0.28,0.28,0.0,0.0,0.0,1.94,0.83,60.0,,,,,,,,,,,,,,,,,,,,,,,,,,,,,Mateja Đorđević,DF,Austin,22-321,,,,,,,,0.0,0.0,0.0,0.0,1.67,0.56,DF,Unknown,0,DF
